neighbor_index,distance,flip_i,flip_j,weight,profit,feasible,reason,comparison
1,1,0,,23025,25655,0,CAPACITY_EXCEEDED,INVALID
2,1,1,,23761,26416,0,CAPACITY_EXCEEDED,INVALID
3,1,2,,22671,25421,1,FEASIBLE,WORSE
4,1,3,,22093,24805,1,FEASIBLE,WORSE
5,1,4,,22712,25386,1,FEASIBLE,WORSE
6,1,5,,23046,25743,0,CAPACITY_EXCEEDED,INVALID
7,1,6,,21798,24432,1,FEASIBLE,WORSE
8,1,7,,23008,25635,0,CAPACITY_EXCEEDED,INVALID
9,1,8,,22156,24816,1,FEASIBLE,WORSE
10,1,9,,23258,25927,0,CAPACITY_EXCEEDED,INVALID
11,1,10,,22344,24996,1,FEASIBLE,WORSE
12,1,11,,23293,25926,0,CAPACITY_EXCEEDED,INVALID
13,1,12,,22605,25239,1,FEASIBLE,WORSE
14,1,13,,21967,24642,1,FEASIBLE,WORSE
15,1,14,,22708,25336,1,FEASIBLE,WORSE
16,1,15,,22563,25274,1,FEASIBLE,WORSE
17,1,16,,22778,25503,1,FEASIBLE,WORSE
18,1,17,,22531,25164,1,FEASIBLE,WORSE
19,1,18,,23206,25921,0,CAPACITY_EXCEEDED,INVALID
20,1,19,,23701,26344,0,CAPACITY_EXCEEDED,INVALID
21,1,20,,22418,25124,1,FEASIBLE,WORSE
22,1,21,,22684,25412,1,FEASIBLE,WORSE
23,1,22,,22539,25271,1,FEASIBLE,WORSE
24,1,23,,23790,26448,0,CAPACITY_EXCEEDED,INVALID
25,1,24,,22862,25546,0,CAPACITY_EXCEEDED,INVALID
26,1,25,,22177,24888,1,FEASIBLE,WORSE
27,1,26,,23176,25893,0,CAPACITY_EXCEEDED,INVALID
28,1,27,,23459,26111,0,CAPACITY_EXCEEDED,INVALID
29,1,28,,23137,25852,0,CAPACITY_EXCEEDED,INVALID
30,1,29,,22106,24788,1,FEASIBLE,WORSE
31,1,30,,22300,24984,1,FEASIBLE,WORSE
32,1,31,,23448,26169,0,CAPACITY_EXCEEDED,INVALID
33,1,32,,23700,26406,0,CAPACITY_EXCEEDED,INVALID
34,1,33,,23380,26079,0,CAPACITY_EXCEEDED,INVALID
35,1,34,,22941,25613,0,CAPACITY_EXCEEDED,INVALID
36,1,35,,22863,25558,0,CAPACITY_EXCEEDED,INVALID
37,1,36,,23745,26461,0,CAPACITY_EXCEEDED,INVALID
38,1,37,,23287,25935,0,CAPACITY_EXCEEDED,INVALID
39,1,38,,22604,25286,1,FEASIBLE,WORSE
40,1,39,,21851,24536,1,FEASIBLE,WORSE
41,1,40,,22219,24924,1,FEASIBLE,WORSE
42,1,41,,23527,26158,0,CAPACITY_EXCEEDED,INVALID
43,1,42,,23679,26379,0,CAPACITY_EXCEEDED,INVALID
44,1,43,,23084,25797,0,CAPACITY_EXCEEDED,INVALID
45,1,44,,23155,25800,0,CAPACITY_EXCEEDED,INVALID
46,1,45,,21919,24552,1,FEASIBLE,WORSE
47,1,46,,22663,25339,1,FEASIBLE,WORSE
48,1,47,,23563,26291,0,CAPACITY_EXCEEDED,INVALID
49,1,48,,22700,25385,1,FEASIBLE,WORSE
50,1,49,,23489,26156,0,CAPACITY_EXCEEDED,INVALID
51,1,50,,23501,26174,0,CAPACITY_EXCEEDED,INVALID
52,1,51,,23748,26480,0,CAPACITY_EXCEEDED,INVALID
53,1,52,,21954,24632,1,FEASIBLE,WORSE
54,1,53,,22294,24991,1,FEASIBLE,WORSE
55,1,54,,22996,25624,0,CAPACITY_EXCEEDED,INVALID
56,1,55,,22647,25351,1,FEASIBLE,WORSE
57,1,56,,22269,24914,1,FEASIBLE,WORSE
58,1,57,,22288,24966,1,FEASIBLE,WORSE
59,1,58,,22726,25365,1,FEASIBLE,WORSE
60,1,59,,21894,24524,1,FEASIBLE,WORSE
61,1,60,,23306,25977,0,CAPACITY_EXCEEDED,INVALID
62,1,61,,23500,26186,0,CAPACITY_EXCEEDED,INVALID
63,1,62,,22578,25295,1,FEASIBLE,WORSE
64,1,63,,22554,25185,1,FEASIBLE,WORSE
65,1,64,,22786,25483,1,FEASIBLE,WORSE
66,1,65,,22454,25092,1,FEASIBLE,WORSE
67,1,66,,22531,25188,1,FEASIBLE,WORSE
68,1,67,,22374,25098,1,FEASIBLE,WORSE
69,1,68,,22421,25123,1,FEASIBLE,WORSE
70,1,69,,21963,24598,1,FEASIBLE,WORSE
71,1,70,,21906,24576,1,FEASIBLE,WORSE
72,1,71,,22974,25660,0,CAPACITY_EXCEEDED,INVALID
73,1,72,,22401,25059,1,FEASIBLE,WORSE
74,1,73,,22965,25631,0,CAPACITY_EXCEEDED,INVALID
75,1,74,,23462,26163,0,CAPACITY_EXCEEDED,INVALID
76,1,75,,21823,24458,1,FEASIBLE,WORSE
77,1,76,,22596,25253,1,FEASIBLE,WORSE
78,1,77,,23565,26254,0,CAPACITY_EXCEEDED,INVALID
79,1,78,,23099,25784,0,CAPACITY_EXCEEDED,INVALID
80,1,79,,22784,25455,1,FEASIBLE,WORSE
81,1,80,,22033,24691,1,FEASIBLE,WORSE
82,1,81,,22456,25146,1,FEASIBLE,WORSE
83,1,82,,22627,25266,1,FEASIBLE,WORSE
84,1,83,,22362,25043,1,FEASIBLE,WORSE
85,1,84,,22566,25228,1,FEASIBLE,WORSE
86,1,85,,22387,25093,1,FEASIBLE,WORSE
87,1,86,,23245,25944,0,CAPACITY_EXCEEDED,INVALID
88,1,87,,23216,25928,0,CAPACITY_EXCEEDED,INVALID
89,1,88,,23387,26112,0,CAPACITY_EXCEEDED,INVALID
90,1,89,,22509,25230,1,FEASIBLE,WORSE
91,1,90,,22702,25360,1,FEASIBLE,WORSE
92,1,91,,22884,25576,0,CAPACITY_EXCEEDED,INVALID
93,1,92,,22905,25545,0,CAPACITY_EXCEEDED,INVALID
94,1,93,,22277,24957,1,FEASIBLE,WORSE
95,1,94,,23159,25840,0,CAPACITY_EXCEEDED,INVALID
96,1,95,,23606,26317,0,CAPACITY_EXCEEDED,INVALID
97,1,96,,23303,25953,0,CAPACITY_EXCEEDED,INVALID
98,1,97,,22089,24750,1,FEASIBLE,WORSE
99,1,98,,23779,26461,0,CAPACITY_EXCEEDED,INVALID
100,1,99,,22735,25477,1,FEASIBLE,WORSE
101,2,0,1,23988,26546,0,CAPACITY_EXCEEDED,INVALID
102,2,0,2,22898,25551,0,CAPACITY_EXCEEDED,INVALID
103,2,0,3,22320,24935,1,FEASIBLE,WORSE
104,2,0,4,22939,25516,0,CAPACITY_EXCEEDED,INVALID
105,2,0,5,23273,25873,0,CAPACITY_EXCEEDED,INVALID
106,2,0,6,22025,24562,1,FEASIBLE,WORSE
107,2,0,7,23235,25765,0,CAPACITY_EXCEEDED,INVALID
108,2,0,8,22383,24946,1,FEASIBLE,WORSE
109,2,0,9,23485,26057,0,CAPACITY_EXCEEDED,INVALID
110,2,0,10,22571,25126,1,FEASIBLE,WORSE
111,2,0,11,23520,26056,0,CAPACITY_EXCEEDED,INVALID
112,2,0,12,22832,25369,0,CAPACITY_EXCEEDED,INVALID
113,2,0,13,22194,24772,1,FEASIBLE,WORSE
114,2,0,14,22935,25466,0,CAPACITY_EXCEEDED,INVALID
115,2,0,15,22790,25404,1,FEASIBLE,WORSE
116,2,0,16,23005,25633,0,CAPACITY_EXCEEDED,INVALID
117,2,0,17,22758,25294,1,FEASIBLE,WORSE
118,2,0,18,23433,26051,0,CAPACITY_EXCEEDED,INVALID
119,2,0,19,23928,26474,0,CAPACITY_EXCEEDED,INVALID
120,2,0,20,22645,25254,1,FEASIBLE,WORSE
121,2,0,21,22911,25542,0,CAPACITY_EXCEEDED,INVALID
122,2,0,22,22766,25401,1,FEASIBLE,WORSE
123,2,0,23,24017,26578,0,CAPACITY_EXCEEDED,INVALID
124,2,0,24,23089,25676,0,CAPACITY_EXCEEDED,INVALID
125,2,0,25,22404,25018,1,FEASIBLE,WORSE
126,2,0,26,23403,26023,0,CAPACITY_EXCEEDED,INVALID
127,2,0,27,23686,26241,0,CAPACITY_EXCEEDED,INVALID
128,2,0,28,23364,25982,0,CAPACITY_EXCEEDED,INVALID
129,2,0,29,22333,24918,1,FEASIBLE,WORSE
130,2,0,30,22527,25114,1,FEASIBLE,WORSE
131,2,0,31,23675,26299,0,CAPACITY_EXCEEDED,INVALID
132,2,0,32,23927,26536,0,CAPACITY_EXCEEDED,INVALID
133,2,0,33,23607,26209,0,CAPACITY_EXCEEDED,INVALID
134,2,0,34,23168,25743,0,CAPACITY_EXCEEDED,INVALID
135,2,0,35,23090,25688,0,CAPACITY_EXCEEDED,INVALID
136,2,0,36,23972,26591,0,CAPACITY_EXCEEDED,INVALID
137,2,0,37,23514,26065,0,CAPACITY_EXCEEDED,INVALID
138,2,0,38,22831,25416,0,CAPACITY_EXCEEDED,INVALID
139,2,0,39,22078,24666,1,FEASIBLE,WORSE
140,2,0,40,22446,25054,1,FEASIBLE,WORSE
141,2,0,41,23754,26288,0,CAPACITY_EXCEEDED,INVALID
142,2,0,42,23906,26509,0,CAPACITY_EXCEEDED,INVALID
143,2,0,43,23311,25927,0,CAPACITY_EXCEEDED,INVALID
144,2,0,44,23382,25930,0,CAPACITY_EXCEEDED,INVALID
145,2,0,45,22146,24682,1,FEASIBLE,WORSE
146,2,0,46,22890,25469,0,CAPACITY_EXCEEDED,INVALID
147,2,0,47,23790,26421,0,CAPACITY_EXCEEDED,INVALID
148,2,0,48,22927,25515,0,CAPACITY_EXCEEDED,INVALID
149,2,0,49,23716,26286,0,CAPACITY_EXCEEDED,INVALID
150,2,0,50,23728,26304,0,CAPACITY_EXCEEDED,INVALID
151,2,0,51,23975,26610,0,CAPACITY_EXCEEDED,INVALID
152,2,0,52,22181,24762,1,FEASIBLE,WORSE
153,2,0,53,22521,25121,1,FEASIBLE,WORSE
154,2,0,54,23223,25754,0,CAPACITY_EXCEEDED,INVALID
155,2,0,55,22874,25481,0,CAPACITY_EXCEEDED,INVALID
156,2,0,56,22496,25044,1,FEASIBLE,WORSE
157,2,0,57,22515,25096,1,FEASIBLE,WORSE
158,2,0,58,22953,25495,0,CAPACITY_EXCEEDED,INVALID
159,2,0,59,22121,24654,1,FEASIBLE,WORSE
160,2,0,60,23533,26107,0,CAPACITY_EXCEEDED,INVALID
161,2,0,61,23727,26316,0,CAPACITY_EXCEEDED,INVALID
162,2,0,62,22805,25425,1,FEASIBLE,WORSE
163,2,0,63,22781,25315,1,FEASIBLE,WORSE
164,2,0,64,23013,25613,0,CAPACITY_EXCEEDED,INVALID
165,2,0,65,22681,25222,1,FEASIBLE,WORSE
166,2,0,66,22758,25318,1,FEASIBLE,WORSE
167,2,0,67,22601,25228,1,FEASIBLE,WORSE
168,2,0,68,22648,25253,1,FEASIBLE,WORSE
169,2,0,69,22190,24728,1,FEASIBLE,WORSE
170,2,0,70,22133,24706,1,FEASIBLE,WORSE
171,2,0,71,23201,25790,0,CAPACITY_EXCEEDED,INVALID
172,2,0,72,22628,25189,1,FEASIBLE,WORSE
173,2,0,73,23192,25761,0,CAPACITY_EXCEEDED,INVALID
174,2,0,74,23689,26293,0,CAPACITY_EXCEEDED,INVALID
175,2,0,75,22050,24588,1,FEASIBLE,WORSE
176,2,0,76,22823,25383,0,CAPACITY_EXCEEDED,INVALID
177,2,0,77,23792,26384,0,CAPACITY_EXCEEDED,INVALID
178,2,0,78,23326,25914,0,CAPACITY_EXCEEDED,INVALID
179,2,0,79,23011,25585,0,CAPACITY_EXCEEDED,INVALID
180,2,0,80,22260,24821,1,FEASIBLE,WORSE
181,2,0,81,22683,25276,1,FEASIBLE,WORSE
182,2,0,82,22854,25396,0,CAPACITY_EXCEEDED,INVALID
183,2,0,83,22589,25173,1,FEASIBLE,WORSE
184,2,0,84,22793,25358,1,FEASIBLE,WORSE
185,2,0,85,22614,25223,1,FEASIBLE,WORSE
186,2,0,86,23472,26074,0,CAPACITY_EXCEEDED,INVALID
187,2,0,87,23443,26058,0,CAPACITY_EXCEEDED,INVALID
188,2,0,88,23614,26242,0,CAPACITY_EXCEEDED,INVALID
189,2,0,89,22736,25360,1,FEASIBLE,WORSE
190,2,0,90,22929,25490,0,CAPACITY_EXCEEDED,INVALID
191,2,0,91,23111,25706,0,CAPACITY_EXCEEDED,INVALID
192,2,0,92,23132,25675,0,CAPACITY_EXCEEDED,INVALID
193,2,0,93,22504,25087,1,FEASIBLE,WORSE
194,2,0,94,23386,25970,0,CAPACITY_EXCEEDED,INVALID
195,2,0,95,23833,26447,0,CAPACITY_EXCEEDED,INVALID
196,2,0,96,23530,26083,0,CAPACITY_EXCEEDED,INVALID
197,2,0,97,22316,24880,1,FEASIBLE,WORSE
198,2,0,98,24006,26591,0,CAPACITY_EXCEEDED,INVALID
199,2,0,99,22962,25607,0,CAPACITY_EXCEEDED,INVALID
200,2,1,2,23634,26312,0,CAPACITY_EXCEEDED,INVALID
201,2,1,3,23056,25696,0,CAPACITY_EXCEEDED,INVALID
202,2,1,4,23675,26277,0,CAPACITY_EXCEEDED,INVALID
203,2,1,5,24009,26634,0,CAPACITY_EXCEEDED,INVALID
204,2,1,6,22761,25323,1,FEASIBLE,WORSE
205,2,1,7,23971,26526,0,CAPACITY_EXCEEDED,INVALID
206,2,1,8,23119,25707,0,CAPACITY_EXCEEDED,INVALID
207,2,1,9,24221,26818,0,CAPACITY_EXCEEDED,INVALID
208,2,1,10,23307,25887,0,CAPACITY_EXCEEDED,INVALID
209,2,1,11,24256,26817,0,CAPACITY_EXCEEDED,INVALID
210,2,1,12,23568,26130,0,CAPACITY_EXCEEDED,INVALID
211,2,1,13,22930,25533,0,CAPACITY_EXCEEDED,INVALID
212,2,1,14,23671,26227,0,CAPACITY_EXCEEDED,INVALID
213,2,1,15,23526,26165,0,CAPACITY_EXCEEDED,INVALID
214,2,1,16,23741,26394,0,CAPACITY_EXCEEDED,INVALID
215,2,1,17,23494,26055,0,CAPACITY_EXCEEDED,INVALID
216,2,1,18,24169,26812,0,CAPACITY_EXCEEDED,INVALID
217,2,1,19,24664,27235,0,CAPACITY_EXCEEDED,INVALID
218,2,1,20,23381,26015,0,CAPACITY_EXCEEDED,INVALID
219,2,1,21,23647,26303,0,CAPACITY_EXCEEDED,INVALID
220,2,1,22,23502,26162,0,CAPACITY_EXCEEDED,INVALID
221,2,1,23,24753,27339,0,CAPACITY_EXCEEDED,INVALID
222,2,1,24,23825,26437,0,CAPACITY_EXCEEDED,INVALID
223,2,1,25,23140,25779,0,CAPACITY_EXCEEDED,INVALID
224,2,1,26,24139,26784,0,CAPACITY_EXCEEDED,INVALID
225,2,1,27,24422,27002,0,CAPACITY_EXCEEDED,INVALID
226,2,1,28,24100,26743,0,CAPACITY_EXCEEDED,INVALID
227,2,1,29,23069,25679,0,CAPACITY_EXCEEDED,INVALID
228,2,1,30,23263,25875,0,CAPACITY_EXCEEDED,INVALID
229,2,1,31,24411,27060,0,CAPACITY_EXCEEDED,INVALID
230,2,1,32,24663,27297,0,CAPACITY_EXCEEDED,INVALID
231,2,1,33,24343,26970,0,CAPACITY_EXCEEDED,INVALID
232,2,1,34,23904,26504,0,CAPACITY_EXCEEDED,INVALID
233,2,1,35,23826,26449,0,CAPACITY_EXCEEDED,INVALID
234,2,1,36,24708,27352,0,CAPACITY_EXCEEDED,INVALID
235,2,1,37,24250,26826,0,CAPACITY_EXCEEDED,INVALID
236,2,1,38,23567,26177,0,CAPACITY_EXCEEDED,INVALID
237,2,1,39,22814,25427,0,CAPACITY_EXCEEDED,INVALID
238,2,1,40,23182,25815,0,CAPACITY_EXCEEDED,INVALID
239,2,1,41,24490,27049,0,CAPACITY_EXCEEDED,INVALID
240,2,1,42,24642,27270,0,CAPACITY_EXCEEDED,INVALID
241,2,1,43,24047,26688,0,CAPACITY_EXCEEDED,INVALID
242,2,1,44,24118,26691,0,CAPACITY_EXCEEDED,INVALID
243,2,1,45,22882,25443,0,CAPACITY_EXCEEDED,INVALID
244,2,1,46,23626,26230,0,CAPACITY_EXCEEDED,INVALID
245,2,1,47,24526,27182,0,CAPACITY_EXCEEDED,INVALID
246,2,1,48,23663,26276,0,CAPACITY_EXCEEDED,INVALID
247,2,1,49,24452,27047,0,CAPACITY_EXCEEDED,INVALID
248,2,1,50,24464,27065,0,CAPACITY_EXCEEDED,INVALID
249,2,1,51,24711,27371,0,CAPACITY_EXCEEDED,INVALID
250,2,1,52,22917,25523,0,CAPACITY_EXCEEDED,INVALID
251,2,1,53,23257,25882,0,CAPACITY_EXCEEDED,INVALID
252,2,1,54,23959,26515,0,CAPACITY_EXCEEDED,INVALID
253,2,1,55,23610,26242,0,CAPACITY_EXCEEDED,INVALID
254,2,1,56,23232,25805,0,CAPACITY_EXCEEDED,INVALID
255,2,1,57,23251,25857,0,CAPACITY_EXCEEDED,INVALID
256,2,1,58,23689,26256,0,CAPACITY_EXCEEDED,INVALID
257,2,1,59,22857,25415,0,CAPACITY_EXCEEDED,INVALID
258,2,1,60,24269,26868,0,CAPACITY_EXCEEDED,INVALID
259,2,1,61,24463,27077,0,CAPACITY_EXCEEDED,INVALID
260,2,1,62,23541,26186,0,CAPACITY_EXCEEDED,INVALID
261,2,1,63,23517,26076,0,CAPACITY_EXCEEDED,INVALID
262,2,1,64,23749,26374,0,CAPACITY_EXCEEDED,INVALID
263,2,1,65,23417,25983,0,CAPACITY_EXCEEDED,INVALID
264,2,1,66,23494,26079,0,CAPACITY_EXCEEDED,INVALID
265,2,1,67,23337,25989,0,CAPACITY_EXCEEDED,INVALID
266,2,1,68,23384,26014,0,CAPACITY_EXCEEDED,INVALID
267,2,1,69,22926,25489,0,CAPACITY_EXCEEDED,INVALID
268,2,1,70,22869,25467,0,CAPACITY_EXCEEDED,INVALID
269,2,1,71,23937,26551,0,CAPACITY_EXCEEDED,INVALID
270,2,1,72,23364,25950,0,CAPACITY_EXCEEDED,INVALID
271,2,1,73,23928,26522,0,CAPACITY_EXCEEDED,INVALID
272,2,1,74,24425,27054,0,CAPACITY_EXCEEDED,INVALID
273,2,1,75,22786,25349,1,FEASIBLE,WORSE
274,2,1,76,23559,26144,0,CAPACITY_EXCEEDED,INVALID
275,2,1,77,24528,27145,0,CAPACITY_EXCEEDED,INVALID
276,2,1,78,24062,26675,0,CAPACITY_EXCEEDED,INVALID
277,2,1,79,23747,26346,0,CAPACITY_EXCEEDED,INVALID
278,2,1,80,22996,25582,0,CAPACITY_EXCEEDED,INVALID
279,2,1,81,23419,26037,0,CAPACITY_EXCEEDED,INVALID
280,2,1,82,23590,26157,0,CAPACITY_EXCEEDED,INVALID
281,2,1,83,23325,25934,0,CAPACITY_EXCEEDED,INVALID
282,2,1,84,23529,26119,0,CAPACITY_EXCEEDED,INVALID
283,2,1,85,23350,25984,0,CAPACITY_EXCEEDED,INVALID
284,2,1,86,24208,26835,0,CAPACITY_EXCEEDED,INVALID
285,2,1,87,24179,26819,0,CAPACITY_EXCEEDED,INVALID
286,2,1,88,24350,27003,0,CAPACITY_EXCEEDED,INVALID
287,2,1,89,23472,26121,0,CAPACITY_EXCEEDED,INVALID
288,2,1,90,23665,26251,0,CAPACITY_EXCEEDED,INVALID
289,2,1,91,23847,26467,0,CAPACITY_EXCEEDED,INVALID
290,2,1,92,23868,26436,0,CAPACITY_EXCEEDED,INVALID
291,2,1,93,23240,25848,0,CAPACITY_EXCEEDED,INVALID
292,2,1,94,24122,26731,0,CAPACITY_EXCEEDED,INVALID
293,2,1,95,24569,27208,0,CAPACITY_EXCEEDED,INVALID
294,2,1,96,24266,26844,0,CAPACITY_EXCEEDED,INVALID
295,2,1,97,23052,25641,0,CAPACITY_EXCEEDED,INVALID
296,2,1,98,24742,27352,0,CAPACITY_EXCEEDED,INVALID
297,2,1,99,23698,26368,0,CAPACITY_EXCEEDED,INVALID
298,2,2,3,21966,24701,1,FEASIBLE,WORSE
299,2,2,4,22585,25282,1,FEASIBLE,WORSE
300,2,2,5,22919,25639,0,CAPACITY_EXCEEDED,INVALID
301,2,2,6,21671,24328,1,FEASIBLE,WORSE
302,2,2,7,22881,25531,0,CAPACITY_EXCEEDED,INVALID
303,2,2,8,22029,24712,1,FEASIBLE,WORSE
304,2,2,9,23131,25823,0,CAPACITY_EXCEEDED,INVALID
305,2,2,10,22217,24892,1,FEASIBLE,WORSE
306,2,2,11,23166,25822,0,CAPACITY_EXCEEDED,INVALID
307,2,2,12,22478,25135,1,FEASIBLE,WORSE
308,2,2,13,21840,24538,1,FEASIBLE,WORSE
309,2,2,14,22581,25232,1,FEASIBLE,WORSE
310,2,2,15,22436,25170,1,FEASIBLE,WORSE
311,2,2,16,22651,25399,1,FEASIBLE,WORSE
312,2,2,17,22404,25060,1,FEASIBLE,WORSE
313,2,2,18,23079,25817,0,CAPACITY_EXCEEDED,INVALID
314,2,2,19,23574,26240,0,CAPACITY_EXCEEDED,INVALID
315,2,2,20,22291,25020,1,FEASIBLE,WORSE
316,2,2,21,22557,25308,1,FEASIBLE,WORSE
317,2,2,22,22412,25167,1,FEASIBLE,WORSE
318,2,2,23,23663,26344,0,CAPACITY_EXCEEDED,INVALID
319,2,2,24,22735,25442,1,FEASIBLE,WORSE
320,2,2,25,22050,24784,1,FEASIBLE,WORSE
321,2,2,26,23049,25789,0,CAPACITY_EXCEEDED,INVALID
322,2,2,27,23332,26007,0,CAPACITY_EXCEEDED,INVALID
323,2,2,28,23010,25748,0,CAPACITY_EXCEEDED,INVALID
324,2,2,29,21979,24684,1,FEASIBLE,WORSE
325,2,2,30,22173,24880,1,FEASIBLE,WORSE
326,2,2,31,23321,26065,0,CAPACITY_EXCEEDED,INVALID
327,2,2,32,23573,26302,0,CAPACITY_EXCEEDED,INVALID
328,2,2,33,23253,25975,0,CAPACITY_EXCEEDED,INVALID
329,2,2,34,22814,25509,0,CAPACITY_EXCEEDED,INVALID
330,2,2,35,22736,25454,1,FEASIBLE,WORSE
331,2,2,36,23618,26357,0,CAPACITY_EXCEEDED,INVALID
332,2,2,37,23160,25831,0,CAPACITY_EXCEEDED,INVALID
333,2,2,38,22477,25182,1,FEASIBLE,WORSE
334,2,2,39,21724,24432,1,FEASIBLE,WORSE
335,2,2,40,22092,24820,1,FEASIBLE,WORSE
336,2,2,41,23400,26054,0,CAPACITY_EXCEEDED,INVALID
337,2,2,42,23552,26275,0,CAPACITY_EXCEEDED,INVALID
338,2,2,43,22957,25693,0,CAPACITY_EXCEEDED,INVALID
339,2,2,44,23028,25696,0,CAPACITY_EXCEEDED,INVALID
340,2,2,45,21792,24448,1,FEASIBLE,WORSE
341,2,2,46,22536,25235,1,FEASIBLE,WORSE
342,2,2,47,23436,26187,0,CAPACITY_EXCEEDED,INVALID
343,2,2,48,22573,25281,1,FEASIBLE,WORSE
344,2,2,49,23362,26052,0,CAPACITY_EXCEEDED,INVALID
345,2,2,50,23374,26070,0,CAPACITY_EXCEEDED,INVALID
346,2,2,51,23621,26376,0,CAPACITY_EXCEEDED,INVALID
347,2,2,52,21827,24528,1,FEASIBLE,WORSE
348,2,2,53,22167,24887,1,FEASIBLE,WORSE
349,2,2,54,22869,25520,0,CAPACITY_EXCEEDED,INVALID
350,2,2,55,22520,25247,1,FEASIBLE,WORSE
351,2,2,56,22142,24810,1,FEASIBLE,WORSE
352,2,2,57,22161,24862,1,FEASIBLE,WORSE
353,2,2,58,22599,25261,1,FEASIBLE,WORSE
354,2,2,59,21767,24420,1,FEASIBLE,WORSE
355,2,2,60,23179,25873,0,CAPACITY_EXCEEDED,INVALID
356,2,2,61,23373,26082,0,CAPACITY_EXCEEDED,INVALID
357,2,2,62,22451,25191,1,FEASIBLE,WORSE
358,2,2,63,22427,25081,1,FEASIBLE,WORSE
359,2,2,64,22659,25379,1,FEASIBLE,WORSE
360,2,2,65,22327,24988,1,FEASIBLE,WORSE
361,2,2,66,22404,25084,1,FEASIBLE,WORSE
362,2,2,67,22247,24994,1,FEASIBLE,WORSE
363,2,2,68,22294,25019,1,FEASIBLE,WORSE
364,2,2,69,21836,24494,1,FEASIBLE,WORSE
365,2,2,70,21779,24472,1,FEASIBLE,WORSE
366,2,2,71,22847,25556,0,CAPACITY_EXCEEDED,INVALID
367,2,2,72,22274,24955,1,FEASIBLE,WORSE
368,2,2,73,22838,25527,0,CAPACITY_EXCEEDED,INVALID
369,2,2,74,23335,26059,0,CAPACITY_EXCEEDED,INVALID
370,2,2,75,21696,24354,1,FEASIBLE,WORSE
371,2,2,76,22469,25149,1,FEASIBLE,WORSE
372,2,2,77,23438,26150,0,CAPACITY_EXCEEDED,INVALID
373,2,2,78,22972,25680,0,CAPACITY_EXCEEDED,INVALID
374,2,2,79,22657,25351,1,FEASIBLE,WORSE
375,2,2,80,21906,24587,1,FEASIBLE,WORSE
376,2,2,81,22329,25042,1,FEASIBLE,WORSE
377,2,2,82,22500,25162,1,FEASIBLE,WORSE
378,2,2,83,22235,24939,1,FEASIBLE,WORSE
379,2,2,84,22439,25124,1,FEASIBLE,WORSE
380,2,2,85,22260,24989,1,FEASIBLE,WORSE
381,2,2,86,23118,25840,0,CAPACITY_EXCEEDED,INVALID
382,2,2,87,23089,25824,0,CAPACITY_EXCEEDED,INVALID
383,2,2,88,23260,26008,0,CAPACITY_EXCEEDED,INVALID
384,2,2,89,22382,25126,1,FEASIBLE,WORSE
385,2,2,90,22575,25256,1,FEASIBLE,WORSE
386,2,2,91,22757,25472,1,FEASIBLE,WORSE
387,2,2,92,22778,25441,1,FEASIBLE,WORSE
388,2,2,93,22150,24853,1,FEASIBLE,WORSE
389,2,2,94,23032,25736,0,CAPACITY_EXCEEDED,INVALID
390,2,2,95,23479,26213,0,CAPACITY_EXCEEDED,INVALID
391,2,2,96,23176,25849,0,CAPACITY_EXCEEDED,INVALID
392,2,2,97,21962,24646,1,FEASIBLE,WORSE
393,2,2,98,23652,26357,0,CAPACITY_EXCEEDED,INVALID
394,2,2,99,22608,25373,1,FEASIBLE,WORSE
395,2,3,4,22007,24666,1,FEASIBLE,WORSE
396,2,3,5,22341,25023,1,FEASIBLE,WORSE
397,2,3,6,21093,23712,1,FEASIBLE,WORSE
398,2,3,7,22303,24915,1,FEASIBLE,WORSE
399,2,3,8,21451,24096,1,FEASIBLE,WORSE
400,2,3,9,22553,25207,1,FEASIBLE,WORSE
401,2,3,10,21639,24276,1,FEASIBLE,WORSE
402,2,3,11,22588,25206,1,FEASIBLE,WORSE
403,2,3,12,21900,24519,1,FEASIBLE,WORSE
404,2,3,13,21262,23922,1,FEASIBLE,WORSE
405,2,3,14,22003,24616,1,FEASIBLE,WORSE
406,2,3,15,21858,24554,1,FEASIBLE,WORSE
407,2,3,16,22073,24783,1,FEASIBLE,WORSE
408,2,3,17,21826,24444,1,FEASIBLE,WORSE
409,2,3,18,22501,25201,1,FEASIBLE,WORSE
410,2,3,19,22996,25624,0,CAPACITY_EXCEEDED,INVALID
411,2,3,20,21713,24404,1,FEASIBLE,WORSE
412,2,3,21,21979,24692,1,FEASIBLE,WORSE
413,2,3,22,21834,24551,1,FEASIBLE,WORSE
414,2,3,23,23085,25728,0,CAPACITY_EXCEEDED,INVALID
415,2,3,24,22157,24826,1,FEASIBLE,WORSE
416,2,3,25,21472,24168,1,FEASIBLE,WORSE
417,2,3,26,22471,25173,1,FEASIBLE,WORSE
418,2,3,27,22754,25391,1,FEASIBLE,WORSE
419,2,3,28,22432,25132,1,FEASIBLE,WORSE
420,2,3,29,21401,24068,1,FEASIBLE,WORSE
421,2,3,30,21595,24264,1,FEASIBLE,WORSE
422,2,3,31,22743,25449,1,FEASIBLE,WORSE
423,2,3,32,22995,25686,0,CAPACITY_EXCEEDED,INVALID
424,2,3,33,22675,25359,1,FEASIBLE,WORSE
425,2,3,34,22236,24893,1,FEASIBLE,WORSE
426,2,3,35,22158,24838,1,FEASIBLE,WORSE
427,2,3,36,23040,25741,0,CAPACITY_EXCEEDED,INVALID
428,2,3,37,22582,25215,1,FEASIBLE,WORSE
429,2,3,38,21899,24566,1,FEASIBLE,WORSE
430,2,3,39,21146,23816,1,FEASIBLE,WORSE
431,2,3,40,21514,24204,1,FEASIBLE,WORSE
432,2,3,41,22822,25438,0,CAPACITY_EXCEEDED,INVALID
433,2,3,42,22974,25659,0,CAPACITY_EXCEEDED,INVALID
434,2,3,43,22379,25077,1,FEASIBLE,WORSE
435,2,3,44,22450,25080,1,FEASIBLE,WORSE
436,2,3,45,21214,23832,1,FEASIBLE,WORSE
437,2,3,46,21958,24619,1,FEASIBLE,WORSE
438,2,3,47,22858,25571,0,CAPACITY_EXCEEDED,INVALID
439,2,3,48,21995,24665,1,FEASIBLE,WORSE
440,2,3,49,22784,25436,1,FEASIBLE,WORSE
441,2,3,50,22796,25454,1,FEASIBLE,WORSE
442,2,3,51,23043,25760,0,CAPACITY_EXCEEDED,INVALID
443,2,3,52,21249,23912,1,FEASIBLE,WORSE
444,2,3,53,21589,24271,1,FEASIBLE,WORSE
445,2,3,54,22291,24904,1,FEASIBLE,WORSE
446,2,3,55,21942,24631,1,FEASIBLE,WORSE
447,2,3,56,21564,24194,1,FEASIBLE,WORSE
448,2,3,57,21583,24246,1,FEASIBLE,WORSE
449,2,3,58,22021,24645,1,FEASIBLE,WORSE
450,2,3,59,21189,23804,1,FEASIBLE,WORSE
451,2,3,60,22601,25257,1,FEASIBLE,WORSE
452,2,3,61,22795,25466,1,FEASIBLE,WORSE
453,2,3,62,21873,24575,1,FEASIBLE,WORSE
454,2,3,63,21849,24465,1,FEASIBLE,WORSE
455,2,3,64,22081,24763,1,FEASIBLE,WORSE
456,2,3,65,21749,24372,1,FEASIBLE,WORSE
457,2,3,66,21826,24468,1,FEASIBLE,WORSE
458,2,3,67,21669,24378,1,FEASIBLE,WORSE
459,2,3,68,21716,24403,1,FEASIBLE,WORSE
460,2,3,69,21258,23878,1,FEASIBLE,WORSE
461,2,3,70,21201,23856,1,FEASIBLE,WORSE
462,2,3,71,22269,24940,1,FEASIBLE,WORSE
463,2,3,72,21696,24339,1,FEASIBLE,WORSE
464,2,3,73,22260,24911,1,FEASIBLE,WORSE
465,2,3,74,22757,25443,1,FEASIBLE,WORSE
466,2,3,75,21118,23738,1,FEASIBLE,WORSE
467,2,3,76,21891,24533,1,FEASIBLE,WORSE
468,2,3,77,22860,25534,0,CAPACITY_EXCEEDED,INVALID
469,2,3,78,22394,25064,1,FEASIBLE,WORSE
470,2,3,79,22079,24735,1,FEASIBLE,WORSE
471,2,3,80,21328,23971,1,FEASIBLE,WORSE
472,2,3,81,21751,24426,1,FEASIBLE,WORSE
473,2,3,82,21922,24546,1,FEASIBLE,WORSE
474,2,3,83,21657,24323,1,FEASIBLE,WORSE
475,2,3,84,21861,24508,1,FEASIBLE,WORSE
476,2,3,85,21682,24373,1,FEASIBLE,WORSE
477,2,3,86,22540,25224,1,FEASIBLE,WORSE
478,2,3,87,22511,25208,1,FEASIBLE,WORSE
479,2,3,88,22682,25392,1,FEASIBLE,WORSE
480,2,3,89,21804,24510,1,FEASIBLE,WORSE
481,2,3,90,21997,24640,1,FEASIBLE,WORSE
482,2,3,91,22179,24856,1,FEASIBLE,WORSE
483,2,3,92,22200,24825,1,FEASIBLE,WORSE
484,2,3,93,21572,24237,1,FEASIBLE,WORSE
485,2,3,94,22454,25120,1,FEASIBLE,WORSE
486,2,3,95,22901,25597,0,CAPACITY_EXCEEDED,INVALID
487,2,3,96,22598,25233,1,FEASIBLE,WORSE
488,2,3,97,21384,24030,1,FEASIBLE,WORSE
489,2,3,98,23074,25741,0,CAPACITY_EXCEEDED,INVALID
490,2,3,99,22030,24757,1,FEASIBLE,WORSE
491,2,4,5,22960,25604,0,CAPACITY_EXCEEDED,INVALID
492,2,4,6,21712,24293,1,FEASIBLE,WORSE
493,2,4,7,22922,25496,0,CAPACITY_EXCEEDED,INVALID
494,2,4,8,22070,24677,1,FEASIBLE,WORSE
495,2,4,9,23172,25788,0,CAPACITY_EXCEEDED,INVALID
496,2,4,10,22258,24857,1,FEASIBLE,WORSE
497,2,4,11,23207,25787,0,CAPACITY_EXCEEDED,INVALID
498,2,4,12,22519,25100,1,FEASIBLE,WORSE
499,2,4,13,21881,24503,1,FEASIBLE,WORSE
500,2,4,14,22622,25197,1,FEASIBLE,WORSE
501,2,4,15,22477,25135,1,FEASIBLE,WORSE
502,2,4,16,22692,25364,1,FEASIBLE,WORSE
503,2,4,17,22445,25025,1,FEASIBLE,WORSE
504,2,4,18,23120,25782,0,CAPACITY_EXCEEDED,INVALID
505,2,4,19,23615,26205,0,CAPACITY_EXCEEDED,INVALID
506,2,4,20,22332,24985,1,FEASIBLE,WORSE
507,2,4,21,22598,25273,1,FEASIBLE,WORSE
508,2,4,22,22453,25132,1,FEASIBLE,WORSE
509,2,4,23,23704,26309,0,CAPACITY_EXCEEDED,INVALID
510,2,4,24,22776,25407,1,FEASIBLE,WORSE
511,2,4,25,22091,24749,1,FEASIBLE,WORSE
512,2,4,26,23090,25754,0,CAPACITY_EXCEEDED,INVALID
513,2,4,27,23373,25972,0,CAPACITY_EXCEEDED,INVALID
514,2,4,28,23051,25713,0,CAPACITY_EXCEEDED,INVALID
515,2,4,29,22020,24649,1,FEASIBLE,WORSE
516,2,4,30,22214,24845,1,FEASIBLE,WORSE
517,2,4,31,23362,26030,0,CAPACITY_EXCEEDED,INVALID
518,2,4,32,23614,26267,0,CAPACITY_EXCEEDED,INVALID
519,2,4,33,23294,25940,0,CAPACITY_EXCEEDED,INVALID
520,2,4,34,22855,25474,0,CAPACITY_EXCEEDED,INVALID
521,2,4,35,22777,25419,1,FEASIBLE,WORSE
522,2,4,36,23659,26322,0,CAPACITY_EXCEEDED,INVALID
523,2,4,37,23201,25796,0,CAPACITY_EXCEEDED,INVALID
524,2,4,38,22518,25147,1,FEASIBLE,WORSE
525,2,4,39,21765,24397,1,FEASIBLE,WORSE
526,2,4,40,22133,24785,1,FEASIBLE,WORSE
527,2,4,41,23441,26019,0,CAPACITY_EXCEEDED,INVALID
528,2,4,42,23593,26240,0,CAPACITY_EXCEEDED,INVALID
529,2,4,43,22998,25658,0,CAPACITY_EXCEEDED,INVALID
530,2,4,44,23069,25661,0,CAPACITY_EXCEEDED,INVALID
531,2,4,45,21833,24413,1,FEASIBLE,WORSE
532,2,4,46,22577,25200,1,FEASIBLE,WORSE
533,2,4,47,23477,26152,0,CAPACITY_EXCEEDED,INVALID
534,2,4,48,22614,25246,1,FEASIBLE,WORSE
535,2,4,49,23403,26017,0,CAPACITY_EXCEEDED,INVALID
536,2,4,50,23415,26035,0,CAPACITY_EXCEEDED,INVALID
537,2,4,51,23662,26341,0,CAPACITY_EXCEEDED,INVALID
538,2,4,52,21868,24493,1,FEASIBLE,WORSE
539,2,4,53,22208,24852,1,FEASIBLE,WORSE
540,2,4,54,22910,25485,0,CAPACITY_EXCEEDED,INVALID
541,2,4,55,22561,25212,1,FEASIBLE,WORSE
542,2,4,56,22183,24775,1,FEASIBLE,WORSE
543,2,4,57,22202,24827,1,FEASIBLE,WORSE
544,2,4,58,22640,25226,1,FEASIBLE,WORSE
545,2,4,59,21808,24385,1,FEASIBLE,WORSE
546,2,4,60,23220,25838,0,CAPACITY_EXCEEDED,INVALID
547,2,4,61,23414,26047,0,CAPACITY_EXCEEDED,INVALID
548,2,4,62,22492,25156,1,FEASIBLE,WORSE
549,2,4,63,22468,25046,1,FEASIBLE,WORSE
550,2,4,64,22700,25344,1,FEASIBLE,WORSE
551,2,4,65,22368,24953,1,FEASIBLE,WORSE
552,2,4,66,22445,25049,1,FEASIBLE,WORSE
553,2,4,67,22288,24959,1,FEASIBLE,WORSE
554,2,4,68,22335,24984,1,FEASIBLE,WORSE
555,2,4,69,21877,24459,1,FEASIBLE,WORSE
556,2,4,70,21820,24437,1,FEASIBLE,WORSE
557,2,4,71,22888,25521,0,CAPACITY_EXCEEDED,INVALID
558,2,4,72,22315,24920,1,FEASIBLE,WORSE
559,2,4,73,22879,25492,0,CAPACITY_EXCEEDED,INVALID
560,2,4,74,23376,26024,0,CAPACITY_EXCEEDED,INVALID
561,2,4,75,21737,24319,1,FEASIBLE,WORSE
562,2,4,76,22510,25114,1,FEASIBLE,WORSE
563,2,4,77,23479,26115,0,CAPACITY_EXCEEDED,INVALID
564,2,4,78,23013,25645,0,CAPACITY_EXCEEDED,INVALID
565,2,4,79,22698,25316,1,FEASIBLE,WORSE
566,2,4,80,21947,24552,1,FEASIBLE,WORSE
567,2,4,81,22370,25007,1,FEASIBLE,WORSE
568,2,4,82,22541,25127,1,FEASIBLE,WORSE
569,2,4,83,22276,24904,1,FEASIBLE,WORSE
570,2,4,84,22480,25089,1,FEASIBLE,WORSE
571,2,4,85,22301,24954,1,FEASIBLE,WORSE
572,2,4,86,23159,25805,0,CAPACITY_EXCEEDED,INVALID
573,2,4,87,23130,25789,0,CAPACITY_EXCEEDED,INVALID
574,2,4,88,23301,25973,0,CAPACITY_EXCEEDED,INVALID
575,2,4,89,22423,25091,1,FEASIBLE,WORSE
576,2,4,90,22616,25221,1,FEASIBLE,WORSE
577,2,4,91,22798,25437,1,FEASIBLE,WORSE
578,2,4,92,22819,25406,0,CAPACITY_EXCEEDED,INVALID
579,2,4,93,22191,24818,1,FEASIBLE,WORSE
580,2,4,94,23073,25701,0,CAPACITY_EXCEEDED,INVALID
581,2,4,95,23520,26178,0,CAPACITY_EXCEEDED,INVALID
582,2,4,96,23217,25814,0,CAPACITY_EXCEEDED,INVALID
583,2,4,97,22003,24611,1,FEASIBLE,WORSE
584,2,4,98,23693,26322,0,CAPACITY_EXCEEDED,INVALID
585,2,4,99,22649,25338,1,FEASIBLE,WORSE
586,2,5,6,22046,24650,1,FEASIBLE,WORSE
587,2,5,7,23256,25853,0,CAPACITY_EXCEEDED,INVALID
588,2,5,8,22404,25034,1,FEASIBLE,WORSE
589,2,5,9,23506,26145,0,CAPACITY_EXCEEDED,INVALID
590,2,5,10,22592,25214,1,FEASIBLE,WORSE
591,2,5,11,23541,26144,0,CAPACITY_EXCEEDED,INVALID
592,2,5,12,22853,25457,0,CAPACITY_EXCEEDED,INVALID
593,2,5,13,22215,24860,1,FEASIBLE,WORSE
594,2,5,14,22956,25554,0,CAPACITY_EXCEEDED,INVALID
595,2,5,15,22811,25492,0,CAPACITY_EXCEEDED,INVALID
596,2,5,16,23026,25721,0,CAPACITY_EXCEEDED,INVALID
597,2,5,17,22779,25382,1,FEASIBLE,WORSE
598,2,5,18,23454,26139,0,CAPACITY_EXCEEDED,INVALID
599,2,5,19,23949,26562,0,CAPACITY_EXCEEDED,INVALID
600,2,5,20,22666,25342,1,FEASIBLE,WORSE
601,2,5,21,22932,25630,0,CAPACITY_EXCEEDED,INVALID
602,2,5,22,22787,25489,1,FEASIBLE,WORSE
603,2,5,23,24038,26666,0,CAPACITY_EXCEEDED,INVALID
604,2,5,24,23110,25764,0,CAPACITY_EXCEEDED,INVALID
605,2,5,25,22425,25106,1,FEASIBLE,WORSE
606,2,5,26,23424,26111,0,CAPACITY_EXCEEDED,INVALID
607,2,5,27,23707,26329,0,CAPACITY_EXCEEDED,INVALID
608,2,5,28,23385,26070,0,CAPACITY_EXCEEDED,INVALID
609,2,5,29,22354,25006,1,FEASIBLE,WORSE
610,2,5,30,22548,25202,1,FEASIBLE,WORSE
611,2,5,31,23696,26387,0,CAPACITY_EXCEEDED,INVALID
612,2,5,32,23948,26624,0,CAPACITY_EXCEEDED,INVALID
613,2,5,33,23628,26297,0,CAPACITY_EXCEEDED,INVALID
614,2,5,34,23189,25831,0,CAPACITY_EXCEEDED,INVALID
615,2,5,35,23111,25776,0,CAPACITY_EXCEEDED,INVALID
616,2,5,36,23993,26679,0,CAPACITY_EXCEEDED,INVALID
617,2,5,37,23535,26153,0,CAPACITY_EXCEEDED,INVALID
618,2,5,38,22852,25504,0,CAPACITY_EXCEEDED,INVALID
619,2,5,39,22099,24754,1,FEASIBLE,WORSE
620,2,5,40,22467,25142,1,FEASIBLE,WORSE
621,2,5,41,23775,26376,0,CAPACITY_EXCEEDED,INVALID
622,2,5,42,23927,26597,0,CAPACITY_EXCEEDED,INVALID
623,2,5,43,23332,26015,0,CAPACITY_EXCEEDED,INVALID
624,2,5,44,23403,26018,0,CAPACITY_EXCEEDED,INVALID
625,2,5,45,22167,24770,1,FEASIBLE,WORSE
626,2,5,46,22911,25557,0,CAPACITY_EXCEEDED,INVALID
627,2,5,47,23811,26509,0,CAPACITY_EXCEEDED,INVALID
628,2,5,48,22948,25603,0,CAPACITY_EXCEEDED,INVALID
629,2,5,49,23737,26374,0,CAPACITY_EXCEEDED,INVALID
630,2,5,50,23749,26392,0,CAPACITY_EXCEEDED,INVALID
631,2,5,51,23996,26698,0,CAPACITY_EXCEEDED,INVALID
632,2,5,52,22202,24850,1,FEASIBLE,WORSE
633,2,5,53,22542,25209,1,FEASIBLE,WORSE
634,2,5,54,23244,25842,0,CAPACITY_EXCEEDED,INVALID
635,2,5,55,22895,25569,0,CAPACITY_EXCEEDED,INVALID
636,2,5,56,22517,25132,1,FEASIBLE,WORSE
637,2,5,57,22536,25184,1,FEASIBLE,WORSE
638,2,5,58,22974,25583,0,CAPACITY_EXCEEDED,INVALID
639,2,5,59,22142,24742,1,FEASIBLE,WORSE
640,2,5,60,23554,26195,0,CAPACITY_EXCEEDED,INVALID
641,2,5,61,23748,26404,0,CAPACITY_EXCEEDED,INVALID
642,2,5,62,22826,25513,0,CAPACITY_EXCEEDED,INVALID
643,2,5,63,22802,25403,1,FEASIBLE,WORSE
644,2,5,64,23034,25701,0,CAPACITY_EXCEEDED,INVALID
645,2,5,65,22702,25310,1,FEASIBLE,WORSE
646,2,5,66,22779,25406,1,FEASIBLE,WORSE
647,2,5,67,22622,25316,1,FEASIBLE,WORSE
648,2,5,68,22669,25341,1,FEASIBLE,WORSE
649,2,5,69,22211,24816,1,FEASIBLE,WORSE
650,2,5,70,22154,24794,1,FEASIBLE,WORSE
651,2,5,71,23222,25878,0,CAPACITY_EXCEEDED,INVALID
652,2,5,72,22649,25277,1,FEASIBLE,WORSE
653,2,5,73,23213,25849,0,CAPACITY_EXCEEDED,INVALID
654,2,5,74,23710,26381,0,CAPACITY_EXCEEDED,INVALID
655,2,5,75,22071,24676,1,FEASIBLE,WORSE
656,2,5,76,22844,25471,0,CAPACITY_EXCEEDED,INVALID
657,2,5,77,23813,26472,0,CAPACITY_EXCEEDED,INVALID
658,2,5,78,23347,26002,0,CAPACITY_EXCEEDED,INVALID
659,2,5,79,23032,25673,0,CAPACITY_EXCEEDED,INVALID
660,2,5,80,22281,24909,1,FEASIBLE,WORSE
661,2,5,81,22704,25364,1,FEASIBLE,WORSE
662,2,5,82,22875,25484,0,CAPACITY_EXCEEDED,INVALID
663,2,5,83,22610,25261,1,FEASIBLE,WORSE
664,2,5,84,22814,25446,0,CAPACITY_EXCEEDED,INVALID
665,2,5,85,22635,25311,1,FEASIBLE,WORSE
666,2,5,86,23493,26162,0,CAPACITY_EXCEEDED,INVALID
667,2,5,87,23464,26146,0,CAPACITY_EXCEEDED,INVALID
668,2,5,88,23635,26330,0,CAPACITY_EXCEEDED,INVALID
669,2,5,89,22757,25448,1,FEASIBLE,WORSE
670,2,5,90,22950,25578,0,CAPACITY_EXCEEDED,INVALID
671,2,5,91,23132,25794,0,CAPACITY_EXCEEDED,INVALID
672,2,5,92,23153,25763,0,CAPACITY_EXCEEDED,INVALID
673,2,5,93,22525,25175,1,FEASIBLE,WORSE
674,2,5,94,23407,26058,0,CAPACITY_EXCEEDED,INVALID
675,2,5,95,23854,26535,0,CAPACITY_EXCEEDED,INVALID
676,2,5,96,23551,26171,0,CAPACITY_EXCEEDED,INVALID
677,2,5,97,22337,24968,1,FEASIBLE,WORSE
678,2,5,98,24027,26679,0,CAPACITY_EXCEEDED,INVALID
679,2,5,99,22983,25695,0,CAPACITY_EXCEEDED,INVALID
680,2,6,7,22008,24542,1,FEASIBLE,WORSE
681,2,6,8,21156,23723,1,FEASIBLE,WORSE
682,2,6,9,22258,24834,1,FEASIBLE,WORSE
683,2,6,10,21344,23903,1,FEASIBLE,WORSE
684,2,6,11,22293,24833,1,FEASIBLE,WORSE
685,2,6,12,21605,24146,1,FEASIBLE,WORSE
686,2,6,13,20967,23549,1,FEASIBLE,WORSE
687,2,6,14,21708,24243,1,FEASIBLE,WORSE
688,2,6,15,21563,24181,1,FEASIBLE,WORSE
689,2,6,16,21778,24410,1,FEASIBLE,WORSE
690,2,6,17,21531,24071,1,FEASIBLE,WORSE
691,2,6,18,22206,24828,1,FEASIBLE,WORSE
692,2,6,19,22701,25251,1,FEASIBLE,WORSE
693,2,6,20,21418,24031,1,FEASIBLE,WORSE
694,2,6,21,21684,24319,1,FEASIBLE,WORSE
695,2,6,22,21539,24178,1,FEASIBLE,WORSE
696,2,6,23,22790,25355,1,FEASIBLE,WORSE
697,2,6,24,21862,24453,1,FEASIBLE,WORSE
698,2,6,25,21177,23795,1,FEASIBLE,WORSE
699,2,6,26,22176,24800,1,FEASIBLE,WORSE
700,2,6,27,22459,25018,1,FEASIBLE,WORSE
701,2,6,28,22137,24759,1,FEASIBLE,WORSE
702,2,6,29,21106,23695,1,FEASIBLE,WORSE
703,2,6,30,21300,23891,1,FEASIBLE,WORSE
704,2,6,31,22448,25076,1,FEASIBLE,WORSE
705,2,6,32,22700,25313,1,FEASIBLE,WORSE
706,2,6,33,22380,24986,1,FEASIBLE,WORSE
707,2,6,34,21941,24520,1,FEASIBLE,WORSE
708,2,6,35,21863,24465,1,FEASIBLE,WORSE
709,2,6,36,22745,25368,1,FEASIBLE,WORSE
710,2,6,37,22287,24842,1,FEASIBLE,WORSE
711,2,6,38,21604,24193,1,FEASIBLE,WORSE
712,2,6,39,20851,23443,1,FEASIBLE,WORSE
713,2,6,40,21219,23831,1,FEASIBLE,WORSE
714,2,6,41,22527,25065,1,FEASIBLE,WORSE
715,2,6,42,22679,25286,1,FEASIBLE,WORSE
716,2,6,43,22084,24704,1,FEASIBLE,WORSE
717,2,6,44,22155,24707,1,FEASIBLE,WORSE
718,2,6,45,20919,23459,1,FEASIBLE,WORSE
719,2,6,46,21663,24246,1,FEASIBLE,WORSE
720,2,6,47,22563,25198,1,FEASIBLE,WORSE
721,2,6,48,21700,24292,1,FEASIBLE,WORSE
722,2,6,49,22489,25063,1,FEASIBLE,WORSE
723,2,6,50,22501,25081,1,FEASIBLE,WORSE
724,2,6,51,22748,25387,1,FEASIBLE,WORSE
725,2,6,52,20954,23539,1,FEASIBLE,WORSE
726,2,6,53,21294,23898,1,FEASIBLE,WORSE
727,2,6,54,21996,24531,1,FEASIBLE,WORSE
728,2,6,55,21647,24258,1,FEASIBLE,WORSE
729,2,6,56,21269,23821,1,FEASIBLE,WORSE
730,2,6,57,21288,23873,1,FEASIBLE,WORSE
731,2,6,58,21726,24272,1,FEASIBLE,WORSE
732,2,6,59,20894,23431,1,FEASIBLE,WORSE
733,2,6,60,22306,24884,1,FEASIBLE,WORSE
734,2,6,61,22500,25093,1,FEASIBLE,WORSE
735,2,6,62,21578,24202,1,FEASIBLE,WORSE
736,2,6,63,21554,24092,1,FEASIBLE,WORSE
737,2,6,64,21786,24390,1,FEASIBLE,WORSE
738,2,6,65,21454,23999,1,FEASIBLE,WORSE
739,2,6,66,21531,24095,1,FEASIBLE,WORSE
740,2,6,67,21374,24005,1,FEASIBLE,WORSE
741,2,6,68,21421,24030,1,FEASIBLE,WORSE
742,2,6,69,20963,23505,1,FEASIBLE,WORSE
743,2,6,70,20906,23483,1,FEASIBLE,WORSE
744,2,6,71,21974,24567,1,FEASIBLE,WORSE
745,2,6,72,21401,23966,1,FEASIBLE,WORSE
746,2,6,73,21965,24538,1,FEASIBLE,WORSE
747,2,6,74,22462,25070,1,FEASIBLE,WORSE
748,2,6,75,20823,23365,1,FEASIBLE,WORSE
749,2,6,76,21596,24160,1,FEASIBLE,WORSE
750,2,6,77,22565,25161,1,FEASIBLE,WORSE
751,2,6,78,22099,24691,1,FEASIBLE,WORSE
752,2,6,79,21784,24362,1,FEASIBLE,WORSE
753,2,6,80,21033,23598,1,FEASIBLE,WORSE
754,2,6,81,21456,24053,1,FEASIBLE,WORSE
755,2,6,82,21627,24173,1,FEASIBLE,WORSE
756,2,6,83,21362,23950,1,FEASIBLE,WORSE
757,2,6,84,21566,24135,1,FEASIBLE,WORSE
758,2,6,85,21387,24000,1,FEASIBLE,WORSE
759,2,6,86,22245,24851,1,FEASIBLE,WORSE
760,2,6,87,22216,24835,1,FEASIBLE,WORSE
761,2,6,88,22387,25019,1,FEASIBLE,WORSE
762,2,6,89,21509,24137,1,FEASIBLE,WORSE
763,2,6,90,21702,24267,1,FEASIBLE,WORSE
764,2,6,91,21884,24483,1,FEASIBLE,WORSE
765,2,6,92,21905,24452,1,FEASIBLE,WORSE
766,2,6,93,21277,23864,1,FEASIBLE,WORSE
767,2,6,94,22159,24747,1,FEASIBLE,WORSE
768,2,6,95,22606,25224,1,FEASIBLE,WORSE
769,2,6,96,22303,24860,1,FEASIBLE,WORSE
770,2,6,97,21089,23657,1,FEASIBLE,WORSE
771,2,6,98,22779,25368,1,FEASIBLE,WORSE
772,2,6,99,21735,24384,1,FEASIBLE,WORSE
773,2,7,8,22366,24926,1,FEASIBLE,WORSE
774,2,7,9,23468,26037,0,CAPACITY_EXCEEDED,INVALID
775,2,7,10,22554,25106,1,FEASIBLE,WORSE
776,2,7,11,23503,26036,0,CAPACITY_EXCEEDED,INVALID
777,2,7,12,22815,25349,0,CAPACITY_EXCEEDED,INVALID
778,2,7,13,22177,24752,1,FEASIBLE,WORSE
779,2,7,14,22918,25446,0,CAPACITY_EXCEEDED,INVALID
780,2,7,15,22773,25384,1,FEASIBLE,WORSE
781,2,7,16,22988,25613,0,CAPACITY_EXCEEDED,INVALID
782,2,7,17,22741,25274,1,FEASIBLE,WORSE
783,2,7,18,23416,26031,0,CAPACITY_EXCEEDED,INVALID
784,2,7,19,23911,26454,0,CAPACITY_EXCEEDED,INVALID
785,2,7,20,22628,25234,1,FEASIBLE,WORSE
786,2,7,21,22894,25522,0,CAPACITY_EXCEEDED,INVALID
787,2,7,22,22749,25381,1,FEASIBLE,WORSE
788,2,7,23,24000,26558,0,CAPACITY_EXCEEDED,INVALID
789,2,7,24,23072,25656,0,CAPACITY_EXCEEDED,INVALID
790,2,7,25,22387,24998,1,FEASIBLE,WORSE
791,2,7,26,23386,26003,0,CAPACITY_EXCEEDED,INVALID
792,2,7,27,23669,26221,0,CAPACITY_EXCEEDED,INVALID
793,2,7,28,23347,25962,0,CAPACITY_EXCEEDED,INVALID
794,2,7,29,22316,24898,1,FEASIBLE,WORSE
795,2,7,30,22510,25094,1,FEASIBLE,WORSE
796,2,7,31,23658,26279,0,CAPACITY_EXCEEDED,INVALID
797,2,7,32,23910,26516,0,CAPACITY_EXCEEDED,INVALID
798,2,7,33,23590,26189,0,CAPACITY_EXCEEDED,INVALID
799,2,7,34,23151,25723,0,CAPACITY_EXCEEDED,INVALID
800,2,7,35,23073,25668,0,CAPACITY_EXCEEDED,INVALID
801,2,7,36,23955,26571,0,CAPACITY_EXCEEDED,INVALID
802,2,7,37,23497,26045,0,CAPACITY_EXCEEDED,INVALID
803,2,7,38,22814,25396,0,CAPACITY_EXCEEDED,INVALID
804,2,7,39,22061,24646,1,FEASIBLE,WORSE
805,2,7,40,22429,25034,1,FEASIBLE,WORSE
806,2,7,41,23737,26268,0,CAPACITY_EXCEEDED,INVALID
807,2,7,42,23889,26489,0,CAPACITY_EXCEEDED,INVALID
808,2,7,43,23294,25907,0,CAPACITY_EXCEEDED,INVALID
809,2,7,44,23365,25910,0,CAPACITY_EXCEEDED,INVALID
810,2,7,45,22129,24662,1,FEASIBLE,WORSE
811,2,7,46,22873,25449,0,CAPACITY_EXCEEDED,INVALID
812,2,7,47,23773,26401,0,CAPACITY_EXCEEDED,INVALID
813,2,7,48,22910,25495,0,CAPACITY_EXCEEDED,INVALID
814,2,7,49,23699,26266,0,CAPACITY_EXCEEDED,INVALID
815,2,7,50,23711,26284,0,CAPACITY_EXCEEDED,INVALID
816,2,7,51,23958,26590,0,CAPACITY_EXCEEDED,INVALID
817,2,7,52,22164,24742,1,FEASIBLE,WORSE
818,2,7,53,22504,25101,1,FEASIBLE,WORSE
819,2,7,54,23206,25734,0,CAPACITY_EXCEEDED,INVALID
820,2,7,55,22857,25461,0,CAPACITY_EXCEEDED,INVALID
821,2,7,56,22479,25024,1,FEASIBLE,WORSE
822,2,7,57,22498,25076,1,FEASIBLE,WORSE
823,2,7,58,22936,25475,0,CAPACITY_EXCEEDED,INVALID
824,2,7,59,22104,24634,1,FEASIBLE,WORSE
825,2,7,60,23516,26087,0,CAPACITY_EXCEEDED,INVALID
826,2,7,61,23710,26296,0,CAPACITY_EXCEEDED,INVALID
827,2,7,62,22788,25405,1,FEASIBLE,WORSE
828,2,7,63,22764,25295,1,FEASIBLE,WORSE
829,2,7,64,22996,25593,0,CAPACITY_EXCEEDED,INVALID
830,2,7,65,22664,25202,1,FEASIBLE,WORSE
831,2,7,66,22741,25298,1,FEASIBLE,WORSE
832,2,7,67,22584,25208,1,FEASIBLE,WORSE
833,2,7,68,22631,25233,1,FEASIBLE,WORSE
834,2,7,69,22173,24708,1,FEASIBLE,WORSE
835,2,7,70,22116,24686,1,FEASIBLE,WORSE
836,2,7,71,23184,25770,0,CAPACITY_EXCEEDED,INVALID
837,2,7,72,22611,25169,1,FEASIBLE,WORSE
838,2,7,73,23175,25741,0,CAPACITY_EXCEEDED,INVALID
839,2,7,74,23672,26273,0,CAPACITY_EXCEEDED,INVALID
840,2,7,75,22033,24568,1,FEASIBLE,WORSE
841,2,7,76,22806,25363,1,FEASIBLE,WORSE
842,2,7,77,23775,26364,0,CAPACITY_EXCEEDED,INVALID
843,2,7,78,23309,25894,0,CAPACITY_EXCEEDED,INVALID
844,2,7,79,22994,25565,0,CAPACITY_EXCEEDED,INVALID
845,2,7,80,22243,24801,1,FEASIBLE,WORSE
846,2,7,81,22666,25256,1,FEASIBLE,WORSE
847,2,7,82,22837,25376,0,CAPACITY_EXCEEDED,INVALID
848,2,7,83,22572,25153,1,FEASIBLE,WORSE
849,2,7,84,22776,25338,1,FEASIBLE,WORSE
850,2,7,85,22597,25203,1,FEASIBLE,WORSE
851,2,7,86,23455,26054,0,CAPACITY_EXCEEDED,INVALID
852,2,7,87,23426,26038,0,CAPACITY_EXCEEDED,INVALID
853,2,7,88,23597,26222,0,CAPACITY_EXCEEDED,INVALID
854,2,7,89,22719,25340,1,FEASIBLE,WORSE
855,2,7,90,22912,25470,0,CAPACITY_EXCEEDED,INVALID
856,2,7,91,23094,25686,0,CAPACITY_EXCEEDED,INVALID
857,2,7,92,23115,25655,0,CAPACITY_EXCEEDED,INVALID
858,2,7,93,22487,25067,1,FEASIBLE,WORSE
859,2,7,94,23369,25950,0,CAPACITY_EXCEEDED,INVALID
860,2,7,95,23816,26427,0,CAPACITY_EXCEEDED,INVALID
861,2,7,96,23513,26063,0,CAPACITY_EXCEEDED,INVALID
862,2,7,97,22299,24860,1,FEASIBLE,WORSE
863,2,7,98,23989,26571,0,CAPACITY_EXCEEDED,INVALID
864,2,7,99,22945,25587,0,CAPACITY_EXCEEDED,INVALID
865,2,8,9,22616,25218,1,FEASIBLE,WORSE
866,2,8,10,21702,24287,1,FEASIBLE,WORSE
867,2,8,11,22651,25217,1,FEASIBLE,WORSE
868,2,8,12,21963,24530,1,FEASIBLE,WORSE
869,2,8,13,21325,23933,1,FEASIBLE,WORSE
870,2,8,14,22066,24627,1,FEASIBLE,WORSE
871,2,8,15,21921,24565,1,FEASIBLE,WORSE
872,2,8,16,22136,24794,1,FEASIBLE,WORSE
873,2,8,17,21889,24455,1,FEASIBLE,WORSE
874,2,8,18,22564,25212,1,FEASIBLE,WORSE
875,2,8,19,23059,25635,0,CAPACITY_EXCEEDED,INVALID
876,2,8,20,21776,24415,1,FEASIBLE,WORSE
877,2,8,21,22042,24703,1,FEASIBLE,WORSE
878,2,8,22,21897,24562,1,FEASIBLE,WORSE
879,2,8,23,23148,25739,0,CAPACITY_EXCEEDED,INVALID
880,2,8,24,22220,24837,1,FEASIBLE,WORSE
881,2,8,25,21535,24179,1,FEASIBLE,WORSE
882,2,8,26,22534,25184,1,FEASIBLE,WORSE
883,2,8,27,22817,25402,0,CAPACITY_EXCEEDED,INVALID
884,2,8,28,22495,25143,1,FEASIBLE,WORSE
885,2,8,29,21464,24079,1,FEASIBLE,WORSE
886,2,8,30,21658,24275,1,FEASIBLE,WORSE
887,2,8,31,22806,25460,1,FEASIBLE,WORSE
888,2,8,32,23058,25697,0,CAPACITY_EXCEEDED,INVALID
889,2,8,33,22738,25370,1,FEASIBLE,WORSE
890,2,8,34,22299,24904,1,FEASIBLE,WORSE
891,2,8,35,22221,24849,1,FEASIBLE,WORSE
892,2,8,36,23103,25752,0,CAPACITY_EXCEEDED,INVALID
893,2,8,37,22645,25226,1,FEASIBLE,WORSE
894,2,8,38,21962,24577,1,FEASIBLE,WORSE
895,2,8,39,21209,23827,1,FEASIBLE,WORSE
896,2,8,40,21577,24215,1,FEASIBLE,WORSE
897,2,8,41,22885,25449,0,CAPACITY_EXCEEDED,INVALID
898,2,8,42,23037,25670,0,CAPACITY_EXCEEDED,INVALID
899,2,8,43,22442,25088,1,FEASIBLE,WORSE
900,2,8,44,22513,25091,1,FEASIBLE,WORSE
901,2,8,45,21277,23843,1,FEASIBLE,WORSE
902,2,8,46,22021,24630,1,FEASIBLE,WORSE
903,2,8,47,22921,25582,0,CAPACITY_EXCEEDED,INVALID
904,2,8,48,22058,24676,1,FEASIBLE,WORSE
905,2,8,49,22847,25447,0,CAPACITY_EXCEEDED,INVALID
906,2,8,50,22859,25465,0,CAPACITY_EXCEEDED,INVALID
907,2,8,51,23106,25771,0,CAPACITY_EXCEEDED,INVALID
908,2,8,52,21312,23923,1,FEASIBLE,WORSE
909,2,8,53,21652,24282,1,FEASIBLE,WORSE
910,2,8,54,22354,24915,1,FEASIBLE,WORSE
911,2,8,55,22005,24642,1,FEASIBLE,WORSE
912,2,8,56,21627,24205,1,FEASIBLE,WORSE
913,2,8,57,21646,24257,1,FEASIBLE,WORSE
914,2,8,58,22084,24656,1,FEASIBLE,WORSE
915,2,8,59,21252,23815,1,FEASIBLE,WORSE
916,2,8,60,22664,25268,1,FEASIBLE,WORSE
917,2,8,61,22858,25477,0,CAPACITY_EXCEEDED,INVALID
918,2,8,62,21936,24586,1,FEASIBLE,WORSE
919,2,8,63,21912,24476,1,FEASIBLE,WORSE
920,2,8,64,22144,24774,1,FEASIBLE,WORSE
921,2,8,65,21812,24383,1,FEASIBLE,WORSE
922,2,8,66,21889,24479,1,FEASIBLE,WORSE
923,2,8,67,21732,24389,1,FEASIBLE,WORSE
924,2,8,68,21779,24414,1,FEASIBLE,WORSE
925,2,8,69,21321,23889,1,FEASIBLE,WORSE
926,2,8,70,21264,23867,1,FEASIBLE,WORSE
927,2,8,71,22332,24951,1,FEASIBLE,WORSE
928,2,8,72,21759,24350,1,FEASIBLE,WORSE
929,2,8,73,22323,24922,1,FEASIBLE,WORSE
930,2,8,74,22820,25454,0,CAPACITY_EXCEEDED,INVALID
931,2,8,75,21181,23749,1,FEASIBLE,WORSE
932,2,8,76,21954,24544,1,FEASIBLE,WORSE
933,2,8,77,22923,25545,0,CAPACITY_EXCEEDED,INVALID
934,2,8,78,22457,25075,1,FEASIBLE,WORSE
935,2,8,79,22142,24746,1,FEASIBLE,WORSE
936,2,8,80,21391,23982,1,FEASIBLE,WORSE
937,2,8,81,21814,24437,1,FEASIBLE,WORSE
938,2,8,82,21985,24557,1,FEASIBLE,WORSE
939,2,8,83,21720,24334,1,FEASIBLE,WORSE
940,2,8,84,21924,24519,1,FEASIBLE,WORSE
941,2,8,85,21745,24384,1,FEASIBLE,WORSE
942,2,8,86,22603,25235,1,FEASIBLE,WORSE
943,2,8,87,22574,25219,1,FEASIBLE,WORSE
944,2,8,88,22745,25403,1,FEASIBLE,WORSE
945,2,8,89,21867,24521,1,FEASIBLE,WORSE
946,2,8,90,22060,24651,1,FEASIBLE,WORSE
947,2,8,91,22242,24867,1,FEASIBLE,WORSE
948,2,8,92,22263,24836,1,FEASIBLE,WORSE
949,2,8,93,21635,24248,1,FEASIBLE,WORSE
950,2,8,94,22517,25131,1,FEASIBLE,WORSE
951,2,8,95,22964,25608,0,CAPACITY_EXCEEDED,INVALID
952,2,8,96,22661,25244,1,FEASIBLE,WORSE
953,2,8,97,21447,24041,1,FEASIBLE,WORSE
954,2,8,98,23137,25752,0,CAPACITY_EXCEEDED,INVALID
955,2,8,99,22093,24768,1,FEASIBLE,WORSE
956,2,9,10,22804,25398,1,FEASIBLE,WORSE
957,2,9,11,23753,26328,0,CAPACITY_EXCEEDED,INVALID
958,2,9,12,23065,25641,0,CAPACITY_EXCEEDED,INVALID
959,2,9,13,22427,25044,1,FEASIBLE,WORSE
960,2,9,14,23168,25738,0,CAPACITY_EXCEEDED,INVALID
961,2,9,15,23023,25676,0,CAPACITY_EXCEEDED,INVALID
962,2,9,16,23238,25905,0,CAPACITY_EXCEEDED,INVALID
963,2,9,17,22991,25566,0,CAPACITY_EXCEEDED,INVALID
964,2,9,18,23666,26323,0,CAPACITY_EXCEEDED,INVALID
965,2,9,19,24161,26746,0,CAPACITY_EXCEEDED,INVALID
966,2,9,20,22878,25526,0,CAPACITY_EXCEEDED,INVALID
967,2,9,21,23144,25814,0,CAPACITY_EXCEEDED,INVALID
968,2,9,22,22999,25673,0,CAPACITY_EXCEEDED,INVALID
969,2,9,23,24250,26850,0,CAPACITY_EXCEEDED,INVALID
970,2,9,24,23322,25948,0,CAPACITY_EXCEEDED,INVALID
971,2,9,25,22637,25290,1,FEASIBLE,WORSE
972,2,9,26,23636,26295,0,CAPACITY_EXCEEDED,INVALID
973,2,9,27,23919,26513,0,CAPACITY_EXCEEDED,INVALID
974,2,9,28,23597,26254,0,CAPACITY_EXCEEDED,INVALID
975,2,9,29,22566,25190,1,FEASIBLE,WORSE
976,2,9,30,22760,25386,1,FEASIBLE,WORSE
977,2,9,31,23908,26571,0,CAPACITY_EXCEEDED,INVALID
978,2,9,32,24160,26808,0,CAPACITY_EXCEEDED,INVALID
979,2,9,33,23840,26481,0,CAPACITY_EXCEEDED,INVALID
980,2,9,34,23401,26015,0,CAPACITY_EXCEEDED,INVALID
981,2,9,35,23323,25960,0,CAPACITY_EXCEEDED,INVALID
982,2,9,36,24205,26863,0,CAPACITY_EXCEEDED,INVALID
983,2,9,37,23747,26337,0,CAPACITY_EXCEEDED,INVALID
984,2,9,38,23064,25688,0,CAPACITY_EXCEEDED,INVALID
985,2,9,39,22311,24938,1,FEASIBLE,WORSE
986,2,9,40,22679,25326,1,FEASIBLE,WORSE
987,2,9,41,23987,26560,0,CAPACITY_EXCEEDED,INVALID
988,2,9,42,24139,26781,0,CAPACITY_EXCEEDED,INVALID
989,2,9,43,23544,26199,0,CAPACITY_EXCEEDED,INVALID
990,2,9,44,23615,26202,0,CAPACITY_EXCEEDED,INVALID
991,2,9,45,22379,24954,1,FEASIBLE,WORSE
992,2,9,46,23123,25741,0,CAPACITY_EXCEEDED,INVALID
993,2,9,47,24023,26693,0,CAPACITY_EXCEEDED,INVALID
994,2,9,48,23160,25787,0,CAPACITY_EXCEEDED,INVALID
995,2,9,49,23949,26558,0,CAPACITY_EXCEEDED,INVALID
996,2,9,50,23961,26576,0,CAPACITY_EXCEEDED,INVALID
997,2,9,51,24208,26882,0,CAPACITY_EXCEEDED,INVALID
998,2,9,52,22414,25034,1,FEASIBLE,WORSE
999,2,9,53,22754,25393,1,FEASIBLE,WORSE
1000,2,9,54,23456,26026,0,CAPACITY_EXCEEDED,INVALID
1001,2,9,55,23107,25753,0,CAPACITY_EXCEEDED,INVALID
1002,2,9,56,22729,25316,1,FEASIBLE,WORSE
1003,2,9,57,22748,25368,1,FEASIBLE,WORSE
1004,2,9,58,23186,25767,0,CAPACITY_EXCEEDED,INVALID
1005,2,9,59,22354,24926,1,FEASIBLE,WORSE
1006,2,9,60,23766,26379,0,CAPACITY_EXCEEDED,INVALID
1007,2,9,61,23960,26588,0,CAPACITY_EXCEEDED,INVALID
1008,2,9,62,23038,25697,0,CAPACITY_EXCEEDED,INVALID
1009,2,9,63,23014,25587,0,CAPACITY_EXCEEDED,INVALID
1010,2,9,64,23246,25885,0,CAPACITY_EXCEEDED,INVALID
1011,2,9,65,22914,25494,0,CAPACITY_EXCEEDED,INVALID
1012,2,9,66,22991,25590,0,CAPACITY_EXCEEDED,INVALID
1013,2,9,67,22834,25500,0,CAPACITY_EXCEEDED,INVALID
1014,2,9,68,22881,25525,0,CAPACITY_EXCEEDED,INVALID
1015,2,9,69,22423,25000,1,FEASIBLE,WORSE
1016,2,9,70,22366,24978,1,FEASIBLE,WORSE
1017,2,9,71,23434,26062,0,CAPACITY_EXCEEDED,INVALID
1018,2,9,72,22861,25461,0,CAPACITY_EXCEEDED,INVALID
1019,2,9,73,23425,26033,0,CAPACITY_EXCEEDED,INVALID
1020,2,9,74,23922,26565,0,CAPACITY_EXCEEDED,INVALID
1021,2,9,75,22283,24860,1,FEASIBLE,WORSE
1022,2,9,76,23056,25655,0,CAPACITY_EXCEEDED,INVALID
1023,2,9,77,24025,26656,0,CAPACITY_EXCEEDED,INVALID
1024,2,9,78,23559,26186,0,CAPACITY_EXCEEDED,INVALID
1025,2,9,79,23244,25857,0,CAPACITY_EXCEEDED,INVALID
1026,2,9,80,22493,25093,1,FEASIBLE,WORSE
1027,2,9,81,22916,25548,0,CAPACITY_EXCEEDED,INVALID
1028,2,9,82,23087,25668,0,CAPACITY_EXCEEDED,INVALID
1029,2,9,83,22822,25445,0,CAPACITY_EXCEEDED,INVALID
1030,2,9,84,23026,25630,0,CAPACITY_EXCEEDED,INVALID
1031,2,9,85,22847,25495,0,CAPACITY_EXCEEDED,INVALID
1032,2,9,86,23705,26346,0,CAPACITY_EXCEEDED,INVALID
1033,2,9,87,23676,26330,0,CAPACITY_EXCEEDED,INVALID
1034,2,9,88,23847,26514,0,CAPACITY_EXCEEDED,INVALID
1035,2,9,89,22969,25632,0,CAPACITY_EXCEEDED,INVALID
1036,2,9,90,23162,25762,0,CAPACITY_EXCEEDED,INVALID
1037,2,9,91,23344,25978,0,CAPACITY_EXCEEDED,INVALID
1038,2,9,92,23365,25947,0,CAPACITY_EXCEEDED,INVALID
1039,2,9,93,22737,25359,1,FEASIBLE,WORSE
1040,2,9,94,23619,26242,0,CAPACITY_EXCEEDED,INVALID
1041,2,9,95,24066,26719,0,CAPACITY_EXCEEDED,INVALID
1042,2,9,96,23763,26355,0,CAPACITY_EXCEEDED,INVALID
1043,2,9,97,22549,25152,1,FEASIBLE,WORSE
1044,2,9,98,24239,26863,0,CAPACITY_EXCEEDED,INVALID
1045,2,9,99,23195,25879,0,CAPACITY_EXCEEDED,INVALID
1046,2,10,11,22839,25397,0,CAPACITY_EXCEEDED,INVALID
1047,2,10,12,22151,24710,1,FEASIBLE,WORSE
1048,2,10,13,21513,24113,1,FEASIBLE,WORSE
1049,2,10,14,22254,24807,1,FEASIBLE,WORSE
1050,2,10,15,22109,24745,1,FEASIBLE,WORSE
1051,2,10,16,22324,24974,1,FEASIBLE,WORSE
1052,2,10,17,22077,24635,1,FEASIBLE,WORSE
1053,2,10,18,22752,25392,1,FEASIBLE,WORSE
1054,2,10,19,23247,25815,0,CAPACITY_EXCEEDED,INVALID
1055,2,10,20,21964,24595,1,FEASIBLE,WORSE
1056,2,10,21,22230,24883,1,FEASIBLE,WORSE
1057,2,10,22,22085,24742,1,FEASIBLE,WORSE
1058,2,10,23,23336,25919,0,CAPACITY_EXCEEDED,INVALID
1059,2,10,24,22408,25017,1,FEASIBLE,WORSE
1060,2,10,25,21723,24359,1,FEASIBLE,WORSE
1061,2,10,26,22722,25364,1,FEASIBLE,WORSE
1062,2,10,27,23005,25582,0,CAPACITY_EXCEEDED,INVALID
1063,2,10,28,22683,25323,1,FEASIBLE,WORSE
1064,2,10,29,21652,24259,1,FEASIBLE,WORSE
1065,2,10,30,21846,24455,1,FEASIBLE,WORSE
1066,2,10,31,22994,25640,0,CAPACITY_EXCEEDED,INVALID
1067,2,10,32,23246,25877,0,CAPACITY_EXCEEDED,INVALID
1068,2,10,33,22926,25550,0,CAPACITY_EXCEEDED,INVALID
1069,2,10,34,22487,25084,1,FEASIBLE,WORSE
1070,2,10,35,22409,25029,1,FEASIBLE,WORSE
1071,2,10,36,23291,25932,0,CAPACITY_EXCEEDED,INVALID
1072,2,10,37,22833,25406,0,CAPACITY_EXCEEDED,INVALID
1073,2,10,38,22150,24757,1,FEASIBLE,WORSE
1074,2,10,39,21397,24007,1,FEASIBLE,WORSE
1075,2,10,40,21765,24395,1,FEASIBLE,WORSE
1076,2,10,41,23073,25629,0,CAPACITY_EXCEEDED,INVALID
1077,2,10,42,23225,25850,0,CAPACITY_EXCEEDED,INVALID
1078,2,10,43,22630,25268,1,FEASIBLE,WORSE
1079,2,10,44,22701,25271,1,FEASIBLE,WORSE
1080,2,10,45,21465,24023,1,FEASIBLE,WORSE
1081,2,10,46,22209,24810,1,FEASIBLE,WORSE
1082,2,10,47,23109,25762,0,CAPACITY_EXCEEDED,INVALID
1083,2,10,48,22246,24856,1,FEASIBLE,WORSE
1084,2,10,49,23035,25627,0,CAPACITY_EXCEEDED,INVALID
1085,2,10,50,23047,25645,0,CAPACITY_EXCEEDED,INVALID
1086,2,10,51,23294,25951,0,CAPACITY_EXCEEDED,INVALID
1087,2,10,52,21500,24103,1,FEASIBLE,WORSE
1088,2,10,53,21840,24462,1,FEASIBLE,WORSE
1089,2,10,54,22542,25095,1,FEASIBLE,WORSE
1090,2,10,55,22193,24822,1,FEASIBLE,WORSE
1091,2,10,56,21815,24385,1,FEASIBLE,WORSE
1092,2,10,57,21834,24437,1,FEASIBLE,WORSE
1093,2,10,58,22272,24836,1,FEASIBLE,WORSE
1094,2,10,59,21440,23995,1,FEASIBLE,WORSE
1095,2,10,60,22852,25448,0,CAPACITY_EXCEEDED,INVALID
1096,2,10,61,23046,25657,0,CAPACITY_EXCEEDED,INVALID
1097,2,10,62,22124,24766,1,FEASIBLE,WORSE
1098,2,10,63,22100,24656,1,FEASIBLE,WORSE
1099,2,10,64,22332,24954,1,FEASIBLE,WORSE
1100,2,10,65,22000,24563,1,FEASIBLE,WORSE
1101,2,10,66,22077,24659,1,FEASIBLE,WORSE
1102,2,10,67,21920,24569,1,FEASIBLE,WORSE
1103,2,10,68,21967,24594,1,FEASIBLE,WORSE
1104,2,10,69,21509,24069,1,FEASIBLE,WORSE
1105,2,10,70,21452,24047,1,FEASIBLE,WORSE
1106,2,10,71,22520,25131,1,FEASIBLE,WORSE
1107,2,10,72,21947,24530,1,FEASIBLE,WORSE
1108,2,10,73,22511,25102,1,FEASIBLE,WORSE
1109,2,10,74,23008,25634,0,CAPACITY_EXCEEDED,INVALID
1110,2,10,75,21369,23929,1,FEASIBLE,WORSE
1111,2,10,76,22142,24724,1,FEASIBLE,WORSE
1112,2,10,77,23111,25725,0,CAPACITY_EXCEEDED,INVALID
1113,2,10,78,22645,25255,1,FEASIBLE,WORSE
1114,2,10,79,22330,24926,1,FEASIBLE,WORSE
1115,2,10,80,21579,24162,1,FEASIBLE,WORSE
1116,2,10,81,22002,24617,1,FEASIBLE,WORSE
1117,2,10,82,22173,24737,1,FEASIBLE,WORSE
1118,2,10,83,21908,24514,1,FEASIBLE,WORSE
1119,2,10,84,22112,24699,1,FEASIBLE,WORSE
1120,2,10,85,21933,24564,1,FEASIBLE,WORSE
1121,2,10,86,22791,25415,1,FEASIBLE,WORSE
1122,2,10,87,22762,25399,1,FEASIBLE,WORSE
1123,2,10,88,22933,25583,0,CAPACITY_EXCEEDED,INVALID
1124,2,10,89,22055,24701,1,FEASIBLE,WORSE
1125,2,10,90,22248,24831,1,FEASIBLE,WORSE
1126,2,10,91,22430,25047,1,FEASIBLE,WORSE
1127,2,10,92,22451,25016,1,FEASIBLE,WORSE
1128,2,10,93,21823,24428,1,FEASIBLE,WORSE
1129,2,10,94,22705,25311,1,FEASIBLE,WORSE
1130,2,10,95,23152,25788,0,CAPACITY_EXCEEDED,INVALID
1131,2,10,96,22849,25424,0,CAPACITY_EXCEEDED,INVALID
1132,2,10,97,21635,24221,1,FEASIBLE,WORSE
1133,2,10,98,23325,25932,0,CAPACITY_EXCEEDED,INVALID
1134,2,10,99,22281,24948,1,FEASIBLE,WORSE
1135,2,11,12,23100,25640,0,CAPACITY_EXCEEDED,INVALID
1136,2,11,13,22462,25043,1,FEASIBLE,WORSE
1137,2,11,14,23203,25737,0,CAPACITY_EXCEEDED,INVALID
1138,2,11,15,23058,25675,0,CAPACITY_EXCEEDED,INVALID
1139,2,11,16,23273,25904,0,CAPACITY_EXCEEDED,INVALID
1140,2,11,17,23026,25565,0,CAPACITY_EXCEEDED,INVALID
1141,2,11,18,23701,26322,0,CAPACITY_EXCEEDED,INVALID
1142,2,11,19,24196,26745,0,CAPACITY_EXCEEDED,INVALID
1143,2,11,20,22913,25525,0,CAPACITY_EXCEEDED,INVALID
1144,2,11,21,23179,25813,0,CAPACITY_EXCEEDED,INVALID
1145,2,11,22,23034,25672,0,CAPACITY_EXCEEDED,INVALID
1146,2,11,23,24285,26849,0,CAPACITY_EXCEEDED,INVALID
1147,2,11,24,23357,25947,0,CAPACITY_EXCEEDED,INVALID
1148,2,11,25,22672,25289,1,FEASIBLE,WORSE
1149,2,11,26,23671,26294,0,CAPACITY_EXCEEDED,INVALID
1150,2,11,27,23954,26512,0,CAPACITY_EXCEEDED,INVALID
1151,2,11,28,23632,26253,0,CAPACITY_EXCEEDED,INVALID
1152,2,11,29,22601,25189,1,FEASIBLE,WORSE
1153,2,11,30,22795,25385,1,FEASIBLE,WORSE
1154,2,11,31,23943,26570,0,CAPACITY_EXCEEDED,INVALID
1155,2,11,32,24195,26807,0,CAPACITY_EXCEEDED,INVALID
1156,2,11,33,23875,26480,0,CAPACITY_EXCEEDED,INVALID
1157,2,11,34,23436,26014,0,CAPACITY_EXCEEDED,INVALID
1158,2,11,35,23358,25959,0,CAPACITY_EXCEEDED,INVALID
1159,2,11,36,24240,26862,0,CAPACITY_EXCEEDED,INVALID
1160,2,11,37,23782,26336,0,CAPACITY_EXCEEDED,INVALID
1161,2,11,38,23099,25687,0,CAPACITY_EXCEEDED,INVALID
1162,2,11,39,22346,24937,1,FEASIBLE,WORSE
1163,2,11,40,22714,25325,1,FEASIBLE,WORSE
1164,2,11,41,24022,26559,0,CAPACITY_EXCEEDED,INVALID
1165,2,11,42,24174,26780,0,CAPACITY_EXCEEDED,INVALID
1166,2,11,43,23579,26198,0,CAPACITY_EXCEEDED,INVALID
1167,2,11,44,23650,26201,0,CAPACITY_EXCEEDED,INVALID
1168,2,11,45,22414,24953,1,FEASIBLE,WORSE
1169,2,11,46,23158,25740,0,CAPACITY_EXCEEDED,INVALID
1170,2,11,47,24058,26692,0,CAPACITY_EXCEEDED,INVALID
1171,2,11,48,23195,25786,0,CAPACITY_EXCEEDED,INVALID
1172,2,11,49,23984,26557,0,CAPACITY_EXCEEDED,INVALID
1173,2,11,50,23996,26575,0,CAPACITY_EXCEEDED,INVALID
1174,2,11,51,24243,26881,0,CAPACITY_EXCEEDED,INVALID
1175,2,11,52,22449,25033,1,FEASIBLE,WORSE
1176,2,11,53,22789,25392,1,FEASIBLE,WORSE
1177,2,11,54,23491,26025,0,CAPACITY_EXCEEDED,INVALID
1178,2,11,55,23142,25752,0,CAPACITY_EXCEEDED,INVALID
1179,2,11,56,22764,25315,1,FEASIBLE,WORSE
1180,2,11,57,22783,25367,1,FEASIBLE,WORSE
1181,2,11,58,23221,25766,0,CAPACITY_EXCEEDED,INVALID
1182,2,11,59,22389,24925,1,FEASIBLE,WORSE
1183,2,11,60,23801,26378,0,CAPACITY_EXCEEDED,INVALID
1184,2,11,61,23995,26587,0,CAPACITY_EXCEEDED,INVALID
1185,2,11,62,23073,25696,0,CAPACITY_EXCEEDED,INVALID
1186,2,11,63,23049,25586,0,CAPACITY_EXCEEDED,INVALID
1187,2,11,64,23281,25884,0,CAPACITY_EXCEEDED,INVALID
1188,2,11,65,22949,25493,0,CAPACITY_EXCEEDED,INVALID
1189,2,11,66,23026,25589,0,CAPACITY_EXCEEDED,INVALID
1190,2,11,67,22869,25499,0,CAPACITY_EXCEEDED,INVALID
1191,2,11,68,22916,25524,0,CAPACITY_EXCEEDED,INVALID
1192,2,11,69,22458,24999,1,FEASIBLE,WORSE
1193,2,11,70,22401,24977,1,FEASIBLE,WORSE
1194,2,11,71,23469,26061,0,CAPACITY_EXCEEDED,INVALID
1195,2,11,72,22896,25460,0,CAPACITY_EXCEEDED,INVALID
1196,2,11,73,23460,26032,0,CAPACITY_EXCEEDED,INVALID
1197,2,11,74,23957,26564,0,CAPACITY_EXCEEDED,INVALID
1198,2,11,75,22318,24859,1,FEASIBLE,WORSE
1199,2,11,76,23091,25654,0,CAPACITY_EXCEEDED,INVALID
1200,2,11,77,24060,26655,0,CAPACITY_EXCEEDED,INVALID
1201,2,11,78,23594,26185,0,CAPACITY_EXCEEDED,INVALID
1202,2,11,79,23279,25856,0,CAPACITY_EXCEEDED,INVALID
1203,2,11,80,22528,25092,1,FEASIBLE,WORSE
1204,2,11,81,22951,25547,0,CAPACITY_EXCEEDED,INVALID
1205,2,11,82,23122,25667,0,CAPACITY_EXCEEDED,INVALID
1206,2,11,83,22857,25444,0,CAPACITY_EXCEEDED,INVALID
1207,2,11,84,23061,25629,0,CAPACITY_EXCEEDED,INVALID
1208,2,11,85,22882,25494,0,CAPACITY_EXCEEDED,INVALID
1209,2,11,86,23740,26345,0,CAPACITY_EXCEEDED,INVALID
1210,2,11,87,23711,26329,0,CAPACITY_EXCEEDED,INVALID
1211,2,11,88,23882,26513,0,CAPACITY_EXCEEDED,INVALID
1212,2,11,89,23004,25631,0,CAPACITY_EXCEEDED,INVALID
1213,2,11,90,23197,25761,0,CAPACITY_EXCEEDED,INVALID
1214,2,11,91,23379,25977,0,CAPACITY_EXCEEDED,INVALID
1215,2,11,92,23400,25946,0,CAPACITY_EXCEEDED,INVALID
1216,2,11,93,22772,25358,1,FEASIBLE,WORSE
1217,2,11,94,23654,26241,0,CAPACITY_EXCEEDED,INVALID
1218,2,11,95,24101,26718,0,CAPACITY_EXCEEDED,INVALID
1219,2,11,96,23798,26354,0,CAPACITY_EXCEEDED,INVALID
1220,2,11,97,22584,25151,1,FEASIBLE,WORSE
1221,2,11,98,24274,26862,0,CAPACITY_EXCEEDED,INVALID
1222,2,11,99,23230,25878,0,CAPACITY_EXCEEDED,INVALID
1223,2,12,13,21774,24356,1,FEASIBLE,WORSE
1224,2,12,14,22515,25050,1,FEASIBLE,WORSE
1225,2,12,15,22370,24988,1,FEASIBLE,WORSE
1226,2,12,16,22585,25217,1,FEASIBLE,WORSE
1227,2,12,17,22338,24878,1,FEASIBLE,WORSE
1228,2,12,18,23013,25635,0,CAPACITY_EXCEEDED,INVALID
1229,2,12,19,23508,26058,0,CAPACITY_EXCEEDED,INVALID
1230,2,12,20,22225,24838,1,FEASIBLE,WORSE
1231,2,12,21,22491,25126,1,FEASIBLE,WORSE
1232,2,12,22,22346,24985,1,FEASIBLE,WORSE
1233,2,12,23,23597,26162,0,CAPACITY_EXCEEDED,INVALID
1234,2,12,24,22669,25260,1,FEASIBLE,WORSE
1235,2,12,25,21984,24602,1,FEASIBLE,WORSE
1236,2,12,26,22983,25607,0,CAPACITY_EXCEEDED,INVALID
1237,2,12,27,23266,25825,0,CAPACITY_EXCEEDED,INVALID
1238,2,12,28,22944,25566,0,CAPACITY_EXCEEDED,INVALID
1239,2,12,29,21913,24502,1,FEASIBLE,WORSE
1240,2,12,30,22107,24698,1,FEASIBLE,WORSE
1241,2,12,31,23255,25883,0,CAPACITY_EXCEEDED,INVALID
1242,2,12,32,23507,26120,0,CAPACITY_EXCEEDED,INVALID
1243,2,12,33,23187,25793,0,CAPACITY_EXCEEDED,INVALID
1244,2,12,34,22748,25327,1,FEASIBLE,WORSE
1245,2,12,35,22670,25272,1,FEASIBLE,WORSE
1246,2,12,36,23552,26175,0,CAPACITY_EXCEEDED,INVALID
1247,2,12,37,23094,25649,0,CAPACITY_EXCEEDED,INVALID
1248,2,12,38,22411,25000,1,FEASIBLE,WORSE
1249,2,12,39,21658,24250,1,FEASIBLE,WORSE
1250,2,12,40,22026,24638,1,FEASIBLE,WORSE
1251,2,12,41,23334,25872,0,CAPACITY_EXCEEDED,INVALID
1252,2,12,42,23486,26093,0,CAPACITY_EXCEEDED,INVALID
1253,2,12,43,22891,25511,0,CAPACITY_EXCEEDED,INVALID
1254,2,12,44,22962,25514,0,CAPACITY_EXCEEDED,INVALID
1255,2,12,45,21726,24266,1,FEASIBLE,WORSE
1256,2,12,46,22470,25053,1,FEASIBLE,WORSE
1257,2,12,47,23370,26005,0,CAPACITY_EXCEEDED,INVALID
1258,2,12,48,22507,25099,1,FEASIBLE,WORSE
1259,2,12,49,23296,25870,0,CAPACITY_EXCEEDED,INVALID
1260,2,12,50,23308,25888,0,CAPACITY_EXCEEDED,INVALID
1261,2,12,51,23555,26194,0,CAPACITY_EXCEEDED,INVALID
1262,2,12,52,21761,24346,1,FEASIBLE,WORSE
1263,2,12,53,22101,24705,1,FEASIBLE,WORSE
1264,2,12,54,22803,25338,1,FEASIBLE,WORSE
1265,2,12,55,22454,25065,1,FEASIBLE,WORSE
1266,2,12,56,22076,24628,1,FEASIBLE,WORSE
1267,2,12,57,22095,24680,1,FEASIBLE,WORSE
1268,2,12,58,22533,25079,1,FEASIBLE,WORSE
1269,2,12,59,21701,24238,1,FEASIBLE,WORSE
1270,2,12,60,23113,25691,0,CAPACITY_EXCEEDED,INVALID
1271,2,12,61,23307,25900,0,CAPACITY_EXCEEDED,INVALID
1272,2,12,62,22385,25009,1,FEASIBLE,WORSE
1273,2,12,63,22361,24899,1,FEASIBLE,WORSE
1274,2,12,64,22593,25197,1,FEASIBLE,WORSE
1275,2,12,65,22261,24806,1,FEASIBLE,WORSE
1276,2,12,66,22338,24902,1,FEASIBLE,WORSE
1277,2,12,67,22181,24812,1,FEASIBLE,WORSE
1278,2,12,68,22228,24837,1,FEASIBLE,WORSE
1279,2,12,69,21770,24312,1,FEASIBLE,WORSE
1280,2,12,70,21713,24290,1,FEASIBLE,WORSE
1281,2,12,71,22781,25374,1,FEASIBLE,WORSE
1282,2,12,72,22208,24773,1,FEASIBLE,WORSE
1283,2,12,73,22772,25345,1,FEASIBLE,WORSE
1284,2,12,74,23269,25877,0,CAPACITY_EXCEEDED,INVALID
1285,2,12,75,21630,24172,1,FEASIBLE,WORSE
1286,2,12,76,22403,24967,1,FEASIBLE,WORSE
1287,2,12,77,23372,25968,0,CAPACITY_EXCEEDED,INVALID
1288,2,12,78,22906,25498,0,CAPACITY_EXCEEDED,INVALID
1289,2,12,79,22591,25169,1,FEASIBLE,WORSE
1290,2,12,80,21840,24405,1,FEASIBLE,WORSE
1291,2,12,81,22263,24860,1,FEASIBLE,WORSE
1292,2,12,82,22434,24980,1,FEASIBLE,WORSE
1293,2,12,83,22169,24757,1,FEASIBLE,WORSE
1294,2,12,84,22373,24942,1,FEASIBLE,WORSE
1295,2,12,85,22194,24807,1,FEASIBLE,WORSE
1296,2,12,86,23052,25658,0,CAPACITY_EXCEEDED,INVALID
1297,2,12,87,23023,25642,0,CAPACITY_EXCEEDED,INVALID
1298,2,12,88,23194,25826,0,CAPACITY_EXCEEDED,INVALID
1299,2,12,89,22316,24944,1,FEASIBLE,WORSE
1300,2,12,90,22509,25074,1,FEASIBLE,WORSE
1301,2,12,91,22691,25290,1,FEASIBLE,WORSE
1302,2,12,92,22712,25259,1,FEASIBLE,WORSE
1303,2,12,93,22084,24671,1,FEASIBLE,WORSE
1304,2,12,94,22966,25554,0,CAPACITY_EXCEEDED,INVALID
1305,2,12,95,23413,26031,0,CAPACITY_EXCEEDED,INVALID
1306,2,12,96,23110,25667,0,CAPACITY_EXCEEDED,INVALID
1307,2,12,97,21896,24464,1,FEASIBLE,WORSE
1308,2,12,98,23586,26175,0,CAPACITY_EXCEEDED,INVALID
1309,2,12,99,22542,25191,1,FEASIBLE,WORSE
1310,2,13,14,21877,24453,1,FEASIBLE,WORSE
1311,2,13,15,21732,24391,1,FEASIBLE,WORSE
1312,2,13,16,21947,24620,1,FEASIBLE,WORSE
1313,2,13,17,21700,24281,1,FEASIBLE,WORSE
1314,2,13,18,22375,25038,1,FEASIBLE,WORSE
1315,2,13,19,22870,25461,0,CAPACITY_EXCEEDED,INVALID
1316,2,13,20,21587,24241,1,FEASIBLE,WORSE
1317,2,13,21,21853,24529,1,FEASIBLE,WORSE
1318,2,13,22,21708,24388,1,FEASIBLE,WORSE
1319,2,13,23,22959,25565,0,CAPACITY_EXCEEDED,INVALID
1320,2,13,24,22031,24663,1,FEASIBLE,WORSE
1321,2,13,25,21346,24005,1,FEASIBLE,WORSE
1322,2,13,26,22345,25010,1,FEASIBLE,WORSE
1323,2,13,27,22628,25228,1,FEASIBLE,WORSE
1324,2,13,28,22306,24969,1,FEASIBLE,WORSE
1325,2,13,29,21275,23905,1,FEASIBLE,WORSE
1326,2,13,30,21469,24101,1,FEASIBLE,WORSE
1327,2,13,31,22617,25286,1,FEASIBLE,WORSE
1328,2,13,32,22869,25523,0,CAPACITY_EXCEEDED,INVALID
1329,2,13,33,22549,25196,1,FEASIBLE,WORSE
1330,2,13,34,22110,24730,1,FEASIBLE,WORSE
1331,2,13,35,22032,24675,1,FEASIBLE,WORSE
1332,2,13,36,22914,25578,0,CAPACITY_EXCEEDED,INVALID
1333,2,13,37,22456,25052,1,FEASIBLE,WORSE
1334,2,13,38,21773,24403,1,FEASIBLE,WORSE
1335,2,13,39,21020,23653,1,FEASIBLE,WORSE
1336,2,13,40,21388,24041,1,FEASIBLE,WORSE
1337,2,13,41,22696,25275,1,FEASIBLE,WORSE
1338,2,13,42,22848,25496,0,CAPACITY_EXCEEDED,INVALID
1339,2,13,43,22253,24914,1,FEASIBLE,WORSE
1340,2,13,44,22324,24917,1,FEASIBLE,WORSE
1341,2,13,45,21088,23669,1,FEASIBLE,WORSE
1342,2,13,46,21832,24456,1,FEASIBLE,WORSE
1343,2,13,47,22732,25408,1,FEASIBLE,WORSE
1344,2,13,48,21869,24502,1,FEASIBLE,WORSE
1345,2,13,49,22658,25273,1,FEASIBLE,WORSE
1346,2,13,50,22670,25291,1,FEASIBLE,WORSE
1347,2,13,51,22917,25597,0,CAPACITY_EXCEEDED,INVALID
1348,2,13,52,21123,23749,1,FEASIBLE,WORSE
1349,2,13,53,21463,24108,1,FEASIBLE,WORSE
1350,2,13,54,22165,24741,1,FEASIBLE,WORSE
1351,2,13,55,21816,24468,1,FEASIBLE,WORSE
1352,2,13,56,21438,24031,1,FEASIBLE,WORSE
1353,2,13,57,21457,24083,1,FEASIBLE,WORSE
1354,2,13,58,21895,24482,1,FEASIBLE,WORSE
1355,2,13,59,21063,23641,1,FEASIBLE,WORSE
1356,2,13,60,22475,25094,1,FEASIBLE,WORSE
1357,2,13,61,22669,25303,1,FEASIBLE,WORSE
1358,2,13,62,21747,24412,1,FEASIBLE,WORSE
1359,2,13,63,21723,24302,1,FEASIBLE,WORSE
1360,2,13,64,21955,24600,1,FEASIBLE,WORSE
1361,2,13,65,21623,24209,1,FEASIBLE,WORSE
1362,2,13,66,21700,24305,1,FEASIBLE,WORSE
1363,2,13,67,21543,24215,1,FEASIBLE,WORSE
1364,2,13,68,21590,24240,1,FEASIBLE,WORSE
1365,2,13,69,21132,23715,1,FEASIBLE,WORSE
1366,2,13,70,21075,23693,1,FEASIBLE,WORSE
1367,2,13,71,22143,24777,1,FEASIBLE,WORSE
1368,2,13,72,21570,24176,1,FEASIBLE,WORSE
1369,2,13,73,22134,24748,1,FEASIBLE,WORSE
1370,2,13,74,22631,25280,1,FEASIBLE,WORSE
1371,2,13,75,20992,23575,1,FEASIBLE,WORSE
1372,2,13,76,21765,24370,1,FEASIBLE,WORSE
1373,2,13,77,22734,25371,1,FEASIBLE,WORSE
1374,2,13,78,22268,24901,1,FEASIBLE,WORSE
1375,2,13,79,21953,24572,1,FEASIBLE,WORSE
1376,2,13,80,21202,23808,1,FEASIBLE,WORSE
1377,2,13,81,21625,24263,1,FEASIBLE,WORSE
1378,2,13,82,21796,24383,1,FEASIBLE,WORSE
1379,2,13,83,21531,24160,1,FEASIBLE,WORSE
1380,2,13,84,21735,24345,1,FEASIBLE,WORSE
1381,2,13,85,21556,24210,1,FEASIBLE,WORSE
1382,2,13,86,22414,25061,1,FEASIBLE,WORSE
1383,2,13,87,22385,25045,1,FEASIBLE,WORSE
1384,2,13,88,22556,25229,1,FEASIBLE,WORSE
1385,2,13,89,21678,24347,1,FEASIBLE,WORSE
1386,2,13,90,21871,24477,1,FEASIBLE,WORSE
1387,2,13,91,22053,24693,1,FEASIBLE,WORSE
1388,2,13,92,22074,24662,1,FEASIBLE,WORSE
1389,2,13,93,21446,24074,1,FEASIBLE,WORSE
1390,2,13,94,22328,24957,1,FEASIBLE,WORSE
1391,2,13,95,22775,25434,1,FEASIBLE,WORSE
1392,2,13,96,22472,25070,1,FEASIBLE,WORSE
1393,2,13,97,21258,23867,1,FEASIBLE,WORSE
1394,2,13,98,22948,25578,0,CAPACITY_EXCEEDED,INVALID
1395,2,13,99,21904,24594,1,FEASIBLE,WORSE
1396,2,14,15,22473,25085,1,FEASIBLE,WORSE
1397,2,14,16,22688,25314,1,FEASIBLE,WORSE
1398,2,14,17,22441,24975,1,FEASIBLE,WORSE
1399,2,14,18,23116,25732,0,CAPACITY_EXCEEDED,INVALID
1400,2,14,19,23611,26155,0,CAPACITY_EXCEEDED,INVALID
1401,2,14,20,22328,24935,1,FEASIBLE,WORSE
1402,2,14,21,22594,25223,1,FEASIBLE,WORSE
1403,2,14,22,22449,25082,1,FEASIBLE,WORSE
1404,2,14,23,23700,26259,0,CAPACITY_EXCEEDED,INVALID
1405,2,14,24,22772,25357,1,FEASIBLE,WORSE
1406,2,14,25,22087,24699,1,FEASIBLE,WORSE
1407,2,14,26,23086,25704,0,CAPACITY_EXCEEDED,INVALID
1408,2,14,27,23369,25922,0,CAPACITY_EXCEEDED,INVALID
1409,2,14,28,23047,25663,0,CAPACITY_EXCEEDED,INVALID
1410,2,14,29,22016,24599,1,FEASIBLE,WORSE
1411,2,14,30,22210,24795,1,FEASIBLE,WORSE
1412,2,14,31,23358,25980,0,CAPACITY_EXCEEDED,INVALID
1413,2,14,32,23610,26217,0,CAPACITY_EXCEEDED,INVALID
1414,2,14,33,23290,25890,0,CAPACITY_EXCEEDED,INVALID
1415,2,14,34,22851,25424,0,CAPACITY_EXCEEDED,INVALID
1416,2,14,35,22773,25369,1,FEASIBLE,WORSE
1417,2,14,36,23655,26272,0,CAPACITY_EXCEEDED,INVALID
1418,2,14,37,23197,25746,0,CAPACITY_EXCEEDED,INVALID
1419,2,14,38,22514,25097,1,FEASIBLE,WORSE
1420,2,14,39,21761,24347,1,FEASIBLE,WORSE
1421,2,14,40,22129,24735,1,FEASIBLE,WORSE
1422,2,14,41,23437,25969,0,CAPACITY_EXCEEDED,INVALID
1423,2,14,42,23589,26190,0,CAPACITY_EXCEEDED,INVALID
1424,2,14,43,22994,25608,0,CAPACITY_EXCEEDED,INVALID
1425,2,14,44,23065,25611,0,CAPACITY_EXCEEDED,INVALID
1426,2,14,45,21829,24363,1,FEASIBLE,WORSE
1427,2,14,46,22573,25150,1,FEASIBLE,WORSE
1428,2,14,47,23473,26102,0,CAPACITY_EXCEEDED,INVALID
1429,2,14,48,22610,25196,1,FEASIBLE,WORSE
1430,2,14,49,23399,25967,0,CAPACITY_EXCEEDED,INVALID
1431,2,14,50,23411,25985,0,CAPACITY_EXCEEDED,INVALID
1432,2,14,51,23658,26291,0,CAPACITY_EXCEEDED,INVALID
1433,2,14,52,21864,24443,1,FEASIBLE,WORSE
1434,2,14,53,22204,24802,1,FEASIBLE,WORSE
1435,2,14,54,22906,25435,0,CAPACITY_EXCEEDED,INVALID
1436,2,14,55,22557,25162,1,FEASIBLE,WORSE
1437,2,14,56,22179,24725,1,FEASIBLE,WORSE
1438,2,14,57,22198,24777,1,FEASIBLE,WORSE
1439,2,14,58,22636,25176,1,FEASIBLE,WORSE
1440,2,14,59,21804,24335,1,FEASIBLE,WORSE
1441,2,14,60,23216,25788,0,CAPACITY_EXCEEDED,INVALID
1442,2,14,61,23410,25997,0,CAPACITY_EXCEEDED,INVALID
1443,2,14,62,22488,25106,1,FEASIBLE,WORSE
1444,2,14,63,22464,24996,1,FEASIBLE,WORSE
1445,2,14,64,22696,25294,1,FEASIBLE,WORSE
1446,2,14,65,22364,24903,1,FEASIBLE,WORSE
1447,2,14,66,22441,24999,1,FEASIBLE,WORSE
1448,2,14,67,22284,24909,1,FEASIBLE,WORSE
1449,2,14,68,22331,24934,1,FEASIBLE,WORSE
1450,2,14,69,21873,24409,1,FEASIBLE,WORSE
1451,2,14,70,21816,24387,1,FEASIBLE,WORSE
1452,2,14,71,22884,25471,0,CAPACITY_EXCEEDED,INVALID
1453,2,14,72,22311,24870,1,FEASIBLE,WORSE
1454,2,14,73,22875,25442,0,CAPACITY_EXCEEDED,INVALID
1455,2,14,74,23372,25974,0,CAPACITY_EXCEEDED,INVALID
1456,2,14,75,21733,24269,1,FEASIBLE,WORSE
1457,2,14,76,22506,25064,1,FEASIBLE,WORSE
1458,2,14,77,23475,26065,0,CAPACITY_EXCEEDED,INVALID
1459,2,14,78,23009,25595,0,CAPACITY_EXCEEDED,INVALID
1460,2,14,79,22694,25266,1,FEASIBLE,WORSE
1461,2,14,80,21943,24502,1,FEASIBLE,WORSE
1462,2,14,81,22366,24957,1,FEASIBLE,WORSE
1463,2,14,82,22537,25077,1,FEASIBLE,WORSE
1464,2,14,83,22272,24854,1,FEASIBLE,WORSE
1465,2,14,84,22476,25039,1,FEASIBLE,WORSE
1466,2,14,85,22297,24904,1,FEASIBLE,WORSE
1467,2,14,86,23155,25755,0,CAPACITY_EXCEEDED,INVALID
1468,2,14,87,23126,25739,0,CAPACITY_EXCEEDED,INVALID
1469,2,14,88,23297,25923,0,CAPACITY_EXCEEDED,INVALID
1470,2,14,89,22419,25041,1,FEASIBLE,WORSE
1471,2,14,90,22612,25171,1,FEASIBLE,WORSE
1472,2,14,91,22794,25387,1,FEASIBLE,WORSE
1473,2,14,92,22815,25356,0,CAPACITY_EXCEEDED,INVALID
1474,2,14,93,22187,24768,1,FEASIBLE,WORSE
1475,2,14,94,23069,25651,0,CAPACITY_EXCEEDED,INVALID
1476,2,14,95,23516,26128,0,CAPACITY_EXCEEDED,INVALID
1477,2,14,96,23213,25764,0,CAPACITY_EXCEEDED,INVALID
1478,2,14,97,21999,24561,1,FEASIBLE,WORSE
1479,2,14,98,23689,26272,0,CAPACITY_EXCEEDED,INVALID
1480,2,14,99,22645,25288,1,FEASIBLE,WORSE
1481,2,15,16,22543,25252,1,FEASIBLE,WORSE
1482,2,15,17,22296,24913,1,FEASIBLE,WORSE
1483,2,15,18,22971,25670,0,CAPACITY_EXCEEDED,INVALID
1484,2,15,19,23466,26093,0,CAPACITY_EXCEEDED,INVALID
1485,2,15,20,22183,24873,1,FEASIBLE,WORSE
1486,2,15,21,22449,25161,1,FEASIBLE,WORSE
1487,2,15,22,22304,25020,1,FEASIBLE,WORSE
1488,2,15,23,23555,26197,0,CAPACITY_EXCEEDED,INVALID
1489,2,15,24,22627,25295,1,FEASIBLE,WORSE
1490,2,15,25,21942,24637,1,FEASIBLE,WORSE
1491,2,15,26,22941,25642,0,CAPACITY_EXCEEDED,INVALID
1492,2,15,27,23224,25860,0,CAPACITY_EXCEEDED,INVALID
1493,2,15,28,22902,25601,0,CAPACITY_EXCEEDED,INVALID
1494,2,15,29,21871,24537,1,FEASIBLE,WORSE
1495,2,15,30,22065,24733,1,FEASIBLE,WORSE
1496,2,15,31,23213,25918,0,CAPACITY_EXCEEDED,INVALID
1497,2,15,32,23465,26155,0,CAPACITY_EXCEEDED,INVALID
1498,2,15,33,23145,25828,0,CAPACITY_EXCEEDED,INVALID
1499,2,15,34,22706,25362,1,FEASIBLE,WORSE
1500,2,15,35,22628,25307,1,FEASIBLE,WORSE
1501,2,15,36,23510,26210,0,CAPACITY_EXCEEDED,INVALID
1502,2,15,37,23052,25684,0,CAPACITY_EXCEEDED,INVALID
1503,2,15,38,22369,25035,1,FEASIBLE,WORSE
1504,2,15,39,21616,24285,1,FEASIBLE,WORSE
1505,2,15,40,21984,24673,1,FEASIBLE,WORSE
1506,2,15,41,23292,25907,0,CAPACITY_EXCEEDED,INVALID
1507,2,15,42,23444,26128,0,CAPACITY_EXCEEDED,INVALID
1508,2,15,43,22849,25546,0,CAPACITY_EXCEEDED,INVALID
1509,2,15,44,22920,25549,0,CAPACITY_EXCEEDED,INVALID
1510,2,15,45,21684,24301,1,FEASIBLE,WORSE
1511,2,15,46,22428,25088,1,FEASIBLE,WORSE
1512,2,15,47,23328,26040,0,CAPACITY_EXCEEDED,INVALID
1513,2,15,48,22465,25134,1,FEASIBLE,WORSE
1514,2,15,49,23254,25905,0,CAPACITY_EXCEEDED,INVALID
1515,2,15,50,23266,25923,0,CAPACITY_EXCEEDED,INVALID
1516,2,15,51,23513,26229,0,CAPACITY_EXCEEDED,INVALID
1517,2,15,52,21719,24381,1,FEASIBLE,WORSE
1518,2,15,53,22059,24740,1,FEASIBLE,WORSE
1519,2,15,54,22761,25373,1,FEASIBLE,WORSE
1520,2,15,55,22412,25100,1,FEASIBLE,WORSE
1521,2,15,56,22034,24663,1,FEASIBLE,WORSE
1522,2,15,57,22053,24715,1,FEASIBLE,WORSE
1523,2,15,58,22491,25114,1,FEASIBLE,WORSE
1524,2,15,59,21659,24273,1,FEASIBLE,WORSE
1525,2,15,60,23071,25726,0,CAPACITY_EXCEEDED,INVALID
1526,2,15,61,23265,25935,0,CAPACITY_EXCEEDED,INVALID
1527,2,15,62,22343,25044,1,FEASIBLE,WORSE
1528,2,15,63,22319,24934,1,FEASIBLE,WORSE
1529,2,15,64,22551,25232,1,FEASIBLE,WORSE
1530,2,15,65,22219,24841,1,FEASIBLE,WORSE
1531,2,15,66,22296,24937,1,FEASIBLE,WORSE
1532,2,15,67,22139,24847,1,FEASIBLE,WORSE
1533,2,15,68,22186,24872,1,FEASIBLE,WORSE
1534,2,15,69,21728,24347,1,FEASIBLE,WORSE
1535,2,15,70,21671,24325,1,FEASIBLE,WORSE
1536,2,15,71,22739,25409,1,FEASIBLE,WORSE
1537,2,15,72,22166,24808,1,FEASIBLE,WORSE
1538,2,15,73,22730,25380,1,FEASIBLE,WORSE
1539,2,15,74,23227,25912,0,CAPACITY_EXCEEDED,INVALID
1540,2,15,75,21588,24207,1,FEASIBLE,WORSE
1541,2,15,76,22361,25002,1,FEASIBLE,WORSE
1542,2,15,77,23330,26003,0,CAPACITY_EXCEEDED,INVALID
1543,2,15,78,22864,25533,0,CAPACITY_EXCEEDED,INVALID
1544,2,15,79,22549,25204,1,FEASIBLE,WORSE
1545,2,15,80,21798,24440,1,FEASIBLE,WORSE
1546,2,15,81,22221,24895,1,FEASIBLE,WORSE
1547,2,15,82,22392,25015,1,FEASIBLE,WORSE
1548,2,15,83,22127,24792,1,FEASIBLE,WORSE
1549,2,15,84,22331,24977,1,FEASIBLE,WORSE
1550,2,15,85,22152,24842,1,FEASIBLE,WORSE
1551,2,15,86,23010,25693,0,CAPACITY_EXCEEDED,INVALID
1552,2,15,87,22981,25677,0,CAPACITY_EXCEEDED,INVALID
1553,2,15,88,23152,25861,0,CAPACITY_EXCEEDED,INVALID
1554,2,15,89,22274,24979,1,FEASIBLE,WORSE
1555,2,15,90,22467,25109,1,FEASIBLE,WORSE
1556,2,15,91,22649,25325,1,FEASIBLE,WORSE
1557,2,15,92,22670,25294,1,FEASIBLE,WORSE
1558,2,15,93,22042,24706,1,FEASIBLE,WORSE
1559,2,15,94,22924,25589,0,CAPACITY_EXCEEDED,INVALID
1560,2,15,95,23371,26066,0,CAPACITY_EXCEEDED,INVALID
1561,2,15,96,23068,25702,0,CAPACITY_EXCEEDED,INVALID
1562,2,15,97,21854,24499,1,FEASIBLE,WORSE
1563,2,15,98,23544,26210,0,CAPACITY_EXCEEDED,INVALID
1564,2,15,99,22500,25226,1,FEASIBLE,WORSE
1565,2,16,17,22511,25142,1,FEASIBLE,WORSE
1566,2,16,18,23186,25899,0,CAPACITY_EXCEEDED,INVALID
1567,2,16,19,23681,26322,0,CAPACITY_EXCEEDED,INVALID
1568,2,16,20,22398,25102,1,FEASIBLE,WORSE
1569,2,16,21,22664,25390,1,FEASIBLE,WORSE
1570,2,16,22,22519,25249,1,FEASIBLE,WORSE
1571,2,16,23,23770,26426,0,CAPACITY_EXCEEDED,INVALID
1572,2,16,24,22842,25524,0,CAPACITY_EXCEEDED,INVALID
1573,2,16,25,22157,24866,1,FEASIBLE,WORSE
1574,2,16,26,23156,25871,0,CAPACITY_EXCEEDED,INVALID
1575,2,16,27,23439,26089,0,CAPACITY_EXCEEDED,INVALID
1576,2,16,28,23117,25830,0,CAPACITY_EXCEEDED,INVALID
1577,2,16,29,22086,24766,1,FEASIBLE,WORSE
1578,2,16,30,22280,24962,1,FEASIBLE,WORSE
1579,2,16,31,23428,26147,0,CAPACITY_EXCEEDED,INVALID
1580,2,16,32,23680,26384,0,CAPACITY_EXCEEDED,INVALID
1581,2,16,33,23360,26057,0,CAPACITY_EXCEEDED,INVALID
1582,2,16,34,22921,25591,0,CAPACITY_EXCEEDED,INVALID
1583,2,16,35,22843,25536,0,CAPACITY_EXCEEDED,INVALID
1584,2,16,36,23725,26439,0,CAPACITY_EXCEEDED,INVALID
1585,2,16,37,23267,25913,0,CAPACITY_EXCEEDED,INVALID
1586,2,16,38,22584,25264,1,FEASIBLE,WORSE
1587,2,16,39,21831,24514,1,FEASIBLE,WORSE
1588,2,16,40,22199,24902,1,FEASIBLE,WORSE
1589,2,16,41,23507,26136,0,CAPACITY_EXCEEDED,INVALID
1590,2,16,42,23659,26357,0,CAPACITY_EXCEEDED,INVALID
1591,2,16,43,23064,25775,0,CAPACITY_EXCEEDED,INVALID
1592,2,16,44,23135,25778,0,CAPACITY_EXCEEDED,INVALID
1593,2,16,45,21899,24530,1,FEASIBLE,WORSE
1594,2,16,46,22643,25317,1,FEASIBLE,WORSE
1595,2,16,47,23543,26269,0,CAPACITY_EXCEEDED,INVALID
1596,2,16,48,22680,25363,1,FEASIBLE,WORSE
1597,2,16,49,23469,26134,0,CAPACITY_EXCEEDED,INVALID
1598,2,16,50,23481,26152,0,CAPACITY_EXCEEDED,INVALID
1599,2,16,51,23728,26458,0,CAPACITY_EXCEEDED,INVALID
1600,2,16,52,21934,24610,1,FEASIBLE,WORSE
1601,2,16,53,22274,24969,1,FEASIBLE,WORSE
1602,2,16,54,22976,25602,0,CAPACITY_EXCEEDED,INVALID
1603,2,16,55,22627,25329,1,FEASIBLE,WORSE
1604,2,16,56,22249,24892,1,FEASIBLE,WORSE
1605,2,16,57,22268,24944,1,FEASIBLE,WORSE
1606,2,16,58,22706,25343,1,FEASIBLE,WORSE
1607,2,16,59,21874,24502,1,FEASIBLE,WORSE
1608,2,16,60,23286,25955,0,CAPACITY_EXCEEDED,INVALID
1609,2,16,61,23480,26164,0,CAPACITY_EXCEEDED,INVALID
1610,2,16,62,22558,25273,1,FEASIBLE,WORSE
1611,2,16,63,22534,25163,1,FEASIBLE,WORSE
1612,2,16,64,22766,25461,1,FEASIBLE,WORSE
1613,2,16,65,22434,25070,1,FEASIBLE,WORSE
1614,2,16,66,22511,25166,1,FEASIBLE,WORSE
1615,2,16,67,22354,25076,1,FEASIBLE,WORSE
1616,2,16,68,22401,25101,1,FEASIBLE,WORSE
1617,2,16,69,21943,24576,1,FEASIBLE,WORSE
1618,2,16,70,21886,24554,1,FEASIBLE,WORSE
1619,2,16,71,22954,25638,0,CAPACITY_EXCEEDED,INVALID
1620,2,16,72,22381,25037,1,FEASIBLE,WORSE
1621,2,16,73,22945,25609,0,CAPACITY_EXCEEDED,INVALID
1622,2,16,74,23442,26141,0,CAPACITY_EXCEEDED,INVALID
1623,2,16,75,21803,24436,1,FEASIBLE,WORSE
1624,2,16,76,22576,25231,1,FEASIBLE,WORSE
1625,2,16,77,23545,26232,0,CAPACITY_EXCEEDED,INVALID
1626,2,16,78,23079,25762,0,CAPACITY_EXCEEDED,INVALID
1627,2,16,79,22764,25433,1,FEASIBLE,WORSE
1628,2,16,80,22013,24669,1,FEASIBLE,WORSE
1629,2,16,81,22436,25124,1,FEASIBLE,WORSE
1630,2,16,82,22607,25244,1,FEASIBLE,WORSE
1631,2,16,83,22342,25021,1,FEASIBLE,WORSE
1632,2,16,84,22546,25206,1,FEASIBLE,WORSE
1633,2,16,85,22367,25071,1,FEASIBLE,WORSE
1634,2,16,86,23225,25922,0,CAPACITY_EXCEEDED,INVALID
1635,2,16,87,23196,25906,0,CAPACITY_EXCEEDED,INVALID
1636,2,16,88,23367,26090,0,CAPACITY_EXCEEDED,INVALID
1637,2,16,89,22489,25208,1,FEASIBLE,WORSE
1638,2,16,90,22682,25338,1,FEASIBLE,WORSE
1639,2,16,91,22864,25554,0,CAPACITY_EXCEEDED,INVALID
1640,2,16,92,22885,25523,0,CAPACITY_EXCEEDED,INVALID
1641,2,16,93,22257,24935,1,FEASIBLE,WORSE
1642,2,16,94,23139,25818,0,CAPACITY_EXCEEDED,INVALID
1643,2,16,95,23586,26295,0,CAPACITY_EXCEEDED,INVALID
1644,2,16,96,23283,25931,0,CAPACITY_EXCEEDED,INVALID
1645,2,16,97,22069,24728,1,FEASIBLE,WORSE
1646,2,16,98,23759,26439,0,CAPACITY_EXCEEDED,INVALID
1647,2,16,99,22715,25455,1,FEASIBLE,WORSE
1648,2,17,18,22939,25560,0,CAPACITY_EXCEEDED,INVALID
1649,2,17,19,23434,25983,0,CAPACITY_EXCEEDED,INVALID
1650,2,17,20,22151,24763,1,FEASIBLE,WORSE
1651,2,17,21,22417,25051,1,FEASIBLE,WORSE
1652,2,17,22,22272,24910,1,FEASIBLE,WORSE
1653,2,17,23,23523,26087,0,CAPACITY_EXCEEDED,INVALID
1654,2,17,24,22595,25185,1,FEASIBLE,WORSE
1655,2,17,25,21910,24527,1,FEASIBLE,WORSE
1656,2,17,26,22909,25532,0,CAPACITY_EXCEEDED,INVALID
1657,2,17,27,23192,25750,0,CAPACITY_EXCEEDED,INVALID
1658,2,17,28,22870,25491,0,CAPACITY_EXCEEDED,INVALID
1659,2,17,29,21839,24427,1,FEASIBLE,WORSE
1660,2,17,30,22033,24623,1,FEASIBLE,WORSE
1661,2,17,31,23181,25808,0,CAPACITY_EXCEEDED,INVALID
1662,2,17,32,23433,26045,0,CAPACITY_EXCEEDED,INVALID
1663,2,17,33,23113,25718,0,CAPACITY_EXCEEDED,INVALID
1664,2,17,34,22674,25252,1,FEASIBLE,WORSE
1665,2,17,35,22596,25197,1,FEASIBLE,WORSE
1666,2,17,36,23478,26100,0,CAPACITY_EXCEEDED,INVALID
1667,2,17,37,23020,25574,0,CAPACITY_EXCEEDED,INVALID
1668,2,17,38,22337,24925,1,FEASIBLE,WORSE
1669,2,17,39,21584,24175,1,FEASIBLE,WORSE
1670,2,17,40,21952,24563,1,FEASIBLE,WORSE
1671,2,17,41,23260,25797,0,CAPACITY_EXCEEDED,INVALID
1672,2,17,42,23412,26018,0,CAPACITY_EXCEEDED,INVALID
1673,2,17,43,22817,25436,0,CAPACITY_EXCEEDED,INVALID
1674,2,17,44,22888,25439,0,CAPACITY_EXCEEDED,INVALID
1675,2,17,45,21652,24191,1,FEASIBLE,WORSE
1676,2,17,46,22396,24978,1,FEASIBLE,WORSE
1677,2,17,47,23296,25930,0,CAPACITY_EXCEEDED,INVALID
1678,2,17,48,22433,25024,1,FEASIBLE,WORSE
1679,2,17,49,23222,25795,0,CAPACITY_EXCEEDED,INVALID
1680,2,17,50,23234,25813,0,CAPACITY_EXCEEDED,INVALID
1681,2,17,51,23481,26119,0,CAPACITY_EXCEEDED,INVALID
1682,2,17,52,21687,24271,1,FEASIBLE,WORSE
1683,2,17,53,22027,24630,1,FEASIBLE,WORSE
1684,2,17,54,22729,25263,1,FEASIBLE,WORSE
1685,2,17,55,22380,24990,1,FEASIBLE,WORSE
1686,2,17,56,22002,24553,1,FEASIBLE,WORSE
1687,2,17,57,22021,24605,1,FEASIBLE,WORSE
1688,2,17,58,22459,25004,1,FEASIBLE,WORSE
1689,2,17,59,21627,24163,1,FEASIBLE,WORSE
1690,2,17,60,23039,25616,0,CAPACITY_EXCEEDED,INVALID
1691,2,17,61,23233,25825,0,CAPACITY_EXCEEDED,INVALID
1692,2,17,62,22311,24934,1,FEASIBLE,WORSE
1693,2,17,63,22287,24824,1,FEASIBLE,WORSE
1694,2,17,64,22519,25122,1,FEASIBLE,WORSE
1695,2,17,65,22187,24731,1,FEASIBLE,WORSE
1696,2,17,66,22264,24827,1,FEASIBLE,WORSE
1697,2,17,67,22107,24737,1,FEASIBLE,WORSE
1698,2,17,68,22154,24762,1,FEASIBLE,WORSE
1699,2,17,69,21696,24237,1,FEASIBLE,WORSE
1700,2,17,70,21639,24215,1,FEASIBLE,WORSE
1701,2,17,71,22707,25299,1,FEASIBLE,WORSE
1702,2,17,72,22134,24698,1,FEASIBLE,WORSE
1703,2,17,73,22698,25270,1,FEASIBLE,WORSE
1704,2,17,74,23195,25802,0,CAPACITY_EXCEEDED,INVALID
1705,2,17,75,21556,24097,1,FEASIBLE,WORSE
1706,2,17,76,22329,24892,1,FEASIBLE,WORSE
1707,2,17,77,23298,25893,0,CAPACITY_EXCEEDED,INVALID
1708,2,17,78,22832,25423,0,CAPACITY_EXCEEDED,INVALID
1709,2,17,79,22517,25094,1,FEASIBLE,WORSE
1710,2,17,80,21766,24330,1,FEASIBLE,WORSE
1711,2,17,81,22189,24785,1,FEASIBLE,WORSE
1712,2,17,82,22360,24905,1,FEASIBLE,WORSE
1713,2,17,83,22095,24682,1,FEASIBLE,WORSE
1714,2,17,84,22299,24867,1,FEASIBLE,WORSE
1715,2,17,85,22120,24732,1,FEASIBLE,WORSE
1716,2,17,86,22978,25583,0,CAPACITY_EXCEEDED,INVALID
1717,2,17,87,22949,25567,0,CAPACITY_EXCEEDED,INVALID
1718,2,17,88,23120,25751,0,CAPACITY_EXCEEDED,INVALID
1719,2,17,89,22242,24869,1,FEASIBLE,WORSE
1720,2,17,90,22435,24999,1,FEASIBLE,WORSE
1721,2,17,91,22617,25215,1,FEASIBLE,WORSE
1722,2,17,92,22638,25184,1,FEASIBLE,WORSE
1723,2,17,93,22010,24596,1,FEASIBLE,WORSE
1724,2,17,94,22892,25479,0,CAPACITY_EXCEEDED,INVALID
1725,2,17,95,23339,25956,0,CAPACITY_EXCEEDED,INVALID
1726,2,17,96,23036,25592,0,CAPACITY_EXCEEDED,INVALID
1727,2,17,97,21822,24389,1,FEASIBLE,WORSE
1728,2,17,98,23512,26100,0,CAPACITY_EXCEEDED,INVALID
1729,2,17,99,22468,25116,1,FEASIBLE,WORSE
1730,2,18,19,24109,26740,0,CAPACITY_EXCEEDED,INVALID
1731,2,18,20,22826,25520,0,CAPACITY_EXCEEDED,INVALID
1732,2,18,21,23092,25808,0,CAPACITY_EXCEEDED,INVALID
1733,2,18,22,22947,25667,0,CAPACITY_EXCEEDED,INVALID
1734,2,18,23,24198,26844,0,CAPACITY_EXCEEDED,INVALID
1735,2,18,24,23270,25942,0,CAPACITY_EXCEEDED,INVALID
1736,2,18,25,22585,25284,1,FEASIBLE,WORSE
1737,2,18,26,23584,26289,0,CAPACITY_EXCEEDED,INVALID
1738,2,18,27,23867,26507,0,CAPACITY_EXCEEDED,INVALID
1739,2,18,28,23545,26248,0,CAPACITY_EXCEEDED,INVALID
1740,2,18,29,22514,25184,1,FEASIBLE,WORSE
1741,2,18,30,22708,25380,1,FEASIBLE,WORSE
1742,2,18,31,23856,26565,0,CAPACITY_EXCEEDED,INVALID
1743,2,18,32,24108,26802,0,CAPACITY_EXCEEDED,INVALID
1744,2,18,33,23788,26475,0,CAPACITY_EXCEEDED,INVALID
1745,2,18,34,23349,26009,0,CAPACITY_EXCEEDED,INVALID
1746,2,18,35,23271,25954,0,CAPACITY_EXCEEDED,INVALID
1747,2,18,36,24153,26857,0,CAPACITY_EXCEEDED,INVALID
1748,2,18,37,23695,26331,0,CAPACITY_EXCEEDED,INVALID
1749,2,18,38,23012,25682,0,CAPACITY_EXCEEDED,INVALID
1750,2,18,39,22259,24932,1,FEASIBLE,WORSE
1751,2,18,40,22627,25320,1,FEASIBLE,WORSE
1752,2,18,41,23935,26554,0,CAPACITY_EXCEEDED,INVALID
1753,2,18,42,24087,26775,0,CAPACITY_EXCEEDED,INVALID
1754,2,18,43,23492,26193,0,CAPACITY_EXCEEDED,INVALID
1755,2,18,44,23563,26196,0,CAPACITY_EXCEEDED,INVALID
1756,2,18,45,22327,24948,1,FEASIBLE,WORSE
1757,2,18,46,23071,25735,0,CAPACITY_EXCEEDED,INVALID
1758,2,18,47,23971,26687,0,CAPACITY_EXCEEDED,INVALID
1759,2,18,48,23108,25781,0,CAPACITY_EXCEEDED,INVALID
1760,2,18,49,23897,26552,0,CAPACITY_EXCEEDED,INVALID
1761,2,18,50,23909,26570,0,CAPACITY_EXCEEDED,INVALID
1762,2,18,51,24156,26876,0,CAPACITY_EXCEEDED,INVALID
1763,2,18,52,22362,25028,1,FEASIBLE,WORSE
1764,2,18,53,22702,25387,1,FEASIBLE,WORSE
1765,2,18,54,23404,26020,0,CAPACITY_EXCEEDED,INVALID
1766,2,18,55,23055,25747,0,CAPACITY_EXCEEDED,INVALID
1767,2,18,56,22677,25310,1,FEASIBLE,WORSE
1768,2,18,57,22696,25362,1,FEASIBLE,WORSE
1769,2,18,58,23134,25761,0,CAPACITY_EXCEEDED,INVALID
1770,2,18,59,22302,24920,1,FEASIBLE,WORSE
1771,2,18,60,23714,26373,0,CAPACITY_EXCEEDED,INVALID
1772,2,18,61,23908,26582,0,CAPACITY_EXCEEDED,INVALID
1773,2,18,62,22986,25691,0,CAPACITY_EXCEEDED,INVALID
1774,2,18,63,22962,25581,0,CAPACITY_EXCEEDED,INVALID
1775,2,18,64,23194,25879,0,CAPACITY_EXCEEDED,INVALID
1776,2,18,65,22862,25488,0,CAPACITY_EXCEEDED,INVALID
1777,2,18,66,22939,25584,0,CAPACITY_EXCEEDED,INVALID
1778,2,18,67,22782,25494,1,FEASIBLE,WORSE
1779,2,18,68,22829,25519,0,CAPACITY_EXCEEDED,INVALID
1780,2,18,69,22371,24994,1,FEASIBLE,WORSE
1781,2,18,70,22314,24972,1,FEASIBLE,WORSE
1782,2,18,71,23382,26056,0,CAPACITY_EXCEEDED,INVALID
1783,2,18,72,22809,25455,0,CAPACITY_EXCEEDED,INVALID
1784,2,18,73,23373,26027,0,CAPACITY_EXCEEDED,INVALID
1785,2,18,74,23870,26559,0,CAPACITY_EXCEEDED,INVALID
1786,2,18,75,22231,24854,1,FEASIBLE,WORSE
1787,2,18,76,23004,25649,0,CAPACITY_EXCEEDED,INVALID
1788,2,18,77,23973,26650,0,CAPACITY_EXCEEDED,INVALID
1789,2,18,78,23507,26180,0,CAPACITY_EXCEEDED,INVALID
1790,2,18,79,23192,25851,0,CAPACITY_EXCEEDED,INVALID
1791,2,18,80,22441,25087,1,FEASIBLE,WORSE
1792,2,18,81,22864,25542,0,CAPACITY_EXCEEDED,INVALID
1793,2,18,82,23035,25662,0,CAPACITY_EXCEEDED,INVALID
1794,2,18,83,22770,25439,1,FEASIBLE,WORSE
1795,2,18,84,22974,25624,0,CAPACITY_EXCEEDED,INVALID
1796,2,18,85,22795,25489,1,FEASIBLE,WORSE
1797,2,18,86,23653,26340,0,CAPACITY_EXCEEDED,INVALID
1798,2,18,87,23624,26324,0,CAPACITY_EXCEEDED,INVALID
1799,2,18,88,23795,26508,0,CAPACITY_EXCEEDED,INVALID
1800,2,18,89,22917,25626,0,CAPACITY_EXCEEDED,INVALID
1801,2,18,90,23110,25756,0,CAPACITY_EXCEEDED,INVALID
1802,2,18,91,23292,25972,0,CAPACITY_EXCEEDED,INVALID
1803,2,18,92,23313,25941,0,CAPACITY_EXCEEDED,INVALID
1804,2,18,93,22685,25353,1,FEASIBLE,WORSE
1805,2,18,94,23567,26236,0,CAPACITY_EXCEEDED,INVALID
1806,2,18,95,24014,26713,0,CAPACITY_EXCEEDED,INVALID
1807,2,18,96,23711,26349,0,CAPACITY_EXCEEDED,INVALID
1808,2,18,97,22497,25146,1,FEASIBLE,WORSE
1809,2,18,98,24187,26857,0,CAPACITY_EXCEEDED,INVALID
1810,2,18,99,23143,25873,0,CAPACITY_EXCEEDED,INVALID
1811,2,19,20,23321,25943,0,CAPACITY_EXCEEDED,INVALID
1812,2,19,21,23587,26231,0,CAPACITY_EXCEEDED,INVALID
1813,2,19,22,23442,26090,0,CAPACITY_EXCEEDED,INVALID
1814,2,19,23,24693,27267,0,CAPACITY_EXCEEDED,INVALID
1815,2,19,24,23765,26365,0,CAPACITY_EXCEEDED,INVALID
1816,2,19,25,23080,25707,0,CAPACITY_EXCEEDED,INVALID
1817,2,19,26,24079,26712,0,CAPACITY_EXCEEDED,INVALID
1818,2,19,27,24362,26930,0,CAPACITY_EXCEEDED,INVALID
1819,2,19,28,24040,26671,0,CAPACITY_EXCEEDED,INVALID
1820,2,19,29,23009,25607,0,CAPACITY_EXCEEDED,INVALID
1821,2,19,30,23203,25803,0,CAPACITY_EXCEEDED,INVALID
1822,2,19,31,24351,26988,0,CAPACITY_EXCEEDED,INVALID
1823,2,19,32,24603,27225,0,CAPACITY_EXCEEDED,INVALID
1824,2,19,33,24283,26898,0,CAPACITY_EXCEEDED,INVALID
1825,2,19,34,23844,26432,0,CAPACITY_EXCEEDED,INVALID
1826,2,19,35,23766,26377,0,CAPACITY_EXCEEDED,INVALID
1827,2,19,36,24648,27280,0,CAPACITY_EXCEEDED,INVALID
1828,2,19,37,24190,26754,0,CAPACITY_EXCEEDED,INVALID
1829,2,19,38,23507,26105,0,CAPACITY_EXCEEDED,INVALID
1830,2,19,39,22754,25355,1,FEASIBLE,WORSE
1831,2,19,40,23122,25743,0,CAPACITY_EXCEEDED,INVALID
1832,2,19,41,24430,26977,0,CAPACITY_EXCEEDED,INVALID
1833,2,19,42,24582,27198,0,CAPACITY_EXCEEDED,INVALID
1834,2,19,43,23987,26616,0,CAPACITY_EXCEEDED,INVALID
1835,2,19,44,24058,26619,0,CAPACITY_EXCEEDED,INVALID
1836,2,19,45,22822,25371,0,CAPACITY_EXCEEDED,INVALID
1837,2,19,46,23566,26158,0,CAPACITY_EXCEEDED,INVALID
1838,2,19,47,24466,27110,0,CAPACITY_EXCEEDED,INVALID
1839,2,19,48,23603,26204,0,CAPACITY_EXCEEDED,INVALID
1840,2,19,49,24392,26975,0,CAPACITY_EXCEEDED,INVALID
1841,2,19,50,24404,26993,0,CAPACITY_EXCEEDED,INVALID
1842,2,19,51,24651,27299,0,CAPACITY_EXCEEDED,INVALID
1843,2,19,52,22857,25451,0,CAPACITY_EXCEEDED,INVALID
1844,2,19,53,23197,25810,0,CAPACITY_EXCEEDED,INVALID
1845,2,19,54,23899,26443,0,CAPACITY_EXCEEDED,INVALID
1846,2,19,55,23550,26170,0,CAPACITY_EXCEEDED,INVALID
1847,2,19,56,23172,25733,0,CAPACITY_EXCEEDED,INVALID
1848,2,19,57,23191,25785,0,CAPACITY_EXCEEDED,INVALID
1849,2,19,58,23629,26184,0,CAPACITY_EXCEEDED,INVALID
1850,2,19,59,22797,25343,1,FEASIBLE,WORSE
1851,2,19,60,24209,26796,0,CAPACITY_EXCEEDED,INVALID
1852,2,19,61,24403,27005,0,CAPACITY_EXCEEDED,INVALID
1853,2,19,62,23481,26114,0,CAPACITY_EXCEEDED,INVALID
1854,2,19,63,23457,26004,0,CAPACITY_EXCEEDED,INVALID
1855,2,19,64,23689,26302,0,CAPACITY_EXCEEDED,INVALID
1856,2,19,65,23357,25911,0,CAPACITY_EXCEEDED,INVALID
1857,2,19,66,23434,26007,0,CAPACITY_EXCEEDED,INVALID
1858,2,19,67,23277,25917,0,CAPACITY_EXCEEDED,INVALID
1859,2,19,68,23324,25942,0,CAPACITY_EXCEEDED,INVALID
1860,2,19,69,22866,25417,0,CAPACITY_EXCEEDED,INVALID
1861,2,19,70,22809,25395,0,CAPACITY_EXCEEDED,INVALID
1862,2,19,71,23877,26479,0,CAPACITY_EXCEEDED,INVALID
1863,2,19,72,23304,25878,0,CAPACITY_EXCEEDED,INVALID
1864,2,19,73,23868,26450,0,CAPACITY_EXCEEDED,INVALID
1865,2,19,74,24365,26982,0,CAPACITY_EXCEEDED,INVALID
1866,2,19,75,22726,25277,1,FEASIBLE,WORSE
1867,2,19,76,23499,26072,0,CAPACITY_EXCEEDED,INVALID
1868,2,19,77,24468,27073,0,CAPACITY_EXCEEDED,INVALID
1869,2,19,78,24002,26603,0,CAPACITY_EXCEEDED,INVALID
1870,2,19,79,23687,26274,0,CAPACITY_EXCEEDED,INVALID
1871,2,19,80,22936,25510,0,CAPACITY_EXCEEDED,INVALID
1872,2,19,81,23359,25965,0,CAPACITY_EXCEEDED,INVALID
1873,2,19,82,23530,26085,0,CAPACITY_EXCEEDED,INVALID
1874,2,19,83,23265,25862,0,CAPACITY_EXCEEDED,INVALID
1875,2,19,84,23469,26047,0,CAPACITY_EXCEEDED,INVALID
1876,2,19,85,23290,25912,0,CAPACITY_EXCEEDED,INVALID
1877,2,19,86,24148,26763,0,CAPACITY_EXCEEDED,INVALID
1878,2,19,87,24119,26747,0,CAPACITY_EXCEEDED,INVALID
1879,2,19,88,24290,26931,0,CAPACITY_EXCEEDED,INVALID
1880,2,19,89,23412,26049,0,CAPACITY_EXCEEDED,INVALID
1881,2,19,90,23605,26179,0,CAPACITY_EXCEEDED,INVALID
1882,2,19,91,23787,26395,0,CAPACITY_EXCEEDED,INVALID
1883,2,19,92,23808,26364,0,CAPACITY_EXCEEDED,INVALID
1884,2,19,93,23180,25776,0,CAPACITY_EXCEEDED,INVALID
1885,2,19,94,24062,26659,0,CAPACITY_EXCEEDED,INVALID
1886,2,19,95,24509,27136,0,CAPACITY_EXCEEDED,INVALID
1887,2,19,96,24206,26772,0,CAPACITY_EXCEEDED,INVALID
1888,2,19,97,22992,25569,0,CAPACITY_EXCEEDED,INVALID
1889,2,19,98,24682,27280,0,CAPACITY_EXCEEDED,INVALID
1890,2,19,99,23638,26296,0,CAPACITY_EXCEEDED,INVALID
1891,2,20,21,22304,25011,1,FEASIBLE,WORSE
1892,2,20,22,22159,24870,1,FEASIBLE,WORSE
1893,2,20,23,23410,26047,0,CAPACITY_EXCEEDED,INVALID
1894,2,20,24,22482,25145,1,FEASIBLE,WORSE
1895,2,20,25,21797,24487,1,FEASIBLE,WORSE
1896,2,20,26,22796,25492,1,FEASIBLE,WORSE
1897,2,20,27,23079,25710,0,CAPACITY_EXCEEDED,INVALID
1898,2,20,28,22757,25451,1,FEASIBLE,WORSE
1899,2,20,29,21726,24387,1,FEASIBLE,WORSE
1900,2,20,30,21920,24583,1,FEASIBLE,WORSE
1901,2,20,31,23068,25768,0,CAPACITY_EXCEEDED,INVALID
1902,2,20,32,23320,26005,0,CAPACITY_EXCEEDED,INVALID
1903,2,20,33,23000,25678,0,CAPACITY_EXCEEDED,INVALID
1904,2,20,34,22561,25212,1,FEASIBLE,WORSE
1905,2,20,35,22483,25157,1,FEASIBLE,WORSE
1906,2,20,36,23365,26060,0,CAPACITY_EXCEEDED,INVALID
1907,2,20,37,22907,25534,0,CAPACITY_EXCEEDED,INVALID
1908,2,20,38,22224,24885,1,FEASIBLE,WORSE
1909,2,20,39,21471,24135,1,FEASIBLE,WORSE
1910,2,20,40,21839,24523,1,FEASIBLE,WORSE
1911,2,20,41,23147,25757,0,CAPACITY_EXCEEDED,INVALID
1912,2,20,42,23299,25978,0,CAPACITY_EXCEEDED,INVALID
1913,2,20,43,22704,25396,1,FEASIBLE,WORSE
1914,2,20,44,22775,25399,1,FEASIBLE,WORSE
1915,2,20,45,21539,24151,1,FEASIBLE,WORSE
1916,2,20,46,22283,24938,1,FEASIBLE,WORSE
1917,2,20,47,23183,25890,0,CAPACITY_EXCEEDED,INVALID
1918,2,20,48,22320,24984,1,FEASIBLE,WORSE
1919,2,20,49,23109,25755,0,CAPACITY_EXCEEDED,INVALID
1920,2,20,50,23121,25773,0,CAPACITY_EXCEEDED,INVALID
1921,2,20,51,23368,26079,0,CAPACITY_EXCEEDED,INVALID
1922,2,20,52,21574,24231,1,FEASIBLE,WORSE
1923,2,20,53,21914,24590,1,FEASIBLE,WORSE
1924,2,20,54,22616,25223,1,FEASIBLE,WORSE
1925,2,20,55,22267,24950,1,FEASIBLE,WORSE
1926,2,20,56,21889,24513,1,FEASIBLE,WORSE
1927,2,20,57,21908,24565,1,FEASIBLE,WORSE
1928,2,20,58,22346,24964,1,FEASIBLE,WORSE
1929,2,20,59,21514,24123,1,FEASIBLE,WORSE
1930,2,20,60,22926,25576,0,CAPACITY_EXCEEDED,INVALID
1931,2,20,61,23120,25785,0,CAPACITY_EXCEEDED,INVALID
1932,2,20,62,22198,24894,1,FEASIBLE,WORSE
1933,2,20,63,22174,24784,1,FEASIBLE,WORSE
1934,2,20,64,22406,25082,1,FEASIBLE,WORSE
1935,2,20,65,22074,24691,1,FEASIBLE,WORSE
1936,2,20,66,22151,24787,1,FEASIBLE,WORSE
1937,2,20,67,21994,24697,1,FEASIBLE,WORSE
1938,2,20,68,22041,24722,1,FEASIBLE,WORSE
1939,2,20,69,21583,24197,1,FEASIBLE,WORSE
1940,2,20,70,21526,24175,1,FEASIBLE,WORSE
1941,2,20,71,22594,25259,1,FEASIBLE,WORSE
1942,2,20,72,22021,24658,1,FEASIBLE,WORSE
1943,2,20,73,22585,25230,1,FEASIBLE,WORSE
1944,2,20,74,23082,25762,0,CAPACITY_EXCEEDED,INVALID
1945,2,20,75,21443,24057,1,FEASIBLE,WORSE
1946,2,20,76,22216,24852,1,FEASIBLE,WORSE
1947,2,20,77,23185,25853,0,CAPACITY_EXCEEDED,INVALID
1948,2,20,78,22719,25383,1,FEASIBLE,WORSE
1949,2,20,79,22404,25054,1,FEASIBLE,WORSE
1950,2,20,80,21653,24290,1,FEASIBLE,WORSE
1951,2,20,81,22076,24745,1,FEASIBLE,WORSE
1952,2,20,82,22247,24865,1,FEASIBLE,WORSE
1953,2,20,83,21982,24642,1,FEASIBLE,WORSE
1954,2,20,84,22186,24827,1,FEASIBLE,WORSE
1955,2,20,85,22007,24692,1,FEASIBLE,WORSE
1956,2,20,86,22865,25543,0,CAPACITY_EXCEEDED,INVALID
1957,2,20,87,22836,25527,0,CAPACITY_EXCEEDED,INVALID
1958,2,20,88,23007,25711,0,CAPACITY_EXCEEDED,INVALID
1959,2,20,89,22129,24829,1,FEASIBLE,WORSE
1960,2,20,90,22322,24959,1,FEASIBLE,WORSE
1961,2,20,91,22504,25175,1,FEASIBLE,WORSE
1962,2,20,92,22525,25144,1,FEASIBLE,WORSE
1963,2,20,93,21897,24556,1,FEASIBLE,WORSE
1964,2,20,94,22779,25439,1,FEASIBLE,WORSE
1965,2,20,95,23226,25916,0,CAPACITY_EXCEEDED,INVALID
1966,2,20,96,22923,25552,0,CAPACITY_EXCEEDED,INVALID
1967,2,20,97,21709,24349,1,FEASIBLE,WORSE
1968,2,20,98,23399,26060,0,CAPACITY_EXCEEDED,INVALID
1969,2,20,99,22355,25076,1,FEASIBLE,WORSE
1970,2,21,22,22425,25158,1,FEASIBLE,WORSE
1971,2,21,23,23676,26335,0,CAPACITY_EXCEEDED,INVALID
1972,2,21,24,22748,25433,1,FEASIBLE,WORSE
1973,2,21,25,22063,24775,1,FEASIBLE,WORSE
1974,2,21,26,23062,25780,0,CAPACITY_EXCEEDED,INVALID
1975,2,21,27,23345,25998,0,CAPACITY_EXCEEDED,INVALID
1976,2,21,28,23023,25739,0,CAPACITY_EXCEEDED,INVALID
1977,2,21,29,21992,24675,1,FEASIBLE,WORSE
1978,2,21,30,22186,24871,1,FEASIBLE,WORSE
1979,2,21,31,23334,26056,0,CAPACITY_EXCEEDED,INVALID
1980,2,21,32,23586,26293,0,CAPACITY_EXCEEDED,INVALID
1981,2,21,33,23266,25966,0,CAPACITY_EXCEEDED,INVALID
1982,2,21,34,22827,25500,0,CAPACITY_EXCEEDED,INVALID
1983,2,21,35,22749,25445,1,FEASIBLE,WORSE
1984,2,21,36,23631,26348,0,CAPACITY_EXCEEDED,INVALID
1985,2,21,37,23173,25822,0,CAPACITY_EXCEEDED,INVALID
1986,2,21,38,22490,25173,1,FEASIBLE,WORSE
1987,2,21,39,21737,24423,1,FEASIBLE,WORSE
1988,2,21,40,22105,24811,1,FEASIBLE,WORSE
1989,2,21,41,23413,26045,0,CAPACITY_EXCEEDED,INVALID
1990,2,21,42,23565,26266,0,CAPACITY_EXCEEDED,INVALID
1991,2,21,43,22970,25684,0,CAPACITY_EXCEEDED,INVALID
1992,2,21,44,23041,25687,0,CAPACITY_EXCEEDED,INVALID
1993,2,21,45,21805,24439,1,FEASIBLE,WORSE
1994,2,21,46,22549,25226,1,FEASIBLE,WORSE
1995,2,21,47,23449,26178,0,CAPACITY_EXCEEDED,INVALID
1996,2,21,48,22586,25272,1,FEASIBLE,WORSE
1997,2,21,49,23375,26043,0,CAPACITY_EXCEEDED,INVALID
1998,2,21,50,23387,26061,0,CAPACITY_EXCEEDED,INVALID
1999,2,21,51,23634,26367,0,CAPACITY_EXCEEDED,INVALID
2000,2,21,52,21840,24519,1,FEASIBLE,WORSE
2001,2,21,53,22180,24878,1,FEASIBLE,WORSE
2002,2,21,54,22882,25511,0,CAPACITY_EXCEEDED,INVALID
2003,2,21,55,22533,25238,1,FEASIBLE,WORSE
2004,2,21,56,22155,24801,1,FEASIBLE,WORSE
2005,2,21,57,22174,24853,1,FEASIBLE,WORSE
2006,2,21,58,22612,25252,1,FEASIBLE,WORSE
2007,2,21,59,21780,24411,1,FEASIBLE,WORSE
2008,2,21,60,23192,25864,0,CAPACITY_EXCEEDED,INVALID
2009,2,21,61,23386,26073,0,CAPACITY_EXCEEDED,INVALID
2010,2,21,62,22464,25182,1,FEASIBLE,WORSE
2011,2,21,63,22440,25072,1,FEASIBLE,WORSE
2012,2,21,64,22672,25370,1,FEASIBLE,WORSE
2013,2,21,65,22340,24979,1,FEASIBLE,WORSE
2014,2,21,66,22417,25075,1,FEASIBLE,WORSE
2015,2,21,67,22260,24985,1,FEASIBLE,WORSE
2016,2,21,68,22307,25010,1,FEASIBLE,WORSE
2017,2,21,69,21849,24485,1,FEASIBLE,WORSE
2018,2,21,70,21792,24463,1,FEASIBLE,WORSE
2019,2,21,71,22860,25547,0,CAPACITY_EXCEEDED,INVALID
2020,2,21,72,22287,24946,1,FEASIBLE,WORSE
2021,2,21,73,22851,25518,0,CAPACITY_EXCEEDED,INVALID
2022,2,21,74,23348,26050,0,CAPACITY_EXCEEDED,INVALID
2023,2,21,75,21709,24345,1,FEASIBLE,WORSE
2024,2,21,76,22482,25140,1,FEASIBLE,WORSE
2025,2,21,77,23451,26141,0,CAPACITY_EXCEEDED,INVALID
2026,2,21,78,22985,25671,0,CAPACITY_EXCEEDED,INVALID
2027,2,21,79,22670,25342,1,FEASIBLE,WORSE
2028,2,21,80,21919,24578,1,FEASIBLE,WORSE
2029,2,21,81,22342,25033,1,FEASIBLE,WORSE
2030,2,21,82,22513,25153,1,FEASIBLE,WORSE
2031,2,21,83,22248,24930,1,FEASIBLE,WORSE
2032,2,21,84,22452,25115,1,FEASIBLE,WORSE
2033,2,21,85,22273,24980,1,FEASIBLE,WORSE
2034,2,21,86,23131,25831,0,CAPACITY_EXCEEDED,INVALID
2035,2,21,87,23102,25815,0,CAPACITY_EXCEEDED,INVALID
2036,2,21,88,23273,25999,0,CAPACITY_EXCEEDED,INVALID
2037,2,21,89,22395,25117,1,FEASIBLE,WORSE
2038,2,21,90,22588,25247,1,FEASIBLE,WORSE
2039,2,21,91,22770,25463,1,FEASIBLE,WORSE
2040,2,21,92,22791,25432,1,FEASIBLE,WORSE
2041,2,21,93,22163,24844,1,FEASIBLE,WORSE
2042,2,21,94,23045,25727,0,CAPACITY_EXCEEDED,INVALID
2043,2,21,95,23492,26204,0,CAPACITY_EXCEEDED,INVALID
2044,2,21,96,23189,25840,0,CAPACITY_EXCEEDED,INVALID
2045,2,21,97,21975,24637,1,FEASIBLE,WORSE
2046,2,21,98,23665,26348,0,CAPACITY_EXCEEDED,INVALID
2047,2,21,99,22621,25364,1,FEASIBLE,WORSE
2048,2,22,23,23531,26194,0,CAPACITY_EXCEEDED,INVALID
2049,2,22,24,22603,25292,1,FEASIBLE,WORSE
2050,2,22,25,21918,24634,1,FEASIBLE,WORSE
2051,2,22,26,22917,25639,0,CAPACITY_EXCEEDED,INVALID
2052,2,22,27,23200,25857,0,CAPACITY_EXCEEDED,INVALID
2053,2,22,28,22878,25598,0,CAPACITY_EXCEEDED,INVALID
2054,2,22,29,21847,24534,1,FEASIBLE,WORSE
2055,2,22,30,22041,24730,1,FEASIBLE,WORSE
2056,2,22,31,23189,25915,0,CAPACITY_EXCEEDED,INVALID
2057,2,22,32,23441,26152,0,CAPACITY_EXCEEDED,INVALID
2058,2,22,33,23121,25825,0,CAPACITY_EXCEEDED,INVALID
2059,2,22,34,22682,25359,1,FEASIBLE,WORSE
2060,2,22,35,22604,25304,1,FEASIBLE,WORSE
2061,2,22,36,23486,26207,0,CAPACITY_EXCEEDED,INVALID
2062,2,22,37,23028,25681,0,CAPACITY_EXCEEDED,INVALID
2063,2,22,38,22345,25032,1,FEASIBLE,WORSE
2064,2,22,39,21592,24282,1,FEASIBLE,WORSE
2065,2,22,40,21960,24670,1,FEASIBLE,WORSE
2066,2,22,41,23268,25904,0,CAPACITY_EXCEEDED,INVALID
2067,2,22,42,23420,26125,0,CAPACITY_EXCEEDED,INVALID
2068,2,22,43,22825,25543,0,CAPACITY_EXCEEDED,INVALID
2069,2,22,44,22896,25546,0,CAPACITY_EXCEEDED,INVALID
2070,2,22,45,21660,24298,1,FEASIBLE,WORSE
2071,2,22,46,22404,25085,1,FEASIBLE,WORSE
2072,2,22,47,23304,26037,0,CAPACITY_EXCEEDED,INVALID
2073,2,22,48,22441,25131,1,FEASIBLE,WORSE
2074,2,22,49,23230,25902,0,CAPACITY_EXCEEDED,INVALID
2075,2,22,50,23242,25920,0,CAPACITY_EXCEEDED,INVALID
2076,2,22,51,23489,26226,0,CAPACITY_EXCEEDED,INVALID
2077,2,22,52,21695,24378,1,FEASIBLE,WORSE
2078,2,22,53,22035,24737,1,FEASIBLE,WORSE
2079,2,22,54,22737,25370,1,FEASIBLE,WORSE
2080,2,22,55,22388,25097,1,FEASIBLE,WORSE
2081,2,22,56,22010,24660,1,FEASIBLE,WORSE
2082,2,22,57,22029,24712,1,FEASIBLE,WORSE
2083,2,22,58,22467,25111,1,FEASIBLE,WORSE
2084,2,22,59,21635,24270,1,FEASIBLE,WORSE
2085,2,22,60,23047,25723,0,CAPACITY_EXCEEDED,INVALID
2086,2,22,61,23241,25932,0,CAPACITY_EXCEEDED,INVALID
2087,2,22,62,22319,25041,1,FEASIBLE,WORSE
2088,2,22,63,22295,24931,1,FEASIBLE,WORSE
2089,2,22,64,22527,25229,1,FEASIBLE,WORSE
2090,2,22,65,22195,24838,1,FEASIBLE,WORSE
2091,2,22,66,22272,24934,1,FEASIBLE,WORSE
2092,2,22,67,22115,24844,1,FEASIBLE,WORSE
2093,2,22,68,22162,24869,1,FEASIBLE,WORSE
2094,2,22,69,21704,24344,1,FEASIBLE,WORSE
2095,2,22,70,21647,24322,1,FEASIBLE,WORSE
2096,2,22,71,22715,25406,1,FEASIBLE,WORSE
2097,2,22,72,22142,24805,1,FEASIBLE,WORSE
2098,2,22,73,22706,25377,1,FEASIBLE,WORSE
2099,2,22,74,23203,25909,0,CAPACITY_EXCEEDED,INVALID
2100,2,22,75,21564,24204,1,FEASIBLE,WORSE
2101,2,22,76,22337,24999,1,FEASIBLE,WORSE
2102,2,22,77,23306,26000,0,CAPACITY_EXCEEDED,INVALID
2103,2,22,78,22840,25530,0,CAPACITY_EXCEEDED,INVALID
2104,2,22,79,22525,25201,1,FEASIBLE,WORSE
2105,2,22,80,21774,24437,1,FEASIBLE,WORSE
2106,2,22,81,22197,24892,1,FEASIBLE,WORSE
2107,2,22,82,22368,25012,1,FEASIBLE,WORSE
2108,2,22,83,22103,24789,1,FEASIBLE,WORSE
2109,2,22,84,22307,24974,1,FEASIBLE,WORSE
2110,2,22,85,22128,24839,1,FEASIBLE,WORSE
2111,2,22,86,22986,25690,0,CAPACITY_EXCEEDED,INVALID
2112,2,22,87,22957,25674,0,CAPACITY_EXCEEDED,INVALID
2113,2,22,88,23128,25858,0,CAPACITY_EXCEEDED,INVALID
2114,2,22,89,22250,24976,1,FEASIBLE,WORSE
2115,2,22,90,22443,25106,1,FEASIBLE,WORSE
2116,2,22,91,22625,25322,1,FEASIBLE,WORSE
2117,2,22,92,22646,25291,1,FEASIBLE,WORSE
2118,2,22,93,22018,24703,1,FEASIBLE,WORSE
2119,2,22,94,22900,25586,0,CAPACITY_EXCEEDED,INVALID
2120,2,22,95,23347,26063,0,CAPACITY_EXCEEDED,INVALID
2121,2,22,96,23044,25699,0,CAPACITY_EXCEEDED,INVALID
2122,2,22,97,21830,24496,1,FEASIBLE,WORSE
2123,2,22,98,23520,26207,0,CAPACITY_EXCEEDED,INVALID
2124,2,22,99,22476,25223,1,FEASIBLE,WORSE
2125,2,23,24,23854,26469,0,CAPACITY_EXCEEDED,INVALID
2126,2,23,25,23169,25811,0,CAPACITY_EXCEEDED,INVALID
2127,2,23,26,24168,26816,0,CAPACITY_EXCEEDED,INVALID
2128,2,23,27,24451,27034,0,CAPACITY_EXCEEDED,INVALID
2129,2,23,28,24129,26775,0,CAPACITY_EXCEEDED,INVALID
2130,2,23,29,23098,25711,0,CAPACITY_EXCEEDED,INVALID
2131,2,23,30,23292,25907,0,CAPACITY_EXCEEDED,INVALID
2132,2,23,31,24440,27092,0,CAPACITY_EXCEEDED,INVALID
2133,2,23,32,24692,27329,0,CAPACITY_EXCEEDED,INVALID
2134,2,23,33,24372,27002,0,CAPACITY_EXCEEDED,INVALID
2135,2,23,34,23933,26536,0,CAPACITY_EXCEEDED,INVALID
2136,2,23,35,23855,26481,0,CAPACITY_EXCEEDED,INVALID
2137,2,23,36,24737,27384,0,CAPACITY_EXCEEDED,INVALID
2138,2,23,37,24279,26858,0,CAPACITY_EXCEEDED,INVALID
2139,2,23,38,23596,26209,0,CAPACITY_EXCEEDED,INVALID
2140,2,23,39,22843,25459,0,CAPACITY_EXCEEDED,INVALID
2141,2,23,40,23211,25847,0,CAPACITY_EXCEEDED,INVALID
2142,2,23,41,24519,27081,0,CAPACITY_EXCEEDED,INVALID
2143,2,23,42,24671,27302,0,CAPACITY_EXCEEDED,INVALID
2144,2,23,43,24076,26720,0,CAPACITY_EXCEEDED,INVALID
2145,2,23,44,24147,26723,0,CAPACITY_EXCEEDED,INVALID
2146,2,23,45,22911,25475,0,CAPACITY_EXCEEDED,INVALID
2147,2,23,46,23655,26262,0,CAPACITY_EXCEEDED,INVALID
2148,2,23,47,24555,27214,0,CAPACITY_EXCEEDED,INVALID
2149,2,23,48,23692,26308,0,CAPACITY_EXCEEDED,INVALID
2150,2,23,49,24481,27079,0,CAPACITY_EXCEEDED,INVALID
2151,2,23,50,24493,27097,0,CAPACITY_EXCEEDED,INVALID
2152,2,23,51,24740,27403,0,CAPACITY_EXCEEDED,INVALID
2153,2,23,52,22946,25555,0,CAPACITY_EXCEEDED,INVALID
2154,2,23,53,23286,25914,0,CAPACITY_EXCEEDED,INVALID
2155,2,23,54,23988,26547,0,CAPACITY_EXCEEDED,INVALID
2156,2,23,55,23639,26274,0,CAPACITY_EXCEEDED,INVALID
2157,2,23,56,23261,25837,0,CAPACITY_EXCEEDED,INVALID
2158,2,23,57,23280,25889,0,CAPACITY_EXCEEDED,INVALID
2159,2,23,58,23718,26288,0,CAPACITY_EXCEEDED,INVALID
2160,2,23,59,22886,25447,0,CAPACITY_EXCEEDED,INVALID
2161,2,23,60,24298,26900,0,CAPACITY_EXCEEDED,INVALID
2162,2,23,61,24492,27109,0,CAPACITY_EXCEEDED,INVALID
2163,2,23,62,23570,26218,0,CAPACITY_EXCEEDED,INVALID
2164,2,23,63,23546,26108,0,CAPACITY_EXCEEDED,INVALID
2165,2,23,64,23778,26406,0,CAPACITY_EXCEEDED,INVALID
2166,2,23,65,23446,26015,0,CAPACITY_EXCEEDED,INVALID
2167,2,23,66,23523,26111,0,CAPACITY_EXCEEDED,INVALID
2168,2,23,67,23366,26021,0,CAPACITY_EXCEEDED,INVALID
2169,2,23,68,23413,26046,0,CAPACITY_EXCEEDED,INVALID
2170,2,23,69,22955,25521,0,CAPACITY_EXCEEDED,INVALID
2171,2,23,70,22898,25499,0,CAPACITY_EXCEEDED,INVALID
2172,2,23,71,23966,26583,0,CAPACITY_EXCEEDED,INVALID
2173,2,23,72,23393,25982,0,CAPACITY_EXCEEDED,INVALID
2174,2,23,73,23957,26554,0,CAPACITY_EXCEEDED,INVALID
2175,2,23,74,24454,27086,0,CAPACITY_EXCEEDED,INVALID
2176,2,23,75,22815,25381,0,CAPACITY_EXCEEDED,INVALID
2177,2,23,76,23588,26176,0,CAPACITY_EXCEEDED,INVALID
2178,2,23,77,24557,27177,0,CAPACITY_EXCEEDED,INVALID
2179,2,23,78,24091,26707,0,CAPACITY_EXCEEDED,INVALID
2180,2,23,79,23776,26378,0,CAPACITY_EXCEEDED,INVALID
2181,2,23,80,23025,25614,0,CAPACITY_EXCEEDED,INVALID
2182,2,23,81,23448,26069,0,CAPACITY_EXCEEDED,INVALID
2183,2,23,82,23619,26189,0,CAPACITY_EXCEEDED,INVALID
2184,2,23,83,23354,25966,0,CAPACITY_EXCEEDED,INVALID
2185,2,23,84,23558,26151,0,CAPACITY_EXCEEDED,INVALID
2186,2,23,85,23379,26016,0,CAPACITY_EXCEEDED,INVALID
2187,2,23,86,24237,26867,0,CAPACITY_EXCEEDED,INVALID
2188,2,23,87,24208,26851,0,CAPACITY_EXCEEDED,INVALID
2189,2,23,88,24379,27035,0,CAPACITY_EXCEEDED,INVALID
2190,2,23,89,23501,26153,0,CAPACITY_EXCEEDED,INVALID
2191,2,23,90,23694,26283,0,CAPACITY_EXCEEDED,INVALID
2192,2,23,91,23876,26499,0,CAPACITY_EXCEEDED,INVALID
2193,2,23,92,23897,26468,0,CAPACITY_EXCEEDED,INVALID
2194,2,23,93,23269,25880,0,CAPACITY_EXCEEDED,INVALID
2195,2,23,94,24151,26763,0,CAPACITY_EXCEEDED,INVALID
2196,2,23,95,24598,27240,0,CAPACITY_EXCEEDED,INVALID
2197,2,23,96,24295,26876,0,CAPACITY_EXCEEDED,INVALID
2198,2,23,97,23081,25673,0,CAPACITY_EXCEEDED,INVALID
2199,2,23,98,24771,27384,0,CAPACITY_EXCEEDED,INVALID
2200,2,23,99,23727,26400,0,CAPACITY_EXCEEDED,INVALID
2201,2,24,25,22241,24909,1,FEASIBLE,WORSE
2202,2,24,26,23240,25914,0,CAPACITY_EXCEEDED,INVALID
2203,2,24,27,23523,26132,0,CAPACITY_EXCEEDED,INVALID
2204,2,24,28,23201,25873,0,CAPACITY_EXCEEDED,INVALID
2205,2,24,29,22170,24809,1,FEASIBLE,WORSE
2206,2,24,30,22364,25005,1,FEASIBLE,WORSE
2207,2,24,31,23512,26190,0,CAPACITY_EXCEEDED,INVALID
2208,2,24,32,23764,26427,0,CAPACITY_EXCEEDED,INVALID
2209,2,24,33,23444,26100,0,CAPACITY_EXCEEDED,INVALID
2210,2,24,34,23005,25634,0,CAPACITY_EXCEEDED,INVALID
2211,2,24,35,22927,25579,0,CAPACITY_EXCEEDED,INVALID
2212,2,24,36,23809,26482,0,CAPACITY_EXCEEDED,INVALID
2213,2,24,37,23351,25956,0,CAPACITY_EXCEEDED,INVALID
2214,2,24,38,22668,25307,1,FEASIBLE,WORSE
2215,2,24,39,21915,24557,1,FEASIBLE,WORSE
2216,2,24,40,22283,24945,1,FEASIBLE,WORSE
2217,2,24,41,23591,26179,0,CAPACITY_EXCEEDED,INVALID
2218,2,24,42,23743,26400,0,CAPACITY_EXCEEDED,INVALID
2219,2,24,43,23148,25818,0,CAPACITY_EXCEEDED,INVALID
2220,2,24,44,23219,25821,0,CAPACITY_EXCEEDED,INVALID
2221,2,24,45,21983,24573,1,FEASIBLE,WORSE
2222,2,24,46,22727,25360,1,FEASIBLE,WORSE
2223,2,24,47,23627,26312,0,CAPACITY_EXCEEDED,INVALID
2224,2,24,48,22764,25406,1,FEASIBLE,WORSE
2225,2,24,49,23553,26177,0,CAPACITY_EXCEEDED,INVALID
2226,2,24,50,23565,26195,0,CAPACITY_EXCEEDED,INVALID
2227,2,24,51,23812,26501,0,CAPACITY_EXCEEDED,INVALID
2228,2,24,52,22018,24653,1,FEASIBLE,WORSE
2229,2,24,53,22358,25012,1,FEASIBLE,WORSE
2230,2,24,54,23060,25645,0,CAPACITY_EXCEEDED,INVALID
2231,2,24,55,22711,25372,1,FEASIBLE,WORSE
2232,2,24,56,22333,24935,1,FEASIBLE,WORSE
2233,2,24,57,22352,24987,1,FEASIBLE,WORSE
2234,2,24,58,22790,25386,1,FEASIBLE,WORSE
2235,2,24,59,21958,24545,1,FEASIBLE,WORSE
2236,2,24,60,23370,25998,0,CAPACITY_EXCEEDED,INVALID
2237,2,24,61,23564,26207,0,CAPACITY_EXCEEDED,INVALID
2238,2,24,62,22642,25316,1,FEASIBLE,WORSE
2239,2,24,63,22618,25206,1,FEASIBLE,WORSE
2240,2,24,64,22850,25504,0,CAPACITY_EXCEEDED,INVALID
2241,2,24,65,22518,25113,1,FEASIBLE,WORSE
2242,2,24,66,22595,25209,1,FEASIBLE,WORSE
2243,2,24,67,22438,25119,1,FEASIBLE,WORSE
2244,2,24,68,22485,25144,1,FEASIBLE,WORSE
2245,2,24,69,22027,24619,1,FEASIBLE,WORSE
2246,2,24,70,21970,24597,1,FEASIBLE,WORSE
2247,2,24,71,23038,25681,0,CAPACITY_EXCEEDED,INVALID
2248,2,24,72,22465,25080,1,FEASIBLE,WORSE
2249,2,24,73,23029,25652,0,CAPACITY_EXCEEDED,INVALID
2250,2,24,74,23526,26184,0,CAPACITY_EXCEEDED,INVALID
2251,2,24,75,21887,24479,1,FEASIBLE,WORSE
2252,2,24,76,22660,25274,1,FEASIBLE,WORSE
2253,2,24,77,23629,26275,0,CAPACITY_EXCEEDED,INVALID
2254,2,24,78,23163,25805,0,CAPACITY_EXCEEDED,INVALID
2255,2,24,79,22848,25476,0,CAPACITY_EXCEEDED,INVALID
2256,2,24,80,22097,24712,1,FEASIBLE,WORSE
2257,2,24,81,22520,25167,1,FEASIBLE,WORSE
2258,2,24,82,22691,25287,1,FEASIBLE,WORSE
2259,2,24,83,22426,25064,1,FEASIBLE,WORSE
2260,2,24,84,22630,25249,1,FEASIBLE,WORSE
2261,2,24,85,22451,25114,1,FEASIBLE,WORSE
2262,2,24,86,23309,25965,0,CAPACITY_EXCEEDED,INVALID
2263,2,24,87,23280,25949,0,CAPACITY_EXCEEDED,INVALID
2264,2,24,88,23451,26133,0,CAPACITY_EXCEEDED,INVALID
2265,2,24,89,22573,25251,1,FEASIBLE,WORSE
2266,2,24,90,22766,25381,1,FEASIBLE,WORSE
2267,2,24,91,22948,25597,0,CAPACITY_EXCEEDED,INVALID
2268,2,24,92,22969,25566,0,CAPACITY_EXCEEDED,INVALID
2269,2,24,93,22341,24978,1,FEASIBLE,WORSE
2270,2,24,94,23223,25861,0,CAPACITY_EXCEEDED,INVALID
2271,2,24,95,23670,26338,0,CAPACITY_EXCEEDED,INVALID
2272,2,24,96,23367,25974,0,CAPACITY_EXCEEDED,INVALID
2273,2,24,97,22153,24771,1,FEASIBLE,WORSE
2274,2,24,98,23843,26482,0,CAPACITY_EXCEEDED,INVALID
2275,2,24,99,22799,25498,1,FEASIBLE,WORSE
2276,2,25,26,22555,25256,1,FEASIBLE,WORSE
2277,2,25,27,22838,25474,0,CAPACITY_EXCEEDED,INVALID
2278,2,25,28,22516,25215,1,FEASIBLE,WORSE
2279,2,25,29,21485,24151,1,FEASIBLE,WORSE
2280,2,25,30,21679,24347,1,FEASIBLE,WORSE
2281,2,25,31,22827,25532,0,CAPACITY_EXCEEDED,INVALID
2282,2,25,32,23079,25769,0,CAPACITY_EXCEEDED,INVALID
2283,2,25,33,22759,25442,1,FEASIBLE,WORSE
2284,2,25,34,22320,24976,1,FEASIBLE,WORSE
2285,2,25,35,22242,24921,1,FEASIBLE,WORSE
2286,2,25,36,23124,25824,0,CAPACITY_EXCEEDED,INVALID
2287,2,25,37,22666,25298,1,FEASIBLE,WORSE
2288,2,25,38,21983,24649,1,FEASIBLE,WORSE
2289,2,25,39,21230,23899,1,FEASIBLE,WORSE
2290,2,25,40,21598,24287,1,FEASIBLE,WORSE
2291,2,25,41,22906,25521,0,CAPACITY_EXCEEDED,INVALID
2292,2,25,42,23058,25742,0,CAPACITY_EXCEEDED,INVALID
2293,2,25,43,22463,25160,1,FEASIBLE,WORSE
2294,2,25,44,22534,25163,1,FEASIBLE,WORSE
2295,2,25,45,21298,23915,1,FEASIBLE,WORSE
2296,2,25,46,22042,24702,1,FEASIBLE,WORSE
2297,2,25,47,22942,25654,0,CAPACITY_EXCEEDED,INVALID
2298,2,25,48,22079,24748,1,FEASIBLE,WORSE
2299,2,25,49,22868,25519,0,CAPACITY_EXCEEDED,INVALID
2300,2,25,50,22880,25537,0,CAPACITY_EXCEEDED,INVALID
2301,2,25,51,23127,25843,0,CAPACITY_EXCEEDED,INVALID
2302,2,25,52,21333,23995,1,FEASIBLE,WORSE
2303,2,25,53,21673,24354,1,FEASIBLE,WORSE
2304,2,25,54,22375,24987,1,FEASIBLE,WORSE
2305,2,25,55,22026,24714,1,FEASIBLE,WORSE
2306,2,25,56,21648,24277,1,FEASIBLE,WORSE
2307,2,25,57,21667,24329,1,FEASIBLE,WORSE
2308,2,25,58,22105,24728,1,FEASIBLE,WORSE
2309,2,25,59,21273,23887,1,FEASIBLE,WORSE
2310,2,25,60,22685,25340,1,FEASIBLE,WORSE
2311,2,25,61,22879,25549,0,CAPACITY_EXCEEDED,INVALID
2312,2,25,62,21957,24658,1,FEASIBLE,WORSE
2313,2,25,63,21933,24548,1,FEASIBLE,WORSE
2314,2,25,64,22165,24846,1,FEASIBLE,WORSE
2315,2,25,65,21833,24455,1,FEASIBLE,WORSE
2316,2,25,66,21910,24551,1,FEASIBLE,WORSE
2317,2,25,67,21753,24461,1,FEASIBLE,WORSE
2318,2,25,68,21800,24486,1,FEASIBLE,WORSE
2319,2,25,69,21342,23961,1,FEASIBLE,WORSE
2320,2,25,70,21285,23939,1,FEASIBLE,WORSE
2321,2,25,71,22353,25023,1,FEASIBLE,WORSE
2322,2,25,72,21780,24422,1,FEASIBLE,WORSE
2323,2,25,73,22344,24994,1,FEASIBLE,WORSE
2324,2,25,74,22841,25526,0,CAPACITY_EXCEEDED,INVALID
2325,2,25,75,21202,23821,1,FEASIBLE,WORSE
2326,2,25,76,21975,24616,1,FEASIBLE,WORSE
2327,2,25,77,22944,25617,0,CAPACITY_EXCEEDED,INVALID
2328,2,25,78,22478,25147,1,FEASIBLE,WORSE
2329,2,25,79,22163,24818,1,FEASIBLE,WORSE
2330,2,25,80,21412,24054,1,FEASIBLE,WORSE
2331,2,25,81,21835,24509,1,FEASIBLE,WORSE
2332,2,25,82,22006,24629,1,FEASIBLE,WORSE
2333,2,25,83,21741,24406,1,FEASIBLE,WORSE
2334,2,25,84,21945,24591,1,FEASIBLE,WORSE
2335,2,25,85,21766,24456,1,FEASIBLE,WORSE
2336,2,25,86,22624,25307,1,FEASIBLE,WORSE
2337,2,25,87,22595,25291,1,FEASIBLE,WORSE
2338,2,25,88,22766,25475,1,FEASIBLE,WORSE
2339,2,25,89,21888,24593,1,FEASIBLE,WORSE
2340,2,25,90,22081,24723,1,FEASIBLE,WORSE
2341,2,25,91,22263,24939,1,FEASIBLE,WORSE
2342,2,25,92,22284,24908,1,FEASIBLE,WORSE
2343,2,25,93,21656,24320,1,FEASIBLE,WORSE
2344,2,25,94,22538,25203,1,FEASIBLE,WORSE
2345,2,25,95,22985,25680,0,CAPACITY_EXCEEDED,INVALID
2346,2,25,96,22682,25316,1,FEASIBLE,WORSE
2347,2,25,97,21468,24113,1,FEASIBLE,WORSE
2348,2,25,98,23158,25824,0,CAPACITY_EXCEEDED,INVALID
2349,2,25,99,22114,24840,1,FEASIBLE,WORSE
2350,2,26,27,23837,26479,0,CAPACITY_EXCEEDED,INVALID
2351,2,26,28,23515,26220,0,CAPACITY_EXCEEDED,INVALID
2352,2,26,29,22484,25156,1,FEASIBLE,WORSE
2353,2,26,30,22678,25352,1,FEASIBLE,WORSE
2354,2,26,31,23826,26537,0,CAPACITY_EXCEEDED,INVALID
2355,2,26,32,24078,26774,0,CAPACITY_EXCEEDED,INVALID
2356,2,26,33,23758,26447,0,CAPACITY_EXCEEDED,INVALID
2357,2,26,34,23319,25981,0,CAPACITY_EXCEEDED,INVALID
2358,2,26,35,23241,25926,0,CAPACITY_EXCEEDED,INVALID
2359,2,26,36,24123,26829,0,CAPACITY_EXCEEDED,INVALID
2360,2,26,37,23665,26303,0,CAPACITY_EXCEEDED,INVALID
2361,2,26,38,22982,25654,0,CAPACITY_EXCEEDED,INVALID
2362,2,26,39,22229,24904,1,FEASIBLE,WORSE
2363,2,26,40,22597,25292,1,FEASIBLE,WORSE
2364,2,26,41,23905,26526,0,CAPACITY_EXCEEDED,INVALID
2365,2,26,42,24057,26747,0,CAPACITY_EXCEEDED,INVALID
2366,2,26,43,23462,26165,0,CAPACITY_EXCEEDED,INVALID
2367,2,26,44,23533,26168,0,CAPACITY_EXCEEDED,INVALID
2368,2,26,45,22297,24920,1,FEASIBLE,WORSE
2369,2,26,46,23041,25707,0,CAPACITY_EXCEEDED,INVALID
2370,2,26,47,23941,26659,0,CAPACITY_EXCEEDED,INVALID
2371,2,26,48,23078,25753,0,CAPACITY_EXCEEDED,INVALID
2372,2,26,49,23867,26524,0,CAPACITY_EXCEEDED,INVALID
2373,2,26,50,23879,26542,0,CAPACITY_EXCEEDED,INVALID
2374,2,26,51,24126,26848,0,CAPACITY_EXCEEDED,INVALID
2375,2,26,52,22332,25000,1,FEASIBLE,WORSE
2376,2,26,53,22672,25359,1,FEASIBLE,WORSE
2377,2,26,54,23374,25992,0,CAPACITY_EXCEEDED,INVALID
2378,2,26,55,23025,25719,0,CAPACITY_EXCEEDED,INVALID
2379,2,26,56,22647,25282,1,FEASIBLE,WORSE
2380,2,26,57,22666,25334,1,FEASIBLE,WORSE
2381,2,26,58,23104,25733,0,CAPACITY_EXCEEDED,INVALID
2382,2,26,59,22272,24892,1,FEASIBLE,WORSE
2383,2,26,60,23684,26345,0,CAPACITY_EXCEEDED,INVALID
2384,2,26,61,23878,26554,0,CAPACITY_EXCEEDED,INVALID
2385,2,26,62,22956,25663,0,CAPACITY_EXCEEDED,INVALID
2386,2,26,63,22932,25553,0,CAPACITY_EXCEEDED,INVALID
2387,2,26,64,23164,25851,0,CAPACITY_EXCEEDED,INVALID
2388,2,26,65,22832,25460,0,CAPACITY_EXCEEDED,INVALID
2389,2,26,66,22909,25556,0,CAPACITY_EXCEEDED,INVALID
2390,2,26,67,22752,25466,1,FEASIBLE,WORSE
2391,2,26,68,22799,25491,1,FEASIBLE,WORSE
2392,2,26,69,22341,24966,1,FEASIBLE,WORSE
2393,2,26,70,22284,24944,1,FEASIBLE,WORSE
2394,2,26,71,23352,26028,0,CAPACITY_EXCEEDED,INVALID
2395,2,26,72,22779,25427,1,FEASIBLE,WORSE
2396,2,26,73,23343,25999,0,CAPACITY_EXCEEDED,INVALID
2397,2,26,74,23840,26531,0,CAPACITY_EXCEEDED,INVALID
2398,2,26,75,22201,24826,1,FEASIBLE,WORSE
2399,2,26,76,22974,25621,0,CAPACITY_EXCEEDED,INVALID
2400,2,26,77,23943,26622,0,CAPACITY_EXCEEDED,INVALID
2401,2,26,78,23477,26152,0,CAPACITY_EXCEEDED,INVALID
2402,2,26,79,23162,25823,0,CAPACITY_EXCEEDED,INVALID
2403,2,26,80,22411,25059,1,FEASIBLE,WORSE
2404,2,26,81,22834,25514,0,CAPACITY_EXCEEDED,INVALID
2405,2,26,82,23005,25634,0,CAPACITY_EXCEEDED,INVALID
2406,2,26,83,22740,25411,1,FEASIBLE,WORSE
2407,2,26,84,22944,25596,0,CAPACITY_EXCEEDED,INVALID
2408,2,26,85,22765,25461,1,FEASIBLE,WORSE
2409,2,26,86,23623,26312,0,CAPACITY_EXCEEDED,INVALID
2410,2,26,87,23594,26296,0,CAPACITY_EXCEEDED,INVALID
2411,2,26,88,23765,26480,0,CAPACITY_EXCEEDED,INVALID
2412,2,26,89,22887,25598,0,CAPACITY_EXCEEDED,INVALID
2413,2,26,90,23080,25728,0,CAPACITY_EXCEEDED,INVALID
2414,2,26,91,23262,25944,0,CAPACITY_EXCEEDED,INVALID
2415,2,26,92,23283,25913,0,CAPACITY_EXCEEDED,INVALID
2416,2,26,93,22655,25325,1,FEASIBLE,WORSE
2417,2,26,94,23537,26208,0,CAPACITY_EXCEEDED,INVALID
2418,2,26,95,23984,26685,0,CAPACITY_EXCEEDED,INVALID
2419,2,26,96,23681,26321,0,CAPACITY_EXCEEDED,INVALID
2420,2,26,97,22467,25118,1,FEASIBLE,WORSE
2421,2,26,98,24157,26829,0,CAPACITY_EXCEEDED,INVALID
2422,2,26,99,23113,25845,0,CAPACITY_EXCEEDED,INVALID
2423,2,27,28,23798,26438,0,CAPACITY_EXCEEDED,INVALID
2424,2,27,29,22767,25374,1,FEASIBLE,WORSE
2425,2,27,30,22961,25570,0,CAPACITY_EXCEEDED,INVALID
2426,2,27,31,24109,26755,0,CAPACITY_EXCEEDED,INVALID
2427,2,27,32,24361,26992,0,CAPACITY_EXCEEDED,INVALID
2428,2,27,33,24041,26665,0,CAPACITY_EXCEEDED,INVALID
2429,2,27,34,23602,26199,0,CAPACITY_EXCEEDED,INVALID
2430,2,27,35,23524,26144,0,CAPACITY_EXCEEDED,INVALID
2431,2,27,36,24406,27047,0,CAPACITY_EXCEEDED,INVALID
2432,2,27,37,23948,26521,0,CAPACITY_EXCEEDED,INVALID
2433,2,27,38,23265,25872,0,CAPACITY_EXCEEDED,INVALID
2434,2,27,39,22512,25122,1,FEASIBLE,WORSE
2435,2,27,40,22880,25510,0,CAPACITY_EXCEEDED,INVALID
2436,2,27,41,24188,26744,0,CAPACITY_EXCEEDED,INVALID
2437,2,27,42,24340,26965,0,CAPACITY_EXCEEDED,INVALID
2438,2,27,43,23745,26383,0,CAPACITY_EXCEEDED,INVALID
2439,2,27,44,23816,26386,0,CAPACITY_EXCEEDED,INVALID
2440,2,27,45,22580,25138,1,FEASIBLE,WORSE
2441,2,27,46,23324,25925,0,CAPACITY_EXCEEDED,INVALID
2442,2,27,47,24224,26877,0,CAPACITY_EXCEEDED,INVALID
2443,2,27,48,23361,25971,0,CAPACITY_EXCEEDED,INVALID
2444,2,27,49,24150,26742,0,CAPACITY_EXCEEDED,INVALID
2445,2,27,50,24162,26760,0,CAPACITY_EXCEEDED,INVALID
2446,2,27,51,24409,27066,0,CAPACITY_EXCEEDED,INVALID
2447,2,27,52,22615,25218,1,FEASIBLE,WORSE
2448,2,27,53,22955,25577,0,CAPACITY_EXCEEDED,INVALID
2449,2,27,54,23657,26210,0,CAPACITY_EXCEEDED,INVALID
2450,2,27,55,23308,25937,0,CAPACITY_EXCEEDED,INVALID
2451,2,27,56,22930,25500,0,CAPACITY_EXCEEDED,INVALID
2452,2,27,57,22949,25552,0,CAPACITY_EXCEEDED,INVALID
2453,2,27,58,23387,25951,0,CAPACITY_EXCEEDED,INVALID
2454,2,27,59,22555,25110,1,FEASIBLE,WORSE
2455,2,27,60,23967,26563,0,CAPACITY_EXCEEDED,INVALID
2456,2,27,61,24161,26772,0,CAPACITY_EXCEEDED,INVALID
2457,2,27,62,23239,25881,0,CAPACITY_EXCEEDED,INVALID
2458,2,27,63,23215,25771,0,CAPACITY_EXCEEDED,INVALID
2459,2,27,64,23447,26069,0,CAPACITY_EXCEEDED,INVALID
2460,2,27,65,23115,25678,0,CAPACITY_EXCEEDED,INVALID
2461,2,27,66,23192,25774,0,CAPACITY_EXCEEDED,INVALID
2462,2,27,67,23035,25684,0,CAPACITY_EXCEEDED,INVALID
2463,2,27,68,23082,25709,0,CAPACITY_EXCEEDED,INVALID
2464,2,27,69,22624,25184,1,FEASIBLE,WORSE
2465,2,27,70,22567,25162,1,FEASIBLE,WORSE
2466,2,27,71,23635,26246,0,CAPACITY_EXCEEDED,INVALID
2467,2,27,72,23062,25645,0,CAPACITY_EXCEEDED,INVALID
2468,2,27,73,23626,26217,0,CAPACITY_EXCEEDED,INVALID
2469,2,27,74,24123,26749,0,CAPACITY_EXCEEDED,INVALID
2470,2,27,75,22484,25044,1,FEASIBLE,WORSE
2471,2,27,76,23257,25839,0,CAPACITY_EXCEEDED,INVALID
2472,2,27,77,24226,26840,0,CAPACITY_EXCEEDED,INVALID
2473,2,27,78,23760,26370,0,CAPACITY_EXCEEDED,INVALID
2474,2,27,79,23445,26041,0,CAPACITY_EXCEEDED,INVALID
2475,2,27,80,22694,25277,1,FEASIBLE,WORSE
2476,2,27,81,23117,25732,0,CAPACITY_EXCEEDED,INVALID
2477,2,27,82,23288,25852,0,CAPACITY_EXCEEDED,INVALID
2478,2,27,83,23023,25629,0,CAPACITY_EXCEEDED,INVALID
2479,2,27,84,23227,25814,0,CAPACITY_EXCEEDED,INVALID
2480,2,27,85,23048,25679,0,CAPACITY_EXCEEDED,INVALID
2481,2,27,86,23906,26530,0,CAPACITY_EXCEEDED,INVALID
2482,2,27,87,23877,26514,0,CAPACITY_EXCEEDED,INVALID
2483,2,27,88,24048,26698,0,CAPACITY_EXCEEDED,INVALID
2484,2,27,89,23170,25816,0,CAPACITY_EXCEEDED,INVALID
2485,2,27,90,23363,25946,0,CAPACITY_EXCEEDED,INVALID
2486,2,27,91,23545,26162,0,CAPACITY_EXCEEDED,INVALID
2487,2,27,92,23566,26131,0,CAPACITY_EXCEEDED,INVALID
2488,2,27,93,22938,25543,0,CAPACITY_EXCEEDED,INVALID
2489,2,27,94,23820,26426,0,CAPACITY_EXCEEDED,INVALID
2490,2,27,95,24267,26903,0,CAPACITY_EXCEEDED,INVALID
2491,2,27,96,23964,26539,0,CAPACITY_EXCEEDED,INVALID
2492,2,27,97,22750,25336,1,FEASIBLE,WORSE
2493,2,27,98,24440,27047,0,CAPACITY_EXCEEDED,INVALID
2494,2,27,99,23396,26063,0,CAPACITY_EXCEEDED,INVALID
2495,2,28,29,22445,25115,1,FEASIBLE,WORSE
2496,2,28,30,22639,25311,1,FEASIBLE,WORSE
2497,2,28,31,23787,26496,0,CAPACITY_EXCEEDED,INVALID
2498,2,28,32,24039,26733,0,CAPACITY_EXCEEDED,INVALID
2499,2,28,33,23719,26406,0,CAPACITY_EXCEEDED,INVALID
2500,2,28,34,23280,25940,0,CAPACITY_EXCEEDED,INVALID
2501,2,28,35,23202,25885,0,CAPACITY_EXCEEDED,INVALID
2502,2,28,36,24084,26788,0,CAPACITY_EXCEEDED,INVALID
2503,2,28,37,23626,26262,0,CAPACITY_EXCEEDED,INVALID
2504,2,28,38,22943,25613,0,CAPACITY_EXCEEDED,INVALID
2505,2,28,39,22190,24863,1,FEASIBLE,WORSE
2506,2,28,40,22558,25251,1,FEASIBLE,WORSE
2507,2,28,41,23866,26485,0,CAPACITY_EXCEEDED,INVALID
2508,2,28,42,24018,26706,0,CAPACITY_EXCEEDED,INVALID
2509,2,28,43,23423,26124,0,CAPACITY_EXCEEDED,INVALID
2510,2,28,44,23494,26127,0,CAPACITY_EXCEEDED,INVALID
2511,2,28,45,22258,24879,1,FEASIBLE,WORSE
2512,2,28,46,23002,25666,0,CAPACITY_EXCEEDED,INVALID
2513,2,28,47,23902,26618,0,CAPACITY_EXCEEDED,INVALID
2514,2,28,48,23039,25712,0,CAPACITY_EXCEEDED,INVALID
2515,2,28,49,23828,26483,0,CAPACITY_EXCEEDED,INVALID
2516,2,28,50,23840,26501,0,CAPACITY_EXCEEDED,INVALID
2517,2,28,51,24087,26807,0,CAPACITY_EXCEEDED,INVALID
2518,2,28,52,22293,24959,1,FEASIBLE,WORSE
2519,2,28,53,22633,25318,1,FEASIBLE,WORSE
2520,2,28,54,23335,25951,0,CAPACITY_EXCEEDED,INVALID
2521,2,28,55,22986,25678,0,CAPACITY_EXCEEDED,INVALID
2522,2,28,56,22608,25241,1,FEASIBLE,WORSE
2523,2,28,57,22627,25293,1,FEASIBLE,WORSE
2524,2,28,58,23065,25692,0,CAPACITY_EXCEEDED,INVALID
2525,2,28,59,22233,24851,1,FEASIBLE,WORSE
2526,2,28,60,23645,26304,0,CAPACITY_EXCEEDED,INVALID
2527,2,28,61,23839,26513,0,CAPACITY_EXCEEDED,INVALID
2528,2,28,62,22917,25622,0,CAPACITY_EXCEEDED,INVALID
2529,2,28,63,22893,25512,0,CAPACITY_EXCEEDED,INVALID
2530,2,28,64,23125,25810,0,CAPACITY_EXCEEDED,INVALID
2531,2,28,65,22793,25419,1,FEASIBLE,WORSE
2532,2,28,66,22870,25515,0,CAPACITY_EXCEEDED,INVALID
2533,2,28,67,22713,25425,1,FEASIBLE,WORSE
2534,2,28,68,22760,25450,1,FEASIBLE,WORSE
2535,2,28,69,22302,24925,1,FEASIBLE,WORSE
2536,2,28,70,22245,24903,1,FEASIBLE,WORSE
2537,2,28,71,23313,25987,0,CAPACITY_EXCEEDED,INVALID
2538,2,28,72,22740,25386,1,FEASIBLE,WORSE
2539,2,28,73,23304,25958,0,CAPACITY_EXCEEDED,INVALID
2540,2,28,74,23801,26490,0,CAPACITY_EXCEEDED,INVALID
2541,2,28,75,22162,24785,1,FEASIBLE,WORSE
2542,2,28,76,22935,25580,0,CAPACITY_EXCEEDED,INVALID
2543,2,28,77,23904,26581,0,CAPACITY_EXCEEDED,INVALID
2544,2,28,78,23438,26111,0,CAPACITY_EXCEEDED,INVALID
2545,2,28,79,23123,25782,0,CAPACITY_EXCEEDED,INVALID
2546,2,28,80,22372,25018,1,FEASIBLE,WORSE
2547,2,28,81,22795,25473,1,FEASIBLE,WORSE
2548,2,28,82,22966,25593,0,CAPACITY_EXCEEDED,INVALID
2549,2,28,83,22701,25370,1,FEASIBLE,WORSE
2550,2,28,84,22905,25555,0,CAPACITY_EXCEEDED,INVALID
2551,2,28,85,22726,25420,1,FEASIBLE,WORSE
2552,2,28,86,23584,26271,0,CAPACITY_EXCEEDED,INVALID
2553,2,28,87,23555,26255,0,CAPACITY_EXCEEDED,INVALID
2554,2,28,88,23726,26439,0,CAPACITY_EXCEEDED,INVALID
2555,2,28,89,22848,25557,0,CAPACITY_EXCEEDED,INVALID
2556,2,28,90,23041,25687,0,CAPACITY_EXCEEDED,INVALID
2557,2,28,91,23223,25903,0,CAPACITY_EXCEEDED,INVALID
2558,2,28,92,23244,25872,0,CAPACITY_EXCEEDED,INVALID
2559,2,28,93,22616,25284,1,FEASIBLE,WORSE
2560,2,28,94,23498,26167,0,CAPACITY_EXCEEDED,INVALID
2561,2,28,95,23945,26644,0,CAPACITY_EXCEEDED,INVALID
2562,2,28,96,23642,26280,0,CAPACITY_EXCEEDED,INVALID
2563,2,28,97,22428,25077,1,FEASIBLE,WORSE
2564,2,28,98,24118,26788,0,CAPACITY_EXCEEDED,INVALID
2565,2,28,99,23074,25804,0,CAPACITY_EXCEEDED,INVALID
2566,2,29,30,21608,24247,1,FEASIBLE,WORSE
2567,2,29,31,22756,25432,1,FEASIBLE,WORSE
2568,2,29,32,23008,25669,0,CAPACITY_EXCEEDED,INVALID
2569,2,29,33,22688,25342,1,FEASIBLE,WORSE
2570,2,29,34,22249,24876,1,FEASIBLE,WORSE
2571,2,29,35,22171,24821,1,FEASIBLE,WORSE
2572,2,29,36,23053,25724,0,CAPACITY_EXCEEDED,INVALID
2573,2,29,37,22595,25198,1,FEASIBLE,WORSE
2574,2,29,38,21912,24549,1,FEASIBLE,WORSE
2575,2,29,39,21159,23799,1,FEASIBLE,WORSE
2576,2,29,40,21527,24187,1,FEASIBLE,WORSE
2577,2,29,41,22835,25421,0,CAPACITY_EXCEEDED,INVALID
2578,2,29,42,22987,25642,0,CAPACITY_EXCEEDED,INVALID
2579,2,29,43,22392,25060,1,FEASIBLE,WORSE
2580,2,29,44,22463,25063,1,FEASIBLE,WORSE
2581,2,29,45,21227,23815,1,FEASIBLE,WORSE
2582,2,29,46,21971,24602,1,FEASIBLE,WORSE
2583,2,29,47,22871,25554,0,CAPACITY_EXCEEDED,INVALID
2584,2,29,48,22008,24648,1,FEASIBLE,WORSE
2585,2,29,49,22797,25419,1,FEASIBLE,WORSE
2586,2,29,50,22809,25437,0,CAPACITY_EXCEEDED,INVALID
2587,2,29,51,23056,25743,0,CAPACITY_EXCEEDED,INVALID
2588,2,29,52,21262,23895,1,FEASIBLE,WORSE
2589,2,29,53,21602,24254,1,FEASIBLE,WORSE
2590,2,29,54,22304,24887,1,FEASIBLE,WORSE
2591,2,29,55,21955,24614,1,FEASIBLE,WORSE
2592,2,29,56,21577,24177,1,FEASIBLE,WORSE
2593,2,29,57,21596,24229,1,FEASIBLE,WORSE
2594,2,29,58,22034,24628,1,FEASIBLE,WORSE
2595,2,29,59,21202,23787,1,FEASIBLE,WORSE
2596,2,29,60,22614,25240,1,FEASIBLE,WORSE
2597,2,29,61,22808,25449,0,CAPACITY_EXCEEDED,INVALID
2598,2,29,62,21886,24558,1,FEASIBLE,WORSE
2599,2,29,63,21862,24448,1,FEASIBLE,WORSE
2600,2,29,64,22094,24746,1,FEASIBLE,WORSE
2601,2,29,65,21762,24355,1,FEASIBLE,WORSE
2602,2,29,66,21839,24451,1,FEASIBLE,WORSE
2603,2,29,67,21682,24361,1,FEASIBLE,WORSE
2604,2,29,68,21729,24386,1,FEASIBLE,WORSE
2605,2,29,69,21271,23861,1,FEASIBLE,WORSE
2606,2,29,70,21214,23839,1,FEASIBLE,WORSE
2607,2,29,71,22282,24923,1,FEASIBLE,WORSE
2608,2,29,72,21709,24322,1,FEASIBLE,WORSE
2609,2,29,73,22273,24894,1,FEASIBLE,WORSE
2610,2,29,74,22770,25426,1,FEASIBLE,WORSE
2611,2,29,75,21131,23721,1,FEASIBLE,WORSE
2612,2,29,76,21904,24516,1,FEASIBLE,WORSE
2613,2,29,77,22873,25517,0,CAPACITY_EXCEEDED,INVALID
2614,2,29,78,22407,25047,1,FEASIBLE,WORSE
2615,2,29,79,22092,24718,1,FEASIBLE,WORSE
2616,2,29,80,21341,23954,1,FEASIBLE,WORSE
2617,2,29,81,21764,24409,1,FEASIBLE,WORSE
2618,2,29,82,21935,24529,1,FEASIBLE,WORSE
2619,2,29,83,21670,24306,1,FEASIBLE,WORSE
2620,2,29,84,21874,24491,1,FEASIBLE,WORSE
2621,2,29,85,21695,24356,1,FEASIBLE,WORSE
2622,2,29,86,22553,25207,1,FEASIBLE,WORSE
2623,2,29,87,22524,25191,1,FEASIBLE,WORSE
2624,2,29,88,22695,25375,1,FEASIBLE,WORSE
2625,2,29,89,21817,24493,1,FEASIBLE,WORSE
2626,2,29,90,22010,24623,1,FEASIBLE,WORSE
2627,2,29,91,22192,24839,1,FEASIBLE,WORSE
2628,2,29,92,22213,24808,1,FEASIBLE,WORSE
2629,2,29,93,21585,24220,1,FEASIBLE,WORSE
2630,2,29,94,22467,25103,1,FEASIBLE,WORSE
2631,2,29,95,22914,25580,0,CAPACITY_EXCEEDED,INVALID
2632,2,29,96,22611,25216,1,FEASIBLE,WORSE
2633,2,29,97,21397,24013,1,FEASIBLE,WORSE
2634,2,29,98,23087,25724,0,CAPACITY_EXCEEDED,INVALID
2635,2,29,99,22043,24740,1,FEASIBLE,WORSE
2636,2,30,31,22950,25628,0,CAPACITY_EXCEEDED,INVALID
2637,2,30,32,23202,25865,0,CAPACITY_EXCEEDED,INVALID
2638,2,30,33,22882,25538,0,CAPACITY_EXCEEDED,INVALID
2639,2,30,34,22443,25072,1,FEASIBLE,WORSE
2640,2,30,35,22365,25017,1,FEASIBLE,WORSE
2641,2,30,36,23247,25920,0,CAPACITY_EXCEEDED,INVALID
2642,2,30,37,22789,25394,1,FEASIBLE,WORSE
2643,2,30,38,22106,24745,1,FEASIBLE,WORSE
2644,2,30,39,21353,23995,1,FEASIBLE,WORSE
2645,2,30,40,21721,24383,1,FEASIBLE,WORSE
2646,2,30,41,23029,25617,0,CAPACITY_EXCEEDED,INVALID
2647,2,30,42,23181,25838,0,CAPACITY_EXCEEDED,INVALID
2648,2,30,43,22586,25256,1,FEASIBLE,WORSE
2649,2,30,44,22657,25259,1,FEASIBLE,WORSE
2650,2,30,45,21421,24011,1,FEASIBLE,WORSE
2651,2,30,46,22165,24798,1,FEASIBLE,WORSE
2652,2,30,47,23065,25750,0,CAPACITY_EXCEEDED,INVALID
2653,2,30,48,22202,24844,1,FEASIBLE,WORSE
2654,2,30,49,22991,25615,0,CAPACITY_EXCEEDED,INVALID
2655,2,30,50,23003,25633,0,CAPACITY_EXCEEDED,INVALID
2656,2,30,51,23250,25939,0,CAPACITY_EXCEEDED,INVALID
2657,2,30,52,21456,24091,1,FEASIBLE,WORSE
2658,2,30,53,21796,24450,1,FEASIBLE,WORSE
2659,2,30,54,22498,25083,1,FEASIBLE,WORSE
2660,2,30,55,22149,24810,1,FEASIBLE,WORSE
2661,2,30,56,21771,24373,1,FEASIBLE,WORSE
2662,2,30,57,21790,24425,1,FEASIBLE,WORSE
2663,2,30,58,22228,24824,1,FEASIBLE,WORSE
2664,2,30,59,21396,23983,1,FEASIBLE,WORSE
2665,2,30,60,22808,25436,0,CAPACITY_EXCEEDED,INVALID
2666,2,30,61,23002,25645,0,CAPACITY_EXCEEDED,INVALID
2667,2,30,62,22080,24754,1,FEASIBLE,WORSE
2668,2,30,63,22056,24644,1,FEASIBLE,WORSE
2669,2,30,64,22288,24942,1,FEASIBLE,WORSE
2670,2,30,65,21956,24551,1,FEASIBLE,WORSE
2671,2,30,66,22033,24647,1,FEASIBLE,WORSE
2672,2,30,67,21876,24557,1,FEASIBLE,WORSE
2673,2,30,68,21923,24582,1,FEASIBLE,WORSE
2674,2,30,69,21465,24057,1,FEASIBLE,WORSE
2675,2,30,70,21408,24035,1,FEASIBLE,WORSE
2676,2,30,71,22476,25119,1,FEASIBLE,WORSE
2677,2,30,72,21903,24518,1,FEASIBLE,WORSE
2678,2,30,73,22467,25090,1,FEASIBLE,WORSE
2679,2,30,74,22964,25622,0,CAPACITY_EXCEEDED,INVALID
2680,2,30,75,21325,23917,1,FEASIBLE,WORSE
2681,2,30,76,22098,24712,1,FEASIBLE,WORSE
2682,2,30,77,23067,25713,0,CAPACITY_EXCEEDED,INVALID
2683,2,30,78,22601,25243,1,FEASIBLE,WORSE
2684,2,30,79,22286,24914,1,FEASIBLE,WORSE
2685,2,30,80,21535,24150,1,FEASIBLE,WORSE
2686,2,30,81,21958,24605,1,FEASIBLE,WORSE
2687,2,30,82,22129,24725,1,FEASIBLE,WORSE
2688,2,30,83,21864,24502,1,FEASIBLE,WORSE
2689,2,30,84,22068,24687,1,FEASIBLE,WORSE
2690,2,30,85,21889,24552,1,FEASIBLE,WORSE
2691,2,30,86,22747,25403,1,FEASIBLE,WORSE
2692,2,30,87,22718,25387,1,FEASIBLE,WORSE
2693,2,30,88,22889,25571,0,CAPACITY_EXCEEDED,INVALID
2694,2,30,89,22011,24689,1,FEASIBLE,WORSE
2695,2,30,90,22204,24819,1,FEASIBLE,WORSE
2696,2,30,91,22386,25035,1,FEASIBLE,WORSE
2697,2,30,92,22407,25004,1,FEASIBLE,WORSE
2698,2,30,93,21779,24416,1,FEASIBLE,WORSE
2699,2,30,94,22661,25299,1,FEASIBLE,WORSE
2700,2,30,95,23108,25776,0,CAPACITY_EXCEEDED,INVALID
2701,2,30,96,22805,25412,1,FEASIBLE,WORSE
2702,2,30,97,21591,24209,1,FEASIBLE,WORSE
2703,2,30,98,23281,25920,0,CAPACITY_EXCEEDED,INVALID
2704,2,30,99,22237,24936,1,FEASIBLE,WORSE
2705,2,31,32,24350,27050,0,CAPACITY_EXCEEDED,INVALID
2706,2,31,33,24030,26723,0,CAPACITY_EXCEEDED,INVALID
2707,2,31,34,23591,26257,0,CAPACITY_EXCEEDED,INVALID
2708,2,31,35,23513,26202,0,CAPACITY_EXCEEDED,INVALID
2709,2,31,36,24395,27105,0,CAPACITY_EXCEEDED,INVALID
2710,2,31,37,23937,26579,0,CAPACITY_EXCEEDED,INVALID
2711,2,31,38,23254,25930,0,CAPACITY_EXCEEDED,INVALID
2712,2,31,39,22501,25180,1,FEASIBLE,WORSE
2713,2,31,40,22869,25568,0,CAPACITY_EXCEEDED,INVALID
2714,2,31,41,24177,26802,0,CAPACITY_EXCEEDED,INVALID
2715,2,31,42,24329,27023,0,CAPACITY_EXCEEDED,INVALID
2716,2,31,43,23734,26441,0,CAPACITY_EXCEEDED,INVALID
2717,2,31,44,23805,26444,0,CAPACITY_EXCEEDED,INVALID
2718,2,31,45,22569,25196,1,FEASIBLE,WORSE
2719,2,31,46,23313,25983,0,CAPACITY_EXCEEDED,INVALID
2720,2,31,47,24213,26935,0,CAPACITY_EXCEEDED,INVALID
2721,2,31,48,23350,26029,0,CAPACITY_EXCEEDED,INVALID
2722,2,31,49,24139,26800,0,CAPACITY_EXCEEDED,INVALID
2723,2,31,50,24151,26818,0,CAPACITY_EXCEEDED,INVALID
2724,2,31,51,24398,27124,0,CAPACITY_EXCEEDED,INVALID
2725,2,31,52,22604,25276,1,FEASIBLE,WORSE
2726,2,31,53,22944,25635,0,CAPACITY_EXCEEDED,INVALID
2727,2,31,54,23646,26268,0,CAPACITY_EXCEEDED,INVALID
2728,2,31,55,23297,25995,0,CAPACITY_EXCEEDED,INVALID
2729,2,31,56,22919,25558,0,CAPACITY_EXCEEDED,INVALID
2730,2,31,57,22938,25610,0,CAPACITY_EXCEEDED,INVALID
2731,2,31,58,23376,26009,0,CAPACITY_EXCEEDED,INVALID
2732,2,31,59,22544,25168,1,FEASIBLE,WORSE
2733,2,31,60,23956,26621,0,CAPACITY_EXCEEDED,INVALID
2734,2,31,61,24150,26830,0,CAPACITY_EXCEEDED,INVALID
2735,2,31,62,23228,25939,0,CAPACITY_EXCEEDED,INVALID
2736,2,31,63,23204,25829,0,CAPACITY_EXCEEDED,INVALID
2737,2,31,64,23436,26127,0,CAPACITY_EXCEEDED,INVALID
2738,2,31,65,23104,25736,0,CAPACITY_EXCEEDED,INVALID
2739,2,31,66,23181,25832,0,CAPACITY_EXCEEDED,INVALID
2740,2,31,67,23024,25742,0,CAPACITY_EXCEEDED,INVALID
2741,2,31,68,23071,25767,0,CAPACITY_EXCEEDED,INVALID
2742,2,31,69,22613,25242,1,FEASIBLE,WORSE
2743,2,31,70,22556,25220,1,FEASIBLE,WORSE
2744,2,31,71,23624,26304,0,CAPACITY_EXCEEDED,INVALID
2745,2,31,72,23051,25703,0,CAPACITY_EXCEEDED,INVALID
2746,2,31,73,23615,26275,0,CAPACITY_EXCEEDED,INVALID
2747,2,31,74,24112,26807,0,CAPACITY_EXCEEDED,INVALID
2748,2,31,75,22473,25102,1,FEASIBLE,WORSE
2749,2,31,76,23246,25897,0,CAPACITY_EXCEEDED,INVALID
2750,2,31,77,24215,26898,0,CAPACITY_EXCEEDED,INVALID
2751,2,31,78,23749,26428,0,CAPACITY_EXCEEDED,INVALID
2752,2,31,79,23434,26099,0,CAPACITY_EXCEEDED,INVALID
2753,2,31,80,22683,25335,1,FEASIBLE,WORSE
2754,2,31,81,23106,25790,0,CAPACITY_EXCEEDED,INVALID
2755,2,31,82,23277,25910,0,CAPACITY_EXCEEDED,INVALID
2756,2,31,83,23012,25687,0,CAPACITY_EXCEEDED,INVALID
2757,2,31,84,23216,25872,0,CAPACITY_EXCEEDED,INVALID
2758,2,31,85,23037,25737,0,CAPACITY_EXCEEDED,INVALID
2759,2,31,86,23895,26588,0,CAPACITY_EXCEEDED,INVALID
2760,2,31,87,23866,26572,0,CAPACITY_EXCEEDED,INVALID
2761,2,31,88,24037,26756,0,CAPACITY_EXCEEDED,INVALID
2762,2,31,89,23159,25874,0,CAPACITY_EXCEEDED,INVALID
2763,2,31,90,23352,26004,0,CAPACITY_EXCEEDED,INVALID
2764,2,31,91,23534,26220,0,CAPACITY_EXCEEDED,INVALID
2765,2,31,92,23555,26189,0,CAPACITY_EXCEEDED,INVALID
2766,2,31,93,22927,25601,0,CAPACITY_EXCEEDED,INVALID
2767,2,31,94,23809,26484,0,CAPACITY_EXCEEDED,INVALID
2768,2,31,95,24256,26961,0,CAPACITY_EXCEEDED,INVALID
2769,2,31,96,23953,26597,0,CAPACITY_EXCEEDED,INVALID
2770,2,31,97,22739,25394,1,FEASIBLE,WORSE
2771,2,31,98,24429,27105,0,CAPACITY_EXCEEDED,INVALID
2772,2,31,99,23385,26121,0,CAPACITY_EXCEEDED,INVALID
2773,2,32,33,24282,26960,0,CAPACITY_EXCEEDED,INVALID
2774,2,32,34,23843,26494,0,CAPACITY_EXCEEDED,INVALID
2775,2,32,35,23765,26439,0,CAPACITY_EXCEEDED,INVALID
2776,2,32,36,24647,27342,0,CAPACITY_EXCEEDED,INVALID
2777,2,32,37,24189,26816,0,CAPACITY_EXCEEDED,INVALID
2778,2,32,38,23506,26167,0,CAPACITY_EXCEEDED,INVALID
2779,2,32,39,22753,25417,1,FEASIBLE,WORSE
2780,2,32,40,23121,25805,0,CAPACITY_EXCEEDED,INVALID
2781,2,32,41,24429,27039,0,CAPACITY_EXCEEDED,INVALID
2782,2,32,42,24581,27260,0,CAPACITY_EXCEEDED,INVALID
2783,2,32,43,23986,26678,0,CAPACITY_EXCEEDED,INVALID
2784,2,32,44,24057,26681,0,CAPACITY_EXCEEDED,INVALID
2785,2,32,45,22821,25433,0,CAPACITY_EXCEEDED,INVALID
2786,2,32,46,23565,26220,0,CAPACITY_EXCEEDED,INVALID
2787,2,32,47,24465,27172,0,CAPACITY_EXCEEDED,INVALID
2788,2,32,48,23602,26266,0,CAPACITY_EXCEEDED,INVALID
2789,2,32,49,24391,27037,0,CAPACITY_EXCEEDED,INVALID
2790,2,32,50,24403,27055,0,CAPACITY_EXCEEDED,INVALID
2791,2,32,51,24650,27361,0,CAPACITY_EXCEEDED,INVALID
2792,2,32,52,22856,25513,0,CAPACITY_EXCEEDED,INVALID
2793,2,32,53,23196,25872,0,CAPACITY_EXCEEDED,INVALID
2794,2,32,54,23898,26505,0,CAPACITY_EXCEEDED,INVALID
2795,2,32,55,23549,26232,0,CAPACITY_EXCEEDED,INVALID
2796,2,32,56,23171,25795,0,CAPACITY_EXCEEDED,INVALID
2797,2,32,57,23190,25847,0,CAPACITY_EXCEEDED,INVALID
2798,2,32,58,23628,26246,0,CAPACITY_EXCEEDED,INVALID
2799,2,32,59,22796,25405,1,FEASIBLE,WORSE
2800,2,32,60,24208,26858,0,CAPACITY_EXCEEDED,INVALID
2801,2,32,61,24402,27067,0,CAPACITY_EXCEEDED,INVALID
2802,2,32,62,23480,26176,0,CAPACITY_EXCEEDED,INVALID
2803,2,32,63,23456,26066,0,CAPACITY_EXCEEDED,INVALID
2804,2,32,64,23688,26364,0,CAPACITY_EXCEEDED,INVALID
2805,2,32,65,23356,25973,0,CAPACITY_EXCEEDED,INVALID
2806,2,32,66,23433,26069,0,CAPACITY_EXCEEDED,INVALID
2807,2,32,67,23276,25979,0,CAPACITY_EXCEEDED,INVALID
2808,2,32,68,23323,26004,0,CAPACITY_EXCEEDED,INVALID
2809,2,32,69,22865,25479,0,CAPACITY_EXCEEDED,INVALID
2810,2,32,70,22808,25457,0,CAPACITY_EXCEEDED,INVALID
2811,2,32,71,23876,26541,0,CAPACITY_EXCEEDED,INVALID
2812,2,32,72,23303,25940,0,CAPACITY_EXCEEDED,INVALID
2813,2,32,73,23867,26512,0,CAPACITY_EXCEEDED,INVALID
2814,2,32,74,24364,27044,0,CAPACITY_EXCEEDED,INVALID
2815,2,32,75,22725,25339,1,FEASIBLE,WORSE
2816,2,32,76,23498,26134,0,CAPACITY_EXCEEDED,INVALID
2817,2,32,77,24467,27135,0,CAPACITY_EXCEEDED,INVALID
2818,2,32,78,24001,26665,0,CAPACITY_EXCEEDED,INVALID
2819,2,32,79,23686,26336,0,CAPACITY_EXCEEDED,INVALID
2820,2,32,80,22935,25572,0,CAPACITY_EXCEEDED,INVALID
2821,2,32,81,23358,26027,0,CAPACITY_EXCEEDED,INVALID
2822,2,32,82,23529,26147,0,CAPACITY_EXCEEDED,INVALID
2823,2,32,83,23264,25924,0,CAPACITY_EXCEEDED,INVALID
2824,2,32,84,23468,26109,0,CAPACITY_EXCEEDED,INVALID
2825,2,32,85,23289,25974,0,CAPACITY_EXCEEDED,INVALID
2826,2,32,86,24147,26825,0,CAPACITY_EXCEEDED,INVALID
2827,2,32,87,24118,26809,0,CAPACITY_EXCEEDED,INVALID
2828,2,32,88,24289,26993,0,CAPACITY_EXCEEDED,INVALID
2829,2,32,89,23411,26111,0,CAPACITY_EXCEEDED,INVALID
2830,2,32,90,23604,26241,0,CAPACITY_EXCEEDED,INVALID
2831,2,32,91,23786,26457,0,CAPACITY_EXCEEDED,INVALID
2832,2,32,92,23807,26426,0,CAPACITY_EXCEEDED,INVALID
2833,2,32,93,23179,25838,0,CAPACITY_EXCEEDED,INVALID
2834,2,32,94,24061,26721,0,CAPACITY_EXCEEDED,INVALID
2835,2,32,95,24508,27198,0,CAPACITY_EXCEEDED,INVALID
2836,2,32,96,24205,26834,0,CAPACITY_EXCEEDED,INVALID
2837,2,32,97,22991,25631,0,CAPACITY_EXCEEDED,INVALID
2838,2,32,98,24681,27342,0,CAPACITY_EXCEEDED,INVALID
2839,2,32,99,23637,26358,0,CAPACITY_EXCEEDED,INVALID
2840,2,33,34,23523,26167,0,CAPACITY_EXCEEDED,INVALID
2841,2,33,35,23445,26112,0,CAPACITY_EXCEEDED,INVALID
2842,2,33,36,24327,27015,0,CAPACITY_EXCEEDED,INVALID
2843,2,33,37,23869,26489,0,CAPACITY_EXCEEDED,INVALID
2844,2,33,38,23186,25840,0,CAPACITY_EXCEEDED,INVALID
2845,2,33,39,22433,25090,1,FEASIBLE,WORSE
2846,2,33,40,22801,25478,1,FEASIBLE,WORSE
2847,2,33,41,24109,26712,0,CAPACITY_EXCEEDED,INVALID
2848,2,33,42,24261,26933,0,CAPACITY_EXCEEDED,INVALID
2849,2,33,43,23666,26351,0,CAPACITY_EXCEEDED,INVALID
2850,2,33,44,23737,26354,0,CAPACITY_EXCEEDED,INVALID
2851,2,33,45,22501,25106,1,FEASIBLE,WORSE
2852,2,33,46,23245,25893,0,CAPACITY_EXCEEDED,INVALID
2853,2,33,47,24145,26845,0,CAPACITY_EXCEEDED,INVALID
2854,2,33,48,23282,25939,0,CAPACITY_EXCEEDED,INVALID
2855,2,33,49,24071,26710,0,CAPACITY_EXCEEDED,INVALID
2856,2,33,50,24083,26728,0,CAPACITY_EXCEEDED,INVALID
2857,2,33,51,24330,27034,0,CAPACITY_EXCEEDED,INVALID
2858,2,33,52,22536,25186,1,FEASIBLE,WORSE
2859,2,33,53,22876,25545,0,CAPACITY_EXCEEDED,INVALID
2860,2,33,54,23578,26178,0,CAPACITY_EXCEEDED,INVALID
2861,2,33,55,23229,25905,0,CAPACITY_EXCEEDED,INVALID
2862,2,33,56,22851,25468,0,CAPACITY_EXCEEDED,INVALID
2863,2,33,57,22870,25520,0,CAPACITY_EXCEEDED,INVALID
2864,2,33,58,23308,25919,0,CAPACITY_EXCEEDED,INVALID
2865,2,33,59,22476,25078,1,FEASIBLE,WORSE
2866,2,33,60,23888,26531,0,CAPACITY_EXCEEDED,INVALID
2867,2,33,61,24082,26740,0,CAPACITY_EXCEEDED,INVALID
2868,2,33,62,23160,25849,0,CAPACITY_EXCEEDED,INVALID
2869,2,33,63,23136,25739,0,CAPACITY_EXCEEDED,INVALID
2870,2,33,64,23368,26037,0,CAPACITY_EXCEEDED,INVALID
2871,2,33,65,23036,25646,0,CAPACITY_EXCEEDED,INVALID
2872,2,33,66,23113,25742,0,CAPACITY_EXCEEDED,INVALID
2873,2,33,67,22956,25652,0,CAPACITY_EXCEEDED,INVALID
2874,2,33,68,23003,25677,0,CAPACITY_EXCEEDED,INVALID
2875,2,33,69,22545,25152,1,FEASIBLE,WORSE
2876,2,33,70,22488,25130,1,FEASIBLE,WORSE
2877,2,33,71,23556,26214,0,CAPACITY_EXCEEDED,INVALID
2878,2,33,72,22983,25613,0,CAPACITY_EXCEEDED,INVALID
2879,2,33,73,23547,26185,0,CAPACITY_EXCEEDED,INVALID
2880,2,33,74,24044,26717,0,CAPACITY_EXCEEDED,INVALID
2881,2,33,75,22405,25012,1,FEASIBLE,WORSE
2882,2,33,76,23178,25807,0,CAPACITY_EXCEEDED,INVALID
2883,2,33,77,24147,26808,0,CAPACITY_EXCEEDED,INVALID
2884,2,33,78,23681,26338,0,CAPACITY_EXCEEDED,INVALID
2885,2,33,79,23366,26009,0,CAPACITY_EXCEEDED,INVALID
2886,2,33,80,22615,25245,1,FEASIBLE,WORSE
2887,2,33,81,23038,25700,0,CAPACITY_EXCEEDED,INVALID
2888,2,33,82,23209,25820,0,CAPACITY_EXCEEDED,INVALID
2889,2,33,83,22944,25597,0,CAPACITY_EXCEEDED,INVALID
2890,2,33,84,23148,25782,0,CAPACITY_EXCEEDED,INVALID
2891,2,33,85,22969,25647,0,CAPACITY_EXCEEDED,INVALID
2892,2,33,86,23827,26498,0,CAPACITY_EXCEEDED,INVALID
2893,2,33,87,23798,26482,0,CAPACITY_EXCEEDED,INVALID
2894,2,33,88,23969,26666,0,CAPACITY_EXCEEDED,INVALID
2895,2,33,89,23091,25784,0,CAPACITY_EXCEEDED,INVALID
2896,2,33,90,23284,25914,0,CAPACITY_EXCEEDED,INVALID
2897,2,33,91,23466,26130,0,CAPACITY_EXCEEDED,INVALID
2898,2,33,92,23487,26099,0,CAPACITY_EXCEEDED,INVALID
2899,2,33,93,22859,25511,0,CAPACITY_EXCEEDED,INVALID
2900,2,33,94,23741,26394,0,CAPACITY_EXCEEDED,INVALID
2901,2,33,95,24188,26871,0,CAPACITY_EXCEEDED,INVALID
2902,2,33,96,23885,26507,0,CAPACITY_EXCEEDED,INVALID
2903,2,33,97,22671,25304,1,FEASIBLE,WORSE
2904,2,33,98,24361,27015,0,CAPACITY_EXCEEDED,INVALID
2905,2,33,99,23317,26031,0,CAPACITY_EXCEEDED,INVALID
2906,2,34,35,23006,25646,0,CAPACITY_EXCEEDED,INVALID
2907,2,34,36,23888,26549,0,CAPACITY_EXCEEDED,INVALID
2908,2,34,37,23430,26023,0,CAPACITY_EXCEEDED,INVALID
2909,2,34,38,22747,25374,1,FEASIBLE,WORSE
2910,2,34,39,21994,24624,1,FEASIBLE,WORSE
2911,2,34,40,22362,25012,1,FEASIBLE,WORSE
2912,2,34,41,23670,26246,0,CAPACITY_EXCEEDED,INVALID
2913,2,34,42,23822,26467,0,CAPACITY_EXCEEDED,INVALID
2914,2,34,43,23227,25885,0,CAPACITY_EXCEEDED,INVALID
2915,2,34,44,23298,25888,0,CAPACITY_EXCEEDED,INVALID
2916,2,34,45,22062,24640,1,FEASIBLE,WORSE
2917,2,34,46,22806,25427,1,FEASIBLE,WORSE
2918,2,34,47,23706,26379,0,CAPACITY_EXCEEDED,INVALID
2919,2,34,48,22843,25473,0,CAPACITY_EXCEEDED,INVALID
2920,2,34,49,23632,26244,0,CAPACITY_EXCEEDED,INVALID
2921,2,34,50,23644,26262,0,CAPACITY_EXCEEDED,INVALID
2922,2,34,51,23891,26568,0,CAPACITY_EXCEEDED,INVALID
2923,2,34,52,22097,24720,1,FEASIBLE,WORSE
2924,2,34,53,22437,25079,1,FEASIBLE,WORSE
2925,2,34,54,23139,25712,0,CAPACITY_EXCEEDED,INVALID
2926,2,34,55,22790,25439,1,FEASIBLE,WORSE
2927,2,34,56,22412,25002,1,FEASIBLE,WORSE
2928,2,34,57,22431,25054,1,FEASIBLE,WORSE
2929,2,34,58,22869,25453,0,CAPACITY_EXCEEDED,INVALID
2930,2,34,59,22037,24612,1,FEASIBLE,WORSE
2931,2,34,60,23449,26065,0,CAPACITY_EXCEEDED,INVALID
2932,2,34,61,23643,26274,0,CAPACITY_EXCEEDED,INVALID
2933,2,34,62,22721,25383,1,FEASIBLE,WORSE
2934,2,34,63,22697,25273,1,FEASIBLE,WORSE
2935,2,34,64,22929,25571,0,CAPACITY_EXCEEDED,INVALID
2936,2,34,65,22597,25180,1,FEASIBLE,WORSE
2937,2,34,66,22674,25276,1,FEASIBLE,WORSE
2938,2,34,67,22517,25186,1,FEASIBLE,WORSE
2939,2,34,68,22564,25211,1,FEASIBLE,WORSE
2940,2,34,69,22106,24686,1,FEASIBLE,WORSE
2941,2,34,70,22049,24664,1,FEASIBLE,WORSE
2942,2,34,71,23117,25748,0,CAPACITY_EXCEEDED,INVALID
2943,2,34,72,22544,25147,1,FEASIBLE,WORSE
2944,2,34,73,23108,25719,0,CAPACITY_EXCEEDED,INVALID
2945,2,34,74,23605,26251,0,CAPACITY_EXCEEDED,INVALID
2946,2,34,75,21966,24546,1,FEASIBLE,WORSE
2947,2,34,76,22739,25341,1,FEASIBLE,WORSE
2948,2,34,77,23708,26342,0,CAPACITY_EXCEEDED,INVALID
2949,2,34,78,23242,25872,0,CAPACITY_EXCEEDED,INVALID
2950,2,34,79,22927,25543,0,CAPACITY_EXCEEDED,INVALID
2951,2,34,80,22176,24779,1,FEASIBLE,WORSE
2952,2,34,81,22599,25234,1,FEASIBLE,WORSE
2953,2,34,82,22770,25354,1,FEASIBLE,WORSE
2954,2,34,83,22505,25131,1,FEASIBLE,WORSE
2955,2,34,84,22709,25316,1,FEASIBLE,WORSE
2956,2,34,85,22530,25181,1,FEASIBLE,WORSE
2957,2,34,86,23388,26032,0,CAPACITY_EXCEEDED,INVALID
2958,2,34,87,23359,26016,0,CAPACITY_EXCEEDED,INVALID
2959,2,34,88,23530,26200,0,CAPACITY_EXCEEDED,INVALID
2960,2,34,89,22652,25318,1,FEASIBLE,WORSE
2961,2,34,90,22845,25448,0,CAPACITY_EXCEEDED,INVALID
2962,2,34,91,23027,25664,0,CAPACITY_EXCEEDED,INVALID
2963,2,34,92,23048,25633,0,CAPACITY_EXCEEDED,INVALID
2964,2,34,93,22420,25045,1,FEASIBLE,WORSE
2965,2,34,94,23302,25928,0,CAPACITY_EXCEEDED,INVALID
2966,2,34,95,23749,26405,0,CAPACITY_EXCEEDED,INVALID
2967,2,34,96,23446,26041,0,CAPACITY_EXCEEDED,INVALID
2968,2,34,97,22232,24838,1,FEASIBLE,WORSE
2969,2,34,98,23922,26549,0,CAPACITY_EXCEEDED,INVALID
2970,2,34,99,22878,25565,0,CAPACITY_EXCEEDED,INVALID
2971,2,35,36,23810,26494,0,CAPACITY_EXCEEDED,INVALID
2972,2,35,37,23352,25968,0,CAPACITY_EXCEEDED,INVALID
2973,2,35,38,22669,25319,1,FEASIBLE,WORSE
2974,2,35,39,21916,24569,1,FEASIBLE,WORSE
2975,2,35,40,22284,24957,1,FEASIBLE,WORSE
2976,2,35,41,23592,26191,0,CAPACITY_EXCEEDED,INVALID
2977,2,35,42,23744,26412,0,CAPACITY_EXCEEDED,INVALID
2978,2,35,43,23149,25830,0,CAPACITY_EXCEEDED,INVALID
2979,2,35,44,23220,25833,0,CAPACITY_EXCEEDED,INVALID
2980,2,35,45,21984,24585,1,FEASIBLE,WORSE
2981,2,35,46,22728,25372,1,FEASIBLE,WORSE
2982,2,35,47,23628,26324,0,CAPACITY_EXCEEDED,INVALID
2983,2,35,48,22765,25418,1,FEASIBLE,WORSE
2984,2,35,49,23554,26189,0,CAPACITY_EXCEEDED,INVALID
2985,2,35,50,23566,26207,0,CAPACITY_EXCEEDED,INVALID
2986,2,35,51,23813,26513,0,CAPACITY_EXCEEDED,INVALID
2987,2,35,52,22019,24665,1,FEASIBLE,WORSE
2988,2,35,53,22359,25024,1,FEASIBLE,WORSE
2989,2,35,54,23061,25657,0,CAPACITY_EXCEEDED,INVALID
2990,2,35,55,22712,25384,1,FEASIBLE,WORSE
2991,2,35,56,22334,24947,1,FEASIBLE,WORSE
2992,2,35,57,22353,24999,1,FEASIBLE,WORSE
2993,2,35,58,22791,25398,1,FEASIBLE,WORSE
2994,2,35,59,21959,24557,1,FEASIBLE,WORSE
2995,2,35,60,23371,26010,0,CAPACITY_EXCEEDED,INVALID
2996,2,35,61,23565,26219,0,CAPACITY_EXCEEDED,INVALID
2997,2,35,62,22643,25328,1,FEASIBLE,WORSE
2998,2,35,63,22619,25218,1,FEASIBLE,WORSE
2999,2,35,64,22851,25516,0,CAPACITY_EXCEEDED,INVALID
3000,2,35,65,22519,25125,1,FEASIBLE,WORSE
3001,2,35,66,22596,25221,1,FEASIBLE,WORSE
3002,2,35,67,22439,25131,1,FEASIBLE,WORSE
3003,2,35,68,22486,25156,1,FEASIBLE,WORSE
3004,2,35,69,22028,24631,1,FEASIBLE,WORSE
3005,2,35,70,21971,24609,1,FEASIBLE,WORSE
3006,2,35,71,23039,25693,0,CAPACITY_EXCEEDED,INVALID
3007,2,35,72,22466,25092,1,FEASIBLE,WORSE
3008,2,35,73,23030,25664,0,CAPACITY_EXCEEDED,INVALID
3009,2,35,74,23527,26196,0,CAPACITY_EXCEEDED,INVALID
3010,2,35,75,21888,24491,1,FEASIBLE,WORSE
3011,2,35,76,22661,25286,1,FEASIBLE,WORSE
3012,2,35,77,23630,26287,0,CAPACITY_EXCEEDED,INVALID
3013,2,35,78,23164,25817,0,CAPACITY_EXCEEDED,INVALID
3014,2,35,79,22849,25488,0,CAPACITY_EXCEEDED,INVALID
3015,2,35,80,22098,24724,1,FEASIBLE,WORSE
3016,2,35,81,22521,25179,1,FEASIBLE,WORSE
3017,2,35,82,22692,25299,1,FEASIBLE,WORSE
3018,2,35,83,22427,25076,1,FEASIBLE,WORSE
3019,2,35,84,22631,25261,1,FEASIBLE,WORSE
3020,2,35,85,22452,25126,1,FEASIBLE,WORSE
3021,2,35,86,23310,25977,0,CAPACITY_EXCEEDED,INVALID
3022,2,35,87,23281,25961,0,CAPACITY_EXCEEDED,INVALID
3023,2,35,88,23452,26145,0,CAPACITY_EXCEEDED,INVALID
3024,2,35,89,22574,25263,1,FEASIBLE,WORSE
3025,2,35,90,22767,25393,1,FEASIBLE,WORSE
3026,2,35,91,22949,25609,0,CAPACITY_EXCEEDED,INVALID
3027,2,35,92,22970,25578,0,CAPACITY_EXCEEDED,INVALID
3028,2,35,93,22342,24990,1,FEASIBLE,WORSE
3029,2,35,94,23224,25873,0,CAPACITY_EXCEEDED,INVALID
3030,2,35,95,23671,26350,0,CAPACITY_EXCEEDED,INVALID
3031,2,35,96,23368,25986,0,CAPACITY_EXCEEDED,INVALID
3032,2,35,97,22154,24783,1,FEASIBLE,WORSE
3033,2,35,98,23844,26494,0,CAPACITY_EXCEEDED,INVALID
3034,2,35,99,22800,25510,1,FEASIBLE,WORSE
3035,2,36,37,24234,26871,0,CAPACITY_EXCEEDED,INVALID
3036,2,36,38,23551,26222,0,CAPACITY_EXCEEDED,INVALID
3037,2,36,39,22798,25472,1,FEASIBLE,WORSE
3038,2,36,40,23166,25860,0,CAPACITY_EXCEEDED,INVALID
3039,2,36,41,24474,27094,0,CAPACITY_EXCEEDED,INVALID
3040,2,36,42,24626,27315,0,CAPACITY_EXCEEDED,INVALID
3041,2,36,43,24031,26733,0,CAPACITY_EXCEEDED,INVALID
3042,2,36,44,24102,26736,0,CAPACITY_EXCEEDED,INVALID
3043,2,36,45,22866,25488,0,CAPACITY_EXCEEDED,INVALID
3044,2,36,46,23610,26275,0,CAPACITY_EXCEEDED,INVALID
3045,2,36,47,24510,27227,0,CAPACITY_EXCEEDED,INVALID
3046,2,36,48,23647,26321,0,CAPACITY_EXCEEDED,INVALID
3047,2,36,49,24436,27092,0,CAPACITY_EXCEEDED,INVALID
3048,2,36,50,24448,27110,0,CAPACITY_EXCEEDED,INVALID
3049,2,36,51,24695,27416,0,CAPACITY_EXCEEDED,INVALID
3050,2,36,52,22901,25568,0,CAPACITY_EXCEEDED,INVALID
3051,2,36,53,23241,25927,0,CAPACITY_EXCEEDED,INVALID
3052,2,36,54,23943,26560,0,CAPACITY_EXCEEDED,INVALID
3053,2,36,55,23594,26287,0,CAPACITY_EXCEEDED,INVALID
3054,2,36,56,23216,25850,0,CAPACITY_EXCEEDED,INVALID
3055,2,36,57,23235,25902,0,CAPACITY_EXCEEDED,INVALID
3056,2,36,58,23673,26301,0,CAPACITY_EXCEEDED,INVALID
3057,2,36,59,22841,25460,0,CAPACITY_EXCEEDED,INVALID
3058,2,36,60,24253,26913,0,CAPACITY_EXCEEDED,INVALID
3059,2,36,61,24447,27122,0,CAPACITY_EXCEEDED,INVALID
3060,2,36,62,23525,26231,0,CAPACITY_EXCEEDED,INVALID
3061,2,36,63,23501,26121,0,CAPACITY_EXCEEDED,INVALID
3062,2,36,64,23733,26419,0,CAPACITY_EXCEEDED,INVALID
3063,2,36,65,23401,26028,0,CAPACITY_EXCEEDED,INVALID
3064,2,36,66,23478,26124,0,CAPACITY_EXCEEDED,INVALID
3065,2,36,67,23321,26034,0,CAPACITY_EXCEEDED,INVALID
3066,2,36,68,23368,26059,0,CAPACITY_EXCEEDED,INVALID
3067,2,36,69,22910,25534,0,CAPACITY_EXCEEDED,INVALID
3068,2,36,70,22853,25512,0,CAPACITY_EXCEEDED,INVALID
3069,2,36,71,23921,26596,0,CAPACITY_EXCEEDED,INVALID
3070,2,36,72,23348,25995,0,CAPACITY_EXCEEDED,INVALID
3071,2,36,73,23912,26567,0,CAPACITY_EXCEEDED,INVALID
3072,2,36,74,24409,27099,0,CAPACITY_EXCEEDED,INVALID
3073,2,36,75,22770,25394,1,FEASIBLE,WORSE
3074,2,36,76,23543,26189,0,CAPACITY_EXCEEDED,INVALID
3075,2,36,77,24512,27190,0,CAPACITY_EXCEEDED,INVALID
3076,2,36,78,24046,26720,0,CAPACITY_EXCEEDED,INVALID
3077,2,36,79,23731,26391,0,CAPACITY_EXCEEDED,INVALID
3078,2,36,80,22980,25627,0,CAPACITY_EXCEEDED,INVALID
3079,2,36,81,23403,26082,0,CAPACITY_EXCEEDED,INVALID
3080,2,36,82,23574,26202,0,CAPACITY_EXCEEDED,INVALID
3081,2,36,83,23309,25979,0,CAPACITY_EXCEEDED,INVALID
3082,2,36,84,23513,26164,0,CAPACITY_EXCEEDED,INVALID
3083,2,36,85,23334,26029,0,CAPACITY_EXCEEDED,INVALID
3084,2,36,86,24192,26880,0,CAPACITY_EXCEEDED,INVALID
3085,2,36,87,24163,26864,0,CAPACITY_EXCEEDED,INVALID
3086,2,36,88,24334,27048,0,CAPACITY_EXCEEDED,INVALID
3087,2,36,89,23456,26166,0,CAPACITY_EXCEEDED,INVALID
3088,2,36,90,23649,26296,0,CAPACITY_EXCEEDED,INVALID
3089,2,36,91,23831,26512,0,CAPACITY_EXCEEDED,INVALID
3090,2,36,92,23852,26481,0,CAPACITY_EXCEEDED,INVALID
3091,2,36,93,23224,25893,0,CAPACITY_EXCEEDED,INVALID
3092,2,36,94,24106,26776,0,CAPACITY_EXCEEDED,INVALID
3093,2,36,95,24553,27253,0,CAPACITY_EXCEEDED,INVALID
3094,2,36,96,24250,26889,0,CAPACITY_EXCEEDED,INVALID
3095,2,36,97,23036,25686,0,CAPACITY_EXCEEDED,INVALID
3096,2,36,98,24726,27397,0,CAPACITY_EXCEEDED,INVALID
3097,2,36,99,23682,26413,0,CAPACITY_EXCEEDED,INVALID
3098,2,37,38,23093,25696,0,CAPACITY_EXCEEDED,INVALID
3099,2,37,39,22340,24946,1,FEASIBLE,WORSE
3100,2,37,40,22708,25334,1,FEASIBLE,WORSE
3101,2,37,41,24016,26568,0,CAPACITY_EXCEEDED,INVALID
3102,2,37,42,24168,26789,0,CAPACITY_EXCEEDED,INVALID
3103,2,37,43,23573,26207,0,CAPACITY_EXCEEDED,INVALID
3104,2,37,44,23644,26210,0,CAPACITY_EXCEEDED,INVALID
3105,2,37,45,22408,24962,1,FEASIBLE,WORSE
3106,2,37,46,23152,25749,0,CAPACITY_EXCEEDED,INVALID
3107,2,37,47,24052,26701,0,CAPACITY_EXCEEDED,INVALID
3108,2,37,48,23189,25795,0,CAPACITY_EXCEEDED,INVALID
3109,2,37,49,23978,26566,0,CAPACITY_EXCEEDED,INVALID
3110,2,37,50,23990,26584,0,CAPACITY_EXCEEDED,INVALID
3111,2,37,51,24237,26890,0,CAPACITY_EXCEEDED,INVALID
3112,2,37,52,22443,25042,1,FEASIBLE,WORSE
3113,2,37,53,22783,25401,1,FEASIBLE,WORSE
3114,2,37,54,23485,26034,0,CAPACITY_EXCEEDED,INVALID
3115,2,37,55,23136,25761,0,CAPACITY_EXCEEDED,INVALID
3116,2,37,56,22758,25324,1,FEASIBLE,WORSE
3117,2,37,57,22777,25376,1,FEASIBLE,WORSE
3118,2,37,58,23215,25775,0,CAPACITY_EXCEEDED,INVALID
3119,2,37,59,22383,24934,1,FEASIBLE,WORSE
3120,2,37,60,23795,26387,0,CAPACITY_EXCEEDED,INVALID
3121,2,37,61,23989,26596,0,CAPACITY_EXCEEDED,INVALID
3122,2,37,62,23067,25705,0,CAPACITY_EXCEEDED,INVALID
3123,2,37,63,23043,25595,0,CAPACITY_EXCEEDED,INVALID
3124,2,37,64,23275,25893,0,CAPACITY_EXCEEDED,INVALID
3125,2,37,65,22943,25502,0,CAPACITY_EXCEEDED,INVALID
3126,2,37,66,23020,25598,0,CAPACITY_EXCEEDED,INVALID
3127,2,37,67,22863,25508,0,CAPACITY_EXCEEDED,INVALID
3128,2,37,68,22910,25533,0,CAPACITY_EXCEEDED,INVALID
3129,2,37,69,22452,25008,1,FEASIBLE,WORSE
3130,2,37,70,22395,24986,1,FEASIBLE,WORSE
3131,2,37,71,23463,26070,0,CAPACITY_EXCEEDED,INVALID
3132,2,37,72,22890,25469,0,CAPACITY_EXCEEDED,INVALID
3133,2,37,73,23454,26041,0,CAPACITY_EXCEEDED,INVALID
3134,2,37,74,23951,26573,0,CAPACITY_EXCEEDED,INVALID
3135,2,37,75,22312,24868,1,FEASIBLE,WORSE
3136,2,37,76,23085,25663,0,CAPACITY_EXCEEDED,INVALID
3137,2,37,77,24054,26664,0,CAPACITY_EXCEEDED,INVALID
3138,2,37,78,23588,26194,0,CAPACITY_EXCEEDED,INVALID
3139,2,37,79,23273,25865,0,CAPACITY_EXCEEDED,INVALID
3140,2,37,80,22522,25101,1,FEASIBLE,WORSE
3141,2,37,81,22945,25556,0,CAPACITY_EXCEEDED,INVALID
3142,2,37,82,23116,25676,0,CAPACITY_EXCEEDED,INVALID
3143,2,37,83,22851,25453,0,CAPACITY_EXCEEDED,INVALID
3144,2,37,84,23055,25638,0,CAPACITY_EXCEEDED,INVALID
3145,2,37,85,22876,25503,0,CAPACITY_EXCEEDED,INVALID
3146,2,37,86,23734,26354,0,CAPACITY_EXCEEDED,INVALID
3147,2,37,87,23705,26338,0,CAPACITY_EXCEEDED,INVALID
3148,2,37,88,23876,26522,0,CAPACITY_EXCEEDED,INVALID
3149,2,37,89,22998,25640,0,CAPACITY_EXCEEDED,INVALID
3150,2,37,90,23191,25770,0,CAPACITY_EXCEEDED,INVALID
3151,2,37,91,23373,25986,0,CAPACITY_EXCEEDED,INVALID
3152,2,37,92,23394,25955,0,CAPACITY_EXCEEDED,INVALID
3153,2,37,93,22766,25367,1,FEASIBLE,WORSE
3154,2,37,94,23648,26250,0,CAPACITY_EXCEEDED,INVALID
3155,2,37,95,24095,26727,0,CAPACITY_EXCEEDED,INVALID
3156,2,37,96,23792,26363,0,CAPACITY_EXCEEDED,INVALID
3157,2,37,97,22578,25160,1,FEASIBLE,WORSE
3158,2,37,98,24268,26871,0,CAPACITY_EXCEEDED,INVALID
3159,2,37,99,23224,25887,0,CAPACITY_EXCEEDED,INVALID
3160,2,38,39,21657,24297,1,FEASIBLE,WORSE
3161,2,38,40,22025,24685,1,FEASIBLE,WORSE
3162,2,38,41,23333,25919,0,CAPACITY_EXCEEDED,INVALID
3163,2,38,42,23485,26140,0,CAPACITY_EXCEEDED,INVALID
3164,2,38,43,22890,25558,0,CAPACITY_EXCEEDED,INVALID
3165,2,38,44,22961,25561,0,CAPACITY_EXCEEDED,INVALID
3166,2,38,45,21725,24313,1,FEASIBLE,WORSE
3167,2,38,46,22469,25100,1,FEASIBLE,WORSE
3168,2,38,47,23369,26052,0,CAPACITY_EXCEEDED,INVALID
3169,2,38,48,22506,25146,1,FEASIBLE,WORSE
3170,2,38,49,23295,25917,0,CAPACITY_EXCEEDED,INVALID
3171,2,38,50,23307,25935,0,CAPACITY_EXCEEDED,INVALID
3172,2,38,51,23554,26241,0,CAPACITY_EXCEEDED,INVALID
3173,2,38,52,21760,24393,1,FEASIBLE,WORSE
3174,2,38,53,22100,24752,1,FEASIBLE,WORSE
3175,2,38,54,22802,25385,1,FEASIBLE,WORSE
3176,2,38,55,22453,25112,1,FEASIBLE,WORSE
3177,2,38,56,22075,24675,1,FEASIBLE,WORSE
3178,2,38,57,22094,24727,1,FEASIBLE,WORSE
3179,2,38,58,22532,25126,1,FEASIBLE,WORSE
3180,2,38,59,21700,24285,1,FEASIBLE,WORSE
3181,2,38,60,23112,25738,0,CAPACITY_EXCEEDED,INVALID
3182,2,38,61,23306,25947,0,CAPACITY_EXCEEDED,INVALID
3183,2,38,62,22384,25056,1,FEASIBLE,WORSE
3184,2,38,63,22360,24946,1,FEASIBLE,WORSE
3185,2,38,64,22592,25244,1,FEASIBLE,WORSE
3186,2,38,65,22260,24853,1,FEASIBLE,WORSE
3187,2,38,66,22337,24949,1,FEASIBLE,WORSE
3188,2,38,67,22180,24859,1,FEASIBLE,WORSE
3189,2,38,68,22227,24884,1,FEASIBLE,WORSE
3190,2,38,69,21769,24359,1,FEASIBLE,WORSE
3191,2,38,70,21712,24337,1,FEASIBLE,WORSE
3192,2,38,71,22780,25421,1,FEASIBLE,WORSE
3193,2,38,72,22207,24820,1,FEASIBLE,WORSE
3194,2,38,73,22771,25392,1,FEASIBLE,WORSE
3195,2,38,74,23268,25924,0,CAPACITY_EXCEEDED,INVALID
3196,2,38,75,21629,24219,1,FEASIBLE,WORSE
3197,2,38,76,22402,25014,1,FEASIBLE,WORSE
3198,2,38,77,23371,26015,0,CAPACITY_EXCEEDED,INVALID
3199,2,38,78,22905,25545,0,CAPACITY_EXCEEDED,INVALID
3200,2,38,79,22590,25216,1,FEASIBLE,WORSE
3201,2,38,80,21839,24452,1,FEASIBLE,WORSE
3202,2,38,81,22262,24907,1,FEASIBLE,WORSE
3203,2,38,82,22433,25027,1,FEASIBLE,WORSE
3204,2,38,83,22168,24804,1,FEASIBLE,WORSE
3205,2,38,84,22372,24989,1,FEASIBLE,WORSE
3206,2,38,85,22193,24854,1,FEASIBLE,WORSE
3207,2,38,86,23051,25705,0,CAPACITY_EXCEEDED,INVALID
3208,2,38,87,23022,25689,0,CAPACITY_EXCEEDED,INVALID
3209,2,38,88,23193,25873,0,CAPACITY_EXCEEDED,INVALID
3210,2,38,89,22315,24991,1,FEASIBLE,WORSE
3211,2,38,90,22508,25121,1,FEASIBLE,WORSE
3212,2,38,91,22690,25337,1,FEASIBLE,WORSE
3213,2,38,92,22711,25306,1,FEASIBLE,WORSE
3214,2,38,93,22083,24718,1,FEASIBLE,WORSE
3215,2,38,94,22965,25601,0,CAPACITY_EXCEEDED,INVALID
3216,2,38,95,23412,26078,0,CAPACITY_EXCEEDED,INVALID
3217,2,38,96,23109,25714,0,CAPACITY_EXCEEDED,INVALID
3218,2,38,97,21895,24511,1,FEASIBLE,WORSE
3219,2,38,98,23585,26222,0,CAPACITY_EXCEEDED,INVALID
3220,2,38,99,22541,25238,1,FEASIBLE,WORSE
3221,2,39,40,21272,23935,1,FEASIBLE,WORSE
3222,2,39,41,22580,25169,1,FEASIBLE,WORSE
3223,2,39,42,22732,25390,1,FEASIBLE,WORSE
3224,2,39,43,22137,24808,1,FEASIBLE,WORSE
3225,2,39,44,22208,24811,1,FEASIBLE,WORSE
3226,2,39,45,20972,23563,1,FEASIBLE,WORSE
3227,2,39,46,21716,24350,1,FEASIBLE,WORSE
3228,2,39,47,22616,25302,1,FEASIBLE,WORSE
3229,2,39,48,21753,24396,1,FEASIBLE,WORSE
3230,2,39,49,22542,25167,1,FEASIBLE,WORSE
3231,2,39,50,22554,25185,1,FEASIBLE,WORSE
3232,2,39,51,22801,25491,1,FEASIBLE,WORSE
3233,2,39,52,21007,23643,1,FEASIBLE,WORSE
3234,2,39,53,21347,24002,1,FEASIBLE,WORSE
3235,2,39,54,22049,24635,1,FEASIBLE,WORSE
3236,2,39,55,21700,24362,1,FEASIBLE,WORSE
3237,2,39,56,21322,23925,1,FEASIBLE,WORSE
3238,2,39,57,21341,23977,1,FEASIBLE,WORSE
3239,2,39,58,21779,24376,1,FEASIBLE,WORSE
3240,2,39,59,20947,23535,1,FEASIBLE,WORSE
3241,2,39,60,22359,24988,1,FEASIBLE,WORSE
3242,2,39,61,22553,25197,1,FEASIBLE,WORSE
3243,2,39,62,21631,24306,1,FEASIBLE,WORSE
3244,2,39,63,21607,24196,1,FEASIBLE,WORSE
3245,2,39,64,21839,24494,1,FEASIBLE,WORSE
3246,2,39,65,21507,24103,1,FEASIBLE,WORSE
3247,2,39,66,21584,24199,1,FEASIBLE,WORSE
3248,2,39,67,21427,24109,1,FEASIBLE,WORSE
3249,2,39,68,21474,24134,1,FEASIBLE,WORSE
3250,2,39,69,21016,23609,1,FEASIBLE,WORSE
3251,2,39,70,20959,23587,1,FEASIBLE,WORSE
3252,2,39,71,22027,24671,1,FEASIBLE,WORSE
3253,2,39,72,21454,24070,1,FEASIBLE,WORSE
3254,2,39,73,22018,24642,1,FEASIBLE,WORSE
3255,2,39,74,22515,25174,1,FEASIBLE,WORSE
3256,2,39,75,20876,23469,1,FEASIBLE,WORSE
3257,2,39,76,21649,24264,1,FEASIBLE,WORSE
3258,2,39,77,22618,25265,1,FEASIBLE,WORSE
3259,2,39,78,22152,24795,1,FEASIBLE,WORSE
3260,2,39,79,21837,24466,1,FEASIBLE,WORSE
3261,2,39,80,21086,23702,1,FEASIBLE,WORSE
3262,2,39,81,21509,24157,1,FEASIBLE,WORSE
3263,2,39,82,21680,24277,1,FEASIBLE,WORSE
3264,2,39,83,21415,24054,1,FEASIBLE,WORSE
3265,2,39,84,21619,24239,1,FEASIBLE,WORSE
3266,2,39,85,21440,24104,1,FEASIBLE,WORSE
3267,2,39,86,22298,24955,1,FEASIBLE,WORSE
3268,2,39,87,22269,24939,1,FEASIBLE,WORSE
3269,2,39,88,22440,25123,1,FEASIBLE,WORSE
3270,2,39,89,21562,24241,1,FEASIBLE,WORSE
3271,2,39,90,21755,24371,1,FEASIBLE,WORSE
3272,2,39,91,21937,24587,1,FEASIBLE,WORSE
3273,2,39,92,21958,24556,1,FEASIBLE,WORSE
3274,2,39,93,21330,23968,1,FEASIBLE,WORSE
3275,2,39,94,22212,24851,1,FEASIBLE,WORSE
3276,2,39,95,22659,25328,1,FEASIBLE,WORSE
3277,2,39,96,22356,24964,1,FEASIBLE,WORSE
3278,2,39,97,21142,23761,1,FEASIBLE,WORSE
3279,2,39,98,22832,25472,0,CAPACITY_EXCEEDED,INVALID
3280,2,39,99,21788,24488,1,FEASIBLE,WORSE
3281,2,40,41,22948,25557,0,CAPACITY_EXCEEDED,INVALID
3282,2,40,42,23100,25778,0,CAPACITY_EXCEEDED,INVALID
3283,2,40,43,22505,25196,1,FEASIBLE,WORSE
3284,2,40,44,22576,25199,1,FEASIBLE,WORSE
3285,2,40,45,21340,23951,1,FEASIBLE,WORSE
3286,2,40,46,22084,24738,1,FEASIBLE,WORSE
3287,2,40,47,22984,25690,0,CAPACITY_EXCEEDED,INVALID
3288,2,40,48,22121,24784,1,FEASIBLE,WORSE
3289,2,40,49,22910,25555,0,CAPACITY_EXCEEDED,INVALID
3290,2,40,50,22922,25573,0,CAPACITY_EXCEEDED,INVALID
3291,2,40,51,23169,25879,0,CAPACITY_EXCEEDED,INVALID
3292,2,40,52,21375,24031,1,FEASIBLE,WORSE
3293,2,40,53,21715,24390,1,FEASIBLE,WORSE
3294,2,40,54,22417,25023,1,FEASIBLE,WORSE
3295,2,40,55,22068,24750,1,FEASIBLE,WORSE
3296,2,40,56,21690,24313,1,FEASIBLE,WORSE
3297,2,40,57,21709,24365,1,FEASIBLE,WORSE
3298,2,40,58,22147,24764,1,FEASIBLE,WORSE
3299,2,40,59,21315,23923,1,FEASIBLE,WORSE
3300,2,40,60,22727,25376,1,FEASIBLE,WORSE
3301,2,40,61,22921,25585,0,CAPACITY_EXCEEDED,INVALID
3302,2,40,62,21999,24694,1,FEASIBLE,WORSE
3303,2,40,63,21975,24584,1,FEASIBLE,WORSE
3304,2,40,64,22207,24882,1,FEASIBLE,WORSE
3305,2,40,65,21875,24491,1,FEASIBLE,WORSE
3306,2,40,66,21952,24587,1,FEASIBLE,WORSE
3307,2,40,67,21795,24497,1,FEASIBLE,WORSE
3308,2,40,68,21842,24522,1,FEASIBLE,WORSE
3309,2,40,69,21384,23997,1,FEASIBLE,WORSE
3310,2,40,70,21327,23975,1,FEASIBLE,WORSE
3311,2,40,71,22395,25059,1,FEASIBLE,WORSE
3312,2,40,72,21822,24458,1,FEASIBLE,WORSE
3313,2,40,73,22386,25030,1,FEASIBLE,WORSE
3314,2,40,74,22883,25562,0,CAPACITY_EXCEEDED,INVALID
3315,2,40,75,21244,23857,1,FEASIBLE,WORSE
3316,2,40,76,22017,24652,1,FEASIBLE,WORSE
3317,2,40,77,22986,25653,0,CAPACITY_EXCEEDED,INVALID
3318,2,40,78,22520,25183,1,FEASIBLE,WORSE
3319,2,40,79,22205,24854,1,FEASIBLE,WORSE
3320,2,40,80,21454,24090,1,FEASIBLE,WORSE
3321,2,40,81,21877,24545,1,FEASIBLE,WORSE
3322,2,40,82,22048,24665,1,FEASIBLE,WORSE
3323,2,40,83,21783,24442,1,FEASIBLE,WORSE
3324,2,40,84,21987,24627,1,FEASIBLE,WORSE
3325,2,40,85,21808,24492,1,FEASIBLE,WORSE
3326,2,40,86,22666,25343,1,FEASIBLE,WORSE
3327,2,40,87,22637,25327,1,FEASIBLE,WORSE
3328,2,40,88,22808,25511,0,CAPACITY_EXCEEDED,INVALID
3329,2,40,89,21930,24629,1,FEASIBLE,WORSE
3330,2,40,90,22123,24759,1,FEASIBLE,WORSE
3331,2,40,91,22305,24975,1,FEASIBLE,WORSE
3332,2,40,92,22326,24944,1,FEASIBLE,WORSE
3333,2,40,93,21698,24356,1,FEASIBLE,WORSE
3334,2,40,94,22580,25239,1,FEASIBLE,WORSE
3335,2,40,95,23027,25716,0,CAPACITY_EXCEEDED,INVALID
3336,2,40,96,22724,25352,1,FEASIBLE,WORSE
3337,2,40,97,21510,24149,1,FEASIBLE,WORSE
3338,2,40,98,23200,25860,0,CAPACITY_EXCEEDED,INVALID
3339,2,40,99,22156,24876,1,FEASIBLE,WORSE
3340,2,41,42,24408,27012,0,CAPACITY_EXCEEDED,INVALID
3341,2,41,43,23813,26430,0,CAPACITY_EXCEEDED,INVALID
3342,2,41,44,23884,26433,0,CAPACITY_EXCEEDED,INVALID
3343,2,41,45,22648,25185,1,FEASIBLE,WORSE
3344,2,41,46,23392,25972,0,CAPACITY_EXCEEDED,INVALID
3345,2,41,47,24292,26924,0,CAPACITY_EXCEEDED,INVALID
3346,2,41,48,23429,26018,0,CAPACITY_EXCEEDED,INVALID
3347,2,41,49,24218,26789,0,CAPACITY_EXCEEDED,INVALID
3348,2,41,50,24230,26807,0,CAPACITY_EXCEEDED,INVALID
3349,2,41,51,24477,27113,0,CAPACITY_EXCEEDED,INVALID
3350,2,41,52,22683,25265,1,FEASIBLE,WORSE
3351,2,41,53,23023,25624,0,CAPACITY_EXCEEDED,INVALID
3352,2,41,54,23725,26257,0,CAPACITY_EXCEEDED,INVALID
3353,2,41,55,23376,25984,0,CAPACITY_EXCEEDED,INVALID
3354,2,41,56,22998,25547,0,CAPACITY_EXCEEDED,INVALID
3355,2,41,57,23017,25599,0,CAPACITY_EXCEEDED,INVALID
3356,2,41,58,23455,25998,0,CAPACITY_EXCEEDED,INVALID
3357,2,41,59,22623,25157,1,FEASIBLE,WORSE
3358,2,41,60,24035,26610,0,CAPACITY_EXCEEDED,INVALID
3359,2,41,61,24229,26819,0,CAPACITY_EXCEEDED,INVALID
3360,2,41,62,23307,25928,0,CAPACITY_EXCEEDED,INVALID
3361,2,41,63,23283,25818,0,CAPACITY_EXCEEDED,INVALID
3362,2,41,64,23515,26116,0,CAPACITY_EXCEEDED,INVALID
3363,2,41,65,23183,25725,0,CAPACITY_EXCEEDED,INVALID
3364,2,41,66,23260,25821,0,CAPACITY_EXCEEDED,INVALID
3365,2,41,67,23103,25731,0,CAPACITY_EXCEEDED,INVALID
3366,2,41,68,23150,25756,0,CAPACITY_EXCEEDED,INVALID
3367,2,41,69,22692,25231,1,FEASIBLE,WORSE
3368,2,41,70,22635,25209,1,FEASIBLE,WORSE
3369,2,41,71,23703,26293,0,CAPACITY_EXCEEDED,INVALID
3370,2,41,72,23130,25692,0,CAPACITY_EXCEEDED,INVALID
3371,2,41,73,23694,26264,0,CAPACITY_EXCEEDED,INVALID
3372,2,41,74,24191,26796,0,CAPACITY_EXCEEDED,INVALID
3373,2,41,75,22552,25091,1,FEASIBLE,WORSE
3374,2,41,76,23325,25886,0,CAPACITY_EXCEEDED,INVALID
3375,2,41,77,24294,26887,0,CAPACITY_EXCEEDED,INVALID
3376,2,41,78,23828,26417,0,CAPACITY_EXCEEDED,INVALID
3377,2,41,79,23513,26088,0,CAPACITY_EXCEEDED,INVALID
3378,2,41,80,22762,25324,1,FEASIBLE,WORSE
3379,2,41,81,23185,25779,0,CAPACITY_EXCEEDED,INVALID
3380,2,41,82,23356,25899,0,CAPACITY_EXCEEDED,INVALID
3381,2,41,83,23091,25676,0,CAPACITY_EXCEEDED,INVALID
3382,2,41,84,23295,25861,0,CAPACITY_EXCEEDED,INVALID
3383,2,41,85,23116,25726,0,CAPACITY_EXCEEDED,INVALID
3384,2,41,86,23974,26577,0,CAPACITY_EXCEEDED,INVALID
3385,2,41,87,23945,26561,0,CAPACITY_EXCEEDED,INVALID
3386,2,41,88,24116,26745,0,CAPACITY_EXCEEDED,INVALID
3387,2,41,89,23238,25863,0,CAPACITY_EXCEEDED,INVALID
3388,2,41,90,23431,25993,0,CAPACITY_EXCEEDED,INVALID
3389,2,41,91,23613,26209,0,CAPACITY_EXCEEDED,INVALID
3390,2,41,92,23634,26178,0,CAPACITY_EXCEEDED,INVALID
3391,2,41,93,23006,25590,0,CAPACITY_EXCEEDED,INVALID
3392,2,41,94,23888,26473,0,CAPACITY_EXCEEDED,INVALID
3393,2,41,95,24335,26950,0,CAPACITY_EXCEEDED,INVALID
3394,2,41,96,24032,26586,0,CAPACITY_EXCEEDED,INVALID
3395,2,41,97,22818,25383,0,CAPACITY_EXCEEDED,INVALID
3396,2,41,98,24508,27094,0,CAPACITY_EXCEEDED,INVALID
3397,2,41,99,23464,26110,0,CAPACITY_EXCEEDED,INVALID
3398,2,42,43,23965,26651,0,CAPACITY_EXCEEDED,INVALID
3399,2,42,44,24036,26654,0,CAPACITY_EXCEEDED,INVALID
3400,2,42,45,22800,25406,1,FEASIBLE,WORSE
3401,2,42,46,23544,26193,0,CAPACITY_EXCEEDED,INVALID
3402,2,42,47,24444,27145,0,CAPACITY_EXCEEDED,INVALID
3403,2,42,48,23581,26239,0,CAPACITY_EXCEEDED,INVALID
3404,2,42,49,24370,27010,0,CAPACITY_EXCEEDED,INVALID
3405,2,42,50,24382,27028,0,CAPACITY_EXCEEDED,INVALID
3406,2,42,51,24629,27334,0,CAPACITY_EXCEEDED,INVALID
3407,2,42,52,22835,25486,0,CAPACITY_EXCEEDED,INVALID
3408,2,42,53,23175,25845,0,CAPACITY_EXCEEDED,INVALID
3409,2,42,54,23877,26478,0,CAPACITY_EXCEEDED,INVALID
3410,2,42,55,23528,26205,0,CAPACITY_EXCEEDED,INVALID
3411,2,42,56,23150,25768,0,CAPACITY_EXCEEDED,INVALID
3412,2,42,57,23169,25820,0,CAPACITY_EXCEEDED,INVALID
3413,2,42,58,23607,26219,0,CAPACITY_EXCEEDED,INVALID
3414,2,42,59,22775,25378,1,FEASIBLE,WORSE
3415,2,42,60,24187,26831,0,CAPACITY_EXCEEDED,INVALID
3416,2,42,61,24381,27040,0,CAPACITY_EXCEEDED,INVALID
3417,2,42,62,23459,26149,0,CAPACITY_EXCEEDED,INVALID
3418,2,42,63,23435,26039,0,CAPACITY_EXCEEDED,INVALID
3419,2,42,64,23667,26337,0,CAPACITY_EXCEEDED,INVALID
3420,2,42,65,23335,25946,0,CAPACITY_EXCEEDED,INVALID
3421,2,42,66,23412,26042,0,CAPACITY_EXCEEDED,INVALID
3422,2,42,67,23255,25952,0,CAPACITY_EXCEEDED,INVALID
3423,2,42,68,23302,25977,0,CAPACITY_EXCEEDED,INVALID
3424,2,42,69,22844,25452,0,CAPACITY_EXCEEDED,INVALID
3425,2,42,70,22787,25430,1,FEASIBLE,WORSE
3426,2,42,71,23855,26514,0,CAPACITY_EXCEEDED,INVALID
3427,2,42,72,23282,25913,0,CAPACITY_EXCEEDED,INVALID
3428,2,42,73,23846,26485,0,CAPACITY_EXCEEDED,INVALID
3429,2,42,74,24343,27017,0,CAPACITY_EXCEEDED,INVALID
3430,2,42,75,22704,25312,1,FEASIBLE,WORSE
3431,2,42,76,23477,26107,0,CAPACITY_EXCEEDED,INVALID
3432,2,42,77,24446,27108,0,CAPACITY_EXCEEDED,INVALID
3433,2,42,78,23980,26638,0,CAPACITY_EXCEEDED,INVALID
3434,2,42,79,23665,26309,0,CAPACITY_EXCEEDED,INVALID
3435,2,42,80,22914,25545,0,CAPACITY_EXCEEDED,INVALID
3436,2,42,81,23337,26000,0,CAPACITY_EXCEEDED,INVALID
3437,2,42,82,23508,26120,0,CAPACITY_EXCEEDED,INVALID
3438,2,42,83,23243,25897,0,CAPACITY_EXCEEDED,INVALID
3439,2,42,84,23447,26082,0,CAPACITY_EXCEEDED,INVALID
3440,2,42,85,23268,25947,0,CAPACITY_EXCEEDED,INVALID
3441,2,42,86,24126,26798,0,CAPACITY_EXCEEDED,INVALID
3442,2,42,87,24097,26782,0,CAPACITY_EXCEEDED,INVALID
3443,2,42,88,24268,26966,0,CAPACITY_EXCEEDED,INVALID
3444,2,42,89,23390,26084,0,CAPACITY_EXCEEDED,INVALID
3445,2,42,90,23583,26214,0,CAPACITY_EXCEEDED,INVALID
3446,2,42,91,23765,26430,0,CAPACITY_EXCEEDED,INVALID
3447,2,42,92,23786,26399,0,CAPACITY_EXCEEDED,INVALID
3448,2,42,93,23158,25811,0,CAPACITY_EXCEEDED,INVALID
3449,2,42,94,24040,26694,0,CAPACITY_EXCEEDED,INVALID
3450,2,42,95,24487,27171,0,CAPACITY_EXCEEDED,INVALID
3451,2,42,96,24184,26807,0,CAPACITY_EXCEEDED,INVALID
3452,2,42,97,22970,25604,0,CAPACITY_EXCEEDED,INVALID
3453,2,42,98,24660,27315,0,CAPACITY_EXCEEDED,INVALID
3454,2,42,99,23616,26331,0,CAPACITY_EXCEEDED,INVALID
3455,2,43,44,23441,26072,0,CAPACITY_EXCEEDED,INVALID
3456,2,43,45,22205,24824,1,FEASIBLE,WORSE
3457,2,43,46,22949,25611,0,CAPACITY_EXCEEDED,INVALID
3458,2,43,47,23849,26563,0,CAPACITY_EXCEEDED,INVALID
3459,2,43,48,22986,25657,0,CAPACITY_EXCEEDED,INVALID
3460,2,43,49,23775,26428,0,CAPACITY_EXCEEDED,INVALID
3461,2,43,50,23787,26446,0,CAPACITY_EXCEEDED,INVALID
3462,2,43,51,24034,26752,0,CAPACITY_EXCEEDED,INVALID
3463,2,43,52,22240,24904,1,FEASIBLE,WORSE
3464,2,43,53,22580,25263,1,FEASIBLE,WORSE
3465,2,43,54,23282,25896,0,CAPACITY_EXCEEDED,INVALID
3466,2,43,55,22933,25623,0,CAPACITY_EXCEEDED,INVALID
3467,2,43,56,22555,25186,1,FEASIBLE,WORSE
3468,2,43,57,22574,25238,1,FEASIBLE,WORSE
3469,2,43,58,23012,25637,0,CAPACITY_EXCEEDED,INVALID
3470,2,43,59,22180,24796,1,FEASIBLE,WORSE
3471,2,43,60,23592,26249,0,CAPACITY_EXCEEDED,INVALID
3472,2,43,61,23786,26458,0,CAPACITY_EXCEEDED,INVALID
3473,2,43,62,22864,25567,0,CAPACITY_EXCEEDED,INVALID
3474,2,43,63,22840,25457,0,CAPACITY_EXCEEDED,INVALID
3475,2,43,64,23072,25755,0,CAPACITY_EXCEEDED,INVALID
3476,2,43,65,22740,25364,1,FEASIBLE,WORSE
3477,2,43,66,22817,25460,0,CAPACITY_EXCEEDED,INVALID
3478,2,43,67,22660,25370,1,FEASIBLE,WORSE
3479,2,43,68,22707,25395,1,FEASIBLE,WORSE
3480,2,43,69,22249,24870,1,FEASIBLE,WORSE
3481,2,43,70,22192,24848,1,FEASIBLE,WORSE
3482,2,43,71,23260,25932,0,CAPACITY_EXCEEDED,INVALID
3483,2,43,72,22687,25331,1,FEASIBLE,WORSE
3484,2,43,73,23251,25903,0,CAPACITY_EXCEEDED,INVALID
3485,2,43,74,23748,26435,0,CAPACITY_EXCEEDED,INVALID
3486,2,43,75,22109,24730,1,FEASIBLE,WORSE
3487,2,43,76,22882,25525,0,CAPACITY_EXCEEDED,INVALID
3488,2,43,77,23851,26526,0,CAPACITY_EXCEEDED,INVALID
3489,2,43,78,23385,26056,0,CAPACITY_EXCEEDED,INVALID
3490,2,43,79,23070,25727,0,CAPACITY_EXCEEDED,INVALID
3491,2,43,80,22319,24963,1,FEASIBLE,WORSE
3492,2,43,81,22742,25418,1,FEASIBLE,WORSE
3493,2,43,82,22913,25538,0,CAPACITY_EXCEEDED,INVALID
3494,2,43,83,22648,25315,1,FEASIBLE,WORSE
3495,2,43,84,22852,25500,0,CAPACITY_EXCEEDED,INVALID
3496,2,43,85,22673,25365,1,FEASIBLE,WORSE
3497,2,43,86,23531,26216,0,CAPACITY_EXCEEDED,INVALID
3498,2,43,87,23502,26200,0,CAPACITY_EXCEEDED,INVALID
3499,2,43,88,23673,26384,0,CAPACITY_EXCEEDED,INVALID
3500,2,43,89,22795,25502,1,FEASIBLE,WORSE
3501,2,43,90,22988,25632,0,CAPACITY_EXCEEDED,INVALID
3502,2,43,91,23170,25848,0,CAPACITY_EXCEEDED,INVALID
3503,2,43,92,23191,25817,0,CAPACITY_EXCEEDED,INVALID
3504,2,43,93,22563,25229,1,FEASIBLE,WORSE
3505,2,43,94,23445,26112,0,CAPACITY_EXCEEDED,INVALID
3506,2,43,95,23892,26589,0,CAPACITY_EXCEEDED,INVALID
3507,2,43,96,23589,26225,0,CAPACITY_EXCEEDED,INVALID
3508,2,43,97,22375,25022,1,FEASIBLE,WORSE
3509,2,43,98,24065,26733,0,CAPACITY_EXCEEDED,INVALID
3510,2,43,99,23021,25749,0,CAPACITY_EXCEEDED,INVALID
3511,2,44,45,22276,24827,1,FEASIBLE,WORSE
3512,2,44,46,23020,25614,0,CAPACITY_EXCEEDED,INVALID
3513,2,44,47,23920,26566,0,CAPACITY_EXCEEDED,INVALID
3514,2,44,48,23057,25660,0,CAPACITY_EXCEEDED,INVALID
3515,2,44,49,23846,26431,0,CAPACITY_EXCEEDED,INVALID
3516,2,44,50,23858,26449,0,CAPACITY_EXCEEDED,INVALID
3517,2,44,51,24105,26755,0,CAPACITY_EXCEEDED,INVALID
3518,2,44,52,22311,24907,1,FEASIBLE,WORSE
3519,2,44,53,22651,25266,1,FEASIBLE,WORSE
3520,2,44,54,23353,25899,0,CAPACITY_EXCEEDED,INVALID
3521,2,44,55,23004,25626,0,CAPACITY_EXCEEDED,INVALID
3522,2,44,56,22626,25189,1,FEASIBLE,WORSE
3523,2,44,57,22645,25241,1,FEASIBLE,WORSE
3524,2,44,58,23083,25640,0,CAPACITY_EXCEEDED,INVALID
3525,2,44,59,22251,24799,1,FEASIBLE,WORSE
3526,2,44,60,23663,26252,0,CAPACITY_EXCEEDED,INVALID
3527,2,44,61,23857,26461,0,CAPACITY_EXCEEDED,INVALID
3528,2,44,62,22935,25570,0,CAPACITY_EXCEEDED,INVALID
3529,2,44,63,22911,25460,0,CAPACITY_EXCEEDED,INVALID
3530,2,44,64,23143,25758,0,CAPACITY_EXCEEDED,INVALID
3531,2,44,65,22811,25367,0,CAPACITY_EXCEEDED,INVALID
3532,2,44,66,22888,25463,0,CAPACITY_EXCEEDED,INVALID
3533,2,44,67,22731,25373,1,FEASIBLE,WORSE
3534,2,44,68,22778,25398,1,FEASIBLE,WORSE
3535,2,44,69,22320,24873,1,FEASIBLE,WORSE
3536,2,44,70,22263,24851,1,FEASIBLE,WORSE
3537,2,44,71,23331,25935,0,CAPACITY_EXCEEDED,INVALID
3538,2,44,72,22758,25334,1,FEASIBLE,WORSE
3539,2,44,73,23322,25906,0,CAPACITY_EXCEEDED,INVALID
3540,2,44,74,23819,26438,0,CAPACITY_EXCEEDED,INVALID
3541,2,44,75,22180,24733,1,FEASIBLE,WORSE
3542,2,44,76,22953,25528,0,CAPACITY_EXCEEDED,INVALID
3543,2,44,77,23922,26529,0,CAPACITY_EXCEEDED,INVALID
3544,2,44,78,23456,26059,0,CAPACITY_EXCEEDED,INVALID
3545,2,44,79,23141,25730,0,CAPACITY_EXCEEDED,INVALID
3546,2,44,80,22390,24966,1,FEASIBLE,WORSE
3547,2,44,81,22813,25421,0,CAPACITY_EXCEEDED,INVALID
3548,2,44,82,22984,25541,0,CAPACITY_EXCEEDED,INVALID
3549,2,44,83,22719,25318,1,FEASIBLE,WORSE
3550,2,44,84,22923,25503,0,CAPACITY_EXCEEDED,INVALID
3551,2,44,85,22744,25368,1,FEASIBLE,WORSE
3552,2,44,86,23602,26219,0,CAPACITY_EXCEEDED,INVALID
3553,2,44,87,23573,26203,0,CAPACITY_EXCEEDED,INVALID
3554,2,44,88,23744,26387,0,CAPACITY_EXCEEDED,INVALID
3555,2,44,89,22866,25505,0,CAPACITY_EXCEEDED,INVALID
3556,2,44,90,23059,25635,0,CAPACITY_EXCEEDED,INVALID
3557,2,44,91,23241,25851,0,CAPACITY_EXCEEDED,INVALID
3558,2,44,92,23262,25820,0,CAPACITY_EXCEEDED,INVALID
3559,2,44,93,22634,25232,1,FEASIBLE,WORSE
3560,2,44,94,23516,26115,0,CAPACITY_EXCEEDED,INVALID
3561,2,44,95,23963,26592,0,CAPACITY_EXCEEDED,INVALID
3562,2,44,96,23660,26228,0,CAPACITY_EXCEEDED,INVALID
3563,2,44,97,22446,25025,1,FEASIBLE,WORSE
3564,2,44,98,24136,26736,0,CAPACITY_EXCEEDED,INVALID
3565,2,44,99,23092,25752,0,CAPACITY_EXCEEDED,INVALID
3566,2,45,46,21784,24366,1,FEASIBLE,WORSE
3567,2,45,47,22684,25318,1,FEASIBLE,WORSE
3568,2,45,48,21821,24412,1,FEASIBLE,WORSE
3569,2,45,49,22610,25183,1,FEASIBLE,WORSE
3570,2,45,50,22622,25201,1,FEASIBLE,WORSE
3571,2,45,51,22869,25507,0,CAPACITY_EXCEEDED,INVALID
3572,2,45,52,21075,23659,1,FEASIBLE,WORSE
3573,2,45,53,21415,24018,1,FEASIBLE,WORSE
3574,2,45,54,22117,24651,1,FEASIBLE,WORSE
3575,2,45,55,21768,24378,1,FEASIBLE,WORSE
3576,2,45,56,21390,23941,1,FEASIBLE,WORSE
3577,2,45,57,21409,23993,1,FEASIBLE,WORSE
3578,2,45,58,21847,24392,1,FEASIBLE,WORSE
3579,2,45,59,21015,23551,1,FEASIBLE,WORSE
3580,2,45,60,22427,25004,1,FEASIBLE,WORSE
3581,2,45,61,22621,25213,1,FEASIBLE,WORSE
3582,2,45,62,21699,24322,1,FEASIBLE,WORSE
3583,2,45,63,21675,24212,1,FEASIBLE,WORSE
3584,2,45,64,21907,24510,1,FEASIBLE,WORSE
3585,2,45,65,21575,24119,1,FEASIBLE,WORSE
3586,2,45,66,21652,24215,1,FEASIBLE,WORSE
3587,2,45,67,21495,24125,1,FEASIBLE,WORSE
3588,2,45,68,21542,24150,1,FEASIBLE,WORSE
3589,2,45,69,21084,23625,1,FEASIBLE,WORSE
3590,2,45,70,21027,23603,1,FEASIBLE,WORSE
3591,2,45,71,22095,24687,1,FEASIBLE,WORSE
3592,2,45,72,21522,24086,1,FEASIBLE,WORSE
3593,2,45,73,22086,24658,1,FEASIBLE,WORSE
3594,2,45,74,22583,25190,1,FEASIBLE,WORSE
3595,2,45,75,20944,23485,1,FEASIBLE,WORSE
3596,2,45,76,21717,24280,1,FEASIBLE,WORSE
3597,2,45,77,22686,25281,1,FEASIBLE,WORSE
3598,2,45,78,22220,24811,1,FEASIBLE,WORSE
3599,2,45,79,21905,24482,1,FEASIBLE,WORSE
3600,2,45,80,21154,23718,1,FEASIBLE,WORSE
3601,2,45,81,21577,24173,1,FEASIBLE,WORSE
3602,2,45,82,21748,24293,1,FEASIBLE,WORSE
3603,2,45,83,21483,24070,1,FEASIBLE,WORSE
3604,2,45,84,21687,24255,1,FEASIBLE,WORSE
3605,2,45,85,21508,24120,1,FEASIBLE,WORSE
3606,2,45,86,22366,24971,1,FEASIBLE,WORSE
3607,2,45,87,22337,24955,1,FEASIBLE,WORSE
3608,2,45,88,22508,25139,1,FEASIBLE,WORSE
3609,2,45,89,21630,24257,1,FEASIBLE,WORSE
3610,2,45,90,21823,24387,1,FEASIBLE,WORSE
3611,2,45,91,22005,24603,1,FEASIBLE,WORSE
3612,2,45,92,22026,24572,1,FEASIBLE,WORSE
3613,2,45,93,21398,23984,1,FEASIBLE,WORSE
3614,2,45,94,22280,24867,1,FEASIBLE,WORSE
3615,2,45,95,22727,25344,1,FEASIBLE,WORSE
3616,2,45,96,22424,24980,1,FEASIBLE,WORSE
3617,2,45,97,21210,23777,1,FEASIBLE,WORSE
3618,2,45,98,22900,25488,0,CAPACITY_EXCEEDED,INVALID
3619,2,45,99,21856,24504,1,FEASIBLE,WORSE
3620,2,46,47,23428,26105,0,CAPACITY_EXCEEDED,INVALID
3621,2,46,48,22565,25199,1,FEASIBLE,WORSE
3622,2,46,49,23354,25970,0,CAPACITY_EXCEEDED,INVALID
3623,2,46,50,23366,25988,0,CAPACITY_EXCEEDED,INVALID
3624,2,46,51,23613,26294,0,CAPACITY_EXCEEDED,INVALID
3625,2,46,52,21819,24446,1,FEASIBLE,WORSE
3626,2,46,53,22159,24805,1,FEASIBLE,WORSE
3627,2,46,54,22861,25438,0,CAPACITY_EXCEEDED,INVALID
3628,2,46,55,22512,25165,1,FEASIBLE,WORSE
3629,2,46,56,22134,24728,1,FEASIBLE,WORSE
3630,2,46,57,22153,24780,1,FEASIBLE,WORSE
3631,2,46,58,22591,25179,1,FEASIBLE,WORSE
3632,2,46,59,21759,24338,1,FEASIBLE,WORSE
3633,2,46,60,23171,25791,0,CAPACITY_EXCEEDED,INVALID
3634,2,46,61,23365,26000,0,CAPACITY_EXCEEDED,INVALID
3635,2,46,62,22443,25109,1,FEASIBLE,WORSE
3636,2,46,63,22419,24999,1,FEASIBLE,WORSE
3637,2,46,64,22651,25297,1,FEASIBLE,WORSE
3638,2,46,65,22319,24906,1,FEASIBLE,WORSE
3639,2,46,66,22396,25002,1,FEASIBLE,WORSE
3640,2,46,67,22239,24912,1,FEASIBLE,WORSE
3641,2,46,68,22286,24937,1,FEASIBLE,WORSE
3642,2,46,69,21828,24412,1,FEASIBLE,WORSE
3643,2,46,70,21771,24390,1,FEASIBLE,WORSE
3644,2,46,71,22839,25474,0,CAPACITY_EXCEEDED,INVALID
3645,2,46,72,22266,24873,1,FEASIBLE,WORSE
3646,2,46,73,22830,25445,0,CAPACITY_EXCEEDED,INVALID
3647,2,46,74,23327,25977,0,CAPACITY_EXCEEDED,INVALID
3648,2,46,75,21688,24272,1,FEASIBLE,WORSE
3649,2,46,76,22461,25067,1,FEASIBLE,WORSE
3650,2,46,77,23430,26068,0,CAPACITY_EXCEEDED,INVALID
3651,2,46,78,22964,25598,0,CAPACITY_EXCEEDED,INVALID
3652,2,46,79,22649,25269,1,FEASIBLE,WORSE
3653,2,46,80,21898,24505,1,FEASIBLE,WORSE
3654,2,46,81,22321,24960,1,FEASIBLE,WORSE
3655,2,46,82,22492,25080,1,FEASIBLE,WORSE
3656,2,46,83,22227,24857,1,FEASIBLE,WORSE
3657,2,46,84,22431,25042,1,FEASIBLE,WORSE
3658,2,46,85,22252,24907,1,FEASIBLE,WORSE
3659,2,46,86,23110,25758,0,CAPACITY_EXCEEDED,INVALID
3660,2,46,87,23081,25742,0,CAPACITY_EXCEEDED,INVALID
3661,2,46,88,23252,25926,0,CAPACITY_EXCEEDED,INVALID
3662,2,46,89,22374,25044,1,FEASIBLE,WORSE
3663,2,46,90,22567,25174,1,FEASIBLE,WORSE
3664,2,46,91,22749,25390,1,FEASIBLE,WORSE
3665,2,46,92,22770,25359,1,FEASIBLE,WORSE
3666,2,46,93,22142,24771,1,FEASIBLE,WORSE
3667,2,46,94,23024,25654,0,CAPACITY_EXCEEDED,INVALID
3668,2,46,95,23471,26131,0,CAPACITY_EXCEEDED,INVALID
3669,2,46,96,23168,25767,0,CAPACITY_EXCEEDED,INVALID
3670,2,46,97,21954,24564,1,FEASIBLE,WORSE
3671,2,46,98,23644,26275,0,CAPACITY_EXCEEDED,INVALID
3672,2,46,99,22600,25291,1,FEASIBLE,WORSE
3673,2,47,48,23465,26151,0,CAPACITY_EXCEEDED,INVALID
3674,2,47,49,24254,26922,0,CAPACITY_EXCEEDED,INVALID
3675,2,47,50,24266,26940,0,CAPACITY_EXCEEDED,INVALID
3676,2,47,51,24513,27246,0,CAPACITY_EXCEEDED,INVALID
3677,2,47,52,22719,25398,1,FEASIBLE,WORSE
3678,2,47,53,23059,25757,0,CAPACITY_EXCEEDED,INVALID
3679,2,47,54,23761,26390,0,CAPACITY_EXCEEDED,INVALID
3680,2,47,55,23412,26117,0,CAPACITY_EXCEEDED,INVALID
3681,2,47,56,23034,25680,0,CAPACITY_EXCEEDED,INVALID
3682,2,47,57,23053,25732,0,CAPACITY_EXCEEDED,INVALID
3683,2,47,58,23491,26131,0,CAPACITY_EXCEEDED,INVALID
3684,2,47,59,22659,25290,1,FEASIBLE,WORSE
3685,2,47,60,24071,26743,0,CAPACITY_EXCEEDED,INVALID
3686,2,47,61,24265,26952,0,CAPACITY_EXCEEDED,INVALID
3687,2,47,62,23343,26061,0,CAPACITY_EXCEEDED,INVALID
3688,2,47,63,23319,25951,0,CAPACITY_EXCEEDED,INVALID
3689,2,47,64,23551,26249,0,CAPACITY_EXCEEDED,INVALID
3690,2,47,65,23219,25858,0,CAPACITY_EXCEEDED,INVALID
3691,2,47,66,23296,25954,0,CAPACITY_EXCEEDED,INVALID
3692,2,47,67,23139,25864,0,CAPACITY_EXCEEDED,INVALID
3693,2,47,68,23186,25889,0,CAPACITY_EXCEEDED,INVALID
3694,2,47,69,22728,25364,1,FEASIBLE,WORSE
3695,2,47,70,22671,25342,1,FEASIBLE,WORSE
3696,2,47,71,23739,26426,0,CAPACITY_EXCEEDED,INVALID
3697,2,47,72,23166,25825,0,CAPACITY_EXCEEDED,INVALID
3698,2,47,73,23730,26397,0,CAPACITY_EXCEEDED,INVALID
3699,2,47,74,24227,26929,0,CAPACITY_EXCEEDED,INVALID
3700,2,47,75,22588,25224,1,FEASIBLE,WORSE
3701,2,47,76,23361,26019,0,CAPACITY_EXCEEDED,INVALID
3702,2,47,77,24330,27020,0,CAPACITY_EXCEEDED,INVALID
3703,2,47,78,23864,26550,0,CAPACITY_EXCEEDED,INVALID
3704,2,47,79,23549,26221,0,CAPACITY_EXCEEDED,INVALID
3705,2,47,80,22798,25457,1,FEASIBLE,WORSE
3706,2,47,81,23221,25912,0,CAPACITY_EXCEEDED,INVALID
3707,2,47,82,23392,26032,0,CAPACITY_EXCEEDED,INVALID
3708,2,47,83,23127,25809,0,CAPACITY_EXCEEDED,INVALID
3709,2,47,84,23331,25994,0,CAPACITY_EXCEEDED,INVALID
3710,2,47,85,23152,25859,0,CAPACITY_EXCEEDED,INVALID
3711,2,47,86,24010,26710,0,CAPACITY_EXCEEDED,INVALID
3712,2,47,87,23981,26694,0,CAPACITY_EXCEEDED,INVALID
3713,2,47,88,24152,26878,0,CAPACITY_EXCEEDED,INVALID
3714,2,47,89,23274,25996,0,CAPACITY_EXCEEDED,INVALID
3715,2,47,90,23467,26126,0,CAPACITY_EXCEEDED,INVALID
3716,2,47,91,23649,26342,0,CAPACITY_EXCEEDED,INVALID
3717,2,47,92,23670,26311,0,CAPACITY_EXCEEDED,INVALID
3718,2,47,93,23042,25723,0,CAPACITY_EXCEEDED,INVALID
3719,2,47,94,23924,26606,0,CAPACITY_EXCEEDED,INVALID
3720,2,47,95,24371,27083,0,CAPACITY_EXCEEDED,INVALID
3721,2,47,96,24068,26719,0,CAPACITY_EXCEEDED,INVALID
3722,2,47,97,22854,25516,0,CAPACITY_EXCEEDED,INVALID
3723,2,47,98,24544,27227,0,CAPACITY_EXCEEDED,INVALID
3724,2,47,99,23500,26243,0,CAPACITY_EXCEEDED,INVALID
3725,2,48,49,23391,26016,0,CAPACITY_EXCEEDED,INVALID
3726,2,48,50,23403,26034,0,CAPACITY_EXCEEDED,INVALID
3727,2,48,51,23650,26340,0,CAPACITY_EXCEEDED,INVALID
3728,2,48,52,21856,24492,1,FEASIBLE,WORSE
3729,2,48,53,22196,24851,1,FEASIBLE,WORSE
3730,2,48,54,22898,25484,0,CAPACITY_EXCEEDED,INVALID
3731,2,48,55,22549,25211,1,FEASIBLE,WORSE
3732,2,48,56,22171,24774,1,FEASIBLE,WORSE
3733,2,48,57,22190,24826,1,FEASIBLE,WORSE
3734,2,48,58,22628,25225,1,FEASIBLE,WORSE
3735,2,48,59,21796,24384,1,FEASIBLE,WORSE
3736,2,48,60,23208,25837,0,CAPACITY_EXCEEDED,INVALID
3737,2,48,61,23402,26046,0,CAPACITY_EXCEEDED,INVALID
3738,2,48,62,22480,25155,1,FEASIBLE,WORSE
3739,2,48,63,22456,25045,1,FEASIBLE,WORSE
3740,2,48,64,22688,25343,1,FEASIBLE,WORSE
3741,2,48,65,22356,24952,1,FEASIBLE,WORSE
3742,2,48,66,22433,25048,1,FEASIBLE,WORSE
3743,2,48,67,22276,24958,1,FEASIBLE,WORSE
3744,2,48,68,22323,24983,1,FEASIBLE,WORSE
3745,2,48,69,21865,24458,1,FEASIBLE,WORSE
3746,2,48,70,21808,24436,1,FEASIBLE,WORSE
3747,2,48,71,22876,25520,0,CAPACITY_EXCEEDED,INVALID
3748,2,48,72,22303,24919,1,FEASIBLE,WORSE
3749,2,48,73,22867,25491,0,CAPACITY_EXCEEDED,INVALID
3750,2,48,74,23364,26023,0,CAPACITY_EXCEEDED,INVALID
3751,2,48,75,21725,24318,1,FEASIBLE,WORSE
3752,2,48,76,22498,25113,1,FEASIBLE,WORSE
3753,2,48,77,23467,26114,0,CAPACITY_EXCEEDED,INVALID
3754,2,48,78,23001,25644,0,CAPACITY_EXCEEDED,INVALID
3755,2,48,79,22686,25315,1,FEASIBLE,WORSE
3756,2,48,80,21935,24551,1,FEASIBLE,WORSE
3757,2,48,81,22358,25006,1,FEASIBLE,WORSE
3758,2,48,82,22529,25126,1,FEASIBLE,WORSE
3759,2,48,83,22264,24903,1,FEASIBLE,WORSE
3760,2,48,84,22468,25088,1,FEASIBLE,WORSE
3761,2,48,85,22289,24953,1,FEASIBLE,WORSE
3762,2,48,86,23147,25804,0,CAPACITY_EXCEEDED,INVALID
3763,2,48,87,23118,25788,0,CAPACITY_EXCEEDED,INVALID
3764,2,48,88,23289,25972,0,CAPACITY_EXCEEDED,INVALID
3765,2,48,89,22411,25090,1,FEASIBLE,WORSE
3766,2,48,90,22604,25220,1,FEASIBLE,WORSE
3767,2,48,91,22786,25436,1,FEASIBLE,WORSE
3768,2,48,92,22807,25405,1,FEASIBLE,WORSE
3769,2,48,93,22179,24817,1,FEASIBLE,WORSE
3770,2,48,94,23061,25700,0,CAPACITY_EXCEEDED,INVALID
3771,2,48,95,23508,26177,0,CAPACITY_EXCEEDED,INVALID
3772,2,48,96,23205,25813,0,CAPACITY_EXCEEDED,INVALID
3773,2,48,97,21991,24610,1,FEASIBLE,WORSE
3774,2,48,98,23681,26321,0,CAPACITY_EXCEEDED,INVALID
3775,2,48,99,22637,25337,1,FEASIBLE,WORSE
3776,2,49,50,24192,26805,0,CAPACITY_EXCEEDED,INVALID
3777,2,49,51,24439,27111,0,CAPACITY_EXCEEDED,INVALID
3778,2,49,52,22645,25263,1,FEASIBLE,WORSE
3779,2,49,53,22985,25622,0,CAPACITY_EXCEEDED,INVALID
3780,2,49,54,23687,26255,0,CAPACITY_EXCEEDED,INVALID
3781,2,49,55,23338,25982,0,CAPACITY_EXCEEDED,INVALID
3782,2,49,56,22960,25545,0,CAPACITY_EXCEEDED,INVALID
3783,2,49,57,22979,25597,0,CAPACITY_EXCEEDED,INVALID
3784,2,49,58,23417,25996,0,CAPACITY_EXCEEDED,INVALID
3785,2,49,59,22585,25155,1,FEASIBLE,WORSE
3786,2,49,60,23997,26608,0,CAPACITY_EXCEEDED,INVALID
3787,2,49,61,24191,26817,0,CAPACITY_EXCEEDED,INVALID
3788,2,49,62,23269,25926,0,CAPACITY_EXCEEDED,INVALID
3789,2,49,63,23245,25816,0,CAPACITY_EXCEEDED,INVALID
3790,2,49,64,23477,26114,0,CAPACITY_EXCEEDED,INVALID
3791,2,49,65,23145,25723,0,CAPACITY_EXCEEDED,INVALID
3792,2,49,66,23222,25819,0,CAPACITY_EXCEEDED,INVALID
3793,2,49,67,23065,25729,0,CAPACITY_EXCEEDED,INVALID
3794,2,49,68,23112,25754,0,CAPACITY_EXCEEDED,INVALID
3795,2,49,69,22654,25229,1,FEASIBLE,WORSE
3796,2,49,70,22597,25207,1,FEASIBLE,WORSE
3797,2,49,71,23665,26291,0,CAPACITY_EXCEEDED,INVALID
3798,2,49,72,23092,25690,0,CAPACITY_EXCEEDED,INVALID
3799,2,49,73,23656,26262,0,CAPACITY_EXCEEDED,INVALID
3800,2,49,74,24153,26794,0,CAPACITY_EXCEEDED,INVALID
3801,2,49,75,22514,25089,1,FEASIBLE,WORSE
3802,2,49,76,23287,25884,0,CAPACITY_EXCEEDED,INVALID
3803,2,49,77,24256,26885,0,CAPACITY_EXCEEDED,INVALID
3804,2,49,78,23790,26415,0,CAPACITY_EXCEEDED,INVALID
3805,2,49,79,23475,26086,0,CAPACITY_EXCEEDED,INVALID
3806,2,49,80,22724,25322,1,FEASIBLE,WORSE
3807,2,49,81,23147,25777,0,CAPACITY_EXCEEDED,INVALID
3808,2,49,82,23318,25897,0,CAPACITY_EXCEEDED,INVALID
3809,2,49,83,23053,25674,0,CAPACITY_EXCEEDED,INVALID
3810,2,49,84,23257,25859,0,CAPACITY_EXCEEDED,INVALID
3811,2,49,85,23078,25724,0,CAPACITY_EXCEEDED,INVALID
3812,2,49,86,23936,26575,0,CAPACITY_EXCEEDED,INVALID
3813,2,49,87,23907,26559,0,CAPACITY_EXCEEDED,INVALID
3814,2,49,88,24078,26743,0,CAPACITY_EXCEEDED,INVALID
3815,2,49,89,23200,25861,0,CAPACITY_EXCEEDED,INVALID
3816,2,49,90,23393,25991,0,CAPACITY_EXCEEDED,INVALID
3817,2,49,91,23575,26207,0,CAPACITY_EXCEEDED,INVALID
3818,2,49,92,23596,26176,0,CAPACITY_EXCEEDED,INVALID
3819,2,49,93,22968,25588,0,CAPACITY_EXCEEDED,INVALID
3820,2,49,94,23850,26471,0,CAPACITY_EXCEEDED,INVALID
3821,2,49,95,24297,26948,0,CAPACITY_EXCEEDED,INVALID
3822,2,49,96,23994,26584,0,CAPACITY_EXCEEDED,INVALID
3823,2,49,97,22780,25381,1,FEASIBLE,WORSE
3824,2,49,98,24470,27092,0,CAPACITY_EXCEEDED,INVALID
3825,2,49,99,23426,26108,0,CAPACITY_EXCEEDED,INVALID
3826,2,50,51,24451,27129,0,CAPACITY_EXCEEDED,INVALID
3827,2,50,52,22657,25281,1,FEASIBLE,WORSE
3828,2,50,53,22997,25640,0,CAPACITY_EXCEEDED,INVALID
3829,2,50,54,23699,26273,0,CAPACITY_EXCEEDED,INVALID
3830,2,50,55,23350,26000,0,CAPACITY_EXCEEDED,INVALID
3831,2,50,56,22972,25563,0,CAPACITY_EXCEEDED,INVALID
3832,2,50,57,22991,25615,0,CAPACITY_EXCEEDED,INVALID
3833,2,50,58,23429,26014,0,CAPACITY_EXCEEDED,INVALID
3834,2,50,59,22597,25173,1,FEASIBLE,WORSE
3835,2,50,60,24009,26626,0,CAPACITY_EXCEEDED,INVALID
3836,2,50,61,24203,26835,0,CAPACITY_EXCEEDED,INVALID
3837,2,50,62,23281,25944,0,CAPACITY_EXCEEDED,INVALID
3838,2,50,63,23257,25834,0,CAPACITY_EXCEEDED,INVALID
3839,2,50,64,23489,26132,0,CAPACITY_EXCEEDED,INVALID
3840,2,50,65,23157,25741,0,CAPACITY_EXCEEDED,INVALID
3841,2,50,66,23234,25837,0,CAPACITY_EXCEEDED,INVALID
3842,2,50,67,23077,25747,0,CAPACITY_EXCEEDED,INVALID
3843,2,50,68,23124,25772,0,CAPACITY_EXCEEDED,INVALID
3844,2,50,69,22666,25247,1,FEASIBLE,WORSE
3845,2,50,70,22609,25225,1,FEASIBLE,WORSE
3846,2,50,71,23677,26309,0,CAPACITY_EXCEEDED,INVALID
3847,2,50,72,23104,25708,0,CAPACITY_EXCEEDED,INVALID
3848,2,50,73,23668,26280,0,CAPACITY_EXCEEDED,INVALID
3849,2,50,74,24165,26812,0,CAPACITY_EXCEEDED,INVALID
3850,2,50,75,22526,25107,1,FEASIBLE,WORSE
3851,2,50,76,23299,25902,0,CAPACITY_EXCEEDED,INVALID
3852,2,50,77,24268,26903,0,CAPACITY_EXCEEDED,INVALID
3853,2,50,78,23802,26433,0,CAPACITY_EXCEEDED,INVALID
3854,2,50,79,23487,26104,0,CAPACITY_EXCEEDED,INVALID
3855,2,50,80,22736,25340,1,FEASIBLE,WORSE
3856,2,50,81,23159,25795,0,CAPACITY_EXCEEDED,INVALID
3857,2,50,82,23330,25915,0,CAPACITY_EXCEEDED,INVALID
3858,2,50,83,23065,25692,0,CAPACITY_EXCEEDED,INVALID
3859,2,50,84,23269,25877,0,CAPACITY_EXCEEDED,INVALID
3860,2,50,85,23090,25742,0,CAPACITY_EXCEEDED,INVALID
3861,2,50,86,23948,26593,0,CAPACITY_EXCEEDED,INVALID
3862,2,50,87,23919,26577,0,CAPACITY_EXCEEDED,INVALID
3863,2,50,88,24090,26761,0,CAPACITY_EXCEEDED,INVALID
3864,2,50,89,23212,25879,0,CAPACITY_EXCEEDED,INVALID
3865,2,50,90,23405,26009,0,CAPACITY_EXCEEDED,INVALID
3866,2,50,91,23587,26225,0,CAPACITY_EXCEEDED,INVALID
3867,2,50,92,23608,26194,0,CAPACITY_EXCEEDED,INVALID
3868,2,50,93,22980,25606,0,CAPACITY_EXCEEDED,INVALID
3869,2,50,94,23862,26489,0,CAPACITY_EXCEEDED,INVALID
3870,2,50,95,24309,26966,0,CAPACITY_EXCEEDED,INVALID
3871,2,50,96,24006,26602,0,CAPACITY_EXCEEDED,INVALID
3872,2,50,97,22792,25399,1,FEASIBLE,WORSE
3873,2,50,98,24482,27110,0,CAPACITY_EXCEEDED,INVALID
3874,2,50,99,23438,26126,0,CAPACITY_EXCEEDED,INVALID
3875,2,51,52,22904,25587,0,CAPACITY_EXCEEDED,INVALID
3876,2,51,53,23244,25946,0,CAPACITY_EXCEEDED,INVALID
3877,2,51,54,23946,26579,0,CAPACITY_EXCEEDED,INVALID
3878,2,51,55,23597,26306,0,CAPACITY_EXCEEDED,INVALID
3879,2,51,56,23219,25869,0,CAPACITY_EXCEEDED,INVALID
3880,2,51,57,23238,25921,0,CAPACITY_EXCEEDED,INVALID
3881,2,51,58,23676,26320,0,CAPACITY_EXCEEDED,INVALID
3882,2,51,59,22844,25479,0,CAPACITY_EXCEEDED,INVALID
3883,2,51,60,24256,26932,0,CAPACITY_EXCEEDED,INVALID
3884,2,51,61,24450,27141,0,CAPACITY_EXCEEDED,INVALID
3885,2,51,62,23528,26250,0,CAPACITY_EXCEEDED,INVALID
3886,2,51,63,23504,26140,0,CAPACITY_EXCEEDED,INVALID
3887,2,51,64,23736,26438,0,CAPACITY_EXCEEDED,INVALID
3888,2,51,65,23404,26047,0,CAPACITY_EXCEEDED,INVALID
3889,2,51,66,23481,26143,0,CAPACITY_EXCEEDED,INVALID
3890,2,51,67,23324,26053,0,CAPACITY_EXCEEDED,INVALID
3891,2,51,68,23371,26078,0,CAPACITY_EXCEEDED,INVALID
3892,2,51,69,22913,25553,0,CAPACITY_EXCEEDED,INVALID
3893,2,51,70,22856,25531,0,CAPACITY_EXCEEDED,INVALID
3894,2,51,71,23924,26615,0,CAPACITY_EXCEEDED,INVALID
3895,2,51,72,23351,26014,0,CAPACITY_EXCEEDED,INVALID
3896,2,51,73,23915,26586,0,CAPACITY_EXCEEDED,INVALID
3897,2,51,74,24412,27118,0,CAPACITY_EXCEEDED,INVALID
3898,2,51,75,22773,25413,1,FEASIBLE,WORSE
3899,2,51,76,23546,26208,0,CAPACITY_EXCEEDED,INVALID
3900,2,51,77,24515,27209,0,CAPACITY_EXCEEDED,INVALID
3901,2,51,78,24049,26739,0,CAPACITY_EXCEEDED,INVALID
3902,2,51,79,23734,26410,0,CAPACITY_EXCEEDED,INVALID
3903,2,51,80,22983,25646,0,CAPACITY_EXCEEDED,INVALID
3904,2,51,81,23406,26101,0,CAPACITY_EXCEEDED,INVALID
3905,2,51,82,23577,26221,0,CAPACITY_EXCEEDED,INVALID
3906,2,51,83,23312,25998,0,CAPACITY_EXCEEDED,INVALID
3907,2,51,84,23516,26183,0,CAPACITY_EXCEEDED,INVALID
3908,2,51,85,23337,26048,0,CAPACITY_EXCEEDED,INVALID
3909,2,51,86,24195,26899,0,CAPACITY_EXCEEDED,INVALID
3910,2,51,87,24166,26883,0,CAPACITY_EXCEEDED,INVALID
3911,2,51,88,24337,27067,0,CAPACITY_EXCEEDED,INVALID
3912,2,51,89,23459,26185,0,CAPACITY_EXCEEDED,INVALID
3913,2,51,90,23652,26315,0,CAPACITY_EXCEEDED,INVALID
3914,2,51,91,23834,26531,0,CAPACITY_EXCEEDED,INVALID
3915,2,51,92,23855,26500,0,CAPACITY_EXCEEDED,INVALID
3916,2,51,93,23227,25912,0,CAPACITY_EXCEEDED,INVALID
3917,2,51,94,24109,26795,0,CAPACITY_EXCEEDED,INVALID
3918,2,51,95,24556,27272,0,CAPACITY_EXCEEDED,INVALID
3919,2,51,96,24253,26908,0,CAPACITY_EXCEEDED,INVALID
3920,2,51,97,23039,25705,0,CAPACITY_EXCEEDED,INVALID
3921,2,51,98,24729,27416,0,CAPACITY_EXCEEDED,INVALID
3922,2,51,99,23685,26432,0,CAPACITY_EXCEEDED,INVALID
3923,2,52,53,21450,24098,1,FEASIBLE,WORSE
3924,2,52,54,22152,24731,1,FEASIBLE,WORSE
3925,2,52,55,21803,24458,1,FEASIBLE,WORSE
3926,2,52,56,21425,24021,1,FEASIBLE,WORSE
3927,2,52,57,21444,24073,1,FEASIBLE,WORSE
3928,2,52,58,21882,24472,1,FEASIBLE,WORSE
3929,2,52,59,21050,23631,1,FEASIBLE,WORSE
3930,2,52,60,22462,25084,1,FEASIBLE,WORSE
3931,2,52,61,22656,25293,1,FEASIBLE,WORSE
3932,2,52,62,21734,24402,1,FEASIBLE,WORSE
3933,2,52,63,21710,24292,1,FEASIBLE,WORSE
3934,2,52,64,21942,24590,1,FEASIBLE,WORSE
3935,2,52,65,21610,24199,1,FEASIBLE,WORSE
3936,2,52,66,21687,24295,1,FEASIBLE,WORSE
3937,2,52,67,21530,24205,1,FEASIBLE,WORSE
3938,2,52,68,21577,24230,1,FEASIBLE,WORSE
3939,2,52,69,21119,23705,1,FEASIBLE,WORSE
3940,2,52,70,21062,23683,1,FEASIBLE,WORSE
3941,2,52,71,22130,24767,1,FEASIBLE,WORSE
3942,2,52,72,21557,24166,1,FEASIBLE,WORSE
3943,2,52,73,22121,24738,1,FEASIBLE,WORSE
3944,2,52,74,22618,25270,1,FEASIBLE,WORSE
3945,2,52,75,20979,23565,1,FEASIBLE,WORSE
3946,2,52,76,21752,24360,1,FEASIBLE,WORSE
3947,2,52,77,22721,25361,1,FEASIBLE,WORSE
3948,2,52,78,22255,24891,1,FEASIBLE,WORSE
3949,2,52,79,21940,24562,1,FEASIBLE,WORSE
3950,2,52,80,21189,23798,1,FEASIBLE,WORSE
3951,2,52,81,21612,24253,1,FEASIBLE,WORSE
3952,2,52,82,21783,24373,1,FEASIBLE,WORSE
3953,2,52,83,21518,24150,1,FEASIBLE,WORSE
3954,2,52,84,21722,24335,1,FEASIBLE,WORSE
3955,2,52,85,21543,24200,1,FEASIBLE,WORSE
3956,2,52,86,22401,25051,1,FEASIBLE,WORSE
3957,2,52,87,22372,25035,1,FEASIBLE,WORSE
3958,2,52,88,22543,25219,1,FEASIBLE,WORSE
3959,2,52,89,21665,24337,1,FEASIBLE,WORSE
3960,2,52,90,21858,24467,1,FEASIBLE,WORSE
3961,2,52,91,22040,24683,1,FEASIBLE,WORSE
3962,2,52,92,22061,24652,1,FEASIBLE,WORSE
3963,2,52,93,21433,24064,1,FEASIBLE,WORSE
3964,2,52,94,22315,24947,1,FEASIBLE,WORSE
3965,2,52,95,22762,25424,1,FEASIBLE,WORSE
3966,2,52,96,22459,25060,1,FEASIBLE,WORSE
3967,2,52,97,21245,23857,1,FEASIBLE,WORSE
3968,2,52,98,22935,25568,0,CAPACITY_EXCEEDED,INVALID
3969,2,52,99,21891,24584,1,FEASIBLE,WORSE
3970,2,53,54,22492,25090,1,FEASIBLE,WORSE
3971,2,53,55,22143,24817,1,FEASIBLE,WORSE
3972,2,53,56,21765,24380,1,FEASIBLE,WORSE
3973,2,53,57,21784,24432,1,FEASIBLE,WORSE
3974,2,53,58,22222,24831,1,FEASIBLE,WORSE
3975,2,53,59,21390,23990,1,FEASIBLE,WORSE
3976,2,53,60,22802,25443,1,FEASIBLE,WORSE
3977,2,53,61,22996,25652,0,CAPACITY_EXCEEDED,INVALID
3978,2,53,62,22074,24761,1,FEASIBLE,WORSE
3979,2,53,63,22050,24651,1,FEASIBLE,WORSE
3980,2,53,64,22282,24949,1,FEASIBLE,WORSE
3981,2,53,65,21950,24558,1,FEASIBLE,WORSE
3982,2,53,66,22027,24654,1,FEASIBLE,WORSE
3983,2,53,67,21870,24564,1,FEASIBLE,WORSE
3984,2,53,68,21917,24589,1,FEASIBLE,WORSE
3985,2,53,69,21459,24064,1,FEASIBLE,WORSE
3986,2,53,70,21402,24042,1,FEASIBLE,WORSE
3987,2,53,71,22470,25126,1,FEASIBLE,WORSE
3988,2,53,72,21897,24525,1,FEASIBLE,WORSE
3989,2,53,73,22461,25097,1,FEASIBLE,WORSE
3990,2,53,74,22958,25629,0,CAPACITY_EXCEEDED,INVALID
3991,2,53,75,21319,23924,1,FEASIBLE,WORSE
3992,2,53,76,22092,24719,1,FEASIBLE,WORSE
3993,2,53,77,23061,25720,0,CAPACITY_EXCEEDED,INVALID
3994,2,53,78,22595,25250,1,FEASIBLE,WORSE
3995,2,53,79,22280,24921,1,FEASIBLE,WORSE
3996,2,53,80,21529,24157,1,FEASIBLE,WORSE
3997,2,53,81,21952,24612,1,FEASIBLE,WORSE
3998,2,53,82,22123,24732,1,FEASIBLE,WORSE
3999,2,53,83,21858,24509,1,FEASIBLE,WORSE
4000,2,53,84,22062,24694,1,FEASIBLE,WORSE
4001,2,53,85,21883,24559,1,FEASIBLE,WORSE
4002,2,53,86,22741,25410,1,FEASIBLE,WORSE
4003,2,53,87,22712,25394,1,FEASIBLE,WORSE
4004,2,53,88,22883,25578,0,CAPACITY_EXCEEDED,INVALID
4005,2,53,89,22005,24696,1,FEASIBLE,WORSE
4006,2,53,90,22198,24826,1,FEASIBLE,WORSE
4007,2,53,91,22380,25042,1,FEASIBLE,WORSE
4008,2,53,92,22401,25011,1,FEASIBLE,WORSE
4009,2,53,93,21773,24423,1,FEASIBLE,WORSE
4010,2,53,94,22655,25306,1,FEASIBLE,WORSE
4011,2,53,95,23102,25783,0,CAPACITY_EXCEEDED,INVALID
4012,2,53,96,22799,25419,1,FEASIBLE,WORSE
4013,2,53,97,21585,24216,1,FEASIBLE,WORSE
4014,2,53,98,23275,25927,0,CAPACITY_EXCEEDED,INVALID
4015,2,53,99,22231,24943,1,FEASIBLE,WORSE
4016,2,54,55,22845,25450,0,CAPACITY_EXCEEDED,INVALID
4017,2,54,56,22467,25013,1,FEASIBLE,WORSE
4018,2,54,57,22486,25065,1,FEASIBLE,WORSE
4019,2,54,58,22924,25464,0,CAPACITY_EXCEEDED,INVALID
4020,2,54,59,22092,24623,1,FEASIBLE,WORSE
4021,2,54,60,23504,26076,0,CAPACITY_EXCEEDED,INVALID
4022,2,54,61,23698,26285,0,CAPACITY_EXCEEDED,INVALID
4023,2,54,62,22776,25394,1,FEASIBLE,WORSE
4024,2,54,63,22752,25284,1,FEASIBLE,WORSE
4025,2,54,64,22984,25582,0,CAPACITY_EXCEEDED,INVALID
4026,2,54,65,22652,25191,1,FEASIBLE,WORSE
4027,2,54,66,22729,25287,1,FEASIBLE,WORSE
4028,2,54,67,22572,25197,1,FEASIBLE,WORSE
4029,2,54,68,22619,25222,1,FEASIBLE,WORSE
4030,2,54,69,22161,24697,1,FEASIBLE,WORSE
4031,2,54,70,22104,24675,1,FEASIBLE,WORSE
4032,2,54,71,23172,25759,0,CAPACITY_EXCEEDED,INVALID
4033,2,54,72,22599,25158,1,FEASIBLE,WORSE
4034,2,54,73,23163,25730,0,CAPACITY_EXCEEDED,INVALID
4035,2,54,74,23660,26262,0,CAPACITY_EXCEEDED,INVALID
4036,2,54,75,22021,24557,1,FEASIBLE,WORSE
4037,2,54,76,22794,25352,1,FEASIBLE,WORSE
4038,2,54,77,23763,26353,0,CAPACITY_EXCEEDED,INVALID
4039,2,54,78,23297,25883,0,CAPACITY_EXCEEDED,INVALID
4040,2,54,79,22982,25554,0,CAPACITY_EXCEEDED,INVALID
4041,2,54,80,22231,24790,1,FEASIBLE,WORSE
4042,2,54,81,22654,25245,1,FEASIBLE,WORSE
4043,2,54,82,22825,25365,0,CAPACITY_EXCEEDED,INVALID
4044,2,54,83,22560,25142,1,FEASIBLE,WORSE
4045,2,54,84,22764,25327,1,FEASIBLE,WORSE
4046,2,54,85,22585,25192,1,FEASIBLE,WORSE
4047,2,54,86,23443,26043,0,CAPACITY_EXCEEDED,INVALID
4048,2,54,87,23414,26027,0,CAPACITY_EXCEEDED,INVALID
4049,2,54,88,23585,26211,0,CAPACITY_EXCEEDED,INVALID
4050,2,54,89,22707,25329,1,FEASIBLE,WORSE
4051,2,54,90,22900,25459,0,CAPACITY_EXCEEDED,INVALID
4052,2,54,91,23082,25675,0,CAPACITY_EXCEEDED,INVALID
4053,2,54,92,23103,25644,0,CAPACITY_EXCEEDED,INVALID
4054,2,54,93,22475,25056,1,FEASIBLE,WORSE
4055,2,54,94,23357,25939,0,CAPACITY_EXCEEDED,INVALID
4056,2,54,95,23804,26416,0,CAPACITY_EXCEEDED,INVALID
4057,2,54,96,23501,26052,0,CAPACITY_EXCEEDED,INVALID
4058,2,54,97,22287,24849,1,FEASIBLE,WORSE
4059,2,54,98,23977,26560,0,CAPACITY_EXCEEDED,INVALID
4060,2,54,99,22933,25576,0,CAPACITY_EXCEEDED,INVALID
4061,2,55,56,22118,24740,1,FEASIBLE,WORSE
4062,2,55,57,22137,24792,1,FEASIBLE,WORSE
4063,2,55,58,22575,25191,1,FEASIBLE,WORSE
4064,2,55,59,21743,24350,1,FEASIBLE,WORSE
4065,2,55,60,23155,25803,0,CAPACITY_EXCEEDED,INVALID
4066,2,55,61,23349,26012,0,CAPACITY_EXCEEDED,INVALID
4067,2,55,62,22427,25121,1,FEASIBLE,WORSE
4068,2,55,63,22403,25011,1,FEASIBLE,WORSE
4069,2,55,64,22635,25309,1,FEASIBLE,WORSE
4070,2,55,65,22303,24918,1,FEASIBLE,WORSE
4071,2,55,66,22380,25014,1,FEASIBLE,WORSE
4072,2,55,67,22223,24924,1,FEASIBLE,WORSE
4073,2,55,68,22270,24949,1,FEASIBLE,WORSE
4074,2,55,69,21812,24424,1,FEASIBLE,WORSE
4075,2,55,70,21755,24402,1,FEASIBLE,WORSE
4076,2,55,71,22823,25486,0,CAPACITY_EXCEEDED,INVALID
4077,2,55,72,22250,24885,1,FEASIBLE,WORSE
4078,2,55,73,22814,25457,0,CAPACITY_EXCEEDED,INVALID
4079,2,55,74,23311,25989,0,CAPACITY_EXCEEDED,INVALID
4080,2,55,75,21672,24284,1,FEASIBLE,WORSE
4081,2,55,76,22445,25079,1,FEASIBLE,WORSE
4082,2,55,77,23414,26080,0,CAPACITY_EXCEEDED,INVALID
4083,2,55,78,22948,25610,0,CAPACITY_EXCEEDED,INVALID
4084,2,55,79,22633,25281,1,FEASIBLE,WORSE
4085,2,55,80,21882,24517,1,FEASIBLE,WORSE
4086,2,55,81,22305,24972,1,FEASIBLE,WORSE
4087,2,55,82,22476,25092,1,FEASIBLE,WORSE
4088,2,55,83,22211,24869,1,FEASIBLE,WORSE
4089,2,55,84,22415,25054,1,FEASIBLE,WORSE
4090,2,55,85,22236,24919,1,FEASIBLE,WORSE
4091,2,55,86,23094,25770,0,CAPACITY_EXCEEDED,INVALID
4092,2,55,87,23065,25754,0,CAPACITY_EXCEEDED,INVALID
4093,2,55,88,23236,25938,0,CAPACITY_EXCEEDED,INVALID
4094,2,55,89,22358,25056,1,FEASIBLE,WORSE
4095,2,55,90,22551,25186,1,FEASIBLE,WORSE
4096,2,55,91,22733,25402,1,FEASIBLE,WORSE
4097,2,55,92,22754,25371,1,FEASIBLE,WORSE
4098,2,55,93,22126,24783,1,FEASIBLE,WORSE
4099,2,55,94,23008,25666,0,CAPACITY_EXCEEDED,INVALID
4100,2,55,95,23455,26143,0,CAPACITY_EXCEEDED,INVALID
4101,2,55,96,23152,25779,0,CAPACITY_EXCEEDED,INVALID
4102,2,55,97,21938,24576,1,FEASIBLE,WORSE
4103,2,55,98,23628,26287,0,CAPACITY_EXCEEDED,INVALID
4104,2,55,99,22584,25303,1,FEASIBLE,WORSE
4105,2,56,57,21759,24355,1,FEASIBLE,WORSE
4106,2,56,58,22197,24754,1,FEASIBLE,WORSE
4107,2,56,59,21365,23913,1,FEASIBLE,WORSE
4108,2,56,60,22777,25366,1,FEASIBLE,WORSE
4109,2,56,61,22971,25575,0,CAPACITY_EXCEEDED,INVALID
4110,2,56,62,22049,24684,1,FEASIBLE,WORSE
4111,2,56,63,22025,24574,1,FEASIBLE,WORSE
4112,2,56,64,22257,24872,1,FEASIBLE,WORSE
4113,2,56,65,21925,24481,1,FEASIBLE,WORSE
4114,2,56,66,22002,24577,1,FEASIBLE,WORSE
4115,2,56,67,21845,24487,1,FEASIBLE,WORSE
4116,2,56,68,21892,24512,1,FEASIBLE,WORSE
4117,2,56,69,21434,23987,1,FEASIBLE,WORSE
4118,2,56,70,21377,23965,1,FEASIBLE,WORSE
4119,2,56,71,22445,25049,1,FEASIBLE,WORSE
4120,2,56,72,21872,24448,1,FEASIBLE,WORSE
4121,2,56,73,22436,25020,1,FEASIBLE,WORSE
4122,2,56,74,22933,25552,0,CAPACITY_EXCEEDED,INVALID
4123,2,56,75,21294,23847,1,FEASIBLE,WORSE
4124,2,56,76,22067,24642,1,FEASIBLE,WORSE
4125,2,56,77,23036,25643,0,CAPACITY_EXCEEDED,INVALID
4126,2,56,78,22570,25173,1,FEASIBLE,WORSE
4127,2,56,79,22255,24844,1,FEASIBLE,WORSE
4128,2,56,80,21504,24080,1,FEASIBLE,WORSE
4129,2,56,81,21927,24535,1,FEASIBLE,WORSE
4130,2,56,82,22098,24655,1,FEASIBLE,WORSE
4131,2,56,83,21833,24432,1,FEASIBLE,WORSE
4132,2,56,84,22037,24617,1,FEASIBLE,WORSE
4133,2,56,85,21858,24482,1,FEASIBLE,WORSE
4134,2,56,86,22716,25333,1,FEASIBLE,WORSE
4135,2,56,87,22687,25317,1,FEASIBLE,WORSE
4136,2,56,88,22858,25501,0,CAPACITY_EXCEEDED,INVALID
4137,2,56,89,21980,24619,1,FEASIBLE,WORSE
4138,2,56,90,22173,24749,1,FEASIBLE,WORSE
4139,2,56,91,22355,24965,1,FEASIBLE,WORSE
4140,2,56,92,22376,24934,1,FEASIBLE,WORSE
4141,2,56,93,21748,24346,1,FEASIBLE,WORSE
4142,2,56,94,22630,25229,1,FEASIBLE,WORSE
4143,2,56,95,23077,25706,0,CAPACITY_EXCEEDED,INVALID
4144,2,56,96,22774,25342,1,FEASIBLE,WORSE
4145,2,56,97,21560,24139,1,FEASIBLE,WORSE
4146,2,56,98,23250,25850,0,CAPACITY_EXCEEDED,INVALID
4147,2,56,99,22206,24866,1,FEASIBLE,WORSE
4148,2,57,58,22216,24806,1,FEASIBLE,WORSE
4149,2,57,59,21384,23965,1,FEASIBLE,WORSE
4150,2,57,60,22796,25418,1,FEASIBLE,WORSE
4151,2,57,61,22990,25627,0,CAPACITY_EXCEEDED,INVALID
4152,2,57,62,22068,24736,1,FEASIBLE,WORSE
4153,2,57,63,22044,24626,1,FEASIBLE,WORSE
4154,2,57,64,22276,24924,1,FEASIBLE,WORSE
4155,2,57,65,21944,24533,1,FEASIBLE,WORSE
4156,2,57,66,22021,24629,1,FEASIBLE,WORSE
4157,2,57,67,21864,24539,1,FEASIBLE,WORSE
4158,2,57,68,21911,24564,1,FEASIBLE,WORSE
4159,2,57,69,21453,24039,1,FEASIBLE,WORSE
4160,2,57,70,21396,24017,1,FEASIBLE,WORSE
4161,2,57,71,22464,25101,1,FEASIBLE,WORSE
4162,2,57,72,21891,24500,1,FEASIBLE,WORSE
4163,2,57,73,22455,25072,1,FEASIBLE,WORSE
4164,2,57,74,22952,25604,0,CAPACITY_EXCEEDED,INVALID
4165,2,57,75,21313,23899,1,FEASIBLE,WORSE
4166,2,57,76,22086,24694,1,FEASIBLE,WORSE
4167,2,57,77,23055,25695,0,CAPACITY_EXCEEDED,INVALID
4168,2,57,78,22589,25225,1,FEASIBLE,WORSE
4169,2,57,79,22274,24896,1,FEASIBLE,WORSE
4170,2,57,80,21523,24132,1,FEASIBLE,WORSE
4171,2,57,81,21946,24587,1,FEASIBLE,WORSE
4172,2,57,82,22117,24707,1,FEASIBLE,WORSE
4173,2,57,83,21852,24484,1,FEASIBLE,WORSE
4174,2,57,84,22056,24669,1,FEASIBLE,WORSE
4175,2,57,85,21877,24534,1,FEASIBLE,WORSE
4176,2,57,86,22735,25385,1,FEASIBLE,WORSE
4177,2,57,87,22706,25369,1,FEASIBLE,WORSE
4178,2,57,88,22877,25553,0,CAPACITY_EXCEEDED,INVALID
4179,2,57,89,21999,24671,1,FEASIBLE,WORSE
4180,2,57,90,22192,24801,1,FEASIBLE,WORSE
4181,2,57,91,22374,25017,1,FEASIBLE,WORSE
4182,2,57,92,22395,24986,1,FEASIBLE,WORSE
4183,2,57,93,21767,24398,1,FEASIBLE,WORSE
4184,2,57,94,22649,25281,1,FEASIBLE,WORSE
4185,2,57,95,23096,25758,0,CAPACITY_EXCEEDED,INVALID
4186,2,57,96,22793,25394,1,FEASIBLE,WORSE
4187,2,57,97,21579,24191,1,FEASIBLE,WORSE
4188,2,57,98,23269,25902,0,CAPACITY_EXCEEDED,INVALID
4189,2,57,99,22225,24918,1,FEASIBLE,WORSE
4190,2,58,59,21822,24364,1,FEASIBLE,WORSE
4191,2,58,60,23234,25817,0,CAPACITY_EXCEEDED,INVALID
4192,2,58,61,23428,26026,0,CAPACITY_EXCEEDED,INVALID
4193,2,58,62,22506,25135,1,FEASIBLE,WORSE
4194,2,58,63,22482,25025,1,FEASIBLE,WORSE
4195,2,58,64,22714,25323,1,FEASIBLE,WORSE
4196,2,58,65,22382,24932,1,FEASIBLE,WORSE
4197,2,58,66,22459,25028,1,FEASIBLE,WORSE
4198,2,58,67,22302,24938,1,FEASIBLE,WORSE
4199,2,58,68,22349,24963,1,FEASIBLE,WORSE
4200,2,58,69,21891,24438,1,FEASIBLE,WORSE
4201,2,58,70,21834,24416,1,FEASIBLE,WORSE
4202,2,58,71,22902,25500,0,CAPACITY_EXCEEDED,INVALID
4203,2,58,72,22329,24899,1,FEASIBLE,WORSE
4204,2,58,73,22893,25471,0,CAPACITY_EXCEEDED,INVALID
4205,2,58,74,23390,26003,0,CAPACITY_EXCEEDED,INVALID
4206,2,58,75,21751,24298,1,FEASIBLE,WORSE
4207,2,58,76,22524,25093,1,FEASIBLE,WORSE
4208,2,58,77,23493,26094,0,CAPACITY_EXCEEDED,INVALID
4209,2,58,78,23027,25624,0,CAPACITY_EXCEEDED,INVALID
4210,2,58,79,22712,25295,1,FEASIBLE,WORSE
4211,2,58,80,21961,24531,1,FEASIBLE,WORSE
4212,2,58,81,22384,24986,1,FEASIBLE,WORSE
4213,2,58,82,22555,25106,1,FEASIBLE,WORSE
4214,2,58,83,22290,24883,1,FEASIBLE,WORSE
4215,2,58,84,22494,25068,1,FEASIBLE,WORSE
4216,2,58,85,22315,24933,1,FEASIBLE,WORSE
4217,2,58,86,23173,25784,0,CAPACITY_EXCEEDED,INVALID
4218,2,58,87,23144,25768,0,CAPACITY_EXCEEDED,INVALID
4219,2,58,88,23315,25952,0,CAPACITY_EXCEEDED,INVALID
4220,2,58,89,22437,25070,1,FEASIBLE,WORSE
4221,2,58,90,22630,25200,1,FEASIBLE,WORSE
4222,2,58,91,22812,25416,0,CAPACITY_EXCEEDED,INVALID
4223,2,58,92,22833,25385,0,CAPACITY_EXCEEDED,INVALID
4224,2,58,93,22205,24797,1,FEASIBLE,WORSE
4225,2,58,94,23087,25680,0,CAPACITY_EXCEEDED,INVALID
4226,2,58,95,23534,26157,0,CAPACITY_EXCEEDED,INVALID
4227,2,58,96,23231,25793,0,CAPACITY_EXCEEDED,INVALID
4228,2,58,97,22017,24590,1,FEASIBLE,WORSE
4229,2,58,98,23707,26301,0,CAPACITY_EXCEEDED,INVALID
4230,2,58,99,22663,25317,1,FEASIBLE,WORSE
4231,2,59,60,22402,24976,1,FEASIBLE,WORSE
4232,2,59,61,22596,25185,1,FEASIBLE,WORSE
4233,2,59,62,21674,24294,1,FEASIBLE,WORSE
4234,2,59,63,21650,24184,1,FEASIBLE,WORSE
4235,2,59,64,21882,24482,1,FEASIBLE,WORSE
4236,2,59,65,21550,24091,1,FEASIBLE,WORSE
4237,2,59,66,21627,24187,1,FEASIBLE,WORSE
4238,2,59,67,21470,24097,1,FEASIBLE,WORSE
4239,2,59,68,21517,24122,1,FEASIBLE,WORSE
4240,2,59,69,21059,23597,1,FEASIBLE,WORSE
4241,2,59,70,21002,23575,1,FEASIBLE,WORSE
4242,2,59,71,22070,24659,1,FEASIBLE,WORSE
4243,2,59,72,21497,24058,1,FEASIBLE,WORSE
4244,2,59,73,22061,24630,1,FEASIBLE,WORSE
4245,2,59,74,22558,25162,1,FEASIBLE,WORSE
4246,2,59,75,20919,23457,1,FEASIBLE,WORSE
4247,2,59,76,21692,24252,1,FEASIBLE,WORSE
4248,2,59,77,22661,25253,1,FEASIBLE,WORSE
4249,2,59,78,22195,24783,1,FEASIBLE,WORSE
4250,2,59,79,21880,24454,1,FEASIBLE,WORSE
4251,2,59,80,21129,23690,1,FEASIBLE,WORSE
4252,2,59,81,21552,24145,1,FEASIBLE,WORSE
4253,2,59,82,21723,24265,1,FEASIBLE,WORSE
4254,2,59,83,21458,24042,1,FEASIBLE,WORSE
4255,2,59,84,21662,24227,1,FEASIBLE,WORSE
4256,2,59,85,21483,24092,1,FEASIBLE,WORSE
4257,2,59,86,22341,24943,1,FEASIBLE,WORSE
4258,2,59,87,22312,24927,1,FEASIBLE,WORSE
4259,2,59,88,22483,25111,1,FEASIBLE,WORSE
4260,2,59,89,21605,24229,1,FEASIBLE,WORSE
4261,2,59,90,21798,24359,1,FEASIBLE,WORSE
4262,2,59,91,21980,24575,1,FEASIBLE,WORSE
4263,2,59,92,22001,24544,1,FEASIBLE,WORSE
4264,2,59,93,21373,23956,1,FEASIBLE,WORSE
4265,2,59,94,22255,24839,1,FEASIBLE,WORSE
4266,2,59,95,22702,25316,1,FEASIBLE,WORSE
4267,2,59,96,22399,24952,1,FEASIBLE,WORSE
4268,2,59,97,21185,23749,1,FEASIBLE,WORSE
4269,2,59,98,22875,25460,0,CAPACITY_EXCEEDED,INVALID
4270,2,59,99,21831,24476,1,FEASIBLE,WORSE
4271,2,60,61,24008,26638,0,CAPACITY_EXCEEDED,INVALID
4272,2,60,62,23086,25747,0,CAPACITY_EXCEEDED,INVALID
4273,2,60,63,23062,25637,0,CAPACITY_EXCEEDED,INVALID
4274,2,60,64,23294,25935,0,CAPACITY_EXCEEDED,INVALID
4275,2,60,65,22962,25544,0,CAPACITY_EXCEEDED,INVALID
4276,2,60,66,23039,25640,0,CAPACITY_EXCEEDED,INVALID
4277,2,60,67,22882,25550,0,CAPACITY_EXCEEDED,INVALID
4278,2,60,68,22929,25575,0,CAPACITY_EXCEEDED,INVALID
4279,2,60,69,22471,25050,1,FEASIBLE,WORSE
4280,2,60,70,22414,25028,1,FEASIBLE,WORSE
4281,2,60,71,23482,26112,0,CAPACITY_EXCEEDED,INVALID
4282,2,60,72,22909,25511,0,CAPACITY_EXCEEDED,INVALID
4283,2,60,73,23473,26083,0,CAPACITY_EXCEEDED,INVALID
4284,2,60,74,23970,26615,0,CAPACITY_EXCEEDED,INVALID
4285,2,60,75,22331,24910,1,FEASIBLE,WORSE
4286,2,60,76,23104,25705,0,CAPACITY_EXCEEDED,INVALID
4287,2,60,77,24073,26706,0,CAPACITY_EXCEEDED,INVALID
4288,2,60,78,23607,26236,0,CAPACITY_EXCEEDED,INVALID
4289,2,60,79,23292,25907,0,CAPACITY_EXCEEDED,INVALID
4290,2,60,80,22541,25143,1,FEASIBLE,WORSE
4291,2,60,81,22964,25598,0,CAPACITY_EXCEEDED,INVALID
4292,2,60,82,23135,25718,0,CAPACITY_EXCEEDED,INVALID
4293,2,60,83,22870,25495,0,CAPACITY_EXCEEDED,INVALID
4294,2,60,84,23074,25680,0,CAPACITY_EXCEEDED,INVALID
4295,2,60,85,22895,25545,0,CAPACITY_EXCEEDED,INVALID
4296,2,60,86,23753,26396,0,CAPACITY_EXCEEDED,INVALID
4297,2,60,87,23724,26380,0,CAPACITY_EXCEEDED,INVALID
4298,2,60,88,23895,26564,0,CAPACITY_EXCEEDED,INVALID
4299,2,60,89,23017,25682,0,CAPACITY_EXCEEDED,INVALID
4300,2,60,90,23210,25812,0,CAPACITY_EXCEEDED,INVALID
4301,2,60,91,23392,26028,0,CAPACITY_EXCEEDED,INVALID
4302,2,60,92,23413,25997,0,CAPACITY_EXCEEDED,INVALID
4303,2,60,93,22785,25409,1,FEASIBLE,WORSE
4304,2,60,94,23667,26292,0,CAPACITY_EXCEEDED,INVALID
4305,2,60,95,24114,26769,0,CAPACITY_EXCEEDED,INVALID
4306,2,60,96,23811,26405,0,CAPACITY_EXCEEDED,INVALID
4307,2,60,97,22597,25202,1,FEASIBLE,WORSE
4308,2,60,98,24287,26913,0,CAPACITY_EXCEEDED,INVALID
4309,2,60,99,23243,25929,0,CAPACITY_EXCEEDED,INVALID
4310,2,61,62,23280,25956,0,CAPACITY_EXCEEDED,INVALID
4311,2,61,63,23256,25846,0,CAPACITY_EXCEEDED,INVALID
4312,2,61,64,23488,26144,0,CAPACITY_EXCEEDED,INVALID
4313,2,61,65,23156,25753,0,CAPACITY_EXCEEDED,INVALID
4314,2,61,66,23233,25849,0,CAPACITY_EXCEEDED,INVALID
4315,2,61,67,23076,25759,0,CAPACITY_EXCEEDED,INVALID
4316,2,61,68,23123,25784,0,CAPACITY_EXCEEDED,INVALID
4317,2,61,69,22665,25259,1,FEASIBLE,WORSE
4318,2,61,70,22608,25237,1,FEASIBLE,WORSE
4319,2,61,71,23676,26321,0,CAPACITY_EXCEEDED,INVALID
4320,2,61,72,23103,25720,0,CAPACITY_EXCEEDED,INVALID
4321,2,61,73,23667,26292,0,CAPACITY_EXCEEDED,INVALID
4322,2,61,74,24164,26824,0,CAPACITY_EXCEEDED,INVALID
4323,2,61,75,22525,25119,1,FEASIBLE,WORSE
4324,2,61,76,23298,25914,0,CAPACITY_EXCEEDED,INVALID
4325,2,61,77,24267,26915,0,CAPACITY_EXCEEDED,INVALID
4326,2,61,78,23801,26445,0,CAPACITY_EXCEEDED,INVALID
4327,2,61,79,23486,26116,0,CAPACITY_EXCEEDED,INVALID
4328,2,61,80,22735,25352,1,FEASIBLE,WORSE
4329,2,61,81,23158,25807,0,CAPACITY_EXCEEDED,INVALID
4330,2,61,82,23329,25927,0,CAPACITY_EXCEEDED,INVALID
4331,2,61,83,23064,25704,0,CAPACITY_EXCEEDED,INVALID
4332,2,61,84,23268,25889,0,CAPACITY_EXCEEDED,INVALID
4333,2,61,85,23089,25754,0,CAPACITY_EXCEEDED,INVALID
4334,2,61,86,23947,26605,0,CAPACITY_EXCEEDED,INVALID
4335,2,61,87,23918,26589,0,CAPACITY_EXCEEDED,INVALID
4336,2,61,88,24089,26773,0,CAPACITY_EXCEEDED,INVALID
4337,2,61,89,23211,25891,0,CAPACITY_EXCEEDED,INVALID
4338,2,61,90,23404,26021,0,CAPACITY_EXCEEDED,INVALID
4339,2,61,91,23586,26237,0,CAPACITY_EXCEEDED,INVALID
4340,2,61,92,23607,26206,0,CAPACITY_EXCEEDED,INVALID
4341,2,61,93,22979,25618,0,CAPACITY_EXCEEDED,INVALID
4342,2,61,94,23861,26501,0,CAPACITY_EXCEEDED,INVALID
4343,2,61,95,24308,26978,0,CAPACITY_EXCEEDED,INVALID
4344,2,61,96,24005,26614,0,CAPACITY_EXCEEDED,INVALID
4345,2,61,97,22791,25411,1,FEASIBLE,WORSE
4346,2,61,98,24481,27122,0,CAPACITY_EXCEEDED,INVALID
4347,2,61,99,23437,26138,0,CAPACITY_EXCEEDED,INVALID
4348,2,62,63,22334,24955,1,FEASIBLE,WORSE
4349,2,62,64,22566,25253,1,FEASIBLE,WORSE
4350,2,62,65,22234,24862,1,FEASIBLE,WORSE
4351,2,62,66,22311,24958,1,FEASIBLE,WORSE
4352,2,62,67,22154,24868,1,FEASIBLE,WORSE
4353,2,62,68,22201,24893,1,FEASIBLE,WORSE
4354,2,62,69,21743,24368,1,FEASIBLE,WORSE
4355,2,62,70,21686,24346,1,FEASIBLE,WORSE
4356,2,62,71,22754,25430,1,FEASIBLE,WORSE
4357,2,62,72,22181,24829,1,FEASIBLE,WORSE
4358,2,62,73,22745,25401,1,FEASIBLE,WORSE
4359,2,62,74,23242,25933,0,CAPACITY_EXCEEDED,INVALID
4360,2,62,75,21603,24228,1,FEASIBLE,WORSE
4361,2,62,76,22376,25023,1,FEASIBLE,WORSE
4362,2,62,77,23345,26024,0,CAPACITY_EXCEEDED,INVALID
4363,2,62,78,22879,25554,0,CAPACITY_EXCEEDED,INVALID
4364,2,62,79,22564,25225,1,FEASIBLE,WORSE
4365,2,62,80,21813,24461,1,FEASIBLE,WORSE
4366,2,62,81,22236,24916,1,FEASIBLE,WORSE
4367,2,62,82,22407,25036,1,FEASIBLE,WORSE
4368,2,62,83,22142,24813,1,FEASIBLE,WORSE
4369,2,62,84,22346,24998,1,FEASIBLE,WORSE
4370,2,62,85,22167,24863,1,FEASIBLE,WORSE
4371,2,62,86,23025,25714,0,CAPACITY_EXCEEDED,INVALID
4372,2,62,87,22996,25698,0,CAPACITY_EXCEEDED,INVALID
4373,2,62,88,23167,25882,0,CAPACITY_EXCEEDED,INVALID
4374,2,62,89,22289,25000,1,FEASIBLE,WORSE
4375,2,62,90,22482,25130,1,FEASIBLE,WORSE
4376,2,62,91,22664,25346,1,FEASIBLE,WORSE
4377,2,62,92,22685,25315,1,FEASIBLE,WORSE
4378,2,62,93,22057,24727,1,FEASIBLE,WORSE
4379,2,62,94,22939,25610,0,CAPACITY_EXCEEDED,INVALID
4380,2,62,95,23386,26087,0,CAPACITY_EXCEEDED,INVALID
4381,2,62,96,23083,25723,0,CAPACITY_EXCEEDED,INVALID
4382,2,62,97,21869,24520,1,FEASIBLE,WORSE
4383,2,62,98,23559,26231,0,CAPACITY_EXCEEDED,INVALID
4384,2,62,99,22515,25247,1,FEASIBLE,WORSE
4385,2,63,64,22542,25143,1,FEASIBLE,WORSE
4386,2,63,65,22210,24752,1,FEASIBLE,WORSE
4387,2,63,66,22287,24848,1,FEASIBLE,WORSE
4388,2,63,67,22130,24758,1,FEASIBLE,WORSE
4389,2,63,68,22177,24783,1,FEASIBLE,WORSE
4390,2,63,69,21719,24258,1,FEASIBLE,WORSE
4391,2,63,70,21662,24236,1,FEASIBLE,WORSE
4392,2,63,71,22730,25320,1,FEASIBLE,WORSE
4393,2,63,72,22157,24719,1,FEASIBLE,WORSE
4394,2,63,73,22721,25291,1,FEASIBLE,WORSE
4395,2,63,74,23218,25823,0,CAPACITY_EXCEEDED,INVALID
4396,2,63,75,21579,24118,1,FEASIBLE,WORSE
4397,2,63,76,22352,24913,1,FEASIBLE,WORSE
4398,2,63,77,23321,25914,0,CAPACITY_EXCEEDED,INVALID
4399,2,63,78,22855,25444,0,CAPACITY_EXCEEDED,INVALID
4400,2,63,79,22540,25115,1,FEASIBLE,WORSE
4401,2,63,80,21789,24351,1,FEASIBLE,WORSE
4402,2,63,81,22212,24806,1,FEASIBLE,WORSE
4403,2,63,82,22383,24926,1,FEASIBLE,WORSE
4404,2,63,83,22118,24703,1,FEASIBLE,WORSE
4405,2,63,84,22322,24888,1,FEASIBLE,WORSE
4406,2,63,85,22143,24753,1,FEASIBLE,WORSE
4407,2,63,86,23001,25604,0,CAPACITY_EXCEEDED,INVALID
4408,2,63,87,22972,25588,0,CAPACITY_EXCEEDED,INVALID
4409,2,63,88,23143,25772,0,CAPACITY_EXCEEDED,INVALID
4410,2,63,89,22265,24890,1,FEASIBLE,WORSE
4411,2,63,90,22458,25020,1,FEASIBLE,WORSE
4412,2,63,91,22640,25236,1,FEASIBLE,WORSE
4413,2,63,92,22661,25205,1,FEASIBLE,WORSE
4414,2,63,93,22033,24617,1,FEASIBLE,WORSE
4415,2,63,94,22915,25500,0,CAPACITY_EXCEEDED,INVALID
4416,2,63,95,23362,25977,0,CAPACITY_EXCEEDED,INVALID
4417,2,63,96,23059,25613,0,CAPACITY_EXCEEDED,INVALID
4418,2,63,97,21845,24410,1,FEASIBLE,WORSE
4419,2,63,98,23535,26121,0,CAPACITY_EXCEEDED,INVALID
4420,2,63,99,22491,25137,1,FEASIBLE,WORSE
4421,2,64,65,22442,25050,1,FEASIBLE,WORSE
4422,2,64,66,22519,25146,1,FEASIBLE,WORSE
4423,2,64,67,22362,25056,1,FEASIBLE,WORSE
4424,2,64,68,22409,25081,1,FEASIBLE,WORSE
4425,2,64,69,21951,24556,1,FEASIBLE,WORSE
4426,2,64,70,21894,24534,1,FEASIBLE,WORSE
4427,2,64,71,22962,25618,0,CAPACITY_EXCEEDED,INVALID
4428,2,64,72,22389,25017,1,FEASIBLE,WORSE
4429,2,64,73,22953,25589,0,CAPACITY_EXCEEDED,INVALID
4430,2,64,74,23450,26121,0,CAPACITY_EXCEEDED,INVALID
4431,2,64,75,21811,24416,1,FEASIBLE,WORSE
4432,2,64,76,22584,25211,1,FEASIBLE,WORSE
4433,2,64,77,23553,26212,0,CAPACITY_EXCEEDED,INVALID
4434,2,64,78,23087,25742,0,CAPACITY_EXCEEDED,INVALID
4435,2,64,79,22772,25413,1,FEASIBLE,WORSE
4436,2,64,80,22021,24649,1,FEASIBLE,WORSE
4437,2,64,81,22444,25104,1,FEASIBLE,WORSE
4438,2,64,82,22615,25224,1,FEASIBLE,WORSE
4439,2,64,83,22350,25001,1,FEASIBLE,WORSE
4440,2,64,84,22554,25186,1,FEASIBLE,WORSE
4441,2,64,85,22375,25051,1,FEASIBLE,WORSE
4442,2,64,86,23233,25902,0,CAPACITY_EXCEEDED,INVALID
4443,2,64,87,23204,25886,0,CAPACITY_EXCEEDED,INVALID
4444,2,64,88,23375,26070,0,CAPACITY_EXCEEDED,INVALID
4445,2,64,89,22497,25188,1,FEASIBLE,WORSE
4446,2,64,90,22690,25318,1,FEASIBLE,WORSE
4447,2,64,91,22872,25534,0,CAPACITY_EXCEEDED,INVALID
4448,2,64,92,22893,25503,0,CAPACITY_EXCEEDED,INVALID
4449,2,64,93,22265,24915,1,FEASIBLE,WORSE
4450,2,64,94,23147,25798,0,CAPACITY_EXCEEDED,INVALID
4451,2,64,95,23594,26275,0,CAPACITY_EXCEEDED,INVALID
4452,2,64,96,23291,25911,0,CAPACITY_EXCEEDED,INVALID
4453,2,64,97,22077,24708,1,FEASIBLE,WORSE
4454,2,64,98,23767,26419,0,CAPACITY_EXCEEDED,INVALID
4455,2,64,99,22723,25435,1,FEASIBLE,WORSE
4456,2,65,66,22187,24755,1,FEASIBLE,WORSE
4457,2,65,67,22030,24665,1,FEASIBLE,WORSE
4458,2,65,68,22077,24690,1,FEASIBLE,WORSE
4459,2,65,69,21619,24165,1,FEASIBLE,WORSE
4460,2,65,70,21562,24143,1,FEASIBLE,WORSE
4461,2,65,71,22630,25227,1,FEASIBLE,WORSE
4462,2,65,72,22057,24626,1,FEASIBLE,WORSE
4463,2,65,73,22621,25198,1,FEASIBLE,WORSE
4464,2,65,74,23118,25730,0,CAPACITY_EXCEEDED,INVALID
4465,2,65,75,21479,24025,1,FEASIBLE,WORSE
4466,2,65,76,22252,24820,1,FEASIBLE,WORSE
4467,2,65,77,23221,25821,0,CAPACITY_EXCEEDED,INVALID
4468,2,65,78,22755,25351,1,FEASIBLE,WORSE
4469,2,65,79,22440,25022,1,FEASIBLE,WORSE
4470,2,65,80,21689,24258,1,FEASIBLE,WORSE
4471,2,65,81,22112,24713,1,FEASIBLE,WORSE
4472,2,65,82,22283,24833,1,FEASIBLE,WORSE
4473,2,65,83,22018,24610,1,FEASIBLE,WORSE
4474,2,65,84,22222,24795,1,FEASIBLE,WORSE
4475,2,65,85,22043,24660,1,FEASIBLE,WORSE
4476,2,65,86,22901,25511,0,CAPACITY_EXCEEDED,INVALID
4477,2,65,87,22872,25495,0,CAPACITY_EXCEEDED,INVALID
4478,2,65,88,23043,25679,0,CAPACITY_EXCEEDED,INVALID
4479,2,65,89,22165,24797,1,FEASIBLE,WORSE
4480,2,65,90,22358,24927,1,FEASIBLE,WORSE
4481,2,65,91,22540,25143,1,FEASIBLE,WORSE
4482,2,65,92,22561,25112,1,FEASIBLE,WORSE
4483,2,65,93,21933,24524,1,FEASIBLE,WORSE
4484,2,65,94,22815,25407,0,CAPACITY_EXCEEDED,INVALID
4485,2,65,95,23262,25884,0,CAPACITY_EXCEEDED,INVALID
4486,2,65,96,22959,25520,0,CAPACITY_EXCEEDED,INVALID
4487,2,65,97,21745,24317,1,FEASIBLE,WORSE
4488,2,65,98,23435,26028,0,CAPACITY_EXCEEDED,INVALID
4489,2,65,99,22391,25044,1,FEASIBLE,WORSE
4490,2,66,67,22107,24761,1,FEASIBLE,WORSE
4491,2,66,68,22154,24786,1,FEASIBLE,WORSE
4492,2,66,69,21696,24261,1,FEASIBLE,WORSE
4493,2,66,70,21639,24239,1,FEASIBLE,WORSE
4494,2,66,71,22707,25323,1,FEASIBLE,WORSE
4495,2,66,72,22134,24722,1,FEASIBLE,WORSE
4496,2,66,73,22698,25294,1,FEASIBLE,WORSE
4497,2,66,74,23195,25826,0,CAPACITY_EXCEEDED,INVALID
4498,2,66,75,21556,24121,1,FEASIBLE,WORSE
4499,2,66,76,22329,24916,1,FEASIBLE,WORSE
4500,2,66,77,23298,25917,0,CAPACITY_EXCEEDED,INVALID
4501,2,66,78,22832,25447,0,CAPACITY_EXCEEDED,INVALID
4502,2,66,79,22517,25118,1,FEASIBLE,WORSE
4503,2,66,80,21766,24354,1,FEASIBLE,WORSE
4504,2,66,81,22189,24809,1,FEASIBLE,WORSE
4505,2,66,82,22360,24929,1,FEASIBLE,WORSE
4506,2,66,83,22095,24706,1,FEASIBLE,WORSE
4507,2,66,84,22299,24891,1,FEASIBLE,WORSE
4508,2,66,85,22120,24756,1,FEASIBLE,WORSE
4509,2,66,86,22978,25607,0,CAPACITY_EXCEEDED,INVALID
4510,2,66,87,22949,25591,0,CAPACITY_EXCEEDED,INVALID
4511,2,66,88,23120,25775,0,CAPACITY_EXCEEDED,INVALID
4512,2,66,89,22242,24893,1,FEASIBLE,WORSE
4513,2,66,90,22435,25023,1,FEASIBLE,WORSE
4514,2,66,91,22617,25239,1,FEASIBLE,WORSE
4515,2,66,92,22638,25208,1,FEASIBLE,WORSE
4516,2,66,93,22010,24620,1,FEASIBLE,WORSE
4517,2,66,94,22892,25503,0,CAPACITY_EXCEEDED,INVALID
4518,2,66,95,23339,25980,0,CAPACITY_EXCEEDED,INVALID
4519,2,66,96,23036,25616,0,CAPACITY_EXCEEDED,INVALID
4520,2,66,97,21822,24413,1,FEASIBLE,WORSE
4521,2,66,98,23512,26124,0,CAPACITY_EXCEEDED,INVALID
4522,2,66,99,22468,25140,1,FEASIBLE,WORSE
4523,2,67,68,21997,24696,1,FEASIBLE,WORSE
4524,2,67,69,21539,24171,1,FEASIBLE,WORSE
4525,2,67,70,21482,24149,1,FEASIBLE,WORSE
4526,2,67,71,22550,25233,1,FEASIBLE,WORSE
4527,2,67,72,21977,24632,1,FEASIBLE,WORSE
4528,2,67,73,22541,25204,1,FEASIBLE,WORSE
4529,2,67,74,23038,25736,0,CAPACITY_EXCEEDED,INVALID
4530,2,67,75,21399,24031,1,FEASIBLE,WORSE
4531,2,67,76,22172,24826,1,FEASIBLE,WORSE
4532,2,67,77,23141,25827,0,CAPACITY_EXCEEDED,INVALID
4533,2,67,78,22675,25357,1,FEASIBLE,WORSE
4534,2,67,79,22360,25028,1,FEASIBLE,WORSE
4535,2,67,80,21609,24264,1,FEASIBLE,WORSE
4536,2,67,81,22032,24719,1,FEASIBLE,WORSE
4537,2,67,82,22203,24839,1,FEASIBLE,WORSE
4538,2,67,83,21938,24616,1,FEASIBLE,WORSE
4539,2,67,84,22142,24801,1,FEASIBLE,WORSE
4540,2,67,85,21963,24666,1,FEASIBLE,WORSE
4541,2,67,86,22821,25517,0,CAPACITY_EXCEEDED,INVALID
4542,2,67,87,22792,25501,1,FEASIBLE,WORSE
4543,2,67,88,22963,25685,0,CAPACITY_EXCEEDED,INVALID
4544,2,67,89,22085,24803,1,FEASIBLE,WORSE
4545,2,67,90,22278,24933,1,FEASIBLE,WORSE
4546,2,67,91,22460,25149,1,FEASIBLE,WORSE
4547,2,67,92,22481,25118,1,FEASIBLE,WORSE
4548,2,67,93,21853,24530,1,FEASIBLE,WORSE
4549,2,67,94,22735,25413,1,FEASIBLE,WORSE
4550,2,67,95,23182,25890,0,CAPACITY_EXCEEDED,INVALID
4551,2,67,96,22879,25526,0,CAPACITY_EXCEEDED,INVALID
4552,2,67,97,21665,24323,1,FEASIBLE,WORSE
4553,2,67,98,23355,26034,0,CAPACITY_EXCEEDED,INVALID
4554,2,67,99,22311,25050,1,FEASIBLE,WORSE
4555,2,68,69,21586,24196,1,FEASIBLE,WORSE
4556,2,68,70,21529,24174,1,FEASIBLE,WORSE
4557,2,68,71,22597,25258,1,FEASIBLE,WORSE
4558,2,68,72,22024,24657,1,FEASIBLE,WORSE
4559,2,68,73,22588,25229,1,FEASIBLE,WORSE
4560,2,68,74,23085,25761,0,CAPACITY_EXCEEDED,INVALID
4561,2,68,75,21446,24056,1,FEASIBLE,WORSE
4562,2,68,76,22219,24851,1,FEASIBLE,WORSE
4563,2,68,77,23188,25852,0,CAPACITY_EXCEEDED,INVALID
4564,2,68,78,22722,25382,1,FEASIBLE,WORSE
4565,2,68,79,22407,25053,1,FEASIBLE,WORSE
4566,2,68,80,21656,24289,1,FEASIBLE,WORSE
4567,2,68,81,22079,24744,1,FEASIBLE,WORSE
4568,2,68,82,22250,24864,1,FEASIBLE,WORSE
4569,2,68,83,21985,24641,1,FEASIBLE,WORSE
4570,2,68,84,22189,24826,1,FEASIBLE,WORSE
4571,2,68,85,22010,24691,1,FEASIBLE,WORSE
4572,2,68,86,22868,25542,0,CAPACITY_EXCEEDED,INVALID
4573,2,68,87,22839,25526,0,CAPACITY_EXCEEDED,INVALID
4574,2,68,88,23010,25710,0,CAPACITY_EXCEEDED,INVALID
4575,2,68,89,22132,24828,1,FEASIBLE,WORSE
4576,2,68,90,22325,24958,1,FEASIBLE,WORSE
4577,2,68,91,22507,25174,1,FEASIBLE,WORSE
4578,2,68,92,22528,25143,1,FEASIBLE,WORSE
4579,2,68,93,21900,24555,1,FEASIBLE,WORSE
4580,2,68,94,22782,25438,1,FEASIBLE,WORSE
4581,2,68,95,23229,25915,0,CAPACITY_EXCEEDED,INVALID
4582,2,68,96,22926,25551,0,CAPACITY_EXCEEDED,INVALID
4583,2,68,97,21712,24348,1,FEASIBLE,WORSE
4584,2,68,98,23402,26059,0,CAPACITY_EXCEEDED,INVALID
4585,2,68,99,22358,25075,1,FEASIBLE,WORSE
4586,2,69,70,21071,23649,1,FEASIBLE,WORSE
4587,2,69,71,22139,24733,1,FEASIBLE,WORSE
4588,2,69,72,21566,24132,1,FEASIBLE,WORSE
4589,2,69,73,22130,24704,1,FEASIBLE,WORSE
4590,2,69,74,22627,25236,1,FEASIBLE,WORSE
4591,2,69,75,20988,23531,1,FEASIBLE,WORSE
4592,2,69,76,21761,24326,1,FEASIBLE,WORSE
4593,2,69,77,22730,25327,1,FEASIBLE,WORSE
4594,2,69,78,22264,24857,1,FEASIBLE,WORSE
4595,2,69,79,21949,24528,1,FEASIBLE,WORSE
4596,2,69,80,21198,23764,1,FEASIBLE,WORSE
4597,2,69,81,21621,24219,1,FEASIBLE,WORSE
4598,2,69,82,21792,24339,1,FEASIBLE,WORSE
4599,2,69,83,21527,24116,1,FEASIBLE,WORSE
4600,2,69,84,21731,24301,1,FEASIBLE,WORSE
4601,2,69,85,21552,24166,1,FEASIBLE,WORSE
4602,2,69,86,22410,25017,1,FEASIBLE,WORSE
4603,2,69,87,22381,25001,1,FEASIBLE,WORSE
4604,2,69,88,22552,25185,1,FEASIBLE,WORSE
4605,2,69,89,21674,24303,1,FEASIBLE,WORSE
4606,2,69,90,21867,24433,1,FEASIBLE,WORSE
4607,2,69,91,22049,24649,1,FEASIBLE,WORSE
4608,2,69,92,22070,24618,1,FEASIBLE,WORSE
4609,2,69,93,21442,24030,1,FEASIBLE,WORSE
4610,2,69,94,22324,24913,1,FEASIBLE,WORSE
4611,2,69,95,22771,25390,1,FEASIBLE,WORSE
4612,2,69,96,22468,25026,1,FEASIBLE,WORSE
4613,2,69,97,21254,23823,1,FEASIBLE,WORSE
4614,2,69,98,22944,25534,0,CAPACITY_EXCEEDED,INVALID
4615,2,69,99,21900,24550,1,FEASIBLE,WORSE
4616,2,70,71,22082,24711,1,FEASIBLE,WORSE
4617,2,70,72,21509,24110,1,FEASIBLE,WORSE
4618,2,70,73,22073,24682,1,FEASIBLE,WORSE
4619,2,70,74,22570,25214,1,FEASIBLE,WORSE
4620,2,70,75,20931,23509,1,FEASIBLE,WORSE
4621,2,70,76,21704,24304,1,FEASIBLE,WORSE
4622,2,70,77,22673,25305,1,FEASIBLE,WORSE
4623,2,70,78,22207,24835,1,FEASIBLE,WORSE
4624,2,70,79,21892,24506,1,FEASIBLE,WORSE
4625,2,70,80,21141,23742,1,FEASIBLE,WORSE
4626,2,70,81,21564,24197,1,FEASIBLE,WORSE
4627,2,70,82,21735,24317,1,FEASIBLE,WORSE
4628,2,70,83,21470,24094,1,FEASIBLE,WORSE
4629,2,70,84,21674,24279,1,FEASIBLE,WORSE
4630,2,70,85,21495,24144,1,FEASIBLE,WORSE
4631,2,70,86,22353,24995,1,FEASIBLE,WORSE
4632,2,70,87,22324,24979,1,FEASIBLE,WORSE
4633,2,70,88,22495,25163,1,FEASIBLE,WORSE
4634,2,70,89,21617,24281,1,FEASIBLE,WORSE
4635,2,70,90,21810,24411,1,FEASIBLE,WORSE
4636,2,70,91,21992,24627,1,FEASIBLE,WORSE
4637,2,70,92,22013,24596,1,FEASIBLE,WORSE
4638,2,70,93,21385,24008,1,FEASIBLE,WORSE
4639,2,70,94,22267,24891,1,FEASIBLE,WORSE
4640,2,70,95,22714,25368,1,FEASIBLE,WORSE
4641,2,70,96,22411,25004,1,FEASIBLE,WORSE
4642,2,70,97,21197,23801,1,FEASIBLE,WORSE
4643,2,70,98,22887,25512,0,CAPACITY_EXCEEDED,INVALID
4644,2,70,99,21843,24528,1,FEASIBLE,WORSE
4645,2,71,72,22577,25194,1,FEASIBLE,WORSE
4646,2,71,73,23141,25766,0,CAPACITY_EXCEEDED,INVALID
4647,2,71,74,23638,26298,0,CAPACITY_EXCEEDED,INVALID
4648,2,71,75,21999,24593,1,FEASIBLE,WORSE
4649,2,71,76,22772,25388,1,FEASIBLE,WORSE
4650,2,71,77,23741,26389,0,CAPACITY_EXCEEDED,INVALID
4651,2,71,78,23275,25919,0,CAPACITY_EXCEEDED,INVALID
4652,2,71,79,22960,25590,0,CAPACITY_EXCEEDED,INVALID
4653,2,71,80,22209,24826,1,FEASIBLE,WORSE
4654,2,71,81,22632,25281,1,FEASIBLE,WORSE
4655,2,71,82,22803,25401,1,FEASIBLE,WORSE
4656,2,71,83,22538,25178,1,FEASIBLE,WORSE
4657,2,71,84,22742,25363,1,FEASIBLE,WORSE
4658,2,71,85,22563,25228,1,FEASIBLE,WORSE
4659,2,71,86,23421,26079,0,CAPACITY_EXCEEDED,INVALID
4660,2,71,87,23392,26063,0,CAPACITY_EXCEEDED,INVALID
4661,2,71,88,23563,26247,0,CAPACITY_EXCEEDED,INVALID
4662,2,71,89,22685,25365,1,FEASIBLE,WORSE
4663,2,71,90,22878,25495,0,CAPACITY_EXCEEDED,INVALID
4664,2,71,91,23060,25711,0,CAPACITY_EXCEEDED,INVALID
4665,2,71,92,23081,25680,0,CAPACITY_EXCEEDED,INVALID
4666,2,71,93,22453,25092,1,FEASIBLE,WORSE
4667,2,71,94,23335,25975,0,CAPACITY_EXCEEDED,INVALID
4668,2,71,95,23782,26452,0,CAPACITY_EXCEEDED,INVALID
4669,2,71,96,23479,26088,0,CAPACITY_EXCEEDED,INVALID
4670,2,71,97,22265,24885,1,FEASIBLE,WORSE
4671,2,71,98,23955,26596,0,CAPACITY_EXCEEDED,INVALID
4672,2,71,99,22911,25612,0,CAPACITY_EXCEEDED,INVALID
4673,2,72,73,22568,25165,1,FEASIBLE,WORSE
4674,2,72,74,23065,25697,0,CAPACITY_EXCEEDED,INVALID
4675,2,72,75,21426,23992,1,FEASIBLE,WORSE
4676,2,72,76,22199,24787,1,FEASIBLE,WORSE
4677,2,72,77,23168,25788,0,CAPACITY_EXCEEDED,INVALID
4678,2,72,78,22702,25318,1,FEASIBLE,WORSE
4679,2,72,79,22387,24989,1,FEASIBLE,WORSE
4680,2,72,80,21636,24225,1,FEASIBLE,WORSE
4681,2,72,81,22059,24680,1,FEASIBLE,WORSE
4682,2,72,82,22230,24800,1,FEASIBLE,WORSE
4683,2,72,83,21965,24577,1,FEASIBLE,WORSE
4684,2,72,84,22169,24762,1,FEASIBLE,WORSE
4685,2,72,85,21990,24627,1,FEASIBLE,WORSE
4686,2,72,86,22848,25478,0,CAPACITY_EXCEEDED,INVALID
4687,2,72,87,22819,25462,0,CAPACITY_EXCEEDED,INVALID
4688,2,72,88,22990,25646,0,CAPACITY_EXCEEDED,INVALID
4689,2,72,89,22112,24764,1,FEASIBLE,WORSE
4690,2,72,90,22305,24894,1,FEASIBLE,WORSE
4691,2,72,91,22487,25110,1,FEASIBLE,WORSE
4692,2,72,92,22508,25079,1,FEASIBLE,WORSE
4693,2,72,93,21880,24491,1,FEASIBLE,WORSE
4694,2,72,94,22762,25374,1,FEASIBLE,WORSE
4695,2,72,95,23209,25851,0,CAPACITY_EXCEEDED,INVALID
4696,2,72,96,22906,25487,0,CAPACITY_EXCEEDED,INVALID
4697,2,72,97,21692,24284,1,FEASIBLE,WORSE
4698,2,72,98,23382,25995,0,CAPACITY_EXCEEDED,INVALID
4699,2,72,99,22338,25011,1,FEASIBLE,WORSE
4700,2,73,74,23629,26269,0,CAPACITY_EXCEEDED,INVALID
4701,2,73,75,21990,24564,1,FEASIBLE,WORSE
4702,2,73,76,22763,25359,1,FEASIBLE,WORSE
4703,2,73,77,23732,26360,0,CAPACITY_EXCEEDED,INVALID
4704,2,73,78,23266,25890,0,CAPACITY_EXCEEDED,INVALID
4705,2,73,79,22951,25561,0,CAPACITY_EXCEEDED,INVALID
4706,2,73,80,22200,24797,1,FEASIBLE,WORSE
4707,2,73,81,22623,25252,1,FEASIBLE,WORSE
4708,2,73,82,22794,25372,1,FEASIBLE,WORSE
4709,2,73,83,22529,25149,1,FEASIBLE,WORSE
4710,2,73,84,22733,25334,1,FEASIBLE,WORSE
4711,2,73,85,22554,25199,1,FEASIBLE,WORSE
4712,2,73,86,23412,26050,0,CAPACITY_EXCEEDED,INVALID
4713,2,73,87,23383,26034,0,CAPACITY_EXCEEDED,INVALID
4714,2,73,88,23554,26218,0,CAPACITY_EXCEEDED,INVALID
4715,2,73,89,22676,25336,1,FEASIBLE,WORSE
4716,2,73,90,22869,25466,0,CAPACITY_EXCEEDED,INVALID
4717,2,73,91,23051,25682,0,CAPACITY_EXCEEDED,INVALID
4718,2,73,92,23072,25651,0,CAPACITY_EXCEEDED,INVALID
4719,2,73,93,22444,25063,1,FEASIBLE,WORSE
4720,2,73,94,23326,25946,0,CAPACITY_EXCEEDED,INVALID
4721,2,73,95,23773,26423,0,CAPACITY_EXCEEDED,INVALID
4722,2,73,96,23470,26059,0,CAPACITY_EXCEEDED,INVALID
4723,2,73,97,22256,24856,1,FEASIBLE,WORSE
4724,2,73,98,23946,26567,0,CAPACITY_EXCEEDED,INVALID
4725,2,73,99,22902,25583,0,CAPACITY_EXCEEDED,INVALID
4726,2,74,75,22487,25096,1,FEASIBLE,WORSE
4727,2,74,76,23260,25891,0,CAPACITY_EXCEEDED,INVALID
4728,2,74,77,24229,26892,0,CAPACITY_EXCEEDED,INVALID
4729,2,74,78,23763,26422,0,CAPACITY_EXCEEDED,INVALID
4730,2,74,79,23448,26093,0,CAPACITY_EXCEEDED,INVALID
4731,2,74,80,22697,25329,1,FEASIBLE,WORSE
4732,2,74,81,23120,25784,0,CAPACITY_EXCEEDED,INVALID
4733,2,74,82,23291,25904,0,CAPACITY_EXCEEDED,INVALID
4734,2,74,83,23026,25681,0,CAPACITY_EXCEEDED,INVALID
4735,2,74,84,23230,25866,0,CAPACITY_EXCEEDED,INVALID
4736,2,74,85,23051,25731,0,CAPACITY_EXCEEDED,INVALID
4737,2,74,86,23909,26582,0,CAPACITY_EXCEEDED,INVALID
4738,2,74,87,23880,26566,0,CAPACITY_EXCEEDED,INVALID
4739,2,74,88,24051,26750,0,CAPACITY_EXCEEDED,INVALID
4740,2,74,89,23173,25868,0,CAPACITY_EXCEEDED,INVALID
4741,2,74,90,23366,25998,0,CAPACITY_EXCEEDED,INVALID
4742,2,74,91,23548,26214,0,CAPACITY_EXCEEDED,INVALID
4743,2,74,92,23569,26183,0,CAPACITY_EXCEEDED,INVALID
4744,2,74,93,22941,25595,0,CAPACITY_EXCEEDED,INVALID
4745,2,74,94,23823,26478,0,CAPACITY_EXCEEDED,INVALID
4746,2,74,95,24270,26955,0,CAPACITY_EXCEEDED,INVALID
4747,2,74,96,23967,26591,0,CAPACITY_EXCEEDED,INVALID
4748,2,74,97,22753,25388,1,FEASIBLE,WORSE
4749,2,74,98,24443,27099,0,CAPACITY_EXCEEDED,INVALID
4750,2,74,99,23399,26115,0,CAPACITY_EXCEEDED,INVALID
4751,2,75,76,21621,24186,1,FEASIBLE,WORSE
4752,2,75,77,22590,25187,1,FEASIBLE,WORSE
4753,2,75,78,22124,24717,1,FEASIBLE,WORSE
4754,2,75,79,21809,24388,1,FEASIBLE,WORSE
4755,2,75,80,21058,23624,1,FEASIBLE,WORSE
4756,2,75,81,21481,24079,1,FEASIBLE,WORSE
4757,2,75,82,21652,24199,1,FEASIBLE,WORSE
4758,2,75,83,21387,23976,1,FEASIBLE,WORSE
4759,2,75,84,21591,24161,1,FEASIBLE,WORSE
4760,2,75,85,21412,24026,1,FEASIBLE,WORSE
4761,2,75,86,22270,24877,1,FEASIBLE,WORSE
4762,2,75,87,22241,24861,1,FEASIBLE,WORSE
4763,2,75,88,22412,25045,1,FEASIBLE,WORSE
4764,2,75,89,21534,24163,1,FEASIBLE,WORSE
4765,2,75,90,21727,24293,1,FEASIBLE,WORSE
4766,2,75,91,21909,24509,1,FEASIBLE,WORSE
4767,2,75,92,21930,24478,1,FEASIBLE,WORSE
4768,2,75,93,21302,23890,1,FEASIBLE,WORSE
4769,2,75,94,22184,24773,1,FEASIBLE,WORSE
4770,2,75,95,22631,25250,1,FEASIBLE,WORSE
4771,2,75,96,22328,24886,1,FEASIBLE,WORSE
4772,2,75,97,21114,23683,1,FEASIBLE,WORSE
4773,2,75,98,22804,25394,1,FEASIBLE,WORSE
4774,2,75,99,21760,24410,1,FEASIBLE,WORSE
4775,2,76,77,23363,25982,0,CAPACITY_EXCEEDED,INVALID
4776,2,76,78,22897,25512,0,CAPACITY_EXCEEDED,INVALID
4777,2,76,79,22582,25183,1,FEASIBLE,WORSE
4778,2,76,80,21831,24419,1,FEASIBLE,WORSE
4779,2,76,81,22254,24874,1,FEASIBLE,WORSE
4780,2,76,82,22425,24994,1,FEASIBLE,WORSE
4781,2,76,83,22160,24771,1,FEASIBLE,WORSE
4782,2,76,84,22364,24956,1,FEASIBLE,WORSE
4783,2,76,85,22185,24821,1,FEASIBLE,WORSE
4784,2,76,86,23043,25672,0,CAPACITY_EXCEEDED,INVALID
4785,2,76,87,23014,25656,0,CAPACITY_EXCEEDED,INVALID
4786,2,76,88,23185,25840,0,CAPACITY_EXCEEDED,INVALID
4787,2,76,89,22307,24958,1,FEASIBLE,WORSE
4788,2,76,90,22500,25088,1,FEASIBLE,WORSE
4789,2,76,91,22682,25304,1,FEASIBLE,WORSE
4790,2,76,92,22703,25273,1,FEASIBLE,WORSE
4791,2,76,93,22075,24685,1,FEASIBLE,WORSE
4792,2,76,94,22957,25568,0,CAPACITY_EXCEEDED,INVALID
4793,2,76,95,23404,26045,0,CAPACITY_EXCEEDED,INVALID
4794,2,76,96,23101,25681,0,CAPACITY_EXCEEDED,INVALID
4795,2,76,97,21887,24478,1,FEASIBLE,WORSE
4796,2,76,98,23577,26189,0,CAPACITY_EXCEEDED,INVALID
4797,2,76,99,22533,25205,1,FEASIBLE,WORSE
4798,2,77,78,23866,26513,0,CAPACITY_EXCEEDED,INVALID
4799,2,77,79,23551,26184,0,CAPACITY_EXCEEDED,INVALID
4800,2,77,80,22800,25420,1,FEASIBLE,WORSE
4801,2,77,81,23223,25875,0,CAPACITY_EXCEEDED,INVALID
4802,2,77,82,23394,25995,0,CAPACITY_EXCEEDED,INVALID
4803,2,77,83,23129,25772,0,CAPACITY_EXCEEDED,INVALID
4804,2,77,84,23333,25957,0,CAPACITY_EXCEEDED,INVALID
4805,2,77,85,23154,25822,0,CAPACITY_EXCEEDED,INVALID
4806,2,77,86,24012,26673,0,CAPACITY_EXCEEDED,INVALID
4807,2,77,87,23983,26657,0,CAPACITY_EXCEEDED,INVALID
4808,2,77,88,24154,26841,0,CAPACITY_EXCEEDED,INVALID
4809,2,77,89,23276,25959,0,CAPACITY_EXCEEDED,INVALID
4810,2,77,90,23469,26089,0,CAPACITY_EXCEEDED,INVALID
4811,2,77,91,23651,26305,0,CAPACITY_EXCEEDED,INVALID
4812,2,77,92,23672,26274,0,CAPACITY_EXCEEDED,INVALID
4813,2,77,93,23044,25686,0,CAPACITY_EXCEEDED,INVALID
4814,2,77,94,23926,26569,0,CAPACITY_EXCEEDED,INVALID
4815,2,77,95,24373,27046,0,CAPACITY_EXCEEDED,INVALID
4816,2,77,96,24070,26682,0,CAPACITY_EXCEEDED,INVALID
4817,2,77,97,22856,25479,0,CAPACITY_EXCEEDED,INVALID
4818,2,77,98,24546,27190,0,CAPACITY_EXCEEDED,INVALID
4819,2,77,99,23502,26206,0,CAPACITY_EXCEEDED,INVALID
4820,2,78,79,23085,25714,0,CAPACITY_EXCEEDED,INVALID
4821,2,78,80,22334,24950,1,FEASIBLE,WORSE
4822,2,78,81,22757,25405,1,FEASIBLE,WORSE
4823,2,78,82,22928,25525,0,CAPACITY_EXCEEDED,INVALID
4824,2,78,83,22663,25302,1,FEASIBLE,WORSE
4825,2,78,84,22867,25487,0,CAPACITY_EXCEEDED,INVALID
4826,2,78,85,22688,25352,1,FEASIBLE,WORSE
4827,2,78,86,23546,26203,0,CAPACITY_EXCEEDED,INVALID
4828,2,78,87,23517,26187,0,CAPACITY_EXCEEDED,INVALID
4829,2,78,88,23688,26371,0,CAPACITY_EXCEEDED,INVALID
4830,2,78,89,22810,25489,0,CAPACITY_EXCEEDED,INVALID
4831,2,78,90,23003,25619,0,CAPACITY_EXCEEDED,INVALID
4832,2,78,91,23185,25835,0,CAPACITY_EXCEEDED,INVALID
4833,2,78,92,23206,25804,0,CAPACITY_EXCEEDED,INVALID
4834,2,78,93,22578,25216,1,FEASIBLE,WORSE
4835,2,78,94,23460,26099,0,CAPACITY_EXCEEDED,INVALID
4836,2,78,95,23907,26576,0,CAPACITY_EXCEEDED,INVALID
4837,2,78,96,23604,26212,0,CAPACITY_EXCEEDED,INVALID
4838,2,78,97,22390,25009,1,FEASIBLE,WORSE
4839,2,78,98,24080,26720,0,CAPACITY_EXCEEDED,INVALID
4840,2,78,99,23036,25736,0,CAPACITY_EXCEEDED,INVALID
4841,2,79,80,22019,24621,1,FEASIBLE,WORSE
4842,2,79,81,22442,25076,1,FEASIBLE,WORSE
4843,2,79,82,22613,25196,1,FEASIBLE,WORSE
4844,2,79,83,22348,24973,1,FEASIBLE,WORSE
4845,2,79,84,22552,25158,1,FEASIBLE,WORSE
4846,2,79,85,22373,25023,1,FEASIBLE,WORSE
4847,2,79,86,23231,25874,0,CAPACITY_EXCEEDED,INVALID
4848,2,79,87,23202,25858,0,CAPACITY_EXCEEDED,INVALID
4849,2,79,88,23373,26042,0,CAPACITY_EXCEEDED,INVALID
4850,2,79,89,22495,25160,1,FEASIBLE,WORSE
4851,2,79,90,22688,25290,1,FEASIBLE,WORSE
4852,2,79,91,22870,25506,0,CAPACITY_EXCEEDED,INVALID
4853,2,79,92,22891,25475,0,CAPACITY_EXCEEDED,INVALID
4854,2,79,93,22263,24887,1,FEASIBLE,WORSE
4855,2,79,94,23145,25770,0,CAPACITY_EXCEEDED,INVALID
4856,2,79,95,23592,26247,0,CAPACITY_EXCEEDED,INVALID
4857,2,79,96,23289,25883,0,CAPACITY_EXCEEDED,INVALID
4858,2,79,97,22075,24680,1,FEASIBLE,WORSE
4859,2,79,98,23765,26391,0,CAPACITY_EXCEEDED,INVALID
4860,2,79,99,22721,25407,1,FEASIBLE,WORSE
4861,2,80,81,21691,24312,1,FEASIBLE,WORSE
4862,2,80,82,21862,24432,1,FEASIBLE,WORSE
4863,2,80,83,21597,24209,1,FEASIBLE,WORSE
4864,2,80,84,21801,24394,1,FEASIBLE,WORSE
4865,2,80,85,21622,24259,1,FEASIBLE,WORSE
4866,2,80,86,22480,25110,1,FEASIBLE,WORSE
4867,2,80,87,22451,25094,1,FEASIBLE,WORSE
4868,2,80,88,22622,25278,1,FEASIBLE,WORSE
4869,2,80,89,21744,24396,1,FEASIBLE,WORSE
4870,2,80,90,21937,24526,1,FEASIBLE,WORSE
4871,2,80,91,22119,24742,1,FEASIBLE,WORSE
4872,2,80,92,22140,24711,1,FEASIBLE,WORSE
4873,2,80,93,21512,24123,1,FEASIBLE,WORSE
4874,2,80,94,22394,25006,1,FEASIBLE,WORSE
4875,2,80,95,22841,25483,0,CAPACITY_EXCEEDED,INVALID
4876,2,80,96,22538,25119,1,FEASIBLE,WORSE
4877,2,80,97,21324,23916,1,FEASIBLE,WORSE
4878,2,80,98,23014,25627,0,CAPACITY_EXCEEDED,INVALID
4879,2,80,99,21970,24643,1,FEASIBLE,WORSE
4880,2,81,82,22285,24887,1,FEASIBLE,WORSE
4881,2,81,83,22020,24664,1,FEASIBLE,WORSE
4882,2,81,84,22224,24849,1,FEASIBLE,WORSE
4883,2,81,85,22045,24714,1,FEASIBLE,WORSE
4884,2,81,86,22903,25565,0,CAPACITY_EXCEEDED,INVALID
4885,2,81,87,22874,25549,0,CAPACITY_EXCEEDED,INVALID
4886,2,81,88,23045,25733,0,CAPACITY_EXCEEDED,INVALID
4887,2,81,89,22167,24851,1,FEASIBLE,WORSE
4888,2,81,90,22360,24981,1,FEASIBLE,WORSE
4889,2,81,91,22542,25197,1,FEASIBLE,WORSE
4890,2,81,92,22563,25166,1,FEASIBLE,WORSE
4891,2,81,93,21935,24578,1,FEASIBLE,WORSE
4892,2,81,94,22817,25461,0,CAPACITY_EXCEEDED,INVALID
4893,2,81,95,23264,25938,0,CAPACITY_EXCEEDED,INVALID
4894,2,81,96,22961,25574,0,CAPACITY_EXCEEDED,INVALID
4895,2,81,97,21747,24371,1,FEASIBLE,WORSE
4896,2,81,98,23437,26082,0,CAPACITY_EXCEEDED,INVALID
4897,2,81,99,22393,25098,1,FEASIBLE,WORSE
4898,2,82,83,22191,24784,1,FEASIBLE,WORSE
4899,2,82,84,22395,24969,1,FEASIBLE,WORSE
4900,2,82,85,22216,24834,1,FEASIBLE,WORSE
4901,2,82,86,23074,25685,0,CAPACITY_EXCEEDED,INVALID
4902,2,82,87,23045,25669,0,CAPACITY_EXCEEDED,INVALID
4903,2,82,88,23216,25853,0,CAPACITY_EXCEEDED,INVALID
4904,2,82,89,22338,24971,1,FEASIBLE,WORSE
4905,2,82,90,22531,25101,1,FEASIBLE,WORSE
4906,2,82,91,22713,25317,1,FEASIBLE,WORSE
4907,2,82,92,22734,25286,1,FEASIBLE,WORSE
4908,2,82,93,22106,24698,1,FEASIBLE,WORSE
4909,2,82,94,22988,25581,0,CAPACITY_EXCEEDED,INVALID
4910,2,82,95,23435,26058,0,CAPACITY_EXCEEDED,INVALID
4911,2,82,96,23132,25694,0,CAPACITY_EXCEEDED,INVALID
4912,2,82,97,21918,24491,1,FEASIBLE,WORSE
4913,2,82,98,23608,26202,0,CAPACITY_EXCEEDED,INVALID
4914,2,82,99,22564,25218,1,FEASIBLE,WORSE
4915,2,83,84,22130,24746,1,FEASIBLE,WORSE
4916,2,83,85,21951,24611,1,FEASIBLE,WORSE
4917,2,83,86,22809,25462,0,CAPACITY_EXCEEDED,INVALID
4918,2,83,87,22780,25446,1,FEASIBLE,WORSE
4919,2,83,88,22951,25630,0,CAPACITY_EXCEEDED,INVALID
4920,2,83,89,22073,24748,1,FEASIBLE,WORSE
4921,2,83,90,22266,24878,1,FEASIBLE,WORSE
4922,2,83,91,22448,25094,1,FEASIBLE,WORSE
4923,2,83,92,22469,25063,1,FEASIBLE,WORSE
4924,2,83,93,21841,24475,1,FEASIBLE,WORSE
4925,2,83,94,22723,25358,1,FEASIBLE,WORSE
4926,2,83,95,23170,25835,0,CAPACITY_EXCEEDED,INVALID
4927,2,83,96,22867,25471,0,CAPACITY_EXCEEDED,INVALID
4928,2,83,97,21653,24268,1,FEASIBLE,WORSE
4929,2,83,98,23343,25979,0,CAPACITY_EXCEEDED,INVALID
4930,2,83,99,22299,24995,1,FEASIBLE,WORSE
4931,2,84,85,22155,24796,1,FEASIBLE,WORSE
4932,2,84,86,23013,25647,0,CAPACITY_EXCEEDED,INVALID
4933,2,84,87,22984,25631,0,CAPACITY_EXCEEDED,INVALID
4934,2,84,88,23155,25815,0,CAPACITY_EXCEEDED,INVALID
4935,2,84,89,22277,24933,1,FEASIBLE,WORSE
4936,2,84,90,22470,25063,1,FEASIBLE,WORSE
4937,2,84,91,22652,25279,1,FEASIBLE,WORSE
4938,2,84,92,22673,25248,1,FEASIBLE,WORSE
4939,2,84,93,22045,24660,1,FEASIBLE,WORSE
4940,2,84,94,22927,25543,0,CAPACITY_EXCEEDED,INVALID
4941,2,84,95,23374,26020,0,CAPACITY_EXCEEDED,INVALID
4942,2,84,96,23071,25656,0,CAPACITY_EXCEEDED,INVALID
4943,2,84,97,21857,24453,1,FEASIBLE,WORSE
4944,2,84,98,23547,26164,0,CAPACITY_EXCEEDED,INVALID
4945,2,84,99,22503,25180,1,FEASIBLE,WORSE
4946,2,85,86,22834,25512,0,CAPACITY_EXCEEDED,INVALID
4947,2,85,87,22805,25496,1,FEASIBLE,WORSE
4948,2,85,88,22976,25680,0,CAPACITY_EXCEEDED,INVALID
4949,2,85,89,22098,24798,1,FEASIBLE,WORSE
4950,2,85,90,22291,24928,1,FEASIBLE,WORSE
4951,2,85,91,22473,25144,1,FEASIBLE,WORSE
4952,2,85,92,22494,25113,1,FEASIBLE,WORSE
4953,2,85,93,21866,24525,1,FEASIBLE,WORSE
4954,2,85,94,22748,25408,1,FEASIBLE,WORSE
4955,2,85,95,23195,25885,0,CAPACITY_EXCEEDED,INVALID
4956,2,85,96,22892,25521,0,CAPACITY_EXCEEDED,INVALID
4957,2,85,97,21678,24318,1,FEASIBLE,WORSE
4958,2,85,98,23368,26029,0,CAPACITY_EXCEEDED,INVALID
4959,2,85,99,22324,25045,1,FEASIBLE,WORSE
4960,2,86,87,23663,26347,0,CAPACITY_EXCEEDED,INVALID
4961,2,86,88,23834,26531,0,CAPACITY_EXCEEDED,INVALID
4962,2,86,89,22956,25649,0,CAPACITY_EXCEEDED,INVALID
4963,2,86,90,23149,25779,0,CAPACITY_EXCEEDED,INVALID
4964,2,86,91,23331,25995,0,CAPACITY_EXCEEDED,INVALID
4965,2,86,92,23352,25964,0,CAPACITY_EXCEEDED,INVALID
4966,2,86,93,22724,25376,1,FEASIBLE,WORSE
4967,2,86,94,23606,26259,0,CAPACITY_EXCEEDED,INVALID
4968,2,86,95,24053,26736,0,CAPACITY_EXCEEDED,INVALID
4969,2,86,96,23750,26372,0,CAPACITY_EXCEEDED,INVALID
4970,2,86,97,22536,25169,1,FEASIBLE,WORSE
4971,2,86,98,24226,26880,0,CAPACITY_EXCEEDED,INVALID
4972,2,86,99,23182,25896,0,CAPACITY_EXCEEDED,INVALID
4973,2,87,88,23805,26515,0,CAPACITY_EXCEEDED,INVALID
4974,2,87,89,22927,25633,0,CAPACITY_EXCEEDED,INVALID
4975,2,87,90,23120,25763,0,CAPACITY_EXCEEDED,INVALID
4976,2,87,91,23302,25979,0,CAPACITY_EXCEEDED,INVALID
4977,2,87,92,23323,25948,0,CAPACITY_EXCEEDED,INVALID
4978,2,87,93,22695,25360,1,FEASIBLE,WORSE
4979,2,87,94,23577,26243,0,CAPACITY_EXCEEDED,INVALID
4980,2,87,95,24024,26720,0,CAPACITY_EXCEEDED,INVALID
4981,2,87,96,23721,26356,0,CAPACITY_EXCEEDED,INVALID
4982,2,87,97,22507,25153,1,FEASIBLE,WORSE
4983,2,87,98,24197,26864,0,CAPACITY_EXCEEDED,INVALID
4984,2,87,99,23153,25880,0,CAPACITY_EXCEEDED,INVALID
4985,2,88,89,23098,25817,0,CAPACITY_EXCEEDED,INVALID
4986,2,88,90,23291,25947,0,CAPACITY_EXCEEDED,INVALID
4987,2,88,91,23473,26163,0,CAPACITY_EXCEEDED,INVALID
4988,2,88,92,23494,26132,0,CAPACITY_EXCEEDED,INVALID
4989,2,88,93,22866,25544,0,CAPACITY_EXCEEDED,INVALID
4990,2,88,94,23748,26427,0,CAPACITY_EXCEEDED,INVALID
4991,2,88,95,24195,26904,0,CAPACITY_EXCEEDED,INVALID
4992,2,88,96,23892,26540,0,CAPACITY_EXCEEDED,INVALID
4993,2,88,97,22678,25337,1,FEASIBLE,WORSE
4994,2,88,98,24368,27048,0,CAPACITY_EXCEEDED,INVALID
4995,2,88,99,23324,26064,0,CAPACITY_EXCEEDED,INVALID
4996,2,89,90,22413,25065,1,FEASIBLE,WORSE
4997,2,89,91,22595,25281,1,FEASIBLE,WORSE
4998,2,89,92,22616,25250,1,FEASIBLE,WORSE
4999,2,89,93,21988,24662,1,FEASIBLE,WORSE
5000,2,89,94,22870,25545,0,CAPACITY_EXCEEDED,INVALID
5001,2,89,95,23317,26022,0,CAPACITY_EXCEEDED,INVALID
5002,2,89,96,23014,25658,0,CAPACITY_EXCEEDED,INVALID
5003,2,89,97,21800,24455,1,FEASIBLE,WORSE
5004,2,89,98,23490,26166,0,CAPACITY_EXCEEDED,INVALID
5005,2,89,99,22446,25182,1,FEASIBLE,WORSE
5006,2,90,91,22788,25411,1,FEASIBLE,WORSE
5007,2,90,92,22809,25380,0,CAPACITY_EXCEEDED,INVALID
5008,2,90,93,22181,24792,1,FEASIBLE,WORSE
5009,2,90,94,23063,25675,0,CAPACITY_EXCEEDED,INVALID
5010,2,90,95,23510,26152,0,CAPACITY_EXCEEDED,INVALID
5011,2,90,96,23207,25788,0,CAPACITY_EXCEEDED,INVALID
5012,2,90,97,21993,24585,1,FEASIBLE,WORSE
5013,2,90,98,23683,26296,0,CAPACITY_EXCEEDED,INVALID
5014,2,90,99,22639,25312,1,FEASIBLE,WORSE
5015,2,91,92,22991,25596,0,CAPACITY_EXCEEDED,INVALID
5016,2,91,93,22363,25008,1,FEASIBLE,WORSE
5017,2,91,94,23245,25891,0,CAPACITY_EXCEEDED,INVALID
5018,2,91,95,23692,26368,0,CAPACITY_EXCEEDED,INVALID
5019,2,91,96,23389,26004,0,CAPACITY_EXCEEDED,INVALID
5020,2,91,97,22175,24801,1,FEASIBLE,WORSE
5021,2,91,98,23865,26512,0,CAPACITY_EXCEEDED,INVALID
5022,2,91,99,22821,25528,0,CAPACITY_EXCEEDED,INVALID
5023,2,92,93,22384,24977,1,FEASIBLE,WORSE
5024,2,92,94,23266,25860,0,CAPACITY_EXCEEDED,INVALID
5025,2,92,95,23713,26337,0,CAPACITY_EXCEEDED,INVALID
5026,2,92,96,23410,25973,0,CAPACITY_EXCEEDED,INVALID
5027,2,92,97,22196,24770,1,FEASIBLE,WORSE
5028,2,92,98,23886,26481,0,CAPACITY_EXCEEDED,INVALID
5029,2,92,99,22842,25497,0,CAPACITY_EXCEEDED,INVALID
5030,2,93,94,22638,25272,1,FEASIBLE,WORSE
5031,2,93,95,23085,25749,0,CAPACITY_EXCEEDED,INVALID
5032,2,93,96,22782,25385,1,FEASIBLE,WORSE
5033,2,93,97,21568,24182,1,FEASIBLE,WORSE
5034,2,93,98,23258,25893,0,CAPACITY_EXCEEDED,INVALID
5035,2,93,99,22214,24909,1,FEASIBLE,WORSE
5036,2,94,95,23967,26632,0,CAPACITY_EXCEEDED,INVALID
5037,2,94,96,23664,26268,0,CAPACITY_EXCEEDED,INVALID
5038,2,94,97,22450,25065,1,FEASIBLE,WORSE
5039,2,94,98,24140,26776,0,CAPACITY_EXCEEDED,INVALID
5040,2,94,99,23096,25792,0,CAPACITY_EXCEEDED,INVALID
5041,2,95,96,24111,26745,0,CAPACITY_EXCEEDED,INVALID
5042,2,95,97,22897,25542,0,CAPACITY_EXCEEDED,INVALID
5043,2,95,98,24587,27253,0,CAPACITY_EXCEEDED,INVALID
5044,2,95,99,23543,26269,0,CAPACITY_EXCEEDED,INVALID
5045,2,96,97,22594,25178,1,FEASIBLE,WORSE
5046,2,96,98,24284,26889,0,CAPACITY_EXCEEDED,INVALID
5047,2,96,99,23240,25905,0,CAPACITY_EXCEEDED,INVALID
5048,2,97,98,23070,25686,0,CAPACITY_EXCEEDED,INVALID
5049,2,97,99,22026,24702,1,FEASIBLE,WORSE
5050,2,98,99,23716,26413,0,CAPACITY_EXCEEDED,INVALID
