seed,arm,generation,calls_before,calls_after,lambda_before,lambda_after,mutation_strength,strict_success,tail_truncated
43001,lambda_initial_1,1,50,52,1.0,1.1066819197003215,1,False,False
43001,lambda_initial_1,2,52,54,1.1066819197003215,1.2247448713915887,1,False,False
43001,lambda_initial_1,3,54,56,1.2247448713915887,1.3554030054147668,0,False,False
43001,lambda_initial_1,4,56,58,1.3554030054147668,1.4999999999999993,1,False,False
43001,lambda_initial_1,5,58,60,1.4999999999999993,1.6600228795504814,1,False,False
43001,lambda_initial_1,6,60,64,1.6600228795504814,1.8371173070873823,1,False,False
43001,lambda_initial_1,7,64,68,1.8371173070873823,2.033104508122149,2,False,False
43001,lambda_initial_1,8,68,72,2.033104508122149,2.249999999999998,1,False,False
43001,lambda_initial_1,9,72,76,2.249999999999998,1.4999999999999984,3,True,False
43001,lambda_initial_1,10,76,78,1.4999999999999984,1.6600228795504806,0,False,False
43001,lambda_initial_1,11,78,82,1.6600228795504806,1.8371173070873814,0,False,False
43001,lambda_initial_1,12,82,86,1.8371173070873814,2.033104508122148,1,False,False
43001,lambda_initial_1,13,86,90,2.033104508122148,2.249999999999997,3,False,False
43001,lambda_initial_1,14,90,94,2.249999999999997,2.4900343193257197,1,False,False
43001,lambda_initial_1,15,94,98,2.4900343193257197,2.755675960631071,2,False,False
43001,lambda_initial_1,16,98,104,2.755675960631071,1.8371173070873805,4,True,False
43001,lambda_initial_1,17,104,108,1.8371173070873805,1.224744871391587,2,True,False
43001,lambda_initial_1,18,108,110,1.224744871391587,1.3554030054147648,1,False,False
43001,lambda_initial_1,19,110,112,1.3554030054147648,1.0,1,True,False
43001,lambda_initial_1,20,112,114,1.0,1.1066819197003215,0,False,False
43001,lambda_initial_1,21,114,116,1.1066819197003215,1.2247448713915887,0,False,False
43001,lambda_initial_1,22,116,118,1.2247448713915887,1.3554030054147668,2,False,False
43001,lambda_initial_1,23,118,120,1.3554030054147668,1.4999999999999993,2,False,False
43001,lambda_initial_1,24,120,122,1.4999999999999993,1.6600228795504814,2,False,False
43001,lambda_initial_1,25,122,126,1.6600228795504814,1.8371173070873823,2,False,False
43001,lambda_initial_1,26,126,130,1.8371173070873823,2.033104508122149,0,False,False
43001,lambda_initial_1,27,130,134,2.033104508122149,1.355403005414766,1,True,False
43001,lambda_initial_1,28,134,136,1.355403005414766,1.4999999999999987,2,False,False
43001,lambda_initial_1,29,136,138,1.4999999999999987,1.0,1,True,False
43001,lambda_initial_1,30,138,140,1.0,1.1066819197003215,1,False,False
43001,lambda_initial_1,31,140,142,1.1066819197003215,1.2247448713915887,2,False,False
43001,lambda_initial_1,32,142,144,1.2247448713915887,1.3554030054147668,2,False,False
43001,lambda_initial_1,33,144,146,1.3554030054147668,1.4999999999999993,0,False,False
43001,lambda_initial_1,34,146,148,1.4999999999999993,1.6600228795504814,1,False,False
43001,lambda_initial_1,35,148,152,1.6600228795504814,1.8371173070873823,1,False,False
43001,lambda_initial_1,36,152,156,1.8371173070873823,2.033104508122149,3,False,False
43001,lambda_initial_1,37,156,160,2.033104508122149,2.249999999999998,4,False,False
43001,lambda_initial_1,38,160,164,2.249999999999998,2.490034319325721,1,False,False
43001,lambda_initial_1,39,164,168,2.490034319325721,2.755675960631072,3,False,False
43001,lambda_initial_1,40,168,174,2.755675960631072,3.0496567621832225,3,False,False
43001,lambda_initial_1,41,174,180,3.0496567621832225,2.033104508122148,2,True,False
43001,lambda_initial_1,42,180,184,2.033104508122148,2.249999999999997,2,False,False
43001,lambda_initial_1,43,184,188,2.249999999999997,2.4900343193257197,1,False,False
43001,lambda_initial_1,44,188,192,2.4900343193257197,2.755675960631071,2,False,False
43001,lambda_initial_1,45,192,198,2.755675960631071,3.049656762183221,3,False,False
43001,lambda_initial_1,46,198,204,3.049656762183221,2.0331045081221473,3,True,False
43001,lambda_initial_1,47,204,208,2.0331045081221473,2.249999999999996,3,False,False
43001,lambda_initial_1,48,208,212,2.249999999999996,2.490034319325719,3,False,False
43001,lambda_initial_1,49,212,216,2.490034319325719,1.6600228795504792,3,True,False
43001,lambda_initial_1,50,216,220,1.6600228795504792,1.8371173070873799,1,False,False
43001,lambda_initial_1,51,220,224,1.8371173070873799,2.0331045081221464,2,False,False
43001,lambda_initial_1,52,224,228,2.0331045081221464,2.2499999999999947,2,False,False
43001,lambda_initial_1,53,228,232,2.2499999999999947,2.4900343193257175,1,False,False
43001,lambda_initial_1,54,232,236,2.4900343193257175,2.7556759606310686,4,False,False
43001,lambda_initial_1,55,236,242,2.7556759606310686,1.837117307087379,4,True,False
43001,lambda_initial_1,56,242,246,1.837117307087379,2.0331045081221455,3,False,False
43001,lambda_initial_1,57,246,250,2.0331045081221455,1.3554030054147637,3,True,False
43001,lambda_initial_1,58,250,252,1.3554030054147637,1.4999999999999958,1,False,False
43001,lambda_initial_1,59,252,254,1.4999999999999958,1.6600228795504774,0,False,False
43001,lambda_initial_1,60,254,258,1.6600228795504774,1.8371173070873779,4,False,False
43001,lambda_initial_1,61,258,262,1.8371173070873779,2.033104508122144,2,False,False
43001,lambda_initial_1,62,262,266,2.033104508122144,2.2499999999999925,2,False,False
43001,lambda_initial_1,63,266,270,2.2499999999999925,2.490034319325715,2,False,False
43001,lambda_initial_1,64,270,274,2.490034319325715,2.7556759606310655,6,False,False
43001,lambda_initial_1,65,274,280,2.7556759606310655,3.049656762183215,1,False,False
43001,lambda_initial_1,66,280,286,3.049656762183215,3.374999999999987,0,False,False
43001,lambda_initial_1,67,286,292,3.374999999999987,3.735051478988571,4,False,False
43001,lambda_initial_1,68,292,300,3.735051478988571,4.133513940946597,3,False,False
43001,lambda_initial_1,69,300,308,4.133513940946597,2.7556759606310646,4,True,False
43001,lambda_initial_1,70,308,314,2.7556759606310646,3.049656762183214,3,False,False
43001,lambda_initial_1,71,314,320,3.049656762183214,3.3749999999999862,4,False,False
43001,lambda_initial_1,72,320,326,3.3749999999999862,3.7350514789885696,4,False,False
43001,lambda_initial_1,73,326,334,3.7350514789885696,4.133513940946595,8,False,False
43001,lambda_initial_1,74,334,342,4.133513940946595,4.574485143274819,5,False,False
43001,lambda_initial_1,75,342,352,4.574485143274819,5.062499999999977,7,False,False
43001,lambda_initial_1,76,352,362,5.062499999999977,5.6025772184828515,6,False,False
43001,lambda_initial_1,77,362,374,5.6025772184828515,3.735051478988568,3,True,False
43001,lambda_initial_1,78,374,382,3.735051478988568,4.133513940946593,3,False,False
43001,lambda_initial_1,79,382,390,4.133513940946593,4.574485143274817,4,False,False
43001,lambda_initial_1,80,390,400,4.574485143274817,5.062499999999974,6,False,False
43001,lambda_initial_5,1,50,60,5.0,3.3333333333333335,5,True,False
43001,lambda_initial_5,2,60,66,3.3333333333333335,3.688939732334405,4,False,False
43001,lambda_initial_5,3,66,74,3.688939732334405,4.0824829046386295,5,False,False
43001,lambda_initial_5,4,74,82,4.0824829046386295,2.7216552697590863,2,True,False
43001,lambda_initial_5,5,82,88,2.7216552697590863,1.8144368465060576,3,True,False
43001,lambda_initial_5,6,88,92,1.8144368465060576,2.0080044524663214,1,False,False
43001,lambda_initial_5,7,92,96,2.0080044524663214,2.2222222222222214,2,False,False
43001,lambda_initial_5,8,96,100,2.2222222222222214,2.459293154889602,3,False,False
43001,lambda_initial_5,9,100,104,2.459293154889602,2.721655269759085,2,False,False
43001,lambda_initial_5,10,104,110,2.721655269759085,3.0120066786994806,5,False,False
43001,lambda_initial_5,11,110,116,3.0120066786994806,3.3333333333333304,6,False,False
43001,lambda_initial_5,12,116,122,3.3333333333333304,3.6889397323344015,4,False,False
43001,lambda_initial_5,13,122,130,3.6889397323344015,4.082482904638626,5,False,False
43001,lambda_initial_5,14,130,138,4.082482904638626,4.518010018049219,4,False,False
43001,lambda_initial_5,15,138,148,4.518010018049219,4.999999999999994,7,False,False
43001,lambda_initial_5,16,148,158,4.999999999999994,5.533409598501601,9,False,False
43001,lambda_initial_5,17,158,170,5.533409598501601,3.6889397323344006,6,True,False
43001,lambda_initial_5,18,170,178,3.6889397323344006,2.4592931548896004,4,True,False
43001,lambda_initial_5,19,178,182,2.4592931548896004,2.7216552697590832,3,False,False
43001,lambda_initial_5,20,182,188,2.7216552697590832,3.0120066786994784,2,False,False
43001,lambda_initial_5,21,188,194,3.0120066786994784,3.333333333333328,3,False,False
43001,lambda_initial_5,22,194,200,3.333333333333328,3.6889397323343993,4,False,False
43001,lambda_initial_5,23,200,208,3.6889397323343993,4.082482904638623,5,False,False
43001,lambda_initial_5,24,208,216,4.082482904638623,4.518010018049216,6,False,False
43001,lambda_initial_5,25,216,226,4.518010018049216,4.99999999999999,6,False,False
43001,lambda_initial_5,26,226,236,4.99999999999999,3.333333333333327,2,True,False
43001,lambda_initial_5,27,236,242,3.333333333333327,3.6889397323343975,1,False,False
43001,lambda_initial_5,28,242,250,3.6889397323343975,4.0824829046386215,5,False,False
43001,lambda_initial_5,29,250,258,4.0824829046386215,4.518010018049214,8,False,False
43001,lambda_initial_5,30,258,268,4.518010018049214,4.9999999999999885,2,False,False
43001,lambda_initial_5,31,268,278,4.9999999999999885,5.533409598501595,13,False,False
43001,lambda_initial_5,32,278,290,5.533409598501595,6.12372435695793,4,False,False
43001,lambda_initial_5,33,290,302,6.12372435695793,6.777015027073818,4,False,False
43001,lambda_initial_5,34,302,316,6.777015027073818,7.49999999999998,12,False,False
43001,lambda_initial_5,35,316,330,7.49999999999998,8.300114397752388,9,False,False
43001,lambda_initial_5,36,330,346,8.300114397752388,9.18558653543689,11,False,False
43001,lambda_initial_5,37,346,364,9.18558653543689,10.165522540610723,8,False,False
43001,lambda_initial_5,38,364,384,10.165522540610723,11.249999999999964,9,False,False
43001,lambda_initial_5,39,384,400,11.249999999999964,12.450171596628577,8,False,True
43001,lambda_initial_10,1,50,70,10.0,6.666666666666667,10,True,False
43001,lambda_initial_10,2,70,84,6.666666666666667,4.444444444444445,6,True,False
43001,lambda_initial_10,3,84,92,4.444444444444445,4.918586309779207,3,False,False
43001,lambda_initial_10,4,92,102,4.918586309779207,3.2790575398528046,5,True,False
43001,lambda_initial_10,5,102,108,3.2790575398528046,3.6288736930121153,5,False,False
43001,lambda_initial_10,6,108,116,3.6288736930121153,2.4192491286747435,3,True,False
43001,lambda_initial_10,7,116,120,2.4192491286747435,2.677339269955095,2,False,False
43001,lambda_initial_10,8,120,126,2.677339269955095,2.962962962962962,2,False,False
43001,lambda_initial_10,9,126,132,2.962962962962962,3.2790575398528032,5,False,False
43001,lambda_initial_10,10,132,138,3.2790575398528032,3.6288736930121135,7,False,False
43001,lambda_initial_10,11,138,146,3.6288736930121135,4.016008904932641,4,False,False
43001,lambda_initial_10,12,146,154,4.016008904932641,4.444444444444441,5,False,False
43001,lambda_initial_10,13,154,162,4.444444444444441,2.9629629629629606,5,True,False
43001,lambda_initial_10,14,162,168,2.9629629629629606,3.279057539852802,5,False,False
43001,lambda_initial_10,15,168,174,3.279057539852802,3.628873693012112,4,False,False
43001,lambda_initial_10,16,174,182,3.628873693012112,4.016008904932639,3,False,False
43001,lambda_initial_10,17,182,190,4.016008904932639,4.444444444444439,5,False,False
43001,lambda_initial_10,18,190,198,4.444444444444439,4.918586309779201,3,False,False
43001,lambda_initial_10,19,198,208,4.918586309779201,5.4433105395181665,5,False,False
43001,lambda_initial_10,20,208,218,5.4433105395181665,6.024013357398957,3,False,False
43001,lambda_initial_10,21,218,230,6.024013357398957,4.0160089049326375,7,True,False
43001,lambda_initial_10,22,230,238,4.0160089049326375,4.4444444444444375,4,False,False
43001,lambda_initial_10,23,238,246,4.4444444444444375,4.918586309779199,5,False,False
43001,lambda_initial_10,24,246,256,4.918586309779199,5.443310539518164,7,False,False
43001,lambda_initial_10,25,256,266,5.443310539518164,6.024013357398954,11,False,False
43001,lambda_initial_10,26,266,278,6.024013357398954,6.666666666666654,4,False,False
43001,lambda_initial_10,27,278,292,6.666666666666654,4.444444444444436,4,True,False
43001,lambda_initial_10,28,292,300,4.444444444444436,4.918586309779197,4,False,False
43001,lambda_initial_10,29,300,310,4.918586309779197,5.443310539518162,5,False,False
43001,lambda_initial_10,30,310,320,5.443310539518162,6.024013357398952,3,False,False
43001,lambda_initial_10,31,320,332,6.024013357398952,6.666666666666651,2,False,False
43001,lambda_initial_10,32,332,346,6.666666666666651,7.377879464668792,11,False,False
43001,lambda_initial_10,33,346,360,7.377879464668792,8.16496580927724,5,False,False
43001,lambda_initial_10,34,360,376,8.16496580927724,9.036020036098424,11,False,False
43001,lambda_initial_10,35,376,394,9.036020036098424,9.999999999999973,4,False,False
43001,lambda_initial_10,36,394,400,9.999999999999973,11.066819197003186,11,False,True
43001,lambda_initial_20,1,50,90,20.0,13.333333333333334,21,True,False
43001,lambda_initial_20,2,90,116,13.333333333333334,8.88888888888889,11,True,False
43001,lambda_initial_20,3,116,134,8.88888888888889,9.837172619558414,10,False,False
43001,lambda_initial_20,4,134,154,9.837172619558414,10.886621079036345,13,False,False
43001,lambda_initial_20,5,154,176,10.886621079036345,12.048026714797928,14,False,False
43001,lambda_initial_20,6,176,200,12.048026714797928,13.333333333333329,12,False,False
43001,lambda_initial_20,7,200,226,13.333333333333329,14.755758929337615,12,False,False
43001,lambda_initial_20,8,226,256,14.755758929337615,16.32993161855451,11,False,False
43001,lambda_initial_20,9,256,288,16.32993161855451,10.88662107903634,9,True,False
43001,lambda_initial_20,10,288,310,10.88662107903634,7.257747386024227,9,True,False
43001,lambda_initial_20,11,310,324,7.257747386024227,4.838498257349484,8,True,False
43001,lambda_initial_20,12,324,334,4.838498257349484,3.225665504899656,5,True,False
43001,lambda_initial_20,13,334,340,3.225665504899656,3.569785693273458,2,False,False
43001,lambda_initial_20,14,340,348,3.569785693273458,2.3798571288489723,4,True,False
43001,lambda_initial_20,15,348,352,2.3798571288489723,1.586571419232648,2,True,False
43001,lambda_initial_20,16,352,356,1.586571419232648,1.7558299039780505,1,False,False
43001,lambda_initial_20,17,356,360,1.7558299039780505,1.94314520880166,3,False,False
43001,lambda_initial_20,18,360,364,1.94314520880166,2.1504436699331033,5,False,False
43001,lambda_initial_20,19,364,368,2.1504436699331033,1.4336291132887355,1,True,False
43001,lambda_initial_20,20,368,370,1.4336291132887355,1.5865714192326474,2,False,False
43001,lambda_initial_20,21,370,374,1.5865714192326474,1.7558299039780498,2,False,False
43001,lambda_initial_20,22,374,378,1.7558299039780498,1.1705532693187,2,True,False
43001,lambda_initial_20,23,378,380,1.1705532693187,1.2954301392011063,3,False,False
43001,lambda_initial_20,24,380,382,1.2954301392011063,1.4336291132887349,1,False,False
43001,lambda_initial_20,25,382,384,1.4336291132887349,1.5865714192326468,0,False,False
43001,lambda_initial_20,26,384,388,1.5865714192326468,1.7558299039780492,2,False,False
43001,lambda_initial_20,27,388,392,1.7558299039780492,1.9431452088016585,2,False,False
43001,lambda_initial_20,28,392,396,1.9431452088016585,2.1504436699331015,1,False,False
43001,lambda_initial_20,29,396,400,2.1504436699331015,2.379857128848969,0,False,False
43001,lambda_initial_40,1,50,130,40.0,26.666666666666668,40,True,False
43001,lambda_initial_40,2,130,184,26.666666666666668,17.77777777777778,29,True,False
43001,lambda_initial_40,3,184,220,17.77777777777778,11.851851851851853,20,True,False
43001,lambda_initial_40,4,220,244,11.851851851851853,7.901234567901235,17,True,False
43001,lambda_initial_40,5,244,260,7.901234567901235,8.744153439607478,6,False,False
43001,lambda_initial_40,6,260,278,8.744153439607478,9.676996514698972,10,False,False
43001,lambda_initial_40,7,278,298,9.676996514698972,10.709357079820379,10,False,False
43001,lambda_initial_40,8,298,320,10.709357079820379,11.851851851851846,10,False,False
43001,lambda_initial_40,9,320,344,11.851851851851846,13.116230159411211,9,False,False
43001,lambda_initial_40,10,344,370,13.116230159411211,14.515494772048452,16,False,False
43001,lambda_initial_40,11,370,400,14.515494772048452,9.676996514698969,13,True,False
43002,lambda_initial_1,1,50,52,1.0,1.0,3,True,False
43002,lambda_initial_1,2,52,54,1.0,1.1066819197003215,1,False,False
43002,lambda_initial_1,3,54,56,1.1066819197003215,1.2247448713915887,3,False,False
43002,lambda_initial_1,4,56,58,1.2247448713915887,1.3554030054147668,0,False,False
43002,lambda_initial_1,5,58,60,1.3554030054147668,1.4999999999999993,0,False,False
43002,lambda_initial_1,6,60,62,1.4999999999999993,1.6600228795504814,1,False,False
43002,lambda_initial_1,7,62,66,1.6600228795504814,1.106681919700321,2,True,False
43002,lambda_initial_1,8,66,68,1.106681919700321,1.2247448713915883,1,False,False
43002,lambda_initial_1,9,68,70,1.2247448713915883,1.3554030054147663,0,False,False
43002,lambda_initial_1,10,70,72,1.3554030054147663,1.499999999999999,2,False,False
43002,lambda_initial_1,11,72,74,1.499999999999999,1.660022879550481,1,False,False
43002,lambda_initial_1,12,74,78,1.660022879550481,1.8371173070873819,1,False,False
43002,lambda_initial_1,13,78,82,1.8371173070873819,1.2247448713915878,1,True,False
43002,lambda_initial_1,14,82,84,1.2247448713915878,1.3554030054147657,2,False,False
43002,lambda_initial_1,15,84,86,1.3554030054147657,1.499999999999998,2,False,False
43002,lambda_initial_1,16,86,88,1.499999999999998,1.6600228795504801,3,False,False
43002,lambda_initial_1,17,88,92,1.6600228795504801,1.1066819197003201,3,True,False
43002,lambda_initial_1,18,92,94,1.1066819197003201,1.2247448713915874,1,False,False
43002,lambda_initial_1,19,94,96,1.2247448713915874,1.3554030054147652,0,False,False
43002,lambda_initial_1,20,96,98,1.3554030054147652,1.4999999999999976,0,False,False
43002,lambda_initial_1,21,98,100,1.4999999999999976,1.6600228795504794,2,False,False
43002,lambda_initial_1,22,100,104,1.6600228795504794,1.83711730708738,1,False,False
43002,lambda_initial_1,23,104,108,1.83711730708738,2.033104508122147,1,False,False
43002,lambda_initial_1,24,108,112,2.033104508122147,2.249999999999995,1,False,False
43002,lambda_initial_1,25,112,116,2.249999999999995,2.490034319325718,4,False,False
43002,lambda_initial_1,26,116,120,2.490034319325718,1.6600228795504786,1,True,False
43002,lambda_initial_1,27,120,124,1.6600228795504786,1.8371173070873792,0,False,False
43002,lambda_initial_1,28,124,128,1.8371173070873792,2.033104508122146,1,False,False
43002,lambda_initial_1,29,128,132,2.033104508122146,1.3554030054147639,3,True,False
43002,lambda_initial_1,30,132,134,1.3554030054147639,1.4999999999999962,2,False,False
43002,lambda_initial_1,31,134,136,1.4999999999999962,1.6600228795504781,4,False,False
43002,lambda_initial_1,32,136,140,1.6600228795504781,1.8371173070873787,3,False,False
43002,lambda_initial_1,33,140,144,1.8371173070873787,2.0331045081221455,1,False,False
43002,lambda_initial_1,34,144,148,2.0331045081221455,2.249999999999994,1,False,False
43002,lambda_initial_1,35,148,152,2.249999999999994,2.4900343193257166,7,False,False
43002,lambda_initial_1,36,152,156,2.4900343193257166,2.7556759606310672,2,False,False
43002,lambda_initial_1,37,156,162,2.7556759606310672,3.049656762183217,0,False,False
43002,lambda_initial_1,38,162,168,3.049656762183217,2.0331045081221446,3,True,False
43002,lambda_initial_1,39,168,172,2.0331045081221446,2.249999999999993,3,False,False
43002,lambda_initial_1,40,172,176,2.249999999999993,1.4999999999999953,4,True,False
43002,lambda_initial_1,41,176,178,1.4999999999999953,1.660022879550477,1,False,False
43002,lambda_initial_1,42,178,182,1.660022879550477,1.106681919700318,3,True,False
43002,lambda_initial_1,43,182,184,1.106681919700318,1.224744871391585,1,False,False
43002,lambda_initial_1,44,184,186,1.224744871391585,1.3554030054147626,1,False,False
43002,lambda_initial_1,45,186,188,1.3554030054147626,1.4999999999999947,2,False,False
43002,lambda_initial_1,46,188,190,1.4999999999999947,1.6600228795504763,2,False,False
43002,lambda_initial_1,47,190,194,1.6600228795504763,1.8371173070873767,2,False,False
43002,lambda_initial_1,48,194,198,1.8371173070873767,2.0331045081221433,3,False,False
43002,lambda_initial_1,49,198,202,2.0331045081221433,2.2499999999999916,2,False,False
43002,lambda_initial_1,50,202,206,2.2499999999999916,2.490034319325714,4,False,False
43002,lambda_initial_1,51,206,210,2.490034319325714,2.7556759606310646,3,False,False
43002,lambda_initial_1,52,210,216,2.7556759606310646,3.049656762183214,3,False,False
43002,lambda_initial_1,53,216,222,3.049656762183214,3.3749999999999862,4,False,False
43002,lambda_initial_1,54,222,228,3.3749999999999862,3.7350514789885696,4,False,False
43002,lambda_initial_1,55,228,236,3.7350514789885696,4.133513940946595,5,False,False
43002,lambda_initial_1,56,236,244,4.133513940946595,4.574485143274819,7,False,False
43002,lambda_initial_1,57,244,254,4.574485143274819,5.062499999999977,7,False,False
43002,lambda_initial_1,58,254,264,5.062499999999977,5.6025772184828515,5,False,False
43002,lambda_initial_1,59,264,276,5.6025772184828515,6.2002709114198895,4,False,False
43002,lambda_initial_1,60,276,288,6.2002709114198895,6.8617277149122256,7,False,False
43002,lambda_initial_1,61,288,302,6.8617277149122256,4.574485143274817,6,True,False
43002,lambda_initial_1,62,302,312,4.574485143274817,3.0496567621832114,6,True,False
43002,lambda_initial_1,63,312,318,3.0496567621832114,3.374999999999983,0,False,False
43002,lambda_initial_1,64,318,324,3.374999999999983,3.7350514789885665,3,False,False
43002,lambda_initial_1,65,324,332,3.7350514789885665,2.490034319325711,4,True,False
43002,lambda_initial_1,66,332,336,2.490034319325711,2.755675960631061,5,False,False
43002,lambda_initial_1,67,336,342,2.755675960631061,3.04965676218321,3,False,False
43002,lambda_initial_1,68,342,348,3.04965676218321,3.374999999999982,1,False,False
43002,lambda_initial_1,69,348,354,3.374999999999982,3.7350514789885647,5,False,False
43002,lambda_initial_1,70,354,362,3.7350514789885647,4.13351394094659,4,False,False
43002,lambda_initial_1,71,362,370,4.13351394094659,2.7556759606310597,3,True,False
43002,lambda_initial_1,72,370,376,2.7556759606310597,3.0496567621832087,2,False,False
43002,lambda_initial_1,73,376,382,3.0496567621832087,3.37499999999998,6,False,False
43002,lambda_initial_1,74,382,388,3.37499999999998,3.735051478988563,3,False,False
43002,lambda_initial_1,75,388,396,3.735051478988563,4.133513940946588,6,False,False
43002,lambda_initial_1,76,396,400,4.133513940946588,4.574485143274811,4,False,True
43002,lambda_initial_5,1,50,60,5.0,3.3333333333333335,9,True,False
43002,lambda_initial_5,2,60,66,3.3333333333333335,2.2222222222222223,1,True,False
43002,lambda_initial_5,3,66,70,2.2222222222222223,2.4592931548896035,5,False,False
43002,lambda_initial_5,4,70,74,2.4592931548896035,2.7216552697590863,2,False,False
43002,lambda_initial_5,5,74,80,2.7216552697590863,3.012006678699482,2,False,False
43002,lambda_initial_5,6,80,86,3.012006678699482,3.333333333333332,4,False,False
43002,lambda_initial_5,7,86,92,3.333333333333332,2.2222222222222214,5,True,False
43002,lambda_initial_5,8,92,96,2.2222222222222214,2.459293154889602,2,False,False
43002,lambda_initial_5,9,96,100,2.459293154889602,2.721655269759085,2,False,False
43002,lambda_initial_5,10,100,106,2.721655269759085,3.0120066786994806,1,False,False
43002,lambda_initial_5,11,106,112,3.0120066786994806,3.3333333333333304,3,False,False
43002,lambda_initial_5,12,112,118,3.3333333333333304,3.6889397323344015,2,False,False
43002,lambda_initial_5,13,118,126,3.6889397323344015,4.082482904638626,3,False,False
43002,lambda_initial_5,14,126,134,4.082482904638626,4.518010018049219,4,False,False
43002,lambda_initial_5,15,134,144,4.518010018049219,4.999999999999994,6,False,False
43002,lambda_initial_5,16,144,154,4.999999999999994,5.533409598501601,3,False,False
43002,lambda_initial_5,17,154,166,5.533409598501601,6.123724356957937,3,False,False
43002,lambda_initial_5,18,166,178,6.123724356957937,6.777015027073826,4,False,False
43002,lambda_initial_5,19,178,192,6.777015027073826,4.5180100180492175,12,True,False
43002,lambda_initial_5,20,192,202,4.5180100180492175,4.999999999999992,4,False,False
43002,lambda_initial_5,21,202,212,4.999999999999992,5.533409598501598,9,False,False
43002,lambda_initial_5,22,212,224,5.533409598501598,6.123724356957934,3,False,False
43002,lambda_initial_5,23,224,236,6.123724356957934,6.777015027073823,8,False,False
43002,lambda_initial_5,24,236,250,6.777015027073823,7.499999999999984,4,False,False
43002,lambda_initial_5,25,250,264,7.499999999999984,8.300114397752393,6,False,False
43002,lambda_initial_5,26,264,280,8.300114397752393,9.185586535436897,7,False,False
43002,lambda_initial_5,27,280,298,9.185586535436897,10.16552254061073,12,False,False
43002,lambda_initial_5,28,298,318,10.16552254061073,11.249999999999973,8,False,False
43002,lambda_initial_5,29,318,340,11.249999999999973,12.450171596628588,14,False,False
43002,lambda_initial_5,30,340,364,12.450171596628588,13.778379803155342,13,False,False
43002,lambda_initial_5,31,364,392,13.778379803155342,15.248283810916092,10,False,False
43002,lambda_initial_5,32,392,400,15.248283810916092,16.874999999999954,13,False,True
43002,lambda_initial_10,1,50,70,10.0,6.666666666666667,15,True,False
43002,lambda_initial_10,2,70,84,6.666666666666667,7.37787946466881,7,False,False
43002,lambda_initial_10,3,84,98,7.37787946466881,8.164965809277259,7,False,False
43002,lambda_initial_10,4,98,114,8.164965809277259,9.036020036098446,7,False,False
43002,lambda_initial_10,5,114,132,9.036020036098446,9.999999999999996,3,False,False
43002,lambda_initial_10,6,132,152,9.999999999999996,11.06681919700321,9,False,False
43002,lambda_initial_10,7,152,174,11.06681919700321,12.247448713915883,8,False,False
43002,lambda_initial_10,8,174,198,12.247448713915883,8.164965809277255,10,True,False
43002,lambda_initial_10,9,198,214,8.164965809277255,5.44331053951817,10,True,False
43002,lambda_initial_10,10,214,224,5.44331053951817,6.024013357398961,7,False,False
43002,lambda_initial_10,11,224,236,6.024013357398961,6.666666666666661,7,False,False
43002,lambda_initial_10,12,236,250,6.666666666666661,7.377879464668803,5,False,False
43002,lambda_initial_10,13,250,264,7.377879464668803,8.164965809277252,10,False,False
43002,lambda_initial_10,14,264,280,8.164965809277252,9.036020036098439,3,False,False
43002,lambda_initial_10,15,280,298,9.036020036098439,9.999999999999988,9,False,False
43002,lambda_initial_10,16,298,318,9.999999999999988,11.066819197003202,8,False,False
43002,lambda_initial_10,17,318,340,11.066819197003202,12.247448713915874,6,False,False
43002,lambda_initial_10,18,340,364,12.247448713915874,13.554030054147653,14,False,False
43002,lambda_initial_10,19,364,392,13.554030054147653,14.999999999999977,11,False,False
43002,lambda_initial_10,20,392,400,14.999999999999977,16.600228795504798,14,False,True
43002,lambda_initial_20,1,50,90,20.0,13.333333333333334,26,True,False
43002,lambda_initial_20,2,90,116,13.333333333333334,14.75575892933762,17,False,False
43002,lambda_initial_20,3,116,146,14.75575892933762,16.329931618554518,14,False,False
43002,lambda_initial_20,4,146,178,16.329931618554518,10.886621079036345,13,True,False
43002,lambda_initial_20,5,178,200,10.886621079036345,12.048026714797928,9,False,False
43002,lambda_initial_20,6,200,224,12.048026714797928,8.032017809865286,12,True,False
43002,lambda_initial_20,7,224,240,8.032017809865286,5.35467853991019,3,True,False
43002,lambda_initial_20,8,240,250,5.35467853991019,5.925925925925924,5,False,False
43002,lambda_initial_20,9,250,262,5.925925925925924,3.9506172839506157,9,True,False
43002,lambda_initial_20,10,262,270,3.9506172839506157,2.6337448559670773,3,True,False
43002,lambda_initial_20,11,270,276,2.6337448559670773,1.7558299039780516,1,True,False
43002,lambda_initial_20,12,276,280,1.7558299039780516,1.9431452088016612,1,False,False
43002,lambda_initial_20,13,280,284,1.9431452088016612,2.1504436699331047,2,False,False
43002,lambda_initial_20,14,284,288,2.1504436699331047,2.3798571288489727,2,False,False
43002,lambda_initial_20,15,288,292,2.3798571288489727,2.6337448559670764,2,False,False
43002,lambda_initial_20,16,292,298,2.6337448559670764,2.9147178132024907,1,False,False
43002,lambda_initial_20,17,298,304,2.9147178132024907,3.225665504899655,2,False,False
43002,lambda_initial_20,18,304,310,3.225665504899655,3.5697856932734573,3,False,False
43002,lambda_initial_20,19,310,318,3.5697856932734573,3.9506172839506126,1,False,False
43002,lambda_initial_20,20,318,326,3.9506172839506126,4.372076719803734,3,False,False
43002,lambda_initial_20,21,326,334,4.372076719803734,4.838498257349481,5,False,False
43002,lambda_initial_20,22,334,344,4.838498257349481,5.354678539910184,8,False,False
43002,lambda_initial_20,23,344,354,5.354678539910184,5.925925925925917,5,False,False
43002,lambda_initial_20,24,354,366,5.925925925925917,6.5581150797055985,7,False,False
43002,lambda_initial_20,25,366,380,6.5581150797055985,7.257747386024219,7,False,False
43002,lambda_initial_20,26,380,394,7.257747386024219,8.032017809865273,10,False,False
43002,lambda_initial_20,27,394,400,8.032017809865273,8.888888888888872,5,False,True
43002,lambda_initial_40,1,50,130,40.0,26.666666666666668,40,True,False
43002,lambda_initial_40,2,130,184,26.666666666666668,29.51151785867524,28,False,False
43002,lambda_initial_40,3,184,244,29.51151785867524,19.67434523911683,32,True,False
43002,lambda_initial_40,4,244,284,19.67434523911683,13.116230159411218,22,True,False
43002,lambda_initial_40,5,284,310,13.116230159411218,8.744153439607478,9,True,False
43002,lambda_initial_40,6,310,328,8.744153439607478,9.676996514698972,10,False,False
43002,lambda_initial_40,7,328,348,9.676996514698972,6.451331009799315,7,True,False
43002,lambda_initial_40,8,348,360,6.451331009799315,4.30088733986621,4,True,False
43002,lambda_initial_40,9,360,368,4.30088733986621,2.8672582265774733,4,True,False
43002,lambda_initial_40,10,368,374,2.8672582265774733,3.1731428384652975,3,False,False
43002,lambda_initial_40,11,374,380,3.1731428384652975,3.5116598079561028,4,False,False
43002,lambda_initial_40,12,380,388,3.5116598079561028,3.886290417603322,3,False,False
43002,lambda_initial_40,13,388,396,3.886290417603322,4.300887339866208,3,False,False
43002,lambda_initial_40,14,396,400,4.300887339866208,4.7597142576979445,2,False,True
43003,lambda_initial_1,1,50,52,1.0,1.1066819197003215,0,False,False
43003,lambda_initial_1,2,52,54,1.1066819197003215,1.2247448713915887,1,False,False
43003,lambda_initial_1,3,54,56,1.2247448713915887,1.3554030054147668,1,False,False
43003,lambda_initial_1,4,56,58,1.3554030054147668,1.4999999999999993,2,False,False
43003,lambda_initial_1,5,58,60,1.4999999999999993,1.6600228795504814,1,False,False
43003,lambda_initial_1,6,60,64,1.6600228795504814,1.8371173070873823,4,False,False
43003,lambda_initial_1,7,64,68,1.8371173070873823,2.033104508122149,1,False,False
43003,lambda_initial_1,8,68,72,2.033104508122149,2.249999999999998,0,False,False
43003,lambda_initial_1,9,72,76,2.249999999999998,2.490034319325721,2,False,False
43003,lambda_initial_1,10,76,80,2.490034319325721,2.755675960631072,3,False,False
43003,lambda_initial_1,11,80,86,2.755675960631072,3.0496567621832225,2,False,False
43003,lambda_initial_1,12,86,92,3.0496567621832225,3.3749999999999956,2,False,False
43003,lambda_initial_1,13,92,98,3.3749999999999956,3.7350514789885803,4,False,False
43003,lambda_initial_1,14,98,106,3.7350514789885803,2.49003431932572,3,True,False
43003,lambda_initial_1,15,106,110,2.49003431932572,1.6600228795504801,2,True,False
43003,lambda_initial_1,16,110,114,1.6600228795504801,1.837117307087381,1,False,False
43003,lambda_initial_1,17,114,118,1.837117307087381,2.0331045081221477,0,False,False
43003,lambda_initial_1,18,118,122,2.0331045081221477,2.2499999999999964,4,False,False
43003,lambda_initial_1,19,122,126,2.2499999999999964,1.4999999999999976,3,True,False
43003,lambda_initial_1,20,126,128,1.4999999999999976,1.6600228795504794,5,False,False
43003,lambda_initial_1,21,128,132,1.6600228795504794,1.83711730708738,1,False,False
43003,lambda_initial_1,22,132,136,1.83711730708738,2.033104508122147,1,False,False
43003,lambda_initial_1,23,136,140,2.033104508122147,2.249999999999995,1,False,False
43003,lambda_initial_1,24,140,144,2.249999999999995,2.490034319325718,4,False,False
43003,lambda_initial_1,25,144,148,2.490034319325718,2.755675960631069,3,False,False
43003,lambda_initial_1,26,148,154,2.755675960631069,3.049656762183219,3,False,False
43003,lambda_initial_1,27,154,160,3.049656762183219,2.033104508122146,1,True,False
43003,lambda_initial_1,28,160,164,2.033104508122146,2.2499999999999942,2,False,False
43003,lambda_initial_1,29,164,168,2.2499999999999942,1.4999999999999962,1,True,False
43003,lambda_initial_1,30,168,170,1.4999999999999962,1.6600228795504781,0,False,False
43003,lambda_initial_1,31,170,174,1.6600228795504781,1.8371173070873787,1,False,False
43003,lambda_initial_1,32,174,178,1.8371173070873787,2.0331045081221455,3,False,False
43003,lambda_initial_1,33,178,182,2.0331045081221455,1.3554030054147637,4,True,False
43003,lambda_initial_1,34,182,184,1.3554030054147637,1.4999999999999958,2,False,False
43003,lambda_initial_1,35,184,186,1.4999999999999958,1.6600228795504774,3,False,False
43003,lambda_initial_1,36,186,190,1.6600228795504774,1.1066819197003184,1,True,False
43003,lambda_initial_1,37,190,192,1.1066819197003184,1.2247448713915854,0,False,False
43003,lambda_initial_1,38,192,194,1.2247448713915854,1.355403005414763,2,False,False
43003,lambda_initial_1,39,194,196,1.355403005414763,1.4999999999999951,4,False,False
43003,lambda_initial_1,40,196,198,1.4999999999999951,1.6600228795504768,0,False,False
43003,lambda_initial_1,41,198,202,1.6600228795504768,1.8371173070873772,0,False,False
43003,lambda_initial_1,42,202,206,1.8371173070873772,2.0331045081221437,2,False,False
43003,lambda_initial_1,43,206,210,2.0331045081221437,2.249999999999992,2,False,False
43003,lambda_initial_1,44,210,214,2.249999999999992,2.4900343193257144,0,False,False
43003,lambda_initial_1,45,214,218,2.4900343193257144,2.755675960631065,2,False,False
43003,lambda_initial_1,46,218,224,2.755675960631065,3.0496567621832145,1,False,False
43003,lambda_initial_1,47,224,230,3.0496567621832145,3.3749999999999867,4,False,False
43003,lambda_initial_1,48,230,236,3.3749999999999867,3.73505147898857,3,False,False
43003,lambda_initial_1,49,236,244,3.73505147898857,4.133513940946596,3,False,False
43003,lambda_initial_1,50,244,252,4.133513940946596,4.57448514327482,3,False,False
43003,lambda_initial_1,51,252,262,4.57448514327482,5.062499999999978,3,False,False
43003,lambda_initial_1,52,262,272,5.062499999999978,5.602577218482853,9,False,False
43003,lambda_initial_1,53,272,284,5.602577218482853,6.200270911419891,9,False,False
43003,lambda_initial_1,54,284,296,6.200270911419891,6.861727714912227,4,False,False
43003,lambda_initial_1,55,296,310,6.861727714912227,7.593749999999964,3,False,False
43003,lambda_initial_1,56,310,326,7.593749999999964,8.403865827724276,4,False,False
43003,lambda_initial_1,57,326,342,8.403865827724276,9.300406367129833,2,False,False
43003,lambda_initial_1,58,342,360,9.300406367129833,10.292591572368336,6,False,False
43003,lambda_initial_1,59,360,380,10.292591572368336,11.39062499999994,9,False,False
43003,lambda_initial_1,60,380,400,11.39062499999994,12.605798741586408,9,False,True
43003,lambda_initial_5,1,50,60,5.0,5.533409598501607,2,False,False
43003,lambda_initial_5,2,60,72,5.533409598501607,6.123724356957943,9,False,False
43003,lambda_initial_5,3,72,84,6.123724356957943,6.777015027073833,12,False,False
43003,lambda_initial_5,4,84,98,6.777015027073833,4.518010018049222,7,True,False
43003,lambda_initial_5,5,98,108,4.518010018049222,4.999999999999997,7,False,False
43003,lambda_initial_5,6,108,118,4.999999999999997,3.3333333333333317,3,True,False
43003,lambda_initial_5,7,118,124,3.3333333333333317,3.6889397323344033,2,False,False
43003,lambda_initial_5,8,124,132,3.6889397323344033,4.082482904638628,3,False,False
43003,lambda_initial_5,9,132,140,4.082482904638628,4.518010018049221,5,False,False
43003,lambda_initial_5,10,140,150,4.518010018049221,3.0120066786994806,4,True,False
43003,lambda_initial_5,11,150,156,3.0120066786994806,3.3333333333333304,4,False,False
43003,lambda_initial_5,12,156,162,3.3333333333333304,2.22222222222222,2,True,False
43003,lambda_initial_5,13,162,166,2.22222222222222,2.459293154889601,2,False,False
43003,lambda_initial_5,14,166,170,2.459293154889601,2.7216552697590837,3,False,False
43003,lambda_initial_5,15,170,176,2.7216552697590837,3.0120066786994792,2,False,False
43003,lambda_initial_5,16,176,182,3.0120066786994792,3.333333333333329,6,False,False
43003,lambda_initial_5,17,182,188,3.333333333333329,3.6889397323344,3,False,False
43003,lambda_initial_5,18,188,196,3.6889397323344,4.082482904638624,4,False,False
43003,lambda_initial_5,19,196,204,4.082482904638624,4.518010018049217,2,False,False
43003,lambda_initial_5,20,204,214,4.518010018049217,4.999999999999991,5,False,False
43003,lambda_initial_5,21,214,224,4.999999999999991,5.533409598501597,6,False,False
43003,lambda_initial_5,22,224,236,5.533409598501597,6.123724356957933,5,False,False
43003,lambda_initial_5,23,236,248,6.123724356957933,6.777015027073822,3,False,False
43003,lambda_initial_5,24,248,262,6.777015027073822,7.499999999999983,8,False,False
43003,lambda_initial_5,25,262,276,7.499999999999983,8.300114397752392,6,False,False
43003,lambda_initial_5,26,276,292,8.300114397752392,9.185586535436894,13,False,False
43003,lambda_initial_5,27,292,310,9.185586535436894,10.165522540610727,9,False,False
43003,lambda_initial_5,28,310,330,10.165522540610727,11.249999999999968,7,False,False
43003,lambda_initial_5,29,330,352,11.249999999999968,12.45017159662858,11,False,False
43003,lambda_initial_5,30,352,376,12.45017159662858,13.778379803155334,14,False,False
43003,lambda_initial_5,31,376,400,13.778379803155334,15.248283810916082,17,False,True
43003,lambda_initial_10,1,50,70,10.0,6.666666666666667,6,True,False
43003,lambda_initial_10,2,70,84,6.666666666666667,7.37787946466881,5,False,False
43003,lambda_initial_10,3,84,98,7.37787946466881,8.164965809277259,8,False,False
43003,lambda_initial_10,4,98,114,8.164965809277259,9.036020036098446,5,False,False
43003,lambda_initial_10,5,114,132,9.036020036098446,9.999999999999996,8,False,False
43003,lambda_initial_10,6,132,152,9.999999999999996,6.666666666666664,9,True,False
43003,lambda_initial_10,7,152,166,6.666666666666664,7.3778794646688075,8,False,False
43003,lambda_initial_10,8,166,180,7.3778794646688075,4.918586309779205,7,True,False
43003,lambda_initial_10,9,180,190,4.918586309779205,5.443310539518171,5,False,False
43003,lambda_initial_10,10,190,200,5.443310539518171,6.024013357398962,4,False,False
43003,lambda_initial_10,11,200,212,6.024013357398962,4.016008904932641,8,True,False
43003,lambda_initial_10,12,212,220,4.016008904932641,4.444444444444441,4,False,False
43003,lambda_initial_10,13,220,228,4.444444444444441,4.918586309779203,3,False,False
43003,lambda_initial_10,14,228,238,4.918586309779203,3.279057539852802,2,True,False
43003,lambda_initial_10,15,238,244,3.279057539852802,3.628873693012112,6,False,False
43003,lambda_initial_10,16,244,252,3.628873693012112,4.016008904932639,6,False,False
43003,lambda_initial_10,17,252,260,4.016008904932639,4.444444444444439,4,False,False
43003,lambda_initial_10,18,260,268,4.444444444444439,4.918586309779201,6,False,False
43003,lambda_initial_10,19,268,278,4.918586309779201,5.4433105395181665,3,False,False
43003,lambda_initial_10,20,278,288,5.4433105395181665,6.024013357398957,3,False,False
43003,lambda_initial_10,21,288,300,6.024013357398957,6.666666666666656,3,False,False
43003,lambda_initial_10,22,300,314,6.666666666666656,4.4444444444444375,10,True,False
43003,lambda_initial_10,23,314,322,4.4444444444444375,4.918586309779199,7,False,False
43003,lambda_initial_10,24,322,332,4.918586309779199,5.443310539518164,5,False,False
43003,lambda_initial_10,25,332,342,5.443310539518164,6.024013357398954,6,False,False
43003,lambda_initial_10,26,342,354,6.024013357398954,6.666666666666654,4,False,False
43003,lambda_initial_10,27,354,368,6.666666666666654,4.444444444444436,5,True,False
43003,lambda_initial_10,28,368,376,4.444444444444436,2.962962962962957,2,True,False
43003,lambda_initial_10,29,376,382,2.962962962962957,3.279057539852798,3,False,False
43003,lambda_initial_10,30,382,388,3.279057539852798,3.6288736930121077,4,False,False
43003,lambda_initial_10,31,388,396,3.6288736930121077,2.4192491286747386,5,True,False
43003,lambda_initial_10,32,396,400,2.4192491286747386,2.6773392699550898,3,False,False
43003,lambda_initial_20,1,50,90,20.0,13.333333333333334,15,True,False
43003,lambda_initial_20,2,90,116,13.333333333333334,8.88888888888889,15,True,False
43003,lambda_initial_20,3,116,134,8.88888888888889,5.9259259259259265,12,True,False
43003,lambda_initial_20,4,134,146,5.9259259259259265,6.558115079705609,6,False,False
43003,lambda_initial_20,5,146,160,6.558115079705609,7.2577473860242305,5,False,False
43003,lambda_initial_20,6,160,174,7.2577473860242305,8.032017809865286,4,False,False
43003,lambda_initial_20,7,174,190,8.032017809865286,8.888888888888886,6,False,False
43003,lambda_initial_20,8,190,208,8.888888888888886,9.837172619558409,9,False,False
43003,lambda_initial_20,9,208,228,9.837172619558409,6.558115079705606,9,True,False
43003,lambda_initial_20,10,228,242,6.558115079705606,4.372076719803737,6,True,False
43003,lambda_initial_20,11,242,250,4.372076719803737,4.838498257349484,6,False,False
43003,lambda_initial_20,12,250,260,4.838498257349484,5.3546785399101875,3,False,False
43003,lambda_initial_20,13,260,270,5.3546785399101875,5.925925925925921,7,False,False
43003,lambda_initial_20,14,270,282,5.925925925925921,3.950617283950614,7,True,False
43003,lambda_initial_20,15,282,290,3.950617283950614,4.372076719803736,3,False,False
43003,lambda_initial_20,16,290,298,4.372076719803736,4.838498257349483,7,False,False
43003,lambda_initial_20,17,298,308,4.838498257349483,5.354678539910186,1,False,False
43003,lambda_initial_20,18,308,318,5.354678539910186,5.9259259259259185,4,False,False
43003,lambda_initial_20,19,318,330,5.9259259259259185,6.5581150797056,7,False,False
43003,lambda_initial_20,20,330,344,6.5581150797056,7.257747386024221,8,False,False
43003,lambda_initial_20,21,344,358,7.257747386024221,8.032017809865275,7,False,False
43003,lambda_initial_20,22,358,374,8.032017809865275,8.888888888888875,7,False,False
43003,lambda_initial_20,23,374,392,8.888888888888875,9.837172619558398,9,False,False
43003,lambda_initial_20,24,392,400,9.837172619558398,6.5581150797055985,10,True,True
43003,lambda_initial_40,1,50,130,40.0,26.666666666666668,40,True,False
43003,lambda_initial_40,2,130,184,26.666666666666668,29.51151785867524,21,False,False
43003,lambda_initial_40,3,184,244,29.51151785867524,32.659863237109036,34,False,False
43003,lambda_initial_40,4,244,310,32.659863237109036,36.14408014439378,35,False,False
43003,lambda_initial_40,5,310,382,36.14408014439378,24.096053429595855,38,True,False
43003,lambda_initial_40,6,382,400,24.096053429595855,16.06403561973057,22,True,True
43004,lambda_initial_1,1,50,52,1.0,1.1066819197003215,1,False,False
43004,lambda_initial_1,2,52,54,1.1066819197003215,1.2247448713915887,0,False,False
43004,lambda_initial_1,3,54,56,1.2247448713915887,1.3554030054147668,2,False,False
43004,lambda_initial_1,4,56,58,1.3554030054147668,1.4999999999999993,2,False,False
43004,lambda_initial_1,5,58,60,1.4999999999999993,1.0,1,True,False
43004,lambda_initial_1,6,60,62,1.0,1.1066819197003215,0,False,False
43004,lambda_initial_1,7,62,64,1.1066819197003215,1.2247448713915887,0,False,False
43004,lambda_initial_1,8,64,66,1.2247448713915887,1.3554030054147668,0,False,False
43004,lambda_initial_1,9,66,68,1.3554030054147668,1.4999999999999993,1,False,False
43004,lambda_initial_1,10,68,70,1.4999999999999993,1.6600228795504814,1,False,False
43004,lambda_initial_1,11,70,74,1.6600228795504814,1.8371173070873823,0,False,False
43004,lambda_initial_1,12,74,78,1.8371173070873823,2.033104508122149,3,False,False
43004,lambda_initial_1,13,78,82,2.033104508122149,2.249999999999998,0,False,False
43004,lambda_initial_1,14,82,86,2.249999999999998,2.490034319325721,2,False,False
43004,lambda_initial_1,15,86,90,2.490034319325721,2.755675960631072,0,False,False
43004,lambda_initial_1,16,90,96,2.755675960631072,3.0496567621832225,3,False,False
43004,lambda_initial_1,17,96,102,3.0496567621832225,3.3749999999999956,2,False,False
43004,lambda_initial_1,18,102,108,3.3749999999999956,3.7350514789885803,5,False,False
43004,lambda_initial_1,19,108,116,3.7350514789885803,4.133513940946607,3,False,False
43004,lambda_initial_1,20,116,124,4.133513940946607,4.574485143274832,3,False,False
43004,lambda_initial_1,21,124,134,4.574485143274832,5.062499999999991,2,False,False
43004,lambda_initial_1,22,134,144,5.062499999999991,5.6025772184828675,7,False,False
43004,lambda_initial_1,23,144,156,5.6025772184828675,6.200270911419907,2,False,False
43004,lambda_initial_1,24,156,168,6.200270911419907,4.133513940946605,13,True,False
43004,lambda_initial_1,25,168,176,4.133513940946605,4.57448514327483,4,False,False
43004,lambda_initial_1,26,176,186,4.57448514327483,5.062499999999989,3,False,False
43004,lambda_initial_1,27,186,196,5.062499999999989,5.602577218482866,5,False,False
43004,lambda_initial_1,28,196,208,5.602577218482866,6.2002709114199055,5,False,False
43004,lambda_initial_1,29,208,220,6.2002709114199055,6.861727714912243,6,False,False
43004,lambda_initial_1,30,220,234,6.861727714912243,7.593749999999981,10,False,False
43004,lambda_initial_1,31,234,250,7.593749999999981,5.062499999999988,10,True,False
43004,lambda_initial_1,32,250,260,5.062499999999988,5.602577218482864,5,False,False
43004,lambda_initial_1,33,260,272,5.602577218482864,6.200270911419904,11,False,False
43004,lambda_initial_1,34,272,284,6.200270911419904,6.861727714912241,6,False,False
43004,lambda_initial_1,35,284,298,6.861727714912241,7.593749999999979,5,False,False
43004,lambda_initial_1,36,298,314,7.593749999999979,8.403865827724292,7,False,False
43004,lambda_initial_1,37,314,330,8.403865827724292,9.30040636712985,6,False,False
43004,lambda_initial_1,38,330,348,9.30040636712985,10.292591572368355,7,False,False
43004,lambda_initial_1,39,348,368,10.292591572368355,11.390624999999961,13,False,False
43004,lambda_initial_1,40,368,390,11.390624999999961,12.605798741586431,12,False,False
43004,lambda_initial_1,41,390,400,12.605798741586431,13.950609550694768,14,False,True
43004,lambda_initial_5,1,50,60,5.0,5.533409598501607,4,False,False
43004,lambda_initial_5,2,60,72,5.533409598501607,3.6889397323344046,4,True,False
43004,lambda_initial_5,3,72,80,3.6889397323344046,2.459293154889603,4,True,False
43004,lambda_initial_5,4,80,84,2.459293154889603,1.639528769926402,2,True,False
43004,lambda_initial_5,5,84,88,1.639528769926402,1.8144368465060574,1,False,False
43004,lambda_initial_5,6,88,92,1.8144368465060574,2.008004452466321,3,False,False
43004,lambda_initial_5,7,92,96,2.008004452466321,1.3386696349775473,3,True,False
43004,lambda_initial_5,8,96,98,1.3386696349775473,1.4814814814814807,0,False,False
43004,lambda_initial_5,9,98,100,1.4814814814814807,1.6395287699264014,0,False,False
43004,lambda_initial_5,10,100,104,1.6395287699264014,1.8144368465060565,2,False,False
43004,lambda_initial_5,11,104,108,1.8144368465060565,2.00800445246632,2,False,False
43004,lambda_initial_5,12,108,112,2.00800445246632,2.22222222222222,2,False,False
43004,lambda_initial_5,13,112,116,2.22222222222222,2.459293154889601,4,False,False
43004,lambda_initial_5,14,116,120,2.459293154889601,2.7216552697590837,4,False,False
43004,lambda_initial_5,15,120,126,2.7216552697590837,3.0120066786994792,0,False,False
43004,lambda_initial_5,16,126,132,3.0120066786994792,3.333333333333329,6,False,False
43004,lambda_initial_5,17,132,138,3.333333333333329,3.6889397323344,4,False,False
43004,lambda_initial_5,18,138,146,3.6889397323344,4.082482904638624,3,False,False
43004,lambda_initial_5,19,146,154,4.082482904638624,2.721655269759083,4,True,False
43004,lambda_initial_5,20,154,160,2.721655269759083,1.8144368465060552,2,True,False
43004,lambda_initial_5,21,160,164,1.8144368465060552,2.0080044524663188,4,False,False
43004,lambda_initial_5,22,164,168,2.0080044524663188,2.2222222222222188,1,False,False
43004,lambda_initial_5,23,168,172,2.2222222222222188,2.4592931548895995,0,False,False
43004,lambda_initial_5,24,172,176,2.4592931548895995,2.721655269759082,2,False,False
43004,lambda_initial_5,25,176,182,2.721655269759082,3.012006678699477,4,False,False
43004,lambda_initial_5,26,182,188,3.012006678699477,3.333333333333327,1,False,False
43004,lambda_initial_5,27,188,194,3.333333333333327,3.6889397323343975,0,False,False
43004,lambda_initial_5,28,194,202,3.6889397323343975,4.0824829046386215,5,False,False
43004,lambda_initial_5,29,202,210,4.0824829046386215,4.518010018049214,5,False,False
43004,lambda_initial_5,30,210,220,4.518010018049214,4.9999999999999885,7,False,False
43004,lambda_initial_5,31,220,230,4.9999999999999885,5.533409598501595,3,False,False
43004,lambda_initial_5,32,230,242,5.533409598501595,6.12372435695793,8,False,False
43004,lambda_initial_5,33,242,254,6.12372435695793,6.777015027073818,5,False,False
43004,lambda_initial_5,34,254,268,6.777015027073818,7.49999999999998,7,False,False
43004,lambda_initial_5,35,268,282,7.49999999999998,8.300114397752388,6,False,False
43004,lambda_initial_5,36,282,298,8.300114397752388,9.18558653543689,8,False,False
43004,lambda_initial_5,37,298,316,9.18558653543689,10.165522540610723,11,False,False
43004,lambda_initial_5,38,316,336,10.165522540610723,6.777015027073816,12,True,False
43004,lambda_initial_5,39,336,350,6.777015027073816,7.499999999999976,12,False,False
43004,lambda_initial_5,40,350,364,7.499999999999976,8.300114397752385,4,False,False
43004,lambda_initial_5,41,364,380,8.300114397752385,9.185586535436887,8,False,False
43004,lambda_initial_5,42,380,398,9.185586535436887,10.165522540610718,8,False,False
43004,lambda_initial_5,43,398,400,10.165522540610718,11.24999999999996,7,False,True
43004,lambda_initial_10,1,50,70,10.0,6.666666666666667,9,True,False
43004,lambda_initial_10,2,70,84,6.666666666666667,7.37787946466881,8,False,False
43004,lambda_initial_10,3,84,98,7.37787946466881,8.164965809277259,5,False,False
43004,lambda_initial_10,4,98,114,8.164965809277259,9.036020036098446,9,False,False
43004,lambda_initial_10,5,114,132,9.036020036098446,9.999999999999996,6,False,False
43004,lambda_initial_10,6,132,152,9.999999999999996,11.06681919700321,5,False,False
43004,lambda_initial_10,7,152,174,11.06681919700321,12.247448713915883,9,False,False
43004,lambda_initial_10,8,174,198,12.247448713915883,13.554030054147663,18,False,False
43004,lambda_initial_10,9,198,226,13.554030054147663,9.036020036098442,13,True,False
43004,lambda_initial_10,10,226,244,9.036020036098442,9.999999999999993,6,False,False
43004,lambda_initial_10,11,244,264,9.999999999999993,11.066819197003207,13,False,False
43004,lambda_initial_10,12,264,286,11.066819197003207,12.24744871391588,19,False,False
43004,lambda_initial_10,13,286,310,12.24744871391588,13.55403005414766,16,False,False
43004,lambda_initial_10,14,310,338,13.55403005414766,14.999999999999984,16,False,False
43004,lambda_initial_10,15,338,368,14.999999999999984,16.600228795504805,13,False,False
43004,lambda_initial_10,16,368,400,16.600228795504805,18.371173070873812,11,False,True
43004,lambda_initial_20,1,50,90,20.0,13.333333333333334,19,True,False
43004,lambda_initial_20,2,90,116,13.333333333333334,8.88888888888889,13,True,False
43004,lambda_initial_20,3,116,134,8.88888888888889,9.837172619558414,5,False,False
43004,lambda_initial_20,4,134,154,9.837172619558414,6.558115079705609,17,True,False
43004,lambda_initial_20,5,154,168,6.558115079705609,7.2577473860242305,9,False,False
43004,lambda_initial_20,6,168,182,7.2577473860242305,8.032017809865286,7,False,False
43004,lambda_initial_20,7,182,198,8.032017809865286,8.888888888888886,7,False,False
43004,lambda_initial_20,8,198,216,8.888888888888886,9.837172619558409,7,False,False
43004,lambda_initial_20,9,216,236,9.837172619558409,6.558115079705606,10,True,False
43004,lambda_initial_20,10,236,250,6.558115079705606,4.372076719803737,7,True,False
43004,lambda_initial_20,11,250,258,4.372076719803737,4.838498257349484,5,False,False
43004,lambda_initial_20,12,258,268,4.838498257349484,5.3546785399101875,5,False,False
43004,lambda_initial_20,13,268,278,5.3546785399101875,5.925925925925921,5,False,False
43004,lambda_initial_20,14,278,290,5.925925925925921,6.558115079705604,3,False,False
43004,lambda_initial_20,15,290,304,6.558115079705604,4.372076719803736,6,True,False
43004,lambda_initial_20,16,304,312,4.372076719803736,4.838498257349483,5,False,False
43004,lambda_initial_20,17,312,322,4.838498257349483,5.354678539910186,4,False,False
43004,lambda_initial_20,18,322,332,5.354678539910186,5.9259259259259185,5,False,False
43004,lambda_initial_20,19,332,344,5.9259259259259185,6.5581150797056,4,False,False
43004,lambda_initial_20,20,344,358,6.5581150797056,7.257747386024221,4,False,False
43004,lambda_initial_20,21,358,372,7.257747386024221,8.032017809865275,9,False,False
43004,lambda_initial_20,22,372,388,8.032017809865275,8.888888888888875,9,False,False
43004,lambda_initial_20,23,388,400,8.888888888888875,9.837172619558398,10,False,True
43004,lambda_initial_40,1,50,130,40.0,26.666666666666668,40,True,False
43004,lambda_initial_40,2,130,184,26.666666666666668,29.51151785867524,28,False,False
43004,lambda_initial_40,3,184,244,29.51151785867524,19.67434523911683,27,True,False
43004,lambda_initial_40,4,244,284,19.67434523911683,21.77324215807269,21,False,False
43004,lambda_initial_40,5,284,328,21.77324215807269,24.096053429595855,24,False,False
43004,lambda_initial_40,6,328,376,24.096053429595855,26.666666666666657,22,False,False
43004,lambda_initial_40,7,376,400,26.666666666666657,29.51151785867523,30,False,True
43005,lambda_initial_1,1,50,52,1.0,1.1066819197003215,0,False,False
43005,lambda_initial_1,2,52,54,1.1066819197003215,1.2247448713915887,1,False,False
43005,lambda_initial_1,3,54,56,1.2247448713915887,1.3554030054147668,0,False,False
43005,lambda_initial_1,4,56,58,1.3554030054147668,1.4999999999999993,1,False,False
43005,lambda_initial_1,5,58,60,1.4999999999999993,1.0,2,True,False
43005,lambda_initial_1,6,60,62,1.0,1.1066819197003215,0,False,False
43005,lambda_initial_1,7,62,64,1.1066819197003215,1.2247448713915887,0,False,False
43005,lambda_initial_1,8,64,66,1.2247448713915887,1.3554030054147668,1,False,False
43005,lambda_initial_1,9,66,68,1.3554030054147668,1.4999999999999993,0,False,False
43005,lambda_initial_1,10,68,70,1.4999999999999993,1.6600228795504814,3,False,False
43005,lambda_initial_1,11,70,74,1.6600228795504814,1.8371173070873823,0,False,False
43005,lambda_initial_1,12,74,78,1.8371173070873823,1.2247448713915883,1,True,False
43005,lambda_initial_1,13,78,80,1.2247448713915883,1.3554030054147663,0,False,False
43005,lambda_initial_1,14,80,82,1.3554030054147663,1.499999999999999,2,False,False
43005,lambda_initial_1,15,82,84,1.499999999999999,1.660022879550481,1,False,False
43005,lambda_initial_1,16,84,88,1.660022879550481,1.8371173070873819,2,False,False
43005,lambda_initial_1,17,88,92,1.8371173070873819,2.0331045081221486,3,False,False
43005,lambda_initial_1,18,92,96,2.0331045081221486,2.2499999999999973,2,False,False
43005,lambda_initial_1,19,96,100,2.2499999999999973,2.49003431932572,4,False,False
43005,lambda_initial_1,20,100,104,2.49003431932572,2.7556759606310712,3,False,False
43005,lambda_initial_1,21,104,110,2.7556759606310712,3.0496567621832216,1,False,False
43005,lambda_initial_1,22,110,116,3.0496567621832216,3.3749999999999942,1,False,False
43005,lambda_initial_1,23,116,122,3.3749999999999942,3.7350514789885785,5,False,False
43005,lambda_initial_1,24,122,130,3.7350514789885785,4.133513940946605,8,False,False
43005,lambda_initial_1,25,130,138,4.133513940946605,4.57448514327483,6,False,False
43005,lambda_initial_1,26,138,148,4.57448514327483,3.0496567621832202,4,True,False
43005,lambda_initial_1,27,148,154,3.0496567621832202,3.374999999999993,2,False,False
43005,lambda_initial_1,28,154,160,3.374999999999993,3.735051478988577,2,False,False
43005,lambda_initial_1,29,160,168,3.735051478988577,4.133513940946604,2,False,False
43005,lambda_initial_1,30,168,176,4.133513940946604,4.574485143274829,4,False,False
43005,lambda_initial_1,31,176,186,4.574485143274829,5.062499999999988,6,False,False
43005,lambda_initial_1,32,186,196,5.062499999999988,5.602577218482864,1,False,False
43005,lambda_initial_1,33,196,208,5.602577218482864,6.200270911419904,3,False,False
43005,lambda_initial_1,34,208,220,6.200270911419904,6.861727714912241,4,False,False
43005,lambda_initial_1,35,220,234,6.861727714912241,7.593749999999979,6,False,False
43005,lambda_initial_1,36,234,250,7.593749999999979,8.403865827724292,9,False,False
43005,lambda_initial_1,37,250,266,8.403865827724292,9.30040636712985,5,False,False
43005,lambda_initial_1,38,266,284,9.30040636712985,10.292591572368355,5,False,False
43005,lambda_initial_1,39,284,304,10.292591572368355,11.390624999999961,10,False,False
43005,lambda_initial_1,40,304,326,11.390624999999961,12.605798741586431,11,False,False
43005,lambda_initial_1,41,326,352,12.605798741586431,13.950609550694768,14,False,False
43005,lambda_initial_1,42,352,380,13.950609550694768,15.438887358552526,12,False,False
43005,lambda_initial_1,43,380,400,15.438887358552526,17.085937499999936,15,False,True
43005,lambda_initial_5,1,50,60,5.0,3.3333333333333335,3,True,False
43005,lambda_initial_5,2,60,66,3.3333333333333335,3.688939732334405,6,False,False
43005,lambda_initial_5,3,66,74,3.688939732334405,2.4592931548896035,7,True,False
43005,lambda_initial_5,4,74,78,2.4592931548896035,2.7216552697590863,2,False,False
43005,lambda_initial_5,5,78,84,2.7216552697590863,3.012006678699482,4,False,False
43005,lambda_initial_5,6,84,90,3.012006678699482,3.333333333333332,3,False,False
43005,lambda_initial_5,7,90,96,3.333333333333332,2.2222222222222214,2,True,False
43005,lambda_initial_5,8,96,100,2.2222222222222214,2.459293154889602,1,False,False
43005,lambda_initial_5,9,100,104,2.459293154889602,2.721655269759085,5,False,False
43005,lambda_initial_5,10,104,110,2.721655269759085,3.0120066786994806,5,False,False
43005,lambda_initial_5,11,110,116,3.0120066786994806,3.3333333333333304,2,False,False
43005,lambda_initial_5,12,116,122,3.3333333333333304,3.6889397323344015,5,False,False
43005,lambda_initial_5,13,122,130,3.6889397323344015,4.082482904638626,4,False,False
43005,lambda_initial_5,14,130,138,4.082482904638626,4.518010018049219,6,False,False
43005,lambda_initial_5,15,138,148,4.518010018049219,4.999999999999994,2,False,False
43005,lambda_initial_5,16,148,158,4.999999999999994,5.533409598501601,4,False,False
43005,lambda_initial_5,17,158,170,5.533409598501601,6.123724356957937,4,False,False
43005,lambda_initial_5,18,170,182,6.123724356957937,6.777015027073826,3,False,False
43005,lambda_initial_5,19,182,196,6.777015027073826,4.5180100180492175,10,True,False
43005,lambda_initial_5,20,196,206,4.5180100180492175,4.999999999999992,5,False,False
43005,lambda_initial_5,21,206,216,4.999999999999992,5.533409598501598,6,False,False
43005,lambda_initial_5,22,216,228,5.533409598501598,6.123724356957934,3,False,False
43005,lambda_initial_5,23,228,240,6.123724356957934,6.777015027073823,4,False,False
43005,lambda_initial_5,24,240,254,6.777015027073823,7.499999999999984,13,False,False
43005,lambda_initial_5,25,254,268,7.499999999999984,8.300114397752393,9,False,False
43005,lambda_initial_5,26,268,284,8.300114397752393,9.185586535436897,10,False,False
43005,lambda_initial_5,27,284,302,9.185586535436897,6.123724356957932,10,True,False
43005,lambda_initial_5,28,302,314,6.123724356957932,6.777015027073821,4,False,False
43005,lambda_initial_5,29,314,328,6.777015027073821,4.518010018049214,5,True,False
43005,lambda_initial_5,30,328,338,4.518010018049214,4.9999999999999885,3,False,False
43005,lambda_initial_5,31,338,348,4.9999999999999885,3.3333333333333255,5,True,False
43005,lambda_initial_5,32,348,354,3.3333333333333255,3.688939732334396,2,False,False
43005,lambda_initial_5,33,354,362,3.688939732334396,4.08248290463862,1,False,False
43005,lambda_initial_5,34,362,370,4.08248290463862,4.518010018049212,1,False,False
43005,lambda_initial_5,35,370,380,4.518010018049212,4.999999999999987,3,False,False
43005,lambda_initial_5,36,380,390,4.999999999999987,5.533409598501593,4,False,False
43005,lambda_initial_5,37,390,400,5.533409598501593,6.123724356957928,3,False,True
43005,lambda_initial_10,1,50,70,10.0,6.666666666666667,7,True,False
43005,lambda_initial_10,2,70,84,6.666666666666667,7.37787946466881,7,False,False
43005,lambda_initial_10,3,84,98,7.37787946466881,8.164965809277259,12,False,False
43005,lambda_initial_10,4,98,114,8.164965809277259,9.036020036098446,9,False,False
43005,lambda_initial_10,5,114,132,9.036020036098446,9.999999999999996,9,False,False
43005,lambda_initial_10,6,132,152,9.999999999999996,11.06681919700321,8,False,False
43005,lambda_initial_10,7,152,174,11.06681919700321,12.247448713915883,8,False,False
43005,lambda_initial_10,8,174,198,12.247448713915883,13.554030054147663,10,False,False
43005,lambda_initial_10,9,198,226,13.554030054147663,14.999999999999988,12,False,False
43005,lambda_initial_10,10,226,256,14.999999999999988,16.60022879550481,16,False,False
43005,lambda_initial_10,11,256,290,16.60022879550481,18.371173070873816,16,False,False
43005,lambda_initial_10,12,290,326,18.371173070873816,20.331045081221486,15,False,False
43005,lambda_initial_10,13,326,366,20.331045081221486,22.49999999999997,21,False,False
43005,lambda_initial_10,14,366,400,22.49999999999997,24.900343193257203,22,False,True
43005,lambda_initial_20,1,50,90,20.0,13.333333333333334,17,True,False
43005,lambda_initial_20,2,90,116,13.333333333333334,14.75575892933762,11,False,False
43005,lambda_initial_20,3,116,146,14.75575892933762,16.329931618554518,12,False,False
43005,lambda_initial_20,4,146,178,16.329931618554518,18.07204007219689,23,False,False
43005,lambda_initial_20,5,178,214,18.07204007219689,19.999999999999993,11,False,False
43005,lambda_initial_20,6,214,254,19.999999999999993,22.13363839400642,22,False,False
43005,lambda_initial_20,7,254,298,22.13363839400642,24.494897427831766,21,False,False
43005,lambda_initial_20,8,298,346,24.494897427831766,16.32993161855451,29,True,False
43005,lambda_initial_20,9,346,378,16.32993161855451,10.88662107903634,15,True,False
43005,lambda_initial_20,10,378,400,10.88662107903634,12.048026714797922,14,False,False
43005,lambda_initial_40,1,50,130,40.0,26.666666666666668,40,True,False
43005,lambda_initial_40,2,130,184,26.666666666666668,17.77777777777778,26,True,False
43005,lambda_initial_40,3,184,220,17.77777777777778,19.67434523911683,17,False,False
43005,lambda_initial_40,4,220,260,19.67434523911683,21.77324215807269,19,False,False
43005,lambda_initial_40,5,260,304,21.77324215807269,24.096053429595855,27,False,False
43005,lambda_initial_40,6,304,352,24.096053429595855,26.666666666666657,19,False,False
43005,lambda_initial_40,7,352,400,26.666666666666657,29.51151785867523,26,False,True
43006,lambda_initial_1,1,50,52,1.0,1.1066819197003215,1,False,False
43006,lambda_initial_1,2,52,54,1.1066819197003215,1.2247448713915887,0,False,False
43006,lambda_initial_1,3,54,56,1.2247448713915887,1.3554030054147668,1,False,False
43006,lambda_initial_1,4,56,58,1.3554030054147668,1.4999999999999993,1,False,False
43006,lambda_initial_1,5,58,60,1.4999999999999993,1.6600228795504814,1,False,False
43006,lambda_initial_1,6,60,64,1.6600228795504814,1.8371173070873823,2,False,False
43006,lambda_initial_1,7,64,68,1.8371173070873823,2.033104508122149,6,False,False
43006,lambda_initial_1,8,68,72,2.033104508122149,2.249999999999998,3,False,False
43006,lambda_initial_1,9,72,76,2.249999999999998,2.490034319325721,4,False,False
43006,lambda_initial_1,10,76,80,2.490034319325721,2.755675960631072,2,False,False
43006,lambda_initial_1,11,80,86,2.755675960631072,1.8371173070873814,3,True,False
43006,lambda_initial_1,12,86,90,1.8371173070873814,1.2247448713915876,3,True,False
43006,lambda_initial_1,13,90,92,1.2247448713915876,1.3554030054147654,2,False,False
43006,lambda_initial_1,14,92,94,1.3554030054147654,1.0,2,True,False
43006,lambda_initial_1,15,94,96,1.0,1.1066819197003215,0,False,False
43006,lambda_initial_1,16,96,98,1.1066819197003215,1.2247448713915887,1,False,False
43006,lambda_initial_1,17,98,100,1.2247448713915887,1.3554030054147668,5,False,False
43006,lambda_initial_1,18,100,102,1.3554030054147668,1.4999999999999993,3,False,False
43006,lambda_initial_1,19,102,104,1.4999999999999993,1.6600228795504814,1,False,False
43006,lambda_initial_1,20,104,108,1.6600228795504814,1.8371173070873823,3,False,False
43006,lambda_initial_1,21,108,112,1.8371173070873823,1.2247448713915883,1,True,False
43006,lambda_initial_1,22,112,114,1.2247448713915883,1.3554030054147663,1,False,False
43006,lambda_initial_1,23,114,116,1.3554030054147663,1.499999999999999,1,False,False
43006,lambda_initial_1,24,116,118,1.499999999999999,1.660022879550481,0,False,False
43006,lambda_initial_1,25,118,122,1.660022879550481,1.8371173070873819,0,False,False
43006,lambda_initial_1,26,122,126,1.8371173070873819,2.0331045081221486,2,False,False
43006,lambda_initial_1,27,126,130,2.0331045081221486,2.2499999999999973,0,False,False
43006,lambda_initial_1,28,130,134,2.2499999999999973,2.49003431932572,0,False,False
43006,lambda_initial_1,29,134,138,2.49003431932572,2.7556759606310712,4,False,False
43006,lambda_initial_1,30,138,144,2.7556759606310712,3.0496567621832216,1,False,False
43006,lambda_initial_1,31,144,150,3.0496567621832216,3.3749999999999942,5,False,False
43006,lambda_initial_1,32,150,156,3.3749999999999942,3.7350514789885785,4,False,False
43006,lambda_initial_1,33,156,164,3.7350514789885785,4.133513940946605,2,False,False
43006,lambda_initial_1,34,164,172,4.133513940946605,4.57448514327483,4,False,False
43006,lambda_initial_1,35,172,182,4.57448514327483,5.062499999999989,0,False,False
43006,lambda_initial_1,36,182,192,5.062499999999989,3.374999999999993,5,True,False
43006,lambda_initial_1,37,192,198,3.374999999999993,3.735051478988577,3,False,False
43006,lambda_initial_1,38,198,206,3.735051478988577,4.133513940946604,1,False,False
43006,lambda_initial_1,39,206,214,4.133513940946604,4.574485143274829,2,False,False
43006,lambda_initial_1,40,214,224,4.574485143274829,5.062499999999988,4,False,False
43006,lambda_initial_1,41,224,234,5.062499999999988,5.602577218482864,6,False,False
43006,lambda_initial_1,42,234,246,5.602577218482864,6.200270911419904,9,False,False
43006,lambda_initial_1,43,246,258,6.200270911419904,4.133513940946602,6,True,False
43006,lambda_initial_1,44,258,266,4.133513940946602,4.574485143274827,0,False,False
43006,lambda_initial_1,45,266,276,4.574485143274827,5.062499999999986,4,False,False
43006,lambda_initial_1,46,276,286,5.062499999999986,5.602577218482862,3,False,False
43006,lambda_initial_1,47,286,298,5.602577218482862,6.200270911419901,4,False,False
43006,lambda_initial_1,48,298,310,6.200270911419901,4.1335139409466,12,True,False
43006,lambda_initial_1,49,310,318,4.1335139409466,4.574485143274825,4,False,False
43006,lambda_initial_1,50,318,328,4.574485143274825,5.062499999999983,5,False,False
43006,lambda_initial_1,51,328,338,5.062499999999983,5.602577218482859,5,False,False
43006,lambda_initial_1,52,338,350,5.602577218482859,6.2002709114198975,6,False,False
43006,lambda_initial_1,53,350,362,6.2002709114198975,6.861727714912234,2,False,False
43006,lambda_initial_1,54,362,376,6.861727714912234,7.593749999999972,9,False,False
43006,lambda_initial_1,55,376,392,7.593749999999972,8.403865827724285,6,False,False
43006,lambda_initial_1,56,392,400,8.403865827724285,9.300406367129844,8,False,True
43006,lambda_initial_5,1,50,60,5.0,5.533409598501607,5,False,False
43006,lambda_initial_5,2,60,72,5.533409598501607,6.123724356957943,5,False,False
43006,lambda_initial_5,3,72,84,6.123724356957943,4.082482904638629,6,True,False
43006,lambda_initial_5,4,84,92,4.082482904638629,2.721655269759086,3,True,False
43006,lambda_initial_5,5,92,98,2.721655269759086,3.0120066786994815,4,False,False
43006,lambda_initial_5,6,98,104,3.0120066786994815,3.3333333333333317,0,False,False
43006,lambda_initial_5,7,104,110,3.3333333333333317,3.6889397323344033,2,False,False
43006,lambda_initial_5,8,110,118,3.6889397323344033,4.082482904638628,8,False,False
43006,lambda_initial_5,9,118,126,4.082482904638628,4.518010018049221,6,False,False
43006,lambda_initial_5,10,126,136,4.518010018049221,3.0120066786994806,1,True,False
43006,lambda_initial_5,11,136,142,3.0120066786994806,3.3333333333333304,4,False,False
43006,lambda_initial_5,12,142,148,3.3333333333333304,3.6889397323344015,4,False,False
43006,lambda_initial_5,13,148,156,3.6889397323344015,4.082482904638626,3,False,False
43006,lambda_initial_5,14,156,164,4.082482904638626,4.518010018049219,4,False,False
43006,lambda_initial_5,15,164,174,4.518010018049219,4.999999999999994,5,False,False
43006,lambda_initial_5,16,174,184,4.999999999999994,5.533409598501601,4,False,False
43006,lambda_initial_5,17,184,196,5.533409598501601,6.123724356957937,5,False,False
43006,lambda_initial_5,18,196,208,6.123724356957937,6.777015027073826,6,False,False
43006,lambda_initial_5,19,208,222,6.777015027073826,7.4999999999999885,15,False,False
43006,lambda_initial_5,20,222,236,7.4999999999999885,8.300114397752399,11,False,False
43006,lambda_initial_5,21,236,252,8.300114397752399,9.185586535436903,7,False,False
43006,lambda_initial_5,22,252,270,9.185586535436903,10.165522540610736,7,False,False
43006,lambda_initial_5,23,270,290,10.165522540610736,11.249999999999979,6,False,False
43006,lambda_initial_5,24,290,312,11.249999999999979,7.499999999999986,6,True,False
43006,lambda_initial_5,25,312,326,7.499999999999986,8.300114397752395,11,False,False
43006,lambda_initial_5,26,326,342,8.300114397752395,5.5334095985015965,12,True,False
43006,lambda_initial_5,27,342,354,5.5334095985015965,6.123724356957932,4,False,False
43006,lambda_initial_5,28,354,366,6.123724356957932,6.777015027073821,8,False,False
43006,lambda_initial_5,29,366,380,6.777015027073821,7.499999999999982,9,False,False
43006,lambda_initial_5,30,380,394,7.499999999999982,4.9999999999999885,7,True,False
43006,lambda_initial_5,31,394,400,4.9999999999999885,5.533409598501595,3,False,True
43006,lambda_initial_10,1,50,70,10.0,6.666666666666667,10,True,False
43006,lambda_initial_10,2,70,84,6.666666666666667,4.444444444444445,7,True,False
43006,lambda_initial_10,3,84,92,4.444444444444445,4.918586309779207,6,False,False
43006,lambda_initial_10,4,92,102,4.918586309779207,3.2790575398528046,6,True,False
43006,lambda_initial_10,5,102,108,3.2790575398528046,3.6288736930121153,4,False,False
43006,lambda_initial_10,6,108,116,3.6288736930121153,2.4192491286747435,5,True,False
43006,lambda_initial_10,7,116,120,2.4192491286747435,2.677339269955095,3,False,False
43006,lambda_initial_10,8,120,126,2.677339269955095,2.962962962962962,3,False,False
43006,lambda_initial_10,9,126,132,2.962962962962962,3.2790575398528032,3,False,False
43006,lambda_initial_10,10,132,138,3.2790575398528032,3.6288736930121135,5,False,False
43006,lambda_initial_10,11,138,146,3.6288736930121135,4.016008904932641,5,False,False
43006,lambda_initial_10,12,146,154,4.016008904932641,4.444444444444441,3,False,False
43006,lambda_initial_10,13,154,162,4.444444444444441,4.918586309779203,9,False,False
43006,lambda_initial_10,14,162,172,4.918586309779203,3.279057539852802,6,True,False
43006,lambda_initial_10,15,172,178,3.279057539852802,3.628873693012112,1,False,False
43006,lambda_initial_10,16,178,186,3.628873693012112,4.016008904932639,4,False,False
43006,lambda_initial_10,17,186,194,4.016008904932639,2.677339269955093,3,True,False
43006,lambda_initial_10,18,194,200,2.677339269955093,2.9629629629629592,3,False,False
43006,lambda_initial_10,19,200,206,2.9629629629629592,3.2790575398528,2,False,False
43006,lambda_initial_10,20,206,212,3.2790575398528,3.6288736930121104,1,False,False
43006,lambda_initial_10,21,212,220,3.6288736930121104,4.0160089049326375,1,False,False
43006,lambda_initial_10,22,220,228,4.0160089049326375,2.6773392699550915,7,True,False
43006,lambda_initial_10,23,228,234,2.6773392699550915,1.7848928466367278,2,True,False
43006,lambda_initial_10,24,234,238,1.7848928466367278,1.9753086419753054,3,False,False
43006,lambda_initial_10,25,238,242,1.9753086419753054,2.186038359901866,0,False,False
43006,lambda_initial_10,26,242,246,2.186038359901866,2.4192491286747395,4,False,False
43006,lambda_initial_10,27,246,250,2.4192491286747395,2.6773392699550906,2,False,False
43006,lambda_initial_10,28,250,256,2.6773392699550906,2.962962962962957,4,False,False
43006,lambda_initial_10,29,256,262,2.962962962962957,3.279057539852798,3,False,False
43006,lambda_initial_10,30,262,268,3.279057539852798,3.6288736930121077,2,False,False
43006,lambda_initial_10,31,268,276,3.6288736930121077,4.016008904932635,3,False,False
43006,lambda_initial_10,32,276,284,4.016008904932635,4.444444444444434,7,False,False
43006,lambda_initial_10,33,284,292,4.444444444444434,4.918586309779195,7,False,False
43006,lambda_initial_10,34,292,302,4.918586309779195,3.2790575398527966,4,True,False
43006,lambda_initial_10,35,302,308,3.2790575398527966,2.1860383599018642,2,True,False
43006,lambda_initial_10,36,308,312,2.1860383599018642,2.4192491286747373,1,False,False
43006,lambda_initial_10,37,312,316,2.4192491286747373,2.6773392699550884,2,False,False
43006,lambda_initial_10,38,316,322,2.6773392699550884,2.9629629629629544,3,False,False
43006,lambda_initial_10,39,322,328,2.9629629629629544,3.279057539852795,1,False,False
43006,lambda_initial_10,40,328,334,3.279057539852795,3.628873693012104,4,False,False
43006,lambda_initial_10,41,334,342,3.628873693012104,2.419249128674736,3,True,False
43006,lambda_initial_10,42,342,346,2.419249128674736,2.6773392699550866,3,False,False
43006,lambda_initial_10,43,346,352,2.6773392699550866,2.9629629629629526,4,False,False
43006,lambda_initial_10,44,352,358,2.9629629629629526,3.279057539852793,4,False,False
43006,lambda_initial_10,45,358,364,3.279057539852793,3.6288736930121024,4,False,False
43006,lambda_initial_10,46,364,372,3.6288736930121024,4.016008904932629,5,False,False
43006,lambda_initial_10,47,372,380,4.016008904932629,4.444444444444428,3,False,False
43006,lambda_initial_10,48,380,388,4.444444444444428,2.9629629629629517,2,True,False
43006,lambda_initial_10,49,388,394,2.9629629629629517,3.279057539852792,4,False,False
43006,lambda_initial_10,50,394,400,3.279057539852792,3.6288736930121015,7,False,False
43006,lambda_initial_20,1,50,90,20.0,13.333333333333334,20,True,False
43006,lambda_initial_20,2,90,116,13.333333333333334,14.75575892933762,18,False,False
43006,lambda_initial_20,3,116,146,14.75575892933762,9.837172619558414,17,True,False
43006,lambda_initial_20,4,146,166,9.837172619558414,10.886621079036345,8,False,False
43006,lambda_initial_20,5,166,188,10.886621079036345,12.048026714797928,9,False,False
43006,lambda_initial_20,6,188,212,12.048026714797928,8.032017809865286,12,True,False
43006,lambda_initial_20,7,212,228,8.032017809865286,8.888888888888886,9,False,False
43006,lambda_initial_20,8,228,246,8.888888888888886,9.837172619558409,11,False,False
43006,lambda_initial_20,9,246,266,9.837172619558409,10.88662107903634,14,False,False
43006,lambda_initial_20,10,266,288,10.88662107903634,12.048026714797922,15,False,False
43006,lambda_initial_20,11,288,312,12.048026714797922,13.333333333333321,11,False,False
43006,lambda_initial_20,12,312,338,13.333333333333321,14.755758929337606,10,False,False
43006,lambda_initial_20,13,338,368,14.755758929337606,16.329931618554504,14,False,False
43006,lambda_initial_20,14,368,400,16.329931618554504,18.072040072196877,19,False,False
43006,lambda_initial_40,1,50,130,40.0,26.666666666666668,40,True,False
43006,lambda_initial_40,2,130,184,26.666666666666668,17.77777777777778,30,True,False
43006,lambda_initial_40,3,184,220,17.77777777777778,19.67434523911683,20,False,False
43006,lambda_initial_40,4,220,260,19.67434523911683,13.116230159411218,19,True,False
43006,lambda_initial_40,5,260,286,13.116230159411218,8.744153439607478,14,True,False
43006,lambda_initial_40,6,286,304,8.744153439607478,9.676996514698972,8,False,False
43006,lambda_initial_40,7,304,324,9.676996514698972,10.709357079820379,13,False,False
43006,lambda_initial_40,8,324,346,10.709357079820379,11.851851851851846,10,False,False
43006,lambda_initial_40,9,346,370,11.851851851851846,13.116230159411211,10,False,False
43006,lambda_initial_40,10,370,396,13.116230159411211,14.515494772048452,11,False,False
43006,lambda_initial_40,11,396,400,14.515494772048452,16.06403561973056,17,False,True
43007,lambda_initial_1,1,50,52,1.0,1.1066819197003215,1,False,False
43007,lambda_initial_1,2,52,54,1.1066819197003215,1.2247448713915887,1,False,False
43007,lambda_initial_1,3,54,56,1.2247448713915887,1.3554030054147668,2,False,False
43007,lambda_initial_1,4,56,58,1.3554030054147668,1.4999999999999993,2,False,False
43007,lambda_initial_1,5,58,60,1.4999999999999993,1.6600228795504814,0,False,False
43007,lambda_initial_1,6,60,64,1.6600228795504814,1.8371173070873823,0,False,False
43007,lambda_initial_1,7,64,68,1.8371173070873823,2.033104508122149,0,False,False
43007,lambda_initial_1,8,68,72,2.033104508122149,2.249999999999998,1,False,False
43007,lambda_initial_1,9,72,76,2.249999999999998,2.490034319325721,2,False,False
43007,lambda_initial_1,10,76,80,2.490034319325721,2.755675960631072,3,False,False
43007,lambda_initial_1,11,80,86,2.755675960631072,1.8371173070873814,1,True,False
43007,lambda_initial_1,12,86,90,1.8371173070873814,2.033104508122148,0,False,False
43007,lambda_initial_1,13,90,94,2.033104508122148,2.249999999999997,0,False,False
43007,lambda_initial_1,14,94,98,2.249999999999997,2.4900343193257197,5,False,False
43007,lambda_initial_1,15,98,102,2.4900343193257197,1.66002287955048,2,True,False
43007,lambda_initial_1,16,102,106,1.66002287955048,1.10668191970032,2,True,False
43007,lambda_initial_1,17,106,108,1.10668191970032,1.2247448713915872,0,False,False
43007,lambda_initial_1,18,108,110,1.2247448713915872,1.355403005414765,2,False,False
43007,lambda_initial_1,19,110,112,1.355403005414765,1.4999999999999973,1,False,False
43007,lambda_initial_1,20,112,114,1.4999999999999973,1.6600228795504792,0,False,False
43007,lambda_initial_1,21,114,118,1.6600228795504792,1.1066819197003195,1,True,False
43007,lambda_initial_1,22,118,120,1.1066819197003195,1.2247448713915865,0,False,False
43007,lambda_initial_1,23,120,122,1.2247448713915865,1.3554030054147643,0,False,False
43007,lambda_initial_1,24,122,124,1.3554030054147643,1.4999999999999967,2,False,False
43007,lambda_initial_1,25,124,126,1.4999999999999967,1.6600228795504786,0,False,False
43007,lambda_initial_1,26,126,130,1.6600228795504786,1.8371173070873792,2,False,False
43007,lambda_initial_1,27,130,134,1.8371173070873792,2.033104508122146,3,False,False
43007,lambda_initial_1,28,134,138,2.033104508122146,2.2499999999999942,2,False,False
43007,lambda_initial_1,29,138,142,2.2499999999999942,1.4999999999999962,3,True,False
43007,lambda_initial_1,30,142,144,1.4999999999999962,1.6600228795504781,2,False,False
43007,lambda_initial_1,31,144,148,1.6600228795504781,1.8371173070873787,1,False,False
43007,lambda_initial_1,32,148,152,1.8371173070873787,2.0331045081221455,3,False,False
43007,lambda_initial_1,33,152,156,2.0331045081221455,2.249999999999994,2,False,False
43007,lambda_initial_1,34,156,160,2.249999999999994,2.4900343193257166,2,False,False
43007,lambda_initial_1,35,160,164,2.4900343193257166,2.7556759606310672,2,False,False
43007,lambda_initial_1,36,164,170,2.7556759606310672,3.049656762183217,1,False,False
43007,lambda_initial_1,37,170,176,3.049656762183217,3.3749999999999893,2,False,False
43007,lambda_initial_1,38,176,182,3.3749999999999893,3.735051478988573,2,False,False
43007,lambda_initial_1,39,182,190,3.735051478988573,4.1335139409465995,2,False,False
43007,lambda_initial_1,40,190,198,4.1335139409465995,4.574485143274824,5,False,False
43007,lambda_initial_1,41,198,208,4.574485143274824,5.062499999999982,3,False,False
43007,lambda_initial_1,42,208,218,5.062499999999982,5.602577218482858,4,False,False
43007,lambda_initial_1,43,218,230,5.602577218482858,6.200270911419897,11,False,False
43007,lambda_initial_1,44,230,242,6.200270911419897,4.133513940946598,8,True,False
43007,lambda_initial_1,45,242,250,4.133513940946598,2.755675960631065,2,True,False
43007,lambda_initial_1,46,250,256,2.755675960631065,1.8371173070873767,7,True,False
43007,lambda_initial_1,47,256,260,1.8371173070873767,1.2247448713915845,2,True,False
43007,lambda_initial_1,48,260,262,1.2247448713915845,1.355403005414762,5,False,False
43007,lambda_initial_1,49,262,264,1.355403005414762,1.4999999999999942,0,False,False
43007,lambda_initial_1,50,264,266,1.4999999999999942,1.660022879550476,1,False,False
43007,lambda_initial_1,51,266,270,1.660022879550476,1.8371173070873763,3,False,False
43007,lambda_initial_1,52,270,274,1.8371173070873763,1.2247448713915843,1,True,False
43007,lambda_initial_1,53,274,276,1.2247448713915843,1.3554030054147619,1,False,False
43007,lambda_initial_1,54,276,278,1.3554030054147619,1.499999999999994,3,False,False
43007,lambda_initial_1,55,278,280,1.499999999999994,1.6600228795504757,3,False,False
43007,lambda_initial_1,56,280,284,1.6600228795504757,1.8371173070873759,0,False,False
43007,lambda_initial_1,57,284,288,1.8371173070873759,2.033104508122142,0,False,False
43007,lambda_initial_1,58,288,292,2.033104508122142,2.24999999999999,1,False,False
43007,lambda_initial_1,59,292,296,2.24999999999999,2.490034319325712,1,False,False
43007,lambda_initial_1,60,296,300,2.490034319325712,2.7556759606310623,3,False,False
43007,lambda_initial_1,61,300,306,2.7556759606310623,3.049656762183212,1,False,False
43007,lambda_initial_1,62,306,312,3.049656762183212,3.3749999999999836,2,False,False
43007,lambda_initial_1,63,312,318,3.3749999999999836,2.249999999999989,3,True,False
43007,lambda_initial_1,64,318,322,2.249999999999989,2.490034319325711,3,False,False
43007,lambda_initial_1,65,322,326,2.490034319325711,2.755675960631061,0,False,False
43007,lambda_initial_1,66,326,332,2.755675960631061,3.04965676218321,3,False,False
43007,lambda_initial_1,67,332,338,3.04965676218321,3.374999999999982,6,False,False
43007,lambda_initial_1,68,338,344,3.374999999999982,3.7350514789885647,4,False,False
43007,lambda_initial_1,69,344,352,3.7350514789885647,4.13351394094659,4,False,False
43007,lambda_initial_1,70,352,360,4.13351394094659,4.5744851432748135,4,False,False
43007,lambda_initial_1,71,360,370,4.5744851432748135,5.062499999999971,6,False,False
43007,lambda_initial_1,72,370,380,5.062499999999971,3.3749999999999805,5,True,False
43007,lambda_initial_1,73,380,386,3.3749999999999805,3.7350514789885634,4,False,False
43007,lambda_initial_1,74,386,394,3.7350514789885634,4.133513940946588,3,False,False
43007,lambda_initial_1,75,394,400,4.133513940946588,4.574485143274811,4,False,True
43007,lambda_initial_5,1,50,60,5.0,3.3333333333333335,4,True,False
43007,lambda_initial_5,2,60,66,3.3333333333333335,2.2222222222222223,3,True,False
43007,lambda_initial_5,3,66,70,2.2222222222222223,2.4592931548896035,0,False,False
43007,lambda_initial_5,4,70,74,2.4592931548896035,2.7216552697590863,3,False,False
43007,lambda_initial_5,5,74,80,2.7216552697590863,3.012006678699482,3,False,False
43007,lambda_initial_5,6,80,86,3.012006678699482,3.333333333333332,4,False,False
43007,lambda_initial_5,7,86,92,3.333333333333332,2.2222222222222214,2,True,False
43007,lambda_initial_5,8,92,96,2.2222222222222214,2.459293154889602,4,False,False
43007,lambda_initial_5,9,96,100,2.459293154889602,2.721655269759085,4,False,False
43007,lambda_initial_5,10,100,106,2.721655269759085,1.8144368465060567,3,True,False
43007,lambda_initial_5,11,106,110,1.8144368465060567,1.209624564337371,4,True,False
43007,lambda_initial_5,12,110,112,1.209624564337371,1.3386696349775469,0,False,False
43007,lambda_initial_5,13,112,114,1.3386696349775469,1.4814814814814803,1,False,False
43007,lambda_initial_5,14,114,116,1.4814814814814803,1.639528769926401,1,False,False
43007,lambda_initial_5,15,116,120,1.639528769926401,1.093019179950934,1,True,False
43007,lambda_initial_5,16,120,122,1.093019179950934,1.2096245643373706,0,False,False
43007,lambda_initial_5,17,122,124,1.2096245643373706,1.3386696349775464,0,False,False
43007,lambda_initial_5,18,124,126,1.3386696349775464,1.4814814814814796,1,False,False
43007,lambda_initial_5,19,126,128,1.4814814814814796,1.6395287699264,4,False,False
43007,lambda_initial_5,20,128,132,1.6395287699264,1.8144368465060552,1,False,False
43007,lambda_initial_5,21,132,136,1.8144368465060552,2.0080044524663188,1,False,False
43007,lambda_initial_5,22,136,140,2.0080044524663188,2.2222222222222188,2,False,False
43007,lambda_initial_5,23,140,144,2.2222222222222188,2.4592931548895995,1,False,False
43007,lambda_initial_5,24,144,148,2.4592931548895995,1.6395287699263996,2,True,False
43007,lambda_initial_5,25,148,152,1.6395287699263996,1.8144368465060547,1,False,False
43007,lambda_initial_5,26,152,156,1.8144368465060547,1.2096245643373698,2,True,False
43007,lambda_initial_5,27,156,158,1.2096245643373698,1.3386696349775453,2,False,False
43007,lambda_initial_5,28,158,160,1.3386696349775453,1.4814814814814785,5,False,False
43007,lambda_initial_5,29,160,162,1.4814814814814785,1.639528769926399,0,False,False
43007,lambda_initial_5,30,162,166,1.639528769926399,1.8144368465060539,0,False,False
43007,lambda_initial_5,31,166,170,1.8144368465060539,2.0080044524663174,0,False,False
43007,lambda_initial_5,32,170,174,2.0080044524663174,2.222222222222217,1,False,False
43007,lambda_initial_5,33,174,178,2.222222222222217,2.4592931548895973,2,False,False
43007,lambda_initial_5,34,178,182,2.4592931548895973,2.7216552697590797,1,False,False
43007,lambda_initial_5,35,182,188,2.7216552697590797,3.012006678699475,5,False,False
43007,lambda_initial_5,36,188,194,3.012006678699475,3.333333333333324,0,False,False
43007,lambda_initial_5,37,194,200,3.333333333333324,3.688939732334395,1,False,False
43007,lambda_initial_5,38,200,208,3.688939732334395,4.082482904638618,5,False,False
43007,lambda_initial_5,39,208,216,4.082482904638618,4.51801001804921,5,False,False
43007,lambda_initial_5,40,216,226,4.51801001804921,4.999999999999984,2,False,False
43007,lambda_initial_5,41,226,236,4.999999999999984,3.333333333333323,5,True,False
43007,lambda_initial_5,42,236,242,3.333333333333323,2.222222222222215,1,True,False
43007,lambda_initial_5,43,242,246,2.222222222222215,2.4592931548895955,0,False,False
43007,lambda_initial_5,44,246,250,2.4592931548895955,2.7216552697590775,5,False,False
43007,lambda_initial_5,45,250,256,2.7216552697590775,3.012006678699472,3,False,False
43007,lambda_initial_5,46,256,262,3.012006678699472,3.333333333333321,3,False,False
43007,lambda_initial_5,47,262,268,3.333333333333321,3.6889397323343913,3,False,False
43007,lambda_initial_5,48,268,276,3.6889397323343913,4.082482904638614,6,False,False
43007,lambda_initial_5,49,276,284,4.082482904638614,4.518010018049206,3,False,False
43007,lambda_initial_5,50,284,294,4.518010018049206,4.99999999999998,7,False,False
43007,lambda_initial_5,51,294,304,4.99999999999998,5.533409598501585,5,False,False
43007,lambda_initial_5,52,304,316,5.533409598501585,6.123724356957919,2,False,False
43007,lambda_initial_5,53,316,328,6.123724356957919,6.777015027073807,5,False,False
43007,lambda_initial_5,54,328,342,6.777015027073807,7.499999999999966,4,False,False
43007,lambda_initial_5,55,342,356,7.499999999999966,8.300114397752374,10,False,False
43007,lambda_initial_5,56,356,372,8.300114397752374,9.185586535436874,3,False,False
43007,lambda_initial_5,57,372,390,9.185586535436874,10.165522540610706,7,False,False
43007,lambda_initial_5,58,390,400,10.165522540610706,11.249999999999945,11,False,True
43007,lambda_initial_10,1,50,70,10.0,11.066819197003214,9,False,False
43007,lambda_initial_10,2,70,92,11.066819197003214,7.377879464668809,11,True,False
43007,lambda_initial_10,3,92,106,7.377879464668809,8.164965809277257,6,False,False
43007,lambda_initial_10,4,106,122,8.164965809277257,5.443310539518172,11,True,False
43007,lambda_initial_10,5,122,132,5.443310539518172,6.024013357398963,4,False,False
43007,lambda_initial_10,6,132,144,6.024013357398963,6.666666666666663,6,False,False
43007,lambda_initial_10,7,144,158,6.666666666666663,7.377879464668807,4,False,False
43007,lambda_initial_10,8,158,172,7.377879464668807,8.164965809277255,9,False,False
43007,lambda_initial_10,9,172,188,8.164965809277255,5.44331053951817,8,True,False
43007,lambda_initial_10,10,188,198,5.44331053951817,6.024013357398961,4,False,False
43007,lambda_initial_10,11,198,210,6.024013357398961,4.016008904932641,1,True,False
43007,lambda_initial_10,12,210,218,4.016008904932641,4.444444444444441,3,False,False
43007,lambda_initial_10,13,218,226,4.444444444444441,4.918586309779203,3,False,False
43007,lambda_initial_10,14,226,236,4.918586309779203,5.443310539518168,3,False,False
43007,lambda_initial_10,15,236,246,5.443310539518168,6.024013357398959,5,False,False
43007,lambda_initial_10,16,246,258,6.024013357398959,6.666666666666659,4,False,False
43007,lambda_initial_10,17,258,272,6.666666666666659,4.444444444444439,11,True,False
43007,lambda_initial_10,18,272,280,4.444444444444439,2.9629629629629597,6,True,False
43007,lambda_initial_10,19,280,286,2.9629629629629597,1.9753086419753065,1,True,False
43007,lambda_initial_10,20,286,290,1.9753086419753065,1.3168724279835378,2,True,False
43007,lambda_initial_10,21,290,292,1.3168724279835378,1.457358906601245,1,False,False
43007,lambda_initial_10,22,292,294,1.457358906601245,1.6128327524498272,1,False,False
43007,lambda_initial_10,23,294,298,1.6128327524498272,1.784892846636728,0,False,False
43007,lambda_initial_10,24,298,302,1.784892846636728,1.9753086419753056,5,False,False
43007,lambda_initial_10,25,302,306,1.9753086419753056,2.1860383599018665,4,False,False
43007,lambda_initial_10,26,306,310,2.1860383599018665,2.41924912867474,6,False,False
43007,lambda_initial_10,27,310,314,2.41924912867474,2.677339269955091,3,False,False
43007,lambda_initial_10,28,314,320,2.677339269955091,2.9629629629629575,3,False,False
43007,lambda_initial_10,29,320,326,2.9629629629629575,3.2790575398527984,3,False,False
43007,lambda_initial_10,30,326,332,3.2790575398527984,3.628873693012108,4,False,False
43007,lambda_initial_10,31,332,340,3.628873693012108,4.016008904932635,3,False,False
43007,lambda_initial_10,32,340,348,4.016008904932635,4.444444444444434,2,False,False
43007,lambda_initial_10,33,348,356,4.444444444444434,4.918586309779195,3,False,False
43007,lambda_initial_10,34,356,366,4.918586309779195,5.443310539518159,7,False,False
43007,lambda_initial_10,35,366,376,5.443310539518159,6.02401335739895,4,False,False
43007,lambda_initial_10,36,376,388,6.02401335739895,6.666666666666648,6,False,False
43007,lambda_initial_10,37,388,400,6.666666666666648,7.37787946466879,8,False,True
43007,lambda_initial_20,1,50,90,20.0,22.13363839400643,19,False,False
43007,lambda_initial_20,2,90,134,22.13363839400643,14.755758929337619,22,True,False
43007,lambda_initial_20,3,134,164,14.755758929337619,9.837172619558412,15,True,False
43007,lambda_initial_20,4,164,184,9.837172619558412,10.886621079036344,12,False,False
43007,lambda_initial_20,5,184,206,10.886621079036344,12.048026714797926,13,False,False
43007,lambda_initial_20,6,206,230,12.048026714797926,8.032017809865284,12,True,False
43007,lambda_initial_20,7,230,246,8.032017809865284,8.888888888888884,7,False,False
43007,lambda_initial_20,8,246,264,8.888888888888884,9.837172619558407,7,False,False
43007,lambda_initial_20,9,264,284,9.837172619558407,10.886621079036338,12,False,False
43007,lambda_initial_20,10,284,306,10.886621079036338,12.04802671479792,10,False,False
43007,lambda_initial_20,11,306,330,12.04802671479792,13.33333333333332,4,False,False
43007,lambda_initial_20,12,330,356,13.33333333333332,14.755758929337604,13,False,False
43007,lambda_initial_20,13,356,386,14.755758929337604,16.3299316185545,17,False,False
43007,lambda_initial_20,14,386,400,16.3299316185545,18.072040072196874,18,False,True
43007,lambda_initial_40,1,50,130,40.0,26.666666666666668,40,True,False
43007,lambda_initial_40,2,130,184,26.666666666666668,17.77777777777778,27,True,False
43007,lambda_initial_40,3,184,220,17.77777777777778,11.851851851851853,22,True,False
43007,lambda_initial_40,4,220,244,11.851851851851853,13.116230159411218,16,False,False
43007,lambda_initial_40,5,244,270,13.116230159411218,14.515494772048461,19,False,False
43007,lambda_initial_40,6,270,300,14.515494772048461,16.06403561973057,14,False,False
43007,lambda_initial_40,7,300,332,16.06403561973057,17.77777777777777,14,False,False
43007,lambda_initial_40,8,332,368,17.77777777777777,19.674345239116818,19,False,False
43007,lambda_initial_40,9,368,400,19.674345239116818,13.116230159411211,19,True,True
43008,lambda_initial_1,1,50,52,1.0,1.0,1,True,False
43008,lambda_initial_1,2,52,54,1.0,1.1066819197003215,0,False,False
43008,lambda_initial_1,3,54,56,1.1066819197003215,1.2247448713915887,0,False,False
43008,lambda_initial_1,4,56,58,1.2247448713915887,1.3554030054147668,1,False,False
43008,lambda_initial_1,5,58,60,1.3554030054147668,1.4999999999999993,0,False,False
43008,lambda_initial_1,6,60,62,1.4999999999999993,1.6600228795504814,0,False,False
43008,lambda_initial_1,7,62,66,1.6600228795504814,1.106681919700321,2,True,False
43008,lambda_initial_1,8,66,68,1.106681919700321,1.2247448713915883,1,False,False
43008,lambda_initial_1,9,68,70,1.2247448713915883,1.3554030054147663,2,False,False
43008,lambda_initial_1,10,70,72,1.3554030054147663,1.499999999999999,1,False,False
43008,lambda_initial_1,11,72,74,1.499999999999999,1.660022879550481,1,False,False
43008,lambda_initial_1,12,74,78,1.660022879550481,1.8371173070873819,3,False,False
43008,lambda_initial_1,13,78,82,1.8371173070873819,2.0331045081221486,2,False,False
43008,lambda_initial_1,14,82,86,2.0331045081221486,1.3554030054147657,7,True,False
43008,lambda_initial_1,15,86,88,1.3554030054147657,1.499999999999998,0,False,False
43008,lambda_initial_1,16,88,90,1.499999999999998,1.6600228795504801,1,False,False
43008,lambda_initial_1,17,90,94,1.6600228795504801,1.837117307087381,1,False,False
43008,lambda_initial_1,18,94,98,1.837117307087381,2.0331045081221477,4,False,False
43008,lambda_initial_1,19,98,102,2.0331045081221477,2.2499999999999964,3,False,False
43008,lambda_initial_1,20,102,106,2.2499999999999964,2.4900343193257193,1,False,False
43008,lambda_initial_1,21,106,110,2.4900343193257193,2.7556759606310703,3,False,False
43008,lambda_initial_1,22,110,116,2.7556759606310703,1.8371173070873803,3,True,False
43008,lambda_initial_1,23,116,120,1.8371173070873803,2.0331045081221473,1,False,False
43008,lambda_initial_1,24,120,124,2.0331045081221473,2.249999999999996,0,False,False
43008,lambda_initial_1,25,124,128,2.249999999999996,2.490034319325719,0,False,False
43008,lambda_initial_1,26,128,132,2.490034319325719,2.75567596063107,2,False,False
43008,lambda_initial_1,27,132,138,2.75567596063107,1.8371173070873799,5,True,False
43008,lambda_initial_1,28,138,142,1.8371173070873799,2.0331045081221464,0,False,False
43008,lambda_initial_1,29,142,146,2.0331045081221464,1.3554030054147643,3,True,False
43008,lambda_initial_1,30,146,148,1.3554030054147643,1.4999999999999967,0,False,False
43008,lambda_initial_1,31,148,150,1.4999999999999967,1.0,1,True,False
43008,lambda_initial_1,32,150,152,1.0,1.1066819197003215,2,False,False
43008,lambda_initial_1,33,152,154,1.1066819197003215,1.2247448713915887,2,False,False
43008,lambda_initial_1,34,154,156,1.2247448713915887,1.3554030054147668,0,False,False
43008,lambda_initial_1,35,156,158,1.3554030054147668,1.4999999999999993,1,False,False
43008,lambda_initial_1,36,158,160,1.4999999999999993,1.6600228795504814,3,False,False
43008,lambda_initial_1,37,160,164,1.6600228795504814,1.8371173070873823,5,False,False
43008,lambda_initial_1,38,164,168,1.8371173070873823,2.033104508122149,2,False,False
43008,lambda_initial_1,39,168,172,2.033104508122149,1.355403005414766,3,True,False
43008,lambda_initial_1,40,172,174,1.355403005414766,1.4999999999999987,0,False,False
43008,lambda_initial_1,41,174,176,1.4999999999999987,1.6600228795504808,4,False,False
43008,lambda_initial_1,42,176,180,1.6600228795504808,1.8371173070873816,2,False,False
43008,lambda_initial_1,43,180,184,1.8371173070873816,2.0331045081221486,2,False,False
43008,lambda_initial_1,44,184,188,2.0331045081221486,2.2499999999999973,2,False,False
43008,lambda_initial_1,45,188,192,2.2499999999999973,2.49003431932572,5,False,False
43008,lambda_initial_1,46,192,196,2.49003431932572,2.7556759606310712,4,False,False
43008,lambda_initial_1,47,196,202,2.7556759606310712,3.0496567621832216,2,False,False
43008,lambda_initial_1,48,202,208,3.0496567621832216,2.0331045081221477,3,True,False
43008,lambda_initial_1,49,208,212,2.0331045081221477,2.2499999999999964,2,False,False
43008,lambda_initial_1,50,212,216,2.2499999999999964,2.4900343193257193,1,False,False
43008,lambda_initial_1,51,216,220,2.4900343193257193,2.7556759606310703,3,False,False
43008,lambda_initial_1,52,220,226,2.7556759606310703,3.0496567621832202,3,False,False
43008,lambda_initial_1,53,226,232,3.0496567621832202,3.374999999999993,4,False,False
43008,lambda_initial_1,54,232,238,3.374999999999993,3.735051478988577,2,False,False
43008,lambda_initial_1,55,238,246,3.735051478988577,4.133513940946604,3,False,False
43008,lambda_initial_1,56,246,254,4.133513940946604,4.574485143274829,0,False,False
43008,lambda_initial_1,57,254,264,4.574485143274829,5.062499999999988,4,False,False
43008,lambda_initial_1,58,264,274,5.062499999999988,5.602577218482864,2,False,False
43008,lambda_initial_1,59,274,286,5.602577218482864,6.200270911419904,11,False,False
43008,lambda_initial_1,60,286,298,6.200270911419904,6.861727714912241,7,False,False
43008,lambda_initial_1,61,298,312,6.861727714912241,4.574485143274827,5,True,False
43008,lambda_initial_1,62,312,322,4.574485143274827,5.062499999999986,5,False,False
43008,lambda_initial_1,63,322,332,5.062499999999986,5.602577218482862,1,False,False
43008,lambda_initial_1,64,332,344,5.602577218482862,6.200270911419901,4,False,False
43008,lambda_initial_1,65,344,356,6.200270911419901,6.861727714912238,5,False,False
43008,lambda_initial_1,66,356,370,6.861727714912238,7.593749999999976,8,False,False
43008,lambda_initial_1,67,370,386,7.593749999999976,8.40386582772429,5,False,False
43008,lambda_initial_1,68,386,400,8.40386582772429,9.300406367129849,5,False,True
43008,lambda_initial_5,1,50,60,5.0,3.3333333333333335,5,True,False
43008,lambda_initial_5,2,60,66,3.3333333333333335,3.688939732334405,4,False,False
43008,lambda_initial_5,3,66,74,3.688939732334405,4.0824829046386295,4,False,False
43008,lambda_initial_5,4,74,82,4.0824829046386295,4.518010018049223,3,False,False
43008,lambda_initial_5,5,82,92,4.518010018049223,4.999999999999998,4,False,False
43008,lambda_initial_5,6,92,102,4.999999999999998,5.533409598501605,2,False,False
43008,lambda_initial_5,7,102,114,5.533409598501605,6.123724356957942,2,False,False
43008,lambda_initial_5,8,114,126,6.123724356957942,6.777015027073832,7,False,False
43008,lambda_initial_5,9,126,140,6.777015027073832,7.499999999999994,7,False,False
43008,lambda_initial_5,10,140,154,7.499999999999994,8.300114397752404,5,False,False
43008,lambda_initial_5,11,154,170,8.300114397752404,9.185586535436908,8,False,False
43008,lambda_initial_5,12,170,188,9.185586535436908,10.165522540610743,6,False,False
43008,lambda_initial_5,13,188,208,10.165522540610743,11.249999999999986,11,False,False
43008,lambda_initial_5,14,208,230,11.249999999999986,12.450171596628602,11,False,False
43008,lambda_initial_5,15,230,254,12.450171596628602,13.778379803155358,9,False,False
43008,lambda_initial_5,16,254,282,13.778379803155358,15.24828381091611,9,False,False
43008,lambda_initial_5,17,282,312,15.24828381091611,16.874999999999975,9,False,False
43008,lambda_initial_5,18,312,346,16.874999999999975,18.675257394942896,16,False,False
43008,lambda_initial_5,19,346,384,18.675257394942896,20.66756970473303,16,False,False
43008,lambda_initial_5,20,384,400,20.66756970473303,22.872425716374156,22,False,True
43008,lambda_initial_10,1,50,70,10.0,6.666666666666667,11,True,False
43008,lambda_initial_10,2,70,84,6.666666666666667,7.37787946466881,4,False,False
43008,lambda_initial_10,3,84,98,7.37787946466881,8.164965809277259,5,False,False
43008,lambda_initial_10,4,98,114,8.164965809277259,9.036020036098446,11,False,False
43008,lambda_initial_10,5,114,132,9.036020036098446,6.024013357398964,10,True,False
43008,lambda_initial_10,6,132,144,6.024013357398964,4.016008904932643,5,True,False
43008,lambda_initial_10,7,144,152,4.016008904932643,4.444444444444443,1,False,False
43008,lambda_initial_10,8,152,160,4.444444444444443,4.918586309779204,7,False,False
43008,lambda_initial_10,9,160,170,4.918586309779204,3.279057539852803,6,True,False
43008,lambda_initial_10,10,170,176,3.279057539852803,3.628873693012113,3,False,False
43008,lambda_initial_10,11,176,184,3.628873693012113,2.419249128674742,2,True,False
43008,lambda_initial_10,12,184,188,2.419249128674742,1.612832752449828,1,True,False
43008,lambda_initial_10,13,188,192,1.612832752449828,1.784892846636729,3,False,False
43008,lambda_initial_10,14,192,196,1.784892846636729,1.9753086419753068,3,False,False
43008,lambda_initial_10,15,196,200,1.9753086419753068,2.1860383599018673,1,False,False
43008,lambda_initial_10,16,200,204,2.1860383599018673,1.457358906601245,3,True,False
43008,lambda_initial_10,17,204,206,1.457358906601245,1.6128327524498272,1,False,False
43008,lambda_initial_10,18,206,210,1.6128327524498272,1.784892846636728,1,False,False
43008,lambda_initial_10,19,210,214,1.784892846636728,1.9753086419753056,4,False,False
43008,lambda_initial_10,20,214,218,1.9753086419753056,2.1860383599018665,2,False,False
43008,lambda_initial_10,21,218,222,2.1860383599018665,2.41924912867474,3,False,False
43008,lambda_initial_10,22,222,226,2.41924912867474,2.677339269955091,1,False,False
43008,lambda_initial_10,23,226,232,2.677339269955091,2.9629629629629575,4,False,False
43008,lambda_initial_10,24,232,238,2.9629629629629575,3.2790575398527984,5,False,False
43008,lambda_initial_10,25,238,244,3.2790575398527984,2.1860383599018656,1,True,False
43008,lambda_initial_10,26,244,248,2.1860383599018656,2.419249128674739,2,False,False
43008,lambda_initial_10,27,248,252,2.419249128674739,2.67733926995509,3,False,False
43008,lambda_initial_10,28,252,258,2.67733926995509,2.9629629629629566,3,False,False
43008,lambda_initial_10,29,258,264,2.9629629629629566,3.2790575398527975,2,False,False
43008,lambda_initial_10,30,264,270,3.2790575398527975,3.6288736930121073,4,False,False
43008,lambda_initial_10,31,270,278,3.6288736930121073,4.016008904932634,4,False,False
43008,lambda_initial_10,32,278,286,4.016008904932634,2.6773392699550893,7,True,False
43008,lambda_initial_10,33,286,292,2.6773392699550893,2.9629629629629557,5,False,False
43008,lambda_initial_10,34,292,298,2.9629629629629557,3.279057539852796,2,False,False
43008,lambda_initial_10,35,298,304,3.279057539852796,3.628873693012106,1,False,False
43008,lambda_initial_10,36,304,312,3.628873693012106,4.016008904932632,4,False,False
43008,lambda_initial_10,37,312,320,4.016008904932632,4.444444444444431,5,False,False
43008,lambda_initial_10,38,320,328,4.444444444444431,2.9629629629629544,2,True,False
43008,lambda_initial_10,39,328,334,2.9629629629629544,3.279057539852795,1,False,False
43008,lambda_initial_10,40,334,340,3.279057539852795,3.628873693012104,3,False,False
43008,lambda_initial_10,41,340,348,3.628873693012104,4.01600890493263,1,False,False
43008,lambda_initial_10,42,348,356,4.01600890493263,4.4444444444444295,4,False,False
43008,lambda_initial_10,43,356,364,4.4444444444444295,4.91858630977919,5,False,False
43008,lambda_initial_10,44,364,374,4.91858630977919,5.443310539518154,5,False,False
43008,lambda_initial_10,45,374,384,5.443310539518154,6.024013357398943,3,False,False
43008,lambda_initial_10,46,384,396,6.024013357398943,6.666666666666641,5,False,False
43008,lambda_initial_10,47,396,400,6.666666666666641,7.377879464668782,5,False,True
43008,lambda_initial_20,1,50,90,20.0,13.333333333333334,21,True,False
43008,lambda_initial_20,2,90,116,13.333333333333334,8.88888888888889,13,True,False
43008,lambda_initial_20,3,116,134,8.88888888888889,9.837172619558414,11,False,False
43008,lambda_initial_20,4,134,154,9.837172619558414,6.558115079705609,8,True,False
43008,lambda_initial_20,5,154,168,6.558115079705609,7.2577473860242305,6,False,False
43008,lambda_initial_20,6,168,182,7.2577473860242305,8.032017809865286,5,False,False
43008,lambda_initial_20,7,182,198,8.032017809865286,5.35467853991019,11,True,False
43008,lambda_initial_20,8,198,208,5.35467853991019,5.925925925925924,6,False,False
43008,lambda_initial_20,9,208,220,5.925925925925924,6.5581150797056065,8,False,False
43008,lambda_initial_20,10,220,234,6.5581150797056065,7.257747386024227,7,False,False
43008,lambda_initial_20,11,234,248,7.257747386024227,8.032017809865282,9,False,False
43008,lambda_initial_20,12,248,264,8.032017809865282,8.888888888888882,6,False,False
43008,lambda_initial_20,13,264,282,8.888888888888882,9.837172619558405,11,False,False
43008,lambda_initial_20,14,282,302,9.837172619558405,10.886621079036336,10,False,False
43008,lambda_initial_20,15,302,324,10.886621079036336,12.048026714797919,14,False,False
43008,lambda_initial_20,16,324,348,12.048026714797919,13.333333333333318,13,False,False
43008,lambda_initial_20,17,348,374,13.333333333333318,14.755758929337603,18,False,False
43008,lambda_initial_20,18,374,400,14.755758929337603,16.329931618554497,18,False,True
43008,lambda_initial_40,1,50,130,40.0,26.666666666666668,40,True,False
43008,lambda_initial_40,2,130,184,26.666666666666668,29.51151785867524,29,False,False
43008,lambda_initial_40,3,184,244,29.51151785867524,32.659863237109036,32,False,False
43008,lambda_initial_40,4,244,310,32.659863237109036,36.14408014439378,34,False,False
43008,lambda_initial_40,5,310,382,36.14408014439378,39.999999999999986,38,False,False
43008,lambda_initial_40,6,382,400,39.999999999999986,40.0,40,False,True
43009,lambda_initial_1,1,50,52,1.0,1.1066819197003215,1,False,False
43009,lambda_initial_1,2,52,54,1.1066819197003215,1.2247448713915887,0,False,False
43009,lambda_initial_1,3,54,56,1.2247448713915887,1.3554030054147668,0,False,False
43009,lambda_initial_1,4,56,58,1.3554030054147668,1.4999999999999993,1,False,False
43009,lambda_initial_1,5,58,60,1.4999999999999993,1.6600228795504814,2,False,False
43009,lambda_initial_1,6,60,64,1.6600228795504814,1.8371173070873823,1,False,False
43009,lambda_initial_1,7,64,68,1.8371173070873823,1.2247448713915883,1,True,False
43009,lambda_initial_1,8,68,70,1.2247448713915883,1.3554030054147663,1,False,False
43009,lambda_initial_1,9,70,72,1.3554030054147663,1.499999999999999,2,False,False
43009,lambda_initial_1,10,72,74,1.499999999999999,1.660022879550481,2,False,False
43009,lambda_initial_1,11,74,78,1.660022879550481,1.8371173070873819,1,False,False
43009,lambda_initial_1,12,78,82,1.8371173070873819,1.2247448713915878,1,True,False
43009,lambda_initial_1,13,82,84,1.2247448713915878,1.3554030054147657,0,False,False
43009,lambda_initial_1,14,84,86,1.3554030054147657,1.499999999999998,1,False,False
43009,lambda_initial_1,15,86,88,1.499999999999998,1.6600228795504801,2,False,False
43009,lambda_initial_1,16,88,92,1.6600228795504801,1.837117307087381,3,False,False
43009,lambda_initial_1,17,92,96,1.837117307087381,2.0331045081221477,2,False,False
43009,lambda_initial_1,18,96,100,2.0331045081221477,2.2499999999999964,1,False,False
43009,lambda_initial_1,19,100,104,2.2499999999999964,2.4900343193257193,3,False,False
43009,lambda_initial_1,20,104,108,2.4900343193257193,1.6600228795504794,1,True,False
43009,lambda_initial_1,21,108,112,1.6600228795504794,1.83711730708738,4,False,False
43009,lambda_initial_1,22,112,116,1.83711730708738,2.033104508122147,0,False,False
43009,lambda_initial_1,23,116,120,2.033104508122147,1.3554030054147646,2,True,False
43009,lambda_initial_1,24,120,122,1.3554030054147646,1.499999999999997,3,False,False
43009,lambda_initial_1,25,122,124,1.499999999999997,1.6600228795504788,0,False,False
43009,lambda_initial_1,26,124,128,1.6600228795504788,1.8371173070873794,1,False,False
43009,lambda_initial_1,27,128,132,1.8371173070873794,2.033104508122146,1,False,False
43009,lambda_initial_1,28,132,136,2.033104508122146,2.2499999999999942,4,False,False
43009,lambda_initial_1,29,136,140,2.2499999999999942,2.490034319325717,3,False,False
43009,lambda_initial_1,30,140,144,2.490034319325717,2.7556759606310677,2,False,False
43009,lambda_initial_1,31,144,150,2.7556759606310677,3.0496567621832176,2,False,False
43009,lambda_initial_1,32,150,156,3.0496567621832176,2.033104508122145,3,True,False
43009,lambda_initial_1,33,156,160,2.033104508122145,2.2499999999999933,1,False,False
43009,lambda_initial_1,34,160,164,2.2499999999999933,1.4999999999999956,4,True,False
43009,lambda_initial_1,35,164,166,1.4999999999999956,1.6600228795504772,0,False,False
43009,lambda_initial_1,36,166,170,1.6600228795504772,1.8371173070873776,0,False,False
43009,lambda_initial_1,37,170,174,1.8371173070873776,2.033104508122144,1,False,False
43009,lambda_initial_1,38,174,178,2.033104508122144,2.2499999999999925,1,False,False
43009,lambda_initial_1,39,178,182,2.2499999999999925,2.490034319325715,1,False,False
43009,lambda_initial_1,40,182,186,2.490034319325715,1.6600228795504766,4,True,False
43009,lambda_initial_1,41,186,190,1.6600228795504766,1.837117307087377,1,False,False
43009,lambda_initial_1,42,190,194,1.837117307087377,2.0331045081221433,2,False,False
43009,lambda_initial_1,43,194,198,2.0331045081221433,2.2499999999999916,1,False,False
43009,lambda_initial_1,44,198,202,2.2499999999999916,1.4999999999999944,2,True,False
43009,lambda_initial_1,45,202,204,1.4999999999999944,1.6600228795504761,0,False,False
43009,lambda_initial_1,46,204,208,1.6600228795504761,1.8371173070873765,2,False,False
43009,lambda_initial_1,47,208,212,1.8371173070873765,2.033104508122143,2,False,False
43009,lambda_initial_1,48,212,216,2.033104508122143,2.2499999999999907,3,False,False
43009,lambda_initial_1,49,216,220,2.2499999999999907,2.490034319325713,4,False,False
43009,lambda_initial_1,50,220,224,2.490034319325713,2.7556759606310632,1,False,False
43009,lambda_initial_1,51,224,230,2.7556759606310632,3.0496567621832127,1,False,False
43009,lambda_initial_1,52,230,236,3.0496567621832127,3.3749999999999845,3,False,False
43009,lambda_initial_1,53,236,242,3.3749999999999845,3.735051478988568,4,False,False
43009,lambda_initial_1,54,242,250,3.735051478988568,4.133513940946593,4,False,False
43009,lambda_initial_1,55,250,258,4.133513940946593,4.574485143274817,4,False,False
43009,lambda_initial_1,56,258,268,4.574485143274817,5.062499999999974,8,False,False
43009,lambda_initial_1,57,268,278,5.062499999999974,5.602577218482849,5,False,False
43009,lambda_initial_1,58,278,290,5.602577218482849,3.735051478988566,5,True,False
43009,lambda_initial_1,59,290,298,3.735051478988566,4.1335139409465915,4,False,False
43009,lambda_initial_1,60,298,306,4.1335139409465915,4.574485143274815,6,False,False
43009,lambda_initial_1,61,306,316,4.574485143274815,5.0624999999999725,5,False,False
43009,lambda_initial_1,62,316,326,5.0624999999999725,3.374999999999982,6,True,False
43009,lambda_initial_1,63,326,332,3.374999999999982,3.7350514789885647,0,False,False
43009,lambda_initial_1,64,332,340,3.7350514789885647,4.13351394094659,5,False,False
43009,lambda_initial_1,65,340,348,4.13351394094659,4.5744851432748135,7,False,False
43009,lambda_initial_1,66,348,358,4.5744851432748135,5.062499999999971,3,False,False
43009,lambda_initial_1,67,358,368,5.062499999999971,5.602577218482845,10,False,False
43009,lambda_initial_1,68,368,380,5.602577218482845,6.200270911419882,3,False,False
43009,lambda_initial_1,69,380,392,6.200270911419882,6.861727714912218,5,False,False
43009,lambda_initial_1,70,392,400,6.861727714912218,7.593749999999953,5,False,True
43009,lambda_initial_5,1,50,60,5.0,3.3333333333333335,5,True,False
43009,lambda_initial_5,2,60,66,3.3333333333333335,3.688939732334405,2,False,False
43009,lambda_initial_5,3,66,74,3.688939732334405,4.0824829046386295,3,False,False
43009,lambda_initial_5,4,74,82,4.0824829046386295,4.518010018049223,5,False,False
43009,lambda_initial_5,5,82,92,4.518010018049223,4.999999999999998,2,False,False
43009,lambda_initial_5,6,92,102,4.999999999999998,5.533409598501605,5,False,False
43009,lambda_initial_5,7,102,114,5.533409598501605,6.123724356957942,8,False,False
43009,lambda_initial_5,8,114,126,6.123724356957942,6.777015027073832,5,False,False
43009,lambda_initial_5,9,126,140,6.777015027073832,4.518010018049221,8,True,False
43009,lambda_initial_5,10,140,150,4.518010018049221,3.0120066786994806,5,True,False
43009,lambda_initial_5,11,150,156,3.0120066786994806,3.3333333333333304,3,False,False
43009,lambda_initial_5,12,156,162,3.3333333333333304,2.22222222222222,8,True,False
43009,lambda_initial_5,13,162,166,2.22222222222222,2.459293154889601,4,False,False
43009,lambda_initial_5,14,166,170,2.459293154889601,2.7216552697590837,1,False,False
43009,lambda_initial_5,15,170,176,2.7216552697590837,3.0120066786994792,2,False,False
43009,lambda_initial_5,16,176,182,3.0120066786994792,3.333333333333329,3,False,False
43009,lambda_initial_5,17,182,188,3.333333333333329,3.6889397323344,4,False,False
43009,lambda_initial_5,18,188,196,3.6889397323344,4.082482904638624,3,False,False
43009,lambda_initial_5,19,196,204,4.082482904638624,4.518010018049217,2,False,False
43009,lambda_initial_5,20,204,214,4.518010018049217,4.999999999999991,7,False,False
43009,lambda_initial_5,21,214,224,4.999999999999991,5.533409598501597,7,False,False
43009,lambda_initial_5,22,224,236,5.533409598501597,6.123724356957933,4,False,False
43009,lambda_initial_5,23,236,248,6.123724356957933,6.777015027073822,10,False,False
43009,lambda_initial_5,24,248,262,6.777015027073822,7.499999999999983,6,False,False
43009,lambda_initial_5,25,262,276,7.499999999999983,8.300114397752392,10,False,False
43009,lambda_initial_5,26,276,292,8.300114397752392,9.185586535436894,7,False,False
43009,lambda_initial_5,27,292,310,9.185586535436894,6.123724356957929,14,True,False
43009,lambda_initial_5,28,310,322,6.123724356957929,6.777015027073817,7,False,False
43009,lambda_initial_5,29,322,336,6.777015027073817,7.499999999999979,7,False,False
43009,lambda_initial_5,30,336,350,7.499999999999979,8.300114397752388,9,False,False
43009,lambda_initial_5,31,350,366,8.300114397752388,9.18558653543689,6,False,False
43009,lambda_initial_5,32,366,384,9.18558653543689,10.165522540610723,6,False,False
43009,lambda_initial_5,33,384,400,10.165522540610723,6.777015027073816,7,True,True
43009,lambda_initial_10,1,50,70,10.0,6.666666666666667,11,True,False
43009,lambda_initial_10,2,70,84,6.666666666666667,4.444444444444445,6,True,False
43009,lambda_initial_10,3,84,92,4.444444444444445,4.918586309779207,1,False,False
43009,lambda_initial_10,4,92,102,4.918586309779207,5.443310539518173,5,False,False
43009,lambda_initial_10,5,102,112,5.443310539518173,6.024013357398964,2,False,False
43009,lambda_initial_10,6,112,124,6.024013357398964,6.666666666666664,2,False,False
43009,lambda_initial_10,7,124,138,6.666666666666664,4.444444444444443,2,True,False
43009,lambda_initial_10,8,138,146,4.444444444444443,4.918586309779204,2,False,False
43009,lambda_initial_10,9,146,156,4.918586309779204,3.279057539852803,2,True,False
43009,lambda_initial_10,10,156,162,3.279057539852803,3.628873693012113,3,False,False
43009,lambda_initial_10,11,162,170,3.628873693012113,4.01600890493264,2,False,False
43009,lambda_initial_10,12,170,178,4.01600890493264,4.44444444444444,5,False,False
43009,lambda_initial_10,13,178,186,4.44444444444444,4.918586309779202,1,False,False
43009,lambda_initial_10,14,186,196,4.918586309779202,5.443310539518167,4,False,False
43009,lambda_initial_10,15,196,206,5.443310539518167,6.0240133573989585,4,False,False
43009,lambda_initial_10,16,206,218,6.0240133573989585,4.016008904932639,6,True,False
43009,lambda_initial_10,17,218,226,4.016008904932639,2.677339269955093,3,True,False
43009,lambda_initial_10,18,226,232,2.677339269955093,1.7848928466367286,2,True,False
43009,lambda_initial_10,19,232,236,1.7848928466367286,1.9753086419753063,3,False,False
43009,lambda_initial_10,20,236,240,1.9753086419753063,2.186038359901867,4,False,False
43009,lambda_initial_10,21,240,244,2.186038359901867,1.4573589066012447,2,True,False
43009,lambda_initial_10,22,244,246,1.4573589066012447,1.612832752449827,2,False,False
43009,lambda_initial_10,23,246,250,1.612832752449827,1.7848928466367278,3,False,False
43009,lambda_initial_10,24,250,254,1.7848928466367278,1.9753086419753054,1,False,False
43009,lambda_initial_10,25,254,258,1.9753086419753054,2.186038359901866,2,False,False
43009,lambda_initial_10,26,258,262,2.186038359901866,2.4192491286747395,1,False,False
43009,lambda_initial_10,27,262,266,2.4192491286747395,2.6773392699550906,2,False,False
43009,lambda_initial_10,28,266,272,2.6773392699550906,2.962962962962957,0,False,False
43009,lambda_initial_10,29,272,278,2.962962962962957,3.279057539852798,2,False,False
43009,lambda_initial_10,30,278,284,3.279057539852798,3.6288736930121077,3,False,False
43009,lambda_initial_10,31,284,292,3.6288736930121077,4.016008904932635,6,False,False
43009,lambda_initial_10,32,292,300,4.016008904932635,4.444444444444434,2,False,False
43009,lambda_initial_10,33,300,308,4.444444444444434,4.918586309779195,3,False,False
43009,lambda_initial_10,34,308,318,4.918586309779195,5.443310539518159,3,False,False
43009,lambda_initial_10,35,318,328,5.443310539518159,6.02401335739895,6,False,False
43009,lambda_initial_10,36,328,340,6.02401335739895,6.666666666666648,5,False,False
43009,lambda_initial_10,37,340,354,6.666666666666648,7.37787946466879,6,False,False
43009,lambda_initial_10,38,354,368,7.37787946466879,8.164965809277236,13,False,False
43009,lambda_initial_10,39,368,384,8.164965809277236,9.03602003609842,7,False,False
43009,lambda_initial_10,40,384,400,9.03602003609842,9.999999999999968,8,False,True
43009,lambda_initial_20,1,50,90,20.0,13.333333333333334,21,True,False
43009,lambda_initial_20,2,90,116,13.333333333333334,14.75575892933762,9,False,False
43009,lambda_initial_20,3,116,146,14.75575892933762,9.837172619558414,16,True,False
43009,lambda_initial_20,4,146,166,9.837172619558414,10.886621079036345,10,False,False
43009,lambda_initial_20,5,166,188,10.886621079036345,7.2577473860242305,9,True,False
43009,lambda_initial_20,6,188,202,7.2577473860242305,8.032017809865286,5,False,False
43009,lambda_initial_20,7,202,218,8.032017809865286,8.888888888888886,4,False,False
43009,lambda_initial_20,8,218,236,8.888888888888886,9.837172619558409,10,False,False
43009,lambda_initial_20,9,236,256,9.837172619558409,10.88662107903634,11,False,False
43009,lambda_initial_20,10,256,278,10.88662107903634,7.257747386024227,15,True,False
43009,lambda_initial_20,11,278,292,7.257747386024227,4.838498257349484,5,True,False
43009,lambda_initial_20,12,292,302,4.838498257349484,5.3546785399101875,5,False,False
43009,lambda_initial_20,13,302,312,5.3546785399101875,5.925925925925921,4,False,False
43009,lambda_initial_20,14,312,324,5.925925925925921,3.950617283950614,11,True,False
43009,lambda_initial_20,15,324,332,3.950617283950614,4.372076719803736,2,False,False
43009,lambda_initial_20,16,332,340,4.372076719803736,4.838498257349483,5,False,False
43009,lambda_initial_20,17,340,350,4.838498257349483,5.354678539910186,5,False,False
43009,lambda_initial_20,18,350,360,5.354678539910186,5.9259259259259185,8,False,False
43009,lambda_initial_20,19,360,372,5.9259259259259185,6.5581150797056,8,False,False
43009,lambda_initial_20,20,372,386,6.5581150797056,7.257747386024221,9,False,False
43009,lambda_initial_20,21,386,400,7.257747386024221,8.032017809865275,9,False,False
43009,lambda_initial_40,1,50,130,40.0,26.666666666666668,40,True,False
43009,lambda_initial_40,2,130,184,26.666666666666668,17.77777777777778,29,True,False
43009,lambda_initial_40,3,184,220,17.77777777777778,11.851851851851853,15,True,False
43009,lambda_initial_40,4,220,244,11.851851851851853,7.901234567901235,13,True,False
43009,lambda_initial_40,5,244,260,7.901234567901235,5.267489711934156,9,True,False
43009,lambda_initial_40,6,260,270,5.267489711934156,5.829435626404986,2,False,False
43009,lambda_initial_40,7,270,282,5.829435626404986,6.451331009799316,4,False,False
43009,lambda_initial_40,8,282,294,6.451331009799316,7.13957138654692,4,False,False
43009,lambda_initial_40,9,294,308,7.13957138654692,7.9012345679012315,11,False,False
43009,lambda_initial_40,10,308,324,7.9012345679012315,5.267489711934155,10,True,False
43009,lambda_initial_40,11,324,334,5.267489711934155,5.829435626404984,8,False,False
43009,lambda_initial_40,12,334,346,5.829435626404984,3.886290417603323,5,True,False
43009,lambda_initial_40,13,346,354,3.886290417603323,4.300887339866209,2,False,False
43009,lambda_initial_40,14,354,362,4.300887339866209,4.759714257697945,6,False,False
43009,lambda_initial_40,15,362,372,4.759714257697945,5.267489711934153,7,False,False
43009,lambda_initial_40,16,372,382,5.267489711934153,5.829435626404981,5,False,False
43009,lambda_initial_40,17,382,394,5.829435626404981,6.45133100979931,12,False,False
43009,lambda_initial_40,18,394,400,6.45133100979931,7.139571386546915,3,False,True
43010,lambda_initial_1,1,50,52,1.0,1.1066819197003215,2,False,False
43010,lambda_initial_1,2,52,54,1.1066819197003215,1.2247448713915887,1,False,False
43010,lambda_initial_1,3,54,56,1.2247448713915887,1.0,2,True,False
43010,lambda_initial_1,4,56,58,1.0,1.1066819197003215,0,False,False
43010,lambda_initial_1,5,58,60,1.1066819197003215,1.2247448713915887,2,False,False
43010,lambda_initial_1,6,60,62,1.2247448713915887,1.3554030054147668,2,False,False
43010,lambda_initial_1,7,62,64,1.3554030054147668,1.4999999999999993,0,False,False
43010,lambda_initial_1,8,64,66,1.4999999999999993,1.6600228795504814,0,False,False
43010,lambda_initial_1,9,66,70,1.6600228795504814,1.106681919700321,2,True,False
43010,lambda_initial_1,10,70,72,1.106681919700321,1.2247448713915883,2,False,False
43010,lambda_initial_1,11,72,74,1.2247448713915883,1.3554030054147663,2,False,False
43010,lambda_initial_1,12,74,76,1.3554030054147663,1.499999999999999,1,False,False
43010,lambda_initial_1,13,76,78,1.499999999999999,1.660022879550481,1,False,False
43010,lambda_initial_1,14,78,82,1.660022879550481,1.8371173070873819,2,False,False
43010,lambda_initial_1,15,82,86,1.8371173070873819,2.0331045081221486,1,False,False
43010,lambda_initial_1,16,86,90,2.0331045081221486,2.2499999999999973,4,False,False
43010,lambda_initial_1,17,90,94,2.2499999999999973,2.49003431932572,3,False,False
43010,lambda_initial_1,18,94,98,2.49003431932572,2.7556759606310712,2,False,False
43010,lambda_initial_1,19,98,104,2.7556759606310712,3.0496567621832216,2,False,False
43010,lambda_initial_1,20,104,110,3.0496567621832216,3.3749999999999942,3,False,False
43010,lambda_initial_1,21,110,116,3.3749999999999942,3.7350514789885785,7,False,False
43010,lambda_initial_1,22,116,124,3.7350514789885785,2.490034319325719,4,True,False
43010,lambda_initial_1,23,124,128,2.490034319325719,2.75567596063107,5,False,False
43010,lambda_initial_1,24,128,134,2.75567596063107,1.8371173070873799,3,True,False
43010,lambda_initial_1,25,134,138,1.8371173070873799,2.0331045081221464,0,False,False
43010,lambda_initial_1,26,138,142,2.0331045081221464,2.2499999999999947,1,False,False
43010,lambda_initial_1,27,142,146,2.2499999999999947,2.4900343193257175,1,False,False
43010,lambda_initial_1,28,146,150,2.4900343193257175,1.6600228795504783,2,True,False
43010,lambda_initial_1,29,150,154,1.6600228795504783,1.1066819197003188,4,True,False
43010,lambda_initial_1,30,154,156,1.1066819197003188,1.2247448713915858,0,False,False
43010,lambda_initial_1,31,156,158,1.2247448713915858,1.3554030054147637,0,False,False
43010,lambda_initial_1,32,158,160,1.3554030054147637,1.0,1,True,False
43010,lambda_initial_1,33,160,162,1.0,1.1066819197003215,1,False,False
43010,lambda_initial_1,34,162,164,1.1066819197003215,1.2247448713915887,2,False,False
43010,lambda_initial_1,35,164,166,1.2247448713915887,1.3554030054147668,1,False,False
43010,lambda_initial_1,36,166,168,1.3554030054147668,1.4999999999999993,2,False,False
43010,lambda_initial_1,37,168,170,1.4999999999999993,1.6600228795504814,4,False,False
43010,lambda_initial_1,38,170,174,1.6600228795504814,1.8371173070873823,2,False,False
43010,lambda_initial_1,39,174,178,1.8371173070873823,2.033104508122149,1,False,False
43010,lambda_initial_1,40,178,182,2.033104508122149,1.355403005414766,2,True,False
43010,lambda_initial_1,41,182,184,1.355403005414766,1.0,1,True,False
43010,lambda_initial_1,42,184,186,1.0,1.1066819197003215,2,False,False
43010,lambda_initial_1,43,186,188,1.1066819197003215,1.2247448713915887,0,False,False
43010,lambda_initial_1,44,188,190,1.2247448713915887,1.3554030054147668,2,False,False
43010,lambda_initial_1,45,190,192,1.3554030054147668,1.4999999999999993,1,False,False
43010,lambda_initial_1,46,192,194,1.4999999999999993,1.6600228795504814,0,False,False
43010,lambda_initial_1,47,194,198,1.6600228795504814,1.8371173070873823,1,False,False
43010,lambda_initial_1,48,198,202,1.8371173070873823,1.2247448713915883,6,True,False
43010,lambda_initial_1,49,202,204,1.2247448713915883,1.3554030054147663,2,False,False
43010,lambda_initial_1,50,204,206,1.3554030054147663,1.499999999999999,0,False,False
43010,lambda_initial_1,51,206,208,1.499999999999999,1.660022879550481,0,False,False
43010,lambda_initial_1,52,208,212,1.660022879550481,1.1066819197003206,2,True,False
43010,lambda_initial_1,53,212,214,1.1066819197003206,1.2247448713915878,3,False,False
43010,lambda_initial_1,54,214,216,1.2247448713915878,1.3554030054147657,0,False,False
43010,lambda_initial_1,55,216,218,1.3554030054147657,1.499999999999998,3,False,False
43010,lambda_initial_1,56,218,220,1.499999999999998,1.6600228795504801,0,False,False
43010,lambda_initial_1,57,220,224,1.6600228795504801,1.837117307087381,1,False,False
43010,lambda_initial_1,58,224,228,1.837117307087381,2.0331045081221477,1,False,False
43010,lambda_initial_1,59,228,232,2.0331045081221477,2.2499999999999964,1,False,False
43010,lambda_initial_1,60,232,236,2.2499999999999964,2.4900343193257193,4,False,False
43010,lambda_initial_1,61,236,240,2.4900343193257193,2.7556759606310703,1,False,False
43010,lambda_initial_1,62,240,246,2.7556759606310703,3.0496567621832202,5,False,False
43010,lambda_initial_1,63,246,252,3.0496567621832202,3.374999999999993,5,False,False
43010,lambda_initial_1,64,252,258,3.374999999999993,3.735051478988577,2,False,False
43010,lambda_initial_1,65,258,266,3.735051478988577,4.133513940946604,4,False,False
43010,lambda_initial_1,66,266,274,4.133513940946604,4.574485143274829,2,False,False
43010,lambda_initial_1,67,274,284,4.574485143274829,5.062499999999988,5,False,False
43010,lambda_initial_1,68,284,294,5.062499999999988,5.602577218482864,5,False,False
43010,lambda_initial_1,69,294,306,5.602577218482864,6.200270911419904,5,False,False
43010,lambda_initial_1,70,306,318,6.200270911419904,6.861727714912241,8,False,False
43010,lambda_initial_1,71,318,332,6.861727714912241,7.593749999999979,5,False,False
43010,lambda_initial_1,72,332,348,7.593749999999979,8.403865827724292,5,False,False
43010,lambda_initial_1,73,348,364,8.403865827724292,9.30040636712985,9,False,False
43010,lambda_initial_1,74,364,382,9.30040636712985,10.292591572368355,10,False,False
43010,lambda_initial_1,75,382,400,10.292591572368355,11.390624999999961,12,False,True
43010,lambda_initial_5,1,50,60,5.0,5.533409598501607,7,False,False
43010,lambda_initial_5,2,60,72,5.533409598501607,3.6889397323344046,7,True,False
43010,lambda_initial_5,3,72,80,3.6889397323344046,2.459293154889603,2,True,False
43010,lambda_initial_5,4,80,84,2.459293154889603,2.721655269759086,0,False,False
43010,lambda_initial_5,5,84,90,2.721655269759086,3.0120066786994815,6,False,False
43010,lambda_initial_5,6,90,96,3.0120066786994815,2.008004452466321,4,True,False
43010,lambda_initial_5,7,96,100,2.008004452466321,2.222222222222221,3,False,False
43010,lambda_initial_5,8,100,104,2.222222222222221,2.4592931548896018,1,False,False
43010,lambda_initial_5,9,104,108,2.4592931548896018,2.7216552697590846,4,False,False
43010,lambda_initial_5,10,108,114,2.7216552697590846,3.01200667869948,2,False,False
43010,lambda_initial_5,11,114,120,3.01200667869948,3.33333333333333,3,False,False
43010,lambda_initial_5,12,120,126,3.33333333333333,3.688939732334401,5,False,False
43010,lambda_initial_5,13,126,134,3.688939732334401,4.082482904638625,8,False,False
43010,lambda_initial_5,14,134,142,4.082482904638625,4.518010018049218,4,False,False
43010,lambda_initial_5,15,142,152,4.518010018049218,4.999999999999993,7,False,False
43010,lambda_initial_5,16,152,162,4.999999999999993,5.533409598501599,3,False,False
43010,lambda_initial_5,17,162,174,5.533409598501599,6.1237243569579345,5,False,False
43010,lambda_initial_5,18,174,186,6.1237243569579345,4.082482904638623,6,True,False
43010,lambda_initial_5,19,186,194,4.082482904638623,2.7216552697590823,5,True,False
43010,lambda_initial_5,20,194,200,2.7216552697590823,3.0120066786994775,3,False,False
43010,lambda_initial_5,21,200,206,3.0120066786994775,3.3333333333333273,2,False,False
43010,lambda_initial_5,22,206,212,3.3333333333333273,3.6889397323343984,4,False,False
43010,lambda_initial_5,23,212,220,3.6889397323343984,2.459293154889599,4,True,False
43010,lambda_initial_5,24,220,224,2.459293154889599,2.7216552697590815,1,False,False
43010,lambda_initial_5,25,224,230,2.7216552697590815,3.0120066786994766,1,False,False
43010,lambda_initial_5,26,230,236,3.0120066786994766,3.333333333333326,1,False,False
43010,lambda_initial_5,27,236,242,3.333333333333326,2.2222222222222174,2,True,False
43010,lambda_initial_5,28,242,246,2.2222222222222174,2.459293154889598,3,False,False
43010,lambda_initial_5,29,246,250,2.459293154889598,1.6395287699263987,3,True,False
43010,lambda_initial_5,30,250,254,1.6395287699263987,1.8144368465060536,1,False,False
43010,lambda_initial_5,31,254,258,1.8144368465060536,2.008004452466317,2,False,False
43010,lambda_initial_5,32,258,262,2.008004452466317,2.2222222222222165,3,False,False
43010,lambda_initial_5,33,262,266,2.2222222222222165,2.459293154889597,1,False,False
43010,lambda_initial_5,34,266,270,2.459293154889597,2.7216552697590792,2,False,False
43010,lambda_initial_5,35,270,276,2.7216552697590792,1.8144368465060527,2,True,False
43010,lambda_initial_5,36,276,280,1.8144368465060527,2.008004452466316,1,False,False
43010,lambda_initial_5,37,280,284,2.008004452466316,1.338669634977544,3,True,False
43010,lambda_initial_5,38,284,286,1.338669634977544,1.481481481481477,1,False,False
43010,lambda_initial_5,39,286,288,1.481481481481477,1.0,1,True,False
43010,lambda_initial_5,40,288,290,1.0,1.0,2,True,False
43010,lambda_initial_5,41,290,292,1.0,1.1066819197003215,2,False,False
43010,lambda_initial_5,42,292,294,1.1066819197003215,1.2247448713915887,1,False,False
43010,lambda_initial_5,43,294,296,1.2247448713915887,1.3554030054147668,1,False,False
43010,lambda_initial_5,44,296,298,1.3554030054147668,1.4999999999999993,1,False,False
43010,lambda_initial_5,45,298,300,1.4999999999999993,1.6600228795504814,2,False,False
43010,lambda_initial_5,46,300,304,1.6600228795504814,1.8371173070873823,1,False,False
43010,lambda_initial_5,47,304,308,1.8371173070873823,2.033104508122149,1,False,False
43010,lambda_initial_5,48,308,312,2.033104508122149,2.249999999999998,4,False,False
43010,lambda_initial_5,49,312,316,2.249999999999998,2.490034319325721,2,False,False
43010,lambda_initial_5,50,316,320,2.490034319325721,2.755675960631072,2,False,False
43010,lambda_initial_5,51,320,326,2.755675960631072,3.0496567621832225,2,False,False
43010,lambda_initial_5,52,326,332,3.0496567621832225,3.3749999999999956,4,False,False
43010,lambda_initial_5,53,332,338,3.3749999999999956,3.7350514789885803,2,False,False
43010,lambda_initial_5,54,338,346,3.7350514789885803,4.133513940946607,5,False,False
43010,lambda_initial_5,55,346,354,4.133513940946607,2.7556759606310712,1,True,False
43010,lambda_initial_5,56,354,360,2.7556759606310712,3.0496567621832216,7,False,False
43010,lambda_initial_5,57,360,366,3.0496567621832216,3.3749999999999942,2,False,False
43010,lambda_initial_5,58,366,372,3.3749999999999942,3.7350514789885785,5,False,False
43010,lambda_initial_5,59,372,380,3.7350514789885785,4.133513940946605,4,False,False
43010,lambda_initial_5,60,380,388,4.133513940946605,4.57448514327483,2,False,False
43010,lambda_initial_5,61,388,398,4.57448514327483,5.062499999999989,4,False,False
43010,lambda_initial_5,62,398,400,5.062499999999989,5.602577218482866,6,False,True
43010,lambda_initial_10,1,50,70,10.0,6.666666666666667,13,True,False
43010,lambda_initial_10,2,70,84,6.666666666666667,4.444444444444445,9,True,False
43010,lambda_initial_10,3,84,92,4.444444444444445,2.9629629629629632,4,True,False
43010,lambda_initial_10,4,92,98,2.9629629629629632,3.2790575398528046,2,False,False
43010,lambda_initial_10,5,98,104,3.2790575398528046,2.1860383599018696,6,True,False
43010,lambda_initial_10,6,104,108,2.1860383599018696,2.419249128674743,2,False,False
43010,lambda_initial_10,7,108,112,2.419249128674743,2.6773392699550946,4,False,False
43010,lambda_initial_10,8,112,118,2.6773392699550946,2.9629629629629615,2,False,False
43010,lambda_initial_10,9,118,124,2.9629629629629615,1.9753086419753076,1,True,False
43010,lambda_initial_10,10,124,128,1.9753086419753076,2.1860383599018687,1,False,False
43010,lambda_initial_10,11,128,132,2.1860383599018687,2.419249128674742,2,False,False
43010,lambda_initial_10,12,132,136,2.419249128674742,2.6773392699550937,2,False,False
43010,lambda_initial_10,13,136,142,2.6773392699550937,2.9629629629629606,3,False,False
43010,lambda_initial_10,14,142,148,2.9629629629629606,3.279057539852802,6,False,False
43010,lambda_initial_10,15,148,154,3.279057539852802,3.628873693012112,5,False,False
43010,lambda_initial_10,16,154,162,3.628873693012112,4.016008904932639,2,False,False
43010,lambda_initial_10,17,162,170,4.016008904932639,4.444444444444439,5,False,False
43010,lambda_initial_10,18,170,178,4.444444444444439,4.918586309779201,4,False,False
43010,lambda_initial_10,19,178,188,4.918586309779201,3.2790575398528006,6,True,False
43010,lambda_initial_10,20,188,194,3.2790575398528006,3.628873693012111,5,False,False
43010,lambda_initial_10,21,194,202,3.628873693012111,4.0160089049326375,7,False,False
43010,lambda_initial_10,22,202,210,4.0160089049326375,4.4444444444444375,7,False,False
43010,lambda_initial_10,23,210,218,4.4444444444444375,4.918586309779199,4,False,False
43010,lambda_initial_10,24,218,228,4.918586309779199,5.443310539518164,5,False,False
43010,lambda_initial_10,25,228,238,5.443310539518164,6.024013357398954,8,False,False
43010,lambda_initial_10,26,238,250,6.024013357398954,6.666666666666654,6,False,False
43010,lambda_initial_10,27,250,264,6.666666666666654,7.377879464668795,7,False,False
43010,lambda_initial_10,28,264,278,7.377879464668795,4.918586309779196,8,True,False
43010,lambda_initial_10,29,278,288,4.918586309779196,5.443310539518161,5,False,False
43010,lambda_initial_10,30,288,298,5.443310539518161,3.6288736930121073,9,True,False
43010,lambda_initial_10,31,298,306,3.6288736930121073,2.419249128674738,1,True,False
43010,lambda_initial_10,32,306,310,2.419249128674738,2.6773392699550893,1,False,False
43010,lambda_initial_10,33,310,316,2.6773392699550893,1.7848928466367262,3,True,False
43010,lambda_initial_10,34,316,320,1.7848928466367262,1.1899285644244841,3,True,False
43010,lambda_initial_10,35,320,322,1.1899285644244841,1.3168724279835358,2,False,False
43010,lambda_initial_10,36,322,324,1.3168724279835358,1.4573589066012427,1,False,False
43010,lambda_initial_10,37,324,326,1.4573589066012427,1.6128327524498247,1,False,False
43010,lambda_initial_10,38,326,330,1.6128327524498247,1.7848928466367253,4,False,False
43010,lambda_initial_10,39,330,334,1.7848928466367253,1.9753086419753028,2,False,False
43010,lambda_initial_10,40,334,338,1.9753086419753028,2.186038359901863,3,False,False
43010,lambda_initial_10,41,338,342,2.186038359901863,2.419249128674736,0,False,False
43010,lambda_initial_10,42,342,346,2.419249128674736,2.6773392699550866,1,False,False
43010,lambda_initial_10,43,346,352,2.6773392699550866,2.9629629629629526,2,False,False
43010,lambda_initial_10,44,352,358,2.9629629629629526,3.279057539852793,4,False,False
43010,lambda_initial_10,45,358,364,3.279057539852793,3.6288736930121024,6,False,False
43010,lambda_initial_10,46,364,372,3.6288736930121024,4.016008904932629,5,False,False
43010,lambda_initial_10,47,372,380,4.016008904932629,2.6773392699550858,3,True,False
43010,lambda_initial_10,48,380,386,2.6773392699550858,1.7848928466367238,2,True,False
43010,lambda_initial_10,49,386,390,1.7848928466367238,1.975308641975301,1,False,False
43010,lambda_initial_10,50,390,394,1.975308641975301,2.186038359901861,0,False,False
43010,lambda_initial_10,51,394,398,2.186038359901861,2.4192491286747337,0,False,False
43010,lambda_initial_10,52,398,400,2.4192491286747337,2.6773392699550844,1,False,True
43010,lambda_initial_20,1,50,90,20.0,13.333333333333334,23,True,False
43010,lambda_initial_20,2,90,116,13.333333333333334,8.88888888888889,15,True,False
43010,lambda_initial_20,3,116,134,8.88888888888889,9.837172619558414,11,False,False
43010,lambda_initial_20,4,134,154,9.837172619558414,10.886621079036345,5,False,False
43010,lambda_initial_20,5,154,176,10.886621079036345,12.048026714797928,10,False,False
43010,lambda_initial_20,6,176,200,12.048026714797928,8.032017809865286,12,True,False
43010,lambda_initial_20,7,200,216,8.032017809865286,5.35467853991019,12,True,False
43010,lambda_initial_20,8,216,226,5.35467853991019,3.56978569327346,6,True,False
43010,lambda_initial_20,9,226,234,3.56978569327346,3.9506172839506157,2,False,False
43010,lambda_initial_20,10,234,242,3.9506172839506157,4.372076719803737,3,False,False
43010,lambda_initial_20,11,242,250,4.372076719803737,4.838498257349484,2,False,False
43010,lambda_initial_20,12,250,260,4.838498257349484,5.3546785399101875,6,False,False
43010,lambda_initial_20,13,260,270,5.3546785399101875,5.925925925925921,13,False,False
43010,lambda_initial_20,14,270,282,5.925925925925921,6.558115079705604,5,False,False
43010,lambda_initial_20,15,282,296,6.558115079705604,7.257747386024224,11,False,False
43010,lambda_initial_20,16,296,310,7.257747386024224,4.838498257349483,8,True,False
43010,lambda_initial_20,17,310,320,4.838498257349483,5.354678539910186,3,False,False
43010,lambda_initial_20,18,320,330,5.354678539910186,5.9259259259259185,2,False,False
43010,lambda_initial_20,19,330,342,5.9259259259259185,6.5581150797056,6,False,False
43010,lambda_initial_20,20,342,356,6.5581150797056,7.257747386024221,9,False,False
43010,lambda_initial_20,21,356,370,7.257747386024221,8.032017809865275,11,False,False
43010,lambda_initial_20,22,370,386,8.032017809865275,5.354678539910183,11,True,False
43010,lambda_initial_20,23,386,396,5.354678539910183,5.925925925925916,3,False,False
43010,lambda_initial_20,24,396,400,5.925925925925916,6.558115079705598,8,False,True
43010,lambda_initial_40,1,50,130,40.0,26.666666666666668,40,True,False
43010,lambda_initial_40,2,130,184,26.666666666666668,17.77777777777778,24,True,False
43010,lambda_initial_40,3,184,220,17.77777777777778,19.67434523911683,20,False,False
43010,lambda_initial_40,4,220,260,19.67434523911683,21.77324215807269,17,False,False
43010,lambda_initial_40,5,260,304,21.77324215807269,24.096053429595855,28,False,False
43010,lambda_initial_40,6,304,352,24.096053429595855,26.666666666666657,21,False,False
43010,lambda_initial_40,7,352,400,26.666666666666657,17.77777777777777,31,True,True
43011,lambda_initial_1,1,50,52,1.0,1.1066819197003215,1,False,False
43011,lambda_initial_1,2,52,54,1.1066819197003215,1.0,1,True,False
43011,lambda_initial_1,3,54,56,1.0,1.1066819197003215,0,False,False
43011,lambda_initial_1,4,56,58,1.1066819197003215,1.0,1,True,False
43011,lambda_initial_1,5,58,60,1.0,1.1066819197003215,1,False,False
43011,lambda_initial_1,6,60,62,1.1066819197003215,1.2247448713915887,0,False,False
43011,lambda_initial_1,7,62,64,1.2247448713915887,1.3554030054147668,1,False,False
43011,lambda_initial_1,8,64,66,1.3554030054147668,1.4999999999999993,3,False,False
43011,lambda_initial_1,9,66,68,1.4999999999999993,1.6600228795504814,2,False,False
43011,lambda_initial_1,10,68,72,1.6600228795504814,1.8371173070873823,2,False,False
43011,lambda_initial_1,11,72,76,1.8371173070873823,2.033104508122149,0,False,False
43011,lambda_initial_1,12,76,80,2.033104508122149,1.355403005414766,1,True,False
43011,lambda_initial_1,13,80,82,1.355403005414766,1.4999999999999987,2,False,False
43011,lambda_initial_1,14,82,84,1.4999999999999987,1.6600228795504808,2,False,False
43011,lambda_initial_1,15,84,88,1.6600228795504808,1.8371173070873816,1,False,False
43011,lambda_initial_1,16,88,92,1.8371173070873816,2.0331045081221486,0,False,False
43011,lambda_initial_1,17,92,96,2.0331045081221486,2.2499999999999973,2,False,False
43011,lambda_initial_1,18,96,100,2.2499999999999973,1.4999999999999982,2,True,False
43011,lambda_initial_1,19,100,102,1.4999999999999982,1.6600228795504803,1,False,False
43011,lambda_initial_1,20,102,106,1.6600228795504803,1.8371173070873812,3,False,False
43011,lambda_initial_1,21,106,110,1.8371173070873812,2.033104508122148,2,False,False
43011,lambda_initial_1,22,110,114,2.033104508122148,2.249999999999997,3,False,False
43011,lambda_initial_1,23,114,118,2.249999999999997,2.4900343193257197,1,False,False
43011,lambda_initial_1,24,118,122,2.4900343193257197,2.755675960631071,3,False,False
43011,lambda_initial_1,25,122,128,2.755675960631071,3.049656762183221,4,False,False
43011,lambda_initial_1,26,128,134,3.049656762183221,3.374999999999994,3,False,False
43011,lambda_initial_1,27,134,140,3.374999999999994,3.735051478988578,5,False,False
43011,lambda_initial_1,28,140,148,3.735051478988578,4.133513940946605,5,False,False
43011,lambda_initial_1,29,148,156,4.133513940946605,4.57448514327483,4,False,False
43011,lambda_initial_1,30,156,166,4.57448514327483,5.062499999999989,8,False,False
43011,lambda_initial_1,31,166,176,5.062499999999989,5.602577218482866,3,False,False
43011,lambda_initial_1,32,176,188,5.602577218482866,6.2002709114199055,3,False,False
43011,lambda_initial_1,33,188,200,6.2002709114199055,6.861727714912243,6,False,False
43011,lambda_initial_1,34,200,214,6.861727714912243,7.593749999999981,8,False,False
43011,lambda_initial_1,35,214,230,7.593749999999981,8.403865827724296,5,False,False
43011,lambda_initial_1,36,230,246,8.403865827724296,9.300406367129854,4,False,False
43011,lambda_initial_1,37,246,264,9.300406367129854,10.29259157236836,13,False,False
43011,lambda_initial_1,38,264,284,10.29259157236836,11.390624999999968,7,False,False
43011,lambda_initial_1,39,284,306,11.390624999999968,12.605798741586439,9,False,False
43011,lambda_initial_1,40,306,332,12.605798741586439,13.950609550694777,17,False,False
43011,lambda_initial_1,41,332,360,13.950609550694777,15.438887358552535,16,False,False
43011,lambda_initial_1,42,360,390,15.438887358552535,17.085937499999943,12,False,False
43011,lambda_initial_1,43,390,400,17.085937499999943,18.90869811237965,18,False,True
43011,lambda_initial_5,1,50,60,5.0,3.3333333333333335,5,True,False
43011,lambda_initial_5,2,60,66,3.3333333333333335,3.688939732334405,4,False,False
43011,lambda_initial_5,3,66,74,3.688939732334405,4.0824829046386295,3,False,False
43011,lambda_initial_5,4,74,82,4.0824829046386295,4.518010018049223,3,False,False
43011,lambda_initial_5,5,82,92,4.518010018049223,4.999999999999998,6,False,False
43011,lambda_initial_5,6,92,102,4.999999999999998,5.533409598501605,4,False,False
43011,lambda_initial_5,7,102,114,5.533409598501605,6.123724356957942,5,False,False
43011,lambda_initial_5,8,114,126,6.123724356957942,6.777015027073832,5,False,False
43011,lambda_initial_5,9,126,140,6.777015027073832,7.499999999999994,6,False,False
43011,lambda_initial_5,10,140,154,7.499999999999994,8.300114397752404,6,False,False
43011,lambda_initial_5,11,154,170,8.300114397752404,9.185586535436908,10,False,False
43011,lambda_initial_5,12,170,188,9.185586535436908,10.165522540610743,9,False,False
43011,lambda_initial_5,13,188,208,10.165522540610743,11.249999999999986,7,False,False
43011,lambda_initial_5,14,208,230,11.249999999999986,12.450171596628602,14,False,False
43011,lambda_initial_5,15,230,254,12.450171596628602,13.778379803155358,18,False,False
43011,lambda_initial_5,16,254,282,13.778379803155358,15.24828381091611,16,False,False
43011,lambda_initial_5,17,282,312,15.24828381091611,16.874999999999975,12,False,False
43011,lambda_initial_5,18,312,346,16.874999999999975,18.675257394942896,12,False,False
43011,lambda_initial_5,19,346,384,18.675257394942896,20.66756970473303,19,False,False
43011,lambda_initial_5,20,384,400,20.66756970473303,22.872425716374156,17,False,True
43011,lambda_initial_10,1,50,70,10.0,11.066819197003214,10,False,False
43011,lambda_initial_10,2,70,92,11.066819197003214,7.377879464668809,8,True,False
43011,lambda_initial_10,3,92,106,7.377879464668809,8.164965809277257,5,False,False
43011,lambda_initial_10,4,106,122,8.164965809277257,9.036020036098444,8,False,False
43011,lambda_initial_10,5,122,140,9.036020036098444,9.999999999999995,8,False,False
43011,lambda_initial_10,6,140,160,9.999999999999995,11.066819197003209,12,False,False
43011,lambda_initial_10,7,160,182,11.066819197003209,12.247448713915881,14,False,False
43011,lambda_initial_10,8,182,206,12.247448713915881,13.554030054147661,7,False,False
43011,lambda_initial_10,9,206,234,13.554030054147661,14.999999999999986,18,False,False
43011,lambda_initial_10,10,234,264,14.999999999999986,16.60022879550481,13,False,False
43011,lambda_initial_10,11,264,298,16.60022879550481,18.371173070873816,20,False,False
43011,lambda_initial_10,12,298,334,18.371173070873816,20.331045081221486,17,False,False
43011,lambda_initial_10,13,334,374,20.331045081221486,22.49999999999997,17,False,False
43011,lambda_initial_10,14,374,400,22.49999999999997,24.900343193257203,24,False,True
43011,lambda_initial_20,1,50,90,20.0,13.333333333333334,20,True,False
43011,lambda_initial_20,2,90,116,13.333333333333334,14.75575892933762,14,False,False
43011,lambda_initial_20,3,116,146,14.75575892933762,16.329931618554518,15,False,False
43011,lambda_initial_20,4,146,178,16.329931618554518,18.07204007219689,18,False,False
43011,lambda_initial_20,5,178,214,18.07204007219689,19.999999999999993,17,False,False
43011,lambda_initial_20,6,214,254,19.999999999999993,22.13363839400642,14,False,False
43011,lambda_initial_20,7,254,298,22.13363839400642,24.494897427831766,22,False,False
43011,lambda_initial_20,8,298,346,24.494897427831766,27.108060108295327,28,False,False
43011,lambda_initial_20,9,346,400,27.108060108295327,29.999999999999975,27,False,False
43011,lambda_initial_40,1,50,130,40.0,26.666666666666668,40,True,False
43011,lambda_initial_40,2,130,184,26.666666666666668,29.51151785867524,28,False,False
43011,lambda_initial_40,3,184,244,29.51151785867524,32.659863237109036,31,False,False
43011,lambda_initial_40,4,244,310,32.659863237109036,36.14408014439378,30,False,False
43011,lambda_initial_40,5,310,382,36.14408014439378,39.999999999999986,35,False,False
43011,lambda_initial_40,6,382,400,39.999999999999986,40.0,40,False,True
43012,lambda_initial_1,1,50,52,1.0,1.1066819197003215,0,False,False
43012,lambda_initial_1,2,52,54,1.1066819197003215,1.2247448713915887,1,False,False
43012,lambda_initial_1,3,54,56,1.2247448713915887,1.3554030054147668,2,False,False
43012,lambda_initial_1,4,56,58,1.3554030054147668,1.4999999999999993,3,False,False
43012,lambda_initial_1,5,58,60,1.4999999999999993,1.6600228795504814,1,False,False
43012,lambda_initial_1,6,60,64,1.6600228795504814,1.8371173070873823,0,False,False
43012,lambda_initial_1,7,64,68,1.8371173070873823,2.033104508122149,0,False,False
43012,lambda_initial_1,8,68,72,2.033104508122149,1.355403005414766,2,True,False
43012,lambda_initial_1,9,72,74,1.355403005414766,1.4999999999999987,0,False,False
43012,lambda_initial_1,10,74,76,1.4999999999999987,1.6600228795504808,2,False,False
43012,lambda_initial_1,11,76,80,1.6600228795504808,1.8371173070873816,0,False,False
43012,lambda_initial_1,12,80,84,1.8371173070873816,1.2247448713915878,1,True,False
43012,lambda_initial_1,13,84,86,1.2247448713915878,1.0,2,True,False
43012,lambda_initial_1,14,86,88,1.0,1.1066819197003215,1,False,False
43012,lambda_initial_1,15,88,90,1.1066819197003215,1.2247448713915887,0,False,False
43012,lambda_initial_1,16,90,92,1.2247448713915887,1.3554030054147668,1,False,False
43012,lambda_initial_1,17,92,94,1.3554030054147668,1.4999999999999993,1,False,False
43012,lambda_initial_1,18,94,96,1.4999999999999993,1.6600228795504814,3,False,False
43012,lambda_initial_1,19,96,100,1.6600228795504814,1.8371173070873823,4,False,False
43012,lambda_initial_1,20,100,104,1.8371173070873823,2.033104508122149,1,False,False
43012,lambda_initial_1,21,104,108,2.033104508122149,2.249999999999998,2,False,False
43012,lambda_initial_1,22,108,112,2.249999999999998,2.490034319325721,3,False,False
43012,lambda_initial_1,23,112,116,2.490034319325721,1.6600228795504808,2,True,False
43012,lambda_initial_1,24,116,120,1.6600228795504808,1.8371173070873816,3,False,False
43012,lambda_initial_1,25,120,124,1.8371173070873816,1.2247448713915878,2,True,False
43012,lambda_initial_1,26,124,126,1.2247448713915878,1.3554030054147657,2,False,False
43012,lambda_initial_1,27,126,128,1.3554030054147657,1.499999999999998,1,False,False
43012,lambda_initial_1,28,128,130,1.499999999999998,1.6600228795504801,4,False,False
43012,lambda_initial_1,29,130,134,1.6600228795504801,1.837117307087381,0,False,False
43012,lambda_initial_1,30,134,138,1.837117307087381,2.0331045081221477,1,False,False
43012,lambda_initial_1,31,138,142,2.0331045081221477,2.2499999999999964,2,False,False
43012,lambda_initial_1,32,142,146,2.2499999999999964,2.4900343193257193,4,False,False
43012,lambda_initial_1,33,146,150,2.4900343193257193,2.7556759606310703,2,False,False
43012,lambda_initial_1,34,150,156,2.7556759606310703,3.0496567621832202,0,False,False
43012,lambda_initial_1,35,156,162,3.0496567621832202,3.374999999999993,4,False,False
43012,lambda_initial_1,36,162,168,3.374999999999993,3.735051478988577,3,False,False
43012,lambda_initial_1,37,168,176,3.735051478988577,4.133513940946604,2,False,False
43012,lambda_initial_1,38,176,184,4.133513940946604,4.574485143274829,3,False,False
43012,lambda_initial_1,39,184,194,4.574485143274829,5.062499999999988,5,False,False
43012,lambda_initial_1,40,194,204,5.062499999999988,5.602577218482864,2,False,False
43012,lambda_initial_1,41,204,216,5.602577218482864,6.200270911419904,5,False,False
43012,lambda_initial_1,42,216,228,6.200270911419904,6.861727714912241,7,False,False
43012,lambda_initial_1,43,228,242,6.861727714912241,7.593749999999979,9,False,False
43012,lambda_initial_1,44,242,258,7.593749999999979,8.403865827724292,8,False,False
43012,lambda_initial_1,45,258,274,8.403865827724292,9.30040636712985,9,False,False
43012,lambda_initial_1,46,274,292,9.30040636712985,10.292591572368355,9,False,False
43012,lambda_initial_1,47,292,312,10.292591572368355,11.390624999999961,11,False,False
43012,lambda_initial_1,48,312,334,11.390624999999961,7.593749999999974,13,True,False
43012,lambda_initial_1,49,334,350,7.593749999999974,8.403865827724287,5,False,False
43012,lambda_initial_1,50,350,366,8.403865827724287,9.300406367129845,10,False,False
43012,lambda_initial_1,51,366,384,9.300406367129845,10.29259157236835,8,False,False
43012,lambda_initial_1,52,384,400,10.29259157236835,11.390624999999956,13,False,True
43012,lambda_initial_5,1,50,60,5.0,3.3333333333333335,2,True,False
43012,lambda_initial_5,2,60,66,3.3333333333333335,3.688939732334405,1,False,False
43012,lambda_initial_5,3,66,74,3.688939732334405,4.0824829046386295,2,False,False
43012,lambda_initial_5,4,74,82,4.0824829046386295,2.7216552697590863,5,True,False
43012,lambda_initial_5,5,82,88,2.7216552697590863,1.8144368465060576,2,True,False
43012,lambda_initial_5,6,88,92,1.8144368465060576,2.0080044524663214,3,False,False
43012,lambda_initial_5,7,92,96,2.0080044524663214,2.2222222222222214,1,False,False
43012,lambda_initial_5,8,96,100,2.2222222222222214,2.459293154889602,2,False,False
43012,lambda_initial_5,9,100,104,2.459293154889602,2.721655269759085,6,False,False
43012,lambda_initial_5,10,104,110,2.721655269759085,1.8144368465060567,2,True,False
43012,lambda_initial_5,11,110,114,1.8144368465060567,2.0080044524663205,3,False,False
43012,lambda_initial_5,12,114,118,2.0080044524663205,1.338669634977547,5,True,False
43012,lambda_initial_5,13,118,120,1.338669634977547,1.4814814814814805,1,False,False
43012,lambda_initial_5,14,120,122,1.4814814814814805,1.6395287699264012,1,False,False
43012,lambda_initial_5,15,122,126,1.6395287699264012,1.8144368465060563,2,False,False
43012,lambda_initial_5,16,126,130,1.8144368465060563,2.00800445246632,3,False,False
43012,lambda_initial_5,17,130,134,2.00800445246632,2.22222222222222,1,False,False
43012,lambda_initial_5,18,134,138,2.22222222222222,2.459293154889601,3,False,False
43012,lambda_initial_5,19,138,142,2.459293154889601,2.7216552697590837,2,False,False
43012,lambda_initial_5,20,142,148,2.7216552697590837,3.0120066786994792,1,False,False
43012,lambda_initial_5,21,148,154,3.0120066786994792,3.333333333333329,2,False,False
43012,lambda_initial_5,22,154,160,3.333333333333329,3.6889397323344,7,False,False
43012,lambda_initial_5,23,160,168,3.6889397323344,4.082482904638624,5,False,False
43012,lambda_initial_5,24,168,176,4.082482904638624,4.518010018049217,6,False,False
43012,lambda_initial_5,25,176,186,4.518010018049217,4.999999999999991,2,False,False
43012,lambda_initial_5,26,186,196,4.999999999999991,5.533409598501597,4,False,False
43012,lambda_initial_5,27,196,208,5.533409598501597,6.123724356957933,4,False,False
43012,lambda_initial_5,28,208,220,6.123724356957933,4.0824829046386215,7,True,False
43012,lambda_initial_5,29,220,228,4.0824829046386215,4.518010018049214,2,False,False
43012,lambda_initial_5,30,228,238,4.518010018049214,4.9999999999999885,8,False,False
43012,lambda_initial_5,31,238,248,4.9999999999999885,3.3333333333333255,4,True,False
43012,lambda_initial_5,32,248,254,3.3333333333333255,3.688939732334396,4,False,False
43012,lambda_initial_5,33,254,262,3.688939732334396,4.08248290463862,6,False,False
43012,lambda_initial_5,34,262,270,4.08248290463862,2.7216552697590797,3,True,False
43012,lambda_initial_5,35,270,276,2.7216552697590797,1.8144368465060532,2,True,False
43012,lambda_initial_5,36,276,280,1.8144368465060532,2.0080044524663165,1,False,False
43012,lambda_initial_5,37,280,284,2.0080044524663165,2.222222222222216,1,False,False
43012,lambda_initial_5,38,284,288,2.222222222222216,2.4592931548895964,4,False,False
43012,lambda_initial_5,39,288,292,2.4592931548895964,2.721655269759079,2,False,False
43012,lambda_initial_5,40,292,298,2.721655269759079,3.0120066786994735,2,False,False
43012,lambda_initial_5,41,298,304,3.0120066786994735,3.333333333333323,5,False,False
43012,lambda_initial_5,42,304,310,3.333333333333323,3.688939732334393,1,False,False
43012,lambda_initial_5,43,310,318,3.688939732334393,4.082482904638616,7,False,False
43012,lambda_initial_5,44,318,326,4.082482904638616,4.518010018049209,1,False,False
43012,lambda_initial_5,45,326,336,4.518010018049209,4.999999999999982,2,False,False
43012,lambda_initial_5,46,336,346,4.999999999999982,5.533409598501588,5,False,False
43012,lambda_initial_5,47,346,358,5.533409598501588,6.123724356957922,3,False,False
43012,lambda_initial_5,48,358,370,6.123724356957922,6.77701502707381,3,False,False
43012,lambda_initial_5,49,370,384,6.77701502707381,7.499999999999971,10,False,False
43012,lambda_initial_5,50,384,398,7.499999999999971,8.30011439775238,7,False,False
43012,lambda_initial_5,51,398,400,8.30011439775238,9.185586535436881,7,False,True
43012,lambda_initial_10,1,50,70,10.0,6.666666666666667,7,True,False
43012,lambda_initial_10,2,70,84,6.666666666666667,7.37787946466881,9,False,False
43012,lambda_initial_10,3,84,98,7.37787946466881,8.164965809277259,6,False,False
43012,lambda_initial_10,4,98,114,8.164965809277259,9.036020036098446,10,False,False
43012,lambda_initial_10,5,114,132,9.036020036098446,6.024013357398964,8,True,False
43012,lambda_initial_10,6,132,144,6.024013357398964,6.666666666666664,7,False,False
43012,lambda_initial_10,7,144,158,6.666666666666664,7.3778794646688075,9,False,False
43012,lambda_initial_10,8,158,172,7.3778794646688075,8.164965809277255,8,False,False
43012,lambda_initial_10,9,172,188,8.164965809277255,9.036020036098442,11,False,False
43012,lambda_initial_10,10,188,206,9.036020036098442,9.999999999999993,8,False,False
43012,lambda_initial_10,11,206,226,9.999999999999993,6.666666666666662,13,True,False
43012,lambda_initial_10,12,226,240,6.666666666666662,7.377879464668804,5,False,False
43012,lambda_initial_10,13,240,254,7.377879464668804,8.164965809277252,6,False,False
43012,lambda_initial_10,14,254,270,8.164965809277252,9.036020036098439,12,False,False
43012,lambda_initial_10,15,270,288,9.036020036098439,9.999999999999988,12,False,False
43012,lambda_initial_10,16,288,308,9.999999999999988,11.066819197003202,12,False,False
43012,lambda_initial_10,17,308,330,11.066819197003202,12.247448713915874,9,False,False
43012,lambda_initial_10,18,330,354,12.247448713915874,8.16496580927725,7,True,False
43012,lambda_initial_10,19,354,370,8.16496580927725,5.4433105395181665,11,True,False
43012,lambda_initial_10,20,370,380,5.4433105395181665,6.024013357398957,9,False,False
43012,lambda_initial_10,21,380,392,6.024013357398957,6.666666666666656,8,False,False
43012,lambda_initial_10,22,392,400,6.666666666666656,7.377879464668799,5,False,True
43012,lambda_initial_20,1,50,90,20.0,13.333333333333334,16,True,False
43012,lambda_initial_20,2,90,116,13.333333333333334,8.88888888888889,14,True,False
43012,lambda_initial_20,3,116,134,8.88888888888889,5.9259259259259265,11,True,False
43012,lambda_initial_20,4,134,146,5.9259259259259265,6.558115079705609,5,False,False
43012,lambda_initial_20,5,146,160,6.558115079705609,7.2577473860242305,7,False,False
43012,lambda_initial_20,6,160,174,7.2577473860242305,8.032017809865286,7,False,False
43012,lambda_initial_20,7,174,190,8.032017809865286,8.888888888888886,13,False,False
43012,lambda_initial_20,8,190,208,8.888888888888886,9.837172619558409,8,False,False
43012,lambda_initial_20,9,208,228,9.837172619558409,10.88662107903634,13,False,False
43012,lambda_initial_20,10,228,250,10.88662107903634,7.257747386024227,12,True,False
43012,lambda_initial_20,11,250,264,7.257747386024227,4.838498257349484,9,True,False
43012,lambda_initial_20,12,264,274,4.838498257349484,5.3546785399101875,5,False,False
43012,lambda_initial_20,13,274,284,5.3546785399101875,3.569785693273458,3,True,False
43012,lambda_initial_20,14,284,292,3.569785693273458,3.9506172839506135,5,False,False
43012,lambda_initial_20,15,292,300,3.9506172839506135,4.372076719803735,4,False,False
43012,lambda_initial_20,16,300,308,4.372076719803735,2.91471781320249,1,True,False
43012,lambda_initial_20,17,308,314,2.91471781320249,3.2256655048996543,8,False,False
43012,lambda_initial_20,18,314,320,3.2256655048996543,2.150443669933103,2,True,False
43012,lambda_initial_20,19,320,324,2.150443669933103,2.379857128848971,3,False,False
43012,lambda_initial_20,20,324,328,2.379857128848971,2.6337448559670746,2,False,False
43012,lambda_initial_20,21,328,334,2.6337448559670746,2.914717813202489,1,False,False
43012,lambda_initial_20,22,334,340,2.914717813202489,3.2256655048996534,3,False,False
43012,lambda_initial_20,23,340,346,3.2256655048996534,3.569785693273455,1,False,False
43012,lambda_initial_20,24,346,354,3.569785693273455,3.9506172839506104,3,False,False
43012,lambda_initial_20,25,354,362,3.9506172839506104,4.372076719803731,5,False,False
43012,lambda_initial_20,26,362,370,4.372076719803731,4.838498257349478,11,False,False
43012,lambda_initial_20,27,370,380,4.838498257349478,5.35467853991018,15,False,False
43012,lambda_initial_20,28,380,390,5.35467853991018,5.925925925925913,4,False,False
43012,lambda_initial_20,29,390,400,5.925925925925913,6.558115079705595,5,False,True
43012,lambda_initial_40,1,50,130,40.0,26.666666666666668,40,True,False
43012,lambda_initial_40,2,130,184,26.666666666666668,17.77777777777778,24,True,False
43012,lambda_initial_40,3,184,220,17.77777777777778,11.851851851851853,18,True,False
43012,lambda_initial_40,4,220,244,11.851851851851853,7.901234567901235,17,True,False
43012,lambda_initial_40,5,244,260,7.901234567901235,8.744153439607478,9,False,False
43012,lambda_initial_40,6,260,278,8.744153439607478,5.829435626404986,8,True,False
43012,lambda_initial_40,7,278,290,5.829435626404986,6.451331009799316,5,False,False
43012,lambda_initial_40,8,290,302,6.451331009799316,7.13957138654692,7,False,False
43012,lambda_initial_40,9,302,316,7.13957138654692,7.9012345679012315,8,False,False
43012,lambda_initial_40,10,316,332,7.9012345679012315,8.744153439607475,10,False,False
43012,lambda_initial_40,11,332,350,8.744153439607475,9.676996514698969,9,False,False
43012,lambda_initial_40,12,350,370,9.676996514698969,10.709357079820375,12,False,False
43012,lambda_initial_40,13,370,392,10.709357079820375,11.851851851851842,9,False,False
43012,lambda_initial_40,14,392,400,11.851851851851842,13.116230159411208,11,False,True
43013,lambda_initial_1,1,50,52,1.0,1.1066819197003215,0,False,False
43013,lambda_initial_1,2,52,54,1.1066819197003215,1.2247448713915887,1,False,False
43013,lambda_initial_1,3,54,56,1.2247448713915887,1.3554030054147668,0,False,False
43013,lambda_initial_1,4,56,58,1.3554030054147668,1.4999999999999993,2,False,False
43013,lambda_initial_1,5,58,60,1.4999999999999993,1.6600228795504814,1,False,False
43013,lambda_initial_1,6,60,64,1.6600228795504814,1.106681919700321,3,True,False
43013,lambda_initial_1,7,64,66,1.106681919700321,1.2247448713915883,0,False,False
43013,lambda_initial_1,8,66,68,1.2247448713915883,1.3554030054147663,1,False,False
43013,lambda_initial_1,9,68,70,1.3554030054147663,1.499999999999999,1,False,False
43013,lambda_initial_1,10,70,72,1.499999999999999,1.660022879550481,1,False,False
43013,lambda_initial_1,11,72,76,1.660022879550481,1.8371173070873819,0,False,False
43013,lambda_initial_1,12,76,80,1.8371173070873819,2.0331045081221486,0,False,False
43013,lambda_initial_1,13,80,84,2.0331045081221486,2.2499999999999973,1,False,False
43013,lambda_initial_1,14,84,88,2.2499999999999973,2.49003431932572,2,False,False
43013,lambda_initial_1,15,88,92,2.49003431932572,2.7556759606310712,0,False,False
43013,lambda_initial_1,16,92,98,2.7556759606310712,1.8371173070873807,5,True,False
43013,lambda_initial_1,17,98,102,1.8371173070873807,2.0331045081221477,3,False,False
43013,lambda_initial_1,18,102,106,2.0331045081221477,2.2499999999999964,4,False,False
43013,lambda_initial_1,19,106,110,2.2499999999999964,2.4900343193257193,4,False,False
43013,lambda_initial_1,20,110,114,2.4900343193257193,2.7556759606310703,3,False,False
43013,lambda_initial_1,21,114,120,2.7556759606310703,3.0496567621832202,0,False,False
43013,lambda_initial_1,22,120,126,3.0496567621832202,3.374999999999993,2,False,False
43013,lambda_initial_1,23,126,132,3.374999999999993,3.735051478988577,4,False,False
43013,lambda_initial_1,24,132,140,3.735051478988577,2.490034319325718,5,True,False
43013,lambda_initial_1,25,140,144,2.490034319325718,2.755675960631069,2,False,False
43013,lambda_initial_1,26,144,150,2.755675960631069,3.049656762183219,3,False,False
43013,lambda_initial_1,27,150,156,3.049656762183219,3.3749999999999916,2,False,False
43013,lambda_initial_1,28,156,162,3.3749999999999916,3.735051478988576,3,False,False
43013,lambda_initial_1,29,162,170,3.735051478988576,4.133513940946602,5,False,False
43013,lambda_initial_1,30,170,178,4.133513940946602,4.574485143274827,4,False,False
43013,lambda_initial_1,31,178,188,4.574485143274827,5.062499999999986,8,False,False
43013,lambda_initial_1,32,188,198,5.062499999999986,3.3749999999999907,3,True,False
43013,lambda_initial_1,33,198,204,3.3749999999999907,3.7350514789885745,4,False,False
43013,lambda_initial_1,34,204,212,3.7350514789885745,4.1335139409466,7,False,False
43013,lambda_initial_1,35,212,220,4.1335139409466,4.574485143274825,4,False,False
43013,lambda_initial_1,36,220,230,4.574485143274825,5.062499999999983,9,False,False
43013,lambda_initial_1,37,230,240,5.062499999999983,5.602577218482859,3,False,False
43013,lambda_initial_1,38,240,252,5.602577218482859,6.2002709114198975,9,False,False
43013,lambda_initial_1,39,252,264,6.2002709114198975,6.861727714912234,8,False,False
43013,lambda_initial_1,40,264,278,6.861727714912234,7.593749999999972,7,False,False
43013,lambda_initial_1,41,278,294,7.593749999999972,8.403865827724285,8,False,False
43013,lambda_initial_1,42,294,310,8.403865827724285,5.602577218482857,10,True,False
43013,lambda_initial_1,43,310,322,5.602577218482857,6.200270911419896,2,False,False
43013,lambda_initial_1,44,322,334,6.200270911419896,6.861727714912232,4,False,False
43013,lambda_initial_1,45,334,348,6.861727714912232,7.593749999999969,10,False,False
43013,lambda_initial_1,46,348,364,7.593749999999969,8.403865827724282,9,False,False
43013,lambda_initial_1,47,364,380,8.403865827724282,9.30040636712984,8,False,False
43013,lambda_initial_1,48,380,398,9.30040636712984,10.292591572368345,5,False,False
43013,lambda_initial_1,49,398,400,10.292591572368345,11.39062499999995,11,False,True
43013,lambda_initial_5,1,50,60,5.0,5.533409598501607,1,False,False
43013,lambda_initial_5,2,60,72,5.533409598501607,3.6889397323344046,5,True,False
43013,lambda_initial_5,3,72,80,3.6889397323344046,2.459293154889603,3,True,False
43013,lambda_initial_5,4,80,84,2.459293154889603,2.721655269759086,0,False,False
43013,lambda_initial_5,5,84,90,2.721655269759086,3.0120066786994815,2,False,False
43013,lambda_initial_5,6,90,96,3.0120066786994815,3.3333333333333317,5,False,False
43013,lambda_initial_5,7,96,102,3.3333333333333317,3.6889397323344033,6,False,False
43013,lambda_initial_5,8,102,110,3.6889397323344033,4.082482904638628,7,False,False
43013,lambda_initial_5,9,110,118,4.082482904638628,4.518010018049221,4,False,False
43013,lambda_initial_5,10,118,128,4.518010018049221,4.9999999999999964,4,False,False
43013,lambda_initial_5,11,128,138,4.9999999999999964,5.533409598501604,4,False,False
43013,lambda_initial_5,12,138,150,5.533409598501604,6.12372435695794,6,False,False
43013,lambda_initial_5,13,150,162,6.12372435695794,6.77701502707383,7,False,False
43013,lambda_initial_5,14,162,176,6.77701502707383,4.51801001804922,4,True,False
43013,lambda_initial_5,15,176,186,4.51801001804922,3.01200667869948,5,True,False
43013,lambda_initial_5,16,186,192,3.01200667869948,3.33333333333333,2,False,False
43013,lambda_initial_5,17,192,198,3.33333333333333,3.688939732334401,0,False,False
43013,lambda_initial_5,18,198,206,3.688939732334401,4.082482904638625,3,False,False
43013,lambda_initial_5,19,206,214,4.082482904638625,4.518010018049218,4,False,False
43013,lambda_initial_5,20,214,224,4.518010018049218,4.999999999999993,2,False,False
43013,lambda_initial_5,21,224,234,4.999999999999993,5.533409598501599,3,False,False
43013,lambda_initial_5,22,234,246,5.533409598501599,6.1237243569579345,5,False,False
43013,lambda_initial_5,23,246,258,6.1237243569579345,6.777015027073824,7,False,False
43013,lambda_initial_5,24,258,272,6.777015027073824,7.499999999999985,4,False,False
43013,lambda_initial_5,25,272,286,7.499999999999985,8.300114397752395,3,False,False
43013,lambda_initial_5,26,286,302,8.300114397752395,5.5334095985015965,9,True,False
43013,lambda_initial_5,27,302,314,5.5334095985015965,6.123724356957932,6,False,False
43013,lambda_initial_5,28,314,326,6.123724356957932,6.777015027073821,13,False,False
43013,lambda_initial_5,29,326,340,6.777015027073821,7.499999999999982,7,False,False
43013,lambda_initial_5,30,340,354,7.499999999999982,8.300114397752392,9,False,False
43013,lambda_initial_5,31,354,370,8.300114397752392,5.533409598501595,14,True,False
43013,lambda_initial_5,32,370,382,5.533409598501595,6.12372435695793,8,False,False
43013,lambda_initial_5,33,382,394,6.12372435695793,4.08248290463862,7,True,False
43013,lambda_initial_5,34,394,400,4.08248290463862,4.518010018049212,4,False,True
43013,lambda_initial_10,1,50,70,10.0,11.066819197003214,4,False,False
43013,lambda_initial_10,2,70,92,11.066819197003214,12.247448713915887,9,False,False
43013,lambda_initial_10,3,92,116,12.247448713915887,13.554030054147667,9,False,False
43013,lambda_initial_10,4,116,144,13.554030054147667,14.999999999999993,17,False,False
43013,lambda_initial_10,5,144,174,14.999999999999993,16.600228795504815,13,False,False
43013,lambda_initial_10,6,174,208,16.600228795504815,18.371173070873823,14,False,False
43013,lambda_initial_10,7,208,244,18.371173070873823,20.331045081221493,21,False,False
43013,lambda_initial_10,8,244,284,20.331045081221493,22.499999999999982,18,False,False
43013,lambda_initial_10,9,284,328,22.499999999999982,24.900343193257214,23,False,False
43013,lambda_initial_10,10,328,378,24.900343193257214,27.556759606310727,23,False,False
43013,lambda_initial_10,11,378,400,27.556759606310727,30.49656762183223,31,False,True
43013,lambda_initial_20,1,50,90,20.0,22.13363839400643,12,False,False
43013,lambda_initial_20,2,90,134,22.13363839400643,24.494897427831773,19,False,False
43013,lambda_initial_20,3,134,182,24.494897427831773,27.108060108295334,22,False,False
43013,lambda_initial_20,4,182,236,27.108060108295334,29.999999999999986,21,False,False
43013,lambda_initial_20,5,236,296,29.999999999999986,19.99999999999999,29,True,False
43013,lambda_initial_20,6,296,336,19.99999999999999,22.133638394006418,20,False,False
43013,lambda_initial_20,7,336,380,22.133638394006418,14.755758929337611,27,True,False
43013,lambda_initial_20,8,380,400,14.755758929337611,16.329931618554507,15,False,True
43013,lambda_initial_40,1,50,130,40.0,40.0,40,False,False
43013,lambda_initial_40,2,130,210,40.0,40.0,40,False,False
43013,lambda_initial_40,3,210,290,40.0,40.0,40,False,False
43013,lambda_initial_40,4,290,370,40.0,40.0,40,False,False
43013,lambda_initial_40,5,370,400,40.0,26.666666666666668,40,True,True
43014,lambda_initial_1,1,50,52,1.0,1.1066819197003215,2,False,False
43014,lambda_initial_1,2,52,54,1.1066819197003215,1.2247448713915887,2,False,False
43014,lambda_initial_1,3,54,56,1.2247448713915887,1.0,2,True,False
43014,lambda_initial_1,4,56,58,1.0,1.1066819197003215,3,False,False
43014,lambda_initial_1,5,58,60,1.1066819197003215,1.2247448713915887,3,False,False
43014,lambda_initial_1,6,60,62,1.2247448713915887,1.3554030054147668,2,False,False
43014,lambda_initial_1,7,62,64,1.3554030054147668,1.4999999999999993,1,False,False
43014,lambda_initial_1,8,64,66,1.4999999999999993,1.6600228795504814,0,False,False
43014,lambda_initial_1,9,66,70,1.6600228795504814,1.8371173070873823,0,False,False
43014,lambda_initial_1,10,70,74,1.8371173070873823,1.2247448713915883,3,True,False
43014,lambda_initial_1,11,74,76,1.2247448713915883,1.3554030054147663,0,False,False
43014,lambda_initial_1,12,76,78,1.3554030054147663,1.499999999999999,0,False,False
43014,lambda_initial_1,13,78,80,1.499999999999999,1.660022879550481,0,False,False
43014,lambda_initial_1,14,80,84,1.660022879550481,1.8371173070873819,3,False,False
43014,lambda_initial_1,15,84,88,1.8371173070873819,2.0331045081221486,1,False,False
43014,lambda_initial_1,16,88,92,2.0331045081221486,2.2499999999999973,0,False,False
43014,lambda_initial_1,17,92,96,2.2499999999999973,2.49003431932572,6,False,False
43014,lambda_initial_1,18,96,100,2.49003431932572,2.7556759606310712,3,False,False
43014,lambda_initial_1,19,100,106,2.7556759606310712,3.0496567621832216,4,False,False
43014,lambda_initial_1,20,106,112,3.0496567621832216,3.3749999999999942,2,False,False
43014,lambda_initial_1,21,112,118,3.3749999999999942,3.7350514789885785,0,False,False
43014,lambda_initial_1,22,118,126,3.7350514789885785,4.133513940946605,4,False,False
43014,lambda_initial_1,23,126,134,4.133513940946605,4.57448514327483,3,False,False
43014,lambda_initial_1,24,134,144,4.57448514327483,5.062499999999989,5,False,False
43014,lambda_initial_1,25,144,154,5.062499999999989,5.602577218482866,8,False,False
43014,lambda_initial_1,26,154,166,5.602577218482866,6.2002709114199055,6,False,False
43014,lambda_initial_1,27,166,178,6.2002709114199055,4.133513940946604,6,True,False
43014,lambda_initial_1,28,178,186,4.133513940946604,4.574485143274829,1,False,False
43014,lambda_initial_1,29,186,196,4.574485143274829,5.062499999999988,3,False,False
43014,lambda_initial_1,30,196,206,5.062499999999988,5.602577218482864,5,False,False
43014,lambda_initial_1,31,206,218,5.602577218482864,6.200270911419904,5,False,False
43014,lambda_initial_1,32,218,230,6.200270911419904,6.861727714912241,3,False,False
43014,lambda_initial_1,33,230,244,6.861727714912241,7.593749999999979,7,False,False
43014,lambda_initial_1,34,244,260,7.593749999999979,8.403865827724292,7,False,False
43014,lambda_initial_1,35,260,276,8.403865827724292,9.30040636712985,11,False,False
43014,lambda_initial_1,36,276,294,9.30040636712985,10.292591572368355,14,False,False
43014,lambda_initial_1,37,294,314,10.292591572368355,11.390624999999961,11,False,False
43014,lambda_initial_1,38,314,336,11.390624999999961,12.605798741586431,13,False,False
43014,lambda_initial_1,39,336,362,12.605798741586431,13.950609550694768,10,False,False
43014,lambda_initial_1,40,362,390,13.950609550694768,15.438887358552526,19,False,False
43014,lambda_initial_1,41,390,400,15.438887358552526,17.085937499999936,13,False,True
43014,lambda_initial_5,1,50,60,5.0,3.3333333333333335,7,True,False
43014,lambda_initial_5,2,60,66,3.3333333333333335,3.688939732334405,5,False,False
43014,lambda_initial_5,3,66,74,3.688939732334405,4.0824829046386295,2,False,False
43014,lambda_initial_5,4,74,82,4.0824829046386295,4.518010018049223,6,False,False
43014,lambda_initial_5,5,82,92,4.518010018049223,3.012006678699482,5,True,False
43014,lambda_initial_5,6,92,98,3.012006678699482,3.333333333333332,4,False,False
43014,lambda_initial_5,7,98,104,3.333333333333332,3.6889397323344038,2,False,False
43014,lambda_initial_5,8,104,112,3.6889397323344038,2.4592931548896027,5,True,False
43014,lambda_initial_5,9,112,116,2.4592931548896027,2.7216552697590854,2,False,False
43014,lambda_initial_5,10,116,122,2.7216552697590854,3.012006678699481,4,False,False
43014,lambda_initial_5,11,122,128,3.012006678699481,3.3333333333333313,1,False,False
43014,lambda_initial_5,12,128,134,3.3333333333333313,3.688939732334403,5,False,False
43014,lambda_initial_5,13,134,142,3.688939732334403,4.082482904638627,3,False,False
43014,lambda_initial_5,14,142,150,4.082482904638627,2.7216552697590846,3,True,False
43014,lambda_initial_5,15,150,156,2.7216552697590846,3.01200667869948,3,False,False
43014,lambda_initial_5,16,156,162,3.01200667869948,3.33333333333333,4,False,False
43014,lambda_initial_5,17,162,168,3.33333333333333,3.688939732334401,4,False,False
43014,lambda_initial_5,18,168,176,3.688939732334401,4.082482904638625,5,False,False
43014,lambda_initial_5,19,176,184,4.082482904638625,4.518010018049218,2,False,False
43014,lambda_initial_5,20,184,194,4.518010018049218,4.999999999999993,5,False,False
43014,lambda_initial_5,21,194,204,4.999999999999993,5.533409598501599,4,False,False
43014,lambda_initial_5,22,204,216,5.533409598501599,6.1237243569579345,4,False,False
43014,lambda_initial_5,23,216,228,6.1237243569579345,6.777015027073824,5,False,False
43014,lambda_initial_5,24,228,242,6.777015027073824,7.499999999999985,5,False,False
43014,lambda_initial_5,25,242,256,7.499999999999985,8.300114397752395,6,False,False
43014,lambda_initial_5,26,256,272,8.300114397752395,9.185586535436899,7,False,False
43014,lambda_initial_5,27,272,290,9.185586535436899,10.165522540610732,14,False,False
43014,lambda_initial_5,28,290,310,10.165522540610732,11.249999999999975,15,False,False
43014,lambda_initial_5,29,310,332,11.249999999999975,12.45017159662859,14,False,False
43014,lambda_initial_5,30,332,356,12.45017159662859,8.300114397752393,13,True,False
43014,lambda_initial_5,31,356,372,8.300114397752393,9.185586535436897,8,False,False
43014,lambda_initial_5,32,372,390,9.185586535436897,10.16552254061073,15,False,False
43014,lambda_initial_5,33,390,400,10.16552254061073,11.249999999999973,6,False,True
43014,lambda_initial_10,1,50,70,10.0,6.666666666666667,13,True,False
43014,lambda_initial_10,2,70,84,6.666666666666667,7.37787946466881,7,False,False
43014,lambda_initial_10,3,84,98,7.37787946466881,8.164965809277259,6,False,False
43014,lambda_initial_10,4,98,114,8.164965809277259,5.443310539518173,8,True,False
43014,lambda_initial_10,5,114,124,5.443310539518173,6.024013357398964,3,False,False
43014,lambda_initial_10,6,124,136,6.024013357398964,6.666666666666664,3,False,False
43014,lambda_initial_10,7,136,150,6.666666666666664,4.444444444444443,6,True,False
43014,lambda_initial_10,8,150,158,4.444444444444443,4.918586309779204,5,False,False
43014,lambda_initial_10,9,158,168,4.918586309779204,5.44331053951817,4,False,False
43014,lambda_initial_10,10,168,178,5.44331053951817,6.024013357398961,6,False,False
43014,lambda_initial_10,11,178,190,6.024013357398961,4.016008904932641,6,True,False
43014,lambda_initial_10,12,190,198,4.016008904932641,4.444444444444441,5,False,False
43014,lambda_initial_10,13,198,206,4.444444444444441,4.918586309779203,3,False,False
43014,lambda_initial_10,14,206,216,4.918586309779203,3.279057539852802,2,True,False
43014,lambda_initial_10,15,216,222,3.279057539852802,3.628873693012112,2,False,False
43014,lambda_initial_10,16,222,230,3.628873693012112,4.016008904932639,2,False,False
43014,lambda_initial_10,17,230,238,4.016008904932639,2.677339269955093,4,True,False
43014,lambda_initial_10,18,238,244,2.677339269955093,2.9629629629629592,2,False,False
43014,lambda_initial_10,19,244,250,2.9629629629629592,3.2790575398528,0,False,False
43014,lambda_initial_10,20,250,256,3.2790575398528,3.6288736930121104,2,False,False
43014,lambda_initial_10,21,256,264,3.6288736930121104,4.0160089049326375,6,False,False
43014,lambda_initial_10,22,264,272,4.0160089049326375,4.4444444444444375,3,False,False
43014,lambda_initial_10,23,272,280,4.4444444444444375,4.918586309779199,5,False,False
43014,lambda_initial_10,24,280,290,4.918586309779199,5.443310539518164,7,False,False
43014,lambda_initial_10,25,290,300,5.443310539518164,6.024013357398954,5,False,False
43014,lambda_initial_10,26,300,312,6.024013357398954,6.666666666666654,5,False,False
43014,lambda_initial_10,27,312,326,6.666666666666654,7.377879464668795,7,False,False
43014,lambda_initial_10,28,326,340,7.377879464668795,8.164965809277243,9,False,False
43014,lambda_initial_10,29,340,356,8.164965809277243,9.036020036098428,10,False,False
43014,lambda_initial_10,30,356,374,9.036020036098428,9.999999999999977,12,False,False
43014,lambda_initial_10,31,374,394,9.999999999999977,11.06681919700319,7,False,False
43014,lambda_initial_10,32,394,400,11.06681919700319,12.24744871391586,9,False,True
43014,lambda_initial_20,1,50,90,20.0,13.333333333333334,23,True,False
43014,lambda_initial_20,2,90,116,13.333333333333334,14.75575892933762,11,False,False
43014,lambda_initial_20,3,116,146,14.75575892933762,16.329931618554518,20,False,False
43014,lambda_initial_20,4,146,178,16.329931618554518,18.07204007219689,16,False,False
43014,lambda_initial_20,5,178,214,18.07204007219689,19.999999999999993,22,False,False
43014,lambda_initial_20,6,214,254,19.999999999999993,22.13363839400642,22,False,False
43014,lambda_initial_20,7,254,298,22.13363839400642,24.494897427831766,23,False,False
43014,lambda_initial_20,8,298,346,24.494897427831766,16.32993161855451,24,True,False
43014,lambda_initial_20,9,346,378,16.32993161855451,10.88662107903634,21,True,False
43014,lambda_initial_20,10,378,400,10.88662107903634,12.048026714797922,12,False,False
43014,lambda_initial_40,1,50,130,40.0,26.666666666666668,40,True,False
43014,lambda_initial_40,2,130,184,26.666666666666668,17.77777777777778,31,True,False
43014,lambda_initial_40,3,184,220,17.77777777777778,11.851851851851853,13,True,False
43014,lambda_initial_40,4,220,244,11.851851851851853,7.901234567901235,11,True,False
43014,lambda_initial_40,5,244,260,7.901234567901235,8.744153439607478,8,False,False
43014,lambda_initial_40,6,260,278,8.744153439607478,9.676996514698972,9,False,False
43014,lambda_initial_40,7,278,298,9.676996514698972,10.709357079820379,6,False,False
43014,lambda_initial_40,8,298,320,10.709357079820379,11.851851851851846,10,False,False
43014,lambda_initial_40,9,320,344,11.851851851851846,13.116230159411211,7,False,False
43014,lambda_initial_40,10,344,370,13.116230159411211,8.744153439607475,17,True,False
43014,lambda_initial_40,11,370,388,8.744153439607475,9.676996514698969,7,False,False
43014,lambda_initial_40,12,388,400,9.676996514698969,10.709357079820375,10,False,True
43015,lambda_initial_1,1,50,52,1.0,1.1066819197003215,0,False,False
43015,lambda_initial_1,2,52,54,1.1066819197003215,1.2247448713915887,0,False,False
43015,lambda_initial_1,3,54,56,1.2247448713915887,1.3554030054147668,0,False,False
43015,lambda_initial_1,4,56,58,1.3554030054147668,1.0,1,True,False
43015,lambda_initial_1,5,58,60,1.0,1.1066819197003215,0,False,False
43015,lambda_initial_1,6,60,62,1.1066819197003215,1.2247448713915887,1,False,False
43015,lambda_initial_1,7,62,64,1.2247448713915887,1.3554030054147668,3,False,False
43015,lambda_initial_1,8,64,66,1.3554030054147668,1.4999999999999993,2,False,False
43015,lambda_initial_1,9,66,68,1.4999999999999993,1.6600228795504814,3,False,False
43015,lambda_initial_1,10,68,72,1.6600228795504814,1.8371173070873823,1,False,False
43015,lambda_initial_1,11,72,76,1.8371173070873823,2.033104508122149,0,False,False
43015,lambda_initial_1,12,76,80,2.033104508122149,2.249999999999998,3,False,False
43015,lambda_initial_1,13,80,84,2.249999999999998,1.4999999999999984,5,True,False
43015,lambda_initial_1,14,84,86,1.4999999999999984,1.6600228795504806,2,False,False
43015,lambda_initial_1,15,86,90,1.6600228795504806,1.8371173070873814,2,False,False
43015,lambda_initial_1,16,90,94,1.8371173070873814,2.033104508122148,2,False,False
43015,lambda_initial_1,17,94,98,2.033104508122148,2.249999999999997,5,False,False
43015,lambda_initial_1,18,98,102,2.249999999999997,2.4900343193257197,0,False,False
43015,lambda_initial_1,19,102,106,2.4900343193257197,2.755675960631071,3,False,False
43015,lambda_initial_1,20,106,112,2.755675960631071,1.8371173070873805,3,True,False
43015,lambda_initial_1,21,112,116,1.8371173070873805,2.0331045081221473,0,False,False
43015,lambda_initial_1,22,116,120,2.0331045081221473,2.249999999999996,1,False,False
43015,lambda_initial_1,23,120,124,2.249999999999996,2.490034319325719,1,False,False
43015,lambda_initial_1,24,124,128,2.490034319325719,2.75567596063107,3,False,False
43015,lambda_initial_1,25,128,134,2.75567596063107,3.04965676218322,5,False,False
43015,lambda_initial_1,26,134,140,3.04965676218322,3.3749999999999925,2,False,False
43015,lambda_initial_1,27,140,146,3.3749999999999925,3.7350514789885767,4,False,False
43015,lambda_initial_1,28,146,154,3.7350514789885767,4.133513940946603,3,False,False
43015,lambda_initial_1,29,154,162,4.133513940946603,4.574485143274828,6,False,False
43015,lambda_initial_1,30,162,172,4.574485143274828,3.0496567621832185,2,True,False
43015,lambda_initial_1,31,172,178,3.0496567621832185,2.0331045081221455,2,True,False
43015,lambda_initial_1,32,178,182,2.0331045081221455,2.249999999999994,3,False,False
43015,lambda_initial_1,33,182,186,2.249999999999994,1.4999999999999958,1,True,False
43015,lambda_initial_1,34,186,188,1.4999999999999958,1.6600228795504774,1,False,False
43015,lambda_initial_1,35,188,192,1.6600228795504774,1.8371173070873779,2,False,False
43015,lambda_initial_1,36,192,196,1.8371173070873779,2.033104508122144,1,False,False
43015,lambda_initial_1,37,196,200,2.033104508122144,2.2499999999999925,3,False,False
43015,lambda_initial_1,38,200,204,2.2499999999999925,2.490034319325715,3,False,False
43015,lambda_initial_1,39,204,208,2.490034319325715,2.7556759606310655,2,False,False
43015,lambda_initial_1,40,208,214,2.7556759606310655,3.049656762183215,2,False,False
43015,lambda_initial_1,41,214,220,3.049656762183215,3.374999999999987,3,False,False
43015,lambda_initial_1,42,220,226,3.374999999999987,3.735051478988571,5,False,False
43015,lambda_initial_1,43,226,234,3.735051478988571,4.133513940946597,7,False,False
43015,lambda_initial_1,44,234,242,4.133513940946597,4.5744851432748215,3,False,False
43015,lambda_initial_1,45,242,252,4.5744851432748215,5.06249999999998,5,False,False
43015,lambda_initial_1,46,252,262,5.06249999999998,5.602577218482855,2,False,False
43015,lambda_initial_1,47,262,274,5.602577218482855,6.200270911419893,6,False,False
43015,lambda_initial_1,48,274,286,6.200270911419893,6.861727714912229,4,False,False
43015,lambda_initial_1,49,286,300,6.861727714912229,7.593749999999966,5,False,False
43015,lambda_initial_1,50,300,316,7.593749999999966,8.403865827724278,1,False,False
43015,lambda_initial_1,51,316,332,8.403865827724278,9.300406367129835,5,False,False
43015,lambda_initial_1,52,332,350,9.300406367129835,10.29259157236834,13,False,False
43015,lambda_initial_1,53,350,370,10.29259157236834,11.390624999999943,10,False,False
43015,lambda_initial_1,54,370,392,11.390624999999943,12.605798741586412,10,False,False
43015,lambda_initial_1,55,392,400,12.605798741586412,13.950609550694747,14,False,True
43015,lambda_initial_5,1,50,60,5.0,3.3333333333333335,1,True,False
43015,lambda_initial_5,2,60,66,3.3333333333333335,3.688939732334405,5,False,False
43015,lambda_initial_5,3,66,74,3.688939732334405,2.4592931548896035,4,True,False
43015,lambda_initial_5,4,74,78,2.4592931548896035,1.6395287699264023,10,True,False
43015,lambda_initial_5,5,78,82,1.6395287699264023,1.0930191799509348,1,True,False
43015,lambda_initial_5,6,82,84,1.0930191799509348,1.2096245643373715,1,False,False
43015,lambda_initial_5,7,84,86,1.2096245643373715,1.3386696349775473,0,False,False
43015,lambda_initial_5,8,86,88,1.3386696349775473,1.4814814814814807,2,False,False
43015,lambda_initial_5,9,88,90,1.4814814814814807,1.6395287699264014,1,False,False
43015,lambda_initial_5,10,90,94,1.6395287699264014,1.8144368465060565,1,False,False
43015,lambda_initial_5,11,94,98,1.8144368465060565,2.00800445246632,2,False,False
43015,lambda_initial_5,12,98,102,2.00800445246632,2.22222222222222,1,False,False
43015,lambda_initial_5,13,102,106,2.22222222222222,2.459293154889601,5,False,False
43015,lambda_initial_5,14,106,110,2.459293154889601,2.7216552697590837,5,False,False
43015,lambda_initial_5,15,110,116,2.7216552697590837,3.0120066786994792,2,False,False
43015,lambda_initial_5,16,116,122,3.0120066786994792,3.333333333333329,1,False,False
43015,lambda_initial_5,17,122,128,3.333333333333329,3.6889397323344,4,False,False
43015,lambda_initial_5,18,128,136,3.6889397323344,4.082482904638624,5,False,False
43015,lambda_initial_5,19,136,144,4.082482904638624,4.518010018049217,5,False,False
43015,lambda_initial_5,20,144,154,4.518010018049217,4.999999999999991,4,False,False
43015,lambda_initial_5,21,154,164,4.999999999999991,5.533409598501597,5,False,False
43015,lambda_initial_5,22,164,176,5.533409598501597,3.6889397323343984,8,True,False
43015,lambda_initial_5,23,176,184,3.6889397323343984,2.459293154889599,3,True,False
43015,lambda_initial_5,24,184,188,2.459293154889599,2.7216552697590815,1,False,False
43015,lambda_initial_5,25,188,194,2.7216552697590815,3.0120066786994766,4,False,False
43015,lambda_initial_5,26,194,200,3.0120066786994766,3.333333333333326,2,False,False
43015,lambda_initial_5,27,200,206,3.333333333333326,3.6889397323343966,4,False,False
43015,lambda_initial_5,28,206,214,3.6889397323343966,2.4592931548895978,3,True,False
43015,lambda_initial_5,29,214,218,2.4592931548895978,2.72165526975908,2,False,False
43015,lambda_initial_5,30,218,224,2.72165526975908,1.8144368465060534,2,True,False
43015,lambda_initial_5,31,224,228,1.8144368465060534,2.0080044524663165,3,False,False
43015,lambda_initial_5,32,228,232,2.0080044524663165,2.222222222222216,2,False,False
43015,lambda_initial_5,33,232,236,2.222222222222216,2.4592931548895964,1,False,False
43015,lambda_initial_5,34,236,240,2.4592931548895964,2.721655269759079,5,False,False
43015,lambda_initial_5,35,240,246,2.721655269759079,3.0120066786994735,4,False,False
43015,lambda_initial_5,36,246,252,3.0120066786994735,2.0080044524663156,3,True,False
43015,lambda_initial_5,37,252,256,2.0080044524663156,2.222222222222215,2,False,False
43015,lambda_initial_5,38,256,260,2.222222222222215,2.4592931548895955,2,False,False
43015,lambda_initial_5,39,260,264,2.4592931548895955,2.7216552697590775,4,False,False
43015,lambda_initial_5,40,264,270,2.7216552697590775,3.012006678699472,3,False,False
43015,lambda_initial_5,41,270,276,3.012006678699472,3.333333333333321,4,False,False
43015,lambda_initial_5,42,276,282,3.333333333333321,3.6889397323343913,1,False,False
43015,lambda_initial_5,43,282,290,3.6889397323343913,4.082482904638614,2,False,False
43015,lambda_initial_5,44,290,298,4.082482904638614,4.518010018049206,5,False,False
43015,lambda_initial_5,45,298,308,4.518010018049206,4.99999999999998,6,False,False
43015,lambda_initial_5,46,308,318,4.99999999999998,5.533409598501585,9,False,False
43015,lambda_initial_5,47,318,330,5.533409598501585,6.123724356957919,4,False,False
43015,lambda_initial_5,48,330,342,6.123724356957919,6.777015027073807,7,False,False
43015,lambda_initial_5,49,342,356,6.777015027073807,7.499999999999966,4,False,False
43015,lambda_initial_5,50,356,370,7.499999999999966,8.300114397752374,5,False,False
43015,lambda_initial_5,51,370,386,8.300114397752374,9.185586535436874,8,False,False
43015,lambda_initial_5,52,386,400,9.185586535436874,10.165522540610706,10,False,True
43015,lambda_initial_10,1,50,70,10.0,6.666666666666667,5,True,False
43015,lambda_initial_10,2,70,84,6.666666666666667,4.444444444444445,9,True,False
43015,lambda_initial_10,3,84,92,4.444444444444445,2.9629629629629632,4,True,False
43015,lambda_initial_10,4,92,98,2.9629629629629632,3.2790575398528046,4,False,False
43015,lambda_initial_10,5,98,104,3.2790575398528046,3.6288736930121153,6,False,False
43015,lambda_initial_10,6,104,112,3.6288736930121153,4.016008904932643,6,False,False
43015,lambda_initial_10,7,112,120,4.016008904932643,4.444444444444443,3,False,False
43015,lambda_initial_10,8,120,128,4.444444444444443,4.918586309779204,4,False,False
43015,lambda_initial_10,9,128,138,4.918586309779204,5.44331053951817,5,False,False
43015,lambda_initial_10,10,138,148,5.44331053951817,6.024013357398961,8,False,False
43015,lambda_initial_10,11,148,160,6.024013357398961,6.666666666666661,6,False,False
43015,lambda_initial_10,12,160,174,6.666666666666661,7.377879464668803,6,False,False
43015,lambda_initial_10,13,174,188,7.377879464668803,8.164965809277252,6,False,False
43015,lambda_initial_10,14,188,204,8.164965809277252,9.036020036098439,1,False,False
43015,lambda_initial_10,15,204,222,9.036020036098439,9.999999999999988,7,False,False
43015,lambda_initial_10,16,222,242,9.999999999999988,6.666666666666658,13,True,False
43015,lambda_initial_10,17,242,256,6.666666666666658,4.444444444444438,13,True,False
43015,lambda_initial_10,18,256,264,4.444444444444438,2.962962962962959,5,True,False
43015,lambda_initial_10,19,264,270,2.962962962962959,1.9753086419753059,3,True,False
43015,lambda_initial_10,20,270,274,1.9753086419753059,2.1860383599018665,0,False,False
43015,lambda_initial_10,21,274,278,2.1860383599018665,2.41924912867474,4,False,False
43015,lambda_initial_10,22,278,282,2.41924912867474,2.677339269955091,3,False,False
43015,lambda_initial_10,23,282,288,2.677339269955091,2.9629629629629575,1,False,False
43015,lambda_initial_10,24,288,294,2.9629629629629575,3.2790575398527984,2,False,False
43015,lambda_initial_10,25,294,300,3.2790575398527984,3.628873693012108,5,False,False
43015,lambda_initial_10,26,300,308,3.628873693012108,2.4192491286747386,5,True,False
43015,lambda_initial_10,27,308,312,2.4192491286747386,2.6773392699550898,3,False,False
43015,lambda_initial_10,28,312,318,2.6773392699550898,2.962962962962956,3,False,False
43015,lambda_initial_10,29,318,324,2.962962962962956,1.975308641975304,4,True,False
43015,lambda_initial_10,30,324,328,1.975308641975304,2.1860383599018647,3,False,False
43015,lambda_initial_10,31,328,332,2.1860383599018647,1.4573589066012431,1,True,False
43015,lambda_initial_10,32,332,334,1.4573589066012431,1.6128327524498252,3,False,False
43015,lambda_initial_10,33,334,338,1.6128327524498252,1.784892846636726,1,False,False
43015,lambda_initial_10,34,338,342,1.784892846636726,1.9753086419753034,0,False,False
43015,lambda_initial_10,35,342,346,1.9753086419753034,2.186038359901864,2,False,False
43015,lambda_initial_10,36,346,350,2.186038359901864,2.419249128674737,2,False,False
43015,lambda_initial_10,37,350,354,2.419249128674737,2.677339269955088,6,False,False
43015,lambda_initial_10,38,354,360,2.677339269955088,2.962962962962954,5,False,False
43015,lambda_initial_10,39,360,366,2.962962962962954,3.2790575398527944,4,False,False
43015,lambda_initial_10,40,366,372,3.2790575398527944,3.6288736930121037,4,False,False
43015,lambda_initial_10,41,372,380,3.6288736930121037,4.01600890493263,3,False,False
43015,lambda_initial_10,42,380,388,4.01600890493263,4.4444444444444295,3,False,False
43015,lambda_initial_10,43,388,396,4.4444444444444295,4.91858630977919,5,False,False
43015,lambda_initial_10,44,396,400,4.91858630977919,5.443310539518154,3,False,True
43015,lambda_initial_20,1,50,90,20.0,22.13363839400643,13,False,False
43015,lambda_initial_20,2,90,134,22.13363839400643,14.755758929337619,27,True,False
43015,lambda_initial_20,3,134,164,14.755758929337619,9.837172619558412,13,True,False
43015,lambda_initial_20,4,164,184,9.837172619558412,10.886621079036344,11,False,False
43015,lambda_initial_20,5,184,206,10.886621079036344,12.048026714797926,9,False,False
43015,lambda_initial_20,6,206,230,12.048026714797926,13.333333333333327,14,False,False
43015,lambda_initial_20,7,230,256,13.333333333333327,8.888888888888884,13,True,False
43015,lambda_initial_20,8,256,274,8.888888888888884,5.925925925925923,9,True,False
43015,lambda_initial_20,9,274,286,5.925925925925923,6.558115079705606,4,False,False
43015,lambda_initial_20,10,286,300,6.558115079705606,7.257747386024226,5,False,False
43015,lambda_initial_20,11,300,314,7.257747386024226,4.838498257349484,11,True,False
43015,lambda_initial_20,12,314,324,4.838498257349484,5.3546785399101875,5,False,False
43015,lambda_initial_20,13,324,334,5.3546785399101875,5.925925925925921,8,False,False
43015,lambda_initial_20,14,334,346,5.925925925925921,6.558115079705604,6,False,False
43015,lambda_initial_20,15,346,360,6.558115079705604,7.257747386024224,4,False,False
43015,lambda_initial_20,16,360,374,7.257747386024224,8.032017809865279,6,False,False
43015,lambda_initial_20,17,374,390,8.032017809865279,8.888888888888879,9,False,False
43015,lambda_initial_20,18,390,400,8.888888888888879,9.837172619558402,9,False,True
43015,lambda_initial_40,1,50,130,40.0,26.666666666666668,40,True,False
43015,lambda_initial_40,2,130,184,26.666666666666668,17.77777777777778,26,True,False
43015,lambda_initial_40,3,184,220,17.77777777777778,11.851851851851853,16,True,False
43015,lambda_initial_40,4,220,244,11.851851851851853,13.116230159411218,5,False,False
43015,lambda_initial_40,5,244,270,13.116230159411218,8.744153439607478,14,True,False
43015,lambda_initial_40,6,270,288,8.744153439607478,5.829435626404986,9,True,False
43015,lambda_initial_40,7,288,300,5.829435626404986,6.451331009799316,9,False,False
43015,lambda_initial_40,8,300,312,6.451331009799316,7.13957138654692,5,False,False
43015,lambda_initial_40,9,312,326,7.13957138654692,7.9012345679012315,5,False,False
43015,lambda_initial_40,10,326,342,7.9012345679012315,8.744153439607475,13,False,False
43015,lambda_initial_40,11,342,360,8.744153439607475,5.829435626404983,12,True,False
43015,lambda_initial_40,12,360,372,5.829435626404983,6.451331009799313,8,False,False
43015,lambda_initial_40,13,372,384,6.451331009799313,4.300887339866208,7,True,False
43015,lambda_initial_40,14,384,392,4.300887339866208,4.7597142576979445,6,False,False
43015,lambda_initial_40,15,392,400,4.7597142576979445,5.267489711934152,7,False,True
43016,lambda_initial_1,1,50,52,1.0,1.1066819197003215,2,False,False
43016,lambda_initial_1,2,52,54,1.1066819197003215,1.2247448713915887,2,False,False
43016,lambda_initial_1,3,54,56,1.2247448713915887,1.3554030054147668,0,False,False
43016,lambda_initial_1,4,56,58,1.3554030054147668,1.4999999999999993,2,False,False
43016,lambda_initial_1,5,58,60,1.4999999999999993,1.6600228795504814,0,False,False
43016,lambda_initial_1,6,60,64,1.6600228795504814,1.8371173070873823,2,False,False
43016,lambda_initial_1,7,64,68,1.8371173070873823,2.033104508122149,0,False,False
43016,lambda_initial_1,8,68,72,2.033104508122149,2.249999999999998,3,False,False
43016,lambda_initial_1,9,72,76,2.249999999999998,2.490034319325721,0,False,False
43016,lambda_initial_1,10,76,80,2.490034319325721,2.755675960631072,2,False,False
43016,lambda_initial_1,11,80,86,2.755675960631072,3.0496567621832225,2,False,False
43016,lambda_initial_1,12,86,92,3.0496567621832225,2.033104508122148,4,True,False
43016,lambda_initial_1,13,92,96,2.033104508122148,2.249999999999997,5,False,False
43016,lambda_initial_1,14,96,100,2.249999999999997,2.4900343193257197,2,False,False
43016,lambda_initial_1,15,100,104,2.4900343193257197,1.66002287955048,2,True,False
43016,lambda_initial_1,16,104,108,1.66002287955048,1.10668191970032,2,True,False
43016,lambda_initial_1,17,108,110,1.10668191970032,1.2247448713915872,0,False,False
43016,lambda_initial_1,18,110,112,1.2247448713915872,1.355403005414765,3,False,False
43016,lambda_initial_1,19,112,114,1.355403005414765,1.4999999999999973,3,False,False
43016,lambda_initial_1,20,114,116,1.4999999999999973,1.6600228795504792,2,False,False
43016,lambda_initial_1,21,116,120,1.6600228795504792,1.8371173070873799,2,False,False
43016,lambda_initial_1,22,120,124,1.8371173070873799,2.0331045081221464,1,False,False
43016,lambda_initial_1,23,124,128,2.0331045081221464,2.2499999999999947,1,False,False
43016,lambda_initial_1,24,128,132,2.2499999999999947,2.4900343193257175,2,False,False
43016,lambda_initial_1,25,132,136,2.4900343193257175,2.7556759606310686,3,False,False
43016,lambda_initial_1,26,136,142,2.7556759606310686,3.0496567621832185,2,False,False
43016,lambda_initial_1,27,142,148,3.0496567621832185,3.374999999999991,2,False,False
43016,lambda_initial_1,28,148,154,3.374999999999991,3.7350514789885754,3,False,False
43016,lambda_initial_1,29,154,162,3.7350514789885754,4.133513940946601,3,False,False
43016,lambda_initial_1,30,162,170,4.133513940946601,4.574485143274826,4,False,False
43016,lambda_initial_1,31,170,180,4.574485143274826,5.062499999999985,5,False,False
43016,lambda_initial_1,32,180,190,5.062499999999985,5.60257721848286,6,False,False
43016,lambda_initial_1,33,190,202,5.60257721848286,6.200270911419899,6,False,False
43016,lambda_initial_1,34,202,214,6.200270911419899,6.861727714912236,6,False,False
43016,lambda_initial_1,35,214,228,6.861727714912236,7.593749999999974,8,False,False
43016,lambda_initial_1,36,228,244,7.593749999999974,8.403865827724287,5,False,False
43016,lambda_initial_1,37,244,260,8.403865827724287,9.300406367129845,7,False,False
43016,lambda_initial_1,38,260,278,9.300406367129845,10.29259157236835,9,False,False
43016,lambda_initial_1,39,278,298,10.29259157236835,11.390624999999956,10,False,False
43016,lambda_initial_1,40,298,320,11.390624999999956,12.605798741586426,9,False,False
43016,lambda_initial_1,41,320,346,12.605798741586426,13.950609550694763,10,False,False
43016,lambda_initial_1,42,346,374,13.950609550694763,15.438887358552519,7,False,False
43016,lambda_initial_1,43,374,400,15.438887358552519,17.085937499999925,21,False,True
43016,lambda_initial_5,1,50,60,5.0,5.533409598501607,7,False,False
43016,lambda_initial_5,2,60,72,5.533409598501607,6.123724356957943,6,False,False
43016,lambda_initial_5,3,72,84,6.123724356957943,6.777015027073833,9,False,False
43016,lambda_initial_5,4,84,98,6.777015027073833,7.4999999999999964,6,False,False
43016,lambda_initial_5,5,98,112,7.4999999999999964,8.300114397752408,5,False,False
43016,lambda_initial_5,6,112,128,8.300114397752408,9.185586535436912,15,False,False
43016,lambda_initial_5,7,128,146,9.185586535436912,10.165522540610747,6,False,False
43016,lambda_initial_5,8,146,166,10.165522540610747,6.777015027073831,10,True,False
43016,lambda_initial_5,9,166,180,6.777015027073831,4.51801001804922,8,True,False
43016,lambda_initial_5,10,180,190,4.51801001804922,3.01200667869948,6,True,False
43016,lambda_initial_5,11,190,196,3.01200667869948,2.00800445246632,2,True,False
43016,lambda_initial_5,12,196,200,2.00800445246632,2.22222222222222,0,False,False
43016,lambda_initial_5,13,200,204,2.22222222222222,1.48148148148148,4,True,False
43016,lambda_initial_5,14,204,206,1.48148148148148,1.6395287699264007,0,False,False
43016,lambda_initial_5,15,206,210,1.6395287699264007,1.8144368465060559,2,False,False
43016,lambda_initial_5,16,210,214,1.8144368465060559,2.0080044524663196,0,False,False
43016,lambda_initial_5,17,214,218,2.0080044524663196,1.3386696349775464,3,True,False
43016,lambda_initial_5,18,218,220,1.3386696349775464,1.0,2,True,False
43016,lambda_initial_5,19,220,222,1.0,1.1066819197003215,0,False,False
43016,lambda_initial_5,20,222,224,1.1066819197003215,1.2247448713915887,0,False,False
43016,lambda_initial_5,21,224,226,1.2247448713915887,1.3554030054147668,1,False,False
43016,lambda_initial_5,22,226,228,1.3554030054147668,1.4999999999999993,0,False,False
43016,lambda_initial_5,23,228,230,1.4999999999999993,1.6600228795504814,0,False,False
43016,lambda_initial_5,24,230,234,1.6600228795504814,1.8371173070873823,0,False,False
43016,lambda_initial_5,25,234,238,1.8371173070873823,2.033104508122149,2,False,False
43016,lambda_initial_5,26,238,242,2.033104508122149,2.249999999999998,3,False,False
43016,lambda_initial_5,27,242,246,2.249999999999998,2.490034319325721,1,False,False
43016,lambda_initial_5,28,246,250,2.490034319325721,2.755675960631072,1,False,False
43016,lambda_initial_5,29,250,256,2.755675960631072,1.8371173070873814,2,True,False
43016,lambda_initial_5,30,256,260,1.8371173070873814,2.033104508122148,0,False,False
43016,lambda_initial_5,31,260,264,2.033104508122148,2.249999999999997,2,False,False
43016,lambda_initial_5,32,264,268,2.249999999999997,2.4900343193257197,4,False,False
43016,lambda_initial_5,33,268,272,2.4900343193257197,2.755675960631071,3,False,False
43016,lambda_initial_5,34,272,278,2.755675960631071,3.049656762183221,2,False,False
43016,lambda_initial_5,35,278,284,3.049656762183221,3.374999999999994,2,False,False
43016,lambda_initial_5,36,284,290,3.374999999999994,3.735051478988578,3,False,False
43016,lambda_initial_5,37,290,298,3.735051478988578,4.133513940946605,3,False,False
43016,lambda_initial_5,38,298,306,4.133513940946605,4.57448514327483,1,False,False
43016,lambda_initial_5,39,306,316,4.57448514327483,5.062499999999989,4,False,False
43016,lambda_initial_5,40,316,326,5.062499999999989,5.602577218482866,6,False,False
43016,lambda_initial_5,41,326,338,5.602577218482866,6.2002709114199055,6,False,False
43016,lambda_initial_5,42,338,350,6.2002709114199055,6.861727714912243,8,False,False
43016,lambda_initial_5,43,350,364,6.861727714912243,7.593749999999981,8,False,False
43016,lambda_initial_5,44,364,380,7.593749999999981,8.403865827724296,9,False,False
43016,lambda_initial_5,45,380,396,8.403865827724296,9.300406367129854,13,False,False
43016,lambda_initial_5,46,396,400,9.300406367129854,10.29259157236836,14,False,True
43016,lambda_initial_10,1,50,70,10.0,6.666666666666667,13,True,False
43016,lambda_initial_10,2,70,84,6.666666666666667,4.444444444444445,5,True,False
43016,lambda_initial_10,3,84,92,4.444444444444445,4.918586309779207,5,False,False
43016,lambda_initial_10,4,92,102,4.918586309779207,5.443310539518173,3,False,False
43016,lambda_initial_10,5,102,112,5.443310539518173,3.6288736930121153,1,True,False
43016,lambda_initial_10,6,112,120,3.6288736930121153,4.016008904932643,6,False,False
43016,lambda_initial_10,7,120,128,4.016008904932643,4.444444444444443,3,False,False
43016,lambda_initial_10,8,128,136,4.444444444444443,4.918586309779204,6,False,False
43016,lambda_initial_10,9,136,146,4.918586309779204,3.279057539852803,2,True,False
43016,lambda_initial_10,10,146,152,3.279057539852803,2.1860383599018687,3,True,False
43016,lambda_initial_10,11,152,156,2.1860383599018687,1.4573589066012458,1,True,False
43016,lambda_initial_10,12,156,158,1.4573589066012458,1.6128327524498283,0,False,False
43016,lambda_initial_10,13,158,162,1.6128327524498283,1.7848928466367293,1,False,False
43016,lambda_initial_10,14,162,166,1.7848928466367293,1.9753086419753072,1,False,False
43016,lambda_initial_10,15,166,170,1.9753086419753072,2.186038359901868,0,False,False
43016,lambda_initial_10,16,170,174,2.186038359901868,2.4192491286747413,0,False,False
43016,lambda_initial_10,17,174,178,2.4192491286747413,2.677339269955093,2,False,False
43016,lambda_initial_10,18,178,184,2.677339269955093,2.9629629629629592,4,False,False
43016,lambda_initial_10,19,184,190,2.9629629629629592,3.2790575398528,4,False,False
43016,lambda_initial_10,20,190,196,3.2790575398528,2.186038359901867,4,True,False
43016,lambda_initial_10,21,196,200,2.186038359901867,2.4192491286747404,2,False,False
43016,lambda_initial_10,22,200,204,2.4192491286747404,2.677339269955092,1,False,False
43016,lambda_initial_10,23,204,210,2.677339269955092,2.9629629629629584,2,False,False
43016,lambda_initial_10,24,210,216,2.9629629629629584,3.2790575398527992,2,False,False
43016,lambda_initial_10,25,216,222,3.2790575398527992,3.6288736930121095,2,False,False
43016,lambda_initial_10,26,222,230,3.6288736930121095,4.016008904932637,1,False,False
43016,lambda_initial_10,27,230,238,4.016008904932637,4.444444444444436,3,False,False
43016,lambda_initial_10,28,238,246,4.444444444444436,4.918586309779197,5,False,False
43016,lambda_initial_10,29,246,256,4.918586309779197,5.443310539518162,3,False,False
43016,lambda_initial_10,30,256,266,5.443310539518162,6.024013357398952,5,False,False
43016,lambda_initial_10,31,266,278,6.024013357398952,6.666666666666651,5,False,False
43016,lambda_initial_10,32,278,292,6.666666666666651,7.377879464668792,13,False,False
43016,lambda_initial_10,33,292,306,7.377879464668792,8.16496580927724,10,False,False
43016,lambda_initial_10,34,306,322,8.16496580927724,9.036020036098424,8,False,False
43016,lambda_initial_10,35,322,340,9.036020036098424,9.999999999999973,8,False,False
43016,lambda_initial_10,36,340,360,9.999999999999973,11.066819197003186,11,False,False
43016,lambda_initial_10,37,360,382,11.066819197003186,12.247448713915857,11,False,False
43016,lambda_initial_10,38,382,400,12.247448713915857,13.554030054147633,10,False,True
43016,lambda_initial_20,1,50,90,20.0,22.13363839400643,24,False,False
43016,lambda_initial_20,2,90,134,22.13363839400643,14.755758929337619,23,True,False
43016,lambda_initial_20,3,134,164,14.755758929337619,9.837172619558412,8,True,False
43016,lambda_initial_20,4,164,184,9.837172619558412,6.558115079705608,9,True,False
43016,lambda_initial_20,5,184,198,6.558115079705608,4.372076719803739,7,True,False
43016,lambda_initial_20,6,198,206,4.372076719803739,4.838498257349486,4,False,False
43016,lambda_initial_20,7,206,216,4.838498257349486,3.2256655048996574,5,True,False
43016,lambda_initial_20,8,216,222,3.2256655048996574,3.5697856932734595,3,False,False
43016,lambda_initial_20,9,222,230,3.5697856932734595,3.9506172839506153,8,False,False
43016,lambda_initial_20,10,230,238,3.9506172839506153,4.372076719803737,3,False,False
43016,lambda_initial_20,11,238,246,4.372076719803737,4.838498257349484,4,False,False
43016,lambda_initial_20,12,246,256,4.838498257349484,3.225665504899656,6,True,False
43016,lambda_initial_20,13,256,262,3.225665504899656,3.569785693273458,5,False,False
43016,lambda_initial_20,14,262,270,3.569785693273458,3.9506172839506135,7,False,False
43016,lambda_initial_20,15,270,278,3.9506172839506135,4.372076719803735,5,False,False
43016,lambda_initial_20,16,278,286,4.372076719803735,4.838498257349482,5,False,False
43016,lambda_initial_20,17,286,296,4.838498257349482,5.354678539910185,5,False,False
43016,lambda_initial_20,18,296,306,5.354678539910185,5.925925925925918,4,False,False
43016,lambda_initial_20,19,306,318,5.925925925925918,6.558115079705599,10,False,False
43016,lambda_initial_20,20,318,332,6.558115079705599,7.25774738602422,8,False,False
43016,lambda_initial_20,21,332,346,7.25774738602422,8.032017809865273,13,False,False
43016,lambda_initial_20,22,346,362,8.032017809865273,8.888888888888872,6,False,False
43016,lambda_initial_20,23,362,380,8.888888888888872,5.925925925925914,13,True,False
43016,lambda_initial_20,24,380,392,5.925925925925914,6.558115079705596,6,False,False
43016,lambda_initial_20,25,392,400,6.558115079705596,7.257747386024215,7,False,True
43016,lambda_initial_40,1,50,130,40.0,26.666666666666668,40,True,False
43016,lambda_initial_40,2,130,184,26.666666666666668,29.51151785867524,27,False,False
43016,lambda_initial_40,3,184,244,29.51151785867524,32.659863237109036,27,False,False
43016,lambda_initial_40,4,244,310,32.659863237109036,36.14408014439378,30,False,False
43016,lambda_initial_40,5,310,382,36.14408014439378,39.999999999999986,33,False,False
43016,lambda_initial_40,6,382,400,39.999999999999986,40.0,40,False,True
43017,lambda_initial_1,1,50,52,1.0,1.1066819197003215,0,False,False
43017,lambda_initial_1,2,52,54,1.1066819197003215,1.2247448713915887,2,False,False
43017,lambda_initial_1,3,54,56,1.2247448713915887,1.3554030054147668,0,False,False
43017,lambda_initial_1,4,56,58,1.3554030054147668,1.4999999999999993,2,False,False
43017,lambda_initial_1,5,58,60,1.4999999999999993,1.6600228795504814,1,False,False
43017,lambda_initial_1,6,60,64,1.6600228795504814,1.8371173070873823,1,False,False
43017,lambda_initial_1,7,64,68,1.8371173070873823,1.2247448713915883,1,True,False
43017,lambda_initial_1,8,68,70,1.2247448713915883,1.3554030054147663,0,False,False
43017,lambda_initial_1,9,70,72,1.3554030054147663,1.499999999999999,1,False,False
43017,lambda_initial_1,10,72,74,1.499999999999999,1.660022879550481,1,False,False
43017,lambda_initial_1,11,74,78,1.660022879550481,1.8371173070873819,2,False,False
43017,lambda_initial_1,12,78,82,1.8371173070873819,2.0331045081221486,1,False,False
43017,lambda_initial_1,13,82,86,2.0331045081221486,1.3554030054147657,2,True,False
43017,lambda_initial_1,14,86,88,1.3554030054147657,1.499999999999998,2,False,False
43017,lambda_initial_1,15,88,90,1.499999999999998,1.6600228795504801,2,False,False
43017,lambda_initial_1,16,90,94,1.6600228795504801,1.837117307087381,2,False,False
43017,lambda_initial_1,17,94,98,1.837117307087381,2.0331045081221477,2,False,False
43017,lambda_initial_1,18,98,102,2.0331045081221477,2.2499999999999964,2,False,False
43017,lambda_initial_1,19,102,106,2.2499999999999964,1.4999999999999976,3,True,False
43017,lambda_initial_1,20,106,108,1.4999999999999976,1.6600228795504794,1,False,False
43017,lambda_initial_1,21,108,112,1.6600228795504794,1.83711730708738,3,False,False
43017,lambda_initial_1,22,112,116,1.83711730708738,2.033104508122147,3,False,False
43017,lambda_initial_1,23,116,120,2.033104508122147,1.3554030054147646,1,True,False
43017,lambda_initial_1,24,120,122,1.3554030054147646,1.499999999999997,2,False,False
43017,lambda_initial_1,25,122,124,1.499999999999997,1.6600228795504788,0,False,False
43017,lambda_initial_1,26,124,128,1.6600228795504788,1.1066819197003193,1,True,False
43017,lambda_initial_1,27,128,130,1.1066819197003193,1.2247448713915863,0,False,False
43017,lambda_initial_1,28,130,132,1.2247448713915863,1.355403005414764,1,False,False
43017,lambda_initial_1,29,132,134,1.355403005414764,1.4999999999999964,1,False,False
43017,lambda_initial_1,30,134,136,1.4999999999999964,1.6600228795504783,2,False,False
43017,lambda_initial_1,31,136,140,1.6600228795504783,1.837117307087379,0,False,False
43017,lambda_initial_1,32,140,144,1.837117307087379,2.0331045081221455,0,False,False
43017,lambda_initial_1,33,144,148,2.0331045081221455,2.249999999999994,0,False,False
43017,lambda_initial_1,34,148,152,2.249999999999994,2.4900343193257166,3,False,False
43017,lambda_initial_1,35,152,156,2.4900343193257166,2.7556759606310672,0,False,False
43017,lambda_initial_1,36,156,162,2.7556759606310672,1.837117307087378,3,True,False
43017,lambda_initial_1,37,162,166,1.837117307087378,1.2247448713915854,3,True,False
43017,lambda_initial_1,38,166,168,1.2247448713915854,1.355403005414763,2,False,False
43017,lambda_initial_1,39,168,170,1.355403005414763,1.4999999999999951,1,False,False
43017,lambda_initial_1,40,170,172,1.4999999999999951,1.6600228795504768,5,False,False
43017,lambda_initial_1,41,172,176,1.6600228795504768,1.8371173070873772,3,False,False
43017,lambda_initial_1,42,176,180,1.8371173070873772,2.0331045081221437,2,False,False
43017,lambda_initial_1,43,180,184,2.0331045081221437,2.249999999999992,4,False,False
43017,lambda_initial_1,44,184,188,2.249999999999992,2.4900343193257144,1,False,False
43017,lambda_initial_1,45,188,192,2.4900343193257144,2.755675960631065,2,False,False
43017,lambda_initial_1,46,192,198,2.755675960631065,3.0496567621832145,1,False,False
43017,lambda_initial_1,47,198,204,3.0496567621832145,3.3749999999999867,5,False,False
43017,lambda_initial_1,48,204,210,3.3749999999999867,3.73505147898857,1,False,False
43017,lambda_initial_1,49,210,218,3.73505147898857,4.133513940946596,4,False,False
43017,lambda_initial_1,50,218,226,4.133513940946596,4.57448514327482,4,False,False
43017,lambda_initial_1,51,226,236,4.57448514327482,5.062499999999978,4,False,False
43017,lambda_initial_1,52,236,246,5.062499999999978,5.602577218482853,4,False,False
43017,lambda_initial_1,53,246,258,5.602577218482853,6.200270911419891,4,False,False
43017,lambda_initial_1,54,258,270,6.200270911419891,6.861727714912227,8,False,False
43017,lambda_initial_1,55,270,284,6.861727714912227,7.593749999999964,9,False,False
43017,lambda_initial_1,56,284,300,7.593749999999964,8.403865827724276,8,False,False
43017,lambda_initial_1,57,300,316,8.403865827724276,9.300406367129833,11,False,False
43017,lambda_initial_1,58,316,334,9.300406367129833,10.292591572368336,7,False,False
43017,lambda_initial_1,59,334,354,10.292591572368336,11.39062499999994,11,False,False
43017,lambda_initial_1,60,354,376,11.39062499999994,12.605798741586408,12,False,False
43017,lambda_initial_1,61,376,400,12.605798741586408,13.950609550694743,8,False,True
43017,lambda_initial_5,1,50,60,5.0,3.3333333333333335,2,True,False
43017,lambda_initial_5,2,60,66,3.3333333333333335,2.2222222222222223,4,True,False
43017,lambda_initial_5,3,66,70,2.2222222222222223,2.4592931548896035,1,False,False
43017,lambda_initial_5,4,70,74,2.4592931548896035,2.7216552697590863,3,False,False
43017,lambda_initial_5,5,74,80,2.7216552697590863,3.012006678699482,2,False,False
43017,lambda_initial_5,6,80,86,3.012006678699482,3.333333333333332,3,False,False
43017,lambda_initial_5,7,86,92,3.333333333333332,3.6889397323344038,0,False,False
43017,lambda_initial_5,8,92,100,3.6889397323344038,2.4592931548896027,5,True,False
43017,lambda_initial_5,9,100,104,2.4592931548896027,1.6395287699264018,3,True,False
43017,lambda_initial_5,10,104,108,1.6395287699264018,1.8144368465060572,0,False,False
43017,lambda_initial_5,11,108,112,1.8144368465060572,2.008004452466321,2,False,False
43017,lambda_initial_5,12,112,116,2.008004452466321,2.222222222222221,5,False,False
43017,lambda_initial_5,13,116,120,2.222222222222221,2.4592931548896018,2,False,False
43017,lambda_initial_5,14,120,124,2.4592931548896018,2.7216552697590846,1,False,False
43017,lambda_initial_5,15,124,130,2.7216552697590846,3.01200667869948,4,False,False
43017,lambda_initial_5,16,130,136,3.01200667869948,2.00800445246632,3,True,False
43017,lambda_initial_5,17,136,140,2.00800445246632,2.22222222222222,1,False,False
43017,lambda_initial_5,18,140,144,2.22222222222222,2.459293154889601,4,False,False
43017,lambda_initial_5,19,144,148,2.459293154889601,2.7216552697590837,2,False,False
43017,lambda_initial_5,20,148,154,2.7216552697590837,3.0120066786994792,0,False,False
43017,lambda_initial_5,21,154,160,3.0120066786994792,3.333333333333329,3,False,False
43017,lambda_initial_5,22,160,166,3.333333333333329,3.6889397323344,2,False,False
43017,lambda_initial_5,23,166,174,3.6889397323344,4.082482904638624,2,False,False
43017,lambda_initial_5,24,174,182,4.082482904638624,4.518010018049217,3,False,False
43017,lambda_initial_5,25,182,192,4.518010018049217,3.012006678699478,7,True,False
43017,lambda_initial_5,26,192,198,3.012006678699478,2.0080044524663188,3,True,False
43017,lambda_initial_5,27,198,202,2.0080044524663188,2.2222222222222188,4,False,False
43017,lambda_initial_5,28,202,206,2.2222222222222188,2.4592931548895995,4,False,False
43017,lambda_initial_5,29,206,210,2.4592931548895995,2.721655269759082,5,False,False
43017,lambda_initial_5,30,210,216,2.721655269759082,3.012006678699477,2,False,False
43017,lambda_initial_5,31,216,222,3.012006678699477,3.333333333333327,4,False,False
43017,lambda_initial_5,32,222,228,3.333333333333327,3.6889397323343975,1,False,False
43017,lambda_initial_5,33,228,236,3.6889397323343975,2.459293154889598,2,True,False
43017,lambda_initial_5,34,236,240,2.459293154889598,2.7216552697590806,0,False,False
43017,lambda_initial_5,35,240,246,2.7216552697590806,3.0120066786994757,5,False,False
43017,lambda_initial_5,36,246,252,3.0120066786994757,3.333333333333325,4,False,False
43017,lambda_initial_5,37,252,258,3.333333333333325,3.6889397323343958,5,False,False
43017,lambda_initial_5,38,258,266,3.6889397323343958,4.082482904638619,4,False,False
43017,lambda_initial_5,39,266,274,4.082482904638619,4.518010018049211,4,False,False
43017,lambda_initial_5,40,274,284,4.518010018049211,4.999999999999985,2,False,False
43017,lambda_initial_5,41,284,294,4.999999999999985,3.3333333333333233,3,True,False
43017,lambda_initial_5,42,294,300,3.3333333333333233,3.688939732334394,3,False,False
43017,lambda_initial_5,43,300,308,3.688939732334394,2.459293154889596,5,True,False
43017,lambda_initial_5,44,308,312,2.459293154889596,2.7216552697590783,3,False,False
43017,lambda_initial_5,45,312,318,2.7216552697590783,3.012006678699473,3,False,False
43017,lambda_initial_5,46,318,324,3.012006678699473,3.3333333333333224,2,False,False
43017,lambda_initial_5,47,324,330,3.3333333333333224,3.6889397323343927,0,False,False
43017,lambda_initial_5,48,330,338,3.6889397323343927,4.082482904638616,3,False,False
43017,lambda_initial_5,49,338,346,4.082482904638616,4.518010018049209,4,False,False
43017,lambda_initial_5,50,346,356,4.518010018049209,4.999999999999982,4,False,False
43017,lambda_initial_5,51,356,366,4.999999999999982,5.533409598501588,6,False,False
43017,lambda_initial_5,52,366,378,5.533409598501588,6.123724356957922,6,False,False
43017,lambda_initial_5,53,378,390,6.123724356957922,6.77701502707381,8,False,False
43017,lambda_initial_5,54,390,400,6.77701502707381,7.499999999999971,7,False,True
43017,lambda_initial_10,1,50,70,10.0,6.666666666666667,7,True,False
43017,lambda_initial_10,2,70,84,6.666666666666667,4.444444444444445,5,True,False
43017,lambda_initial_10,3,84,92,4.444444444444445,4.918586309779207,7,False,False
43017,lambda_initial_10,4,92,102,4.918586309779207,5.443310539518173,4,False,False
43017,lambda_initial_10,5,102,112,5.443310539518173,6.024013357398964,3,False,False
43017,lambda_initial_10,6,112,124,6.024013357398964,4.016008904932643,3,True,False
43017,lambda_initial_10,7,124,132,4.016008904932643,2.677339269955095,6,True,False
43017,lambda_initial_10,8,132,138,2.677339269955095,2.962962962962962,6,False,False
43017,lambda_initial_10,9,138,144,2.962962962962962,3.2790575398528032,5,False,False
43017,lambda_initial_10,10,144,150,3.2790575398528032,3.6288736930121135,0,False,False
43017,lambda_initial_10,11,150,158,3.6288736930121135,4.016008904932641,5,False,False
43017,lambda_initial_10,12,158,166,4.016008904932641,4.444444444444441,1,False,False
43017,lambda_initial_10,13,166,174,4.444444444444441,4.918586309779203,7,False,False
43017,lambda_initial_10,14,174,184,4.918586309779203,5.443310539518168,8,False,False
43017,lambda_initial_10,15,184,194,5.443310539518168,3.628873693012112,6,True,False
43017,lambda_initial_10,16,194,202,3.628873693012112,2.4192491286747413,5,True,False
43017,lambda_initial_10,17,202,206,2.4192491286747413,2.677339269955093,2,False,False
43017,lambda_initial_10,18,206,212,2.677339269955093,2.9629629629629592,2,False,False
43017,lambda_initial_10,19,212,218,2.9629629629629592,3.2790575398528,3,False,False
43017,lambda_initial_10,20,218,224,3.2790575398528,3.6288736930121104,1,False,False
43017,lambda_initial_10,21,224,232,3.6288736930121104,4.0160089049326375,3,False,False
43017,lambda_initial_10,22,232,240,4.0160089049326375,4.4444444444444375,2,False,False
43017,lambda_initial_10,23,240,248,4.4444444444444375,4.918586309779199,6,False,False
43017,lambda_initial_10,24,248,258,4.918586309779199,5.443310539518164,4,False,False
43017,lambda_initial_10,25,258,268,5.443310539518164,6.024013357398954,6,False,False
43017,lambda_initial_10,26,268,280,6.024013357398954,6.666666666666654,2,False,False
43017,lambda_initial_10,27,280,294,6.666666666666654,7.377879464668795,6,False,False
43017,lambda_initial_10,28,294,308,7.377879464668795,8.164965809277243,11,False,False
43017,lambda_initial_10,29,308,324,8.164965809277243,9.036020036098428,8,False,False
43017,lambda_initial_10,30,324,342,9.036020036098428,9.999999999999977,3,False,False
43017,lambda_initial_10,31,342,362,9.999999999999977,11.06681919700319,10,False,False
43017,lambda_initial_10,32,362,384,11.06681919700319,12.24744871391586,10,False,False
43017,lambda_initial_10,33,384,400,12.24744871391586,13.554030054147637,11,False,True
43017,lambda_initial_20,1,50,90,20.0,22.13363839400643,16,False,False
43017,lambda_initial_20,2,90,134,22.13363839400643,24.494897427831773,24,False,False
43017,lambda_initial_20,3,134,182,24.494897427831773,16.329931618554514,30,True,False
43017,lambda_initial_20,4,182,214,16.329931618554514,10.886621079036344,11,True,False
43017,lambda_initial_20,5,214,236,10.886621079036344,7.257747386024229,8,True,False
43017,lambda_initial_20,6,236,250,7.257747386024229,4.838498257349486,3,True,False
43017,lambda_initial_20,7,250,260,4.838498257349486,5.354678539910189,4,False,False
43017,lambda_initial_20,8,260,270,5.354678539910189,5.925925925925923,9,False,False
43017,lambda_initial_20,9,270,282,5.925925925925923,3.9506172839506153,5,True,False
43017,lambda_initial_20,10,282,290,3.9506172839506153,4.372076719803737,3,False,False
43017,lambda_initial_20,11,290,298,4.372076719803737,4.838498257349484,2,False,False
43017,lambda_initial_20,12,298,308,4.838498257349484,5.3546785399101875,2,False,False
43017,lambda_initial_20,13,308,318,5.3546785399101875,5.925925925925921,4,False,False
43017,lambda_initial_20,14,318,330,5.925925925925921,6.558115079705604,5,False,False
43017,lambda_initial_20,15,330,344,6.558115079705604,7.257747386024224,5,False,False
43017,lambda_initial_20,16,344,358,7.257747386024224,8.032017809865279,7,False,False
43017,lambda_initial_20,17,358,374,8.032017809865279,5.354678539910186,8,True,False
43017,lambda_initial_20,18,374,384,5.354678539910186,3.5697856932734573,8,True,False
43017,lambda_initial_20,19,384,392,3.5697856932734573,3.9506172839506126,4,False,False
43017,lambda_initial_20,20,392,400,3.9506172839506126,4.372076719803734,5,False,False
43017,lambda_initial_40,1,50,130,40.0,26.666666666666668,40,True,False
43017,lambda_initial_40,2,130,184,26.666666666666668,17.77777777777778,22,True,False
43017,lambda_initial_40,3,184,220,17.77777777777778,19.67434523911683,18,False,False
43017,lambda_initial_40,4,220,260,19.67434523911683,21.77324215807269,26,False,False
43017,lambda_initial_40,5,260,304,21.77324215807269,24.096053429595855,25,False,False
43017,lambda_initial_40,6,304,352,24.096053429595855,26.666666666666657,25,False,False
43017,lambda_initial_40,7,352,400,26.666666666666657,29.51151785867523,27,False,True
43018,lambda_initial_1,1,50,52,1.0,1.0,1,True,False
43018,lambda_initial_1,2,52,54,1.0,1.1066819197003215,0,False,False
43018,lambda_initial_1,3,54,56,1.1066819197003215,1.0,1,True,False
43018,lambda_initial_1,4,56,58,1.0,1.1066819197003215,0,False,False
43018,lambda_initial_1,5,58,60,1.1066819197003215,1.2247448713915887,1,False,False
43018,lambda_initial_1,6,60,62,1.2247448713915887,1.3554030054147668,2,False,False
43018,lambda_initial_1,7,62,64,1.3554030054147668,1.4999999999999993,0,False,False
43018,lambda_initial_1,8,64,66,1.4999999999999993,1.6600228795504814,0,False,False
43018,lambda_initial_1,9,66,70,1.6600228795504814,1.8371173070873823,2,False,False
43018,lambda_initial_1,10,70,74,1.8371173070873823,2.033104508122149,1,False,False
43018,lambda_initial_1,11,74,78,2.033104508122149,2.249999999999998,0,False,False
43018,lambda_initial_1,12,78,82,2.249999999999998,1.4999999999999984,3,True,False
43018,lambda_initial_1,13,82,84,1.4999999999999984,1.6600228795504806,2,False,False
43018,lambda_initial_1,14,84,88,1.6600228795504806,1.8371173070873814,2,False,False
43018,lambda_initial_1,15,88,92,1.8371173070873814,1.2247448713915876,2,True,False
43018,lambda_initial_1,16,92,94,1.2247448713915876,1.3554030054147654,2,False,False
43018,lambda_initial_1,17,94,96,1.3554030054147654,1.4999999999999978,0,False,False
43018,lambda_initial_1,18,96,98,1.4999999999999978,1.6600228795504797,2,False,False
43018,lambda_initial_1,19,98,102,1.6600228795504797,1.8371173070873803,1,False,False
43018,lambda_initial_1,20,102,106,1.8371173070873803,2.0331045081221473,0,False,False
43018,lambda_initial_1,21,106,110,2.0331045081221473,2.249999999999996,2,False,False
43018,lambda_initial_1,22,110,114,2.249999999999996,2.490034319325719,1,False,False
43018,lambda_initial_1,23,114,118,2.490034319325719,2.75567596063107,4,False,False
43018,lambda_initial_1,24,118,124,2.75567596063107,3.04965676218322,2,False,False
43018,lambda_initial_1,25,124,130,3.04965676218322,3.3749999999999925,3,False,False
43018,lambda_initial_1,26,130,136,3.3749999999999925,3.7350514789885767,4,False,False
43018,lambda_initial_1,27,136,144,3.7350514789885767,4.133513940946603,5,False,False
43018,lambda_initial_1,28,144,152,4.133513940946603,4.574485143274828,4,False,False
43018,lambda_initial_1,29,152,162,4.574485143274828,5.062499999999987,6,False,False
43018,lambda_initial_1,30,162,172,5.062499999999987,5.602577218482863,5,False,False
43018,lambda_initial_1,31,172,184,5.602577218482863,6.200270911419902,8,False,False
43018,lambda_initial_1,32,184,196,6.200270911419902,6.861727714912239,8,False,False
43018,lambda_initial_1,33,196,210,6.861727714912239,7.593749999999977,5,False,False
43018,lambda_initial_1,34,210,226,7.593749999999977,8.40386582772429,7,False,False
43018,lambda_initial_1,35,226,242,8.40386582772429,5.60257721848286,11,True,False
43018,lambda_initial_1,36,242,254,5.60257721848286,6.200270911419899,7,False,False
43018,lambda_initial_1,37,254,266,6.200270911419899,6.861727714912236,10,False,False
43018,lambda_initial_1,38,266,280,6.861727714912236,7.593749999999974,5,False,False
43018,lambda_initial_1,39,280,296,7.593749999999974,8.403865827724287,12,False,False
43018,lambda_initial_1,40,296,312,8.403865827724287,9.300406367129845,6,False,False
43018,lambda_initial_1,41,312,330,9.300406367129845,10.29259157236835,13,False,False
43018,lambda_initial_1,42,330,350,10.29259157236835,11.390624999999956,7,False,False
43018,lambda_initial_1,43,350,372,11.390624999999956,12.605798741586426,8,False,False
43018,lambda_initial_1,44,372,398,12.605798741586426,13.950609550694763,10,False,False
43018,lambda_initial_1,45,398,400,13.950609550694763,15.438887358552519,14,False,True
43018,lambda_initial_5,1,50,60,5.0,3.3333333333333335,5,True,False
43018,lambda_initial_5,2,60,66,3.3333333333333335,3.688939732334405,6,False,False
43018,lambda_initial_5,3,66,74,3.688939732334405,4.0824829046386295,6,False,False
43018,lambda_initial_5,4,74,82,4.0824829046386295,4.518010018049223,4,False,False
43018,lambda_initial_5,5,82,92,4.518010018049223,4.999999999999998,5,False,False
43018,lambda_initial_5,6,92,102,4.999999999999998,5.533409598501605,8,False,False
43018,lambda_initial_5,7,102,114,5.533409598501605,6.123724356957942,5,False,False
43018,lambda_initial_5,8,114,126,6.123724356957942,6.777015027073832,9,False,False
43018,lambda_initial_5,9,126,140,6.777015027073832,7.499999999999994,6,False,False
43018,lambda_initial_5,10,140,154,7.499999999999994,8.300114397752404,6,False,False
43018,lambda_initial_5,11,154,170,8.300114397752404,5.533409598501603,12,True,False
43018,lambda_initial_5,12,170,182,5.533409598501603,3.688939732334402,8,True,False
43018,lambda_initial_5,13,182,190,3.688939732334402,4.082482904638626,1,False,False
43018,lambda_initial_5,14,190,198,4.082482904638626,4.518010018049219,1,False,False
43018,lambda_initial_5,15,198,208,4.518010018049219,3.0120066786994797,6,True,False
43018,lambda_initial_5,16,208,214,3.0120066786994797,3.3333333333333295,6,False,False
43018,lambda_initial_5,17,214,220,3.3333333333333295,3.6889397323344006,1,False,False
43018,lambda_initial_5,18,220,228,3.6889397323344006,4.082482904638624,0,False,False
43018,lambda_initial_5,19,228,236,4.082482904638624,4.518010018049217,3,False,False
43018,lambda_initial_5,20,236,246,4.518010018049217,4.999999999999991,2,False,False
43018,lambda_initial_5,21,246,256,4.999999999999991,5.533409598501597,5,False,False
43018,lambda_initial_5,22,256,268,5.533409598501597,6.123724356957933,8,False,False
43018,lambda_initial_5,23,268,280,6.123724356957933,6.777015027073822,9,False,False
43018,lambda_initial_5,24,280,294,6.777015027073822,7.499999999999983,6,False,False
43018,lambda_initial_5,25,294,308,7.499999999999983,8.300114397752392,8,False,False
43018,lambda_initial_5,26,308,324,8.300114397752392,9.185586535436894,8,False,False
43018,lambda_initial_5,27,324,342,9.185586535436894,10.165522540610727,8,False,False
43018,lambda_initial_5,28,342,362,10.165522540610727,11.249999999999968,18,False,False
43018,lambda_initial_5,29,362,384,11.249999999999968,12.45017159662858,11,False,False
43018,lambda_initial_5,30,384,400,12.45017159662858,13.778379803155334,9,False,True
43018,lambda_initial_10,1,50,70,10.0,6.666666666666667,10,True,False
43018,lambda_initial_10,2,70,84,6.666666666666667,7.37787946466881,5,False,False
43018,lambda_initial_10,3,84,98,7.37787946466881,8.164965809277259,5,False,False
43018,lambda_initial_10,4,98,114,8.164965809277259,5.443310539518173,7,True,False
43018,lambda_initial_10,5,114,124,5.443310539518173,6.024013357398964,7,False,False
43018,lambda_initial_10,6,124,136,6.024013357398964,6.666666666666664,4,False,False
43018,lambda_initial_10,7,136,150,6.666666666666664,7.3778794646688075,6,False,False
43018,lambda_initial_10,8,150,164,7.3778794646688075,8.164965809277255,2,False,False
43018,lambda_initial_10,9,164,180,8.164965809277255,9.036020036098442,7,False,False
43018,lambda_initial_10,10,180,198,9.036020036098442,9.999999999999993,7,False,False
43018,lambda_initial_10,11,198,218,9.999999999999993,11.066819197003207,6,False,False
43018,lambda_initial_10,12,218,240,11.066819197003207,12.24744871391588,13,False,False
43018,lambda_initial_10,13,240,264,12.24744871391588,13.55403005414766,16,False,False
43018,lambda_initial_10,14,264,292,13.55403005414766,14.999999999999984,11,False,False
43018,lambda_initial_10,15,292,322,14.999999999999984,16.600228795504805,18,False,False
43018,lambda_initial_10,16,322,356,16.600228795504805,18.371173070873812,14,False,False
43018,lambda_initial_10,17,356,392,18.371173070873812,20.331045081221482,14,False,False
43018,lambda_initial_10,18,392,400,20.331045081221482,22.499999999999968,16,False,True
43018,lambda_initial_20,1,50,90,20.0,13.333333333333334,20,True,False
43018,lambda_initial_20,2,90,116,13.333333333333334,8.88888888888889,15,True,False
43018,lambda_initial_20,3,116,134,8.88888888888889,9.837172619558414,8,False,False
43018,lambda_initial_20,4,134,154,9.837172619558414,10.886621079036345,5,False,False
43018,lambda_initial_20,5,154,176,10.886621079036345,12.048026714797928,13,False,False
43018,lambda_initial_20,6,176,200,12.048026714797928,8.032017809865286,16,True,False
43018,lambda_initial_20,7,200,216,8.032017809865286,8.888888888888886,10,False,False
43018,lambda_initial_20,8,216,234,8.888888888888886,9.837172619558409,4,False,False
43018,lambda_initial_20,9,234,254,9.837172619558409,10.88662107903634,10,False,False
43018,lambda_initial_20,10,254,276,10.88662107903634,12.048026714797922,9,False,False
43018,lambda_initial_20,11,276,300,12.048026714797922,13.333333333333321,11,False,False
43018,lambda_initial_20,12,300,326,13.333333333333321,14.755758929337606,16,False,False
43018,lambda_initial_20,13,326,356,14.755758929337606,16.329931618554504,18,False,False
43018,lambda_initial_20,14,356,388,16.329931618554504,18.072040072196877,15,False,False
43018,lambda_initial_20,15,388,400,18.072040072196877,19.999999999999975,17,False,True
43018,lambda_initial_40,1,50,130,40.0,26.666666666666668,40,True,False
43018,lambda_initial_40,2,130,184,26.666666666666668,29.51151785867524,32,False,False
43018,lambda_initial_40,3,184,244,29.51151785867524,32.659863237109036,31,False,False
43018,lambda_initial_40,4,244,310,32.659863237109036,36.14408014439378,36,False,False
43018,lambda_initial_40,5,310,382,36.14408014439378,39.999999999999986,34,False,False
43018,lambda_initial_40,6,382,400,39.999999999999986,40.0,40,False,True
43019,lambda_initial_1,1,50,52,1.0,1.1066819197003215,1,False,False
43019,lambda_initial_1,2,52,54,1.1066819197003215,1.2247448713915887,1,False,False
43019,lambda_initial_1,3,54,56,1.2247448713915887,1.3554030054147668,1,False,False
43019,lambda_initial_1,4,56,58,1.3554030054147668,1.4999999999999993,2,False,False
43019,lambda_initial_1,5,58,60,1.4999999999999993,1.6600228795504814,1,False,False
43019,lambda_initial_1,6,60,64,1.6600228795504814,1.106681919700321,1,True,False
43019,lambda_initial_1,7,64,66,1.106681919700321,1.2247448713915883,0,False,False
43019,lambda_initial_1,8,66,68,1.2247448713915883,1.0,1,True,False
43019,lambda_initial_1,9,68,70,1.0,1.1066819197003215,1,False,False
43019,lambda_initial_1,10,70,72,1.1066819197003215,1.2247448713915887,1,False,False
43019,lambda_initial_1,11,72,74,1.2247448713915887,1.3554030054147668,1,False,False
43019,lambda_initial_1,12,74,76,1.3554030054147668,1.4999999999999993,2,False,False
43019,lambda_initial_1,13,76,78,1.4999999999999993,1.6600228795504814,3,False,False
43019,lambda_initial_1,14,78,82,1.6600228795504814,1.8371173070873823,1,False,False
43019,lambda_initial_1,15,82,86,1.8371173070873823,2.033104508122149,4,False,False
43019,lambda_initial_1,16,86,90,2.033104508122149,2.249999999999998,1,False,False
43019,lambda_initial_1,17,90,94,2.249999999999998,2.490034319325721,2,False,False
43019,lambda_initial_1,18,94,98,2.490034319325721,2.755675960631072,3,False,False
43019,lambda_initial_1,19,98,104,2.755675960631072,3.0496567621832225,2,False,False
43019,lambda_initial_1,20,104,110,3.0496567621832225,2.033104508122148,2,True,False
43019,lambda_initial_1,21,110,114,2.033104508122148,2.249999999999997,1,False,False
43019,lambda_initial_1,22,114,118,2.249999999999997,2.4900343193257197,2,False,False
43019,lambda_initial_1,23,118,122,2.4900343193257197,1.66002287955048,2,True,False
43019,lambda_initial_1,24,122,126,1.66002287955048,1.10668191970032,3,True,False
43019,lambda_initial_1,25,126,128,1.10668191970032,1.0,2,True,False
43019,lambda_initial_1,26,128,130,1.0,1.1066819197003215,0,False,False
43019,lambda_initial_1,27,130,132,1.1066819197003215,1.2247448713915887,0,False,False
43019,lambda_initial_1,28,132,134,1.2247448713915887,1.3554030054147668,0,False,False
43019,lambda_initial_1,29,134,136,1.3554030054147668,1.4999999999999993,0,False,False
43019,lambda_initial_1,30,136,138,1.4999999999999993,1.6600228795504814,0,False,False
43019,lambda_initial_1,31,138,142,1.6600228795504814,1.8371173070873823,3,False,False
43019,lambda_initial_1,32,142,146,1.8371173070873823,2.033104508122149,2,False,False
43019,lambda_initial_1,33,146,150,2.033104508122149,2.249999999999998,1,False,False
43019,lambda_initial_1,34,150,154,2.249999999999998,2.490034319325721,2,False,False
43019,lambda_initial_1,35,154,158,2.490034319325721,2.755675960631072,4,False,False
43019,lambda_initial_1,36,158,164,2.755675960631072,3.0496567621832225,4,False,False
43019,lambda_initial_1,37,164,170,3.0496567621832225,3.3749999999999956,3,False,False
43019,lambda_initial_1,38,170,176,3.3749999999999956,3.7350514789885803,1,False,False
43019,lambda_initial_1,39,176,184,3.7350514789885803,4.133513940946607,6,False,False
43019,lambda_initial_1,40,184,192,4.133513940946607,4.574485143274832,3,False,False
43019,lambda_initial_1,41,192,202,4.574485143274832,5.062499999999991,3,False,False
43019,lambda_initial_1,42,202,212,5.062499999999991,5.6025772184828675,6,False,False
43019,lambda_initial_1,43,212,224,5.6025772184828675,6.200270911419907,7,False,False
43019,lambda_initial_1,44,224,236,6.200270911419907,6.861727714912245,7,False,False
43019,lambda_initial_1,45,236,250,6.861727714912245,7.593749999999984,10,False,False
43019,lambda_initial_1,46,250,266,7.593749999999984,8.403865827724298,12,False,False
43019,lambda_initial_1,47,266,282,8.403865827724298,9.300406367129858,6,False,False
43019,lambda_initial_1,48,282,300,9.300406367129858,10.292591572368364,10,False,False
43019,lambda_initial_1,49,300,320,10.292591572368364,11.390624999999972,12,False,False
43019,lambda_initial_1,50,320,342,11.390624999999972,12.605798741586442,11,False,False
43019,lambda_initial_1,51,342,368,12.605798741586442,13.95060955069478,6,False,False
43019,lambda_initial_1,52,368,396,13.95060955069478,15.438887358552538,11,False,False
43019,lambda_initial_1,53,396,400,15.438887358552538,17.085937499999947,12,False,True
43019,lambda_initial_5,1,50,60,5.0,3.3333333333333335,6,True,False
43019,lambda_initial_5,2,60,66,3.3333333333333335,3.688939732334405,8,False,False
43019,lambda_initial_5,3,66,74,3.688939732334405,2.4592931548896035,6,True,False
43019,lambda_initial_5,4,74,78,2.4592931548896035,1.6395287699264023,1,True,False
43019,lambda_initial_5,5,78,82,1.6395287699264023,1.8144368465060576,2,False,False
43019,lambda_initial_5,6,82,86,1.8144368465060576,2.0080044524663214,3,False,False
43019,lambda_initial_5,7,86,90,2.0080044524663214,2.2222222222222214,5,False,False
43019,lambda_initial_5,8,90,94,2.2222222222222214,2.459293154889602,3,False,False
43019,lambda_initial_5,9,94,98,2.459293154889602,2.721655269759085,2,False,False
43019,lambda_initial_5,10,98,104,2.721655269759085,1.8144368465060567,5,True,False
43019,lambda_initial_5,11,104,108,1.8144368465060567,2.0080044524663205,0,False,False
43019,lambda_initial_5,12,108,112,2.0080044524663205,2.2222222222222205,0,False,False
43019,lambda_initial_5,13,112,116,2.2222222222222205,1.4814814814814803,1,True,False
43019,lambda_initial_5,14,116,118,1.4814814814814803,1.639528769926401,1,False,False
43019,lambda_initial_5,15,118,122,1.639528769926401,1.814436846506056,2,False,False
43019,lambda_initial_5,16,122,126,1.814436846506056,2.0080044524663196,0,False,False
43019,lambda_initial_5,17,126,130,2.0080044524663196,2.2222222222222197,1,False,False
43019,lambda_initial_5,18,130,134,2.2222222222222197,2.4592931548896004,2,False,False
43019,lambda_initial_5,19,134,138,2.4592931548896004,2.7216552697590832,4,False,False
43019,lambda_initial_5,20,138,144,2.7216552697590832,3.0120066786994784,2,False,False
43019,lambda_initial_5,21,144,150,3.0120066786994784,3.333333333333328,5,False,False
43019,lambda_initial_5,22,150,156,3.333333333333328,3.6889397323343993,1,False,False
43019,lambda_initial_5,23,156,164,3.6889397323343993,2.4592931548895995,3,True,False
43019,lambda_initial_5,24,164,168,2.4592931548895995,2.721655269759082,3,False,False
43019,lambda_initial_5,25,168,174,2.721655269759082,3.012006678699477,0,False,False
43019,lambda_initial_5,26,174,180,3.012006678699477,2.008004452466318,2,True,False
43019,lambda_initial_5,27,180,184,2.008004452466318,2.2222222222222174,0,False,False
43019,lambda_initial_5,28,184,188,2.2222222222222174,2.459293154889598,2,False,False
43019,lambda_initial_5,29,188,192,2.459293154889598,2.7216552697590806,0,False,False
43019,lambda_initial_5,30,192,198,2.7216552697590806,3.0120066786994757,4,False,False
43019,lambda_initial_5,31,198,204,3.0120066786994757,3.333333333333325,3,False,False
43019,lambda_initial_5,32,204,210,3.333333333333325,3.6889397323343958,3,False,False
43019,lambda_initial_5,33,210,218,3.6889397323343958,4.082482904638619,4,False,False
43019,lambda_initial_5,34,218,226,4.082482904638619,4.518010018049211,5,False,False
43019,lambda_initial_5,35,226,236,4.518010018049211,4.999999999999985,8,False,False
43019,lambda_initial_5,36,236,246,4.999999999999985,5.53340959850159,3,False,False
43019,lambda_initial_5,37,246,258,5.53340959850159,6.123724356957925,4,False,False
43019,lambda_initial_5,38,258,270,6.123724356957925,6.777015027073813,5,False,False
43019,lambda_initial_5,39,270,284,6.777015027073813,7.499999999999973,6,False,False
43019,lambda_initial_5,40,284,298,7.499999999999973,8.300114397752381,8,False,False
43019,lambda_initial_5,41,298,314,8.300114397752381,9.185586535436883,10,False,False
43019,lambda_initial_5,42,314,332,9.185586535436883,10.165522540610715,8,False,False
43019,lambda_initial_5,43,332,352,10.165522540610715,11.249999999999956,14,False,False
43019,lambda_initial_5,44,352,374,11.249999999999956,12.450171596628568,15,False,False
43019,lambda_initial_5,45,374,398,12.450171596628568,13.77837980315532,9,False,False
43019,lambda_initial_5,46,398,400,13.77837980315532,15.248283810916066,13,False,True
43019,lambda_initial_10,1,50,70,10.0,6.666666666666667,11,True,False
43019,lambda_initial_10,2,70,84,6.666666666666667,4.444444444444445,5,True,False
43019,lambda_initial_10,3,84,92,4.444444444444445,2.9629629629629632,6,True,False
43019,lambda_initial_10,4,92,98,2.9629629629629632,3.2790575398528046,3,False,False
43019,lambda_initial_10,5,98,104,3.2790575398528046,3.6288736930121153,5,False,False
43019,lambda_initial_10,6,104,112,3.6288736930121153,4.016008904932643,6,False,False
43019,lambda_initial_10,7,112,120,4.016008904932643,4.444444444444443,6,False,False
43019,lambda_initial_10,8,120,128,4.444444444444443,4.918586309779204,3,False,False
43019,lambda_initial_10,9,128,138,4.918586309779204,5.44331053951817,7,False,False
43019,lambda_initial_10,10,138,148,5.44331053951817,6.024013357398961,8,False,False
43019,lambda_initial_10,11,148,160,6.024013357398961,6.666666666666661,8,False,False
43019,lambda_initial_10,12,160,174,6.666666666666661,7.377879464668803,6,False,False
43019,lambda_initial_10,13,174,188,7.377879464668803,8.164965809277252,7,False,False
43019,lambda_initial_10,14,188,204,8.164965809277252,9.036020036098439,10,False,False
43019,lambda_initial_10,15,204,222,9.036020036098439,9.999999999999988,10,False,False
43019,lambda_initial_10,16,222,242,9.999999999999988,11.066819197003202,8,False,False
43019,lambda_initial_10,17,242,264,11.066819197003202,7.377879464668801,12,True,False
43019,lambda_initial_10,18,264,278,7.377879464668801,4.918586309779201,7,True,False
43019,lambda_initial_10,19,278,288,4.918586309779201,3.2790575398528006,4,True,False
43019,lambda_initial_10,20,288,294,3.2790575398528006,2.186038359901867,3,True,False
43019,lambda_initial_10,21,294,298,2.186038359901867,2.4192491286747404,0,False,False
43019,lambda_initial_10,22,298,302,2.4192491286747404,2.677339269955092,0,False,False
43019,lambda_initial_10,23,302,308,2.677339269955092,2.9629629629629584,2,False,False
43019,lambda_initial_10,24,308,314,2.9629629629629584,3.2790575398527992,2,False,False
43019,lambda_initial_10,25,314,320,3.2790575398527992,2.186038359901866,2,True,False
43019,lambda_initial_10,26,320,324,2.186038359901866,2.4192491286747395,2,False,False
43019,lambda_initial_10,27,324,328,2.4192491286747395,2.6773392699550906,6,False,False
43019,lambda_initial_10,28,328,334,2.6773392699550906,2.962962962962957,3,False,False
43019,lambda_initial_10,29,334,340,2.962962962962957,3.279057539852798,2,False,False
43019,lambda_initial_10,30,340,346,3.279057539852798,3.6288736930121077,2,False,False
43019,lambda_initial_10,31,346,354,3.6288736930121077,4.016008904932635,4,False,False
43019,lambda_initial_10,32,354,362,4.016008904932635,4.444444444444434,8,False,False
43019,lambda_initial_10,33,362,370,4.444444444444434,4.918586309779195,5,False,False
43019,lambda_initial_10,34,370,380,4.918586309779195,5.443310539518159,4,False,False
43019,lambda_initial_10,35,380,390,5.443310539518159,6.02401335739895,7,False,False
43019,lambda_initial_10,36,390,400,6.02401335739895,6.666666666666648,7,False,True
43019,lambda_initial_20,1,50,90,20.0,13.333333333333334,22,True,False
43019,lambda_initial_20,2,90,116,13.333333333333334,8.88888888888889,11,True,False
43019,lambda_initial_20,3,116,134,8.88888888888889,5.9259259259259265,6,True,False
43019,lambda_initial_20,4,134,146,5.9259259259259265,6.558115079705609,8,False,False
43019,lambda_initial_20,5,146,160,6.558115079705609,7.2577473860242305,8,False,False
43019,lambda_initial_20,6,160,174,7.2577473860242305,4.838498257349487,10,True,False
43019,lambda_initial_20,7,174,184,4.838498257349487,5.35467853991019,2,False,False
43019,lambda_initial_20,8,184,194,5.35467853991019,5.925925925925924,8,False,False
43019,lambda_initial_20,9,194,206,5.925925925925924,3.9506172839506157,8,True,False
43019,lambda_initial_20,10,206,214,3.9506172839506157,4.372076719803737,4,False,False
43019,lambda_initial_20,11,214,222,4.372076719803737,2.9147178132024916,9,True,False
43019,lambda_initial_20,12,222,228,2.9147178132024916,1.943145208801661,5,True,False
43019,lambda_initial_20,13,228,232,1.943145208801661,2.150443669933104,1,False,False
43019,lambda_initial_20,14,232,236,2.150443669933104,2.3798571288489723,0,False,False
43019,lambda_initial_20,15,236,240,2.3798571288489723,2.633744855967076,3,False,False
43019,lambda_initial_20,16,240,246,2.633744855967076,2.9147178132024902,3,False,False
43019,lambda_initial_20,17,246,252,2.9147178132024902,3.2256655048996548,2,False,False
43019,lambda_initial_20,18,252,258,3.2256655048996548,3.569785693273457,0,False,False
43019,lambda_initial_20,19,258,266,3.569785693273457,3.950617283950612,8,False,False
43019,lambda_initial_20,20,266,274,3.950617283950612,4.372076719803734,4,False,False
43019,lambda_initial_20,21,274,282,4.372076719803734,4.838498257349481,6,False,False
43019,lambda_initial_20,22,282,292,4.838498257349481,5.354678539910184,6,False,False
43019,lambda_initial_20,23,292,302,5.354678539910184,3.569785693273456,2,True,False
43019,lambda_initial_20,24,302,310,3.569785693273456,3.9506172839506113,2,False,False
43019,lambda_initial_20,25,310,318,3.9506172839506113,2.633744855967074,4,True,False
43019,lambda_initial_20,26,318,324,2.633744855967074,2.9147178132024885,1,False,False
43019,lambda_initial_20,27,324,330,2.9147178132024885,3.225665504899653,7,False,False
43019,lambda_initial_20,28,330,336,3.225665504899653,3.5697856932734546,3,False,False
43019,lambda_initial_20,29,336,344,3.5697856932734546,2.3798571288489696,3,True,False
43019,lambda_initial_20,30,344,348,2.3798571288489696,2.633744855967073,0,False,False
43019,lambda_initial_20,31,348,354,2.633744855967073,2.9147178132024867,1,False,False
43019,lambda_initial_20,32,354,360,2.9147178132024867,3.225665504899651,2,False,False
43019,lambda_initial_20,33,360,366,3.225665504899651,3.569785693273453,3,False,False
43019,lambda_initial_20,34,366,374,3.569785693273453,3.9506172839506077,3,False,False
43019,lambda_initial_20,35,374,382,3.9506172839506077,4.3720767198037285,5,False,False
43019,lambda_initial_20,36,382,390,4.3720767198037285,4.838498257349475,3,False,False
43019,lambda_initial_20,37,390,400,4.838498257349475,5.354678539910177,5,False,False
43019,lambda_initial_40,1,50,130,40.0,26.666666666666668,40,True,False
43019,lambda_initial_40,2,130,184,26.666666666666668,17.77777777777778,30,True,False
43019,lambda_initial_40,3,184,220,17.77777777777778,11.851851851851853,17,True,False
43019,lambda_initial_40,4,220,244,11.851851851851853,7.901234567901235,12,True,False
43019,lambda_initial_40,5,244,260,7.901234567901235,5.267489711934156,4,True,False
43019,lambda_initial_40,6,260,270,5.267489711934156,5.829435626404986,5,False,False
43019,lambda_initial_40,7,270,282,5.829435626404986,6.451331009799316,4,False,False
43019,lambda_initial_40,8,282,294,6.451331009799316,4.30088733986621,4,True,False
43019,lambda_initial_40,9,294,302,4.30088733986621,4.759714257697946,3,False,False
43019,lambda_initial_40,10,302,312,4.759714257697946,5.267489711934154,3,False,False
43019,lambda_initial_40,11,312,322,5.267489711934154,3.5116598079561023,6,True,False
43019,lambda_initial_40,12,322,330,3.5116598079561023,3.8862904176033215,3,False,False
43019,lambda_initial_40,13,330,338,3.8862904176033215,4.3008873398662075,3,False,False
43019,lambda_initial_40,14,338,346,4.3008873398662075,4.759714257697944,3,False,False
43019,lambda_initial_40,15,346,356,4.759714257697944,5.267489711934151,1,False,False
43019,lambda_initial_40,16,356,366,5.267489711934151,5.82943562640498,2,False,False
43019,lambda_initial_40,17,366,378,5.82943562640498,6.451331009799309,8,False,False
43019,lambda_initial_40,18,378,390,6.451331009799309,7.139571386546912,7,False,False
43019,lambda_initial_40,19,390,400,7.139571386546912,7.901234567901223,9,False,True
43020,lambda_initial_1,1,50,52,1.0,1.1066819197003215,1,False,False
43020,lambda_initial_1,2,52,54,1.1066819197003215,1.2247448713915887,1,False,False
43020,lambda_initial_1,3,54,56,1.2247448713915887,1.3554030054147668,1,False,False
43020,lambda_initial_1,4,56,58,1.3554030054147668,1.4999999999999993,2,False,False
43020,lambda_initial_1,5,58,60,1.4999999999999993,1.6600228795504814,2,False,False
43020,lambda_initial_1,6,60,64,1.6600228795504814,1.8371173070873823,2,False,False
43020,lambda_initial_1,7,64,68,1.8371173070873823,2.033104508122149,0,False,False
43020,lambda_initial_1,8,68,72,2.033104508122149,2.249999999999998,1,False,False
43020,lambda_initial_1,9,72,76,2.249999999999998,1.4999999999999984,1,True,False
43020,lambda_initial_1,10,76,78,1.4999999999999984,1.6600228795504806,2,False,False
43020,lambda_initial_1,11,78,82,1.6600228795504806,1.1066819197003204,2,True,False
43020,lambda_initial_1,12,82,84,1.1066819197003204,1.2247448713915876,0,False,False
43020,lambda_initial_1,13,84,86,1.2247448713915876,1.3554030054147654,1,False,False
43020,lambda_initial_1,14,86,88,1.3554030054147654,1.4999999999999978,3,False,False
43020,lambda_initial_1,15,88,90,1.4999999999999978,1.6600228795504797,0,False,False
43020,lambda_initial_1,16,90,94,1.6600228795504797,1.8371173070873803,0,False,False
43020,lambda_initial_1,17,94,98,1.8371173070873803,2.0331045081221473,1,False,False
43020,lambda_initial_1,18,98,102,2.0331045081221473,1.3554030054147648,1,True,False
43020,lambda_initial_1,19,102,104,1.3554030054147648,1.4999999999999971,1,False,False
43020,lambda_initial_1,20,104,106,1.4999999999999971,1.660022879550479,2,False,False
43020,lambda_initial_1,21,106,110,1.660022879550479,1.8371173070873796,2,False,False
43020,lambda_initial_1,22,110,114,1.8371173070873796,2.0331045081221464,0,False,False
43020,lambda_initial_1,23,114,118,2.0331045081221464,2.2499999999999947,1,False,False
43020,lambda_initial_1,24,118,122,2.2499999999999947,2.4900343193257175,3,False,False
43020,lambda_initial_1,25,122,126,2.4900343193257175,2.7556759606310686,3,False,False
43020,lambda_initial_1,26,126,132,2.7556759606310686,3.0496567621832185,3,False,False
43020,lambda_initial_1,27,132,138,3.0496567621832185,3.374999999999991,2,False,False
43020,lambda_initial_1,28,138,144,3.374999999999991,3.7350514789885754,4,False,False
43020,lambda_initial_1,29,144,152,3.7350514789885754,4.133513940946601,2,False,False
43020,lambda_initial_1,30,152,160,4.133513940946601,4.574485143274826,2,False,False
43020,lambda_initial_1,31,160,170,4.574485143274826,5.062499999999985,4,False,False
43020,lambda_initial_1,32,170,180,5.062499999999985,5.60257721848286,4,False,False
43020,lambda_initial_1,33,180,192,5.60257721848286,6.200270911419899,5,False,False
43020,lambda_initial_1,34,192,204,6.200270911419899,6.861727714912236,3,False,False
43020,lambda_initial_1,35,204,218,6.861727714912236,7.593749999999974,6,False,False
43020,lambda_initial_1,36,218,234,7.593749999999974,8.403865827724287,8,False,False
43020,lambda_initial_1,37,234,250,8.403865827724287,9.300406367129845,10,False,False
43020,lambda_initial_1,38,250,268,9.300406367129845,10.29259157236835,10,False,False
43020,lambda_initial_1,39,268,288,10.29259157236835,11.390624999999956,14,False,False
43020,lambda_initial_1,40,288,310,11.390624999999956,12.605798741586426,10,False,False
43020,lambda_initial_1,41,310,336,12.605798741586426,8.403865827724283,16,True,False
43020,lambda_initial_1,42,336,352,8.403865827724283,9.300406367129842,5,False,False
43020,lambda_initial_1,43,352,370,9.300406367129842,10.292591572368346,12,False,False
43020,lambda_initial_1,44,370,390,10.292591572368346,11.390624999999952,11,False,False
43020,lambda_initial_1,45,390,400,11.390624999999952,12.60579874158642,11,False,True
43020,lambda_initial_5,1,50,60,5.0,3.3333333333333335,5,True,False
43020,lambda_initial_5,2,60,66,3.3333333333333335,3.688939732334405,8,False,False
43020,lambda_initial_5,3,66,74,3.688939732334405,4.0824829046386295,2,False,False
43020,lambda_initial_5,4,74,82,4.0824829046386295,4.518010018049223,2,False,False
43020,lambda_initial_5,5,82,92,4.518010018049223,3.012006678699482,3,True,False
43020,lambda_initial_5,6,92,98,3.012006678699482,3.333333333333332,4,False,False
43020,lambda_initial_5,7,98,104,3.333333333333332,3.6889397323344038,3,False,False
43020,lambda_initial_5,8,104,112,3.6889397323344038,4.082482904638628,3,False,False
43020,lambda_initial_5,9,112,120,4.082482904638628,4.518010018049221,6,False,False
43020,lambda_initial_5,10,120,130,4.518010018049221,4.9999999999999964,2,False,False
43020,lambda_initial_5,11,130,140,4.9999999999999964,5.533409598501604,4,False,False
43020,lambda_initial_5,12,140,152,5.533409598501604,3.6889397323344024,3,True,False
43020,lambda_initial_5,13,152,160,3.6889397323344024,4.082482904638627,2,False,False
43020,lambda_initial_5,14,160,168,4.082482904638627,4.51801001804922,6,False,False
43020,lambda_initial_5,15,168,178,4.51801001804922,4.999999999999996,7,False,False
43020,lambda_initial_5,16,178,188,4.999999999999996,3.3333333333333304,8,True,False
43020,lambda_initial_5,17,188,194,3.3333333333333304,2.22222222222222,4,True,False
43020,lambda_initial_5,18,194,198,2.22222222222222,2.459293154889601,1,False,False
43020,lambda_initial_5,19,198,202,2.459293154889601,2.7216552697590837,3,False,False
43020,lambda_initial_5,20,202,208,2.7216552697590837,3.0120066786994792,3,False,False
43020,lambda_initial_5,21,208,214,3.0120066786994792,3.333333333333329,4,False,False
43020,lambda_initial_5,22,214,220,3.333333333333329,3.6889397323344,2,False,False
43020,lambda_initial_5,23,220,228,3.6889397323344,4.082482904638624,5,False,False
43020,lambda_initial_5,24,228,236,4.082482904638624,4.518010018049217,4,False,False
43020,lambda_initial_5,25,236,246,4.518010018049217,4.999999999999991,5,False,False
43020,lambda_initial_5,26,246,256,4.999999999999991,3.3333333333333273,4,True,False
43020,lambda_initial_5,27,256,262,3.3333333333333273,3.6889397323343984,3,False,False
43020,lambda_initial_5,28,262,270,3.6889397323343984,4.082482904638622,2,False,False
43020,lambda_initial_5,29,270,278,4.082482904638622,4.518010018049215,2,False,False
43020,lambda_initial_5,30,278,288,4.518010018049215,4.999999999999989,2,False,False
43020,lambda_initial_5,31,288,298,4.999999999999989,5.533409598501596,4,False,False
43020,lambda_initial_5,32,298,310,5.533409598501596,6.123724356957931,7,False,False
43020,lambda_initial_5,33,310,322,6.123724356957931,6.77701502707382,7,False,False
43020,lambda_initial_5,34,322,336,6.77701502707382,7.499999999999981,4,False,False
43020,lambda_initial_5,35,336,350,7.499999999999981,8.30011439775239,5,False,False
43020,lambda_initial_5,36,350,366,8.30011439775239,9.185586535436892,8,False,False
43020,lambda_initial_5,37,366,384,9.185586535436892,10.165522540610725,7,False,False
43020,lambda_initial_5,38,384,400,10.165522540610725,11.249999999999966,7,False,True
43020,lambda_initial_10,1,50,70,10.0,6.666666666666667,10,True,False
43020,lambda_initial_10,2,70,84,6.666666666666667,4.444444444444445,6,True,False
43020,lambda_initial_10,3,84,92,4.444444444444445,4.918586309779207,4,False,False
43020,lambda_initial_10,4,92,102,4.918586309779207,5.443310539518173,5,False,False
43020,lambda_initial_10,5,102,112,5.443310539518173,3.6288736930121153,7,True,False
43020,lambda_initial_10,6,112,120,3.6288736930121153,2.4192491286747435,3,True,False
43020,lambda_initial_10,7,120,124,2.4192491286747435,1.612832752449829,2,True,False
43020,lambda_initial_10,8,124,128,1.612832752449829,1.78489284663673,3,False,False
43020,lambda_initial_10,9,128,132,1.78489284663673,1.9753086419753079,0,False,False
43020,lambda_initial_10,10,132,136,1.9753086419753079,2.1860383599018687,5,False,False
43020,lambda_initial_10,11,136,140,2.1860383599018687,1.4573589066012458,3,True,False
43020,lambda_initial_10,12,140,142,1.4573589066012458,1.6128327524498283,1,False,False
43020,lambda_initial_10,13,142,146,1.6128327524498283,1.7848928466367293,1,False,False
43020,lambda_initial_10,14,146,150,1.7848928466367293,1.9753086419753072,1,False,False
43020,lambda_initial_10,15,150,154,1.9753086419753072,2.186038359901868,1,False,False
43020,lambda_initial_10,16,154,158,2.186038359901868,2.4192491286747413,3,False,False
43020,lambda_initial_10,17,158,162,2.4192491286747413,2.677339269955093,0,False,False
43020,lambda_initial_10,18,162,168,2.677339269955093,2.9629629629629592,5,False,False
43020,lambda_initial_10,19,168,174,2.9629629629629592,3.2790575398528,0,False,False
43020,lambda_initial_10,20,174,180,3.2790575398528,3.6288736930121104,1,False,False
43020,lambda_initial_10,21,180,188,3.6288736930121104,2.4192491286747404,2,True,False
43020,lambda_initial_10,22,188,192,2.4192491286747404,2.677339269955092,2,False,False
43020,lambda_initial_10,23,192,198,2.677339269955092,2.9629629629629584,3,False,False
43020,lambda_initial_10,24,198,204,2.9629629629629584,3.2790575398527992,1,False,False
43020,lambda_initial_10,25,204,210,3.2790575398527992,3.6288736930121095,3,False,False
43020,lambda_initial_10,26,210,218,3.6288736930121095,4.016008904932637,4,False,False
43020,lambda_initial_10,27,218,226,4.016008904932637,4.444444444444436,4,False,False
43020,lambda_initial_10,28,226,234,4.444444444444436,4.918586309779197,8,False,False
43020,lambda_initial_10,29,234,244,4.918586309779197,5.443310539518162,3,False,False
43020,lambda_initial_10,30,244,254,5.443310539518162,6.024013357398952,3,False,False
43020,lambda_initial_10,31,254,266,6.024013357398952,6.666666666666651,3,False,False
43020,lambda_initial_10,32,266,280,6.666666666666651,7.377879464668792,7,False,False
43020,lambda_initial_10,33,280,294,7.377879464668792,8.16496580927724,13,False,False
43020,lambda_initial_10,34,294,310,8.16496580927724,9.036020036098424,6,False,False
43020,lambda_initial_10,35,310,328,9.036020036098424,9.999999999999973,8,False,False
43020,lambda_initial_10,36,328,348,9.999999999999973,11.066819197003186,12,False,False
43020,lambda_initial_10,37,348,370,11.066819197003186,12.247448713915857,16,False,False
43020,lambda_initial_10,38,370,394,12.247448713915857,13.554030054147633,10,False,False
43020,lambda_initial_10,39,394,400,13.554030054147633,14.999999999999956,15,False,True
43020,lambda_initial_20,1,50,90,20.0,13.333333333333334,20,True,False
43020,lambda_initial_20,2,90,116,13.333333333333334,8.88888888888889,10,True,False
43020,lambda_initial_20,3,116,134,8.88888888888889,9.837172619558414,10,False,False
43020,lambda_initial_20,4,134,154,9.837172619558414,10.886621079036345,9,False,False
43020,lambda_initial_20,5,154,176,10.886621079036345,12.048026714797928,10,False,False
43020,lambda_initial_20,6,176,200,12.048026714797928,13.333333333333329,6,False,False
43020,lambda_initial_20,7,200,226,13.333333333333329,14.755758929337615,12,False,False
43020,lambda_initial_20,8,226,256,14.755758929337615,16.32993161855451,16,False,False
43020,lambda_initial_20,9,256,288,16.32993161855451,10.88662107903634,21,True,False
43020,lambda_initial_20,10,288,310,10.88662107903634,12.048026714797922,10,False,False
43020,lambda_initial_20,11,310,334,12.048026714797922,13.333333333333321,16,False,False
43020,lambda_initial_20,12,334,360,13.333333333333321,14.755758929337606,16,False,False
43020,lambda_initial_20,13,360,390,14.755758929337606,16.329931618554504,12,False,False
43020,lambda_initial_20,14,390,400,16.329931618554504,18.072040072196877,19,False,True
43020,lambda_initial_40,1,50,130,40.0,26.666666666666668,40,True,False
43020,lambda_initial_40,2,130,184,26.666666666666668,17.77777777777778,27,True,False
43020,lambda_initial_40,3,184,220,17.77777777777778,19.67434523911683,14,False,False
43020,lambda_initial_40,4,220,260,19.67434523911683,21.77324215807269,22,False,False
43020,lambda_initial_40,5,260,304,21.77324215807269,14.515494772048461,20,True,False
43020,lambda_initial_40,6,304,334,14.515494772048461,9.676996514698974,11,True,False
43020,lambda_initial_40,7,334,354,9.676996514698974,6.451331009799316,11,True,False
43020,lambda_initial_40,8,354,366,6.451331009799316,7.13957138654692,5,False,False
43020,lambda_initial_40,9,366,380,7.13957138654692,7.9012345679012315,6,False,False
43020,lambda_initial_40,10,380,396,7.9012345679012315,8.744153439607475,10,False,False
43020,lambda_initial_40,11,396,400,8.744153439607475,9.676996514698969,11,False,True
43021,lambda_initial_1,1,50,52,1.0,1.1066819197003215,1,False,False
43021,lambda_initial_1,2,52,54,1.1066819197003215,1.2247448713915887,1,False,False
43021,lambda_initial_1,3,54,56,1.2247448713915887,1.3554030054147668,0,False,False
43021,lambda_initial_1,4,56,58,1.3554030054147668,1.4999999999999993,0,False,False
43021,lambda_initial_1,5,58,60,1.4999999999999993,1.6600228795504814,1,False,False
43021,lambda_initial_1,6,60,64,1.6600228795504814,1.8371173070873823,1,False,False
43021,lambda_initial_1,7,64,68,1.8371173070873823,1.2247448713915883,2,True,False
43021,lambda_initial_1,8,68,70,1.2247448713915883,1.0,2,True,False
43021,lambda_initial_1,9,70,72,1.0,1.0,1,True,False
43021,lambda_initial_1,10,72,74,1.0,1.1066819197003215,1,False,False
43021,lambda_initial_1,11,74,76,1.1066819197003215,1.2247448713915887,1,False,False
43021,lambda_initial_1,12,76,78,1.2247448713915887,1.3554030054147668,2,False,False
43021,lambda_initial_1,13,78,80,1.3554030054147668,1.4999999999999993,0,False,False
43021,lambda_initial_1,14,80,82,1.4999999999999993,1.6600228795504814,0,False,False
43021,lambda_initial_1,15,82,86,1.6600228795504814,1.8371173070873823,1,False,False
43021,lambda_initial_1,16,86,90,1.8371173070873823,2.033104508122149,1,False,False
43021,lambda_initial_1,17,90,94,2.033104508122149,2.249999999999998,1,False,False
43021,lambda_initial_1,18,94,98,2.249999999999998,2.490034319325721,2,False,False
43021,lambda_initial_1,19,98,102,2.490034319325721,2.755675960631072,1,False,False
43021,lambda_initial_1,20,102,108,2.755675960631072,3.0496567621832225,3,False,False
43021,lambda_initial_1,21,108,114,3.0496567621832225,3.3749999999999956,2,False,False
43021,lambda_initial_1,22,114,120,3.3749999999999956,3.7350514789885803,1,False,False
43021,lambda_initial_1,23,120,128,3.7350514789885803,4.133513940946607,6,False,False
43021,lambda_initial_1,24,128,136,4.133513940946607,4.574485143274832,4,False,False
43021,lambda_initial_1,25,136,146,4.574485143274832,5.062499999999991,3,False,False
43021,lambda_initial_1,26,146,156,5.062499999999991,5.6025772184828675,5,False,False
43021,lambda_initial_1,27,156,168,5.6025772184828675,6.200270911419907,5,False,False
43021,lambda_initial_1,28,168,180,6.200270911419907,6.861727714912245,6,False,False
43021,lambda_initial_1,29,180,194,6.861727714912245,7.593749999999984,7,False,False
43021,lambda_initial_1,30,194,210,7.593749999999984,5.062499999999989,6,True,False
43021,lambda_initial_1,31,210,220,5.062499999999989,5.602577218482866,6,False,False
43021,lambda_initial_1,32,220,232,5.602577218482866,6.2002709114199055,5,False,False
43021,lambda_initial_1,33,232,244,6.2002709114199055,6.861727714912243,8,False,False
43021,lambda_initial_1,34,244,258,6.861727714912243,4.574485143274829,4,True,False
43021,lambda_initial_1,35,258,268,4.574485143274829,5.062499999999988,4,False,False
43021,lambda_initial_1,36,268,278,5.062499999999988,5.602577218482864,6,False,False
43021,lambda_initial_1,37,278,290,5.602577218482864,6.200270911419904,11,False,False
43021,lambda_initial_1,38,290,302,6.200270911419904,6.861727714912241,5,False,False
43021,lambda_initial_1,39,302,316,6.861727714912241,7.593749999999979,8,False,False
43021,lambda_initial_1,40,316,332,7.593749999999979,8.403865827724292,9,False,False
43021,lambda_initial_1,41,332,348,8.403865827724292,9.30040636712985,7,False,False
43021,lambda_initial_1,42,348,366,9.30040636712985,10.292591572368355,12,False,False
43021,lambda_initial_1,43,366,386,10.292591572368355,11.390624999999961,9,False,False
43021,lambda_initial_1,44,386,400,11.390624999999961,12.605798741586431,12,False,True
43021,lambda_initial_5,1,50,60,5.0,3.3333333333333335,5,True,False
43021,lambda_initial_5,2,60,66,3.3333333333333335,3.688939732334405,2,False,False
43021,lambda_initial_5,3,66,74,3.688939732334405,4.0824829046386295,2,False,False
43021,lambda_initial_5,4,74,82,4.0824829046386295,4.518010018049223,2,False,False
43021,lambda_initial_5,5,82,92,4.518010018049223,4.999999999999998,6,False,False
43021,lambda_initial_5,6,92,102,4.999999999999998,5.533409598501605,7,False,False
43021,lambda_initial_5,7,102,114,5.533409598501605,6.123724356957942,3,False,False
43021,lambda_initial_5,8,114,126,6.123724356957942,6.777015027073832,5,False,False
43021,lambda_initial_5,9,126,140,6.777015027073832,4.518010018049221,7,True,False
43021,lambda_initial_5,10,140,150,4.518010018049221,3.0120066786994806,4,True,False
43021,lambda_initial_5,11,150,156,3.0120066786994806,3.3333333333333304,2,False,False
43021,lambda_initial_5,12,156,162,3.3333333333333304,3.6889397323344015,2,False,False
43021,lambda_initial_5,13,162,170,3.6889397323344015,2.459293154889601,3,True,False
43021,lambda_initial_5,14,170,174,2.459293154889601,2.7216552697590837,1,False,False
43021,lambda_initial_5,15,174,180,2.7216552697590837,3.0120066786994792,0,False,False
43021,lambda_initial_5,16,180,186,3.0120066786994792,3.333333333333329,2,False,False
43021,lambda_initial_5,17,186,192,3.333333333333329,3.6889397323344,3,False,False
43021,lambda_initial_5,18,192,200,3.6889397323344,4.082482904638624,3,False,False
43021,lambda_initial_5,19,200,208,4.082482904638624,4.518010018049217,5,False,False
43021,lambda_initial_5,20,208,218,4.518010018049217,4.999999999999991,4,False,False
43021,lambda_initial_5,21,218,228,4.999999999999991,5.533409598501597,2,False,False
43021,lambda_initial_5,22,228,240,5.533409598501597,6.123724356957933,4,False,False
43021,lambda_initial_5,23,240,252,6.123724356957933,6.777015027073822,8,False,False
43021,lambda_initial_5,24,252,266,6.777015027073822,7.499999999999983,6,False,False
43021,lambda_initial_5,25,266,280,7.499999999999983,8.300114397752392,13,False,False
43021,lambda_initial_5,26,280,296,8.300114397752392,9.185586535436894,14,False,False
43021,lambda_initial_5,27,296,314,9.185586535436894,10.165522540610727,10,False,False
43021,lambda_initial_5,28,314,334,10.165522540610727,11.249999999999968,4,False,False
43021,lambda_initial_5,29,334,356,11.249999999999968,12.45017159662858,14,False,False
43021,lambda_initial_5,30,356,380,12.45017159662858,13.778379803155334,10,False,False
43021,lambda_initial_5,31,380,400,13.778379803155334,15.248283810916082,8,False,True
43021,lambda_initial_10,1,50,70,10.0,6.666666666666667,10,True,False
43021,lambda_initial_10,2,70,84,6.666666666666667,4.444444444444445,7,True,False
43021,lambda_initial_10,3,84,92,4.444444444444445,4.918586309779207,2,False,False
43021,lambda_initial_10,4,92,102,4.918586309779207,5.443310539518173,10,False,False
43021,lambda_initial_10,5,102,112,5.443310539518173,6.024013357398964,7,False,False
43021,lambda_initial_10,6,112,124,6.024013357398964,6.666666666666664,11,False,False
43021,lambda_initial_10,7,124,138,6.666666666666664,7.3778794646688075,7,False,False
43021,lambda_initial_10,8,138,152,7.3778794646688075,8.164965809277255,6,False,False
43021,lambda_initial_10,9,152,168,8.164965809277255,9.036020036098442,6,False,False
43021,lambda_initial_10,10,168,186,9.036020036098442,9.999999999999993,5,False,False
43021,lambda_initial_10,11,186,206,9.999999999999993,11.066819197003207,11,False,False
43021,lambda_initial_10,12,206,228,11.066819197003207,12.24744871391588,13,False,False
43021,lambda_initial_10,13,228,252,12.24744871391588,13.55403005414766,14,False,False
43021,lambda_initial_10,14,252,280,13.55403005414766,14.999999999999984,13,False,False
43021,lambda_initial_10,15,280,310,14.999999999999984,16.600228795504805,18,False,False
43021,lambda_initial_10,16,310,344,16.600228795504805,18.371173070873812,12,False,False
43021,lambda_initial_10,17,344,380,18.371173070873812,20.331045081221482,18,False,False
43021,lambda_initial_10,18,380,400,20.331045081221482,22.499999999999968,20,False,True
43021,lambda_initial_20,1,50,90,20.0,13.333333333333334,21,True,False
43021,lambda_initial_20,2,90,116,13.333333333333334,8.88888888888889,11,True,False
43021,lambda_initial_20,3,116,134,8.88888888888889,5.9259259259259265,8,True,False
43021,lambda_initial_20,4,134,146,5.9259259259259265,3.9506172839506175,11,True,False
43021,lambda_initial_20,5,146,154,3.9506172839506175,2.633744855967078,4,True,False
43021,lambda_initial_20,6,154,160,2.633744855967078,1.755829903978052,1,True,False
43021,lambda_initial_20,7,160,164,1.755829903978052,1.1705532693187013,2,True,False
43021,lambda_initial_20,8,164,166,1.1705532693187013,1.2954301392011078,1,False,False
43021,lambda_initial_20,9,166,168,1.2954301392011078,1.4336291132887367,1,False,False
43021,lambda_initial_20,10,168,170,1.4336291132887367,1.5865714192326488,1,False,False
43021,lambda_initial_20,11,170,174,1.5865714192326488,1.7558299039780514,1,False,False
43021,lambda_initial_20,12,174,178,1.7558299039780514,1.943145208801661,3,False,False
43021,lambda_initial_20,13,178,182,1.943145208801661,2.150443669933104,2,False,False
43021,lambda_initial_20,14,182,186,2.150443669933104,2.3798571288489723,4,False,False
43021,lambda_initial_20,15,186,190,2.3798571288489723,2.633744855967076,1,False,False
43021,lambda_initial_20,16,190,196,2.633744855967076,2.9147178132024902,3,False,False
43021,lambda_initial_20,17,196,202,2.9147178132024902,3.2256655048996548,4,False,False
43021,lambda_initial_20,18,202,208,3.2256655048996548,2.1504436699331033,3,True,False
43021,lambda_initial_20,19,208,212,2.1504436699331033,2.3798571288489714,2,False,False
43021,lambda_initial_20,20,212,216,2.3798571288489714,2.633744855967075,5,False,False
43021,lambda_initial_20,21,216,222,2.633744855967075,2.9147178132024893,2,False,False
43021,lambda_initial_20,22,222,228,2.9147178132024893,1.9431452088016596,3,True,False
43021,lambda_initial_20,23,228,232,1.9431452088016596,2.150443669933103,1,False,False
43021,lambda_initial_20,24,232,236,2.150443669933103,2.379857128848971,2,False,False
43021,lambda_initial_20,25,236,240,2.379857128848971,2.6337448559670746,4,False,False
43021,lambda_initial_20,26,240,246,2.6337448559670746,2.914717813202489,2,False,False
43021,lambda_initial_20,27,246,252,2.914717813202489,3.2256655048996534,2,False,False
43021,lambda_initial_20,28,252,258,3.2256655048996534,3.569785693273455,2,False,False
43021,lambda_initial_20,29,258,266,3.569785693273455,3.9506172839506104,1,False,False
43021,lambda_initial_20,30,266,274,3.9506172839506104,4.372076719803731,1,False,False
43021,lambda_initial_20,31,274,282,4.372076719803731,4.838498257349478,10,False,False
43021,lambda_initial_20,32,282,292,4.838498257349478,5.35467853991018,5,False,False
43021,lambda_initial_20,33,292,302,5.35467853991018,5.925925925925913,6,False,False
43021,lambda_initial_20,34,302,314,5.925925925925913,6.558115079705595,4,False,False
43021,lambda_initial_20,35,314,328,6.558115079705595,4.37207671980373,4,True,False
43021,lambda_initial_20,36,328,336,4.37207671980373,4.838498257349476,7,False,False
43021,lambda_initial_20,37,336,346,4.838498257349476,5.354678539910179,7,False,False
43021,lambda_initial_20,38,346,356,5.354678539910179,5.925925925925911,10,False,False
43021,lambda_initial_20,39,356,368,5.925925925925911,6.558115079705592,5,False,False
43021,lambda_initial_20,40,368,382,6.558115079705592,7.257747386024212,4,False,False
43021,lambda_initial_20,41,382,396,7.257747386024212,8.032017809865264,7,False,False
43021,lambda_initial_20,42,396,400,8.032017809865264,8.888888888888863,12,False,True
43021,lambda_initial_40,1,50,130,40.0,26.666666666666668,40,True,False
43021,lambda_initial_40,2,130,184,26.666666666666668,17.77777777777778,26,True,False
43021,lambda_initial_40,3,184,220,17.77777777777778,19.67434523911683,22,False,False
43021,lambda_initial_40,4,220,260,19.67434523911683,21.77324215807269,23,False,False
43021,lambda_initial_40,5,260,304,21.77324215807269,14.515494772048461,24,True,False
43021,lambda_initial_40,6,304,334,14.515494772048461,9.676996514698974,15,True,False
43021,lambda_initial_40,7,334,354,9.676996514698974,6.451331009799316,8,True,False
43021,lambda_initial_40,8,354,366,6.451331009799316,7.13957138654692,7,False,False
43021,lambda_initial_40,9,366,380,7.13957138654692,7.9012345679012315,9,False,False
43021,lambda_initial_40,10,380,396,7.9012345679012315,8.744153439607475,9,False,False
43021,lambda_initial_40,11,396,400,8.744153439607475,9.676996514698969,8,False,True
43022,lambda_initial_1,1,50,52,1.0,1.1066819197003215,0,False,False
43022,lambda_initial_1,2,52,54,1.1066819197003215,1.2247448713915887,2,False,False
43022,lambda_initial_1,3,54,56,1.2247448713915887,1.0,1,True,False
43022,lambda_initial_1,4,56,58,1.0,1.1066819197003215,0,False,False
43022,lambda_initial_1,5,58,60,1.1066819197003215,1.2247448713915887,0,False,False
43022,lambda_initial_1,6,60,62,1.2247448713915887,1.3554030054147668,0,False,False
43022,lambda_initial_1,7,62,64,1.3554030054147668,1.4999999999999993,2,False,False
43022,lambda_initial_1,8,64,66,1.4999999999999993,1.6600228795504814,2,False,False
43022,lambda_initial_1,9,66,70,1.6600228795504814,1.8371173070873823,0,False,False
43022,lambda_initial_1,10,70,74,1.8371173070873823,1.2247448713915883,2,True,False
43022,lambda_initial_1,11,74,76,1.2247448713915883,1.3554030054147663,2,False,False
43022,lambda_initial_1,12,76,78,1.3554030054147663,1.499999999999999,1,False,False
43022,lambda_initial_1,13,78,80,1.499999999999999,1.660022879550481,2,False,False
43022,lambda_initial_1,14,80,84,1.660022879550481,1.1066819197003206,2,True,False
43022,lambda_initial_1,15,84,86,1.1066819197003206,1.0,2,True,False
43022,lambda_initial_1,16,86,88,1.0,1.1066819197003215,0,False,False
43022,lambda_initial_1,17,88,90,1.1066819197003215,1.2247448713915887,2,False,False
43022,lambda_initial_1,18,90,92,1.2247448713915887,1.3554030054147668,3,False,False
43022,lambda_initial_1,19,92,94,1.3554030054147668,1.4999999999999993,2,False,False
43022,lambda_initial_1,20,94,96,1.4999999999999993,1.6600228795504814,2,False,False
43022,lambda_initial_1,21,96,100,1.6600228795504814,1.8371173070873823,3,False,False
43022,lambda_initial_1,22,100,104,1.8371173070873823,2.033104508122149,0,False,False
43022,lambda_initial_1,23,104,108,2.033104508122149,2.249999999999998,3,False,False
43022,lambda_initial_1,24,108,112,2.249999999999998,2.490034319325721,4,False,False
43022,lambda_initial_1,25,112,116,2.490034319325721,2.755675960631072,2,False,False
43022,lambda_initial_1,26,116,122,2.755675960631072,3.0496567621832225,1,False,False
43022,lambda_initial_1,27,122,128,3.0496567621832225,2.033104508122148,3,True,False
43022,lambda_initial_1,28,128,132,2.033104508122148,2.249999999999997,0,False,False
43022,lambda_initial_1,29,132,136,2.249999999999997,2.4900343193257197,1,False,False
43022,lambda_initial_1,30,136,140,2.4900343193257197,2.755675960631071,5,False,False
43022,lambda_initial_1,31,140,146,2.755675960631071,3.049656762183221,3,False,False
43022,lambda_initial_1,32,146,152,3.049656762183221,3.374999999999994,2,False,False
43022,lambda_initial_1,33,152,158,3.374999999999994,3.735051478988578,5,False,False
43022,lambda_initial_1,34,158,166,3.735051478988578,4.133513940946605,2,False,False
43022,lambda_initial_1,35,166,174,4.133513940946605,4.57448514327483,2,False,False
43022,lambda_initial_1,36,174,184,4.57448514327483,3.0496567621832202,2,True,False
43022,lambda_initial_1,37,184,190,3.0496567621832202,3.374999999999993,1,False,False
43022,lambda_initial_1,38,190,196,3.374999999999993,3.735051478988577,4,False,False
43022,lambda_initial_1,39,196,204,3.735051478988577,4.133513940946604,1,False,False
43022,lambda_initial_1,40,204,212,4.133513940946604,4.574485143274829,2,False,False
43022,lambda_initial_1,41,212,222,4.574485143274829,5.062499999999988,6,False,False
43022,lambda_initial_1,42,222,232,5.062499999999988,5.602577218482864,4,False,False
43022,lambda_initial_1,43,232,244,5.602577218482864,3.735051478988576,8,True,False
43022,lambda_initial_1,44,244,252,3.735051478988576,4.133513940946602,5,False,False
43022,lambda_initial_1,45,252,260,4.133513940946602,4.574485143274827,2,False,False
43022,lambda_initial_1,46,260,270,4.574485143274827,5.062499999999986,5,False,False
43022,lambda_initial_1,47,270,280,5.062499999999986,5.602577218482862,2,False,False
43022,lambda_initial_1,48,280,292,5.602577218482862,6.200270911419901,6,False,False
43022,lambda_initial_1,49,292,304,6.200270911419901,6.861727714912238,11,False,False
43022,lambda_initial_1,50,304,318,6.861727714912238,7.593749999999976,6,False,False
43022,lambda_initial_1,51,318,334,7.593749999999976,8.40386582772429,10,False,False
43022,lambda_initial_1,52,334,350,8.40386582772429,9.300406367129849,10,False,False
43022,lambda_initial_1,53,350,368,9.300406367129849,10.292591572368353,11,False,False
43022,lambda_initial_1,54,368,388,10.292591572368353,11.39062499999996,7,False,False
43022,lambda_initial_1,55,388,400,11.39062499999996,12.60579874158643,13,False,True
43022,lambda_initial_5,1,50,60,5.0,3.3333333333333335,2,True,False
43022,lambda_initial_5,2,60,66,3.3333333333333335,2.2222222222222223,3,True,False
43022,lambda_initial_5,3,66,70,2.2222222222222223,2.4592931548896035,1,False,False
43022,lambda_initial_5,4,70,74,2.4592931548896035,1.6395287699264023,2,True,False
43022,lambda_initial_5,5,74,78,1.6395287699264023,1.8144368465060576,1,False,False
43022,lambda_initial_5,6,78,82,1.8144368465060576,2.0080044524663214,3,False,False
43022,lambda_initial_5,7,82,86,2.0080044524663214,1.3386696349775475,2,True,False
43022,lambda_initial_5,8,86,88,1.3386696349775475,1.481481481481481,0,False,False
43022,lambda_initial_5,9,88,90,1.481481481481481,1.0,2,True,False
43022,lambda_initial_5,10,90,92,1.0,1.1066819197003215,0,False,False
43022,lambda_initial_5,11,92,94,1.1066819197003215,1.2247448713915887,1,False,False
43022,lambda_initial_5,12,94,96,1.2247448713915887,1.3554030054147668,0,False,False
43022,lambda_initial_5,13,96,98,1.3554030054147668,1.4999999999999993,1,False,False
43022,lambda_initial_5,14,98,100,1.4999999999999993,1.6600228795504814,3,False,False
43022,lambda_initial_5,15,100,104,1.6600228795504814,1.8371173070873823,3,False,False
43022,lambda_initial_5,16,104,108,1.8371173070873823,2.033104508122149,4,False,False
43022,lambda_initial_5,17,108,112,2.033104508122149,2.249999999999998,2,False,False
43022,lambda_initial_5,18,112,116,2.249999999999998,2.490034319325721,3,False,False
43022,lambda_initial_5,19,116,120,2.490034319325721,2.755675960631072,2,False,False
43022,lambda_initial_5,20,120,126,2.755675960631072,3.0496567621832225,5,False,False
43022,lambda_initial_5,21,126,132,3.0496567621832225,3.3749999999999956,5,False,False
43022,lambda_initial_5,22,132,138,3.3749999999999956,2.249999999999997,1,True,False
43022,lambda_initial_5,23,138,142,2.249999999999997,2.4900343193257197,0,False,False
43022,lambda_initial_5,24,142,146,2.4900343193257197,1.66002287955048,2,True,False
43022,lambda_initial_5,25,146,150,1.66002287955048,1.10668191970032,2,True,False
43022,lambda_initial_5,26,150,152,1.10668191970032,1.2247448713915872,1,False,False
43022,lambda_initial_5,27,152,154,1.2247448713915872,1.355403005414765,4,False,False
43022,lambda_initial_5,28,154,156,1.355403005414765,1.4999999999999973,1,False,False
43022,lambda_initial_5,29,156,158,1.4999999999999973,1.6600228795504792,2,False,False
43022,lambda_initial_5,30,158,162,1.6600228795504792,1.8371173070873799,0,False,False
43022,lambda_initial_5,31,162,166,1.8371173070873799,2.0331045081221464,1,False,False
43022,lambda_initial_5,32,166,170,2.0331045081221464,2.2499999999999947,1,False,False
43022,lambda_initial_5,33,170,174,2.2499999999999947,2.4900343193257175,3,False,False
43022,lambda_initial_5,34,174,178,2.4900343193257175,2.7556759606310686,3,False,False
43022,lambda_initial_5,35,178,184,2.7556759606310686,3.0496567621832185,3,False,False
43022,lambda_initial_5,36,184,190,3.0496567621832185,3.374999999999991,3,False,False
43022,lambda_initial_5,37,190,196,3.374999999999991,3.7350514789885754,1,False,False
43022,lambda_initial_5,38,196,204,3.7350514789885754,4.133513940946601,6,False,False
43022,lambda_initial_5,39,204,212,4.133513940946601,4.574485143274826,4,False,False
43022,lambda_initial_5,40,212,222,4.574485143274826,5.062499999999985,3,False,False
43022,lambda_initial_5,41,222,232,5.062499999999985,5.60257721848286,9,False,False
43022,lambda_initial_5,42,232,244,5.60257721848286,6.200270911419899,6,False,False
43022,lambda_initial_5,43,244,256,6.200270911419899,6.861727714912236,8,False,False
43022,lambda_initial_5,44,256,270,6.861727714912236,7.593749999999974,6,False,False
43022,lambda_initial_5,45,270,286,7.593749999999974,8.403865827724287,6,False,False
43022,lambda_initial_5,46,286,302,8.403865827724287,9.300406367129845,5,False,False
43022,lambda_initial_5,47,302,320,9.300406367129845,10.29259157236835,8,False,False
43022,lambda_initial_5,48,320,340,10.29259157236835,11.390624999999956,10,False,False
43022,lambda_initial_5,49,340,362,11.390624999999956,12.605798741586426,9,False,False
43022,lambda_initial_5,50,362,388,12.605798741586426,13.950609550694763,15,False,False
43022,lambda_initial_5,51,388,400,13.950609550694763,15.438887358552519,15,False,True
43022,lambda_initial_10,1,50,70,10.0,6.666666666666667,7,True,False
43022,lambda_initial_10,2,70,84,6.666666666666667,4.444444444444445,7,True,False
43022,lambda_initial_10,3,84,92,4.444444444444445,2.9629629629629632,2,True,False
43022,lambda_initial_10,4,92,98,2.9629629629629632,1.9753086419753088,6,True,False
43022,lambda_initial_10,5,98,102,1.9753086419753088,2.1860383599018696,1,False,False
43022,lambda_initial_10,6,102,106,2.1860383599018696,2.419249128674743,3,False,False
43022,lambda_initial_10,7,106,110,2.419249128674743,2.6773392699550946,1,False,False
43022,lambda_initial_10,8,110,116,2.6773392699550946,2.9629629629629615,3,False,False
43022,lambda_initial_10,9,116,122,2.9629629629629615,1.9753086419753076,5,True,False
43022,lambda_initial_10,10,122,126,1.9753086419753076,2.1860383599018687,3,False,False
43022,lambda_initial_10,11,126,130,2.1860383599018687,2.419249128674742,1,False,False
43022,lambda_initial_10,12,130,134,2.419249128674742,1.612832752449828,4,True,False
43022,lambda_initial_10,13,134,138,1.612832752449828,1.784892846636729,0,False,False
43022,lambda_initial_10,14,138,142,1.784892846636729,1.9753086419753068,0,False,False
43022,lambda_initial_10,15,142,146,1.9753086419753068,2.1860383599018673,6,False,False
43022,lambda_initial_10,16,146,150,2.1860383599018673,1.457358906601245,2,True,False
43022,lambda_initial_10,17,150,152,1.457358906601245,1.6128327524498272,1,False,False
43022,lambda_initial_10,18,152,156,1.6128327524498272,1.784892846636728,2,False,False
43022,lambda_initial_10,19,156,160,1.784892846636728,1.9753086419753056,0,False,False
43022,lambda_initial_10,20,160,164,1.9753086419753056,2.1860383599018665,1,False,False
43022,lambda_initial_10,21,164,168,2.1860383599018665,2.41924912867474,0,False,False
43022,lambda_initial_10,22,168,172,2.41924912867474,1.6128327524498267,2,True,False
43022,lambda_initial_10,23,172,176,1.6128327524498267,1.7848928466367275,1,False,False
43022,lambda_initial_10,24,176,180,1.7848928466367275,1.9753086419753052,5,False,False
43022,lambda_initial_10,25,180,184,1.9753086419753052,2.1860383599018656,3,False,False
43022,lambda_initial_10,26,184,188,2.1860383599018656,2.419249128674739,2,False,False
43022,lambda_initial_10,27,188,192,2.419249128674739,2.67733926995509,2,False,False
43022,lambda_initial_10,28,192,198,2.67733926995509,2.9629629629629566,4,False,False
43022,lambda_initial_10,29,198,204,2.9629629629629566,3.2790575398527975,5,False,False
43022,lambda_initial_10,30,204,210,3.2790575398527975,3.6288736930121073,4,False,False
43022,lambda_initial_10,31,210,218,3.6288736930121073,4.016008904932634,3,False,False
43022,lambda_initial_10,32,218,226,4.016008904932634,4.444444444444433,2,False,False
43022,lambda_initial_10,33,226,234,4.444444444444433,4.918586309779194,2,False,False
43022,lambda_initial_10,34,234,244,4.918586309779194,5.4433105395181585,9,False,False
43022,lambda_initial_10,35,244,254,5.4433105395181585,6.024013357398948,4,False,False
43022,lambda_initial_10,36,254,266,6.024013357398948,6.6666666666666465,6,False,False
43022,lambda_initial_10,37,266,280,6.6666666666666465,7.377879464668788,8,False,False
43022,lambda_initial_10,38,280,294,7.377879464668788,8.164965809277234,5,False,False
43022,lambda_initial_10,39,294,310,8.164965809277234,9.036020036098419,5,False,False
43022,lambda_initial_10,40,310,328,9.036020036098419,9.999999999999966,6,False,False
43022,lambda_initial_10,41,328,348,9.999999999999966,11.066819197003177,9,False,False
43022,lambda_initial_10,42,348,370,11.066819197003177,12.247448713915846,12,False,False
43022,lambda_initial_10,43,370,394,12.247448713915846,13.554030054147622,9,False,False
43022,lambda_initial_10,44,394,400,13.554030054147622,14.999999999999943,15,False,True
43022,lambda_initial_20,1,50,90,20.0,13.333333333333334,16,True,False
43022,lambda_initial_20,2,90,116,13.333333333333334,8.88888888888889,13,True,False
43022,lambda_initial_20,3,116,134,8.88888888888889,5.9259259259259265,6,True,False
43022,lambda_initial_20,4,134,146,5.9259259259259265,3.9506172839506175,6,True,False
43022,lambda_initial_20,5,146,154,3.9506172839506175,4.372076719803739,5,False,False
43022,lambda_initial_20,6,154,162,4.372076719803739,4.838498257349486,7,False,False
43022,lambda_initial_20,7,162,172,4.838498257349486,3.2256655048996574,13,True,False
43022,lambda_initial_20,8,172,178,3.2256655048996574,2.150443669933105,2,True,False
43022,lambda_initial_20,9,178,182,2.150443669933105,2.379857128848973,2,False,False
43022,lambda_initial_20,10,182,186,2.379857128848973,2.633744855967077,1,False,False
43022,lambda_initial_20,11,186,192,2.633744855967077,2.914717813202491,2,False,False
43022,lambda_initial_20,12,192,198,2.914717813202491,3.225665504899656,1,False,False
43022,lambda_initial_20,13,198,204,3.225665504899656,3.569785693273458,5,False,False
43022,lambda_initial_20,14,204,212,3.569785693273458,3.9506172839506135,4,False,False
43022,lambda_initial_20,15,212,220,3.9506172839506135,4.372076719803735,1,False,False
43022,lambda_initial_20,16,220,228,4.372076719803735,4.838498257349482,4,False,False
43022,lambda_initial_20,17,228,238,4.838498257349482,5.354678539910185,3,False,False
43022,lambda_initial_20,18,238,248,5.354678539910185,5.925925925925918,9,False,False
43022,lambda_initial_20,19,248,260,5.925925925925918,6.558115079705599,6,False,False
43022,lambda_initial_20,20,260,274,6.558115079705599,7.25774738602422,5,False,False
43022,lambda_initial_20,21,274,288,7.25774738602422,8.032017809865273,9,False,False
43022,lambda_initial_20,22,288,304,8.032017809865273,8.888888888888872,5,False,False
43022,lambda_initial_20,23,304,322,8.888888888888872,9.837172619558395,6,False,False
43022,lambda_initial_20,24,322,342,9.837172619558395,10.886621079036324,9,False,False
43022,lambda_initial_20,25,342,364,10.886621079036324,12.048026714797905,9,False,False
43022,lambda_initial_20,26,364,388,12.048026714797905,13.333333333333302,16,False,False
43022,lambda_initial_20,27,388,400,13.333333333333302,14.755758929337585,11,False,True
43022,lambda_initial_40,1,50,130,40.0,26.666666666666668,40,True,False
43022,lambda_initial_40,2,130,184,26.666666666666668,17.77777777777778,24,True,False
43022,lambda_initial_40,3,184,220,17.77777777777778,19.67434523911683,13,False,False
43022,lambda_initial_40,4,220,260,19.67434523911683,21.77324215807269,20,False,False
43022,lambda_initial_40,5,260,304,21.77324215807269,24.096053429595855,26,False,False
43022,lambda_initial_40,6,304,352,24.096053429595855,16.06403561973057,22,True,False
43022,lambda_initial_40,7,352,384,16.06403561973057,17.77777777777777,19,False,False
43022,lambda_initial_40,8,384,400,17.77777777777777,11.851851851851848,17,True,True
43023,lambda_initial_1,1,50,52,1.0,1.1066819197003215,0,False,False
43023,lambda_initial_1,2,52,54,1.1066819197003215,1.2247448713915887,0,False,False
43023,lambda_initial_1,3,54,56,1.2247448713915887,1.3554030054147668,0,False,False
43023,lambda_initial_1,4,56,58,1.3554030054147668,1.4999999999999993,5,False,False
43023,lambda_initial_1,5,58,60,1.4999999999999993,1.6600228795504814,3,False,False
43023,lambda_initial_1,6,60,64,1.6600228795504814,1.106681919700321,2,True,False
43023,lambda_initial_1,7,64,66,1.106681919700321,1.2247448713915883,3,False,False
43023,lambda_initial_1,8,66,68,1.2247448713915883,1.0,3,True,False
43023,lambda_initial_1,9,68,70,1.0,1.1066819197003215,0,False,False
43023,lambda_initial_1,10,70,72,1.1066819197003215,1.2247448713915887,2,False,False
43023,lambda_initial_1,11,72,74,1.2247448713915887,1.3554030054147668,1,False,False
43023,lambda_initial_1,12,74,76,1.3554030054147668,1.4999999999999993,2,False,False
43023,lambda_initial_1,13,76,78,1.4999999999999993,1.6600228795504814,0,False,False
43023,lambda_initial_1,14,78,82,1.6600228795504814,1.106681919700321,3,True,False
43023,lambda_initial_1,15,82,84,1.106681919700321,1.2247448713915883,1,False,False
43023,lambda_initial_1,16,84,86,1.2247448713915883,1.3554030054147663,1,False,False
43023,lambda_initial_1,17,86,88,1.3554030054147663,1.499999999999999,0,False,False
43023,lambda_initial_1,18,88,90,1.499999999999999,1.660022879550481,3,False,False
43023,lambda_initial_1,19,90,94,1.660022879550481,1.8371173070873819,1,False,False
43023,lambda_initial_1,20,94,98,1.8371173070873819,2.0331045081221486,1,False,False
43023,lambda_initial_1,21,98,102,2.0331045081221486,2.2499999999999973,1,False,False
43023,lambda_initial_1,22,102,106,2.2499999999999973,2.49003431932572,3,False,False
43023,lambda_initial_1,23,106,110,2.49003431932572,2.7556759606310712,1,False,False
43023,lambda_initial_1,24,110,116,2.7556759606310712,1.8371173070873807,3,True,False
43023,lambda_initial_1,25,116,120,1.8371173070873807,2.0331045081221477,1,False,False
43023,lambda_initial_1,26,120,124,2.0331045081221477,1.3554030054147652,2,True,False
43023,lambda_initial_1,27,124,126,1.3554030054147652,1.4999999999999976,0,False,False
43023,lambda_initial_1,28,126,128,1.4999999999999976,1.6600228795504794,2,False,False
43023,lambda_initial_1,29,128,132,1.6600228795504794,1.83711730708738,2,False,False
43023,lambda_initial_1,30,132,136,1.83711730708738,2.033104508122147,3,False,False
43023,lambda_initial_1,31,136,140,2.033104508122147,2.249999999999995,2,False,False
43023,lambda_initial_1,32,140,144,2.249999999999995,2.490034319325718,2,False,False
43023,lambda_initial_1,33,144,148,2.490034319325718,2.755675960631069,2,False,False
43023,lambda_initial_1,34,148,154,2.755675960631069,3.049656762183219,3,False,False
43023,lambda_initial_1,35,154,160,3.049656762183219,3.3749999999999916,1,False,False
43023,lambda_initial_1,36,160,166,3.3749999999999916,3.735051478988576,2,False,False
43023,lambda_initial_1,37,166,174,3.735051478988576,4.133513940946602,6,False,False
43023,lambda_initial_1,38,174,182,4.133513940946602,4.574485143274827,3,False,False
43023,lambda_initial_1,39,182,192,4.574485143274827,5.062499999999986,4,False,False
43023,lambda_initial_1,40,192,202,5.062499999999986,5.602577218482862,5,False,False
43023,lambda_initial_1,41,202,214,5.602577218482862,6.200270911419901,6,False,False
43023,lambda_initial_1,42,214,226,6.200270911419901,6.861727714912238,6,False,False
43023,lambda_initial_1,43,226,240,6.861727714912238,7.593749999999976,7,False,False
43023,lambda_initial_1,44,240,256,7.593749999999976,8.40386582772429,4,False,False
43023,lambda_initial_1,45,256,272,8.40386582772429,9.300406367129849,7,False,False
43023,lambda_initial_1,46,272,290,9.300406367129849,10.292591572368353,10,False,False
43023,lambda_initial_1,47,290,310,10.292591572368353,11.39062499999996,9,False,False
43023,lambda_initial_1,48,310,332,11.39062499999996,12.60579874158643,11,False,False
43023,lambda_initial_1,49,332,358,12.60579874158643,13.950609550694766,15,False,False
43023,lambda_initial_1,50,358,386,13.950609550694766,15.438887358552524,10,False,False
43023,lambda_initial_1,51,386,400,15.438887358552524,17.085937499999932,14,False,True
43023,lambda_initial_5,1,50,60,5.0,3.3333333333333335,2,True,False
43023,lambda_initial_5,2,60,66,3.3333333333333335,3.688939732334405,4,False,False
43023,lambda_initial_5,3,66,74,3.688939732334405,2.4592931548896035,6,True,False
43023,lambda_initial_5,4,74,78,2.4592931548896035,1.6395287699264023,1,True,False
43023,lambda_initial_5,5,78,82,1.6395287699264023,1.8144368465060576,1,False,False
43023,lambda_initial_5,6,82,86,1.8144368465060576,1.2096245643373718,3,True,False
43023,lambda_initial_5,7,86,88,1.2096245643373718,1.3386696349775475,0,False,False
43023,lambda_initial_5,8,88,90,1.3386696349775475,1.0,2,True,False
43023,lambda_initial_5,9,90,92,1.0,1.1066819197003215,1,False,False
43023,lambda_initial_5,10,92,94,1.1066819197003215,1.2247448713915887,1,False,False
43023,lambda_initial_5,11,94,96,1.2247448713915887,1.3554030054147668,2,False,False
43023,lambda_initial_5,12,96,98,1.3554030054147668,1.4999999999999993,3,False,False
43023,lambda_initial_5,13,98,100,1.4999999999999993,1.6600228795504814,1,False,False
43023,lambda_initial_5,14,100,104,1.6600228795504814,1.8371173070873823,2,False,False
43023,lambda_initial_5,15,104,108,1.8371173070873823,2.033104508122149,5,False,False
43023,lambda_initial_5,16,108,112,2.033104508122149,2.249999999999998,1,False,False
43023,lambda_initial_5,17,112,116,2.249999999999998,2.490034319325721,2,False,False
43023,lambda_initial_5,18,116,120,2.490034319325721,2.755675960631072,4,False,False
43023,lambda_initial_5,19,120,126,2.755675960631072,1.8371173070873814,2,True,False
43023,lambda_initial_5,20,126,130,1.8371173070873814,2.033104508122148,1,False,False
43023,lambda_initial_5,21,130,134,2.033104508122148,2.249999999999997,2,False,False
43023,lambda_initial_5,22,134,138,2.249999999999997,2.4900343193257197,2,False,False
43023,lambda_initial_5,23,138,142,2.4900343193257197,2.755675960631071,3,False,False
43023,lambda_initial_5,24,142,148,2.755675960631071,3.049656762183221,5,False,False
43023,lambda_initial_5,25,148,154,3.049656762183221,3.374999999999994,1,False,False
43023,lambda_initial_5,26,154,160,3.374999999999994,2.249999999999996,4,True,False
43023,lambda_initial_5,27,160,164,2.249999999999996,2.490034319325719,2,False,False
43023,lambda_initial_5,28,164,168,2.490034319325719,2.75567596063107,4,False,False
43023,lambda_initial_5,29,168,174,2.75567596063107,3.04965676218322,3,False,False
43023,lambda_initial_5,30,174,180,3.04965676218322,3.3749999999999925,2,False,False
43023,lambda_initial_5,31,180,186,3.3749999999999925,3.7350514789885767,6,False,False
43023,lambda_initial_5,32,186,194,3.7350514789885767,2.490034319325718,3,True,False
43023,lambda_initial_5,33,194,198,2.490034319325718,2.755675960631069,5,False,False
43023,lambda_initial_5,34,198,204,2.755675960631069,3.049656762183219,4,False,False
43023,lambda_initial_5,35,204,210,3.049656762183219,3.3749999999999916,6,False,False
43023,lambda_initial_5,36,210,216,3.3749999999999916,3.735051478988576,2,False,False
43023,lambda_initial_5,37,216,224,3.735051478988576,4.133513940946602,2,False,False
43023,lambda_initial_5,38,224,232,4.133513940946602,4.574485143274827,7,False,False
43023,lambda_initial_5,39,232,242,4.574485143274827,5.062499999999986,7,False,False
43023,lambda_initial_5,40,242,252,5.062499999999986,5.602577218482862,6,False,False
43023,lambda_initial_5,41,252,264,5.602577218482862,6.200270911419901,6,False,False
43023,lambda_initial_5,42,264,276,6.200270911419901,6.861727714912238,7,False,False
43023,lambda_initial_5,43,276,290,6.861727714912238,7.593749999999976,5,False,False
43023,lambda_initial_5,44,290,306,7.593749999999976,8.40386582772429,5,False,False
43023,lambda_initial_5,45,306,322,8.40386582772429,9.300406367129849,7,False,False
43023,lambda_initial_5,46,322,340,9.300406367129849,10.292591572368353,9,False,False
43023,lambda_initial_5,47,340,360,10.292591572368353,11.39062499999996,9,False,False
43023,lambda_initial_5,48,360,382,11.39062499999996,12.60579874158643,8,False,False
43023,lambda_initial_5,49,382,400,12.60579874158643,13.950609550694766,14,False,True
43023,lambda_initial_10,1,50,70,10.0,6.666666666666667,5,True,False
43023,lambda_initial_10,2,70,84,6.666666666666667,4.444444444444445,3,True,False
43023,lambda_initial_10,3,84,92,4.444444444444445,4.918586309779207,2,False,False
43023,lambda_initial_10,4,92,102,4.918586309779207,3.2790575398528046,4,True,False
43023,lambda_initial_10,5,102,108,3.2790575398528046,3.6288736930121153,4,False,False
43023,lambda_initial_10,6,108,116,3.6288736930121153,2.4192491286747435,4,True,False
43023,lambda_initial_10,7,116,120,2.4192491286747435,2.677339269955095,2,False,False
43023,lambda_initial_10,8,120,126,2.677339269955095,2.962962962962962,2,False,False
43023,lambda_initial_10,9,126,132,2.962962962962962,3.2790575398528032,1,False,False
43023,lambda_initial_10,10,132,138,3.2790575398528032,3.6288736930121135,1,False,False
43023,lambda_initial_10,11,138,146,3.6288736930121135,4.016008904932641,4,False,False
43023,lambda_initial_10,12,146,154,4.016008904932641,4.444444444444441,4,False,False
43023,lambda_initial_10,13,154,162,4.444444444444441,4.918586309779203,7,False,False
43023,lambda_initial_10,14,162,172,4.918586309779203,5.443310539518168,9,False,False
43023,lambda_initial_10,15,172,182,5.443310539518168,6.024013357398959,3,False,False
43023,lambda_initial_10,16,182,194,6.024013357398959,6.666666666666659,6,False,False
43023,lambda_initial_10,17,194,208,6.666666666666659,7.377879464668801,7,False,False
43023,lambda_initial_10,18,208,222,7.377879464668801,8.164965809277248,8,False,False
43023,lambda_initial_10,19,222,238,8.164965809277248,9.036020036098433,6,False,False
43023,lambda_initial_10,20,238,256,9.036020036098433,9.999999999999982,11,False,False
43023,lambda_initial_10,21,256,276,9.999999999999982,6.6666666666666545,14,True,False
43023,lambda_initial_10,22,276,290,6.6666666666666545,7.377879464668797,5,False,False
43023,lambda_initial_10,23,290,304,7.377879464668797,8.164965809277245,6,False,False
43023,lambda_initial_10,24,304,320,8.164965809277245,9.03602003609843,8,False,False
43023,lambda_initial_10,25,320,338,9.03602003609843,9.999999999999979,11,False,False
43023,lambda_initial_10,26,338,358,9.999999999999979,11.066819197003191,8,False,False
43023,lambda_initial_10,27,358,380,11.066819197003191,12.247448713915862,13,False,False
43023,lambda_initial_10,28,380,400,12.247448713915862,13.55403005414764,10,False,True
43023,lambda_initial_20,1,50,90,20.0,13.333333333333334,15,True,False
43023,lambda_initial_20,2,90,116,13.333333333333334,8.88888888888889,13,True,False
43023,lambda_initial_20,3,116,134,8.88888888888889,5.9259259259259265,14,True,False
43023,lambda_initial_20,4,134,146,5.9259259259259265,6.558115079705609,7,False,False
43023,lambda_initial_20,5,146,160,6.558115079705609,7.2577473860242305,6,False,False
43023,lambda_initial_20,6,160,174,7.2577473860242305,8.032017809865286,8,False,False
43023,lambda_initial_20,7,174,190,8.032017809865286,8.888888888888886,7,False,False
43023,lambda_initial_20,8,190,208,8.888888888888886,9.837172619558409,7,False,False
43023,lambda_initial_20,9,208,228,9.837172619558409,10.88662107903634,7,False,False
43023,lambda_initial_20,10,228,250,10.88662107903634,12.048026714797922,11,False,False
43023,lambda_initial_20,11,250,274,12.048026714797922,13.333333333333321,11,False,False
43023,lambda_initial_20,12,274,300,13.333333333333321,8.88888888888888,17,True,False
43023,lambda_initial_20,13,300,318,8.88888888888888,9.837172619558403,11,False,False
43023,lambda_initial_20,14,318,338,9.837172619558403,10.886621079036335,6,False,False
43023,lambda_initial_20,15,338,360,10.886621079036335,12.048026714797917,13,False,False
43023,lambda_initial_20,16,360,384,12.048026714797917,13.333333333333316,12,False,False
43023,lambda_initial_20,17,384,400,13.333333333333316,14.7557589293376,16,False,True
43023,lambda_initial_40,1,50,130,40.0,26.666666666666668,40,True,False
43023,lambda_initial_40,2,130,184,26.666666666666668,29.51151785867524,27,False,False
43023,lambda_initial_40,3,184,244,29.51151785867524,32.659863237109036,26,False,False
43023,lambda_initial_40,4,244,310,32.659863237109036,36.14408014439378,31,False,False
43023,lambda_initial_40,5,310,382,36.14408014439378,39.999999999999986,33,False,False
43023,lambda_initial_40,6,382,400,39.999999999999986,40.0,40,False,True
43024,lambda_initial_1,1,50,52,1.0,1.0,1,True,False
43024,lambda_initial_1,2,52,54,1.0,1.1066819197003215,1,False,False
43024,lambda_initial_1,3,54,56,1.1066819197003215,1.2247448713915887,1,False,False
43024,lambda_initial_1,4,56,58,1.2247448713915887,1.3554030054147668,1,False,False
43024,lambda_initial_1,5,58,60,1.3554030054147668,1.4999999999999993,1,False,False
43024,lambda_initial_1,6,60,62,1.4999999999999993,1.6600228795504814,2,False,False
43024,lambda_initial_1,7,62,66,1.6600228795504814,1.8371173070873823,3,False,False
43024,lambda_initial_1,8,66,70,1.8371173070873823,2.033104508122149,0,False,False
43024,lambda_initial_1,9,70,74,2.033104508122149,1.355403005414766,2,True,False
43024,lambda_initial_1,10,74,76,1.355403005414766,1.4999999999999987,1,False,False
43024,lambda_initial_1,11,76,78,1.4999999999999987,1.6600228795504808,1,False,False
43024,lambda_initial_1,12,78,82,1.6600228795504808,1.8371173070873816,2,False,False
43024,lambda_initial_1,13,82,86,1.8371173070873816,2.0331045081221486,0,False,False
43024,lambda_initial_1,14,86,90,2.0331045081221486,2.2499999999999973,1,False,False
43024,lambda_initial_1,15,90,94,2.2499999999999973,1.4999999999999982,3,True,False
43024,lambda_initial_1,16,94,96,1.4999999999999982,1.6600228795504803,2,False,False
43024,lambda_initial_1,17,96,100,1.6600228795504803,1.1066819197003201,1,True,False
43024,lambda_initial_1,18,100,102,1.1066819197003201,1.2247448713915874,4,False,False
43024,lambda_initial_1,19,102,104,1.2247448713915874,1.3554030054147652,1,False,False
43024,lambda_initial_1,20,104,106,1.3554030054147652,1.0,1,True,False
43024,lambda_initial_1,21,106,108,1.0,1.1066819197003215,1,False,False
43024,lambda_initial_1,22,108,110,1.1066819197003215,1.2247448713915887,0,False,False
43024,lambda_initial_1,23,110,112,1.2247448713915887,1.3554030054147668,4,False,False
43024,lambda_initial_1,24,112,114,1.3554030054147668,1.4999999999999993,0,False,False
43024,lambda_initial_1,25,114,116,1.4999999999999993,1.6600228795504814,4,False,False
43024,lambda_initial_1,26,116,120,1.6600228795504814,1.8371173070873823,0,False,False
43024,lambda_initial_1,27,120,124,1.8371173070873823,2.033104508122149,4,False,False
43024,lambda_initial_1,28,124,128,2.033104508122149,2.249999999999998,3,False,False
43024,lambda_initial_1,29,128,132,2.249999999999998,2.490034319325721,3,False,False
43024,lambda_initial_1,30,132,136,2.490034319325721,2.755675960631072,4,False,False
43024,lambda_initial_1,31,136,142,2.755675960631072,1.8371173070873814,4,True,False
43024,lambda_initial_1,32,142,146,1.8371173070873814,2.033104508122148,0,False,False
43024,lambda_initial_1,33,146,150,2.033104508122148,2.249999999999997,1,False,False
43024,lambda_initial_1,34,150,154,2.249999999999997,2.4900343193257197,2,False,False
43024,lambda_initial_1,35,154,158,2.4900343193257197,2.755675960631071,1,False,False
43024,lambda_initial_1,36,158,164,2.755675960631071,1.8371173070873805,2,True,False
43024,lambda_initial_1,37,164,168,1.8371173070873805,2.0331045081221473,3,False,False
43024,lambda_initial_1,38,168,172,2.0331045081221473,2.249999999999996,3,False,False
43024,lambda_initial_1,39,172,176,2.249999999999996,2.490034319325719,2,False,False
43024,lambda_initial_1,40,176,180,2.490034319325719,2.75567596063107,5,False,False
43024,lambda_initial_1,41,180,186,2.75567596063107,3.04965676218322,3,False,False
43024,lambda_initial_1,42,186,192,3.04965676218322,2.0331045081221464,5,True,False
43024,lambda_initial_1,43,192,196,2.0331045081221464,1.3554030054147643,2,True,False
43024,lambda_initial_1,44,196,198,1.3554030054147643,1.4999999999999967,0,False,False
43024,lambda_initial_1,45,198,200,1.4999999999999967,1.6600228795504786,1,False,False
43024,lambda_initial_1,46,200,204,1.6600228795504786,1.8371173070873792,1,False,False
43024,lambda_initial_1,47,204,208,1.8371173070873792,2.033104508122146,4,False,False
43024,lambda_initial_1,48,208,212,2.033104508122146,2.2499999999999942,3,False,False
43024,lambda_initial_1,49,212,216,2.2499999999999942,2.490034319325717,2,False,False
43024,lambda_initial_1,50,216,220,2.490034319325717,2.7556759606310677,4,False,False
43024,lambda_initial_1,51,220,226,2.7556759606310677,3.0496567621832176,2,False,False
43024,lambda_initial_1,52,226,232,3.0496567621832176,3.37499999999999,3,False,False
43024,lambda_initial_1,53,232,238,3.37499999999999,3.7350514789885736,3,False,False
43024,lambda_initial_1,54,238,246,3.7350514789885736,4.1335139409465995,2,False,False
43024,lambda_initial_1,55,246,254,4.1335139409465995,4.574485143274824,1,False,False
43024,lambda_initial_1,56,254,264,4.574485143274824,5.062499999999982,5,False,False
43024,lambda_initial_1,57,264,274,5.062499999999982,5.602577218482858,5,False,False
43024,lambda_initial_1,58,274,286,5.602577218482858,6.200270911419897,7,False,False
43024,lambda_initial_1,59,286,298,6.200270911419897,6.8617277149122335,12,False,False
43024,lambda_initial_1,60,298,312,6.8617277149122335,7.593749999999971,9,False,False
43024,lambda_initial_1,61,312,328,7.593749999999971,8.403865827724283,7,False,False
43024,lambda_initial_1,62,328,344,8.403865827724283,5.602577218482856,10,True,False
43024,lambda_initial_1,63,344,356,5.602577218482856,6.200270911419895,5,False,False
43024,lambda_initial_1,64,356,368,6.200270911419895,6.861727714912231,5,False,False
43024,lambda_initial_1,65,368,382,6.861727714912231,7.593749999999968,6,False,False
43024,lambda_initial_1,66,382,398,7.593749999999968,8.403865827724282,10,False,False
43024,lambda_initial_1,67,398,400,8.403865827724282,9.30040636712984,9,False,True
43024,lambda_initial_5,1,50,60,5.0,3.3333333333333335,5,True,False
43024,lambda_initial_5,2,60,66,3.3333333333333335,3.688939732334405,4,False,False
43024,lambda_initial_5,3,66,74,3.688939732334405,4.0824829046386295,0,False,False
43024,lambda_initial_5,4,74,82,4.0824829046386295,4.518010018049223,5,False,False
43024,lambda_initial_5,5,82,92,4.518010018049223,4.999999999999998,5,False,False
43024,lambda_initial_5,6,92,102,4.999999999999998,5.533409598501605,8,False,False
43024,lambda_initial_5,7,102,114,5.533409598501605,6.123724356957942,5,False,False
43024,lambda_initial_5,8,114,126,6.123724356957942,6.777015027073832,5,False,False
43024,lambda_initial_5,9,126,140,6.777015027073832,4.518010018049221,6,True,False
43024,lambda_initial_5,10,140,150,4.518010018049221,3.0120066786994806,3,True,False
43024,lambda_initial_5,11,150,156,3.0120066786994806,2.0080044524663205,3,True,False
43024,lambda_initial_5,12,156,160,2.0080044524663205,1.338669634977547,1,True,False
43024,lambda_initial_5,13,160,162,1.338669634977547,1.4814814814814805,1,False,False
43024,lambda_initial_5,14,162,164,1.4814814814814805,1.6395287699264012,2,False,False
43024,lambda_initial_5,15,164,168,1.6395287699264012,1.8144368465060563,1,False,False
43024,lambda_initial_5,16,168,172,1.8144368465060563,2.00800445246632,1,False,False
43024,lambda_initial_5,17,172,176,2.00800445246632,2.22222222222222,5,False,False
43024,lambda_initial_5,18,176,180,2.22222222222222,2.459293154889601,0,False,False
43024,lambda_initial_5,19,180,184,2.459293154889601,2.7216552697590837,3,False,False
43024,lambda_initial_5,20,184,190,2.7216552697590837,3.0120066786994792,5,False,False
43024,lambda_initial_5,21,190,196,3.0120066786994792,3.333333333333329,3,False,False
43024,lambda_initial_5,22,196,202,3.333333333333329,3.6889397323344,3,False,False
43024,lambda_initial_5,23,202,210,3.6889397323344,4.082482904638624,5,False,False
43024,lambda_initial_5,24,210,218,4.082482904638624,4.518010018049217,5,False,False
43024,lambda_initial_5,25,218,228,4.518010018049217,4.999999999999991,9,False,False
43024,lambda_initial_5,26,228,238,4.999999999999991,5.533409598501597,4,False,False
43024,lambda_initial_5,27,238,250,5.533409598501597,6.123724356957933,4,False,False
43024,lambda_initial_5,28,250,262,6.123724356957933,4.0824829046386215,6,True,False
43024,lambda_initial_5,29,262,270,4.0824829046386215,2.721655269759081,2,True,False
43024,lambda_initial_5,30,270,276,2.721655269759081,3.012006678699476,2,False,False
43024,lambda_initial_5,31,276,282,3.012006678699476,3.3333333333333255,2,False,False
43024,lambda_initial_5,32,282,288,3.3333333333333255,3.688939732334396,3,False,False
43024,lambda_initial_5,33,288,296,3.688939732334396,4.08248290463862,2,False,False
43024,lambda_initial_5,34,296,304,4.08248290463862,4.518010018049212,7,False,False
43024,lambda_initial_5,35,304,314,4.518010018049212,4.999999999999987,7,False,False
43024,lambda_initial_5,36,314,324,4.999999999999987,5.533409598501593,6,False,False
43024,lambda_initial_5,37,324,336,5.533409598501593,6.123724356957928,6,False,False
43024,lambda_initial_5,38,336,348,6.123724356957928,6.7770150270738165,3,False,False
43024,lambda_initial_5,39,348,362,6.7770150270738165,7.499999999999978,6,False,False
43024,lambda_initial_5,40,362,376,7.499999999999978,4.999999999999985,12,True,False
43024,lambda_initial_5,41,376,386,4.999999999999985,5.53340959850159,4,False,False
43024,lambda_initial_5,42,386,398,5.53340959850159,6.123724356957925,5,False,False
43024,lambda_initial_5,43,398,400,6.123724356957925,6.777015027073813,5,False,True
43024,lambda_initial_10,1,50,70,10.0,6.666666666666667,10,True,False
43024,lambda_initial_10,2,70,84,6.666666666666667,4.444444444444445,4,True,False
43024,lambda_initial_10,3,84,92,4.444444444444445,2.9629629629629632,8,True,False
43024,lambda_initial_10,4,92,98,2.9629629629629632,1.9753086419753088,6,True,False
43024,lambda_initial_10,5,98,102,1.9753086419753088,2.1860383599018696,2,False,False
43024,lambda_initial_10,6,102,106,2.1860383599018696,1.4573589066012465,2,True,False
43024,lambda_initial_10,7,106,108,1.4573589066012465,1.612832752449829,3,False,False
43024,lambda_initial_10,8,108,112,1.612832752449829,1.78489284663673,1,False,False
43024,lambda_initial_10,9,112,116,1.78489284663673,1.9753086419753079,1,False,False
43024,lambda_initial_10,10,116,120,1.9753086419753079,2.1860383599018687,2,False,False
43024,lambda_initial_10,11,120,124,2.1860383599018687,2.419249128674742,1,False,False
43024,lambda_initial_10,12,124,128,2.419249128674742,2.6773392699550937,1,False,False
43024,lambda_initial_10,13,128,134,2.6773392699550937,2.9629629629629606,3,False,False
43024,lambda_initial_10,14,134,140,2.9629629629629606,3.279057539852802,4,False,False
43024,lambda_initial_10,15,140,146,3.279057539852802,3.628873693012112,3,False,False
43024,lambda_initial_10,16,146,154,3.628873693012112,4.016008904932639,5,False,False
43024,lambda_initial_10,17,154,162,4.016008904932639,4.444444444444439,6,False,False
43024,lambda_initial_10,18,162,170,4.444444444444439,4.918586309779201,8,False,False
43024,lambda_initial_10,19,170,180,4.918586309779201,5.4433105395181665,5,False,False
43024,lambda_initial_10,20,180,190,5.4433105395181665,6.024013357398957,7,False,False
43024,lambda_initial_10,21,190,202,6.024013357398957,6.666666666666656,6,False,False
43024,lambda_initial_10,22,202,216,6.666666666666656,7.377879464668799,8,False,False
43024,lambda_initial_10,23,216,230,7.377879464668799,8.164965809277247,6,False,False
43024,lambda_initial_10,24,230,246,8.164965809277247,9.036020036098432,10,False,False
43024,lambda_initial_10,25,246,264,9.036020036098432,9.99999999999998,6,False,False
43024,lambda_initial_10,26,264,284,9.99999999999998,11.066819197003193,7,False,False
43024,lambda_initial_10,27,284,306,11.066819197003193,12.247448713915864,8,False,False
43024,lambda_initial_10,28,306,330,12.247448713915864,13.554030054147642,10,False,False
43024,lambda_initial_10,29,330,358,13.554030054147642,9.036020036098428,14,True,False
43024,lambda_initial_10,30,358,376,9.036020036098428,9.999999999999977,8,False,False
43024,lambda_initial_10,31,376,396,9.999999999999977,11.06681919700319,13,False,False
43024,lambda_initial_10,32,396,400,11.06681919700319,12.24744871391586,13,False,True
43024,lambda_initial_20,1,50,90,20.0,13.333333333333334,20,True,False
43024,lambda_initial_20,2,90,116,13.333333333333334,8.88888888888889,17,True,False
43024,lambda_initial_20,3,116,134,8.88888888888889,5.9259259259259265,5,True,False
43024,lambda_initial_20,4,134,146,5.9259259259259265,6.558115079705609,6,False,False
43024,lambda_initial_20,5,146,160,6.558115079705609,7.2577473860242305,4,False,False
43024,lambda_initial_20,6,160,174,7.2577473860242305,8.032017809865286,4,False,False
43024,lambda_initial_20,7,174,190,8.032017809865286,8.888888888888886,5,False,False
43024,lambda_initial_20,8,190,208,8.888888888888886,9.837172619558409,10,False,False
43024,lambda_initial_20,9,208,228,9.837172619558409,10.88662107903634,10,False,False
43024,lambda_initial_20,10,228,250,10.88662107903634,12.048026714797922,13,False,False
43024,lambda_initial_20,11,250,274,12.048026714797922,13.333333333333321,11,False,False
43024,lambda_initial_20,12,274,300,13.333333333333321,14.755758929337606,15,False,False
43024,lambda_initial_20,13,300,330,14.755758929337606,16.329931618554504,16,False,False
43024,lambda_initial_20,14,330,362,16.329931618554504,18.072040072196877,13,False,False
43024,lambda_initial_20,15,362,398,18.072040072196877,19.999999999999975,17,False,False
43024,lambda_initial_20,16,398,400,19.999999999999975,22.133638394006404,17,False,True
43024,lambda_initial_40,1,50,130,40.0,26.666666666666668,40,True,False
43024,lambda_initial_40,2,130,184,26.666666666666668,17.77777777777778,30,True,False
43024,lambda_initial_40,3,184,220,17.77777777777778,19.67434523911683,18,False,False
43024,lambda_initial_40,4,220,260,19.67434523911683,21.77324215807269,22,False,False
43024,lambda_initial_40,5,260,304,21.77324215807269,14.515494772048461,25,True,False
43024,lambda_initial_40,6,304,334,14.515494772048461,16.06403561973057,17,False,False
43024,lambda_initial_40,7,334,366,16.06403561973057,17.77777777777777,19,False,False
43024,lambda_initial_40,8,366,400,17.77777777777777,19.674345239116818,21,False,True
43025,lambda_initial_1,1,50,52,1.0,1.1066819197003215,2,False,False
43025,lambda_initial_1,2,52,54,1.1066819197003215,1.2247448713915887,1,False,False
43025,lambda_initial_1,3,54,56,1.2247448713915887,1.3554030054147668,2,False,False
43025,lambda_initial_1,4,56,58,1.3554030054147668,1.4999999999999993,0,False,False
43025,lambda_initial_1,5,58,60,1.4999999999999993,1.6600228795504814,1,False,False
43025,lambda_initial_1,6,60,64,1.6600228795504814,1.8371173070873823,1,False,False
43025,lambda_initial_1,7,64,68,1.8371173070873823,1.2247448713915883,3,True,False
43025,lambda_initial_1,8,68,70,1.2247448713915883,1.0,1,True,False
43025,lambda_initial_1,9,70,72,1.0,1.1066819197003215,1,False,False
43025,lambda_initial_1,10,72,74,1.1066819197003215,1.2247448713915887,1,False,False
43025,lambda_initial_1,11,74,76,1.2247448713915887,1.3554030054147668,2,False,False
43025,lambda_initial_1,12,76,78,1.3554030054147668,1.4999999999999993,0,False,False
43025,lambda_initial_1,13,78,80,1.4999999999999993,1.6600228795504814,4,False,False
43025,lambda_initial_1,14,80,84,1.6600228795504814,1.8371173070873823,2,False,False
43025,lambda_initial_1,15,84,88,1.8371173070873823,1.2247448713915883,4,True,False
43025,lambda_initial_1,16,88,90,1.2247448713915883,1.3554030054147663,1,False,False
43025,lambda_initial_1,17,90,92,1.3554030054147663,1.499999999999999,3,False,False
43025,lambda_initial_1,18,92,94,1.499999999999999,1.660022879550481,1,False,False
43025,lambda_initial_1,19,94,98,1.660022879550481,1.1066819197003206,3,True,False
43025,lambda_initial_1,20,98,100,1.1066819197003206,1.2247448713915878,0,False,False
43025,lambda_initial_1,21,100,102,1.2247448713915878,1.3554030054147657,0,False,False
43025,lambda_initial_1,22,102,104,1.3554030054147657,1.499999999999998,0,False,False
43025,lambda_initial_1,23,104,106,1.499999999999998,1.6600228795504801,4,False,False
43025,lambda_initial_1,24,106,110,1.6600228795504801,1.837117307087381,1,False,False
43025,lambda_initial_1,25,110,114,1.837117307087381,1.2247448713915874,1,True,False
43025,lambda_initial_1,26,114,116,1.2247448713915874,1.3554030054147652,0,False,False
43025,lambda_initial_1,27,116,118,1.3554030054147652,1.4999999999999976,1,False,False
43025,lambda_initial_1,28,118,120,1.4999999999999976,1.6600228795504794,3,False,False
43025,lambda_initial_1,29,120,124,1.6600228795504794,1.83711730708738,3,False,False
43025,lambda_initial_1,30,124,128,1.83711730708738,2.033104508122147,2,False,False
43025,lambda_initial_1,31,128,132,2.033104508122147,2.249999999999995,0,False,False
43025,lambda_initial_1,32,132,136,2.249999999999995,2.490034319325718,2,False,False
43025,lambda_initial_1,33,136,140,2.490034319325718,2.755675960631069,2,False,False
43025,lambda_initial_1,34,140,146,2.755675960631069,3.049656762183219,5,False,False
43025,lambda_initial_1,35,146,152,3.049656762183219,3.3749999999999916,1,False,False
43025,lambda_initial_1,36,152,158,3.3749999999999916,3.735051478988576,1,False,False
43025,lambda_initial_1,37,158,166,3.735051478988576,4.133513940946602,2,False,False
43025,lambda_initial_1,38,166,174,4.133513940946602,4.574485143274827,5,False,False
43025,lambda_initial_1,39,174,184,4.574485143274827,5.062499999999986,2,False,False
43025,lambda_initial_1,40,184,194,5.062499999999986,5.602577218482862,4,False,False
43025,lambda_initial_1,41,194,206,5.602577218482862,6.200270911419901,5,False,False
43025,lambda_initial_1,42,206,218,6.200270911419901,6.861727714912238,6,False,False
43025,lambda_initial_1,43,218,232,6.861727714912238,7.593749999999976,10,False,False
43025,lambda_initial_1,44,232,248,7.593749999999976,8.40386582772429,4,False,False
43025,lambda_initial_1,45,248,264,8.40386582772429,9.300406367129849,4,False,False
43025,lambda_initial_1,46,264,282,9.300406367129849,10.292591572368353,7,False,False
43025,lambda_initial_1,47,282,302,10.292591572368353,11.39062499999996,13,False,False
43025,lambda_initial_1,48,302,324,11.39062499999996,12.60579874158643,9,False,False
43025,lambda_initial_1,49,324,350,12.60579874158643,13.950609550694766,11,False,False
43025,lambda_initial_1,50,350,378,13.950609550694766,15.438887358552524,18,False,False
43025,lambda_initial_1,51,378,400,15.438887358552524,17.085937499999932,13,False,True
43025,lambda_initial_5,1,50,60,5.0,3.3333333333333335,7,True,False
43025,lambda_initial_5,2,60,66,3.3333333333333335,3.688939732334405,2,False,False
43025,lambda_initial_5,3,66,74,3.688939732334405,4.0824829046386295,4,False,False
43025,lambda_initial_5,4,74,82,4.0824829046386295,2.7216552697590863,4,True,False
43025,lambda_initial_5,5,82,88,2.7216552697590863,3.012006678699482,4,False,False
43025,lambda_initial_5,6,88,94,3.012006678699482,3.333333333333332,1,False,False
43025,lambda_initial_5,7,94,100,3.333333333333332,3.6889397323344038,0,False,False
43025,lambda_initial_5,8,100,108,3.6889397323344038,4.082482904638628,3,False,False
43025,lambda_initial_5,9,108,116,4.082482904638628,4.518010018049221,4,False,False
43025,lambda_initial_5,10,116,126,4.518010018049221,4.9999999999999964,7,False,False
43025,lambda_initial_5,11,126,136,4.9999999999999964,5.533409598501604,8,False,False
43025,lambda_initial_5,12,136,148,5.533409598501604,6.12372435695794,7,False,False
43025,lambda_initial_5,13,148,160,6.12372435695794,6.77701502707383,2,False,False
43025,lambda_initial_5,14,160,174,6.77701502707383,7.499999999999992,6,False,False
43025,lambda_initial_5,15,174,188,7.499999999999992,8.300114397752402,9,False,False
43025,lambda_initial_5,16,188,204,8.300114397752402,9.185586535436906,9,False,False
43025,lambda_initial_5,17,204,222,9.185586535436906,10.165522540610741,11,False,False
43025,lambda_initial_5,18,222,242,10.165522540610741,11.249999999999984,9,False,False
43025,lambda_initial_5,19,242,264,11.249999999999984,12.450171596628598,8,False,False
43025,lambda_initial_5,20,264,288,12.450171596628598,13.778379803155353,12,False,False
43025,lambda_initial_5,21,288,316,13.778379803155353,15.248283810916103,19,False,False
43025,lambda_initial_5,22,316,346,15.248283810916103,16.874999999999968,14,False,False
43025,lambda_initial_5,23,346,380,16.874999999999968,18.67525739494289,19,False,False
43025,lambda_initial_5,24,380,400,18.67525739494289,20.667569704733022,20,False,True
43025,lambda_initial_10,1,50,70,10.0,6.666666666666667,13,True,False
43025,lambda_initial_10,2,70,84,6.666666666666667,4.444444444444445,7,True,False
43025,lambda_initial_10,3,84,92,4.444444444444445,4.918586309779207,3,False,False
43025,lambda_initial_10,4,92,102,4.918586309779207,5.443310539518173,5,False,False
43025,lambda_initial_10,5,102,112,5.443310539518173,6.024013357398964,2,False,False
43025,lambda_initial_10,6,112,124,6.024013357398964,6.666666666666664,9,False,False
43025,lambda_initial_10,7,124,138,6.666666666666664,7.3778794646688075,5,False,False
43025,lambda_initial_10,8,138,152,7.3778794646688075,8.164965809277255,10,False,False
43025,lambda_initial_10,9,152,168,8.164965809277255,5.44331053951817,8,True,False
43025,lambda_initial_10,10,168,178,5.44331053951817,6.024013357398961,9,False,False
43025,lambda_initial_10,11,178,190,6.024013357398961,6.666666666666661,6,False,False
43025,lambda_initial_10,12,190,204,6.666666666666661,7.377879464668803,6,False,False
43025,lambda_initial_10,13,204,218,7.377879464668803,8.164965809277252,6,False,False
43025,lambda_initial_10,14,218,234,8.164965809277252,9.036020036098439,9,False,False
43025,lambda_initial_10,15,234,252,9.036020036098439,9.999999999999988,9,False,False
43025,lambda_initial_10,16,252,272,9.999999999999988,11.066819197003202,8,False,False
43025,lambda_initial_10,17,272,294,11.066819197003202,12.247448713915874,7,False,False
43025,lambda_initial_10,18,294,318,12.247448713915874,8.16496580927725,15,True,False
43025,lambda_initial_10,19,318,334,8.16496580927725,9.036020036098437,8,False,False
43025,lambda_initial_10,20,334,352,9.036020036098437,9.999999999999986,5,False,False
43025,lambda_initial_10,21,352,372,9.999999999999986,11.066819197003198,10,False,False
43025,lambda_initial_10,22,372,394,11.066819197003198,12.247448713915869,13,False,False
43025,lambda_initial_10,23,394,400,12.247448713915869,13.554030054147647,18,False,True
43025,lambda_initial_20,1,50,90,20.0,13.333333333333334,23,True,False
43025,lambda_initial_20,2,90,116,13.333333333333334,14.75575892933762,8,False,False
43025,lambda_initial_20,3,116,146,14.75575892933762,9.837172619558414,12,True,False
43025,lambda_initial_20,4,146,166,9.837172619558414,6.558115079705609,11,True,False
43025,lambda_initial_20,5,166,180,6.558115079705609,4.372076719803739,8,True,False
43025,lambda_initial_20,6,180,188,4.372076719803739,4.838498257349486,6,False,False
43025,lambda_initial_20,7,188,198,4.838498257349486,5.354678539910189,4,False,False
43025,lambda_initial_20,8,198,208,5.354678539910189,5.925925925925923,7,False,False
43025,lambda_initial_20,9,208,220,5.925925925925923,6.558115079705606,6,False,False
43025,lambda_initial_20,10,220,234,6.558115079705606,4.372076719803737,5,True,False
43025,lambda_initial_20,11,234,242,4.372076719803737,4.838498257349484,1,False,False
43025,lambda_initial_20,12,242,252,4.838498257349484,5.3546785399101875,7,False,False
43025,lambda_initial_20,13,252,262,5.3546785399101875,5.925925925925921,8,False,False
43025,lambda_initial_20,14,262,274,5.925925925925921,6.558115079705604,5,False,False
43025,lambda_initial_20,15,274,288,6.558115079705604,7.257747386024224,4,False,False
43025,lambda_initial_20,16,288,302,7.257747386024224,4.838498257349483,7,True,False
43025,lambda_initial_20,17,302,312,4.838498257349483,5.354678539910186,6,False,False
43025,lambda_initial_20,18,312,322,5.354678539910186,5.9259259259259185,4,False,False
43025,lambda_initial_20,19,322,334,5.9259259259259185,6.5581150797056,5,False,False
43025,lambda_initial_20,20,334,348,6.5581150797056,7.257747386024221,3,False,False
43025,lambda_initial_20,21,348,362,7.257747386024221,8.032017809865275,5,False,False
43025,lambda_initial_20,22,362,378,8.032017809865275,8.888888888888875,6,False,False
43025,lambda_initial_20,23,378,396,8.888888888888875,9.837172619558398,9,False,False
43025,lambda_initial_20,24,396,400,9.837172619558398,10.886621079036328,8,False,True
43025,lambda_initial_40,1,50,130,40.0,26.666666666666668,40,True,False
43025,lambda_initial_40,2,130,184,26.666666666666668,29.51151785867524,24,False,False
43025,lambda_initial_40,3,184,244,29.51151785867524,32.659863237109036,31,False,False
43025,lambda_initial_40,4,244,310,32.659863237109036,36.14408014439378,29,False,False
43025,lambda_initial_40,5,310,382,36.14408014439378,39.999999999999986,39,False,False
43025,lambda_initial_40,6,382,400,39.999999999999986,40.0,40,False,True
43026,lambda_initial_1,1,50,52,1.0,1.1066819197003215,0,False,False
43026,lambda_initial_1,2,52,54,1.1066819197003215,1.2247448713915887,0,False,False
43026,lambda_initial_1,3,54,56,1.2247448713915887,1.3554030054147668,1,False,False
43026,lambda_initial_1,4,56,58,1.3554030054147668,1.0,1,True,False
43026,lambda_initial_1,5,58,60,1.0,1.1066819197003215,0,False,False
43026,lambda_initial_1,6,60,62,1.1066819197003215,1.2247448713915887,0,False,False
43026,lambda_initial_1,7,62,64,1.2247448713915887,1.3554030054147668,1,False,False
43026,lambda_initial_1,8,64,66,1.3554030054147668,1.4999999999999993,2,False,False
43026,lambda_initial_1,9,66,68,1.4999999999999993,1.0,2,True,False
43026,lambda_initial_1,10,68,70,1.0,1.1066819197003215,0,False,False
43026,lambda_initial_1,11,70,72,1.1066819197003215,1.2247448713915887,0,False,False
43026,lambda_initial_1,12,72,74,1.2247448713915887,1.3554030054147668,0,False,False
43026,lambda_initial_1,13,74,76,1.3554030054147668,1.4999999999999993,2,False,False
43026,lambda_initial_1,14,76,78,1.4999999999999993,1.6600228795504814,0,False,False
43026,lambda_initial_1,15,78,82,1.6600228795504814,1.106681919700321,1,True,False
43026,lambda_initial_1,16,82,84,1.106681919700321,1.2247448713915883,2,False,False
43026,lambda_initial_1,17,84,86,1.2247448713915883,1.3554030054147663,2,False,False
43026,lambda_initial_1,18,86,88,1.3554030054147663,1.499999999999999,2,False,False
43026,lambda_initial_1,19,88,90,1.499999999999999,1.660022879550481,5,False,False
43026,lambda_initial_1,20,90,94,1.660022879550481,1.1066819197003206,1,True,False
43026,lambda_initial_1,21,94,96,1.1066819197003206,1.2247448713915878,1,False,False
43026,lambda_initial_1,22,96,98,1.2247448713915878,1.3554030054147657,1,False,False
43026,lambda_initial_1,23,98,100,1.3554030054147657,1.499999999999998,2,False,False
43026,lambda_initial_1,24,100,102,1.499999999999998,1.6600228795504801,0,False,False
43026,lambda_initial_1,25,102,106,1.6600228795504801,1.837117307087381,2,False,False
43026,lambda_initial_1,26,106,110,1.837117307087381,2.0331045081221477,3,False,False
43026,lambda_initial_1,27,110,114,2.0331045081221477,2.2499999999999964,4,False,False
43026,lambda_initial_1,28,114,118,2.2499999999999964,2.4900343193257193,2,False,False
43026,lambda_initial_1,29,118,122,2.4900343193257193,2.7556759606310703,2,False,False
43026,lambda_initial_1,30,122,128,2.7556759606310703,3.0496567621832202,4,False,False
43026,lambda_initial_1,31,128,134,3.0496567621832202,3.374999999999993,4,False,False
43026,lambda_initial_1,32,134,140,3.374999999999993,3.735051478988577,2,False,False
43026,lambda_initial_1,33,140,148,3.735051478988577,4.133513940946604,4,False,False
43026,lambda_initial_1,34,148,156,4.133513940946604,4.574485143274829,6,False,False
43026,lambda_initial_1,35,156,166,4.574485143274829,3.049656762183219,7,True,False
43026,lambda_initial_1,36,166,172,3.049656762183219,2.033104508122146,2,True,False
43026,lambda_initial_1,37,172,176,2.033104508122146,2.2499999999999942,2,False,False
43026,lambda_initial_1,38,176,180,2.2499999999999942,2.490034319325717,2,False,False
43026,lambda_initial_1,39,180,184,2.490034319325717,2.7556759606310677,1,False,False
43026,lambda_initial_1,40,184,190,2.7556759606310677,3.0496567621832176,1,False,False
43026,lambda_initial_1,41,190,196,3.0496567621832176,3.37499999999999,1,False,False
43026,lambda_initial_1,42,196,202,3.37499999999999,3.7350514789885736,6,False,False
43026,lambda_initial_1,43,202,210,3.7350514789885736,4.1335139409465995,4,False,False
43026,lambda_initial_1,44,210,218,4.1335139409465995,2.7556759606310663,6,True,False
43026,lambda_initial_1,45,218,224,2.7556759606310663,1.8371173070873776,3,True,False
43026,lambda_initial_1,46,224,228,1.8371173070873776,2.033104508122144,3,False,False
43026,lambda_initial_1,47,228,232,2.033104508122144,2.2499999999999925,6,False,False
43026,lambda_initial_1,48,232,236,2.2499999999999925,2.490034319325715,2,False,False
43026,lambda_initial_1,49,236,240,2.490034319325715,2.7556759606310655,2,False,False
43026,lambda_initial_1,50,240,246,2.7556759606310655,3.049656762183215,6,False,False
43026,lambda_initial_1,51,246,252,3.049656762183215,3.374999999999987,5,False,False
43026,lambda_initial_1,52,252,258,3.374999999999987,3.735051478988571,1,False,False
43026,lambda_initial_1,53,258,266,3.735051478988571,4.133513940946597,1,False,False
43026,lambda_initial_1,54,266,274,4.133513940946597,4.5744851432748215,4,False,False
43026,lambda_initial_1,55,274,284,4.5744851432748215,5.06249999999998,2,False,False
43026,lambda_initial_1,56,284,294,5.06249999999998,5.602577218482855,4,False,False
43026,lambda_initial_1,57,294,306,5.602577218482855,6.200270911419893,5,False,False
43026,lambda_initial_1,58,306,318,6.200270911419893,6.861727714912229,6,False,False
43026,lambda_initial_1,59,318,332,6.861727714912229,7.593749999999966,5,False,False
43026,lambda_initial_1,60,332,348,7.593749999999966,8.403865827724278,8,False,False
43026,lambda_initial_1,61,348,364,8.403865827724278,9.300406367129835,6,False,False
43026,lambda_initial_1,62,364,382,9.300406367129835,10.29259157236834,7,False,False
43026,lambda_initial_1,63,382,400,10.29259157236834,11.390624999999943,14,False,True
43026,lambda_initial_5,1,50,60,5.0,3.3333333333333335,1,True,False
43026,lambda_initial_5,2,60,66,3.3333333333333335,2.2222222222222223,3,True,False
43026,lambda_initial_5,3,66,70,2.2222222222222223,2.4592931548896035,3,False,False
43026,lambda_initial_5,4,70,74,2.4592931548896035,2.7216552697590863,6,False,False
43026,lambda_initial_5,5,74,80,2.7216552697590863,1.8144368465060576,2,True,False
43026,lambda_initial_5,6,80,84,1.8144368465060576,2.0080044524663214,1,False,False
43026,lambda_initial_5,7,84,88,2.0080044524663214,2.2222222222222214,2,False,False
43026,lambda_initial_5,8,88,92,2.2222222222222214,2.459293154889602,2,False,False
43026,lambda_initial_5,9,92,96,2.459293154889602,2.721655269759085,2,False,False
43026,lambda_initial_5,10,96,102,2.721655269759085,1.8144368465060567,1,True,False
43026,lambda_initial_5,11,102,106,1.8144368465060567,2.0080044524663205,3,False,False
43026,lambda_initial_5,12,106,110,2.0080044524663205,1.338669634977547,3,True,False
43026,lambda_initial_5,13,110,112,1.338669634977547,1.4814814814814805,1,False,False
43026,lambda_initial_5,14,112,114,1.4814814814814805,1.6395287699264012,1,False,False
43026,lambda_initial_5,15,114,118,1.6395287699264012,1.8144368465060563,2,False,False
43026,lambda_initial_5,16,118,122,1.8144368465060563,2.00800445246632,1,False,False
43026,lambda_initial_5,17,122,126,2.00800445246632,2.22222222222222,0,False,False
43026,lambda_initial_5,18,126,130,2.22222222222222,2.459293154889601,3,False,False
43026,lambda_initial_5,19,130,134,2.459293154889601,2.7216552697590837,2,False,False
43026,lambda_initial_5,20,134,140,2.7216552697590837,3.0120066786994792,5,False,False
43026,lambda_initial_5,21,140,146,3.0120066786994792,3.333333333333329,2,False,False
43026,lambda_initial_5,22,146,152,3.333333333333329,3.6889397323344,2,False,False
43026,lambda_initial_5,23,152,160,3.6889397323344,4.082482904638624,3,False,False
43026,lambda_initial_5,24,160,168,4.082482904638624,4.518010018049217,7,False,False
43026,lambda_initial_5,25,168,178,4.518010018049217,4.999999999999991,4,False,False
43026,lambda_initial_5,26,178,188,4.999999999999991,5.533409598501597,4,False,False
43026,lambda_initial_5,27,188,200,5.533409598501597,6.123724356957933,7,False,False
43026,lambda_initial_5,28,200,212,6.123724356957933,6.777015027073822,5,False,False
43026,lambda_initial_5,29,212,226,6.777015027073822,7.499999999999983,6,False,False
43026,lambda_initial_5,30,226,240,7.499999999999983,8.300114397752392,10,False,False
43026,lambda_initial_5,31,240,256,8.300114397752392,9.185586535436894,9,False,False
43026,lambda_initial_5,32,256,274,9.185586535436894,10.165522540610727,11,False,False
43026,lambda_initial_5,33,274,294,10.165522540610727,11.249999999999968,14,False,False
43026,lambda_initial_5,34,294,316,11.249999999999968,12.45017159662858,9,False,False
43026,lambda_initial_5,35,316,340,12.45017159662858,13.778379803155334,16,False,False
43026,lambda_initial_5,36,340,368,13.778379803155334,15.248283810916082,9,False,False
43026,lambda_initial_5,37,368,398,15.248283810916082,16.874999999999943,14,False,False
43026,lambda_initial_5,38,398,400,16.874999999999943,18.67525739494286,16,False,True
43026,lambda_initial_10,1,50,70,10.0,6.666666666666667,5,True,False
43026,lambda_initial_10,2,70,84,6.666666666666667,7.37787946466881,7,False,False
43026,lambda_initial_10,3,84,98,7.37787946466881,8.164965809277259,4,False,False
43026,lambda_initial_10,4,98,114,8.164965809277259,9.036020036098446,7,False,False
43026,lambda_initial_10,5,114,132,9.036020036098446,9.999999999999996,13,False,False
43026,lambda_initial_10,6,132,152,9.999999999999996,11.06681919700321,8,False,False
43026,lambda_initial_10,7,152,174,11.06681919700321,12.247448713915883,5,False,False
43026,lambda_initial_10,8,174,198,12.247448713915883,8.164965809277255,16,True,False
43026,lambda_initial_10,9,198,214,8.164965809277255,9.036020036098442,3,False,False
43026,lambda_initial_10,10,214,232,9.036020036098442,9.999999999999993,11,False,False
43026,lambda_initial_10,11,232,252,9.999999999999993,11.066819197003207,11,False,False
43026,lambda_initial_10,12,252,274,11.066819197003207,12.24744871391588,15,False,False
43026,lambda_initial_10,13,274,298,12.24744871391588,13.55403005414766,7,False,False
43026,lambda_initial_10,14,298,326,13.55403005414766,14.999999999999984,8,False,False
43026,lambda_initial_10,15,326,356,14.999999999999984,16.600228795504805,8,False,False
43026,lambda_initial_10,16,356,390,16.600228795504805,18.371173070873812,13,False,False
43026,lambda_initial_10,17,390,400,18.371173070873812,20.331045081221482,18,False,True
43026,lambda_initial_20,1,50,90,20.0,13.333333333333334,14,True,False
43026,lambda_initial_20,2,90,116,13.333333333333334,8.88888888888889,16,True,False
43026,lambda_initial_20,3,116,134,8.88888888888889,5.9259259259259265,5,True,False
43026,lambda_initial_20,4,134,146,5.9259259259259265,6.558115079705609,9,False,False
43026,lambda_initial_20,5,146,160,6.558115079705609,7.2577473860242305,9,False,False
43026,lambda_initial_20,6,160,174,7.2577473860242305,4.838498257349487,7,True,False
43026,lambda_initial_20,7,174,184,4.838498257349487,5.35467853991019,9,False,False
43026,lambda_initial_20,8,184,194,5.35467853991019,5.925925925925924,6,False,False
43026,lambda_initial_20,9,194,206,5.925925925925924,3.9506172839506157,7,True,False
43026,lambda_initial_20,10,206,214,3.9506172839506157,4.372076719803737,8,False,False
43026,lambda_initial_20,11,214,222,4.372076719803737,4.838498257349484,7,False,False
43026,lambda_initial_20,12,222,232,4.838498257349484,5.3546785399101875,8,False,False
43026,lambda_initial_20,13,232,242,5.3546785399101875,5.925925925925921,8,False,False
43026,lambda_initial_20,14,242,254,5.925925925925921,6.558115079705604,8,False,False
43026,lambda_initial_20,15,254,268,6.558115079705604,7.257747386024224,5,False,False
43026,lambda_initial_20,16,268,282,7.257747386024224,8.032017809865279,2,False,False
43026,lambda_initial_20,17,282,298,8.032017809865279,8.888888888888879,9,False,False
43026,lambda_initial_20,18,298,316,8.888888888888879,9.837172619558402,9,False,False
43026,lambda_initial_20,19,316,336,9.837172619558402,10.886621079036333,11,False,False
43026,lambda_initial_20,20,336,358,10.886621079036333,12.048026714797913,15,False,False
43026,lambda_initial_20,21,358,382,12.048026714797913,13.333333333333313,12,False,False
43026,lambda_initial_20,22,382,400,13.333333333333313,14.755758929337597,11,False,True
43026,lambda_initial_40,1,50,130,40.0,26.666666666666668,40,True,False
43026,lambda_initial_40,2,130,184,26.666666666666668,17.77777777777778,25,True,False
43026,lambda_initial_40,3,184,220,17.77777777777778,19.67434523911683,21,False,False
43026,lambda_initial_40,4,220,260,19.67434523911683,21.77324215807269,24,False,False
43026,lambda_initial_40,5,260,304,21.77324215807269,24.096053429595855,23,False,False
43026,lambda_initial_40,6,304,352,24.096053429595855,26.666666666666657,22,False,False
43026,lambda_initial_40,7,352,400,26.666666666666657,29.51151785867523,24,False,True
43027,lambda_initial_1,1,50,52,1.0,1.1066819197003215,0,False,False
43027,lambda_initial_1,2,52,54,1.1066819197003215,1.2247448713915887,0,False,False
43027,lambda_initial_1,3,54,56,1.2247448713915887,1.3554030054147668,1,False,False
43027,lambda_initial_1,4,56,58,1.3554030054147668,1.0,2,True,False
43027,lambda_initial_1,5,58,60,1.0,1.1066819197003215,1,False,False
43027,lambda_initial_1,6,60,62,1.1066819197003215,1.2247448713915887,0,False,False
43027,lambda_initial_1,7,62,64,1.2247448713915887,1.3554030054147668,2,False,False
43027,lambda_initial_1,8,64,66,1.3554030054147668,1.4999999999999993,1,False,False
43027,lambda_initial_1,9,66,68,1.4999999999999993,1.0,2,True,False
43027,lambda_initial_1,10,68,70,1.0,1.1066819197003215,0,False,False
43027,lambda_initial_1,11,70,72,1.1066819197003215,1.2247448713915887,0,False,False
43027,lambda_initial_1,12,72,74,1.2247448713915887,1.3554030054147668,2,False,False
43027,lambda_initial_1,13,74,76,1.3554030054147668,1.4999999999999993,2,False,False
43027,lambda_initial_1,14,76,78,1.4999999999999993,1.6600228795504814,3,False,False
43027,lambda_initial_1,15,78,82,1.6600228795504814,1.106681919700321,3,True,False
43027,lambda_initial_1,16,82,84,1.106681919700321,1.0,1,True,False
43027,lambda_initial_1,17,84,86,1.0,1.1066819197003215,0,False,False
43027,lambda_initial_1,18,86,88,1.1066819197003215,1.2247448713915887,1,False,False
43027,lambda_initial_1,19,88,90,1.2247448713915887,1.3554030054147668,2,False,False
43027,lambda_initial_1,20,90,92,1.3554030054147668,1.0,1,True,False
43027,lambda_initial_1,21,92,94,1.0,1.1066819197003215,3,False,False
43027,lambda_initial_1,22,94,96,1.1066819197003215,1.2247448713915887,2,False,False
43027,lambda_initial_1,23,96,98,1.2247448713915887,1.3554030054147668,0,False,False
43027,lambda_initial_1,24,98,100,1.3554030054147668,1.4999999999999993,4,False,False
43027,lambda_initial_1,25,100,102,1.4999999999999993,1.6600228795504814,1,False,False
43027,lambda_initial_1,26,102,106,1.6600228795504814,1.8371173070873823,2,False,False
43027,lambda_initial_1,27,106,110,1.8371173070873823,2.033104508122149,1,False,False
43027,lambda_initial_1,28,110,114,2.033104508122149,2.249999999999998,3,False,False
43027,lambda_initial_1,29,114,118,2.249999999999998,2.490034319325721,3,False,False
43027,lambda_initial_1,30,118,122,2.490034319325721,2.755675960631072,5,False,False
43027,lambda_initial_1,31,122,128,2.755675960631072,3.0496567621832225,2,False,False
43027,lambda_initial_1,32,128,134,3.0496567621832225,3.3749999999999956,0,False,False
43027,lambda_initial_1,33,134,140,3.3749999999999956,3.7350514789885803,4,False,False
43027,lambda_initial_1,34,140,148,3.7350514789885803,4.133513940946607,3,False,False
43027,lambda_initial_1,35,148,156,4.133513940946607,4.574485143274832,4,False,False
43027,lambda_initial_1,36,156,166,4.574485143274832,5.062499999999991,5,False,False
43027,lambda_initial_1,37,166,176,5.062499999999991,5.6025772184828675,4,False,False
43027,lambda_initial_1,38,176,188,5.6025772184828675,6.200270911419907,6,False,False
43027,lambda_initial_1,39,188,200,6.200270911419907,6.861727714912245,2,False,False
43027,lambda_initial_1,40,200,214,6.861727714912245,7.593749999999984,7,False,False
43027,lambda_initial_1,41,214,230,7.593749999999984,5.062499999999989,9,True,False
43027,lambda_initial_1,42,230,240,5.062499999999989,5.602577218482866,6,False,False
43027,lambda_initial_1,43,240,252,5.602577218482866,6.2002709114199055,6,False,False
43027,lambda_initial_1,44,252,264,6.2002709114199055,6.861727714912243,8,False,False
43027,lambda_initial_1,45,264,278,6.861727714912243,4.574485143274829,6,True,False
43027,lambda_initial_1,46,278,288,4.574485143274829,3.049656762183219,4,True,False
43027,lambda_initial_1,47,288,294,3.049656762183219,3.3749999999999916,1,False,False
43027,lambda_initial_1,48,294,300,3.3749999999999916,3.735051478988576,1,False,False
43027,lambda_initial_1,49,300,308,3.735051478988576,4.133513940946602,2,False,False
43027,lambda_initial_1,50,308,316,4.133513940946602,4.574485143274827,4,False,False
43027,lambda_initial_1,51,316,326,4.574485143274827,5.062499999999986,4,False,False
43027,lambda_initial_1,52,326,336,5.062499999999986,5.602577218482862,8,False,False
43027,lambda_initial_1,53,336,348,5.602577218482862,6.200270911419901,3,False,False
43027,lambda_initial_1,54,348,360,6.200270911419901,6.861727714912238,7,False,False
43027,lambda_initial_1,55,360,374,6.861727714912238,7.593749999999976,3,False,False
43027,lambda_initial_1,56,374,390,7.593749999999976,8.40386582772429,7,False,False
43027,lambda_initial_1,57,390,400,8.40386582772429,9.300406367129849,10,False,True
43027,lambda_initial_5,1,50,60,5.0,3.3333333333333335,4,True,False
43027,lambda_initial_5,2,60,66,3.3333333333333335,3.688939732334405,8,False,False
43027,lambda_initial_5,3,66,74,3.688939732334405,2.4592931548896035,8,True,False
43027,lambda_initial_5,4,74,78,2.4592931548896035,2.7216552697590863,0,False,False
43027,lambda_initial_5,5,78,84,2.7216552697590863,1.8144368465060576,5,True,False
43027,lambda_initial_5,6,84,88,1.8144368465060576,2.0080044524663214,3,False,False
43027,lambda_initial_5,7,88,92,2.0080044524663214,2.2222222222222214,0,False,False
43027,lambda_initial_5,8,92,96,2.2222222222222214,2.459293154889602,2,False,False
43027,lambda_initial_5,9,96,100,2.459293154889602,2.721655269759085,2,False,False
43027,lambda_initial_5,10,100,106,2.721655269759085,1.8144368465060567,5,True,False
43027,lambda_initial_5,11,106,110,1.8144368465060567,2.0080044524663205,2,False,False
43027,lambda_initial_5,12,110,114,2.0080044524663205,2.2222222222222205,2,False,False
43027,lambda_initial_5,13,114,118,2.2222222222222205,2.4592931548896013,1,False,False
43027,lambda_initial_5,14,118,122,2.4592931548896013,1.639528769926401,3,True,False
43027,lambda_initial_5,15,122,126,1.639528769926401,1.093019179950934,2,True,False
43027,lambda_initial_5,16,126,128,1.093019179950934,1.2096245643373706,0,False,False
43027,lambda_initial_5,17,128,130,1.2096245643373706,1.0,1,True,False
43027,lambda_initial_5,18,130,132,1.0,1.1066819197003215,2,False,False
43027,lambda_initial_5,19,132,134,1.1066819197003215,1.2247448713915887,1,False,False
43027,lambda_initial_5,20,134,136,1.2247448713915887,1.3554030054147668,3,False,False
43027,lambda_initial_5,21,136,138,1.3554030054147668,1.4999999999999993,0,False,False
43027,lambda_initial_5,22,138,140,1.4999999999999993,1.6600228795504814,0,False,False
43027,lambda_initial_5,23,140,144,1.6600228795504814,1.8371173070873823,0,False,False
43027,lambda_initial_5,24,144,148,1.8371173070873823,2.033104508122149,5,False,False
43027,lambda_initial_5,25,148,152,2.033104508122149,2.249999999999998,3,False,False
43027,lambda_initial_5,26,152,156,2.249999999999998,2.490034319325721,4,False,False
43027,lambda_initial_5,27,156,160,2.490034319325721,2.755675960631072,1,False,False
43027,lambda_initial_5,28,160,166,2.755675960631072,3.0496567621832225,2,False,False
43027,lambda_initial_5,29,166,172,3.0496567621832225,3.3749999999999956,3,False,False
43027,lambda_initial_5,30,172,178,3.3749999999999956,3.7350514789885803,2,False,False
43027,lambda_initial_5,31,178,186,3.7350514789885803,4.133513940946607,3,False,False
43027,lambda_initial_5,32,186,194,4.133513940946607,4.574485143274832,3,False,False
43027,lambda_initial_5,33,194,204,4.574485143274832,5.062499999999991,7,False,False
43027,lambda_initial_5,34,204,214,5.062499999999991,3.3749999999999942,5,True,False
43027,lambda_initial_5,35,214,220,3.3749999999999942,3.7350514789885785,6,False,False
43027,lambda_initial_5,36,220,228,3.7350514789885785,4.133513940946605,6,False,False
43027,lambda_initial_5,37,228,236,4.133513940946605,4.57448514327483,3,False,False
43027,lambda_initial_5,38,236,246,4.57448514327483,5.062499999999989,4,False,False
43027,lambda_initial_5,39,246,256,5.062499999999989,5.602577218482866,3,False,False
43027,lambda_initial_5,40,256,268,5.602577218482866,6.2002709114199055,6,False,False
43027,lambda_initial_5,41,268,280,6.2002709114199055,6.861727714912243,4,False,False
43027,lambda_initial_5,42,280,294,6.861727714912243,7.593749999999981,9,False,False
43027,lambda_initial_5,43,294,310,7.593749999999981,8.403865827724296,6,False,False
43027,lambda_initial_5,44,310,326,8.403865827724296,9.300406367129854,6,False,False
43027,lambda_initial_5,45,326,344,9.300406367129854,10.29259157236836,9,False,False
43027,lambda_initial_5,46,344,364,10.29259157236836,11.390624999999968,7,False,False
43027,lambda_initial_5,47,364,386,11.390624999999968,12.605798741586439,9,False,False
43027,lambda_initial_5,48,386,400,12.605798741586439,13.950609550694777,12,False,True
43027,lambda_initial_10,1,50,70,10.0,6.666666666666667,9,True,False
43027,lambda_initial_10,2,70,84,6.666666666666667,7.37787946466881,7,False,False
43027,lambda_initial_10,3,84,98,7.37787946466881,4.918586309779207,4,True,False
43027,lambda_initial_10,4,98,108,4.918586309779207,5.443310539518173,4,False,False
43027,lambda_initial_10,5,108,118,5.443310539518173,6.024013357398964,8,False,False
43027,lambda_initial_10,6,118,130,6.024013357398964,4.016008904932643,4,True,False
43027,lambda_initial_10,7,130,138,4.016008904932643,4.444444444444443,6,False,False
43027,lambda_initial_10,8,138,146,4.444444444444443,2.962962962962962,4,True,False
43027,lambda_initial_10,9,146,152,2.962962962962962,3.2790575398528032,1,False,False
43027,lambda_initial_10,10,152,158,3.2790575398528032,3.6288736930121135,5,False,False
43027,lambda_initial_10,11,158,166,3.6288736930121135,4.016008904932641,2,False,False
43027,lambda_initial_10,12,166,174,4.016008904932641,4.444444444444441,6,False,False
43027,lambda_initial_10,13,174,182,4.444444444444441,4.918586309779203,7,False,False
43027,lambda_initial_10,14,182,192,4.918586309779203,5.443310539518168,9,False,False
43027,lambda_initial_10,15,192,202,5.443310539518168,6.024013357398959,7,False,False
43027,lambda_initial_10,16,202,214,6.024013357398959,6.666666666666659,4,False,False
43027,lambda_initial_10,17,214,228,6.666666666666659,7.377879464668801,6,False,False
43027,lambda_initial_10,18,228,242,7.377879464668801,8.164965809277248,5,False,False
43027,lambda_initial_10,19,242,258,8.164965809277248,9.036020036098433,10,False,False
43027,lambda_initial_10,20,258,276,9.036020036098433,9.999999999999982,6,False,False
43027,lambda_initial_10,21,276,296,9.999999999999982,11.066819197003195,7,False,False
43027,lambda_initial_10,22,296,318,11.066819197003195,12.247448713915865,9,False,False
43027,lambda_initial_10,23,318,342,12.247448713915865,13.554030054147644,12,False,False
43027,lambda_initial_10,24,342,370,13.554030054147644,14.999999999999966,12,False,False
43027,lambda_initial_10,25,370,400,14.999999999999966,16.600228795504783,17,False,False
43027,lambda_initial_20,1,50,90,20.0,13.333333333333334,19,True,False
43027,lambda_initial_20,2,90,116,13.333333333333334,8.88888888888889,13,True,False
43027,lambda_initial_20,3,116,134,8.88888888888889,9.837172619558414,9,False,False
43027,lambda_initial_20,4,134,154,9.837172619558414,10.886621079036345,9,False,False
43027,lambda_initial_20,5,154,176,10.886621079036345,12.048026714797928,12,False,False
43027,lambda_initial_20,6,176,200,12.048026714797928,13.333333333333329,13,False,False
43027,lambda_initial_20,7,200,226,13.333333333333329,14.755758929337615,10,False,False
43027,lambda_initial_20,8,226,256,14.755758929337615,16.32993161855451,16,False,False
43027,lambda_initial_20,9,256,288,16.32993161855451,18.072040072196884,18,False,False
43027,lambda_initial_20,10,288,324,18.072040072196884,12.048026714797922,18,True,False
43027,lambda_initial_20,11,324,348,12.048026714797922,13.333333333333321,14,False,False
43027,lambda_initial_20,12,348,374,13.333333333333321,14.755758929337606,14,False,False
43027,lambda_initial_20,13,374,400,14.755758929337606,16.329931618554504,16,False,True
43027,lambda_initial_40,1,50,130,40.0,26.666666666666668,40,True,False
43027,lambda_initial_40,2,130,184,26.666666666666668,29.51151785867524,28,False,False
43027,lambda_initial_40,3,184,244,29.51151785867524,32.659863237109036,31,False,False
43027,lambda_initial_40,4,244,310,32.659863237109036,36.14408014439378,33,False,False
43027,lambda_initial_40,5,310,382,36.14408014439378,24.096053429595855,37,True,False
43027,lambda_initial_40,6,382,400,24.096053429595855,16.06403561973057,20,True,True
43028,lambda_initial_1,1,50,52,1.0,1.1066819197003215,1,False,False
43028,lambda_initial_1,2,52,54,1.1066819197003215,1.2247448713915887,1,False,False
43028,lambda_initial_1,3,54,56,1.2247448713915887,1.3554030054147668,1,False,False
43028,lambda_initial_1,4,56,58,1.3554030054147668,1.4999999999999993,2,False,False
43028,lambda_initial_1,5,58,60,1.4999999999999993,1.6600228795504814,2,False,False
43028,lambda_initial_1,6,60,64,1.6600228795504814,1.106681919700321,2,True,False
43028,lambda_initial_1,7,64,66,1.106681919700321,1.2247448713915883,2,False,False
43028,lambda_initial_1,8,66,68,1.2247448713915883,1.3554030054147663,1,False,False
43028,lambda_initial_1,9,68,70,1.3554030054147663,1.499999999999999,2,False,False
43028,lambda_initial_1,10,70,72,1.499999999999999,1.660022879550481,1,False,False
43028,lambda_initial_1,11,72,76,1.660022879550481,1.8371173070873819,2,False,False
43028,lambda_initial_1,12,76,80,1.8371173070873819,2.0331045081221486,2,False,False
43028,lambda_initial_1,13,80,84,2.0331045081221486,2.2499999999999973,1,False,False
43028,lambda_initial_1,14,84,88,2.2499999999999973,2.49003431932572,3,False,False
43028,lambda_initial_1,15,88,92,2.49003431932572,2.7556759606310712,2,False,False
43028,lambda_initial_1,16,92,98,2.7556759606310712,3.0496567621832216,1,False,False
43028,lambda_initial_1,17,98,104,3.0496567621832216,3.3749999999999942,3,False,False
43028,lambda_initial_1,18,104,110,3.3749999999999942,3.7350514789885785,3,False,False
43028,lambda_initial_1,19,110,118,3.7350514789885785,4.133513940946605,6,False,False
43028,lambda_initial_1,20,118,126,4.133513940946605,4.57448514327483,5,False,False
43028,lambda_initial_1,21,126,136,4.57448514327483,3.0496567621832202,7,True,False
43028,lambda_initial_1,22,136,142,3.0496567621832202,3.374999999999993,4,False,False
43028,lambda_initial_1,23,142,148,3.374999999999993,3.735051478988577,2,False,False
43028,lambda_initial_1,24,148,156,3.735051478988577,4.133513940946604,4,False,False
43028,lambda_initial_1,25,156,164,4.133513940946604,4.574485143274829,7,False,False
43028,lambda_initial_1,26,164,174,4.574485143274829,5.062499999999988,4,False,False
43028,lambda_initial_1,27,174,184,5.062499999999988,5.602577218482864,5,False,False
43028,lambda_initial_1,28,184,196,5.602577218482864,6.200270911419904,5,False,False
43028,lambda_initial_1,29,196,208,6.200270911419904,6.861727714912241,3,False,False
43028,lambda_initial_1,30,208,222,6.861727714912241,7.593749999999979,7,False,False
43028,lambda_initial_1,31,222,238,7.593749999999979,8.403865827724292,7,False,False
43028,lambda_initial_1,32,238,254,8.403865827724292,9.30040636712985,6,False,False
43028,lambda_initial_1,33,254,272,9.30040636712985,10.292591572368355,9,False,False
43028,lambda_initial_1,34,272,292,10.292591572368355,11.390624999999961,9,False,False
43028,lambda_initial_1,35,292,314,11.390624999999961,12.605798741586431,16,False,False
43028,lambda_initial_1,36,314,340,12.605798741586431,13.950609550694768,9,False,False
43028,lambda_initial_1,37,340,368,13.950609550694768,15.438887358552526,15,False,False
43028,lambda_initial_1,38,368,398,15.438887358552526,17.085937499999936,22,False,False
43028,lambda_initial_1,39,398,400,17.085937499999936,18.90869811237964,20,False,True
43028,lambda_initial_5,1,50,60,5.0,3.3333333333333335,6,True,False
43028,lambda_initial_5,2,60,66,3.3333333333333335,3.688939732334405,3,False,False
43028,lambda_initial_5,3,66,74,3.688939732334405,4.0824829046386295,3,False,False
43028,lambda_initial_5,4,74,82,4.0824829046386295,4.518010018049223,4,False,False
43028,lambda_initial_5,5,82,92,4.518010018049223,4.999999999999998,4,False,False
43028,lambda_initial_5,6,92,102,4.999999999999998,5.533409598501605,6,False,False
43028,lambda_initial_5,7,102,114,5.533409598501605,6.123724356957942,2,False,False
43028,lambda_initial_5,8,114,126,6.123724356957942,4.082482904638628,10,True,False
43028,lambda_initial_5,9,126,134,4.082482904638628,2.721655269759085,5,True,False
43028,lambda_initial_5,10,134,140,2.721655269759085,3.0120066786994806,3,False,False
43028,lambda_initial_5,11,140,146,3.0120066786994806,3.3333333333333304,3,False,False
43028,lambda_initial_5,12,146,152,3.3333333333333304,3.6889397323344015,0,False,False
43028,lambda_initial_5,13,152,160,3.6889397323344015,4.082482904638626,8,False,False
43028,lambda_initial_5,14,160,168,4.082482904638626,2.721655269759084,6,True,False
43028,lambda_initial_5,15,168,174,2.721655269759084,3.0120066786994797,3,False,False
43028,lambda_initial_5,16,174,180,3.0120066786994797,2.0080044524663196,2,True,False
43028,lambda_initial_5,17,180,184,2.0080044524663196,2.2222222222222197,1,False,False
43028,lambda_initial_5,18,184,188,2.2222222222222197,2.4592931548896004,2,False,False
43028,lambda_initial_5,19,188,192,2.4592931548896004,2.7216552697590832,3,False,False
43028,lambda_initial_5,20,192,198,2.7216552697590832,3.0120066786994784,2,False,False
43028,lambda_initial_5,21,198,204,3.0120066786994784,3.333333333333328,2,False,False
43028,lambda_initial_5,22,204,210,3.333333333333328,3.6889397323343993,2,False,False
43028,lambda_initial_5,23,210,218,3.6889397323343993,4.082482904638623,5,False,False
43028,lambda_initial_5,24,218,226,4.082482904638623,4.518010018049216,3,False,False
43028,lambda_initial_5,25,226,236,4.518010018049216,4.99999999999999,5,False,False
43028,lambda_initial_5,26,236,246,4.99999999999999,5.5334095985015965,5,False,False
43028,lambda_initial_5,27,246,258,5.5334095985015965,6.123724356957932,6,False,False
43028,lambda_initial_5,28,258,270,6.123724356957932,6.777015027073821,3,False,False
43028,lambda_initial_5,29,270,284,6.777015027073821,7.499999999999982,6,False,False
43028,lambda_initial_5,30,284,298,7.499999999999982,8.300114397752392,6,False,False
43028,lambda_initial_5,31,298,314,8.300114397752392,9.185586535436894,8,False,False
43028,lambda_initial_5,32,314,332,9.185586535436894,10.165522540610727,9,False,False
43028,lambda_initial_5,33,332,352,10.165522540610727,11.249999999999968,9,False,False
43028,lambda_initial_5,34,352,374,11.249999999999968,12.45017159662858,14,False,False
43028,lambda_initial_5,35,374,398,12.45017159662858,13.778379803155334,11,False,False
43028,lambda_initial_5,36,398,400,13.778379803155334,15.248283810916082,15,False,True
43028,lambda_initial_10,1,50,70,10.0,11.066819197003214,11,False,False
43028,lambda_initial_10,2,70,92,11.066819197003214,12.247448713915887,12,False,False
43028,lambda_initial_10,3,92,116,12.247448713915887,13.554030054147667,12,False,False
43028,lambda_initial_10,4,116,144,13.554030054147667,9.036020036098444,10,True,False
43028,lambda_initial_10,5,144,162,9.036020036098444,9.999999999999995,12,False,False
43028,lambda_initial_10,6,162,182,9.999999999999995,11.066819197003209,15,False,False
43028,lambda_initial_10,7,182,204,11.066819197003209,12.247448713915881,8,False,False
43028,lambda_initial_10,8,204,228,12.247448713915881,13.554030054147661,18,False,False
43028,lambda_initial_10,9,228,256,13.554030054147661,14.999999999999986,14,False,False
43028,lambda_initial_10,10,256,286,14.999999999999986,16.60022879550481,16,False,False
43028,lambda_initial_10,11,286,320,16.60022879550481,18.371173070873816,21,False,False
43028,lambda_initial_10,12,320,356,18.371173070873816,20.331045081221486,18,False,False
43028,lambda_initial_10,13,356,396,20.331045081221486,22.49999999999997,14,False,False
43028,lambda_initial_10,14,396,400,22.49999999999997,24.900343193257203,17,False,True
43028,lambda_initial_20,1,50,90,20.0,22.13363839400643,21,False,False
43028,lambda_initial_20,2,90,134,22.13363839400643,14.755758929337619,22,True,False
43028,lambda_initial_20,3,134,164,14.755758929337619,9.837172619558412,13,True,False
43028,lambda_initial_20,4,164,184,9.837172619558412,6.558115079705608,8,True,False
43028,lambda_initial_20,5,184,198,6.558115079705608,7.25774738602423,6,False,False
43028,lambda_initial_20,6,198,212,7.25774738602423,8.032017809865284,4,False,False
43028,lambda_initial_20,7,212,228,8.032017809865284,8.888888888888884,10,False,False
43028,lambda_initial_20,8,228,246,8.888888888888884,5.925925925925923,12,True,False
43028,lambda_initial_20,9,246,258,5.925925925925923,6.558115079705606,6,False,False
43028,lambda_initial_20,10,258,272,6.558115079705606,7.257747386024226,4,False,False
43028,lambda_initial_20,11,272,286,7.257747386024226,8.03201780986528,12,False,False
43028,lambda_initial_20,12,286,302,8.03201780986528,8.88888888888888,10,False,False
43028,lambda_initial_20,13,302,320,8.88888888888888,5.92592592592592,9,True,False
43028,lambda_initial_20,14,320,332,5.92592592592592,3.9506172839506135,4,True,False
43028,lambda_initial_20,15,332,340,3.9506172839506135,2.6337448559670755,4,True,False
43028,lambda_initial_20,16,340,346,2.6337448559670755,2.91471781320249,3,False,False
43028,lambda_initial_20,17,346,352,2.91471781320249,1.9431452088016599,2,True,False
43028,lambda_initial_20,18,352,356,1.9431452088016599,2.150443669933103,3,False,False
43028,lambda_initial_20,19,356,360,2.150443669933103,2.379857128848971,1,False,False
43028,lambda_initial_20,20,360,364,2.379857128848971,2.6337448559670746,3,False,False
43028,lambda_initial_20,21,364,370,2.6337448559670746,2.914717813202489,6,False,False
43028,lambda_initial_20,22,370,376,2.914717813202489,1.9431452088016592,3,True,False
43028,lambda_initial_20,23,376,380,1.9431452088016592,2.1504436699331024,2,False,False
43028,lambda_initial_20,24,380,384,2.1504436699331024,2.3798571288489705,0,False,False
43028,lambda_initial_20,25,384,388,2.3798571288489705,2.633744855967074,1,False,False
43028,lambda_initial_20,26,388,394,2.633744855967074,2.9147178132024885,0,False,False
43028,lambda_initial_20,27,394,400,2.9147178132024885,3.225665504899653,2,False,False
43028,lambda_initial_40,1,50,130,40.0,26.666666666666668,40,True,False
43028,lambda_initial_40,2,130,184,26.666666666666668,29.51151785867524,26,False,False
43028,lambda_initial_40,3,184,244,29.51151785867524,32.659863237109036,26,False,False
43028,lambda_initial_40,4,244,310,32.659863237109036,36.14408014439378,31,False,False
43028,lambda_initial_40,5,310,382,36.14408014439378,24.096053429595855,35,True,False
43028,lambda_initial_40,6,382,400,24.096053429595855,26.666666666666657,20,False,True
43029,lambda_initial_1,1,50,52,1.0,1.1066819197003215,0,False,False
43029,lambda_initial_1,2,52,54,1.1066819197003215,1.2247448713915887,3,False,False
43029,lambda_initial_1,3,54,56,1.2247448713915887,1.3554030054147668,0,False,False
43029,lambda_initial_1,4,56,58,1.3554030054147668,1.0,3,True,False
43029,lambda_initial_1,5,58,60,1.0,1.1066819197003215,2,False,False
43029,lambda_initial_1,6,60,62,1.1066819197003215,1.2247448713915887,2,False,False
43029,lambda_initial_1,7,62,64,1.2247448713915887,1.3554030054147668,1,False,False
43029,lambda_initial_1,8,64,66,1.3554030054147668,1.4999999999999993,1,False,False
43029,lambda_initial_1,9,66,68,1.4999999999999993,1.6600228795504814,2,False,False
43029,lambda_initial_1,10,68,72,1.6600228795504814,1.8371173070873823,0,False,False
43029,lambda_initial_1,11,72,76,1.8371173070873823,1.2247448713915883,2,True,False
43029,lambda_initial_1,12,76,78,1.2247448713915883,1.3554030054147663,0,False,False
43029,lambda_initial_1,13,78,80,1.3554030054147663,1.499999999999999,2,False,False
43029,lambda_initial_1,14,80,82,1.499999999999999,1.660022879550481,1,False,False
43029,lambda_initial_1,15,82,86,1.660022879550481,1.8371173070873819,3,False,False
43029,lambda_initial_1,16,86,90,1.8371173070873819,2.0331045081221486,1,False,False
43029,lambda_initial_1,17,90,94,2.0331045081221486,2.2499999999999973,3,False,False
43029,lambda_initial_1,18,94,98,2.2499999999999973,2.49003431932572,2,False,False
43029,lambda_initial_1,19,98,102,2.49003431932572,2.7556759606310712,3,False,False
43029,lambda_initial_1,20,102,108,2.7556759606310712,1.8371173070873807,2,True,False
43029,lambda_initial_1,21,108,112,1.8371173070873807,2.0331045081221477,1,False,False
43029,lambda_initial_1,22,112,116,2.0331045081221477,2.2499999999999964,3,False,False
43029,lambda_initial_1,23,116,120,2.2499999999999964,2.4900343193257193,1,False,False
43029,lambda_initial_1,24,120,124,2.4900343193257193,2.7556759606310703,3,False,False
43029,lambda_initial_1,25,124,130,2.7556759606310703,3.0496567621832202,1,False,False
43029,lambda_initial_1,26,130,136,3.0496567621832202,3.374999999999993,0,False,False
43029,lambda_initial_1,27,136,142,3.374999999999993,3.735051478988577,2,False,False
43029,lambda_initial_1,28,142,150,3.735051478988577,2.490034319325718,4,True,False
43029,lambda_initial_1,29,150,154,2.490034319325718,2.755675960631069,1,False,False
43029,lambda_initial_1,30,154,160,2.755675960631069,3.049656762183219,1,False,False
43029,lambda_initial_1,31,160,166,3.049656762183219,3.3749999999999916,2,False,False
43029,lambda_initial_1,32,166,172,3.3749999999999916,3.735051478988576,1,False,False
43029,lambda_initial_1,33,172,180,3.735051478988576,4.133513940946602,1,False,False
43029,lambda_initial_1,34,180,188,4.133513940946602,4.574485143274827,2,False,False
43029,lambda_initial_1,35,188,198,4.574485143274827,5.062499999999986,0,False,False
43029,lambda_initial_1,36,198,208,5.062499999999986,5.602577218482862,3,False,False
43029,lambda_initial_1,37,208,220,5.602577218482862,6.200270911419901,8,False,False
43029,lambda_initial_1,38,220,232,6.200270911419901,6.861727714912238,5,False,False
43029,lambda_initial_1,39,232,246,6.861727714912238,7.593749999999976,11,False,False
43029,lambda_initial_1,40,246,262,7.593749999999976,8.40386582772429,5,False,False
43029,lambda_initial_1,41,262,278,8.40386582772429,9.300406367129849,6,False,False
43029,lambda_initial_1,42,278,296,9.300406367129849,10.292591572368353,8,False,False
43029,lambda_initial_1,43,296,316,10.292591572368353,11.39062499999996,13,False,False
43029,lambda_initial_1,44,316,338,11.39062499999996,12.60579874158643,15,False,False
43029,lambda_initial_1,45,338,364,12.60579874158643,13.950609550694766,11,False,False
43029,lambda_initial_1,46,364,392,13.950609550694766,15.438887358552524,15,False,False
43029,lambda_initial_1,47,392,400,15.438887358552524,17.085937499999932,17,False,True
43029,lambda_initial_5,1,50,60,5.0,3.3333333333333335,4,True,False
43029,lambda_initial_5,2,60,66,3.3333333333333335,3.688939732334405,6,False,False
43029,lambda_initial_5,3,66,74,3.688939732334405,4.0824829046386295,1,False,False
43029,lambda_initial_5,4,74,82,4.0824829046386295,4.518010018049223,2,False,False
43029,lambda_initial_5,5,82,92,4.518010018049223,3.012006678699482,7,True,False
43029,lambda_initial_5,6,92,98,3.012006678699482,3.333333333333332,4,False,False
43029,lambda_initial_5,7,98,104,3.333333333333332,3.6889397323344038,4,False,False
43029,lambda_initial_5,8,104,112,3.6889397323344038,4.082482904638628,6,False,False
43029,lambda_initial_5,9,112,120,4.082482904638628,2.721655269759085,3,True,False
43029,lambda_initial_5,10,120,126,2.721655269759085,3.0120066786994806,4,False,False
43029,lambda_initial_5,11,126,132,3.0120066786994806,3.3333333333333304,0,False,False
43029,lambda_initial_5,12,132,138,3.3333333333333304,2.22222222222222,2,True,False
43029,lambda_initial_5,13,138,142,2.22222222222222,2.459293154889601,0,False,False
43029,lambda_initial_5,14,142,146,2.459293154889601,2.7216552697590837,2,False,False
43029,lambda_initial_5,15,146,152,2.7216552697590837,3.0120066786994792,4,False,False
43029,lambda_initial_5,16,152,158,3.0120066786994792,2.0080044524663196,4,True,False
43029,lambda_initial_5,17,158,162,2.0080044524663196,2.2222222222222197,3,False,False
43029,lambda_initial_5,18,162,166,2.2222222222222197,2.4592931548896004,0,False,False
43029,lambda_initial_5,19,166,170,2.4592931548896004,2.7216552697590832,1,False,False
43029,lambda_initial_5,20,170,176,2.7216552697590832,3.0120066786994784,1,False,False
43029,lambda_initial_5,21,176,182,3.0120066786994784,3.333333333333328,4,False,False
43029,lambda_initial_5,22,182,188,3.333333333333328,3.6889397323343993,3,False,False
43029,lambda_initial_5,23,188,196,3.6889397323343993,4.082482904638623,3,False,False
43029,lambda_initial_5,24,196,204,4.082482904638623,4.518010018049216,6,False,False
43029,lambda_initial_5,25,204,214,4.518010018049216,4.99999999999999,5,False,False
43029,lambda_initial_5,26,214,224,4.99999999999999,5.5334095985015965,7,False,False
43029,lambda_initial_5,27,224,236,5.5334095985015965,6.123724356957932,6,False,False
43029,lambda_initial_5,28,236,248,6.123724356957932,6.777015027073821,4,False,False
43029,lambda_initial_5,29,248,262,6.777015027073821,7.499999999999982,5,False,False
43029,lambda_initial_5,30,262,276,7.499999999999982,8.300114397752392,4,False,False
43029,lambda_initial_5,31,276,292,8.300114397752392,9.185586535436894,6,False,False
43029,lambda_initial_5,32,292,310,9.185586535436894,10.165522540610727,10,False,False
43029,lambda_initial_5,33,310,330,10.165522540610727,11.249999999999968,4,False,False
43029,lambda_initial_5,34,330,352,11.249999999999968,12.45017159662858,17,False,False
43029,lambda_initial_5,35,352,376,12.45017159662858,13.778379803155334,11,False,False
43029,lambda_initial_5,36,376,400,13.778379803155334,15.248283810916082,12,False,True
43029,lambda_initial_10,1,50,70,10.0,6.666666666666667,8,True,False
43029,lambda_initial_10,2,70,84,6.666666666666667,4.444444444444445,7,True,False
43029,lambda_initial_10,3,84,92,4.444444444444445,4.918586309779207,2,False,False
43029,lambda_initial_10,4,92,102,4.918586309779207,5.443310539518173,4,False,False
43029,lambda_initial_10,5,102,112,5.443310539518173,6.024013357398964,2,False,False
43029,lambda_initial_10,6,112,124,6.024013357398964,4.016008904932643,9,True,False
43029,lambda_initial_10,7,124,132,4.016008904932643,4.444444444444443,3,False,False
43029,lambda_initial_10,8,132,140,4.444444444444443,4.918586309779204,10,False,False
43029,lambda_initial_10,9,140,150,4.918586309779204,3.279057539852803,7,True,False
43029,lambda_initial_10,10,150,156,3.279057539852803,3.628873693012113,4,False,False
43029,lambda_initial_10,11,156,164,3.628873693012113,4.01600890493264,3,False,False
43029,lambda_initial_10,12,164,172,4.01600890493264,2.6773392699550933,3,True,False
43029,lambda_initial_10,13,172,178,2.6773392699550933,2.9629629629629597,0,False,False
43029,lambda_initial_10,14,178,184,2.9629629629629597,3.2790575398528006,3,False,False
43029,lambda_initial_10,15,184,190,3.2790575398528006,3.628873693012111,2,False,False
43029,lambda_initial_10,16,190,198,3.628873693012111,4.0160089049326375,0,False,False
43029,lambda_initial_10,17,198,206,4.0160089049326375,4.4444444444444375,3,False,False
43029,lambda_initial_10,18,206,214,4.4444444444444375,4.918586309779199,3,False,False
43029,lambda_initial_10,19,214,224,4.918586309779199,3.2790575398527992,5,True,False
43029,lambda_initial_10,20,224,230,3.2790575398527992,3.6288736930121095,8,False,False
43029,lambda_initial_10,21,230,238,3.6288736930121095,4.016008904932637,2,False,False
43029,lambda_initial_10,22,238,246,4.016008904932637,4.444444444444436,6,False,False
43029,lambda_initial_10,23,246,254,4.444444444444436,4.918586309779197,1,False,False
43029,lambda_initial_10,24,254,264,4.918586309779197,5.443310539518162,4,False,False
43029,lambda_initial_10,25,264,274,5.443310539518162,6.024013357398952,11,False,False
43029,lambda_initial_10,26,274,286,6.024013357398952,4.016008904932635,4,True,False
43029,lambda_initial_10,27,286,294,4.016008904932635,4.444444444444434,1,False,False
43029,lambda_initial_10,28,294,302,4.444444444444434,4.918586309779195,2,False,False
43029,lambda_initial_10,29,302,312,4.918586309779195,5.443310539518159,2,False,False
43029,lambda_initial_10,30,312,322,5.443310539518159,6.02401335739895,8,False,False
43029,lambda_initial_10,31,322,334,6.02401335739895,6.666666666666648,9,False,False
43029,lambda_initial_10,32,334,348,6.666666666666648,7.37787946466879,5,False,False
43029,lambda_initial_10,33,348,362,7.37787946466879,8.164965809277236,3,False,False
43029,lambda_initial_10,34,362,378,8.164965809277236,9.03602003609842,14,False,False
43029,lambda_initial_10,35,378,396,9.03602003609842,9.999999999999968,12,False,False
43029,lambda_initial_10,36,396,400,9.999999999999968,11.066819197003179,11,False,True
43029,lambda_initial_20,1,50,90,20.0,13.333333333333334,18,True,False
43029,lambda_initial_20,2,90,116,13.333333333333334,14.75575892933762,14,False,False
43029,lambda_initial_20,3,116,146,14.75575892933762,16.329931618554518,11,False,False
43029,lambda_initial_20,4,146,178,16.329931618554518,18.07204007219689,15,False,False
43029,lambda_initial_20,5,178,214,18.07204007219689,19.999999999999993,20,False,False
43029,lambda_initial_20,6,214,254,19.999999999999993,22.13363839400642,20,False,False
43029,lambda_initial_20,7,254,298,22.13363839400642,24.494897427831766,21,False,False
43029,lambda_initial_20,8,298,346,24.494897427831766,27.108060108295327,27,False,False
43029,lambda_initial_20,9,346,400,27.108060108295327,29.999999999999975,27,False,False
43029,lambda_initial_40,1,50,130,40.0,26.666666666666668,40,True,False
43029,lambda_initial_40,2,130,184,26.666666666666668,17.77777777777778,21,True,False
43029,lambda_initial_40,3,184,220,17.77777777777778,19.67434523911683,20,False,False
43029,lambda_initial_40,4,220,260,19.67434523911683,21.77324215807269,18,False,False
43029,lambda_initial_40,5,260,304,21.77324215807269,24.096053429595855,25,False,False
43029,lambda_initial_40,6,304,352,24.096053429595855,26.666666666666657,23,False,False
43029,lambda_initial_40,7,352,400,26.666666666666657,29.51151785867523,23,False,True
43030,lambda_initial_1,1,50,52,1.0,1.1066819197003215,1,False,False
43030,lambda_initial_1,2,52,54,1.1066819197003215,1.2247448713915887,0,False,False
43030,lambda_initial_1,3,54,56,1.2247448713915887,1.3554030054147668,2,False,False
43030,lambda_initial_1,4,56,58,1.3554030054147668,1.4999999999999993,2,False,False
43030,lambda_initial_1,5,58,60,1.4999999999999993,1.6600228795504814,1,False,False
43030,lambda_initial_1,6,60,64,1.6600228795504814,1.8371173070873823,3,False,False
43030,lambda_initial_1,7,64,68,1.8371173070873823,2.033104508122149,1,False,False
43030,lambda_initial_1,8,68,72,2.033104508122149,2.249999999999998,3,False,False
43030,lambda_initial_1,9,72,76,2.249999999999998,2.490034319325721,2,False,False
43030,lambda_initial_1,10,76,80,2.490034319325721,2.755675960631072,1,False,False
43030,lambda_initial_1,11,80,86,2.755675960631072,3.0496567621832225,5,False,False
43030,lambda_initial_1,12,86,92,3.0496567621832225,3.3749999999999956,2,False,False
43030,lambda_initial_1,13,92,98,3.3749999999999956,3.7350514789885803,6,False,False
43030,lambda_initial_1,14,98,106,3.7350514789885803,4.133513940946607,4,False,False
43030,lambda_initial_1,15,106,114,4.133513940946607,2.7556759606310712,4,True,False
43030,lambda_initial_1,16,114,120,2.7556759606310712,3.0496567621832216,1,False,False
43030,lambda_initial_1,17,120,126,3.0496567621832216,3.3749999999999942,5,False,False
43030,lambda_initial_1,18,126,132,3.3749999999999942,3.7350514789885785,3,False,False
43030,lambda_initial_1,19,132,140,3.7350514789885785,4.133513940946605,2,False,False
43030,lambda_initial_1,20,140,148,4.133513940946605,2.75567596063107,6,True,False
43030,lambda_initial_1,21,148,154,2.75567596063107,3.04965676218322,3,False,False
43030,lambda_initial_1,22,154,160,3.04965676218322,3.3749999999999925,3,False,False
43030,lambda_initial_1,23,160,166,3.3749999999999925,3.7350514789885767,2,False,False
43030,lambda_initial_1,24,166,174,3.7350514789885767,4.133513940946603,7,False,False
43030,lambda_initial_1,25,174,182,4.133513940946603,4.574485143274828,3,False,False
43030,lambda_initial_1,26,182,192,4.574485143274828,5.062499999999987,4,False,False
43030,lambda_initial_1,27,192,202,5.062499999999987,5.602577218482863,6,False,False
43030,lambda_initial_1,28,202,214,5.602577218482863,6.200270911419902,10,False,False
43030,lambda_initial_1,29,214,226,6.200270911419902,4.133513940946601,2,True,False
43030,lambda_initial_1,30,226,234,4.133513940946601,4.574485143274826,6,False,False
43030,lambda_initial_1,31,234,244,4.574485143274826,5.062499999999985,3,False,False
43030,lambda_initial_1,32,244,254,5.062499999999985,5.60257721848286,4,False,False
43030,lambda_initial_1,33,254,266,5.60257721848286,6.200270911419899,7,False,False
43030,lambda_initial_1,34,266,278,6.200270911419899,4.1335139409465995,2,True,False
43030,lambda_initial_1,35,278,286,4.1335139409465995,4.574485143274824,6,False,False
43030,lambda_initial_1,36,286,296,4.574485143274824,5.062499999999982,0,False,False
43030,lambda_initial_1,37,296,306,5.062499999999982,5.602577218482858,5,False,False
43030,lambda_initial_1,38,306,318,5.602577218482858,6.200270911419897,7,False,False
43030,lambda_initial_1,39,318,330,6.200270911419897,6.8617277149122335,5,False,False
43030,lambda_initial_1,40,330,344,6.8617277149122335,7.593749999999971,7,False,False
43030,lambda_initial_1,41,344,360,7.593749999999971,8.403865827724283,6,False,False
43030,lambda_initial_1,42,360,376,8.403865827724283,9.300406367129842,6,False,False
43030,lambda_initial_1,43,376,394,9.300406367129842,10.292591572368346,16,False,False
43030,lambda_initial_1,44,394,400,10.292591572368346,11.390624999999952,8,False,True
43030,lambda_initial_5,1,50,60,5.0,5.533409598501607,5,False,False
43030,lambda_initial_5,2,60,72,5.533409598501607,3.6889397323344046,7,True,False
43030,lambda_initial_5,3,72,80,3.6889397323344046,2.459293154889603,3,True,False
43030,lambda_initial_5,4,80,84,2.459293154889603,2.721655269759086,1,False,False
43030,lambda_initial_5,5,84,90,2.721655269759086,3.0120066786994815,1,False,False
43030,lambda_initial_5,6,90,96,3.0120066786994815,3.3333333333333317,1,False,False
43030,lambda_initial_5,7,96,102,3.3333333333333317,3.6889397323344033,5,False,False
43030,lambda_initial_5,8,102,110,3.6889397323344033,2.459293154889602,4,True,False
43030,lambda_initial_5,9,110,114,2.459293154889602,1.6395287699264014,3,True,False
43030,lambda_initial_5,10,114,118,1.6395287699264014,1.8144368465060565,0,False,False
43030,lambda_initial_5,11,118,122,1.8144368465060565,2.00800445246632,1,False,False
43030,lambda_initial_5,12,122,126,2.00800445246632,2.22222222222222,3,False,False
43030,lambda_initial_5,13,126,130,2.22222222222222,2.459293154889601,2,False,False
43030,lambda_initial_5,14,130,134,2.459293154889601,1.6395287699264005,2,True,False
43030,lambda_initial_5,15,134,138,1.6395287699264005,1.8144368465060556,1,False,False
43030,lambda_initial_5,16,138,142,1.8144368465060556,2.008004452466319,1,False,False
43030,lambda_initial_5,17,142,146,2.008004452466319,2.222222222222219,1,False,False
43030,lambda_initial_5,18,146,150,2.222222222222219,1.4814814814814794,1,True,False
43030,lambda_initial_5,19,150,152,1.4814814814814794,1.6395287699263998,2,False,False
43030,lambda_initial_5,20,152,156,1.6395287699263998,1.814436846506055,1,False,False
43030,lambda_initial_5,21,156,160,1.814436846506055,2.0080044524663183,2,False,False
43030,lambda_initial_5,22,160,164,2.0080044524663183,2.222222222222218,0,False,False
43030,lambda_initial_5,23,164,168,2.222222222222218,2.4592931548895987,1,False,False
43030,lambda_initial_5,24,168,172,2.4592931548895987,2.721655269759081,2,False,False
43030,lambda_initial_5,25,172,178,2.721655269759081,3.012006678699476,0,False,False
43030,lambda_initial_5,26,178,184,3.012006678699476,3.3333333333333255,1,False,False
43030,lambda_initial_5,27,184,190,3.3333333333333255,3.688939732334396,2,False,False
43030,lambda_initial_5,28,190,198,3.688939732334396,4.08248290463862,5,False,False
43030,lambda_initial_5,29,198,206,4.08248290463862,4.518010018049212,4,False,False
43030,lambda_initial_5,30,206,216,4.518010018049212,4.999999999999987,2,False,False
43030,lambda_initial_5,31,216,226,4.999999999999987,5.533409598501593,4,False,False
43030,lambda_initial_5,32,226,238,5.533409598501593,3.6889397323343953,12,True,False
43030,lambda_initial_5,33,238,246,3.6889397323343953,4.082482904638619,5,False,False
43030,lambda_initial_5,34,246,254,4.082482904638619,4.518010018049211,4,False,False
43030,lambda_initial_5,35,254,264,4.518010018049211,4.999999999999985,3,False,False
43030,lambda_initial_5,36,264,274,4.999999999999985,5.53340959850159,7,False,False
43030,lambda_initial_5,37,274,286,5.53340959850159,6.123724356957925,11,False,False
43030,lambda_initial_5,38,286,298,6.123724356957925,6.777015027073813,4,False,False
43030,lambda_initial_5,39,298,312,6.777015027073813,7.499999999999973,8,False,False
43030,lambda_initial_5,40,312,326,7.499999999999973,8.300114397752381,8,False,False
43030,lambda_initial_5,41,326,342,8.300114397752381,9.185586535436883,5,False,False
43030,lambda_initial_5,42,342,360,9.185586535436883,6.123724356957922,9,True,False
43030,lambda_initial_5,43,360,372,6.123724356957922,6.77701502707381,5,False,False
43030,lambda_initial_5,44,372,386,6.77701502707381,7.499999999999971,10,False,False
43030,lambda_initial_5,45,386,400,7.499999999999971,8.30011439775238,9,False,False
43030,lambda_initial_10,1,50,70,10.0,11.066819197003214,11,False,False
43030,lambda_initial_10,2,70,92,11.066819197003214,12.247448713915887,10,False,False
43030,lambda_initial_10,3,92,116,12.247448713915887,13.554030054147667,9,False,False
43030,lambda_initial_10,4,116,144,13.554030054147667,9.036020036098444,16,True,False
43030,lambda_initial_10,5,144,162,9.036020036098444,9.999999999999995,8,False,False
43030,lambda_initial_10,6,162,182,9.999999999999995,6.666666666666663,12,True,False
43030,lambda_initial_10,7,182,196,6.666666666666663,7.377879464668807,7,False,False
43030,lambda_initial_10,8,196,210,7.377879464668807,8.164965809277255,7,False,False
43030,lambda_initial_10,9,210,226,8.164965809277255,5.44331053951817,9,True,False
43030,lambda_initial_10,10,226,236,5.44331053951817,6.024013357398961,4,False,False
43030,lambda_initial_10,11,236,248,6.024013357398961,6.666666666666661,3,False,False
43030,lambda_initial_10,12,248,262,6.666666666666661,7.377879464668803,5,False,False
43030,lambda_initial_10,13,262,276,7.377879464668803,8.164965809277252,6,False,False
43030,lambda_initial_10,14,276,292,8.164965809277252,5.443310539518168,10,True,False
43030,lambda_initial_10,15,292,302,5.443310539518168,6.024013357398959,10,False,False
43030,lambda_initial_10,16,302,314,6.024013357398959,6.666666666666659,7,False,False
43030,lambda_initial_10,17,314,328,6.666666666666659,7.377879464668801,11,False,False
43030,lambda_initial_10,18,328,342,7.377879464668801,8.164965809277248,8,False,False
43030,lambda_initial_10,19,342,358,8.164965809277248,5.443310539518166,11,True,False
43030,lambda_initial_10,20,358,368,5.443310539518166,3.6288736930121104,3,True,False
43030,lambda_initial_10,21,368,376,3.6288736930121104,4.0160089049326375,2,False,False
43030,lambda_initial_10,22,376,384,4.0160089049326375,2.6773392699550915,3,True,False
43030,lambda_initial_10,23,384,390,2.6773392699550915,1.7848928466367278,3,True,False
43030,lambda_initial_10,24,390,394,1.7848928466367278,1.9753086419753054,1,False,False
43030,lambda_initial_10,25,394,398,1.9753086419753054,2.186038359901866,3,False,False
43030,lambda_initial_10,26,398,400,2.186038359901866,2.4192491286747395,4,False,True
43030,lambda_initial_20,1,50,90,20.0,22.13363839400643,21,False,False
43030,lambda_initial_20,2,90,134,22.13363839400643,14.755758929337619,24,True,False
43030,lambda_initial_20,3,134,164,14.755758929337619,9.837172619558412,19,True,False
43030,lambda_initial_20,4,164,184,9.837172619558412,10.886621079036344,9,False,False
43030,lambda_initial_20,5,184,206,10.886621079036344,12.048026714797926,14,False,False
43030,lambda_initial_20,6,206,230,12.048026714797926,13.333333333333327,9,False,False
43030,lambda_initial_20,7,230,256,13.333333333333327,14.755758929337613,16,False,False
43030,lambda_initial_20,8,256,286,14.755758929337613,16.32993161855451,18,False,False
43030,lambda_initial_20,9,286,318,16.32993161855451,10.88662107903634,16,True,False
43030,lambda_initial_20,10,318,340,10.88662107903634,12.048026714797922,11,False,False
43030,lambda_initial_20,11,340,364,12.048026714797922,13.333333333333321,22,False,False
43030,lambda_initial_20,12,364,390,13.333333333333321,8.88888888888888,17,True,False
43030,lambda_initial_20,13,390,400,8.88888888888888,5.92592592592592,8,True,True
43030,lambda_initial_40,1,50,130,40.0,26.666666666666668,40,True,False
43030,lambda_initial_40,2,130,184,26.666666666666668,17.77777777777778,26,True,False
43030,lambda_initial_40,3,184,220,17.77777777777778,11.851851851851853,21,True,False
43030,lambda_initial_40,4,220,244,11.851851851851853,13.116230159411218,12,False,False
43030,lambda_initial_40,5,244,270,13.116230159411218,14.515494772048461,16,False,False
43030,lambda_initial_40,6,270,300,14.515494772048461,16.06403561973057,12,False,False
43030,lambda_initial_40,7,300,332,16.06403561973057,17.77777777777777,12,False,False
43030,lambda_initial_40,8,332,368,17.77777777777777,19.674345239116818,15,False,False
43030,lambda_initial_40,9,368,400,19.674345239116818,13.116230159411211,22,True,True
