neighbor_index,distance,flip_i,flip_j,weight,profit,feasible,reason,comparison
1,1,0,,24105,27135,0,CAPACITY_EXCEEDED,INVALID
2,1,1,,23972,26963,0,CAPACITY_EXCEEDED,INVALID
3,1,2,,23471,26446,1,FEASIBLE,WORSE
4,1,3,,24023,27080,0,CAPACITY_EXCEEDED,INVALID
5,1,4,,23935,26975,0,CAPACITY_EXCEEDED,INVALID
6,1,5,,24270,27253,0,CAPACITY_EXCEEDED,INVALID
7,1,6,,24786,27769,0,CAPACITY_EXCEEDED,INVALID
8,1,7,,24669,27674,0,CAPACITY_EXCEEDED,INVALID
9,1,8,,23102,26138,1,FEASIBLE,WORSE
10,1,9,,24090,27092,0,CAPACITY_EXCEEDED,INVALID
11,1,10,,24405,27385,0,CAPACITY_EXCEEDED,INVALID
12,1,11,,24145,27215,0,CAPACITY_EXCEEDED,INVALID
13,1,12,,24041,27063,0,CAPACITY_EXCEEDED,INVALID
14,1,13,,23761,26733,1,FEASIBLE,WORSE
15,1,14,,24083,27079,0,CAPACITY_EXCEEDED,INVALID
16,1,15,,24796,27874,0,CAPACITY_EXCEEDED,INVALID
17,1,16,,23039,26056,1,FEASIBLE,WORSE
18,1,17,,24675,27729,0,CAPACITY_EXCEEDED,INVALID
19,1,18,,23067,26041,1,FEASIBLE,WORSE
20,1,19,,23674,26750,1,FEASIBLE,WORSE
21,1,20,,24178,27198,0,CAPACITY_EXCEEDED,INVALID
22,1,21,,24495,27549,0,CAPACITY_EXCEEDED,INVALID
23,1,22,,24600,27579,0,CAPACITY_EXCEEDED,INVALID
24,1,23,,24723,27779,0,CAPACITY_EXCEEDED,INVALID
25,1,24,,24749,27770,0,CAPACITY_EXCEEDED,INVALID
26,1,25,,23781,26773,1,FEASIBLE,WORSE
27,1,26,,23262,26267,1,FEASIBLE,WORSE
28,1,27,,24540,27612,0,CAPACITY_EXCEEDED,INVALID
29,1,28,,24374,27352,0,CAPACITY_EXCEEDED,INVALID
30,1,29,,24046,27069,0,CAPACITY_EXCEEDED,INVALID
31,1,30,,24342,27362,0,CAPACITY_EXCEEDED,INVALID
32,1,31,,23958,26980,0,CAPACITY_EXCEEDED,INVALID
33,1,32,,24803,27821,0,CAPACITY_EXCEEDED,INVALID
34,1,33,,23002,26000,1,FEASIBLE,WORSE
35,1,34,,24416,27416,0,CAPACITY_EXCEEDED,INVALID
36,1,35,,24169,27151,0,CAPACITY_EXCEEDED,INVALID
37,1,36,,22959,25945,1,FEASIBLE,WORSE
38,1,37,,23295,26354,1,FEASIBLE,WORSE
39,1,38,,22985,25958,1,FEASIBLE,WORSE
40,1,39,,24717,27769,0,CAPACITY_EXCEEDED,INVALID
41,1,40,,23359,26350,1,FEASIBLE,WORSE
42,1,41,,23454,26495,1,FEASIBLE,WORSE
43,1,42,,23269,26283,1,FEASIBLE,WORSE
44,1,43,,23436,26459,1,FEASIBLE,WORSE
45,1,44,,24030,27101,0,CAPACITY_EXCEEDED,INVALID
46,1,45,,24174,27164,0,CAPACITY_EXCEEDED,INVALID
47,1,46,,24681,27695,0,CAPACITY_EXCEEDED,INVALID
48,1,47,,23824,26814,1,FEASIBLE,WORSE
49,1,48,,23821,26807,1,FEASIBLE,WORSE
50,1,49,,23241,26228,1,FEASIBLE,WORSE
51,1,50,,24149,27188,0,CAPACITY_EXCEEDED,INVALID
52,1,51,,23333,26373,1,FEASIBLE,WORSE
53,1,52,,23396,26408,1,FEASIBLE,WORSE
54,1,53,,23525,26568,1,FEASIBLE,WORSE
55,1,54,,22870,25879,1,FEASIBLE,WORSE
56,1,55,,23672,26738,1,FEASIBLE,WORSE
57,1,56,,23455,26496,1,FEASIBLE,WORSE
58,1,57,,23665,26700,1,FEASIBLE,WORSE
59,1,58,,24501,27526,0,CAPACITY_EXCEEDED,INVALID
60,1,59,,23591,26578,1,FEASIBLE,WORSE
61,1,60,,23512,26492,1,FEASIBLE,WORSE
62,1,61,,24615,27601,0,CAPACITY_EXCEEDED,INVALID
63,1,62,,23547,26524,1,FEASIBLE,WORSE
64,1,63,,23309,26288,1,FEASIBLE,WORSE
65,1,64,,22963,26001,1,FEASIBLE,WORSE
66,1,65,,23969,26949,0,CAPACITY_EXCEEDED,INVALID
67,1,66,,23806,26794,1,FEASIBLE,WORSE
68,1,67,,24097,27094,0,CAPACITY_EXCEEDED,INVALID
69,1,68,,23102,26080,1,FEASIBLE,WORSE
70,1,69,,23252,26290,1,FEASIBLE,WORSE
71,1,70,,24106,27090,0,CAPACITY_EXCEEDED,INVALID
72,1,71,,24200,27205,0,CAPACITY_EXCEEDED,INVALID
73,1,72,,23690,26735,1,FEASIBLE,WORSE
74,1,73,,23408,26466,1,FEASIBLE,WORSE
75,1,74,,23825,26833,1,FEASIBLE,WORSE
76,1,75,,23170,26156,1,FEASIBLE,WORSE
77,1,76,,24764,27779,0,CAPACITY_EXCEEDED,INVALID
78,1,77,,24823,27795,0,CAPACITY_EXCEEDED,INVALID
79,1,78,,23133,26120,1,FEASIBLE,WORSE
80,1,79,,24828,27802,0,CAPACITY_EXCEEDED,INVALID
81,1,80,,23849,26835,1,FEASIBLE,WORSE
82,1,81,,24157,27152,0,CAPACITY_EXCEEDED,INVALID
83,1,82,,22901,25911,1,FEASIBLE,WORSE
84,1,83,,23092,26107,1,FEASIBLE,WORSE
85,1,84,,23457,26453,1,FEASIBLE,WORSE
86,1,85,,24812,27894,0,CAPACITY_EXCEEDED,INVALID
87,1,86,,23247,26243,1,FEASIBLE,WORSE
88,1,87,,24686,27698,0,CAPACITY_EXCEEDED,INVALID
89,1,88,,23574,26612,1,FEASIBLE,WORSE
90,1,89,,24060,27098,0,CAPACITY_EXCEEDED,INVALID
91,1,90,,23423,26416,1,FEASIBLE,WORSE
92,1,91,,23731,26748,1,FEASIBLE,WORSE
93,1,92,,24250,27316,0,CAPACITY_EXCEEDED,INVALID
94,1,93,,24830,27907,0,CAPACITY_EXCEEDED,INVALID
95,1,94,,24200,27177,0,CAPACITY_EXCEEDED,INVALID
96,1,95,,23858,26936,1,FEASIBLE,WORSE
97,1,96,,23823,26853,1,FEASIBLE,WORSE
98,1,97,,23698,26772,1,FEASIBLE,WORSE
99,1,98,,23084,26083,1,FEASIBLE,WORSE
100,1,99,,23505,26555,1,FEASIBLE,WORSE
101,2,0,1,24209,27158,0,CAPACITY_EXCEEDED,INVALID
102,2,0,2,23708,26641,1,FEASIBLE,WORSE
103,2,0,3,24260,27275,0,CAPACITY_EXCEEDED,INVALID
104,2,0,4,24172,27170,0,CAPACITY_EXCEEDED,INVALID
105,2,0,5,24507,27448,0,CAPACITY_EXCEEDED,INVALID
106,2,0,6,25023,27964,0,CAPACITY_EXCEEDED,INVALID
107,2,0,7,24906,27869,0,CAPACITY_EXCEEDED,INVALID
108,2,0,8,23339,26333,1,FEASIBLE,WORSE
109,2,0,9,24327,27287,0,CAPACITY_EXCEEDED,INVALID
110,2,0,10,24642,27580,0,CAPACITY_EXCEEDED,INVALID
111,2,0,11,24382,27410,0,CAPACITY_EXCEEDED,INVALID
112,2,0,12,24278,27258,0,CAPACITY_EXCEEDED,INVALID
113,2,0,13,23998,26928,0,CAPACITY_EXCEEDED,INVALID
114,2,0,14,24320,27274,0,CAPACITY_EXCEEDED,INVALID
115,2,0,15,25033,28069,0,CAPACITY_EXCEEDED,INVALID
116,2,0,16,23276,26251,1,FEASIBLE,WORSE
117,2,0,17,24912,27924,0,CAPACITY_EXCEEDED,INVALID
118,2,0,18,23304,26236,1,FEASIBLE,WORSE
119,2,0,19,23911,26945,0,CAPACITY_EXCEEDED,INVALID
120,2,0,20,24415,27393,0,CAPACITY_EXCEEDED,INVALID
121,2,0,21,24732,27744,0,CAPACITY_EXCEEDED,INVALID
122,2,0,22,24837,27774,0,CAPACITY_EXCEEDED,INVALID
123,2,0,23,24960,27974,0,CAPACITY_EXCEEDED,INVALID
124,2,0,24,24986,27965,0,CAPACITY_EXCEEDED,INVALID
125,2,0,25,24018,26968,0,CAPACITY_EXCEEDED,INVALID
126,2,0,26,23499,26462,1,FEASIBLE,WORSE
127,2,0,27,24777,27807,0,CAPACITY_EXCEEDED,INVALID
128,2,0,28,24611,27547,0,CAPACITY_EXCEEDED,INVALID
129,2,0,29,24283,27264,0,CAPACITY_EXCEEDED,INVALID
130,2,0,30,24579,27557,0,CAPACITY_EXCEEDED,INVALID
131,2,0,31,24195,27175,0,CAPACITY_EXCEEDED,INVALID
132,2,0,32,25040,28016,0,CAPACITY_EXCEEDED,INVALID
133,2,0,33,23239,26195,1,FEASIBLE,WORSE
134,2,0,34,24653,27611,0,CAPACITY_EXCEEDED,INVALID
135,2,0,35,24406,27346,0,CAPACITY_EXCEEDED,INVALID
136,2,0,36,23196,26140,1,FEASIBLE,WORSE
137,2,0,37,23532,26549,1,FEASIBLE,WORSE
138,2,0,38,23222,26153,1,FEASIBLE,WORSE
139,2,0,39,24954,27964,0,CAPACITY_EXCEEDED,INVALID
140,2,0,40,23596,26545,1,FEASIBLE,WORSE
141,2,0,41,23691,26690,1,FEASIBLE,WORSE
142,2,0,42,23506,26478,1,FEASIBLE,WORSE
143,2,0,43,23673,26654,1,FEASIBLE,WORSE
144,2,0,44,24267,27296,0,CAPACITY_EXCEEDED,INVALID
145,2,0,45,24411,27359,0,CAPACITY_EXCEEDED,INVALID
146,2,0,46,24918,27890,0,CAPACITY_EXCEEDED,INVALID
147,2,0,47,24061,27009,0,CAPACITY_EXCEEDED,INVALID
148,2,0,48,24058,27002,0,CAPACITY_EXCEEDED,INVALID
149,2,0,49,23478,26423,1,FEASIBLE,WORSE
150,2,0,50,24386,27383,0,CAPACITY_EXCEEDED,INVALID
151,2,0,51,23570,26568,1,FEASIBLE,WORSE
152,2,0,52,23633,26603,1,FEASIBLE,WORSE
153,2,0,53,23762,26763,1,FEASIBLE,WORSE
154,2,0,54,23107,26074,1,FEASIBLE,WORSE
155,2,0,55,23909,26933,0,CAPACITY_EXCEEDED,INVALID
156,2,0,56,23692,26691,1,FEASIBLE,WORSE
157,2,0,57,23902,26895,0,CAPACITY_EXCEEDED,INVALID
158,2,0,58,24738,27721,0,CAPACITY_EXCEEDED,INVALID
159,2,0,59,23828,26773,1,FEASIBLE,WORSE
160,2,0,60,23749,26687,1,FEASIBLE,WORSE
161,2,0,61,24852,27796,0,CAPACITY_EXCEEDED,INVALID
162,2,0,62,23784,26719,1,FEASIBLE,WORSE
163,2,0,63,23546,26483,1,FEASIBLE,WORSE
164,2,0,64,23200,26196,1,FEASIBLE,WORSE
165,2,0,65,24206,27144,0,CAPACITY_EXCEEDED,INVALID
166,2,0,66,24043,26989,0,CAPACITY_EXCEEDED,INVALID
167,2,0,67,24334,27289,0,CAPACITY_EXCEEDED,INVALID
168,2,0,68,23339,26275,1,FEASIBLE,WORSE
169,2,0,69,23489,26485,1,FEASIBLE,WORSE
170,2,0,70,24343,27285,0,CAPACITY_EXCEEDED,INVALID
171,2,0,71,24437,27400,0,CAPACITY_EXCEEDED,INVALID
172,2,0,72,23927,26930,0,CAPACITY_EXCEEDED,INVALID
173,2,0,73,23645,26661,1,FEASIBLE,WORSE
174,2,0,74,24062,27028,0,CAPACITY_EXCEEDED,INVALID
175,2,0,75,23407,26351,1,FEASIBLE,WORSE
176,2,0,76,25001,27974,0,CAPACITY_EXCEEDED,INVALID
177,2,0,77,25060,27990,0,CAPACITY_EXCEEDED,INVALID
178,2,0,78,23370,26315,1,FEASIBLE,WORSE
179,2,0,79,25065,27997,0,CAPACITY_EXCEEDED,INVALID
180,2,0,80,24086,27030,0,CAPACITY_EXCEEDED,INVALID
181,2,0,81,24394,27347,0,CAPACITY_EXCEEDED,INVALID
182,2,0,82,23138,26106,1,FEASIBLE,WORSE
183,2,0,83,23329,26302,1,FEASIBLE,WORSE
184,2,0,84,23694,26648,1,FEASIBLE,WORSE
185,2,0,85,25049,28089,0,CAPACITY_EXCEEDED,INVALID
186,2,0,86,23484,26438,1,FEASIBLE,WORSE
187,2,0,87,24923,27893,0,CAPACITY_EXCEEDED,INVALID
188,2,0,88,23811,26807,1,FEASIBLE,WORSE
189,2,0,89,24297,27293,0,CAPACITY_EXCEEDED,INVALID
190,2,0,90,23660,26611,1,FEASIBLE,WORSE
191,2,0,91,23968,26943,0,CAPACITY_EXCEEDED,INVALID
192,2,0,92,24487,27511,0,CAPACITY_EXCEEDED,INVALID
193,2,0,93,25067,28102,0,CAPACITY_EXCEEDED,INVALID
194,2,0,94,24437,27372,0,CAPACITY_EXCEEDED,INVALID
195,2,0,95,24095,27131,0,CAPACITY_EXCEEDED,INVALID
196,2,0,96,24060,27048,0,CAPACITY_EXCEEDED,INVALID
197,2,0,97,23935,26967,0,CAPACITY_EXCEEDED,INVALID
198,2,0,98,23321,26278,1,FEASIBLE,WORSE
199,2,0,99,23742,26750,1,FEASIBLE,WORSE
200,2,1,2,23575,26469,1,FEASIBLE,WORSE
201,2,1,3,24127,27103,0,CAPACITY_EXCEEDED,INVALID
202,2,1,4,24039,26998,0,CAPACITY_EXCEEDED,INVALID
203,2,1,5,24374,27276,0,CAPACITY_EXCEEDED,INVALID
204,2,1,6,24890,27792,0,CAPACITY_EXCEEDED,INVALID
205,2,1,7,24773,27697,0,CAPACITY_EXCEEDED,INVALID
206,2,1,8,23206,26161,1,FEASIBLE,WORSE
207,2,1,9,24194,27115,0,CAPACITY_EXCEEDED,INVALID
208,2,1,10,24509,27408,0,CAPACITY_EXCEEDED,INVALID
209,2,1,11,24249,27238,0,CAPACITY_EXCEEDED,INVALID
210,2,1,12,24145,27086,0,CAPACITY_EXCEEDED,INVALID
211,2,1,13,23865,26756,1,FEASIBLE,WORSE
212,2,1,14,24187,27102,0,CAPACITY_EXCEEDED,INVALID
213,2,1,15,24900,27897,0,CAPACITY_EXCEEDED,INVALID
214,2,1,16,23143,26079,1,FEASIBLE,WORSE
215,2,1,17,24779,27752,0,CAPACITY_EXCEEDED,INVALID
216,2,1,18,23171,26064,1,FEASIBLE,WORSE
217,2,1,19,23778,26773,1,FEASIBLE,WORSE
218,2,1,20,24282,27221,0,CAPACITY_EXCEEDED,INVALID
219,2,1,21,24599,27572,0,CAPACITY_EXCEEDED,INVALID
220,2,1,22,24704,27602,0,CAPACITY_EXCEEDED,INVALID
221,2,1,23,24827,27802,0,CAPACITY_EXCEEDED,INVALID
222,2,1,24,24853,27793,0,CAPACITY_EXCEEDED,INVALID
223,2,1,25,23885,26796,0,CAPACITY_EXCEEDED,INVALID
224,2,1,26,23366,26290,1,FEASIBLE,WORSE
225,2,1,27,24644,27635,0,CAPACITY_EXCEEDED,INVALID
226,2,1,28,24478,27375,0,CAPACITY_EXCEEDED,INVALID
227,2,1,29,24150,27092,0,CAPACITY_EXCEEDED,INVALID
228,2,1,30,24446,27385,0,CAPACITY_EXCEEDED,INVALID
229,2,1,31,24062,27003,0,CAPACITY_EXCEEDED,INVALID
230,2,1,32,24907,27844,0,CAPACITY_EXCEEDED,INVALID
231,2,1,33,23106,26023,1,FEASIBLE,WORSE
232,2,1,34,24520,27439,0,CAPACITY_EXCEEDED,INVALID
233,2,1,35,24273,27174,0,CAPACITY_EXCEEDED,INVALID
234,2,1,36,23063,25968,1,FEASIBLE,WORSE
235,2,1,37,23399,26377,1,FEASIBLE,WORSE
236,2,1,38,23089,25981,1,FEASIBLE,WORSE
237,2,1,39,24821,27792,0,CAPACITY_EXCEEDED,INVALID
238,2,1,40,23463,26373,1,FEASIBLE,WORSE
239,2,1,41,23558,26518,1,FEASIBLE,WORSE
240,2,1,42,23373,26306,1,FEASIBLE,WORSE
241,2,1,43,23540,26482,1,FEASIBLE,WORSE
242,2,1,44,24134,27124,0,CAPACITY_EXCEEDED,INVALID
243,2,1,45,24278,27187,0,CAPACITY_EXCEEDED,INVALID
244,2,1,46,24785,27718,0,CAPACITY_EXCEEDED,INVALID
245,2,1,47,23928,26837,0,CAPACITY_EXCEEDED,INVALID
246,2,1,48,23925,26830,0,CAPACITY_EXCEEDED,INVALID
247,2,1,49,23345,26251,1,FEASIBLE,WORSE
248,2,1,50,24253,27211,0,CAPACITY_EXCEEDED,INVALID
249,2,1,51,23437,26396,1,FEASIBLE,WORSE
250,2,1,52,23500,26431,1,FEASIBLE,WORSE
251,2,1,53,23629,26591,1,FEASIBLE,WORSE
252,2,1,54,22974,25902,1,FEASIBLE,WORSE
253,2,1,55,23776,26761,1,FEASIBLE,WORSE
254,2,1,56,23559,26519,1,FEASIBLE,WORSE
255,2,1,57,23769,26723,1,FEASIBLE,WORSE
256,2,1,58,24605,27549,0,CAPACITY_EXCEEDED,INVALID
257,2,1,59,23695,26601,1,FEASIBLE,WORSE
258,2,1,60,23616,26515,1,FEASIBLE,WORSE
259,2,1,61,24719,27624,0,CAPACITY_EXCEEDED,INVALID
260,2,1,62,23651,26547,1,FEASIBLE,WORSE
261,2,1,63,23413,26311,1,FEASIBLE,WORSE
262,2,1,64,23067,26024,1,FEASIBLE,WORSE
263,2,1,65,24073,26972,0,CAPACITY_EXCEEDED,INVALID
264,2,1,66,23910,26817,0,CAPACITY_EXCEEDED,INVALID
265,2,1,67,24201,27117,0,CAPACITY_EXCEEDED,INVALID
266,2,1,68,23206,26103,1,FEASIBLE,WORSE
267,2,1,69,23356,26313,1,FEASIBLE,WORSE
268,2,1,70,24210,27113,0,CAPACITY_EXCEEDED,INVALID
269,2,1,71,24304,27228,0,CAPACITY_EXCEEDED,INVALID
270,2,1,72,23794,26758,1,FEASIBLE,WORSE
271,2,1,73,23512,26489,1,FEASIBLE,WORSE
272,2,1,74,23929,26856,0,CAPACITY_EXCEEDED,INVALID
273,2,1,75,23274,26179,1,FEASIBLE,WORSE
274,2,1,76,24868,27802,0,CAPACITY_EXCEEDED,INVALID
275,2,1,77,24927,27818,0,CAPACITY_EXCEEDED,INVALID
276,2,1,78,23237,26143,1,FEASIBLE,WORSE
277,2,1,79,24932,27825,0,CAPACITY_EXCEEDED,INVALID
278,2,1,80,23953,26858,0,CAPACITY_EXCEEDED,INVALID
279,2,1,81,24261,27175,0,CAPACITY_EXCEEDED,INVALID
280,2,1,82,23005,25934,1,FEASIBLE,WORSE
281,2,1,83,23196,26130,1,FEASIBLE,WORSE
282,2,1,84,23561,26476,1,FEASIBLE,WORSE
283,2,1,85,24916,27917,0,CAPACITY_EXCEEDED,INVALID
284,2,1,86,23351,26266,1,FEASIBLE,WORSE
285,2,1,87,24790,27721,0,CAPACITY_EXCEEDED,INVALID
286,2,1,88,23678,26635,1,FEASIBLE,WORSE
287,2,1,89,24164,27121,0,CAPACITY_EXCEEDED,INVALID
288,2,1,90,23527,26439,1,FEASIBLE,WORSE
289,2,1,91,23835,26771,1,FEASIBLE,WORSE
290,2,1,92,24354,27339,0,CAPACITY_EXCEEDED,INVALID
291,2,1,93,24934,27930,0,CAPACITY_EXCEEDED,INVALID
292,2,1,94,24304,27200,0,CAPACITY_EXCEEDED,INVALID
293,2,1,95,23962,26959,0,CAPACITY_EXCEEDED,INVALID
294,2,1,96,23927,26876,0,CAPACITY_EXCEEDED,INVALID
295,2,1,97,23802,26795,1,FEASIBLE,WORSE
296,2,1,98,23188,26106,1,FEASIBLE,WORSE
297,2,1,99,23609,26578,1,FEASIBLE,WORSE
298,2,2,3,23626,26586,1,FEASIBLE,WORSE
299,2,2,4,23538,26481,1,FEASIBLE,WORSE
300,2,2,5,23873,26759,1,FEASIBLE,WORSE
301,2,2,6,24389,27275,0,CAPACITY_EXCEEDED,INVALID
302,2,2,7,24272,27180,0,CAPACITY_EXCEEDED,INVALID
303,2,2,8,22705,25644,1,FEASIBLE,WORSE
304,2,2,9,23693,26598,1,FEASIBLE,WORSE
305,2,2,10,24008,26891,0,CAPACITY_EXCEEDED,INVALID
306,2,2,11,23748,26721,1,FEASIBLE,WORSE
307,2,2,12,23644,26569,1,FEASIBLE,WORSE
308,2,2,13,23364,26239,1,FEASIBLE,WORSE
309,2,2,14,23686,26585,1,FEASIBLE,WORSE
310,2,2,15,24399,27380,0,CAPACITY_EXCEEDED,INVALID
311,2,2,16,22642,25562,1,FEASIBLE,WORSE
312,2,2,17,24278,27235,0,CAPACITY_EXCEEDED,INVALID
313,2,2,18,22670,25547,1,FEASIBLE,WORSE
314,2,2,19,23277,26256,1,FEASIBLE,WORSE
315,2,2,20,23781,26704,1,FEASIBLE,WORSE
316,2,2,21,24098,27055,0,CAPACITY_EXCEEDED,INVALID
317,2,2,22,24203,27085,0,CAPACITY_EXCEEDED,INVALID
318,2,2,23,24326,27285,0,CAPACITY_EXCEEDED,INVALID
319,2,2,24,24352,27276,0,CAPACITY_EXCEEDED,INVALID
320,2,2,25,23384,26279,1,FEASIBLE,WORSE
321,2,2,26,22865,25773,1,FEASIBLE,WORSE
322,2,2,27,24143,27118,0,CAPACITY_EXCEEDED,INVALID
323,2,2,28,23977,26858,0,CAPACITY_EXCEEDED,INVALID
324,2,2,29,23649,26575,1,FEASIBLE,WORSE
325,2,2,30,23945,26868,0,CAPACITY_EXCEEDED,INVALID
326,2,2,31,23561,26486,1,FEASIBLE,WORSE
327,2,2,32,24406,27327,0,CAPACITY_EXCEEDED,INVALID
328,2,2,33,22605,25506,1,FEASIBLE,WORSE
329,2,2,34,24019,26922,0,CAPACITY_EXCEEDED,INVALID
330,2,2,35,23772,26657,1,FEASIBLE,WORSE
331,2,2,36,22562,25451,1,FEASIBLE,WORSE
332,2,2,37,22898,25860,1,FEASIBLE,WORSE
333,2,2,38,22588,25464,1,FEASIBLE,WORSE
334,2,2,39,24320,27275,0,CAPACITY_EXCEEDED,INVALID
335,2,2,40,22962,25856,1,FEASIBLE,WORSE
336,2,2,41,23057,26001,1,FEASIBLE,WORSE
337,2,2,42,22872,25789,1,FEASIBLE,WORSE
338,2,2,43,23039,25965,1,FEASIBLE,WORSE
339,2,2,44,23633,26607,1,FEASIBLE,WORSE
340,2,2,45,23777,26670,1,FEASIBLE,WORSE
341,2,2,46,24284,27201,0,CAPACITY_EXCEEDED,INVALID
342,2,2,47,23427,26320,1,FEASIBLE,WORSE
343,2,2,48,23424,26313,1,FEASIBLE,WORSE
344,2,2,49,22844,25734,1,FEASIBLE,WORSE
345,2,2,50,23752,26694,1,FEASIBLE,WORSE
346,2,2,51,22936,25879,1,FEASIBLE,WORSE
347,2,2,52,22999,25914,1,FEASIBLE,WORSE
348,2,2,53,23128,26074,1,FEASIBLE,WORSE
349,2,2,54,22473,25385,1,FEASIBLE,WORSE
350,2,2,55,23275,26244,1,FEASIBLE,WORSE
351,2,2,56,23058,26002,1,FEASIBLE,WORSE
352,2,2,57,23268,26206,1,FEASIBLE,WORSE
353,2,2,58,24104,27032,0,CAPACITY_EXCEEDED,INVALID
354,2,2,59,23194,26084,1,FEASIBLE,WORSE
355,2,2,60,23115,25998,1,FEASIBLE,WORSE
356,2,2,61,24218,27107,0,CAPACITY_EXCEEDED,INVALID
357,2,2,62,23150,26030,1,FEASIBLE,WORSE
358,2,2,63,22912,25794,1,FEASIBLE,WORSE
359,2,2,64,22566,25507,1,FEASIBLE,WORSE
360,2,2,65,23572,26455,1,FEASIBLE,WORSE
361,2,2,66,23409,26300,1,FEASIBLE,WORSE
362,2,2,67,23700,26600,1,FEASIBLE,WORSE
363,2,2,68,22705,25586,1,FEASIBLE,WORSE
364,2,2,69,22855,25796,1,FEASIBLE,WORSE
365,2,2,70,23709,26596,1,FEASIBLE,WORSE
366,2,2,71,23803,26711,1,FEASIBLE,WORSE
367,2,2,72,23293,26241,1,FEASIBLE,WORSE
368,2,2,73,23011,25972,1,FEASIBLE,WORSE
369,2,2,74,23428,26339,1,FEASIBLE,WORSE
370,2,2,75,22773,25662,1,FEASIBLE,WORSE
371,2,2,76,24367,27285,0,CAPACITY_EXCEEDED,INVALID
372,2,2,77,24426,27301,0,CAPACITY_EXCEEDED,INVALID
373,2,2,78,22736,25626,1,FEASIBLE,WORSE
374,2,2,79,24431,27308,0,CAPACITY_EXCEEDED,INVALID
375,2,2,80,23452,26341,1,FEASIBLE,WORSE
376,2,2,81,23760,26658,1,FEASIBLE,WORSE
377,2,2,82,22504,25417,1,FEASIBLE,WORSE
378,2,2,83,22695,25613,1,FEASIBLE,WORSE
379,2,2,84,23060,25959,1,FEASIBLE,WORSE
380,2,2,85,24415,27400,0,CAPACITY_EXCEEDED,INVALID
381,2,2,86,22850,25749,1,FEASIBLE,WORSE
382,2,2,87,24289,27204,0,CAPACITY_EXCEEDED,INVALID
383,2,2,88,23177,26118,1,FEASIBLE,WORSE
384,2,2,89,23663,26604,1,FEASIBLE,WORSE
385,2,2,90,23026,25922,1,FEASIBLE,WORSE
386,2,2,91,23334,26254,1,FEASIBLE,WORSE
387,2,2,92,23853,26822,1,FEASIBLE,WORSE
388,2,2,93,24433,27413,0,CAPACITY_EXCEEDED,INVALID
389,2,2,94,23803,26683,1,FEASIBLE,WORSE
390,2,2,95,23461,26442,1,FEASIBLE,WORSE
391,2,2,96,23426,26359,1,FEASIBLE,WORSE
392,2,2,97,23301,26278,1,FEASIBLE,WORSE
393,2,2,98,22687,25589,1,FEASIBLE,WORSE
394,2,2,99,23108,26061,1,FEASIBLE,WORSE
395,2,3,4,24090,27115,0,CAPACITY_EXCEEDED,INVALID
396,2,3,5,24425,27393,0,CAPACITY_EXCEEDED,INVALID
397,2,3,6,24941,27909,0,CAPACITY_EXCEEDED,INVALID
398,2,3,7,24824,27814,0,CAPACITY_EXCEEDED,INVALID
399,2,3,8,23257,26278,1,FEASIBLE,WORSE
400,2,3,9,24245,27232,0,CAPACITY_EXCEEDED,INVALID
401,2,3,10,24560,27525,0,CAPACITY_EXCEEDED,INVALID
402,2,3,11,24300,27355,0,CAPACITY_EXCEEDED,INVALID
403,2,3,12,24196,27203,0,CAPACITY_EXCEEDED,INVALID
404,2,3,13,23916,26873,0,CAPACITY_EXCEEDED,INVALID
405,2,3,14,24238,27219,0,CAPACITY_EXCEEDED,INVALID
406,2,3,15,24951,28014,0,CAPACITY_EXCEEDED,INVALID
407,2,3,16,23194,26196,1,FEASIBLE,WORSE
408,2,3,17,24830,27869,0,CAPACITY_EXCEEDED,INVALID
409,2,3,18,23222,26181,1,FEASIBLE,WORSE
410,2,3,19,23829,26890,1,FEASIBLE,WORSE
411,2,3,20,24333,27338,0,CAPACITY_EXCEEDED,INVALID
412,2,3,21,24650,27689,0,CAPACITY_EXCEEDED,INVALID
413,2,3,22,24755,27719,0,CAPACITY_EXCEEDED,INVALID
414,2,3,23,24878,27919,0,CAPACITY_EXCEEDED,INVALID
415,2,3,24,24904,27910,0,CAPACITY_EXCEEDED,INVALID
416,2,3,25,23936,26913,0,CAPACITY_EXCEEDED,INVALID
417,2,3,26,23417,26407,1,FEASIBLE,WORSE
418,2,3,27,24695,27752,0,CAPACITY_EXCEEDED,INVALID
419,2,3,28,24529,27492,0,CAPACITY_EXCEEDED,INVALID
420,2,3,29,24201,27209,0,CAPACITY_EXCEEDED,INVALID
421,2,3,30,24497,27502,0,CAPACITY_EXCEEDED,INVALID
422,2,3,31,24113,27120,0,CAPACITY_EXCEEDED,INVALID
423,2,3,32,24958,27961,0,CAPACITY_EXCEEDED,INVALID
424,2,3,33,23157,26140,1,FEASIBLE,WORSE
425,2,3,34,24571,27556,0,CAPACITY_EXCEEDED,INVALID
426,2,3,35,24324,27291,0,CAPACITY_EXCEEDED,INVALID
427,2,3,36,23114,26085,1,FEASIBLE,WORSE
428,2,3,37,23450,26494,1,FEASIBLE,WORSE
429,2,3,38,23140,26098,1,FEASIBLE,WORSE
430,2,3,39,24872,27909,0,CAPACITY_EXCEEDED,INVALID
431,2,3,40,23514,26490,1,FEASIBLE,WORSE
432,2,3,41,23609,26635,1,FEASIBLE,WORSE
433,2,3,42,23424,26423,1,FEASIBLE,WORSE
434,2,3,43,23591,26599,1,FEASIBLE,WORSE
435,2,3,44,24185,27241,0,CAPACITY_EXCEEDED,INVALID
436,2,3,45,24329,27304,0,CAPACITY_EXCEEDED,INVALID
437,2,3,46,24836,27835,0,CAPACITY_EXCEEDED,INVALID
438,2,3,47,23979,26954,0,CAPACITY_EXCEEDED,INVALID
439,2,3,48,23976,26947,0,CAPACITY_EXCEEDED,INVALID
440,2,3,49,23396,26368,1,FEASIBLE,WORSE
441,2,3,50,24304,27328,0,CAPACITY_EXCEEDED,INVALID
442,2,3,51,23488,26513,1,FEASIBLE,WORSE
443,2,3,52,23551,26548,1,FEASIBLE,WORSE
444,2,3,53,23680,26708,1,FEASIBLE,WORSE
445,2,3,54,23025,26019,1,FEASIBLE,WORSE
446,2,3,55,23827,26878,1,FEASIBLE,WORSE
447,2,3,56,23610,26636,1,FEASIBLE,WORSE
448,2,3,57,23820,26840,1,FEASIBLE,WORSE
449,2,3,58,24656,27666,0,CAPACITY_EXCEEDED,INVALID
450,2,3,59,23746,26718,1,FEASIBLE,WORSE
451,2,3,60,23667,26632,1,FEASIBLE,WORSE
452,2,3,61,24770,27741,0,CAPACITY_EXCEEDED,INVALID
453,2,3,62,23702,26664,1,FEASIBLE,WORSE
454,2,3,63,23464,26428,1,FEASIBLE,WORSE
455,2,3,64,23118,26141,1,FEASIBLE,WORSE
456,2,3,65,24124,27089,0,CAPACITY_EXCEEDED,INVALID
457,2,3,66,23961,26934,0,CAPACITY_EXCEEDED,INVALID
458,2,3,67,24252,27234,0,CAPACITY_EXCEEDED,INVALID
459,2,3,68,23257,26220,1,FEASIBLE,WORSE
460,2,3,69,23407,26430,1,FEASIBLE,WORSE
461,2,3,70,24261,27230,0,CAPACITY_EXCEEDED,INVALID
462,2,3,71,24355,27345,0,CAPACITY_EXCEEDED,INVALID
463,2,3,72,23845,26875,1,FEASIBLE,WORSE
464,2,3,73,23563,26606,1,FEASIBLE,WORSE
465,2,3,74,23980,26973,0,CAPACITY_EXCEEDED,INVALID
466,2,3,75,23325,26296,1,FEASIBLE,WORSE
467,2,3,76,24919,27919,0,CAPACITY_EXCEEDED,INVALID
468,2,3,77,24978,27935,0,CAPACITY_EXCEEDED,INVALID
469,2,3,78,23288,26260,1,FEASIBLE,WORSE
470,2,3,79,24983,27942,0,CAPACITY_EXCEEDED,INVALID
471,2,3,80,24004,26975,0,CAPACITY_EXCEEDED,INVALID
472,2,3,81,24312,27292,0,CAPACITY_EXCEEDED,INVALID
473,2,3,82,23056,26051,1,FEASIBLE,WORSE
474,2,3,83,23247,26247,1,FEASIBLE,WORSE
475,2,3,84,23612,26593,1,FEASIBLE,WORSE
476,2,3,85,24967,28034,0,CAPACITY_EXCEEDED,INVALID
477,2,3,86,23402,26383,1,FEASIBLE,WORSE
478,2,3,87,24841,27838,0,CAPACITY_EXCEEDED,INVALID
479,2,3,88,23729,26752,1,FEASIBLE,WORSE
480,2,3,89,24215,27238,0,CAPACITY_EXCEEDED,INVALID
481,2,3,90,23578,26556,1,FEASIBLE,WORSE
482,2,3,91,23886,26888,0,CAPACITY_EXCEEDED,INVALID
483,2,3,92,24405,27456,0,CAPACITY_EXCEEDED,INVALID
484,2,3,93,24985,28047,0,CAPACITY_EXCEEDED,INVALID
485,2,3,94,24355,27317,0,CAPACITY_EXCEEDED,INVALID
486,2,3,95,24013,27076,0,CAPACITY_EXCEEDED,INVALID
487,2,3,96,23978,26993,0,CAPACITY_EXCEEDED,INVALID
488,2,3,97,23853,26912,1,FEASIBLE,WORSE
489,2,3,98,23239,26223,1,FEASIBLE,WORSE
490,2,3,99,23660,26695,1,FEASIBLE,WORSE
491,2,4,5,24337,27288,0,CAPACITY_EXCEEDED,INVALID
492,2,4,6,24853,27804,0,CAPACITY_EXCEEDED,INVALID
493,2,4,7,24736,27709,0,CAPACITY_EXCEEDED,INVALID
494,2,4,8,23169,26173,1,FEASIBLE,WORSE
495,2,4,9,24157,27127,0,CAPACITY_EXCEEDED,INVALID
496,2,4,10,24472,27420,0,CAPACITY_EXCEEDED,INVALID
497,2,4,11,24212,27250,0,CAPACITY_EXCEEDED,INVALID
498,2,4,12,24108,27098,0,CAPACITY_EXCEEDED,INVALID
499,2,4,13,23828,26768,1,FEASIBLE,WORSE
500,2,4,14,24150,27114,0,CAPACITY_EXCEEDED,INVALID
501,2,4,15,24863,27909,0,CAPACITY_EXCEEDED,INVALID
502,2,4,16,23106,26091,1,FEASIBLE,WORSE
503,2,4,17,24742,27764,0,CAPACITY_EXCEEDED,INVALID
504,2,4,18,23134,26076,1,FEASIBLE,WORSE
505,2,4,19,23741,26785,1,FEASIBLE,WORSE
506,2,4,20,24245,27233,0,CAPACITY_EXCEEDED,INVALID
507,2,4,21,24562,27584,0,CAPACITY_EXCEEDED,INVALID
508,2,4,22,24667,27614,0,CAPACITY_EXCEEDED,INVALID
509,2,4,23,24790,27814,0,CAPACITY_EXCEEDED,INVALID
510,2,4,24,24816,27805,0,CAPACITY_EXCEEDED,INVALID
511,2,4,25,23848,26808,1,FEASIBLE,WORSE
512,2,4,26,23329,26302,1,FEASIBLE,WORSE
513,2,4,27,24607,27647,0,CAPACITY_EXCEEDED,INVALID
514,2,4,28,24441,27387,0,CAPACITY_EXCEEDED,INVALID
515,2,4,29,24113,27104,0,CAPACITY_EXCEEDED,INVALID
516,2,4,30,24409,27397,0,CAPACITY_EXCEEDED,INVALID
517,2,4,31,24025,27015,0,CAPACITY_EXCEEDED,INVALID
518,2,4,32,24870,27856,0,CAPACITY_EXCEEDED,INVALID
519,2,4,33,23069,26035,1,FEASIBLE,WORSE
520,2,4,34,24483,27451,0,CAPACITY_EXCEEDED,INVALID
521,2,4,35,24236,27186,0,CAPACITY_EXCEEDED,INVALID
522,2,4,36,23026,25980,1,FEASIBLE,WORSE
523,2,4,37,23362,26389,1,FEASIBLE,WORSE
524,2,4,38,23052,25993,1,FEASIBLE,WORSE
525,2,4,39,24784,27804,0,CAPACITY_EXCEEDED,INVALID
526,2,4,40,23426,26385,1,FEASIBLE,WORSE
527,2,4,41,23521,26530,1,FEASIBLE,WORSE
528,2,4,42,23336,26318,1,FEASIBLE,WORSE
529,2,4,43,23503,26494,1,FEASIBLE,WORSE
530,2,4,44,24097,27136,0,CAPACITY_EXCEEDED,INVALID
531,2,4,45,24241,27199,0,CAPACITY_EXCEEDED,INVALID
532,2,4,46,24748,27730,0,CAPACITY_EXCEEDED,INVALID
533,2,4,47,23891,26849,0,CAPACITY_EXCEEDED,INVALID
534,2,4,48,23888,26842,0,CAPACITY_EXCEEDED,INVALID
535,2,4,49,23308,26263,1,FEASIBLE,WORSE
536,2,4,50,24216,27223,0,CAPACITY_EXCEEDED,INVALID
537,2,4,51,23400,26408,1,FEASIBLE,WORSE
538,2,4,52,23463,26443,1,FEASIBLE,WORSE
539,2,4,53,23592,26603,1,FEASIBLE,WORSE
540,2,4,54,22937,25914,1,FEASIBLE,WORSE
541,2,4,55,23739,26773,1,FEASIBLE,WORSE
542,2,4,56,23522,26531,1,FEASIBLE,WORSE
543,2,4,57,23732,26735,1,FEASIBLE,WORSE
544,2,4,58,24568,27561,0,CAPACITY_EXCEEDED,INVALID
545,2,4,59,23658,26613,1,FEASIBLE,WORSE
546,2,4,60,23579,26527,1,FEASIBLE,WORSE
547,2,4,61,24682,27636,0,CAPACITY_EXCEEDED,INVALID
548,2,4,62,23614,26559,1,FEASIBLE,WORSE
549,2,4,63,23376,26323,1,FEASIBLE,WORSE
550,2,4,64,23030,26036,1,FEASIBLE,WORSE
551,2,4,65,24036,26984,0,CAPACITY_EXCEEDED,INVALID
552,2,4,66,23873,26829,1,FEASIBLE,WORSE
553,2,4,67,24164,27129,0,CAPACITY_EXCEEDED,INVALID
554,2,4,68,23169,26115,1,FEASIBLE,WORSE
555,2,4,69,23319,26325,1,FEASIBLE,WORSE
556,2,4,70,24173,27125,0,CAPACITY_EXCEEDED,INVALID
557,2,4,71,24267,27240,0,CAPACITY_EXCEEDED,INVALID
558,2,4,72,23757,26770,1,FEASIBLE,WORSE
559,2,4,73,23475,26501,1,FEASIBLE,WORSE
560,2,4,74,23892,26868,0,CAPACITY_EXCEEDED,INVALID
561,2,4,75,23237,26191,1,FEASIBLE,WORSE
562,2,4,76,24831,27814,0,CAPACITY_EXCEEDED,INVALID
563,2,4,77,24890,27830,0,CAPACITY_EXCEEDED,INVALID
564,2,4,78,23200,26155,1,FEASIBLE,WORSE
565,2,4,79,24895,27837,0,CAPACITY_EXCEEDED,INVALID
566,2,4,80,23916,26870,0,CAPACITY_EXCEEDED,INVALID
567,2,4,81,24224,27187,0,CAPACITY_EXCEEDED,INVALID
568,2,4,82,22968,25946,1,FEASIBLE,WORSE
569,2,4,83,23159,26142,1,FEASIBLE,WORSE
570,2,4,84,23524,26488,1,FEASIBLE,WORSE
571,2,4,85,24879,27929,0,CAPACITY_EXCEEDED,INVALID
572,2,4,86,23314,26278,1,FEASIBLE,WORSE
573,2,4,87,24753,27733,0,CAPACITY_EXCEEDED,INVALID
574,2,4,88,23641,26647,1,FEASIBLE,WORSE
575,2,4,89,24127,27133,0,CAPACITY_EXCEEDED,INVALID
576,2,4,90,23490,26451,1,FEASIBLE,WORSE
577,2,4,91,23798,26783,1,FEASIBLE,WORSE
578,2,4,92,24317,27351,0,CAPACITY_EXCEEDED,INVALID
579,2,4,93,24897,27942,0,CAPACITY_EXCEEDED,INVALID
580,2,4,94,24267,27212,0,CAPACITY_EXCEEDED,INVALID
581,2,4,95,23925,26971,0,CAPACITY_EXCEEDED,INVALID
582,2,4,96,23890,26888,0,CAPACITY_EXCEEDED,INVALID
583,2,4,97,23765,26807,1,FEASIBLE,WORSE
584,2,4,98,23151,26118,1,FEASIBLE,WORSE
585,2,4,99,23572,26590,1,FEASIBLE,WORSE
586,2,5,6,25188,28082,0,CAPACITY_EXCEEDED,INVALID
587,2,5,7,25071,27987,0,CAPACITY_EXCEEDED,INVALID
588,2,5,8,23504,26451,1,FEASIBLE,WORSE
589,2,5,9,24492,27405,0,CAPACITY_EXCEEDED,INVALID
590,2,5,10,24807,27698,0,CAPACITY_EXCEEDED,INVALID
591,2,5,11,24547,27528,0,CAPACITY_EXCEEDED,INVALID
592,2,5,12,24443,27376,0,CAPACITY_EXCEEDED,INVALID
593,2,5,13,24163,27046,0,CAPACITY_EXCEEDED,INVALID
594,2,5,14,24485,27392,0,CAPACITY_EXCEEDED,INVALID
595,2,5,15,25198,28187,0,CAPACITY_EXCEEDED,INVALID
596,2,5,16,23441,26369,1,FEASIBLE,WORSE
597,2,5,17,25077,28042,0,CAPACITY_EXCEEDED,INVALID
598,2,5,18,23469,26354,1,FEASIBLE,WORSE
599,2,5,19,24076,27063,0,CAPACITY_EXCEEDED,INVALID
600,2,5,20,24580,27511,0,CAPACITY_EXCEEDED,INVALID
601,2,5,21,24897,27862,0,CAPACITY_EXCEEDED,INVALID
602,2,5,22,25002,27892,0,CAPACITY_EXCEEDED,INVALID
603,2,5,23,25125,28092,0,CAPACITY_EXCEEDED,INVALID
604,2,5,24,25151,28083,0,CAPACITY_EXCEEDED,INVALID
605,2,5,25,24183,27086,0,CAPACITY_EXCEEDED,INVALID
606,2,5,26,23664,26580,1,FEASIBLE,WORSE
607,2,5,27,24942,27925,0,CAPACITY_EXCEEDED,INVALID
608,2,5,28,24776,27665,0,CAPACITY_EXCEEDED,INVALID
609,2,5,29,24448,27382,0,CAPACITY_EXCEEDED,INVALID
610,2,5,30,24744,27675,0,CAPACITY_EXCEEDED,INVALID
611,2,5,31,24360,27293,0,CAPACITY_EXCEEDED,INVALID
612,2,5,32,25205,28134,0,CAPACITY_EXCEEDED,INVALID
613,2,5,33,23404,26313,1,FEASIBLE,WORSE
614,2,5,34,24818,27729,0,CAPACITY_EXCEEDED,INVALID
615,2,5,35,24571,27464,0,CAPACITY_EXCEEDED,INVALID
616,2,5,36,23361,26258,1,FEASIBLE,WORSE
617,2,5,37,23697,26667,1,FEASIBLE,WORSE
618,2,5,38,23387,26271,1,FEASIBLE,WORSE
619,2,5,39,25119,28082,0,CAPACITY_EXCEEDED,INVALID
620,2,5,40,23761,26663,1,FEASIBLE,WORSE
621,2,5,41,23856,26808,1,FEASIBLE,WORSE
622,2,5,42,23671,26596,1,FEASIBLE,WORSE
623,2,5,43,23838,26772,1,FEASIBLE,WORSE
624,2,5,44,24432,27414,0,CAPACITY_EXCEEDED,INVALID
625,2,5,45,24576,27477,0,CAPACITY_EXCEEDED,INVALID
626,2,5,46,25083,28008,0,CAPACITY_EXCEEDED,INVALID
627,2,5,47,24226,27127,0,CAPACITY_EXCEEDED,INVALID
628,2,5,48,24223,27120,0,CAPACITY_EXCEEDED,INVALID
629,2,5,49,23643,26541,1,FEASIBLE,WORSE
630,2,5,50,24551,27501,0,CAPACITY_EXCEEDED,INVALID
631,2,5,51,23735,26686,1,FEASIBLE,WORSE
632,2,5,52,23798,26721,1,FEASIBLE,WORSE
633,2,5,53,23927,26881,0,CAPACITY_EXCEEDED,INVALID
634,2,5,54,23272,26192,1,FEASIBLE,WORSE
635,2,5,55,24074,27051,0,CAPACITY_EXCEEDED,INVALID
636,2,5,56,23857,26809,1,FEASIBLE,WORSE
637,2,5,57,24067,27013,0,CAPACITY_EXCEEDED,INVALID
638,2,5,58,24903,27839,0,CAPACITY_EXCEEDED,INVALID
639,2,5,59,23993,26891,0,CAPACITY_EXCEEDED,INVALID
640,2,5,60,23914,26805,0,CAPACITY_EXCEEDED,INVALID
641,2,5,61,25017,27914,0,CAPACITY_EXCEEDED,INVALID
642,2,5,62,23949,26837,0,CAPACITY_EXCEEDED,INVALID
643,2,5,63,23711,26601,1,FEASIBLE,WORSE
644,2,5,64,23365,26314,1,FEASIBLE,WORSE
645,2,5,65,24371,27262,0,CAPACITY_EXCEEDED,INVALID
646,2,5,66,24208,27107,0,CAPACITY_EXCEEDED,INVALID
647,2,5,67,24499,27407,0,CAPACITY_EXCEEDED,INVALID
648,2,5,68,23504,26393,1,FEASIBLE,WORSE
649,2,5,69,23654,26603,1,FEASIBLE,WORSE
650,2,5,70,24508,27403,0,CAPACITY_EXCEEDED,INVALID
651,2,5,71,24602,27518,0,CAPACITY_EXCEEDED,INVALID
652,2,5,72,24092,27048,0,CAPACITY_EXCEEDED,INVALID
653,2,5,73,23810,26779,1,FEASIBLE,WORSE
654,2,5,74,24227,27146,0,CAPACITY_EXCEEDED,INVALID
655,2,5,75,23572,26469,1,FEASIBLE,WORSE
656,2,5,76,25166,28092,0,CAPACITY_EXCEEDED,INVALID
657,2,5,77,25225,28108,0,CAPACITY_EXCEEDED,INVALID
658,2,5,78,23535,26433,1,FEASIBLE,WORSE
659,2,5,79,25230,28115,0,CAPACITY_EXCEEDED,INVALID
660,2,5,80,24251,27148,0,CAPACITY_EXCEEDED,INVALID
661,2,5,81,24559,27465,0,CAPACITY_EXCEEDED,INVALID
662,2,5,82,23303,26224,1,FEASIBLE,WORSE
663,2,5,83,23494,26420,1,FEASIBLE,WORSE
664,2,5,84,23859,26766,1,FEASIBLE,WORSE
665,2,5,85,25214,28207,0,CAPACITY_EXCEEDED,INVALID
666,2,5,86,23649,26556,1,FEASIBLE,WORSE
667,2,5,87,25088,28011,0,CAPACITY_EXCEEDED,INVALID
668,2,5,88,23976,26925,0,CAPACITY_EXCEEDED,INVALID
669,2,5,89,24462,27411,0,CAPACITY_EXCEEDED,INVALID
670,2,5,90,23825,26729,1,FEASIBLE,WORSE
671,2,5,91,24133,27061,0,CAPACITY_EXCEEDED,INVALID
672,2,5,92,24652,27629,0,CAPACITY_EXCEEDED,INVALID
673,2,5,93,25232,28220,0,CAPACITY_EXCEEDED,INVALID
674,2,5,94,24602,27490,0,CAPACITY_EXCEEDED,INVALID
675,2,5,95,24260,27249,0,CAPACITY_EXCEEDED,INVALID
676,2,5,96,24225,27166,0,CAPACITY_EXCEEDED,INVALID
677,2,5,97,24100,27085,0,CAPACITY_EXCEEDED,INVALID
678,2,5,98,23486,26396,1,FEASIBLE,WORSE
679,2,5,99,23907,26868,0,CAPACITY_EXCEEDED,INVALID
680,2,6,7,25587,28503,0,CAPACITY_EXCEEDED,INVALID
681,2,6,8,24020,26967,0,CAPACITY_EXCEEDED,INVALID
682,2,6,9,25008,27921,0,CAPACITY_EXCEEDED,INVALID
683,2,6,10,25323,28214,0,CAPACITY_EXCEEDED,INVALID
684,2,6,11,25063,28044,0,CAPACITY_EXCEEDED,INVALID
685,2,6,12,24959,27892,0,CAPACITY_EXCEEDED,INVALID
686,2,6,13,24679,27562,0,CAPACITY_EXCEEDED,INVALID
687,2,6,14,25001,27908,0,CAPACITY_EXCEEDED,INVALID
688,2,6,15,25714,28703,0,CAPACITY_EXCEEDED,INVALID
689,2,6,16,23957,26885,0,CAPACITY_EXCEEDED,INVALID
690,2,6,17,25593,28558,0,CAPACITY_EXCEEDED,INVALID
691,2,6,18,23985,26870,0,CAPACITY_EXCEEDED,INVALID
692,2,6,19,24592,27579,0,CAPACITY_EXCEEDED,INVALID
693,2,6,20,25096,28027,0,CAPACITY_EXCEEDED,INVALID
694,2,6,21,25413,28378,0,CAPACITY_EXCEEDED,INVALID
695,2,6,22,25518,28408,0,CAPACITY_EXCEEDED,INVALID
696,2,6,23,25641,28608,0,CAPACITY_EXCEEDED,INVALID
697,2,6,24,25667,28599,0,CAPACITY_EXCEEDED,INVALID
698,2,6,25,24699,27602,0,CAPACITY_EXCEEDED,INVALID
699,2,6,26,24180,27096,0,CAPACITY_EXCEEDED,INVALID
700,2,6,27,25458,28441,0,CAPACITY_EXCEEDED,INVALID
701,2,6,28,25292,28181,0,CAPACITY_EXCEEDED,INVALID
702,2,6,29,24964,27898,0,CAPACITY_EXCEEDED,INVALID
703,2,6,30,25260,28191,0,CAPACITY_EXCEEDED,INVALID
704,2,6,31,24876,27809,0,CAPACITY_EXCEEDED,INVALID
705,2,6,32,25721,28650,0,CAPACITY_EXCEEDED,INVALID
706,2,6,33,23920,26829,0,CAPACITY_EXCEEDED,INVALID
707,2,6,34,25334,28245,0,CAPACITY_EXCEEDED,INVALID
708,2,6,35,25087,27980,0,CAPACITY_EXCEEDED,INVALID
709,2,6,36,23877,26774,1,FEASIBLE,WORSE
710,2,6,37,24213,27183,0,CAPACITY_EXCEEDED,INVALID
711,2,6,38,23903,26787,0,CAPACITY_EXCEEDED,INVALID
712,2,6,39,25635,28598,0,CAPACITY_EXCEEDED,INVALID
713,2,6,40,24277,27179,0,CAPACITY_EXCEEDED,INVALID
714,2,6,41,24372,27324,0,CAPACITY_EXCEEDED,INVALID
715,2,6,42,24187,27112,0,CAPACITY_EXCEEDED,INVALID
716,2,6,43,24354,27288,0,CAPACITY_EXCEEDED,INVALID
717,2,6,44,24948,27930,0,CAPACITY_EXCEEDED,INVALID
718,2,6,45,25092,27993,0,CAPACITY_EXCEEDED,INVALID
719,2,6,46,25599,28524,0,CAPACITY_EXCEEDED,INVALID
720,2,6,47,24742,27643,0,CAPACITY_EXCEEDED,INVALID
721,2,6,48,24739,27636,0,CAPACITY_EXCEEDED,INVALID
722,2,6,49,24159,27057,0,CAPACITY_EXCEEDED,INVALID
723,2,6,50,25067,28017,0,CAPACITY_EXCEEDED,INVALID
724,2,6,51,24251,27202,0,CAPACITY_EXCEEDED,INVALID
725,2,6,52,24314,27237,0,CAPACITY_EXCEEDED,INVALID
726,2,6,53,24443,27397,0,CAPACITY_EXCEEDED,INVALID
727,2,6,54,23788,26708,1,FEASIBLE,WORSE
728,2,6,55,24590,27567,0,CAPACITY_EXCEEDED,INVALID
729,2,6,56,24373,27325,0,CAPACITY_EXCEEDED,INVALID
730,2,6,57,24583,27529,0,CAPACITY_EXCEEDED,INVALID
731,2,6,58,25419,28355,0,CAPACITY_EXCEEDED,INVALID
732,2,6,59,24509,27407,0,CAPACITY_EXCEEDED,INVALID
733,2,6,60,24430,27321,0,CAPACITY_EXCEEDED,INVALID
734,2,6,61,25533,28430,0,CAPACITY_EXCEEDED,INVALID
735,2,6,62,24465,27353,0,CAPACITY_EXCEEDED,INVALID
736,2,6,63,24227,27117,0,CAPACITY_EXCEEDED,INVALID
737,2,6,64,23881,26830,1,FEASIBLE,WORSE
738,2,6,65,24887,27778,0,CAPACITY_EXCEEDED,INVALID
739,2,6,66,24724,27623,0,CAPACITY_EXCEEDED,INVALID
740,2,6,67,25015,27923,0,CAPACITY_EXCEEDED,INVALID
741,2,6,68,24020,26909,0,CAPACITY_EXCEEDED,INVALID
742,2,6,69,24170,27119,0,CAPACITY_EXCEEDED,INVALID
743,2,6,70,25024,27919,0,CAPACITY_EXCEEDED,INVALID
744,2,6,71,25118,28034,0,CAPACITY_EXCEEDED,INVALID
745,2,6,72,24608,27564,0,CAPACITY_EXCEEDED,INVALID
746,2,6,73,24326,27295,0,CAPACITY_EXCEEDED,INVALID
747,2,6,74,24743,27662,0,CAPACITY_EXCEEDED,INVALID
748,2,6,75,24088,26985,0,CAPACITY_EXCEEDED,INVALID
749,2,6,76,25682,28608,0,CAPACITY_EXCEEDED,INVALID
750,2,6,77,25741,28624,0,CAPACITY_EXCEEDED,INVALID
751,2,6,78,24051,26949,0,CAPACITY_EXCEEDED,INVALID
752,2,6,79,25746,28631,0,CAPACITY_EXCEEDED,INVALID
753,2,6,80,24767,27664,0,CAPACITY_EXCEEDED,INVALID
754,2,6,81,25075,27981,0,CAPACITY_EXCEEDED,INVALID
755,2,6,82,23819,26740,1,FEASIBLE,WORSE
756,2,6,83,24010,26936,0,CAPACITY_EXCEEDED,INVALID
757,2,6,84,24375,27282,0,CAPACITY_EXCEEDED,INVALID
758,2,6,85,25730,28723,0,CAPACITY_EXCEEDED,INVALID
759,2,6,86,24165,27072,0,CAPACITY_EXCEEDED,INVALID
760,2,6,87,25604,28527,0,CAPACITY_EXCEEDED,INVALID
761,2,6,88,24492,27441,0,CAPACITY_EXCEEDED,INVALID
762,2,6,89,24978,27927,0,CAPACITY_EXCEEDED,INVALID
763,2,6,90,24341,27245,0,CAPACITY_EXCEEDED,INVALID
764,2,6,91,24649,27577,0,CAPACITY_EXCEEDED,INVALID
765,2,6,92,25168,28145,0,CAPACITY_EXCEEDED,INVALID
766,2,6,93,25748,28736,0,CAPACITY_EXCEEDED,INVALID
767,2,6,94,25118,28006,0,CAPACITY_EXCEEDED,INVALID
768,2,6,95,24776,27765,0,CAPACITY_EXCEEDED,INVALID
769,2,6,96,24741,27682,0,CAPACITY_EXCEEDED,INVALID
770,2,6,97,24616,27601,0,CAPACITY_EXCEEDED,INVALID
771,2,6,98,24002,26912,0,CAPACITY_EXCEEDED,INVALID
772,2,6,99,24423,27384,0,CAPACITY_EXCEEDED,INVALID
773,2,7,8,23903,26872,0,CAPACITY_EXCEEDED,INVALID
774,2,7,9,24891,27826,0,CAPACITY_EXCEEDED,INVALID
775,2,7,10,25206,28119,0,CAPACITY_EXCEEDED,INVALID
776,2,7,11,24946,27949,0,CAPACITY_EXCEEDED,INVALID
777,2,7,12,24842,27797,0,CAPACITY_EXCEEDED,INVALID
778,2,7,13,24562,27467,0,CAPACITY_EXCEEDED,INVALID
779,2,7,14,24884,27813,0,CAPACITY_EXCEEDED,INVALID
780,2,7,15,25597,28608,0,CAPACITY_EXCEEDED,INVALID
781,2,7,16,23840,26790,1,FEASIBLE,WORSE
782,2,7,17,25476,28463,0,CAPACITY_EXCEEDED,INVALID
783,2,7,18,23868,26775,1,FEASIBLE,WORSE
784,2,7,19,24475,27484,0,CAPACITY_EXCEEDED,INVALID
785,2,7,20,24979,27932,0,CAPACITY_EXCEEDED,INVALID
786,2,7,21,25296,28283,0,CAPACITY_EXCEEDED,INVALID
787,2,7,22,25401,28313,0,CAPACITY_EXCEEDED,INVALID
788,2,7,23,25524,28513,0,CAPACITY_EXCEEDED,INVALID
789,2,7,24,25550,28504,0,CAPACITY_EXCEEDED,INVALID
790,2,7,25,24582,27507,0,CAPACITY_EXCEEDED,INVALID
791,2,7,26,24063,27001,0,CAPACITY_EXCEEDED,INVALID
792,2,7,27,25341,28346,0,CAPACITY_EXCEEDED,INVALID
793,2,7,28,25175,28086,0,CAPACITY_EXCEEDED,INVALID
794,2,7,29,24847,27803,0,CAPACITY_EXCEEDED,INVALID
795,2,7,30,25143,28096,0,CAPACITY_EXCEEDED,INVALID
796,2,7,31,24759,27714,0,CAPACITY_EXCEEDED,INVALID
797,2,7,32,25604,28555,0,CAPACITY_EXCEEDED,INVALID
798,2,7,33,23803,26734,1,FEASIBLE,WORSE
799,2,7,34,25217,28150,0,CAPACITY_EXCEEDED,INVALID
800,2,7,35,24970,27885,0,CAPACITY_EXCEEDED,INVALID
801,2,7,36,23760,26679,1,FEASIBLE,WORSE
802,2,7,37,24096,27088,0,CAPACITY_EXCEEDED,INVALID
803,2,7,38,23786,26692,1,FEASIBLE,WORSE
804,2,7,39,25518,28503,0,CAPACITY_EXCEEDED,INVALID
805,2,7,40,24160,27084,0,CAPACITY_EXCEEDED,INVALID
806,2,7,41,24255,27229,0,CAPACITY_EXCEEDED,INVALID
807,2,7,42,24070,27017,0,CAPACITY_EXCEEDED,INVALID
808,2,7,43,24237,27193,0,CAPACITY_EXCEEDED,INVALID
809,2,7,44,24831,27835,0,CAPACITY_EXCEEDED,INVALID
810,2,7,45,24975,27898,0,CAPACITY_EXCEEDED,INVALID
811,2,7,46,25482,28429,0,CAPACITY_EXCEEDED,INVALID
812,2,7,47,24625,27548,0,CAPACITY_EXCEEDED,INVALID
813,2,7,48,24622,27541,0,CAPACITY_EXCEEDED,INVALID
814,2,7,49,24042,26962,0,CAPACITY_EXCEEDED,INVALID
815,2,7,50,24950,27922,0,CAPACITY_EXCEEDED,INVALID
816,2,7,51,24134,27107,0,CAPACITY_EXCEEDED,INVALID
817,2,7,52,24197,27142,0,CAPACITY_EXCEEDED,INVALID
818,2,7,53,24326,27302,0,CAPACITY_EXCEEDED,INVALID
819,2,7,54,23671,26613,1,FEASIBLE,WORSE
820,2,7,55,24473,27472,0,CAPACITY_EXCEEDED,INVALID
821,2,7,56,24256,27230,0,CAPACITY_EXCEEDED,INVALID
822,2,7,57,24466,27434,0,CAPACITY_EXCEEDED,INVALID
823,2,7,58,25302,28260,0,CAPACITY_EXCEEDED,INVALID
824,2,7,59,24392,27312,0,CAPACITY_EXCEEDED,INVALID
825,2,7,60,24313,27226,0,CAPACITY_EXCEEDED,INVALID
826,2,7,61,25416,28335,0,CAPACITY_EXCEEDED,INVALID
827,2,7,62,24348,27258,0,CAPACITY_EXCEEDED,INVALID
828,2,7,63,24110,27022,0,CAPACITY_EXCEEDED,INVALID
829,2,7,64,23764,26735,1,FEASIBLE,WORSE
830,2,7,65,24770,27683,0,CAPACITY_EXCEEDED,INVALID
831,2,7,66,24607,27528,0,CAPACITY_EXCEEDED,INVALID
832,2,7,67,24898,27828,0,CAPACITY_EXCEEDED,INVALID
833,2,7,68,23903,26814,0,CAPACITY_EXCEEDED,INVALID
834,2,7,69,24053,27024,0,CAPACITY_EXCEEDED,INVALID
835,2,7,70,24907,27824,0,CAPACITY_EXCEEDED,INVALID
836,2,7,71,25001,27939,0,CAPACITY_EXCEEDED,INVALID
837,2,7,72,24491,27469,0,CAPACITY_EXCEEDED,INVALID
838,2,7,73,24209,27200,0,CAPACITY_EXCEEDED,INVALID
839,2,7,74,24626,27567,0,CAPACITY_EXCEEDED,INVALID
840,2,7,75,23971,26890,0,CAPACITY_EXCEEDED,INVALID
841,2,7,76,25565,28513,0,CAPACITY_EXCEEDED,INVALID
842,2,7,77,25624,28529,0,CAPACITY_EXCEEDED,INVALID
843,2,7,78,23934,26854,0,CAPACITY_EXCEEDED,INVALID
844,2,7,79,25629,28536,0,CAPACITY_EXCEEDED,INVALID
845,2,7,80,24650,27569,0,CAPACITY_EXCEEDED,INVALID
846,2,7,81,24958,27886,0,CAPACITY_EXCEEDED,INVALID
847,2,7,82,23702,26645,1,FEASIBLE,WORSE
848,2,7,83,23893,26841,0,CAPACITY_EXCEEDED,INVALID
849,2,7,84,24258,27187,0,CAPACITY_EXCEEDED,INVALID
850,2,7,85,25613,28628,0,CAPACITY_EXCEEDED,INVALID
851,2,7,86,24048,26977,0,CAPACITY_EXCEEDED,INVALID
852,2,7,87,25487,28432,0,CAPACITY_EXCEEDED,INVALID
853,2,7,88,24375,27346,0,CAPACITY_EXCEEDED,INVALID
854,2,7,89,24861,27832,0,CAPACITY_EXCEEDED,INVALID
855,2,7,90,24224,27150,0,CAPACITY_EXCEEDED,INVALID
856,2,7,91,24532,27482,0,CAPACITY_EXCEEDED,INVALID
857,2,7,92,25051,28050,0,CAPACITY_EXCEEDED,INVALID
858,2,7,93,25631,28641,0,CAPACITY_EXCEEDED,INVALID
859,2,7,94,25001,27911,0,CAPACITY_EXCEEDED,INVALID
860,2,7,95,24659,27670,0,CAPACITY_EXCEEDED,INVALID
861,2,7,96,24624,27587,0,CAPACITY_EXCEEDED,INVALID
862,2,7,97,24499,27506,0,CAPACITY_EXCEEDED,INVALID
863,2,7,98,23885,26817,0,CAPACITY_EXCEEDED,INVALID
864,2,7,99,24306,27289,0,CAPACITY_EXCEEDED,INVALID
865,2,8,9,23324,26290,1,FEASIBLE,WORSE
866,2,8,10,23639,26583,1,FEASIBLE,WORSE
867,2,8,11,23379,26413,1,FEASIBLE,WORSE
868,2,8,12,23275,26261,1,FEASIBLE,WORSE
869,2,8,13,22995,25931,1,FEASIBLE,WORSE
870,2,8,14,23317,26277,1,FEASIBLE,WORSE
871,2,8,15,24030,27072,0,CAPACITY_EXCEEDED,INVALID
872,2,8,16,22273,25254,1,FEASIBLE,WORSE
873,2,8,17,23909,26927,0,CAPACITY_EXCEEDED,INVALID
874,2,8,18,22301,25239,1,FEASIBLE,WORSE
875,2,8,19,22908,25948,1,FEASIBLE,WORSE
876,2,8,20,23412,26396,1,FEASIBLE,WORSE
877,2,8,21,23729,26747,1,FEASIBLE,WORSE
878,2,8,22,23834,26777,1,FEASIBLE,WORSE
879,2,8,23,23957,26977,0,CAPACITY_EXCEEDED,INVALID
880,2,8,24,23983,26968,0,CAPACITY_EXCEEDED,INVALID
881,2,8,25,23015,25971,1,FEASIBLE,WORSE
882,2,8,26,22496,25465,1,FEASIBLE,WORSE
883,2,8,27,23774,26810,1,FEASIBLE,WORSE
884,2,8,28,23608,26550,1,FEASIBLE,WORSE
885,2,8,29,23280,26267,1,FEASIBLE,WORSE
886,2,8,30,23576,26560,1,FEASIBLE,WORSE
887,2,8,31,23192,26178,1,FEASIBLE,WORSE
888,2,8,32,24037,27019,0,CAPACITY_EXCEEDED,INVALID
889,2,8,33,22236,25198,1,FEASIBLE,WORSE
890,2,8,34,23650,26614,1,FEASIBLE,WORSE
891,2,8,35,23403,26349,1,FEASIBLE,WORSE
892,2,8,36,22193,25143,1,FEASIBLE,WORSE
893,2,8,37,22529,25552,1,FEASIBLE,WORSE
894,2,8,38,22219,25156,1,FEASIBLE,WORSE
895,2,8,39,23951,26967,0,CAPACITY_EXCEEDED,INVALID
896,2,8,40,22593,25548,1,FEASIBLE,WORSE
897,2,8,41,22688,25693,1,FEASIBLE,WORSE
898,2,8,42,22503,25481,1,FEASIBLE,WORSE
899,2,8,43,22670,25657,1,FEASIBLE,WORSE
900,2,8,44,23264,26299,1,FEASIBLE,WORSE
901,2,8,45,23408,26362,1,FEASIBLE,WORSE
902,2,8,46,23915,26893,0,CAPACITY_EXCEEDED,INVALID
903,2,8,47,23058,26012,1,FEASIBLE,WORSE
904,2,8,48,23055,26005,1,FEASIBLE,WORSE
905,2,8,49,22475,25426,1,FEASIBLE,WORSE
906,2,8,50,23383,26386,1,FEASIBLE,WORSE
907,2,8,51,22567,25571,1,FEASIBLE,WORSE
908,2,8,52,22630,25606,1,FEASIBLE,WORSE
909,2,8,53,22759,25766,1,FEASIBLE,WORSE
910,2,8,54,22104,25077,1,FEASIBLE,WORSE
911,2,8,55,22906,25936,1,FEASIBLE,WORSE
912,2,8,56,22689,25694,1,FEASIBLE,WORSE
913,2,8,57,22899,25898,1,FEASIBLE,WORSE
914,2,8,58,23735,26724,1,FEASIBLE,WORSE
915,2,8,59,22825,25776,1,FEASIBLE,WORSE
916,2,8,60,22746,25690,1,FEASIBLE,WORSE
917,2,8,61,23849,26799,1,FEASIBLE,WORSE
918,2,8,62,22781,25722,1,FEASIBLE,WORSE
919,2,8,63,22543,25486,1,FEASIBLE,WORSE
920,2,8,64,22197,25199,1,FEASIBLE,WORSE
921,2,8,65,23203,26147,1,FEASIBLE,WORSE
922,2,8,66,23040,25992,1,FEASIBLE,WORSE
923,2,8,67,23331,26292,1,FEASIBLE,WORSE
924,2,8,68,22336,25278,1,FEASIBLE,WORSE
925,2,8,69,22486,25488,1,FEASIBLE,WORSE
926,2,8,70,23340,26288,1,FEASIBLE,WORSE
927,2,8,71,23434,26403,1,FEASIBLE,WORSE
928,2,8,72,22924,25933,1,FEASIBLE,WORSE
929,2,8,73,22642,25664,1,FEASIBLE,WORSE
930,2,8,74,23059,26031,1,FEASIBLE,WORSE
931,2,8,75,22404,25354,1,FEASIBLE,WORSE
932,2,8,76,23998,26977,0,CAPACITY_EXCEEDED,INVALID
933,2,8,77,24057,26993,0,CAPACITY_EXCEEDED,INVALID
934,2,8,78,22367,25318,1,FEASIBLE,WORSE
935,2,8,79,24062,27000,0,CAPACITY_EXCEEDED,INVALID
936,2,8,80,23083,26033,1,FEASIBLE,WORSE
937,2,8,81,23391,26350,1,FEASIBLE,WORSE
938,2,8,82,22135,25109,1,FEASIBLE,WORSE
939,2,8,83,22326,25305,1,FEASIBLE,WORSE
940,2,8,84,22691,25651,1,FEASIBLE,WORSE
941,2,8,85,24046,27092,0,CAPACITY_EXCEEDED,INVALID
942,2,8,86,22481,25441,1,FEASIBLE,WORSE
943,2,8,87,23920,26896,0,CAPACITY_EXCEEDED,INVALID
944,2,8,88,22808,25810,1,FEASIBLE,WORSE
945,2,8,89,23294,26296,1,FEASIBLE,WORSE
946,2,8,90,22657,25614,1,FEASIBLE,WORSE
947,2,8,91,22965,25946,1,FEASIBLE,WORSE
948,2,8,92,23484,26514,1,FEASIBLE,WORSE
949,2,8,93,24064,27105,0,CAPACITY_EXCEEDED,INVALID
950,2,8,94,23434,26375,1,FEASIBLE,WORSE
951,2,8,95,23092,26134,1,FEASIBLE,WORSE
952,2,8,96,23057,26051,1,FEASIBLE,WORSE
953,2,8,97,22932,25970,1,FEASIBLE,WORSE
954,2,8,98,22318,25281,1,FEASIBLE,WORSE
955,2,8,99,22739,25753,1,FEASIBLE,WORSE
956,2,9,10,24627,27537,0,CAPACITY_EXCEEDED,INVALID
957,2,9,11,24367,27367,0,CAPACITY_EXCEEDED,INVALID
958,2,9,12,24263,27215,0,CAPACITY_EXCEEDED,INVALID
959,2,9,13,23983,26885,0,CAPACITY_EXCEEDED,INVALID
960,2,9,14,24305,27231,0,CAPACITY_EXCEEDED,INVALID
961,2,9,15,25018,28026,0,CAPACITY_EXCEEDED,INVALID
962,2,9,16,23261,26208,1,FEASIBLE,WORSE
963,2,9,17,24897,27881,0,CAPACITY_EXCEEDED,INVALID
964,2,9,18,23289,26193,1,FEASIBLE,WORSE
965,2,9,19,23896,26902,0,CAPACITY_EXCEEDED,INVALID
966,2,9,20,24400,27350,0,CAPACITY_EXCEEDED,INVALID
967,2,9,21,24717,27701,0,CAPACITY_EXCEEDED,INVALID
968,2,9,22,24822,27731,0,CAPACITY_EXCEEDED,INVALID
969,2,9,23,24945,27931,0,CAPACITY_EXCEEDED,INVALID
970,2,9,24,24971,27922,0,CAPACITY_EXCEEDED,INVALID
971,2,9,25,24003,26925,0,CAPACITY_EXCEEDED,INVALID
972,2,9,26,23484,26419,1,FEASIBLE,WORSE
973,2,9,27,24762,27764,0,CAPACITY_EXCEEDED,INVALID
974,2,9,28,24596,27504,0,CAPACITY_EXCEEDED,INVALID
975,2,9,29,24268,27221,0,CAPACITY_EXCEEDED,INVALID
976,2,9,30,24564,27514,0,CAPACITY_EXCEEDED,INVALID
977,2,9,31,24180,27132,0,CAPACITY_EXCEEDED,INVALID
978,2,9,32,25025,27973,0,CAPACITY_EXCEEDED,INVALID
979,2,9,33,23224,26152,1,FEASIBLE,WORSE
980,2,9,34,24638,27568,0,CAPACITY_EXCEEDED,INVALID
981,2,9,35,24391,27303,0,CAPACITY_EXCEEDED,INVALID
982,2,9,36,23181,26097,1,FEASIBLE,WORSE
983,2,9,37,23517,26506,1,FEASIBLE,WORSE
984,2,9,38,23207,26110,1,FEASIBLE,WORSE
985,2,9,39,24939,27921,0,CAPACITY_EXCEEDED,INVALID
986,2,9,40,23581,26502,1,FEASIBLE,WORSE
987,2,9,41,23676,26647,1,FEASIBLE,WORSE
988,2,9,42,23491,26435,1,FEASIBLE,WORSE
989,2,9,43,23658,26611,1,FEASIBLE,WORSE
990,2,9,44,24252,27253,0,CAPACITY_EXCEEDED,INVALID
991,2,9,45,24396,27316,0,CAPACITY_EXCEEDED,INVALID
992,2,9,46,24903,27847,0,CAPACITY_EXCEEDED,INVALID
993,2,9,47,24046,26966,0,CAPACITY_EXCEEDED,INVALID
994,2,9,48,24043,26959,0,CAPACITY_EXCEEDED,INVALID
995,2,9,49,23463,26380,1,FEASIBLE,WORSE
996,2,9,50,24371,27340,0,CAPACITY_EXCEEDED,INVALID
997,2,9,51,23555,26525,1,FEASIBLE,WORSE
998,2,9,52,23618,26560,1,FEASIBLE,WORSE
999,2,9,53,23747,26720,1,FEASIBLE,WORSE
1000,2,9,54,23092,26031,1,FEASIBLE,WORSE
1001,2,9,55,23894,26890,0,CAPACITY_EXCEEDED,INVALID
1002,2,9,56,23677,26648,1,FEASIBLE,WORSE
1003,2,9,57,23887,26852,0,CAPACITY_EXCEEDED,INVALID
1004,2,9,58,24723,27678,0,CAPACITY_EXCEEDED,INVALID
1005,2,9,59,23813,26730,1,FEASIBLE,WORSE
1006,2,9,60,23734,26644,1,FEASIBLE,WORSE
1007,2,9,61,24837,27753,0,CAPACITY_EXCEEDED,INVALID
1008,2,9,62,23769,26676,1,FEASIBLE,WORSE
1009,2,9,63,23531,26440,1,FEASIBLE,WORSE
1010,2,9,64,23185,26153,1,FEASIBLE,WORSE
1011,2,9,65,24191,27101,0,CAPACITY_EXCEEDED,INVALID
1012,2,9,66,24028,26946,0,CAPACITY_EXCEEDED,INVALID
1013,2,9,67,24319,27246,0,CAPACITY_EXCEEDED,INVALID
1014,2,9,68,23324,26232,1,FEASIBLE,WORSE
1015,2,9,69,23474,26442,1,FEASIBLE,WORSE
1016,2,9,70,24328,27242,0,CAPACITY_EXCEEDED,INVALID
1017,2,9,71,24422,27357,0,CAPACITY_EXCEEDED,INVALID
1018,2,9,72,23912,26887,0,CAPACITY_EXCEEDED,INVALID
1019,2,9,73,23630,26618,1,FEASIBLE,WORSE
1020,2,9,74,24047,26985,0,CAPACITY_EXCEEDED,INVALID
1021,2,9,75,23392,26308,1,FEASIBLE,WORSE
1022,2,9,76,24986,27931,0,CAPACITY_EXCEEDED,INVALID
1023,2,9,77,25045,27947,0,CAPACITY_EXCEEDED,INVALID
1024,2,9,78,23355,26272,1,FEASIBLE,WORSE
1025,2,9,79,25050,27954,0,CAPACITY_EXCEEDED,INVALID
1026,2,9,80,24071,26987,0,CAPACITY_EXCEEDED,INVALID
1027,2,9,81,24379,27304,0,CAPACITY_EXCEEDED,INVALID
1028,2,9,82,23123,26063,1,FEASIBLE,WORSE
1029,2,9,83,23314,26259,1,FEASIBLE,WORSE
1030,2,9,84,23679,26605,1,FEASIBLE,WORSE
1031,2,9,85,25034,28046,0,CAPACITY_EXCEEDED,INVALID
1032,2,9,86,23469,26395,1,FEASIBLE,WORSE
1033,2,9,87,24908,27850,0,CAPACITY_EXCEEDED,INVALID
1034,2,9,88,23796,26764,1,FEASIBLE,WORSE
1035,2,9,89,24282,27250,0,CAPACITY_EXCEEDED,INVALID
1036,2,9,90,23645,26568,1,FEASIBLE,WORSE
1037,2,9,91,23953,26900,0,CAPACITY_EXCEEDED,INVALID
1038,2,9,92,24472,27468,0,CAPACITY_EXCEEDED,INVALID
1039,2,9,93,25052,28059,0,CAPACITY_EXCEEDED,INVALID
1040,2,9,94,24422,27329,0,CAPACITY_EXCEEDED,INVALID
1041,2,9,95,24080,27088,0,CAPACITY_EXCEEDED,INVALID
1042,2,9,96,24045,27005,0,CAPACITY_EXCEEDED,INVALID
1043,2,9,97,23920,26924,0,CAPACITY_EXCEEDED,INVALID
1044,2,9,98,23306,26235,1,FEASIBLE,WORSE
1045,2,9,99,23727,26707,1,FEASIBLE,WORSE
1046,2,10,11,24682,27660,0,CAPACITY_EXCEEDED,INVALID
1047,2,10,12,24578,27508,0,CAPACITY_EXCEEDED,INVALID
1048,2,10,13,24298,27178,0,CAPACITY_EXCEEDED,INVALID
1049,2,10,14,24620,27524,0,CAPACITY_EXCEEDED,INVALID
1050,2,10,15,25333,28319,0,CAPACITY_EXCEEDED,INVALID
1051,2,10,16,23576,26501,1,FEASIBLE,WORSE
1052,2,10,17,25212,28174,0,CAPACITY_EXCEEDED,INVALID
1053,2,10,18,23604,26486,1,FEASIBLE,WORSE
1054,2,10,19,24211,27195,0,CAPACITY_EXCEEDED,INVALID
1055,2,10,20,24715,27643,0,CAPACITY_EXCEEDED,INVALID
1056,2,10,21,25032,27994,0,CAPACITY_EXCEEDED,INVALID
1057,2,10,22,25137,28024,0,CAPACITY_EXCEEDED,INVALID
1058,2,10,23,25260,28224,0,CAPACITY_EXCEEDED,INVALID
1059,2,10,24,25286,28215,0,CAPACITY_EXCEEDED,INVALID
1060,2,10,25,24318,27218,0,CAPACITY_EXCEEDED,INVALID
1061,2,10,26,23799,26712,1,FEASIBLE,WORSE
1062,2,10,27,25077,28057,0,CAPACITY_EXCEEDED,INVALID
1063,2,10,28,24911,27797,0,CAPACITY_EXCEEDED,INVALID
1064,2,10,29,24583,27514,0,CAPACITY_EXCEEDED,INVALID
1065,2,10,30,24879,27807,0,CAPACITY_EXCEEDED,INVALID
1066,2,10,31,24495,27425,0,CAPACITY_EXCEEDED,INVALID
1067,2,10,32,25340,28266,0,CAPACITY_EXCEEDED,INVALID
1068,2,10,33,23539,26445,1,FEASIBLE,WORSE
1069,2,10,34,24953,27861,0,CAPACITY_EXCEEDED,INVALID
1070,2,10,35,24706,27596,0,CAPACITY_EXCEEDED,INVALID
1071,2,10,36,23496,26390,1,FEASIBLE,WORSE
1072,2,10,37,23832,26799,1,FEASIBLE,WORSE
1073,2,10,38,23522,26403,1,FEASIBLE,WORSE
1074,2,10,39,25254,28214,0,CAPACITY_EXCEEDED,INVALID
1075,2,10,40,23896,26795,0,CAPACITY_EXCEEDED,INVALID
1076,2,10,41,23991,26940,0,CAPACITY_EXCEEDED,INVALID
1077,2,10,42,23806,26728,1,FEASIBLE,WORSE
1078,2,10,43,23973,26904,0,CAPACITY_EXCEEDED,INVALID
1079,2,10,44,24567,27546,0,CAPACITY_EXCEEDED,INVALID
1080,2,10,45,24711,27609,0,CAPACITY_EXCEEDED,INVALID
1081,2,10,46,25218,28140,0,CAPACITY_EXCEEDED,INVALID
1082,2,10,47,24361,27259,0,CAPACITY_EXCEEDED,INVALID
1083,2,10,48,24358,27252,0,CAPACITY_EXCEEDED,INVALID
1084,2,10,49,23778,26673,1,FEASIBLE,WORSE
1085,2,10,50,24686,27633,0,CAPACITY_EXCEEDED,INVALID
1086,2,10,51,23870,26818,1,FEASIBLE,WORSE
1087,2,10,52,23933,26853,0,CAPACITY_EXCEEDED,INVALID
1088,2,10,53,24062,27013,0,CAPACITY_EXCEEDED,INVALID
1089,2,10,54,23407,26324,1,FEASIBLE,WORSE
1090,2,10,55,24209,27183,0,CAPACITY_EXCEEDED,INVALID
1091,2,10,56,23992,26941,0,CAPACITY_EXCEEDED,INVALID
1092,2,10,57,24202,27145,0,CAPACITY_EXCEEDED,INVALID
1093,2,10,58,25038,27971,0,CAPACITY_EXCEEDED,INVALID
1094,2,10,59,24128,27023,0,CAPACITY_EXCEEDED,INVALID
1095,2,10,60,24049,26937,0,CAPACITY_EXCEEDED,INVALID
1096,2,10,61,25152,28046,0,CAPACITY_EXCEEDED,INVALID
1097,2,10,62,24084,26969,0,CAPACITY_EXCEEDED,INVALID
1098,2,10,63,23846,26733,1,FEASIBLE,WORSE
1099,2,10,64,23500,26446,1,FEASIBLE,WORSE
1100,2,10,65,24506,27394,0,CAPACITY_EXCEEDED,INVALID
1101,2,10,66,24343,27239,0,CAPACITY_EXCEEDED,INVALID
1102,2,10,67,24634,27539,0,CAPACITY_EXCEEDED,INVALID
1103,2,10,68,23639,26525,1,FEASIBLE,WORSE
1104,2,10,69,23789,26735,1,FEASIBLE,WORSE
1105,2,10,70,24643,27535,0,CAPACITY_EXCEEDED,INVALID
1106,2,10,71,24737,27650,0,CAPACITY_EXCEEDED,INVALID
1107,2,10,72,24227,27180,0,CAPACITY_EXCEEDED,INVALID
1108,2,10,73,23945,26911,0,CAPACITY_EXCEEDED,INVALID
1109,2,10,74,24362,27278,0,CAPACITY_EXCEEDED,INVALID
1110,2,10,75,23707,26601,1,FEASIBLE,WORSE
1111,2,10,76,25301,28224,0,CAPACITY_EXCEEDED,INVALID
1112,2,10,77,25360,28240,0,CAPACITY_EXCEEDED,INVALID
1113,2,10,78,23670,26565,1,FEASIBLE,WORSE
1114,2,10,79,25365,28247,0,CAPACITY_EXCEEDED,INVALID
1115,2,10,80,24386,27280,0,CAPACITY_EXCEEDED,INVALID
1116,2,10,81,24694,27597,0,CAPACITY_EXCEEDED,INVALID
1117,2,10,82,23438,26356,1,FEASIBLE,WORSE
1118,2,10,83,23629,26552,1,FEASIBLE,WORSE
1119,2,10,84,23994,26898,0,CAPACITY_EXCEEDED,INVALID
1120,2,10,85,25349,28339,0,CAPACITY_EXCEEDED,INVALID
1121,2,10,86,23784,26688,1,FEASIBLE,WORSE
1122,2,10,87,25223,28143,0,CAPACITY_EXCEEDED,INVALID
1123,2,10,88,24111,27057,0,CAPACITY_EXCEEDED,INVALID
1124,2,10,89,24597,27543,0,CAPACITY_EXCEEDED,INVALID
1125,2,10,90,23960,26861,0,CAPACITY_EXCEEDED,INVALID
1126,2,10,91,24268,27193,0,CAPACITY_EXCEEDED,INVALID
1127,2,10,92,24787,27761,0,CAPACITY_EXCEEDED,INVALID
1128,2,10,93,25367,28352,0,CAPACITY_EXCEEDED,INVALID
1129,2,10,94,24737,27622,0,CAPACITY_EXCEEDED,INVALID
1130,2,10,95,24395,27381,0,CAPACITY_EXCEEDED,INVALID
1131,2,10,96,24360,27298,0,CAPACITY_EXCEEDED,INVALID
1132,2,10,97,24235,27217,0,CAPACITY_EXCEEDED,INVALID
1133,2,10,98,23621,26528,1,FEASIBLE,WORSE
1134,2,10,99,24042,27000,0,CAPACITY_EXCEEDED,INVALID
1135,2,11,12,24318,27338,0,CAPACITY_EXCEEDED,INVALID
1136,2,11,13,24038,27008,0,CAPACITY_EXCEEDED,INVALID
1137,2,11,14,24360,27354,0,CAPACITY_EXCEEDED,INVALID
1138,2,11,15,25073,28149,0,CAPACITY_EXCEEDED,INVALID
1139,2,11,16,23316,26331,1,FEASIBLE,WORSE
1140,2,11,17,24952,28004,0,CAPACITY_EXCEEDED,INVALID
1141,2,11,18,23344,26316,1,FEASIBLE,WORSE
1142,2,11,19,23951,27025,0,CAPACITY_EXCEEDED,INVALID
1143,2,11,20,24455,27473,0,CAPACITY_EXCEEDED,INVALID
1144,2,11,21,24772,27824,0,CAPACITY_EXCEEDED,INVALID
1145,2,11,22,24877,27854,0,CAPACITY_EXCEEDED,INVALID
1146,2,11,23,25000,28054,0,CAPACITY_EXCEEDED,INVALID
1147,2,11,24,25026,28045,0,CAPACITY_EXCEEDED,INVALID
1148,2,11,25,24058,27048,0,CAPACITY_EXCEEDED,INVALID
1149,2,11,26,23539,26542,1,FEASIBLE,WORSE
1150,2,11,27,24817,27887,0,CAPACITY_EXCEEDED,INVALID
1151,2,11,28,24651,27627,0,CAPACITY_EXCEEDED,INVALID
1152,2,11,29,24323,27344,0,CAPACITY_EXCEEDED,INVALID
1153,2,11,30,24619,27637,0,CAPACITY_EXCEEDED,INVALID
1154,2,11,31,24235,27255,0,CAPACITY_EXCEEDED,INVALID
1155,2,11,32,25080,28096,0,CAPACITY_EXCEEDED,INVALID
1156,2,11,33,23279,26275,1,FEASIBLE,WORSE
1157,2,11,34,24693,27691,0,CAPACITY_EXCEEDED,INVALID
1158,2,11,35,24446,27426,0,CAPACITY_EXCEEDED,INVALID
1159,2,11,36,23236,26220,1,FEASIBLE,WORSE
1160,2,11,37,23572,26629,1,FEASIBLE,WORSE
1161,2,11,38,23262,26233,1,FEASIBLE,WORSE
1162,2,11,39,24994,28044,0,CAPACITY_EXCEEDED,INVALID
1163,2,11,40,23636,26625,1,FEASIBLE,WORSE
1164,2,11,41,23731,26770,1,FEASIBLE,WORSE
1165,2,11,42,23546,26558,1,FEASIBLE,WORSE
1166,2,11,43,23713,26734,1,FEASIBLE,WORSE
1167,2,11,44,24307,27376,0,CAPACITY_EXCEEDED,INVALID
1168,2,11,45,24451,27439,0,CAPACITY_EXCEEDED,INVALID
1169,2,11,46,24958,27970,0,CAPACITY_EXCEEDED,INVALID
1170,2,11,47,24101,27089,0,CAPACITY_EXCEEDED,INVALID
1171,2,11,48,24098,27082,0,CAPACITY_EXCEEDED,INVALID
1172,2,11,49,23518,26503,1,FEASIBLE,WORSE
1173,2,11,50,24426,27463,0,CAPACITY_EXCEEDED,INVALID
1174,2,11,51,23610,26648,1,FEASIBLE,WORSE
1175,2,11,52,23673,26683,1,FEASIBLE,WORSE
1176,2,11,53,23802,26843,1,FEASIBLE,WORSE
1177,2,11,54,23147,26154,1,FEASIBLE,WORSE
1178,2,11,55,23949,27013,0,CAPACITY_EXCEEDED,INVALID
1179,2,11,56,23732,26771,1,FEASIBLE,WORSE
1180,2,11,57,23942,26975,0,CAPACITY_EXCEEDED,INVALID
1181,2,11,58,24778,27801,0,CAPACITY_EXCEEDED,INVALID
1182,2,11,59,23868,26853,1,FEASIBLE,WORSE
1183,2,11,60,23789,26767,1,FEASIBLE,WORSE
1184,2,11,61,24892,27876,0,CAPACITY_EXCEEDED,INVALID
1185,2,11,62,23824,26799,1,FEASIBLE,WORSE
1186,2,11,63,23586,26563,1,FEASIBLE,WORSE
1187,2,11,64,23240,26276,1,FEASIBLE,WORSE
1188,2,11,65,24246,27224,0,CAPACITY_EXCEEDED,INVALID
1189,2,11,66,24083,27069,0,CAPACITY_EXCEEDED,INVALID
1190,2,11,67,24374,27369,0,CAPACITY_EXCEEDED,INVALID
1191,2,11,68,23379,26355,1,FEASIBLE,WORSE
1192,2,11,69,23529,26565,1,FEASIBLE,WORSE
1193,2,11,70,24383,27365,0,CAPACITY_EXCEEDED,INVALID
1194,2,11,71,24477,27480,0,CAPACITY_EXCEEDED,INVALID
1195,2,11,72,23967,27010,0,CAPACITY_EXCEEDED,INVALID
1196,2,11,73,23685,26741,1,FEASIBLE,WORSE
1197,2,11,74,24102,27108,0,CAPACITY_EXCEEDED,INVALID
1198,2,11,75,23447,26431,1,FEASIBLE,WORSE
1199,2,11,76,25041,28054,0,CAPACITY_EXCEEDED,INVALID
1200,2,11,77,25100,28070,0,CAPACITY_EXCEEDED,INVALID
1201,2,11,78,23410,26395,1,FEASIBLE,WORSE
1202,2,11,79,25105,28077,0,CAPACITY_EXCEEDED,INVALID
1203,2,11,80,24126,27110,0,CAPACITY_EXCEEDED,INVALID
1204,2,11,81,24434,27427,0,CAPACITY_EXCEEDED,INVALID
1205,2,11,82,23178,26186,1,FEASIBLE,WORSE
1206,2,11,83,23369,26382,1,FEASIBLE,WORSE
1207,2,11,84,23734,26728,1,FEASIBLE,WORSE
1208,2,11,85,25089,28169,0,CAPACITY_EXCEEDED,INVALID
1209,2,11,86,23524,26518,1,FEASIBLE,WORSE
1210,2,11,87,24963,27973,0,CAPACITY_EXCEEDED,INVALID
1211,2,11,88,23851,26887,1,FEASIBLE,WORSE
1212,2,11,89,24337,27373,0,CAPACITY_EXCEEDED,INVALID
1213,2,11,90,23700,26691,1,FEASIBLE,WORSE
1214,2,11,91,24008,27023,0,CAPACITY_EXCEEDED,INVALID
1215,2,11,92,24527,27591,0,CAPACITY_EXCEEDED,INVALID
1216,2,11,93,25107,28182,0,CAPACITY_EXCEEDED,INVALID
1217,2,11,94,24477,27452,0,CAPACITY_EXCEEDED,INVALID
1218,2,11,95,24135,27211,0,CAPACITY_EXCEEDED,INVALID
1219,2,11,96,24100,27128,0,CAPACITY_EXCEEDED,INVALID
1220,2,11,97,23975,27047,0,CAPACITY_EXCEEDED,INVALID
1221,2,11,98,23361,26358,1,FEASIBLE,WORSE
1222,2,11,99,23782,26830,1,FEASIBLE,WORSE
1223,2,12,13,23934,26856,0,CAPACITY_EXCEEDED,INVALID
1224,2,12,14,24256,27202,0,CAPACITY_EXCEEDED,INVALID
1225,2,12,15,24969,27997,0,CAPACITY_EXCEEDED,INVALID
1226,2,12,16,23212,26179,1,FEASIBLE,WORSE
1227,2,12,17,24848,27852,0,CAPACITY_EXCEEDED,INVALID
1228,2,12,18,23240,26164,1,FEASIBLE,WORSE
1229,2,12,19,23847,26873,1,FEASIBLE,WORSE
1230,2,12,20,24351,27321,0,CAPACITY_EXCEEDED,INVALID
1231,2,12,21,24668,27672,0,CAPACITY_EXCEEDED,INVALID
1232,2,12,22,24773,27702,0,CAPACITY_EXCEEDED,INVALID
1233,2,12,23,24896,27902,0,CAPACITY_EXCEEDED,INVALID
1234,2,12,24,24922,27893,0,CAPACITY_EXCEEDED,INVALID
1235,2,12,25,23954,26896,0,CAPACITY_EXCEEDED,INVALID
1236,2,12,26,23435,26390,1,FEASIBLE,WORSE
1237,2,12,27,24713,27735,0,CAPACITY_EXCEEDED,INVALID
1238,2,12,28,24547,27475,0,CAPACITY_EXCEEDED,INVALID
1239,2,12,29,24219,27192,0,CAPACITY_EXCEEDED,INVALID
1240,2,12,30,24515,27485,0,CAPACITY_EXCEEDED,INVALID
1241,2,12,31,24131,27103,0,CAPACITY_EXCEEDED,INVALID
1242,2,12,32,24976,27944,0,CAPACITY_EXCEEDED,INVALID
1243,2,12,33,23175,26123,1,FEASIBLE,WORSE
1244,2,12,34,24589,27539,0,CAPACITY_EXCEEDED,INVALID
1245,2,12,35,24342,27274,0,CAPACITY_EXCEEDED,INVALID
1246,2,12,36,23132,26068,1,FEASIBLE,WORSE
1247,2,12,37,23468,26477,1,FEASIBLE,WORSE
1248,2,12,38,23158,26081,1,FEASIBLE,WORSE
1249,2,12,39,24890,27892,0,CAPACITY_EXCEEDED,INVALID
1250,2,12,40,23532,26473,1,FEASIBLE,WORSE
1251,2,12,41,23627,26618,1,FEASIBLE,WORSE
1252,2,12,42,23442,26406,1,FEASIBLE,WORSE
1253,2,12,43,23609,26582,1,FEASIBLE,WORSE
1254,2,12,44,24203,27224,0,CAPACITY_EXCEEDED,INVALID
1255,2,12,45,24347,27287,0,CAPACITY_EXCEEDED,INVALID
1256,2,12,46,24854,27818,0,CAPACITY_EXCEEDED,INVALID
1257,2,12,47,23997,26937,0,CAPACITY_EXCEEDED,INVALID
1258,2,12,48,23994,26930,0,CAPACITY_EXCEEDED,INVALID
1259,2,12,49,23414,26351,1,FEASIBLE,WORSE
1260,2,12,50,24322,27311,0,CAPACITY_EXCEEDED,INVALID
1261,2,12,51,23506,26496,1,FEASIBLE,WORSE
1262,2,12,52,23569,26531,1,FEASIBLE,WORSE
1263,2,12,53,23698,26691,1,FEASIBLE,WORSE
1264,2,12,54,23043,26002,1,FEASIBLE,WORSE
1265,2,12,55,23845,26861,1,FEASIBLE,WORSE
1266,2,12,56,23628,26619,1,FEASIBLE,WORSE
1267,2,12,57,23838,26823,1,FEASIBLE,WORSE
1268,2,12,58,24674,27649,0,CAPACITY_EXCEEDED,INVALID
1269,2,12,59,23764,26701,1,FEASIBLE,WORSE
1270,2,12,60,23685,26615,1,FEASIBLE,WORSE
1271,2,12,61,24788,27724,0,CAPACITY_EXCEEDED,INVALID
1272,2,12,62,23720,26647,1,FEASIBLE,WORSE
1273,2,12,63,23482,26411,1,FEASIBLE,WORSE
1274,2,12,64,23136,26124,1,FEASIBLE,WORSE
1275,2,12,65,24142,27072,0,CAPACITY_EXCEEDED,INVALID
1276,2,12,66,23979,26917,0,CAPACITY_EXCEEDED,INVALID
1277,2,12,67,24270,27217,0,CAPACITY_EXCEEDED,INVALID
1278,2,12,68,23275,26203,1,FEASIBLE,WORSE
1279,2,12,69,23425,26413,1,FEASIBLE,WORSE
1280,2,12,70,24279,27213,0,CAPACITY_EXCEEDED,INVALID
1281,2,12,71,24373,27328,0,CAPACITY_EXCEEDED,INVALID
1282,2,12,72,23863,26858,1,FEASIBLE,WORSE
1283,2,12,73,23581,26589,1,FEASIBLE,WORSE
1284,2,12,74,23998,26956,0,CAPACITY_EXCEEDED,INVALID
1285,2,12,75,23343,26279,1,FEASIBLE,WORSE
1286,2,12,76,24937,27902,0,CAPACITY_EXCEEDED,INVALID
1287,2,12,77,24996,27918,0,CAPACITY_EXCEEDED,INVALID
1288,2,12,78,23306,26243,1,FEASIBLE,WORSE
1289,2,12,79,25001,27925,0,CAPACITY_EXCEEDED,INVALID
1290,2,12,80,24022,26958,0,CAPACITY_EXCEEDED,INVALID
1291,2,12,81,24330,27275,0,CAPACITY_EXCEEDED,INVALID
1292,2,12,82,23074,26034,1,FEASIBLE,WORSE
1293,2,12,83,23265,26230,1,FEASIBLE,WORSE
1294,2,12,84,23630,26576,1,FEASIBLE,WORSE
1295,2,12,85,24985,28017,0,CAPACITY_EXCEEDED,INVALID
1296,2,12,86,23420,26366,1,FEASIBLE,WORSE
1297,2,12,87,24859,27821,0,CAPACITY_EXCEEDED,INVALID
1298,2,12,88,23747,26735,1,FEASIBLE,WORSE
1299,2,12,89,24233,27221,0,CAPACITY_EXCEEDED,INVALID
1300,2,12,90,23596,26539,1,FEASIBLE,WORSE
1301,2,12,91,23904,26871,0,CAPACITY_EXCEEDED,INVALID
1302,2,12,92,24423,27439,0,CAPACITY_EXCEEDED,INVALID
1303,2,12,93,25003,28030,0,CAPACITY_EXCEEDED,INVALID
1304,2,12,94,24373,27300,0,CAPACITY_EXCEEDED,INVALID
1305,2,12,95,24031,27059,0,CAPACITY_EXCEEDED,INVALID
1306,2,12,96,23996,26976,0,CAPACITY_EXCEEDED,INVALID
1307,2,12,97,23871,26895,1,FEASIBLE,WORSE
1308,2,12,98,23257,26206,1,FEASIBLE,WORSE
1309,2,12,99,23678,26678,1,FEASIBLE,WORSE
1310,2,13,14,23976,26872,0,CAPACITY_EXCEEDED,INVALID
1311,2,13,15,24689,27667,0,CAPACITY_EXCEEDED,INVALID
1312,2,13,16,22932,25849,1,FEASIBLE,WORSE
1313,2,13,17,24568,27522,0,CAPACITY_EXCEEDED,INVALID
1314,2,13,18,22960,25834,1,FEASIBLE,WORSE
1315,2,13,19,23567,26543,1,FEASIBLE,WORSE
1316,2,13,20,24071,26991,0,CAPACITY_EXCEEDED,INVALID
1317,2,13,21,24388,27342,0,CAPACITY_EXCEEDED,INVALID
1318,2,13,22,24493,27372,0,CAPACITY_EXCEEDED,INVALID
1319,2,13,23,24616,27572,0,CAPACITY_EXCEEDED,INVALID
1320,2,13,24,24642,27563,0,CAPACITY_EXCEEDED,INVALID
1321,2,13,25,23674,26566,1,FEASIBLE,WORSE
1322,2,13,26,23155,26060,1,FEASIBLE,WORSE
1323,2,13,27,24433,27405,0,CAPACITY_EXCEEDED,INVALID
1324,2,13,28,24267,27145,0,CAPACITY_EXCEEDED,INVALID
1325,2,13,29,23939,26862,0,CAPACITY_EXCEEDED,INVALID
1326,2,13,30,24235,27155,0,CAPACITY_EXCEEDED,INVALID
1327,2,13,31,23851,26773,1,FEASIBLE,WORSE
1328,2,13,32,24696,27614,0,CAPACITY_EXCEEDED,INVALID
1329,2,13,33,22895,25793,1,FEASIBLE,WORSE
1330,2,13,34,24309,27209,0,CAPACITY_EXCEEDED,INVALID
1331,2,13,35,24062,26944,0,CAPACITY_EXCEEDED,INVALID
1332,2,13,36,22852,25738,1,FEASIBLE,WORSE
1333,2,13,37,23188,26147,1,FEASIBLE,WORSE
1334,2,13,38,22878,25751,1,FEASIBLE,WORSE
1335,2,13,39,24610,27562,0,CAPACITY_EXCEEDED,INVALID
1336,2,13,40,23252,26143,1,FEASIBLE,WORSE
1337,2,13,41,23347,26288,1,FEASIBLE,WORSE
1338,2,13,42,23162,26076,1,FEASIBLE,WORSE
1339,2,13,43,23329,26252,1,FEASIBLE,WORSE
1340,2,13,44,23923,26894,0,CAPACITY_EXCEEDED,INVALID
1341,2,13,45,24067,26957,0,CAPACITY_EXCEEDED,INVALID
1342,2,13,46,24574,27488,0,CAPACITY_EXCEEDED,INVALID
1343,2,13,47,23717,26607,1,FEASIBLE,WORSE
1344,2,13,48,23714,26600,1,FEASIBLE,WORSE
1345,2,13,49,23134,26021,1,FEASIBLE,WORSE
1346,2,13,50,24042,26981,0,CAPACITY_EXCEEDED,INVALID
1347,2,13,51,23226,26166,1,FEASIBLE,WORSE
1348,2,13,52,23289,26201,1,FEASIBLE,WORSE
1349,2,13,53,23418,26361,1,FEASIBLE,WORSE
1350,2,13,54,22763,25672,1,FEASIBLE,WORSE
1351,2,13,55,23565,26531,1,FEASIBLE,WORSE
1352,2,13,56,23348,26289,1,FEASIBLE,WORSE
1353,2,13,57,23558,26493,1,FEASIBLE,WORSE
1354,2,13,58,24394,27319,0,CAPACITY_EXCEEDED,INVALID
1355,2,13,59,23484,26371,1,FEASIBLE,WORSE
1356,2,13,60,23405,26285,1,FEASIBLE,WORSE
1357,2,13,61,24508,27394,0,CAPACITY_EXCEEDED,INVALID
1358,2,13,62,23440,26317,1,FEASIBLE,WORSE
1359,2,13,63,23202,26081,1,FEASIBLE,WORSE
1360,2,13,64,22856,25794,1,FEASIBLE,WORSE
1361,2,13,65,23862,26742,1,FEASIBLE,WORSE
1362,2,13,66,23699,26587,1,FEASIBLE,WORSE
1363,2,13,67,23990,26887,0,CAPACITY_EXCEEDED,INVALID
1364,2,13,68,22995,25873,1,FEASIBLE,WORSE
1365,2,13,69,23145,26083,1,FEASIBLE,WORSE
1366,2,13,70,23999,26883,0,CAPACITY_EXCEEDED,INVALID
1367,2,13,71,24093,26998,0,CAPACITY_EXCEEDED,INVALID
1368,2,13,72,23583,26528,1,FEASIBLE,WORSE
1369,2,13,73,23301,26259,1,FEASIBLE,WORSE
1370,2,13,74,23718,26626,1,FEASIBLE,WORSE
1371,2,13,75,23063,25949,1,FEASIBLE,WORSE
1372,2,13,76,24657,27572,0,CAPACITY_EXCEEDED,INVALID
1373,2,13,77,24716,27588,0,CAPACITY_EXCEEDED,INVALID
1374,2,13,78,23026,25913,1,FEASIBLE,WORSE
1375,2,13,79,24721,27595,0,CAPACITY_EXCEEDED,INVALID
1376,2,13,80,23742,26628,1,FEASIBLE,WORSE
1377,2,13,81,24050,26945,0,CAPACITY_EXCEEDED,INVALID
1378,2,13,82,22794,25704,1,FEASIBLE,WORSE
1379,2,13,83,22985,25900,1,FEASIBLE,WORSE
1380,2,13,84,23350,26246,1,FEASIBLE,WORSE
1381,2,13,85,24705,27687,0,CAPACITY_EXCEEDED,INVALID
1382,2,13,86,23140,26036,1,FEASIBLE,WORSE
1383,2,13,87,24579,27491,0,CAPACITY_EXCEEDED,INVALID
1384,2,13,88,23467,26405,1,FEASIBLE,WORSE
1385,2,13,89,23953,26891,0,CAPACITY_EXCEEDED,INVALID
1386,2,13,90,23316,26209,1,FEASIBLE,WORSE
1387,2,13,91,23624,26541,1,FEASIBLE,WORSE
1388,2,13,92,24143,27109,0,CAPACITY_EXCEEDED,INVALID
1389,2,13,93,24723,27700,0,CAPACITY_EXCEEDED,INVALID
1390,2,13,94,24093,26970,0,CAPACITY_EXCEEDED,INVALID
1391,2,13,95,23751,26729,1,FEASIBLE,WORSE
1392,2,13,96,23716,26646,1,FEASIBLE,WORSE
1393,2,13,97,23591,26565,1,FEASIBLE,WORSE
1394,2,13,98,22977,25876,1,FEASIBLE,WORSE
1395,2,13,99,23398,26348,1,FEASIBLE,WORSE
1396,2,14,15,25011,28013,0,CAPACITY_EXCEEDED,INVALID
1397,2,14,16,23254,26195,1,FEASIBLE,WORSE
1398,2,14,17,24890,27868,0,CAPACITY_EXCEEDED,INVALID
1399,2,14,18,23282,26180,1,FEASIBLE,WORSE
1400,2,14,19,23889,26889,0,CAPACITY_EXCEEDED,INVALID
1401,2,14,20,24393,27337,0,CAPACITY_EXCEEDED,INVALID
1402,2,14,21,24710,27688,0,CAPACITY_EXCEEDED,INVALID
1403,2,14,22,24815,27718,0,CAPACITY_EXCEEDED,INVALID
1404,2,14,23,24938,27918,0,CAPACITY_EXCEEDED,INVALID
1405,2,14,24,24964,27909,0,CAPACITY_EXCEEDED,INVALID
1406,2,14,25,23996,26912,0,CAPACITY_EXCEEDED,INVALID
1407,2,14,26,23477,26406,1,FEASIBLE,WORSE
1408,2,14,27,24755,27751,0,CAPACITY_EXCEEDED,INVALID
1409,2,14,28,24589,27491,0,CAPACITY_EXCEEDED,INVALID
1410,2,14,29,24261,27208,0,CAPACITY_EXCEEDED,INVALID
1411,2,14,30,24557,27501,0,CAPACITY_EXCEEDED,INVALID
1412,2,14,31,24173,27119,0,CAPACITY_EXCEEDED,INVALID
1413,2,14,32,25018,27960,0,CAPACITY_EXCEEDED,INVALID
1414,2,14,33,23217,26139,1,FEASIBLE,WORSE
1415,2,14,34,24631,27555,0,CAPACITY_EXCEEDED,INVALID
1416,2,14,35,24384,27290,0,CAPACITY_EXCEEDED,INVALID
1417,2,14,36,23174,26084,1,FEASIBLE,WORSE
1418,2,14,37,23510,26493,1,FEASIBLE,WORSE
1419,2,14,38,23200,26097,1,FEASIBLE,WORSE
1420,2,14,39,24932,27908,0,CAPACITY_EXCEEDED,INVALID
1421,2,14,40,23574,26489,1,FEASIBLE,WORSE
1422,2,14,41,23669,26634,1,FEASIBLE,WORSE
1423,2,14,42,23484,26422,1,FEASIBLE,WORSE
1424,2,14,43,23651,26598,1,FEASIBLE,WORSE
1425,2,14,44,24245,27240,0,CAPACITY_EXCEEDED,INVALID
1426,2,14,45,24389,27303,0,CAPACITY_EXCEEDED,INVALID
1427,2,14,46,24896,27834,0,CAPACITY_EXCEEDED,INVALID
1428,2,14,47,24039,26953,0,CAPACITY_EXCEEDED,INVALID
1429,2,14,48,24036,26946,0,CAPACITY_EXCEEDED,INVALID
1430,2,14,49,23456,26367,1,FEASIBLE,WORSE
1431,2,14,50,24364,27327,0,CAPACITY_EXCEEDED,INVALID
1432,2,14,51,23548,26512,1,FEASIBLE,WORSE
1433,2,14,52,23611,26547,1,FEASIBLE,WORSE
1434,2,14,53,23740,26707,1,FEASIBLE,WORSE
1435,2,14,54,23085,26018,1,FEASIBLE,WORSE
1436,2,14,55,23887,26877,0,CAPACITY_EXCEEDED,INVALID
1437,2,14,56,23670,26635,1,FEASIBLE,WORSE
1438,2,14,57,23880,26839,1,FEASIBLE,WORSE
1439,2,14,58,24716,27665,0,CAPACITY_EXCEEDED,INVALID
1440,2,14,59,23806,26717,1,FEASIBLE,WORSE
1441,2,14,60,23727,26631,1,FEASIBLE,WORSE
1442,2,14,61,24830,27740,0,CAPACITY_EXCEEDED,INVALID
1443,2,14,62,23762,26663,1,FEASIBLE,WORSE
1444,2,14,63,23524,26427,1,FEASIBLE,WORSE
1445,2,14,64,23178,26140,1,FEASIBLE,WORSE
1446,2,14,65,24184,27088,0,CAPACITY_EXCEEDED,INVALID
1447,2,14,66,24021,26933,0,CAPACITY_EXCEEDED,INVALID
1448,2,14,67,24312,27233,0,CAPACITY_EXCEEDED,INVALID
1449,2,14,68,23317,26219,1,FEASIBLE,WORSE
1450,2,14,69,23467,26429,1,FEASIBLE,WORSE
1451,2,14,70,24321,27229,0,CAPACITY_EXCEEDED,INVALID
1452,2,14,71,24415,27344,0,CAPACITY_EXCEEDED,INVALID
1453,2,14,72,23905,26874,0,CAPACITY_EXCEEDED,INVALID
1454,2,14,73,23623,26605,1,FEASIBLE,WORSE
1455,2,14,74,24040,26972,0,CAPACITY_EXCEEDED,INVALID
1456,2,14,75,23385,26295,1,FEASIBLE,WORSE
1457,2,14,76,24979,27918,0,CAPACITY_EXCEEDED,INVALID
1458,2,14,77,25038,27934,0,CAPACITY_EXCEEDED,INVALID
1459,2,14,78,23348,26259,1,FEASIBLE,WORSE
1460,2,14,79,25043,27941,0,CAPACITY_EXCEEDED,INVALID
1461,2,14,80,24064,26974,0,CAPACITY_EXCEEDED,INVALID
1462,2,14,81,24372,27291,0,CAPACITY_EXCEEDED,INVALID
1463,2,14,82,23116,26050,1,FEASIBLE,WORSE
1464,2,14,83,23307,26246,1,FEASIBLE,WORSE
1465,2,14,84,23672,26592,1,FEASIBLE,WORSE
1466,2,14,85,25027,28033,0,CAPACITY_EXCEEDED,INVALID
1467,2,14,86,23462,26382,1,FEASIBLE,WORSE
1468,2,14,87,24901,27837,0,CAPACITY_EXCEEDED,INVALID
1469,2,14,88,23789,26751,1,FEASIBLE,WORSE
1470,2,14,89,24275,27237,0,CAPACITY_EXCEEDED,INVALID
1471,2,14,90,23638,26555,1,FEASIBLE,WORSE
1472,2,14,91,23946,26887,0,CAPACITY_EXCEEDED,INVALID
1473,2,14,92,24465,27455,0,CAPACITY_EXCEEDED,INVALID
1474,2,14,93,25045,28046,0,CAPACITY_EXCEEDED,INVALID
1475,2,14,94,24415,27316,0,CAPACITY_EXCEEDED,INVALID
1476,2,14,95,24073,27075,0,CAPACITY_EXCEEDED,INVALID
1477,2,14,96,24038,26992,0,CAPACITY_EXCEEDED,INVALID
1478,2,14,97,23913,26911,0,CAPACITY_EXCEEDED,INVALID
1479,2,14,98,23299,26222,1,FEASIBLE,WORSE
1480,2,14,99,23720,26694,1,FEASIBLE,WORSE
1481,2,15,16,23967,26990,0,CAPACITY_EXCEEDED,INVALID
1482,2,15,17,25603,28663,0,CAPACITY_EXCEEDED,INVALID
1483,2,15,18,23995,26975,0,CAPACITY_EXCEEDED,INVALID
1484,2,15,19,24602,27684,0,CAPACITY_EXCEEDED,INVALID
1485,2,15,20,25106,28132,0,CAPACITY_EXCEEDED,INVALID
1486,2,15,21,25423,28483,0,CAPACITY_EXCEEDED,INVALID
1487,2,15,22,25528,28513,0,CAPACITY_EXCEEDED,INVALID
1488,2,15,23,25651,28713,0,CAPACITY_EXCEEDED,INVALID
1489,2,15,24,25677,28704,0,CAPACITY_EXCEEDED,INVALID
1490,2,15,25,24709,27707,0,CAPACITY_EXCEEDED,INVALID
1491,2,15,26,24190,27201,0,CAPACITY_EXCEEDED,INVALID
1492,2,15,27,25468,28546,0,CAPACITY_EXCEEDED,INVALID
1493,2,15,28,25302,28286,0,CAPACITY_EXCEEDED,INVALID
1494,2,15,29,24974,28003,0,CAPACITY_EXCEEDED,INVALID
1495,2,15,30,25270,28296,0,CAPACITY_EXCEEDED,INVALID
1496,2,15,31,24886,27914,0,CAPACITY_EXCEEDED,INVALID
1497,2,15,32,25731,28755,0,CAPACITY_EXCEEDED,INVALID
1498,2,15,33,23930,26934,0,CAPACITY_EXCEEDED,INVALID
1499,2,15,34,25344,28350,0,CAPACITY_EXCEEDED,INVALID
1500,2,15,35,25097,28085,0,CAPACITY_EXCEEDED,INVALID
1501,2,15,36,23887,26879,0,CAPACITY_EXCEEDED,INVALID
1502,2,15,37,24223,27288,0,CAPACITY_EXCEEDED,INVALID
1503,2,15,38,23913,26892,0,CAPACITY_EXCEEDED,INVALID
1504,2,15,39,25645,28703,0,CAPACITY_EXCEEDED,INVALID
1505,2,15,40,24287,27284,0,CAPACITY_EXCEEDED,INVALID
1506,2,15,41,24382,27429,0,CAPACITY_EXCEEDED,INVALID
1507,2,15,42,24197,27217,0,CAPACITY_EXCEEDED,INVALID
1508,2,15,43,24364,27393,0,CAPACITY_EXCEEDED,INVALID
1509,2,15,44,24958,28035,0,CAPACITY_EXCEEDED,INVALID
1510,2,15,45,25102,28098,0,CAPACITY_EXCEEDED,INVALID
1511,2,15,46,25609,28629,0,CAPACITY_EXCEEDED,INVALID
1512,2,15,47,24752,27748,0,CAPACITY_EXCEEDED,INVALID
1513,2,15,48,24749,27741,0,CAPACITY_EXCEEDED,INVALID
1514,2,15,49,24169,27162,0,CAPACITY_EXCEEDED,INVALID
1515,2,15,50,25077,28122,0,CAPACITY_EXCEEDED,INVALID
1516,2,15,51,24261,27307,0,CAPACITY_EXCEEDED,INVALID
1517,2,15,52,24324,27342,0,CAPACITY_EXCEEDED,INVALID
1518,2,15,53,24453,27502,0,CAPACITY_EXCEEDED,INVALID
1519,2,15,54,23798,26813,1,FEASIBLE,WORSE
1520,2,15,55,24600,27672,0,CAPACITY_EXCEEDED,INVALID
1521,2,15,56,24383,27430,0,CAPACITY_EXCEEDED,INVALID
1522,2,15,57,24593,27634,0,CAPACITY_EXCEEDED,INVALID
1523,2,15,58,25429,28460,0,CAPACITY_EXCEEDED,INVALID
1524,2,15,59,24519,27512,0,CAPACITY_EXCEEDED,INVALID
1525,2,15,60,24440,27426,0,CAPACITY_EXCEEDED,INVALID
1526,2,15,61,25543,28535,0,CAPACITY_EXCEEDED,INVALID
1527,2,15,62,24475,27458,0,CAPACITY_EXCEEDED,INVALID
1528,2,15,63,24237,27222,0,CAPACITY_EXCEEDED,INVALID
1529,2,15,64,23891,26935,0,CAPACITY_EXCEEDED,INVALID
1530,2,15,65,24897,27883,0,CAPACITY_EXCEEDED,INVALID
1531,2,15,66,24734,27728,0,CAPACITY_EXCEEDED,INVALID
1532,2,15,67,25025,28028,0,CAPACITY_EXCEEDED,INVALID
1533,2,15,68,24030,27014,0,CAPACITY_EXCEEDED,INVALID
1534,2,15,69,24180,27224,0,CAPACITY_EXCEEDED,INVALID
1535,2,15,70,25034,28024,0,CAPACITY_EXCEEDED,INVALID
1536,2,15,71,25128,28139,0,CAPACITY_EXCEEDED,INVALID
1537,2,15,72,24618,27669,0,CAPACITY_EXCEEDED,INVALID
1538,2,15,73,24336,27400,0,CAPACITY_EXCEEDED,INVALID
1539,2,15,74,24753,27767,0,CAPACITY_EXCEEDED,INVALID
1540,2,15,75,24098,27090,0,CAPACITY_EXCEEDED,INVALID
1541,2,15,76,25692,28713,0,CAPACITY_EXCEEDED,INVALID
1542,2,15,77,25751,28729,0,CAPACITY_EXCEEDED,INVALID
1543,2,15,78,24061,27054,0,CAPACITY_EXCEEDED,INVALID
1544,2,15,79,25756,28736,0,CAPACITY_EXCEEDED,INVALID
1545,2,15,80,24777,27769,0,CAPACITY_EXCEEDED,INVALID
1546,2,15,81,25085,28086,0,CAPACITY_EXCEEDED,INVALID
1547,2,15,82,23829,26845,1,FEASIBLE,WORSE
1548,2,15,83,24020,27041,0,CAPACITY_EXCEEDED,INVALID
1549,2,15,84,24385,27387,0,CAPACITY_EXCEEDED,INVALID
1550,2,15,85,25740,28828,0,CAPACITY_EXCEEDED,INVALID
1551,2,15,86,24175,27177,0,CAPACITY_EXCEEDED,INVALID
1552,2,15,87,25614,28632,0,CAPACITY_EXCEEDED,INVALID
1553,2,15,88,24502,27546,0,CAPACITY_EXCEEDED,INVALID
1554,2,15,89,24988,28032,0,CAPACITY_EXCEEDED,INVALID
1555,2,15,90,24351,27350,0,CAPACITY_EXCEEDED,INVALID
1556,2,15,91,24659,27682,0,CAPACITY_EXCEEDED,INVALID
1557,2,15,92,25178,28250,0,CAPACITY_EXCEEDED,INVALID
1558,2,15,93,25758,28841,0,CAPACITY_EXCEEDED,INVALID
1559,2,15,94,25128,28111,0,CAPACITY_EXCEEDED,INVALID
1560,2,15,95,24786,27870,0,CAPACITY_EXCEEDED,INVALID
1561,2,15,96,24751,27787,0,CAPACITY_EXCEEDED,INVALID
1562,2,15,97,24626,27706,0,CAPACITY_EXCEEDED,INVALID
1563,2,15,98,24012,27017,0,CAPACITY_EXCEEDED,INVALID
1564,2,15,99,24433,27489,0,CAPACITY_EXCEEDED,INVALID
1565,2,16,17,23846,26845,1,FEASIBLE,WORSE
1566,2,16,18,22238,25157,1,FEASIBLE,WORSE
1567,2,16,19,22845,25866,1,FEASIBLE,WORSE
1568,2,16,20,23349,26314,1,FEASIBLE,WORSE
1569,2,16,21,23666,26665,1,FEASIBLE,WORSE
1570,2,16,22,23771,26695,1,FEASIBLE,WORSE
1571,2,16,23,23894,26895,0,CAPACITY_EXCEEDED,INVALID
1572,2,16,24,23920,26886,0,CAPACITY_EXCEEDED,INVALID
1573,2,16,25,22952,25889,1,FEASIBLE,WORSE
1574,2,16,26,22433,25383,1,FEASIBLE,WORSE
1575,2,16,27,23711,26728,1,FEASIBLE,WORSE
1576,2,16,28,23545,26468,1,FEASIBLE,WORSE
1577,2,16,29,23217,26185,1,FEASIBLE,WORSE
1578,2,16,30,23513,26478,1,FEASIBLE,WORSE
1579,2,16,31,23129,26096,1,FEASIBLE,WORSE
1580,2,16,32,23974,26937,0,CAPACITY_EXCEEDED,INVALID
1581,2,16,33,22173,25116,1,FEASIBLE,WORSE
1582,2,16,34,23587,26532,1,FEASIBLE,WORSE
1583,2,16,35,23340,26267,1,FEASIBLE,WORSE
1584,2,16,36,22130,25061,1,FEASIBLE,WORSE
1585,2,16,37,22466,25470,1,FEASIBLE,WORSE
1586,2,16,38,22156,25074,1,FEASIBLE,WORSE
1587,2,16,39,23888,26885,0,CAPACITY_EXCEEDED,INVALID
1588,2,16,40,22530,25466,1,FEASIBLE,WORSE
1589,2,16,41,22625,25611,1,FEASIBLE,WORSE
1590,2,16,42,22440,25399,1,FEASIBLE,WORSE
1591,2,16,43,22607,25575,1,FEASIBLE,WORSE
1592,2,16,44,23201,26217,1,FEASIBLE,WORSE
1593,2,16,45,23345,26280,1,FEASIBLE,WORSE
1594,2,16,46,23852,26811,1,FEASIBLE,WORSE
1595,2,16,47,22995,25930,1,FEASIBLE,WORSE
1596,2,16,48,22992,25923,1,FEASIBLE,WORSE
1597,2,16,49,22412,25344,1,FEASIBLE,WORSE
1598,2,16,50,23320,26304,1,FEASIBLE,WORSE
1599,2,16,51,22504,25489,1,FEASIBLE,WORSE
1600,2,16,52,22567,25524,1,FEASIBLE,WORSE
1601,2,16,53,22696,25684,1,FEASIBLE,WORSE
1602,2,16,54,22041,24995,1,FEASIBLE,WORSE
1603,2,16,55,22843,25854,1,FEASIBLE,WORSE
1604,2,16,56,22626,25612,1,FEASIBLE,WORSE
1605,2,16,57,22836,25816,1,FEASIBLE,WORSE
1606,2,16,58,23672,26642,1,FEASIBLE,WORSE
1607,2,16,59,22762,25694,1,FEASIBLE,WORSE
1608,2,16,60,22683,25608,1,FEASIBLE,WORSE
1609,2,16,61,23786,26717,1,FEASIBLE,WORSE
1610,2,16,62,22718,25640,1,FEASIBLE,WORSE
1611,2,16,63,22480,25404,1,FEASIBLE,WORSE
1612,2,16,64,22134,25117,1,FEASIBLE,WORSE
1613,2,16,65,23140,26065,1,FEASIBLE,WORSE
1614,2,16,66,22977,25910,1,FEASIBLE,WORSE
1615,2,16,67,23268,26210,1,FEASIBLE,WORSE
1616,2,16,68,22273,25196,1,FEASIBLE,WORSE
1617,2,16,69,22423,25406,1,FEASIBLE,WORSE
1618,2,16,70,23277,26206,1,FEASIBLE,WORSE
1619,2,16,71,23371,26321,1,FEASIBLE,WORSE
1620,2,16,72,22861,25851,1,FEASIBLE,WORSE
1621,2,16,73,22579,25582,1,FEASIBLE,WORSE
1622,2,16,74,22996,25949,1,FEASIBLE,WORSE
1623,2,16,75,22341,25272,1,FEASIBLE,WORSE
1624,2,16,76,23935,26895,0,CAPACITY_EXCEEDED,INVALID
1625,2,16,77,23994,26911,0,CAPACITY_EXCEEDED,INVALID
1626,2,16,78,22304,25236,1,FEASIBLE,WORSE
1627,2,16,79,23999,26918,0,CAPACITY_EXCEEDED,INVALID
1628,2,16,80,23020,25951,1,FEASIBLE,WORSE
1629,2,16,81,23328,26268,1,FEASIBLE,WORSE
1630,2,16,82,22072,25027,1,FEASIBLE,WORSE
1631,2,16,83,22263,25223,1,FEASIBLE,WORSE
1632,2,16,84,22628,25569,1,FEASIBLE,WORSE
1633,2,16,85,23983,27010,0,CAPACITY_EXCEEDED,INVALID
1634,2,16,86,22418,25359,1,FEASIBLE,WORSE
1635,2,16,87,23857,26814,1,FEASIBLE,WORSE
1636,2,16,88,22745,25728,1,FEASIBLE,WORSE
1637,2,16,89,23231,26214,1,FEASIBLE,WORSE
1638,2,16,90,22594,25532,1,FEASIBLE,WORSE
1639,2,16,91,22902,25864,1,FEASIBLE,WORSE
1640,2,16,92,23421,26432,1,FEASIBLE,WORSE
1641,2,16,93,24001,27023,0,CAPACITY_EXCEEDED,INVALID
1642,2,16,94,23371,26293,1,FEASIBLE,WORSE
1643,2,16,95,23029,26052,1,FEASIBLE,WORSE
1644,2,16,96,22994,25969,1,FEASIBLE,WORSE
1645,2,16,97,22869,25888,1,FEASIBLE,WORSE
1646,2,16,98,22255,25199,1,FEASIBLE,WORSE
1647,2,16,99,22676,25671,1,FEASIBLE,WORSE
1648,2,17,18,23874,26830,1,FEASIBLE,WORSE
1649,2,17,19,24481,27539,0,CAPACITY_EXCEEDED,INVALID
1650,2,17,20,24985,27987,0,CAPACITY_EXCEEDED,INVALID
1651,2,17,21,25302,28338,0,CAPACITY_EXCEEDED,INVALID
1652,2,17,22,25407,28368,0,CAPACITY_EXCEEDED,INVALID
1653,2,17,23,25530,28568,0,CAPACITY_EXCEEDED,INVALID
1654,2,17,24,25556,28559,0,CAPACITY_EXCEEDED,INVALID
1655,2,17,25,24588,27562,0,CAPACITY_EXCEEDED,INVALID
1656,2,17,26,24069,27056,0,CAPACITY_EXCEEDED,INVALID
1657,2,17,27,25347,28401,0,CAPACITY_EXCEEDED,INVALID
1658,2,17,28,25181,28141,0,CAPACITY_EXCEEDED,INVALID
1659,2,17,29,24853,27858,0,CAPACITY_EXCEEDED,INVALID
1660,2,17,30,25149,28151,0,CAPACITY_EXCEEDED,INVALID
1661,2,17,31,24765,27769,0,CAPACITY_EXCEEDED,INVALID
1662,2,17,32,25610,28610,0,CAPACITY_EXCEEDED,INVALID
1663,2,17,33,23809,26789,1,FEASIBLE,WORSE
1664,2,17,34,25223,28205,0,CAPACITY_EXCEEDED,INVALID
1665,2,17,35,24976,27940,0,CAPACITY_EXCEEDED,INVALID
1666,2,17,36,23766,26734,1,FEASIBLE,WORSE
1667,2,17,37,24102,27143,0,CAPACITY_EXCEEDED,INVALID
1668,2,17,38,23792,26747,1,FEASIBLE,WORSE
1669,2,17,39,25524,28558,0,CAPACITY_EXCEEDED,INVALID
1670,2,17,40,24166,27139,0,CAPACITY_EXCEEDED,INVALID
1671,2,17,41,24261,27284,0,CAPACITY_EXCEEDED,INVALID
1672,2,17,42,24076,27072,0,CAPACITY_EXCEEDED,INVALID
1673,2,17,43,24243,27248,0,CAPACITY_EXCEEDED,INVALID
1674,2,17,44,24837,27890,0,CAPACITY_EXCEEDED,INVALID
1675,2,17,45,24981,27953,0,CAPACITY_EXCEEDED,INVALID
1676,2,17,46,25488,28484,0,CAPACITY_EXCEEDED,INVALID
1677,2,17,47,24631,27603,0,CAPACITY_EXCEEDED,INVALID
1678,2,17,48,24628,27596,0,CAPACITY_EXCEEDED,INVALID
1679,2,17,49,24048,27017,0,CAPACITY_EXCEEDED,INVALID
1680,2,17,50,24956,27977,0,CAPACITY_EXCEEDED,INVALID
1681,2,17,51,24140,27162,0,CAPACITY_EXCEEDED,INVALID
1682,2,17,52,24203,27197,0,CAPACITY_EXCEEDED,INVALID
1683,2,17,53,24332,27357,0,CAPACITY_EXCEEDED,INVALID
1684,2,17,54,23677,26668,1,FEASIBLE,WORSE
1685,2,17,55,24479,27527,0,CAPACITY_EXCEEDED,INVALID
1686,2,17,56,24262,27285,0,CAPACITY_EXCEEDED,INVALID
1687,2,17,57,24472,27489,0,CAPACITY_EXCEEDED,INVALID
1688,2,17,58,25308,28315,0,CAPACITY_EXCEEDED,INVALID
1689,2,17,59,24398,27367,0,CAPACITY_EXCEEDED,INVALID
1690,2,17,60,24319,27281,0,CAPACITY_EXCEEDED,INVALID
1691,2,17,61,25422,28390,0,CAPACITY_EXCEEDED,INVALID
1692,2,17,62,24354,27313,0,CAPACITY_EXCEEDED,INVALID
1693,2,17,63,24116,27077,0,CAPACITY_EXCEEDED,INVALID
1694,2,17,64,23770,26790,1,FEASIBLE,WORSE
1695,2,17,65,24776,27738,0,CAPACITY_EXCEEDED,INVALID
1696,2,17,66,24613,27583,0,CAPACITY_EXCEEDED,INVALID
1697,2,17,67,24904,27883,0,CAPACITY_EXCEEDED,INVALID
1698,2,17,68,23909,26869,0,CAPACITY_EXCEEDED,INVALID
1699,2,17,69,24059,27079,0,CAPACITY_EXCEEDED,INVALID
1700,2,17,70,24913,27879,0,CAPACITY_EXCEEDED,INVALID
1701,2,17,71,25007,27994,0,CAPACITY_EXCEEDED,INVALID
1702,2,17,72,24497,27524,0,CAPACITY_EXCEEDED,INVALID
1703,2,17,73,24215,27255,0,CAPACITY_EXCEEDED,INVALID
1704,2,17,74,24632,27622,0,CAPACITY_EXCEEDED,INVALID
1705,2,17,75,23977,26945,0,CAPACITY_EXCEEDED,INVALID
1706,2,17,76,25571,28568,0,CAPACITY_EXCEEDED,INVALID
1707,2,17,77,25630,28584,0,CAPACITY_EXCEEDED,INVALID
1708,2,17,78,23940,26909,0,CAPACITY_EXCEEDED,INVALID
1709,2,17,79,25635,28591,0,CAPACITY_EXCEEDED,INVALID
1710,2,17,80,24656,27624,0,CAPACITY_EXCEEDED,INVALID
1711,2,17,81,24964,27941,0,CAPACITY_EXCEEDED,INVALID
1712,2,17,82,23708,26700,1,FEASIBLE,WORSE
1713,2,17,83,23899,26896,0,CAPACITY_EXCEEDED,INVALID
1714,2,17,84,24264,27242,0,CAPACITY_EXCEEDED,INVALID
1715,2,17,85,25619,28683,0,CAPACITY_EXCEEDED,INVALID
1716,2,17,86,24054,27032,0,CAPACITY_EXCEEDED,INVALID
1717,2,17,87,25493,28487,0,CAPACITY_EXCEEDED,INVALID
1718,2,17,88,24381,27401,0,CAPACITY_EXCEEDED,INVALID
1719,2,17,89,24867,27887,0,CAPACITY_EXCEEDED,INVALID
1720,2,17,90,24230,27205,0,CAPACITY_EXCEEDED,INVALID
1721,2,17,91,24538,27537,0,CAPACITY_EXCEEDED,INVALID
1722,2,17,92,25057,28105,0,CAPACITY_EXCEEDED,INVALID
1723,2,17,93,25637,28696,0,CAPACITY_EXCEEDED,INVALID
1724,2,17,94,25007,27966,0,CAPACITY_EXCEEDED,INVALID
1725,2,17,95,24665,27725,0,CAPACITY_EXCEEDED,INVALID
1726,2,17,96,24630,27642,0,CAPACITY_EXCEEDED,INVALID
1727,2,17,97,24505,27561,0,CAPACITY_EXCEEDED,INVALID
1728,2,17,98,23891,26872,0,CAPACITY_EXCEEDED,INVALID
1729,2,17,99,24312,27344,0,CAPACITY_EXCEEDED,INVALID
1730,2,18,19,22873,25851,1,FEASIBLE,WORSE
1731,2,18,20,23377,26299,1,FEASIBLE,WORSE
1732,2,18,21,23694,26650,1,FEASIBLE,WORSE
1733,2,18,22,23799,26680,1,FEASIBLE,WORSE
1734,2,18,23,23922,26880,0,CAPACITY_EXCEEDED,INVALID
1735,2,18,24,23948,26871,0,CAPACITY_EXCEEDED,INVALID
1736,2,18,25,22980,25874,1,FEASIBLE,WORSE
1737,2,18,26,22461,25368,1,FEASIBLE,WORSE
1738,2,18,27,23739,26713,1,FEASIBLE,WORSE
1739,2,18,28,23573,26453,1,FEASIBLE,WORSE
1740,2,18,29,23245,26170,1,FEASIBLE,WORSE
1741,2,18,30,23541,26463,1,FEASIBLE,WORSE
1742,2,18,31,23157,26081,1,FEASIBLE,WORSE
1743,2,18,32,24002,26922,0,CAPACITY_EXCEEDED,INVALID
1744,2,18,33,22201,25101,1,FEASIBLE,WORSE
1745,2,18,34,23615,26517,1,FEASIBLE,WORSE
1746,2,18,35,23368,26252,1,FEASIBLE,WORSE
1747,2,18,36,22158,25046,1,FEASIBLE,WORSE
1748,2,18,37,22494,25455,1,FEASIBLE,WORSE
1749,2,18,38,22184,25059,1,FEASIBLE,WORSE
1750,2,18,39,23916,26870,0,CAPACITY_EXCEEDED,INVALID
1751,2,18,40,22558,25451,1,FEASIBLE,WORSE
1752,2,18,41,22653,25596,1,FEASIBLE,WORSE
1753,2,18,42,22468,25384,1,FEASIBLE,WORSE
1754,2,18,43,22635,25560,1,FEASIBLE,WORSE
1755,2,18,44,23229,26202,1,FEASIBLE,WORSE
1756,2,18,45,23373,26265,1,FEASIBLE,WORSE
1757,2,18,46,23880,26796,1,FEASIBLE,WORSE
1758,2,18,47,23023,25915,1,FEASIBLE,WORSE
1759,2,18,48,23020,25908,1,FEASIBLE,WORSE
1760,2,18,49,22440,25329,1,FEASIBLE,WORSE
1761,2,18,50,23348,26289,1,FEASIBLE,WORSE
1762,2,18,51,22532,25474,1,FEASIBLE,WORSE
1763,2,18,52,22595,25509,1,FEASIBLE,WORSE
1764,2,18,53,22724,25669,1,FEASIBLE,WORSE
1765,2,18,54,22069,24980,1,FEASIBLE,WORSE
1766,2,18,55,22871,25839,1,FEASIBLE,WORSE
1767,2,18,56,22654,25597,1,FEASIBLE,WORSE
1768,2,18,57,22864,25801,1,FEASIBLE,WORSE
1769,2,18,58,23700,26627,1,FEASIBLE,WORSE
1770,2,18,59,22790,25679,1,FEASIBLE,WORSE
1771,2,18,60,22711,25593,1,FEASIBLE,WORSE
1772,2,18,61,23814,26702,1,FEASIBLE,WORSE
1773,2,18,62,22746,25625,1,FEASIBLE,WORSE
1774,2,18,63,22508,25389,1,FEASIBLE,WORSE
1775,2,18,64,22162,25102,1,FEASIBLE,WORSE
1776,2,18,65,23168,26050,1,FEASIBLE,WORSE
1777,2,18,66,23005,25895,1,FEASIBLE,WORSE
1778,2,18,67,23296,26195,1,FEASIBLE,WORSE
1779,2,18,68,22301,25181,1,FEASIBLE,WORSE
1780,2,18,69,22451,25391,1,FEASIBLE,WORSE
1781,2,18,70,23305,26191,1,FEASIBLE,WORSE
1782,2,18,71,23399,26306,1,FEASIBLE,WORSE
1783,2,18,72,22889,25836,1,FEASIBLE,WORSE
1784,2,18,73,22607,25567,1,FEASIBLE,WORSE
1785,2,18,74,23024,25934,1,FEASIBLE,WORSE
1786,2,18,75,22369,25257,1,FEASIBLE,WORSE
1787,2,18,76,23963,26880,0,CAPACITY_EXCEEDED,INVALID
1788,2,18,77,24022,26896,0,CAPACITY_EXCEEDED,INVALID
1789,2,18,78,22332,25221,1,FEASIBLE,WORSE
1790,2,18,79,24027,26903,0,CAPACITY_EXCEEDED,INVALID
1791,2,18,80,23048,25936,1,FEASIBLE,WORSE
1792,2,18,81,23356,26253,1,FEASIBLE,WORSE
1793,2,18,82,22100,25012,1,FEASIBLE,WORSE
1794,2,18,83,22291,25208,1,FEASIBLE,WORSE
1795,2,18,84,22656,25554,1,FEASIBLE,WORSE
1796,2,18,85,24011,26995,0,CAPACITY_EXCEEDED,INVALID
1797,2,18,86,22446,25344,1,FEASIBLE,WORSE
1798,2,18,87,23885,26799,0,CAPACITY_EXCEEDED,INVALID
1799,2,18,88,22773,25713,1,FEASIBLE,WORSE
1800,2,18,89,23259,26199,1,FEASIBLE,WORSE
1801,2,18,90,22622,25517,1,FEASIBLE,WORSE
1802,2,18,91,22930,25849,1,FEASIBLE,WORSE
1803,2,18,92,23449,26417,1,FEASIBLE,WORSE
1804,2,18,93,24029,27008,0,CAPACITY_EXCEEDED,INVALID
1805,2,18,94,23399,26278,1,FEASIBLE,WORSE
1806,2,18,95,23057,26037,1,FEASIBLE,WORSE
1807,2,18,96,23022,25954,1,FEASIBLE,WORSE
1808,2,18,97,22897,25873,1,FEASIBLE,WORSE
1809,2,18,98,22283,25184,1,FEASIBLE,WORSE
1810,2,18,99,22704,25656,1,FEASIBLE,WORSE
1811,2,19,20,23984,27008,0,CAPACITY_EXCEEDED,INVALID
1812,2,19,21,24301,27359,0,CAPACITY_EXCEEDED,INVALID
1813,2,19,22,24406,27389,0,CAPACITY_EXCEEDED,INVALID
1814,2,19,23,24529,27589,0,CAPACITY_EXCEEDED,INVALID
1815,2,19,24,24555,27580,0,CAPACITY_EXCEEDED,INVALID
1816,2,19,25,23587,26583,1,FEASIBLE,WORSE
1817,2,19,26,23068,26077,1,FEASIBLE,WORSE
1818,2,19,27,24346,27422,0,CAPACITY_EXCEEDED,INVALID
1819,2,19,28,24180,27162,0,CAPACITY_EXCEEDED,INVALID
1820,2,19,29,23852,26879,1,FEASIBLE,WORSE
1821,2,19,30,24148,27172,0,CAPACITY_EXCEEDED,INVALID
1822,2,19,31,23764,26790,1,FEASIBLE,WORSE
1823,2,19,32,24609,27631,0,CAPACITY_EXCEEDED,INVALID
1824,2,19,33,22808,25810,1,FEASIBLE,WORSE
1825,2,19,34,24222,27226,0,CAPACITY_EXCEEDED,INVALID
1826,2,19,35,23975,26961,0,CAPACITY_EXCEEDED,INVALID
1827,2,19,36,22765,25755,1,FEASIBLE,WORSE
1828,2,19,37,23101,26164,1,FEASIBLE,WORSE
1829,2,19,38,22791,25768,1,FEASIBLE,WORSE
1830,2,19,39,24523,27579,0,CAPACITY_EXCEEDED,INVALID
1831,2,19,40,23165,26160,1,FEASIBLE,WORSE
1832,2,19,41,23260,26305,1,FEASIBLE,WORSE
1833,2,19,42,23075,26093,1,FEASIBLE,WORSE
1834,2,19,43,23242,26269,1,FEASIBLE,WORSE
1835,2,19,44,23836,26911,1,FEASIBLE,WORSE
1836,2,19,45,23980,26974,0,CAPACITY_EXCEEDED,INVALID
1837,2,19,46,24487,27505,0,CAPACITY_EXCEEDED,INVALID
1838,2,19,47,23630,26624,1,FEASIBLE,WORSE
1839,2,19,48,23627,26617,1,FEASIBLE,WORSE
1840,2,19,49,23047,26038,1,FEASIBLE,WORSE
1841,2,19,50,23955,26998,0,CAPACITY_EXCEEDED,INVALID
1842,2,19,51,23139,26183,1,FEASIBLE,WORSE
1843,2,19,52,23202,26218,1,FEASIBLE,WORSE
1844,2,19,53,23331,26378,1,FEASIBLE,WORSE
1845,2,19,54,22676,25689,1,FEASIBLE,WORSE
1846,2,19,55,23478,26548,1,FEASIBLE,WORSE
1847,2,19,56,23261,26306,1,FEASIBLE,WORSE
1848,2,19,57,23471,26510,1,FEASIBLE,WORSE
1849,2,19,58,24307,27336,0,CAPACITY_EXCEEDED,INVALID
1850,2,19,59,23397,26388,1,FEASIBLE,WORSE
1851,2,19,60,23318,26302,1,FEASIBLE,WORSE
1852,2,19,61,24421,27411,0,CAPACITY_EXCEEDED,INVALID
1853,2,19,62,23353,26334,1,FEASIBLE,WORSE
1854,2,19,63,23115,26098,1,FEASIBLE,WORSE
1855,2,19,64,22769,25811,1,FEASIBLE,WORSE
1856,2,19,65,23775,26759,1,FEASIBLE,WORSE
1857,2,19,66,23612,26604,1,FEASIBLE,WORSE
1858,2,19,67,23903,26904,0,CAPACITY_EXCEEDED,INVALID
1859,2,19,68,22908,25890,1,FEASIBLE,WORSE
1860,2,19,69,23058,26100,1,FEASIBLE,WORSE
1861,2,19,70,23912,26900,0,CAPACITY_EXCEEDED,INVALID
1862,2,19,71,24006,27015,0,CAPACITY_EXCEEDED,INVALID
1863,2,19,72,23496,26545,1,FEASIBLE,WORSE
1864,2,19,73,23214,26276,1,FEASIBLE,WORSE
1865,2,19,74,23631,26643,1,FEASIBLE,WORSE
1866,2,19,75,22976,25966,1,FEASIBLE,WORSE
1867,2,19,76,24570,27589,0,CAPACITY_EXCEEDED,INVALID
1868,2,19,77,24629,27605,0,CAPACITY_EXCEEDED,INVALID
1869,2,19,78,22939,25930,1,FEASIBLE,WORSE
1870,2,19,79,24634,27612,0,CAPACITY_EXCEEDED,INVALID
1871,2,19,80,23655,26645,1,FEASIBLE,WORSE
1872,2,19,81,23963,26962,0,CAPACITY_EXCEEDED,INVALID
1873,2,19,82,22707,25721,1,FEASIBLE,WORSE
1874,2,19,83,22898,25917,1,FEASIBLE,WORSE
1875,2,19,84,23263,26263,1,FEASIBLE,WORSE
1876,2,19,85,24618,27704,0,CAPACITY_EXCEEDED,INVALID
1877,2,19,86,23053,26053,1,FEASIBLE,WORSE
1878,2,19,87,24492,27508,0,CAPACITY_EXCEEDED,INVALID
1879,2,19,88,23380,26422,1,FEASIBLE,WORSE
1880,2,19,89,23866,26908,1,FEASIBLE,WORSE
1881,2,19,90,23229,26226,1,FEASIBLE,WORSE
1882,2,19,91,23537,26558,1,FEASIBLE,WORSE
1883,2,19,92,24056,27126,0,CAPACITY_EXCEEDED,INVALID
1884,2,19,93,24636,27717,0,CAPACITY_EXCEEDED,INVALID
1885,2,19,94,24006,26987,0,CAPACITY_EXCEEDED,INVALID
1886,2,19,95,23664,26746,1,FEASIBLE,WORSE
1887,2,19,96,23629,26663,1,FEASIBLE,WORSE
1888,2,19,97,23504,26582,1,FEASIBLE,WORSE
1889,2,19,98,22890,25893,1,FEASIBLE,WORSE
1890,2,19,99,23311,26365,1,FEASIBLE,WORSE
1891,2,20,21,24805,27807,0,CAPACITY_EXCEEDED,INVALID
1892,2,20,22,24910,27837,0,CAPACITY_EXCEEDED,INVALID
1893,2,20,23,25033,28037,0,CAPACITY_EXCEEDED,INVALID
1894,2,20,24,25059,28028,0,CAPACITY_EXCEEDED,INVALID
1895,2,20,25,24091,27031,0,CAPACITY_EXCEEDED,INVALID
1896,2,20,26,23572,26525,1,FEASIBLE,WORSE
1897,2,20,27,24850,27870,0,CAPACITY_EXCEEDED,INVALID
1898,2,20,28,24684,27610,0,CAPACITY_EXCEEDED,INVALID
1899,2,20,29,24356,27327,0,CAPACITY_EXCEEDED,INVALID
1900,2,20,30,24652,27620,0,CAPACITY_EXCEEDED,INVALID
1901,2,20,31,24268,27238,0,CAPACITY_EXCEEDED,INVALID
1902,2,20,32,25113,28079,0,CAPACITY_EXCEEDED,INVALID
1903,2,20,33,23312,26258,1,FEASIBLE,WORSE
1904,2,20,34,24726,27674,0,CAPACITY_EXCEEDED,INVALID
1905,2,20,35,24479,27409,0,CAPACITY_EXCEEDED,INVALID
1906,2,20,36,23269,26203,1,FEASIBLE,WORSE
1907,2,20,37,23605,26612,1,FEASIBLE,WORSE
1908,2,20,38,23295,26216,1,FEASIBLE,WORSE
1909,2,20,39,25027,28027,0,CAPACITY_EXCEEDED,INVALID
1910,2,20,40,23669,26608,1,FEASIBLE,WORSE
1911,2,20,41,23764,26753,1,FEASIBLE,WORSE
1912,2,20,42,23579,26541,1,FEASIBLE,WORSE
1913,2,20,43,23746,26717,1,FEASIBLE,WORSE
1914,2,20,44,24340,27359,0,CAPACITY_EXCEEDED,INVALID
1915,2,20,45,24484,27422,0,CAPACITY_EXCEEDED,INVALID
1916,2,20,46,24991,27953,0,CAPACITY_EXCEEDED,INVALID
1917,2,20,47,24134,27072,0,CAPACITY_EXCEEDED,INVALID
1918,2,20,48,24131,27065,0,CAPACITY_EXCEEDED,INVALID
1919,2,20,49,23551,26486,1,FEASIBLE,WORSE
1920,2,20,50,24459,27446,0,CAPACITY_EXCEEDED,INVALID
1921,2,20,51,23643,26631,1,FEASIBLE,WORSE
1922,2,20,52,23706,26666,1,FEASIBLE,WORSE
1923,2,20,53,23835,26826,1,FEASIBLE,WORSE
1924,2,20,54,23180,26137,1,FEASIBLE,WORSE
1925,2,20,55,23982,26996,0,CAPACITY_EXCEEDED,INVALID
1926,2,20,56,23765,26754,1,FEASIBLE,WORSE
1927,2,20,57,23975,26958,0,CAPACITY_EXCEEDED,INVALID
1928,2,20,58,24811,27784,0,CAPACITY_EXCEEDED,INVALID
1929,2,20,59,23901,26836,0,CAPACITY_EXCEEDED,INVALID
1930,2,20,60,23822,26750,1,FEASIBLE,WORSE
1931,2,20,61,24925,27859,0,CAPACITY_EXCEEDED,INVALID
1932,2,20,62,23857,26782,1,FEASIBLE,WORSE
1933,2,20,63,23619,26546,1,FEASIBLE,WORSE
1934,2,20,64,23273,26259,1,FEASIBLE,WORSE
1935,2,20,65,24279,27207,0,CAPACITY_EXCEEDED,INVALID
1936,2,20,66,24116,27052,0,CAPACITY_EXCEEDED,INVALID
1937,2,20,67,24407,27352,0,CAPACITY_EXCEEDED,INVALID
1938,2,20,68,23412,26338,1,FEASIBLE,WORSE
1939,2,20,69,23562,26548,1,FEASIBLE,WORSE
1940,2,20,70,24416,27348,0,CAPACITY_EXCEEDED,INVALID
1941,2,20,71,24510,27463,0,CAPACITY_EXCEEDED,INVALID
1942,2,20,72,24000,26993,0,CAPACITY_EXCEEDED,INVALID
1943,2,20,73,23718,26724,1,FEASIBLE,WORSE
1944,2,20,74,24135,27091,0,CAPACITY_EXCEEDED,INVALID
1945,2,20,75,23480,26414,1,FEASIBLE,WORSE
1946,2,20,76,25074,28037,0,CAPACITY_EXCEEDED,INVALID
1947,2,20,77,25133,28053,0,CAPACITY_EXCEEDED,INVALID
1948,2,20,78,23443,26378,1,FEASIBLE,WORSE
1949,2,20,79,25138,28060,0,CAPACITY_EXCEEDED,INVALID
1950,2,20,80,24159,27093,0,CAPACITY_EXCEEDED,INVALID
1951,2,20,81,24467,27410,0,CAPACITY_EXCEEDED,INVALID
1952,2,20,82,23211,26169,1,FEASIBLE,WORSE
1953,2,20,83,23402,26365,1,FEASIBLE,WORSE
1954,2,20,84,23767,26711,1,FEASIBLE,WORSE
1955,2,20,85,25122,28152,0,CAPACITY_EXCEEDED,INVALID
1956,2,20,86,23557,26501,1,FEASIBLE,WORSE
1957,2,20,87,24996,27956,0,CAPACITY_EXCEEDED,INVALID
1958,2,20,88,23884,26870,0,CAPACITY_EXCEEDED,INVALID
1959,2,20,89,24370,27356,0,CAPACITY_EXCEEDED,INVALID
1960,2,20,90,23733,26674,1,FEASIBLE,WORSE
1961,2,20,91,24041,27006,0,CAPACITY_EXCEEDED,INVALID
1962,2,20,92,24560,27574,0,CAPACITY_EXCEEDED,INVALID
1963,2,20,93,25140,28165,0,CAPACITY_EXCEEDED,INVALID
1964,2,20,94,24510,27435,0,CAPACITY_EXCEEDED,INVALID
1965,2,20,95,24168,27194,0,CAPACITY_EXCEEDED,INVALID
1966,2,20,96,24133,27111,0,CAPACITY_EXCEEDED,INVALID
1967,2,20,97,24008,27030,0,CAPACITY_EXCEEDED,INVALID
1968,2,20,98,23394,26341,1,FEASIBLE,WORSE
1969,2,20,99,23815,26813,1,FEASIBLE,WORSE
1970,2,21,22,25227,28188,0,CAPACITY_EXCEEDED,INVALID
1971,2,21,23,25350,28388,0,CAPACITY_EXCEEDED,INVALID
1972,2,21,24,25376,28379,0,CAPACITY_EXCEEDED,INVALID
1973,2,21,25,24408,27382,0,CAPACITY_EXCEEDED,INVALID
1974,2,21,26,23889,26876,0,CAPACITY_EXCEEDED,INVALID
1975,2,21,27,25167,28221,0,CAPACITY_EXCEEDED,INVALID
1976,2,21,28,25001,27961,0,CAPACITY_EXCEEDED,INVALID
1977,2,21,29,24673,27678,0,CAPACITY_EXCEEDED,INVALID
1978,2,21,30,24969,27971,0,CAPACITY_EXCEEDED,INVALID
1979,2,21,31,24585,27589,0,CAPACITY_EXCEEDED,INVALID
1980,2,21,32,25430,28430,0,CAPACITY_EXCEEDED,INVALID
1981,2,21,33,23629,26609,1,FEASIBLE,WORSE
1982,2,21,34,25043,28025,0,CAPACITY_EXCEEDED,INVALID
1983,2,21,35,24796,27760,0,CAPACITY_EXCEEDED,INVALID
1984,2,21,36,23586,26554,1,FEASIBLE,WORSE
1985,2,21,37,23922,26963,0,CAPACITY_EXCEEDED,INVALID
1986,2,21,38,23612,26567,1,FEASIBLE,WORSE
1987,2,21,39,25344,28378,0,CAPACITY_EXCEEDED,INVALID
1988,2,21,40,23986,26959,0,CAPACITY_EXCEEDED,INVALID
1989,2,21,41,24081,27104,0,CAPACITY_EXCEEDED,INVALID
1990,2,21,42,23896,26892,0,CAPACITY_EXCEEDED,INVALID
1991,2,21,43,24063,27068,0,CAPACITY_EXCEEDED,INVALID
1992,2,21,44,24657,27710,0,CAPACITY_EXCEEDED,INVALID
1993,2,21,45,24801,27773,0,CAPACITY_EXCEEDED,INVALID
1994,2,21,46,25308,28304,0,CAPACITY_EXCEEDED,INVALID
1995,2,21,47,24451,27423,0,CAPACITY_EXCEEDED,INVALID
1996,2,21,48,24448,27416,0,CAPACITY_EXCEEDED,INVALID
1997,2,21,49,23868,26837,1,FEASIBLE,WORSE
1998,2,21,50,24776,27797,0,CAPACITY_EXCEEDED,INVALID
1999,2,21,51,23960,26982,0,CAPACITY_EXCEEDED,INVALID
2000,2,21,52,24023,27017,0,CAPACITY_EXCEEDED,INVALID
2001,2,21,53,24152,27177,0,CAPACITY_EXCEEDED,INVALID
2002,2,21,54,23497,26488,1,FEASIBLE,WORSE
2003,2,21,55,24299,27347,0,CAPACITY_EXCEEDED,INVALID
2004,2,21,56,24082,27105,0,CAPACITY_EXCEEDED,INVALID
2005,2,21,57,24292,27309,0,CAPACITY_EXCEEDED,INVALID
2006,2,21,58,25128,28135,0,CAPACITY_EXCEEDED,INVALID
2007,2,21,59,24218,27187,0,CAPACITY_EXCEEDED,INVALID
2008,2,21,60,24139,27101,0,CAPACITY_EXCEEDED,INVALID
2009,2,21,61,25242,28210,0,CAPACITY_EXCEEDED,INVALID
2010,2,21,62,24174,27133,0,CAPACITY_EXCEEDED,INVALID
2011,2,21,63,23936,26897,0,CAPACITY_EXCEEDED,INVALID
2012,2,21,64,23590,26610,1,FEASIBLE,WORSE
2013,2,21,65,24596,27558,0,CAPACITY_EXCEEDED,INVALID
2014,2,21,66,24433,27403,0,CAPACITY_EXCEEDED,INVALID
2015,2,21,67,24724,27703,0,CAPACITY_EXCEEDED,INVALID
2016,2,21,68,23729,26689,1,FEASIBLE,WORSE
2017,2,21,69,23879,26899,1,FEASIBLE,WORSE
2018,2,21,70,24733,27699,0,CAPACITY_EXCEEDED,INVALID
2019,2,21,71,24827,27814,0,CAPACITY_EXCEEDED,INVALID
2020,2,21,72,24317,27344,0,CAPACITY_EXCEEDED,INVALID
2021,2,21,73,24035,27075,0,CAPACITY_EXCEEDED,INVALID
2022,2,21,74,24452,27442,0,CAPACITY_EXCEEDED,INVALID
2023,2,21,75,23797,26765,1,FEASIBLE,WORSE
2024,2,21,76,25391,28388,0,CAPACITY_EXCEEDED,INVALID
2025,2,21,77,25450,28404,0,CAPACITY_EXCEEDED,INVALID
2026,2,21,78,23760,26729,1,FEASIBLE,WORSE
2027,2,21,79,25455,28411,0,CAPACITY_EXCEEDED,INVALID
2028,2,21,80,24476,27444,0,CAPACITY_EXCEEDED,INVALID
2029,2,21,81,24784,27761,0,CAPACITY_EXCEEDED,INVALID
2030,2,21,82,23528,26520,1,FEASIBLE,WORSE
2031,2,21,83,23719,26716,1,FEASIBLE,WORSE
2032,2,21,84,24084,27062,0,CAPACITY_EXCEEDED,INVALID
2033,2,21,85,25439,28503,0,CAPACITY_EXCEEDED,INVALID
2034,2,21,86,23874,26852,1,FEASIBLE,WORSE
2035,2,21,87,25313,28307,0,CAPACITY_EXCEEDED,INVALID
2036,2,21,88,24201,27221,0,CAPACITY_EXCEEDED,INVALID
2037,2,21,89,24687,27707,0,CAPACITY_EXCEEDED,INVALID
2038,2,21,90,24050,27025,0,CAPACITY_EXCEEDED,INVALID
2039,2,21,91,24358,27357,0,CAPACITY_EXCEEDED,INVALID
2040,2,21,92,24877,27925,0,CAPACITY_EXCEEDED,INVALID
2041,2,21,93,25457,28516,0,CAPACITY_EXCEEDED,INVALID
2042,2,21,94,24827,27786,0,CAPACITY_EXCEEDED,INVALID
2043,2,21,95,24485,27545,0,CAPACITY_EXCEEDED,INVALID
2044,2,21,96,24450,27462,0,CAPACITY_EXCEEDED,INVALID
2045,2,21,97,24325,27381,0,CAPACITY_EXCEEDED,INVALID
2046,2,21,98,23711,26692,1,FEASIBLE,WORSE
2047,2,21,99,24132,27164,0,CAPACITY_EXCEEDED,INVALID
2048,2,22,23,25455,28418,0,CAPACITY_EXCEEDED,INVALID
2049,2,22,24,25481,28409,0,CAPACITY_EXCEEDED,INVALID
2050,2,22,25,24513,27412,0,CAPACITY_EXCEEDED,INVALID
2051,2,22,26,23994,26906,0,CAPACITY_EXCEEDED,INVALID
2052,2,22,27,25272,28251,0,CAPACITY_EXCEEDED,INVALID
2053,2,22,28,25106,27991,0,CAPACITY_EXCEEDED,INVALID
2054,2,22,29,24778,27708,0,CAPACITY_EXCEEDED,INVALID
2055,2,22,30,25074,28001,0,CAPACITY_EXCEEDED,INVALID
2056,2,22,31,24690,27619,0,CAPACITY_EXCEEDED,INVALID
2057,2,22,32,25535,28460,0,CAPACITY_EXCEEDED,INVALID
2058,2,22,33,23734,26639,1,FEASIBLE,WORSE
2059,2,22,34,25148,28055,0,CAPACITY_EXCEEDED,INVALID
2060,2,22,35,24901,27790,0,CAPACITY_EXCEEDED,INVALID
2061,2,22,36,23691,26584,1,FEASIBLE,WORSE
2062,2,22,37,24027,26993,0,CAPACITY_EXCEEDED,INVALID
2063,2,22,38,23717,26597,1,FEASIBLE,WORSE
2064,2,22,39,25449,28408,0,CAPACITY_EXCEEDED,INVALID
2065,2,22,40,24091,26989,0,CAPACITY_EXCEEDED,INVALID
2066,2,22,41,24186,27134,0,CAPACITY_EXCEEDED,INVALID
2067,2,22,42,24001,26922,0,CAPACITY_EXCEEDED,INVALID
2068,2,22,43,24168,27098,0,CAPACITY_EXCEEDED,INVALID
2069,2,22,44,24762,27740,0,CAPACITY_EXCEEDED,INVALID
2070,2,22,45,24906,27803,0,CAPACITY_EXCEEDED,INVALID
2071,2,22,46,25413,28334,0,CAPACITY_EXCEEDED,INVALID
2072,2,22,47,24556,27453,0,CAPACITY_EXCEEDED,INVALID
2073,2,22,48,24553,27446,0,CAPACITY_EXCEEDED,INVALID
2074,2,22,49,23973,26867,0,CAPACITY_EXCEEDED,INVALID
2075,2,22,50,24881,27827,0,CAPACITY_EXCEEDED,INVALID
2076,2,22,51,24065,27012,0,CAPACITY_EXCEEDED,INVALID
2077,2,22,52,24128,27047,0,CAPACITY_EXCEEDED,INVALID
2078,2,22,53,24257,27207,0,CAPACITY_EXCEEDED,INVALID
2079,2,22,54,23602,26518,1,FEASIBLE,WORSE
2080,2,22,55,24404,27377,0,CAPACITY_EXCEEDED,INVALID
2081,2,22,56,24187,27135,0,CAPACITY_EXCEEDED,INVALID
2082,2,22,57,24397,27339,0,CAPACITY_EXCEEDED,INVALID
2083,2,22,58,25233,28165,0,CAPACITY_EXCEEDED,INVALID
2084,2,22,59,24323,27217,0,CAPACITY_EXCEEDED,INVALID
2085,2,22,60,24244,27131,0,CAPACITY_EXCEEDED,INVALID
2086,2,22,61,25347,28240,0,CAPACITY_EXCEEDED,INVALID
2087,2,22,62,24279,27163,0,CAPACITY_EXCEEDED,INVALID
2088,2,22,63,24041,26927,0,CAPACITY_EXCEEDED,INVALID
2089,2,22,64,23695,26640,1,FEASIBLE,WORSE
2090,2,22,65,24701,27588,0,CAPACITY_EXCEEDED,INVALID
2091,2,22,66,24538,27433,0,CAPACITY_EXCEEDED,INVALID
2092,2,22,67,24829,27733,0,CAPACITY_EXCEEDED,INVALID
2093,2,22,68,23834,26719,1,FEASIBLE,WORSE
2094,2,22,69,23984,26929,0,CAPACITY_EXCEEDED,INVALID
2095,2,22,70,24838,27729,0,CAPACITY_EXCEEDED,INVALID
2096,2,22,71,24932,27844,0,CAPACITY_EXCEEDED,INVALID
2097,2,22,72,24422,27374,0,CAPACITY_EXCEEDED,INVALID
2098,2,22,73,24140,27105,0,CAPACITY_EXCEEDED,INVALID
2099,2,22,74,24557,27472,0,CAPACITY_EXCEEDED,INVALID
2100,2,22,75,23902,26795,0,CAPACITY_EXCEEDED,INVALID
2101,2,22,76,25496,28418,0,CAPACITY_EXCEEDED,INVALID
2102,2,22,77,25555,28434,0,CAPACITY_EXCEEDED,INVALID
2103,2,22,78,23865,26759,1,FEASIBLE,WORSE
2104,2,22,79,25560,28441,0,CAPACITY_EXCEEDED,INVALID
2105,2,22,80,24581,27474,0,CAPACITY_EXCEEDED,INVALID
2106,2,22,81,24889,27791,0,CAPACITY_EXCEEDED,INVALID
2107,2,22,82,23633,26550,1,FEASIBLE,WORSE
2108,2,22,83,23824,26746,1,FEASIBLE,WORSE
2109,2,22,84,24189,27092,0,CAPACITY_EXCEEDED,INVALID
2110,2,22,85,25544,28533,0,CAPACITY_EXCEEDED,INVALID
2111,2,22,86,23979,26882,0,CAPACITY_EXCEEDED,INVALID
2112,2,22,87,25418,28337,0,CAPACITY_EXCEEDED,INVALID
2113,2,22,88,24306,27251,0,CAPACITY_EXCEEDED,INVALID
2114,2,22,89,24792,27737,0,CAPACITY_EXCEEDED,INVALID
2115,2,22,90,24155,27055,0,CAPACITY_EXCEEDED,INVALID
2116,2,22,91,24463,27387,0,CAPACITY_EXCEEDED,INVALID
2117,2,22,92,24982,27955,0,CAPACITY_EXCEEDED,INVALID
2118,2,22,93,25562,28546,0,CAPACITY_EXCEEDED,INVALID
2119,2,22,94,24932,27816,0,CAPACITY_EXCEEDED,INVALID
2120,2,22,95,24590,27575,0,CAPACITY_EXCEEDED,INVALID
2121,2,22,96,24555,27492,0,CAPACITY_EXCEEDED,INVALID
2122,2,22,97,24430,27411,0,CAPACITY_EXCEEDED,INVALID
2123,2,22,98,23816,26722,1,FEASIBLE,WORSE
2124,2,22,99,24237,27194,0,CAPACITY_EXCEEDED,INVALID
2125,2,23,24,25604,28609,0,CAPACITY_EXCEEDED,INVALID
2126,2,23,25,24636,27612,0,CAPACITY_EXCEEDED,INVALID
2127,2,23,26,24117,27106,0,CAPACITY_EXCEEDED,INVALID
2128,2,23,27,25395,28451,0,CAPACITY_EXCEEDED,INVALID
2129,2,23,28,25229,28191,0,CAPACITY_EXCEEDED,INVALID
2130,2,23,29,24901,27908,0,CAPACITY_EXCEEDED,INVALID
2131,2,23,30,25197,28201,0,CAPACITY_EXCEEDED,INVALID
2132,2,23,31,24813,27819,0,CAPACITY_EXCEEDED,INVALID
2133,2,23,32,25658,28660,0,CAPACITY_EXCEEDED,INVALID
2134,2,23,33,23857,26839,1,FEASIBLE,WORSE
2135,2,23,34,25271,28255,0,CAPACITY_EXCEEDED,INVALID
2136,2,23,35,25024,27990,0,CAPACITY_EXCEEDED,INVALID
2137,2,23,36,23814,26784,1,FEASIBLE,WORSE
2138,2,23,37,24150,27193,0,CAPACITY_EXCEEDED,INVALID
2139,2,23,38,23840,26797,1,FEASIBLE,WORSE
2140,2,23,39,25572,28608,0,CAPACITY_EXCEEDED,INVALID
2141,2,23,40,24214,27189,0,CAPACITY_EXCEEDED,INVALID
2142,2,23,41,24309,27334,0,CAPACITY_EXCEEDED,INVALID
2143,2,23,42,24124,27122,0,CAPACITY_EXCEEDED,INVALID
2144,2,23,43,24291,27298,0,CAPACITY_EXCEEDED,INVALID
2145,2,23,44,24885,27940,0,CAPACITY_EXCEEDED,INVALID
2146,2,23,45,25029,28003,0,CAPACITY_EXCEEDED,INVALID
2147,2,23,46,25536,28534,0,CAPACITY_EXCEEDED,INVALID
2148,2,23,47,24679,27653,0,CAPACITY_EXCEEDED,INVALID
2149,2,23,48,24676,27646,0,CAPACITY_EXCEEDED,INVALID
2150,2,23,49,24096,27067,0,CAPACITY_EXCEEDED,INVALID
2151,2,23,50,25004,28027,0,CAPACITY_EXCEEDED,INVALID
2152,2,23,51,24188,27212,0,CAPACITY_EXCEEDED,INVALID
2153,2,23,52,24251,27247,0,CAPACITY_EXCEEDED,INVALID
2154,2,23,53,24380,27407,0,CAPACITY_EXCEEDED,INVALID
2155,2,23,54,23725,26718,1,FEASIBLE,WORSE
2156,2,23,55,24527,27577,0,CAPACITY_EXCEEDED,INVALID
2157,2,23,56,24310,27335,0,CAPACITY_EXCEEDED,INVALID
2158,2,23,57,24520,27539,0,CAPACITY_EXCEEDED,INVALID
2159,2,23,58,25356,28365,0,CAPACITY_EXCEEDED,INVALID
2160,2,23,59,24446,27417,0,CAPACITY_EXCEEDED,INVALID
2161,2,23,60,24367,27331,0,CAPACITY_EXCEEDED,INVALID
2162,2,23,61,25470,28440,0,CAPACITY_EXCEEDED,INVALID
2163,2,23,62,24402,27363,0,CAPACITY_EXCEEDED,INVALID
2164,2,23,63,24164,27127,0,CAPACITY_EXCEEDED,INVALID
2165,2,23,64,23818,26840,1,FEASIBLE,WORSE
2166,2,23,65,24824,27788,0,CAPACITY_EXCEEDED,INVALID
2167,2,23,66,24661,27633,0,CAPACITY_EXCEEDED,INVALID
2168,2,23,67,24952,27933,0,CAPACITY_EXCEEDED,INVALID
2169,2,23,68,23957,26919,0,CAPACITY_EXCEEDED,INVALID
2170,2,23,69,24107,27129,0,CAPACITY_EXCEEDED,INVALID
2171,2,23,70,24961,27929,0,CAPACITY_EXCEEDED,INVALID
2172,2,23,71,25055,28044,0,CAPACITY_EXCEEDED,INVALID
2173,2,23,72,24545,27574,0,CAPACITY_EXCEEDED,INVALID
2174,2,23,73,24263,27305,0,CAPACITY_EXCEEDED,INVALID
2175,2,23,74,24680,27672,0,CAPACITY_EXCEEDED,INVALID
2176,2,23,75,24025,26995,0,CAPACITY_EXCEEDED,INVALID
2177,2,23,76,25619,28618,0,CAPACITY_EXCEEDED,INVALID
2178,2,23,77,25678,28634,0,CAPACITY_EXCEEDED,INVALID
2179,2,23,78,23988,26959,0,CAPACITY_EXCEEDED,INVALID
2180,2,23,79,25683,28641,0,CAPACITY_EXCEEDED,INVALID
2181,2,23,80,24704,27674,0,CAPACITY_EXCEEDED,INVALID
2182,2,23,81,25012,27991,0,CAPACITY_EXCEEDED,INVALID
2183,2,23,82,23756,26750,1,FEASIBLE,WORSE
2184,2,23,83,23947,26946,0,CAPACITY_EXCEEDED,INVALID
2185,2,23,84,24312,27292,0,CAPACITY_EXCEEDED,INVALID
2186,2,23,85,25667,28733,0,CAPACITY_EXCEEDED,INVALID
2187,2,23,86,24102,27082,0,CAPACITY_EXCEEDED,INVALID
2188,2,23,87,25541,28537,0,CAPACITY_EXCEEDED,INVALID
2189,2,23,88,24429,27451,0,CAPACITY_EXCEEDED,INVALID
2190,2,23,89,24915,27937,0,CAPACITY_EXCEEDED,INVALID
2191,2,23,90,24278,27255,0,CAPACITY_EXCEEDED,INVALID
2192,2,23,91,24586,27587,0,CAPACITY_EXCEEDED,INVALID
2193,2,23,92,25105,28155,0,CAPACITY_EXCEEDED,INVALID
2194,2,23,93,25685,28746,0,CAPACITY_EXCEEDED,INVALID
2195,2,23,94,25055,28016,0,CAPACITY_EXCEEDED,INVALID
2196,2,23,95,24713,27775,0,CAPACITY_EXCEEDED,INVALID
2197,2,23,96,24678,27692,0,CAPACITY_EXCEEDED,INVALID
2198,2,23,97,24553,27611,0,CAPACITY_EXCEEDED,INVALID
2199,2,23,98,23939,26922,0,CAPACITY_EXCEEDED,INVALID
2200,2,23,99,24360,27394,0,CAPACITY_EXCEEDED,INVALID
2201,2,24,25,24662,27603,0,CAPACITY_EXCEEDED,INVALID
2202,2,24,26,24143,27097,0,CAPACITY_EXCEEDED,INVALID
2203,2,24,27,25421,28442,0,CAPACITY_EXCEEDED,INVALID
2204,2,24,28,25255,28182,0,CAPACITY_EXCEEDED,INVALID
2205,2,24,29,24927,27899,0,CAPACITY_EXCEEDED,INVALID
2206,2,24,30,25223,28192,0,CAPACITY_EXCEEDED,INVALID
2207,2,24,31,24839,27810,0,CAPACITY_EXCEEDED,INVALID
2208,2,24,32,25684,28651,0,CAPACITY_EXCEEDED,INVALID
2209,2,24,33,23883,26830,0,CAPACITY_EXCEEDED,INVALID
2210,2,24,34,25297,28246,0,CAPACITY_EXCEEDED,INVALID
2211,2,24,35,25050,27981,0,CAPACITY_EXCEEDED,INVALID
2212,2,24,36,23840,26775,1,FEASIBLE,WORSE
2213,2,24,37,24176,27184,0,CAPACITY_EXCEEDED,INVALID
2214,2,24,38,23866,26788,1,FEASIBLE,WORSE
2215,2,24,39,25598,28599,0,CAPACITY_EXCEEDED,INVALID
2216,2,24,40,24240,27180,0,CAPACITY_EXCEEDED,INVALID
2217,2,24,41,24335,27325,0,CAPACITY_EXCEEDED,INVALID
2218,2,24,42,24150,27113,0,CAPACITY_EXCEEDED,INVALID
2219,2,24,43,24317,27289,0,CAPACITY_EXCEEDED,INVALID
2220,2,24,44,24911,27931,0,CAPACITY_EXCEEDED,INVALID
2221,2,24,45,25055,27994,0,CAPACITY_EXCEEDED,INVALID
2222,2,24,46,25562,28525,0,CAPACITY_EXCEEDED,INVALID
2223,2,24,47,24705,27644,0,CAPACITY_EXCEEDED,INVALID
2224,2,24,48,24702,27637,0,CAPACITY_EXCEEDED,INVALID
2225,2,24,49,24122,27058,0,CAPACITY_EXCEEDED,INVALID
2226,2,24,50,25030,28018,0,CAPACITY_EXCEEDED,INVALID
2227,2,24,51,24214,27203,0,CAPACITY_EXCEEDED,INVALID
2228,2,24,52,24277,27238,0,CAPACITY_EXCEEDED,INVALID
2229,2,24,53,24406,27398,0,CAPACITY_EXCEEDED,INVALID
2230,2,24,54,23751,26709,1,FEASIBLE,WORSE
2231,2,24,55,24553,27568,0,CAPACITY_EXCEEDED,INVALID
2232,2,24,56,24336,27326,0,CAPACITY_EXCEEDED,INVALID
2233,2,24,57,24546,27530,0,CAPACITY_EXCEEDED,INVALID
2234,2,24,58,25382,28356,0,CAPACITY_EXCEEDED,INVALID
2235,2,24,59,24472,27408,0,CAPACITY_EXCEEDED,INVALID
2236,2,24,60,24393,27322,0,CAPACITY_EXCEEDED,INVALID
2237,2,24,61,25496,28431,0,CAPACITY_EXCEEDED,INVALID
2238,2,24,62,24428,27354,0,CAPACITY_EXCEEDED,INVALID
2239,2,24,63,24190,27118,0,CAPACITY_EXCEEDED,INVALID
2240,2,24,64,23844,26831,1,FEASIBLE,WORSE
2241,2,24,65,24850,27779,0,CAPACITY_EXCEEDED,INVALID
2242,2,24,66,24687,27624,0,CAPACITY_EXCEEDED,INVALID
2243,2,24,67,24978,27924,0,CAPACITY_EXCEEDED,INVALID
2244,2,24,68,23983,26910,0,CAPACITY_EXCEEDED,INVALID
2245,2,24,69,24133,27120,0,CAPACITY_EXCEEDED,INVALID
2246,2,24,70,24987,27920,0,CAPACITY_EXCEEDED,INVALID
2247,2,24,71,25081,28035,0,CAPACITY_EXCEEDED,INVALID
2248,2,24,72,24571,27565,0,CAPACITY_EXCEEDED,INVALID
2249,2,24,73,24289,27296,0,CAPACITY_EXCEEDED,INVALID
2250,2,24,74,24706,27663,0,CAPACITY_EXCEEDED,INVALID
2251,2,24,75,24051,26986,0,CAPACITY_EXCEEDED,INVALID
2252,2,24,76,25645,28609,0,CAPACITY_EXCEEDED,INVALID
2253,2,24,77,25704,28625,0,CAPACITY_EXCEEDED,INVALID
2254,2,24,78,24014,26950,0,CAPACITY_EXCEEDED,INVALID
2255,2,24,79,25709,28632,0,CAPACITY_EXCEEDED,INVALID
2256,2,24,80,24730,27665,0,CAPACITY_EXCEEDED,INVALID
2257,2,24,81,25038,27982,0,CAPACITY_EXCEEDED,INVALID
2258,2,24,82,23782,26741,1,FEASIBLE,WORSE
2259,2,24,83,23973,26937,0,CAPACITY_EXCEEDED,INVALID
2260,2,24,84,24338,27283,0,CAPACITY_EXCEEDED,INVALID
2261,2,24,85,25693,28724,0,CAPACITY_EXCEEDED,INVALID
2262,2,24,86,24128,27073,0,CAPACITY_EXCEEDED,INVALID
2263,2,24,87,25567,28528,0,CAPACITY_EXCEEDED,INVALID
2264,2,24,88,24455,27442,0,CAPACITY_EXCEEDED,INVALID
2265,2,24,89,24941,27928,0,CAPACITY_EXCEEDED,INVALID
2266,2,24,90,24304,27246,0,CAPACITY_EXCEEDED,INVALID
2267,2,24,91,24612,27578,0,CAPACITY_EXCEEDED,INVALID
2268,2,24,92,25131,28146,0,CAPACITY_EXCEEDED,INVALID
2269,2,24,93,25711,28737,0,CAPACITY_EXCEEDED,INVALID
2270,2,24,94,25081,28007,0,CAPACITY_EXCEEDED,INVALID
2271,2,24,95,24739,27766,0,CAPACITY_EXCEEDED,INVALID
2272,2,24,96,24704,27683,0,CAPACITY_EXCEEDED,INVALID
2273,2,24,97,24579,27602,0,CAPACITY_EXCEEDED,INVALID
2274,2,24,98,23965,26913,0,CAPACITY_EXCEEDED,INVALID
2275,2,24,99,24386,27385,0,CAPACITY_EXCEEDED,INVALID
2276,2,25,26,23175,26100,1,FEASIBLE,WORSE
2277,2,25,27,24453,27445,0,CAPACITY_EXCEEDED,INVALID
2278,2,25,28,24287,27185,0,CAPACITY_EXCEEDED,INVALID
2279,2,25,29,23959,26902,0,CAPACITY_EXCEEDED,INVALID
2280,2,25,30,24255,27195,0,CAPACITY_EXCEEDED,INVALID
2281,2,25,31,23871,26813,1,FEASIBLE,WORSE
2282,2,25,32,24716,27654,0,CAPACITY_EXCEEDED,INVALID
2283,2,25,33,22915,25833,1,FEASIBLE,WORSE
2284,2,25,34,24329,27249,0,CAPACITY_EXCEEDED,INVALID
2285,2,25,35,24082,26984,0,CAPACITY_EXCEEDED,INVALID
2286,2,25,36,22872,25778,1,FEASIBLE,WORSE
2287,2,25,37,23208,26187,1,FEASIBLE,WORSE
2288,2,25,38,22898,25791,1,FEASIBLE,WORSE
2289,2,25,39,24630,27602,0,CAPACITY_EXCEEDED,INVALID
2290,2,25,40,23272,26183,1,FEASIBLE,WORSE
2291,2,25,41,23367,26328,1,FEASIBLE,WORSE
2292,2,25,42,23182,26116,1,FEASIBLE,WORSE
2293,2,25,43,23349,26292,1,FEASIBLE,WORSE
2294,2,25,44,23943,26934,0,CAPACITY_EXCEEDED,INVALID
2295,2,25,45,24087,26997,0,CAPACITY_EXCEEDED,INVALID
2296,2,25,46,24594,27528,0,CAPACITY_EXCEEDED,INVALID
2297,2,25,47,23737,26647,1,FEASIBLE,WORSE
2298,2,25,48,23734,26640,1,FEASIBLE,WORSE
2299,2,25,49,23154,26061,1,FEASIBLE,WORSE
2300,2,25,50,24062,27021,0,CAPACITY_EXCEEDED,INVALID
2301,2,25,51,23246,26206,1,FEASIBLE,WORSE
2302,2,25,52,23309,26241,1,FEASIBLE,WORSE
2303,2,25,53,23438,26401,1,FEASIBLE,WORSE
2304,2,25,54,22783,25712,1,FEASIBLE,WORSE
2305,2,25,55,23585,26571,1,FEASIBLE,WORSE
2306,2,25,56,23368,26329,1,FEASIBLE,WORSE
2307,2,25,57,23578,26533,1,FEASIBLE,WORSE
2308,2,25,58,24414,27359,0,CAPACITY_EXCEEDED,INVALID
2309,2,25,59,23504,26411,1,FEASIBLE,WORSE
2310,2,25,60,23425,26325,1,FEASIBLE,WORSE
2311,2,25,61,24528,27434,0,CAPACITY_EXCEEDED,INVALID
2312,2,25,62,23460,26357,1,FEASIBLE,WORSE
2313,2,25,63,23222,26121,1,FEASIBLE,WORSE
2314,2,25,64,22876,25834,1,FEASIBLE,WORSE
2315,2,25,65,23882,26782,0,CAPACITY_EXCEEDED,INVALID
2316,2,25,66,23719,26627,1,FEASIBLE,WORSE
2317,2,25,67,24010,26927,0,CAPACITY_EXCEEDED,INVALID
2318,2,25,68,23015,25913,1,FEASIBLE,WORSE
2319,2,25,69,23165,26123,1,FEASIBLE,WORSE
2320,2,25,70,24019,26923,0,CAPACITY_EXCEEDED,INVALID
2321,2,25,71,24113,27038,0,CAPACITY_EXCEEDED,INVALID
2322,2,25,72,23603,26568,1,FEASIBLE,WORSE
2323,2,25,73,23321,26299,1,FEASIBLE,WORSE
2324,2,25,74,23738,26666,1,FEASIBLE,WORSE
2325,2,25,75,23083,25989,1,FEASIBLE,WORSE
2326,2,25,76,24677,27612,0,CAPACITY_EXCEEDED,INVALID
2327,2,25,77,24736,27628,0,CAPACITY_EXCEEDED,INVALID
2328,2,25,78,23046,25953,1,FEASIBLE,WORSE
2329,2,25,79,24741,27635,0,CAPACITY_EXCEEDED,INVALID
2330,2,25,80,23762,26668,1,FEASIBLE,WORSE
2331,2,25,81,24070,26985,0,CAPACITY_EXCEEDED,INVALID
2332,2,25,82,22814,25744,1,FEASIBLE,WORSE
2333,2,25,83,23005,25940,1,FEASIBLE,WORSE
2334,2,25,84,23370,26286,1,FEASIBLE,WORSE
2335,2,25,85,24725,27727,0,CAPACITY_EXCEEDED,INVALID
2336,2,25,86,23160,26076,1,FEASIBLE,WORSE
2337,2,25,87,24599,27531,0,CAPACITY_EXCEEDED,INVALID
2338,2,25,88,23487,26445,1,FEASIBLE,WORSE
2339,2,25,89,23973,26931,0,CAPACITY_EXCEEDED,INVALID
2340,2,25,90,23336,26249,1,FEASIBLE,WORSE
2341,2,25,91,23644,26581,1,FEASIBLE,WORSE
2342,2,25,92,24163,27149,0,CAPACITY_EXCEEDED,INVALID
2343,2,25,93,24743,27740,0,CAPACITY_EXCEEDED,INVALID
2344,2,25,94,24113,27010,0,CAPACITY_EXCEEDED,INVALID
2345,2,25,95,23771,26769,1,FEASIBLE,WORSE
2346,2,25,96,23736,26686,1,FEASIBLE,WORSE
2347,2,25,97,23611,26605,1,FEASIBLE,WORSE
2348,2,25,98,22997,25916,1,FEASIBLE,WORSE
2349,2,25,99,23418,26388,1,FEASIBLE,WORSE
2350,2,26,27,23934,26939,0,CAPACITY_EXCEEDED,INVALID
2351,2,26,28,23768,26679,1,FEASIBLE,WORSE
2352,2,26,29,23440,26396,1,FEASIBLE,WORSE
2353,2,26,30,23736,26689,1,FEASIBLE,WORSE
2354,2,26,31,23352,26307,1,FEASIBLE,WORSE
2355,2,26,32,24197,27148,0,CAPACITY_EXCEEDED,INVALID
2356,2,26,33,22396,25327,1,FEASIBLE,WORSE
2357,2,26,34,23810,26743,1,FEASIBLE,WORSE
2358,2,26,35,23563,26478,1,FEASIBLE,WORSE
2359,2,26,36,22353,25272,1,FEASIBLE,WORSE
2360,2,26,37,22689,25681,1,FEASIBLE,WORSE
2361,2,26,38,22379,25285,1,FEASIBLE,WORSE
2362,2,26,39,24111,27096,0,CAPACITY_EXCEEDED,INVALID
2363,2,26,40,22753,25677,1,FEASIBLE,WORSE
2364,2,26,41,22848,25822,1,FEASIBLE,WORSE
2365,2,26,42,22663,25610,1,FEASIBLE,WORSE
2366,2,26,43,22830,25786,1,FEASIBLE,WORSE
2367,2,26,44,23424,26428,1,FEASIBLE,WORSE
2368,2,26,45,23568,26491,1,FEASIBLE,WORSE
2369,2,26,46,24075,27022,0,CAPACITY_EXCEEDED,INVALID
2370,2,26,47,23218,26141,1,FEASIBLE,WORSE
2371,2,26,48,23215,26134,1,FEASIBLE,WORSE
2372,2,26,49,22635,25555,1,FEASIBLE,WORSE
2373,2,26,50,23543,26515,1,FEASIBLE,WORSE
2374,2,26,51,22727,25700,1,FEASIBLE,WORSE
2375,2,26,52,22790,25735,1,FEASIBLE,WORSE
2376,2,26,53,22919,25895,1,FEASIBLE,WORSE
2377,2,26,54,22264,25206,1,FEASIBLE,WORSE
2378,2,26,55,23066,26065,1,FEASIBLE,WORSE
2379,2,26,56,22849,25823,1,FEASIBLE,WORSE
2380,2,26,57,23059,26027,1,FEASIBLE,WORSE
2381,2,26,58,23895,26853,0,CAPACITY_EXCEEDED,INVALID
2382,2,26,59,22985,25905,1,FEASIBLE,WORSE
2383,2,26,60,22906,25819,1,FEASIBLE,WORSE
2384,2,26,61,24009,26928,0,CAPACITY_EXCEEDED,INVALID
2385,2,26,62,22941,25851,1,FEASIBLE,WORSE
2386,2,26,63,22703,25615,1,FEASIBLE,WORSE
2387,2,26,64,22357,25328,1,FEASIBLE,WORSE
2388,2,26,65,23363,26276,1,FEASIBLE,WORSE
2389,2,26,66,23200,26121,1,FEASIBLE,WORSE
2390,2,26,67,23491,26421,1,FEASIBLE,WORSE
2391,2,26,68,22496,25407,1,FEASIBLE,WORSE
2392,2,26,69,22646,25617,1,FEASIBLE,WORSE
2393,2,26,70,23500,26417,1,FEASIBLE,WORSE
2394,2,26,71,23594,26532,1,FEASIBLE,WORSE
2395,2,26,72,23084,26062,1,FEASIBLE,WORSE
2396,2,26,73,22802,25793,1,FEASIBLE,WORSE
2397,2,26,74,23219,26160,1,FEASIBLE,WORSE
2398,2,26,75,22564,25483,1,FEASIBLE,WORSE
2399,2,26,76,24158,27106,0,CAPACITY_EXCEEDED,INVALID
2400,2,26,77,24217,27122,0,CAPACITY_EXCEEDED,INVALID
2401,2,26,78,22527,25447,1,FEASIBLE,WORSE
2402,2,26,79,24222,27129,0,CAPACITY_EXCEEDED,INVALID
2403,2,26,80,23243,26162,1,FEASIBLE,WORSE
2404,2,26,81,23551,26479,1,FEASIBLE,WORSE
2405,2,26,82,22295,25238,1,FEASIBLE,WORSE
2406,2,26,83,22486,25434,1,FEASIBLE,WORSE
2407,2,26,84,22851,25780,1,FEASIBLE,WORSE
2408,2,26,85,24206,27221,0,CAPACITY_EXCEEDED,INVALID
2409,2,26,86,22641,25570,1,FEASIBLE,WORSE
2410,2,26,87,24080,27025,0,CAPACITY_EXCEEDED,INVALID
2411,2,26,88,22968,25939,1,FEASIBLE,WORSE
2412,2,26,89,23454,26425,1,FEASIBLE,WORSE
2413,2,26,90,22817,25743,1,FEASIBLE,WORSE
2414,2,26,91,23125,26075,1,FEASIBLE,WORSE
2415,2,26,92,23644,26643,1,FEASIBLE,WORSE
2416,2,26,93,24224,27234,0,CAPACITY_EXCEEDED,INVALID
2417,2,26,94,23594,26504,1,FEASIBLE,WORSE
2418,2,26,95,23252,26263,1,FEASIBLE,WORSE
2419,2,26,96,23217,26180,1,FEASIBLE,WORSE
2420,2,26,97,23092,26099,1,FEASIBLE,WORSE
2421,2,26,98,22478,25410,1,FEASIBLE,WORSE
2422,2,26,99,22899,25882,1,FEASIBLE,WORSE
2423,2,27,28,25046,28024,0,CAPACITY_EXCEEDED,INVALID
2424,2,27,29,24718,27741,0,CAPACITY_EXCEEDED,INVALID
2425,2,27,30,25014,28034,0,CAPACITY_EXCEEDED,INVALID
2426,2,27,31,24630,27652,0,CAPACITY_EXCEEDED,INVALID
2427,2,27,32,25475,28493,0,CAPACITY_EXCEEDED,INVALID
2428,2,27,33,23674,26672,1,FEASIBLE,WORSE
2429,2,27,34,25088,28088,0,CAPACITY_EXCEEDED,INVALID
2430,2,27,35,24841,27823,0,CAPACITY_EXCEEDED,INVALID
2431,2,27,36,23631,26617,1,FEASIBLE,WORSE
2432,2,27,37,23967,27026,0,CAPACITY_EXCEEDED,INVALID
2433,2,27,38,23657,26630,1,FEASIBLE,WORSE
2434,2,27,39,25389,28441,0,CAPACITY_EXCEEDED,INVALID
2435,2,27,40,24031,27022,0,CAPACITY_EXCEEDED,INVALID
2436,2,27,41,24126,27167,0,CAPACITY_EXCEEDED,INVALID
2437,2,27,42,23941,26955,0,CAPACITY_EXCEEDED,INVALID
2438,2,27,43,24108,27131,0,CAPACITY_EXCEEDED,INVALID
2439,2,27,44,24702,27773,0,CAPACITY_EXCEEDED,INVALID
2440,2,27,45,24846,27836,0,CAPACITY_EXCEEDED,INVALID
2441,2,27,46,25353,28367,0,CAPACITY_EXCEEDED,INVALID
2442,2,27,47,24496,27486,0,CAPACITY_EXCEEDED,INVALID
2443,2,27,48,24493,27479,0,CAPACITY_EXCEEDED,INVALID
2444,2,27,49,23913,26900,0,CAPACITY_EXCEEDED,INVALID
2445,2,27,50,24821,27860,0,CAPACITY_EXCEEDED,INVALID
2446,2,27,51,24005,27045,0,CAPACITY_EXCEEDED,INVALID
2447,2,27,52,24068,27080,0,CAPACITY_EXCEEDED,INVALID
2448,2,27,53,24197,27240,0,CAPACITY_EXCEEDED,INVALID
2449,2,27,54,23542,26551,1,FEASIBLE,WORSE
2450,2,27,55,24344,27410,0,CAPACITY_EXCEEDED,INVALID
2451,2,27,56,24127,27168,0,CAPACITY_EXCEEDED,INVALID
2452,2,27,57,24337,27372,0,CAPACITY_EXCEEDED,INVALID
2453,2,27,58,25173,28198,0,CAPACITY_EXCEEDED,INVALID
2454,2,27,59,24263,27250,0,CAPACITY_EXCEEDED,INVALID
2455,2,27,60,24184,27164,0,CAPACITY_EXCEEDED,INVALID
2456,2,27,61,25287,28273,0,CAPACITY_EXCEEDED,INVALID
2457,2,27,62,24219,27196,0,CAPACITY_EXCEEDED,INVALID
2458,2,27,63,23981,26960,0,CAPACITY_EXCEEDED,INVALID
2459,2,27,64,23635,26673,1,FEASIBLE,WORSE
2460,2,27,65,24641,27621,0,CAPACITY_EXCEEDED,INVALID
2461,2,27,66,24478,27466,0,CAPACITY_EXCEEDED,INVALID
2462,2,27,67,24769,27766,0,CAPACITY_EXCEEDED,INVALID
2463,2,27,68,23774,26752,1,FEASIBLE,WORSE
2464,2,27,69,23924,26962,0,CAPACITY_EXCEEDED,INVALID
2465,2,27,70,24778,27762,0,CAPACITY_EXCEEDED,INVALID
2466,2,27,71,24872,27877,0,CAPACITY_EXCEEDED,INVALID
2467,2,27,72,24362,27407,0,CAPACITY_EXCEEDED,INVALID
2468,2,27,73,24080,27138,0,CAPACITY_EXCEEDED,INVALID
2469,2,27,74,24497,27505,0,CAPACITY_EXCEEDED,INVALID
2470,2,27,75,23842,26828,1,FEASIBLE,WORSE
2471,2,27,76,25436,28451,0,CAPACITY_EXCEEDED,INVALID
2472,2,27,77,25495,28467,0,CAPACITY_EXCEEDED,INVALID
2473,2,27,78,23805,26792,1,FEASIBLE,WORSE
2474,2,27,79,25500,28474,0,CAPACITY_EXCEEDED,INVALID
2475,2,27,80,24521,27507,0,CAPACITY_EXCEEDED,INVALID
2476,2,27,81,24829,27824,0,CAPACITY_EXCEEDED,INVALID
2477,2,27,82,23573,26583,1,FEASIBLE,WORSE
2478,2,27,83,23764,26779,1,FEASIBLE,WORSE
2479,2,27,84,24129,27125,0,CAPACITY_EXCEEDED,INVALID
2480,2,27,85,25484,28566,0,CAPACITY_EXCEEDED,INVALID
2481,2,27,86,23919,26915,0,CAPACITY_EXCEEDED,INVALID
2482,2,27,87,25358,28370,0,CAPACITY_EXCEEDED,INVALID
2483,2,27,88,24246,27284,0,CAPACITY_EXCEEDED,INVALID
2484,2,27,89,24732,27770,0,CAPACITY_EXCEEDED,INVALID
2485,2,27,90,24095,27088,0,CAPACITY_EXCEEDED,INVALID
2486,2,27,91,24403,27420,0,CAPACITY_EXCEEDED,INVALID
2487,2,27,92,24922,27988,0,CAPACITY_EXCEEDED,INVALID
2488,2,27,93,25502,28579,0,CAPACITY_EXCEEDED,INVALID
2489,2,27,94,24872,27849,0,CAPACITY_EXCEEDED,INVALID
2490,2,27,95,24530,27608,0,CAPACITY_EXCEEDED,INVALID
2491,2,27,96,24495,27525,0,CAPACITY_EXCEEDED,INVALID
2492,2,27,97,24370,27444,0,CAPACITY_EXCEEDED,INVALID
2493,2,27,98,23756,26755,1,FEASIBLE,WORSE
2494,2,27,99,24177,27227,0,CAPACITY_EXCEEDED,INVALID
2495,2,28,29,24552,27481,0,CAPACITY_EXCEEDED,INVALID
2496,2,28,30,24848,27774,0,CAPACITY_EXCEEDED,INVALID
2497,2,28,31,24464,27392,0,CAPACITY_EXCEEDED,INVALID
2498,2,28,32,25309,28233,0,CAPACITY_EXCEEDED,INVALID
2499,2,28,33,23508,26412,1,FEASIBLE,WORSE
2500,2,28,34,24922,27828,0,CAPACITY_EXCEEDED,INVALID
2501,2,28,35,24675,27563,0,CAPACITY_EXCEEDED,INVALID
2502,2,28,36,23465,26357,1,FEASIBLE,WORSE
2503,2,28,37,23801,26766,1,FEASIBLE,WORSE
2504,2,28,38,23491,26370,1,FEASIBLE,WORSE
2505,2,28,39,25223,28181,0,CAPACITY_EXCEEDED,INVALID
2506,2,28,40,23865,26762,1,FEASIBLE,WORSE
2507,2,28,41,23960,26907,0,CAPACITY_EXCEEDED,INVALID
2508,2,28,42,23775,26695,1,FEASIBLE,WORSE
2509,2,28,43,23942,26871,0,CAPACITY_EXCEEDED,INVALID
2510,2,28,44,24536,27513,0,CAPACITY_EXCEEDED,INVALID
2511,2,28,45,24680,27576,0,CAPACITY_EXCEEDED,INVALID
2512,2,28,46,25187,28107,0,CAPACITY_EXCEEDED,INVALID
2513,2,28,47,24330,27226,0,CAPACITY_EXCEEDED,INVALID
2514,2,28,48,24327,27219,0,CAPACITY_EXCEEDED,INVALID
2515,2,28,49,23747,26640,1,FEASIBLE,WORSE
2516,2,28,50,24655,27600,0,CAPACITY_EXCEEDED,INVALID
2517,2,28,51,23839,26785,1,FEASIBLE,WORSE
2518,2,28,52,23902,26820,0,CAPACITY_EXCEEDED,INVALID
2519,2,28,53,24031,26980,0,CAPACITY_EXCEEDED,INVALID
2520,2,28,54,23376,26291,1,FEASIBLE,WORSE
2521,2,28,55,24178,27150,0,CAPACITY_EXCEEDED,INVALID
2522,2,28,56,23961,26908,0,CAPACITY_EXCEEDED,INVALID
2523,2,28,57,24171,27112,0,CAPACITY_EXCEEDED,INVALID
2524,2,28,58,25007,27938,0,CAPACITY_EXCEEDED,INVALID
2525,2,28,59,24097,26990,0,CAPACITY_EXCEEDED,INVALID
2526,2,28,60,24018,26904,0,CAPACITY_EXCEEDED,INVALID
2527,2,28,61,25121,28013,0,CAPACITY_EXCEEDED,INVALID
2528,2,28,62,24053,26936,0,CAPACITY_EXCEEDED,INVALID
2529,2,28,63,23815,26700,1,FEASIBLE,WORSE
2530,2,28,64,23469,26413,1,FEASIBLE,WORSE
2531,2,28,65,24475,27361,0,CAPACITY_EXCEEDED,INVALID
2532,2,28,66,24312,27206,0,CAPACITY_EXCEEDED,INVALID
2533,2,28,67,24603,27506,0,CAPACITY_EXCEEDED,INVALID
2534,2,28,68,23608,26492,1,FEASIBLE,WORSE
2535,2,28,69,23758,26702,1,FEASIBLE,WORSE
2536,2,28,70,24612,27502,0,CAPACITY_EXCEEDED,INVALID
2537,2,28,71,24706,27617,0,CAPACITY_EXCEEDED,INVALID
2538,2,28,72,24196,27147,0,CAPACITY_EXCEEDED,INVALID
2539,2,28,73,23914,26878,0,CAPACITY_EXCEEDED,INVALID
2540,2,28,74,24331,27245,0,CAPACITY_EXCEEDED,INVALID
2541,2,28,75,23676,26568,1,FEASIBLE,WORSE
2542,2,28,76,25270,28191,0,CAPACITY_EXCEEDED,INVALID
2543,2,28,77,25329,28207,0,CAPACITY_EXCEEDED,INVALID
2544,2,28,78,23639,26532,1,FEASIBLE,WORSE
2545,2,28,79,25334,28214,0,CAPACITY_EXCEEDED,INVALID
2546,2,28,80,24355,27247,0,CAPACITY_EXCEEDED,INVALID
2547,2,28,81,24663,27564,0,CAPACITY_EXCEEDED,INVALID
2548,2,28,82,23407,26323,1,FEASIBLE,WORSE
2549,2,28,83,23598,26519,1,FEASIBLE,WORSE
2550,2,28,84,23963,26865,0,CAPACITY_EXCEEDED,INVALID
2551,2,28,85,25318,28306,0,CAPACITY_EXCEEDED,INVALID
2552,2,28,86,23753,26655,1,FEASIBLE,WORSE
2553,2,28,87,25192,28110,0,CAPACITY_EXCEEDED,INVALID
2554,2,28,88,24080,27024,0,CAPACITY_EXCEEDED,INVALID
2555,2,28,89,24566,27510,0,CAPACITY_EXCEEDED,INVALID
2556,2,28,90,23929,26828,0,CAPACITY_EXCEEDED,INVALID
2557,2,28,91,24237,27160,0,CAPACITY_EXCEEDED,INVALID
2558,2,28,92,24756,27728,0,CAPACITY_EXCEEDED,INVALID
2559,2,28,93,25336,28319,0,CAPACITY_EXCEEDED,INVALID
2560,2,28,94,24706,27589,0,CAPACITY_EXCEEDED,INVALID
2561,2,28,95,24364,27348,0,CAPACITY_EXCEEDED,INVALID
2562,2,28,96,24329,27265,0,CAPACITY_EXCEEDED,INVALID
2563,2,28,97,24204,27184,0,CAPACITY_EXCEEDED,INVALID
2564,2,28,98,23590,26495,1,FEASIBLE,WORSE
2565,2,28,99,24011,26967,0,CAPACITY_EXCEEDED,INVALID
2566,2,29,30,24520,27491,0,CAPACITY_EXCEEDED,INVALID
2567,2,29,31,24136,27109,0,CAPACITY_EXCEEDED,INVALID
2568,2,29,32,24981,27950,0,CAPACITY_EXCEEDED,INVALID
2569,2,29,33,23180,26129,1,FEASIBLE,WORSE
2570,2,29,34,24594,27545,0,CAPACITY_EXCEEDED,INVALID
2571,2,29,35,24347,27280,0,CAPACITY_EXCEEDED,INVALID
2572,2,29,36,23137,26074,1,FEASIBLE,WORSE
2573,2,29,37,23473,26483,1,FEASIBLE,WORSE
2574,2,29,38,23163,26087,1,FEASIBLE,WORSE
2575,2,29,39,24895,27898,0,CAPACITY_EXCEEDED,INVALID
2576,2,29,40,23537,26479,1,FEASIBLE,WORSE
2577,2,29,41,23632,26624,1,FEASIBLE,WORSE
2578,2,29,42,23447,26412,1,FEASIBLE,WORSE
2579,2,29,43,23614,26588,1,FEASIBLE,WORSE
2580,2,29,44,24208,27230,0,CAPACITY_EXCEEDED,INVALID
2581,2,29,45,24352,27293,0,CAPACITY_EXCEEDED,INVALID
2582,2,29,46,24859,27824,0,CAPACITY_EXCEEDED,INVALID
2583,2,29,47,24002,26943,0,CAPACITY_EXCEEDED,INVALID
2584,2,29,48,23999,26936,0,CAPACITY_EXCEEDED,INVALID
2585,2,29,49,23419,26357,1,FEASIBLE,WORSE
2586,2,29,50,24327,27317,0,CAPACITY_EXCEEDED,INVALID
2587,2,29,51,23511,26502,1,FEASIBLE,WORSE
2588,2,29,52,23574,26537,1,FEASIBLE,WORSE
2589,2,29,53,23703,26697,1,FEASIBLE,WORSE
2590,2,29,54,23048,26008,1,FEASIBLE,WORSE
2591,2,29,55,23850,26867,1,FEASIBLE,WORSE
2592,2,29,56,23633,26625,1,FEASIBLE,WORSE
2593,2,29,57,23843,26829,1,FEASIBLE,WORSE
2594,2,29,58,24679,27655,0,CAPACITY_EXCEEDED,INVALID
2595,2,29,59,23769,26707,1,FEASIBLE,WORSE
2596,2,29,60,23690,26621,1,FEASIBLE,WORSE
2597,2,29,61,24793,27730,0,CAPACITY_EXCEEDED,INVALID
2598,2,29,62,23725,26653,1,FEASIBLE,WORSE
2599,2,29,63,23487,26417,1,FEASIBLE,WORSE
2600,2,29,64,23141,26130,1,FEASIBLE,WORSE
2601,2,29,65,24147,27078,0,CAPACITY_EXCEEDED,INVALID
2602,2,29,66,23984,26923,0,CAPACITY_EXCEEDED,INVALID
2603,2,29,67,24275,27223,0,CAPACITY_EXCEEDED,INVALID
2604,2,29,68,23280,26209,1,FEASIBLE,WORSE
2605,2,29,69,23430,26419,1,FEASIBLE,WORSE
2606,2,29,70,24284,27219,0,CAPACITY_EXCEEDED,INVALID
2607,2,29,71,24378,27334,0,CAPACITY_EXCEEDED,INVALID
2608,2,29,72,23868,26864,1,FEASIBLE,WORSE
2609,2,29,73,23586,26595,1,FEASIBLE,WORSE
2610,2,29,74,24003,26962,0,CAPACITY_EXCEEDED,INVALID
2611,2,29,75,23348,26285,1,FEASIBLE,WORSE
2612,2,29,76,24942,27908,0,CAPACITY_EXCEEDED,INVALID
2613,2,29,77,25001,27924,0,CAPACITY_EXCEEDED,INVALID
2614,2,29,78,23311,26249,1,FEASIBLE,WORSE
2615,2,29,79,25006,27931,0,CAPACITY_EXCEEDED,INVALID
2616,2,29,80,24027,26964,0,CAPACITY_EXCEEDED,INVALID
2617,2,29,81,24335,27281,0,CAPACITY_EXCEEDED,INVALID
2618,2,29,82,23079,26040,1,FEASIBLE,WORSE
2619,2,29,83,23270,26236,1,FEASIBLE,WORSE
2620,2,29,84,23635,26582,1,FEASIBLE,WORSE
2621,2,29,85,24990,28023,0,CAPACITY_EXCEEDED,INVALID
2622,2,29,86,23425,26372,1,FEASIBLE,WORSE
2623,2,29,87,24864,27827,0,CAPACITY_EXCEEDED,INVALID
2624,2,29,88,23752,26741,1,FEASIBLE,WORSE
2625,2,29,89,24238,27227,0,CAPACITY_EXCEEDED,INVALID
2626,2,29,90,23601,26545,1,FEASIBLE,WORSE
2627,2,29,91,23909,26877,0,CAPACITY_EXCEEDED,INVALID
2628,2,29,92,24428,27445,0,CAPACITY_EXCEEDED,INVALID
2629,2,29,93,25008,28036,0,CAPACITY_EXCEEDED,INVALID
2630,2,29,94,24378,27306,0,CAPACITY_EXCEEDED,INVALID
2631,2,29,95,24036,27065,0,CAPACITY_EXCEEDED,INVALID
2632,2,29,96,24001,26982,0,CAPACITY_EXCEEDED,INVALID
2633,2,29,97,23876,26901,1,FEASIBLE,WORSE
2634,2,29,98,23262,26212,1,FEASIBLE,WORSE
2635,2,29,99,23683,26684,1,FEASIBLE,WORSE
2636,2,30,31,24432,27402,0,CAPACITY_EXCEEDED,INVALID
2637,2,30,32,25277,28243,0,CAPACITY_EXCEEDED,INVALID
2638,2,30,33,23476,26422,1,FEASIBLE,WORSE
2639,2,30,34,24890,27838,0,CAPACITY_EXCEEDED,INVALID
2640,2,30,35,24643,27573,0,CAPACITY_EXCEEDED,INVALID
2641,2,30,36,23433,26367,1,FEASIBLE,WORSE
2642,2,30,37,23769,26776,1,FEASIBLE,WORSE
2643,2,30,38,23459,26380,1,FEASIBLE,WORSE
2644,2,30,39,25191,28191,0,CAPACITY_EXCEEDED,INVALID
2645,2,30,40,23833,26772,1,FEASIBLE,WORSE
2646,2,30,41,23928,26917,0,CAPACITY_EXCEEDED,INVALID
2647,2,30,42,23743,26705,1,FEASIBLE,WORSE
2648,2,30,43,23910,26881,0,CAPACITY_EXCEEDED,INVALID
2649,2,30,44,24504,27523,0,CAPACITY_EXCEEDED,INVALID
2650,2,30,45,24648,27586,0,CAPACITY_EXCEEDED,INVALID
2651,2,30,46,25155,28117,0,CAPACITY_EXCEEDED,INVALID
2652,2,30,47,24298,27236,0,CAPACITY_EXCEEDED,INVALID
2653,2,30,48,24295,27229,0,CAPACITY_EXCEEDED,INVALID
2654,2,30,49,23715,26650,1,FEASIBLE,WORSE
2655,2,30,50,24623,27610,0,CAPACITY_EXCEEDED,INVALID
2656,2,30,51,23807,26795,1,FEASIBLE,WORSE
2657,2,30,52,23870,26830,1,FEASIBLE,WORSE
2658,2,30,53,23999,26990,0,CAPACITY_EXCEEDED,INVALID
2659,2,30,54,23344,26301,1,FEASIBLE,WORSE
2660,2,30,55,24146,27160,0,CAPACITY_EXCEEDED,INVALID
2661,2,30,56,23929,26918,0,CAPACITY_EXCEEDED,INVALID
2662,2,30,57,24139,27122,0,CAPACITY_EXCEEDED,INVALID
2663,2,30,58,24975,27948,0,CAPACITY_EXCEEDED,INVALID
2664,2,30,59,24065,27000,0,CAPACITY_EXCEEDED,INVALID
2665,2,30,60,23986,26914,0,CAPACITY_EXCEEDED,INVALID
2666,2,30,61,25089,28023,0,CAPACITY_EXCEEDED,INVALID
2667,2,30,62,24021,26946,0,CAPACITY_EXCEEDED,INVALID
2668,2,30,63,23783,26710,1,FEASIBLE,WORSE
2669,2,30,64,23437,26423,1,FEASIBLE,WORSE
2670,2,30,65,24443,27371,0,CAPACITY_EXCEEDED,INVALID
2671,2,30,66,24280,27216,0,CAPACITY_EXCEEDED,INVALID
2672,2,30,67,24571,27516,0,CAPACITY_EXCEEDED,INVALID
2673,2,30,68,23576,26502,1,FEASIBLE,WORSE
2674,2,30,69,23726,26712,1,FEASIBLE,WORSE
2675,2,30,70,24580,27512,0,CAPACITY_EXCEEDED,INVALID
2676,2,30,71,24674,27627,0,CAPACITY_EXCEEDED,INVALID
2677,2,30,72,24164,27157,0,CAPACITY_EXCEEDED,INVALID
2678,2,30,73,23882,26888,0,CAPACITY_EXCEEDED,INVALID
2679,2,30,74,24299,27255,0,CAPACITY_EXCEEDED,INVALID
2680,2,30,75,23644,26578,1,FEASIBLE,WORSE
2681,2,30,76,25238,28201,0,CAPACITY_EXCEEDED,INVALID
2682,2,30,77,25297,28217,0,CAPACITY_EXCEEDED,INVALID
2683,2,30,78,23607,26542,1,FEASIBLE,WORSE
2684,2,30,79,25302,28224,0,CAPACITY_EXCEEDED,INVALID
2685,2,30,80,24323,27257,0,CAPACITY_EXCEEDED,INVALID
2686,2,30,81,24631,27574,0,CAPACITY_EXCEEDED,INVALID
2687,2,30,82,23375,26333,1,FEASIBLE,WORSE
2688,2,30,83,23566,26529,1,FEASIBLE,WORSE
2689,2,30,84,23931,26875,0,CAPACITY_EXCEEDED,INVALID
2690,2,30,85,25286,28316,0,CAPACITY_EXCEEDED,INVALID
2691,2,30,86,23721,26665,1,FEASIBLE,WORSE
2692,2,30,87,25160,28120,0,CAPACITY_EXCEEDED,INVALID
2693,2,30,88,24048,27034,0,CAPACITY_EXCEEDED,INVALID
2694,2,30,89,24534,27520,0,CAPACITY_EXCEEDED,INVALID
2695,2,30,90,23897,26838,0,CAPACITY_EXCEEDED,INVALID
2696,2,30,91,24205,27170,0,CAPACITY_EXCEEDED,INVALID
2697,2,30,92,24724,27738,0,CAPACITY_EXCEEDED,INVALID
2698,2,30,93,25304,28329,0,CAPACITY_EXCEEDED,INVALID
2699,2,30,94,24674,27599,0,CAPACITY_EXCEEDED,INVALID
2700,2,30,95,24332,27358,0,CAPACITY_EXCEEDED,INVALID
2701,2,30,96,24297,27275,0,CAPACITY_EXCEEDED,INVALID
2702,2,30,97,24172,27194,0,CAPACITY_EXCEEDED,INVALID
2703,2,30,98,23558,26505,1,FEASIBLE,WORSE
2704,2,30,99,23979,26977,0,CAPACITY_EXCEEDED,INVALID
2705,2,31,32,24893,27861,0,CAPACITY_EXCEEDED,INVALID
2706,2,31,33,23092,26040,1,FEASIBLE,WORSE
2707,2,31,34,24506,27456,0,CAPACITY_EXCEEDED,INVALID
2708,2,31,35,24259,27191,0,CAPACITY_EXCEEDED,INVALID
2709,2,31,36,23049,25985,1,FEASIBLE,WORSE
2710,2,31,37,23385,26394,1,FEASIBLE,WORSE
2711,2,31,38,23075,25998,1,FEASIBLE,WORSE
2712,2,31,39,24807,27809,0,CAPACITY_EXCEEDED,INVALID
2713,2,31,40,23449,26390,1,FEASIBLE,WORSE
2714,2,31,41,23544,26535,1,FEASIBLE,WORSE
2715,2,31,42,23359,26323,1,FEASIBLE,WORSE
2716,2,31,43,23526,26499,1,FEASIBLE,WORSE
2717,2,31,44,24120,27141,0,CAPACITY_EXCEEDED,INVALID
2718,2,31,45,24264,27204,0,CAPACITY_EXCEEDED,INVALID
2719,2,31,46,24771,27735,0,CAPACITY_EXCEEDED,INVALID
2720,2,31,47,23914,26854,0,CAPACITY_EXCEEDED,INVALID
2721,2,31,48,23911,26847,0,CAPACITY_EXCEEDED,INVALID
2722,2,31,49,23331,26268,1,FEASIBLE,WORSE
2723,2,31,50,24239,27228,0,CAPACITY_EXCEEDED,INVALID
2724,2,31,51,23423,26413,1,FEASIBLE,WORSE
2725,2,31,52,23486,26448,1,FEASIBLE,WORSE
2726,2,31,53,23615,26608,1,FEASIBLE,WORSE
2727,2,31,54,22960,25919,1,FEASIBLE,WORSE
2728,2,31,55,23762,26778,1,FEASIBLE,WORSE
2729,2,31,56,23545,26536,1,FEASIBLE,WORSE
2730,2,31,57,23755,26740,1,FEASIBLE,WORSE
2731,2,31,58,24591,27566,0,CAPACITY_EXCEEDED,INVALID
2732,2,31,59,23681,26618,1,FEASIBLE,WORSE
2733,2,31,60,23602,26532,1,FEASIBLE,WORSE
2734,2,31,61,24705,27641,0,CAPACITY_EXCEEDED,INVALID
2735,2,31,62,23637,26564,1,FEASIBLE,WORSE
2736,2,31,63,23399,26328,1,FEASIBLE,WORSE
2737,2,31,64,23053,26041,1,FEASIBLE,WORSE
2738,2,31,65,24059,26989,0,CAPACITY_EXCEEDED,INVALID
2739,2,31,66,23896,26834,0,CAPACITY_EXCEEDED,INVALID
2740,2,31,67,24187,27134,0,CAPACITY_EXCEEDED,INVALID
2741,2,31,68,23192,26120,1,FEASIBLE,WORSE
2742,2,31,69,23342,26330,1,FEASIBLE,WORSE
2743,2,31,70,24196,27130,0,CAPACITY_EXCEEDED,INVALID
2744,2,31,71,24290,27245,0,CAPACITY_EXCEEDED,INVALID
2745,2,31,72,23780,26775,1,FEASIBLE,WORSE
2746,2,31,73,23498,26506,1,FEASIBLE,WORSE
2747,2,31,74,23915,26873,0,CAPACITY_EXCEEDED,INVALID
2748,2,31,75,23260,26196,1,FEASIBLE,WORSE
2749,2,31,76,24854,27819,0,CAPACITY_EXCEEDED,INVALID
2750,2,31,77,24913,27835,0,CAPACITY_EXCEEDED,INVALID
2751,2,31,78,23223,26160,1,FEASIBLE,WORSE
2752,2,31,79,24918,27842,0,CAPACITY_EXCEEDED,INVALID
2753,2,31,80,23939,26875,0,CAPACITY_EXCEEDED,INVALID
2754,2,31,81,24247,27192,0,CAPACITY_EXCEEDED,INVALID
2755,2,31,82,22991,25951,1,FEASIBLE,WORSE
2756,2,31,83,23182,26147,1,FEASIBLE,WORSE
2757,2,31,84,23547,26493,1,FEASIBLE,WORSE
2758,2,31,85,24902,27934,0,CAPACITY_EXCEEDED,INVALID
2759,2,31,86,23337,26283,1,FEASIBLE,WORSE
2760,2,31,87,24776,27738,0,CAPACITY_EXCEEDED,INVALID
2761,2,31,88,23664,26652,1,FEASIBLE,WORSE
2762,2,31,89,24150,27138,0,CAPACITY_EXCEEDED,INVALID
2763,2,31,90,23513,26456,1,FEASIBLE,WORSE
2764,2,31,91,23821,26788,1,FEASIBLE,WORSE
2765,2,31,92,24340,27356,0,CAPACITY_EXCEEDED,INVALID
2766,2,31,93,24920,27947,0,CAPACITY_EXCEEDED,INVALID
2767,2,31,94,24290,27217,0,CAPACITY_EXCEEDED,INVALID
2768,2,31,95,23948,26976,0,CAPACITY_EXCEEDED,INVALID
2769,2,31,96,23913,26893,0,CAPACITY_EXCEEDED,INVALID
2770,2,31,97,23788,26812,1,FEASIBLE,WORSE
2771,2,31,98,23174,26123,1,FEASIBLE,WORSE
2772,2,31,99,23595,26595,1,FEASIBLE,WORSE
2773,2,32,33,23937,26881,0,CAPACITY_EXCEEDED,INVALID
2774,2,32,34,25351,28297,0,CAPACITY_EXCEEDED,INVALID
2775,2,32,35,25104,28032,0,CAPACITY_EXCEEDED,INVALID
2776,2,32,36,23894,26826,0,CAPACITY_EXCEEDED,INVALID
2777,2,32,37,24230,27235,0,CAPACITY_EXCEEDED,INVALID
2778,2,32,38,23920,26839,0,CAPACITY_EXCEEDED,INVALID
2779,2,32,39,25652,28650,0,CAPACITY_EXCEEDED,INVALID
2780,2,32,40,24294,27231,0,CAPACITY_EXCEEDED,INVALID
2781,2,32,41,24389,27376,0,CAPACITY_EXCEEDED,INVALID
2782,2,32,42,24204,27164,0,CAPACITY_EXCEEDED,INVALID
2783,2,32,43,24371,27340,0,CAPACITY_EXCEEDED,INVALID
2784,2,32,44,24965,27982,0,CAPACITY_EXCEEDED,INVALID
2785,2,32,45,25109,28045,0,CAPACITY_EXCEEDED,INVALID
2786,2,32,46,25616,28576,0,CAPACITY_EXCEEDED,INVALID
2787,2,32,47,24759,27695,0,CAPACITY_EXCEEDED,INVALID
2788,2,32,48,24756,27688,0,CAPACITY_EXCEEDED,INVALID
2789,2,32,49,24176,27109,0,CAPACITY_EXCEEDED,INVALID
2790,2,32,50,25084,28069,0,CAPACITY_EXCEEDED,INVALID
2791,2,32,51,24268,27254,0,CAPACITY_EXCEEDED,INVALID
2792,2,32,52,24331,27289,0,CAPACITY_EXCEEDED,INVALID
2793,2,32,53,24460,27449,0,CAPACITY_EXCEEDED,INVALID
2794,2,32,54,23805,26760,1,FEASIBLE,WORSE
2795,2,32,55,24607,27619,0,CAPACITY_EXCEEDED,INVALID
2796,2,32,56,24390,27377,0,CAPACITY_EXCEEDED,INVALID
2797,2,32,57,24600,27581,0,CAPACITY_EXCEEDED,INVALID
2798,2,32,58,25436,28407,0,CAPACITY_EXCEEDED,INVALID
2799,2,32,59,24526,27459,0,CAPACITY_EXCEEDED,INVALID
2800,2,32,60,24447,27373,0,CAPACITY_EXCEEDED,INVALID
2801,2,32,61,25550,28482,0,CAPACITY_EXCEEDED,INVALID
2802,2,32,62,24482,27405,0,CAPACITY_EXCEEDED,INVALID
2803,2,32,63,24244,27169,0,CAPACITY_EXCEEDED,INVALID
2804,2,32,64,23898,26882,0,CAPACITY_EXCEEDED,INVALID
2805,2,32,65,24904,27830,0,CAPACITY_EXCEEDED,INVALID
2806,2,32,66,24741,27675,0,CAPACITY_EXCEEDED,INVALID
2807,2,32,67,25032,27975,0,CAPACITY_EXCEEDED,INVALID
2808,2,32,68,24037,26961,0,CAPACITY_EXCEEDED,INVALID
2809,2,32,69,24187,27171,0,CAPACITY_EXCEEDED,INVALID
2810,2,32,70,25041,27971,0,CAPACITY_EXCEEDED,INVALID
2811,2,32,71,25135,28086,0,CAPACITY_EXCEEDED,INVALID
2812,2,32,72,24625,27616,0,CAPACITY_EXCEEDED,INVALID
2813,2,32,73,24343,27347,0,CAPACITY_EXCEEDED,INVALID
2814,2,32,74,24760,27714,0,CAPACITY_EXCEEDED,INVALID
2815,2,32,75,24105,27037,0,CAPACITY_EXCEEDED,INVALID
2816,2,32,76,25699,28660,0,CAPACITY_EXCEEDED,INVALID
2817,2,32,77,25758,28676,0,CAPACITY_EXCEEDED,INVALID
2818,2,32,78,24068,27001,0,CAPACITY_EXCEEDED,INVALID
2819,2,32,79,25763,28683,0,CAPACITY_EXCEEDED,INVALID
2820,2,32,80,24784,27716,0,CAPACITY_EXCEEDED,INVALID
2821,2,32,81,25092,28033,0,CAPACITY_EXCEEDED,INVALID
2822,2,32,82,23836,26792,1,FEASIBLE,WORSE
2823,2,32,83,24027,26988,0,CAPACITY_EXCEEDED,INVALID
2824,2,32,84,24392,27334,0,CAPACITY_EXCEEDED,INVALID
2825,2,32,85,25747,28775,0,CAPACITY_EXCEEDED,INVALID
2826,2,32,86,24182,27124,0,CAPACITY_EXCEEDED,INVALID
2827,2,32,87,25621,28579,0,CAPACITY_EXCEEDED,INVALID
2828,2,32,88,24509,27493,0,CAPACITY_EXCEEDED,INVALID
2829,2,32,89,24995,27979,0,CAPACITY_EXCEEDED,INVALID
2830,2,32,90,24358,27297,0,CAPACITY_EXCEEDED,INVALID
2831,2,32,91,24666,27629,0,CAPACITY_EXCEEDED,INVALID
2832,2,32,92,25185,28197,0,CAPACITY_EXCEEDED,INVALID
2833,2,32,93,25765,28788,0,CAPACITY_EXCEEDED,INVALID
2834,2,32,94,25135,28058,0,CAPACITY_EXCEEDED,INVALID
2835,2,32,95,24793,27817,0,CAPACITY_EXCEEDED,INVALID
2836,2,32,96,24758,27734,0,CAPACITY_EXCEEDED,INVALID
2837,2,32,97,24633,27653,0,CAPACITY_EXCEEDED,INVALID
2838,2,32,98,24019,26964,0,CAPACITY_EXCEEDED,INVALID
2839,2,32,99,24440,27436,0,CAPACITY_EXCEEDED,INVALID
2840,2,33,34,23550,26476,1,FEASIBLE,WORSE
2841,2,33,35,23303,26211,1,FEASIBLE,WORSE
2842,2,33,36,22093,25005,1,FEASIBLE,WORSE
2843,2,33,37,22429,25414,1,FEASIBLE,WORSE
2844,2,33,38,22119,25018,1,FEASIBLE,WORSE
2845,2,33,39,23851,26829,1,FEASIBLE,WORSE
2846,2,33,40,22493,25410,1,FEASIBLE,WORSE
2847,2,33,41,22588,25555,1,FEASIBLE,WORSE
2848,2,33,42,22403,25343,1,FEASIBLE,WORSE
2849,2,33,43,22570,25519,1,FEASIBLE,WORSE
2850,2,33,44,23164,26161,1,FEASIBLE,WORSE
2851,2,33,45,23308,26224,1,FEASIBLE,WORSE
2852,2,33,46,23815,26755,1,FEASIBLE,WORSE
2853,2,33,47,22958,25874,1,FEASIBLE,WORSE
2854,2,33,48,22955,25867,1,FEASIBLE,WORSE
2855,2,33,49,22375,25288,1,FEASIBLE,WORSE
2856,2,33,50,23283,26248,1,FEASIBLE,WORSE
2857,2,33,51,22467,25433,1,FEASIBLE,WORSE
2858,2,33,52,22530,25468,1,FEASIBLE,WORSE
2859,2,33,53,22659,25628,1,FEASIBLE,WORSE
2860,2,33,54,22004,24939,1,FEASIBLE,WORSE
2861,2,33,55,22806,25798,1,FEASIBLE,WORSE
2862,2,33,56,22589,25556,1,FEASIBLE,WORSE
2863,2,33,57,22799,25760,1,FEASIBLE,WORSE
2864,2,33,58,23635,26586,1,FEASIBLE,WORSE
2865,2,33,59,22725,25638,1,FEASIBLE,WORSE
2866,2,33,60,22646,25552,1,FEASIBLE,WORSE
2867,2,33,61,23749,26661,1,FEASIBLE,WORSE
2868,2,33,62,22681,25584,1,FEASIBLE,WORSE
2869,2,33,63,22443,25348,1,FEASIBLE,WORSE
2870,2,33,64,22097,25061,1,FEASIBLE,WORSE
2871,2,33,65,23103,26009,1,FEASIBLE,WORSE
2872,2,33,66,22940,25854,1,FEASIBLE,WORSE
2873,2,33,67,23231,26154,1,FEASIBLE,WORSE
2874,2,33,68,22236,25140,1,FEASIBLE,WORSE
2875,2,33,69,22386,25350,1,FEASIBLE,WORSE
2876,2,33,70,23240,26150,1,FEASIBLE,WORSE
2877,2,33,71,23334,26265,1,FEASIBLE,WORSE
2878,2,33,72,22824,25795,1,FEASIBLE,WORSE
2879,2,33,73,22542,25526,1,FEASIBLE,WORSE
2880,2,33,74,22959,25893,1,FEASIBLE,WORSE
2881,2,33,75,22304,25216,1,FEASIBLE,WORSE
2882,2,33,76,23898,26839,0,CAPACITY_EXCEEDED,INVALID
2883,2,33,77,23957,26855,0,CAPACITY_EXCEEDED,INVALID
2884,2,33,78,22267,25180,1,FEASIBLE,WORSE
2885,2,33,79,23962,26862,0,CAPACITY_EXCEEDED,INVALID
2886,2,33,80,22983,25895,1,FEASIBLE,WORSE
2887,2,33,81,23291,26212,1,FEASIBLE,WORSE
2888,2,33,82,22035,24971,1,FEASIBLE,WORSE
2889,2,33,83,22226,25167,1,FEASIBLE,WORSE
2890,2,33,84,22591,25513,1,FEASIBLE,WORSE
2891,2,33,85,23946,26954,0,CAPACITY_EXCEEDED,INVALID
2892,2,33,86,22381,25303,1,FEASIBLE,WORSE
2893,2,33,87,23820,26758,1,FEASIBLE,WORSE
2894,2,33,88,22708,25672,1,FEASIBLE,WORSE
2895,2,33,89,23194,26158,1,FEASIBLE,WORSE
2896,2,33,90,22557,25476,1,FEASIBLE,WORSE
2897,2,33,91,22865,25808,1,FEASIBLE,WORSE
2898,2,33,92,23384,26376,1,FEASIBLE,WORSE
2899,2,33,93,23964,26967,0,CAPACITY_EXCEEDED,INVALID
2900,2,33,94,23334,26237,1,FEASIBLE,WORSE
2901,2,33,95,22992,25996,1,FEASIBLE,WORSE
2902,2,33,96,22957,25913,1,FEASIBLE,WORSE
2903,2,33,97,22832,25832,1,FEASIBLE,WORSE
2904,2,33,98,22218,25143,1,FEASIBLE,WORSE
2905,2,33,99,22639,25615,1,FEASIBLE,WORSE
2906,2,34,35,24717,27627,0,CAPACITY_EXCEEDED,INVALID
2907,2,34,36,23507,26421,1,FEASIBLE,WORSE
2908,2,34,37,23843,26830,1,FEASIBLE,WORSE
2909,2,34,38,23533,26434,1,FEASIBLE,WORSE
2910,2,34,39,25265,28245,0,CAPACITY_EXCEEDED,INVALID
2911,2,34,40,23907,26826,0,CAPACITY_EXCEEDED,INVALID
2912,2,34,41,24002,26971,0,CAPACITY_EXCEEDED,INVALID
2913,2,34,42,23817,26759,1,FEASIBLE,WORSE
2914,2,34,43,23984,26935,0,CAPACITY_EXCEEDED,INVALID
2915,2,34,44,24578,27577,0,CAPACITY_EXCEEDED,INVALID
2916,2,34,45,24722,27640,0,CAPACITY_EXCEEDED,INVALID
2917,2,34,46,25229,28171,0,CAPACITY_EXCEEDED,INVALID
2918,2,34,47,24372,27290,0,CAPACITY_EXCEEDED,INVALID
2919,2,34,48,24369,27283,0,CAPACITY_EXCEEDED,INVALID
2920,2,34,49,23789,26704,1,FEASIBLE,WORSE
2921,2,34,50,24697,27664,0,CAPACITY_EXCEEDED,INVALID
2922,2,34,51,23881,26849,1,FEASIBLE,WORSE
2923,2,34,52,23944,26884,0,CAPACITY_EXCEEDED,INVALID
2924,2,34,53,24073,27044,0,CAPACITY_EXCEEDED,INVALID
2925,2,34,54,23418,26355,1,FEASIBLE,WORSE
2926,2,34,55,24220,27214,0,CAPACITY_EXCEEDED,INVALID
2927,2,34,56,24003,26972,0,CAPACITY_EXCEEDED,INVALID
2928,2,34,57,24213,27176,0,CAPACITY_EXCEEDED,INVALID
2929,2,34,58,25049,28002,0,CAPACITY_EXCEEDED,INVALID
2930,2,34,59,24139,27054,0,CAPACITY_EXCEEDED,INVALID
2931,2,34,60,24060,26968,0,CAPACITY_EXCEEDED,INVALID
2932,2,34,61,25163,28077,0,CAPACITY_EXCEEDED,INVALID
2933,2,34,62,24095,27000,0,CAPACITY_EXCEEDED,INVALID
2934,2,34,63,23857,26764,1,FEASIBLE,WORSE
2935,2,34,64,23511,26477,1,FEASIBLE,WORSE
2936,2,34,65,24517,27425,0,CAPACITY_EXCEEDED,INVALID
2937,2,34,66,24354,27270,0,CAPACITY_EXCEEDED,INVALID
2938,2,34,67,24645,27570,0,CAPACITY_EXCEEDED,INVALID
2939,2,34,68,23650,26556,1,FEASIBLE,WORSE
2940,2,34,69,23800,26766,1,FEASIBLE,WORSE
2941,2,34,70,24654,27566,0,CAPACITY_EXCEEDED,INVALID
2942,2,34,71,24748,27681,0,CAPACITY_EXCEEDED,INVALID
2943,2,34,72,24238,27211,0,CAPACITY_EXCEEDED,INVALID
2944,2,34,73,23956,26942,0,CAPACITY_EXCEEDED,INVALID
2945,2,34,74,24373,27309,0,CAPACITY_EXCEEDED,INVALID
2946,2,34,75,23718,26632,1,FEASIBLE,WORSE
2947,2,34,76,25312,28255,0,CAPACITY_EXCEEDED,INVALID
2948,2,34,77,25371,28271,0,CAPACITY_EXCEEDED,INVALID
2949,2,34,78,23681,26596,1,FEASIBLE,WORSE
2950,2,34,79,25376,28278,0,CAPACITY_EXCEEDED,INVALID
2951,2,34,80,24397,27311,0,CAPACITY_EXCEEDED,INVALID
2952,2,34,81,24705,27628,0,CAPACITY_EXCEEDED,INVALID
2953,2,34,82,23449,26387,1,FEASIBLE,WORSE
2954,2,34,83,23640,26583,1,FEASIBLE,WORSE
2955,2,34,84,24005,26929,0,CAPACITY_EXCEEDED,INVALID
2956,2,34,85,25360,28370,0,CAPACITY_EXCEEDED,INVALID
2957,2,34,86,23795,26719,1,FEASIBLE,WORSE
2958,2,34,87,25234,28174,0,CAPACITY_EXCEEDED,INVALID
2959,2,34,88,24122,27088,0,CAPACITY_EXCEEDED,INVALID
2960,2,34,89,24608,27574,0,CAPACITY_EXCEEDED,INVALID
2961,2,34,90,23971,26892,0,CAPACITY_EXCEEDED,INVALID
2962,2,34,91,24279,27224,0,CAPACITY_EXCEEDED,INVALID
2963,2,34,92,24798,27792,0,CAPACITY_EXCEEDED,INVALID
2964,2,34,93,25378,28383,0,CAPACITY_EXCEEDED,INVALID
2965,2,34,94,24748,27653,0,CAPACITY_EXCEEDED,INVALID
2966,2,34,95,24406,27412,0,CAPACITY_EXCEEDED,INVALID
2967,2,34,96,24371,27329,0,CAPACITY_EXCEEDED,INVALID
2968,2,34,97,24246,27248,0,CAPACITY_EXCEEDED,INVALID
2969,2,34,98,23632,26559,1,FEASIBLE,WORSE
2970,2,34,99,24053,27031,0,CAPACITY_EXCEEDED,INVALID
2971,2,35,36,23260,26156,1,FEASIBLE,WORSE
2972,2,35,37,23596,26565,1,FEASIBLE,WORSE
2973,2,35,38,23286,26169,1,FEASIBLE,WORSE
2974,2,35,39,25018,27980,0,CAPACITY_EXCEEDED,INVALID
2975,2,35,40,23660,26561,1,FEASIBLE,WORSE
2976,2,35,41,23755,26706,1,FEASIBLE,WORSE
2977,2,35,42,23570,26494,1,FEASIBLE,WORSE
2978,2,35,43,23737,26670,1,FEASIBLE,WORSE
2979,2,35,44,24331,27312,0,CAPACITY_EXCEEDED,INVALID
2980,2,35,45,24475,27375,0,CAPACITY_EXCEEDED,INVALID
2981,2,35,46,24982,27906,0,CAPACITY_EXCEEDED,INVALID
2982,2,35,47,24125,27025,0,CAPACITY_EXCEEDED,INVALID
2983,2,35,48,24122,27018,0,CAPACITY_EXCEEDED,INVALID
2984,2,35,49,23542,26439,1,FEASIBLE,WORSE
2985,2,35,50,24450,27399,0,CAPACITY_EXCEEDED,INVALID
2986,2,35,51,23634,26584,1,FEASIBLE,WORSE
2987,2,35,52,23697,26619,1,FEASIBLE,WORSE
2988,2,35,53,23826,26779,1,FEASIBLE,WORSE
2989,2,35,54,23171,26090,1,FEASIBLE,WORSE
2990,2,35,55,23973,26949,0,CAPACITY_EXCEEDED,INVALID
2991,2,35,56,23756,26707,1,FEASIBLE,WORSE
2992,2,35,57,23966,26911,0,CAPACITY_EXCEEDED,INVALID
2993,2,35,58,24802,27737,0,CAPACITY_EXCEEDED,INVALID
2994,2,35,59,23892,26789,0,CAPACITY_EXCEEDED,INVALID
2995,2,35,60,23813,26703,1,FEASIBLE,WORSE
2996,2,35,61,24916,27812,0,CAPACITY_EXCEEDED,INVALID
2997,2,35,62,23848,26735,1,FEASIBLE,WORSE
2998,2,35,63,23610,26499,1,FEASIBLE,WORSE
2999,2,35,64,23264,26212,1,FEASIBLE,WORSE
3000,2,35,65,24270,27160,0,CAPACITY_EXCEEDED,INVALID
3001,2,35,66,24107,27005,0,CAPACITY_EXCEEDED,INVALID
3002,2,35,67,24398,27305,0,CAPACITY_EXCEEDED,INVALID
3003,2,35,68,23403,26291,1,FEASIBLE,WORSE
3004,2,35,69,23553,26501,1,FEASIBLE,WORSE
3005,2,35,70,24407,27301,0,CAPACITY_EXCEEDED,INVALID
3006,2,35,71,24501,27416,0,CAPACITY_EXCEEDED,INVALID
3007,2,35,72,23991,26946,0,CAPACITY_EXCEEDED,INVALID
3008,2,35,73,23709,26677,1,FEASIBLE,WORSE
3009,2,35,74,24126,27044,0,CAPACITY_EXCEEDED,INVALID
3010,2,35,75,23471,26367,1,FEASIBLE,WORSE
3011,2,35,76,25065,27990,0,CAPACITY_EXCEEDED,INVALID
3012,2,35,77,25124,28006,0,CAPACITY_EXCEEDED,INVALID
3013,2,35,78,23434,26331,1,FEASIBLE,WORSE
3014,2,35,79,25129,28013,0,CAPACITY_EXCEEDED,INVALID
3015,2,35,80,24150,27046,0,CAPACITY_EXCEEDED,INVALID
3016,2,35,81,24458,27363,0,CAPACITY_EXCEEDED,INVALID
3017,2,35,82,23202,26122,1,FEASIBLE,WORSE
3018,2,35,83,23393,26318,1,FEASIBLE,WORSE
3019,2,35,84,23758,26664,1,FEASIBLE,WORSE
3020,2,35,85,25113,28105,0,CAPACITY_EXCEEDED,INVALID
3021,2,35,86,23548,26454,1,FEASIBLE,WORSE
3022,2,35,87,24987,27909,0,CAPACITY_EXCEEDED,INVALID
3023,2,35,88,23875,26823,1,FEASIBLE,WORSE
3024,2,35,89,24361,27309,0,CAPACITY_EXCEEDED,INVALID
3025,2,35,90,23724,26627,1,FEASIBLE,WORSE
3026,2,35,91,24032,26959,0,CAPACITY_EXCEEDED,INVALID
3027,2,35,92,24551,27527,0,CAPACITY_EXCEEDED,INVALID
3028,2,35,93,25131,28118,0,CAPACITY_EXCEEDED,INVALID
3029,2,35,94,24501,27388,0,CAPACITY_EXCEEDED,INVALID
3030,2,35,95,24159,27147,0,CAPACITY_EXCEEDED,INVALID
3031,2,35,96,24124,27064,0,CAPACITY_EXCEEDED,INVALID
3032,2,35,97,23999,26983,0,CAPACITY_EXCEEDED,INVALID
3033,2,35,98,23385,26294,1,FEASIBLE,WORSE
3034,2,35,99,23806,26766,1,FEASIBLE,WORSE
3035,2,36,37,22386,25359,1,FEASIBLE,WORSE
3036,2,36,38,22076,24963,1,FEASIBLE,WORSE
3037,2,36,39,23808,26774,1,FEASIBLE,WORSE
3038,2,36,40,22450,25355,1,FEASIBLE,WORSE
3039,2,36,41,22545,25500,1,FEASIBLE,WORSE
3040,2,36,42,22360,25288,1,FEASIBLE,WORSE
3041,2,36,43,22527,25464,1,FEASIBLE,WORSE
3042,2,36,44,23121,26106,1,FEASIBLE,WORSE
3043,2,36,45,23265,26169,1,FEASIBLE,WORSE
3044,2,36,46,23772,26700,1,FEASIBLE,WORSE
3045,2,36,47,22915,25819,1,FEASIBLE,WORSE
3046,2,36,48,22912,25812,1,FEASIBLE,WORSE
3047,2,36,49,22332,25233,1,FEASIBLE,WORSE
3048,2,36,50,23240,26193,1,FEASIBLE,WORSE
3049,2,36,51,22424,25378,1,FEASIBLE,WORSE
3050,2,36,52,22487,25413,1,FEASIBLE,WORSE
3051,2,36,53,22616,25573,1,FEASIBLE,WORSE
3052,2,36,54,21961,24884,1,FEASIBLE,WORSE
3053,2,36,55,22763,25743,1,FEASIBLE,WORSE
3054,2,36,56,22546,25501,1,FEASIBLE,WORSE
3055,2,36,57,22756,25705,1,FEASIBLE,WORSE
3056,2,36,58,23592,26531,1,FEASIBLE,WORSE
3057,2,36,59,22682,25583,1,FEASIBLE,WORSE
3058,2,36,60,22603,25497,1,FEASIBLE,WORSE
3059,2,36,61,23706,26606,1,FEASIBLE,WORSE
3060,2,36,62,22638,25529,1,FEASIBLE,WORSE
3061,2,36,63,22400,25293,1,FEASIBLE,WORSE
3062,2,36,64,22054,25006,1,FEASIBLE,WORSE
3063,2,36,65,23060,25954,1,FEASIBLE,WORSE
3064,2,36,66,22897,25799,1,FEASIBLE,WORSE
3065,2,36,67,23188,26099,1,FEASIBLE,WORSE
3066,2,36,68,22193,25085,1,FEASIBLE,WORSE
3067,2,36,69,22343,25295,1,FEASIBLE,WORSE
3068,2,36,70,23197,26095,1,FEASIBLE,WORSE
3069,2,36,71,23291,26210,1,FEASIBLE,WORSE
3070,2,36,72,22781,25740,1,FEASIBLE,WORSE
3071,2,36,73,22499,25471,1,FEASIBLE,WORSE
3072,2,36,74,22916,25838,1,FEASIBLE,WORSE
3073,2,36,75,22261,25161,1,FEASIBLE,WORSE
3074,2,36,76,23855,26784,1,FEASIBLE,WORSE
3075,2,36,77,23914,26800,0,CAPACITY_EXCEEDED,INVALID
3076,2,36,78,22224,25125,1,FEASIBLE,WORSE
3077,2,36,79,23919,26807,0,CAPACITY_EXCEEDED,INVALID
3078,2,36,80,22940,25840,1,FEASIBLE,WORSE
3079,2,36,81,23248,26157,1,FEASIBLE,WORSE
3080,2,36,82,21992,24916,1,FEASIBLE,WORSE
3081,2,36,83,22183,25112,1,FEASIBLE,WORSE
3082,2,36,84,22548,25458,1,FEASIBLE,WORSE
3083,2,36,85,23903,26899,0,CAPACITY_EXCEEDED,INVALID
3084,2,36,86,22338,25248,1,FEASIBLE,WORSE
3085,2,36,87,23777,26703,1,FEASIBLE,WORSE
3086,2,36,88,22665,25617,1,FEASIBLE,WORSE
3087,2,36,89,23151,26103,1,FEASIBLE,WORSE
3088,2,36,90,22514,25421,1,FEASIBLE,WORSE
3089,2,36,91,22822,25753,1,FEASIBLE,WORSE
3090,2,36,92,23341,26321,1,FEASIBLE,WORSE
3091,2,36,93,23921,26912,0,CAPACITY_EXCEEDED,INVALID
3092,2,36,94,23291,26182,1,FEASIBLE,WORSE
3093,2,36,95,22949,25941,1,FEASIBLE,WORSE
3094,2,36,96,22914,25858,1,FEASIBLE,WORSE
3095,2,36,97,22789,25777,1,FEASIBLE,WORSE
3096,2,36,98,22175,25088,1,FEASIBLE,WORSE
3097,2,36,99,22596,25560,1,FEASIBLE,WORSE
3098,2,37,38,22412,25372,1,FEASIBLE,WORSE
3099,2,37,39,24144,27183,0,CAPACITY_EXCEEDED,INVALID
3100,2,37,40,22786,25764,1,FEASIBLE,WORSE
3101,2,37,41,22881,25909,1,FEASIBLE,WORSE
3102,2,37,42,22696,25697,1,FEASIBLE,WORSE
3103,2,37,43,22863,25873,1,FEASIBLE,WORSE
3104,2,37,44,23457,26515,1,FEASIBLE,WORSE
3105,2,37,45,23601,26578,1,FEASIBLE,WORSE
3106,2,37,46,24108,27109,0,CAPACITY_EXCEEDED,INVALID
3107,2,37,47,23251,26228,1,FEASIBLE,WORSE
3108,2,37,48,23248,26221,1,FEASIBLE,WORSE
3109,2,37,49,22668,25642,1,FEASIBLE,WORSE
3110,2,37,50,23576,26602,1,FEASIBLE,WORSE
3111,2,37,51,22760,25787,1,FEASIBLE,WORSE
3112,2,37,52,22823,25822,1,FEASIBLE,WORSE
3113,2,37,53,22952,25982,1,FEASIBLE,WORSE
3114,2,37,54,22297,25293,1,FEASIBLE,WORSE
3115,2,37,55,23099,26152,1,FEASIBLE,WORSE
3116,2,37,56,22882,25910,1,FEASIBLE,WORSE
3117,2,37,57,23092,26114,1,FEASIBLE,WORSE
3118,2,37,58,23928,26940,0,CAPACITY_EXCEEDED,INVALID
3119,2,37,59,23018,25992,1,FEASIBLE,WORSE
3120,2,37,60,22939,25906,1,FEASIBLE,WORSE
3121,2,37,61,24042,27015,0,CAPACITY_EXCEEDED,INVALID
3122,2,37,62,22974,25938,1,FEASIBLE,WORSE
3123,2,37,63,22736,25702,1,FEASIBLE,WORSE
3124,2,37,64,22390,25415,1,FEASIBLE,WORSE
3125,2,37,65,23396,26363,1,FEASIBLE,WORSE
3126,2,37,66,23233,26208,1,FEASIBLE,WORSE
3127,2,37,67,23524,26508,1,FEASIBLE,WORSE
3128,2,37,68,22529,25494,1,FEASIBLE,WORSE
3129,2,37,69,22679,25704,1,FEASIBLE,WORSE
3130,2,37,70,23533,26504,1,FEASIBLE,WORSE
3131,2,37,71,23627,26619,1,FEASIBLE,WORSE
3132,2,37,72,23117,26149,1,FEASIBLE,WORSE
3133,2,37,73,22835,25880,1,FEASIBLE,WORSE
3134,2,37,74,23252,26247,1,FEASIBLE,WORSE
3135,2,37,75,22597,25570,1,FEASIBLE,WORSE
3136,2,37,76,24191,27193,0,CAPACITY_EXCEEDED,INVALID
3137,2,37,77,24250,27209,0,CAPACITY_EXCEEDED,INVALID
3138,2,37,78,22560,25534,1,FEASIBLE,WORSE
3139,2,37,79,24255,27216,0,CAPACITY_EXCEEDED,INVALID
3140,2,37,80,23276,26249,1,FEASIBLE,WORSE
3141,2,37,81,23584,26566,1,FEASIBLE,WORSE
3142,2,37,82,22328,25325,1,FEASIBLE,WORSE
3143,2,37,83,22519,25521,1,FEASIBLE,WORSE
3144,2,37,84,22884,25867,1,FEASIBLE,WORSE
3145,2,37,85,24239,27308,0,CAPACITY_EXCEEDED,INVALID
3146,2,37,86,22674,25657,1,FEASIBLE,WORSE
3147,2,37,87,24113,27112,0,CAPACITY_EXCEEDED,INVALID
3148,2,37,88,23001,26026,1,FEASIBLE,WORSE
3149,2,37,89,23487,26512,1,FEASIBLE,WORSE
3150,2,37,90,22850,25830,1,FEASIBLE,WORSE
3151,2,37,91,23158,26162,1,FEASIBLE,WORSE
3152,2,37,92,23677,26730,1,FEASIBLE,WORSE
3153,2,37,93,24257,27321,0,CAPACITY_EXCEEDED,INVALID
3154,2,37,94,23627,26591,1,FEASIBLE,WORSE
3155,2,37,95,23285,26350,1,FEASIBLE,WORSE
3156,2,37,96,23250,26267,1,FEASIBLE,WORSE
3157,2,37,97,23125,26186,1,FEASIBLE,WORSE
3158,2,37,98,22511,25497,1,FEASIBLE,WORSE
3159,2,37,99,22932,25969,1,FEASIBLE,WORSE
3160,2,38,39,23834,26787,1,FEASIBLE,WORSE
3161,2,38,40,22476,25368,1,FEASIBLE,WORSE
3162,2,38,41,22571,25513,1,FEASIBLE,WORSE
3163,2,38,42,22386,25301,1,FEASIBLE,WORSE
3164,2,38,43,22553,25477,1,FEASIBLE,WORSE
3165,2,38,44,23147,26119,1,FEASIBLE,WORSE
3166,2,38,45,23291,26182,1,FEASIBLE,WORSE
3167,2,38,46,23798,26713,1,FEASIBLE,WORSE
3168,2,38,47,22941,25832,1,FEASIBLE,WORSE
3169,2,38,48,22938,25825,1,FEASIBLE,WORSE
3170,2,38,49,22358,25246,1,FEASIBLE,WORSE
3171,2,38,50,23266,26206,1,FEASIBLE,WORSE
3172,2,38,51,22450,25391,1,FEASIBLE,WORSE
3173,2,38,52,22513,25426,1,FEASIBLE,WORSE
3174,2,38,53,22642,25586,1,FEASIBLE,WORSE
3175,2,38,54,21987,24897,1,FEASIBLE,WORSE
3176,2,38,55,22789,25756,1,FEASIBLE,WORSE
3177,2,38,56,22572,25514,1,FEASIBLE,WORSE
3178,2,38,57,22782,25718,1,FEASIBLE,WORSE
3179,2,38,58,23618,26544,1,FEASIBLE,WORSE
3180,2,38,59,22708,25596,1,FEASIBLE,WORSE
3181,2,38,60,22629,25510,1,FEASIBLE,WORSE
3182,2,38,61,23732,26619,1,FEASIBLE,WORSE
3183,2,38,62,22664,25542,1,FEASIBLE,WORSE
3184,2,38,63,22426,25306,1,FEASIBLE,WORSE
3185,2,38,64,22080,25019,1,FEASIBLE,WORSE
3186,2,38,65,23086,25967,1,FEASIBLE,WORSE
3187,2,38,66,22923,25812,1,FEASIBLE,WORSE
3188,2,38,67,23214,26112,1,FEASIBLE,WORSE
3189,2,38,68,22219,25098,1,FEASIBLE,WORSE
3190,2,38,69,22369,25308,1,FEASIBLE,WORSE
3191,2,38,70,23223,26108,1,FEASIBLE,WORSE
3192,2,38,71,23317,26223,1,FEASIBLE,WORSE
3193,2,38,72,22807,25753,1,FEASIBLE,WORSE
3194,2,38,73,22525,25484,1,FEASIBLE,WORSE
3195,2,38,74,22942,25851,1,FEASIBLE,WORSE
3196,2,38,75,22287,25174,1,FEASIBLE,WORSE
3197,2,38,76,23881,26797,1,FEASIBLE,WORSE
3198,2,38,77,23940,26813,0,CAPACITY_EXCEEDED,INVALID
3199,2,38,78,22250,25138,1,FEASIBLE,WORSE
3200,2,38,79,23945,26820,0,CAPACITY_EXCEEDED,INVALID
3201,2,38,80,22966,25853,1,FEASIBLE,WORSE
3202,2,38,81,23274,26170,1,FEASIBLE,WORSE
3203,2,38,82,22018,24929,1,FEASIBLE,WORSE
3204,2,38,83,22209,25125,1,FEASIBLE,WORSE
3205,2,38,84,22574,25471,1,FEASIBLE,WORSE
3206,2,38,85,23929,26912,0,CAPACITY_EXCEEDED,INVALID
3207,2,38,86,22364,25261,1,FEASIBLE,WORSE
3208,2,38,87,23803,26716,1,FEASIBLE,WORSE
3209,2,38,88,22691,25630,1,FEASIBLE,WORSE
3210,2,38,89,23177,26116,1,FEASIBLE,WORSE
3211,2,38,90,22540,25434,1,FEASIBLE,WORSE
3212,2,38,91,22848,25766,1,FEASIBLE,WORSE
3213,2,38,92,23367,26334,1,FEASIBLE,WORSE
3214,2,38,93,23947,26925,0,CAPACITY_EXCEEDED,INVALID
3215,2,38,94,23317,26195,1,FEASIBLE,WORSE
3216,2,38,95,22975,25954,1,FEASIBLE,WORSE
3217,2,38,96,22940,25871,1,FEASIBLE,WORSE
3218,2,38,97,22815,25790,1,FEASIBLE,WORSE
3219,2,38,98,22201,25101,1,FEASIBLE,WORSE
3220,2,38,99,22622,25573,1,FEASIBLE,WORSE
3221,2,39,40,24208,27179,0,CAPACITY_EXCEEDED,INVALID
3222,2,39,41,24303,27324,0,CAPACITY_EXCEEDED,INVALID
3223,2,39,42,24118,27112,0,CAPACITY_EXCEEDED,INVALID
3224,2,39,43,24285,27288,0,CAPACITY_EXCEEDED,INVALID
3225,2,39,44,24879,27930,0,CAPACITY_EXCEEDED,INVALID
3226,2,39,45,25023,27993,0,CAPACITY_EXCEEDED,INVALID
3227,2,39,46,25530,28524,0,CAPACITY_EXCEEDED,INVALID
3228,2,39,47,24673,27643,0,CAPACITY_EXCEEDED,INVALID
3229,2,39,48,24670,27636,0,CAPACITY_EXCEEDED,INVALID
3230,2,39,49,24090,27057,0,CAPACITY_EXCEEDED,INVALID
3231,2,39,50,24998,28017,0,CAPACITY_EXCEEDED,INVALID
3232,2,39,51,24182,27202,0,CAPACITY_EXCEEDED,INVALID
3233,2,39,52,24245,27237,0,CAPACITY_EXCEEDED,INVALID
3234,2,39,53,24374,27397,0,CAPACITY_EXCEEDED,INVALID
3235,2,39,54,23719,26708,1,FEASIBLE,WORSE
3236,2,39,55,24521,27567,0,CAPACITY_EXCEEDED,INVALID
3237,2,39,56,24304,27325,0,CAPACITY_EXCEEDED,INVALID
3238,2,39,57,24514,27529,0,CAPACITY_EXCEEDED,INVALID
3239,2,39,58,25350,28355,0,CAPACITY_EXCEEDED,INVALID
3240,2,39,59,24440,27407,0,CAPACITY_EXCEEDED,INVALID
3241,2,39,60,24361,27321,0,CAPACITY_EXCEEDED,INVALID
3242,2,39,61,25464,28430,0,CAPACITY_EXCEEDED,INVALID
3243,2,39,62,24396,27353,0,CAPACITY_EXCEEDED,INVALID
3244,2,39,63,24158,27117,0,CAPACITY_EXCEEDED,INVALID
3245,2,39,64,23812,26830,1,FEASIBLE,WORSE
3246,2,39,65,24818,27778,0,CAPACITY_EXCEEDED,INVALID
3247,2,39,66,24655,27623,0,CAPACITY_EXCEEDED,INVALID
3248,2,39,67,24946,27923,0,CAPACITY_EXCEEDED,INVALID
3249,2,39,68,23951,26909,0,CAPACITY_EXCEEDED,INVALID
3250,2,39,69,24101,27119,0,CAPACITY_EXCEEDED,INVALID
3251,2,39,70,24955,27919,0,CAPACITY_EXCEEDED,INVALID
3252,2,39,71,25049,28034,0,CAPACITY_EXCEEDED,INVALID
3253,2,39,72,24539,27564,0,CAPACITY_EXCEEDED,INVALID
3254,2,39,73,24257,27295,0,CAPACITY_EXCEEDED,INVALID
3255,2,39,74,24674,27662,0,CAPACITY_EXCEEDED,INVALID
3256,2,39,75,24019,26985,0,CAPACITY_EXCEEDED,INVALID
3257,2,39,76,25613,28608,0,CAPACITY_EXCEEDED,INVALID
3258,2,39,77,25672,28624,0,CAPACITY_EXCEEDED,INVALID
3259,2,39,78,23982,26949,0,CAPACITY_EXCEEDED,INVALID
3260,2,39,79,25677,28631,0,CAPACITY_EXCEEDED,INVALID
3261,2,39,80,24698,27664,0,CAPACITY_EXCEEDED,INVALID
3262,2,39,81,25006,27981,0,CAPACITY_EXCEEDED,INVALID
3263,2,39,82,23750,26740,1,FEASIBLE,WORSE
3264,2,39,83,23941,26936,0,CAPACITY_EXCEEDED,INVALID
3265,2,39,84,24306,27282,0,CAPACITY_EXCEEDED,INVALID
3266,2,39,85,25661,28723,0,CAPACITY_EXCEEDED,INVALID
3267,2,39,86,24096,27072,0,CAPACITY_EXCEEDED,INVALID
3268,2,39,87,25535,28527,0,CAPACITY_EXCEEDED,INVALID
3269,2,39,88,24423,27441,0,CAPACITY_EXCEEDED,INVALID
3270,2,39,89,24909,27927,0,CAPACITY_EXCEEDED,INVALID
3271,2,39,90,24272,27245,0,CAPACITY_EXCEEDED,INVALID
3272,2,39,91,24580,27577,0,CAPACITY_EXCEEDED,INVALID
3273,2,39,92,25099,28145,0,CAPACITY_EXCEEDED,INVALID
3274,2,39,93,25679,28736,0,CAPACITY_EXCEEDED,INVALID
3275,2,39,94,25049,28006,0,CAPACITY_EXCEEDED,INVALID
3276,2,39,95,24707,27765,0,CAPACITY_EXCEEDED,INVALID
3277,2,39,96,24672,27682,0,CAPACITY_EXCEEDED,INVALID
3278,2,39,97,24547,27601,0,CAPACITY_EXCEEDED,INVALID
3279,2,39,98,23933,26912,0,CAPACITY_EXCEEDED,INVALID
3280,2,39,99,24354,27384,0,CAPACITY_EXCEEDED,INVALID
3281,2,40,41,22945,25905,1,FEASIBLE,WORSE
3282,2,40,42,22760,25693,1,FEASIBLE,WORSE
3283,2,40,43,22927,25869,1,FEASIBLE,WORSE
3284,2,40,44,23521,26511,1,FEASIBLE,WORSE
3285,2,40,45,23665,26574,1,FEASIBLE,WORSE
3286,2,40,46,24172,27105,0,CAPACITY_EXCEEDED,INVALID
3287,2,40,47,23315,26224,1,FEASIBLE,WORSE
3288,2,40,48,23312,26217,1,FEASIBLE,WORSE
3289,2,40,49,22732,25638,1,FEASIBLE,WORSE
3290,2,40,50,23640,26598,1,FEASIBLE,WORSE
3291,2,40,51,22824,25783,1,FEASIBLE,WORSE
3292,2,40,52,22887,25818,1,FEASIBLE,WORSE
3293,2,40,53,23016,25978,1,FEASIBLE,WORSE
3294,2,40,54,22361,25289,1,FEASIBLE,WORSE
3295,2,40,55,23163,26148,1,FEASIBLE,WORSE
3296,2,40,56,22946,25906,1,FEASIBLE,WORSE
3297,2,40,57,23156,26110,1,FEASIBLE,WORSE
3298,2,40,58,23992,26936,0,CAPACITY_EXCEEDED,INVALID
3299,2,40,59,23082,25988,1,FEASIBLE,WORSE
3300,2,40,60,23003,25902,1,FEASIBLE,WORSE
3301,2,40,61,24106,27011,0,CAPACITY_EXCEEDED,INVALID
3302,2,40,62,23038,25934,1,FEASIBLE,WORSE
3303,2,40,63,22800,25698,1,FEASIBLE,WORSE
3304,2,40,64,22454,25411,1,FEASIBLE,WORSE
3305,2,40,65,23460,26359,1,FEASIBLE,WORSE
3306,2,40,66,23297,26204,1,FEASIBLE,WORSE
3307,2,40,67,23588,26504,1,FEASIBLE,WORSE
3308,2,40,68,22593,25490,1,FEASIBLE,WORSE
3309,2,40,69,22743,25700,1,FEASIBLE,WORSE
3310,2,40,70,23597,26500,1,FEASIBLE,WORSE
3311,2,40,71,23691,26615,1,FEASIBLE,WORSE
3312,2,40,72,23181,26145,1,FEASIBLE,WORSE
3313,2,40,73,22899,25876,1,FEASIBLE,WORSE
3314,2,40,74,23316,26243,1,FEASIBLE,WORSE
3315,2,40,75,22661,25566,1,FEASIBLE,WORSE
3316,2,40,76,24255,27189,0,CAPACITY_EXCEEDED,INVALID
3317,2,40,77,24314,27205,0,CAPACITY_EXCEEDED,INVALID
3318,2,40,78,22624,25530,1,FEASIBLE,WORSE
3319,2,40,79,24319,27212,0,CAPACITY_EXCEEDED,INVALID
3320,2,40,80,23340,26245,1,FEASIBLE,WORSE
3321,2,40,81,23648,26562,1,FEASIBLE,WORSE
3322,2,40,82,22392,25321,1,FEASIBLE,WORSE
3323,2,40,83,22583,25517,1,FEASIBLE,WORSE
3324,2,40,84,22948,25863,1,FEASIBLE,WORSE
3325,2,40,85,24303,27304,0,CAPACITY_EXCEEDED,INVALID
3326,2,40,86,22738,25653,1,FEASIBLE,WORSE
3327,2,40,87,24177,27108,0,CAPACITY_EXCEEDED,INVALID
3328,2,40,88,23065,26022,1,FEASIBLE,WORSE
3329,2,40,89,23551,26508,1,FEASIBLE,WORSE
3330,2,40,90,22914,25826,1,FEASIBLE,WORSE
3331,2,40,91,23222,26158,1,FEASIBLE,WORSE
3332,2,40,92,23741,26726,1,FEASIBLE,WORSE
3333,2,40,93,24321,27317,0,CAPACITY_EXCEEDED,INVALID
3334,2,40,94,23691,26587,1,FEASIBLE,WORSE
3335,2,40,95,23349,26346,1,FEASIBLE,WORSE
3336,2,40,96,23314,26263,1,FEASIBLE,WORSE
3337,2,40,97,23189,26182,1,FEASIBLE,WORSE
3338,2,40,98,22575,25493,1,FEASIBLE,WORSE
3339,2,40,99,22996,25965,1,FEASIBLE,WORSE
3340,2,41,42,22855,25838,1,FEASIBLE,WORSE
3341,2,41,43,23022,26014,1,FEASIBLE,WORSE
3342,2,41,44,23616,26656,1,FEASIBLE,WORSE
3343,2,41,45,23760,26719,1,FEASIBLE,WORSE
3344,2,41,46,24267,27250,0,CAPACITY_EXCEEDED,INVALID
3345,2,41,47,23410,26369,1,FEASIBLE,WORSE
3346,2,41,48,23407,26362,1,FEASIBLE,WORSE
3347,2,41,49,22827,25783,1,FEASIBLE,WORSE
3348,2,41,50,23735,26743,1,FEASIBLE,WORSE
3349,2,41,51,22919,25928,1,FEASIBLE,WORSE
3350,2,41,52,22982,25963,1,FEASIBLE,WORSE
3351,2,41,53,23111,26123,1,FEASIBLE,WORSE
3352,2,41,54,22456,25434,1,FEASIBLE,WORSE
3353,2,41,55,23258,26293,1,FEASIBLE,WORSE
3354,2,41,56,23041,26051,1,FEASIBLE,WORSE
3355,2,41,57,23251,26255,1,FEASIBLE,WORSE
3356,2,41,58,24087,27081,0,CAPACITY_EXCEEDED,INVALID
3357,2,41,59,23177,26133,1,FEASIBLE,WORSE
3358,2,41,60,23098,26047,1,FEASIBLE,WORSE
3359,2,41,61,24201,27156,0,CAPACITY_EXCEEDED,INVALID
3360,2,41,62,23133,26079,1,FEASIBLE,WORSE
3361,2,41,63,22895,25843,1,FEASIBLE,WORSE
3362,2,41,64,22549,25556,1,FEASIBLE,WORSE
3363,2,41,65,23555,26504,1,FEASIBLE,WORSE
3364,2,41,66,23392,26349,1,FEASIBLE,WORSE
3365,2,41,67,23683,26649,1,FEASIBLE,WORSE
3366,2,41,68,22688,25635,1,FEASIBLE,WORSE
3367,2,41,69,22838,25845,1,FEASIBLE,WORSE
3368,2,41,70,23692,26645,1,FEASIBLE,WORSE
3369,2,41,71,23786,26760,1,FEASIBLE,WORSE
3370,2,41,72,23276,26290,1,FEASIBLE,WORSE
3371,2,41,73,22994,26021,1,FEASIBLE,WORSE
3372,2,41,74,23411,26388,1,FEASIBLE,WORSE
3373,2,41,75,22756,25711,1,FEASIBLE,WORSE
3374,2,41,76,24350,27334,0,CAPACITY_EXCEEDED,INVALID
3375,2,41,77,24409,27350,0,CAPACITY_EXCEEDED,INVALID
3376,2,41,78,22719,25675,1,FEASIBLE,WORSE
3377,2,41,79,24414,27357,0,CAPACITY_EXCEEDED,INVALID
3378,2,41,80,23435,26390,1,FEASIBLE,WORSE
3379,2,41,81,23743,26707,1,FEASIBLE,WORSE
3380,2,41,82,22487,25466,1,FEASIBLE,WORSE
3381,2,41,83,22678,25662,1,FEASIBLE,WORSE
3382,2,41,84,23043,26008,1,FEASIBLE,WORSE
3383,2,41,85,24398,27449,0,CAPACITY_EXCEEDED,INVALID
3384,2,41,86,22833,25798,1,FEASIBLE,WORSE
3385,2,41,87,24272,27253,0,CAPACITY_EXCEEDED,INVALID
3386,2,41,88,23160,26167,1,FEASIBLE,WORSE
3387,2,41,89,23646,26653,1,FEASIBLE,WORSE
3388,2,41,90,23009,25971,1,FEASIBLE,WORSE
3389,2,41,91,23317,26303,1,FEASIBLE,WORSE
3390,2,41,92,23836,26871,1,FEASIBLE,WORSE
3391,2,41,93,24416,27462,0,CAPACITY_EXCEEDED,INVALID
3392,2,41,94,23786,26732,1,FEASIBLE,WORSE
3393,2,41,95,23444,26491,1,FEASIBLE,WORSE
3394,2,41,96,23409,26408,1,FEASIBLE,WORSE
3395,2,41,97,23284,26327,1,FEASIBLE,WORSE
3396,2,41,98,22670,25638,1,FEASIBLE,WORSE
3397,2,41,99,23091,26110,1,FEASIBLE,WORSE
3398,2,42,43,22837,25802,1,FEASIBLE,WORSE
3399,2,42,44,23431,26444,1,FEASIBLE,WORSE
3400,2,42,45,23575,26507,1,FEASIBLE,WORSE
3401,2,42,46,24082,27038,0,CAPACITY_EXCEEDED,INVALID
3402,2,42,47,23225,26157,1,FEASIBLE,WORSE
3403,2,42,48,23222,26150,1,FEASIBLE,WORSE
3404,2,42,49,22642,25571,1,FEASIBLE,WORSE
3405,2,42,50,23550,26531,1,FEASIBLE,WORSE
3406,2,42,51,22734,25716,1,FEASIBLE,WORSE
3407,2,42,52,22797,25751,1,FEASIBLE,WORSE
3408,2,42,53,22926,25911,1,FEASIBLE,WORSE
3409,2,42,54,22271,25222,1,FEASIBLE,WORSE
3410,2,42,55,23073,26081,1,FEASIBLE,WORSE
3411,2,42,56,22856,25839,1,FEASIBLE,WORSE
3412,2,42,57,23066,26043,1,FEASIBLE,WORSE
3413,2,42,58,23902,26869,0,CAPACITY_EXCEEDED,INVALID
3414,2,42,59,22992,25921,1,FEASIBLE,WORSE
3415,2,42,60,22913,25835,1,FEASIBLE,WORSE
3416,2,42,61,24016,26944,0,CAPACITY_EXCEEDED,INVALID
3417,2,42,62,22948,25867,1,FEASIBLE,WORSE
3418,2,42,63,22710,25631,1,FEASIBLE,WORSE
3419,2,42,64,22364,25344,1,FEASIBLE,WORSE
3420,2,42,65,23370,26292,1,FEASIBLE,WORSE
3421,2,42,66,23207,26137,1,FEASIBLE,WORSE
3422,2,42,67,23498,26437,1,FEASIBLE,WORSE
3423,2,42,68,22503,25423,1,FEASIBLE,WORSE
3424,2,42,69,22653,25633,1,FEASIBLE,WORSE
3425,2,42,70,23507,26433,1,FEASIBLE,WORSE
3426,2,42,71,23601,26548,1,FEASIBLE,WORSE
3427,2,42,72,23091,26078,1,FEASIBLE,WORSE
3428,2,42,73,22809,25809,1,FEASIBLE,WORSE
3429,2,42,74,23226,26176,1,FEASIBLE,WORSE
3430,2,42,75,22571,25499,1,FEASIBLE,WORSE
3431,2,42,76,24165,27122,0,CAPACITY_EXCEEDED,INVALID
3432,2,42,77,24224,27138,0,CAPACITY_EXCEEDED,INVALID
3433,2,42,78,22534,25463,1,FEASIBLE,WORSE
3434,2,42,79,24229,27145,0,CAPACITY_EXCEEDED,INVALID
3435,2,42,80,23250,26178,1,FEASIBLE,WORSE
3436,2,42,81,23558,26495,1,FEASIBLE,WORSE
3437,2,42,82,22302,25254,1,FEASIBLE,WORSE
3438,2,42,83,22493,25450,1,FEASIBLE,WORSE
3439,2,42,84,22858,25796,1,FEASIBLE,WORSE
3440,2,42,85,24213,27237,0,CAPACITY_EXCEEDED,INVALID
3441,2,42,86,22648,25586,1,FEASIBLE,WORSE
3442,2,42,87,24087,27041,0,CAPACITY_EXCEEDED,INVALID
3443,2,42,88,22975,25955,1,FEASIBLE,WORSE
3444,2,42,89,23461,26441,1,FEASIBLE,WORSE
3445,2,42,90,22824,25759,1,FEASIBLE,WORSE
3446,2,42,91,23132,26091,1,FEASIBLE,WORSE
3447,2,42,92,23651,26659,1,FEASIBLE,WORSE
3448,2,42,93,24231,27250,0,CAPACITY_EXCEEDED,INVALID
3449,2,42,94,23601,26520,1,FEASIBLE,WORSE
3450,2,42,95,23259,26279,1,FEASIBLE,WORSE
3451,2,42,96,23224,26196,1,FEASIBLE,WORSE
3452,2,42,97,23099,26115,1,FEASIBLE,WORSE
3453,2,42,98,22485,25426,1,FEASIBLE,WORSE
3454,2,42,99,22906,25898,1,FEASIBLE,WORSE
3455,2,43,44,23598,26620,1,FEASIBLE,WORSE
3456,2,43,45,23742,26683,1,FEASIBLE,WORSE
3457,2,43,46,24249,27214,0,CAPACITY_EXCEEDED,INVALID
3458,2,43,47,23392,26333,1,FEASIBLE,WORSE
3459,2,43,48,23389,26326,1,FEASIBLE,WORSE
3460,2,43,49,22809,25747,1,FEASIBLE,WORSE
3461,2,43,50,23717,26707,1,FEASIBLE,WORSE
3462,2,43,51,22901,25892,1,FEASIBLE,WORSE
3463,2,43,52,22964,25927,1,FEASIBLE,WORSE
3464,2,43,53,23093,26087,1,FEASIBLE,WORSE
3465,2,43,54,22438,25398,1,FEASIBLE,WORSE
3466,2,43,55,23240,26257,1,FEASIBLE,WORSE
3467,2,43,56,23023,26015,1,FEASIBLE,WORSE
3468,2,43,57,23233,26219,1,FEASIBLE,WORSE
3469,2,43,58,24069,27045,0,CAPACITY_EXCEEDED,INVALID
3470,2,43,59,23159,26097,1,FEASIBLE,WORSE
3471,2,43,60,23080,26011,1,FEASIBLE,WORSE
3472,2,43,61,24183,27120,0,CAPACITY_EXCEEDED,INVALID
3473,2,43,62,23115,26043,1,FEASIBLE,WORSE
3474,2,43,63,22877,25807,1,FEASIBLE,WORSE
3475,2,43,64,22531,25520,1,FEASIBLE,WORSE
3476,2,43,65,23537,26468,1,FEASIBLE,WORSE
3477,2,43,66,23374,26313,1,FEASIBLE,WORSE
3478,2,43,67,23665,26613,1,FEASIBLE,WORSE
3479,2,43,68,22670,25599,1,FEASIBLE,WORSE
3480,2,43,69,22820,25809,1,FEASIBLE,WORSE
3481,2,43,70,23674,26609,1,FEASIBLE,WORSE
3482,2,43,71,23768,26724,1,FEASIBLE,WORSE
3483,2,43,72,23258,26254,1,FEASIBLE,WORSE
3484,2,43,73,22976,25985,1,FEASIBLE,WORSE
3485,2,43,74,23393,26352,1,FEASIBLE,WORSE
3486,2,43,75,22738,25675,1,FEASIBLE,WORSE
3487,2,43,76,24332,27298,0,CAPACITY_EXCEEDED,INVALID
3488,2,43,77,24391,27314,0,CAPACITY_EXCEEDED,INVALID
3489,2,43,78,22701,25639,1,FEASIBLE,WORSE
3490,2,43,79,24396,27321,0,CAPACITY_EXCEEDED,INVALID
3491,2,43,80,23417,26354,1,FEASIBLE,WORSE
3492,2,43,81,23725,26671,1,FEASIBLE,WORSE
3493,2,43,82,22469,25430,1,FEASIBLE,WORSE
3494,2,43,83,22660,25626,1,FEASIBLE,WORSE
3495,2,43,84,23025,25972,1,FEASIBLE,WORSE
3496,2,43,85,24380,27413,0,CAPACITY_EXCEEDED,INVALID
3497,2,43,86,22815,25762,1,FEASIBLE,WORSE
3498,2,43,87,24254,27217,0,CAPACITY_EXCEEDED,INVALID
3499,2,43,88,23142,26131,1,FEASIBLE,WORSE
3500,2,43,89,23628,26617,1,FEASIBLE,WORSE
3501,2,43,90,22991,25935,1,FEASIBLE,WORSE
3502,2,43,91,23299,26267,1,FEASIBLE,WORSE
3503,2,43,92,23818,26835,1,FEASIBLE,WORSE
3504,2,43,93,24398,27426,0,CAPACITY_EXCEEDED,INVALID
3505,2,43,94,23768,26696,1,FEASIBLE,WORSE
3506,2,43,95,23426,26455,1,FEASIBLE,WORSE
3507,2,43,96,23391,26372,1,FEASIBLE,WORSE
3508,2,43,97,23266,26291,1,FEASIBLE,WORSE
3509,2,43,98,22652,25602,1,FEASIBLE,WORSE
3510,2,43,99,23073,26074,1,FEASIBLE,WORSE
3511,2,44,45,24336,27325,0,CAPACITY_EXCEEDED,INVALID
3512,2,44,46,24843,27856,0,CAPACITY_EXCEEDED,INVALID
3513,2,44,47,23986,26975,0,CAPACITY_EXCEEDED,INVALID
3514,2,44,48,23983,26968,0,CAPACITY_EXCEEDED,INVALID
3515,2,44,49,23403,26389,1,FEASIBLE,WORSE
3516,2,44,50,24311,27349,0,CAPACITY_EXCEEDED,INVALID
3517,2,44,51,23495,26534,1,FEASIBLE,WORSE
3518,2,44,52,23558,26569,1,FEASIBLE,WORSE
3519,2,44,53,23687,26729,1,FEASIBLE,WORSE
3520,2,44,54,23032,26040,1,FEASIBLE,WORSE
3521,2,44,55,23834,26899,1,FEASIBLE,WORSE
3522,2,44,56,23617,26657,1,FEASIBLE,WORSE
3523,2,44,57,23827,26861,1,FEASIBLE,WORSE
3524,2,44,58,24663,27687,0,CAPACITY_EXCEEDED,INVALID
3525,2,44,59,23753,26739,1,FEASIBLE,WORSE
3526,2,44,60,23674,26653,1,FEASIBLE,WORSE
3527,2,44,61,24777,27762,0,CAPACITY_EXCEEDED,INVALID
3528,2,44,62,23709,26685,1,FEASIBLE,WORSE
3529,2,44,63,23471,26449,1,FEASIBLE,WORSE
3530,2,44,64,23125,26162,1,FEASIBLE,WORSE
3531,2,44,65,24131,27110,0,CAPACITY_EXCEEDED,INVALID
3532,2,44,66,23968,26955,0,CAPACITY_EXCEEDED,INVALID
3533,2,44,67,24259,27255,0,CAPACITY_EXCEEDED,INVALID
3534,2,44,68,23264,26241,1,FEASIBLE,WORSE
3535,2,44,69,23414,26451,1,FEASIBLE,WORSE
3536,2,44,70,24268,27251,0,CAPACITY_EXCEEDED,INVALID
3537,2,44,71,24362,27366,0,CAPACITY_EXCEEDED,INVALID
3538,2,44,72,23852,26896,1,FEASIBLE,WORSE
3539,2,44,73,23570,26627,1,FEASIBLE,WORSE
3540,2,44,74,23987,26994,0,CAPACITY_EXCEEDED,INVALID
3541,2,44,75,23332,26317,1,FEASIBLE,WORSE
3542,2,44,76,24926,27940,0,CAPACITY_EXCEEDED,INVALID
3543,2,44,77,24985,27956,0,CAPACITY_EXCEEDED,INVALID
3544,2,44,78,23295,26281,1,FEASIBLE,WORSE
3545,2,44,79,24990,27963,0,CAPACITY_EXCEEDED,INVALID
3546,2,44,80,24011,26996,0,CAPACITY_EXCEEDED,INVALID
3547,2,44,81,24319,27313,0,CAPACITY_EXCEEDED,INVALID
3548,2,44,82,23063,26072,1,FEASIBLE,WORSE
3549,2,44,83,23254,26268,1,FEASIBLE,WORSE
3550,2,44,84,23619,26614,1,FEASIBLE,WORSE
3551,2,44,85,24974,28055,0,CAPACITY_EXCEEDED,INVALID
3552,2,44,86,23409,26404,1,FEASIBLE,WORSE
3553,2,44,87,24848,27859,0,CAPACITY_EXCEEDED,INVALID
3554,2,44,88,23736,26773,1,FEASIBLE,WORSE
3555,2,44,89,24222,27259,0,CAPACITY_EXCEEDED,INVALID
3556,2,44,90,23585,26577,1,FEASIBLE,WORSE
3557,2,44,91,23893,26909,0,CAPACITY_EXCEEDED,INVALID
3558,2,44,92,24412,27477,0,CAPACITY_EXCEEDED,INVALID
3559,2,44,93,24992,28068,0,CAPACITY_EXCEEDED,INVALID
3560,2,44,94,24362,27338,0,CAPACITY_EXCEEDED,INVALID
3561,2,44,95,24020,27097,0,CAPACITY_EXCEEDED,INVALID
3562,2,44,96,23985,27014,0,CAPACITY_EXCEEDED,INVALID
3563,2,44,97,23860,26933,1,FEASIBLE,WORSE
3564,2,44,98,23246,26244,1,FEASIBLE,WORSE
3565,2,44,99,23667,26716,1,FEASIBLE,WORSE
3566,2,45,46,24987,27919,0,CAPACITY_EXCEEDED,INVALID
3567,2,45,47,24130,27038,0,CAPACITY_EXCEEDED,INVALID
3568,2,45,48,24127,27031,0,CAPACITY_EXCEEDED,INVALID
3569,2,45,49,23547,26452,1,FEASIBLE,WORSE
3570,2,45,50,24455,27412,0,CAPACITY_EXCEEDED,INVALID
3571,2,45,51,23639,26597,1,FEASIBLE,WORSE
3572,2,45,52,23702,26632,1,FEASIBLE,WORSE
3573,2,45,53,23831,26792,1,FEASIBLE,WORSE
3574,2,45,54,23176,26103,1,FEASIBLE,WORSE
3575,2,45,55,23978,26962,0,CAPACITY_EXCEEDED,INVALID
3576,2,45,56,23761,26720,1,FEASIBLE,WORSE
3577,2,45,57,23971,26924,0,CAPACITY_EXCEEDED,INVALID
3578,2,45,58,24807,27750,0,CAPACITY_EXCEEDED,INVALID
3579,2,45,59,23897,26802,0,CAPACITY_EXCEEDED,INVALID
3580,2,45,60,23818,26716,1,FEASIBLE,WORSE
3581,2,45,61,24921,27825,0,CAPACITY_EXCEEDED,INVALID
3582,2,45,62,23853,26748,1,FEASIBLE,WORSE
3583,2,45,63,23615,26512,1,FEASIBLE,WORSE
3584,2,45,64,23269,26225,1,FEASIBLE,WORSE
3585,2,45,65,24275,27173,0,CAPACITY_EXCEEDED,INVALID
3586,2,45,66,24112,27018,0,CAPACITY_EXCEEDED,INVALID
3587,2,45,67,24403,27318,0,CAPACITY_EXCEEDED,INVALID
3588,2,45,68,23408,26304,1,FEASIBLE,WORSE
3589,2,45,69,23558,26514,1,FEASIBLE,WORSE
3590,2,45,70,24412,27314,0,CAPACITY_EXCEEDED,INVALID
3591,2,45,71,24506,27429,0,CAPACITY_EXCEEDED,INVALID
3592,2,45,72,23996,26959,0,CAPACITY_EXCEEDED,INVALID
3593,2,45,73,23714,26690,1,FEASIBLE,WORSE
3594,2,45,74,24131,27057,0,CAPACITY_EXCEEDED,INVALID
3595,2,45,75,23476,26380,1,FEASIBLE,WORSE
3596,2,45,76,25070,28003,0,CAPACITY_EXCEEDED,INVALID
3597,2,45,77,25129,28019,0,CAPACITY_EXCEEDED,INVALID
3598,2,45,78,23439,26344,1,FEASIBLE,WORSE
3599,2,45,79,25134,28026,0,CAPACITY_EXCEEDED,INVALID
3600,2,45,80,24155,27059,0,CAPACITY_EXCEEDED,INVALID
3601,2,45,81,24463,27376,0,CAPACITY_EXCEEDED,INVALID
3602,2,45,82,23207,26135,1,FEASIBLE,WORSE
3603,2,45,83,23398,26331,1,FEASIBLE,WORSE
3604,2,45,84,23763,26677,1,FEASIBLE,WORSE
3605,2,45,85,25118,28118,0,CAPACITY_EXCEEDED,INVALID
3606,2,45,86,23553,26467,1,FEASIBLE,WORSE
3607,2,45,87,24992,27922,0,CAPACITY_EXCEEDED,INVALID
3608,2,45,88,23880,26836,1,FEASIBLE,WORSE
3609,2,45,89,24366,27322,0,CAPACITY_EXCEEDED,INVALID
3610,2,45,90,23729,26640,1,FEASIBLE,WORSE
3611,2,45,91,24037,26972,0,CAPACITY_EXCEEDED,INVALID
3612,2,45,92,24556,27540,0,CAPACITY_EXCEEDED,INVALID
3613,2,45,93,25136,28131,0,CAPACITY_EXCEEDED,INVALID
3614,2,45,94,24506,27401,0,CAPACITY_EXCEEDED,INVALID
3615,2,45,95,24164,27160,0,CAPACITY_EXCEEDED,INVALID
3616,2,45,96,24129,27077,0,CAPACITY_EXCEEDED,INVALID
3617,2,45,97,24004,26996,0,CAPACITY_EXCEEDED,INVALID
3618,2,45,98,23390,26307,1,FEASIBLE,WORSE
3619,2,45,99,23811,26779,1,FEASIBLE,WORSE
3620,2,46,47,24637,27569,0,CAPACITY_EXCEEDED,INVALID
3621,2,46,48,24634,27562,0,CAPACITY_EXCEEDED,INVALID
3622,2,46,49,24054,26983,0,CAPACITY_EXCEEDED,INVALID
3623,2,46,50,24962,27943,0,CAPACITY_EXCEEDED,INVALID
3624,2,46,51,24146,27128,0,CAPACITY_EXCEEDED,INVALID
3625,2,46,52,24209,27163,0,CAPACITY_EXCEEDED,INVALID
3626,2,46,53,24338,27323,0,CAPACITY_EXCEEDED,INVALID
3627,2,46,54,23683,26634,1,FEASIBLE,WORSE
3628,2,46,55,24485,27493,0,CAPACITY_EXCEEDED,INVALID
3629,2,46,56,24268,27251,0,CAPACITY_EXCEEDED,INVALID
3630,2,46,57,24478,27455,0,CAPACITY_EXCEEDED,INVALID
3631,2,46,58,25314,28281,0,CAPACITY_EXCEEDED,INVALID
3632,2,46,59,24404,27333,0,CAPACITY_EXCEEDED,INVALID
3633,2,46,60,24325,27247,0,CAPACITY_EXCEEDED,INVALID
3634,2,46,61,25428,28356,0,CAPACITY_EXCEEDED,INVALID
3635,2,46,62,24360,27279,0,CAPACITY_EXCEEDED,INVALID
3636,2,46,63,24122,27043,0,CAPACITY_EXCEEDED,INVALID
3637,2,46,64,23776,26756,1,FEASIBLE,WORSE
3638,2,46,65,24782,27704,0,CAPACITY_EXCEEDED,INVALID
3639,2,46,66,24619,27549,0,CAPACITY_EXCEEDED,INVALID
3640,2,46,67,24910,27849,0,CAPACITY_EXCEEDED,INVALID
3641,2,46,68,23915,26835,0,CAPACITY_EXCEEDED,INVALID
3642,2,46,69,24065,27045,0,CAPACITY_EXCEEDED,INVALID
3643,2,46,70,24919,27845,0,CAPACITY_EXCEEDED,INVALID
3644,2,46,71,25013,27960,0,CAPACITY_EXCEEDED,INVALID
3645,2,46,72,24503,27490,0,CAPACITY_EXCEEDED,INVALID
3646,2,46,73,24221,27221,0,CAPACITY_EXCEEDED,INVALID
3647,2,46,74,24638,27588,0,CAPACITY_EXCEEDED,INVALID
3648,2,46,75,23983,26911,0,CAPACITY_EXCEEDED,INVALID
3649,2,46,76,25577,28534,0,CAPACITY_EXCEEDED,INVALID
3650,2,46,77,25636,28550,0,CAPACITY_EXCEEDED,INVALID
3651,2,46,78,23946,26875,0,CAPACITY_EXCEEDED,INVALID
3652,2,46,79,25641,28557,0,CAPACITY_EXCEEDED,INVALID
3653,2,46,80,24662,27590,0,CAPACITY_EXCEEDED,INVALID
3654,2,46,81,24970,27907,0,CAPACITY_EXCEEDED,INVALID
3655,2,46,82,23714,26666,1,FEASIBLE,WORSE
3656,2,46,83,23905,26862,0,CAPACITY_EXCEEDED,INVALID
3657,2,46,84,24270,27208,0,CAPACITY_EXCEEDED,INVALID
3658,2,46,85,25625,28649,0,CAPACITY_EXCEEDED,INVALID
3659,2,46,86,24060,26998,0,CAPACITY_EXCEEDED,INVALID
3660,2,46,87,25499,28453,0,CAPACITY_EXCEEDED,INVALID
3661,2,46,88,24387,27367,0,CAPACITY_EXCEEDED,INVALID
3662,2,46,89,24873,27853,0,CAPACITY_EXCEEDED,INVALID
3663,2,46,90,24236,27171,0,CAPACITY_EXCEEDED,INVALID
3664,2,46,91,24544,27503,0,CAPACITY_EXCEEDED,INVALID
3665,2,46,92,25063,28071,0,CAPACITY_EXCEEDED,INVALID
3666,2,46,93,25643,28662,0,CAPACITY_EXCEEDED,INVALID
3667,2,46,94,25013,27932,0,CAPACITY_EXCEEDED,INVALID
3668,2,46,95,24671,27691,0,CAPACITY_EXCEEDED,INVALID
3669,2,46,96,24636,27608,0,CAPACITY_EXCEEDED,INVALID
3670,2,46,97,24511,27527,0,CAPACITY_EXCEEDED,INVALID
3671,2,46,98,23897,26838,0,CAPACITY_EXCEEDED,INVALID
3672,2,46,99,24318,27310,0,CAPACITY_EXCEEDED,INVALID
3673,2,47,48,23777,26681,1,FEASIBLE,WORSE
3674,2,47,49,23197,26102,1,FEASIBLE,WORSE
3675,2,47,50,24105,27062,0,CAPACITY_EXCEEDED,INVALID
3676,2,47,51,23289,26247,1,FEASIBLE,WORSE
3677,2,47,52,23352,26282,1,FEASIBLE,WORSE
3678,2,47,53,23481,26442,1,FEASIBLE,WORSE
3679,2,47,54,22826,25753,1,FEASIBLE,WORSE
3680,2,47,55,23628,26612,1,FEASIBLE,WORSE
3681,2,47,56,23411,26370,1,FEASIBLE,WORSE
3682,2,47,57,23621,26574,1,FEASIBLE,WORSE
3683,2,47,58,24457,27400,0,CAPACITY_EXCEEDED,INVALID
3684,2,47,59,23547,26452,1,FEASIBLE,WORSE
3685,2,47,60,23468,26366,1,FEASIBLE,WORSE
3686,2,47,61,24571,27475,0,CAPACITY_EXCEEDED,INVALID
3687,2,47,62,23503,26398,1,FEASIBLE,WORSE
3688,2,47,63,23265,26162,1,FEASIBLE,WORSE
3689,2,47,64,22919,25875,1,FEASIBLE,WORSE
3690,2,47,65,23925,26823,0,CAPACITY_EXCEEDED,INVALID
3691,2,47,66,23762,26668,1,FEASIBLE,WORSE
3692,2,47,67,24053,26968,0,CAPACITY_EXCEEDED,INVALID
3693,2,47,68,23058,25954,1,FEASIBLE,WORSE
3694,2,47,69,23208,26164,1,FEASIBLE,WORSE
3695,2,47,70,24062,26964,0,CAPACITY_EXCEEDED,INVALID
3696,2,47,71,24156,27079,0,CAPACITY_EXCEEDED,INVALID
3697,2,47,72,23646,26609,1,FEASIBLE,WORSE
3698,2,47,73,23364,26340,1,FEASIBLE,WORSE
3699,2,47,74,23781,26707,1,FEASIBLE,WORSE
3700,2,47,75,23126,26030,1,FEASIBLE,WORSE
3701,2,47,76,24720,27653,0,CAPACITY_EXCEEDED,INVALID
3702,2,47,77,24779,27669,0,CAPACITY_EXCEEDED,INVALID
3703,2,47,78,23089,25994,1,FEASIBLE,WORSE
3704,2,47,79,24784,27676,0,CAPACITY_EXCEEDED,INVALID
3705,2,47,80,23805,26709,1,FEASIBLE,WORSE
3706,2,47,81,24113,27026,0,CAPACITY_EXCEEDED,INVALID
3707,2,47,82,22857,25785,1,FEASIBLE,WORSE
3708,2,47,83,23048,25981,1,FEASIBLE,WORSE
3709,2,47,84,23413,26327,1,FEASIBLE,WORSE
3710,2,47,85,24768,27768,0,CAPACITY_EXCEEDED,INVALID
3711,2,47,86,23203,26117,1,FEASIBLE,WORSE
3712,2,47,87,24642,27572,0,CAPACITY_EXCEEDED,INVALID
3713,2,47,88,23530,26486,1,FEASIBLE,WORSE
3714,2,47,89,24016,26972,0,CAPACITY_EXCEEDED,INVALID
3715,2,47,90,23379,26290,1,FEASIBLE,WORSE
3716,2,47,91,23687,26622,1,FEASIBLE,WORSE
3717,2,47,92,24206,27190,0,CAPACITY_EXCEEDED,INVALID
3718,2,47,93,24786,27781,0,CAPACITY_EXCEEDED,INVALID
3719,2,47,94,24156,27051,0,CAPACITY_EXCEEDED,INVALID
3720,2,47,95,23814,26810,1,FEASIBLE,WORSE
3721,2,47,96,23779,26727,1,FEASIBLE,WORSE
3722,2,47,97,23654,26646,1,FEASIBLE,WORSE
3723,2,47,98,23040,25957,1,FEASIBLE,WORSE
3724,2,47,99,23461,26429,1,FEASIBLE,WORSE
3725,2,48,49,23194,26095,1,FEASIBLE,WORSE
3726,2,48,50,24102,27055,0,CAPACITY_EXCEEDED,INVALID
3727,2,48,51,23286,26240,1,FEASIBLE,WORSE
3728,2,48,52,23349,26275,1,FEASIBLE,WORSE
3729,2,48,53,23478,26435,1,FEASIBLE,WORSE
3730,2,48,54,22823,25746,1,FEASIBLE,WORSE
3731,2,48,55,23625,26605,1,FEASIBLE,WORSE
3732,2,48,56,23408,26363,1,FEASIBLE,WORSE
3733,2,48,57,23618,26567,1,FEASIBLE,WORSE
3734,2,48,58,24454,27393,0,CAPACITY_EXCEEDED,INVALID
3735,2,48,59,23544,26445,1,FEASIBLE,WORSE
3736,2,48,60,23465,26359,1,FEASIBLE,WORSE
3737,2,48,61,24568,27468,0,CAPACITY_EXCEEDED,INVALID
3738,2,48,62,23500,26391,1,FEASIBLE,WORSE
3739,2,48,63,23262,26155,1,FEASIBLE,WORSE
3740,2,48,64,22916,25868,1,FEASIBLE,WORSE
3741,2,48,65,23922,26816,0,CAPACITY_EXCEEDED,INVALID
3742,2,48,66,23759,26661,1,FEASIBLE,WORSE
3743,2,48,67,24050,26961,0,CAPACITY_EXCEEDED,INVALID
3744,2,48,68,23055,25947,1,FEASIBLE,WORSE
3745,2,48,69,23205,26157,1,FEASIBLE,WORSE
3746,2,48,70,24059,26957,0,CAPACITY_EXCEEDED,INVALID
3747,2,48,71,24153,27072,0,CAPACITY_EXCEEDED,INVALID
3748,2,48,72,23643,26602,1,FEASIBLE,WORSE
3749,2,48,73,23361,26333,1,FEASIBLE,WORSE
3750,2,48,74,23778,26700,1,FEASIBLE,WORSE
3751,2,48,75,23123,26023,1,FEASIBLE,WORSE
3752,2,48,76,24717,27646,0,CAPACITY_EXCEEDED,INVALID
3753,2,48,77,24776,27662,0,CAPACITY_EXCEEDED,INVALID
3754,2,48,78,23086,25987,1,FEASIBLE,WORSE
3755,2,48,79,24781,27669,0,CAPACITY_EXCEEDED,INVALID
3756,2,48,80,23802,26702,1,FEASIBLE,WORSE
3757,2,48,81,24110,27019,0,CAPACITY_EXCEEDED,INVALID
3758,2,48,82,22854,25778,1,FEASIBLE,WORSE
3759,2,48,83,23045,25974,1,FEASIBLE,WORSE
3760,2,48,84,23410,26320,1,FEASIBLE,WORSE
3761,2,48,85,24765,27761,0,CAPACITY_EXCEEDED,INVALID
3762,2,48,86,23200,26110,1,FEASIBLE,WORSE
3763,2,48,87,24639,27565,0,CAPACITY_EXCEEDED,INVALID
3764,2,48,88,23527,26479,1,FEASIBLE,WORSE
3765,2,48,89,24013,26965,0,CAPACITY_EXCEEDED,INVALID
3766,2,48,90,23376,26283,1,FEASIBLE,WORSE
3767,2,48,91,23684,26615,1,FEASIBLE,WORSE
3768,2,48,92,24203,27183,0,CAPACITY_EXCEEDED,INVALID
3769,2,48,93,24783,27774,0,CAPACITY_EXCEEDED,INVALID
3770,2,48,94,24153,27044,0,CAPACITY_EXCEEDED,INVALID
3771,2,48,95,23811,26803,1,FEASIBLE,WORSE
3772,2,48,96,23776,26720,1,FEASIBLE,WORSE
3773,2,48,97,23651,26639,1,FEASIBLE,WORSE
3774,2,48,98,23037,25950,1,FEASIBLE,WORSE
3775,2,48,99,23458,26422,1,FEASIBLE,WORSE
3776,2,49,50,23522,26476,1,FEASIBLE,WORSE
3777,2,49,51,22706,25661,1,FEASIBLE,WORSE
3778,2,49,52,22769,25696,1,FEASIBLE,WORSE
3779,2,49,53,22898,25856,1,FEASIBLE,WORSE
3780,2,49,54,22243,25167,1,FEASIBLE,WORSE
3781,2,49,55,23045,26026,1,FEASIBLE,WORSE
3782,2,49,56,22828,25784,1,FEASIBLE,WORSE
3783,2,49,57,23038,25988,1,FEASIBLE,WORSE
3784,2,49,58,23874,26814,1,FEASIBLE,WORSE
3785,2,49,59,22964,25866,1,FEASIBLE,WORSE
3786,2,49,60,22885,25780,1,FEASIBLE,WORSE
3787,2,49,61,23988,26889,0,CAPACITY_EXCEEDED,INVALID
3788,2,49,62,22920,25812,1,FEASIBLE,WORSE
3789,2,49,63,22682,25576,1,FEASIBLE,WORSE
3790,2,49,64,22336,25289,1,FEASIBLE,WORSE
3791,2,49,65,23342,26237,1,FEASIBLE,WORSE
3792,2,49,66,23179,26082,1,FEASIBLE,WORSE
3793,2,49,67,23470,26382,1,FEASIBLE,WORSE
3794,2,49,68,22475,25368,1,FEASIBLE,WORSE
3795,2,49,69,22625,25578,1,FEASIBLE,WORSE
3796,2,49,70,23479,26378,1,FEASIBLE,WORSE
3797,2,49,71,23573,26493,1,FEASIBLE,WORSE
3798,2,49,72,23063,26023,1,FEASIBLE,WORSE
3799,2,49,73,22781,25754,1,FEASIBLE,WORSE
3800,2,49,74,23198,26121,1,FEASIBLE,WORSE
3801,2,49,75,22543,25444,1,FEASIBLE,WORSE
3802,2,49,76,24137,27067,0,CAPACITY_EXCEEDED,INVALID
3803,2,49,77,24196,27083,0,CAPACITY_EXCEEDED,INVALID
3804,2,49,78,22506,25408,1,FEASIBLE,WORSE
3805,2,49,79,24201,27090,0,CAPACITY_EXCEEDED,INVALID
3806,2,49,80,23222,26123,1,FEASIBLE,WORSE
3807,2,49,81,23530,26440,1,FEASIBLE,WORSE
3808,2,49,82,22274,25199,1,FEASIBLE,WORSE
3809,2,49,83,22465,25395,1,FEASIBLE,WORSE
3810,2,49,84,22830,25741,1,FEASIBLE,WORSE
3811,2,49,85,24185,27182,0,CAPACITY_EXCEEDED,INVALID
3812,2,49,86,22620,25531,1,FEASIBLE,WORSE
3813,2,49,87,24059,26986,0,CAPACITY_EXCEEDED,INVALID
3814,2,49,88,22947,25900,1,FEASIBLE,WORSE
3815,2,49,89,23433,26386,1,FEASIBLE,WORSE
3816,2,49,90,22796,25704,1,FEASIBLE,WORSE
3817,2,49,91,23104,26036,1,FEASIBLE,WORSE
3818,2,49,92,23623,26604,1,FEASIBLE,WORSE
3819,2,49,93,24203,27195,0,CAPACITY_EXCEEDED,INVALID
3820,2,49,94,23573,26465,1,FEASIBLE,WORSE
3821,2,49,95,23231,26224,1,FEASIBLE,WORSE
3822,2,49,96,23196,26141,1,FEASIBLE,WORSE
3823,2,49,97,23071,26060,1,FEASIBLE,WORSE
3824,2,49,98,22457,25371,1,FEASIBLE,WORSE
3825,2,49,99,22878,25843,1,FEASIBLE,WORSE
3826,2,50,51,23614,26621,1,FEASIBLE,WORSE
3827,2,50,52,23677,26656,1,FEASIBLE,WORSE
3828,2,50,53,23806,26816,1,FEASIBLE,WORSE
3829,2,50,54,23151,26127,1,FEASIBLE,WORSE
3830,2,50,55,23953,26986,0,CAPACITY_EXCEEDED,INVALID
3831,2,50,56,23736,26744,1,FEASIBLE,WORSE
3832,2,50,57,23946,26948,0,CAPACITY_EXCEEDED,INVALID
3833,2,50,58,24782,27774,0,CAPACITY_EXCEEDED,INVALID
3834,2,50,59,23872,26826,1,FEASIBLE,WORSE
3835,2,50,60,23793,26740,1,FEASIBLE,WORSE
3836,2,50,61,24896,27849,0,CAPACITY_EXCEEDED,INVALID
3837,2,50,62,23828,26772,1,FEASIBLE,WORSE
3838,2,50,63,23590,26536,1,FEASIBLE,WORSE
3839,2,50,64,23244,26249,1,FEASIBLE,WORSE
3840,2,50,65,24250,27197,0,CAPACITY_EXCEEDED,INVALID
3841,2,50,66,24087,27042,0,CAPACITY_EXCEEDED,INVALID
3842,2,50,67,24378,27342,0,CAPACITY_EXCEEDED,INVALID
3843,2,50,68,23383,26328,1,FEASIBLE,WORSE
3844,2,50,69,23533,26538,1,FEASIBLE,WORSE
3845,2,50,70,24387,27338,0,CAPACITY_EXCEEDED,INVALID
3846,2,50,71,24481,27453,0,CAPACITY_EXCEEDED,INVALID
3847,2,50,72,23971,26983,0,CAPACITY_EXCEEDED,INVALID
3848,2,50,73,23689,26714,1,FEASIBLE,WORSE
3849,2,50,74,24106,27081,0,CAPACITY_EXCEEDED,INVALID
3850,2,50,75,23451,26404,1,FEASIBLE,WORSE
3851,2,50,76,25045,28027,0,CAPACITY_EXCEEDED,INVALID
3852,2,50,77,25104,28043,0,CAPACITY_EXCEEDED,INVALID
3853,2,50,78,23414,26368,1,FEASIBLE,WORSE
3854,2,50,79,25109,28050,0,CAPACITY_EXCEEDED,INVALID
3855,2,50,80,24130,27083,0,CAPACITY_EXCEEDED,INVALID
3856,2,50,81,24438,27400,0,CAPACITY_EXCEEDED,INVALID
3857,2,50,82,23182,26159,1,FEASIBLE,WORSE
3858,2,50,83,23373,26355,1,FEASIBLE,WORSE
3859,2,50,84,23738,26701,1,FEASIBLE,WORSE
3860,2,50,85,25093,28142,0,CAPACITY_EXCEEDED,INVALID
3861,2,50,86,23528,26491,1,FEASIBLE,WORSE
3862,2,50,87,24967,27946,0,CAPACITY_EXCEEDED,INVALID
3863,2,50,88,23855,26860,1,FEASIBLE,WORSE
3864,2,50,89,24341,27346,0,CAPACITY_EXCEEDED,INVALID
3865,2,50,90,23704,26664,1,FEASIBLE,WORSE
3866,2,50,91,24012,26996,0,CAPACITY_EXCEEDED,INVALID
3867,2,50,92,24531,27564,0,CAPACITY_EXCEEDED,INVALID
3868,2,50,93,25111,28155,0,CAPACITY_EXCEEDED,INVALID
3869,2,50,94,24481,27425,0,CAPACITY_EXCEEDED,INVALID
3870,2,50,95,24139,27184,0,CAPACITY_EXCEEDED,INVALID
3871,2,50,96,24104,27101,0,CAPACITY_EXCEEDED,INVALID
3872,2,50,97,23979,27020,0,CAPACITY_EXCEEDED,INVALID
3873,2,50,98,23365,26331,1,FEASIBLE,WORSE
3874,2,50,99,23786,26803,1,FEASIBLE,WORSE
3875,2,51,52,22861,25841,1,FEASIBLE,WORSE
3876,2,51,53,22990,26001,1,FEASIBLE,WORSE
3877,2,51,54,22335,25312,1,FEASIBLE,WORSE
3878,2,51,55,23137,26171,1,FEASIBLE,WORSE
3879,2,51,56,22920,25929,1,FEASIBLE,WORSE
3880,2,51,57,23130,26133,1,FEASIBLE,WORSE
3881,2,51,58,23966,26959,0,CAPACITY_EXCEEDED,INVALID
3882,2,51,59,23056,26011,1,FEASIBLE,WORSE
3883,2,51,60,22977,25925,1,FEASIBLE,WORSE
3884,2,51,61,24080,27034,0,CAPACITY_EXCEEDED,INVALID
3885,2,51,62,23012,25957,1,FEASIBLE,WORSE
3886,2,51,63,22774,25721,1,FEASIBLE,WORSE
3887,2,51,64,22428,25434,1,FEASIBLE,WORSE
3888,2,51,65,23434,26382,1,FEASIBLE,WORSE
3889,2,51,66,23271,26227,1,FEASIBLE,WORSE
3890,2,51,67,23562,26527,1,FEASIBLE,WORSE
3891,2,51,68,22567,25513,1,FEASIBLE,WORSE
3892,2,51,69,22717,25723,1,FEASIBLE,WORSE
3893,2,51,70,23571,26523,1,FEASIBLE,WORSE
3894,2,51,71,23665,26638,1,FEASIBLE,WORSE
3895,2,51,72,23155,26168,1,FEASIBLE,WORSE
3896,2,51,73,22873,25899,1,FEASIBLE,WORSE
3897,2,51,74,23290,26266,1,FEASIBLE,WORSE
3898,2,51,75,22635,25589,1,FEASIBLE,WORSE
3899,2,51,76,24229,27212,0,CAPACITY_EXCEEDED,INVALID
3900,2,51,77,24288,27228,0,CAPACITY_EXCEEDED,INVALID
3901,2,51,78,22598,25553,1,FEASIBLE,WORSE
3902,2,51,79,24293,27235,0,CAPACITY_EXCEEDED,INVALID
3903,2,51,80,23314,26268,1,FEASIBLE,WORSE
3904,2,51,81,23622,26585,1,FEASIBLE,WORSE
3905,2,51,82,22366,25344,1,FEASIBLE,WORSE
3906,2,51,83,22557,25540,1,FEASIBLE,WORSE
3907,2,51,84,22922,25886,1,FEASIBLE,WORSE
3908,2,51,85,24277,27327,0,CAPACITY_EXCEEDED,INVALID
3909,2,51,86,22712,25676,1,FEASIBLE,WORSE
3910,2,51,87,24151,27131,0,CAPACITY_EXCEEDED,INVALID
3911,2,51,88,23039,26045,1,FEASIBLE,WORSE
3912,2,51,89,23525,26531,1,FEASIBLE,WORSE
3913,2,51,90,22888,25849,1,FEASIBLE,WORSE
3914,2,51,91,23196,26181,1,FEASIBLE,WORSE
3915,2,51,92,23715,26749,1,FEASIBLE,WORSE
3916,2,51,93,24295,27340,0,CAPACITY_EXCEEDED,INVALID
3917,2,51,94,23665,26610,1,FEASIBLE,WORSE
3918,2,51,95,23323,26369,1,FEASIBLE,WORSE
3919,2,51,96,23288,26286,1,FEASIBLE,WORSE
3920,2,51,97,23163,26205,1,FEASIBLE,WORSE
3921,2,51,98,22549,25516,1,FEASIBLE,WORSE
3922,2,51,99,22970,25988,1,FEASIBLE,WORSE
3923,2,52,53,23053,26036,1,FEASIBLE,WORSE
3924,2,52,54,22398,25347,1,FEASIBLE,WORSE
3925,2,52,55,23200,26206,1,FEASIBLE,WORSE
3926,2,52,56,22983,25964,1,FEASIBLE,WORSE
3927,2,52,57,23193,26168,1,FEASIBLE,WORSE
3928,2,52,58,24029,26994,0,CAPACITY_EXCEEDED,INVALID
3929,2,52,59,23119,26046,1,FEASIBLE,WORSE
3930,2,52,60,23040,25960,1,FEASIBLE,WORSE
3931,2,52,61,24143,27069,0,CAPACITY_EXCEEDED,INVALID
3932,2,52,62,23075,25992,1,FEASIBLE,WORSE
3933,2,52,63,22837,25756,1,FEASIBLE,WORSE
3934,2,52,64,22491,25469,1,FEASIBLE,WORSE
3935,2,52,65,23497,26417,1,FEASIBLE,WORSE
3936,2,52,66,23334,26262,1,FEASIBLE,WORSE
3937,2,52,67,23625,26562,1,FEASIBLE,WORSE
3938,2,52,68,22630,25548,1,FEASIBLE,WORSE
3939,2,52,69,22780,25758,1,FEASIBLE,WORSE
3940,2,52,70,23634,26558,1,FEASIBLE,WORSE
3941,2,52,71,23728,26673,1,FEASIBLE,WORSE
3942,2,52,72,23218,26203,1,FEASIBLE,WORSE
3943,2,52,73,22936,25934,1,FEASIBLE,WORSE
3944,2,52,74,23353,26301,1,FEASIBLE,WORSE
3945,2,52,75,22698,25624,1,FEASIBLE,WORSE
3946,2,52,76,24292,27247,0,CAPACITY_EXCEEDED,INVALID
3947,2,52,77,24351,27263,0,CAPACITY_EXCEEDED,INVALID
3948,2,52,78,22661,25588,1,FEASIBLE,WORSE
3949,2,52,79,24356,27270,0,CAPACITY_EXCEEDED,INVALID
3950,2,52,80,23377,26303,1,FEASIBLE,WORSE
3951,2,52,81,23685,26620,1,FEASIBLE,WORSE
3952,2,52,82,22429,25379,1,FEASIBLE,WORSE
3953,2,52,83,22620,25575,1,FEASIBLE,WORSE
3954,2,52,84,22985,25921,1,FEASIBLE,WORSE
3955,2,52,85,24340,27362,0,CAPACITY_EXCEEDED,INVALID
3956,2,52,86,22775,25711,1,FEASIBLE,WORSE
3957,2,52,87,24214,27166,0,CAPACITY_EXCEEDED,INVALID
3958,2,52,88,23102,26080,1,FEASIBLE,WORSE
3959,2,52,89,23588,26566,1,FEASIBLE,WORSE
3960,2,52,90,22951,25884,1,FEASIBLE,WORSE
3961,2,52,91,23259,26216,1,FEASIBLE,WORSE
3962,2,52,92,23778,26784,1,FEASIBLE,WORSE
3963,2,52,93,24358,27375,0,CAPACITY_EXCEEDED,INVALID
3964,2,52,94,23728,26645,1,FEASIBLE,WORSE
3965,2,52,95,23386,26404,1,FEASIBLE,WORSE
3966,2,52,96,23351,26321,1,FEASIBLE,WORSE
3967,2,52,97,23226,26240,1,FEASIBLE,WORSE
3968,2,52,98,22612,25551,1,FEASIBLE,WORSE
3969,2,52,99,23033,26023,1,FEASIBLE,WORSE
3970,2,53,54,22527,25507,1,FEASIBLE,WORSE
3971,2,53,55,23329,26366,1,FEASIBLE,WORSE
3972,2,53,56,23112,26124,1,FEASIBLE,WORSE
3973,2,53,57,23322,26328,1,FEASIBLE,WORSE
3974,2,53,58,24158,27154,0,CAPACITY_EXCEEDED,INVALID
3975,2,53,59,23248,26206,1,FEASIBLE,WORSE
3976,2,53,60,23169,26120,1,FEASIBLE,WORSE
3977,2,53,61,24272,27229,0,CAPACITY_EXCEEDED,INVALID
3978,2,53,62,23204,26152,1,FEASIBLE,WORSE
3979,2,53,63,22966,25916,1,FEASIBLE,WORSE
3980,2,53,64,22620,25629,1,FEASIBLE,WORSE
3981,2,53,65,23626,26577,1,FEASIBLE,WORSE
3982,2,53,66,23463,26422,1,FEASIBLE,WORSE
3983,2,53,67,23754,26722,1,FEASIBLE,WORSE
3984,2,53,68,22759,25708,1,FEASIBLE,WORSE
3985,2,53,69,22909,25918,1,FEASIBLE,WORSE
3986,2,53,70,23763,26718,1,FEASIBLE,WORSE
3987,2,53,71,23857,26833,1,FEASIBLE,WORSE
3988,2,53,72,23347,26363,1,FEASIBLE,WORSE
3989,2,53,73,23065,26094,1,FEASIBLE,WORSE
3990,2,53,74,23482,26461,1,FEASIBLE,WORSE
3991,2,53,75,22827,25784,1,FEASIBLE,WORSE
3992,2,53,76,24421,27407,0,CAPACITY_EXCEEDED,INVALID
3993,2,53,77,24480,27423,0,CAPACITY_EXCEEDED,INVALID
3994,2,53,78,22790,25748,1,FEASIBLE,WORSE
3995,2,53,79,24485,27430,0,CAPACITY_EXCEEDED,INVALID
3996,2,53,80,23506,26463,1,FEASIBLE,WORSE
3997,2,53,81,23814,26780,1,FEASIBLE,WORSE
3998,2,53,82,22558,25539,1,FEASIBLE,WORSE
3999,2,53,83,22749,25735,1,FEASIBLE,WORSE
4000,2,53,84,23114,26081,1,FEASIBLE,WORSE
4001,2,53,85,24469,27522,0,CAPACITY_EXCEEDED,INVALID
4002,2,53,86,22904,25871,1,FEASIBLE,WORSE
4003,2,53,87,24343,27326,0,CAPACITY_EXCEEDED,INVALID
4004,2,53,88,23231,26240,1,FEASIBLE,WORSE
4005,2,53,89,23717,26726,1,FEASIBLE,WORSE
4006,2,53,90,23080,26044,1,FEASIBLE,WORSE
4007,2,53,91,23388,26376,1,FEASIBLE,WORSE
4008,2,53,92,23907,26944,0,CAPACITY_EXCEEDED,INVALID
4009,2,53,93,24487,27535,0,CAPACITY_EXCEEDED,INVALID
4010,2,53,94,23857,26805,1,FEASIBLE,WORSE
4011,2,53,95,23515,26564,1,FEASIBLE,WORSE
4012,2,53,96,23480,26481,1,FEASIBLE,WORSE
4013,2,53,97,23355,26400,1,FEASIBLE,WORSE
4014,2,53,98,22741,25711,1,FEASIBLE,WORSE
4015,2,53,99,23162,26183,1,FEASIBLE,WORSE
4016,2,54,55,22674,25677,1,FEASIBLE,WORSE
4017,2,54,56,22457,25435,1,FEASIBLE,WORSE
4018,2,54,57,22667,25639,1,FEASIBLE,WORSE
4019,2,54,58,23503,26465,1,FEASIBLE,WORSE
4020,2,54,59,22593,25517,1,FEASIBLE,WORSE
4021,2,54,60,22514,25431,1,FEASIBLE,WORSE
4022,2,54,61,23617,26540,1,FEASIBLE,WORSE
4023,2,54,62,22549,25463,1,FEASIBLE,WORSE
4024,2,54,63,22311,25227,1,FEASIBLE,WORSE
4025,2,54,64,21965,24940,1,FEASIBLE,WORSE
4026,2,54,65,22971,25888,1,FEASIBLE,WORSE
4027,2,54,66,22808,25733,1,FEASIBLE,WORSE
4028,2,54,67,23099,26033,1,FEASIBLE,WORSE
4029,2,54,68,22104,25019,1,FEASIBLE,WORSE
4030,2,54,69,22254,25229,1,FEASIBLE,WORSE
4031,2,54,70,23108,26029,1,FEASIBLE,WORSE
4032,2,54,71,23202,26144,1,FEASIBLE,WORSE
4033,2,54,72,22692,25674,1,FEASIBLE,WORSE
4034,2,54,73,22410,25405,1,FEASIBLE,WORSE
4035,2,54,74,22827,25772,1,FEASIBLE,WORSE
4036,2,54,75,22172,25095,1,FEASIBLE,WORSE
4037,2,54,76,23766,26718,1,FEASIBLE,WORSE
4038,2,54,77,23825,26734,1,FEASIBLE,WORSE
4039,2,54,78,22135,25059,1,FEASIBLE,WORSE
4040,2,54,79,23830,26741,1,FEASIBLE,WORSE
4041,2,54,80,22851,25774,1,FEASIBLE,WORSE
4042,2,54,81,23159,26091,1,FEASIBLE,WORSE
4043,2,54,82,21903,24850,1,FEASIBLE,WORSE
4044,2,54,83,22094,25046,1,FEASIBLE,WORSE
4045,2,54,84,22459,25392,1,FEASIBLE,WORSE
4046,2,54,85,23814,26833,1,FEASIBLE,WORSE
4047,2,54,86,22249,25182,1,FEASIBLE,WORSE
4048,2,54,87,23688,26637,1,FEASIBLE,WORSE
4049,2,54,88,22576,25551,1,FEASIBLE,WORSE
4050,2,54,89,23062,26037,1,FEASIBLE,WORSE
4051,2,54,90,22425,25355,1,FEASIBLE,WORSE
4052,2,54,91,22733,25687,1,FEASIBLE,WORSE
4053,2,54,92,23252,26255,1,FEASIBLE,WORSE
4054,2,54,93,23832,26846,1,FEASIBLE,WORSE
4055,2,54,94,23202,26116,1,FEASIBLE,WORSE
4056,2,54,95,22860,25875,1,FEASIBLE,WORSE
4057,2,54,96,22825,25792,1,FEASIBLE,WORSE
4058,2,54,97,22700,25711,1,FEASIBLE,WORSE
4059,2,54,98,22086,25022,1,FEASIBLE,WORSE
4060,2,54,99,22507,25494,1,FEASIBLE,WORSE
4061,2,55,56,23259,26294,1,FEASIBLE,WORSE
4062,2,55,57,23469,26498,1,FEASIBLE,WORSE
4063,2,55,58,24305,27324,0,CAPACITY_EXCEEDED,INVALID
4064,2,55,59,23395,26376,1,FEASIBLE,WORSE
4065,2,55,60,23316,26290,1,FEASIBLE,WORSE
4066,2,55,61,24419,27399,0,CAPACITY_EXCEEDED,INVALID
4067,2,55,62,23351,26322,1,FEASIBLE,WORSE
4068,2,55,63,23113,26086,1,FEASIBLE,WORSE
4069,2,55,64,22767,25799,1,FEASIBLE,WORSE
4070,2,55,65,23773,26747,1,FEASIBLE,WORSE
4071,2,55,66,23610,26592,1,FEASIBLE,WORSE
4072,2,55,67,23901,26892,0,CAPACITY_EXCEEDED,INVALID
4073,2,55,68,22906,25878,1,FEASIBLE,WORSE
4074,2,55,69,23056,26088,1,FEASIBLE,WORSE
4075,2,55,70,23910,26888,0,CAPACITY_EXCEEDED,INVALID
4076,2,55,71,24004,27003,0,CAPACITY_EXCEEDED,INVALID
4077,2,55,72,23494,26533,1,FEASIBLE,WORSE
4078,2,55,73,23212,26264,1,FEASIBLE,WORSE
4079,2,55,74,23629,26631,1,FEASIBLE,WORSE
4080,2,55,75,22974,25954,1,FEASIBLE,WORSE
4081,2,55,76,24568,27577,0,CAPACITY_EXCEEDED,INVALID
4082,2,55,77,24627,27593,0,CAPACITY_EXCEEDED,INVALID
4083,2,55,78,22937,25918,1,FEASIBLE,WORSE
4084,2,55,79,24632,27600,0,CAPACITY_EXCEEDED,INVALID
4085,2,55,80,23653,26633,1,FEASIBLE,WORSE
4086,2,55,81,23961,26950,0,CAPACITY_EXCEEDED,INVALID
4087,2,55,82,22705,25709,1,FEASIBLE,WORSE
4088,2,55,83,22896,25905,1,FEASIBLE,WORSE
4089,2,55,84,23261,26251,1,FEASIBLE,WORSE
4090,2,55,85,24616,27692,0,CAPACITY_EXCEEDED,INVALID
4091,2,55,86,23051,26041,1,FEASIBLE,WORSE
4092,2,55,87,24490,27496,0,CAPACITY_EXCEEDED,INVALID
4093,2,55,88,23378,26410,1,FEASIBLE,WORSE
4094,2,55,89,23864,26896,1,FEASIBLE,WORSE
4095,2,55,90,23227,26214,1,FEASIBLE,WORSE
4096,2,55,91,23535,26546,1,FEASIBLE,WORSE
4097,2,55,92,24054,27114,0,CAPACITY_EXCEEDED,INVALID
4098,2,55,93,24634,27705,0,CAPACITY_EXCEEDED,INVALID
4099,2,55,94,24004,26975,0,CAPACITY_EXCEEDED,INVALID
4100,2,55,95,23662,26734,1,FEASIBLE,WORSE
4101,2,55,96,23627,26651,1,FEASIBLE,WORSE
4102,2,55,97,23502,26570,1,FEASIBLE,WORSE
4103,2,55,98,22888,25881,1,FEASIBLE,WORSE
4104,2,55,99,23309,26353,1,FEASIBLE,WORSE
4105,2,56,57,23252,26256,1,FEASIBLE,WORSE
4106,2,56,58,24088,27082,0,CAPACITY_EXCEEDED,INVALID
4107,2,56,59,23178,26134,1,FEASIBLE,WORSE
4108,2,56,60,23099,26048,1,FEASIBLE,WORSE
4109,2,56,61,24202,27157,0,CAPACITY_EXCEEDED,INVALID
4110,2,56,62,23134,26080,1,FEASIBLE,WORSE
4111,2,56,63,22896,25844,1,FEASIBLE,WORSE
4112,2,56,64,22550,25557,1,FEASIBLE,WORSE
4113,2,56,65,23556,26505,1,FEASIBLE,WORSE
4114,2,56,66,23393,26350,1,FEASIBLE,WORSE
4115,2,56,67,23684,26650,1,FEASIBLE,WORSE
4116,2,56,68,22689,25636,1,FEASIBLE,WORSE
4117,2,56,69,22839,25846,1,FEASIBLE,WORSE
4118,2,56,70,23693,26646,1,FEASIBLE,WORSE
4119,2,56,71,23787,26761,1,FEASIBLE,WORSE
4120,2,56,72,23277,26291,1,FEASIBLE,WORSE
4121,2,56,73,22995,26022,1,FEASIBLE,WORSE
4122,2,56,74,23412,26389,1,FEASIBLE,WORSE
4123,2,56,75,22757,25712,1,FEASIBLE,WORSE
4124,2,56,76,24351,27335,0,CAPACITY_EXCEEDED,INVALID
4125,2,56,77,24410,27351,0,CAPACITY_EXCEEDED,INVALID
4126,2,56,78,22720,25676,1,FEASIBLE,WORSE
4127,2,56,79,24415,27358,0,CAPACITY_EXCEEDED,INVALID
4128,2,56,80,23436,26391,1,FEASIBLE,WORSE
4129,2,56,81,23744,26708,1,FEASIBLE,WORSE
4130,2,56,82,22488,25467,1,FEASIBLE,WORSE
4131,2,56,83,22679,25663,1,FEASIBLE,WORSE
4132,2,56,84,23044,26009,1,FEASIBLE,WORSE
4133,2,56,85,24399,27450,0,CAPACITY_EXCEEDED,INVALID
4134,2,56,86,22834,25799,1,FEASIBLE,WORSE
4135,2,56,87,24273,27254,0,CAPACITY_EXCEEDED,INVALID
4136,2,56,88,23161,26168,1,FEASIBLE,WORSE
4137,2,56,89,23647,26654,1,FEASIBLE,WORSE
4138,2,56,90,23010,25972,1,FEASIBLE,WORSE
4139,2,56,91,23318,26304,1,FEASIBLE,WORSE
4140,2,56,92,23837,26872,1,FEASIBLE,WORSE
4141,2,56,93,24417,27463,0,CAPACITY_EXCEEDED,INVALID
4142,2,56,94,23787,26733,1,FEASIBLE,WORSE
4143,2,56,95,23445,26492,1,FEASIBLE,WORSE
4144,2,56,96,23410,26409,1,FEASIBLE,WORSE
4145,2,56,97,23285,26328,1,FEASIBLE,WORSE
4146,2,56,98,22671,25639,1,FEASIBLE,WORSE
4147,2,56,99,23092,26111,1,FEASIBLE,WORSE
4148,2,57,58,24298,27286,0,CAPACITY_EXCEEDED,INVALID
4149,2,57,59,23388,26338,1,FEASIBLE,WORSE
4150,2,57,60,23309,26252,1,FEASIBLE,WORSE
4151,2,57,61,24412,27361,0,CAPACITY_EXCEEDED,INVALID
4152,2,57,62,23344,26284,1,FEASIBLE,WORSE
4153,2,57,63,23106,26048,1,FEASIBLE,WORSE
4154,2,57,64,22760,25761,1,FEASIBLE,WORSE
4155,2,57,65,23766,26709,1,FEASIBLE,WORSE
4156,2,57,66,23603,26554,1,FEASIBLE,WORSE
4157,2,57,67,23894,26854,0,CAPACITY_EXCEEDED,INVALID
4158,2,57,68,22899,25840,1,FEASIBLE,WORSE
4159,2,57,69,23049,26050,1,FEASIBLE,WORSE
4160,2,57,70,23903,26850,0,CAPACITY_EXCEEDED,INVALID
4161,2,57,71,23997,26965,0,CAPACITY_EXCEEDED,INVALID
4162,2,57,72,23487,26495,1,FEASIBLE,WORSE
4163,2,57,73,23205,26226,1,FEASIBLE,WORSE
4164,2,57,74,23622,26593,1,FEASIBLE,WORSE
4165,2,57,75,22967,25916,1,FEASIBLE,WORSE
4166,2,57,76,24561,27539,0,CAPACITY_EXCEEDED,INVALID
4167,2,57,77,24620,27555,0,CAPACITY_EXCEEDED,INVALID
4168,2,57,78,22930,25880,1,FEASIBLE,WORSE
4169,2,57,79,24625,27562,0,CAPACITY_EXCEEDED,INVALID
4170,2,57,80,23646,26595,1,FEASIBLE,WORSE
4171,2,57,81,23954,26912,0,CAPACITY_EXCEEDED,INVALID
4172,2,57,82,22698,25671,1,FEASIBLE,WORSE
4173,2,57,83,22889,25867,1,FEASIBLE,WORSE
4174,2,57,84,23254,26213,1,FEASIBLE,WORSE
4175,2,57,85,24609,27654,0,CAPACITY_EXCEEDED,INVALID
4176,2,57,86,23044,26003,1,FEASIBLE,WORSE
4177,2,57,87,24483,27458,0,CAPACITY_EXCEEDED,INVALID
4178,2,57,88,23371,26372,1,FEASIBLE,WORSE
4179,2,57,89,23857,26858,1,FEASIBLE,WORSE
4180,2,57,90,23220,26176,1,FEASIBLE,WORSE
4181,2,57,91,23528,26508,1,FEASIBLE,WORSE
4182,2,57,92,24047,27076,0,CAPACITY_EXCEEDED,INVALID
4183,2,57,93,24627,27667,0,CAPACITY_EXCEEDED,INVALID
4184,2,57,94,23997,26937,0,CAPACITY_EXCEEDED,INVALID
4185,2,57,95,23655,26696,1,FEASIBLE,WORSE
4186,2,57,96,23620,26613,1,FEASIBLE,WORSE
4187,2,57,97,23495,26532,1,FEASIBLE,WORSE
4188,2,57,98,22881,25843,1,FEASIBLE,WORSE
4189,2,57,99,23302,26315,1,FEASIBLE,WORSE
4190,2,58,59,24224,27164,0,CAPACITY_EXCEEDED,INVALID
4191,2,58,60,24145,27078,0,CAPACITY_EXCEEDED,INVALID
4192,2,58,61,25248,28187,0,CAPACITY_EXCEEDED,INVALID
4193,2,58,62,24180,27110,0,CAPACITY_EXCEEDED,INVALID
4194,2,58,63,23942,26874,0,CAPACITY_EXCEEDED,INVALID
4195,2,58,64,23596,26587,1,FEASIBLE,WORSE
4196,2,58,65,24602,27535,0,CAPACITY_EXCEEDED,INVALID
4197,2,58,66,24439,27380,0,CAPACITY_EXCEEDED,INVALID
4198,2,58,67,24730,27680,0,CAPACITY_EXCEEDED,INVALID
4199,2,58,68,23735,26666,1,FEASIBLE,WORSE
4200,2,58,69,23885,26876,0,CAPACITY_EXCEEDED,INVALID
4201,2,58,70,24739,27676,0,CAPACITY_EXCEEDED,INVALID
4202,2,58,71,24833,27791,0,CAPACITY_EXCEEDED,INVALID
4203,2,58,72,24323,27321,0,CAPACITY_EXCEEDED,INVALID
4204,2,58,73,24041,27052,0,CAPACITY_EXCEEDED,INVALID
4205,2,58,74,24458,27419,0,CAPACITY_EXCEEDED,INVALID
4206,2,58,75,23803,26742,1,FEASIBLE,WORSE
4207,2,58,76,25397,28365,0,CAPACITY_EXCEEDED,INVALID
4208,2,58,77,25456,28381,0,CAPACITY_EXCEEDED,INVALID
4209,2,58,78,23766,26706,1,FEASIBLE,WORSE
4210,2,58,79,25461,28388,0,CAPACITY_EXCEEDED,INVALID
4211,2,58,80,24482,27421,0,CAPACITY_EXCEEDED,INVALID
4212,2,58,81,24790,27738,0,CAPACITY_EXCEEDED,INVALID
4213,2,58,82,23534,26497,1,FEASIBLE,WORSE
4214,2,58,83,23725,26693,1,FEASIBLE,WORSE
4215,2,58,84,24090,27039,0,CAPACITY_EXCEEDED,INVALID
4216,2,58,85,25445,28480,0,CAPACITY_EXCEEDED,INVALID
4217,2,58,86,23880,26829,1,FEASIBLE,WORSE
4218,2,58,87,25319,28284,0,CAPACITY_EXCEEDED,INVALID
4219,2,58,88,24207,27198,0,CAPACITY_EXCEEDED,INVALID
4220,2,58,89,24693,27684,0,CAPACITY_EXCEEDED,INVALID
4221,2,58,90,24056,27002,0,CAPACITY_EXCEEDED,INVALID
4222,2,58,91,24364,27334,0,CAPACITY_EXCEEDED,INVALID
4223,2,58,92,24883,27902,0,CAPACITY_EXCEEDED,INVALID
4224,2,58,93,25463,28493,0,CAPACITY_EXCEEDED,INVALID
4225,2,58,94,24833,27763,0,CAPACITY_EXCEEDED,INVALID
4226,2,58,95,24491,27522,0,CAPACITY_EXCEEDED,INVALID
4227,2,58,96,24456,27439,0,CAPACITY_EXCEEDED,INVALID
4228,2,58,97,24331,27358,0,CAPACITY_EXCEEDED,INVALID
4229,2,58,98,23717,26669,1,FEASIBLE,WORSE
4230,2,58,99,24138,27141,0,CAPACITY_EXCEEDED,INVALID
4231,2,59,60,23235,26130,1,FEASIBLE,WORSE
4232,2,59,61,24338,27239,0,CAPACITY_EXCEEDED,INVALID
4233,2,59,62,23270,26162,1,FEASIBLE,WORSE
4234,2,59,63,23032,25926,1,FEASIBLE,WORSE
4235,2,59,64,22686,25639,1,FEASIBLE,WORSE
4236,2,59,65,23692,26587,1,FEASIBLE,WORSE
4237,2,59,66,23529,26432,1,FEASIBLE,WORSE
4238,2,59,67,23820,26732,1,FEASIBLE,WORSE
4239,2,59,68,22825,25718,1,FEASIBLE,WORSE
4240,2,59,69,22975,25928,1,FEASIBLE,WORSE
4241,2,59,70,23829,26728,1,FEASIBLE,WORSE
4242,2,59,71,23923,26843,0,CAPACITY_EXCEEDED,INVALID
4243,2,59,72,23413,26373,1,FEASIBLE,WORSE
4244,2,59,73,23131,26104,1,FEASIBLE,WORSE
4245,2,59,74,23548,26471,1,FEASIBLE,WORSE
4246,2,59,75,22893,25794,1,FEASIBLE,WORSE
4247,2,59,76,24487,27417,0,CAPACITY_EXCEEDED,INVALID
4248,2,59,77,24546,27433,0,CAPACITY_EXCEEDED,INVALID
4249,2,59,78,22856,25758,1,FEASIBLE,WORSE
4250,2,59,79,24551,27440,0,CAPACITY_EXCEEDED,INVALID
4251,2,59,80,23572,26473,1,FEASIBLE,WORSE
4252,2,59,81,23880,26790,1,FEASIBLE,WORSE
4253,2,59,82,22624,25549,1,FEASIBLE,WORSE
4254,2,59,83,22815,25745,1,FEASIBLE,WORSE
4255,2,59,84,23180,26091,1,FEASIBLE,WORSE
4256,2,59,85,24535,27532,0,CAPACITY_EXCEEDED,INVALID
4257,2,59,86,22970,25881,1,FEASIBLE,WORSE
4258,2,59,87,24409,27336,0,CAPACITY_EXCEEDED,INVALID
4259,2,59,88,23297,26250,1,FEASIBLE,WORSE
4260,2,59,89,23783,26736,1,FEASIBLE,WORSE
4261,2,59,90,23146,26054,1,FEASIBLE,WORSE
4262,2,59,91,23454,26386,1,FEASIBLE,WORSE
4263,2,59,92,23973,26954,0,CAPACITY_EXCEEDED,INVALID
4264,2,59,93,24553,27545,0,CAPACITY_EXCEEDED,INVALID
4265,2,59,94,23923,26815,0,CAPACITY_EXCEEDED,INVALID
4266,2,59,95,23581,26574,1,FEASIBLE,WORSE
4267,2,59,96,23546,26491,1,FEASIBLE,WORSE
4268,2,59,97,23421,26410,1,FEASIBLE,WORSE
4269,2,59,98,22807,25721,1,FEASIBLE,WORSE
4270,2,59,99,23228,26193,1,FEASIBLE,WORSE
4271,2,60,61,24259,27153,0,CAPACITY_EXCEEDED,INVALID
4272,2,60,62,23191,26076,1,FEASIBLE,WORSE
4273,2,60,63,22953,25840,1,FEASIBLE,WORSE
4274,2,60,64,22607,25553,1,FEASIBLE,WORSE
4275,2,60,65,23613,26501,1,FEASIBLE,WORSE
4276,2,60,66,23450,26346,1,FEASIBLE,WORSE
4277,2,60,67,23741,26646,1,FEASIBLE,WORSE
4278,2,60,68,22746,25632,1,FEASIBLE,WORSE
4279,2,60,69,22896,25842,1,FEASIBLE,WORSE
4280,2,60,70,23750,26642,1,FEASIBLE,WORSE
4281,2,60,71,23844,26757,1,FEASIBLE,WORSE
4282,2,60,72,23334,26287,1,FEASIBLE,WORSE
4283,2,60,73,23052,26018,1,FEASIBLE,WORSE
4284,2,60,74,23469,26385,1,FEASIBLE,WORSE
4285,2,60,75,22814,25708,1,FEASIBLE,WORSE
4286,2,60,76,24408,27331,0,CAPACITY_EXCEEDED,INVALID
4287,2,60,77,24467,27347,0,CAPACITY_EXCEEDED,INVALID
4288,2,60,78,22777,25672,1,FEASIBLE,WORSE
4289,2,60,79,24472,27354,0,CAPACITY_EXCEEDED,INVALID
4290,2,60,80,23493,26387,1,FEASIBLE,WORSE
4291,2,60,81,23801,26704,1,FEASIBLE,WORSE
4292,2,60,82,22545,25463,1,FEASIBLE,WORSE
4293,2,60,83,22736,25659,1,FEASIBLE,WORSE
4294,2,60,84,23101,26005,1,FEASIBLE,WORSE
4295,2,60,85,24456,27446,0,CAPACITY_EXCEEDED,INVALID
4296,2,60,86,22891,25795,1,FEASIBLE,WORSE
4297,2,60,87,24330,27250,0,CAPACITY_EXCEEDED,INVALID
4298,2,60,88,23218,26164,1,FEASIBLE,WORSE
4299,2,60,89,23704,26650,1,FEASIBLE,WORSE
4300,2,60,90,23067,25968,1,FEASIBLE,WORSE
4301,2,60,91,23375,26300,1,FEASIBLE,WORSE
4302,2,60,92,23894,26868,0,CAPACITY_EXCEEDED,INVALID
4303,2,60,93,24474,27459,0,CAPACITY_EXCEEDED,INVALID
4304,2,60,94,23844,26729,1,FEASIBLE,WORSE
4305,2,60,95,23502,26488,1,FEASIBLE,WORSE
4306,2,60,96,23467,26405,1,FEASIBLE,WORSE
4307,2,60,97,23342,26324,1,FEASIBLE,WORSE
4308,2,60,98,22728,25635,1,FEASIBLE,WORSE
4309,2,60,99,23149,26107,1,FEASIBLE,WORSE
4310,2,61,62,24294,27185,0,CAPACITY_EXCEEDED,INVALID
4311,2,61,63,24056,26949,0,CAPACITY_EXCEEDED,INVALID
4312,2,61,64,23710,26662,1,FEASIBLE,WORSE
4313,2,61,65,24716,27610,0,CAPACITY_EXCEEDED,INVALID
4314,2,61,66,24553,27455,0,CAPACITY_EXCEEDED,INVALID
4315,2,61,67,24844,27755,0,CAPACITY_EXCEEDED,INVALID
4316,2,61,68,23849,26741,1,FEASIBLE,WORSE
4317,2,61,69,23999,26951,0,CAPACITY_EXCEEDED,INVALID
4318,2,61,70,24853,27751,0,CAPACITY_EXCEEDED,INVALID
4319,2,61,71,24947,27866,0,CAPACITY_EXCEEDED,INVALID
4320,2,61,72,24437,27396,0,CAPACITY_EXCEEDED,INVALID
4321,2,61,73,24155,27127,0,CAPACITY_EXCEEDED,INVALID
4322,2,61,74,24572,27494,0,CAPACITY_EXCEEDED,INVALID
4323,2,61,75,23917,26817,0,CAPACITY_EXCEEDED,INVALID
4324,2,61,76,25511,28440,0,CAPACITY_EXCEEDED,INVALID
4325,2,61,77,25570,28456,0,CAPACITY_EXCEEDED,INVALID
4326,2,61,78,23880,26781,1,FEASIBLE,WORSE
4327,2,61,79,25575,28463,0,CAPACITY_EXCEEDED,INVALID
4328,2,61,80,24596,27496,0,CAPACITY_EXCEEDED,INVALID
4329,2,61,81,24904,27813,0,CAPACITY_EXCEEDED,INVALID
4330,2,61,82,23648,26572,1,FEASIBLE,WORSE
4331,2,61,83,23839,26768,1,FEASIBLE,WORSE
4332,2,61,84,24204,27114,0,CAPACITY_EXCEEDED,INVALID
4333,2,61,85,25559,28555,0,CAPACITY_EXCEEDED,INVALID
4334,2,61,86,23994,26904,0,CAPACITY_EXCEEDED,INVALID
4335,2,61,87,25433,28359,0,CAPACITY_EXCEEDED,INVALID
4336,2,61,88,24321,27273,0,CAPACITY_EXCEEDED,INVALID
4337,2,61,89,24807,27759,0,CAPACITY_EXCEEDED,INVALID
4338,2,61,90,24170,27077,0,CAPACITY_EXCEEDED,INVALID
4339,2,61,91,24478,27409,0,CAPACITY_EXCEEDED,INVALID
4340,2,61,92,24997,27977,0,CAPACITY_EXCEEDED,INVALID
4341,2,61,93,25577,28568,0,CAPACITY_EXCEEDED,INVALID
4342,2,61,94,24947,27838,0,CAPACITY_EXCEEDED,INVALID
4343,2,61,95,24605,27597,0,CAPACITY_EXCEEDED,INVALID
4344,2,61,96,24570,27514,0,CAPACITY_EXCEEDED,INVALID
4345,2,61,97,24445,27433,0,CAPACITY_EXCEEDED,INVALID
4346,2,61,98,23831,26744,1,FEASIBLE,WORSE
4347,2,61,99,24252,27216,0,CAPACITY_EXCEEDED,INVALID
4348,2,62,63,22988,25872,1,FEASIBLE,WORSE
4349,2,62,64,22642,25585,1,FEASIBLE,WORSE
4350,2,62,65,23648,26533,1,FEASIBLE,WORSE
4351,2,62,66,23485,26378,1,FEASIBLE,WORSE
4352,2,62,67,23776,26678,1,FEASIBLE,WORSE
4353,2,62,68,22781,25664,1,FEASIBLE,WORSE
4354,2,62,69,22931,25874,1,FEASIBLE,WORSE
4355,2,62,70,23785,26674,1,FEASIBLE,WORSE
4356,2,62,71,23879,26789,1,FEASIBLE,WORSE
4357,2,62,72,23369,26319,1,FEASIBLE,WORSE
4358,2,62,73,23087,26050,1,FEASIBLE,WORSE
4359,2,62,74,23504,26417,1,FEASIBLE,WORSE
4360,2,62,75,22849,25740,1,FEASIBLE,WORSE
4361,2,62,76,24443,27363,0,CAPACITY_EXCEEDED,INVALID
4362,2,62,77,24502,27379,0,CAPACITY_EXCEEDED,INVALID
4363,2,62,78,22812,25704,1,FEASIBLE,WORSE
4364,2,62,79,24507,27386,0,CAPACITY_EXCEEDED,INVALID
4365,2,62,80,23528,26419,1,FEASIBLE,WORSE
4366,2,62,81,23836,26736,1,FEASIBLE,WORSE
4367,2,62,82,22580,25495,1,FEASIBLE,WORSE
4368,2,62,83,22771,25691,1,FEASIBLE,WORSE
4369,2,62,84,23136,26037,1,FEASIBLE,WORSE
4370,2,62,85,24491,27478,0,CAPACITY_EXCEEDED,INVALID
4371,2,62,86,22926,25827,1,FEASIBLE,WORSE
4372,2,62,87,24365,27282,0,CAPACITY_EXCEEDED,INVALID
4373,2,62,88,23253,26196,1,FEASIBLE,WORSE
4374,2,62,89,23739,26682,1,FEASIBLE,WORSE
4375,2,62,90,23102,26000,1,FEASIBLE,WORSE
4376,2,62,91,23410,26332,1,FEASIBLE,WORSE
4377,2,62,92,23929,26900,0,CAPACITY_EXCEEDED,INVALID
4378,2,62,93,24509,27491,0,CAPACITY_EXCEEDED,INVALID
4379,2,62,94,23879,26761,1,FEASIBLE,WORSE
4380,2,62,95,23537,26520,1,FEASIBLE,WORSE
4381,2,62,96,23502,26437,1,FEASIBLE,WORSE
4382,2,62,97,23377,26356,1,FEASIBLE,WORSE
4383,2,62,98,22763,25667,1,FEASIBLE,WORSE
4384,2,62,99,23184,26139,1,FEASIBLE,WORSE
4385,2,63,64,22404,25349,1,FEASIBLE,WORSE
4386,2,63,65,23410,26297,1,FEASIBLE,WORSE
4387,2,63,66,23247,26142,1,FEASIBLE,WORSE
4388,2,63,67,23538,26442,1,FEASIBLE,WORSE
4389,2,63,68,22543,25428,1,FEASIBLE,WORSE
4390,2,63,69,22693,25638,1,FEASIBLE,WORSE
4391,2,63,70,23547,26438,1,FEASIBLE,WORSE
4392,2,63,71,23641,26553,1,FEASIBLE,WORSE
4393,2,63,72,23131,26083,1,FEASIBLE,WORSE
4394,2,63,73,22849,25814,1,FEASIBLE,WORSE
4395,2,63,74,23266,26181,1,FEASIBLE,WORSE
4396,2,63,75,22611,25504,1,FEASIBLE,WORSE
4397,2,63,76,24205,27127,0,CAPACITY_EXCEEDED,INVALID
4398,2,63,77,24264,27143,0,CAPACITY_EXCEEDED,INVALID
4399,2,63,78,22574,25468,1,FEASIBLE,WORSE
4400,2,63,79,24269,27150,0,CAPACITY_EXCEEDED,INVALID
4401,2,63,80,23290,26183,1,FEASIBLE,WORSE
4402,2,63,81,23598,26500,1,FEASIBLE,WORSE
4403,2,63,82,22342,25259,1,FEASIBLE,WORSE
4404,2,63,83,22533,25455,1,FEASIBLE,WORSE
4405,2,63,84,22898,25801,1,FEASIBLE,WORSE
4406,2,63,85,24253,27242,0,CAPACITY_EXCEEDED,INVALID
4407,2,63,86,22688,25591,1,FEASIBLE,WORSE
4408,2,63,87,24127,27046,0,CAPACITY_EXCEEDED,INVALID
4409,2,63,88,23015,25960,1,FEASIBLE,WORSE
4410,2,63,89,23501,26446,1,FEASIBLE,WORSE
4411,2,63,90,22864,25764,1,FEASIBLE,WORSE
4412,2,63,91,23172,26096,1,FEASIBLE,WORSE
4413,2,63,92,23691,26664,1,FEASIBLE,WORSE
4414,2,63,93,24271,27255,0,CAPACITY_EXCEEDED,INVALID
4415,2,63,94,23641,26525,1,FEASIBLE,WORSE
4416,2,63,95,23299,26284,1,FEASIBLE,WORSE
4417,2,63,96,23264,26201,1,FEASIBLE,WORSE
4418,2,63,97,23139,26120,1,FEASIBLE,WORSE
4419,2,63,98,22525,25431,1,FEASIBLE,WORSE
4420,2,63,99,22946,25903,1,FEASIBLE,WORSE
4421,2,64,65,23064,26010,1,FEASIBLE,WORSE
4422,2,64,66,22901,25855,1,FEASIBLE,WORSE
4423,2,64,67,23192,26155,1,FEASIBLE,WORSE
4424,2,64,68,22197,25141,1,FEASIBLE,WORSE
4425,2,64,69,22347,25351,1,FEASIBLE,WORSE
4426,2,64,70,23201,26151,1,FEASIBLE,WORSE
4427,2,64,71,23295,26266,1,FEASIBLE,WORSE
4428,2,64,72,22785,25796,1,FEASIBLE,WORSE
4429,2,64,73,22503,25527,1,FEASIBLE,WORSE
4430,2,64,74,22920,25894,1,FEASIBLE,WORSE
4431,2,64,75,22265,25217,1,FEASIBLE,WORSE
4432,2,64,76,23859,26840,1,FEASIBLE,WORSE
4433,2,64,77,23918,26856,0,CAPACITY_EXCEEDED,INVALID
4434,2,64,78,22228,25181,1,FEASIBLE,WORSE
4435,2,64,79,23923,26863,0,CAPACITY_EXCEEDED,INVALID
4436,2,64,80,22944,25896,1,FEASIBLE,WORSE
4437,2,64,81,23252,26213,1,FEASIBLE,WORSE
4438,2,64,82,21996,24972,1,FEASIBLE,WORSE
4439,2,64,83,22187,25168,1,FEASIBLE,WORSE
4440,2,64,84,22552,25514,1,FEASIBLE,WORSE
4441,2,64,85,23907,26955,0,CAPACITY_EXCEEDED,INVALID
4442,2,64,86,22342,25304,1,FEASIBLE,WORSE
4443,2,64,87,23781,26759,1,FEASIBLE,WORSE
4444,2,64,88,22669,25673,1,FEASIBLE,WORSE
4445,2,64,89,23155,26159,1,FEASIBLE,WORSE
4446,2,64,90,22518,25477,1,FEASIBLE,WORSE
4447,2,64,91,22826,25809,1,FEASIBLE,WORSE
4448,2,64,92,23345,26377,1,FEASIBLE,WORSE
4449,2,64,93,23925,26968,0,CAPACITY_EXCEEDED,INVALID
4450,2,64,94,23295,26238,1,FEASIBLE,WORSE
4451,2,64,95,22953,25997,1,FEASIBLE,WORSE
4452,2,64,96,22918,25914,1,FEASIBLE,WORSE
4453,2,64,97,22793,25833,1,FEASIBLE,WORSE
4454,2,64,98,22179,25144,1,FEASIBLE,WORSE
4455,2,64,99,22600,25616,1,FEASIBLE,WORSE
4456,2,65,66,23907,26803,0,CAPACITY_EXCEEDED,INVALID
4457,2,65,67,24198,27103,0,CAPACITY_EXCEEDED,INVALID
4458,2,65,68,23203,26089,1,FEASIBLE,WORSE
4459,2,65,69,23353,26299,1,FEASIBLE,WORSE
4460,2,65,70,24207,27099,0,CAPACITY_EXCEEDED,INVALID
4461,2,65,71,24301,27214,0,CAPACITY_EXCEEDED,INVALID
4462,2,65,72,23791,26744,1,FEASIBLE,WORSE
4463,2,65,73,23509,26475,1,FEASIBLE,WORSE
4464,2,65,74,23926,26842,0,CAPACITY_EXCEEDED,INVALID
4465,2,65,75,23271,26165,1,FEASIBLE,WORSE
4466,2,65,76,24865,27788,0,CAPACITY_EXCEEDED,INVALID
4467,2,65,77,24924,27804,0,CAPACITY_EXCEEDED,INVALID
4468,2,65,78,23234,26129,1,FEASIBLE,WORSE
4469,2,65,79,24929,27811,0,CAPACITY_EXCEEDED,INVALID
4470,2,65,80,23950,26844,0,CAPACITY_EXCEEDED,INVALID
4471,2,65,81,24258,27161,0,CAPACITY_EXCEEDED,INVALID
4472,2,65,82,23002,25920,1,FEASIBLE,WORSE
4473,2,65,83,23193,26116,1,FEASIBLE,WORSE
4474,2,65,84,23558,26462,1,FEASIBLE,WORSE
4475,2,65,85,24913,27903,0,CAPACITY_EXCEEDED,INVALID
4476,2,65,86,23348,26252,1,FEASIBLE,WORSE
4477,2,65,87,24787,27707,0,CAPACITY_EXCEEDED,INVALID
4478,2,65,88,23675,26621,1,FEASIBLE,WORSE
4479,2,65,89,24161,27107,0,CAPACITY_EXCEEDED,INVALID
4480,2,65,90,23524,26425,1,FEASIBLE,WORSE
4481,2,65,91,23832,26757,1,FEASIBLE,WORSE
4482,2,65,92,24351,27325,0,CAPACITY_EXCEEDED,INVALID
4483,2,65,93,24931,27916,0,CAPACITY_EXCEEDED,INVALID
4484,2,65,94,24301,27186,0,CAPACITY_EXCEEDED,INVALID
4485,2,65,95,23959,26945,0,CAPACITY_EXCEEDED,INVALID
4486,2,65,96,23924,26862,0,CAPACITY_EXCEEDED,INVALID
4487,2,65,97,23799,26781,1,FEASIBLE,WORSE
4488,2,65,98,23185,26092,1,FEASIBLE,WORSE
4489,2,65,99,23606,26564,1,FEASIBLE,WORSE
4490,2,66,67,24035,26948,0,CAPACITY_EXCEEDED,INVALID
4491,2,66,68,23040,25934,1,FEASIBLE,WORSE
4492,2,66,69,23190,26144,1,FEASIBLE,WORSE
4493,2,66,70,24044,26944,0,CAPACITY_EXCEEDED,INVALID
4494,2,66,71,24138,27059,0,CAPACITY_EXCEEDED,INVALID
4495,2,66,72,23628,26589,1,FEASIBLE,WORSE
4496,2,66,73,23346,26320,1,FEASIBLE,WORSE
4497,2,66,74,23763,26687,1,FEASIBLE,WORSE
4498,2,66,75,23108,26010,1,FEASIBLE,WORSE
4499,2,66,76,24702,27633,0,CAPACITY_EXCEEDED,INVALID
4500,2,66,77,24761,27649,0,CAPACITY_EXCEEDED,INVALID
4501,2,66,78,23071,25974,1,FEASIBLE,WORSE
4502,2,66,79,24766,27656,0,CAPACITY_EXCEEDED,INVALID
4503,2,66,80,23787,26689,1,FEASIBLE,WORSE
4504,2,66,81,24095,27006,0,CAPACITY_EXCEEDED,INVALID
4505,2,66,82,22839,25765,1,FEASIBLE,WORSE
4506,2,66,83,23030,25961,1,FEASIBLE,WORSE
4507,2,66,84,23395,26307,1,FEASIBLE,WORSE
4508,2,66,85,24750,27748,0,CAPACITY_EXCEEDED,INVALID
4509,2,66,86,23185,26097,1,FEASIBLE,WORSE
4510,2,66,87,24624,27552,0,CAPACITY_EXCEEDED,INVALID
4511,2,66,88,23512,26466,1,FEASIBLE,WORSE
4512,2,66,89,23998,26952,0,CAPACITY_EXCEEDED,INVALID
4513,2,66,90,23361,26270,1,FEASIBLE,WORSE
4514,2,66,91,23669,26602,1,FEASIBLE,WORSE
4515,2,66,92,24188,27170,0,CAPACITY_EXCEEDED,INVALID
4516,2,66,93,24768,27761,0,CAPACITY_EXCEEDED,INVALID
4517,2,66,94,24138,27031,0,CAPACITY_EXCEEDED,INVALID
4518,2,66,95,23796,26790,1,FEASIBLE,WORSE
4519,2,66,96,23761,26707,1,FEASIBLE,WORSE
4520,2,66,97,23636,26626,1,FEASIBLE,WORSE
4521,2,66,98,23022,25937,1,FEASIBLE,WORSE
4522,2,66,99,23443,26409,1,FEASIBLE,WORSE
4523,2,67,68,23331,26234,1,FEASIBLE,WORSE
4524,2,67,69,23481,26444,1,FEASIBLE,WORSE
4525,2,67,70,24335,27244,0,CAPACITY_EXCEEDED,INVALID
4526,2,67,71,24429,27359,0,CAPACITY_EXCEEDED,INVALID
4527,2,67,72,23919,26889,0,CAPACITY_EXCEEDED,INVALID
4528,2,67,73,23637,26620,1,FEASIBLE,WORSE
4529,2,67,74,24054,26987,0,CAPACITY_EXCEEDED,INVALID
4530,2,67,75,23399,26310,1,FEASIBLE,WORSE
4531,2,67,76,24993,27933,0,CAPACITY_EXCEEDED,INVALID
4532,2,67,77,25052,27949,0,CAPACITY_EXCEEDED,INVALID
4533,2,67,78,23362,26274,1,FEASIBLE,WORSE
4534,2,67,79,25057,27956,0,CAPACITY_EXCEEDED,INVALID
4535,2,67,80,24078,26989,0,CAPACITY_EXCEEDED,INVALID
4536,2,67,81,24386,27306,0,CAPACITY_EXCEEDED,INVALID
4537,2,67,82,23130,26065,1,FEASIBLE,WORSE
4538,2,67,83,23321,26261,1,FEASIBLE,WORSE
4539,2,67,84,23686,26607,1,FEASIBLE,WORSE
4540,2,67,85,25041,28048,0,CAPACITY_EXCEEDED,INVALID
4541,2,67,86,23476,26397,1,FEASIBLE,WORSE
4542,2,67,87,24915,27852,0,CAPACITY_EXCEEDED,INVALID
4543,2,67,88,23803,26766,1,FEASIBLE,WORSE
4544,2,67,89,24289,27252,0,CAPACITY_EXCEEDED,INVALID
4545,2,67,90,23652,26570,1,FEASIBLE,WORSE
4546,2,67,91,23960,26902,0,CAPACITY_EXCEEDED,INVALID
4547,2,67,92,24479,27470,0,CAPACITY_EXCEEDED,INVALID
4548,2,67,93,25059,28061,0,CAPACITY_EXCEEDED,INVALID
4549,2,67,94,24429,27331,0,CAPACITY_EXCEEDED,INVALID
4550,2,67,95,24087,27090,0,CAPACITY_EXCEEDED,INVALID
4551,2,67,96,24052,27007,0,CAPACITY_EXCEEDED,INVALID
4552,2,67,97,23927,26926,0,CAPACITY_EXCEEDED,INVALID
4553,2,67,98,23313,26237,1,FEASIBLE,WORSE
4554,2,67,99,23734,26709,1,FEASIBLE,WORSE
4555,2,68,69,22486,25430,1,FEASIBLE,WORSE
4556,2,68,70,23340,26230,1,FEASIBLE,WORSE
4557,2,68,71,23434,26345,1,FEASIBLE,WORSE
4558,2,68,72,22924,25875,1,FEASIBLE,WORSE
4559,2,68,73,22642,25606,1,FEASIBLE,WORSE
4560,2,68,74,23059,25973,1,FEASIBLE,WORSE
4561,2,68,75,22404,25296,1,FEASIBLE,WORSE
4562,2,68,76,23998,26919,0,CAPACITY_EXCEEDED,INVALID
4563,2,68,77,24057,26935,0,CAPACITY_EXCEEDED,INVALID
4564,2,68,78,22367,25260,1,FEASIBLE,WORSE
4565,2,68,79,24062,26942,0,CAPACITY_EXCEEDED,INVALID
4566,2,68,80,23083,25975,1,FEASIBLE,WORSE
4567,2,68,81,23391,26292,1,FEASIBLE,WORSE
4568,2,68,82,22135,25051,1,FEASIBLE,WORSE
4569,2,68,83,22326,25247,1,FEASIBLE,WORSE
4570,2,68,84,22691,25593,1,FEASIBLE,WORSE
4571,2,68,85,24046,27034,0,CAPACITY_EXCEEDED,INVALID
4572,2,68,86,22481,25383,1,FEASIBLE,WORSE
4573,2,68,87,23920,26838,0,CAPACITY_EXCEEDED,INVALID
4574,2,68,88,22808,25752,1,FEASIBLE,WORSE
4575,2,68,89,23294,26238,1,FEASIBLE,WORSE
4576,2,68,90,22657,25556,1,FEASIBLE,WORSE
4577,2,68,91,22965,25888,1,FEASIBLE,WORSE
4578,2,68,92,23484,26456,1,FEASIBLE,WORSE
4579,2,68,93,24064,27047,0,CAPACITY_EXCEEDED,INVALID
4580,2,68,94,23434,26317,1,FEASIBLE,WORSE
4581,2,68,95,23092,26076,1,FEASIBLE,WORSE
4582,2,68,96,23057,25993,1,FEASIBLE,WORSE
4583,2,68,97,22932,25912,1,FEASIBLE,WORSE
4584,2,68,98,22318,25223,1,FEASIBLE,WORSE
4585,2,68,99,22739,25695,1,FEASIBLE,WORSE
4586,2,69,70,23490,26440,1,FEASIBLE,WORSE
4587,2,69,71,23584,26555,1,FEASIBLE,WORSE
4588,2,69,72,23074,26085,1,FEASIBLE,WORSE
4589,2,69,73,22792,25816,1,FEASIBLE,WORSE
4590,2,69,74,23209,26183,1,FEASIBLE,WORSE
4591,2,69,75,22554,25506,1,FEASIBLE,WORSE
4592,2,69,76,24148,27129,0,CAPACITY_EXCEEDED,INVALID
4593,2,69,77,24207,27145,0,CAPACITY_EXCEEDED,INVALID
4594,2,69,78,22517,25470,1,FEASIBLE,WORSE
4595,2,69,79,24212,27152,0,CAPACITY_EXCEEDED,INVALID
4596,2,69,80,23233,26185,1,FEASIBLE,WORSE
4597,2,69,81,23541,26502,1,FEASIBLE,WORSE
4598,2,69,82,22285,25261,1,FEASIBLE,WORSE
4599,2,69,83,22476,25457,1,FEASIBLE,WORSE
4600,2,69,84,22841,25803,1,FEASIBLE,WORSE
4601,2,69,85,24196,27244,0,CAPACITY_EXCEEDED,INVALID
4602,2,69,86,22631,25593,1,FEASIBLE,WORSE
4603,2,69,87,24070,27048,0,CAPACITY_EXCEEDED,INVALID
4604,2,69,88,22958,25962,1,FEASIBLE,WORSE
4605,2,69,89,23444,26448,1,FEASIBLE,WORSE
4606,2,69,90,22807,25766,1,FEASIBLE,WORSE
4607,2,69,91,23115,26098,1,FEASIBLE,WORSE
4608,2,69,92,23634,26666,1,FEASIBLE,WORSE
4609,2,69,93,24214,27257,0,CAPACITY_EXCEEDED,INVALID
4610,2,69,94,23584,26527,1,FEASIBLE,WORSE
4611,2,69,95,23242,26286,1,FEASIBLE,WORSE
4612,2,69,96,23207,26203,1,FEASIBLE,WORSE
4613,2,69,97,23082,26122,1,FEASIBLE,WORSE
4614,2,69,98,22468,25433,1,FEASIBLE,WORSE
4615,2,69,99,22889,25905,1,FEASIBLE,WORSE
4616,2,70,71,24438,27355,0,CAPACITY_EXCEEDED,INVALID
4617,2,70,72,23928,26885,0,CAPACITY_EXCEEDED,INVALID
4618,2,70,73,23646,26616,1,FEASIBLE,WORSE
4619,2,70,74,24063,26983,0,CAPACITY_EXCEEDED,INVALID
4620,2,70,75,23408,26306,1,FEASIBLE,WORSE
4621,2,70,76,25002,27929,0,CAPACITY_EXCEEDED,INVALID
4622,2,70,77,25061,27945,0,CAPACITY_EXCEEDED,INVALID
4623,2,70,78,23371,26270,1,FEASIBLE,WORSE
4624,2,70,79,25066,27952,0,CAPACITY_EXCEEDED,INVALID
4625,2,70,80,24087,26985,0,CAPACITY_EXCEEDED,INVALID
4626,2,70,81,24395,27302,0,CAPACITY_EXCEEDED,INVALID
4627,2,70,82,23139,26061,1,FEASIBLE,WORSE
4628,2,70,83,23330,26257,1,FEASIBLE,WORSE
4629,2,70,84,23695,26603,1,FEASIBLE,WORSE
4630,2,70,85,25050,28044,0,CAPACITY_EXCEEDED,INVALID
4631,2,70,86,23485,26393,1,FEASIBLE,WORSE
4632,2,70,87,24924,27848,0,CAPACITY_EXCEEDED,INVALID
4633,2,70,88,23812,26762,1,FEASIBLE,WORSE
4634,2,70,89,24298,27248,0,CAPACITY_EXCEEDED,INVALID
4635,2,70,90,23661,26566,1,FEASIBLE,WORSE
4636,2,70,91,23969,26898,0,CAPACITY_EXCEEDED,INVALID
4637,2,70,92,24488,27466,0,CAPACITY_EXCEEDED,INVALID
4638,2,70,93,25068,28057,0,CAPACITY_EXCEEDED,INVALID
4639,2,70,94,24438,27327,0,CAPACITY_EXCEEDED,INVALID
4640,2,70,95,24096,27086,0,CAPACITY_EXCEEDED,INVALID
4641,2,70,96,24061,27003,0,CAPACITY_EXCEEDED,INVALID
4642,2,70,97,23936,26922,0,CAPACITY_EXCEEDED,INVALID
4643,2,70,98,23322,26233,1,FEASIBLE,WORSE
4644,2,70,99,23743,26705,1,FEASIBLE,WORSE
4645,2,71,72,24022,27000,0,CAPACITY_EXCEEDED,INVALID
4646,2,71,73,23740,26731,1,FEASIBLE,WORSE
4647,2,71,74,24157,27098,0,CAPACITY_EXCEEDED,INVALID
4648,2,71,75,23502,26421,1,FEASIBLE,WORSE
4649,2,71,76,25096,28044,0,CAPACITY_EXCEEDED,INVALID
4650,2,71,77,25155,28060,0,CAPACITY_EXCEEDED,INVALID
4651,2,71,78,23465,26385,1,FEASIBLE,WORSE
4652,2,71,79,25160,28067,0,CAPACITY_EXCEEDED,INVALID
4653,2,71,80,24181,27100,0,CAPACITY_EXCEEDED,INVALID
4654,2,71,81,24489,27417,0,CAPACITY_EXCEEDED,INVALID
4655,2,71,82,23233,26176,1,FEASIBLE,WORSE
4656,2,71,83,23424,26372,1,FEASIBLE,WORSE
4657,2,71,84,23789,26718,1,FEASIBLE,WORSE
4658,2,71,85,25144,28159,0,CAPACITY_EXCEEDED,INVALID
4659,2,71,86,23579,26508,1,FEASIBLE,WORSE
4660,2,71,87,25018,27963,0,CAPACITY_EXCEEDED,INVALID
4661,2,71,88,23906,26877,0,CAPACITY_EXCEEDED,INVALID
4662,2,71,89,24392,27363,0,CAPACITY_EXCEEDED,INVALID
4663,2,71,90,23755,26681,1,FEASIBLE,WORSE
4664,2,71,91,24063,27013,0,CAPACITY_EXCEEDED,INVALID
4665,2,71,92,24582,27581,0,CAPACITY_EXCEEDED,INVALID
4666,2,71,93,25162,28172,0,CAPACITY_EXCEEDED,INVALID
4667,2,71,94,24532,27442,0,CAPACITY_EXCEEDED,INVALID
4668,2,71,95,24190,27201,0,CAPACITY_EXCEEDED,INVALID
4669,2,71,96,24155,27118,0,CAPACITY_EXCEEDED,INVALID
4670,2,71,97,24030,27037,0,CAPACITY_EXCEEDED,INVALID
4671,2,71,98,23416,26348,1,FEASIBLE,WORSE
4672,2,71,99,23837,26820,1,FEASIBLE,WORSE
4673,2,72,73,23230,26261,1,FEASIBLE,WORSE
4674,2,72,74,23647,26628,1,FEASIBLE,WORSE
4675,2,72,75,22992,25951,1,FEASIBLE,WORSE
4676,2,72,76,24586,27574,0,CAPACITY_EXCEEDED,INVALID
4677,2,72,77,24645,27590,0,CAPACITY_EXCEEDED,INVALID
4678,2,72,78,22955,25915,1,FEASIBLE,WORSE
4679,2,72,79,24650,27597,0,CAPACITY_EXCEEDED,INVALID
4680,2,72,80,23671,26630,1,FEASIBLE,WORSE
4681,2,72,81,23979,26947,0,CAPACITY_EXCEEDED,INVALID
4682,2,72,82,22723,25706,1,FEASIBLE,WORSE
4683,2,72,83,22914,25902,1,FEASIBLE,WORSE
4684,2,72,84,23279,26248,1,FEASIBLE,WORSE
4685,2,72,85,24634,27689,0,CAPACITY_EXCEEDED,INVALID
4686,2,72,86,23069,26038,1,FEASIBLE,WORSE
4687,2,72,87,24508,27493,0,CAPACITY_EXCEEDED,INVALID
4688,2,72,88,23396,26407,1,FEASIBLE,WORSE
4689,2,72,89,23882,26893,0,CAPACITY_EXCEEDED,INVALID
4690,2,72,90,23245,26211,1,FEASIBLE,WORSE
4691,2,72,91,23553,26543,1,FEASIBLE,WORSE
4692,2,72,92,24072,27111,0,CAPACITY_EXCEEDED,INVALID
4693,2,72,93,24652,27702,0,CAPACITY_EXCEEDED,INVALID
4694,2,72,94,24022,26972,0,CAPACITY_EXCEEDED,INVALID
4695,2,72,95,23680,26731,1,FEASIBLE,WORSE
4696,2,72,96,23645,26648,1,FEASIBLE,WORSE
4697,2,72,97,23520,26567,1,FEASIBLE,WORSE
4698,2,72,98,22906,25878,1,FEASIBLE,WORSE
4699,2,72,99,23327,26350,1,FEASIBLE,WORSE
4700,2,73,74,23365,26359,1,FEASIBLE,WORSE
4701,2,73,75,22710,25682,1,FEASIBLE,WORSE
4702,2,73,76,24304,27305,0,CAPACITY_EXCEEDED,INVALID
4703,2,73,77,24363,27321,0,CAPACITY_EXCEEDED,INVALID
4704,2,73,78,22673,25646,1,FEASIBLE,WORSE
4705,2,73,79,24368,27328,0,CAPACITY_EXCEEDED,INVALID
4706,2,73,80,23389,26361,1,FEASIBLE,WORSE
4707,2,73,81,23697,26678,1,FEASIBLE,WORSE
4708,2,73,82,22441,25437,1,FEASIBLE,WORSE
4709,2,73,83,22632,25633,1,FEASIBLE,WORSE
4710,2,73,84,22997,25979,1,FEASIBLE,WORSE
4711,2,73,85,24352,27420,0,CAPACITY_EXCEEDED,INVALID
4712,2,73,86,22787,25769,1,FEASIBLE,WORSE
4713,2,73,87,24226,27224,0,CAPACITY_EXCEEDED,INVALID
4714,2,73,88,23114,26138,1,FEASIBLE,WORSE
4715,2,73,89,23600,26624,1,FEASIBLE,WORSE
4716,2,73,90,22963,25942,1,FEASIBLE,WORSE
4717,2,73,91,23271,26274,1,FEASIBLE,WORSE
4718,2,73,92,23790,26842,1,FEASIBLE,WORSE
4719,2,73,93,24370,27433,0,CAPACITY_EXCEEDED,INVALID
4720,2,73,94,23740,26703,1,FEASIBLE,WORSE
4721,2,73,95,23398,26462,1,FEASIBLE,WORSE
4722,2,73,96,23363,26379,1,FEASIBLE,WORSE
4723,2,73,97,23238,26298,1,FEASIBLE,WORSE
4724,2,73,98,22624,25609,1,FEASIBLE,WORSE
4725,2,73,99,23045,26081,1,FEASIBLE,WORSE
4726,2,74,75,23127,26049,1,FEASIBLE,WORSE
4727,2,74,76,24721,27672,0,CAPACITY_EXCEEDED,INVALID
4728,2,74,77,24780,27688,0,CAPACITY_EXCEEDED,INVALID
4729,2,74,78,23090,26013,1,FEASIBLE,WORSE
4730,2,74,79,24785,27695,0,CAPACITY_EXCEEDED,INVALID
4731,2,74,80,23806,26728,1,FEASIBLE,WORSE
4732,2,74,81,24114,27045,0,CAPACITY_EXCEEDED,INVALID
4733,2,74,82,22858,25804,1,FEASIBLE,WORSE
4734,2,74,83,23049,26000,1,FEASIBLE,WORSE
4735,2,74,84,23414,26346,1,FEASIBLE,WORSE
4736,2,74,85,24769,27787,0,CAPACITY_EXCEEDED,INVALID
4737,2,74,86,23204,26136,1,FEASIBLE,WORSE
4738,2,74,87,24643,27591,0,CAPACITY_EXCEEDED,INVALID
4739,2,74,88,23531,26505,1,FEASIBLE,WORSE
4740,2,74,89,24017,26991,0,CAPACITY_EXCEEDED,INVALID
4741,2,74,90,23380,26309,1,FEASIBLE,WORSE
4742,2,74,91,23688,26641,1,FEASIBLE,WORSE
4743,2,74,92,24207,27209,0,CAPACITY_EXCEEDED,INVALID
4744,2,74,93,24787,27800,0,CAPACITY_EXCEEDED,INVALID
4745,2,74,94,24157,27070,0,CAPACITY_EXCEEDED,INVALID
4746,2,74,95,23815,26829,1,FEASIBLE,WORSE
4747,2,74,96,23780,26746,1,FEASIBLE,WORSE
4748,2,74,97,23655,26665,1,FEASIBLE,WORSE
4749,2,74,98,23041,25976,1,FEASIBLE,WORSE
4750,2,74,99,23462,26448,1,FEASIBLE,WORSE
4751,2,75,76,24066,26995,0,CAPACITY_EXCEEDED,INVALID
4752,2,75,77,24125,27011,0,CAPACITY_EXCEEDED,INVALID
4753,2,75,78,22435,25336,1,FEASIBLE,WORSE
4754,2,75,79,24130,27018,0,CAPACITY_EXCEEDED,INVALID
4755,2,75,80,23151,26051,1,FEASIBLE,WORSE
4756,2,75,81,23459,26368,1,FEASIBLE,WORSE
4757,2,75,82,22203,25127,1,FEASIBLE,WORSE
4758,2,75,83,22394,25323,1,FEASIBLE,WORSE
4759,2,75,84,22759,25669,1,FEASIBLE,WORSE
4760,2,75,85,24114,27110,0,CAPACITY_EXCEEDED,INVALID
4761,2,75,86,22549,25459,1,FEASIBLE,WORSE
4762,2,75,87,23988,26914,0,CAPACITY_EXCEEDED,INVALID
4763,2,75,88,22876,25828,1,FEASIBLE,WORSE
4764,2,75,89,23362,26314,1,FEASIBLE,WORSE
4765,2,75,90,22725,25632,1,FEASIBLE,WORSE
4766,2,75,91,23033,25964,1,FEASIBLE,WORSE
4767,2,75,92,23552,26532,1,FEASIBLE,WORSE
4768,2,75,93,24132,27123,0,CAPACITY_EXCEEDED,INVALID
4769,2,75,94,23502,26393,1,FEASIBLE,WORSE
4770,2,75,95,23160,26152,1,FEASIBLE,WORSE
4771,2,75,96,23125,26069,1,FEASIBLE,WORSE
4772,2,75,97,23000,25988,1,FEASIBLE,WORSE
4773,2,75,98,22386,25299,1,FEASIBLE,WORSE
4774,2,75,99,22807,25771,1,FEASIBLE,WORSE
4775,2,76,77,25719,28634,0,CAPACITY_EXCEEDED,INVALID
4776,2,76,78,24029,26959,0,CAPACITY_EXCEEDED,INVALID
4777,2,76,79,25724,28641,0,CAPACITY_EXCEEDED,INVALID
4778,2,76,80,24745,27674,0,CAPACITY_EXCEEDED,INVALID
4779,2,76,81,25053,27991,0,CAPACITY_EXCEEDED,INVALID
4780,2,76,82,23797,26750,1,FEASIBLE,WORSE
4781,2,76,83,23988,26946,0,CAPACITY_EXCEEDED,INVALID
4782,2,76,84,24353,27292,0,CAPACITY_EXCEEDED,INVALID
4783,2,76,85,25708,28733,0,CAPACITY_EXCEEDED,INVALID
4784,2,76,86,24143,27082,0,CAPACITY_EXCEEDED,INVALID
4785,2,76,87,25582,28537,0,CAPACITY_EXCEEDED,INVALID
4786,2,76,88,24470,27451,0,CAPACITY_EXCEEDED,INVALID
4787,2,76,89,24956,27937,0,CAPACITY_EXCEEDED,INVALID
4788,2,76,90,24319,27255,0,CAPACITY_EXCEEDED,INVALID
4789,2,76,91,24627,27587,0,CAPACITY_EXCEEDED,INVALID
4790,2,76,92,25146,28155,0,CAPACITY_EXCEEDED,INVALID
4791,2,76,93,25726,28746,0,CAPACITY_EXCEEDED,INVALID
4792,2,76,94,25096,28016,0,CAPACITY_EXCEEDED,INVALID
4793,2,76,95,24754,27775,0,CAPACITY_EXCEEDED,INVALID
4794,2,76,96,24719,27692,0,CAPACITY_EXCEEDED,INVALID
4795,2,76,97,24594,27611,0,CAPACITY_EXCEEDED,INVALID
4796,2,76,98,23980,26922,0,CAPACITY_EXCEEDED,INVALID
4797,2,76,99,24401,27394,0,CAPACITY_EXCEEDED,INVALID
4798,2,77,78,24088,26975,0,CAPACITY_EXCEEDED,INVALID
4799,2,77,79,25783,28657,0,CAPACITY_EXCEEDED,INVALID
4800,2,77,80,24804,27690,0,CAPACITY_EXCEEDED,INVALID
4801,2,77,81,25112,28007,0,CAPACITY_EXCEEDED,INVALID
4802,2,77,82,23856,26766,1,FEASIBLE,WORSE
4803,2,77,83,24047,26962,0,CAPACITY_EXCEEDED,INVALID
4804,2,77,84,24412,27308,0,CAPACITY_EXCEEDED,INVALID
4805,2,77,85,25767,28749,0,CAPACITY_EXCEEDED,INVALID
4806,2,77,86,24202,27098,0,CAPACITY_EXCEEDED,INVALID
4807,2,77,87,25641,28553,0,CAPACITY_EXCEEDED,INVALID
4808,2,77,88,24529,27467,0,CAPACITY_EXCEEDED,INVALID
4809,2,77,89,25015,27953,0,CAPACITY_EXCEEDED,INVALID
4810,2,77,90,24378,27271,0,CAPACITY_EXCEEDED,INVALID
4811,2,77,91,24686,27603,0,CAPACITY_EXCEEDED,INVALID
4812,2,77,92,25205,28171,0,CAPACITY_EXCEEDED,INVALID
4813,2,77,93,25785,28762,0,CAPACITY_EXCEEDED,INVALID
4814,2,77,94,25155,28032,0,CAPACITY_EXCEEDED,INVALID
4815,2,77,95,24813,27791,0,CAPACITY_EXCEEDED,INVALID
4816,2,77,96,24778,27708,0,CAPACITY_EXCEEDED,INVALID
4817,2,77,97,24653,27627,0,CAPACITY_EXCEEDED,INVALID
4818,2,77,98,24039,26938,0,CAPACITY_EXCEEDED,INVALID
4819,2,77,99,24460,27410,0,CAPACITY_EXCEEDED,INVALID
4820,2,78,79,24093,26982,0,CAPACITY_EXCEEDED,INVALID
4821,2,78,80,23114,26015,1,FEASIBLE,WORSE
4822,2,78,81,23422,26332,1,FEASIBLE,WORSE
4823,2,78,82,22166,25091,1,FEASIBLE,WORSE
4824,2,78,83,22357,25287,1,FEASIBLE,WORSE
4825,2,78,84,22722,25633,1,FEASIBLE,WORSE
4826,2,78,85,24077,27074,0,CAPACITY_EXCEEDED,INVALID
4827,2,78,86,22512,25423,1,FEASIBLE,WORSE
4828,2,78,87,23951,26878,0,CAPACITY_EXCEEDED,INVALID
4829,2,78,88,22839,25792,1,FEASIBLE,WORSE
4830,2,78,89,23325,26278,1,FEASIBLE,WORSE
4831,2,78,90,22688,25596,1,FEASIBLE,WORSE
4832,2,78,91,22996,25928,1,FEASIBLE,WORSE
4833,2,78,92,23515,26496,1,FEASIBLE,WORSE
4834,2,78,93,24095,27087,0,CAPACITY_EXCEEDED,INVALID
4835,2,78,94,23465,26357,1,FEASIBLE,WORSE
4836,2,78,95,23123,26116,1,FEASIBLE,WORSE
4837,2,78,96,23088,26033,1,FEASIBLE,WORSE
4838,2,78,97,22963,25952,1,FEASIBLE,WORSE
4839,2,78,98,22349,25263,1,FEASIBLE,WORSE
4840,2,78,99,22770,25735,1,FEASIBLE,WORSE
4841,2,79,80,24809,27697,0,CAPACITY_EXCEEDED,INVALID
4842,2,79,81,25117,28014,0,CAPACITY_EXCEEDED,INVALID
4843,2,79,82,23861,26773,1,FEASIBLE,WORSE
4844,2,79,83,24052,26969,0,CAPACITY_EXCEEDED,INVALID
4845,2,79,84,24417,27315,0,CAPACITY_EXCEEDED,INVALID
4846,2,79,85,25772,28756,0,CAPACITY_EXCEEDED,INVALID
4847,2,79,86,24207,27105,0,CAPACITY_EXCEEDED,INVALID
4848,2,79,87,25646,28560,0,CAPACITY_EXCEEDED,INVALID
4849,2,79,88,24534,27474,0,CAPACITY_EXCEEDED,INVALID
4850,2,79,89,25020,27960,0,CAPACITY_EXCEEDED,INVALID
4851,2,79,90,24383,27278,0,CAPACITY_EXCEEDED,INVALID
4852,2,79,91,24691,27610,0,CAPACITY_EXCEEDED,INVALID
4853,2,79,92,25210,28178,0,CAPACITY_EXCEEDED,INVALID
4854,2,79,93,25790,28769,0,CAPACITY_EXCEEDED,INVALID
4855,2,79,94,25160,28039,0,CAPACITY_EXCEEDED,INVALID
4856,2,79,95,24818,27798,0,CAPACITY_EXCEEDED,INVALID
4857,2,79,96,24783,27715,0,CAPACITY_EXCEEDED,INVALID
4858,2,79,97,24658,27634,0,CAPACITY_EXCEEDED,INVALID
4859,2,79,98,24044,26945,0,CAPACITY_EXCEEDED,INVALID
4860,2,79,99,24465,27417,0,CAPACITY_EXCEEDED,INVALID
4861,2,80,81,24138,27047,0,CAPACITY_EXCEEDED,INVALID
4862,2,80,82,22882,25806,1,FEASIBLE,WORSE
4863,2,80,83,23073,26002,1,FEASIBLE,WORSE
4864,2,80,84,23438,26348,1,FEASIBLE,WORSE
4865,2,80,85,24793,27789,0,CAPACITY_EXCEEDED,INVALID
4866,2,80,86,23228,26138,1,FEASIBLE,WORSE
4867,2,80,87,24667,27593,0,CAPACITY_EXCEEDED,INVALID
4868,2,80,88,23555,26507,1,FEASIBLE,WORSE
4869,2,80,89,24041,26993,0,CAPACITY_EXCEEDED,INVALID
4870,2,80,90,23404,26311,1,FEASIBLE,WORSE
4871,2,80,91,23712,26643,1,FEASIBLE,WORSE
4872,2,80,92,24231,27211,0,CAPACITY_EXCEEDED,INVALID
4873,2,80,93,24811,27802,0,CAPACITY_EXCEEDED,INVALID
4874,2,80,94,24181,27072,0,CAPACITY_EXCEEDED,INVALID
4875,2,80,95,23839,26831,1,FEASIBLE,WORSE
4876,2,80,96,23804,26748,1,FEASIBLE,WORSE
4877,2,80,97,23679,26667,1,FEASIBLE,WORSE
4878,2,80,98,23065,25978,1,FEASIBLE,WORSE
4879,2,80,99,23486,26450,1,FEASIBLE,WORSE
4880,2,81,82,23190,26123,1,FEASIBLE,WORSE
4881,2,81,83,23381,26319,1,FEASIBLE,WORSE
4882,2,81,84,23746,26665,1,FEASIBLE,WORSE
4883,2,81,85,25101,28106,0,CAPACITY_EXCEEDED,INVALID
4884,2,81,86,23536,26455,1,FEASIBLE,WORSE
4885,2,81,87,24975,27910,0,CAPACITY_EXCEEDED,INVALID
4886,2,81,88,23863,26824,1,FEASIBLE,WORSE
4887,2,81,89,24349,27310,0,CAPACITY_EXCEEDED,INVALID
4888,2,81,90,23712,26628,1,FEASIBLE,WORSE
4889,2,81,91,24020,26960,0,CAPACITY_EXCEEDED,INVALID
4890,2,81,92,24539,27528,0,CAPACITY_EXCEEDED,INVALID
4891,2,81,93,25119,28119,0,CAPACITY_EXCEEDED,INVALID
4892,2,81,94,24489,27389,0,CAPACITY_EXCEEDED,INVALID
4893,2,81,95,24147,27148,0,CAPACITY_EXCEEDED,INVALID
4894,2,81,96,24112,27065,0,CAPACITY_EXCEEDED,INVALID
4895,2,81,97,23987,26984,0,CAPACITY_EXCEEDED,INVALID
4896,2,81,98,23373,26295,1,FEASIBLE,WORSE
4897,2,81,99,23794,26767,1,FEASIBLE,WORSE
4898,2,82,83,22125,25078,1,FEASIBLE,WORSE
4899,2,82,84,22490,25424,1,FEASIBLE,WORSE
4900,2,82,85,23845,26865,1,FEASIBLE,WORSE
4901,2,82,86,22280,25214,1,FEASIBLE,WORSE
4902,2,82,87,23719,26669,1,FEASIBLE,WORSE
4903,2,82,88,22607,25583,1,FEASIBLE,WORSE
4904,2,82,89,23093,26069,1,FEASIBLE,WORSE
4905,2,82,90,22456,25387,1,FEASIBLE,WORSE
4906,2,82,91,22764,25719,1,FEASIBLE,WORSE
4907,2,82,92,23283,26287,1,FEASIBLE,WORSE
4908,2,82,93,23863,26878,1,FEASIBLE,WORSE
4909,2,82,94,23233,26148,1,FEASIBLE,WORSE
4910,2,82,95,22891,25907,1,FEASIBLE,WORSE
4911,2,82,96,22856,25824,1,FEASIBLE,WORSE
4912,2,82,97,22731,25743,1,FEASIBLE,WORSE
4913,2,82,98,22117,25054,1,FEASIBLE,WORSE
4914,2,82,99,22538,25526,1,FEASIBLE,WORSE
4915,2,83,84,22681,25620,1,FEASIBLE,WORSE
4916,2,83,85,24036,27061,0,CAPACITY_EXCEEDED,INVALID
4917,2,83,86,22471,25410,1,FEASIBLE,WORSE
4918,2,83,87,23910,26865,0,CAPACITY_EXCEEDED,INVALID
4919,2,83,88,22798,25779,1,FEASIBLE,WORSE
4920,2,83,89,23284,26265,1,FEASIBLE,WORSE
4921,2,83,90,22647,25583,1,FEASIBLE,WORSE
4922,2,83,91,22955,25915,1,FEASIBLE,WORSE
4923,2,83,92,23474,26483,1,FEASIBLE,WORSE
4924,2,83,93,24054,27074,0,CAPACITY_EXCEEDED,INVALID
4925,2,83,94,23424,26344,1,FEASIBLE,WORSE
4926,2,83,95,23082,26103,1,FEASIBLE,WORSE
4927,2,83,96,23047,26020,1,FEASIBLE,WORSE
4928,2,83,97,22922,25939,1,FEASIBLE,WORSE
4929,2,83,98,22308,25250,1,FEASIBLE,WORSE
4930,2,83,99,22729,25722,1,FEASIBLE,WORSE
4931,2,84,85,24401,27407,0,CAPACITY_EXCEEDED,INVALID
4932,2,84,86,22836,25756,1,FEASIBLE,WORSE
4933,2,84,87,24275,27211,0,CAPACITY_EXCEEDED,INVALID
4934,2,84,88,23163,26125,1,FEASIBLE,WORSE
4935,2,84,89,23649,26611,1,FEASIBLE,WORSE
4936,2,84,90,23012,25929,1,FEASIBLE,WORSE
4937,2,84,91,23320,26261,1,FEASIBLE,WORSE
4938,2,84,92,23839,26829,1,FEASIBLE,WORSE
4939,2,84,93,24419,27420,0,CAPACITY_EXCEEDED,INVALID
4940,2,84,94,23789,26690,1,FEASIBLE,WORSE
4941,2,84,95,23447,26449,1,FEASIBLE,WORSE
4942,2,84,96,23412,26366,1,FEASIBLE,WORSE
4943,2,84,97,23287,26285,1,FEASIBLE,WORSE
4944,2,84,98,22673,25596,1,FEASIBLE,WORSE
4945,2,84,99,23094,26068,1,FEASIBLE,WORSE
4946,2,85,86,24191,27197,0,CAPACITY_EXCEEDED,INVALID
4947,2,85,87,25630,28652,0,CAPACITY_EXCEEDED,INVALID
4948,2,85,88,24518,27566,0,CAPACITY_EXCEEDED,INVALID
4949,2,85,89,25004,28052,0,CAPACITY_EXCEEDED,INVALID
4950,2,85,90,24367,27370,0,CAPACITY_EXCEEDED,INVALID
4951,2,85,91,24675,27702,0,CAPACITY_EXCEEDED,INVALID
4952,2,85,92,25194,28270,0,CAPACITY_EXCEEDED,INVALID
4953,2,85,93,25774,28861,0,CAPACITY_EXCEEDED,INVALID
4954,2,85,94,25144,28131,0,CAPACITY_EXCEEDED,INVALID
4955,2,85,95,24802,27890,0,CAPACITY_EXCEEDED,INVALID
4956,2,85,96,24767,27807,0,CAPACITY_EXCEEDED,INVALID
4957,2,85,97,24642,27726,0,CAPACITY_EXCEEDED,INVALID
4958,2,85,98,24028,27037,0,CAPACITY_EXCEEDED,INVALID
4959,2,85,99,24449,27509,0,CAPACITY_EXCEEDED,INVALID
4960,2,86,87,24065,27001,0,CAPACITY_EXCEEDED,INVALID
4961,2,86,88,22953,25915,1,FEASIBLE,WORSE
4962,2,86,89,23439,26401,1,FEASIBLE,WORSE
4963,2,86,90,22802,25719,1,FEASIBLE,WORSE
4964,2,86,91,23110,26051,1,FEASIBLE,WORSE
4965,2,86,92,23629,26619,1,FEASIBLE,WORSE
4966,2,86,93,24209,27210,0,CAPACITY_EXCEEDED,INVALID
4967,2,86,94,23579,26480,1,FEASIBLE,WORSE
4968,2,86,95,23237,26239,1,FEASIBLE,WORSE
4969,2,86,96,23202,26156,1,FEASIBLE,WORSE
4970,2,86,97,23077,26075,1,FEASIBLE,WORSE
4971,2,86,98,22463,25386,1,FEASIBLE,WORSE
4972,2,86,99,22884,25858,1,FEASIBLE,WORSE
4973,2,87,88,24392,27370,0,CAPACITY_EXCEEDED,INVALID
4974,2,87,89,24878,27856,0,CAPACITY_EXCEEDED,INVALID
4975,2,87,90,24241,27174,0,CAPACITY_EXCEEDED,INVALID
4976,2,87,91,24549,27506,0,CAPACITY_EXCEEDED,INVALID
4977,2,87,92,25068,28074,0,CAPACITY_EXCEEDED,INVALID
4978,2,87,93,25648,28665,0,CAPACITY_EXCEEDED,INVALID
4979,2,87,94,25018,27935,0,CAPACITY_EXCEEDED,INVALID
4980,2,87,95,24676,27694,0,CAPACITY_EXCEEDED,INVALID
4981,2,87,96,24641,27611,0,CAPACITY_EXCEEDED,INVALID
4982,2,87,97,24516,27530,0,CAPACITY_EXCEEDED,INVALID
4983,2,87,98,23902,26841,0,CAPACITY_EXCEEDED,INVALID
4984,2,87,99,24323,27313,0,CAPACITY_EXCEEDED,INVALID
4985,2,88,89,23766,26770,1,FEASIBLE,WORSE
4986,2,88,90,23129,26088,1,FEASIBLE,WORSE
4987,2,88,91,23437,26420,1,FEASIBLE,WORSE
4988,2,88,92,23956,26988,0,CAPACITY_EXCEEDED,INVALID
4989,2,88,93,24536,27579,0,CAPACITY_EXCEEDED,INVALID
4990,2,88,94,23906,26849,0,CAPACITY_EXCEEDED,INVALID
4991,2,88,95,23564,26608,1,FEASIBLE,WORSE
4992,2,88,96,23529,26525,1,FEASIBLE,WORSE
4993,2,88,97,23404,26444,1,FEASIBLE,WORSE
4994,2,88,98,22790,25755,1,FEASIBLE,WORSE
4995,2,88,99,23211,26227,1,FEASIBLE,WORSE
4996,2,89,90,23615,26574,1,FEASIBLE,WORSE
4997,2,89,91,23923,26906,0,CAPACITY_EXCEEDED,INVALID
4998,2,89,92,24442,27474,0,CAPACITY_EXCEEDED,INVALID
4999,2,89,93,25022,28065,0,CAPACITY_EXCEEDED,INVALID
5000,2,89,94,24392,27335,0,CAPACITY_EXCEEDED,INVALID
5001,2,89,95,24050,27094,0,CAPACITY_EXCEEDED,INVALID
5002,2,89,96,24015,27011,0,CAPACITY_EXCEEDED,INVALID
5003,2,89,97,23890,26930,0,CAPACITY_EXCEEDED,INVALID
5004,2,89,98,23276,26241,1,FEASIBLE,WORSE
5005,2,89,99,23697,26713,1,FEASIBLE,WORSE
5006,2,90,91,23286,26224,1,FEASIBLE,WORSE
5007,2,90,92,23805,26792,1,FEASIBLE,WORSE
5008,2,90,93,24385,27383,0,CAPACITY_EXCEEDED,INVALID
5009,2,90,94,23755,26653,1,FEASIBLE,WORSE
5010,2,90,95,23413,26412,1,FEASIBLE,WORSE
5011,2,90,96,23378,26329,1,FEASIBLE,WORSE
5012,2,90,97,23253,26248,1,FEASIBLE,WORSE
5013,2,90,98,22639,25559,1,FEASIBLE,WORSE
5014,2,90,99,23060,26031,1,FEASIBLE,WORSE
5015,2,91,92,24113,27124,0,CAPACITY_EXCEEDED,INVALID
5016,2,91,93,24693,27715,0,CAPACITY_EXCEEDED,INVALID
5017,2,91,94,24063,26985,0,CAPACITY_EXCEEDED,INVALID
5018,2,91,95,23721,26744,1,FEASIBLE,WORSE
5019,2,91,96,23686,26661,1,FEASIBLE,WORSE
5020,2,91,97,23561,26580,1,FEASIBLE,WORSE
5021,2,91,98,22947,25891,1,FEASIBLE,WORSE
5022,2,91,99,23368,26363,1,FEASIBLE,WORSE
5023,2,92,93,25212,28283,0,CAPACITY_EXCEEDED,INVALID
5024,2,92,94,24582,27553,0,CAPACITY_EXCEEDED,INVALID
5025,2,92,95,24240,27312,0,CAPACITY_EXCEEDED,INVALID
5026,2,92,96,24205,27229,0,CAPACITY_EXCEEDED,INVALID
5027,2,92,97,24080,27148,0,CAPACITY_EXCEEDED,INVALID
5028,2,92,98,23466,26459,1,FEASIBLE,WORSE
5029,2,92,99,23887,26931,0,CAPACITY_EXCEEDED,INVALID
5030,2,93,94,25162,28144,0,CAPACITY_EXCEEDED,INVALID
5031,2,93,95,24820,27903,0,CAPACITY_EXCEEDED,INVALID
5032,2,93,96,24785,27820,0,CAPACITY_EXCEEDED,INVALID
5033,2,93,97,24660,27739,0,CAPACITY_EXCEEDED,INVALID
5034,2,93,98,24046,27050,0,CAPACITY_EXCEEDED,INVALID
5035,2,93,99,24467,27522,0,CAPACITY_EXCEEDED,INVALID
5036,2,94,95,24190,27173,0,CAPACITY_EXCEEDED,INVALID
5037,2,94,96,24155,27090,0,CAPACITY_EXCEEDED,INVALID
5038,2,94,97,24030,27009,0,CAPACITY_EXCEEDED,INVALID
5039,2,94,98,23416,26320,1,FEASIBLE,WORSE
5040,2,94,99,23837,26792,1,FEASIBLE,WORSE
5041,2,95,96,23813,26849,1,FEASIBLE,WORSE
5042,2,95,97,23688,26768,1,FEASIBLE,WORSE
5043,2,95,98,23074,26079,1,FEASIBLE,WORSE
5044,2,95,99,23495,26551,1,FEASIBLE,WORSE
5045,2,96,97,23653,26685,1,FEASIBLE,WORSE
5046,2,96,98,23039,25996,1,FEASIBLE,WORSE
5047,2,96,99,23460,26468,1,FEASIBLE,WORSE
5048,2,97,98,22914,25915,1,FEASIBLE,WORSE
5049,2,97,99,23335,26387,1,FEASIBLE,WORSE
5050,2,98,99,22721,25698,1,FEASIBLE,WORSE
