neighbor_index,distance,flip_i,flip_j,weight,profit,feasible,reason,comparison
1,1,0,,25243,38573,1,FEASIBLE,WORSE
2,1,1,,25436,38706,1,FEASIBLE,WORSE
3,1,2,,26516,39207,0,CAPACITY_EXCEEDED,INVALID
4,1,3,,25958,38965,0,CAPACITY_EXCEEDED,INVALID
5,1,4,,25742,38877,0,CAPACITY_EXCEEDED,INVALID
6,1,5,,25474,38408,1,FEASIBLE,WORSE
7,1,6,,25478,37892,1,FEASIBLE,WORSE
8,1,7,,25365,38009,1,FEASIBLE,WORSE
9,1,8,,24857,38044,1,FEASIBLE,WORSE
10,1,9,,25384,38588,1,FEASIBLE,WORSE
11,1,10,,25493,38273,1,FEASIBLE,WORSE
12,1,11,,26025,39087,0,CAPACITY_EXCEEDED,INVALID
13,1,12,,25784,38983,0,CAPACITY_EXCEEDED,INVALID
14,1,13,,26532,38917,0,CAPACITY_EXCEEDED,INVALID
15,1,14,,25411,38595,1,FEASIBLE,WORSE
16,1,15,,25004,37882,1,FEASIBLE,WORSE
17,1,16,,24760,37981,1,FEASIBLE,WORSE
18,1,17,,25124,38003,1,FEASIBLE,WORSE
19,1,18,,24546,38009,1,FEASIBLE,WORSE
20,1,19,,26012,39004,0,CAPACITY_EXCEEDED,INVALID
21,1,20,,25292,38500,1,FEASIBLE,WORSE
22,1,21,,25123,38183,1,FEASIBLE,WORSE
23,1,22,,25497,38078,1,FEASIBLE,WORSE
24,1,23,,25112,37955,1,FEASIBLE,WORSE
25,1,24,,25285,37929,1,FEASIBLE,WORSE
26,1,25,,26424,38897,0,CAPACITY_EXCEEDED,INVALID
27,1,26,,24702,38204,1,FEASIBLE,WORSE
28,1,27,,25035,38138,1,FEASIBLE,WORSE
29,1,28,,25502,38304,1,FEASIBLE,WORSE
30,1,29,,25789,38988,0,CAPACITY_EXCEEDED,INVALID
31,1,30,,25291,38336,1,FEASIBLE,WORSE
32,1,31,,25743,38900,0,CAPACITY_EXCEEDED,INVALID
33,1,32,,25302,37875,1,FEASIBLE,WORSE
34,1,33,,24664,37944,1,FEASIBLE,WORSE
35,1,34,,25392,38262,1,FEASIBLE,WORSE
36,1,35,,25482,38509,1,FEASIBLE,WORSE
37,1,36,,24605,37901,1,FEASIBLE,WORSE
38,1,37,,24968,38237,1,FEASIBLE,WORSE
39,1,38,,24543,37927,1,FEASIBLE,WORSE
40,1,39,,25131,37961,1,FEASIBLE,WORSE
41,1,40,,26435,39319,0,CAPACITY_EXCEEDED,INVALID
42,1,41,,26188,39224,0,CAPACITY_EXCEEDED,INVALID
43,1,42,,26325,39409,0,CAPACITY_EXCEEDED,INVALID
44,1,43,,26279,39242,0,CAPACITY_EXCEEDED,INVALID
45,1,44,,26029,38972,0,CAPACITY_EXCEEDED,INVALID
46,1,45,,25441,38504,1,FEASIBLE,WORSE
47,1,46,,25323,37997,1,FEASIBLE,WORSE
48,1,47,,26408,38854,0,CAPACITY_EXCEEDED,INVALID
49,1,48,,26434,38857,0,CAPACITY_EXCEEDED,INVALID
50,1,49,,24609,38183,1,FEASIBLE,WORSE
51,1,50,,25197,38529,1,FEASIBLE,WORSE
52,1,51,,24877,38275,1,FEASIBLE,WORSE
53,1,52,,26334,39282,0,CAPACITY_EXCEEDED,INVALID
54,1,53,,26177,39153,0,CAPACITY_EXCEEDED,INVALID
55,1,54,,24719,37812,1,FEASIBLE,WORSE
56,1,55,,26063,39006,0,CAPACITY_EXCEEDED,INVALID
57,1,56,,26189,39223,0,CAPACITY_EXCEEDED,INVALID
58,1,57,,26220,39013,0,CAPACITY_EXCEEDED,INVALID
59,1,58,,25265,38177,1,FEASIBLE,WORSE
60,1,59,,26457,39087,0,CAPACITY_EXCEEDED,INVALID
61,1,60,,26491,39166,0,CAPACITY_EXCEEDED,INVALID
62,1,61,,25459,38063,1,FEASIBLE,WORSE
63,1,62,,26506,39131,0,CAPACITY_EXCEEDED,INVALID
64,1,63,,26496,39369,0,CAPACITY_EXCEEDED,INVALID
65,1,64,,24865,37905,1,FEASIBLE,WORSE
66,1,65,,25489,38709,1,FEASIBLE,WORSE
67,1,66,,26433,38872,0,CAPACITY_EXCEEDED,INVALID
68,1,67,,25406,38581,1,FEASIBLE,WORSE
69,1,68,,24565,38044,1,FEASIBLE,WORSE
70,1,69,,24866,38194,1,FEASIBLE,WORSE
71,1,70,,25473,38572,1,FEASIBLE,WORSE
72,1,71,,25366,38478,1,FEASIBLE,WORSE
73,1,72,,26170,38988,0,CAPACITY_EXCEEDED,INVALID
74,1,73,,24964,38350,1,FEASIBLE,WORSE
75,1,74,,26281,38853,0,CAPACITY_EXCEEDED,INVALID
76,1,75,,24606,38112,1,FEASIBLE,WORSE
77,1,76,,25315,37914,1,FEASIBLE,WORSE
78,1,77,,25530,37855,1,FEASIBLE,WORSE
79,1,78,,24611,38075,1,FEASIBLE,WORSE
80,1,79,,25520,37850,1,FEASIBLE,WORSE
81,1,80,,26411,38829,0,CAPACITY_EXCEEDED,INVALID
82,1,81,,25418,38521,1,FEASIBLE,WORSE
83,1,82,,24724,37843,1,FEASIBLE,WORSE
84,1,83,,24751,38034,1,FEASIBLE,WORSE
85,1,84,,26412,39221,0,CAPACITY_EXCEEDED,INVALID
86,1,85,,24983,37866,1,FEASIBLE,WORSE
87,1,86,,24655,38189,1,FEASIBLE,WORSE
88,1,87,,25332,37992,1,FEASIBLE,WORSE
89,1,88,,26206,39104,0,CAPACITY_EXCEEDED,INVALID
90,1,89,,25865,39002,0,CAPACITY_EXCEEDED,INVALID
91,1,90,,26426,39255,0,CAPACITY_EXCEEDED,INVALID
92,1,91,,26308,38947,0,CAPACITY_EXCEEDED,INVALID
93,1,92,,25062,38428,1,FEASIBLE,WORSE
94,1,93,,25007,37848,1,FEASIBLE,WORSE
95,1,94,,25507,38478,1,FEASIBLE,WORSE
96,1,95,,25499,38800,1,FEASIBLE,WORSE
97,1,96,,26129,38855,0,CAPACITY_EXCEEDED,INVALID
98,1,97,,26023,38980,0,CAPACITY_EXCEEDED,INVALID
99,1,98,,24669,38026,1,FEASIBLE,WORSE
100,1,99,,26143,39173,0,CAPACITY_EXCEEDED,INVALID
101,2,0,1,25145,38469,1,FEASIBLE,WORSE
102,2,0,2,26225,38970,0,CAPACITY_EXCEEDED,INVALID
103,2,0,3,25667,38728,0,CAPACITY_EXCEEDED,INVALID
104,2,0,4,25451,38640,1,FEASIBLE,WORSE
105,2,0,5,25183,38171,1,FEASIBLE,WORSE
106,2,0,6,25187,37655,1,FEASIBLE,WORSE
107,2,0,7,25074,37772,1,FEASIBLE,WORSE
108,2,0,8,24566,37807,1,FEASIBLE,WORSE
109,2,0,9,25093,38351,1,FEASIBLE,WORSE
110,2,0,10,25202,38036,1,FEASIBLE,WORSE
111,2,0,11,25734,38850,0,CAPACITY_EXCEEDED,INVALID
112,2,0,12,25493,38746,1,FEASIBLE,WORSE
113,2,0,13,26241,38680,0,CAPACITY_EXCEEDED,INVALID
114,2,0,14,25120,38358,1,FEASIBLE,WORSE
115,2,0,15,24713,37645,1,FEASIBLE,WORSE
116,2,0,16,24469,37744,1,FEASIBLE,WORSE
117,2,0,17,24833,37766,1,FEASIBLE,WORSE
118,2,0,18,24255,37772,1,FEASIBLE,WORSE
119,2,0,19,25721,38767,0,CAPACITY_EXCEEDED,INVALID
120,2,0,20,25001,38263,1,FEASIBLE,WORSE
121,2,0,21,24832,37946,1,FEASIBLE,WORSE
122,2,0,22,25206,37841,1,FEASIBLE,WORSE
123,2,0,23,24821,37718,1,FEASIBLE,WORSE
124,2,0,24,24994,37692,1,FEASIBLE,WORSE
125,2,0,25,26133,38660,0,CAPACITY_EXCEEDED,INVALID
126,2,0,26,24411,37967,1,FEASIBLE,WORSE
127,2,0,27,24744,37901,1,FEASIBLE,WORSE
128,2,0,28,25211,38067,1,FEASIBLE,WORSE
129,2,0,29,25498,38751,1,FEASIBLE,WORSE
130,2,0,30,25000,38099,1,FEASIBLE,WORSE
131,2,0,31,25452,38663,1,FEASIBLE,WORSE
132,2,0,32,25011,37638,1,FEASIBLE,WORSE
133,2,0,33,24373,37707,1,FEASIBLE,WORSE
134,2,0,34,25101,38025,1,FEASIBLE,WORSE
135,2,0,35,25191,38272,1,FEASIBLE,WORSE
136,2,0,36,24314,37664,1,FEASIBLE,WORSE
137,2,0,37,24677,38000,1,FEASIBLE,WORSE
138,2,0,38,24252,37690,1,FEASIBLE,WORSE
139,2,0,39,24840,37724,1,FEASIBLE,WORSE
140,2,0,40,26144,39082,0,CAPACITY_EXCEEDED,INVALID
141,2,0,41,25897,38987,0,CAPACITY_EXCEEDED,INVALID
142,2,0,42,26034,39172,0,CAPACITY_EXCEEDED,INVALID
143,2,0,43,25988,39005,0,CAPACITY_EXCEEDED,INVALID
144,2,0,44,25738,38735,0,CAPACITY_EXCEEDED,INVALID
145,2,0,45,25150,38267,1,FEASIBLE,WORSE
146,2,0,46,25032,37760,1,FEASIBLE,WORSE
147,2,0,47,26117,38617,0,CAPACITY_EXCEEDED,INVALID
148,2,0,48,26143,38620,0,CAPACITY_EXCEEDED,INVALID
149,2,0,49,24318,37946,1,FEASIBLE,WORSE
150,2,0,50,24906,38292,1,FEASIBLE,WORSE
151,2,0,51,24586,38038,1,FEASIBLE,WORSE
152,2,0,52,26043,39045,0,CAPACITY_EXCEEDED,INVALID
153,2,0,53,25886,38916,0,CAPACITY_EXCEEDED,INVALID
154,2,0,54,24428,37575,1,FEASIBLE,WORSE
155,2,0,55,25772,38769,0,CAPACITY_EXCEEDED,INVALID
156,2,0,56,25898,38986,0,CAPACITY_EXCEEDED,INVALID
157,2,0,57,25929,38776,0,CAPACITY_EXCEEDED,INVALID
158,2,0,58,24974,37940,1,FEASIBLE,WORSE
159,2,0,59,26166,38850,0,CAPACITY_EXCEEDED,INVALID
160,2,0,60,26200,38929,0,CAPACITY_EXCEEDED,INVALID
161,2,0,61,25168,37826,1,FEASIBLE,WORSE
162,2,0,62,26215,38894,0,CAPACITY_EXCEEDED,INVALID
163,2,0,63,26205,39132,0,CAPACITY_EXCEEDED,INVALID
164,2,0,64,24574,37668,1,FEASIBLE,WORSE
165,2,0,65,25198,38472,1,FEASIBLE,WORSE
166,2,0,66,26142,38635,0,CAPACITY_EXCEEDED,INVALID
167,2,0,67,25115,38344,1,FEASIBLE,WORSE
168,2,0,68,24274,37807,1,FEASIBLE,WORSE
169,2,0,69,24575,37957,1,FEASIBLE,WORSE
170,2,0,70,25182,38335,1,FEASIBLE,WORSE
171,2,0,71,25075,38241,1,FEASIBLE,WORSE
172,2,0,72,25879,38751,0,CAPACITY_EXCEEDED,INVALID
173,2,0,73,24673,38113,1,FEASIBLE,WORSE
174,2,0,74,25990,38616,0,CAPACITY_EXCEEDED,INVALID
175,2,0,75,24315,37875,1,FEASIBLE,WORSE
176,2,0,76,25024,37677,1,FEASIBLE,WORSE
177,2,0,77,25239,37618,1,FEASIBLE,WORSE
178,2,0,78,24320,37838,1,FEASIBLE,WORSE
179,2,0,79,25229,37613,1,FEASIBLE,WORSE
180,2,0,80,26120,38592,0,CAPACITY_EXCEEDED,INVALID
181,2,0,81,25127,38284,1,FEASIBLE,WORSE
182,2,0,82,24433,37606,1,FEASIBLE,WORSE
183,2,0,83,24460,37797,1,FEASIBLE,WORSE
184,2,0,84,26121,38984,0,CAPACITY_EXCEEDED,INVALID
185,2,0,85,24692,37629,1,FEASIBLE,WORSE
186,2,0,86,24364,37952,1,FEASIBLE,WORSE
187,2,0,87,25041,37755,1,FEASIBLE,WORSE
188,2,0,88,25915,38867,0,CAPACITY_EXCEEDED,INVALID
189,2,0,89,25574,38765,0,CAPACITY_EXCEEDED,INVALID
190,2,0,90,26135,39018,0,CAPACITY_EXCEEDED,INVALID
191,2,0,91,26017,38710,0,CAPACITY_EXCEEDED,INVALID
192,2,0,92,24771,38191,1,FEASIBLE,WORSE
193,2,0,93,24716,37611,1,FEASIBLE,WORSE
194,2,0,94,25216,38241,1,FEASIBLE,WORSE
195,2,0,95,25208,38563,1,FEASIBLE,WORSE
196,2,0,96,25838,38618,0,CAPACITY_EXCEEDED,INVALID
197,2,0,97,25732,38743,0,CAPACITY_EXCEEDED,INVALID
198,2,0,98,24378,37789,1,FEASIBLE,WORSE
199,2,0,99,25852,38936,0,CAPACITY_EXCEEDED,INVALID
200,2,1,2,26418,39103,0,CAPACITY_EXCEEDED,INVALID
201,2,1,3,25860,38861,0,CAPACITY_EXCEEDED,INVALID
202,2,1,4,25644,38773,0,CAPACITY_EXCEEDED,INVALID
203,2,1,5,25376,38304,1,FEASIBLE,WORSE
204,2,1,6,25380,37788,1,FEASIBLE,WORSE
205,2,1,7,25267,37905,1,FEASIBLE,WORSE
206,2,1,8,24759,37940,1,FEASIBLE,WORSE
207,2,1,9,25286,38484,1,FEASIBLE,WORSE
208,2,1,10,25395,38169,1,FEASIBLE,WORSE
209,2,1,11,25927,38983,0,CAPACITY_EXCEEDED,INVALID
210,2,1,12,25686,38879,0,CAPACITY_EXCEEDED,INVALID
211,2,1,13,26434,38813,0,CAPACITY_EXCEEDED,INVALID
212,2,1,14,25313,38491,1,FEASIBLE,WORSE
213,2,1,15,24906,37778,1,FEASIBLE,WORSE
214,2,1,16,24662,37877,1,FEASIBLE,WORSE
215,2,1,17,25026,37899,1,FEASIBLE,WORSE
216,2,1,18,24448,37905,1,FEASIBLE,WORSE
217,2,1,19,25914,38900,0,CAPACITY_EXCEEDED,INVALID
218,2,1,20,25194,38396,1,FEASIBLE,WORSE
219,2,1,21,25025,38079,1,FEASIBLE,WORSE
220,2,1,22,25399,37974,1,FEASIBLE,WORSE
221,2,1,23,25014,37851,1,FEASIBLE,WORSE
222,2,1,24,25187,37825,1,FEASIBLE,WORSE
223,2,1,25,26326,38793,0,CAPACITY_EXCEEDED,INVALID
224,2,1,26,24604,38100,1,FEASIBLE,WORSE
225,2,1,27,24937,38034,1,FEASIBLE,WORSE
226,2,1,28,25404,38200,1,FEASIBLE,WORSE
227,2,1,29,25691,38884,0,CAPACITY_EXCEEDED,INVALID
228,2,1,30,25193,38232,1,FEASIBLE,WORSE
229,2,1,31,25645,38796,0,CAPACITY_EXCEEDED,INVALID
230,2,1,32,25204,37771,1,FEASIBLE,WORSE
231,2,1,33,24566,37840,1,FEASIBLE,WORSE
232,2,1,34,25294,38158,1,FEASIBLE,WORSE
233,2,1,35,25384,38405,1,FEASIBLE,WORSE
234,2,1,36,24507,37797,1,FEASIBLE,WORSE
235,2,1,37,24870,38133,1,FEASIBLE,WORSE
236,2,1,38,24445,37823,1,FEASIBLE,WORSE
237,2,1,39,25033,37857,1,FEASIBLE,WORSE
238,2,1,40,26337,39215,0,CAPACITY_EXCEEDED,INVALID
239,2,1,41,26090,39120,0,CAPACITY_EXCEEDED,INVALID
240,2,1,42,26227,39305,0,CAPACITY_EXCEEDED,INVALID
241,2,1,43,26181,39138,0,CAPACITY_EXCEEDED,INVALID
242,2,1,44,25931,38868,0,CAPACITY_EXCEEDED,INVALID
243,2,1,45,25343,38400,1,FEASIBLE,WORSE
244,2,1,46,25225,37893,1,FEASIBLE,WORSE
245,2,1,47,26310,38750,0,CAPACITY_EXCEEDED,INVALID
246,2,1,48,26336,38753,0,CAPACITY_EXCEEDED,INVALID
247,2,1,49,24511,38079,1,FEASIBLE,WORSE
248,2,1,50,25099,38425,1,FEASIBLE,WORSE
249,2,1,51,24779,38171,1,FEASIBLE,WORSE
250,2,1,52,26236,39178,0,CAPACITY_EXCEEDED,INVALID
251,2,1,53,26079,39049,0,CAPACITY_EXCEEDED,INVALID
252,2,1,54,24621,37708,1,FEASIBLE,WORSE
253,2,1,55,25965,38902,0,CAPACITY_EXCEEDED,INVALID
254,2,1,56,26091,39119,0,CAPACITY_EXCEEDED,INVALID
255,2,1,57,26122,38909,0,CAPACITY_EXCEEDED,INVALID
256,2,1,58,25167,38073,1,FEASIBLE,WORSE
257,2,1,59,26359,38983,0,CAPACITY_EXCEEDED,INVALID
258,2,1,60,26393,39062,0,CAPACITY_EXCEEDED,INVALID
259,2,1,61,25361,37959,1,FEASIBLE,WORSE
260,2,1,62,26408,39027,0,CAPACITY_EXCEEDED,INVALID
261,2,1,63,26398,39265,0,CAPACITY_EXCEEDED,INVALID
262,2,1,64,24767,37801,1,FEASIBLE,WORSE
263,2,1,65,25391,38605,1,FEASIBLE,WORSE
264,2,1,66,26335,38768,0,CAPACITY_EXCEEDED,INVALID
265,2,1,67,25308,38477,1,FEASIBLE,WORSE
266,2,1,68,24467,37940,1,FEASIBLE,WORSE
267,2,1,69,24768,38090,1,FEASIBLE,WORSE
268,2,1,70,25375,38468,1,FEASIBLE,WORSE
269,2,1,71,25268,38374,1,FEASIBLE,WORSE
270,2,1,72,26072,38884,0,CAPACITY_EXCEEDED,INVALID
271,2,1,73,24866,38246,1,FEASIBLE,WORSE
272,2,1,74,26183,38749,0,CAPACITY_EXCEEDED,INVALID
273,2,1,75,24508,38008,1,FEASIBLE,WORSE
274,2,1,76,25217,37810,1,FEASIBLE,WORSE
275,2,1,77,25432,37751,1,FEASIBLE,WORSE
276,2,1,78,24513,37971,1,FEASIBLE,WORSE
277,2,1,79,25422,37746,1,FEASIBLE,WORSE
278,2,1,80,26313,38725,0,CAPACITY_EXCEEDED,INVALID
279,2,1,81,25320,38417,1,FEASIBLE,WORSE
280,2,1,82,24626,37739,1,FEASIBLE,WORSE
281,2,1,83,24653,37930,1,FEASIBLE,WORSE
282,2,1,84,26314,39117,0,CAPACITY_EXCEEDED,INVALID
283,2,1,85,24885,37762,1,FEASIBLE,WORSE
284,2,1,86,24557,38085,1,FEASIBLE,WORSE
285,2,1,87,25234,37888,1,FEASIBLE,WORSE
286,2,1,88,26108,39000,0,CAPACITY_EXCEEDED,INVALID
287,2,1,89,25767,38898,0,CAPACITY_EXCEEDED,INVALID
288,2,1,90,26328,39151,0,CAPACITY_EXCEEDED,INVALID
289,2,1,91,26210,38843,0,CAPACITY_EXCEEDED,INVALID
290,2,1,92,24964,38324,1,FEASIBLE,WORSE
291,2,1,93,24909,37744,1,FEASIBLE,WORSE
292,2,1,94,25409,38374,1,FEASIBLE,WORSE
293,2,1,95,25401,38696,1,FEASIBLE,WORSE
294,2,1,96,26031,38751,0,CAPACITY_EXCEEDED,INVALID
295,2,1,97,25925,38876,0,CAPACITY_EXCEEDED,INVALID
296,2,1,98,24571,37922,1,FEASIBLE,WORSE
297,2,1,99,26045,39069,0,CAPACITY_EXCEEDED,INVALID
298,2,2,3,26940,39362,0,CAPACITY_EXCEEDED,INVALID
299,2,2,4,26724,39274,0,CAPACITY_EXCEEDED,INVALID
300,2,2,5,26456,38805,0,CAPACITY_EXCEEDED,INVALID
301,2,2,6,26460,38289,0,CAPACITY_EXCEEDED,INVALID
302,2,2,7,26347,38406,0,CAPACITY_EXCEEDED,INVALID
303,2,2,8,25839,38441,0,CAPACITY_EXCEEDED,INVALID
304,2,2,9,26366,38985,0,CAPACITY_EXCEEDED,INVALID
305,2,2,10,26475,38670,0,CAPACITY_EXCEEDED,INVALID
306,2,2,11,27007,39484,0,CAPACITY_EXCEEDED,INVALID
307,2,2,12,26766,39380,0,CAPACITY_EXCEEDED,INVALID
308,2,2,13,27514,39314,0,CAPACITY_EXCEEDED,INVALID
309,2,2,14,26393,38992,0,CAPACITY_EXCEEDED,INVALID
310,2,2,15,25986,38279,0,CAPACITY_EXCEEDED,INVALID
311,2,2,16,25742,38378,0,CAPACITY_EXCEEDED,INVALID
312,2,2,17,26106,38400,0,CAPACITY_EXCEEDED,INVALID
313,2,2,18,25528,38406,1,FEASIBLE,WORSE
314,2,2,19,26994,39401,0,CAPACITY_EXCEEDED,INVALID
315,2,2,20,26274,38897,0,CAPACITY_EXCEEDED,INVALID
316,2,2,21,26105,38580,0,CAPACITY_EXCEEDED,INVALID
317,2,2,22,26479,38475,0,CAPACITY_EXCEEDED,INVALID
318,2,2,23,26094,38352,0,CAPACITY_EXCEEDED,INVALID
319,2,2,24,26267,38326,0,CAPACITY_EXCEEDED,INVALID
320,2,2,25,27406,39294,0,CAPACITY_EXCEEDED,INVALID
321,2,2,26,25684,38601,0,CAPACITY_EXCEEDED,INVALID
322,2,2,27,26017,38535,0,CAPACITY_EXCEEDED,INVALID
323,2,2,28,26484,38701,0,CAPACITY_EXCEEDED,INVALID
324,2,2,29,26771,39385,0,CAPACITY_EXCEEDED,INVALID
325,2,2,30,26273,38733,0,CAPACITY_EXCEEDED,INVALID
326,2,2,31,26725,39297,0,CAPACITY_EXCEEDED,INVALID
327,2,2,32,26284,38272,0,CAPACITY_EXCEEDED,INVALID
328,2,2,33,25646,38341,0,CAPACITY_EXCEEDED,INVALID
329,2,2,34,26374,38659,0,CAPACITY_EXCEEDED,INVALID
330,2,2,35,26464,38906,0,CAPACITY_EXCEEDED,INVALID
331,2,2,36,25587,38298,0,CAPACITY_EXCEEDED,INVALID
332,2,2,37,25950,38634,0,CAPACITY_EXCEEDED,INVALID
333,2,2,38,25525,38324,1,FEASIBLE,WORSE
334,2,2,39,26113,38358,0,CAPACITY_EXCEEDED,INVALID
335,2,2,40,27417,39716,0,CAPACITY_EXCEEDED,INVALID
336,2,2,41,27170,39621,0,CAPACITY_EXCEEDED,INVALID
337,2,2,42,27307,39806,0,CAPACITY_EXCEEDED,INVALID
338,2,2,43,27261,39639,0,CAPACITY_EXCEEDED,INVALID
339,2,2,44,27011,39369,0,CAPACITY_EXCEEDED,INVALID
340,2,2,45,26423,38901,0,CAPACITY_EXCEEDED,INVALID
341,2,2,46,26305,38394,0,CAPACITY_EXCEEDED,INVALID
342,2,2,47,27390,39251,0,CAPACITY_EXCEEDED,INVALID
343,2,2,48,27416,39254,0,CAPACITY_EXCEEDED,INVALID
344,2,2,49,25591,38580,0,CAPACITY_EXCEEDED,INVALID
345,2,2,50,26179,38926,0,CAPACITY_EXCEEDED,INVALID
346,2,2,51,25859,38672,0,CAPACITY_EXCEEDED,INVALID
347,2,2,52,27316,39679,0,CAPACITY_EXCEEDED,INVALID
348,2,2,53,27159,39550,0,CAPACITY_EXCEEDED,INVALID
349,2,2,54,25701,38209,0,CAPACITY_EXCEEDED,INVALID
350,2,2,55,27045,39403,0,CAPACITY_EXCEEDED,INVALID
351,2,2,56,27171,39620,0,CAPACITY_EXCEEDED,INVALID
352,2,2,57,27202,39410,0,CAPACITY_EXCEEDED,INVALID
353,2,2,58,26247,38574,0,CAPACITY_EXCEEDED,INVALID
354,2,2,59,27439,39484,0,CAPACITY_EXCEEDED,INVALID
355,2,2,60,27473,39563,0,CAPACITY_EXCEEDED,INVALID
356,2,2,61,26441,38460,0,CAPACITY_EXCEEDED,INVALID
357,2,2,62,27488,39528,0,CAPACITY_EXCEEDED,INVALID
358,2,2,63,27478,39766,0,CAPACITY_EXCEEDED,INVALID
359,2,2,64,25847,38302,0,CAPACITY_EXCEEDED,INVALID
360,2,2,65,26471,39106,0,CAPACITY_EXCEEDED,INVALID
361,2,2,66,27415,39269,0,CAPACITY_EXCEEDED,INVALID
362,2,2,67,26388,38978,0,CAPACITY_EXCEEDED,INVALID
363,2,2,68,25547,38441,1,FEASIBLE,WORSE
364,2,2,69,25848,38591,0,CAPACITY_EXCEEDED,INVALID
365,2,2,70,26455,38969,0,CAPACITY_EXCEEDED,INVALID
366,2,2,71,26348,38875,0,CAPACITY_EXCEEDED,INVALID
367,2,2,72,27152,39385,0,CAPACITY_EXCEEDED,INVALID
368,2,2,73,25946,38747,0,CAPACITY_EXCEEDED,INVALID
369,2,2,74,27263,39250,0,CAPACITY_EXCEEDED,INVALID
370,2,2,75,25588,38509,0,CAPACITY_EXCEEDED,INVALID
371,2,2,76,26297,38311,0,CAPACITY_EXCEEDED,INVALID
372,2,2,77,26512,38252,0,CAPACITY_EXCEEDED,INVALID
373,2,2,78,25593,38472,0,CAPACITY_EXCEEDED,INVALID
374,2,2,79,26502,38247,0,CAPACITY_EXCEEDED,INVALID
375,2,2,80,27393,39226,0,CAPACITY_EXCEEDED,INVALID
376,2,2,81,26400,38918,0,CAPACITY_EXCEEDED,INVALID
377,2,2,82,25706,38240,0,CAPACITY_EXCEEDED,INVALID
378,2,2,83,25733,38431,0,CAPACITY_EXCEEDED,INVALID
379,2,2,84,27394,39618,0,CAPACITY_EXCEEDED,INVALID
380,2,2,85,25965,38263,0,CAPACITY_EXCEEDED,INVALID
381,2,2,86,25637,38586,0,CAPACITY_EXCEEDED,INVALID
382,2,2,87,26314,38389,0,CAPACITY_EXCEEDED,INVALID
383,2,2,88,27188,39501,0,CAPACITY_EXCEEDED,INVALID
384,2,2,89,26847,39399,0,CAPACITY_EXCEEDED,INVALID
385,2,2,90,27408,39652,0,CAPACITY_EXCEEDED,INVALID
386,2,2,91,27290,39344,0,CAPACITY_EXCEEDED,INVALID
387,2,2,92,26044,38825,0,CAPACITY_EXCEEDED,INVALID
388,2,2,93,25989,38245,0,CAPACITY_EXCEEDED,INVALID
389,2,2,94,26489,38875,0,CAPACITY_EXCEEDED,INVALID
390,2,2,95,26481,39197,0,CAPACITY_EXCEEDED,INVALID
391,2,2,96,27111,39252,0,CAPACITY_EXCEEDED,INVALID
392,2,2,97,27005,39377,0,CAPACITY_EXCEEDED,INVALID
393,2,2,98,25651,38423,0,CAPACITY_EXCEEDED,INVALID
394,2,2,99,27125,39570,0,CAPACITY_EXCEEDED,INVALID
395,2,3,4,26166,39032,0,CAPACITY_EXCEEDED,INVALID
396,2,3,5,25898,38563,0,CAPACITY_EXCEEDED,INVALID
397,2,3,6,25902,38047,0,CAPACITY_EXCEEDED,INVALID
398,2,3,7,25789,38164,0,CAPACITY_EXCEEDED,INVALID
399,2,3,8,25281,38199,1,FEASIBLE,WORSE
400,2,3,9,25808,38743,0,CAPACITY_EXCEEDED,INVALID
401,2,3,10,25917,38428,0,CAPACITY_EXCEEDED,INVALID
402,2,3,11,26449,39242,0,CAPACITY_EXCEEDED,INVALID
403,2,3,12,26208,39138,0,CAPACITY_EXCEEDED,INVALID
404,2,3,13,26956,39072,0,CAPACITY_EXCEEDED,INVALID
405,2,3,14,25835,38750,0,CAPACITY_EXCEEDED,INVALID
406,2,3,15,25428,38037,1,FEASIBLE,WORSE
407,2,3,16,25184,38136,1,FEASIBLE,WORSE
408,2,3,17,25548,38158,0,CAPACITY_EXCEEDED,INVALID
409,2,3,18,24970,38164,1,FEASIBLE,WORSE
410,2,3,19,26436,39159,0,CAPACITY_EXCEEDED,INVALID
411,2,3,20,25716,38655,0,CAPACITY_EXCEEDED,INVALID
412,2,3,21,25547,38338,1,FEASIBLE,WORSE
413,2,3,22,25921,38233,0,CAPACITY_EXCEEDED,INVALID
414,2,3,23,25536,38110,1,FEASIBLE,WORSE
415,2,3,24,25709,38084,0,CAPACITY_EXCEEDED,INVALID
416,2,3,25,26848,39052,0,CAPACITY_EXCEEDED,INVALID
417,2,3,26,25126,38359,1,FEASIBLE,WORSE
418,2,3,27,25459,38293,1,FEASIBLE,WORSE
419,2,3,28,25926,38459,0,CAPACITY_EXCEEDED,INVALID
420,2,3,29,26213,39143,0,CAPACITY_EXCEEDED,INVALID
421,2,3,30,25715,38491,0,CAPACITY_EXCEEDED,INVALID
422,2,3,31,26167,39055,0,CAPACITY_EXCEEDED,INVALID
423,2,3,32,25726,38030,0,CAPACITY_EXCEEDED,INVALID
424,2,3,33,25088,38099,1,FEASIBLE,WORSE
425,2,3,34,25816,38417,0,CAPACITY_EXCEEDED,INVALID
426,2,3,35,25906,38664,0,CAPACITY_EXCEEDED,INVALID
427,2,3,36,25029,38056,1,FEASIBLE,WORSE
428,2,3,37,25392,38392,1,FEASIBLE,WORSE
429,2,3,38,24967,38082,1,FEASIBLE,WORSE
430,2,3,39,25555,38116,0,CAPACITY_EXCEEDED,INVALID
431,2,3,40,26859,39474,0,CAPACITY_EXCEEDED,INVALID
432,2,3,41,26612,39379,0,CAPACITY_EXCEEDED,INVALID
433,2,3,42,26749,39564,0,CAPACITY_EXCEEDED,INVALID
434,2,3,43,26703,39397,0,CAPACITY_EXCEEDED,INVALID
435,2,3,44,26453,39127,0,CAPACITY_EXCEEDED,INVALID
436,2,3,45,25865,38659,0,CAPACITY_EXCEEDED,INVALID
437,2,3,46,25747,38152,0,CAPACITY_EXCEEDED,INVALID
438,2,3,47,26832,39009,0,CAPACITY_EXCEEDED,INVALID
439,2,3,48,26858,39012,0,CAPACITY_EXCEEDED,INVALID
440,2,3,49,25033,38338,1,FEASIBLE,WORSE
441,2,3,50,25621,38684,0,CAPACITY_EXCEEDED,INVALID
442,2,3,51,25301,38430,1,FEASIBLE,WORSE
443,2,3,52,26758,39437,0,CAPACITY_EXCEEDED,INVALID
444,2,3,53,26601,39308,0,CAPACITY_EXCEEDED,INVALID
445,2,3,54,25143,37967,1,FEASIBLE,WORSE
446,2,3,55,26487,39161,0,CAPACITY_EXCEEDED,INVALID
447,2,3,56,26613,39378,0,CAPACITY_EXCEEDED,INVALID
448,2,3,57,26644,39168,0,CAPACITY_EXCEEDED,INVALID
449,2,3,58,25689,38332,0,CAPACITY_EXCEEDED,INVALID
450,2,3,59,26881,39242,0,CAPACITY_EXCEEDED,INVALID
451,2,3,60,26915,39321,0,CAPACITY_EXCEEDED,INVALID
452,2,3,61,25883,38218,0,CAPACITY_EXCEEDED,INVALID
453,2,3,62,26930,39286,0,CAPACITY_EXCEEDED,INVALID
454,2,3,63,26920,39524,0,CAPACITY_EXCEEDED,INVALID
455,2,3,64,25289,38060,1,FEASIBLE,WORSE
456,2,3,65,25913,38864,0,CAPACITY_EXCEEDED,INVALID
457,2,3,66,26857,39027,0,CAPACITY_EXCEEDED,INVALID
458,2,3,67,25830,38736,0,CAPACITY_EXCEEDED,INVALID
459,2,3,68,24989,38199,1,FEASIBLE,WORSE
460,2,3,69,25290,38349,1,FEASIBLE,WORSE
461,2,3,70,25897,38727,0,CAPACITY_EXCEEDED,INVALID
462,2,3,71,25790,38633,0,CAPACITY_EXCEEDED,INVALID
463,2,3,72,26594,39143,0,CAPACITY_EXCEEDED,INVALID
464,2,3,73,25388,38505,1,FEASIBLE,WORSE
465,2,3,74,26705,39008,0,CAPACITY_EXCEEDED,INVALID
466,2,3,75,25030,38267,1,FEASIBLE,WORSE
467,2,3,76,25739,38069,0,CAPACITY_EXCEEDED,INVALID
468,2,3,77,25954,38010,0,CAPACITY_EXCEEDED,INVALID
469,2,3,78,25035,38230,1,FEASIBLE,WORSE
470,2,3,79,25944,38005,0,CAPACITY_EXCEEDED,INVALID
471,2,3,80,26835,38984,0,CAPACITY_EXCEEDED,INVALID
472,2,3,81,25842,38676,0,CAPACITY_EXCEEDED,INVALID
473,2,3,82,25148,37998,1,FEASIBLE,WORSE
474,2,3,83,25175,38189,1,FEASIBLE,WORSE
475,2,3,84,26836,39376,0,CAPACITY_EXCEEDED,INVALID
476,2,3,85,25407,38021,1,FEASIBLE,WORSE
477,2,3,86,25079,38344,1,FEASIBLE,WORSE
478,2,3,87,25756,38147,0,CAPACITY_EXCEEDED,INVALID
479,2,3,88,26630,39259,0,CAPACITY_EXCEEDED,INVALID
480,2,3,89,26289,39157,0,CAPACITY_EXCEEDED,INVALID
481,2,3,90,26850,39410,0,CAPACITY_EXCEEDED,INVALID
482,2,3,91,26732,39102,0,CAPACITY_EXCEEDED,INVALID
483,2,3,92,25486,38583,1,FEASIBLE,WORSE
484,2,3,93,25431,38003,1,FEASIBLE,WORSE
485,2,3,94,25931,38633,0,CAPACITY_EXCEEDED,INVALID
486,2,3,95,25923,38955,0,CAPACITY_EXCEEDED,INVALID
487,2,3,96,26553,39010,0,CAPACITY_EXCEEDED,INVALID
488,2,3,97,26447,39135,0,CAPACITY_EXCEEDED,INVALID
489,2,3,98,25093,38181,1,FEASIBLE,WORSE
490,2,3,99,26567,39328,0,CAPACITY_EXCEEDED,INVALID
491,2,4,5,25682,38475,0,CAPACITY_EXCEEDED,INVALID
492,2,4,6,25686,37959,0,CAPACITY_EXCEEDED,INVALID
493,2,4,7,25573,38076,0,CAPACITY_EXCEEDED,INVALID
494,2,4,8,25065,38111,1,FEASIBLE,WORSE
495,2,4,9,25592,38655,0,CAPACITY_EXCEEDED,INVALID
496,2,4,10,25701,38340,0,CAPACITY_EXCEEDED,INVALID
497,2,4,11,26233,39154,0,CAPACITY_EXCEEDED,INVALID
498,2,4,12,25992,39050,0,CAPACITY_EXCEEDED,INVALID
499,2,4,13,26740,38984,0,CAPACITY_EXCEEDED,INVALID
500,2,4,14,25619,38662,0,CAPACITY_EXCEEDED,INVALID
501,2,4,15,25212,37949,1,FEASIBLE,WORSE
502,2,4,16,24968,38048,1,FEASIBLE,WORSE
503,2,4,17,25332,38070,1,FEASIBLE,WORSE
504,2,4,18,24754,38076,1,FEASIBLE,WORSE
505,2,4,19,26220,39071,0,CAPACITY_EXCEEDED,INVALID
506,2,4,20,25500,38567,1,FEASIBLE,WORSE
507,2,4,21,25331,38250,1,FEASIBLE,WORSE
508,2,4,22,25705,38145,0,CAPACITY_EXCEEDED,INVALID
509,2,4,23,25320,38022,1,FEASIBLE,WORSE
510,2,4,24,25493,37996,1,FEASIBLE,WORSE
511,2,4,25,26632,38964,0,CAPACITY_EXCEEDED,INVALID
512,2,4,26,24910,38271,1,FEASIBLE,WORSE
513,2,4,27,25243,38205,1,FEASIBLE,WORSE
514,2,4,28,25710,38371,0,CAPACITY_EXCEEDED,INVALID
515,2,4,29,25997,39055,0,CAPACITY_EXCEEDED,INVALID
516,2,4,30,25499,38403,1,FEASIBLE,WORSE
517,2,4,31,25951,38967,0,CAPACITY_EXCEEDED,INVALID
518,2,4,32,25510,37942,1,FEASIBLE,WORSE
519,2,4,33,24872,38011,1,FEASIBLE,WORSE
520,2,4,34,25600,38329,0,CAPACITY_EXCEEDED,INVALID
521,2,4,35,25690,38576,0,CAPACITY_EXCEEDED,INVALID
522,2,4,36,24813,37968,1,FEASIBLE,WORSE
523,2,4,37,25176,38304,1,FEASIBLE,WORSE
524,2,4,38,24751,37994,1,FEASIBLE,WORSE
525,2,4,39,25339,38028,1,FEASIBLE,WORSE
526,2,4,40,26643,39386,0,CAPACITY_EXCEEDED,INVALID
527,2,4,41,26396,39291,0,CAPACITY_EXCEEDED,INVALID
528,2,4,42,26533,39476,0,CAPACITY_EXCEEDED,INVALID
529,2,4,43,26487,39309,0,CAPACITY_EXCEEDED,INVALID
530,2,4,44,26237,39039,0,CAPACITY_EXCEEDED,INVALID
531,2,4,45,25649,38571,0,CAPACITY_EXCEEDED,INVALID
532,2,4,46,25531,38064,1,FEASIBLE,WORSE
533,2,4,47,26616,38921,0,CAPACITY_EXCEEDED,INVALID
534,2,4,48,26642,38924,0,CAPACITY_EXCEEDED,INVALID
535,2,4,49,24817,38250,1,FEASIBLE,WORSE
536,2,4,50,25405,38596,1,FEASIBLE,WORSE
537,2,4,51,25085,38342,1,FEASIBLE,WORSE
538,2,4,52,26542,39349,0,CAPACITY_EXCEEDED,INVALID
539,2,4,53,26385,39220,0,CAPACITY_EXCEEDED,INVALID
540,2,4,54,24927,37879,1,FEASIBLE,WORSE
541,2,4,55,26271,39073,0,CAPACITY_EXCEEDED,INVALID
542,2,4,56,26397,39290,0,CAPACITY_EXCEEDED,INVALID
543,2,4,57,26428,39080,0,CAPACITY_EXCEEDED,INVALID
544,2,4,58,25473,38244,1,FEASIBLE,WORSE
545,2,4,59,26665,39154,0,CAPACITY_EXCEEDED,INVALID
546,2,4,60,26699,39233,0,CAPACITY_EXCEEDED,INVALID
547,2,4,61,25667,38130,0,CAPACITY_EXCEEDED,INVALID
548,2,4,62,26714,39198,0,CAPACITY_EXCEEDED,INVALID
549,2,4,63,26704,39436,0,CAPACITY_EXCEEDED,INVALID
550,2,4,64,25073,37972,1,FEASIBLE,WORSE
551,2,4,65,25697,38776,0,CAPACITY_EXCEEDED,INVALID
552,2,4,66,26641,38939,0,CAPACITY_EXCEEDED,INVALID
553,2,4,67,25614,38648,0,CAPACITY_EXCEEDED,INVALID
554,2,4,68,24773,38111,1,FEASIBLE,WORSE
555,2,4,69,25074,38261,1,FEASIBLE,WORSE
556,2,4,70,25681,38639,0,CAPACITY_EXCEEDED,INVALID
557,2,4,71,25574,38545,0,CAPACITY_EXCEEDED,INVALID
558,2,4,72,26378,39055,0,CAPACITY_EXCEEDED,INVALID
559,2,4,73,25172,38417,1,FEASIBLE,WORSE
560,2,4,74,26489,38920,0,CAPACITY_EXCEEDED,INVALID
561,2,4,75,24814,38179,1,FEASIBLE,WORSE
562,2,4,76,25523,37981,1,FEASIBLE,WORSE
563,2,4,77,25738,37922,0,CAPACITY_EXCEEDED,INVALID
564,2,4,78,24819,38142,1,FEASIBLE,WORSE
565,2,4,79,25728,37917,0,CAPACITY_EXCEEDED,INVALID
566,2,4,80,26619,38896,0,CAPACITY_EXCEEDED,INVALID
567,2,4,81,25626,38588,0,CAPACITY_EXCEEDED,INVALID
568,2,4,82,24932,37910,1,FEASIBLE,WORSE
569,2,4,83,24959,38101,1,FEASIBLE,WORSE
570,2,4,84,26620,39288,0,CAPACITY_EXCEEDED,INVALID
571,2,4,85,25191,37933,1,FEASIBLE,WORSE
572,2,4,86,24863,38256,1,FEASIBLE,WORSE
573,2,4,87,25540,38059,1,FEASIBLE,WORSE
574,2,4,88,26414,39171,0,CAPACITY_EXCEEDED,INVALID
575,2,4,89,26073,39069,0,CAPACITY_EXCEEDED,INVALID
576,2,4,90,26634,39322,0,CAPACITY_EXCEEDED,INVALID
577,2,4,91,26516,39014,0,CAPACITY_EXCEEDED,INVALID
578,2,4,92,25270,38495,1,FEASIBLE,WORSE
579,2,4,93,25215,37915,1,FEASIBLE,WORSE
580,2,4,94,25715,38545,0,CAPACITY_EXCEEDED,INVALID
581,2,4,95,25707,38867,0,CAPACITY_EXCEEDED,INVALID
582,2,4,96,26337,38922,0,CAPACITY_EXCEEDED,INVALID
583,2,4,97,26231,39047,0,CAPACITY_EXCEEDED,INVALID
584,2,4,98,24877,38093,1,FEASIBLE,WORSE
585,2,4,99,26351,39240,0,CAPACITY_EXCEEDED,INVALID
586,2,5,6,25418,37490,1,FEASIBLE,WORSE
587,2,5,7,25305,37607,1,FEASIBLE,WORSE
588,2,5,8,24797,37642,1,FEASIBLE,WORSE
589,2,5,9,25324,38186,1,FEASIBLE,WORSE
590,2,5,10,25433,37871,1,FEASIBLE,WORSE
591,2,5,11,25965,38685,0,CAPACITY_EXCEEDED,INVALID
592,2,5,12,25724,38581,0,CAPACITY_EXCEEDED,INVALID
593,2,5,13,26472,38515,0,CAPACITY_EXCEEDED,INVALID
594,2,5,14,25351,38193,1,FEASIBLE,WORSE
595,2,5,15,24944,37480,1,FEASIBLE,WORSE
596,2,5,16,24700,37579,1,FEASIBLE,WORSE
597,2,5,17,25064,37601,1,FEASIBLE,WORSE
598,2,5,18,24486,37607,1,FEASIBLE,WORSE
599,2,5,19,25952,38602,0,CAPACITY_EXCEEDED,INVALID
600,2,5,20,25232,38098,1,FEASIBLE,WORSE
601,2,5,21,25063,37781,1,FEASIBLE,WORSE
602,2,5,22,25437,37676,1,FEASIBLE,WORSE
603,2,5,23,25052,37553,1,FEASIBLE,WORSE
604,2,5,24,25225,37527,1,FEASIBLE,WORSE
605,2,5,25,26364,38495,0,CAPACITY_EXCEEDED,INVALID
606,2,5,26,24642,37802,1,FEASIBLE,WORSE
607,2,5,27,24975,37736,1,FEASIBLE,WORSE
608,2,5,28,25442,37902,1,FEASIBLE,WORSE
609,2,5,29,25729,38586,0,CAPACITY_EXCEEDED,INVALID
610,2,5,30,25231,37934,1,FEASIBLE,WORSE
611,2,5,31,25683,38498,0,CAPACITY_EXCEEDED,INVALID
612,2,5,32,25242,37473,1,FEASIBLE,WORSE
613,2,5,33,24604,37542,1,FEASIBLE,WORSE
614,2,5,34,25332,37860,1,FEASIBLE,WORSE
615,2,5,35,25422,38107,1,FEASIBLE,WORSE
616,2,5,36,24545,37499,1,FEASIBLE,WORSE
617,2,5,37,24908,37835,1,FEASIBLE,WORSE
618,2,5,38,24483,37525,1,FEASIBLE,WORSE
619,2,5,39,25071,37559,1,FEASIBLE,WORSE
620,2,5,40,26375,38917,0,CAPACITY_EXCEEDED,INVALID
621,2,5,41,26128,38822,0,CAPACITY_EXCEEDED,INVALID
622,2,5,42,26265,39007,0,CAPACITY_EXCEEDED,INVALID
623,2,5,43,26219,38840,0,CAPACITY_EXCEEDED,INVALID
624,2,5,44,25969,38570,0,CAPACITY_EXCEEDED,INVALID
625,2,5,45,25381,38102,1,FEASIBLE,WORSE
626,2,5,46,25263,37595,1,FEASIBLE,WORSE
627,2,5,47,26348,38452,0,CAPACITY_EXCEEDED,INVALID
628,2,5,48,26374,38455,0,CAPACITY_EXCEEDED,INVALID
629,2,5,49,24549,37781,1,FEASIBLE,WORSE
630,2,5,50,25137,38127,1,FEASIBLE,WORSE
631,2,5,51,24817,37873,1,FEASIBLE,WORSE
632,2,5,52,26274,38880,0,CAPACITY_EXCEEDED,INVALID
633,2,5,53,26117,38751,0,CAPACITY_EXCEEDED,INVALID
634,2,5,54,24659,37410,1,FEASIBLE,WORSE
635,2,5,55,26003,38604,0,CAPACITY_EXCEEDED,INVALID
636,2,5,56,26129,38821,0,CAPACITY_EXCEEDED,INVALID
637,2,5,57,26160,38611,0,CAPACITY_EXCEEDED,INVALID
638,2,5,58,25205,37775,1,FEASIBLE,WORSE
639,2,5,59,26397,38685,0,CAPACITY_EXCEEDED,INVALID
640,2,5,60,26431,38764,0,CAPACITY_EXCEEDED,INVALID
641,2,5,61,25399,37661,1,FEASIBLE,WORSE
642,2,5,62,26446,38729,0,CAPACITY_EXCEEDED,INVALID
643,2,5,63,26436,38967,0,CAPACITY_EXCEEDED,INVALID
644,2,5,64,24805,37503,1,FEASIBLE,WORSE
645,2,5,65,25429,38307,1,FEASIBLE,WORSE
646,2,5,66,26373,38470,0,CAPACITY_EXCEEDED,INVALID
647,2,5,67,25346,38179,1,FEASIBLE,WORSE
648,2,5,68,24505,37642,1,FEASIBLE,WORSE
649,2,5,69,24806,37792,1,FEASIBLE,WORSE
650,2,5,70,25413,38170,1,FEASIBLE,WORSE
651,2,5,71,25306,38076,1,FEASIBLE,WORSE
652,2,5,72,26110,38586,0,CAPACITY_EXCEEDED,INVALID
653,2,5,73,24904,37948,1,FEASIBLE,WORSE
654,2,5,74,26221,38451,0,CAPACITY_EXCEEDED,INVALID
655,2,5,75,24546,37710,1,FEASIBLE,WORSE
656,2,5,76,25255,37512,1,FEASIBLE,WORSE
657,2,5,77,25470,37453,1,FEASIBLE,WORSE
658,2,5,78,24551,37673,1,FEASIBLE,WORSE
659,2,5,79,25460,37448,1,FEASIBLE,WORSE
660,2,5,80,26351,38427,0,CAPACITY_EXCEEDED,INVALID
661,2,5,81,25358,38119,1,FEASIBLE,WORSE
662,2,5,82,24664,37441,1,FEASIBLE,WORSE
663,2,5,83,24691,37632,1,FEASIBLE,WORSE
664,2,5,84,26352,38819,0,CAPACITY_EXCEEDED,INVALID
665,2,5,85,24923,37464,1,FEASIBLE,WORSE
666,2,5,86,24595,37787,1,FEASIBLE,WORSE
667,2,5,87,25272,37590,1,FEASIBLE,WORSE
668,2,5,88,26146,38702,0,CAPACITY_EXCEEDED,INVALID
669,2,5,89,25805,38600,0,CAPACITY_EXCEEDED,INVALID
670,2,5,90,26366,38853,0,CAPACITY_EXCEEDED,INVALID
671,2,5,91,26248,38545,0,CAPACITY_EXCEEDED,INVALID
672,2,5,92,25002,38026,1,FEASIBLE,WORSE
673,2,5,93,24947,37446,1,FEASIBLE,WORSE
674,2,5,94,25447,38076,1,FEASIBLE,WORSE
675,2,5,95,25439,38398,1,FEASIBLE,WORSE
676,2,5,96,26069,38453,0,CAPACITY_EXCEEDED,INVALID
677,2,5,97,25963,38578,0,CAPACITY_EXCEEDED,INVALID
678,2,5,98,24609,37624,1,FEASIBLE,WORSE
679,2,5,99,26083,38771,0,CAPACITY_EXCEEDED,INVALID
680,2,6,7,25309,37091,1,FEASIBLE,WORSE
681,2,6,8,24801,37126,1,FEASIBLE,WORSE
682,2,6,9,25328,37670,1,FEASIBLE,WORSE
683,2,6,10,25437,37355,1,FEASIBLE,WORSE
684,2,6,11,25969,38169,0,CAPACITY_EXCEEDED,INVALID
685,2,6,12,25728,38065,0,CAPACITY_EXCEEDED,INVALID
686,2,6,13,26476,37999,0,CAPACITY_EXCEEDED,INVALID
687,2,6,14,25355,37677,1,FEASIBLE,WORSE
688,2,6,15,24948,36964,1,FEASIBLE,WORSE
689,2,6,16,24704,37063,1,FEASIBLE,WORSE
690,2,6,17,25068,37085,1,FEASIBLE,WORSE
691,2,6,18,24490,37091,1,FEASIBLE,WORSE
692,2,6,19,25956,38086,0,CAPACITY_EXCEEDED,INVALID
693,2,6,20,25236,37582,1,FEASIBLE,WORSE
694,2,6,21,25067,37265,1,FEASIBLE,WORSE
695,2,6,22,25441,37160,1,FEASIBLE,WORSE
696,2,6,23,25056,37037,1,FEASIBLE,WORSE
697,2,6,24,25229,37011,1,FEASIBLE,WORSE
698,2,6,25,26368,37979,0,CAPACITY_EXCEEDED,INVALID
699,2,6,26,24646,37286,1,FEASIBLE,WORSE
700,2,6,27,24979,37220,1,FEASIBLE,WORSE
701,2,6,28,25446,37386,1,FEASIBLE,WORSE
702,2,6,29,25733,38070,0,CAPACITY_EXCEEDED,INVALID
703,2,6,30,25235,37418,1,FEASIBLE,WORSE
704,2,6,31,25687,37982,0,CAPACITY_EXCEEDED,INVALID
705,2,6,32,25246,36957,1,FEASIBLE,WORSE
706,2,6,33,24608,37026,1,FEASIBLE,WORSE
707,2,6,34,25336,37344,1,FEASIBLE,WORSE
708,2,6,35,25426,37591,1,FEASIBLE,WORSE
709,2,6,36,24549,36983,1,FEASIBLE,WORSE
710,2,6,37,24912,37319,1,FEASIBLE,WORSE
711,2,6,38,24487,37009,1,FEASIBLE,WORSE
712,2,6,39,25075,37043,1,FEASIBLE,WORSE
713,2,6,40,26379,38401,0,CAPACITY_EXCEEDED,INVALID
714,2,6,41,26132,38306,0,CAPACITY_EXCEEDED,INVALID
715,2,6,42,26269,38491,0,CAPACITY_EXCEEDED,INVALID
716,2,6,43,26223,38324,0,CAPACITY_EXCEEDED,INVALID
717,2,6,44,25973,38054,0,CAPACITY_EXCEEDED,INVALID
718,2,6,45,25385,37586,1,FEASIBLE,WORSE
719,2,6,46,25267,37079,1,FEASIBLE,WORSE
720,2,6,47,26352,37936,0,CAPACITY_EXCEEDED,INVALID
721,2,6,48,26378,37939,0,CAPACITY_EXCEEDED,INVALID
722,2,6,49,24553,37265,1,FEASIBLE,WORSE
723,2,6,50,25141,37611,1,FEASIBLE,WORSE
724,2,6,51,24821,37357,1,FEASIBLE,WORSE
725,2,6,52,26278,38364,0,CAPACITY_EXCEEDED,INVALID
726,2,6,53,26121,38235,0,CAPACITY_EXCEEDED,INVALID
727,2,6,54,24663,36894,1,FEASIBLE,WORSE
728,2,6,55,26007,38088,0,CAPACITY_EXCEEDED,INVALID
729,2,6,56,26133,38305,0,CAPACITY_EXCEEDED,INVALID
730,2,6,57,26164,38095,0,CAPACITY_EXCEEDED,INVALID
731,2,6,58,25209,37259,1,FEASIBLE,WORSE
732,2,6,59,26401,38169,0,CAPACITY_EXCEEDED,INVALID
733,2,6,60,26435,38248,0,CAPACITY_EXCEEDED,INVALID
734,2,6,61,25403,37145,1,FEASIBLE,WORSE
735,2,6,62,26450,38213,0,CAPACITY_EXCEEDED,INVALID
736,2,6,63,26440,38451,0,CAPACITY_EXCEEDED,INVALID
737,2,6,64,24809,36987,1,FEASIBLE,WORSE
738,2,6,65,25433,37791,1,FEASIBLE,WORSE
739,2,6,66,26377,37954,0,CAPACITY_EXCEEDED,INVALID
740,2,6,67,25350,37663,1,FEASIBLE,WORSE
741,2,6,68,24509,37126,1,FEASIBLE,WORSE
742,2,6,69,24810,37276,1,FEASIBLE,WORSE
743,2,6,70,25417,37654,1,FEASIBLE,WORSE
744,2,6,71,25310,37560,1,FEASIBLE,WORSE
745,2,6,72,26114,38070,0,CAPACITY_EXCEEDED,INVALID
746,2,6,73,24908,37432,1,FEASIBLE,WORSE
747,2,6,74,26225,37935,0,CAPACITY_EXCEEDED,INVALID
748,2,6,75,24550,37194,1,FEASIBLE,WORSE
749,2,6,76,25259,36996,1,FEASIBLE,WORSE
750,2,6,77,25474,36937,1,FEASIBLE,WORSE
751,2,6,78,24555,37157,1,FEASIBLE,WORSE
752,2,6,79,25464,36932,1,FEASIBLE,WORSE
753,2,6,80,26355,37911,0,CAPACITY_EXCEEDED,INVALID
754,2,6,81,25362,37603,1,FEASIBLE,WORSE
755,2,6,82,24668,36925,1,FEASIBLE,WORSE
756,2,6,83,24695,37116,1,FEASIBLE,WORSE
757,2,6,84,26356,38303,0,CAPACITY_EXCEEDED,INVALID
758,2,6,85,24927,36948,1,FEASIBLE,WORSE
759,2,6,86,24599,37271,1,FEASIBLE,WORSE
760,2,6,87,25276,37074,1,FEASIBLE,WORSE
761,2,6,88,26150,38186,0,CAPACITY_EXCEEDED,INVALID
762,2,6,89,25809,38084,0,CAPACITY_EXCEEDED,INVALID
763,2,6,90,26370,38337,0,CAPACITY_EXCEEDED,INVALID
764,2,6,91,26252,38029,0,CAPACITY_EXCEEDED,INVALID
765,2,6,92,25006,37510,1,FEASIBLE,WORSE
766,2,6,93,24951,36930,1,FEASIBLE,WORSE
767,2,6,94,25451,37560,1,FEASIBLE,WORSE
768,2,6,95,25443,37882,1,FEASIBLE,WORSE
769,2,6,96,26073,37937,0,CAPACITY_EXCEEDED,INVALID
770,2,6,97,25967,38062,0,CAPACITY_EXCEEDED,INVALID
771,2,6,98,24613,37108,1,FEASIBLE,WORSE
772,2,6,99,26087,38255,0,CAPACITY_EXCEEDED,INVALID
773,2,7,8,24688,37243,1,FEASIBLE,WORSE
774,2,7,9,25215,37787,1,FEASIBLE,WORSE
775,2,7,10,25324,37472,1,FEASIBLE,WORSE
776,2,7,11,25856,38286,0,CAPACITY_EXCEEDED,INVALID
777,2,7,12,25615,38182,0,CAPACITY_EXCEEDED,INVALID
778,2,7,13,26363,38116,0,CAPACITY_EXCEEDED,INVALID
779,2,7,14,25242,37794,1,FEASIBLE,WORSE
780,2,7,15,24835,37081,1,FEASIBLE,WORSE
781,2,7,16,24591,37180,1,FEASIBLE,WORSE
782,2,7,17,24955,37202,1,FEASIBLE,WORSE
783,2,7,18,24377,37208,1,FEASIBLE,WORSE
784,2,7,19,25843,38203,0,CAPACITY_EXCEEDED,INVALID
785,2,7,20,25123,37699,1,FEASIBLE,WORSE
786,2,7,21,24954,37382,1,FEASIBLE,WORSE
787,2,7,22,25328,37277,1,FEASIBLE,WORSE
788,2,7,23,24943,37154,1,FEASIBLE,WORSE
789,2,7,24,25116,37128,1,FEASIBLE,WORSE
790,2,7,25,26255,38096,0,CAPACITY_EXCEEDED,INVALID
791,2,7,26,24533,37403,1,FEASIBLE,WORSE
792,2,7,27,24866,37337,1,FEASIBLE,WORSE
793,2,7,28,25333,37503,1,FEASIBLE,WORSE
794,2,7,29,25620,38187,0,CAPACITY_EXCEEDED,INVALID
795,2,7,30,25122,37535,1,FEASIBLE,WORSE
796,2,7,31,25574,38099,0,CAPACITY_EXCEEDED,INVALID
797,2,7,32,25133,37074,1,FEASIBLE,WORSE
798,2,7,33,24495,37143,1,FEASIBLE,WORSE
799,2,7,34,25223,37461,1,FEASIBLE,WORSE
800,2,7,35,25313,37708,1,FEASIBLE,WORSE
801,2,7,36,24436,37100,1,FEASIBLE,WORSE
802,2,7,37,24799,37436,1,FEASIBLE,WORSE
803,2,7,38,24374,37126,1,FEASIBLE,WORSE
804,2,7,39,24962,37160,1,FEASIBLE,WORSE
805,2,7,40,26266,38518,0,CAPACITY_EXCEEDED,INVALID
806,2,7,41,26019,38423,0,CAPACITY_EXCEEDED,INVALID
807,2,7,42,26156,38608,0,CAPACITY_EXCEEDED,INVALID
808,2,7,43,26110,38441,0,CAPACITY_EXCEEDED,INVALID
809,2,7,44,25860,38171,0,CAPACITY_EXCEEDED,INVALID
810,2,7,45,25272,37703,1,FEASIBLE,WORSE
811,2,7,46,25154,37196,1,FEASIBLE,WORSE
812,2,7,47,26239,38053,0,CAPACITY_EXCEEDED,INVALID
813,2,7,48,26265,38056,0,CAPACITY_EXCEEDED,INVALID
814,2,7,49,24440,37382,1,FEASIBLE,WORSE
815,2,7,50,25028,37728,1,FEASIBLE,WORSE
816,2,7,51,24708,37474,1,FEASIBLE,WORSE
817,2,7,52,26165,38481,0,CAPACITY_EXCEEDED,INVALID
818,2,7,53,26008,38352,0,CAPACITY_EXCEEDED,INVALID
819,2,7,54,24550,37011,1,FEASIBLE,WORSE
820,2,7,55,25894,38205,0,CAPACITY_EXCEEDED,INVALID
821,2,7,56,26020,38422,0,CAPACITY_EXCEEDED,INVALID
822,2,7,57,26051,38212,0,CAPACITY_EXCEEDED,INVALID
823,2,7,58,25096,37376,1,FEASIBLE,WORSE
824,2,7,59,26288,38286,0,CAPACITY_EXCEEDED,INVALID
825,2,7,60,26322,38365,0,CAPACITY_EXCEEDED,INVALID
826,2,7,61,25290,37262,1,FEASIBLE,WORSE
827,2,7,62,26337,38330,0,CAPACITY_EXCEEDED,INVALID
828,2,7,63,26327,38568,0,CAPACITY_EXCEEDED,INVALID
829,2,7,64,24696,37104,1,FEASIBLE,WORSE
830,2,7,65,25320,37908,1,FEASIBLE,WORSE
831,2,7,66,26264,38071,0,CAPACITY_EXCEEDED,INVALID
832,2,7,67,25237,37780,1,FEASIBLE,WORSE
833,2,7,68,24396,37243,1,FEASIBLE,WORSE
834,2,7,69,24697,37393,1,FEASIBLE,WORSE
835,2,7,70,25304,37771,1,FEASIBLE,WORSE
836,2,7,71,25197,37677,1,FEASIBLE,WORSE
837,2,7,72,26001,38187,0,CAPACITY_EXCEEDED,INVALID
838,2,7,73,24795,37549,1,FEASIBLE,WORSE
839,2,7,74,26112,38052,0,CAPACITY_EXCEEDED,INVALID
840,2,7,75,24437,37311,1,FEASIBLE,WORSE
841,2,7,76,25146,37113,1,FEASIBLE,WORSE
842,2,7,77,25361,37054,1,FEASIBLE,WORSE
843,2,7,78,24442,37274,1,FEASIBLE,WORSE
844,2,7,79,25351,37049,1,FEASIBLE,WORSE
845,2,7,80,26242,38028,0,CAPACITY_EXCEEDED,INVALID
846,2,7,81,25249,37720,1,FEASIBLE,WORSE
847,2,7,82,24555,37042,1,FEASIBLE,WORSE
848,2,7,83,24582,37233,1,FEASIBLE,WORSE
849,2,7,84,26243,38420,0,CAPACITY_EXCEEDED,INVALID
850,2,7,85,24814,37065,1,FEASIBLE,WORSE
851,2,7,86,24486,37388,1,FEASIBLE,WORSE
852,2,7,87,25163,37191,1,FEASIBLE,WORSE
853,2,7,88,26037,38303,0,CAPACITY_EXCEEDED,INVALID
854,2,7,89,25696,38201,0,CAPACITY_EXCEEDED,INVALID
855,2,7,90,26257,38454,0,CAPACITY_EXCEEDED,INVALID
856,2,7,91,26139,38146,0,CAPACITY_EXCEEDED,INVALID
857,2,7,92,24893,37627,1,FEASIBLE,WORSE
858,2,7,93,24838,37047,1,FEASIBLE,WORSE
859,2,7,94,25338,37677,1,FEASIBLE,WORSE
860,2,7,95,25330,37999,1,FEASIBLE,WORSE
861,2,7,96,25960,38054,0,CAPACITY_EXCEEDED,INVALID
862,2,7,97,25854,38179,0,CAPACITY_EXCEEDED,INVALID
863,2,7,98,24500,37225,1,FEASIBLE,WORSE
864,2,7,99,25974,38372,0,CAPACITY_EXCEEDED,INVALID
865,2,8,9,24707,37822,1,FEASIBLE,WORSE
866,2,8,10,24816,37507,1,FEASIBLE,WORSE
867,2,8,11,25348,38321,1,FEASIBLE,WORSE
868,2,8,12,25107,38217,1,FEASIBLE,WORSE
869,2,8,13,25855,38151,0,CAPACITY_EXCEEDED,INVALID
870,2,8,14,24734,37829,1,FEASIBLE,WORSE
871,2,8,15,24327,37116,1,FEASIBLE,WORSE
872,2,8,16,24083,37215,1,FEASIBLE,WORSE
873,2,8,17,24447,37237,1,FEASIBLE,WORSE
874,2,8,18,23869,37243,1,FEASIBLE,WORSE
875,2,8,19,25335,38238,1,FEASIBLE,WORSE
876,2,8,20,24615,37734,1,FEASIBLE,WORSE
877,2,8,21,24446,37417,1,FEASIBLE,WORSE
878,2,8,22,24820,37312,1,FEASIBLE,WORSE
879,2,8,23,24435,37189,1,FEASIBLE,WORSE
880,2,8,24,24608,37163,1,FEASIBLE,WORSE
881,2,8,25,25747,38131,0,CAPACITY_EXCEEDED,INVALID
882,2,8,26,24025,37438,1,FEASIBLE,WORSE
883,2,8,27,24358,37372,1,FEASIBLE,WORSE
884,2,8,28,24825,37538,1,FEASIBLE,WORSE
885,2,8,29,25112,38222,1,FEASIBLE,WORSE
886,2,8,30,24614,37570,1,FEASIBLE,WORSE
887,2,8,31,25066,38134,1,FEASIBLE,WORSE
888,2,8,32,24625,37109,1,FEASIBLE,WORSE
889,2,8,33,23987,37178,1,FEASIBLE,WORSE
890,2,8,34,24715,37496,1,FEASIBLE,WORSE
891,2,8,35,24805,37743,1,FEASIBLE,WORSE
892,2,8,36,23928,37135,1,FEASIBLE,WORSE
893,2,8,37,24291,37471,1,FEASIBLE,WORSE
894,2,8,38,23866,37161,1,FEASIBLE,WORSE
895,2,8,39,24454,37195,1,FEASIBLE,WORSE
896,2,8,40,25758,38553,0,CAPACITY_EXCEEDED,INVALID
897,2,8,41,25511,38458,1,FEASIBLE,WORSE
898,2,8,42,25648,38643,0,CAPACITY_EXCEEDED,INVALID
899,2,8,43,25602,38476,0,CAPACITY_EXCEEDED,INVALID
900,2,8,44,25352,38206,1,FEASIBLE,WORSE
901,2,8,45,24764,37738,1,FEASIBLE,WORSE
902,2,8,46,24646,37231,1,FEASIBLE,WORSE
903,2,8,47,25731,38088,0,CAPACITY_EXCEEDED,INVALID
904,2,8,48,25757,38091,0,CAPACITY_EXCEEDED,INVALID
905,2,8,49,23932,37417,1,FEASIBLE,WORSE
906,2,8,50,24520,37763,1,FEASIBLE,WORSE
907,2,8,51,24200,37509,1,FEASIBLE,WORSE
908,2,8,52,25657,38516,0,CAPACITY_EXCEEDED,INVALID
909,2,8,53,25500,38387,1,FEASIBLE,WORSE
910,2,8,54,24042,37046,1,FEASIBLE,WORSE
911,2,8,55,25386,38240,1,FEASIBLE,WORSE
912,2,8,56,25512,38457,1,FEASIBLE,WORSE
913,2,8,57,25543,38247,1,FEASIBLE,WORSE
914,2,8,58,24588,37411,1,FEASIBLE,WORSE
915,2,8,59,25780,38321,0,CAPACITY_EXCEEDED,INVALID
916,2,8,60,25814,38400,0,CAPACITY_EXCEEDED,INVALID
917,2,8,61,24782,37297,1,FEASIBLE,WORSE
918,2,8,62,25829,38365,0,CAPACITY_EXCEEDED,INVALID
919,2,8,63,25819,38603,0,CAPACITY_EXCEEDED,INVALID
920,2,8,64,24188,37139,1,FEASIBLE,WORSE
921,2,8,65,24812,37943,1,FEASIBLE,WORSE
922,2,8,66,25756,38106,0,CAPACITY_EXCEEDED,INVALID
923,2,8,67,24729,37815,1,FEASIBLE,WORSE
924,2,8,68,23888,37278,1,FEASIBLE,WORSE
925,2,8,69,24189,37428,1,FEASIBLE,WORSE
926,2,8,70,24796,37806,1,FEASIBLE,WORSE
927,2,8,71,24689,37712,1,FEASIBLE,WORSE
928,2,8,72,25493,38222,1,FEASIBLE,WORSE
929,2,8,73,24287,37584,1,FEASIBLE,WORSE
930,2,8,74,25604,38087,0,CAPACITY_EXCEEDED,INVALID
931,2,8,75,23929,37346,1,FEASIBLE,WORSE
932,2,8,76,24638,37148,1,FEASIBLE,WORSE
933,2,8,77,24853,37089,1,FEASIBLE,WORSE
934,2,8,78,23934,37309,1,FEASIBLE,WORSE
935,2,8,79,24843,37084,1,FEASIBLE,WORSE
936,2,8,80,25734,38063,0,CAPACITY_EXCEEDED,INVALID
937,2,8,81,24741,37755,1,FEASIBLE,WORSE
938,2,8,82,24047,37077,1,FEASIBLE,WORSE
939,2,8,83,24074,37268,1,FEASIBLE,WORSE
940,2,8,84,25735,38455,0,CAPACITY_EXCEEDED,INVALID
941,2,8,85,24306,37100,1,FEASIBLE,WORSE
942,2,8,86,23978,37423,1,FEASIBLE,WORSE
943,2,8,87,24655,37226,1,FEASIBLE,WORSE
944,2,8,88,25529,38338,1,FEASIBLE,WORSE
945,2,8,89,25188,38236,1,FEASIBLE,WORSE
946,2,8,90,25749,38489,0,CAPACITY_EXCEEDED,INVALID
947,2,8,91,25631,38181,0,CAPACITY_EXCEEDED,INVALID
948,2,8,92,24385,37662,1,FEASIBLE,WORSE
949,2,8,93,24330,37082,1,FEASIBLE,WORSE
950,2,8,94,24830,37712,1,FEASIBLE,WORSE
951,2,8,95,24822,38034,1,FEASIBLE,WORSE
952,2,8,96,25452,38089,1,FEASIBLE,WORSE
953,2,8,97,25346,38214,1,FEASIBLE,WORSE
954,2,8,98,23992,37260,1,FEASIBLE,WORSE
955,2,8,99,25466,38407,1,FEASIBLE,WORSE
956,2,9,10,25343,38051,1,FEASIBLE,WORSE
957,2,9,11,25875,38865,0,CAPACITY_EXCEEDED,INVALID
958,2,9,12,25634,38761,0,CAPACITY_EXCEEDED,INVALID
959,2,9,13,26382,38695,0,CAPACITY_EXCEEDED,INVALID
960,2,9,14,25261,38373,1,FEASIBLE,WORSE
961,2,9,15,24854,37660,1,FEASIBLE,WORSE
962,2,9,16,24610,37759,1,FEASIBLE,WORSE
963,2,9,17,24974,37781,1,FEASIBLE,WORSE
964,2,9,18,24396,37787,1,FEASIBLE,WORSE
965,2,9,19,25862,38782,0,CAPACITY_EXCEEDED,INVALID
966,2,9,20,25142,38278,1,FEASIBLE,WORSE
967,2,9,21,24973,37961,1,FEASIBLE,WORSE
968,2,9,22,25347,37856,1,FEASIBLE,WORSE
969,2,9,23,24962,37733,1,FEASIBLE,WORSE
970,2,9,24,25135,37707,1,FEASIBLE,WORSE
971,2,9,25,26274,38675,0,CAPACITY_EXCEEDED,INVALID
972,2,9,26,24552,37982,1,FEASIBLE,WORSE
973,2,9,27,24885,37916,1,FEASIBLE,WORSE
974,2,9,28,25352,38082,1,FEASIBLE,WORSE
975,2,9,29,25639,38766,0,CAPACITY_EXCEEDED,INVALID
976,2,9,30,25141,38114,1,FEASIBLE,WORSE
977,2,9,31,25593,38678,0,CAPACITY_EXCEEDED,INVALID
978,2,9,32,25152,37653,1,FEASIBLE,WORSE
979,2,9,33,24514,37722,1,FEASIBLE,WORSE
980,2,9,34,25242,38040,1,FEASIBLE,WORSE
981,2,9,35,25332,38287,1,FEASIBLE,WORSE
982,2,9,36,24455,37679,1,FEASIBLE,WORSE
983,2,9,37,24818,38015,1,FEASIBLE,WORSE
984,2,9,38,24393,37705,1,FEASIBLE,WORSE
985,2,9,39,24981,37739,1,FEASIBLE,WORSE
986,2,9,40,26285,39097,0,CAPACITY_EXCEEDED,INVALID
987,2,9,41,26038,39002,0,CAPACITY_EXCEEDED,INVALID
988,2,9,42,26175,39187,0,CAPACITY_EXCEEDED,INVALID
989,2,9,43,26129,39020,0,CAPACITY_EXCEEDED,INVALID
990,2,9,44,25879,38750,0,CAPACITY_EXCEEDED,INVALID
991,2,9,45,25291,38282,1,FEASIBLE,WORSE
992,2,9,46,25173,37775,1,FEASIBLE,WORSE
993,2,9,47,26258,38632,0,CAPACITY_EXCEEDED,INVALID
994,2,9,48,26284,38635,0,CAPACITY_EXCEEDED,INVALID
995,2,9,49,24459,37961,1,FEASIBLE,WORSE
996,2,9,50,25047,38307,1,FEASIBLE,WORSE
997,2,9,51,24727,38053,1,FEASIBLE,WORSE
998,2,9,52,26184,39060,0,CAPACITY_EXCEEDED,INVALID
999,2,9,53,26027,38931,0,CAPACITY_EXCEEDED,INVALID
1000,2,9,54,24569,37590,1,FEASIBLE,WORSE
1001,2,9,55,25913,38784,0,CAPACITY_EXCEEDED,INVALID
1002,2,9,56,26039,39001,0,CAPACITY_EXCEEDED,INVALID
1003,2,9,57,26070,38791,0,CAPACITY_EXCEEDED,INVALID
1004,2,9,58,25115,37955,1,FEASIBLE,WORSE
1005,2,9,59,26307,38865,0,CAPACITY_EXCEEDED,INVALID
1006,2,9,60,26341,38944,0,CAPACITY_EXCEEDED,INVALID
1007,2,9,61,25309,37841,1,FEASIBLE,WORSE
1008,2,9,62,26356,38909,0,CAPACITY_EXCEEDED,INVALID
1009,2,9,63,26346,39147,0,CAPACITY_EXCEEDED,INVALID
1010,2,9,64,24715,37683,1,FEASIBLE,WORSE
1011,2,9,65,25339,38487,1,FEASIBLE,WORSE
1012,2,9,66,26283,38650,0,CAPACITY_EXCEEDED,INVALID
1013,2,9,67,25256,38359,1,FEASIBLE,WORSE
1014,2,9,68,24415,37822,1,FEASIBLE,WORSE
1015,2,9,69,24716,37972,1,FEASIBLE,WORSE
1016,2,9,70,25323,38350,1,FEASIBLE,WORSE
1017,2,9,71,25216,38256,1,FEASIBLE,WORSE
1018,2,9,72,26020,38766,0,CAPACITY_EXCEEDED,INVALID
1019,2,9,73,24814,38128,1,FEASIBLE,WORSE
1020,2,9,74,26131,38631,0,CAPACITY_EXCEEDED,INVALID
1021,2,9,75,24456,37890,1,FEASIBLE,WORSE
1022,2,9,76,25165,37692,1,FEASIBLE,WORSE
1023,2,9,77,25380,37633,1,FEASIBLE,WORSE
1024,2,9,78,24461,37853,1,FEASIBLE,WORSE
1025,2,9,79,25370,37628,1,FEASIBLE,WORSE
1026,2,9,80,26261,38607,0,CAPACITY_EXCEEDED,INVALID
1027,2,9,81,25268,38299,1,FEASIBLE,WORSE
1028,2,9,82,24574,37621,1,FEASIBLE,WORSE
1029,2,9,83,24601,37812,1,FEASIBLE,WORSE
1030,2,9,84,26262,38999,0,CAPACITY_EXCEEDED,INVALID
1031,2,9,85,24833,37644,1,FEASIBLE,WORSE
1032,2,9,86,24505,37967,1,FEASIBLE,WORSE
1033,2,9,87,25182,37770,1,FEASIBLE,WORSE
1034,2,9,88,26056,38882,0,CAPACITY_EXCEEDED,INVALID
1035,2,9,89,25715,38780,0,CAPACITY_EXCEEDED,INVALID
1036,2,9,90,26276,39033,0,CAPACITY_EXCEEDED,INVALID
1037,2,9,91,26158,38725,0,CAPACITY_EXCEEDED,INVALID
1038,2,9,92,24912,38206,1,FEASIBLE,WORSE
1039,2,9,93,24857,37626,1,FEASIBLE,WORSE
1040,2,9,94,25357,38256,1,FEASIBLE,WORSE
1041,2,9,95,25349,38578,1,FEASIBLE,WORSE
1042,2,9,96,25979,38633,0,CAPACITY_EXCEEDED,INVALID
1043,2,9,97,25873,38758,0,CAPACITY_EXCEEDED,INVALID
1044,2,9,98,24519,37804,1,FEASIBLE,WORSE
1045,2,9,99,25993,38951,0,CAPACITY_EXCEEDED,INVALID
1046,2,10,11,25984,38550,0,CAPACITY_EXCEEDED,INVALID
1047,2,10,12,25743,38446,0,CAPACITY_EXCEEDED,INVALID
1048,2,10,13,26491,38380,0,CAPACITY_EXCEEDED,INVALID
1049,2,10,14,25370,38058,1,FEASIBLE,WORSE
1050,2,10,15,24963,37345,1,FEASIBLE,WORSE
1051,2,10,16,24719,37444,1,FEASIBLE,WORSE
1052,2,10,17,25083,37466,1,FEASIBLE,WORSE
1053,2,10,18,24505,37472,1,FEASIBLE,WORSE
1054,2,10,19,25971,38467,0,CAPACITY_EXCEEDED,INVALID
1055,2,10,20,25251,37963,1,FEASIBLE,WORSE
1056,2,10,21,25082,37646,1,FEASIBLE,WORSE
1057,2,10,22,25456,37541,1,FEASIBLE,WORSE
1058,2,10,23,25071,37418,1,FEASIBLE,WORSE
1059,2,10,24,25244,37392,1,FEASIBLE,WORSE
1060,2,10,25,26383,38360,0,CAPACITY_EXCEEDED,INVALID
1061,2,10,26,24661,37667,1,FEASIBLE,WORSE
1062,2,10,27,24994,37601,1,FEASIBLE,WORSE
1063,2,10,28,25461,37767,1,FEASIBLE,WORSE
1064,2,10,29,25748,38451,0,CAPACITY_EXCEEDED,INVALID
1065,2,10,30,25250,37799,1,FEASIBLE,WORSE
1066,2,10,31,25702,38363,0,CAPACITY_EXCEEDED,INVALID
1067,2,10,32,25261,37338,1,FEASIBLE,WORSE
1068,2,10,33,24623,37407,1,FEASIBLE,WORSE
1069,2,10,34,25351,37725,1,FEASIBLE,WORSE
1070,2,10,35,25441,37972,1,FEASIBLE,WORSE
1071,2,10,36,24564,37364,1,FEASIBLE,WORSE
1072,2,10,37,24927,37700,1,FEASIBLE,WORSE
1073,2,10,38,24502,37390,1,FEASIBLE,WORSE
1074,2,10,39,25090,37424,1,FEASIBLE,WORSE
1075,2,10,40,26394,38782,0,CAPACITY_EXCEEDED,INVALID
1076,2,10,41,26147,38687,0,CAPACITY_EXCEEDED,INVALID
1077,2,10,42,26284,38872,0,CAPACITY_EXCEEDED,INVALID
1078,2,10,43,26238,38705,0,CAPACITY_EXCEEDED,INVALID
1079,2,10,44,25988,38435,0,CAPACITY_EXCEEDED,INVALID
1080,2,10,45,25400,37967,1,FEASIBLE,WORSE
1081,2,10,46,25282,37460,1,FEASIBLE,WORSE
1082,2,10,47,26367,38317,0,CAPACITY_EXCEEDED,INVALID
1083,2,10,48,26393,38320,0,CAPACITY_EXCEEDED,INVALID
1084,2,10,49,24568,37646,1,FEASIBLE,WORSE
1085,2,10,50,25156,37992,1,FEASIBLE,WORSE
1086,2,10,51,24836,37738,1,FEASIBLE,WORSE
1087,2,10,52,26293,38745,0,CAPACITY_EXCEEDED,INVALID
1088,2,10,53,26136,38616,0,CAPACITY_EXCEEDED,INVALID
1089,2,10,54,24678,37275,1,FEASIBLE,WORSE
1090,2,10,55,26022,38469,0,CAPACITY_EXCEEDED,INVALID
1091,2,10,56,26148,38686,0,CAPACITY_EXCEEDED,INVALID
1092,2,10,57,26179,38476,0,CAPACITY_EXCEEDED,INVALID
1093,2,10,58,25224,37640,1,FEASIBLE,WORSE
1094,2,10,59,26416,38550,0,CAPACITY_EXCEEDED,INVALID
1095,2,10,60,26450,38629,0,CAPACITY_EXCEEDED,INVALID
1096,2,10,61,25418,37526,1,FEASIBLE,WORSE
1097,2,10,62,26465,38594,0,CAPACITY_EXCEEDED,INVALID
1098,2,10,63,26455,38832,0,CAPACITY_EXCEEDED,INVALID
1099,2,10,64,24824,37368,1,FEASIBLE,WORSE
1100,2,10,65,25448,38172,1,FEASIBLE,WORSE
1101,2,10,66,26392,38335,0,CAPACITY_EXCEEDED,INVALID
1102,2,10,67,25365,38044,1,FEASIBLE,WORSE
1103,2,10,68,24524,37507,1,FEASIBLE,WORSE
1104,2,10,69,24825,37657,1,FEASIBLE,WORSE
1105,2,10,70,25432,38035,1,FEASIBLE,WORSE
1106,2,10,71,25325,37941,1,FEASIBLE,WORSE
1107,2,10,72,26129,38451,0,CAPACITY_EXCEEDED,INVALID
1108,2,10,73,24923,37813,1,FEASIBLE,WORSE
1109,2,10,74,26240,38316,0,CAPACITY_EXCEEDED,INVALID
1110,2,10,75,24565,37575,1,FEASIBLE,WORSE
1111,2,10,76,25274,37377,1,FEASIBLE,WORSE
1112,2,10,77,25489,37318,1,FEASIBLE,WORSE
1113,2,10,78,24570,37538,1,FEASIBLE,WORSE
1114,2,10,79,25479,37313,1,FEASIBLE,WORSE
1115,2,10,80,26370,38292,0,CAPACITY_EXCEEDED,INVALID
1116,2,10,81,25377,37984,1,FEASIBLE,WORSE
1117,2,10,82,24683,37306,1,FEASIBLE,WORSE
1118,2,10,83,24710,37497,1,FEASIBLE,WORSE
1119,2,10,84,26371,38684,0,CAPACITY_EXCEEDED,INVALID
1120,2,10,85,24942,37329,1,FEASIBLE,WORSE
1121,2,10,86,24614,37652,1,FEASIBLE,WORSE
1122,2,10,87,25291,37455,1,FEASIBLE,WORSE
1123,2,10,88,26165,38567,0,CAPACITY_EXCEEDED,INVALID
1124,2,10,89,25824,38465,0,CAPACITY_EXCEEDED,INVALID
1125,2,10,90,26385,38718,0,CAPACITY_EXCEEDED,INVALID
1126,2,10,91,26267,38410,0,CAPACITY_EXCEEDED,INVALID
1127,2,10,92,25021,37891,1,FEASIBLE,WORSE
1128,2,10,93,24966,37311,1,FEASIBLE,WORSE
1129,2,10,94,25466,37941,1,FEASIBLE,WORSE
1130,2,10,95,25458,38263,1,FEASIBLE,WORSE
1131,2,10,96,26088,38318,0,CAPACITY_EXCEEDED,INVALID
1132,2,10,97,25982,38443,0,CAPACITY_EXCEEDED,INVALID
1133,2,10,98,24628,37489,1,FEASIBLE,WORSE
1134,2,10,99,26102,38636,0,CAPACITY_EXCEEDED,INVALID
1135,2,11,12,26275,39260,0,CAPACITY_EXCEEDED,INVALID
1136,2,11,13,27023,39194,0,CAPACITY_EXCEEDED,INVALID
1137,2,11,14,25902,38872,0,CAPACITY_EXCEEDED,INVALID
1138,2,11,15,25495,38159,1,FEASIBLE,WORSE
1139,2,11,16,25251,38258,1,FEASIBLE,WORSE
1140,2,11,17,25615,38280,0,CAPACITY_EXCEEDED,INVALID
1141,2,11,18,25037,38286,1,FEASIBLE,WORSE
1142,2,11,19,26503,39281,0,CAPACITY_EXCEEDED,INVALID
1143,2,11,20,25783,38777,0,CAPACITY_EXCEEDED,INVALID
1144,2,11,21,25614,38460,0,CAPACITY_EXCEEDED,INVALID
1145,2,11,22,25988,38355,0,CAPACITY_EXCEEDED,INVALID
1146,2,11,23,25603,38232,0,CAPACITY_EXCEEDED,INVALID
1147,2,11,24,25776,38206,0,CAPACITY_EXCEEDED,INVALID
1148,2,11,25,26915,39174,0,CAPACITY_EXCEEDED,INVALID
1149,2,11,26,25193,38481,1,FEASIBLE,WORSE
1150,2,11,27,25526,38415,1,FEASIBLE,WORSE
1151,2,11,28,25993,38581,0,CAPACITY_EXCEEDED,INVALID
1152,2,11,29,26280,39265,0,CAPACITY_EXCEEDED,INVALID
1153,2,11,30,25782,38613,0,CAPACITY_EXCEEDED,INVALID
1154,2,11,31,26234,39177,0,CAPACITY_EXCEEDED,INVALID
1155,2,11,32,25793,38152,0,CAPACITY_EXCEEDED,INVALID
1156,2,11,33,25155,38221,1,FEASIBLE,WORSE
1157,2,11,34,25883,38539,0,CAPACITY_EXCEEDED,INVALID
1158,2,11,35,25973,38786,0,CAPACITY_EXCEEDED,INVALID
1159,2,11,36,25096,38178,1,FEASIBLE,WORSE
1160,2,11,37,25459,38514,1,FEASIBLE,WORSE
1161,2,11,38,25034,38204,1,FEASIBLE,WORSE
1162,2,11,39,25622,38238,0,CAPACITY_EXCEEDED,INVALID
1163,2,11,40,26926,39596,0,CAPACITY_EXCEEDED,INVALID
1164,2,11,41,26679,39501,0,CAPACITY_EXCEEDED,INVALID
1165,2,11,42,26816,39686,0,CAPACITY_EXCEEDED,INVALID
1166,2,11,43,26770,39519,0,CAPACITY_EXCEEDED,INVALID
1167,2,11,44,26520,39249,0,CAPACITY_EXCEEDED,INVALID
1168,2,11,45,25932,38781,0,CAPACITY_EXCEEDED,INVALID
1169,2,11,46,25814,38274,0,CAPACITY_EXCEEDED,INVALID
1170,2,11,47,26899,39131,0,CAPACITY_EXCEEDED,INVALID
1171,2,11,48,26925,39134,0,CAPACITY_EXCEEDED,INVALID
1172,2,11,49,25100,38460,1,FEASIBLE,WORSE
1173,2,11,50,25688,38806,0,CAPACITY_EXCEEDED,INVALID
1174,2,11,51,25368,38552,1,FEASIBLE,WORSE
1175,2,11,52,26825,39559,0,CAPACITY_EXCEEDED,INVALID
1176,2,11,53,26668,39430,0,CAPACITY_EXCEEDED,INVALID
1177,2,11,54,25210,38089,1,FEASIBLE,WORSE
1178,2,11,55,26554,39283,0,CAPACITY_EXCEEDED,INVALID
1179,2,11,56,26680,39500,0,CAPACITY_EXCEEDED,INVALID
1180,2,11,57,26711,39290,0,CAPACITY_EXCEEDED,INVALID
1181,2,11,58,25756,38454,0,CAPACITY_EXCEEDED,INVALID
1182,2,11,59,26948,39364,0,CAPACITY_EXCEEDED,INVALID
1183,2,11,60,26982,39443,0,CAPACITY_EXCEEDED,INVALID
1184,2,11,61,25950,38340,0,CAPACITY_EXCEEDED,INVALID
1185,2,11,62,26997,39408,0,CAPACITY_EXCEEDED,INVALID
1186,2,11,63,26987,39646,0,CAPACITY_EXCEEDED,INVALID
1187,2,11,64,25356,38182,1,FEASIBLE,WORSE
1188,2,11,65,25980,38986,0,CAPACITY_EXCEEDED,INVALID
1189,2,11,66,26924,39149,0,CAPACITY_EXCEEDED,INVALID
1190,2,11,67,25897,38858,0,CAPACITY_EXCEEDED,INVALID
1191,2,11,68,25056,38321,1,FEASIBLE,WORSE
1192,2,11,69,25357,38471,1,FEASIBLE,WORSE
1193,2,11,70,25964,38849,0,CAPACITY_EXCEEDED,INVALID
1194,2,11,71,25857,38755,0,CAPACITY_EXCEEDED,INVALID
1195,2,11,72,26661,39265,0,CAPACITY_EXCEEDED,INVALID
1196,2,11,73,25455,38627,1,FEASIBLE,WORSE
1197,2,11,74,26772,39130,0,CAPACITY_EXCEEDED,INVALID
1198,2,11,75,25097,38389,1,FEASIBLE,WORSE
1199,2,11,76,25806,38191,0,CAPACITY_EXCEEDED,INVALID
1200,2,11,77,26021,38132,0,CAPACITY_EXCEEDED,INVALID
1201,2,11,78,25102,38352,1,FEASIBLE,WORSE
1202,2,11,79,26011,38127,0,CAPACITY_EXCEEDED,INVALID
1203,2,11,80,26902,39106,0,CAPACITY_EXCEEDED,INVALID
1204,2,11,81,25909,38798,0,CAPACITY_EXCEEDED,INVALID
1205,2,11,82,25215,38120,1,FEASIBLE,WORSE
1206,2,11,83,25242,38311,1,FEASIBLE,WORSE
1207,2,11,84,26903,39498,0,CAPACITY_EXCEEDED,INVALID
1208,2,11,85,25474,38143,1,FEASIBLE,WORSE
1209,2,11,86,25146,38466,1,FEASIBLE,WORSE
1210,2,11,87,25823,38269,0,CAPACITY_EXCEEDED,INVALID
1211,2,11,88,26697,39381,0,CAPACITY_EXCEEDED,INVALID
1212,2,11,89,26356,39279,0,CAPACITY_EXCEEDED,INVALID
1213,2,11,90,26917,39532,0,CAPACITY_EXCEEDED,INVALID
1214,2,11,91,26799,39224,0,CAPACITY_EXCEEDED,INVALID
1215,2,11,92,25553,38705,0,CAPACITY_EXCEEDED,INVALID
1216,2,11,93,25498,38125,1,FEASIBLE,WORSE
1217,2,11,94,25998,38755,0,CAPACITY_EXCEEDED,INVALID
1218,2,11,95,25990,39077,0,CAPACITY_EXCEEDED,INVALID
1219,2,11,96,26620,39132,0,CAPACITY_EXCEEDED,INVALID
1220,2,11,97,26514,39257,0,CAPACITY_EXCEEDED,INVALID
1221,2,11,98,25160,38303,1,FEASIBLE,WORSE
1222,2,11,99,26634,39450,0,CAPACITY_EXCEEDED,INVALID
1223,2,12,13,26782,39090,0,CAPACITY_EXCEEDED,INVALID
1224,2,12,14,25661,38768,0,CAPACITY_EXCEEDED,INVALID
1225,2,12,15,25254,38055,1,FEASIBLE,WORSE
1226,2,12,16,25010,38154,1,FEASIBLE,WORSE
1227,2,12,17,25374,38176,1,FEASIBLE,WORSE
1228,2,12,18,24796,38182,1,FEASIBLE,WORSE
1229,2,12,19,26262,39177,0,CAPACITY_EXCEEDED,INVALID
1230,2,12,20,25542,38673,1,FEASIBLE,WORSE
1231,2,12,21,25373,38356,1,FEASIBLE,WORSE
1232,2,12,22,25747,38251,0,CAPACITY_EXCEEDED,INVALID
1233,2,12,23,25362,38128,1,FEASIBLE,WORSE
1234,2,12,24,25535,38102,1,FEASIBLE,WORSE
1235,2,12,25,26674,39070,0,CAPACITY_EXCEEDED,INVALID
1236,2,12,26,24952,38377,1,FEASIBLE,WORSE
1237,2,12,27,25285,38311,1,FEASIBLE,WORSE
1238,2,12,28,25752,38477,0,CAPACITY_EXCEEDED,INVALID
1239,2,12,29,26039,39161,0,CAPACITY_EXCEEDED,INVALID
1240,2,12,30,25541,38509,1,FEASIBLE,WORSE
1241,2,12,31,25993,39073,0,CAPACITY_EXCEEDED,INVALID
1242,2,12,32,25552,38048,0,CAPACITY_EXCEEDED,INVALID
1243,2,12,33,24914,38117,1,FEASIBLE,WORSE
1244,2,12,34,25642,38435,0,CAPACITY_EXCEEDED,INVALID
1245,2,12,35,25732,38682,0,CAPACITY_EXCEEDED,INVALID
1246,2,12,36,24855,38074,1,FEASIBLE,WORSE
1247,2,12,37,25218,38410,1,FEASIBLE,WORSE
1248,2,12,38,24793,38100,1,FEASIBLE,WORSE
1249,2,12,39,25381,38134,1,FEASIBLE,WORSE
1250,2,12,40,26685,39492,0,CAPACITY_EXCEEDED,INVALID
1251,2,12,41,26438,39397,0,CAPACITY_EXCEEDED,INVALID
1252,2,12,42,26575,39582,0,CAPACITY_EXCEEDED,INVALID
1253,2,12,43,26529,39415,0,CAPACITY_EXCEEDED,INVALID
1254,2,12,44,26279,39145,0,CAPACITY_EXCEEDED,INVALID
1255,2,12,45,25691,38677,0,CAPACITY_EXCEEDED,INVALID
1256,2,12,46,25573,38170,0,CAPACITY_EXCEEDED,INVALID
1257,2,12,47,26658,39027,0,CAPACITY_EXCEEDED,INVALID
1258,2,12,48,26684,39030,0,CAPACITY_EXCEEDED,INVALID
1259,2,12,49,24859,38356,1,FEASIBLE,WORSE
1260,2,12,50,25447,38702,1,FEASIBLE,WORSE
1261,2,12,51,25127,38448,1,FEASIBLE,WORSE
1262,2,12,52,26584,39455,0,CAPACITY_EXCEEDED,INVALID
1263,2,12,53,26427,39326,0,CAPACITY_EXCEEDED,INVALID
1264,2,12,54,24969,37985,1,FEASIBLE,WORSE
1265,2,12,55,26313,39179,0,CAPACITY_EXCEEDED,INVALID
1266,2,12,56,26439,39396,0,CAPACITY_EXCEEDED,INVALID
1267,2,12,57,26470,39186,0,CAPACITY_EXCEEDED,INVALID
1268,2,12,58,25515,38350,1,FEASIBLE,WORSE
1269,2,12,59,26707,39260,0,CAPACITY_EXCEEDED,INVALID
1270,2,12,60,26741,39339,0,CAPACITY_EXCEEDED,INVALID
1271,2,12,61,25709,38236,0,CAPACITY_EXCEEDED,INVALID
1272,2,12,62,26756,39304,0,CAPACITY_EXCEEDED,INVALID
1273,2,12,63,26746,39542,0,CAPACITY_EXCEEDED,INVALID
1274,2,12,64,25115,38078,1,FEASIBLE,WORSE
1275,2,12,65,25739,38882,0,CAPACITY_EXCEEDED,INVALID
1276,2,12,66,26683,39045,0,CAPACITY_EXCEEDED,INVALID
1277,2,12,67,25656,38754,0,CAPACITY_EXCEEDED,INVALID
1278,2,12,68,24815,38217,1,FEASIBLE,WORSE
1279,2,12,69,25116,38367,1,FEASIBLE,WORSE
1280,2,12,70,25723,38745,0,CAPACITY_EXCEEDED,INVALID
1281,2,12,71,25616,38651,0,CAPACITY_EXCEEDED,INVALID
1282,2,12,72,26420,39161,0,CAPACITY_EXCEEDED,INVALID
1283,2,12,73,25214,38523,1,FEASIBLE,WORSE
1284,2,12,74,26531,39026,0,CAPACITY_EXCEEDED,INVALID
1285,2,12,75,24856,38285,1,FEASIBLE,WORSE
1286,2,12,76,25565,38087,0,CAPACITY_EXCEEDED,INVALID
1287,2,12,77,25780,38028,0,CAPACITY_EXCEEDED,INVALID
1288,2,12,78,24861,38248,1,FEASIBLE,WORSE
1289,2,12,79,25770,38023,0,CAPACITY_EXCEEDED,INVALID
1290,2,12,80,26661,39002,0,CAPACITY_EXCEEDED,INVALID
1291,2,12,81,25668,38694,0,CAPACITY_EXCEEDED,INVALID
1292,2,12,82,24974,38016,1,FEASIBLE,WORSE
1293,2,12,83,25001,38207,1,FEASIBLE,WORSE
1294,2,12,84,26662,39394,0,CAPACITY_EXCEEDED,INVALID
1295,2,12,85,25233,38039,1,FEASIBLE,WORSE
1296,2,12,86,24905,38362,1,FEASIBLE,WORSE
1297,2,12,87,25582,38165,0,CAPACITY_EXCEEDED,INVALID
1298,2,12,88,26456,39277,0,CAPACITY_EXCEEDED,INVALID
1299,2,12,89,26115,39175,0,CAPACITY_EXCEEDED,INVALID
1300,2,12,90,26676,39428,0,CAPACITY_EXCEEDED,INVALID
1301,2,12,91,26558,39120,0,CAPACITY_EXCEEDED,INVALID
1302,2,12,92,25312,38601,1,FEASIBLE,WORSE
1303,2,12,93,25257,38021,1,FEASIBLE,WORSE
1304,2,12,94,25757,38651,0,CAPACITY_EXCEEDED,INVALID
1305,2,12,95,25749,38973,0,CAPACITY_EXCEEDED,INVALID
1306,2,12,96,26379,39028,0,CAPACITY_EXCEEDED,INVALID
1307,2,12,97,26273,39153,0,CAPACITY_EXCEEDED,INVALID
1308,2,12,98,24919,38199,1,FEASIBLE,WORSE
1309,2,12,99,26393,39346,0,CAPACITY_EXCEEDED,INVALID
1310,2,13,14,26409,38702,0,CAPACITY_EXCEEDED,INVALID
1311,2,13,15,26002,37989,0,CAPACITY_EXCEEDED,INVALID
1312,2,13,16,25758,38088,0,CAPACITY_EXCEEDED,INVALID
1313,2,13,17,26122,38110,0,CAPACITY_EXCEEDED,INVALID
1314,2,13,18,25544,38116,1,FEASIBLE,WORSE
1315,2,13,19,27010,39111,0,CAPACITY_EXCEEDED,INVALID
1316,2,13,20,26290,38607,0,CAPACITY_EXCEEDED,INVALID
1317,2,13,21,26121,38290,0,CAPACITY_EXCEEDED,INVALID
1318,2,13,22,26495,38185,0,CAPACITY_EXCEEDED,INVALID
1319,2,13,23,26110,38062,0,CAPACITY_EXCEEDED,INVALID
1320,2,13,24,26283,38036,0,CAPACITY_EXCEEDED,INVALID
1321,2,13,25,27422,39004,0,CAPACITY_EXCEEDED,INVALID
1322,2,13,26,25700,38311,0,CAPACITY_EXCEEDED,INVALID
1323,2,13,27,26033,38245,0,CAPACITY_EXCEEDED,INVALID
1324,2,13,28,26500,38411,0,CAPACITY_EXCEEDED,INVALID
1325,2,13,29,26787,39095,0,CAPACITY_EXCEEDED,INVALID
1326,2,13,30,26289,38443,0,CAPACITY_EXCEEDED,INVALID
1327,2,13,31,26741,39007,0,CAPACITY_EXCEEDED,INVALID
1328,2,13,32,26300,37982,0,CAPACITY_EXCEEDED,INVALID
1329,2,13,33,25662,38051,0,CAPACITY_EXCEEDED,INVALID
1330,2,13,34,26390,38369,0,CAPACITY_EXCEEDED,INVALID
1331,2,13,35,26480,38616,0,CAPACITY_EXCEEDED,INVALID
1332,2,13,36,25603,38008,0,CAPACITY_EXCEEDED,INVALID
1333,2,13,37,25966,38344,0,CAPACITY_EXCEEDED,INVALID
1334,2,13,38,25541,38034,1,FEASIBLE,WORSE
1335,2,13,39,26129,38068,0,CAPACITY_EXCEEDED,INVALID
1336,2,13,40,27433,39426,0,CAPACITY_EXCEEDED,INVALID
1337,2,13,41,27186,39331,0,CAPACITY_EXCEEDED,INVALID
1338,2,13,42,27323,39516,0,CAPACITY_EXCEEDED,INVALID
1339,2,13,43,27277,39349,0,CAPACITY_EXCEEDED,INVALID
1340,2,13,44,27027,39079,0,CAPACITY_EXCEEDED,INVALID
1341,2,13,45,26439,38611,0,CAPACITY_EXCEEDED,INVALID
1342,2,13,46,26321,38104,0,CAPACITY_EXCEEDED,INVALID
1343,2,13,47,27406,38961,0,CAPACITY_EXCEEDED,INVALID
1344,2,13,48,27432,38964,0,CAPACITY_EXCEEDED,INVALID
1345,2,13,49,25607,38290,0,CAPACITY_EXCEEDED,INVALID
1346,2,13,50,26195,38636,0,CAPACITY_EXCEEDED,INVALID
1347,2,13,51,25875,38382,0,CAPACITY_EXCEEDED,INVALID
1348,2,13,52,27332,39389,0,CAPACITY_EXCEEDED,INVALID
1349,2,13,53,27175,39260,0,CAPACITY_EXCEEDED,INVALID
1350,2,13,54,25717,37919,0,CAPACITY_EXCEEDED,INVALID
1351,2,13,55,27061,39113,0,CAPACITY_EXCEEDED,INVALID
1352,2,13,56,27187,39330,0,CAPACITY_EXCEEDED,INVALID
1353,2,13,57,27218,39120,0,CAPACITY_EXCEEDED,INVALID
1354,2,13,58,26263,38284,0,CAPACITY_EXCEEDED,INVALID
1355,2,13,59,27455,39194,0,CAPACITY_EXCEEDED,INVALID
1356,2,13,60,27489,39273,0,CAPACITY_EXCEEDED,INVALID
1357,2,13,61,26457,38170,0,CAPACITY_EXCEEDED,INVALID
1358,2,13,62,27504,39238,0,CAPACITY_EXCEEDED,INVALID
1359,2,13,63,27494,39476,0,CAPACITY_EXCEEDED,INVALID
1360,2,13,64,25863,38012,0,CAPACITY_EXCEEDED,INVALID
1361,2,13,65,26487,38816,0,CAPACITY_EXCEEDED,INVALID
1362,2,13,66,27431,38979,0,CAPACITY_EXCEEDED,INVALID
1363,2,13,67,26404,38688,0,CAPACITY_EXCEEDED,INVALID
1364,2,13,68,25563,38151,0,CAPACITY_EXCEEDED,INVALID
1365,2,13,69,25864,38301,0,CAPACITY_EXCEEDED,INVALID
1366,2,13,70,26471,38679,0,CAPACITY_EXCEEDED,INVALID
1367,2,13,71,26364,38585,0,CAPACITY_EXCEEDED,INVALID
1368,2,13,72,27168,39095,0,CAPACITY_EXCEEDED,INVALID
1369,2,13,73,25962,38457,0,CAPACITY_EXCEEDED,INVALID
1370,2,13,74,27279,38960,0,CAPACITY_EXCEEDED,INVALID
1371,2,13,75,25604,38219,0,CAPACITY_EXCEEDED,INVALID
1372,2,13,76,26313,38021,0,CAPACITY_EXCEEDED,INVALID
1373,2,13,77,26528,37962,0,CAPACITY_EXCEEDED,INVALID
1374,2,13,78,25609,38182,0,CAPACITY_EXCEEDED,INVALID
1375,2,13,79,26518,37957,0,CAPACITY_EXCEEDED,INVALID
1376,2,13,80,27409,38936,0,CAPACITY_EXCEEDED,INVALID
1377,2,13,81,26416,38628,0,CAPACITY_EXCEEDED,INVALID
1378,2,13,82,25722,37950,0,CAPACITY_EXCEEDED,INVALID
1379,2,13,83,25749,38141,0,CAPACITY_EXCEEDED,INVALID
1380,2,13,84,27410,39328,0,CAPACITY_EXCEEDED,INVALID
1381,2,13,85,25981,37973,0,CAPACITY_EXCEEDED,INVALID
1382,2,13,86,25653,38296,0,CAPACITY_EXCEEDED,INVALID
1383,2,13,87,26330,38099,0,CAPACITY_EXCEEDED,INVALID
1384,2,13,88,27204,39211,0,CAPACITY_EXCEEDED,INVALID
1385,2,13,89,26863,39109,0,CAPACITY_EXCEEDED,INVALID
1386,2,13,90,27424,39362,0,CAPACITY_EXCEEDED,INVALID
1387,2,13,91,27306,39054,0,CAPACITY_EXCEEDED,INVALID
1388,2,13,92,26060,38535,0,CAPACITY_EXCEEDED,INVALID
1389,2,13,93,26005,37955,0,CAPACITY_EXCEEDED,INVALID
1390,2,13,94,26505,38585,0,CAPACITY_EXCEEDED,INVALID
1391,2,13,95,26497,38907,0,CAPACITY_EXCEEDED,INVALID
1392,2,13,96,27127,38962,0,CAPACITY_EXCEEDED,INVALID
1393,2,13,97,27021,39087,0,CAPACITY_EXCEEDED,INVALID
1394,2,13,98,25667,38133,0,CAPACITY_EXCEEDED,INVALID
1395,2,13,99,27141,39280,0,CAPACITY_EXCEEDED,INVALID
1396,2,14,15,24881,37667,1,FEASIBLE,WORSE
1397,2,14,16,24637,37766,1,FEASIBLE,WORSE
1398,2,14,17,25001,37788,1,FEASIBLE,WORSE
1399,2,14,18,24423,37794,1,FEASIBLE,WORSE
1400,2,14,19,25889,38789,0,CAPACITY_EXCEEDED,INVALID
1401,2,14,20,25169,38285,1,FEASIBLE,WORSE
1402,2,14,21,25000,37968,1,FEASIBLE,WORSE
1403,2,14,22,25374,37863,1,FEASIBLE,WORSE
1404,2,14,23,24989,37740,1,FEASIBLE,WORSE
1405,2,14,24,25162,37714,1,FEASIBLE,WORSE
1406,2,14,25,26301,38682,0,CAPACITY_EXCEEDED,INVALID
1407,2,14,26,24579,37989,1,FEASIBLE,WORSE
1408,2,14,27,24912,37923,1,FEASIBLE,WORSE
1409,2,14,28,25379,38089,1,FEASIBLE,WORSE
1410,2,14,29,25666,38773,0,CAPACITY_EXCEEDED,INVALID
1411,2,14,30,25168,38121,1,FEASIBLE,WORSE
1412,2,14,31,25620,38685,0,CAPACITY_EXCEEDED,INVALID
1413,2,14,32,25179,37660,1,FEASIBLE,WORSE
1414,2,14,33,24541,37729,1,FEASIBLE,WORSE
1415,2,14,34,25269,38047,1,FEASIBLE,WORSE
1416,2,14,35,25359,38294,1,FEASIBLE,WORSE
1417,2,14,36,24482,37686,1,FEASIBLE,WORSE
1418,2,14,37,24845,38022,1,FEASIBLE,WORSE
1419,2,14,38,24420,37712,1,FEASIBLE,WORSE
1420,2,14,39,25008,37746,1,FEASIBLE,WORSE
1421,2,14,40,26312,39104,0,CAPACITY_EXCEEDED,INVALID
1422,2,14,41,26065,39009,0,CAPACITY_EXCEEDED,INVALID
1423,2,14,42,26202,39194,0,CAPACITY_EXCEEDED,INVALID
1424,2,14,43,26156,39027,0,CAPACITY_EXCEEDED,INVALID
1425,2,14,44,25906,38757,0,CAPACITY_EXCEEDED,INVALID
1426,2,14,45,25318,38289,1,FEASIBLE,WORSE
1427,2,14,46,25200,37782,1,FEASIBLE,WORSE
1428,2,14,47,26285,38639,0,CAPACITY_EXCEEDED,INVALID
1429,2,14,48,26311,38642,0,CAPACITY_EXCEEDED,INVALID
1430,2,14,49,24486,37968,1,FEASIBLE,WORSE
1431,2,14,50,25074,38314,1,FEASIBLE,WORSE
1432,2,14,51,24754,38060,1,FEASIBLE,WORSE
1433,2,14,52,26211,39067,0,CAPACITY_EXCEEDED,INVALID
1434,2,14,53,26054,38938,0,CAPACITY_EXCEEDED,INVALID
1435,2,14,54,24596,37597,1,FEASIBLE,WORSE
1436,2,14,55,25940,38791,0,CAPACITY_EXCEEDED,INVALID
1437,2,14,56,26066,39008,0,CAPACITY_EXCEEDED,INVALID
1438,2,14,57,26097,38798,0,CAPACITY_EXCEEDED,INVALID
1439,2,14,58,25142,37962,1,FEASIBLE,WORSE
1440,2,14,59,26334,38872,0,CAPACITY_EXCEEDED,INVALID
1441,2,14,60,26368,38951,0,CAPACITY_EXCEEDED,INVALID
1442,2,14,61,25336,37848,1,FEASIBLE,WORSE
1443,2,14,62,26383,38916,0,CAPACITY_EXCEEDED,INVALID
1444,2,14,63,26373,39154,0,CAPACITY_EXCEEDED,INVALID
1445,2,14,64,24742,37690,1,FEASIBLE,WORSE
1446,2,14,65,25366,38494,1,FEASIBLE,WORSE
1447,2,14,66,26310,38657,0,CAPACITY_EXCEEDED,INVALID
1448,2,14,67,25283,38366,1,FEASIBLE,WORSE
1449,2,14,68,24442,37829,1,FEASIBLE,WORSE
1450,2,14,69,24743,37979,1,FEASIBLE,WORSE
1451,2,14,70,25350,38357,1,FEASIBLE,WORSE
1452,2,14,71,25243,38263,1,FEASIBLE,WORSE
1453,2,14,72,26047,38773,0,CAPACITY_EXCEEDED,INVALID
1454,2,14,73,24841,38135,1,FEASIBLE,WORSE
1455,2,14,74,26158,38638,0,CAPACITY_EXCEEDED,INVALID
1456,2,14,75,24483,37897,1,FEASIBLE,WORSE
1457,2,14,76,25192,37699,1,FEASIBLE,WORSE
1458,2,14,77,25407,37640,1,FEASIBLE,WORSE
1459,2,14,78,24488,37860,1,FEASIBLE,WORSE
1460,2,14,79,25397,37635,1,FEASIBLE,WORSE
1461,2,14,80,26288,38614,0,CAPACITY_EXCEEDED,INVALID
1462,2,14,81,25295,38306,1,FEASIBLE,WORSE
1463,2,14,82,24601,37628,1,FEASIBLE,WORSE
1464,2,14,83,24628,37819,1,FEASIBLE,WORSE
1465,2,14,84,26289,39006,0,CAPACITY_EXCEEDED,INVALID
1466,2,14,85,24860,37651,1,FEASIBLE,WORSE
1467,2,14,86,24532,37974,1,FEASIBLE,WORSE
1468,2,14,87,25209,37777,1,FEASIBLE,WORSE
1469,2,14,88,26083,38889,0,CAPACITY_EXCEEDED,INVALID
1470,2,14,89,25742,38787,0,CAPACITY_EXCEEDED,INVALID
1471,2,14,90,26303,39040,0,CAPACITY_EXCEEDED,INVALID
1472,2,14,91,26185,38732,0,CAPACITY_EXCEEDED,INVALID
1473,2,14,92,24939,38213,1,FEASIBLE,WORSE
1474,2,14,93,24884,37633,1,FEASIBLE,WORSE
1475,2,14,94,25384,38263,1,FEASIBLE,WORSE
1476,2,14,95,25376,38585,1,FEASIBLE,WORSE
1477,2,14,96,26006,38640,0,CAPACITY_EXCEEDED,INVALID
1478,2,14,97,25900,38765,0,CAPACITY_EXCEEDED,INVALID
1479,2,14,98,24546,37811,1,FEASIBLE,WORSE
1480,2,14,99,26020,38958,0,CAPACITY_EXCEEDED,INVALID
1481,2,15,16,24230,37053,1,FEASIBLE,WORSE
1482,2,15,17,24594,37075,1,FEASIBLE,WORSE
1483,2,15,18,24016,37081,1,FEASIBLE,WORSE
1484,2,15,19,25482,38076,1,FEASIBLE,WORSE
1485,2,15,20,24762,37572,1,FEASIBLE,WORSE
1486,2,15,21,24593,37255,1,FEASIBLE,WORSE
1487,2,15,22,24967,37150,1,FEASIBLE,WORSE
1488,2,15,23,24582,37027,1,FEASIBLE,WORSE
1489,2,15,24,24755,37001,1,FEASIBLE,WORSE
1490,2,15,25,25894,37969,0,CAPACITY_EXCEEDED,INVALID
1491,2,15,26,24172,37276,1,FEASIBLE,WORSE
1492,2,15,27,24505,37210,1,FEASIBLE,WORSE
1493,2,15,28,24972,37376,1,FEASIBLE,WORSE
1494,2,15,29,25259,38060,1,FEASIBLE,WORSE
1495,2,15,30,24761,37408,1,FEASIBLE,WORSE
1496,2,15,31,25213,37972,1,FEASIBLE,WORSE
1497,2,15,32,24772,36947,1,FEASIBLE,WORSE
1498,2,15,33,24134,37016,1,FEASIBLE,WORSE
1499,2,15,34,24862,37334,1,FEASIBLE,WORSE
1500,2,15,35,24952,37581,1,FEASIBLE,WORSE
1501,2,15,36,24075,36973,1,FEASIBLE,WORSE
1502,2,15,37,24438,37309,1,FEASIBLE,WORSE
1503,2,15,38,24013,36999,1,FEASIBLE,WORSE
1504,2,15,39,24601,37033,1,FEASIBLE,WORSE
1505,2,15,40,25905,38391,0,CAPACITY_EXCEEDED,INVALID
1506,2,15,41,25658,38296,0,CAPACITY_EXCEEDED,INVALID
1507,2,15,42,25795,38481,0,CAPACITY_EXCEEDED,INVALID
1508,2,15,43,25749,38314,0,CAPACITY_EXCEEDED,INVALID
1509,2,15,44,25499,38044,1,FEASIBLE,WORSE
1510,2,15,45,24911,37576,1,FEASIBLE,WORSE
1511,2,15,46,24793,37069,1,FEASIBLE,WORSE
1512,2,15,47,25878,37926,0,CAPACITY_EXCEEDED,INVALID
1513,2,15,48,25904,37929,0,CAPACITY_EXCEEDED,INVALID
1514,2,15,49,24079,37255,1,FEASIBLE,WORSE
1515,2,15,50,24667,37601,1,FEASIBLE,WORSE
1516,2,15,51,24347,37347,1,FEASIBLE,WORSE
1517,2,15,52,25804,38354,0,CAPACITY_EXCEEDED,INVALID
1518,2,15,53,25647,38225,0,CAPACITY_EXCEEDED,INVALID
1519,2,15,54,24189,36884,1,FEASIBLE,WORSE
1520,2,15,55,25533,38078,1,FEASIBLE,WORSE
1521,2,15,56,25659,38295,0,CAPACITY_EXCEEDED,INVALID
1522,2,15,57,25690,38085,0,CAPACITY_EXCEEDED,INVALID
1523,2,15,58,24735,37249,1,FEASIBLE,WORSE
1524,2,15,59,25927,38159,0,CAPACITY_EXCEEDED,INVALID
1525,2,15,60,25961,38238,0,CAPACITY_EXCEEDED,INVALID
1526,2,15,61,24929,37135,1,FEASIBLE,WORSE
1527,2,15,62,25976,38203,0,CAPACITY_EXCEEDED,INVALID
1528,2,15,63,25966,38441,0,CAPACITY_EXCEEDED,INVALID
1529,2,15,64,24335,36977,1,FEASIBLE,WORSE
1530,2,15,65,24959,37781,1,FEASIBLE,WORSE
1531,2,15,66,25903,37944,0,CAPACITY_EXCEEDED,INVALID
1532,2,15,67,24876,37653,1,FEASIBLE,WORSE
1533,2,15,68,24035,37116,1,FEASIBLE,WORSE
1534,2,15,69,24336,37266,1,FEASIBLE,WORSE
1535,2,15,70,24943,37644,1,FEASIBLE,WORSE
1536,2,15,71,24836,37550,1,FEASIBLE,WORSE
1537,2,15,72,25640,38060,0,CAPACITY_EXCEEDED,INVALID
1538,2,15,73,24434,37422,1,FEASIBLE,WORSE
1539,2,15,74,25751,37925,0,CAPACITY_EXCEEDED,INVALID
1540,2,15,75,24076,37184,1,FEASIBLE,WORSE
1541,2,15,76,24785,36986,1,FEASIBLE,WORSE
1542,2,15,77,25000,36927,1,FEASIBLE,WORSE
1543,2,15,78,24081,37147,1,FEASIBLE,WORSE
1544,2,15,79,24990,36922,1,FEASIBLE,WORSE
1545,2,15,80,25881,37901,0,CAPACITY_EXCEEDED,INVALID
1546,2,15,81,24888,37593,1,FEASIBLE,WORSE
1547,2,15,82,24194,36915,1,FEASIBLE,WORSE
1548,2,15,83,24221,37106,1,FEASIBLE,WORSE
1549,2,15,84,25882,38293,0,CAPACITY_EXCEEDED,INVALID
1550,2,15,85,24453,36938,1,FEASIBLE,WORSE
1551,2,15,86,24125,37261,1,FEASIBLE,WORSE
1552,2,15,87,24802,37064,1,FEASIBLE,WORSE
1553,2,15,88,25676,38176,0,CAPACITY_EXCEEDED,INVALID
1554,2,15,89,25335,38074,1,FEASIBLE,WORSE
1555,2,15,90,25896,38327,0,CAPACITY_EXCEEDED,INVALID
1556,2,15,91,25778,38019,0,CAPACITY_EXCEEDED,INVALID
1557,2,15,92,24532,37500,1,FEASIBLE,WORSE
1558,2,15,93,24477,36920,1,FEASIBLE,WORSE
1559,2,15,94,24977,37550,1,FEASIBLE,WORSE
1560,2,15,95,24969,37872,1,FEASIBLE,WORSE
1561,2,15,96,25599,37927,0,CAPACITY_EXCEEDED,INVALID
1562,2,15,97,25493,38052,1,FEASIBLE,WORSE
1563,2,15,98,24139,37098,1,FEASIBLE,WORSE
1564,2,15,99,25613,38245,0,CAPACITY_EXCEEDED,INVALID
1565,2,16,17,24350,37174,1,FEASIBLE,WORSE
1566,2,16,18,23772,37180,1,FEASIBLE,WORSE
1567,2,16,19,25238,38175,1,FEASIBLE,WORSE
1568,2,16,20,24518,37671,1,FEASIBLE,WORSE
1569,2,16,21,24349,37354,1,FEASIBLE,WORSE
1570,2,16,22,24723,37249,1,FEASIBLE,WORSE
1571,2,16,23,24338,37126,1,FEASIBLE,WORSE
1572,2,16,24,24511,37100,1,FEASIBLE,WORSE
1573,2,16,25,25650,38068,0,CAPACITY_EXCEEDED,INVALID
1574,2,16,26,23928,37375,1,FEASIBLE,WORSE
1575,2,16,27,24261,37309,1,FEASIBLE,WORSE
1576,2,16,28,24728,37475,1,FEASIBLE,WORSE
1577,2,16,29,25015,38159,1,FEASIBLE,WORSE
1578,2,16,30,24517,37507,1,FEASIBLE,WORSE
1579,2,16,31,24969,38071,1,FEASIBLE,WORSE
1580,2,16,32,24528,37046,1,FEASIBLE,WORSE
1581,2,16,33,23890,37115,1,FEASIBLE,WORSE
1582,2,16,34,24618,37433,1,FEASIBLE,WORSE
1583,2,16,35,24708,37680,1,FEASIBLE,WORSE
1584,2,16,36,23831,37072,1,FEASIBLE,WORSE
1585,2,16,37,24194,37408,1,FEASIBLE,WORSE
1586,2,16,38,23769,37098,1,FEASIBLE,WORSE
1587,2,16,39,24357,37132,1,FEASIBLE,WORSE
1588,2,16,40,25661,38490,0,CAPACITY_EXCEEDED,INVALID
1589,2,16,41,25414,38395,1,FEASIBLE,WORSE
1590,2,16,42,25551,38580,0,CAPACITY_EXCEEDED,INVALID
1591,2,16,43,25505,38413,1,FEASIBLE,WORSE
1592,2,16,44,25255,38143,1,FEASIBLE,WORSE
1593,2,16,45,24667,37675,1,FEASIBLE,WORSE
1594,2,16,46,24549,37168,1,FEASIBLE,WORSE
1595,2,16,47,25634,38025,0,CAPACITY_EXCEEDED,INVALID
1596,2,16,48,25660,38028,0,CAPACITY_EXCEEDED,INVALID
1597,2,16,49,23835,37354,1,FEASIBLE,WORSE
1598,2,16,50,24423,37700,1,FEASIBLE,WORSE
1599,2,16,51,24103,37446,1,FEASIBLE,WORSE
1600,2,16,52,25560,38453,0,CAPACITY_EXCEEDED,INVALID
1601,2,16,53,25403,38324,1,FEASIBLE,WORSE
1602,2,16,54,23945,36983,1,FEASIBLE,WORSE
1603,2,16,55,25289,38177,1,FEASIBLE,WORSE
1604,2,16,56,25415,38394,1,FEASIBLE,WORSE
1605,2,16,57,25446,38184,1,FEASIBLE,WORSE
1606,2,16,58,24491,37348,1,FEASIBLE,WORSE
1607,2,16,59,25683,38258,0,CAPACITY_EXCEEDED,INVALID
1608,2,16,60,25717,38337,0,CAPACITY_EXCEEDED,INVALID
1609,2,16,61,24685,37234,1,FEASIBLE,WORSE
1610,2,16,62,25732,38302,0,CAPACITY_EXCEEDED,INVALID
1611,2,16,63,25722,38540,0,CAPACITY_EXCEEDED,INVALID
1612,2,16,64,24091,37076,1,FEASIBLE,WORSE
1613,2,16,65,24715,37880,1,FEASIBLE,WORSE
1614,2,16,66,25659,38043,0,CAPACITY_EXCEEDED,INVALID
1615,2,16,67,24632,37752,1,FEASIBLE,WORSE
1616,2,16,68,23791,37215,1,FEASIBLE,WORSE
1617,2,16,69,24092,37365,1,FEASIBLE,WORSE
1618,2,16,70,24699,37743,1,FEASIBLE,WORSE
1619,2,16,71,24592,37649,1,FEASIBLE,WORSE
1620,2,16,72,25396,38159,1,FEASIBLE,WORSE
1621,2,16,73,24190,37521,1,FEASIBLE,WORSE
1622,2,16,74,25507,38024,1,FEASIBLE,WORSE
1623,2,16,75,23832,37283,1,FEASIBLE,WORSE
1624,2,16,76,24541,37085,1,FEASIBLE,WORSE
1625,2,16,77,24756,37026,1,FEASIBLE,WORSE
1626,2,16,78,23837,37246,1,FEASIBLE,WORSE
1627,2,16,79,24746,37021,1,FEASIBLE,WORSE
1628,2,16,80,25637,38000,0,CAPACITY_EXCEEDED,INVALID
1629,2,16,81,24644,37692,1,FEASIBLE,WORSE
1630,2,16,82,23950,37014,1,FEASIBLE,WORSE
1631,2,16,83,23977,37205,1,FEASIBLE,WORSE
1632,2,16,84,25638,38392,0,CAPACITY_EXCEEDED,INVALID
1633,2,16,85,24209,37037,1,FEASIBLE,WORSE
1634,2,16,86,23881,37360,1,FEASIBLE,WORSE
1635,2,16,87,24558,37163,1,FEASIBLE,WORSE
1636,2,16,88,25432,38275,1,FEASIBLE,WORSE
1637,2,16,89,25091,38173,1,FEASIBLE,WORSE
1638,2,16,90,25652,38426,0,CAPACITY_EXCEEDED,INVALID
1639,2,16,91,25534,38118,1,FEASIBLE,WORSE
1640,2,16,92,24288,37599,1,FEASIBLE,WORSE
1641,2,16,93,24233,37019,1,FEASIBLE,WORSE
1642,2,16,94,24733,37649,1,FEASIBLE,WORSE
1643,2,16,95,24725,37971,1,FEASIBLE,WORSE
1644,2,16,96,25355,38026,1,FEASIBLE,WORSE
1645,2,16,97,25249,38151,1,FEASIBLE,WORSE
1646,2,16,98,23895,37197,1,FEASIBLE,WORSE
1647,2,16,99,25369,38344,1,FEASIBLE,WORSE
1648,2,17,18,24136,37202,1,FEASIBLE,WORSE
1649,2,17,19,25602,38197,0,CAPACITY_EXCEEDED,INVALID
1650,2,17,20,24882,37693,1,FEASIBLE,WORSE
1651,2,17,21,24713,37376,1,FEASIBLE,WORSE
1652,2,17,22,25087,37271,1,FEASIBLE,WORSE
1653,2,17,23,24702,37148,1,FEASIBLE,WORSE
1654,2,17,24,24875,37122,1,FEASIBLE,WORSE
1655,2,17,25,26014,38090,0,CAPACITY_EXCEEDED,INVALID
1656,2,17,26,24292,37397,1,FEASIBLE,WORSE
1657,2,17,27,24625,37331,1,FEASIBLE,WORSE
1658,2,17,28,25092,37497,1,FEASIBLE,WORSE
1659,2,17,29,25379,38181,1,FEASIBLE,WORSE
1660,2,17,30,24881,37529,1,FEASIBLE,WORSE
1661,2,17,31,25333,38093,1,FEASIBLE,WORSE
1662,2,17,32,24892,37068,1,FEASIBLE,WORSE
1663,2,17,33,24254,37137,1,FEASIBLE,WORSE
1664,2,17,34,24982,37455,1,FEASIBLE,WORSE
1665,2,17,35,25072,37702,1,FEASIBLE,WORSE
1666,2,17,36,24195,37094,1,FEASIBLE,WORSE
1667,2,17,37,24558,37430,1,FEASIBLE,WORSE
1668,2,17,38,24133,37120,1,FEASIBLE,WORSE
1669,2,17,39,24721,37154,1,FEASIBLE,WORSE
1670,2,17,40,26025,38512,0,CAPACITY_EXCEEDED,INVALID
1671,2,17,41,25778,38417,0,CAPACITY_EXCEEDED,INVALID
1672,2,17,42,25915,38602,0,CAPACITY_EXCEEDED,INVALID
1673,2,17,43,25869,38435,0,CAPACITY_EXCEEDED,INVALID
1674,2,17,44,25619,38165,0,CAPACITY_EXCEEDED,INVALID
1675,2,17,45,25031,37697,1,FEASIBLE,WORSE
1676,2,17,46,24913,37190,1,FEASIBLE,WORSE
1677,2,17,47,25998,38047,0,CAPACITY_EXCEEDED,INVALID
1678,2,17,48,26024,38050,0,CAPACITY_EXCEEDED,INVALID
1679,2,17,49,24199,37376,1,FEASIBLE,WORSE
1680,2,17,50,24787,37722,1,FEASIBLE,WORSE
1681,2,17,51,24467,37468,1,FEASIBLE,WORSE
1682,2,17,52,25924,38475,0,CAPACITY_EXCEEDED,INVALID
1683,2,17,53,25767,38346,0,CAPACITY_EXCEEDED,INVALID
1684,2,17,54,24309,37005,1,FEASIBLE,WORSE
1685,2,17,55,25653,38199,0,CAPACITY_EXCEEDED,INVALID
1686,2,17,56,25779,38416,0,CAPACITY_EXCEEDED,INVALID
1687,2,17,57,25810,38206,0,CAPACITY_EXCEEDED,INVALID
1688,2,17,58,24855,37370,1,FEASIBLE,WORSE
1689,2,17,59,26047,38280,0,CAPACITY_EXCEEDED,INVALID
1690,2,17,60,26081,38359,0,CAPACITY_EXCEEDED,INVALID
1691,2,17,61,25049,37256,1,FEASIBLE,WORSE
1692,2,17,62,26096,38324,0,CAPACITY_EXCEEDED,INVALID
1693,2,17,63,26086,38562,0,CAPACITY_EXCEEDED,INVALID
1694,2,17,64,24455,37098,1,FEASIBLE,WORSE
1695,2,17,65,25079,37902,1,FEASIBLE,WORSE
1696,2,17,66,26023,38065,0,CAPACITY_EXCEEDED,INVALID
1697,2,17,67,24996,37774,1,FEASIBLE,WORSE
1698,2,17,68,24155,37237,1,FEASIBLE,WORSE
1699,2,17,69,24456,37387,1,FEASIBLE,WORSE
1700,2,17,70,25063,37765,1,FEASIBLE,WORSE
1701,2,17,71,24956,37671,1,FEASIBLE,WORSE
1702,2,17,72,25760,38181,0,CAPACITY_EXCEEDED,INVALID
1703,2,17,73,24554,37543,1,FEASIBLE,WORSE
1704,2,17,74,25871,38046,0,CAPACITY_EXCEEDED,INVALID
1705,2,17,75,24196,37305,1,FEASIBLE,WORSE
1706,2,17,76,24905,37107,1,FEASIBLE,WORSE
1707,2,17,77,25120,37048,1,FEASIBLE,WORSE
1708,2,17,78,24201,37268,1,FEASIBLE,WORSE
1709,2,17,79,25110,37043,1,FEASIBLE,WORSE
1710,2,17,80,26001,38022,0,CAPACITY_EXCEEDED,INVALID
1711,2,17,81,25008,37714,1,FEASIBLE,WORSE
1712,2,17,82,24314,37036,1,FEASIBLE,WORSE
1713,2,17,83,24341,37227,1,FEASIBLE,WORSE
1714,2,17,84,26002,38414,0,CAPACITY_EXCEEDED,INVALID
1715,2,17,85,24573,37059,1,FEASIBLE,WORSE
1716,2,17,86,24245,37382,1,FEASIBLE,WORSE
1717,2,17,87,24922,37185,1,FEASIBLE,WORSE
1718,2,17,88,25796,38297,0,CAPACITY_EXCEEDED,INVALID
1719,2,17,89,25455,38195,1,FEASIBLE,WORSE
1720,2,17,90,26016,38448,0,CAPACITY_EXCEEDED,INVALID
1721,2,17,91,25898,38140,0,CAPACITY_EXCEEDED,INVALID
1722,2,17,92,24652,37621,1,FEASIBLE,WORSE
1723,2,17,93,24597,37041,1,FEASIBLE,WORSE
1724,2,17,94,25097,37671,1,FEASIBLE,WORSE
1725,2,17,95,25089,37993,1,FEASIBLE,WORSE
1726,2,17,96,25719,38048,0,CAPACITY_EXCEEDED,INVALID
1727,2,17,97,25613,38173,0,CAPACITY_EXCEEDED,INVALID
1728,2,17,98,24259,37219,1,FEASIBLE,WORSE
1729,2,17,99,25733,38366,0,CAPACITY_EXCEEDED,INVALID
1730,2,18,19,25024,38203,1,FEASIBLE,WORSE
1731,2,18,20,24304,37699,1,FEASIBLE,WORSE
1732,2,18,21,24135,37382,1,FEASIBLE,WORSE
1733,2,18,22,24509,37277,1,FEASIBLE,WORSE
1734,2,18,23,24124,37154,1,FEASIBLE,WORSE
1735,2,18,24,24297,37128,1,FEASIBLE,WORSE
1736,2,18,25,25436,38096,1,FEASIBLE,WORSE
1737,2,18,26,23714,37403,1,FEASIBLE,WORSE
1738,2,18,27,24047,37337,1,FEASIBLE,WORSE
1739,2,18,28,24514,37503,1,FEASIBLE,WORSE
1740,2,18,29,24801,38187,1,FEASIBLE,WORSE
1741,2,18,30,24303,37535,1,FEASIBLE,WORSE
1742,2,18,31,24755,38099,1,FEASIBLE,WORSE
1743,2,18,32,24314,37074,1,FEASIBLE,WORSE
1744,2,18,33,23676,37143,1,FEASIBLE,WORSE
1745,2,18,34,24404,37461,1,FEASIBLE,WORSE
1746,2,18,35,24494,37708,1,FEASIBLE,WORSE
1747,2,18,36,23617,37100,1,FEASIBLE,WORSE
1748,2,18,37,23980,37436,1,FEASIBLE,WORSE
1749,2,18,38,23555,37126,1,FEASIBLE,WORSE
1750,2,18,39,24143,37160,1,FEASIBLE,WORSE
1751,2,18,40,25447,38518,1,FEASIBLE,WORSE
1752,2,18,41,25200,38423,1,FEASIBLE,WORSE
1753,2,18,42,25337,38608,1,FEASIBLE,WORSE
1754,2,18,43,25291,38441,1,FEASIBLE,WORSE
1755,2,18,44,25041,38171,1,FEASIBLE,WORSE
1756,2,18,45,24453,37703,1,FEASIBLE,WORSE
1757,2,18,46,24335,37196,1,FEASIBLE,WORSE
1758,2,18,47,25420,38053,1,FEASIBLE,WORSE
1759,2,18,48,25446,38056,1,FEASIBLE,WORSE
1760,2,18,49,23621,37382,1,FEASIBLE,WORSE
1761,2,18,50,24209,37728,1,FEASIBLE,WORSE
1762,2,18,51,23889,37474,1,FEASIBLE,WORSE
1763,2,18,52,25346,38481,1,FEASIBLE,WORSE
1764,2,18,53,25189,38352,1,FEASIBLE,WORSE
1765,2,18,54,23731,37011,1,FEASIBLE,WORSE
1766,2,18,55,25075,38205,1,FEASIBLE,WORSE
1767,2,18,56,25201,38422,1,FEASIBLE,WORSE
1768,2,18,57,25232,38212,1,FEASIBLE,WORSE
1769,2,18,58,24277,37376,1,FEASIBLE,WORSE
1770,2,18,59,25469,38286,1,FEASIBLE,WORSE
1771,2,18,60,25503,38365,1,FEASIBLE,WORSE
1772,2,18,61,24471,37262,1,FEASIBLE,WORSE
1773,2,18,62,25518,38330,1,FEASIBLE,WORSE
1774,2,18,63,25508,38568,1,FEASIBLE,WORSE
1775,2,18,64,23877,37104,1,FEASIBLE,WORSE
1776,2,18,65,24501,37908,1,FEASIBLE,WORSE
1777,2,18,66,25445,38071,1,FEASIBLE,WORSE
1778,2,18,67,24418,37780,1,FEASIBLE,WORSE
1779,2,18,68,23577,37243,1,FEASIBLE,WORSE
1780,2,18,69,23878,37393,1,FEASIBLE,WORSE
1781,2,18,70,24485,37771,1,FEASIBLE,WORSE
1782,2,18,71,24378,37677,1,FEASIBLE,WORSE
1783,2,18,72,25182,38187,1,FEASIBLE,WORSE
1784,2,18,73,23976,37549,1,FEASIBLE,WORSE
1785,2,18,74,25293,38052,1,FEASIBLE,WORSE
1786,2,18,75,23618,37311,1,FEASIBLE,WORSE
1787,2,18,76,24327,37113,1,FEASIBLE,WORSE
1788,2,18,77,24542,37054,1,FEASIBLE,WORSE
1789,2,18,78,23623,37274,1,FEASIBLE,WORSE
1790,2,18,79,24532,37049,1,FEASIBLE,WORSE
1791,2,18,80,25423,38028,1,FEASIBLE,WORSE
1792,2,18,81,24430,37720,1,FEASIBLE,WORSE
1793,2,18,82,23736,37042,1,FEASIBLE,WORSE
1794,2,18,83,23763,37233,1,FEASIBLE,WORSE
1795,2,18,84,25424,38420,1,FEASIBLE,WORSE
1796,2,18,85,23995,37065,1,FEASIBLE,WORSE
1797,2,18,86,23667,37388,1,FEASIBLE,WORSE
1798,2,18,87,24344,37191,1,FEASIBLE,WORSE
1799,2,18,88,25218,38303,1,FEASIBLE,WORSE
1800,2,18,89,24877,38201,1,FEASIBLE,WORSE
1801,2,18,90,25438,38454,1,FEASIBLE,WORSE
1802,2,18,91,25320,38146,1,FEASIBLE,WORSE
1803,2,18,92,24074,37627,1,FEASIBLE,WORSE
1804,2,18,93,24019,37047,1,FEASIBLE,WORSE
1805,2,18,94,24519,37677,1,FEASIBLE,WORSE
1806,2,18,95,24511,37999,1,FEASIBLE,WORSE
1807,2,18,96,25141,38054,1,FEASIBLE,WORSE
1808,2,18,97,25035,38179,1,FEASIBLE,WORSE
1809,2,18,98,23681,37225,1,FEASIBLE,WORSE
1810,2,18,99,25155,38372,1,FEASIBLE,WORSE
1811,2,19,20,25770,38694,0,CAPACITY_EXCEEDED,INVALID
1812,2,19,21,25601,38377,0,CAPACITY_EXCEEDED,INVALID
1813,2,19,22,25975,38272,0,CAPACITY_EXCEEDED,INVALID
1814,2,19,23,25590,38149,0,CAPACITY_EXCEEDED,INVALID
1815,2,19,24,25763,38123,0,CAPACITY_EXCEEDED,INVALID
1816,2,19,25,26902,39091,0,CAPACITY_EXCEEDED,INVALID
1817,2,19,26,25180,38398,1,FEASIBLE,WORSE
1818,2,19,27,25513,38332,1,FEASIBLE,WORSE
1819,2,19,28,25980,38498,0,CAPACITY_EXCEEDED,INVALID
1820,2,19,29,26267,39182,0,CAPACITY_EXCEEDED,INVALID
1821,2,19,30,25769,38530,0,CAPACITY_EXCEEDED,INVALID
1822,2,19,31,26221,39094,0,CAPACITY_EXCEEDED,INVALID
1823,2,19,32,25780,38069,0,CAPACITY_EXCEEDED,INVALID
1824,2,19,33,25142,38138,1,FEASIBLE,WORSE
1825,2,19,34,25870,38456,0,CAPACITY_EXCEEDED,INVALID
1826,2,19,35,25960,38703,0,CAPACITY_EXCEEDED,INVALID
1827,2,19,36,25083,38095,1,FEASIBLE,WORSE
1828,2,19,37,25446,38431,1,FEASIBLE,WORSE
1829,2,19,38,25021,38121,1,FEASIBLE,WORSE
1830,2,19,39,25609,38155,0,CAPACITY_EXCEEDED,INVALID
1831,2,19,40,26913,39513,0,CAPACITY_EXCEEDED,INVALID
1832,2,19,41,26666,39418,0,CAPACITY_EXCEEDED,INVALID
1833,2,19,42,26803,39603,0,CAPACITY_EXCEEDED,INVALID
1834,2,19,43,26757,39436,0,CAPACITY_EXCEEDED,INVALID
1835,2,19,44,26507,39166,0,CAPACITY_EXCEEDED,INVALID
1836,2,19,45,25919,38698,0,CAPACITY_EXCEEDED,INVALID
1837,2,19,46,25801,38191,0,CAPACITY_EXCEEDED,INVALID
1838,2,19,47,26886,39048,0,CAPACITY_EXCEEDED,INVALID
1839,2,19,48,26912,39051,0,CAPACITY_EXCEEDED,INVALID
1840,2,19,49,25087,38377,1,FEASIBLE,WORSE
1841,2,19,50,25675,38723,0,CAPACITY_EXCEEDED,INVALID
1842,2,19,51,25355,38469,1,FEASIBLE,WORSE
1843,2,19,52,26812,39476,0,CAPACITY_EXCEEDED,INVALID
1844,2,19,53,26655,39347,0,CAPACITY_EXCEEDED,INVALID
1845,2,19,54,25197,38006,1,FEASIBLE,WORSE
1846,2,19,55,26541,39200,0,CAPACITY_EXCEEDED,INVALID
1847,2,19,56,26667,39417,0,CAPACITY_EXCEEDED,INVALID
1848,2,19,57,26698,39207,0,CAPACITY_EXCEEDED,INVALID
1849,2,19,58,25743,38371,0,CAPACITY_EXCEEDED,INVALID
1850,2,19,59,26935,39281,0,CAPACITY_EXCEEDED,INVALID
1851,2,19,60,26969,39360,0,CAPACITY_EXCEEDED,INVALID
1852,2,19,61,25937,38257,0,CAPACITY_EXCEEDED,INVALID
1853,2,19,62,26984,39325,0,CAPACITY_EXCEEDED,INVALID
1854,2,19,63,26974,39563,0,CAPACITY_EXCEEDED,INVALID
1855,2,19,64,25343,38099,1,FEASIBLE,WORSE
1856,2,19,65,25967,38903,0,CAPACITY_EXCEEDED,INVALID
1857,2,19,66,26911,39066,0,CAPACITY_EXCEEDED,INVALID
1858,2,19,67,25884,38775,0,CAPACITY_EXCEEDED,INVALID
1859,2,19,68,25043,38238,1,FEASIBLE,WORSE
1860,2,19,69,25344,38388,1,FEASIBLE,WORSE
1861,2,19,70,25951,38766,0,CAPACITY_EXCEEDED,INVALID
1862,2,19,71,25844,38672,0,CAPACITY_EXCEEDED,INVALID
1863,2,19,72,26648,39182,0,CAPACITY_EXCEEDED,INVALID
1864,2,19,73,25442,38544,1,FEASIBLE,WORSE
1865,2,19,74,26759,39047,0,CAPACITY_EXCEEDED,INVALID
1866,2,19,75,25084,38306,1,FEASIBLE,WORSE
1867,2,19,76,25793,38108,0,CAPACITY_EXCEEDED,INVALID
1868,2,19,77,26008,38049,0,CAPACITY_EXCEEDED,INVALID
1869,2,19,78,25089,38269,1,FEASIBLE,WORSE
1870,2,19,79,25998,38044,0,CAPACITY_EXCEEDED,INVALID
1871,2,19,80,26889,39023,0,CAPACITY_EXCEEDED,INVALID
1872,2,19,81,25896,38715,0,CAPACITY_EXCEEDED,INVALID
1873,2,19,82,25202,38037,1,FEASIBLE,WORSE
1874,2,19,83,25229,38228,1,FEASIBLE,WORSE
1875,2,19,84,26890,39415,0,CAPACITY_EXCEEDED,INVALID
1876,2,19,85,25461,38060,1,FEASIBLE,WORSE
1877,2,19,86,25133,38383,1,FEASIBLE,WORSE
1878,2,19,87,25810,38186,0,CAPACITY_EXCEEDED,INVALID
1879,2,19,88,26684,39298,0,CAPACITY_EXCEEDED,INVALID
1880,2,19,89,26343,39196,0,CAPACITY_EXCEEDED,INVALID
1881,2,19,90,26904,39449,0,CAPACITY_EXCEEDED,INVALID
1882,2,19,91,26786,39141,0,CAPACITY_EXCEEDED,INVALID
1883,2,19,92,25540,38622,1,FEASIBLE,WORSE
1884,2,19,93,25485,38042,1,FEASIBLE,WORSE
1885,2,19,94,25985,38672,0,CAPACITY_EXCEEDED,INVALID
1886,2,19,95,25977,38994,0,CAPACITY_EXCEEDED,INVALID
1887,2,19,96,26607,39049,0,CAPACITY_EXCEEDED,INVALID
1888,2,19,97,26501,39174,0,CAPACITY_EXCEEDED,INVALID
1889,2,19,98,25147,38220,1,FEASIBLE,WORSE
1890,2,19,99,26621,39367,0,CAPACITY_EXCEEDED,INVALID
1891,2,20,21,24881,37873,1,FEASIBLE,WORSE
1892,2,20,22,25255,37768,1,FEASIBLE,WORSE
1893,2,20,23,24870,37645,1,FEASIBLE,WORSE
1894,2,20,24,25043,37619,1,FEASIBLE,WORSE
1895,2,20,25,26182,38587,0,CAPACITY_EXCEEDED,INVALID
1896,2,20,26,24460,37894,1,FEASIBLE,WORSE
1897,2,20,27,24793,37828,1,FEASIBLE,WORSE
1898,2,20,28,25260,37994,1,FEASIBLE,WORSE
1899,2,20,29,25547,38678,1,FEASIBLE,WORSE
1900,2,20,30,25049,38026,1,FEASIBLE,WORSE
1901,2,20,31,25501,38590,1,FEASIBLE,WORSE
1902,2,20,32,25060,37565,1,FEASIBLE,WORSE
1903,2,20,33,24422,37634,1,FEASIBLE,WORSE
1904,2,20,34,25150,37952,1,FEASIBLE,WORSE
1905,2,20,35,25240,38199,1,FEASIBLE,WORSE
1906,2,20,36,24363,37591,1,FEASIBLE,WORSE
1907,2,20,37,24726,37927,1,FEASIBLE,WORSE
1908,2,20,38,24301,37617,1,FEASIBLE,WORSE
1909,2,20,39,24889,37651,1,FEASIBLE,WORSE
1910,2,20,40,26193,39009,0,CAPACITY_EXCEEDED,INVALID
1911,2,20,41,25946,38914,0,CAPACITY_EXCEEDED,INVALID
1912,2,20,42,26083,39099,0,CAPACITY_EXCEEDED,INVALID
1913,2,20,43,26037,38932,0,CAPACITY_EXCEEDED,INVALID
1914,2,20,44,25787,38662,0,CAPACITY_EXCEEDED,INVALID
1915,2,20,45,25199,38194,1,FEASIBLE,WORSE
1916,2,20,46,25081,37687,1,FEASIBLE,WORSE
1917,2,20,47,26166,38544,0,CAPACITY_EXCEEDED,INVALID
1918,2,20,48,26192,38547,0,CAPACITY_EXCEEDED,INVALID
1919,2,20,49,24367,37873,1,FEASIBLE,WORSE
1920,2,20,50,24955,38219,1,FEASIBLE,WORSE
1921,2,20,51,24635,37965,1,FEASIBLE,WORSE
1922,2,20,52,26092,38972,0,CAPACITY_EXCEEDED,INVALID
1923,2,20,53,25935,38843,0,CAPACITY_EXCEEDED,INVALID
1924,2,20,54,24477,37502,1,FEASIBLE,WORSE
1925,2,20,55,25821,38696,0,CAPACITY_EXCEEDED,INVALID
1926,2,20,56,25947,38913,0,CAPACITY_EXCEEDED,INVALID
1927,2,20,57,25978,38703,0,CAPACITY_EXCEEDED,INVALID
1928,2,20,58,25023,37867,1,FEASIBLE,WORSE
1929,2,20,59,26215,38777,0,CAPACITY_EXCEEDED,INVALID
1930,2,20,60,26249,38856,0,CAPACITY_EXCEEDED,INVALID
1931,2,20,61,25217,37753,1,FEASIBLE,WORSE
1932,2,20,62,26264,38821,0,CAPACITY_EXCEEDED,INVALID
1933,2,20,63,26254,39059,0,CAPACITY_EXCEEDED,INVALID
1934,2,20,64,24623,37595,1,FEASIBLE,WORSE
1935,2,20,65,25247,38399,1,FEASIBLE,WORSE
1936,2,20,66,26191,38562,0,CAPACITY_EXCEEDED,INVALID
1937,2,20,67,25164,38271,1,FEASIBLE,WORSE
1938,2,20,68,24323,37734,1,FEASIBLE,WORSE
1939,2,20,69,24624,37884,1,FEASIBLE,WORSE
1940,2,20,70,25231,38262,1,FEASIBLE,WORSE
1941,2,20,71,25124,38168,1,FEASIBLE,WORSE
1942,2,20,72,25928,38678,0,CAPACITY_EXCEEDED,INVALID
1943,2,20,73,24722,38040,1,FEASIBLE,WORSE
1944,2,20,74,26039,38543,0,CAPACITY_EXCEEDED,INVALID
1945,2,20,75,24364,37802,1,FEASIBLE,WORSE
1946,2,20,76,25073,37604,1,FEASIBLE,WORSE
1947,2,20,77,25288,37545,1,FEASIBLE,WORSE
1948,2,20,78,24369,37765,1,FEASIBLE,WORSE
1949,2,20,79,25278,37540,1,FEASIBLE,WORSE
1950,2,20,80,26169,38519,0,CAPACITY_EXCEEDED,INVALID
1951,2,20,81,25176,38211,1,FEASIBLE,WORSE
1952,2,20,82,24482,37533,1,FEASIBLE,WORSE
1953,2,20,83,24509,37724,1,FEASIBLE,WORSE
1954,2,20,84,26170,38911,0,CAPACITY_EXCEEDED,INVALID
1955,2,20,85,24741,37556,1,FEASIBLE,WORSE
1956,2,20,86,24413,37879,1,FEASIBLE,WORSE
1957,2,20,87,25090,37682,1,FEASIBLE,WORSE
1958,2,20,88,25964,38794,0,CAPACITY_EXCEEDED,INVALID
1959,2,20,89,25623,38692,0,CAPACITY_EXCEEDED,INVALID
1960,2,20,90,26184,38945,0,CAPACITY_EXCEEDED,INVALID
1961,2,20,91,26066,38637,0,CAPACITY_EXCEEDED,INVALID
1962,2,20,92,24820,38118,1,FEASIBLE,WORSE
1963,2,20,93,24765,37538,1,FEASIBLE,WORSE
1964,2,20,94,25265,38168,1,FEASIBLE,WORSE
1965,2,20,95,25257,38490,1,FEASIBLE,WORSE
1966,2,20,96,25887,38545,0,CAPACITY_EXCEEDED,INVALID
1967,2,20,97,25781,38670,0,CAPACITY_EXCEEDED,INVALID
1968,2,20,98,24427,37716,1,FEASIBLE,WORSE
1969,2,20,99,25901,38863,0,CAPACITY_EXCEEDED,INVALID
1970,2,21,22,25086,37451,1,FEASIBLE,WORSE
1971,2,21,23,24701,37328,1,FEASIBLE,WORSE
1972,2,21,24,24874,37302,1,FEASIBLE,WORSE
1973,2,21,25,26013,38270,0,CAPACITY_EXCEEDED,INVALID
1974,2,21,26,24291,37577,1,FEASIBLE,WORSE
1975,2,21,27,24624,37511,1,FEASIBLE,WORSE
1976,2,21,28,25091,37677,1,FEASIBLE,WORSE
1977,2,21,29,25378,38361,1,FEASIBLE,WORSE
1978,2,21,30,24880,37709,1,FEASIBLE,WORSE
1979,2,21,31,25332,38273,1,FEASIBLE,WORSE
1980,2,21,32,24891,37248,1,FEASIBLE,WORSE
1981,2,21,33,24253,37317,1,FEASIBLE,WORSE
1982,2,21,34,24981,37635,1,FEASIBLE,WORSE
1983,2,21,35,25071,37882,1,FEASIBLE,WORSE
1984,2,21,36,24194,37274,1,FEASIBLE,WORSE
1985,2,21,37,24557,37610,1,FEASIBLE,WORSE
1986,2,21,38,24132,37300,1,FEASIBLE,WORSE
1987,2,21,39,24720,37334,1,FEASIBLE,WORSE
1988,2,21,40,26024,38692,0,CAPACITY_EXCEEDED,INVALID
1989,2,21,41,25777,38597,0,CAPACITY_EXCEEDED,INVALID
1990,2,21,42,25914,38782,0,CAPACITY_EXCEEDED,INVALID
1991,2,21,43,25868,38615,0,CAPACITY_EXCEEDED,INVALID
1992,2,21,44,25618,38345,0,CAPACITY_EXCEEDED,INVALID
1993,2,21,45,25030,37877,1,FEASIBLE,WORSE
1994,2,21,46,24912,37370,1,FEASIBLE,WORSE
1995,2,21,47,25997,38227,0,CAPACITY_EXCEEDED,INVALID
1996,2,21,48,26023,38230,0,CAPACITY_EXCEEDED,INVALID
1997,2,21,49,24198,37556,1,FEASIBLE,WORSE
1998,2,21,50,24786,37902,1,FEASIBLE,WORSE
1999,2,21,51,24466,37648,1,FEASIBLE,WORSE
2000,2,21,52,25923,38655,0,CAPACITY_EXCEEDED,INVALID
2001,2,21,53,25766,38526,0,CAPACITY_EXCEEDED,INVALID
2002,2,21,54,24308,37185,1,FEASIBLE,WORSE
2003,2,21,55,25652,38379,0,CAPACITY_EXCEEDED,INVALID
2004,2,21,56,25778,38596,0,CAPACITY_EXCEEDED,INVALID
2005,2,21,57,25809,38386,0,CAPACITY_EXCEEDED,INVALID
2006,2,21,58,24854,37550,1,FEASIBLE,WORSE
2007,2,21,59,26046,38460,0,CAPACITY_EXCEEDED,INVALID
2008,2,21,60,26080,38539,0,CAPACITY_EXCEEDED,INVALID
2009,2,21,61,25048,37436,1,FEASIBLE,WORSE
2010,2,21,62,26095,38504,0,CAPACITY_EXCEEDED,INVALID
2011,2,21,63,26085,38742,0,CAPACITY_EXCEEDED,INVALID
2012,2,21,64,24454,37278,1,FEASIBLE,WORSE
2013,2,21,65,25078,38082,1,FEASIBLE,WORSE
2014,2,21,66,26022,38245,0,CAPACITY_EXCEEDED,INVALID
2015,2,21,67,24995,37954,1,FEASIBLE,WORSE
2016,2,21,68,24154,37417,1,FEASIBLE,WORSE
2017,2,21,69,24455,37567,1,FEASIBLE,WORSE
2018,2,21,70,25062,37945,1,FEASIBLE,WORSE
2019,2,21,71,24955,37851,1,FEASIBLE,WORSE
2020,2,21,72,25759,38361,0,CAPACITY_EXCEEDED,INVALID
2021,2,21,73,24553,37723,1,FEASIBLE,WORSE
2022,2,21,74,25870,38226,0,CAPACITY_EXCEEDED,INVALID
2023,2,21,75,24195,37485,1,FEASIBLE,WORSE
2024,2,21,76,24904,37287,1,FEASIBLE,WORSE
2025,2,21,77,25119,37228,1,FEASIBLE,WORSE
2026,2,21,78,24200,37448,1,FEASIBLE,WORSE
2027,2,21,79,25109,37223,1,FEASIBLE,WORSE
2028,2,21,80,26000,38202,0,CAPACITY_EXCEEDED,INVALID
2029,2,21,81,25007,37894,1,FEASIBLE,WORSE
2030,2,21,82,24313,37216,1,FEASIBLE,WORSE
2031,2,21,83,24340,37407,1,FEASIBLE,WORSE
2032,2,21,84,26001,38594,0,CAPACITY_EXCEEDED,INVALID
2033,2,21,85,24572,37239,1,FEASIBLE,WORSE
2034,2,21,86,24244,37562,1,FEASIBLE,WORSE
2035,2,21,87,24921,37365,1,FEASIBLE,WORSE
2036,2,21,88,25795,38477,0,CAPACITY_EXCEEDED,INVALID
2037,2,21,89,25454,38375,1,FEASIBLE,WORSE
2038,2,21,90,26015,38628,0,CAPACITY_EXCEEDED,INVALID
2039,2,21,91,25897,38320,0,CAPACITY_EXCEEDED,INVALID
2040,2,21,92,24651,37801,1,FEASIBLE,WORSE
2041,2,21,93,24596,37221,1,FEASIBLE,WORSE
2042,2,21,94,25096,37851,1,FEASIBLE,WORSE
2043,2,21,95,25088,38173,1,FEASIBLE,WORSE
2044,2,21,96,25718,38228,0,CAPACITY_EXCEEDED,INVALID
2045,2,21,97,25612,38353,0,CAPACITY_EXCEEDED,INVALID
2046,2,21,98,24258,37399,1,FEASIBLE,WORSE
2047,2,21,99,25732,38546,0,CAPACITY_EXCEEDED,INVALID
2048,2,22,23,25075,37223,1,FEASIBLE,WORSE
2049,2,22,24,25248,37197,1,FEASIBLE,WORSE
2050,2,22,25,26387,38165,0,CAPACITY_EXCEEDED,INVALID
2051,2,22,26,24665,37472,1,FEASIBLE,WORSE
2052,2,22,27,24998,37406,1,FEASIBLE,WORSE
2053,2,22,28,25465,37572,1,FEASIBLE,WORSE
2054,2,22,29,25752,38256,0,CAPACITY_EXCEEDED,INVALID
2055,2,22,30,25254,37604,1,FEASIBLE,WORSE
2056,2,22,31,25706,38168,0,CAPACITY_EXCEEDED,INVALID
2057,2,22,32,25265,37143,1,FEASIBLE,WORSE
2058,2,22,33,24627,37212,1,FEASIBLE,WORSE
2059,2,22,34,25355,37530,1,FEASIBLE,WORSE
2060,2,22,35,25445,37777,1,FEASIBLE,WORSE
2061,2,22,36,24568,37169,1,FEASIBLE,WORSE
2062,2,22,37,24931,37505,1,FEASIBLE,WORSE
2063,2,22,38,24506,37195,1,FEASIBLE,WORSE
2064,2,22,39,25094,37229,1,FEASIBLE,WORSE
2065,2,22,40,26398,38587,0,CAPACITY_EXCEEDED,INVALID
2066,2,22,41,26151,38492,0,CAPACITY_EXCEEDED,INVALID
2067,2,22,42,26288,38677,0,CAPACITY_EXCEEDED,INVALID
2068,2,22,43,26242,38510,0,CAPACITY_EXCEEDED,INVALID
2069,2,22,44,25992,38240,0,CAPACITY_EXCEEDED,INVALID
2070,2,22,45,25404,37772,1,FEASIBLE,WORSE
2071,2,22,46,25286,37265,1,FEASIBLE,WORSE
2072,2,22,47,26371,38122,0,CAPACITY_EXCEEDED,INVALID
2073,2,22,48,26397,38125,0,CAPACITY_EXCEEDED,INVALID
2074,2,22,49,24572,37451,1,FEASIBLE,WORSE
2075,2,22,50,25160,37797,1,FEASIBLE,WORSE
2076,2,22,51,24840,37543,1,FEASIBLE,WORSE
2077,2,22,52,26297,38550,0,CAPACITY_EXCEEDED,INVALID
2078,2,22,53,26140,38421,0,CAPACITY_EXCEEDED,INVALID
2079,2,22,54,24682,37080,1,FEASIBLE,WORSE
2080,2,22,55,26026,38274,0,CAPACITY_EXCEEDED,INVALID
2081,2,22,56,26152,38491,0,CAPACITY_EXCEEDED,INVALID
2082,2,22,57,26183,38281,0,CAPACITY_EXCEEDED,INVALID
2083,2,22,58,25228,37445,1,FEASIBLE,WORSE
2084,2,22,59,26420,38355,0,CAPACITY_EXCEEDED,INVALID
2085,2,22,60,26454,38434,0,CAPACITY_EXCEEDED,INVALID
2086,2,22,61,25422,37331,1,FEASIBLE,WORSE
2087,2,22,62,26469,38399,0,CAPACITY_EXCEEDED,INVALID
2088,2,22,63,26459,38637,0,CAPACITY_EXCEEDED,INVALID
2089,2,22,64,24828,37173,1,FEASIBLE,WORSE
2090,2,22,65,25452,37977,1,FEASIBLE,WORSE
2091,2,22,66,26396,38140,0,CAPACITY_EXCEEDED,INVALID
2092,2,22,67,25369,37849,1,FEASIBLE,WORSE
2093,2,22,68,24528,37312,1,FEASIBLE,WORSE
2094,2,22,69,24829,37462,1,FEASIBLE,WORSE
2095,2,22,70,25436,37840,1,FEASIBLE,WORSE
2096,2,22,71,25329,37746,1,FEASIBLE,WORSE
2097,2,22,72,26133,38256,0,CAPACITY_EXCEEDED,INVALID
2098,2,22,73,24927,37618,1,FEASIBLE,WORSE
2099,2,22,74,26244,38121,0,CAPACITY_EXCEEDED,INVALID
2100,2,22,75,24569,37380,1,FEASIBLE,WORSE
2101,2,22,76,25278,37182,1,FEASIBLE,WORSE
2102,2,22,77,25493,37123,1,FEASIBLE,WORSE
2103,2,22,78,24574,37343,1,FEASIBLE,WORSE
2104,2,22,79,25483,37118,1,FEASIBLE,WORSE
2105,2,22,80,26374,38097,0,CAPACITY_EXCEEDED,INVALID
2106,2,22,81,25381,37789,1,FEASIBLE,WORSE
2107,2,22,82,24687,37111,1,FEASIBLE,WORSE
2108,2,22,83,24714,37302,1,FEASIBLE,WORSE
2109,2,22,84,26375,38489,0,CAPACITY_EXCEEDED,INVALID
2110,2,22,85,24946,37134,1,FEASIBLE,WORSE
2111,2,22,86,24618,37457,1,FEASIBLE,WORSE
2112,2,22,87,25295,37260,1,FEASIBLE,WORSE
2113,2,22,88,26169,38372,0,CAPACITY_EXCEEDED,INVALID
2114,2,22,89,25828,38270,0,CAPACITY_EXCEEDED,INVALID
2115,2,22,90,26389,38523,0,CAPACITY_EXCEEDED,INVALID
2116,2,22,91,26271,38215,0,CAPACITY_EXCEEDED,INVALID
2117,2,22,92,25025,37696,1,FEASIBLE,WORSE
2118,2,22,93,24970,37116,1,FEASIBLE,WORSE
2119,2,22,94,25470,37746,1,FEASIBLE,WORSE
2120,2,22,95,25462,38068,1,FEASIBLE,WORSE
2121,2,22,96,26092,38123,0,CAPACITY_EXCEEDED,INVALID
2122,2,22,97,25986,38248,0,CAPACITY_EXCEEDED,INVALID
2123,2,22,98,24632,37294,1,FEASIBLE,WORSE
2124,2,22,99,26106,38441,0,CAPACITY_EXCEEDED,INVALID
2125,2,23,24,24863,37074,1,FEASIBLE,WORSE
2126,2,23,25,26002,38042,0,CAPACITY_EXCEEDED,INVALID
2127,2,23,26,24280,37349,1,FEASIBLE,WORSE
2128,2,23,27,24613,37283,1,FEASIBLE,WORSE
2129,2,23,28,25080,37449,1,FEASIBLE,WORSE
2130,2,23,29,25367,38133,1,FEASIBLE,WORSE
2131,2,23,30,24869,37481,1,FEASIBLE,WORSE
2132,2,23,31,25321,38045,1,FEASIBLE,WORSE
2133,2,23,32,24880,37020,1,FEASIBLE,WORSE
2134,2,23,33,24242,37089,1,FEASIBLE,WORSE
2135,2,23,34,24970,37407,1,FEASIBLE,WORSE
2136,2,23,35,25060,37654,1,FEASIBLE,WORSE
2137,2,23,36,24183,37046,1,FEASIBLE,WORSE
2138,2,23,37,24546,37382,1,FEASIBLE,WORSE
2139,2,23,38,24121,37072,1,FEASIBLE,WORSE
2140,2,23,39,24709,37106,1,FEASIBLE,WORSE
2141,2,23,40,26013,38464,0,CAPACITY_EXCEEDED,INVALID
2142,2,23,41,25766,38369,0,CAPACITY_EXCEEDED,INVALID
2143,2,23,42,25903,38554,0,CAPACITY_EXCEEDED,INVALID
2144,2,23,43,25857,38387,0,CAPACITY_EXCEEDED,INVALID
2145,2,23,44,25607,38117,0,CAPACITY_EXCEEDED,INVALID
2146,2,23,45,25019,37649,1,FEASIBLE,WORSE
2147,2,23,46,24901,37142,1,FEASIBLE,WORSE
2148,2,23,47,25986,37999,0,CAPACITY_EXCEEDED,INVALID
2149,2,23,48,26012,38002,0,CAPACITY_EXCEEDED,INVALID
2150,2,23,49,24187,37328,1,FEASIBLE,WORSE
2151,2,23,50,24775,37674,1,FEASIBLE,WORSE
2152,2,23,51,24455,37420,1,FEASIBLE,WORSE
2153,2,23,52,25912,38427,0,CAPACITY_EXCEEDED,INVALID
2154,2,23,53,25755,38298,0,CAPACITY_EXCEEDED,INVALID
2155,2,23,54,24297,36957,1,FEASIBLE,WORSE
2156,2,23,55,25641,38151,0,CAPACITY_EXCEEDED,INVALID
2157,2,23,56,25767,38368,0,CAPACITY_EXCEEDED,INVALID
2158,2,23,57,25798,38158,0,CAPACITY_EXCEEDED,INVALID
2159,2,23,58,24843,37322,1,FEASIBLE,WORSE
2160,2,23,59,26035,38232,0,CAPACITY_EXCEEDED,INVALID
2161,2,23,60,26069,38311,0,CAPACITY_EXCEEDED,INVALID
2162,2,23,61,25037,37208,1,FEASIBLE,WORSE
2163,2,23,62,26084,38276,0,CAPACITY_EXCEEDED,INVALID
2164,2,23,63,26074,38514,0,CAPACITY_EXCEEDED,INVALID
2165,2,23,64,24443,37050,1,FEASIBLE,WORSE
2166,2,23,65,25067,37854,1,FEASIBLE,WORSE
2167,2,23,66,26011,38017,0,CAPACITY_EXCEEDED,INVALID
2168,2,23,67,24984,37726,1,FEASIBLE,WORSE
2169,2,23,68,24143,37189,1,FEASIBLE,WORSE
2170,2,23,69,24444,37339,1,FEASIBLE,WORSE
2171,2,23,70,25051,37717,1,FEASIBLE,WORSE
2172,2,23,71,24944,37623,1,FEASIBLE,WORSE
2173,2,23,72,25748,38133,0,CAPACITY_EXCEEDED,INVALID
2174,2,23,73,24542,37495,1,FEASIBLE,WORSE
2175,2,23,74,25859,37998,0,CAPACITY_EXCEEDED,INVALID
2176,2,23,75,24184,37257,1,FEASIBLE,WORSE
2177,2,23,76,24893,37059,1,FEASIBLE,WORSE
2178,2,23,77,25108,37000,1,FEASIBLE,WORSE
2179,2,23,78,24189,37220,1,FEASIBLE,WORSE
2180,2,23,79,25098,36995,1,FEASIBLE,WORSE
2181,2,23,80,25989,37974,0,CAPACITY_EXCEEDED,INVALID
2182,2,23,81,24996,37666,1,FEASIBLE,WORSE
2183,2,23,82,24302,36988,1,FEASIBLE,WORSE
2184,2,23,83,24329,37179,1,FEASIBLE,WORSE
2185,2,23,84,25990,38366,0,CAPACITY_EXCEEDED,INVALID
2186,2,23,85,24561,37011,1,FEASIBLE,WORSE
2187,2,23,86,24233,37334,1,FEASIBLE,WORSE
2188,2,23,87,24910,37137,1,FEASIBLE,WORSE
2189,2,23,88,25784,38249,0,CAPACITY_EXCEEDED,INVALID
2190,2,23,89,25443,38147,1,FEASIBLE,WORSE
2191,2,23,90,26004,38400,0,CAPACITY_EXCEEDED,INVALID
2192,2,23,91,25886,38092,0,CAPACITY_EXCEEDED,INVALID
2193,2,23,92,24640,37573,1,FEASIBLE,WORSE
2194,2,23,93,24585,36993,1,FEASIBLE,WORSE
2195,2,23,94,25085,37623,1,FEASIBLE,WORSE
2196,2,23,95,25077,37945,1,FEASIBLE,WORSE
2197,2,23,96,25707,38000,0,CAPACITY_EXCEEDED,INVALID
2198,2,23,97,25601,38125,0,CAPACITY_EXCEEDED,INVALID
2199,2,23,98,24247,37171,1,FEASIBLE,WORSE
2200,2,23,99,25721,38318,0,CAPACITY_EXCEEDED,INVALID
2201,2,24,25,26175,38016,0,CAPACITY_EXCEEDED,INVALID
2202,2,24,26,24453,37323,1,FEASIBLE,WORSE
2203,2,24,27,24786,37257,1,FEASIBLE,WORSE
2204,2,24,28,25253,37423,1,FEASIBLE,WORSE
2205,2,24,29,25540,38107,1,FEASIBLE,WORSE
2206,2,24,30,25042,37455,1,FEASIBLE,WORSE
2207,2,24,31,25494,38019,1,FEASIBLE,WORSE
2208,2,24,32,25053,36994,1,FEASIBLE,WORSE
2209,2,24,33,24415,37063,1,FEASIBLE,WORSE
2210,2,24,34,25143,37381,1,FEASIBLE,WORSE
2211,2,24,35,25233,37628,1,FEASIBLE,WORSE
2212,2,24,36,24356,37020,1,FEASIBLE,WORSE
2213,2,24,37,24719,37356,1,FEASIBLE,WORSE
2214,2,24,38,24294,37046,1,FEASIBLE,WORSE
2215,2,24,39,24882,37080,1,FEASIBLE,WORSE
2216,2,24,40,26186,38438,0,CAPACITY_EXCEEDED,INVALID
2217,2,24,41,25939,38343,0,CAPACITY_EXCEEDED,INVALID
2218,2,24,42,26076,38528,0,CAPACITY_EXCEEDED,INVALID
2219,2,24,43,26030,38361,0,CAPACITY_EXCEEDED,INVALID
2220,2,24,44,25780,38091,0,CAPACITY_EXCEEDED,INVALID
2221,2,24,45,25192,37623,1,FEASIBLE,WORSE
2222,2,24,46,25074,37116,1,FEASIBLE,WORSE
2223,2,24,47,26159,37973,0,CAPACITY_EXCEEDED,INVALID
2224,2,24,48,26185,37976,0,CAPACITY_EXCEEDED,INVALID
2225,2,24,49,24360,37302,1,FEASIBLE,WORSE
2226,2,24,50,24948,37648,1,FEASIBLE,WORSE
2227,2,24,51,24628,37394,1,FEASIBLE,WORSE
2228,2,24,52,26085,38401,0,CAPACITY_EXCEEDED,INVALID
2229,2,24,53,25928,38272,0,CAPACITY_EXCEEDED,INVALID
2230,2,24,54,24470,36931,1,FEASIBLE,WORSE
2231,2,24,55,25814,38125,0,CAPACITY_EXCEEDED,INVALID
2232,2,24,56,25940,38342,0,CAPACITY_EXCEEDED,INVALID
2233,2,24,57,25971,38132,0,CAPACITY_EXCEEDED,INVALID
2234,2,24,58,25016,37296,1,FEASIBLE,WORSE
2235,2,24,59,26208,38206,0,CAPACITY_EXCEEDED,INVALID
2236,2,24,60,26242,38285,0,CAPACITY_EXCEEDED,INVALID
2237,2,24,61,25210,37182,1,FEASIBLE,WORSE
2238,2,24,62,26257,38250,0,CAPACITY_EXCEEDED,INVALID
2239,2,24,63,26247,38488,0,CAPACITY_EXCEEDED,INVALID
2240,2,24,64,24616,37024,1,FEASIBLE,WORSE
2241,2,24,65,25240,37828,1,FEASIBLE,WORSE
2242,2,24,66,26184,37991,0,CAPACITY_EXCEEDED,INVALID
2243,2,24,67,25157,37700,1,FEASIBLE,WORSE
2244,2,24,68,24316,37163,1,FEASIBLE,WORSE
2245,2,24,69,24617,37313,1,FEASIBLE,WORSE
2246,2,24,70,25224,37691,1,FEASIBLE,WORSE
2247,2,24,71,25117,37597,1,FEASIBLE,WORSE
2248,2,24,72,25921,38107,0,CAPACITY_EXCEEDED,INVALID
2249,2,24,73,24715,37469,1,FEASIBLE,WORSE
2250,2,24,74,26032,37972,0,CAPACITY_EXCEEDED,INVALID
2251,2,24,75,24357,37231,1,FEASIBLE,WORSE
2252,2,24,76,25066,37033,1,FEASIBLE,WORSE
2253,2,24,77,25281,36974,1,FEASIBLE,WORSE
2254,2,24,78,24362,37194,1,FEASIBLE,WORSE
2255,2,24,79,25271,36969,1,FEASIBLE,WORSE
2256,2,24,80,26162,37948,0,CAPACITY_EXCEEDED,INVALID
2257,2,24,81,25169,37640,1,FEASIBLE,WORSE
2258,2,24,82,24475,36962,1,FEASIBLE,WORSE
2259,2,24,83,24502,37153,1,FEASIBLE,WORSE
2260,2,24,84,26163,38340,0,CAPACITY_EXCEEDED,INVALID
2261,2,24,85,24734,36985,1,FEASIBLE,WORSE
2262,2,24,86,24406,37308,1,FEASIBLE,WORSE
2263,2,24,87,25083,37111,1,FEASIBLE,WORSE
2264,2,24,88,25957,38223,0,CAPACITY_EXCEEDED,INVALID
2265,2,24,89,25616,38121,0,CAPACITY_EXCEEDED,INVALID
2266,2,24,90,26177,38374,0,CAPACITY_EXCEEDED,INVALID
2267,2,24,91,26059,38066,0,CAPACITY_EXCEEDED,INVALID
2268,2,24,92,24813,37547,1,FEASIBLE,WORSE
2269,2,24,93,24758,36967,1,FEASIBLE,WORSE
2270,2,24,94,25258,37597,1,FEASIBLE,WORSE
2271,2,24,95,25250,37919,1,FEASIBLE,WORSE
2272,2,24,96,25880,37974,0,CAPACITY_EXCEEDED,INVALID
2273,2,24,97,25774,38099,0,CAPACITY_EXCEEDED,INVALID
2274,2,24,98,24420,37145,1,FEASIBLE,WORSE
2275,2,24,99,25894,38292,0,CAPACITY_EXCEEDED,INVALID
2276,2,25,26,25592,38291,0,CAPACITY_EXCEEDED,INVALID
2277,2,25,27,25925,38225,0,CAPACITY_EXCEEDED,INVALID
2278,2,25,28,26392,38391,0,CAPACITY_EXCEEDED,INVALID
2279,2,25,29,26679,39075,0,CAPACITY_EXCEEDED,INVALID
2280,2,25,30,26181,38423,0,CAPACITY_EXCEEDED,INVALID
2281,2,25,31,26633,38987,0,CAPACITY_EXCEEDED,INVALID
2282,2,25,32,26192,37962,0,CAPACITY_EXCEEDED,INVALID
2283,2,25,33,25554,38031,0,CAPACITY_EXCEEDED,INVALID
2284,2,25,34,26282,38349,0,CAPACITY_EXCEEDED,INVALID
2285,2,25,35,26372,38596,0,CAPACITY_EXCEEDED,INVALID
2286,2,25,36,25495,37988,1,FEASIBLE,WORSE
2287,2,25,37,25858,38324,0,CAPACITY_EXCEEDED,INVALID
2288,2,25,38,25433,38014,1,FEASIBLE,WORSE
2289,2,25,39,26021,38048,0,CAPACITY_EXCEEDED,INVALID
2290,2,25,40,27325,39406,0,CAPACITY_EXCEEDED,INVALID
2291,2,25,41,27078,39311,0,CAPACITY_EXCEEDED,INVALID
2292,2,25,42,27215,39496,0,CAPACITY_EXCEEDED,INVALID
2293,2,25,43,27169,39329,0,CAPACITY_EXCEEDED,INVALID
2294,2,25,44,26919,39059,0,CAPACITY_EXCEEDED,INVALID
2295,2,25,45,26331,38591,0,CAPACITY_EXCEEDED,INVALID
2296,2,25,46,26213,38084,0,CAPACITY_EXCEEDED,INVALID
2297,2,25,47,27298,38941,0,CAPACITY_EXCEEDED,INVALID
2298,2,25,48,27324,38944,0,CAPACITY_EXCEEDED,INVALID
2299,2,25,49,25499,38270,1,FEASIBLE,WORSE
2300,2,25,50,26087,38616,0,CAPACITY_EXCEEDED,INVALID
2301,2,25,51,25767,38362,0,CAPACITY_EXCEEDED,INVALID
2302,2,25,52,27224,39369,0,CAPACITY_EXCEEDED,INVALID
2303,2,25,53,27067,39240,0,CAPACITY_EXCEEDED,INVALID
2304,2,25,54,25609,37899,0,CAPACITY_EXCEEDED,INVALID
2305,2,25,55,26953,39093,0,CAPACITY_EXCEEDED,INVALID
2306,2,25,56,27079,39310,0,CAPACITY_EXCEEDED,INVALID
2307,2,25,57,27110,39100,0,CAPACITY_EXCEEDED,INVALID
2308,2,25,58,26155,38264,0,CAPACITY_EXCEEDED,INVALID
2309,2,25,59,27347,39174,0,CAPACITY_EXCEEDED,INVALID
2310,2,25,60,27381,39253,0,CAPACITY_EXCEEDED,INVALID
2311,2,25,61,26349,38150,0,CAPACITY_EXCEEDED,INVALID
2312,2,25,62,27396,39218,0,CAPACITY_EXCEEDED,INVALID
2313,2,25,63,27386,39456,0,CAPACITY_EXCEEDED,INVALID
2314,2,25,64,25755,37992,0,CAPACITY_EXCEEDED,INVALID
2315,2,25,65,26379,38796,0,CAPACITY_EXCEEDED,INVALID
2316,2,25,66,27323,38959,0,CAPACITY_EXCEEDED,INVALID
2317,2,25,67,26296,38668,0,CAPACITY_EXCEEDED,INVALID
2318,2,25,68,25455,38131,1,FEASIBLE,WORSE
2319,2,25,69,25756,38281,0,CAPACITY_EXCEEDED,INVALID
2320,2,25,70,26363,38659,0,CAPACITY_EXCEEDED,INVALID
2321,2,25,71,26256,38565,0,CAPACITY_EXCEEDED,INVALID
2322,2,25,72,27060,39075,0,CAPACITY_EXCEEDED,INVALID
2323,2,25,73,25854,38437,0,CAPACITY_EXCEEDED,INVALID
2324,2,25,74,27171,38940,0,CAPACITY_EXCEEDED,INVALID
2325,2,25,75,25496,38199,1,FEASIBLE,WORSE
2326,2,25,76,26205,38001,0,CAPACITY_EXCEEDED,INVALID
2327,2,25,77,26420,37942,0,CAPACITY_EXCEEDED,INVALID
2328,2,25,78,25501,38162,1,FEASIBLE,WORSE
2329,2,25,79,26410,37937,0,CAPACITY_EXCEEDED,INVALID
2330,2,25,80,27301,38916,0,CAPACITY_EXCEEDED,INVALID
2331,2,25,81,26308,38608,0,CAPACITY_EXCEEDED,INVALID
2332,2,25,82,25614,37930,0,CAPACITY_EXCEEDED,INVALID
2333,2,25,83,25641,38121,0,CAPACITY_EXCEEDED,INVALID
2334,2,25,84,27302,39308,0,CAPACITY_EXCEEDED,INVALID
2335,2,25,85,25873,37953,0,CAPACITY_EXCEEDED,INVALID
2336,2,25,86,25545,38276,1,FEASIBLE,WORSE
2337,2,25,87,26222,38079,0,CAPACITY_EXCEEDED,INVALID
2338,2,25,88,27096,39191,0,CAPACITY_EXCEEDED,INVALID
2339,2,25,89,26755,39089,0,CAPACITY_EXCEEDED,INVALID
2340,2,25,90,27316,39342,0,CAPACITY_EXCEEDED,INVALID
2341,2,25,91,27198,39034,0,CAPACITY_EXCEEDED,INVALID
2342,2,25,92,25952,38515,0,CAPACITY_EXCEEDED,INVALID
2343,2,25,93,25897,37935,0,CAPACITY_EXCEEDED,INVALID
2344,2,25,94,26397,38565,0,CAPACITY_EXCEEDED,INVALID
2345,2,25,95,26389,38887,0,CAPACITY_EXCEEDED,INVALID
2346,2,25,96,27019,38942,0,CAPACITY_EXCEEDED,INVALID
2347,2,25,97,26913,39067,0,CAPACITY_EXCEEDED,INVALID
2348,2,25,98,25559,38113,0,CAPACITY_EXCEEDED,INVALID
2349,2,25,99,27033,39260,0,CAPACITY_EXCEEDED,INVALID
2350,2,26,27,24203,37532,1,FEASIBLE,WORSE
2351,2,26,28,24670,37698,1,FEASIBLE,WORSE
2352,2,26,29,24957,38382,1,FEASIBLE,WORSE
2353,2,26,30,24459,37730,1,FEASIBLE,WORSE
2354,2,26,31,24911,38294,1,FEASIBLE,WORSE
2355,2,26,32,24470,37269,1,FEASIBLE,WORSE
2356,2,26,33,23832,37338,1,FEASIBLE,WORSE
2357,2,26,34,24560,37656,1,FEASIBLE,WORSE
2358,2,26,35,24650,37903,1,FEASIBLE,WORSE
2359,2,26,36,23773,37295,1,FEASIBLE,WORSE
2360,2,26,37,24136,37631,1,FEASIBLE,WORSE
2361,2,26,38,23711,37321,1,FEASIBLE,WORSE
2362,2,26,39,24299,37355,1,FEASIBLE,WORSE
2363,2,26,40,25603,38713,0,CAPACITY_EXCEEDED,INVALID
2364,2,26,41,25356,38618,1,FEASIBLE,WORSE
2365,2,26,42,25493,38803,1,FEASIBLE,WORSE
2366,2,26,43,25447,38636,1,FEASIBLE,WORSE
2367,2,26,44,25197,38366,1,FEASIBLE,WORSE
2368,2,26,45,24609,37898,1,FEASIBLE,WORSE
2369,2,26,46,24491,37391,1,FEASIBLE,WORSE
2370,2,26,47,25576,38248,0,CAPACITY_EXCEEDED,INVALID
2371,2,26,48,25602,38251,0,CAPACITY_EXCEEDED,INVALID
2372,2,26,49,23777,37577,1,FEASIBLE,WORSE
2373,2,26,50,24365,37923,1,FEASIBLE,WORSE
2374,2,26,51,24045,37669,1,FEASIBLE,WORSE
2375,2,26,52,25502,38676,1,FEASIBLE,WORSE
2376,2,26,53,25345,38547,1,FEASIBLE,WORSE
2377,2,26,54,23887,37206,1,FEASIBLE,WORSE
2378,2,26,55,25231,38400,1,FEASIBLE,WORSE
2379,2,26,56,25357,38617,1,FEASIBLE,WORSE
2380,2,26,57,25388,38407,1,FEASIBLE,WORSE
2381,2,26,58,24433,37571,1,FEASIBLE,WORSE
2382,2,26,59,25625,38481,0,CAPACITY_EXCEEDED,INVALID
2383,2,26,60,25659,38560,0,CAPACITY_EXCEEDED,INVALID
2384,2,26,61,24627,37457,1,FEASIBLE,WORSE
2385,2,26,62,25674,38525,0,CAPACITY_EXCEEDED,INVALID
2386,2,26,63,25664,38763,0,CAPACITY_EXCEEDED,INVALID
2387,2,26,64,24033,37299,1,FEASIBLE,WORSE
2388,2,26,65,24657,38103,1,FEASIBLE,WORSE
2389,2,26,66,25601,38266,0,CAPACITY_EXCEEDED,INVALID
2390,2,26,67,24574,37975,1,FEASIBLE,WORSE
2391,2,26,68,23733,37438,1,FEASIBLE,WORSE
2392,2,26,69,24034,37588,1,FEASIBLE,WORSE
2393,2,26,70,24641,37966,1,FEASIBLE,WORSE
2394,2,26,71,24534,37872,1,FEASIBLE,WORSE
2395,2,26,72,25338,38382,1,FEASIBLE,WORSE
2396,2,26,73,24132,37744,1,FEASIBLE,WORSE
2397,2,26,74,25449,38247,1,FEASIBLE,WORSE
2398,2,26,75,23774,37506,1,FEASIBLE,WORSE
2399,2,26,76,24483,37308,1,FEASIBLE,WORSE
2400,2,26,77,24698,37249,1,FEASIBLE,WORSE
2401,2,26,78,23779,37469,1,FEASIBLE,WORSE
2402,2,26,79,24688,37244,1,FEASIBLE,WORSE
2403,2,26,80,25579,38223,0,CAPACITY_EXCEEDED,INVALID
2404,2,26,81,24586,37915,1,FEASIBLE,WORSE
2405,2,26,82,23892,37237,1,FEASIBLE,WORSE
2406,2,26,83,23919,37428,1,FEASIBLE,WORSE
2407,2,26,84,25580,38615,0,CAPACITY_EXCEEDED,INVALID
2408,2,26,85,24151,37260,1,FEASIBLE,WORSE
2409,2,26,86,23823,37583,1,FEASIBLE,WORSE
2410,2,26,87,24500,37386,1,FEASIBLE,WORSE
2411,2,26,88,25374,38498,1,FEASIBLE,WORSE
2412,2,26,89,25033,38396,1,FEASIBLE,WORSE
2413,2,26,90,25594,38649,0,CAPACITY_EXCEEDED,INVALID
2414,2,26,91,25476,38341,1,FEASIBLE,WORSE
2415,2,26,92,24230,37822,1,FEASIBLE,WORSE
2416,2,26,93,24175,37242,1,FEASIBLE,WORSE
2417,2,26,94,24675,37872,1,FEASIBLE,WORSE
2418,2,26,95,24667,38194,1,FEASIBLE,WORSE
2419,2,26,96,25297,38249,1,FEASIBLE,WORSE
2420,2,26,97,25191,38374,1,FEASIBLE,WORSE
2421,2,26,98,23837,37420,1,FEASIBLE,WORSE
2422,2,26,99,25311,38567,1,FEASIBLE,WORSE
2423,2,27,28,25003,37632,1,FEASIBLE,WORSE
2424,2,27,29,25290,38316,1,FEASIBLE,WORSE
2425,2,27,30,24792,37664,1,FEASIBLE,WORSE
2426,2,27,31,25244,38228,1,FEASIBLE,WORSE
2427,2,27,32,24803,37203,1,FEASIBLE,WORSE
2428,2,27,33,24165,37272,1,FEASIBLE,WORSE
2429,2,27,34,24893,37590,1,FEASIBLE,WORSE
2430,2,27,35,24983,37837,1,FEASIBLE,WORSE
2431,2,27,36,24106,37229,1,FEASIBLE,WORSE
2432,2,27,37,24469,37565,1,FEASIBLE,WORSE
2433,2,27,38,24044,37255,1,FEASIBLE,WORSE
2434,2,27,39,24632,37289,1,FEASIBLE,WORSE
2435,2,27,40,25936,38647,0,CAPACITY_EXCEEDED,INVALID
2436,2,27,41,25689,38552,0,CAPACITY_EXCEEDED,INVALID
2437,2,27,42,25826,38737,0,CAPACITY_EXCEEDED,INVALID
2438,2,27,43,25780,38570,0,CAPACITY_EXCEEDED,INVALID
2439,2,27,44,25530,38300,1,FEASIBLE,WORSE
2440,2,27,45,24942,37832,1,FEASIBLE,WORSE
2441,2,27,46,24824,37325,1,FEASIBLE,WORSE
2442,2,27,47,25909,38182,0,CAPACITY_EXCEEDED,INVALID
2443,2,27,48,25935,38185,0,CAPACITY_EXCEEDED,INVALID
2444,2,27,49,24110,37511,1,FEASIBLE,WORSE
2445,2,27,50,24698,37857,1,FEASIBLE,WORSE
2446,2,27,51,24378,37603,1,FEASIBLE,WORSE
2447,2,27,52,25835,38610,0,CAPACITY_EXCEEDED,INVALID
2448,2,27,53,25678,38481,0,CAPACITY_EXCEEDED,INVALID
2449,2,27,54,24220,37140,1,FEASIBLE,WORSE
2450,2,27,55,25564,38334,0,CAPACITY_EXCEEDED,INVALID
2451,2,27,56,25690,38551,0,CAPACITY_EXCEEDED,INVALID
2452,2,27,57,25721,38341,0,CAPACITY_EXCEEDED,INVALID
2453,2,27,58,24766,37505,1,FEASIBLE,WORSE
2454,2,27,59,25958,38415,0,CAPACITY_EXCEEDED,INVALID
2455,2,27,60,25992,38494,0,CAPACITY_EXCEEDED,INVALID
2456,2,27,61,24960,37391,1,FEASIBLE,WORSE
2457,2,27,62,26007,38459,0,CAPACITY_EXCEEDED,INVALID
2458,2,27,63,25997,38697,0,CAPACITY_EXCEEDED,INVALID
2459,2,27,64,24366,37233,1,FEASIBLE,WORSE
2460,2,27,65,24990,38037,1,FEASIBLE,WORSE
2461,2,27,66,25934,38200,0,CAPACITY_EXCEEDED,INVALID
2462,2,27,67,24907,37909,1,FEASIBLE,WORSE
2463,2,27,68,24066,37372,1,FEASIBLE,WORSE
2464,2,27,69,24367,37522,1,FEASIBLE,WORSE
2465,2,27,70,24974,37900,1,FEASIBLE,WORSE
2466,2,27,71,24867,37806,1,FEASIBLE,WORSE
2467,2,27,72,25671,38316,0,CAPACITY_EXCEEDED,INVALID
2468,2,27,73,24465,37678,1,FEASIBLE,WORSE
2469,2,27,74,25782,38181,0,CAPACITY_EXCEEDED,INVALID
2470,2,27,75,24107,37440,1,FEASIBLE,WORSE
2471,2,27,76,24816,37242,1,FEASIBLE,WORSE
2472,2,27,77,25031,37183,1,FEASIBLE,WORSE
2473,2,27,78,24112,37403,1,FEASIBLE,WORSE
2474,2,27,79,25021,37178,1,FEASIBLE,WORSE
2475,2,27,80,25912,38157,0,CAPACITY_EXCEEDED,INVALID
2476,2,27,81,24919,37849,1,FEASIBLE,WORSE
2477,2,27,82,24225,37171,1,FEASIBLE,WORSE
2478,2,27,83,24252,37362,1,FEASIBLE,WORSE
2479,2,27,84,25913,38549,0,CAPACITY_EXCEEDED,INVALID
2480,2,27,85,24484,37194,1,FEASIBLE,WORSE
2481,2,27,86,24156,37517,1,FEASIBLE,WORSE
2482,2,27,87,24833,37320,1,FEASIBLE,WORSE
2483,2,27,88,25707,38432,0,CAPACITY_EXCEEDED,INVALID
2484,2,27,89,25366,38330,1,FEASIBLE,WORSE
2485,2,27,90,25927,38583,0,CAPACITY_EXCEEDED,INVALID
2486,2,27,91,25809,38275,0,CAPACITY_EXCEEDED,INVALID
2487,2,27,92,24563,37756,1,FEASIBLE,WORSE
2488,2,27,93,24508,37176,1,FEASIBLE,WORSE
2489,2,27,94,25008,37806,1,FEASIBLE,WORSE
2490,2,27,95,25000,38128,1,FEASIBLE,WORSE
2491,2,27,96,25630,38183,0,CAPACITY_EXCEEDED,INVALID
2492,2,27,97,25524,38308,1,FEASIBLE,WORSE
2493,2,27,98,24170,37354,1,FEASIBLE,WORSE
2494,2,27,99,25644,38501,0,CAPACITY_EXCEEDED,INVALID
2495,2,28,29,25757,38482,0,CAPACITY_EXCEEDED,INVALID
2496,2,28,30,25259,37830,1,FEASIBLE,WORSE
2497,2,28,31,25711,38394,0,CAPACITY_EXCEEDED,INVALID
2498,2,28,32,25270,37369,1,FEASIBLE,WORSE
2499,2,28,33,24632,37438,1,FEASIBLE,WORSE
2500,2,28,34,25360,37756,1,FEASIBLE,WORSE
2501,2,28,35,25450,38003,1,FEASIBLE,WORSE
2502,2,28,36,24573,37395,1,FEASIBLE,WORSE
2503,2,28,37,24936,37731,1,FEASIBLE,WORSE
2504,2,28,38,24511,37421,1,FEASIBLE,WORSE
2505,2,28,39,25099,37455,1,FEASIBLE,WORSE
2506,2,28,40,26403,38813,0,CAPACITY_EXCEEDED,INVALID
2507,2,28,41,26156,38718,0,CAPACITY_EXCEEDED,INVALID
2508,2,28,42,26293,38903,0,CAPACITY_EXCEEDED,INVALID
2509,2,28,43,26247,38736,0,CAPACITY_EXCEEDED,INVALID
2510,2,28,44,25997,38466,0,CAPACITY_EXCEEDED,INVALID
2511,2,28,45,25409,37998,1,FEASIBLE,WORSE
2512,2,28,46,25291,37491,1,FEASIBLE,WORSE
2513,2,28,47,26376,38348,0,CAPACITY_EXCEEDED,INVALID
2514,2,28,48,26402,38351,0,CAPACITY_EXCEEDED,INVALID
2515,2,28,49,24577,37677,1,FEASIBLE,WORSE
2516,2,28,50,25165,38023,1,FEASIBLE,WORSE
2517,2,28,51,24845,37769,1,FEASIBLE,WORSE
2518,2,28,52,26302,38776,0,CAPACITY_EXCEEDED,INVALID
2519,2,28,53,26145,38647,0,CAPACITY_EXCEEDED,INVALID
2520,2,28,54,24687,37306,1,FEASIBLE,WORSE
2521,2,28,55,26031,38500,0,CAPACITY_EXCEEDED,INVALID
2522,2,28,56,26157,38717,0,CAPACITY_EXCEEDED,INVALID
2523,2,28,57,26188,38507,0,CAPACITY_EXCEEDED,INVALID
2524,2,28,58,25233,37671,1,FEASIBLE,WORSE
2525,2,28,59,26425,38581,0,CAPACITY_EXCEEDED,INVALID
2526,2,28,60,26459,38660,0,CAPACITY_EXCEEDED,INVALID
2527,2,28,61,25427,37557,1,FEASIBLE,WORSE
2528,2,28,62,26474,38625,0,CAPACITY_EXCEEDED,INVALID
2529,2,28,63,26464,38863,0,CAPACITY_EXCEEDED,INVALID
2530,2,28,64,24833,37399,1,FEASIBLE,WORSE
2531,2,28,65,25457,38203,1,FEASIBLE,WORSE
2532,2,28,66,26401,38366,0,CAPACITY_EXCEEDED,INVALID
2533,2,28,67,25374,38075,1,FEASIBLE,WORSE
2534,2,28,68,24533,37538,1,FEASIBLE,WORSE
2535,2,28,69,24834,37688,1,FEASIBLE,WORSE
2536,2,28,70,25441,38066,1,FEASIBLE,WORSE
2537,2,28,71,25334,37972,1,FEASIBLE,WORSE
2538,2,28,72,26138,38482,0,CAPACITY_EXCEEDED,INVALID
2539,2,28,73,24932,37844,1,FEASIBLE,WORSE
2540,2,28,74,26249,38347,0,CAPACITY_EXCEEDED,INVALID
2541,2,28,75,24574,37606,1,FEASIBLE,WORSE
2542,2,28,76,25283,37408,1,FEASIBLE,WORSE
2543,2,28,77,25498,37349,1,FEASIBLE,WORSE
2544,2,28,78,24579,37569,1,FEASIBLE,WORSE
2545,2,28,79,25488,37344,1,FEASIBLE,WORSE
2546,2,28,80,26379,38323,0,CAPACITY_EXCEEDED,INVALID
2547,2,28,81,25386,38015,1,FEASIBLE,WORSE
2548,2,28,82,24692,37337,1,FEASIBLE,WORSE
2549,2,28,83,24719,37528,1,FEASIBLE,WORSE
2550,2,28,84,26380,38715,0,CAPACITY_EXCEEDED,INVALID
2551,2,28,85,24951,37360,1,FEASIBLE,WORSE
2552,2,28,86,24623,37683,1,FEASIBLE,WORSE
2553,2,28,87,25300,37486,1,FEASIBLE,WORSE
2554,2,28,88,26174,38598,0,CAPACITY_EXCEEDED,INVALID
2555,2,28,89,25833,38496,0,CAPACITY_EXCEEDED,INVALID
2556,2,28,90,26394,38749,0,CAPACITY_EXCEEDED,INVALID
2557,2,28,91,26276,38441,0,CAPACITY_EXCEEDED,INVALID
2558,2,28,92,25030,37922,1,FEASIBLE,WORSE
2559,2,28,93,24975,37342,1,FEASIBLE,WORSE
2560,2,28,94,25475,37972,1,FEASIBLE,WORSE
2561,2,28,95,25467,38294,1,FEASIBLE,WORSE
2562,2,28,96,26097,38349,0,CAPACITY_EXCEEDED,INVALID
2563,2,28,97,25991,38474,0,CAPACITY_EXCEEDED,INVALID
2564,2,28,98,24637,37520,1,FEASIBLE,WORSE
2565,2,28,99,26111,38667,0,CAPACITY_EXCEEDED,INVALID
2566,2,29,30,25546,38514,1,FEASIBLE,WORSE
2567,2,29,31,25998,39078,0,CAPACITY_EXCEEDED,INVALID
2568,2,29,32,25557,38053,0,CAPACITY_EXCEEDED,INVALID
2569,2,29,33,24919,38122,1,FEASIBLE,WORSE
2570,2,29,34,25647,38440,0,CAPACITY_EXCEEDED,INVALID
2571,2,29,35,25737,38687,0,CAPACITY_EXCEEDED,INVALID
2572,2,29,36,24860,38079,1,FEASIBLE,WORSE
2573,2,29,37,25223,38415,1,FEASIBLE,WORSE
2574,2,29,38,24798,38105,1,FEASIBLE,WORSE
2575,2,29,39,25386,38139,1,FEASIBLE,WORSE
2576,2,29,40,26690,39497,0,CAPACITY_EXCEEDED,INVALID
2577,2,29,41,26443,39402,0,CAPACITY_EXCEEDED,INVALID
2578,2,29,42,26580,39587,0,CAPACITY_EXCEEDED,INVALID
2579,2,29,43,26534,39420,0,CAPACITY_EXCEEDED,INVALID
2580,2,29,44,26284,39150,0,CAPACITY_EXCEEDED,INVALID
2581,2,29,45,25696,38682,0,CAPACITY_EXCEEDED,INVALID
2582,2,29,46,25578,38175,0,CAPACITY_EXCEEDED,INVALID
2583,2,29,47,26663,39032,0,CAPACITY_EXCEEDED,INVALID
2584,2,29,48,26689,39035,0,CAPACITY_EXCEEDED,INVALID
2585,2,29,49,24864,38361,1,FEASIBLE,WORSE
2586,2,29,50,25452,38707,1,FEASIBLE,WORSE
2587,2,29,51,25132,38453,1,FEASIBLE,WORSE
2588,2,29,52,26589,39460,0,CAPACITY_EXCEEDED,INVALID
2589,2,29,53,26432,39331,0,CAPACITY_EXCEEDED,INVALID
2590,2,29,54,24974,37990,1,FEASIBLE,WORSE
2591,2,29,55,26318,39184,0,CAPACITY_EXCEEDED,INVALID
2592,2,29,56,26444,39401,0,CAPACITY_EXCEEDED,INVALID
2593,2,29,57,26475,39191,0,CAPACITY_EXCEEDED,INVALID
2594,2,29,58,25520,38355,1,FEASIBLE,WORSE
2595,2,29,59,26712,39265,0,CAPACITY_EXCEEDED,INVALID
2596,2,29,60,26746,39344,0,CAPACITY_EXCEEDED,INVALID
2597,2,29,61,25714,38241,0,CAPACITY_EXCEEDED,INVALID
2598,2,29,62,26761,39309,0,CAPACITY_EXCEEDED,INVALID
2599,2,29,63,26751,39547,0,CAPACITY_EXCEEDED,INVALID
2600,2,29,64,25120,38083,1,FEASIBLE,WORSE
2601,2,29,65,25744,38887,0,CAPACITY_EXCEEDED,INVALID
2602,2,29,66,26688,39050,0,CAPACITY_EXCEEDED,INVALID
2603,2,29,67,25661,38759,0,CAPACITY_EXCEEDED,INVALID
2604,2,29,68,24820,38222,1,FEASIBLE,WORSE
2605,2,29,69,25121,38372,1,FEASIBLE,WORSE
2606,2,29,70,25728,38750,0,CAPACITY_EXCEEDED,INVALID
2607,2,29,71,25621,38656,0,CAPACITY_EXCEEDED,INVALID
2608,2,29,72,26425,39166,0,CAPACITY_EXCEEDED,INVALID
2609,2,29,73,25219,38528,1,FEASIBLE,WORSE
2610,2,29,74,26536,39031,0,CAPACITY_EXCEEDED,INVALID
2611,2,29,75,24861,38290,1,FEASIBLE,WORSE
2612,2,29,76,25570,38092,0,CAPACITY_EXCEEDED,INVALID
2613,2,29,77,25785,38033,0,CAPACITY_EXCEEDED,INVALID
2614,2,29,78,24866,38253,1,FEASIBLE,WORSE
2615,2,29,79,25775,38028,0,CAPACITY_EXCEEDED,INVALID
2616,2,29,80,26666,39007,0,CAPACITY_EXCEEDED,INVALID
2617,2,29,81,25673,38699,0,CAPACITY_EXCEEDED,INVALID
2618,2,29,82,24979,38021,1,FEASIBLE,WORSE
2619,2,29,83,25006,38212,1,FEASIBLE,WORSE
2620,2,29,84,26667,39399,0,CAPACITY_EXCEEDED,INVALID
2621,2,29,85,25238,38044,1,FEASIBLE,WORSE
2622,2,29,86,24910,38367,1,FEASIBLE,WORSE
2623,2,29,87,25587,38170,0,CAPACITY_EXCEEDED,INVALID
2624,2,29,88,26461,39282,0,CAPACITY_EXCEEDED,INVALID
2625,2,29,89,26120,39180,0,CAPACITY_EXCEEDED,INVALID
2626,2,29,90,26681,39433,0,CAPACITY_EXCEEDED,INVALID
2627,2,29,91,26563,39125,0,CAPACITY_EXCEEDED,INVALID
2628,2,29,92,25317,38606,1,FEASIBLE,WORSE
2629,2,29,93,25262,38026,1,FEASIBLE,WORSE
2630,2,29,94,25762,38656,0,CAPACITY_EXCEEDED,INVALID
2631,2,29,95,25754,38978,0,CAPACITY_EXCEEDED,INVALID
2632,2,29,96,26384,39033,0,CAPACITY_EXCEEDED,INVALID
2633,2,29,97,26278,39158,0,CAPACITY_EXCEEDED,INVALID
2634,2,29,98,24924,38204,1,FEASIBLE,WORSE
2635,2,29,99,26398,39351,0,CAPACITY_EXCEEDED,INVALID
2636,2,30,31,25500,38426,1,FEASIBLE,WORSE
2637,2,30,32,25059,37401,1,FEASIBLE,WORSE
2638,2,30,33,24421,37470,1,FEASIBLE,WORSE
2639,2,30,34,25149,37788,1,FEASIBLE,WORSE
2640,2,30,35,25239,38035,1,FEASIBLE,WORSE
2641,2,30,36,24362,37427,1,FEASIBLE,WORSE
2642,2,30,37,24725,37763,1,FEASIBLE,WORSE
2643,2,30,38,24300,37453,1,FEASIBLE,WORSE
2644,2,30,39,24888,37487,1,FEASIBLE,WORSE
2645,2,30,40,26192,38845,0,CAPACITY_EXCEEDED,INVALID
2646,2,30,41,25945,38750,0,CAPACITY_EXCEEDED,INVALID
2647,2,30,42,26082,38935,0,CAPACITY_EXCEEDED,INVALID
2648,2,30,43,26036,38768,0,CAPACITY_EXCEEDED,INVALID
2649,2,30,44,25786,38498,0,CAPACITY_EXCEEDED,INVALID
2650,2,30,45,25198,38030,1,FEASIBLE,WORSE
2651,2,30,46,25080,37523,1,FEASIBLE,WORSE
2652,2,30,47,26165,38380,0,CAPACITY_EXCEEDED,INVALID
2653,2,30,48,26191,38383,0,CAPACITY_EXCEEDED,INVALID
2654,2,30,49,24366,37709,1,FEASIBLE,WORSE
2655,2,30,50,24954,38055,1,FEASIBLE,WORSE
2656,2,30,51,24634,37801,1,FEASIBLE,WORSE
2657,2,30,52,26091,38808,0,CAPACITY_EXCEEDED,INVALID
2658,2,30,53,25934,38679,0,CAPACITY_EXCEEDED,INVALID
2659,2,30,54,24476,37338,1,FEASIBLE,WORSE
2660,2,30,55,25820,38532,0,CAPACITY_EXCEEDED,INVALID
2661,2,30,56,25946,38749,0,CAPACITY_EXCEEDED,INVALID
2662,2,30,57,25977,38539,0,CAPACITY_EXCEEDED,INVALID
2663,2,30,58,25022,37703,1,FEASIBLE,WORSE
2664,2,30,59,26214,38613,0,CAPACITY_EXCEEDED,INVALID
2665,2,30,60,26248,38692,0,CAPACITY_EXCEEDED,INVALID
2666,2,30,61,25216,37589,1,FEASIBLE,WORSE
2667,2,30,62,26263,38657,0,CAPACITY_EXCEEDED,INVALID
2668,2,30,63,26253,38895,0,CAPACITY_EXCEEDED,INVALID
2669,2,30,64,24622,37431,1,FEASIBLE,WORSE
2670,2,30,65,25246,38235,1,FEASIBLE,WORSE
2671,2,30,66,26190,38398,0,CAPACITY_EXCEEDED,INVALID
2672,2,30,67,25163,38107,1,FEASIBLE,WORSE
2673,2,30,68,24322,37570,1,FEASIBLE,WORSE
2674,2,30,69,24623,37720,1,FEASIBLE,WORSE
2675,2,30,70,25230,38098,1,FEASIBLE,WORSE
2676,2,30,71,25123,38004,1,FEASIBLE,WORSE
2677,2,30,72,25927,38514,0,CAPACITY_EXCEEDED,INVALID
2678,2,30,73,24721,37876,1,FEASIBLE,WORSE
2679,2,30,74,26038,38379,0,CAPACITY_EXCEEDED,INVALID
2680,2,30,75,24363,37638,1,FEASIBLE,WORSE
2681,2,30,76,25072,37440,1,FEASIBLE,WORSE
2682,2,30,77,25287,37381,1,FEASIBLE,WORSE
2683,2,30,78,24368,37601,1,FEASIBLE,WORSE
2684,2,30,79,25277,37376,1,FEASIBLE,WORSE
2685,2,30,80,26168,38355,0,CAPACITY_EXCEEDED,INVALID
2686,2,30,81,25175,38047,1,FEASIBLE,WORSE
2687,2,30,82,24481,37369,1,FEASIBLE,WORSE
2688,2,30,83,24508,37560,1,FEASIBLE,WORSE
2689,2,30,84,26169,38747,0,CAPACITY_EXCEEDED,INVALID
2690,2,30,85,24740,37392,1,FEASIBLE,WORSE
2691,2,30,86,24412,37715,1,FEASIBLE,WORSE
2692,2,30,87,25089,37518,1,FEASIBLE,WORSE
2693,2,30,88,25963,38630,0,CAPACITY_EXCEEDED,INVALID
2694,2,30,89,25622,38528,0,CAPACITY_EXCEEDED,INVALID
2695,2,30,90,26183,38781,0,CAPACITY_EXCEEDED,INVALID
2696,2,30,91,26065,38473,0,CAPACITY_EXCEEDED,INVALID
2697,2,30,92,24819,37954,1,FEASIBLE,WORSE
2698,2,30,93,24764,37374,1,FEASIBLE,WORSE
2699,2,30,94,25264,38004,1,FEASIBLE,WORSE
2700,2,30,95,25256,38326,1,FEASIBLE,WORSE
2701,2,30,96,25886,38381,0,CAPACITY_EXCEEDED,INVALID
2702,2,30,97,25780,38506,0,CAPACITY_EXCEEDED,INVALID
2703,2,30,98,24426,37552,1,FEASIBLE,WORSE
2704,2,30,99,25900,38699,0,CAPACITY_EXCEEDED,INVALID
2705,2,31,32,25511,37965,1,FEASIBLE,WORSE
2706,2,31,33,24873,38034,1,FEASIBLE,WORSE
2707,2,31,34,25601,38352,0,CAPACITY_EXCEEDED,INVALID
2708,2,31,35,25691,38599,0,CAPACITY_EXCEEDED,INVALID
2709,2,31,36,24814,37991,1,FEASIBLE,WORSE
2710,2,31,37,25177,38327,1,FEASIBLE,WORSE
2711,2,31,38,24752,38017,1,FEASIBLE,WORSE
2712,2,31,39,25340,38051,1,FEASIBLE,WORSE
2713,2,31,40,26644,39409,0,CAPACITY_EXCEEDED,INVALID
2714,2,31,41,26397,39314,0,CAPACITY_EXCEEDED,INVALID
2715,2,31,42,26534,39499,0,CAPACITY_EXCEEDED,INVALID
2716,2,31,43,26488,39332,0,CAPACITY_EXCEEDED,INVALID
2717,2,31,44,26238,39062,0,CAPACITY_EXCEEDED,INVALID
2718,2,31,45,25650,38594,0,CAPACITY_EXCEEDED,INVALID
2719,2,31,46,25532,38087,1,FEASIBLE,WORSE
2720,2,31,47,26617,38944,0,CAPACITY_EXCEEDED,INVALID
2721,2,31,48,26643,38947,0,CAPACITY_EXCEEDED,INVALID
2722,2,31,49,24818,38273,1,FEASIBLE,WORSE
2723,2,31,50,25406,38619,1,FEASIBLE,WORSE
2724,2,31,51,25086,38365,1,FEASIBLE,WORSE
2725,2,31,52,26543,39372,0,CAPACITY_EXCEEDED,INVALID
2726,2,31,53,26386,39243,0,CAPACITY_EXCEEDED,INVALID
2727,2,31,54,24928,37902,1,FEASIBLE,WORSE
2728,2,31,55,26272,39096,0,CAPACITY_EXCEEDED,INVALID
2729,2,31,56,26398,39313,0,CAPACITY_EXCEEDED,INVALID
2730,2,31,57,26429,39103,0,CAPACITY_EXCEEDED,INVALID
2731,2,31,58,25474,38267,1,FEASIBLE,WORSE
2732,2,31,59,26666,39177,0,CAPACITY_EXCEEDED,INVALID
2733,2,31,60,26700,39256,0,CAPACITY_EXCEEDED,INVALID
2734,2,31,61,25668,38153,0,CAPACITY_EXCEEDED,INVALID
2735,2,31,62,26715,39221,0,CAPACITY_EXCEEDED,INVALID
2736,2,31,63,26705,39459,0,CAPACITY_EXCEEDED,INVALID
2737,2,31,64,25074,37995,1,FEASIBLE,WORSE
2738,2,31,65,25698,38799,0,CAPACITY_EXCEEDED,INVALID
2739,2,31,66,26642,38962,0,CAPACITY_EXCEEDED,INVALID
2740,2,31,67,25615,38671,0,CAPACITY_EXCEEDED,INVALID
2741,2,31,68,24774,38134,1,FEASIBLE,WORSE
2742,2,31,69,25075,38284,1,FEASIBLE,WORSE
2743,2,31,70,25682,38662,0,CAPACITY_EXCEEDED,INVALID
2744,2,31,71,25575,38568,0,CAPACITY_EXCEEDED,INVALID
2745,2,31,72,26379,39078,0,CAPACITY_EXCEEDED,INVALID
2746,2,31,73,25173,38440,1,FEASIBLE,WORSE
2747,2,31,74,26490,38943,0,CAPACITY_EXCEEDED,INVALID
2748,2,31,75,24815,38202,1,FEASIBLE,WORSE
2749,2,31,76,25524,38004,1,FEASIBLE,WORSE
2750,2,31,77,25739,37945,0,CAPACITY_EXCEEDED,INVALID
2751,2,31,78,24820,38165,1,FEASIBLE,WORSE
2752,2,31,79,25729,37940,0,CAPACITY_EXCEEDED,INVALID
2753,2,31,80,26620,38919,0,CAPACITY_EXCEEDED,INVALID
2754,2,31,81,25627,38611,0,CAPACITY_EXCEEDED,INVALID
2755,2,31,82,24933,37933,1,FEASIBLE,WORSE
2756,2,31,83,24960,38124,1,FEASIBLE,WORSE
2757,2,31,84,26621,39311,0,CAPACITY_EXCEEDED,INVALID
2758,2,31,85,25192,37956,1,FEASIBLE,WORSE
2759,2,31,86,24864,38279,1,FEASIBLE,WORSE
2760,2,31,87,25541,38082,1,FEASIBLE,WORSE
2761,2,31,88,26415,39194,0,CAPACITY_EXCEEDED,INVALID
2762,2,31,89,26074,39092,0,CAPACITY_EXCEEDED,INVALID
2763,2,31,90,26635,39345,0,CAPACITY_EXCEEDED,INVALID
2764,2,31,91,26517,39037,0,CAPACITY_EXCEEDED,INVALID
2765,2,31,92,25271,38518,1,FEASIBLE,WORSE
2766,2,31,93,25216,37938,1,FEASIBLE,WORSE
2767,2,31,94,25716,38568,0,CAPACITY_EXCEEDED,INVALID
2768,2,31,95,25708,38890,0,CAPACITY_EXCEEDED,INVALID
2769,2,31,96,26338,38945,0,CAPACITY_EXCEEDED,INVALID
2770,2,31,97,26232,39070,0,CAPACITY_EXCEEDED,INVALID
2771,2,31,98,24878,38116,1,FEASIBLE,WORSE
2772,2,31,99,26352,39263,0,CAPACITY_EXCEEDED,INVALID
2773,2,32,33,24432,37009,1,FEASIBLE,WORSE
2774,2,32,34,25160,37327,1,FEASIBLE,WORSE
2775,2,32,35,25250,37574,1,FEASIBLE,WORSE
2776,2,32,36,24373,36966,1,FEASIBLE,WORSE
2777,2,32,37,24736,37302,1,FEASIBLE,WORSE
2778,2,32,38,24311,36992,1,FEASIBLE,WORSE
2779,2,32,39,24899,37026,1,FEASIBLE,WORSE
2780,2,32,40,26203,38384,0,CAPACITY_EXCEEDED,INVALID
2781,2,32,41,25956,38289,0,CAPACITY_EXCEEDED,INVALID
2782,2,32,42,26093,38474,0,CAPACITY_EXCEEDED,INVALID
2783,2,32,43,26047,38307,0,CAPACITY_EXCEEDED,INVALID
2784,2,32,44,25797,38037,0,CAPACITY_EXCEEDED,INVALID
2785,2,32,45,25209,37569,1,FEASIBLE,WORSE
2786,2,32,46,25091,37062,1,FEASIBLE,WORSE
2787,2,32,47,26176,37919,0,CAPACITY_EXCEEDED,INVALID
2788,2,32,48,26202,37922,0,CAPACITY_EXCEEDED,INVALID
2789,2,32,49,24377,37248,1,FEASIBLE,WORSE
2790,2,32,50,24965,37594,1,FEASIBLE,WORSE
2791,2,32,51,24645,37340,1,FEASIBLE,WORSE
2792,2,32,52,26102,38347,0,CAPACITY_EXCEEDED,INVALID
2793,2,32,53,25945,38218,0,CAPACITY_EXCEEDED,INVALID
2794,2,32,54,24487,36877,1,FEASIBLE,WORSE
2795,2,32,55,25831,38071,0,CAPACITY_EXCEEDED,INVALID
2796,2,32,56,25957,38288,0,CAPACITY_EXCEEDED,INVALID
2797,2,32,57,25988,38078,0,CAPACITY_EXCEEDED,INVALID
2798,2,32,58,25033,37242,1,FEASIBLE,WORSE
2799,2,32,59,26225,38152,0,CAPACITY_EXCEEDED,INVALID
2800,2,32,60,26259,38231,0,CAPACITY_EXCEEDED,INVALID
2801,2,32,61,25227,37128,1,FEASIBLE,WORSE
2802,2,32,62,26274,38196,0,CAPACITY_EXCEEDED,INVALID
2803,2,32,63,26264,38434,0,CAPACITY_EXCEEDED,INVALID
2804,2,32,64,24633,36970,1,FEASIBLE,WORSE
2805,2,32,65,25257,37774,1,FEASIBLE,WORSE
2806,2,32,66,26201,37937,0,CAPACITY_EXCEEDED,INVALID
2807,2,32,67,25174,37646,1,FEASIBLE,WORSE
2808,2,32,68,24333,37109,1,FEASIBLE,WORSE
2809,2,32,69,24634,37259,1,FEASIBLE,WORSE
2810,2,32,70,25241,37637,1,FEASIBLE,WORSE
2811,2,32,71,25134,37543,1,FEASIBLE,WORSE
2812,2,32,72,25938,38053,0,CAPACITY_EXCEEDED,INVALID
2813,2,32,73,24732,37415,1,FEASIBLE,WORSE
2814,2,32,74,26049,37918,0,CAPACITY_EXCEEDED,INVALID
2815,2,32,75,24374,37177,1,FEASIBLE,WORSE
2816,2,32,76,25083,36979,1,FEASIBLE,WORSE
2817,2,32,77,25298,36920,1,FEASIBLE,WORSE
2818,2,32,78,24379,37140,1,FEASIBLE,WORSE
2819,2,32,79,25288,36915,1,FEASIBLE,WORSE
2820,2,32,80,26179,37894,0,CAPACITY_EXCEEDED,INVALID
2821,2,32,81,25186,37586,1,FEASIBLE,WORSE
2822,2,32,82,24492,36908,1,FEASIBLE,WORSE
2823,2,32,83,24519,37099,1,FEASIBLE,WORSE
2824,2,32,84,26180,38286,0,CAPACITY_EXCEEDED,INVALID
2825,2,32,85,24751,36931,1,FEASIBLE,WORSE
2826,2,32,86,24423,37254,1,FEASIBLE,WORSE
2827,2,32,87,25100,37057,1,FEASIBLE,WORSE
2828,2,32,88,25974,38169,0,CAPACITY_EXCEEDED,INVALID
2829,2,32,89,25633,38067,0,CAPACITY_EXCEEDED,INVALID
2830,2,32,90,26194,38320,0,CAPACITY_EXCEEDED,INVALID
2831,2,32,91,26076,38012,0,CAPACITY_EXCEEDED,INVALID
2832,2,32,92,24830,37493,1,FEASIBLE,WORSE
2833,2,32,93,24775,36913,1,FEASIBLE,WORSE
2834,2,32,94,25275,37543,1,FEASIBLE,WORSE
2835,2,32,95,25267,37865,1,FEASIBLE,WORSE
2836,2,32,96,25897,37920,0,CAPACITY_EXCEEDED,INVALID
2837,2,32,97,25791,38045,0,CAPACITY_EXCEEDED,INVALID
2838,2,32,98,24437,37091,1,FEASIBLE,WORSE
2839,2,32,99,25911,38238,0,CAPACITY_EXCEEDED,INVALID
2840,2,33,34,24522,37396,1,FEASIBLE,WORSE
2841,2,33,35,24612,37643,1,FEASIBLE,WORSE
2842,2,33,36,23735,37035,1,FEASIBLE,WORSE
2843,2,33,37,24098,37371,1,FEASIBLE,WORSE
2844,2,33,38,23673,37061,1,FEASIBLE,WORSE
2845,2,33,39,24261,37095,1,FEASIBLE,WORSE
2846,2,33,40,25565,38453,0,CAPACITY_EXCEEDED,INVALID
2847,2,33,41,25318,38358,1,FEASIBLE,WORSE
2848,2,33,42,25455,38543,1,FEASIBLE,WORSE
2849,2,33,43,25409,38376,1,FEASIBLE,WORSE
2850,2,33,44,25159,38106,1,FEASIBLE,WORSE
2851,2,33,45,24571,37638,1,FEASIBLE,WORSE
2852,2,33,46,24453,37131,1,FEASIBLE,WORSE
2853,2,33,47,25538,37988,1,FEASIBLE,WORSE
2854,2,33,48,25564,37991,0,CAPACITY_EXCEEDED,INVALID
2855,2,33,49,23739,37317,1,FEASIBLE,WORSE
2856,2,33,50,24327,37663,1,FEASIBLE,WORSE
2857,2,33,51,24007,37409,1,FEASIBLE,WORSE
2858,2,33,52,25464,38416,1,FEASIBLE,WORSE
2859,2,33,53,25307,38287,1,FEASIBLE,WORSE
2860,2,33,54,23849,36946,1,FEASIBLE,WORSE
2861,2,33,55,25193,38140,1,FEASIBLE,WORSE
2862,2,33,56,25319,38357,1,FEASIBLE,WORSE
2863,2,33,57,25350,38147,1,FEASIBLE,WORSE
2864,2,33,58,24395,37311,1,FEASIBLE,WORSE
2865,2,33,59,25587,38221,0,CAPACITY_EXCEEDED,INVALID
2866,2,33,60,25621,38300,0,CAPACITY_EXCEEDED,INVALID
2867,2,33,61,24589,37197,1,FEASIBLE,WORSE
2868,2,33,62,25636,38265,0,CAPACITY_EXCEEDED,INVALID
2869,2,33,63,25626,38503,0,CAPACITY_EXCEEDED,INVALID
2870,2,33,64,23995,37039,1,FEASIBLE,WORSE
2871,2,33,65,24619,37843,1,FEASIBLE,WORSE
2872,2,33,66,25563,38006,0,CAPACITY_EXCEEDED,INVALID
2873,2,33,67,24536,37715,1,FEASIBLE,WORSE
2874,2,33,68,23695,37178,1,FEASIBLE,WORSE
2875,2,33,69,23996,37328,1,FEASIBLE,WORSE
2876,2,33,70,24603,37706,1,FEASIBLE,WORSE
2877,2,33,71,24496,37612,1,FEASIBLE,WORSE
2878,2,33,72,25300,38122,1,FEASIBLE,WORSE
2879,2,33,73,24094,37484,1,FEASIBLE,WORSE
2880,2,33,74,25411,37987,1,FEASIBLE,WORSE
2881,2,33,75,23736,37246,1,FEASIBLE,WORSE
2882,2,33,76,24445,37048,1,FEASIBLE,WORSE
2883,2,33,77,24660,36989,1,FEASIBLE,WORSE
2884,2,33,78,23741,37209,1,FEASIBLE,WORSE
2885,2,33,79,24650,36984,1,FEASIBLE,WORSE
2886,2,33,80,25541,37963,1,FEASIBLE,WORSE
2887,2,33,81,24548,37655,1,FEASIBLE,WORSE
2888,2,33,82,23854,36977,1,FEASIBLE,WORSE
2889,2,33,83,23881,37168,1,FEASIBLE,WORSE
2890,2,33,84,25542,38355,1,FEASIBLE,WORSE
2891,2,33,85,24113,37000,1,FEASIBLE,WORSE
2892,2,33,86,23785,37323,1,FEASIBLE,WORSE
2893,2,33,87,24462,37126,1,FEASIBLE,WORSE
2894,2,33,88,25336,38238,1,FEASIBLE,WORSE
2895,2,33,89,24995,38136,1,FEASIBLE,WORSE
2896,2,33,90,25556,38389,0,CAPACITY_EXCEEDED,INVALID
2897,2,33,91,25438,38081,1,FEASIBLE,WORSE
2898,2,33,92,24192,37562,1,FEASIBLE,WORSE
2899,2,33,93,24137,36982,1,FEASIBLE,WORSE
2900,2,33,94,24637,37612,1,FEASIBLE,WORSE
2901,2,33,95,24629,37934,1,FEASIBLE,WORSE
2902,2,33,96,25259,37989,1,FEASIBLE,WORSE
2903,2,33,97,25153,38114,1,FEASIBLE,WORSE
2904,2,33,98,23799,37160,1,FEASIBLE,WORSE
2905,2,33,99,25273,38307,1,FEASIBLE,WORSE
2906,2,34,35,25340,37961,1,FEASIBLE,WORSE
2907,2,34,36,24463,37353,1,FEASIBLE,WORSE
2908,2,34,37,24826,37689,1,FEASIBLE,WORSE
2909,2,34,38,24401,37379,1,FEASIBLE,WORSE
2910,2,34,39,24989,37413,1,FEASIBLE,WORSE
2911,2,34,40,26293,38771,0,CAPACITY_EXCEEDED,INVALID
2912,2,34,41,26046,38676,0,CAPACITY_EXCEEDED,INVALID
2913,2,34,42,26183,38861,0,CAPACITY_EXCEEDED,INVALID
2914,2,34,43,26137,38694,0,CAPACITY_EXCEEDED,INVALID
2915,2,34,44,25887,38424,0,CAPACITY_EXCEEDED,INVALID
2916,2,34,45,25299,37956,1,FEASIBLE,WORSE
2917,2,34,46,25181,37449,1,FEASIBLE,WORSE
2918,2,34,47,26266,38306,0,CAPACITY_EXCEEDED,INVALID
2919,2,34,48,26292,38309,0,CAPACITY_EXCEEDED,INVALID
2920,2,34,49,24467,37635,1,FEASIBLE,WORSE
2921,2,34,50,25055,37981,1,FEASIBLE,WORSE
2922,2,34,51,24735,37727,1,FEASIBLE,WORSE
2923,2,34,52,26192,38734,0,CAPACITY_EXCEEDED,INVALID
2924,2,34,53,26035,38605,0,CAPACITY_EXCEEDED,INVALID
2925,2,34,54,24577,37264,1,FEASIBLE,WORSE
2926,2,34,55,25921,38458,0,CAPACITY_EXCEEDED,INVALID
2927,2,34,56,26047,38675,0,CAPACITY_EXCEEDED,INVALID
2928,2,34,57,26078,38465,0,CAPACITY_EXCEEDED,INVALID
2929,2,34,58,25123,37629,1,FEASIBLE,WORSE
2930,2,34,59,26315,38539,0,CAPACITY_EXCEEDED,INVALID
2931,2,34,60,26349,38618,0,CAPACITY_EXCEEDED,INVALID
2932,2,34,61,25317,37515,1,FEASIBLE,WORSE
2933,2,34,62,26364,38583,0,CAPACITY_EXCEEDED,INVALID
2934,2,34,63,26354,38821,0,CAPACITY_EXCEEDED,INVALID
2935,2,34,64,24723,37357,1,FEASIBLE,WORSE
2936,2,34,65,25347,38161,1,FEASIBLE,WORSE
2937,2,34,66,26291,38324,0,CAPACITY_EXCEEDED,INVALID
2938,2,34,67,25264,38033,1,FEASIBLE,WORSE
2939,2,34,68,24423,37496,1,FEASIBLE,WORSE
2940,2,34,69,24724,37646,1,FEASIBLE,WORSE
2941,2,34,70,25331,38024,1,FEASIBLE,WORSE
2942,2,34,71,25224,37930,1,FEASIBLE,WORSE
2943,2,34,72,26028,38440,0,CAPACITY_EXCEEDED,INVALID
2944,2,34,73,24822,37802,1,FEASIBLE,WORSE
2945,2,34,74,26139,38305,0,CAPACITY_EXCEEDED,INVALID
2946,2,34,75,24464,37564,1,FEASIBLE,WORSE
2947,2,34,76,25173,37366,1,FEASIBLE,WORSE
2948,2,34,77,25388,37307,1,FEASIBLE,WORSE
2949,2,34,78,24469,37527,1,FEASIBLE,WORSE
2950,2,34,79,25378,37302,1,FEASIBLE,WORSE
2951,2,34,80,26269,38281,0,CAPACITY_EXCEEDED,INVALID
2952,2,34,81,25276,37973,1,FEASIBLE,WORSE
2953,2,34,82,24582,37295,1,FEASIBLE,WORSE
2954,2,34,83,24609,37486,1,FEASIBLE,WORSE
2955,2,34,84,26270,38673,0,CAPACITY_EXCEEDED,INVALID
2956,2,34,85,24841,37318,1,FEASIBLE,WORSE
2957,2,34,86,24513,37641,1,FEASIBLE,WORSE
2958,2,34,87,25190,37444,1,FEASIBLE,WORSE
2959,2,34,88,26064,38556,0,CAPACITY_EXCEEDED,INVALID
2960,2,34,89,25723,38454,0,CAPACITY_EXCEEDED,INVALID
2961,2,34,90,26284,38707,0,CAPACITY_EXCEEDED,INVALID
2962,2,34,91,26166,38399,0,CAPACITY_EXCEEDED,INVALID
2963,2,34,92,24920,37880,1,FEASIBLE,WORSE
2964,2,34,93,24865,37300,1,FEASIBLE,WORSE
2965,2,34,94,25365,37930,1,FEASIBLE,WORSE
2966,2,34,95,25357,38252,1,FEASIBLE,WORSE
2967,2,34,96,25987,38307,0,CAPACITY_EXCEEDED,INVALID
2968,2,34,97,25881,38432,0,CAPACITY_EXCEEDED,INVALID
2969,2,34,98,24527,37478,1,FEASIBLE,WORSE
2970,2,34,99,26001,38625,0,CAPACITY_EXCEEDED,INVALID
2971,2,35,36,24553,37600,1,FEASIBLE,WORSE
2972,2,35,37,24916,37936,1,FEASIBLE,WORSE
2973,2,35,38,24491,37626,1,FEASIBLE,WORSE
2974,2,35,39,25079,37660,1,FEASIBLE,WORSE
2975,2,35,40,26383,39018,0,CAPACITY_EXCEEDED,INVALID
2976,2,35,41,26136,38923,0,CAPACITY_EXCEEDED,INVALID
2977,2,35,42,26273,39108,0,CAPACITY_EXCEEDED,INVALID
2978,2,35,43,26227,38941,0,CAPACITY_EXCEEDED,INVALID
2979,2,35,44,25977,38671,0,CAPACITY_EXCEEDED,INVALID
2980,2,35,45,25389,38203,1,FEASIBLE,WORSE
2981,2,35,46,25271,37696,1,FEASIBLE,WORSE
2982,2,35,47,26356,38553,0,CAPACITY_EXCEEDED,INVALID
2983,2,35,48,26382,38556,0,CAPACITY_EXCEEDED,INVALID
2984,2,35,49,24557,37882,1,FEASIBLE,WORSE
2985,2,35,50,25145,38228,1,FEASIBLE,WORSE
2986,2,35,51,24825,37974,1,FEASIBLE,WORSE
2987,2,35,52,26282,38981,0,CAPACITY_EXCEEDED,INVALID
2988,2,35,53,26125,38852,0,CAPACITY_EXCEEDED,INVALID
2989,2,35,54,24667,37511,1,FEASIBLE,WORSE
2990,2,35,55,26011,38705,0,CAPACITY_EXCEEDED,INVALID
2991,2,35,56,26137,38922,0,CAPACITY_EXCEEDED,INVALID
2992,2,35,57,26168,38712,0,CAPACITY_EXCEEDED,INVALID
2993,2,35,58,25213,37876,1,FEASIBLE,WORSE
2994,2,35,59,26405,38786,0,CAPACITY_EXCEEDED,INVALID
2995,2,35,60,26439,38865,0,CAPACITY_EXCEEDED,INVALID
2996,2,35,61,25407,37762,1,FEASIBLE,WORSE
2997,2,35,62,26454,38830,0,CAPACITY_EXCEEDED,INVALID
2998,2,35,63,26444,39068,0,CAPACITY_EXCEEDED,INVALID
2999,2,35,64,24813,37604,1,FEASIBLE,WORSE
3000,2,35,65,25437,38408,1,FEASIBLE,WORSE
3001,2,35,66,26381,38571,0,CAPACITY_EXCEEDED,INVALID
3002,2,35,67,25354,38280,1,FEASIBLE,WORSE
3003,2,35,68,24513,37743,1,FEASIBLE,WORSE
3004,2,35,69,24814,37893,1,FEASIBLE,WORSE
3005,2,35,70,25421,38271,1,FEASIBLE,WORSE
3006,2,35,71,25314,38177,1,FEASIBLE,WORSE
3007,2,35,72,26118,38687,0,CAPACITY_EXCEEDED,INVALID
3008,2,35,73,24912,38049,1,FEASIBLE,WORSE
3009,2,35,74,26229,38552,0,CAPACITY_EXCEEDED,INVALID
3010,2,35,75,24554,37811,1,FEASIBLE,WORSE
3011,2,35,76,25263,37613,1,FEASIBLE,WORSE
3012,2,35,77,25478,37554,1,FEASIBLE,WORSE
3013,2,35,78,24559,37774,1,FEASIBLE,WORSE
3014,2,35,79,25468,37549,1,FEASIBLE,WORSE
3015,2,35,80,26359,38528,0,CAPACITY_EXCEEDED,INVALID
3016,2,35,81,25366,38220,1,FEASIBLE,WORSE
3017,2,35,82,24672,37542,1,FEASIBLE,WORSE
3018,2,35,83,24699,37733,1,FEASIBLE,WORSE
3019,2,35,84,26360,38920,0,CAPACITY_EXCEEDED,INVALID
3020,2,35,85,24931,37565,1,FEASIBLE,WORSE
3021,2,35,86,24603,37888,1,FEASIBLE,WORSE
3022,2,35,87,25280,37691,1,FEASIBLE,WORSE
3023,2,35,88,26154,38803,0,CAPACITY_EXCEEDED,INVALID
3024,2,35,89,25813,38701,0,CAPACITY_EXCEEDED,INVALID
3025,2,35,90,26374,38954,0,CAPACITY_EXCEEDED,INVALID
3026,2,35,91,26256,38646,0,CAPACITY_EXCEEDED,INVALID
3027,2,35,92,25010,38127,1,FEASIBLE,WORSE
3028,2,35,93,24955,37547,1,FEASIBLE,WORSE
3029,2,35,94,25455,38177,1,FEASIBLE,WORSE
3030,2,35,95,25447,38499,1,FEASIBLE,WORSE
3031,2,35,96,26077,38554,0,CAPACITY_EXCEEDED,INVALID
3032,2,35,97,25971,38679,0,CAPACITY_EXCEEDED,INVALID
3033,2,35,98,24617,37725,1,FEASIBLE,WORSE
3034,2,35,99,26091,38872,0,CAPACITY_EXCEEDED,INVALID
3035,2,36,37,24039,37328,1,FEASIBLE,WORSE
3036,2,36,38,23614,37018,1,FEASIBLE,WORSE
3037,2,36,39,24202,37052,1,FEASIBLE,WORSE
3038,2,36,40,25506,38410,1,FEASIBLE,WORSE
3039,2,36,41,25259,38315,1,FEASIBLE,WORSE
3040,2,36,42,25396,38500,1,FEASIBLE,WORSE
3041,2,36,43,25350,38333,1,FEASIBLE,WORSE
3042,2,36,44,25100,38063,1,FEASIBLE,WORSE
3043,2,36,45,24512,37595,1,FEASIBLE,WORSE
3044,2,36,46,24394,37088,1,FEASIBLE,WORSE
3045,2,36,47,25479,37945,1,FEASIBLE,WORSE
3046,2,36,48,25505,37948,1,FEASIBLE,WORSE
3047,2,36,49,23680,37274,1,FEASIBLE,WORSE
3048,2,36,50,24268,37620,1,FEASIBLE,WORSE
3049,2,36,51,23948,37366,1,FEASIBLE,WORSE
3050,2,36,52,25405,38373,1,FEASIBLE,WORSE
3051,2,36,53,25248,38244,1,FEASIBLE,WORSE
3052,2,36,54,23790,36903,1,FEASIBLE,WORSE
3053,2,36,55,25134,38097,1,FEASIBLE,WORSE
3054,2,36,56,25260,38314,1,FEASIBLE,WORSE
3055,2,36,57,25291,38104,1,FEASIBLE,WORSE
3056,2,36,58,24336,37268,1,FEASIBLE,WORSE
3057,2,36,59,25528,38178,1,FEASIBLE,WORSE
3058,2,36,60,25562,38257,0,CAPACITY_EXCEEDED,INVALID
3059,2,36,61,24530,37154,1,FEASIBLE,WORSE
3060,2,36,62,25577,38222,0,CAPACITY_EXCEEDED,INVALID
3061,2,36,63,25567,38460,0,CAPACITY_EXCEEDED,INVALID
3062,2,36,64,23936,36996,1,FEASIBLE,WORSE
3063,2,36,65,24560,37800,1,FEASIBLE,WORSE
3064,2,36,66,25504,37963,1,FEASIBLE,WORSE
3065,2,36,67,24477,37672,1,FEASIBLE,WORSE
3066,2,36,68,23636,37135,1,FEASIBLE,WORSE
3067,2,36,69,23937,37285,1,FEASIBLE,WORSE
3068,2,36,70,24544,37663,1,FEASIBLE,WORSE
3069,2,36,71,24437,37569,1,FEASIBLE,WORSE
3070,2,36,72,25241,38079,1,FEASIBLE,WORSE
3071,2,36,73,24035,37441,1,FEASIBLE,WORSE
3072,2,36,74,25352,37944,1,FEASIBLE,WORSE
3073,2,36,75,23677,37203,1,FEASIBLE,WORSE
3074,2,36,76,24386,37005,1,FEASIBLE,WORSE
3075,2,36,77,24601,36946,1,FEASIBLE,WORSE
3076,2,36,78,23682,37166,1,FEASIBLE,WORSE
3077,2,36,79,24591,36941,1,FEASIBLE,WORSE
3078,2,36,80,25482,37920,1,FEASIBLE,WORSE
3079,2,36,81,24489,37612,1,FEASIBLE,WORSE
3080,2,36,82,23795,36934,1,FEASIBLE,WORSE
3081,2,36,83,23822,37125,1,FEASIBLE,WORSE
3082,2,36,84,25483,38312,1,FEASIBLE,WORSE
3083,2,36,85,24054,36957,1,FEASIBLE,WORSE
3084,2,36,86,23726,37280,1,FEASIBLE,WORSE
3085,2,36,87,24403,37083,1,FEASIBLE,WORSE
3086,2,36,88,25277,38195,1,FEASIBLE,WORSE
3087,2,36,89,24936,38093,1,FEASIBLE,WORSE
3088,2,36,90,25497,38346,1,FEASIBLE,WORSE
3089,2,36,91,25379,38038,1,FEASIBLE,WORSE
3090,2,36,92,24133,37519,1,FEASIBLE,WORSE
3091,2,36,93,24078,36939,1,FEASIBLE,WORSE
3092,2,36,94,24578,37569,1,FEASIBLE,WORSE
3093,2,36,95,24570,37891,1,FEASIBLE,WORSE
3094,2,36,96,25200,37946,1,FEASIBLE,WORSE
3095,2,36,97,25094,38071,1,FEASIBLE,WORSE
3096,2,36,98,23740,37117,1,FEASIBLE,WORSE
3097,2,36,99,25214,38264,1,FEASIBLE,WORSE
3098,2,37,38,23977,37354,1,FEASIBLE,WORSE
3099,2,37,39,24565,37388,1,FEASIBLE,WORSE
3100,2,37,40,25869,38746,0,CAPACITY_EXCEEDED,INVALID
3101,2,37,41,25622,38651,0,CAPACITY_EXCEEDED,INVALID
3102,2,37,42,25759,38836,0,CAPACITY_EXCEEDED,INVALID
3103,2,37,43,25713,38669,0,CAPACITY_EXCEEDED,INVALID
3104,2,37,44,25463,38399,1,FEASIBLE,WORSE
3105,2,37,45,24875,37931,1,FEASIBLE,WORSE
3106,2,37,46,24757,37424,1,FEASIBLE,WORSE
3107,2,37,47,25842,38281,0,CAPACITY_EXCEEDED,INVALID
3108,2,37,48,25868,38284,0,CAPACITY_EXCEEDED,INVALID
3109,2,37,49,24043,37610,1,FEASIBLE,WORSE
3110,2,37,50,24631,37956,1,FEASIBLE,WORSE
3111,2,37,51,24311,37702,1,FEASIBLE,WORSE
3112,2,37,52,25768,38709,0,CAPACITY_EXCEEDED,INVALID
3113,2,37,53,25611,38580,0,CAPACITY_EXCEEDED,INVALID
3114,2,37,54,24153,37239,1,FEASIBLE,WORSE
3115,2,37,55,25497,38433,1,FEASIBLE,WORSE
3116,2,37,56,25623,38650,0,CAPACITY_EXCEEDED,INVALID
3117,2,37,57,25654,38440,0,CAPACITY_EXCEEDED,INVALID
3118,2,37,58,24699,37604,1,FEASIBLE,WORSE
3119,2,37,59,25891,38514,0,CAPACITY_EXCEEDED,INVALID
3120,2,37,60,25925,38593,0,CAPACITY_EXCEEDED,INVALID
3121,2,37,61,24893,37490,1,FEASIBLE,WORSE
3122,2,37,62,25940,38558,0,CAPACITY_EXCEEDED,INVALID
3123,2,37,63,25930,38796,0,CAPACITY_EXCEEDED,INVALID
3124,2,37,64,24299,37332,1,FEASIBLE,WORSE
3125,2,37,65,24923,38136,1,FEASIBLE,WORSE
3126,2,37,66,25867,38299,0,CAPACITY_EXCEEDED,INVALID
3127,2,37,67,24840,38008,1,FEASIBLE,WORSE
3128,2,37,68,23999,37471,1,FEASIBLE,WORSE
3129,2,37,69,24300,37621,1,FEASIBLE,WORSE
3130,2,37,70,24907,37999,1,FEASIBLE,WORSE
3131,2,37,71,24800,37905,1,FEASIBLE,WORSE
3132,2,37,72,25604,38415,0,CAPACITY_EXCEEDED,INVALID
3133,2,37,73,24398,37777,1,FEASIBLE,WORSE
3134,2,37,74,25715,38280,0,CAPACITY_EXCEEDED,INVALID
3135,2,37,75,24040,37539,1,FEASIBLE,WORSE
3136,2,37,76,24749,37341,1,FEASIBLE,WORSE
3137,2,37,77,24964,37282,1,FEASIBLE,WORSE
3138,2,37,78,24045,37502,1,FEASIBLE,WORSE
3139,2,37,79,24954,37277,1,FEASIBLE,WORSE
3140,2,37,80,25845,38256,0,CAPACITY_EXCEEDED,INVALID
3141,2,37,81,24852,37948,1,FEASIBLE,WORSE
3142,2,37,82,24158,37270,1,FEASIBLE,WORSE
3143,2,37,83,24185,37461,1,FEASIBLE,WORSE
3144,2,37,84,25846,38648,0,CAPACITY_EXCEEDED,INVALID
3145,2,37,85,24417,37293,1,FEASIBLE,WORSE
3146,2,37,86,24089,37616,1,FEASIBLE,WORSE
3147,2,37,87,24766,37419,1,FEASIBLE,WORSE
3148,2,37,88,25640,38531,0,CAPACITY_EXCEEDED,INVALID
3149,2,37,89,25299,38429,1,FEASIBLE,WORSE
3150,2,37,90,25860,38682,0,CAPACITY_EXCEEDED,INVALID
3151,2,37,91,25742,38374,0,CAPACITY_EXCEEDED,INVALID
3152,2,37,92,24496,37855,1,FEASIBLE,WORSE
3153,2,37,93,24441,37275,1,FEASIBLE,WORSE
3154,2,37,94,24941,37905,1,FEASIBLE,WORSE
3155,2,37,95,24933,38227,1,FEASIBLE,WORSE
3156,2,37,96,25563,38282,0,CAPACITY_EXCEEDED,INVALID
3157,2,37,97,25457,38407,1,FEASIBLE,WORSE
3158,2,37,98,24103,37453,1,FEASIBLE,WORSE
3159,2,37,99,25577,38600,0,CAPACITY_EXCEEDED,INVALID
3160,2,38,39,24140,37078,1,FEASIBLE,WORSE
3161,2,38,40,25444,38436,1,FEASIBLE,WORSE
3162,2,38,41,25197,38341,1,FEASIBLE,WORSE
3163,2,38,42,25334,38526,1,FEASIBLE,WORSE
3164,2,38,43,25288,38359,1,FEASIBLE,WORSE
3165,2,38,44,25038,38089,1,FEASIBLE,WORSE
3166,2,38,45,24450,37621,1,FEASIBLE,WORSE
3167,2,38,46,24332,37114,1,FEASIBLE,WORSE
3168,2,38,47,25417,37971,1,FEASIBLE,WORSE
3169,2,38,48,25443,37974,1,FEASIBLE,WORSE
3170,2,38,49,23618,37300,1,FEASIBLE,WORSE
3171,2,38,50,24206,37646,1,FEASIBLE,WORSE
3172,2,38,51,23886,37392,1,FEASIBLE,WORSE
3173,2,38,52,25343,38399,1,FEASIBLE,WORSE
3174,2,38,53,25186,38270,1,FEASIBLE,WORSE
3175,2,38,54,23728,36929,1,FEASIBLE,WORSE
3176,2,38,55,25072,38123,1,FEASIBLE,WORSE
3177,2,38,56,25198,38340,1,FEASIBLE,WORSE
3178,2,38,57,25229,38130,1,FEASIBLE,WORSE
3179,2,38,58,24274,37294,1,FEASIBLE,WORSE
3180,2,38,59,25466,38204,1,FEASIBLE,WORSE
3181,2,38,60,25500,38283,1,FEASIBLE,WORSE
3182,2,38,61,24468,37180,1,FEASIBLE,WORSE
3183,2,38,62,25515,38248,1,FEASIBLE,WORSE
3184,2,38,63,25505,38486,1,FEASIBLE,WORSE
3185,2,38,64,23874,37022,1,FEASIBLE,WORSE
3186,2,38,65,24498,37826,1,FEASIBLE,WORSE
3187,2,38,66,25442,37989,1,FEASIBLE,WORSE
3188,2,38,67,24415,37698,1,FEASIBLE,WORSE
3189,2,38,68,23574,37161,1,FEASIBLE,WORSE
3190,2,38,69,23875,37311,1,FEASIBLE,WORSE
3191,2,38,70,24482,37689,1,FEASIBLE,WORSE
3192,2,38,71,24375,37595,1,FEASIBLE,WORSE
3193,2,38,72,25179,38105,1,FEASIBLE,WORSE
3194,2,38,73,23973,37467,1,FEASIBLE,WORSE
3195,2,38,74,25290,37970,1,FEASIBLE,WORSE
3196,2,38,75,23615,37229,1,FEASIBLE,WORSE
3197,2,38,76,24324,37031,1,FEASIBLE,WORSE
3198,2,38,77,24539,36972,1,FEASIBLE,WORSE
3199,2,38,78,23620,37192,1,FEASIBLE,WORSE
3200,2,38,79,24529,36967,1,FEASIBLE,WORSE
3201,2,38,80,25420,37946,1,FEASIBLE,WORSE
3202,2,38,81,24427,37638,1,FEASIBLE,WORSE
3203,2,38,82,23733,36960,1,FEASIBLE,WORSE
3204,2,38,83,23760,37151,1,FEASIBLE,WORSE
3205,2,38,84,25421,38338,1,FEASIBLE,WORSE
3206,2,38,85,23992,36983,1,FEASIBLE,WORSE
3207,2,38,86,23664,37306,1,FEASIBLE,WORSE
3208,2,38,87,24341,37109,1,FEASIBLE,WORSE
3209,2,38,88,25215,38221,1,FEASIBLE,WORSE
3210,2,38,89,24874,38119,1,FEASIBLE,WORSE
3211,2,38,90,25435,38372,1,FEASIBLE,WORSE
3212,2,38,91,25317,38064,1,FEASIBLE,WORSE
3213,2,38,92,24071,37545,1,FEASIBLE,WORSE
3214,2,38,93,24016,36965,1,FEASIBLE,WORSE
3215,2,38,94,24516,37595,1,FEASIBLE,WORSE
3216,2,38,95,24508,37917,1,FEASIBLE,WORSE
3217,2,38,96,25138,37972,1,FEASIBLE,WORSE
3218,2,38,97,25032,38097,1,FEASIBLE,WORSE
3219,2,38,98,23678,37143,1,FEASIBLE,WORSE
3220,2,38,99,25152,38290,1,FEASIBLE,WORSE
3221,2,39,40,26032,38470,0,CAPACITY_EXCEEDED,INVALID
3222,2,39,41,25785,38375,0,CAPACITY_EXCEEDED,INVALID
3223,2,39,42,25922,38560,0,CAPACITY_EXCEEDED,INVALID
3224,2,39,43,25876,38393,0,CAPACITY_EXCEEDED,INVALID
3225,2,39,44,25626,38123,0,CAPACITY_EXCEEDED,INVALID
3226,2,39,45,25038,37655,1,FEASIBLE,WORSE
3227,2,39,46,24920,37148,1,FEASIBLE,WORSE
3228,2,39,47,26005,38005,0,CAPACITY_EXCEEDED,INVALID
3229,2,39,48,26031,38008,0,CAPACITY_EXCEEDED,INVALID
3230,2,39,49,24206,37334,1,FEASIBLE,WORSE
3231,2,39,50,24794,37680,1,FEASIBLE,WORSE
3232,2,39,51,24474,37426,1,FEASIBLE,WORSE
3233,2,39,52,25931,38433,0,CAPACITY_EXCEEDED,INVALID
3234,2,39,53,25774,38304,0,CAPACITY_EXCEEDED,INVALID
3235,2,39,54,24316,36963,1,FEASIBLE,WORSE
3236,2,39,55,25660,38157,0,CAPACITY_EXCEEDED,INVALID
3237,2,39,56,25786,38374,0,CAPACITY_EXCEEDED,INVALID
3238,2,39,57,25817,38164,0,CAPACITY_EXCEEDED,INVALID
3239,2,39,58,24862,37328,1,FEASIBLE,WORSE
3240,2,39,59,26054,38238,0,CAPACITY_EXCEEDED,INVALID
3241,2,39,60,26088,38317,0,CAPACITY_EXCEEDED,INVALID
3242,2,39,61,25056,37214,1,FEASIBLE,WORSE
3243,2,39,62,26103,38282,0,CAPACITY_EXCEEDED,INVALID
3244,2,39,63,26093,38520,0,CAPACITY_EXCEEDED,INVALID
3245,2,39,64,24462,37056,1,FEASIBLE,WORSE
3246,2,39,65,25086,37860,1,FEASIBLE,WORSE
3247,2,39,66,26030,38023,0,CAPACITY_EXCEEDED,INVALID
3248,2,39,67,25003,37732,1,FEASIBLE,WORSE
3249,2,39,68,24162,37195,1,FEASIBLE,WORSE
3250,2,39,69,24463,37345,1,FEASIBLE,WORSE
3251,2,39,70,25070,37723,1,FEASIBLE,WORSE
3252,2,39,71,24963,37629,1,FEASIBLE,WORSE
3253,2,39,72,25767,38139,0,CAPACITY_EXCEEDED,INVALID
3254,2,39,73,24561,37501,1,FEASIBLE,WORSE
3255,2,39,74,25878,38004,0,CAPACITY_EXCEEDED,INVALID
3256,2,39,75,24203,37263,1,FEASIBLE,WORSE
3257,2,39,76,24912,37065,1,FEASIBLE,WORSE
3258,2,39,77,25127,37006,1,FEASIBLE,WORSE
3259,2,39,78,24208,37226,1,FEASIBLE,WORSE
3260,2,39,79,25117,37001,1,FEASIBLE,WORSE
3261,2,39,80,26008,37980,0,CAPACITY_EXCEEDED,INVALID
3262,2,39,81,25015,37672,1,FEASIBLE,WORSE
3263,2,39,82,24321,36994,1,FEASIBLE,WORSE
3264,2,39,83,24348,37185,1,FEASIBLE,WORSE
3265,2,39,84,26009,38372,0,CAPACITY_EXCEEDED,INVALID
3266,2,39,85,24580,37017,1,FEASIBLE,WORSE
3267,2,39,86,24252,37340,1,FEASIBLE,WORSE
3268,2,39,87,24929,37143,1,FEASIBLE,WORSE
3269,2,39,88,25803,38255,0,CAPACITY_EXCEEDED,INVALID
3270,2,39,89,25462,38153,1,FEASIBLE,WORSE
3271,2,39,90,26023,38406,0,CAPACITY_EXCEEDED,INVALID
3272,2,39,91,25905,38098,0,CAPACITY_EXCEEDED,INVALID
3273,2,39,92,24659,37579,1,FEASIBLE,WORSE
3274,2,39,93,24604,36999,1,FEASIBLE,WORSE
3275,2,39,94,25104,37629,1,FEASIBLE,WORSE
3276,2,39,95,25096,37951,1,FEASIBLE,WORSE
3277,2,39,96,25726,38006,0,CAPACITY_EXCEEDED,INVALID
3278,2,39,97,25620,38131,0,CAPACITY_EXCEEDED,INVALID
3279,2,39,98,24266,37177,1,FEASIBLE,WORSE
3280,2,39,99,25740,38324,0,CAPACITY_EXCEEDED,INVALID
3281,2,40,41,27089,39733,0,CAPACITY_EXCEEDED,INVALID
3282,2,40,42,27226,39918,0,CAPACITY_EXCEEDED,INVALID
3283,2,40,43,27180,39751,0,CAPACITY_EXCEEDED,INVALID
3284,2,40,44,26930,39481,0,CAPACITY_EXCEEDED,INVALID
3285,2,40,45,26342,39013,0,CAPACITY_EXCEEDED,INVALID
3286,2,40,46,26224,38506,0,CAPACITY_EXCEEDED,INVALID
3287,2,40,47,27309,39363,0,CAPACITY_EXCEEDED,INVALID
3288,2,40,48,27335,39366,0,CAPACITY_EXCEEDED,INVALID
3289,2,40,49,25510,38692,1,FEASIBLE,WORSE
3290,2,40,50,26098,39038,0,CAPACITY_EXCEEDED,INVALID
3291,2,40,51,25778,38784,0,CAPACITY_EXCEEDED,INVALID
3292,2,40,52,27235,39791,0,CAPACITY_EXCEEDED,INVALID
3293,2,40,53,27078,39662,0,CAPACITY_EXCEEDED,INVALID
3294,2,40,54,25620,38321,0,CAPACITY_EXCEEDED,INVALID
3295,2,40,55,26964,39515,0,CAPACITY_EXCEEDED,INVALID
3296,2,40,56,27090,39732,0,CAPACITY_EXCEEDED,INVALID
3297,2,40,57,27121,39522,0,CAPACITY_EXCEEDED,INVALID
3298,2,40,58,26166,38686,0,CAPACITY_EXCEEDED,INVALID
3299,2,40,59,27358,39596,0,CAPACITY_EXCEEDED,INVALID
3300,2,40,60,27392,39675,0,CAPACITY_EXCEEDED,INVALID
3301,2,40,61,26360,38572,0,CAPACITY_EXCEEDED,INVALID
3302,2,40,62,27407,39640,0,CAPACITY_EXCEEDED,INVALID
3303,2,40,63,27397,39878,0,CAPACITY_EXCEEDED,INVALID
3304,2,40,64,25766,38414,0,CAPACITY_EXCEEDED,INVALID
3305,2,40,65,26390,39218,0,CAPACITY_EXCEEDED,INVALID
3306,2,40,66,27334,39381,0,CAPACITY_EXCEEDED,INVALID
3307,2,40,67,26307,39090,0,CAPACITY_EXCEEDED,INVALID
3308,2,40,68,25466,38553,1,FEASIBLE,WORSE
3309,2,40,69,25767,38703,0,CAPACITY_EXCEEDED,INVALID
3310,2,40,70,26374,39081,0,CAPACITY_EXCEEDED,INVALID
3311,2,40,71,26267,38987,0,CAPACITY_EXCEEDED,INVALID
3312,2,40,72,27071,39497,0,CAPACITY_EXCEEDED,INVALID
3313,2,40,73,25865,38859,0,CAPACITY_EXCEEDED,INVALID
3314,2,40,74,27182,39362,0,CAPACITY_EXCEEDED,INVALID
3315,2,40,75,25507,38621,1,FEASIBLE,WORSE
3316,2,40,76,26216,38423,0,CAPACITY_EXCEEDED,INVALID
3317,2,40,77,26431,38364,0,CAPACITY_EXCEEDED,INVALID
3318,2,40,78,25512,38584,1,FEASIBLE,WORSE
3319,2,40,79,26421,38359,0,CAPACITY_EXCEEDED,INVALID
3320,2,40,80,27312,39338,0,CAPACITY_EXCEEDED,INVALID
3321,2,40,81,26319,39030,0,CAPACITY_EXCEEDED,INVALID
3322,2,40,82,25625,38352,0,CAPACITY_EXCEEDED,INVALID
3323,2,40,83,25652,38543,0,CAPACITY_EXCEEDED,INVALID
3324,2,40,84,27313,39730,0,CAPACITY_EXCEEDED,INVALID
3325,2,40,85,25884,38375,0,CAPACITY_EXCEEDED,INVALID
3326,2,40,86,25556,38698,0,CAPACITY_EXCEEDED,INVALID
3327,2,40,87,26233,38501,0,CAPACITY_EXCEEDED,INVALID
3328,2,40,88,27107,39613,0,CAPACITY_EXCEEDED,INVALID
3329,2,40,89,26766,39511,0,CAPACITY_EXCEEDED,INVALID
3330,2,40,90,27327,39764,0,CAPACITY_EXCEEDED,INVALID
3331,2,40,91,27209,39456,0,CAPACITY_EXCEEDED,INVALID
3332,2,40,92,25963,38937,0,CAPACITY_EXCEEDED,INVALID
3333,2,40,93,25908,38357,0,CAPACITY_EXCEEDED,INVALID
3334,2,40,94,26408,38987,0,CAPACITY_EXCEEDED,INVALID
3335,2,40,95,26400,39309,0,CAPACITY_EXCEEDED,INVALID
3336,2,40,96,27030,39364,0,CAPACITY_EXCEEDED,INVALID
3337,2,40,97,26924,39489,0,CAPACITY_EXCEEDED,INVALID
3338,2,40,98,25570,38535,0,CAPACITY_EXCEEDED,INVALID
3339,2,40,99,27044,39682,0,CAPACITY_EXCEEDED,INVALID
3340,2,41,42,26979,39823,0,CAPACITY_EXCEEDED,INVALID
3341,2,41,43,26933,39656,0,CAPACITY_EXCEEDED,INVALID
3342,2,41,44,26683,39386,0,CAPACITY_EXCEEDED,INVALID
3343,2,41,45,26095,38918,0,CAPACITY_EXCEEDED,INVALID
3344,2,41,46,25977,38411,0,CAPACITY_EXCEEDED,INVALID
3345,2,41,47,27062,39268,0,CAPACITY_EXCEEDED,INVALID
3346,2,41,48,27088,39271,0,CAPACITY_EXCEEDED,INVALID
3347,2,41,49,25263,38597,1,FEASIBLE,WORSE
3348,2,41,50,25851,38943,0,CAPACITY_EXCEEDED,INVALID
3349,2,41,51,25531,38689,1,FEASIBLE,WORSE
3350,2,41,52,26988,39696,0,CAPACITY_EXCEEDED,INVALID
3351,2,41,53,26831,39567,0,CAPACITY_EXCEEDED,INVALID
3352,2,41,54,25373,38226,1,FEASIBLE,WORSE
3353,2,41,55,26717,39420,0,CAPACITY_EXCEEDED,INVALID
3354,2,41,56,26843,39637,0,CAPACITY_EXCEEDED,INVALID
3355,2,41,57,26874,39427,0,CAPACITY_EXCEEDED,INVALID
3356,2,41,58,25919,38591,0,CAPACITY_EXCEEDED,INVALID
3357,2,41,59,27111,39501,0,CAPACITY_EXCEEDED,INVALID
3358,2,41,60,27145,39580,0,CAPACITY_EXCEEDED,INVALID
3359,2,41,61,26113,38477,0,CAPACITY_EXCEEDED,INVALID
3360,2,41,62,27160,39545,0,CAPACITY_EXCEEDED,INVALID
3361,2,41,63,27150,39783,0,CAPACITY_EXCEEDED,INVALID
3362,2,41,64,25519,38319,1,FEASIBLE,WORSE
3363,2,41,65,26143,39123,0,CAPACITY_EXCEEDED,INVALID
3364,2,41,66,27087,39286,0,CAPACITY_EXCEEDED,INVALID
3365,2,41,67,26060,38995,0,CAPACITY_EXCEEDED,INVALID
3366,2,41,68,25219,38458,1,FEASIBLE,WORSE
3367,2,41,69,25520,38608,1,FEASIBLE,WORSE
3368,2,41,70,26127,38986,0,CAPACITY_EXCEEDED,INVALID
3369,2,41,71,26020,38892,0,CAPACITY_EXCEEDED,INVALID
3370,2,41,72,26824,39402,0,CAPACITY_EXCEEDED,INVALID
3371,2,41,73,25618,38764,0,CAPACITY_EXCEEDED,INVALID
3372,2,41,74,26935,39267,0,CAPACITY_EXCEEDED,INVALID
3373,2,41,75,25260,38526,1,FEASIBLE,WORSE
3374,2,41,76,25969,38328,0,CAPACITY_EXCEEDED,INVALID
3375,2,41,77,26184,38269,0,CAPACITY_EXCEEDED,INVALID
3376,2,41,78,25265,38489,1,FEASIBLE,WORSE
3377,2,41,79,26174,38264,0,CAPACITY_EXCEEDED,INVALID
3378,2,41,80,27065,39243,0,CAPACITY_EXCEEDED,INVALID
3379,2,41,81,26072,38935,0,CAPACITY_EXCEEDED,INVALID
3380,2,41,82,25378,38257,1,FEASIBLE,WORSE
3381,2,41,83,25405,38448,1,FEASIBLE,WORSE
3382,2,41,84,27066,39635,0,CAPACITY_EXCEEDED,INVALID
3383,2,41,85,25637,38280,0,CAPACITY_EXCEEDED,INVALID
3384,2,41,86,25309,38603,1,FEASIBLE,WORSE
3385,2,41,87,25986,38406,0,CAPACITY_EXCEEDED,INVALID
3386,2,41,88,26860,39518,0,CAPACITY_EXCEEDED,INVALID
3387,2,41,89,26519,39416,0,CAPACITY_EXCEEDED,INVALID
3388,2,41,90,27080,39669,0,CAPACITY_EXCEEDED,INVALID
3389,2,41,91,26962,39361,0,CAPACITY_EXCEEDED,INVALID
3390,2,41,92,25716,38842,0,CAPACITY_EXCEEDED,INVALID
3391,2,41,93,25661,38262,0,CAPACITY_EXCEEDED,INVALID
3392,2,41,94,26161,38892,0,CAPACITY_EXCEEDED,INVALID
3393,2,41,95,26153,39214,0,CAPACITY_EXCEEDED,INVALID
3394,2,41,96,26783,39269,0,CAPACITY_EXCEEDED,INVALID
3395,2,41,97,26677,39394,0,CAPACITY_EXCEEDED,INVALID
3396,2,41,98,25323,38440,1,FEASIBLE,WORSE
3397,2,41,99,26797,39587,0,CAPACITY_EXCEEDED,INVALID
3398,2,42,43,27070,39841,0,CAPACITY_EXCEEDED,INVALID
3399,2,42,44,26820,39571,0,CAPACITY_EXCEEDED,INVALID
3400,2,42,45,26232,39103,0,CAPACITY_EXCEEDED,INVALID
3401,2,42,46,26114,38596,0,CAPACITY_EXCEEDED,INVALID
3402,2,42,47,27199,39453,0,CAPACITY_EXCEEDED,INVALID
3403,2,42,48,27225,39456,0,CAPACITY_EXCEEDED,INVALID
3404,2,42,49,25400,38782,1,FEASIBLE,WORSE
3405,2,42,50,25988,39128,0,CAPACITY_EXCEEDED,INVALID
3406,2,42,51,25668,38874,0,CAPACITY_EXCEEDED,INVALID
3407,2,42,52,27125,39881,0,CAPACITY_EXCEEDED,INVALID
3408,2,42,53,26968,39752,0,CAPACITY_EXCEEDED,INVALID
3409,2,42,54,25510,38411,1,FEASIBLE,WORSE
3410,2,42,55,26854,39605,0,CAPACITY_EXCEEDED,INVALID
3411,2,42,56,26980,39822,0,CAPACITY_EXCEEDED,INVALID
3412,2,42,57,27011,39612,0,CAPACITY_EXCEEDED,INVALID
3413,2,42,58,26056,38776,0,CAPACITY_EXCEEDED,INVALID
3414,2,42,59,27248,39686,0,CAPACITY_EXCEEDED,INVALID
3415,2,42,60,27282,39765,0,CAPACITY_EXCEEDED,INVALID
3416,2,42,61,26250,38662,0,CAPACITY_EXCEEDED,INVALID
3417,2,42,62,27297,39730,0,CAPACITY_EXCEEDED,INVALID
3418,2,42,63,27287,39968,0,CAPACITY_EXCEEDED,INVALID
3419,2,42,64,25656,38504,0,CAPACITY_EXCEEDED,INVALID
3420,2,42,65,26280,39308,0,CAPACITY_EXCEEDED,INVALID
3421,2,42,66,27224,39471,0,CAPACITY_EXCEEDED,INVALID
3422,2,42,67,26197,39180,0,CAPACITY_EXCEEDED,INVALID
3423,2,42,68,25356,38643,1,FEASIBLE,WORSE
3424,2,42,69,25657,38793,0,CAPACITY_EXCEEDED,INVALID
3425,2,42,70,26264,39171,0,CAPACITY_EXCEEDED,INVALID
3426,2,42,71,26157,39077,0,CAPACITY_EXCEEDED,INVALID
3427,2,42,72,26961,39587,0,CAPACITY_EXCEEDED,INVALID
3428,2,42,73,25755,38949,0,CAPACITY_EXCEEDED,INVALID
3429,2,42,74,27072,39452,0,CAPACITY_EXCEEDED,INVALID
3430,2,42,75,25397,38711,1,FEASIBLE,WORSE
3431,2,42,76,26106,38513,0,CAPACITY_EXCEEDED,INVALID
3432,2,42,77,26321,38454,0,CAPACITY_EXCEEDED,INVALID
3433,2,42,78,25402,38674,1,FEASIBLE,WORSE
3434,2,42,79,26311,38449,0,CAPACITY_EXCEEDED,INVALID
3435,2,42,80,27202,39428,0,CAPACITY_EXCEEDED,INVALID
3436,2,42,81,26209,39120,0,CAPACITY_EXCEEDED,INVALID
3437,2,42,82,25515,38442,1,FEASIBLE,WORSE
3438,2,42,83,25542,38633,1,FEASIBLE,WORSE
3439,2,42,84,27203,39820,0,CAPACITY_EXCEEDED,INVALID
3440,2,42,85,25774,38465,0,CAPACITY_EXCEEDED,INVALID
3441,2,42,86,25446,38788,1,FEASIBLE,WORSE
3442,2,42,87,26123,38591,0,CAPACITY_EXCEEDED,INVALID
3443,2,42,88,26997,39703,0,CAPACITY_EXCEEDED,INVALID
3444,2,42,89,26656,39601,0,CAPACITY_EXCEEDED,INVALID
3445,2,42,90,27217,39854,0,CAPACITY_EXCEEDED,INVALID
3446,2,42,91,27099,39546,0,CAPACITY_EXCEEDED,INVALID
3447,2,42,92,25853,39027,0,CAPACITY_EXCEEDED,INVALID
3448,2,42,93,25798,38447,0,CAPACITY_EXCEEDED,INVALID
3449,2,42,94,26298,39077,0,CAPACITY_EXCEEDED,INVALID
3450,2,42,95,26290,39399,0,CAPACITY_EXCEEDED,INVALID
3451,2,42,96,26920,39454,0,CAPACITY_EXCEEDED,INVALID
3452,2,42,97,26814,39579,0,CAPACITY_EXCEEDED,INVALID
3453,2,42,98,25460,38625,1,FEASIBLE,WORSE
3454,2,42,99,26934,39772,0,CAPACITY_EXCEEDED,INVALID
3455,2,43,44,26774,39404,0,CAPACITY_EXCEEDED,INVALID
3456,2,43,45,26186,38936,0,CAPACITY_EXCEEDED,INVALID
3457,2,43,46,26068,38429,0,CAPACITY_EXCEEDED,INVALID
3458,2,43,47,27153,39286,0,CAPACITY_EXCEEDED,INVALID
3459,2,43,48,27179,39289,0,CAPACITY_EXCEEDED,INVALID
3460,2,43,49,25354,38615,1,FEASIBLE,WORSE
3461,2,43,50,25942,38961,0,CAPACITY_EXCEEDED,INVALID
3462,2,43,51,25622,38707,0,CAPACITY_EXCEEDED,INVALID
3463,2,43,52,27079,39714,0,CAPACITY_EXCEEDED,INVALID
3464,2,43,53,26922,39585,0,CAPACITY_EXCEEDED,INVALID
3465,2,43,54,25464,38244,1,FEASIBLE,WORSE
3466,2,43,55,26808,39438,0,CAPACITY_EXCEEDED,INVALID
3467,2,43,56,26934,39655,0,CAPACITY_EXCEEDED,INVALID
3468,2,43,57,26965,39445,0,CAPACITY_EXCEEDED,INVALID
3469,2,43,58,26010,38609,0,CAPACITY_EXCEEDED,INVALID
3470,2,43,59,27202,39519,0,CAPACITY_EXCEEDED,INVALID
3471,2,43,60,27236,39598,0,CAPACITY_EXCEEDED,INVALID
3472,2,43,61,26204,38495,0,CAPACITY_EXCEEDED,INVALID
3473,2,43,62,27251,39563,0,CAPACITY_EXCEEDED,INVALID
3474,2,43,63,27241,39801,0,CAPACITY_EXCEEDED,INVALID
3475,2,43,64,25610,38337,0,CAPACITY_EXCEEDED,INVALID
3476,2,43,65,26234,39141,0,CAPACITY_EXCEEDED,INVALID
3477,2,43,66,27178,39304,0,CAPACITY_EXCEEDED,INVALID
3478,2,43,67,26151,39013,0,CAPACITY_EXCEEDED,INVALID
3479,2,43,68,25310,38476,1,FEASIBLE,WORSE
3480,2,43,69,25611,38626,0,CAPACITY_EXCEEDED,INVALID
3481,2,43,70,26218,39004,0,CAPACITY_EXCEEDED,INVALID
3482,2,43,71,26111,38910,0,CAPACITY_EXCEEDED,INVALID
3483,2,43,72,26915,39420,0,CAPACITY_EXCEEDED,INVALID
3484,2,43,73,25709,38782,0,CAPACITY_EXCEEDED,INVALID
3485,2,43,74,27026,39285,0,CAPACITY_EXCEEDED,INVALID
3486,2,43,75,25351,38544,1,FEASIBLE,WORSE
3487,2,43,76,26060,38346,0,CAPACITY_EXCEEDED,INVALID
3488,2,43,77,26275,38287,0,CAPACITY_EXCEEDED,INVALID
3489,2,43,78,25356,38507,1,FEASIBLE,WORSE
3490,2,43,79,26265,38282,0,CAPACITY_EXCEEDED,INVALID
3491,2,43,80,27156,39261,0,CAPACITY_EXCEEDED,INVALID
3492,2,43,81,26163,38953,0,CAPACITY_EXCEEDED,INVALID
3493,2,43,82,25469,38275,1,FEASIBLE,WORSE
3494,2,43,83,25496,38466,1,FEASIBLE,WORSE
3495,2,43,84,27157,39653,0,CAPACITY_EXCEEDED,INVALID
3496,2,43,85,25728,38298,0,CAPACITY_EXCEEDED,INVALID
3497,2,43,86,25400,38621,1,FEASIBLE,WORSE
3498,2,43,87,26077,38424,0,CAPACITY_EXCEEDED,INVALID
3499,2,43,88,26951,39536,0,CAPACITY_EXCEEDED,INVALID
3500,2,43,89,26610,39434,0,CAPACITY_EXCEEDED,INVALID
3501,2,43,90,27171,39687,0,CAPACITY_EXCEEDED,INVALID
3502,2,43,91,27053,39379,0,CAPACITY_EXCEEDED,INVALID
3503,2,43,92,25807,38860,0,CAPACITY_EXCEEDED,INVALID
3504,2,43,93,25752,38280,0,CAPACITY_EXCEEDED,INVALID
3505,2,43,94,26252,38910,0,CAPACITY_EXCEEDED,INVALID
3506,2,43,95,26244,39232,0,CAPACITY_EXCEEDED,INVALID
3507,2,43,96,26874,39287,0,CAPACITY_EXCEEDED,INVALID
3508,2,43,97,26768,39412,0,CAPACITY_EXCEEDED,INVALID
3509,2,43,98,25414,38458,1,FEASIBLE,WORSE
3510,2,43,99,26888,39605,0,CAPACITY_EXCEEDED,INVALID
3511,2,44,45,25936,38666,0,CAPACITY_EXCEEDED,INVALID
3512,2,44,46,25818,38159,0,CAPACITY_EXCEEDED,INVALID
3513,2,44,47,26903,39016,0,CAPACITY_EXCEEDED,INVALID
3514,2,44,48,26929,39019,0,CAPACITY_EXCEEDED,INVALID
3515,2,44,49,25104,38345,1,FEASIBLE,WORSE
3516,2,44,50,25692,38691,0,CAPACITY_EXCEEDED,INVALID
3517,2,44,51,25372,38437,1,FEASIBLE,WORSE
3518,2,44,52,26829,39444,0,CAPACITY_EXCEEDED,INVALID
3519,2,44,53,26672,39315,0,CAPACITY_EXCEEDED,INVALID
3520,2,44,54,25214,37974,1,FEASIBLE,WORSE
3521,2,44,55,26558,39168,0,CAPACITY_EXCEEDED,INVALID
3522,2,44,56,26684,39385,0,CAPACITY_EXCEEDED,INVALID
3523,2,44,57,26715,39175,0,CAPACITY_EXCEEDED,INVALID
3524,2,44,58,25760,38339,0,CAPACITY_EXCEEDED,INVALID
3525,2,44,59,26952,39249,0,CAPACITY_EXCEEDED,INVALID
3526,2,44,60,26986,39328,0,CAPACITY_EXCEEDED,INVALID
3527,2,44,61,25954,38225,0,CAPACITY_EXCEEDED,INVALID
3528,2,44,62,27001,39293,0,CAPACITY_EXCEEDED,INVALID
3529,2,44,63,26991,39531,0,CAPACITY_EXCEEDED,INVALID
3530,2,44,64,25360,38067,1,FEASIBLE,WORSE
3531,2,44,65,25984,38871,0,CAPACITY_EXCEEDED,INVALID
3532,2,44,66,26928,39034,0,CAPACITY_EXCEEDED,INVALID
3533,2,44,67,25901,38743,0,CAPACITY_EXCEEDED,INVALID
3534,2,44,68,25060,38206,1,FEASIBLE,WORSE
3535,2,44,69,25361,38356,1,FEASIBLE,WORSE
3536,2,44,70,25968,38734,0,CAPACITY_EXCEEDED,INVALID
3537,2,44,71,25861,38640,0,CAPACITY_EXCEEDED,INVALID
3538,2,44,72,26665,39150,0,CAPACITY_EXCEEDED,INVALID
3539,2,44,73,25459,38512,1,FEASIBLE,WORSE
3540,2,44,74,26776,39015,0,CAPACITY_EXCEEDED,INVALID
3541,2,44,75,25101,38274,1,FEASIBLE,WORSE
3542,2,44,76,25810,38076,0,CAPACITY_EXCEEDED,INVALID
3543,2,44,77,26025,38017,0,CAPACITY_EXCEEDED,INVALID
3544,2,44,78,25106,38237,1,FEASIBLE,WORSE
3545,2,44,79,26015,38012,0,CAPACITY_EXCEEDED,INVALID
3546,2,44,80,26906,38991,0,CAPACITY_EXCEEDED,INVALID
3547,2,44,81,25913,38683,0,CAPACITY_EXCEEDED,INVALID
3548,2,44,82,25219,38005,1,FEASIBLE,WORSE
3549,2,44,83,25246,38196,1,FEASIBLE,WORSE
3550,2,44,84,26907,39383,0,CAPACITY_EXCEEDED,INVALID
3551,2,44,85,25478,38028,1,FEASIBLE,WORSE
3552,2,44,86,25150,38351,1,FEASIBLE,WORSE
3553,2,44,87,25827,38154,0,CAPACITY_EXCEEDED,INVALID
3554,2,44,88,26701,39266,0,CAPACITY_EXCEEDED,INVALID
3555,2,44,89,26360,39164,0,CAPACITY_EXCEEDED,INVALID
3556,2,44,90,26921,39417,0,CAPACITY_EXCEEDED,INVALID
3557,2,44,91,26803,39109,0,CAPACITY_EXCEEDED,INVALID
3558,2,44,92,25557,38590,0,CAPACITY_EXCEEDED,INVALID
3559,2,44,93,25502,38010,1,FEASIBLE,WORSE
3560,2,44,94,26002,38640,0,CAPACITY_EXCEEDED,INVALID
3561,2,44,95,25994,38962,0,CAPACITY_EXCEEDED,INVALID
3562,2,44,96,26624,39017,0,CAPACITY_EXCEEDED,INVALID
3563,2,44,97,26518,39142,0,CAPACITY_EXCEEDED,INVALID
3564,2,44,98,25164,38188,1,FEASIBLE,WORSE
3565,2,44,99,26638,39335,0,CAPACITY_EXCEEDED,INVALID
3566,2,45,46,25230,37691,1,FEASIBLE,WORSE
3567,2,45,47,26315,38548,0,CAPACITY_EXCEEDED,INVALID
3568,2,45,48,26341,38551,0,CAPACITY_EXCEEDED,INVALID
3569,2,45,49,24516,37877,1,FEASIBLE,WORSE
3570,2,45,50,25104,38223,1,FEASIBLE,WORSE
3571,2,45,51,24784,37969,1,FEASIBLE,WORSE
3572,2,45,52,26241,38976,0,CAPACITY_EXCEEDED,INVALID
3573,2,45,53,26084,38847,0,CAPACITY_EXCEEDED,INVALID
3574,2,45,54,24626,37506,1,FEASIBLE,WORSE
3575,2,45,55,25970,38700,0,CAPACITY_EXCEEDED,INVALID
3576,2,45,56,26096,38917,0,CAPACITY_EXCEEDED,INVALID
3577,2,45,57,26127,38707,0,CAPACITY_EXCEEDED,INVALID
3578,2,45,58,25172,37871,1,FEASIBLE,WORSE
3579,2,45,59,26364,38781,0,CAPACITY_EXCEEDED,INVALID
3580,2,45,60,26398,38860,0,CAPACITY_EXCEEDED,INVALID
3581,2,45,61,25366,37757,1,FEASIBLE,WORSE
3582,2,45,62,26413,38825,0,CAPACITY_EXCEEDED,INVALID
3583,2,45,63,26403,39063,0,CAPACITY_EXCEEDED,INVALID
3584,2,45,64,24772,37599,1,FEASIBLE,WORSE
3585,2,45,65,25396,38403,1,FEASIBLE,WORSE
3586,2,45,66,26340,38566,0,CAPACITY_EXCEEDED,INVALID
3587,2,45,67,25313,38275,1,FEASIBLE,WORSE
3588,2,45,68,24472,37738,1,FEASIBLE,WORSE
3589,2,45,69,24773,37888,1,FEASIBLE,WORSE
3590,2,45,70,25380,38266,1,FEASIBLE,WORSE
3591,2,45,71,25273,38172,1,FEASIBLE,WORSE
3592,2,45,72,26077,38682,0,CAPACITY_EXCEEDED,INVALID
3593,2,45,73,24871,38044,1,FEASIBLE,WORSE
3594,2,45,74,26188,38547,0,CAPACITY_EXCEEDED,INVALID
3595,2,45,75,24513,37806,1,FEASIBLE,WORSE
3596,2,45,76,25222,37608,1,FEASIBLE,WORSE
3597,2,45,77,25437,37549,1,FEASIBLE,WORSE
3598,2,45,78,24518,37769,1,FEASIBLE,WORSE
3599,2,45,79,25427,37544,1,FEASIBLE,WORSE
3600,2,45,80,26318,38523,0,CAPACITY_EXCEEDED,INVALID
3601,2,45,81,25325,38215,1,FEASIBLE,WORSE
3602,2,45,82,24631,37537,1,FEASIBLE,WORSE
3603,2,45,83,24658,37728,1,FEASIBLE,WORSE
3604,2,45,84,26319,38915,0,CAPACITY_EXCEEDED,INVALID
3605,2,45,85,24890,37560,1,FEASIBLE,WORSE
3606,2,45,86,24562,37883,1,FEASIBLE,WORSE
3607,2,45,87,25239,37686,1,FEASIBLE,WORSE
3608,2,45,88,26113,38798,0,CAPACITY_EXCEEDED,INVALID
3609,2,45,89,25772,38696,0,CAPACITY_EXCEEDED,INVALID
3610,2,45,90,26333,38949,0,CAPACITY_EXCEEDED,INVALID
3611,2,45,91,26215,38641,0,CAPACITY_EXCEEDED,INVALID
3612,2,45,92,24969,38122,1,FEASIBLE,WORSE
3613,2,45,93,24914,37542,1,FEASIBLE,WORSE
3614,2,45,94,25414,38172,1,FEASIBLE,WORSE
3615,2,45,95,25406,38494,1,FEASIBLE,WORSE
3616,2,45,96,26036,38549,0,CAPACITY_EXCEEDED,INVALID
3617,2,45,97,25930,38674,0,CAPACITY_EXCEEDED,INVALID
3618,2,45,98,24576,37720,1,FEASIBLE,WORSE
3619,2,45,99,26050,38867,0,CAPACITY_EXCEEDED,INVALID
3620,2,46,47,26197,38041,0,CAPACITY_EXCEEDED,INVALID
3621,2,46,48,26223,38044,0,CAPACITY_EXCEEDED,INVALID
3622,2,46,49,24398,37370,1,FEASIBLE,WORSE
3623,2,46,50,24986,37716,1,FEASIBLE,WORSE
3624,2,46,51,24666,37462,1,FEASIBLE,WORSE
3625,2,46,52,26123,38469,0,CAPACITY_EXCEEDED,INVALID
3626,2,46,53,25966,38340,0,CAPACITY_EXCEEDED,INVALID
3627,2,46,54,24508,36999,1,FEASIBLE,WORSE
3628,2,46,55,25852,38193,0,CAPACITY_EXCEEDED,INVALID
3629,2,46,56,25978,38410,0,CAPACITY_EXCEEDED,INVALID
3630,2,46,57,26009,38200,0,CAPACITY_EXCEEDED,INVALID
3631,2,46,58,25054,37364,1,FEASIBLE,WORSE
3632,2,46,59,26246,38274,0,CAPACITY_EXCEEDED,INVALID
3633,2,46,60,26280,38353,0,CAPACITY_EXCEEDED,INVALID
3634,2,46,61,25248,37250,1,FEASIBLE,WORSE
3635,2,46,62,26295,38318,0,CAPACITY_EXCEEDED,INVALID
3636,2,46,63,26285,38556,0,CAPACITY_EXCEEDED,INVALID
3637,2,46,64,24654,37092,1,FEASIBLE,WORSE
3638,2,46,65,25278,37896,1,FEASIBLE,WORSE
3639,2,46,66,26222,38059,0,CAPACITY_EXCEEDED,INVALID
3640,2,46,67,25195,37768,1,FEASIBLE,WORSE
3641,2,46,68,24354,37231,1,FEASIBLE,WORSE
3642,2,46,69,24655,37381,1,FEASIBLE,WORSE
3643,2,46,70,25262,37759,1,FEASIBLE,WORSE
3644,2,46,71,25155,37665,1,FEASIBLE,WORSE
3645,2,46,72,25959,38175,0,CAPACITY_EXCEEDED,INVALID
3646,2,46,73,24753,37537,1,FEASIBLE,WORSE
3647,2,46,74,26070,38040,0,CAPACITY_EXCEEDED,INVALID
3648,2,46,75,24395,37299,1,FEASIBLE,WORSE
3649,2,46,76,25104,37101,1,FEASIBLE,WORSE
3650,2,46,77,25319,37042,1,FEASIBLE,WORSE
3651,2,46,78,24400,37262,1,FEASIBLE,WORSE
3652,2,46,79,25309,37037,1,FEASIBLE,WORSE
3653,2,46,80,26200,38016,0,CAPACITY_EXCEEDED,INVALID
3654,2,46,81,25207,37708,1,FEASIBLE,WORSE
3655,2,46,82,24513,37030,1,FEASIBLE,WORSE
3656,2,46,83,24540,37221,1,FEASIBLE,WORSE
3657,2,46,84,26201,38408,0,CAPACITY_EXCEEDED,INVALID
3658,2,46,85,24772,37053,1,FEASIBLE,WORSE
3659,2,46,86,24444,37376,1,FEASIBLE,WORSE
3660,2,46,87,25121,37179,1,FEASIBLE,WORSE
3661,2,46,88,25995,38291,0,CAPACITY_EXCEEDED,INVALID
3662,2,46,89,25654,38189,0,CAPACITY_EXCEEDED,INVALID
3663,2,46,90,26215,38442,0,CAPACITY_EXCEEDED,INVALID
3664,2,46,91,26097,38134,0,CAPACITY_EXCEEDED,INVALID
3665,2,46,92,24851,37615,1,FEASIBLE,WORSE
3666,2,46,93,24796,37035,1,FEASIBLE,WORSE
3667,2,46,94,25296,37665,1,FEASIBLE,WORSE
3668,2,46,95,25288,37987,1,FEASIBLE,WORSE
3669,2,46,96,25918,38042,0,CAPACITY_EXCEEDED,INVALID
3670,2,46,97,25812,38167,0,CAPACITY_EXCEEDED,INVALID
3671,2,46,98,24458,37213,1,FEASIBLE,WORSE
3672,2,46,99,25932,38360,0,CAPACITY_EXCEEDED,INVALID
3673,2,47,48,27308,38901,0,CAPACITY_EXCEEDED,INVALID
3674,2,47,49,25483,38227,1,FEASIBLE,WORSE
3675,2,47,50,26071,38573,0,CAPACITY_EXCEEDED,INVALID
3676,2,47,51,25751,38319,0,CAPACITY_EXCEEDED,INVALID
3677,2,47,52,27208,39326,0,CAPACITY_EXCEEDED,INVALID
3678,2,47,53,27051,39197,0,CAPACITY_EXCEEDED,INVALID
3679,2,47,54,25593,37856,0,CAPACITY_EXCEEDED,INVALID
3680,2,47,55,26937,39050,0,CAPACITY_EXCEEDED,INVALID
3681,2,47,56,27063,39267,0,CAPACITY_EXCEEDED,INVALID
3682,2,47,57,27094,39057,0,CAPACITY_EXCEEDED,INVALID
3683,2,47,58,26139,38221,0,CAPACITY_EXCEEDED,INVALID
3684,2,47,59,27331,39131,0,CAPACITY_EXCEEDED,INVALID
3685,2,47,60,27365,39210,0,CAPACITY_EXCEEDED,INVALID
3686,2,47,61,26333,38107,0,CAPACITY_EXCEEDED,INVALID
3687,2,47,62,27380,39175,0,CAPACITY_EXCEEDED,INVALID
3688,2,47,63,27370,39413,0,CAPACITY_EXCEEDED,INVALID
3689,2,47,64,25739,37949,0,CAPACITY_EXCEEDED,INVALID
3690,2,47,65,26363,38753,0,CAPACITY_EXCEEDED,INVALID
3691,2,47,66,27307,38916,0,CAPACITY_EXCEEDED,INVALID
3692,2,47,67,26280,38625,0,CAPACITY_EXCEEDED,INVALID
3693,2,47,68,25439,38088,1,FEASIBLE,WORSE
3694,2,47,69,25740,38238,0,CAPACITY_EXCEEDED,INVALID
3695,2,47,70,26347,38616,0,CAPACITY_EXCEEDED,INVALID
3696,2,47,71,26240,38522,0,CAPACITY_EXCEEDED,INVALID
3697,2,47,72,27044,39032,0,CAPACITY_EXCEEDED,INVALID
3698,2,47,73,25838,38394,0,CAPACITY_EXCEEDED,INVALID
3699,2,47,74,27155,38897,0,CAPACITY_EXCEEDED,INVALID
3700,2,47,75,25480,38156,1,FEASIBLE,WORSE
3701,2,47,76,26189,37958,0,CAPACITY_EXCEEDED,INVALID
3702,2,47,77,26404,37899,0,CAPACITY_EXCEEDED,INVALID
3703,2,47,78,25485,38119,1,FEASIBLE,WORSE
3704,2,47,79,26394,37894,0,CAPACITY_EXCEEDED,INVALID
3705,2,47,80,27285,38873,0,CAPACITY_EXCEEDED,INVALID
3706,2,47,81,26292,38565,0,CAPACITY_EXCEEDED,INVALID
3707,2,47,82,25598,37887,0,CAPACITY_EXCEEDED,INVALID
3708,2,47,83,25625,38078,0,CAPACITY_EXCEEDED,INVALID
3709,2,47,84,27286,39265,0,CAPACITY_EXCEEDED,INVALID
3710,2,47,85,25857,37910,0,CAPACITY_EXCEEDED,INVALID
3711,2,47,86,25529,38233,1,FEASIBLE,WORSE
3712,2,47,87,26206,38036,0,CAPACITY_EXCEEDED,INVALID
3713,2,47,88,27080,39148,0,CAPACITY_EXCEEDED,INVALID
3714,2,47,89,26739,39046,0,CAPACITY_EXCEEDED,INVALID
3715,2,47,90,27300,39299,0,CAPACITY_EXCEEDED,INVALID
3716,2,47,91,27182,38991,0,CAPACITY_EXCEEDED,INVALID
3717,2,47,92,25936,38472,0,CAPACITY_EXCEEDED,INVALID
3718,2,47,93,25881,37892,0,CAPACITY_EXCEEDED,INVALID
3719,2,47,94,26381,38522,0,CAPACITY_EXCEEDED,INVALID
3720,2,47,95,26373,38844,0,CAPACITY_EXCEEDED,INVALID
3721,2,47,96,27003,38899,0,CAPACITY_EXCEEDED,INVALID
3722,2,47,97,26897,39024,0,CAPACITY_EXCEEDED,INVALID
3723,2,47,98,25543,38070,1,FEASIBLE,WORSE
3724,2,47,99,27017,39217,0,CAPACITY_EXCEEDED,INVALID
3725,2,48,49,25509,38230,1,FEASIBLE,WORSE
3726,2,48,50,26097,38576,0,CAPACITY_EXCEEDED,INVALID
3727,2,48,51,25777,38322,0,CAPACITY_EXCEEDED,INVALID
3728,2,48,52,27234,39329,0,CAPACITY_EXCEEDED,INVALID
3729,2,48,53,27077,39200,0,CAPACITY_EXCEEDED,INVALID
3730,2,48,54,25619,37859,0,CAPACITY_EXCEEDED,INVALID
3731,2,48,55,26963,39053,0,CAPACITY_EXCEEDED,INVALID
3732,2,48,56,27089,39270,0,CAPACITY_EXCEEDED,INVALID
3733,2,48,57,27120,39060,0,CAPACITY_EXCEEDED,INVALID
3734,2,48,58,26165,38224,0,CAPACITY_EXCEEDED,INVALID
3735,2,48,59,27357,39134,0,CAPACITY_EXCEEDED,INVALID
3736,2,48,60,27391,39213,0,CAPACITY_EXCEEDED,INVALID
3737,2,48,61,26359,38110,0,CAPACITY_EXCEEDED,INVALID
3738,2,48,62,27406,39178,0,CAPACITY_EXCEEDED,INVALID
3739,2,48,63,27396,39416,0,CAPACITY_EXCEEDED,INVALID
3740,2,48,64,25765,37952,0,CAPACITY_EXCEEDED,INVALID
3741,2,48,65,26389,38756,0,CAPACITY_EXCEEDED,INVALID
3742,2,48,66,27333,38919,0,CAPACITY_EXCEEDED,INVALID
3743,2,48,67,26306,38628,0,CAPACITY_EXCEEDED,INVALID
3744,2,48,68,25465,38091,1,FEASIBLE,WORSE
3745,2,48,69,25766,38241,0,CAPACITY_EXCEEDED,INVALID
3746,2,48,70,26373,38619,0,CAPACITY_EXCEEDED,INVALID
3747,2,48,71,26266,38525,0,CAPACITY_EXCEEDED,INVALID
3748,2,48,72,27070,39035,0,CAPACITY_EXCEEDED,INVALID
3749,2,48,73,25864,38397,0,CAPACITY_EXCEEDED,INVALID
3750,2,48,74,27181,38900,0,CAPACITY_EXCEEDED,INVALID
3751,2,48,75,25506,38159,1,FEASIBLE,WORSE
3752,2,48,76,26215,37961,0,CAPACITY_EXCEEDED,INVALID
3753,2,48,77,26430,37902,0,CAPACITY_EXCEEDED,INVALID
3754,2,48,78,25511,38122,1,FEASIBLE,WORSE
3755,2,48,79,26420,37897,0,CAPACITY_EXCEEDED,INVALID
3756,2,48,80,27311,38876,0,CAPACITY_EXCEEDED,INVALID
3757,2,48,81,26318,38568,0,CAPACITY_EXCEEDED,INVALID
3758,2,48,82,25624,37890,0,CAPACITY_EXCEEDED,INVALID
3759,2,48,83,25651,38081,0,CAPACITY_EXCEEDED,INVALID
3760,2,48,84,27312,39268,0,CAPACITY_EXCEEDED,INVALID
3761,2,48,85,25883,37913,0,CAPACITY_EXCEEDED,INVALID
3762,2,48,86,25555,38236,0,CAPACITY_EXCEEDED,INVALID
3763,2,48,87,26232,38039,0,CAPACITY_EXCEEDED,INVALID
3764,2,48,88,27106,39151,0,CAPACITY_EXCEEDED,INVALID
3765,2,48,89,26765,39049,0,CAPACITY_EXCEEDED,INVALID
3766,2,48,90,27326,39302,0,CAPACITY_EXCEEDED,INVALID
3767,2,48,91,27208,38994,0,CAPACITY_EXCEEDED,INVALID
3768,2,48,92,25962,38475,0,CAPACITY_EXCEEDED,INVALID
3769,2,48,93,25907,37895,0,CAPACITY_EXCEEDED,INVALID
3770,2,48,94,26407,38525,0,CAPACITY_EXCEEDED,INVALID
3771,2,48,95,26399,38847,0,CAPACITY_EXCEEDED,INVALID
3772,2,48,96,27029,38902,0,CAPACITY_EXCEEDED,INVALID
3773,2,48,97,26923,39027,0,CAPACITY_EXCEEDED,INVALID
3774,2,48,98,25569,38073,0,CAPACITY_EXCEEDED,INVALID
3775,2,48,99,27043,39220,0,CAPACITY_EXCEEDED,INVALID
3776,2,49,50,24272,37902,1,FEASIBLE,WORSE
3777,2,49,51,23952,37648,1,FEASIBLE,WORSE
3778,2,49,52,25409,38655,1,FEASIBLE,WORSE
3779,2,49,53,25252,38526,1,FEASIBLE,WORSE
3780,2,49,54,23794,37185,1,FEASIBLE,WORSE
3781,2,49,55,25138,38379,1,FEASIBLE,WORSE
3782,2,49,56,25264,38596,1,FEASIBLE,WORSE
3783,2,49,57,25295,38386,1,FEASIBLE,WORSE
3784,2,49,58,24340,37550,1,FEASIBLE,WORSE
3785,2,49,59,25532,38460,1,FEASIBLE,WORSE
3786,2,49,60,25566,38539,0,CAPACITY_EXCEEDED,INVALID
3787,2,49,61,24534,37436,1,FEASIBLE,WORSE
3788,2,49,62,25581,38504,0,CAPACITY_EXCEEDED,INVALID
3789,2,49,63,25571,38742,0,CAPACITY_EXCEEDED,INVALID
3790,2,49,64,23940,37278,1,FEASIBLE,WORSE
3791,2,49,65,24564,38082,1,FEASIBLE,WORSE
3792,2,49,66,25508,38245,1,FEASIBLE,WORSE
3793,2,49,67,24481,37954,1,FEASIBLE,WORSE
3794,2,49,68,23640,37417,1,FEASIBLE,WORSE
3795,2,49,69,23941,37567,1,FEASIBLE,WORSE
3796,2,49,70,24548,37945,1,FEASIBLE,WORSE
3797,2,49,71,24441,37851,1,FEASIBLE,WORSE
3798,2,49,72,25245,38361,1,FEASIBLE,WORSE
3799,2,49,73,24039,37723,1,FEASIBLE,WORSE
3800,2,49,74,25356,38226,1,FEASIBLE,WORSE
3801,2,49,75,23681,37485,1,FEASIBLE,WORSE
3802,2,49,76,24390,37287,1,FEASIBLE,WORSE
3803,2,49,77,24605,37228,1,FEASIBLE,WORSE
3804,2,49,78,23686,37448,1,FEASIBLE,WORSE
3805,2,49,79,24595,37223,1,FEASIBLE,WORSE
3806,2,49,80,25486,38202,1,FEASIBLE,WORSE
3807,2,49,81,24493,37894,1,FEASIBLE,WORSE
3808,2,49,82,23799,37216,1,FEASIBLE,WORSE
3809,2,49,83,23826,37407,1,FEASIBLE,WORSE
3810,2,49,84,25487,38594,1,FEASIBLE,WORSE
3811,2,49,85,24058,37239,1,FEASIBLE,WORSE
3812,2,49,86,23730,37562,1,FEASIBLE,WORSE
3813,2,49,87,24407,37365,1,FEASIBLE,WORSE
3814,2,49,88,25281,38477,1,FEASIBLE,WORSE
3815,2,49,89,24940,38375,1,FEASIBLE,WORSE
3816,2,49,90,25501,38628,1,FEASIBLE,WORSE
3817,2,49,91,25383,38320,1,FEASIBLE,WORSE
3818,2,49,92,24137,37801,1,FEASIBLE,WORSE
3819,2,49,93,24082,37221,1,FEASIBLE,WORSE
3820,2,49,94,24582,37851,1,FEASIBLE,WORSE
3821,2,49,95,24574,38173,1,FEASIBLE,WORSE
3822,2,49,96,25204,38228,1,FEASIBLE,WORSE
3823,2,49,97,25098,38353,1,FEASIBLE,WORSE
3824,2,49,98,23744,37399,1,FEASIBLE,WORSE
3825,2,49,99,25218,38546,1,FEASIBLE,WORSE
3826,2,50,51,24540,37994,1,FEASIBLE,WORSE
3827,2,50,52,25997,39001,0,CAPACITY_EXCEEDED,INVALID
3828,2,50,53,25840,38872,0,CAPACITY_EXCEEDED,INVALID
3829,2,50,54,24382,37531,1,FEASIBLE,WORSE
3830,2,50,55,25726,38725,0,CAPACITY_EXCEEDED,INVALID
3831,2,50,56,25852,38942,0,CAPACITY_EXCEEDED,INVALID
3832,2,50,57,25883,38732,0,CAPACITY_EXCEEDED,INVALID
3833,2,50,58,24928,37896,1,FEASIBLE,WORSE
3834,2,50,59,26120,38806,0,CAPACITY_EXCEEDED,INVALID
3835,2,50,60,26154,38885,0,CAPACITY_EXCEEDED,INVALID
3836,2,50,61,25122,37782,1,FEASIBLE,WORSE
3837,2,50,62,26169,38850,0,CAPACITY_EXCEEDED,INVALID
3838,2,50,63,26159,39088,0,CAPACITY_EXCEEDED,INVALID
3839,2,50,64,24528,37624,1,FEASIBLE,WORSE
3840,2,50,65,25152,38428,1,FEASIBLE,WORSE
3841,2,50,66,26096,38591,0,CAPACITY_EXCEEDED,INVALID
3842,2,50,67,25069,38300,1,FEASIBLE,WORSE
3843,2,50,68,24228,37763,1,FEASIBLE,WORSE
3844,2,50,69,24529,37913,1,FEASIBLE,WORSE
3845,2,50,70,25136,38291,1,FEASIBLE,WORSE
3846,2,50,71,25029,38197,1,FEASIBLE,WORSE
3847,2,50,72,25833,38707,0,CAPACITY_EXCEEDED,INVALID
3848,2,50,73,24627,38069,1,FEASIBLE,WORSE
3849,2,50,74,25944,38572,0,CAPACITY_EXCEEDED,INVALID
3850,2,50,75,24269,37831,1,FEASIBLE,WORSE
3851,2,50,76,24978,37633,1,FEASIBLE,WORSE
3852,2,50,77,25193,37574,1,FEASIBLE,WORSE
3853,2,50,78,24274,37794,1,FEASIBLE,WORSE
3854,2,50,79,25183,37569,1,FEASIBLE,WORSE
3855,2,50,80,26074,38548,0,CAPACITY_EXCEEDED,INVALID
3856,2,50,81,25081,38240,1,FEASIBLE,WORSE
3857,2,50,82,24387,37562,1,FEASIBLE,WORSE
3858,2,50,83,24414,37753,1,FEASIBLE,WORSE
3859,2,50,84,26075,38940,0,CAPACITY_EXCEEDED,INVALID
3860,2,50,85,24646,37585,1,FEASIBLE,WORSE
3861,2,50,86,24318,37908,1,FEASIBLE,WORSE
3862,2,50,87,24995,37711,1,FEASIBLE,WORSE
3863,2,50,88,25869,38823,0,CAPACITY_EXCEEDED,INVALID
3864,2,50,89,25528,38721,1,FEASIBLE,WORSE
3865,2,50,90,26089,38974,0,CAPACITY_EXCEEDED,INVALID
3866,2,50,91,25971,38666,0,CAPACITY_EXCEEDED,INVALID
3867,2,50,92,24725,38147,1,FEASIBLE,WORSE
3868,2,50,93,24670,37567,1,FEASIBLE,WORSE
3869,2,50,94,25170,38197,1,FEASIBLE,WORSE
3870,2,50,95,25162,38519,1,FEASIBLE,WORSE
3871,2,50,96,25792,38574,0,CAPACITY_EXCEEDED,INVALID
3872,2,50,97,25686,38699,0,CAPACITY_EXCEEDED,INVALID
3873,2,50,98,24332,37745,1,FEASIBLE,WORSE
3874,2,50,99,25806,38892,0,CAPACITY_EXCEEDED,INVALID
3875,2,51,52,25677,38747,0,CAPACITY_EXCEEDED,INVALID
3876,2,51,53,25520,38618,1,FEASIBLE,WORSE
3877,2,51,54,24062,37277,1,FEASIBLE,WORSE
3878,2,51,55,25406,38471,1,FEASIBLE,WORSE
3879,2,51,56,25532,38688,1,FEASIBLE,WORSE
3880,2,51,57,25563,38478,0,CAPACITY_EXCEEDED,INVALID
3881,2,51,58,24608,37642,1,FEASIBLE,WORSE
3882,2,51,59,25800,38552,0,CAPACITY_EXCEEDED,INVALID
3883,2,51,60,25834,38631,0,CAPACITY_EXCEEDED,INVALID
3884,2,51,61,24802,37528,1,FEASIBLE,WORSE
3885,2,51,62,25849,38596,0,CAPACITY_EXCEEDED,INVALID
3886,2,51,63,25839,38834,0,CAPACITY_EXCEEDED,INVALID
3887,2,51,64,24208,37370,1,FEASIBLE,WORSE
3888,2,51,65,24832,38174,1,FEASIBLE,WORSE
3889,2,51,66,25776,38337,0,CAPACITY_EXCEEDED,INVALID
3890,2,51,67,24749,38046,1,FEASIBLE,WORSE
3891,2,51,68,23908,37509,1,FEASIBLE,WORSE
3892,2,51,69,24209,37659,1,FEASIBLE,WORSE
3893,2,51,70,24816,38037,1,FEASIBLE,WORSE
3894,2,51,71,24709,37943,1,FEASIBLE,WORSE
3895,2,51,72,25513,38453,1,FEASIBLE,WORSE
3896,2,51,73,24307,37815,1,FEASIBLE,WORSE
3897,2,51,74,25624,38318,0,CAPACITY_EXCEEDED,INVALID
3898,2,51,75,23949,37577,1,FEASIBLE,WORSE
3899,2,51,76,24658,37379,1,FEASIBLE,WORSE
3900,2,51,77,24873,37320,1,FEASIBLE,WORSE
3901,2,51,78,23954,37540,1,FEASIBLE,WORSE
3902,2,51,79,24863,37315,1,FEASIBLE,WORSE
3903,2,51,80,25754,38294,0,CAPACITY_EXCEEDED,INVALID
3904,2,51,81,24761,37986,1,FEASIBLE,WORSE
3905,2,51,82,24067,37308,1,FEASIBLE,WORSE
3906,2,51,83,24094,37499,1,FEASIBLE,WORSE
3907,2,51,84,25755,38686,0,CAPACITY_EXCEEDED,INVALID
3908,2,51,85,24326,37331,1,FEASIBLE,WORSE
3909,2,51,86,23998,37654,1,FEASIBLE,WORSE
3910,2,51,87,24675,37457,1,FEASIBLE,WORSE
3911,2,51,88,25549,38569,0,CAPACITY_EXCEEDED,INVALID
3912,2,51,89,25208,38467,1,FEASIBLE,WORSE
3913,2,51,90,25769,38720,0,CAPACITY_EXCEEDED,INVALID
3914,2,51,91,25651,38412,0,CAPACITY_EXCEEDED,INVALID
3915,2,51,92,24405,37893,1,FEASIBLE,WORSE
3916,2,51,93,24350,37313,1,FEASIBLE,WORSE
3917,2,51,94,24850,37943,1,FEASIBLE,WORSE
3918,2,51,95,24842,38265,1,FEASIBLE,WORSE
3919,2,51,96,25472,38320,1,FEASIBLE,WORSE
3920,2,51,97,25366,38445,1,FEASIBLE,WORSE
3921,2,51,98,24012,37491,1,FEASIBLE,WORSE
3922,2,51,99,25486,38638,1,FEASIBLE,WORSE
3923,2,52,53,26977,39625,0,CAPACITY_EXCEEDED,INVALID
3924,2,52,54,25519,38284,1,FEASIBLE,WORSE
3925,2,52,55,26863,39478,0,CAPACITY_EXCEEDED,INVALID
3926,2,52,56,26989,39695,0,CAPACITY_EXCEEDED,INVALID
3927,2,52,57,27020,39485,0,CAPACITY_EXCEEDED,INVALID
3928,2,52,58,26065,38649,0,CAPACITY_EXCEEDED,INVALID
3929,2,52,59,27257,39559,0,CAPACITY_EXCEEDED,INVALID
3930,2,52,60,27291,39638,0,CAPACITY_EXCEEDED,INVALID
3931,2,52,61,26259,38535,0,CAPACITY_EXCEEDED,INVALID
3932,2,52,62,27306,39603,0,CAPACITY_EXCEEDED,INVALID
3933,2,52,63,27296,39841,0,CAPACITY_EXCEEDED,INVALID
3934,2,52,64,25665,38377,0,CAPACITY_EXCEEDED,INVALID
3935,2,52,65,26289,39181,0,CAPACITY_EXCEEDED,INVALID
3936,2,52,66,27233,39344,0,CAPACITY_EXCEEDED,INVALID
3937,2,52,67,26206,39053,0,CAPACITY_EXCEEDED,INVALID
3938,2,52,68,25365,38516,1,FEASIBLE,WORSE
3939,2,52,69,25666,38666,0,CAPACITY_EXCEEDED,INVALID
3940,2,52,70,26273,39044,0,CAPACITY_EXCEEDED,INVALID
3941,2,52,71,26166,38950,0,CAPACITY_EXCEEDED,INVALID
3942,2,52,72,26970,39460,0,CAPACITY_EXCEEDED,INVALID
3943,2,52,73,25764,38822,0,CAPACITY_EXCEEDED,INVALID
3944,2,52,74,27081,39325,0,CAPACITY_EXCEEDED,INVALID
3945,2,52,75,25406,38584,1,FEASIBLE,WORSE
3946,2,52,76,26115,38386,0,CAPACITY_EXCEEDED,INVALID
3947,2,52,77,26330,38327,0,CAPACITY_EXCEEDED,INVALID
3948,2,52,78,25411,38547,1,FEASIBLE,WORSE
3949,2,52,79,26320,38322,0,CAPACITY_EXCEEDED,INVALID
3950,2,52,80,27211,39301,0,CAPACITY_EXCEEDED,INVALID
3951,2,52,81,26218,38993,0,CAPACITY_EXCEEDED,INVALID
3952,2,52,82,25524,38315,1,FEASIBLE,WORSE
3953,2,52,83,25551,38506,0,CAPACITY_EXCEEDED,INVALID
3954,2,52,84,27212,39693,0,CAPACITY_EXCEEDED,INVALID
3955,2,52,85,25783,38338,0,CAPACITY_EXCEEDED,INVALID
3956,2,52,86,25455,38661,1,FEASIBLE,WORSE
3957,2,52,87,26132,38464,0,CAPACITY_EXCEEDED,INVALID
3958,2,52,88,27006,39576,0,CAPACITY_EXCEEDED,INVALID
3959,2,52,89,26665,39474,0,CAPACITY_EXCEEDED,INVALID
3960,2,52,90,27226,39727,0,CAPACITY_EXCEEDED,INVALID
3961,2,52,91,27108,39419,0,CAPACITY_EXCEEDED,INVALID
3962,2,52,92,25862,38900,0,CAPACITY_EXCEEDED,INVALID
3963,2,52,93,25807,38320,0,CAPACITY_EXCEEDED,INVALID
3964,2,52,94,26307,38950,0,CAPACITY_EXCEEDED,INVALID
3965,2,52,95,26299,39272,0,CAPACITY_EXCEEDED,INVALID
3966,2,52,96,26929,39327,0,CAPACITY_EXCEEDED,INVALID
3967,2,52,97,26823,39452,0,CAPACITY_EXCEEDED,INVALID
3968,2,52,98,25469,38498,1,FEASIBLE,WORSE
3969,2,52,99,26943,39645,0,CAPACITY_EXCEEDED,INVALID
3970,2,53,54,25362,38155,1,FEASIBLE,WORSE
3971,2,53,55,26706,39349,0,CAPACITY_EXCEEDED,INVALID
3972,2,53,56,26832,39566,0,CAPACITY_EXCEEDED,INVALID
3973,2,53,57,26863,39356,0,CAPACITY_EXCEEDED,INVALID
3974,2,53,58,25908,38520,0,CAPACITY_EXCEEDED,INVALID
3975,2,53,59,27100,39430,0,CAPACITY_EXCEEDED,INVALID
3976,2,53,60,27134,39509,0,CAPACITY_EXCEEDED,INVALID
3977,2,53,61,26102,38406,0,CAPACITY_EXCEEDED,INVALID
3978,2,53,62,27149,39474,0,CAPACITY_EXCEEDED,INVALID
3979,2,53,63,27139,39712,0,CAPACITY_EXCEEDED,INVALID
3980,2,53,64,25508,38248,1,FEASIBLE,WORSE
3981,2,53,65,26132,39052,0,CAPACITY_EXCEEDED,INVALID
3982,2,53,66,27076,39215,0,CAPACITY_EXCEEDED,INVALID
3983,2,53,67,26049,38924,0,CAPACITY_EXCEEDED,INVALID
3984,2,53,68,25208,38387,1,FEASIBLE,WORSE
3985,2,53,69,25509,38537,1,FEASIBLE,WORSE
3986,2,53,70,26116,38915,0,CAPACITY_EXCEEDED,INVALID
3987,2,53,71,26009,38821,0,CAPACITY_EXCEEDED,INVALID
3988,2,53,72,26813,39331,0,CAPACITY_EXCEEDED,INVALID
3989,2,53,73,25607,38693,0,CAPACITY_EXCEEDED,INVALID
3990,2,53,74,26924,39196,0,CAPACITY_EXCEEDED,INVALID
3991,2,53,75,25249,38455,1,FEASIBLE,WORSE
3992,2,53,76,25958,38257,0,CAPACITY_EXCEEDED,INVALID
3993,2,53,77,26173,38198,0,CAPACITY_EXCEEDED,INVALID
3994,2,53,78,25254,38418,1,FEASIBLE,WORSE
3995,2,53,79,26163,38193,0,CAPACITY_EXCEEDED,INVALID
3996,2,53,80,27054,39172,0,CAPACITY_EXCEEDED,INVALID
3997,2,53,81,26061,38864,0,CAPACITY_EXCEEDED,INVALID
3998,2,53,82,25367,38186,1,FEASIBLE,WORSE
3999,2,53,83,25394,38377,1,FEASIBLE,WORSE
4000,2,53,84,27055,39564,0,CAPACITY_EXCEEDED,INVALID
4001,2,53,85,25626,38209,0,CAPACITY_EXCEEDED,INVALID
4002,2,53,86,25298,38532,1,FEASIBLE,WORSE
4003,2,53,87,25975,38335,0,CAPACITY_EXCEEDED,INVALID
4004,2,53,88,26849,39447,0,CAPACITY_EXCEEDED,INVALID
4005,2,53,89,26508,39345,0,CAPACITY_EXCEEDED,INVALID
4006,2,53,90,27069,39598,0,CAPACITY_EXCEEDED,INVALID
4007,2,53,91,26951,39290,0,CAPACITY_EXCEEDED,INVALID
4008,2,53,92,25705,38771,0,CAPACITY_EXCEEDED,INVALID
4009,2,53,93,25650,38191,0,CAPACITY_EXCEEDED,INVALID
4010,2,53,94,26150,38821,0,CAPACITY_EXCEEDED,INVALID
4011,2,53,95,26142,39143,0,CAPACITY_EXCEEDED,INVALID
4012,2,53,96,26772,39198,0,CAPACITY_EXCEEDED,INVALID
4013,2,53,97,26666,39323,0,CAPACITY_EXCEEDED,INVALID
4014,2,53,98,25312,38369,1,FEASIBLE,WORSE
4015,2,53,99,26786,39516,0,CAPACITY_EXCEEDED,INVALID
4016,2,54,55,25248,38008,1,FEASIBLE,WORSE
4017,2,54,56,25374,38225,1,FEASIBLE,WORSE
4018,2,54,57,25405,38015,1,FEASIBLE,WORSE
4019,2,54,58,24450,37179,1,FEASIBLE,WORSE
4020,2,54,59,25642,38089,0,CAPACITY_EXCEEDED,INVALID
4021,2,54,60,25676,38168,0,CAPACITY_EXCEEDED,INVALID
4022,2,54,61,24644,37065,1,FEASIBLE,WORSE
4023,2,54,62,25691,38133,0,CAPACITY_EXCEEDED,INVALID
4024,2,54,63,25681,38371,0,CAPACITY_EXCEEDED,INVALID
4025,2,54,64,24050,36907,1,FEASIBLE,WORSE
4026,2,54,65,24674,37711,1,FEASIBLE,WORSE
4027,2,54,66,25618,37874,0,CAPACITY_EXCEEDED,INVALID
4028,2,54,67,24591,37583,1,FEASIBLE,WORSE
4029,2,54,68,23750,37046,1,FEASIBLE,WORSE
4030,2,54,69,24051,37196,1,FEASIBLE,WORSE
4031,2,54,70,24658,37574,1,FEASIBLE,WORSE
4032,2,54,71,24551,37480,1,FEASIBLE,WORSE
4033,2,54,72,25355,37990,1,FEASIBLE,WORSE
4034,2,54,73,24149,37352,1,FEASIBLE,WORSE
4035,2,54,74,25466,37855,1,FEASIBLE,WORSE
4036,2,54,75,23791,37114,1,FEASIBLE,WORSE
4037,2,54,76,24500,36916,1,FEASIBLE,WORSE
4038,2,54,77,24715,36857,1,FEASIBLE,WORSE
4039,2,54,78,23796,37077,1,FEASIBLE,WORSE
4040,2,54,79,24705,36852,1,FEASIBLE,WORSE
4041,2,54,80,25596,37831,0,CAPACITY_EXCEEDED,INVALID
4042,2,54,81,24603,37523,1,FEASIBLE,WORSE
4043,2,54,82,23909,36845,1,FEASIBLE,WORSE
4044,2,54,83,23936,37036,1,FEASIBLE,WORSE
4045,2,54,84,25597,38223,0,CAPACITY_EXCEEDED,INVALID
4046,2,54,85,24168,36868,1,FEASIBLE,WORSE
4047,2,54,86,23840,37191,1,FEASIBLE,WORSE
4048,2,54,87,24517,36994,1,FEASIBLE,WORSE
4049,2,54,88,25391,38106,1,FEASIBLE,WORSE
4050,2,54,89,25050,38004,1,FEASIBLE,WORSE
4051,2,54,90,25611,38257,0,CAPACITY_EXCEEDED,INVALID
4052,2,54,91,25493,37949,1,FEASIBLE,WORSE
4053,2,54,92,24247,37430,1,FEASIBLE,WORSE
4054,2,54,93,24192,36850,1,FEASIBLE,WORSE
4055,2,54,94,24692,37480,1,FEASIBLE,WORSE
4056,2,54,95,24684,37802,1,FEASIBLE,WORSE
4057,2,54,96,25314,37857,1,FEASIBLE,WORSE
4058,2,54,97,25208,37982,1,FEASIBLE,WORSE
4059,2,54,98,23854,37028,1,FEASIBLE,WORSE
4060,2,54,99,25328,38175,1,FEASIBLE,WORSE
4061,2,55,56,26718,39419,0,CAPACITY_EXCEEDED,INVALID
4062,2,55,57,26749,39209,0,CAPACITY_EXCEEDED,INVALID
4063,2,55,58,25794,38373,0,CAPACITY_EXCEEDED,INVALID
4064,2,55,59,26986,39283,0,CAPACITY_EXCEEDED,INVALID
4065,2,55,60,27020,39362,0,CAPACITY_EXCEEDED,INVALID
4066,2,55,61,25988,38259,0,CAPACITY_EXCEEDED,INVALID
4067,2,55,62,27035,39327,0,CAPACITY_EXCEEDED,INVALID
4068,2,55,63,27025,39565,0,CAPACITY_EXCEEDED,INVALID
4069,2,55,64,25394,38101,1,FEASIBLE,WORSE
4070,2,55,65,26018,38905,0,CAPACITY_EXCEEDED,INVALID
4071,2,55,66,26962,39068,0,CAPACITY_EXCEEDED,INVALID
4072,2,55,67,25935,38777,0,CAPACITY_EXCEEDED,INVALID
4073,2,55,68,25094,38240,1,FEASIBLE,WORSE
4074,2,55,69,25395,38390,1,FEASIBLE,WORSE
4075,2,55,70,26002,38768,0,CAPACITY_EXCEEDED,INVALID
4076,2,55,71,25895,38674,0,CAPACITY_EXCEEDED,INVALID
4077,2,55,72,26699,39184,0,CAPACITY_EXCEEDED,INVALID
4078,2,55,73,25493,38546,1,FEASIBLE,WORSE
4079,2,55,74,26810,39049,0,CAPACITY_EXCEEDED,INVALID
4080,2,55,75,25135,38308,1,FEASIBLE,WORSE
4081,2,55,76,25844,38110,0,CAPACITY_EXCEEDED,INVALID
4082,2,55,77,26059,38051,0,CAPACITY_EXCEEDED,INVALID
4083,2,55,78,25140,38271,1,FEASIBLE,WORSE
4084,2,55,79,26049,38046,0,CAPACITY_EXCEEDED,INVALID
4085,2,55,80,26940,39025,0,CAPACITY_EXCEEDED,INVALID
4086,2,55,81,25947,38717,0,CAPACITY_EXCEEDED,INVALID
4087,2,55,82,25253,38039,1,FEASIBLE,WORSE
4088,2,55,83,25280,38230,1,FEASIBLE,WORSE
4089,2,55,84,26941,39417,0,CAPACITY_EXCEEDED,INVALID
4090,2,55,85,25512,38062,1,FEASIBLE,WORSE
4091,2,55,86,25184,38385,1,FEASIBLE,WORSE
4092,2,55,87,25861,38188,0,CAPACITY_EXCEEDED,INVALID
4093,2,55,88,26735,39300,0,CAPACITY_EXCEEDED,INVALID
4094,2,55,89,26394,39198,0,CAPACITY_EXCEEDED,INVALID
4095,2,55,90,26955,39451,0,CAPACITY_EXCEEDED,INVALID
4096,2,55,91,26837,39143,0,CAPACITY_EXCEEDED,INVALID
4097,2,55,92,25591,38624,0,CAPACITY_EXCEEDED,INVALID
4098,2,55,93,25536,38044,1,FEASIBLE,WORSE
4099,2,55,94,26036,38674,0,CAPACITY_EXCEEDED,INVALID
4100,2,55,95,26028,38996,0,CAPACITY_EXCEEDED,INVALID
4101,2,55,96,26658,39051,0,CAPACITY_EXCEEDED,INVALID
4102,2,55,97,26552,39176,0,CAPACITY_EXCEEDED,INVALID
4103,2,55,98,25198,38222,1,FEASIBLE,WORSE
4104,2,55,99,26672,39369,0,CAPACITY_EXCEEDED,INVALID
4105,2,56,57,26875,39426,0,CAPACITY_EXCEEDED,INVALID
4106,2,56,58,25920,38590,0,CAPACITY_EXCEEDED,INVALID
4107,2,56,59,27112,39500,0,CAPACITY_EXCEEDED,INVALID
4108,2,56,60,27146,39579,0,CAPACITY_EXCEEDED,INVALID
4109,2,56,61,26114,38476,0,CAPACITY_EXCEEDED,INVALID
4110,2,56,62,27161,39544,0,CAPACITY_EXCEEDED,INVALID
4111,2,56,63,27151,39782,0,CAPACITY_EXCEEDED,INVALID
4112,2,56,64,25520,38318,1,FEASIBLE,WORSE
4113,2,56,65,26144,39122,0,CAPACITY_EXCEEDED,INVALID
4114,2,56,66,27088,39285,0,CAPACITY_EXCEEDED,INVALID
4115,2,56,67,26061,38994,0,CAPACITY_EXCEEDED,INVALID
4116,2,56,68,25220,38457,1,FEASIBLE,WORSE
4117,2,56,69,25521,38607,1,FEASIBLE,WORSE
4118,2,56,70,26128,38985,0,CAPACITY_EXCEEDED,INVALID
4119,2,56,71,26021,38891,0,CAPACITY_EXCEEDED,INVALID
4120,2,56,72,26825,39401,0,CAPACITY_EXCEEDED,INVALID
4121,2,56,73,25619,38763,0,CAPACITY_EXCEEDED,INVALID
4122,2,56,74,26936,39266,0,CAPACITY_EXCEEDED,INVALID
4123,2,56,75,25261,38525,1,FEASIBLE,WORSE
4124,2,56,76,25970,38327,0,CAPACITY_EXCEEDED,INVALID
4125,2,56,77,26185,38268,0,CAPACITY_EXCEEDED,INVALID
4126,2,56,78,25266,38488,1,FEASIBLE,WORSE
4127,2,56,79,26175,38263,0,CAPACITY_EXCEEDED,INVALID
4128,2,56,80,27066,39242,0,CAPACITY_EXCEEDED,INVALID
4129,2,56,81,26073,38934,0,CAPACITY_EXCEEDED,INVALID
4130,2,56,82,25379,38256,1,FEASIBLE,WORSE
4131,2,56,83,25406,38447,1,FEASIBLE,WORSE
4132,2,56,84,27067,39634,0,CAPACITY_EXCEEDED,INVALID
4133,2,56,85,25638,38279,0,CAPACITY_EXCEEDED,INVALID
4134,2,56,86,25310,38602,1,FEASIBLE,WORSE
4135,2,56,87,25987,38405,0,CAPACITY_EXCEEDED,INVALID
4136,2,56,88,26861,39517,0,CAPACITY_EXCEEDED,INVALID
4137,2,56,89,26520,39415,0,CAPACITY_EXCEEDED,INVALID
4138,2,56,90,27081,39668,0,CAPACITY_EXCEEDED,INVALID
4139,2,56,91,26963,39360,0,CAPACITY_EXCEEDED,INVALID
4140,2,56,92,25717,38841,0,CAPACITY_EXCEEDED,INVALID
4141,2,56,93,25662,38261,0,CAPACITY_EXCEEDED,INVALID
4142,2,56,94,26162,38891,0,CAPACITY_EXCEEDED,INVALID
4143,2,56,95,26154,39213,0,CAPACITY_EXCEEDED,INVALID
4144,2,56,96,26784,39268,0,CAPACITY_EXCEEDED,INVALID
4145,2,56,97,26678,39393,0,CAPACITY_EXCEEDED,INVALID
4146,2,56,98,25324,38439,1,FEASIBLE,WORSE
4147,2,56,99,26798,39586,0,CAPACITY_EXCEEDED,INVALID
4148,2,57,58,25951,38380,0,CAPACITY_EXCEEDED,INVALID
4149,2,57,59,27143,39290,0,CAPACITY_EXCEEDED,INVALID
4150,2,57,60,27177,39369,0,CAPACITY_EXCEEDED,INVALID
4151,2,57,61,26145,38266,0,CAPACITY_EXCEEDED,INVALID
4152,2,57,62,27192,39334,0,CAPACITY_EXCEEDED,INVALID
4153,2,57,63,27182,39572,0,CAPACITY_EXCEEDED,INVALID
4154,2,57,64,25551,38108,0,CAPACITY_EXCEEDED,INVALID
4155,2,57,65,26175,38912,0,CAPACITY_EXCEEDED,INVALID
4156,2,57,66,27119,39075,0,CAPACITY_EXCEEDED,INVALID
4157,2,57,67,26092,38784,0,CAPACITY_EXCEEDED,INVALID
4158,2,57,68,25251,38247,1,FEASIBLE,WORSE
4159,2,57,69,25552,38397,0,CAPACITY_EXCEEDED,INVALID
4160,2,57,70,26159,38775,0,CAPACITY_EXCEEDED,INVALID
4161,2,57,71,26052,38681,0,CAPACITY_EXCEEDED,INVALID
4162,2,57,72,26856,39191,0,CAPACITY_EXCEEDED,INVALID
4163,2,57,73,25650,38553,0,CAPACITY_EXCEEDED,INVALID
4164,2,57,74,26967,39056,0,CAPACITY_EXCEEDED,INVALID
4165,2,57,75,25292,38315,1,FEASIBLE,WORSE
4166,2,57,76,26001,38117,0,CAPACITY_EXCEEDED,INVALID
4167,2,57,77,26216,38058,0,CAPACITY_EXCEEDED,INVALID
4168,2,57,78,25297,38278,1,FEASIBLE,WORSE
4169,2,57,79,26206,38053,0,CAPACITY_EXCEEDED,INVALID
4170,2,57,80,27097,39032,0,CAPACITY_EXCEEDED,INVALID
4171,2,57,81,26104,38724,0,CAPACITY_EXCEEDED,INVALID
4172,2,57,82,25410,38046,1,FEASIBLE,WORSE
4173,2,57,83,25437,38237,1,FEASIBLE,WORSE
4174,2,57,84,27098,39424,0,CAPACITY_EXCEEDED,INVALID
4175,2,57,85,25669,38069,0,CAPACITY_EXCEEDED,INVALID
4176,2,57,86,25341,38392,1,FEASIBLE,WORSE
4177,2,57,87,26018,38195,0,CAPACITY_EXCEEDED,INVALID
4178,2,57,88,26892,39307,0,CAPACITY_EXCEEDED,INVALID
4179,2,57,89,26551,39205,0,CAPACITY_EXCEEDED,INVALID
4180,2,57,90,27112,39458,0,CAPACITY_EXCEEDED,INVALID
4181,2,57,91,26994,39150,0,CAPACITY_EXCEEDED,INVALID
4182,2,57,92,25748,38631,0,CAPACITY_EXCEEDED,INVALID
4183,2,57,93,25693,38051,0,CAPACITY_EXCEEDED,INVALID
4184,2,57,94,26193,38681,0,CAPACITY_EXCEEDED,INVALID
4185,2,57,95,26185,39003,0,CAPACITY_EXCEEDED,INVALID
4186,2,57,96,26815,39058,0,CAPACITY_EXCEEDED,INVALID
4187,2,57,97,26709,39183,0,CAPACITY_EXCEEDED,INVALID
4188,2,57,98,25355,38229,1,FEASIBLE,WORSE
4189,2,57,99,26829,39376,0,CAPACITY_EXCEEDED,INVALID
4190,2,58,59,26188,38454,0,CAPACITY_EXCEEDED,INVALID
4191,2,58,60,26222,38533,0,CAPACITY_EXCEEDED,INVALID
4192,2,58,61,25190,37430,1,FEASIBLE,WORSE
4193,2,58,62,26237,38498,0,CAPACITY_EXCEEDED,INVALID
4194,2,58,63,26227,38736,0,CAPACITY_EXCEEDED,INVALID
4195,2,58,64,24596,37272,1,FEASIBLE,WORSE
4196,2,58,65,25220,38076,1,FEASIBLE,WORSE
4197,2,58,66,26164,38239,0,CAPACITY_EXCEEDED,INVALID
4198,2,58,67,25137,37948,1,FEASIBLE,WORSE
4199,2,58,68,24296,37411,1,FEASIBLE,WORSE
4200,2,58,69,24597,37561,1,FEASIBLE,WORSE
4201,2,58,70,25204,37939,1,FEASIBLE,WORSE
4202,2,58,71,25097,37845,1,FEASIBLE,WORSE
4203,2,58,72,25901,38355,0,CAPACITY_EXCEEDED,INVALID
4204,2,58,73,24695,37717,1,FEASIBLE,WORSE
4205,2,58,74,26012,38220,0,CAPACITY_EXCEEDED,INVALID
4206,2,58,75,24337,37479,1,FEASIBLE,WORSE
4207,2,58,76,25046,37281,1,FEASIBLE,WORSE
4208,2,58,77,25261,37222,1,FEASIBLE,WORSE
4209,2,58,78,24342,37442,1,FEASIBLE,WORSE
4210,2,58,79,25251,37217,1,FEASIBLE,WORSE
4211,2,58,80,26142,38196,0,CAPACITY_EXCEEDED,INVALID
4212,2,58,81,25149,37888,1,FEASIBLE,WORSE
4213,2,58,82,24455,37210,1,FEASIBLE,WORSE
4214,2,58,83,24482,37401,1,FEASIBLE,WORSE
4215,2,58,84,26143,38588,0,CAPACITY_EXCEEDED,INVALID
4216,2,58,85,24714,37233,1,FEASIBLE,WORSE
4217,2,58,86,24386,37556,1,FEASIBLE,WORSE
4218,2,58,87,25063,37359,1,FEASIBLE,WORSE
4219,2,58,88,25937,38471,0,CAPACITY_EXCEEDED,INVALID
4220,2,58,89,25596,38369,0,CAPACITY_EXCEEDED,INVALID
4221,2,58,90,26157,38622,0,CAPACITY_EXCEEDED,INVALID
4222,2,58,91,26039,38314,0,CAPACITY_EXCEEDED,INVALID
4223,2,58,92,24793,37795,1,FEASIBLE,WORSE
4224,2,58,93,24738,37215,1,FEASIBLE,WORSE
4225,2,58,94,25238,37845,1,FEASIBLE,WORSE
4226,2,58,95,25230,38167,1,FEASIBLE,WORSE
4227,2,58,96,25860,38222,0,CAPACITY_EXCEEDED,INVALID
4228,2,58,97,25754,38347,0,CAPACITY_EXCEEDED,INVALID
4229,2,58,98,24400,37393,1,FEASIBLE,WORSE
4230,2,58,99,25874,38540,0,CAPACITY_EXCEEDED,INVALID
4231,2,59,60,27414,39443,0,CAPACITY_EXCEEDED,INVALID
4232,2,59,61,26382,38340,0,CAPACITY_EXCEEDED,INVALID
4233,2,59,62,27429,39408,0,CAPACITY_EXCEEDED,INVALID
4234,2,59,63,27419,39646,0,CAPACITY_EXCEEDED,INVALID
4235,2,59,64,25788,38182,0,CAPACITY_EXCEEDED,INVALID
4236,2,59,65,26412,38986,0,CAPACITY_EXCEEDED,INVALID
4237,2,59,66,27356,39149,0,CAPACITY_EXCEEDED,INVALID
4238,2,59,67,26329,38858,0,CAPACITY_EXCEEDED,INVALID
4239,2,59,68,25488,38321,1,FEASIBLE,WORSE
4240,2,59,69,25789,38471,0,CAPACITY_EXCEEDED,INVALID
4241,2,59,70,26396,38849,0,CAPACITY_EXCEEDED,INVALID
4242,2,59,71,26289,38755,0,CAPACITY_EXCEEDED,INVALID
4243,2,59,72,27093,39265,0,CAPACITY_EXCEEDED,INVALID
4244,2,59,73,25887,38627,0,CAPACITY_EXCEEDED,INVALID
4245,2,59,74,27204,39130,0,CAPACITY_EXCEEDED,INVALID
4246,2,59,75,25529,38389,1,FEASIBLE,WORSE
4247,2,59,76,26238,38191,0,CAPACITY_EXCEEDED,INVALID
4248,2,59,77,26453,38132,0,CAPACITY_EXCEEDED,INVALID
4249,2,59,78,25534,38352,1,FEASIBLE,WORSE
4250,2,59,79,26443,38127,0,CAPACITY_EXCEEDED,INVALID
4251,2,59,80,27334,39106,0,CAPACITY_EXCEEDED,INVALID
4252,2,59,81,26341,38798,0,CAPACITY_EXCEEDED,INVALID
4253,2,59,82,25647,38120,0,CAPACITY_EXCEEDED,INVALID
4254,2,59,83,25674,38311,0,CAPACITY_EXCEEDED,INVALID
4255,2,59,84,27335,39498,0,CAPACITY_EXCEEDED,INVALID
4256,2,59,85,25906,38143,0,CAPACITY_EXCEEDED,INVALID
4257,2,59,86,25578,38466,0,CAPACITY_EXCEEDED,INVALID
4258,2,59,87,26255,38269,0,CAPACITY_EXCEEDED,INVALID
4259,2,59,88,27129,39381,0,CAPACITY_EXCEEDED,INVALID
4260,2,59,89,26788,39279,0,CAPACITY_EXCEEDED,INVALID
4261,2,59,90,27349,39532,0,CAPACITY_EXCEEDED,INVALID
4262,2,59,91,27231,39224,0,CAPACITY_EXCEEDED,INVALID
4263,2,59,92,25985,38705,0,CAPACITY_EXCEEDED,INVALID
4264,2,59,93,25930,38125,0,CAPACITY_EXCEEDED,INVALID
4265,2,59,94,26430,38755,0,CAPACITY_EXCEEDED,INVALID
4266,2,59,95,26422,39077,0,CAPACITY_EXCEEDED,INVALID
4267,2,59,96,27052,39132,0,CAPACITY_EXCEEDED,INVALID
4268,2,59,97,26946,39257,0,CAPACITY_EXCEEDED,INVALID
4269,2,59,98,25592,38303,0,CAPACITY_EXCEEDED,INVALID
4270,2,59,99,27066,39450,0,CAPACITY_EXCEEDED,INVALID
4271,2,60,61,26416,38419,0,CAPACITY_EXCEEDED,INVALID
4272,2,60,62,27463,39487,0,CAPACITY_EXCEEDED,INVALID
4273,2,60,63,27453,39725,0,CAPACITY_EXCEEDED,INVALID
4274,2,60,64,25822,38261,0,CAPACITY_EXCEEDED,INVALID
4275,2,60,65,26446,39065,0,CAPACITY_EXCEEDED,INVALID
4276,2,60,66,27390,39228,0,CAPACITY_EXCEEDED,INVALID
4277,2,60,67,26363,38937,0,CAPACITY_EXCEEDED,INVALID
4278,2,60,68,25522,38400,1,FEASIBLE,WORSE
4279,2,60,69,25823,38550,0,CAPACITY_EXCEEDED,INVALID
4280,2,60,70,26430,38928,0,CAPACITY_EXCEEDED,INVALID
4281,2,60,71,26323,38834,0,CAPACITY_EXCEEDED,INVALID
4282,2,60,72,27127,39344,0,CAPACITY_EXCEEDED,INVALID
4283,2,60,73,25921,38706,0,CAPACITY_EXCEEDED,INVALID
4284,2,60,74,27238,39209,0,CAPACITY_EXCEEDED,INVALID
4285,2,60,75,25563,38468,0,CAPACITY_EXCEEDED,INVALID
4286,2,60,76,26272,38270,0,CAPACITY_EXCEEDED,INVALID
4287,2,60,77,26487,38211,0,CAPACITY_EXCEEDED,INVALID
4288,2,60,78,25568,38431,0,CAPACITY_EXCEEDED,INVALID
4289,2,60,79,26477,38206,0,CAPACITY_EXCEEDED,INVALID
4290,2,60,80,27368,39185,0,CAPACITY_EXCEEDED,INVALID
4291,2,60,81,26375,38877,0,CAPACITY_EXCEEDED,INVALID
4292,2,60,82,25681,38199,0,CAPACITY_EXCEEDED,INVALID
4293,2,60,83,25708,38390,0,CAPACITY_EXCEEDED,INVALID
4294,2,60,84,27369,39577,0,CAPACITY_EXCEEDED,INVALID
4295,2,60,85,25940,38222,0,CAPACITY_EXCEEDED,INVALID
4296,2,60,86,25612,38545,0,CAPACITY_EXCEEDED,INVALID
4297,2,60,87,26289,38348,0,CAPACITY_EXCEEDED,INVALID
4298,2,60,88,27163,39460,0,CAPACITY_EXCEEDED,INVALID
4299,2,60,89,26822,39358,0,CAPACITY_EXCEEDED,INVALID
4300,2,60,90,27383,39611,0,CAPACITY_EXCEEDED,INVALID
4301,2,60,91,27265,39303,0,CAPACITY_EXCEEDED,INVALID
4302,2,60,92,26019,38784,0,CAPACITY_EXCEEDED,INVALID
4303,2,60,93,25964,38204,0,CAPACITY_EXCEEDED,INVALID
4304,2,60,94,26464,38834,0,CAPACITY_EXCEEDED,INVALID
4305,2,60,95,26456,39156,0,CAPACITY_EXCEEDED,INVALID
4306,2,60,96,27086,39211,0,CAPACITY_EXCEEDED,INVALID
4307,2,60,97,26980,39336,0,CAPACITY_EXCEEDED,INVALID
4308,2,60,98,25626,38382,0,CAPACITY_EXCEEDED,INVALID
4309,2,60,99,27100,39529,0,CAPACITY_EXCEEDED,INVALID
4310,2,61,62,26431,38384,0,CAPACITY_EXCEEDED,INVALID
4311,2,61,63,26421,38622,0,CAPACITY_EXCEEDED,INVALID
4312,2,61,64,24790,37158,1,FEASIBLE,WORSE
4313,2,61,65,25414,37962,1,FEASIBLE,WORSE
4314,2,61,66,26358,38125,0,CAPACITY_EXCEEDED,INVALID
4315,2,61,67,25331,37834,1,FEASIBLE,WORSE
4316,2,61,68,24490,37297,1,FEASIBLE,WORSE
4317,2,61,69,24791,37447,1,FEASIBLE,WORSE
4318,2,61,70,25398,37825,1,FEASIBLE,WORSE
4319,2,61,71,25291,37731,1,FEASIBLE,WORSE
4320,2,61,72,26095,38241,0,CAPACITY_EXCEEDED,INVALID
4321,2,61,73,24889,37603,1,FEASIBLE,WORSE
4322,2,61,74,26206,38106,0,CAPACITY_EXCEEDED,INVALID
4323,2,61,75,24531,37365,1,FEASIBLE,WORSE
4324,2,61,76,25240,37167,1,FEASIBLE,WORSE
4325,2,61,77,25455,37108,1,FEASIBLE,WORSE
4326,2,61,78,24536,37328,1,FEASIBLE,WORSE
4327,2,61,79,25445,37103,1,FEASIBLE,WORSE
4328,2,61,80,26336,38082,0,CAPACITY_EXCEEDED,INVALID
4329,2,61,81,25343,37774,1,FEASIBLE,WORSE
4330,2,61,82,24649,37096,1,FEASIBLE,WORSE
4331,2,61,83,24676,37287,1,FEASIBLE,WORSE
4332,2,61,84,26337,38474,0,CAPACITY_EXCEEDED,INVALID
4333,2,61,85,24908,37119,1,FEASIBLE,WORSE
4334,2,61,86,24580,37442,1,FEASIBLE,WORSE
4335,2,61,87,25257,37245,1,FEASIBLE,WORSE
4336,2,61,88,26131,38357,0,CAPACITY_EXCEEDED,INVALID
4337,2,61,89,25790,38255,0,CAPACITY_EXCEEDED,INVALID
4338,2,61,90,26351,38508,0,CAPACITY_EXCEEDED,INVALID
4339,2,61,91,26233,38200,0,CAPACITY_EXCEEDED,INVALID
4340,2,61,92,24987,37681,1,FEASIBLE,WORSE
4341,2,61,93,24932,37101,1,FEASIBLE,WORSE
4342,2,61,94,25432,37731,1,FEASIBLE,WORSE
4343,2,61,95,25424,38053,1,FEASIBLE,WORSE
4344,2,61,96,26054,38108,0,CAPACITY_EXCEEDED,INVALID
4345,2,61,97,25948,38233,0,CAPACITY_EXCEEDED,INVALID
4346,2,61,98,24594,37279,1,FEASIBLE,WORSE
4347,2,61,99,26068,38426,0,CAPACITY_EXCEEDED,INVALID
4348,2,62,63,27468,39690,0,CAPACITY_EXCEEDED,INVALID
4349,2,62,64,25837,38226,0,CAPACITY_EXCEEDED,INVALID
4350,2,62,65,26461,39030,0,CAPACITY_EXCEEDED,INVALID
4351,2,62,66,27405,39193,0,CAPACITY_EXCEEDED,INVALID
4352,2,62,67,26378,38902,0,CAPACITY_EXCEEDED,INVALID
4353,2,62,68,25537,38365,1,FEASIBLE,WORSE
4354,2,62,69,25838,38515,0,CAPACITY_EXCEEDED,INVALID
4355,2,62,70,26445,38893,0,CAPACITY_EXCEEDED,INVALID
4356,2,62,71,26338,38799,0,CAPACITY_EXCEEDED,INVALID
4357,2,62,72,27142,39309,0,CAPACITY_EXCEEDED,INVALID
4358,2,62,73,25936,38671,0,CAPACITY_EXCEEDED,INVALID
4359,2,62,74,27253,39174,0,CAPACITY_EXCEEDED,INVALID
4360,2,62,75,25578,38433,0,CAPACITY_EXCEEDED,INVALID
4361,2,62,76,26287,38235,0,CAPACITY_EXCEEDED,INVALID
4362,2,62,77,26502,38176,0,CAPACITY_EXCEEDED,INVALID
4363,2,62,78,25583,38396,0,CAPACITY_EXCEEDED,INVALID
4364,2,62,79,26492,38171,0,CAPACITY_EXCEEDED,INVALID
4365,2,62,80,27383,39150,0,CAPACITY_EXCEEDED,INVALID
4366,2,62,81,26390,38842,0,CAPACITY_EXCEEDED,INVALID
4367,2,62,82,25696,38164,0,CAPACITY_EXCEEDED,INVALID
4368,2,62,83,25723,38355,0,CAPACITY_EXCEEDED,INVALID
4369,2,62,84,27384,39542,0,CAPACITY_EXCEEDED,INVALID
4370,2,62,85,25955,38187,0,CAPACITY_EXCEEDED,INVALID
4371,2,62,86,25627,38510,0,CAPACITY_EXCEEDED,INVALID
4372,2,62,87,26304,38313,0,CAPACITY_EXCEEDED,INVALID
4373,2,62,88,27178,39425,0,CAPACITY_EXCEEDED,INVALID
4374,2,62,89,26837,39323,0,CAPACITY_EXCEEDED,INVALID
4375,2,62,90,27398,39576,0,CAPACITY_EXCEEDED,INVALID
4376,2,62,91,27280,39268,0,CAPACITY_EXCEEDED,INVALID
4377,2,62,92,26034,38749,0,CAPACITY_EXCEEDED,INVALID
4378,2,62,93,25979,38169,0,CAPACITY_EXCEEDED,INVALID
4379,2,62,94,26479,38799,0,CAPACITY_EXCEEDED,INVALID
4380,2,62,95,26471,39121,0,CAPACITY_EXCEEDED,INVALID
4381,2,62,96,27101,39176,0,CAPACITY_EXCEEDED,INVALID
4382,2,62,97,26995,39301,0,CAPACITY_EXCEEDED,INVALID
4383,2,62,98,25641,38347,0,CAPACITY_EXCEEDED,INVALID
4384,2,62,99,27115,39494,0,CAPACITY_EXCEEDED,INVALID
4385,2,63,64,25827,38464,0,CAPACITY_EXCEEDED,INVALID
4386,2,63,65,26451,39268,0,CAPACITY_EXCEEDED,INVALID
4387,2,63,66,27395,39431,0,CAPACITY_EXCEEDED,INVALID
4388,2,63,67,26368,39140,0,CAPACITY_EXCEEDED,INVALID
4389,2,63,68,25527,38603,1,FEASIBLE,WORSE
4390,2,63,69,25828,38753,0,CAPACITY_EXCEEDED,INVALID
4391,2,63,70,26435,39131,0,CAPACITY_EXCEEDED,INVALID
4392,2,63,71,26328,39037,0,CAPACITY_EXCEEDED,INVALID
4393,2,63,72,27132,39547,0,CAPACITY_EXCEEDED,INVALID
4394,2,63,73,25926,38909,0,CAPACITY_EXCEEDED,INVALID
4395,2,63,74,27243,39412,0,CAPACITY_EXCEEDED,INVALID
4396,2,63,75,25568,38671,0,CAPACITY_EXCEEDED,INVALID
4397,2,63,76,26277,38473,0,CAPACITY_EXCEEDED,INVALID
4398,2,63,77,26492,38414,0,CAPACITY_EXCEEDED,INVALID
4399,2,63,78,25573,38634,0,CAPACITY_EXCEEDED,INVALID
4400,2,63,79,26482,38409,0,CAPACITY_EXCEEDED,INVALID
4401,2,63,80,27373,39388,0,CAPACITY_EXCEEDED,INVALID
4402,2,63,81,26380,39080,0,CAPACITY_EXCEEDED,INVALID
4403,2,63,82,25686,38402,0,CAPACITY_EXCEEDED,INVALID
4404,2,63,83,25713,38593,0,CAPACITY_EXCEEDED,INVALID
4405,2,63,84,27374,39780,0,CAPACITY_EXCEEDED,INVALID
4406,2,63,85,25945,38425,0,CAPACITY_EXCEEDED,INVALID
4407,2,63,86,25617,38748,0,CAPACITY_EXCEEDED,INVALID
4408,2,63,87,26294,38551,0,CAPACITY_EXCEEDED,INVALID
4409,2,63,88,27168,39663,0,CAPACITY_EXCEEDED,INVALID
4410,2,63,89,26827,39561,0,CAPACITY_EXCEEDED,INVALID
4411,2,63,90,27388,39814,0,CAPACITY_EXCEEDED,INVALID
4412,2,63,91,27270,39506,0,CAPACITY_EXCEEDED,INVALID
4413,2,63,92,26024,38987,0,CAPACITY_EXCEEDED,INVALID
4414,2,63,93,25969,38407,0,CAPACITY_EXCEEDED,INVALID
4415,2,63,94,26469,39037,0,CAPACITY_EXCEEDED,INVALID
4416,2,63,95,26461,39359,0,CAPACITY_EXCEEDED,INVALID
4417,2,63,96,27091,39414,0,CAPACITY_EXCEEDED,INVALID
4418,2,63,97,26985,39539,0,CAPACITY_EXCEEDED,INVALID
4419,2,63,98,25631,38585,0,CAPACITY_EXCEEDED,INVALID
4420,2,63,99,27105,39732,0,CAPACITY_EXCEEDED,INVALID
4421,2,64,65,24820,37804,1,FEASIBLE,WORSE
4422,2,64,66,25764,37967,0,CAPACITY_EXCEEDED,INVALID
4423,2,64,67,24737,37676,1,FEASIBLE,WORSE
4424,2,64,68,23896,37139,1,FEASIBLE,WORSE
4425,2,64,69,24197,37289,1,FEASIBLE,WORSE
4426,2,64,70,24804,37667,1,FEASIBLE,WORSE
4427,2,64,71,24697,37573,1,FEASIBLE,WORSE
4428,2,64,72,25501,38083,1,FEASIBLE,WORSE
4429,2,64,73,24295,37445,1,FEASIBLE,WORSE
4430,2,64,74,25612,37948,0,CAPACITY_EXCEEDED,INVALID
4431,2,64,75,23937,37207,1,FEASIBLE,WORSE
4432,2,64,76,24646,37009,1,FEASIBLE,WORSE
4433,2,64,77,24861,36950,1,FEASIBLE,WORSE
4434,2,64,78,23942,37170,1,FEASIBLE,WORSE
4435,2,64,79,24851,36945,1,FEASIBLE,WORSE
4436,2,64,80,25742,37924,0,CAPACITY_EXCEEDED,INVALID
4437,2,64,81,24749,37616,1,FEASIBLE,WORSE
4438,2,64,82,24055,36938,1,FEASIBLE,WORSE
4439,2,64,83,24082,37129,1,FEASIBLE,WORSE
4440,2,64,84,25743,38316,0,CAPACITY_EXCEEDED,INVALID
4441,2,64,85,24314,36961,1,FEASIBLE,WORSE
4442,2,64,86,23986,37284,1,FEASIBLE,WORSE
4443,2,64,87,24663,37087,1,FEASIBLE,WORSE
4444,2,64,88,25537,38199,1,FEASIBLE,WORSE
4445,2,64,89,25196,38097,1,FEASIBLE,WORSE
4446,2,64,90,25757,38350,0,CAPACITY_EXCEEDED,INVALID
4447,2,64,91,25639,38042,0,CAPACITY_EXCEEDED,INVALID
4448,2,64,92,24393,37523,1,FEASIBLE,WORSE
4449,2,64,93,24338,36943,1,FEASIBLE,WORSE
4450,2,64,94,24838,37573,1,FEASIBLE,WORSE
4451,2,64,95,24830,37895,1,FEASIBLE,WORSE
4452,2,64,96,25460,37950,1,FEASIBLE,WORSE
4453,2,64,97,25354,38075,1,FEASIBLE,WORSE
4454,2,64,98,24000,37121,1,FEASIBLE,WORSE
4455,2,64,99,25474,38268,1,FEASIBLE,WORSE
4456,2,65,66,26388,38771,0,CAPACITY_EXCEEDED,INVALID
4457,2,65,67,25361,38480,1,FEASIBLE,WORSE
4458,2,65,68,24520,37943,1,FEASIBLE,WORSE
4459,2,65,69,24821,38093,1,FEASIBLE,WORSE
4460,2,65,70,25428,38471,1,FEASIBLE,WORSE
4461,2,65,71,25321,38377,1,FEASIBLE,WORSE
4462,2,65,72,26125,38887,0,CAPACITY_EXCEEDED,INVALID
4463,2,65,73,24919,38249,1,FEASIBLE,WORSE
4464,2,65,74,26236,38752,0,CAPACITY_EXCEEDED,INVALID
4465,2,65,75,24561,38011,1,FEASIBLE,WORSE
4466,2,65,76,25270,37813,1,FEASIBLE,WORSE
4467,2,65,77,25485,37754,1,FEASIBLE,WORSE
4468,2,65,78,24566,37974,1,FEASIBLE,WORSE
4469,2,65,79,25475,37749,1,FEASIBLE,WORSE
4470,2,65,80,26366,38728,0,CAPACITY_EXCEEDED,INVALID
4471,2,65,81,25373,38420,1,FEASIBLE,WORSE
4472,2,65,82,24679,37742,1,FEASIBLE,WORSE
4473,2,65,83,24706,37933,1,FEASIBLE,WORSE
4474,2,65,84,26367,39120,0,CAPACITY_EXCEEDED,INVALID
4475,2,65,85,24938,37765,1,FEASIBLE,WORSE
4476,2,65,86,24610,38088,1,FEASIBLE,WORSE
4477,2,65,87,25287,37891,1,FEASIBLE,WORSE
4478,2,65,88,26161,39003,0,CAPACITY_EXCEEDED,INVALID
4479,2,65,89,25820,38901,0,CAPACITY_EXCEEDED,INVALID
4480,2,65,90,26381,39154,0,CAPACITY_EXCEEDED,INVALID
4481,2,65,91,26263,38846,0,CAPACITY_EXCEEDED,INVALID
4482,2,65,92,25017,38327,1,FEASIBLE,WORSE
4483,2,65,93,24962,37747,1,FEASIBLE,WORSE
4484,2,65,94,25462,38377,1,FEASIBLE,WORSE
4485,2,65,95,25454,38699,1,FEASIBLE,WORSE
4486,2,65,96,26084,38754,0,CAPACITY_EXCEEDED,INVALID
4487,2,65,97,25978,38879,0,CAPACITY_EXCEEDED,INVALID
4488,2,65,98,24624,37925,1,FEASIBLE,WORSE
4489,2,65,99,26098,39072,0,CAPACITY_EXCEEDED,INVALID
4490,2,66,67,26305,38643,0,CAPACITY_EXCEEDED,INVALID
4491,2,66,68,25464,38106,1,FEASIBLE,WORSE
4492,2,66,69,25765,38256,0,CAPACITY_EXCEEDED,INVALID
4493,2,66,70,26372,38634,0,CAPACITY_EXCEEDED,INVALID
4494,2,66,71,26265,38540,0,CAPACITY_EXCEEDED,INVALID
4495,2,66,72,27069,39050,0,CAPACITY_EXCEEDED,INVALID
4496,2,66,73,25863,38412,0,CAPACITY_EXCEEDED,INVALID
4497,2,66,74,27180,38915,0,CAPACITY_EXCEEDED,INVALID
4498,2,66,75,25505,38174,1,FEASIBLE,WORSE
4499,2,66,76,26214,37976,0,CAPACITY_EXCEEDED,INVALID
4500,2,66,77,26429,37917,0,CAPACITY_EXCEEDED,INVALID
4501,2,66,78,25510,38137,1,FEASIBLE,WORSE
4502,2,66,79,26419,37912,0,CAPACITY_EXCEEDED,INVALID
4503,2,66,80,27310,38891,0,CAPACITY_EXCEEDED,INVALID
4504,2,66,81,26317,38583,0,CAPACITY_EXCEEDED,INVALID
4505,2,66,82,25623,37905,0,CAPACITY_EXCEEDED,INVALID
4506,2,66,83,25650,38096,0,CAPACITY_EXCEEDED,INVALID
4507,2,66,84,27311,39283,0,CAPACITY_EXCEEDED,INVALID
4508,2,66,85,25882,37928,0,CAPACITY_EXCEEDED,INVALID
4509,2,66,86,25554,38251,0,CAPACITY_EXCEEDED,INVALID
4510,2,66,87,26231,38054,0,CAPACITY_EXCEEDED,INVALID
4511,2,66,88,27105,39166,0,CAPACITY_EXCEEDED,INVALID
4512,2,66,89,26764,39064,0,CAPACITY_EXCEEDED,INVALID
4513,2,66,90,27325,39317,0,CAPACITY_EXCEEDED,INVALID
4514,2,66,91,27207,39009,0,CAPACITY_EXCEEDED,INVALID
4515,2,66,92,25961,38490,0,CAPACITY_EXCEEDED,INVALID
4516,2,66,93,25906,37910,0,CAPACITY_EXCEEDED,INVALID
4517,2,66,94,26406,38540,0,CAPACITY_EXCEEDED,INVALID
4518,2,66,95,26398,38862,0,CAPACITY_EXCEEDED,INVALID
4519,2,66,96,27028,38917,0,CAPACITY_EXCEEDED,INVALID
4520,2,66,97,26922,39042,0,CAPACITY_EXCEEDED,INVALID
4521,2,66,98,25568,38088,0,CAPACITY_EXCEEDED,INVALID
4522,2,66,99,27042,39235,0,CAPACITY_EXCEEDED,INVALID
4523,2,67,68,24437,37815,1,FEASIBLE,WORSE
4524,2,67,69,24738,37965,1,FEASIBLE,WORSE
4525,2,67,70,25345,38343,1,FEASIBLE,WORSE
4526,2,67,71,25238,38249,1,FEASIBLE,WORSE
4527,2,67,72,26042,38759,0,CAPACITY_EXCEEDED,INVALID
4528,2,67,73,24836,38121,1,FEASIBLE,WORSE
4529,2,67,74,26153,38624,0,CAPACITY_EXCEEDED,INVALID
4530,2,67,75,24478,37883,1,FEASIBLE,WORSE
4531,2,67,76,25187,37685,1,FEASIBLE,WORSE
4532,2,67,77,25402,37626,1,FEASIBLE,WORSE
4533,2,67,78,24483,37846,1,FEASIBLE,WORSE
4534,2,67,79,25392,37621,1,FEASIBLE,WORSE
4535,2,67,80,26283,38600,0,CAPACITY_EXCEEDED,INVALID
4536,2,67,81,25290,38292,1,FEASIBLE,WORSE
4537,2,67,82,24596,37614,1,FEASIBLE,WORSE
4538,2,67,83,24623,37805,1,FEASIBLE,WORSE
4539,2,67,84,26284,38992,0,CAPACITY_EXCEEDED,INVALID
4540,2,67,85,24855,37637,1,FEASIBLE,WORSE
4541,2,67,86,24527,37960,1,FEASIBLE,WORSE
4542,2,67,87,25204,37763,1,FEASIBLE,WORSE
4543,2,67,88,26078,38875,0,CAPACITY_EXCEEDED,INVALID
4544,2,67,89,25737,38773,0,CAPACITY_EXCEEDED,INVALID
4545,2,67,90,26298,39026,0,CAPACITY_EXCEEDED,INVALID
4546,2,67,91,26180,38718,0,CAPACITY_EXCEEDED,INVALID
4547,2,67,92,24934,38199,1,FEASIBLE,WORSE
4548,2,67,93,24879,37619,1,FEASIBLE,WORSE
4549,2,67,94,25379,38249,1,FEASIBLE,WORSE
4550,2,67,95,25371,38571,1,FEASIBLE,WORSE
4551,2,67,96,26001,38626,0,CAPACITY_EXCEEDED,INVALID
4552,2,67,97,25895,38751,0,CAPACITY_EXCEEDED,INVALID
4553,2,67,98,24541,37797,1,FEASIBLE,WORSE
4554,2,67,99,26015,38944,0,CAPACITY_EXCEEDED,INVALID
4555,2,68,69,23897,37428,1,FEASIBLE,WORSE
4556,2,68,70,24504,37806,1,FEASIBLE,WORSE
4557,2,68,71,24397,37712,1,FEASIBLE,WORSE
4558,2,68,72,25201,38222,1,FEASIBLE,WORSE
4559,2,68,73,23995,37584,1,FEASIBLE,WORSE
4560,2,68,74,25312,38087,1,FEASIBLE,WORSE
4561,2,68,75,23637,37346,1,FEASIBLE,WORSE
4562,2,68,76,24346,37148,1,FEASIBLE,WORSE
4563,2,68,77,24561,37089,1,FEASIBLE,WORSE
4564,2,68,78,23642,37309,1,FEASIBLE,WORSE
4565,2,68,79,24551,37084,1,FEASIBLE,WORSE
4566,2,68,80,25442,38063,1,FEASIBLE,WORSE
4567,2,68,81,24449,37755,1,FEASIBLE,WORSE
4568,2,68,82,23755,37077,1,FEASIBLE,WORSE
4569,2,68,83,23782,37268,1,FEASIBLE,WORSE
4570,2,68,84,25443,38455,1,FEASIBLE,WORSE
4571,2,68,85,24014,37100,1,FEASIBLE,WORSE
4572,2,68,86,23686,37423,1,FEASIBLE,WORSE
4573,2,68,87,24363,37226,1,FEASIBLE,WORSE
4574,2,68,88,25237,38338,1,FEASIBLE,WORSE
4575,2,68,89,24896,38236,1,FEASIBLE,WORSE
4576,2,68,90,25457,38489,1,FEASIBLE,WORSE
4577,2,68,91,25339,38181,1,FEASIBLE,WORSE
4578,2,68,92,24093,37662,1,FEASIBLE,WORSE
4579,2,68,93,24038,37082,1,FEASIBLE,WORSE
4580,2,68,94,24538,37712,1,FEASIBLE,WORSE
4581,2,68,95,24530,38034,1,FEASIBLE,WORSE
4582,2,68,96,25160,38089,1,FEASIBLE,WORSE
4583,2,68,97,25054,38214,1,FEASIBLE,WORSE
4584,2,68,98,23700,37260,1,FEASIBLE,WORSE
4585,2,68,99,25174,38407,1,FEASIBLE,WORSE
4586,2,69,70,24805,37956,1,FEASIBLE,WORSE
4587,2,69,71,24698,37862,1,FEASIBLE,WORSE
4588,2,69,72,25502,38372,1,FEASIBLE,WORSE
4589,2,69,73,24296,37734,1,FEASIBLE,WORSE
4590,2,69,74,25613,38237,0,CAPACITY_EXCEEDED,INVALID
4591,2,69,75,23938,37496,1,FEASIBLE,WORSE
4592,2,69,76,24647,37298,1,FEASIBLE,WORSE
4593,2,69,77,24862,37239,1,FEASIBLE,WORSE
4594,2,69,78,23943,37459,1,FEASIBLE,WORSE
4595,2,69,79,24852,37234,1,FEASIBLE,WORSE
4596,2,69,80,25743,38213,0,CAPACITY_EXCEEDED,INVALID
4597,2,69,81,24750,37905,1,FEASIBLE,WORSE
4598,2,69,82,24056,37227,1,FEASIBLE,WORSE
4599,2,69,83,24083,37418,1,FEASIBLE,WORSE
4600,2,69,84,25744,38605,0,CAPACITY_EXCEEDED,INVALID
4601,2,69,85,24315,37250,1,FEASIBLE,WORSE
4602,2,69,86,23987,37573,1,FEASIBLE,WORSE
4603,2,69,87,24664,37376,1,FEASIBLE,WORSE
4604,2,69,88,25538,38488,1,FEASIBLE,WORSE
4605,2,69,89,25197,38386,1,FEASIBLE,WORSE
4606,2,69,90,25758,38639,0,CAPACITY_EXCEEDED,INVALID
4607,2,69,91,25640,38331,0,CAPACITY_EXCEEDED,INVALID
4608,2,69,92,24394,37812,1,FEASIBLE,WORSE
4609,2,69,93,24339,37232,1,FEASIBLE,WORSE
4610,2,69,94,24839,37862,1,FEASIBLE,WORSE
4611,2,69,95,24831,38184,1,FEASIBLE,WORSE
4612,2,69,96,25461,38239,1,FEASIBLE,WORSE
4613,2,69,97,25355,38364,1,FEASIBLE,WORSE
4614,2,69,98,24001,37410,1,FEASIBLE,WORSE
4615,2,69,99,25475,38557,1,FEASIBLE,WORSE
4616,2,70,71,25305,38240,1,FEASIBLE,WORSE
4617,2,70,72,26109,38750,0,CAPACITY_EXCEEDED,INVALID
4618,2,70,73,24903,38112,1,FEASIBLE,WORSE
4619,2,70,74,26220,38615,0,CAPACITY_EXCEEDED,INVALID
4620,2,70,75,24545,37874,1,FEASIBLE,WORSE
4621,2,70,76,25254,37676,1,FEASIBLE,WORSE
4622,2,70,77,25469,37617,1,FEASIBLE,WORSE
4623,2,70,78,24550,37837,1,FEASIBLE,WORSE
4624,2,70,79,25459,37612,1,FEASIBLE,WORSE
4625,2,70,80,26350,38591,0,CAPACITY_EXCEEDED,INVALID
4626,2,70,81,25357,38283,1,FEASIBLE,WORSE
4627,2,70,82,24663,37605,1,FEASIBLE,WORSE
4628,2,70,83,24690,37796,1,FEASIBLE,WORSE
4629,2,70,84,26351,38983,0,CAPACITY_EXCEEDED,INVALID
4630,2,70,85,24922,37628,1,FEASIBLE,WORSE
4631,2,70,86,24594,37951,1,FEASIBLE,WORSE
4632,2,70,87,25271,37754,1,FEASIBLE,WORSE
4633,2,70,88,26145,38866,0,CAPACITY_EXCEEDED,INVALID
4634,2,70,89,25804,38764,0,CAPACITY_EXCEEDED,INVALID
4635,2,70,90,26365,39017,0,CAPACITY_EXCEEDED,INVALID
4636,2,70,91,26247,38709,0,CAPACITY_EXCEEDED,INVALID
4637,2,70,92,25001,38190,1,FEASIBLE,WORSE
4638,2,70,93,24946,37610,1,FEASIBLE,WORSE
4639,2,70,94,25446,38240,1,FEASIBLE,WORSE
4640,2,70,95,25438,38562,1,FEASIBLE,WORSE
4641,2,70,96,26068,38617,0,CAPACITY_EXCEEDED,INVALID
4642,2,70,97,25962,38742,0,CAPACITY_EXCEEDED,INVALID
4643,2,70,98,24608,37788,1,FEASIBLE,WORSE
4644,2,70,99,26082,38935,0,CAPACITY_EXCEEDED,INVALID
4645,2,71,72,26002,38656,0,CAPACITY_EXCEEDED,INVALID
4646,2,71,73,24796,38018,1,FEASIBLE,WORSE
4647,2,71,74,26113,38521,0,CAPACITY_EXCEEDED,INVALID
4648,2,71,75,24438,37780,1,FEASIBLE,WORSE
4649,2,71,76,25147,37582,1,FEASIBLE,WORSE
4650,2,71,77,25362,37523,1,FEASIBLE,WORSE
4651,2,71,78,24443,37743,1,FEASIBLE,WORSE
4652,2,71,79,25352,37518,1,FEASIBLE,WORSE
4653,2,71,80,26243,38497,0,CAPACITY_EXCEEDED,INVALID
4654,2,71,81,25250,38189,1,FEASIBLE,WORSE
4655,2,71,82,24556,37511,1,FEASIBLE,WORSE
4656,2,71,83,24583,37702,1,FEASIBLE,WORSE
4657,2,71,84,26244,38889,0,CAPACITY_EXCEEDED,INVALID
4658,2,71,85,24815,37534,1,FEASIBLE,WORSE
4659,2,71,86,24487,37857,1,FEASIBLE,WORSE
4660,2,71,87,25164,37660,1,FEASIBLE,WORSE
4661,2,71,88,26038,38772,0,CAPACITY_EXCEEDED,INVALID
4662,2,71,89,25697,38670,0,CAPACITY_EXCEEDED,INVALID
4663,2,71,90,26258,38923,0,CAPACITY_EXCEEDED,INVALID
4664,2,71,91,26140,38615,0,CAPACITY_EXCEEDED,INVALID
4665,2,71,92,24894,38096,1,FEASIBLE,WORSE
4666,2,71,93,24839,37516,1,FEASIBLE,WORSE
4667,2,71,94,25339,38146,1,FEASIBLE,WORSE
4668,2,71,95,25331,38468,1,FEASIBLE,WORSE
4669,2,71,96,25961,38523,0,CAPACITY_EXCEEDED,INVALID
4670,2,71,97,25855,38648,0,CAPACITY_EXCEEDED,INVALID
4671,2,71,98,24501,37694,1,FEASIBLE,WORSE
4672,2,71,99,25975,38841,0,CAPACITY_EXCEEDED,INVALID
4673,2,72,73,25600,38528,0,CAPACITY_EXCEEDED,INVALID
4674,2,72,74,26917,39031,0,CAPACITY_EXCEEDED,INVALID
4675,2,72,75,25242,38290,1,FEASIBLE,WORSE
4676,2,72,76,25951,38092,0,CAPACITY_EXCEEDED,INVALID
4677,2,72,77,26166,38033,0,CAPACITY_EXCEEDED,INVALID
4678,2,72,78,25247,38253,1,FEASIBLE,WORSE
4679,2,72,79,26156,38028,0,CAPACITY_EXCEEDED,INVALID
4680,2,72,80,27047,39007,0,CAPACITY_EXCEEDED,INVALID
4681,2,72,81,26054,38699,0,CAPACITY_EXCEEDED,INVALID
4682,2,72,82,25360,38021,1,FEASIBLE,WORSE
4683,2,72,83,25387,38212,1,FEASIBLE,WORSE
4684,2,72,84,27048,39399,0,CAPACITY_EXCEEDED,INVALID
4685,2,72,85,25619,38044,0,CAPACITY_EXCEEDED,INVALID
4686,2,72,86,25291,38367,1,FEASIBLE,WORSE
4687,2,72,87,25968,38170,0,CAPACITY_EXCEEDED,INVALID
4688,2,72,88,26842,39282,0,CAPACITY_EXCEEDED,INVALID
4689,2,72,89,26501,39180,0,CAPACITY_EXCEEDED,INVALID
4690,2,72,90,27062,39433,0,CAPACITY_EXCEEDED,INVALID
4691,2,72,91,26944,39125,0,CAPACITY_EXCEEDED,INVALID
4692,2,72,92,25698,38606,0,CAPACITY_EXCEEDED,INVALID
4693,2,72,93,25643,38026,0,CAPACITY_EXCEEDED,INVALID
4694,2,72,94,26143,38656,0,CAPACITY_EXCEEDED,INVALID
4695,2,72,95,26135,38978,0,CAPACITY_EXCEEDED,INVALID
4696,2,72,96,26765,39033,0,CAPACITY_EXCEEDED,INVALID
4697,2,72,97,26659,39158,0,CAPACITY_EXCEEDED,INVALID
4698,2,72,98,25305,38204,1,FEASIBLE,WORSE
4699,2,72,99,26779,39351,0,CAPACITY_EXCEEDED,INVALID
4700,2,73,74,25711,38393,0,CAPACITY_EXCEEDED,INVALID
4701,2,73,75,24036,37652,1,FEASIBLE,WORSE
4702,2,73,76,24745,37454,1,FEASIBLE,WORSE
4703,2,73,77,24960,37395,1,FEASIBLE,WORSE
4704,2,73,78,24041,37615,1,FEASIBLE,WORSE
4705,2,73,79,24950,37390,1,FEASIBLE,WORSE
4706,2,73,80,25841,38369,0,CAPACITY_EXCEEDED,INVALID
4707,2,73,81,24848,38061,1,FEASIBLE,WORSE
4708,2,73,82,24154,37383,1,FEASIBLE,WORSE
4709,2,73,83,24181,37574,1,FEASIBLE,WORSE
4710,2,73,84,25842,38761,0,CAPACITY_EXCEEDED,INVALID
4711,2,73,85,24413,37406,1,FEASIBLE,WORSE
4712,2,73,86,24085,37729,1,FEASIBLE,WORSE
4713,2,73,87,24762,37532,1,FEASIBLE,WORSE
4714,2,73,88,25636,38644,0,CAPACITY_EXCEEDED,INVALID
4715,2,73,89,25295,38542,1,FEASIBLE,WORSE
4716,2,73,90,25856,38795,0,CAPACITY_EXCEEDED,INVALID
4717,2,73,91,25738,38487,0,CAPACITY_EXCEEDED,INVALID
4718,2,73,92,24492,37968,1,FEASIBLE,WORSE
4719,2,73,93,24437,37388,1,FEASIBLE,WORSE
4720,2,73,94,24937,38018,1,FEASIBLE,WORSE
4721,2,73,95,24929,38340,1,FEASIBLE,WORSE
4722,2,73,96,25559,38395,0,CAPACITY_EXCEEDED,INVALID
4723,2,73,97,25453,38520,1,FEASIBLE,WORSE
4724,2,73,98,24099,37566,1,FEASIBLE,WORSE
4725,2,73,99,25573,38713,0,CAPACITY_EXCEEDED,INVALID
4726,2,74,75,25353,38155,1,FEASIBLE,WORSE
4727,2,74,76,26062,37957,0,CAPACITY_EXCEEDED,INVALID
4728,2,74,77,26277,37898,0,CAPACITY_EXCEEDED,INVALID
4729,2,74,78,25358,38118,1,FEASIBLE,WORSE
4730,2,74,79,26267,37893,0,CAPACITY_EXCEEDED,INVALID
4731,2,74,80,27158,38872,0,CAPACITY_EXCEEDED,INVALID
4732,2,74,81,26165,38564,0,CAPACITY_EXCEEDED,INVALID
4733,2,74,82,25471,37886,1,FEASIBLE,WORSE
4734,2,74,83,25498,38077,1,FEASIBLE,WORSE
4735,2,74,84,27159,39264,0,CAPACITY_EXCEEDED,INVALID
4736,2,74,85,25730,37909,0,CAPACITY_EXCEEDED,INVALID
4737,2,74,86,25402,38232,1,FEASIBLE,WORSE
4738,2,74,87,26079,38035,0,CAPACITY_EXCEEDED,INVALID
4739,2,74,88,26953,39147,0,CAPACITY_EXCEEDED,INVALID
4740,2,74,89,26612,39045,0,CAPACITY_EXCEEDED,INVALID
4741,2,74,90,27173,39298,0,CAPACITY_EXCEEDED,INVALID
4742,2,74,91,27055,38990,0,CAPACITY_EXCEEDED,INVALID
4743,2,74,92,25809,38471,0,CAPACITY_EXCEEDED,INVALID
4744,2,74,93,25754,37891,0,CAPACITY_EXCEEDED,INVALID
4745,2,74,94,26254,38521,0,CAPACITY_EXCEEDED,INVALID
4746,2,74,95,26246,38843,0,CAPACITY_EXCEEDED,INVALID
4747,2,74,96,26876,38898,0,CAPACITY_EXCEEDED,INVALID
4748,2,74,97,26770,39023,0,CAPACITY_EXCEEDED,INVALID
4749,2,74,98,25416,38069,1,FEASIBLE,WORSE
4750,2,74,99,26890,39216,0,CAPACITY_EXCEEDED,INVALID
4751,2,75,76,24387,37216,1,FEASIBLE,WORSE
4752,2,75,77,24602,37157,1,FEASIBLE,WORSE
4753,2,75,78,23683,37377,1,FEASIBLE,WORSE
4754,2,75,79,24592,37152,1,FEASIBLE,WORSE
4755,2,75,80,25483,38131,1,FEASIBLE,WORSE
4756,2,75,81,24490,37823,1,FEASIBLE,WORSE
4757,2,75,82,23796,37145,1,FEASIBLE,WORSE
4758,2,75,83,23823,37336,1,FEASIBLE,WORSE
4759,2,75,84,25484,38523,1,FEASIBLE,WORSE
4760,2,75,85,24055,37168,1,FEASIBLE,WORSE
4761,2,75,86,23727,37491,1,FEASIBLE,WORSE
4762,2,75,87,24404,37294,1,FEASIBLE,WORSE
4763,2,75,88,25278,38406,1,FEASIBLE,WORSE
4764,2,75,89,24937,38304,1,FEASIBLE,WORSE
4765,2,75,90,25498,38557,1,FEASIBLE,WORSE
4766,2,75,91,25380,38249,1,FEASIBLE,WORSE
4767,2,75,92,24134,37730,1,FEASIBLE,WORSE
4768,2,75,93,24079,37150,1,FEASIBLE,WORSE
4769,2,75,94,24579,37780,1,FEASIBLE,WORSE
4770,2,75,95,24571,38102,1,FEASIBLE,WORSE
4771,2,75,96,25201,38157,1,FEASIBLE,WORSE
4772,2,75,97,25095,38282,1,FEASIBLE,WORSE
4773,2,75,98,23741,37328,1,FEASIBLE,WORSE
4774,2,75,99,25215,38475,1,FEASIBLE,WORSE
4775,2,76,77,25311,36959,1,FEASIBLE,WORSE
4776,2,76,78,24392,37179,1,FEASIBLE,WORSE
4777,2,76,79,25301,36954,1,FEASIBLE,WORSE
4778,2,76,80,26192,37933,0,CAPACITY_EXCEEDED,INVALID
4779,2,76,81,25199,37625,1,FEASIBLE,WORSE
4780,2,76,82,24505,36947,1,FEASIBLE,WORSE
4781,2,76,83,24532,37138,1,FEASIBLE,WORSE
4782,2,76,84,26193,38325,0,CAPACITY_EXCEEDED,INVALID
4783,2,76,85,24764,36970,1,FEASIBLE,WORSE
4784,2,76,86,24436,37293,1,FEASIBLE,WORSE
4785,2,76,87,25113,37096,1,FEASIBLE,WORSE
4786,2,76,88,25987,38208,0,CAPACITY_EXCEEDED,INVALID
4787,2,76,89,25646,38106,0,CAPACITY_EXCEEDED,INVALID
4788,2,76,90,26207,38359,0,CAPACITY_EXCEEDED,INVALID
4789,2,76,91,26089,38051,0,CAPACITY_EXCEEDED,INVALID
4790,2,76,92,24843,37532,1,FEASIBLE,WORSE
4791,2,76,93,24788,36952,1,FEASIBLE,WORSE
4792,2,76,94,25288,37582,1,FEASIBLE,WORSE
4793,2,76,95,25280,37904,1,FEASIBLE,WORSE
4794,2,76,96,25910,37959,0,CAPACITY_EXCEEDED,INVALID
4795,2,76,97,25804,38084,0,CAPACITY_EXCEEDED,INVALID
4796,2,76,98,24450,37130,1,FEASIBLE,WORSE
4797,2,76,99,25924,38277,0,CAPACITY_EXCEEDED,INVALID
4798,2,77,78,24607,37120,1,FEASIBLE,WORSE
4799,2,77,79,25516,36895,1,FEASIBLE,WORSE
4800,2,77,80,26407,37874,0,CAPACITY_EXCEEDED,INVALID
4801,2,77,81,25414,37566,1,FEASIBLE,WORSE
4802,2,77,82,24720,36888,1,FEASIBLE,WORSE
4803,2,77,83,24747,37079,1,FEASIBLE,WORSE
4804,2,77,84,26408,38266,0,CAPACITY_EXCEEDED,INVALID
4805,2,77,85,24979,36911,1,FEASIBLE,WORSE
4806,2,77,86,24651,37234,1,FEASIBLE,WORSE
4807,2,77,87,25328,37037,1,FEASIBLE,WORSE
4808,2,77,88,26202,38149,0,CAPACITY_EXCEEDED,INVALID
4809,2,77,89,25861,38047,0,CAPACITY_EXCEEDED,INVALID
4810,2,77,90,26422,38300,0,CAPACITY_EXCEEDED,INVALID
4811,2,77,91,26304,37992,0,CAPACITY_EXCEEDED,INVALID
4812,2,77,92,25058,37473,1,FEASIBLE,WORSE
4813,2,77,93,25003,36893,1,FEASIBLE,WORSE
4814,2,77,94,25503,37523,1,FEASIBLE,WORSE
4815,2,77,95,25495,37845,1,FEASIBLE,WORSE
4816,2,77,96,26125,37900,0,CAPACITY_EXCEEDED,INVALID
4817,2,77,97,26019,38025,0,CAPACITY_EXCEEDED,INVALID
4818,2,77,98,24665,37071,1,FEASIBLE,WORSE
4819,2,77,99,26139,38218,0,CAPACITY_EXCEEDED,INVALID
4820,2,78,79,24597,37115,1,FEASIBLE,WORSE
4821,2,78,80,25488,38094,1,FEASIBLE,WORSE
4822,2,78,81,24495,37786,1,FEASIBLE,WORSE
4823,2,78,82,23801,37108,1,FEASIBLE,WORSE
4824,2,78,83,23828,37299,1,FEASIBLE,WORSE
4825,2,78,84,25489,38486,1,FEASIBLE,WORSE
4826,2,78,85,24060,37131,1,FEASIBLE,WORSE
4827,2,78,86,23732,37454,1,FEASIBLE,WORSE
4828,2,78,87,24409,37257,1,FEASIBLE,WORSE
4829,2,78,88,25283,38369,1,FEASIBLE,WORSE
4830,2,78,89,24942,38267,1,FEASIBLE,WORSE
4831,2,78,90,25503,38520,1,FEASIBLE,WORSE
4832,2,78,91,25385,38212,1,FEASIBLE,WORSE
4833,2,78,92,24139,37693,1,FEASIBLE,WORSE
4834,2,78,93,24084,37113,1,FEASIBLE,WORSE
4835,2,78,94,24584,37743,1,FEASIBLE,WORSE
4836,2,78,95,24576,38065,1,FEASIBLE,WORSE
4837,2,78,96,25206,38120,1,FEASIBLE,WORSE
4838,2,78,97,25100,38245,1,FEASIBLE,WORSE
4839,2,78,98,23746,37291,1,FEASIBLE,WORSE
4840,2,78,99,25220,38438,1,FEASIBLE,WORSE
4841,2,79,80,26397,37869,0,CAPACITY_EXCEEDED,INVALID
4842,2,79,81,25404,37561,1,FEASIBLE,WORSE
4843,2,79,82,24710,36883,1,FEASIBLE,WORSE
4844,2,79,83,24737,37074,1,FEASIBLE,WORSE
4845,2,79,84,26398,38261,0,CAPACITY_EXCEEDED,INVALID
4846,2,79,85,24969,36906,1,FEASIBLE,WORSE
4847,2,79,86,24641,37229,1,FEASIBLE,WORSE
4848,2,79,87,25318,37032,1,FEASIBLE,WORSE
4849,2,79,88,26192,38144,0,CAPACITY_EXCEEDED,INVALID
4850,2,79,89,25851,38042,0,CAPACITY_EXCEEDED,INVALID
4851,2,79,90,26412,38295,0,CAPACITY_EXCEEDED,INVALID
4852,2,79,91,26294,37987,0,CAPACITY_EXCEEDED,INVALID
4853,2,79,92,25048,37468,1,FEASIBLE,WORSE
4854,2,79,93,24993,36888,1,FEASIBLE,WORSE
4855,2,79,94,25493,37518,1,FEASIBLE,WORSE
4856,2,79,95,25485,37840,1,FEASIBLE,WORSE
4857,2,79,96,26115,37895,0,CAPACITY_EXCEEDED,INVALID
4858,2,79,97,26009,38020,0,CAPACITY_EXCEEDED,INVALID
4859,2,79,98,24655,37066,1,FEASIBLE,WORSE
4860,2,79,99,26129,38213,0,CAPACITY_EXCEEDED,INVALID
4861,2,80,81,26295,38540,0,CAPACITY_EXCEEDED,INVALID
4862,2,80,82,25601,37862,0,CAPACITY_EXCEEDED,INVALID
4863,2,80,83,25628,38053,0,CAPACITY_EXCEEDED,INVALID
4864,2,80,84,27289,39240,0,CAPACITY_EXCEEDED,INVALID
4865,2,80,85,25860,37885,0,CAPACITY_EXCEEDED,INVALID
4866,2,80,86,25532,38208,1,FEASIBLE,WORSE
4867,2,80,87,26209,38011,0,CAPACITY_EXCEEDED,INVALID
4868,2,80,88,27083,39123,0,CAPACITY_EXCEEDED,INVALID
4869,2,80,89,26742,39021,0,CAPACITY_EXCEEDED,INVALID
4870,2,80,90,27303,39274,0,CAPACITY_EXCEEDED,INVALID
4871,2,80,91,27185,38966,0,CAPACITY_EXCEEDED,INVALID
4872,2,80,92,25939,38447,0,CAPACITY_EXCEEDED,INVALID
4873,2,80,93,25884,37867,0,CAPACITY_EXCEEDED,INVALID
4874,2,80,94,26384,38497,0,CAPACITY_EXCEEDED,INVALID
4875,2,80,95,26376,38819,0,CAPACITY_EXCEEDED,INVALID
4876,2,80,96,27006,38874,0,CAPACITY_EXCEEDED,INVALID
4877,2,80,97,26900,38999,0,CAPACITY_EXCEEDED,INVALID
4878,2,80,98,25546,38045,1,FEASIBLE,WORSE
4879,2,80,99,27020,39192,0,CAPACITY_EXCEEDED,INVALID
4880,2,81,82,24608,37554,1,FEASIBLE,WORSE
4881,2,81,83,24635,37745,1,FEASIBLE,WORSE
4882,2,81,84,26296,38932,0,CAPACITY_EXCEEDED,INVALID
4883,2,81,85,24867,37577,1,FEASIBLE,WORSE
4884,2,81,86,24539,37900,1,FEASIBLE,WORSE
4885,2,81,87,25216,37703,1,FEASIBLE,WORSE
4886,2,81,88,26090,38815,0,CAPACITY_EXCEEDED,INVALID
4887,2,81,89,25749,38713,0,CAPACITY_EXCEEDED,INVALID
4888,2,81,90,26310,38966,0,CAPACITY_EXCEEDED,INVALID
4889,2,81,91,26192,38658,0,CAPACITY_EXCEEDED,INVALID
4890,2,81,92,24946,38139,1,FEASIBLE,WORSE
4891,2,81,93,24891,37559,1,FEASIBLE,WORSE
4892,2,81,94,25391,38189,1,FEASIBLE,WORSE
4893,2,81,95,25383,38511,1,FEASIBLE,WORSE
4894,2,81,96,26013,38566,0,CAPACITY_EXCEEDED,INVALID
4895,2,81,97,25907,38691,0,CAPACITY_EXCEEDED,INVALID
4896,2,81,98,24553,37737,1,FEASIBLE,WORSE
4897,2,81,99,26027,38884,0,CAPACITY_EXCEEDED,INVALID
4898,2,82,83,23941,37067,1,FEASIBLE,WORSE
4899,2,82,84,25602,38254,0,CAPACITY_EXCEEDED,INVALID
4900,2,82,85,24173,36899,1,FEASIBLE,WORSE
4901,2,82,86,23845,37222,1,FEASIBLE,WORSE
4902,2,82,87,24522,37025,1,FEASIBLE,WORSE
4903,2,82,88,25396,38137,1,FEASIBLE,WORSE
4904,2,82,89,25055,38035,1,FEASIBLE,WORSE
4905,2,82,90,25616,38288,0,CAPACITY_EXCEEDED,INVALID
4906,2,82,91,25498,37980,1,FEASIBLE,WORSE
4907,2,82,92,24252,37461,1,FEASIBLE,WORSE
4908,2,82,93,24197,36881,1,FEASIBLE,WORSE
4909,2,82,94,24697,37511,1,FEASIBLE,WORSE
4910,2,82,95,24689,37833,1,FEASIBLE,WORSE
4911,2,82,96,25319,37888,1,FEASIBLE,WORSE
4912,2,82,97,25213,38013,1,FEASIBLE,WORSE
4913,2,82,98,23859,37059,1,FEASIBLE,WORSE
4914,2,82,99,25333,38206,1,FEASIBLE,WORSE
4915,2,83,84,25629,38445,0,CAPACITY_EXCEEDED,INVALID
4916,2,83,85,24200,37090,1,FEASIBLE,WORSE
4917,2,83,86,23872,37413,1,FEASIBLE,WORSE
4918,2,83,87,24549,37216,1,FEASIBLE,WORSE
4919,2,83,88,25423,38328,1,FEASIBLE,WORSE
4920,2,83,89,25082,38226,1,FEASIBLE,WORSE
4921,2,83,90,25643,38479,0,CAPACITY_EXCEEDED,INVALID
4922,2,83,91,25525,38171,1,FEASIBLE,WORSE
4923,2,83,92,24279,37652,1,FEASIBLE,WORSE
4924,2,83,93,24224,37072,1,FEASIBLE,WORSE
4925,2,83,94,24724,37702,1,FEASIBLE,WORSE
4926,2,83,95,24716,38024,1,FEASIBLE,WORSE
4927,2,83,96,25346,38079,1,FEASIBLE,WORSE
4928,2,83,97,25240,38204,1,FEASIBLE,WORSE
4929,2,83,98,23886,37250,1,FEASIBLE,WORSE
4930,2,83,99,25360,38397,1,FEASIBLE,WORSE
4931,2,84,85,25861,38277,0,CAPACITY_EXCEEDED,INVALID
4932,2,84,86,25533,38600,1,FEASIBLE,WORSE
4933,2,84,87,26210,38403,0,CAPACITY_EXCEEDED,INVALID
4934,2,84,88,27084,39515,0,CAPACITY_EXCEEDED,INVALID
4935,2,84,89,26743,39413,0,CAPACITY_EXCEEDED,INVALID
4936,2,84,90,27304,39666,0,CAPACITY_EXCEEDED,INVALID
4937,2,84,91,27186,39358,0,CAPACITY_EXCEEDED,INVALID
4938,2,84,92,25940,38839,0,CAPACITY_EXCEEDED,INVALID
4939,2,84,93,25885,38259,0,CAPACITY_EXCEEDED,INVALID
4940,2,84,94,26385,38889,0,CAPACITY_EXCEEDED,INVALID
4941,2,84,95,26377,39211,0,CAPACITY_EXCEEDED,INVALID
4942,2,84,96,27007,39266,0,CAPACITY_EXCEEDED,INVALID
4943,2,84,97,26901,39391,0,CAPACITY_EXCEEDED,INVALID
4944,2,84,98,25547,38437,1,FEASIBLE,WORSE
4945,2,84,99,27021,39584,0,CAPACITY_EXCEEDED,INVALID
4946,2,85,86,24104,37245,1,FEASIBLE,WORSE
4947,2,85,87,24781,37048,1,FEASIBLE,WORSE
4948,2,85,88,25655,38160,0,CAPACITY_EXCEEDED,INVALID
4949,2,85,89,25314,38058,1,FEASIBLE,WORSE
4950,2,85,90,25875,38311,0,CAPACITY_EXCEEDED,INVALID
4951,2,85,91,25757,38003,0,CAPACITY_EXCEEDED,INVALID
4952,2,85,92,24511,37484,1,FEASIBLE,WORSE
4953,2,85,93,24456,36904,1,FEASIBLE,WORSE
4954,2,85,94,24956,37534,1,FEASIBLE,WORSE
4955,2,85,95,24948,37856,1,FEASIBLE,WORSE
4956,2,85,96,25578,37911,0,CAPACITY_EXCEEDED,INVALID
4957,2,85,97,25472,38036,1,FEASIBLE,WORSE
4958,2,85,98,24118,37082,1,FEASIBLE,WORSE
4959,2,85,99,25592,38229,0,CAPACITY_EXCEEDED,INVALID
4960,2,86,87,24453,37371,1,FEASIBLE,WORSE
4961,2,86,88,25327,38483,1,FEASIBLE,WORSE
4962,2,86,89,24986,38381,1,FEASIBLE,WORSE
4963,2,86,90,25547,38634,1,FEASIBLE,WORSE
4964,2,86,91,25429,38326,1,FEASIBLE,WORSE
4965,2,86,92,24183,37807,1,FEASIBLE,WORSE
4966,2,86,93,24128,37227,1,FEASIBLE,WORSE
4967,2,86,94,24628,37857,1,FEASIBLE,WORSE
4968,2,86,95,24620,38179,1,FEASIBLE,WORSE
4969,2,86,96,25250,38234,1,FEASIBLE,WORSE
4970,2,86,97,25144,38359,1,FEASIBLE,WORSE
4971,2,86,98,23790,37405,1,FEASIBLE,WORSE
4972,2,86,99,25264,38552,1,FEASIBLE,WORSE
4973,2,87,88,26004,38286,0,CAPACITY_EXCEEDED,INVALID
4974,2,87,89,25663,38184,0,CAPACITY_EXCEEDED,INVALID
4975,2,87,90,26224,38437,0,CAPACITY_EXCEEDED,INVALID
4976,2,87,91,26106,38129,0,CAPACITY_EXCEEDED,INVALID
4977,2,87,92,24860,37610,1,FEASIBLE,WORSE
4978,2,87,93,24805,37030,1,FEASIBLE,WORSE
4979,2,87,94,25305,37660,1,FEASIBLE,WORSE
4980,2,87,95,25297,37982,1,FEASIBLE,WORSE
4981,2,87,96,25927,38037,0,CAPACITY_EXCEEDED,INVALID
4982,2,87,97,25821,38162,0,CAPACITY_EXCEEDED,INVALID
4983,2,87,98,24467,37208,1,FEASIBLE,WORSE
4984,2,87,99,25941,38355,0,CAPACITY_EXCEEDED,INVALID
4985,2,88,89,26537,39296,0,CAPACITY_EXCEEDED,INVALID
4986,2,88,90,27098,39549,0,CAPACITY_EXCEEDED,INVALID
4987,2,88,91,26980,39241,0,CAPACITY_EXCEEDED,INVALID
4988,2,88,92,25734,38722,0,CAPACITY_EXCEEDED,INVALID
4989,2,88,93,25679,38142,0,CAPACITY_EXCEEDED,INVALID
4990,2,88,94,26179,38772,0,CAPACITY_EXCEEDED,INVALID
4991,2,88,95,26171,39094,0,CAPACITY_EXCEEDED,INVALID
4992,2,88,96,26801,39149,0,CAPACITY_EXCEEDED,INVALID
4993,2,88,97,26695,39274,0,CAPACITY_EXCEEDED,INVALID
4994,2,88,98,25341,38320,1,FEASIBLE,WORSE
4995,2,88,99,26815,39467,0,CAPACITY_EXCEEDED,INVALID
4996,2,89,90,26757,39447,0,CAPACITY_EXCEEDED,INVALID
4997,2,89,91,26639,39139,0,CAPACITY_EXCEEDED,INVALID
4998,2,89,92,25393,38620,1,FEASIBLE,WORSE
4999,2,89,93,25338,38040,1,FEASIBLE,WORSE
5000,2,89,94,25838,38670,0,CAPACITY_EXCEEDED,INVALID
5001,2,89,95,25830,38992,0,CAPACITY_EXCEEDED,INVALID
5002,2,89,96,26460,39047,0,CAPACITY_EXCEEDED,INVALID
5003,2,89,97,26354,39172,0,CAPACITY_EXCEEDED,INVALID
5004,2,89,98,25000,38218,1,FEASIBLE,WORSE
5005,2,89,99,26474,39365,0,CAPACITY_EXCEEDED,INVALID
5006,2,90,91,27200,39392,0,CAPACITY_EXCEEDED,INVALID
5007,2,90,92,25954,38873,0,CAPACITY_EXCEEDED,INVALID
5008,2,90,93,25899,38293,0,CAPACITY_EXCEEDED,INVALID
5009,2,90,94,26399,38923,0,CAPACITY_EXCEEDED,INVALID
5010,2,90,95,26391,39245,0,CAPACITY_EXCEEDED,INVALID
5011,2,90,96,27021,39300,0,CAPACITY_EXCEEDED,INVALID
5012,2,90,97,26915,39425,0,CAPACITY_EXCEEDED,INVALID
5013,2,90,98,25561,38471,0,CAPACITY_EXCEEDED,INVALID
5014,2,90,99,27035,39618,0,CAPACITY_EXCEEDED,INVALID
5015,2,91,92,25836,38565,0,CAPACITY_EXCEEDED,INVALID
5016,2,91,93,25781,37985,0,CAPACITY_EXCEEDED,INVALID
5017,2,91,94,26281,38615,0,CAPACITY_EXCEEDED,INVALID
5018,2,91,95,26273,38937,0,CAPACITY_EXCEEDED,INVALID
5019,2,91,96,26903,38992,0,CAPACITY_EXCEEDED,INVALID
5020,2,91,97,26797,39117,0,CAPACITY_EXCEEDED,INVALID
5021,2,91,98,25443,38163,1,FEASIBLE,WORSE
5022,2,91,99,26917,39310,0,CAPACITY_EXCEEDED,INVALID
5023,2,92,93,24535,37466,1,FEASIBLE,WORSE
5024,2,92,94,25035,38096,1,FEASIBLE,WORSE
5025,2,92,95,25027,38418,1,FEASIBLE,WORSE
5026,2,92,96,25657,38473,0,CAPACITY_EXCEEDED,INVALID
5027,2,92,97,25551,38598,0,CAPACITY_EXCEEDED,INVALID
5028,2,92,98,24197,37644,1,FEASIBLE,WORSE
5029,2,92,99,25671,38791,0,CAPACITY_EXCEEDED,INVALID
5030,2,93,94,24980,37516,1,FEASIBLE,WORSE
5031,2,93,95,24972,37838,1,FEASIBLE,WORSE
5032,2,93,96,25602,37893,0,CAPACITY_EXCEEDED,INVALID
5033,2,93,97,25496,38018,1,FEASIBLE,WORSE
5034,2,93,98,24142,37064,1,FEASIBLE,WORSE
5035,2,93,99,25616,38211,0,CAPACITY_EXCEEDED,INVALID
5036,2,94,95,25472,38468,1,FEASIBLE,WORSE
5037,2,94,96,26102,38523,0,CAPACITY_EXCEEDED,INVALID
5038,2,94,97,25996,38648,0,CAPACITY_EXCEEDED,INVALID
5039,2,94,98,24642,37694,1,FEASIBLE,WORSE
5040,2,94,99,26116,38841,0,CAPACITY_EXCEEDED,INVALID
5041,2,95,96,26094,38845,0,CAPACITY_EXCEEDED,INVALID
5042,2,95,97,25988,38970,0,CAPACITY_EXCEEDED,INVALID
5043,2,95,98,24634,38016,1,FEASIBLE,WORSE
5044,2,95,99,26108,39163,0,CAPACITY_EXCEEDED,INVALID
5045,2,96,97,26618,39025,0,CAPACITY_EXCEEDED,INVALID
5046,2,96,98,25264,38071,1,FEASIBLE,WORSE
5047,2,96,99,26738,39218,0,CAPACITY_EXCEEDED,INVALID
5048,2,97,98,25158,38196,1,FEASIBLE,WORSE
5049,2,97,99,26632,39343,0,CAPACITY_EXCEEDED,INVALID
5050,2,98,99,25278,38389,1,FEASIBLE,WORSE
