neighbor_index,distance,flip_i,flip_j,weight,profit,feasible,reason,comparison
1,1,0,,28168,30193,1,FEASIBLE,WORSE
2,1,1,,28255,30237,1,FEASIBLE,WORSE
3,1,2,,29434,31433,0,CAPACITY_EXCEEDED,INVALID
4,1,3,,28754,30758,1,FEASIBLE,WORSE
5,1,4,,29525,31499,0,CAPACITY_EXCEEDED,INVALID
6,1,5,,29418,31413,0,CAPACITY_EXCEEDED,INVALID
7,1,6,,28229,30221,1,FEASIBLE,WORSE
8,1,7,,29317,31334,0,CAPACITY_EXCEEDED,INVALID
9,1,8,,28536,30524,1,FEASIBLE,WORSE
10,1,9,,29597,31568,0,CAPACITY_EXCEEDED,INVALID
11,1,10,,29922,31902,0,CAPACITY_EXCEEDED,INVALID
12,1,11,,28508,30519,1,FEASIBLE,WORSE
13,1,12,,29295,31255,0,CAPACITY_EXCEEDED,INVALID
14,1,13,,28257,30293,1,FEASIBLE,WORSE
15,1,14,,28394,30363,1,FEASIBLE,WORSE
16,1,15,,28762,30806,1,FEASIBLE,WORSE
17,1,16,,28103,30118,1,FEASIBLE,WORSE
18,1,17,,29996,31952,0,CAPACITY_EXCEEDED,INVALID
19,1,18,,28202,30226,1,FEASIBLE,WORSE
20,1,19,,28110,30140,1,FEASIBLE,WORSE
21,1,20,,28702,30738,1,FEASIBLE,WORSE
22,1,21,,29743,31772,0,CAPACITY_EXCEEDED,INVALID
23,1,22,,29912,31937,0,CAPACITY_EXCEEDED,INVALID
24,1,23,,28329,30283,1,FEASIBLE,WORSE
25,1,24,,29486,31444,0,CAPACITY_EXCEEDED,INVALID
26,1,25,,29114,31069,0,CAPACITY_EXCEEDED,INVALID
27,1,26,,28578,30536,1,FEASIBLE,WORSE
28,1,27,,29624,31612,0,CAPACITY_EXCEEDED,INVALID
29,1,28,,29927,31902,0,CAPACITY_EXCEEDED,INVALID
30,1,29,,29980,31973,0,CAPACITY_EXCEEDED,INVALID
31,1,30,,28535,30526,1,FEASIBLE,WORSE
32,1,31,,28147,30110,1,FEASIBLE,WORSE
33,1,32,,29274,31229,0,CAPACITY_EXCEEDED,INVALID
34,1,33,,29819,31855,0,CAPACITY_EXCEEDED,INVALID
35,1,34,,29562,31533,0,CAPACITY_EXCEEDED,INVALID
36,1,35,,28998,31034,1,FEASIBLE,WORSE
37,1,36,,29733,31728,0,CAPACITY_EXCEEDED,INVALID
38,1,37,,28614,30635,1,FEASIBLE,WORSE
39,1,38,,29838,31859,0,CAPACITY_EXCEEDED,INVALID
40,1,39,,29682,31669,0,CAPACITY_EXCEEDED,INVALID
41,1,40,,29011,31012,1,FEASIBLE,WORSE
42,1,41,,29507,31465,0,CAPACITY_EXCEEDED,INVALID
43,1,42,,29881,31852,0,CAPACITY_EXCEEDED,INVALID
44,1,43,,28769,30722,1,FEASIBLE,WORSE
45,1,44,,29339,31330,0,CAPACITY_EXCEEDED,INVALID
46,1,45,,28142,30221,1,FEASIBLE,WORSE
47,1,46,,28821,30825,1,FEASIBLE,WORSE
48,1,47,,28445,30428,1,FEASIBLE,WORSE
49,1,48,,28774,30741,1,FEASIBLE,WORSE
50,1,49,,29981,31966,0,CAPACITY_EXCEEDED,INVALID
51,1,50,,28209,30225,1,FEASIBLE,WORSE
52,1,51,,28565,30522,1,FEASIBLE,WORSE
53,1,52,,29094,31075,0,CAPACITY_EXCEEDED,INVALID
54,1,53,,28692,30708,1,FEASIBLE,WORSE
55,1,54,,28505,30487,1,FEASIBLE,WORSE
56,1,55,,29946,31965,0,CAPACITY_EXCEEDED,INVALID
57,1,56,,29123,31124,0,CAPACITY_EXCEEDED,INVALID
58,1,57,,28461,30493,1,FEASIBLE,WORSE
59,1,58,,28306,30369,1,FEASIBLE,WORSE
60,1,59,,29561,31547,0,CAPACITY_EXCEEDED,INVALID
61,1,60,,28198,30255,1,FEASIBLE,WORSE
62,1,61,,29554,31587,0,CAPACITY_EXCEEDED,INVALID
63,1,62,,28049,30086,1,FEASIBLE,WORSE
64,1,63,,28409,30458,1,FEASIBLE,WORSE
65,1,64,,29601,31614,0,CAPACITY_EXCEEDED,INVALID
66,1,65,,29458,31480,0,CAPACITY_EXCEEDED,INVALID
67,1,66,,28416,30399,1,FEASIBLE,WORSE
68,1,67,,29398,31399,0,CAPACITY_EXCEEDED,INVALID
69,1,68,,28437,30476,1,FEASIBLE,WORSE
70,1,69,,29304,31257,0,CAPACITY_EXCEEDED,INVALID
71,1,70,,28823,30825,1,FEASIBLE,WORSE
72,1,71,,29200,31218,0,CAPACITY_EXCEEDED,INVALID
73,1,72,,29626,31586,0,CAPACITY_EXCEEDED,INVALID
74,1,73,,29670,31677,0,CAPACITY_EXCEEDED,INVALID
75,1,74,,29490,31489,0,CAPACITY_EXCEEDED,INVALID
76,1,75,,28923,30882,1,FEASIBLE,WORSE
77,1,76,,29771,31792,0,CAPACITY_EXCEEDED,INVALID
78,1,77,,29890,31898,0,CAPACITY_EXCEEDED,INVALID
79,1,78,,29937,31960,0,CAPACITY_EXCEEDED,INVALID
80,1,79,,28170,30131,1,FEASIBLE,WORSE
81,1,80,,28114,30138,1,FEASIBLE,WORSE
82,1,81,,28089,30116,1,FEASIBLE,WORSE
83,1,82,,28472,30480,1,FEASIBLE,WORSE
84,1,83,,29405,31433,0,CAPACITY_EXCEEDED,INVALID
85,1,84,,28307,30375,1,FEASIBLE,WORSE
86,1,85,,28737,30758,1,FEASIBLE,WORSE
87,1,86,,29825,31776,0,CAPACITY_EXCEEDED,INVALID
88,1,87,,29863,31852,0,CAPACITY_EXCEEDED,INVALID
89,1,88,,29909,31927,0,CAPACITY_EXCEEDED,INVALID
90,1,89,,29603,31602,0,CAPACITY_EXCEEDED,INVALID
91,1,90,,28063,30086,1,FEASIBLE,WORSE
92,1,91,,29593,31620,0,CAPACITY_EXCEEDED,INVALID
93,1,92,,28562,30538,1,FEASIBLE,WORSE
94,1,93,,28352,30389,1,FEASIBLE,WORSE
95,1,94,,28016,30084,1,FEASIBLE,WORSE
96,1,95,,29930,31961,0,CAPACITY_EXCEEDED,INVALID
97,1,96,,28219,30229,1,FEASIBLE,WORSE
98,1,97,,29096,31141,0,CAPACITY_EXCEEDED,INVALID
99,1,98,,28400,30418,1,FEASIBLE,WORSE
100,1,99,,29500,31460,0,CAPACITY_EXCEEDED,INVALID
101,2,0,1,27410,29366,1,FEASIBLE,WORSE
102,2,0,2,28589,30562,1,FEASIBLE,WORSE
103,2,0,3,27909,29887,1,FEASIBLE,WORSE
104,2,0,4,28680,30628,1,FEASIBLE,WORSE
105,2,0,5,28573,30542,1,FEASIBLE,WORSE
106,2,0,6,27384,29350,1,FEASIBLE,WORSE
107,2,0,7,28472,30463,1,FEASIBLE,WORSE
108,2,0,8,27691,29653,1,FEASIBLE,WORSE
109,2,0,9,28752,30697,1,FEASIBLE,WORSE
110,2,0,10,29077,31031,0,CAPACITY_EXCEEDED,INVALID
111,2,0,11,27663,29648,1,FEASIBLE,WORSE
112,2,0,12,28450,30384,1,FEASIBLE,WORSE
113,2,0,13,27412,29422,1,FEASIBLE,WORSE
114,2,0,14,27549,29492,1,FEASIBLE,WORSE
115,2,0,15,27917,29935,1,FEASIBLE,WORSE
116,2,0,16,27258,29247,1,FEASIBLE,WORSE
117,2,0,17,29151,31081,0,CAPACITY_EXCEEDED,INVALID
118,2,0,18,27357,29355,1,FEASIBLE,WORSE
119,2,0,19,27265,29269,1,FEASIBLE,WORSE
120,2,0,20,27857,29867,1,FEASIBLE,WORSE
121,2,0,21,28898,30901,1,FEASIBLE,WORSE
122,2,0,22,29067,31066,0,CAPACITY_EXCEEDED,INVALID
123,2,0,23,27484,29412,1,FEASIBLE,WORSE
124,2,0,24,28641,30573,1,FEASIBLE,WORSE
125,2,0,25,28269,30198,1,FEASIBLE,WORSE
126,2,0,26,27733,29665,1,FEASIBLE,WORSE
127,2,0,27,28779,30741,1,FEASIBLE,WORSE
128,2,0,28,29082,31031,0,CAPACITY_EXCEEDED,INVALID
129,2,0,29,29135,31102,0,CAPACITY_EXCEEDED,INVALID
130,2,0,30,27690,29655,1,FEASIBLE,WORSE
131,2,0,31,27302,29239,1,FEASIBLE,WORSE
132,2,0,32,28429,30358,1,FEASIBLE,WORSE
133,2,0,33,28974,30984,1,FEASIBLE,WORSE
134,2,0,34,28717,30662,1,FEASIBLE,WORSE
135,2,0,35,28153,30163,1,FEASIBLE,WORSE
136,2,0,36,28888,30857,1,FEASIBLE,WORSE
137,2,0,37,27769,29764,1,FEASIBLE,WORSE
138,2,0,38,28993,30988,1,FEASIBLE,WORSE
139,2,0,39,28837,30798,1,FEASIBLE,WORSE
140,2,0,40,28166,30141,1,FEASIBLE,WORSE
141,2,0,41,28662,30594,1,FEASIBLE,WORSE
142,2,0,42,29036,30981,0,CAPACITY_EXCEEDED,INVALID
143,2,0,43,27924,29851,1,FEASIBLE,WORSE
144,2,0,44,28494,30459,1,FEASIBLE,WORSE
145,2,0,45,27297,29350,1,FEASIBLE,WORSE
146,2,0,46,27976,29954,1,FEASIBLE,WORSE
147,2,0,47,27600,29557,1,FEASIBLE,WORSE
148,2,0,48,27929,29870,1,FEASIBLE,WORSE
149,2,0,49,29136,31095,0,CAPACITY_EXCEEDED,INVALID
150,2,0,50,27364,29354,1,FEASIBLE,WORSE
151,2,0,51,27720,29651,1,FEASIBLE,WORSE
152,2,0,52,28249,30204,1,FEASIBLE,WORSE
153,2,0,53,27847,29837,1,FEASIBLE,WORSE
154,2,0,54,27660,29616,1,FEASIBLE,WORSE
155,2,0,55,29101,31094,0,CAPACITY_EXCEEDED,INVALID
156,2,0,56,28278,30253,1,FEASIBLE,WORSE
157,2,0,57,27616,29622,1,FEASIBLE,WORSE
158,2,0,58,27461,29498,1,FEASIBLE,WORSE
159,2,0,59,28716,30676,1,FEASIBLE,WORSE
160,2,0,60,27353,29384,1,FEASIBLE,WORSE
161,2,0,61,28709,30716,1,FEASIBLE,WORSE
162,2,0,62,27204,29215,1,FEASIBLE,WORSE
163,2,0,63,27564,29587,1,FEASIBLE,WORSE
164,2,0,64,28756,30743,1,FEASIBLE,WORSE
165,2,0,65,28613,30609,1,FEASIBLE,WORSE
166,2,0,66,27571,29528,1,FEASIBLE,WORSE
167,2,0,67,28553,30528,1,FEASIBLE,WORSE
168,2,0,68,27592,29605,1,FEASIBLE,WORSE
169,2,0,69,28459,30386,1,FEASIBLE,WORSE
170,2,0,70,27978,29954,1,FEASIBLE,WORSE
171,2,0,71,28355,30347,1,FEASIBLE,WORSE
172,2,0,72,28781,30715,1,FEASIBLE,WORSE
173,2,0,73,28825,30806,1,FEASIBLE,WORSE
174,2,0,74,28645,30618,1,FEASIBLE,WORSE
175,2,0,75,28078,30011,1,FEASIBLE,WORSE
176,2,0,76,28926,30921,1,FEASIBLE,WORSE
177,2,0,77,29045,31027,0,CAPACITY_EXCEEDED,INVALID
178,2,0,78,29092,31089,0,CAPACITY_EXCEEDED,INVALID
179,2,0,79,27325,29260,1,FEASIBLE,WORSE
180,2,0,80,27269,29267,1,FEASIBLE,WORSE
181,2,0,81,27244,29245,1,FEASIBLE,WORSE
182,2,0,82,27627,29609,1,FEASIBLE,WORSE
183,2,0,83,28560,30562,1,FEASIBLE,WORSE
184,2,0,84,27462,29504,1,FEASIBLE,WORSE
185,2,0,85,27892,29887,1,FEASIBLE,WORSE
186,2,0,86,28980,30905,1,FEASIBLE,WORSE
187,2,0,87,29018,30981,0,CAPACITY_EXCEEDED,INVALID
188,2,0,88,29064,31056,0,CAPACITY_EXCEEDED,INVALID
189,2,0,89,28758,30731,1,FEASIBLE,WORSE
190,2,0,90,27218,29215,1,FEASIBLE,WORSE
191,2,0,91,28748,30749,1,FEASIBLE,WORSE
192,2,0,92,27717,29667,1,FEASIBLE,WORSE
193,2,0,93,27507,29518,1,FEASIBLE,WORSE
194,2,0,94,27171,29213,1,FEASIBLE,WORSE
195,2,0,95,29085,31090,0,CAPACITY_EXCEEDED,INVALID
196,2,0,96,27374,29358,1,FEASIBLE,WORSE
197,2,0,97,28251,30270,1,FEASIBLE,WORSE
198,2,0,98,27555,29547,1,FEASIBLE,WORSE
199,2,0,99,28655,30589,1,FEASIBLE,WORSE
200,2,1,2,28676,30606,1,FEASIBLE,WORSE
201,2,1,3,27996,29931,1,FEASIBLE,WORSE
202,2,1,4,28767,30672,1,FEASIBLE,WORSE
203,2,1,5,28660,30586,1,FEASIBLE,WORSE
204,2,1,6,27471,29394,1,FEASIBLE,WORSE
205,2,1,7,28559,30507,1,FEASIBLE,WORSE
206,2,1,8,27778,29697,1,FEASIBLE,WORSE
207,2,1,9,28839,30741,1,FEASIBLE,WORSE
208,2,1,10,29164,31075,0,CAPACITY_EXCEEDED,INVALID
209,2,1,11,27750,29692,1,FEASIBLE,WORSE
210,2,1,12,28537,30428,1,FEASIBLE,WORSE
211,2,1,13,27499,29466,1,FEASIBLE,WORSE
212,2,1,14,27636,29536,1,FEASIBLE,WORSE
213,2,1,15,28004,29979,1,FEASIBLE,WORSE
214,2,1,16,27345,29291,1,FEASIBLE,WORSE
215,2,1,17,29238,31125,0,CAPACITY_EXCEEDED,INVALID
216,2,1,18,27444,29399,1,FEASIBLE,WORSE
217,2,1,19,27352,29313,1,FEASIBLE,WORSE
218,2,1,20,27944,29911,1,FEASIBLE,WORSE
219,2,1,21,28985,30945,1,FEASIBLE,WORSE
220,2,1,22,29154,31110,0,CAPACITY_EXCEEDED,INVALID
221,2,1,23,27571,29456,1,FEASIBLE,WORSE
222,2,1,24,28728,30617,1,FEASIBLE,WORSE
223,2,1,25,28356,30242,1,FEASIBLE,WORSE
224,2,1,26,27820,29709,1,FEASIBLE,WORSE
225,2,1,27,28866,30785,1,FEASIBLE,WORSE
226,2,1,28,29169,31075,0,CAPACITY_EXCEEDED,INVALID
227,2,1,29,29222,31146,0,CAPACITY_EXCEEDED,INVALID
228,2,1,30,27777,29699,1,FEASIBLE,WORSE
229,2,1,31,27389,29283,1,FEASIBLE,WORSE
230,2,1,32,28516,30402,1,FEASIBLE,WORSE
231,2,1,33,29061,31028,0,CAPACITY_EXCEEDED,INVALID
232,2,1,34,28804,30706,1,FEASIBLE,WORSE
233,2,1,35,28240,30207,1,FEASIBLE,WORSE
234,2,1,36,28975,30901,1,FEASIBLE,WORSE
235,2,1,37,27856,29808,1,FEASIBLE,WORSE
236,2,1,38,29080,31032,0,CAPACITY_EXCEEDED,INVALID
237,2,1,39,28924,30842,1,FEASIBLE,WORSE
238,2,1,40,28253,30185,1,FEASIBLE,WORSE
239,2,1,41,28749,30638,1,FEASIBLE,WORSE
240,2,1,42,29123,31025,0,CAPACITY_EXCEEDED,INVALID
241,2,1,43,28011,29895,1,FEASIBLE,WORSE
242,2,1,44,28581,30503,1,FEASIBLE,WORSE
243,2,1,45,27384,29394,1,FEASIBLE,WORSE
244,2,1,46,28063,29998,1,FEASIBLE,WORSE
245,2,1,47,27687,29601,1,FEASIBLE,WORSE
246,2,1,48,28016,29914,1,FEASIBLE,WORSE
247,2,1,49,29223,31139,0,CAPACITY_EXCEEDED,INVALID
248,2,1,50,27451,29398,1,FEASIBLE,WORSE
249,2,1,51,27807,29695,1,FEASIBLE,WORSE
250,2,1,52,28336,30248,1,FEASIBLE,WORSE
251,2,1,53,27934,29881,1,FEASIBLE,WORSE
252,2,1,54,27747,29660,1,FEASIBLE,WORSE
253,2,1,55,29188,31138,0,CAPACITY_EXCEEDED,INVALID
254,2,1,56,28365,30297,1,FEASIBLE,WORSE
255,2,1,57,27703,29666,1,FEASIBLE,WORSE
256,2,1,58,27548,29542,1,FEASIBLE,WORSE
257,2,1,59,28803,30720,1,FEASIBLE,WORSE
258,2,1,60,27440,29428,1,FEASIBLE,WORSE
259,2,1,61,28796,30760,1,FEASIBLE,WORSE
260,2,1,62,27291,29259,1,FEASIBLE,WORSE
261,2,1,63,27651,29631,1,FEASIBLE,WORSE
262,2,1,64,28843,30787,1,FEASIBLE,WORSE
263,2,1,65,28700,30653,1,FEASIBLE,WORSE
264,2,1,66,27658,29572,1,FEASIBLE,WORSE
265,2,1,67,28640,30572,1,FEASIBLE,WORSE
266,2,1,68,27679,29649,1,FEASIBLE,WORSE
267,2,1,69,28546,30430,1,FEASIBLE,WORSE
268,2,1,70,28065,29998,1,FEASIBLE,WORSE
269,2,1,71,28442,30391,1,FEASIBLE,WORSE
270,2,1,72,28868,30759,1,FEASIBLE,WORSE
271,2,1,73,28912,30850,1,FEASIBLE,WORSE
272,2,1,74,28732,30662,1,FEASIBLE,WORSE
273,2,1,75,28165,30055,1,FEASIBLE,WORSE
274,2,1,76,29013,30965,1,FEASIBLE,WORSE
275,2,1,77,29132,31071,0,CAPACITY_EXCEEDED,INVALID
276,2,1,78,29179,31133,0,CAPACITY_EXCEEDED,INVALID
277,2,1,79,27412,29304,1,FEASIBLE,WORSE
278,2,1,80,27356,29311,1,FEASIBLE,WORSE
279,2,1,81,27331,29289,1,FEASIBLE,WORSE
280,2,1,82,27714,29653,1,FEASIBLE,WORSE
281,2,1,83,28647,30606,1,FEASIBLE,WORSE
282,2,1,84,27549,29548,1,FEASIBLE,WORSE
283,2,1,85,27979,29931,1,FEASIBLE,WORSE
284,2,1,86,29067,30949,0,CAPACITY_EXCEEDED,INVALID
285,2,1,87,29105,31025,0,CAPACITY_EXCEEDED,INVALID
286,2,1,88,29151,31100,0,CAPACITY_EXCEEDED,INVALID
287,2,1,89,28845,30775,1,FEASIBLE,WORSE
288,2,1,90,27305,29259,1,FEASIBLE,WORSE
289,2,1,91,28835,30793,1,FEASIBLE,WORSE
290,2,1,92,27804,29711,1,FEASIBLE,WORSE
291,2,1,93,27594,29562,1,FEASIBLE,WORSE
292,2,1,94,27258,29257,1,FEASIBLE,WORSE
293,2,1,95,29172,31134,0,CAPACITY_EXCEEDED,INVALID
294,2,1,96,27461,29402,1,FEASIBLE,WORSE
295,2,1,97,28338,30314,1,FEASIBLE,WORSE
296,2,1,98,27642,29591,1,FEASIBLE,WORSE
297,2,1,99,28742,30633,1,FEASIBLE,WORSE
298,2,2,3,29175,31127,0,CAPACITY_EXCEEDED,INVALID
299,2,2,4,29946,31868,0,CAPACITY_EXCEEDED,INVALID
300,2,2,5,29839,31782,0,CAPACITY_EXCEEDED,INVALID
301,2,2,6,28650,30590,1,FEASIBLE,WORSE
302,2,2,7,29738,31703,0,CAPACITY_EXCEEDED,INVALID
303,2,2,8,28957,30893,1,FEASIBLE,WORSE
304,2,2,9,30018,31937,0,CAPACITY_EXCEEDED,INVALID
305,2,2,10,30343,32271,0,CAPACITY_EXCEEDED,INVALID
306,2,2,11,28929,30888,1,FEASIBLE,WORSE
307,2,2,12,29716,31624,0,CAPACITY_EXCEEDED,INVALID
308,2,2,13,28678,30662,1,FEASIBLE,WORSE
309,2,2,14,28815,30732,1,FEASIBLE,WORSE
310,2,2,15,29183,31175,0,CAPACITY_EXCEEDED,INVALID
311,2,2,16,28524,30487,1,FEASIBLE,WORSE
312,2,2,17,30417,32321,0,CAPACITY_EXCEEDED,INVALID
313,2,2,18,28623,30595,1,FEASIBLE,WORSE
314,2,2,19,28531,30509,1,FEASIBLE,WORSE
315,2,2,20,29123,31107,0,CAPACITY_EXCEEDED,INVALID
316,2,2,21,30164,32141,0,CAPACITY_EXCEEDED,INVALID
317,2,2,22,30333,32306,0,CAPACITY_EXCEEDED,INVALID
318,2,2,23,28750,30652,1,FEASIBLE,WORSE
319,2,2,24,29907,31813,0,CAPACITY_EXCEEDED,INVALID
320,2,2,25,29535,31438,0,CAPACITY_EXCEEDED,INVALID
321,2,2,26,28999,30905,1,FEASIBLE,WORSE
322,2,2,27,30045,31981,0,CAPACITY_EXCEEDED,INVALID
323,2,2,28,30348,32271,0,CAPACITY_EXCEEDED,INVALID
324,2,2,29,30401,32342,0,CAPACITY_EXCEEDED,INVALID
325,2,2,30,28956,30895,1,FEASIBLE,WORSE
326,2,2,31,28568,30479,1,FEASIBLE,WORSE
327,2,2,32,29695,31598,0,CAPACITY_EXCEEDED,INVALID
328,2,2,33,30240,32224,0,CAPACITY_EXCEEDED,INVALID
329,2,2,34,29983,31902,0,CAPACITY_EXCEEDED,INVALID
330,2,2,35,29419,31403,0,CAPACITY_EXCEEDED,INVALID
331,2,2,36,30154,32097,0,CAPACITY_EXCEEDED,INVALID
332,2,2,37,29035,31004,0,CAPACITY_EXCEEDED,INVALID
333,2,2,38,30259,32228,0,CAPACITY_EXCEEDED,INVALID
334,2,2,39,30103,32038,0,CAPACITY_EXCEEDED,INVALID
335,2,2,40,29432,31381,0,CAPACITY_EXCEEDED,INVALID
336,2,2,41,29928,31834,0,CAPACITY_EXCEEDED,INVALID
337,2,2,42,30302,32221,0,CAPACITY_EXCEEDED,INVALID
338,2,2,43,29190,31091,0,CAPACITY_EXCEEDED,INVALID
339,2,2,44,29760,31699,0,CAPACITY_EXCEEDED,INVALID
340,2,2,45,28563,30590,1,FEASIBLE,WORSE
341,2,2,46,29242,31194,0,CAPACITY_EXCEEDED,INVALID
342,2,2,47,28866,30797,1,FEASIBLE,WORSE
343,2,2,48,29195,31110,0,CAPACITY_EXCEEDED,INVALID
344,2,2,49,30402,32335,0,CAPACITY_EXCEEDED,INVALID
345,2,2,50,28630,30594,1,FEASIBLE,WORSE
346,2,2,51,28986,30891,1,FEASIBLE,WORSE
347,2,2,52,29515,31444,0,CAPACITY_EXCEEDED,INVALID
348,2,2,53,29113,31077,0,CAPACITY_EXCEEDED,INVALID
349,2,2,54,28926,30856,1,FEASIBLE,WORSE
350,2,2,55,30367,32334,0,CAPACITY_EXCEEDED,INVALID
351,2,2,56,29544,31493,0,CAPACITY_EXCEEDED,INVALID
352,2,2,57,28882,30862,1,FEASIBLE,WORSE
353,2,2,58,28727,30738,1,FEASIBLE,WORSE
354,2,2,59,29982,31916,0,CAPACITY_EXCEEDED,INVALID
355,2,2,60,28619,30624,1,FEASIBLE,WORSE
356,2,2,61,29975,31956,0,CAPACITY_EXCEEDED,INVALID
357,2,2,62,28470,30455,1,FEASIBLE,WORSE
358,2,2,63,28830,30827,1,FEASIBLE,WORSE
359,2,2,64,30022,31983,0,CAPACITY_EXCEEDED,INVALID
360,2,2,65,29879,31849,0,CAPACITY_EXCEEDED,INVALID
361,2,2,66,28837,30768,1,FEASIBLE,WORSE
362,2,2,67,29819,31768,0,CAPACITY_EXCEEDED,INVALID
363,2,2,68,28858,30845,1,FEASIBLE,WORSE
364,2,2,69,29725,31626,0,CAPACITY_EXCEEDED,INVALID
365,2,2,70,29244,31194,0,CAPACITY_EXCEEDED,INVALID
366,2,2,71,29621,31587,0,CAPACITY_EXCEEDED,INVALID
367,2,2,72,30047,31955,0,CAPACITY_EXCEEDED,INVALID
368,2,2,73,30091,32046,0,CAPACITY_EXCEEDED,INVALID
369,2,2,74,29911,31858,0,CAPACITY_EXCEEDED,INVALID
370,2,2,75,29344,31251,0,CAPACITY_EXCEEDED,INVALID
371,2,2,76,30192,32161,0,CAPACITY_EXCEEDED,INVALID
372,2,2,77,30311,32267,0,CAPACITY_EXCEEDED,INVALID
373,2,2,78,30358,32329,0,CAPACITY_EXCEEDED,INVALID
374,2,2,79,28591,30500,1,FEASIBLE,WORSE
375,2,2,80,28535,30507,1,FEASIBLE,WORSE
376,2,2,81,28510,30485,1,FEASIBLE,WORSE
377,2,2,82,28893,30849,1,FEASIBLE,WORSE
378,2,2,83,29826,31802,0,CAPACITY_EXCEEDED,INVALID
379,2,2,84,28728,30744,1,FEASIBLE,WORSE
380,2,2,85,29158,31127,0,CAPACITY_EXCEEDED,INVALID
381,2,2,86,30246,32145,0,CAPACITY_EXCEEDED,INVALID
382,2,2,87,30284,32221,0,CAPACITY_EXCEEDED,INVALID
383,2,2,88,30330,32296,0,CAPACITY_EXCEEDED,INVALID
384,2,2,89,30024,31971,0,CAPACITY_EXCEEDED,INVALID
385,2,2,90,28484,30455,1,FEASIBLE,WORSE
386,2,2,91,30014,31989,0,CAPACITY_EXCEEDED,INVALID
387,2,2,92,28983,30907,1,FEASIBLE,WORSE
388,2,2,93,28773,30758,1,FEASIBLE,WORSE
389,2,2,94,28437,30453,1,FEASIBLE,WORSE
390,2,2,95,30351,32330,0,CAPACITY_EXCEEDED,INVALID
391,2,2,96,28640,30598,1,FEASIBLE,WORSE
392,2,2,97,29517,31510,0,CAPACITY_EXCEEDED,INVALID
393,2,2,98,28821,30787,1,FEASIBLE,WORSE
394,2,2,99,29921,31829,0,CAPACITY_EXCEEDED,INVALID
395,2,3,4,29266,31193,0,CAPACITY_EXCEEDED,INVALID
396,2,3,5,29159,31107,0,CAPACITY_EXCEEDED,INVALID
397,2,3,6,27970,29915,1,FEASIBLE,WORSE
398,2,3,7,29058,31028,0,CAPACITY_EXCEEDED,INVALID
399,2,3,8,28277,30218,1,FEASIBLE,WORSE
400,2,3,9,29338,31262,0,CAPACITY_EXCEEDED,INVALID
401,2,3,10,29663,31596,0,CAPACITY_EXCEEDED,INVALID
402,2,3,11,28249,30213,1,FEASIBLE,WORSE
403,2,3,12,29036,30949,0,CAPACITY_EXCEEDED,INVALID
404,2,3,13,27998,29987,1,FEASIBLE,WORSE
405,2,3,14,28135,30057,1,FEASIBLE,WORSE
406,2,3,15,28503,30500,1,FEASIBLE,WORSE
407,2,3,16,27844,29812,1,FEASIBLE,WORSE
408,2,3,17,29737,31646,0,CAPACITY_EXCEEDED,INVALID
409,2,3,18,27943,29920,1,FEASIBLE,WORSE
410,2,3,19,27851,29834,1,FEASIBLE,WORSE
411,2,3,20,28443,30432,1,FEASIBLE,WORSE
412,2,3,21,29484,31466,0,CAPACITY_EXCEEDED,INVALID
413,2,3,22,29653,31631,0,CAPACITY_EXCEEDED,INVALID
414,2,3,23,28070,29977,1,FEASIBLE,WORSE
415,2,3,24,29227,31138,0,CAPACITY_EXCEEDED,INVALID
416,2,3,25,28855,30763,1,FEASIBLE,WORSE
417,2,3,26,28319,30230,1,FEASIBLE,WORSE
418,2,3,27,29365,31306,0,CAPACITY_EXCEEDED,INVALID
419,2,3,28,29668,31596,0,CAPACITY_EXCEEDED,INVALID
420,2,3,29,29721,31667,0,CAPACITY_EXCEEDED,INVALID
421,2,3,30,28276,30220,1,FEASIBLE,WORSE
422,2,3,31,27888,29804,1,FEASIBLE,WORSE
423,2,3,32,29015,30923,1,FEASIBLE,WORSE
424,2,3,33,29560,31549,0,CAPACITY_EXCEEDED,INVALID
425,2,3,34,29303,31227,0,CAPACITY_EXCEEDED,INVALID
426,2,3,35,28739,30728,1,FEASIBLE,WORSE
427,2,3,36,29474,31422,0,CAPACITY_EXCEEDED,INVALID
428,2,3,37,28355,30329,1,FEASIBLE,WORSE
429,2,3,38,29579,31553,0,CAPACITY_EXCEEDED,INVALID
430,2,3,39,29423,31363,0,CAPACITY_EXCEEDED,INVALID
431,2,3,40,28752,30706,1,FEASIBLE,WORSE
432,2,3,41,29248,31159,0,CAPACITY_EXCEEDED,INVALID
433,2,3,42,29622,31546,0,CAPACITY_EXCEEDED,INVALID
434,2,3,43,28510,30416,1,FEASIBLE,WORSE
435,2,3,44,29080,31024,0,CAPACITY_EXCEEDED,INVALID
436,2,3,45,27883,29915,1,FEASIBLE,WORSE
437,2,3,46,28562,30519,1,FEASIBLE,WORSE
438,2,3,47,28186,30122,1,FEASIBLE,WORSE
439,2,3,48,28515,30435,1,FEASIBLE,WORSE
440,2,3,49,29722,31660,0,CAPACITY_EXCEEDED,INVALID
441,2,3,50,27950,29919,1,FEASIBLE,WORSE
442,2,3,51,28306,30216,1,FEASIBLE,WORSE
443,2,3,52,28835,30769,1,FEASIBLE,WORSE
444,2,3,53,28433,30402,1,FEASIBLE,WORSE
445,2,3,54,28246,30181,1,FEASIBLE,WORSE
446,2,3,55,29687,31659,0,CAPACITY_EXCEEDED,INVALID
447,2,3,56,28864,30818,1,FEASIBLE,WORSE
448,2,3,57,28202,30187,1,FEASIBLE,WORSE
449,2,3,58,28047,30063,1,FEASIBLE,WORSE
450,2,3,59,29302,31241,0,CAPACITY_EXCEEDED,INVALID
451,2,3,60,27939,29949,1,FEASIBLE,WORSE
452,2,3,61,29295,31281,0,CAPACITY_EXCEEDED,INVALID
453,2,3,62,27790,29780,1,FEASIBLE,WORSE
454,2,3,63,28150,30152,1,FEASIBLE,WORSE
455,2,3,64,29342,31308,0,CAPACITY_EXCEEDED,INVALID
456,2,3,65,29199,31174,0,CAPACITY_EXCEEDED,INVALID
457,2,3,66,28157,30093,1,FEASIBLE,WORSE
458,2,3,67,29139,31093,0,CAPACITY_EXCEEDED,INVALID
459,2,3,68,28178,30170,1,FEASIBLE,WORSE
460,2,3,69,29045,30951,0,CAPACITY_EXCEEDED,INVALID
461,2,3,70,28564,30519,1,FEASIBLE,WORSE
462,2,3,71,28941,30912,1,FEASIBLE,WORSE
463,2,3,72,29367,31280,0,CAPACITY_EXCEEDED,INVALID
464,2,3,73,29411,31371,0,CAPACITY_EXCEEDED,INVALID
465,2,3,74,29231,31183,0,CAPACITY_EXCEEDED,INVALID
466,2,3,75,28664,30576,1,FEASIBLE,WORSE
467,2,3,76,29512,31486,0,CAPACITY_EXCEEDED,INVALID
468,2,3,77,29631,31592,0,CAPACITY_EXCEEDED,INVALID
469,2,3,78,29678,31654,0,CAPACITY_EXCEEDED,INVALID
470,2,3,79,27911,29825,1,FEASIBLE,WORSE
471,2,3,80,27855,29832,1,FEASIBLE,WORSE
472,2,3,81,27830,29810,1,FEASIBLE,WORSE
473,2,3,82,28213,30174,1,FEASIBLE,WORSE
474,2,3,83,29146,31127,0,CAPACITY_EXCEEDED,INVALID
475,2,3,84,28048,30069,1,FEASIBLE,WORSE
476,2,3,85,28478,30452,1,FEASIBLE,WORSE
477,2,3,86,29566,31470,0,CAPACITY_EXCEEDED,INVALID
478,2,3,87,29604,31546,0,CAPACITY_EXCEEDED,INVALID
479,2,3,88,29650,31621,0,CAPACITY_EXCEEDED,INVALID
480,2,3,89,29344,31296,0,CAPACITY_EXCEEDED,INVALID
481,2,3,90,27804,29780,1,FEASIBLE,WORSE
482,2,3,91,29334,31314,0,CAPACITY_EXCEEDED,INVALID
483,2,3,92,28303,30232,1,FEASIBLE,WORSE
484,2,3,93,28093,30083,1,FEASIBLE,WORSE
485,2,3,94,27757,29778,1,FEASIBLE,WORSE
486,2,3,95,29671,31655,0,CAPACITY_EXCEEDED,INVALID
487,2,3,96,27960,29923,1,FEASIBLE,WORSE
488,2,3,97,28837,30835,1,FEASIBLE,WORSE
489,2,3,98,28141,30112,1,FEASIBLE,WORSE
490,2,3,99,29241,31154,0,CAPACITY_EXCEEDED,INVALID
491,2,4,5,29930,31848,0,CAPACITY_EXCEEDED,INVALID
492,2,4,6,28741,30656,1,FEASIBLE,WORSE
493,2,4,7,29829,31769,0,CAPACITY_EXCEEDED,INVALID
494,2,4,8,29048,30959,0,CAPACITY_EXCEEDED,INVALID
495,2,4,9,30109,32003,0,CAPACITY_EXCEEDED,INVALID
496,2,4,10,30434,32337,0,CAPACITY_EXCEEDED,INVALID
497,2,4,11,29020,30954,0,CAPACITY_EXCEEDED,INVALID
498,2,4,12,29807,31690,0,CAPACITY_EXCEEDED,INVALID
499,2,4,13,28769,30728,1,FEASIBLE,WORSE
500,2,4,14,28906,30798,1,FEASIBLE,WORSE
501,2,4,15,29274,31241,0,CAPACITY_EXCEEDED,INVALID
502,2,4,16,28615,30553,1,FEASIBLE,WORSE
503,2,4,17,30508,32387,0,CAPACITY_EXCEEDED,INVALID
504,2,4,18,28714,30661,1,FEASIBLE,WORSE
505,2,4,19,28622,30575,1,FEASIBLE,WORSE
506,2,4,20,29214,31173,0,CAPACITY_EXCEEDED,INVALID
507,2,4,21,30255,32207,0,CAPACITY_EXCEEDED,INVALID
508,2,4,22,30424,32372,0,CAPACITY_EXCEEDED,INVALID
509,2,4,23,28841,30718,1,FEASIBLE,WORSE
510,2,4,24,29998,31879,0,CAPACITY_EXCEEDED,INVALID
511,2,4,25,29626,31504,0,CAPACITY_EXCEEDED,INVALID
512,2,4,26,29090,30971,0,CAPACITY_EXCEEDED,INVALID
513,2,4,27,30136,32047,0,CAPACITY_EXCEEDED,INVALID
514,2,4,28,30439,32337,0,CAPACITY_EXCEEDED,INVALID
515,2,4,29,30492,32408,0,CAPACITY_EXCEEDED,INVALID
516,2,4,30,29047,30961,0,CAPACITY_EXCEEDED,INVALID
517,2,4,31,28659,30545,1,FEASIBLE,WORSE
518,2,4,32,29786,31664,0,CAPACITY_EXCEEDED,INVALID
519,2,4,33,30331,32290,0,CAPACITY_EXCEEDED,INVALID
520,2,4,34,30074,31968,0,CAPACITY_EXCEEDED,INVALID
521,2,4,35,29510,31469,0,CAPACITY_EXCEEDED,INVALID
522,2,4,36,30245,32163,0,CAPACITY_EXCEEDED,INVALID
523,2,4,37,29126,31070,0,CAPACITY_EXCEEDED,INVALID
524,2,4,38,30350,32294,0,CAPACITY_EXCEEDED,INVALID
525,2,4,39,30194,32104,0,CAPACITY_EXCEEDED,INVALID
526,2,4,40,29523,31447,0,CAPACITY_EXCEEDED,INVALID
527,2,4,41,30019,31900,0,CAPACITY_EXCEEDED,INVALID
528,2,4,42,30393,32287,0,CAPACITY_EXCEEDED,INVALID
529,2,4,43,29281,31157,0,CAPACITY_EXCEEDED,INVALID
530,2,4,44,29851,31765,0,CAPACITY_EXCEEDED,INVALID
531,2,4,45,28654,30656,1,FEASIBLE,WORSE
532,2,4,46,29333,31260,0,CAPACITY_EXCEEDED,INVALID
533,2,4,47,28957,30863,1,FEASIBLE,WORSE
534,2,4,48,29286,31176,0,CAPACITY_EXCEEDED,INVALID
535,2,4,49,30493,32401,0,CAPACITY_EXCEEDED,INVALID
536,2,4,50,28721,30660,1,FEASIBLE,WORSE
537,2,4,51,29077,30957,0,CAPACITY_EXCEEDED,INVALID
538,2,4,52,29606,31510,0,CAPACITY_EXCEEDED,INVALID
539,2,4,53,29204,31143,0,CAPACITY_EXCEEDED,INVALID
540,2,4,54,29017,30922,1,FEASIBLE,WORSE
541,2,4,55,30458,32400,0,CAPACITY_EXCEEDED,INVALID
542,2,4,56,29635,31559,0,CAPACITY_EXCEEDED,INVALID
543,2,4,57,28973,30928,1,FEASIBLE,WORSE
544,2,4,58,28818,30804,1,FEASIBLE,WORSE
545,2,4,59,30073,31982,0,CAPACITY_EXCEEDED,INVALID
546,2,4,60,28710,30690,1,FEASIBLE,WORSE
547,2,4,61,30066,32022,0,CAPACITY_EXCEEDED,INVALID
548,2,4,62,28561,30521,1,FEASIBLE,WORSE
549,2,4,63,28921,30893,1,FEASIBLE,WORSE
550,2,4,64,30113,32049,0,CAPACITY_EXCEEDED,INVALID
551,2,4,65,29970,31915,0,CAPACITY_EXCEEDED,INVALID
552,2,4,66,28928,30834,1,FEASIBLE,WORSE
553,2,4,67,29910,31834,0,CAPACITY_EXCEEDED,INVALID
554,2,4,68,28949,30911,1,FEASIBLE,WORSE
555,2,4,69,29816,31692,0,CAPACITY_EXCEEDED,INVALID
556,2,4,70,29335,31260,0,CAPACITY_EXCEEDED,INVALID
557,2,4,71,29712,31653,0,CAPACITY_EXCEEDED,INVALID
558,2,4,72,30138,32021,0,CAPACITY_EXCEEDED,INVALID
559,2,4,73,30182,32112,0,CAPACITY_EXCEEDED,INVALID
560,2,4,74,30002,31924,0,CAPACITY_EXCEEDED,INVALID
561,2,4,75,29435,31317,0,CAPACITY_EXCEEDED,INVALID
562,2,4,76,30283,32227,0,CAPACITY_EXCEEDED,INVALID
563,2,4,77,30402,32333,0,CAPACITY_EXCEEDED,INVALID
564,2,4,78,30449,32395,0,CAPACITY_EXCEEDED,INVALID
565,2,4,79,28682,30566,1,FEASIBLE,WORSE
566,2,4,80,28626,30573,1,FEASIBLE,WORSE
567,2,4,81,28601,30551,1,FEASIBLE,WORSE
568,2,4,82,28984,30915,1,FEASIBLE,WORSE
569,2,4,83,29917,31868,0,CAPACITY_EXCEEDED,INVALID
570,2,4,84,28819,30810,1,FEASIBLE,WORSE
571,2,4,85,29249,31193,0,CAPACITY_EXCEEDED,INVALID
572,2,4,86,30337,32211,0,CAPACITY_EXCEEDED,INVALID
573,2,4,87,30375,32287,0,CAPACITY_EXCEEDED,INVALID
574,2,4,88,30421,32362,0,CAPACITY_EXCEEDED,INVALID
575,2,4,89,30115,32037,0,CAPACITY_EXCEEDED,INVALID
576,2,4,90,28575,30521,1,FEASIBLE,WORSE
577,2,4,91,30105,32055,0,CAPACITY_EXCEEDED,INVALID
578,2,4,92,29074,30973,0,CAPACITY_EXCEEDED,INVALID
579,2,4,93,28864,30824,1,FEASIBLE,WORSE
580,2,4,94,28528,30519,1,FEASIBLE,WORSE
581,2,4,95,30442,32396,0,CAPACITY_EXCEEDED,INVALID
582,2,4,96,28731,30664,1,FEASIBLE,WORSE
583,2,4,97,29608,31576,0,CAPACITY_EXCEEDED,INVALID
584,2,4,98,28912,30853,1,FEASIBLE,WORSE
585,2,4,99,30012,31895,0,CAPACITY_EXCEEDED,INVALID
586,2,5,6,28634,30570,1,FEASIBLE,WORSE
587,2,5,7,29722,31683,0,CAPACITY_EXCEEDED,INVALID
588,2,5,8,28941,30873,1,FEASIBLE,WORSE
589,2,5,9,30002,31917,0,CAPACITY_EXCEEDED,INVALID
590,2,5,10,30327,32251,0,CAPACITY_EXCEEDED,INVALID
591,2,5,11,28913,30868,1,FEASIBLE,WORSE
592,2,5,12,29700,31604,0,CAPACITY_EXCEEDED,INVALID
593,2,5,13,28662,30642,1,FEASIBLE,WORSE
594,2,5,14,28799,30712,1,FEASIBLE,WORSE
595,2,5,15,29167,31155,0,CAPACITY_EXCEEDED,INVALID
596,2,5,16,28508,30467,1,FEASIBLE,WORSE
597,2,5,17,30401,32301,0,CAPACITY_EXCEEDED,INVALID
598,2,5,18,28607,30575,1,FEASIBLE,WORSE
599,2,5,19,28515,30489,1,FEASIBLE,WORSE
600,2,5,20,29107,31087,0,CAPACITY_EXCEEDED,INVALID
601,2,5,21,30148,32121,0,CAPACITY_EXCEEDED,INVALID
602,2,5,22,30317,32286,0,CAPACITY_EXCEEDED,INVALID
603,2,5,23,28734,30632,1,FEASIBLE,WORSE
604,2,5,24,29891,31793,0,CAPACITY_EXCEEDED,INVALID
605,2,5,25,29519,31418,0,CAPACITY_EXCEEDED,INVALID
606,2,5,26,28983,30885,1,FEASIBLE,WORSE
607,2,5,27,30029,31961,0,CAPACITY_EXCEEDED,INVALID
608,2,5,28,30332,32251,0,CAPACITY_EXCEEDED,INVALID
609,2,5,29,30385,32322,0,CAPACITY_EXCEEDED,INVALID
610,2,5,30,28940,30875,1,FEASIBLE,WORSE
611,2,5,31,28552,30459,1,FEASIBLE,WORSE
612,2,5,32,29679,31578,0,CAPACITY_EXCEEDED,INVALID
613,2,5,33,30224,32204,0,CAPACITY_EXCEEDED,INVALID
614,2,5,34,29967,31882,0,CAPACITY_EXCEEDED,INVALID
615,2,5,35,29403,31383,0,CAPACITY_EXCEEDED,INVALID
616,2,5,36,30138,32077,0,CAPACITY_EXCEEDED,INVALID
617,2,5,37,29019,30984,0,CAPACITY_EXCEEDED,INVALID
618,2,5,38,30243,32208,0,CAPACITY_EXCEEDED,INVALID
619,2,5,39,30087,32018,0,CAPACITY_EXCEEDED,INVALID
620,2,5,40,29416,31361,0,CAPACITY_EXCEEDED,INVALID
621,2,5,41,29912,31814,0,CAPACITY_EXCEEDED,INVALID
622,2,5,42,30286,32201,0,CAPACITY_EXCEEDED,INVALID
623,2,5,43,29174,31071,0,CAPACITY_EXCEEDED,INVALID
624,2,5,44,29744,31679,0,CAPACITY_EXCEEDED,INVALID
625,2,5,45,28547,30570,1,FEASIBLE,WORSE
626,2,5,46,29226,31174,0,CAPACITY_EXCEEDED,INVALID
627,2,5,47,28850,30777,1,FEASIBLE,WORSE
628,2,5,48,29179,31090,0,CAPACITY_EXCEEDED,INVALID
629,2,5,49,30386,32315,0,CAPACITY_EXCEEDED,INVALID
630,2,5,50,28614,30574,1,FEASIBLE,WORSE
631,2,5,51,28970,30871,1,FEASIBLE,WORSE
632,2,5,52,29499,31424,0,CAPACITY_EXCEEDED,INVALID
633,2,5,53,29097,31057,0,CAPACITY_EXCEEDED,INVALID
634,2,5,54,28910,30836,1,FEASIBLE,WORSE
635,2,5,55,30351,32314,0,CAPACITY_EXCEEDED,INVALID
636,2,5,56,29528,31473,0,CAPACITY_EXCEEDED,INVALID
637,2,5,57,28866,30842,1,FEASIBLE,WORSE
638,2,5,58,28711,30718,1,FEASIBLE,WORSE
639,2,5,59,29966,31896,0,CAPACITY_EXCEEDED,INVALID
640,2,5,60,28603,30604,1,FEASIBLE,WORSE
641,2,5,61,29959,31936,0,CAPACITY_EXCEEDED,INVALID
642,2,5,62,28454,30435,1,FEASIBLE,WORSE
643,2,5,63,28814,30807,1,FEASIBLE,WORSE
644,2,5,64,30006,31963,0,CAPACITY_EXCEEDED,INVALID
645,2,5,65,29863,31829,0,CAPACITY_EXCEEDED,INVALID
646,2,5,66,28821,30748,1,FEASIBLE,WORSE
647,2,5,67,29803,31748,0,CAPACITY_EXCEEDED,INVALID
648,2,5,68,28842,30825,1,FEASIBLE,WORSE
649,2,5,69,29709,31606,0,CAPACITY_EXCEEDED,INVALID
650,2,5,70,29228,31174,0,CAPACITY_EXCEEDED,INVALID
651,2,5,71,29605,31567,0,CAPACITY_EXCEEDED,INVALID
652,2,5,72,30031,31935,0,CAPACITY_EXCEEDED,INVALID
653,2,5,73,30075,32026,0,CAPACITY_EXCEEDED,INVALID
654,2,5,74,29895,31838,0,CAPACITY_EXCEEDED,INVALID
655,2,5,75,29328,31231,0,CAPACITY_EXCEEDED,INVALID
656,2,5,76,30176,32141,0,CAPACITY_EXCEEDED,INVALID
657,2,5,77,30295,32247,0,CAPACITY_EXCEEDED,INVALID
658,2,5,78,30342,32309,0,CAPACITY_EXCEEDED,INVALID
659,2,5,79,28575,30480,1,FEASIBLE,WORSE
660,2,5,80,28519,30487,1,FEASIBLE,WORSE
661,2,5,81,28494,30465,1,FEASIBLE,WORSE
662,2,5,82,28877,30829,1,FEASIBLE,WORSE
663,2,5,83,29810,31782,0,CAPACITY_EXCEEDED,INVALID
664,2,5,84,28712,30724,1,FEASIBLE,WORSE
665,2,5,85,29142,31107,0,CAPACITY_EXCEEDED,INVALID
666,2,5,86,30230,32125,0,CAPACITY_EXCEEDED,INVALID
667,2,5,87,30268,32201,0,CAPACITY_EXCEEDED,INVALID
668,2,5,88,30314,32276,0,CAPACITY_EXCEEDED,INVALID
669,2,5,89,30008,31951,0,CAPACITY_EXCEEDED,INVALID
670,2,5,90,28468,30435,1,FEASIBLE,WORSE
671,2,5,91,29998,31969,0,CAPACITY_EXCEEDED,INVALID
672,2,5,92,28967,30887,1,FEASIBLE,WORSE
673,2,5,93,28757,30738,1,FEASIBLE,WORSE
674,2,5,94,28421,30433,1,FEASIBLE,WORSE
675,2,5,95,30335,32310,0,CAPACITY_EXCEEDED,INVALID
676,2,5,96,28624,30578,1,FEASIBLE,WORSE
677,2,5,97,29501,31490,0,CAPACITY_EXCEEDED,INVALID
678,2,5,98,28805,30767,1,FEASIBLE,WORSE
679,2,5,99,29905,31809,0,CAPACITY_EXCEEDED,INVALID
680,2,6,7,28533,30491,1,FEASIBLE,WORSE
681,2,6,8,27752,29681,1,FEASIBLE,WORSE
682,2,6,9,28813,30725,1,FEASIBLE,WORSE
683,2,6,10,29138,31059,0,CAPACITY_EXCEEDED,INVALID
684,2,6,11,27724,29676,1,FEASIBLE,WORSE
685,2,6,12,28511,30412,1,FEASIBLE,WORSE
686,2,6,13,27473,29450,1,FEASIBLE,WORSE
687,2,6,14,27610,29520,1,FEASIBLE,WORSE
688,2,6,15,27978,29963,1,FEASIBLE,WORSE
689,2,6,16,27319,29275,1,FEASIBLE,WORSE
690,2,6,17,29212,31109,0,CAPACITY_EXCEEDED,INVALID
691,2,6,18,27418,29383,1,FEASIBLE,WORSE
692,2,6,19,27326,29297,1,FEASIBLE,WORSE
693,2,6,20,27918,29895,1,FEASIBLE,WORSE
694,2,6,21,28959,30929,1,FEASIBLE,WORSE
695,2,6,22,29128,31094,0,CAPACITY_EXCEEDED,INVALID
696,2,6,23,27545,29440,1,FEASIBLE,WORSE
697,2,6,24,28702,30601,1,FEASIBLE,WORSE
698,2,6,25,28330,30226,1,FEASIBLE,WORSE
699,2,6,26,27794,29693,1,FEASIBLE,WORSE
700,2,6,27,28840,30769,1,FEASIBLE,WORSE
701,2,6,28,29143,31059,0,CAPACITY_EXCEEDED,INVALID
702,2,6,29,29196,31130,0,CAPACITY_EXCEEDED,INVALID
703,2,6,30,27751,29683,1,FEASIBLE,WORSE
704,2,6,31,27363,29267,1,FEASIBLE,WORSE
705,2,6,32,28490,30386,1,FEASIBLE,WORSE
706,2,6,33,29035,31012,0,CAPACITY_EXCEEDED,INVALID
707,2,6,34,28778,30690,1,FEASIBLE,WORSE
708,2,6,35,28214,30191,1,FEASIBLE,WORSE
709,2,6,36,28949,30885,1,FEASIBLE,WORSE
710,2,6,37,27830,29792,1,FEASIBLE,WORSE
711,2,6,38,29054,31016,0,CAPACITY_EXCEEDED,INVALID
712,2,6,39,28898,30826,1,FEASIBLE,WORSE
713,2,6,40,28227,30169,1,FEASIBLE,WORSE
714,2,6,41,28723,30622,1,FEASIBLE,WORSE
715,2,6,42,29097,31009,0,CAPACITY_EXCEEDED,INVALID
716,2,6,43,27985,29879,1,FEASIBLE,WORSE
717,2,6,44,28555,30487,1,FEASIBLE,WORSE
718,2,6,45,27358,29378,1,FEASIBLE,WORSE
719,2,6,46,28037,29982,1,FEASIBLE,WORSE
720,2,6,47,27661,29585,1,FEASIBLE,WORSE
721,2,6,48,27990,29898,1,FEASIBLE,WORSE
722,2,6,49,29197,31123,0,CAPACITY_EXCEEDED,INVALID
723,2,6,50,27425,29382,1,FEASIBLE,WORSE
724,2,6,51,27781,29679,1,FEASIBLE,WORSE
725,2,6,52,28310,30232,1,FEASIBLE,WORSE
726,2,6,53,27908,29865,1,FEASIBLE,WORSE
727,2,6,54,27721,29644,1,FEASIBLE,WORSE
728,2,6,55,29162,31122,0,CAPACITY_EXCEEDED,INVALID
729,2,6,56,28339,30281,1,FEASIBLE,WORSE
730,2,6,57,27677,29650,1,FEASIBLE,WORSE
731,2,6,58,27522,29526,1,FEASIBLE,WORSE
732,2,6,59,28777,30704,1,FEASIBLE,WORSE
733,2,6,60,27414,29412,1,FEASIBLE,WORSE
734,2,6,61,28770,30744,1,FEASIBLE,WORSE
735,2,6,62,27265,29243,1,FEASIBLE,WORSE
736,2,6,63,27625,29615,1,FEASIBLE,WORSE
737,2,6,64,28817,30771,1,FEASIBLE,WORSE
738,2,6,65,28674,30637,1,FEASIBLE,WORSE
739,2,6,66,27632,29556,1,FEASIBLE,WORSE
740,2,6,67,28614,30556,1,FEASIBLE,WORSE
741,2,6,68,27653,29633,1,FEASIBLE,WORSE
742,2,6,69,28520,30414,1,FEASIBLE,WORSE
743,2,6,70,28039,29982,1,FEASIBLE,WORSE
744,2,6,71,28416,30375,1,FEASIBLE,WORSE
745,2,6,72,28842,30743,1,FEASIBLE,WORSE
746,2,6,73,28886,30834,1,FEASIBLE,WORSE
747,2,6,74,28706,30646,1,FEASIBLE,WORSE
748,2,6,75,28139,30039,1,FEASIBLE,WORSE
749,2,6,76,28987,30949,1,FEASIBLE,WORSE
750,2,6,77,29106,31055,0,CAPACITY_EXCEEDED,INVALID
751,2,6,78,29153,31117,0,CAPACITY_EXCEEDED,INVALID
752,2,6,79,27386,29288,1,FEASIBLE,WORSE
753,2,6,80,27330,29295,1,FEASIBLE,WORSE
754,2,6,81,27305,29273,1,FEASIBLE,WORSE
755,2,6,82,27688,29637,1,FEASIBLE,WORSE
756,2,6,83,28621,30590,1,FEASIBLE,WORSE
757,2,6,84,27523,29532,1,FEASIBLE,WORSE
758,2,6,85,27953,29915,1,FEASIBLE,WORSE
759,2,6,86,29041,30933,0,CAPACITY_EXCEEDED,INVALID
760,2,6,87,29079,31009,0,CAPACITY_EXCEEDED,INVALID
761,2,6,88,29125,31084,0,CAPACITY_EXCEEDED,INVALID
762,2,6,89,28819,30759,1,FEASIBLE,WORSE
763,2,6,90,27279,29243,1,FEASIBLE,WORSE
764,2,6,91,28809,30777,1,FEASIBLE,WORSE
765,2,6,92,27778,29695,1,FEASIBLE,WORSE
766,2,6,93,27568,29546,1,FEASIBLE,WORSE
767,2,6,94,27232,29241,1,FEASIBLE,WORSE
768,2,6,95,29146,31118,0,CAPACITY_EXCEEDED,INVALID
769,2,6,96,27435,29386,1,FEASIBLE,WORSE
770,2,6,97,28312,30298,1,FEASIBLE,WORSE
771,2,6,98,27616,29575,1,FEASIBLE,WORSE
772,2,6,99,28716,30617,1,FEASIBLE,WORSE
773,2,7,8,28840,30794,1,FEASIBLE,WORSE
774,2,7,9,29901,31838,0,CAPACITY_EXCEEDED,INVALID
775,2,7,10,30226,32172,0,CAPACITY_EXCEEDED,INVALID
776,2,7,11,28812,30789,1,FEASIBLE,WORSE
777,2,7,12,29599,31525,0,CAPACITY_EXCEEDED,INVALID
778,2,7,13,28561,30563,1,FEASIBLE,WORSE
779,2,7,14,28698,30633,1,FEASIBLE,WORSE
780,2,7,15,29066,31076,0,CAPACITY_EXCEEDED,INVALID
781,2,7,16,28407,30388,1,FEASIBLE,WORSE
782,2,7,17,30300,32222,0,CAPACITY_EXCEEDED,INVALID
783,2,7,18,28506,30496,1,FEASIBLE,WORSE
784,2,7,19,28414,30410,1,FEASIBLE,WORSE
785,2,7,20,29006,31008,1,FEASIBLE,WORSE
786,2,7,21,30047,32042,0,CAPACITY_EXCEEDED,INVALID
787,2,7,22,30216,32207,0,CAPACITY_EXCEEDED,INVALID
788,2,7,23,28633,30553,1,FEASIBLE,WORSE
789,2,7,24,29790,31714,0,CAPACITY_EXCEEDED,INVALID
790,2,7,25,29418,31339,0,CAPACITY_EXCEEDED,INVALID
791,2,7,26,28882,30806,1,FEASIBLE,WORSE
792,2,7,27,29928,31882,0,CAPACITY_EXCEEDED,INVALID
793,2,7,28,30231,32172,0,CAPACITY_EXCEEDED,INVALID
794,2,7,29,30284,32243,0,CAPACITY_EXCEEDED,INVALID
795,2,7,30,28839,30796,1,FEASIBLE,WORSE
796,2,7,31,28451,30380,1,FEASIBLE,WORSE
797,2,7,32,29578,31499,0,CAPACITY_EXCEEDED,INVALID
798,2,7,33,30123,32125,0,CAPACITY_EXCEEDED,INVALID
799,2,7,34,29866,31803,0,CAPACITY_EXCEEDED,INVALID
800,2,7,35,29302,31304,0,CAPACITY_EXCEEDED,INVALID
801,2,7,36,30037,31998,0,CAPACITY_EXCEEDED,INVALID
802,2,7,37,28918,30905,1,FEASIBLE,WORSE
803,2,7,38,30142,32129,0,CAPACITY_EXCEEDED,INVALID
804,2,7,39,29986,31939,0,CAPACITY_EXCEEDED,INVALID
805,2,7,40,29315,31282,0,CAPACITY_EXCEEDED,INVALID
806,2,7,41,29811,31735,0,CAPACITY_EXCEEDED,INVALID
807,2,7,42,30185,32122,0,CAPACITY_EXCEEDED,INVALID
808,2,7,43,29073,30992,0,CAPACITY_EXCEEDED,INVALID
809,2,7,44,29643,31600,0,CAPACITY_EXCEEDED,INVALID
810,2,7,45,28446,30491,1,FEASIBLE,WORSE
811,2,7,46,29125,31095,0,CAPACITY_EXCEEDED,INVALID
812,2,7,47,28749,30698,1,FEASIBLE,WORSE
813,2,7,48,29078,31011,0,CAPACITY_EXCEEDED,INVALID
814,2,7,49,30285,32236,0,CAPACITY_EXCEEDED,INVALID
815,2,7,50,28513,30495,1,FEASIBLE,WORSE
816,2,7,51,28869,30792,1,FEASIBLE,WORSE
817,2,7,52,29398,31345,0,CAPACITY_EXCEEDED,INVALID
818,2,7,53,28996,30978,1,FEASIBLE,WORSE
819,2,7,54,28809,30757,1,FEASIBLE,WORSE
820,2,7,55,30250,32235,0,CAPACITY_EXCEEDED,INVALID
821,2,7,56,29427,31394,0,CAPACITY_EXCEEDED,INVALID
822,2,7,57,28765,30763,1,FEASIBLE,WORSE
823,2,7,58,28610,30639,1,FEASIBLE,WORSE
824,2,7,59,29865,31817,0,CAPACITY_EXCEEDED,INVALID
825,2,7,60,28502,30525,1,FEASIBLE,WORSE
826,2,7,61,29858,31857,0,CAPACITY_EXCEEDED,INVALID
827,2,7,62,28353,30356,1,FEASIBLE,WORSE
828,2,7,63,28713,30728,1,FEASIBLE,WORSE
829,2,7,64,29905,31884,0,CAPACITY_EXCEEDED,INVALID
830,2,7,65,29762,31750,0,CAPACITY_EXCEEDED,INVALID
831,2,7,66,28720,30669,1,FEASIBLE,WORSE
832,2,7,67,29702,31669,0,CAPACITY_EXCEEDED,INVALID
833,2,7,68,28741,30746,1,FEASIBLE,WORSE
834,2,7,69,29608,31527,0,CAPACITY_EXCEEDED,INVALID
835,2,7,70,29127,31095,0,CAPACITY_EXCEEDED,INVALID
836,2,7,71,29504,31488,0,CAPACITY_EXCEEDED,INVALID
837,2,7,72,29930,31856,0,CAPACITY_EXCEEDED,INVALID
838,2,7,73,29974,31947,0,CAPACITY_EXCEEDED,INVALID
839,2,7,74,29794,31759,0,CAPACITY_EXCEEDED,INVALID
840,2,7,75,29227,31152,0,CAPACITY_EXCEEDED,INVALID
841,2,7,76,30075,32062,0,CAPACITY_EXCEEDED,INVALID
842,2,7,77,30194,32168,0,CAPACITY_EXCEEDED,INVALID
843,2,7,78,30241,32230,0,CAPACITY_EXCEEDED,INVALID
844,2,7,79,28474,30401,1,FEASIBLE,WORSE
845,2,7,80,28418,30408,1,FEASIBLE,WORSE
846,2,7,81,28393,30386,1,FEASIBLE,WORSE
847,2,7,82,28776,30750,1,FEASIBLE,WORSE
848,2,7,83,29709,31703,0,CAPACITY_EXCEEDED,INVALID
849,2,7,84,28611,30645,1,FEASIBLE,WORSE
850,2,7,85,29041,31028,0,CAPACITY_EXCEEDED,INVALID
851,2,7,86,30129,32046,0,CAPACITY_EXCEEDED,INVALID
852,2,7,87,30167,32122,0,CAPACITY_EXCEEDED,INVALID
853,2,7,88,30213,32197,0,CAPACITY_EXCEEDED,INVALID
854,2,7,89,29907,31872,0,CAPACITY_EXCEEDED,INVALID
855,2,7,90,28367,30356,1,FEASIBLE,WORSE
856,2,7,91,29897,31890,0,CAPACITY_EXCEEDED,INVALID
857,2,7,92,28866,30808,1,FEASIBLE,WORSE
858,2,7,93,28656,30659,1,FEASIBLE,WORSE
859,2,7,94,28320,30354,1,FEASIBLE,WORSE
860,2,7,95,30234,32231,0,CAPACITY_EXCEEDED,INVALID
861,2,7,96,28523,30499,1,FEASIBLE,WORSE
862,2,7,97,29400,31411,0,CAPACITY_EXCEEDED,INVALID
863,2,7,98,28704,30688,1,FEASIBLE,WORSE
864,2,7,99,29804,31730,0,CAPACITY_EXCEEDED,INVALID
865,2,8,9,29120,31028,0,CAPACITY_EXCEEDED,INVALID
866,2,8,10,29445,31362,0,CAPACITY_EXCEEDED,INVALID
867,2,8,11,28031,29979,1,FEASIBLE,WORSE
868,2,8,12,28818,30715,1,FEASIBLE,WORSE
869,2,8,13,27780,29753,1,FEASIBLE,WORSE
870,2,8,14,27917,29823,1,FEASIBLE,WORSE
871,2,8,15,28285,30266,1,FEASIBLE,WORSE
872,2,8,16,27626,29578,1,FEASIBLE,WORSE
873,2,8,17,29519,31412,0,CAPACITY_EXCEEDED,INVALID
874,2,8,18,27725,29686,1,FEASIBLE,WORSE
875,2,8,19,27633,29600,1,FEASIBLE,WORSE
876,2,8,20,28225,30198,1,FEASIBLE,WORSE
877,2,8,21,29266,31232,0,CAPACITY_EXCEEDED,INVALID
878,2,8,22,29435,31397,0,CAPACITY_EXCEEDED,INVALID
879,2,8,23,27852,29743,1,FEASIBLE,WORSE
880,2,8,24,29009,30904,1,FEASIBLE,WORSE
881,2,8,25,28637,30529,1,FEASIBLE,WORSE
882,2,8,26,28101,29996,1,FEASIBLE,WORSE
883,2,8,27,29147,31072,0,CAPACITY_EXCEEDED,INVALID
884,2,8,28,29450,31362,0,CAPACITY_EXCEEDED,INVALID
885,2,8,29,29503,31433,0,CAPACITY_EXCEEDED,INVALID
886,2,8,30,28058,29986,1,FEASIBLE,WORSE
887,2,8,31,27670,29570,1,FEASIBLE,WORSE
888,2,8,32,28797,30689,1,FEASIBLE,WORSE
889,2,8,33,29342,31315,0,CAPACITY_EXCEEDED,INVALID
890,2,8,34,29085,30993,0,CAPACITY_EXCEEDED,INVALID
891,2,8,35,28521,30494,1,FEASIBLE,WORSE
892,2,8,36,29256,31188,0,CAPACITY_EXCEEDED,INVALID
893,2,8,37,28137,30095,1,FEASIBLE,WORSE
894,2,8,38,29361,31319,0,CAPACITY_EXCEEDED,INVALID
895,2,8,39,29205,31129,0,CAPACITY_EXCEEDED,INVALID
896,2,8,40,28534,30472,1,FEASIBLE,WORSE
897,2,8,41,29030,30925,0,CAPACITY_EXCEEDED,INVALID
898,2,8,42,29404,31312,0,CAPACITY_EXCEEDED,INVALID
899,2,8,43,28292,30182,1,FEASIBLE,WORSE
900,2,8,44,28862,30790,1,FEASIBLE,WORSE
901,2,8,45,27665,29681,1,FEASIBLE,WORSE
902,2,8,46,28344,30285,1,FEASIBLE,WORSE
903,2,8,47,27968,29888,1,FEASIBLE,WORSE
904,2,8,48,28297,30201,1,FEASIBLE,WORSE
905,2,8,49,29504,31426,0,CAPACITY_EXCEEDED,INVALID
906,2,8,50,27732,29685,1,FEASIBLE,WORSE
907,2,8,51,28088,29982,1,FEASIBLE,WORSE
908,2,8,52,28617,30535,1,FEASIBLE,WORSE
909,2,8,53,28215,30168,1,FEASIBLE,WORSE
910,2,8,54,28028,29947,1,FEASIBLE,WORSE
911,2,8,55,29469,31425,0,CAPACITY_EXCEEDED,INVALID
912,2,8,56,28646,30584,1,FEASIBLE,WORSE
913,2,8,57,27984,29953,1,FEASIBLE,WORSE
914,2,8,58,27829,29829,1,FEASIBLE,WORSE
915,2,8,59,29084,31007,0,CAPACITY_EXCEEDED,INVALID
916,2,8,60,27721,29715,1,FEASIBLE,WORSE
917,2,8,61,29077,31047,0,CAPACITY_EXCEEDED,INVALID
918,2,8,62,27572,29546,1,FEASIBLE,WORSE
919,2,8,63,27932,29918,1,FEASIBLE,WORSE
920,2,8,64,29124,31074,0,CAPACITY_EXCEEDED,INVALID
921,2,8,65,28981,30940,1,FEASIBLE,WORSE
922,2,8,66,27939,29859,1,FEASIBLE,WORSE
923,2,8,67,28921,30859,1,FEASIBLE,WORSE
924,2,8,68,27960,29936,1,FEASIBLE,WORSE
925,2,8,69,28827,30717,1,FEASIBLE,WORSE
926,2,8,70,28346,30285,1,FEASIBLE,WORSE
927,2,8,71,28723,30678,1,FEASIBLE,WORSE
928,2,8,72,29149,31046,0,CAPACITY_EXCEEDED,INVALID
929,2,8,73,29193,31137,0,CAPACITY_EXCEEDED,INVALID
930,2,8,74,29013,30949,1,FEASIBLE,WORSE
931,2,8,75,28446,30342,1,FEASIBLE,WORSE
932,2,8,76,29294,31252,0,CAPACITY_EXCEEDED,INVALID
933,2,8,77,29413,31358,0,CAPACITY_EXCEEDED,INVALID
934,2,8,78,29460,31420,0,CAPACITY_EXCEEDED,INVALID
935,2,8,79,27693,29591,1,FEASIBLE,WORSE
936,2,8,80,27637,29598,1,FEASIBLE,WORSE
937,2,8,81,27612,29576,1,FEASIBLE,WORSE
938,2,8,82,27995,29940,1,FEASIBLE,WORSE
939,2,8,83,28928,30893,1,FEASIBLE,WORSE
940,2,8,84,27830,29835,1,FEASIBLE,WORSE
941,2,8,85,28260,30218,1,FEASIBLE,WORSE
942,2,8,86,29348,31236,0,CAPACITY_EXCEEDED,INVALID
943,2,8,87,29386,31312,0,CAPACITY_EXCEEDED,INVALID
944,2,8,88,29432,31387,0,CAPACITY_EXCEEDED,INVALID
945,2,8,89,29126,31062,0,CAPACITY_EXCEEDED,INVALID
946,2,8,90,27586,29546,1,FEASIBLE,WORSE
947,2,8,91,29116,31080,0,CAPACITY_EXCEEDED,INVALID
948,2,8,92,28085,29998,1,FEASIBLE,WORSE
949,2,8,93,27875,29849,1,FEASIBLE,WORSE
950,2,8,94,27539,29544,1,FEASIBLE,WORSE
951,2,8,95,29453,31421,0,CAPACITY_EXCEEDED,INVALID
952,2,8,96,27742,29689,1,FEASIBLE,WORSE
953,2,8,97,28619,30601,1,FEASIBLE,WORSE
954,2,8,98,27923,29878,1,FEASIBLE,WORSE
955,2,8,99,29023,30920,0,CAPACITY_EXCEEDED,INVALID
956,2,9,10,30506,32406,0,CAPACITY_EXCEEDED,INVALID
957,2,9,11,29092,31023,0,CAPACITY_EXCEEDED,INVALID
958,2,9,12,29879,31759,0,CAPACITY_EXCEEDED,INVALID
959,2,9,13,28841,30797,1,FEASIBLE,WORSE
960,2,9,14,28978,30867,1,FEASIBLE,WORSE
961,2,9,15,29346,31310,0,CAPACITY_EXCEEDED,INVALID
962,2,9,16,28687,30622,1,FEASIBLE,WORSE
963,2,9,17,30580,32456,0,CAPACITY_EXCEEDED,INVALID
964,2,9,18,28786,30730,1,FEASIBLE,WORSE
965,2,9,19,28694,30644,1,FEASIBLE,WORSE
966,2,9,20,29286,31242,0,CAPACITY_EXCEEDED,INVALID
967,2,9,21,30327,32276,0,CAPACITY_EXCEEDED,INVALID
968,2,9,22,30496,32441,0,CAPACITY_EXCEEDED,INVALID
969,2,9,23,28913,30787,1,FEASIBLE,WORSE
970,2,9,24,30070,31948,0,CAPACITY_EXCEEDED,INVALID
971,2,9,25,29698,31573,0,CAPACITY_EXCEEDED,INVALID
972,2,9,26,29162,31040,0,CAPACITY_EXCEEDED,INVALID
973,2,9,27,30208,32116,0,CAPACITY_EXCEEDED,INVALID
974,2,9,28,30511,32406,0,CAPACITY_EXCEEDED,INVALID
975,2,9,29,30564,32477,0,CAPACITY_EXCEEDED,INVALID
976,2,9,30,29119,31030,0,CAPACITY_EXCEEDED,INVALID
977,2,9,31,28731,30614,1,FEASIBLE,WORSE
978,2,9,32,29858,31733,0,CAPACITY_EXCEEDED,INVALID
979,2,9,33,30403,32359,0,CAPACITY_EXCEEDED,INVALID
980,2,9,34,30146,32037,0,CAPACITY_EXCEEDED,INVALID
981,2,9,35,29582,31538,0,CAPACITY_EXCEEDED,INVALID
982,2,9,36,30317,32232,0,CAPACITY_EXCEEDED,INVALID
983,2,9,37,29198,31139,0,CAPACITY_EXCEEDED,INVALID
984,2,9,38,30422,32363,0,CAPACITY_EXCEEDED,INVALID
985,2,9,39,30266,32173,0,CAPACITY_EXCEEDED,INVALID
986,2,9,40,29595,31516,0,CAPACITY_EXCEEDED,INVALID
987,2,9,41,30091,31969,0,CAPACITY_EXCEEDED,INVALID
988,2,9,42,30465,32356,0,CAPACITY_EXCEEDED,INVALID
989,2,9,43,29353,31226,0,CAPACITY_EXCEEDED,INVALID
990,2,9,44,29923,31834,0,CAPACITY_EXCEEDED,INVALID
991,2,9,45,28726,30725,1,FEASIBLE,WORSE
992,2,9,46,29405,31329,0,CAPACITY_EXCEEDED,INVALID
993,2,9,47,29029,30932,0,CAPACITY_EXCEEDED,INVALID
994,2,9,48,29358,31245,0,CAPACITY_EXCEEDED,INVALID
995,2,9,49,30565,32470,0,CAPACITY_EXCEEDED,INVALID
996,2,9,50,28793,30729,1,FEASIBLE,WORSE
997,2,9,51,29149,31026,0,CAPACITY_EXCEEDED,INVALID
998,2,9,52,29678,31579,0,CAPACITY_EXCEEDED,INVALID
999,2,9,53,29276,31212,0,CAPACITY_EXCEEDED,INVALID
1000,2,9,54,29089,30991,0,CAPACITY_EXCEEDED,INVALID
1001,2,9,55,30530,32469,0,CAPACITY_EXCEEDED,INVALID
1002,2,9,56,29707,31628,0,CAPACITY_EXCEEDED,INVALID
1003,2,9,57,29045,30997,0,CAPACITY_EXCEEDED,INVALID
1004,2,9,58,28890,30873,1,FEASIBLE,WORSE
1005,2,9,59,30145,32051,0,CAPACITY_EXCEEDED,INVALID
1006,2,9,60,28782,30759,1,FEASIBLE,WORSE
1007,2,9,61,30138,32091,0,CAPACITY_EXCEEDED,INVALID
1008,2,9,62,28633,30590,1,FEASIBLE,WORSE
1009,2,9,63,28993,30962,1,FEASIBLE,WORSE
1010,2,9,64,30185,32118,0,CAPACITY_EXCEEDED,INVALID
1011,2,9,65,30042,31984,0,CAPACITY_EXCEEDED,INVALID
1012,2,9,66,29000,30903,1,FEASIBLE,WORSE
1013,2,9,67,29982,31903,0,CAPACITY_EXCEEDED,INVALID
1014,2,9,68,29021,30980,0,CAPACITY_EXCEEDED,INVALID
1015,2,9,69,29888,31761,0,CAPACITY_EXCEEDED,INVALID
1016,2,9,70,29407,31329,0,CAPACITY_EXCEEDED,INVALID
1017,2,9,71,29784,31722,0,CAPACITY_EXCEEDED,INVALID
1018,2,9,72,30210,32090,0,CAPACITY_EXCEEDED,INVALID
1019,2,9,73,30254,32181,0,CAPACITY_EXCEEDED,INVALID
1020,2,9,74,30074,31993,0,CAPACITY_EXCEEDED,INVALID
1021,2,9,75,29507,31386,0,CAPACITY_EXCEEDED,INVALID
1022,2,9,76,30355,32296,0,CAPACITY_EXCEEDED,INVALID
1023,2,9,77,30474,32402,0,CAPACITY_EXCEEDED,INVALID
1024,2,9,78,30521,32464,0,CAPACITY_EXCEEDED,INVALID
1025,2,9,79,28754,30635,1,FEASIBLE,WORSE
1026,2,9,80,28698,30642,1,FEASIBLE,WORSE
1027,2,9,81,28673,30620,1,FEASIBLE,WORSE
1028,2,9,82,29056,30984,0,CAPACITY_EXCEEDED,INVALID
1029,2,9,83,29989,31937,0,CAPACITY_EXCEEDED,INVALID
1030,2,9,84,28891,30879,1,FEASIBLE,WORSE
1031,2,9,85,29321,31262,0,CAPACITY_EXCEEDED,INVALID
1032,2,9,86,30409,32280,0,CAPACITY_EXCEEDED,INVALID
1033,2,9,87,30447,32356,0,CAPACITY_EXCEEDED,INVALID
1034,2,9,88,30493,32431,0,CAPACITY_EXCEEDED,INVALID
1035,2,9,89,30187,32106,0,CAPACITY_EXCEEDED,INVALID
1036,2,9,90,28647,30590,1,FEASIBLE,WORSE
1037,2,9,91,30177,32124,0,CAPACITY_EXCEEDED,INVALID
1038,2,9,92,29146,31042,0,CAPACITY_EXCEEDED,INVALID
1039,2,9,93,28936,30893,1,FEASIBLE,WORSE
1040,2,9,94,28600,30588,1,FEASIBLE,WORSE
1041,2,9,95,30514,32465,0,CAPACITY_EXCEEDED,INVALID
1042,2,9,96,28803,30733,1,FEASIBLE,WORSE
1043,2,9,97,29680,31645,0,CAPACITY_EXCEEDED,INVALID
1044,2,9,98,28984,30922,1,FEASIBLE,WORSE
1045,2,9,99,30084,31964,0,CAPACITY_EXCEEDED,INVALID
1046,2,10,11,29417,31357,0,CAPACITY_EXCEEDED,INVALID
1047,2,10,12,30204,32093,0,CAPACITY_EXCEEDED,INVALID
1048,2,10,13,29166,31131,0,CAPACITY_EXCEEDED,INVALID
1049,2,10,14,29303,31201,0,CAPACITY_EXCEEDED,INVALID
1050,2,10,15,29671,31644,0,CAPACITY_EXCEEDED,INVALID
1051,2,10,16,29012,30956,1,FEASIBLE,WORSE
1052,2,10,17,30905,32790,0,CAPACITY_EXCEEDED,INVALID
1053,2,10,18,29111,31064,0,CAPACITY_EXCEEDED,INVALID
1054,2,10,19,29019,30978,0,CAPACITY_EXCEEDED,INVALID
1055,2,10,20,29611,31576,0,CAPACITY_EXCEEDED,INVALID
1056,2,10,21,30652,32610,0,CAPACITY_EXCEEDED,INVALID
1057,2,10,22,30821,32775,0,CAPACITY_EXCEEDED,INVALID
1058,2,10,23,29238,31121,0,CAPACITY_EXCEEDED,INVALID
1059,2,10,24,30395,32282,0,CAPACITY_EXCEEDED,INVALID
1060,2,10,25,30023,31907,0,CAPACITY_EXCEEDED,INVALID
1061,2,10,26,29487,31374,0,CAPACITY_EXCEEDED,INVALID
1062,2,10,27,30533,32450,0,CAPACITY_EXCEEDED,INVALID
1063,2,10,28,30836,32740,0,CAPACITY_EXCEEDED,INVALID
1064,2,10,29,30889,32811,0,CAPACITY_EXCEEDED,INVALID
1065,2,10,30,29444,31364,0,CAPACITY_EXCEEDED,INVALID
1066,2,10,31,29056,30948,0,CAPACITY_EXCEEDED,INVALID
1067,2,10,32,30183,32067,0,CAPACITY_EXCEEDED,INVALID
1068,2,10,33,30728,32693,0,CAPACITY_EXCEEDED,INVALID
1069,2,10,34,30471,32371,0,CAPACITY_EXCEEDED,INVALID
1070,2,10,35,29907,31872,0,CAPACITY_EXCEEDED,INVALID
1071,2,10,36,30642,32566,0,CAPACITY_EXCEEDED,INVALID
1072,2,10,37,29523,31473,0,CAPACITY_EXCEEDED,INVALID
1073,2,10,38,30747,32697,0,CAPACITY_EXCEEDED,INVALID
1074,2,10,39,30591,32507,0,CAPACITY_EXCEEDED,INVALID
1075,2,10,40,29920,31850,0,CAPACITY_EXCEEDED,INVALID
1076,2,10,41,30416,32303,0,CAPACITY_EXCEEDED,INVALID
1077,2,10,42,30790,32690,0,CAPACITY_EXCEEDED,INVALID
1078,2,10,43,29678,31560,0,CAPACITY_EXCEEDED,INVALID
1079,2,10,44,30248,32168,0,CAPACITY_EXCEEDED,INVALID
1080,2,10,45,29051,31059,0,CAPACITY_EXCEEDED,INVALID
1081,2,10,46,29730,31663,0,CAPACITY_EXCEEDED,INVALID
1082,2,10,47,29354,31266,0,CAPACITY_EXCEEDED,INVALID
1083,2,10,48,29683,31579,0,CAPACITY_EXCEEDED,INVALID
1084,2,10,49,30890,32804,0,CAPACITY_EXCEEDED,INVALID
1085,2,10,50,29118,31063,0,CAPACITY_EXCEEDED,INVALID
1086,2,10,51,29474,31360,0,CAPACITY_EXCEEDED,INVALID
1087,2,10,52,30003,31913,0,CAPACITY_EXCEEDED,INVALID
1088,2,10,53,29601,31546,0,CAPACITY_EXCEEDED,INVALID
1089,2,10,54,29414,31325,0,CAPACITY_EXCEEDED,INVALID
1090,2,10,55,30855,32803,0,CAPACITY_EXCEEDED,INVALID
1091,2,10,56,30032,31962,0,CAPACITY_EXCEEDED,INVALID
1092,2,10,57,29370,31331,0,CAPACITY_EXCEEDED,INVALID
1093,2,10,58,29215,31207,0,CAPACITY_EXCEEDED,INVALID
1094,2,10,59,30470,32385,0,CAPACITY_EXCEEDED,INVALID
1095,2,10,60,29107,31093,0,CAPACITY_EXCEEDED,INVALID
1096,2,10,61,30463,32425,0,CAPACITY_EXCEEDED,INVALID
1097,2,10,62,28958,30924,1,FEASIBLE,WORSE
1098,2,10,63,29318,31296,0,CAPACITY_EXCEEDED,INVALID
1099,2,10,64,30510,32452,0,CAPACITY_EXCEEDED,INVALID
1100,2,10,65,30367,32318,0,CAPACITY_EXCEEDED,INVALID
1101,2,10,66,29325,31237,0,CAPACITY_EXCEEDED,INVALID
1102,2,10,67,30307,32237,0,CAPACITY_EXCEEDED,INVALID
1103,2,10,68,29346,31314,0,CAPACITY_EXCEEDED,INVALID
1104,2,10,69,30213,32095,0,CAPACITY_EXCEEDED,INVALID
1105,2,10,70,29732,31663,0,CAPACITY_EXCEEDED,INVALID
1106,2,10,71,30109,32056,0,CAPACITY_EXCEEDED,INVALID
1107,2,10,72,30535,32424,0,CAPACITY_EXCEEDED,INVALID
1108,2,10,73,30579,32515,0,CAPACITY_EXCEEDED,INVALID
1109,2,10,74,30399,32327,0,CAPACITY_EXCEEDED,INVALID
1110,2,10,75,29832,31720,0,CAPACITY_EXCEEDED,INVALID
1111,2,10,76,30680,32630,0,CAPACITY_EXCEEDED,INVALID
1112,2,10,77,30799,32736,0,CAPACITY_EXCEEDED,INVALID
1113,2,10,78,30846,32798,0,CAPACITY_EXCEEDED,INVALID
1114,2,10,79,29079,30969,0,CAPACITY_EXCEEDED,INVALID
1115,2,10,80,29023,30976,0,CAPACITY_EXCEEDED,INVALID
1116,2,10,81,28998,30954,1,FEASIBLE,WORSE
1117,2,10,82,29381,31318,0,CAPACITY_EXCEEDED,INVALID
1118,2,10,83,30314,32271,0,CAPACITY_EXCEEDED,INVALID
1119,2,10,84,29216,31213,0,CAPACITY_EXCEEDED,INVALID
1120,2,10,85,29646,31596,0,CAPACITY_EXCEEDED,INVALID
1121,2,10,86,30734,32614,0,CAPACITY_EXCEEDED,INVALID
1122,2,10,87,30772,32690,0,CAPACITY_EXCEEDED,INVALID
1123,2,10,88,30818,32765,0,CAPACITY_EXCEEDED,INVALID
1124,2,10,89,30512,32440,0,CAPACITY_EXCEEDED,INVALID
1125,2,10,90,28972,30924,1,FEASIBLE,WORSE
1126,2,10,91,30502,32458,0,CAPACITY_EXCEEDED,INVALID
1127,2,10,92,29471,31376,0,CAPACITY_EXCEEDED,INVALID
1128,2,10,93,29261,31227,0,CAPACITY_EXCEEDED,INVALID
1129,2,10,94,28925,30922,1,FEASIBLE,WORSE
1130,2,10,95,30839,32799,0,CAPACITY_EXCEEDED,INVALID
1131,2,10,96,29128,31067,0,CAPACITY_EXCEEDED,INVALID
1132,2,10,97,30005,31979,0,CAPACITY_EXCEEDED,INVALID
1133,2,10,98,29309,31256,0,CAPACITY_EXCEEDED,INVALID
1134,2,10,99,30409,32298,0,CAPACITY_EXCEEDED,INVALID
1135,2,11,12,28790,30710,1,FEASIBLE,WORSE
1136,2,11,13,27752,29748,1,FEASIBLE,WORSE
1137,2,11,14,27889,29818,1,FEASIBLE,WORSE
1138,2,11,15,28257,30261,1,FEASIBLE,WORSE
1139,2,11,16,27598,29573,1,FEASIBLE,WORSE
1140,2,11,17,29491,31407,0,CAPACITY_EXCEEDED,INVALID
1141,2,11,18,27697,29681,1,FEASIBLE,WORSE
1142,2,11,19,27605,29595,1,FEASIBLE,WORSE
1143,2,11,20,28197,30193,1,FEASIBLE,WORSE
1144,2,11,21,29238,31227,0,CAPACITY_EXCEEDED,INVALID
1145,2,11,22,29407,31392,0,CAPACITY_EXCEEDED,INVALID
1146,2,11,23,27824,29738,1,FEASIBLE,WORSE
1147,2,11,24,28981,30899,1,FEASIBLE,WORSE
1148,2,11,25,28609,30524,1,FEASIBLE,WORSE
1149,2,11,26,28073,29991,1,FEASIBLE,WORSE
1150,2,11,27,29119,31067,0,CAPACITY_EXCEEDED,INVALID
1151,2,11,28,29422,31357,0,CAPACITY_EXCEEDED,INVALID
1152,2,11,29,29475,31428,0,CAPACITY_EXCEEDED,INVALID
1153,2,11,30,28030,29981,1,FEASIBLE,WORSE
1154,2,11,31,27642,29565,1,FEASIBLE,WORSE
1155,2,11,32,28769,30684,1,FEASIBLE,WORSE
1156,2,11,33,29314,31310,0,CAPACITY_EXCEEDED,INVALID
1157,2,11,34,29057,30988,0,CAPACITY_EXCEEDED,INVALID
1158,2,11,35,28493,30489,1,FEASIBLE,WORSE
1159,2,11,36,29228,31183,0,CAPACITY_EXCEEDED,INVALID
1160,2,11,37,28109,30090,1,FEASIBLE,WORSE
1161,2,11,38,29333,31314,0,CAPACITY_EXCEEDED,INVALID
1162,2,11,39,29177,31124,0,CAPACITY_EXCEEDED,INVALID
1163,2,11,40,28506,30467,1,FEASIBLE,WORSE
1164,2,11,41,29002,30920,1,FEASIBLE,WORSE
1165,2,11,42,29376,31307,0,CAPACITY_EXCEEDED,INVALID
1166,2,11,43,28264,30177,1,FEASIBLE,WORSE
1167,2,11,44,28834,30785,1,FEASIBLE,WORSE
1168,2,11,45,27637,29676,1,FEASIBLE,WORSE
1169,2,11,46,28316,30280,1,FEASIBLE,WORSE
1170,2,11,47,27940,29883,1,FEASIBLE,WORSE
1171,2,11,48,28269,30196,1,FEASIBLE,WORSE
1172,2,11,49,29476,31421,0,CAPACITY_EXCEEDED,INVALID
1173,2,11,50,27704,29680,1,FEASIBLE,WORSE
1174,2,11,51,28060,29977,1,FEASIBLE,WORSE
1175,2,11,52,28589,30530,1,FEASIBLE,WORSE
1176,2,11,53,28187,30163,1,FEASIBLE,WORSE
1177,2,11,54,28000,29942,1,FEASIBLE,WORSE
1178,2,11,55,29441,31420,0,CAPACITY_EXCEEDED,INVALID
1179,2,11,56,28618,30579,1,FEASIBLE,WORSE
1180,2,11,57,27956,29948,1,FEASIBLE,WORSE
1181,2,11,58,27801,29824,1,FEASIBLE,WORSE
1182,2,11,59,29056,31002,0,CAPACITY_EXCEEDED,INVALID
1183,2,11,60,27693,29710,1,FEASIBLE,WORSE
1184,2,11,61,29049,31042,0,CAPACITY_EXCEEDED,INVALID
1185,2,11,62,27544,29541,1,FEASIBLE,WORSE
1186,2,11,63,27904,29913,1,FEASIBLE,WORSE
1187,2,11,64,29096,31069,0,CAPACITY_EXCEEDED,INVALID
1188,2,11,65,28953,30935,1,FEASIBLE,WORSE
1189,2,11,66,27911,29854,1,FEASIBLE,WORSE
1190,2,11,67,28893,30854,1,FEASIBLE,WORSE
1191,2,11,68,27932,29931,1,FEASIBLE,WORSE
1192,2,11,69,28799,30712,1,FEASIBLE,WORSE
1193,2,11,70,28318,30280,1,FEASIBLE,WORSE
1194,2,11,71,28695,30673,1,FEASIBLE,WORSE
1195,2,11,72,29121,31041,0,CAPACITY_EXCEEDED,INVALID
1196,2,11,73,29165,31132,0,CAPACITY_EXCEEDED,INVALID
1197,2,11,74,28985,30944,1,FEASIBLE,WORSE
1198,2,11,75,28418,30337,1,FEASIBLE,WORSE
1199,2,11,76,29266,31247,0,CAPACITY_EXCEEDED,INVALID
1200,2,11,77,29385,31353,0,CAPACITY_EXCEEDED,INVALID
1201,2,11,78,29432,31415,0,CAPACITY_EXCEEDED,INVALID
1202,2,11,79,27665,29586,1,FEASIBLE,WORSE
1203,2,11,80,27609,29593,1,FEASIBLE,WORSE
1204,2,11,81,27584,29571,1,FEASIBLE,WORSE
1205,2,11,82,27967,29935,1,FEASIBLE,WORSE
1206,2,11,83,28900,30888,1,FEASIBLE,WORSE
1207,2,11,84,27802,29830,1,FEASIBLE,WORSE
1208,2,11,85,28232,30213,1,FEASIBLE,WORSE
1209,2,11,86,29320,31231,0,CAPACITY_EXCEEDED,INVALID
1210,2,11,87,29358,31307,0,CAPACITY_EXCEEDED,INVALID
1211,2,11,88,29404,31382,0,CAPACITY_EXCEEDED,INVALID
1212,2,11,89,29098,31057,0,CAPACITY_EXCEEDED,INVALID
1213,2,11,90,27558,29541,1,FEASIBLE,WORSE
1214,2,11,91,29088,31075,0,CAPACITY_EXCEEDED,INVALID
1215,2,11,92,28057,29993,1,FEASIBLE,WORSE
1216,2,11,93,27847,29844,1,FEASIBLE,WORSE
1217,2,11,94,27511,29539,1,FEASIBLE,WORSE
1218,2,11,95,29425,31416,0,CAPACITY_EXCEEDED,INVALID
1219,2,11,96,27714,29684,1,FEASIBLE,WORSE
1220,2,11,97,28591,30596,1,FEASIBLE,WORSE
1221,2,11,98,27895,29873,1,FEASIBLE,WORSE
1222,2,11,99,28995,30915,1,FEASIBLE,WORSE
1223,2,12,13,28539,30484,1,FEASIBLE,WORSE
1224,2,12,14,28676,30554,1,FEASIBLE,WORSE
1225,2,12,15,29044,30997,0,CAPACITY_EXCEEDED,INVALID
1226,2,12,16,28385,30309,1,FEASIBLE,WORSE
1227,2,12,17,30278,32143,0,CAPACITY_EXCEEDED,INVALID
1228,2,12,18,28484,30417,1,FEASIBLE,WORSE
1229,2,12,19,28392,30331,1,FEASIBLE,WORSE
1230,2,12,20,28984,30929,1,FEASIBLE,WORSE
1231,2,12,21,30025,31963,0,CAPACITY_EXCEEDED,INVALID
1232,2,12,22,30194,32128,0,CAPACITY_EXCEEDED,INVALID
1233,2,12,23,28611,30474,1,FEASIBLE,WORSE
1234,2,12,24,29768,31635,0,CAPACITY_EXCEEDED,INVALID
1235,2,12,25,29396,31260,0,CAPACITY_EXCEEDED,INVALID
1236,2,12,26,28860,30727,1,FEASIBLE,WORSE
1237,2,12,27,29906,31803,0,CAPACITY_EXCEEDED,INVALID
1238,2,12,28,30209,32093,0,CAPACITY_EXCEEDED,INVALID
1239,2,12,29,30262,32164,0,CAPACITY_EXCEEDED,INVALID
1240,2,12,30,28817,30717,1,FEASIBLE,WORSE
1241,2,12,31,28429,30301,1,FEASIBLE,WORSE
1242,2,12,32,29556,31420,0,CAPACITY_EXCEEDED,INVALID
1243,2,12,33,30101,32046,0,CAPACITY_EXCEEDED,INVALID
1244,2,12,34,29844,31724,0,CAPACITY_EXCEEDED,INVALID
1245,2,12,35,29280,31225,0,CAPACITY_EXCEEDED,INVALID
1246,2,12,36,30015,31919,0,CAPACITY_EXCEEDED,INVALID
1247,2,12,37,28896,30826,1,FEASIBLE,WORSE
1248,2,12,38,30120,32050,0,CAPACITY_EXCEEDED,INVALID
1249,2,12,39,29964,31860,0,CAPACITY_EXCEEDED,INVALID
1250,2,12,40,29293,31203,0,CAPACITY_EXCEEDED,INVALID
1251,2,12,41,29789,31656,0,CAPACITY_EXCEEDED,INVALID
1252,2,12,42,30163,32043,0,CAPACITY_EXCEEDED,INVALID
1253,2,12,43,29051,30913,0,CAPACITY_EXCEEDED,INVALID
1254,2,12,44,29621,31521,0,CAPACITY_EXCEEDED,INVALID
1255,2,12,45,28424,30412,1,FEASIBLE,WORSE
1256,2,12,46,29103,31016,0,CAPACITY_EXCEEDED,INVALID
1257,2,12,47,28727,30619,1,FEASIBLE,WORSE
1258,2,12,48,29056,30932,0,CAPACITY_EXCEEDED,INVALID
1259,2,12,49,30263,32157,0,CAPACITY_EXCEEDED,INVALID
1260,2,12,50,28491,30416,1,FEASIBLE,WORSE
1261,2,12,51,28847,30713,1,FEASIBLE,WORSE
1262,2,12,52,29376,31266,0,CAPACITY_EXCEEDED,INVALID
1263,2,12,53,28974,30899,1,FEASIBLE,WORSE
1264,2,12,54,28787,30678,1,FEASIBLE,WORSE
1265,2,12,55,30228,32156,0,CAPACITY_EXCEEDED,INVALID
1266,2,12,56,29405,31315,0,CAPACITY_EXCEEDED,INVALID
1267,2,12,57,28743,30684,1,FEASIBLE,WORSE
1268,2,12,58,28588,30560,1,FEASIBLE,WORSE
1269,2,12,59,29843,31738,0,CAPACITY_EXCEEDED,INVALID
1270,2,12,60,28480,30446,1,FEASIBLE,WORSE
1271,2,12,61,29836,31778,0,CAPACITY_EXCEEDED,INVALID
1272,2,12,62,28331,30277,1,FEASIBLE,WORSE
1273,2,12,63,28691,30649,1,FEASIBLE,WORSE
1274,2,12,64,29883,31805,0,CAPACITY_EXCEEDED,INVALID
1275,2,12,65,29740,31671,0,CAPACITY_EXCEEDED,INVALID
1276,2,12,66,28698,30590,1,FEASIBLE,WORSE
1277,2,12,67,29680,31590,0,CAPACITY_EXCEEDED,INVALID
1278,2,12,68,28719,30667,1,FEASIBLE,WORSE
1279,2,12,69,29586,31448,0,CAPACITY_EXCEEDED,INVALID
1280,2,12,70,29105,31016,0,CAPACITY_EXCEEDED,INVALID
1281,2,12,71,29482,31409,0,CAPACITY_EXCEEDED,INVALID
1282,2,12,72,29908,31777,0,CAPACITY_EXCEEDED,INVALID
1283,2,12,73,29952,31868,0,CAPACITY_EXCEEDED,INVALID
1284,2,12,74,29772,31680,0,CAPACITY_EXCEEDED,INVALID
1285,2,12,75,29205,31073,0,CAPACITY_EXCEEDED,INVALID
1286,2,12,76,30053,31983,0,CAPACITY_EXCEEDED,INVALID
1287,2,12,77,30172,32089,0,CAPACITY_EXCEEDED,INVALID
1288,2,12,78,30219,32151,0,CAPACITY_EXCEEDED,INVALID
1289,2,12,79,28452,30322,1,FEASIBLE,WORSE
1290,2,12,80,28396,30329,1,FEASIBLE,WORSE
1291,2,12,81,28371,30307,1,FEASIBLE,WORSE
1292,2,12,82,28754,30671,1,FEASIBLE,WORSE
1293,2,12,83,29687,31624,0,CAPACITY_EXCEEDED,INVALID
1294,2,12,84,28589,30566,1,FEASIBLE,WORSE
1295,2,12,85,29019,30949,0,CAPACITY_EXCEEDED,INVALID
1296,2,12,86,30107,31967,0,CAPACITY_EXCEEDED,INVALID
1297,2,12,87,30145,32043,0,CAPACITY_EXCEEDED,INVALID
1298,2,12,88,30191,32118,0,CAPACITY_EXCEEDED,INVALID
1299,2,12,89,29885,31793,0,CAPACITY_EXCEEDED,INVALID
1300,2,12,90,28345,30277,1,FEASIBLE,WORSE
1301,2,12,91,29875,31811,0,CAPACITY_EXCEEDED,INVALID
1302,2,12,92,28844,30729,1,FEASIBLE,WORSE
1303,2,12,93,28634,30580,1,FEASIBLE,WORSE
1304,2,12,94,28298,30275,1,FEASIBLE,WORSE
1305,2,12,95,30212,32152,0,CAPACITY_EXCEEDED,INVALID
1306,2,12,96,28501,30420,1,FEASIBLE,WORSE
1307,2,12,97,29378,31332,0,CAPACITY_EXCEEDED,INVALID
1308,2,12,98,28682,30609,1,FEASIBLE,WORSE
1309,2,12,99,29782,31651,0,CAPACITY_EXCEEDED,INVALID
1310,2,13,14,27638,29592,1,FEASIBLE,WORSE
1311,2,13,15,28006,30035,1,FEASIBLE,WORSE
1312,2,13,16,27347,29347,1,FEASIBLE,WORSE
1313,2,13,17,29240,31181,0,CAPACITY_EXCEEDED,INVALID
1314,2,13,18,27446,29455,1,FEASIBLE,WORSE
1315,2,13,19,27354,29369,1,FEASIBLE,WORSE
1316,2,13,20,27946,29967,1,FEASIBLE,WORSE
1317,2,13,21,28987,31001,1,FEASIBLE,WORSE
1318,2,13,22,29156,31166,0,CAPACITY_EXCEEDED,INVALID
1319,2,13,23,27573,29512,1,FEASIBLE,WORSE
1320,2,13,24,28730,30673,1,FEASIBLE,WORSE
1321,2,13,25,28358,30298,1,FEASIBLE,WORSE
1322,2,13,26,27822,29765,1,FEASIBLE,WORSE
1323,2,13,27,28868,30841,1,FEASIBLE,WORSE
1324,2,13,28,29171,31131,0,CAPACITY_EXCEEDED,INVALID
1325,2,13,29,29224,31202,0,CAPACITY_EXCEEDED,INVALID
1326,2,13,30,27779,29755,1,FEASIBLE,WORSE
1327,2,13,31,27391,29339,1,FEASIBLE,WORSE
1328,2,13,32,28518,30458,1,FEASIBLE,WORSE
1329,2,13,33,29063,31084,0,CAPACITY_EXCEEDED,INVALID
1330,2,13,34,28806,30762,1,FEASIBLE,WORSE
1331,2,13,35,28242,30263,1,FEASIBLE,WORSE
1332,2,13,36,28977,30957,1,FEASIBLE,WORSE
1333,2,13,37,27858,29864,1,FEASIBLE,WORSE
1334,2,13,38,29082,31088,0,CAPACITY_EXCEEDED,INVALID
1335,2,13,39,28926,30898,1,FEASIBLE,WORSE
1336,2,13,40,28255,30241,1,FEASIBLE,WORSE
1337,2,13,41,28751,30694,1,FEASIBLE,WORSE
1338,2,13,42,29125,31081,0,CAPACITY_EXCEEDED,INVALID
1339,2,13,43,28013,29951,1,FEASIBLE,WORSE
1340,2,13,44,28583,30559,1,FEASIBLE,WORSE
1341,2,13,45,27386,29450,1,FEASIBLE,WORSE
1342,2,13,46,28065,30054,1,FEASIBLE,WORSE
1343,2,13,47,27689,29657,1,FEASIBLE,WORSE
1344,2,13,48,28018,29970,1,FEASIBLE,WORSE
1345,2,13,49,29225,31195,0,CAPACITY_EXCEEDED,INVALID
1346,2,13,50,27453,29454,1,FEASIBLE,WORSE
1347,2,13,51,27809,29751,1,FEASIBLE,WORSE
1348,2,13,52,28338,30304,1,FEASIBLE,WORSE
1349,2,13,53,27936,29937,1,FEASIBLE,WORSE
1350,2,13,54,27749,29716,1,FEASIBLE,WORSE
1351,2,13,55,29190,31194,0,CAPACITY_EXCEEDED,INVALID
1352,2,13,56,28367,30353,1,FEASIBLE,WORSE
1353,2,13,57,27705,29722,1,FEASIBLE,WORSE
1354,2,13,58,27550,29598,1,FEASIBLE,WORSE
1355,2,13,59,28805,30776,1,FEASIBLE,WORSE
1356,2,13,60,27442,29484,1,FEASIBLE,WORSE
1357,2,13,61,28798,30816,1,FEASIBLE,WORSE
1358,2,13,62,27293,29315,1,FEASIBLE,WORSE
1359,2,13,63,27653,29687,1,FEASIBLE,WORSE
1360,2,13,64,28845,30843,1,FEASIBLE,WORSE
1361,2,13,65,28702,30709,1,FEASIBLE,WORSE
1362,2,13,66,27660,29628,1,FEASIBLE,WORSE
1363,2,13,67,28642,30628,1,FEASIBLE,WORSE
1364,2,13,68,27681,29705,1,FEASIBLE,WORSE
1365,2,13,69,28548,30486,1,FEASIBLE,WORSE
1366,2,13,70,28067,30054,1,FEASIBLE,WORSE
1367,2,13,71,28444,30447,1,FEASIBLE,WORSE
1368,2,13,72,28870,30815,1,FEASIBLE,WORSE
1369,2,13,73,28914,30906,1,FEASIBLE,WORSE
1370,2,13,74,28734,30718,1,FEASIBLE,WORSE
1371,2,13,75,28167,30111,1,FEASIBLE,WORSE
1372,2,13,76,29015,31021,1,FEASIBLE,WORSE
1373,2,13,77,29134,31127,0,CAPACITY_EXCEEDED,INVALID
1374,2,13,78,29181,31189,0,CAPACITY_EXCEEDED,INVALID
1375,2,13,79,27414,29360,1,FEASIBLE,WORSE
1376,2,13,80,27358,29367,1,FEASIBLE,WORSE
1377,2,13,81,27333,29345,1,FEASIBLE,WORSE
1378,2,13,82,27716,29709,1,FEASIBLE,WORSE
1379,2,13,83,28649,30662,1,FEASIBLE,WORSE
1380,2,13,84,27551,29604,1,FEASIBLE,WORSE
1381,2,13,85,27981,29987,1,FEASIBLE,WORSE
1382,2,13,86,29069,31005,0,CAPACITY_EXCEEDED,INVALID
1383,2,13,87,29107,31081,0,CAPACITY_EXCEEDED,INVALID
1384,2,13,88,29153,31156,0,CAPACITY_EXCEEDED,INVALID
1385,2,13,89,28847,30831,1,FEASIBLE,WORSE
1386,2,13,90,27307,29315,1,FEASIBLE,WORSE
1387,2,13,91,28837,30849,1,FEASIBLE,WORSE
1388,2,13,92,27806,29767,1,FEASIBLE,WORSE
1389,2,13,93,27596,29618,1,FEASIBLE,WORSE
1390,2,13,94,27260,29313,1,FEASIBLE,WORSE
1391,2,13,95,29174,31190,0,CAPACITY_EXCEEDED,INVALID
1392,2,13,96,27463,29458,1,FEASIBLE,WORSE
1393,2,13,97,28340,30370,1,FEASIBLE,WORSE
1394,2,13,98,27644,29647,1,FEASIBLE,WORSE
1395,2,13,99,28744,30689,1,FEASIBLE,WORSE
1396,2,14,15,28143,30105,1,FEASIBLE,WORSE
1397,2,14,16,27484,29417,1,FEASIBLE,WORSE
1398,2,14,17,29377,31251,0,CAPACITY_EXCEEDED,INVALID
1399,2,14,18,27583,29525,1,FEASIBLE,WORSE
1400,2,14,19,27491,29439,1,FEASIBLE,WORSE
1401,2,14,20,28083,30037,1,FEASIBLE,WORSE
1402,2,14,21,29124,31071,0,CAPACITY_EXCEEDED,INVALID
1403,2,14,22,29293,31236,0,CAPACITY_EXCEEDED,INVALID
1404,2,14,23,27710,29582,1,FEASIBLE,WORSE
1405,2,14,24,28867,30743,1,FEASIBLE,WORSE
1406,2,14,25,28495,30368,1,FEASIBLE,WORSE
1407,2,14,26,27959,29835,1,FEASIBLE,WORSE
1408,2,14,27,29005,30911,1,FEASIBLE,WORSE
1409,2,14,28,29308,31201,0,CAPACITY_EXCEEDED,INVALID
1410,2,14,29,29361,31272,0,CAPACITY_EXCEEDED,INVALID
1411,2,14,30,27916,29825,1,FEASIBLE,WORSE
1412,2,14,31,27528,29409,1,FEASIBLE,WORSE
1413,2,14,32,28655,30528,1,FEASIBLE,WORSE
1414,2,14,33,29200,31154,0,CAPACITY_EXCEEDED,INVALID
1415,2,14,34,28943,30832,1,FEASIBLE,WORSE
1416,2,14,35,28379,30333,1,FEASIBLE,WORSE
1417,2,14,36,29114,31027,0,CAPACITY_EXCEEDED,INVALID
1418,2,14,37,27995,29934,1,FEASIBLE,WORSE
1419,2,14,38,29219,31158,0,CAPACITY_EXCEEDED,INVALID
1420,2,14,39,29063,30968,0,CAPACITY_EXCEEDED,INVALID
1421,2,14,40,28392,30311,1,FEASIBLE,WORSE
1422,2,14,41,28888,30764,1,FEASIBLE,WORSE
1423,2,14,42,29262,31151,0,CAPACITY_EXCEEDED,INVALID
1424,2,14,43,28150,30021,1,FEASIBLE,WORSE
1425,2,14,44,28720,30629,1,FEASIBLE,WORSE
1426,2,14,45,27523,29520,1,FEASIBLE,WORSE
1427,2,14,46,28202,30124,1,FEASIBLE,WORSE
1428,2,14,47,27826,29727,1,FEASIBLE,WORSE
1429,2,14,48,28155,30040,1,FEASIBLE,WORSE
1430,2,14,49,29362,31265,0,CAPACITY_EXCEEDED,INVALID
1431,2,14,50,27590,29524,1,FEASIBLE,WORSE
1432,2,14,51,27946,29821,1,FEASIBLE,WORSE
1433,2,14,52,28475,30374,1,FEASIBLE,WORSE
1434,2,14,53,28073,30007,1,FEASIBLE,WORSE
1435,2,14,54,27886,29786,1,FEASIBLE,WORSE
1436,2,14,55,29327,31264,0,CAPACITY_EXCEEDED,INVALID
1437,2,14,56,28504,30423,1,FEASIBLE,WORSE
1438,2,14,57,27842,29792,1,FEASIBLE,WORSE
1439,2,14,58,27687,29668,1,FEASIBLE,WORSE
1440,2,14,59,28942,30846,1,FEASIBLE,WORSE
1441,2,14,60,27579,29554,1,FEASIBLE,WORSE
1442,2,14,61,28935,30886,1,FEASIBLE,WORSE
1443,2,14,62,27430,29385,1,FEASIBLE,WORSE
1444,2,14,63,27790,29757,1,FEASIBLE,WORSE
1445,2,14,64,28982,30913,1,FEASIBLE,WORSE
1446,2,14,65,28839,30779,1,FEASIBLE,WORSE
1447,2,14,66,27797,29698,1,FEASIBLE,WORSE
1448,2,14,67,28779,30698,1,FEASIBLE,WORSE
1449,2,14,68,27818,29775,1,FEASIBLE,WORSE
1450,2,14,69,28685,30556,1,FEASIBLE,WORSE
1451,2,14,70,28204,30124,1,FEASIBLE,WORSE
1452,2,14,71,28581,30517,1,FEASIBLE,WORSE
1453,2,14,72,29007,30885,1,FEASIBLE,WORSE
1454,2,14,73,29051,30976,0,CAPACITY_EXCEEDED,INVALID
1455,2,14,74,28871,30788,1,FEASIBLE,WORSE
1456,2,14,75,28304,30181,1,FEASIBLE,WORSE
1457,2,14,76,29152,31091,0,CAPACITY_EXCEEDED,INVALID
1458,2,14,77,29271,31197,0,CAPACITY_EXCEEDED,INVALID
1459,2,14,78,29318,31259,0,CAPACITY_EXCEEDED,INVALID
1460,2,14,79,27551,29430,1,FEASIBLE,WORSE
1461,2,14,80,27495,29437,1,FEASIBLE,WORSE
1462,2,14,81,27470,29415,1,FEASIBLE,WORSE
1463,2,14,82,27853,29779,1,FEASIBLE,WORSE
1464,2,14,83,28786,30732,1,FEASIBLE,WORSE
1465,2,14,84,27688,29674,1,FEASIBLE,WORSE
1466,2,14,85,28118,30057,1,FEASIBLE,WORSE
1467,2,14,86,29206,31075,0,CAPACITY_EXCEEDED,INVALID
1468,2,14,87,29244,31151,0,CAPACITY_EXCEEDED,INVALID
1469,2,14,88,29290,31226,0,CAPACITY_EXCEEDED,INVALID
1470,2,14,89,28984,30901,1,FEASIBLE,WORSE
1471,2,14,90,27444,29385,1,FEASIBLE,WORSE
1472,2,14,91,28974,30919,1,FEASIBLE,WORSE
1473,2,14,92,27943,29837,1,FEASIBLE,WORSE
1474,2,14,93,27733,29688,1,FEASIBLE,WORSE
1475,2,14,94,27397,29383,1,FEASIBLE,WORSE
1476,2,14,95,29311,31260,0,CAPACITY_EXCEEDED,INVALID
1477,2,14,96,27600,29528,1,FEASIBLE,WORSE
1478,2,14,97,28477,30440,1,FEASIBLE,WORSE
1479,2,14,98,27781,29717,1,FEASIBLE,WORSE
1480,2,14,99,28881,30759,1,FEASIBLE,WORSE
1481,2,15,16,27852,29860,1,FEASIBLE,WORSE
1482,2,15,17,29745,31694,0,CAPACITY_EXCEEDED,INVALID
1483,2,15,18,27951,29968,1,FEASIBLE,WORSE
1484,2,15,19,27859,29882,1,FEASIBLE,WORSE
1485,2,15,20,28451,30480,1,FEASIBLE,WORSE
1486,2,15,21,29492,31514,0,CAPACITY_EXCEEDED,INVALID
1487,2,15,22,29661,31679,0,CAPACITY_EXCEEDED,INVALID
1488,2,15,23,28078,30025,1,FEASIBLE,WORSE
1489,2,15,24,29235,31186,0,CAPACITY_EXCEEDED,INVALID
1490,2,15,25,28863,30811,1,FEASIBLE,WORSE
1491,2,15,26,28327,30278,1,FEASIBLE,WORSE
1492,2,15,27,29373,31354,0,CAPACITY_EXCEEDED,INVALID
1493,2,15,28,29676,31644,0,CAPACITY_EXCEEDED,INVALID
1494,2,15,29,29729,31715,0,CAPACITY_EXCEEDED,INVALID
1495,2,15,30,28284,30268,1,FEASIBLE,WORSE
1496,2,15,31,27896,29852,1,FEASIBLE,WORSE
1497,2,15,32,29023,30971,0,CAPACITY_EXCEEDED,INVALID
1498,2,15,33,29568,31597,0,CAPACITY_EXCEEDED,INVALID
1499,2,15,34,29311,31275,0,CAPACITY_EXCEEDED,INVALID
1500,2,15,35,28747,30776,1,FEASIBLE,WORSE
1501,2,15,36,29482,31470,0,CAPACITY_EXCEEDED,INVALID
1502,2,15,37,28363,30377,1,FEASIBLE,WORSE
1503,2,15,38,29587,31601,0,CAPACITY_EXCEEDED,INVALID
1504,2,15,39,29431,31411,0,CAPACITY_EXCEEDED,INVALID
1505,2,15,40,28760,30754,1,FEASIBLE,WORSE
1506,2,15,41,29256,31207,0,CAPACITY_EXCEEDED,INVALID
1507,2,15,42,29630,31594,0,CAPACITY_EXCEEDED,INVALID
1508,2,15,43,28518,30464,1,FEASIBLE,WORSE
1509,2,15,44,29088,31072,0,CAPACITY_EXCEEDED,INVALID
1510,2,15,45,27891,29963,1,FEASIBLE,WORSE
1511,2,15,46,28570,30567,1,FEASIBLE,WORSE
1512,2,15,47,28194,30170,1,FEASIBLE,WORSE
1513,2,15,48,28523,30483,1,FEASIBLE,WORSE
1514,2,15,49,29730,31708,0,CAPACITY_EXCEEDED,INVALID
1515,2,15,50,27958,29967,1,FEASIBLE,WORSE
1516,2,15,51,28314,30264,1,FEASIBLE,WORSE
1517,2,15,52,28843,30817,1,FEASIBLE,WORSE
1518,2,15,53,28441,30450,1,FEASIBLE,WORSE
1519,2,15,54,28254,30229,1,FEASIBLE,WORSE
1520,2,15,55,29695,31707,0,CAPACITY_EXCEEDED,INVALID
1521,2,15,56,28872,30866,1,FEASIBLE,WORSE
1522,2,15,57,28210,30235,1,FEASIBLE,WORSE
1523,2,15,58,28055,30111,1,FEASIBLE,WORSE
1524,2,15,59,29310,31289,0,CAPACITY_EXCEEDED,INVALID
1525,2,15,60,27947,29997,1,FEASIBLE,WORSE
1526,2,15,61,29303,31329,0,CAPACITY_EXCEEDED,INVALID
1527,2,15,62,27798,29828,1,FEASIBLE,WORSE
1528,2,15,63,28158,30200,1,FEASIBLE,WORSE
1529,2,15,64,29350,31356,0,CAPACITY_EXCEEDED,INVALID
1530,2,15,65,29207,31222,0,CAPACITY_EXCEEDED,INVALID
1531,2,15,66,28165,30141,1,FEASIBLE,WORSE
1532,2,15,67,29147,31141,0,CAPACITY_EXCEEDED,INVALID
1533,2,15,68,28186,30218,1,FEASIBLE,WORSE
1534,2,15,69,29053,30999,0,CAPACITY_EXCEEDED,INVALID
1535,2,15,70,28572,30567,1,FEASIBLE,WORSE
1536,2,15,71,28949,30960,1,FEASIBLE,WORSE
1537,2,15,72,29375,31328,0,CAPACITY_EXCEEDED,INVALID
1538,2,15,73,29419,31419,0,CAPACITY_EXCEEDED,INVALID
1539,2,15,74,29239,31231,0,CAPACITY_EXCEEDED,INVALID
1540,2,15,75,28672,30624,1,FEASIBLE,WORSE
1541,2,15,76,29520,31534,0,CAPACITY_EXCEEDED,INVALID
1542,2,15,77,29639,31640,0,CAPACITY_EXCEEDED,INVALID
1543,2,15,78,29686,31702,0,CAPACITY_EXCEEDED,INVALID
1544,2,15,79,27919,29873,1,FEASIBLE,WORSE
1545,2,15,80,27863,29880,1,FEASIBLE,WORSE
1546,2,15,81,27838,29858,1,FEASIBLE,WORSE
1547,2,15,82,28221,30222,1,FEASIBLE,WORSE
1548,2,15,83,29154,31175,0,CAPACITY_EXCEEDED,INVALID
1549,2,15,84,28056,30117,1,FEASIBLE,WORSE
1550,2,15,85,28486,30500,1,FEASIBLE,WORSE
1551,2,15,86,29574,31518,0,CAPACITY_EXCEEDED,INVALID
1552,2,15,87,29612,31594,0,CAPACITY_EXCEEDED,INVALID
1553,2,15,88,29658,31669,0,CAPACITY_EXCEEDED,INVALID
1554,2,15,89,29352,31344,0,CAPACITY_EXCEEDED,INVALID
1555,2,15,90,27812,29828,1,FEASIBLE,WORSE
1556,2,15,91,29342,31362,0,CAPACITY_EXCEEDED,INVALID
1557,2,15,92,28311,30280,1,FEASIBLE,WORSE
1558,2,15,93,28101,30131,1,FEASIBLE,WORSE
1559,2,15,94,27765,29826,1,FEASIBLE,WORSE
1560,2,15,95,29679,31703,0,CAPACITY_EXCEEDED,INVALID
1561,2,15,96,27968,29971,1,FEASIBLE,WORSE
1562,2,15,97,28845,30883,1,FEASIBLE,WORSE
1563,2,15,98,28149,30160,1,FEASIBLE,WORSE
1564,2,15,99,29249,31202,0,CAPACITY_EXCEEDED,INVALID
1565,2,16,17,29086,31006,0,CAPACITY_EXCEEDED,INVALID
1566,2,16,18,27292,29280,1,FEASIBLE,WORSE
1567,2,16,19,27200,29194,1,FEASIBLE,WORSE
1568,2,16,20,27792,29792,1,FEASIBLE,WORSE
1569,2,16,21,28833,30826,1,FEASIBLE,WORSE
1570,2,16,22,29002,30991,1,FEASIBLE,WORSE
1571,2,16,23,27419,29337,1,FEASIBLE,WORSE
1572,2,16,24,28576,30498,1,FEASIBLE,WORSE
1573,2,16,25,28204,30123,1,FEASIBLE,WORSE
1574,2,16,26,27668,29590,1,FEASIBLE,WORSE
1575,2,16,27,28714,30666,1,FEASIBLE,WORSE
1576,2,16,28,29017,30956,1,FEASIBLE,WORSE
1577,2,16,29,29070,31027,0,CAPACITY_EXCEEDED,INVALID
1578,2,16,30,27625,29580,1,FEASIBLE,WORSE
1579,2,16,31,27237,29164,1,FEASIBLE,WORSE
1580,2,16,32,28364,30283,1,FEASIBLE,WORSE
1581,2,16,33,28909,30909,1,FEASIBLE,WORSE
1582,2,16,34,28652,30587,1,FEASIBLE,WORSE
1583,2,16,35,28088,30088,1,FEASIBLE,WORSE
1584,2,16,36,28823,30782,1,FEASIBLE,WORSE
1585,2,16,37,27704,29689,1,FEASIBLE,WORSE
1586,2,16,38,28928,30913,1,FEASIBLE,WORSE
1587,2,16,39,28772,30723,1,FEASIBLE,WORSE
1588,2,16,40,28101,30066,1,FEASIBLE,WORSE
1589,2,16,41,28597,30519,1,FEASIBLE,WORSE
1590,2,16,42,28971,30906,1,FEASIBLE,WORSE
1591,2,16,43,27859,29776,1,FEASIBLE,WORSE
1592,2,16,44,28429,30384,1,FEASIBLE,WORSE
1593,2,16,45,27232,29275,1,FEASIBLE,WORSE
1594,2,16,46,27911,29879,1,FEASIBLE,WORSE
1595,2,16,47,27535,29482,1,FEASIBLE,WORSE
1596,2,16,48,27864,29795,1,FEASIBLE,WORSE
1597,2,16,49,29071,31020,0,CAPACITY_EXCEEDED,INVALID
1598,2,16,50,27299,29279,1,FEASIBLE,WORSE
1599,2,16,51,27655,29576,1,FEASIBLE,WORSE
1600,2,16,52,28184,30129,1,FEASIBLE,WORSE
1601,2,16,53,27782,29762,1,FEASIBLE,WORSE
1602,2,16,54,27595,29541,1,FEASIBLE,WORSE
1603,2,16,55,29036,31019,0,CAPACITY_EXCEEDED,INVALID
1604,2,16,56,28213,30178,1,FEASIBLE,WORSE
1605,2,16,57,27551,29547,1,FEASIBLE,WORSE
1606,2,16,58,27396,29423,1,FEASIBLE,WORSE
1607,2,16,59,28651,30601,1,FEASIBLE,WORSE
1608,2,16,60,27288,29309,1,FEASIBLE,WORSE
1609,2,16,61,28644,30641,1,FEASIBLE,WORSE
1610,2,16,62,27139,29140,1,FEASIBLE,WORSE
1611,2,16,63,27499,29512,1,FEASIBLE,WORSE
1612,2,16,64,28691,30668,1,FEASIBLE,WORSE
1613,2,16,65,28548,30534,1,FEASIBLE,WORSE
1614,2,16,66,27506,29453,1,FEASIBLE,WORSE
1615,2,16,67,28488,30453,1,FEASIBLE,WORSE
1616,2,16,68,27527,29530,1,FEASIBLE,WORSE
1617,2,16,69,28394,30311,1,FEASIBLE,WORSE
1618,2,16,70,27913,29879,1,FEASIBLE,WORSE
1619,2,16,71,28290,30272,1,FEASIBLE,WORSE
1620,2,16,72,28716,30640,1,FEASIBLE,WORSE
1621,2,16,73,28760,30731,1,FEASIBLE,WORSE
1622,2,16,74,28580,30543,1,FEASIBLE,WORSE
1623,2,16,75,28013,29936,1,FEASIBLE,WORSE
1624,2,16,76,28861,30846,1,FEASIBLE,WORSE
1625,2,16,77,28980,30952,1,FEASIBLE,WORSE
1626,2,16,78,29027,31014,0,CAPACITY_EXCEEDED,INVALID
1627,2,16,79,27260,29185,1,FEASIBLE,WORSE
1628,2,16,80,27204,29192,1,FEASIBLE,WORSE
1629,2,16,81,27179,29170,1,FEASIBLE,WORSE
1630,2,16,82,27562,29534,1,FEASIBLE,WORSE
1631,2,16,83,28495,30487,1,FEASIBLE,WORSE
1632,2,16,84,27397,29429,1,FEASIBLE,WORSE
1633,2,16,85,27827,29812,1,FEASIBLE,WORSE
1634,2,16,86,28915,30830,1,FEASIBLE,WORSE
1635,2,16,87,28953,30906,1,FEASIBLE,WORSE
1636,2,16,88,28999,30981,1,FEASIBLE,WORSE
1637,2,16,89,28693,30656,1,FEASIBLE,WORSE
1638,2,16,90,27153,29140,1,FEASIBLE,WORSE
1639,2,16,91,28683,30674,1,FEASIBLE,WORSE
1640,2,16,92,27652,29592,1,FEASIBLE,WORSE
1641,2,16,93,27442,29443,1,FEASIBLE,WORSE
1642,2,16,94,27106,29138,1,FEASIBLE,WORSE
1643,2,16,95,29020,31015,0,CAPACITY_EXCEEDED,INVALID
1644,2,16,96,27309,29283,1,FEASIBLE,WORSE
1645,2,16,97,28186,30195,1,FEASIBLE,WORSE
1646,2,16,98,27490,29472,1,FEASIBLE,WORSE
1647,2,16,99,28590,30514,1,FEASIBLE,WORSE
1648,2,17,18,29185,31114,0,CAPACITY_EXCEEDED,INVALID
1649,2,17,19,29093,31028,0,CAPACITY_EXCEEDED,INVALID
1650,2,17,20,29685,31626,0,CAPACITY_EXCEEDED,INVALID
1651,2,17,21,30726,32660,0,CAPACITY_EXCEEDED,INVALID
1652,2,17,22,30895,32825,0,CAPACITY_EXCEEDED,INVALID
1653,2,17,23,29312,31171,0,CAPACITY_EXCEEDED,INVALID
1654,2,17,24,30469,32332,0,CAPACITY_EXCEEDED,INVALID
1655,2,17,25,30097,31957,0,CAPACITY_EXCEEDED,INVALID
1656,2,17,26,29561,31424,0,CAPACITY_EXCEEDED,INVALID
1657,2,17,27,30607,32500,0,CAPACITY_EXCEEDED,INVALID
1658,2,17,28,30910,32790,0,CAPACITY_EXCEEDED,INVALID
1659,2,17,29,30963,32861,0,CAPACITY_EXCEEDED,INVALID
1660,2,17,30,29518,31414,0,CAPACITY_EXCEEDED,INVALID
1661,2,17,31,29130,30998,0,CAPACITY_EXCEEDED,INVALID
1662,2,17,32,30257,32117,0,CAPACITY_EXCEEDED,INVALID
1663,2,17,33,30802,32743,0,CAPACITY_EXCEEDED,INVALID
1664,2,17,34,30545,32421,0,CAPACITY_EXCEEDED,INVALID
1665,2,17,35,29981,31922,0,CAPACITY_EXCEEDED,INVALID
1666,2,17,36,30716,32616,0,CAPACITY_EXCEEDED,INVALID
1667,2,17,37,29597,31523,0,CAPACITY_EXCEEDED,INVALID
1668,2,17,38,30821,32747,0,CAPACITY_EXCEEDED,INVALID
1669,2,17,39,30665,32557,0,CAPACITY_EXCEEDED,INVALID
1670,2,17,40,29994,31900,0,CAPACITY_EXCEEDED,INVALID
1671,2,17,41,30490,32353,0,CAPACITY_EXCEEDED,INVALID
1672,2,17,42,30864,32740,0,CAPACITY_EXCEEDED,INVALID
1673,2,17,43,29752,31610,0,CAPACITY_EXCEEDED,INVALID
1674,2,17,44,30322,32218,0,CAPACITY_EXCEEDED,INVALID
1675,2,17,45,29125,31109,0,CAPACITY_EXCEEDED,INVALID
1676,2,17,46,29804,31713,0,CAPACITY_EXCEEDED,INVALID
1677,2,17,47,29428,31316,0,CAPACITY_EXCEEDED,INVALID
1678,2,17,48,29757,31629,0,CAPACITY_EXCEEDED,INVALID
1679,2,17,49,30964,32854,0,CAPACITY_EXCEEDED,INVALID
1680,2,17,50,29192,31113,0,CAPACITY_EXCEEDED,INVALID
1681,2,17,51,29548,31410,0,CAPACITY_EXCEEDED,INVALID
1682,2,17,52,30077,31963,0,CAPACITY_EXCEEDED,INVALID
1683,2,17,53,29675,31596,0,CAPACITY_EXCEEDED,INVALID
1684,2,17,54,29488,31375,0,CAPACITY_EXCEEDED,INVALID
1685,2,17,55,30929,32853,0,CAPACITY_EXCEEDED,INVALID
1686,2,17,56,30106,32012,0,CAPACITY_EXCEEDED,INVALID
1687,2,17,57,29444,31381,0,CAPACITY_EXCEEDED,INVALID
1688,2,17,58,29289,31257,0,CAPACITY_EXCEEDED,INVALID
1689,2,17,59,30544,32435,0,CAPACITY_EXCEEDED,INVALID
1690,2,17,60,29181,31143,0,CAPACITY_EXCEEDED,INVALID
1691,2,17,61,30537,32475,0,CAPACITY_EXCEEDED,INVALID
1692,2,17,62,29032,30974,0,CAPACITY_EXCEEDED,INVALID
1693,2,17,63,29392,31346,0,CAPACITY_EXCEEDED,INVALID
1694,2,17,64,30584,32502,0,CAPACITY_EXCEEDED,INVALID
1695,2,17,65,30441,32368,0,CAPACITY_EXCEEDED,INVALID
1696,2,17,66,29399,31287,0,CAPACITY_EXCEEDED,INVALID
1697,2,17,67,30381,32287,0,CAPACITY_EXCEEDED,INVALID
1698,2,17,68,29420,31364,0,CAPACITY_EXCEEDED,INVALID
1699,2,17,69,30287,32145,0,CAPACITY_EXCEEDED,INVALID
1700,2,17,70,29806,31713,0,CAPACITY_EXCEEDED,INVALID
1701,2,17,71,30183,32106,0,CAPACITY_EXCEEDED,INVALID
1702,2,17,72,30609,32474,0,CAPACITY_EXCEEDED,INVALID
1703,2,17,73,30653,32565,0,CAPACITY_EXCEEDED,INVALID
1704,2,17,74,30473,32377,0,CAPACITY_EXCEEDED,INVALID
1705,2,17,75,29906,31770,0,CAPACITY_EXCEEDED,INVALID
1706,2,17,76,30754,32680,0,CAPACITY_EXCEEDED,INVALID
1707,2,17,77,30873,32786,0,CAPACITY_EXCEEDED,INVALID
1708,2,17,78,30920,32848,0,CAPACITY_EXCEEDED,INVALID
1709,2,17,79,29153,31019,0,CAPACITY_EXCEEDED,INVALID
1710,2,17,80,29097,31026,0,CAPACITY_EXCEEDED,INVALID
1711,2,17,81,29072,31004,0,CAPACITY_EXCEEDED,INVALID
1712,2,17,82,29455,31368,0,CAPACITY_EXCEEDED,INVALID
1713,2,17,83,30388,32321,0,CAPACITY_EXCEEDED,INVALID
1714,2,17,84,29290,31263,0,CAPACITY_EXCEEDED,INVALID
1715,2,17,85,29720,31646,0,CAPACITY_EXCEEDED,INVALID
1716,2,17,86,30808,32664,0,CAPACITY_EXCEEDED,INVALID
1717,2,17,87,30846,32740,0,CAPACITY_EXCEEDED,INVALID
1718,2,17,88,30892,32815,0,CAPACITY_EXCEEDED,INVALID
1719,2,17,89,30586,32490,0,CAPACITY_EXCEEDED,INVALID
1720,2,17,90,29046,30974,0,CAPACITY_EXCEEDED,INVALID
1721,2,17,91,30576,32508,0,CAPACITY_EXCEEDED,INVALID
1722,2,17,92,29545,31426,0,CAPACITY_EXCEEDED,INVALID
1723,2,17,93,29335,31277,0,CAPACITY_EXCEEDED,INVALID
1724,2,17,94,28999,30972,1,FEASIBLE,WORSE
1725,2,17,95,30913,32849,0,CAPACITY_EXCEEDED,INVALID
1726,2,17,96,29202,31117,0,CAPACITY_EXCEEDED,INVALID
1727,2,17,97,30079,32029,0,CAPACITY_EXCEEDED,INVALID
1728,2,17,98,29383,31306,0,CAPACITY_EXCEEDED,INVALID
1729,2,17,99,30483,32348,0,CAPACITY_EXCEEDED,INVALID
1730,2,18,19,27299,29302,1,FEASIBLE,WORSE
1731,2,18,20,27891,29900,1,FEASIBLE,WORSE
1732,2,18,21,28932,30934,1,FEASIBLE,WORSE
1733,2,18,22,29101,31099,0,CAPACITY_EXCEEDED,INVALID
1734,2,18,23,27518,29445,1,FEASIBLE,WORSE
1735,2,18,24,28675,30606,1,FEASIBLE,WORSE
1736,2,18,25,28303,30231,1,FEASIBLE,WORSE
1737,2,18,26,27767,29698,1,FEASIBLE,WORSE
1738,2,18,27,28813,30774,1,FEASIBLE,WORSE
1739,2,18,28,29116,31064,0,CAPACITY_EXCEEDED,INVALID
1740,2,18,29,29169,31135,0,CAPACITY_EXCEEDED,INVALID
1741,2,18,30,27724,29688,1,FEASIBLE,WORSE
1742,2,18,31,27336,29272,1,FEASIBLE,WORSE
1743,2,18,32,28463,30391,1,FEASIBLE,WORSE
1744,2,18,33,29008,31017,1,FEASIBLE,WORSE
1745,2,18,34,28751,30695,1,FEASIBLE,WORSE
1746,2,18,35,28187,30196,1,FEASIBLE,WORSE
1747,2,18,36,28922,30890,1,FEASIBLE,WORSE
1748,2,18,37,27803,29797,1,FEASIBLE,WORSE
1749,2,18,38,29027,31021,0,CAPACITY_EXCEEDED,INVALID
1750,2,18,39,28871,30831,1,FEASIBLE,WORSE
1751,2,18,40,28200,30174,1,FEASIBLE,WORSE
1752,2,18,41,28696,30627,1,FEASIBLE,WORSE
1753,2,18,42,29070,31014,0,CAPACITY_EXCEEDED,INVALID
1754,2,18,43,27958,29884,1,FEASIBLE,WORSE
1755,2,18,44,28528,30492,1,FEASIBLE,WORSE
1756,2,18,45,27331,29383,1,FEASIBLE,WORSE
1757,2,18,46,28010,29987,1,FEASIBLE,WORSE
1758,2,18,47,27634,29590,1,FEASIBLE,WORSE
1759,2,18,48,27963,29903,1,FEASIBLE,WORSE
1760,2,18,49,29170,31128,0,CAPACITY_EXCEEDED,INVALID
1761,2,18,50,27398,29387,1,FEASIBLE,WORSE
1762,2,18,51,27754,29684,1,FEASIBLE,WORSE
1763,2,18,52,28283,30237,1,FEASIBLE,WORSE
1764,2,18,53,27881,29870,1,FEASIBLE,WORSE
1765,2,18,54,27694,29649,1,FEASIBLE,WORSE
1766,2,18,55,29135,31127,0,CAPACITY_EXCEEDED,INVALID
1767,2,18,56,28312,30286,1,FEASIBLE,WORSE
1768,2,18,57,27650,29655,1,FEASIBLE,WORSE
1769,2,18,58,27495,29531,1,FEASIBLE,WORSE
1770,2,18,59,28750,30709,1,FEASIBLE,WORSE
1771,2,18,60,27387,29417,1,FEASIBLE,WORSE
1772,2,18,61,28743,30749,1,FEASIBLE,WORSE
1773,2,18,62,27238,29248,1,FEASIBLE,WORSE
1774,2,18,63,27598,29620,1,FEASIBLE,WORSE
1775,2,18,64,28790,30776,1,FEASIBLE,WORSE
1776,2,18,65,28647,30642,1,FEASIBLE,WORSE
1777,2,18,66,27605,29561,1,FEASIBLE,WORSE
1778,2,18,67,28587,30561,1,FEASIBLE,WORSE
1779,2,18,68,27626,29638,1,FEASIBLE,WORSE
1780,2,18,69,28493,30419,1,FEASIBLE,WORSE
1781,2,18,70,28012,29987,1,FEASIBLE,WORSE
1782,2,18,71,28389,30380,1,FEASIBLE,WORSE
1783,2,18,72,28815,30748,1,FEASIBLE,WORSE
1784,2,18,73,28859,30839,1,FEASIBLE,WORSE
1785,2,18,74,28679,30651,1,FEASIBLE,WORSE
1786,2,18,75,28112,30044,1,FEASIBLE,WORSE
1787,2,18,76,28960,30954,1,FEASIBLE,WORSE
1788,2,18,77,29079,31060,0,CAPACITY_EXCEEDED,INVALID
1789,2,18,78,29126,31122,0,CAPACITY_EXCEEDED,INVALID
1790,2,18,79,27359,29293,1,FEASIBLE,WORSE
1791,2,18,80,27303,29300,1,FEASIBLE,WORSE
1792,2,18,81,27278,29278,1,FEASIBLE,WORSE
1793,2,18,82,27661,29642,1,FEASIBLE,WORSE
1794,2,18,83,28594,30595,1,FEASIBLE,WORSE
1795,2,18,84,27496,29537,1,FEASIBLE,WORSE
1796,2,18,85,27926,29920,1,FEASIBLE,WORSE
1797,2,18,86,29014,30938,1,FEASIBLE,WORSE
1798,2,18,87,29052,31014,0,CAPACITY_EXCEEDED,INVALID
1799,2,18,88,29098,31089,0,CAPACITY_EXCEEDED,INVALID
1800,2,18,89,28792,30764,1,FEASIBLE,WORSE
1801,2,18,90,27252,29248,1,FEASIBLE,WORSE
1802,2,18,91,28782,30782,1,FEASIBLE,WORSE
1803,2,18,92,27751,29700,1,FEASIBLE,WORSE
1804,2,18,93,27541,29551,1,FEASIBLE,WORSE
1805,2,18,94,27205,29246,1,FEASIBLE,WORSE
1806,2,18,95,29119,31123,0,CAPACITY_EXCEEDED,INVALID
1807,2,18,96,27408,29391,1,FEASIBLE,WORSE
1808,2,18,97,28285,30303,1,FEASIBLE,WORSE
1809,2,18,98,27589,29580,1,FEASIBLE,WORSE
1810,2,18,99,28689,30622,1,FEASIBLE,WORSE
1811,2,19,20,27799,29814,1,FEASIBLE,WORSE
1812,2,19,21,28840,30848,1,FEASIBLE,WORSE
1813,2,19,22,29009,31013,1,FEASIBLE,WORSE
1814,2,19,23,27426,29359,1,FEASIBLE,WORSE
1815,2,19,24,28583,30520,1,FEASIBLE,WORSE
1816,2,19,25,28211,30145,1,FEASIBLE,WORSE
1817,2,19,26,27675,29612,1,FEASIBLE,WORSE
1818,2,19,27,28721,30688,1,FEASIBLE,WORSE
1819,2,19,28,29024,30978,0,CAPACITY_EXCEEDED,INVALID
1820,2,19,29,29077,31049,0,CAPACITY_EXCEEDED,INVALID
1821,2,19,30,27632,29602,1,FEASIBLE,WORSE
1822,2,19,31,27244,29186,1,FEASIBLE,WORSE
1823,2,19,32,28371,30305,1,FEASIBLE,WORSE
1824,2,19,33,28916,30931,1,FEASIBLE,WORSE
1825,2,19,34,28659,30609,1,FEASIBLE,WORSE
1826,2,19,35,28095,30110,1,FEASIBLE,WORSE
1827,2,19,36,28830,30804,1,FEASIBLE,WORSE
1828,2,19,37,27711,29711,1,FEASIBLE,WORSE
1829,2,19,38,28935,30935,1,FEASIBLE,WORSE
1830,2,19,39,28779,30745,1,FEASIBLE,WORSE
1831,2,19,40,28108,30088,1,FEASIBLE,WORSE
1832,2,19,41,28604,30541,1,FEASIBLE,WORSE
1833,2,19,42,28978,30928,1,FEASIBLE,WORSE
1834,2,19,43,27866,29798,1,FEASIBLE,WORSE
1835,2,19,44,28436,30406,1,FEASIBLE,WORSE
1836,2,19,45,27239,29297,1,FEASIBLE,WORSE
1837,2,19,46,27918,29901,1,FEASIBLE,WORSE
1838,2,19,47,27542,29504,1,FEASIBLE,WORSE
1839,2,19,48,27871,29817,1,FEASIBLE,WORSE
1840,2,19,49,29078,31042,0,CAPACITY_EXCEEDED,INVALID
1841,2,19,50,27306,29301,1,FEASIBLE,WORSE
1842,2,19,51,27662,29598,1,FEASIBLE,WORSE
1843,2,19,52,28191,30151,1,FEASIBLE,WORSE
1844,2,19,53,27789,29784,1,FEASIBLE,WORSE
1845,2,19,54,27602,29563,1,FEASIBLE,WORSE
1846,2,19,55,29043,31041,0,CAPACITY_EXCEEDED,INVALID
1847,2,19,56,28220,30200,1,FEASIBLE,WORSE
1848,2,19,57,27558,29569,1,FEASIBLE,WORSE
1849,2,19,58,27403,29445,1,FEASIBLE,WORSE
1850,2,19,59,28658,30623,1,FEASIBLE,WORSE
1851,2,19,60,27295,29331,1,FEASIBLE,WORSE
1852,2,19,61,28651,30663,1,FEASIBLE,WORSE
1853,2,19,62,27146,29162,1,FEASIBLE,WORSE
1854,2,19,63,27506,29534,1,FEASIBLE,WORSE
1855,2,19,64,28698,30690,1,FEASIBLE,WORSE
1856,2,19,65,28555,30556,1,FEASIBLE,WORSE
1857,2,19,66,27513,29475,1,FEASIBLE,WORSE
1858,2,19,67,28495,30475,1,FEASIBLE,WORSE
1859,2,19,68,27534,29552,1,FEASIBLE,WORSE
1860,2,19,69,28401,30333,1,FEASIBLE,WORSE
1861,2,19,70,27920,29901,1,FEASIBLE,WORSE
1862,2,19,71,28297,30294,1,FEASIBLE,WORSE
1863,2,19,72,28723,30662,1,FEASIBLE,WORSE
1864,2,19,73,28767,30753,1,FEASIBLE,WORSE
1865,2,19,74,28587,30565,1,FEASIBLE,WORSE
1866,2,19,75,28020,29958,1,FEASIBLE,WORSE
1867,2,19,76,28868,30868,1,FEASIBLE,WORSE
1868,2,19,77,28987,30974,1,FEASIBLE,WORSE
1869,2,19,78,29034,31036,0,CAPACITY_EXCEEDED,INVALID
1870,2,19,79,27267,29207,1,FEASIBLE,WORSE
1871,2,19,80,27211,29214,1,FEASIBLE,WORSE
1872,2,19,81,27186,29192,1,FEASIBLE,WORSE
1873,2,19,82,27569,29556,1,FEASIBLE,WORSE
1874,2,19,83,28502,30509,1,FEASIBLE,WORSE
1875,2,19,84,27404,29451,1,FEASIBLE,WORSE
1876,2,19,85,27834,29834,1,FEASIBLE,WORSE
1877,2,19,86,28922,30852,1,FEASIBLE,WORSE
1878,2,19,87,28960,30928,1,FEASIBLE,WORSE
1879,2,19,88,29006,31003,1,FEASIBLE,WORSE
1880,2,19,89,28700,30678,1,FEASIBLE,WORSE
1881,2,19,90,27160,29162,1,FEASIBLE,WORSE
1882,2,19,91,28690,30696,1,FEASIBLE,WORSE
1883,2,19,92,27659,29614,1,FEASIBLE,WORSE
1884,2,19,93,27449,29465,1,FEASIBLE,WORSE
1885,2,19,94,27113,29160,1,FEASIBLE,WORSE
1886,2,19,95,29027,31037,0,CAPACITY_EXCEEDED,INVALID
1887,2,19,96,27316,29305,1,FEASIBLE,WORSE
1888,2,19,97,28193,30217,1,FEASIBLE,WORSE
1889,2,19,98,27497,29494,1,FEASIBLE,WORSE
1890,2,19,99,28597,30536,1,FEASIBLE,WORSE
1891,2,20,21,29432,31446,0,CAPACITY_EXCEEDED,INVALID
1892,2,20,22,29601,31611,0,CAPACITY_EXCEEDED,INVALID
1893,2,20,23,28018,29957,1,FEASIBLE,WORSE
1894,2,20,24,29175,31118,0,CAPACITY_EXCEEDED,INVALID
1895,2,20,25,28803,30743,1,FEASIBLE,WORSE
1896,2,20,26,28267,30210,1,FEASIBLE,WORSE
1897,2,20,27,29313,31286,0,CAPACITY_EXCEEDED,INVALID
1898,2,20,28,29616,31576,0,CAPACITY_EXCEEDED,INVALID
1899,2,20,29,29669,31647,0,CAPACITY_EXCEEDED,INVALID
1900,2,20,30,28224,30200,1,FEASIBLE,WORSE
1901,2,20,31,27836,29784,1,FEASIBLE,WORSE
1902,2,20,32,28963,30903,1,FEASIBLE,WORSE
1903,2,20,33,29508,31529,0,CAPACITY_EXCEEDED,INVALID
1904,2,20,34,29251,31207,0,CAPACITY_EXCEEDED,INVALID
1905,2,20,35,28687,30708,1,FEASIBLE,WORSE
1906,2,20,36,29422,31402,0,CAPACITY_EXCEEDED,INVALID
1907,2,20,37,28303,30309,1,FEASIBLE,WORSE
1908,2,20,38,29527,31533,0,CAPACITY_EXCEEDED,INVALID
1909,2,20,39,29371,31343,0,CAPACITY_EXCEEDED,INVALID
1910,2,20,40,28700,30686,1,FEASIBLE,WORSE
1911,2,20,41,29196,31139,0,CAPACITY_EXCEEDED,INVALID
1912,2,20,42,29570,31526,0,CAPACITY_EXCEEDED,INVALID
1913,2,20,43,28458,30396,1,FEASIBLE,WORSE
1914,2,20,44,29028,31004,0,CAPACITY_EXCEEDED,INVALID
1915,2,20,45,27831,29895,1,FEASIBLE,WORSE
1916,2,20,46,28510,30499,1,FEASIBLE,WORSE
1917,2,20,47,28134,30102,1,FEASIBLE,WORSE
1918,2,20,48,28463,30415,1,FEASIBLE,WORSE
1919,2,20,49,29670,31640,0,CAPACITY_EXCEEDED,INVALID
1920,2,20,50,27898,29899,1,FEASIBLE,WORSE
1921,2,20,51,28254,30196,1,FEASIBLE,WORSE
1922,2,20,52,28783,30749,1,FEASIBLE,WORSE
1923,2,20,53,28381,30382,1,FEASIBLE,WORSE
1924,2,20,54,28194,30161,1,FEASIBLE,WORSE
1925,2,20,55,29635,31639,0,CAPACITY_EXCEEDED,INVALID
1926,2,20,56,28812,30798,1,FEASIBLE,WORSE
1927,2,20,57,28150,30167,1,FEASIBLE,WORSE
1928,2,20,58,27995,30043,1,FEASIBLE,WORSE
1929,2,20,59,29250,31221,0,CAPACITY_EXCEEDED,INVALID
1930,2,20,60,27887,29929,1,FEASIBLE,WORSE
1931,2,20,61,29243,31261,0,CAPACITY_EXCEEDED,INVALID
1932,2,20,62,27738,29760,1,FEASIBLE,WORSE
1933,2,20,63,28098,30132,1,FEASIBLE,WORSE
1934,2,20,64,29290,31288,0,CAPACITY_EXCEEDED,INVALID
1935,2,20,65,29147,31154,0,CAPACITY_EXCEEDED,INVALID
1936,2,20,66,28105,30073,1,FEASIBLE,WORSE
1937,2,20,67,29087,31073,0,CAPACITY_EXCEEDED,INVALID
1938,2,20,68,28126,30150,1,FEASIBLE,WORSE
1939,2,20,69,28993,30931,1,FEASIBLE,WORSE
1940,2,20,70,28512,30499,1,FEASIBLE,WORSE
1941,2,20,71,28889,30892,1,FEASIBLE,WORSE
1942,2,20,72,29315,31260,0,CAPACITY_EXCEEDED,INVALID
1943,2,20,73,29359,31351,0,CAPACITY_EXCEEDED,INVALID
1944,2,20,74,29179,31163,0,CAPACITY_EXCEEDED,INVALID
1945,2,20,75,28612,30556,1,FEASIBLE,WORSE
1946,2,20,76,29460,31466,0,CAPACITY_EXCEEDED,INVALID
1947,2,20,77,29579,31572,0,CAPACITY_EXCEEDED,INVALID
1948,2,20,78,29626,31634,0,CAPACITY_EXCEEDED,INVALID
1949,2,20,79,27859,29805,1,FEASIBLE,WORSE
1950,2,20,80,27803,29812,1,FEASIBLE,WORSE
1951,2,20,81,27778,29790,1,FEASIBLE,WORSE
1952,2,20,82,28161,30154,1,FEASIBLE,WORSE
1953,2,20,83,29094,31107,0,CAPACITY_EXCEEDED,INVALID
1954,2,20,84,27996,30049,1,FEASIBLE,WORSE
1955,2,20,85,28426,30432,1,FEASIBLE,WORSE
1956,2,20,86,29514,31450,0,CAPACITY_EXCEEDED,INVALID
1957,2,20,87,29552,31526,0,CAPACITY_EXCEEDED,INVALID
1958,2,20,88,29598,31601,0,CAPACITY_EXCEEDED,INVALID
1959,2,20,89,29292,31276,0,CAPACITY_EXCEEDED,INVALID
1960,2,20,90,27752,29760,1,FEASIBLE,WORSE
1961,2,20,91,29282,31294,0,CAPACITY_EXCEEDED,INVALID
1962,2,20,92,28251,30212,1,FEASIBLE,WORSE
1963,2,20,93,28041,30063,1,FEASIBLE,WORSE
1964,2,20,94,27705,29758,1,FEASIBLE,WORSE
1965,2,20,95,29619,31635,0,CAPACITY_EXCEEDED,INVALID
1966,2,20,96,27908,29903,1,FEASIBLE,WORSE
1967,2,20,97,28785,30815,1,FEASIBLE,WORSE
1968,2,20,98,28089,30092,1,FEASIBLE,WORSE
1969,2,20,99,29189,31134,0,CAPACITY_EXCEEDED,INVALID
1970,2,21,22,30642,32645,0,CAPACITY_EXCEEDED,INVALID
1971,2,21,23,29059,30991,0,CAPACITY_EXCEEDED,INVALID
1972,2,21,24,30216,32152,0,CAPACITY_EXCEEDED,INVALID
1973,2,21,25,29844,31777,0,CAPACITY_EXCEEDED,INVALID
1974,2,21,26,29308,31244,0,CAPACITY_EXCEEDED,INVALID
1975,2,21,27,30354,32320,0,CAPACITY_EXCEEDED,INVALID
1976,2,21,28,30657,32610,0,CAPACITY_EXCEEDED,INVALID
1977,2,21,29,30710,32681,0,CAPACITY_EXCEEDED,INVALID
1978,2,21,30,29265,31234,0,CAPACITY_EXCEEDED,INVALID
1979,2,21,31,28877,30818,1,FEASIBLE,WORSE
1980,2,21,32,30004,31937,0,CAPACITY_EXCEEDED,INVALID
1981,2,21,33,30549,32563,0,CAPACITY_EXCEEDED,INVALID
1982,2,21,34,30292,32241,0,CAPACITY_EXCEEDED,INVALID
1983,2,21,35,29728,31742,0,CAPACITY_EXCEEDED,INVALID
1984,2,21,36,30463,32436,0,CAPACITY_EXCEEDED,INVALID
1985,2,21,37,29344,31343,0,CAPACITY_EXCEEDED,INVALID
1986,2,21,38,30568,32567,0,CAPACITY_EXCEEDED,INVALID
1987,2,21,39,30412,32377,0,CAPACITY_EXCEEDED,INVALID
1988,2,21,40,29741,31720,0,CAPACITY_EXCEEDED,INVALID
1989,2,21,41,30237,32173,0,CAPACITY_EXCEEDED,INVALID
1990,2,21,42,30611,32560,0,CAPACITY_EXCEEDED,INVALID
1991,2,21,43,29499,31430,0,CAPACITY_EXCEEDED,INVALID
1992,2,21,44,30069,32038,0,CAPACITY_EXCEEDED,INVALID
1993,2,21,45,28872,30929,1,FEASIBLE,WORSE
1994,2,21,46,29551,31533,0,CAPACITY_EXCEEDED,INVALID
1995,2,21,47,29175,31136,0,CAPACITY_EXCEEDED,INVALID
1996,2,21,48,29504,31449,0,CAPACITY_EXCEEDED,INVALID
1997,2,21,49,30711,32674,0,CAPACITY_EXCEEDED,INVALID
1998,2,21,50,28939,30933,1,FEASIBLE,WORSE
1999,2,21,51,29295,31230,0,CAPACITY_EXCEEDED,INVALID
2000,2,21,52,29824,31783,0,CAPACITY_EXCEEDED,INVALID
2001,2,21,53,29422,31416,0,CAPACITY_EXCEEDED,INVALID
2002,2,21,54,29235,31195,0,CAPACITY_EXCEEDED,INVALID
2003,2,21,55,30676,32673,0,CAPACITY_EXCEEDED,INVALID
2004,2,21,56,29853,31832,0,CAPACITY_EXCEEDED,INVALID
2005,2,21,57,29191,31201,0,CAPACITY_EXCEEDED,INVALID
2006,2,21,58,29036,31077,0,CAPACITY_EXCEEDED,INVALID
2007,2,21,59,30291,32255,0,CAPACITY_EXCEEDED,INVALID
2008,2,21,60,28928,30963,1,FEASIBLE,WORSE
2009,2,21,61,30284,32295,0,CAPACITY_EXCEEDED,INVALID
2010,2,21,62,28779,30794,1,FEASIBLE,WORSE
2011,2,21,63,29139,31166,0,CAPACITY_EXCEEDED,INVALID
2012,2,21,64,30331,32322,0,CAPACITY_EXCEEDED,INVALID
2013,2,21,65,30188,32188,0,CAPACITY_EXCEEDED,INVALID
2014,2,21,66,29146,31107,0,CAPACITY_EXCEEDED,INVALID
2015,2,21,67,30128,32107,0,CAPACITY_EXCEEDED,INVALID
2016,2,21,68,29167,31184,0,CAPACITY_EXCEEDED,INVALID
2017,2,21,69,30034,31965,0,CAPACITY_EXCEEDED,INVALID
2018,2,21,70,29553,31533,0,CAPACITY_EXCEEDED,INVALID
2019,2,21,71,29930,31926,0,CAPACITY_EXCEEDED,INVALID
2020,2,21,72,30356,32294,0,CAPACITY_EXCEEDED,INVALID
2021,2,21,73,30400,32385,0,CAPACITY_EXCEEDED,INVALID
2022,2,21,74,30220,32197,0,CAPACITY_EXCEEDED,INVALID
2023,2,21,75,29653,31590,0,CAPACITY_EXCEEDED,INVALID
2024,2,21,76,30501,32500,0,CAPACITY_EXCEEDED,INVALID
2025,2,21,77,30620,32606,0,CAPACITY_EXCEEDED,INVALID
2026,2,21,78,30667,32668,0,CAPACITY_EXCEEDED,INVALID
2027,2,21,79,28900,30839,1,FEASIBLE,WORSE
2028,2,21,80,28844,30846,1,FEASIBLE,WORSE
2029,2,21,81,28819,30824,1,FEASIBLE,WORSE
2030,2,21,82,29202,31188,0,CAPACITY_EXCEEDED,INVALID
2031,2,21,83,30135,32141,0,CAPACITY_EXCEEDED,INVALID
2032,2,21,84,29037,31083,0,CAPACITY_EXCEEDED,INVALID
2033,2,21,85,29467,31466,0,CAPACITY_EXCEEDED,INVALID
2034,2,21,86,30555,32484,0,CAPACITY_EXCEEDED,INVALID
2035,2,21,87,30593,32560,0,CAPACITY_EXCEEDED,INVALID
2036,2,21,88,30639,32635,0,CAPACITY_EXCEEDED,INVALID
2037,2,21,89,30333,32310,0,CAPACITY_EXCEEDED,INVALID
2038,2,21,90,28793,30794,1,FEASIBLE,WORSE
2039,2,21,91,30323,32328,0,CAPACITY_EXCEEDED,INVALID
2040,2,21,92,29292,31246,0,CAPACITY_EXCEEDED,INVALID
2041,2,21,93,29082,31097,0,CAPACITY_EXCEEDED,INVALID
2042,2,21,94,28746,30792,1,FEASIBLE,WORSE
2043,2,21,95,30660,32669,0,CAPACITY_EXCEEDED,INVALID
2044,2,21,96,28949,30937,1,FEASIBLE,WORSE
2045,2,21,97,29826,31849,0,CAPACITY_EXCEEDED,INVALID
2046,2,21,98,29130,31126,0,CAPACITY_EXCEEDED,INVALID
2047,2,21,99,30230,32168,0,CAPACITY_EXCEEDED,INVALID
2048,2,22,23,29228,31156,0,CAPACITY_EXCEEDED,INVALID
2049,2,22,24,30385,32317,0,CAPACITY_EXCEEDED,INVALID
2050,2,22,25,30013,31942,0,CAPACITY_EXCEEDED,INVALID
2051,2,22,26,29477,31409,0,CAPACITY_EXCEEDED,INVALID
2052,2,22,27,30523,32485,0,CAPACITY_EXCEEDED,INVALID
2053,2,22,28,30826,32775,0,CAPACITY_EXCEEDED,INVALID
2054,2,22,29,30879,32846,0,CAPACITY_EXCEEDED,INVALID
2055,2,22,30,29434,31399,0,CAPACITY_EXCEEDED,INVALID
2056,2,22,31,29046,30983,0,CAPACITY_EXCEEDED,INVALID
2057,2,22,32,30173,32102,0,CAPACITY_EXCEEDED,INVALID
2058,2,22,33,30718,32728,0,CAPACITY_EXCEEDED,INVALID
2059,2,22,34,30461,32406,0,CAPACITY_EXCEEDED,INVALID
2060,2,22,35,29897,31907,0,CAPACITY_EXCEEDED,INVALID
2061,2,22,36,30632,32601,0,CAPACITY_EXCEEDED,INVALID
2062,2,22,37,29513,31508,0,CAPACITY_EXCEEDED,INVALID
2063,2,22,38,30737,32732,0,CAPACITY_EXCEEDED,INVALID
2064,2,22,39,30581,32542,0,CAPACITY_EXCEEDED,INVALID
2065,2,22,40,29910,31885,0,CAPACITY_EXCEEDED,INVALID
2066,2,22,41,30406,32338,0,CAPACITY_EXCEEDED,INVALID
2067,2,22,42,30780,32725,0,CAPACITY_EXCEEDED,INVALID
2068,2,22,43,29668,31595,0,CAPACITY_EXCEEDED,INVALID
2069,2,22,44,30238,32203,0,CAPACITY_EXCEEDED,INVALID
2070,2,22,45,29041,31094,0,CAPACITY_EXCEEDED,INVALID
2071,2,22,46,29720,31698,0,CAPACITY_EXCEEDED,INVALID
2072,2,22,47,29344,31301,0,CAPACITY_EXCEEDED,INVALID
2073,2,22,48,29673,31614,0,CAPACITY_EXCEEDED,INVALID
2074,2,22,49,30880,32839,0,CAPACITY_EXCEEDED,INVALID
2075,2,22,50,29108,31098,0,CAPACITY_EXCEEDED,INVALID
2076,2,22,51,29464,31395,0,CAPACITY_EXCEEDED,INVALID
2077,2,22,52,29993,31948,0,CAPACITY_EXCEEDED,INVALID
2078,2,22,53,29591,31581,0,CAPACITY_EXCEEDED,INVALID
2079,2,22,54,29404,31360,0,CAPACITY_EXCEEDED,INVALID
2080,2,22,55,30845,32838,0,CAPACITY_EXCEEDED,INVALID
2081,2,22,56,30022,31997,0,CAPACITY_EXCEEDED,INVALID
2082,2,22,57,29360,31366,0,CAPACITY_EXCEEDED,INVALID
2083,2,22,58,29205,31242,0,CAPACITY_EXCEEDED,INVALID
2084,2,22,59,30460,32420,0,CAPACITY_EXCEEDED,INVALID
2085,2,22,60,29097,31128,0,CAPACITY_EXCEEDED,INVALID
2086,2,22,61,30453,32460,0,CAPACITY_EXCEEDED,INVALID
2087,2,22,62,28948,30959,1,FEASIBLE,WORSE
2088,2,22,63,29308,31331,0,CAPACITY_EXCEEDED,INVALID
2089,2,22,64,30500,32487,0,CAPACITY_EXCEEDED,INVALID
2090,2,22,65,30357,32353,0,CAPACITY_EXCEEDED,INVALID
2091,2,22,66,29315,31272,0,CAPACITY_EXCEEDED,INVALID
2092,2,22,67,30297,32272,0,CAPACITY_EXCEEDED,INVALID
2093,2,22,68,29336,31349,0,CAPACITY_EXCEEDED,INVALID
2094,2,22,69,30203,32130,0,CAPACITY_EXCEEDED,INVALID
2095,2,22,70,29722,31698,0,CAPACITY_EXCEEDED,INVALID
2096,2,22,71,30099,32091,0,CAPACITY_EXCEEDED,INVALID
2097,2,22,72,30525,32459,0,CAPACITY_EXCEEDED,INVALID
2098,2,22,73,30569,32550,0,CAPACITY_EXCEEDED,INVALID
2099,2,22,74,30389,32362,0,CAPACITY_EXCEEDED,INVALID
2100,2,22,75,29822,31755,0,CAPACITY_EXCEEDED,INVALID
2101,2,22,76,30670,32665,0,CAPACITY_EXCEEDED,INVALID
2102,2,22,77,30789,32771,0,CAPACITY_EXCEEDED,INVALID
2103,2,22,78,30836,32833,0,CAPACITY_EXCEEDED,INVALID
2104,2,22,79,29069,31004,0,CAPACITY_EXCEEDED,INVALID
2105,2,22,80,29013,31011,1,FEASIBLE,WORSE
2106,2,22,81,28988,30989,1,FEASIBLE,WORSE
2107,2,22,82,29371,31353,0,CAPACITY_EXCEEDED,INVALID
2108,2,22,83,30304,32306,0,CAPACITY_EXCEEDED,INVALID
2109,2,22,84,29206,31248,0,CAPACITY_EXCEEDED,INVALID
2110,2,22,85,29636,31631,0,CAPACITY_EXCEEDED,INVALID
2111,2,22,86,30724,32649,0,CAPACITY_EXCEEDED,INVALID
2112,2,22,87,30762,32725,0,CAPACITY_EXCEEDED,INVALID
2113,2,22,88,30808,32800,0,CAPACITY_EXCEEDED,INVALID
2114,2,22,89,30502,32475,0,CAPACITY_EXCEEDED,INVALID
2115,2,22,90,28962,30959,1,FEASIBLE,WORSE
2116,2,22,91,30492,32493,0,CAPACITY_EXCEEDED,INVALID
2117,2,22,92,29461,31411,0,CAPACITY_EXCEEDED,INVALID
2118,2,22,93,29251,31262,0,CAPACITY_EXCEEDED,INVALID
2119,2,22,94,28915,30957,1,FEASIBLE,WORSE
2120,2,22,95,30829,32834,0,CAPACITY_EXCEEDED,INVALID
2121,2,22,96,29118,31102,0,CAPACITY_EXCEEDED,INVALID
2122,2,22,97,29995,32014,0,CAPACITY_EXCEEDED,INVALID
2123,2,22,98,29299,31291,0,CAPACITY_EXCEEDED,INVALID
2124,2,22,99,30399,32333,0,CAPACITY_EXCEEDED,INVALID
2125,2,23,24,28802,30663,1,FEASIBLE,WORSE
2126,2,23,25,28430,30288,1,FEASIBLE,WORSE
2127,2,23,26,27894,29755,1,FEASIBLE,WORSE
2128,2,23,27,28940,30831,1,FEASIBLE,WORSE
2129,2,23,28,29243,31121,0,CAPACITY_EXCEEDED,INVALID
2130,2,23,29,29296,31192,0,CAPACITY_EXCEEDED,INVALID
2131,2,23,30,27851,29745,1,FEASIBLE,WORSE
2132,2,23,31,27463,29329,1,FEASIBLE,WORSE
2133,2,23,32,28590,30448,1,FEASIBLE,WORSE
2134,2,23,33,29135,31074,0,CAPACITY_EXCEEDED,INVALID
2135,2,23,34,28878,30752,1,FEASIBLE,WORSE
2136,2,23,35,28314,30253,1,FEASIBLE,WORSE
2137,2,23,36,29049,30947,0,CAPACITY_EXCEEDED,INVALID
2138,2,23,37,27930,29854,1,FEASIBLE,WORSE
2139,2,23,38,29154,31078,0,CAPACITY_EXCEEDED,INVALID
2140,2,23,39,28998,30888,1,FEASIBLE,WORSE
2141,2,23,40,28327,30231,1,FEASIBLE,WORSE
2142,2,23,41,28823,30684,1,FEASIBLE,WORSE
2143,2,23,42,29197,31071,0,CAPACITY_EXCEEDED,INVALID
2144,2,23,43,28085,29941,1,FEASIBLE,WORSE
2145,2,23,44,28655,30549,1,FEASIBLE,WORSE
2146,2,23,45,27458,29440,1,FEASIBLE,WORSE
2147,2,23,46,28137,30044,1,FEASIBLE,WORSE
2148,2,23,47,27761,29647,1,FEASIBLE,WORSE
2149,2,23,48,28090,29960,1,FEASIBLE,WORSE
2150,2,23,49,29297,31185,0,CAPACITY_EXCEEDED,INVALID
2151,2,23,50,27525,29444,1,FEASIBLE,WORSE
2152,2,23,51,27881,29741,1,FEASIBLE,WORSE
2153,2,23,52,28410,30294,1,FEASIBLE,WORSE
2154,2,23,53,28008,29927,1,FEASIBLE,WORSE
2155,2,23,54,27821,29706,1,FEASIBLE,WORSE
2156,2,23,55,29262,31184,0,CAPACITY_EXCEEDED,INVALID
2157,2,23,56,28439,30343,1,FEASIBLE,WORSE
2158,2,23,57,27777,29712,1,FEASIBLE,WORSE
2159,2,23,58,27622,29588,1,FEASIBLE,WORSE
2160,2,23,59,28877,30766,1,FEASIBLE,WORSE
2161,2,23,60,27514,29474,1,FEASIBLE,WORSE
2162,2,23,61,28870,30806,1,FEASIBLE,WORSE
2163,2,23,62,27365,29305,1,FEASIBLE,WORSE
2164,2,23,63,27725,29677,1,FEASIBLE,WORSE
2165,2,23,64,28917,30833,1,FEASIBLE,WORSE
2166,2,23,65,28774,30699,1,FEASIBLE,WORSE
2167,2,23,66,27732,29618,1,FEASIBLE,WORSE
2168,2,23,67,28714,30618,1,FEASIBLE,WORSE
2169,2,23,68,27753,29695,1,FEASIBLE,WORSE
2170,2,23,69,28620,30476,1,FEASIBLE,WORSE
2171,2,23,70,28139,30044,1,FEASIBLE,WORSE
2172,2,23,71,28516,30437,1,FEASIBLE,WORSE
2173,2,23,72,28942,30805,1,FEASIBLE,WORSE
2174,2,23,73,28986,30896,1,FEASIBLE,WORSE
2175,2,23,74,28806,30708,1,FEASIBLE,WORSE
2176,2,23,75,28239,30101,1,FEASIBLE,WORSE
2177,2,23,76,29087,31011,0,CAPACITY_EXCEEDED,INVALID
2178,2,23,77,29206,31117,0,CAPACITY_EXCEEDED,INVALID
2179,2,23,78,29253,31179,0,CAPACITY_EXCEEDED,INVALID
2180,2,23,79,27486,29350,1,FEASIBLE,WORSE
2181,2,23,80,27430,29357,1,FEASIBLE,WORSE
2182,2,23,81,27405,29335,1,FEASIBLE,WORSE
2183,2,23,82,27788,29699,1,FEASIBLE,WORSE
2184,2,23,83,28721,30652,1,FEASIBLE,WORSE
2185,2,23,84,27623,29594,1,FEASIBLE,WORSE
2186,2,23,85,28053,29977,1,FEASIBLE,WORSE
2187,2,23,86,29141,30995,0,CAPACITY_EXCEEDED,INVALID
2188,2,23,87,29179,31071,0,CAPACITY_EXCEEDED,INVALID
2189,2,23,88,29225,31146,0,CAPACITY_EXCEEDED,INVALID
2190,2,23,89,28919,30821,1,FEASIBLE,WORSE
2191,2,23,90,27379,29305,1,FEASIBLE,WORSE
2192,2,23,91,28909,30839,1,FEASIBLE,WORSE
2193,2,23,92,27878,29757,1,FEASIBLE,WORSE
2194,2,23,93,27668,29608,1,FEASIBLE,WORSE
2195,2,23,94,27332,29303,1,FEASIBLE,WORSE
2196,2,23,95,29246,31180,0,CAPACITY_EXCEEDED,INVALID
2197,2,23,96,27535,29448,1,FEASIBLE,WORSE
2198,2,23,97,28412,30360,1,FEASIBLE,WORSE
2199,2,23,98,27716,29637,1,FEASIBLE,WORSE
2200,2,23,99,28816,30679,1,FEASIBLE,WORSE
2201,2,24,25,29587,31449,0,CAPACITY_EXCEEDED,INVALID
2202,2,24,26,29051,30916,0,CAPACITY_EXCEEDED,INVALID
2203,2,24,27,30097,31992,0,CAPACITY_EXCEEDED,INVALID
2204,2,24,28,30400,32282,0,CAPACITY_EXCEEDED,INVALID
2205,2,24,29,30453,32353,0,CAPACITY_EXCEEDED,INVALID
2206,2,24,30,29008,30906,1,FEASIBLE,WORSE
2207,2,24,31,28620,30490,1,FEASIBLE,WORSE
2208,2,24,32,29747,31609,0,CAPACITY_EXCEEDED,INVALID
2209,2,24,33,30292,32235,0,CAPACITY_EXCEEDED,INVALID
2210,2,24,34,30035,31913,0,CAPACITY_EXCEEDED,INVALID
2211,2,24,35,29471,31414,0,CAPACITY_EXCEEDED,INVALID
2212,2,24,36,30206,32108,0,CAPACITY_EXCEEDED,INVALID
2213,2,24,37,29087,31015,0,CAPACITY_EXCEEDED,INVALID
2214,2,24,38,30311,32239,0,CAPACITY_EXCEEDED,INVALID
2215,2,24,39,30155,32049,0,CAPACITY_EXCEEDED,INVALID
2216,2,24,40,29484,31392,0,CAPACITY_EXCEEDED,INVALID
2217,2,24,41,29980,31845,0,CAPACITY_EXCEEDED,INVALID
2218,2,24,42,30354,32232,0,CAPACITY_EXCEEDED,INVALID
2219,2,24,43,29242,31102,0,CAPACITY_EXCEEDED,INVALID
2220,2,24,44,29812,31710,0,CAPACITY_EXCEEDED,INVALID
2221,2,24,45,28615,30601,1,FEASIBLE,WORSE
2222,2,24,46,29294,31205,0,CAPACITY_EXCEEDED,INVALID
2223,2,24,47,28918,30808,1,FEASIBLE,WORSE
2224,2,24,48,29247,31121,0,CAPACITY_EXCEEDED,INVALID
2225,2,24,49,30454,32346,0,CAPACITY_EXCEEDED,INVALID
2226,2,24,50,28682,30605,1,FEASIBLE,WORSE
2227,2,24,51,29038,30902,0,CAPACITY_EXCEEDED,INVALID
2228,2,24,52,29567,31455,0,CAPACITY_EXCEEDED,INVALID
2229,2,24,53,29165,31088,0,CAPACITY_EXCEEDED,INVALID
2230,2,24,54,28978,30867,1,FEASIBLE,WORSE
2231,2,24,55,30419,32345,0,CAPACITY_EXCEEDED,INVALID
2232,2,24,56,29596,31504,0,CAPACITY_EXCEEDED,INVALID
2233,2,24,57,28934,30873,1,FEASIBLE,WORSE
2234,2,24,58,28779,30749,1,FEASIBLE,WORSE
2235,2,24,59,30034,31927,0,CAPACITY_EXCEEDED,INVALID
2236,2,24,60,28671,30635,1,FEASIBLE,WORSE
2237,2,24,61,30027,31967,0,CAPACITY_EXCEEDED,INVALID
2238,2,24,62,28522,30466,1,FEASIBLE,WORSE
2239,2,24,63,28882,30838,1,FEASIBLE,WORSE
2240,2,24,64,30074,31994,0,CAPACITY_EXCEEDED,INVALID
2241,2,24,65,29931,31860,0,CAPACITY_EXCEEDED,INVALID
2242,2,24,66,28889,30779,1,FEASIBLE,WORSE
2243,2,24,67,29871,31779,0,CAPACITY_EXCEEDED,INVALID
2244,2,24,68,28910,30856,1,FEASIBLE,WORSE
2245,2,24,69,29777,31637,0,CAPACITY_EXCEEDED,INVALID
2246,2,24,70,29296,31205,0,CAPACITY_EXCEEDED,INVALID
2247,2,24,71,29673,31598,0,CAPACITY_EXCEEDED,INVALID
2248,2,24,72,30099,31966,0,CAPACITY_EXCEEDED,INVALID
2249,2,24,73,30143,32057,0,CAPACITY_EXCEEDED,INVALID
2250,2,24,74,29963,31869,0,CAPACITY_EXCEEDED,INVALID
2251,2,24,75,29396,31262,0,CAPACITY_EXCEEDED,INVALID
2252,2,24,76,30244,32172,0,CAPACITY_EXCEEDED,INVALID
2253,2,24,77,30363,32278,0,CAPACITY_EXCEEDED,INVALID
2254,2,24,78,30410,32340,0,CAPACITY_EXCEEDED,INVALID
2255,2,24,79,28643,30511,1,FEASIBLE,WORSE
2256,2,24,80,28587,30518,1,FEASIBLE,WORSE
2257,2,24,81,28562,30496,1,FEASIBLE,WORSE
2258,2,24,82,28945,30860,1,FEASIBLE,WORSE
2259,2,24,83,29878,31813,0,CAPACITY_EXCEEDED,INVALID
2260,2,24,84,28780,30755,1,FEASIBLE,WORSE
2261,2,24,85,29210,31138,0,CAPACITY_EXCEEDED,INVALID
2262,2,24,86,30298,32156,0,CAPACITY_EXCEEDED,INVALID
2263,2,24,87,30336,32232,0,CAPACITY_EXCEEDED,INVALID
2264,2,24,88,30382,32307,0,CAPACITY_EXCEEDED,INVALID
2265,2,24,89,30076,31982,0,CAPACITY_EXCEEDED,INVALID
2266,2,24,90,28536,30466,1,FEASIBLE,WORSE
2267,2,24,91,30066,32000,0,CAPACITY_EXCEEDED,INVALID
2268,2,24,92,29035,30918,0,CAPACITY_EXCEEDED,INVALID
2269,2,24,93,28825,30769,1,FEASIBLE,WORSE
2270,2,24,94,28489,30464,1,FEASIBLE,WORSE
2271,2,24,95,30403,32341,0,CAPACITY_EXCEEDED,INVALID
2272,2,24,96,28692,30609,1,FEASIBLE,WORSE
2273,2,24,97,29569,31521,0,CAPACITY_EXCEEDED,INVALID
2274,2,24,98,28873,30798,1,FEASIBLE,WORSE
2275,2,24,99,29973,31840,0,CAPACITY_EXCEEDED,INVALID
2276,2,25,26,28679,30541,1,FEASIBLE,WORSE
2277,2,25,27,29725,31617,0,CAPACITY_EXCEEDED,INVALID
2278,2,25,28,30028,31907,0,CAPACITY_EXCEEDED,INVALID
2279,2,25,29,30081,31978,0,CAPACITY_EXCEEDED,INVALID
2280,2,25,30,28636,30531,1,FEASIBLE,WORSE
2281,2,25,31,28248,30115,1,FEASIBLE,WORSE
2282,2,25,32,29375,31234,0,CAPACITY_EXCEEDED,INVALID
2283,2,25,33,29920,31860,0,CAPACITY_EXCEEDED,INVALID
2284,2,25,34,29663,31538,0,CAPACITY_EXCEEDED,INVALID
2285,2,25,35,29099,31039,0,CAPACITY_EXCEEDED,INVALID
2286,2,25,36,29834,31733,0,CAPACITY_EXCEEDED,INVALID
2287,2,25,37,28715,30640,1,FEASIBLE,WORSE
2288,2,25,38,29939,31864,0,CAPACITY_EXCEEDED,INVALID
2289,2,25,39,29783,31674,0,CAPACITY_EXCEEDED,INVALID
2290,2,25,40,29112,31017,0,CAPACITY_EXCEEDED,INVALID
2291,2,25,41,29608,31470,0,CAPACITY_EXCEEDED,INVALID
2292,2,25,42,29982,31857,0,CAPACITY_EXCEEDED,INVALID
2293,2,25,43,28870,30727,1,FEASIBLE,WORSE
2294,2,25,44,29440,31335,0,CAPACITY_EXCEEDED,INVALID
2295,2,25,45,28243,30226,1,FEASIBLE,WORSE
2296,2,25,46,28922,30830,1,FEASIBLE,WORSE
2297,2,25,47,28546,30433,1,FEASIBLE,WORSE
2298,2,25,48,28875,30746,1,FEASIBLE,WORSE
2299,2,25,49,30082,31971,0,CAPACITY_EXCEEDED,INVALID
2300,2,25,50,28310,30230,1,FEASIBLE,WORSE
2301,2,25,51,28666,30527,1,FEASIBLE,WORSE
2302,2,25,52,29195,31080,0,CAPACITY_EXCEEDED,INVALID
2303,2,25,53,28793,30713,1,FEASIBLE,WORSE
2304,2,25,54,28606,30492,1,FEASIBLE,WORSE
2305,2,25,55,30047,31970,0,CAPACITY_EXCEEDED,INVALID
2306,2,25,56,29224,31129,0,CAPACITY_EXCEEDED,INVALID
2307,2,25,57,28562,30498,1,FEASIBLE,WORSE
2308,2,25,58,28407,30374,1,FEASIBLE,WORSE
2309,2,25,59,29662,31552,0,CAPACITY_EXCEEDED,INVALID
2310,2,25,60,28299,30260,1,FEASIBLE,WORSE
2311,2,25,61,29655,31592,0,CAPACITY_EXCEEDED,INVALID
2312,2,25,62,28150,30091,1,FEASIBLE,WORSE
2313,2,25,63,28510,30463,1,FEASIBLE,WORSE
2314,2,25,64,29702,31619,0,CAPACITY_EXCEEDED,INVALID
2315,2,25,65,29559,31485,0,CAPACITY_EXCEEDED,INVALID
2316,2,25,66,28517,30404,1,FEASIBLE,WORSE
2317,2,25,67,29499,31404,0,CAPACITY_EXCEEDED,INVALID
2318,2,25,68,28538,30481,1,FEASIBLE,WORSE
2319,2,25,69,29405,31262,0,CAPACITY_EXCEEDED,INVALID
2320,2,25,70,28924,30830,1,FEASIBLE,WORSE
2321,2,25,71,29301,31223,0,CAPACITY_EXCEEDED,INVALID
2322,2,25,72,29727,31591,0,CAPACITY_EXCEEDED,INVALID
2323,2,25,73,29771,31682,0,CAPACITY_EXCEEDED,INVALID
2324,2,25,74,29591,31494,0,CAPACITY_EXCEEDED,INVALID
2325,2,25,75,29024,30887,0,CAPACITY_EXCEEDED,INVALID
2326,2,25,76,29872,31797,0,CAPACITY_EXCEEDED,INVALID
2327,2,25,77,29991,31903,0,CAPACITY_EXCEEDED,INVALID
2328,2,25,78,30038,31965,0,CAPACITY_EXCEEDED,INVALID
2329,2,25,79,28271,30136,1,FEASIBLE,WORSE
2330,2,25,80,28215,30143,1,FEASIBLE,WORSE
2331,2,25,81,28190,30121,1,FEASIBLE,WORSE
2332,2,25,82,28573,30485,1,FEASIBLE,WORSE
2333,2,25,83,29506,31438,0,CAPACITY_EXCEEDED,INVALID
2334,2,25,84,28408,30380,1,FEASIBLE,WORSE
2335,2,25,85,28838,30763,1,FEASIBLE,WORSE
2336,2,25,86,29926,31781,0,CAPACITY_EXCEEDED,INVALID
2337,2,25,87,29964,31857,0,CAPACITY_EXCEEDED,INVALID
2338,2,25,88,30010,31932,0,CAPACITY_EXCEEDED,INVALID
2339,2,25,89,29704,31607,0,CAPACITY_EXCEEDED,INVALID
2340,2,25,90,28164,30091,1,FEASIBLE,WORSE
2341,2,25,91,29694,31625,0,CAPACITY_EXCEEDED,INVALID
2342,2,25,92,28663,30543,1,FEASIBLE,WORSE
2343,2,25,93,28453,30394,1,FEASIBLE,WORSE
2344,2,25,94,28117,30089,1,FEASIBLE,WORSE
2345,2,25,95,30031,31966,0,CAPACITY_EXCEEDED,INVALID
2346,2,25,96,28320,30234,1,FEASIBLE,WORSE
2347,2,25,97,29197,31146,0,CAPACITY_EXCEEDED,INVALID
2348,2,25,98,28501,30423,1,FEASIBLE,WORSE
2349,2,25,99,29601,31465,0,CAPACITY_EXCEEDED,INVALID
2350,2,26,27,29189,31084,0,CAPACITY_EXCEEDED,INVALID
2351,2,26,28,29492,31374,0,CAPACITY_EXCEEDED,INVALID
2352,2,26,29,29545,31445,0,CAPACITY_EXCEEDED,INVALID
2353,2,26,30,28100,29998,1,FEASIBLE,WORSE
2354,2,26,31,27712,29582,1,FEASIBLE,WORSE
2355,2,26,32,28839,30701,1,FEASIBLE,WORSE
2356,2,26,33,29384,31327,0,CAPACITY_EXCEEDED,INVALID
2357,2,26,34,29127,31005,0,CAPACITY_EXCEEDED,INVALID
2358,2,26,35,28563,30506,1,FEASIBLE,WORSE
2359,2,26,36,29298,31200,0,CAPACITY_EXCEEDED,INVALID
2360,2,26,37,28179,30107,1,FEASIBLE,WORSE
2361,2,26,38,29403,31331,0,CAPACITY_EXCEEDED,INVALID
2362,2,26,39,29247,31141,0,CAPACITY_EXCEEDED,INVALID
2363,2,26,40,28576,30484,1,FEASIBLE,WORSE
2364,2,26,41,29072,30937,0,CAPACITY_EXCEEDED,INVALID
2365,2,26,42,29446,31324,0,CAPACITY_EXCEEDED,INVALID
2366,2,26,43,28334,30194,1,FEASIBLE,WORSE
2367,2,26,44,28904,30802,1,FEASIBLE,WORSE
2368,2,26,45,27707,29693,1,FEASIBLE,WORSE
2369,2,26,46,28386,30297,1,FEASIBLE,WORSE
2370,2,26,47,28010,29900,1,FEASIBLE,WORSE
2371,2,26,48,28339,30213,1,FEASIBLE,WORSE
2372,2,26,49,29546,31438,0,CAPACITY_EXCEEDED,INVALID
2373,2,26,50,27774,29697,1,FEASIBLE,WORSE
2374,2,26,51,28130,29994,1,FEASIBLE,WORSE
2375,2,26,52,28659,30547,1,FEASIBLE,WORSE
2376,2,26,53,28257,30180,1,FEASIBLE,WORSE
2377,2,26,54,28070,29959,1,FEASIBLE,WORSE
2378,2,26,55,29511,31437,0,CAPACITY_EXCEEDED,INVALID
2379,2,26,56,28688,30596,1,FEASIBLE,WORSE
2380,2,26,57,28026,29965,1,FEASIBLE,WORSE
2381,2,26,58,27871,29841,1,FEASIBLE,WORSE
2382,2,26,59,29126,31019,0,CAPACITY_EXCEEDED,INVALID
2383,2,26,60,27763,29727,1,FEASIBLE,WORSE
2384,2,26,61,29119,31059,0,CAPACITY_EXCEEDED,INVALID
2385,2,26,62,27614,29558,1,FEASIBLE,WORSE
2386,2,26,63,27974,29930,1,FEASIBLE,WORSE
2387,2,26,64,29166,31086,0,CAPACITY_EXCEEDED,INVALID
2388,2,26,65,29023,30952,0,CAPACITY_EXCEEDED,INVALID
2389,2,26,66,27981,29871,1,FEASIBLE,WORSE
2390,2,26,67,28963,30871,1,FEASIBLE,WORSE
2391,2,26,68,28002,29948,1,FEASIBLE,WORSE
2392,2,26,69,28869,30729,1,FEASIBLE,WORSE
2393,2,26,70,28388,30297,1,FEASIBLE,WORSE
2394,2,26,71,28765,30690,1,FEASIBLE,WORSE
2395,2,26,72,29191,31058,0,CAPACITY_EXCEEDED,INVALID
2396,2,26,73,29235,31149,0,CAPACITY_EXCEEDED,INVALID
2397,2,26,74,29055,30961,0,CAPACITY_EXCEEDED,INVALID
2398,2,26,75,28488,30354,1,FEASIBLE,WORSE
2399,2,26,76,29336,31264,0,CAPACITY_EXCEEDED,INVALID
2400,2,26,77,29455,31370,0,CAPACITY_EXCEEDED,INVALID
2401,2,26,78,29502,31432,0,CAPACITY_EXCEEDED,INVALID
2402,2,26,79,27735,29603,1,FEASIBLE,WORSE
2403,2,26,80,27679,29610,1,FEASIBLE,WORSE
2404,2,26,81,27654,29588,1,FEASIBLE,WORSE
2405,2,26,82,28037,29952,1,FEASIBLE,WORSE
2406,2,26,83,28970,30905,1,FEASIBLE,WORSE
2407,2,26,84,27872,29847,1,FEASIBLE,WORSE
2408,2,26,85,28302,30230,1,FEASIBLE,WORSE
2409,2,26,86,29390,31248,0,CAPACITY_EXCEEDED,INVALID
2410,2,26,87,29428,31324,0,CAPACITY_EXCEEDED,INVALID
2411,2,26,88,29474,31399,0,CAPACITY_EXCEEDED,INVALID
2412,2,26,89,29168,31074,0,CAPACITY_EXCEEDED,INVALID
2413,2,26,90,27628,29558,1,FEASIBLE,WORSE
2414,2,26,91,29158,31092,0,CAPACITY_EXCEEDED,INVALID
2415,2,26,92,28127,30010,1,FEASIBLE,WORSE
2416,2,26,93,27917,29861,1,FEASIBLE,WORSE
2417,2,26,94,27581,29556,1,FEASIBLE,WORSE
2418,2,26,95,29495,31433,0,CAPACITY_EXCEEDED,INVALID
2419,2,26,96,27784,29701,1,FEASIBLE,WORSE
2420,2,26,97,28661,30613,1,FEASIBLE,WORSE
2421,2,26,98,27965,29890,1,FEASIBLE,WORSE
2422,2,26,99,29065,30932,0,CAPACITY_EXCEEDED,INVALID
2423,2,27,28,30538,32450,0,CAPACITY_EXCEEDED,INVALID
2424,2,27,29,30591,32521,0,CAPACITY_EXCEEDED,INVALID
2425,2,27,30,29146,31074,0,CAPACITY_EXCEEDED,INVALID
2426,2,27,31,28758,30658,1,FEASIBLE,WORSE
2427,2,27,32,29885,31777,0,CAPACITY_EXCEEDED,INVALID
2428,2,27,33,30430,32403,0,CAPACITY_EXCEEDED,INVALID
2429,2,27,34,30173,32081,0,CAPACITY_EXCEEDED,INVALID
2430,2,27,35,29609,31582,0,CAPACITY_EXCEEDED,INVALID
2431,2,27,36,30344,32276,0,CAPACITY_EXCEEDED,INVALID
2432,2,27,37,29225,31183,0,CAPACITY_EXCEEDED,INVALID
2433,2,27,38,30449,32407,0,CAPACITY_EXCEEDED,INVALID
2434,2,27,39,30293,32217,0,CAPACITY_EXCEEDED,INVALID
2435,2,27,40,29622,31560,0,CAPACITY_EXCEEDED,INVALID
2436,2,27,41,30118,32013,0,CAPACITY_EXCEEDED,INVALID
2437,2,27,42,30492,32400,0,CAPACITY_EXCEEDED,INVALID
2438,2,27,43,29380,31270,0,CAPACITY_EXCEEDED,INVALID
2439,2,27,44,29950,31878,0,CAPACITY_EXCEEDED,INVALID
2440,2,27,45,28753,30769,1,FEASIBLE,WORSE
2441,2,27,46,29432,31373,0,CAPACITY_EXCEEDED,INVALID
2442,2,27,47,29056,30976,0,CAPACITY_EXCEEDED,INVALID
2443,2,27,48,29385,31289,0,CAPACITY_EXCEEDED,INVALID
2444,2,27,49,30592,32514,0,CAPACITY_EXCEEDED,INVALID
2445,2,27,50,28820,30773,1,FEASIBLE,WORSE
2446,2,27,51,29176,31070,0,CAPACITY_EXCEEDED,INVALID
2447,2,27,52,29705,31623,0,CAPACITY_EXCEEDED,INVALID
2448,2,27,53,29303,31256,0,CAPACITY_EXCEEDED,INVALID
2449,2,27,54,29116,31035,0,CAPACITY_EXCEEDED,INVALID
2450,2,27,55,30557,32513,0,CAPACITY_EXCEEDED,INVALID
2451,2,27,56,29734,31672,0,CAPACITY_EXCEEDED,INVALID
2452,2,27,57,29072,31041,0,CAPACITY_EXCEEDED,INVALID
2453,2,27,58,28917,30917,1,FEASIBLE,WORSE
2454,2,27,59,30172,32095,0,CAPACITY_EXCEEDED,INVALID
2455,2,27,60,28809,30803,1,FEASIBLE,WORSE
2456,2,27,61,30165,32135,0,CAPACITY_EXCEEDED,INVALID
2457,2,27,62,28660,30634,1,FEASIBLE,WORSE
2458,2,27,63,29020,31006,0,CAPACITY_EXCEEDED,INVALID
2459,2,27,64,30212,32162,0,CAPACITY_EXCEEDED,INVALID
2460,2,27,65,30069,32028,0,CAPACITY_EXCEEDED,INVALID
2461,2,27,66,29027,30947,0,CAPACITY_EXCEEDED,INVALID
2462,2,27,67,30009,31947,0,CAPACITY_EXCEEDED,INVALID
2463,2,27,68,29048,31024,0,CAPACITY_EXCEEDED,INVALID
2464,2,27,69,29915,31805,0,CAPACITY_EXCEEDED,INVALID
2465,2,27,70,29434,31373,0,CAPACITY_EXCEEDED,INVALID
2466,2,27,71,29811,31766,0,CAPACITY_EXCEEDED,INVALID
2467,2,27,72,30237,32134,0,CAPACITY_EXCEEDED,INVALID
2468,2,27,73,30281,32225,0,CAPACITY_EXCEEDED,INVALID
2469,2,27,74,30101,32037,0,CAPACITY_EXCEEDED,INVALID
2470,2,27,75,29534,31430,0,CAPACITY_EXCEEDED,INVALID
2471,2,27,76,30382,32340,0,CAPACITY_EXCEEDED,INVALID
2472,2,27,77,30501,32446,0,CAPACITY_EXCEEDED,INVALID
2473,2,27,78,30548,32508,0,CAPACITY_EXCEEDED,INVALID
2474,2,27,79,28781,30679,1,FEASIBLE,WORSE
2475,2,27,80,28725,30686,1,FEASIBLE,WORSE
2476,2,27,81,28700,30664,1,FEASIBLE,WORSE
2477,2,27,82,29083,31028,0,CAPACITY_EXCEEDED,INVALID
2478,2,27,83,30016,31981,0,CAPACITY_EXCEEDED,INVALID
2479,2,27,84,28918,30923,1,FEASIBLE,WORSE
2480,2,27,85,29348,31306,0,CAPACITY_EXCEEDED,INVALID
2481,2,27,86,30436,32324,0,CAPACITY_EXCEEDED,INVALID
2482,2,27,87,30474,32400,0,CAPACITY_EXCEEDED,INVALID
2483,2,27,88,30520,32475,0,CAPACITY_EXCEEDED,INVALID
2484,2,27,89,30214,32150,0,CAPACITY_EXCEEDED,INVALID
2485,2,27,90,28674,30634,1,FEASIBLE,WORSE
2486,2,27,91,30204,32168,0,CAPACITY_EXCEEDED,INVALID
2487,2,27,92,29173,31086,0,CAPACITY_EXCEEDED,INVALID
2488,2,27,93,28963,30937,1,FEASIBLE,WORSE
2489,2,27,94,28627,30632,1,FEASIBLE,WORSE
2490,2,27,95,30541,32509,0,CAPACITY_EXCEEDED,INVALID
2491,2,27,96,28830,30777,1,FEASIBLE,WORSE
2492,2,27,97,29707,31689,0,CAPACITY_EXCEEDED,INVALID
2493,2,27,98,29011,30966,1,FEASIBLE,WORSE
2494,2,27,99,30111,32008,0,CAPACITY_EXCEEDED,INVALID
2495,2,28,29,30894,32811,0,CAPACITY_EXCEEDED,INVALID
2496,2,28,30,29449,31364,0,CAPACITY_EXCEEDED,INVALID
2497,2,28,31,29061,30948,0,CAPACITY_EXCEEDED,INVALID
2498,2,28,32,30188,32067,0,CAPACITY_EXCEEDED,INVALID
2499,2,28,33,30733,32693,0,CAPACITY_EXCEEDED,INVALID
2500,2,28,34,30476,32371,0,CAPACITY_EXCEEDED,INVALID
2501,2,28,35,29912,31872,0,CAPACITY_EXCEEDED,INVALID
2502,2,28,36,30647,32566,0,CAPACITY_EXCEEDED,INVALID
2503,2,28,37,29528,31473,0,CAPACITY_EXCEEDED,INVALID
2504,2,28,38,30752,32697,0,CAPACITY_EXCEEDED,INVALID
2505,2,28,39,30596,32507,0,CAPACITY_EXCEEDED,INVALID
2506,2,28,40,29925,31850,0,CAPACITY_EXCEEDED,INVALID
2507,2,28,41,30421,32303,0,CAPACITY_EXCEEDED,INVALID
2508,2,28,42,30795,32690,0,CAPACITY_EXCEEDED,INVALID
2509,2,28,43,29683,31560,0,CAPACITY_EXCEEDED,INVALID
2510,2,28,44,30253,32168,0,CAPACITY_EXCEEDED,INVALID
2511,2,28,45,29056,31059,0,CAPACITY_EXCEEDED,INVALID
2512,2,28,46,29735,31663,0,CAPACITY_EXCEEDED,INVALID
2513,2,28,47,29359,31266,0,CAPACITY_EXCEEDED,INVALID
2514,2,28,48,29688,31579,0,CAPACITY_EXCEEDED,INVALID
2515,2,28,49,30895,32804,0,CAPACITY_EXCEEDED,INVALID
2516,2,28,50,29123,31063,0,CAPACITY_EXCEEDED,INVALID
2517,2,28,51,29479,31360,0,CAPACITY_EXCEEDED,INVALID
2518,2,28,52,30008,31913,0,CAPACITY_EXCEEDED,INVALID
2519,2,28,53,29606,31546,0,CAPACITY_EXCEEDED,INVALID
2520,2,28,54,29419,31325,0,CAPACITY_EXCEEDED,INVALID
2521,2,28,55,30860,32803,0,CAPACITY_EXCEEDED,INVALID
2522,2,28,56,30037,31962,0,CAPACITY_EXCEEDED,INVALID
2523,2,28,57,29375,31331,0,CAPACITY_EXCEEDED,INVALID
2524,2,28,58,29220,31207,0,CAPACITY_EXCEEDED,INVALID
2525,2,28,59,30475,32385,0,CAPACITY_EXCEEDED,INVALID
2526,2,28,60,29112,31093,0,CAPACITY_EXCEEDED,INVALID
2527,2,28,61,30468,32425,0,CAPACITY_EXCEEDED,INVALID
2528,2,28,62,28963,30924,1,FEASIBLE,WORSE
2529,2,28,63,29323,31296,0,CAPACITY_EXCEEDED,INVALID
2530,2,28,64,30515,32452,0,CAPACITY_EXCEEDED,INVALID
2531,2,28,65,30372,32318,0,CAPACITY_EXCEEDED,INVALID
2532,2,28,66,29330,31237,0,CAPACITY_EXCEEDED,INVALID
2533,2,28,67,30312,32237,0,CAPACITY_EXCEEDED,INVALID
2534,2,28,68,29351,31314,0,CAPACITY_EXCEEDED,INVALID
2535,2,28,69,30218,32095,0,CAPACITY_EXCEEDED,INVALID
2536,2,28,70,29737,31663,0,CAPACITY_EXCEEDED,INVALID
2537,2,28,71,30114,32056,0,CAPACITY_EXCEEDED,INVALID
2538,2,28,72,30540,32424,0,CAPACITY_EXCEEDED,INVALID
2539,2,28,73,30584,32515,0,CAPACITY_EXCEEDED,INVALID
2540,2,28,74,30404,32327,0,CAPACITY_EXCEEDED,INVALID
2541,2,28,75,29837,31720,0,CAPACITY_EXCEEDED,INVALID
2542,2,28,76,30685,32630,0,CAPACITY_EXCEEDED,INVALID
2543,2,28,77,30804,32736,0,CAPACITY_EXCEEDED,INVALID
2544,2,28,78,30851,32798,0,CAPACITY_EXCEEDED,INVALID
2545,2,28,79,29084,30969,0,CAPACITY_EXCEEDED,INVALID
2546,2,28,80,29028,30976,0,CAPACITY_EXCEEDED,INVALID
2547,2,28,81,29003,30954,1,FEASIBLE,WORSE
2548,2,28,82,29386,31318,0,CAPACITY_EXCEEDED,INVALID
2549,2,28,83,30319,32271,0,CAPACITY_EXCEEDED,INVALID
2550,2,28,84,29221,31213,0,CAPACITY_EXCEEDED,INVALID
2551,2,28,85,29651,31596,0,CAPACITY_EXCEEDED,INVALID
2552,2,28,86,30739,32614,0,CAPACITY_EXCEEDED,INVALID
2553,2,28,87,30777,32690,0,CAPACITY_EXCEEDED,INVALID
2554,2,28,88,30823,32765,0,CAPACITY_EXCEEDED,INVALID
2555,2,28,89,30517,32440,0,CAPACITY_EXCEEDED,INVALID
2556,2,28,90,28977,30924,1,FEASIBLE,WORSE
2557,2,28,91,30507,32458,0,CAPACITY_EXCEEDED,INVALID
2558,2,28,92,29476,31376,0,CAPACITY_EXCEEDED,INVALID
2559,2,28,93,29266,31227,0,CAPACITY_EXCEEDED,INVALID
2560,2,28,94,28930,30922,1,FEASIBLE,WORSE
2561,2,28,95,30844,32799,0,CAPACITY_EXCEEDED,INVALID
2562,2,28,96,29133,31067,0,CAPACITY_EXCEEDED,INVALID
2563,2,28,97,30010,31979,0,CAPACITY_EXCEEDED,INVALID
2564,2,28,98,29314,31256,0,CAPACITY_EXCEEDED,INVALID
2565,2,28,99,30414,32298,0,CAPACITY_EXCEEDED,INVALID
2566,2,29,30,29502,31435,0,CAPACITY_EXCEEDED,INVALID
2567,2,29,31,29114,31019,0,CAPACITY_EXCEEDED,INVALID
2568,2,29,32,30241,32138,0,CAPACITY_EXCEEDED,INVALID
2569,2,29,33,30786,32764,0,CAPACITY_EXCEEDED,INVALID
2570,2,29,34,30529,32442,0,CAPACITY_EXCEEDED,INVALID
2571,2,29,35,29965,31943,0,CAPACITY_EXCEEDED,INVALID
2572,2,29,36,30700,32637,0,CAPACITY_EXCEEDED,INVALID
2573,2,29,37,29581,31544,0,CAPACITY_EXCEEDED,INVALID
2574,2,29,38,30805,32768,0,CAPACITY_EXCEEDED,INVALID
2575,2,29,39,30649,32578,0,CAPACITY_EXCEEDED,INVALID
2576,2,29,40,29978,31921,0,CAPACITY_EXCEEDED,INVALID
2577,2,29,41,30474,32374,0,CAPACITY_EXCEEDED,INVALID
2578,2,29,42,30848,32761,0,CAPACITY_EXCEEDED,INVALID
2579,2,29,43,29736,31631,0,CAPACITY_EXCEEDED,INVALID
2580,2,29,44,30306,32239,0,CAPACITY_EXCEEDED,INVALID
2581,2,29,45,29109,31130,0,CAPACITY_EXCEEDED,INVALID
2582,2,29,46,29788,31734,0,CAPACITY_EXCEEDED,INVALID
2583,2,29,47,29412,31337,0,CAPACITY_EXCEEDED,INVALID
2584,2,29,48,29741,31650,0,CAPACITY_EXCEEDED,INVALID
2585,2,29,49,30948,32875,0,CAPACITY_EXCEEDED,INVALID
2586,2,29,50,29176,31134,0,CAPACITY_EXCEEDED,INVALID
2587,2,29,51,29532,31431,0,CAPACITY_EXCEEDED,INVALID
2588,2,29,52,30061,31984,0,CAPACITY_EXCEEDED,INVALID
2589,2,29,53,29659,31617,0,CAPACITY_EXCEEDED,INVALID
2590,2,29,54,29472,31396,0,CAPACITY_EXCEEDED,INVALID
2591,2,29,55,30913,32874,0,CAPACITY_EXCEEDED,INVALID
2592,2,29,56,30090,32033,0,CAPACITY_EXCEEDED,INVALID
2593,2,29,57,29428,31402,0,CAPACITY_EXCEEDED,INVALID
2594,2,29,58,29273,31278,0,CAPACITY_EXCEEDED,INVALID
2595,2,29,59,30528,32456,0,CAPACITY_EXCEEDED,INVALID
2596,2,29,60,29165,31164,0,CAPACITY_EXCEEDED,INVALID
2597,2,29,61,30521,32496,0,CAPACITY_EXCEEDED,INVALID
2598,2,29,62,29016,30995,1,FEASIBLE,WORSE
2599,2,29,63,29376,31367,0,CAPACITY_EXCEEDED,INVALID
2600,2,29,64,30568,32523,0,CAPACITY_EXCEEDED,INVALID
2601,2,29,65,30425,32389,0,CAPACITY_EXCEEDED,INVALID
2602,2,29,66,29383,31308,0,CAPACITY_EXCEEDED,INVALID
2603,2,29,67,30365,32308,0,CAPACITY_EXCEEDED,INVALID
2604,2,29,68,29404,31385,0,CAPACITY_EXCEEDED,INVALID
2605,2,29,69,30271,32166,0,CAPACITY_EXCEEDED,INVALID
2606,2,29,70,29790,31734,0,CAPACITY_EXCEEDED,INVALID
2607,2,29,71,30167,32127,0,CAPACITY_EXCEEDED,INVALID
2608,2,29,72,30593,32495,0,CAPACITY_EXCEEDED,INVALID
2609,2,29,73,30637,32586,0,CAPACITY_EXCEEDED,INVALID
2610,2,29,74,30457,32398,0,CAPACITY_EXCEEDED,INVALID
2611,2,29,75,29890,31791,0,CAPACITY_EXCEEDED,INVALID
2612,2,29,76,30738,32701,0,CAPACITY_EXCEEDED,INVALID
2613,2,29,77,30857,32807,0,CAPACITY_EXCEEDED,INVALID
2614,2,29,78,30904,32869,0,CAPACITY_EXCEEDED,INVALID
2615,2,29,79,29137,31040,0,CAPACITY_EXCEEDED,INVALID
2616,2,29,80,29081,31047,0,CAPACITY_EXCEEDED,INVALID
2617,2,29,81,29056,31025,0,CAPACITY_EXCEEDED,INVALID
2618,2,29,82,29439,31389,0,CAPACITY_EXCEEDED,INVALID
2619,2,29,83,30372,32342,0,CAPACITY_EXCEEDED,INVALID
2620,2,29,84,29274,31284,0,CAPACITY_EXCEEDED,INVALID
2621,2,29,85,29704,31667,0,CAPACITY_EXCEEDED,INVALID
2622,2,29,86,30792,32685,0,CAPACITY_EXCEEDED,INVALID
2623,2,29,87,30830,32761,0,CAPACITY_EXCEEDED,INVALID
2624,2,29,88,30876,32836,0,CAPACITY_EXCEEDED,INVALID
2625,2,29,89,30570,32511,0,CAPACITY_EXCEEDED,INVALID
2626,2,29,90,29030,30995,0,CAPACITY_EXCEEDED,INVALID
2627,2,29,91,30560,32529,0,CAPACITY_EXCEEDED,INVALID
2628,2,29,92,29529,31447,0,CAPACITY_EXCEEDED,INVALID
2629,2,29,93,29319,31298,0,CAPACITY_EXCEEDED,INVALID
2630,2,29,94,28983,30993,1,FEASIBLE,WORSE
2631,2,29,95,30897,32870,0,CAPACITY_EXCEEDED,INVALID
2632,2,29,96,29186,31138,0,CAPACITY_EXCEEDED,INVALID
2633,2,29,97,30063,32050,0,CAPACITY_EXCEEDED,INVALID
2634,2,29,98,29367,31327,0,CAPACITY_EXCEEDED,INVALID
2635,2,29,99,30467,32369,0,CAPACITY_EXCEEDED,INVALID
2636,2,30,31,27669,29572,1,FEASIBLE,WORSE
2637,2,30,32,28796,30691,1,FEASIBLE,WORSE
2638,2,30,33,29341,31317,0,CAPACITY_EXCEEDED,INVALID
2639,2,30,34,29084,30995,0,CAPACITY_EXCEEDED,INVALID
2640,2,30,35,28520,30496,1,FEASIBLE,WORSE
2641,2,30,36,29255,31190,0,CAPACITY_EXCEEDED,INVALID
2642,2,30,37,28136,30097,1,FEASIBLE,WORSE
2643,2,30,38,29360,31321,0,CAPACITY_EXCEEDED,INVALID
2644,2,30,39,29204,31131,0,CAPACITY_EXCEEDED,INVALID
2645,2,30,40,28533,30474,1,FEASIBLE,WORSE
2646,2,30,41,29029,30927,0,CAPACITY_EXCEEDED,INVALID
2647,2,30,42,29403,31314,0,CAPACITY_EXCEEDED,INVALID
2648,2,30,43,28291,30184,1,FEASIBLE,WORSE
2649,2,30,44,28861,30792,1,FEASIBLE,WORSE
2650,2,30,45,27664,29683,1,FEASIBLE,WORSE
2651,2,30,46,28343,30287,1,FEASIBLE,WORSE
2652,2,30,47,27967,29890,1,FEASIBLE,WORSE
2653,2,30,48,28296,30203,1,FEASIBLE,WORSE
2654,2,30,49,29503,31428,0,CAPACITY_EXCEEDED,INVALID
2655,2,30,50,27731,29687,1,FEASIBLE,WORSE
2656,2,30,51,28087,29984,1,FEASIBLE,WORSE
2657,2,30,52,28616,30537,1,FEASIBLE,WORSE
2658,2,30,53,28214,30170,1,FEASIBLE,WORSE
2659,2,30,54,28027,29949,1,FEASIBLE,WORSE
2660,2,30,55,29468,31427,0,CAPACITY_EXCEEDED,INVALID
2661,2,30,56,28645,30586,1,FEASIBLE,WORSE
2662,2,30,57,27983,29955,1,FEASIBLE,WORSE
2663,2,30,58,27828,29831,1,FEASIBLE,WORSE
2664,2,30,59,29083,31009,0,CAPACITY_EXCEEDED,INVALID
2665,2,30,60,27720,29717,1,FEASIBLE,WORSE
2666,2,30,61,29076,31049,0,CAPACITY_EXCEEDED,INVALID
2667,2,30,62,27571,29548,1,FEASIBLE,WORSE
2668,2,30,63,27931,29920,1,FEASIBLE,WORSE
2669,2,30,64,29123,31076,0,CAPACITY_EXCEEDED,INVALID
2670,2,30,65,28980,30942,1,FEASIBLE,WORSE
2671,2,30,66,27938,29861,1,FEASIBLE,WORSE
2672,2,30,67,28920,30861,1,FEASIBLE,WORSE
2673,2,30,68,27959,29938,1,FEASIBLE,WORSE
2674,2,30,69,28826,30719,1,FEASIBLE,WORSE
2675,2,30,70,28345,30287,1,FEASIBLE,WORSE
2676,2,30,71,28722,30680,1,FEASIBLE,WORSE
2677,2,30,72,29148,31048,0,CAPACITY_EXCEEDED,INVALID
2678,2,30,73,29192,31139,0,CAPACITY_EXCEEDED,INVALID
2679,2,30,74,29012,30951,1,FEASIBLE,WORSE
2680,2,30,75,28445,30344,1,FEASIBLE,WORSE
2681,2,30,76,29293,31254,0,CAPACITY_EXCEEDED,INVALID
2682,2,30,77,29412,31360,0,CAPACITY_EXCEEDED,INVALID
2683,2,30,78,29459,31422,0,CAPACITY_EXCEEDED,INVALID
2684,2,30,79,27692,29593,1,FEASIBLE,WORSE
2685,2,30,80,27636,29600,1,FEASIBLE,WORSE
2686,2,30,81,27611,29578,1,FEASIBLE,WORSE
2687,2,30,82,27994,29942,1,FEASIBLE,WORSE
2688,2,30,83,28927,30895,1,FEASIBLE,WORSE
2689,2,30,84,27829,29837,1,FEASIBLE,WORSE
2690,2,30,85,28259,30220,1,FEASIBLE,WORSE
2691,2,30,86,29347,31238,0,CAPACITY_EXCEEDED,INVALID
2692,2,30,87,29385,31314,0,CAPACITY_EXCEEDED,INVALID
2693,2,30,88,29431,31389,0,CAPACITY_EXCEEDED,INVALID
2694,2,30,89,29125,31064,0,CAPACITY_EXCEEDED,INVALID
2695,2,30,90,27585,29548,1,FEASIBLE,WORSE
2696,2,30,91,29115,31082,0,CAPACITY_EXCEEDED,INVALID
2697,2,30,92,28084,30000,1,FEASIBLE,WORSE
2698,2,30,93,27874,29851,1,FEASIBLE,WORSE
2699,2,30,94,27538,29546,1,FEASIBLE,WORSE
2700,2,30,95,29452,31423,0,CAPACITY_EXCEEDED,INVALID
2701,2,30,96,27741,29691,1,FEASIBLE,WORSE
2702,2,30,97,28618,30603,1,FEASIBLE,WORSE
2703,2,30,98,27922,29880,1,FEASIBLE,WORSE
2704,2,30,99,29022,30922,0,CAPACITY_EXCEEDED,INVALID
2705,2,31,32,28408,30275,1,FEASIBLE,WORSE
2706,2,31,33,28953,30901,1,FEASIBLE,WORSE
2707,2,31,34,28696,30579,1,FEASIBLE,WORSE
2708,2,31,35,28132,30080,1,FEASIBLE,WORSE
2709,2,31,36,28867,30774,1,FEASIBLE,WORSE
2710,2,31,37,27748,29681,1,FEASIBLE,WORSE
2711,2,31,38,28972,30905,1,FEASIBLE,WORSE
2712,2,31,39,28816,30715,1,FEASIBLE,WORSE
2713,2,31,40,28145,30058,1,FEASIBLE,WORSE
2714,2,31,41,28641,30511,1,FEASIBLE,WORSE
2715,2,31,42,29015,30898,1,FEASIBLE,WORSE
2716,2,31,43,27903,29768,1,FEASIBLE,WORSE
2717,2,31,44,28473,30376,1,FEASIBLE,WORSE
2718,2,31,45,27276,29267,1,FEASIBLE,WORSE
2719,2,31,46,27955,29871,1,FEASIBLE,WORSE
2720,2,31,47,27579,29474,1,FEASIBLE,WORSE
2721,2,31,48,27908,29787,1,FEASIBLE,WORSE
2722,2,31,49,29115,31012,0,CAPACITY_EXCEEDED,INVALID
2723,2,31,50,27343,29271,1,FEASIBLE,WORSE
2724,2,31,51,27699,29568,1,FEASIBLE,WORSE
2725,2,31,52,28228,30121,1,FEASIBLE,WORSE
2726,2,31,53,27826,29754,1,FEASIBLE,WORSE
2727,2,31,54,27639,29533,1,FEASIBLE,WORSE
2728,2,31,55,29080,31011,0,CAPACITY_EXCEEDED,INVALID
2729,2,31,56,28257,30170,1,FEASIBLE,WORSE
2730,2,31,57,27595,29539,1,FEASIBLE,WORSE
2731,2,31,58,27440,29415,1,FEASIBLE,WORSE
2732,2,31,59,28695,30593,1,FEASIBLE,WORSE
2733,2,31,60,27332,29301,1,FEASIBLE,WORSE
2734,2,31,61,28688,30633,1,FEASIBLE,WORSE
2735,2,31,62,27183,29132,1,FEASIBLE,WORSE
2736,2,31,63,27543,29504,1,FEASIBLE,WORSE
2737,2,31,64,28735,30660,1,FEASIBLE,WORSE
2738,2,31,65,28592,30526,1,FEASIBLE,WORSE
2739,2,31,66,27550,29445,1,FEASIBLE,WORSE
2740,2,31,67,28532,30445,1,FEASIBLE,WORSE
2741,2,31,68,27571,29522,1,FEASIBLE,WORSE
2742,2,31,69,28438,30303,1,FEASIBLE,WORSE
2743,2,31,70,27957,29871,1,FEASIBLE,WORSE
2744,2,31,71,28334,30264,1,FEASIBLE,WORSE
2745,2,31,72,28760,30632,1,FEASIBLE,WORSE
2746,2,31,73,28804,30723,1,FEASIBLE,WORSE
2747,2,31,74,28624,30535,1,FEASIBLE,WORSE
2748,2,31,75,28057,29928,1,FEASIBLE,WORSE
2749,2,31,76,28905,30838,1,FEASIBLE,WORSE
2750,2,31,77,29024,30944,0,CAPACITY_EXCEEDED,INVALID
2751,2,31,78,29071,31006,0,CAPACITY_EXCEEDED,INVALID
2752,2,31,79,27304,29177,1,FEASIBLE,WORSE
2753,2,31,80,27248,29184,1,FEASIBLE,WORSE
2754,2,31,81,27223,29162,1,FEASIBLE,WORSE
2755,2,31,82,27606,29526,1,FEASIBLE,WORSE
2756,2,31,83,28539,30479,1,FEASIBLE,WORSE
2757,2,31,84,27441,29421,1,FEASIBLE,WORSE
2758,2,31,85,27871,29804,1,FEASIBLE,WORSE
2759,2,31,86,28959,30822,1,FEASIBLE,WORSE
2760,2,31,87,28997,30898,1,FEASIBLE,WORSE
2761,2,31,88,29043,30973,0,CAPACITY_EXCEEDED,INVALID
2762,2,31,89,28737,30648,1,FEASIBLE,WORSE
2763,2,31,90,27197,29132,1,FEASIBLE,WORSE
2764,2,31,91,28727,30666,1,FEASIBLE,WORSE
2765,2,31,92,27696,29584,1,FEASIBLE,WORSE
2766,2,31,93,27486,29435,1,FEASIBLE,WORSE
2767,2,31,94,27150,29130,1,FEASIBLE,WORSE
2768,2,31,95,29064,31007,0,CAPACITY_EXCEEDED,INVALID
2769,2,31,96,27353,29275,1,FEASIBLE,WORSE
2770,2,31,97,28230,30187,1,FEASIBLE,WORSE
2771,2,31,98,27534,29464,1,FEASIBLE,WORSE
2772,2,31,99,28634,30506,1,FEASIBLE,WORSE
2773,2,32,33,30080,32020,0,CAPACITY_EXCEEDED,INVALID
2774,2,32,34,29823,31698,0,CAPACITY_EXCEEDED,INVALID
2775,2,32,35,29259,31199,0,CAPACITY_EXCEEDED,INVALID
2776,2,32,36,29994,31893,0,CAPACITY_EXCEEDED,INVALID
2777,2,32,37,28875,30800,1,FEASIBLE,WORSE
2778,2,32,38,30099,32024,0,CAPACITY_EXCEEDED,INVALID
2779,2,32,39,29943,31834,0,CAPACITY_EXCEEDED,INVALID
2780,2,32,40,29272,31177,0,CAPACITY_EXCEEDED,INVALID
2781,2,32,41,29768,31630,0,CAPACITY_EXCEEDED,INVALID
2782,2,32,42,30142,32017,0,CAPACITY_EXCEEDED,INVALID
2783,2,32,43,29030,30887,0,CAPACITY_EXCEEDED,INVALID
2784,2,32,44,29600,31495,0,CAPACITY_EXCEEDED,INVALID
2785,2,32,45,28403,30386,1,FEASIBLE,WORSE
2786,2,32,46,29082,30990,0,CAPACITY_EXCEEDED,INVALID
2787,2,32,47,28706,30593,1,FEASIBLE,WORSE
2788,2,32,48,29035,30906,0,CAPACITY_EXCEEDED,INVALID
2789,2,32,49,30242,32131,0,CAPACITY_EXCEEDED,INVALID
2790,2,32,50,28470,30390,1,FEASIBLE,WORSE
2791,2,32,51,28826,30687,1,FEASIBLE,WORSE
2792,2,32,52,29355,31240,0,CAPACITY_EXCEEDED,INVALID
2793,2,32,53,28953,30873,1,FEASIBLE,WORSE
2794,2,32,54,28766,30652,1,FEASIBLE,WORSE
2795,2,32,55,30207,32130,0,CAPACITY_EXCEEDED,INVALID
2796,2,32,56,29384,31289,0,CAPACITY_EXCEEDED,INVALID
2797,2,32,57,28722,30658,1,FEASIBLE,WORSE
2798,2,32,58,28567,30534,1,FEASIBLE,WORSE
2799,2,32,59,29822,31712,0,CAPACITY_EXCEEDED,INVALID
2800,2,32,60,28459,30420,1,FEASIBLE,WORSE
2801,2,32,61,29815,31752,0,CAPACITY_EXCEEDED,INVALID
2802,2,32,62,28310,30251,1,FEASIBLE,WORSE
2803,2,32,63,28670,30623,1,FEASIBLE,WORSE
2804,2,32,64,29862,31779,0,CAPACITY_EXCEEDED,INVALID
2805,2,32,65,29719,31645,0,CAPACITY_EXCEEDED,INVALID
2806,2,32,66,28677,30564,1,FEASIBLE,WORSE
2807,2,32,67,29659,31564,0,CAPACITY_EXCEEDED,INVALID
2808,2,32,68,28698,30641,1,FEASIBLE,WORSE
2809,2,32,69,29565,31422,0,CAPACITY_EXCEEDED,INVALID
2810,2,32,70,29084,30990,0,CAPACITY_EXCEEDED,INVALID
2811,2,32,71,29461,31383,0,CAPACITY_EXCEEDED,INVALID
2812,2,32,72,29887,31751,0,CAPACITY_EXCEEDED,INVALID
2813,2,32,73,29931,31842,0,CAPACITY_EXCEEDED,INVALID
2814,2,32,74,29751,31654,0,CAPACITY_EXCEEDED,INVALID
2815,2,32,75,29184,31047,0,CAPACITY_EXCEEDED,INVALID
2816,2,32,76,30032,31957,0,CAPACITY_EXCEEDED,INVALID
2817,2,32,77,30151,32063,0,CAPACITY_EXCEEDED,INVALID
2818,2,32,78,30198,32125,0,CAPACITY_EXCEEDED,INVALID
2819,2,32,79,28431,30296,1,FEASIBLE,WORSE
2820,2,32,80,28375,30303,1,FEASIBLE,WORSE
2821,2,32,81,28350,30281,1,FEASIBLE,WORSE
2822,2,32,82,28733,30645,1,FEASIBLE,WORSE
2823,2,32,83,29666,31598,0,CAPACITY_EXCEEDED,INVALID
2824,2,32,84,28568,30540,1,FEASIBLE,WORSE
2825,2,32,85,28998,30923,1,FEASIBLE,WORSE
2826,2,32,86,30086,31941,0,CAPACITY_EXCEEDED,INVALID
2827,2,32,87,30124,32017,0,CAPACITY_EXCEEDED,INVALID
2828,2,32,88,30170,32092,0,CAPACITY_EXCEEDED,INVALID
2829,2,32,89,29864,31767,0,CAPACITY_EXCEEDED,INVALID
2830,2,32,90,28324,30251,1,FEASIBLE,WORSE
2831,2,32,91,29854,31785,0,CAPACITY_EXCEEDED,INVALID
2832,2,32,92,28823,30703,1,FEASIBLE,WORSE
2833,2,32,93,28613,30554,1,FEASIBLE,WORSE
2834,2,32,94,28277,30249,1,FEASIBLE,WORSE
2835,2,32,95,30191,32126,0,CAPACITY_EXCEEDED,INVALID
2836,2,32,96,28480,30394,1,FEASIBLE,WORSE
2837,2,32,97,29357,31306,0,CAPACITY_EXCEEDED,INVALID
2838,2,32,98,28661,30583,1,FEASIBLE,WORSE
2839,2,32,99,29761,31625,0,CAPACITY_EXCEEDED,INVALID
2840,2,33,34,30368,32324,0,CAPACITY_EXCEEDED,INVALID
2841,2,33,35,29804,31825,0,CAPACITY_EXCEEDED,INVALID
2842,2,33,36,30539,32519,0,CAPACITY_EXCEEDED,INVALID
2843,2,33,37,29420,31426,0,CAPACITY_EXCEEDED,INVALID
2844,2,33,38,30644,32650,0,CAPACITY_EXCEEDED,INVALID
2845,2,33,39,30488,32460,0,CAPACITY_EXCEEDED,INVALID
2846,2,33,40,29817,31803,0,CAPACITY_EXCEEDED,INVALID
2847,2,33,41,30313,32256,0,CAPACITY_EXCEEDED,INVALID
2848,2,33,42,30687,32643,0,CAPACITY_EXCEEDED,INVALID
2849,2,33,43,29575,31513,0,CAPACITY_EXCEEDED,INVALID
2850,2,33,44,30145,32121,0,CAPACITY_EXCEEDED,INVALID
2851,2,33,45,28948,31012,1,FEASIBLE,WORSE
2852,2,33,46,29627,31616,0,CAPACITY_EXCEEDED,INVALID
2853,2,33,47,29251,31219,0,CAPACITY_EXCEEDED,INVALID
2854,2,33,48,29580,31532,0,CAPACITY_EXCEEDED,INVALID
2855,2,33,49,30787,32757,0,CAPACITY_EXCEEDED,INVALID
2856,2,33,50,29015,31016,1,FEASIBLE,WORSE
2857,2,33,51,29371,31313,0,CAPACITY_EXCEEDED,INVALID
2858,2,33,52,29900,31866,0,CAPACITY_EXCEEDED,INVALID
2859,2,33,53,29498,31499,0,CAPACITY_EXCEEDED,INVALID
2860,2,33,54,29311,31278,0,CAPACITY_EXCEEDED,INVALID
2861,2,33,55,30752,32756,0,CAPACITY_EXCEEDED,INVALID
2862,2,33,56,29929,31915,0,CAPACITY_EXCEEDED,INVALID
2863,2,33,57,29267,31284,0,CAPACITY_EXCEEDED,INVALID
2864,2,33,58,29112,31160,0,CAPACITY_EXCEEDED,INVALID
2865,2,33,59,30367,32338,0,CAPACITY_EXCEEDED,INVALID
2866,2,33,60,29004,31046,1,FEASIBLE,WORSE
2867,2,33,61,30360,32378,0,CAPACITY_EXCEEDED,INVALID
2868,2,33,62,28855,30877,1,FEASIBLE,WORSE
2869,2,33,63,29215,31249,0,CAPACITY_EXCEEDED,INVALID
2870,2,33,64,30407,32405,0,CAPACITY_EXCEEDED,INVALID
2871,2,33,65,30264,32271,0,CAPACITY_EXCEEDED,INVALID
2872,2,33,66,29222,31190,0,CAPACITY_EXCEEDED,INVALID
2873,2,33,67,30204,32190,0,CAPACITY_EXCEEDED,INVALID
2874,2,33,68,29243,31267,0,CAPACITY_EXCEEDED,INVALID
2875,2,33,69,30110,32048,0,CAPACITY_EXCEEDED,INVALID
2876,2,33,70,29629,31616,0,CAPACITY_EXCEEDED,INVALID
2877,2,33,71,30006,32009,0,CAPACITY_EXCEEDED,INVALID
2878,2,33,72,30432,32377,0,CAPACITY_EXCEEDED,INVALID
2879,2,33,73,30476,32468,0,CAPACITY_EXCEEDED,INVALID
2880,2,33,74,30296,32280,0,CAPACITY_EXCEEDED,INVALID
2881,2,33,75,29729,31673,0,CAPACITY_EXCEEDED,INVALID
2882,2,33,76,30577,32583,0,CAPACITY_EXCEEDED,INVALID
2883,2,33,77,30696,32689,0,CAPACITY_EXCEEDED,INVALID
2884,2,33,78,30743,32751,0,CAPACITY_EXCEEDED,INVALID
2885,2,33,79,28976,30922,1,FEASIBLE,WORSE
2886,2,33,80,28920,30929,1,FEASIBLE,WORSE
2887,2,33,81,28895,30907,1,FEASIBLE,WORSE
2888,2,33,82,29278,31271,0,CAPACITY_EXCEEDED,INVALID
2889,2,33,83,30211,32224,0,CAPACITY_EXCEEDED,INVALID
2890,2,33,84,29113,31166,0,CAPACITY_EXCEEDED,INVALID
2891,2,33,85,29543,31549,0,CAPACITY_EXCEEDED,INVALID
2892,2,33,86,30631,32567,0,CAPACITY_EXCEEDED,INVALID
2893,2,33,87,30669,32643,0,CAPACITY_EXCEEDED,INVALID
2894,2,33,88,30715,32718,0,CAPACITY_EXCEEDED,INVALID
2895,2,33,89,30409,32393,0,CAPACITY_EXCEEDED,INVALID
2896,2,33,90,28869,30877,1,FEASIBLE,WORSE
2897,2,33,91,30399,32411,0,CAPACITY_EXCEEDED,INVALID
2898,2,33,92,29368,31329,0,CAPACITY_EXCEEDED,INVALID
2899,2,33,93,29158,31180,0,CAPACITY_EXCEEDED,INVALID
2900,2,33,94,28822,30875,1,FEASIBLE,WORSE
2901,2,33,95,30736,32752,0,CAPACITY_EXCEEDED,INVALID
2902,2,33,96,29025,31020,0,CAPACITY_EXCEEDED,INVALID
2903,2,33,97,29902,31932,0,CAPACITY_EXCEEDED,INVALID
2904,2,33,98,29206,31209,0,CAPACITY_EXCEEDED,INVALID
2905,2,33,99,30306,32251,0,CAPACITY_EXCEEDED,INVALID
2906,2,34,35,29547,31503,0,CAPACITY_EXCEEDED,INVALID
2907,2,34,36,30282,32197,0,CAPACITY_EXCEEDED,INVALID
2908,2,34,37,29163,31104,0,CAPACITY_EXCEEDED,INVALID
2909,2,34,38,30387,32328,0,CAPACITY_EXCEEDED,INVALID
2910,2,34,39,30231,32138,0,CAPACITY_EXCEEDED,INVALID
2911,2,34,40,29560,31481,0,CAPACITY_EXCEEDED,INVALID
2912,2,34,41,30056,31934,0,CAPACITY_EXCEEDED,INVALID
2913,2,34,42,30430,32321,0,CAPACITY_EXCEEDED,INVALID
2914,2,34,43,29318,31191,0,CAPACITY_EXCEEDED,INVALID
2915,2,34,44,29888,31799,0,CAPACITY_EXCEEDED,INVALID
2916,2,34,45,28691,30690,1,FEASIBLE,WORSE
2917,2,34,46,29370,31294,0,CAPACITY_EXCEEDED,INVALID
2918,2,34,47,28994,30897,1,FEASIBLE,WORSE
2919,2,34,48,29323,31210,0,CAPACITY_EXCEEDED,INVALID
2920,2,34,49,30530,32435,0,CAPACITY_EXCEEDED,INVALID
2921,2,34,50,28758,30694,1,FEASIBLE,WORSE
2922,2,34,51,29114,30991,0,CAPACITY_EXCEEDED,INVALID
2923,2,34,52,29643,31544,0,CAPACITY_EXCEEDED,INVALID
2924,2,34,53,29241,31177,0,CAPACITY_EXCEEDED,INVALID
2925,2,34,54,29054,30956,0,CAPACITY_EXCEEDED,INVALID
2926,2,34,55,30495,32434,0,CAPACITY_EXCEEDED,INVALID
2927,2,34,56,29672,31593,0,CAPACITY_EXCEEDED,INVALID
2928,2,34,57,29010,30962,1,FEASIBLE,WORSE
2929,2,34,58,28855,30838,1,FEASIBLE,WORSE
2930,2,34,59,30110,32016,0,CAPACITY_EXCEEDED,INVALID
2931,2,34,60,28747,30724,1,FEASIBLE,WORSE
2932,2,34,61,30103,32056,0,CAPACITY_EXCEEDED,INVALID
2933,2,34,62,28598,30555,1,FEASIBLE,WORSE
2934,2,34,63,28958,30927,1,FEASIBLE,WORSE
2935,2,34,64,30150,32083,0,CAPACITY_EXCEEDED,INVALID
2936,2,34,65,30007,31949,0,CAPACITY_EXCEEDED,INVALID
2937,2,34,66,28965,30868,1,FEASIBLE,WORSE
2938,2,34,67,29947,31868,0,CAPACITY_EXCEEDED,INVALID
2939,2,34,68,28986,30945,1,FEASIBLE,WORSE
2940,2,34,69,29853,31726,0,CAPACITY_EXCEEDED,INVALID
2941,2,34,70,29372,31294,0,CAPACITY_EXCEEDED,INVALID
2942,2,34,71,29749,31687,0,CAPACITY_EXCEEDED,INVALID
2943,2,34,72,30175,32055,0,CAPACITY_EXCEEDED,INVALID
2944,2,34,73,30219,32146,0,CAPACITY_EXCEEDED,INVALID
2945,2,34,74,30039,31958,0,CAPACITY_EXCEEDED,INVALID
2946,2,34,75,29472,31351,0,CAPACITY_EXCEEDED,INVALID
2947,2,34,76,30320,32261,0,CAPACITY_EXCEEDED,INVALID
2948,2,34,77,30439,32367,0,CAPACITY_EXCEEDED,INVALID
2949,2,34,78,30486,32429,0,CAPACITY_EXCEEDED,INVALID
2950,2,34,79,28719,30600,1,FEASIBLE,WORSE
2951,2,34,80,28663,30607,1,FEASIBLE,WORSE
2952,2,34,81,28638,30585,1,FEASIBLE,WORSE
2953,2,34,82,29021,30949,0,CAPACITY_EXCEEDED,INVALID
2954,2,34,83,29954,31902,0,CAPACITY_EXCEEDED,INVALID
2955,2,34,84,28856,30844,1,FEASIBLE,WORSE
2956,2,34,85,29286,31227,0,CAPACITY_EXCEEDED,INVALID
2957,2,34,86,30374,32245,0,CAPACITY_EXCEEDED,INVALID
2958,2,34,87,30412,32321,0,CAPACITY_EXCEEDED,INVALID
2959,2,34,88,30458,32396,0,CAPACITY_EXCEEDED,INVALID
2960,2,34,89,30152,32071,0,CAPACITY_EXCEEDED,INVALID
2961,2,34,90,28612,30555,1,FEASIBLE,WORSE
2962,2,34,91,30142,32089,0,CAPACITY_EXCEEDED,INVALID
2963,2,34,92,29111,31007,0,CAPACITY_EXCEEDED,INVALID
2964,2,34,93,28901,30858,1,FEASIBLE,WORSE
2965,2,34,94,28565,30553,1,FEASIBLE,WORSE
2966,2,34,95,30479,32430,0,CAPACITY_EXCEEDED,INVALID
2967,2,34,96,28768,30698,1,FEASIBLE,WORSE
2968,2,34,97,29645,31610,0,CAPACITY_EXCEEDED,INVALID
2969,2,34,98,28949,30887,1,FEASIBLE,WORSE
2970,2,34,99,30049,31929,0,CAPACITY_EXCEEDED,INVALID
2971,2,35,36,29718,31698,0,CAPACITY_EXCEEDED,INVALID
2972,2,35,37,28599,30605,1,FEASIBLE,WORSE
2973,2,35,38,29823,31829,0,CAPACITY_EXCEEDED,INVALID
2974,2,35,39,29667,31639,0,CAPACITY_EXCEEDED,INVALID
2975,2,35,40,28996,30982,1,FEASIBLE,WORSE
2976,2,35,41,29492,31435,0,CAPACITY_EXCEEDED,INVALID
2977,2,35,42,29866,31822,0,CAPACITY_EXCEEDED,INVALID
2978,2,35,43,28754,30692,1,FEASIBLE,WORSE
2979,2,35,44,29324,31300,0,CAPACITY_EXCEEDED,INVALID
2980,2,35,45,28127,30191,1,FEASIBLE,WORSE
2981,2,35,46,28806,30795,1,FEASIBLE,WORSE
2982,2,35,47,28430,30398,1,FEASIBLE,WORSE
2983,2,35,48,28759,30711,1,FEASIBLE,WORSE
2984,2,35,49,29966,31936,0,CAPACITY_EXCEEDED,INVALID
2985,2,35,50,28194,30195,1,FEASIBLE,WORSE
2986,2,35,51,28550,30492,1,FEASIBLE,WORSE
2987,2,35,52,29079,31045,0,CAPACITY_EXCEEDED,INVALID
2988,2,35,53,28677,30678,1,FEASIBLE,WORSE
2989,2,35,54,28490,30457,1,FEASIBLE,WORSE
2990,2,35,55,29931,31935,0,CAPACITY_EXCEEDED,INVALID
2991,2,35,56,29108,31094,0,CAPACITY_EXCEEDED,INVALID
2992,2,35,57,28446,30463,1,FEASIBLE,WORSE
2993,2,35,58,28291,30339,1,FEASIBLE,WORSE
2994,2,35,59,29546,31517,0,CAPACITY_EXCEEDED,INVALID
2995,2,35,60,28183,30225,1,FEASIBLE,WORSE
2996,2,35,61,29539,31557,0,CAPACITY_EXCEEDED,INVALID
2997,2,35,62,28034,30056,1,FEASIBLE,WORSE
2998,2,35,63,28394,30428,1,FEASIBLE,WORSE
2999,2,35,64,29586,31584,0,CAPACITY_EXCEEDED,INVALID
3000,2,35,65,29443,31450,0,CAPACITY_EXCEEDED,INVALID
3001,2,35,66,28401,30369,1,FEASIBLE,WORSE
3002,2,35,67,29383,31369,0,CAPACITY_EXCEEDED,INVALID
3003,2,35,68,28422,30446,1,FEASIBLE,WORSE
3004,2,35,69,29289,31227,0,CAPACITY_EXCEEDED,INVALID
3005,2,35,70,28808,30795,1,FEASIBLE,WORSE
3006,2,35,71,29185,31188,0,CAPACITY_EXCEEDED,INVALID
3007,2,35,72,29611,31556,0,CAPACITY_EXCEEDED,INVALID
3008,2,35,73,29655,31647,0,CAPACITY_EXCEEDED,INVALID
3009,2,35,74,29475,31459,0,CAPACITY_EXCEEDED,INVALID
3010,2,35,75,28908,30852,1,FEASIBLE,WORSE
3011,2,35,76,29756,31762,0,CAPACITY_EXCEEDED,INVALID
3012,2,35,77,29875,31868,0,CAPACITY_EXCEEDED,INVALID
3013,2,35,78,29922,31930,0,CAPACITY_EXCEEDED,INVALID
3014,2,35,79,28155,30101,1,FEASIBLE,WORSE
3015,2,35,80,28099,30108,1,FEASIBLE,WORSE
3016,2,35,81,28074,30086,1,FEASIBLE,WORSE
3017,2,35,82,28457,30450,1,FEASIBLE,WORSE
3018,2,35,83,29390,31403,0,CAPACITY_EXCEEDED,INVALID
3019,2,35,84,28292,30345,1,FEASIBLE,WORSE
3020,2,35,85,28722,30728,1,FEASIBLE,WORSE
3021,2,35,86,29810,31746,0,CAPACITY_EXCEEDED,INVALID
3022,2,35,87,29848,31822,0,CAPACITY_EXCEEDED,INVALID
3023,2,35,88,29894,31897,0,CAPACITY_EXCEEDED,INVALID
3024,2,35,89,29588,31572,0,CAPACITY_EXCEEDED,INVALID
3025,2,35,90,28048,30056,1,FEASIBLE,WORSE
3026,2,35,91,29578,31590,0,CAPACITY_EXCEEDED,INVALID
3027,2,35,92,28547,30508,1,FEASIBLE,WORSE
3028,2,35,93,28337,30359,1,FEASIBLE,WORSE
3029,2,35,94,28001,30054,1,FEASIBLE,WORSE
3030,2,35,95,29915,31931,0,CAPACITY_EXCEEDED,INVALID
3031,2,35,96,28204,30199,1,FEASIBLE,WORSE
3032,2,35,97,29081,31111,0,CAPACITY_EXCEEDED,INVALID
3033,2,35,98,28385,30388,1,FEASIBLE,WORSE
3034,2,35,99,29485,31430,0,CAPACITY_EXCEEDED,INVALID
3035,2,36,37,29334,31299,0,CAPACITY_EXCEEDED,INVALID
3036,2,36,38,30558,32523,0,CAPACITY_EXCEEDED,INVALID
3037,2,36,39,30402,32333,0,CAPACITY_EXCEEDED,INVALID
3038,2,36,40,29731,31676,0,CAPACITY_EXCEEDED,INVALID
3039,2,36,41,30227,32129,0,CAPACITY_EXCEEDED,INVALID
3040,2,36,42,30601,32516,0,CAPACITY_EXCEEDED,INVALID
3041,2,36,43,29489,31386,0,CAPACITY_EXCEEDED,INVALID
3042,2,36,44,30059,31994,0,CAPACITY_EXCEEDED,INVALID
3043,2,36,45,28862,30885,1,FEASIBLE,WORSE
3044,2,36,46,29541,31489,0,CAPACITY_EXCEEDED,INVALID
3045,2,36,47,29165,31092,0,CAPACITY_EXCEEDED,INVALID
3046,2,36,48,29494,31405,0,CAPACITY_EXCEEDED,INVALID
3047,2,36,49,30701,32630,0,CAPACITY_EXCEEDED,INVALID
3048,2,36,50,28929,30889,1,FEASIBLE,WORSE
3049,2,36,51,29285,31186,0,CAPACITY_EXCEEDED,INVALID
3050,2,36,52,29814,31739,0,CAPACITY_EXCEEDED,INVALID
3051,2,36,53,29412,31372,0,CAPACITY_EXCEEDED,INVALID
3052,2,36,54,29225,31151,0,CAPACITY_EXCEEDED,INVALID
3053,2,36,55,30666,32629,0,CAPACITY_EXCEEDED,INVALID
3054,2,36,56,29843,31788,0,CAPACITY_EXCEEDED,INVALID
3055,2,36,57,29181,31157,0,CAPACITY_EXCEEDED,INVALID
3056,2,36,58,29026,31033,0,CAPACITY_EXCEEDED,INVALID
3057,2,36,59,30281,32211,0,CAPACITY_EXCEEDED,INVALID
3058,2,36,60,28918,30919,1,FEASIBLE,WORSE
3059,2,36,61,30274,32251,0,CAPACITY_EXCEEDED,INVALID
3060,2,36,62,28769,30750,1,FEASIBLE,WORSE
3061,2,36,63,29129,31122,0,CAPACITY_EXCEEDED,INVALID
3062,2,36,64,30321,32278,0,CAPACITY_EXCEEDED,INVALID
3063,2,36,65,30178,32144,0,CAPACITY_EXCEEDED,INVALID
3064,2,36,66,29136,31063,0,CAPACITY_EXCEEDED,INVALID
3065,2,36,67,30118,32063,0,CAPACITY_EXCEEDED,INVALID
3066,2,36,68,29157,31140,0,CAPACITY_EXCEEDED,INVALID
3067,2,36,69,30024,31921,0,CAPACITY_EXCEEDED,INVALID
3068,2,36,70,29543,31489,0,CAPACITY_EXCEEDED,INVALID
3069,2,36,71,29920,31882,0,CAPACITY_EXCEEDED,INVALID
3070,2,36,72,30346,32250,0,CAPACITY_EXCEEDED,INVALID
3071,2,36,73,30390,32341,0,CAPACITY_EXCEEDED,INVALID
3072,2,36,74,30210,32153,0,CAPACITY_EXCEEDED,INVALID
3073,2,36,75,29643,31546,0,CAPACITY_EXCEEDED,INVALID
3074,2,36,76,30491,32456,0,CAPACITY_EXCEEDED,INVALID
3075,2,36,77,30610,32562,0,CAPACITY_EXCEEDED,INVALID
3076,2,36,78,30657,32624,0,CAPACITY_EXCEEDED,INVALID
3077,2,36,79,28890,30795,1,FEASIBLE,WORSE
3078,2,36,80,28834,30802,1,FEASIBLE,WORSE
3079,2,36,81,28809,30780,1,FEASIBLE,WORSE
3080,2,36,82,29192,31144,0,CAPACITY_EXCEEDED,INVALID
3081,2,36,83,30125,32097,0,CAPACITY_EXCEEDED,INVALID
3082,2,36,84,29027,31039,0,CAPACITY_EXCEEDED,INVALID
3083,2,36,85,29457,31422,0,CAPACITY_EXCEEDED,INVALID
3084,2,36,86,30545,32440,0,CAPACITY_EXCEEDED,INVALID
3085,2,36,87,30583,32516,0,CAPACITY_EXCEEDED,INVALID
3086,2,36,88,30629,32591,0,CAPACITY_EXCEEDED,INVALID
3087,2,36,89,30323,32266,0,CAPACITY_EXCEEDED,INVALID
3088,2,36,90,28783,30750,1,FEASIBLE,WORSE
3089,2,36,91,30313,32284,0,CAPACITY_EXCEEDED,INVALID
3090,2,36,92,29282,31202,0,CAPACITY_EXCEEDED,INVALID
3091,2,36,93,29072,31053,0,CAPACITY_EXCEEDED,INVALID
3092,2,36,94,28736,30748,1,FEASIBLE,WORSE
3093,2,36,95,30650,32625,0,CAPACITY_EXCEEDED,INVALID
3094,2,36,96,28939,30893,1,FEASIBLE,WORSE
3095,2,36,97,29816,31805,0,CAPACITY_EXCEEDED,INVALID
3096,2,36,98,29120,31082,0,CAPACITY_EXCEEDED,INVALID
3097,2,36,99,30220,32124,0,CAPACITY_EXCEEDED,INVALID
3098,2,37,38,29439,31430,0,CAPACITY_EXCEEDED,INVALID
3099,2,37,39,29283,31240,0,CAPACITY_EXCEEDED,INVALID
3100,2,37,40,28612,30583,1,FEASIBLE,WORSE
3101,2,37,41,29108,31036,0,CAPACITY_EXCEEDED,INVALID
3102,2,37,42,29482,31423,0,CAPACITY_EXCEEDED,INVALID
3103,2,37,43,28370,30293,1,FEASIBLE,WORSE
3104,2,37,44,28940,30901,1,FEASIBLE,WORSE
3105,2,37,45,27743,29792,1,FEASIBLE,WORSE
3106,2,37,46,28422,30396,1,FEASIBLE,WORSE
3107,2,37,47,28046,29999,1,FEASIBLE,WORSE
3108,2,37,48,28375,30312,1,FEASIBLE,WORSE
3109,2,37,49,29582,31537,0,CAPACITY_EXCEEDED,INVALID
3110,2,37,50,27810,29796,1,FEASIBLE,WORSE
3111,2,37,51,28166,30093,1,FEASIBLE,WORSE
3112,2,37,52,28695,30646,1,FEASIBLE,WORSE
3113,2,37,53,28293,30279,1,FEASIBLE,WORSE
3114,2,37,54,28106,30058,1,FEASIBLE,WORSE
3115,2,37,55,29547,31536,0,CAPACITY_EXCEEDED,INVALID
3116,2,37,56,28724,30695,1,FEASIBLE,WORSE
3117,2,37,57,28062,30064,1,FEASIBLE,WORSE
3118,2,37,58,27907,29940,1,FEASIBLE,WORSE
3119,2,37,59,29162,31118,0,CAPACITY_EXCEEDED,INVALID
3120,2,37,60,27799,29826,1,FEASIBLE,WORSE
3121,2,37,61,29155,31158,0,CAPACITY_EXCEEDED,INVALID
3122,2,37,62,27650,29657,1,FEASIBLE,WORSE
3123,2,37,63,28010,30029,1,FEASIBLE,WORSE
3124,2,37,64,29202,31185,0,CAPACITY_EXCEEDED,INVALID
3125,2,37,65,29059,31051,0,CAPACITY_EXCEEDED,INVALID
3126,2,37,66,28017,29970,1,FEASIBLE,WORSE
3127,2,37,67,28999,30970,1,FEASIBLE,WORSE
3128,2,37,68,28038,30047,1,FEASIBLE,WORSE
3129,2,37,69,28905,30828,1,FEASIBLE,WORSE
3130,2,37,70,28424,30396,1,FEASIBLE,WORSE
3131,2,37,71,28801,30789,1,FEASIBLE,WORSE
3132,2,37,72,29227,31157,0,CAPACITY_EXCEEDED,INVALID
3133,2,37,73,29271,31248,0,CAPACITY_EXCEEDED,INVALID
3134,2,37,74,29091,31060,0,CAPACITY_EXCEEDED,INVALID
3135,2,37,75,28524,30453,1,FEASIBLE,WORSE
3136,2,37,76,29372,31363,0,CAPACITY_EXCEEDED,INVALID
3137,2,37,77,29491,31469,0,CAPACITY_EXCEEDED,INVALID
3138,2,37,78,29538,31531,0,CAPACITY_EXCEEDED,INVALID
3139,2,37,79,27771,29702,1,FEASIBLE,WORSE
3140,2,37,80,27715,29709,1,FEASIBLE,WORSE
3141,2,37,81,27690,29687,1,FEASIBLE,WORSE
3142,2,37,82,28073,30051,1,FEASIBLE,WORSE
3143,2,37,83,29006,31004,1,FEASIBLE,WORSE
3144,2,37,84,27908,29946,1,FEASIBLE,WORSE
3145,2,37,85,28338,30329,1,FEASIBLE,WORSE
3146,2,37,86,29426,31347,0,CAPACITY_EXCEEDED,INVALID
3147,2,37,87,29464,31423,0,CAPACITY_EXCEEDED,INVALID
3148,2,37,88,29510,31498,0,CAPACITY_EXCEEDED,INVALID
3149,2,37,89,29204,31173,0,CAPACITY_EXCEEDED,INVALID
3150,2,37,90,27664,29657,1,FEASIBLE,WORSE
3151,2,37,91,29194,31191,0,CAPACITY_EXCEEDED,INVALID
3152,2,37,92,28163,30109,1,FEASIBLE,WORSE
3153,2,37,93,27953,29960,1,FEASIBLE,WORSE
3154,2,37,94,27617,29655,1,FEASIBLE,WORSE
3155,2,37,95,29531,31532,0,CAPACITY_EXCEEDED,INVALID
3156,2,37,96,27820,29800,1,FEASIBLE,WORSE
3157,2,37,97,28697,30712,1,FEASIBLE,WORSE
3158,2,37,98,28001,29989,1,FEASIBLE,WORSE
3159,2,37,99,29101,31031,0,CAPACITY_EXCEEDED,INVALID
3160,2,38,39,30507,32464,0,CAPACITY_EXCEEDED,INVALID
3161,2,38,40,29836,31807,0,CAPACITY_EXCEEDED,INVALID
3162,2,38,41,30332,32260,0,CAPACITY_EXCEEDED,INVALID
3163,2,38,42,30706,32647,0,CAPACITY_EXCEEDED,INVALID
3164,2,38,43,29594,31517,0,CAPACITY_EXCEEDED,INVALID
3165,2,38,44,30164,32125,0,CAPACITY_EXCEEDED,INVALID
3166,2,38,45,28967,31016,1,FEASIBLE,WORSE
3167,2,38,46,29646,31620,0,CAPACITY_EXCEEDED,INVALID
3168,2,38,47,29270,31223,0,CAPACITY_EXCEEDED,INVALID
3169,2,38,48,29599,31536,0,CAPACITY_EXCEEDED,INVALID
3170,2,38,49,30806,32761,0,CAPACITY_EXCEEDED,INVALID
3171,2,38,50,29034,31020,0,CAPACITY_EXCEEDED,INVALID
3172,2,38,51,29390,31317,0,CAPACITY_EXCEEDED,INVALID
3173,2,38,52,29919,31870,0,CAPACITY_EXCEEDED,INVALID
3174,2,38,53,29517,31503,0,CAPACITY_EXCEEDED,INVALID
3175,2,38,54,29330,31282,0,CAPACITY_EXCEEDED,INVALID
3176,2,38,55,30771,32760,0,CAPACITY_EXCEEDED,INVALID
3177,2,38,56,29948,31919,0,CAPACITY_EXCEEDED,INVALID
3178,2,38,57,29286,31288,0,CAPACITY_EXCEEDED,INVALID
3179,2,38,58,29131,31164,0,CAPACITY_EXCEEDED,INVALID
3180,2,38,59,30386,32342,0,CAPACITY_EXCEEDED,INVALID
3181,2,38,60,29023,31050,0,CAPACITY_EXCEEDED,INVALID
3182,2,38,61,30379,32382,0,CAPACITY_EXCEEDED,INVALID
3183,2,38,62,28874,30881,1,FEASIBLE,WORSE
3184,2,38,63,29234,31253,0,CAPACITY_EXCEEDED,INVALID
3185,2,38,64,30426,32409,0,CAPACITY_EXCEEDED,INVALID
3186,2,38,65,30283,32275,0,CAPACITY_EXCEEDED,INVALID
3187,2,38,66,29241,31194,0,CAPACITY_EXCEEDED,INVALID
3188,2,38,67,30223,32194,0,CAPACITY_EXCEEDED,INVALID
3189,2,38,68,29262,31271,0,CAPACITY_EXCEEDED,INVALID
3190,2,38,69,30129,32052,0,CAPACITY_EXCEEDED,INVALID
3191,2,38,70,29648,31620,0,CAPACITY_EXCEEDED,INVALID
3192,2,38,71,30025,32013,0,CAPACITY_EXCEEDED,INVALID
3193,2,38,72,30451,32381,0,CAPACITY_EXCEEDED,INVALID
3194,2,38,73,30495,32472,0,CAPACITY_EXCEEDED,INVALID
3195,2,38,74,30315,32284,0,CAPACITY_EXCEEDED,INVALID
3196,2,38,75,29748,31677,0,CAPACITY_EXCEEDED,INVALID
3197,2,38,76,30596,32587,0,CAPACITY_EXCEEDED,INVALID
3198,2,38,77,30715,32693,0,CAPACITY_EXCEEDED,INVALID
3199,2,38,78,30762,32755,0,CAPACITY_EXCEEDED,INVALID
3200,2,38,79,28995,30926,1,FEASIBLE,WORSE
3201,2,38,80,28939,30933,1,FEASIBLE,WORSE
3202,2,38,81,28914,30911,1,FEASIBLE,WORSE
3203,2,38,82,29297,31275,0,CAPACITY_EXCEEDED,INVALID
3204,2,38,83,30230,32228,0,CAPACITY_EXCEEDED,INVALID
3205,2,38,84,29132,31170,0,CAPACITY_EXCEEDED,INVALID
3206,2,38,85,29562,31553,0,CAPACITY_EXCEEDED,INVALID
3207,2,38,86,30650,32571,0,CAPACITY_EXCEEDED,INVALID
3208,2,38,87,30688,32647,0,CAPACITY_EXCEEDED,INVALID
3209,2,38,88,30734,32722,0,CAPACITY_EXCEEDED,INVALID
3210,2,38,89,30428,32397,0,CAPACITY_EXCEEDED,INVALID
3211,2,38,90,28888,30881,1,FEASIBLE,WORSE
3212,2,38,91,30418,32415,0,CAPACITY_EXCEEDED,INVALID
3213,2,38,92,29387,31333,0,CAPACITY_EXCEEDED,INVALID
3214,2,38,93,29177,31184,0,CAPACITY_EXCEEDED,INVALID
3215,2,38,94,28841,30879,1,FEASIBLE,WORSE
3216,2,38,95,30755,32756,0,CAPACITY_EXCEEDED,INVALID
3217,2,38,96,29044,31024,0,CAPACITY_EXCEEDED,INVALID
3218,2,38,97,29921,31936,0,CAPACITY_EXCEEDED,INVALID
3219,2,38,98,29225,31213,0,CAPACITY_EXCEEDED,INVALID
3220,2,38,99,30325,32255,0,CAPACITY_EXCEEDED,INVALID
3221,2,39,40,29680,31617,0,CAPACITY_EXCEEDED,INVALID
3222,2,39,41,30176,32070,0,CAPACITY_EXCEEDED,INVALID
3223,2,39,42,30550,32457,0,CAPACITY_EXCEEDED,INVALID
3224,2,39,43,29438,31327,0,CAPACITY_EXCEEDED,INVALID
3225,2,39,44,30008,31935,0,CAPACITY_EXCEEDED,INVALID
3226,2,39,45,28811,30826,1,FEASIBLE,WORSE
3227,2,39,46,29490,31430,0,CAPACITY_EXCEEDED,INVALID
3228,2,39,47,29114,31033,0,CAPACITY_EXCEEDED,INVALID
3229,2,39,48,29443,31346,0,CAPACITY_EXCEEDED,INVALID
3230,2,39,49,30650,32571,0,CAPACITY_EXCEEDED,INVALID
3231,2,39,50,28878,30830,1,FEASIBLE,WORSE
3232,2,39,51,29234,31127,0,CAPACITY_EXCEEDED,INVALID
3233,2,39,52,29763,31680,0,CAPACITY_EXCEEDED,INVALID
3234,2,39,53,29361,31313,0,CAPACITY_EXCEEDED,INVALID
3235,2,39,54,29174,31092,0,CAPACITY_EXCEEDED,INVALID
3236,2,39,55,30615,32570,0,CAPACITY_EXCEEDED,INVALID
3237,2,39,56,29792,31729,0,CAPACITY_EXCEEDED,INVALID
3238,2,39,57,29130,31098,0,CAPACITY_EXCEEDED,INVALID
3239,2,39,58,28975,30974,1,FEASIBLE,WORSE
3240,2,39,59,30230,32152,0,CAPACITY_EXCEEDED,INVALID
3241,2,39,60,28867,30860,1,FEASIBLE,WORSE
3242,2,39,61,30223,32192,0,CAPACITY_EXCEEDED,INVALID
3243,2,39,62,28718,30691,1,FEASIBLE,WORSE
3244,2,39,63,29078,31063,0,CAPACITY_EXCEEDED,INVALID
3245,2,39,64,30270,32219,0,CAPACITY_EXCEEDED,INVALID
3246,2,39,65,30127,32085,0,CAPACITY_EXCEEDED,INVALID
3247,2,39,66,29085,31004,0,CAPACITY_EXCEEDED,INVALID
3248,2,39,67,30067,32004,0,CAPACITY_EXCEEDED,INVALID
3249,2,39,68,29106,31081,0,CAPACITY_EXCEEDED,INVALID
3250,2,39,69,29973,31862,0,CAPACITY_EXCEEDED,INVALID
3251,2,39,70,29492,31430,0,CAPACITY_EXCEEDED,INVALID
3252,2,39,71,29869,31823,0,CAPACITY_EXCEEDED,INVALID
3253,2,39,72,30295,32191,0,CAPACITY_EXCEEDED,INVALID
3254,2,39,73,30339,32282,0,CAPACITY_EXCEEDED,INVALID
3255,2,39,74,30159,32094,0,CAPACITY_EXCEEDED,INVALID
3256,2,39,75,29592,31487,0,CAPACITY_EXCEEDED,INVALID
3257,2,39,76,30440,32397,0,CAPACITY_EXCEEDED,INVALID
3258,2,39,77,30559,32503,0,CAPACITY_EXCEEDED,INVALID
3259,2,39,78,30606,32565,0,CAPACITY_EXCEEDED,INVALID
3260,2,39,79,28839,30736,1,FEASIBLE,WORSE
3261,2,39,80,28783,30743,1,FEASIBLE,WORSE
3262,2,39,81,28758,30721,1,FEASIBLE,WORSE
3263,2,39,82,29141,31085,0,CAPACITY_EXCEEDED,INVALID
3264,2,39,83,30074,32038,0,CAPACITY_EXCEEDED,INVALID
3265,2,39,84,28976,30980,1,FEASIBLE,WORSE
3266,2,39,85,29406,31363,0,CAPACITY_EXCEEDED,INVALID
3267,2,39,86,30494,32381,0,CAPACITY_EXCEEDED,INVALID
3268,2,39,87,30532,32457,0,CAPACITY_EXCEEDED,INVALID
3269,2,39,88,30578,32532,0,CAPACITY_EXCEEDED,INVALID
3270,2,39,89,30272,32207,0,CAPACITY_EXCEEDED,INVALID
3271,2,39,90,28732,30691,1,FEASIBLE,WORSE
3272,2,39,91,30262,32225,0,CAPACITY_EXCEEDED,INVALID
3273,2,39,92,29231,31143,0,CAPACITY_EXCEEDED,INVALID
3274,2,39,93,29021,30994,0,CAPACITY_EXCEEDED,INVALID
3275,2,39,94,28685,30689,1,FEASIBLE,WORSE
3276,2,39,95,30599,32566,0,CAPACITY_EXCEEDED,INVALID
3277,2,39,96,28888,30834,1,FEASIBLE,WORSE
3278,2,39,97,29765,31746,0,CAPACITY_EXCEEDED,INVALID
3279,2,39,98,29069,31023,0,CAPACITY_EXCEEDED,INVALID
3280,2,39,99,30169,32065,0,CAPACITY_EXCEEDED,INVALID
3281,2,40,41,29505,31413,0,CAPACITY_EXCEEDED,INVALID
3282,2,40,42,29879,31800,0,CAPACITY_EXCEEDED,INVALID
3283,2,40,43,28767,30670,1,FEASIBLE,WORSE
3284,2,40,44,29337,31278,0,CAPACITY_EXCEEDED,INVALID
3285,2,40,45,28140,30169,1,FEASIBLE,WORSE
3286,2,40,46,28819,30773,1,FEASIBLE,WORSE
3287,2,40,47,28443,30376,1,FEASIBLE,WORSE
3288,2,40,48,28772,30689,1,FEASIBLE,WORSE
3289,2,40,49,29979,31914,0,CAPACITY_EXCEEDED,INVALID
3290,2,40,50,28207,30173,1,FEASIBLE,WORSE
3291,2,40,51,28563,30470,1,FEASIBLE,WORSE
3292,2,40,52,29092,31023,0,CAPACITY_EXCEEDED,INVALID
3293,2,40,53,28690,30656,1,FEASIBLE,WORSE
3294,2,40,54,28503,30435,1,FEASIBLE,WORSE
3295,2,40,55,29944,31913,0,CAPACITY_EXCEEDED,INVALID
3296,2,40,56,29121,31072,0,CAPACITY_EXCEEDED,INVALID
3297,2,40,57,28459,30441,1,FEASIBLE,WORSE
3298,2,40,58,28304,30317,1,FEASIBLE,WORSE
3299,2,40,59,29559,31495,0,CAPACITY_EXCEEDED,INVALID
3300,2,40,60,28196,30203,1,FEASIBLE,WORSE
3301,2,40,61,29552,31535,0,CAPACITY_EXCEEDED,INVALID
3302,2,40,62,28047,30034,1,FEASIBLE,WORSE
3303,2,40,63,28407,30406,1,FEASIBLE,WORSE
3304,2,40,64,29599,31562,0,CAPACITY_EXCEEDED,INVALID
3305,2,40,65,29456,31428,0,CAPACITY_EXCEEDED,INVALID
3306,2,40,66,28414,30347,1,FEASIBLE,WORSE
3307,2,40,67,29396,31347,0,CAPACITY_EXCEEDED,INVALID
3308,2,40,68,28435,30424,1,FEASIBLE,WORSE
3309,2,40,69,29302,31205,0,CAPACITY_EXCEEDED,INVALID
3310,2,40,70,28821,30773,1,FEASIBLE,WORSE
3311,2,40,71,29198,31166,0,CAPACITY_EXCEEDED,INVALID
3312,2,40,72,29624,31534,0,CAPACITY_EXCEEDED,INVALID
3313,2,40,73,29668,31625,0,CAPACITY_EXCEEDED,INVALID
3314,2,40,74,29488,31437,0,CAPACITY_EXCEEDED,INVALID
3315,2,40,75,28921,30830,1,FEASIBLE,WORSE
3316,2,40,76,29769,31740,0,CAPACITY_EXCEEDED,INVALID
3317,2,40,77,29888,31846,0,CAPACITY_EXCEEDED,INVALID
3318,2,40,78,29935,31908,0,CAPACITY_EXCEEDED,INVALID
3319,2,40,79,28168,30079,1,FEASIBLE,WORSE
3320,2,40,80,28112,30086,1,FEASIBLE,WORSE
3321,2,40,81,28087,30064,1,FEASIBLE,WORSE
3322,2,40,82,28470,30428,1,FEASIBLE,WORSE
3323,2,40,83,29403,31381,0,CAPACITY_EXCEEDED,INVALID
3324,2,40,84,28305,30323,1,FEASIBLE,WORSE
3325,2,40,85,28735,30706,1,FEASIBLE,WORSE
3326,2,40,86,29823,31724,0,CAPACITY_EXCEEDED,INVALID
3327,2,40,87,29861,31800,0,CAPACITY_EXCEEDED,INVALID
3328,2,40,88,29907,31875,0,CAPACITY_EXCEEDED,INVALID
3329,2,40,89,29601,31550,0,CAPACITY_EXCEEDED,INVALID
3330,2,40,90,28061,30034,1,FEASIBLE,WORSE
3331,2,40,91,29591,31568,0,CAPACITY_EXCEEDED,INVALID
3332,2,40,92,28560,30486,1,FEASIBLE,WORSE
3333,2,40,93,28350,30337,1,FEASIBLE,WORSE
3334,2,40,94,28014,30032,1,FEASIBLE,WORSE
3335,2,40,95,29928,31909,0,CAPACITY_EXCEEDED,INVALID
3336,2,40,96,28217,30177,1,FEASIBLE,WORSE
3337,2,40,97,29094,31089,0,CAPACITY_EXCEEDED,INVALID
3338,2,40,98,28398,30366,1,FEASIBLE,WORSE
3339,2,40,99,29498,31408,0,CAPACITY_EXCEEDED,INVALID
3340,2,41,42,30375,32253,0,CAPACITY_EXCEEDED,INVALID
3341,2,41,43,29263,31123,0,CAPACITY_EXCEEDED,INVALID
3342,2,41,44,29833,31731,0,CAPACITY_EXCEEDED,INVALID
3343,2,41,45,28636,30622,1,FEASIBLE,WORSE
3344,2,41,46,29315,31226,0,CAPACITY_EXCEEDED,INVALID
3345,2,41,47,28939,30829,1,FEASIBLE,WORSE
3346,2,41,48,29268,31142,0,CAPACITY_EXCEEDED,INVALID
3347,2,41,49,30475,32367,0,CAPACITY_EXCEEDED,INVALID
3348,2,41,50,28703,30626,1,FEASIBLE,WORSE
3349,2,41,51,29059,30923,0,CAPACITY_EXCEEDED,INVALID
3350,2,41,52,29588,31476,0,CAPACITY_EXCEEDED,INVALID
3351,2,41,53,29186,31109,0,CAPACITY_EXCEEDED,INVALID
3352,2,41,54,28999,30888,1,FEASIBLE,WORSE
3353,2,41,55,30440,32366,0,CAPACITY_EXCEEDED,INVALID
3354,2,41,56,29617,31525,0,CAPACITY_EXCEEDED,INVALID
3355,2,41,57,28955,30894,1,FEASIBLE,WORSE
3356,2,41,58,28800,30770,1,FEASIBLE,WORSE
3357,2,41,59,30055,31948,0,CAPACITY_EXCEEDED,INVALID
3358,2,41,60,28692,30656,1,FEASIBLE,WORSE
3359,2,41,61,30048,31988,0,CAPACITY_EXCEEDED,INVALID
3360,2,41,62,28543,30487,1,FEASIBLE,WORSE
3361,2,41,63,28903,30859,1,FEASIBLE,WORSE
3362,2,41,64,30095,32015,0,CAPACITY_EXCEEDED,INVALID
3363,2,41,65,29952,31881,0,CAPACITY_EXCEEDED,INVALID
3364,2,41,66,28910,30800,1,FEASIBLE,WORSE
3365,2,41,67,29892,31800,0,CAPACITY_EXCEEDED,INVALID
3366,2,41,68,28931,30877,1,FEASIBLE,WORSE
3367,2,41,69,29798,31658,0,CAPACITY_EXCEEDED,INVALID
3368,2,41,70,29317,31226,0,CAPACITY_EXCEEDED,INVALID
3369,2,41,71,29694,31619,0,CAPACITY_EXCEEDED,INVALID
3370,2,41,72,30120,31987,0,CAPACITY_EXCEEDED,INVALID
3371,2,41,73,30164,32078,0,CAPACITY_EXCEEDED,INVALID
3372,2,41,74,29984,31890,0,CAPACITY_EXCEEDED,INVALID
3373,2,41,75,29417,31283,0,CAPACITY_EXCEEDED,INVALID
3374,2,41,76,30265,32193,0,CAPACITY_EXCEEDED,INVALID
3375,2,41,77,30384,32299,0,CAPACITY_EXCEEDED,INVALID
3376,2,41,78,30431,32361,0,CAPACITY_EXCEEDED,INVALID
3377,2,41,79,28664,30532,1,FEASIBLE,WORSE
3378,2,41,80,28608,30539,1,FEASIBLE,WORSE
3379,2,41,81,28583,30517,1,FEASIBLE,WORSE
3380,2,41,82,28966,30881,1,FEASIBLE,WORSE
3381,2,41,83,29899,31834,0,CAPACITY_EXCEEDED,INVALID
3382,2,41,84,28801,30776,1,FEASIBLE,WORSE
3383,2,41,85,29231,31159,0,CAPACITY_EXCEEDED,INVALID
3384,2,41,86,30319,32177,0,CAPACITY_EXCEEDED,INVALID
3385,2,41,87,30357,32253,0,CAPACITY_EXCEEDED,INVALID
3386,2,41,88,30403,32328,0,CAPACITY_EXCEEDED,INVALID
3387,2,41,89,30097,32003,0,CAPACITY_EXCEEDED,INVALID
3388,2,41,90,28557,30487,1,FEASIBLE,WORSE
3389,2,41,91,30087,32021,0,CAPACITY_EXCEEDED,INVALID
3390,2,41,92,29056,30939,0,CAPACITY_EXCEEDED,INVALID
3391,2,41,93,28846,30790,1,FEASIBLE,WORSE
3392,2,41,94,28510,30485,1,FEASIBLE,WORSE
3393,2,41,95,30424,32362,0,CAPACITY_EXCEEDED,INVALID
3394,2,41,96,28713,30630,1,FEASIBLE,WORSE
3395,2,41,97,29590,31542,0,CAPACITY_EXCEEDED,INVALID
3396,2,41,98,28894,30819,1,FEASIBLE,WORSE
3397,2,41,99,29994,31861,0,CAPACITY_EXCEEDED,INVALID
3398,2,42,43,29637,31510,0,CAPACITY_EXCEEDED,INVALID
3399,2,42,44,30207,32118,0,CAPACITY_EXCEEDED,INVALID
3400,2,42,45,29010,31009,1,FEASIBLE,WORSE
3401,2,42,46,29689,31613,0,CAPACITY_EXCEEDED,INVALID
3402,2,42,47,29313,31216,0,CAPACITY_EXCEEDED,INVALID
3403,2,42,48,29642,31529,0,CAPACITY_EXCEEDED,INVALID
3404,2,42,49,30849,32754,0,CAPACITY_EXCEEDED,INVALID
3405,2,42,50,29077,31013,0,CAPACITY_EXCEEDED,INVALID
3406,2,42,51,29433,31310,0,CAPACITY_EXCEEDED,INVALID
3407,2,42,52,29962,31863,0,CAPACITY_EXCEEDED,INVALID
3408,2,42,53,29560,31496,0,CAPACITY_EXCEEDED,INVALID
3409,2,42,54,29373,31275,0,CAPACITY_EXCEEDED,INVALID
3410,2,42,55,30814,32753,0,CAPACITY_EXCEEDED,INVALID
3411,2,42,56,29991,31912,0,CAPACITY_EXCEEDED,INVALID
3412,2,42,57,29329,31281,0,CAPACITY_EXCEEDED,INVALID
3413,2,42,58,29174,31157,0,CAPACITY_EXCEEDED,INVALID
3414,2,42,59,30429,32335,0,CAPACITY_EXCEEDED,INVALID
3415,2,42,60,29066,31043,0,CAPACITY_EXCEEDED,INVALID
3416,2,42,61,30422,32375,0,CAPACITY_EXCEEDED,INVALID
3417,2,42,62,28917,30874,1,FEASIBLE,WORSE
3418,2,42,63,29277,31246,0,CAPACITY_EXCEEDED,INVALID
3419,2,42,64,30469,32402,0,CAPACITY_EXCEEDED,INVALID
3420,2,42,65,30326,32268,0,CAPACITY_EXCEEDED,INVALID
3421,2,42,66,29284,31187,0,CAPACITY_EXCEEDED,INVALID
3422,2,42,67,30266,32187,0,CAPACITY_EXCEEDED,INVALID
3423,2,42,68,29305,31264,0,CAPACITY_EXCEEDED,INVALID
3424,2,42,69,30172,32045,0,CAPACITY_EXCEEDED,INVALID
3425,2,42,70,29691,31613,0,CAPACITY_EXCEEDED,INVALID
3426,2,42,71,30068,32006,0,CAPACITY_EXCEEDED,INVALID
3427,2,42,72,30494,32374,0,CAPACITY_EXCEEDED,INVALID
3428,2,42,73,30538,32465,0,CAPACITY_EXCEEDED,INVALID
3429,2,42,74,30358,32277,0,CAPACITY_EXCEEDED,INVALID
3430,2,42,75,29791,31670,0,CAPACITY_EXCEEDED,INVALID
3431,2,42,76,30639,32580,0,CAPACITY_EXCEEDED,INVALID
3432,2,42,77,30758,32686,0,CAPACITY_EXCEEDED,INVALID
3433,2,42,78,30805,32748,0,CAPACITY_EXCEEDED,INVALID
3434,2,42,79,29038,30919,0,CAPACITY_EXCEEDED,INVALID
3435,2,42,80,28982,30926,1,FEASIBLE,WORSE
3436,2,42,81,28957,30904,1,FEASIBLE,WORSE
3437,2,42,82,29340,31268,0,CAPACITY_EXCEEDED,INVALID
3438,2,42,83,30273,32221,0,CAPACITY_EXCEEDED,INVALID
3439,2,42,84,29175,31163,0,CAPACITY_EXCEEDED,INVALID
3440,2,42,85,29605,31546,0,CAPACITY_EXCEEDED,INVALID
3441,2,42,86,30693,32564,0,CAPACITY_EXCEEDED,INVALID
3442,2,42,87,30731,32640,0,CAPACITY_EXCEEDED,INVALID
3443,2,42,88,30777,32715,0,CAPACITY_EXCEEDED,INVALID
3444,2,42,89,30471,32390,0,CAPACITY_EXCEEDED,INVALID
3445,2,42,90,28931,30874,1,FEASIBLE,WORSE
3446,2,42,91,30461,32408,0,CAPACITY_EXCEEDED,INVALID
3447,2,42,92,29430,31326,0,CAPACITY_EXCEEDED,INVALID
3448,2,42,93,29220,31177,0,CAPACITY_EXCEEDED,INVALID
3449,2,42,94,28884,30872,1,FEASIBLE,WORSE
3450,2,42,95,30798,32749,0,CAPACITY_EXCEEDED,INVALID
3451,2,42,96,29087,31017,0,CAPACITY_EXCEEDED,INVALID
3452,2,42,97,29964,31929,0,CAPACITY_EXCEEDED,INVALID
3453,2,42,98,29268,31206,0,CAPACITY_EXCEEDED,INVALID
3454,2,42,99,30368,32248,0,CAPACITY_EXCEEDED,INVALID
3455,2,43,44,29095,30988,0,CAPACITY_EXCEEDED,INVALID
3456,2,43,45,27898,29879,1,FEASIBLE,WORSE
3457,2,43,46,28577,30483,1,FEASIBLE,WORSE
3458,2,43,47,28201,30086,1,FEASIBLE,WORSE
3459,2,43,48,28530,30399,1,FEASIBLE,WORSE
3460,2,43,49,29737,31624,0,CAPACITY_EXCEEDED,INVALID
3461,2,43,50,27965,29883,1,FEASIBLE,WORSE
3462,2,43,51,28321,30180,1,FEASIBLE,WORSE
3463,2,43,52,28850,30733,1,FEASIBLE,WORSE
3464,2,43,53,28448,30366,1,FEASIBLE,WORSE
3465,2,43,54,28261,30145,1,FEASIBLE,WORSE
3466,2,43,55,29702,31623,0,CAPACITY_EXCEEDED,INVALID
3467,2,43,56,28879,30782,1,FEASIBLE,WORSE
3468,2,43,57,28217,30151,1,FEASIBLE,WORSE
3469,2,43,58,28062,30027,1,FEASIBLE,WORSE
3470,2,43,59,29317,31205,0,CAPACITY_EXCEEDED,INVALID
3471,2,43,60,27954,29913,1,FEASIBLE,WORSE
3472,2,43,61,29310,31245,0,CAPACITY_EXCEEDED,INVALID
3473,2,43,62,27805,29744,1,FEASIBLE,WORSE
3474,2,43,63,28165,30116,1,FEASIBLE,WORSE
3475,2,43,64,29357,31272,0,CAPACITY_EXCEEDED,INVALID
3476,2,43,65,29214,31138,0,CAPACITY_EXCEEDED,INVALID
3477,2,43,66,28172,30057,1,FEASIBLE,WORSE
3478,2,43,67,29154,31057,0,CAPACITY_EXCEEDED,INVALID
3479,2,43,68,28193,30134,1,FEASIBLE,WORSE
3480,2,43,69,29060,30915,0,CAPACITY_EXCEEDED,INVALID
3481,2,43,70,28579,30483,1,FEASIBLE,WORSE
3482,2,43,71,28956,30876,1,FEASIBLE,WORSE
3483,2,43,72,29382,31244,0,CAPACITY_EXCEEDED,INVALID
3484,2,43,73,29426,31335,0,CAPACITY_EXCEEDED,INVALID
3485,2,43,74,29246,31147,0,CAPACITY_EXCEEDED,INVALID
3486,2,43,75,28679,30540,1,FEASIBLE,WORSE
3487,2,43,76,29527,31450,0,CAPACITY_EXCEEDED,INVALID
3488,2,43,77,29646,31556,0,CAPACITY_EXCEEDED,INVALID
3489,2,43,78,29693,31618,0,CAPACITY_EXCEEDED,INVALID
3490,2,43,79,27926,29789,1,FEASIBLE,WORSE
3491,2,43,80,27870,29796,1,FEASIBLE,WORSE
3492,2,43,81,27845,29774,1,FEASIBLE,WORSE
3493,2,43,82,28228,30138,1,FEASIBLE,WORSE
3494,2,43,83,29161,31091,0,CAPACITY_EXCEEDED,INVALID
3495,2,43,84,28063,30033,1,FEASIBLE,WORSE
3496,2,43,85,28493,30416,1,FEASIBLE,WORSE
3497,2,43,86,29581,31434,0,CAPACITY_EXCEEDED,INVALID
3498,2,43,87,29619,31510,0,CAPACITY_EXCEEDED,INVALID
3499,2,43,88,29665,31585,0,CAPACITY_EXCEEDED,INVALID
3500,2,43,89,29359,31260,0,CAPACITY_EXCEEDED,INVALID
3501,2,43,90,27819,29744,1,FEASIBLE,WORSE
3502,2,43,91,29349,31278,0,CAPACITY_EXCEEDED,INVALID
3503,2,43,92,28318,30196,1,FEASIBLE,WORSE
3504,2,43,93,28108,30047,1,FEASIBLE,WORSE
3505,2,43,94,27772,29742,1,FEASIBLE,WORSE
3506,2,43,95,29686,31619,0,CAPACITY_EXCEEDED,INVALID
3507,2,43,96,27975,29887,1,FEASIBLE,WORSE
3508,2,43,97,28852,30799,1,FEASIBLE,WORSE
3509,2,43,98,28156,30076,1,FEASIBLE,WORSE
3510,2,43,99,29256,31118,0,CAPACITY_EXCEEDED,INVALID
3511,2,44,45,28468,30487,1,FEASIBLE,WORSE
3512,2,44,46,29147,31091,0,CAPACITY_EXCEEDED,INVALID
3513,2,44,47,28771,30694,1,FEASIBLE,WORSE
3514,2,44,48,29100,31007,0,CAPACITY_EXCEEDED,INVALID
3515,2,44,49,30307,32232,0,CAPACITY_EXCEEDED,INVALID
3516,2,44,50,28535,30491,1,FEASIBLE,WORSE
3517,2,44,51,28891,30788,1,FEASIBLE,WORSE
3518,2,44,52,29420,31341,0,CAPACITY_EXCEEDED,INVALID
3519,2,44,53,29018,30974,0,CAPACITY_EXCEEDED,INVALID
3520,2,44,54,28831,30753,1,FEASIBLE,WORSE
3521,2,44,55,30272,32231,0,CAPACITY_EXCEEDED,INVALID
3522,2,44,56,29449,31390,0,CAPACITY_EXCEEDED,INVALID
3523,2,44,57,28787,30759,1,FEASIBLE,WORSE
3524,2,44,58,28632,30635,1,FEASIBLE,WORSE
3525,2,44,59,29887,31813,0,CAPACITY_EXCEEDED,INVALID
3526,2,44,60,28524,30521,1,FEASIBLE,WORSE
3527,2,44,61,29880,31853,0,CAPACITY_EXCEEDED,INVALID
3528,2,44,62,28375,30352,1,FEASIBLE,WORSE
3529,2,44,63,28735,30724,1,FEASIBLE,WORSE
3530,2,44,64,29927,31880,0,CAPACITY_EXCEEDED,INVALID
3531,2,44,65,29784,31746,0,CAPACITY_EXCEEDED,INVALID
3532,2,44,66,28742,30665,1,FEASIBLE,WORSE
3533,2,44,67,29724,31665,0,CAPACITY_EXCEEDED,INVALID
3534,2,44,68,28763,30742,1,FEASIBLE,WORSE
3535,2,44,69,29630,31523,0,CAPACITY_EXCEEDED,INVALID
3536,2,44,70,29149,31091,0,CAPACITY_EXCEEDED,INVALID
3537,2,44,71,29526,31484,0,CAPACITY_EXCEEDED,INVALID
3538,2,44,72,29952,31852,0,CAPACITY_EXCEEDED,INVALID
3539,2,44,73,29996,31943,0,CAPACITY_EXCEEDED,INVALID
3540,2,44,74,29816,31755,0,CAPACITY_EXCEEDED,INVALID
3541,2,44,75,29249,31148,0,CAPACITY_EXCEEDED,INVALID
3542,2,44,76,30097,32058,0,CAPACITY_EXCEEDED,INVALID
3543,2,44,77,30216,32164,0,CAPACITY_EXCEEDED,INVALID
3544,2,44,78,30263,32226,0,CAPACITY_EXCEEDED,INVALID
3545,2,44,79,28496,30397,1,FEASIBLE,WORSE
3546,2,44,80,28440,30404,1,FEASIBLE,WORSE
3547,2,44,81,28415,30382,1,FEASIBLE,WORSE
3548,2,44,82,28798,30746,1,FEASIBLE,WORSE
3549,2,44,83,29731,31699,0,CAPACITY_EXCEEDED,INVALID
3550,2,44,84,28633,30641,1,FEASIBLE,WORSE
3551,2,44,85,29063,31024,0,CAPACITY_EXCEEDED,INVALID
3552,2,44,86,30151,32042,0,CAPACITY_EXCEEDED,INVALID
3553,2,44,87,30189,32118,0,CAPACITY_EXCEEDED,INVALID
3554,2,44,88,30235,32193,0,CAPACITY_EXCEEDED,INVALID
3555,2,44,89,29929,31868,0,CAPACITY_EXCEEDED,INVALID
3556,2,44,90,28389,30352,1,FEASIBLE,WORSE
3557,2,44,91,29919,31886,0,CAPACITY_EXCEEDED,INVALID
3558,2,44,92,28888,30804,1,FEASIBLE,WORSE
3559,2,44,93,28678,30655,1,FEASIBLE,WORSE
3560,2,44,94,28342,30350,1,FEASIBLE,WORSE
3561,2,44,95,30256,32227,0,CAPACITY_EXCEEDED,INVALID
3562,2,44,96,28545,30495,1,FEASIBLE,WORSE
3563,2,44,97,29422,31407,0,CAPACITY_EXCEEDED,INVALID
3564,2,44,98,28726,30684,1,FEASIBLE,WORSE
3565,2,44,99,29826,31726,0,CAPACITY_EXCEEDED,INVALID
3566,2,45,46,27950,29982,1,FEASIBLE,WORSE
3567,2,45,47,27574,29585,1,FEASIBLE,WORSE
3568,2,45,48,27903,29898,1,FEASIBLE,WORSE
3569,2,45,49,29110,31123,0,CAPACITY_EXCEEDED,INVALID
3570,2,45,50,27338,29382,1,FEASIBLE,WORSE
3571,2,45,51,27694,29679,1,FEASIBLE,WORSE
3572,2,45,52,28223,30232,1,FEASIBLE,WORSE
3573,2,45,53,27821,29865,1,FEASIBLE,WORSE
3574,2,45,54,27634,29644,1,FEASIBLE,WORSE
3575,2,45,55,29075,31122,0,CAPACITY_EXCEEDED,INVALID
3576,2,45,56,28252,30281,1,FEASIBLE,WORSE
3577,2,45,57,27590,29650,1,FEASIBLE,WORSE
3578,2,45,58,27435,29526,1,FEASIBLE,WORSE
3579,2,45,59,28690,30704,1,FEASIBLE,WORSE
3580,2,45,60,27327,29412,1,FEASIBLE,WORSE
3581,2,45,61,28683,30744,1,FEASIBLE,WORSE
3582,2,45,62,27178,29243,1,FEASIBLE,WORSE
3583,2,45,63,27538,29615,1,FEASIBLE,WORSE
3584,2,45,64,28730,30771,1,FEASIBLE,WORSE
3585,2,45,65,28587,30637,1,FEASIBLE,WORSE
3586,2,45,66,27545,29556,1,FEASIBLE,WORSE
3587,2,45,67,28527,30556,1,FEASIBLE,WORSE
3588,2,45,68,27566,29633,1,FEASIBLE,WORSE
3589,2,45,69,28433,30414,1,FEASIBLE,WORSE
3590,2,45,70,27952,29982,1,FEASIBLE,WORSE
3591,2,45,71,28329,30375,1,FEASIBLE,WORSE
3592,2,45,72,28755,30743,1,FEASIBLE,WORSE
3593,2,45,73,28799,30834,1,FEASIBLE,WORSE
3594,2,45,74,28619,30646,1,FEASIBLE,WORSE
3595,2,45,75,28052,30039,1,FEASIBLE,WORSE
3596,2,45,76,28900,30949,1,FEASIBLE,WORSE
3597,2,45,77,29019,31055,0,CAPACITY_EXCEEDED,INVALID
3598,2,45,78,29066,31117,0,CAPACITY_EXCEEDED,INVALID
3599,2,45,79,27299,29288,1,FEASIBLE,WORSE
3600,2,45,80,27243,29295,1,FEASIBLE,WORSE
3601,2,45,81,27218,29273,1,FEASIBLE,WORSE
3602,2,45,82,27601,29637,1,FEASIBLE,WORSE
3603,2,45,83,28534,30590,1,FEASIBLE,WORSE
3604,2,45,84,27436,29532,1,FEASIBLE,WORSE
3605,2,45,85,27866,29915,1,FEASIBLE,WORSE
3606,2,45,86,28954,30933,1,FEASIBLE,WORSE
3607,2,45,87,28992,31009,1,FEASIBLE,WORSE
3608,2,45,88,29038,31084,0,CAPACITY_EXCEEDED,INVALID
3609,2,45,89,28732,30759,1,FEASIBLE,WORSE
3610,2,45,90,27192,29243,1,FEASIBLE,WORSE
3611,2,45,91,28722,30777,1,FEASIBLE,WORSE
3612,2,45,92,27691,29695,1,FEASIBLE,WORSE
3613,2,45,93,27481,29546,1,FEASIBLE,WORSE
3614,2,45,94,27145,29241,1,FEASIBLE,WORSE
3615,2,45,95,29059,31118,0,CAPACITY_EXCEEDED,INVALID
3616,2,45,96,27348,29386,1,FEASIBLE,WORSE
3617,2,45,97,28225,30298,1,FEASIBLE,WORSE
3618,2,45,98,27529,29575,1,FEASIBLE,WORSE
3619,2,45,99,28629,30617,1,FEASIBLE,WORSE
3620,2,46,47,28253,30189,1,FEASIBLE,WORSE
3621,2,46,48,28582,30502,1,FEASIBLE,WORSE
3622,2,46,49,29789,31727,0,CAPACITY_EXCEEDED,INVALID
3623,2,46,50,28017,29986,1,FEASIBLE,WORSE
3624,2,46,51,28373,30283,1,FEASIBLE,WORSE
3625,2,46,52,28902,30836,1,FEASIBLE,WORSE
3626,2,46,53,28500,30469,1,FEASIBLE,WORSE
3627,2,46,54,28313,30248,1,FEASIBLE,WORSE
3628,2,46,55,29754,31726,0,CAPACITY_EXCEEDED,INVALID
3629,2,46,56,28931,30885,1,FEASIBLE,WORSE
3630,2,46,57,28269,30254,1,FEASIBLE,WORSE
3631,2,46,58,28114,30130,1,FEASIBLE,WORSE
3632,2,46,59,29369,31308,0,CAPACITY_EXCEEDED,INVALID
3633,2,46,60,28006,30016,1,FEASIBLE,WORSE
3634,2,46,61,29362,31348,0,CAPACITY_EXCEEDED,INVALID
3635,2,46,62,27857,29847,1,FEASIBLE,WORSE
3636,2,46,63,28217,30219,1,FEASIBLE,WORSE
3637,2,46,64,29409,31375,0,CAPACITY_EXCEEDED,INVALID
3638,2,46,65,29266,31241,0,CAPACITY_EXCEEDED,INVALID
3639,2,46,66,28224,30160,1,FEASIBLE,WORSE
3640,2,46,67,29206,31160,0,CAPACITY_EXCEEDED,INVALID
3641,2,46,68,28245,30237,1,FEASIBLE,WORSE
3642,2,46,69,29112,31018,0,CAPACITY_EXCEEDED,INVALID
3643,2,46,70,28631,30586,1,FEASIBLE,WORSE
3644,2,46,71,29008,30979,1,FEASIBLE,WORSE
3645,2,46,72,29434,31347,0,CAPACITY_EXCEEDED,INVALID
3646,2,46,73,29478,31438,0,CAPACITY_EXCEEDED,INVALID
3647,2,46,74,29298,31250,0,CAPACITY_EXCEEDED,INVALID
3648,2,46,75,28731,30643,1,FEASIBLE,WORSE
3649,2,46,76,29579,31553,0,CAPACITY_EXCEEDED,INVALID
3650,2,46,77,29698,31659,0,CAPACITY_EXCEEDED,INVALID
3651,2,46,78,29745,31721,0,CAPACITY_EXCEEDED,INVALID
3652,2,46,79,27978,29892,1,FEASIBLE,WORSE
3653,2,46,80,27922,29899,1,FEASIBLE,WORSE
3654,2,46,81,27897,29877,1,FEASIBLE,WORSE
3655,2,46,82,28280,30241,1,FEASIBLE,WORSE
3656,2,46,83,29213,31194,0,CAPACITY_EXCEEDED,INVALID
3657,2,46,84,28115,30136,1,FEASIBLE,WORSE
3658,2,46,85,28545,30519,1,FEASIBLE,WORSE
3659,2,46,86,29633,31537,0,CAPACITY_EXCEEDED,INVALID
3660,2,46,87,29671,31613,0,CAPACITY_EXCEEDED,INVALID
3661,2,46,88,29717,31688,0,CAPACITY_EXCEEDED,INVALID
3662,2,46,89,29411,31363,0,CAPACITY_EXCEEDED,INVALID
3663,2,46,90,27871,29847,1,FEASIBLE,WORSE
3664,2,46,91,29401,31381,0,CAPACITY_EXCEEDED,INVALID
3665,2,46,92,28370,30299,1,FEASIBLE,WORSE
3666,2,46,93,28160,30150,1,FEASIBLE,WORSE
3667,2,46,94,27824,29845,1,FEASIBLE,WORSE
3668,2,46,95,29738,31722,0,CAPACITY_EXCEEDED,INVALID
3669,2,46,96,28027,29990,1,FEASIBLE,WORSE
3670,2,46,97,28904,30902,1,FEASIBLE,WORSE
3671,2,46,98,28208,30179,1,FEASIBLE,WORSE
3672,2,46,99,29308,31221,0,CAPACITY_EXCEEDED,INVALID
3673,2,47,48,28206,30105,1,FEASIBLE,WORSE
3674,2,47,49,29413,31330,0,CAPACITY_EXCEEDED,INVALID
3675,2,47,50,27641,29589,1,FEASIBLE,WORSE
3676,2,47,51,27997,29886,1,FEASIBLE,WORSE
3677,2,47,52,28526,30439,1,FEASIBLE,WORSE
3678,2,47,53,28124,30072,1,FEASIBLE,WORSE
3679,2,47,54,27937,29851,1,FEASIBLE,WORSE
3680,2,47,55,29378,31329,0,CAPACITY_EXCEEDED,INVALID
3681,2,47,56,28555,30488,1,FEASIBLE,WORSE
3682,2,47,57,27893,29857,1,FEASIBLE,WORSE
3683,2,47,58,27738,29733,1,FEASIBLE,WORSE
3684,2,47,59,28993,30911,1,FEASIBLE,WORSE
3685,2,47,60,27630,29619,1,FEASIBLE,WORSE
3686,2,47,61,28986,30951,1,FEASIBLE,WORSE
3687,2,47,62,27481,29450,1,FEASIBLE,WORSE
3688,2,47,63,27841,29822,1,FEASIBLE,WORSE
3689,2,47,64,29033,30978,0,CAPACITY_EXCEEDED,INVALID
3690,2,47,65,28890,30844,1,FEASIBLE,WORSE
3691,2,47,66,27848,29763,1,FEASIBLE,WORSE
3692,2,47,67,28830,30763,1,FEASIBLE,WORSE
3693,2,47,68,27869,29840,1,FEASIBLE,WORSE
3694,2,47,69,28736,30621,1,FEASIBLE,WORSE
3695,2,47,70,28255,30189,1,FEASIBLE,WORSE
3696,2,47,71,28632,30582,1,FEASIBLE,WORSE
3697,2,47,72,29058,30950,0,CAPACITY_EXCEEDED,INVALID
3698,2,47,73,29102,31041,0,CAPACITY_EXCEEDED,INVALID
3699,2,47,74,28922,30853,1,FEASIBLE,WORSE
3700,2,47,75,28355,30246,1,FEASIBLE,WORSE
3701,2,47,76,29203,31156,0,CAPACITY_EXCEEDED,INVALID
3702,2,47,77,29322,31262,0,CAPACITY_EXCEEDED,INVALID
3703,2,47,78,29369,31324,0,CAPACITY_EXCEEDED,INVALID
3704,2,47,79,27602,29495,1,FEASIBLE,WORSE
3705,2,47,80,27546,29502,1,FEASIBLE,WORSE
3706,2,47,81,27521,29480,1,FEASIBLE,WORSE
3707,2,47,82,27904,29844,1,FEASIBLE,WORSE
3708,2,47,83,28837,30797,1,FEASIBLE,WORSE
3709,2,47,84,27739,29739,1,FEASIBLE,WORSE
3710,2,47,85,28169,30122,1,FEASIBLE,WORSE
3711,2,47,86,29257,31140,0,CAPACITY_EXCEEDED,INVALID
3712,2,47,87,29295,31216,0,CAPACITY_EXCEEDED,INVALID
3713,2,47,88,29341,31291,0,CAPACITY_EXCEEDED,INVALID
3714,2,47,89,29035,30966,0,CAPACITY_EXCEEDED,INVALID
3715,2,47,90,27495,29450,1,FEASIBLE,WORSE
3716,2,47,91,29025,30984,0,CAPACITY_EXCEEDED,INVALID
3717,2,47,92,27994,29902,1,FEASIBLE,WORSE
3718,2,47,93,27784,29753,1,FEASIBLE,WORSE
3719,2,47,94,27448,29448,1,FEASIBLE,WORSE
3720,2,47,95,29362,31325,0,CAPACITY_EXCEEDED,INVALID
3721,2,47,96,27651,29593,1,FEASIBLE,WORSE
3722,2,47,97,28528,30505,1,FEASIBLE,WORSE
3723,2,47,98,27832,29782,1,FEASIBLE,WORSE
3724,2,47,99,28932,30824,1,FEASIBLE,WORSE
3725,2,48,49,29742,31643,0,CAPACITY_EXCEEDED,INVALID
3726,2,48,50,27970,29902,1,FEASIBLE,WORSE
3727,2,48,51,28326,30199,1,FEASIBLE,WORSE
3728,2,48,52,28855,30752,1,FEASIBLE,WORSE
3729,2,48,53,28453,30385,1,FEASIBLE,WORSE
3730,2,48,54,28266,30164,1,FEASIBLE,WORSE
3731,2,48,55,29707,31642,0,CAPACITY_EXCEEDED,INVALID
3732,2,48,56,28884,30801,1,FEASIBLE,WORSE
3733,2,48,57,28222,30170,1,FEASIBLE,WORSE
3734,2,48,58,28067,30046,1,FEASIBLE,WORSE
3735,2,48,59,29322,31224,0,CAPACITY_EXCEEDED,INVALID
3736,2,48,60,27959,29932,1,FEASIBLE,WORSE
3737,2,48,61,29315,31264,0,CAPACITY_EXCEEDED,INVALID
3738,2,48,62,27810,29763,1,FEASIBLE,WORSE
3739,2,48,63,28170,30135,1,FEASIBLE,WORSE
3740,2,48,64,29362,31291,0,CAPACITY_EXCEEDED,INVALID
3741,2,48,65,29219,31157,0,CAPACITY_EXCEEDED,INVALID
3742,2,48,66,28177,30076,1,FEASIBLE,WORSE
3743,2,48,67,29159,31076,0,CAPACITY_EXCEEDED,INVALID
3744,2,48,68,28198,30153,1,FEASIBLE,WORSE
3745,2,48,69,29065,30934,0,CAPACITY_EXCEEDED,INVALID
3746,2,48,70,28584,30502,1,FEASIBLE,WORSE
3747,2,48,71,28961,30895,1,FEASIBLE,WORSE
3748,2,48,72,29387,31263,0,CAPACITY_EXCEEDED,INVALID
3749,2,48,73,29431,31354,0,CAPACITY_EXCEEDED,INVALID
3750,2,48,74,29251,31166,0,CAPACITY_EXCEEDED,INVALID
3751,2,48,75,28684,30559,1,FEASIBLE,WORSE
3752,2,48,76,29532,31469,0,CAPACITY_EXCEEDED,INVALID
3753,2,48,77,29651,31575,0,CAPACITY_EXCEEDED,INVALID
3754,2,48,78,29698,31637,0,CAPACITY_EXCEEDED,INVALID
3755,2,48,79,27931,29808,1,FEASIBLE,WORSE
3756,2,48,80,27875,29815,1,FEASIBLE,WORSE
3757,2,48,81,27850,29793,1,FEASIBLE,WORSE
3758,2,48,82,28233,30157,1,FEASIBLE,WORSE
3759,2,48,83,29166,31110,0,CAPACITY_EXCEEDED,INVALID
3760,2,48,84,28068,30052,1,FEASIBLE,WORSE
3761,2,48,85,28498,30435,1,FEASIBLE,WORSE
3762,2,48,86,29586,31453,0,CAPACITY_EXCEEDED,INVALID
3763,2,48,87,29624,31529,0,CAPACITY_EXCEEDED,INVALID
3764,2,48,88,29670,31604,0,CAPACITY_EXCEEDED,INVALID
3765,2,48,89,29364,31279,0,CAPACITY_EXCEEDED,INVALID
3766,2,48,90,27824,29763,1,FEASIBLE,WORSE
3767,2,48,91,29354,31297,0,CAPACITY_EXCEEDED,INVALID
3768,2,48,92,28323,30215,1,FEASIBLE,WORSE
3769,2,48,93,28113,30066,1,FEASIBLE,WORSE
3770,2,48,94,27777,29761,1,FEASIBLE,WORSE
3771,2,48,95,29691,31638,0,CAPACITY_EXCEEDED,INVALID
3772,2,48,96,27980,29906,1,FEASIBLE,WORSE
3773,2,48,97,28857,30818,1,FEASIBLE,WORSE
3774,2,48,98,28161,30095,1,FEASIBLE,WORSE
3775,2,48,99,29261,31137,0,CAPACITY_EXCEEDED,INVALID
3776,2,49,50,29177,31127,0,CAPACITY_EXCEEDED,INVALID
3777,2,49,51,29533,31424,0,CAPACITY_EXCEEDED,INVALID
3778,2,49,52,30062,31977,0,CAPACITY_EXCEEDED,INVALID
3779,2,49,53,29660,31610,0,CAPACITY_EXCEEDED,INVALID
3780,2,49,54,29473,31389,0,CAPACITY_EXCEEDED,INVALID
3781,2,49,55,30914,32867,0,CAPACITY_EXCEEDED,INVALID
3782,2,49,56,30091,32026,0,CAPACITY_EXCEEDED,INVALID
3783,2,49,57,29429,31395,0,CAPACITY_EXCEEDED,INVALID
3784,2,49,58,29274,31271,0,CAPACITY_EXCEEDED,INVALID
3785,2,49,59,30529,32449,0,CAPACITY_EXCEEDED,INVALID
3786,2,49,60,29166,31157,0,CAPACITY_EXCEEDED,INVALID
3787,2,49,61,30522,32489,0,CAPACITY_EXCEEDED,INVALID
3788,2,49,62,29017,30988,1,FEASIBLE,WORSE
3789,2,49,63,29377,31360,0,CAPACITY_EXCEEDED,INVALID
3790,2,49,64,30569,32516,0,CAPACITY_EXCEEDED,INVALID
3791,2,49,65,30426,32382,0,CAPACITY_EXCEEDED,INVALID
3792,2,49,66,29384,31301,0,CAPACITY_EXCEEDED,INVALID
3793,2,49,67,30366,32301,0,CAPACITY_EXCEEDED,INVALID
3794,2,49,68,29405,31378,0,CAPACITY_EXCEEDED,INVALID
3795,2,49,69,30272,32159,0,CAPACITY_EXCEEDED,INVALID
3796,2,49,70,29791,31727,0,CAPACITY_EXCEEDED,INVALID
3797,2,49,71,30168,32120,0,CAPACITY_EXCEEDED,INVALID
3798,2,49,72,30594,32488,0,CAPACITY_EXCEEDED,INVALID
3799,2,49,73,30638,32579,0,CAPACITY_EXCEEDED,INVALID
3800,2,49,74,30458,32391,0,CAPACITY_EXCEEDED,INVALID
3801,2,49,75,29891,31784,0,CAPACITY_EXCEEDED,INVALID
3802,2,49,76,30739,32694,0,CAPACITY_EXCEEDED,INVALID
3803,2,49,77,30858,32800,0,CAPACITY_EXCEEDED,INVALID
3804,2,49,78,30905,32862,0,CAPACITY_EXCEEDED,INVALID
3805,2,49,79,29138,31033,0,CAPACITY_EXCEEDED,INVALID
3806,2,49,80,29082,31040,0,CAPACITY_EXCEEDED,INVALID
3807,2,49,81,29057,31018,0,CAPACITY_EXCEEDED,INVALID
3808,2,49,82,29440,31382,0,CAPACITY_EXCEEDED,INVALID
3809,2,49,83,30373,32335,0,CAPACITY_EXCEEDED,INVALID
3810,2,49,84,29275,31277,0,CAPACITY_EXCEEDED,INVALID
3811,2,49,85,29705,31660,0,CAPACITY_EXCEEDED,INVALID
3812,2,49,86,30793,32678,0,CAPACITY_EXCEEDED,INVALID
3813,2,49,87,30831,32754,0,CAPACITY_EXCEEDED,INVALID
3814,2,49,88,30877,32829,0,CAPACITY_EXCEEDED,INVALID
3815,2,49,89,30571,32504,0,CAPACITY_EXCEEDED,INVALID
3816,2,49,90,29031,30988,0,CAPACITY_EXCEEDED,INVALID
3817,2,49,91,30561,32522,0,CAPACITY_EXCEEDED,INVALID
3818,2,49,92,29530,31440,0,CAPACITY_EXCEEDED,INVALID
3819,2,49,93,29320,31291,0,CAPACITY_EXCEEDED,INVALID
3820,2,49,94,28984,30986,1,FEASIBLE,WORSE
3821,2,49,95,30898,32863,0,CAPACITY_EXCEEDED,INVALID
3822,2,49,96,29187,31131,0,CAPACITY_EXCEEDED,INVALID
3823,2,49,97,30064,32043,0,CAPACITY_EXCEEDED,INVALID
3824,2,49,98,29368,31320,0,CAPACITY_EXCEEDED,INVALID
3825,2,49,99,30468,32362,0,CAPACITY_EXCEEDED,INVALID
3826,2,50,51,27761,29683,1,FEASIBLE,WORSE
3827,2,50,52,28290,30236,1,FEASIBLE,WORSE
3828,2,50,53,27888,29869,1,FEASIBLE,WORSE
3829,2,50,54,27701,29648,1,FEASIBLE,WORSE
3830,2,50,55,29142,31126,0,CAPACITY_EXCEEDED,INVALID
3831,2,50,56,28319,30285,1,FEASIBLE,WORSE
3832,2,50,57,27657,29654,1,FEASIBLE,WORSE
3833,2,50,58,27502,29530,1,FEASIBLE,WORSE
3834,2,50,59,28757,30708,1,FEASIBLE,WORSE
3835,2,50,60,27394,29416,1,FEASIBLE,WORSE
3836,2,50,61,28750,30748,1,FEASIBLE,WORSE
3837,2,50,62,27245,29247,1,FEASIBLE,WORSE
3838,2,50,63,27605,29619,1,FEASIBLE,WORSE
3839,2,50,64,28797,30775,1,FEASIBLE,WORSE
3840,2,50,65,28654,30641,1,FEASIBLE,WORSE
3841,2,50,66,27612,29560,1,FEASIBLE,WORSE
3842,2,50,67,28594,30560,1,FEASIBLE,WORSE
3843,2,50,68,27633,29637,1,FEASIBLE,WORSE
3844,2,50,69,28500,30418,1,FEASIBLE,WORSE
3845,2,50,70,28019,29986,1,FEASIBLE,WORSE
3846,2,50,71,28396,30379,1,FEASIBLE,WORSE
3847,2,50,72,28822,30747,1,FEASIBLE,WORSE
3848,2,50,73,28866,30838,1,FEASIBLE,WORSE
3849,2,50,74,28686,30650,1,FEASIBLE,WORSE
3850,2,50,75,28119,30043,1,FEASIBLE,WORSE
3851,2,50,76,28967,30953,1,FEASIBLE,WORSE
3852,2,50,77,29086,31059,0,CAPACITY_EXCEEDED,INVALID
3853,2,50,78,29133,31121,0,CAPACITY_EXCEEDED,INVALID
3854,2,50,79,27366,29292,1,FEASIBLE,WORSE
3855,2,50,80,27310,29299,1,FEASIBLE,WORSE
3856,2,50,81,27285,29277,1,FEASIBLE,WORSE
3857,2,50,82,27668,29641,1,FEASIBLE,WORSE
3858,2,50,83,28601,30594,1,FEASIBLE,WORSE
3859,2,50,84,27503,29536,1,FEASIBLE,WORSE
3860,2,50,85,27933,29919,1,FEASIBLE,WORSE
3861,2,50,86,29021,30937,0,CAPACITY_EXCEEDED,INVALID
3862,2,50,87,29059,31013,0,CAPACITY_EXCEEDED,INVALID
3863,2,50,88,29105,31088,0,CAPACITY_EXCEEDED,INVALID
3864,2,50,89,28799,30763,1,FEASIBLE,WORSE
3865,2,50,90,27259,29247,1,FEASIBLE,WORSE
3866,2,50,91,28789,30781,1,FEASIBLE,WORSE
3867,2,50,92,27758,29699,1,FEASIBLE,WORSE
3868,2,50,93,27548,29550,1,FEASIBLE,WORSE
3869,2,50,94,27212,29245,1,FEASIBLE,WORSE
3870,2,50,95,29126,31122,0,CAPACITY_EXCEEDED,INVALID
3871,2,50,96,27415,29390,1,FEASIBLE,WORSE
3872,2,50,97,28292,30302,1,FEASIBLE,WORSE
3873,2,50,98,27596,29579,1,FEASIBLE,WORSE
3874,2,50,99,28696,30621,1,FEASIBLE,WORSE
3875,2,51,52,28646,30533,1,FEASIBLE,WORSE
3876,2,51,53,28244,30166,1,FEASIBLE,WORSE
3877,2,51,54,28057,29945,1,FEASIBLE,WORSE
3878,2,51,55,29498,31423,0,CAPACITY_EXCEEDED,INVALID
3879,2,51,56,28675,30582,1,FEASIBLE,WORSE
3880,2,51,57,28013,29951,1,FEASIBLE,WORSE
3881,2,51,58,27858,29827,1,FEASIBLE,WORSE
3882,2,51,59,29113,31005,0,CAPACITY_EXCEEDED,INVALID
3883,2,51,60,27750,29713,1,FEASIBLE,WORSE
3884,2,51,61,29106,31045,0,CAPACITY_EXCEEDED,INVALID
3885,2,51,62,27601,29544,1,FEASIBLE,WORSE
3886,2,51,63,27961,29916,1,FEASIBLE,WORSE
3887,2,51,64,29153,31072,0,CAPACITY_EXCEEDED,INVALID
3888,2,51,65,29010,30938,1,FEASIBLE,WORSE
3889,2,51,66,27968,29857,1,FEASIBLE,WORSE
3890,2,51,67,28950,30857,1,FEASIBLE,WORSE
3891,2,51,68,27989,29934,1,FEASIBLE,WORSE
3892,2,51,69,28856,30715,1,FEASIBLE,WORSE
3893,2,51,70,28375,30283,1,FEASIBLE,WORSE
3894,2,51,71,28752,30676,1,FEASIBLE,WORSE
3895,2,51,72,29178,31044,0,CAPACITY_EXCEEDED,INVALID
3896,2,51,73,29222,31135,0,CAPACITY_EXCEEDED,INVALID
3897,2,51,74,29042,30947,0,CAPACITY_EXCEEDED,INVALID
3898,2,51,75,28475,30340,1,FEASIBLE,WORSE
3899,2,51,76,29323,31250,0,CAPACITY_EXCEEDED,INVALID
3900,2,51,77,29442,31356,0,CAPACITY_EXCEEDED,INVALID
3901,2,51,78,29489,31418,0,CAPACITY_EXCEEDED,INVALID
3902,2,51,79,27722,29589,1,FEASIBLE,WORSE
3903,2,51,80,27666,29596,1,FEASIBLE,WORSE
3904,2,51,81,27641,29574,1,FEASIBLE,WORSE
3905,2,51,82,28024,29938,1,FEASIBLE,WORSE
3906,2,51,83,28957,30891,1,FEASIBLE,WORSE
3907,2,51,84,27859,29833,1,FEASIBLE,WORSE
3908,2,51,85,28289,30216,1,FEASIBLE,WORSE
3909,2,51,86,29377,31234,0,CAPACITY_EXCEEDED,INVALID
3910,2,51,87,29415,31310,0,CAPACITY_EXCEEDED,INVALID
3911,2,51,88,29461,31385,0,CAPACITY_EXCEEDED,INVALID
3912,2,51,89,29155,31060,0,CAPACITY_EXCEEDED,INVALID
3913,2,51,90,27615,29544,1,FEASIBLE,WORSE
3914,2,51,91,29145,31078,0,CAPACITY_EXCEEDED,INVALID
3915,2,51,92,28114,29996,1,FEASIBLE,WORSE
3916,2,51,93,27904,29847,1,FEASIBLE,WORSE
3917,2,51,94,27568,29542,1,FEASIBLE,WORSE
3918,2,51,95,29482,31419,0,CAPACITY_EXCEEDED,INVALID
3919,2,51,96,27771,29687,1,FEASIBLE,WORSE
3920,2,51,97,28648,30599,1,FEASIBLE,WORSE
3921,2,51,98,27952,29876,1,FEASIBLE,WORSE
3922,2,51,99,29052,30918,0,CAPACITY_EXCEEDED,INVALID
3923,2,52,53,28773,30719,1,FEASIBLE,WORSE
3924,2,52,54,28586,30498,1,FEASIBLE,WORSE
3925,2,52,55,30027,31976,0,CAPACITY_EXCEEDED,INVALID
3926,2,52,56,29204,31135,0,CAPACITY_EXCEEDED,INVALID
3927,2,52,57,28542,30504,1,FEASIBLE,WORSE
3928,2,52,58,28387,30380,1,FEASIBLE,WORSE
3929,2,52,59,29642,31558,0,CAPACITY_EXCEEDED,INVALID
3930,2,52,60,28279,30266,1,FEASIBLE,WORSE
3931,2,52,61,29635,31598,0,CAPACITY_EXCEEDED,INVALID
3932,2,52,62,28130,30097,1,FEASIBLE,WORSE
3933,2,52,63,28490,30469,1,FEASIBLE,WORSE
3934,2,52,64,29682,31625,0,CAPACITY_EXCEEDED,INVALID
3935,2,52,65,29539,31491,0,CAPACITY_EXCEEDED,INVALID
3936,2,52,66,28497,30410,1,FEASIBLE,WORSE
3937,2,52,67,29479,31410,0,CAPACITY_EXCEEDED,INVALID
3938,2,52,68,28518,30487,1,FEASIBLE,WORSE
3939,2,52,69,29385,31268,0,CAPACITY_EXCEEDED,INVALID
3940,2,52,70,28904,30836,1,FEASIBLE,WORSE
3941,2,52,71,29281,31229,0,CAPACITY_EXCEEDED,INVALID
3942,2,52,72,29707,31597,0,CAPACITY_EXCEEDED,INVALID
3943,2,52,73,29751,31688,0,CAPACITY_EXCEEDED,INVALID
3944,2,52,74,29571,31500,0,CAPACITY_EXCEEDED,INVALID
3945,2,52,75,29004,30893,1,FEASIBLE,WORSE
3946,2,52,76,29852,31803,0,CAPACITY_EXCEEDED,INVALID
3947,2,52,77,29971,31909,0,CAPACITY_EXCEEDED,INVALID
3948,2,52,78,30018,31971,0,CAPACITY_EXCEEDED,INVALID
3949,2,52,79,28251,30142,1,FEASIBLE,WORSE
3950,2,52,80,28195,30149,1,FEASIBLE,WORSE
3951,2,52,81,28170,30127,1,FEASIBLE,WORSE
3952,2,52,82,28553,30491,1,FEASIBLE,WORSE
3953,2,52,83,29486,31444,0,CAPACITY_EXCEEDED,INVALID
3954,2,52,84,28388,30386,1,FEASIBLE,WORSE
3955,2,52,85,28818,30769,1,FEASIBLE,WORSE
3956,2,52,86,29906,31787,0,CAPACITY_EXCEEDED,INVALID
3957,2,52,87,29944,31863,0,CAPACITY_EXCEEDED,INVALID
3958,2,52,88,29990,31938,0,CAPACITY_EXCEEDED,INVALID
3959,2,52,89,29684,31613,0,CAPACITY_EXCEEDED,INVALID
3960,2,52,90,28144,30097,1,FEASIBLE,WORSE
3961,2,52,91,29674,31631,0,CAPACITY_EXCEEDED,INVALID
3962,2,52,92,28643,30549,1,FEASIBLE,WORSE
3963,2,52,93,28433,30400,1,FEASIBLE,WORSE
3964,2,52,94,28097,30095,1,FEASIBLE,WORSE
3965,2,52,95,30011,31972,0,CAPACITY_EXCEEDED,INVALID
3966,2,52,96,28300,30240,1,FEASIBLE,WORSE
3967,2,52,97,29177,31152,0,CAPACITY_EXCEEDED,INVALID
3968,2,52,98,28481,30429,1,FEASIBLE,WORSE
3969,2,52,99,29581,31471,0,CAPACITY_EXCEEDED,INVALID
3970,2,53,54,28184,30131,1,FEASIBLE,WORSE
3971,2,53,55,29625,31609,0,CAPACITY_EXCEEDED,INVALID
3972,2,53,56,28802,30768,1,FEASIBLE,WORSE
3973,2,53,57,28140,30137,1,FEASIBLE,WORSE
3974,2,53,58,27985,30013,1,FEASIBLE,WORSE
3975,2,53,59,29240,31191,0,CAPACITY_EXCEEDED,INVALID
3976,2,53,60,27877,29899,1,FEASIBLE,WORSE
3977,2,53,61,29233,31231,0,CAPACITY_EXCEEDED,INVALID
3978,2,53,62,27728,29730,1,FEASIBLE,WORSE
3979,2,53,63,28088,30102,1,FEASIBLE,WORSE
3980,2,53,64,29280,31258,0,CAPACITY_EXCEEDED,INVALID
3981,2,53,65,29137,31124,0,CAPACITY_EXCEEDED,INVALID
3982,2,53,66,28095,30043,1,FEASIBLE,WORSE
3983,2,53,67,29077,31043,0,CAPACITY_EXCEEDED,INVALID
3984,2,53,68,28116,30120,1,FEASIBLE,WORSE
3985,2,53,69,28983,30901,1,FEASIBLE,WORSE
3986,2,53,70,28502,30469,1,FEASIBLE,WORSE
3987,2,53,71,28879,30862,1,FEASIBLE,WORSE
3988,2,53,72,29305,31230,0,CAPACITY_EXCEEDED,INVALID
3989,2,53,73,29349,31321,0,CAPACITY_EXCEEDED,INVALID
3990,2,53,74,29169,31133,0,CAPACITY_EXCEEDED,INVALID
3991,2,53,75,28602,30526,1,FEASIBLE,WORSE
3992,2,53,76,29450,31436,0,CAPACITY_EXCEEDED,INVALID
3993,2,53,77,29569,31542,0,CAPACITY_EXCEEDED,INVALID
3994,2,53,78,29616,31604,0,CAPACITY_EXCEEDED,INVALID
3995,2,53,79,27849,29775,1,FEASIBLE,WORSE
3996,2,53,80,27793,29782,1,FEASIBLE,WORSE
3997,2,53,81,27768,29760,1,FEASIBLE,WORSE
3998,2,53,82,28151,30124,1,FEASIBLE,WORSE
3999,2,53,83,29084,31077,0,CAPACITY_EXCEEDED,INVALID
4000,2,53,84,27986,30019,1,FEASIBLE,WORSE
4001,2,53,85,28416,30402,1,FEASIBLE,WORSE
4002,2,53,86,29504,31420,0,CAPACITY_EXCEEDED,INVALID
4003,2,53,87,29542,31496,0,CAPACITY_EXCEEDED,INVALID
4004,2,53,88,29588,31571,0,CAPACITY_EXCEEDED,INVALID
4005,2,53,89,29282,31246,0,CAPACITY_EXCEEDED,INVALID
4006,2,53,90,27742,29730,1,FEASIBLE,WORSE
4007,2,53,91,29272,31264,0,CAPACITY_EXCEEDED,INVALID
4008,2,53,92,28241,30182,1,FEASIBLE,WORSE
4009,2,53,93,28031,30033,1,FEASIBLE,WORSE
4010,2,53,94,27695,29728,1,FEASIBLE,WORSE
4011,2,53,95,29609,31605,0,CAPACITY_EXCEEDED,INVALID
4012,2,53,96,27898,29873,1,FEASIBLE,WORSE
4013,2,53,97,28775,30785,1,FEASIBLE,WORSE
4014,2,53,98,28079,30062,1,FEASIBLE,WORSE
4015,2,53,99,29179,31104,0,CAPACITY_EXCEEDED,INVALID
4016,2,54,55,29438,31388,0,CAPACITY_EXCEEDED,INVALID
4017,2,54,56,28615,30547,1,FEASIBLE,WORSE
4018,2,54,57,27953,29916,1,FEASIBLE,WORSE
4019,2,54,58,27798,29792,1,FEASIBLE,WORSE
4020,2,54,59,29053,30970,0,CAPACITY_EXCEEDED,INVALID
4021,2,54,60,27690,29678,1,FEASIBLE,WORSE
4022,2,54,61,29046,31010,0,CAPACITY_EXCEEDED,INVALID
4023,2,54,62,27541,29509,1,FEASIBLE,WORSE
4024,2,54,63,27901,29881,1,FEASIBLE,WORSE
4025,2,54,64,29093,31037,0,CAPACITY_EXCEEDED,INVALID
4026,2,54,65,28950,30903,1,FEASIBLE,WORSE
4027,2,54,66,27908,29822,1,FEASIBLE,WORSE
4028,2,54,67,28890,30822,1,FEASIBLE,WORSE
4029,2,54,68,27929,29899,1,FEASIBLE,WORSE
4030,2,54,69,28796,30680,1,FEASIBLE,WORSE
4031,2,54,70,28315,30248,1,FEASIBLE,WORSE
4032,2,54,71,28692,30641,1,FEASIBLE,WORSE
4033,2,54,72,29118,31009,0,CAPACITY_EXCEEDED,INVALID
4034,2,54,73,29162,31100,0,CAPACITY_EXCEEDED,INVALID
4035,2,54,74,28982,30912,1,FEASIBLE,WORSE
4036,2,54,75,28415,30305,1,FEASIBLE,WORSE
4037,2,54,76,29263,31215,0,CAPACITY_EXCEEDED,INVALID
4038,2,54,77,29382,31321,0,CAPACITY_EXCEEDED,INVALID
4039,2,54,78,29429,31383,0,CAPACITY_EXCEEDED,INVALID
4040,2,54,79,27662,29554,1,FEASIBLE,WORSE
4041,2,54,80,27606,29561,1,FEASIBLE,WORSE
4042,2,54,81,27581,29539,1,FEASIBLE,WORSE
4043,2,54,82,27964,29903,1,FEASIBLE,WORSE
4044,2,54,83,28897,30856,1,FEASIBLE,WORSE
4045,2,54,84,27799,29798,1,FEASIBLE,WORSE
4046,2,54,85,28229,30181,1,FEASIBLE,WORSE
4047,2,54,86,29317,31199,0,CAPACITY_EXCEEDED,INVALID
4048,2,54,87,29355,31275,0,CAPACITY_EXCEEDED,INVALID
4049,2,54,88,29401,31350,0,CAPACITY_EXCEEDED,INVALID
4050,2,54,89,29095,31025,0,CAPACITY_EXCEEDED,INVALID
4051,2,54,90,27555,29509,1,FEASIBLE,WORSE
4052,2,54,91,29085,31043,0,CAPACITY_EXCEEDED,INVALID
4053,2,54,92,28054,29961,1,FEASIBLE,WORSE
4054,2,54,93,27844,29812,1,FEASIBLE,WORSE
4055,2,54,94,27508,29507,1,FEASIBLE,WORSE
4056,2,54,95,29422,31384,0,CAPACITY_EXCEEDED,INVALID
4057,2,54,96,27711,29652,1,FEASIBLE,WORSE
4058,2,54,97,28588,30564,1,FEASIBLE,WORSE
4059,2,54,98,27892,29841,1,FEASIBLE,WORSE
4060,2,54,99,28992,30883,1,FEASIBLE,WORSE
4061,2,55,56,30056,32025,0,CAPACITY_EXCEEDED,INVALID
4062,2,55,57,29394,31394,0,CAPACITY_EXCEEDED,INVALID
4063,2,55,58,29239,31270,0,CAPACITY_EXCEEDED,INVALID
4064,2,55,59,30494,32448,0,CAPACITY_EXCEEDED,INVALID
4065,2,55,60,29131,31156,0,CAPACITY_EXCEEDED,INVALID
4066,2,55,61,30487,32488,0,CAPACITY_EXCEEDED,INVALID
4067,2,55,62,28982,30987,1,FEASIBLE,WORSE
4068,2,55,63,29342,31359,0,CAPACITY_EXCEEDED,INVALID
4069,2,55,64,30534,32515,0,CAPACITY_EXCEEDED,INVALID
4070,2,55,65,30391,32381,0,CAPACITY_EXCEEDED,INVALID
4071,2,55,66,29349,31300,0,CAPACITY_EXCEEDED,INVALID
4072,2,55,67,30331,32300,0,CAPACITY_EXCEEDED,INVALID
4073,2,55,68,29370,31377,0,CAPACITY_EXCEEDED,INVALID
4074,2,55,69,30237,32158,0,CAPACITY_EXCEEDED,INVALID
4075,2,55,70,29756,31726,0,CAPACITY_EXCEEDED,INVALID
4076,2,55,71,30133,32119,0,CAPACITY_EXCEEDED,INVALID
4077,2,55,72,30559,32487,0,CAPACITY_EXCEEDED,INVALID
4078,2,55,73,30603,32578,0,CAPACITY_EXCEEDED,INVALID
4079,2,55,74,30423,32390,0,CAPACITY_EXCEEDED,INVALID
4080,2,55,75,29856,31783,0,CAPACITY_EXCEEDED,INVALID
4081,2,55,76,30704,32693,0,CAPACITY_EXCEEDED,INVALID
4082,2,55,77,30823,32799,0,CAPACITY_EXCEEDED,INVALID
4083,2,55,78,30870,32861,0,CAPACITY_EXCEEDED,INVALID
4084,2,55,79,29103,31032,0,CAPACITY_EXCEEDED,INVALID
4085,2,55,80,29047,31039,0,CAPACITY_EXCEEDED,INVALID
4086,2,55,81,29022,31017,0,CAPACITY_EXCEEDED,INVALID
4087,2,55,82,29405,31381,0,CAPACITY_EXCEEDED,INVALID
4088,2,55,83,30338,32334,0,CAPACITY_EXCEEDED,INVALID
4089,2,55,84,29240,31276,0,CAPACITY_EXCEEDED,INVALID
4090,2,55,85,29670,31659,0,CAPACITY_EXCEEDED,INVALID
4091,2,55,86,30758,32677,0,CAPACITY_EXCEEDED,INVALID
4092,2,55,87,30796,32753,0,CAPACITY_EXCEEDED,INVALID
4093,2,55,88,30842,32828,0,CAPACITY_EXCEEDED,INVALID
4094,2,55,89,30536,32503,0,CAPACITY_EXCEEDED,INVALID
4095,2,55,90,28996,30987,1,FEASIBLE,WORSE
4096,2,55,91,30526,32521,0,CAPACITY_EXCEEDED,INVALID
4097,2,55,92,29495,31439,0,CAPACITY_EXCEEDED,INVALID
4098,2,55,93,29285,31290,0,CAPACITY_EXCEEDED,INVALID
4099,2,55,94,28949,30985,1,FEASIBLE,WORSE
4100,2,55,95,30863,32862,0,CAPACITY_EXCEEDED,INVALID
4101,2,55,96,29152,31130,0,CAPACITY_EXCEEDED,INVALID
4102,2,55,97,30029,32042,0,CAPACITY_EXCEEDED,INVALID
4103,2,55,98,29333,31319,0,CAPACITY_EXCEEDED,INVALID
4104,2,55,99,30433,32361,0,CAPACITY_EXCEEDED,INVALID
4105,2,56,57,28571,30553,1,FEASIBLE,WORSE
4106,2,56,58,28416,30429,1,FEASIBLE,WORSE
4107,2,56,59,29671,31607,0,CAPACITY_EXCEEDED,INVALID
4108,2,56,60,28308,30315,1,FEASIBLE,WORSE
4109,2,56,61,29664,31647,0,CAPACITY_EXCEEDED,INVALID
4110,2,56,62,28159,30146,1,FEASIBLE,WORSE
4111,2,56,63,28519,30518,1,FEASIBLE,WORSE
4112,2,56,64,29711,31674,0,CAPACITY_EXCEEDED,INVALID
4113,2,56,65,29568,31540,0,CAPACITY_EXCEEDED,INVALID
4114,2,56,66,28526,30459,1,FEASIBLE,WORSE
4115,2,56,67,29508,31459,0,CAPACITY_EXCEEDED,INVALID
4116,2,56,68,28547,30536,1,FEASIBLE,WORSE
4117,2,56,69,29414,31317,0,CAPACITY_EXCEEDED,INVALID
4118,2,56,70,28933,30885,1,FEASIBLE,WORSE
4119,2,56,71,29310,31278,0,CAPACITY_EXCEEDED,INVALID
4120,2,56,72,29736,31646,0,CAPACITY_EXCEEDED,INVALID
4121,2,56,73,29780,31737,0,CAPACITY_EXCEEDED,INVALID
4122,2,56,74,29600,31549,0,CAPACITY_EXCEEDED,INVALID
4123,2,56,75,29033,30942,0,CAPACITY_EXCEEDED,INVALID
4124,2,56,76,29881,31852,0,CAPACITY_EXCEEDED,INVALID
4125,2,56,77,30000,31958,0,CAPACITY_EXCEEDED,INVALID
4126,2,56,78,30047,32020,0,CAPACITY_EXCEEDED,INVALID
4127,2,56,79,28280,30191,1,FEASIBLE,WORSE
4128,2,56,80,28224,30198,1,FEASIBLE,WORSE
4129,2,56,81,28199,30176,1,FEASIBLE,WORSE
4130,2,56,82,28582,30540,1,FEASIBLE,WORSE
4131,2,56,83,29515,31493,0,CAPACITY_EXCEEDED,INVALID
4132,2,56,84,28417,30435,1,FEASIBLE,WORSE
4133,2,56,85,28847,30818,1,FEASIBLE,WORSE
4134,2,56,86,29935,31836,0,CAPACITY_EXCEEDED,INVALID
4135,2,56,87,29973,31912,0,CAPACITY_EXCEEDED,INVALID
4136,2,56,88,30019,31987,0,CAPACITY_EXCEEDED,INVALID
4137,2,56,89,29713,31662,0,CAPACITY_EXCEEDED,INVALID
4138,2,56,90,28173,30146,1,FEASIBLE,WORSE
4139,2,56,91,29703,31680,0,CAPACITY_EXCEEDED,INVALID
4140,2,56,92,28672,30598,1,FEASIBLE,WORSE
4141,2,56,93,28462,30449,1,FEASIBLE,WORSE
4142,2,56,94,28126,30144,1,FEASIBLE,WORSE
4143,2,56,95,30040,32021,0,CAPACITY_EXCEEDED,INVALID
4144,2,56,96,28329,30289,1,FEASIBLE,WORSE
4145,2,56,97,29206,31201,0,CAPACITY_EXCEEDED,INVALID
4146,2,56,98,28510,30478,1,FEASIBLE,WORSE
4147,2,56,99,29610,31520,0,CAPACITY_EXCEEDED,INVALID
4148,2,57,58,27754,29798,1,FEASIBLE,WORSE
4149,2,57,59,29009,30976,1,FEASIBLE,WORSE
4150,2,57,60,27646,29684,1,FEASIBLE,WORSE
4151,2,57,61,29002,31016,1,FEASIBLE,WORSE
4152,2,57,62,27497,29515,1,FEASIBLE,WORSE
4153,2,57,63,27857,29887,1,FEASIBLE,WORSE
4154,2,57,64,29049,31043,0,CAPACITY_EXCEEDED,INVALID
4155,2,57,65,28906,30909,1,FEASIBLE,WORSE
4156,2,57,66,27864,29828,1,FEASIBLE,WORSE
4157,2,57,67,28846,30828,1,FEASIBLE,WORSE
4158,2,57,68,27885,29905,1,FEASIBLE,WORSE
4159,2,57,69,28752,30686,1,FEASIBLE,WORSE
4160,2,57,70,28271,30254,1,FEASIBLE,WORSE
4161,2,57,71,28648,30647,1,FEASIBLE,WORSE
4162,2,57,72,29074,31015,0,CAPACITY_EXCEEDED,INVALID
4163,2,57,73,29118,31106,0,CAPACITY_EXCEEDED,INVALID
4164,2,57,74,28938,30918,1,FEASIBLE,WORSE
4165,2,57,75,28371,30311,1,FEASIBLE,WORSE
4166,2,57,76,29219,31221,0,CAPACITY_EXCEEDED,INVALID
4167,2,57,77,29338,31327,0,CAPACITY_EXCEEDED,INVALID
4168,2,57,78,29385,31389,0,CAPACITY_EXCEEDED,INVALID
4169,2,57,79,27618,29560,1,FEASIBLE,WORSE
4170,2,57,80,27562,29567,1,FEASIBLE,WORSE
4171,2,57,81,27537,29545,1,FEASIBLE,WORSE
4172,2,57,82,27920,29909,1,FEASIBLE,WORSE
4173,2,57,83,28853,30862,1,FEASIBLE,WORSE
4174,2,57,84,27755,29804,1,FEASIBLE,WORSE
4175,2,57,85,28185,30187,1,FEASIBLE,WORSE
4176,2,57,86,29273,31205,0,CAPACITY_EXCEEDED,INVALID
4177,2,57,87,29311,31281,0,CAPACITY_EXCEEDED,INVALID
4178,2,57,88,29357,31356,0,CAPACITY_EXCEEDED,INVALID
4179,2,57,89,29051,31031,0,CAPACITY_EXCEEDED,INVALID
4180,2,57,90,27511,29515,1,FEASIBLE,WORSE
4181,2,57,91,29041,31049,0,CAPACITY_EXCEEDED,INVALID
4182,2,57,92,28010,29967,1,FEASIBLE,WORSE
4183,2,57,93,27800,29818,1,FEASIBLE,WORSE
4184,2,57,94,27464,29513,1,FEASIBLE,WORSE
4185,2,57,95,29378,31390,0,CAPACITY_EXCEEDED,INVALID
4186,2,57,96,27667,29658,1,FEASIBLE,WORSE
4187,2,57,97,28544,30570,1,FEASIBLE,WORSE
4188,2,57,98,27848,29847,1,FEASIBLE,WORSE
4189,2,57,99,28948,30889,1,FEASIBLE,WORSE
4190,2,58,59,28854,30852,1,FEASIBLE,WORSE
4191,2,58,60,27491,29560,1,FEASIBLE,WORSE
4192,2,58,61,28847,30892,1,FEASIBLE,WORSE
4193,2,58,62,27342,29391,1,FEASIBLE,WORSE
4194,2,58,63,27702,29763,1,FEASIBLE,WORSE
4195,2,58,64,28894,30919,1,FEASIBLE,WORSE
4196,2,58,65,28751,30785,1,FEASIBLE,WORSE
4197,2,58,66,27709,29704,1,FEASIBLE,WORSE
4198,2,58,67,28691,30704,1,FEASIBLE,WORSE
4199,2,58,68,27730,29781,1,FEASIBLE,WORSE
4200,2,58,69,28597,30562,1,FEASIBLE,WORSE
4201,2,58,70,28116,30130,1,FEASIBLE,WORSE
4202,2,58,71,28493,30523,1,FEASIBLE,WORSE
4203,2,58,72,28919,30891,1,FEASIBLE,WORSE
4204,2,58,73,28963,30982,1,FEASIBLE,WORSE
4205,2,58,74,28783,30794,1,FEASIBLE,WORSE
4206,2,58,75,28216,30187,1,FEASIBLE,WORSE
4207,2,58,76,29064,31097,0,CAPACITY_EXCEEDED,INVALID
4208,2,58,77,29183,31203,0,CAPACITY_EXCEEDED,INVALID
4209,2,58,78,29230,31265,0,CAPACITY_EXCEEDED,INVALID
4210,2,58,79,27463,29436,1,FEASIBLE,WORSE
4211,2,58,80,27407,29443,1,FEASIBLE,WORSE
4212,2,58,81,27382,29421,1,FEASIBLE,WORSE
4213,2,58,82,27765,29785,1,FEASIBLE,WORSE
4214,2,58,83,28698,30738,1,FEASIBLE,WORSE
4215,2,58,84,27600,29680,1,FEASIBLE,WORSE
4216,2,58,85,28030,30063,1,FEASIBLE,WORSE
4217,2,58,86,29118,31081,0,CAPACITY_EXCEEDED,INVALID
4218,2,58,87,29156,31157,0,CAPACITY_EXCEEDED,INVALID
4219,2,58,88,29202,31232,0,CAPACITY_EXCEEDED,INVALID
4220,2,58,89,28896,30907,1,FEASIBLE,WORSE
4221,2,58,90,27356,29391,1,FEASIBLE,WORSE
4222,2,58,91,28886,30925,1,FEASIBLE,WORSE
4223,2,58,92,27855,29843,1,FEASIBLE,WORSE
4224,2,58,93,27645,29694,1,FEASIBLE,WORSE
4225,2,58,94,27309,29389,1,FEASIBLE,WORSE
4226,2,58,95,29223,31266,0,CAPACITY_EXCEEDED,INVALID
4227,2,58,96,27512,29534,1,FEASIBLE,WORSE
4228,2,58,97,28389,30446,1,FEASIBLE,WORSE
4229,2,58,98,27693,29723,1,FEASIBLE,WORSE
4230,2,58,99,28793,30765,1,FEASIBLE,WORSE
4231,2,59,60,28746,30738,1,FEASIBLE,WORSE
4232,2,59,61,30102,32070,0,CAPACITY_EXCEEDED,INVALID
4233,2,59,62,28597,30569,1,FEASIBLE,WORSE
4234,2,59,63,28957,30941,1,FEASIBLE,WORSE
4235,2,59,64,30149,32097,0,CAPACITY_EXCEEDED,INVALID
4236,2,59,65,30006,31963,0,CAPACITY_EXCEEDED,INVALID
4237,2,59,66,28964,30882,1,FEASIBLE,WORSE
4238,2,59,67,29946,31882,0,CAPACITY_EXCEEDED,INVALID
4239,2,59,68,28985,30959,1,FEASIBLE,WORSE
4240,2,59,69,29852,31740,0,CAPACITY_EXCEEDED,INVALID
4241,2,59,70,29371,31308,0,CAPACITY_EXCEEDED,INVALID
4242,2,59,71,29748,31701,0,CAPACITY_EXCEEDED,INVALID
4243,2,59,72,30174,32069,0,CAPACITY_EXCEEDED,INVALID
4244,2,59,73,30218,32160,0,CAPACITY_EXCEEDED,INVALID
4245,2,59,74,30038,31972,0,CAPACITY_EXCEEDED,INVALID
4246,2,59,75,29471,31365,0,CAPACITY_EXCEEDED,INVALID
4247,2,59,76,30319,32275,0,CAPACITY_EXCEEDED,INVALID
4248,2,59,77,30438,32381,0,CAPACITY_EXCEEDED,INVALID
4249,2,59,78,30485,32443,0,CAPACITY_EXCEEDED,INVALID
4250,2,59,79,28718,30614,1,FEASIBLE,WORSE
4251,2,59,80,28662,30621,1,FEASIBLE,WORSE
4252,2,59,81,28637,30599,1,FEASIBLE,WORSE
4253,2,59,82,29020,30963,0,CAPACITY_EXCEEDED,INVALID
4254,2,59,83,29953,31916,0,CAPACITY_EXCEEDED,INVALID
4255,2,59,84,28855,30858,1,FEASIBLE,WORSE
4256,2,59,85,29285,31241,0,CAPACITY_EXCEEDED,INVALID
4257,2,59,86,30373,32259,0,CAPACITY_EXCEEDED,INVALID
4258,2,59,87,30411,32335,0,CAPACITY_EXCEEDED,INVALID
4259,2,59,88,30457,32410,0,CAPACITY_EXCEEDED,INVALID
4260,2,59,89,30151,32085,0,CAPACITY_EXCEEDED,INVALID
4261,2,59,90,28611,30569,1,FEASIBLE,WORSE
4262,2,59,91,30141,32103,0,CAPACITY_EXCEEDED,INVALID
4263,2,59,92,29110,31021,0,CAPACITY_EXCEEDED,INVALID
4264,2,59,93,28900,30872,1,FEASIBLE,WORSE
4265,2,59,94,28564,30567,1,FEASIBLE,WORSE
4266,2,59,95,30478,32444,0,CAPACITY_EXCEEDED,INVALID
4267,2,59,96,28767,30712,1,FEASIBLE,WORSE
4268,2,59,97,29644,31624,0,CAPACITY_EXCEEDED,INVALID
4269,2,59,98,28948,30901,1,FEASIBLE,WORSE
4270,2,59,99,30048,31943,0,CAPACITY_EXCEEDED,INVALID
4271,2,60,61,28739,30778,1,FEASIBLE,WORSE
4272,2,60,62,27234,29277,1,FEASIBLE,WORSE
4273,2,60,63,27594,29649,1,FEASIBLE,WORSE
4274,2,60,64,28786,30805,1,FEASIBLE,WORSE
4275,2,60,65,28643,30671,1,FEASIBLE,WORSE
4276,2,60,66,27601,29590,1,FEASIBLE,WORSE
4277,2,60,67,28583,30590,1,FEASIBLE,WORSE
4278,2,60,68,27622,29667,1,FEASIBLE,WORSE
4279,2,60,69,28489,30448,1,FEASIBLE,WORSE
4280,2,60,70,28008,30016,1,FEASIBLE,WORSE
4281,2,60,71,28385,30409,1,FEASIBLE,WORSE
4282,2,60,72,28811,30777,1,FEASIBLE,WORSE
4283,2,60,73,28855,30868,1,FEASIBLE,WORSE
4284,2,60,74,28675,30680,1,FEASIBLE,WORSE
4285,2,60,75,28108,30073,1,FEASIBLE,WORSE
4286,2,60,76,28956,30983,1,FEASIBLE,WORSE
4287,2,60,77,29075,31089,0,CAPACITY_EXCEEDED,INVALID
4288,2,60,78,29122,31151,0,CAPACITY_EXCEEDED,INVALID
4289,2,60,79,27355,29322,1,FEASIBLE,WORSE
4290,2,60,80,27299,29329,1,FEASIBLE,WORSE
4291,2,60,81,27274,29307,1,FEASIBLE,WORSE
4292,2,60,82,27657,29671,1,FEASIBLE,WORSE
4293,2,60,83,28590,30624,1,FEASIBLE,WORSE
4294,2,60,84,27492,29566,1,FEASIBLE,WORSE
4295,2,60,85,27922,29949,1,FEASIBLE,WORSE
4296,2,60,86,29010,30967,1,FEASIBLE,WORSE
4297,2,60,87,29048,31043,0,CAPACITY_EXCEEDED,INVALID
4298,2,60,88,29094,31118,0,CAPACITY_EXCEEDED,INVALID
4299,2,60,89,28788,30793,1,FEASIBLE,WORSE
4300,2,60,90,27248,29277,1,FEASIBLE,WORSE
4301,2,60,91,28778,30811,1,FEASIBLE,WORSE
4302,2,60,92,27747,29729,1,FEASIBLE,WORSE
4303,2,60,93,27537,29580,1,FEASIBLE,WORSE
4304,2,60,94,27201,29275,1,FEASIBLE,WORSE
4305,2,60,95,29115,31152,0,CAPACITY_EXCEEDED,INVALID
4306,2,60,96,27404,29420,1,FEASIBLE,WORSE
4307,2,60,97,28281,30332,1,FEASIBLE,WORSE
4308,2,60,98,27585,29609,1,FEASIBLE,WORSE
4309,2,60,99,28685,30651,1,FEASIBLE,WORSE
4310,2,61,62,28590,30609,1,FEASIBLE,WORSE
4311,2,61,63,28950,30981,1,FEASIBLE,WORSE
4312,2,61,64,30142,32137,0,CAPACITY_EXCEEDED,INVALID
4313,2,61,65,29999,32003,0,CAPACITY_EXCEEDED,INVALID
4314,2,61,66,28957,30922,1,FEASIBLE,WORSE
4315,2,61,67,29939,31922,0,CAPACITY_EXCEEDED,INVALID
4316,2,61,68,28978,30999,1,FEASIBLE,WORSE
4317,2,61,69,29845,31780,0,CAPACITY_EXCEEDED,INVALID
4318,2,61,70,29364,31348,0,CAPACITY_EXCEEDED,INVALID
4319,2,61,71,29741,31741,0,CAPACITY_EXCEEDED,INVALID
4320,2,61,72,30167,32109,0,CAPACITY_EXCEEDED,INVALID
4321,2,61,73,30211,32200,0,CAPACITY_EXCEEDED,INVALID
4322,2,61,74,30031,32012,0,CAPACITY_EXCEEDED,INVALID
4323,2,61,75,29464,31405,0,CAPACITY_EXCEEDED,INVALID
4324,2,61,76,30312,32315,0,CAPACITY_EXCEEDED,INVALID
4325,2,61,77,30431,32421,0,CAPACITY_EXCEEDED,INVALID
4326,2,61,78,30478,32483,0,CAPACITY_EXCEEDED,INVALID
4327,2,61,79,28711,30654,1,FEASIBLE,WORSE
4328,2,61,80,28655,30661,1,FEASIBLE,WORSE
4329,2,61,81,28630,30639,1,FEASIBLE,WORSE
4330,2,61,82,29013,31003,1,FEASIBLE,WORSE
4331,2,61,83,29946,31956,0,CAPACITY_EXCEEDED,INVALID
4332,2,61,84,28848,30898,1,FEASIBLE,WORSE
4333,2,61,85,29278,31281,0,CAPACITY_EXCEEDED,INVALID
4334,2,61,86,30366,32299,0,CAPACITY_EXCEEDED,INVALID
4335,2,61,87,30404,32375,0,CAPACITY_EXCEEDED,INVALID
4336,2,61,88,30450,32450,0,CAPACITY_EXCEEDED,INVALID
4337,2,61,89,30144,32125,0,CAPACITY_EXCEEDED,INVALID
4338,2,61,90,28604,30609,1,FEASIBLE,WORSE
4339,2,61,91,30134,32143,0,CAPACITY_EXCEEDED,INVALID
4340,2,61,92,29103,31061,0,CAPACITY_EXCEEDED,INVALID
4341,2,61,93,28893,30912,1,FEASIBLE,WORSE
4342,2,61,94,28557,30607,1,FEASIBLE,WORSE
4343,2,61,95,30471,32484,0,CAPACITY_EXCEEDED,INVALID
4344,2,61,96,28760,30752,1,FEASIBLE,WORSE
4345,2,61,97,29637,31664,0,CAPACITY_EXCEEDED,INVALID
4346,2,61,98,28941,30941,1,FEASIBLE,WORSE
4347,2,61,99,30041,31983,0,CAPACITY_EXCEEDED,INVALID
4348,2,62,63,27445,29480,1,FEASIBLE,WORSE
4349,2,62,64,28637,30636,1,FEASIBLE,WORSE
4350,2,62,65,28494,30502,1,FEASIBLE,WORSE
4351,2,62,66,27452,29421,1,FEASIBLE,WORSE
4352,2,62,67,28434,30421,1,FEASIBLE,WORSE
4353,2,62,68,27473,29498,1,FEASIBLE,WORSE
4354,2,62,69,28340,30279,1,FEASIBLE,WORSE
4355,2,62,70,27859,29847,1,FEASIBLE,WORSE
4356,2,62,71,28236,30240,1,FEASIBLE,WORSE
4357,2,62,72,28662,30608,1,FEASIBLE,WORSE
4358,2,62,73,28706,30699,1,FEASIBLE,WORSE
4359,2,62,74,28526,30511,1,FEASIBLE,WORSE
4360,2,62,75,27959,29904,1,FEASIBLE,WORSE
4361,2,62,76,28807,30814,1,FEASIBLE,WORSE
4362,2,62,77,28926,30920,1,FEASIBLE,WORSE
4363,2,62,78,28973,30982,1,FEASIBLE,WORSE
4364,2,62,79,27206,29153,1,FEASIBLE,WORSE
4365,2,62,80,27150,29160,1,FEASIBLE,WORSE
4366,2,62,81,27125,29138,1,FEASIBLE,WORSE
4367,2,62,82,27508,29502,1,FEASIBLE,WORSE
4368,2,62,83,28441,30455,1,FEASIBLE,WORSE
4369,2,62,84,27343,29397,1,FEASIBLE,WORSE
4370,2,62,85,27773,29780,1,FEASIBLE,WORSE
4371,2,62,86,28861,30798,1,FEASIBLE,WORSE
4372,2,62,87,28899,30874,1,FEASIBLE,WORSE
4373,2,62,88,28945,30949,1,FEASIBLE,WORSE
4374,2,62,89,28639,30624,1,FEASIBLE,WORSE
4375,2,62,90,27099,29108,1,FEASIBLE,WORSE
4376,2,62,91,28629,30642,1,FEASIBLE,WORSE
4377,2,62,92,27598,29560,1,FEASIBLE,WORSE
4378,2,62,93,27388,29411,1,FEASIBLE,WORSE
4379,2,62,94,27052,29106,1,FEASIBLE,WORSE
4380,2,62,95,28966,30983,1,FEASIBLE,WORSE
4381,2,62,96,27255,29251,1,FEASIBLE,WORSE
4382,2,62,97,28132,30163,1,FEASIBLE,WORSE
4383,2,62,98,27436,29440,1,FEASIBLE,WORSE
4384,2,62,99,28536,30482,1,FEASIBLE,WORSE
4385,2,63,64,28997,31008,1,FEASIBLE,WORSE
4386,2,63,65,28854,30874,1,FEASIBLE,WORSE
4387,2,63,66,27812,29793,1,FEASIBLE,WORSE
4388,2,63,67,28794,30793,1,FEASIBLE,WORSE
4389,2,63,68,27833,29870,1,FEASIBLE,WORSE
4390,2,63,69,28700,30651,1,FEASIBLE,WORSE
4391,2,63,70,28219,30219,1,FEASIBLE,WORSE
4392,2,63,71,28596,30612,1,FEASIBLE,WORSE
4393,2,63,72,29022,30980,0,CAPACITY_EXCEEDED,INVALID
4394,2,63,73,29066,31071,0,CAPACITY_EXCEEDED,INVALID
4395,2,63,74,28886,30883,1,FEASIBLE,WORSE
4396,2,63,75,28319,30276,1,FEASIBLE,WORSE
4397,2,63,76,29167,31186,0,CAPACITY_EXCEEDED,INVALID
4398,2,63,77,29286,31292,0,CAPACITY_EXCEEDED,INVALID
4399,2,63,78,29333,31354,0,CAPACITY_EXCEEDED,INVALID
4400,2,63,79,27566,29525,1,FEASIBLE,WORSE
4401,2,63,80,27510,29532,1,FEASIBLE,WORSE
4402,2,63,81,27485,29510,1,FEASIBLE,WORSE
4403,2,63,82,27868,29874,1,FEASIBLE,WORSE
4404,2,63,83,28801,30827,1,FEASIBLE,WORSE
4405,2,63,84,27703,29769,1,FEASIBLE,WORSE
4406,2,63,85,28133,30152,1,FEASIBLE,WORSE
4407,2,63,86,29221,31170,0,CAPACITY_EXCEEDED,INVALID
4408,2,63,87,29259,31246,0,CAPACITY_EXCEEDED,INVALID
4409,2,63,88,29305,31321,0,CAPACITY_EXCEEDED,INVALID
4410,2,63,89,28999,30996,1,FEASIBLE,WORSE
4411,2,63,90,27459,29480,1,FEASIBLE,WORSE
4412,2,63,91,28989,31014,1,FEASIBLE,WORSE
4413,2,63,92,27958,29932,1,FEASIBLE,WORSE
4414,2,63,93,27748,29783,1,FEASIBLE,WORSE
4415,2,63,94,27412,29478,1,FEASIBLE,WORSE
4416,2,63,95,29326,31355,0,CAPACITY_EXCEEDED,INVALID
4417,2,63,96,27615,29623,1,FEASIBLE,WORSE
4418,2,63,97,28492,30535,1,FEASIBLE,WORSE
4419,2,63,98,27796,29812,1,FEASIBLE,WORSE
4420,2,63,99,28896,30854,1,FEASIBLE,WORSE
4421,2,64,65,30046,32030,0,CAPACITY_EXCEEDED,INVALID
4422,2,64,66,29004,30949,1,FEASIBLE,WORSE
4423,2,64,67,29986,31949,0,CAPACITY_EXCEEDED,INVALID
4424,2,64,68,29025,31026,0,CAPACITY_EXCEEDED,INVALID
4425,2,64,69,29892,31807,0,CAPACITY_EXCEEDED,INVALID
4426,2,64,70,29411,31375,0,CAPACITY_EXCEEDED,INVALID
4427,2,64,71,29788,31768,0,CAPACITY_EXCEEDED,INVALID
4428,2,64,72,30214,32136,0,CAPACITY_EXCEEDED,INVALID
4429,2,64,73,30258,32227,0,CAPACITY_EXCEEDED,INVALID
4430,2,64,74,30078,32039,0,CAPACITY_EXCEEDED,INVALID
4431,2,64,75,29511,31432,0,CAPACITY_EXCEEDED,INVALID
4432,2,64,76,30359,32342,0,CAPACITY_EXCEEDED,INVALID
4433,2,64,77,30478,32448,0,CAPACITY_EXCEEDED,INVALID
4434,2,64,78,30525,32510,0,CAPACITY_EXCEEDED,INVALID
4435,2,64,79,28758,30681,1,FEASIBLE,WORSE
4436,2,64,80,28702,30688,1,FEASIBLE,WORSE
4437,2,64,81,28677,30666,1,FEASIBLE,WORSE
4438,2,64,82,29060,31030,0,CAPACITY_EXCEEDED,INVALID
4439,2,64,83,29993,31983,0,CAPACITY_EXCEEDED,INVALID
4440,2,64,84,28895,30925,1,FEASIBLE,WORSE
4441,2,64,85,29325,31308,0,CAPACITY_EXCEEDED,INVALID
4442,2,64,86,30413,32326,0,CAPACITY_EXCEEDED,INVALID
4443,2,64,87,30451,32402,0,CAPACITY_EXCEEDED,INVALID
4444,2,64,88,30497,32477,0,CAPACITY_EXCEEDED,INVALID
4445,2,64,89,30191,32152,0,CAPACITY_EXCEEDED,INVALID
4446,2,64,90,28651,30636,1,FEASIBLE,WORSE
4447,2,64,91,30181,32170,0,CAPACITY_EXCEEDED,INVALID
4448,2,64,92,29150,31088,0,CAPACITY_EXCEEDED,INVALID
4449,2,64,93,28940,30939,1,FEASIBLE,WORSE
4450,2,64,94,28604,30634,1,FEASIBLE,WORSE
4451,2,64,95,30518,32511,0,CAPACITY_EXCEEDED,INVALID
4452,2,64,96,28807,30779,1,FEASIBLE,WORSE
4453,2,64,97,29684,31691,0,CAPACITY_EXCEEDED,INVALID
4454,2,64,98,28988,30968,1,FEASIBLE,WORSE
4455,2,64,99,30088,32010,0,CAPACITY_EXCEEDED,INVALID
4456,2,65,66,28861,30815,1,FEASIBLE,WORSE
4457,2,65,67,29843,31815,0,CAPACITY_EXCEEDED,INVALID
4458,2,65,68,28882,30892,1,FEASIBLE,WORSE
4459,2,65,69,29749,31673,0,CAPACITY_EXCEEDED,INVALID
4460,2,65,70,29268,31241,0,CAPACITY_EXCEEDED,INVALID
4461,2,65,71,29645,31634,0,CAPACITY_EXCEEDED,INVALID
4462,2,65,72,30071,32002,0,CAPACITY_EXCEEDED,INVALID
4463,2,65,73,30115,32093,0,CAPACITY_EXCEEDED,INVALID
4464,2,65,74,29935,31905,0,CAPACITY_EXCEEDED,INVALID
4465,2,65,75,29368,31298,0,CAPACITY_EXCEEDED,INVALID
4466,2,65,76,30216,32208,0,CAPACITY_EXCEEDED,INVALID
4467,2,65,77,30335,32314,0,CAPACITY_EXCEEDED,INVALID
4468,2,65,78,30382,32376,0,CAPACITY_EXCEEDED,INVALID
4469,2,65,79,28615,30547,1,FEASIBLE,WORSE
4470,2,65,80,28559,30554,1,FEASIBLE,WORSE
4471,2,65,81,28534,30532,1,FEASIBLE,WORSE
4472,2,65,82,28917,30896,1,FEASIBLE,WORSE
4473,2,65,83,29850,31849,0,CAPACITY_EXCEEDED,INVALID
4474,2,65,84,28752,30791,1,FEASIBLE,WORSE
4475,2,65,85,29182,31174,0,CAPACITY_EXCEEDED,INVALID
4476,2,65,86,30270,32192,0,CAPACITY_EXCEEDED,INVALID
4477,2,65,87,30308,32268,0,CAPACITY_EXCEEDED,INVALID
4478,2,65,88,30354,32343,0,CAPACITY_EXCEEDED,INVALID
4479,2,65,89,30048,32018,0,CAPACITY_EXCEEDED,INVALID
4480,2,65,90,28508,30502,1,FEASIBLE,WORSE
4481,2,65,91,30038,32036,0,CAPACITY_EXCEEDED,INVALID
4482,2,65,92,29007,30954,1,FEASIBLE,WORSE
4483,2,65,93,28797,30805,1,FEASIBLE,WORSE
4484,2,65,94,28461,30500,1,FEASIBLE,WORSE
4485,2,65,95,30375,32377,0,CAPACITY_EXCEEDED,INVALID
4486,2,65,96,28664,30645,1,FEASIBLE,WORSE
4487,2,65,97,29541,31557,0,CAPACITY_EXCEEDED,INVALID
4488,2,65,98,28845,30834,1,FEASIBLE,WORSE
4489,2,65,99,29945,31876,0,CAPACITY_EXCEEDED,INVALID
4490,2,66,67,28801,30734,1,FEASIBLE,WORSE
4491,2,66,68,27840,29811,1,FEASIBLE,WORSE
4492,2,66,69,28707,30592,1,FEASIBLE,WORSE
4493,2,66,70,28226,30160,1,FEASIBLE,WORSE
4494,2,66,71,28603,30553,1,FEASIBLE,WORSE
4495,2,66,72,29029,30921,0,CAPACITY_EXCEEDED,INVALID
4496,2,66,73,29073,31012,0,CAPACITY_EXCEEDED,INVALID
4497,2,66,74,28893,30824,1,FEASIBLE,WORSE
4498,2,66,75,28326,30217,1,FEASIBLE,WORSE
4499,2,66,76,29174,31127,0,CAPACITY_EXCEEDED,INVALID
4500,2,66,77,29293,31233,0,CAPACITY_EXCEEDED,INVALID
4501,2,66,78,29340,31295,0,CAPACITY_EXCEEDED,INVALID
4502,2,66,79,27573,29466,1,FEASIBLE,WORSE
4503,2,66,80,27517,29473,1,FEASIBLE,WORSE
4504,2,66,81,27492,29451,1,FEASIBLE,WORSE
4505,2,66,82,27875,29815,1,FEASIBLE,WORSE
4506,2,66,83,28808,30768,1,FEASIBLE,WORSE
4507,2,66,84,27710,29710,1,FEASIBLE,WORSE
4508,2,66,85,28140,30093,1,FEASIBLE,WORSE
4509,2,66,86,29228,31111,0,CAPACITY_EXCEEDED,INVALID
4510,2,66,87,29266,31187,0,CAPACITY_EXCEEDED,INVALID
4511,2,66,88,29312,31262,0,CAPACITY_EXCEEDED,INVALID
4512,2,66,89,29006,30937,1,FEASIBLE,WORSE
4513,2,66,90,27466,29421,1,FEASIBLE,WORSE
4514,2,66,91,28996,30955,1,FEASIBLE,WORSE
4515,2,66,92,27965,29873,1,FEASIBLE,WORSE
4516,2,66,93,27755,29724,1,FEASIBLE,WORSE
4517,2,66,94,27419,29419,1,FEASIBLE,WORSE
4518,2,66,95,29333,31296,0,CAPACITY_EXCEEDED,INVALID
4519,2,66,96,27622,29564,1,FEASIBLE,WORSE
4520,2,66,97,28499,30476,1,FEASIBLE,WORSE
4521,2,66,98,27803,29753,1,FEASIBLE,WORSE
4522,2,66,99,28903,30795,1,FEASIBLE,WORSE
4523,2,67,68,28822,30811,1,FEASIBLE,WORSE
4524,2,67,69,29689,31592,0,CAPACITY_EXCEEDED,INVALID
4525,2,67,70,29208,31160,0,CAPACITY_EXCEEDED,INVALID
4526,2,67,71,29585,31553,0,CAPACITY_EXCEEDED,INVALID
4527,2,67,72,30011,31921,0,CAPACITY_EXCEEDED,INVALID
4528,2,67,73,30055,32012,0,CAPACITY_EXCEEDED,INVALID
4529,2,67,74,29875,31824,0,CAPACITY_EXCEEDED,INVALID
4530,2,67,75,29308,31217,0,CAPACITY_EXCEEDED,INVALID
4531,2,67,76,30156,32127,0,CAPACITY_EXCEEDED,INVALID
4532,2,67,77,30275,32233,0,CAPACITY_EXCEEDED,INVALID
4533,2,67,78,30322,32295,0,CAPACITY_EXCEEDED,INVALID
4534,2,67,79,28555,30466,1,FEASIBLE,WORSE
4535,2,67,80,28499,30473,1,FEASIBLE,WORSE
4536,2,67,81,28474,30451,1,FEASIBLE,WORSE
4537,2,67,82,28857,30815,1,FEASIBLE,WORSE
4538,2,67,83,29790,31768,0,CAPACITY_EXCEEDED,INVALID
4539,2,67,84,28692,30710,1,FEASIBLE,WORSE
4540,2,67,85,29122,31093,0,CAPACITY_EXCEEDED,INVALID
4541,2,67,86,30210,32111,0,CAPACITY_EXCEEDED,INVALID
4542,2,67,87,30248,32187,0,CAPACITY_EXCEEDED,INVALID
4543,2,67,88,30294,32262,0,CAPACITY_EXCEEDED,INVALID
4544,2,67,89,29988,31937,0,CAPACITY_EXCEEDED,INVALID
4545,2,67,90,28448,30421,1,FEASIBLE,WORSE
4546,2,67,91,29978,31955,0,CAPACITY_EXCEEDED,INVALID
4547,2,67,92,28947,30873,1,FEASIBLE,WORSE
4548,2,67,93,28737,30724,1,FEASIBLE,WORSE
4549,2,67,94,28401,30419,1,FEASIBLE,WORSE
4550,2,67,95,30315,32296,0,CAPACITY_EXCEEDED,INVALID
4551,2,67,96,28604,30564,1,FEASIBLE,WORSE
4552,2,67,97,29481,31476,0,CAPACITY_EXCEEDED,INVALID
4553,2,67,98,28785,30753,1,FEASIBLE,WORSE
4554,2,67,99,29885,31795,0,CAPACITY_EXCEEDED,INVALID
4555,2,68,69,28728,30669,1,FEASIBLE,WORSE
4556,2,68,70,28247,30237,1,FEASIBLE,WORSE
4557,2,68,71,28624,30630,1,FEASIBLE,WORSE
4558,2,68,72,29050,30998,0,CAPACITY_EXCEEDED,INVALID
4559,2,68,73,29094,31089,0,CAPACITY_EXCEEDED,INVALID
4560,2,68,74,28914,30901,1,FEASIBLE,WORSE
4561,2,68,75,28347,30294,1,FEASIBLE,WORSE
4562,2,68,76,29195,31204,0,CAPACITY_EXCEEDED,INVALID
4563,2,68,77,29314,31310,0,CAPACITY_EXCEEDED,INVALID
4564,2,68,78,29361,31372,0,CAPACITY_EXCEEDED,INVALID
4565,2,68,79,27594,29543,1,FEASIBLE,WORSE
4566,2,68,80,27538,29550,1,FEASIBLE,WORSE
4567,2,68,81,27513,29528,1,FEASIBLE,WORSE
4568,2,68,82,27896,29892,1,FEASIBLE,WORSE
4569,2,68,83,28829,30845,1,FEASIBLE,WORSE
4570,2,68,84,27731,29787,1,FEASIBLE,WORSE
4571,2,68,85,28161,30170,1,FEASIBLE,WORSE
4572,2,68,86,29249,31188,0,CAPACITY_EXCEEDED,INVALID
4573,2,68,87,29287,31264,0,CAPACITY_EXCEEDED,INVALID
4574,2,68,88,29333,31339,0,CAPACITY_EXCEEDED,INVALID
4575,2,68,89,29027,31014,0,CAPACITY_EXCEEDED,INVALID
4576,2,68,90,27487,29498,1,FEASIBLE,WORSE
4577,2,68,91,29017,31032,1,FEASIBLE,WORSE
4578,2,68,92,27986,29950,1,FEASIBLE,WORSE
4579,2,68,93,27776,29801,1,FEASIBLE,WORSE
4580,2,68,94,27440,29496,1,FEASIBLE,WORSE
4581,2,68,95,29354,31373,0,CAPACITY_EXCEEDED,INVALID
4582,2,68,96,27643,29641,1,FEASIBLE,WORSE
4583,2,68,97,28520,30553,1,FEASIBLE,WORSE
4584,2,68,98,27824,29830,1,FEASIBLE,WORSE
4585,2,68,99,28924,30872,1,FEASIBLE,WORSE
4586,2,69,70,29114,31018,0,CAPACITY_EXCEEDED,INVALID
4587,2,69,71,29491,31411,0,CAPACITY_EXCEEDED,INVALID
4588,2,69,72,29917,31779,0,CAPACITY_EXCEEDED,INVALID
4589,2,69,73,29961,31870,0,CAPACITY_EXCEEDED,INVALID
4590,2,69,74,29781,31682,0,CAPACITY_EXCEEDED,INVALID
4591,2,69,75,29214,31075,0,CAPACITY_EXCEEDED,INVALID
4592,2,69,76,30062,31985,0,CAPACITY_EXCEEDED,INVALID
4593,2,69,77,30181,32091,0,CAPACITY_EXCEEDED,INVALID
4594,2,69,78,30228,32153,0,CAPACITY_EXCEEDED,INVALID
4595,2,69,79,28461,30324,1,FEASIBLE,WORSE
4596,2,69,80,28405,30331,1,FEASIBLE,WORSE
4597,2,69,81,28380,30309,1,FEASIBLE,WORSE
4598,2,69,82,28763,30673,1,FEASIBLE,WORSE
4599,2,69,83,29696,31626,0,CAPACITY_EXCEEDED,INVALID
4600,2,69,84,28598,30568,1,FEASIBLE,WORSE
4601,2,69,85,29028,30951,0,CAPACITY_EXCEEDED,INVALID
4602,2,69,86,30116,31969,0,CAPACITY_EXCEEDED,INVALID
4603,2,69,87,30154,32045,0,CAPACITY_EXCEEDED,INVALID
4604,2,69,88,30200,32120,0,CAPACITY_EXCEEDED,INVALID
4605,2,69,89,29894,31795,0,CAPACITY_EXCEEDED,INVALID
4606,2,69,90,28354,30279,1,FEASIBLE,WORSE
4607,2,69,91,29884,31813,0,CAPACITY_EXCEEDED,INVALID
4608,2,69,92,28853,30731,1,FEASIBLE,WORSE
4609,2,69,93,28643,30582,1,FEASIBLE,WORSE
4610,2,69,94,28307,30277,1,FEASIBLE,WORSE
4611,2,69,95,30221,32154,0,CAPACITY_EXCEEDED,INVALID
4612,2,69,96,28510,30422,1,FEASIBLE,WORSE
4613,2,69,97,29387,31334,0,CAPACITY_EXCEEDED,INVALID
4614,2,69,98,28691,30611,1,FEASIBLE,WORSE
4615,2,69,99,29791,31653,0,CAPACITY_EXCEEDED,INVALID
4616,2,70,71,29010,30979,1,FEASIBLE,WORSE
4617,2,70,72,29436,31347,0,CAPACITY_EXCEEDED,INVALID
4618,2,70,73,29480,31438,0,CAPACITY_EXCEEDED,INVALID
4619,2,70,74,29300,31250,0,CAPACITY_EXCEEDED,INVALID
4620,2,70,75,28733,30643,1,FEASIBLE,WORSE
4621,2,70,76,29581,31553,0,CAPACITY_EXCEEDED,INVALID
4622,2,70,77,29700,31659,0,CAPACITY_EXCEEDED,INVALID
4623,2,70,78,29747,31721,0,CAPACITY_EXCEEDED,INVALID
4624,2,70,79,27980,29892,1,FEASIBLE,WORSE
4625,2,70,80,27924,29899,1,FEASIBLE,WORSE
4626,2,70,81,27899,29877,1,FEASIBLE,WORSE
4627,2,70,82,28282,30241,1,FEASIBLE,WORSE
4628,2,70,83,29215,31194,0,CAPACITY_EXCEEDED,INVALID
4629,2,70,84,28117,30136,1,FEASIBLE,WORSE
4630,2,70,85,28547,30519,1,FEASIBLE,WORSE
4631,2,70,86,29635,31537,0,CAPACITY_EXCEEDED,INVALID
4632,2,70,87,29673,31613,0,CAPACITY_EXCEEDED,INVALID
4633,2,70,88,29719,31688,0,CAPACITY_EXCEEDED,INVALID
4634,2,70,89,29413,31363,0,CAPACITY_EXCEEDED,INVALID
4635,2,70,90,27873,29847,1,FEASIBLE,WORSE
4636,2,70,91,29403,31381,0,CAPACITY_EXCEEDED,INVALID
4637,2,70,92,28372,30299,1,FEASIBLE,WORSE
4638,2,70,93,28162,30150,1,FEASIBLE,WORSE
4639,2,70,94,27826,29845,1,FEASIBLE,WORSE
4640,2,70,95,29740,31722,0,CAPACITY_EXCEEDED,INVALID
4641,2,70,96,28029,29990,1,FEASIBLE,WORSE
4642,2,70,97,28906,30902,1,FEASIBLE,WORSE
4643,2,70,98,28210,30179,1,FEASIBLE,WORSE
4644,2,70,99,29310,31221,0,CAPACITY_EXCEEDED,INVALID
4645,2,71,72,29813,31740,0,CAPACITY_EXCEEDED,INVALID
4646,2,71,73,29857,31831,0,CAPACITY_EXCEEDED,INVALID
4647,2,71,74,29677,31643,0,CAPACITY_EXCEEDED,INVALID
4648,2,71,75,29110,31036,0,CAPACITY_EXCEEDED,INVALID
4649,2,71,76,29958,31946,0,CAPACITY_EXCEEDED,INVALID
4650,2,71,77,30077,32052,0,CAPACITY_EXCEEDED,INVALID
4651,2,71,78,30124,32114,0,CAPACITY_EXCEEDED,INVALID
4652,2,71,79,28357,30285,1,FEASIBLE,WORSE
4653,2,71,80,28301,30292,1,FEASIBLE,WORSE
4654,2,71,81,28276,30270,1,FEASIBLE,WORSE
4655,2,71,82,28659,30634,1,FEASIBLE,WORSE
4656,2,71,83,29592,31587,0,CAPACITY_EXCEEDED,INVALID
4657,2,71,84,28494,30529,1,FEASIBLE,WORSE
4658,2,71,85,28924,30912,1,FEASIBLE,WORSE
4659,2,71,86,30012,31930,0,CAPACITY_EXCEEDED,INVALID
4660,2,71,87,30050,32006,0,CAPACITY_EXCEEDED,INVALID
4661,2,71,88,30096,32081,0,CAPACITY_EXCEEDED,INVALID
4662,2,71,89,29790,31756,0,CAPACITY_EXCEEDED,INVALID
4663,2,71,90,28250,30240,1,FEASIBLE,WORSE
4664,2,71,91,29780,31774,0,CAPACITY_EXCEEDED,INVALID
4665,2,71,92,28749,30692,1,FEASIBLE,WORSE
4666,2,71,93,28539,30543,1,FEASIBLE,WORSE
4667,2,71,94,28203,30238,1,FEASIBLE,WORSE
4668,2,71,95,30117,32115,0,CAPACITY_EXCEEDED,INVALID
4669,2,71,96,28406,30383,1,FEASIBLE,WORSE
4670,2,71,97,29283,31295,0,CAPACITY_EXCEEDED,INVALID
4671,2,71,98,28587,30572,1,FEASIBLE,WORSE
4672,2,71,99,29687,31614,0,CAPACITY_EXCEEDED,INVALID
4673,2,72,73,30283,32199,0,CAPACITY_EXCEEDED,INVALID
4674,2,72,74,30103,32011,0,CAPACITY_EXCEEDED,INVALID
4675,2,72,75,29536,31404,0,CAPACITY_EXCEEDED,INVALID
4676,2,72,76,30384,32314,0,CAPACITY_EXCEEDED,INVALID
4677,2,72,77,30503,32420,0,CAPACITY_EXCEEDED,INVALID
4678,2,72,78,30550,32482,0,CAPACITY_EXCEEDED,INVALID
4679,2,72,79,28783,30653,1,FEASIBLE,WORSE
4680,2,72,80,28727,30660,1,FEASIBLE,WORSE
4681,2,72,81,28702,30638,1,FEASIBLE,WORSE
4682,2,72,82,29085,31002,0,CAPACITY_EXCEEDED,INVALID
4683,2,72,83,30018,31955,0,CAPACITY_EXCEEDED,INVALID
4684,2,72,84,28920,30897,1,FEASIBLE,WORSE
4685,2,72,85,29350,31280,0,CAPACITY_EXCEEDED,INVALID
4686,2,72,86,30438,32298,0,CAPACITY_EXCEEDED,INVALID
4687,2,72,87,30476,32374,0,CAPACITY_EXCEEDED,INVALID
4688,2,72,88,30522,32449,0,CAPACITY_EXCEEDED,INVALID
4689,2,72,89,30216,32124,0,CAPACITY_EXCEEDED,INVALID
4690,2,72,90,28676,30608,1,FEASIBLE,WORSE
4691,2,72,91,30206,32142,0,CAPACITY_EXCEEDED,INVALID
4692,2,72,92,29175,31060,0,CAPACITY_EXCEEDED,INVALID
4693,2,72,93,28965,30911,1,FEASIBLE,WORSE
4694,2,72,94,28629,30606,1,FEASIBLE,WORSE
4695,2,72,95,30543,32483,0,CAPACITY_EXCEEDED,INVALID
4696,2,72,96,28832,30751,1,FEASIBLE,WORSE
4697,2,72,97,29709,31663,0,CAPACITY_EXCEEDED,INVALID
4698,2,72,98,29013,30940,1,FEASIBLE,WORSE
4699,2,72,99,30113,31982,0,CAPACITY_EXCEEDED,INVALID
4700,2,73,74,30147,32102,0,CAPACITY_EXCEEDED,INVALID
4701,2,73,75,29580,31495,0,CAPACITY_EXCEEDED,INVALID
4702,2,73,76,30428,32405,0,CAPACITY_EXCEEDED,INVALID
4703,2,73,77,30547,32511,0,CAPACITY_EXCEEDED,INVALID
4704,2,73,78,30594,32573,0,CAPACITY_EXCEEDED,INVALID
4705,2,73,79,28827,30744,1,FEASIBLE,WORSE
4706,2,73,80,28771,30751,1,FEASIBLE,WORSE
4707,2,73,81,28746,30729,1,FEASIBLE,WORSE
4708,2,73,82,29129,31093,0,CAPACITY_EXCEEDED,INVALID
4709,2,73,83,30062,32046,0,CAPACITY_EXCEEDED,INVALID
4710,2,73,84,28964,30988,1,FEASIBLE,WORSE
4711,2,73,85,29394,31371,0,CAPACITY_EXCEEDED,INVALID
4712,2,73,86,30482,32389,0,CAPACITY_EXCEEDED,INVALID
4713,2,73,87,30520,32465,0,CAPACITY_EXCEEDED,INVALID
4714,2,73,88,30566,32540,0,CAPACITY_EXCEEDED,INVALID
4715,2,73,89,30260,32215,0,CAPACITY_EXCEEDED,INVALID
4716,2,73,90,28720,30699,1,FEASIBLE,WORSE
4717,2,73,91,30250,32233,0,CAPACITY_EXCEEDED,INVALID
4718,2,73,92,29219,31151,0,CAPACITY_EXCEEDED,INVALID
4719,2,73,93,29009,31002,1,FEASIBLE,WORSE
4720,2,73,94,28673,30697,1,FEASIBLE,WORSE
4721,2,73,95,30587,32574,0,CAPACITY_EXCEEDED,INVALID
4722,2,73,96,28876,30842,1,FEASIBLE,WORSE
4723,2,73,97,29753,31754,0,CAPACITY_EXCEEDED,INVALID
4724,2,73,98,29057,31031,0,CAPACITY_EXCEEDED,INVALID
4725,2,73,99,30157,32073,0,CAPACITY_EXCEEDED,INVALID
4726,2,74,75,29400,31307,0,CAPACITY_EXCEEDED,INVALID
4727,2,74,76,30248,32217,0,CAPACITY_EXCEEDED,INVALID
4728,2,74,77,30367,32323,0,CAPACITY_EXCEEDED,INVALID
4729,2,74,78,30414,32385,0,CAPACITY_EXCEEDED,INVALID
4730,2,74,79,28647,30556,1,FEASIBLE,WORSE
4731,2,74,80,28591,30563,1,FEASIBLE,WORSE
4732,2,74,81,28566,30541,1,FEASIBLE,WORSE
4733,2,74,82,28949,30905,1,FEASIBLE,WORSE
4734,2,74,83,29882,31858,0,CAPACITY_EXCEEDED,INVALID
4735,2,74,84,28784,30800,1,FEASIBLE,WORSE
4736,2,74,85,29214,31183,0,CAPACITY_EXCEEDED,INVALID
4737,2,74,86,30302,32201,0,CAPACITY_EXCEEDED,INVALID
4738,2,74,87,30340,32277,0,CAPACITY_EXCEEDED,INVALID
4739,2,74,88,30386,32352,0,CAPACITY_EXCEEDED,INVALID
4740,2,74,89,30080,32027,0,CAPACITY_EXCEEDED,INVALID
4741,2,74,90,28540,30511,1,FEASIBLE,WORSE
4742,2,74,91,30070,32045,0,CAPACITY_EXCEEDED,INVALID
4743,2,74,92,29039,30963,0,CAPACITY_EXCEEDED,INVALID
4744,2,74,93,28829,30814,1,FEASIBLE,WORSE
4745,2,74,94,28493,30509,1,FEASIBLE,WORSE
4746,2,74,95,30407,32386,0,CAPACITY_EXCEEDED,INVALID
4747,2,74,96,28696,30654,1,FEASIBLE,WORSE
4748,2,74,97,29573,31566,0,CAPACITY_EXCEEDED,INVALID
4749,2,74,98,28877,30843,1,FEASIBLE,WORSE
4750,2,74,99,29977,31885,0,CAPACITY_EXCEEDED,INVALID
4751,2,75,76,29681,31610,0,CAPACITY_EXCEEDED,INVALID
4752,2,75,77,29800,31716,0,CAPACITY_EXCEEDED,INVALID
4753,2,75,78,29847,31778,0,CAPACITY_EXCEEDED,INVALID
4754,2,75,79,28080,29949,1,FEASIBLE,WORSE
4755,2,75,80,28024,29956,1,FEASIBLE,WORSE
4756,2,75,81,27999,29934,1,FEASIBLE,WORSE
4757,2,75,82,28382,30298,1,FEASIBLE,WORSE
4758,2,75,83,29315,31251,0,CAPACITY_EXCEEDED,INVALID
4759,2,75,84,28217,30193,1,FEASIBLE,WORSE
4760,2,75,85,28647,30576,1,FEASIBLE,WORSE
4761,2,75,86,29735,31594,0,CAPACITY_EXCEEDED,INVALID
4762,2,75,87,29773,31670,0,CAPACITY_EXCEEDED,INVALID
4763,2,75,88,29819,31745,0,CAPACITY_EXCEEDED,INVALID
4764,2,75,89,29513,31420,0,CAPACITY_EXCEEDED,INVALID
4765,2,75,90,27973,29904,1,FEASIBLE,WORSE
4766,2,75,91,29503,31438,0,CAPACITY_EXCEEDED,INVALID
4767,2,75,92,28472,30356,1,FEASIBLE,WORSE
4768,2,75,93,28262,30207,1,FEASIBLE,WORSE
4769,2,75,94,27926,29902,1,FEASIBLE,WORSE
4770,2,75,95,29840,31779,0,CAPACITY_EXCEEDED,INVALID
4771,2,75,96,28129,30047,1,FEASIBLE,WORSE
4772,2,75,97,29006,30959,1,FEASIBLE,WORSE
4773,2,75,98,28310,30236,1,FEASIBLE,WORSE
4774,2,75,99,29410,31278,0,CAPACITY_EXCEEDED,INVALID
4775,2,76,77,30648,32626,0,CAPACITY_EXCEEDED,INVALID
4776,2,76,78,30695,32688,0,CAPACITY_EXCEEDED,INVALID
4777,2,76,79,28928,30859,1,FEASIBLE,WORSE
4778,2,76,80,28872,30866,1,FEASIBLE,WORSE
4779,2,76,81,28847,30844,1,FEASIBLE,WORSE
4780,2,76,82,29230,31208,0,CAPACITY_EXCEEDED,INVALID
4781,2,76,83,30163,32161,0,CAPACITY_EXCEEDED,INVALID
4782,2,76,84,29065,31103,0,CAPACITY_EXCEEDED,INVALID
4783,2,76,85,29495,31486,0,CAPACITY_EXCEEDED,INVALID
4784,2,76,86,30583,32504,0,CAPACITY_EXCEEDED,INVALID
4785,2,76,87,30621,32580,0,CAPACITY_EXCEEDED,INVALID
4786,2,76,88,30667,32655,0,CAPACITY_EXCEEDED,INVALID
4787,2,76,89,30361,32330,0,CAPACITY_EXCEEDED,INVALID
4788,2,76,90,28821,30814,1,FEASIBLE,WORSE
4789,2,76,91,30351,32348,0,CAPACITY_EXCEEDED,INVALID
4790,2,76,92,29320,31266,0,CAPACITY_EXCEEDED,INVALID
4791,2,76,93,29110,31117,0,CAPACITY_EXCEEDED,INVALID
4792,2,76,94,28774,30812,1,FEASIBLE,WORSE
4793,2,76,95,30688,32689,0,CAPACITY_EXCEEDED,INVALID
4794,2,76,96,28977,30957,1,FEASIBLE,WORSE
4795,2,76,97,29854,31869,0,CAPACITY_EXCEEDED,INVALID
4796,2,76,98,29158,31146,0,CAPACITY_EXCEEDED,INVALID
4797,2,76,99,30258,32188,0,CAPACITY_EXCEEDED,INVALID
4798,2,77,78,30814,32794,0,CAPACITY_EXCEEDED,INVALID
4799,2,77,79,29047,30965,0,CAPACITY_EXCEEDED,INVALID
4800,2,77,80,28991,30972,1,FEASIBLE,WORSE
4801,2,77,81,28966,30950,1,FEASIBLE,WORSE
4802,2,77,82,29349,31314,0,CAPACITY_EXCEEDED,INVALID
4803,2,77,83,30282,32267,0,CAPACITY_EXCEEDED,INVALID
4804,2,77,84,29184,31209,0,CAPACITY_EXCEEDED,INVALID
4805,2,77,85,29614,31592,0,CAPACITY_EXCEEDED,INVALID
4806,2,77,86,30702,32610,0,CAPACITY_EXCEEDED,INVALID
4807,2,77,87,30740,32686,0,CAPACITY_EXCEEDED,INVALID
4808,2,77,88,30786,32761,0,CAPACITY_EXCEEDED,INVALID
4809,2,77,89,30480,32436,0,CAPACITY_EXCEEDED,INVALID
4810,2,77,90,28940,30920,1,FEASIBLE,WORSE
4811,2,77,91,30470,32454,0,CAPACITY_EXCEEDED,INVALID
4812,2,77,92,29439,31372,0,CAPACITY_EXCEEDED,INVALID
4813,2,77,93,29229,31223,0,CAPACITY_EXCEEDED,INVALID
4814,2,77,94,28893,30918,1,FEASIBLE,WORSE
4815,2,77,95,30807,32795,0,CAPACITY_EXCEEDED,INVALID
4816,2,77,96,29096,31063,0,CAPACITY_EXCEEDED,INVALID
4817,2,77,97,29973,31975,0,CAPACITY_EXCEEDED,INVALID
4818,2,77,98,29277,31252,0,CAPACITY_EXCEEDED,INVALID
4819,2,77,99,30377,32294,0,CAPACITY_EXCEEDED,INVALID
4820,2,78,79,29094,31027,0,CAPACITY_EXCEEDED,INVALID
4821,2,78,80,29038,31034,0,CAPACITY_EXCEEDED,INVALID
4822,2,78,81,29013,31012,1,FEASIBLE,WORSE
4823,2,78,82,29396,31376,0,CAPACITY_EXCEEDED,INVALID
4824,2,78,83,30329,32329,0,CAPACITY_EXCEEDED,INVALID
4825,2,78,84,29231,31271,0,CAPACITY_EXCEEDED,INVALID
4826,2,78,85,29661,31654,0,CAPACITY_EXCEEDED,INVALID
4827,2,78,86,30749,32672,0,CAPACITY_EXCEEDED,INVALID
4828,2,78,87,30787,32748,0,CAPACITY_EXCEEDED,INVALID
4829,2,78,88,30833,32823,0,CAPACITY_EXCEEDED,INVALID
4830,2,78,89,30527,32498,0,CAPACITY_EXCEEDED,INVALID
4831,2,78,90,28987,30982,1,FEASIBLE,WORSE
4832,2,78,91,30517,32516,0,CAPACITY_EXCEEDED,INVALID
4833,2,78,92,29486,31434,0,CAPACITY_EXCEEDED,INVALID
4834,2,78,93,29276,31285,0,CAPACITY_EXCEEDED,INVALID
4835,2,78,94,28940,30980,1,FEASIBLE,WORSE
4836,2,78,95,30854,32857,0,CAPACITY_EXCEEDED,INVALID
4837,2,78,96,29143,31125,0,CAPACITY_EXCEEDED,INVALID
4838,2,78,97,30020,32037,0,CAPACITY_EXCEEDED,INVALID
4839,2,78,98,29324,31314,0,CAPACITY_EXCEEDED,INVALID
4840,2,78,99,30424,32356,0,CAPACITY_EXCEEDED,INVALID
4841,2,79,80,27271,29205,1,FEASIBLE,WORSE
4842,2,79,81,27246,29183,1,FEASIBLE,WORSE
4843,2,79,82,27629,29547,1,FEASIBLE,WORSE
4844,2,79,83,28562,30500,1,FEASIBLE,WORSE
4845,2,79,84,27464,29442,1,FEASIBLE,WORSE
4846,2,79,85,27894,29825,1,FEASIBLE,WORSE
4847,2,79,86,28982,30843,1,FEASIBLE,WORSE
4848,2,79,87,29020,30919,0,CAPACITY_EXCEEDED,INVALID
4849,2,79,88,29066,30994,0,CAPACITY_EXCEEDED,INVALID
4850,2,79,89,28760,30669,1,FEASIBLE,WORSE
4851,2,79,90,27220,29153,1,FEASIBLE,WORSE
4852,2,79,91,28750,30687,1,FEASIBLE,WORSE
4853,2,79,92,27719,29605,1,FEASIBLE,WORSE
4854,2,79,93,27509,29456,1,FEASIBLE,WORSE
4855,2,79,94,27173,29151,1,FEASIBLE,WORSE
4856,2,79,95,29087,31028,0,CAPACITY_EXCEEDED,INVALID
4857,2,79,96,27376,29296,1,FEASIBLE,WORSE
4858,2,79,97,28253,30208,1,FEASIBLE,WORSE
4859,2,79,98,27557,29485,1,FEASIBLE,WORSE
4860,2,79,99,28657,30527,1,FEASIBLE,WORSE
4861,2,80,81,27190,29190,1,FEASIBLE,WORSE
4862,2,80,82,27573,29554,1,FEASIBLE,WORSE
4863,2,80,83,28506,30507,1,FEASIBLE,WORSE
4864,2,80,84,27408,29449,1,FEASIBLE,WORSE
4865,2,80,85,27838,29832,1,FEASIBLE,WORSE
4866,2,80,86,28926,30850,1,FEASIBLE,WORSE
4867,2,80,87,28964,30926,1,FEASIBLE,WORSE
4868,2,80,88,29010,31001,1,FEASIBLE,WORSE
4869,2,80,89,28704,30676,1,FEASIBLE,WORSE
4870,2,80,90,27164,29160,1,FEASIBLE,WORSE
4871,2,80,91,28694,30694,1,FEASIBLE,WORSE
4872,2,80,92,27663,29612,1,FEASIBLE,WORSE
4873,2,80,93,27453,29463,1,FEASIBLE,WORSE
4874,2,80,94,27117,29158,1,FEASIBLE,WORSE
4875,2,80,95,29031,31035,0,CAPACITY_EXCEEDED,INVALID
4876,2,80,96,27320,29303,1,FEASIBLE,WORSE
4877,2,80,97,28197,30215,1,FEASIBLE,WORSE
4878,2,80,98,27501,29492,1,FEASIBLE,WORSE
4879,2,80,99,28601,30534,1,FEASIBLE,WORSE
4880,2,81,82,27548,29532,1,FEASIBLE,WORSE
4881,2,81,83,28481,30485,1,FEASIBLE,WORSE
4882,2,81,84,27383,29427,1,FEASIBLE,WORSE
4883,2,81,85,27813,29810,1,FEASIBLE,WORSE
4884,2,81,86,28901,30828,1,FEASIBLE,WORSE
4885,2,81,87,28939,30904,1,FEASIBLE,WORSE
4886,2,81,88,28985,30979,1,FEASIBLE,WORSE
4887,2,81,89,28679,30654,1,FEASIBLE,WORSE
4888,2,81,90,27139,29138,1,FEASIBLE,WORSE
4889,2,81,91,28669,30672,1,FEASIBLE,WORSE
4890,2,81,92,27638,29590,1,FEASIBLE,WORSE
4891,2,81,93,27428,29441,1,FEASIBLE,WORSE
4892,2,81,94,27092,29136,1,FEASIBLE,WORSE
4893,2,81,95,29006,31013,1,FEASIBLE,WORSE
4894,2,81,96,27295,29281,1,FEASIBLE,WORSE
4895,2,81,97,28172,30193,1,FEASIBLE,WORSE
4896,2,81,98,27476,29470,1,FEASIBLE,WORSE
4897,2,81,99,28576,30512,1,FEASIBLE,WORSE
4898,2,82,83,28864,30849,1,FEASIBLE,WORSE
4899,2,82,84,27766,29791,1,FEASIBLE,WORSE
4900,2,82,85,28196,30174,1,FEASIBLE,WORSE
4901,2,82,86,29284,31192,0,CAPACITY_EXCEEDED,INVALID
4902,2,82,87,29322,31268,0,CAPACITY_EXCEEDED,INVALID
4903,2,82,88,29368,31343,0,CAPACITY_EXCEEDED,INVALID
4904,2,82,89,29062,31018,0,CAPACITY_EXCEEDED,INVALID
4905,2,82,90,27522,29502,1,FEASIBLE,WORSE
4906,2,82,91,29052,31036,0,CAPACITY_EXCEEDED,INVALID
4907,2,82,92,28021,29954,1,FEASIBLE,WORSE
4908,2,82,93,27811,29805,1,FEASIBLE,WORSE
4909,2,82,94,27475,29500,1,FEASIBLE,WORSE
4910,2,82,95,29389,31377,0,CAPACITY_EXCEEDED,INVALID
4911,2,82,96,27678,29645,1,FEASIBLE,WORSE
4912,2,82,97,28555,30557,1,FEASIBLE,WORSE
4913,2,82,98,27859,29834,1,FEASIBLE,WORSE
4914,2,82,99,28959,30876,1,FEASIBLE,WORSE
4915,2,83,84,28699,30744,1,FEASIBLE,WORSE
4916,2,83,85,29129,31127,0,CAPACITY_EXCEEDED,INVALID
4917,2,83,86,30217,32145,0,CAPACITY_EXCEEDED,INVALID
4918,2,83,87,30255,32221,0,CAPACITY_EXCEEDED,INVALID
4919,2,83,88,30301,32296,0,CAPACITY_EXCEEDED,INVALID
4920,2,83,89,29995,31971,0,CAPACITY_EXCEEDED,INVALID
4921,2,83,90,28455,30455,1,FEASIBLE,WORSE
4922,2,83,91,29985,31989,0,CAPACITY_EXCEEDED,INVALID
4923,2,83,92,28954,30907,1,FEASIBLE,WORSE
4924,2,83,93,28744,30758,1,FEASIBLE,WORSE
4925,2,83,94,28408,30453,1,FEASIBLE,WORSE
4926,2,83,95,30322,32330,0,CAPACITY_EXCEEDED,INVALID
4927,2,83,96,28611,30598,1,FEASIBLE,WORSE
4928,2,83,97,29488,31510,0,CAPACITY_EXCEEDED,INVALID
4929,2,83,98,28792,30787,1,FEASIBLE,WORSE
4930,2,83,99,29892,31829,0,CAPACITY_EXCEEDED,INVALID
4931,2,84,85,28031,30069,1,FEASIBLE,WORSE
4932,2,84,86,29119,31087,0,CAPACITY_EXCEEDED,INVALID
4933,2,84,87,29157,31163,0,CAPACITY_EXCEEDED,INVALID
4934,2,84,88,29203,31238,0,CAPACITY_EXCEEDED,INVALID
4935,2,84,89,28897,30913,1,FEASIBLE,WORSE
4936,2,84,90,27357,29397,1,FEASIBLE,WORSE
4937,2,84,91,28887,30931,1,FEASIBLE,WORSE
4938,2,84,92,27856,29849,1,FEASIBLE,WORSE
4939,2,84,93,27646,29700,1,FEASIBLE,WORSE
4940,2,84,94,27310,29395,1,FEASIBLE,WORSE
4941,2,84,95,29224,31272,0,CAPACITY_EXCEEDED,INVALID
4942,2,84,96,27513,29540,1,FEASIBLE,WORSE
4943,2,84,97,28390,30452,1,FEASIBLE,WORSE
4944,2,84,98,27694,29729,1,FEASIBLE,WORSE
4945,2,84,99,28794,30771,1,FEASIBLE,WORSE
4946,2,85,86,29549,31470,0,CAPACITY_EXCEEDED,INVALID
4947,2,85,87,29587,31546,0,CAPACITY_EXCEEDED,INVALID
4948,2,85,88,29633,31621,0,CAPACITY_EXCEEDED,INVALID
4949,2,85,89,29327,31296,0,CAPACITY_EXCEEDED,INVALID
4950,2,85,90,27787,29780,1,FEASIBLE,WORSE
4951,2,85,91,29317,31314,0,CAPACITY_EXCEEDED,INVALID
4952,2,85,92,28286,30232,1,FEASIBLE,WORSE
4953,2,85,93,28076,30083,1,FEASIBLE,WORSE
4954,2,85,94,27740,29778,1,FEASIBLE,WORSE
4955,2,85,95,29654,31655,0,CAPACITY_EXCEEDED,INVALID
4956,2,85,96,27943,29923,1,FEASIBLE,WORSE
4957,2,85,97,28820,30835,1,FEASIBLE,WORSE
4958,2,85,98,28124,30112,1,FEASIBLE,WORSE
4959,2,85,99,29224,31154,0,CAPACITY_EXCEEDED,INVALID
4960,2,86,87,30675,32564,0,CAPACITY_EXCEEDED,INVALID
4961,2,86,88,30721,32639,0,CAPACITY_EXCEEDED,INVALID
4962,2,86,89,30415,32314,0,CAPACITY_EXCEEDED,INVALID
4963,2,86,90,28875,30798,1,FEASIBLE,WORSE
4964,2,86,91,30405,32332,0,CAPACITY_EXCEEDED,INVALID
4965,2,86,92,29374,31250,0,CAPACITY_EXCEEDED,INVALID
4966,2,86,93,29164,31101,0,CAPACITY_EXCEEDED,INVALID
4967,2,86,94,28828,30796,1,FEASIBLE,WORSE
4968,2,86,95,30742,32673,0,CAPACITY_EXCEEDED,INVALID
4969,2,86,96,29031,30941,0,CAPACITY_EXCEEDED,INVALID
4970,2,86,97,29908,31853,0,CAPACITY_EXCEEDED,INVALID
4971,2,86,98,29212,31130,0,CAPACITY_EXCEEDED,INVALID
4972,2,86,99,30312,32172,0,CAPACITY_EXCEEDED,INVALID
4973,2,87,88,30759,32715,0,CAPACITY_EXCEEDED,INVALID
4974,2,87,89,30453,32390,0,CAPACITY_EXCEEDED,INVALID
4975,2,87,90,28913,30874,1,FEASIBLE,WORSE
4976,2,87,91,30443,32408,0,CAPACITY_EXCEEDED,INVALID
4977,2,87,92,29412,31326,0,CAPACITY_EXCEEDED,INVALID
4978,2,87,93,29202,31177,0,CAPACITY_EXCEEDED,INVALID
4979,2,87,94,28866,30872,1,FEASIBLE,WORSE
4980,2,87,95,30780,32749,0,CAPACITY_EXCEEDED,INVALID
4981,2,87,96,29069,31017,0,CAPACITY_EXCEEDED,INVALID
4982,2,87,97,29946,31929,0,CAPACITY_EXCEEDED,INVALID
4983,2,87,98,29250,31206,0,CAPACITY_EXCEEDED,INVALID
4984,2,87,99,30350,32248,0,CAPACITY_EXCEEDED,INVALID
4985,2,88,89,30499,32465,0,CAPACITY_EXCEEDED,INVALID
4986,2,88,90,28959,30949,1,FEASIBLE,WORSE
4987,2,88,91,30489,32483,0,CAPACITY_EXCEEDED,INVALID
4988,2,88,92,29458,31401,0,CAPACITY_EXCEEDED,INVALID
4989,2,88,93,29248,31252,0,CAPACITY_EXCEEDED,INVALID
4990,2,88,94,28912,30947,1,FEASIBLE,WORSE
4991,2,88,95,30826,32824,0,CAPACITY_EXCEEDED,INVALID
4992,2,88,96,29115,31092,0,CAPACITY_EXCEEDED,INVALID
4993,2,88,97,29992,32004,0,CAPACITY_EXCEEDED,INVALID
4994,2,88,98,29296,31281,0,CAPACITY_EXCEEDED,INVALID
4995,2,88,99,30396,32323,0,CAPACITY_EXCEEDED,INVALID
4996,2,89,90,28653,30624,1,FEASIBLE,WORSE
4997,2,89,91,30183,32158,0,CAPACITY_EXCEEDED,INVALID
4998,2,89,92,29152,31076,0,CAPACITY_EXCEEDED,INVALID
4999,2,89,93,28942,30927,1,FEASIBLE,WORSE
5000,2,89,94,28606,30622,1,FEASIBLE,WORSE
5001,2,89,95,30520,32499,0,CAPACITY_EXCEEDED,INVALID
5002,2,89,96,28809,30767,1,FEASIBLE,WORSE
5003,2,89,97,29686,31679,0,CAPACITY_EXCEEDED,INVALID
5004,2,89,98,28990,30956,1,FEASIBLE,WORSE
5005,2,89,99,30090,31998,0,CAPACITY_EXCEEDED,INVALID
5006,2,90,91,28643,30642,1,FEASIBLE,WORSE
5007,2,90,92,27612,29560,1,FEASIBLE,WORSE
5008,2,90,93,27402,29411,1,FEASIBLE,WORSE
5009,2,90,94,27066,29106,1,FEASIBLE,WORSE
5010,2,90,95,28980,30983,1,FEASIBLE,WORSE
5011,2,90,96,27269,29251,1,FEASIBLE,WORSE
5012,2,90,97,28146,30163,1,FEASIBLE,WORSE
5013,2,90,98,27450,29440,1,FEASIBLE,WORSE
5014,2,90,99,28550,30482,1,FEASIBLE,WORSE
5015,2,91,92,29142,31094,0,CAPACITY_EXCEEDED,INVALID
5016,2,91,93,28932,30945,1,FEASIBLE,WORSE
5017,2,91,94,28596,30640,1,FEASIBLE,WORSE
5018,2,91,95,30510,32517,0,CAPACITY_EXCEEDED,INVALID
5019,2,91,96,28799,30785,1,FEASIBLE,WORSE
5020,2,91,97,29676,31697,0,CAPACITY_EXCEEDED,INVALID
5021,2,91,98,28980,30974,1,FEASIBLE,WORSE
5022,2,91,99,30080,32016,0,CAPACITY_EXCEEDED,INVALID
5023,2,92,93,27901,29863,1,FEASIBLE,WORSE
5024,2,92,94,27565,29558,1,FEASIBLE,WORSE
5025,2,92,95,29479,31435,0,CAPACITY_EXCEEDED,INVALID
5026,2,92,96,27768,29703,1,FEASIBLE,WORSE
5027,2,92,97,28645,30615,1,FEASIBLE,WORSE
5028,2,92,98,27949,29892,1,FEASIBLE,WORSE
5029,2,92,99,29049,30934,0,CAPACITY_EXCEEDED,INVALID
5030,2,93,94,27355,29409,1,FEASIBLE,WORSE
5031,2,93,95,29269,31286,0,CAPACITY_EXCEEDED,INVALID
5032,2,93,96,27558,29554,1,FEASIBLE,WORSE
5033,2,93,97,28435,30466,1,FEASIBLE,WORSE
5034,2,93,98,27739,29743,1,FEASIBLE,WORSE
5035,2,93,99,28839,30785,1,FEASIBLE,WORSE
5036,2,94,95,28933,30981,1,FEASIBLE,WORSE
5037,2,94,96,27222,29249,1,FEASIBLE,WORSE
5038,2,94,97,28099,30161,1,FEASIBLE,WORSE
5039,2,94,98,27403,29438,1,FEASIBLE,WORSE
5040,2,94,99,28503,30480,1,FEASIBLE,WORSE
5041,2,95,96,29136,31126,0,CAPACITY_EXCEEDED,INVALID
5042,2,95,97,30013,32038,0,CAPACITY_EXCEEDED,INVALID
5043,2,95,98,29317,31315,0,CAPACITY_EXCEEDED,INVALID
5044,2,95,99,30417,32357,0,CAPACITY_EXCEEDED,INVALID
5045,2,96,97,28302,30306,1,FEASIBLE,WORSE
5046,2,96,98,27606,29583,1,FEASIBLE,WORSE
5047,2,96,99,28706,30625,1,FEASIBLE,WORSE
5048,2,97,98,28483,30495,1,FEASIBLE,WORSE
5049,2,97,99,29583,31537,0,CAPACITY_EXCEEDED,INVALID
5050,2,98,99,28887,30814,1,FEASIBLE,WORSE
