neighbor_index,distance,flip_i,flip_j,weight,profit,feasible,reason,comparison
1,1,0,,28338,35238,0,CAPACITY_EXCEEDED,INVALID
2,1,1,,28329,35229,0,CAPACITY_EXCEEDED,INVALID
3,1,2,,27324,34024,1,FEASIBLE,WORSE
4,1,3,,27296,33996,1,FEASIBLE,WORSE
5,1,4,,28217,35117,0,CAPACITY_EXCEEDED,INVALID
6,1,5,,28117,35017,0,CAPACITY_EXCEEDED,INVALID
7,1,6,,26711,33411,1,FEASIBLE,WORSE
8,1,7,,27072,33772,1,FEASIBLE,WORSE
9,1,8,,27987,34887,0,CAPACITY_EXCEEDED,INVALID
10,1,9,,26774,33474,1,FEASIBLE,WORSE
11,1,10,,26799,33499,1,FEASIBLE,WORSE
12,1,11,,27222,33922,1,FEASIBLE,WORSE
13,1,12,,26950,33650,1,FEASIBLE,WORSE
14,1,13,,26987,33687,1,FEASIBLE,WORSE
15,1,14,,26657,33357,1,FEASIBLE,WORSE
16,1,15,,28376,35276,0,CAPACITY_EXCEEDED,INVALID
17,1,16,,28331,35231,0,CAPACITY_EXCEEDED,INVALID
18,1,17,,26836,33536,1,FEASIBLE,WORSE
19,1,18,,26936,33636,1,FEASIBLE,WORSE
20,1,19,,27112,33812,1,FEASIBLE,WORSE
21,1,20,,27345,34045,1,FEASIBLE,WORSE
22,1,21,,27353,34053,1,FEASIBLE,WORSE
23,1,22,,26916,33616,1,FEASIBLE,WORSE
24,1,23,,27062,33762,1,FEASIBLE,WORSE
25,1,24,,27000,33700,1,FEASIBLE,WORSE
26,1,25,,28273,35173,0,CAPACITY_EXCEEDED,INVALID
27,1,26,,26855,33555,1,FEASIBLE,WORSE
28,1,27,,26820,33520,1,FEASIBLE,WORSE
29,1,28,,27144,33844,1,FEASIBLE,WORSE
30,1,29,,27357,34057,1,FEASIBLE,WORSE
31,1,30,,27055,33755,1,FEASIBLE,WORSE
32,1,31,,27244,33944,1,FEASIBLE,WORSE
33,1,32,,26870,33570,1,FEASIBLE,WORSE
34,1,33,,28380,35280,0,CAPACITY_EXCEEDED,INVALID
35,1,34,,26706,33406,1,FEASIBLE,WORSE
36,1,35,,27199,33899,1,FEASIBLE,WORSE
37,1,36,,28275,35175,0,CAPACITY_EXCEEDED,INVALID
38,1,37,,28178,35078,0,CAPACITY_EXCEEDED,INVALID
39,1,38,,28116,35016,0,CAPACITY_EXCEEDED,INVALID
40,1,39,,28288,35188,0,CAPACITY_EXCEEDED,INVALID
41,1,40,,28144,35044,0,CAPACITY_EXCEEDED,INVALID
42,1,41,,28171,35071,0,CAPACITY_EXCEEDED,INVALID
43,1,42,,27027,33727,1,FEASIBLE,WORSE
44,1,43,,28362,35262,0,CAPACITY_EXCEEDED,INVALID
45,1,44,,28343,35243,0,CAPACITY_EXCEEDED,INVALID
46,1,45,,27219,33919,1,FEASIBLE,WORSE
47,1,46,,28136,35036,0,CAPACITY_EXCEEDED,INVALID
48,1,47,,26665,33365,1,FEASIBLE,WORSE
49,1,48,,26919,33619,1,FEASIBLE,WORSE
50,1,49,,26850,33550,1,FEASIBLE,WORSE
51,1,50,,26890,33590,1,FEASIBLE,WORSE
52,1,51,,28306,35206,0,CAPACITY_EXCEEDED,INVALID
53,1,52,,26880,33580,1,FEASIBLE,WORSE
54,1,53,,26549,33249,1,FEASIBLE,WORSE
55,1,54,,27027,33727,1,FEASIBLE,WORSE
56,1,55,,28264,35164,0,CAPACITY_EXCEEDED,INVALID
57,1,56,,28281,35181,0,CAPACITY_EXCEEDED,INVALID
58,1,57,,26919,33619,1,FEASIBLE,WORSE
59,1,58,,26813,33513,1,FEASIBLE,WORSE
60,1,59,,28302,35202,0,CAPACITY_EXCEEDED,INVALID
61,1,60,,26657,33357,1,FEASIBLE,WORSE
62,1,61,,26894,33594,1,FEASIBLE,WORSE
63,1,62,,27159,33859,1,FEASIBLE,WORSE
64,1,63,,27056,33756,1,FEASIBLE,WORSE
65,1,64,,26681,33381,1,FEASIBLE,WORSE
66,1,65,,27214,33914,1,FEASIBLE,WORSE
67,1,66,,28289,35189,0,CAPACITY_EXCEEDED,INVALID
68,1,67,,27112,33812,1,FEASIBLE,WORSE
69,1,68,,28293,35193,0,CAPACITY_EXCEEDED,INVALID
70,1,69,,27071,33771,1,FEASIBLE,WORSE
71,1,70,,28339,35239,0,CAPACITY_EXCEEDED,INVALID
72,1,71,,26674,33374,1,FEASIBLE,WORSE
73,1,72,,26876,33576,1,FEASIBLE,WORSE
74,1,73,,26863,33563,1,FEASIBLE,WORSE
75,1,74,,26729,33429,1,FEASIBLE,WORSE
76,1,75,,26793,33493,1,FEASIBLE,WORSE
77,1,76,,27069,33769,1,FEASIBLE,WORSE
78,1,77,,27173,33873,1,FEASIBLE,WORSE
79,1,78,,26869,33569,1,FEASIBLE,WORSE
80,1,79,,28316,35216,0,CAPACITY_EXCEEDED,INVALID
81,1,80,,26757,33457,1,FEASIBLE,WORSE
82,1,81,,27305,34005,1,FEASIBLE,WORSE
83,1,82,,28202,35102,0,CAPACITY_EXCEEDED,INVALID
84,1,83,,26655,33355,1,FEASIBLE,WORSE
85,1,84,,28289,35189,0,CAPACITY_EXCEEDED,INVALID
86,1,85,,27189,33889,1,FEASIBLE,WORSE
87,1,86,,28126,35026,0,CAPACITY_EXCEEDED,INVALID
88,1,87,,27322,34022,1,FEASIBLE,WORSE
89,1,88,,26728,33428,1,FEASIBLE,WORSE
90,1,89,,27107,33807,1,FEASIBLE,WORSE
91,1,90,,27154,33854,1,FEASIBLE,WORSE
92,1,91,,28257,35157,0,CAPACITY_EXCEEDED,INVALID
93,1,92,,27274,33974,1,FEASIBLE,WORSE
94,1,93,,26858,33558,1,FEASIBLE,WORSE
95,1,94,,28235,35135,0,CAPACITY_EXCEEDED,INVALID
96,1,95,,27136,33836,1,FEASIBLE,WORSE
97,1,96,,27170,33870,1,FEASIBLE,WORSE
98,1,97,,28262,35162,0,CAPACITY_EXCEEDED,INVALID
99,1,98,,26958,33658,1,FEASIBLE,WORSE
100,1,99,,26664,33364,1,FEASIBLE,WORSE
101,2,0,1,29286,36286,0,CAPACITY_EXCEEDED,INVALID
102,2,0,2,28281,35081,0,CAPACITY_EXCEEDED,INVALID
103,2,0,3,28253,35053,0,CAPACITY_EXCEEDED,INVALID
104,2,0,4,29174,36174,0,CAPACITY_EXCEEDED,INVALID
105,2,0,5,29074,36074,0,CAPACITY_EXCEEDED,INVALID
106,2,0,6,27668,34468,0,CAPACITY_EXCEEDED,INVALID
107,2,0,7,28029,34829,0,CAPACITY_EXCEEDED,INVALID
108,2,0,8,28944,35944,0,CAPACITY_EXCEEDED,INVALID
109,2,0,9,27731,34531,0,CAPACITY_EXCEEDED,INVALID
110,2,0,10,27756,34556,0,CAPACITY_EXCEEDED,INVALID
111,2,0,11,28179,34979,0,CAPACITY_EXCEEDED,INVALID
112,2,0,12,27907,34707,0,CAPACITY_EXCEEDED,INVALID
113,2,0,13,27944,34744,0,CAPACITY_EXCEEDED,INVALID
114,2,0,14,27614,34414,0,CAPACITY_EXCEEDED,INVALID
115,2,0,15,29333,36333,0,CAPACITY_EXCEEDED,INVALID
116,2,0,16,29288,36288,0,CAPACITY_EXCEEDED,INVALID
117,2,0,17,27793,34593,0,CAPACITY_EXCEEDED,INVALID
118,2,0,18,27893,34693,0,CAPACITY_EXCEEDED,INVALID
119,2,0,19,28069,34869,0,CAPACITY_EXCEEDED,INVALID
120,2,0,20,28302,35102,0,CAPACITY_EXCEEDED,INVALID
121,2,0,21,28310,35110,0,CAPACITY_EXCEEDED,INVALID
122,2,0,22,27873,34673,0,CAPACITY_EXCEEDED,INVALID
123,2,0,23,28019,34819,0,CAPACITY_EXCEEDED,INVALID
124,2,0,24,27957,34757,0,CAPACITY_EXCEEDED,INVALID
125,2,0,25,29230,36230,0,CAPACITY_EXCEEDED,INVALID
126,2,0,26,27812,34612,0,CAPACITY_EXCEEDED,INVALID
127,2,0,27,27777,34577,0,CAPACITY_EXCEEDED,INVALID
128,2,0,28,28101,34901,0,CAPACITY_EXCEEDED,INVALID
129,2,0,29,28314,35114,0,CAPACITY_EXCEEDED,INVALID
130,2,0,30,28012,34812,0,CAPACITY_EXCEEDED,INVALID
131,2,0,31,28201,35001,0,CAPACITY_EXCEEDED,INVALID
132,2,0,32,27827,34627,0,CAPACITY_EXCEEDED,INVALID
133,2,0,33,29337,36337,0,CAPACITY_EXCEEDED,INVALID
134,2,0,34,27663,34463,0,CAPACITY_EXCEEDED,INVALID
135,2,0,35,28156,34956,0,CAPACITY_EXCEEDED,INVALID
136,2,0,36,29232,36232,0,CAPACITY_EXCEEDED,INVALID
137,2,0,37,29135,36135,0,CAPACITY_EXCEEDED,INVALID
138,2,0,38,29073,36073,0,CAPACITY_EXCEEDED,INVALID
139,2,0,39,29245,36245,0,CAPACITY_EXCEEDED,INVALID
140,2,0,40,29101,36101,0,CAPACITY_EXCEEDED,INVALID
141,2,0,41,29128,36128,0,CAPACITY_EXCEEDED,INVALID
142,2,0,42,27984,34784,0,CAPACITY_EXCEEDED,INVALID
143,2,0,43,29319,36319,0,CAPACITY_EXCEEDED,INVALID
144,2,0,44,29300,36300,0,CAPACITY_EXCEEDED,INVALID
145,2,0,45,28176,34976,0,CAPACITY_EXCEEDED,INVALID
146,2,0,46,29093,36093,0,CAPACITY_EXCEEDED,INVALID
147,2,0,47,27622,34422,0,CAPACITY_EXCEEDED,INVALID
148,2,0,48,27876,34676,0,CAPACITY_EXCEEDED,INVALID
149,2,0,49,27807,34607,0,CAPACITY_EXCEEDED,INVALID
150,2,0,50,27847,34647,0,CAPACITY_EXCEEDED,INVALID
151,2,0,51,29263,36263,0,CAPACITY_EXCEEDED,INVALID
152,2,0,52,27837,34637,0,CAPACITY_EXCEEDED,INVALID
153,2,0,53,27506,34306,0,CAPACITY_EXCEEDED,INVALID
154,2,0,54,27984,34784,0,CAPACITY_EXCEEDED,INVALID
155,2,0,55,29221,36221,0,CAPACITY_EXCEEDED,INVALID
156,2,0,56,29238,36238,0,CAPACITY_EXCEEDED,INVALID
157,2,0,57,27876,34676,0,CAPACITY_EXCEEDED,INVALID
158,2,0,58,27770,34570,0,CAPACITY_EXCEEDED,INVALID
159,2,0,59,29259,36259,0,CAPACITY_EXCEEDED,INVALID
160,2,0,60,27614,34414,0,CAPACITY_EXCEEDED,INVALID
161,2,0,61,27851,34651,0,CAPACITY_EXCEEDED,INVALID
162,2,0,62,28116,34916,0,CAPACITY_EXCEEDED,INVALID
163,2,0,63,28013,34813,0,CAPACITY_EXCEEDED,INVALID
164,2,0,64,27638,34438,0,CAPACITY_EXCEEDED,INVALID
165,2,0,65,28171,34971,0,CAPACITY_EXCEEDED,INVALID
166,2,0,66,29246,36246,0,CAPACITY_EXCEEDED,INVALID
167,2,0,67,28069,34869,0,CAPACITY_EXCEEDED,INVALID
168,2,0,68,29250,36250,0,CAPACITY_EXCEEDED,INVALID
169,2,0,69,28028,34828,0,CAPACITY_EXCEEDED,INVALID
170,2,0,70,29296,36296,0,CAPACITY_EXCEEDED,INVALID
171,2,0,71,27631,34431,0,CAPACITY_EXCEEDED,INVALID
172,2,0,72,27833,34633,0,CAPACITY_EXCEEDED,INVALID
173,2,0,73,27820,34620,0,CAPACITY_EXCEEDED,INVALID
174,2,0,74,27686,34486,0,CAPACITY_EXCEEDED,INVALID
175,2,0,75,27750,34550,0,CAPACITY_EXCEEDED,INVALID
176,2,0,76,28026,34826,0,CAPACITY_EXCEEDED,INVALID
177,2,0,77,28130,34930,0,CAPACITY_EXCEEDED,INVALID
178,2,0,78,27826,34626,0,CAPACITY_EXCEEDED,INVALID
179,2,0,79,29273,36273,0,CAPACITY_EXCEEDED,INVALID
180,2,0,80,27714,34514,0,CAPACITY_EXCEEDED,INVALID
181,2,0,81,28262,35062,0,CAPACITY_EXCEEDED,INVALID
182,2,0,82,29159,36159,0,CAPACITY_EXCEEDED,INVALID
183,2,0,83,27612,34412,0,CAPACITY_EXCEEDED,INVALID
184,2,0,84,29246,36246,0,CAPACITY_EXCEEDED,INVALID
185,2,0,85,28146,34946,0,CAPACITY_EXCEEDED,INVALID
186,2,0,86,29083,36083,0,CAPACITY_EXCEEDED,INVALID
187,2,0,87,28279,35079,0,CAPACITY_EXCEEDED,INVALID
188,2,0,88,27685,34485,0,CAPACITY_EXCEEDED,INVALID
189,2,0,89,28064,34864,0,CAPACITY_EXCEEDED,INVALID
190,2,0,90,28111,34911,0,CAPACITY_EXCEEDED,INVALID
191,2,0,91,29214,36214,0,CAPACITY_EXCEEDED,INVALID
192,2,0,92,28231,35031,0,CAPACITY_EXCEEDED,INVALID
193,2,0,93,27815,34615,0,CAPACITY_EXCEEDED,INVALID
194,2,0,94,29192,36192,0,CAPACITY_EXCEEDED,INVALID
195,2,0,95,28093,34893,0,CAPACITY_EXCEEDED,INVALID
196,2,0,96,28127,34927,0,CAPACITY_EXCEEDED,INVALID
197,2,0,97,29219,36219,0,CAPACITY_EXCEEDED,INVALID
198,2,0,98,27915,34715,0,CAPACITY_EXCEEDED,INVALID
199,2,0,99,27621,34421,0,CAPACITY_EXCEEDED,INVALID
200,2,1,2,28272,35072,0,CAPACITY_EXCEEDED,INVALID
201,2,1,3,28244,35044,0,CAPACITY_EXCEEDED,INVALID
202,2,1,4,29165,36165,0,CAPACITY_EXCEEDED,INVALID
203,2,1,5,29065,36065,0,CAPACITY_EXCEEDED,INVALID
204,2,1,6,27659,34459,0,CAPACITY_EXCEEDED,INVALID
205,2,1,7,28020,34820,0,CAPACITY_EXCEEDED,INVALID
206,2,1,8,28935,35935,0,CAPACITY_EXCEEDED,INVALID
207,2,1,9,27722,34522,0,CAPACITY_EXCEEDED,INVALID
208,2,1,10,27747,34547,0,CAPACITY_EXCEEDED,INVALID
209,2,1,11,28170,34970,0,CAPACITY_EXCEEDED,INVALID
210,2,1,12,27898,34698,0,CAPACITY_EXCEEDED,INVALID
211,2,1,13,27935,34735,0,CAPACITY_EXCEEDED,INVALID
212,2,1,14,27605,34405,0,CAPACITY_EXCEEDED,INVALID
213,2,1,15,29324,36324,0,CAPACITY_EXCEEDED,INVALID
214,2,1,16,29279,36279,0,CAPACITY_EXCEEDED,INVALID
215,2,1,17,27784,34584,0,CAPACITY_EXCEEDED,INVALID
216,2,1,18,27884,34684,0,CAPACITY_EXCEEDED,INVALID
217,2,1,19,28060,34860,0,CAPACITY_EXCEEDED,INVALID
218,2,1,20,28293,35093,0,CAPACITY_EXCEEDED,INVALID
219,2,1,21,28301,35101,0,CAPACITY_EXCEEDED,INVALID
220,2,1,22,27864,34664,0,CAPACITY_EXCEEDED,INVALID
221,2,1,23,28010,34810,0,CAPACITY_EXCEEDED,INVALID
222,2,1,24,27948,34748,0,CAPACITY_EXCEEDED,INVALID
223,2,1,25,29221,36221,0,CAPACITY_EXCEEDED,INVALID
224,2,1,26,27803,34603,0,CAPACITY_EXCEEDED,INVALID
225,2,1,27,27768,34568,0,CAPACITY_EXCEEDED,INVALID
226,2,1,28,28092,34892,0,CAPACITY_EXCEEDED,INVALID
227,2,1,29,28305,35105,0,CAPACITY_EXCEEDED,INVALID
228,2,1,30,28003,34803,0,CAPACITY_EXCEEDED,INVALID
229,2,1,31,28192,34992,0,CAPACITY_EXCEEDED,INVALID
230,2,1,32,27818,34618,0,CAPACITY_EXCEEDED,INVALID
231,2,1,33,29328,36328,0,CAPACITY_EXCEEDED,INVALID
232,2,1,34,27654,34454,0,CAPACITY_EXCEEDED,INVALID
233,2,1,35,28147,34947,0,CAPACITY_EXCEEDED,INVALID
234,2,1,36,29223,36223,0,CAPACITY_EXCEEDED,INVALID
235,2,1,37,29126,36126,0,CAPACITY_EXCEEDED,INVALID
236,2,1,38,29064,36064,0,CAPACITY_EXCEEDED,INVALID
237,2,1,39,29236,36236,0,CAPACITY_EXCEEDED,INVALID
238,2,1,40,29092,36092,0,CAPACITY_EXCEEDED,INVALID
239,2,1,41,29119,36119,0,CAPACITY_EXCEEDED,INVALID
240,2,1,42,27975,34775,0,CAPACITY_EXCEEDED,INVALID
241,2,1,43,29310,36310,0,CAPACITY_EXCEEDED,INVALID
242,2,1,44,29291,36291,0,CAPACITY_EXCEEDED,INVALID
243,2,1,45,28167,34967,0,CAPACITY_EXCEEDED,INVALID
244,2,1,46,29084,36084,0,CAPACITY_EXCEEDED,INVALID
245,2,1,47,27613,34413,0,CAPACITY_EXCEEDED,INVALID
246,2,1,48,27867,34667,0,CAPACITY_EXCEEDED,INVALID
247,2,1,49,27798,34598,0,CAPACITY_EXCEEDED,INVALID
248,2,1,50,27838,34638,0,CAPACITY_EXCEEDED,INVALID
249,2,1,51,29254,36254,0,CAPACITY_EXCEEDED,INVALID
250,2,1,52,27828,34628,0,CAPACITY_EXCEEDED,INVALID
251,2,1,53,27497,34297,0,CAPACITY_EXCEEDED,INVALID
252,2,1,54,27975,34775,0,CAPACITY_EXCEEDED,INVALID
253,2,1,55,29212,36212,0,CAPACITY_EXCEEDED,INVALID
254,2,1,56,29229,36229,0,CAPACITY_EXCEEDED,INVALID
255,2,1,57,27867,34667,0,CAPACITY_EXCEEDED,INVALID
256,2,1,58,27761,34561,0,CAPACITY_EXCEEDED,INVALID
257,2,1,59,29250,36250,0,CAPACITY_EXCEEDED,INVALID
258,2,1,60,27605,34405,0,CAPACITY_EXCEEDED,INVALID
259,2,1,61,27842,34642,0,CAPACITY_EXCEEDED,INVALID
260,2,1,62,28107,34907,0,CAPACITY_EXCEEDED,INVALID
261,2,1,63,28004,34804,0,CAPACITY_EXCEEDED,INVALID
262,2,1,64,27629,34429,0,CAPACITY_EXCEEDED,INVALID
263,2,1,65,28162,34962,0,CAPACITY_EXCEEDED,INVALID
264,2,1,66,29237,36237,0,CAPACITY_EXCEEDED,INVALID
265,2,1,67,28060,34860,0,CAPACITY_EXCEEDED,INVALID
266,2,1,68,29241,36241,0,CAPACITY_EXCEEDED,INVALID
267,2,1,69,28019,34819,0,CAPACITY_EXCEEDED,INVALID
268,2,1,70,29287,36287,0,CAPACITY_EXCEEDED,INVALID
269,2,1,71,27622,34422,0,CAPACITY_EXCEEDED,INVALID
270,2,1,72,27824,34624,0,CAPACITY_EXCEEDED,INVALID
271,2,1,73,27811,34611,0,CAPACITY_EXCEEDED,INVALID
272,2,1,74,27677,34477,0,CAPACITY_EXCEEDED,INVALID
273,2,1,75,27741,34541,0,CAPACITY_EXCEEDED,INVALID
274,2,1,76,28017,34817,0,CAPACITY_EXCEEDED,INVALID
275,2,1,77,28121,34921,0,CAPACITY_EXCEEDED,INVALID
276,2,1,78,27817,34617,0,CAPACITY_EXCEEDED,INVALID
277,2,1,79,29264,36264,0,CAPACITY_EXCEEDED,INVALID
278,2,1,80,27705,34505,0,CAPACITY_EXCEEDED,INVALID
279,2,1,81,28253,35053,0,CAPACITY_EXCEEDED,INVALID
280,2,1,82,29150,36150,0,CAPACITY_EXCEEDED,INVALID
281,2,1,83,27603,34403,0,CAPACITY_EXCEEDED,INVALID
282,2,1,84,29237,36237,0,CAPACITY_EXCEEDED,INVALID
283,2,1,85,28137,34937,0,CAPACITY_EXCEEDED,INVALID
284,2,1,86,29074,36074,0,CAPACITY_EXCEEDED,INVALID
285,2,1,87,28270,35070,0,CAPACITY_EXCEEDED,INVALID
286,2,1,88,27676,34476,0,CAPACITY_EXCEEDED,INVALID
287,2,1,89,28055,34855,0,CAPACITY_EXCEEDED,INVALID
288,2,1,90,28102,34902,0,CAPACITY_EXCEEDED,INVALID
289,2,1,91,29205,36205,0,CAPACITY_EXCEEDED,INVALID
290,2,1,92,28222,35022,0,CAPACITY_EXCEEDED,INVALID
291,2,1,93,27806,34606,0,CAPACITY_EXCEEDED,INVALID
292,2,1,94,29183,36183,0,CAPACITY_EXCEEDED,INVALID
293,2,1,95,28084,34884,0,CAPACITY_EXCEEDED,INVALID
294,2,1,96,28118,34918,0,CAPACITY_EXCEEDED,INVALID
295,2,1,97,29210,36210,0,CAPACITY_EXCEEDED,INVALID
296,2,1,98,27906,34706,0,CAPACITY_EXCEEDED,INVALID
297,2,1,99,27612,34412,0,CAPACITY_EXCEEDED,INVALID
298,2,2,3,27239,33839,1,FEASIBLE,WORSE
299,2,2,4,28160,34960,0,CAPACITY_EXCEEDED,INVALID
300,2,2,5,28060,34860,0,CAPACITY_EXCEEDED,INVALID
301,2,2,6,26654,33254,1,FEASIBLE,WORSE
302,2,2,7,27015,33615,1,FEASIBLE,WORSE
303,2,2,8,27930,34730,0,CAPACITY_EXCEEDED,INVALID
304,2,2,9,26717,33317,1,FEASIBLE,WORSE
305,2,2,10,26742,33342,1,FEASIBLE,WORSE
306,2,2,11,27165,33765,1,FEASIBLE,WORSE
307,2,2,12,26893,33493,1,FEASIBLE,WORSE
308,2,2,13,26930,33530,1,FEASIBLE,WORSE
309,2,2,14,26600,33200,1,FEASIBLE,WORSE
310,2,2,15,28319,35119,0,CAPACITY_EXCEEDED,INVALID
311,2,2,16,28274,35074,0,CAPACITY_EXCEEDED,INVALID
312,2,2,17,26779,33379,1,FEASIBLE,WORSE
313,2,2,18,26879,33479,1,FEASIBLE,WORSE
314,2,2,19,27055,33655,1,FEASIBLE,WORSE
315,2,2,20,27288,33888,1,FEASIBLE,WORSE
316,2,2,21,27296,33896,1,FEASIBLE,WORSE
317,2,2,22,26859,33459,1,FEASIBLE,WORSE
318,2,2,23,27005,33605,1,FEASIBLE,WORSE
319,2,2,24,26943,33543,1,FEASIBLE,WORSE
320,2,2,25,28216,35016,0,CAPACITY_EXCEEDED,INVALID
321,2,2,26,26798,33398,1,FEASIBLE,WORSE
322,2,2,27,26763,33363,1,FEASIBLE,WORSE
323,2,2,28,27087,33687,1,FEASIBLE,WORSE
324,2,2,29,27300,33900,1,FEASIBLE,WORSE
325,2,2,30,26998,33598,1,FEASIBLE,WORSE
326,2,2,31,27187,33787,1,FEASIBLE,WORSE
327,2,2,32,26813,33413,1,FEASIBLE,WORSE
328,2,2,33,28323,35123,0,CAPACITY_EXCEEDED,INVALID
329,2,2,34,26649,33249,1,FEASIBLE,WORSE
330,2,2,35,27142,33742,1,FEASIBLE,WORSE
331,2,2,36,28218,35018,0,CAPACITY_EXCEEDED,INVALID
332,2,2,37,28121,34921,0,CAPACITY_EXCEEDED,INVALID
333,2,2,38,28059,34859,0,CAPACITY_EXCEEDED,INVALID
334,2,2,39,28231,35031,0,CAPACITY_EXCEEDED,INVALID
335,2,2,40,28087,34887,0,CAPACITY_EXCEEDED,INVALID
336,2,2,41,28114,34914,0,CAPACITY_EXCEEDED,INVALID
337,2,2,42,26970,33570,1,FEASIBLE,WORSE
338,2,2,43,28305,35105,0,CAPACITY_EXCEEDED,INVALID
339,2,2,44,28286,35086,0,CAPACITY_EXCEEDED,INVALID
340,2,2,45,27162,33762,1,FEASIBLE,WORSE
341,2,2,46,28079,34879,0,CAPACITY_EXCEEDED,INVALID
342,2,2,47,26608,33208,1,FEASIBLE,WORSE
343,2,2,48,26862,33462,1,FEASIBLE,WORSE
344,2,2,49,26793,33393,1,FEASIBLE,WORSE
345,2,2,50,26833,33433,1,FEASIBLE,WORSE
346,2,2,51,28249,35049,0,CAPACITY_EXCEEDED,INVALID
347,2,2,52,26823,33423,1,FEASIBLE,WORSE
348,2,2,53,26492,33092,1,FEASIBLE,WORSE
349,2,2,54,26970,33570,1,FEASIBLE,WORSE
350,2,2,55,28207,35007,0,CAPACITY_EXCEEDED,INVALID
351,2,2,56,28224,35024,0,CAPACITY_EXCEEDED,INVALID
352,2,2,57,26862,33462,1,FEASIBLE,WORSE
353,2,2,58,26756,33356,1,FEASIBLE,WORSE
354,2,2,59,28245,35045,0,CAPACITY_EXCEEDED,INVALID
355,2,2,60,26600,33200,1,FEASIBLE,WORSE
356,2,2,61,26837,33437,1,FEASIBLE,WORSE
357,2,2,62,27102,33702,1,FEASIBLE,WORSE
358,2,2,63,26999,33599,1,FEASIBLE,WORSE
359,2,2,64,26624,33224,1,FEASIBLE,WORSE
360,2,2,65,27157,33757,1,FEASIBLE,WORSE
361,2,2,66,28232,35032,0,CAPACITY_EXCEEDED,INVALID
362,2,2,67,27055,33655,1,FEASIBLE,WORSE
363,2,2,68,28236,35036,0,CAPACITY_EXCEEDED,INVALID
364,2,2,69,27014,33614,1,FEASIBLE,WORSE
365,2,2,70,28282,35082,0,CAPACITY_EXCEEDED,INVALID
366,2,2,71,26617,33217,1,FEASIBLE,WORSE
367,2,2,72,26819,33419,1,FEASIBLE,WORSE
368,2,2,73,26806,33406,1,FEASIBLE,WORSE
369,2,2,74,26672,33272,1,FEASIBLE,WORSE
370,2,2,75,26736,33336,1,FEASIBLE,WORSE
371,2,2,76,27012,33612,1,FEASIBLE,WORSE
372,2,2,77,27116,33716,1,FEASIBLE,WORSE
373,2,2,78,26812,33412,1,FEASIBLE,WORSE
374,2,2,79,28259,35059,0,CAPACITY_EXCEEDED,INVALID
375,2,2,80,26700,33300,1,FEASIBLE,WORSE
376,2,2,81,27248,33848,1,FEASIBLE,WORSE
377,2,2,82,28145,34945,0,CAPACITY_EXCEEDED,INVALID
378,2,2,83,26598,33198,1,FEASIBLE,WORSE
379,2,2,84,28232,35032,0,CAPACITY_EXCEEDED,INVALID
380,2,2,85,27132,33732,1,FEASIBLE,WORSE
381,2,2,86,28069,34869,0,CAPACITY_EXCEEDED,INVALID
382,2,2,87,27265,33865,1,FEASIBLE,WORSE
383,2,2,88,26671,33271,1,FEASIBLE,WORSE
384,2,2,89,27050,33650,1,FEASIBLE,WORSE
385,2,2,90,27097,33697,1,FEASIBLE,WORSE
386,2,2,91,28200,35000,0,CAPACITY_EXCEEDED,INVALID
387,2,2,92,27217,33817,1,FEASIBLE,WORSE
388,2,2,93,26801,33401,1,FEASIBLE,WORSE
389,2,2,94,28178,34978,0,CAPACITY_EXCEEDED,INVALID
390,2,2,95,27079,33679,1,FEASIBLE,WORSE
391,2,2,96,27113,33713,1,FEASIBLE,WORSE
392,2,2,97,28205,35005,0,CAPACITY_EXCEEDED,INVALID
393,2,2,98,26901,33501,1,FEASIBLE,WORSE
394,2,2,99,26607,33207,1,FEASIBLE,WORSE
395,2,3,4,28132,34932,0,CAPACITY_EXCEEDED,INVALID
396,2,3,5,28032,34832,0,CAPACITY_EXCEEDED,INVALID
397,2,3,6,26626,33226,1,FEASIBLE,WORSE
398,2,3,7,26987,33587,1,FEASIBLE,WORSE
399,2,3,8,27902,34702,0,CAPACITY_EXCEEDED,INVALID
400,2,3,9,26689,33289,1,FEASIBLE,WORSE
401,2,3,10,26714,33314,1,FEASIBLE,WORSE
402,2,3,11,27137,33737,1,FEASIBLE,WORSE
403,2,3,12,26865,33465,1,FEASIBLE,WORSE
404,2,3,13,26902,33502,1,FEASIBLE,WORSE
405,2,3,14,26572,33172,1,FEASIBLE,WORSE
406,2,3,15,28291,35091,0,CAPACITY_EXCEEDED,INVALID
407,2,3,16,28246,35046,0,CAPACITY_EXCEEDED,INVALID
408,2,3,17,26751,33351,1,FEASIBLE,WORSE
409,2,3,18,26851,33451,1,FEASIBLE,WORSE
410,2,3,19,27027,33627,1,FEASIBLE,WORSE
411,2,3,20,27260,33860,1,FEASIBLE,WORSE
412,2,3,21,27268,33868,1,FEASIBLE,WORSE
413,2,3,22,26831,33431,1,FEASIBLE,WORSE
414,2,3,23,26977,33577,1,FEASIBLE,WORSE
415,2,3,24,26915,33515,1,FEASIBLE,WORSE
416,2,3,25,28188,34988,0,CAPACITY_EXCEEDED,INVALID
417,2,3,26,26770,33370,1,FEASIBLE,WORSE
418,2,3,27,26735,33335,1,FEASIBLE,WORSE
419,2,3,28,27059,33659,1,FEASIBLE,WORSE
420,2,3,29,27272,33872,1,FEASIBLE,WORSE
421,2,3,30,26970,33570,1,FEASIBLE,WORSE
422,2,3,31,27159,33759,1,FEASIBLE,WORSE
423,2,3,32,26785,33385,1,FEASIBLE,WORSE
424,2,3,33,28295,35095,0,CAPACITY_EXCEEDED,INVALID
425,2,3,34,26621,33221,1,FEASIBLE,WORSE
426,2,3,35,27114,33714,1,FEASIBLE,WORSE
427,2,3,36,28190,34990,0,CAPACITY_EXCEEDED,INVALID
428,2,3,37,28093,34893,0,CAPACITY_EXCEEDED,INVALID
429,2,3,38,28031,34831,0,CAPACITY_EXCEEDED,INVALID
430,2,3,39,28203,35003,0,CAPACITY_EXCEEDED,INVALID
431,2,3,40,28059,34859,0,CAPACITY_EXCEEDED,INVALID
432,2,3,41,28086,34886,0,CAPACITY_EXCEEDED,INVALID
433,2,3,42,26942,33542,1,FEASIBLE,WORSE
434,2,3,43,28277,35077,0,CAPACITY_EXCEEDED,INVALID
435,2,3,44,28258,35058,0,CAPACITY_EXCEEDED,INVALID
436,2,3,45,27134,33734,1,FEASIBLE,WORSE
437,2,3,46,28051,34851,0,CAPACITY_EXCEEDED,INVALID
438,2,3,47,26580,33180,1,FEASIBLE,WORSE
439,2,3,48,26834,33434,1,FEASIBLE,WORSE
440,2,3,49,26765,33365,1,FEASIBLE,WORSE
441,2,3,50,26805,33405,1,FEASIBLE,WORSE
442,2,3,51,28221,35021,0,CAPACITY_EXCEEDED,INVALID
443,2,3,52,26795,33395,1,FEASIBLE,WORSE
444,2,3,53,26464,33064,1,FEASIBLE,WORSE
445,2,3,54,26942,33542,1,FEASIBLE,WORSE
446,2,3,55,28179,34979,0,CAPACITY_EXCEEDED,INVALID
447,2,3,56,28196,34996,0,CAPACITY_EXCEEDED,INVALID
448,2,3,57,26834,33434,1,FEASIBLE,WORSE
449,2,3,58,26728,33328,1,FEASIBLE,WORSE
450,2,3,59,28217,35017,0,CAPACITY_EXCEEDED,INVALID
451,2,3,60,26572,33172,1,FEASIBLE,WORSE
452,2,3,61,26809,33409,1,FEASIBLE,WORSE
453,2,3,62,27074,33674,1,FEASIBLE,WORSE
454,2,3,63,26971,33571,1,FEASIBLE,WORSE
455,2,3,64,26596,33196,1,FEASIBLE,WORSE
456,2,3,65,27129,33729,1,FEASIBLE,WORSE
457,2,3,66,28204,35004,0,CAPACITY_EXCEEDED,INVALID
458,2,3,67,27027,33627,1,FEASIBLE,WORSE
459,2,3,68,28208,35008,0,CAPACITY_EXCEEDED,INVALID
460,2,3,69,26986,33586,1,FEASIBLE,WORSE
461,2,3,70,28254,35054,0,CAPACITY_EXCEEDED,INVALID
462,2,3,71,26589,33189,1,FEASIBLE,WORSE
463,2,3,72,26791,33391,1,FEASIBLE,WORSE
464,2,3,73,26778,33378,1,FEASIBLE,WORSE
465,2,3,74,26644,33244,1,FEASIBLE,WORSE
466,2,3,75,26708,33308,1,FEASIBLE,WORSE
467,2,3,76,26984,33584,1,FEASIBLE,WORSE
468,2,3,77,27088,33688,1,FEASIBLE,WORSE
469,2,3,78,26784,33384,1,FEASIBLE,WORSE
470,2,3,79,28231,35031,0,CAPACITY_EXCEEDED,INVALID
471,2,3,80,26672,33272,1,FEASIBLE,WORSE
472,2,3,81,27220,33820,1,FEASIBLE,WORSE
473,2,3,82,28117,34917,0,CAPACITY_EXCEEDED,INVALID
474,2,3,83,26570,33170,1,FEASIBLE,WORSE
475,2,3,84,28204,35004,0,CAPACITY_EXCEEDED,INVALID
476,2,3,85,27104,33704,1,FEASIBLE,WORSE
477,2,3,86,28041,34841,0,CAPACITY_EXCEEDED,INVALID
478,2,3,87,27237,33837,1,FEASIBLE,WORSE
479,2,3,88,26643,33243,1,FEASIBLE,WORSE
480,2,3,89,27022,33622,1,FEASIBLE,WORSE
481,2,3,90,27069,33669,1,FEASIBLE,WORSE
482,2,3,91,28172,34972,0,CAPACITY_EXCEEDED,INVALID
483,2,3,92,27189,33789,1,FEASIBLE,WORSE
484,2,3,93,26773,33373,1,FEASIBLE,WORSE
485,2,3,94,28150,34950,0,CAPACITY_EXCEEDED,INVALID
486,2,3,95,27051,33651,1,FEASIBLE,WORSE
487,2,3,96,27085,33685,1,FEASIBLE,WORSE
488,2,3,97,28177,34977,0,CAPACITY_EXCEEDED,INVALID
489,2,3,98,26873,33473,1,FEASIBLE,WORSE
490,2,3,99,26579,33179,1,FEASIBLE,WORSE
491,2,4,5,28953,35953,0,CAPACITY_EXCEEDED,INVALID
492,2,4,6,27547,34347,0,CAPACITY_EXCEEDED,INVALID
493,2,4,7,27908,34708,0,CAPACITY_EXCEEDED,INVALID
494,2,4,8,28823,35823,0,CAPACITY_EXCEEDED,INVALID
495,2,4,9,27610,34410,0,CAPACITY_EXCEEDED,INVALID
496,2,4,10,27635,34435,0,CAPACITY_EXCEEDED,INVALID
497,2,4,11,28058,34858,0,CAPACITY_EXCEEDED,INVALID
498,2,4,12,27786,34586,0,CAPACITY_EXCEEDED,INVALID
499,2,4,13,27823,34623,0,CAPACITY_EXCEEDED,INVALID
500,2,4,14,27493,34293,0,CAPACITY_EXCEEDED,INVALID
501,2,4,15,29212,36212,0,CAPACITY_EXCEEDED,INVALID
502,2,4,16,29167,36167,0,CAPACITY_EXCEEDED,INVALID
503,2,4,17,27672,34472,0,CAPACITY_EXCEEDED,INVALID
504,2,4,18,27772,34572,0,CAPACITY_EXCEEDED,INVALID
505,2,4,19,27948,34748,0,CAPACITY_EXCEEDED,INVALID
506,2,4,20,28181,34981,0,CAPACITY_EXCEEDED,INVALID
507,2,4,21,28189,34989,0,CAPACITY_EXCEEDED,INVALID
508,2,4,22,27752,34552,0,CAPACITY_EXCEEDED,INVALID
509,2,4,23,27898,34698,0,CAPACITY_EXCEEDED,INVALID
510,2,4,24,27836,34636,0,CAPACITY_EXCEEDED,INVALID
511,2,4,25,29109,36109,0,CAPACITY_EXCEEDED,INVALID
512,2,4,26,27691,34491,0,CAPACITY_EXCEEDED,INVALID
513,2,4,27,27656,34456,0,CAPACITY_EXCEEDED,INVALID
514,2,4,28,27980,34780,0,CAPACITY_EXCEEDED,INVALID
515,2,4,29,28193,34993,0,CAPACITY_EXCEEDED,INVALID
516,2,4,30,27891,34691,0,CAPACITY_EXCEEDED,INVALID
517,2,4,31,28080,34880,0,CAPACITY_EXCEEDED,INVALID
518,2,4,32,27706,34506,0,CAPACITY_EXCEEDED,INVALID
519,2,4,33,29216,36216,0,CAPACITY_EXCEEDED,INVALID
520,2,4,34,27542,34342,0,CAPACITY_EXCEEDED,INVALID
521,2,4,35,28035,34835,0,CAPACITY_EXCEEDED,INVALID
522,2,4,36,29111,36111,0,CAPACITY_EXCEEDED,INVALID
523,2,4,37,29014,36014,0,CAPACITY_EXCEEDED,INVALID
524,2,4,38,28952,35952,0,CAPACITY_EXCEEDED,INVALID
525,2,4,39,29124,36124,0,CAPACITY_EXCEEDED,INVALID
526,2,4,40,28980,35980,0,CAPACITY_EXCEEDED,INVALID
527,2,4,41,29007,36007,0,CAPACITY_EXCEEDED,INVALID
528,2,4,42,27863,34663,0,CAPACITY_EXCEEDED,INVALID
529,2,4,43,29198,36198,0,CAPACITY_EXCEEDED,INVALID
530,2,4,44,29179,36179,0,CAPACITY_EXCEEDED,INVALID
531,2,4,45,28055,34855,0,CAPACITY_EXCEEDED,INVALID
532,2,4,46,28972,35972,0,CAPACITY_EXCEEDED,INVALID
533,2,4,47,27501,34301,0,CAPACITY_EXCEEDED,INVALID
534,2,4,48,27755,34555,0,CAPACITY_EXCEEDED,INVALID
535,2,4,49,27686,34486,0,CAPACITY_EXCEEDED,INVALID
536,2,4,50,27726,34526,0,CAPACITY_EXCEEDED,INVALID
537,2,4,51,29142,36142,0,CAPACITY_EXCEEDED,INVALID
538,2,4,52,27716,34516,0,CAPACITY_EXCEEDED,INVALID
539,2,4,53,27385,34185,0,CAPACITY_EXCEEDED,INVALID
540,2,4,54,27863,34663,0,CAPACITY_EXCEEDED,INVALID
541,2,4,55,29100,36100,0,CAPACITY_EXCEEDED,INVALID
542,2,4,56,29117,36117,0,CAPACITY_EXCEEDED,INVALID
543,2,4,57,27755,34555,0,CAPACITY_EXCEEDED,INVALID
544,2,4,58,27649,34449,0,CAPACITY_EXCEEDED,INVALID
545,2,4,59,29138,36138,0,CAPACITY_EXCEEDED,INVALID
546,2,4,60,27493,34293,0,CAPACITY_EXCEEDED,INVALID
547,2,4,61,27730,34530,0,CAPACITY_EXCEEDED,INVALID
548,2,4,62,27995,34795,0,CAPACITY_EXCEEDED,INVALID
549,2,4,63,27892,34692,0,CAPACITY_EXCEEDED,INVALID
550,2,4,64,27517,34317,0,CAPACITY_EXCEEDED,INVALID
551,2,4,65,28050,34850,0,CAPACITY_EXCEEDED,INVALID
552,2,4,66,29125,36125,0,CAPACITY_EXCEEDED,INVALID
553,2,4,67,27948,34748,0,CAPACITY_EXCEEDED,INVALID
554,2,4,68,29129,36129,0,CAPACITY_EXCEEDED,INVALID
555,2,4,69,27907,34707,0,CAPACITY_EXCEEDED,INVALID
556,2,4,70,29175,36175,0,CAPACITY_EXCEEDED,INVALID
557,2,4,71,27510,34310,0,CAPACITY_EXCEEDED,INVALID
558,2,4,72,27712,34512,0,CAPACITY_EXCEEDED,INVALID
559,2,4,73,27699,34499,0,CAPACITY_EXCEEDED,INVALID
560,2,4,74,27565,34365,0,CAPACITY_EXCEEDED,INVALID
561,2,4,75,27629,34429,0,CAPACITY_EXCEEDED,INVALID
562,2,4,76,27905,34705,0,CAPACITY_EXCEEDED,INVALID
563,2,4,77,28009,34809,0,CAPACITY_EXCEEDED,INVALID
564,2,4,78,27705,34505,0,CAPACITY_EXCEEDED,INVALID
565,2,4,79,29152,36152,0,CAPACITY_EXCEEDED,INVALID
566,2,4,80,27593,34393,0,CAPACITY_EXCEEDED,INVALID
567,2,4,81,28141,34941,0,CAPACITY_EXCEEDED,INVALID
568,2,4,82,29038,36038,0,CAPACITY_EXCEEDED,INVALID
569,2,4,83,27491,34291,0,CAPACITY_EXCEEDED,INVALID
570,2,4,84,29125,36125,0,CAPACITY_EXCEEDED,INVALID
571,2,4,85,28025,34825,0,CAPACITY_EXCEEDED,INVALID
572,2,4,86,28962,35962,0,CAPACITY_EXCEEDED,INVALID
573,2,4,87,28158,34958,0,CAPACITY_EXCEEDED,INVALID
574,2,4,88,27564,34364,0,CAPACITY_EXCEEDED,INVALID
575,2,4,89,27943,34743,0,CAPACITY_EXCEEDED,INVALID
576,2,4,90,27990,34790,0,CAPACITY_EXCEEDED,INVALID
577,2,4,91,29093,36093,0,CAPACITY_EXCEEDED,INVALID
578,2,4,92,28110,34910,0,CAPACITY_EXCEEDED,INVALID
579,2,4,93,27694,34494,0,CAPACITY_EXCEEDED,INVALID
580,2,4,94,29071,36071,0,CAPACITY_EXCEEDED,INVALID
581,2,4,95,27972,34772,0,CAPACITY_EXCEEDED,INVALID
582,2,4,96,28006,34806,0,CAPACITY_EXCEEDED,INVALID
583,2,4,97,29098,36098,0,CAPACITY_EXCEEDED,INVALID
584,2,4,98,27794,34594,0,CAPACITY_EXCEEDED,INVALID
585,2,4,99,27500,34300,0,CAPACITY_EXCEEDED,INVALID
586,2,5,6,27447,34247,0,CAPACITY_EXCEEDED,INVALID
587,2,5,7,27808,34608,0,CAPACITY_EXCEEDED,INVALID
588,2,5,8,28723,35723,0,CAPACITY_EXCEEDED,INVALID
589,2,5,9,27510,34310,0,CAPACITY_EXCEEDED,INVALID
590,2,5,10,27535,34335,0,CAPACITY_EXCEEDED,INVALID
591,2,5,11,27958,34758,0,CAPACITY_EXCEEDED,INVALID
592,2,5,12,27686,34486,0,CAPACITY_EXCEEDED,INVALID
593,2,5,13,27723,34523,0,CAPACITY_EXCEEDED,INVALID
594,2,5,14,27393,34193,0,CAPACITY_EXCEEDED,INVALID
595,2,5,15,29112,36112,0,CAPACITY_EXCEEDED,INVALID
596,2,5,16,29067,36067,0,CAPACITY_EXCEEDED,INVALID
597,2,5,17,27572,34372,0,CAPACITY_EXCEEDED,INVALID
598,2,5,18,27672,34472,0,CAPACITY_EXCEEDED,INVALID
599,2,5,19,27848,34648,0,CAPACITY_EXCEEDED,INVALID
600,2,5,20,28081,34881,0,CAPACITY_EXCEEDED,INVALID
601,2,5,21,28089,34889,0,CAPACITY_EXCEEDED,INVALID
602,2,5,22,27652,34452,0,CAPACITY_EXCEEDED,INVALID
603,2,5,23,27798,34598,0,CAPACITY_EXCEEDED,INVALID
604,2,5,24,27736,34536,0,CAPACITY_EXCEEDED,INVALID
605,2,5,25,29009,36009,0,CAPACITY_EXCEEDED,INVALID
606,2,5,26,27591,34391,0,CAPACITY_EXCEEDED,INVALID
607,2,5,27,27556,34356,0,CAPACITY_EXCEEDED,INVALID
608,2,5,28,27880,34680,0,CAPACITY_EXCEEDED,INVALID
609,2,5,29,28093,34893,0,CAPACITY_EXCEEDED,INVALID
610,2,5,30,27791,34591,0,CAPACITY_EXCEEDED,INVALID
611,2,5,31,27980,34780,0,CAPACITY_EXCEEDED,INVALID
612,2,5,32,27606,34406,0,CAPACITY_EXCEEDED,INVALID
613,2,5,33,29116,36116,0,CAPACITY_EXCEEDED,INVALID
614,2,5,34,27442,34242,0,CAPACITY_EXCEEDED,INVALID
615,2,5,35,27935,34735,0,CAPACITY_EXCEEDED,INVALID
616,2,5,36,29011,36011,0,CAPACITY_EXCEEDED,INVALID
617,2,5,37,28914,35914,0,CAPACITY_EXCEEDED,INVALID
618,2,5,38,28852,35852,0,CAPACITY_EXCEEDED,INVALID
619,2,5,39,29024,36024,0,CAPACITY_EXCEEDED,INVALID
620,2,5,40,28880,35880,0,CAPACITY_EXCEEDED,INVALID
621,2,5,41,28907,35907,0,CAPACITY_EXCEEDED,INVALID
622,2,5,42,27763,34563,0,CAPACITY_EXCEEDED,INVALID
623,2,5,43,29098,36098,0,CAPACITY_EXCEEDED,INVALID
624,2,5,44,29079,36079,0,CAPACITY_EXCEEDED,INVALID
625,2,5,45,27955,34755,0,CAPACITY_EXCEEDED,INVALID
626,2,5,46,28872,35872,0,CAPACITY_EXCEEDED,INVALID
627,2,5,47,27401,34201,0,CAPACITY_EXCEEDED,INVALID
628,2,5,48,27655,34455,0,CAPACITY_EXCEEDED,INVALID
629,2,5,49,27586,34386,0,CAPACITY_EXCEEDED,INVALID
630,2,5,50,27626,34426,0,CAPACITY_EXCEEDED,INVALID
631,2,5,51,29042,36042,0,CAPACITY_EXCEEDED,INVALID
632,2,5,52,27616,34416,0,CAPACITY_EXCEEDED,INVALID
633,2,5,53,27285,34085,1,FEASIBLE,WORSE
634,2,5,54,27763,34563,0,CAPACITY_EXCEEDED,INVALID
635,2,5,55,29000,36000,0,CAPACITY_EXCEEDED,INVALID
636,2,5,56,29017,36017,0,CAPACITY_EXCEEDED,INVALID
637,2,5,57,27655,34455,0,CAPACITY_EXCEEDED,INVALID
638,2,5,58,27549,34349,0,CAPACITY_EXCEEDED,INVALID
639,2,5,59,29038,36038,0,CAPACITY_EXCEEDED,INVALID
640,2,5,60,27393,34193,0,CAPACITY_EXCEEDED,INVALID
641,2,5,61,27630,34430,0,CAPACITY_EXCEEDED,INVALID
642,2,5,62,27895,34695,0,CAPACITY_EXCEEDED,INVALID
643,2,5,63,27792,34592,0,CAPACITY_EXCEEDED,INVALID
644,2,5,64,27417,34217,0,CAPACITY_EXCEEDED,INVALID
645,2,5,65,27950,34750,0,CAPACITY_EXCEEDED,INVALID
646,2,5,66,29025,36025,0,CAPACITY_EXCEEDED,INVALID
647,2,5,67,27848,34648,0,CAPACITY_EXCEEDED,INVALID
648,2,5,68,29029,36029,0,CAPACITY_EXCEEDED,INVALID
649,2,5,69,27807,34607,0,CAPACITY_EXCEEDED,INVALID
650,2,5,70,29075,36075,0,CAPACITY_EXCEEDED,INVALID
651,2,5,71,27410,34210,0,CAPACITY_EXCEEDED,INVALID
652,2,5,72,27612,34412,0,CAPACITY_EXCEEDED,INVALID
653,2,5,73,27599,34399,0,CAPACITY_EXCEEDED,INVALID
654,2,5,74,27465,34265,0,CAPACITY_EXCEEDED,INVALID
655,2,5,75,27529,34329,0,CAPACITY_EXCEEDED,INVALID
656,2,5,76,27805,34605,0,CAPACITY_EXCEEDED,INVALID
657,2,5,77,27909,34709,0,CAPACITY_EXCEEDED,INVALID
658,2,5,78,27605,34405,0,CAPACITY_EXCEEDED,INVALID
659,2,5,79,29052,36052,0,CAPACITY_EXCEEDED,INVALID
660,2,5,80,27493,34293,0,CAPACITY_EXCEEDED,INVALID
661,2,5,81,28041,34841,0,CAPACITY_EXCEEDED,INVALID
662,2,5,82,28938,35938,0,CAPACITY_EXCEEDED,INVALID
663,2,5,83,27391,34191,0,CAPACITY_EXCEEDED,INVALID
664,2,5,84,29025,36025,0,CAPACITY_EXCEEDED,INVALID
665,2,5,85,27925,34725,0,CAPACITY_EXCEEDED,INVALID
666,2,5,86,28862,35862,0,CAPACITY_EXCEEDED,INVALID
667,2,5,87,28058,34858,0,CAPACITY_EXCEEDED,INVALID
668,2,5,88,27464,34264,0,CAPACITY_EXCEEDED,INVALID
669,2,5,89,27843,34643,0,CAPACITY_EXCEEDED,INVALID
670,2,5,90,27890,34690,0,CAPACITY_EXCEEDED,INVALID
671,2,5,91,28993,35993,0,CAPACITY_EXCEEDED,INVALID
672,2,5,92,28010,34810,0,CAPACITY_EXCEEDED,INVALID
673,2,5,93,27594,34394,0,CAPACITY_EXCEEDED,INVALID
674,2,5,94,28971,35971,0,CAPACITY_EXCEEDED,INVALID
675,2,5,95,27872,34672,0,CAPACITY_EXCEEDED,INVALID
676,2,5,96,27906,34706,0,CAPACITY_EXCEEDED,INVALID
677,2,5,97,28998,35998,0,CAPACITY_EXCEEDED,INVALID
678,2,5,98,27694,34494,0,CAPACITY_EXCEEDED,INVALID
679,2,5,99,27400,34200,0,CAPACITY_EXCEEDED,INVALID
680,2,6,7,26402,33002,1,FEASIBLE,WORSE
681,2,6,8,27317,34117,1,FEASIBLE,WORSE
682,2,6,9,26104,32704,1,FEASIBLE,WORSE
683,2,6,10,26129,32729,1,FEASIBLE,WORSE
684,2,6,11,26552,33152,1,FEASIBLE,WORSE
685,2,6,12,26280,32880,1,FEASIBLE,WORSE
686,2,6,13,26317,32917,1,FEASIBLE,WORSE
687,2,6,14,25987,32587,1,FEASIBLE,WORSE
688,2,6,15,27706,34506,0,CAPACITY_EXCEEDED,INVALID
689,2,6,16,27661,34461,0,CAPACITY_EXCEEDED,INVALID
690,2,6,17,26166,32766,1,FEASIBLE,WORSE
691,2,6,18,26266,32866,1,FEASIBLE,WORSE
692,2,6,19,26442,33042,1,FEASIBLE,WORSE
693,2,6,20,26675,33275,1,FEASIBLE,WORSE
694,2,6,21,26683,33283,1,FEASIBLE,WORSE
695,2,6,22,26246,32846,1,FEASIBLE,WORSE
696,2,6,23,26392,32992,1,FEASIBLE,WORSE
697,2,6,24,26330,32930,1,FEASIBLE,WORSE
698,2,6,25,27603,34403,0,CAPACITY_EXCEEDED,INVALID
699,2,6,26,26185,32785,1,FEASIBLE,WORSE
700,2,6,27,26150,32750,1,FEASIBLE,WORSE
701,2,6,28,26474,33074,1,FEASIBLE,WORSE
702,2,6,29,26687,33287,1,FEASIBLE,WORSE
703,2,6,30,26385,32985,1,FEASIBLE,WORSE
704,2,6,31,26574,33174,1,FEASIBLE,WORSE
705,2,6,32,26200,32800,1,FEASIBLE,WORSE
706,2,6,33,27710,34510,0,CAPACITY_EXCEEDED,INVALID
707,2,6,34,26036,32636,1,FEASIBLE,WORSE
708,2,6,35,26529,33129,1,FEASIBLE,WORSE
709,2,6,36,27605,34405,0,CAPACITY_EXCEEDED,INVALID
710,2,6,37,27508,34308,0,CAPACITY_EXCEEDED,INVALID
711,2,6,38,27446,34246,0,CAPACITY_EXCEEDED,INVALID
712,2,6,39,27618,34418,0,CAPACITY_EXCEEDED,INVALID
713,2,6,40,27474,34274,0,CAPACITY_EXCEEDED,INVALID
714,2,6,41,27501,34301,0,CAPACITY_EXCEEDED,INVALID
715,2,6,42,26357,32957,1,FEASIBLE,WORSE
716,2,6,43,27692,34492,0,CAPACITY_EXCEEDED,INVALID
717,2,6,44,27673,34473,0,CAPACITY_EXCEEDED,INVALID
718,2,6,45,26549,33149,1,FEASIBLE,WORSE
719,2,6,46,27466,34266,0,CAPACITY_EXCEEDED,INVALID
720,2,6,47,25995,32595,1,FEASIBLE,WORSE
721,2,6,48,26249,32849,1,FEASIBLE,WORSE
722,2,6,49,26180,32780,1,FEASIBLE,WORSE
723,2,6,50,26220,32820,1,FEASIBLE,WORSE
724,2,6,51,27636,34436,0,CAPACITY_EXCEEDED,INVALID
725,2,6,52,26210,32810,1,FEASIBLE,WORSE
726,2,6,53,25879,32479,1,FEASIBLE,WORSE
727,2,6,54,26357,32957,1,FEASIBLE,WORSE
728,2,6,55,27594,34394,0,CAPACITY_EXCEEDED,INVALID
729,2,6,56,27611,34411,0,CAPACITY_EXCEEDED,INVALID
730,2,6,57,26249,32849,1,FEASIBLE,WORSE
731,2,6,58,26143,32743,1,FEASIBLE,WORSE
732,2,6,59,27632,34432,0,CAPACITY_EXCEEDED,INVALID
733,2,6,60,25987,32587,1,FEASIBLE,WORSE
734,2,6,61,26224,32824,1,FEASIBLE,WORSE
735,2,6,62,26489,33089,1,FEASIBLE,WORSE
736,2,6,63,26386,32986,1,FEASIBLE,WORSE
737,2,6,64,26011,32611,1,FEASIBLE,WORSE
738,2,6,65,26544,33144,1,FEASIBLE,WORSE
739,2,6,66,27619,34419,0,CAPACITY_EXCEEDED,INVALID
740,2,6,67,26442,33042,1,FEASIBLE,WORSE
741,2,6,68,27623,34423,0,CAPACITY_EXCEEDED,INVALID
742,2,6,69,26401,33001,1,FEASIBLE,WORSE
743,2,6,70,27669,34469,0,CAPACITY_EXCEEDED,INVALID
744,2,6,71,26004,32604,1,FEASIBLE,WORSE
745,2,6,72,26206,32806,1,FEASIBLE,WORSE
746,2,6,73,26193,32793,1,FEASIBLE,WORSE
747,2,6,74,26059,32659,1,FEASIBLE,WORSE
748,2,6,75,26123,32723,1,FEASIBLE,WORSE
749,2,6,76,26399,32999,1,FEASIBLE,WORSE
750,2,6,77,26503,33103,1,FEASIBLE,WORSE
751,2,6,78,26199,32799,1,FEASIBLE,WORSE
752,2,6,79,27646,34446,0,CAPACITY_EXCEEDED,INVALID
753,2,6,80,26087,32687,1,FEASIBLE,WORSE
754,2,6,81,26635,33235,1,FEASIBLE,WORSE
755,2,6,82,27532,34332,0,CAPACITY_EXCEEDED,INVALID
756,2,6,83,25985,32585,1,FEASIBLE,WORSE
757,2,6,84,27619,34419,0,CAPACITY_EXCEEDED,INVALID
758,2,6,85,26519,33119,1,FEASIBLE,WORSE
759,2,6,86,27456,34256,0,CAPACITY_EXCEEDED,INVALID
760,2,6,87,26652,33252,1,FEASIBLE,WORSE
761,2,6,88,26058,32658,1,FEASIBLE,WORSE
762,2,6,89,26437,33037,1,FEASIBLE,WORSE
763,2,6,90,26484,33084,1,FEASIBLE,WORSE
764,2,6,91,27587,34387,0,CAPACITY_EXCEEDED,INVALID
765,2,6,92,26604,33204,1,FEASIBLE,WORSE
766,2,6,93,26188,32788,1,FEASIBLE,WORSE
767,2,6,94,27565,34365,0,CAPACITY_EXCEEDED,INVALID
768,2,6,95,26466,33066,1,FEASIBLE,WORSE
769,2,6,96,26500,33100,1,FEASIBLE,WORSE
770,2,6,97,27592,34392,0,CAPACITY_EXCEEDED,INVALID
771,2,6,98,26288,32888,1,FEASIBLE,WORSE
772,2,6,99,25994,32594,1,FEASIBLE,WORSE
773,2,7,8,27678,34478,0,CAPACITY_EXCEEDED,INVALID
774,2,7,9,26465,33065,1,FEASIBLE,WORSE
775,2,7,10,26490,33090,1,FEASIBLE,WORSE
776,2,7,11,26913,33513,1,FEASIBLE,WORSE
777,2,7,12,26641,33241,1,FEASIBLE,WORSE
778,2,7,13,26678,33278,1,FEASIBLE,WORSE
779,2,7,14,26348,32948,1,FEASIBLE,WORSE
780,2,7,15,28067,34867,0,CAPACITY_EXCEEDED,INVALID
781,2,7,16,28022,34822,0,CAPACITY_EXCEEDED,INVALID
782,2,7,17,26527,33127,1,FEASIBLE,WORSE
783,2,7,18,26627,33227,1,FEASIBLE,WORSE
784,2,7,19,26803,33403,1,FEASIBLE,WORSE
785,2,7,20,27036,33636,1,FEASIBLE,WORSE
786,2,7,21,27044,33644,1,FEASIBLE,WORSE
787,2,7,22,26607,33207,1,FEASIBLE,WORSE
788,2,7,23,26753,33353,1,FEASIBLE,WORSE
789,2,7,24,26691,33291,1,FEASIBLE,WORSE
790,2,7,25,27964,34764,0,CAPACITY_EXCEEDED,INVALID
791,2,7,26,26546,33146,1,FEASIBLE,WORSE
792,2,7,27,26511,33111,1,FEASIBLE,WORSE
793,2,7,28,26835,33435,1,FEASIBLE,WORSE
794,2,7,29,27048,33648,1,FEASIBLE,WORSE
795,2,7,30,26746,33346,1,FEASIBLE,WORSE
796,2,7,31,26935,33535,1,FEASIBLE,WORSE
797,2,7,32,26561,33161,1,FEASIBLE,WORSE
798,2,7,33,28071,34871,0,CAPACITY_EXCEEDED,INVALID
799,2,7,34,26397,32997,1,FEASIBLE,WORSE
800,2,7,35,26890,33490,1,FEASIBLE,WORSE
801,2,7,36,27966,34766,0,CAPACITY_EXCEEDED,INVALID
802,2,7,37,27869,34669,0,CAPACITY_EXCEEDED,INVALID
803,2,7,38,27807,34607,0,CAPACITY_EXCEEDED,INVALID
804,2,7,39,27979,34779,0,CAPACITY_EXCEEDED,INVALID
805,2,7,40,27835,34635,0,CAPACITY_EXCEEDED,INVALID
806,2,7,41,27862,34662,0,CAPACITY_EXCEEDED,INVALID
807,2,7,42,26718,33318,1,FEASIBLE,WORSE
808,2,7,43,28053,34853,0,CAPACITY_EXCEEDED,INVALID
809,2,7,44,28034,34834,0,CAPACITY_EXCEEDED,INVALID
810,2,7,45,26910,33510,1,FEASIBLE,WORSE
811,2,7,46,27827,34627,0,CAPACITY_EXCEEDED,INVALID
812,2,7,47,26356,32956,1,FEASIBLE,WORSE
813,2,7,48,26610,33210,1,FEASIBLE,WORSE
814,2,7,49,26541,33141,1,FEASIBLE,WORSE
815,2,7,50,26581,33181,1,FEASIBLE,WORSE
816,2,7,51,27997,34797,0,CAPACITY_EXCEEDED,INVALID
817,2,7,52,26571,33171,1,FEASIBLE,WORSE
818,2,7,53,26240,32840,1,FEASIBLE,WORSE
819,2,7,54,26718,33318,1,FEASIBLE,WORSE
820,2,7,55,27955,34755,0,CAPACITY_EXCEEDED,INVALID
821,2,7,56,27972,34772,0,CAPACITY_EXCEEDED,INVALID
822,2,7,57,26610,33210,1,FEASIBLE,WORSE
823,2,7,58,26504,33104,1,FEASIBLE,WORSE
824,2,7,59,27993,34793,0,CAPACITY_EXCEEDED,INVALID
825,2,7,60,26348,32948,1,FEASIBLE,WORSE
826,2,7,61,26585,33185,1,FEASIBLE,WORSE
827,2,7,62,26850,33450,1,FEASIBLE,WORSE
828,2,7,63,26747,33347,1,FEASIBLE,WORSE
829,2,7,64,26372,32972,1,FEASIBLE,WORSE
830,2,7,65,26905,33505,1,FEASIBLE,WORSE
831,2,7,66,27980,34780,0,CAPACITY_EXCEEDED,INVALID
832,2,7,67,26803,33403,1,FEASIBLE,WORSE
833,2,7,68,27984,34784,0,CAPACITY_EXCEEDED,INVALID
834,2,7,69,26762,33362,1,FEASIBLE,WORSE
835,2,7,70,28030,34830,0,CAPACITY_EXCEEDED,INVALID
836,2,7,71,26365,32965,1,FEASIBLE,WORSE
837,2,7,72,26567,33167,1,FEASIBLE,WORSE
838,2,7,73,26554,33154,1,FEASIBLE,WORSE
839,2,7,74,26420,33020,1,FEASIBLE,WORSE
840,2,7,75,26484,33084,1,FEASIBLE,WORSE
841,2,7,76,26760,33360,1,FEASIBLE,WORSE
842,2,7,77,26864,33464,1,FEASIBLE,WORSE
843,2,7,78,26560,33160,1,FEASIBLE,WORSE
844,2,7,79,28007,34807,0,CAPACITY_EXCEEDED,INVALID
845,2,7,80,26448,33048,1,FEASIBLE,WORSE
846,2,7,81,26996,33596,1,FEASIBLE,WORSE
847,2,7,82,27893,34693,0,CAPACITY_EXCEEDED,INVALID
848,2,7,83,26346,32946,1,FEASIBLE,WORSE
849,2,7,84,27980,34780,0,CAPACITY_EXCEEDED,INVALID
850,2,7,85,26880,33480,1,FEASIBLE,WORSE
851,2,7,86,27817,34617,0,CAPACITY_EXCEEDED,INVALID
852,2,7,87,27013,33613,1,FEASIBLE,WORSE
853,2,7,88,26419,33019,1,FEASIBLE,WORSE
854,2,7,89,26798,33398,1,FEASIBLE,WORSE
855,2,7,90,26845,33445,1,FEASIBLE,WORSE
856,2,7,91,27948,34748,0,CAPACITY_EXCEEDED,INVALID
857,2,7,92,26965,33565,1,FEASIBLE,WORSE
858,2,7,93,26549,33149,1,FEASIBLE,WORSE
859,2,7,94,27926,34726,0,CAPACITY_EXCEEDED,INVALID
860,2,7,95,26827,33427,1,FEASIBLE,WORSE
861,2,7,96,26861,33461,1,FEASIBLE,WORSE
862,2,7,97,27953,34753,0,CAPACITY_EXCEEDED,INVALID
863,2,7,98,26649,33249,1,FEASIBLE,WORSE
864,2,7,99,26355,32955,1,FEASIBLE,WORSE
865,2,8,9,27380,34180,1,FEASIBLE,WORSE
866,2,8,10,27405,34205,0,CAPACITY_EXCEEDED,INVALID
867,2,8,11,27828,34628,0,CAPACITY_EXCEEDED,INVALID
868,2,8,12,27556,34356,0,CAPACITY_EXCEEDED,INVALID
869,2,8,13,27593,34393,0,CAPACITY_EXCEEDED,INVALID
870,2,8,14,27263,34063,1,FEASIBLE,WORSE
871,2,8,15,28982,35982,0,CAPACITY_EXCEEDED,INVALID
872,2,8,16,28937,35937,0,CAPACITY_EXCEEDED,INVALID
873,2,8,17,27442,34242,0,CAPACITY_EXCEEDED,INVALID
874,2,8,18,27542,34342,0,CAPACITY_EXCEEDED,INVALID
875,2,8,19,27718,34518,0,CAPACITY_EXCEEDED,INVALID
876,2,8,20,27951,34751,0,CAPACITY_EXCEEDED,INVALID
877,2,8,21,27959,34759,0,CAPACITY_EXCEEDED,INVALID
878,2,8,22,27522,34322,0,CAPACITY_EXCEEDED,INVALID
879,2,8,23,27668,34468,0,CAPACITY_EXCEEDED,INVALID
880,2,8,24,27606,34406,0,CAPACITY_EXCEEDED,INVALID
881,2,8,25,28879,35879,0,CAPACITY_EXCEEDED,INVALID
882,2,8,26,27461,34261,0,CAPACITY_EXCEEDED,INVALID
883,2,8,27,27426,34226,0,CAPACITY_EXCEEDED,INVALID
884,2,8,28,27750,34550,0,CAPACITY_EXCEEDED,INVALID
885,2,8,29,27963,34763,0,CAPACITY_EXCEEDED,INVALID
886,2,8,30,27661,34461,0,CAPACITY_EXCEEDED,INVALID
887,2,8,31,27850,34650,0,CAPACITY_EXCEEDED,INVALID
888,2,8,32,27476,34276,0,CAPACITY_EXCEEDED,INVALID
889,2,8,33,28986,35986,0,CAPACITY_EXCEEDED,INVALID
890,2,8,34,27312,34112,1,FEASIBLE,WORSE
891,2,8,35,27805,34605,0,CAPACITY_EXCEEDED,INVALID
892,2,8,36,28881,35881,0,CAPACITY_EXCEEDED,INVALID
893,2,8,37,28784,35784,0,CAPACITY_EXCEEDED,INVALID
894,2,8,38,28722,35722,0,CAPACITY_EXCEEDED,INVALID
895,2,8,39,28894,35894,0,CAPACITY_EXCEEDED,INVALID
896,2,8,40,28750,35750,0,CAPACITY_EXCEEDED,INVALID
897,2,8,41,28777,35777,0,CAPACITY_EXCEEDED,INVALID
898,2,8,42,27633,34433,0,CAPACITY_EXCEEDED,INVALID
899,2,8,43,28968,35968,0,CAPACITY_EXCEEDED,INVALID
900,2,8,44,28949,35949,0,CAPACITY_EXCEEDED,INVALID
901,2,8,45,27825,34625,0,CAPACITY_EXCEEDED,INVALID
902,2,8,46,28742,35742,0,CAPACITY_EXCEEDED,INVALID
903,2,8,47,27271,34071,1,FEASIBLE,WORSE
904,2,8,48,27525,34325,0,CAPACITY_EXCEEDED,INVALID
905,2,8,49,27456,34256,0,CAPACITY_EXCEEDED,INVALID
906,2,8,50,27496,34296,0,CAPACITY_EXCEEDED,INVALID
907,2,8,51,28912,35912,0,CAPACITY_EXCEEDED,INVALID
908,2,8,52,27486,34286,0,CAPACITY_EXCEEDED,INVALID
909,2,8,53,27155,33955,1,FEASIBLE,WORSE
910,2,8,54,27633,34433,0,CAPACITY_EXCEEDED,INVALID
911,2,8,55,28870,35870,0,CAPACITY_EXCEEDED,INVALID
912,2,8,56,28887,35887,0,CAPACITY_EXCEEDED,INVALID
913,2,8,57,27525,34325,0,CAPACITY_EXCEEDED,INVALID
914,2,8,58,27419,34219,0,CAPACITY_EXCEEDED,INVALID
915,2,8,59,28908,35908,0,CAPACITY_EXCEEDED,INVALID
916,2,8,60,27263,34063,1,FEASIBLE,WORSE
917,2,8,61,27500,34300,0,CAPACITY_EXCEEDED,INVALID
918,2,8,62,27765,34565,0,CAPACITY_EXCEEDED,INVALID
919,2,8,63,27662,34462,0,CAPACITY_EXCEEDED,INVALID
920,2,8,64,27287,34087,1,FEASIBLE,WORSE
921,2,8,65,27820,34620,0,CAPACITY_EXCEEDED,INVALID
922,2,8,66,28895,35895,0,CAPACITY_EXCEEDED,INVALID
923,2,8,67,27718,34518,0,CAPACITY_EXCEEDED,INVALID
924,2,8,68,28899,35899,0,CAPACITY_EXCEEDED,INVALID
925,2,8,69,27677,34477,0,CAPACITY_EXCEEDED,INVALID
926,2,8,70,28945,35945,0,CAPACITY_EXCEEDED,INVALID
927,2,8,71,27280,34080,1,FEASIBLE,WORSE
928,2,8,72,27482,34282,0,CAPACITY_EXCEEDED,INVALID
929,2,8,73,27469,34269,0,CAPACITY_EXCEEDED,INVALID
930,2,8,74,27335,34135,1,FEASIBLE,WORSE
931,2,8,75,27399,34199,0,CAPACITY_EXCEEDED,INVALID
932,2,8,76,27675,34475,0,CAPACITY_EXCEEDED,INVALID
933,2,8,77,27779,34579,0,CAPACITY_EXCEEDED,INVALID
934,2,8,78,27475,34275,0,CAPACITY_EXCEEDED,INVALID
935,2,8,79,28922,35922,0,CAPACITY_EXCEEDED,INVALID
936,2,8,80,27363,34163,1,FEASIBLE,WORSE
937,2,8,81,27911,34711,0,CAPACITY_EXCEEDED,INVALID
938,2,8,82,28808,35808,0,CAPACITY_EXCEEDED,INVALID
939,2,8,83,27261,34061,1,FEASIBLE,WORSE
940,2,8,84,28895,35895,0,CAPACITY_EXCEEDED,INVALID
941,2,8,85,27795,34595,0,CAPACITY_EXCEEDED,INVALID
942,2,8,86,28732,35732,0,CAPACITY_EXCEEDED,INVALID
943,2,8,87,27928,34728,0,CAPACITY_EXCEEDED,INVALID
944,2,8,88,27334,34134,1,FEASIBLE,WORSE
945,2,8,89,27713,34513,0,CAPACITY_EXCEEDED,INVALID
946,2,8,90,27760,34560,0,CAPACITY_EXCEEDED,INVALID
947,2,8,91,28863,35863,0,CAPACITY_EXCEEDED,INVALID
948,2,8,92,27880,34680,0,CAPACITY_EXCEEDED,INVALID
949,2,8,93,27464,34264,0,CAPACITY_EXCEEDED,INVALID
950,2,8,94,28841,35841,0,CAPACITY_EXCEEDED,INVALID
951,2,8,95,27742,34542,0,CAPACITY_EXCEEDED,INVALID
952,2,8,96,27776,34576,0,CAPACITY_EXCEEDED,INVALID
953,2,8,97,28868,35868,0,CAPACITY_EXCEEDED,INVALID
954,2,8,98,27564,34364,0,CAPACITY_EXCEEDED,INVALID
955,2,8,99,27270,34070,1,FEASIBLE,WORSE
956,2,9,10,26192,32792,1,FEASIBLE,WORSE
957,2,9,11,26615,33215,1,FEASIBLE,WORSE
958,2,9,12,26343,32943,1,FEASIBLE,WORSE
959,2,9,13,26380,32980,1,FEASIBLE,WORSE
960,2,9,14,26050,32650,1,FEASIBLE,WORSE
961,2,9,15,27769,34569,0,CAPACITY_EXCEEDED,INVALID
962,2,9,16,27724,34524,0,CAPACITY_EXCEEDED,INVALID
963,2,9,17,26229,32829,1,FEASIBLE,WORSE
964,2,9,18,26329,32929,1,FEASIBLE,WORSE
965,2,9,19,26505,33105,1,FEASIBLE,WORSE
966,2,9,20,26738,33338,1,FEASIBLE,WORSE
967,2,9,21,26746,33346,1,FEASIBLE,WORSE
968,2,9,22,26309,32909,1,FEASIBLE,WORSE
969,2,9,23,26455,33055,1,FEASIBLE,WORSE
970,2,9,24,26393,32993,1,FEASIBLE,WORSE
971,2,9,25,27666,34466,0,CAPACITY_EXCEEDED,INVALID
972,2,9,26,26248,32848,1,FEASIBLE,WORSE
973,2,9,27,26213,32813,1,FEASIBLE,WORSE
974,2,9,28,26537,33137,1,FEASIBLE,WORSE
975,2,9,29,26750,33350,1,FEASIBLE,WORSE
976,2,9,30,26448,33048,1,FEASIBLE,WORSE
977,2,9,31,26637,33237,1,FEASIBLE,WORSE
978,2,9,32,26263,32863,1,FEASIBLE,WORSE
979,2,9,33,27773,34573,0,CAPACITY_EXCEEDED,INVALID
980,2,9,34,26099,32699,1,FEASIBLE,WORSE
981,2,9,35,26592,33192,1,FEASIBLE,WORSE
982,2,9,36,27668,34468,0,CAPACITY_EXCEEDED,INVALID
983,2,9,37,27571,34371,0,CAPACITY_EXCEEDED,INVALID
984,2,9,38,27509,34309,0,CAPACITY_EXCEEDED,INVALID
985,2,9,39,27681,34481,0,CAPACITY_EXCEEDED,INVALID
986,2,9,40,27537,34337,0,CAPACITY_EXCEEDED,INVALID
987,2,9,41,27564,34364,0,CAPACITY_EXCEEDED,INVALID
988,2,9,42,26420,33020,1,FEASIBLE,WORSE
989,2,9,43,27755,34555,0,CAPACITY_EXCEEDED,INVALID
990,2,9,44,27736,34536,0,CAPACITY_EXCEEDED,INVALID
991,2,9,45,26612,33212,1,FEASIBLE,WORSE
992,2,9,46,27529,34329,0,CAPACITY_EXCEEDED,INVALID
993,2,9,47,26058,32658,1,FEASIBLE,WORSE
994,2,9,48,26312,32912,1,FEASIBLE,WORSE
995,2,9,49,26243,32843,1,FEASIBLE,WORSE
996,2,9,50,26283,32883,1,FEASIBLE,WORSE
997,2,9,51,27699,34499,0,CAPACITY_EXCEEDED,INVALID
998,2,9,52,26273,32873,1,FEASIBLE,WORSE
999,2,9,53,25942,32542,1,FEASIBLE,WORSE
1000,2,9,54,26420,33020,1,FEASIBLE,WORSE
1001,2,9,55,27657,34457,0,CAPACITY_EXCEEDED,INVALID
1002,2,9,56,27674,34474,0,CAPACITY_EXCEEDED,INVALID
1003,2,9,57,26312,32912,1,FEASIBLE,WORSE
1004,2,9,58,26206,32806,1,FEASIBLE,WORSE
1005,2,9,59,27695,34495,0,CAPACITY_EXCEEDED,INVALID
1006,2,9,60,26050,32650,1,FEASIBLE,WORSE
1007,2,9,61,26287,32887,1,FEASIBLE,WORSE
1008,2,9,62,26552,33152,1,FEASIBLE,WORSE
1009,2,9,63,26449,33049,1,FEASIBLE,WORSE
1010,2,9,64,26074,32674,1,FEASIBLE,WORSE
1011,2,9,65,26607,33207,1,FEASIBLE,WORSE
1012,2,9,66,27682,34482,0,CAPACITY_EXCEEDED,INVALID
1013,2,9,67,26505,33105,1,FEASIBLE,WORSE
1014,2,9,68,27686,34486,0,CAPACITY_EXCEEDED,INVALID
1015,2,9,69,26464,33064,1,FEASIBLE,WORSE
1016,2,9,70,27732,34532,0,CAPACITY_EXCEEDED,INVALID
1017,2,9,71,26067,32667,1,FEASIBLE,WORSE
1018,2,9,72,26269,32869,1,FEASIBLE,WORSE
1019,2,9,73,26256,32856,1,FEASIBLE,WORSE
1020,2,9,74,26122,32722,1,FEASIBLE,WORSE
1021,2,9,75,26186,32786,1,FEASIBLE,WORSE
1022,2,9,76,26462,33062,1,FEASIBLE,WORSE
1023,2,9,77,26566,33166,1,FEASIBLE,WORSE
1024,2,9,78,26262,32862,1,FEASIBLE,WORSE
1025,2,9,79,27709,34509,0,CAPACITY_EXCEEDED,INVALID
1026,2,9,80,26150,32750,1,FEASIBLE,WORSE
1027,2,9,81,26698,33298,1,FEASIBLE,WORSE
1028,2,9,82,27595,34395,0,CAPACITY_EXCEEDED,INVALID
1029,2,9,83,26048,32648,1,FEASIBLE,WORSE
1030,2,9,84,27682,34482,0,CAPACITY_EXCEEDED,INVALID
1031,2,9,85,26582,33182,1,FEASIBLE,WORSE
1032,2,9,86,27519,34319,0,CAPACITY_EXCEEDED,INVALID
1033,2,9,87,26715,33315,1,FEASIBLE,WORSE
1034,2,9,88,26121,32721,1,FEASIBLE,WORSE
1035,2,9,89,26500,33100,1,FEASIBLE,WORSE
1036,2,9,90,26547,33147,1,FEASIBLE,WORSE
1037,2,9,91,27650,34450,0,CAPACITY_EXCEEDED,INVALID
1038,2,9,92,26667,33267,1,FEASIBLE,WORSE
1039,2,9,93,26251,32851,1,FEASIBLE,WORSE
1040,2,9,94,27628,34428,0,CAPACITY_EXCEEDED,INVALID
1041,2,9,95,26529,33129,1,FEASIBLE,WORSE
1042,2,9,96,26563,33163,1,FEASIBLE,WORSE
1043,2,9,97,27655,34455,0,CAPACITY_EXCEEDED,INVALID
1044,2,9,98,26351,32951,1,FEASIBLE,WORSE
1045,2,9,99,26057,32657,1,FEASIBLE,WORSE
1046,2,10,11,26640,33240,1,FEASIBLE,WORSE
1047,2,10,12,26368,32968,1,FEASIBLE,WORSE
1048,2,10,13,26405,33005,1,FEASIBLE,WORSE
1049,2,10,14,26075,32675,1,FEASIBLE,WORSE
1050,2,10,15,27794,34594,0,CAPACITY_EXCEEDED,INVALID
1051,2,10,16,27749,34549,0,CAPACITY_EXCEEDED,INVALID
1052,2,10,17,26254,32854,1,FEASIBLE,WORSE
1053,2,10,18,26354,32954,1,FEASIBLE,WORSE
1054,2,10,19,26530,33130,1,FEASIBLE,WORSE
1055,2,10,20,26763,33363,1,FEASIBLE,WORSE
1056,2,10,21,26771,33371,1,FEASIBLE,WORSE
1057,2,10,22,26334,32934,1,FEASIBLE,WORSE
1058,2,10,23,26480,33080,1,FEASIBLE,WORSE
1059,2,10,24,26418,33018,1,FEASIBLE,WORSE
1060,2,10,25,27691,34491,0,CAPACITY_EXCEEDED,INVALID
1061,2,10,26,26273,32873,1,FEASIBLE,WORSE
1062,2,10,27,26238,32838,1,FEASIBLE,WORSE
1063,2,10,28,26562,33162,1,FEASIBLE,WORSE
1064,2,10,29,26775,33375,1,FEASIBLE,WORSE
1065,2,10,30,26473,33073,1,FEASIBLE,WORSE
1066,2,10,31,26662,33262,1,FEASIBLE,WORSE
1067,2,10,32,26288,32888,1,FEASIBLE,WORSE
1068,2,10,33,27798,34598,0,CAPACITY_EXCEEDED,INVALID
1069,2,10,34,26124,32724,1,FEASIBLE,WORSE
1070,2,10,35,26617,33217,1,FEASIBLE,WORSE
1071,2,10,36,27693,34493,0,CAPACITY_EXCEEDED,INVALID
1072,2,10,37,27596,34396,0,CAPACITY_EXCEEDED,INVALID
1073,2,10,38,27534,34334,0,CAPACITY_EXCEEDED,INVALID
1074,2,10,39,27706,34506,0,CAPACITY_EXCEEDED,INVALID
1075,2,10,40,27562,34362,0,CAPACITY_EXCEEDED,INVALID
1076,2,10,41,27589,34389,0,CAPACITY_EXCEEDED,INVALID
1077,2,10,42,26445,33045,1,FEASIBLE,WORSE
1078,2,10,43,27780,34580,0,CAPACITY_EXCEEDED,INVALID
1079,2,10,44,27761,34561,0,CAPACITY_EXCEEDED,INVALID
1080,2,10,45,26637,33237,1,FEASIBLE,WORSE
1081,2,10,46,27554,34354,0,CAPACITY_EXCEEDED,INVALID
1082,2,10,47,26083,32683,1,FEASIBLE,WORSE
1083,2,10,48,26337,32937,1,FEASIBLE,WORSE
1084,2,10,49,26268,32868,1,FEASIBLE,WORSE
1085,2,10,50,26308,32908,1,FEASIBLE,WORSE
1086,2,10,51,27724,34524,0,CAPACITY_EXCEEDED,INVALID
1087,2,10,52,26298,32898,1,FEASIBLE,WORSE
1088,2,10,53,25967,32567,1,FEASIBLE,WORSE
1089,2,10,54,26445,33045,1,FEASIBLE,WORSE
1090,2,10,55,27682,34482,0,CAPACITY_EXCEEDED,INVALID
1091,2,10,56,27699,34499,0,CAPACITY_EXCEEDED,INVALID
1092,2,10,57,26337,32937,1,FEASIBLE,WORSE
1093,2,10,58,26231,32831,1,FEASIBLE,WORSE
1094,2,10,59,27720,34520,0,CAPACITY_EXCEEDED,INVALID
1095,2,10,60,26075,32675,1,FEASIBLE,WORSE
1096,2,10,61,26312,32912,1,FEASIBLE,WORSE
1097,2,10,62,26577,33177,1,FEASIBLE,WORSE
1098,2,10,63,26474,33074,1,FEASIBLE,WORSE
1099,2,10,64,26099,32699,1,FEASIBLE,WORSE
1100,2,10,65,26632,33232,1,FEASIBLE,WORSE
1101,2,10,66,27707,34507,0,CAPACITY_EXCEEDED,INVALID
1102,2,10,67,26530,33130,1,FEASIBLE,WORSE
1103,2,10,68,27711,34511,0,CAPACITY_EXCEEDED,INVALID
1104,2,10,69,26489,33089,1,FEASIBLE,WORSE
1105,2,10,70,27757,34557,0,CAPACITY_EXCEEDED,INVALID
1106,2,10,71,26092,32692,1,FEASIBLE,WORSE
1107,2,10,72,26294,32894,1,FEASIBLE,WORSE
1108,2,10,73,26281,32881,1,FEASIBLE,WORSE
1109,2,10,74,26147,32747,1,FEASIBLE,WORSE
1110,2,10,75,26211,32811,1,FEASIBLE,WORSE
1111,2,10,76,26487,33087,1,FEASIBLE,WORSE
1112,2,10,77,26591,33191,1,FEASIBLE,WORSE
1113,2,10,78,26287,32887,1,FEASIBLE,WORSE
1114,2,10,79,27734,34534,0,CAPACITY_EXCEEDED,INVALID
1115,2,10,80,26175,32775,1,FEASIBLE,WORSE
1116,2,10,81,26723,33323,1,FEASIBLE,WORSE
1117,2,10,82,27620,34420,0,CAPACITY_EXCEEDED,INVALID
1118,2,10,83,26073,32673,1,FEASIBLE,WORSE
1119,2,10,84,27707,34507,0,CAPACITY_EXCEEDED,INVALID
1120,2,10,85,26607,33207,1,FEASIBLE,WORSE
1121,2,10,86,27544,34344,0,CAPACITY_EXCEEDED,INVALID
1122,2,10,87,26740,33340,1,FEASIBLE,WORSE
1123,2,10,88,26146,32746,1,FEASIBLE,WORSE
1124,2,10,89,26525,33125,1,FEASIBLE,WORSE
1125,2,10,90,26572,33172,1,FEASIBLE,WORSE
1126,2,10,91,27675,34475,0,CAPACITY_EXCEEDED,INVALID
1127,2,10,92,26692,33292,1,FEASIBLE,WORSE
1128,2,10,93,26276,32876,1,FEASIBLE,WORSE
1129,2,10,94,27653,34453,0,CAPACITY_EXCEEDED,INVALID
1130,2,10,95,26554,33154,1,FEASIBLE,WORSE
1131,2,10,96,26588,33188,1,FEASIBLE,WORSE
1132,2,10,97,27680,34480,0,CAPACITY_EXCEEDED,INVALID
1133,2,10,98,26376,32976,1,FEASIBLE,WORSE
1134,2,10,99,26082,32682,1,FEASIBLE,WORSE
1135,2,11,12,26791,33391,1,FEASIBLE,WORSE
1136,2,11,13,26828,33428,1,FEASIBLE,WORSE
1137,2,11,14,26498,33098,1,FEASIBLE,WORSE
1138,2,11,15,28217,35017,0,CAPACITY_EXCEEDED,INVALID
1139,2,11,16,28172,34972,0,CAPACITY_EXCEEDED,INVALID
1140,2,11,17,26677,33277,1,FEASIBLE,WORSE
1141,2,11,18,26777,33377,1,FEASIBLE,WORSE
1142,2,11,19,26953,33553,1,FEASIBLE,WORSE
1143,2,11,20,27186,33786,1,FEASIBLE,WORSE
1144,2,11,21,27194,33794,1,FEASIBLE,WORSE
1145,2,11,22,26757,33357,1,FEASIBLE,WORSE
1146,2,11,23,26903,33503,1,FEASIBLE,WORSE
1147,2,11,24,26841,33441,1,FEASIBLE,WORSE
1148,2,11,25,28114,34914,0,CAPACITY_EXCEEDED,INVALID
1149,2,11,26,26696,33296,1,FEASIBLE,WORSE
1150,2,11,27,26661,33261,1,FEASIBLE,WORSE
1151,2,11,28,26985,33585,1,FEASIBLE,WORSE
1152,2,11,29,27198,33798,1,FEASIBLE,WORSE
1153,2,11,30,26896,33496,1,FEASIBLE,WORSE
1154,2,11,31,27085,33685,1,FEASIBLE,WORSE
1155,2,11,32,26711,33311,1,FEASIBLE,WORSE
1156,2,11,33,28221,35021,0,CAPACITY_EXCEEDED,INVALID
1157,2,11,34,26547,33147,1,FEASIBLE,WORSE
1158,2,11,35,27040,33640,1,FEASIBLE,WORSE
1159,2,11,36,28116,34916,0,CAPACITY_EXCEEDED,INVALID
1160,2,11,37,28019,34819,0,CAPACITY_EXCEEDED,INVALID
1161,2,11,38,27957,34757,0,CAPACITY_EXCEEDED,INVALID
1162,2,11,39,28129,34929,0,CAPACITY_EXCEEDED,INVALID
1163,2,11,40,27985,34785,0,CAPACITY_EXCEEDED,INVALID
1164,2,11,41,28012,34812,0,CAPACITY_EXCEEDED,INVALID
1165,2,11,42,26868,33468,1,FEASIBLE,WORSE
1166,2,11,43,28203,35003,0,CAPACITY_EXCEEDED,INVALID
1167,2,11,44,28184,34984,0,CAPACITY_EXCEEDED,INVALID
1168,2,11,45,27060,33660,1,FEASIBLE,WORSE
1169,2,11,46,27977,34777,0,CAPACITY_EXCEEDED,INVALID
1170,2,11,47,26506,33106,1,FEASIBLE,WORSE
1171,2,11,48,26760,33360,1,FEASIBLE,WORSE
1172,2,11,49,26691,33291,1,FEASIBLE,WORSE
1173,2,11,50,26731,33331,1,FEASIBLE,WORSE
1174,2,11,51,28147,34947,0,CAPACITY_EXCEEDED,INVALID
1175,2,11,52,26721,33321,1,FEASIBLE,WORSE
1176,2,11,53,26390,32990,1,FEASIBLE,WORSE
1177,2,11,54,26868,33468,1,FEASIBLE,WORSE
1178,2,11,55,28105,34905,0,CAPACITY_EXCEEDED,INVALID
1179,2,11,56,28122,34922,0,CAPACITY_EXCEEDED,INVALID
1180,2,11,57,26760,33360,1,FEASIBLE,WORSE
1181,2,11,58,26654,33254,1,FEASIBLE,WORSE
1182,2,11,59,28143,34943,0,CAPACITY_EXCEEDED,INVALID
1183,2,11,60,26498,33098,1,FEASIBLE,WORSE
1184,2,11,61,26735,33335,1,FEASIBLE,WORSE
1185,2,11,62,27000,33600,1,FEASIBLE,WORSE
1186,2,11,63,26897,33497,1,FEASIBLE,WORSE
1187,2,11,64,26522,33122,1,FEASIBLE,WORSE
1188,2,11,65,27055,33655,1,FEASIBLE,WORSE
1189,2,11,66,28130,34930,0,CAPACITY_EXCEEDED,INVALID
1190,2,11,67,26953,33553,1,FEASIBLE,WORSE
1191,2,11,68,28134,34934,0,CAPACITY_EXCEEDED,INVALID
1192,2,11,69,26912,33512,1,FEASIBLE,WORSE
1193,2,11,70,28180,34980,0,CAPACITY_EXCEEDED,INVALID
1194,2,11,71,26515,33115,1,FEASIBLE,WORSE
1195,2,11,72,26717,33317,1,FEASIBLE,WORSE
1196,2,11,73,26704,33304,1,FEASIBLE,WORSE
1197,2,11,74,26570,33170,1,FEASIBLE,WORSE
1198,2,11,75,26634,33234,1,FEASIBLE,WORSE
1199,2,11,76,26910,33510,1,FEASIBLE,WORSE
1200,2,11,77,27014,33614,1,FEASIBLE,WORSE
1201,2,11,78,26710,33310,1,FEASIBLE,WORSE
1202,2,11,79,28157,34957,0,CAPACITY_EXCEEDED,INVALID
1203,2,11,80,26598,33198,1,FEASIBLE,WORSE
1204,2,11,81,27146,33746,1,FEASIBLE,WORSE
1205,2,11,82,28043,34843,0,CAPACITY_EXCEEDED,INVALID
1206,2,11,83,26496,33096,1,FEASIBLE,WORSE
1207,2,11,84,28130,34930,0,CAPACITY_EXCEEDED,INVALID
1208,2,11,85,27030,33630,1,FEASIBLE,WORSE
1209,2,11,86,27967,34767,0,CAPACITY_EXCEEDED,INVALID
1210,2,11,87,27163,33763,1,FEASIBLE,WORSE
1211,2,11,88,26569,33169,1,FEASIBLE,WORSE
1212,2,11,89,26948,33548,1,FEASIBLE,WORSE
1213,2,11,90,26995,33595,1,FEASIBLE,WORSE
1214,2,11,91,28098,34898,0,CAPACITY_EXCEEDED,INVALID
1215,2,11,92,27115,33715,1,FEASIBLE,WORSE
1216,2,11,93,26699,33299,1,FEASIBLE,WORSE
1217,2,11,94,28076,34876,0,CAPACITY_EXCEEDED,INVALID
1218,2,11,95,26977,33577,1,FEASIBLE,WORSE
1219,2,11,96,27011,33611,1,FEASIBLE,WORSE
1220,2,11,97,28103,34903,0,CAPACITY_EXCEEDED,INVALID
1221,2,11,98,26799,33399,1,FEASIBLE,WORSE
1222,2,11,99,26505,33105,1,FEASIBLE,WORSE
1223,2,12,13,26556,33156,1,FEASIBLE,WORSE
1224,2,12,14,26226,32826,1,FEASIBLE,WORSE
1225,2,12,15,27945,34745,0,CAPACITY_EXCEEDED,INVALID
1226,2,12,16,27900,34700,0,CAPACITY_EXCEEDED,INVALID
1227,2,12,17,26405,33005,1,FEASIBLE,WORSE
1228,2,12,18,26505,33105,1,FEASIBLE,WORSE
1229,2,12,19,26681,33281,1,FEASIBLE,WORSE
1230,2,12,20,26914,33514,1,FEASIBLE,WORSE
1231,2,12,21,26922,33522,1,FEASIBLE,WORSE
1232,2,12,22,26485,33085,1,FEASIBLE,WORSE
1233,2,12,23,26631,33231,1,FEASIBLE,WORSE
1234,2,12,24,26569,33169,1,FEASIBLE,WORSE
1235,2,12,25,27842,34642,0,CAPACITY_EXCEEDED,INVALID
1236,2,12,26,26424,33024,1,FEASIBLE,WORSE
1237,2,12,27,26389,32989,1,FEASIBLE,WORSE
1238,2,12,28,26713,33313,1,FEASIBLE,WORSE
1239,2,12,29,26926,33526,1,FEASIBLE,WORSE
1240,2,12,30,26624,33224,1,FEASIBLE,WORSE
1241,2,12,31,26813,33413,1,FEASIBLE,WORSE
1242,2,12,32,26439,33039,1,FEASIBLE,WORSE
1243,2,12,33,27949,34749,0,CAPACITY_EXCEEDED,INVALID
1244,2,12,34,26275,32875,1,FEASIBLE,WORSE
1245,2,12,35,26768,33368,1,FEASIBLE,WORSE
1246,2,12,36,27844,34644,0,CAPACITY_EXCEEDED,INVALID
1247,2,12,37,27747,34547,0,CAPACITY_EXCEEDED,INVALID
1248,2,12,38,27685,34485,0,CAPACITY_EXCEEDED,INVALID
1249,2,12,39,27857,34657,0,CAPACITY_EXCEEDED,INVALID
1250,2,12,40,27713,34513,0,CAPACITY_EXCEEDED,INVALID
1251,2,12,41,27740,34540,0,CAPACITY_EXCEEDED,INVALID
1252,2,12,42,26596,33196,1,FEASIBLE,WORSE
1253,2,12,43,27931,34731,0,CAPACITY_EXCEEDED,INVALID
1254,2,12,44,27912,34712,0,CAPACITY_EXCEEDED,INVALID
1255,2,12,45,26788,33388,1,FEASIBLE,WORSE
1256,2,12,46,27705,34505,0,CAPACITY_EXCEEDED,INVALID
1257,2,12,47,26234,32834,1,FEASIBLE,WORSE
1258,2,12,48,26488,33088,1,FEASIBLE,WORSE
1259,2,12,49,26419,33019,1,FEASIBLE,WORSE
1260,2,12,50,26459,33059,1,FEASIBLE,WORSE
1261,2,12,51,27875,34675,0,CAPACITY_EXCEEDED,INVALID
1262,2,12,52,26449,33049,1,FEASIBLE,WORSE
1263,2,12,53,26118,32718,1,FEASIBLE,WORSE
1264,2,12,54,26596,33196,1,FEASIBLE,WORSE
1265,2,12,55,27833,34633,0,CAPACITY_EXCEEDED,INVALID
1266,2,12,56,27850,34650,0,CAPACITY_EXCEEDED,INVALID
1267,2,12,57,26488,33088,1,FEASIBLE,WORSE
1268,2,12,58,26382,32982,1,FEASIBLE,WORSE
1269,2,12,59,27871,34671,0,CAPACITY_EXCEEDED,INVALID
1270,2,12,60,26226,32826,1,FEASIBLE,WORSE
1271,2,12,61,26463,33063,1,FEASIBLE,WORSE
1272,2,12,62,26728,33328,1,FEASIBLE,WORSE
1273,2,12,63,26625,33225,1,FEASIBLE,WORSE
1274,2,12,64,26250,32850,1,FEASIBLE,WORSE
1275,2,12,65,26783,33383,1,FEASIBLE,WORSE
1276,2,12,66,27858,34658,0,CAPACITY_EXCEEDED,INVALID
1277,2,12,67,26681,33281,1,FEASIBLE,WORSE
1278,2,12,68,27862,34662,0,CAPACITY_EXCEEDED,INVALID
1279,2,12,69,26640,33240,1,FEASIBLE,WORSE
1280,2,12,70,27908,34708,0,CAPACITY_EXCEEDED,INVALID
1281,2,12,71,26243,32843,1,FEASIBLE,WORSE
1282,2,12,72,26445,33045,1,FEASIBLE,WORSE
1283,2,12,73,26432,33032,1,FEASIBLE,WORSE
1284,2,12,74,26298,32898,1,FEASIBLE,WORSE
1285,2,12,75,26362,32962,1,FEASIBLE,WORSE
1286,2,12,76,26638,33238,1,FEASIBLE,WORSE
1287,2,12,77,26742,33342,1,FEASIBLE,WORSE
1288,2,12,78,26438,33038,1,FEASIBLE,WORSE
1289,2,12,79,27885,34685,0,CAPACITY_EXCEEDED,INVALID
1290,2,12,80,26326,32926,1,FEASIBLE,WORSE
1291,2,12,81,26874,33474,1,FEASIBLE,WORSE
1292,2,12,82,27771,34571,0,CAPACITY_EXCEEDED,INVALID
1293,2,12,83,26224,32824,1,FEASIBLE,WORSE
1294,2,12,84,27858,34658,0,CAPACITY_EXCEEDED,INVALID
1295,2,12,85,26758,33358,1,FEASIBLE,WORSE
1296,2,12,86,27695,34495,0,CAPACITY_EXCEEDED,INVALID
1297,2,12,87,26891,33491,1,FEASIBLE,WORSE
1298,2,12,88,26297,32897,1,FEASIBLE,WORSE
1299,2,12,89,26676,33276,1,FEASIBLE,WORSE
1300,2,12,90,26723,33323,1,FEASIBLE,WORSE
1301,2,12,91,27826,34626,0,CAPACITY_EXCEEDED,INVALID
1302,2,12,92,26843,33443,1,FEASIBLE,WORSE
1303,2,12,93,26427,33027,1,FEASIBLE,WORSE
1304,2,12,94,27804,34604,0,CAPACITY_EXCEEDED,INVALID
1305,2,12,95,26705,33305,1,FEASIBLE,WORSE
1306,2,12,96,26739,33339,1,FEASIBLE,WORSE
1307,2,12,97,27831,34631,0,CAPACITY_EXCEEDED,INVALID
1308,2,12,98,26527,33127,1,FEASIBLE,WORSE
1309,2,12,99,26233,32833,1,FEASIBLE,WORSE
1310,2,13,14,26263,32863,1,FEASIBLE,WORSE
1311,2,13,15,27982,34782,0,CAPACITY_EXCEEDED,INVALID
1312,2,13,16,27937,34737,0,CAPACITY_EXCEEDED,INVALID
1313,2,13,17,26442,33042,1,FEASIBLE,WORSE
1314,2,13,18,26542,33142,1,FEASIBLE,WORSE
1315,2,13,19,26718,33318,1,FEASIBLE,WORSE
1316,2,13,20,26951,33551,1,FEASIBLE,WORSE
1317,2,13,21,26959,33559,1,FEASIBLE,WORSE
1318,2,13,22,26522,33122,1,FEASIBLE,WORSE
1319,2,13,23,26668,33268,1,FEASIBLE,WORSE
1320,2,13,24,26606,33206,1,FEASIBLE,WORSE
1321,2,13,25,27879,34679,0,CAPACITY_EXCEEDED,INVALID
1322,2,13,26,26461,33061,1,FEASIBLE,WORSE
1323,2,13,27,26426,33026,1,FEASIBLE,WORSE
1324,2,13,28,26750,33350,1,FEASIBLE,WORSE
1325,2,13,29,26963,33563,1,FEASIBLE,WORSE
1326,2,13,30,26661,33261,1,FEASIBLE,WORSE
1327,2,13,31,26850,33450,1,FEASIBLE,WORSE
1328,2,13,32,26476,33076,1,FEASIBLE,WORSE
1329,2,13,33,27986,34786,0,CAPACITY_EXCEEDED,INVALID
1330,2,13,34,26312,32912,1,FEASIBLE,WORSE
1331,2,13,35,26805,33405,1,FEASIBLE,WORSE
1332,2,13,36,27881,34681,0,CAPACITY_EXCEEDED,INVALID
1333,2,13,37,27784,34584,0,CAPACITY_EXCEEDED,INVALID
1334,2,13,38,27722,34522,0,CAPACITY_EXCEEDED,INVALID
1335,2,13,39,27894,34694,0,CAPACITY_EXCEEDED,INVALID
1336,2,13,40,27750,34550,0,CAPACITY_EXCEEDED,INVALID
1337,2,13,41,27777,34577,0,CAPACITY_EXCEEDED,INVALID
1338,2,13,42,26633,33233,1,FEASIBLE,WORSE
1339,2,13,43,27968,34768,0,CAPACITY_EXCEEDED,INVALID
1340,2,13,44,27949,34749,0,CAPACITY_EXCEEDED,INVALID
1341,2,13,45,26825,33425,1,FEASIBLE,WORSE
1342,2,13,46,27742,34542,0,CAPACITY_EXCEEDED,INVALID
1343,2,13,47,26271,32871,1,FEASIBLE,WORSE
1344,2,13,48,26525,33125,1,FEASIBLE,WORSE
1345,2,13,49,26456,33056,1,FEASIBLE,WORSE
1346,2,13,50,26496,33096,1,FEASIBLE,WORSE
1347,2,13,51,27912,34712,0,CAPACITY_EXCEEDED,INVALID
1348,2,13,52,26486,33086,1,FEASIBLE,WORSE
1349,2,13,53,26155,32755,1,FEASIBLE,WORSE
1350,2,13,54,26633,33233,1,FEASIBLE,WORSE
1351,2,13,55,27870,34670,0,CAPACITY_EXCEEDED,INVALID
1352,2,13,56,27887,34687,0,CAPACITY_EXCEEDED,INVALID
1353,2,13,57,26525,33125,1,FEASIBLE,WORSE
1354,2,13,58,26419,33019,1,FEASIBLE,WORSE
1355,2,13,59,27908,34708,0,CAPACITY_EXCEEDED,INVALID
1356,2,13,60,26263,32863,1,FEASIBLE,WORSE
1357,2,13,61,26500,33100,1,FEASIBLE,WORSE
1358,2,13,62,26765,33365,1,FEASIBLE,WORSE
1359,2,13,63,26662,33262,1,FEASIBLE,WORSE
1360,2,13,64,26287,32887,1,FEASIBLE,WORSE
1361,2,13,65,26820,33420,1,FEASIBLE,WORSE
1362,2,13,66,27895,34695,0,CAPACITY_EXCEEDED,INVALID
1363,2,13,67,26718,33318,1,FEASIBLE,WORSE
1364,2,13,68,27899,34699,0,CAPACITY_EXCEEDED,INVALID
1365,2,13,69,26677,33277,1,FEASIBLE,WORSE
1366,2,13,70,27945,34745,0,CAPACITY_EXCEEDED,INVALID
1367,2,13,71,26280,32880,1,FEASIBLE,WORSE
1368,2,13,72,26482,33082,1,FEASIBLE,WORSE
1369,2,13,73,26469,33069,1,FEASIBLE,WORSE
1370,2,13,74,26335,32935,1,FEASIBLE,WORSE
1371,2,13,75,26399,32999,1,FEASIBLE,WORSE
1372,2,13,76,26675,33275,1,FEASIBLE,WORSE
1373,2,13,77,26779,33379,1,FEASIBLE,WORSE
1374,2,13,78,26475,33075,1,FEASIBLE,WORSE
1375,2,13,79,27922,34722,0,CAPACITY_EXCEEDED,INVALID
1376,2,13,80,26363,32963,1,FEASIBLE,WORSE
1377,2,13,81,26911,33511,1,FEASIBLE,WORSE
1378,2,13,82,27808,34608,0,CAPACITY_EXCEEDED,INVALID
1379,2,13,83,26261,32861,1,FEASIBLE,WORSE
1380,2,13,84,27895,34695,0,CAPACITY_EXCEEDED,INVALID
1381,2,13,85,26795,33395,1,FEASIBLE,WORSE
1382,2,13,86,27732,34532,0,CAPACITY_EXCEEDED,INVALID
1383,2,13,87,26928,33528,1,FEASIBLE,WORSE
1384,2,13,88,26334,32934,1,FEASIBLE,WORSE
1385,2,13,89,26713,33313,1,FEASIBLE,WORSE
1386,2,13,90,26760,33360,1,FEASIBLE,WORSE
1387,2,13,91,27863,34663,0,CAPACITY_EXCEEDED,INVALID
1388,2,13,92,26880,33480,1,FEASIBLE,WORSE
1389,2,13,93,26464,33064,1,FEASIBLE,WORSE
1390,2,13,94,27841,34641,0,CAPACITY_EXCEEDED,INVALID
1391,2,13,95,26742,33342,1,FEASIBLE,WORSE
1392,2,13,96,26776,33376,1,FEASIBLE,WORSE
1393,2,13,97,27868,34668,0,CAPACITY_EXCEEDED,INVALID
1394,2,13,98,26564,33164,1,FEASIBLE,WORSE
1395,2,13,99,26270,32870,1,FEASIBLE,WORSE
1396,2,14,15,27652,34452,0,CAPACITY_EXCEEDED,INVALID
1397,2,14,16,27607,34407,0,CAPACITY_EXCEEDED,INVALID
1398,2,14,17,26112,32712,1,FEASIBLE,WORSE
1399,2,14,18,26212,32812,1,FEASIBLE,WORSE
1400,2,14,19,26388,32988,1,FEASIBLE,WORSE
1401,2,14,20,26621,33221,1,FEASIBLE,WORSE
1402,2,14,21,26629,33229,1,FEASIBLE,WORSE
1403,2,14,22,26192,32792,1,FEASIBLE,WORSE
1404,2,14,23,26338,32938,1,FEASIBLE,WORSE
1405,2,14,24,26276,32876,1,FEASIBLE,WORSE
1406,2,14,25,27549,34349,0,CAPACITY_EXCEEDED,INVALID
1407,2,14,26,26131,32731,1,FEASIBLE,WORSE
1408,2,14,27,26096,32696,1,FEASIBLE,WORSE
1409,2,14,28,26420,33020,1,FEASIBLE,WORSE
1410,2,14,29,26633,33233,1,FEASIBLE,WORSE
1411,2,14,30,26331,32931,1,FEASIBLE,WORSE
1412,2,14,31,26520,33120,1,FEASIBLE,WORSE
1413,2,14,32,26146,32746,1,FEASIBLE,WORSE
1414,2,14,33,27656,34456,0,CAPACITY_EXCEEDED,INVALID
1415,2,14,34,25982,32582,1,FEASIBLE,WORSE
1416,2,14,35,26475,33075,1,FEASIBLE,WORSE
1417,2,14,36,27551,34351,0,CAPACITY_EXCEEDED,INVALID
1418,2,14,37,27454,34254,0,CAPACITY_EXCEEDED,INVALID
1419,2,14,38,27392,34192,0,CAPACITY_EXCEEDED,INVALID
1420,2,14,39,27564,34364,0,CAPACITY_EXCEEDED,INVALID
1421,2,14,40,27420,34220,0,CAPACITY_EXCEEDED,INVALID
1422,2,14,41,27447,34247,0,CAPACITY_EXCEEDED,INVALID
1423,2,14,42,26303,32903,1,FEASIBLE,WORSE
1424,2,14,43,27638,34438,0,CAPACITY_EXCEEDED,INVALID
1425,2,14,44,27619,34419,0,CAPACITY_EXCEEDED,INVALID
1426,2,14,45,26495,33095,1,FEASIBLE,WORSE
1427,2,14,46,27412,34212,0,CAPACITY_EXCEEDED,INVALID
1428,2,14,47,25941,32541,1,FEASIBLE,WORSE
1429,2,14,48,26195,32795,1,FEASIBLE,WORSE
1430,2,14,49,26126,32726,1,FEASIBLE,WORSE
1431,2,14,50,26166,32766,1,FEASIBLE,WORSE
1432,2,14,51,27582,34382,0,CAPACITY_EXCEEDED,INVALID
1433,2,14,52,26156,32756,1,FEASIBLE,WORSE
1434,2,14,53,25825,32425,1,FEASIBLE,WORSE
1435,2,14,54,26303,32903,1,FEASIBLE,WORSE
1436,2,14,55,27540,34340,0,CAPACITY_EXCEEDED,INVALID
1437,2,14,56,27557,34357,0,CAPACITY_EXCEEDED,INVALID
1438,2,14,57,26195,32795,1,FEASIBLE,WORSE
1439,2,14,58,26089,32689,1,FEASIBLE,WORSE
1440,2,14,59,27578,34378,0,CAPACITY_EXCEEDED,INVALID
1441,2,14,60,25933,32533,1,FEASIBLE,WORSE
1442,2,14,61,26170,32770,1,FEASIBLE,WORSE
1443,2,14,62,26435,33035,1,FEASIBLE,WORSE
1444,2,14,63,26332,32932,1,FEASIBLE,WORSE
1445,2,14,64,25957,32557,1,FEASIBLE,WORSE
1446,2,14,65,26490,33090,1,FEASIBLE,WORSE
1447,2,14,66,27565,34365,0,CAPACITY_EXCEEDED,INVALID
1448,2,14,67,26388,32988,1,FEASIBLE,WORSE
1449,2,14,68,27569,34369,0,CAPACITY_EXCEEDED,INVALID
1450,2,14,69,26347,32947,1,FEASIBLE,WORSE
1451,2,14,70,27615,34415,0,CAPACITY_EXCEEDED,INVALID
1452,2,14,71,25950,32550,1,FEASIBLE,WORSE
1453,2,14,72,26152,32752,1,FEASIBLE,WORSE
1454,2,14,73,26139,32739,1,FEASIBLE,WORSE
1455,2,14,74,26005,32605,1,FEASIBLE,WORSE
1456,2,14,75,26069,32669,1,FEASIBLE,WORSE
1457,2,14,76,26345,32945,1,FEASIBLE,WORSE
1458,2,14,77,26449,33049,1,FEASIBLE,WORSE
1459,2,14,78,26145,32745,1,FEASIBLE,WORSE
1460,2,14,79,27592,34392,0,CAPACITY_EXCEEDED,INVALID
1461,2,14,80,26033,32633,1,FEASIBLE,WORSE
1462,2,14,81,26581,33181,1,FEASIBLE,WORSE
1463,2,14,82,27478,34278,0,CAPACITY_EXCEEDED,INVALID
1464,2,14,83,25931,32531,1,FEASIBLE,WORSE
1465,2,14,84,27565,34365,0,CAPACITY_EXCEEDED,INVALID
1466,2,14,85,26465,33065,1,FEASIBLE,WORSE
1467,2,14,86,27402,34202,0,CAPACITY_EXCEEDED,INVALID
1468,2,14,87,26598,33198,1,FEASIBLE,WORSE
1469,2,14,88,26004,32604,1,FEASIBLE,WORSE
1470,2,14,89,26383,32983,1,FEASIBLE,WORSE
1471,2,14,90,26430,33030,1,FEASIBLE,WORSE
1472,2,14,91,27533,34333,0,CAPACITY_EXCEEDED,INVALID
1473,2,14,92,26550,33150,1,FEASIBLE,WORSE
1474,2,14,93,26134,32734,1,FEASIBLE,WORSE
1475,2,14,94,27511,34311,0,CAPACITY_EXCEEDED,INVALID
1476,2,14,95,26412,33012,1,FEASIBLE,WORSE
1477,2,14,96,26446,33046,1,FEASIBLE,WORSE
1478,2,14,97,27538,34338,0,CAPACITY_EXCEEDED,INVALID
1479,2,14,98,26234,32834,1,FEASIBLE,WORSE
1480,2,14,99,25940,32540,1,FEASIBLE,WORSE
1481,2,15,16,29326,36326,0,CAPACITY_EXCEEDED,INVALID
1482,2,15,17,27831,34631,0,CAPACITY_EXCEEDED,INVALID
1483,2,15,18,27931,34731,0,CAPACITY_EXCEEDED,INVALID
1484,2,15,19,28107,34907,0,CAPACITY_EXCEEDED,INVALID
1485,2,15,20,28340,35140,0,CAPACITY_EXCEEDED,INVALID
1486,2,15,21,28348,35148,0,CAPACITY_EXCEEDED,INVALID
1487,2,15,22,27911,34711,0,CAPACITY_EXCEEDED,INVALID
1488,2,15,23,28057,34857,0,CAPACITY_EXCEEDED,INVALID
1489,2,15,24,27995,34795,0,CAPACITY_EXCEEDED,INVALID
1490,2,15,25,29268,36268,0,CAPACITY_EXCEEDED,INVALID
1491,2,15,26,27850,34650,0,CAPACITY_EXCEEDED,INVALID
1492,2,15,27,27815,34615,0,CAPACITY_EXCEEDED,INVALID
1493,2,15,28,28139,34939,0,CAPACITY_EXCEEDED,INVALID
1494,2,15,29,28352,35152,0,CAPACITY_EXCEEDED,INVALID
1495,2,15,30,28050,34850,0,CAPACITY_EXCEEDED,INVALID
1496,2,15,31,28239,35039,0,CAPACITY_EXCEEDED,INVALID
1497,2,15,32,27865,34665,0,CAPACITY_EXCEEDED,INVALID
1498,2,15,33,29375,36375,0,CAPACITY_EXCEEDED,INVALID
1499,2,15,34,27701,34501,0,CAPACITY_EXCEEDED,INVALID
1500,2,15,35,28194,34994,0,CAPACITY_EXCEEDED,INVALID
1501,2,15,36,29270,36270,0,CAPACITY_EXCEEDED,INVALID
1502,2,15,37,29173,36173,0,CAPACITY_EXCEEDED,INVALID
1503,2,15,38,29111,36111,0,CAPACITY_EXCEEDED,INVALID
1504,2,15,39,29283,36283,0,CAPACITY_EXCEEDED,INVALID
1505,2,15,40,29139,36139,0,CAPACITY_EXCEEDED,INVALID
1506,2,15,41,29166,36166,0,CAPACITY_EXCEEDED,INVALID
1507,2,15,42,28022,34822,0,CAPACITY_EXCEEDED,INVALID
1508,2,15,43,29357,36357,0,CAPACITY_EXCEEDED,INVALID
1509,2,15,44,29338,36338,0,CAPACITY_EXCEEDED,INVALID
1510,2,15,45,28214,35014,0,CAPACITY_EXCEEDED,INVALID
1511,2,15,46,29131,36131,0,CAPACITY_EXCEEDED,INVALID
1512,2,15,47,27660,34460,0,CAPACITY_EXCEEDED,INVALID
1513,2,15,48,27914,34714,0,CAPACITY_EXCEEDED,INVALID
1514,2,15,49,27845,34645,0,CAPACITY_EXCEEDED,INVALID
1515,2,15,50,27885,34685,0,CAPACITY_EXCEEDED,INVALID
1516,2,15,51,29301,36301,0,CAPACITY_EXCEEDED,INVALID
1517,2,15,52,27875,34675,0,CAPACITY_EXCEEDED,INVALID
1518,2,15,53,27544,34344,0,CAPACITY_EXCEEDED,INVALID
1519,2,15,54,28022,34822,0,CAPACITY_EXCEEDED,INVALID
1520,2,15,55,29259,36259,0,CAPACITY_EXCEEDED,INVALID
1521,2,15,56,29276,36276,0,CAPACITY_EXCEEDED,INVALID
1522,2,15,57,27914,34714,0,CAPACITY_EXCEEDED,INVALID
1523,2,15,58,27808,34608,0,CAPACITY_EXCEEDED,INVALID
1524,2,15,59,29297,36297,0,CAPACITY_EXCEEDED,INVALID
1525,2,15,60,27652,34452,0,CAPACITY_EXCEEDED,INVALID
1526,2,15,61,27889,34689,0,CAPACITY_EXCEEDED,INVALID
1527,2,15,62,28154,34954,0,CAPACITY_EXCEEDED,INVALID
1528,2,15,63,28051,34851,0,CAPACITY_EXCEEDED,INVALID
1529,2,15,64,27676,34476,0,CAPACITY_EXCEEDED,INVALID
1530,2,15,65,28209,35009,0,CAPACITY_EXCEEDED,INVALID
1531,2,15,66,29284,36284,0,CAPACITY_EXCEEDED,INVALID
1532,2,15,67,28107,34907,0,CAPACITY_EXCEEDED,INVALID
1533,2,15,68,29288,36288,0,CAPACITY_EXCEEDED,INVALID
1534,2,15,69,28066,34866,0,CAPACITY_EXCEEDED,INVALID
1535,2,15,70,29334,36334,0,CAPACITY_EXCEEDED,INVALID
1536,2,15,71,27669,34469,0,CAPACITY_EXCEEDED,INVALID
1537,2,15,72,27871,34671,0,CAPACITY_EXCEEDED,INVALID
1538,2,15,73,27858,34658,0,CAPACITY_EXCEEDED,INVALID
1539,2,15,74,27724,34524,0,CAPACITY_EXCEEDED,INVALID
1540,2,15,75,27788,34588,0,CAPACITY_EXCEEDED,INVALID
1541,2,15,76,28064,34864,0,CAPACITY_EXCEEDED,INVALID
1542,2,15,77,28168,34968,0,CAPACITY_EXCEEDED,INVALID
1543,2,15,78,27864,34664,0,CAPACITY_EXCEEDED,INVALID
1544,2,15,79,29311,36311,0,CAPACITY_EXCEEDED,INVALID
1545,2,15,80,27752,34552,0,CAPACITY_EXCEEDED,INVALID
1546,2,15,81,28300,35100,0,CAPACITY_EXCEEDED,INVALID
1547,2,15,82,29197,36197,0,CAPACITY_EXCEEDED,INVALID
1548,2,15,83,27650,34450,0,CAPACITY_EXCEEDED,INVALID
1549,2,15,84,29284,36284,0,CAPACITY_EXCEEDED,INVALID
1550,2,15,85,28184,34984,0,CAPACITY_EXCEEDED,INVALID
1551,2,15,86,29121,36121,0,CAPACITY_EXCEEDED,INVALID
1552,2,15,87,28317,35117,0,CAPACITY_EXCEEDED,INVALID
1553,2,15,88,27723,34523,0,CAPACITY_EXCEEDED,INVALID
1554,2,15,89,28102,34902,0,CAPACITY_EXCEEDED,INVALID
1555,2,15,90,28149,34949,0,CAPACITY_EXCEEDED,INVALID
1556,2,15,91,29252,36252,0,CAPACITY_EXCEEDED,INVALID
1557,2,15,92,28269,35069,0,CAPACITY_EXCEEDED,INVALID
1558,2,15,93,27853,34653,0,CAPACITY_EXCEEDED,INVALID
1559,2,15,94,29230,36230,0,CAPACITY_EXCEEDED,INVALID
1560,2,15,95,28131,34931,0,CAPACITY_EXCEEDED,INVALID
1561,2,15,96,28165,34965,0,CAPACITY_EXCEEDED,INVALID
1562,2,15,97,29257,36257,0,CAPACITY_EXCEEDED,INVALID
1563,2,15,98,27953,34753,0,CAPACITY_EXCEEDED,INVALID
1564,2,15,99,27659,34459,0,CAPACITY_EXCEEDED,INVALID
1565,2,16,17,27786,34586,0,CAPACITY_EXCEEDED,INVALID
1566,2,16,18,27886,34686,0,CAPACITY_EXCEEDED,INVALID
1567,2,16,19,28062,34862,0,CAPACITY_EXCEEDED,INVALID
1568,2,16,20,28295,35095,0,CAPACITY_EXCEEDED,INVALID
1569,2,16,21,28303,35103,0,CAPACITY_EXCEEDED,INVALID
1570,2,16,22,27866,34666,0,CAPACITY_EXCEEDED,INVALID
1571,2,16,23,28012,34812,0,CAPACITY_EXCEEDED,INVALID
1572,2,16,24,27950,34750,0,CAPACITY_EXCEEDED,INVALID
1573,2,16,25,29223,36223,0,CAPACITY_EXCEEDED,INVALID
1574,2,16,26,27805,34605,0,CAPACITY_EXCEEDED,INVALID
1575,2,16,27,27770,34570,0,CAPACITY_EXCEEDED,INVALID
1576,2,16,28,28094,34894,0,CAPACITY_EXCEEDED,INVALID
1577,2,16,29,28307,35107,0,CAPACITY_EXCEEDED,INVALID
1578,2,16,30,28005,34805,0,CAPACITY_EXCEEDED,INVALID
1579,2,16,31,28194,34994,0,CAPACITY_EXCEEDED,INVALID
1580,2,16,32,27820,34620,0,CAPACITY_EXCEEDED,INVALID
1581,2,16,33,29330,36330,0,CAPACITY_EXCEEDED,INVALID
1582,2,16,34,27656,34456,0,CAPACITY_EXCEEDED,INVALID
1583,2,16,35,28149,34949,0,CAPACITY_EXCEEDED,INVALID
1584,2,16,36,29225,36225,0,CAPACITY_EXCEEDED,INVALID
1585,2,16,37,29128,36128,0,CAPACITY_EXCEEDED,INVALID
1586,2,16,38,29066,36066,0,CAPACITY_EXCEEDED,INVALID
1587,2,16,39,29238,36238,0,CAPACITY_EXCEEDED,INVALID
1588,2,16,40,29094,36094,0,CAPACITY_EXCEEDED,INVALID
1589,2,16,41,29121,36121,0,CAPACITY_EXCEEDED,INVALID
1590,2,16,42,27977,34777,0,CAPACITY_EXCEEDED,INVALID
1591,2,16,43,29312,36312,0,CAPACITY_EXCEEDED,INVALID
1592,2,16,44,29293,36293,0,CAPACITY_EXCEEDED,INVALID
1593,2,16,45,28169,34969,0,CAPACITY_EXCEEDED,INVALID
1594,2,16,46,29086,36086,0,CAPACITY_EXCEEDED,INVALID
1595,2,16,47,27615,34415,0,CAPACITY_EXCEEDED,INVALID
1596,2,16,48,27869,34669,0,CAPACITY_EXCEEDED,INVALID
1597,2,16,49,27800,34600,0,CAPACITY_EXCEEDED,INVALID
1598,2,16,50,27840,34640,0,CAPACITY_EXCEEDED,INVALID
1599,2,16,51,29256,36256,0,CAPACITY_EXCEEDED,INVALID
1600,2,16,52,27830,34630,0,CAPACITY_EXCEEDED,INVALID
1601,2,16,53,27499,34299,0,CAPACITY_EXCEEDED,INVALID
1602,2,16,54,27977,34777,0,CAPACITY_EXCEEDED,INVALID
1603,2,16,55,29214,36214,0,CAPACITY_EXCEEDED,INVALID
1604,2,16,56,29231,36231,0,CAPACITY_EXCEEDED,INVALID
1605,2,16,57,27869,34669,0,CAPACITY_EXCEEDED,INVALID
1606,2,16,58,27763,34563,0,CAPACITY_EXCEEDED,INVALID
1607,2,16,59,29252,36252,0,CAPACITY_EXCEEDED,INVALID
1608,2,16,60,27607,34407,0,CAPACITY_EXCEEDED,INVALID
1609,2,16,61,27844,34644,0,CAPACITY_EXCEEDED,INVALID
1610,2,16,62,28109,34909,0,CAPACITY_EXCEEDED,INVALID
1611,2,16,63,28006,34806,0,CAPACITY_EXCEEDED,INVALID
1612,2,16,64,27631,34431,0,CAPACITY_EXCEEDED,INVALID
1613,2,16,65,28164,34964,0,CAPACITY_EXCEEDED,INVALID
1614,2,16,66,29239,36239,0,CAPACITY_EXCEEDED,INVALID
1615,2,16,67,28062,34862,0,CAPACITY_EXCEEDED,INVALID
1616,2,16,68,29243,36243,0,CAPACITY_EXCEEDED,INVALID
1617,2,16,69,28021,34821,0,CAPACITY_EXCEEDED,INVALID
1618,2,16,70,29289,36289,0,CAPACITY_EXCEEDED,INVALID
1619,2,16,71,27624,34424,0,CAPACITY_EXCEEDED,INVALID
1620,2,16,72,27826,34626,0,CAPACITY_EXCEEDED,INVALID
1621,2,16,73,27813,34613,0,CAPACITY_EXCEEDED,INVALID
1622,2,16,74,27679,34479,0,CAPACITY_EXCEEDED,INVALID
1623,2,16,75,27743,34543,0,CAPACITY_EXCEEDED,INVALID
1624,2,16,76,28019,34819,0,CAPACITY_EXCEEDED,INVALID
1625,2,16,77,28123,34923,0,CAPACITY_EXCEEDED,INVALID
1626,2,16,78,27819,34619,0,CAPACITY_EXCEEDED,INVALID
1627,2,16,79,29266,36266,0,CAPACITY_EXCEEDED,INVALID
1628,2,16,80,27707,34507,0,CAPACITY_EXCEEDED,INVALID
1629,2,16,81,28255,35055,0,CAPACITY_EXCEEDED,INVALID
1630,2,16,82,29152,36152,0,CAPACITY_EXCEEDED,INVALID
1631,2,16,83,27605,34405,0,CAPACITY_EXCEEDED,INVALID
1632,2,16,84,29239,36239,0,CAPACITY_EXCEEDED,INVALID
1633,2,16,85,28139,34939,0,CAPACITY_EXCEEDED,INVALID
1634,2,16,86,29076,36076,0,CAPACITY_EXCEEDED,INVALID
1635,2,16,87,28272,35072,0,CAPACITY_EXCEEDED,INVALID
1636,2,16,88,27678,34478,0,CAPACITY_EXCEEDED,INVALID
1637,2,16,89,28057,34857,0,CAPACITY_EXCEEDED,INVALID
1638,2,16,90,28104,34904,0,CAPACITY_EXCEEDED,INVALID
1639,2,16,91,29207,36207,0,CAPACITY_EXCEEDED,INVALID
1640,2,16,92,28224,35024,0,CAPACITY_EXCEEDED,INVALID
1641,2,16,93,27808,34608,0,CAPACITY_EXCEEDED,INVALID
1642,2,16,94,29185,36185,0,CAPACITY_EXCEEDED,INVALID
1643,2,16,95,28086,34886,0,CAPACITY_EXCEEDED,INVALID
1644,2,16,96,28120,34920,0,CAPACITY_EXCEEDED,INVALID
1645,2,16,97,29212,36212,0,CAPACITY_EXCEEDED,INVALID
1646,2,16,98,27908,34708,0,CAPACITY_EXCEEDED,INVALID
1647,2,16,99,27614,34414,0,CAPACITY_EXCEEDED,INVALID
1648,2,17,18,26391,32991,1,FEASIBLE,WORSE
1649,2,17,19,26567,33167,1,FEASIBLE,WORSE
1650,2,17,20,26800,33400,1,FEASIBLE,WORSE
1651,2,17,21,26808,33408,1,FEASIBLE,WORSE
1652,2,17,22,26371,32971,1,FEASIBLE,WORSE
1653,2,17,23,26517,33117,1,FEASIBLE,WORSE
1654,2,17,24,26455,33055,1,FEASIBLE,WORSE
1655,2,17,25,27728,34528,0,CAPACITY_EXCEEDED,INVALID
1656,2,17,26,26310,32910,1,FEASIBLE,WORSE
1657,2,17,27,26275,32875,1,FEASIBLE,WORSE
1658,2,17,28,26599,33199,1,FEASIBLE,WORSE
1659,2,17,29,26812,33412,1,FEASIBLE,WORSE
1660,2,17,30,26510,33110,1,FEASIBLE,WORSE
1661,2,17,31,26699,33299,1,FEASIBLE,WORSE
1662,2,17,32,26325,32925,1,FEASIBLE,WORSE
1663,2,17,33,27835,34635,0,CAPACITY_EXCEEDED,INVALID
1664,2,17,34,26161,32761,1,FEASIBLE,WORSE
1665,2,17,35,26654,33254,1,FEASIBLE,WORSE
1666,2,17,36,27730,34530,0,CAPACITY_EXCEEDED,INVALID
1667,2,17,37,27633,34433,0,CAPACITY_EXCEEDED,INVALID
1668,2,17,38,27571,34371,0,CAPACITY_EXCEEDED,INVALID
1669,2,17,39,27743,34543,0,CAPACITY_EXCEEDED,INVALID
1670,2,17,40,27599,34399,0,CAPACITY_EXCEEDED,INVALID
1671,2,17,41,27626,34426,0,CAPACITY_EXCEEDED,INVALID
1672,2,17,42,26482,33082,1,FEASIBLE,WORSE
1673,2,17,43,27817,34617,0,CAPACITY_EXCEEDED,INVALID
1674,2,17,44,27798,34598,0,CAPACITY_EXCEEDED,INVALID
1675,2,17,45,26674,33274,1,FEASIBLE,WORSE
1676,2,17,46,27591,34391,0,CAPACITY_EXCEEDED,INVALID
1677,2,17,47,26120,32720,1,FEASIBLE,WORSE
1678,2,17,48,26374,32974,1,FEASIBLE,WORSE
1679,2,17,49,26305,32905,1,FEASIBLE,WORSE
1680,2,17,50,26345,32945,1,FEASIBLE,WORSE
1681,2,17,51,27761,34561,0,CAPACITY_EXCEEDED,INVALID
1682,2,17,52,26335,32935,1,FEASIBLE,WORSE
1683,2,17,53,26004,32604,1,FEASIBLE,WORSE
1684,2,17,54,26482,33082,1,FEASIBLE,WORSE
1685,2,17,55,27719,34519,0,CAPACITY_EXCEEDED,INVALID
1686,2,17,56,27736,34536,0,CAPACITY_EXCEEDED,INVALID
1687,2,17,57,26374,32974,1,FEASIBLE,WORSE
1688,2,17,58,26268,32868,1,FEASIBLE,WORSE
1689,2,17,59,27757,34557,0,CAPACITY_EXCEEDED,INVALID
1690,2,17,60,26112,32712,1,FEASIBLE,WORSE
1691,2,17,61,26349,32949,1,FEASIBLE,WORSE
1692,2,17,62,26614,33214,1,FEASIBLE,WORSE
1693,2,17,63,26511,33111,1,FEASIBLE,WORSE
1694,2,17,64,26136,32736,1,FEASIBLE,WORSE
1695,2,17,65,26669,33269,1,FEASIBLE,WORSE
1696,2,17,66,27744,34544,0,CAPACITY_EXCEEDED,INVALID
1697,2,17,67,26567,33167,1,FEASIBLE,WORSE
1698,2,17,68,27748,34548,0,CAPACITY_EXCEEDED,INVALID
1699,2,17,69,26526,33126,1,FEASIBLE,WORSE
1700,2,17,70,27794,34594,0,CAPACITY_EXCEEDED,INVALID
1701,2,17,71,26129,32729,1,FEASIBLE,WORSE
1702,2,17,72,26331,32931,1,FEASIBLE,WORSE
1703,2,17,73,26318,32918,1,FEASIBLE,WORSE
1704,2,17,74,26184,32784,1,FEASIBLE,WORSE
1705,2,17,75,26248,32848,1,FEASIBLE,WORSE
1706,2,17,76,26524,33124,1,FEASIBLE,WORSE
1707,2,17,77,26628,33228,1,FEASIBLE,WORSE
1708,2,17,78,26324,32924,1,FEASIBLE,WORSE
1709,2,17,79,27771,34571,0,CAPACITY_EXCEEDED,INVALID
1710,2,17,80,26212,32812,1,FEASIBLE,WORSE
1711,2,17,81,26760,33360,1,FEASIBLE,WORSE
1712,2,17,82,27657,34457,0,CAPACITY_EXCEEDED,INVALID
1713,2,17,83,26110,32710,1,FEASIBLE,WORSE
1714,2,17,84,27744,34544,0,CAPACITY_EXCEEDED,INVALID
1715,2,17,85,26644,33244,1,FEASIBLE,WORSE
1716,2,17,86,27581,34381,0,CAPACITY_EXCEEDED,INVALID
1717,2,17,87,26777,33377,1,FEASIBLE,WORSE
1718,2,17,88,26183,32783,1,FEASIBLE,WORSE
1719,2,17,89,26562,33162,1,FEASIBLE,WORSE
1720,2,17,90,26609,33209,1,FEASIBLE,WORSE
1721,2,17,91,27712,34512,0,CAPACITY_EXCEEDED,INVALID
1722,2,17,92,26729,33329,1,FEASIBLE,WORSE
1723,2,17,93,26313,32913,1,FEASIBLE,WORSE
1724,2,17,94,27690,34490,0,CAPACITY_EXCEEDED,INVALID
1725,2,17,95,26591,33191,1,FEASIBLE,WORSE
1726,2,17,96,26625,33225,1,FEASIBLE,WORSE
1727,2,17,97,27717,34517,0,CAPACITY_EXCEEDED,INVALID
1728,2,17,98,26413,33013,1,FEASIBLE,WORSE
1729,2,17,99,26119,32719,1,FEASIBLE,WORSE
1730,2,18,19,26667,33267,1,FEASIBLE,WORSE
1731,2,18,20,26900,33500,1,FEASIBLE,WORSE
1732,2,18,21,26908,33508,1,FEASIBLE,WORSE
1733,2,18,22,26471,33071,1,FEASIBLE,WORSE
1734,2,18,23,26617,33217,1,FEASIBLE,WORSE
1735,2,18,24,26555,33155,1,FEASIBLE,WORSE
1736,2,18,25,27828,34628,0,CAPACITY_EXCEEDED,INVALID
1737,2,18,26,26410,33010,1,FEASIBLE,WORSE
1738,2,18,27,26375,32975,1,FEASIBLE,WORSE
1739,2,18,28,26699,33299,1,FEASIBLE,WORSE
1740,2,18,29,26912,33512,1,FEASIBLE,WORSE
1741,2,18,30,26610,33210,1,FEASIBLE,WORSE
1742,2,18,31,26799,33399,1,FEASIBLE,WORSE
1743,2,18,32,26425,33025,1,FEASIBLE,WORSE
1744,2,18,33,27935,34735,0,CAPACITY_EXCEEDED,INVALID
1745,2,18,34,26261,32861,1,FEASIBLE,WORSE
1746,2,18,35,26754,33354,1,FEASIBLE,WORSE
1747,2,18,36,27830,34630,0,CAPACITY_EXCEEDED,INVALID
1748,2,18,37,27733,34533,0,CAPACITY_EXCEEDED,INVALID
1749,2,18,38,27671,34471,0,CAPACITY_EXCEEDED,INVALID
1750,2,18,39,27843,34643,0,CAPACITY_EXCEEDED,INVALID
1751,2,18,40,27699,34499,0,CAPACITY_EXCEEDED,INVALID
1752,2,18,41,27726,34526,0,CAPACITY_EXCEEDED,INVALID
1753,2,18,42,26582,33182,1,FEASIBLE,WORSE
1754,2,18,43,27917,34717,0,CAPACITY_EXCEEDED,INVALID
1755,2,18,44,27898,34698,0,CAPACITY_EXCEEDED,INVALID
1756,2,18,45,26774,33374,1,FEASIBLE,WORSE
1757,2,18,46,27691,34491,0,CAPACITY_EXCEEDED,INVALID
1758,2,18,47,26220,32820,1,FEASIBLE,WORSE
1759,2,18,48,26474,33074,1,FEASIBLE,WORSE
1760,2,18,49,26405,33005,1,FEASIBLE,WORSE
1761,2,18,50,26445,33045,1,FEASIBLE,WORSE
1762,2,18,51,27861,34661,0,CAPACITY_EXCEEDED,INVALID
1763,2,18,52,26435,33035,1,FEASIBLE,WORSE
1764,2,18,53,26104,32704,1,FEASIBLE,WORSE
1765,2,18,54,26582,33182,1,FEASIBLE,WORSE
1766,2,18,55,27819,34619,0,CAPACITY_EXCEEDED,INVALID
1767,2,18,56,27836,34636,0,CAPACITY_EXCEEDED,INVALID
1768,2,18,57,26474,33074,1,FEASIBLE,WORSE
1769,2,18,58,26368,32968,1,FEASIBLE,WORSE
1770,2,18,59,27857,34657,0,CAPACITY_EXCEEDED,INVALID
1771,2,18,60,26212,32812,1,FEASIBLE,WORSE
1772,2,18,61,26449,33049,1,FEASIBLE,WORSE
1773,2,18,62,26714,33314,1,FEASIBLE,WORSE
1774,2,18,63,26611,33211,1,FEASIBLE,WORSE
1775,2,18,64,26236,32836,1,FEASIBLE,WORSE
1776,2,18,65,26769,33369,1,FEASIBLE,WORSE
1777,2,18,66,27844,34644,0,CAPACITY_EXCEEDED,INVALID
1778,2,18,67,26667,33267,1,FEASIBLE,WORSE
1779,2,18,68,27848,34648,0,CAPACITY_EXCEEDED,INVALID
1780,2,18,69,26626,33226,1,FEASIBLE,WORSE
1781,2,18,70,27894,34694,0,CAPACITY_EXCEEDED,INVALID
1782,2,18,71,26229,32829,1,FEASIBLE,WORSE
1783,2,18,72,26431,33031,1,FEASIBLE,WORSE
1784,2,18,73,26418,33018,1,FEASIBLE,WORSE
1785,2,18,74,26284,32884,1,FEASIBLE,WORSE
1786,2,18,75,26348,32948,1,FEASIBLE,WORSE
1787,2,18,76,26624,33224,1,FEASIBLE,WORSE
1788,2,18,77,26728,33328,1,FEASIBLE,WORSE
1789,2,18,78,26424,33024,1,FEASIBLE,WORSE
1790,2,18,79,27871,34671,0,CAPACITY_EXCEEDED,INVALID
1791,2,18,80,26312,32912,1,FEASIBLE,WORSE
1792,2,18,81,26860,33460,1,FEASIBLE,WORSE
1793,2,18,82,27757,34557,0,CAPACITY_EXCEEDED,INVALID
1794,2,18,83,26210,32810,1,FEASIBLE,WORSE
1795,2,18,84,27844,34644,0,CAPACITY_EXCEEDED,INVALID
1796,2,18,85,26744,33344,1,FEASIBLE,WORSE
1797,2,18,86,27681,34481,0,CAPACITY_EXCEEDED,INVALID
1798,2,18,87,26877,33477,1,FEASIBLE,WORSE
1799,2,18,88,26283,32883,1,FEASIBLE,WORSE
1800,2,18,89,26662,33262,1,FEASIBLE,WORSE
1801,2,18,90,26709,33309,1,FEASIBLE,WORSE
1802,2,18,91,27812,34612,0,CAPACITY_EXCEEDED,INVALID
1803,2,18,92,26829,33429,1,FEASIBLE,WORSE
1804,2,18,93,26413,33013,1,FEASIBLE,WORSE
1805,2,18,94,27790,34590,0,CAPACITY_EXCEEDED,INVALID
1806,2,18,95,26691,33291,1,FEASIBLE,WORSE
1807,2,18,96,26725,33325,1,FEASIBLE,WORSE
1808,2,18,97,27817,34617,0,CAPACITY_EXCEEDED,INVALID
1809,2,18,98,26513,33113,1,FEASIBLE,WORSE
1810,2,18,99,26219,32819,1,FEASIBLE,WORSE
1811,2,19,20,27076,33676,1,FEASIBLE,WORSE
1812,2,19,21,27084,33684,1,FEASIBLE,WORSE
1813,2,19,22,26647,33247,1,FEASIBLE,WORSE
1814,2,19,23,26793,33393,1,FEASIBLE,WORSE
1815,2,19,24,26731,33331,1,FEASIBLE,WORSE
1816,2,19,25,28004,34804,0,CAPACITY_EXCEEDED,INVALID
1817,2,19,26,26586,33186,1,FEASIBLE,WORSE
1818,2,19,27,26551,33151,1,FEASIBLE,WORSE
1819,2,19,28,26875,33475,1,FEASIBLE,WORSE
1820,2,19,29,27088,33688,1,FEASIBLE,WORSE
1821,2,19,30,26786,33386,1,FEASIBLE,WORSE
1822,2,19,31,26975,33575,1,FEASIBLE,WORSE
1823,2,19,32,26601,33201,1,FEASIBLE,WORSE
1824,2,19,33,28111,34911,0,CAPACITY_EXCEEDED,INVALID
1825,2,19,34,26437,33037,1,FEASIBLE,WORSE
1826,2,19,35,26930,33530,1,FEASIBLE,WORSE
1827,2,19,36,28006,34806,0,CAPACITY_EXCEEDED,INVALID
1828,2,19,37,27909,34709,0,CAPACITY_EXCEEDED,INVALID
1829,2,19,38,27847,34647,0,CAPACITY_EXCEEDED,INVALID
1830,2,19,39,28019,34819,0,CAPACITY_EXCEEDED,INVALID
1831,2,19,40,27875,34675,0,CAPACITY_EXCEEDED,INVALID
1832,2,19,41,27902,34702,0,CAPACITY_EXCEEDED,INVALID
1833,2,19,42,26758,33358,1,FEASIBLE,WORSE
1834,2,19,43,28093,34893,0,CAPACITY_EXCEEDED,INVALID
1835,2,19,44,28074,34874,0,CAPACITY_EXCEEDED,INVALID
1836,2,19,45,26950,33550,1,FEASIBLE,WORSE
1837,2,19,46,27867,34667,0,CAPACITY_EXCEEDED,INVALID
1838,2,19,47,26396,32996,1,FEASIBLE,WORSE
1839,2,19,48,26650,33250,1,FEASIBLE,WORSE
1840,2,19,49,26581,33181,1,FEASIBLE,WORSE
1841,2,19,50,26621,33221,1,FEASIBLE,WORSE
1842,2,19,51,28037,34837,0,CAPACITY_EXCEEDED,INVALID
1843,2,19,52,26611,33211,1,FEASIBLE,WORSE
1844,2,19,53,26280,32880,1,FEASIBLE,WORSE
1845,2,19,54,26758,33358,1,FEASIBLE,WORSE
1846,2,19,55,27995,34795,0,CAPACITY_EXCEEDED,INVALID
1847,2,19,56,28012,34812,0,CAPACITY_EXCEEDED,INVALID
1848,2,19,57,26650,33250,1,FEASIBLE,WORSE
1849,2,19,58,26544,33144,1,FEASIBLE,WORSE
1850,2,19,59,28033,34833,0,CAPACITY_EXCEEDED,INVALID
1851,2,19,60,26388,32988,1,FEASIBLE,WORSE
1852,2,19,61,26625,33225,1,FEASIBLE,WORSE
1853,2,19,62,26890,33490,1,FEASIBLE,WORSE
1854,2,19,63,26787,33387,1,FEASIBLE,WORSE
1855,2,19,64,26412,33012,1,FEASIBLE,WORSE
1856,2,19,65,26945,33545,1,FEASIBLE,WORSE
1857,2,19,66,28020,34820,0,CAPACITY_EXCEEDED,INVALID
1858,2,19,67,26843,33443,1,FEASIBLE,WORSE
1859,2,19,68,28024,34824,0,CAPACITY_EXCEEDED,INVALID
1860,2,19,69,26802,33402,1,FEASIBLE,WORSE
1861,2,19,70,28070,34870,0,CAPACITY_EXCEEDED,INVALID
1862,2,19,71,26405,33005,1,FEASIBLE,WORSE
1863,2,19,72,26607,33207,1,FEASIBLE,WORSE
1864,2,19,73,26594,33194,1,FEASIBLE,WORSE
1865,2,19,74,26460,33060,1,FEASIBLE,WORSE
1866,2,19,75,26524,33124,1,FEASIBLE,WORSE
1867,2,19,76,26800,33400,1,FEASIBLE,WORSE
1868,2,19,77,26904,33504,1,FEASIBLE,WORSE
1869,2,19,78,26600,33200,1,FEASIBLE,WORSE
1870,2,19,79,28047,34847,0,CAPACITY_EXCEEDED,INVALID
1871,2,19,80,26488,33088,1,FEASIBLE,WORSE
1872,2,19,81,27036,33636,1,FEASIBLE,WORSE
1873,2,19,82,27933,34733,0,CAPACITY_EXCEEDED,INVALID
1874,2,19,83,26386,32986,1,FEASIBLE,WORSE
1875,2,19,84,28020,34820,0,CAPACITY_EXCEEDED,INVALID
1876,2,19,85,26920,33520,1,FEASIBLE,WORSE
1877,2,19,86,27857,34657,0,CAPACITY_EXCEEDED,INVALID
1878,2,19,87,27053,33653,1,FEASIBLE,WORSE
1879,2,19,88,26459,33059,1,FEASIBLE,WORSE
1880,2,19,89,26838,33438,1,FEASIBLE,WORSE
1881,2,19,90,26885,33485,1,FEASIBLE,WORSE
1882,2,19,91,27988,34788,0,CAPACITY_EXCEEDED,INVALID
1883,2,19,92,27005,33605,1,FEASIBLE,WORSE
1884,2,19,93,26589,33189,1,FEASIBLE,WORSE
1885,2,19,94,27966,34766,0,CAPACITY_EXCEEDED,INVALID
1886,2,19,95,26867,33467,1,FEASIBLE,WORSE
1887,2,19,96,26901,33501,1,FEASIBLE,WORSE
1888,2,19,97,27993,34793,0,CAPACITY_EXCEEDED,INVALID
1889,2,19,98,26689,33289,1,FEASIBLE,WORSE
1890,2,19,99,26395,32995,1,FEASIBLE,WORSE
1891,2,20,21,27317,33917,1,FEASIBLE,WORSE
1892,2,20,22,26880,33480,1,FEASIBLE,WORSE
1893,2,20,23,27026,33626,1,FEASIBLE,WORSE
1894,2,20,24,26964,33564,1,FEASIBLE,WORSE
1895,2,20,25,28237,35037,0,CAPACITY_EXCEEDED,INVALID
1896,2,20,26,26819,33419,1,FEASIBLE,WORSE
1897,2,20,27,26784,33384,1,FEASIBLE,WORSE
1898,2,20,28,27108,33708,1,FEASIBLE,WORSE
1899,2,20,29,27321,33921,1,FEASIBLE,WORSE
1900,2,20,30,27019,33619,1,FEASIBLE,WORSE
1901,2,20,31,27208,33808,1,FEASIBLE,WORSE
1902,2,20,32,26834,33434,1,FEASIBLE,WORSE
1903,2,20,33,28344,35144,0,CAPACITY_EXCEEDED,INVALID
1904,2,20,34,26670,33270,1,FEASIBLE,WORSE
1905,2,20,35,27163,33763,1,FEASIBLE,WORSE
1906,2,20,36,28239,35039,0,CAPACITY_EXCEEDED,INVALID
1907,2,20,37,28142,34942,0,CAPACITY_EXCEEDED,INVALID
1908,2,20,38,28080,34880,0,CAPACITY_EXCEEDED,INVALID
1909,2,20,39,28252,35052,0,CAPACITY_EXCEEDED,INVALID
1910,2,20,40,28108,34908,0,CAPACITY_EXCEEDED,INVALID
1911,2,20,41,28135,34935,0,CAPACITY_EXCEEDED,INVALID
1912,2,20,42,26991,33591,1,FEASIBLE,WORSE
1913,2,20,43,28326,35126,0,CAPACITY_EXCEEDED,INVALID
1914,2,20,44,28307,35107,0,CAPACITY_EXCEEDED,INVALID
1915,2,20,45,27183,33783,1,FEASIBLE,WORSE
1916,2,20,46,28100,34900,0,CAPACITY_EXCEEDED,INVALID
1917,2,20,47,26629,33229,1,FEASIBLE,WORSE
1918,2,20,48,26883,33483,1,FEASIBLE,WORSE
1919,2,20,49,26814,33414,1,FEASIBLE,WORSE
1920,2,20,50,26854,33454,1,FEASIBLE,WORSE
1921,2,20,51,28270,35070,0,CAPACITY_EXCEEDED,INVALID
1922,2,20,52,26844,33444,1,FEASIBLE,WORSE
1923,2,20,53,26513,33113,1,FEASIBLE,WORSE
1924,2,20,54,26991,33591,1,FEASIBLE,WORSE
1925,2,20,55,28228,35028,0,CAPACITY_EXCEEDED,INVALID
1926,2,20,56,28245,35045,0,CAPACITY_EXCEEDED,INVALID
1927,2,20,57,26883,33483,1,FEASIBLE,WORSE
1928,2,20,58,26777,33377,1,FEASIBLE,WORSE
1929,2,20,59,28266,35066,0,CAPACITY_EXCEEDED,INVALID
1930,2,20,60,26621,33221,1,FEASIBLE,WORSE
1931,2,20,61,26858,33458,1,FEASIBLE,WORSE
1932,2,20,62,27123,33723,1,FEASIBLE,WORSE
1933,2,20,63,27020,33620,1,FEASIBLE,WORSE
1934,2,20,64,26645,33245,1,FEASIBLE,WORSE
1935,2,20,65,27178,33778,1,FEASIBLE,WORSE
1936,2,20,66,28253,35053,0,CAPACITY_EXCEEDED,INVALID
1937,2,20,67,27076,33676,1,FEASIBLE,WORSE
1938,2,20,68,28257,35057,0,CAPACITY_EXCEEDED,INVALID
1939,2,20,69,27035,33635,1,FEASIBLE,WORSE
1940,2,20,70,28303,35103,0,CAPACITY_EXCEEDED,INVALID
1941,2,20,71,26638,33238,1,FEASIBLE,WORSE
1942,2,20,72,26840,33440,1,FEASIBLE,WORSE
1943,2,20,73,26827,33427,1,FEASIBLE,WORSE
1944,2,20,74,26693,33293,1,FEASIBLE,WORSE
1945,2,20,75,26757,33357,1,FEASIBLE,WORSE
1946,2,20,76,27033,33633,1,FEASIBLE,WORSE
1947,2,20,77,27137,33737,1,FEASIBLE,WORSE
1948,2,20,78,26833,33433,1,FEASIBLE,WORSE
1949,2,20,79,28280,35080,0,CAPACITY_EXCEEDED,INVALID
1950,2,20,80,26721,33321,1,FEASIBLE,WORSE
1951,2,20,81,27269,33869,1,FEASIBLE,WORSE
1952,2,20,82,28166,34966,0,CAPACITY_EXCEEDED,INVALID
1953,2,20,83,26619,33219,1,FEASIBLE,WORSE
1954,2,20,84,28253,35053,0,CAPACITY_EXCEEDED,INVALID
1955,2,20,85,27153,33753,1,FEASIBLE,WORSE
1956,2,20,86,28090,34890,0,CAPACITY_EXCEEDED,INVALID
1957,2,20,87,27286,33886,1,FEASIBLE,WORSE
1958,2,20,88,26692,33292,1,FEASIBLE,WORSE
1959,2,20,89,27071,33671,1,FEASIBLE,WORSE
1960,2,20,90,27118,33718,1,FEASIBLE,WORSE
1961,2,20,91,28221,35021,0,CAPACITY_EXCEEDED,INVALID
1962,2,20,92,27238,33838,1,FEASIBLE,WORSE
1963,2,20,93,26822,33422,1,FEASIBLE,WORSE
1964,2,20,94,28199,34999,0,CAPACITY_EXCEEDED,INVALID
1965,2,20,95,27100,33700,1,FEASIBLE,WORSE
1966,2,20,96,27134,33734,1,FEASIBLE,WORSE
1967,2,20,97,28226,35026,0,CAPACITY_EXCEEDED,INVALID
1968,2,20,98,26922,33522,1,FEASIBLE,WORSE
1969,2,20,99,26628,33228,1,FEASIBLE,WORSE
1970,2,21,22,26888,33488,1,FEASIBLE,WORSE
1971,2,21,23,27034,33634,1,FEASIBLE,WORSE
1972,2,21,24,26972,33572,1,FEASIBLE,WORSE
1973,2,21,25,28245,35045,0,CAPACITY_EXCEEDED,INVALID
1974,2,21,26,26827,33427,1,FEASIBLE,WORSE
1975,2,21,27,26792,33392,1,FEASIBLE,WORSE
1976,2,21,28,27116,33716,1,FEASIBLE,WORSE
1977,2,21,29,27329,33929,1,FEASIBLE,WORSE
1978,2,21,30,27027,33627,1,FEASIBLE,WORSE
1979,2,21,31,27216,33816,1,FEASIBLE,WORSE
1980,2,21,32,26842,33442,1,FEASIBLE,WORSE
1981,2,21,33,28352,35152,0,CAPACITY_EXCEEDED,INVALID
1982,2,21,34,26678,33278,1,FEASIBLE,WORSE
1983,2,21,35,27171,33771,1,FEASIBLE,WORSE
1984,2,21,36,28247,35047,0,CAPACITY_EXCEEDED,INVALID
1985,2,21,37,28150,34950,0,CAPACITY_EXCEEDED,INVALID
1986,2,21,38,28088,34888,0,CAPACITY_EXCEEDED,INVALID
1987,2,21,39,28260,35060,0,CAPACITY_EXCEEDED,INVALID
1988,2,21,40,28116,34916,0,CAPACITY_EXCEEDED,INVALID
1989,2,21,41,28143,34943,0,CAPACITY_EXCEEDED,INVALID
1990,2,21,42,26999,33599,1,FEASIBLE,WORSE
1991,2,21,43,28334,35134,0,CAPACITY_EXCEEDED,INVALID
1992,2,21,44,28315,35115,0,CAPACITY_EXCEEDED,INVALID
1993,2,21,45,27191,33791,1,FEASIBLE,WORSE
1994,2,21,46,28108,34908,0,CAPACITY_EXCEEDED,INVALID
1995,2,21,47,26637,33237,1,FEASIBLE,WORSE
1996,2,21,48,26891,33491,1,FEASIBLE,WORSE
1997,2,21,49,26822,33422,1,FEASIBLE,WORSE
1998,2,21,50,26862,33462,1,FEASIBLE,WORSE
1999,2,21,51,28278,35078,0,CAPACITY_EXCEEDED,INVALID
2000,2,21,52,26852,33452,1,FEASIBLE,WORSE
2001,2,21,53,26521,33121,1,FEASIBLE,WORSE
2002,2,21,54,26999,33599,1,FEASIBLE,WORSE
2003,2,21,55,28236,35036,0,CAPACITY_EXCEEDED,INVALID
2004,2,21,56,28253,35053,0,CAPACITY_EXCEEDED,INVALID
2005,2,21,57,26891,33491,1,FEASIBLE,WORSE
2006,2,21,58,26785,33385,1,FEASIBLE,WORSE
2007,2,21,59,28274,35074,0,CAPACITY_EXCEEDED,INVALID
2008,2,21,60,26629,33229,1,FEASIBLE,WORSE
2009,2,21,61,26866,33466,1,FEASIBLE,WORSE
2010,2,21,62,27131,33731,1,FEASIBLE,WORSE
2011,2,21,63,27028,33628,1,FEASIBLE,WORSE
2012,2,21,64,26653,33253,1,FEASIBLE,WORSE
2013,2,21,65,27186,33786,1,FEASIBLE,WORSE
2014,2,21,66,28261,35061,0,CAPACITY_EXCEEDED,INVALID
2015,2,21,67,27084,33684,1,FEASIBLE,WORSE
2016,2,21,68,28265,35065,0,CAPACITY_EXCEEDED,INVALID
2017,2,21,69,27043,33643,1,FEASIBLE,WORSE
2018,2,21,70,28311,35111,0,CAPACITY_EXCEEDED,INVALID
2019,2,21,71,26646,33246,1,FEASIBLE,WORSE
2020,2,21,72,26848,33448,1,FEASIBLE,WORSE
2021,2,21,73,26835,33435,1,FEASIBLE,WORSE
2022,2,21,74,26701,33301,1,FEASIBLE,WORSE
2023,2,21,75,26765,33365,1,FEASIBLE,WORSE
2024,2,21,76,27041,33641,1,FEASIBLE,WORSE
2025,2,21,77,27145,33745,1,FEASIBLE,WORSE
2026,2,21,78,26841,33441,1,FEASIBLE,WORSE
2027,2,21,79,28288,35088,0,CAPACITY_EXCEEDED,INVALID
2028,2,21,80,26729,33329,1,FEASIBLE,WORSE
2029,2,21,81,27277,33877,1,FEASIBLE,WORSE
2030,2,21,82,28174,34974,0,CAPACITY_EXCEEDED,INVALID
2031,2,21,83,26627,33227,1,FEASIBLE,WORSE
2032,2,21,84,28261,35061,0,CAPACITY_EXCEEDED,INVALID
2033,2,21,85,27161,33761,1,FEASIBLE,WORSE
2034,2,21,86,28098,34898,0,CAPACITY_EXCEEDED,INVALID
2035,2,21,87,27294,33894,1,FEASIBLE,WORSE
2036,2,21,88,26700,33300,1,FEASIBLE,WORSE
2037,2,21,89,27079,33679,1,FEASIBLE,WORSE
2038,2,21,90,27126,33726,1,FEASIBLE,WORSE
2039,2,21,91,28229,35029,0,CAPACITY_EXCEEDED,INVALID
2040,2,21,92,27246,33846,1,FEASIBLE,WORSE
2041,2,21,93,26830,33430,1,FEASIBLE,WORSE
2042,2,21,94,28207,35007,0,CAPACITY_EXCEEDED,INVALID
2043,2,21,95,27108,33708,1,FEASIBLE,WORSE
2044,2,21,96,27142,33742,1,FEASIBLE,WORSE
2045,2,21,97,28234,35034,0,CAPACITY_EXCEEDED,INVALID
2046,2,21,98,26930,33530,1,FEASIBLE,WORSE
2047,2,21,99,26636,33236,1,FEASIBLE,WORSE
2048,2,22,23,26597,33197,1,FEASIBLE,WORSE
2049,2,22,24,26535,33135,1,FEASIBLE,WORSE
2050,2,22,25,27808,34608,0,CAPACITY_EXCEEDED,INVALID
2051,2,22,26,26390,32990,1,FEASIBLE,WORSE
2052,2,22,27,26355,32955,1,FEASIBLE,WORSE
2053,2,22,28,26679,33279,1,FEASIBLE,WORSE
2054,2,22,29,26892,33492,1,FEASIBLE,WORSE
2055,2,22,30,26590,33190,1,FEASIBLE,WORSE
2056,2,22,31,26779,33379,1,FEASIBLE,WORSE
2057,2,22,32,26405,33005,1,FEASIBLE,WORSE
2058,2,22,33,27915,34715,0,CAPACITY_EXCEEDED,INVALID
2059,2,22,34,26241,32841,1,FEASIBLE,WORSE
2060,2,22,35,26734,33334,1,FEASIBLE,WORSE
2061,2,22,36,27810,34610,0,CAPACITY_EXCEEDED,INVALID
2062,2,22,37,27713,34513,0,CAPACITY_EXCEEDED,INVALID
2063,2,22,38,27651,34451,0,CAPACITY_EXCEEDED,INVALID
2064,2,22,39,27823,34623,0,CAPACITY_EXCEEDED,INVALID
2065,2,22,40,27679,34479,0,CAPACITY_EXCEEDED,INVALID
2066,2,22,41,27706,34506,0,CAPACITY_EXCEEDED,INVALID
2067,2,22,42,26562,33162,1,FEASIBLE,WORSE
2068,2,22,43,27897,34697,0,CAPACITY_EXCEEDED,INVALID
2069,2,22,44,27878,34678,0,CAPACITY_EXCEEDED,INVALID
2070,2,22,45,26754,33354,1,FEASIBLE,WORSE
2071,2,22,46,27671,34471,0,CAPACITY_EXCEEDED,INVALID
2072,2,22,47,26200,32800,1,FEASIBLE,WORSE
2073,2,22,48,26454,33054,1,FEASIBLE,WORSE
2074,2,22,49,26385,32985,1,FEASIBLE,WORSE
2075,2,22,50,26425,33025,1,FEASIBLE,WORSE
2076,2,22,51,27841,34641,0,CAPACITY_EXCEEDED,INVALID
2077,2,22,52,26415,33015,1,FEASIBLE,WORSE
2078,2,22,53,26084,32684,1,FEASIBLE,WORSE
2079,2,22,54,26562,33162,1,FEASIBLE,WORSE
2080,2,22,55,27799,34599,0,CAPACITY_EXCEEDED,INVALID
2081,2,22,56,27816,34616,0,CAPACITY_EXCEEDED,INVALID
2082,2,22,57,26454,33054,1,FEASIBLE,WORSE
2083,2,22,58,26348,32948,1,FEASIBLE,WORSE
2084,2,22,59,27837,34637,0,CAPACITY_EXCEEDED,INVALID
2085,2,22,60,26192,32792,1,FEASIBLE,WORSE
2086,2,22,61,26429,33029,1,FEASIBLE,WORSE
2087,2,22,62,26694,33294,1,FEASIBLE,WORSE
2088,2,22,63,26591,33191,1,FEASIBLE,WORSE
2089,2,22,64,26216,32816,1,FEASIBLE,WORSE
2090,2,22,65,26749,33349,1,FEASIBLE,WORSE
2091,2,22,66,27824,34624,0,CAPACITY_EXCEEDED,INVALID
2092,2,22,67,26647,33247,1,FEASIBLE,WORSE
2093,2,22,68,27828,34628,0,CAPACITY_EXCEEDED,INVALID
2094,2,22,69,26606,33206,1,FEASIBLE,WORSE
2095,2,22,70,27874,34674,0,CAPACITY_EXCEEDED,INVALID
2096,2,22,71,26209,32809,1,FEASIBLE,WORSE
2097,2,22,72,26411,33011,1,FEASIBLE,WORSE
2098,2,22,73,26398,32998,1,FEASIBLE,WORSE
2099,2,22,74,26264,32864,1,FEASIBLE,WORSE
2100,2,22,75,26328,32928,1,FEASIBLE,WORSE
2101,2,22,76,26604,33204,1,FEASIBLE,WORSE
2102,2,22,77,26708,33308,1,FEASIBLE,WORSE
2103,2,22,78,26404,33004,1,FEASIBLE,WORSE
2104,2,22,79,27851,34651,0,CAPACITY_EXCEEDED,INVALID
2105,2,22,80,26292,32892,1,FEASIBLE,WORSE
2106,2,22,81,26840,33440,1,FEASIBLE,WORSE
2107,2,22,82,27737,34537,0,CAPACITY_EXCEEDED,INVALID
2108,2,22,83,26190,32790,1,FEASIBLE,WORSE
2109,2,22,84,27824,34624,0,CAPACITY_EXCEEDED,INVALID
2110,2,22,85,26724,33324,1,FEASIBLE,WORSE
2111,2,22,86,27661,34461,0,CAPACITY_EXCEEDED,INVALID
2112,2,22,87,26857,33457,1,FEASIBLE,WORSE
2113,2,22,88,26263,32863,1,FEASIBLE,WORSE
2114,2,22,89,26642,33242,1,FEASIBLE,WORSE
2115,2,22,90,26689,33289,1,FEASIBLE,WORSE
2116,2,22,91,27792,34592,0,CAPACITY_EXCEEDED,INVALID
2117,2,22,92,26809,33409,1,FEASIBLE,WORSE
2118,2,22,93,26393,32993,1,FEASIBLE,WORSE
2119,2,22,94,27770,34570,0,CAPACITY_EXCEEDED,INVALID
2120,2,22,95,26671,33271,1,FEASIBLE,WORSE
2121,2,22,96,26705,33305,1,FEASIBLE,WORSE
2122,2,22,97,27797,34597,0,CAPACITY_EXCEEDED,INVALID
2123,2,22,98,26493,33093,1,FEASIBLE,WORSE
2124,2,22,99,26199,32799,1,FEASIBLE,WORSE
2125,2,23,24,26681,33281,1,FEASIBLE,WORSE
2126,2,23,25,27954,34754,0,CAPACITY_EXCEEDED,INVALID
2127,2,23,26,26536,33136,1,FEASIBLE,WORSE
2128,2,23,27,26501,33101,1,FEASIBLE,WORSE
2129,2,23,28,26825,33425,1,FEASIBLE,WORSE
2130,2,23,29,27038,33638,1,FEASIBLE,WORSE
2131,2,23,30,26736,33336,1,FEASIBLE,WORSE
2132,2,23,31,26925,33525,1,FEASIBLE,WORSE
2133,2,23,32,26551,33151,1,FEASIBLE,WORSE
2134,2,23,33,28061,34861,0,CAPACITY_EXCEEDED,INVALID
2135,2,23,34,26387,32987,1,FEASIBLE,WORSE
2136,2,23,35,26880,33480,1,FEASIBLE,WORSE
2137,2,23,36,27956,34756,0,CAPACITY_EXCEEDED,INVALID
2138,2,23,37,27859,34659,0,CAPACITY_EXCEEDED,INVALID
2139,2,23,38,27797,34597,0,CAPACITY_EXCEEDED,INVALID
2140,2,23,39,27969,34769,0,CAPACITY_EXCEEDED,INVALID
2141,2,23,40,27825,34625,0,CAPACITY_EXCEEDED,INVALID
2142,2,23,41,27852,34652,0,CAPACITY_EXCEEDED,INVALID
2143,2,23,42,26708,33308,1,FEASIBLE,WORSE
2144,2,23,43,28043,34843,0,CAPACITY_EXCEEDED,INVALID
2145,2,23,44,28024,34824,0,CAPACITY_EXCEEDED,INVALID
2146,2,23,45,26900,33500,1,FEASIBLE,WORSE
2147,2,23,46,27817,34617,0,CAPACITY_EXCEEDED,INVALID
2148,2,23,47,26346,32946,1,FEASIBLE,WORSE
2149,2,23,48,26600,33200,1,FEASIBLE,WORSE
2150,2,23,49,26531,33131,1,FEASIBLE,WORSE
2151,2,23,50,26571,33171,1,FEASIBLE,WORSE
2152,2,23,51,27987,34787,0,CAPACITY_EXCEEDED,INVALID
2153,2,23,52,26561,33161,1,FEASIBLE,WORSE
2154,2,23,53,26230,32830,1,FEASIBLE,WORSE
2155,2,23,54,26708,33308,1,FEASIBLE,WORSE
2156,2,23,55,27945,34745,0,CAPACITY_EXCEEDED,INVALID
2157,2,23,56,27962,34762,0,CAPACITY_EXCEEDED,INVALID
2158,2,23,57,26600,33200,1,FEASIBLE,WORSE
2159,2,23,58,26494,33094,1,FEASIBLE,WORSE
2160,2,23,59,27983,34783,0,CAPACITY_EXCEEDED,INVALID
2161,2,23,60,26338,32938,1,FEASIBLE,WORSE
2162,2,23,61,26575,33175,1,FEASIBLE,WORSE
2163,2,23,62,26840,33440,1,FEASIBLE,WORSE
2164,2,23,63,26737,33337,1,FEASIBLE,WORSE
2165,2,23,64,26362,32962,1,FEASIBLE,WORSE
2166,2,23,65,26895,33495,1,FEASIBLE,WORSE
2167,2,23,66,27970,34770,0,CAPACITY_EXCEEDED,INVALID
2168,2,23,67,26793,33393,1,FEASIBLE,WORSE
2169,2,23,68,27974,34774,0,CAPACITY_EXCEEDED,INVALID
2170,2,23,69,26752,33352,1,FEASIBLE,WORSE
2171,2,23,70,28020,34820,0,CAPACITY_EXCEEDED,INVALID
2172,2,23,71,26355,32955,1,FEASIBLE,WORSE
2173,2,23,72,26557,33157,1,FEASIBLE,WORSE
2174,2,23,73,26544,33144,1,FEASIBLE,WORSE
2175,2,23,74,26410,33010,1,FEASIBLE,WORSE
2176,2,23,75,26474,33074,1,FEASIBLE,WORSE
2177,2,23,76,26750,33350,1,FEASIBLE,WORSE
2178,2,23,77,26854,33454,1,FEASIBLE,WORSE
2179,2,23,78,26550,33150,1,FEASIBLE,WORSE
2180,2,23,79,27997,34797,0,CAPACITY_EXCEEDED,INVALID
2181,2,23,80,26438,33038,1,FEASIBLE,WORSE
2182,2,23,81,26986,33586,1,FEASIBLE,WORSE
2183,2,23,82,27883,34683,0,CAPACITY_EXCEEDED,INVALID
2184,2,23,83,26336,32936,1,FEASIBLE,WORSE
2185,2,23,84,27970,34770,0,CAPACITY_EXCEEDED,INVALID
2186,2,23,85,26870,33470,1,FEASIBLE,WORSE
2187,2,23,86,27807,34607,0,CAPACITY_EXCEEDED,INVALID
2188,2,23,87,27003,33603,1,FEASIBLE,WORSE
2189,2,23,88,26409,33009,1,FEASIBLE,WORSE
2190,2,23,89,26788,33388,1,FEASIBLE,WORSE
2191,2,23,90,26835,33435,1,FEASIBLE,WORSE
2192,2,23,91,27938,34738,0,CAPACITY_EXCEEDED,INVALID
2193,2,23,92,26955,33555,1,FEASIBLE,WORSE
2194,2,23,93,26539,33139,1,FEASIBLE,WORSE
2195,2,23,94,27916,34716,0,CAPACITY_EXCEEDED,INVALID
2196,2,23,95,26817,33417,1,FEASIBLE,WORSE
2197,2,23,96,26851,33451,1,FEASIBLE,WORSE
2198,2,23,97,27943,34743,0,CAPACITY_EXCEEDED,INVALID
2199,2,23,98,26639,33239,1,FEASIBLE,WORSE
2200,2,23,99,26345,32945,1,FEASIBLE,WORSE
2201,2,24,25,27892,34692,0,CAPACITY_EXCEEDED,INVALID
2202,2,24,26,26474,33074,1,FEASIBLE,WORSE
2203,2,24,27,26439,33039,1,FEASIBLE,WORSE
2204,2,24,28,26763,33363,1,FEASIBLE,WORSE
2205,2,24,29,26976,33576,1,FEASIBLE,WORSE
2206,2,24,30,26674,33274,1,FEASIBLE,WORSE
2207,2,24,31,26863,33463,1,FEASIBLE,WORSE
2208,2,24,32,26489,33089,1,FEASIBLE,WORSE
2209,2,24,33,27999,34799,0,CAPACITY_EXCEEDED,INVALID
2210,2,24,34,26325,32925,1,FEASIBLE,WORSE
2211,2,24,35,26818,33418,1,FEASIBLE,WORSE
2212,2,24,36,27894,34694,0,CAPACITY_EXCEEDED,INVALID
2213,2,24,37,27797,34597,0,CAPACITY_EXCEEDED,INVALID
2214,2,24,38,27735,34535,0,CAPACITY_EXCEEDED,INVALID
2215,2,24,39,27907,34707,0,CAPACITY_EXCEEDED,INVALID
2216,2,24,40,27763,34563,0,CAPACITY_EXCEEDED,INVALID
2217,2,24,41,27790,34590,0,CAPACITY_EXCEEDED,INVALID
2218,2,24,42,26646,33246,1,FEASIBLE,WORSE
2219,2,24,43,27981,34781,0,CAPACITY_EXCEEDED,INVALID
2220,2,24,44,27962,34762,0,CAPACITY_EXCEEDED,INVALID
2221,2,24,45,26838,33438,1,FEASIBLE,WORSE
2222,2,24,46,27755,34555,0,CAPACITY_EXCEEDED,INVALID
2223,2,24,47,26284,32884,1,FEASIBLE,WORSE
2224,2,24,48,26538,33138,1,FEASIBLE,WORSE
2225,2,24,49,26469,33069,1,FEASIBLE,WORSE
2226,2,24,50,26509,33109,1,FEASIBLE,WORSE
2227,2,24,51,27925,34725,0,CAPACITY_EXCEEDED,INVALID
2228,2,24,52,26499,33099,1,FEASIBLE,WORSE
2229,2,24,53,26168,32768,1,FEASIBLE,WORSE
2230,2,24,54,26646,33246,1,FEASIBLE,WORSE
2231,2,24,55,27883,34683,0,CAPACITY_EXCEEDED,INVALID
2232,2,24,56,27900,34700,0,CAPACITY_EXCEEDED,INVALID
2233,2,24,57,26538,33138,1,FEASIBLE,WORSE
2234,2,24,58,26432,33032,1,FEASIBLE,WORSE
2235,2,24,59,27921,34721,0,CAPACITY_EXCEEDED,INVALID
2236,2,24,60,26276,32876,1,FEASIBLE,WORSE
2237,2,24,61,26513,33113,1,FEASIBLE,WORSE
2238,2,24,62,26778,33378,1,FEASIBLE,WORSE
2239,2,24,63,26675,33275,1,FEASIBLE,WORSE
2240,2,24,64,26300,32900,1,FEASIBLE,WORSE
2241,2,24,65,26833,33433,1,FEASIBLE,WORSE
2242,2,24,66,27908,34708,0,CAPACITY_EXCEEDED,INVALID
2243,2,24,67,26731,33331,1,FEASIBLE,WORSE
2244,2,24,68,27912,34712,0,CAPACITY_EXCEEDED,INVALID
2245,2,24,69,26690,33290,1,FEASIBLE,WORSE
2246,2,24,70,27958,34758,0,CAPACITY_EXCEEDED,INVALID
2247,2,24,71,26293,32893,1,FEASIBLE,WORSE
2248,2,24,72,26495,33095,1,FEASIBLE,WORSE
2249,2,24,73,26482,33082,1,FEASIBLE,WORSE
2250,2,24,74,26348,32948,1,FEASIBLE,WORSE
2251,2,24,75,26412,33012,1,FEASIBLE,WORSE
2252,2,24,76,26688,33288,1,FEASIBLE,WORSE
2253,2,24,77,26792,33392,1,FEASIBLE,WORSE
2254,2,24,78,26488,33088,1,FEASIBLE,WORSE
2255,2,24,79,27935,34735,0,CAPACITY_EXCEEDED,INVALID
2256,2,24,80,26376,32976,1,FEASIBLE,WORSE
2257,2,24,81,26924,33524,1,FEASIBLE,WORSE
2258,2,24,82,27821,34621,0,CAPACITY_EXCEEDED,INVALID
2259,2,24,83,26274,32874,1,FEASIBLE,WORSE
2260,2,24,84,27908,34708,0,CAPACITY_EXCEEDED,INVALID
2261,2,24,85,26808,33408,1,FEASIBLE,WORSE
2262,2,24,86,27745,34545,0,CAPACITY_EXCEEDED,INVALID
2263,2,24,87,26941,33541,1,FEASIBLE,WORSE
2264,2,24,88,26347,32947,1,FEASIBLE,WORSE
2265,2,24,89,26726,33326,1,FEASIBLE,WORSE
2266,2,24,90,26773,33373,1,FEASIBLE,WORSE
2267,2,24,91,27876,34676,0,CAPACITY_EXCEEDED,INVALID
2268,2,24,92,26893,33493,1,FEASIBLE,WORSE
2269,2,24,93,26477,33077,1,FEASIBLE,WORSE
2270,2,24,94,27854,34654,0,CAPACITY_EXCEEDED,INVALID
2271,2,24,95,26755,33355,1,FEASIBLE,WORSE
2272,2,24,96,26789,33389,1,FEASIBLE,WORSE
2273,2,24,97,27881,34681,0,CAPACITY_EXCEEDED,INVALID
2274,2,24,98,26577,33177,1,FEASIBLE,WORSE
2275,2,24,99,26283,32883,1,FEASIBLE,WORSE
2276,2,25,26,27747,34547,0,CAPACITY_EXCEEDED,INVALID
2277,2,25,27,27712,34512,0,CAPACITY_EXCEEDED,INVALID
2278,2,25,28,28036,34836,0,CAPACITY_EXCEEDED,INVALID
2279,2,25,29,28249,35049,0,CAPACITY_EXCEEDED,INVALID
2280,2,25,30,27947,34747,0,CAPACITY_EXCEEDED,INVALID
2281,2,25,31,28136,34936,0,CAPACITY_EXCEEDED,INVALID
2282,2,25,32,27762,34562,0,CAPACITY_EXCEEDED,INVALID
2283,2,25,33,29272,36272,0,CAPACITY_EXCEEDED,INVALID
2284,2,25,34,27598,34398,0,CAPACITY_EXCEEDED,INVALID
2285,2,25,35,28091,34891,0,CAPACITY_EXCEEDED,INVALID
2286,2,25,36,29167,36167,0,CAPACITY_EXCEEDED,INVALID
2287,2,25,37,29070,36070,0,CAPACITY_EXCEEDED,INVALID
2288,2,25,38,29008,36008,0,CAPACITY_EXCEEDED,INVALID
2289,2,25,39,29180,36180,0,CAPACITY_EXCEEDED,INVALID
2290,2,25,40,29036,36036,0,CAPACITY_EXCEEDED,INVALID
2291,2,25,41,29063,36063,0,CAPACITY_EXCEEDED,INVALID
2292,2,25,42,27919,34719,0,CAPACITY_EXCEEDED,INVALID
2293,2,25,43,29254,36254,0,CAPACITY_EXCEEDED,INVALID
2294,2,25,44,29235,36235,0,CAPACITY_EXCEEDED,INVALID
2295,2,25,45,28111,34911,0,CAPACITY_EXCEEDED,INVALID
2296,2,25,46,29028,36028,0,CAPACITY_EXCEEDED,INVALID
2297,2,25,47,27557,34357,0,CAPACITY_EXCEEDED,INVALID
2298,2,25,48,27811,34611,0,CAPACITY_EXCEEDED,INVALID
2299,2,25,49,27742,34542,0,CAPACITY_EXCEEDED,INVALID
2300,2,25,50,27782,34582,0,CAPACITY_EXCEEDED,INVALID
2301,2,25,51,29198,36198,0,CAPACITY_EXCEEDED,INVALID
2302,2,25,52,27772,34572,0,CAPACITY_EXCEEDED,INVALID
2303,2,25,53,27441,34241,0,CAPACITY_EXCEEDED,INVALID
2304,2,25,54,27919,34719,0,CAPACITY_EXCEEDED,INVALID
2305,2,25,55,29156,36156,0,CAPACITY_EXCEEDED,INVALID
2306,2,25,56,29173,36173,0,CAPACITY_EXCEEDED,INVALID
2307,2,25,57,27811,34611,0,CAPACITY_EXCEEDED,INVALID
2308,2,25,58,27705,34505,0,CAPACITY_EXCEEDED,INVALID
2309,2,25,59,29194,36194,0,CAPACITY_EXCEEDED,INVALID
2310,2,25,60,27549,34349,0,CAPACITY_EXCEEDED,INVALID
2311,2,25,61,27786,34586,0,CAPACITY_EXCEEDED,INVALID
2312,2,25,62,28051,34851,0,CAPACITY_EXCEEDED,INVALID
2313,2,25,63,27948,34748,0,CAPACITY_EXCEEDED,INVALID
2314,2,25,64,27573,34373,0,CAPACITY_EXCEEDED,INVALID
2315,2,25,65,28106,34906,0,CAPACITY_EXCEEDED,INVALID
2316,2,25,66,29181,36181,0,CAPACITY_EXCEEDED,INVALID
2317,2,25,67,28004,34804,0,CAPACITY_EXCEEDED,INVALID
2318,2,25,68,29185,36185,0,CAPACITY_EXCEEDED,INVALID
2319,2,25,69,27963,34763,0,CAPACITY_EXCEEDED,INVALID
2320,2,25,70,29231,36231,0,CAPACITY_EXCEEDED,INVALID
2321,2,25,71,27566,34366,0,CAPACITY_EXCEEDED,INVALID
2322,2,25,72,27768,34568,0,CAPACITY_EXCEEDED,INVALID
2323,2,25,73,27755,34555,0,CAPACITY_EXCEEDED,INVALID
2324,2,25,74,27621,34421,0,CAPACITY_EXCEEDED,INVALID
2325,2,25,75,27685,34485,0,CAPACITY_EXCEEDED,INVALID
2326,2,25,76,27961,34761,0,CAPACITY_EXCEEDED,INVALID
2327,2,25,77,28065,34865,0,CAPACITY_EXCEEDED,INVALID
2328,2,25,78,27761,34561,0,CAPACITY_EXCEEDED,INVALID
2329,2,25,79,29208,36208,0,CAPACITY_EXCEEDED,INVALID
2330,2,25,80,27649,34449,0,CAPACITY_EXCEEDED,INVALID
2331,2,25,81,28197,34997,0,CAPACITY_EXCEEDED,INVALID
2332,2,25,82,29094,36094,0,CAPACITY_EXCEEDED,INVALID
2333,2,25,83,27547,34347,0,CAPACITY_EXCEEDED,INVALID
2334,2,25,84,29181,36181,0,CAPACITY_EXCEEDED,INVALID
2335,2,25,85,28081,34881,0,CAPACITY_EXCEEDED,INVALID
2336,2,25,86,29018,36018,0,CAPACITY_EXCEEDED,INVALID
2337,2,25,87,28214,35014,0,CAPACITY_EXCEEDED,INVALID
2338,2,25,88,27620,34420,0,CAPACITY_EXCEEDED,INVALID
2339,2,25,89,27999,34799,0,CAPACITY_EXCEEDED,INVALID
2340,2,25,90,28046,34846,0,CAPACITY_EXCEEDED,INVALID
2341,2,25,91,29149,36149,0,CAPACITY_EXCEEDED,INVALID
2342,2,25,92,28166,34966,0,CAPACITY_EXCEEDED,INVALID
2343,2,25,93,27750,34550,0,CAPACITY_EXCEEDED,INVALID
2344,2,25,94,29127,36127,0,CAPACITY_EXCEEDED,INVALID
2345,2,25,95,28028,34828,0,CAPACITY_EXCEEDED,INVALID
2346,2,25,96,28062,34862,0,CAPACITY_EXCEEDED,INVALID
2347,2,25,97,29154,36154,0,CAPACITY_EXCEEDED,INVALID
2348,2,25,98,27850,34650,0,CAPACITY_EXCEEDED,INVALID
2349,2,25,99,27556,34356,0,CAPACITY_EXCEEDED,INVALID
2350,2,26,27,26294,32894,1,FEASIBLE,WORSE
2351,2,26,28,26618,33218,1,FEASIBLE,WORSE
2352,2,26,29,26831,33431,1,FEASIBLE,WORSE
2353,2,26,30,26529,33129,1,FEASIBLE,WORSE
2354,2,26,31,26718,33318,1,FEASIBLE,WORSE
2355,2,26,32,26344,32944,1,FEASIBLE,WORSE
2356,2,26,33,27854,34654,0,CAPACITY_EXCEEDED,INVALID
2357,2,26,34,26180,32780,1,FEASIBLE,WORSE
2358,2,26,35,26673,33273,1,FEASIBLE,WORSE
2359,2,26,36,27749,34549,0,CAPACITY_EXCEEDED,INVALID
2360,2,26,37,27652,34452,0,CAPACITY_EXCEEDED,INVALID
2361,2,26,38,27590,34390,0,CAPACITY_EXCEEDED,INVALID
2362,2,26,39,27762,34562,0,CAPACITY_EXCEEDED,INVALID
2363,2,26,40,27618,34418,0,CAPACITY_EXCEEDED,INVALID
2364,2,26,41,27645,34445,0,CAPACITY_EXCEEDED,INVALID
2365,2,26,42,26501,33101,1,FEASIBLE,WORSE
2366,2,26,43,27836,34636,0,CAPACITY_EXCEEDED,INVALID
2367,2,26,44,27817,34617,0,CAPACITY_EXCEEDED,INVALID
2368,2,26,45,26693,33293,1,FEASIBLE,WORSE
2369,2,26,46,27610,34410,0,CAPACITY_EXCEEDED,INVALID
2370,2,26,47,26139,32739,1,FEASIBLE,WORSE
2371,2,26,48,26393,32993,1,FEASIBLE,WORSE
2372,2,26,49,26324,32924,1,FEASIBLE,WORSE
2373,2,26,50,26364,32964,1,FEASIBLE,WORSE
2374,2,26,51,27780,34580,0,CAPACITY_EXCEEDED,INVALID
2375,2,26,52,26354,32954,1,FEASIBLE,WORSE
2376,2,26,53,26023,32623,1,FEASIBLE,WORSE
2377,2,26,54,26501,33101,1,FEASIBLE,WORSE
2378,2,26,55,27738,34538,0,CAPACITY_EXCEEDED,INVALID
2379,2,26,56,27755,34555,0,CAPACITY_EXCEEDED,INVALID
2380,2,26,57,26393,32993,1,FEASIBLE,WORSE
2381,2,26,58,26287,32887,1,FEASIBLE,WORSE
2382,2,26,59,27776,34576,0,CAPACITY_EXCEEDED,INVALID
2383,2,26,60,26131,32731,1,FEASIBLE,WORSE
2384,2,26,61,26368,32968,1,FEASIBLE,WORSE
2385,2,26,62,26633,33233,1,FEASIBLE,WORSE
2386,2,26,63,26530,33130,1,FEASIBLE,WORSE
2387,2,26,64,26155,32755,1,FEASIBLE,WORSE
2388,2,26,65,26688,33288,1,FEASIBLE,WORSE
2389,2,26,66,27763,34563,0,CAPACITY_EXCEEDED,INVALID
2390,2,26,67,26586,33186,1,FEASIBLE,WORSE
2391,2,26,68,27767,34567,0,CAPACITY_EXCEEDED,INVALID
2392,2,26,69,26545,33145,1,FEASIBLE,WORSE
2393,2,26,70,27813,34613,0,CAPACITY_EXCEEDED,INVALID
2394,2,26,71,26148,32748,1,FEASIBLE,WORSE
2395,2,26,72,26350,32950,1,FEASIBLE,WORSE
2396,2,26,73,26337,32937,1,FEASIBLE,WORSE
2397,2,26,74,26203,32803,1,FEASIBLE,WORSE
2398,2,26,75,26267,32867,1,FEASIBLE,WORSE
2399,2,26,76,26543,33143,1,FEASIBLE,WORSE
2400,2,26,77,26647,33247,1,FEASIBLE,WORSE
2401,2,26,78,26343,32943,1,FEASIBLE,WORSE
2402,2,26,79,27790,34590,0,CAPACITY_EXCEEDED,INVALID
2403,2,26,80,26231,32831,1,FEASIBLE,WORSE
2404,2,26,81,26779,33379,1,FEASIBLE,WORSE
2405,2,26,82,27676,34476,0,CAPACITY_EXCEEDED,INVALID
2406,2,26,83,26129,32729,1,FEASIBLE,WORSE
2407,2,26,84,27763,34563,0,CAPACITY_EXCEEDED,INVALID
2408,2,26,85,26663,33263,1,FEASIBLE,WORSE
2409,2,26,86,27600,34400,0,CAPACITY_EXCEEDED,INVALID
2410,2,26,87,26796,33396,1,FEASIBLE,WORSE
2411,2,26,88,26202,32802,1,FEASIBLE,WORSE
2412,2,26,89,26581,33181,1,FEASIBLE,WORSE
2413,2,26,90,26628,33228,1,FEASIBLE,WORSE
2414,2,26,91,27731,34531,0,CAPACITY_EXCEEDED,INVALID
2415,2,26,92,26748,33348,1,FEASIBLE,WORSE
2416,2,26,93,26332,32932,1,FEASIBLE,WORSE
2417,2,26,94,27709,34509,0,CAPACITY_EXCEEDED,INVALID
2418,2,26,95,26610,33210,1,FEASIBLE,WORSE
2419,2,26,96,26644,33244,1,FEASIBLE,WORSE
2420,2,26,97,27736,34536,0,CAPACITY_EXCEEDED,INVALID
2421,2,26,98,26432,33032,1,FEASIBLE,WORSE
2422,2,26,99,26138,32738,1,FEASIBLE,WORSE
2423,2,27,28,26583,33183,1,FEASIBLE,WORSE
2424,2,27,29,26796,33396,1,FEASIBLE,WORSE
2425,2,27,30,26494,33094,1,FEASIBLE,WORSE
2426,2,27,31,26683,33283,1,FEASIBLE,WORSE
2427,2,27,32,26309,32909,1,FEASIBLE,WORSE
2428,2,27,33,27819,34619,0,CAPACITY_EXCEEDED,INVALID
2429,2,27,34,26145,32745,1,FEASIBLE,WORSE
2430,2,27,35,26638,33238,1,FEASIBLE,WORSE
2431,2,27,36,27714,34514,0,CAPACITY_EXCEEDED,INVALID
2432,2,27,37,27617,34417,0,CAPACITY_EXCEEDED,INVALID
2433,2,27,38,27555,34355,0,CAPACITY_EXCEEDED,INVALID
2434,2,27,39,27727,34527,0,CAPACITY_EXCEEDED,INVALID
2435,2,27,40,27583,34383,0,CAPACITY_EXCEEDED,INVALID
2436,2,27,41,27610,34410,0,CAPACITY_EXCEEDED,INVALID
2437,2,27,42,26466,33066,1,FEASIBLE,WORSE
2438,2,27,43,27801,34601,0,CAPACITY_EXCEEDED,INVALID
2439,2,27,44,27782,34582,0,CAPACITY_EXCEEDED,INVALID
2440,2,27,45,26658,33258,1,FEASIBLE,WORSE
2441,2,27,46,27575,34375,0,CAPACITY_EXCEEDED,INVALID
2442,2,27,47,26104,32704,1,FEASIBLE,WORSE
2443,2,27,48,26358,32958,1,FEASIBLE,WORSE
2444,2,27,49,26289,32889,1,FEASIBLE,WORSE
2445,2,27,50,26329,32929,1,FEASIBLE,WORSE
2446,2,27,51,27745,34545,0,CAPACITY_EXCEEDED,INVALID
2447,2,27,52,26319,32919,1,FEASIBLE,WORSE
2448,2,27,53,25988,32588,1,FEASIBLE,WORSE
2449,2,27,54,26466,33066,1,FEASIBLE,WORSE
2450,2,27,55,27703,34503,0,CAPACITY_EXCEEDED,INVALID
2451,2,27,56,27720,34520,0,CAPACITY_EXCEEDED,INVALID
2452,2,27,57,26358,32958,1,FEASIBLE,WORSE
2453,2,27,58,26252,32852,1,FEASIBLE,WORSE
2454,2,27,59,27741,34541,0,CAPACITY_EXCEEDED,INVALID
2455,2,27,60,26096,32696,1,FEASIBLE,WORSE
2456,2,27,61,26333,32933,1,FEASIBLE,WORSE
2457,2,27,62,26598,33198,1,FEASIBLE,WORSE
2458,2,27,63,26495,33095,1,FEASIBLE,WORSE
2459,2,27,64,26120,32720,1,FEASIBLE,WORSE
2460,2,27,65,26653,33253,1,FEASIBLE,WORSE
2461,2,27,66,27728,34528,0,CAPACITY_EXCEEDED,INVALID
2462,2,27,67,26551,33151,1,FEASIBLE,WORSE
2463,2,27,68,27732,34532,0,CAPACITY_EXCEEDED,INVALID
2464,2,27,69,26510,33110,1,FEASIBLE,WORSE
2465,2,27,70,27778,34578,0,CAPACITY_EXCEEDED,INVALID
2466,2,27,71,26113,32713,1,FEASIBLE,WORSE
2467,2,27,72,26315,32915,1,FEASIBLE,WORSE
2468,2,27,73,26302,32902,1,FEASIBLE,WORSE
2469,2,27,74,26168,32768,1,FEASIBLE,WORSE
2470,2,27,75,26232,32832,1,FEASIBLE,WORSE
2471,2,27,76,26508,33108,1,FEASIBLE,WORSE
2472,2,27,77,26612,33212,1,FEASIBLE,WORSE
2473,2,27,78,26308,32908,1,FEASIBLE,WORSE
2474,2,27,79,27755,34555,0,CAPACITY_EXCEEDED,INVALID
2475,2,27,80,26196,32796,1,FEASIBLE,WORSE
2476,2,27,81,26744,33344,1,FEASIBLE,WORSE
2477,2,27,82,27641,34441,0,CAPACITY_EXCEEDED,INVALID
2478,2,27,83,26094,32694,1,FEASIBLE,WORSE
2479,2,27,84,27728,34528,0,CAPACITY_EXCEEDED,INVALID
2480,2,27,85,26628,33228,1,FEASIBLE,WORSE
2481,2,27,86,27565,34365,0,CAPACITY_EXCEEDED,INVALID
2482,2,27,87,26761,33361,1,FEASIBLE,WORSE
2483,2,27,88,26167,32767,1,FEASIBLE,WORSE
2484,2,27,89,26546,33146,1,FEASIBLE,WORSE
2485,2,27,90,26593,33193,1,FEASIBLE,WORSE
2486,2,27,91,27696,34496,0,CAPACITY_EXCEEDED,INVALID
2487,2,27,92,26713,33313,1,FEASIBLE,WORSE
2488,2,27,93,26297,32897,1,FEASIBLE,WORSE
2489,2,27,94,27674,34474,0,CAPACITY_EXCEEDED,INVALID
2490,2,27,95,26575,33175,1,FEASIBLE,WORSE
2491,2,27,96,26609,33209,1,FEASIBLE,WORSE
2492,2,27,97,27701,34501,0,CAPACITY_EXCEEDED,INVALID
2493,2,27,98,26397,32997,1,FEASIBLE,WORSE
2494,2,27,99,26103,32703,1,FEASIBLE,WORSE
2495,2,28,29,27120,33720,1,FEASIBLE,WORSE
2496,2,28,30,26818,33418,1,FEASIBLE,WORSE
2497,2,28,31,27007,33607,1,FEASIBLE,WORSE
2498,2,28,32,26633,33233,1,FEASIBLE,WORSE
2499,2,28,33,28143,34943,0,CAPACITY_EXCEEDED,INVALID
2500,2,28,34,26469,33069,1,FEASIBLE,WORSE
2501,2,28,35,26962,33562,1,FEASIBLE,WORSE
2502,2,28,36,28038,34838,0,CAPACITY_EXCEEDED,INVALID
2503,2,28,37,27941,34741,0,CAPACITY_EXCEEDED,INVALID
2504,2,28,38,27879,34679,0,CAPACITY_EXCEEDED,INVALID
2505,2,28,39,28051,34851,0,CAPACITY_EXCEEDED,INVALID
2506,2,28,40,27907,34707,0,CAPACITY_EXCEEDED,INVALID
2507,2,28,41,27934,34734,0,CAPACITY_EXCEEDED,INVALID
2508,2,28,42,26790,33390,1,FEASIBLE,WORSE
2509,2,28,43,28125,34925,0,CAPACITY_EXCEEDED,INVALID
2510,2,28,44,28106,34906,0,CAPACITY_EXCEEDED,INVALID
2511,2,28,45,26982,33582,1,FEASIBLE,WORSE
2512,2,28,46,27899,34699,0,CAPACITY_EXCEEDED,INVALID
2513,2,28,47,26428,33028,1,FEASIBLE,WORSE
2514,2,28,48,26682,33282,1,FEASIBLE,WORSE
2515,2,28,49,26613,33213,1,FEASIBLE,WORSE
2516,2,28,50,26653,33253,1,FEASIBLE,WORSE
2517,2,28,51,28069,34869,0,CAPACITY_EXCEEDED,INVALID
2518,2,28,52,26643,33243,1,FEASIBLE,WORSE
2519,2,28,53,26312,32912,1,FEASIBLE,WORSE
2520,2,28,54,26790,33390,1,FEASIBLE,WORSE
2521,2,28,55,28027,34827,0,CAPACITY_EXCEEDED,INVALID
2522,2,28,56,28044,34844,0,CAPACITY_EXCEEDED,INVALID
2523,2,28,57,26682,33282,1,FEASIBLE,WORSE
2524,2,28,58,26576,33176,1,FEASIBLE,WORSE
2525,2,28,59,28065,34865,0,CAPACITY_EXCEEDED,INVALID
2526,2,28,60,26420,33020,1,FEASIBLE,WORSE
2527,2,28,61,26657,33257,1,FEASIBLE,WORSE
2528,2,28,62,26922,33522,1,FEASIBLE,WORSE
2529,2,28,63,26819,33419,1,FEASIBLE,WORSE
2530,2,28,64,26444,33044,1,FEASIBLE,WORSE
2531,2,28,65,26977,33577,1,FEASIBLE,WORSE
2532,2,28,66,28052,34852,0,CAPACITY_EXCEEDED,INVALID
2533,2,28,67,26875,33475,1,FEASIBLE,WORSE
2534,2,28,68,28056,34856,0,CAPACITY_EXCEEDED,INVALID
2535,2,28,69,26834,33434,1,FEASIBLE,WORSE
2536,2,28,70,28102,34902,0,CAPACITY_EXCEEDED,INVALID
2537,2,28,71,26437,33037,1,FEASIBLE,WORSE
2538,2,28,72,26639,33239,1,FEASIBLE,WORSE
2539,2,28,73,26626,33226,1,FEASIBLE,WORSE
2540,2,28,74,26492,33092,1,FEASIBLE,WORSE
2541,2,28,75,26556,33156,1,FEASIBLE,WORSE
2542,2,28,76,26832,33432,1,FEASIBLE,WORSE
2543,2,28,77,26936,33536,1,FEASIBLE,WORSE
2544,2,28,78,26632,33232,1,FEASIBLE,WORSE
2545,2,28,79,28079,34879,0,CAPACITY_EXCEEDED,INVALID
2546,2,28,80,26520,33120,1,FEASIBLE,WORSE
2547,2,28,81,27068,33668,1,FEASIBLE,WORSE
2548,2,28,82,27965,34765,0,CAPACITY_EXCEEDED,INVALID
2549,2,28,83,26418,33018,1,FEASIBLE,WORSE
2550,2,28,84,28052,34852,0,CAPACITY_EXCEEDED,INVALID
2551,2,28,85,26952,33552,1,FEASIBLE,WORSE
2552,2,28,86,27889,34689,0,CAPACITY_EXCEEDED,INVALID
2553,2,28,87,27085,33685,1,FEASIBLE,WORSE
2554,2,28,88,26491,33091,1,FEASIBLE,WORSE
2555,2,28,89,26870,33470,1,FEASIBLE,WORSE
2556,2,28,90,26917,33517,1,FEASIBLE,WORSE
2557,2,28,91,28020,34820,0,CAPACITY_EXCEEDED,INVALID
2558,2,28,92,27037,33637,1,FEASIBLE,WORSE
2559,2,28,93,26621,33221,1,FEASIBLE,WORSE
2560,2,28,94,27998,34798,0,CAPACITY_EXCEEDED,INVALID
2561,2,28,95,26899,33499,1,FEASIBLE,WORSE
2562,2,28,96,26933,33533,1,FEASIBLE,WORSE
2563,2,28,97,28025,34825,0,CAPACITY_EXCEEDED,INVALID
2564,2,28,98,26721,33321,1,FEASIBLE,WORSE
2565,2,28,99,26427,33027,1,FEASIBLE,WORSE
2566,2,29,30,27031,33631,1,FEASIBLE,WORSE
2567,2,29,31,27220,33820,1,FEASIBLE,WORSE
2568,2,29,32,26846,33446,1,FEASIBLE,WORSE
2569,2,29,33,28356,35156,0,CAPACITY_EXCEEDED,INVALID
2570,2,29,34,26682,33282,1,FEASIBLE,WORSE
2571,2,29,35,27175,33775,1,FEASIBLE,WORSE
2572,2,29,36,28251,35051,0,CAPACITY_EXCEEDED,INVALID
2573,2,29,37,28154,34954,0,CAPACITY_EXCEEDED,INVALID
2574,2,29,38,28092,34892,0,CAPACITY_EXCEEDED,INVALID
2575,2,29,39,28264,35064,0,CAPACITY_EXCEEDED,INVALID
2576,2,29,40,28120,34920,0,CAPACITY_EXCEEDED,INVALID
2577,2,29,41,28147,34947,0,CAPACITY_EXCEEDED,INVALID
2578,2,29,42,27003,33603,1,FEASIBLE,WORSE
2579,2,29,43,28338,35138,0,CAPACITY_EXCEEDED,INVALID
2580,2,29,44,28319,35119,0,CAPACITY_EXCEEDED,INVALID
2581,2,29,45,27195,33795,1,FEASIBLE,WORSE
2582,2,29,46,28112,34912,0,CAPACITY_EXCEEDED,INVALID
2583,2,29,47,26641,33241,1,FEASIBLE,WORSE
2584,2,29,48,26895,33495,1,FEASIBLE,WORSE
2585,2,29,49,26826,33426,1,FEASIBLE,WORSE
2586,2,29,50,26866,33466,1,FEASIBLE,WORSE
2587,2,29,51,28282,35082,0,CAPACITY_EXCEEDED,INVALID
2588,2,29,52,26856,33456,1,FEASIBLE,WORSE
2589,2,29,53,26525,33125,1,FEASIBLE,WORSE
2590,2,29,54,27003,33603,1,FEASIBLE,WORSE
2591,2,29,55,28240,35040,0,CAPACITY_EXCEEDED,INVALID
2592,2,29,56,28257,35057,0,CAPACITY_EXCEEDED,INVALID
2593,2,29,57,26895,33495,1,FEASIBLE,WORSE
2594,2,29,58,26789,33389,1,FEASIBLE,WORSE
2595,2,29,59,28278,35078,0,CAPACITY_EXCEEDED,INVALID
2596,2,29,60,26633,33233,1,FEASIBLE,WORSE
2597,2,29,61,26870,33470,1,FEASIBLE,WORSE
2598,2,29,62,27135,33735,1,FEASIBLE,WORSE
2599,2,29,63,27032,33632,1,FEASIBLE,WORSE
2600,2,29,64,26657,33257,1,FEASIBLE,WORSE
2601,2,29,65,27190,33790,1,FEASIBLE,WORSE
2602,2,29,66,28265,35065,0,CAPACITY_EXCEEDED,INVALID
2603,2,29,67,27088,33688,1,FEASIBLE,WORSE
2604,2,29,68,28269,35069,0,CAPACITY_EXCEEDED,INVALID
2605,2,29,69,27047,33647,1,FEASIBLE,WORSE
2606,2,29,70,28315,35115,0,CAPACITY_EXCEEDED,INVALID
2607,2,29,71,26650,33250,1,FEASIBLE,WORSE
2608,2,29,72,26852,33452,1,FEASIBLE,WORSE
2609,2,29,73,26839,33439,1,FEASIBLE,WORSE
2610,2,29,74,26705,33305,1,FEASIBLE,WORSE
2611,2,29,75,26769,33369,1,FEASIBLE,WORSE
2612,2,29,76,27045,33645,1,FEASIBLE,WORSE
2613,2,29,77,27149,33749,1,FEASIBLE,WORSE
2614,2,29,78,26845,33445,1,FEASIBLE,WORSE
2615,2,29,79,28292,35092,0,CAPACITY_EXCEEDED,INVALID
2616,2,29,80,26733,33333,1,FEASIBLE,WORSE
2617,2,29,81,27281,33881,1,FEASIBLE,WORSE
2618,2,29,82,28178,34978,0,CAPACITY_EXCEEDED,INVALID
2619,2,29,83,26631,33231,1,FEASIBLE,WORSE
2620,2,29,84,28265,35065,0,CAPACITY_EXCEEDED,INVALID
2621,2,29,85,27165,33765,1,FEASIBLE,WORSE
2622,2,29,86,28102,34902,0,CAPACITY_EXCEEDED,INVALID
2623,2,29,87,27298,33898,1,FEASIBLE,WORSE
2624,2,29,88,26704,33304,1,FEASIBLE,WORSE
2625,2,29,89,27083,33683,1,FEASIBLE,WORSE
2626,2,29,90,27130,33730,1,FEASIBLE,WORSE
2627,2,29,91,28233,35033,0,CAPACITY_EXCEEDED,INVALID
2628,2,29,92,27250,33850,1,FEASIBLE,WORSE
2629,2,29,93,26834,33434,1,FEASIBLE,WORSE
2630,2,29,94,28211,35011,0,CAPACITY_EXCEEDED,INVALID
2631,2,29,95,27112,33712,1,FEASIBLE,WORSE
2632,2,29,96,27146,33746,1,FEASIBLE,WORSE
2633,2,29,97,28238,35038,0,CAPACITY_EXCEEDED,INVALID
2634,2,29,98,26934,33534,1,FEASIBLE,WORSE
2635,2,29,99,26640,33240,1,FEASIBLE,WORSE
2636,2,30,31,26918,33518,1,FEASIBLE,WORSE
2637,2,30,32,26544,33144,1,FEASIBLE,WORSE
2638,2,30,33,28054,34854,0,CAPACITY_EXCEEDED,INVALID
2639,2,30,34,26380,32980,1,FEASIBLE,WORSE
2640,2,30,35,26873,33473,1,FEASIBLE,WORSE
2641,2,30,36,27949,34749,0,CAPACITY_EXCEEDED,INVALID
2642,2,30,37,27852,34652,0,CAPACITY_EXCEEDED,INVALID
2643,2,30,38,27790,34590,0,CAPACITY_EXCEEDED,INVALID
2644,2,30,39,27962,34762,0,CAPACITY_EXCEEDED,INVALID
2645,2,30,40,27818,34618,0,CAPACITY_EXCEEDED,INVALID
2646,2,30,41,27845,34645,0,CAPACITY_EXCEEDED,INVALID
2647,2,30,42,26701,33301,1,FEASIBLE,WORSE
2648,2,30,43,28036,34836,0,CAPACITY_EXCEEDED,INVALID
2649,2,30,44,28017,34817,0,CAPACITY_EXCEEDED,INVALID
2650,2,30,45,26893,33493,1,FEASIBLE,WORSE
2651,2,30,46,27810,34610,0,CAPACITY_EXCEEDED,INVALID
2652,2,30,47,26339,32939,1,FEASIBLE,WORSE
2653,2,30,48,26593,33193,1,FEASIBLE,WORSE
2654,2,30,49,26524,33124,1,FEASIBLE,WORSE
2655,2,30,50,26564,33164,1,FEASIBLE,WORSE
2656,2,30,51,27980,34780,0,CAPACITY_EXCEEDED,INVALID
2657,2,30,52,26554,33154,1,FEASIBLE,WORSE
2658,2,30,53,26223,32823,1,FEASIBLE,WORSE
2659,2,30,54,26701,33301,1,FEASIBLE,WORSE
2660,2,30,55,27938,34738,0,CAPACITY_EXCEEDED,INVALID
2661,2,30,56,27955,34755,0,CAPACITY_EXCEEDED,INVALID
2662,2,30,57,26593,33193,1,FEASIBLE,WORSE
2663,2,30,58,26487,33087,1,FEASIBLE,WORSE
2664,2,30,59,27976,34776,0,CAPACITY_EXCEEDED,INVALID
2665,2,30,60,26331,32931,1,FEASIBLE,WORSE
2666,2,30,61,26568,33168,1,FEASIBLE,WORSE
2667,2,30,62,26833,33433,1,FEASIBLE,WORSE
2668,2,30,63,26730,33330,1,FEASIBLE,WORSE
2669,2,30,64,26355,32955,1,FEASIBLE,WORSE
2670,2,30,65,26888,33488,1,FEASIBLE,WORSE
2671,2,30,66,27963,34763,0,CAPACITY_EXCEEDED,INVALID
2672,2,30,67,26786,33386,1,FEASIBLE,WORSE
2673,2,30,68,27967,34767,0,CAPACITY_EXCEEDED,INVALID
2674,2,30,69,26745,33345,1,FEASIBLE,WORSE
2675,2,30,70,28013,34813,0,CAPACITY_EXCEEDED,INVALID
2676,2,30,71,26348,32948,1,FEASIBLE,WORSE
2677,2,30,72,26550,33150,1,FEASIBLE,WORSE
2678,2,30,73,26537,33137,1,FEASIBLE,WORSE
2679,2,30,74,26403,33003,1,FEASIBLE,WORSE
2680,2,30,75,26467,33067,1,FEASIBLE,WORSE
2681,2,30,76,26743,33343,1,FEASIBLE,WORSE
2682,2,30,77,26847,33447,1,FEASIBLE,WORSE
2683,2,30,78,26543,33143,1,FEASIBLE,WORSE
2684,2,30,79,27990,34790,0,CAPACITY_EXCEEDED,INVALID
2685,2,30,80,26431,33031,1,FEASIBLE,WORSE
2686,2,30,81,26979,33579,1,FEASIBLE,WORSE
2687,2,30,82,27876,34676,0,CAPACITY_EXCEEDED,INVALID
2688,2,30,83,26329,32929,1,FEASIBLE,WORSE
2689,2,30,84,27963,34763,0,CAPACITY_EXCEEDED,INVALID
2690,2,30,85,26863,33463,1,FEASIBLE,WORSE
2691,2,30,86,27800,34600,0,CAPACITY_EXCEEDED,INVALID
2692,2,30,87,26996,33596,1,FEASIBLE,WORSE
2693,2,30,88,26402,33002,1,FEASIBLE,WORSE
2694,2,30,89,26781,33381,1,FEASIBLE,WORSE
2695,2,30,90,26828,33428,1,FEASIBLE,WORSE
2696,2,30,91,27931,34731,0,CAPACITY_EXCEEDED,INVALID
2697,2,30,92,26948,33548,1,FEASIBLE,WORSE
2698,2,30,93,26532,33132,1,FEASIBLE,WORSE
2699,2,30,94,27909,34709,0,CAPACITY_EXCEEDED,INVALID
2700,2,30,95,26810,33410,1,FEASIBLE,WORSE
2701,2,30,96,26844,33444,1,FEASIBLE,WORSE
2702,2,30,97,27936,34736,0,CAPACITY_EXCEEDED,INVALID
2703,2,30,98,26632,33232,1,FEASIBLE,WORSE
2704,2,30,99,26338,32938,1,FEASIBLE,WORSE
2705,2,31,32,26733,33333,1,FEASIBLE,WORSE
2706,2,31,33,28243,35043,0,CAPACITY_EXCEEDED,INVALID
2707,2,31,34,26569,33169,1,FEASIBLE,WORSE
2708,2,31,35,27062,33662,1,FEASIBLE,WORSE
2709,2,31,36,28138,34938,0,CAPACITY_EXCEEDED,INVALID
2710,2,31,37,28041,34841,0,CAPACITY_EXCEEDED,INVALID
2711,2,31,38,27979,34779,0,CAPACITY_EXCEEDED,INVALID
2712,2,31,39,28151,34951,0,CAPACITY_EXCEEDED,INVALID
2713,2,31,40,28007,34807,0,CAPACITY_EXCEEDED,INVALID
2714,2,31,41,28034,34834,0,CAPACITY_EXCEEDED,INVALID
2715,2,31,42,26890,33490,1,FEASIBLE,WORSE
2716,2,31,43,28225,35025,0,CAPACITY_EXCEEDED,INVALID
2717,2,31,44,28206,35006,0,CAPACITY_EXCEEDED,INVALID
2718,2,31,45,27082,33682,1,FEASIBLE,WORSE
2719,2,31,46,27999,34799,0,CAPACITY_EXCEEDED,INVALID
2720,2,31,47,26528,33128,1,FEASIBLE,WORSE
2721,2,31,48,26782,33382,1,FEASIBLE,WORSE
2722,2,31,49,26713,33313,1,FEASIBLE,WORSE
2723,2,31,50,26753,33353,1,FEASIBLE,WORSE
2724,2,31,51,28169,34969,0,CAPACITY_EXCEEDED,INVALID
2725,2,31,52,26743,33343,1,FEASIBLE,WORSE
2726,2,31,53,26412,33012,1,FEASIBLE,WORSE
2727,2,31,54,26890,33490,1,FEASIBLE,WORSE
2728,2,31,55,28127,34927,0,CAPACITY_EXCEEDED,INVALID
2729,2,31,56,28144,34944,0,CAPACITY_EXCEEDED,INVALID
2730,2,31,57,26782,33382,1,FEASIBLE,WORSE
2731,2,31,58,26676,33276,1,FEASIBLE,WORSE
2732,2,31,59,28165,34965,0,CAPACITY_EXCEEDED,INVALID
2733,2,31,60,26520,33120,1,FEASIBLE,WORSE
2734,2,31,61,26757,33357,1,FEASIBLE,WORSE
2735,2,31,62,27022,33622,1,FEASIBLE,WORSE
2736,2,31,63,26919,33519,1,FEASIBLE,WORSE
2737,2,31,64,26544,33144,1,FEASIBLE,WORSE
2738,2,31,65,27077,33677,1,FEASIBLE,WORSE
2739,2,31,66,28152,34952,0,CAPACITY_EXCEEDED,INVALID
2740,2,31,67,26975,33575,1,FEASIBLE,WORSE
2741,2,31,68,28156,34956,0,CAPACITY_EXCEEDED,INVALID
2742,2,31,69,26934,33534,1,FEASIBLE,WORSE
2743,2,31,70,28202,35002,0,CAPACITY_EXCEEDED,INVALID
2744,2,31,71,26537,33137,1,FEASIBLE,WORSE
2745,2,31,72,26739,33339,1,FEASIBLE,WORSE
2746,2,31,73,26726,33326,1,FEASIBLE,WORSE
2747,2,31,74,26592,33192,1,FEASIBLE,WORSE
2748,2,31,75,26656,33256,1,FEASIBLE,WORSE
2749,2,31,76,26932,33532,1,FEASIBLE,WORSE
2750,2,31,77,27036,33636,1,FEASIBLE,WORSE
2751,2,31,78,26732,33332,1,FEASIBLE,WORSE
2752,2,31,79,28179,34979,0,CAPACITY_EXCEEDED,INVALID
2753,2,31,80,26620,33220,1,FEASIBLE,WORSE
2754,2,31,81,27168,33768,1,FEASIBLE,WORSE
2755,2,31,82,28065,34865,0,CAPACITY_EXCEEDED,INVALID
2756,2,31,83,26518,33118,1,FEASIBLE,WORSE
2757,2,31,84,28152,34952,0,CAPACITY_EXCEEDED,INVALID
2758,2,31,85,27052,33652,1,FEASIBLE,WORSE
2759,2,31,86,27989,34789,0,CAPACITY_EXCEEDED,INVALID
2760,2,31,87,27185,33785,1,FEASIBLE,WORSE
2761,2,31,88,26591,33191,1,FEASIBLE,WORSE
2762,2,31,89,26970,33570,1,FEASIBLE,WORSE
2763,2,31,90,27017,33617,1,FEASIBLE,WORSE
2764,2,31,91,28120,34920,0,CAPACITY_EXCEEDED,INVALID
2765,2,31,92,27137,33737,1,FEASIBLE,WORSE
2766,2,31,93,26721,33321,1,FEASIBLE,WORSE
2767,2,31,94,28098,34898,0,CAPACITY_EXCEEDED,INVALID
2768,2,31,95,26999,33599,1,FEASIBLE,WORSE
2769,2,31,96,27033,33633,1,FEASIBLE,WORSE
2770,2,31,97,28125,34925,0,CAPACITY_EXCEEDED,INVALID
2771,2,31,98,26821,33421,1,FEASIBLE,WORSE
2772,2,31,99,26527,33127,1,FEASIBLE,WORSE
2773,2,32,33,27869,34669,0,CAPACITY_EXCEEDED,INVALID
2774,2,32,34,26195,32795,1,FEASIBLE,WORSE
2775,2,32,35,26688,33288,1,FEASIBLE,WORSE
2776,2,32,36,27764,34564,0,CAPACITY_EXCEEDED,INVALID
2777,2,32,37,27667,34467,0,CAPACITY_EXCEEDED,INVALID
2778,2,32,38,27605,34405,0,CAPACITY_EXCEEDED,INVALID
2779,2,32,39,27777,34577,0,CAPACITY_EXCEEDED,INVALID
2780,2,32,40,27633,34433,0,CAPACITY_EXCEEDED,INVALID
2781,2,32,41,27660,34460,0,CAPACITY_EXCEEDED,INVALID
2782,2,32,42,26516,33116,1,FEASIBLE,WORSE
2783,2,32,43,27851,34651,0,CAPACITY_EXCEEDED,INVALID
2784,2,32,44,27832,34632,0,CAPACITY_EXCEEDED,INVALID
2785,2,32,45,26708,33308,1,FEASIBLE,WORSE
2786,2,32,46,27625,34425,0,CAPACITY_EXCEEDED,INVALID
2787,2,32,47,26154,32754,1,FEASIBLE,WORSE
2788,2,32,48,26408,33008,1,FEASIBLE,WORSE
2789,2,32,49,26339,32939,1,FEASIBLE,WORSE
2790,2,32,50,26379,32979,1,FEASIBLE,WORSE
2791,2,32,51,27795,34595,0,CAPACITY_EXCEEDED,INVALID
2792,2,32,52,26369,32969,1,FEASIBLE,WORSE
2793,2,32,53,26038,32638,1,FEASIBLE,WORSE
2794,2,32,54,26516,33116,1,FEASIBLE,WORSE
2795,2,32,55,27753,34553,0,CAPACITY_EXCEEDED,INVALID
2796,2,32,56,27770,34570,0,CAPACITY_EXCEEDED,INVALID
2797,2,32,57,26408,33008,1,FEASIBLE,WORSE
2798,2,32,58,26302,32902,1,FEASIBLE,WORSE
2799,2,32,59,27791,34591,0,CAPACITY_EXCEEDED,INVALID
2800,2,32,60,26146,32746,1,FEASIBLE,WORSE
2801,2,32,61,26383,32983,1,FEASIBLE,WORSE
2802,2,32,62,26648,33248,1,FEASIBLE,WORSE
2803,2,32,63,26545,33145,1,FEASIBLE,WORSE
2804,2,32,64,26170,32770,1,FEASIBLE,WORSE
2805,2,32,65,26703,33303,1,FEASIBLE,WORSE
2806,2,32,66,27778,34578,0,CAPACITY_EXCEEDED,INVALID
2807,2,32,67,26601,33201,1,FEASIBLE,WORSE
2808,2,32,68,27782,34582,0,CAPACITY_EXCEEDED,INVALID
2809,2,32,69,26560,33160,1,FEASIBLE,WORSE
2810,2,32,70,27828,34628,0,CAPACITY_EXCEEDED,INVALID
2811,2,32,71,26163,32763,1,FEASIBLE,WORSE
2812,2,32,72,26365,32965,1,FEASIBLE,WORSE
2813,2,32,73,26352,32952,1,FEASIBLE,WORSE
2814,2,32,74,26218,32818,1,FEASIBLE,WORSE
2815,2,32,75,26282,32882,1,FEASIBLE,WORSE
2816,2,32,76,26558,33158,1,FEASIBLE,WORSE
2817,2,32,77,26662,33262,1,FEASIBLE,WORSE
2818,2,32,78,26358,32958,1,FEASIBLE,WORSE
2819,2,32,79,27805,34605,0,CAPACITY_EXCEEDED,INVALID
2820,2,32,80,26246,32846,1,FEASIBLE,WORSE
2821,2,32,81,26794,33394,1,FEASIBLE,WORSE
2822,2,32,82,27691,34491,0,CAPACITY_EXCEEDED,INVALID
2823,2,32,83,26144,32744,1,FEASIBLE,WORSE
2824,2,32,84,27778,34578,0,CAPACITY_EXCEEDED,INVALID
2825,2,32,85,26678,33278,1,FEASIBLE,WORSE
2826,2,32,86,27615,34415,0,CAPACITY_EXCEEDED,INVALID
2827,2,32,87,26811,33411,1,FEASIBLE,WORSE
2828,2,32,88,26217,32817,1,FEASIBLE,WORSE
2829,2,32,89,26596,33196,1,FEASIBLE,WORSE
2830,2,32,90,26643,33243,1,FEASIBLE,WORSE
2831,2,32,91,27746,34546,0,CAPACITY_EXCEEDED,INVALID
2832,2,32,92,26763,33363,1,FEASIBLE,WORSE
2833,2,32,93,26347,32947,1,FEASIBLE,WORSE
2834,2,32,94,27724,34524,0,CAPACITY_EXCEEDED,INVALID
2835,2,32,95,26625,33225,1,FEASIBLE,WORSE
2836,2,32,96,26659,33259,1,FEASIBLE,WORSE
2837,2,32,97,27751,34551,0,CAPACITY_EXCEEDED,INVALID
2838,2,32,98,26447,33047,1,FEASIBLE,WORSE
2839,2,32,99,26153,32753,1,FEASIBLE,WORSE
2840,2,33,34,27705,34505,0,CAPACITY_EXCEEDED,INVALID
2841,2,33,35,28198,34998,0,CAPACITY_EXCEEDED,INVALID
2842,2,33,36,29274,36274,0,CAPACITY_EXCEEDED,INVALID
2843,2,33,37,29177,36177,0,CAPACITY_EXCEEDED,INVALID
2844,2,33,38,29115,36115,0,CAPACITY_EXCEEDED,INVALID
2845,2,33,39,29287,36287,0,CAPACITY_EXCEEDED,INVALID
2846,2,33,40,29143,36143,0,CAPACITY_EXCEEDED,INVALID
2847,2,33,41,29170,36170,0,CAPACITY_EXCEEDED,INVALID
2848,2,33,42,28026,34826,0,CAPACITY_EXCEEDED,INVALID
2849,2,33,43,29361,36361,0,CAPACITY_EXCEEDED,INVALID
2850,2,33,44,29342,36342,0,CAPACITY_EXCEEDED,INVALID
2851,2,33,45,28218,35018,0,CAPACITY_EXCEEDED,INVALID
2852,2,33,46,29135,36135,0,CAPACITY_EXCEEDED,INVALID
2853,2,33,47,27664,34464,0,CAPACITY_EXCEEDED,INVALID
2854,2,33,48,27918,34718,0,CAPACITY_EXCEEDED,INVALID
2855,2,33,49,27849,34649,0,CAPACITY_EXCEEDED,INVALID
2856,2,33,50,27889,34689,0,CAPACITY_EXCEEDED,INVALID
2857,2,33,51,29305,36305,0,CAPACITY_EXCEEDED,INVALID
2858,2,33,52,27879,34679,0,CAPACITY_EXCEEDED,INVALID
2859,2,33,53,27548,34348,0,CAPACITY_EXCEEDED,INVALID
2860,2,33,54,28026,34826,0,CAPACITY_EXCEEDED,INVALID
2861,2,33,55,29263,36263,0,CAPACITY_EXCEEDED,INVALID
2862,2,33,56,29280,36280,0,CAPACITY_EXCEEDED,INVALID
2863,2,33,57,27918,34718,0,CAPACITY_EXCEEDED,INVALID
2864,2,33,58,27812,34612,0,CAPACITY_EXCEEDED,INVALID
2865,2,33,59,29301,36301,0,CAPACITY_EXCEEDED,INVALID
2866,2,33,60,27656,34456,0,CAPACITY_EXCEEDED,INVALID
2867,2,33,61,27893,34693,0,CAPACITY_EXCEEDED,INVALID
2868,2,33,62,28158,34958,0,CAPACITY_EXCEEDED,INVALID
2869,2,33,63,28055,34855,0,CAPACITY_EXCEEDED,INVALID
2870,2,33,64,27680,34480,0,CAPACITY_EXCEEDED,INVALID
2871,2,33,65,28213,35013,0,CAPACITY_EXCEEDED,INVALID
2872,2,33,66,29288,36288,0,CAPACITY_EXCEEDED,INVALID
2873,2,33,67,28111,34911,0,CAPACITY_EXCEEDED,INVALID
2874,2,33,68,29292,36292,0,CAPACITY_EXCEEDED,INVALID
2875,2,33,69,28070,34870,0,CAPACITY_EXCEEDED,INVALID
2876,2,33,70,29338,36338,0,CAPACITY_EXCEEDED,INVALID
2877,2,33,71,27673,34473,0,CAPACITY_EXCEEDED,INVALID
2878,2,33,72,27875,34675,0,CAPACITY_EXCEEDED,INVALID
2879,2,33,73,27862,34662,0,CAPACITY_EXCEEDED,INVALID
2880,2,33,74,27728,34528,0,CAPACITY_EXCEEDED,INVALID
2881,2,33,75,27792,34592,0,CAPACITY_EXCEEDED,INVALID
2882,2,33,76,28068,34868,0,CAPACITY_EXCEEDED,INVALID
2883,2,33,77,28172,34972,0,CAPACITY_EXCEEDED,INVALID
2884,2,33,78,27868,34668,0,CAPACITY_EXCEEDED,INVALID
2885,2,33,79,29315,36315,0,CAPACITY_EXCEEDED,INVALID
2886,2,33,80,27756,34556,0,CAPACITY_EXCEEDED,INVALID
2887,2,33,81,28304,35104,0,CAPACITY_EXCEEDED,INVALID
2888,2,33,82,29201,36201,0,CAPACITY_EXCEEDED,INVALID
2889,2,33,83,27654,34454,0,CAPACITY_EXCEEDED,INVALID
2890,2,33,84,29288,36288,0,CAPACITY_EXCEEDED,INVALID
2891,2,33,85,28188,34988,0,CAPACITY_EXCEEDED,INVALID
2892,2,33,86,29125,36125,0,CAPACITY_EXCEEDED,INVALID
2893,2,33,87,28321,35121,0,CAPACITY_EXCEEDED,INVALID
2894,2,33,88,27727,34527,0,CAPACITY_EXCEEDED,INVALID
2895,2,33,89,28106,34906,0,CAPACITY_EXCEEDED,INVALID
2896,2,33,90,28153,34953,0,CAPACITY_EXCEEDED,INVALID
2897,2,33,91,29256,36256,0,CAPACITY_EXCEEDED,INVALID
2898,2,33,92,28273,35073,0,CAPACITY_EXCEEDED,INVALID
2899,2,33,93,27857,34657,0,CAPACITY_EXCEEDED,INVALID
2900,2,33,94,29234,36234,0,CAPACITY_EXCEEDED,INVALID
2901,2,33,95,28135,34935,0,CAPACITY_EXCEEDED,INVALID
2902,2,33,96,28169,34969,0,CAPACITY_EXCEEDED,INVALID
2903,2,33,97,29261,36261,0,CAPACITY_EXCEEDED,INVALID
2904,2,33,98,27957,34757,0,CAPACITY_EXCEEDED,INVALID
2905,2,33,99,27663,34463,0,CAPACITY_EXCEEDED,INVALID
2906,2,34,35,26524,33124,1,FEASIBLE,WORSE
2907,2,34,36,27600,34400,0,CAPACITY_EXCEEDED,INVALID
2908,2,34,37,27503,34303,0,CAPACITY_EXCEEDED,INVALID
2909,2,34,38,27441,34241,0,CAPACITY_EXCEEDED,INVALID
2910,2,34,39,27613,34413,0,CAPACITY_EXCEEDED,INVALID
2911,2,34,40,27469,34269,0,CAPACITY_EXCEEDED,INVALID
2912,2,34,41,27496,34296,0,CAPACITY_EXCEEDED,INVALID
2913,2,34,42,26352,32952,1,FEASIBLE,WORSE
2914,2,34,43,27687,34487,0,CAPACITY_EXCEEDED,INVALID
2915,2,34,44,27668,34468,0,CAPACITY_EXCEEDED,INVALID
2916,2,34,45,26544,33144,1,FEASIBLE,WORSE
2917,2,34,46,27461,34261,0,CAPACITY_EXCEEDED,INVALID
2918,2,34,47,25990,32590,1,FEASIBLE,WORSE
2919,2,34,48,26244,32844,1,FEASIBLE,WORSE
2920,2,34,49,26175,32775,1,FEASIBLE,WORSE
2921,2,34,50,26215,32815,1,FEASIBLE,WORSE
2922,2,34,51,27631,34431,0,CAPACITY_EXCEEDED,INVALID
2923,2,34,52,26205,32805,1,FEASIBLE,WORSE
2924,2,34,53,25874,32474,1,FEASIBLE,WORSE
2925,2,34,54,26352,32952,1,FEASIBLE,WORSE
2926,2,34,55,27589,34389,0,CAPACITY_EXCEEDED,INVALID
2927,2,34,56,27606,34406,0,CAPACITY_EXCEEDED,INVALID
2928,2,34,57,26244,32844,1,FEASIBLE,WORSE
2929,2,34,58,26138,32738,1,FEASIBLE,WORSE
2930,2,34,59,27627,34427,0,CAPACITY_EXCEEDED,INVALID
2931,2,34,60,25982,32582,1,FEASIBLE,WORSE
2932,2,34,61,26219,32819,1,FEASIBLE,WORSE
2933,2,34,62,26484,33084,1,FEASIBLE,WORSE
2934,2,34,63,26381,32981,1,FEASIBLE,WORSE
2935,2,34,64,26006,32606,1,FEASIBLE,WORSE
2936,2,34,65,26539,33139,1,FEASIBLE,WORSE
2937,2,34,66,27614,34414,0,CAPACITY_EXCEEDED,INVALID
2938,2,34,67,26437,33037,1,FEASIBLE,WORSE
2939,2,34,68,27618,34418,0,CAPACITY_EXCEEDED,INVALID
2940,2,34,69,26396,32996,1,FEASIBLE,WORSE
2941,2,34,70,27664,34464,0,CAPACITY_EXCEEDED,INVALID
2942,2,34,71,25999,32599,1,FEASIBLE,WORSE
2943,2,34,72,26201,32801,1,FEASIBLE,WORSE
2944,2,34,73,26188,32788,1,FEASIBLE,WORSE
2945,2,34,74,26054,32654,1,FEASIBLE,WORSE
2946,2,34,75,26118,32718,1,FEASIBLE,WORSE
2947,2,34,76,26394,32994,1,FEASIBLE,WORSE
2948,2,34,77,26498,33098,1,FEASIBLE,WORSE
2949,2,34,78,26194,32794,1,FEASIBLE,WORSE
2950,2,34,79,27641,34441,0,CAPACITY_EXCEEDED,INVALID
2951,2,34,80,26082,32682,1,FEASIBLE,WORSE
2952,2,34,81,26630,33230,1,FEASIBLE,WORSE
2953,2,34,82,27527,34327,0,CAPACITY_EXCEEDED,INVALID
2954,2,34,83,25980,32580,1,FEASIBLE,WORSE
2955,2,34,84,27614,34414,0,CAPACITY_EXCEEDED,INVALID
2956,2,34,85,26514,33114,1,FEASIBLE,WORSE
2957,2,34,86,27451,34251,0,CAPACITY_EXCEEDED,INVALID
2958,2,34,87,26647,33247,1,FEASIBLE,WORSE
2959,2,34,88,26053,32653,1,FEASIBLE,WORSE
2960,2,34,89,26432,33032,1,FEASIBLE,WORSE
2961,2,34,90,26479,33079,1,FEASIBLE,WORSE
2962,2,34,91,27582,34382,0,CAPACITY_EXCEEDED,INVALID
2963,2,34,92,26599,33199,1,FEASIBLE,WORSE
2964,2,34,93,26183,32783,1,FEASIBLE,WORSE
2965,2,34,94,27560,34360,0,CAPACITY_EXCEEDED,INVALID
2966,2,34,95,26461,33061,1,FEASIBLE,WORSE
2967,2,34,96,26495,33095,1,FEASIBLE,WORSE
2968,2,34,97,27587,34387,0,CAPACITY_EXCEEDED,INVALID
2969,2,34,98,26283,32883,1,FEASIBLE,WORSE
2970,2,34,99,25989,32589,1,FEASIBLE,WORSE
2971,2,35,36,28093,34893,0,CAPACITY_EXCEEDED,INVALID
2972,2,35,37,27996,34796,0,CAPACITY_EXCEEDED,INVALID
2973,2,35,38,27934,34734,0,CAPACITY_EXCEEDED,INVALID
2974,2,35,39,28106,34906,0,CAPACITY_EXCEEDED,INVALID
2975,2,35,40,27962,34762,0,CAPACITY_EXCEEDED,INVALID
2976,2,35,41,27989,34789,0,CAPACITY_EXCEEDED,INVALID
2977,2,35,42,26845,33445,1,FEASIBLE,WORSE
2978,2,35,43,28180,34980,0,CAPACITY_EXCEEDED,INVALID
2979,2,35,44,28161,34961,0,CAPACITY_EXCEEDED,INVALID
2980,2,35,45,27037,33637,1,FEASIBLE,WORSE
2981,2,35,46,27954,34754,0,CAPACITY_EXCEEDED,INVALID
2982,2,35,47,26483,33083,1,FEASIBLE,WORSE
2983,2,35,48,26737,33337,1,FEASIBLE,WORSE
2984,2,35,49,26668,33268,1,FEASIBLE,WORSE
2985,2,35,50,26708,33308,1,FEASIBLE,WORSE
2986,2,35,51,28124,34924,0,CAPACITY_EXCEEDED,INVALID
2987,2,35,52,26698,33298,1,FEASIBLE,WORSE
2988,2,35,53,26367,32967,1,FEASIBLE,WORSE
2989,2,35,54,26845,33445,1,FEASIBLE,WORSE
2990,2,35,55,28082,34882,0,CAPACITY_EXCEEDED,INVALID
2991,2,35,56,28099,34899,0,CAPACITY_EXCEEDED,INVALID
2992,2,35,57,26737,33337,1,FEASIBLE,WORSE
2993,2,35,58,26631,33231,1,FEASIBLE,WORSE
2994,2,35,59,28120,34920,0,CAPACITY_EXCEEDED,INVALID
2995,2,35,60,26475,33075,1,FEASIBLE,WORSE
2996,2,35,61,26712,33312,1,FEASIBLE,WORSE
2997,2,35,62,26977,33577,1,FEASIBLE,WORSE
2998,2,35,63,26874,33474,1,FEASIBLE,WORSE
2999,2,35,64,26499,33099,1,FEASIBLE,WORSE
3000,2,35,65,27032,33632,1,FEASIBLE,WORSE
3001,2,35,66,28107,34907,0,CAPACITY_EXCEEDED,INVALID
3002,2,35,67,26930,33530,1,FEASIBLE,WORSE
3003,2,35,68,28111,34911,0,CAPACITY_EXCEEDED,INVALID
3004,2,35,69,26889,33489,1,FEASIBLE,WORSE
3005,2,35,70,28157,34957,0,CAPACITY_EXCEEDED,INVALID
3006,2,35,71,26492,33092,1,FEASIBLE,WORSE
3007,2,35,72,26694,33294,1,FEASIBLE,WORSE
3008,2,35,73,26681,33281,1,FEASIBLE,WORSE
3009,2,35,74,26547,33147,1,FEASIBLE,WORSE
3010,2,35,75,26611,33211,1,FEASIBLE,WORSE
3011,2,35,76,26887,33487,1,FEASIBLE,WORSE
3012,2,35,77,26991,33591,1,FEASIBLE,WORSE
3013,2,35,78,26687,33287,1,FEASIBLE,WORSE
3014,2,35,79,28134,34934,0,CAPACITY_EXCEEDED,INVALID
3015,2,35,80,26575,33175,1,FEASIBLE,WORSE
3016,2,35,81,27123,33723,1,FEASIBLE,WORSE
3017,2,35,82,28020,34820,0,CAPACITY_EXCEEDED,INVALID
3018,2,35,83,26473,33073,1,FEASIBLE,WORSE
3019,2,35,84,28107,34907,0,CAPACITY_EXCEEDED,INVALID
3020,2,35,85,27007,33607,1,FEASIBLE,WORSE
3021,2,35,86,27944,34744,0,CAPACITY_EXCEEDED,INVALID
3022,2,35,87,27140,33740,1,FEASIBLE,WORSE
3023,2,35,88,26546,33146,1,FEASIBLE,WORSE
3024,2,35,89,26925,33525,1,FEASIBLE,WORSE
3025,2,35,90,26972,33572,1,FEASIBLE,WORSE
3026,2,35,91,28075,34875,0,CAPACITY_EXCEEDED,INVALID
3027,2,35,92,27092,33692,1,FEASIBLE,WORSE
3028,2,35,93,26676,33276,1,FEASIBLE,WORSE
3029,2,35,94,28053,34853,0,CAPACITY_EXCEEDED,INVALID
3030,2,35,95,26954,33554,1,FEASIBLE,WORSE
3031,2,35,96,26988,33588,1,FEASIBLE,WORSE
3032,2,35,97,28080,34880,0,CAPACITY_EXCEEDED,INVALID
3033,2,35,98,26776,33376,1,FEASIBLE,WORSE
3034,2,35,99,26482,33082,1,FEASIBLE,WORSE
3035,2,36,37,29072,36072,0,CAPACITY_EXCEEDED,INVALID
3036,2,36,38,29010,36010,0,CAPACITY_EXCEEDED,INVALID
3037,2,36,39,29182,36182,0,CAPACITY_EXCEEDED,INVALID
3038,2,36,40,29038,36038,0,CAPACITY_EXCEEDED,INVALID
3039,2,36,41,29065,36065,0,CAPACITY_EXCEEDED,INVALID
3040,2,36,42,27921,34721,0,CAPACITY_EXCEEDED,INVALID
3041,2,36,43,29256,36256,0,CAPACITY_EXCEEDED,INVALID
3042,2,36,44,29237,36237,0,CAPACITY_EXCEEDED,INVALID
3043,2,36,45,28113,34913,0,CAPACITY_EXCEEDED,INVALID
3044,2,36,46,29030,36030,0,CAPACITY_EXCEEDED,INVALID
3045,2,36,47,27559,34359,0,CAPACITY_EXCEEDED,INVALID
3046,2,36,48,27813,34613,0,CAPACITY_EXCEEDED,INVALID
3047,2,36,49,27744,34544,0,CAPACITY_EXCEEDED,INVALID
3048,2,36,50,27784,34584,0,CAPACITY_EXCEEDED,INVALID
3049,2,36,51,29200,36200,0,CAPACITY_EXCEEDED,INVALID
3050,2,36,52,27774,34574,0,CAPACITY_EXCEEDED,INVALID
3051,2,36,53,27443,34243,0,CAPACITY_EXCEEDED,INVALID
3052,2,36,54,27921,34721,0,CAPACITY_EXCEEDED,INVALID
3053,2,36,55,29158,36158,0,CAPACITY_EXCEEDED,INVALID
3054,2,36,56,29175,36175,0,CAPACITY_EXCEEDED,INVALID
3055,2,36,57,27813,34613,0,CAPACITY_EXCEEDED,INVALID
3056,2,36,58,27707,34507,0,CAPACITY_EXCEEDED,INVALID
3057,2,36,59,29196,36196,0,CAPACITY_EXCEEDED,INVALID
3058,2,36,60,27551,34351,0,CAPACITY_EXCEEDED,INVALID
3059,2,36,61,27788,34588,0,CAPACITY_EXCEEDED,INVALID
3060,2,36,62,28053,34853,0,CAPACITY_EXCEEDED,INVALID
3061,2,36,63,27950,34750,0,CAPACITY_EXCEEDED,INVALID
3062,2,36,64,27575,34375,0,CAPACITY_EXCEEDED,INVALID
3063,2,36,65,28108,34908,0,CAPACITY_EXCEEDED,INVALID
3064,2,36,66,29183,36183,0,CAPACITY_EXCEEDED,INVALID
3065,2,36,67,28006,34806,0,CAPACITY_EXCEEDED,INVALID
3066,2,36,68,29187,36187,0,CAPACITY_EXCEEDED,INVALID
3067,2,36,69,27965,34765,0,CAPACITY_EXCEEDED,INVALID
3068,2,36,70,29233,36233,0,CAPACITY_EXCEEDED,INVALID
3069,2,36,71,27568,34368,0,CAPACITY_EXCEEDED,INVALID
3070,2,36,72,27770,34570,0,CAPACITY_EXCEEDED,INVALID
3071,2,36,73,27757,34557,0,CAPACITY_EXCEEDED,INVALID
3072,2,36,74,27623,34423,0,CAPACITY_EXCEEDED,INVALID
3073,2,36,75,27687,34487,0,CAPACITY_EXCEEDED,INVALID
3074,2,36,76,27963,34763,0,CAPACITY_EXCEEDED,INVALID
3075,2,36,77,28067,34867,0,CAPACITY_EXCEEDED,INVALID
3076,2,36,78,27763,34563,0,CAPACITY_EXCEEDED,INVALID
3077,2,36,79,29210,36210,0,CAPACITY_EXCEEDED,INVALID
3078,2,36,80,27651,34451,0,CAPACITY_EXCEEDED,INVALID
3079,2,36,81,28199,34999,0,CAPACITY_EXCEEDED,INVALID
3080,2,36,82,29096,36096,0,CAPACITY_EXCEEDED,INVALID
3081,2,36,83,27549,34349,0,CAPACITY_EXCEEDED,INVALID
3082,2,36,84,29183,36183,0,CAPACITY_EXCEEDED,INVALID
3083,2,36,85,28083,34883,0,CAPACITY_EXCEEDED,INVALID
3084,2,36,86,29020,36020,0,CAPACITY_EXCEEDED,INVALID
3085,2,36,87,28216,35016,0,CAPACITY_EXCEEDED,INVALID
3086,2,36,88,27622,34422,0,CAPACITY_EXCEEDED,INVALID
3087,2,36,89,28001,34801,0,CAPACITY_EXCEEDED,INVALID
3088,2,36,90,28048,34848,0,CAPACITY_EXCEEDED,INVALID
3089,2,36,91,29151,36151,0,CAPACITY_EXCEEDED,INVALID
3090,2,36,92,28168,34968,0,CAPACITY_EXCEEDED,INVALID
3091,2,36,93,27752,34552,0,CAPACITY_EXCEEDED,INVALID
3092,2,36,94,29129,36129,0,CAPACITY_EXCEEDED,INVALID
3093,2,36,95,28030,34830,0,CAPACITY_EXCEEDED,INVALID
3094,2,36,96,28064,34864,0,CAPACITY_EXCEEDED,INVALID
3095,2,36,97,29156,36156,0,CAPACITY_EXCEEDED,INVALID
3096,2,36,98,27852,34652,0,CAPACITY_EXCEEDED,INVALID
3097,2,36,99,27558,34358,0,CAPACITY_EXCEEDED,INVALID
3098,2,37,38,28913,35913,0,CAPACITY_EXCEEDED,INVALID
3099,2,37,39,29085,36085,0,CAPACITY_EXCEEDED,INVALID
3100,2,37,40,28941,35941,0,CAPACITY_EXCEEDED,INVALID
3101,2,37,41,28968,35968,0,CAPACITY_EXCEEDED,INVALID
3102,2,37,42,27824,34624,0,CAPACITY_EXCEEDED,INVALID
3103,2,37,43,29159,36159,0,CAPACITY_EXCEEDED,INVALID
3104,2,37,44,29140,36140,0,CAPACITY_EXCEEDED,INVALID
3105,2,37,45,28016,34816,0,CAPACITY_EXCEEDED,INVALID
3106,2,37,46,28933,35933,0,CAPACITY_EXCEEDED,INVALID
3107,2,37,47,27462,34262,0,CAPACITY_EXCEEDED,INVALID
3108,2,37,48,27716,34516,0,CAPACITY_EXCEEDED,INVALID
3109,2,37,49,27647,34447,0,CAPACITY_EXCEEDED,INVALID
3110,2,37,50,27687,34487,0,CAPACITY_EXCEEDED,INVALID
3111,2,37,51,29103,36103,0,CAPACITY_EXCEEDED,INVALID
3112,2,37,52,27677,34477,0,CAPACITY_EXCEEDED,INVALID
3113,2,37,53,27346,34146,1,FEASIBLE,WORSE
3114,2,37,54,27824,34624,0,CAPACITY_EXCEEDED,INVALID
3115,2,37,55,29061,36061,0,CAPACITY_EXCEEDED,INVALID
3116,2,37,56,29078,36078,0,CAPACITY_EXCEEDED,INVALID
3117,2,37,57,27716,34516,0,CAPACITY_EXCEEDED,INVALID
3118,2,37,58,27610,34410,0,CAPACITY_EXCEEDED,INVALID
3119,2,37,59,29099,36099,0,CAPACITY_EXCEEDED,INVALID
3120,2,37,60,27454,34254,0,CAPACITY_EXCEEDED,INVALID
3121,2,37,61,27691,34491,0,CAPACITY_EXCEEDED,INVALID
3122,2,37,62,27956,34756,0,CAPACITY_EXCEEDED,INVALID
3123,2,37,63,27853,34653,0,CAPACITY_EXCEEDED,INVALID
3124,2,37,64,27478,34278,0,CAPACITY_EXCEEDED,INVALID
3125,2,37,65,28011,34811,0,CAPACITY_EXCEEDED,INVALID
3126,2,37,66,29086,36086,0,CAPACITY_EXCEEDED,INVALID
3127,2,37,67,27909,34709,0,CAPACITY_EXCEEDED,INVALID
3128,2,37,68,29090,36090,0,CAPACITY_EXCEEDED,INVALID
3129,2,37,69,27868,34668,0,CAPACITY_EXCEEDED,INVALID
3130,2,37,70,29136,36136,0,CAPACITY_EXCEEDED,INVALID
3131,2,37,71,27471,34271,0,CAPACITY_EXCEEDED,INVALID
3132,2,37,72,27673,34473,0,CAPACITY_EXCEEDED,INVALID
3133,2,37,73,27660,34460,0,CAPACITY_EXCEEDED,INVALID
3134,2,37,74,27526,34326,0,CAPACITY_EXCEEDED,INVALID
3135,2,37,75,27590,34390,0,CAPACITY_EXCEEDED,INVALID
3136,2,37,76,27866,34666,0,CAPACITY_EXCEEDED,INVALID
3137,2,37,77,27970,34770,0,CAPACITY_EXCEEDED,INVALID
3138,2,37,78,27666,34466,0,CAPACITY_EXCEEDED,INVALID
3139,2,37,79,29113,36113,0,CAPACITY_EXCEEDED,INVALID
3140,2,37,80,27554,34354,0,CAPACITY_EXCEEDED,INVALID
3141,2,37,81,28102,34902,0,CAPACITY_EXCEEDED,INVALID
3142,2,37,82,28999,35999,0,CAPACITY_EXCEEDED,INVALID
3143,2,37,83,27452,34252,0,CAPACITY_EXCEEDED,INVALID
3144,2,37,84,29086,36086,0,CAPACITY_EXCEEDED,INVALID
3145,2,37,85,27986,34786,0,CAPACITY_EXCEEDED,INVALID
3146,2,37,86,28923,35923,0,CAPACITY_EXCEEDED,INVALID
3147,2,37,87,28119,34919,0,CAPACITY_EXCEEDED,INVALID
3148,2,37,88,27525,34325,0,CAPACITY_EXCEEDED,INVALID
3149,2,37,89,27904,34704,0,CAPACITY_EXCEEDED,INVALID
3150,2,37,90,27951,34751,0,CAPACITY_EXCEEDED,INVALID
3151,2,37,91,29054,36054,0,CAPACITY_EXCEEDED,INVALID
3152,2,37,92,28071,34871,0,CAPACITY_EXCEEDED,INVALID
3153,2,37,93,27655,34455,0,CAPACITY_EXCEEDED,INVALID
3154,2,37,94,29032,36032,0,CAPACITY_EXCEEDED,INVALID
3155,2,37,95,27933,34733,0,CAPACITY_EXCEEDED,INVALID
3156,2,37,96,27967,34767,0,CAPACITY_EXCEEDED,INVALID
3157,2,37,97,29059,36059,0,CAPACITY_EXCEEDED,INVALID
3158,2,37,98,27755,34555,0,CAPACITY_EXCEEDED,INVALID
3159,2,37,99,27461,34261,0,CAPACITY_EXCEEDED,INVALID
3160,2,38,39,29023,36023,0,CAPACITY_EXCEEDED,INVALID
3161,2,38,40,28879,35879,0,CAPACITY_EXCEEDED,INVALID
3162,2,38,41,28906,35906,0,CAPACITY_EXCEEDED,INVALID
3163,2,38,42,27762,34562,0,CAPACITY_EXCEEDED,INVALID
3164,2,38,43,29097,36097,0,CAPACITY_EXCEEDED,INVALID
3165,2,38,44,29078,36078,0,CAPACITY_EXCEEDED,INVALID
3166,2,38,45,27954,34754,0,CAPACITY_EXCEEDED,INVALID
3167,2,38,46,28871,35871,0,CAPACITY_EXCEEDED,INVALID
3168,2,38,47,27400,34200,0,CAPACITY_EXCEEDED,INVALID
3169,2,38,48,27654,34454,0,CAPACITY_EXCEEDED,INVALID
3170,2,38,49,27585,34385,0,CAPACITY_EXCEEDED,INVALID
3171,2,38,50,27625,34425,0,CAPACITY_EXCEEDED,INVALID
3172,2,38,51,29041,36041,0,CAPACITY_EXCEEDED,INVALID
3173,2,38,52,27615,34415,0,CAPACITY_EXCEEDED,INVALID
3174,2,38,53,27284,34084,1,FEASIBLE,WORSE
3175,2,38,54,27762,34562,0,CAPACITY_EXCEEDED,INVALID
3176,2,38,55,28999,35999,0,CAPACITY_EXCEEDED,INVALID
3177,2,38,56,29016,36016,0,CAPACITY_EXCEEDED,INVALID
3178,2,38,57,27654,34454,0,CAPACITY_EXCEEDED,INVALID
3179,2,38,58,27548,34348,0,CAPACITY_EXCEEDED,INVALID
3180,2,38,59,29037,36037,0,CAPACITY_EXCEEDED,INVALID
3181,2,38,60,27392,34192,0,CAPACITY_EXCEEDED,INVALID
3182,2,38,61,27629,34429,0,CAPACITY_EXCEEDED,INVALID
3183,2,38,62,27894,34694,0,CAPACITY_EXCEEDED,INVALID
3184,2,38,63,27791,34591,0,CAPACITY_EXCEEDED,INVALID
3185,2,38,64,27416,34216,0,CAPACITY_EXCEEDED,INVALID
3186,2,38,65,27949,34749,0,CAPACITY_EXCEEDED,INVALID
3187,2,38,66,29024,36024,0,CAPACITY_EXCEEDED,INVALID
3188,2,38,67,27847,34647,0,CAPACITY_EXCEEDED,INVALID
3189,2,38,68,29028,36028,0,CAPACITY_EXCEEDED,INVALID
3190,2,38,69,27806,34606,0,CAPACITY_EXCEEDED,INVALID
3191,2,38,70,29074,36074,0,CAPACITY_EXCEEDED,INVALID
3192,2,38,71,27409,34209,0,CAPACITY_EXCEEDED,INVALID
3193,2,38,72,27611,34411,0,CAPACITY_EXCEEDED,INVALID
3194,2,38,73,27598,34398,0,CAPACITY_EXCEEDED,INVALID
3195,2,38,74,27464,34264,0,CAPACITY_EXCEEDED,INVALID
3196,2,38,75,27528,34328,0,CAPACITY_EXCEEDED,INVALID
3197,2,38,76,27804,34604,0,CAPACITY_EXCEEDED,INVALID
3198,2,38,77,27908,34708,0,CAPACITY_EXCEEDED,INVALID
3199,2,38,78,27604,34404,0,CAPACITY_EXCEEDED,INVALID
3200,2,38,79,29051,36051,0,CAPACITY_EXCEEDED,INVALID
3201,2,38,80,27492,34292,0,CAPACITY_EXCEEDED,INVALID
3202,2,38,81,28040,34840,0,CAPACITY_EXCEEDED,INVALID
3203,2,38,82,28937,35937,0,CAPACITY_EXCEEDED,INVALID
3204,2,38,83,27390,34190,0,CAPACITY_EXCEEDED,INVALID
3205,2,38,84,29024,36024,0,CAPACITY_EXCEEDED,INVALID
3206,2,38,85,27924,34724,0,CAPACITY_EXCEEDED,INVALID
3207,2,38,86,28861,35861,0,CAPACITY_EXCEEDED,INVALID
3208,2,38,87,28057,34857,0,CAPACITY_EXCEEDED,INVALID
3209,2,38,88,27463,34263,0,CAPACITY_EXCEEDED,INVALID
3210,2,38,89,27842,34642,0,CAPACITY_EXCEEDED,INVALID
3211,2,38,90,27889,34689,0,CAPACITY_EXCEEDED,INVALID
3212,2,38,91,28992,35992,0,CAPACITY_EXCEEDED,INVALID
3213,2,38,92,28009,34809,0,CAPACITY_EXCEEDED,INVALID
3214,2,38,93,27593,34393,0,CAPACITY_EXCEEDED,INVALID
3215,2,38,94,28970,35970,0,CAPACITY_EXCEEDED,INVALID
3216,2,38,95,27871,34671,0,CAPACITY_EXCEEDED,INVALID
3217,2,38,96,27905,34705,0,CAPACITY_EXCEEDED,INVALID
3218,2,38,97,28997,35997,0,CAPACITY_EXCEEDED,INVALID
3219,2,38,98,27693,34493,0,CAPACITY_EXCEEDED,INVALID
3220,2,38,99,27399,34199,0,CAPACITY_EXCEEDED,INVALID
3221,2,39,40,29051,36051,0,CAPACITY_EXCEEDED,INVALID
3222,2,39,41,29078,36078,0,CAPACITY_EXCEEDED,INVALID
3223,2,39,42,27934,34734,0,CAPACITY_EXCEEDED,INVALID
3224,2,39,43,29269,36269,0,CAPACITY_EXCEEDED,INVALID
3225,2,39,44,29250,36250,0,CAPACITY_EXCEEDED,INVALID
3226,2,39,45,28126,34926,0,CAPACITY_EXCEEDED,INVALID
3227,2,39,46,29043,36043,0,CAPACITY_EXCEEDED,INVALID
3228,2,39,47,27572,34372,0,CAPACITY_EXCEEDED,INVALID
3229,2,39,48,27826,34626,0,CAPACITY_EXCEEDED,INVALID
3230,2,39,49,27757,34557,0,CAPACITY_EXCEEDED,INVALID
3231,2,39,50,27797,34597,0,CAPACITY_EXCEEDED,INVALID
3232,2,39,51,29213,36213,0,CAPACITY_EXCEEDED,INVALID
3233,2,39,52,27787,34587,0,CAPACITY_EXCEEDED,INVALID
3234,2,39,53,27456,34256,0,CAPACITY_EXCEEDED,INVALID
3235,2,39,54,27934,34734,0,CAPACITY_EXCEEDED,INVALID
3236,2,39,55,29171,36171,0,CAPACITY_EXCEEDED,INVALID
3237,2,39,56,29188,36188,0,CAPACITY_EXCEEDED,INVALID
3238,2,39,57,27826,34626,0,CAPACITY_EXCEEDED,INVALID
3239,2,39,58,27720,34520,0,CAPACITY_EXCEEDED,INVALID
3240,2,39,59,29209,36209,0,CAPACITY_EXCEEDED,INVALID
3241,2,39,60,27564,34364,0,CAPACITY_EXCEEDED,INVALID
3242,2,39,61,27801,34601,0,CAPACITY_EXCEEDED,INVALID
3243,2,39,62,28066,34866,0,CAPACITY_EXCEEDED,INVALID
3244,2,39,63,27963,34763,0,CAPACITY_EXCEEDED,INVALID
3245,2,39,64,27588,34388,0,CAPACITY_EXCEEDED,INVALID
3246,2,39,65,28121,34921,0,CAPACITY_EXCEEDED,INVALID
3247,2,39,66,29196,36196,0,CAPACITY_EXCEEDED,INVALID
3248,2,39,67,28019,34819,0,CAPACITY_EXCEEDED,INVALID
3249,2,39,68,29200,36200,0,CAPACITY_EXCEEDED,INVALID
3250,2,39,69,27978,34778,0,CAPACITY_EXCEEDED,INVALID
3251,2,39,70,29246,36246,0,CAPACITY_EXCEEDED,INVALID
3252,2,39,71,27581,34381,0,CAPACITY_EXCEEDED,INVALID
3253,2,39,72,27783,34583,0,CAPACITY_EXCEEDED,INVALID
3254,2,39,73,27770,34570,0,CAPACITY_EXCEEDED,INVALID
3255,2,39,74,27636,34436,0,CAPACITY_EXCEEDED,INVALID
3256,2,39,75,27700,34500,0,CAPACITY_EXCEEDED,INVALID
3257,2,39,76,27976,34776,0,CAPACITY_EXCEEDED,INVALID
3258,2,39,77,28080,34880,0,CAPACITY_EXCEEDED,INVALID
3259,2,39,78,27776,34576,0,CAPACITY_EXCEEDED,INVALID
3260,2,39,79,29223,36223,0,CAPACITY_EXCEEDED,INVALID
3261,2,39,80,27664,34464,0,CAPACITY_EXCEEDED,INVALID
3262,2,39,81,28212,35012,0,CAPACITY_EXCEEDED,INVALID
3263,2,39,82,29109,36109,0,CAPACITY_EXCEEDED,INVALID
3264,2,39,83,27562,34362,0,CAPACITY_EXCEEDED,INVALID
3265,2,39,84,29196,36196,0,CAPACITY_EXCEEDED,INVALID
3266,2,39,85,28096,34896,0,CAPACITY_EXCEEDED,INVALID
3267,2,39,86,29033,36033,0,CAPACITY_EXCEEDED,INVALID
3268,2,39,87,28229,35029,0,CAPACITY_EXCEEDED,INVALID
3269,2,39,88,27635,34435,0,CAPACITY_EXCEEDED,INVALID
3270,2,39,89,28014,34814,0,CAPACITY_EXCEEDED,INVALID
3271,2,39,90,28061,34861,0,CAPACITY_EXCEEDED,INVALID
3272,2,39,91,29164,36164,0,CAPACITY_EXCEEDED,INVALID
3273,2,39,92,28181,34981,0,CAPACITY_EXCEEDED,INVALID
3274,2,39,93,27765,34565,0,CAPACITY_EXCEEDED,INVALID
3275,2,39,94,29142,36142,0,CAPACITY_EXCEEDED,INVALID
3276,2,39,95,28043,34843,0,CAPACITY_EXCEEDED,INVALID
3277,2,39,96,28077,34877,0,CAPACITY_EXCEEDED,INVALID
3278,2,39,97,29169,36169,0,CAPACITY_EXCEEDED,INVALID
3279,2,39,98,27865,34665,0,CAPACITY_EXCEEDED,INVALID
3280,2,39,99,27571,34371,0,CAPACITY_EXCEEDED,INVALID
3281,2,40,41,28934,35934,0,CAPACITY_EXCEEDED,INVALID
3282,2,40,42,27790,34590,0,CAPACITY_EXCEEDED,INVALID
3283,2,40,43,29125,36125,0,CAPACITY_EXCEEDED,INVALID
3284,2,40,44,29106,36106,0,CAPACITY_EXCEEDED,INVALID
3285,2,40,45,27982,34782,0,CAPACITY_EXCEEDED,INVALID
3286,2,40,46,28899,35899,0,CAPACITY_EXCEEDED,INVALID
3287,2,40,47,27428,34228,0,CAPACITY_EXCEEDED,INVALID
3288,2,40,48,27682,34482,0,CAPACITY_EXCEEDED,INVALID
3289,2,40,49,27613,34413,0,CAPACITY_EXCEEDED,INVALID
3290,2,40,50,27653,34453,0,CAPACITY_EXCEEDED,INVALID
3291,2,40,51,29069,36069,0,CAPACITY_EXCEEDED,INVALID
3292,2,40,52,27643,34443,0,CAPACITY_EXCEEDED,INVALID
3293,2,40,53,27312,34112,1,FEASIBLE,WORSE
3294,2,40,54,27790,34590,0,CAPACITY_EXCEEDED,INVALID
3295,2,40,55,29027,36027,0,CAPACITY_EXCEEDED,INVALID
3296,2,40,56,29044,36044,0,CAPACITY_EXCEEDED,INVALID
3297,2,40,57,27682,34482,0,CAPACITY_EXCEEDED,INVALID
3298,2,40,58,27576,34376,0,CAPACITY_EXCEEDED,INVALID
3299,2,40,59,29065,36065,0,CAPACITY_EXCEEDED,INVALID
3300,2,40,60,27420,34220,0,CAPACITY_EXCEEDED,INVALID
3301,2,40,61,27657,34457,0,CAPACITY_EXCEEDED,INVALID
3302,2,40,62,27922,34722,0,CAPACITY_EXCEEDED,INVALID
3303,2,40,63,27819,34619,0,CAPACITY_EXCEEDED,INVALID
3304,2,40,64,27444,34244,0,CAPACITY_EXCEEDED,INVALID
3305,2,40,65,27977,34777,0,CAPACITY_EXCEEDED,INVALID
3306,2,40,66,29052,36052,0,CAPACITY_EXCEEDED,INVALID
3307,2,40,67,27875,34675,0,CAPACITY_EXCEEDED,INVALID
3308,2,40,68,29056,36056,0,CAPACITY_EXCEEDED,INVALID
3309,2,40,69,27834,34634,0,CAPACITY_EXCEEDED,INVALID
3310,2,40,70,29102,36102,0,CAPACITY_EXCEEDED,INVALID
3311,2,40,71,27437,34237,0,CAPACITY_EXCEEDED,INVALID
3312,2,40,72,27639,34439,0,CAPACITY_EXCEEDED,INVALID
3313,2,40,73,27626,34426,0,CAPACITY_EXCEEDED,INVALID
3314,2,40,74,27492,34292,0,CAPACITY_EXCEEDED,INVALID
3315,2,40,75,27556,34356,0,CAPACITY_EXCEEDED,INVALID
3316,2,40,76,27832,34632,0,CAPACITY_EXCEEDED,INVALID
3317,2,40,77,27936,34736,0,CAPACITY_EXCEEDED,INVALID
3318,2,40,78,27632,34432,0,CAPACITY_EXCEEDED,INVALID
3319,2,40,79,29079,36079,0,CAPACITY_EXCEEDED,INVALID
3320,2,40,80,27520,34320,0,CAPACITY_EXCEEDED,INVALID
3321,2,40,81,28068,34868,0,CAPACITY_EXCEEDED,INVALID
3322,2,40,82,28965,35965,0,CAPACITY_EXCEEDED,INVALID
3323,2,40,83,27418,34218,0,CAPACITY_EXCEEDED,INVALID
3324,2,40,84,29052,36052,0,CAPACITY_EXCEEDED,INVALID
3325,2,40,85,27952,34752,0,CAPACITY_EXCEEDED,INVALID
3326,2,40,86,28889,35889,0,CAPACITY_EXCEEDED,INVALID
3327,2,40,87,28085,34885,0,CAPACITY_EXCEEDED,INVALID
3328,2,40,88,27491,34291,0,CAPACITY_EXCEEDED,INVALID
3329,2,40,89,27870,34670,0,CAPACITY_EXCEEDED,INVALID
3330,2,40,90,27917,34717,0,CAPACITY_EXCEEDED,INVALID
3331,2,40,91,29020,36020,0,CAPACITY_EXCEEDED,INVALID
3332,2,40,92,28037,34837,0,CAPACITY_EXCEEDED,INVALID
3333,2,40,93,27621,34421,0,CAPACITY_EXCEEDED,INVALID
3334,2,40,94,28998,35998,0,CAPACITY_EXCEEDED,INVALID
3335,2,40,95,27899,34699,0,CAPACITY_EXCEEDED,INVALID
3336,2,40,96,27933,34733,0,CAPACITY_EXCEEDED,INVALID
3337,2,40,97,29025,36025,0,CAPACITY_EXCEEDED,INVALID
3338,2,40,98,27721,34521,0,CAPACITY_EXCEEDED,INVALID
3339,2,40,99,27427,34227,0,CAPACITY_EXCEEDED,INVALID
3340,2,41,42,27817,34617,0,CAPACITY_EXCEEDED,INVALID
3341,2,41,43,29152,36152,0,CAPACITY_EXCEEDED,INVALID
3342,2,41,44,29133,36133,0,CAPACITY_EXCEEDED,INVALID
3343,2,41,45,28009,34809,0,CAPACITY_EXCEEDED,INVALID
3344,2,41,46,28926,35926,0,CAPACITY_EXCEEDED,INVALID
3345,2,41,47,27455,34255,0,CAPACITY_EXCEEDED,INVALID
3346,2,41,48,27709,34509,0,CAPACITY_EXCEEDED,INVALID
3347,2,41,49,27640,34440,0,CAPACITY_EXCEEDED,INVALID
3348,2,41,50,27680,34480,0,CAPACITY_EXCEEDED,INVALID
3349,2,41,51,29096,36096,0,CAPACITY_EXCEEDED,INVALID
3350,2,41,52,27670,34470,0,CAPACITY_EXCEEDED,INVALID
3351,2,41,53,27339,34139,1,FEASIBLE,WORSE
3352,2,41,54,27817,34617,0,CAPACITY_EXCEEDED,INVALID
3353,2,41,55,29054,36054,0,CAPACITY_EXCEEDED,INVALID
3354,2,41,56,29071,36071,0,CAPACITY_EXCEEDED,INVALID
3355,2,41,57,27709,34509,0,CAPACITY_EXCEEDED,INVALID
3356,2,41,58,27603,34403,0,CAPACITY_EXCEEDED,INVALID
3357,2,41,59,29092,36092,0,CAPACITY_EXCEEDED,INVALID
3358,2,41,60,27447,34247,0,CAPACITY_EXCEEDED,INVALID
3359,2,41,61,27684,34484,0,CAPACITY_EXCEEDED,INVALID
3360,2,41,62,27949,34749,0,CAPACITY_EXCEEDED,INVALID
3361,2,41,63,27846,34646,0,CAPACITY_EXCEEDED,INVALID
3362,2,41,64,27471,34271,0,CAPACITY_EXCEEDED,INVALID
3363,2,41,65,28004,34804,0,CAPACITY_EXCEEDED,INVALID
3364,2,41,66,29079,36079,0,CAPACITY_EXCEEDED,INVALID
3365,2,41,67,27902,34702,0,CAPACITY_EXCEEDED,INVALID
3366,2,41,68,29083,36083,0,CAPACITY_EXCEEDED,INVALID
3367,2,41,69,27861,34661,0,CAPACITY_EXCEEDED,INVALID
3368,2,41,70,29129,36129,0,CAPACITY_EXCEEDED,INVALID
3369,2,41,71,27464,34264,0,CAPACITY_EXCEEDED,INVALID
3370,2,41,72,27666,34466,0,CAPACITY_EXCEEDED,INVALID
3371,2,41,73,27653,34453,0,CAPACITY_EXCEEDED,INVALID
3372,2,41,74,27519,34319,0,CAPACITY_EXCEEDED,INVALID
3373,2,41,75,27583,34383,0,CAPACITY_EXCEEDED,INVALID
3374,2,41,76,27859,34659,0,CAPACITY_EXCEEDED,INVALID
3375,2,41,77,27963,34763,0,CAPACITY_EXCEEDED,INVALID
3376,2,41,78,27659,34459,0,CAPACITY_EXCEEDED,INVALID
3377,2,41,79,29106,36106,0,CAPACITY_EXCEEDED,INVALID
3378,2,41,80,27547,34347,0,CAPACITY_EXCEEDED,INVALID
3379,2,41,81,28095,34895,0,CAPACITY_EXCEEDED,INVALID
3380,2,41,82,28992,35992,0,CAPACITY_EXCEEDED,INVALID
3381,2,41,83,27445,34245,0,CAPACITY_EXCEEDED,INVALID
3382,2,41,84,29079,36079,0,CAPACITY_EXCEEDED,INVALID
3383,2,41,85,27979,34779,0,CAPACITY_EXCEEDED,INVALID
3384,2,41,86,28916,35916,0,CAPACITY_EXCEEDED,INVALID
3385,2,41,87,28112,34912,0,CAPACITY_EXCEEDED,INVALID
3386,2,41,88,27518,34318,0,CAPACITY_EXCEEDED,INVALID
3387,2,41,89,27897,34697,0,CAPACITY_EXCEEDED,INVALID
3388,2,41,90,27944,34744,0,CAPACITY_EXCEEDED,INVALID
3389,2,41,91,29047,36047,0,CAPACITY_EXCEEDED,INVALID
3390,2,41,92,28064,34864,0,CAPACITY_EXCEEDED,INVALID
3391,2,41,93,27648,34448,0,CAPACITY_EXCEEDED,INVALID
3392,2,41,94,29025,36025,0,CAPACITY_EXCEEDED,INVALID
3393,2,41,95,27926,34726,0,CAPACITY_EXCEEDED,INVALID
3394,2,41,96,27960,34760,0,CAPACITY_EXCEEDED,INVALID
3395,2,41,97,29052,36052,0,CAPACITY_EXCEEDED,INVALID
3396,2,41,98,27748,34548,0,CAPACITY_EXCEEDED,INVALID
3397,2,41,99,27454,34254,0,CAPACITY_EXCEEDED,INVALID
3398,2,42,43,28008,34808,0,CAPACITY_EXCEEDED,INVALID
3399,2,42,44,27989,34789,0,CAPACITY_EXCEEDED,INVALID
3400,2,42,45,26865,33465,1,FEASIBLE,WORSE
3401,2,42,46,27782,34582,0,CAPACITY_EXCEEDED,INVALID
3402,2,42,47,26311,32911,1,FEASIBLE,WORSE
3403,2,42,48,26565,33165,1,FEASIBLE,WORSE
3404,2,42,49,26496,33096,1,FEASIBLE,WORSE
3405,2,42,50,26536,33136,1,FEASIBLE,WORSE
3406,2,42,51,27952,34752,0,CAPACITY_EXCEEDED,INVALID
3407,2,42,52,26526,33126,1,FEASIBLE,WORSE
3408,2,42,53,26195,32795,1,FEASIBLE,WORSE
3409,2,42,54,26673,33273,1,FEASIBLE,WORSE
3410,2,42,55,27910,34710,0,CAPACITY_EXCEEDED,INVALID
3411,2,42,56,27927,34727,0,CAPACITY_EXCEEDED,INVALID
3412,2,42,57,26565,33165,1,FEASIBLE,WORSE
3413,2,42,58,26459,33059,1,FEASIBLE,WORSE
3414,2,42,59,27948,34748,0,CAPACITY_EXCEEDED,INVALID
3415,2,42,60,26303,32903,1,FEASIBLE,WORSE
3416,2,42,61,26540,33140,1,FEASIBLE,WORSE
3417,2,42,62,26805,33405,1,FEASIBLE,WORSE
3418,2,42,63,26702,33302,1,FEASIBLE,WORSE
3419,2,42,64,26327,32927,1,FEASIBLE,WORSE
3420,2,42,65,26860,33460,1,FEASIBLE,WORSE
3421,2,42,66,27935,34735,0,CAPACITY_EXCEEDED,INVALID
3422,2,42,67,26758,33358,1,FEASIBLE,WORSE
3423,2,42,68,27939,34739,0,CAPACITY_EXCEEDED,INVALID
3424,2,42,69,26717,33317,1,FEASIBLE,WORSE
3425,2,42,70,27985,34785,0,CAPACITY_EXCEEDED,INVALID
3426,2,42,71,26320,32920,1,FEASIBLE,WORSE
3427,2,42,72,26522,33122,1,FEASIBLE,WORSE
3428,2,42,73,26509,33109,1,FEASIBLE,WORSE
3429,2,42,74,26375,32975,1,FEASIBLE,WORSE
3430,2,42,75,26439,33039,1,FEASIBLE,WORSE
3431,2,42,76,26715,33315,1,FEASIBLE,WORSE
3432,2,42,77,26819,33419,1,FEASIBLE,WORSE
3433,2,42,78,26515,33115,1,FEASIBLE,WORSE
3434,2,42,79,27962,34762,0,CAPACITY_EXCEEDED,INVALID
3435,2,42,80,26403,33003,1,FEASIBLE,WORSE
3436,2,42,81,26951,33551,1,FEASIBLE,WORSE
3437,2,42,82,27848,34648,0,CAPACITY_EXCEEDED,INVALID
3438,2,42,83,26301,32901,1,FEASIBLE,WORSE
3439,2,42,84,27935,34735,0,CAPACITY_EXCEEDED,INVALID
3440,2,42,85,26835,33435,1,FEASIBLE,WORSE
3441,2,42,86,27772,34572,0,CAPACITY_EXCEEDED,INVALID
3442,2,42,87,26968,33568,1,FEASIBLE,WORSE
3443,2,42,88,26374,32974,1,FEASIBLE,WORSE
3444,2,42,89,26753,33353,1,FEASIBLE,WORSE
3445,2,42,90,26800,33400,1,FEASIBLE,WORSE
3446,2,42,91,27903,34703,0,CAPACITY_EXCEEDED,INVALID
3447,2,42,92,26920,33520,1,FEASIBLE,WORSE
3448,2,42,93,26504,33104,1,FEASIBLE,WORSE
3449,2,42,94,27881,34681,0,CAPACITY_EXCEEDED,INVALID
3450,2,42,95,26782,33382,1,FEASIBLE,WORSE
3451,2,42,96,26816,33416,1,FEASIBLE,WORSE
3452,2,42,97,27908,34708,0,CAPACITY_EXCEEDED,INVALID
3453,2,42,98,26604,33204,1,FEASIBLE,WORSE
3454,2,42,99,26310,32910,1,FEASIBLE,WORSE
3455,2,43,44,29324,36324,0,CAPACITY_EXCEEDED,INVALID
3456,2,43,45,28200,35000,0,CAPACITY_EXCEEDED,INVALID
3457,2,43,46,29117,36117,0,CAPACITY_EXCEEDED,INVALID
3458,2,43,47,27646,34446,0,CAPACITY_EXCEEDED,INVALID
3459,2,43,48,27900,34700,0,CAPACITY_EXCEEDED,INVALID
3460,2,43,49,27831,34631,0,CAPACITY_EXCEEDED,INVALID
3461,2,43,50,27871,34671,0,CAPACITY_EXCEEDED,INVALID
3462,2,43,51,29287,36287,0,CAPACITY_EXCEEDED,INVALID
3463,2,43,52,27861,34661,0,CAPACITY_EXCEEDED,INVALID
3464,2,43,53,27530,34330,0,CAPACITY_EXCEEDED,INVALID
3465,2,43,54,28008,34808,0,CAPACITY_EXCEEDED,INVALID
3466,2,43,55,29245,36245,0,CAPACITY_EXCEEDED,INVALID
3467,2,43,56,29262,36262,0,CAPACITY_EXCEEDED,INVALID
3468,2,43,57,27900,34700,0,CAPACITY_EXCEEDED,INVALID
3469,2,43,58,27794,34594,0,CAPACITY_EXCEEDED,INVALID
3470,2,43,59,29283,36283,0,CAPACITY_EXCEEDED,INVALID
3471,2,43,60,27638,34438,0,CAPACITY_EXCEEDED,INVALID
3472,2,43,61,27875,34675,0,CAPACITY_EXCEEDED,INVALID
3473,2,43,62,28140,34940,0,CAPACITY_EXCEEDED,INVALID
3474,2,43,63,28037,34837,0,CAPACITY_EXCEEDED,INVALID
3475,2,43,64,27662,34462,0,CAPACITY_EXCEEDED,INVALID
3476,2,43,65,28195,34995,0,CAPACITY_EXCEEDED,INVALID
3477,2,43,66,29270,36270,0,CAPACITY_EXCEEDED,INVALID
3478,2,43,67,28093,34893,0,CAPACITY_EXCEEDED,INVALID
3479,2,43,68,29274,36274,0,CAPACITY_EXCEEDED,INVALID
3480,2,43,69,28052,34852,0,CAPACITY_EXCEEDED,INVALID
3481,2,43,70,29320,36320,0,CAPACITY_EXCEEDED,INVALID
3482,2,43,71,27655,34455,0,CAPACITY_EXCEEDED,INVALID
3483,2,43,72,27857,34657,0,CAPACITY_EXCEEDED,INVALID
3484,2,43,73,27844,34644,0,CAPACITY_EXCEEDED,INVALID
3485,2,43,74,27710,34510,0,CAPACITY_EXCEEDED,INVALID
3486,2,43,75,27774,34574,0,CAPACITY_EXCEEDED,INVALID
3487,2,43,76,28050,34850,0,CAPACITY_EXCEEDED,INVALID
3488,2,43,77,28154,34954,0,CAPACITY_EXCEEDED,INVALID
3489,2,43,78,27850,34650,0,CAPACITY_EXCEEDED,INVALID
3490,2,43,79,29297,36297,0,CAPACITY_EXCEEDED,INVALID
3491,2,43,80,27738,34538,0,CAPACITY_EXCEEDED,INVALID
3492,2,43,81,28286,35086,0,CAPACITY_EXCEEDED,INVALID
3493,2,43,82,29183,36183,0,CAPACITY_EXCEEDED,INVALID
3494,2,43,83,27636,34436,0,CAPACITY_EXCEEDED,INVALID
3495,2,43,84,29270,36270,0,CAPACITY_EXCEEDED,INVALID
3496,2,43,85,28170,34970,0,CAPACITY_EXCEEDED,INVALID
3497,2,43,86,29107,36107,0,CAPACITY_EXCEEDED,INVALID
3498,2,43,87,28303,35103,0,CAPACITY_EXCEEDED,INVALID
3499,2,43,88,27709,34509,0,CAPACITY_EXCEEDED,INVALID
3500,2,43,89,28088,34888,0,CAPACITY_EXCEEDED,INVALID
3501,2,43,90,28135,34935,0,CAPACITY_EXCEEDED,INVALID
3502,2,43,91,29238,36238,0,CAPACITY_EXCEEDED,INVALID
3503,2,43,92,28255,35055,0,CAPACITY_EXCEEDED,INVALID
3504,2,43,93,27839,34639,0,CAPACITY_EXCEEDED,INVALID
3505,2,43,94,29216,36216,0,CAPACITY_EXCEEDED,INVALID
3506,2,43,95,28117,34917,0,CAPACITY_EXCEEDED,INVALID
3507,2,43,96,28151,34951,0,CAPACITY_EXCEEDED,INVALID
3508,2,43,97,29243,36243,0,CAPACITY_EXCEEDED,INVALID
3509,2,43,98,27939,34739,0,CAPACITY_EXCEEDED,INVALID
3510,2,43,99,27645,34445,0,CAPACITY_EXCEEDED,INVALID
3511,2,44,45,28181,34981,0,CAPACITY_EXCEEDED,INVALID
3512,2,44,46,29098,36098,0,CAPACITY_EXCEEDED,INVALID
3513,2,44,47,27627,34427,0,CAPACITY_EXCEEDED,INVALID
3514,2,44,48,27881,34681,0,CAPACITY_EXCEEDED,INVALID
3515,2,44,49,27812,34612,0,CAPACITY_EXCEEDED,INVALID
3516,2,44,50,27852,34652,0,CAPACITY_EXCEEDED,INVALID
3517,2,44,51,29268,36268,0,CAPACITY_EXCEEDED,INVALID
3518,2,44,52,27842,34642,0,CAPACITY_EXCEEDED,INVALID
3519,2,44,53,27511,34311,0,CAPACITY_EXCEEDED,INVALID
3520,2,44,54,27989,34789,0,CAPACITY_EXCEEDED,INVALID
3521,2,44,55,29226,36226,0,CAPACITY_EXCEEDED,INVALID
3522,2,44,56,29243,36243,0,CAPACITY_EXCEEDED,INVALID
3523,2,44,57,27881,34681,0,CAPACITY_EXCEEDED,INVALID
3524,2,44,58,27775,34575,0,CAPACITY_EXCEEDED,INVALID
3525,2,44,59,29264,36264,0,CAPACITY_EXCEEDED,INVALID
3526,2,44,60,27619,34419,0,CAPACITY_EXCEEDED,INVALID
3527,2,44,61,27856,34656,0,CAPACITY_EXCEEDED,INVALID
3528,2,44,62,28121,34921,0,CAPACITY_EXCEEDED,INVALID
3529,2,44,63,28018,34818,0,CAPACITY_EXCEEDED,INVALID
3530,2,44,64,27643,34443,0,CAPACITY_EXCEEDED,INVALID
3531,2,44,65,28176,34976,0,CAPACITY_EXCEEDED,INVALID
3532,2,44,66,29251,36251,0,CAPACITY_EXCEEDED,INVALID
3533,2,44,67,28074,34874,0,CAPACITY_EXCEEDED,INVALID
3534,2,44,68,29255,36255,0,CAPACITY_EXCEEDED,INVALID
3535,2,44,69,28033,34833,0,CAPACITY_EXCEEDED,INVALID
3536,2,44,70,29301,36301,0,CAPACITY_EXCEEDED,INVALID
3537,2,44,71,27636,34436,0,CAPACITY_EXCEEDED,INVALID
3538,2,44,72,27838,34638,0,CAPACITY_EXCEEDED,INVALID
3539,2,44,73,27825,34625,0,CAPACITY_EXCEEDED,INVALID
3540,2,44,74,27691,34491,0,CAPACITY_EXCEEDED,INVALID
3541,2,44,75,27755,34555,0,CAPACITY_EXCEEDED,INVALID
3542,2,44,76,28031,34831,0,CAPACITY_EXCEEDED,INVALID
3543,2,44,77,28135,34935,0,CAPACITY_EXCEEDED,INVALID
3544,2,44,78,27831,34631,0,CAPACITY_EXCEEDED,INVALID
3545,2,44,79,29278,36278,0,CAPACITY_EXCEEDED,INVALID
3546,2,44,80,27719,34519,0,CAPACITY_EXCEEDED,INVALID
3547,2,44,81,28267,35067,0,CAPACITY_EXCEEDED,INVALID
3548,2,44,82,29164,36164,0,CAPACITY_EXCEEDED,INVALID
3549,2,44,83,27617,34417,0,CAPACITY_EXCEEDED,INVALID
3550,2,44,84,29251,36251,0,CAPACITY_EXCEEDED,INVALID
3551,2,44,85,28151,34951,0,CAPACITY_EXCEEDED,INVALID
3552,2,44,86,29088,36088,0,CAPACITY_EXCEEDED,INVALID
3553,2,44,87,28284,35084,0,CAPACITY_EXCEEDED,INVALID
3554,2,44,88,27690,34490,0,CAPACITY_EXCEEDED,INVALID
3555,2,44,89,28069,34869,0,CAPACITY_EXCEEDED,INVALID
3556,2,44,90,28116,34916,0,CAPACITY_EXCEEDED,INVALID
3557,2,44,91,29219,36219,0,CAPACITY_EXCEEDED,INVALID
3558,2,44,92,28236,35036,0,CAPACITY_EXCEEDED,INVALID
3559,2,44,93,27820,34620,0,CAPACITY_EXCEEDED,INVALID
3560,2,44,94,29197,36197,0,CAPACITY_EXCEEDED,INVALID
3561,2,44,95,28098,34898,0,CAPACITY_EXCEEDED,INVALID
3562,2,44,96,28132,34932,0,CAPACITY_EXCEEDED,INVALID
3563,2,44,97,29224,36224,0,CAPACITY_EXCEEDED,INVALID
3564,2,44,98,27920,34720,0,CAPACITY_EXCEEDED,INVALID
3565,2,44,99,27626,34426,0,CAPACITY_EXCEEDED,INVALID
3566,2,45,46,27974,34774,0,CAPACITY_EXCEEDED,INVALID
3567,2,45,47,26503,33103,1,FEASIBLE,WORSE
3568,2,45,48,26757,33357,1,FEASIBLE,WORSE
3569,2,45,49,26688,33288,1,FEASIBLE,WORSE
3570,2,45,50,26728,33328,1,FEASIBLE,WORSE
3571,2,45,51,28144,34944,0,CAPACITY_EXCEEDED,INVALID
3572,2,45,52,26718,33318,1,FEASIBLE,WORSE
3573,2,45,53,26387,32987,1,FEASIBLE,WORSE
3574,2,45,54,26865,33465,1,FEASIBLE,WORSE
3575,2,45,55,28102,34902,0,CAPACITY_EXCEEDED,INVALID
3576,2,45,56,28119,34919,0,CAPACITY_EXCEEDED,INVALID
3577,2,45,57,26757,33357,1,FEASIBLE,WORSE
3578,2,45,58,26651,33251,1,FEASIBLE,WORSE
3579,2,45,59,28140,34940,0,CAPACITY_EXCEEDED,INVALID
3580,2,45,60,26495,33095,1,FEASIBLE,WORSE
3581,2,45,61,26732,33332,1,FEASIBLE,WORSE
3582,2,45,62,26997,33597,1,FEASIBLE,WORSE
3583,2,45,63,26894,33494,1,FEASIBLE,WORSE
3584,2,45,64,26519,33119,1,FEASIBLE,WORSE
3585,2,45,65,27052,33652,1,FEASIBLE,WORSE
3586,2,45,66,28127,34927,0,CAPACITY_EXCEEDED,INVALID
3587,2,45,67,26950,33550,1,FEASIBLE,WORSE
3588,2,45,68,28131,34931,0,CAPACITY_EXCEEDED,INVALID
3589,2,45,69,26909,33509,1,FEASIBLE,WORSE
3590,2,45,70,28177,34977,0,CAPACITY_EXCEEDED,INVALID
3591,2,45,71,26512,33112,1,FEASIBLE,WORSE
3592,2,45,72,26714,33314,1,FEASIBLE,WORSE
3593,2,45,73,26701,33301,1,FEASIBLE,WORSE
3594,2,45,74,26567,33167,1,FEASIBLE,WORSE
3595,2,45,75,26631,33231,1,FEASIBLE,WORSE
3596,2,45,76,26907,33507,1,FEASIBLE,WORSE
3597,2,45,77,27011,33611,1,FEASIBLE,WORSE
3598,2,45,78,26707,33307,1,FEASIBLE,WORSE
3599,2,45,79,28154,34954,0,CAPACITY_EXCEEDED,INVALID
3600,2,45,80,26595,33195,1,FEASIBLE,WORSE
3601,2,45,81,27143,33743,1,FEASIBLE,WORSE
3602,2,45,82,28040,34840,0,CAPACITY_EXCEEDED,INVALID
3603,2,45,83,26493,33093,1,FEASIBLE,WORSE
3604,2,45,84,28127,34927,0,CAPACITY_EXCEEDED,INVALID
3605,2,45,85,27027,33627,1,FEASIBLE,WORSE
3606,2,45,86,27964,34764,0,CAPACITY_EXCEEDED,INVALID
3607,2,45,87,27160,33760,1,FEASIBLE,WORSE
3608,2,45,88,26566,33166,1,FEASIBLE,WORSE
3609,2,45,89,26945,33545,1,FEASIBLE,WORSE
3610,2,45,90,26992,33592,1,FEASIBLE,WORSE
3611,2,45,91,28095,34895,0,CAPACITY_EXCEEDED,INVALID
3612,2,45,92,27112,33712,1,FEASIBLE,WORSE
3613,2,45,93,26696,33296,1,FEASIBLE,WORSE
3614,2,45,94,28073,34873,0,CAPACITY_EXCEEDED,INVALID
3615,2,45,95,26974,33574,1,FEASIBLE,WORSE
3616,2,45,96,27008,33608,1,FEASIBLE,WORSE
3617,2,45,97,28100,34900,0,CAPACITY_EXCEEDED,INVALID
3618,2,45,98,26796,33396,1,FEASIBLE,WORSE
3619,2,45,99,26502,33102,1,FEASIBLE,WORSE
3620,2,46,47,27420,34220,0,CAPACITY_EXCEEDED,INVALID
3621,2,46,48,27674,34474,0,CAPACITY_EXCEEDED,INVALID
3622,2,46,49,27605,34405,0,CAPACITY_EXCEEDED,INVALID
3623,2,46,50,27645,34445,0,CAPACITY_EXCEEDED,INVALID
3624,2,46,51,29061,36061,0,CAPACITY_EXCEEDED,INVALID
3625,2,46,52,27635,34435,0,CAPACITY_EXCEEDED,INVALID
3626,2,46,53,27304,34104,1,FEASIBLE,WORSE
3627,2,46,54,27782,34582,0,CAPACITY_EXCEEDED,INVALID
3628,2,46,55,29019,36019,0,CAPACITY_EXCEEDED,INVALID
3629,2,46,56,29036,36036,0,CAPACITY_EXCEEDED,INVALID
3630,2,46,57,27674,34474,0,CAPACITY_EXCEEDED,INVALID
3631,2,46,58,27568,34368,0,CAPACITY_EXCEEDED,INVALID
3632,2,46,59,29057,36057,0,CAPACITY_EXCEEDED,INVALID
3633,2,46,60,27412,34212,0,CAPACITY_EXCEEDED,INVALID
3634,2,46,61,27649,34449,0,CAPACITY_EXCEEDED,INVALID
3635,2,46,62,27914,34714,0,CAPACITY_EXCEEDED,INVALID
3636,2,46,63,27811,34611,0,CAPACITY_EXCEEDED,INVALID
3637,2,46,64,27436,34236,0,CAPACITY_EXCEEDED,INVALID
3638,2,46,65,27969,34769,0,CAPACITY_EXCEEDED,INVALID
3639,2,46,66,29044,36044,0,CAPACITY_EXCEEDED,INVALID
3640,2,46,67,27867,34667,0,CAPACITY_EXCEEDED,INVALID
3641,2,46,68,29048,36048,0,CAPACITY_EXCEEDED,INVALID
3642,2,46,69,27826,34626,0,CAPACITY_EXCEEDED,INVALID
3643,2,46,70,29094,36094,0,CAPACITY_EXCEEDED,INVALID
3644,2,46,71,27429,34229,0,CAPACITY_EXCEEDED,INVALID
3645,2,46,72,27631,34431,0,CAPACITY_EXCEEDED,INVALID
3646,2,46,73,27618,34418,0,CAPACITY_EXCEEDED,INVALID
3647,2,46,74,27484,34284,0,CAPACITY_EXCEEDED,INVALID
3648,2,46,75,27548,34348,0,CAPACITY_EXCEEDED,INVALID
3649,2,46,76,27824,34624,0,CAPACITY_EXCEEDED,INVALID
3650,2,46,77,27928,34728,0,CAPACITY_EXCEEDED,INVALID
3651,2,46,78,27624,34424,0,CAPACITY_EXCEEDED,INVALID
3652,2,46,79,29071,36071,0,CAPACITY_EXCEEDED,INVALID
3653,2,46,80,27512,34312,0,CAPACITY_EXCEEDED,INVALID
3654,2,46,81,28060,34860,0,CAPACITY_EXCEEDED,INVALID
3655,2,46,82,28957,35957,0,CAPACITY_EXCEEDED,INVALID
3656,2,46,83,27410,34210,0,CAPACITY_EXCEEDED,INVALID
3657,2,46,84,29044,36044,0,CAPACITY_EXCEEDED,INVALID
3658,2,46,85,27944,34744,0,CAPACITY_EXCEEDED,INVALID
3659,2,46,86,28881,35881,0,CAPACITY_EXCEEDED,INVALID
3660,2,46,87,28077,34877,0,CAPACITY_EXCEEDED,INVALID
3661,2,46,88,27483,34283,0,CAPACITY_EXCEEDED,INVALID
3662,2,46,89,27862,34662,0,CAPACITY_EXCEEDED,INVALID
3663,2,46,90,27909,34709,0,CAPACITY_EXCEEDED,INVALID
3664,2,46,91,29012,36012,0,CAPACITY_EXCEEDED,INVALID
3665,2,46,92,28029,34829,0,CAPACITY_EXCEEDED,INVALID
3666,2,46,93,27613,34413,0,CAPACITY_EXCEEDED,INVALID
3667,2,46,94,28990,35990,0,CAPACITY_EXCEEDED,INVALID
3668,2,46,95,27891,34691,0,CAPACITY_EXCEEDED,INVALID
3669,2,46,96,27925,34725,0,CAPACITY_EXCEEDED,INVALID
3670,2,46,97,29017,36017,0,CAPACITY_EXCEEDED,INVALID
3671,2,46,98,27713,34513,0,CAPACITY_EXCEEDED,INVALID
3672,2,46,99,27419,34219,0,CAPACITY_EXCEEDED,INVALID
3673,2,47,48,26203,32803,1,FEASIBLE,WORSE
3674,2,47,49,26134,32734,1,FEASIBLE,WORSE
3675,2,47,50,26174,32774,1,FEASIBLE,WORSE
3676,2,47,51,27590,34390,0,CAPACITY_EXCEEDED,INVALID
3677,2,47,52,26164,32764,1,FEASIBLE,WORSE
3678,2,47,53,25833,32433,1,FEASIBLE,WORSE
3679,2,47,54,26311,32911,1,FEASIBLE,WORSE
3680,2,47,55,27548,34348,0,CAPACITY_EXCEEDED,INVALID
3681,2,47,56,27565,34365,0,CAPACITY_EXCEEDED,INVALID
3682,2,47,57,26203,32803,1,FEASIBLE,WORSE
3683,2,47,58,26097,32697,1,FEASIBLE,WORSE
3684,2,47,59,27586,34386,0,CAPACITY_EXCEEDED,INVALID
3685,2,47,60,25941,32541,1,FEASIBLE,WORSE
3686,2,47,61,26178,32778,1,FEASIBLE,WORSE
3687,2,47,62,26443,33043,1,FEASIBLE,WORSE
3688,2,47,63,26340,32940,1,FEASIBLE,WORSE
3689,2,47,64,25965,32565,1,FEASIBLE,WORSE
3690,2,47,65,26498,33098,1,FEASIBLE,WORSE
3691,2,47,66,27573,34373,0,CAPACITY_EXCEEDED,INVALID
3692,2,47,67,26396,32996,1,FEASIBLE,WORSE
3693,2,47,68,27577,34377,0,CAPACITY_EXCEEDED,INVALID
3694,2,47,69,26355,32955,1,FEASIBLE,WORSE
3695,2,47,70,27623,34423,0,CAPACITY_EXCEEDED,INVALID
3696,2,47,71,25958,32558,1,FEASIBLE,WORSE
3697,2,47,72,26160,32760,1,FEASIBLE,WORSE
3698,2,47,73,26147,32747,1,FEASIBLE,WORSE
3699,2,47,74,26013,32613,1,FEASIBLE,WORSE
3700,2,47,75,26077,32677,1,FEASIBLE,WORSE
3701,2,47,76,26353,32953,1,FEASIBLE,WORSE
3702,2,47,77,26457,33057,1,FEASIBLE,WORSE
3703,2,47,78,26153,32753,1,FEASIBLE,WORSE
3704,2,47,79,27600,34400,0,CAPACITY_EXCEEDED,INVALID
3705,2,47,80,26041,32641,1,FEASIBLE,WORSE
3706,2,47,81,26589,33189,1,FEASIBLE,WORSE
3707,2,47,82,27486,34286,0,CAPACITY_EXCEEDED,INVALID
3708,2,47,83,25939,32539,1,FEASIBLE,WORSE
3709,2,47,84,27573,34373,0,CAPACITY_EXCEEDED,INVALID
3710,2,47,85,26473,33073,1,FEASIBLE,WORSE
3711,2,47,86,27410,34210,0,CAPACITY_EXCEEDED,INVALID
3712,2,47,87,26606,33206,1,FEASIBLE,WORSE
3713,2,47,88,26012,32612,1,FEASIBLE,WORSE
3714,2,47,89,26391,32991,1,FEASIBLE,WORSE
3715,2,47,90,26438,33038,1,FEASIBLE,WORSE
3716,2,47,91,27541,34341,0,CAPACITY_EXCEEDED,INVALID
3717,2,47,92,26558,33158,1,FEASIBLE,WORSE
3718,2,47,93,26142,32742,1,FEASIBLE,WORSE
3719,2,47,94,27519,34319,0,CAPACITY_EXCEEDED,INVALID
3720,2,47,95,26420,33020,1,FEASIBLE,WORSE
3721,2,47,96,26454,33054,1,FEASIBLE,WORSE
3722,2,47,97,27546,34346,0,CAPACITY_EXCEEDED,INVALID
3723,2,47,98,26242,32842,1,FEASIBLE,WORSE
3724,2,47,99,25948,32548,1,FEASIBLE,WORSE
3725,2,48,49,26388,32988,1,FEASIBLE,WORSE
3726,2,48,50,26428,33028,1,FEASIBLE,WORSE
3727,2,48,51,27844,34644,0,CAPACITY_EXCEEDED,INVALID
3728,2,48,52,26418,33018,1,FEASIBLE,WORSE
3729,2,48,53,26087,32687,1,FEASIBLE,WORSE
3730,2,48,54,26565,33165,1,FEASIBLE,WORSE
3731,2,48,55,27802,34602,0,CAPACITY_EXCEEDED,INVALID
3732,2,48,56,27819,34619,0,CAPACITY_EXCEEDED,INVALID
3733,2,48,57,26457,33057,1,FEASIBLE,WORSE
3734,2,48,58,26351,32951,1,FEASIBLE,WORSE
3735,2,48,59,27840,34640,0,CAPACITY_EXCEEDED,INVALID
3736,2,48,60,26195,32795,1,FEASIBLE,WORSE
3737,2,48,61,26432,33032,1,FEASIBLE,WORSE
3738,2,48,62,26697,33297,1,FEASIBLE,WORSE
3739,2,48,63,26594,33194,1,FEASIBLE,WORSE
3740,2,48,64,26219,32819,1,FEASIBLE,WORSE
3741,2,48,65,26752,33352,1,FEASIBLE,WORSE
3742,2,48,66,27827,34627,0,CAPACITY_EXCEEDED,INVALID
3743,2,48,67,26650,33250,1,FEASIBLE,WORSE
3744,2,48,68,27831,34631,0,CAPACITY_EXCEEDED,INVALID
3745,2,48,69,26609,33209,1,FEASIBLE,WORSE
3746,2,48,70,27877,34677,0,CAPACITY_EXCEEDED,INVALID
3747,2,48,71,26212,32812,1,FEASIBLE,WORSE
3748,2,48,72,26414,33014,1,FEASIBLE,WORSE
3749,2,48,73,26401,33001,1,FEASIBLE,WORSE
3750,2,48,74,26267,32867,1,FEASIBLE,WORSE
3751,2,48,75,26331,32931,1,FEASIBLE,WORSE
3752,2,48,76,26607,33207,1,FEASIBLE,WORSE
3753,2,48,77,26711,33311,1,FEASIBLE,WORSE
3754,2,48,78,26407,33007,1,FEASIBLE,WORSE
3755,2,48,79,27854,34654,0,CAPACITY_EXCEEDED,INVALID
3756,2,48,80,26295,32895,1,FEASIBLE,WORSE
3757,2,48,81,26843,33443,1,FEASIBLE,WORSE
3758,2,48,82,27740,34540,0,CAPACITY_EXCEEDED,INVALID
3759,2,48,83,26193,32793,1,FEASIBLE,WORSE
3760,2,48,84,27827,34627,0,CAPACITY_EXCEEDED,INVALID
3761,2,48,85,26727,33327,1,FEASIBLE,WORSE
3762,2,48,86,27664,34464,0,CAPACITY_EXCEEDED,INVALID
3763,2,48,87,26860,33460,1,FEASIBLE,WORSE
3764,2,48,88,26266,32866,1,FEASIBLE,WORSE
3765,2,48,89,26645,33245,1,FEASIBLE,WORSE
3766,2,48,90,26692,33292,1,FEASIBLE,WORSE
3767,2,48,91,27795,34595,0,CAPACITY_EXCEEDED,INVALID
3768,2,48,92,26812,33412,1,FEASIBLE,WORSE
3769,2,48,93,26396,32996,1,FEASIBLE,WORSE
3770,2,48,94,27773,34573,0,CAPACITY_EXCEEDED,INVALID
3771,2,48,95,26674,33274,1,FEASIBLE,WORSE
3772,2,48,96,26708,33308,1,FEASIBLE,WORSE
3773,2,48,97,27800,34600,0,CAPACITY_EXCEEDED,INVALID
3774,2,48,98,26496,33096,1,FEASIBLE,WORSE
3775,2,48,99,26202,32802,1,FEASIBLE,WORSE
3776,2,49,50,26359,32959,1,FEASIBLE,WORSE
3777,2,49,51,27775,34575,0,CAPACITY_EXCEEDED,INVALID
3778,2,49,52,26349,32949,1,FEASIBLE,WORSE
3779,2,49,53,26018,32618,1,FEASIBLE,WORSE
3780,2,49,54,26496,33096,1,FEASIBLE,WORSE
3781,2,49,55,27733,34533,0,CAPACITY_EXCEEDED,INVALID
3782,2,49,56,27750,34550,0,CAPACITY_EXCEEDED,INVALID
3783,2,49,57,26388,32988,1,FEASIBLE,WORSE
3784,2,49,58,26282,32882,1,FEASIBLE,WORSE
3785,2,49,59,27771,34571,0,CAPACITY_EXCEEDED,INVALID
3786,2,49,60,26126,32726,1,FEASIBLE,WORSE
3787,2,49,61,26363,32963,1,FEASIBLE,WORSE
3788,2,49,62,26628,33228,1,FEASIBLE,WORSE
3789,2,49,63,26525,33125,1,FEASIBLE,WORSE
3790,2,49,64,26150,32750,1,FEASIBLE,WORSE
3791,2,49,65,26683,33283,1,FEASIBLE,WORSE
3792,2,49,66,27758,34558,0,CAPACITY_EXCEEDED,INVALID
3793,2,49,67,26581,33181,1,FEASIBLE,WORSE
3794,2,49,68,27762,34562,0,CAPACITY_EXCEEDED,INVALID
3795,2,49,69,26540,33140,1,FEASIBLE,WORSE
3796,2,49,70,27808,34608,0,CAPACITY_EXCEEDED,INVALID
3797,2,49,71,26143,32743,1,FEASIBLE,WORSE
3798,2,49,72,26345,32945,1,FEASIBLE,WORSE
3799,2,49,73,26332,32932,1,FEASIBLE,WORSE
3800,2,49,74,26198,32798,1,FEASIBLE,WORSE
3801,2,49,75,26262,32862,1,FEASIBLE,WORSE
3802,2,49,76,26538,33138,1,FEASIBLE,WORSE
3803,2,49,77,26642,33242,1,FEASIBLE,WORSE
3804,2,49,78,26338,32938,1,FEASIBLE,WORSE
3805,2,49,79,27785,34585,0,CAPACITY_EXCEEDED,INVALID
3806,2,49,80,26226,32826,1,FEASIBLE,WORSE
3807,2,49,81,26774,33374,1,FEASIBLE,WORSE
3808,2,49,82,27671,34471,0,CAPACITY_EXCEEDED,INVALID
3809,2,49,83,26124,32724,1,FEASIBLE,WORSE
3810,2,49,84,27758,34558,0,CAPACITY_EXCEEDED,INVALID
3811,2,49,85,26658,33258,1,FEASIBLE,WORSE
3812,2,49,86,27595,34395,0,CAPACITY_EXCEEDED,INVALID
3813,2,49,87,26791,33391,1,FEASIBLE,WORSE
3814,2,49,88,26197,32797,1,FEASIBLE,WORSE
3815,2,49,89,26576,33176,1,FEASIBLE,WORSE
3816,2,49,90,26623,33223,1,FEASIBLE,WORSE
3817,2,49,91,27726,34526,0,CAPACITY_EXCEEDED,INVALID
3818,2,49,92,26743,33343,1,FEASIBLE,WORSE
3819,2,49,93,26327,32927,1,FEASIBLE,WORSE
3820,2,49,94,27704,34504,0,CAPACITY_EXCEEDED,INVALID
3821,2,49,95,26605,33205,1,FEASIBLE,WORSE
3822,2,49,96,26639,33239,1,FEASIBLE,WORSE
3823,2,49,97,27731,34531,0,CAPACITY_EXCEEDED,INVALID
3824,2,49,98,26427,33027,1,FEASIBLE,WORSE
3825,2,49,99,26133,32733,1,FEASIBLE,WORSE
3826,2,50,51,27815,34615,0,CAPACITY_EXCEEDED,INVALID
3827,2,50,52,26389,32989,1,FEASIBLE,WORSE
3828,2,50,53,26058,32658,1,FEASIBLE,WORSE
3829,2,50,54,26536,33136,1,FEASIBLE,WORSE
3830,2,50,55,27773,34573,0,CAPACITY_EXCEEDED,INVALID
3831,2,50,56,27790,34590,0,CAPACITY_EXCEEDED,INVALID
3832,2,50,57,26428,33028,1,FEASIBLE,WORSE
3833,2,50,58,26322,32922,1,FEASIBLE,WORSE
3834,2,50,59,27811,34611,0,CAPACITY_EXCEEDED,INVALID
3835,2,50,60,26166,32766,1,FEASIBLE,WORSE
3836,2,50,61,26403,33003,1,FEASIBLE,WORSE
3837,2,50,62,26668,33268,1,FEASIBLE,WORSE
3838,2,50,63,26565,33165,1,FEASIBLE,WORSE
3839,2,50,64,26190,32790,1,FEASIBLE,WORSE
3840,2,50,65,26723,33323,1,FEASIBLE,WORSE
3841,2,50,66,27798,34598,0,CAPACITY_EXCEEDED,INVALID
3842,2,50,67,26621,33221,1,FEASIBLE,WORSE
3843,2,50,68,27802,34602,0,CAPACITY_EXCEEDED,INVALID
3844,2,50,69,26580,33180,1,FEASIBLE,WORSE
3845,2,50,70,27848,34648,0,CAPACITY_EXCEEDED,INVALID
3846,2,50,71,26183,32783,1,FEASIBLE,WORSE
3847,2,50,72,26385,32985,1,FEASIBLE,WORSE
3848,2,50,73,26372,32972,1,FEASIBLE,WORSE
3849,2,50,74,26238,32838,1,FEASIBLE,WORSE
3850,2,50,75,26302,32902,1,FEASIBLE,WORSE
3851,2,50,76,26578,33178,1,FEASIBLE,WORSE
3852,2,50,77,26682,33282,1,FEASIBLE,WORSE
3853,2,50,78,26378,32978,1,FEASIBLE,WORSE
3854,2,50,79,27825,34625,0,CAPACITY_EXCEEDED,INVALID
3855,2,50,80,26266,32866,1,FEASIBLE,WORSE
3856,2,50,81,26814,33414,1,FEASIBLE,WORSE
3857,2,50,82,27711,34511,0,CAPACITY_EXCEEDED,INVALID
3858,2,50,83,26164,32764,1,FEASIBLE,WORSE
3859,2,50,84,27798,34598,0,CAPACITY_EXCEEDED,INVALID
3860,2,50,85,26698,33298,1,FEASIBLE,WORSE
3861,2,50,86,27635,34435,0,CAPACITY_EXCEEDED,INVALID
3862,2,50,87,26831,33431,1,FEASIBLE,WORSE
3863,2,50,88,26237,32837,1,FEASIBLE,WORSE
3864,2,50,89,26616,33216,1,FEASIBLE,WORSE
3865,2,50,90,26663,33263,1,FEASIBLE,WORSE
3866,2,50,91,27766,34566,0,CAPACITY_EXCEEDED,INVALID
3867,2,50,92,26783,33383,1,FEASIBLE,WORSE
3868,2,50,93,26367,32967,1,FEASIBLE,WORSE
3869,2,50,94,27744,34544,0,CAPACITY_EXCEEDED,INVALID
3870,2,50,95,26645,33245,1,FEASIBLE,WORSE
3871,2,50,96,26679,33279,1,FEASIBLE,WORSE
3872,2,50,97,27771,34571,0,CAPACITY_EXCEEDED,INVALID
3873,2,50,98,26467,33067,1,FEASIBLE,WORSE
3874,2,50,99,26173,32773,1,FEASIBLE,WORSE
3875,2,51,52,27805,34605,0,CAPACITY_EXCEEDED,INVALID
3876,2,51,53,27474,34274,0,CAPACITY_EXCEEDED,INVALID
3877,2,51,54,27952,34752,0,CAPACITY_EXCEEDED,INVALID
3878,2,51,55,29189,36189,0,CAPACITY_EXCEEDED,INVALID
3879,2,51,56,29206,36206,0,CAPACITY_EXCEEDED,INVALID
3880,2,51,57,27844,34644,0,CAPACITY_EXCEEDED,INVALID
3881,2,51,58,27738,34538,0,CAPACITY_EXCEEDED,INVALID
3882,2,51,59,29227,36227,0,CAPACITY_EXCEEDED,INVALID
3883,2,51,60,27582,34382,0,CAPACITY_EXCEEDED,INVALID
3884,2,51,61,27819,34619,0,CAPACITY_EXCEEDED,INVALID
3885,2,51,62,28084,34884,0,CAPACITY_EXCEEDED,INVALID
3886,2,51,63,27981,34781,0,CAPACITY_EXCEEDED,INVALID
3887,2,51,64,27606,34406,0,CAPACITY_EXCEEDED,INVALID
3888,2,51,65,28139,34939,0,CAPACITY_EXCEEDED,INVALID
3889,2,51,66,29214,36214,0,CAPACITY_EXCEEDED,INVALID
3890,2,51,67,28037,34837,0,CAPACITY_EXCEEDED,INVALID
3891,2,51,68,29218,36218,0,CAPACITY_EXCEEDED,INVALID
3892,2,51,69,27996,34796,0,CAPACITY_EXCEEDED,INVALID
3893,2,51,70,29264,36264,0,CAPACITY_EXCEEDED,INVALID
3894,2,51,71,27599,34399,0,CAPACITY_EXCEEDED,INVALID
3895,2,51,72,27801,34601,0,CAPACITY_EXCEEDED,INVALID
3896,2,51,73,27788,34588,0,CAPACITY_EXCEEDED,INVALID
3897,2,51,74,27654,34454,0,CAPACITY_EXCEEDED,INVALID
3898,2,51,75,27718,34518,0,CAPACITY_EXCEEDED,INVALID
3899,2,51,76,27994,34794,0,CAPACITY_EXCEEDED,INVALID
3900,2,51,77,28098,34898,0,CAPACITY_EXCEEDED,INVALID
3901,2,51,78,27794,34594,0,CAPACITY_EXCEEDED,INVALID
3902,2,51,79,29241,36241,0,CAPACITY_EXCEEDED,INVALID
3903,2,51,80,27682,34482,0,CAPACITY_EXCEEDED,INVALID
3904,2,51,81,28230,35030,0,CAPACITY_EXCEEDED,INVALID
3905,2,51,82,29127,36127,0,CAPACITY_EXCEEDED,INVALID
3906,2,51,83,27580,34380,0,CAPACITY_EXCEEDED,INVALID
3907,2,51,84,29214,36214,0,CAPACITY_EXCEEDED,INVALID
3908,2,51,85,28114,34914,0,CAPACITY_EXCEEDED,INVALID
3909,2,51,86,29051,36051,0,CAPACITY_EXCEEDED,INVALID
3910,2,51,87,28247,35047,0,CAPACITY_EXCEEDED,INVALID
3911,2,51,88,27653,34453,0,CAPACITY_EXCEEDED,INVALID
3912,2,51,89,28032,34832,0,CAPACITY_EXCEEDED,INVALID
3913,2,51,90,28079,34879,0,CAPACITY_EXCEEDED,INVALID
3914,2,51,91,29182,36182,0,CAPACITY_EXCEEDED,INVALID
3915,2,51,92,28199,34999,0,CAPACITY_EXCEEDED,INVALID
3916,2,51,93,27783,34583,0,CAPACITY_EXCEEDED,INVALID
3917,2,51,94,29160,36160,0,CAPACITY_EXCEEDED,INVALID
3918,2,51,95,28061,34861,0,CAPACITY_EXCEEDED,INVALID
3919,2,51,96,28095,34895,0,CAPACITY_EXCEEDED,INVALID
3920,2,51,97,29187,36187,0,CAPACITY_EXCEEDED,INVALID
3921,2,51,98,27883,34683,0,CAPACITY_EXCEEDED,INVALID
3922,2,51,99,27589,34389,0,CAPACITY_EXCEEDED,INVALID
3923,2,52,53,26048,32648,1,FEASIBLE,WORSE
3924,2,52,54,26526,33126,1,FEASIBLE,WORSE
3925,2,52,55,27763,34563,0,CAPACITY_EXCEEDED,INVALID
3926,2,52,56,27780,34580,0,CAPACITY_EXCEEDED,INVALID
3927,2,52,57,26418,33018,1,FEASIBLE,WORSE
3928,2,52,58,26312,32912,1,FEASIBLE,WORSE
3929,2,52,59,27801,34601,0,CAPACITY_EXCEEDED,INVALID
3930,2,52,60,26156,32756,1,FEASIBLE,WORSE
3931,2,52,61,26393,32993,1,FEASIBLE,WORSE
3932,2,52,62,26658,33258,1,FEASIBLE,WORSE
3933,2,52,63,26555,33155,1,FEASIBLE,WORSE
3934,2,52,64,26180,32780,1,FEASIBLE,WORSE
3935,2,52,65,26713,33313,1,FEASIBLE,WORSE
3936,2,52,66,27788,34588,0,CAPACITY_EXCEEDED,INVALID
3937,2,52,67,26611,33211,1,FEASIBLE,WORSE
3938,2,52,68,27792,34592,0,CAPACITY_EXCEEDED,INVALID
3939,2,52,69,26570,33170,1,FEASIBLE,WORSE
3940,2,52,70,27838,34638,0,CAPACITY_EXCEEDED,INVALID
3941,2,52,71,26173,32773,1,FEASIBLE,WORSE
3942,2,52,72,26375,32975,1,FEASIBLE,WORSE
3943,2,52,73,26362,32962,1,FEASIBLE,WORSE
3944,2,52,74,26228,32828,1,FEASIBLE,WORSE
3945,2,52,75,26292,32892,1,FEASIBLE,WORSE
3946,2,52,76,26568,33168,1,FEASIBLE,WORSE
3947,2,52,77,26672,33272,1,FEASIBLE,WORSE
3948,2,52,78,26368,32968,1,FEASIBLE,WORSE
3949,2,52,79,27815,34615,0,CAPACITY_EXCEEDED,INVALID
3950,2,52,80,26256,32856,1,FEASIBLE,WORSE
3951,2,52,81,26804,33404,1,FEASIBLE,WORSE
3952,2,52,82,27701,34501,0,CAPACITY_EXCEEDED,INVALID
3953,2,52,83,26154,32754,1,FEASIBLE,WORSE
3954,2,52,84,27788,34588,0,CAPACITY_EXCEEDED,INVALID
3955,2,52,85,26688,33288,1,FEASIBLE,WORSE
3956,2,52,86,27625,34425,0,CAPACITY_EXCEEDED,INVALID
3957,2,52,87,26821,33421,1,FEASIBLE,WORSE
3958,2,52,88,26227,32827,1,FEASIBLE,WORSE
3959,2,52,89,26606,33206,1,FEASIBLE,WORSE
3960,2,52,90,26653,33253,1,FEASIBLE,WORSE
3961,2,52,91,27756,34556,0,CAPACITY_EXCEEDED,INVALID
3962,2,52,92,26773,33373,1,FEASIBLE,WORSE
3963,2,52,93,26357,32957,1,FEASIBLE,WORSE
3964,2,52,94,27734,34534,0,CAPACITY_EXCEEDED,INVALID
3965,2,52,95,26635,33235,1,FEASIBLE,WORSE
3966,2,52,96,26669,33269,1,FEASIBLE,WORSE
3967,2,52,97,27761,34561,0,CAPACITY_EXCEEDED,INVALID
3968,2,52,98,26457,33057,1,FEASIBLE,WORSE
3969,2,52,99,26163,32763,1,FEASIBLE,WORSE
3970,2,53,54,26195,32795,1,FEASIBLE,WORSE
3971,2,53,55,27432,34232,0,CAPACITY_EXCEEDED,INVALID
3972,2,53,56,27449,34249,0,CAPACITY_EXCEEDED,INVALID
3973,2,53,57,26087,32687,1,FEASIBLE,WORSE
3974,2,53,58,25981,32581,1,FEASIBLE,WORSE
3975,2,53,59,27470,34270,0,CAPACITY_EXCEEDED,INVALID
3976,2,53,60,25825,32425,1,FEASIBLE,WORSE
3977,2,53,61,26062,32662,1,FEASIBLE,WORSE
3978,2,53,62,26327,32927,1,FEASIBLE,WORSE
3979,2,53,63,26224,32824,1,FEASIBLE,WORSE
3980,2,53,64,25849,32449,1,FEASIBLE,WORSE
3981,2,53,65,26382,32982,1,FEASIBLE,WORSE
3982,2,53,66,27457,34257,0,CAPACITY_EXCEEDED,INVALID
3983,2,53,67,26280,32880,1,FEASIBLE,WORSE
3984,2,53,68,27461,34261,0,CAPACITY_EXCEEDED,INVALID
3985,2,53,69,26239,32839,1,FEASIBLE,WORSE
3986,2,53,70,27507,34307,0,CAPACITY_EXCEEDED,INVALID
3987,2,53,71,25842,32442,1,FEASIBLE,WORSE
3988,2,53,72,26044,32644,1,FEASIBLE,WORSE
3989,2,53,73,26031,32631,1,FEASIBLE,WORSE
3990,2,53,74,25897,32497,1,FEASIBLE,WORSE
3991,2,53,75,25961,32561,1,FEASIBLE,WORSE
3992,2,53,76,26237,32837,1,FEASIBLE,WORSE
3993,2,53,77,26341,32941,1,FEASIBLE,WORSE
3994,2,53,78,26037,32637,1,FEASIBLE,WORSE
3995,2,53,79,27484,34284,0,CAPACITY_EXCEEDED,INVALID
3996,2,53,80,25925,32525,1,FEASIBLE,WORSE
3997,2,53,81,26473,33073,1,FEASIBLE,WORSE
3998,2,53,82,27370,34170,1,FEASIBLE,WORSE
3999,2,53,83,25823,32423,1,FEASIBLE,WORSE
4000,2,53,84,27457,34257,0,CAPACITY_EXCEEDED,INVALID
4001,2,53,85,26357,32957,1,FEASIBLE,WORSE
4002,2,53,86,27294,34094,1,FEASIBLE,WORSE
4003,2,53,87,26490,33090,1,FEASIBLE,WORSE
4004,2,53,88,25896,32496,1,FEASIBLE,WORSE
4005,2,53,89,26275,32875,1,FEASIBLE,WORSE
4006,2,53,90,26322,32922,1,FEASIBLE,WORSE
4007,2,53,91,27425,34225,0,CAPACITY_EXCEEDED,INVALID
4008,2,53,92,26442,33042,1,FEASIBLE,WORSE
4009,2,53,93,26026,32626,1,FEASIBLE,WORSE
4010,2,53,94,27403,34203,0,CAPACITY_EXCEEDED,INVALID
4011,2,53,95,26304,32904,1,FEASIBLE,WORSE
4012,2,53,96,26338,32938,1,FEASIBLE,WORSE
4013,2,53,97,27430,34230,0,CAPACITY_EXCEEDED,INVALID
4014,2,53,98,26126,32726,1,FEASIBLE,WORSE
4015,2,53,99,25832,32432,1,FEASIBLE,WORSE
4016,2,54,55,27910,34710,0,CAPACITY_EXCEEDED,INVALID
4017,2,54,56,27927,34727,0,CAPACITY_EXCEEDED,INVALID
4018,2,54,57,26565,33165,1,FEASIBLE,WORSE
4019,2,54,58,26459,33059,1,FEASIBLE,WORSE
4020,2,54,59,27948,34748,0,CAPACITY_EXCEEDED,INVALID
4021,2,54,60,26303,32903,1,FEASIBLE,WORSE
4022,2,54,61,26540,33140,1,FEASIBLE,WORSE
4023,2,54,62,26805,33405,1,FEASIBLE,WORSE
4024,2,54,63,26702,33302,1,FEASIBLE,WORSE
4025,2,54,64,26327,32927,1,FEASIBLE,WORSE
4026,2,54,65,26860,33460,1,FEASIBLE,WORSE
4027,2,54,66,27935,34735,0,CAPACITY_EXCEEDED,INVALID
4028,2,54,67,26758,33358,1,FEASIBLE,WORSE
4029,2,54,68,27939,34739,0,CAPACITY_EXCEEDED,INVALID
4030,2,54,69,26717,33317,1,FEASIBLE,WORSE
4031,2,54,70,27985,34785,0,CAPACITY_EXCEEDED,INVALID
4032,2,54,71,26320,32920,1,FEASIBLE,WORSE
4033,2,54,72,26522,33122,1,FEASIBLE,WORSE
4034,2,54,73,26509,33109,1,FEASIBLE,WORSE
4035,2,54,74,26375,32975,1,FEASIBLE,WORSE
4036,2,54,75,26439,33039,1,FEASIBLE,WORSE
4037,2,54,76,26715,33315,1,FEASIBLE,WORSE
4038,2,54,77,26819,33419,1,FEASIBLE,WORSE
4039,2,54,78,26515,33115,1,FEASIBLE,WORSE
4040,2,54,79,27962,34762,0,CAPACITY_EXCEEDED,INVALID
4041,2,54,80,26403,33003,1,FEASIBLE,WORSE
4042,2,54,81,26951,33551,1,FEASIBLE,WORSE
4043,2,54,82,27848,34648,0,CAPACITY_EXCEEDED,INVALID
4044,2,54,83,26301,32901,1,FEASIBLE,WORSE
4045,2,54,84,27935,34735,0,CAPACITY_EXCEEDED,INVALID
4046,2,54,85,26835,33435,1,FEASIBLE,WORSE
4047,2,54,86,27772,34572,0,CAPACITY_EXCEEDED,INVALID
4048,2,54,87,26968,33568,1,FEASIBLE,WORSE
4049,2,54,88,26374,32974,1,FEASIBLE,WORSE
4050,2,54,89,26753,33353,1,FEASIBLE,WORSE
4051,2,54,90,26800,33400,1,FEASIBLE,WORSE
4052,2,54,91,27903,34703,0,CAPACITY_EXCEEDED,INVALID
4053,2,54,92,26920,33520,1,FEASIBLE,WORSE
4054,2,54,93,26504,33104,1,FEASIBLE,WORSE
4055,2,54,94,27881,34681,0,CAPACITY_EXCEEDED,INVALID
4056,2,54,95,26782,33382,1,FEASIBLE,WORSE
4057,2,54,96,26816,33416,1,FEASIBLE,WORSE
4058,2,54,97,27908,34708,0,CAPACITY_EXCEEDED,INVALID
4059,2,54,98,26604,33204,1,FEASIBLE,WORSE
4060,2,54,99,26310,32910,1,FEASIBLE,WORSE
4061,2,55,56,29164,36164,0,CAPACITY_EXCEEDED,INVALID
4062,2,55,57,27802,34602,0,CAPACITY_EXCEEDED,INVALID
4063,2,55,58,27696,34496,0,CAPACITY_EXCEEDED,INVALID
4064,2,55,59,29185,36185,0,CAPACITY_EXCEEDED,INVALID
4065,2,55,60,27540,34340,0,CAPACITY_EXCEEDED,INVALID
4066,2,55,61,27777,34577,0,CAPACITY_EXCEEDED,INVALID
4067,2,55,62,28042,34842,0,CAPACITY_EXCEEDED,INVALID
4068,2,55,63,27939,34739,0,CAPACITY_EXCEEDED,INVALID
4069,2,55,64,27564,34364,0,CAPACITY_EXCEEDED,INVALID
4070,2,55,65,28097,34897,0,CAPACITY_EXCEEDED,INVALID
4071,2,55,66,29172,36172,0,CAPACITY_EXCEEDED,INVALID
4072,2,55,67,27995,34795,0,CAPACITY_EXCEEDED,INVALID
4073,2,55,68,29176,36176,0,CAPACITY_EXCEEDED,INVALID
4074,2,55,69,27954,34754,0,CAPACITY_EXCEEDED,INVALID
4075,2,55,70,29222,36222,0,CAPACITY_EXCEEDED,INVALID
4076,2,55,71,27557,34357,0,CAPACITY_EXCEEDED,INVALID
4077,2,55,72,27759,34559,0,CAPACITY_EXCEEDED,INVALID
4078,2,55,73,27746,34546,0,CAPACITY_EXCEEDED,INVALID
4079,2,55,74,27612,34412,0,CAPACITY_EXCEEDED,INVALID
4080,2,55,75,27676,34476,0,CAPACITY_EXCEEDED,INVALID
4081,2,55,76,27952,34752,0,CAPACITY_EXCEEDED,INVALID
4082,2,55,77,28056,34856,0,CAPACITY_EXCEEDED,INVALID
4083,2,55,78,27752,34552,0,CAPACITY_EXCEEDED,INVALID
4084,2,55,79,29199,36199,0,CAPACITY_EXCEEDED,INVALID
4085,2,55,80,27640,34440,0,CAPACITY_EXCEEDED,INVALID
4086,2,55,81,28188,34988,0,CAPACITY_EXCEEDED,INVALID
4087,2,55,82,29085,36085,0,CAPACITY_EXCEEDED,INVALID
4088,2,55,83,27538,34338,0,CAPACITY_EXCEEDED,INVALID
4089,2,55,84,29172,36172,0,CAPACITY_EXCEEDED,INVALID
4090,2,55,85,28072,34872,0,CAPACITY_EXCEEDED,INVALID
4091,2,55,86,29009,36009,0,CAPACITY_EXCEEDED,INVALID
4092,2,55,87,28205,35005,0,CAPACITY_EXCEEDED,INVALID
4093,2,55,88,27611,34411,0,CAPACITY_EXCEEDED,INVALID
4094,2,55,89,27990,34790,0,CAPACITY_EXCEEDED,INVALID
4095,2,55,90,28037,34837,0,CAPACITY_EXCEEDED,INVALID
4096,2,55,91,29140,36140,0,CAPACITY_EXCEEDED,INVALID
4097,2,55,92,28157,34957,0,CAPACITY_EXCEEDED,INVALID
4098,2,55,93,27741,34541,0,CAPACITY_EXCEEDED,INVALID
4099,2,55,94,29118,36118,0,CAPACITY_EXCEEDED,INVALID
4100,2,55,95,28019,34819,0,CAPACITY_EXCEEDED,INVALID
4101,2,55,96,28053,34853,0,CAPACITY_EXCEEDED,INVALID
4102,2,55,97,29145,36145,0,CAPACITY_EXCEEDED,INVALID
4103,2,55,98,27841,34641,0,CAPACITY_EXCEEDED,INVALID
4104,2,55,99,27547,34347,0,CAPACITY_EXCEEDED,INVALID
4105,2,56,57,27819,34619,0,CAPACITY_EXCEEDED,INVALID
4106,2,56,58,27713,34513,0,CAPACITY_EXCEEDED,INVALID
4107,2,56,59,29202,36202,0,CAPACITY_EXCEEDED,INVALID
4108,2,56,60,27557,34357,0,CAPACITY_EXCEEDED,INVALID
4109,2,56,61,27794,34594,0,CAPACITY_EXCEEDED,INVALID
4110,2,56,62,28059,34859,0,CAPACITY_EXCEEDED,INVALID
4111,2,56,63,27956,34756,0,CAPACITY_EXCEEDED,INVALID
4112,2,56,64,27581,34381,0,CAPACITY_EXCEEDED,INVALID
4113,2,56,65,28114,34914,0,CAPACITY_EXCEEDED,INVALID
4114,2,56,66,29189,36189,0,CAPACITY_EXCEEDED,INVALID
4115,2,56,67,28012,34812,0,CAPACITY_EXCEEDED,INVALID
4116,2,56,68,29193,36193,0,CAPACITY_EXCEEDED,INVALID
4117,2,56,69,27971,34771,0,CAPACITY_EXCEEDED,INVALID
4118,2,56,70,29239,36239,0,CAPACITY_EXCEEDED,INVALID
4119,2,56,71,27574,34374,0,CAPACITY_EXCEEDED,INVALID
4120,2,56,72,27776,34576,0,CAPACITY_EXCEEDED,INVALID
4121,2,56,73,27763,34563,0,CAPACITY_EXCEEDED,INVALID
4122,2,56,74,27629,34429,0,CAPACITY_EXCEEDED,INVALID
4123,2,56,75,27693,34493,0,CAPACITY_EXCEEDED,INVALID
4124,2,56,76,27969,34769,0,CAPACITY_EXCEEDED,INVALID
4125,2,56,77,28073,34873,0,CAPACITY_EXCEEDED,INVALID
4126,2,56,78,27769,34569,0,CAPACITY_EXCEEDED,INVALID
4127,2,56,79,29216,36216,0,CAPACITY_EXCEEDED,INVALID
4128,2,56,80,27657,34457,0,CAPACITY_EXCEEDED,INVALID
4129,2,56,81,28205,35005,0,CAPACITY_EXCEEDED,INVALID
4130,2,56,82,29102,36102,0,CAPACITY_EXCEEDED,INVALID
4131,2,56,83,27555,34355,0,CAPACITY_EXCEEDED,INVALID
4132,2,56,84,29189,36189,0,CAPACITY_EXCEEDED,INVALID
4133,2,56,85,28089,34889,0,CAPACITY_EXCEEDED,INVALID
4134,2,56,86,29026,36026,0,CAPACITY_EXCEEDED,INVALID
4135,2,56,87,28222,35022,0,CAPACITY_EXCEEDED,INVALID
4136,2,56,88,27628,34428,0,CAPACITY_EXCEEDED,INVALID
4137,2,56,89,28007,34807,0,CAPACITY_EXCEEDED,INVALID
4138,2,56,90,28054,34854,0,CAPACITY_EXCEEDED,INVALID
4139,2,56,91,29157,36157,0,CAPACITY_EXCEEDED,INVALID
4140,2,56,92,28174,34974,0,CAPACITY_EXCEEDED,INVALID
4141,2,56,93,27758,34558,0,CAPACITY_EXCEEDED,INVALID
4142,2,56,94,29135,36135,0,CAPACITY_EXCEEDED,INVALID
4143,2,56,95,28036,34836,0,CAPACITY_EXCEEDED,INVALID
4144,2,56,96,28070,34870,0,CAPACITY_EXCEEDED,INVALID
4145,2,56,97,29162,36162,0,CAPACITY_EXCEEDED,INVALID
4146,2,56,98,27858,34658,0,CAPACITY_EXCEEDED,INVALID
4147,2,56,99,27564,34364,0,CAPACITY_EXCEEDED,INVALID
4148,2,57,58,26351,32951,1,FEASIBLE,WORSE
4149,2,57,59,27840,34640,0,CAPACITY_EXCEEDED,INVALID
4150,2,57,60,26195,32795,1,FEASIBLE,WORSE
4151,2,57,61,26432,33032,1,FEASIBLE,WORSE
4152,2,57,62,26697,33297,1,FEASIBLE,WORSE
4153,2,57,63,26594,33194,1,FEASIBLE,WORSE
4154,2,57,64,26219,32819,1,FEASIBLE,WORSE
4155,2,57,65,26752,33352,1,FEASIBLE,WORSE
4156,2,57,66,27827,34627,0,CAPACITY_EXCEEDED,INVALID
4157,2,57,67,26650,33250,1,FEASIBLE,WORSE
4158,2,57,68,27831,34631,0,CAPACITY_EXCEEDED,INVALID
4159,2,57,69,26609,33209,1,FEASIBLE,WORSE
4160,2,57,70,27877,34677,0,CAPACITY_EXCEEDED,INVALID
4161,2,57,71,26212,32812,1,FEASIBLE,WORSE
4162,2,57,72,26414,33014,1,FEASIBLE,WORSE
4163,2,57,73,26401,33001,1,FEASIBLE,WORSE
4164,2,57,74,26267,32867,1,FEASIBLE,WORSE
4165,2,57,75,26331,32931,1,FEASIBLE,WORSE
4166,2,57,76,26607,33207,1,FEASIBLE,WORSE
4167,2,57,77,26711,33311,1,FEASIBLE,WORSE
4168,2,57,78,26407,33007,1,FEASIBLE,WORSE
4169,2,57,79,27854,34654,0,CAPACITY_EXCEEDED,INVALID
4170,2,57,80,26295,32895,1,FEASIBLE,WORSE
4171,2,57,81,26843,33443,1,FEASIBLE,WORSE
4172,2,57,82,27740,34540,0,CAPACITY_EXCEEDED,INVALID
4173,2,57,83,26193,32793,1,FEASIBLE,WORSE
4174,2,57,84,27827,34627,0,CAPACITY_EXCEEDED,INVALID
4175,2,57,85,26727,33327,1,FEASIBLE,WORSE
4176,2,57,86,27664,34464,0,CAPACITY_EXCEEDED,INVALID
4177,2,57,87,26860,33460,1,FEASIBLE,WORSE
4178,2,57,88,26266,32866,1,FEASIBLE,WORSE
4179,2,57,89,26645,33245,1,FEASIBLE,WORSE
4180,2,57,90,26692,33292,1,FEASIBLE,WORSE
4181,2,57,91,27795,34595,0,CAPACITY_EXCEEDED,INVALID
4182,2,57,92,26812,33412,1,FEASIBLE,WORSE
4183,2,57,93,26396,32996,1,FEASIBLE,WORSE
4184,2,57,94,27773,34573,0,CAPACITY_EXCEEDED,INVALID
4185,2,57,95,26674,33274,1,FEASIBLE,WORSE
4186,2,57,96,26708,33308,1,FEASIBLE,WORSE
4187,2,57,97,27800,34600,0,CAPACITY_EXCEEDED,INVALID
4188,2,57,98,26496,33096,1,FEASIBLE,WORSE
4189,2,57,99,26202,32802,1,FEASIBLE,WORSE
4190,2,58,59,27734,34534,0,CAPACITY_EXCEEDED,INVALID
4191,2,58,60,26089,32689,1,FEASIBLE,WORSE
4192,2,58,61,26326,32926,1,FEASIBLE,WORSE
4193,2,58,62,26591,33191,1,FEASIBLE,WORSE
4194,2,58,63,26488,33088,1,FEASIBLE,WORSE
4195,2,58,64,26113,32713,1,FEASIBLE,WORSE
4196,2,58,65,26646,33246,1,FEASIBLE,WORSE
4197,2,58,66,27721,34521,0,CAPACITY_EXCEEDED,INVALID
4198,2,58,67,26544,33144,1,FEASIBLE,WORSE
4199,2,58,68,27725,34525,0,CAPACITY_EXCEEDED,INVALID
4200,2,58,69,26503,33103,1,FEASIBLE,WORSE
4201,2,58,70,27771,34571,0,CAPACITY_EXCEEDED,INVALID
4202,2,58,71,26106,32706,1,FEASIBLE,WORSE
4203,2,58,72,26308,32908,1,FEASIBLE,WORSE
4204,2,58,73,26295,32895,1,FEASIBLE,WORSE
4205,2,58,74,26161,32761,1,FEASIBLE,WORSE
4206,2,58,75,26225,32825,1,FEASIBLE,WORSE
4207,2,58,76,26501,33101,1,FEASIBLE,WORSE
4208,2,58,77,26605,33205,1,FEASIBLE,WORSE
4209,2,58,78,26301,32901,1,FEASIBLE,WORSE
4210,2,58,79,27748,34548,0,CAPACITY_EXCEEDED,INVALID
4211,2,58,80,26189,32789,1,FEASIBLE,WORSE
4212,2,58,81,26737,33337,1,FEASIBLE,WORSE
4213,2,58,82,27634,34434,0,CAPACITY_EXCEEDED,INVALID
4214,2,58,83,26087,32687,1,FEASIBLE,WORSE
4215,2,58,84,27721,34521,0,CAPACITY_EXCEEDED,INVALID
4216,2,58,85,26621,33221,1,FEASIBLE,WORSE
4217,2,58,86,27558,34358,0,CAPACITY_EXCEEDED,INVALID
4218,2,58,87,26754,33354,1,FEASIBLE,WORSE
4219,2,58,88,26160,32760,1,FEASIBLE,WORSE
4220,2,58,89,26539,33139,1,FEASIBLE,WORSE
4221,2,58,90,26586,33186,1,FEASIBLE,WORSE
4222,2,58,91,27689,34489,0,CAPACITY_EXCEEDED,INVALID
4223,2,58,92,26706,33306,1,FEASIBLE,WORSE
4224,2,58,93,26290,32890,1,FEASIBLE,WORSE
4225,2,58,94,27667,34467,0,CAPACITY_EXCEEDED,INVALID
4226,2,58,95,26568,33168,1,FEASIBLE,WORSE
4227,2,58,96,26602,33202,1,FEASIBLE,WORSE
4228,2,58,97,27694,34494,0,CAPACITY_EXCEEDED,INVALID
4229,2,58,98,26390,32990,1,FEASIBLE,WORSE
4230,2,58,99,26096,32696,1,FEASIBLE,WORSE
4231,2,59,60,27578,34378,0,CAPACITY_EXCEEDED,INVALID
4232,2,59,61,27815,34615,0,CAPACITY_EXCEEDED,INVALID
4233,2,59,62,28080,34880,0,CAPACITY_EXCEEDED,INVALID
4234,2,59,63,27977,34777,0,CAPACITY_EXCEEDED,INVALID
4235,2,59,64,27602,34402,0,CAPACITY_EXCEEDED,INVALID
4236,2,59,65,28135,34935,0,CAPACITY_EXCEEDED,INVALID
4237,2,59,66,29210,36210,0,CAPACITY_EXCEEDED,INVALID
4238,2,59,67,28033,34833,0,CAPACITY_EXCEEDED,INVALID
4239,2,59,68,29214,36214,0,CAPACITY_EXCEEDED,INVALID
4240,2,59,69,27992,34792,0,CAPACITY_EXCEEDED,INVALID
4241,2,59,70,29260,36260,0,CAPACITY_EXCEEDED,INVALID
4242,2,59,71,27595,34395,0,CAPACITY_EXCEEDED,INVALID
4243,2,59,72,27797,34597,0,CAPACITY_EXCEEDED,INVALID
4244,2,59,73,27784,34584,0,CAPACITY_EXCEEDED,INVALID
4245,2,59,74,27650,34450,0,CAPACITY_EXCEEDED,INVALID
4246,2,59,75,27714,34514,0,CAPACITY_EXCEEDED,INVALID
4247,2,59,76,27990,34790,0,CAPACITY_EXCEEDED,INVALID
4248,2,59,77,28094,34894,0,CAPACITY_EXCEEDED,INVALID
4249,2,59,78,27790,34590,0,CAPACITY_EXCEEDED,INVALID
4250,2,59,79,29237,36237,0,CAPACITY_EXCEEDED,INVALID
4251,2,59,80,27678,34478,0,CAPACITY_EXCEEDED,INVALID
4252,2,59,81,28226,35026,0,CAPACITY_EXCEEDED,INVALID
4253,2,59,82,29123,36123,0,CAPACITY_EXCEEDED,INVALID
4254,2,59,83,27576,34376,0,CAPACITY_EXCEEDED,INVALID
4255,2,59,84,29210,36210,0,CAPACITY_EXCEEDED,INVALID
4256,2,59,85,28110,34910,0,CAPACITY_EXCEEDED,INVALID
4257,2,59,86,29047,36047,0,CAPACITY_EXCEEDED,INVALID
4258,2,59,87,28243,35043,0,CAPACITY_EXCEEDED,INVALID
4259,2,59,88,27649,34449,0,CAPACITY_EXCEEDED,INVALID
4260,2,59,89,28028,34828,0,CAPACITY_EXCEEDED,INVALID
4261,2,59,90,28075,34875,0,CAPACITY_EXCEEDED,INVALID
4262,2,59,91,29178,36178,0,CAPACITY_EXCEEDED,INVALID
4263,2,59,92,28195,34995,0,CAPACITY_EXCEEDED,INVALID
4264,2,59,93,27779,34579,0,CAPACITY_EXCEEDED,INVALID
4265,2,59,94,29156,36156,0,CAPACITY_EXCEEDED,INVALID
4266,2,59,95,28057,34857,0,CAPACITY_EXCEEDED,INVALID
4267,2,59,96,28091,34891,0,CAPACITY_EXCEEDED,INVALID
4268,2,59,97,29183,36183,0,CAPACITY_EXCEEDED,INVALID
4269,2,59,98,27879,34679,0,CAPACITY_EXCEEDED,INVALID
4270,2,59,99,27585,34385,0,CAPACITY_EXCEEDED,INVALID
4271,2,60,61,26170,32770,1,FEASIBLE,WORSE
4272,2,60,62,26435,33035,1,FEASIBLE,WORSE
4273,2,60,63,26332,32932,1,FEASIBLE,WORSE
4274,2,60,64,25957,32557,1,FEASIBLE,WORSE
4275,2,60,65,26490,33090,1,FEASIBLE,WORSE
4276,2,60,66,27565,34365,0,CAPACITY_EXCEEDED,INVALID
4277,2,60,67,26388,32988,1,FEASIBLE,WORSE
4278,2,60,68,27569,34369,0,CAPACITY_EXCEEDED,INVALID
4279,2,60,69,26347,32947,1,FEASIBLE,WORSE
4280,2,60,70,27615,34415,0,CAPACITY_EXCEEDED,INVALID
4281,2,60,71,25950,32550,1,FEASIBLE,WORSE
4282,2,60,72,26152,32752,1,FEASIBLE,WORSE
4283,2,60,73,26139,32739,1,FEASIBLE,WORSE
4284,2,60,74,26005,32605,1,FEASIBLE,WORSE
4285,2,60,75,26069,32669,1,FEASIBLE,WORSE
4286,2,60,76,26345,32945,1,FEASIBLE,WORSE
4287,2,60,77,26449,33049,1,FEASIBLE,WORSE
4288,2,60,78,26145,32745,1,FEASIBLE,WORSE
4289,2,60,79,27592,34392,0,CAPACITY_EXCEEDED,INVALID
4290,2,60,80,26033,32633,1,FEASIBLE,WORSE
4291,2,60,81,26581,33181,1,FEASIBLE,WORSE
4292,2,60,82,27478,34278,0,CAPACITY_EXCEEDED,INVALID
4293,2,60,83,25931,32531,1,FEASIBLE,WORSE
4294,2,60,84,27565,34365,0,CAPACITY_EXCEEDED,INVALID
4295,2,60,85,26465,33065,1,FEASIBLE,WORSE
4296,2,60,86,27402,34202,0,CAPACITY_EXCEEDED,INVALID
4297,2,60,87,26598,33198,1,FEASIBLE,WORSE
4298,2,60,88,26004,32604,1,FEASIBLE,WORSE
4299,2,60,89,26383,32983,1,FEASIBLE,WORSE
4300,2,60,90,26430,33030,1,FEASIBLE,WORSE
4301,2,60,91,27533,34333,0,CAPACITY_EXCEEDED,INVALID
4302,2,60,92,26550,33150,1,FEASIBLE,WORSE
4303,2,60,93,26134,32734,1,FEASIBLE,WORSE
4304,2,60,94,27511,34311,0,CAPACITY_EXCEEDED,INVALID
4305,2,60,95,26412,33012,1,FEASIBLE,WORSE
4306,2,60,96,26446,33046,1,FEASIBLE,WORSE
4307,2,60,97,27538,34338,0,CAPACITY_EXCEEDED,INVALID
4308,2,60,98,26234,32834,1,FEASIBLE,WORSE
4309,2,60,99,25940,32540,1,FEASIBLE,WORSE
4310,2,61,62,26672,33272,1,FEASIBLE,WORSE
4311,2,61,63,26569,33169,1,FEASIBLE,WORSE
4312,2,61,64,26194,32794,1,FEASIBLE,WORSE
4313,2,61,65,26727,33327,1,FEASIBLE,WORSE
4314,2,61,66,27802,34602,0,CAPACITY_EXCEEDED,INVALID
4315,2,61,67,26625,33225,1,FEASIBLE,WORSE
4316,2,61,68,27806,34606,0,CAPACITY_EXCEEDED,INVALID
4317,2,61,69,26584,33184,1,FEASIBLE,WORSE
4318,2,61,70,27852,34652,0,CAPACITY_EXCEEDED,INVALID
4319,2,61,71,26187,32787,1,FEASIBLE,WORSE
4320,2,61,72,26389,32989,1,FEASIBLE,WORSE
4321,2,61,73,26376,32976,1,FEASIBLE,WORSE
4322,2,61,74,26242,32842,1,FEASIBLE,WORSE
4323,2,61,75,26306,32906,1,FEASIBLE,WORSE
4324,2,61,76,26582,33182,1,FEASIBLE,WORSE
4325,2,61,77,26686,33286,1,FEASIBLE,WORSE
4326,2,61,78,26382,32982,1,FEASIBLE,WORSE
4327,2,61,79,27829,34629,0,CAPACITY_EXCEEDED,INVALID
4328,2,61,80,26270,32870,1,FEASIBLE,WORSE
4329,2,61,81,26818,33418,1,FEASIBLE,WORSE
4330,2,61,82,27715,34515,0,CAPACITY_EXCEEDED,INVALID
4331,2,61,83,26168,32768,1,FEASIBLE,WORSE
4332,2,61,84,27802,34602,0,CAPACITY_EXCEEDED,INVALID
4333,2,61,85,26702,33302,1,FEASIBLE,WORSE
4334,2,61,86,27639,34439,0,CAPACITY_EXCEEDED,INVALID
4335,2,61,87,26835,33435,1,FEASIBLE,WORSE
4336,2,61,88,26241,32841,1,FEASIBLE,WORSE
4337,2,61,89,26620,33220,1,FEASIBLE,WORSE
4338,2,61,90,26667,33267,1,FEASIBLE,WORSE
4339,2,61,91,27770,34570,0,CAPACITY_EXCEEDED,INVALID
4340,2,61,92,26787,33387,1,FEASIBLE,WORSE
4341,2,61,93,26371,32971,1,FEASIBLE,WORSE
4342,2,61,94,27748,34548,0,CAPACITY_EXCEEDED,INVALID
4343,2,61,95,26649,33249,1,FEASIBLE,WORSE
4344,2,61,96,26683,33283,1,FEASIBLE,WORSE
4345,2,61,97,27775,34575,0,CAPACITY_EXCEEDED,INVALID
4346,2,61,98,26471,33071,1,FEASIBLE,WORSE
4347,2,61,99,26177,32777,1,FEASIBLE,WORSE
4348,2,62,63,26834,33434,1,FEASIBLE,WORSE
4349,2,62,64,26459,33059,1,FEASIBLE,WORSE
4350,2,62,65,26992,33592,1,FEASIBLE,WORSE
4351,2,62,66,28067,34867,0,CAPACITY_EXCEEDED,INVALID
4352,2,62,67,26890,33490,1,FEASIBLE,WORSE
4353,2,62,68,28071,34871,0,CAPACITY_EXCEEDED,INVALID
4354,2,62,69,26849,33449,1,FEASIBLE,WORSE
4355,2,62,70,28117,34917,0,CAPACITY_EXCEEDED,INVALID
4356,2,62,71,26452,33052,1,FEASIBLE,WORSE
4357,2,62,72,26654,33254,1,FEASIBLE,WORSE
4358,2,62,73,26641,33241,1,FEASIBLE,WORSE
4359,2,62,74,26507,33107,1,FEASIBLE,WORSE
4360,2,62,75,26571,33171,1,FEASIBLE,WORSE
4361,2,62,76,26847,33447,1,FEASIBLE,WORSE
4362,2,62,77,26951,33551,1,FEASIBLE,WORSE
4363,2,62,78,26647,33247,1,FEASIBLE,WORSE
4364,2,62,79,28094,34894,0,CAPACITY_EXCEEDED,INVALID
4365,2,62,80,26535,33135,1,FEASIBLE,WORSE
4366,2,62,81,27083,33683,1,FEASIBLE,WORSE
4367,2,62,82,27980,34780,0,CAPACITY_EXCEEDED,INVALID
4368,2,62,83,26433,33033,1,FEASIBLE,WORSE
4369,2,62,84,28067,34867,0,CAPACITY_EXCEEDED,INVALID
4370,2,62,85,26967,33567,1,FEASIBLE,WORSE
4371,2,62,86,27904,34704,0,CAPACITY_EXCEEDED,INVALID
4372,2,62,87,27100,33700,1,FEASIBLE,WORSE
4373,2,62,88,26506,33106,1,FEASIBLE,WORSE
4374,2,62,89,26885,33485,1,FEASIBLE,WORSE
4375,2,62,90,26932,33532,1,FEASIBLE,WORSE
4376,2,62,91,28035,34835,0,CAPACITY_EXCEEDED,INVALID
4377,2,62,92,27052,33652,1,FEASIBLE,WORSE
4378,2,62,93,26636,33236,1,FEASIBLE,WORSE
4379,2,62,94,28013,34813,0,CAPACITY_EXCEEDED,INVALID
4380,2,62,95,26914,33514,1,FEASIBLE,WORSE
4381,2,62,96,26948,33548,1,FEASIBLE,WORSE
4382,2,62,97,28040,34840,0,CAPACITY_EXCEEDED,INVALID
4383,2,62,98,26736,33336,1,FEASIBLE,WORSE
4384,2,62,99,26442,33042,1,FEASIBLE,WORSE
4385,2,63,64,26356,32956,1,FEASIBLE,WORSE
4386,2,63,65,26889,33489,1,FEASIBLE,WORSE
4387,2,63,66,27964,34764,0,CAPACITY_EXCEEDED,INVALID
4388,2,63,67,26787,33387,1,FEASIBLE,WORSE
4389,2,63,68,27968,34768,0,CAPACITY_EXCEEDED,INVALID
4390,2,63,69,26746,33346,1,FEASIBLE,WORSE
4391,2,63,70,28014,34814,0,CAPACITY_EXCEEDED,INVALID
4392,2,63,71,26349,32949,1,FEASIBLE,WORSE
4393,2,63,72,26551,33151,1,FEASIBLE,WORSE
4394,2,63,73,26538,33138,1,FEASIBLE,WORSE
4395,2,63,74,26404,33004,1,FEASIBLE,WORSE
4396,2,63,75,26468,33068,1,FEASIBLE,WORSE
4397,2,63,76,26744,33344,1,FEASIBLE,WORSE
4398,2,63,77,26848,33448,1,FEASIBLE,WORSE
4399,2,63,78,26544,33144,1,FEASIBLE,WORSE
4400,2,63,79,27991,34791,0,CAPACITY_EXCEEDED,INVALID
4401,2,63,80,26432,33032,1,FEASIBLE,WORSE
4402,2,63,81,26980,33580,1,FEASIBLE,WORSE
4403,2,63,82,27877,34677,0,CAPACITY_EXCEEDED,INVALID
4404,2,63,83,26330,32930,1,FEASIBLE,WORSE
4405,2,63,84,27964,34764,0,CAPACITY_EXCEEDED,INVALID
4406,2,63,85,26864,33464,1,FEASIBLE,WORSE
4407,2,63,86,27801,34601,0,CAPACITY_EXCEEDED,INVALID
4408,2,63,87,26997,33597,1,FEASIBLE,WORSE
4409,2,63,88,26403,33003,1,FEASIBLE,WORSE
4410,2,63,89,26782,33382,1,FEASIBLE,WORSE
4411,2,63,90,26829,33429,1,FEASIBLE,WORSE
4412,2,63,91,27932,34732,0,CAPACITY_EXCEEDED,INVALID
4413,2,63,92,26949,33549,1,FEASIBLE,WORSE
4414,2,63,93,26533,33133,1,FEASIBLE,WORSE
4415,2,63,94,27910,34710,0,CAPACITY_EXCEEDED,INVALID
4416,2,63,95,26811,33411,1,FEASIBLE,WORSE
4417,2,63,96,26845,33445,1,FEASIBLE,WORSE
4418,2,63,97,27937,34737,0,CAPACITY_EXCEEDED,INVALID
4419,2,63,98,26633,33233,1,FEASIBLE,WORSE
4420,2,63,99,26339,32939,1,FEASIBLE,WORSE
4421,2,64,65,26514,33114,1,FEASIBLE,WORSE
4422,2,64,66,27589,34389,0,CAPACITY_EXCEEDED,INVALID
4423,2,64,67,26412,33012,1,FEASIBLE,WORSE
4424,2,64,68,27593,34393,0,CAPACITY_EXCEEDED,INVALID
4425,2,64,69,26371,32971,1,FEASIBLE,WORSE
4426,2,64,70,27639,34439,0,CAPACITY_EXCEEDED,INVALID
4427,2,64,71,25974,32574,1,FEASIBLE,WORSE
4428,2,64,72,26176,32776,1,FEASIBLE,WORSE
4429,2,64,73,26163,32763,1,FEASIBLE,WORSE
4430,2,64,74,26029,32629,1,FEASIBLE,WORSE
4431,2,64,75,26093,32693,1,FEASIBLE,WORSE
4432,2,64,76,26369,32969,1,FEASIBLE,WORSE
4433,2,64,77,26473,33073,1,FEASIBLE,WORSE
4434,2,64,78,26169,32769,1,FEASIBLE,WORSE
4435,2,64,79,27616,34416,0,CAPACITY_EXCEEDED,INVALID
4436,2,64,80,26057,32657,1,FEASIBLE,WORSE
4437,2,64,81,26605,33205,1,FEASIBLE,WORSE
4438,2,64,82,27502,34302,0,CAPACITY_EXCEEDED,INVALID
4439,2,64,83,25955,32555,1,FEASIBLE,WORSE
4440,2,64,84,27589,34389,0,CAPACITY_EXCEEDED,INVALID
4441,2,64,85,26489,33089,1,FEASIBLE,WORSE
4442,2,64,86,27426,34226,0,CAPACITY_EXCEEDED,INVALID
4443,2,64,87,26622,33222,1,FEASIBLE,WORSE
4444,2,64,88,26028,32628,1,FEASIBLE,WORSE
4445,2,64,89,26407,33007,1,FEASIBLE,WORSE
4446,2,64,90,26454,33054,1,FEASIBLE,WORSE
4447,2,64,91,27557,34357,0,CAPACITY_EXCEEDED,INVALID
4448,2,64,92,26574,33174,1,FEASIBLE,WORSE
4449,2,64,93,26158,32758,1,FEASIBLE,WORSE
4450,2,64,94,27535,34335,0,CAPACITY_EXCEEDED,INVALID
4451,2,64,95,26436,33036,1,FEASIBLE,WORSE
4452,2,64,96,26470,33070,1,FEASIBLE,WORSE
4453,2,64,97,27562,34362,0,CAPACITY_EXCEEDED,INVALID
4454,2,64,98,26258,32858,1,FEASIBLE,WORSE
4455,2,64,99,25964,32564,1,FEASIBLE,WORSE
4456,2,65,66,28122,34922,0,CAPACITY_EXCEEDED,INVALID
4457,2,65,67,26945,33545,1,FEASIBLE,WORSE
4458,2,65,68,28126,34926,0,CAPACITY_EXCEEDED,INVALID
4459,2,65,69,26904,33504,1,FEASIBLE,WORSE
4460,2,65,70,28172,34972,0,CAPACITY_EXCEEDED,INVALID
4461,2,65,71,26507,33107,1,FEASIBLE,WORSE
4462,2,65,72,26709,33309,1,FEASIBLE,WORSE
4463,2,65,73,26696,33296,1,FEASIBLE,WORSE
4464,2,65,74,26562,33162,1,FEASIBLE,WORSE
4465,2,65,75,26626,33226,1,FEASIBLE,WORSE
4466,2,65,76,26902,33502,1,FEASIBLE,WORSE
4467,2,65,77,27006,33606,1,FEASIBLE,WORSE
4468,2,65,78,26702,33302,1,FEASIBLE,WORSE
4469,2,65,79,28149,34949,0,CAPACITY_EXCEEDED,INVALID
4470,2,65,80,26590,33190,1,FEASIBLE,WORSE
4471,2,65,81,27138,33738,1,FEASIBLE,WORSE
4472,2,65,82,28035,34835,0,CAPACITY_EXCEEDED,INVALID
4473,2,65,83,26488,33088,1,FEASIBLE,WORSE
4474,2,65,84,28122,34922,0,CAPACITY_EXCEEDED,INVALID
4475,2,65,85,27022,33622,1,FEASIBLE,WORSE
4476,2,65,86,27959,34759,0,CAPACITY_EXCEEDED,INVALID
4477,2,65,87,27155,33755,1,FEASIBLE,WORSE
4478,2,65,88,26561,33161,1,FEASIBLE,WORSE
4479,2,65,89,26940,33540,1,FEASIBLE,WORSE
4480,2,65,90,26987,33587,1,FEASIBLE,WORSE
4481,2,65,91,28090,34890,0,CAPACITY_EXCEEDED,INVALID
4482,2,65,92,27107,33707,1,FEASIBLE,WORSE
4483,2,65,93,26691,33291,1,FEASIBLE,WORSE
4484,2,65,94,28068,34868,0,CAPACITY_EXCEEDED,INVALID
4485,2,65,95,26969,33569,1,FEASIBLE,WORSE
4486,2,65,96,27003,33603,1,FEASIBLE,WORSE
4487,2,65,97,28095,34895,0,CAPACITY_EXCEEDED,INVALID
4488,2,65,98,26791,33391,1,FEASIBLE,WORSE
4489,2,65,99,26497,33097,1,FEASIBLE,WORSE
4490,2,66,67,28020,34820,0,CAPACITY_EXCEEDED,INVALID
4491,2,66,68,29201,36201,0,CAPACITY_EXCEEDED,INVALID
4492,2,66,69,27979,34779,0,CAPACITY_EXCEEDED,INVALID
4493,2,66,70,29247,36247,0,CAPACITY_EXCEEDED,INVALID
4494,2,66,71,27582,34382,0,CAPACITY_EXCEEDED,INVALID
4495,2,66,72,27784,34584,0,CAPACITY_EXCEEDED,INVALID
4496,2,66,73,27771,34571,0,CAPACITY_EXCEEDED,INVALID
4497,2,66,74,27637,34437,0,CAPACITY_EXCEEDED,INVALID
4498,2,66,75,27701,34501,0,CAPACITY_EXCEEDED,INVALID
4499,2,66,76,27977,34777,0,CAPACITY_EXCEEDED,INVALID
4500,2,66,77,28081,34881,0,CAPACITY_EXCEEDED,INVALID
4501,2,66,78,27777,34577,0,CAPACITY_EXCEEDED,INVALID
4502,2,66,79,29224,36224,0,CAPACITY_EXCEEDED,INVALID
4503,2,66,80,27665,34465,0,CAPACITY_EXCEEDED,INVALID
4504,2,66,81,28213,35013,0,CAPACITY_EXCEEDED,INVALID
4505,2,66,82,29110,36110,0,CAPACITY_EXCEEDED,INVALID
4506,2,66,83,27563,34363,0,CAPACITY_EXCEEDED,INVALID
4507,2,66,84,29197,36197,0,CAPACITY_EXCEEDED,INVALID
4508,2,66,85,28097,34897,0,CAPACITY_EXCEEDED,INVALID
4509,2,66,86,29034,36034,0,CAPACITY_EXCEEDED,INVALID
4510,2,66,87,28230,35030,0,CAPACITY_EXCEEDED,INVALID
4511,2,66,88,27636,34436,0,CAPACITY_EXCEEDED,INVALID
4512,2,66,89,28015,34815,0,CAPACITY_EXCEEDED,INVALID
4513,2,66,90,28062,34862,0,CAPACITY_EXCEEDED,INVALID
4514,2,66,91,29165,36165,0,CAPACITY_EXCEEDED,INVALID
4515,2,66,92,28182,34982,0,CAPACITY_EXCEEDED,INVALID
4516,2,66,93,27766,34566,0,CAPACITY_EXCEEDED,INVALID
4517,2,66,94,29143,36143,0,CAPACITY_EXCEEDED,INVALID
4518,2,66,95,28044,34844,0,CAPACITY_EXCEEDED,INVALID
4519,2,66,96,28078,34878,0,CAPACITY_EXCEEDED,INVALID
4520,2,66,97,29170,36170,0,CAPACITY_EXCEEDED,INVALID
4521,2,66,98,27866,34666,0,CAPACITY_EXCEEDED,INVALID
4522,2,66,99,27572,34372,0,CAPACITY_EXCEEDED,INVALID
4523,2,67,68,28024,34824,0,CAPACITY_EXCEEDED,INVALID
4524,2,67,69,26802,33402,1,FEASIBLE,WORSE
4525,2,67,70,28070,34870,0,CAPACITY_EXCEEDED,INVALID
4526,2,67,71,26405,33005,1,FEASIBLE,WORSE
4527,2,67,72,26607,33207,1,FEASIBLE,WORSE
4528,2,67,73,26594,33194,1,FEASIBLE,WORSE
4529,2,67,74,26460,33060,1,FEASIBLE,WORSE
4530,2,67,75,26524,33124,1,FEASIBLE,WORSE
4531,2,67,76,26800,33400,1,FEASIBLE,WORSE
4532,2,67,77,26904,33504,1,FEASIBLE,WORSE
4533,2,67,78,26600,33200,1,FEASIBLE,WORSE
4534,2,67,79,28047,34847,0,CAPACITY_EXCEEDED,INVALID
4535,2,67,80,26488,33088,1,FEASIBLE,WORSE
4536,2,67,81,27036,33636,1,FEASIBLE,WORSE
4537,2,67,82,27933,34733,0,CAPACITY_EXCEEDED,INVALID
4538,2,67,83,26386,32986,1,FEASIBLE,WORSE
4539,2,67,84,28020,34820,0,CAPACITY_EXCEEDED,INVALID
4540,2,67,85,26920,33520,1,FEASIBLE,WORSE
4541,2,67,86,27857,34657,0,CAPACITY_EXCEEDED,INVALID
4542,2,67,87,27053,33653,1,FEASIBLE,WORSE
4543,2,67,88,26459,33059,1,FEASIBLE,WORSE
4544,2,67,89,26838,33438,1,FEASIBLE,WORSE
4545,2,67,90,26885,33485,1,FEASIBLE,WORSE
4546,2,67,91,27988,34788,0,CAPACITY_EXCEEDED,INVALID
4547,2,67,92,27005,33605,1,FEASIBLE,WORSE
4548,2,67,93,26589,33189,1,FEASIBLE,WORSE
4549,2,67,94,27966,34766,0,CAPACITY_EXCEEDED,INVALID
4550,2,67,95,26867,33467,1,FEASIBLE,WORSE
4551,2,67,96,26901,33501,1,FEASIBLE,WORSE
4552,2,67,97,27993,34793,0,CAPACITY_EXCEEDED,INVALID
4553,2,67,98,26689,33289,1,FEASIBLE,WORSE
4554,2,67,99,26395,32995,1,FEASIBLE,WORSE
4555,2,68,69,27983,34783,0,CAPACITY_EXCEEDED,INVALID
4556,2,68,70,29251,36251,0,CAPACITY_EXCEEDED,INVALID
4557,2,68,71,27586,34386,0,CAPACITY_EXCEEDED,INVALID
4558,2,68,72,27788,34588,0,CAPACITY_EXCEEDED,INVALID
4559,2,68,73,27775,34575,0,CAPACITY_EXCEEDED,INVALID
4560,2,68,74,27641,34441,0,CAPACITY_EXCEEDED,INVALID
4561,2,68,75,27705,34505,0,CAPACITY_EXCEEDED,INVALID
4562,2,68,76,27981,34781,0,CAPACITY_EXCEEDED,INVALID
4563,2,68,77,28085,34885,0,CAPACITY_EXCEEDED,INVALID
4564,2,68,78,27781,34581,0,CAPACITY_EXCEEDED,INVALID
4565,2,68,79,29228,36228,0,CAPACITY_EXCEEDED,INVALID
4566,2,68,80,27669,34469,0,CAPACITY_EXCEEDED,INVALID
4567,2,68,81,28217,35017,0,CAPACITY_EXCEEDED,INVALID
4568,2,68,82,29114,36114,0,CAPACITY_EXCEEDED,INVALID
4569,2,68,83,27567,34367,0,CAPACITY_EXCEEDED,INVALID
4570,2,68,84,29201,36201,0,CAPACITY_EXCEEDED,INVALID
4571,2,68,85,28101,34901,0,CAPACITY_EXCEEDED,INVALID
4572,2,68,86,29038,36038,0,CAPACITY_EXCEEDED,INVALID
4573,2,68,87,28234,35034,0,CAPACITY_EXCEEDED,INVALID
4574,2,68,88,27640,34440,0,CAPACITY_EXCEEDED,INVALID
4575,2,68,89,28019,34819,0,CAPACITY_EXCEEDED,INVALID
4576,2,68,90,28066,34866,0,CAPACITY_EXCEEDED,INVALID
4577,2,68,91,29169,36169,0,CAPACITY_EXCEEDED,INVALID
4578,2,68,92,28186,34986,0,CAPACITY_EXCEEDED,INVALID
4579,2,68,93,27770,34570,0,CAPACITY_EXCEEDED,INVALID
4580,2,68,94,29147,36147,0,CAPACITY_EXCEEDED,INVALID
4581,2,68,95,28048,34848,0,CAPACITY_EXCEEDED,INVALID
4582,2,68,96,28082,34882,0,CAPACITY_EXCEEDED,INVALID
4583,2,68,97,29174,36174,0,CAPACITY_EXCEEDED,INVALID
4584,2,68,98,27870,34670,0,CAPACITY_EXCEEDED,INVALID
4585,2,68,99,27576,34376,0,CAPACITY_EXCEEDED,INVALID
4586,2,69,70,28029,34829,0,CAPACITY_EXCEEDED,INVALID
4587,2,69,71,26364,32964,1,FEASIBLE,WORSE
4588,2,69,72,26566,33166,1,FEASIBLE,WORSE
4589,2,69,73,26553,33153,1,FEASIBLE,WORSE
4590,2,69,74,26419,33019,1,FEASIBLE,WORSE
4591,2,69,75,26483,33083,1,FEASIBLE,WORSE
4592,2,69,76,26759,33359,1,FEASIBLE,WORSE
4593,2,69,77,26863,33463,1,FEASIBLE,WORSE
4594,2,69,78,26559,33159,1,FEASIBLE,WORSE
4595,2,69,79,28006,34806,0,CAPACITY_EXCEEDED,INVALID
4596,2,69,80,26447,33047,1,FEASIBLE,WORSE
4597,2,69,81,26995,33595,1,FEASIBLE,WORSE
4598,2,69,82,27892,34692,0,CAPACITY_EXCEEDED,INVALID
4599,2,69,83,26345,32945,1,FEASIBLE,WORSE
4600,2,69,84,27979,34779,0,CAPACITY_EXCEEDED,INVALID
4601,2,69,85,26879,33479,1,FEASIBLE,WORSE
4602,2,69,86,27816,34616,0,CAPACITY_EXCEEDED,INVALID
4603,2,69,87,27012,33612,1,FEASIBLE,WORSE
4604,2,69,88,26418,33018,1,FEASIBLE,WORSE
4605,2,69,89,26797,33397,1,FEASIBLE,WORSE
4606,2,69,90,26844,33444,1,FEASIBLE,WORSE
4607,2,69,91,27947,34747,0,CAPACITY_EXCEEDED,INVALID
4608,2,69,92,26964,33564,1,FEASIBLE,WORSE
4609,2,69,93,26548,33148,1,FEASIBLE,WORSE
4610,2,69,94,27925,34725,0,CAPACITY_EXCEEDED,INVALID
4611,2,69,95,26826,33426,1,FEASIBLE,WORSE
4612,2,69,96,26860,33460,1,FEASIBLE,WORSE
4613,2,69,97,27952,34752,0,CAPACITY_EXCEEDED,INVALID
4614,2,69,98,26648,33248,1,FEASIBLE,WORSE
4615,2,69,99,26354,32954,1,FEASIBLE,WORSE
4616,2,70,71,27632,34432,0,CAPACITY_EXCEEDED,INVALID
4617,2,70,72,27834,34634,0,CAPACITY_EXCEEDED,INVALID
4618,2,70,73,27821,34621,0,CAPACITY_EXCEEDED,INVALID
4619,2,70,74,27687,34487,0,CAPACITY_EXCEEDED,INVALID
4620,2,70,75,27751,34551,0,CAPACITY_EXCEEDED,INVALID
4621,2,70,76,28027,34827,0,CAPACITY_EXCEEDED,INVALID
4622,2,70,77,28131,34931,0,CAPACITY_EXCEEDED,INVALID
4623,2,70,78,27827,34627,0,CAPACITY_EXCEEDED,INVALID
4624,2,70,79,29274,36274,0,CAPACITY_EXCEEDED,INVALID
4625,2,70,80,27715,34515,0,CAPACITY_EXCEEDED,INVALID
4626,2,70,81,28263,35063,0,CAPACITY_EXCEEDED,INVALID
4627,2,70,82,29160,36160,0,CAPACITY_EXCEEDED,INVALID
4628,2,70,83,27613,34413,0,CAPACITY_EXCEEDED,INVALID
4629,2,70,84,29247,36247,0,CAPACITY_EXCEEDED,INVALID
4630,2,70,85,28147,34947,0,CAPACITY_EXCEEDED,INVALID
4631,2,70,86,29084,36084,0,CAPACITY_EXCEEDED,INVALID
4632,2,70,87,28280,35080,0,CAPACITY_EXCEEDED,INVALID
4633,2,70,88,27686,34486,0,CAPACITY_EXCEEDED,INVALID
4634,2,70,89,28065,34865,0,CAPACITY_EXCEEDED,INVALID
4635,2,70,90,28112,34912,0,CAPACITY_EXCEEDED,INVALID
4636,2,70,91,29215,36215,0,CAPACITY_EXCEEDED,INVALID
4637,2,70,92,28232,35032,0,CAPACITY_EXCEEDED,INVALID
4638,2,70,93,27816,34616,0,CAPACITY_EXCEEDED,INVALID
4639,2,70,94,29193,36193,0,CAPACITY_EXCEEDED,INVALID
4640,2,70,95,28094,34894,0,CAPACITY_EXCEEDED,INVALID
4641,2,70,96,28128,34928,0,CAPACITY_EXCEEDED,INVALID
4642,2,70,97,29220,36220,0,CAPACITY_EXCEEDED,INVALID
4643,2,70,98,27916,34716,0,CAPACITY_EXCEEDED,INVALID
4644,2,70,99,27622,34422,0,CAPACITY_EXCEEDED,INVALID
4645,2,71,72,26169,32769,1,FEASIBLE,WORSE
4646,2,71,73,26156,32756,1,FEASIBLE,WORSE
4647,2,71,74,26022,32622,1,FEASIBLE,WORSE
4648,2,71,75,26086,32686,1,FEASIBLE,WORSE
4649,2,71,76,26362,32962,1,FEASIBLE,WORSE
4650,2,71,77,26466,33066,1,FEASIBLE,WORSE
4651,2,71,78,26162,32762,1,FEASIBLE,WORSE
4652,2,71,79,27609,34409,0,CAPACITY_EXCEEDED,INVALID
4653,2,71,80,26050,32650,1,FEASIBLE,WORSE
4654,2,71,81,26598,33198,1,FEASIBLE,WORSE
4655,2,71,82,27495,34295,0,CAPACITY_EXCEEDED,INVALID
4656,2,71,83,25948,32548,1,FEASIBLE,WORSE
4657,2,71,84,27582,34382,0,CAPACITY_EXCEEDED,INVALID
4658,2,71,85,26482,33082,1,FEASIBLE,WORSE
4659,2,71,86,27419,34219,0,CAPACITY_EXCEEDED,INVALID
4660,2,71,87,26615,33215,1,FEASIBLE,WORSE
4661,2,71,88,26021,32621,1,FEASIBLE,WORSE
4662,2,71,89,26400,33000,1,FEASIBLE,WORSE
4663,2,71,90,26447,33047,1,FEASIBLE,WORSE
4664,2,71,91,27550,34350,0,CAPACITY_EXCEEDED,INVALID
4665,2,71,92,26567,33167,1,FEASIBLE,WORSE
4666,2,71,93,26151,32751,1,FEASIBLE,WORSE
4667,2,71,94,27528,34328,0,CAPACITY_EXCEEDED,INVALID
4668,2,71,95,26429,33029,1,FEASIBLE,WORSE
4669,2,71,96,26463,33063,1,FEASIBLE,WORSE
4670,2,71,97,27555,34355,0,CAPACITY_EXCEEDED,INVALID
4671,2,71,98,26251,32851,1,FEASIBLE,WORSE
4672,2,71,99,25957,32557,1,FEASIBLE,WORSE
4673,2,72,73,26358,32958,1,FEASIBLE,WORSE
4674,2,72,74,26224,32824,1,FEASIBLE,WORSE
4675,2,72,75,26288,32888,1,FEASIBLE,WORSE
4676,2,72,76,26564,33164,1,FEASIBLE,WORSE
4677,2,72,77,26668,33268,1,FEASIBLE,WORSE
4678,2,72,78,26364,32964,1,FEASIBLE,WORSE
4679,2,72,79,27811,34611,0,CAPACITY_EXCEEDED,INVALID
4680,2,72,80,26252,32852,1,FEASIBLE,WORSE
4681,2,72,81,26800,33400,1,FEASIBLE,WORSE
4682,2,72,82,27697,34497,0,CAPACITY_EXCEEDED,INVALID
4683,2,72,83,26150,32750,1,FEASIBLE,WORSE
4684,2,72,84,27784,34584,0,CAPACITY_EXCEEDED,INVALID
4685,2,72,85,26684,33284,1,FEASIBLE,WORSE
4686,2,72,86,27621,34421,0,CAPACITY_EXCEEDED,INVALID
4687,2,72,87,26817,33417,1,FEASIBLE,WORSE
4688,2,72,88,26223,32823,1,FEASIBLE,WORSE
4689,2,72,89,26602,33202,1,FEASIBLE,WORSE
4690,2,72,90,26649,33249,1,FEASIBLE,WORSE
4691,2,72,91,27752,34552,0,CAPACITY_EXCEEDED,INVALID
4692,2,72,92,26769,33369,1,FEASIBLE,WORSE
4693,2,72,93,26353,32953,1,FEASIBLE,WORSE
4694,2,72,94,27730,34530,0,CAPACITY_EXCEEDED,INVALID
4695,2,72,95,26631,33231,1,FEASIBLE,WORSE
4696,2,72,96,26665,33265,1,FEASIBLE,WORSE
4697,2,72,97,27757,34557,0,CAPACITY_EXCEEDED,INVALID
4698,2,72,98,26453,33053,1,FEASIBLE,WORSE
4699,2,72,99,26159,32759,1,FEASIBLE,WORSE
4700,2,73,74,26211,32811,1,FEASIBLE,WORSE
4701,2,73,75,26275,32875,1,FEASIBLE,WORSE
4702,2,73,76,26551,33151,1,FEASIBLE,WORSE
4703,2,73,77,26655,33255,1,FEASIBLE,WORSE
4704,2,73,78,26351,32951,1,FEASIBLE,WORSE
4705,2,73,79,27798,34598,0,CAPACITY_EXCEEDED,INVALID
4706,2,73,80,26239,32839,1,FEASIBLE,WORSE
4707,2,73,81,26787,33387,1,FEASIBLE,WORSE
4708,2,73,82,27684,34484,0,CAPACITY_EXCEEDED,INVALID
4709,2,73,83,26137,32737,1,FEASIBLE,WORSE
4710,2,73,84,27771,34571,0,CAPACITY_EXCEEDED,INVALID
4711,2,73,85,26671,33271,1,FEASIBLE,WORSE
4712,2,73,86,27608,34408,0,CAPACITY_EXCEEDED,INVALID
4713,2,73,87,26804,33404,1,FEASIBLE,WORSE
4714,2,73,88,26210,32810,1,FEASIBLE,WORSE
4715,2,73,89,26589,33189,1,FEASIBLE,WORSE
4716,2,73,90,26636,33236,1,FEASIBLE,WORSE
4717,2,73,91,27739,34539,0,CAPACITY_EXCEEDED,INVALID
4718,2,73,92,26756,33356,1,FEASIBLE,WORSE
4719,2,73,93,26340,32940,1,FEASIBLE,WORSE
4720,2,73,94,27717,34517,0,CAPACITY_EXCEEDED,INVALID
4721,2,73,95,26618,33218,1,FEASIBLE,WORSE
4722,2,73,96,26652,33252,1,FEASIBLE,WORSE
4723,2,73,97,27744,34544,0,CAPACITY_EXCEEDED,INVALID
4724,2,73,98,26440,33040,1,FEASIBLE,WORSE
4725,2,73,99,26146,32746,1,FEASIBLE,WORSE
4726,2,74,75,26141,32741,1,FEASIBLE,WORSE
4727,2,74,76,26417,33017,1,FEASIBLE,WORSE
4728,2,74,77,26521,33121,1,FEASIBLE,WORSE
4729,2,74,78,26217,32817,1,FEASIBLE,WORSE
4730,2,74,79,27664,34464,0,CAPACITY_EXCEEDED,INVALID
4731,2,74,80,26105,32705,1,FEASIBLE,WORSE
4732,2,74,81,26653,33253,1,FEASIBLE,WORSE
4733,2,74,82,27550,34350,0,CAPACITY_EXCEEDED,INVALID
4734,2,74,83,26003,32603,1,FEASIBLE,WORSE
4735,2,74,84,27637,34437,0,CAPACITY_EXCEEDED,INVALID
4736,2,74,85,26537,33137,1,FEASIBLE,WORSE
4737,2,74,86,27474,34274,0,CAPACITY_EXCEEDED,INVALID
4738,2,74,87,26670,33270,1,FEASIBLE,WORSE
4739,2,74,88,26076,32676,1,FEASIBLE,WORSE
4740,2,74,89,26455,33055,1,FEASIBLE,WORSE
4741,2,74,90,26502,33102,1,FEASIBLE,WORSE
4742,2,74,91,27605,34405,0,CAPACITY_EXCEEDED,INVALID
4743,2,74,92,26622,33222,1,FEASIBLE,WORSE
4744,2,74,93,26206,32806,1,FEASIBLE,WORSE
4745,2,74,94,27583,34383,0,CAPACITY_EXCEEDED,INVALID
4746,2,74,95,26484,33084,1,FEASIBLE,WORSE
4747,2,74,96,26518,33118,1,FEASIBLE,WORSE
4748,2,74,97,27610,34410,0,CAPACITY_EXCEEDED,INVALID
4749,2,74,98,26306,32906,1,FEASIBLE,WORSE
4750,2,74,99,26012,32612,1,FEASIBLE,WORSE
4751,2,75,76,26481,33081,1,FEASIBLE,WORSE
4752,2,75,77,26585,33185,1,FEASIBLE,WORSE
4753,2,75,78,26281,32881,1,FEASIBLE,WORSE
4754,2,75,79,27728,34528,0,CAPACITY_EXCEEDED,INVALID
4755,2,75,80,26169,32769,1,FEASIBLE,WORSE
4756,2,75,81,26717,33317,1,FEASIBLE,WORSE
4757,2,75,82,27614,34414,0,CAPACITY_EXCEEDED,INVALID
4758,2,75,83,26067,32667,1,FEASIBLE,WORSE
4759,2,75,84,27701,34501,0,CAPACITY_EXCEEDED,INVALID
4760,2,75,85,26601,33201,1,FEASIBLE,WORSE
4761,2,75,86,27538,34338,0,CAPACITY_EXCEEDED,INVALID
4762,2,75,87,26734,33334,1,FEASIBLE,WORSE
4763,2,75,88,26140,32740,1,FEASIBLE,WORSE
4764,2,75,89,26519,33119,1,FEASIBLE,WORSE
4765,2,75,90,26566,33166,1,FEASIBLE,WORSE
4766,2,75,91,27669,34469,0,CAPACITY_EXCEEDED,INVALID
4767,2,75,92,26686,33286,1,FEASIBLE,WORSE
4768,2,75,93,26270,32870,1,FEASIBLE,WORSE
4769,2,75,94,27647,34447,0,CAPACITY_EXCEEDED,INVALID
4770,2,75,95,26548,33148,1,FEASIBLE,WORSE
4771,2,75,96,26582,33182,1,FEASIBLE,WORSE
4772,2,75,97,27674,34474,0,CAPACITY_EXCEEDED,INVALID
4773,2,75,98,26370,32970,1,FEASIBLE,WORSE
4774,2,75,99,26076,32676,1,FEASIBLE,WORSE
4775,2,76,77,26861,33461,1,FEASIBLE,WORSE
4776,2,76,78,26557,33157,1,FEASIBLE,WORSE
4777,2,76,79,28004,34804,0,CAPACITY_EXCEEDED,INVALID
4778,2,76,80,26445,33045,1,FEASIBLE,WORSE
4779,2,76,81,26993,33593,1,FEASIBLE,WORSE
4780,2,76,82,27890,34690,0,CAPACITY_EXCEEDED,INVALID
4781,2,76,83,26343,32943,1,FEASIBLE,WORSE
4782,2,76,84,27977,34777,0,CAPACITY_EXCEEDED,INVALID
4783,2,76,85,26877,33477,1,FEASIBLE,WORSE
4784,2,76,86,27814,34614,0,CAPACITY_EXCEEDED,INVALID
4785,2,76,87,27010,33610,1,FEASIBLE,WORSE
4786,2,76,88,26416,33016,1,FEASIBLE,WORSE
4787,2,76,89,26795,33395,1,FEASIBLE,WORSE
4788,2,76,90,26842,33442,1,FEASIBLE,WORSE
4789,2,76,91,27945,34745,0,CAPACITY_EXCEEDED,INVALID
4790,2,76,92,26962,33562,1,FEASIBLE,WORSE
4791,2,76,93,26546,33146,1,FEASIBLE,WORSE
4792,2,76,94,27923,34723,0,CAPACITY_EXCEEDED,INVALID
4793,2,76,95,26824,33424,1,FEASIBLE,WORSE
4794,2,76,96,26858,33458,1,FEASIBLE,WORSE
4795,2,76,97,27950,34750,0,CAPACITY_EXCEEDED,INVALID
4796,2,76,98,26646,33246,1,FEASIBLE,WORSE
4797,2,76,99,26352,32952,1,FEASIBLE,WORSE
4798,2,77,78,26661,33261,1,FEASIBLE,WORSE
4799,2,77,79,28108,34908,0,CAPACITY_EXCEEDED,INVALID
4800,2,77,80,26549,33149,1,FEASIBLE,WORSE
4801,2,77,81,27097,33697,1,FEASIBLE,WORSE
4802,2,77,82,27994,34794,0,CAPACITY_EXCEEDED,INVALID
4803,2,77,83,26447,33047,1,FEASIBLE,WORSE
4804,2,77,84,28081,34881,0,CAPACITY_EXCEEDED,INVALID
4805,2,77,85,26981,33581,1,FEASIBLE,WORSE
4806,2,77,86,27918,34718,0,CAPACITY_EXCEEDED,INVALID
4807,2,77,87,27114,33714,1,FEASIBLE,WORSE
4808,2,77,88,26520,33120,1,FEASIBLE,WORSE
4809,2,77,89,26899,33499,1,FEASIBLE,WORSE
4810,2,77,90,26946,33546,1,FEASIBLE,WORSE
4811,2,77,91,28049,34849,0,CAPACITY_EXCEEDED,INVALID
4812,2,77,92,27066,33666,1,FEASIBLE,WORSE
4813,2,77,93,26650,33250,1,FEASIBLE,WORSE
4814,2,77,94,28027,34827,0,CAPACITY_EXCEEDED,INVALID
4815,2,77,95,26928,33528,1,FEASIBLE,WORSE
4816,2,77,96,26962,33562,1,FEASIBLE,WORSE
4817,2,77,97,28054,34854,0,CAPACITY_EXCEEDED,INVALID
4818,2,77,98,26750,33350,1,FEASIBLE,WORSE
4819,2,77,99,26456,33056,1,FEASIBLE,WORSE
4820,2,78,79,27804,34604,0,CAPACITY_EXCEEDED,INVALID
4821,2,78,80,26245,32845,1,FEASIBLE,WORSE
4822,2,78,81,26793,33393,1,FEASIBLE,WORSE
4823,2,78,82,27690,34490,0,CAPACITY_EXCEEDED,INVALID
4824,2,78,83,26143,32743,1,FEASIBLE,WORSE
4825,2,78,84,27777,34577,0,CAPACITY_EXCEEDED,INVALID
4826,2,78,85,26677,33277,1,FEASIBLE,WORSE
4827,2,78,86,27614,34414,0,CAPACITY_EXCEEDED,INVALID
4828,2,78,87,26810,33410,1,FEASIBLE,WORSE
4829,2,78,88,26216,32816,1,FEASIBLE,WORSE
4830,2,78,89,26595,33195,1,FEASIBLE,WORSE
4831,2,78,90,26642,33242,1,FEASIBLE,WORSE
4832,2,78,91,27745,34545,0,CAPACITY_EXCEEDED,INVALID
4833,2,78,92,26762,33362,1,FEASIBLE,WORSE
4834,2,78,93,26346,32946,1,FEASIBLE,WORSE
4835,2,78,94,27723,34523,0,CAPACITY_EXCEEDED,INVALID
4836,2,78,95,26624,33224,1,FEASIBLE,WORSE
4837,2,78,96,26658,33258,1,FEASIBLE,WORSE
4838,2,78,97,27750,34550,0,CAPACITY_EXCEEDED,INVALID
4839,2,78,98,26446,33046,1,FEASIBLE,WORSE
4840,2,78,99,26152,32752,1,FEASIBLE,WORSE
4841,2,79,80,27692,34492,0,CAPACITY_EXCEEDED,INVALID
4842,2,79,81,28240,35040,0,CAPACITY_EXCEEDED,INVALID
4843,2,79,82,29137,36137,0,CAPACITY_EXCEEDED,INVALID
4844,2,79,83,27590,34390,0,CAPACITY_EXCEEDED,INVALID
4845,2,79,84,29224,36224,0,CAPACITY_EXCEEDED,INVALID
4846,2,79,85,28124,34924,0,CAPACITY_EXCEEDED,INVALID
4847,2,79,86,29061,36061,0,CAPACITY_EXCEEDED,INVALID
4848,2,79,87,28257,35057,0,CAPACITY_EXCEEDED,INVALID
4849,2,79,88,27663,34463,0,CAPACITY_EXCEEDED,INVALID
4850,2,79,89,28042,34842,0,CAPACITY_EXCEEDED,INVALID
4851,2,79,90,28089,34889,0,CAPACITY_EXCEEDED,INVALID
4852,2,79,91,29192,36192,0,CAPACITY_EXCEEDED,INVALID
4853,2,79,92,28209,35009,0,CAPACITY_EXCEEDED,INVALID
4854,2,79,93,27793,34593,0,CAPACITY_EXCEEDED,INVALID
4855,2,79,94,29170,36170,0,CAPACITY_EXCEEDED,INVALID
4856,2,79,95,28071,34871,0,CAPACITY_EXCEEDED,INVALID
4857,2,79,96,28105,34905,0,CAPACITY_EXCEEDED,INVALID
4858,2,79,97,29197,36197,0,CAPACITY_EXCEEDED,INVALID
4859,2,79,98,27893,34693,0,CAPACITY_EXCEEDED,INVALID
4860,2,79,99,27599,34399,0,CAPACITY_EXCEEDED,INVALID
4861,2,80,81,26681,33281,1,FEASIBLE,WORSE
4862,2,80,82,27578,34378,0,CAPACITY_EXCEEDED,INVALID
4863,2,80,83,26031,32631,1,FEASIBLE,WORSE
4864,2,80,84,27665,34465,0,CAPACITY_EXCEEDED,INVALID
4865,2,80,85,26565,33165,1,FEASIBLE,WORSE
4866,2,80,86,27502,34302,0,CAPACITY_EXCEEDED,INVALID
4867,2,80,87,26698,33298,1,FEASIBLE,WORSE
4868,2,80,88,26104,32704,1,FEASIBLE,WORSE
4869,2,80,89,26483,33083,1,FEASIBLE,WORSE
4870,2,80,90,26530,33130,1,FEASIBLE,WORSE
4871,2,80,91,27633,34433,0,CAPACITY_EXCEEDED,INVALID
4872,2,80,92,26650,33250,1,FEASIBLE,WORSE
4873,2,80,93,26234,32834,1,FEASIBLE,WORSE
4874,2,80,94,27611,34411,0,CAPACITY_EXCEEDED,INVALID
4875,2,80,95,26512,33112,1,FEASIBLE,WORSE
4876,2,80,96,26546,33146,1,FEASIBLE,WORSE
4877,2,80,97,27638,34438,0,CAPACITY_EXCEEDED,INVALID
4878,2,80,98,26334,32934,1,FEASIBLE,WORSE
4879,2,80,99,26040,32640,1,FEASIBLE,WORSE
4880,2,81,82,28126,34926,0,CAPACITY_EXCEEDED,INVALID
4881,2,81,83,26579,33179,1,FEASIBLE,WORSE
4882,2,81,84,28213,35013,0,CAPACITY_EXCEEDED,INVALID
4883,2,81,85,27113,33713,1,FEASIBLE,WORSE
4884,2,81,86,28050,34850,0,CAPACITY_EXCEEDED,INVALID
4885,2,81,87,27246,33846,1,FEASIBLE,WORSE
4886,2,81,88,26652,33252,1,FEASIBLE,WORSE
4887,2,81,89,27031,33631,1,FEASIBLE,WORSE
4888,2,81,90,27078,33678,1,FEASIBLE,WORSE
4889,2,81,91,28181,34981,0,CAPACITY_EXCEEDED,INVALID
4890,2,81,92,27198,33798,1,FEASIBLE,WORSE
4891,2,81,93,26782,33382,1,FEASIBLE,WORSE
4892,2,81,94,28159,34959,0,CAPACITY_EXCEEDED,INVALID
4893,2,81,95,27060,33660,1,FEASIBLE,WORSE
4894,2,81,96,27094,33694,1,FEASIBLE,WORSE
4895,2,81,97,28186,34986,0,CAPACITY_EXCEEDED,INVALID
4896,2,81,98,26882,33482,1,FEASIBLE,WORSE
4897,2,81,99,26588,33188,1,FEASIBLE,WORSE
4898,2,82,83,27476,34276,0,CAPACITY_EXCEEDED,INVALID
4899,2,82,84,29110,36110,0,CAPACITY_EXCEEDED,INVALID
4900,2,82,85,28010,34810,0,CAPACITY_EXCEEDED,INVALID
4901,2,82,86,28947,35947,0,CAPACITY_EXCEEDED,INVALID
4902,2,82,87,28143,34943,0,CAPACITY_EXCEEDED,INVALID
4903,2,82,88,27549,34349,0,CAPACITY_EXCEEDED,INVALID
4904,2,82,89,27928,34728,0,CAPACITY_EXCEEDED,INVALID
4905,2,82,90,27975,34775,0,CAPACITY_EXCEEDED,INVALID
4906,2,82,91,29078,36078,0,CAPACITY_EXCEEDED,INVALID
4907,2,82,92,28095,34895,0,CAPACITY_EXCEEDED,INVALID
4908,2,82,93,27679,34479,0,CAPACITY_EXCEEDED,INVALID
4909,2,82,94,29056,36056,0,CAPACITY_EXCEEDED,INVALID
4910,2,82,95,27957,34757,0,CAPACITY_EXCEEDED,INVALID
4911,2,82,96,27991,34791,0,CAPACITY_EXCEEDED,INVALID
4912,2,82,97,29083,36083,0,CAPACITY_EXCEEDED,INVALID
4913,2,82,98,27779,34579,0,CAPACITY_EXCEEDED,INVALID
4914,2,82,99,27485,34285,0,CAPACITY_EXCEEDED,INVALID
4915,2,83,84,27563,34363,0,CAPACITY_EXCEEDED,INVALID
4916,2,83,85,26463,33063,1,FEASIBLE,WORSE
4917,2,83,86,27400,34200,0,CAPACITY_EXCEEDED,INVALID
4918,2,83,87,26596,33196,1,FEASIBLE,WORSE
4919,2,83,88,26002,32602,1,FEASIBLE,WORSE
4920,2,83,89,26381,32981,1,FEASIBLE,WORSE
4921,2,83,90,26428,33028,1,FEASIBLE,WORSE
4922,2,83,91,27531,34331,0,CAPACITY_EXCEEDED,INVALID
4923,2,83,92,26548,33148,1,FEASIBLE,WORSE
4924,2,83,93,26132,32732,1,FEASIBLE,WORSE
4925,2,83,94,27509,34309,0,CAPACITY_EXCEEDED,INVALID
4926,2,83,95,26410,33010,1,FEASIBLE,WORSE
4927,2,83,96,26444,33044,1,FEASIBLE,WORSE
4928,2,83,97,27536,34336,0,CAPACITY_EXCEEDED,INVALID
4929,2,83,98,26232,32832,1,FEASIBLE,WORSE
4930,2,83,99,25938,32538,1,FEASIBLE,WORSE
4931,2,84,85,28097,34897,0,CAPACITY_EXCEEDED,INVALID
4932,2,84,86,29034,36034,0,CAPACITY_EXCEEDED,INVALID
4933,2,84,87,28230,35030,0,CAPACITY_EXCEEDED,INVALID
4934,2,84,88,27636,34436,0,CAPACITY_EXCEEDED,INVALID
4935,2,84,89,28015,34815,0,CAPACITY_EXCEEDED,INVALID
4936,2,84,90,28062,34862,0,CAPACITY_EXCEEDED,INVALID
4937,2,84,91,29165,36165,0,CAPACITY_EXCEEDED,INVALID
4938,2,84,92,28182,34982,0,CAPACITY_EXCEEDED,INVALID
4939,2,84,93,27766,34566,0,CAPACITY_EXCEEDED,INVALID
4940,2,84,94,29143,36143,0,CAPACITY_EXCEEDED,INVALID
4941,2,84,95,28044,34844,0,CAPACITY_EXCEEDED,INVALID
4942,2,84,96,28078,34878,0,CAPACITY_EXCEEDED,INVALID
4943,2,84,97,29170,36170,0,CAPACITY_EXCEEDED,INVALID
4944,2,84,98,27866,34666,0,CAPACITY_EXCEEDED,INVALID
4945,2,84,99,27572,34372,0,CAPACITY_EXCEEDED,INVALID
4946,2,85,86,27934,34734,0,CAPACITY_EXCEEDED,INVALID
4947,2,85,87,27130,33730,1,FEASIBLE,WORSE
4948,2,85,88,26536,33136,1,FEASIBLE,WORSE
4949,2,85,89,26915,33515,1,FEASIBLE,WORSE
4950,2,85,90,26962,33562,1,FEASIBLE,WORSE
4951,2,85,91,28065,34865,0,CAPACITY_EXCEEDED,INVALID
4952,2,85,92,27082,33682,1,FEASIBLE,WORSE
4953,2,85,93,26666,33266,1,FEASIBLE,WORSE
4954,2,85,94,28043,34843,0,CAPACITY_EXCEEDED,INVALID
4955,2,85,95,26944,33544,1,FEASIBLE,WORSE
4956,2,85,96,26978,33578,1,FEASIBLE,WORSE
4957,2,85,97,28070,34870,0,CAPACITY_EXCEEDED,INVALID
4958,2,85,98,26766,33366,1,FEASIBLE,WORSE
4959,2,85,99,26472,33072,1,FEASIBLE,WORSE
4960,2,86,87,28067,34867,0,CAPACITY_EXCEEDED,INVALID
4961,2,86,88,27473,34273,0,CAPACITY_EXCEEDED,INVALID
4962,2,86,89,27852,34652,0,CAPACITY_EXCEEDED,INVALID
4963,2,86,90,27899,34699,0,CAPACITY_EXCEEDED,INVALID
4964,2,86,91,29002,36002,0,CAPACITY_EXCEEDED,INVALID
4965,2,86,92,28019,34819,0,CAPACITY_EXCEEDED,INVALID
4966,2,86,93,27603,34403,0,CAPACITY_EXCEEDED,INVALID
4967,2,86,94,28980,35980,0,CAPACITY_EXCEEDED,INVALID
4968,2,86,95,27881,34681,0,CAPACITY_EXCEEDED,INVALID
4969,2,86,96,27915,34715,0,CAPACITY_EXCEEDED,INVALID
4970,2,86,97,29007,36007,0,CAPACITY_EXCEEDED,INVALID
4971,2,86,98,27703,34503,0,CAPACITY_EXCEEDED,INVALID
4972,2,86,99,27409,34209,0,CAPACITY_EXCEEDED,INVALID
4973,2,87,88,26669,33269,1,FEASIBLE,WORSE
4974,2,87,89,27048,33648,1,FEASIBLE,WORSE
4975,2,87,90,27095,33695,1,FEASIBLE,WORSE
4976,2,87,91,28198,34998,0,CAPACITY_EXCEEDED,INVALID
4977,2,87,92,27215,33815,1,FEASIBLE,WORSE
4978,2,87,93,26799,33399,1,FEASIBLE,WORSE
4979,2,87,94,28176,34976,0,CAPACITY_EXCEEDED,INVALID
4980,2,87,95,27077,33677,1,FEASIBLE,WORSE
4981,2,87,96,27111,33711,1,FEASIBLE,WORSE
4982,2,87,97,28203,35003,0,CAPACITY_EXCEEDED,INVALID
4983,2,87,98,26899,33499,1,FEASIBLE,WORSE
4984,2,87,99,26605,33205,1,FEASIBLE,WORSE
4985,2,88,89,26454,33054,1,FEASIBLE,WORSE
4986,2,88,90,26501,33101,1,FEASIBLE,WORSE
4987,2,88,91,27604,34404,0,CAPACITY_EXCEEDED,INVALID
4988,2,88,92,26621,33221,1,FEASIBLE,WORSE
4989,2,88,93,26205,32805,1,FEASIBLE,WORSE
4990,2,88,94,27582,34382,0,CAPACITY_EXCEEDED,INVALID
4991,2,88,95,26483,33083,1,FEASIBLE,WORSE
4992,2,88,96,26517,33117,1,FEASIBLE,WORSE
4993,2,88,97,27609,34409,0,CAPACITY_EXCEEDED,INVALID
4994,2,88,98,26305,32905,1,FEASIBLE,WORSE
4995,2,88,99,26011,32611,1,FEASIBLE,WORSE
4996,2,89,90,26880,33480,1,FEASIBLE,WORSE
4997,2,89,91,27983,34783,0,CAPACITY_EXCEEDED,INVALID
4998,2,89,92,27000,33600,1,FEASIBLE,WORSE
4999,2,89,93,26584,33184,1,FEASIBLE,WORSE
5000,2,89,94,27961,34761,0,CAPACITY_EXCEEDED,INVALID
5001,2,89,95,26862,33462,1,FEASIBLE,WORSE
5002,2,89,96,26896,33496,1,FEASIBLE,WORSE
5003,2,89,97,27988,34788,0,CAPACITY_EXCEEDED,INVALID
5004,2,89,98,26684,33284,1,FEASIBLE,WORSE
5005,2,89,99,26390,32990,1,FEASIBLE,WORSE
5006,2,90,91,28030,34830,0,CAPACITY_EXCEEDED,INVALID
5007,2,90,92,27047,33647,1,FEASIBLE,WORSE
5008,2,90,93,26631,33231,1,FEASIBLE,WORSE
5009,2,90,94,28008,34808,0,CAPACITY_EXCEEDED,INVALID
5010,2,90,95,26909,33509,1,FEASIBLE,WORSE
5011,2,90,96,26943,33543,1,FEASIBLE,WORSE
5012,2,90,97,28035,34835,0,CAPACITY_EXCEEDED,INVALID
5013,2,90,98,26731,33331,1,FEASIBLE,WORSE
5014,2,90,99,26437,33037,1,FEASIBLE,WORSE
5015,2,91,92,28150,34950,0,CAPACITY_EXCEEDED,INVALID
5016,2,91,93,27734,34534,0,CAPACITY_EXCEEDED,INVALID
5017,2,91,94,29111,36111,0,CAPACITY_EXCEEDED,INVALID
5018,2,91,95,28012,34812,0,CAPACITY_EXCEEDED,INVALID
5019,2,91,96,28046,34846,0,CAPACITY_EXCEEDED,INVALID
5020,2,91,97,29138,36138,0,CAPACITY_EXCEEDED,INVALID
5021,2,91,98,27834,34634,0,CAPACITY_EXCEEDED,INVALID
5022,2,91,99,27540,34340,0,CAPACITY_EXCEEDED,INVALID
5023,2,92,93,26751,33351,1,FEASIBLE,WORSE
5024,2,92,94,28128,34928,0,CAPACITY_EXCEEDED,INVALID
5025,2,92,95,27029,33629,1,FEASIBLE,WORSE
5026,2,92,96,27063,33663,1,FEASIBLE,WORSE
5027,2,92,97,28155,34955,0,CAPACITY_EXCEEDED,INVALID
5028,2,92,98,26851,33451,1,FEASIBLE,WORSE
5029,2,92,99,26557,33157,1,FEASIBLE,WORSE
5030,2,93,94,27712,34512,0,CAPACITY_EXCEEDED,INVALID
5031,2,93,95,26613,33213,1,FEASIBLE,WORSE
5032,2,93,96,26647,33247,1,FEASIBLE,WORSE
5033,2,93,97,27739,34539,0,CAPACITY_EXCEEDED,INVALID
5034,2,93,98,26435,33035,1,FEASIBLE,WORSE
5035,2,93,99,26141,32741,1,FEASIBLE,WORSE
5036,2,94,95,27990,34790,0,CAPACITY_EXCEEDED,INVALID
5037,2,94,96,28024,34824,0,CAPACITY_EXCEEDED,INVALID
5038,2,94,97,29116,36116,0,CAPACITY_EXCEEDED,INVALID
5039,2,94,98,27812,34612,0,CAPACITY_EXCEEDED,INVALID
5040,2,94,99,27518,34318,0,CAPACITY_EXCEEDED,INVALID
5041,2,95,96,26925,33525,1,FEASIBLE,WORSE
5042,2,95,97,28017,34817,0,CAPACITY_EXCEEDED,INVALID
5043,2,95,98,26713,33313,1,FEASIBLE,WORSE
5044,2,95,99,26419,33019,1,FEASIBLE,WORSE
5045,2,96,97,28051,34851,0,CAPACITY_EXCEEDED,INVALID
5046,2,96,98,26747,33347,1,FEASIBLE,WORSE
5047,2,96,99,26453,33053,1,FEASIBLE,WORSE
5048,2,97,98,27839,34639,0,CAPACITY_EXCEEDED,INVALID
5049,2,97,99,27545,34345,0,CAPACITY_EXCEEDED,INVALID
5050,2,98,99,26241,32841,1,FEASIBLE,WORSE
