neighbor_index,distance,flip_i,flip_j,weight,profit,feasible,reason,comparison
1,1,0,,28333,30164,0,CAPACITY_EXCEEDED,INVALID
2,1,1,,28324,30221,0,CAPACITY_EXCEEDED,INVALID
3,1,2,,27433,29328,0,CAPACITY_EXCEEDED,INVALID
4,1,3,,27291,29176,1,FEASIBLE,WORSE
5,1,4,,28212,30053,0,CAPACITY_EXCEEDED,INVALID
6,1,5,,26640,28474,1,FEASIBLE,WORSE
7,1,6,,28046,29876,0,CAPACITY_EXCEEDED,INVALID
8,1,7,,27067,28946,1,FEASIBLE,WORSE
9,1,8,,27982,29811,0,CAPACITY_EXCEEDED,INVALID
10,1,9,,27983,29859,0,CAPACITY_EXCEEDED,INVALID
11,1,10,,26794,28656,1,FEASIBLE,WORSE
12,1,11,,27535,29391,0,CAPACITY_EXCEEDED,INVALID
13,1,12,,27807,29668,0,CAPACITY_EXCEEDED,INVALID
14,1,13,,26982,28869,1,FEASIBLE,WORSE
15,1,14,,28100,30002,0,CAPACITY_EXCEEDED,INVALID
16,1,15,,28371,30204,0,CAPACITY_EXCEEDED,INVALID
17,1,16,,26426,28253,1,FEASIBLE,WORSE
18,1,17,,27921,29776,0,CAPACITY_EXCEEDED,INVALID
19,1,18,,27821,29653,0,CAPACITY_EXCEEDED,INVALID
20,1,19,,27645,29539,0,CAPACITY_EXCEEDED,INVALID
21,1,20,,27340,29217,1,FEASIBLE,WORSE
22,1,21,,27348,29205,1,FEASIBLE,WORSE
23,1,22,,27841,29688,0,CAPACITY_EXCEEDED,INVALID
24,1,23,,27057,29015,1,FEASIBLE,WORSE
25,1,24,,27757,29588,0,CAPACITY_EXCEEDED,INVALID
26,1,25,,26484,28419,1,FEASIBLE,WORSE
27,1,26,,26850,28722,1,FEASIBLE,WORSE
28,1,27,,26815,28692,1,FEASIBLE,WORSE
29,1,28,,27139,28983,1,FEASIBLE,WORSE
30,1,29,,27352,29207,1,FEASIBLE,WORSE
31,1,30,,27050,28902,1,FEASIBLE,WORSE
32,1,31,,27239,29123,1,FEASIBLE,WORSE
33,1,32,,26865,28795,1,FEASIBLE,WORSE
34,1,33,,28375,30245,0,CAPACITY_EXCEEDED,INVALID
35,1,34,,26701,28594,1,FEASIBLE,WORSE
36,1,35,,27558,29446,0,CAPACITY_EXCEEDED,INVALID
37,1,36,,28270,30115,0,CAPACITY_EXCEEDED,INVALID
38,1,37,,26579,28514,1,FEASIBLE,WORSE
39,1,38,,26641,28491,1,FEASIBLE,WORSE
40,1,39,,28283,30133,0,CAPACITY_EXCEEDED,INVALID
41,1,40,,26613,28521,1,FEASIBLE,WORSE
42,1,41,,26586,28533,1,FEASIBLE,WORSE
43,1,42,,27022,28944,1,FEASIBLE,WORSE
44,1,43,,28357,30210,0,CAPACITY_EXCEEDED,INVALID
45,1,44,,26414,28247,1,FEASIBLE,WORSE
46,1,45,,27538,29415,0,CAPACITY_EXCEEDED,INVALID
47,1,46,,26621,28525,1,FEASIBLE,WORSE
48,1,47,,26660,28601,1,FEASIBLE,WORSE
49,1,48,,27838,29666,0,CAPACITY_EXCEEDED,INVALID
50,1,49,,26845,28758,1,FEASIBLE,WORSE
51,1,50,,27867,29720,0,CAPACITY_EXCEEDED,INVALID
52,1,51,,28301,30137,0,CAPACITY_EXCEEDED,INVALID
53,1,52,,27877,29708,0,CAPACITY_EXCEEDED,INVALID
54,1,53,,28208,30065,0,CAPACITY_EXCEEDED,INVALID
55,1,54,,27730,29574,0,CAPACITY_EXCEEDED,INVALID
56,1,55,,26493,28391,1,FEASIBLE,WORSE
57,1,56,,26476,28399,1,FEASIBLE,WORSE
58,1,57,,26914,28742,1,FEASIBLE,WORSE
59,1,58,,26808,28646,1,FEASIBLE,WORSE
60,1,59,,26455,28281,1,FEASIBLE,WORSE
61,1,60,,28100,29971,0,CAPACITY_EXCEEDED,INVALID
62,1,61,,26889,28825,1,FEASIBLE,WORSE
63,1,62,,27598,29473,0,CAPACITY_EXCEEDED,INVALID
64,1,63,,27051,28958,1,FEASIBLE,WORSE
65,1,64,,26676,28576,1,FEASIBLE,WORSE
66,1,65,,27209,29074,1,FEASIBLE,WORSE
67,1,66,,26468,28351,1,FEASIBLE,WORSE
68,1,67,,27645,29521,0,CAPACITY_EXCEEDED,INVALID
69,1,68,,26464,28404,1,FEASIBLE,WORSE
70,1,69,,27066,28986,1,FEASIBLE,WORSE
71,1,70,,28334,30159,0,CAPACITY_EXCEEDED,INVALID
72,1,71,,28083,29915,0,CAPACITY_EXCEEDED,INVALID
73,1,72,,27881,29788,0,CAPACITY_EXCEEDED,INVALID
74,1,73,,27894,29741,0,CAPACITY_EXCEEDED,INVALID
75,1,74,,26724,28604,1,FEASIBLE,WORSE
76,1,75,,27964,29837,0,CAPACITY_EXCEEDED,INVALID
77,1,76,,27688,29533,0,CAPACITY_EXCEEDED,INVALID
78,1,77,,27584,29445,0,CAPACITY_EXCEEDED,INVALID
79,1,78,,27888,29759,0,CAPACITY_EXCEEDED,INVALID
80,1,79,,28311,30179,0,CAPACITY_EXCEEDED,INVALID
81,1,80,,26752,28673,1,FEASIBLE,WORSE
82,1,81,,27300,29219,1,FEASIBLE,WORSE
83,1,82,,28197,30084,0,CAPACITY_EXCEEDED,INVALID
84,1,83,,26650,28547,1,FEASIBLE,WORSE
85,1,84,,28284,30151,0,CAPACITY_EXCEEDED,INVALID
86,1,85,,27184,29027,1,FEASIBLE,WORSE
87,1,86,,26631,28463,1,FEASIBLE,WORSE
88,1,87,,27317,29185,1,FEASIBLE,WORSE
89,1,88,,26723,28661,1,FEASIBLE,WORSE
90,1,89,,27102,29025,1,FEASIBLE,WORSE
91,1,90,,27149,29058,1,FEASIBLE,WORSE
92,1,91,,28252,30087,0,CAPACITY_EXCEEDED,INVALID
93,1,92,,27483,29392,0,CAPACITY_EXCEEDED,INVALID
94,1,93,,26853,28773,1,FEASIBLE,WORSE
95,1,94,,28230,30091,0,CAPACITY_EXCEEDED,INVALID
96,1,95,,27621,29464,0,CAPACITY_EXCEEDED,INVALID
97,1,96,,27165,29029,1,FEASIBLE,WORSE
98,1,97,,28257,30155,0,CAPACITY_EXCEEDED,INVALID
99,1,98,,26953,28874,1,FEASIBLE,WORSE
100,1,99,,26659,28499,1,FEASIBLE,WORSE
101,2,0,1,29281,31084,0,CAPACITY_EXCEEDED,INVALID
102,2,0,2,28390,30191,0,CAPACITY_EXCEEDED,INVALID
103,2,0,3,28248,30039,0,CAPACITY_EXCEEDED,INVALID
104,2,0,4,29169,30916,0,CAPACITY_EXCEEDED,INVALID
105,2,0,5,27597,29337,0,CAPACITY_EXCEEDED,INVALID
106,2,0,6,29003,30739,0,CAPACITY_EXCEEDED,INVALID
107,2,0,7,28024,29809,0,CAPACITY_EXCEEDED,INVALID
108,2,0,8,28939,30674,0,CAPACITY_EXCEEDED,INVALID
109,2,0,9,28940,30722,0,CAPACITY_EXCEEDED,INVALID
110,2,0,10,27751,29519,0,CAPACITY_EXCEEDED,INVALID
111,2,0,11,28492,30254,0,CAPACITY_EXCEEDED,INVALID
112,2,0,12,28764,30531,0,CAPACITY_EXCEEDED,INVALID
113,2,0,13,27939,29732,0,CAPACITY_EXCEEDED,INVALID
114,2,0,14,29057,30865,0,CAPACITY_EXCEEDED,INVALID
115,2,0,15,29328,31067,0,CAPACITY_EXCEEDED,INVALID
116,2,0,16,27383,29116,0,CAPACITY_EXCEEDED,INVALID
117,2,0,17,28878,30639,0,CAPACITY_EXCEEDED,INVALID
118,2,0,18,28778,30516,0,CAPACITY_EXCEEDED,INVALID
119,2,0,19,28602,30402,0,CAPACITY_EXCEEDED,INVALID
120,2,0,20,28297,30080,0,CAPACITY_EXCEEDED,INVALID
121,2,0,21,28305,30068,0,CAPACITY_EXCEEDED,INVALID
122,2,0,22,28798,30551,0,CAPACITY_EXCEEDED,INVALID
123,2,0,23,28014,29878,0,CAPACITY_EXCEEDED,INVALID
124,2,0,24,28714,30451,0,CAPACITY_EXCEEDED,INVALID
125,2,0,25,27441,29282,0,CAPACITY_EXCEEDED,INVALID
126,2,0,26,27807,29585,0,CAPACITY_EXCEEDED,INVALID
127,2,0,27,27772,29555,0,CAPACITY_EXCEEDED,INVALID
128,2,0,28,28096,29846,0,CAPACITY_EXCEEDED,INVALID
129,2,0,29,28309,30070,0,CAPACITY_EXCEEDED,INVALID
130,2,0,30,28007,29765,0,CAPACITY_EXCEEDED,INVALID
131,2,0,31,28196,29986,0,CAPACITY_EXCEEDED,INVALID
132,2,0,32,27822,29658,0,CAPACITY_EXCEEDED,INVALID
133,2,0,33,29332,31108,0,CAPACITY_EXCEEDED,INVALID
134,2,0,34,27658,29457,0,CAPACITY_EXCEEDED,INVALID
135,2,0,35,28515,30309,0,CAPACITY_EXCEEDED,INVALID
136,2,0,36,29227,30978,0,CAPACITY_EXCEEDED,INVALID
137,2,0,37,27536,29377,0,CAPACITY_EXCEEDED,INVALID
138,2,0,38,27598,29354,0,CAPACITY_EXCEEDED,INVALID
139,2,0,39,29240,30996,0,CAPACITY_EXCEEDED,INVALID
140,2,0,40,27570,29384,0,CAPACITY_EXCEEDED,INVALID
141,2,0,41,27543,29396,0,CAPACITY_EXCEEDED,INVALID
142,2,0,42,27979,29807,0,CAPACITY_EXCEEDED,INVALID
143,2,0,43,29314,31073,0,CAPACITY_EXCEEDED,INVALID
144,2,0,44,27371,29110,1,FEASIBLE,WORSE
145,2,0,45,28495,30278,0,CAPACITY_EXCEEDED,INVALID
146,2,0,46,27578,29388,0,CAPACITY_EXCEEDED,INVALID
147,2,0,47,27617,29464,0,CAPACITY_EXCEEDED,INVALID
148,2,0,48,28795,30529,0,CAPACITY_EXCEEDED,INVALID
149,2,0,49,27802,29621,0,CAPACITY_EXCEEDED,INVALID
150,2,0,50,28824,30583,0,CAPACITY_EXCEEDED,INVALID
151,2,0,51,29258,31000,0,CAPACITY_EXCEEDED,INVALID
152,2,0,52,28834,30571,0,CAPACITY_EXCEEDED,INVALID
153,2,0,53,29165,30928,0,CAPACITY_EXCEEDED,INVALID
154,2,0,54,28687,30437,0,CAPACITY_EXCEEDED,INVALID
155,2,0,55,27450,29254,0,CAPACITY_EXCEEDED,INVALID
156,2,0,56,27433,29262,0,CAPACITY_EXCEEDED,INVALID
157,2,0,57,27871,29605,0,CAPACITY_EXCEEDED,INVALID
158,2,0,58,27765,29509,0,CAPACITY_EXCEEDED,INVALID
159,2,0,59,27412,29144,0,CAPACITY_EXCEEDED,INVALID
160,2,0,60,29057,30834,0,CAPACITY_EXCEEDED,INVALID
161,2,0,61,27846,29688,0,CAPACITY_EXCEEDED,INVALID
162,2,0,62,28555,30336,0,CAPACITY_EXCEEDED,INVALID
163,2,0,63,28008,29821,0,CAPACITY_EXCEEDED,INVALID
164,2,0,64,27633,29439,0,CAPACITY_EXCEEDED,INVALID
165,2,0,65,28166,29937,0,CAPACITY_EXCEEDED,INVALID
166,2,0,66,27425,29214,0,CAPACITY_EXCEEDED,INVALID
167,2,0,67,28602,30384,0,CAPACITY_EXCEEDED,INVALID
168,2,0,68,27421,29267,0,CAPACITY_EXCEEDED,INVALID
169,2,0,69,28023,29849,0,CAPACITY_EXCEEDED,INVALID
170,2,0,70,29291,31022,0,CAPACITY_EXCEEDED,INVALID
171,2,0,71,29040,30778,0,CAPACITY_EXCEEDED,INVALID
172,2,0,72,28838,30651,0,CAPACITY_EXCEEDED,INVALID
173,2,0,73,28851,30604,0,CAPACITY_EXCEEDED,INVALID
174,2,0,74,27681,29467,0,CAPACITY_EXCEEDED,INVALID
175,2,0,75,28921,30700,0,CAPACITY_EXCEEDED,INVALID
176,2,0,76,28645,30396,0,CAPACITY_EXCEEDED,INVALID
177,2,0,77,28541,30308,0,CAPACITY_EXCEEDED,INVALID
178,2,0,78,28845,30622,0,CAPACITY_EXCEEDED,INVALID
179,2,0,79,29268,31042,0,CAPACITY_EXCEEDED,INVALID
180,2,0,80,27709,29536,0,CAPACITY_EXCEEDED,INVALID
181,2,0,81,28257,30082,0,CAPACITY_EXCEEDED,INVALID
182,2,0,82,29154,30947,0,CAPACITY_EXCEEDED,INVALID
183,2,0,83,27607,29410,0,CAPACITY_EXCEEDED,INVALID
184,2,0,84,29241,31014,0,CAPACITY_EXCEEDED,INVALID
185,2,0,85,28141,29890,0,CAPACITY_EXCEEDED,INVALID
186,2,0,86,27588,29326,0,CAPACITY_EXCEEDED,INVALID
187,2,0,87,28274,30048,0,CAPACITY_EXCEEDED,INVALID
188,2,0,88,27680,29524,0,CAPACITY_EXCEEDED,INVALID
189,2,0,89,28059,29888,0,CAPACITY_EXCEEDED,INVALID
190,2,0,90,28106,29921,0,CAPACITY_EXCEEDED,INVALID
191,2,0,91,29209,30950,0,CAPACITY_EXCEEDED,INVALID
192,2,0,92,28440,30255,0,CAPACITY_EXCEEDED,INVALID
193,2,0,93,27810,29636,0,CAPACITY_EXCEEDED,INVALID
194,2,0,94,29187,30954,0,CAPACITY_EXCEEDED,INVALID
195,2,0,95,28578,30327,0,CAPACITY_EXCEEDED,INVALID
196,2,0,96,28122,29892,0,CAPACITY_EXCEEDED,INVALID
197,2,0,97,29214,31018,0,CAPACITY_EXCEEDED,INVALID
198,2,0,98,27910,29737,0,CAPACITY_EXCEEDED,INVALID
199,2,0,99,27616,29362,0,CAPACITY_EXCEEDED,INVALID
200,2,1,2,28381,30248,0,CAPACITY_EXCEEDED,INVALID
201,2,1,3,28239,30096,0,CAPACITY_EXCEEDED,INVALID
202,2,1,4,29160,30973,0,CAPACITY_EXCEEDED,INVALID
203,2,1,5,27588,29394,0,CAPACITY_EXCEEDED,INVALID
204,2,1,6,28994,30796,0,CAPACITY_EXCEEDED,INVALID
205,2,1,7,28015,29866,0,CAPACITY_EXCEEDED,INVALID
206,2,1,8,28930,30731,0,CAPACITY_EXCEEDED,INVALID
207,2,1,9,28931,30779,0,CAPACITY_EXCEEDED,INVALID
208,2,1,10,27742,29576,0,CAPACITY_EXCEEDED,INVALID
209,2,1,11,28483,30311,0,CAPACITY_EXCEEDED,INVALID
210,2,1,12,28755,30588,0,CAPACITY_EXCEEDED,INVALID
211,2,1,13,27930,29789,0,CAPACITY_EXCEEDED,INVALID
212,2,1,14,29048,30922,0,CAPACITY_EXCEEDED,INVALID
213,2,1,15,29319,31124,0,CAPACITY_EXCEEDED,INVALID
214,2,1,16,27374,29173,1,FEASIBLE,WORSE
215,2,1,17,28869,30696,0,CAPACITY_EXCEEDED,INVALID
216,2,1,18,28769,30573,0,CAPACITY_EXCEEDED,INVALID
217,2,1,19,28593,30459,0,CAPACITY_EXCEEDED,INVALID
218,2,1,20,28288,30137,0,CAPACITY_EXCEEDED,INVALID
219,2,1,21,28296,30125,0,CAPACITY_EXCEEDED,INVALID
220,2,1,22,28789,30608,0,CAPACITY_EXCEEDED,INVALID
221,2,1,23,28005,29935,0,CAPACITY_EXCEEDED,INVALID
222,2,1,24,28705,30508,0,CAPACITY_EXCEEDED,INVALID
223,2,1,25,27432,29339,0,CAPACITY_EXCEEDED,INVALID
224,2,1,26,27798,29642,0,CAPACITY_EXCEEDED,INVALID
225,2,1,27,27763,29612,0,CAPACITY_EXCEEDED,INVALID
226,2,1,28,28087,29903,0,CAPACITY_EXCEEDED,INVALID
227,2,1,29,28300,30127,0,CAPACITY_EXCEEDED,INVALID
228,2,1,30,27998,29822,0,CAPACITY_EXCEEDED,INVALID
229,2,1,31,28187,30043,0,CAPACITY_EXCEEDED,INVALID
230,2,1,32,27813,29715,0,CAPACITY_EXCEEDED,INVALID
231,2,1,33,29323,31165,0,CAPACITY_EXCEEDED,INVALID
232,2,1,34,27649,29514,0,CAPACITY_EXCEEDED,INVALID
233,2,1,35,28506,30366,0,CAPACITY_EXCEEDED,INVALID
234,2,1,36,29218,31035,0,CAPACITY_EXCEEDED,INVALID
235,2,1,37,27527,29434,0,CAPACITY_EXCEEDED,INVALID
236,2,1,38,27589,29411,0,CAPACITY_EXCEEDED,INVALID
237,2,1,39,29231,31053,0,CAPACITY_EXCEEDED,INVALID
238,2,1,40,27561,29441,0,CAPACITY_EXCEEDED,INVALID
239,2,1,41,27534,29453,0,CAPACITY_EXCEEDED,INVALID
240,2,1,42,27970,29864,0,CAPACITY_EXCEEDED,INVALID
241,2,1,43,29305,31130,0,CAPACITY_EXCEEDED,INVALID
242,2,1,44,27362,29167,1,FEASIBLE,WORSE
243,2,1,45,28486,30335,0,CAPACITY_EXCEEDED,INVALID
244,2,1,46,27569,29445,0,CAPACITY_EXCEEDED,INVALID
245,2,1,47,27608,29521,0,CAPACITY_EXCEEDED,INVALID
246,2,1,48,28786,30586,0,CAPACITY_EXCEEDED,INVALID
247,2,1,49,27793,29678,0,CAPACITY_EXCEEDED,INVALID
248,2,1,50,28815,30640,0,CAPACITY_EXCEEDED,INVALID
249,2,1,51,29249,31057,0,CAPACITY_EXCEEDED,INVALID
250,2,1,52,28825,30628,0,CAPACITY_EXCEEDED,INVALID
251,2,1,53,29156,30985,0,CAPACITY_EXCEEDED,INVALID
252,2,1,54,28678,30494,0,CAPACITY_EXCEEDED,INVALID
253,2,1,55,27441,29311,0,CAPACITY_EXCEEDED,INVALID
254,2,1,56,27424,29319,0,CAPACITY_EXCEEDED,INVALID
255,2,1,57,27862,29662,0,CAPACITY_EXCEEDED,INVALID
256,2,1,58,27756,29566,0,CAPACITY_EXCEEDED,INVALID
257,2,1,59,27403,29201,0,CAPACITY_EXCEEDED,INVALID
258,2,1,60,29048,30891,0,CAPACITY_EXCEEDED,INVALID
259,2,1,61,27837,29745,0,CAPACITY_EXCEEDED,INVALID
260,2,1,62,28546,30393,0,CAPACITY_EXCEEDED,INVALID
261,2,1,63,27999,29878,0,CAPACITY_EXCEEDED,INVALID
262,2,1,64,27624,29496,0,CAPACITY_EXCEEDED,INVALID
263,2,1,65,28157,29994,0,CAPACITY_EXCEEDED,INVALID
264,2,1,66,27416,29271,0,CAPACITY_EXCEEDED,INVALID
265,2,1,67,28593,30441,0,CAPACITY_EXCEEDED,INVALID
266,2,1,68,27412,29324,0,CAPACITY_EXCEEDED,INVALID
267,2,1,69,28014,29906,0,CAPACITY_EXCEEDED,INVALID
268,2,1,70,29282,31079,0,CAPACITY_EXCEEDED,INVALID
269,2,1,71,29031,30835,0,CAPACITY_EXCEEDED,INVALID
270,2,1,72,28829,30708,0,CAPACITY_EXCEEDED,INVALID
271,2,1,73,28842,30661,0,CAPACITY_EXCEEDED,INVALID
272,2,1,74,27672,29524,0,CAPACITY_EXCEEDED,INVALID
273,2,1,75,28912,30757,0,CAPACITY_EXCEEDED,INVALID
274,2,1,76,28636,30453,0,CAPACITY_EXCEEDED,INVALID
275,2,1,77,28532,30365,0,CAPACITY_EXCEEDED,INVALID
276,2,1,78,28836,30679,0,CAPACITY_EXCEEDED,INVALID
277,2,1,79,29259,31099,0,CAPACITY_EXCEEDED,INVALID
278,2,1,80,27700,29593,0,CAPACITY_EXCEEDED,INVALID
279,2,1,81,28248,30139,0,CAPACITY_EXCEEDED,INVALID
280,2,1,82,29145,31004,0,CAPACITY_EXCEEDED,INVALID
281,2,1,83,27598,29467,0,CAPACITY_EXCEEDED,INVALID
282,2,1,84,29232,31071,0,CAPACITY_EXCEEDED,INVALID
283,2,1,85,28132,29947,0,CAPACITY_EXCEEDED,INVALID
284,2,1,86,27579,29383,0,CAPACITY_EXCEEDED,INVALID
285,2,1,87,28265,30105,0,CAPACITY_EXCEEDED,INVALID
286,2,1,88,27671,29581,0,CAPACITY_EXCEEDED,INVALID
287,2,1,89,28050,29945,0,CAPACITY_EXCEEDED,INVALID
288,2,1,90,28097,29978,0,CAPACITY_EXCEEDED,INVALID
289,2,1,91,29200,31007,0,CAPACITY_EXCEEDED,INVALID
290,2,1,92,28431,30312,0,CAPACITY_EXCEEDED,INVALID
291,2,1,93,27801,29693,0,CAPACITY_EXCEEDED,INVALID
292,2,1,94,29178,31011,0,CAPACITY_EXCEEDED,INVALID
293,2,1,95,28569,30384,0,CAPACITY_EXCEEDED,INVALID
294,2,1,96,28113,29949,0,CAPACITY_EXCEEDED,INVALID
295,2,1,97,29205,31075,0,CAPACITY_EXCEEDED,INVALID
296,2,1,98,27901,29794,0,CAPACITY_EXCEEDED,INVALID
297,2,1,99,27607,29419,0,CAPACITY_EXCEEDED,INVALID
298,2,2,3,27348,29203,1,FEASIBLE,WORSE
299,2,2,4,28269,30080,0,CAPACITY_EXCEEDED,INVALID
300,2,2,5,26697,28501,1,FEASIBLE,WORSE
301,2,2,6,28103,29903,0,CAPACITY_EXCEEDED,INVALID
302,2,2,7,27124,28973,1,FEASIBLE,WORSE
303,2,2,8,28039,29838,0,CAPACITY_EXCEEDED,INVALID
304,2,2,9,28040,29886,0,CAPACITY_EXCEEDED,INVALID
305,2,2,10,26851,28683,1,FEASIBLE,WORSE
306,2,2,11,27592,29418,0,CAPACITY_EXCEEDED,INVALID
307,2,2,12,27864,29695,0,CAPACITY_EXCEEDED,INVALID
308,2,2,13,27039,28896,1,FEASIBLE,WORSE
309,2,2,14,28157,30029,0,CAPACITY_EXCEEDED,INVALID
310,2,2,15,28428,30231,0,CAPACITY_EXCEEDED,INVALID
311,2,2,16,26483,28280,1,FEASIBLE,WORSE
312,2,2,17,27978,29803,0,CAPACITY_EXCEEDED,INVALID
313,2,2,18,27878,29680,0,CAPACITY_EXCEEDED,INVALID
314,2,2,19,27702,29566,0,CAPACITY_EXCEEDED,INVALID
315,2,2,20,27397,29244,0,CAPACITY_EXCEEDED,INVALID
316,2,2,21,27405,29232,0,CAPACITY_EXCEEDED,INVALID
317,2,2,22,27898,29715,0,CAPACITY_EXCEEDED,INVALID
318,2,2,23,27114,29042,1,FEASIBLE,WORSE
319,2,2,24,27814,29615,0,CAPACITY_EXCEEDED,INVALID
320,2,2,25,26541,28446,1,FEASIBLE,WORSE
321,2,2,26,26907,28749,1,FEASIBLE,WORSE
322,2,2,27,26872,28719,1,FEASIBLE,WORSE
323,2,2,28,27196,29010,1,FEASIBLE,WORSE
324,2,2,29,27409,29234,0,CAPACITY_EXCEEDED,INVALID
325,2,2,30,27107,28929,1,FEASIBLE,WORSE
326,2,2,31,27296,29150,1,FEASIBLE,WORSE
327,2,2,32,26922,28822,1,FEASIBLE,WORSE
328,2,2,33,28432,30272,0,CAPACITY_EXCEEDED,INVALID
329,2,2,34,26758,28621,1,FEASIBLE,WORSE
330,2,2,35,27615,29473,0,CAPACITY_EXCEEDED,INVALID
331,2,2,36,28327,30142,0,CAPACITY_EXCEEDED,INVALID
332,2,2,37,26636,28541,1,FEASIBLE,WORSE
333,2,2,38,26698,28518,1,FEASIBLE,WORSE
334,2,2,39,28340,30160,0,CAPACITY_EXCEEDED,INVALID
335,2,2,40,26670,28548,1,FEASIBLE,WORSE
336,2,2,41,26643,28560,1,FEASIBLE,WORSE
337,2,2,42,27079,28971,1,FEASIBLE,WORSE
338,2,2,43,28414,30237,0,CAPACITY_EXCEEDED,INVALID
339,2,2,44,26471,28274,1,FEASIBLE,WORSE
340,2,2,45,27595,29442,0,CAPACITY_EXCEEDED,INVALID
341,2,2,46,26678,28552,1,FEASIBLE,WORSE
342,2,2,47,26717,28628,1,FEASIBLE,WORSE
343,2,2,48,27895,29693,0,CAPACITY_EXCEEDED,INVALID
344,2,2,49,26902,28785,1,FEASIBLE,WORSE
345,2,2,50,27924,29747,0,CAPACITY_EXCEEDED,INVALID
346,2,2,51,28358,30164,0,CAPACITY_EXCEEDED,INVALID
347,2,2,52,27934,29735,0,CAPACITY_EXCEEDED,INVALID
348,2,2,53,28265,30092,0,CAPACITY_EXCEEDED,INVALID
349,2,2,54,27787,29601,0,CAPACITY_EXCEEDED,INVALID
350,2,2,55,26550,28418,1,FEASIBLE,WORSE
351,2,2,56,26533,28426,1,FEASIBLE,WORSE
352,2,2,57,26971,28769,1,FEASIBLE,WORSE
353,2,2,58,26865,28673,1,FEASIBLE,WORSE
354,2,2,59,26512,28308,1,FEASIBLE,WORSE
355,2,2,60,28157,29998,0,CAPACITY_EXCEEDED,INVALID
356,2,2,61,26946,28852,1,FEASIBLE,WORSE
357,2,2,62,27655,29500,0,CAPACITY_EXCEEDED,INVALID
358,2,2,63,27108,28985,1,FEASIBLE,WORSE
359,2,2,64,26733,28603,1,FEASIBLE,WORSE
360,2,2,65,27266,29101,1,FEASIBLE,WORSE
361,2,2,66,26525,28378,1,FEASIBLE,WORSE
362,2,2,67,27702,29548,0,CAPACITY_EXCEEDED,INVALID
363,2,2,68,26521,28431,1,FEASIBLE,WORSE
364,2,2,69,27123,29013,1,FEASIBLE,WORSE
365,2,2,70,28391,30186,0,CAPACITY_EXCEEDED,INVALID
366,2,2,71,28140,29942,0,CAPACITY_EXCEEDED,INVALID
367,2,2,72,27938,29815,0,CAPACITY_EXCEEDED,INVALID
368,2,2,73,27951,29768,0,CAPACITY_EXCEEDED,INVALID
369,2,2,74,26781,28631,1,FEASIBLE,WORSE
370,2,2,75,28021,29864,0,CAPACITY_EXCEEDED,INVALID
371,2,2,76,27745,29560,0,CAPACITY_EXCEEDED,INVALID
372,2,2,77,27641,29472,0,CAPACITY_EXCEEDED,INVALID
373,2,2,78,27945,29786,0,CAPACITY_EXCEEDED,INVALID
374,2,2,79,28368,30206,0,CAPACITY_EXCEEDED,INVALID
375,2,2,80,26809,28700,1,FEASIBLE,WORSE
376,2,2,81,27357,29246,1,FEASIBLE,WORSE
377,2,2,82,28254,30111,0,CAPACITY_EXCEEDED,INVALID
378,2,2,83,26707,28574,1,FEASIBLE,WORSE
379,2,2,84,28341,30178,0,CAPACITY_EXCEEDED,INVALID
380,2,2,85,27241,29054,1,FEASIBLE,WORSE
381,2,2,86,26688,28490,1,FEASIBLE,WORSE
382,2,2,87,27374,29212,1,FEASIBLE,WORSE
383,2,2,88,26780,28688,1,FEASIBLE,WORSE
384,2,2,89,27159,29052,1,FEASIBLE,WORSE
385,2,2,90,27206,29085,1,FEASIBLE,WORSE
386,2,2,91,28309,30114,0,CAPACITY_EXCEEDED,INVALID
387,2,2,92,27540,29419,0,CAPACITY_EXCEEDED,INVALID
388,2,2,93,26910,28800,1,FEASIBLE,WORSE
389,2,2,94,28287,30118,0,CAPACITY_EXCEEDED,INVALID
390,2,2,95,27678,29491,0,CAPACITY_EXCEEDED,INVALID
391,2,2,96,27222,29056,1,FEASIBLE,WORSE
392,2,2,97,28314,30182,0,CAPACITY_EXCEEDED,INVALID
393,2,2,98,27010,28901,1,FEASIBLE,WORSE
394,2,2,99,26716,28526,1,FEASIBLE,WORSE
395,2,3,4,28127,29928,0,CAPACITY_EXCEEDED,INVALID
396,2,3,5,26555,28349,1,FEASIBLE,WORSE
397,2,3,6,27961,29751,0,CAPACITY_EXCEEDED,INVALID
398,2,3,7,26982,28821,1,FEASIBLE,WORSE
399,2,3,8,27897,29686,0,CAPACITY_EXCEEDED,INVALID
400,2,3,9,27898,29734,0,CAPACITY_EXCEEDED,INVALID
401,2,3,10,26709,28531,1,FEASIBLE,WORSE
402,2,3,11,27450,29266,0,CAPACITY_EXCEEDED,INVALID
403,2,3,12,27722,29543,0,CAPACITY_EXCEEDED,INVALID
404,2,3,13,26897,28744,1,FEASIBLE,WORSE
405,2,3,14,28015,29877,0,CAPACITY_EXCEEDED,INVALID
406,2,3,15,28286,30079,0,CAPACITY_EXCEEDED,INVALID
407,2,3,16,26341,28128,1,FEASIBLE,WORSE
408,2,3,17,27836,29651,0,CAPACITY_EXCEEDED,INVALID
409,2,3,18,27736,29528,0,CAPACITY_EXCEEDED,INVALID
410,2,3,19,27560,29414,0,CAPACITY_EXCEEDED,INVALID
411,2,3,20,27255,29092,1,FEASIBLE,WORSE
412,2,3,21,27263,29080,1,FEASIBLE,WORSE
413,2,3,22,27756,29563,0,CAPACITY_EXCEEDED,INVALID
414,2,3,23,26972,28890,1,FEASIBLE,WORSE
415,2,3,24,27672,29463,0,CAPACITY_EXCEEDED,INVALID
416,2,3,25,26399,28294,1,FEASIBLE,WORSE
417,2,3,26,26765,28597,1,FEASIBLE,WORSE
418,2,3,27,26730,28567,1,FEASIBLE,WORSE
419,2,3,28,27054,28858,1,FEASIBLE,WORSE
420,2,3,29,27267,29082,1,FEASIBLE,WORSE
421,2,3,30,26965,28777,1,FEASIBLE,WORSE
422,2,3,31,27154,28998,1,FEASIBLE,WORSE
423,2,3,32,26780,28670,1,FEASIBLE,WORSE
424,2,3,33,28290,30120,0,CAPACITY_EXCEEDED,INVALID
425,2,3,34,26616,28469,1,FEASIBLE,WORSE
426,2,3,35,27473,29321,0,CAPACITY_EXCEEDED,INVALID
427,2,3,36,28185,29990,0,CAPACITY_EXCEEDED,INVALID
428,2,3,37,26494,28389,1,FEASIBLE,WORSE
429,2,3,38,26556,28366,1,FEASIBLE,WORSE
430,2,3,39,28198,30008,0,CAPACITY_EXCEEDED,INVALID
431,2,3,40,26528,28396,1,FEASIBLE,WORSE
432,2,3,41,26501,28408,1,FEASIBLE,WORSE
433,2,3,42,26937,28819,1,FEASIBLE,WORSE
434,2,3,43,28272,30085,0,CAPACITY_EXCEEDED,INVALID
435,2,3,44,26329,28122,1,FEASIBLE,WORSE
436,2,3,45,27453,29290,0,CAPACITY_EXCEEDED,INVALID
437,2,3,46,26536,28400,1,FEASIBLE,WORSE
438,2,3,47,26575,28476,1,FEASIBLE,WORSE
439,2,3,48,27753,29541,0,CAPACITY_EXCEEDED,INVALID
440,2,3,49,26760,28633,1,FEASIBLE,WORSE
441,2,3,50,27782,29595,0,CAPACITY_EXCEEDED,INVALID
442,2,3,51,28216,30012,0,CAPACITY_EXCEEDED,INVALID
443,2,3,52,27792,29583,0,CAPACITY_EXCEEDED,INVALID
444,2,3,53,28123,29940,0,CAPACITY_EXCEEDED,INVALID
445,2,3,54,27645,29449,0,CAPACITY_EXCEEDED,INVALID
446,2,3,55,26408,28266,1,FEASIBLE,WORSE
447,2,3,56,26391,28274,1,FEASIBLE,WORSE
448,2,3,57,26829,28617,1,FEASIBLE,WORSE
449,2,3,58,26723,28521,1,FEASIBLE,WORSE
450,2,3,59,26370,28156,1,FEASIBLE,WORSE
451,2,3,60,28015,29846,0,CAPACITY_EXCEEDED,INVALID
452,2,3,61,26804,28700,1,FEASIBLE,WORSE
453,2,3,62,27513,29348,0,CAPACITY_EXCEEDED,INVALID
454,2,3,63,26966,28833,1,FEASIBLE,WORSE
455,2,3,64,26591,28451,1,FEASIBLE,WORSE
456,2,3,65,27124,28949,1,FEASIBLE,WORSE
457,2,3,66,26383,28226,1,FEASIBLE,WORSE
458,2,3,67,27560,29396,0,CAPACITY_EXCEEDED,INVALID
459,2,3,68,26379,28279,1,FEASIBLE,WORSE
460,2,3,69,26981,28861,1,FEASIBLE,WORSE
461,2,3,70,28249,30034,0,CAPACITY_EXCEEDED,INVALID
462,2,3,71,27998,29790,0,CAPACITY_EXCEEDED,INVALID
463,2,3,72,27796,29663,0,CAPACITY_EXCEEDED,INVALID
464,2,3,73,27809,29616,0,CAPACITY_EXCEEDED,INVALID
465,2,3,74,26639,28479,1,FEASIBLE,WORSE
466,2,3,75,27879,29712,0,CAPACITY_EXCEEDED,INVALID
467,2,3,76,27603,29408,0,CAPACITY_EXCEEDED,INVALID
468,2,3,77,27499,29320,0,CAPACITY_EXCEEDED,INVALID
469,2,3,78,27803,29634,0,CAPACITY_EXCEEDED,INVALID
470,2,3,79,28226,30054,0,CAPACITY_EXCEEDED,INVALID
471,2,3,80,26667,28548,1,FEASIBLE,WORSE
472,2,3,81,27215,29094,1,FEASIBLE,WORSE
473,2,3,82,28112,29959,0,CAPACITY_EXCEEDED,INVALID
474,2,3,83,26565,28422,1,FEASIBLE,WORSE
475,2,3,84,28199,30026,0,CAPACITY_EXCEEDED,INVALID
476,2,3,85,27099,28902,1,FEASIBLE,WORSE
477,2,3,86,26546,28338,1,FEASIBLE,WORSE
478,2,3,87,27232,29060,1,FEASIBLE,WORSE
479,2,3,88,26638,28536,1,FEASIBLE,WORSE
480,2,3,89,27017,28900,1,FEASIBLE,WORSE
481,2,3,90,27064,28933,1,FEASIBLE,WORSE
482,2,3,91,28167,29962,0,CAPACITY_EXCEEDED,INVALID
483,2,3,92,27398,29267,0,CAPACITY_EXCEEDED,INVALID
484,2,3,93,26768,28648,1,FEASIBLE,WORSE
485,2,3,94,28145,29966,0,CAPACITY_EXCEEDED,INVALID
486,2,3,95,27536,29339,0,CAPACITY_EXCEEDED,INVALID
487,2,3,96,27080,28904,1,FEASIBLE,WORSE
488,2,3,97,28172,30030,0,CAPACITY_EXCEEDED,INVALID
489,2,3,98,26868,28749,1,FEASIBLE,WORSE
490,2,3,99,26574,28374,1,FEASIBLE,WORSE
491,2,4,5,27476,29226,0,CAPACITY_EXCEEDED,INVALID
492,2,4,6,28882,30628,0,CAPACITY_EXCEEDED,INVALID
493,2,4,7,27903,29698,0,CAPACITY_EXCEEDED,INVALID
494,2,4,8,28818,30563,0,CAPACITY_EXCEEDED,INVALID
495,2,4,9,28819,30611,0,CAPACITY_EXCEEDED,INVALID
496,2,4,10,27630,29408,0,CAPACITY_EXCEEDED,INVALID
497,2,4,11,28371,30143,0,CAPACITY_EXCEEDED,INVALID
498,2,4,12,28643,30420,0,CAPACITY_EXCEEDED,INVALID
499,2,4,13,27818,29621,0,CAPACITY_EXCEEDED,INVALID
500,2,4,14,28936,30754,0,CAPACITY_EXCEEDED,INVALID
501,2,4,15,29207,30956,0,CAPACITY_EXCEEDED,INVALID
502,2,4,16,27262,29005,1,FEASIBLE,WORSE
503,2,4,17,28757,30528,0,CAPACITY_EXCEEDED,INVALID
504,2,4,18,28657,30405,0,CAPACITY_EXCEEDED,INVALID
505,2,4,19,28481,30291,0,CAPACITY_EXCEEDED,INVALID
506,2,4,20,28176,29969,0,CAPACITY_EXCEEDED,INVALID
507,2,4,21,28184,29957,0,CAPACITY_EXCEEDED,INVALID
508,2,4,22,28677,30440,0,CAPACITY_EXCEEDED,INVALID
509,2,4,23,27893,29767,0,CAPACITY_EXCEEDED,INVALID
510,2,4,24,28593,30340,0,CAPACITY_EXCEEDED,INVALID
511,2,4,25,27320,29171,1,FEASIBLE,WORSE
512,2,4,26,27686,29474,0,CAPACITY_EXCEEDED,INVALID
513,2,4,27,27651,29444,0,CAPACITY_EXCEEDED,INVALID
514,2,4,28,27975,29735,0,CAPACITY_EXCEEDED,INVALID
515,2,4,29,28188,29959,0,CAPACITY_EXCEEDED,INVALID
516,2,4,30,27886,29654,0,CAPACITY_EXCEEDED,INVALID
517,2,4,31,28075,29875,0,CAPACITY_EXCEEDED,INVALID
518,2,4,32,27701,29547,0,CAPACITY_EXCEEDED,INVALID
519,2,4,33,29211,30997,0,CAPACITY_EXCEEDED,INVALID
520,2,4,34,27537,29346,0,CAPACITY_EXCEEDED,INVALID
521,2,4,35,28394,30198,0,CAPACITY_EXCEEDED,INVALID
522,2,4,36,29106,30867,0,CAPACITY_EXCEEDED,INVALID
523,2,4,37,27415,29266,0,CAPACITY_EXCEEDED,INVALID
524,2,4,38,27477,29243,0,CAPACITY_EXCEEDED,INVALID
525,2,4,39,29119,30885,0,CAPACITY_EXCEEDED,INVALID
526,2,4,40,27449,29273,0,CAPACITY_EXCEEDED,INVALID
527,2,4,41,27422,29285,0,CAPACITY_EXCEEDED,INVALID
528,2,4,42,27858,29696,0,CAPACITY_EXCEEDED,INVALID
529,2,4,43,29193,30962,0,CAPACITY_EXCEEDED,INVALID
530,2,4,44,27250,28999,1,FEASIBLE,WORSE
531,2,4,45,28374,30167,0,CAPACITY_EXCEEDED,INVALID
532,2,4,46,27457,29277,0,CAPACITY_EXCEEDED,INVALID
533,2,4,47,27496,29353,0,CAPACITY_EXCEEDED,INVALID
534,2,4,48,28674,30418,0,CAPACITY_EXCEEDED,INVALID
535,2,4,49,27681,29510,0,CAPACITY_EXCEEDED,INVALID
536,2,4,50,28703,30472,0,CAPACITY_EXCEEDED,INVALID
537,2,4,51,29137,30889,0,CAPACITY_EXCEEDED,INVALID
538,2,4,52,28713,30460,0,CAPACITY_EXCEEDED,INVALID
539,2,4,53,29044,30817,0,CAPACITY_EXCEEDED,INVALID
540,2,4,54,28566,30326,0,CAPACITY_EXCEEDED,INVALID
541,2,4,55,27329,29143,1,FEASIBLE,WORSE
542,2,4,56,27312,29151,1,FEASIBLE,WORSE
543,2,4,57,27750,29494,0,CAPACITY_EXCEEDED,INVALID
544,2,4,58,27644,29398,0,CAPACITY_EXCEEDED,INVALID
545,2,4,59,27291,29033,1,FEASIBLE,WORSE
546,2,4,60,28936,30723,0,CAPACITY_EXCEEDED,INVALID
547,2,4,61,27725,29577,0,CAPACITY_EXCEEDED,INVALID
548,2,4,62,28434,30225,0,CAPACITY_EXCEEDED,INVALID
549,2,4,63,27887,29710,0,CAPACITY_EXCEEDED,INVALID
550,2,4,64,27512,29328,0,CAPACITY_EXCEEDED,INVALID
551,2,4,65,28045,29826,0,CAPACITY_EXCEEDED,INVALID
552,2,4,66,27304,29103,1,FEASIBLE,WORSE
553,2,4,67,28481,30273,0,CAPACITY_EXCEEDED,INVALID
554,2,4,68,27300,29156,1,FEASIBLE,WORSE
555,2,4,69,27902,29738,0,CAPACITY_EXCEEDED,INVALID
556,2,4,70,29170,30911,0,CAPACITY_EXCEEDED,INVALID
557,2,4,71,28919,30667,0,CAPACITY_EXCEEDED,INVALID
558,2,4,72,28717,30540,0,CAPACITY_EXCEEDED,INVALID
559,2,4,73,28730,30493,0,CAPACITY_EXCEEDED,INVALID
560,2,4,74,27560,29356,0,CAPACITY_EXCEEDED,INVALID
561,2,4,75,28800,30589,0,CAPACITY_EXCEEDED,INVALID
562,2,4,76,28524,30285,0,CAPACITY_EXCEEDED,INVALID
563,2,4,77,28420,30197,0,CAPACITY_EXCEEDED,INVALID
564,2,4,78,28724,30511,0,CAPACITY_EXCEEDED,INVALID
565,2,4,79,29147,30931,0,CAPACITY_EXCEEDED,INVALID
566,2,4,80,27588,29425,0,CAPACITY_EXCEEDED,INVALID
567,2,4,81,28136,29971,0,CAPACITY_EXCEEDED,INVALID
568,2,4,82,29033,30836,0,CAPACITY_EXCEEDED,INVALID
569,2,4,83,27486,29299,0,CAPACITY_EXCEEDED,INVALID
570,2,4,84,29120,30903,0,CAPACITY_EXCEEDED,INVALID
571,2,4,85,28020,29779,0,CAPACITY_EXCEEDED,INVALID
572,2,4,86,27467,29215,0,CAPACITY_EXCEEDED,INVALID
573,2,4,87,28153,29937,0,CAPACITY_EXCEEDED,INVALID
574,2,4,88,27559,29413,0,CAPACITY_EXCEEDED,INVALID
575,2,4,89,27938,29777,0,CAPACITY_EXCEEDED,INVALID
576,2,4,90,27985,29810,0,CAPACITY_EXCEEDED,INVALID
577,2,4,91,29088,30839,0,CAPACITY_EXCEEDED,INVALID
578,2,4,92,28319,30144,0,CAPACITY_EXCEEDED,INVALID
579,2,4,93,27689,29525,0,CAPACITY_EXCEEDED,INVALID
580,2,4,94,29066,30843,0,CAPACITY_EXCEEDED,INVALID
581,2,4,95,28457,30216,0,CAPACITY_EXCEEDED,INVALID
582,2,4,96,28001,29781,0,CAPACITY_EXCEEDED,INVALID
583,2,4,97,29093,30907,0,CAPACITY_EXCEEDED,INVALID
584,2,4,98,27789,29626,0,CAPACITY_EXCEEDED,INVALID
585,2,4,99,27495,29251,0,CAPACITY_EXCEEDED,INVALID
586,2,5,6,27310,29049,1,FEASIBLE,WORSE
587,2,5,7,26331,28119,1,FEASIBLE,WORSE
588,2,5,8,27246,28984,1,FEASIBLE,WORSE
589,2,5,9,27247,29032,1,FEASIBLE,WORSE
590,2,5,10,26058,27829,1,FEASIBLE,WORSE
591,2,5,11,26799,28564,1,FEASIBLE,WORSE
592,2,5,12,27071,28841,1,FEASIBLE,WORSE
593,2,5,13,26246,28042,1,FEASIBLE,WORSE
594,2,5,14,27364,29175,1,FEASIBLE,WORSE
595,2,5,15,27635,29377,0,CAPACITY_EXCEEDED,INVALID
596,2,5,16,25690,27426,1,FEASIBLE,WORSE
597,2,5,17,27185,28949,1,FEASIBLE,WORSE
598,2,5,18,27085,28826,1,FEASIBLE,WORSE
599,2,5,19,26909,28712,1,FEASIBLE,WORSE
600,2,5,20,26604,28390,1,FEASIBLE,WORSE
601,2,5,21,26612,28378,1,FEASIBLE,WORSE
602,2,5,22,27105,28861,1,FEASIBLE,WORSE
603,2,5,23,26321,28188,1,FEASIBLE,WORSE
604,2,5,24,27021,28761,1,FEASIBLE,WORSE
605,2,5,25,25748,27592,1,FEASIBLE,WORSE
606,2,5,26,26114,27895,1,FEASIBLE,WORSE
607,2,5,27,26079,27865,1,FEASIBLE,WORSE
608,2,5,28,26403,28156,1,FEASIBLE,WORSE
609,2,5,29,26616,28380,1,FEASIBLE,WORSE
610,2,5,30,26314,28075,1,FEASIBLE,WORSE
611,2,5,31,26503,28296,1,FEASIBLE,WORSE
612,2,5,32,26129,27968,1,FEASIBLE,WORSE
613,2,5,33,27639,29418,0,CAPACITY_EXCEEDED,INVALID
614,2,5,34,25965,27767,1,FEASIBLE,WORSE
615,2,5,35,26822,28619,1,FEASIBLE,WORSE
616,2,5,36,27534,29288,0,CAPACITY_EXCEEDED,INVALID
617,2,5,37,25843,27687,1,FEASIBLE,WORSE
618,2,5,38,25905,27664,1,FEASIBLE,WORSE
619,2,5,39,27547,29306,0,CAPACITY_EXCEEDED,INVALID
620,2,5,40,25877,27694,1,FEASIBLE,WORSE
621,2,5,41,25850,27706,1,FEASIBLE,WORSE
622,2,5,42,26286,28117,1,FEASIBLE,WORSE
623,2,5,43,27621,29383,0,CAPACITY_EXCEEDED,INVALID
624,2,5,44,25678,27420,1,FEASIBLE,WORSE
625,2,5,45,26802,28588,1,FEASIBLE,WORSE
626,2,5,46,25885,27698,1,FEASIBLE,WORSE
627,2,5,47,25924,27774,1,FEASIBLE,WORSE
628,2,5,48,27102,28839,1,FEASIBLE,WORSE
629,2,5,49,26109,27931,1,FEASIBLE,WORSE
630,2,5,50,27131,28893,1,FEASIBLE,WORSE
631,2,5,51,27565,29310,0,CAPACITY_EXCEEDED,INVALID
632,2,5,52,27141,28881,1,FEASIBLE,WORSE
633,2,5,53,27472,29238,0,CAPACITY_EXCEEDED,INVALID
634,2,5,54,26994,28747,1,FEASIBLE,WORSE
635,2,5,55,25757,27564,1,FEASIBLE,WORSE
636,2,5,56,25740,27572,1,FEASIBLE,WORSE
637,2,5,57,26178,27915,1,FEASIBLE,WORSE
638,2,5,58,26072,27819,1,FEASIBLE,WORSE
639,2,5,59,25719,27454,1,FEASIBLE,WORSE
640,2,5,60,27364,29144,1,FEASIBLE,WORSE
641,2,5,61,26153,27998,1,FEASIBLE,WORSE
642,2,5,62,26862,28646,1,FEASIBLE,WORSE
643,2,5,63,26315,28131,1,FEASIBLE,WORSE
644,2,5,64,25940,27749,1,FEASIBLE,WORSE
645,2,5,65,26473,28247,1,FEASIBLE,WORSE
646,2,5,66,25732,27524,1,FEASIBLE,WORSE
647,2,5,67,26909,28694,1,FEASIBLE,WORSE
648,2,5,68,25728,27577,1,FEASIBLE,WORSE
649,2,5,69,26330,28159,1,FEASIBLE,WORSE
650,2,5,70,27598,29332,0,CAPACITY_EXCEEDED,INVALID
651,2,5,71,27347,29088,1,FEASIBLE,WORSE
652,2,5,72,27145,28961,1,FEASIBLE,WORSE
653,2,5,73,27158,28914,1,FEASIBLE,WORSE
654,2,5,74,25988,27777,1,FEASIBLE,WORSE
655,2,5,75,27228,29010,1,FEASIBLE,WORSE
656,2,5,76,26952,28706,1,FEASIBLE,WORSE
657,2,5,77,26848,28618,1,FEASIBLE,WORSE
658,2,5,78,27152,28932,1,FEASIBLE,WORSE
659,2,5,79,27575,29352,0,CAPACITY_EXCEEDED,INVALID
660,2,5,80,26016,27846,1,FEASIBLE,WORSE
661,2,5,81,26564,28392,1,FEASIBLE,WORSE
662,2,5,82,27461,29257,0,CAPACITY_EXCEEDED,INVALID
663,2,5,83,25914,27720,1,FEASIBLE,WORSE
664,2,5,84,27548,29324,0,CAPACITY_EXCEEDED,INVALID
665,2,5,85,26448,28200,1,FEASIBLE,WORSE
666,2,5,86,25895,27636,1,FEASIBLE,WORSE
667,2,5,87,26581,28358,1,FEASIBLE,WORSE
668,2,5,88,25987,27834,1,FEASIBLE,WORSE
669,2,5,89,26366,28198,1,FEASIBLE,WORSE
670,2,5,90,26413,28231,1,FEASIBLE,WORSE
671,2,5,91,27516,29260,0,CAPACITY_EXCEEDED,INVALID
672,2,5,92,26747,28565,1,FEASIBLE,WORSE
673,2,5,93,26117,27946,1,FEASIBLE,WORSE
674,2,5,94,27494,29264,0,CAPACITY_EXCEEDED,INVALID
675,2,5,95,26885,28637,1,FEASIBLE,WORSE
676,2,5,96,26429,28202,1,FEASIBLE,WORSE
677,2,5,97,27521,29328,0,CAPACITY_EXCEEDED,INVALID
678,2,5,98,26217,28047,1,FEASIBLE,WORSE
679,2,5,99,25923,27672,1,FEASIBLE,WORSE
680,2,6,7,27737,29521,0,CAPACITY_EXCEEDED,INVALID
681,2,6,8,28652,30386,0,CAPACITY_EXCEEDED,INVALID
682,2,6,9,28653,30434,0,CAPACITY_EXCEEDED,INVALID
683,2,6,10,27464,29231,0,CAPACITY_EXCEEDED,INVALID
684,2,6,11,28205,29966,0,CAPACITY_EXCEEDED,INVALID
685,2,6,12,28477,30243,0,CAPACITY_EXCEEDED,INVALID
686,2,6,13,27652,29444,0,CAPACITY_EXCEEDED,INVALID
687,2,6,14,28770,30577,0,CAPACITY_EXCEEDED,INVALID
688,2,6,15,29041,30779,0,CAPACITY_EXCEEDED,INVALID
689,2,6,16,27096,28828,1,FEASIBLE,WORSE
690,2,6,17,28591,30351,0,CAPACITY_EXCEEDED,INVALID
691,2,6,18,28491,30228,0,CAPACITY_EXCEEDED,INVALID
692,2,6,19,28315,30114,0,CAPACITY_EXCEEDED,INVALID
693,2,6,20,28010,29792,0,CAPACITY_EXCEEDED,INVALID
694,2,6,21,28018,29780,0,CAPACITY_EXCEEDED,INVALID
695,2,6,22,28511,30263,0,CAPACITY_EXCEEDED,INVALID
696,2,6,23,27727,29590,0,CAPACITY_EXCEEDED,INVALID
697,2,6,24,28427,30163,0,CAPACITY_EXCEEDED,INVALID
698,2,6,25,27154,28994,1,FEASIBLE,WORSE
699,2,6,26,27520,29297,0,CAPACITY_EXCEEDED,INVALID
700,2,6,27,27485,29267,0,CAPACITY_EXCEEDED,INVALID
701,2,6,28,27809,29558,0,CAPACITY_EXCEEDED,INVALID
702,2,6,29,28022,29782,0,CAPACITY_EXCEEDED,INVALID
703,2,6,30,27720,29477,0,CAPACITY_EXCEEDED,INVALID
704,2,6,31,27909,29698,0,CAPACITY_EXCEEDED,INVALID
705,2,6,32,27535,29370,0,CAPACITY_EXCEEDED,INVALID
706,2,6,33,29045,30820,0,CAPACITY_EXCEEDED,INVALID
707,2,6,34,27371,29169,1,FEASIBLE,WORSE
708,2,6,35,28228,30021,0,CAPACITY_EXCEEDED,INVALID
709,2,6,36,28940,30690,0,CAPACITY_EXCEEDED,INVALID
710,2,6,37,27249,29089,1,FEASIBLE,WORSE
711,2,6,38,27311,29066,1,FEASIBLE,WORSE
712,2,6,39,28953,30708,0,CAPACITY_EXCEEDED,INVALID
713,2,6,40,27283,29096,1,FEASIBLE,WORSE
714,2,6,41,27256,29108,1,FEASIBLE,WORSE
715,2,6,42,27692,29519,0,CAPACITY_EXCEEDED,INVALID
716,2,6,43,29027,30785,0,CAPACITY_EXCEEDED,INVALID
717,2,6,44,27084,28822,1,FEASIBLE,WORSE
718,2,6,45,28208,29990,0,CAPACITY_EXCEEDED,INVALID
719,2,6,46,27291,29100,1,FEASIBLE,WORSE
720,2,6,47,27330,29176,1,FEASIBLE,WORSE
721,2,6,48,28508,30241,0,CAPACITY_EXCEEDED,INVALID
722,2,6,49,27515,29333,0,CAPACITY_EXCEEDED,INVALID
723,2,6,50,28537,30295,0,CAPACITY_EXCEEDED,INVALID
724,2,6,51,28971,30712,0,CAPACITY_EXCEEDED,INVALID
725,2,6,52,28547,30283,0,CAPACITY_EXCEEDED,INVALID
726,2,6,53,28878,30640,0,CAPACITY_EXCEEDED,INVALID
727,2,6,54,28400,30149,0,CAPACITY_EXCEEDED,INVALID
728,2,6,55,27163,28966,1,FEASIBLE,WORSE
729,2,6,56,27146,28974,1,FEASIBLE,WORSE
730,2,6,57,27584,29317,0,CAPACITY_EXCEEDED,INVALID
731,2,6,58,27478,29221,0,CAPACITY_EXCEEDED,INVALID
732,2,6,59,27125,28856,1,FEASIBLE,WORSE
733,2,6,60,28770,30546,0,CAPACITY_EXCEEDED,INVALID
734,2,6,61,27559,29400,0,CAPACITY_EXCEEDED,INVALID
735,2,6,62,28268,30048,0,CAPACITY_EXCEEDED,INVALID
736,2,6,63,27721,29533,0,CAPACITY_EXCEEDED,INVALID
737,2,6,64,27346,29151,1,FEASIBLE,WORSE
738,2,6,65,27879,29649,0,CAPACITY_EXCEEDED,INVALID
739,2,6,66,27138,28926,1,FEASIBLE,WORSE
740,2,6,67,28315,30096,0,CAPACITY_EXCEEDED,INVALID
741,2,6,68,27134,28979,1,FEASIBLE,WORSE
742,2,6,69,27736,29561,0,CAPACITY_EXCEEDED,INVALID
743,2,6,70,29004,30734,0,CAPACITY_EXCEEDED,INVALID
744,2,6,71,28753,30490,0,CAPACITY_EXCEEDED,INVALID
745,2,6,72,28551,30363,0,CAPACITY_EXCEEDED,INVALID
746,2,6,73,28564,30316,0,CAPACITY_EXCEEDED,INVALID
747,2,6,74,27394,29179,0,CAPACITY_EXCEEDED,INVALID
748,2,6,75,28634,30412,0,CAPACITY_EXCEEDED,INVALID
749,2,6,76,28358,30108,0,CAPACITY_EXCEEDED,INVALID
750,2,6,77,28254,30020,0,CAPACITY_EXCEEDED,INVALID
751,2,6,78,28558,30334,0,CAPACITY_EXCEEDED,INVALID
752,2,6,79,28981,30754,0,CAPACITY_EXCEEDED,INVALID
753,2,6,80,27422,29248,0,CAPACITY_EXCEEDED,INVALID
754,2,6,81,27970,29794,0,CAPACITY_EXCEEDED,INVALID
755,2,6,82,28867,30659,0,CAPACITY_EXCEEDED,INVALID
756,2,6,83,27320,29122,1,FEASIBLE,WORSE
757,2,6,84,28954,30726,0,CAPACITY_EXCEEDED,INVALID
758,2,6,85,27854,29602,0,CAPACITY_EXCEEDED,INVALID
759,2,6,86,27301,29038,1,FEASIBLE,WORSE
760,2,6,87,27987,29760,0,CAPACITY_EXCEEDED,INVALID
761,2,6,88,27393,29236,0,CAPACITY_EXCEEDED,INVALID
762,2,6,89,27772,29600,0,CAPACITY_EXCEEDED,INVALID
763,2,6,90,27819,29633,0,CAPACITY_EXCEEDED,INVALID
764,2,6,91,28922,30662,0,CAPACITY_EXCEEDED,INVALID
765,2,6,92,28153,29967,0,CAPACITY_EXCEEDED,INVALID
766,2,6,93,27523,29348,0,CAPACITY_EXCEEDED,INVALID
767,2,6,94,28900,30666,0,CAPACITY_EXCEEDED,INVALID
768,2,6,95,28291,30039,0,CAPACITY_EXCEEDED,INVALID
769,2,6,96,27835,29604,0,CAPACITY_EXCEEDED,INVALID
770,2,6,97,28927,30730,0,CAPACITY_EXCEEDED,INVALID
771,2,6,98,27623,29449,0,CAPACITY_EXCEEDED,INVALID
772,2,6,99,27329,29074,1,FEASIBLE,WORSE
773,2,7,8,27673,29456,0,CAPACITY_EXCEEDED,INVALID
774,2,7,9,27674,29504,0,CAPACITY_EXCEEDED,INVALID
775,2,7,10,26485,28301,1,FEASIBLE,WORSE
776,2,7,11,27226,29036,1,FEASIBLE,WORSE
777,2,7,12,27498,29313,0,CAPACITY_EXCEEDED,INVALID
778,2,7,13,26673,28514,1,FEASIBLE,WORSE
779,2,7,14,27791,29647,0,CAPACITY_EXCEEDED,INVALID
780,2,7,15,28062,29849,0,CAPACITY_EXCEEDED,INVALID
781,2,7,16,26117,27898,1,FEASIBLE,WORSE
782,2,7,17,27612,29421,0,CAPACITY_EXCEEDED,INVALID
783,2,7,18,27512,29298,0,CAPACITY_EXCEEDED,INVALID
784,2,7,19,27336,29184,1,FEASIBLE,WORSE
785,2,7,20,27031,28862,1,FEASIBLE,WORSE
786,2,7,21,27039,28850,1,FEASIBLE,WORSE
787,2,7,22,27532,29333,0,CAPACITY_EXCEEDED,INVALID
788,2,7,23,26748,28660,1,FEASIBLE,WORSE
789,2,7,24,27448,29233,0,CAPACITY_EXCEEDED,INVALID
790,2,7,25,26175,28064,1,FEASIBLE,WORSE
791,2,7,26,26541,28367,1,FEASIBLE,WORSE
792,2,7,27,26506,28337,1,FEASIBLE,WORSE
793,2,7,28,26830,28628,1,FEASIBLE,WORSE
794,2,7,29,27043,28852,1,FEASIBLE,WORSE
795,2,7,30,26741,28547,1,FEASIBLE,WORSE
796,2,7,31,26930,28768,1,FEASIBLE,WORSE
797,2,7,32,26556,28440,1,FEASIBLE,WORSE
798,2,7,33,28066,29890,0,CAPACITY_EXCEEDED,INVALID
799,2,7,34,26392,28239,1,FEASIBLE,WORSE
800,2,7,35,27249,29091,1,FEASIBLE,WORSE
801,2,7,36,27961,29760,0,CAPACITY_EXCEEDED,INVALID
802,2,7,37,26270,28159,1,FEASIBLE,WORSE
803,2,7,38,26332,28136,1,FEASIBLE,WORSE
804,2,7,39,27974,29778,0,CAPACITY_EXCEEDED,INVALID
805,2,7,40,26304,28166,1,FEASIBLE,WORSE
806,2,7,41,26277,28178,1,FEASIBLE,WORSE
807,2,7,42,26713,28589,1,FEASIBLE,WORSE
808,2,7,43,28048,29855,0,CAPACITY_EXCEEDED,INVALID
809,2,7,44,26105,27892,1,FEASIBLE,WORSE
810,2,7,45,27229,29060,1,FEASIBLE,WORSE
811,2,7,46,26312,28170,1,FEASIBLE,WORSE
812,2,7,47,26351,28246,1,FEASIBLE,WORSE
813,2,7,48,27529,29311,0,CAPACITY_EXCEEDED,INVALID
814,2,7,49,26536,28403,1,FEASIBLE,WORSE
815,2,7,50,27558,29365,0,CAPACITY_EXCEEDED,INVALID
816,2,7,51,27992,29782,0,CAPACITY_EXCEEDED,INVALID
817,2,7,52,27568,29353,0,CAPACITY_EXCEEDED,INVALID
818,2,7,53,27899,29710,0,CAPACITY_EXCEEDED,INVALID
819,2,7,54,27421,29219,0,CAPACITY_EXCEEDED,INVALID
820,2,7,55,26184,28036,1,FEASIBLE,WORSE
821,2,7,56,26167,28044,1,FEASIBLE,WORSE
822,2,7,57,26605,28387,1,FEASIBLE,WORSE
823,2,7,58,26499,28291,1,FEASIBLE,WORSE
824,2,7,59,26146,27926,1,FEASIBLE,WORSE
825,2,7,60,27791,29616,0,CAPACITY_EXCEEDED,INVALID
826,2,7,61,26580,28470,1,FEASIBLE,WORSE
827,2,7,62,27289,29118,1,FEASIBLE,WORSE
828,2,7,63,26742,28603,1,FEASIBLE,WORSE
829,2,7,64,26367,28221,1,FEASIBLE,WORSE
830,2,7,65,26900,28719,1,FEASIBLE,WORSE
831,2,7,66,26159,27996,1,FEASIBLE,WORSE
832,2,7,67,27336,29166,1,FEASIBLE,WORSE
833,2,7,68,26155,28049,1,FEASIBLE,WORSE
834,2,7,69,26757,28631,1,FEASIBLE,WORSE
835,2,7,70,28025,29804,0,CAPACITY_EXCEEDED,INVALID
836,2,7,71,27774,29560,0,CAPACITY_EXCEEDED,INVALID
837,2,7,72,27572,29433,0,CAPACITY_EXCEEDED,INVALID
838,2,7,73,27585,29386,0,CAPACITY_EXCEEDED,INVALID
839,2,7,74,26415,28249,1,FEASIBLE,WORSE
840,2,7,75,27655,29482,0,CAPACITY_EXCEEDED,INVALID
841,2,7,76,27379,29178,1,FEASIBLE,WORSE
842,2,7,77,27275,29090,1,FEASIBLE,WORSE
843,2,7,78,27579,29404,0,CAPACITY_EXCEEDED,INVALID
844,2,7,79,28002,29824,0,CAPACITY_EXCEEDED,INVALID
845,2,7,80,26443,28318,1,FEASIBLE,WORSE
846,2,7,81,26991,28864,1,FEASIBLE,WORSE
847,2,7,82,27888,29729,0,CAPACITY_EXCEEDED,INVALID
848,2,7,83,26341,28192,1,FEASIBLE,WORSE
849,2,7,84,27975,29796,0,CAPACITY_EXCEEDED,INVALID
850,2,7,85,26875,28672,1,FEASIBLE,WORSE
851,2,7,86,26322,28108,1,FEASIBLE,WORSE
852,2,7,87,27008,28830,1,FEASIBLE,WORSE
853,2,7,88,26414,28306,1,FEASIBLE,WORSE
854,2,7,89,26793,28670,1,FEASIBLE,WORSE
855,2,7,90,26840,28703,1,FEASIBLE,WORSE
856,2,7,91,27943,29732,0,CAPACITY_EXCEEDED,INVALID
857,2,7,92,27174,29037,1,FEASIBLE,WORSE
858,2,7,93,26544,28418,1,FEASIBLE,WORSE
859,2,7,94,27921,29736,0,CAPACITY_EXCEEDED,INVALID
860,2,7,95,27312,29109,1,FEASIBLE,WORSE
861,2,7,96,26856,28674,1,FEASIBLE,WORSE
862,2,7,97,27948,29800,0,CAPACITY_EXCEEDED,INVALID
863,2,7,98,26644,28519,1,FEASIBLE,WORSE
864,2,7,99,26350,28144,1,FEASIBLE,WORSE
865,2,8,9,28589,30369,0,CAPACITY_EXCEEDED,INVALID
866,2,8,10,27400,29166,0,CAPACITY_EXCEEDED,INVALID
867,2,8,11,28141,29901,0,CAPACITY_EXCEEDED,INVALID
868,2,8,12,28413,30178,0,CAPACITY_EXCEEDED,INVALID
869,2,8,13,27588,29379,0,CAPACITY_EXCEEDED,INVALID
870,2,8,14,28706,30512,0,CAPACITY_EXCEEDED,INVALID
871,2,8,15,28977,30714,0,CAPACITY_EXCEEDED,INVALID
872,2,8,16,27032,28763,1,FEASIBLE,WORSE
873,2,8,17,28527,30286,0,CAPACITY_EXCEEDED,INVALID
874,2,8,18,28427,30163,0,CAPACITY_EXCEEDED,INVALID
875,2,8,19,28251,30049,0,CAPACITY_EXCEEDED,INVALID
876,2,8,20,27946,29727,0,CAPACITY_EXCEEDED,INVALID
877,2,8,21,27954,29715,0,CAPACITY_EXCEEDED,INVALID
878,2,8,22,28447,30198,0,CAPACITY_EXCEEDED,INVALID
879,2,8,23,27663,29525,0,CAPACITY_EXCEEDED,INVALID
880,2,8,24,28363,30098,0,CAPACITY_EXCEEDED,INVALID
881,2,8,25,27090,28929,1,FEASIBLE,WORSE
882,2,8,26,27456,29232,0,CAPACITY_EXCEEDED,INVALID
883,2,8,27,27421,29202,0,CAPACITY_EXCEEDED,INVALID
884,2,8,28,27745,29493,0,CAPACITY_EXCEEDED,INVALID
885,2,8,29,27958,29717,0,CAPACITY_EXCEEDED,INVALID
886,2,8,30,27656,29412,0,CAPACITY_EXCEEDED,INVALID
887,2,8,31,27845,29633,0,CAPACITY_EXCEEDED,INVALID
888,2,8,32,27471,29305,0,CAPACITY_EXCEEDED,INVALID
889,2,8,33,28981,30755,0,CAPACITY_EXCEEDED,INVALID
890,2,8,34,27307,29104,1,FEASIBLE,WORSE
891,2,8,35,28164,29956,0,CAPACITY_EXCEEDED,INVALID
892,2,8,36,28876,30625,0,CAPACITY_EXCEEDED,INVALID
893,2,8,37,27185,29024,1,FEASIBLE,WORSE
894,2,8,38,27247,29001,1,FEASIBLE,WORSE
895,2,8,39,28889,30643,0,CAPACITY_EXCEEDED,INVALID
896,2,8,40,27219,29031,1,FEASIBLE,WORSE
897,2,8,41,27192,29043,1,FEASIBLE,WORSE
898,2,8,42,27628,29454,0,CAPACITY_EXCEEDED,INVALID
899,2,8,43,28963,30720,0,CAPACITY_EXCEEDED,INVALID
900,2,8,44,27020,28757,1,FEASIBLE,WORSE
901,2,8,45,28144,29925,0,CAPACITY_EXCEEDED,INVALID
902,2,8,46,27227,29035,1,FEASIBLE,WORSE
903,2,8,47,27266,29111,1,FEASIBLE,WORSE
904,2,8,48,28444,30176,0,CAPACITY_EXCEEDED,INVALID
905,2,8,49,27451,29268,0,CAPACITY_EXCEEDED,INVALID
906,2,8,50,28473,30230,0,CAPACITY_EXCEEDED,INVALID
907,2,8,51,28907,30647,0,CAPACITY_EXCEEDED,INVALID
908,2,8,52,28483,30218,0,CAPACITY_EXCEEDED,INVALID
909,2,8,53,28814,30575,0,CAPACITY_EXCEEDED,INVALID
910,2,8,54,28336,30084,0,CAPACITY_EXCEEDED,INVALID
911,2,8,55,27099,28901,1,FEASIBLE,WORSE
912,2,8,56,27082,28909,1,FEASIBLE,WORSE
913,2,8,57,27520,29252,0,CAPACITY_EXCEEDED,INVALID
914,2,8,58,27414,29156,0,CAPACITY_EXCEEDED,INVALID
915,2,8,59,27061,28791,1,FEASIBLE,WORSE
916,2,8,60,28706,30481,0,CAPACITY_EXCEEDED,INVALID
917,2,8,61,27495,29335,0,CAPACITY_EXCEEDED,INVALID
918,2,8,62,28204,29983,0,CAPACITY_EXCEEDED,INVALID
919,2,8,63,27657,29468,0,CAPACITY_EXCEEDED,INVALID
920,2,8,64,27282,29086,1,FEASIBLE,WORSE
921,2,8,65,27815,29584,0,CAPACITY_EXCEEDED,INVALID
922,2,8,66,27074,28861,1,FEASIBLE,WORSE
923,2,8,67,28251,30031,0,CAPACITY_EXCEEDED,INVALID
924,2,8,68,27070,28914,1,FEASIBLE,WORSE
925,2,8,69,27672,29496,0,CAPACITY_EXCEEDED,INVALID
926,2,8,70,28940,30669,0,CAPACITY_EXCEEDED,INVALID
927,2,8,71,28689,30425,0,CAPACITY_EXCEEDED,INVALID
928,2,8,72,28487,30298,0,CAPACITY_EXCEEDED,INVALID
929,2,8,73,28500,30251,0,CAPACITY_EXCEEDED,INVALID
930,2,8,74,27330,29114,1,FEASIBLE,WORSE
931,2,8,75,28570,30347,0,CAPACITY_EXCEEDED,INVALID
932,2,8,76,28294,30043,0,CAPACITY_EXCEEDED,INVALID
933,2,8,77,28190,29955,0,CAPACITY_EXCEEDED,INVALID
934,2,8,78,28494,30269,0,CAPACITY_EXCEEDED,INVALID
935,2,8,79,28917,30689,0,CAPACITY_EXCEEDED,INVALID
936,2,8,80,27358,29183,1,FEASIBLE,WORSE
937,2,8,81,27906,29729,0,CAPACITY_EXCEEDED,INVALID
938,2,8,82,28803,30594,0,CAPACITY_EXCEEDED,INVALID
939,2,8,83,27256,29057,1,FEASIBLE,WORSE
940,2,8,84,28890,30661,0,CAPACITY_EXCEEDED,INVALID
941,2,8,85,27790,29537,0,CAPACITY_EXCEEDED,INVALID
942,2,8,86,27237,28973,1,FEASIBLE,WORSE
943,2,8,87,27923,29695,0,CAPACITY_EXCEEDED,INVALID
944,2,8,88,27329,29171,1,FEASIBLE,WORSE
945,2,8,89,27708,29535,0,CAPACITY_EXCEEDED,INVALID
946,2,8,90,27755,29568,0,CAPACITY_EXCEEDED,INVALID
947,2,8,91,28858,30597,0,CAPACITY_EXCEEDED,INVALID
948,2,8,92,28089,29902,0,CAPACITY_EXCEEDED,INVALID
949,2,8,93,27459,29283,0,CAPACITY_EXCEEDED,INVALID
950,2,8,94,28836,30601,0,CAPACITY_EXCEEDED,INVALID
951,2,8,95,28227,29974,0,CAPACITY_EXCEEDED,INVALID
952,2,8,96,27771,29539,0,CAPACITY_EXCEEDED,INVALID
953,2,8,97,28863,30665,0,CAPACITY_EXCEEDED,INVALID
954,2,8,98,27559,29384,0,CAPACITY_EXCEEDED,INVALID
955,2,8,99,27265,29009,1,FEASIBLE,WORSE
956,2,9,10,27401,29214,0,CAPACITY_EXCEEDED,INVALID
957,2,9,11,28142,29949,0,CAPACITY_EXCEEDED,INVALID
958,2,9,12,28414,30226,0,CAPACITY_EXCEEDED,INVALID
959,2,9,13,27589,29427,0,CAPACITY_EXCEEDED,INVALID
960,2,9,14,28707,30560,0,CAPACITY_EXCEEDED,INVALID
961,2,9,15,28978,30762,0,CAPACITY_EXCEEDED,INVALID
962,2,9,16,27033,28811,1,FEASIBLE,WORSE
963,2,9,17,28528,30334,0,CAPACITY_EXCEEDED,INVALID
964,2,9,18,28428,30211,0,CAPACITY_EXCEEDED,INVALID
965,2,9,19,28252,30097,0,CAPACITY_EXCEEDED,INVALID
966,2,9,20,27947,29775,0,CAPACITY_EXCEEDED,INVALID
967,2,9,21,27955,29763,0,CAPACITY_EXCEEDED,INVALID
968,2,9,22,28448,30246,0,CAPACITY_EXCEEDED,INVALID
969,2,9,23,27664,29573,0,CAPACITY_EXCEEDED,INVALID
970,2,9,24,28364,30146,0,CAPACITY_EXCEEDED,INVALID
971,2,9,25,27091,28977,1,FEASIBLE,WORSE
972,2,9,26,27457,29280,0,CAPACITY_EXCEEDED,INVALID
973,2,9,27,27422,29250,0,CAPACITY_EXCEEDED,INVALID
974,2,9,28,27746,29541,0,CAPACITY_EXCEEDED,INVALID
975,2,9,29,27959,29765,0,CAPACITY_EXCEEDED,INVALID
976,2,9,30,27657,29460,0,CAPACITY_EXCEEDED,INVALID
977,2,9,31,27846,29681,0,CAPACITY_EXCEEDED,INVALID
978,2,9,32,27472,29353,0,CAPACITY_EXCEEDED,INVALID
979,2,9,33,28982,30803,0,CAPACITY_EXCEEDED,INVALID
980,2,9,34,27308,29152,1,FEASIBLE,WORSE
981,2,9,35,28165,30004,0,CAPACITY_EXCEEDED,INVALID
982,2,9,36,28877,30673,0,CAPACITY_EXCEEDED,INVALID
983,2,9,37,27186,29072,1,FEASIBLE,WORSE
984,2,9,38,27248,29049,1,FEASIBLE,WORSE
985,2,9,39,28890,30691,0,CAPACITY_EXCEEDED,INVALID
986,2,9,40,27220,29079,1,FEASIBLE,WORSE
987,2,9,41,27193,29091,1,FEASIBLE,WORSE
988,2,9,42,27629,29502,0,CAPACITY_EXCEEDED,INVALID
989,2,9,43,28964,30768,0,CAPACITY_EXCEEDED,INVALID
990,2,9,44,27021,28805,1,FEASIBLE,WORSE
991,2,9,45,28145,29973,0,CAPACITY_EXCEEDED,INVALID
992,2,9,46,27228,29083,1,FEASIBLE,WORSE
993,2,9,47,27267,29159,1,FEASIBLE,WORSE
994,2,9,48,28445,30224,0,CAPACITY_EXCEEDED,INVALID
995,2,9,49,27452,29316,0,CAPACITY_EXCEEDED,INVALID
996,2,9,50,28474,30278,0,CAPACITY_EXCEEDED,INVALID
997,2,9,51,28908,30695,0,CAPACITY_EXCEEDED,INVALID
998,2,9,52,28484,30266,0,CAPACITY_EXCEEDED,INVALID
999,2,9,53,28815,30623,0,CAPACITY_EXCEEDED,INVALID
1000,2,9,54,28337,30132,0,CAPACITY_EXCEEDED,INVALID
1001,2,9,55,27100,28949,1,FEASIBLE,WORSE
1002,2,9,56,27083,28957,1,FEASIBLE,WORSE
1003,2,9,57,27521,29300,0,CAPACITY_EXCEEDED,INVALID
1004,2,9,58,27415,29204,0,CAPACITY_EXCEEDED,INVALID
1005,2,9,59,27062,28839,1,FEASIBLE,WORSE
1006,2,9,60,28707,30529,0,CAPACITY_EXCEEDED,INVALID
1007,2,9,61,27496,29383,0,CAPACITY_EXCEEDED,INVALID
1008,2,9,62,28205,30031,0,CAPACITY_EXCEEDED,INVALID
1009,2,9,63,27658,29516,0,CAPACITY_EXCEEDED,INVALID
1010,2,9,64,27283,29134,1,FEASIBLE,WORSE
1011,2,9,65,27816,29632,0,CAPACITY_EXCEEDED,INVALID
1012,2,9,66,27075,28909,1,FEASIBLE,WORSE
1013,2,9,67,28252,30079,0,CAPACITY_EXCEEDED,INVALID
1014,2,9,68,27071,28962,1,FEASIBLE,WORSE
1015,2,9,69,27673,29544,0,CAPACITY_EXCEEDED,INVALID
1016,2,9,70,28941,30717,0,CAPACITY_EXCEEDED,INVALID
1017,2,9,71,28690,30473,0,CAPACITY_EXCEEDED,INVALID
1018,2,9,72,28488,30346,0,CAPACITY_EXCEEDED,INVALID
1019,2,9,73,28501,30299,0,CAPACITY_EXCEEDED,INVALID
1020,2,9,74,27331,29162,1,FEASIBLE,WORSE
1021,2,9,75,28571,30395,0,CAPACITY_EXCEEDED,INVALID
1022,2,9,76,28295,30091,0,CAPACITY_EXCEEDED,INVALID
1023,2,9,77,28191,30003,0,CAPACITY_EXCEEDED,INVALID
1024,2,9,78,28495,30317,0,CAPACITY_EXCEEDED,INVALID
1025,2,9,79,28918,30737,0,CAPACITY_EXCEEDED,INVALID
1026,2,9,80,27359,29231,1,FEASIBLE,WORSE
1027,2,9,81,27907,29777,0,CAPACITY_EXCEEDED,INVALID
1028,2,9,82,28804,30642,0,CAPACITY_EXCEEDED,INVALID
1029,2,9,83,27257,29105,1,FEASIBLE,WORSE
1030,2,9,84,28891,30709,0,CAPACITY_EXCEEDED,INVALID
1031,2,9,85,27791,29585,0,CAPACITY_EXCEEDED,INVALID
1032,2,9,86,27238,29021,1,FEASIBLE,WORSE
1033,2,9,87,27924,29743,0,CAPACITY_EXCEEDED,INVALID
1034,2,9,88,27330,29219,1,FEASIBLE,WORSE
1035,2,9,89,27709,29583,0,CAPACITY_EXCEEDED,INVALID
1036,2,9,90,27756,29616,0,CAPACITY_EXCEEDED,INVALID
1037,2,9,91,28859,30645,0,CAPACITY_EXCEEDED,INVALID
1038,2,9,92,28090,29950,0,CAPACITY_EXCEEDED,INVALID
1039,2,9,93,27460,29331,0,CAPACITY_EXCEEDED,INVALID
1040,2,9,94,28837,30649,0,CAPACITY_EXCEEDED,INVALID
1041,2,9,95,28228,30022,0,CAPACITY_EXCEEDED,INVALID
1042,2,9,96,27772,29587,0,CAPACITY_EXCEEDED,INVALID
1043,2,9,97,28864,30713,0,CAPACITY_EXCEEDED,INVALID
1044,2,9,98,27560,29432,0,CAPACITY_EXCEEDED,INVALID
1045,2,9,99,27266,29057,1,FEASIBLE,WORSE
1046,2,10,11,26953,28746,1,FEASIBLE,WORSE
1047,2,10,12,27225,29023,1,FEASIBLE,WORSE
1048,2,10,13,26400,28224,1,FEASIBLE,WORSE
1049,2,10,14,27518,29357,0,CAPACITY_EXCEEDED,INVALID
1050,2,10,15,27789,29559,0,CAPACITY_EXCEEDED,INVALID
1051,2,10,16,25844,27608,1,FEASIBLE,WORSE
1052,2,10,17,27339,29131,1,FEASIBLE,WORSE
1053,2,10,18,27239,29008,1,FEASIBLE,WORSE
1054,2,10,19,27063,28894,1,FEASIBLE,WORSE
1055,2,10,20,26758,28572,1,FEASIBLE,WORSE
1056,2,10,21,26766,28560,1,FEASIBLE,WORSE
1057,2,10,22,27259,29043,1,FEASIBLE,WORSE
1058,2,10,23,26475,28370,1,FEASIBLE,WORSE
1059,2,10,24,27175,28943,1,FEASIBLE,WORSE
1060,2,10,25,25902,27774,1,FEASIBLE,WORSE
1061,2,10,26,26268,28077,1,FEASIBLE,WORSE
1062,2,10,27,26233,28047,1,FEASIBLE,WORSE
1063,2,10,28,26557,28338,1,FEASIBLE,WORSE
1064,2,10,29,26770,28562,1,FEASIBLE,WORSE
1065,2,10,30,26468,28257,1,FEASIBLE,WORSE
1066,2,10,31,26657,28478,1,FEASIBLE,WORSE
1067,2,10,32,26283,28150,1,FEASIBLE,WORSE
1068,2,10,33,27793,29600,0,CAPACITY_EXCEEDED,INVALID
1069,2,10,34,26119,27949,1,FEASIBLE,WORSE
1070,2,10,35,26976,28801,1,FEASIBLE,WORSE
1071,2,10,36,27688,29470,0,CAPACITY_EXCEEDED,INVALID
1072,2,10,37,25997,27869,1,FEASIBLE,WORSE
1073,2,10,38,26059,27846,1,FEASIBLE,WORSE
1074,2,10,39,27701,29488,0,CAPACITY_EXCEEDED,INVALID
1075,2,10,40,26031,27876,1,FEASIBLE,WORSE
1076,2,10,41,26004,27888,1,FEASIBLE,WORSE
1077,2,10,42,26440,28299,1,FEASIBLE,WORSE
1078,2,10,43,27775,29565,0,CAPACITY_EXCEEDED,INVALID
1079,2,10,44,25832,27602,1,FEASIBLE,WORSE
1080,2,10,45,26956,28770,1,FEASIBLE,WORSE
1081,2,10,46,26039,27880,1,FEASIBLE,WORSE
1082,2,10,47,26078,27956,1,FEASIBLE,WORSE
1083,2,10,48,27256,29021,1,FEASIBLE,WORSE
1084,2,10,49,26263,28113,1,FEASIBLE,WORSE
1085,2,10,50,27285,29075,1,FEASIBLE,WORSE
1086,2,10,51,27719,29492,0,CAPACITY_EXCEEDED,INVALID
1087,2,10,52,27295,29063,1,FEASIBLE,WORSE
1088,2,10,53,27626,29420,0,CAPACITY_EXCEEDED,INVALID
1089,2,10,54,27148,28929,1,FEASIBLE,WORSE
1090,2,10,55,25911,27746,1,FEASIBLE,WORSE
1091,2,10,56,25894,27754,1,FEASIBLE,WORSE
1092,2,10,57,26332,28097,1,FEASIBLE,WORSE
1093,2,10,58,26226,28001,1,FEASIBLE,WORSE
1094,2,10,59,25873,27636,1,FEASIBLE,WORSE
1095,2,10,60,27518,29326,0,CAPACITY_EXCEEDED,INVALID
1096,2,10,61,26307,28180,1,FEASIBLE,WORSE
1097,2,10,62,27016,28828,1,FEASIBLE,WORSE
1098,2,10,63,26469,28313,1,FEASIBLE,WORSE
1099,2,10,64,26094,27931,1,FEASIBLE,WORSE
1100,2,10,65,26627,28429,1,FEASIBLE,WORSE
1101,2,10,66,25886,27706,1,FEASIBLE,WORSE
1102,2,10,67,27063,28876,1,FEASIBLE,WORSE
1103,2,10,68,25882,27759,1,FEASIBLE,WORSE
1104,2,10,69,26484,28341,1,FEASIBLE,WORSE
1105,2,10,70,27752,29514,0,CAPACITY_EXCEEDED,INVALID
1106,2,10,71,27501,29270,0,CAPACITY_EXCEEDED,INVALID
1107,2,10,72,27299,29143,1,FEASIBLE,WORSE
1108,2,10,73,27312,29096,1,FEASIBLE,WORSE
1109,2,10,74,26142,27959,1,FEASIBLE,WORSE
1110,2,10,75,27382,29192,0,CAPACITY_EXCEEDED,INVALID
1111,2,10,76,27106,28888,1,FEASIBLE,WORSE
1112,2,10,77,27002,28800,1,FEASIBLE,WORSE
1113,2,10,78,27306,29114,1,FEASIBLE,WORSE
1114,2,10,79,27729,29534,0,CAPACITY_EXCEEDED,INVALID
1115,2,10,80,26170,28028,1,FEASIBLE,WORSE
1116,2,10,81,26718,28574,1,FEASIBLE,WORSE
1117,2,10,82,27615,29439,0,CAPACITY_EXCEEDED,INVALID
1118,2,10,83,26068,27902,1,FEASIBLE,WORSE
1119,2,10,84,27702,29506,0,CAPACITY_EXCEEDED,INVALID
1120,2,10,85,26602,28382,1,FEASIBLE,WORSE
1121,2,10,86,26049,27818,1,FEASIBLE,WORSE
1122,2,10,87,26735,28540,1,FEASIBLE,WORSE
1123,2,10,88,26141,28016,1,FEASIBLE,WORSE
1124,2,10,89,26520,28380,1,FEASIBLE,WORSE
1125,2,10,90,26567,28413,1,FEASIBLE,WORSE
1126,2,10,91,27670,29442,0,CAPACITY_EXCEEDED,INVALID
1127,2,10,92,26901,28747,1,FEASIBLE,WORSE
1128,2,10,93,26271,28128,1,FEASIBLE,WORSE
1129,2,10,94,27648,29446,0,CAPACITY_EXCEEDED,INVALID
1130,2,10,95,27039,28819,1,FEASIBLE,WORSE
1131,2,10,96,26583,28384,1,FEASIBLE,WORSE
1132,2,10,97,27675,29510,0,CAPACITY_EXCEEDED,INVALID
1133,2,10,98,26371,28229,1,FEASIBLE,WORSE
1134,2,10,99,26077,27854,1,FEASIBLE,WORSE
1135,2,11,12,27966,29758,0,CAPACITY_EXCEEDED,INVALID
1136,2,11,13,27141,28959,1,FEASIBLE,WORSE
1137,2,11,14,28259,30092,0,CAPACITY_EXCEEDED,INVALID
1138,2,11,15,28530,30294,0,CAPACITY_EXCEEDED,INVALID
1139,2,11,16,26585,28343,1,FEASIBLE,WORSE
1140,2,11,17,28080,29866,0,CAPACITY_EXCEEDED,INVALID
1141,2,11,18,27980,29743,0,CAPACITY_EXCEEDED,INVALID
1142,2,11,19,27804,29629,0,CAPACITY_EXCEEDED,INVALID
1143,2,11,20,27499,29307,0,CAPACITY_EXCEEDED,INVALID
1144,2,11,21,27507,29295,0,CAPACITY_EXCEEDED,INVALID
1145,2,11,22,28000,29778,0,CAPACITY_EXCEEDED,INVALID
1146,2,11,23,27216,29105,1,FEASIBLE,WORSE
1147,2,11,24,27916,29678,0,CAPACITY_EXCEEDED,INVALID
1148,2,11,25,26643,28509,1,FEASIBLE,WORSE
1149,2,11,26,27009,28812,1,FEASIBLE,WORSE
1150,2,11,27,26974,28782,1,FEASIBLE,WORSE
1151,2,11,28,27298,29073,1,FEASIBLE,WORSE
1152,2,11,29,27511,29297,0,CAPACITY_EXCEEDED,INVALID
1153,2,11,30,27209,28992,1,FEASIBLE,WORSE
1154,2,11,31,27398,29213,0,CAPACITY_EXCEEDED,INVALID
1155,2,11,32,27024,28885,1,FEASIBLE,WORSE
1156,2,11,33,28534,30335,0,CAPACITY_EXCEEDED,INVALID
1157,2,11,34,26860,28684,1,FEASIBLE,WORSE
1158,2,11,35,27717,29536,0,CAPACITY_EXCEEDED,INVALID
1159,2,11,36,28429,30205,0,CAPACITY_EXCEEDED,INVALID
1160,2,11,37,26738,28604,1,FEASIBLE,WORSE
1161,2,11,38,26800,28581,1,FEASIBLE,WORSE
1162,2,11,39,28442,30223,0,CAPACITY_EXCEEDED,INVALID
1163,2,11,40,26772,28611,1,FEASIBLE,WORSE
1164,2,11,41,26745,28623,1,FEASIBLE,WORSE
1165,2,11,42,27181,29034,1,FEASIBLE,WORSE
1166,2,11,43,28516,30300,0,CAPACITY_EXCEEDED,INVALID
1167,2,11,44,26573,28337,1,FEASIBLE,WORSE
1168,2,11,45,27697,29505,0,CAPACITY_EXCEEDED,INVALID
1169,2,11,46,26780,28615,1,FEASIBLE,WORSE
1170,2,11,47,26819,28691,1,FEASIBLE,WORSE
1171,2,11,48,27997,29756,0,CAPACITY_EXCEEDED,INVALID
1172,2,11,49,27004,28848,1,FEASIBLE,WORSE
1173,2,11,50,28026,29810,0,CAPACITY_EXCEEDED,INVALID
1174,2,11,51,28460,30227,0,CAPACITY_EXCEEDED,INVALID
1175,2,11,52,28036,29798,0,CAPACITY_EXCEEDED,INVALID
1176,2,11,53,28367,30155,0,CAPACITY_EXCEEDED,INVALID
1177,2,11,54,27889,29664,0,CAPACITY_EXCEEDED,INVALID
1178,2,11,55,26652,28481,1,FEASIBLE,WORSE
1179,2,11,56,26635,28489,1,FEASIBLE,WORSE
1180,2,11,57,27073,28832,1,FEASIBLE,WORSE
1181,2,11,58,26967,28736,1,FEASIBLE,WORSE
1182,2,11,59,26614,28371,1,FEASIBLE,WORSE
1183,2,11,60,28259,30061,0,CAPACITY_EXCEEDED,INVALID
1184,2,11,61,27048,28915,1,FEASIBLE,WORSE
1185,2,11,62,27757,29563,0,CAPACITY_EXCEEDED,INVALID
1186,2,11,63,27210,29048,1,FEASIBLE,WORSE
1187,2,11,64,26835,28666,1,FEASIBLE,WORSE
1188,2,11,65,27368,29164,1,FEASIBLE,WORSE
1189,2,11,66,26627,28441,1,FEASIBLE,WORSE
1190,2,11,67,27804,29611,0,CAPACITY_EXCEEDED,INVALID
1191,2,11,68,26623,28494,1,FEASIBLE,WORSE
1192,2,11,69,27225,29076,1,FEASIBLE,WORSE
1193,2,11,70,28493,30249,0,CAPACITY_EXCEEDED,INVALID
1194,2,11,71,28242,30005,0,CAPACITY_EXCEEDED,INVALID
1195,2,11,72,28040,29878,0,CAPACITY_EXCEEDED,INVALID
1196,2,11,73,28053,29831,0,CAPACITY_EXCEEDED,INVALID
1197,2,11,74,26883,28694,1,FEASIBLE,WORSE
1198,2,11,75,28123,29927,0,CAPACITY_EXCEEDED,INVALID
1199,2,11,76,27847,29623,0,CAPACITY_EXCEEDED,INVALID
1200,2,11,77,27743,29535,0,CAPACITY_EXCEEDED,INVALID
1201,2,11,78,28047,29849,0,CAPACITY_EXCEEDED,INVALID
1202,2,11,79,28470,30269,0,CAPACITY_EXCEEDED,INVALID
1203,2,11,80,26911,28763,1,FEASIBLE,WORSE
1204,2,11,81,27459,29309,0,CAPACITY_EXCEEDED,INVALID
1205,2,11,82,28356,30174,0,CAPACITY_EXCEEDED,INVALID
1206,2,11,83,26809,28637,1,FEASIBLE,WORSE
1207,2,11,84,28443,30241,0,CAPACITY_EXCEEDED,INVALID
1208,2,11,85,27343,29117,1,FEASIBLE,WORSE
1209,2,11,86,26790,28553,1,FEASIBLE,WORSE
1210,2,11,87,27476,29275,0,CAPACITY_EXCEEDED,INVALID
1211,2,11,88,26882,28751,1,FEASIBLE,WORSE
1212,2,11,89,27261,29115,1,FEASIBLE,WORSE
1213,2,11,90,27308,29148,1,FEASIBLE,WORSE
1214,2,11,91,28411,30177,0,CAPACITY_EXCEEDED,INVALID
1215,2,11,92,27642,29482,0,CAPACITY_EXCEEDED,INVALID
1216,2,11,93,27012,28863,1,FEASIBLE,WORSE
1217,2,11,94,28389,30181,0,CAPACITY_EXCEEDED,INVALID
1218,2,11,95,27780,29554,0,CAPACITY_EXCEEDED,INVALID
1219,2,11,96,27324,29119,1,FEASIBLE,WORSE
1220,2,11,97,28416,30245,0,CAPACITY_EXCEEDED,INVALID
1221,2,11,98,27112,28964,1,FEASIBLE,WORSE
1222,2,11,99,26818,28589,1,FEASIBLE,WORSE
1223,2,12,13,27413,29236,0,CAPACITY_EXCEEDED,INVALID
1224,2,12,14,28531,30369,0,CAPACITY_EXCEEDED,INVALID
1225,2,12,15,28802,30571,0,CAPACITY_EXCEEDED,INVALID
1226,2,12,16,26857,28620,1,FEASIBLE,WORSE
1227,2,12,17,28352,30143,0,CAPACITY_EXCEEDED,INVALID
1228,2,12,18,28252,30020,0,CAPACITY_EXCEEDED,INVALID
1229,2,12,19,28076,29906,0,CAPACITY_EXCEEDED,INVALID
1230,2,12,20,27771,29584,0,CAPACITY_EXCEEDED,INVALID
1231,2,12,21,27779,29572,0,CAPACITY_EXCEEDED,INVALID
1232,2,12,22,28272,30055,0,CAPACITY_EXCEEDED,INVALID
1233,2,12,23,27488,29382,0,CAPACITY_EXCEEDED,INVALID
1234,2,12,24,28188,29955,0,CAPACITY_EXCEEDED,INVALID
1235,2,12,25,26915,28786,1,FEASIBLE,WORSE
1236,2,12,26,27281,29089,1,FEASIBLE,WORSE
1237,2,12,27,27246,29059,1,FEASIBLE,WORSE
1238,2,12,28,27570,29350,0,CAPACITY_EXCEEDED,INVALID
1239,2,12,29,27783,29574,0,CAPACITY_EXCEEDED,INVALID
1240,2,12,30,27481,29269,0,CAPACITY_EXCEEDED,INVALID
1241,2,12,31,27670,29490,0,CAPACITY_EXCEEDED,INVALID
1242,2,12,32,27296,29162,1,FEASIBLE,WORSE
1243,2,12,33,28806,30612,0,CAPACITY_EXCEEDED,INVALID
1244,2,12,34,27132,28961,1,FEASIBLE,WORSE
1245,2,12,35,27989,29813,0,CAPACITY_EXCEEDED,INVALID
1246,2,12,36,28701,30482,0,CAPACITY_EXCEEDED,INVALID
1247,2,12,37,27010,28881,1,FEASIBLE,WORSE
1248,2,12,38,27072,28858,1,FEASIBLE,WORSE
1249,2,12,39,28714,30500,0,CAPACITY_EXCEEDED,INVALID
1250,2,12,40,27044,28888,1,FEASIBLE,WORSE
1251,2,12,41,27017,28900,1,FEASIBLE,WORSE
1252,2,12,42,27453,29311,0,CAPACITY_EXCEEDED,INVALID
1253,2,12,43,28788,30577,0,CAPACITY_EXCEEDED,INVALID
1254,2,12,44,26845,28614,1,FEASIBLE,WORSE
1255,2,12,45,27969,29782,0,CAPACITY_EXCEEDED,INVALID
1256,2,12,46,27052,28892,1,FEASIBLE,WORSE
1257,2,12,47,27091,28968,1,FEASIBLE,WORSE
1258,2,12,48,28269,30033,0,CAPACITY_EXCEEDED,INVALID
1259,2,12,49,27276,29125,1,FEASIBLE,WORSE
1260,2,12,50,28298,30087,0,CAPACITY_EXCEEDED,INVALID
1261,2,12,51,28732,30504,0,CAPACITY_EXCEEDED,INVALID
1262,2,12,52,28308,30075,0,CAPACITY_EXCEEDED,INVALID
1263,2,12,53,28639,30432,0,CAPACITY_EXCEEDED,INVALID
1264,2,12,54,28161,29941,0,CAPACITY_EXCEEDED,INVALID
1265,2,12,55,26924,28758,1,FEASIBLE,WORSE
1266,2,12,56,26907,28766,1,FEASIBLE,WORSE
1267,2,12,57,27345,29109,1,FEASIBLE,WORSE
1268,2,12,58,27239,29013,1,FEASIBLE,WORSE
1269,2,12,59,26886,28648,1,FEASIBLE,WORSE
1270,2,12,60,28531,30338,0,CAPACITY_EXCEEDED,INVALID
1271,2,12,61,27320,29192,1,FEASIBLE,WORSE
1272,2,12,62,28029,29840,0,CAPACITY_EXCEEDED,INVALID
1273,2,12,63,27482,29325,0,CAPACITY_EXCEEDED,INVALID
1274,2,12,64,27107,28943,1,FEASIBLE,WORSE
1275,2,12,65,27640,29441,0,CAPACITY_EXCEEDED,INVALID
1276,2,12,66,26899,28718,1,FEASIBLE,WORSE
1277,2,12,67,28076,29888,0,CAPACITY_EXCEEDED,INVALID
1278,2,12,68,26895,28771,1,FEASIBLE,WORSE
1279,2,12,69,27497,29353,0,CAPACITY_EXCEEDED,INVALID
1280,2,12,70,28765,30526,0,CAPACITY_EXCEEDED,INVALID
1281,2,12,71,28514,30282,0,CAPACITY_EXCEEDED,INVALID
1282,2,12,72,28312,30155,0,CAPACITY_EXCEEDED,INVALID
1283,2,12,73,28325,30108,0,CAPACITY_EXCEEDED,INVALID
1284,2,12,74,27155,28971,1,FEASIBLE,WORSE
1285,2,12,75,28395,30204,0,CAPACITY_EXCEEDED,INVALID
1286,2,12,76,28119,29900,0,CAPACITY_EXCEEDED,INVALID
1287,2,12,77,28015,29812,0,CAPACITY_EXCEEDED,INVALID
1288,2,12,78,28319,30126,0,CAPACITY_EXCEEDED,INVALID
1289,2,12,79,28742,30546,0,CAPACITY_EXCEEDED,INVALID
1290,2,12,80,27183,29040,1,FEASIBLE,WORSE
1291,2,12,81,27731,29586,0,CAPACITY_EXCEEDED,INVALID
1292,2,12,82,28628,30451,0,CAPACITY_EXCEEDED,INVALID
1293,2,12,83,27081,28914,1,FEASIBLE,WORSE
1294,2,12,84,28715,30518,0,CAPACITY_EXCEEDED,INVALID
1295,2,12,85,27615,29394,0,CAPACITY_EXCEEDED,INVALID
1296,2,12,86,27062,28830,1,FEASIBLE,WORSE
1297,2,12,87,27748,29552,0,CAPACITY_EXCEEDED,INVALID
1298,2,12,88,27154,29028,1,FEASIBLE,WORSE
1299,2,12,89,27533,29392,0,CAPACITY_EXCEEDED,INVALID
1300,2,12,90,27580,29425,0,CAPACITY_EXCEEDED,INVALID
1301,2,12,91,28683,30454,0,CAPACITY_EXCEEDED,INVALID
1302,2,12,92,27914,29759,0,CAPACITY_EXCEEDED,INVALID
1303,2,12,93,27284,29140,1,FEASIBLE,WORSE
1304,2,12,94,28661,30458,0,CAPACITY_EXCEEDED,INVALID
1305,2,12,95,28052,29831,0,CAPACITY_EXCEEDED,INVALID
1306,2,12,96,27596,29396,0,CAPACITY_EXCEEDED,INVALID
1307,2,12,97,28688,30522,0,CAPACITY_EXCEEDED,INVALID
1308,2,12,98,27384,29241,0,CAPACITY_EXCEEDED,INVALID
1309,2,12,99,27090,28866,1,FEASIBLE,WORSE
1310,2,13,14,27706,29570,0,CAPACITY_EXCEEDED,INVALID
1311,2,13,15,27977,29772,0,CAPACITY_EXCEEDED,INVALID
1312,2,13,16,26032,27821,1,FEASIBLE,WORSE
1313,2,13,17,27527,29344,0,CAPACITY_EXCEEDED,INVALID
1314,2,13,18,27427,29221,0,CAPACITY_EXCEEDED,INVALID
1315,2,13,19,27251,29107,1,FEASIBLE,WORSE
1316,2,13,20,26946,28785,1,FEASIBLE,WORSE
1317,2,13,21,26954,28773,1,FEASIBLE,WORSE
1318,2,13,22,27447,29256,0,CAPACITY_EXCEEDED,INVALID
1319,2,13,23,26663,28583,1,FEASIBLE,WORSE
1320,2,13,24,27363,29156,1,FEASIBLE,WORSE
1321,2,13,25,26090,27987,1,FEASIBLE,WORSE
1322,2,13,26,26456,28290,1,FEASIBLE,WORSE
1323,2,13,27,26421,28260,1,FEASIBLE,WORSE
1324,2,13,28,26745,28551,1,FEASIBLE,WORSE
1325,2,13,29,26958,28775,1,FEASIBLE,WORSE
1326,2,13,30,26656,28470,1,FEASIBLE,WORSE
1327,2,13,31,26845,28691,1,FEASIBLE,WORSE
1328,2,13,32,26471,28363,1,FEASIBLE,WORSE
1329,2,13,33,27981,29813,0,CAPACITY_EXCEEDED,INVALID
1330,2,13,34,26307,28162,1,FEASIBLE,WORSE
1331,2,13,35,27164,29014,1,FEASIBLE,WORSE
1332,2,13,36,27876,29683,0,CAPACITY_EXCEEDED,INVALID
1333,2,13,37,26185,28082,1,FEASIBLE,WORSE
1334,2,13,38,26247,28059,1,FEASIBLE,WORSE
1335,2,13,39,27889,29701,0,CAPACITY_EXCEEDED,INVALID
1336,2,13,40,26219,28089,1,FEASIBLE,WORSE
1337,2,13,41,26192,28101,1,FEASIBLE,WORSE
1338,2,13,42,26628,28512,1,FEASIBLE,WORSE
1339,2,13,43,27963,29778,0,CAPACITY_EXCEEDED,INVALID
1340,2,13,44,26020,27815,1,FEASIBLE,WORSE
1341,2,13,45,27144,28983,1,FEASIBLE,WORSE
1342,2,13,46,26227,28093,1,FEASIBLE,WORSE
1343,2,13,47,26266,28169,1,FEASIBLE,WORSE
1344,2,13,48,27444,29234,0,CAPACITY_EXCEEDED,INVALID
1345,2,13,49,26451,28326,1,FEASIBLE,WORSE
1346,2,13,50,27473,29288,0,CAPACITY_EXCEEDED,INVALID
1347,2,13,51,27907,29705,0,CAPACITY_EXCEEDED,INVALID
1348,2,13,52,27483,29276,0,CAPACITY_EXCEEDED,INVALID
1349,2,13,53,27814,29633,0,CAPACITY_EXCEEDED,INVALID
1350,2,13,54,27336,29142,1,FEASIBLE,WORSE
1351,2,13,55,26099,27959,1,FEASIBLE,WORSE
1352,2,13,56,26082,27967,1,FEASIBLE,WORSE
1353,2,13,57,26520,28310,1,FEASIBLE,WORSE
1354,2,13,58,26414,28214,1,FEASIBLE,WORSE
1355,2,13,59,26061,27849,1,FEASIBLE,WORSE
1356,2,13,60,27706,29539,0,CAPACITY_EXCEEDED,INVALID
1357,2,13,61,26495,28393,1,FEASIBLE,WORSE
1358,2,13,62,27204,29041,1,FEASIBLE,WORSE
1359,2,13,63,26657,28526,1,FEASIBLE,WORSE
1360,2,13,64,26282,28144,1,FEASIBLE,WORSE
1361,2,13,65,26815,28642,1,FEASIBLE,WORSE
1362,2,13,66,26074,27919,1,FEASIBLE,WORSE
1363,2,13,67,27251,29089,1,FEASIBLE,WORSE
1364,2,13,68,26070,27972,1,FEASIBLE,WORSE
1365,2,13,69,26672,28554,1,FEASIBLE,WORSE
1366,2,13,70,27940,29727,0,CAPACITY_EXCEEDED,INVALID
1367,2,13,71,27689,29483,0,CAPACITY_EXCEEDED,INVALID
1368,2,13,72,27487,29356,0,CAPACITY_EXCEEDED,INVALID
1369,2,13,73,27500,29309,0,CAPACITY_EXCEEDED,INVALID
1370,2,13,74,26330,28172,1,FEASIBLE,WORSE
1371,2,13,75,27570,29405,0,CAPACITY_EXCEEDED,INVALID
1372,2,13,76,27294,29101,1,FEASIBLE,WORSE
1373,2,13,77,27190,29013,1,FEASIBLE,WORSE
1374,2,13,78,27494,29327,0,CAPACITY_EXCEEDED,INVALID
1375,2,13,79,27917,29747,0,CAPACITY_EXCEEDED,INVALID
1376,2,13,80,26358,28241,1,FEASIBLE,WORSE
1377,2,13,81,26906,28787,1,FEASIBLE,WORSE
1378,2,13,82,27803,29652,0,CAPACITY_EXCEEDED,INVALID
1379,2,13,83,26256,28115,1,FEASIBLE,WORSE
1380,2,13,84,27890,29719,0,CAPACITY_EXCEEDED,INVALID
1381,2,13,85,26790,28595,1,FEASIBLE,WORSE
1382,2,13,86,26237,28031,1,FEASIBLE,WORSE
1383,2,13,87,26923,28753,1,FEASIBLE,WORSE
1384,2,13,88,26329,28229,1,FEASIBLE,WORSE
1385,2,13,89,26708,28593,1,FEASIBLE,WORSE
1386,2,13,90,26755,28626,1,FEASIBLE,WORSE
1387,2,13,91,27858,29655,0,CAPACITY_EXCEEDED,INVALID
1388,2,13,92,27089,28960,1,FEASIBLE,WORSE
1389,2,13,93,26459,28341,1,FEASIBLE,WORSE
1390,2,13,94,27836,29659,0,CAPACITY_EXCEEDED,INVALID
1391,2,13,95,27227,29032,1,FEASIBLE,WORSE
1392,2,13,96,26771,28597,1,FEASIBLE,WORSE
1393,2,13,97,27863,29723,0,CAPACITY_EXCEEDED,INVALID
1394,2,13,98,26559,28442,1,FEASIBLE,WORSE
1395,2,13,99,26265,28067,1,FEASIBLE,WORSE
1396,2,14,15,29095,30905,0,CAPACITY_EXCEEDED,INVALID
1397,2,14,16,27150,28954,1,FEASIBLE,WORSE
1398,2,14,17,28645,30477,0,CAPACITY_EXCEEDED,INVALID
1399,2,14,18,28545,30354,0,CAPACITY_EXCEEDED,INVALID
1400,2,14,19,28369,30240,0,CAPACITY_EXCEEDED,INVALID
1401,2,14,20,28064,29918,0,CAPACITY_EXCEEDED,INVALID
1402,2,14,21,28072,29906,0,CAPACITY_EXCEEDED,INVALID
1403,2,14,22,28565,30389,0,CAPACITY_EXCEEDED,INVALID
1404,2,14,23,27781,29716,0,CAPACITY_EXCEEDED,INVALID
1405,2,14,24,28481,30289,0,CAPACITY_EXCEEDED,INVALID
1406,2,14,25,27208,29120,1,FEASIBLE,WORSE
1407,2,14,26,27574,29423,0,CAPACITY_EXCEEDED,INVALID
1408,2,14,27,27539,29393,0,CAPACITY_EXCEEDED,INVALID
1409,2,14,28,27863,29684,0,CAPACITY_EXCEEDED,INVALID
1410,2,14,29,28076,29908,0,CAPACITY_EXCEEDED,INVALID
1411,2,14,30,27774,29603,0,CAPACITY_EXCEEDED,INVALID
1412,2,14,31,27963,29824,0,CAPACITY_EXCEEDED,INVALID
1413,2,14,32,27589,29496,0,CAPACITY_EXCEEDED,INVALID
1414,2,14,33,29099,30946,0,CAPACITY_EXCEEDED,INVALID
1415,2,14,34,27425,29295,0,CAPACITY_EXCEEDED,INVALID
1416,2,14,35,28282,30147,0,CAPACITY_EXCEEDED,INVALID
1417,2,14,36,28994,30816,0,CAPACITY_EXCEEDED,INVALID
1418,2,14,37,27303,29215,1,FEASIBLE,WORSE
1419,2,14,38,27365,29192,1,FEASIBLE,WORSE
1420,2,14,39,29007,30834,0,CAPACITY_EXCEEDED,INVALID
1421,2,14,40,27337,29222,1,FEASIBLE,WORSE
1422,2,14,41,27310,29234,1,FEASIBLE,WORSE
1423,2,14,42,27746,29645,0,CAPACITY_EXCEEDED,INVALID
1424,2,14,43,29081,30911,0,CAPACITY_EXCEEDED,INVALID
1425,2,14,44,27138,28948,1,FEASIBLE,WORSE
1426,2,14,45,28262,30116,0,CAPACITY_EXCEEDED,INVALID
1427,2,14,46,27345,29226,1,FEASIBLE,WORSE
1428,2,14,47,27384,29302,0,CAPACITY_EXCEEDED,INVALID
1429,2,14,48,28562,30367,0,CAPACITY_EXCEEDED,INVALID
1430,2,14,49,27569,29459,0,CAPACITY_EXCEEDED,INVALID
1431,2,14,50,28591,30421,0,CAPACITY_EXCEEDED,INVALID
1432,2,14,51,29025,30838,0,CAPACITY_EXCEEDED,INVALID
1433,2,14,52,28601,30409,0,CAPACITY_EXCEEDED,INVALID
1434,2,14,53,28932,30766,0,CAPACITY_EXCEEDED,INVALID
1435,2,14,54,28454,30275,0,CAPACITY_EXCEEDED,INVALID
1436,2,14,55,27217,29092,1,FEASIBLE,WORSE
1437,2,14,56,27200,29100,1,FEASIBLE,WORSE
1438,2,14,57,27638,29443,0,CAPACITY_EXCEEDED,INVALID
1439,2,14,58,27532,29347,0,CAPACITY_EXCEEDED,INVALID
1440,2,14,59,27179,28982,1,FEASIBLE,WORSE
1441,2,14,60,28824,30672,0,CAPACITY_EXCEEDED,INVALID
1442,2,14,61,27613,29526,0,CAPACITY_EXCEEDED,INVALID
1443,2,14,62,28322,30174,0,CAPACITY_EXCEEDED,INVALID
1444,2,14,63,27775,29659,0,CAPACITY_EXCEEDED,INVALID
1445,2,14,64,27400,29277,0,CAPACITY_EXCEEDED,INVALID
1446,2,14,65,27933,29775,0,CAPACITY_EXCEEDED,INVALID
1447,2,14,66,27192,29052,1,FEASIBLE,WORSE
1448,2,14,67,28369,30222,0,CAPACITY_EXCEEDED,INVALID
1449,2,14,68,27188,29105,1,FEASIBLE,WORSE
1450,2,14,69,27790,29687,0,CAPACITY_EXCEEDED,INVALID
1451,2,14,70,29058,30860,0,CAPACITY_EXCEEDED,INVALID
1452,2,14,71,28807,30616,0,CAPACITY_EXCEEDED,INVALID
1453,2,14,72,28605,30489,0,CAPACITY_EXCEEDED,INVALID
1454,2,14,73,28618,30442,0,CAPACITY_EXCEEDED,INVALID
1455,2,14,74,27448,29305,0,CAPACITY_EXCEEDED,INVALID
1456,2,14,75,28688,30538,0,CAPACITY_EXCEEDED,INVALID
1457,2,14,76,28412,30234,0,CAPACITY_EXCEEDED,INVALID
1458,2,14,77,28308,30146,0,CAPACITY_EXCEEDED,INVALID
1459,2,14,78,28612,30460,0,CAPACITY_EXCEEDED,INVALID
1460,2,14,79,29035,30880,0,CAPACITY_EXCEEDED,INVALID
1461,2,14,80,27476,29374,0,CAPACITY_EXCEEDED,INVALID
1462,2,14,81,28024,29920,0,CAPACITY_EXCEEDED,INVALID
1463,2,14,82,28921,30785,0,CAPACITY_EXCEEDED,INVALID
1464,2,14,83,27374,29248,1,FEASIBLE,WORSE
1465,2,14,84,29008,30852,0,CAPACITY_EXCEEDED,INVALID
1466,2,14,85,27908,29728,0,CAPACITY_EXCEEDED,INVALID
1467,2,14,86,27355,29164,1,FEASIBLE,WORSE
1468,2,14,87,28041,29886,0,CAPACITY_EXCEEDED,INVALID
1469,2,14,88,27447,29362,0,CAPACITY_EXCEEDED,INVALID
1470,2,14,89,27826,29726,0,CAPACITY_EXCEEDED,INVALID
1471,2,14,90,27873,29759,0,CAPACITY_EXCEEDED,INVALID
1472,2,14,91,28976,30788,0,CAPACITY_EXCEEDED,INVALID
1473,2,14,92,28207,30093,0,CAPACITY_EXCEEDED,INVALID
1474,2,14,93,27577,29474,0,CAPACITY_EXCEEDED,INVALID
1475,2,14,94,28954,30792,0,CAPACITY_EXCEEDED,INVALID
1476,2,14,95,28345,30165,0,CAPACITY_EXCEEDED,INVALID
1477,2,14,96,27889,29730,0,CAPACITY_EXCEEDED,INVALID
1478,2,14,97,28981,30856,0,CAPACITY_EXCEEDED,INVALID
1479,2,14,98,27677,29575,0,CAPACITY_EXCEEDED,INVALID
1480,2,14,99,27383,29200,0,CAPACITY_EXCEEDED,INVALID
1481,2,15,16,27421,29156,0,CAPACITY_EXCEEDED,INVALID
1482,2,15,17,28916,30679,0,CAPACITY_EXCEEDED,INVALID
1483,2,15,18,28816,30556,0,CAPACITY_EXCEEDED,INVALID
1484,2,15,19,28640,30442,0,CAPACITY_EXCEEDED,INVALID
1485,2,15,20,28335,30120,0,CAPACITY_EXCEEDED,INVALID
1486,2,15,21,28343,30108,0,CAPACITY_EXCEEDED,INVALID
1487,2,15,22,28836,30591,0,CAPACITY_EXCEEDED,INVALID
1488,2,15,23,28052,29918,0,CAPACITY_EXCEEDED,INVALID
1489,2,15,24,28752,30491,0,CAPACITY_EXCEEDED,INVALID
1490,2,15,25,27479,29322,0,CAPACITY_EXCEEDED,INVALID
1491,2,15,26,27845,29625,0,CAPACITY_EXCEEDED,INVALID
1492,2,15,27,27810,29595,0,CAPACITY_EXCEEDED,INVALID
1493,2,15,28,28134,29886,0,CAPACITY_EXCEEDED,INVALID
1494,2,15,29,28347,30110,0,CAPACITY_EXCEEDED,INVALID
1495,2,15,30,28045,29805,0,CAPACITY_EXCEEDED,INVALID
1496,2,15,31,28234,30026,0,CAPACITY_EXCEEDED,INVALID
1497,2,15,32,27860,29698,0,CAPACITY_EXCEEDED,INVALID
1498,2,15,33,29370,31148,0,CAPACITY_EXCEEDED,INVALID
1499,2,15,34,27696,29497,0,CAPACITY_EXCEEDED,INVALID
1500,2,15,35,28553,30349,0,CAPACITY_EXCEEDED,INVALID
1501,2,15,36,29265,31018,0,CAPACITY_EXCEEDED,INVALID
1502,2,15,37,27574,29417,0,CAPACITY_EXCEEDED,INVALID
1503,2,15,38,27636,29394,0,CAPACITY_EXCEEDED,INVALID
1504,2,15,39,29278,31036,0,CAPACITY_EXCEEDED,INVALID
1505,2,15,40,27608,29424,0,CAPACITY_EXCEEDED,INVALID
1506,2,15,41,27581,29436,0,CAPACITY_EXCEEDED,INVALID
1507,2,15,42,28017,29847,0,CAPACITY_EXCEEDED,INVALID
1508,2,15,43,29352,31113,0,CAPACITY_EXCEEDED,INVALID
1509,2,15,44,27409,29150,0,CAPACITY_EXCEEDED,INVALID
1510,2,15,45,28533,30318,0,CAPACITY_EXCEEDED,INVALID
1511,2,15,46,27616,29428,0,CAPACITY_EXCEEDED,INVALID
1512,2,15,47,27655,29504,0,CAPACITY_EXCEEDED,INVALID
1513,2,15,48,28833,30569,0,CAPACITY_EXCEEDED,INVALID
1514,2,15,49,27840,29661,0,CAPACITY_EXCEEDED,INVALID
1515,2,15,50,28862,30623,0,CAPACITY_EXCEEDED,INVALID
1516,2,15,51,29296,31040,0,CAPACITY_EXCEEDED,INVALID
1517,2,15,52,28872,30611,0,CAPACITY_EXCEEDED,INVALID
1518,2,15,53,29203,30968,0,CAPACITY_EXCEEDED,INVALID
1519,2,15,54,28725,30477,0,CAPACITY_EXCEEDED,INVALID
1520,2,15,55,27488,29294,0,CAPACITY_EXCEEDED,INVALID
1521,2,15,56,27471,29302,0,CAPACITY_EXCEEDED,INVALID
1522,2,15,57,27909,29645,0,CAPACITY_EXCEEDED,INVALID
1523,2,15,58,27803,29549,0,CAPACITY_EXCEEDED,INVALID
1524,2,15,59,27450,29184,0,CAPACITY_EXCEEDED,INVALID
1525,2,15,60,29095,30874,0,CAPACITY_EXCEEDED,INVALID
1526,2,15,61,27884,29728,0,CAPACITY_EXCEEDED,INVALID
1527,2,15,62,28593,30376,0,CAPACITY_EXCEEDED,INVALID
1528,2,15,63,28046,29861,0,CAPACITY_EXCEEDED,INVALID
1529,2,15,64,27671,29479,0,CAPACITY_EXCEEDED,INVALID
1530,2,15,65,28204,29977,0,CAPACITY_EXCEEDED,INVALID
1531,2,15,66,27463,29254,0,CAPACITY_EXCEEDED,INVALID
1532,2,15,67,28640,30424,0,CAPACITY_EXCEEDED,INVALID
1533,2,15,68,27459,29307,0,CAPACITY_EXCEEDED,INVALID
1534,2,15,69,28061,29889,0,CAPACITY_EXCEEDED,INVALID
1535,2,15,70,29329,31062,0,CAPACITY_EXCEEDED,INVALID
1536,2,15,71,29078,30818,0,CAPACITY_EXCEEDED,INVALID
1537,2,15,72,28876,30691,0,CAPACITY_EXCEEDED,INVALID
1538,2,15,73,28889,30644,0,CAPACITY_EXCEEDED,INVALID
1539,2,15,74,27719,29507,0,CAPACITY_EXCEEDED,INVALID
1540,2,15,75,28959,30740,0,CAPACITY_EXCEEDED,INVALID
1541,2,15,76,28683,30436,0,CAPACITY_EXCEEDED,INVALID
1542,2,15,77,28579,30348,0,CAPACITY_EXCEEDED,INVALID
1543,2,15,78,28883,30662,0,CAPACITY_EXCEEDED,INVALID
1544,2,15,79,29306,31082,0,CAPACITY_EXCEEDED,INVALID
1545,2,15,80,27747,29576,0,CAPACITY_EXCEEDED,INVALID
1546,2,15,81,28295,30122,0,CAPACITY_EXCEEDED,INVALID
1547,2,15,82,29192,30987,0,CAPACITY_EXCEEDED,INVALID
1548,2,15,83,27645,29450,0,CAPACITY_EXCEEDED,INVALID
1549,2,15,84,29279,31054,0,CAPACITY_EXCEEDED,INVALID
1550,2,15,85,28179,29930,0,CAPACITY_EXCEEDED,INVALID
1551,2,15,86,27626,29366,0,CAPACITY_EXCEEDED,INVALID
1552,2,15,87,28312,30088,0,CAPACITY_EXCEEDED,INVALID
1553,2,15,88,27718,29564,0,CAPACITY_EXCEEDED,INVALID
1554,2,15,89,28097,29928,0,CAPACITY_EXCEEDED,INVALID
1555,2,15,90,28144,29961,0,CAPACITY_EXCEEDED,INVALID
1556,2,15,91,29247,30990,0,CAPACITY_EXCEEDED,INVALID
1557,2,15,92,28478,30295,0,CAPACITY_EXCEEDED,INVALID
1558,2,15,93,27848,29676,0,CAPACITY_EXCEEDED,INVALID
1559,2,15,94,29225,30994,0,CAPACITY_EXCEEDED,INVALID
1560,2,15,95,28616,30367,0,CAPACITY_EXCEEDED,INVALID
1561,2,15,96,28160,29932,0,CAPACITY_EXCEEDED,INVALID
1562,2,15,97,29252,31058,0,CAPACITY_EXCEEDED,INVALID
1563,2,15,98,27948,29777,0,CAPACITY_EXCEEDED,INVALID
1564,2,15,99,27654,29402,0,CAPACITY_EXCEEDED,INVALID
1565,2,16,17,26971,28728,1,FEASIBLE,WORSE
1566,2,16,18,26871,28605,1,FEASIBLE,WORSE
1567,2,16,19,26695,28491,1,FEASIBLE,WORSE
1568,2,16,20,26390,28169,1,FEASIBLE,WORSE
1569,2,16,21,26398,28157,1,FEASIBLE,WORSE
1570,2,16,22,26891,28640,1,FEASIBLE,WORSE
1571,2,16,23,26107,27967,1,FEASIBLE,WORSE
1572,2,16,24,26807,28540,1,FEASIBLE,WORSE
1573,2,16,25,25534,27371,1,FEASIBLE,WORSE
1574,2,16,26,25900,27674,1,FEASIBLE,WORSE
1575,2,16,27,25865,27644,1,FEASIBLE,WORSE
1576,2,16,28,26189,27935,1,FEASIBLE,WORSE
1577,2,16,29,26402,28159,1,FEASIBLE,WORSE
1578,2,16,30,26100,27854,1,FEASIBLE,WORSE
1579,2,16,31,26289,28075,1,FEASIBLE,WORSE
1580,2,16,32,25915,27747,1,FEASIBLE,WORSE
1581,2,16,33,27425,29197,0,CAPACITY_EXCEEDED,INVALID
1582,2,16,34,25751,27546,1,FEASIBLE,WORSE
1583,2,16,35,26608,28398,1,FEASIBLE,WORSE
1584,2,16,36,27320,29067,1,FEASIBLE,WORSE
1585,2,16,37,25629,27466,1,FEASIBLE,WORSE
1586,2,16,38,25691,27443,1,FEASIBLE,WORSE
1587,2,16,39,27333,29085,1,FEASIBLE,WORSE
1588,2,16,40,25663,27473,1,FEASIBLE,WORSE
1589,2,16,41,25636,27485,1,FEASIBLE,WORSE
1590,2,16,42,26072,27896,1,FEASIBLE,WORSE
1591,2,16,43,27407,29162,0,CAPACITY_EXCEEDED,INVALID
1592,2,16,44,25464,27199,1,FEASIBLE,WORSE
1593,2,16,45,26588,28367,1,FEASIBLE,WORSE
1594,2,16,46,25671,27477,1,FEASIBLE,WORSE
1595,2,16,47,25710,27553,1,FEASIBLE,WORSE
1596,2,16,48,26888,28618,1,FEASIBLE,WORSE
1597,2,16,49,25895,27710,1,FEASIBLE,WORSE
1598,2,16,50,26917,28672,1,FEASIBLE,WORSE
1599,2,16,51,27351,29089,1,FEASIBLE,WORSE
1600,2,16,52,26927,28660,1,FEASIBLE,WORSE
1601,2,16,53,27258,29017,1,FEASIBLE,WORSE
1602,2,16,54,26780,28526,1,FEASIBLE,WORSE
1603,2,16,55,25543,27343,1,FEASIBLE,WORSE
1604,2,16,56,25526,27351,1,FEASIBLE,WORSE
1605,2,16,57,25964,27694,1,FEASIBLE,WORSE
1606,2,16,58,25858,27598,1,FEASIBLE,WORSE
1607,2,16,59,25505,27233,1,FEASIBLE,WORSE
1608,2,16,60,27150,28923,1,FEASIBLE,WORSE
1609,2,16,61,25939,27777,1,FEASIBLE,WORSE
1610,2,16,62,26648,28425,1,FEASIBLE,WORSE
1611,2,16,63,26101,27910,1,FEASIBLE,WORSE
1612,2,16,64,25726,27528,1,FEASIBLE,WORSE
1613,2,16,65,26259,28026,1,FEASIBLE,WORSE
1614,2,16,66,25518,27303,1,FEASIBLE,WORSE
1615,2,16,67,26695,28473,1,FEASIBLE,WORSE
1616,2,16,68,25514,27356,1,FEASIBLE,WORSE
1617,2,16,69,26116,27938,1,FEASIBLE,WORSE
1618,2,16,70,27384,29111,0,CAPACITY_EXCEEDED,INVALID
1619,2,16,71,27133,28867,1,FEASIBLE,WORSE
1620,2,16,72,26931,28740,1,FEASIBLE,WORSE
1621,2,16,73,26944,28693,1,FEASIBLE,WORSE
1622,2,16,74,25774,27556,1,FEASIBLE,WORSE
1623,2,16,75,27014,28789,1,FEASIBLE,WORSE
1624,2,16,76,26738,28485,1,FEASIBLE,WORSE
1625,2,16,77,26634,28397,1,FEASIBLE,WORSE
1626,2,16,78,26938,28711,1,FEASIBLE,WORSE
1627,2,16,79,27361,29131,1,FEASIBLE,WORSE
1628,2,16,80,25802,27625,1,FEASIBLE,WORSE
1629,2,16,81,26350,28171,1,FEASIBLE,WORSE
1630,2,16,82,27247,29036,1,FEASIBLE,WORSE
1631,2,16,83,25700,27499,1,FEASIBLE,WORSE
1632,2,16,84,27334,29103,1,FEASIBLE,WORSE
1633,2,16,85,26234,27979,1,FEASIBLE,WORSE
1634,2,16,86,25681,27415,1,FEASIBLE,WORSE
1635,2,16,87,26367,28137,1,FEASIBLE,WORSE
1636,2,16,88,25773,27613,1,FEASIBLE,WORSE
1637,2,16,89,26152,27977,1,FEASIBLE,WORSE
1638,2,16,90,26199,28010,1,FEASIBLE,WORSE
1639,2,16,91,27302,29039,1,FEASIBLE,WORSE
1640,2,16,92,26533,28344,1,FEASIBLE,WORSE
1641,2,16,93,25903,27725,1,FEASIBLE,WORSE
1642,2,16,94,27280,29043,1,FEASIBLE,WORSE
1643,2,16,95,26671,28416,1,FEASIBLE,WORSE
1644,2,16,96,26215,27981,1,FEASIBLE,WORSE
1645,2,16,97,27307,29107,1,FEASIBLE,WORSE
1646,2,16,98,26003,27826,1,FEASIBLE,WORSE
1647,2,16,99,25709,27451,1,FEASIBLE,WORSE
1648,2,17,18,28366,30128,0,CAPACITY_EXCEEDED,INVALID
1649,2,17,19,28190,30014,0,CAPACITY_EXCEEDED,INVALID
1650,2,17,20,27885,29692,0,CAPACITY_EXCEEDED,INVALID
1651,2,17,21,27893,29680,0,CAPACITY_EXCEEDED,INVALID
1652,2,17,22,28386,30163,0,CAPACITY_EXCEEDED,INVALID
1653,2,17,23,27602,29490,0,CAPACITY_EXCEEDED,INVALID
1654,2,17,24,28302,30063,0,CAPACITY_EXCEEDED,INVALID
1655,2,17,25,27029,28894,1,FEASIBLE,WORSE
1656,2,17,26,27395,29197,0,CAPACITY_EXCEEDED,INVALID
1657,2,17,27,27360,29167,1,FEASIBLE,WORSE
1658,2,17,28,27684,29458,0,CAPACITY_EXCEEDED,INVALID
1659,2,17,29,27897,29682,0,CAPACITY_EXCEEDED,INVALID
1660,2,17,30,27595,29377,0,CAPACITY_EXCEEDED,INVALID
1661,2,17,31,27784,29598,0,CAPACITY_EXCEEDED,INVALID
1662,2,17,32,27410,29270,0,CAPACITY_EXCEEDED,INVALID
1663,2,17,33,28920,30720,0,CAPACITY_EXCEEDED,INVALID
1664,2,17,34,27246,29069,1,FEASIBLE,WORSE
1665,2,17,35,28103,29921,0,CAPACITY_EXCEEDED,INVALID
1666,2,17,36,28815,30590,0,CAPACITY_EXCEEDED,INVALID
1667,2,17,37,27124,28989,1,FEASIBLE,WORSE
1668,2,17,38,27186,28966,1,FEASIBLE,WORSE
1669,2,17,39,28828,30608,0,CAPACITY_EXCEEDED,INVALID
1670,2,17,40,27158,28996,1,FEASIBLE,WORSE
1671,2,17,41,27131,29008,1,FEASIBLE,WORSE
1672,2,17,42,27567,29419,0,CAPACITY_EXCEEDED,INVALID
1673,2,17,43,28902,30685,0,CAPACITY_EXCEEDED,INVALID
1674,2,17,44,26959,28722,1,FEASIBLE,WORSE
1675,2,17,45,28083,29890,0,CAPACITY_EXCEEDED,INVALID
1676,2,17,46,27166,29000,1,FEASIBLE,WORSE
1677,2,17,47,27205,29076,1,FEASIBLE,WORSE
1678,2,17,48,28383,30141,0,CAPACITY_EXCEEDED,INVALID
1679,2,17,49,27390,29233,0,CAPACITY_EXCEEDED,INVALID
1680,2,17,50,28412,30195,0,CAPACITY_EXCEEDED,INVALID
1681,2,17,51,28846,30612,0,CAPACITY_EXCEEDED,INVALID
1682,2,17,52,28422,30183,0,CAPACITY_EXCEEDED,INVALID
1683,2,17,53,28753,30540,0,CAPACITY_EXCEEDED,INVALID
1684,2,17,54,28275,30049,0,CAPACITY_EXCEEDED,INVALID
1685,2,17,55,27038,28866,1,FEASIBLE,WORSE
1686,2,17,56,27021,28874,1,FEASIBLE,WORSE
1687,2,17,57,27459,29217,0,CAPACITY_EXCEEDED,INVALID
1688,2,17,58,27353,29121,1,FEASIBLE,WORSE
1689,2,17,59,27000,28756,1,FEASIBLE,WORSE
1690,2,17,60,28645,30446,0,CAPACITY_EXCEEDED,INVALID
1691,2,17,61,27434,29300,0,CAPACITY_EXCEEDED,INVALID
1692,2,17,62,28143,29948,0,CAPACITY_EXCEEDED,INVALID
1693,2,17,63,27596,29433,0,CAPACITY_EXCEEDED,INVALID
1694,2,17,64,27221,29051,1,FEASIBLE,WORSE
1695,2,17,65,27754,29549,0,CAPACITY_EXCEEDED,INVALID
1696,2,17,66,27013,28826,1,FEASIBLE,WORSE
1697,2,17,67,28190,29996,0,CAPACITY_EXCEEDED,INVALID
1698,2,17,68,27009,28879,1,FEASIBLE,WORSE
1699,2,17,69,27611,29461,0,CAPACITY_EXCEEDED,INVALID
1700,2,17,70,28879,30634,0,CAPACITY_EXCEEDED,INVALID
1701,2,17,71,28628,30390,0,CAPACITY_EXCEEDED,INVALID
1702,2,17,72,28426,30263,0,CAPACITY_EXCEEDED,INVALID
1703,2,17,73,28439,30216,0,CAPACITY_EXCEEDED,INVALID
1704,2,17,74,27269,29079,1,FEASIBLE,WORSE
1705,2,17,75,28509,30312,0,CAPACITY_EXCEEDED,INVALID
1706,2,17,76,28233,30008,0,CAPACITY_EXCEEDED,INVALID
1707,2,17,77,28129,29920,0,CAPACITY_EXCEEDED,INVALID
1708,2,17,78,28433,30234,0,CAPACITY_EXCEEDED,INVALID
1709,2,17,79,28856,30654,0,CAPACITY_EXCEEDED,INVALID
1710,2,17,80,27297,29148,1,FEASIBLE,WORSE
1711,2,17,81,27845,29694,0,CAPACITY_EXCEEDED,INVALID
1712,2,17,82,28742,30559,0,CAPACITY_EXCEEDED,INVALID
1713,2,17,83,27195,29022,1,FEASIBLE,WORSE
1714,2,17,84,28829,30626,0,CAPACITY_EXCEEDED,INVALID
1715,2,17,85,27729,29502,0,CAPACITY_EXCEEDED,INVALID
1716,2,17,86,27176,28938,1,FEASIBLE,WORSE
1717,2,17,87,27862,29660,0,CAPACITY_EXCEEDED,INVALID
1718,2,17,88,27268,29136,1,FEASIBLE,WORSE
1719,2,17,89,27647,29500,0,CAPACITY_EXCEEDED,INVALID
1720,2,17,90,27694,29533,0,CAPACITY_EXCEEDED,INVALID
1721,2,17,91,28797,30562,0,CAPACITY_EXCEEDED,INVALID
1722,2,17,92,28028,29867,0,CAPACITY_EXCEEDED,INVALID
1723,2,17,93,27398,29248,0,CAPACITY_EXCEEDED,INVALID
1724,2,17,94,28775,30566,0,CAPACITY_EXCEEDED,INVALID
1725,2,17,95,28166,29939,0,CAPACITY_EXCEEDED,INVALID
1726,2,17,96,27710,29504,0,CAPACITY_EXCEEDED,INVALID
1727,2,17,97,28802,30630,0,CAPACITY_EXCEEDED,INVALID
1728,2,17,98,27498,29349,0,CAPACITY_EXCEEDED,INVALID
1729,2,17,99,27204,28974,1,FEASIBLE,WORSE
1730,2,18,19,28090,29891,0,CAPACITY_EXCEEDED,INVALID
1731,2,18,20,27785,29569,0,CAPACITY_EXCEEDED,INVALID
1732,2,18,21,27793,29557,0,CAPACITY_EXCEEDED,INVALID
1733,2,18,22,28286,30040,0,CAPACITY_EXCEEDED,INVALID
1734,2,18,23,27502,29367,0,CAPACITY_EXCEEDED,INVALID
1735,2,18,24,28202,29940,0,CAPACITY_EXCEEDED,INVALID
1736,2,18,25,26929,28771,1,FEASIBLE,WORSE
1737,2,18,26,27295,29074,1,FEASIBLE,WORSE
1738,2,18,27,27260,29044,1,FEASIBLE,WORSE
1739,2,18,28,27584,29335,0,CAPACITY_EXCEEDED,INVALID
1740,2,18,29,27797,29559,0,CAPACITY_EXCEEDED,INVALID
1741,2,18,30,27495,29254,0,CAPACITY_EXCEEDED,INVALID
1742,2,18,31,27684,29475,0,CAPACITY_EXCEEDED,INVALID
1743,2,18,32,27310,29147,1,FEASIBLE,WORSE
1744,2,18,33,28820,30597,0,CAPACITY_EXCEEDED,INVALID
1745,2,18,34,27146,28946,1,FEASIBLE,WORSE
1746,2,18,35,28003,29798,0,CAPACITY_EXCEEDED,INVALID
1747,2,18,36,28715,30467,0,CAPACITY_EXCEEDED,INVALID
1748,2,18,37,27024,28866,1,FEASIBLE,WORSE
1749,2,18,38,27086,28843,1,FEASIBLE,WORSE
1750,2,18,39,28728,30485,0,CAPACITY_EXCEEDED,INVALID
1751,2,18,40,27058,28873,1,FEASIBLE,WORSE
1752,2,18,41,27031,28885,1,FEASIBLE,WORSE
1753,2,18,42,27467,29296,0,CAPACITY_EXCEEDED,INVALID
1754,2,18,43,28802,30562,0,CAPACITY_EXCEEDED,INVALID
1755,2,18,44,26859,28599,1,FEASIBLE,WORSE
1756,2,18,45,27983,29767,0,CAPACITY_EXCEEDED,INVALID
1757,2,18,46,27066,28877,1,FEASIBLE,WORSE
1758,2,18,47,27105,28953,1,FEASIBLE,WORSE
1759,2,18,48,28283,30018,0,CAPACITY_EXCEEDED,INVALID
1760,2,18,49,27290,29110,1,FEASIBLE,WORSE
1761,2,18,50,28312,30072,0,CAPACITY_EXCEEDED,INVALID
1762,2,18,51,28746,30489,0,CAPACITY_EXCEEDED,INVALID
1763,2,18,52,28322,30060,0,CAPACITY_EXCEEDED,INVALID
1764,2,18,53,28653,30417,0,CAPACITY_EXCEEDED,INVALID
1765,2,18,54,28175,29926,0,CAPACITY_EXCEEDED,INVALID
1766,2,18,55,26938,28743,1,FEASIBLE,WORSE
1767,2,18,56,26921,28751,1,FEASIBLE,WORSE
1768,2,18,57,27359,29094,1,FEASIBLE,WORSE
1769,2,18,58,27253,28998,1,FEASIBLE,WORSE
1770,2,18,59,26900,28633,1,FEASIBLE,WORSE
1771,2,18,60,28545,30323,0,CAPACITY_EXCEEDED,INVALID
1772,2,18,61,27334,29177,1,FEASIBLE,WORSE
1773,2,18,62,28043,29825,0,CAPACITY_EXCEEDED,INVALID
1774,2,18,63,27496,29310,0,CAPACITY_EXCEEDED,INVALID
1775,2,18,64,27121,28928,1,FEASIBLE,WORSE
1776,2,18,65,27654,29426,0,CAPACITY_EXCEEDED,INVALID
1777,2,18,66,26913,28703,1,FEASIBLE,WORSE
1778,2,18,67,28090,29873,0,CAPACITY_EXCEEDED,INVALID
1779,2,18,68,26909,28756,1,FEASIBLE,WORSE
1780,2,18,69,27511,29338,0,CAPACITY_EXCEEDED,INVALID
1781,2,18,70,28779,30511,0,CAPACITY_EXCEEDED,INVALID
1782,2,18,71,28528,30267,0,CAPACITY_EXCEEDED,INVALID
1783,2,18,72,28326,30140,0,CAPACITY_EXCEEDED,INVALID
1784,2,18,73,28339,30093,0,CAPACITY_EXCEEDED,INVALID
1785,2,18,74,27169,28956,1,FEASIBLE,WORSE
1786,2,18,75,28409,30189,0,CAPACITY_EXCEEDED,INVALID
1787,2,18,76,28133,29885,0,CAPACITY_EXCEEDED,INVALID
1788,2,18,77,28029,29797,0,CAPACITY_EXCEEDED,INVALID
1789,2,18,78,28333,30111,0,CAPACITY_EXCEEDED,INVALID
1790,2,18,79,28756,30531,0,CAPACITY_EXCEEDED,INVALID
1791,2,18,80,27197,29025,1,FEASIBLE,WORSE
1792,2,18,81,27745,29571,0,CAPACITY_EXCEEDED,INVALID
1793,2,18,82,28642,30436,0,CAPACITY_EXCEEDED,INVALID
1794,2,18,83,27095,28899,1,FEASIBLE,WORSE
1795,2,18,84,28729,30503,0,CAPACITY_EXCEEDED,INVALID
1796,2,18,85,27629,29379,0,CAPACITY_EXCEEDED,INVALID
1797,2,18,86,27076,28815,1,FEASIBLE,WORSE
1798,2,18,87,27762,29537,0,CAPACITY_EXCEEDED,INVALID
1799,2,18,88,27168,29013,1,FEASIBLE,WORSE
1800,2,18,89,27547,29377,0,CAPACITY_EXCEEDED,INVALID
1801,2,18,90,27594,29410,0,CAPACITY_EXCEEDED,INVALID
1802,2,18,91,28697,30439,0,CAPACITY_EXCEEDED,INVALID
1803,2,18,92,27928,29744,0,CAPACITY_EXCEEDED,INVALID
1804,2,18,93,27298,29125,1,FEASIBLE,WORSE
1805,2,18,94,28675,30443,0,CAPACITY_EXCEEDED,INVALID
1806,2,18,95,28066,29816,0,CAPACITY_EXCEEDED,INVALID
1807,2,18,96,27610,29381,0,CAPACITY_EXCEEDED,INVALID
1808,2,18,97,28702,30507,0,CAPACITY_EXCEEDED,INVALID
1809,2,18,98,27398,29226,0,CAPACITY_EXCEEDED,INVALID
1810,2,18,99,27104,28851,1,FEASIBLE,WORSE
1811,2,19,20,27609,29455,0,CAPACITY_EXCEEDED,INVALID
1812,2,19,21,27617,29443,0,CAPACITY_EXCEEDED,INVALID
1813,2,19,22,28110,29926,0,CAPACITY_EXCEEDED,INVALID
1814,2,19,23,27326,29253,1,FEASIBLE,WORSE
1815,2,19,24,28026,29826,0,CAPACITY_EXCEEDED,INVALID
1816,2,19,25,26753,28657,1,FEASIBLE,WORSE
1817,2,19,26,27119,28960,1,FEASIBLE,WORSE
1818,2,19,27,27084,28930,1,FEASIBLE,WORSE
1819,2,19,28,27408,29221,0,CAPACITY_EXCEEDED,INVALID
1820,2,19,29,27621,29445,0,CAPACITY_EXCEEDED,INVALID
1821,2,19,30,27319,29140,1,FEASIBLE,WORSE
1822,2,19,31,27508,29361,0,CAPACITY_EXCEEDED,INVALID
1823,2,19,32,27134,29033,1,FEASIBLE,WORSE
1824,2,19,33,28644,30483,0,CAPACITY_EXCEEDED,INVALID
1825,2,19,34,26970,28832,1,FEASIBLE,WORSE
1826,2,19,35,27827,29684,0,CAPACITY_EXCEEDED,INVALID
1827,2,19,36,28539,30353,0,CAPACITY_EXCEEDED,INVALID
1828,2,19,37,26848,28752,1,FEASIBLE,WORSE
1829,2,19,38,26910,28729,1,FEASIBLE,WORSE
1830,2,19,39,28552,30371,0,CAPACITY_EXCEEDED,INVALID
1831,2,19,40,26882,28759,1,FEASIBLE,WORSE
1832,2,19,41,26855,28771,1,FEASIBLE,WORSE
1833,2,19,42,27291,29182,1,FEASIBLE,WORSE
1834,2,19,43,28626,30448,0,CAPACITY_EXCEEDED,INVALID
1835,2,19,44,26683,28485,1,FEASIBLE,WORSE
1836,2,19,45,27807,29653,0,CAPACITY_EXCEEDED,INVALID
1837,2,19,46,26890,28763,1,FEASIBLE,WORSE
1838,2,19,47,26929,28839,1,FEASIBLE,WORSE
1839,2,19,48,28107,29904,0,CAPACITY_EXCEEDED,INVALID
1840,2,19,49,27114,28996,1,FEASIBLE,WORSE
1841,2,19,50,28136,29958,0,CAPACITY_EXCEEDED,INVALID
1842,2,19,51,28570,30375,0,CAPACITY_EXCEEDED,INVALID
1843,2,19,52,28146,29946,0,CAPACITY_EXCEEDED,INVALID
1844,2,19,53,28477,30303,0,CAPACITY_EXCEEDED,INVALID
1845,2,19,54,27999,29812,0,CAPACITY_EXCEEDED,INVALID
1846,2,19,55,26762,28629,1,FEASIBLE,WORSE
1847,2,19,56,26745,28637,1,FEASIBLE,WORSE
1848,2,19,57,27183,28980,1,FEASIBLE,WORSE
1849,2,19,58,27077,28884,1,FEASIBLE,WORSE
1850,2,19,59,26724,28519,1,FEASIBLE,WORSE
1851,2,19,60,28369,30209,0,CAPACITY_EXCEEDED,INVALID
1852,2,19,61,27158,29063,1,FEASIBLE,WORSE
1853,2,19,62,27867,29711,0,CAPACITY_EXCEEDED,INVALID
1854,2,19,63,27320,29196,1,FEASIBLE,WORSE
1855,2,19,64,26945,28814,1,FEASIBLE,WORSE
1856,2,19,65,27478,29312,0,CAPACITY_EXCEEDED,INVALID
1857,2,19,66,26737,28589,1,FEASIBLE,WORSE
1858,2,19,67,27914,29759,0,CAPACITY_EXCEEDED,INVALID
1859,2,19,68,26733,28642,1,FEASIBLE,WORSE
1860,2,19,69,27335,29224,1,FEASIBLE,WORSE
1861,2,19,70,28603,30397,0,CAPACITY_EXCEEDED,INVALID
1862,2,19,71,28352,30153,0,CAPACITY_EXCEEDED,INVALID
1863,2,19,72,28150,30026,0,CAPACITY_EXCEEDED,INVALID
1864,2,19,73,28163,29979,0,CAPACITY_EXCEEDED,INVALID
1865,2,19,74,26993,28842,1,FEASIBLE,WORSE
1866,2,19,75,28233,30075,0,CAPACITY_EXCEEDED,INVALID
1867,2,19,76,27957,29771,0,CAPACITY_EXCEEDED,INVALID
1868,2,19,77,27853,29683,0,CAPACITY_EXCEEDED,INVALID
1869,2,19,78,28157,29997,0,CAPACITY_EXCEEDED,INVALID
1870,2,19,79,28580,30417,0,CAPACITY_EXCEEDED,INVALID
1871,2,19,80,27021,28911,1,FEASIBLE,WORSE
1872,2,19,81,27569,29457,0,CAPACITY_EXCEEDED,INVALID
1873,2,19,82,28466,30322,0,CAPACITY_EXCEEDED,INVALID
1874,2,19,83,26919,28785,1,FEASIBLE,WORSE
1875,2,19,84,28553,30389,0,CAPACITY_EXCEEDED,INVALID
1876,2,19,85,27453,29265,0,CAPACITY_EXCEEDED,INVALID
1877,2,19,86,26900,28701,1,FEASIBLE,WORSE
1878,2,19,87,27586,29423,0,CAPACITY_EXCEEDED,INVALID
1879,2,19,88,26992,28899,1,FEASIBLE,WORSE
1880,2,19,89,27371,29263,1,FEASIBLE,WORSE
1881,2,19,90,27418,29296,0,CAPACITY_EXCEEDED,INVALID
1882,2,19,91,28521,30325,0,CAPACITY_EXCEEDED,INVALID
1883,2,19,92,27752,29630,0,CAPACITY_EXCEEDED,INVALID
1884,2,19,93,27122,29011,1,FEASIBLE,WORSE
1885,2,19,94,28499,30329,0,CAPACITY_EXCEEDED,INVALID
1886,2,19,95,27890,29702,0,CAPACITY_EXCEEDED,INVALID
1887,2,19,96,27434,29267,0,CAPACITY_EXCEEDED,INVALID
1888,2,19,97,28526,30393,0,CAPACITY_EXCEEDED,INVALID
1889,2,19,98,27222,29112,1,FEASIBLE,WORSE
1890,2,19,99,26928,28737,1,FEASIBLE,WORSE
1891,2,20,21,27312,29121,1,FEASIBLE,WORSE
1892,2,20,22,27805,29604,0,CAPACITY_EXCEEDED,INVALID
1893,2,20,23,27021,28931,1,FEASIBLE,WORSE
1894,2,20,24,27721,29504,0,CAPACITY_EXCEEDED,INVALID
1895,2,20,25,26448,28335,1,FEASIBLE,WORSE
1896,2,20,26,26814,28638,1,FEASIBLE,WORSE
1897,2,20,27,26779,28608,1,FEASIBLE,WORSE
1898,2,20,28,27103,28899,1,FEASIBLE,WORSE
1899,2,20,29,27316,29123,1,FEASIBLE,WORSE
1900,2,20,30,27014,28818,1,FEASIBLE,WORSE
1901,2,20,31,27203,29039,1,FEASIBLE,WORSE
1902,2,20,32,26829,28711,1,FEASIBLE,WORSE
1903,2,20,33,28339,30161,0,CAPACITY_EXCEEDED,INVALID
1904,2,20,34,26665,28510,1,FEASIBLE,WORSE
1905,2,20,35,27522,29362,0,CAPACITY_EXCEEDED,INVALID
1906,2,20,36,28234,30031,0,CAPACITY_EXCEEDED,INVALID
1907,2,20,37,26543,28430,1,FEASIBLE,WORSE
1908,2,20,38,26605,28407,1,FEASIBLE,WORSE
1909,2,20,39,28247,30049,0,CAPACITY_EXCEEDED,INVALID
1910,2,20,40,26577,28437,1,FEASIBLE,WORSE
1911,2,20,41,26550,28449,1,FEASIBLE,WORSE
1912,2,20,42,26986,28860,1,FEASIBLE,WORSE
1913,2,20,43,28321,30126,0,CAPACITY_EXCEEDED,INVALID
1914,2,20,44,26378,28163,1,FEASIBLE,WORSE
1915,2,20,45,27502,29331,0,CAPACITY_EXCEEDED,INVALID
1916,2,20,46,26585,28441,1,FEASIBLE,WORSE
1917,2,20,47,26624,28517,1,FEASIBLE,WORSE
1918,2,20,48,27802,29582,0,CAPACITY_EXCEEDED,INVALID
1919,2,20,49,26809,28674,1,FEASIBLE,WORSE
1920,2,20,50,27831,29636,0,CAPACITY_EXCEEDED,INVALID
1921,2,20,51,28265,30053,0,CAPACITY_EXCEEDED,INVALID
1922,2,20,52,27841,29624,0,CAPACITY_EXCEEDED,INVALID
1923,2,20,53,28172,29981,0,CAPACITY_EXCEEDED,INVALID
1924,2,20,54,27694,29490,0,CAPACITY_EXCEEDED,INVALID
1925,2,20,55,26457,28307,1,FEASIBLE,WORSE
1926,2,20,56,26440,28315,1,FEASIBLE,WORSE
1927,2,20,57,26878,28658,1,FEASIBLE,WORSE
1928,2,20,58,26772,28562,1,FEASIBLE,WORSE
1929,2,20,59,26419,28197,1,FEASIBLE,WORSE
1930,2,20,60,28064,29887,0,CAPACITY_EXCEEDED,INVALID
1931,2,20,61,26853,28741,1,FEASIBLE,WORSE
1932,2,20,62,27562,29389,0,CAPACITY_EXCEEDED,INVALID
1933,2,20,63,27015,28874,1,FEASIBLE,WORSE
1934,2,20,64,26640,28492,1,FEASIBLE,WORSE
1935,2,20,65,27173,28990,1,FEASIBLE,WORSE
1936,2,20,66,26432,28267,1,FEASIBLE,WORSE
1937,2,20,67,27609,29437,0,CAPACITY_EXCEEDED,INVALID
1938,2,20,68,26428,28320,1,FEASIBLE,WORSE
1939,2,20,69,27030,28902,1,FEASIBLE,WORSE
1940,2,20,70,28298,30075,0,CAPACITY_EXCEEDED,INVALID
1941,2,20,71,28047,29831,0,CAPACITY_EXCEEDED,INVALID
1942,2,20,72,27845,29704,0,CAPACITY_EXCEEDED,INVALID
1943,2,20,73,27858,29657,0,CAPACITY_EXCEEDED,INVALID
1944,2,20,74,26688,28520,1,FEASIBLE,WORSE
1945,2,20,75,27928,29753,0,CAPACITY_EXCEEDED,INVALID
1946,2,20,76,27652,29449,0,CAPACITY_EXCEEDED,INVALID
1947,2,20,77,27548,29361,0,CAPACITY_EXCEEDED,INVALID
1948,2,20,78,27852,29675,0,CAPACITY_EXCEEDED,INVALID
1949,2,20,79,28275,30095,0,CAPACITY_EXCEEDED,INVALID
1950,2,20,80,26716,28589,1,FEASIBLE,WORSE
1951,2,20,81,27264,29135,1,FEASIBLE,WORSE
1952,2,20,82,28161,30000,0,CAPACITY_EXCEEDED,INVALID
1953,2,20,83,26614,28463,1,FEASIBLE,WORSE
1954,2,20,84,28248,30067,0,CAPACITY_EXCEEDED,INVALID
1955,2,20,85,27148,28943,1,FEASIBLE,WORSE
1956,2,20,86,26595,28379,1,FEASIBLE,WORSE
1957,2,20,87,27281,29101,1,FEASIBLE,WORSE
1958,2,20,88,26687,28577,1,FEASIBLE,WORSE
1959,2,20,89,27066,28941,1,FEASIBLE,WORSE
1960,2,20,90,27113,28974,1,FEASIBLE,WORSE
1961,2,20,91,28216,30003,0,CAPACITY_EXCEEDED,INVALID
1962,2,20,92,27447,29308,0,CAPACITY_EXCEEDED,INVALID
1963,2,20,93,26817,28689,1,FEASIBLE,WORSE
1964,2,20,94,28194,30007,0,CAPACITY_EXCEEDED,INVALID
1965,2,20,95,27585,29380,0,CAPACITY_EXCEEDED,INVALID
1966,2,20,96,27129,28945,1,FEASIBLE,WORSE
1967,2,20,97,28221,30071,0,CAPACITY_EXCEEDED,INVALID
1968,2,20,98,26917,28790,1,FEASIBLE,WORSE
1969,2,20,99,26623,28415,1,FEASIBLE,WORSE
1970,2,21,22,27813,29592,0,CAPACITY_EXCEEDED,INVALID
1971,2,21,23,27029,28919,1,FEASIBLE,WORSE
1972,2,21,24,27729,29492,0,CAPACITY_EXCEEDED,INVALID
1973,2,21,25,26456,28323,1,FEASIBLE,WORSE
1974,2,21,26,26822,28626,1,FEASIBLE,WORSE
1975,2,21,27,26787,28596,1,FEASIBLE,WORSE
1976,2,21,28,27111,28887,1,FEASIBLE,WORSE
1977,2,21,29,27324,29111,1,FEASIBLE,WORSE
1978,2,21,30,27022,28806,1,FEASIBLE,WORSE
1979,2,21,31,27211,29027,1,FEASIBLE,WORSE
1980,2,21,32,26837,28699,1,FEASIBLE,WORSE
1981,2,21,33,28347,30149,0,CAPACITY_EXCEEDED,INVALID
1982,2,21,34,26673,28498,1,FEASIBLE,WORSE
1983,2,21,35,27530,29350,0,CAPACITY_EXCEEDED,INVALID
1984,2,21,36,28242,30019,0,CAPACITY_EXCEEDED,INVALID
1985,2,21,37,26551,28418,1,FEASIBLE,WORSE
1986,2,21,38,26613,28395,1,FEASIBLE,WORSE
1987,2,21,39,28255,30037,0,CAPACITY_EXCEEDED,INVALID
1988,2,21,40,26585,28425,1,FEASIBLE,WORSE
1989,2,21,41,26558,28437,1,FEASIBLE,WORSE
1990,2,21,42,26994,28848,1,FEASIBLE,WORSE
1991,2,21,43,28329,30114,0,CAPACITY_EXCEEDED,INVALID
1992,2,21,44,26386,28151,1,FEASIBLE,WORSE
1993,2,21,45,27510,29319,0,CAPACITY_EXCEEDED,INVALID
1994,2,21,46,26593,28429,1,FEASIBLE,WORSE
1995,2,21,47,26632,28505,1,FEASIBLE,WORSE
1996,2,21,48,27810,29570,0,CAPACITY_EXCEEDED,INVALID
1997,2,21,49,26817,28662,1,FEASIBLE,WORSE
1998,2,21,50,27839,29624,0,CAPACITY_EXCEEDED,INVALID
1999,2,21,51,28273,30041,0,CAPACITY_EXCEEDED,INVALID
2000,2,21,52,27849,29612,0,CAPACITY_EXCEEDED,INVALID
2001,2,21,53,28180,29969,0,CAPACITY_EXCEEDED,INVALID
2002,2,21,54,27702,29478,0,CAPACITY_EXCEEDED,INVALID
2003,2,21,55,26465,28295,1,FEASIBLE,WORSE
2004,2,21,56,26448,28303,1,FEASIBLE,WORSE
2005,2,21,57,26886,28646,1,FEASIBLE,WORSE
2006,2,21,58,26780,28550,1,FEASIBLE,WORSE
2007,2,21,59,26427,28185,1,FEASIBLE,WORSE
2008,2,21,60,28072,29875,0,CAPACITY_EXCEEDED,INVALID
2009,2,21,61,26861,28729,1,FEASIBLE,WORSE
2010,2,21,62,27570,29377,0,CAPACITY_EXCEEDED,INVALID
2011,2,21,63,27023,28862,1,FEASIBLE,WORSE
2012,2,21,64,26648,28480,1,FEASIBLE,WORSE
2013,2,21,65,27181,28978,1,FEASIBLE,WORSE
2014,2,21,66,26440,28255,1,FEASIBLE,WORSE
2015,2,21,67,27617,29425,0,CAPACITY_EXCEEDED,INVALID
2016,2,21,68,26436,28308,1,FEASIBLE,WORSE
2017,2,21,69,27038,28890,1,FEASIBLE,WORSE
2018,2,21,70,28306,30063,0,CAPACITY_EXCEEDED,INVALID
2019,2,21,71,28055,29819,0,CAPACITY_EXCEEDED,INVALID
2020,2,21,72,27853,29692,0,CAPACITY_EXCEEDED,INVALID
2021,2,21,73,27866,29645,0,CAPACITY_EXCEEDED,INVALID
2022,2,21,74,26696,28508,1,FEASIBLE,WORSE
2023,2,21,75,27936,29741,0,CAPACITY_EXCEEDED,INVALID
2024,2,21,76,27660,29437,0,CAPACITY_EXCEEDED,INVALID
2025,2,21,77,27556,29349,0,CAPACITY_EXCEEDED,INVALID
2026,2,21,78,27860,29663,0,CAPACITY_EXCEEDED,INVALID
2027,2,21,79,28283,30083,0,CAPACITY_EXCEEDED,INVALID
2028,2,21,80,26724,28577,1,FEASIBLE,WORSE
2029,2,21,81,27272,29123,1,FEASIBLE,WORSE
2030,2,21,82,28169,29988,0,CAPACITY_EXCEEDED,INVALID
2031,2,21,83,26622,28451,1,FEASIBLE,WORSE
2032,2,21,84,28256,30055,0,CAPACITY_EXCEEDED,INVALID
2033,2,21,85,27156,28931,1,FEASIBLE,WORSE
2034,2,21,86,26603,28367,1,FEASIBLE,WORSE
2035,2,21,87,27289,29089,1,FEASIBLE,WORSE
2036,2,21,88,26695,28565,1,FEASIBLE,WORSE
2037,2,21,89,27074,28929,1,FEASIBLE,WORSE
2038,2,21,90,27121,28962,1,FEASIBLE,WORSE
2039,2,21,91,28224,29991,0,CAPACITY_EXCEEDED,INVALID
2040,2,21,92,27455,29296,0,CAPACITY_EXCEEDED,INVALID
2041,2,21,93,26825,28677,1,FEASIBLE,WORSE
2042,2,21,94,28202,29995,0,CAPACITY_EXCEEDED,INVALID
2043,2,21,95,27593,29368,0,CAPACITY_EXCEEDED,INVALID
2044,2,21,96,27137,28933,1,FEASIBLE,WORSE
2045,2,21,97,28229,30059,0,CAPACITY_EXCEEDED,INVALID
2046,2,21,98,26925,28778,1,FEASIBLE,WORSE
2047,2,21,99,26631,28403,1,FEASIBLE,WORSE
2048,2,22,23,27522,29402,0,CAPACITY_EXCEEDED,INVALID
2049,2,22,24,28222,29975,0,CAPACITY_EXCEEDED,INVALID
2050,2,22,25,26949,28806,1,FEASIBLE,WORSE
2051,2,22,26,27315,29109,1,FEASIBLE,WORSE
2052,2,22,27,27280,29079,1,FEASIBLE,WORSE
2053,2,22,28,27604,29370,0,CAPACITY_EXCEEDED,INVALID
2054,2,22,29,27817,29594,0,CAPACITY_EXCEEDED,INVALID
2055,2,22,30,27515,29289,0,CAPACITY_EXCEEDED,INVALID
2056,2,22,31,27704,29510,0,CAPACITY_EXCEEDED,INVALID
2057,2,22,32,27330,29182,1,FEASIBLE,WORSE
2058,2,22,33,28840,30632,0,CAPACITY_EXCEEDED,INVALID
2059,2,22,34,27166,28981,1,FEASIBLE,WORSE
2060,2,22,35,28023,29833,0,CAPACITY_EXCEEDED,INVALID
2061,2,22,36,28735,30502,0,CAPACITY_EXCEEDED,INVALID
2062,2,22,37,27044,28901,1,FEASIBLE,WORSE
2063,2,22,38,27106,28878,1,FEASIBLE,WORSE
2064,2,22,39,28748,30520,0,CAPACITY_EXCEEDED,INVALID
2065,2,22,40,27078,28908,1,FEASIBLE,WORSE
2066,2,22,41,27051,28920,1,FEASIBLE,WORSE
2067,2,22,42,27487,29331,0,CAPACITY_EXCEEDED,INVALID
2068,2,22,43,28822,30597,0,CAPACITY_EXCEEDED,INVALID
2069,2,22,44,26879,28634,1,FEASIBLE,WORSE
2070,2,22,45,28003,29802,0,CAPACITY_EXCEEDED,INVALID
2071,2,22,46,27086,28912,1,FEASIBLE,WORSE
2072,2,22,47,27125,28988,1,FEASIBLE,WORSE
2073,2,22,48,28303,30053,0,CAPACITY_EXCEEDED,INVALID
2074,2,22,49,27310,29145,1,FEASIBLE,WORSE
2075,2,22,50,28332,30107,0,CAPACITY_EXCEEDED,INVALID
2076,2,22,51,28766,30524,0,CAPACITY_EXCEEDED,INVALID
2077,2,22,52,28342,30095,0,CAPACITY_EXCEEDED,INVALID
2078,2,22,53,28673,30452,0,CAPACITY_EXCEEDED,INVALID
2079,2,22,54,28195,29961,0,CAPACITY_EXCEEDED,INVALID
2080,2,22,55,26958,28778,1,FEASIBLE,WORSE
2081,2,22,56,26941,28786,1,FEASIBLE,WORSE
2082,2,22,57,27379,29129,1,FEASIBLE,WORSE
2083,2,22,58,27273,29033,1,FEASIBLE,WORSE
2084,2,22,59,26920,28668,1,FEASIBLE,WORSE
2085,2,22,60,28565,30358,0,CAPACITY_EXCEEDED,INVALID
2086,2,22,61,27354,29212,1,FEASIBLE,WORSE
2087,2,22,62,28063,29860,0,CAPACITY_EXCEEDED,INVALID
2088,2,22,63,27516,29345,0,CAPACITY_EXCEEDED,INVALID
2089,2,22,64,27141,28963,1,FEASIBLE,WORSE
2090,2,22,65,27674,29461,0,CAPACITY_EXCEEDED,INVALID
2091,2,22,66,26933,28738,1,FEASIBLE,WORSE
2092,2,22,67,28110,29908,0,CAPACITY_EXCEEDED,INVALID
2093,2,22,68,26929,28791,1,FEASIBLE,WORSE
2094,2,22,69,27531,29373,0,CAPACITY_EXCEEDED,INVALID
2095,2,22,70,28799,30546,0,CAPACITY_EXCEEDED,INVALID
2096,2,22,71,28548,30302,0,CAPACITY_EXCEEDED,INVALID
2097,2,22,72,28346,30175,0,CAPACITY_EXCEEDED,INVALID
2098,2,22,73,28359,30128,0,CAPACITY_EXCEEDED,INVALID
2099,2,22,74,27189,28991,1,FEASIBLE,WORSE
2100,2,22,75,28429,30224,0,CAPACITY_EXCEEDED,INVALID
2101,2,22,76,28153,29920,0,CAPACITY_EXCEEDED,INVALID
2102,2,22,77,28049,29832,0,CAPACITY_EXCEEDED,INVALID
2103,2,22,78,28353,30146,0,CAPACITY_EXCEEDED,INVALID
2104,2,22,79,28776,30566,0,CAPACITY_EXCEEDED,INVALID
2105,2,22,80,27217,29060,1,FEASIBLE,WORSE
2106,2,22,81,27765,29606,0,CAPACITY_EXCEEDED,INVALID
2107,2,22,82,28662,30471,0,CAPACITY_EXCEEDED,INVALID
2108,2,22,83,27115,28934,1,FEASIBLE,WORSE
2109,2,22,84,28749,30538,0,CAPACITY_EXCEEDED,INVALID
2110,2,22,85,27649,29414,0,CAPACITY_EXCEEDED,INVALID
2111,2,22,86,27096,28850,1,FEASIBLE,WORSE
2112,2,22,87,27782,29572,0,CAPACITY_EXCEEDED,INVALID
2113,2,22,88,27188,29048,1,FEASIBLE,WORSE
2114,2,22,89,27567,29412,0,CAPACITY_EXCEEDED,INVALID
2115,2,22,90,27614,29445,0,CAPACITY_EXCEEDED,INVALID
2116,2,22,91,28717,30474,0,CAPACITY_EXCEEDED,INVALID
2117,2,22,92,27948,29779,0,CAPACITY_EXCEEDED,INVALID
2118,2,22,93,27318,29160,1,FEASIBLE,WORSE
2119,2,22,94,28695,30478,0,CAPACITY_EXCEEDED,INVALID
2120,2,22,95,28086,29851,0,CAPACITY_EXCEEDED,INVALID
2121,2,22,96,27630,29416,0,CAPACITY_EXCEEDED,INVALID
2122,2,22,97,28722,30542,0,CAPACITY_EXCEEDED,INVALID
2123,2,22,98,27418,29261,0,CAPACITY_EXCEEDED,INVALID
2124,2,22,99,27124,28886,1,FEASIBLE,WORSE
2125,2,23,24,27438,29302,0,CAPACITY_EXCEEDED,INVALID
2126,2,23,25,26165,28133,1,FEASIBLE,WORSE
2127,2,23,26,26531,28436,1,FEASIBLE,WORSE
2128,2,23,27,26496,28406,1,FEASIBLE,WORSE
2129,2,23,28,26820,28697,1,FEASIBLE,WORSE
2130,2,23,29,27033,28921,1,FEASIBLE,WORSE
2131,2,23,30,26731,28616,1,FEASIBLE,WORSE
2132,2,23,31,26920,28837,1,FEASIBLE,WORSE
2133,2,23,32,26546,28509,1,FEASIBLE,WORSE
2134,2,23,33,28056,29959,0,CAPACITY_EXCEEDED,INVALID
2135,2,23,34,26382,28308,1,FEASIBLE,WORSE
2136,2,23,35,27239,29160,1,FEASIBLE,WORSE
2137,2,23,36,27951,29829,0,CAPACITY_EXCEEDED,INVALID
2138,2,23,37,26260,28228,1,FEASIBLE,WORSE
2139,2,23,38,26322,28205,1,FEASIBLE,WORSE
2140,2,23,39,27964,29847,0,CAPACITY_EXCEEDED,INVALID
2141,2,23,40,26294,28235,1,FEASIBLE,WORSE
2142,2,23,41,26267,28247,1,FEASIBLE,WORSE
2143,2,23,42,26703,28658,1,FEASIBLE,WORSE
2144,2,23,43,28038,29924,0,CAPACITY_EXCEEDED,INVALID
2145,2,23,44,26095,27961,1,FEASIBLE,WORSE
2146,2,23,45,27219,29129,1,FEASIBLE,WORSE
2147,2,23,46,26302,28239,1,FEASIBLE,WORSE
2148,2,23,47,26341,28315,1,FEASIBLE,WORSE
2149,2,23,48,27519,29380,0,CAPACITY_EXCEEDED,INVALID
2150,2,23,49,26526,28472,1,FEASIBLE,WORSE
2151,2,23,50,27548,29434,0,CAPACITY_EXCEEDED,INVALID
2152,2,23,51,27982,29851,0,CAPACITY_EXCEEDED,INVALID
2153,2,23,52,27558,29422,0,CAPACITY_EXCEEDED,INVALID
2154,2,23,53,27889,29779,0,CAPACITY_EXCEEDED,INVALID
2155,2,23,54,27411,29288,0,CAPACITY_EXCEEDED,INVALID
2156,2,23,55,26174,28105,1,FEASIBLE,WORSE
2157,2,23,56,26157,28113,1,FEASIBLE,WORSE
2158,2,23,57,26595,28456,1,FEASIBLE,WORSE
2159,2,23,58,26489,28360,1,FEASIBLE,WORSE
2160,2,23,59,26136,27995,1,FEASIBLE,WORSE
2161,2,23,60,27781,29685,0,CAPACITY_EXCEEDED,INVALID
2162,2,23,61,26570,28539,1,FEASIBLE,WORSE
2163,2,23,62,27279,29187,1,FEASIBLE,WORSE
2164,2,23,63,26732,28672,1,FEASIBLE,WORSE
2165,2,23,64,26357,28290,1,FEASIBLE,WORSE
2166,2,23,65,26890,28788,1,FEASIBLE,WORSE
2167,2,23,66,26149,28065,1,FEASIBLE,WORSE
2168,2,23,67,27326,29235,1,FEASIBLE,WORSE
2169,2,23,68,26145,28118,1,FEASIBLE,WORSE
2170,2,23,69,26747,28700,1,FEASIBLE,WORSE
2171,2,23,70,28015,29873,0,CAPACITY_EXCEEDED,INVALID
2172,2,23,71,27764,29629,0,CAPACITY_EXCEEDED,INVALID
2173,2,23,72,27562,29502,0,CAPACITY_EXCEEDED,INVALID
2174,2,23,73,27575,29455,0,CAPACITY_EXCEEDED,INVALID
2175,2,23,74,26405,28318,1,FEASIBLE,WORSE
2176,2,23,75,27645,29551,0,CAPACITY_EXCEEDED,INVALID
2177,2,23,76,27369,29247,1,FEASIBLE,WORSE
2178,2,23,77,27265,29159,1,FEASIBLE,WORSE
2179,2,23,78,27569,29473,0,CAPACITY_EXCEEDED,INVALID
2180,2,23,79,27992,29893,0,CAPACITY_EXCEEDED,INVALID
2181,2,23,80,26433,28387,1,FEASIBLE,WORSE
2182,2,23,81,26981,28933,1,FEASIBLE,WORSE
2183,2,23,82,27878,29798,0,CAPACITY_EXCEEDED,INVALID
2184,2,23,83,26331,28261,1,FEASIBLE,WORSE
2185,2,23,84,27965,29865,0,CAPACITY_EXCEEDED,INVALID
2186,2,23,85,26865,28741,1,FEASIBLE,WORSE
2187,2,23,86,26312,28177,1,FEASIBLE,WORSE
2188,2,23,87,26998,28899,1,FEASIBLE,WORSE
2189,2,23,88,26404,28375,1,FEASIBLE,WORSE
2190,2,23,89,26783,28739,1,FEASIBLE,WORSE
2191,2,23,90,26830,28772,1,FEASIBLE,WORSE
2192,2,23,91,27933,29801,0,CAPACITY_EXCEEDED,INVALID
2193,2,23,92,27164,29106,1,FEASIBLE,WORSE
2194,2,23,93,26534,28487,1,FEASIBLE,WORSE
2195,2,23,94,27911,29805,0,CAPACITY_EXCEEDED,INVALID
2196,2,23,95,27302,29178,1,FEASIBLE,WORSE
2197,2,23,96,26846,28743,1,FEASIBLE,WORSE
2198,2,23,97,27938,29869,0,CAPACITY_EXCEEDED,INVALID
2199,2,23,98,26634,28588,1,FEASIBLE,WORSE
2200,2,23,99,26340,28213,1,FEASIBLE,WORSE
2201,2,24,25,26865,28706,1,FEASIBLE,WORSE
2202,2,24,26,27231,29009,1,FEASIBLE,WORSE
2203,2,24,27,27196,28979,1,FEASIBLE,WORSE
2204,2,24,28,27520,29270,0,CAPACITY_EXCEEDED,INVALID
2205,2,24,29,27733,29494,0,CAPACITY_EXCEEDED,INVALID
2206,2,24,30,27431,29189,0,CAPACITY_EXCEEDED,INVALID
2207,2,24,31,27620,29410,0,CAPACITY_EXCEEDED,INVALID
2208,2,24,32,27246,29082,1,FEASIBLE,WORSE
2209,2,24,33,28756,30532,0,CAPACITY_EXCEEDED,INVALID
2210,2,24,34,27082,28881,1,FEASIBLE,WORSE
2211,2,24,35,27939,29733,0,CAPACITY_EXCEEDED,INVALID
2212,2,24,36,28651,30402,0,CAPACITY_EXCEEDED,INVALID
2213,2,24,37,26960,28801,1,FEASIBLE,WORSE
2214,2,24,38,27022,28778,1,FEASIBLE,WORSE
2215,2,24,39,28664,30420,0,CAPACITY_EXCEEDED,INVALID
2216,2,24,40,26994,28808,1,FEASIBLE,WORSE
2217,2,24,41,26967,28820,1,FEASIBLE,WORSE
2218,2,24,42,27403,29231,0,CAPACITY_EXCEEDED,INVALID
2219,2,24,43,28738,30497,0,CAPACITY_EXCEEDED,INVALID
2220,2,24,44,26795,28534,1,FEASIBLE,WORSE
2221,2,24,45,27919,29702,0,CAPACITY_EXCEEDED,INVALID
2222,2,24,46,27002,28812,1,FEASIBLE,WORSE
2223,2,24,47,27041,28888,1,FEASIBLE,WORSE
2224,2,24,48,28219,29953,0,CAPACITY_EXCEEDED,INVALID
2225,2,24,49,27226,29045,1,FEASIBLE,WORSE
2226,2,24,50,28248,30007,0,CAPACITY_EXCEEDED,INVALID
2227,2,24,51,28682,30424,0,CAPACITY_EXCEEDED,INVALID
2228,2,24,52,28258,29995,0,CAPACITY_EXCEEDED,INVALID
2229,2,24,53,28589,30352,0,CAPACITY_EXCEEDED,INVALID
2230,2,24,54,28111,29861,0,CAPACITY_EXCEEDED,INVALID
2231,2,24,55,26874,28678,1,FEASIBLE,WORSE
2232,2,24,56,26857,28686,1,FEASIBLE,WORSE
2233,2,24,57,27295,29029,1,FEASIBLE,WORSE
2234,2,24,58,27189,28933,1,FEASIBLE,WORSE
2235,2,24,59,26836,28568,1,FEASIBLE,WORSE
2236,2,24,60,28481,30258,0,CAPACITY_EXCEEDED,INVALID
2237,2,24,61,27270,29112,1,FEASIBLE,WORSE
2238,2,24,62,27979,29760,0,CAPACITY_EXCEEDED,INVALID
2239,2,24,63,27432,29245,0,CAPACITY_EXCEEDED,INVALID
2240,2,24,64,27057,28863,1,FEASIBLE,WORSE
2241,2,24,65,27590,29361,0,CAPACITY_EXCEEDED,INVALID
2242,2,24,66,26849,28638,1,FEASIBLE,WORSE
2243,2,24,67,28026,29808,0,CAPACITY_EXCEEDED,INVALID
2244,2,24,68,26845,28691,1,FEASIBLE,WORSE
2245,2,24,69,27447,29273,0,CAPACITY_EXCEEDED,INVALID
2246,2,24,70,28715,30446,0,CAPACITY_EXCEEDED,INVALID
2247,2,24,71,28464,30202,0,CAPACITY_EXCEEDED,INVALID
2248,2,24,72,28262,30075,0,CAPACITY_EXCEEDED,INVALID
2249,2,24,73,28275,30028,0,CAPACITY_EXCEEDED,INVALID
2250,2,24,74,27105,28891,1,FEASIBLE,WORSE
2251,2,24,75,28345,30124,0,CAPACITY_EXCEEDED,INVALID
2252,2,24,76,28069,29820,0,CAPACITY_EXCEEDED,INVALID
2253,2,24,77,27965,29732,0,CAPACITY_EXCEEDED,INVALID
2254,2,24,78,28269,30046,0,CAPACITY_EXCEEDED,INVALID
2255,2,24,79,28692,30466,0,CAPACITY_EXCEEDED,INVALID
2256,2,24,80,27133,28960,1,FEASIBLE,WORSE
2257,2,24,81,27681,29506,0,CAPACITY_EXCEEDED,INVALID
2258,2,24,82,28578,30371,0,CAPACITY_EXCEEDED,INVALID
2259,2,24,83,27031,28834,1,FEASIBLE,WORSE
2260,2,24,84,28665,30438,0,CAPACITY_EXCEEDED,INVALID
2261,2,24,85,27565,29314,0,CAPACITY_EXCEEDED,INVALID
2262,2,24,86,27012,28750,1,FEASIBLE,WORSE
2263,2,24,87,27698,29472,0,CAPACITY_EXCEEDED,INVALID
2264,2,24,88,27104,28948,1,FEASIBLE,WORSE
2265,2,24,89,27483,29312,0,CAPACITY_EXCEEDED,INVALID
2266,2,24,90,27530,29345,0,CAPACITY_EXCEEDED,INVALID
2267,2,24,91,28633,30374,0,CAPACITY_EXCEEDED,INVALID
2268,2,24,92,27864,29679,0,CAPACITY_EXCEEDED,INVALID
2269,2,24,93,27234,29060,1,FEASIBLE,WORSE
2270,2,24,94,28611,30378,0,CAPACITY_EXCEEDED,INVALID
2271,2,24,95,28002,29751,0,CAPACITY_EXCEEDED,INVALID
2272,2,24,96,27546,29316,0,CAPACITY_EXCEEDED,INVALID
2273,2,24,97,28638,30442,0,CAPACITY_EXCEEDED,INVALID
2274,2,24,98,27334,29161,1,FEASIBLE,WORSE
2275,2,24,99,27040,28786,1,FEASIBLE,WORSE
2276,2,25,26,25958,27840,1,FEASIBLE,WORSE
2277,2,25,27,25923,27810,1,FEASIBLE,WORSE
2278,2,25,28,26247,28101,1,FEASIBLE,WORSE
2279,2,25,29,26460,28325,1,FEASIBLE,WORSE
2280,2,25,30,26158,28020,1,FEASIBLE,WORSE
2281,2,25,31,26347,28241,1,FEASIBLE,WORSE
2282,2,25,32,25973,27913,1,FEASIBLE,WORSE
2283,2,25,33,27483,29363,0,CAPACITY_EXCEEDED,INVALID
2284,2,25,34,25809,27712,1,FEASIBLE,WORSE
2285,2,25,35,26666,28564,1,FEASIBLE,WORSE
2286,2,25,36,27378,29233,1,FEASIBLE,WORSE
2287,2,25,37,25687,27632,1,FEASIBLE,WORSE
2288,2,25,38,25749,27609,1,FEASIBLE,WORSE
2289,2,25,39,27391,29251,0,CAPACITY_EXCEEDED,INVALID
2290,2,25,40,25721,27639,1,FEASIBLE,WORSE
2291,2,25,41,25694,27651,1,FEASIBLE,WORSE
2292,2,25,42,26130,28062,1,FEASIBLE,WORSE
2293,2,25,43,27465,29328,0,CAPACITY_EXCEEDED,INVALID
2294,2,25,44,25522,27365,1,FEASIBLE,WORSE
2295,2,25,45,26646,28533,1,FEASIBLE,WORSE
2296,2,25,46,25729,27643,1,FEASIBLE,WORSE
2297,2,25,47,25768,27719,1,FEASIBLE,WORSE
2298,2,25,48,26946,28784,1,FEASIBLE,WORSE
2299,2,25,49,25953,27876,1,FEASIBLE,WORSE
2300,2,25,50,26975,28838,1,FEASIBLE,WORSE
2301,2,25,51,27409,29255,0,CAPACITY_EXCEEDED,INVALID
2302,2,25,52,26985,28826,1,FEASIBLE,WORSE
2303,2,25,53,27316,29183,1,FEASIBLE,WORSE
2304,2,25,54,26838,28692,1,FEASIBLE,WORSE
2305,2,25,55,25601,27509,1,FEASIBLE,WORSE
2306,2,25,56,25584,27517,1,FEASIBLE,WORSE
2307,2,25,57,26022,27860,1,FEASIBLE,WORSE
2308,2,25,58,25916,27764,1,FEASIBLE,WORSE
2309,2,25,59,25563,27399,1,FEASIBLE,WORSE
2310,2,25,60,27208,29089,1,FEASIBLE,WORSE
2311,2,25,61,25997,27943,1,FEASIBLE,WORSE
2312,2,25,62,26706,28591,1,FEASIBLE,WORSE
2313,2,25,63,26159,28076,1,FEASIBLE,WORSE
2314,2,25,64,25784,27694,1,FEASIBLE,WORSE
2315,2,25,65,26317,28192,1,FEASIBLE,WORSE
2316,2,25,66,25576,27469,1,FEASIBLE,WORSE
2317,2,25,67,26753,28639,1,FEASIBLE,WORSE
2318,2,25,68,25572,27522,1,FEASIBLE,WORSE
2319,2,25,69,26174,28104,1,FEASIBLE,WORSE
2320,2,25,70,27442,29277,0,CAPACITY_EXCEEDED,INVALID
2321,2,25,71,27191,29033,1,FEASIBLE,WORSE
2322,2,25,72,26989,28906,1,FEASIBLE,WORSE
2323,2,25,73,27002,28859,1,FEASIBLE,WORSE
2324,2,25,74,25832,27722,1,FEASIBLE,WORSE
2325,2,25,75,27072,28955,1,FEASIBLE,WORSE
2326,2,25,76,26796,28651,1,FEASIBLE,WORSE
2327,2,25,77,26692,28563,1,FEASIBLE,WORSE
2328,2,25,78,26996,28877,1,FEASIBLE,WORSE
2329,2,25,79,27419,29297,0,CAPACITY_EXCEEDED,INVALID
2330,2,25,80,25860,27791,1,FEASIBLE,WORSE
2331,2,25,81,26408,28337,1,FEASIBLE,WORSE
2332,2,25,82,27305,29202,1,FEASIBLE,WORSE
2333,2,25,83,25758,27665,1,FEASIBLE,WORSE
2334,2,25,84,27392,29269,0,CAPACITY_EXCEEDED,INVALID
2335,2,25,85,26292,28145,1,FEASIBLE,WORSE
2336,2,25,86,25739,27581,1,FEASIBLE,WORSE
2337,2,25,87,26425,28303,1,FEASIBLE,WORSE
2338,2,25,88,25831,27779,1,FEASIBLE,WORSE
2339,2,25,89,26210,28143,1,FEASIBLE,WORSE
2340,2,25,90,26257,28176,1,FEASIBLE,WORSE
2341,2,25,91,27360,29205,1,FEASIBLE,WORSE
2342,2,25,92,26591,28510,1,FEASIBLE,WORSE
2343,2,25,93,25961,27891,1,FEASIBLE,WORSE
2344,2,25,94,27338,29209,1,FEASIBLE,WORSE
2345,2,25,95,26729,28582,1,FEASIBLE,WORSE
2346,2,25,96,26273,28147,1,FEASIBLE,WORSE
2347,2,25,97,27365,29273,1,FEASIBLE,WORSE
2348,2,25,98,26061,27992,1,FEASIBLE,WORSE
2349,2,25,99,25767,27617,1,FEASIBLE,WORSE
2350,2,26,27,26289,28113,1,FEASIBLE,WORSE
2351,2,26,28,26613,28404,1,FEASIBLE,WORSE
2352,2,26,29,26826,28628,1,FEASIBLE,WORSE
2353,2,26,30,26524,28323,1,FEASIBLE,WORSE
2354,2,26,31,26713,28544,1,FEASIBLE,WORSE
2355,2,26,32,26339,28216,1,FEASIBLE,WORSE
2356,2,26,33,27849,29666,0,CAPACITY_EXCEEDED,INVALID
2357,2,26,34,26175,28015,1,FEASIBLE,WORSE
2358,2,26,35,27032,28867,1,FEASIBLE,WORSE
2359,2,26,36,27744,29536,0,CAPACITY_EXCEEDED,INVALID
2360,2,26,37,26053,27935,1,FEASIBLE,WORSE
2361,2,26,38,26115,27912,1,FEASIBLE,WORSE
2362,2,26,39,27757,29554,0,CAPACITY_EXCEEDED,INVALID
2363,2,26,40,26087,27942,1,FEASIBLE,WORSE
2364,2,26,41,26060,27954,1,FEASIBLE,WORSE
2365,2,26,42,26496,28365,1,FEASIBLE,WORSE
2366,2,26,43,27831,29631,0,CAPACITY_EXCEEDED,INVALID
2367,2,26,44,25888,27668,1,FEASIBLE,WORSE
2368,2,26,45,27012,28836,1,FEASIBLE,WORSE
2369,2,26,46,26095,27946,1,FEASIBLE,WORSE
2370,2,26,47,26134,28022,1,FEASIBLE,WORSE
2371,2,26,48,27312,29087,1,FEASIBLE,WORSE
2372,2,26,49,26319,28179,1,FEASIBLE,WORSE
2373,2,26,50,27341,29141,1,FEASIBLE,WORSE
2374,2,26,51,27775,29558,0,CAPACITY_EXCEEDED,INVALID
2375,2,26,52,27351,29129,1,FEASIBLE,WORSE
2376,2,26,53,27682,29486,0,CAPACITY_EXCEEDED,INVALID
2377,2,26,54,27204,28995,1,FEASIBLE,WORSE
2378,2,26,55,25967,27812,1,FEASIBLE,WORSE
2379,2,26,56,25950,27820,1,FEASIBLE,WORSE
2380,2,26,57,26388,28163,1,FEASIBLE,WORSE
2381,2,26,58,26282,28067,1,FEASIBLE,WORSE
2382,2,26,59,25929,27702,1,FEASIBLE,WORSE
2383,2,26,60,27574,29392,0,CAPACITY_EXCEEDED,INVALID
2384,2,26,61,26363,28246,1,FEASIBLE,WORSE
2385,2,26,62,27072,28894,1,FEASIBLE,WORSE
2386,2,26,63,26525,28379,1,FEASIBLE,WORSE
2387,2,26,64,26150,27997,1,FEASIBLE,WORSE
2388,2,26,65,26683,28495,1,FEASIBLE,WORSE
2389,2,26,66,25942,27772,1,FEASIBLE,WORSE
2390,2,26,67,27119,28942,1,FEASIBLE,WORSE
2391,2,26,68,25938,27825,1,FEASIBLE,WORSE
2392,2,26,69,26540,28407,1,FEASIBLE,WORSE
2393,2,26,70,27808,29580,0,CAPACITY_EXCEEDED,INVALID
2394,2,26,71,27557,29336,0,CAPACITY_EXCEEDED,INVALID
2395,2,26,72,27355,29209,1,FEASIBLE,WORSE
2396,2,26,73,27368,29162,1,FEASIBLE,WORSE
2397,2,26,74,26198,28025,1,FEASIBLE,WORSE
2398,2,26,75,27438,29258,0,CAPACITY_EXCEEDED,INVALID
2399,2,26,76,27162,28954,1,FEASIBLE,WORSE
2400,2,26,77,27058,28866,1,FEASIBLE,WORSE
2401,2,26,78,27362,29180,1,FEASIBLE,WORSE
2402,2,26,79,27785,29600,0,CAPACITY_EXCEEDED,INVALID
2403,2,26,80,26226,28094,1,FEASIBLE,WORSE
2404,2,26,81,26774,28640,1,FEASIBLE,WORSE
2405,2,26,82,27671,29505,0,CAPACITY_EXCEEDED,INVALID
2406,2,26,83,26124,27968,1,FEASIBLE,WORSE
2407,2,26,84,27758,29572,0,CAPACITY_EXCEEDED,INVALID
2408,2,26,85,26658,28448,1,FEASIBLE,WORSE
2409,2,26,86,26105,27884,1,FEASIBLE,WORSE
2410,2,26,87,26791,28606,1,FEASIBLE,WORSE
2411,2,26,88,26197,28082,1,FEASIBLE,WORSE
2412,2,26,89,26576,28446,1,FEASIBLE,WORSE
2413,2,26,90,26623,28479,1,FEASIBLE,WORSE
2414,2,26,91,27726,29508,0,CAPACITY_EXCEEDED,INVALID
2415,2,26,92,26957,28813,1,FEASIBLE,WORSE
2416,2,26,93,26327,28194,1,FEASIBLE,WORSE
2417,2,26,94,27704,29512,0,CAPACITY_EXCEEDED,INVALID
2418,2,26,95,27095,28885,1,FEASIBLE,WORSE
2419,2,26,96,26639,28450,1,FEASIBLE,WORSE
2420,2,26,97,27731,29576,0,CAPACITY_EXCEEDED,INVALID
2421,2,26,98,26427,28295,1,FEASIBLE,WORSE
2422,2,26,99,26133,27920,1,FEASIBLE,WORSE
2423,2,27,28,26578,28374,1,FEASIBLE,WORSE
2424,2,27,29,26791,28598,1,FEASIBLE,WORSE
2425,2,27,30,26489,28293,1,FEASIBLE,WORSE
2426,2,27,31,26678,28514,1,FEASIBLE,WORSE
2427,2,27,32,26304,28186,1,FEASIBLE,WORSE
2428,2,27,33,27814,29636,0,CAPACITY_EXCEEDED,INVALID
2429,2,27,34,26140,27985,1,FEASIBLE,WORSE
2430,2,27,35,26997,28837,1,FEASIBLE,WORSE
2431,2,27,36,27709,29506,0,CAPACITY_EXCEEDED,INVALID
2432,2,27,37,26018,27905,1,FEASIBLE,WORSE
2433,2,27,38,26080,27882,1,FEASIBLE,WORSE
2434,2,27,39,27722,29524,0,CAPACITY_EXCEEDED,INVALID
2435,2,27,40,26052,27912,1,FEASIBLE,WORSE
2436,2,27,41,26025,27924,1,FEASIBLE,WORSE
2437,2,27,42,26461,28335,1,FEASIBLE,WORSE
2438,2,27,43,27796,29601,0,CAPACITY_EXCEEDED,INVALID
2439,2,27,44,25853,27638,1,FEASIBLE,WORSE
2440,2,27,45,26977,28806,1,FEASIBLE,WORSE
2441,2,27,46,26060,27916,1,FEASIBLE,WORSE
2442,2,27,47,26099,27992,1,FEASIBLE,WORSE
2443,2,27,48,27277,29057,1,FEASIBLE,WORSE
2444,2,27,49,26284,28149,1,FEASIBLE,WORSE
2445,2,27,50,27306,29111,1,FEASIBLE,WORSE
2446,2,27,51,27740,29528,0,CAPACITY_EXCEEDED,INVALID
2447,2,27,52,27316,29099,1,FEASIBLE,WORSE
2448,2,27,53,27647,29456,0,CAPACITY_EXCEEDED,INVALID
2449,2,27,54,27169,28965,1,FEASIBLE,WORSE
2450,2,27,55,25932,27782,1,FEASIBLE,WORSE
2451,2,27,56,25915,27790,1,FEASIBLE,WORSE
2452,2,27,57,26353,28133,1,FEASIBLE,WORSE
2453,2,27,58,26247,28037,1,FEASIBLE,WORSE
2454,2,27,59,25894,27672,1,FEASIBLE,WORSE
2455,2,27,60,27539,29362,0,CAPACITY_EXCEEDED,INVALID
2456,2,27,61,26328,28216,1,FEASIBLE,WORSE
2457,2,27,62,27037,28864,1,FEASIBLE,WORSE
2458,2,27,63,26490,28349,1,FEASIBLE,WORSE
2459,2,27,64,26115,27967,1,FEASIBLE,WORSE
2460,2,27,65,26648,28465,1,FEASIBLE,WORSE
2461,2,27,66,25907,27742,1,FEASIBLE,WORSE
2462,2,27,67,27084,28912,1,FEASIBLE,WORSE
2463,2,27,68,25903,27795,1,FEASIBLE,WORSE
2464,2,27,69,26505,28377,1,FEASIBLE,WORSE
2465,2,27,70,27773,29550,0,CAPACITY_EXCEEDED,INVALID
2466,2,27,71,27522,29306,0,CAPACITY_EXCEEDED,INVALID
2467,2,27,72,27320,29179,1,FEASIBLE,WORSE
2468,2,27,73,27333,29132,1,FEASIBLE,WORSE
2469,2,27,74,26163,27995,1,FEASIBLE,WORSE
2470,2,27,75,27403,29228,0,CAPACITY_EXCEEDED,INVALID
2471,2,27,76,27127,28924,1,FEASIBLE,WORSE
2472,2,27,77,27023,28836,1,FEASIBLE,WORSE
2473,2,27,78,27327,29150,1,FEASIBLE,WORSE
2474,2,27,79,27750,29570,0,CAPACITY_EXCEEDED,INVALID
2475,2,27,80,26191,28064,1,FEASIBLE,WORSE
2476,2,27,81,26739,28610,1,FEASIBLE,WORSE
2477,2,27,82,27636,29475,0,CAPACITY_EXCEEDED,INVALID
2478,2,27,83,26089,27938,1,FEASIBLE,WORSE
2479,2,27,84,27723,29542,0,CAPACITY_EXCEEDED,INVALID
2480,2,27,85,26623,28418,1,FEASIBLE,WORSE
2481,2,27,86,26070,27854,1,FEASIBLE,WORSE
2482,2,27,87,26756,28576,1,FEASIBLE,WORSE
2483,2,27,88,26162,28052,1,FEASIBLE,WORSE
2484,2,27,89,26541,28416,1,FEASIBLE,WORSE
2485,2,27,90,26588,28449,1,FEASIBLE,WORSE
2486,2,27,91,27691,29478,0,CAPACITY_EXCEEDED,INVALID
2487,2,27,92,26922,28783,1,FEASIBLE,WORSE
2488,2,27,93,26292,28164,1,FEASIBLE,WORSE
2489,2,27,94,27669,29482,0,CAPACITY_EXCEEDED,INVALID
2490,2,27,95,27060,28855,1,FEASIBLE,WORSE
2491,2,27,96,26604,28420,1,FEASIBLE,WORSE
2492,2,27,97,27696,29546,0,CAPACITY_EXCEEDED,INVALID
2493,2,27,98,26392,28265,1,FEASIBLE,WORSE
2494,2,27,99,26098,27890,1,FEASIBLE,WORSE
2495,2,28,29,27115,28889,1,FEASIBLE,WORSE
2496,2,28,30,26813,28584,1,FEASIBLE,WORSE
2497,2,28,31,27002,28805,1,FEASIBLE,WORSE
2498,2,28,32,26628,28477,1,FEASIBLE,WORSE
2499,2,28,33,28138,29927,0,CAPACITY_EXCEEDED,INVALID
2500,2,28,34,26464,28276,1,FEASIBLE,WORSE
2501,2,28,35,27321,29128,1,FEASIBLE,WORSE
2502,2,28,36,28033,29797,0,CAPACITY_EXCEEDED,INVALID
2503,2,28,37,26342,28196,1,FEASIBLE,WORSE
2504,2,28,38,26404,28173,1,FEASIBLE,WORSE
2505,2,28,39,28046,29815,0,CAPACITY_EXCEEDED,INVALID
2506,2,28,40,26376,28203,1,FEASIBLE,WORSE
2507,2,28,41,26349,28215,1,FEASIBLE,WORSE
2508,2,28,42,26785,28626,1,FEASIBLE,WORSE
2509,2,28,43,28120,29892,0,CAPACITY_EXCEEDED,INVALID
2510,2,28,44,26177,27929,1,FEASIBLE,WORSE
2511,2,28,45,27301,29097,1,FEASIBLE,WORSE
2512,2,28,46,26384,28207,1,FEASIBLE,WORSE
2513,2,28,47,26423,28283,1,FEASIBLE,WORSE
2514,2,28,48,27601,29348,0,CAPACITY_EXCEEDED,INVALID
2515,2,28,49,26608,28440,1,FEASIBLE,WORSE
2516,2,28,50,27630,29402,0,CAPACITY_EXCEEDED,INVALID
2517,2,28,51,28064,29819,0,CAPACITY_EXCEEDED,INVALID
2518,2,28,52,27640,29390,0,CAPACITY_EXCEEDED,INVALID
2519,2,28,53,27971,29747,0,CAPACITY_EXCEEDED,INVALID
2520,2,28,54,27493,29256,0,CAPACITY_EXCEEDED,INVALID
2521,2,28,55,26256,28073,1,FEASIBLE,WORSE
2522,2,28,56,26239,28081,1,FEASIBLE,WORSE
2523,2,28,57,26677,28424,1,FEASIBLE,WORSE
2524,2,28,58,26571,28328,1,FEASIBLE,WORSE
2525,2,28,59,26218,27963,1,FEASIBLE,WORSE
2526,2,28,60,27863,29653,0,CAPACITY_EXCEEDED,INVALID
2527,2,28,61,26652,28507,1,FEASIBLE,WORSE
2528,2,28,62,27361,29155,1,FEASIBLE,WORSE
2529,2,28,63,26814,28640,1,FEASIBLE,WORSE
2530,2,28,64,26439,28258,1,FEASIBLE,WORSE
2531,2,28,65,26972,28756,1,FEASIBLE,WORSE
2532,2,28,66,26231,28033,1,FEASIBLE,WORSE
2533,2,28,67,27408,29203,0,CAPACITY_EXCEEDED,INVALID
2534,2,28,68,26227,28086,1,FEASIBLE,WORSE
2535,2,28,69,26829,28668,1,FEASIBLE,WORSE
2536,2,28,70,28097,29841,0,CAPACITY_EXCEEDED,INVALID
2537,2,28,71,27846,29597,0,CAPACITY_EXCEEDED,INVALID
2538,2,28,72,27644,29470,0,CAPACITY_EXCEEDED,INVALID
2539,2,28,73,27657,29423,0,CAPACITY_EXCEEDED,INVALID
2540,2,28,74,26487,28286,1,FEASIBLE,WORSE
2541,2,28,75,27727,29519,0,CAPACITY_EXCEEDED,INVALID
2542,2,28,76,27451,29215,0,CAPACITY_EXCEEDED,INVALID
2543,2,28,77,27347,29127,1,FEASIBLE,WORSE
2544,2,28,78,27651,29441,0,CAPACITY_EXCEEDED,INVALID
2545,2,28,79,28074,29861,0,CAPACITY_EXCEEDED,INVALID
2546,2,28,80,26515,28355,1,FEASIBLE,WORSE
2547,2,28,81,27063,28901,1,FEASIBLE,WORSE
2548,2,28,82,27960,29766,0,CAPACITY_EXCEEDED,INVALID
2549,2,28,83,26413,28229,1,FEASIBLE,WORSE
2550,2,28,84,28047,29833,0,CAPACITY_EXCEEDED,INVALID
2551,2,28,85,26947,28709,1,FEASIBLE,WORSE
2552,2,28,86,26394,28145,1,FEASIBLE,WORSE
2553,2,28,87,27080,28867,1,FEASIBLE,WORSE
2554,2,28,88,26486,28343,1,FEASIBLE,WORSE
2555,2,28,89,26865,28707,1,FEASIBLE,WORSE
2556,2,28,90,26912,28740,1,FEASIBLE,WORSE
2557,2,28,91,28015,29769,0,CAPACITY_EXCEEDED,INVALID
2558,2,28,92,27246,29074,1,FEASIBLE,WORSE
2559,2,28,93,26616,28455,1,FEASIBLE,WORSE
2560,2,28,94,27993,29773,0,CAPACITY_EXCEEDED,INVALID
2561,2,28,95,27384,29146,0,CAPACITY_EXCEEDED,INVALID
2562,2,28,96,26928,28711,1,FEASIBLE,WORSE
2563,2,28,97,28020,29837,0,CAPACITY_EXCEEDED,INVALID
2564,2,28,98,26716,28556,1,FEASIBLE,WORSE
2565,2,28,99,26422,28181,1,FEASIBLE,WORSE
2566,2,29,30,27026,28808,1,FEASIBLE,WORSE
2567,2,29,31,27215,29029,1,FEASIBLE,WORSE
2568,2,29,32,26841,28701,1,FEASIBLE,WORSE
2569,2,29,33,28351,30151,0,CAPACITY_EXCEEDED,INVALID
2570,2,29,34,26677,28500,1,FEASIBLE,WORSE
2571,2,29,35,27534,29352,0,CAPACITY_EXCEEDED,INVALID
2572,2,29,36,28246,30021,0,CAPACITY_EXCEEDED,INVALID
2573,2,29,37,26555,28420,1,FEASIBLE,WORSE
2574,2,29,38,26617,28397,1,FEASIBLE,WORSE
2575,2,29,39,28259,30039,0,CAPACITY_EXCEEDED,INVALID
2576,2,29,40,26589,28427,1,FEASIBLE,WORSE
2577,2,29,41,26562,28439,1,FEASIBLE,WORSE
2578,2,29,42,26998,28850,1,FEASIBLE,WORSE
2579,2,29,43,28333,30116,0,CAPACITY_EXCEEDED,INVALID
2580,2,29,44,26390,28153,1,FEASIBLE,WORSE
2581,2,29,45,27514,29321,0,CAPACITY_EXCEEDED,INVALID
2582,2,29,46,26597,28431,1,FEASIBLE,WORSE
2583,2,29,47,26636,28507,1,FEASIBLE,WORSE
2584,2,29,48,27814,29572,0,CAPACITY_EXCEEDED,INVALID
2585,2,29,49,26821,28664,1,FEASIBLE,WORSE
2586,2,29,50,27843,29626,0,CAPACITY_EXCEEDED,INVALID
2587,2,29,51,28277,30043,0,CAPACITY_EXCEEDED,INVALID
2588,2,29,52,27853,29614,0,CAPACITY_EXCEEDED,INVALID
2589,2,29,53,28184,29971,0,CAPACITY_EXCEEDED,INVALID
2590,2,29,54,27706,29480,0,CAPACITY_EXCEEDED,INVALID
2591,2,29,55,26469,28297,1,FEASIBLE,WORSE
2592,2,29,56,26452,28305,1,FEASIBLE,WORSE
2593,2,29,57,26890,28648,1,FEASIBLE,WORSE
2594,2,29,58,26784,28552,1,FEASIBLE,WORSE
2595,2,29,59,26431,28187,1,FEASIBLE,WORSE
2596,2,29,60,28076,29877,0,CAPACITY_EXCEEDED,INVALID
2597,2,29,61,26865,28731,1,FEASIBLE,WORSE
2598,2,29,62,27574,29379,0,CAPACITY_EXCEEDED,INVALID
2599,2,29,63,27027,28864,1,FEASIBLE,WORSE
2600,2,29,64,26652,28482,1,FEASIBLE,WORSE
2601,2,29,65,27185,28980,1,FEASIBLE,WORSE
2602,2,29,66,26444,28257,1,FEASIBLE,WORSE
2603,2,29,67,27621,29427,0,CAPACITY_EXCEEDED,INVALID
2604,2,29,68,26440,28310,1,FEASIBLE,WORSE
2605,2,29,69,27042,28892,1,FEASIBLE,WORSE
2606,2,29,70,28310,30065,0,CAPACITY_EXCEEDED,INVALID
2607,2,29,71,28059,29821,0,CAPACITY_EXCEEDED,INVALID
2608,2,29,72,27857,29694,0,CAPACITY_EXCEEDED,INVALID
2609,2,29,73,27870,29647,0,CAPACITY_EXCEEDED,INVALID
2610,2,29,74,26700,28510,1,FEASIBLE,WORSE
2611,2,29,75,27940,29743,0,CAPACITY_EXCEEDED,INVALID
2612,2,29,76,27664,29439,0,CAPACITY_EXCEEDED,INVALID
2613,2,29,77,27560,29351,0,CAPACITY_EXCEEDED,INVALID
2614,2,29,78,27864,29665,0,CAPACITY_EXCEEDED,INVALID
2615,2,29,79,28287,30085,0,CAPACITY_EXCEEDED,INVALID
2616,2,29,80,26728,28579,1,FEASIBLE,WORSE
2617,2,29,81,27276,29125,1,FEASIBLE,WORSE
2618,2,29,82,28173,29990,0,CAPACITY_EXCEEDED,INVALID
2619,2,29,83,26626,28453,1,FEASIBLE,WORSE
2620,2,29,84,28260,30057,0,CAPACITY_EXCEEDED,INVALID
2621,2,29,85,27160,28933,1,FEASIBLE,WORSE
2622,2,29,86,26607,28369,1,FEASIBLE,WORSE
2623,2,29,87,27293,29091,1,FEASIBLE,WORSE
2624,2,29,88,26699,28567,1,FEASIBLE,WORSE
2625,2,29,89,27078,28931,1,FEASIBLE,WORSE
2626,2,29,90,27125,28964,1,FEASIBLE,WORSE
2627,2,29,91,28228,29993,0,CAPACITY_EXCEEDED,INVALID
2628,2,29,92,27459,29298,0,CAPACITY_EXCEEDED,INVALID
2629,2,29,93,26829,28679,1,FEASIBLE,WORSE
2630,2,29,94,28206,29997,0,CAPACITY_EXCEEDED,INVALID
2631,2,29,95,27597,29370,0,CAPACITY_EXCEEDED,INVALID
2632,2,29,96,27141,28935,1,FEASIBLE,WORSE
2633,2,29,97,28233,30061,0,CAPACITY_EXCEEDED,INVALID
2634,2,29,98,26929,28780,1,FEASIBLE,WORSE
2635,2,29,99,26635,28405,1,FEASIBLE,WORSE
2636,2,30,31,26913,28724,1,FEASIBLE,WORSE
2637,2,30,32,26539,28396,1,FEASIBLE,WORSE
2638,2,30,33,28049,29846,0,CAPACITY_EXCEEDED,INVALID
2639,2,30,34,26375,28195,1,FEASIBLE,WORSE
2640,2,30,35,27232,29047,1,FEASIBLE,WORSE
2641,2,30,36,27944,29716,0,CAPACITY_EXCEEDED,INVALID
2642,2,30,37,26253,28115,1,FEASIBLE,WORSE
2643,2,30,38,26315,28092,1,FEASIBLE,WORSE
2644,2,30,39,27957,29734,0,CAPACITY_EXCEEDED,INVALID
2645,2,30,40,26287,28122,1,FEASIBLE,WORSE
2646,2,30,41,26260,28134,1,FEASIBLE,WORSE
2647,2,30,42,26696,28545,1,FEASIBLE,WORSE
2648,2,30,43,28031,29811,0,CAPACITY_EXCEEDED,INVALID
2649,2,30,44,26088,27848,1,FEASIBLE,WORSE
2650,2,30,45,27212,29016,1,FEASIBLE,WORSE
2651,2,30,46,26295,28126,1,FEASIBLE,WORSE
2652,2,30,47,26334,28202,1,FEASIBLE,WORSE
2653,2,30,48,27512,29267,0,CAPACITY_EXCEEDED,INVALID
2654,2,30,49,26519,28359,1,FEASIBLE,WORSE
2655,2,30,50,27541,29321,0,CAPACITY_EXCEEDED,INVALID
2656,2,30,51,27975,29738,0,CAPACITY_EXCEEDED,INVALID
2657,2,30,52,27551,29309,0,CAPACITY_EXCEEDED,INVALID
2658,2,30,53,27882,29666,0,CAPACITY_EXCEEDED,INVALID
2659,2,30,54,27404,29175,0,CAPACITY_EXCEEDED,INVALID
2660,2,30,55,26167,27992,1,FEASIBLE,WORSE
2661,2,30,56,26150,28000,1,FEASIBLE,WORSE
2662,2,30,57,26588,28343,1,FEASIBLE,WORSE
2663,2,30,58,26482,28247,1,FEASIBLE,WORSE
2664,2,30,59,26129,27882,1,FEASIBLE,WORSE
2665,2,30,60,27774,29572,0,CAPACITY_EXCEEDED,INVALID
2666,2,30,61,26563,28426,1,FEASIBLE,WORSE
2667,2,30,62,27272,29074,1,FEASIBLE,WORSE
2668,2,30,63,26725,28559,1,FEASIBLE,WORSE
2669,2,30,64,26350,28177,1,FEASIBLE,WORSE
2670,2,30,65,26883,28675,1,FEASIBLE,WORSE
2671,2,30,66,26142,27952,1,FEASIBLE,WORSE
2672,2,30,67,27319,29122,1,FEASIBLE,WORSE
2673,2,30,68,26138,28005,1,FEASIBLE,WORSE
2674,2,30,69,26740,28587,1,FEASIBLE,WORSE
2675,2,30,70,28008,29760,0,CAPACITY_EXCEEDED,INVALID
2676,2,30,71,27757,29516,0,CAPACITY_EXCEEDED,INVALID
2677,2,30,72,27555,29389,0,CAPACITY_EXCEEDED,INVALID
2678,2,30,73,27568,29342,0,CAPACITY_EXCEEDED,INVALID
2679,2,30,74,26398,28205,1,FEASIBLE,WORSE
2680,2,30,75,27638,29438,0,CAPACITY_EXCEEDED,INVALID
2681,2,30,76,27362,29134,1,FEASIBLE,WORSE
2682,2,30,77,27258,29046,1,FEASIBLE,WORSE
2683,2,30,78,27562,29360,0,CAPACITY_EXCEEDED,INVALID
2684,2,30,79,27985,29780,0,CAPACITY_EXCEEDED,INVALID
2685,2,30,80,26426,28274,1,FEASIBLE,WORSE
2686,2,30,81,26974,28820,1,FEASIBLE,WORSE
2687,2,30,82,27871,29685,0,CAPACITY_EXCEEDED,INVALID
2688,2,30,83,26324,28148,1,FEASIBLE,WORSE
2689,2,30,84,27958,29752,0,CAPACITY_EXCEEDED,INVALID
2690,2,30,85,26858,28628,1,FEASIBLE,WORSE
2691,2,30,86,26305,28064,1,FEASIBLE,WORSE
2692,2,30,87,26991,28786,1,FEASIBLE,WORSE
2693,2,30,88,26397,28262,1,FEASIBLE,WORSE
2694,2,30,89,26776,28626,1,FEASIBLE,WORSE
2695,2,30,90,26823,28659,1,FEASIBLE,WORSE
2696,2,30,91,27926,29688,0,CAPACITY_EXCEEDED,INVALID
2697,2,30,92,27157,28993,1,FEASIBLE,WORSE
2698,2,30,93,26527,28374,1,FEASIBLE,WORSE
2699,2,30,94,27904,29692,0,CAPACITY_EXCEEDED,INVALID
2700,2,30,95,27295,29065,1,FEASIBLE,WORSE
2701,2,30,96,26839,28630,1,FEASIBLE,WORSE
2702,2,30,97,27931,29756,0,CAPACITY_EXCEEDED,INVALID
2703,2,30,98,26627,28475,1,FEASIBLE,WORSE
2704,2,30,99,26333,28100,1,FEASIBLE,WORSE
2705,2,31,32,26728,28617,1,FEASIBLE,WORSE
2706,2,31,33,28238,30067,0,CAPACITY_EXCEEDED,INVALID
2707,2,31,34,26564,28416,1,FEASIBLE,WORSE
2708,2,31,35,27421,29268,0,CAPACITY_EXCEEDED,INVALID
2709,2,31,36,28133,29937,0,CAPACITY_EXCEEDED,INVALID
2710,2,31,37,26442,28336,1,FEASIBLE,WORSE
2711,2,31,38,26504,28313,1,FEASIBLE,WORSE
2712,2,31,39,28146,29955,0,CAPACITY_EXCEEDED,INVALID
2713,2,31,40,26476,28343,1,FEASIBLE,WORSE
2714,2,31,41,26449,28355,1,FEASIBLE,WORSE
2715,2,31,42,26885,28766,1,FEASIBLE,WORSE
2716,2,31,43,28220,30032,0,CAPACITY_EXCEEDED,INVALID
2717,2,31,44,26277,28069,1,FEASIBLE,WORSE
2718,2,31,45,27401,29237,0,CAPACITY_EXCEEDED,INVALID
2719,2,31,46,26484,28347,1,FEASIBLE,WORSE
2720,2,31,47,26523,28423,1,FEASIBLE,WORSE
2721,2,31,48,27701,29488,0,CAPACITY_EXCEEDED,INVALID
2722,2,31,49,26708,28580,1,FEASIBLE,WORSE
2723,2,31,50,27730,29542,0,CAPACITY_EXCEEDED,INVALID
2724,2,31,51,28164,29959,0,CAPACITY_EXCEEDED,INVALID
2725,2,31,52,27740,29530,0,CAPACITY_EXCEEDED,INVALID
2726,2,31,53,28071,29887,0,CAPACITY_EXCEEDED,INVALID
2727,2,31,54,27593,29396,0,CAPACITY_EXCEEDED,INVALID
2728,2,31,55,26356,28213,1,FEASIBLE,WORSE
2729,2,31,56,26339,28221,1,FEASIBLE,WORSE
2730,2,31,57,26777,28564,1,FEASIBLE,WORSE
2731,2,31,58,26671,28468,1,FEASIBLE,WORSE
2732,2,31,59,26318,28103,1,FEASIBLE,WORSE
2733,2,31,60,27963,29793,0,CAPACITY_EXCEEDED,INVALID
2734,2,31,61,26752,28647,1,FEASIBLE,WORSE
2735,2,31,62,27461,29295,0,CAPACITY_EXCEEDED,INVALID
2736,2,31,63,26914,28780,1,FEASIBLE,WORSE
2737,2,31,64,26539,28398,1,FEASIBLE,WORSE
2738,2,31,65,27072,28896,1,FEASIBLE,WORSE
2739,2,31,66,26331,28173,1,FEASIBLE,WORSE
2740,2,31,67,27508,29343,0,CAPACITY_EXCEEDED,INVALID
2741,2,31,68,26327,28226,1,FEASIBLE,WORSE
2742,2,31,69,26929,28808,1,FEASIBLE,WORSE
2743,2,31,70,28197,29981,0,CAPACITY_EXCEEDED,INVALID
2744,2,31,71,27946,29737,0,CAPACITY_EXCEEDED,INVALID
2745,2,31,72,27744,29610,0,CAPACITY_EXCEEDED,INVALID
2746,2,31,73,27757,29563,0,CAPACITY_EXCEEDED,INVALID
2747,2,31,74,26587,28426,1,FEASIBLE,WORSE
2748,2,31,75,27827,29659,0,CAPACITY_EXCEEDED,INVALID
2749,2,31,76,27551,29355,0,CAPACITY_EXCEEDED,INVALID
2750,2,31,77,27447,29267,0,CAPACITY_EXCEEDED,INVALID
2751,2,31,78,27751,29581,0,CAPACITY_EXCEEDED,INVALID
2752,2,31,79,28174,30001,0,CAPACITY_EXCEEDED,INVALID
2753,2,31,80,26615,28495,1,FEASIBLE,WORSE
2754,2,31,81,27163,29041,1,FEASIBLE,WORSE
2755,2,31,82,28060,29906,0,CAPACITY_EXCEEDED,INVALID
2756,2,31,83,26513,28369,1,FEASIBLE,WORSE
2757,2,31,84,28147,29973,0,CAPACITY_EXCEEDED,INVALID
2758,2,31,85,27047,28849,1,FEASIBLE,WORSE
2759,2,31,86,26494,28285,1,FEASIBLE,WORSE
2760,2,31,87,27180,29007,1,FEASIBLE,WORSE
2761,2,31,88,26586,28483,1,FEASIBLE,WORSE
2762,2,31,89,26965,28847,1,FEASIBLE,WORSE
2763,2,31,90,27012,28880,1,FEASIBLE,WORSE
2764,2,31,91,28115,29909,0,CAPACITY_EXCEEDED,INVALID
2765,2,31,92,27346,29214,1,FEASIBLE,WORSE
2766,2,31,93,26716,28595,1,FEASIBLE,WORSE
2767,2,31,94,28093,29913,0,CAPACITY_EXCEEDED,INVALID
2768,2,31,95,27484,29286,0,CAPACITY_EXCEEDED,INVALID
2769,2,31,96,27028,28851,1,FEASIBLE,WORSE
2770,2,31,97,28120,29977,0,CAPACITY_EXCEEDED,INVALID
2771,2,31,98,26816,28696,1,FEASIBLE,WORSE
2772,2,31,99,26522,28321,1,FEASIBLE,WORSE
2773,2,32,33,27864,29739,0,CAPACITY_EXCEEDED,INVALID
2774,2,32,34,26190,28088,1,FEASIBLE,WORSE
2775,2,32,35,27047,28940,1,FEASIBLE,WORSE
2776,2,32,36,27759,29609,0,CAPACITY_EXCEEDED,INVALID
2777,2,32,37,26068,28008,1,FEASIBLE,WORSE
2778,2,32,38,26130,27985,1,FEASIBLE,WORSE
2779,2,32,39,27772,29627,0,CAPACITY_EXCEEDED,INVALID
2780,2,32,40,26102,28015,1,FEASIBLE,WORSE
2781,2,32,41,26075,28027,1,FEASIBLE,WORSE
2782,2,32,42,26511,28438,1,FEASIBLE,WORSE
2783,2,32,43,27846,29704,0,CAPACITY_EXCEEDED,INVALID
2784,2,32,44,25903,27741,1,FEASIBLE,WORSE
2785,2,32,45,27027,28909,1,FEASIBLE,WORSE
2786,2,32,46,26110,28019,1,FEASIBLE,WORSE
2787,2,32,47,26149,28095,1,FEASIBLE,WORSE
2788,2,32,48,27327,29160,1,FEASIBLE,WORSE
2789,2,32,49,26334,28252,1,FEASIBLE,WORSE
2790,2,32,50,27356,29214,1,FEASIBLE,WORSE
2791,2,32,51,27790,29631,0,CAPACITY_EXCEEDED,INVALID
2792,2,32,52,27366,29202,1,FEASIBLE,WORSE
2793,2,32,53,27697,29559,0,CAPACITY_EXCEEDED,INVALID
2794,2,32,54,27219,29068,1,FEASIBLE,WORSE
2795,2,32,55,25982,27885,1,FEASIBLE,WORSE
2796,2,32,56,25965,27893,1,FEASIBLE,WORSE
2797,2,32,57,26403,28236,1,FEASIBLE,WORSE
2798,2,32,58,26297,28140,1,FEASIBLE,WORSE
2799,2,32,59,25944,27775,1,FEASIBLE,WORSE
2800,2,32,60,27589,29465,0,CAPACITY_EXCEEDED,INVALID
2801,2,32,61,26378,28319,1,FEASIBLE,WORSE
2802,2,32,62,27087,28967,1,FEASIBLE,WORSE
2803,2,32,63,26540,28452,1,FEASIBLE,WORSE
2804,2,32,64,26165,28070,1,FEASIBLE,WORSE
2805,2,32,65,26698,28568,1,FEASIBLE,WORSE
2806,2,32,66,25957,27845,1,FEASIBLE,WORSE
2807,2,32,67,27134,29015,1,FEASIBLE,WORSE
2808,2,32,68,25953,27898,1,FEASIBLE,WORSE
2809,2,32,69,26555,28480,1,FEASIBLE,WORSE
2810,2,32,70,27823,29653,0,CAPACITY_EXCEEDED,INVALID
2811,2,32,71,27572,29409,0,CAPACITY_EXCEEDED,INVALID
2812,2,32,72,27370,29282,1,FEASIBLE,WORSE
2813,2,32,73,27383,29235,0,CAPACITY_EXCEEDED,INVALID
2814,2,32,74,26213,28098,1,FEASIBLE,WORSE
2815,2,32,75,27453,29331,0,CAPACITY_EXCEEDED,INVALID
2816,2,32,76,27177,29027,1,FEASIBLE,WORSE
2817,2,32,77,27073,28939,1,FEASIBLE,WORSE
2818,2,32,78,27377,29253,1,FEASIBLE,WORSE
2819,2,32,79,27800,29673,0,CAPACITY_EXCEEDED,INVALID
2820,2,32,80,26241,28167,1,FEASIBLE,WORSE
2821,2,32,81,26789,28713,1,FEASIBLE,WORSE
2822,2,32,82,27686,29578,0,CAPACITY_EXCEEDED,INVALID
2823,2,32,83,26139,28041,1,FEASIBLE,WORSE
2824,2,32,84,27773,29645,0,CAPACITY_EXCEEDED,INVALID
2825,2,32,85,26673,28521,1,FEASIBLE,WORSE
2826,2,32,86,26120,27957,1,FEASIBLE,WORSE
2827,2,32,87,26806,28679,1,FEASIBLE,WORSE
2828,2,32,88,26212,28155,1,FEASIBLE,WORSE
2829,2,32,89,26591,28519,1,FEASIBLE,WORSE
2830,2,32,90,26638,28552,1,FEASIBLE,WORSE
2831,2,32,91,27741,29581,0,CAPACITY_EXCEEDED,INVALID
2832,2,32,92,26972,28886,1,FEASIBLE,WORSE
2833,2,32,93,26342,28267,1,FEASIBLE,WORSE
2834,2,32,94,27719,29585,0,CAPACITY_EXCEEDED,INVALID
2835,2,32,95,27110,28958,1,FEASIBLE,WORSE
2836,2,32,96,26654,28523,1,FEASIBLE,WORSE
2837,2,32,97,27746,29649,0,CAPACITY_EXCEEDED,INVALID
2838,2,32,98,26442,28368,1,FEASIBLE,WORSE
2839,2,32,99,26148,27993,1,FEASIBLE,WORSE
2840,2,33,34,27700,29538,0,CAPACITY_EXCEEDED,INVALID
2841,2,33,35,28557,30390,0,CAPACITY_EXCEEDED,INVALID
2842,2,33,36,29269,31059,0,CAPACITY_EXCEEDED,INVALID
2843,2,33,37,27578,29458,0,CAPACITY_EXCEEDED,INVALID
2844,2,33,38,27640,29435,0,CAPACITY_EXCEEDED,INVALID
2845,2,33,39,29282,31077,0,CAPACITY_EXCEEDED,INVALID
2846,2,33,40,27612,29465,0,CAPACITY_EXCEEDED,INVALID
2847,2,33,41,27585,29477,0,CAPACITY_EXCEEDED,INVALID
2848,2,33,42,28021,29888,0,CAPACITY_EXCEEDED,INVALID
2849,2,33,43,29356,31154,0,CAPACITY_EXCEEDED,INVALID
2850,2,33,44,27413,29191,0,CAPACITY_EXCEEDED,INVALID
2851,2,33,45,28537,30359,0,CAPACITY_EXCEEDED,INVALID
2852,2,33,46,27620,29469,0,CAPACITY_EXCEEDED,INVALID
2853,2,33,47,27659,29545,0,CAPACITY_EXCEEDED,INVALID
2854,2,33,48,28837,30610,0,CAPACITY_EXCEEDED,INVALID
2855,2,33,49,27844,29702,0,CAPACITY_EXCEEDED,INVALID
2856,2,33,50,28866,30664,0,CAPACITY_EXCEEDED,INVALID
2857,2,33,51,29300,31081,0,CAPACITY_EXCEEDED,INVALID
2858,2,33,52,28876,30652,0,CAPACITY_EXCEEDED,INVALID
2859,2,33,53,29207,31009,0,CAPACITY_EXCEEDED,INVALID
2860,2,33,54,28729,30518,0,CAPACITY_EXCEEDED,INVALID
2861,2,33,55,27492,29335,0,CAPACITY_EXCEEDED,INVALID
2862,2,33,56,27475,29343,0,CAPACITY_EXCEEDED,INVALID
2863,2,33,57,27913,29686,0,CAPACITY_EXCEEDED,INVALID
2864,2,33,58,27807,29590,0,CAPACITY_EXCEEDED,INVALID
2865,2,33,59,27454,29225,0,CAPACITY_EXCEEDED,INVALID
2866,2,33,60,29099,30915,0,CAPACITY_EXCEEDED,INVALID
2867,2,33,61,27888,29769,0,CAPACITY_EXCEEDED,INVALID
2868,2,33,62,28597,30417,0,CAPACITY_EXCEEDED,INVALID
2869,2,33,63,28050,29902,0,CAPACITY_EXCEEDED,INVALID
2870,2,33,64,27675,29520,0,CAPACITY_EXCEEDED,INVALID
2871,2,33,65,28208,30018,0,CAPACITY_EXCEEDED,INVALID
2872,2,33,66,27467,29295,0,CAPACITY_EXCEEDED,INVALID
2873,2,33,67,28644,30465,0,CAPACITY_EXCEEDED,INVALID
2874,2,33,68,27463,29348,0,CAPACITY_EXCEEDED,INVALID
2875,2,33,69,28065,29930,0,CAPACITY_EXCEEDED,INVALID
2876,2,33,70,29333,31103,0,CAPACITY_EXCEEDED,INVALID
2877,2,33,71,29082,30859,0,CAPACITY_EXCEEDED,INVALID
2878,2,33,72,28880,30732,0,CAPACITY_EXCEEDED,INVALID
2879,2,33,73,28893,30685,0,CAPACITY_EXCEEDED,INVALID
2880,2,33,74,27723,29548,0,CAPACITY_EXCEEDED,INVALID
2881,2,33,75,28963,30781,0,CAPACITY_EXCEEDED,INVALID
2882,2,33,76,28687,30477,0,CAPACITY_EXCEEDED,INVALID
2883,2,33,77,28583,30389,0,CAPACITY_EXCEEDED,INVALID
2884,2,33,78,28887,30703,0,CAPACITY_EXCEEDED,INVALID
2885,2,33,79,29310,31123,0,CAPACITY_EXCEEDED,INVALID
2886,2,33,80,27751,29617,0,CAPACITY_EXCEEDED,INVALID
2887,2,33,81,28299,30163,0,CAPACITY_EXCEEDED,INVALID
2888,2,33,82,29196,31028,0,CAPACITY_EXCEEDED,INVALID
2889,2,33,83,27649,29491,0,CAPACITY_EXCEEDED,INVALID
2890,2,33,84,29283,31095,0,CAPACITY_EXCEEDED,INVALID
2891,2,33,85,28183,29971,0,CAPACITY_EXCEEDED,INVALID
2892,2,33,86,27630,29407,0,CAPACITY_EXCEEDED,INVALID
2893,2,33,87,28316,30129,0,CAPACITY_EXCEEDED,INVALID
2894,2,33,88,27722,29605,0,CAPACITY_EXCEEDED,INVALID
2895,2,33,89,28101,29969,0,CAPACITY_EXCEEDED,INVALID
2896,2,33,90,28148,30002,0,CAPACITY_EXCEEDED,INVALID
2897,2,33,91,29251,31031,0,CAPACITY_EXCEEDED,INVALID
2898,2,33,92,28482,30336,0,CAPACITY_EXCEEDED,INVALID
2899,2,33,93,27852,29717,0,CAPACITY_EXCEEDED,INVALID
2900,2,33,94,29229,31035,0,CAPACITY_EXCEEDED,INVALID
2901,2,33,95,28620,30408,0,CAPACITY_EXCEEDED,INVALID
2902,2,33,96,28164,29973,0,CAPACITY_EXCEEDED,INVALID
2903,2,33,97,29256,31099,0,CAPACITY_EXCEEDED,INVALID
2904,2,33,98,27952,29818,0,CAPACITY_EXCEEDED,INVALID
2905,2,33,99,27658,29443,0,CAPACITY_EXCEEDED,INVALID
2906,2,34,35,26883,28739,1,FEASIBLE,WORSE
2907,2,34,36,27595,29408,0,CAPACITY_EXCEEDED,INVALID
2908,2,34,37,25904,27807,1,FEASIBLE,WORSE
2909,2,34,38,25966,27784,1,FEASIBLE,WORSE
2910,2,34,39,27608,29426,0,CAPACITY_EXCEEDED,INVALID
2911,2,34,40,25938,27814,1,FEASIBLE,WORSE
2912,2,34,41,25911,27826,1,FEASIBLE,WORSE
2913,2,34,42,26347,28237,1,FEASIBLE,WORSE
2914,2,34,43,27682,29503,0,CAPACITY_EXCEEDED,INVALID
2915,2,34,44,25739,27540,1,FEASIBLE,WORSE
2916,2,34,45,26863,28708,1,FEASIBLE,WORSE
2917,2,34,46,25946,27818,1,FEASIBLE,WORSE
2918,2,34,47,25985,27894,1,FEASIBLE,WORSE
2919,2,34,48,27163,28959,1,FEASIBLE,WORSE
2920,2,34,49,26170,28051,1,FEASIBLE,WORSE
2921,2,34,50,27192,29013,1,FEASIBLE,WORSE
2922,2,34,51,27626,29430,0,CAPACITY_EXCEEDED,INVALID
2923,2,34,52,27202,29001,1,FEASIBLE,WORSE
2924,2,34,53,27533,29358,0,CAPACITY_EXCEEDED,INVALID
2925,2,34,54,27055,28867,1,FEASIBLE,WORSE
2926,2,34,55,25818,27684,1,FEASIBLE,WORSE
2927,2,34,56,25801,27692,1,FEASIBLE,WORSE
2928,2,34,57,26239,28035,1,FEASIBLE,WORSE
2929,2,34,58,26133,27939,1,FEASIBLE,WORSE
2930,2,34,59,25780,27574,1,FEASIBLE,WORSE
2931,2,34,60,27425,29264,0,CAPACITY_EXCEEDED,INVALID
2932,2,34,61,26214,28118,1,FEASIBLE,WORSE
2933,2,34,62,26923,28766,1,FEASIBLE,WORSE
2934,2,34,63,26376,28251,1,FEASIBLE,WORSE
2935,2,34,64,26001,27869,1,FEASIBLE,WORSE
2936,2,34,65,26534,28367,1,FEASIBLE,WORSE
2937,2,34,66,25793,27644,1,FEASIBLE,WORSE
2938,2,34,67,26970,28814,1,FEASIBLE,WORSE
2939,2,34,68,25789,27697,1,FEASIBLE,WORSE
2940,2,34,69,26391,28279,1,FEASIBLE,WORSE
2941,2,34,70,27659,29452,0,CAPACITY_EXCEEDED,INVALID
2942,2,34,71,27408,29208,0,CAPACITY_EXCEEDED,INVALID
2943,2,34,72,27206,29081,1,FEASIBLE,WORSE
2944,2,34,73,27219,29034,1,FEASIBLE,WORSE
2945,2,34,74,26049,27897,1,FEASIBLE,WORSE
2946,2,34,75,27289,29130,1,FEASIBLE,WORSE
2947,2,34,76,27013,28826,1,FEASIBLE,WORSE
2948,2,34,77,26909,28738,1,FEASIBLE,WORSE
2949,2,34,78,27213,29052,1,FEASIBLE,WORSE
2950,2,34,79,27636,29472,0,CAPACITY_EXCEEDED,INVALID
2951,2,34,80,26077,27966,1,FEASIBLE,WORSE
2952,2,34,81,26625,28512,1,FEASIBLE,WORSE
2953,2,34,82,27522,29377,0,CAPACITY_EXCEEDED,INVALID
2954,2,34,83,25975,27840,1,FEASIBLE,WORSE
2955,2,34,84,27609,29444,0,CAPACITY_EXCEEDED,INVALID
2956,2,34,85,26509,28320,1,FEASIBLE,WORSE
2957,2,34,86,25956,27756,1,FEASIBLE,WORSE
2958,2,34,87,26642,28478,1,FEASIBLE,WORSE
2959,2,34,88,26048,27954,1,FEASIBLE,WORSE
2960,2,34,89,26427,28318,1,FEASIBLE,WORSE
2961,2,34,90,26474,28351,1,FEASIBLE,WORSE
2962,2,34,91,27577,29380,0,CAPACITY_EXCEEDED,INVALID
2963,2,34,92,26808,28685,1,FEASIBLE,WORSE
2964,2,34,93,26178,28066,1,FEASIBLE,WORSE
2965,2,34,94,27555,29384,0,CAPACITY_EXCEEDED,INVALID
2966,2,34,95,26946,28757,1,FEASIBLE,WORSE
2967,2,34,96,26490,28322,1,FEASIBLE,WORSE
2968,2,34,97,27582,29448,0,CAPACITY_EXCEEDED,INVALID
2969,2,34,98,26278,28167,1,FEASIBLE,WORSE
2970,2,34,99,25984,27792,1,FEASIBLE,WORSE
2971,2,35,36,28452,30260,0,CAPACITY_EXCEEDED,INVALID
2972,2,35,37,26761,28659,1,FEASIBLE,WORSE
2973,2,35,38,26823,28636,1,FEASIBLE,WORSE
2974,2,35,39,28465,30278,0,CAPACITY_EXCEEDED,INVALID
2975,2,35,40,26795,28666,1,FEASIBLE,WORSE
2976,2,35,41,26768,28678,1,FEASIBLE,WORSE
2977,2,35,42,27204,29089,1,FEASIBLE,WORSE
2978,2,35,43,28539,30355,0,CAPACITY_EXCEEDED,INVALID
2979,2,35,44,26596,28392,1,FEASIBLE,WORSE
2980,2,35,45,27720,29560,0,CAPACITY_EXCEEDED,INVALID
2981,2,35,46,26803,28670,1,FEASIBLE,WORSE
2982,2,35,47,26842,28746,1,FEASIBLE,WORSE
2983,2,35,48,28020,29811,0,CAPACITY_EXCEEDED,INVALID
2984,2,35,49,27027,28903,1,FEASIBLE,WORSE
2985,2,35,50,28049,29865,0,CAPACITY_EXCEEDED,INVALID
2986,2,35,51,28483,30282,0,CAPACITY_EXCEEDED,INVALID
2987,2,35,52,28059,29853,0,CAPACITY_EXCEEDED,INVALID
2988,2,35,53,28390,30210,0,CAPACITY_EXCEEDED,INVALID
2989,2,35,54,27912,29719,0,CAPACITY_EXCEEDED,INVALID
2990,2,35,55,26675,28536,1,FEASIBLE,WORSE
2991,2,35,56,26658,28544,1,FEASIBLE,WORSE
2992,2,35,57,27096,28887,1,FEASIBLE,WORSE
2993,2,35,58,26990,28791,1,FEASIBLE,WORSE
2994,2,35,59,26637,28426,1,FEASIBLE,WORSE
2995,2,35,60,28282,30116,0,CAPACITY_EXCEEDED,INVALID
2996,2,35,61,27071,28970,1,FEASIBLE,WORSE
2997,2,35,62,27780,29618,0,CAPACITY_EXCEEDED,INVALID
2998,2,35,63,27233,29103,1,FEASIBLE,WORSE
2999,2,35,64,26858,28721,1,FEASIBLE,WORSE
3000,2,35,65,27391,29219,0,CAPACITY_EXCEEDED,INVALID
3001,2,35,66,26650,28496,1,FEASIBLE,WORSE
3002,2,35,67,27827,29666,0,CAPACITY_EXCEEDED,INVALID
3003,2,35,68,26646,28549,1,FEASIBLE,WORSE
3004,2,35,69,27248,29131,1,FEASIBLE,WORSE
3005,2,35,70,28516,30304,0,CAPACITY_EXCEEDED,INVALID
3006,2,35,71,28265,30060,0,CAPACITY_EXCEEDED,INVALID
3007,2,35,72,28063,29933,0,CAPACITY_EXCEEDED,INVALID
3008,2,35,73,28076,29886,0,CAPACITY_EXCEEDED,INVALID
3009,2,35,74,26906,28749,1,FEASIBLE,WORSE
3010,2,35,75,28146,29982,0,CAPACITY_EXCEEDED,INVALID
3011,2,35,76,27870,29678,0,CAPACITY_EXCEEDED,INVALID
3012,2,35,77,27766,29590,0,CAPACITY_EXCEEDED,INVALID
3013,2,35,78,28070,29904,0,CAPACITY_EXCEEDED,INVALID
3014,2,35,79,28493,30324,0,CAPACITY_EXCEEDED,INVALID
3015,2,35,80,26934,28818,1,FEASIBLE,WORSE
3016,2,35,81,27482,29364,0,CAPACITY_EXCEEDED,INVALID
3017,2,35,82,28379,30229,0,CAPACITY_EXCEEDED,INVALID
3018,2,35,83,26832,28692,1,FEASIBLE,WORSE
3019,2,35,84,28466,30296,0,CAPACITY_EXCEEDED,INVALID
3020,2,35,85,27366,29172,1,FEASIBLE,WORSE
3021,2,35,86,26813,28608,1,FEASIBLE,WORSE
3022,2,35,87,27499,29330,0,CAPACITY_EXCEEDED,INVALID
3023,2,35,88,26905,28806,1,FEASIBLE,WORSE
3024,2,35,89,27284,29170,1,FEASIBLE,WORSE
3025,2,35,90,27331,29203,1,FEASIBLE,WORSE
3026,2,35,91,28434,30232,0,CAPACITY_EXCEEDED,INVALID
3027,2,35,92,27665,29537,0,CAPACITY_EXCEEDED,INVALID
3028,2,35,93,27035,28918,1,FEASIBLE,WORSE
3029,2,35,94,28412,30236,0,CAPACITY_EXCEEDED,INVALID
3030,2,35,95,27803,29609,0,CAPACITY_EXCEEDED,INVALID
3031,2,35,96,27347,29174,1,FEASIBLE,WORSE
3032,2,35,97,28439,30300,0,CAPACITY_EXCEEDED,INVALID
3033,2,35,98,27135,29019,1,FEASIBLE,WORSE
3034,2,35,99,26841,28644,1,FEASIBLE,WORSE
3035,2,36,37,27473,29328,0,CAPACITY_EXCEEDED,INVALID
3036,2,36,38,27535,29305,0,CAPACITY_EXCEEDED,INVALID
3037,2,36,39,29177,30947,0,CAPACITY_EXCEEDED,INVALID
3038,2,36,40,27507,29335,0,CAPACITY_EXCEEDED,INVALID
3039,2,36,41,27480,29347,0,CAPACITY_EXCEEDED,INVALID
3040,2,36,42,27916,29758,0,CAPACITY_EXCEEDED,INVALID
3041,2,36,43,29251,31024,0,CAPACITY_EXCEEDED,INVALID
3042,2,36,44,27308,29061,1,FEASIBLE,WORSE
3043,2,36,45,28432,30229,0,CAPACITY_EXCEEDED,INVALID
3044,2,36,46,27515,29339,0,CAPACITY_EXCEEDED,INVALID
3045,2,36,47,27554,29415,0,CAPACITY_EXCEEDED,INVALID
3046,2,36,48,28732,30480,0,CAPACITY_EXCEEDED,INVALID
3047,2,36,49,27739,29572,0,CAPACITY_EXCEEDED,INVALID
3048,2,36,50,28761,30534,0,CAPACITY_EXCEEDED,INVALID
3049,2,36,51,29195,30951,0,CAPACITY_EXCEEDED,INVALID
3050,2,36,52,28771,30522,0,CAPACITY_EXCEEDED,INVALID
3051,2,36,53,29102,30879,0,CAPACITY_EXCEEDED,INVALID
3052,2,36,54,28624,30388,0,CAPACITY_EXCEEDED,INVALID
3053,2,36,55,27387,29205,0,CAPACITY_EXCEEDED,INVALID
3054,2,36,56,27370,29213,1,FEASIBLE,WORSE
3055,2,36,57,27808,29556,0,CAPACITY_EXCEEDED,INVALID
3056,2,36,58,27702,29460,0,CAPACITY_EXCEEDED,INVALID
3057,2,36,59,27349,29095,1,FEASIBLE,WORSE
3058,2,36,60,28994,30785,0,CAPACITY_EXCEEDED,INVALID
3059,2,36,61,27783,29639,0,CAPACITY_EXCEEDED,INVALID
3060,2,36,62,28492,30287,0,CAPACITY_EXCEEDED,INVALID
3061,2,36,63,27945,29772,0,CAPACITY_EXCEEDED,INVALID
3062,2,36,64,27570,29390,0,CAPACITY_EXCEEDED,INVALID
3063,2,36,65,28103,29888,0,CAPACITY_EXCEEDED,INVALID
3064,2,36,66,27362,29165,1,FEASIBLE,WORSE
3065,2,36,67,28539,30335,0,CAPACITY_EXCEEDED,INVALID
3066,2,36,68,27358,29218,1,FEASIBLE,WORSE
3067,2,36,69,27960,29800,0,CAPACITY_EXCEEDED,INVALID
3068,2,36,70,29228,30973,0,CAPACITY_EXCEEDED,INVALID
3069,2,36,71,28977,30729,0,CAPACITY_EXCEEDED,INVALID
3070,2,36,72,28775,30602,0,CAPACITY_EXCEEDED,INVALID
3071,2,36,73,28788,30555,0,CAPACITY_EXCEEDED,INVALID
3072,2,36,74,27618,29418,0,CAPACITY_EXCEEDED,INVALID
3073,2,36,75,28858,30651,0,CAPACITY_EXCEEDED,INVALID
3074,2,36,76,28582,30347,0,CAPACITY_EXCEEDED,INVALID
3075,2,36,77,28478,30259,0,CAPACITY_EXCEEDED,INVALID
3076,2,36,78,28782,30573,0,CAPACITY_EXCEEDED,INVALID
3077,2,36,79,29205,30993,0,CAPACITY_EXCEEDED,INVALID
3078,2,36,80,27646,29487,0,CAPACITY_EXCEEDED,INVALID
3079,2,36,81,28194,30033,0,CAPACITY_EXCEEDED,INVALID
3080,2,36,82,29091,30898,0,CAPACITY_EXCEEDED,INVALID
3081,2,36,83,27544,29361,0,CAPACITY_EXCEEDED,INVALID
3082,2,36,84,29178,30965,0,CAPACITY_EXCEEDED,INVALID
3083,2,36,85,28078,29841,0,CAPACITY_EXCEEDED,INVALID
3084,2,36,86,27525,29277,0,CAPACITY_EXCEEDED,INVALID
3085,2,36,87,28211,29999,0,CAPACITY_EXCEEDED,INVALID
3086,2,36,88,27617,29475,0,CAPACITY_EXCEEDED,INVALID
3087,2,36,89,27996,29839,0,CAPACITY_EXCEEDED,INVALID
3088,2,36,90,28043,29872,0,CAPACITY_EXCEEDED,INVALID
3089,2,36,91,29146,30901,0,CAPACITY_EXCEEDED,INVALID
3090,2,36,92,28377,30206,0,CAPACITY_EXCEEDED,INVALID
3091,2,36,93,27747,29587,0,CAPACITY_EXCEEDED,INVALID
3092,2,36,94,29124,30905,0,CAPACITY_EXCEEDED,INVALID
3093,2,36,95,28515,30278,0,CAPACITY_EXCEEDED,INVALID
3094,2,36,96,28059,29843,0,CAPACITY_EXCEEDED,INVALID
3095,2,36,97,29151,30969,0,CAPACITY_EXCEEDED,INVALID
3096,2,36,98,27847,29688,0,CAPACITY_EXCEEDED,INVALID
3097,2,36,99,27553,29313,0,CAPACITY_EXCEEDED,INVALID
3098,2,37,38,25844,27704,1,FEASIBLE,WORSE
3099,2,37,39,27486,29346,0,CAPACITY_EXCEEDED,INVALID
3100,2,37,40,25816,27734,1,FEASIBLE,WORSE
3101,2,37,41,25789,27746,1,FEASIBLE,WORSE
3102,2,37,42,26225,28157,1,FEASIBLE,WORSE
3103,2,37,43,27560,29423,0,CAPACITY_EXCEEDED,INVALID
3104,2,37,44,25617,27460,1,FEASIBLE,WORSE
3105,2,37,45,26741,28628,1,FEASIBLE,WORSE
3106,2,37,46,25824,27738,1,FEASIBLE,WORSE
3107,2,37,47,25863,27814,1,FEASIBLE,WORSE
3108,2,37,48,27041,28879,1,FEASIBLE,WORSE
3109,2,37,49,26048,27971,1,FEASIBLE,WORSE
3110,2,37,50,27070,28933,1,FEASIBLE,WORSE
3111,2,37,51,27504,29350,0,CAPACITY_EXCEEDED,INVALID
3112,2,37,52,27080,28921,1,FEASIBLE,WORSE
3113,2,37,53,27411,29278,0,CAPACITY_EXCEEDED,INVALID
3114,2,37,54,26933,28787,1,FEASIBLE,WORSE
3115,2,37,55,25696,27604,1,FEASIBLE,WORSE
3116,2,37,56,25679,27612,1,FEASIBLE,WORSE
3117,2,37,57,26117,27955,1,FEASIBLE,WORSE
3118,2,37,58,26011,27859,1,FEASIBLE,WORSE
3119,2,37,59,25658,27494,1,FEASIBLE,WORSE
3120,2,37,60,27303,29184,1,FEASIBLE,WORSE
3121,2,37,61,26092,28038,1,FEASIBLE,WORSE
3122,2,37,62,26801,28686,1,FEASIBLE,WORSE
3123,2,37,63,26254,28171,1,FEASIBLE,WORSE
3124,2,37,64,25879,27789,1,FEASIBLE,WORSE
3125,2,37,65,26412,28287,1,FEASIBLE,WORSE
3126,2,37,66,25671,27564,1,FEASIBLE,WORSE
3127,2,37,67,26848,28734,1,FEASIBLE,WORSE
3128,2,37,68,25667,27617,1,FEASIBLE,WORSE
3129,2,37,69,26269,28199,1,FEASIBLE,WORSE
3130,2,37,70,27537,29372,0,CAPACITY_EXCEEDED,INVALID
3131,2,37,71,27286,29128,1,FEASIBLE,WORSE
3132,2,37,72,27084,29001,1,FEASIBLE,WORSE
3133,2,37,73,27097,28954,1,FEASIBLE,WORSE
3134,2,37,74,25927,27817,1,FEASIBLE,WORSE
3135,2,37,75,27167,29050,1,FEASIBLE,WORSE
3136,2,37,76,26891,28746,1,FEASIBLE,WORSE
3137,2,37,77,26787,28658,1,FEASIBLE,WORSE
3138,2,37,78,27091,28972,1,FEASIBLE,WORSE
3139,2,37,79,27514,29392,0,CAPACITY_EXCEEDED,INVALID
3140,2,37,80,25955,27886,1,FEASIBLE,WORSE
3141,2,37,81,26503,28432,1,FEASIBLE,WORSE
3142,2,37,82,27400,29297,0,CAPACITY_EXCEEDED,INVALID
3143,2,37,83,25853,27760,1,FEASIBLE,WORSE
3144,2,37,84,27487,29364,0,CAPACITY_EXCEEDED,INVALID
3145,2,37,85,26387,28240,1,FEASIBLE,WORSE
3146,2,37,86,25834,27676,1,FEASIBLE,WORSE
3147,2,37,87,26520,28398,1,FEASIBLE,WORSE
3148,2,37,88,25926,27874,1,FEASIBLE,WORSE
3149,2,37,89,26305,28238,1,FEASIBLE,WORSE
3150,2,37,90,26352,28271,1,FEASIBLE,WORSE
3151,2,37,91,27455,29300,0,CAPACITY_EXCEEDED,INVALID
3152,2,37,92,26686,28605,1,FEASIBLE,WORSE
3153,2,37,93,26056,27986,1,FEASIBLE,WORSE
3154,2,37,94,27433,29304,0,CAPACITY_EXCEEDED,INVALID
3155,2,37,95,26824,28677,1,FEASIBLE,WORSE
3156,2,37,96,26368,28242,1,FEASIBLE,WORSE
3157,2,37,97,27460,29368,0,CAPACITY_EXCEEDED,INVALID
3158,2,37,98,26156,28087,1,FEASIBLE,WORSE
3159,2,37,99,25862,27712,1,FEASIBLE,WORSE
3160,2,38,39,27548,29323,0,CAPACITY_EXCEEDED,INVALID
3161,2,38,40,25878,27711,1,FEASIBLE,WORSE
3162,2,38,41,25851,27723,1,FEASIBLE,WORSE
3163,2,38,42,26287,28134,1,FEASIBLE,WORSE
3164,2,38,43,27622,29400,0,CAPACITY_EXCEEDED,INVALID
3165,2,38,44,25679,27437,1,FEASIBLE,WORSE
3166,2,38,45,26803,28605,1,FEASIBLE,WORSE
3167,2,38,46,25886,27715,1,FEASIBLE,WORSE
3168,2,38,47,25925,27791,1,FEASIBLE,WORSE
3169,2,38,48,27103,28856,1,FEASIBLE,WORSE
3170,2,38,49,26110,27948,1,FEASIBLE,WORSE
3171,2,38,50,27132,28910,1,FEASIBLE,WORSE
3172,2,38,51,27566,29327,0,CAPACITY_EXCEEDED,INVALID
3173,2,38,52,27142,28898,1,FEASIBLE,WORSE
3174,2,38,53,27473,29255,0,CAPACITY_EXCEEDED,INVALID
3175,2,38,54,26995,28764,1,FEASIBLE,WORSE
3176,2,38,55,25758,27581,1,FEASIBLE,WORSE
3177,2,38,56,25741,27589,1,FEASIBLE,WORSE
3178,2,38,57,26179,27932,1,FEASIBLE,WORSE
3179,2,38,58,26073,27836,1,FEASIBLE,WORSE
3180,2,38,59,25720,27471,1,FEASIBLE,WORSE
3181,2,38,60,27365,29161,1,FEASIBLE,WORSE
3182,2,38,61,26154,28015,1,FEASIBLE,WORSE
3183,2,38,62,26863,28663,1,FEASIBLE,WORSE
3184,2,38,63,26316,28148,1,FEASIBLE,WORSE
3185,2,38,64,25941,27766,1,FEASIBLE,WORSE
3186,2,38,65,26474,28264,1,FEASIBLE,WORSE
3187,2,38,66,25733,27541,1,FEASIBLE,WORSE
3188,2,38,67,26910,28711,1,FEASIBLE,WORSE
3189,2,38,68,25729,27594,1,FEASIBLE,WORSE
3190,2,38,69,26331,28176,1,FEASIBLE,WORSE
3191,2,38,70,27599,29349,0,CAPACITY_EXCEEDED,INVALID
3192,2,38,71,27348,29105,1,FEASIBLE,WORSE
3193,2,38,72,27146,28978,1,FEASIBLE,WORSE
3194,2,38,73,27159,28931,1,FEASIBLE,WORSE
3195,2,38,74,25989,27794,1,FEASIBLE,WORSE
3196,2,38,75,27229,29027,1,FEASIBLE,WORSE
3197,2,38,76,26953,28723,1,FEASIBLE,WORSE
3198,2,38,77,26849,28635,1,FEASIBLE,WORSE
3199,2,38,78,27153,28949,1,FEASIBLE,WORSE
3200,2,38,79,27576,29369,0,CAPACITY_EXCEEDED,INVALID
3201,2,38,80,26017,27863,1,FEASIBLE,WORSE
3202,2,38,81,26565,28409,1,FEASIBLE,WORSE
3203,2,38,82,27462,29274,0,CAPACITY_EXCEEDED,INVALID
3204,2,38,83,25915,27737,1,FEASIBLE,WORSE
3205,2,38,84,27549,29341,0,CAPACITY_EXCEEDED,INVALID
3206,2,38,85,26449,28217,1,FEASIBLE,WORSE
3207,2,38,86,25896,27653,1,FEASIBLE,WORSE
3208,2,38,87,26582,28375,1,FEASIBLE,WORSE
3209,2,38,88,25988,27851,1,FEASIBLE,WORSE
3210,2,38,89,26367,28215,1,FEASIBLE,WORSE
3211,2,38,90,26414,28248,1,FEASIBLE,WORSE
3212,2,38,91,27517,29277,0,CAPACITY_EXCEEDED,INVALID
3213,2,38,92,26748,28582,1,FEASIBLE,WORSE
3214,2,38,93,26118,27963,1,FEASIBLE,WORSE
3215,2,38,94,27495,29281,0,CAPACITY_EXCEEDED,INVALID
3216,2,38,95,26886,28654,1,FEASIBLE,WORSE
3217,2,38,96,26430,28219,1,FEASIBLE,WORSE
3218,2,38,97,27522,29345,0,CAPACITY_EXCEEDED,INVALID
3219,2,38,98,26218,28064,1,FEASIBLE,WORSE
3220,2,38,99,25924,27689,1,FEASIBLE,WORSE
3221,2,39,40,27520,29353,0,CAPACITY_EXCEEDED,INVALID
3222,2,39,41,27493,29365,0,CAPACITY_EXCEEDED,INVALID
3223,2,39,42,27929,29776,0,CAPACITY_EXCEEDED,INVALID
3224,2,39,43,29264,31042,0,CAPACITY_EXCEEDED,INVALID
3225,2,39,44,27321,29079,1,FEASIBLE,WORSE
3226,2,39,45,28445,30247,0,CAPACITY_EXCEEDED,INVALID
3227,2,39,46,27528,29357,0,CAPACITY_EXCEEDED,INVALID
3228,2,39,47,27567,29433,0,CAPACITY_EXCEEDED,INVALID
3229,2,39,48,28745,30498,0,CAPACITY_EXCEEDED,INVALID
3230,2,39,49,27752,29590,0,CAPACITY_EXCEEDED,INVALID
3231,2,39,50,28774,30552,0,CAPACITY_EXCEEDED,INVALID
3232,2,39,51,29208,30969,0,CAPACITY_EXCEEDED,INVALID
3233,2,39,52,28784,30540,0,CAPACITY_EXCEEDED,INVALID
3234,2,39,53,29115,30897,0,CAPACITY_EXCEEDED,INVALID
3235,2,39,54,28637,30406,0,CAPACITY_EXCEEDED,INVALID
3236,2,39,55,27400,29223,0,CAPACITY_EXCEEDED,INVALID
3237,2,39,56,27383,29231,0,CAPACITY_EXCEEDED,INVALID
3238,2,39,57,27821,29574,0,CAPACITY_EXCEEDED,INVALID
3239,2,39,58,27715,29478,0,CAPACITY_EXCEEDED,INVALID
3240,2,39,59,27362,29113,1,FEASIBLE,WORSE
3241,2,39,60,29007,30803,0,CAPACITY_EXCEEDED,INVALID
3242,2,39,61,27796,29657,0,CAPACITY_EXCEEDED,INVALID
3243,2,39,62,28505,30305,0,CAPACITY_EXCEEDED,INVALID
3244,2,39,63,27958,29790,0,CAPACITY_EXCEEDED,INVALID
3245,2,39,64,27583,29408,0,CAPACITY_EXCEEDED,INVALID
3246,2,39,65,28116,29906,0,CAPACITY_EXCEEDED,INVALID
3247,2,39,66,27375,29183,1,FEASIBLE,WORSE
3248,2,39,67,28552,30353,0,CAPACITY_EXCEEDED,INVALID
3249,2,39,68,27371,29236,1,FEASIBLE,WORSE
3250,2,39,69,27973,29818,0,CAPACITY_EXCEEDED,INVALID
3251,2,39,70,29241,30991,0,CAPACITY_EXCEEDED,INVALID
3252,2,39,71,28990,30747,0,CAPACITY_EXCEEDED,INVALID
3253,2,39,72,28788,30620,0,CAPACITY_EXCEEDED,INVALID
3254,2,39,73,28801,30573,0,CAPACITY_EXCEEDED,INVALID
3255,2,39,74,27631,29436,0,CAPACITY_EXCEEDED,INVALID
3256,2,39,75,28871,30669,0,CAPACITY_EXCEEDED,INVALID
3257,2,39,76,28595,30365,0,CAPACITY_EXCEEDED,INVALID
3258,2,39,77,28491,30277,0,CAPACITY_EXCEEDED,INVALID
3259,2,39,78,28795,30591,0,CAPACITY_EXCEEDED,INVALID
3260,2,39,79,29218,31011,0,CAPACITY_EXCEEDED,INVALID
3261,2,39,80,27659,29505,0,CAPACITY_EXCEEDED,INVALID
3262,2,39,81,28207,30051,0,CAPACITY_EXCEEDED,INVALID
3263,2,39,82,29104,30916,0,CAPACITY_EXCEEDED,INVALID
3264,2,39,83,27557,29379,0,CAPACITY_EXCEEDED,INVALID
3265,2,39,84,29191,30983,0,CAPACITY_EXCEEDED,INVALID
3266,2,39,85,28091,29859,0,CAPACITY_EXCEEDED,INVALID
3267,2,39,86,27538,29295,0,CAPACITY_EXCEEDED,INVALID
3268,2,39,87,28224,30017,0,CAPACITY_EXCEEDED,INVALID
3269,2,39,88,27630,29493,0,CAPACITY_EXCEEDED,INVALID
3270,2,39,89,28009,29857,0,CAPACITY_EXCEEDED,INVALID
3271,2,39,90,28056,29890,0,CAPACITY_EXCEEDED,INVALID
3272,2,39,91,29159,30919,0,CAPACITY_EXCEEDED,INVALID
3273,2,39,92,28390,30224,0,CAPACITY_EXCEEDED,INVALID
3274,2,39,93,27760,29605,0,CAPACITY_EXCEEDED,INVALID
3275,2,39,94,29137,30923,0,CAPACITY_EXCEEDED,INVALID
3276,2,39,95,28528,30296,0,CAPACITY_EXCEEDED,INVALID
3277,2,39,96,28072,29861,0,CAPACITY_EXCEEDED,INVALID
3278,2,39,97,29164,30987,0,CAPACITY_EXCEEDED,INVALID
3279,2,39,98,27860,29706,0,CAPACITY_EXCEEDED,INVALID
3280,2,39,99,27566,29331,0,CAPACITY_EXCEEDED,INVALID
3281,2,40,41,25823,27753,1,FEASIBLE,WORSE
3282,2,40,42,26259,28164,1,FEASIBLE,WORSE
3283,2,40,43,27594,29430,0,CAPACITY_EXCEEDED,INVALID
3284,2,40,44,25651,27467,1,FEASIBLE,WORSE
3285,2,40,45,26775,28635,1,FEASIBLE,WORSE
3286,2,40,46,25858,27745,1,FEASIBLE,WORSE
3287,2,40,47,25897,27821,1,FEASIBLE,WORSE
3288,2,40,48,27075,28886,1,FEASIBLE,WORSE
3289,2,40,49,26082,27978,1,FEASIBLE,WORSE
3290,2,40,50,27104,28940,1,FEASIBLE,WORSE
3291,2,40,51,27538,29357,0,CAPACITY_EXCEEDED,INVALID
3292,2,40,52,27114,28928,1,FEASIBLE,WORSE
3293,2,40,53,27445,29285,0,CAPACITY_EXCEEDED,INVALID
3294,2,40,54,26967,28794,1,FEASIBLE,WORSE
3295,2,40,55,25730,27611,1,FEASIBLE,WORSE
3296,2,40,56,25713,27619,1,FEASIBLE,WORSE
3297,2,40,57,26151,27962,1,FEASIBLE,WORSE
3298,2,40,58,26045,27866,1,FEASIBLE,WORSE
3299,2,40,59,25692,27501,1,FEASIBLE,WORSE
3300,2,40,60,27337,29191,1,FEASIBLE,WORSE
3301,2,40,61,26126,28045,1,FEASIBLE,WORSE
3302,2,40,62,26835,28693,1,FEASIBLE,WORSE
3303,2,40,63,26288,28178,1,FEASIBLE,WORSE
3304,2,40,64,25913,27796,1,FEASIBLE,WORSE
3305,2,40,65,26446,28294,1,FEASIBLE,WORSE
3306,2,40,66,25705,27571,1,FEASIBLE,WORSE
3307,2,40,67,26882,28741,1,FEASIBLE,WORSE
3308,2,40,68,25701,27624,1,FEASIBLE,WORSE
3309,2,40,69,26303,28206,1,FEASIBLE,WORSE
3310,2,40,70,27571,29379,0,CAPACITY_EXCEEDED,INVALID
3311,2,40,71,27320,29135,1,FEASIBLE,WORSE
3312,2,40,72,27118,29008,1,FEASIBLE,WORSE
3313,2,40,73,27131,28961,1,FEASIBLE,WORSE
3314,2,40,74,25961,27824,1,FEASIBLE,WORSE
3315,2,40,75,27201,29057,1,FEASIBLE,WORSE
3316,2,40,76,26925,28753,1,FEASIBLE,WORSE
3317,2,40,77,26821,28665,1,FEASIBLE,WORSE
3318,2,40,78,27125,28979,1,FEASIBLE,WORSE
3319,2,40,79,27548,29399,0,CAPACITY_EXCEEDED,INVALID
3320,2,40,80,25989,27893,1,FEASIBLE,WORSE
3321,2,40,81,26537,28439,1,FEASIBLE,WORSE
3322,2,40,82,27434,29304,0,CAPACITY_EXCEEDED,INVALID
3323,2,40,83,25887,27767,1,FEASIBLE,WORSE
3324,2,40,84,27521,29371,0,CAPACITY_EXCEEDED,INVALID
3325,2,40,85,26421,28247,1,FEASIBLE,WORSE
3326,2,40,86,25868,27683,1,FEASIBLE,WORSE
3327,2,40,87,26554,28405,1,FEASIBLE,WORSE
3328,2,40,88,25960,27881,1,FEASIBLE,WORSE
3329,2,40,89,26339,28245,1,FEASIBLE,WORSE
3330,2,40,90,26386,28278,1,FEASIBLE,WORSE
3331,2,40,91,27489,29307,0,CAPACITY_EXCEEDED,INVALID
3332,2,40,92,26720,28612,1,FEASIBLE,WORSE
3333,2,40,93,26090,27993,1,FEASIBLE,WORSE
3334,2,40,94,27467,29311,0,CAPACITY_EXCEEDED,INVALID
3335,2,40,95,26858,28684,1,FEASIBLE,WORSE
3336,2,40,96,26402,28249,1,FEASIBLE,WORSE
3337,2,40,97,27494,29375,0,CAPACITY_EXCEEDED,INVALID
3338,2,40,98,26190,28094,1,FEASIBLE,WORSE
3339,2,40,99,25896,27719,1,FEASIBLE,WORSE
3340,2,41,42,26232,28176,1,FEASIBLE,WORSE
3341,2,41,43,27567,29442,0,CAPACITY_EXCEEDED,INVALID
3342,2,41,44,25624,27479,1,FEASIBLE,WORSE
3343,2,41,45,26748,28647,1,FEASIBLE,WORSE
3344,2,41,46,25831,27757,1,FEASIBLE,WORSE
3345,2,41,47,25870,27833,1,FEASIBLE,WORSE
3346,2,41,48,27048,28898,1,FEASIBLE,WORSE
3347,2,41,49,26055,27990,1,FEASIBLE,WORSE
3348,2,41,50,27077,28952,1,FEASIBLE,WORSE
3349,2,41,51,27511,29369,0,CAPACITY_EXCEEDED,INVALID
3350,2,41,52,27087,28940,1,FEASIBLE,WORSE
3351,2,41,53,27418,29297,0,CAPACITY_EXCEEDED,INVALID
3352,2,41,54,26940,28806,1,FEASIBLE,WORSE
3353,2,41,55,25703,27623,1,FEASIBLE,WORSE
3354,2,41,56,25686,27631,1,FEASIBLE,WORSE
3355,2,41,57,26124,27974,1,FEASIBLE,WORSE
3356,2,41,58,26018,27878,1,FEASIBLE,WORSE
3357,2,41,59,25665,27513,1,FEASIBLE,WORSE
3358,2,41,60,27310,29203,1,FEASIBLE,WORSE
3359,2,41,61,26099,28057,1,FEASIBLE,WORSE
3360,2,41,62,26808,28705,1,FEASIBLE,WORSE
3361,2,41,63,26261,28190,1,FEASIBLE,WORSE
3362,2,41,64,25886,27808,1,FEASIBLE,WORSE
3363,2,41,65,26419,28306,1,FEASIBLE,WORSE
3364,2,41,66,25678,27583,1,FEASIBLE,WORSE
3365,2,41,67,26855,28753,1,FEASIBLE,WORSE
3366,2,41,68,25674,27636,1,FEASIBLE,WORSE
3367,2,41,69,26276,28218,1,FEASIBLE,WORSE
3368,2,41,70,27544,29391,0,CAPACITY_EXCEEDED,INVALID
3369,2,41,71,27293,29147,1,FEASIBLE,WORSE
3370,2,41,72,27091,29020,1,FEASIBLE,WORSE
3371,2,41,73,27104,28973,1,FEASIBLE,WORSE
3372,2,41,74,25934,27836,1,FEASIBLE,WORSE
3373,2,41,75,27174,29069,1,FEASIBLE,WORSE
3374,2,41,76,26898,28765,1,FEASIBLE,WORSE
3375,2,41,77,26794,28677,1,FEASIBLE,WORSE
3376,2,41,78,27098,28991,1,FEASIBLE,WORSE
3377,2,41,79,27521,29411,0,CAPACITY_EXCEEDED,INVALID
3378,2,41,80,25962,27905,1,FEASIBLE,WORSE
3379,2,41,81,26510,28451,1,FEASIBLE,WORSE
3380,2,41,82,27407,29316,0,CAPACITY_EXCEEDED,INVALID
3381,2,41,83,25860,27779,1,FEASIBLE,WORSE
3382,2,41,84,27494,29383,0,CAPACITY_EXCEEDED,INVALID
3383,2,41,85,26394,28259,1,FEASIBLE,WORSE
3384,2,41,86,25841,27695,1,FEASIBLE,WORSE
3385,2,41,87,26527,28417,1,FEASIBLE,WORSE
3386,2,41,88,25933,27893,1,FEASIBLE,WORSE
3387,2,41,89,26312,28257,1,FEASIBLE,WORSE
3388,2,41,90,26359,28290,1,FEASIBLE,WORSE
3389,2,41,91,27462,29319,0,CAPACITY_EXCEEDED,INVALID
3390,2,41,92,26693,28624,1,FEASIBLE,WORSE
3391,2,41,93,26063,28005,1,FEASIBLE,WORSE
3392,2,41,94,27440,29323,0,CAPACITY_EXCEEDED,INVALID
3393,2,41,95,26831,28696,1,FEASIBLE,WORSE
3394,2,41,96,26375,28261,1,FEASIBLE,WORSE
3395,2,41,97,27467,29387,0,CAPACITY_EXCEEDED,INVALID
3396,2,41,98,26163,28106,1,FEASIBLE,WORSE
3397,2,41,99,25869,27731,1,FEASIBLE,WORSE
3398,2,42,43,28003,29853,0,CAPACITY_EXCEEDED,INVALID
3399,2,42,44,26060,27890,1,FEASIBLE,WORSE
3400,2,42,45,27184,29058,1,FEASIBLE,WORSE
3401,2,42,46,26267,28168,1,FEASIBLE,WORSE
3402,2,42,47,26306,28244,1,FEASIBLE,WORSE
3403,2,42,48,27484,29309,0,CAPACITY_EXCEEDED,INVALID
3404,2,42,49,26491,28401,1,FEASIBLE,WORSE
3405,2,42,50,27513,29363,0,CAPACITY_EXCEEDED,INVALID
3406,2,42,51,27947,29780,0,CAPACITY_EXCEEDED,INVALID
3407,2,42,52,27523,29351,0,CAPACITY_EXCEEDED,INVALID
3408,2,42,53,27854,29708,0,CAPACITY_EXCEEDED,INVALID
3409,2,42,54,27376,29217,1,FEASIBLE,WORSE
3410,2,42,55,26139,28034,1,FEASIBLE,WORSE
3411,2,42,56,26122,28042,1,FEASIBLE,WORSE
3412,2,42,57,26560,28385,1,FEASIBLE,WORSE
3413,2,42,58,26454,28289,1,FEASIBLE,WORSE
3414,2,42,59,26101,27924,1,FEASIBLE,WORSE
3415,2,42,60,27746,29614,0,CAPACITY_EXCEEDED,INVALID
3416,2,42,61,26535,28468,1,FEASIBLE,WORSE
3417,2,42,62,27244,29116,1,FEASIBLE,WORSE
3418,2,42,63,26697,28601,1,FEASIBLE,WORSE
3419,2,42,64,26322,28219,1,FEASIBLE,WORSE
3420,2,42,65,26855,28717,1,FEASIBLE,WORSE
3421,2,42,66,26114,27994,1,FEASIBLE,WORSE
3422,2,42,67,27291,29164,1,FEASIBLE,WORSE
3423,2,42,68,26110,28047,1,FEASIBLE,WORSE
3424,2,42,69,26712,28629,1,FEASIBLE,WORSE
3425,2,42,70,27980,29802,0,CAPACITY_EXCEEDED,INVALID
3426,2,42,71,27729,29558,0,CAPACITY_EXCEEDED,INVALID
3427,2,42,72,27527,29431,0,CAPACITY_EXCEEDED,INVALID
3428,2,42,73,27540,29384,0,CAPACITY_EXCEEDED,INVALID
3429,2,42,74,26370,28247,1,FEASIBLE,WORSE
3430,2,42,75,27610,29480,0,CAPACITY_EXCEEDED,INVALID
3431,2,42,76,27334,29176,1,FEASIBLE,WORSE
3432,2,42,77,27230,29088,1,FEASIBLE,WORSE
3433,2,42,78,27534,29402,0,CAPACITY_EXCEEDED,INVALID
3434,2,42,79,27957,29822,0,CAPACITY_EXCEEDED,INVALID
3435,2,42,80,26398,28316,1,FEASIBLE,WORSE
3436,2,42,81,26946,28862,1,FEASIBLE,WORSE
3437,2,42,82,27843,29727,0,CAPACITY_EXCEEDED,INVALID
3438,2,42,83,26296,28190,1,FEASIBLE,WORSE
3439,2,42,84,27930,29794,0,CAPACITY_EXCEEDED,INVALID
3440,2,42,85,26830,28670,1,FEASIBLE,WORSE
3441,2,42,86,26277,28106,1,FEASIBLE,WORSE
3442,2,42,87,26963,28828,1,FEASIBLE,WORSE
3443,2,42,88,26369,28304,1,FEASIBLE,WORSE
3444,2,42,89,26748,28668,1,FEASIBLE,WORSE
3445,2,42,90,26795,28701,1,FEASIBLE,WORSE
3446,2,42,91,27898,29730,0,CAPACITY_EXCEEDED,INVALID
3447,2,42,92,27129,29035,1,FEASIBLE,WORSE
3448,2,42,93,26499,28416,1,FEASIBLE,WORSE
3449,2,42,94,27876,29734,0,CAPACITY_EXCEEDED,INVALID
3450,2,42,95,27267,29107,1,FEASIBLE,WORSE
3451,2,42,96,26811,28672,1,FEASIBLE,WORSE
3452,2,42,97,27903,29798,0,CAPACITY_EXCEEDED,INVALID
3453,2,42,98,26599,28517,1,FEASIBLE,WORSE
3454,2,42,99,26305,28142,1,FEASIBLE,WORSE
3455,2,43,44,27395,29156,0,CAPACITY_EXCEEDED,INVALID
3456,2,43,45,28519,30324,0,CAPACITY_EXCEEDED,INVALID
3457,2,43,46,27602,29434,0,CAPACITY_EXCEEDED,INVALID
3458,2,43,47,27641,29510,0,CAPACITY_EXCEEDED,INVALID
3459,2,43,48,28819,30575,0,CAPACITY_EXCEEDED,INVALID
3460,2,43,49,27826,29667,0,CAPACITY_EXCEEDED,INVALID
3461,2,43,50,28848,30629,0,CAPACITY_EXCEEDED,INVALID
3462,2,43,51,29282,31046,0,CAPACITY_EXCEEDED,INVALID
3463,2,43,52,28858,30617,0,CAPACITY_EXCEEDED,INVALID
3464,2,43,53,29189,30974,0,CAPACITY_EXCEEDED,INVALID
3465,2,43,54,28711,30483,0,CAPACITY_EXCEEDED,INVALID
3466,2,43,55,27474,29300,0,CAPACITY_EXCEEDED,INVALID
3467,2,43,56,27457,29308,0,CAPACITY_EXCEEDED,INVALID
3468,2,43,57,27895,29651,0,CAPACITY_EXCEEDED,INVALID
3469,2,43,58,27789,29555,0,CAPACITY_EXCEEDED,INVALID
3470,2,43,59,27436,29190,0,CAPACITY_EXCEEDED,INVALID
3471,2,43,60,29081,30880,0,CAPACITY_EXCEEDED,INVALID
3472,2,43,61,27870,29734,0,CAPACITY_EXCEEDED,INVALID
3473,2,43,62,28579,30382,0,CAPACITY_EXCEEDED,INVALID
3474,2,43,63,28032,29867,0,CAPACITY_EXCEEDED,INVALID
3475,2,43,64,27657,29485,0,CAPACITY_EXCEEDED,INVALID
3476,2,43,65,28190,29983,0,CAPACITY_EXCEEDED,INVALID
3477,2,43,66,27449,29260,0,CAPACITY_EXCEEDED,INVALID
3478,2,43,67,28626,30430,0,CAPACITY_EXCEEDED,INVALID
3479,2,43,68,27445,29313,0,CAPACITY_EXCEEDED,INVALID
3480,2,43,69,28047,29895,0,CAPACITY_EXCEEDED,INVALID
3481,2,43,70,29315,31068,0,CAPACITY_EXCEEDED,INVALID
3482,2,43,71,29064,30824,0,CAPACITY_EXCEEDED,INVALID
3483,2,43,72,28862,30697,0,CAPACITY_EXCEEDED,INVALID
3484,2,43,73,28875,30650,0,CAPACITY_EXCEEDED,INVALID
3485,2,43,74,27705,29513,0,CAPACITY_EXCEEDED,INVALID
3486,2,43,75,28945,30746,0,CAPACITY_EXCEEDED,INVALID
3487,2,43,76,28669,30442,0,CAPACITY_EXCEEDED,INVALID
3488,2,43,77,28565,30354,0,CAPACITY_EXCEEDED,INVALID
3489,2,43,78,28869,30668,0,CAPACITY_EXCEEDED,INVALID
3490,2,43,79,29292,31088,0,CAPACITY_EXCEEDED,INVALID
3491,2,43,80,27733,29582,0,CAPACITY_EXCEEDED,INVALID
3492,2,43,81,28281,30128,0,CAPACITY_EXCEEDED,INVALID
3493,2,43,82,29178,30993,0,CAPACITY_EXCEEDED,INVALID
3494,2,43,83,27631,29456,0,CAPACITY_EXCEEDED,INVALID
3495,2,43,84,29265,31060,0,CAPACITY_EXCEEDED,INVALID
3496,2,43,85,28165,29936,0,CAPACITY_EXCEEDED,INVALID
3497,2,43,86,27612,29372,0,CAPACITY_EXCEEDED,INVALID
3498,2,43,87,28298,30094,0,CAPACITY_EXCEEDED,INVALID
3499,2,43,88,27704,29570,0,CAPACITY_EXCEEDED,INVALID
3500,2,43,89,28083,29934,0,CAPACITY_EXCEEDED,INVALID
3501,2,43,90,28130,29967,0,CAPACITY_EXCEEDED,INVALID
3502,2,43,91,29233,30996,0,CAPACITY_EXCEEDED,INVALID
3503,2,43,92,28464,30301,0,CAPACITY_EXCEEDED,INVALID
3504,2,43,93,27834,29682,0,CAPACITY_EXCEEDED,INVALID
3505,2,43,94,29211,31000,0,CAPACITY_EXCEEDED,INVALID
3506,2,43,95,28602,30373,0,CAPACITY_EXCEEDED,INVALID
3507,2,43,96,28146,29938,0,CAPACITY_EXCEEDED,INVALID
3508,2,43,97,29238,31064,0,CAPACITY_EXCEEDED,INVALID
3509,2,43,98,27934,29783,0,CAPACITY_EXCEEDED,INVALID
3510,2,43,99,27640,29408,0,CAPACITY_EXCEEDED,INVALID
3511,2,44,45,26576,28361,1,FEASIBLE,WORSE
3512,2,44,46,25659,27471,1,FEASIBLE,WORSE
3513,2,44,47,25698,27547,1,FEASIBLE,WORSE
3514,2,44,48,26876,28612,1,FEASIBLE,WORSE
3515,2,44,49,25883,27704,1,FEASIBLE,WORSE
3516,2,44,50,26905,28666,1,FEASIBLE,WORSE
3517,2,44,51,27339,29083,1,FEASIBLE,WORSE
3518,2,44,52,26915,28654,1,FEASIBLE,WORSE
3519,2,44,53,27246,29011,1,FEASIBLE,WORSE
3520,2,44,54,26768,28520,1,FEASIBLE,WORSE
3521,2,44,55,25531,27337,1,FEASIBLE,WORSE
3522,2,44,56,25514,27345,1,FEASIBLE,WORSE
3523,2,44,57,25952,27688,1,FEASIBLE,WORSE
3524,2,44,58,25846,27592,1,FEASIBLE,WORSE
3525,2,44,59,25493,27227,1,FEASIBLE,WORSE
3526,2,44,60,27138,28917,1,FEASIBLE,WORSE
3527,2,44,61,25927,27771,1,FEASIBLE,WORSE
3528,2,44,62,26636,28419,1,FEASIBLE,WORSE
3529,2,44,63,26089,27904,1,FEASIBLE,WORSE
3530,2,44,64,25714,27522,1,FEASIBLE,WORSE
3531,2,44,65,26247,28020,1,FEASIBLE,WORSE
3532,2,44,66,25506,27297,1,FEASIBLE,WORSE
3533,2,44,67,26683,28467,1,FEASIBLE,WORSE
3534,2,44,68,25502,27350,1,FEASIBLE,WORSE
3535,2,44,69,26104,27932,1,FEASIBLE,WORSE
3536,2,44,70,27372,29105,1,FEASIBLE,WORSE
3537,2,44,71,27121,28861,1,FEASIBLE,WORSE
3538,2,44,72,26919,28734,1,FEASIBLE,WORSE
3539,2,44,73,26932,28687,1,FEASIBLE,WORSE
3540,2,44,74,25762,27550,1,FEASIBLE,WORSE
3541,2,44,75,27002,28783,1,FEASIBLE,WORSE
3542,2,44,76,26726,28479,1,FEASIBLE,WORSE
3543,2,44,77,26622,28391,1,FEASIBLE,WORSE
3544,2,44,78,26926,28705,1,FEASIBLE,WORSE
3545,2,44,79,27349,29125,1,FEASIBLE,WORSE
3546,2,44,80,25790,27619,1,FEASIBLE,WORSE
3547,2,44,81,26338,28165,1,FEASIBLE,WORSE
3548,2,44,82,27235,29030,1,FEASIBLE,WORSE
3549,2,44,83,25688,27493,1,FEASIBLE,WORSE
3550,2,44,84,27322,29097,1,FEASIBLE,WORSE
3551,2,44,85,26222,27973,1,FEASIBLE,WORSE
3552,2,44,86,25669,27409,1,FEASIBLE,WORSE
3553,2,44,87,26355,28131,1,FEASIBLE,WORSE
3554,2,44,88,25761,27607,1,FEASIBLE,WORSE
3555,2,44,89,26140,27971,1,FEASIBLE,WORSE
3556,2,44,90,26187,28004,1,FEASIBLE,WORSE
3557,2,44,91,27290,29033,1,FEASIBLE,WORSE
3558,2,44,92,26521,28338,1,FEASIBLE,WORSE
3559,2,44,93,25891,27719,1,FEASIBLE,WORSE
3560,2,44,94,27268,29037,1,FEASIBLE,WORSE
3561,2,44,95,26659,28410,1,FEASIBLE,WORSE
3562,2,44,96,26203,27975,1,FEASIBLE,WORSE
3563,2,44,97,27295,29101,1,FEASIBLE,WORSE
3564,2,44,98,25991,27820,1,FEASIBLE,WORSE
3565,2,44,99,25697,27445,1,FEASIBLE,WORSE
3566,2,45,46,26783,28639,1,FEASIBLE,WORSE
3567,2,45,47,26822,28715,1,FEASIBLE,WORSE
3568,2,45,48,28000,29780,0,CAPACITY_EXCEEDED,INVALID
3569,2,45,49,27007,28872,1,FEASIBLE,WORSE
3570,2,45,50,28029,29834,0,CAPACITY_EXCEEDED,INVALID
3571,2,45,51,28463,30251,0,CAPACITY_EXCEEDED,INVALID
3572,2,45,52,28039,29822,0,CAPACITY_EXCEEDED,INVALID
3573,2,45,53,28370,30179,0,CAPACITY_EXCEEDED,INVALID
3574,2,45,54,27892,29688,0,CAPACITY_EXCEEDED,INVALID
3575,2,45,55,26655,28505,1,FEASIBLE,WORSE
3576,2,45,56,26638,28513,1,FEASIBLE,WORSE
3577,2,45,57,27076,28856,1,FEASIBLE,WORSE
3578,2,45,58,26970,28760,1,FEASIBLE,WORSE
3579,2,45,59,26617,28395,1,FEASIBLE,WORSE
3580,2,45,60,28262,30085,0,CAPACITY_EXCEEDED,INVALID
3581,2,45,61,27051,28939,1,FEASIBLE,WORSE
3582,2,45,62,27760,29587,0,CAPACITY_EXCEEDED,INVALID
3583,2,45,63,27213,29072,1,FEASIBLE,WORSE
3584,2,45,64,26838,28690,1,FEASIBLE,WORSE
3585,2,45,65,27371,29188,1,FEASIBLE,WORSE
3586,2,45,66,26630,28465,1,FEASIBLE,WORSE
3587,2,45,67,27807,29635,0,CAPACITY_EXCEEDED,INVALID
3588,2,45,68,26626,28518,1,FEASIBLE,WORSE
3589,2,45,69,27228,29100,1,FEASIBLE,WORSE
3590,2,45,70,28496,30273,0,CAPACITY_EXCEEDED,INVALID
3591,2,45,71,28245,30029,0,CAPACITY_EXCEEDED,INVALID
3592,2,45,72,28043,29902,0,CAPACITY_EXCEEDED,INVALID
3593,2,45,73,28056,29855,0,CAPACITY_EXCEEDED,INVALID
3594,2,45,74,26886,28718,1,FEASIBLE,WORSE
3595,2,45,75,28126,29951,0,CAPACITY_EXCEEDED,INVALID
3596,2,45,76,27850,29647,0,CAPACITY_EXCEEDED,INVALID
3597,2,45,77,27746,29559,0,CAPACITY_EXCEEDED,INVALID
3598,2,45,78,28050,29873,0,CAPACITY_EXCEEDED,INVALID
3599,2,45,79,28473,30293,0,CAPACITY_EXCEEDED,INVALID
3600,2,45,80,26914,28787,1,FEASIBLE,WORSE
3601,2,45,81,27462,29333,0,CAPACITY_EXCEEDED,INVALID
3602,2,45,82,28359,30198,0,CAPACITY_EXCEEDED,INVALID
3603,2,45,83,26812,28661,1,FEASIBLE,WORSE
3604,2,45,84,28446,30265,0,CAPACITY_EXCEEDED,INVALID
3605,2,45,85,27346,29141,1,FEASIBLE,WORSE
3606,2,45,86,26793,28577,1,FEASIBLE,WORSE
3607,2,45,87,27479,29299,0,CAPACITY_EXCEEDED,INVALID
3608,2,45,88,26885,28775,1,FEASIBLE,WORSE
3609,2,45,89,27264,29139,1,FEASIBLE,WORSE
3610,2,45,90,27311,29172,1,FEASIBLE,WORSE
3611,2,45,91,28414,30201,0,CAPACITY_EXCEEDED,INVALID
3612,2,45,92,27645,29506,0,CAPACITY_EXCEEDED,INVALID
3613,2,45,93,27015,28887,1,FEASIBLE,WORSE
3614,2,45,94,28392,30205,0,CAPACITY_EXCEEDED,INVALID
3615,2,45,95,27783,29578,0,CAPACITY_EXCEEDED,INVALID
3616,2,45,96,27327,29143,1,FEASIBLE,WORSE
3617,2,45,97,28419,30269,0,CAPACITY_EXCEEDED,INVALID
3618,2,45,98,27115,28988,1,FEASIBLE,WORSE
3619,2,45,99,26821,28613,1,FEASIBLE,WORSE
3620,2,46,47,25905,27825,1,FEASIBLE,WORSE
3621,2,46,48,27083,28890,1,FEASIBLE,WORSE
3622,2,46,49,26090,27982,1,FEASIBLE,WORSE
3623,2,46,50,27112,28944,1,FEASIBLE,WORSE
3624,2,46,51,27546,29361,0,CAPACITY_EXCEEDED,INVALID
3625,2,46,52,27122,28932,1,FEASIBLE,WORSE
3626,2,46,53,27453,29289,0,CAPACITY_EXCEEDED,INVALID
3627,2,46,54,26975,28798,1,FEASIBLE,WORSE
3628,2,46,55,25738,27615,1,FEASIBLE,WORSE
3629,2,46,56,25721,27623,1,FEASIBLE,WORSE
3630,2,46,57,26159,27966,1,FEASIBLE,WORSE
3631,2,46,58,26053,27870,1,FEASIBLE,WORSE
3632,2,46,59,25700,27505,1,FEASIBLE,WORSE
3633,2,46,60,27345,29195,1,FEASIBLE,WORSE
3634,2,46,61,26134,28049,1,FEASIBLE,WORSE
3635,2,46,62,26843,28697,1,FEASIBLE,WORSE
3636,2,46,63,26296,28182,1,FEASIBLE,WORSE
3637,2,46,64,25921,27800,1,FEASIBLE,WORSE
3638,2,46,65,26454,28298,1,FEASIBLE,WORSE
3639,2,46,66,25713,27575,1,FEASIBLE,WORSE
3640,2,46,67,26890,28745,1,FEASIBLE,WORSE
3641,2,46,68,25709,27628,1,FEASIBLE,WORSE
3642,2,46,69,26311,28210,1,FEASIBLE,WORSE
3643,2,46,70,27579,29383,0,CAPACITY_EXCEEDED,INVALID
3644,2,46,71,27328,29139,1,FEASIBLE,WORSE
3645,2,46,72,27126,29012,1,FEASIBLE,WORSE
3646,2,46,73,27139,28965,1,FEASIBLE,WORSE
3647,2,46,74,25969,27828,1,FEASIBLE,WORSE
3648,2,46,75,27209,29061,1,FEASIBLE,WORSE
3649,2,46,76,26933,28757,1,FEASIBLE,WORSE
3650,2,46,77,26829,28669,1,FEASIBLE,WORSE
3651,2,46,78,27133,28983,1,FEASIBLE,WORSE
3652,2,46,79,27556,29403,0,CAPACITY_EXCEEDED,INVALID
3653,2,46,80,25997,27897,1,FEASIBLE,WORSE
3654,2,46,81,26545,28443,1,FEASIBLE,WORSE
3655,2,46,82,27442,29308,0,CAPACITY_EXCEEDED,INVALID
3656,2,46,83,25895,27771,1,FEASIBLE,WORSE
3657,2,46,84,27529,29375,0,CAPACITY_EXCEEDED,INVALID
3658,2,46,85,26429,28251,1,FEASIBLE,WORSE
3659,2,46,86,25876,27687,1,FEASIBLE,WORSE
3660,2,46,87,26562,28409,1,FEASIBLE,WORSE
3661,2,46,88,25968,27885,1,FEASIBLE,WORSE
3662,2,46,89,26347,28249,1,FEASIBLE,WORSE
3663,2,46,90,26394,28282,1,FEASIBLE,WORSE
3664,2,46,91,27497,29311,0,CAPACITY_EXCEEDED,INVALID
3665,2,46,92,26728,28616,1,FEASIBLE,WORSE
3666,2,46,93,26098,27997,1,FEASIBLE,WORSE
3667,2,46,94,27475,29315,0,CAPACITY_EXCEEDED,INVALID
3668,2,46,95,26866,28688,1,FEASIBLE,WORSE
3669,2,46,96,26410,28253,1,FEASIBLE,WORSE
3670,2,46,97,27502,29379,0,CAPACITY_EXCEEDED,INVALID
3671,2,46,98,26198,28098,1,FEASIBLE,WORSE
3672,2,46,99,25904,27723,1,FEASIBLE,WORSE
3673,2,47,48,27122,28966,1,FEASIBLE,WORSE
3674,2,47,49,26129,28058,1,FEASIBLE,WORSE
3675,2,47,50,27151,29020,1,FEASIBLE,WORSE
3676,2,47,51,27585,29437,0,CAPACITY_EXCEEDED,INVALID
3677,2,47,52,27161,29008,1,FEASIBLE,WORSE
3678,2,47,53,27492,29365,0,CAPACITY_EXCEEDED,INVALID
3679,2,47,54,27014,28874,1,FEASIBLE,WORSE
3680,2,47,55,25777,27691,1,FEASIBLE,WORSE
3681,2,47,56,25760,27699,1,FEASIBLE,WORSE
3682,2,47,57,26198,28042,1,FEASIBLE,WORSE
3683,2,47,58,26092,27946,1,FEASIBLE,WORSE
3684,2,47,59,25739,27581,1,FEASIBLE,WORSE
3685,2,47,60,27384,29271,0,CAPACITY_EXCEEDED,INVALID
3686,2,47,61,26173,28125,1,FEASIBLE,WORSE
3687,2,47,62,26882,28773,1,FEASIBLE,WORSE
3688,2,47,63,26335,28258,1,FEASIBLE,WORSE
3689,2,47,64,25960,27876,1,FEASIBLE,WORSE
3690,2,47,65,26493,28374,1,FEASIBLE,WORSE
3691,2,47,66,25752,27651,1,FEASIBLE,WORSE
3692,2,47,67,26929,28821,1,FEASIBLE,WORSE
3693,2,47,68,25748,27704,1,FEASIBLE,WORSE
3694,2,47,69,26350,28286,1,FEASIBLE,WORSE
3695,2,47,70,27618,29459,0,CAPACITY_EXCEEDED,INVALID
3696,2,47,71,27367,29215,1,FEASIBLE,WORSE
3697,2,47,72,27165,29088,1,FEASIBLE,WORSE
3698,2,47,73,27178,29041,1,FEASIBLE,WORSE
3699,2,47,74,26008,27904,1,FEASIBLE,WORSE
3700,2,47,75,27248,29137,1,FEASIBLE,WORSE
3701,2,47,76,26972,28833,1,FEASIBLE,WORSE
3702,2,47,77,26868,28745,1,FEASIBLE,WORSE
3703,2,47,78,27172,29059,1,FEASIBLE,WORSE
3704,2,47,79,27595,29479,0,CAPACITY_EXCEEDED,INVALID
3705,2,47,80,26036,27973,1,FEASIBLE,WORSE
3706,2,47,81,26584,28519,1,FEASIBLE,WORSE
3707,2,47,82,27481,29384,0,CAPACITY_EXCEEDED,INVALID
3708,2,47,83,25934,27847,1,FEASIBLE,WORSE
3709,2,47,84,27568,29451,0,CAPACITY_EXCEEDED,INVALID
3710,2,47,85,26468,28327,1,FEASIBLE,WORSE
3711,2,47,86,25915,27763,1,FEASIBLE,WORSE
3712,2,47,87,26601,28485,1,FEASIBLE,WORSE
3713,2,47,88,26007,27961,1,FEASIBLE,WORSE
3714,2,47,89,26386,28325,1,FEASIBLE,WORSE
3715,2,47,90,26433,28358,1,FEASIBLE,WORSE
3716,2,47,91,27536,29387,0,CAPACITY_EXCEEDED,INVALID
3717,2,47,92,26767,28692,1,FEASIBLE,WORSE
3718,2,47,93,26137,28073,1,FEASIBLE,WORSE
3719,2,47,94,27514,29391,0,CAPACITY_EXCEEDED,INVALID
3720,2,47,95,26905,28764,1,FEASIBLE,WORSE
3721,2,47,96,26449,28329,1,FEASIBLE,WORSE
3722,2,47,97,27541,29455,0,CAPACITY_EXCEEDED,INVALID
3723,2,47,98,26237,28174,1,FEASIBLE,WORSE
3724,2,47,99,25943,27799,1,FEASIBLE,WORSE
3725,2,48,49,27307,29123,1,FEASIBLE,WORSE
3726,2,48,50,28329,30085,0,CAPACITY_EXCEEDED,INVALID
3727,2,48,51,28763,30502,0,CAPACITY_EXCEEDED,INVALID
3728,2,48,52,28339,30073,0,CAPACITY_EXCEEDED,INVALID
3729,2,48,53,28670,30430,0,CAPACITY_EXCEEDED,INVALID
3730,2,48,54,28192,29939,0,CAPACITY_EXCEEDED,INVALID
3731,2,48,55,26955,28756,1,FEASIBLE,WORSE
3732,2,48,56,26938,28764,1,FEASIBLE,WORSE
3733,2,48,57,27376,29107,1,FEASIBLE,WORSE
3734,2,48,58,27270,29011,1,FEASIBLE,WORSE
3735,2,48,59,26917,28646,1,FEASIBLE,WORSE
3736,2,48,60,28562,30336,0,CAPACITY_EXCEEDED,INVALID
3737,2,48,61,27351,29190,1,FEASIBLE,WORSE
3738,2,48,62,28060,29838,0,CAPACITY_EXCEEDED,INVALID
3739,2,48,63,27513,29323,0,CAPACITY_EXCEEDED,INVALID
3740,2,48,64,27138,28941,1,FEASIBLE,WORSE
3741,2,48,65,27671,29439,0,CAPACITY_EXCEEDED,INVALID
3742,2,48,66,26930,28716,1,FEASIBLE,WORSE
3743,2,48,67,28107,29886,0,CAPACITY_EXCEEDED,INVALID
3744,2,48,68,26926,28769,1,FEASIBLE,WORSE
3745,2,48,69,27528,29351,0,CAPACITY_EXCEEDED,INVALID
3746,2,48,70,28796,30524,0,CAPACITY_EXCEEDED,INVALID
3747,2,48,71,28545,30280,0,CAPACITY_EXCEEDED,INVALID
3748,2,48,72,28343,30153,0,CAPACITY_EXCEEDED,INVALID
3749,2,48,73,28356,30106,0,CAPACITY_EXCEEDED,INVALID
3750,2,48,74,27186,28969,1,FEASIBLE,WORSE
3751,2,48,75,28426,30202,0,CAPACITY_EXCEEDED,INVALID
3752,2,48,76,28150,29898,0,CAPACITY_EXCEEDED,INVALID
3753,2,48,77,28046,29810,0,CAPACITY_EXCEEDED,INVALID
3754,2,48,78,28350,30124,0,CAPACITY_EXCEEDED,INVALID
3755,2,48,79,28773,30544,0,CAPACITY_EXCEEDED,INVALID
3756,2,48,80,27214,29038,1,FEASIBLE,WORSE
3757,2,48,81,27762,29584,0,CAPACITY_EXCEEDED,INVALID
3758,2,48,82,28659,30449,0,CAPACITY_EXCEEDED,INVALID
3759,2,48,83,27112,28912,1,FEASIBLE,WORSE
3760,2,48,84,28746,30516,0,CAPACITY_EXCEEDED,INVALID
3761,2,48,85,27646,29392,0,CAPACITY_EXCEEDED,INVALID
3762,2,48,86,27093,28828,1,FEASIBLE,WORSE
3763,2,48,87,27779,29550,0,CAPACITY_EXCEEDED,INVALID
3764,2,48,88,27185,29026,1,FEASIBLE,WORSE
3765,2,48,89,27564,29390,0,CAPACITY_EXCEEDED,INVALID
3766,2,48,90,27611,29423,0,CAPACITY_EXCEEDED,INVALID
3767,2,48,91,28714,30452,0,CAPACITY_EXCEEDED,INVALID
3768,2,48,92,27945,29757,0,CAPACITY_EXCEEDED,INVALID
3769,2,48,93,27315,29138,1,FEASIBLE,WORSE
3770,2,48,94,28692,30456,0,CAPACITY_EXCEEDED,INVALID
3771,2,48,95,28083,29829,0,CAPACITY_EXCEEDED,INVALID
3772,2,48,96,27627,29394,0,CAPACITY_EXCEEDED,INVALID
3773,2,48,97,28719,30520,0,CAPACITY_EXCEEDED,INVALID
3774,2,48,98,27415,29239,0,CAPACITY_EXCEEDED,INVALID
3775,2,48,99,27121,28864,1,FEASIBLE,WORSE
3776,2,49,50,27336,29177,1,FEASIBLE,WORSE
3777,2,49,51,27770,29594,0,CAPACITY_EXCEEDED,INVALID
3778,2,49,52,27346,29165,1,FEASIBLE,WORSE
3779,2,49,53,27677,29522,0,CAPACITY_EXCEEDED,INVALID
3780,2,49,54,27199,29031,1,FEASIBLE,WORSE
3781,2,49,55,25962,27848,1,FEASIBLE,WORSE
3782,2,49,56,25945,27856,1,FEASIBLE,WORSE
3783,2,49,57,26383,28199,1,FEASIBLE,WORSE
3784,2,49,58,26277,28103,1,FEASIBLE,WORSE
3785,2,49,59,25924,27738,1,FEASIBLE,WORSE
3786,2,49,60,27569,29428,0,CAPACITY_EXCEEDED,INVALID
3787,2,49,61,26358,28282,1,FEASIBLE,WORSE
3788,2,49,62,27067,28930,1,FEASIBLE,WORSE
3789,2,49,63,26520,28415,1,FEASIBLE,WORSE
3790,2,49,64,26145,28033,1,FEASIBLE,WORSE
3791,2,49,65,26678,28531,1,FEASIBLE,WORSE
3792,2,49,66,25937,27808,1,FEASIBLE,WORSE
3793,2,49,67,27114,28978,1,FEASIBLE,WORSE
3794,2,49,68,25933,27861,1,FEASIBLE,WORSE
3795,2,49,69,26535,28443,1,FEASIBLE,WORSE
3796,2,49,70,27803,29616,0,CAPACITY_EXCEEDED,INVALID
3797,2,49,71,27552,29372,0,CAPACITY_EXCEEDED,INVALID
3798,2,49,72,27350,29245,1,FEASIBLE,WORSE
3799,2,49,73,27363,29198,1,FEASIBLE,WORSE
3800,2,49,74,26193,28061,1,FEASIBLE,WORSE
3801,2,49,75,27433,29294,0,CAPACITY_EXCEEDED,INVALID
3802,2,49,76,27157,28990,1,FEASIBLE,WORSE
3803,2,49,77,27053,28902,1,FEASIBLE,WORSE
3804,2,49,78,27357,29216,1,FEASIBLE,WORSE
3805,2,49,79,27780,29636,0,CAPACITY_EXCEEDED,INVALID
3806,2,49,80,26221,28130,1,FEASIBLE,WORSE
3807,2,49,81,26769,28676,1,FEASIBLE,WORSE
3808,2,49,82,27666,29541,0,CAPACITY_EXCEEDED,INVALID
3809,2,49,83,26119,28004,1,FEASIBLE,WORSE
3810,2,49,84,27753,29608,0,CAPACITY_EXCEEDED,INVALID
3811,2,49,85,26653,28484,1,FEASIBLE,WORSE
3812,2,49,86,26100,27920,1,FEASIBLE,WORSE
3813,2,49,87,26786,28642,1,FEASIBLE,WORSE
3814,2,49,88,26192,28118,1,FEASIBLE,WORSE
3815,2,49,89,26571,28482,1,FEASIBLE,WORSE
3816,2,49,90,26618,28515,1,FEASIBLE,WORSE
3817,2,49,91,27721,29544,0,CAPACITY_EXCEEDED,INVALID
3818,2,49,92,26952,28849,1,FEASIBLE,WORSE
3819,2,49,93,26322,28230,1,FEASIBLE,WORSE
3820,2,49,94,27699,29548,0,CAPACITY_EXCEEDED,INVALID
3821,2,49,95,27090,28921,1,FEASIBLE,WORSE
3822,2,49,96,26634,28486,1,FEASIBLE,WORSE
3823,2,49,97,27726,29612,0,CAPACITY_EXCEEDED,INVALID
3824,2,49,98,26422,28331,1,FEASIBLE,WORSE
3825,2,49,99,26128,27956,1,FEASIBLE,WORSE
3826,2,50,51,28792,30556,0,CAPACITY_EXCEEDED,INVALID
3827,2,50,52,28368,30127,0,CAPACITY_EXCEEDED,INVALID
3828,2,50,53,28699,30484,0,CAPACITY_EXCEEDED,INVALID
3829,2,50,54,28221,29993,0,CAPACITY_EXCEEDED,INVALID
3830,2,50,55,26984,28810,1,FEASIBLE,WORSE
3831,2,50,56,26967,28818,1,FEASIBLE,WORSE
3832,2,50,57,27405,29161,0,CAPACITY_EXCEEDED,INVALID
3833,2,50,58,27299,29065,1,FEASIBLE,WORSE
3834,2,50,59,26946,28700,1,FEASIBLE,WORSE
3835,2,50,60,28591,30390,0,CAPACITY_EXCEEDED,INVALID
3836,2,50,61,27380,29244,1,FEASIBLE,WORSE
3837,2,50,62,28089,29892,0,CAPACITY_EXCEEDED,INVALID
3838,2,50,63,27542,29377,0,CAPACITY_EXCEEDED,INVALID
3839,2,50,64,27167,28995,1,FEASIBLE,WORSE
3840,2,50,65,27700,29493,0,CAPACITY_EXCEEDED,INVALID
3841,2,50,66,26959,28770,1,FEASIBLE,WORSE
3842,2,50,67,28136,29940,0,CAPACITY_EXCEEDED,INVALID
3843,2,50,68,26955,28823,1,FEASIBLE,WORSE
3844,2,50,69,27557,29405,0,CAPACITY_EXCEEDED,INVALID
3845,2,50,70,28825,30578,0,CAPACITY_EXCEEDED,INVALID
3846,2,50,71,28574,30334,0,CAPACITY_EXCEEDED,INVALID
3847,2,50,72,28372,30207,0,CAPACITY_EXCEEDED,INVALID
3848,2,50,73,28385,30160,0,CAPACITY_EXCEEDED,INVALID
3849,2,50,74,27215,29023,1,FEASIBLE,WORSE
3850,2,50,75,28455,30256,0,CAPACITY_EXCEEDED,INVALID
3851,2,50,76,28179,29952,0,CAPACITY_EXCEEDED,INVALID
3852,2,50,77,28075,29864,0,CAPACITY_EXCEEDED,INVALID
3853,2,50,78,28379,30178,0,CAPACITY_EXCEEDED,INVALID
3854,2,50,79,28802,30598,0,CAPACITY_EXCEEDED,INVALID
3855,2,50,80,27243,29092,1,FEASIBLE,WORSE
3856,2,50,81,27791,29638,0,CAPACITY_EXCEEDED,INVALID
3857,2,50,82,28688,30503,0,CAPACITY_EXCEEDED,INVALID
3858,2,50,83,27141,28966,1,FEASIBLE,WORSE
3859,2,50,84,28775,30570,0,CAPACITY_EXCEEDED,INVALID
3860,2,50,85,27675,29446,0,CAPACITY_EXCEEDED,INVALID
3861,2,50,86,27122,28882,1,FEASIBLE,WORSE
3862,2,50,87,27808,29604,0,CAPACITY_EXCEEDED,INVALID
3863,2,50,88,27214,29080,1,FEASIBLE,WORSE
3864,2,50,89,27593,29444,0,CAPACITY_EXCEEDED,INVALID
3865,2,50,90,27640,29477,0,CAPACITY_EXCEEDED,INVALID
3866,2,50,91,28743,30506,0,CAPACITY_EXCEEDED,INVALID
3867,2,50,92,27974,29811,0,CAPACITY_EXCEEDED,INVALID
3868,2,50,93,27344,29192,1,FEASIBLE,WORSE
3869,2,50,94,28721,30510,0,CAPACITY_EXCEEDED,INVALID
3870,2,50,95,28112,29883,0,CAPACITY_EXCEEDED,INVALID
3871,2,50,96,27656,29448,0,CAPACITY_EXCEEDED,INVALID
3872,2,50,97,28748,30574,0,CAPACITY_EXCEEDED,INVALID
3873,2,50,98,27444,29293,0,CAPACITY_EXCEEDED,INVALID
3874,2,50,99,27150,28918,1,FEASIBLE,WORSE
3875,2,51,52,28802,30544,0,CAPACITY_EXCEEDED,INVALID
3876,2,51,53,29133,30901,0,CAPACITY_EXCEEDED,INVALID
3877,2,51,54,28655,30410,0,CAPACITY_EXCEEDED,INVALID
3878,2,51,55,27418,29227,0,CAPACITY_EXCEEDED,INVALID
3879,2,51,56,27401,29235,0,CAPACITY_EXCEEDED,INVALID
3880,2,51,57,27839,29578,0,CAPACITY_EXCEEDED,INVALID
3881,2,51,58,27733,29482,0,CAPACITY_EXCEEDED,INVALID
3882,2,51,59,27380,29117,1,FEASIBLE,WORSE
3883,2,51,60,29025,30807,0,CAPACITY_EXCEEDED,INVALID
3884,2,51,61,27814,29661,0,CAPACITY_EXCEEDED,INVALID
3885,2,51,62,28523,30309,0,CAPACITY_EXCEEDED,INVALID
3886,2,51,63,27976,29794,0,CAPACITY_EXCEEDED,INVALID
3887,2,51,64,27601,29412,0,CAPACITY_EXCEEDED,INVALID
3888,2,51,65,28134,29910,0,CAPACITY_EXCEEDED,INVALID
3889,2,51,66,27393,29187,0,CAPACITY_EXCEEDED,INVALID
3890,2,51,67,28570,30357,0,CAPACITY_EXCEEDED,INVALID
3891,2,51,68,27389,29240,0,CAPACITY_EXCEEDED,INVALID
3892,2,51,69,27991,29822,0,CAPACITY_EXCEEDED,INVALID
3893,2,51,70,29259,30995,0,CAPACITY_EXCEEDED,INVALID
3894,2,51,71,29008,30751,0,CAPACITY_EXCEEDED,INVALID
3895,2,51,72,28806,30624,0,CAPACITY_EXCEEDED,INVALID
3896,2,51,73,28819,30577,0,CAPACITY_EXCEEDED,INVALID
3897,2,51,74,27649,29440,0,CAPACITY_EXCEEDED,INVALID
3898,2,51,75,28889,30673,0,CAPACITY_EXCEEDED,INVALID
3899,2,51,76,28613,30369,0,CAPACITY_EXCEEDED,INVALID
3900,2,51,77,28509,30281,0,CAPACITY_EXCEEDED,INVALID
3901,2,51,78,28813,30595,0,CAPACITY_EXCEEDED,INVALID
3902,2,51,79,29236,31015,0,CAPACITY_EXCEEDED,INVALID
3903,2,51,80,27677,29509,0,CAPACITY_EXCEEDED,INVALID
3904,2,51,81,28225,30055,0,CAPACITY_EXCEEDED,INVALID
3905,2,51,82,29122,30920,0,CAPACITY_EXCEEDED,INVALID
3906,2,51,83,27575,29383,0,CAPACITY_EXCEEDED,INVALID
3907,2,51,84,29209,30987,0,CAPACITY_EXCEEDED,INVALID
3908,2,51,85,28109,29863,0,CAPACITY_EXCEEDED,INVALID
3909,2,51,86,27556,29299,0,CAPACITY_EXCEEDED,INVALID
3910,2,51,87,28242,30021,0,CAPACITY_EXCEEDED,INVALID
3911,2,51,88,27648,29497,0,CAPACITY_EXCEEDED,INVALID
3912,2,51,89,28027,29861,0,CAPACITY_EXCEEDED,INVALID
3913,2,51,90,28074,29894,0,CAPACITY_EXCEEDED,INVALID
3914,2,51,91,29177,30923,0,CAPACITY_EXCEEDED,INVALID
3915,2,51,92,28408,30228,0,CAPACITY_EXCEEDED,INVALID
3916,2,51,93,27778,29609,0,CAPACITY_EXCEEDED,INVALID
3917,2,51,94,29155,30927,0,CAPACITY_EXCEEDED,INVALID
3918,2,51,95,28546,30300,0,CAPACITY_EXCEEDED,INVALID
3919,2,51,96,28090,29865,0,CAPACITY_EXCEEDED,INVALID
3920,2,51,97,29182,30991,0,CAPACITY_EXCEEDED,INVALID
3921,2,51,98,27878,29710,0,CAPACITY_EXCEEDED,INVALID
3922,2,51,99,27584,29335,0,CAPACITY_EXCEEDED,INVALID
3923,2,52,53,28709,30472,0,CAPACITY_EXCEEDED,INVALID
3924,2,52,54,28231,29981,0,CAPACITY_EXCEEDED,INVALID
3925,2,52,55,26994,28798,1,FEASIBLE,WORSE
3926,2,52,56,26977,28806,1,FEASIBLE,WORSE
3927,2,52,57,27415,29149,0,CAPACITY_EXCEEDED,INVALID
3928,2,52,58,27309,29053,1,FEASIBLE,WORSE
3929,2,52,59,26956,28688,1,FEASIBLE,WORSE
3930,2,52,60,28601,30378,0,CAPACITY_EXCEEDED,INVALID
3931,2,52,61,27390,29232,0,CAPACITY_EXCEEDED,INVALID
3932,2,52,62,28099,29880,0,CAPACITY_EXCEEDED,INVALID
3933,2,52,63,27552,29365,0,CAPACITY_EXCEEDED,INVALID
3934,2,52,64,27177,28983,1,FEASIBLE,WORSE
3935,2,52,65,27710,29481,0,CAPACITY_EXCEEDED,INVALID
3936,2,52,66,26969,28758,1,FEASIBLE,WORSE
3937,2,52,67,28146,29928,0,CAPACITY_EXCEEDED,INVALID
3938,2,52,68,26965,28811,1,FEASIBLE,WORSE
3939,2,52,69,27567,29393,0,CAPACITY_EXCEEDED,INVALID
3940,2,52,70,28835,30566,0,CAPACITY_EXCEEDED,INVALID
3941,2,52,71,28584,30322,0,CAPACITY_EXCEEDED,INVALID
3942,2,52,72,28382,30195,0,CAPACITY_EXCEEDED,INVALID
3943,2,52,73,28395,30148,0,CAPACITY_EXCEEDED,INVALID
3944,2,52,74,27225,29011,1,FEASIBLE,WORSE
3945,2,52,75,28465,30244,0,CAPACITY_EXCEEDED,INVALID
3946,2,52,76,28189,29940,0,CAPACITY_EXCEEDED,INVALID
3947,2,52,77,28085,29852,0,CAPACITY_EXCEEDED,INVALID
3948,2,52,78,28389,30166,0,CAPACITY_EXCEEDED,INVALID
3949,2,52,79,28812,30586,0,CAPACITY_EXCEEDED,INVALID
3950,2,52,80,27253,29080,1,FEASIBLE,WORSE
3951,2,52,81,27801,29626,0,CAPACITY_EXCEEDED,INVALID
3952,2,52,82,28698,30491,0,CAPACITY_EXCEEDED,INVALID
3953,2,52,83,27151,28954,1,FEASIBLE,WORSE
3954,2,52,84,28785,30558,0,CAPACITY_EXCEEDED,INVALID
3955,2,52,85,27685,29434,0,CAPACITY_EXCEEDED,INVALID
3956,2,52,86,27132,28870,1,FEASIBLE,WORSE
3957,2,52,87,27818,29592,0,CAPACITY_EXCEEDED,INVALID
3958,2,52,88,27224,29068,1,FEASIBLE,WORSE
3959,2,52,89,27603,29432,0,CAPACITY_EXCEEDED,INVALID
3960,2,52,90,27650,29465,0,CAPACITY_EXCEEDED,INVALID
3961,2,52,91,28753,30494,0,CAPACITY_EXCEEDED,INVALID
3962,2,52,92,27984,29799,0,CAPACITY_EXCEEDED,INVALID
3963,2,52,93,27354,29180,1,FEASIBLE,WORSE
3964,2,52,94,28731,30498,0,CAPACITY_EXCEEDED,INVALID
3965,2,52,95,28122,29871,0,CAPACITY_EXCEEDED,INVALID
3966,2,52,96,27666,29436,0,CAPACITY_EXCEEDED,INVALID
3967,2,52,97,28758,30562,0,CAPACITY_EXCEEDED,INVALID
3968,2,52,98,27454,29281,0,CAPACITY_EXCEEDED,INVALID
3969,2,52,99,27160,28906,1,FEASIBLE,WORSE
3970,2,53,54,28562,30338,0,CAPACITY_EXCEEDED,INVALID
3971,2,53,55,27325,29155,1,FEASIBLE,WORSE
3972,2,53,56,27308,29163,1,FEASIBLE,WORSE
3973,2,53,57,27746,29506,0,CAPACITY_EXCEEDED,INVALID
3974,2,53,58,27640,29410,0,CAPACITY_EXCEEDED,INVALID
3975,2,53,59,27287,29045,1,FEASIBLE,WORSE
3976,2,53,60,28932,30735,0,CAPACITY_EXCEEDED,INVALID
3977,2,53,61,27721,29589,0,CAPACITY_EXCEEDED,INVALID
3978,2,53,62,28430,30237,0,CAPACITY_EXCEEDED,INVALID
3979,2,53,63,27883,29722,0,CAPACITY_EXCEEDED,INVALID
3980,2,53,64,27508,29340,0,CAPACITY_EXCEEDED,INVALID
3981,2,53,65,28041,29838,0,CAPACITY_EXCEEDED,INVALID
3982,2,53,66,27300,29115,1,FEASIBLE,WORSE
3983,2,53,67,28477,30285,0,CAPACITY_EXCEEDED,INVALID
3984,2,53,68,27296,29168,1,FEASIBLE,WORSE
3985,2,53,69,27898,29750,0,CAPACITY_EXCEEDED,INVALID
3986,2,53,70,29166,30923,0,CAPACITY_EXCEEDED,INVALID
3987,2,53,71,28915,30679,0,CAPACITY_EXCEEDED,INVALID
3988,2,53,72,28713,30552,0,CAPACITY_EXCEEDED,INVALID
3989,2,53,73,28726,30505,0,CAPACITY_EXCEEDED,INVALID
3990,2,53,74,27556,29368,0,CAPACITY_EXCEEDED,INVALID
3991,2,53,75,28796,30601,0,CAPACITY_EXCEEDED,INVALID
3992,2,53,76,28520,30297,0,CAPACITY_EXCEEDED,INVALID
3993,2,53,77,28416,30209,0,CAPACITY_EXCEEDED,INVALID
3994,2,53,78,28720,30523,0,CAPACITY_EXCEEDED,INVALID
3995,2,53,79,29143,30943,0,CAPACITY_EXCEEDED,INVALID
3996,2,53,80,27584,29437,0,CAPACITY_EXCEEDED,INVALID
3997,2,53,81,28132,29983,0,CAPACITY_EXCEEDED,INVALID
3998,2,53,82,29029,30848,0,CAPACITY_EXCEEDED,INVALID
3999,2,53,83,27482,29311,0,CAPACITY_EXCEEDED,INVALID
4000,2,53,84,29116,30915,0,CAPACITY_EXCEEDED,INVALID
4001,2,53,85,28016,29791,0,CAPACITY_EXCEEDED,INVALID
4002,2,53,86,27463,29227,0,CAPACITY_EXCEEDED,INVALID
4003,2,53,87,28149,29949,0,CAPACITY_EXCEEDED,INVALID
4004,2,53,88,27555,29425,0,CAPACITY_EXCEEDED,INVALID
4005,2,53,89,27934,29789,0,CAPACITY_EXCEEDED,INVALID
4006,2,53,90,27981,29822,0,CAPACITY_EXCEEDED,INVALID
4007,2,53,91,29084,30851,0,CAPACITY_EXCEEDED,INVALID
4008,2,53,92,28315,30156,0,CAPACITY_EXCEEDED,INVALID
4009,2,53,93,27685,29537,0,CAPACITY_EXCEEDED,INVALID
4010,2,53,94,29062,30855,0,CAPACITY_EXCEEDED,INVALID
4011,2,53,95,28453,30228,0,CAPACITY_EXCEEDED,INVALID
4012,2,53,96,27997,29793,0,CAPACITY_EXCEEDED,INVALID
4013,2,53,97,29089,30919,0,CAPACITY_EXCEEDED,INVALID
4014,2,53,98,27785,29638,0,CAPACITY_EXCEEDED,INVALID
4015,2,53,99,27491,29263,0,CAPACITY_EXCEEDED,INVALID
4016,2,54,55,26847,28664,1,FEASIBLE,WORSE
4017,2,54,56,26830,28672,1,FEASIBLE,WORSE
4018,2,54,57,27268,29015,1,FEASIBLE,WORSE
4019,2,54,58,27162,28919,1,FEASIBLE,WORSE
4020,2,54,59,26809,28554,1,FEASIBLE,WORSE
4021,2,54,60,28454,30244,0,CAPACITY_EXCEEDED,INVALID
4022,2,54,61,27243,29098,1,FEASIBLE,WORSE
4023,2,54,62,27952,29746,0,CAPACITY_EXCEEDED,INVALID
4024,2,54,63,27405,29231,0,CAPACITY_EXCEEDED,INVALID
4025,2,54,64,27030,28849,1,FEASIBLE,WORSE
4026,2,54,65,27563,29347,0,CAPACITY_EXCEEDED,INVALID
4027,2,54,66,26822,28624,1,FEASIBLE,WORSE
4028,2,54,67,27999,29794,0,CAPACITY_EXCEEDED,INVALID
4029,2,54,68,26818,28677,1,FEASIBLE,WORSE
4030,2,54,69,27420,29259,0,CAPACITY_EXCEEDED,INVALID
4031,2,54,70,28688,30432,0,CAPACITY_EXCEEDED,INVALID
4032,2,54,71,28437,30188,0,CAPACITY_EXCEEDED,INVALID
4033,2,54,72,28235,30061,0,CAPACITY_EXCEEDED,INVALID
4034,2,54,73,28248,30014,0,CAPACITY_EXCEEDED,INVALID
4035,2,54,74,27078,28877,1,FEASIBLE,WORSE
4036,2,54,75,28318,30110,0,CAPACITY_EXCEEDED,INVALID
4037,2,54,76,28042,29806,0,CAPACITY_EXCEEDED,INVALID
4038,2,54,77,27938,29718,0,CAPACITY_EXCEEDED,INVALID
4039,2,54,78,28242,30032,0,CAPACITY_EXCEEDED,INVALID
4040,2,54,79,28665,30452,0,CAPACITY_EXCEEDED,INVALID
4041,2,54,80,27106,28946,1,FEASIBLE,WORSE
4042,2,54,81,27654,29492,0,CAPACITY_EXCEEDED,INVALID
4043,2,54,82,28551,30357,0,CAPACITY_EXCEEDED,INVALID
4044,2,54,83,27004,28820,1,FEASIBLE,WORSE
4045,2,54,84,28638,30424,0,CAPACITY_EXCEEDED,INVALID
4046,2,54,85,27538,29300,0,CAPACITY_EXCEEDED,INVALID
4047,2,54,86,26985,28736,1,FEASIBLE,WORSE
4048,2,54,87,27671,29458,0,CAPACITY_EXCEEDED,INVALID
4049,2,54,88,27077,28934,1,FEASIBLE,WORSE
4050,2,54,89,27456,29298,0,CAPACITY_EXCEEDED,INVALID
4051,2,54,90,27503,29331,0,CAPACITY_EXCEEDED,INVALID
4052,2,54,91,28606,30360,0,CAPACITY_EXCEEDED,INVALID
4053,2,54,92,27837,29665,0,CAPACITY_EXCEEDED,INVALID
4054,2,54,93,27207,29046,1,FEASIBLE,WORSE
4055,2,54,94,28584,30364,0,CAPACITY_EXCEEDED,INVALID
4056,2,54,95,27975,29737,0,CAPACITY_EXCEEDED,INVALID
4057,2,54,96,27519,29302,0,CAPACITY_EXCEEDED,INVALID
4058,2,54,97,28611,30428,0,CAPACITY_EXCEEDED,INVALID
4059,2,54,98,27307,29147,1,FEASIBLE,WORSE
4060,2,54,99,27013,28772,1,FEASIBLE,WORSE
4061,2,55,56,25593,27489,1,FEASIBLE,WORSE
4062,2,55,57,26031,27832,1,FEASIBLE,WORSE
4063,2,55,58,25925,27736,1,FEASIBLE,WORSE
4064,2,55,59,25572,27371,1,FEASIBLE,WORSE
4065,2,55,60,27217,29061,1,FEASIBLE,WORSE
4066,2,55,61,26006,27915,1,FEASIBLE,WORSE
4067,2,55,62,26715,28563,1,FEASIBLE,WORSE
4068,2,55,63,26168,28048,1,FEASIBLE,WORSE
4069,2,55,64,25793,27666,1,FEASIBLE,WORSE
4070,2,55,65,26326,28164,1,FEASIBLE,WORSE
4071,2,55,66,25585,27441,1,FEASIBLE,WORSE
4072,2,55,67,26762,28611,1,FEASIBLE,WORSE
4073,2,55,68,25581,27494,1,FEASIBLE,WORSE
4074,2,55,69,26183,28076,1,FEASIBLE,WORSE
4075,2,55,70,27451,29249,0,CAPACITY_EXCEEDED,INVALID
4076,2,55,71,27200,29005,1,FEASIBLE,WORSE
4077,2,55,72,26998,28878,1,FEASIBLE,WORSE
4078,2,55,73,27011,28831,1,FEASIBLE,WORSE
4079,2,55,74,25841,27694,1,FEASIBLE,WORSE
4080,2,55,75,27081,28927,1,FEASIBLE,WORSE
4081,2,55,76,26805,28623,1,FEASIBLE,WORSE
4082,2,55,77,26701,28535,1,FEASIBLE,WORSE
4083,2,55,78,27005,28849,1,FEASIBLE,WORSE
4084,2,55,79,27428,29269,0,CAPACITY_EXCEEDED,INVALID
4085,2,55,80,25869,27763,1,FEASIBLE,WORSE
4086,2,55,81,26417,28309,1,FEASIBLE,WORSE
4087,2,55,82,27314,29174,1,FEASIBLE,WORSE
4088,2,55,83,25767,27637,1,FEASIBLE,WORSE
4089,2,55,84,27401,29241,0,CAPACITY_EXCEEDED,INVALID
4090,2,55,85,26301,28117,1,FEASIBLE,WORSE
4091,2,55,86,25748,27553,1,FEASIBLE,WORSE
4092,2,55,87,26434,28275,1,FEASIBLE,WORSE
4093,2,55,88,25840,27751,1,FEASIBLE,WORSE
4094,2,55,89,26219,28115,1,FEASIBLE,WORSE
4095,2,55,90,26266,28148,1,FEASIBLE,WORSE
4096,2,55,91,27369,29177,1,FEASIBLE,WORSE
4097,2,55,92,26600,28482,1,FEASIBLE,WORSE
4098,2,55,93,25970,27863,1,FEASIBLE,WORSE
4099,2,55,94,27347,29181,1,FEASIBLE,WORSE
4100,2,55,95,26738,28554,1,FEASIBLE,WORSE
4101,2,55,96,26282,28119,1,FEASIBLE,WORSE
4102,2,55,97,27374,29245,1,FEASIBLE,WORSE
4103,2,55,98,26070,27964,1,FEASIBLE,WORSE
4104,2,55,99,25776,27589,1,FEASIBLE,WORSE
4105,2,56,57,26014,27840,1,FEASIBLE,WORSE
4106,2,56,58,25908,27744,1,FEASIBLE,WORSE
4107,2,56,59,25555,27379,1,FEASIBLE,WORSE
4108,2,56,60,27200,29069,1,FEASIBLE,WORSE
4109,2,56,61,25989,27923,1,FEASIBLE,WORSE
4110,2,56,62,26698,28571,1,FEASIBLE,WORSE
4111,2,56,63,26151,28056,1,FEASIBLE,WORSE
4112,2,56,64,25776,27674,1,FEASIBLE,WORSE
4113,2,56,65,26309,28172,1,FEASIBLE,WORSE
4114,2,56,66,25568,27449,1,FEASIBLE,WORSE
4115,2,56,67,26745,28619,1,FEASIBLE,WORSE
4116,2,56,68,25564,27502,1,FEASIBLE,WORSE
4117,2,56,69,26166,28084,1,FEASIBLE,WORSE
4118,2,56,70,27434,29257,0,CAPACITY_EXCEEDED,INVALID
4119,2,56,71,27183,29013,1,FEASIBLE,WORSE
4120,2,56,72,26981,28886,1,FEASIBLE,WORSE
4121,2,56,73,26994,28839,1,FEASIBLE,WORSE
4122,2,56,74,25824,27702,1,FEASIBLE,WORSE
4123,2,56,75,27064,28935,1,FEASIBLE,WORSE
4124,2,56,76,26788,28631,1,FEASIBLE,WORSE
4125,2,56,77,26684,28543,1,FEASIBLE,WORSE
4126,2,56,78,26988,28857,1,FEASIBLE,WORSE
4127,2,56,79,27411,29277,0,CAPACITY_EXCEEDED,INVALID
4128,2,56,80,25852,27771,1,FEASIBLE,WORSE
4129,2,56,81,26400,28317,1,FEASIBLE,WORSE
4130,2,56,82,27297,29182,1,FEASIBLE,WORSE
4131,2,56,83,25750,27645,1,FEASIBLE,WORSE
4132,2,56,84,27384,29249,0,CAPACITY_EXCEEDED,INVALID
4133,2,56,85,26284,28125,1,FEASIBLE,WORSE
4134,2,56,86,25731,27561,1,FEASIBLE,WORSE
4135,2,56,87,26417,28283,1,FEASIBLE,WORSE
4136,2,56,88,25823,27759,1,FEASIBLE,WORSE
4137,2,56,89,26202,28123,1,FEASIBLE,WORSE
4138,2,56,90,26249,28156,1,FEASIBLE,WORSE
4139,2,56,91,27352,29185,1,FEASIBLE,WORSE
4140,2,56,92,26583,28490,1,FEASIBLE,WORSE
4141,2,56,93,25953,27871,1,FEASIBLE,WORSE
4142,2,56,94,27330,29189,1,FEASIBLE,WORSE
4143,2,56,95,26721,28562,1,FEASIBLE,WORSE
4144,2,56,96,26265,28127,1,FEASIBLE,WORSE
4145,2,56,97,27357,29253,1,FEASIBLE,WORSE
4146,2,56,98,26053,27972,1,FEASIBLE,WORSE
4147,2,56,99,25759,27597,1,FEASIBLE,WORSE
4148,2,57,58,26346,28087,1,FEASIBLE,WORSE
4149,2,57,59,25993,27722,1,FEASIBLE,WORSE
4150,2,57,60,27638,29412,0,CAPACITY_EXCEEDED,INVALID
4151,2,57,61,26427,28266,1,FEASIBLE,WORSE
4152,2,57,62,27136,28914,1,FEASIBLE,WORSE
4153,2,57,63,26589,28399,1,FEASIBLE,WORSE
4154,2,57,64,26214,28017,1,FEASIBLE,WORSE
4155,2,57,65,26747,28515,1,FEASIBLE,WORSE
4156,2,57,66,26006,27792,1,FEASIBLE,WORSE
4157,2,57,67,27183,28962,1,FEASIBLE,WORSE
4158,2,57,68,26002,27845,1,FEASIBLE,WORSE
4159,2,57,69,26604,28427,1,FEASIBLE,WORSE
4160,2,57,70,27872,29600,0,CAPACITY_EXCEEDED,INVALID
4161,2,57,71,27621,29356,0,CAPACITY_EXCEEDED,INVALID
4162,2,57,72,27419,29229,0,CAPACITY_EXCEEDED,INVALID
4163,2,57,73,27432,29182,0,CAPACITY_EXCEEDED,INVALID
4164,2,57,74,26262,28045,1,FEASIBLE,WORSE
4165,2,57,75,27502,29278,0,CAPACITY_EXCEEDED,INVALID
4166,2,57,76,27226,28974,1,FEASIBLE,WORSE
4167,2,57,77,27122,28886,1,FEASIBLE,WORSE
4168,2,57,78,27426,29200,0,CAPACITY_EXCEEDED,INVALID
4169,2,57,79,27849,29620,0,CAPACITY_EXCEEDED,INVALID
4170,2,57,80,26290,28114,1,FEASIBLE,WORSE
4171,2,57,81,26838,28660,1,FEASIBLE,WORSE
4172,2,57,82,27735,29525,0,CAPACITY_EXCEEDED,INVALID
4173,2,57,83,26188,27988,1,FEASIBLE,WORSE
4174,2,57,84,27822,29592,0,CAPACITY_EXCEEDED,INVALID
4175,2,57,85,26722,28468,1,FEASIBLE,WORSE
4176,2,57,86,26169,27904,1,FEASIBLE,WORSE
4177,2,57,87,26855,28626,1,FEASIBLE,WORSE
4178,2,57,88,26261,28102,1,FEASIBLE,WORSE
4179,2,57,89,26640,28466,1,FEASIBLE,WORSE
4180,2,57,90,26687,28499,1,FEASIBLE,WORSE
4181,2,57,91,27790,29528,0,CAPACITY_EXCEEDED,INVALID
4182,2,57,92,27021,28833,1,FEASIBLE,WORSE
4183,2,57,93,26391,28214,1,FEASIBLE,WORSE
4184,2,57,94,27768,29532,0,CAPACITY_EXCEEDED,INVALID
4185,2,57,95,27159,28905,1,FEASIBLE,WORSE
4186,2,57,96,26703,28470,1,FEASIBLE,WORSE
4187,2,57,97,27795,29596,0,CAPACITY_EXCEEDED,INVALID
4188,2,57,98,26491,28315,1,FEASIBLE,WORSE
4189,2,57,99,26197,27940,1,FEASIBLE,WORSE
4190,2,58,59,25887,27626,1,FEASIBLE,WORSE
4191,2,58,60,27532,29316,0,CAPACITY_EXCEEDED,INVALID
4192,2,58,61,26321,28170,1,FEASIBLE,WORSE
4193,2,58,62,27030,28818,1,FEASIBLE,WORSE
4194,2,58,63,26483,28303,1,FEASIBLE,WORSE
4195,2,58,64,26108,27921,1,FEASIBLE,WORSE
4196,2,58,65,26641,28419,1,FEASIBLE,WORSE
4197,2,58,66,25900,27696,1,FEASIBLE,WORSE
4198,2,58,67,27077,28866,1,FEASIBLE,WORSE
4199,2,58,68,25896,27749,1,FEASIBLE,WORSE
4200,2,58,69,26498,28331,1,FEASIBLE,WORSE
4201,2,58,70,27766,29504,0,CAPACITY_EXCEEDED,INVALID
4202,2,58,71,27515,29260,0,CAPACITY_EXCEEDED,INVALID
4203,2,58,72,27313,29133,1,FEASIBLE,WORSE
4204,2,58,73,27326,29086,1,FEASIBLE,WORSE
4205,2,58,74,26156,27949,1,FEASIBLE,WORSE
4206,2,58,75,27396,29182,0,CAPACITY_EXCEEDED,INVALID
4207,2,58,76,27120,28878,1,FEASIBLE,WORSE
4208,2,58,77,27016,28790,1,FEASIBLE,WORSE
4209,2,58,78,27320,29104,1,FEASIBLE,WORSE
4210,2,58,79,27743,29524,0,CAPACITY_EXCEEDED,INVALID
4211,2,58,80,26184,28018,1,FEASIBLE,WORSE
4212,2,58,81,26732,28564,1,FEASIBLE,WORSE
4213,2,58,82,27629,29429,0,CAPACITY_EXCEEDED,INVALID
4214,2,58,83,26082,27892,1,FEASIBLE,WORSE
4215,2,58,84,27716,29496,0,CAPACITY_EXCEEDED,INVALID
4216,2,58,85,26616,28372,1,FEASIBLE,WORSE
4217,2,58,86,26063,27808,1,FEASIBLE,WORSE
4218,2,58,87,26749,28530,1,FEASIBLE,WORSE
4219,2,58,88,26155,28006,1,FEASIBLE,WORSE
4220,2,58,89,26534,28370,1,FEASIBLE,WORSE
4221,2,58,90,26581,28403,1,FEASIBLE,WORSE
4222,2,58,91,27684,29432,0,CAPACITY_EXCEEDED,INVALID
4223,2,58,92,26915,28737,1,FEASIBLE,WORSE
4224,2,58,93,26285,28118,1,FEASIBLE,WORSE
4225,2,58,94,27662,29436,0,CAPACITY_EXCEEDED,INVALID
4226,2,58,95,27053,28809,1,FEASIBLE,WORSE
4227,2,58,96,26597,28374,1,FEASIBLE,WORSE
4228,2,58,97,27689,29500,0,CAPACITY_EXCEEDED,INVALID
4229,2,58,98,26385,28219,1,FEASIBLE,WORSE
4230,2,58,99,26091,27844,1,FEASIBLE,WORSE
4231,2,59,60,27179,28951,1,FEASIBLE,WORSE
4232,2,59,61,25968,27805,1,FEASIBLE,WORSE
4233,2,59,62,26677,28453,1,FEASIBLE,WORSE
4234,2,59,63,26130,27938,1,FEASIBLE,WORSE
4235,2,59,64,25755,27556,1,FEASIBLE,WORSE
4236,2,59,65,26288,28054,1,FEASIBLE,WORSE
4237,2,59,66,25547,27331,1,FEASIBLE,WORSE
4238,2,59,67,26724,28501,1,FEASIBLE,WORSE
4239,2,59,68,25543,27384,1,FEASIBLE,WORSE
4240,2,59,69,26145,27966,1,FEASIBLE,WORSE
4241,2,59,70,27413,29139,0,CAPACITY_EXCEEDED,INVALID
4242,2,59,71,27162,28895,1,FEASIBLE,WORSE
4243,2,59,72,26960,28768,1,FEASIBLE,WORSE
4244,2,59,73,26973,28721,1,FEASIBLE,WORSE
4245,2,59,74,25803,27584,1,FEASIBLE,WORSE
4246,2,59,75,27043,28817,1,FEASIBLE,WORSE
4247,2,59,76,26767,28513,1,FEASIBLE,WORSE
4248,2,59,77,26663,28425,1,FEASIBLE,WORSE
4249,2,59,78,26967,28739,1,FEASIBLE,WORSE
4250,2,59,79,27390,29159,0,CAPACITY_EXCEEDED,INVALID
4251,2,59,80,25831,27653,1,FEASIBLE,WORSE
4252,2,59,81,26379,28199,1,FEASIBLE,WORSE
4253,2,59,82,27276,29064,1,FEASIBLE,WORSE
4254,2,59,83,25729,27527,1,FEASIBLE,WORSE
4255,2,59,84,27363,29131,1,FEASIBLE,WORSE
4256,2,59,85,26263,28007,1,FEASIBLE,WORSE
4257,2,59,86,25710,27443,1,FEASIBLE,WORSE
4258,2,59,87,26396,28165,1,FEASIBLE,WORSE
4259,2,59,88,25802,27641,1,FEASIBLE,WORSE
4260,2,59,89,26181,28005,1,FEASIBLE,WORSE
4261,2,59,90,26228,28038,1,FEASIBLE,WORSE
4262,2,59,91,27331,29067,1,FEASIBLE,WORSE
4263,2,59,92,26562,28372,1,FEASIBLE,WORSE
4264,2,59,93,25932,27753,1,FEASIBLE,WORSE
4265,2,59,94,27309,29071,1,FEASIBLE,WORSE
4266,2,59,95,26700,28444,1,FEASIBLE,WORSE
4267,2,59,96,26244,28009,1,FEASIBLE,WORSE
4268,2,59,97,27336,29135,1,FEASIBLE,WORSE
4269,2,59,98,26032,27854,1,FEASIBLE,WORSE
4270,2,59,99,25738,27479,1,FEASIBLE,WORSE
4271,2,60,61,27613,29495,0,CAPACITY_EXCEEDED,INVALID
4272,2,60,62,28322,30143,0,CAPACITY_EXCEEDED,INVALID
4273,2,60,63,27775,29628,0,CAPACITY_EXCEEDED,INVALID
4274,2,60,64,27400,29246,0,CAPACITY_EXCEEDED,INVALID
4275,2,60,65,27933,29744,0,CAPACITY_EXCEEDED,INVALID
4276,2,60,66,27192,29021,1,FEASIBLE,WORSE
4277,2,60,67,28369,30191,0,CAPACITY_EXCEEDED,INVALID
4278,2,60,68,27188,29074,1,FEASIBLE,WORSE
4279,2,60,69,27790,29656,0,CAPACITY_EXCEEDED,INVALID
4280,2,60,70,29058,30829,0,CAPACITY_EXCEEDED,INVALID
4281,2,60,71,28807,30585,0,CAPACITY_EXCEEDED,INVALID
4282,2,60,72,28605,30458,0,CAPACITY_EXCEEDED,INVALID
4283,2,60,73,28618,30411,0,CAPACITY_EXCEEDED,INVALID
4284,2,60,74,27448,29274,0,CAPACITY_EXCEEDED,INVALID
4285,2,60,75,28688,30507,0,CAPACITY_EXCEEDED,INVALID
4286,2,60,76,28412,30203,0,CAPACITY_EXCEEDED,INVALID
4287,2,60,77,28308,30115,0,CAPACITY_EXCEEDED,INVALID
4288,2,60,78,28612,30429,0,CAPACITY_EXCEEDED,INVALID
4289,2,60,79,29035,30849,0,CAPACITY_EXCEEDED,INVALID
4290,2,60,80,27476,29343,0,CAPACITY_EXCEEDED,INVALID
4291,2,60,81,28024,29889,0,CAPACITY_EXCEEDED,INVALID
4292,2,60,82,28921,30754,0,CAPACITY_EXCEEDED,INVALID
4293,2,60,83,27374,29217,1,FEASIBLE,WORSE
4294,2,60,84,29008,30821,0,CAPACITY_EXCEEDED,INVALID
4295,2,60,85,27908,29697,0,CAPACITY_EXCEEDED,INVALID
4296,2,60,86,27355,29133,1,FEASIBLE,WORSE
4297,2,60,87,28041,29855,0,CAPACITY_EXCEEDED,INVALID
4298,2,60,88,27447,29331,0,CAPACITY_EXCEEDED,INVALID
4299,2,60,89,27826,29695,0,CAPACITY_EXCEEDED,INVALID
4300,2,60,90,27873,29728,0,CAPACITY_EXCEEDED,INVALID
4301,2,60,91,28976,30757,0,CAPACITY_EXCEEDED,INVALID
4302,2,60,92,28207,30062,0,CAPACITY_EXCEEDED,INVALID
4303,2,60,93,27577,29443,0,CAPACITY_EXCEEDED,INVALID
4304,2,60,94,28954,30761,0,CAPACITY_EXCEEDED,INVALID
4305,2,60,95,28345,30134,0,CAPACITY_EXCEEDED,INVALID
4306,2,60,96,27889,29699,0,CAPACITY_EXCEEDED,INVALID
4307,2,60,97,28981,30825,0,CAPACITY_EXCEEDED,INVALID
4308,2,60,98,27677,29544,0,CAPACITY_EXCEEDED,INVALID
4309,2,60,99,27383,29169,0,CAPACITY_EXCEEDED,INVALID
4310,2,61,62,27111,28997,1,FEASIBLE,WORSE
4311,2,61,63,26564,28482,1,FEASIBLE,WORSE
4312,2,61,64,26189,28100,1,FEASIBLE,WORSE
4313,2,61,65,26722,28598,1,FEASIBLE,WORSE
4314,2,61,66,25981,27875,1,FEASIBLE,WORSE
4315,2,61,67,27158,29045,1,FEASIBLE,WORSE
4316,2,61,68,25977,27928,1,FEASIBLE,WORSE
4317,2,61,69,26579,28510,1,FEASIBLE,WORSE
4318,2,61,70,27847,29683,0,CAPACITY_EXCEEDED,INVALID
4319,2,61,71,27596,29439,0,CAPACITY_EXCEEDED,INVALID
4320,2,61,72,27394,29312,0,CAPACITY_EXCEEDED,INVALID
4321,2,61,73,27407,29265,0,CAPACITY_EXCEEDED,INVALID
4322,2,61,74,26237,28128,1,FEASIBLE,WORSE
4323,2,61,75,27477,29361,0,CAPACITY_EXCEEDED,INVALID
4324,2,61,76,27201,29057,1,FEASIBLE,WORSE
4325,2,61,77,27097,28969,1,FEASIBLE,WORSE
4326,2,61,78,27401,29283,0,CAPACITY_EXCEEDED,INVALID
4327,2,61,79,27824,29703,0,CAPACITY_EXCEEDED,INVALID
4328,2,61,80,26265,28197,1,FEASIBLE,WORSE
4329,2,61,81,26813,28743,1,FEASIBLE,WORSE
4330,2,61,82,27710,29608,0,CAPACITY_EXCEEDED,INVALID
4331,2,61,83,26163,28071,1,FEASIBLE,WORSE
4332,2,61,84,27797,29675,0,CAPACITY_EXCEEDED,INVALID
4333,2,61,85,26697,28551,1,FEASIBLE,WORSE
4334,2,61,86,26144,27987,1,FEASIBLE,WORSE
4335,2,61,87,26830,28709,1,FEASIBLE,WORSE
4336,2,61,88,26236,28185,1,FEASIBLE,WORSE
4337,2,61,89,26615,28549,1,FEASIBLE,WORSE
4338,2,61,90,26662,28582,1,FEASIBLE,WORSE
4339,2,61,91,27765,29611,0,CAPACITY_EXCEEDED,INVALID
4340,2,61,92,26996,28916,1,FEASIBLE,WORSE
4341,2,61,93,26366,28297,1,FEASIBLE,WORSE
4342,2,61,94,27743,29615,0,CAPACITY_EXCEEDED,INVALID
4343,2,61,95,27134,28988,1,FEASIBLE,WORSE
4344,2,61,96,26678,28553,1,FEASIBLE,WORSE
4345,2,61,97,27770,29679,0,CAPACITY_EXCEEDED,INVALID
4346,2,61,98,26466,28398,1,FEASIBLE,WORSE
4347,2,61,99,26172,28023,1,FEASIBLE,WORSE
4348,2,62,63,27273,29130,1,FEASIBLE,WORSE
4349,2,62,64,26898,28748,1,FEASIBLE,WORSE
4350,2,62,65,27431,29246,0,CAPACITY_EXCEEDED,INVALID
4351,2,62,66,26690,28523,1,FEASIBLE,WORSE
4352,2,62,67,27867,29693,0,CAPACITY_EXCEEDED,INVALID
4353,2,62,68,26686,28576,1,FEASIBLE,WORSE
4354,2,62,69,27288,29158,1,FEASIBLE,WORSE
4355,2,62,70,28556,30331,0,CAPACITY_EXCEEDED,INVALID
4356,2,62,71,28305,30087,0,CAPACITY_EXCEEDED,INVALID
4357,2,62,72,28103,29960,0,CAPACITY_EXCEEDED,INVALID
4358,2,62,73,28116,29913,0,CAPACITY_EXCEEDED,INVALID
4359,2,62,74,26946,28776,1,FEASIBLE,WORSE
4360,2,62,75,28186,30009,0,CAPACITY_EXCEEDED,INVALID
4361,2,62,76,27910,29705,0,CAPACITY_EXCEEDED,INVALID
4362,2,62,77,27806,29617,0,CAPACITY_EXCEEDED,INVALID
4363,2,62,78,28110,29931,0,CAPACITY_EXCEEDED,INVALID
4364,2,62,79,28533,30351,0,CAPACITY_EXCEEDED,INVALID
4365,2,62,80,26974,28845,1,FEASIBLE,WORSE
4366,2,62,81,27522,29391,0,CAPACITY_EXCEEDED,INVALID
4367,2,62,82,28419,30256,0,CAPACITY_EXCEEDED,INVALID
4368,2,62,83,26872,28719,1,FEASIBLE,WORSE
4369,2,62,84,28506,30323,0,CAPACITY_EXCEEDED,INVALID
4370,2,62,85,27406,29199,0,CAPACITY_EXCEEDED,INVALID
4371,2,62,86,26853,28635,1,FEASIBLE,WORSE
4372,2,62,87,27539,29357,0,CAPACITY_EXCEEDED,INVALID
4373,2,62,88,26945,28833,1,FEASIBLE,WORSE
4374,2,62,89,27324,29197,1,FEASIBLE,WORSE
4375,2,62,90,27371,29230,1,FEASIBLE,WORSE
4376,2,62,91,28474,30259,0,CAPACITY_EXCEEDED,INVALID
4377,2,62,92,27705,29564,0,CAPACITY_EXCEEDED,INVALID
4378,2,62,93,27075,28945,1,FEASIBLE,WORSE
4379,2,62,94,28452,30263,0,CAPACITY_EXCEEDED,INVALID
4380,2,62,95,27843,29636,0,CAPACITY_EXCEEDED,INVALID
4381,2,62,96,27387,29201,0,CAPACITY_EXCEEDED,INVALID
4382,2,62,97,28479,30327,0,CAPACITY_EXCEEDED,INVALID
4383,2,62,98,27175,29046,1,FEASIBLE,WORSE
4384,2,62,99,26881,28671,1,FEASIBLE,WORSE
4385,2,63,64,26351,28233,1,FEASIBLE,WORSE
4386,2,63,65,26884,28731,1,FEASIBLE,WORSE
4387,2,63,66,26143,28008,1,FEASIBLE,WORSE
4388,2,63,67,27320,29178,1,FEASIBLE,WORSE
4389,2,63,68,26139,28061,1,FEASIBLE,WORSE
4390,2,63,69,26741,28643,1,FEASIBLE,WORSE
4391,2,63,70,28009,29816,0,CAPACITY_EXCEEDED,INVALID
4392,2,63,71,27758,29572,0,CAPACITY_EXCEEDED,INVALID
4393,2,63,72,27556,29445,0,CAPACITY_EXCEEDED,INVALID
4394,2,63,73,27569,29398,0,CAPACITY_EXCEEDED,INVALID
4395,2,63,74,26399,28261,1,FEASIBLE,WORSE
4396,2,63,75,27639,29494,0,CAPACITY_EXCEEDED,INVALID
4397,2,63,76,27363,29190,1,FEASIBLE,WORSE
4398,2,63,77,27259,29102,1,FEASIBLE,WORSE
4399,2,63,78,27563,29416,0,CAPACITY_EXCEEDED,INVALID
4400,2,63,79,27986,29836,0,CAPACITY_EXCEEDED,INVALID
4401,2,63,80,26427,28330,1,FEASIBLE,WORSE
4402,2,63,81,26975,28876,1,FEASIBLE,WORSE
4403,2,63,82,27872,29741,0,CAPACITY_EXCEEDED,INVALID
4404,2,63,83,26325,28204,1,FEASIBLE,WORSE
4405,2,63,84,27959,29808,0,CAPACITY_EXCEEDED,INVALID
4406,2,63,85,26859,28684,1,FEASIBLE,WORSE
4407,2,63,86,26306,28120,1,FEASIBLE,WORSE
4408,2,63,87,26992,28842,1,FEASIBLE,WORSE
4409,2,63,88,26398,28318,1,FEASIBLE,WORSE
4410,2,63,89,26777,28682,1,FEASIBLE,WORSE
4411,2,63,90,26824,28715,1,FEASIBLE,WORSE
4412,2,63,91,27927,29744,0,CAPACITY_EXCEEDED,INVALID
4413,2,63,92,27158,29049,1,FEASIBLE,WORSE
4414,2,63,93,26528,28430,1,FEASIBLE,WORSE
4415,2,63,94,27905,29748,0,CAPACITY_EXCEEDED,INVALID
4416,2,63,95,27296,29121,1,FEASIBLE,WORSE
4417,2,63,96,26840,28686,1,FEASIBLE,WORSE
4418,2,63,97,27932,29812,0,CAPACITY_EXCEEDED,INVALID
4419,2,63,98,26628,28531,1,FEASIBLE,WORSE
4420,2,63,99,26334,28156,1,FEASIBLE,WORSE
4421,2,64,65,26509,28349,1,FEASIBLE,WORSE
4422,2,64,66,25768,27626,1,FEASIBLE,WORSE
4423,2,64,67,26945,28796,1,FEASIBLE,WORSE
4424,2,64,68,25764,27679,1,FEASIBLE,WORSE
4425,2,64,69,26366,28261,1,FEASIBLE,WORSE
4426,2,64,70,27634,29434,0,CAPACITY_EXCEEDED,INVALID
4427,2,64,71,27383,29190,0,CAPACITY_EXCEEDED,INVALID
4428,2,64,72,27181,29063,1,FEASIBLE,WORSE
4429,2,64,73,27194,29016,1,FEASIBLE,WORSE
4430,2,64,74,26024,27879,1,FEASIBLE,WORSE
4431,2,64,75,27264,29112,1,FEASIBLE,WORSE
4432,2,64,76,26988,28808,1,FEASIBLE,WORSE
4433,2,64,77,26884,28720,1,FEASIBLE,WORSE
4434,2,64,78,27188,29034,1,FEASIBLE,WORSE
4435,2,64,79,27611,29454,0,CAPACITY_EXCEEDED,INVALID
4436,2,64,80,26052,27948,1,FEASIBLE,WORSE
4437,2,64,81,26600,28494,1,FEASIBLE,WORSE
4438,2,64,82,27497,29359,0,CAPACITY_EXCEEDED,INVALID
4439,2,64,83,25950,27822,1,FEASIBLE,WORSE
4440,2,64,84,27584,29426,0,CAPACITY_EXCEEDED,INVALID
4441,2,64,85,26484,28302,1,FEASIBLE,WORSE
4442,2,64,86,25931,27738,1,FEASIBLE,WORSE
4443,2,64,87,26617,28460,1,FEASIBLE,WORSE
4444,2,64,88,26023,27936,1,FEASIBLE,WORSE
4445,2,64,89,26402,28300,1,FEASIBLE,WORSE
4446,2,64,90,26449,28333,1,FEASIBLE,WORSE
4447,2,64,91,27552,29362,0,CAPACITY_EXCEEDED,INVALID
4448,2,64,92,26783,28667,1,FEASIBLE,WORSE
4449,2,64,93,26153,28048,1,FEASIBLE,WORSE
4450,2,64,94,27530,29366,0,CAPACITY_EXCEEDED,INVALID
4451,2,64,95,26921,28739,1,FEASIBLE,WORSE
4452,2,64,96,26465,28304,1,FEASIBLE,WORSE
4453,2,64,97,27557,29430,0,CAPACITY_EXCEEDED,INVALID
4454,2,64,98,26253,28149,1,FEASIBLE,WORSE
4455,2,64,99,25959,27774,1,FEASIBLE,WORSE
4456,2,65,66,26301,28124,1,FEASIBLE,WORSE
4457,2,65,67,27478,29294,0,CAPACITY_EXCEEDED,INVALID
4458,2,65,68,26297,28177,1,FEASIBLE,WORSE
4459,2,65,69,26899,28759,1,FEASIBLE,WORSE
4460,2,65,70,28167,29932,0,CAPACITY_EXCEEDED,INVALID
4461,2,65,71,27916,29688,0,CAPACITY_EXCEEDED,INVALID
4462,2,65,72,27714,29561,0,CAPACITY_EXCEEDED,INVALID
4463,2,65,73,27727,29514,0,CAPACITY_EXCEEDED,INVALID
4464,2,65,74,26557,28377,1,FEASIBLE,WORSE
4465,2,65,75,27797,29610,0,CAPACITY_EXCEEDED,INVALID
4466,2,65,76,27521,29306,0,CAPACITY_EXCEEDED,INVALID
4467,2,65,77,27417,29218,0,CAPACITY_EXCEEDED,INVALID
4468,2,65,78,27721,29532,0,CAPACITY_EXCEEDED,INVALID
4469,2,65,79,28144,29952,0,CAPACITY_EXCEEDED,INVALID
4470,2,65,80,26585,28446,1,FEASIBLE,WORSE
4471,2,65,81,27133,28992,1,FEASIBLE,WORSE
4472,2,65,82,28030,29857,0,CAPACITY_EXCEEDED,INVALID
4473,2,65,83,26483,28320,1,FEASIBLE,WORSE
4474,2,65,84,28117,29924,0,CAPACITY_EXCEEDED,INVALID
4475,2,65,85,27017,28800,1,FEASIBLE,WORSE
4476,2,65,86,26464,28236,1,FEASIBLE,WORSE
4477,2,65,87,27150,28958,1,FEASIBLE,WORSE
4478,2,65,88,26556,28434,1,FEASIBLE,WORSE
4479,2,65,89,26935,28798,1,FEASIBLE,WORSE
4480,2,65,90,26982,28831,1,FEASIBLE,WORSE
4481,2,65,91,28085,29860,0,CAPACITY_EXCEEDED,INVALID
4482,2,65,92,27316,29165,1,FEASIBLE,WORSE
4483,2,65,93,26686,28546,1,FEASIBLE,WORSE
4484,2,65,94,28063,29864,0,CAPACITY_EXCEEDED,INVALID
4485,2,65,95,27454,29237,0,CAPACITY_EXCEEDED,INVALID
4486,2,65,96,26998,28802,1,FEASIBLE,WORSE
4487,2,65,97,28090,29928,0,CAPACITY_EXCEEDED,INVALID
4488,2,65,98,26786,28647,1,FEASIBLE,WORSE
4489,2,65,99,26492,28272,1,FEASIBLE,WORSE
4490,2,66,67,26737,28571,1,FEASIBLE,WORSE
4491,2,66,68,25556,27454,1,FEASIBLE,WORSE
4492,2,66,69,26158,28036,1,FEASIBLE,WORSE
4493,2,66,70,27426,29209,0,CAPACITY_EXCEEDED,INVALID
4494,2,66,71,27175,28965,1,FEASIBLE,WORSE
4495,2,66,72,26973,28838,1,FEASIBLE,WORSE
4496,2,66,73,26986,28791,1,FEASIBLE,WORSE
4497,2,66,74,25816,27654,1,FEASIBLE,WORSE
4498,2,66,75,27056,28887,1,FEASIBLE,WORSE
4499,2,66,76,26780,28583,1,FEASIBLE,WORSE
4500,2,66,77,26676,28495,1,FEASIBLE,WORSE
4501,2,66,78,26980,28809,1,FEASIBLE,WORSE
4502,2,66,79,27403,29229,0,CAPACITY_EXCEEDED,INVALID
4503,2,66,80,25844,27723,1,FEASIBLE,WORSE
4504,2,66,81,26392,28269,1,FEASIBLE,WORSE
4505,2,66,82,27289,29134,1,FEASIBLE,WORSE
4506,2,66,83,25742,27597,1,FEASIBLE,WORSE
4507,2,66,84,27376,29201,1,FEASIBLE,WORSE
4508,2,66,85,26276,28077,1,FEASIBLE,WORSE
4509,2,66,86,25723,27513,1,FEASIBLE,WORSE
4510,2,66,87,26409,28235,1,FEASIBLE,WORSE
4511,2,66,88,25815,27711,1,FEASIBLE,WORSE
4512,2,66,89,26194,28075,1,FEASIBLE,WORSE
4513,2,66,90,26241,28108,1,FEASIBLE,WORSE
4514,2,66,91,27344,29137,1,FEASIBLE,WORSE
4515,2,66,92,26575,28442,1,FEASIBLE,WORSE
4516,2,66,93,25945,27823,1,FEASIBLE,WORSE
4517,2,66,94,27322,29141,1,FEASIBLE,WORSE
4518,2,66,95,26713,28514,1,FEASIBLE,WORSE
4519,2,66,96,26257,28079,1,FEASIBLE,WORSE
4520,2,66,97,27349,29205,1,FEASIBLE,WORSE
4521,2,66,98,26045,27924,1,FEASIBLE,WORSE
4522,2,66,99,25751,27549,1,FEASIBLE,WORSE
4523,2,67,68,26733,28624,1,FEASIBLE,WORSE
4524,2,67,69,27335,29206,1,FEASIBLE,WORSE
4525,2,67,70,28603,30379,0,CAPACITY_EXCEEDED,INVALID
4526,2,67,71,28352,30135,0,CAPACITY_EXCEEDED,INVALID
4527,2,67,72,28150,30008,0,CAPACITY_EXCEEDED,INVALID
4528,2,67,73,28163,29961,0,CAPACITY_EXCEEDED,INVALID
4529,2,67,74,26993,28824,1,FEASIBLE,WORSE
4530,2,67,75,28233,30057,0,CAPACITY_EXCEEDED,INVALID
4531,2,67,76,27957,29753,0,CAPACITY_EXCEEDED,INVALID
4532,2,67,77,27853,29665,0,CAPACITY_EXCEEDED,INVALID
4533,2,67,78,28157,29979,0,CAPACITY_EXCEEDED,INVALID
4534,2,67,79,28580,30399,0,CAPACITY_EXCEEDED,INVALID
4535,2,67,80,27021,28893,1,FEASIBLE,WORSE
4536,2,67,81,27569,29439,0,CAPACITY_EXCEEDED,INVALID
4537,2,67,82,28466,30304,0,CAPACITY_EXCEEDED,INVALID
4538,2,67,83,26919,28767,1,FEASIBLE,WORSE
4539,2,67,84,28553,30371,0,CAPACITY_EXCEEDED,INVALID
4540,2,67,85,27453,29247,0,CAPACITY_EXCEEDED,INVALID
4541,2,67,86,26900,28683,1,FEASIBLE,WORSE
4542,2,67,87,27586,29405,0,CAPACITY_EXCEEDED,INVALID
4543,2,67,88,26992,28881,1,FEASIBLE,WORSE
4544,2,67,89,27371,29245,1,FEASIBLE,WORSE
4545,2,67,90,27418,29278,0,CAPACITY_EXCEEDED,INVALID
4546,2,67,91,28521,30307,0,CAPACITY_EXCEEDED,INVALID
4547,2,67,92,27752,29612,0,CAPACITY_EXCEEDED,INVALID
4548,2,67,93,27122,28993,1,FEASIBLE,WORSE
4549,2,67,94,28499,30311,0,CAPACITY_EXCEEDED,INVALID
4550,2,67,95,27890,29684,0,CAPACITY_EXCEEDED,INVALID
4551,2,67,96,27434,29249,0,CAPACITY_EXCEEDED,INVALID
4552,2,67,97,28526,30375,0,CAPACITY_EXCEEDED,INVALID
4553,2,67,98,27222,29094,1,FEASIBLE,WORSE
4554,2,67,99,26928,28719,1,FEASIBLE,WORSE
4555,2,68,69,26154,28089,1,FEASIBLE,WORSE
4556,2,68,70,27422,29262,0,CAPACITY_EXCEEDED,INVALID
4557,2,68,71,27171,29018,1,FEASIBLE,WORSE
4558,2,68,72,26969,28891,1,FEASIBLE,WORSE
4559,2,68,73,26982,28844,1,FEASIBLE,WORSE
4560,2,68,74,25812,27707,1,FEASIBLE,WORSE
4561,2,68,75,27052,28940,1,FEASIBLE,WORSE
4562,2,68,76,26776,28636,1,FEASIBLE,WORSE
4563,2,68,77,26672,28548,1,FEASIBLE,WORSE
4564,2,68,78,26976,28862,1,FEASIBLE,WORSE
4565,2,68,79,27399,29282,0,CAPACITY_EXCEEDED,INVALID
4566,2,68,80,25840,27776,1,FEASIBLE,WORSE
4567,2,68,81,26388,28322,1,FEASIBLE,WORSE
4568,2,68,82,27285,29187,1,FEASIBLE,WORSE
4569,2,68,83,25738,27650,1,FEASIBLE,WORSE
4570,2,68,84,27372,29254,1,FEASIBLE,WORSE
4571,2,68,85,26272,28130,1,FEASIBLE,WORSE
4572,2,68,86,25719,27566,1,FEASIBLE,WORSE
4573,2,68,87,26405,28288,1,FEASIBLE,WORSE
4574,2,68,88,25811,27764,1,FEASIBLE,WORSE
4575,2,68,89,26190,28128,1,FEASIBLE,WORSE
4576,2,68,90,26237,28161,1,FEASIBLE,WORSE
4577,2,68,91,27340,29190,1,FEASIBLE,WORSE
4578,2,68,92,26571,28495,1,FEASIBLE,WORSE
4579,2,68,93,25941,27876,1,FEASIBLE,WORSE
4580,2,68,94,27318,29194,1,FEASIBLE,WORSE
4581,2,68,95,26709,28567,1,FEASIBLE,WORSE
4582,2,68,96,26253,28132,1,FEASIBLE,WORSE
4583,2,68,97,27345,29258,1,FEASIBLE,WORSE
4584,2,68,98,26041,27977,1,FEASIBLE,WORSE
4585,2,68,99,25747,27602,1,FEASIBLE,WORSE
4586,2,69,70,28024,29844,0,CAPACITY_EXCEEDED,INVALID
4587,2,69,71,27773,29600,0,CAPACITY_EXCEEDED,INVALID
4588,2,69,72,27571,29473,0,CAPACITY_EXCEEDED,INVALID
4589,2,69,73,27584,29426,0,CAPACITY_EXCEEDED,INVALID
4590,2,69,74,26414,28289,1,FEASIBLE,WORSE
4591,2,69,75,27654,29522,0,CAPACITY_EXCEEDED,INVALID
4592,2,69,76,27378,29218,1,FEASIBLE,WORSE
4593,2,69,77,27274,29130,1,FEASIBLE,WORSE
4594,2,69,78,27578,29444,0,CAPACITY_EXCEEDED,INVALID
4595,2,69,79,28001,29864,0,CAPACITY_EXCEEDED,INVALID
4596,2,69,80,26442,28358,1,FEASIBLE,WORSE
4597,2,69,81,26990,28904,1,FEASIBLE,WORSE
4598,2,69,82,27887,29769,0,CAPACITY_EXCEEDED,INVALID
4599,2,69,83,26340,28232,1,FEASIBLE,WORSE
4600,2,69,84,27974,29836,0,CAPACITY_EXCEEDED,INVALID
4601,2,69,85,26874,28712,1,FEASIBLE,WORSE
4602,2,69,86,26321,28148,1,FEASIBLE,WORSE
4603,2,69,87,27007,28870,1,FEASIBLE,WORSE
4604,2,69,88,26413,28346,1,FEASIBLE,WORSE
4605,2,69,89,26792,28710,1,FEASIBLE,WORSE
4606,2,69,90,26839,28743,1,FEASIBLE,WORSE
4607,2,69,91,27942,29772,0,CAPACITY_EXCEEDED,INVALID
4608,2,69,92,27173,29077,1,FEASIBLE,WORSE
4609,2,69,93,26543,28458,1,FEASIBLE,WORSE
4610,2,69,94,27920,29776,0,CAPACITY_EXCEEDED,INVALID
4611,2,69,95,27311,29149,1,FEASIBLE,WORSE
4612,2,69,96,26855,28714,1,FEASIBLE,WORSE
4613,2,69,97,27947,29840,0,CAPACITY_EXCEEDED,INVALID
4614,2,69,98,26643,28559,1,FEASIBLE,WORSE
4615,2,69,99,26349,28184,1,FEASIBLE,WORSE
4616,2,70,71,29041,30773,0,CAPACITY_EXCEEDED,INVALID
4617,2,70,72,28839,30646,0,CAPACITY_EXCEEDED,INVALID
4618,2,70,73,28852,30599,0,CAPACITY_EXCEEDED,INVALID
4619,2,70,74,27682,29462,0,CAPACITY_EXCEEDED,INVALID
4620,2,70,75,28922,30695,0,CAPACITY_EXCEEDED,INVALID
4621,2,70,76,28646,30391,0,CAPACITY_EXCEEDED,INVALID
4622,2,70,77,28542,30303,0,CAPACITY_EXCEEDED,INVALID
4623,2,70,78,28846,30617,0,CAPACITY_EXCEEDED,INVALID
4624,2,70,79,29269,31037,0,CAPACITY_EXCEEDED,INVALID
4625,2,70,80,27710,29531,0,CAPACITY_EXCEEDED,INVALID
4626,2,70,81,28258,30077,0,CAPACITY_EXCEEDED,INVALID
4627,2,70,82,29155,30942,0,CAPACITY_EXCEEDED,INVALID
4628,2,70,83,27608,29405,0,CAPACITY_EXCEEDED,INVALID
4629,2,70,84,29242,31009,0,CAPACITY_EXCEEDED,INVALID
4630,2,70,85,28142,29885,0,CAPACITY_EXCEEDED,INVALID
4631,2,70,86,27589,29321,0,CAPACITY_EXCEEDED,INVALID
4632,2,70,87,28275,30043,0,CAPACITY_EXCEEDED,INVALID
4633,2,70,88,27681,29519,0,CAPACITY_EXCEEDED,INVALID
4634,2,70,89,28060,29883,0,CAPACITY_EXCEEDED,INVALID
4635,2,70,90,28107,29916,0,CAPACITY_EXCEEDED,INVALID
4636,2,70,91,29210,30945,0,CAPACITY_EXCEEDED,INVALID
4637,2,70,92,28441,30250,0,CAPACITY_EXCEEDED,INVALID
4638,2,70,93,27811,29631,0,CAPACITY_EXCEEDED,INVALID
4639,2,70,94,29188,30949,0,CAPACITY_EXCEEDED,INVALID
4640,2,70,95,28579,30322,0,CAPACITY_EXCEEDED,INVALID
4641,2,70,96,28123,29887,0,CAPACITY_EXCEEDED,INVALID
4642,2,70,97,29215,31013,0,CAPACITY_EXCEEDED,INVALID
4643,2,70,98,27911,29732,0,CAPACITY_EXCEEDED,INVALID
4644,2,70,99,27617,29357,0,CAPACITY_EXCEEDED,INVALID
4645,2,71,72,28588,30402,0,CAPACITY_EXCEEDED,INVALID
4646,2,71,73,28601,30355,0,CAPACITY_EXCEEDED,INVALID
4647,2,71,74,27431,29218,0,CAPACITY_EXCEEDED,INVALID
4648,2,71,75,28671,30451,0,CAPACITY_EXCEEDED,INVALID
4649,2,71,76,28395,30147,0,CAPACITY_EXCEEDED,INVALID
4650,2,71,77,28291,30059,0,CAPACITY_EXCEEDED,INVALID
4651,2,71,78,28595,30373,0,CAPACITY_EXCEEDED,INVALID
4652,2,71,79,29018,30793,0,CAPACITY_EXCEEDED,INVALID
4653,2,71,80,27459,29287,0,CAPACITY_EXCEEDED,INVALID
4654,2,71,81,28007,29833,0,CAPACITY_EXCEEDED,INVALID
4655,2,71,82,28904,30698,0,CAPACITY_EXCEEDED,INVALID
4656,2,71,83,27357,29161,1,FEASIBLE,WORSE
4657,2,71,84,28991,30765,0,CAPACITY_EXCEEDED,INVALID
4658,2,71,85,27891,29641,0,CAPACITY_EXCEEDED,INVALID
4659,2,71,86,27338,29077,1,FEASIBLE,WORSE
4660,2,71,87,28024,29799,0,CAPACITY_EXCEEDED,INVALID
4661,2,71,88,27430,29275,0,CAPACITY_EXCEEDED,INVALID
4662,2,71,89,27809,29639,0,CAPACITY_EXCEEDED,INVALID
4663,2,71,90,27856,29672,0,CAPACITY_EXCEEDED,INVALID
4664,2,71,91,28959,30701,0,CAPACITY_EXCEEDED,INVALID
4665,2,71,92,28190,30006,0,CAPACITY_EXCEEDED,INVALID
4666,2,71,93,27560,29387,0,CAPACITY_EXCEEDED,INVALID
4667,2,71,94,28937,30705,0,CAPACITY_EXCEEDED,INVALID
4668,2,71,95,28328,30078,0,CAPACITY_EXCEEDED,INVALID
4669,2,71,96,27872,29643,0,CAPACITY_EXCEEDED,INVALID
4670,2,71,97,28964,30769,0,CAPACITY_EXCEEDED,INVALID
4671,2,71,98,27660,29488,0,CAPACITY_EXCEEDED,INVALID
4672,2,71,99,27366,29113,1,FEASIBLE,WORSE
4673,2,72,73,28399,30228,0,CAPACITY_EXCEEDED,INVALID
4674,2,72,74,27229,29091,1,FEASIBLE,WORSE
4675,2,72,75,28469,30324,0,CAPACITY_EXCEEDED,INVALID
4676,2,72,76,28193,30020,0,CAPACITY_EXCEEDED,INVALID
4677,2,72,77,28089,29932,0,CAPACITY_EXCEEDED,INVALID
4678,2,72,78,28393,30246,0,CAPACITY_EXCEEDED,INVALID
4679,2,72,79,28816,30666,0,CAPACITY_EXCEEDED,INVALID
4680,2,72,80,27257,29160,1,FEASIBLE,WORSE
4681,2,72,81,27805,29706,0,CAPACITY_EXCEEDED,INVALID
4682,2,72,82,28702,30571,0,CAPACITY_EXCEEDED,INVALID
4683,2,72,83,27155,29034,1,FEASIBLE,WORSE
4684,2,72,84,28789,30638,0,CAPACITY_EXCEEDED,INVALID
4685,2,72,85,27689,29514,0,CAPACITY_EXCEEDED,INVALID
4686,2,72,86,27136,28950,1,FEASIBLE,WORSE
4687,2,72,87,27822,29672,0,CAPACITY_EXCEEDED,INVALID
4688,2,72,88,27228,29148,1,FEASIBLE,WORSE
4689,2,72,89,27607,29512,0,CAPACITY_EXCEEDED,INVALID
4690,2,72,90,27654,29545,0,CAPACITY_EXCEEDED,INVALID
4691,2,72,91,28757,30574,0,CAPACITY_EXCEEDED,INVALID
4692,2,72,92,27988,29879,0,CAPACITY_EXCEEDED,INVALID
4693,2,72,93,27358,29260,1,FEASIBLE,WORSE
4694,2,72,94,28735,30578,0,CAPACITY_EXCEEDED,INVALID
4695,2,72,95,28126,29951,0,CAPACITY_EXCEEDED,INVALID
4696,2,72,96,27670,29516,0,CAPACITY_EXCEEDED,INVALID
4697,2,72,97,28762,30642,0,CAPACITY_EXCEEDED,INVALID
4698,2,72,98,27458,29361,0,CAPACITY_EXCEEDED,INVALID
4699,2,72,99,27164,28986,1,FEASIBLE,WORSE
4700,2,73,74,27242,29044,1,FEASIBLE,WORSE
4701,2,73,75,28482,30277,0,CAPACITY_EXCEEDED,INVALID
4702,2,73,76,28206,29973,0,CAPACITY_EXCEEDED,INVALID
4703,2,73,77,28102,29885,0,CAPACITY_EXCEEDED,INVALID
4704,2,73,78,28406,30199,0,CAPACITY_EXCEEDED,INVALID
4705,2,73,79,28829,30619,0,CAPACITY_EXCEEDED,INVALID
4706,2,73,80,27270,29113,1,FEASIBLE,WORSE
4707,2,73,81,27818,29659,0,CAPACITY_EXCEEDED,INVALID
4708,2,73,82,28715,30524,0,CAPACITY_EXCEEDED,INVALID
4709,2,73,83,27168,28987,1,FEASIBLE,WORSE
4710,2,73,84,28802,30591,0,CAPACITY_EXCEEDED,INVALID
4711,2,73,85,27702,29467,0,CAPACITY_EXCEEDED,INVALID
4712,2,73,86,27149,28903,1,FEASIBLE,WORSE
4713,2,73,87,27835,29625,0,CAPACITY_EXCEEDED,INVALID
4714,2,73,88,27241,29101,1,FEASIBLE,WORSE
4715,2,73,89,27620,29465,0,CAPACITY_EXCEEDED,INVALID
4716,2,73,90,27667,29498,0,CAPACITY_EXCEEDED,INVALID
4717,2,73,91,28770,30527,0,CAPACITY_EXCEEDED,INVALID
4718,2,73,92,28001,29832,0,CAPACITY_EXCEEDED,INVALID
4719,2,73,93,27371,29213,1,FEASIBLE,WORSE
4720,2,73,94,28748,30531,0,CAPACITY_EXCEEDED,INVALID
4721,2,73,95,28139,29904,0,CAPACITY_EXCEEDED,INVALID
4722,2,73,96,27683,29469,0,CAPACITY_EXCEEDED,INVALID
4723,2,73,97,28775,30595,0,CAPACITY_EXCEEDED,INVALID
4724,2,73,98,27471,29314,0,CAPACITY_EXCEEDED,INVALID
4725,2,73,99,27177,28939,1,FEASIBLE,WORSE
4726,2,74,75,27312,29140,1,FEASIBLE,WORSE
4727,2,74,76,27036,28836,1,FEASIBLE,WORSE
4728,2,74,77,26932,28748,1,FEASIBLE,WORSE
4729,2,74,78,27236,29062,1,FEASIBLE,WORSE
4730,2,74,79,27659,29482,0,CAPACITY_EXCEEDED,INVALID
4731,2,74,80,26100,27976,1,FEASIBLE,WORSE
4732,2,74,81,26648,28522,1,FEASIBLE,WORSE
4733,2,74,82,27545,29387,0,CAPACITY_EXCEEDED,INVALID
4734,2,74,83,25998,27850,1,FEASIBLE,WORSE
4735,2,74,84,27632,29454,0,CAPACITY_EXCEEDED,INVALID
4736,2,74,85,26532,28330,1,FEASIBLE,WORSE
4737,2,74,86,25979,27766,1,FEASIBLE,WORSE
4738,2,74,87,26665,28488,1,FEASIBLE,WORSE
4739,2,74,88,26071,27964,1,FEASIBLE,WORSE
4740,2,74,89,26450,28328,1,FEASIBLE,WORSE
4741,2,74,90,26497,28361,1,FEASIBLE,WORSE
4742,2,74,91,27600,29390,0,CAPACITY_EXCEEDED,INVALID
4743,2,74,92,26831,28695,1,FEASIBLE,WORSE
4744,2,74,93,26201,28076,1,FEASIBLE,WORSE
4745,2,74,94,27578,29394,0,CAPACITY_EXCEEDED,INVALID
4746,2,74,95,26969,28767,1,FEASIBLE,WORSE
4747,2,74,96,26513,28332,1,FEASIBLE,WORSE
4748,2,74,97,27605,29458,0,CAPACITY_EXCEEDED,INVALID
4749,2,74,98,26301,28177,1,FEASIBLE,WORSE
4750,2,74,99,26007,27802,1,FEASIBLE,WORSE
4751,2,75,76,28276,30069,0,CAPACITY_EXCEEDED,INVALID
4752,2,75,77,28172,29981,0,CAPACITY_EXCEEDED,INVALID
4753,2,75,78,28476,30295,0,CAPACITY_EXCEEDED,INVALID
4754,2,75,79,28899,30715,0,CAPACITY_EXCEEDED,INVALID
4755,2,75,80,27340,29209,1,FEASIBLE,WORSE
4756,2,75,81,27888,29755,0,CAPACITY_EXCEEDED,INVALID
4757,2,75,82,28785,30620,0,CAPACITY_EXCEEDED,INVALID
4758,2,75,83,27238,29083,1,FEASIBLE,WORSE
4759,2,75,84,28872,30687,0,CAPACITY_EXCEEDED,INVALID
4760,2,75,85,27772,29563,0,CAPACITY_EXCEEDED,INVALID
4761,2,75,86,27219,28999,1,FEASIBLE,WORSE
4762,2,75,87,27905,29721,0,CAPACITY_EXCEEDED,INVALID
4763,2,75,88,27311,29197,1,FEASIBLE,WORSE
4764,2,75,89,27690,29561,0,CAPACITY_EXCEEDED,INVALID
4765,2,75,90,27737,29594,0,CAPACITY_EXCEEDED,INVALID
4766,2,75,91,28840,30623,0,CAPACITY_EXCEEDED,INVALID
4767,2,75,92,28071,29928,0,CAPACITY_EXCEEDED,INVALID
4768,2,75,93,27441,29309,0,CAPACITY_EXCEEDED,INVALID
4769,2,75,94,28818,30627,0,CAPACITY_EXCEEDED,INVALID
4770,2,75,95,28209,30000,0,CAPACITY_EXCEEDED,INVALID
4771,2,75,96,27753,29565,0,CAPACITY_EXCEEDED,INVALID
4772,2,75,97,28845,30691,0,CAPACITY_EXCEEDED,INVALID
4773,2,75,98,27541,29410,0,CAPACITY_EXCEEDED,INVALID
4774,2,75,99,27247,29035,1,FEASIBLE,WORSE
4775,2,76,77,27896,29677,0,CAPACITY_EXCEEDED,INVALID
4776,2,76,78,28200,29991,0,CAPACITY_EXCEEDED,INVALID
4777,2,76,79,28623,30411,0,CAPACITY_EXCEEDED,INVALID
4778,2,76,80,27064,28905,1,FEASIBLE,WORSE
4779,2,76,81,27612,29451,0,CAPACITY_EXCEEDED,INVALID
4780,2,76,82,28509,30316,0,CAPACITY_EXCEEDED,INVALID
4781,2,76,83,26962,28779,1,FEASIBLE,WORSE
4782,2,76,84,28596,30383,0,CAPACITY_EXCEEDED,INVALID
4783,2,76,85,27496,29259,0,CAPACITY_EXCEEDED,INVALID
4784,2,76,86,26943,28695,1,FEASIBLE,WORSE
4785,2,76,87,27629,29417,0,CAPACITY_EXCEEDED,INVALID
4786,2,76,88,27035,28893,1,FEASIBLE,WORSE
4787,2,76,89,27414,29257,0,CAPACITY_EXCEEDED,INVALID
4788,2,76,90,27461,29290,0,CAPACITY_EXCEEDED,INVALID
4789,2,76,91,28564,30319,0,CAPACITY_EXCEEDED,INVALID
4790,2,76,92,27795,29624,0,CAPACITY_EXCEEDED,INVALID
4791,2,76,93,27165,29005,1,FEASIBLE,WORSE
4792,2,76,94,28542,30323,0,CAPACITY_EXCEEDED,INVALID
4793,2,76,95,27933,29696,0,CAPACITY_EXCEEDED,INVALID
4794,2,76,96,27477,29261,0,CAPACITY_EXCEEDED,INVALID
4795,2,76,97,28569,30387,0,CAPACITY_EXCEEDED,INVALID
4796,2,76,98,27265,29106,1,FEASIBLE,WORSE
4797,2,76,99,26971,28731,1,FEASIBLE,WORSE
4798,2,77,78,28096,29903,0,CAPACITY_EXCEEDED,INVALID
4799,2,77,79,28519,30323,0,CAPACITY_EXCEEDED,INVALID
4800,2,77,80,26960,28817,1,FEASIBLE,WORSE
4801,2,77,81,27508,29363,0,CAPACITY_EXCEEDED,INVALID
4802,2,77,82,28405,30228,0,CAPACITY_EXCEEDED,INVALID
4803,2,77,83,26858,28691,1,FEASIBLE,WORSE
4804,2,77,84,28492,30295,0,CAPACITY_EXCEEDED,INVALID
4805,2,77,85,27392,29171,0,CAPACITY_EXCEEDED,INVALID
4806,2,77,86,26839,28607,1,FEASIBLE,WORSE
4807,2,77,87,27525,29329,0,CAPACITY_EXCEEDED,INVALID
4808,2,77,88,26931,28805,1,FEASIBLE,WORSE
4809,2,77,89,27310,29169,1,FEASIBLE,WORSE
4810,2,77,90,27357,29202,1,FEASIBLE,WORSE
4811,2,77,91,28460,30231,0,CAPACITY_EXCEEDED,INVALID
4812,2,77,92,27691,29536,0,CAPACITY_EXCEEDED,INVALID
4813,2,77,93,27061,28917,1,FEASIBLE,WORSE
4814,2,77,94,28438,30235,0,CAPACITY_EXCEEDED,INVALID
4815,2,77,95,27829,29608,0,CAPACITY_EXCEEDED,INVALID
4816,2,77,96,27373,29173,1,FEASIBLE,WORSE
4817,2,77,97,28465,30299,0,CAPACITY_EXCEEDED,INVALID
4818,2,77,98,27161,29018,1,FEASIBLE,WORSE
4819,2,77,99,26867,28643,1,FEASIBLE,WORSE
4820,2,78,79,28823,30637,0,CAPACITY_EXCEEDED,INVALID
4821,2,78,80,27264,29131,1,FEASIBLE,WORSE
4822,2,78,81,27812,29677,0,CAPACITY_EXCEEDED,INVALID
4823,2,78,82,28709,30542,0,CAPACITY_EXCEEDED,INVALID
4824,2,78,83,27162,29005,1,FEASIBLE,WORSE
4825,2,78,84,28796,30609,0,CAPACITY_EXCEEDED,INVALID
4826,2,78,85,27696,29485,0,CAPACITY_EXCEEDED,INVALID
4827,2,78,86,27143,28921,1,FEASIBLE,WORSE
4828,2,78,87,27829,29643,0,CAPACITY_EXCEEDED,INVALID
4829,2,78,88,27235,29119,1,FEASIBLE,WORSE
4830,2,78,89,27614,29483,0,CAPACITY_EXCEEDED,INVALID
4831,2,78,90,27661,29516,0,CAPACITY_EXCEEDED,INVALID
4832,2,78,91,28764,30545,0,CAPACITY_EXCEEDED,INVALID
4833,2,78,92,27995,29850,0,CAPACITY_EXCEEDED,INVALID
4834,2,78,93,27365,29231,1,FEASIBLE,WORSE
4835,2,78,94,28742,30549,0,CAPACITY_EXCEEDED,INVALID
4836,2,78,95,28133,29922,0,CAPACITY_EXCEEDED,INVALID
4837,2,78,96,27677,29487,0,CAPACITY_EXCEEDED,INVALID
4838,2,78,97,28769,30613,0,CAPACITY_EXCEEDED,INVALID
4839,2,78,98,27465,29332,0,CAPACITY_EXCEEDED,INVALID
4840,2,78,99,27171,28957,1,FEASIBLE,WORSE
4841,2,79,80,27687,29551,0,CAPACITY_EXCEEDED,INVALID
4842,2,79,81,28235,30097,0,CAPACITY_EXCEEDED,INVALID
4843,2,79,82,29132,30962,0,CAPACITY_EXCEEDED,INVALID
4844,2,79,83,27585,29425,0,CAPACITY_EXCEEDED,INVALID
4845,2,79,84,29219,31029,0,CAPACITY_EXCEEDED,INVALID
4846,2,79,85,28119,29905,0,CAPACITY_EXCEEDED,INVALID
4847,2,79,86,27566,29341,0,CAPACITY_EXCEEDED,INVALID
4848,2,79,87,28252,30063,0,CAPACITY_EXCEEDED,INVALID
4849,2,79,88,27658,29539,0,CAPACITY_EXCEEDED,INVALID
4850,2,79,89,28037,29903,0,CAPACITY_EXCEEDED,INVALID
4851,2,79,90,28084,29936,0,CAPACITY_EXCEEDED,INVALID
4852,2,79,91,29187,30965,0,CAPACITY_EXCEEDED,INVALID
4853,2,79,92,28418,30270,0,CAPACITY_EXCEEDED,INVALID
4854,2,79,93,27788,29651,0,CAPACITY_EXCEEDED,INVALID
4855,2,79,94,29165,30969,0,CAPACITY_EXCEEDED,INVALID
4856,2,79,95,28556,30342,0,CAPACITY_EXCEEDED,INVALID
4857,2,79,96,28100,29907,0,CAPACITY_EXCEEDED,INVALID
4858,2,79,97,29192,31033,0,CAPACITY_EXCEEDED,INVALID
4859,2,79,98,27888,29752,0,CAPACITY_EXCEEDED,INVALID
4860,2,79,99,27594,29377,0,CAPACITY_EXCEEDED,INVALID
4861,2,80,81,26676,28591,1,FEASIBLE,WORSE
4862,2,80,82,27573,29456,0,CAPACITY_EXCEEDED,INVALID
4863,2,80,83,26026,27919,1,FEASIBLE,WORSE
4864,2,80,84,27660,29523,0,CAPACITY_EXCEEDED,INVALID
4865,2,80,85,26560,28399,1,FEASIBLE,WORSE
4866,2,80,86,26007,27835,1,FEASIBLE,WORSE
4867,2,80,87,26693,28557,1,FEASIBLE,WORSE
4868,2,80,88,26099,28033,1,FEASIBLE,WORSE
4869,2,80,89,26478,28397,1,FEASIBLE,WORSE
4870,2,80,90,26525,28430,1,FEASIBLE,WORSE
4871,2,80,91,27628,29459,0,CAPACITY_EXCEEDED,INVALID
4872,2,80,92,26859,28764,1,FEASIBLE,WORSE
4873,2,80,93,26229,28145,1,FEASIBLE,WORSE
4874,2,80,94,27606,29463,0,CAPACITY_EXCEEDED,INVALID
4875,2,80,95,26997,28836,1,FEASIBLE,WORSE
4876,2,80,96,26541,28401,1,FEASIBLE,WORSE
4877,2,80,97,27633,29527,0,CAPACITY_EXCEEDED,INVALID
4878,2,80,98,26329,28246,1,FEASIBLE,WORSE
4879,2,80,99,26035,27871,1,FEASIBLE,WORSE
4880,2,81,82,28121,30002,0,CAPACITY_EXCEEDED,INVALID
4881,2,81,83,26574,28465,1,FEASIBLE,WORSE
4882,2,81,84,28208,30069,0,CAPACITY_EXCEEDED,INVALID
4883,2,81,85,27108,28945,1,FEASIBLE,WORSE
4884,2,81,86,26555,28381,1,FEASIBLE,WORSE
4885,2,81,87,27241,29103,1,FEASIBLE,WORSE
4886,2,81,88,26647,28579,1,FEASIBLE,WORSE
4887,2,81,89,27026,28943,1,FEASIBLE,WORSE
4888,2,81,90,27073,28976,1,FEASIBLE,WORSE
4889,2,81,91,28176,30005,0,CAPACITY_EXCEEDED,INVALID
4890,2,81,92,27407,29310,0,CAPACITY_EXCEEDED,INVALID
4891,2,81,93,26777,28691,1,FEASIBLE,WORSE
4892,2,81,94,28154,30009,0,CAPACITY_EXCEEDED,INVALID
4893,2,81,95,27545,29382,0,CAPACITY_EXCEEDED,INVALID
4894,2,81,96,27089,28947,1,FEASIBLE,WORSE
4895,2,81,97,28181,30073,0,CAPACITY_EXCEEDED,INVALID
4896,2,81,98,26877,28792,1,FEASIBLE,WORSE
4897,2,81,99,26583,28417,1,FEASIBLE,WORSE
4898,2,82,83,27471,29330,0,CAPACITY_EXCEEDED,INVALID
4899,2,82,84,29105,30934,0,CAPACITY_EXCEEDED,INVALID
4900,2,82,85,28005,29810,0,CAPACITY_EXCEEDED,INVALID
4901,2,82,86,27452,29246,0,CAPACITY_EXCEEDED,INVALID
4902,2,82,87,28138,29968,0,CAPACITY_EXCEEDED,INVALID
4903,2,82,88,27544,29444,0,CAPACITY_EXCEEDED,INVALID
4904,2,82,89,27923,29808,0,CAPACITY_EXCEEDED,INVALID
4905,2,82,90,27970,29841,0,CAPACITY_EXCEEDED,INVALID
4906,2,82,91,29073,30870,0,CAPACITY_EXCEEDED,INVALID
4907,2,82,92,28304,30175,0,CAPACITY_EXCEEDED,INVALID
4908,2,82,93,27674,29556,0,CAPACITY_EXCEEDED,INVALID
4909,2,82,94,29051,30874,0,CAPACITY_EXCEEDED,INVALID
4910,2,82,95,28442,30247,0,CAPACITY_EXCEEDED,INVALID
4911,2,82,96,27986,29812,0,CAPACITY_EXCEEDED,INVALID
4912,2,82,97,29078,30938,0,CAPACITY_EXCEEDED,INVALID
4913,2,82,98,27774,29657,0,CAPACITY_EXCEEDED,INVALID
4914,2,82,99,27480,29282,0,CAPACITY_EXCEEDED,INVALID
4915,2,83,84,27558,29397,0,CAPACITY_EXCEEDED,INVALID
4916,2,83,85,26458,28273,1,FEASIBLE,WORSE
4917,2,83,86,25905,27709,1,FEASIBLE,WORSE
4918,2,83,87,26591,28431,1,FEASIBLE,WORSE
4919,2,83,88,25997,27907,1,FEASIBLE,WORSE
4920,2,83,89,26376,28271,1,FEASIBLE,WORSE
4921,2,83,90,26423,28304,1,FEASIBLE,WORSE
4922,2,83,91,27526,29333,0,CAPACITY_EXCEEDED,INVALID
4923,2,83,92,26757,28638,1,FEASIBLE,WORSE
4924,2,83,93,26127,28019,1,FEASIBLE,WORSE
4925,2,83,94,27504,29337,0,CAPACITY_EXCEEDED,INVALID
4926,2,83,95,26895,28710,1,FEASIBLE,WORSE
4927,2,83,96,26439,28275,1,FEASIBLE,WORSE
4928,2,83,97,27531,29401,0,CAPACITY_EXCEEDED,INVALID
4929,2,83,98,26227,28120,1,FEASIBLE,WORSE
4930,2,83,99,25933,27745,1,FEASIBLE,WORSE
4931,2,84,85,28092,29877,0,CAPACITY_EXCEEDED,INVALID
4932,2,84,86,27539,29313,0,CAPACITY_EXCEEDED,INVALID
4933,2,84,87,28225,30035,0,CAPACITY_EXCEEDED,INVALID
4934,2,84,88,27631,29511,0,CAPACITY_EXCEEDED,INVALID
4935,2,84,89,28010,29875,0,CAPACITY_EXCEEDED,INVALID
4936,2,84,90,28057,29908,0,CAPACITY_EXCEEDED,INVALID
4937,2,84,91,29160,30937,0,CAPACITY_EXCEEDED,INVALID
4938,2,84,92,28391,30242,0,CAPACITY_EXCEEDED,INVALID
4939,2,84,93,27761,29623,0,CAPACITY_EXCEEDED,INVALID
4940,2,84,94,29138,30941,0,CAPACITY_EXCEEDED,INVALID
4941,2,84,95,28529,30314,0,CAPACITY_EXCEEDED,INVALID
4942,2,84,96,28073,29879,0,CAPACITY_EXCEEDED,INVALID
4943,2,84,97,29165,31005,0,CAPACITY_EXCEEDED,INVALID
4944,2,84,98,27861,29724,0,CAPACITY_EXCEEDED,INVALID
4945,2,84,99,27567,29349,0,CAPACITY_EXCEEDED,INVALID
4946,2,85,86,26439,28189,1,FEASIBLE,WORSE
4947,2,85,87,27125,28911,1,FEASIBLE,WORSE
4948,2,85,88,26531,28387,1,FEASIBLE,WORSE
4949,2,85,89,26910,28751,1,FEASIBLE,WORSE
4950,2,85,90,26957,28784,1,FEASIBLE,WORSE
4951,2,85,91,28060,29813,0,CAPACITY_EXCEEDED,INVALID
4952,2,85,92,27291,29118,1,FEASIBLE,WORSE
4953,2,85,93,26661,28499,1,FEASIBLE,WORSE
4954,2,85,94,28038,29817,0,CAPACITY_EXCEEDED,INVALID
4955,2,85,95,27429,29190,0,CAPACITY_EXCEEDED,INVALID
4956,2,85,96,26973,28755,1,FEASIBLE,WORSE
4957,2,85,97,28065,29881,0,CAPACITY_EXCEEDED,INVALID
4958,2,85,98,26761,28600,1,FEASIBLE,WORSE
4959,2,85,99,26467,28225,1,FEASIBLE,WORSE
4960,2,86,87,26572,28347,1,FEASIBLE,WORSE
4961,2,86,88,25978,27823,1,FEASIBLE,WORSE
4962,2,86,89,26357,28187,1,FEASIBLE,WORSE
4963,2,86,90,26404,28220,1,FEASIBLE,WORSE
4964,2,86,91,27507,29249,0,CAPACITY_EXCEEDED,INVALID
4965,2,86,92,26738,28554,1,FEASIBLE,WORSE
4966,2,86,93,26108,27935,1,FEASIBLE,WORSE
4967,2,86,94,27485,29253,0,CAPACITY_EXCEEDED,INVALID
4968,2,86,95,26876,28626,1,FEASIBLE,WORSE
4969,2,86,96,26420,28191,1,FEASIBLE,WORSE
4970,2,86,97,27512,29317,0,CAPACITY_EXCEEDED,INVALID
4971,2,86,98,26208,28036,1,FEASIBLE,WORSE
4972,2,86,99,25914,27661,1,FEASIBLE,WORSE
4973,2,87,88,26664,28545,1,FEASIBLE,WORSE
4974,2,87,89,27043,28909,1,FEASIBLE,WORSE
4975,2,87,90,27090,28942,1,FEASIBLE,WORSE
4976,2,87,91,28193,29971,0,CAPACITY_EXCEEDED,INVALID
4977,2,87,92,27424,29276,0,CAPACITY_EXCEEDED,INVALID
4978,2,87,93,26794,28657,1,FEASIBLE,WORSE
4979,2,87,94,28171,29975,0,CAPACITY_EXCEEDED,INVALID
4980,2,87,95,27562,29348,0,CAPACITY_EXCEEDED,INVALID
4981,2,87,96,27106,28913,1,FEASIBLE,WORSE
4982,2,87,97,28198,30039,0,CAPACITY_EXCEEDED,INVALID
4983,2,87,98,26894,28758,1,FEASIBLE,WORSE
4984,2,87,99,26600,28383,1,FEASIBLE,WORSE
4985,2,88,89,26449,28385,1,FEASIBLE,WORSE
4986,2,88,90,26496,28418,1,FEASIBLE,WORSE
4987,2,88,91,27599,29447,0,CAPACITY_EXCEEDED,INVALID
4988,2,88,92,26830,28752,1,FEASIBLE,WORSE
4989,2,88,93,26200,28133,1,FEASIBLE,WORSE
4990,2,88,94,27577,29451,0,CAPACITY_EXCEEDED,INVALID
4991,2,88,95,26968,28824,1,FEASIBLE,WORSE
4992,2,88,96,26512,28389,1,FEASIBLE,WORSE
4993,2,88,97,27604,29515,0,CAPACITY_EXCEEDED,INVALID
4994,2,88,98,26300,28234,1,FEASIBLE,WORSE
4995,2,88,99,26006,27859,1,FEASIBLE,WORSE
4996,2,89,90,26875,28782,1,FEASIBLE,WORSE
4997,2,89,91,27978,29811,0,CAPACITY_EXCEEDED,INVALID
4998,2,89,92,27209,29116,1,FEASIBLE,WORSE
4999,2,89,93,26579,28497,1,FEASIBLE,WORSE
5000,2,89,94,27956,29815,0,CAPACITY_EXCEEDED,INVALID
5001,2,89,95,27347,29188,1,FEASIBLE,WORSE
5002,2,89,96,26891,28753,1,FEASIBLE,WORSE
5003,2,89,97,27983,29879,0,CAPACITY_EXCEEDED,INVALID
5004,2,89,98,26679,28598,1,FEASIBLE,WORSE
5005,2,89,99,26385,28223,1,FEASIBLE,WORSE
5006,2,90,91,28025,29844,0,CAPACITY_EXCEEDED,INVALID
5007,2,90,92,27256,29149,1,FEASIBLE,WORSE
5008,2,90,93,26626,28530,1,FEASIBLE,WORSE
5009,2,90,94,28003,29848,0,CAPACITY_EXCEEDED,INVALID
5010,2,90,95,27394,29221,0,CAPACITY_EXCEEDED,INVALID
5011,2,90,96,26938,28786,1,FEASIBLE,WORSE
5012,2,90,97,28030,29912,0,CAPACITY_EXCEEDED,INVALID
5013,2,90,98,26726,28631,1,FEASIBLE,WORSE
5014,2,90,99,26432,28256,1,FEASIBLE,WORSE
5015,2,91,92,28359,30178,0,CAPACITY_EXCEEDED,INVALID
5016,2,91,93,27729,29559,0,CAPACITY_EXCEEDED,INVALID
5017,2,91,94,29106,30877,0,CAPACITY_EXCEEDED,INVALID
5018,2,91,95,28497,30250,0,CAPACITY_EXCEEDED,INVALID
5019,2,91,96,28041,29815,0,CAPACITY_EXCEEDED,INVALID
5020,2,91,97,29133,30941,0,CAPACITY_EXCEEDED,INVALID
5021,2,91,98,27829,29660,0,CAPACITY_EXCEEDED,INVALID
5022,2,91,99,27535,29285,0,CAPACITY_EXCEEDED,INVALID
5023,2,92,93,26960,28864,1,FEASIBLE,WORSE
5024,2,92,94,28337,30182,0,CAPACITY_EXCEEDED,INVALID
5025,2,92,95,27728,29555,0,CAPACITY_EXCEEDED,INVALID
5026,2,92,96,27272,29120,1,FEASIBLE,WORSE
5027,2,92,97,28364,30246,0,CAPACITY_EXCEEDED,INVALID
5028,2,92,98,27060,28965,1,FEASIBLE,WORSE
5029,2,92,99,26766,28590,1,FEASIBLE,WORSE
5030,2,93,94,27707,29563,0,CAPACITY_EXCEEDED,INVALID
5031,2,93,95,27098,28936,1,FEASIBLE,WORSE
5032,2,93,96,26642,28501,1,FEASIBLE,WORSE
5033,2,93,97,27734,29627,0,CAPACITY_EXCEEDED,INVALID
5034,2,93,98,26430,28346,1,FEASIBLE,WORSE
5035,2,93,99,26136,27971,1,FEASIBLE,WORSE
5036,2,94,95,28475,30254,0,CAPACITY_EXCEEDED,INVALID
5037,2,94,96,28019,29819,0,CAPACITY_EXCEEDED,INVALID
5038,2,94,97,29111,30945,0,CAPACITY_EXCEEDED,INVALID
5039,2,94,98,27807,29664,0,CAPACITY_EXCEEDED,INVALID
5040,2,94,99,27513,29289,0,CAPACITY_EXCEEDED,INVALID
5041,2,95,96,27410,29192,0,CAPACITY_EXCEEDED,INVALID
5042,2,95,97,28502,30318,0,CAPACITY_EXCEEDED,INVALID
5043,2,95,98,27198,29037,1,FEASIBLE,WORSE
5044,2,95,99,26904,28662,1,FEASIBLE,WORSE
5045,2,96,97,28046,29883,0,CAPACITY_EXCEEDED,INVALID
5046,2,96,98,26742,28602,1,FEASIBLE,WORSE
5047,2,96,99,26448,28227,1,FEASIBLE,WORSE
5048,2,97,98,27834,29728,0,CAPACITY_EXCEEDED,INVALID
5049,2,97,99,27540,29353,0,CAPACITY_EXCEEDED,INVALID
5050,2,98,99,26236,28072,1,FEASIBLE,WORSE
