neighbor_index,distance,flip_i,flip_j,weight,profit,feasible,reason,comparison
1,1,0,,23644,30644,1,FEASIBLE,WORSE
2,1,1,,23777,30777,1,FEASIBLE,WORSE
3,1,2,,23484,30484,1,FEASIBLE,WORSE
4,1,3,,24036,31236,0,CAPACITY_EXCEEDED,INVALID
5,1,4,,23814,30814,1,FEASIBLE,WORSE
6,1,5,,23479,30479,1,FEASIBLE,WORSE
7,1,6,,24799,31999,0,CAPACITY_EXCEEDED,INVALID
8,1,7,,24682,31882,0,CAPACITY_EXCEEDED,INVALID
9,1,8,,24647,31847,0,CAPACITY_EXCEEDED,INVALID
10,1,9,,23659,30659,1,FEASIBLE,WORSE
11,1,10,,23344,30344,1,FEASIBLE,WORSE
12,1,11,,23604,30604,1,FEASIBLE,WORSE
13,1,12,,23708,30708,1,FEASIBLE,WORSE
14,1,13,,23774,30774,1,FEASIBLE,WORSE
15,1,14,,23666,30666,1,FEASIBLE,WORSE
16,1,15,,24809,32009,0,CAPACITY_EXCEEDED,INVALID
17,1,16,,24710,31910,0,CAPACITY_EXCEEDED,INVALID
18,1,17,,24688,31888,0,CAPACITY_EXCEEDED,INVALID
19,1,18,,24682,31882,0,CAPACITY_EXCEEDED,INVALID
20,1,19,,23687,30687,1,FEASIBLE,WORSE
21,1,20,,23571,30571,1,FEASIBLE,WORSE
22,1,21,,23254,30254,1,FEASIBLE,WORSE
23,1,22,,23149,30149,1,FEASIBLE,WORSE
24,1,23,,24736,31936,0,CAPACITY_EXCEEDED,INVALID
25,1,24,,24762,31962,0,CAPACITY_EXCEEDED,INVALID
26,1,25,,23794,30794,1,FEASIBLE,WORSE
27,1,26,,23275,30275,1,FEASIBLE,WORSE
28,1,27,,23209,30209,1,FEASIBLE,WORSE
29,1,28,,23375,30375,1,FEASIBLE,WORSE
30,1,29,,23703,30703,1,FEASIBLE,WORSE
31,1,30,,23407,30407,1,FEASIBLE,WORSE
32,1,31,,23791,30791,1,FEASIBLE,WORSE
33,1,32,,24816,32016,0,CAPACITY_EXCEEDED,INVALID
34,1,33,,24747,31947,0,CAPACITY_EXCEEDED,INVALID
35,1,34,,23333,30333,1,FEASIBLE,WORSE
36,1,35,,23580,30580,1,FEASIBLE,WORSE
37,1,36,,24790,31990,0,CAPACITY_EXCEEDED,INVALID
38,1,37,,23308,30308,1,FEASIBLE,WORSE
39,1,38,,24764,31964,0,CAPACITY_EXCEEDED,INVALID
40,1,39,,23032,30032,1,FEASIBLE,WORSE
41,1,40,,23372,30372,1,FEASIBLE,WORSE
42,1,41,,23467,30467,1,FEASIBLE,WORSE
43,1,42,,23282,30282,1,FEASIBLE,WORSE
44,1,43,,23449,30449,1,FEASIBLE,WORSE
45,1,44,,23719,30719,1,FEASIBLE,WORSE
46,1,45,,23575,30575,1,FEASIBLE,WORSE
47,1,46,,24694,31894,0,CAPACITY_EXCEEDED,INVALID
48,1,47,,23837,30837,1,FEASIBLE,WORSE
49,1,48,,23834,30834,1,FEASIBLE,WORSE
50,1,49,,23254,30254,1,FEASIBLE,WORSE
51,1,50,,23600,30600,1,FEASIBLE,WORSE
52,1,51,,23346,30346,1,FEASIBLE,WORSE
53,1,52,,23409,30409,1,FEASIBLE,WORSE
54,1,53,,23538,30538,1,FEASIBLE,WORSE
55,1,54,,24879,32079,0,CAPACITY_EXCEEDED,INVALID
56,1,55,,23685,30685,1,FEASIBLE,WORSE
57,1,56,,23468,30468,1,FEASIBLE,WORSE
58,1,57,,23678,30678,1,FEASIBLE,WORSE
59,1,58,,23248,30248,1,FEASIBLE,WORSE
60,1,59,,23604,30604,1,FEASIBLE,WORSE
61,1,60,,23525,30525,1,FEASIBLE,WORSE
62,1,61,,24628,31828,0,CAPACITY_EXCEEDED,INVALID
63,1,62,,23560,30560,1,FEASIBLE,WORSE
64,1,63,,23322,30322,1,FEASIBLE,WORSE
65,1,64,,24786,31986,0,CAPACITY_EXCEEDED,INVALID
66,1,65,,23780,30780,1,FEASIBLE,WORSE
67,1,66,,23819,30819,1,FEASIBLE,WORSE
68,1,67,,23652,30652,1,FEASIBLE,WORSE
69,1,68,,24647,31847,0,CAPACITY_EXCEEDED,INVALID
70,1,69,,23265,30265,1,FEASIBLE,WORSE
71,1,70,,23643,30643,1,FEASIBLE,WORSE
72,1,71,,23549,30549,1,FEASIBLE,WORSE
73,1,72,,23703,30703,1,FEASIBLE,WORSE
74,1,73,,23421,30421,1,FEASIBLE,WORSE
75,1,74,,23838,30838,1,FEASIBLE,WORSE
76,1,75,,23183,30183,1,FEASIBLE,WORSE
77,1,76,,24777,31977,0,CAPACITY_EXCEEDED,INVALID
78,1,77,,24836,32036,0,CAPACITY_EXCEEDED,INVALID
79,1,78,,24616,31816,0,CAPACITY_EXCEEDED,INVALID
80,1,79,,24841,32041,0,CAPACITY_EXCEEDED,INVALID
81,1,80,,23862,30862,1,FEASIBLE,WORSE
82,1,81,,23592,30592,1,FEASIBLE,WORSE
83,1,82,,24848,32048,0,CAPACITY_EXCEEDED,INVALID
84,1,83,,24657,31857,0,CAPACITY_EXCEEDED,INVALID
85,1,84,,23470,30470,1,FEASIBLE,WORSE
86,1,85,,24825,32025,0,CAPACITY_EXCEEDED,INVALID
87,1,86,,23260,30260,1,FEASIBLE,WORSE
88,1,87,,24699,31899,0,CAPACITY_EXCEEDED,INVALID
89,1,88,,23587,30587,1,FEASIBLE,WORSE
90,1,89,,23689,30689,1,FEASIBLE,WORSE
91,1,90,,23436,30436,1,FEASIBLE,WORSE
92,1,91,,23744,30744,1,FEASIBLE,WORSE
93,1,92,,23499,30499,1,FEASIBLE,WORSE
94,1,93,,24843,32043,0,CAPACITY_EXCEEDED,INVALID
95,1,94,,23549,30549,1,FEASIBLE,WORSE
96,1,95,,23871,30871,1,FEASIBLE,WORSE
97,1,96,,23836,30836,1,FEASIBLE,WORSE
98,1,97,,23711,30711,1,FEASIBLE,WORSE
99,1,98,,24665,31865,0,CAPACITY_EXCEEDED,INVALID
100,1,99,,23518,30518,1,FEASIBLE,WORSE
101,2,0,1,23540,30440,1,FEASIBLE,WORSE
102,2,0,2,23247,30147,1,FEASIBLE,WORSE
103,2,0,3,23799,30899,1,FEASIBLE,WORSE
104,2,0,4,23577,30477,1,FEASIBLE,WORSE
105,2,0,5,23242,30142,1,FEASIBLE,WORSE
106,2,0,6,24562,31662,0,CAPACITY_EXCEEDED,INVALID
107,2,0,7,24445,31545,0,CAPACITY_EXCEEDED,INVALID
108,2,0,8,24410,31510,0,CAPACITY_EXCEEDED,INVALID
109,2,0,9,23422,30322,1,FEASIBLE,WORSE
110,2,0,10,23107,30007,1,FEASIBLE,WORSE
111,2,0,11,23367,30267,1,FEASIBLE,WORSE
112,2,0,12,23471,30371,1,FEASIBLE,WORSE
113,2,0,13,23537,30437,1,FEASIBLE,WORSE
114,2,0,14,23429,30329,1,FEASIBLE,WORSE
115,2,0,15,24572,31672,0,CAPACITY_EXCEEDED,INVALID
116,2,0,16,24473,31573,0,CAPACITY_EXCEEDED,INVALID
117,2,0,17,24451,31551,0,CAPACITY_EXCEEDED,INVALID
118,2,0,18,24445,31545,0,CAPACITY_EXCEEDED,INVALID
119,2,0,19,23450,30350,1,FEASIBLE,WORSE
120,2,0,20,23334,30234,1,FEASIBLE,WORSE
121,2,0,21,23017,29917,1,FEASIBLE,WORSE
122,2,0,22,22912,29812,1,FEASIBLE,WORSE
123,2,0,23,24499,31599,0,CAPACITY_EXCEEDED,INVALID
124,2,0,24,24525,31625,0,CAPACITY_EXCEEDED,INVALID
125,2,0,25,23557,30457,1,FEASIBLE,WORSE
126,2,0,26,23038,29938,1,FEASIBLE,WORSE
127,2,0,27,22972,29872,1,FEASIBLE,WORSE
128,2,0,28,23138,30038,1,FEASIBLE,WORSE
129,2,0,29,23466,30366,1,FEASIBLE,WORSE
130,2,0,30,23170,30070,1,FEASIBLE,WORSE
131,2,0,31,23554,30454,1,FEASIBLE,WORSE
132,2,0,32,24579,31679,0,CAPACITY_EXCEEDED,INVALID
133,2,0,33,24510,31610,0,CAPACITY_EXCEEDED,INVALID
134,2,0,34,23096,29996,1,FEASIBLE,WORSE
135,2,0,35,23343,30243,1,FEASIBLE,WORSE
136,2,0,36,24553,31653,0,CAPACITY_EXCEEDED,INVALID
137,2,0,37,23071,29971,1,FEASIBLE,WORSE
138,2,0,38,24527,31627,0,CAPACITY_EXCEEDED,INVALID
139,2,0,39,22795,29695,1,FEASIBLE,WORSE
140,2,0,40,23135,30035,1,FEASIBLE,WORSE
141,2,0,41,23230,30130,1,FEASIBLE,WORSE
142,2,0,42,23045,29945,1,FEASIBLE,WORSE
143,2,0,43,23212,30112,1,FEASIBLE,WORSE
144,2,0,44,23482,30382,1,FEASIBLE,WORSE
145,2,0,45,23338,30238,1,FEASIBLE,WORSE
146,2,0,46,24457,31557,0,CAPACITY_EXCEEDED,INVALID
147,2,0,47,23600,30500,1,FEASIBLE,WORSE
148,2,0,48,23597,30497,1,FEASIBLE,WORSE
149,2,0,49,23017,29917,1,FEASIBLE,WORSE
150,2,0,50,23363,30263,1,FEASIBLE,WORSE
151,2,0,51,23109,30009,1,FEASIBLE,WORSE
152,2,0,52,23172,30072,1,FEASIBLE,WORSE
153,2,0,53,23301,30201,1,FEASIBLE,WORSE
154,2,0,54,24642,31742,0,CAPACITY_EXCEEDED,INVALID
155,2,0,55,23448,30348,1,FEASIBLE,WORSE
156,2,0,56,23231,30131,1,FEASIBLE,WORSE
157,2,0,57,23441,30341,1,FEASIBLE,WORSE
158,2,0,58,23011,29911,1,FEASIBLE,WORSE
159,2,0,59,23367,30267,1,FEASIBLE,WORSE
160,2,0,60,23288,30188,1,FEASIBLE,WORSE
161,2,0,61,24391,31491,0,CAPACITY_EXCEEDED,INVALID
162,2,0,62,23323,30223,1,FEASIBLE,WORSE
163,2,0,63,23085,29985,1,FEASIBLE,WORSE
164,2,0,64,24549,31649,0,CAPACITY_EXCEEDED,INVALID
165,2,0,65,23543,30443,1,FEASIBLE,WORSE
166,2,0,66,23582,30482,1,FEASIBLE,WORSE
167,2,0,67,23415,30315,1,FEASIBLE,WORSE
168,2,0,68,24410,31510,0,CAPACITY_EXCEEDED,INVALID
169,2,0,69,23028,29928,1,FEASIBLE,WORSE
170,2,0,70,23406,30306,1,FEASIBLE,WORSE
171,2,0,71,23312,30212,1,FEASIBLE,WORSE
172,2,0,72,23466,30366,1,FEASIBLE,WORSE
173,2,0,73,23184,30084,1,FEASIBLE,WORSE
174,2,0,74,23601,30501,1,FEASIBLE,WORSE
175,2,0,75,22946,29846,1,FEASIBLE,WORSE
176,2,0,76,24540,31640,0,CAPACITY_EXCEEDED,INVALID
177,2,0,77,24599,31699,0,CAPACITY_EXCEEDED,INVALID
178,2,0,78,24379,31479,0,CAPACITY_EXCEEDED,INVALID
179,2,0,79,24604,31704,0,CAPACITY_EXCEEDED,INVALID
180,2,0,80,23625,30525,1,FEASIBLE,WORSE
181,2,0,81,23355,30255,1,FEASIBLE,WORSE
182,2,0,82,24611,31711,0,CAPACITY_EXCEEDED,INVALID
183,2,0,83,24420,31520,0,CAPACITY_EXCEEDED,INVALID
184,2,0,84,23233,30133,1,FEASIBLE,WORSE
185,2,0,85,24588,31688,0,CAPACITY_EXCEEDED,INVALID
186,2,0,86,23023,29923,1,FEASIBLE,WORSE
187,2,0,87,24462,31562,0,CAPACITY_EXCEEDED,INVALID
188,2,0,88,23350,30250,1,FEASIBLE,WORSE
189,2,0,89,23452,30352,1,FEASIBLE,WORSE
190,2,0,90,23199,30099,1,FEASIBLE,WORSE
191,2,0,91,23507,30407,1,FEASIBLE,WORSE
192,2,0,92,23262,30162,1,FEASIBLE,WORSE
193,2,0,93,24606,31706,0,CAPACITY_EXCEEDED,INVALID
194,2,0,94,23312,30212,1,FEASIBLE,WORSE
195,2,0,95,23634,30534,1,FEASIBLE,WORSE
196,2,0,96,23599,30499,1,FEASIBLE,WORSE
197,2,0,97,23474,30374,1,FEASIBLE,WORSE
198,2,0,98,24428,31528,0,CAPACITY_EXCEEDED,INVALID
199,2,0,99,23281,30181,1,FEASIBLE,WORSE
200,2,1,2,23380,30280,1,FEASIBLE,WORSE
201,2,1,3,23932,31032,0,CAPACITY_EXCEEDED,INVALID
202,2,1,4,23710,30610,1,FEASIBLE,WORSE
203,2,1,5,23375,30275,1,FEASIBLE,WORSE
204,2,1,6,24695,31795,0,CAPACITY_EXCEEDED,INVALID
205,2,1,7,24578,31678,0,CAPACITY_EXCEEDED,INVALID
206,2,1,8,24543,31643,0,CAPACITY_EXCEEDED,INVALID
207,2,1,9,23555,30455,1,FEASIBLE,WORSE
208,2,1,10,23240,30140,1,FEASIBLE,WORSE
209,2,1,11,23500,30400,1,FEASIBLE,WORSE
210,2,1,12,23604,30504,1,FEASIBLE,WORSE
211,2,1,13,23670,30570,1,FEASIBLE,WORSE
212,2,1,14,23562,30462,1,FEASIBLE,WORSE
213,2,1,15,24705,31805,0,CAPACITY_EXCEEDED,INVALID
214,2,1,16,24606,31706,0,CAPACITY_EXCEEDED,INVALID
215,2,1,17,24584,31684,0,CAPACITY_EXCEEDED,INVALID
216,2,1,18,24578,31678,0,CAPACITY_EXCEEDED,INVALID
217,2,1,19,23583,30483,1,FEASIBLE,WORSE
218,2,1,20,23467,30367,1,FEASIBLE,WORSE
219,2,1,21,23150,30050,1,FEASIBLE,WORSE
220,2,1,22,23045,29945,1,FEASIBLE,WORSE
221,2,1,23,24632,31732,0,CAPACITY_EXCEEDED,INVALID
222,2,1,24,24658,31758,0,CAPACITY_EXCEEDED,INVALID
223,2,1,25,23690,30590,1,FEASIBLE,WORSE
224,2,1,26,23171,30071,1,FEASIBLE,WORSE
225,2,1,27,23105,30005,1,FEASIBLE,WORSE
226,2,1,28,23271,30171,1,FEASIBLE,WORSE
227,2,1,29,23599,30499,1,FEASIBLE,WORSE
228,2,1,30,23303,30203,1,FEASIBLE,WORSE
229,2,1,31,23687,30587,1,FEASIBLE,WORSE
230,2,1,32,24712,31812,0,CAPACITY_EXCEEDED,INVALID
231,2,1,33,24643,31743,0,CAPACITY_EXCEEDED,INVALID
232,2,1,34,23229,30129,1,FEASIBLE,WORSE
233,2,1,35,23476,30376,1,FEASIBLE,WORSE
234,2,1,36,24686,31786,0,CAPACITY_EXCEEDED,INVALID
235,2,1,37,23204,30104,1,FEASIBLE,WORSE
236,2,1,38,24660,31760,0,CAPACITY_EXCEEDED,INVALID
237,2,1,39,22928,29828,1,FEASIBLE,WORSE
238,2,1,40,23268,30168,1,FEASIBLE,WORSE
239,2,1,41,23363,30263,1,FEASIBLE,WORSE
240,2,1,42,23178,30078,1,FEASIBLE,WORSE
241,2,1,43,23345,30245,1,FEASIBLE,WORSE
242,2,1,44,23615,30515,1,FEASIBLE,WORSE
243,2,1,45,23471,30371,1,FEASIBLE,WORSE
244,2,1,46,24590,31690,0,CAPACITY_EXCEEDED,INVALID
245,2,1,47,23733,30633,1,FEASIBLE,WORSE
246,2,1,48,23730,30630,1,FEASIBLE,WORSE
247,2,1,49,23150,30050,1,FEASIBLE,WORSE
248,2,1,50,23496,30396,1,FEASIBLE,WORSE
249,2,1,51,23242,30142,1,FEASIBLE,WORSE
250,2,1,52,23305,30205,1,FEASIBLE,WORSE
251,2,1,53,23434,30334,1,FEASIBLE,WORSE
252,2,1,54,24775,31875,0,CAPACITY_EXCEEDED,INVALID
253,2,1,55,23581,30481,1,FEASIBLE,WORSE
254,2,1,56,23364,30264,1,FEASIBLE,WORSE
255,2,1,57,23574,30474,1,FEASIBLE,WORSE
256,2,1,58,23144,30044,1,FEASIBLE,WORSE
257,2,1,59,23500,30400,1,FEASIBLE,WORSE
258,2,1,60,23421,30321,1,FEASIBLE,WORSE
259,2,1,61,24524,31624,0,CAPACITY_EXCEEDED,INVALID
260,2,1,62,23456,30356,1,FEASIBLE,WORSE
261,2,1,63,23218,30118,1,FEASIBLE,WORSE
262,2,1,64,24682,31782,0,CAPACITY_EXCEEDED,INVALID
263,2,1,65,23676,30576,1,FEASIBLE,WORSE
264,2,1,66,23715,30615,1,FEASIBLE,WORSE
265,2,1,67,23548,30448,1,FEASIBLE,WORSE
266,2,1,68,24543,31643,0,CAPACITY_EXCEEDED,INVALID
267,2,1,69,23161,30061,1,FEASIBLE,WORSE
268,2,1,70,23539,30439,1,FEASIBLE,WORSE
269,2,1,71,23445,30345,1,FEASIBLE,WORSE
270,2,1,72,23599,30499,1,FEASIBLE,WORSE
271,2,1,73,23317,30217,1,FEASIBLE,WORSE
272,2,1,74,23734,30634,1,FEASIBLE,WORSE
273,2,1,75,23079,29979,1,FEASIBLE,WORSE
274,2,1,76,24673,31773,0,CAPACITY_EXCEEDED,INVALID
275,2,1,77,24732,31832,0,CAPACITY_EXCEEDED,INVALID
276,2,1,78,24512,31612,0,CAPACITY_EXCEEDED,INVALID
277,2,1,79,24737,31837,0,CAPACITY_EXCEEDED,INVALID
278,2,1,80,23758,30658,1,FEASIBLE,WORSE
279,2,1,81,23488,30388,1,FEASIBLE,WORSE
280,2,1,82,24744,31844,0,CAPACITY_EXCEEDED,INVALID
281,2,1,83,24553,31653,0,CAPACITY_EXCEEDED,INVALID
282,2,1,84,23366,30266,1,FEASIBLE,WORSE
283,2,1,85,24721,31821,0,CAPACITY_EXCEEDED,INVALID
284,2,1,86,23156,30056,1,FEASIBLE,WORSE
285,2,1,87,24595,31695,0,CAPACITY_EXCEEDED,INVALID
286,2,1,88,23483,30383,1,FEASIBLE,WORSE
287,2,1,89,23585,30485,1,FEASIBLE,WORSE
288,2,1,90,23332,30232,1,FEASIBLE,WORSE
289,2,1,91,23640,30540,1,FEASIBLE,WORSE
290,2,1,92,23395,30295,1,FEASIBLE,WORSE
291,2,1,93,24739,31839,0,CAPACITY_EXCEEDED,INVALID
292,2,1,94,23445,30345,1,FEASIBLE,WORSE
293,2,1,95,23767,30667,1,FEASIBLE,WORSE
294,2,1,96,23732,30632,1,FEASIBLE,WORSE
295,2,1,97,23607,30507,1,FEASIBLE,WORSE
296,2,1,98,24561,31661,0,CAPACITY_EXCEEDED,INVALID
297,2,1,99,23414,30314,1,FEASIBLE,WORSE
298,2,2,3,23639,30739,1,FEASIBLE,WORSE
299,2,2,4,23417,30317,1,FEASIBLE,WORSE
300,2,2,5,23082,29982,1,FEASIBLE,WORSE
301,2,2,6,24402,31502,0,CAPACITY_EXCEEDED,INVALID
302,2,2,7,24285,31385,0,CAPACITY_EXCEEDED,INVALID
303,2,2,8,24250,31350,0,CAPACITY_EXCEEDED,INVALID
304,2,2,9,23262,30162,1,FEASIBLE,WORSE
305,2,2,10,22947,29847,1,FEASIBLE,WORSE
306,2,2,11,23207,30107,1,FEASIBLE,WORSE
307,2,2,12,23311,30211,1,FEASIBLE,WORSE
308,2,2,13,23377,30277,1,FEASIBLE,WORSE
309,2,2,14,23269,30169,1,FEASIBLE,WORSE
310,2,2,15,24412,31512,0,CAPACITY_EXCEEDED,INVALID
311,2,2,16,24313,31413,0,CAPACITY_EXCEEDED,INVALID
312,2,2,17,24291,31391,0,CAPACITY_EXCEEDED,INVALID
313,2,2,18,24285,31385,0,CAPACITY_EXCEEDED,INVALID
314,2,2,19,23290,30190,1,FEASIBLE,WORSE
315,2,2,20,23174,30074,1,FEASIBLE,WORSE
316,2,2,21,22857,29757,1,FEASIBLE,WORSE
317,2,2,22,22752,29652,1,FEASIBLE,WORSE
318,2,2,23,24339,31439,0,CAPACITY_EXCEEDED,INVALID
319,2,2,24,24365,31465,0,CAPACITY_EXCEEDED,INVALID
320,2,2,25,23397,30297,1,FEASIBLE,WORSE
321,2,2,26,22878,29778,1,FEASIBLE,WORSE
322,2,2,27,22812,29712,1,FEASIBLE,WORSE
323,2,2,28,22978,29878,1,FEASIBLE,WORSE
324,2,2,29,23306,30206,1,FEASIBLE,WORSE
325,2,2,30,23010,29910,1,FEASIBLE,WORSE
326,2,2,31,23394,30294,1,FEASIBLE,WORSE
327,2,2,32,24419,31519,0,CAPACITY_EXCEEDED,INVALID
328,2,2,33,24350,31450,0,CAPACITY_EXCEEDED,INVALID
329,2,2,34,22936,29836,1,FEASIBLE,WORSE
330,2,2,35,23183,30083,1,FEASIBLE,WORSE
331,2,2,36,24393,31493,0,CAPACITY_EXCEEDED,INVALID
332,2,2,37,22911,29811,1,FEASIBLE,WORSE
333,2,2,38,24367,31467,0,CAPACITY_EXCEEDED,INVALID
334,2,2,39,22635,29535,1,FEASIBLE,WORSE
335,2,2,40,22975,29875,1,FEASIBLE,WORSE
336,2,2,41,23070,29970,1,FEASIBLE,WORSE
337,2,2,42,22885,29785,1,FEASIBLE,WORSE
338,2,2,43,23052,29952,1,FEASIBLE,WORSE
339,2,2,44,23322,30222,1,FEASIBLE,WORSE
340,2,2,45,23178,30078,1,FEASIBLE,WORSE
341,2,2,46,24297,31397,0,CAPACITY_EXCEEDED,INVALID
342,2,2,47,23440,30340,1,FEASIBLE,WORSE
343,2,2,48,23437,30337,1,FEASIBLE,WORSE
344,2,2,49,22857,29757,1,FEASIBLE,WORSE
345,2,2,50,23203,30103,1,FEASIBLE,WORSE
346,2,2,51,22949,29849,1,FEASIBLE,WORSE
347,2,2,52,23012,29912,1,FEASIBLE,WORSE
348,2,2,53,23141,30041,1,FEASIBLE,WORSE
349,2,2,54,24482,31582,0,CAPACITY_EXCEEDED,INVALID
350,2,2,55,23288,30188,1,FEASIBLE,WORSE
351,2,2,56,23071,29971,1,FEASIBLE,WORSE
352,2,2,57,23281,30181,1,FEASIBLE,WORSE
353,2,2,58,22851,29751,1,FEASIBLE,WORSE
354,2,2,59,23207,30107,1,FEASIBLE,WORSE
355,2,2,60,23128,30028,1,FEASIBLE,WORSE
356,2,2,61,24231,31331,0,CAPACITY_EXCEEDED,INVALID
357,2,2,62,23163,30063,1,FEASIBLE,WORSE
358,2,2,63,22925,29825,1,FEASIBLE,WORSE
359,2,2,64,24389,31489,0,CAPACITY_EXCEEDED,INVALID
360,2,2,65,23383,30283,1,FEASIBLE,WORSE
361,2,2,66,23422,30322,1,FEASIBLE,WORSE
362,2,2,67,23255,30155,1,FEASIBLE,WORSE
363,2,2,68,24250,31350,0,CAPACITY_EXCEEDED,INVALID
364,2,2,69,22868,29768,1,FEASIBLE,WORSE
365,2,2,70,23246,30146,1,FEASIBLE,WORSE
366,2,2,71,23152,30052,1,FEASIBLE,WORSE
367,2,2,72,23306,30206,1,FEASIBLE,WORSE
368,2,2,73,23024,29924,1,FEASIBLE,WORSE
369,2,2,74,23441,30341,1,FEASIBLE,WORSE
370,2,2,75,22786,29686,1,FEASIBLE,WORSE
371,2,2,76,24380,31480,0,CAPACITY_EXCEEDED,INVALID
372,2,2,77,24439,31539,0,CAPACITY_EXCEEDED,INVALID
373,2,2,78,24219,31319,0,CAPACITY_EXCEEDED,INVALID
374,2,2,79,24444,31544,0,CAPACITY_EXCEEDED,INVALID
375,2,2,80,23465,30365,1,FEASIBLE,WORSE
376,2,2,81,23195,30095,1,FEASIBLE,WORSE
377,2,2,82,24451,31551,0,CAPACITY_EXCEEDED,INVALID
378,2,2,83,24260,31360,0,CAPACITY_EXCEEDED,INVALID
379,2,2,84,23073,29973,1,FEASIBLE,WORSE
380,2,2,85,24428,31528,0,CAPACITY_EXCEEDED,INVALID
381,2,2,86,22863,29763,1,FEASIBLE,WORSE
382,2,2,87,24302,31402,0,CAPACITY_EXCEEDED,INVALID
383,2,2,88,23190,30090,1,FEASIBLE,WORSE
384,2,2,89,23292,30192,1,FEASIBLE,WORSE
385,2,2,90,23039,29939,1,FEASIBLE,WORSE
386,2,2,91,23347,30247,1,FEASIBLE,WORSE
387,2,2,92,23102,30002,1,FEASIBLE,WORSE
388,2,2,93,24446,31546,0,CAPACITY_EXCEEDED,INVALID
389,2,2,94,23152,30052,1,FEASIBLE,WORSE
390,2,2,95,23474,30374,1,FEASIBLE,WORSE
391,2,2,96,23439,30339,1,FEASIBLE,WORSE
392,2,2,97,23314,30214,1,FEASIBLE,WORSE
393,2,2,98,24268,31368,0,CAPACITY_EXCEEDED,INVALID
394,2,2,99,23121,30021,1,FEASIBLE,WORSE
395,2,3,4,23969,31069,0,CAPACITY_EXCEEDED,INVALID
396,2,3,5,23634,30734,1,FEASIBLE,WORSE
397,2,3,6,24954,32254,0,CAPACITY_EXCEEDED,INVALID
398,2,3,7,24837,32137,0,CAPACITY_EXCEEDED,INVALID
399,2,3,8,24802,32102,0,CAPACITY_EXCEEDED,INVALID
400,2,3,9,23814,30914,1,FEASIBLE,WORSE
401,2,3,10,23499,30599,1,FEASIBLE,WORSE
402,2,3,11,23759,30859,1,FEASIBLE,WORSE
403,2,3,12,23863,30963,1,FEASIBLE,WORSE
404,2,3,13,23929,31029,0,CAPACITY_EXCEEDED,INVALID
405,2,3,14,23821,30921,1,FEASIBLE,WORSE
406,2,3,15,24964,32264,0,CAPACITY_EXCEEDED,INVALID
407,2,3,16,24865,32165,0,CAPACITY_EXCEEDED,INVALID
408,2,3,17,24843,32143,0,CAPACITY_EXCEEDED,INVALID
409,2,3,18,24837,32137,0,CAPACITY_EXCEEDED,INVALID
410,2,3,19,23842,30942,1,FEASIBLE,WORSE
411,2,3,20,23726,30826,1,FEASIBLE,WORSE
412,2,3,21,23409,30509,1,FEASIBLE,WORSE
413,2,3,22,23304,30404,1,FEASIBLE,WORSE
414,2,3,23,24891,32191,0,CAPACITY_EXCEEDED,INVALID
415,2,3,24,24917,32217,0,CAPACITY_EXCEEDED,INVALID
416,2,3,25,23949,31049,0,CAPACITY_EXCEEDED,INVALID
417,2,3,26,23430,30530,1,FEASIBLE,WORSE
418,2,3,27,23364,30464,1,FEASIBLE,WORSE
419,2,3,28,23530,30630,1,FEASIBLE,WORSE
420,2,3,29,23858,30958,1,FEASIBLE,WORSE
421,2,3,30,23562,30662,1,FEASIBLE,WORSE
422,2,3,31,23946,31046,0,CAPACITY_EXCEEDED,INVALID
423,2,3,32,24971,32271,0,CAPACITY_EXCEEDED,INVALID
424,2,3,33,24902,32202,0,CAPACITY_EXCEEDED,INVALID
425,2,3,34,23488,30588,1,FEASIBLE,WORSE
426,2,3,35,23735,30835,1,FEASIBLE,WORSE
427,2,3,36,24945,32245,0,CAPACITY_EXCEEDED,INVALID
428,2,3,37,23463,30563,1,FEASIBLE,WORSE
429,2,3,38,24919,32219,0,CAPACITY_EXCEEDED,INVALID
430,2,3,39,23187,30287,1,FEASIBLE,WORSE
431,2,3,40,23527,30627,1,FEASIBLE,WORSE
432,2,3,41,23622,30722,1,FEASIBLE,WORSE
433,2,3,42,23437,30537,1,FEASIBLE,WORSE
434,2,3,43,23604,30704,1,FEASIBLE,WORSE
435,2,3,44,23874,30974,1,FEASIBLE,WORSE
436,2,3,45,23730,30830,1,FEASIBLE,WORSE
437,2,3,46,24849,32149,0,CAPACITY_EXCEEDED,INVALID
438,2,3,47,23992,31092,0,CAPACITY_EXCEEDED,INVALID
439,2,3,48,23989,31089,0,CAPACITY_EXCEEDED,INVALID
440,2,3,49,23409,30509,1,FEASIBLE,WORSE
441,2,3,50,23755,30855,1,FEASIBLE,WORSE
442,2,3,51,23501,30601,1,FEASIBLE,WORSE
443,2,3,52,23564,30664,1,FEASIBLE,WORSE
444,2,3,53,23693,30793,1,FEASIBLE,WORSE
445,2,3,54,25034,32334,0,CAPACITY_EXCEEDED,INVALID
446,2,3,55,23840,30940,1,FEASIBLE,WORSE
447,2,3,56,23623,30723,1,FEASIBLE,WORSE
448,2,3,57,23833,30933,1,FEASIBLE,WORSE
449,2,3,58,23403,30503,1,FEASIBLE,WORSE
450,2,3,59,23759,30859,1,FEASIBLE,WORSE
451,2,3,60,23680,30780,1,FEASIBLE,WORSE
452,2,3,61,24783,32083,0,CAPACITY_EXCEEDED,INVALID
453,2,3,62,23715,30815,1,FEASIBLE,WORSE
454,2,3,63,23477,30577,1,FEASIBLE,WORSE
455,2,3,64,24941,32241,0,CAPACITY_EXCEEDED,INVALID
456,2,3,65,23935,31035,0,CAPACITY_EXCEEDED,INVALID
457,2,3,66,23974,31074,0,CAPACITY_EXCEEDED,INVALID
458,2,3,67,23807,30907,1,FEASIBLE,WORSE
459,2,3,68,24802,32102,0,CAPACITY_EXCEEDED,INVALID
460,2,3,69,23420,30520,1,FEASIBLE,WORSE
461,2,3,70,23798,30898,1,FEASIBLE,WORSE
462,2,3,71,23704,30804,1,FEASIBLE,WORSE
463,2,3,72,23858,30958,1,FEASIBLE,WORSE
464,2,3,73,23576,30676,1,FEASIBLE,WORSE
465,2,3,74,23993,31093,0,CAPACITY_EXCEEDED,INVALID
466,2,3,75,23338,30438,1,FEASIBLE,WORSE
467,2,3,76,24932,32232,0,CAPACITY_EXCEEDED,INVALID
468,2,3,77,24991,32291,0,CAPACITY_EXCEEDED,INVALID
469,2,3,78,24771,32071,0,CAPACITY_EXCEEDED,INVALID
470,2,3,79,24996,32296,0,CAPACITY_EXCEEDED,INVALID
471,2,3,80,24017,31117,0,CAPACITY_EXCEEDED,INVALID
472,2,3,81,23747,30847,1,FEASIBLE,WORSE
473,2,3,82,25003,32303,0,CAPACITY_EXCEEDED,INVALID
474,2,3,83,24812,32112,0,CAPACITY_EXCEEDED,INVALID
475,2,3,84,23625,30725,1,FEASIBLE,WORSE
476,2,3,85,24980,32280,0,CAPACITY_EXCEEDED,INVALID
477,2,3,86,23415,30515,1,FEASIBLE,WORSE
478,2,3,87,24854,32154,0,CAPACITY_EXCEEDED,INVALID
479,2,3,88,23742,30842,1,FEASIBLE,WORSE
480,2,3,89,23844,30944,1,FEASIBLE,WORSE
481,2,3,90,23591,30691,1,FEASIBLE,WORSE
482,2,3,91,23899,30999,0,CAPACITY_EXCEEDED,INVALID
483,2,3,92,23654,30754,1,FEASIBLE,WORSE
484,2,3,93,24998,32298,0,CAPACITY_EXCEEDED,INVALID
485,2,3,94,23704,30804,1,FEASIBLE,WORSE
486,2,3,95,24026,31126,0,CAPACITY_EXCEEDED,INVALID
487,2,3,96,23991,31091,0,CAPACITY_EXCEEDED,INVALID
488,2,3,97,23866,30966,1,FEASIBLE,WORSE
489,2,3,98,24820,32120,0,CAPACITY_EXCEEDED,INVALID
490,2,3,99,23673,30773,1,FEASIBLE,WORSE
491,2,4,5,23412,30312,1,FEASIBLE,WORSE
492,2,4,6,24732,31832,0,CAPACITY_EXCEEDED,INVALID
493,2,4,7,24615,31715,0,CAPACITY_EXCEEDED,INVALID
494,2,4,8,24580,31680,0,CAPACITY_EXCEEDED,INVALID
495,2,4,9,23592,30492,1,FEASIBLE,WORSE
496,2,4,10,23277,30177,1,FEASIBLE,WORSE
497,2,4,11,23537,30437,1,FEASIBLE,WORSE
498,2,4,12,23641,30541,1,FEASIBLE,WORSE
499,2,4,13,23707,30607,1,FEASIBLE,WORSE
500,2,4,14,23599,30499,1,FEASIBLE,WORSE
501,2,4,15,24742,31842,0,CAPACITY_EXCEEDED,INVALID
502,2,4,16,24643,31743,0,CAPACITY_EXCEEDED,INVALID
503,2,4,17,24621,31721,0,CAPACITY_EXCEEDED,INVALID
504,2,4,18,24615,31715,0,CAPACITY_EXCEEDED,INVALID
505,2,4,19,23620,30520,1,FEASIBLE,WORSE
506,2,4,20,23504,30404,1,FEASIBLE,WORSE
507,2,4,21,23187,30087,1,FEASIBLE,WORSE
508,2,4,22,23082,29982,1,FEASIBLE,WORSE
509,2,4,23,24669,31769,0,CAPACITY_EXCEEDED,INVALID
510,2,4,24,24695,31795,0,CAPACITY_EXCEEDED,INVALID
511,2,4,25,23727,30627,1,FEASIBLE,WORSE
512,2,4,26,23208,30108,1,FEASIBLE,WORSE
513,2,4,27,23142,30042,1,FEASIBLE,WORSE
514,2,4,28,23308,30208,1,FEASIBLE,WORSE
515,2,4,29,23636,30536,1,FEASIBLE,WORSE
516,2,4,30,23340,30240,1,FEASIBLE,WORSE
517,2,4,31,23724,30624,1,FEASIBLE,WORSE
518,2,4,32,24749,31849,0,CAPACITY_EXCEEDED,INVALID
519,2,4,33,24680,31780,0,CAPACITY_EXCEEDED,INVALID
520,2,4,34,23266,30166,1,FEASIBLE,WORSE
521,2,4,35,23513,30413,1,FEASIBLE,WORSE
522,2,4,36,24723,31823,0,CAPACITY_EXCEEDED,INVALID
523,2,4,37,23241,30141,1,FEASIBLE,WORSE
524,2,4,38,24697,31797,0,CAPACITY_EXCEEDED,INVALID
525,2,4,39,22965,29865,1,FEASIBLE,WORSE
526,2,4,40,23305,30205,1,FEASIBLE,WORSE
527,2,4,41,23400,30300,1,FEASIBLE,WORSE
528,2,4,42,23215,30115,1,FEASIBLE,WORSE
529,2,4,43,23382,30282,1,FEASIBLE,WORSE
530,2,4,44,23652,30552,1,FEASIBLE,WORSE
531,2,4,45,23508,30408,1,FEASIBLE,WORSE
532,2,4,46,24627,31727,0,CAPACITY_EXCEEDED,INVALID
533,2,4,47,23770,30670,1,FEASIBLE,WORSE
534,2,4,48,23767,30667,1,FEASIBLE,WORSE
535,2,4,49,23187,30087,1,FEASIBLE,WORSE
536,2,4,50,23533,30433,1,FEASIBLE,WORSE
537,2,4,51,23279,30179,1,FEASIBLE,WORSE
538,2,4,52,23342,30242,1,FEASIBLE,WORSE
539,2,4,53,23471,30371,1,FEASIBLE,WORSE
540,2,4,54,24812,31912,0,CAPACITY_EXCEEDED,INVALID
541,2,4,55,23618,30518,1,FEASIBLE,WORSE
542,2,4,56,23401,30301,1,FEASIBLE,WORSE
543,2,4,57,23611,30511,1,FEASIBLE,WORSE
544,2,4,58,23181,30081,1,FEASIBLE,WORSE
545,2,4,59,23537,30437,1,FEASIBLE,WORSE
546,2,4,60,23458,30358,1,FEASIBLE,WORSE
547,2,4,61,24561,31661,0,CAPACITY_EXCEEDED,INVALID
548,2,4,62,23493,30393,1,FEASIBLE,WORSE
549,2,4,63,23255,30155,1,FEASIBLE,WORSE
550,2,4,64,24719,31819,0,CAPACITY_EXCEEDED,INVALID
551,2,4,65,23713,30613,1,FEASIBLE,WORSE
552,2,4,66,23752,30652,1,FEASIBLE,WORSE
553,2,4,67,23585,30485,1,FEASIBLE,WORSE
554,2,4,68,24580,31680,0,CAPACITY_EXCEEDED,INVALID
555,2,4,69,23198,30098,1,FEASIBLE,WORSE
556,2,4,70,23576,30476,1,FEASIBLE,WORSE
557,2,4,71,23482,30382,1,FEASIBLE,WORSE
558,2,4,72,23636,30536,1,FEASIBLE,WORSE
559,2,4,73,23354,30254,1,FEASIBLE,WORSE
560,2,4,74,23771,30671,1,FEASIBLE,WORSE
561,2,4,75,23116,30016,1,FEASIBLE,WORSE
562,2,4,76,24710,31810,0,CAPACITY_EXCEEDED,INVALID
563,2,4,77,24769,31869,0,CAPACITY_EXCEEDED,INVALID
564,2,4,78,24549,31649,0,CAPACITY_EXCEEDED,INVALID
565,2,4,79,24774,31874,0,CAPACITY_EXCEEDED,INVALID
566,2,4,80,23795,30695,1,FEASIBLE,WORSE
567,2,4,81,23525,30425,1,FEASIBLE,WORSE
568,2,4,82,24781,31881,0,CAPACITY_EXCEEDED,INVALID
569,2,4,83,24590,31690,0,CAPACITY_EXCEEDED,INVALID
570,2,4,84,23403,30303,1,FEASIBLE,WORSE
571,2,4,85,24758,31858,0,CAPACITY_EXCEEDED,INVALID
572,2,4,86,23193,30093,1,FEASIBLE,WORSE
573,2,4,87,24632,31732,0,CAPACITY_EXCEEDED,INVALID
574,2,4,88,23520,30420,1,FEASIBLE,WORSE
575,2,4,89,23622,30522,1,FEASIBLE,WORSE
576,2,4,90,23369,30269,1,FEASIBLE,WORSE
577,2,4,91,23677,30577,1,FEASIBLE,WORSE
578,2,4,92,23432,30332,1,FEASIBLE,WORSE
579,2,4,93,24776,31876,0,CAPACITY_EXCEEDED,INVALID
580,2,4,94,23482,30382,1,FEASIBLE,WORSE
581,2,4,95,23804,30704,1,FEASIBLE,WORSE
582,2,4,96,23769,30669,1,FEASIBLE,WORSE
583,2,4,97,23644,30544,1,FEASIBLE,WORSE
584,2,4,98,24598,31698,0,CAPACITY_EXCEEDED,INVALID
585,2,4,99,23451,30351,1,FEASIBLE,WORSE
586,2,5,6,24397,31497,0,CAPACITY_EXCEEDED,INVALID
587,2,5,7,24280,31380,0,CAPACITY_EXCEEDED,INVALID
588,2,5,8,24245,31345,0,CAPACITY_EXCEEDED,INVALID
589,2,5,9,23257,30157,1,FEASIBLE,WORSE
590,2,5,10,22942,29842,1,FEASIBLE,WORSE
591,2,5,11,23202,30102,1,FEASIBLE,WORSE
592,2,5,12,23306,30206,1,FEASIBLE,WORSE
593,2,5,13,23372,30272,1,FEASIBLE,WORSE
594,2,5,14,23264,30164,1,FEASIBLE,WORSE
595,2,5,15,24407,31507,0,CAPACITY_EXCEEDED,INVALID
596,2,5,16,24308,31408,0,CAPACITY_EXCEEDED,INVALID
597,2,5,17,24286,31386,0,CAPACITY_EXCEEDED,INVALID
598,2,5,18,24280,31380,0,CAPACITY_EXCEEDED,INVALID
599,2,5,19,23285,30185,1,FEASIBLE,WORSE
600,2,5,20,23169,30069,1,FEASIBLE,WORSE
601,2,5,21,22852,29752,1,FEASIBLE,WORSE
602,2,5,22,22747,29647,1,FEASIBLE,WORSE
603,2,5,23,24334,31434,0,CAPACITY_EXCEEDED,INVALID
604,2,5,24,24360,31460,0,CAPACITY_EXCEEDED,INVALID
605,2,5,25,23392,30292,1,FEASIBLE,WORSE
606,2,5,26,22873,29773,1,FEASIBLE,WORSE
607,2,5,27,22807,29707,1,FEASIBLE,WORSE
608,2,5,28,22973,29873,1,FEASIBLE,WORSE
609,2,5,29,23301,30201,1,FEASIBLE,WORSE
610,2,5,30,23005,29905,1,FEASIBLE,WORSE
611,2,5,31,23389,30289,1,FEASIBLE,WORSE
612,2,5,32,24414,31514,0,CAPACITY_EXCEEDED,INVALID
613,2,5,33,24345,31445,0,CAPACITY_EXCEEDED,INVALID
614,2,5,34,22931,29831,1,FEASIBLE,WORSE
615,2,5,35,23178,30078,1,FEASIBLE,WORSE
616,2,5,36,24388,31488,0,CAPACITY_EXCEEDED,INVALID
617,2,5,37,22906,29806,1,FEASIBLE,WORSE
618,2,5,38,24362,31462,0,CAPACITY_EXCEEDED,INVALID
619,2,5,39,22630,29530,1,FEASIBLE,WORSE
620,2,5,40,22970,29870,1,FEASIBLE,WORSE
621,2,5,41,23065,29965,1,FEASIBLE,WORSE
622,2,5,42,22880,29780,1,FEASIBLE,WORSE
623,2,5,43,23047,29947,1,FEASIBLE,WORSE
624,2,5,44,23317,30217,1,FEASIBLE,WORSE
625,2,5,45,23173,30073,1,FEASIBLE,WORSE
626,2,5,46,24292,31392,0,CAPACITY_EXCEEDED,INVALID
627,2,5,47,23435,30335,1,FEASIBLE,WORSE
628,2,5,48,23432,30332,1,FEASIBLE,WORSE
629,2,5,49,22852,29752,1,FEASIBLE,WORSE
630,2,5,50,23198,30098,1,FEASIBLE,WORSE
631,2,5,51,22944,29844,1,FEASIBLE,WORSE
632,2,5,52,23007,29907,1,FEASIBLE,WORSE
633,2,5,53,23136,30036,1,FEASIBLE,WORSE
634,2,5,54,24477,31577,0,CAPACITY_EXCEEDED,INVALID
635,2,5,55,23283,30183,1,FEASIBLE,WORSE
636,2,5,56,23066,29966,1,FEASIBLE,WORSE
637,2,5,57,23276,30176,1,FEASIBLE,WORSE
638,2,5,58,22846,29746,1,FEASIBLE,WORSE
639,2,5,59,23202,30102,1,FEASIBLE,WORSE
640,2,5,60,23123,30023,1,FEASIBLE,WORSE
641,2,5,61,24226,31326,0,CAPACITY_EXCEEDED,INVALID
642,2,5,62,23158,30058,1,FEASIBLE,WORSE
643,2,5,63,22920,29820,1,FEASIBLE,WORSE
644,2,5,64,24384,31484,0,CAPACITY_EXCEEDED,INVALID
645,2,5,65,23378,30278,1,FEASIBLE,WORSE
646,2,5,66,23417,30317,1,FEASIBLE,WORSE
647,2,5,67,23250,30150,1,FEASIBLE,WORSE
648,2,5,68,24245,31345,0,CAPACITY_EXCEEDED,INVALID
649,2,5,69,22863,29763,1,FEASIBLE,WORSE
650,2,5,70,23241,30141,1,FEASIBLE,WORSE
651,2,5,71,23147,30047,1,FEASIBLE,WORSE
652,2,5,72,23301,30201,1,FEASIBLE,WORSE
653,2,5,73,23019,29919,1,FEASIBLE,WORSE
654,2,5,74,23436,30336,1,FEASIBLE,WORSE
655,2,5,75,22781,29681,1,FEASIBLE,WORSE
656,2,5,76,24375,31475,0,CAPACITY_EXCEEDED,INVALID
657,2,5,77,24434,31534,0,CAPACITY_EXCEEDED,INVALID
658,2,5,78,24214,31314,0,CAPACITY_EXCEEDED,INVALID
659,2,5,79,24439,31539,0,CAPACITY_EXCEEDED,INVALID
660,2,5,80,23460,30360,1,FEASIBLE,WORSE
661,2,5,81,23190,30090,1,FEASIBLE,WORSE
662,2,5,82,24446,31546,0,CAPACITY_EXCEEDED,INVALID
663,2,5,83,24255,31355,0,CAPACITY_EXCEEDED,INVALID
664,2,5,84,23068,29968,1,FEASIBLE,WORSE
665,2,5,85,24423,31523,0,CAPACITY_EXCEEDED,INVALID
666,2,5,86,22858,29758,1,FEASIBLE,WORSE
667,2,5,87,24297,31397,0,CAPACITY_EXCEEDED,INVALID
668,2,5,88,23185,30085,1,FEASIBLE,WORSE
669,2,5,89,23287,30187,1,FEASIBLE,WORSE
670,2,5,90,23034,29934,1,FEASIBLE,WORSE
671,2,5,91,23342,30242,1,FEASIBLE,WORSE
672,2,5,92,23097,29997,1,FEASIBLE,WORSE
673,2,5,93,24441,31541,0,CAPACITY_EXCEEDED,INVALID
674,2,5,94,23147,30047,1,FEASIBLE,WORSE
675,2,5,95,23469,30369,1,FEASIBLE,WORSE
676,2,5,96,23434,30334,1,FEASIBLE,WORSE
677,2,5,97,23309,30209,1,FEASIBLE,WORSE
678,2,5,98,24263,31363,0,CAPACITY_EXCEEDED,INVALID
679,2,5,99,23116,30016,1,FEASIBLE,WORSE
680,2,6,7,25600,32900,0,CAPACITY_EXCEEDED,INVALID
681,2,6,8,25565,32865,0,CAPACITY_EXCEEDED,INVALID
682,2,6,9,24577,31677,0,CAPACITY_EXCEEDED,INVALID
683,2,6,10,24262,31362,0,CAPACITY_EXCEEDED,INVALID
684,2,6,11,24522,31622,0,CAPACITY_EXCEEDED,INVALID
685,2,6,12,24626,31726,0,CAPACITY_EXCEEDED,INVALID
686,2,6,13,24692,31792,0,CAPACITY_EXCEEDED,INVALID
687,2,6,14,24584,31684,0,CAPACITY_EXCEEDED,INVALID
688,2,6,15,25727,33027,0,CAPACITY_EXCEEDED,INVALID
689,2,6,16,25628,32928,0,CAPACITY_EXCEEDED,INVALID
690,2,6,17,25606,32906,0,CAPACITY_EXCEEDED,INVALID
691,2,6,18,25600,32900,0,CAPACITY_EXCEEDED,INVALID
692,2,6,19,24605,31705,0,CAPACITY_EXCEEDED,INVALID
693,2,6,20,24489,31589,0,CAPACITY_EXCEEDED,INVALID
694,2,6,21,24172,31272,0,CAPACITY_EXCEEDED,INVALID
695,2,6,22,24067,31167,0,CAPACITY_EXCEEDED,INVALID
696,2,6,23,25654,32954,0,CAPACITY_EXCEEDED,INVALID
697,2,6,24,25680,32980,0,CAPACITY_EXCEEDED,INVALID
698,2,6,25,24712,31812,0,CAPACITY_EXCEEDED,INVALID
699,2,6,26,24193,31293,0,CAPACITY_EXCEEDED,INVALID
700,2,6,27,24127,31227,0,CAPACITY_EXCEEDED,INVALID
701,2,6,28,24293,31393,0,CAPACITY_EXCEEDED,INVALID
702,2,6,29,24621,31721,0,CAPACITY_EXCEEDED,INVALID
703,2,6,30,24325,31425,0,CAPACITY_EXCEEDED,INVALID
704,2,6,31,24709,31809,0,CAPACITY_EXCEEDED,INVALID
705,2,6,32,25734,33034,0,CAPACITY_EXCEEDED,INVALID
706,2,6,33,25665,32965,0,CAPACITY_EXCEEDED,INVALID
707,2,6,34,24251,31351,0,CAPACITY_EXCEEDED,INVALID
708,2,6,35,24498,31598,0,CAPACITY_EXCEEDED,INVALID
709,2,6,36,25708,33008,0,CAPACITY_EXCEEDED,INVALID
710,2,6,37,24226,31326,0,CAPACITY_EXCEEDED,INVALID
711,2,6,38,25682,32982,0,CAPACITY_EXCEEDED,INVALID
712,2,6,39,23950,31050,0,CAPACITY_EXCEEDED,INVALID
713,2,6,40,24290,31390,0,CAPACITY_EXCEEDED,INVALID
714,2,6,41,24385,31485,0,CAPACITY_EXCEEDED,INVALID
715,2,6,42,24200,31300,0,CAPACITY_EXCEEDED,INVALID
716,2,6,43,24367,31467,0,CAPACITY_EXCEEDED,INVALID
717,2,6,44,24637,31737,0,CAPACITY_EXCEEDED,INVALID
718,2,6,45,24493,31593,0,CAPACITY_EXCEEDED,INVALID
719,2,6,46,25612,32912,0,CAPACITY_EXCEEDED,INVALID
720,2,6,47,24755,31855,0,CAPACITY_EXCEEDED,INVALID
721,2,6,48,24752,31852,0,CAPACITY_EXCEEDED,INVALID
722,2,6,49,24172,31272,0,CAPACITY_EXCEEDED,INVALID
723,2,6,50,24518,31618,0,CAPACITY_EXCEEDED,INVALID
724,2,6,51,24264,31364,0,CAPACITY_EXCEEDED,INVALID
725,2,6,52,24327,31427,0,CAPACITY_EXCEEDED,INVALID
726,2,6,53,24456,31556,0,CAPACITY_EXCEEDED,INVALID
727,2,6,54,25797,33097,0,CAPACITY_EXCEEDED,INVALID
728,2,6,55,24603,31703,0,CAPACITY_EXCEEDED,INVALID
729,2,6,56,24386,31486,0,CAPACITY_EXCEEDED,INVALID
730,2,6,57,24596,31696,0,CAPACITY_EXCEEDED,INVALID
731,2,6,58,24166,31266,0,CAPACITY_EXCEEDED,INVALID
732,2,6,59,24522,31622,0,CAPACITY_EXCEEDED,INVALID
733,2,6,60,24443,31543,0,CAPACITY_EXCEEDED,INVALID
734,2,6,61,25546,32846,0,CAPACITY_EXCEEDED,INVALID
735,2,6,62,24478,31578,0,CAPACITY_EXCEEDED,INVALID
736,2,6,63,24240,31340,0,CAPACITY_EXCEEDED,INVALID
737,2,6,64,25704,33004,0,CAPACITY_EXCEEDED,INVALID
738,2,6,65,24698,31798,0,CAPACITY_EXCEEDED,INVALID
739,2,6,66,24737,31837,0,CAPACITY_EXCEEDED,INVALID
740,2,6,67,24570,31670,0,CAPACITY_EXCEEDED,INVALID
741,2,6,68,25565,32865,0,CAPACITY_EXCEEDED,INVALID
742,2,6,69,24183,31283,0,CAPACITY_EXCEEDED,INVALID
743,2,6,70,24561,31661,0,CAPACITY_EXCEEDED,INVALID
744,2,6,71,24467,31567,0,CAPACITY_EXCEEDED,INVALID
745,2,6,72,24621,31721,0,CAPACITY_EXCEEDED,INVALID
746,2,6,73,24339,31439,0,CAPACITY_EXCEEDED,INVALID
747,2,6,74,24756,31856,0,CAPACITY_EXCEEDED,INVALID
748,2,6,75,24101,31201,0,CAPACITY_EXCEEDED,INVALID
749,2,6,76,25695,32995,0,CAPACITY_EXCEEDED,INVALID
750,2,6,77,25754,33054,0,CAPACITY_EXCEEDED,INVALID
751,2,6,78,25534,32834,0,CAPACITY_EXCEEDED,INVALID
752,2,6,79,25759,33059,0,CAPACITY_EXCEEDED,INVALID
753,2,6,80,24780,31880,0,CAPACITY_EXCEEDED,INVALID
754,2,6,81,24510,31610,0,CAPACITY_EXCEEDED,INVALID
755,2,6,82,25766,33066,0,CAPACITY_EXCEEDED,INVALID
756,2,6,83,25575,32875,0,CAPACITY_EXCEEDED,INVALID
757,2,6,84,24388,31488,0,CAPACITY_EXCEEDED,INVALID
758,2,6,85,25743,33043,0,CAPACITY_EXCEEDED,INVALID
759,2,6,86,24178,31278,0,CAPACITY_EXCEEDED,INVALID
760,2,6,87,25617,32917,0,CAPACITY_EXCEEDED,INVALID
761,2,6,88,24505,31605,0,CAPACITY_EXCEEDED,INVALID
762,2,6,89,24607,31707,0,CAPACITY_EXCEEDED,INVALID
763,2,6,90,24354,31454,0,CAPACITY_EXCEEDED,INVALID
764,2,6,91,24662,31762,0,CAPACITY_EXCEEDED,INVALID
765,2,6,92,24417,31517,0,CAPACITY_EXCEEDED,INVALID
766,2,6,93,25761,33061,0,CAPACITY_EXCEEDED,INVALID
767,2,6,94,24467,31567,0,CAPACITY_EXCEEDED,INVALID
768,2,6,95,24789,31889,0,CAPACITY_EXCEEDED,INVALID
769,2,6,96,24754,31854,0,CAPACITY_EXCEEDED,INVALID
770,2,6,97,24629,31729,0,CAPACITY_EXCEEDED,INVALID
771,2,6,98,25583,32883,0,CAPACITY_EXCEEDED,INVALID
772,2,6,99,24436,31536,0,CAPACITY_EXCEEDED,INVALID
773,2,7,8,25448,32748,0,CAPACITY_EXCEEDED,INVALID
774,2,7,9,24460,31560,0,CAPACITY_EXCEEDED,INVALID
775,2,7,10,24145,31245,0,CAPACITY_EXCEEDED,INVALID
776,2,7,11,24405,31505,0,CAPACITY_EXCEEDED,INVALID
777,2,7,12,24509,31609,0,CAPACITY_EXCEEDED,INVALID
778,2,7,13,24575,31675,0,CAPACITY_EXCEEDED,INVALID
779,2,7,14,24467,31567,0,CAPACITY_EXCEEDED,INVALID
780,2,7,15,25610,32910,0,CAPACITY_EXCEEDED,INVALID
781,2,7,16,25511,32811,0,CAPACITY_EXCEEDED,INVALID
782,2,7,17,25489,32789,0,CAPACITY_EXCEEDED,INVALID
783,2,7,18,25483,32783,0,CAPACITY_EXCEEDED,INVALID
784,2,7,19,24488,31588,0,CAPACITY_EXCEEDED,INVALID
785,2,7,20,24372,31472,0,CAPACITY_EXCEEDED,INVALID
786,2,7,21,24055,31155,0,CAPACITY_EXCEEDED,INVALID
787,2,7,22,23950,31050,0,CAPACITY_EXCEEDED,INVALID
788,2,7,23,25537,32837,0,CAPACITY_EXCEEDED,INVALID
789,2,7,24,25563,32863,0,CAPACITY_EXCEEDED,INVALID
790,2,7,25,24595,31695,0,CAPACITY_EXCEEDED,INVALID
791,2,7,26,24076,31176,0,CAPACITY_EXCEEDED,INVALID
792,2,7,27,24010,31110,0,CAPACITY_EXCEEDED,INVALID
793,2,7,28,24176,31276,0,CAPACITY_EXCEEDED,INVALID
794,2,7,29,24504,31604,0,CAPACITY_EXCEEDED,INVALID
795,2,7,30,24208,31308,0,CAPACITY_EXCEEDED,INVALID
796,2,7,31,24592,31692,0,CAPACITY_EXCEEDED,INVALID
797,2,7,32,25617,32917,0,CAPACITY_EXCEEDED,INVALID
798,2,7,33,25548,32848,0,CAPACITY_EXCEEDED,INVALID
799,2,7,34,24134,31234,0,CAPACITY_EXCEEDED,INVALID
800,2,7,35,24381,31481,0,CAPACITY_EXCEEDED,INVALID
801,2,7,36,25591,32891,0,CAPACITY_EXCEEDED,INVALID
802,2,7,37,24109,31209,0,CAPACITY_EXCEEDED,INVALID
803,2,7,38,25565,32865,0,CAPACITY_EXCEEDED,INVALID
804,2,7,39,23833,30933,1,FEASIBLE,WORSE
805,2,7,40,24173,31273,0,CAPACITY_EXCEEDED,INVALID
806,2,7,41,24268,31368,0,CAPACITY_EXCEEDED,INVALID
807,2,7,42,24083,31183,0,CAPACITY_EXCEEDED,INVALID
808,2,7,43,24250,31350,0,CAPACITY_EXCEEDED,INVALID
809,2,7,44,24520,31620,0,CAPACITY_EXCEEDED,INVALID
810,2,7,45,24376,31476,0,CAPACITY_EXCEEDED,INVALID
811,2,7,46,25495,32795,0,CAPACITY_EXCEEDED,INVALID
812,2,7,47,24638,31738,0,CAPACITY_EXCEEDED,INVALID
813,2,7,48,24635,31735,0,CAPACITY_EXCEEDED,INVALID
814,2,7,49,24055,31155,0,CAPACITY_EXCEEDED,INVALID
815,2,7,50,24401,31501,0,CAPACITY_EXCEEDED,INVALID
816,2,7,51,24147,31247,0,CAPACITY_EXCEEDED,INVALID
817,2,7,52,24210,31310,0,CAPACITY_EXCEEDED,INVALID
818,2,7,53,24339,31439,0,CAPACITY_EXCEEDED,INVALID
819,2,7,54,25680,32980,0,CAPACITY_EXCEEDED,INVALID
820,2,7,55,24486,31586,0,CAPACITY_EXCEEDED,INVALID
821,2,7,56,24269,31369,0,CAPACITY_EXCEEDED,INVALID
822,2,7,57,24479,31579,0,CAPACITY_EXCEEDED,INVALID
823,2,7,58,24049,31149,0,CAPACITY_EXCEEDED,INVALID
824,2,7,59,24405,31505,0,CAPACITY_EXCEEDED,INVALID
825,2,7,60,24326,31426,0,CAPACITY_EXCEEDED,INVALID
826,2,7,61,25429,32729,0,CAPACITY_EXCEEDED,INVALID
827,2,7,62,24361,31461,0,CAPACITY_EXCEEDED,INVALID
828,2,7,63,24123,31223,0,CAPACITY_EXCEEDED,INVALID
829,2,7,64,25587,32887,0,CAPACITY_EXCEEDED,INVALID
830,2,7,65,24581,31681,0,CAPACITY_EXCEEDED,INVALID
831,2,7,66,24620,31720,0,CAPACITY_EXCEEDED,INVALID
832,2,7,67,24453,31553,0,CAPACITY_EXCEEDED,INVALID
833,2,7,68,25448,32748,0,CAPACITY_EXCEEDED,INVALID
834,2,7,69,24066,31166,0,CAPACITY_EXCEEDED,INVALID
835,2,7,70,24444,31544,0,CAPACITY_EXCEEDED,INVALID
836,2,7,71,24350,31450,0,CAPACITY_EXCEEDED,INVALID
837,2,7,72,24504,31604,0,CAPACITY_EXCEEDED,INVALID
838,2,7,73,24222,31322,0,CAPACITY_EXCEEDED,INVALID
839,2,7,74,24639,31739,0,CAPACITY_EXCEEDED,INVALID
840,2,7,75,23984,31084,0,CAPACITY_EXCEEDED,INVALID
841,2,7,76,25578,32878,0,CAPACITY_EXCEEDED,INVALID
842,2,7,77,25637,32937,0,CAPACITY_EXCEEDED,INVALID
843,2,7,78,25417,32717,0,CAPACITY_EXCEEDED,INVALID
844,2,7,79,25642,32942,0,CAPACITY_EXCEEDED,INVALID
845,2,7,80,24663,31763,0,CAPACITY_EXCEEDED,INVALID
846,2,7,81,24393,31493,0,CAPACITY_EXCEEDED,INVALID
847,2,7,82,25649,32949,0,CAPACITY_EXCEEDED,INVALID
848,2,7,83,25458,32758,0,CAPACITY_EXCEEDED,INVALID
849,2,7,84,24271,31371,0,CAPACITY_EXCEEDED,INVALID
850,2,7,85,25626,32926,0,CAPACITY_EXCEEDED,INVALID
851,2,7,86,24061,31161,0,CAPACITY_EXCEEDED,INVALID
852,2,7,87,25500,32800,0,CAPACITY_EXCEEDED,INVALID
853,2,7,88,24388,31488,0,CAPACITY_EXCEEDED,INVALID
854,2,7,89,24490,31590,0,CAPACITY_EXCEEDED,INVALID
855,2,7,90,24237,31337,0,CAPACITY_EXCEEDED,INVALID
856,2,7,91,24545,31645,0,CAPACITY_EXCEEDED,INVALID
857,2,7,92,24300,31400,0,CAPACITY_EXCEEDED,INVALID
858,2,7,93,25644,32944,0,CAPACITY_EXCEEDED,INVALID
859,2,7,94,24350,31450,0,CAPACITY_EXCEEDED,INVALID
860,2,7,95,24672,31772,0,CAPACITY_EXCEEDED,INVALID
861,2,7,96,24637,31737,0,CAPACITY_EXCEEDED,INVALID
862,2,7,97,24512,31612,0,CAPACITY_EXCEEDED,INVALID
863,2,7,98,25466,32766,0,CAPACITY_EXCEEDED,INVALID
864,2,7,99,24319,31419,0,CAPACITY_EXCEEDED,INVALID
865,2,8,9,24425,31525,0,CAPACITY_EXCEEDED,INVALID
866,2,8,10,24110,31210,0,CAPACITY_EXCEEDED,INVALID
867,2,8,11,24370,31470,0,CAPACITY_EXCEEDED,INVALID
868,2,8,12,24474,31574,0,CAPACITY_EXCEEDED,INVALID
869,2,8,13,24540,31640,0,CAPACITY_EXCEEDED,INVALID
870,2,8,14,24432,31532,0,CAPACITY_EXCEEDED,INVALID
871,2,8,15,25575,32875,0,CAPACITY_EXCEEDED,INVALID
872,2,8,16,25476,32776,0,CAPACITY_EXCEEDED,INVALID
873,2,8,17,25454,32754,0,CAPACITY_EXCEEDED,INVALID
874,2,8,18,25448,32748,0,CAPACITY_EXCEEDED,INVALID
875,2,8,19,24453,31553,0,CAPACITY_EXCEEDED,INVALID
876,2,8,20,24337,31437,0,CAPACITY_EXCEEDED,INVALID
877,2,8,21,24020,31120,0,CAPACITY_EXCEEDED,INVALID
878,2,8,22,23915,31015,0,CAPACITY_EXCEEDED,INVALID
879,2,8,23,25502,32802,0,CAPACITY_EXCEEDED,INVALID
880,2,8,24,25528,32828,0,CAPACITY_EXCEEDED,INVALID
881,2,8,25,24560,31660,0,CAPACITY_EXCEEDED,INVALID
882,2,8,26,24041,31141,0,CAPACITY_EXCEEDED,INVALID
883,2,8,27,23975,31075,0,CAPACITY_EXCEEDED,INVALID
884,2,8,28,24141,31241,0,CAPACITY_EXCEEDED,INVALID
885,2,8,29,24469,31569,0,CAPACITY_EXCEEDED,INVALID
886,2,8,30,24173,31273,0,CAPACITY_EXCEEDED,INVALID
887,2,8,31,24557,31657,0,CAPACITY_EXCEEDED,INVALID
888,2,8,32,25582,32882,0,CAPACITY_EXCEEDED,INVALID
889,2,8,33,25513,32813,0,CAPACITY_EXCEEDED,INVALID
890,2,8,34,24099,31199,0,CAPACITY_EXCEEDED,INVALID
891,2,8,35,24346,31446,0,CAPACITY_EXCEEDED,INVALID
892,2,8,36,25556,32856,0,CAPACITY_EXCEEDED,INVALID
893,2,8,37,24074,31174,0,CAPACITY_EXCEEDED,INVALID
894,2,8,38,25530,32830,0,CAPACITY_EXCEEDED,INVALID
895,2,8,39,23798,30898,1,FEASIBLE,WORSE
896,2,8,40,24138,31238,0,CAPACITY_EXCEEDED,INVALID
897,2,8,41,24233,31333,0,CAPACITY_EXCEEDED,INVALID
898,2,8,42,24048,31148,0,CAPACITY_EXCEEDED,INVALID
899,2,8,43,24215,31315,0,CAPACITY_EXCEEDED,INVALID
900,2,8,44,24485,31585,0,CAPACITY_EXCEEDED,INVALID
901,2,8,45,24341,31441,0,CAPACITY_EXCEEDED,INVALID
902,2,8,46,25460,32760,0,CAPACITY_EXCEEDED,INVALID
903,2,8,47,24603,31703,0,CAPACITY_EXCEEDED,INVALID
904,2,8,48,24600,31700,0,CAPACITY_EXCEEDED,INVALID
905,2,8,49,24020,31120,0,CAPACITY_EXCEEDED,INVALID
906,2,8,50,24366,31466,0,CAPACITY_EXCEEDED,INVALID
907,2,8,51,24112,31212,0,CAPACITY_EXCEEDED,INVALID
908,2,8,52,24175,31275,0,CAPACITY_EXCEEDED,INVALID
909,2,8,53,24304,31404,0,CAPACITY_EXCEEDED,INVALID
910,2,8,54,25645,32945,0,CAPACITY_EXCEEDED,INVALID
911,2,8,55,24451,31551,0,CAPACITY_EXCEEDED,INVALID
912,2,8,56,24234,31334,0,CAPACITY_EXCEEDED,INVALID
913,2,8,57,24444,31544,0,CAPACITY_EXCEEDED,INVALID
914,2,8,58,24014,31114,0,CAPACITY_EXCEEDED,INVALID
915,2,8,59,24370,31470,0,CAPACITY_EXCEEDED,INVALID
916,2,8,60,24291,31391,0,CAPACITY_EXCEEDED,INVALID
917,2,8,61,25394,32694,0,CAPACITY_EXCEEDED,INVALID
918,2,8,62,24326,31426,0,CAPACITY_EXCEEDED,INVALID
919,2,8,63,24088,31188,0,CAPACITY_EXCEEDED,INVALID
920,2,8,64,25552,32852,0,CAPACITY_EXCEEDED,INVALID
921,2,8,65,24546,31646,0,CAPACITY_EXCEEDED,INVALID
922,2,8,66,24585,31685,0,CAPACITY_EXCEEDED,INVALID
923,2,8,67,24418,31518,0,CAPACITY_EXCEEDED,INVALID
924,2,8,68,25413,32713,0,CAPACITY_EXCEEDED,INVALID
925,2,8,69,24031,31131,0,CAPACITY_EXCEEDED,INVALID
926,2,8,70,24409,31509,0,CAPACITY_EXCEEDED,INVALID
927,2,8,71,24315,31415,0,CAPACITY_EXCEEDED,INVALID
928,2,8,72,24469,31569,0,CAPACITY_EXCEEDED,INVALID
929,2,8,73,24187,31287,0,CAPACITY_EXCEEDED,INVALID
930,2,8,74,24604,31704,0,CAPACITY_EXCEEDED,INVALID
931,2,8,75,23949,31049,0,CAPACITY_EXCEEDED,INVALID
932,2,8,76,25543,32843,0,CAPACITY_EXCEEDED,INVALID
933,2,8,77,25602,32902,0,CAPACITY_EXCEEDED,INVALID
934,2,8,78,25382,32682,0,CAPACITY_EXCEEDED,INVALID
935,2,8,79,25607,32907,0,CAPACITY_EXCEEDED,INVALID
936,2,8,80,24628,31728,0,CAPACITY_EXCEEDED,INVALID
937,2,8,81,24358,31458,0,CAPACITY_EXCEEDED,INVALID
938,2,8,82,25614,32914,0,CAPACITY_EXCEEDED,INVALID
939,2,8,83,25423,32723,0,CAPACITY_EXCEEDED,INVALID
940,2,8,84,24236,31336,0,CAPACITY_EXCEEDED,INVALID
941,2,8,85,25591,32891,0,CAPACITY_EXCEEDED,INVALID
942,2,8,86,24026,31126,0,CAPACITY_EXCEEDED,INVALID
943,2,8,87,25465,32765,0,CAPACITY_EXCEEDED,INVALID
944,2,8,88,24353,31453,0,CAPACITY_EXCEEDED,INVALID
945,2,8,89,24455,31555,0,CAPACITY_EXCEEDED,INVALID
946,2,8,90,24202,31302,0,CAPACITY_EXCEEDED,INVALID
947,2,8,91,24510,31610,0,CAPACITY_EXCEEDED,INVALID
948,2,8,92,24265,31365,0,CAPACITY_EXCEEDED,INVALID
949,2,8,93,25609,32909,0,CAPACITY_EXCEEDED,INVALID
950,2,8,94,24315,31415,0,CAPACITY_EXCEEDED,INVALID
951,2,8,95,24637,31737,0,CAPACITY_EXCEEDED,INVALID
952,2,8,96,24602,31702,0,CAPACITY_EXCEEDED,INVALID
953,2,8,97,24477,31577,0,CAPACITY_EXCEEDED,INVALID
954,2,8,98,25431,32731,0,CAPACITY_EXCEEDED,INVALID
955,2,8,99,24284,31384,0,CAPACITY_EXCEEDED,INVALID
956,2,9,10,23122,30022,1,FEASIBLE,WORSE
957,2,9,11,23382,30282,1,FEASIBLE,WORSE
958,2,9,12,23486,30386,1,FEASIBLE,WORSE
959,2,9,13,23552,30452,1,FEASIBLE,WORSE
960,2,9,14,23444,30344,1,FEASIBLE,WORSE
961,2,9,15,24587,31687,0,CAPACITY_EXCEEDED,INVALID
962,2,9,16,24488,31588,0,CAPACITY_EXCEEDED,INVALID
963,2,9,17,24466,31566,0,CAPACITY_EXCEEDED,INVALID
964,2,9,18,24460,31560,0,CAPACITY_EXCEEDED,INVALID
965,2,9,19,23465,30365,1,FEASIBLE,WORSE
966,2,9,20,23349,30249,1,FEASIBLE,WORSE
967,2,9,21,23032,29932,1,FEASIBLE,WORSE
968,2,9,22,22927,29827,1,FEASIBLE,WORSE
969,2,9,23,24514,31614,0,CAPACITY_EXCEEDED,INVALID
970,2,9,24,24540,31640,0,CAPACITY_EXCEEDED,INVALID
971,2,9,25,23572,30472,1,FEASIBLE,WORSE
972,2,9,26,23053,29953,1,FEASIBLE,WORSE
973,2,9,27,22987,29887,1,FEASIBLE,WORSE
974,2,9,28,23153,30053,1,FEASIBLE,WORSE
975,2,9,29,23481,30381,1,FEASIBLE,WORSE
976,2,9,30,23185,30085,1,FEASIBLE,WORSE
977,2,9,31,23569,30469,1,FEASIBLE,WORSE
978,2,9,32,24594,31694,0,CAPACITY_EXCEEDED,INVALID
979,2,9,33,24525,31625,0,CAPACITY_EXCEEDED,INVALID
980,2,9,34,23111,30011,1,FEASIBLE,WORSE
981,2,9,35,23358,30258,1,FEASIBLE,WORSE
982,2,9,36,24568,31668,0,CAPACITY_EXCEEDED,INVALID
983,2,9,37,23086,29986,1,FEASIBLE,WORSE
984,2,9,38,24542,31642,0,CAPACITY_EXCEEDED,INVALID
985,2,9,39,22810,29710,1,FEASIBLE,WORSE
986,2,9,40,23150,30050,1,FEASIBLE,WORSE
987,2,9,41,23245,30145,1,FEASIBLE,WORSE
988,2,9,42,23060,29960,1,FEASIBLE,WORSE
989,2,9,43,23227,30127,1,FEASIBLE,WORSE
990,2,9,44,23497,30397,1,FEASIBLE,WORSE
991,2,9,45,23353,30253,1,FEASIBLE,WORSE
992,2,9,46,24472,31572,0,CAPACITY_EXCEEDED,INVALID
993,2,9,47,23615,30515,1,FEASIBLE,WORSE
994,2,9,48,23612,30512,1,FEASIBLE,WORSE
995,2,9,49,23032,29932,1,FEASIBLE,WORSE
996,2,9,50,23378,30278,1,FEASIBLE,WORSE
997,2,9,51,23124,30024,1,FEASIBLE,WORSE
998,2,9,52,23187,30087,1,FEASIBLE,WORSE
999,2,9,53,23316,30216,1,FEASIBLE,WORSE
1000,2,9,54,24657,31757,0,CAPACITY_EXCEEDED,INVALID
1001,2,9,55,23463,30363,1,FEASIBLE,WORSE
1002,2,9,56,23246,30146,1,FEASIBLE,WORSE
1003,2,9,57,23456,30356,1,FEASIBLE,WORSE
1004,2,9,58,23026,29926,1,FEASIBLE,WORSE
1005,2,9,59,23382,30282,1,FEASIBLE,WORSE
1006,2,9,60,23303,30203,1,FEASIBLE,WORSE
1007,2,9,61,24406,31506,0,CAPACITY_EXCEEDED,INVALID
1008,2,9,62,23338,30238,1,FEASIBLE,WORSE
1009,2,9,63,23100,30000,1,FEASIBLE,WORSE
1010,2,9,64,24564,31664,0,CAPACITY_EXCEEDED,INVALID
1011,2,9,65,23558,30458,1,FEASIBLE,WORSE
1012,2,9,66,23597,30497,1,FEASIBLE,WORSE
1013,2,9,67,23430,30330,1,FEASIBLE,WORSE
1014,2,9,68,24425,31525,0,CAPACITY_EXCEEDED,INVALID
1015,2,9,69,23043,29943,1,FEASIBLE,WORSE
1016,2,9,70,23421,30321,1,FEASIBLE,WORSE
1017,2,9,71,23327,30227,1,FEASIBLE,WORSE
1018,2,9,72,23481,30381,1,FEASIBLE,WORSE
1019,2,9,73,23199,30099,1,FEASIBLE,WORSE
1020,2,9,74,23616,30516,1,FEASIBLE,WORSE
1021,2,9,75,22961,29861,1,FEASIBLE,WORSE
1022,2,9,76,24555,31655,0,CAPACITY_EXCEEDED,INVALID
1023,2,9,77,24614,31714,0,CAPACITY_EXCEEDED,INVALID
1024,2,9,78,24394,31494,0,CAPACITY_EXCEEDED,INVALID
1025,2,9,79,24619,31719,0,CAPACITY_EXCEEDED,INVALID
1026,2,9,80,23640,30540,1,FEASIBLE,WORSE
1027,2,9,81,23370,30270,1,FEASIBLE,WORSE
1028,2,9,82,24626,31726,0,CAPACITY_EXCEEDED,INVALID
1029,2,9,83,24435,31535,0,CAPACITY_EXCEEDED,INVALID
1030,2,9,84,23248,30148,1,FEASIBLE,WORSE
1031,2,9,85,24603,31703,0,CAPACITY_EXCEEDED,INVALID
1032,2,9,86,23038,29938,1,FEASIBLE,WORSE
1033,2,9,87,24477,31577,0,CAPACITY_EXCEEDED,INVALID
1034,2,9,88,23365,30265,1,FEASIBLE,WORSE
1035,2,9,89,23467,30367,1,FEASIBLE,WORSE
1036,2,9,90,23214,30114,1,FEASIBLE,WORSE
1037,2,9,91,23522,30422,1,FEASIBLE,WORSE
1038,2,9,92,23277,30177,1,FEASIBLE,WORSE
1039,2,9,93,24621,31721,0,CAPACITY_EXCEEDED,INVALID
1040,2,9,94,23327,30227,1,FEASIBLE,WORSE
1041,2,9,95,23649,30549,1,FEASIBLE,WORSE
1042,2,9,96,23614,30514,1,FEASIBLE,WORSE
1043,2,9,97,23489,30389,1,FEASIBLE,WORSE
1044,2,9,98,24443,31543,0,CAPACITY_EXCEEDED,INVALID
1045,2,9,99,23296,30196,1,FEASIBLE,WORSE
1046,2,10,11,23067,29967,1,FEASIBLE,WORSE
1047,2,10,12,23171,30071,1,FEASIBLE,WORSE
1048,2,10,13,23237,30137,1,FEASIBLE,WORSE
1049,2,10,14,23129,30029,1,FEASIBLE,WORSE
1050,2,10,15,24272,31372,0,CAPACITY_EXCEEDED,INVALID
1051,2,10,16,24173,31273,0,CAPACITY_EXCEEDED,INVALID
1052,2,10,17,24151,31251,0,CAPACITY_EXCEEDED,INVALID
1053,2,10,18,24145,31245,0,CAPACITY_EXCEEDED,INVALID
1054,2,10,19,23150,30050,1,FEASIBLE,WORSE
1055,2,10,20,23034,29934,1,FEASIBLE,WORSE
1056,2,10,21,22717,29617,1,FEASIBLE,WORSE
1057,2,10,22,22612,29512,1,FEASIBLE,WORSE
1058,2,10,23,24199,31299,0,CAPACITY_EXCEEDED,INVALID
1059,2,10,24,24225,31325,0,CAPACITY_EXCEEDED,INVALID
1060,2,10,25,23257,30157,1,FEASIBLE,WORSE
1061,2,10,26,22738,29638,1,FEASIBLE,WORSE
1062,2,10,27,22672,29572,1,FEASIBLE,WORSE
1063,2,10,28,22838,29738,1,FEASIBLE,WORSE
1064,2,10,29,23166,30066,1,FEASIBLE,WORSE
1065,2,10,30,22870,29770,1,FEASIBLE,WORSE
1066,2,10,31,23254,30154,1,FEASIBLE,WORSE
1067,2,10,32,24279,31379,0,CAPACITY_EXCEEDED,INVALID
1068,2,10,33,24210,31310,0,CAPACITY_EXCEEDED,INVALID
1069,2,10,34,22796,29696,1,FEASIBLE,WORSE
1070,2,10,35,23043,29943,1,FEASIBLE,WORSE
1071,2,10,36,24253,31353,0,CAPACITY_EXCEEDED,INVALID
1072,2,10,37,22771,29671,1,FEASIBLE,WORSE
1073,2,10,38,24227,31327,0,CAPACITY_EXCEEDED,INVALID
1074,2,10,39,22495,29395,1,FEASIBLE,WORSE
1075,2,10,40,22835,29735,1,FEASIBLE,WORSE
1076,2,10,41,22930,29830,1,FEASIBLE,WORSE
1077,2,10,42,22745,29645,1,FEASIBLE,WORSE
1078,2,10,43,22912,29812,1,FEASIBLE,WORSE
1079,2,10,44,23182,30082,1,FEASIBLE,WORSE
1080,2,10,45,23038,29938,1,FEASIBLE,WORSE
1081,2,10,46,24157,31257,0,CAPACITY_EXCEEDED,INVALID
1082,2,10,47,23300,30200,1,FEASIBLE,WORSE
1083,2,10,48,23297,30197,1,FEASIBLE,WORSE
1084,2,10,49,22717,29617,1,FEASIBLE,WORSE
1085,2,10,50,23063,29963,1,FEASIBLE,WORSE
1086,2,10,51,22809,29709,1,FEASIBLE,WORSE
1087,2,10,52,22872,29772,1,FEASIBLE,WORSE
1088,2,10,53,23001,29901,1,FEASIBLE,WORSE
1089,2,10,54,24342,31442,0,CAPACITY_EXCEEDED,INVALID
1090,2,10,55,23148,30048,1,FEASIBLE,WORSE
1091,2,10,56,22931,29831,1,FEASIBLE,WORSE
1092,2,10,57,23141,30041,1,FEASIBLE,WORSE
1093,2,10,58,22711,29611,1,FEASIBLE,WORSE
1094,2,10,59,23067,29967,1,FEASIBLE,WORSE
1095,2,10,60,22988,29888,1,FEASIBLE,WORSE
1096,2,10,61,24091,31191,0,CAPACITY_EXCEEDED,INVALID
1097,2,10,62,23023,29923,1,FEASIBLE,WORSE
1098,2,10,63,22785,29685,1,FEASIBLE,WORSE
1099,2,10,64,24249,31349,0,CAPACITY_EXCEEDED,INVALID
1100,2,10,65,23243,30143,1,FEASIBLE,WORSE
1101,2,10,66,23282,30182,1,FEASIBLE,WORSE
1102,2,10,67,23115,30015,1,FEASIBLE,WORSE
1103,2,10,68,24110,31210,0,CAPACITY_EXCEEDED,INVALID
1104,2,10,69,22728,29628,1,FEASIBLE,WORSE
1105,2,10,70,23106,30006,1,FEASIBLE,WORSE
1106,2,10,71,23012,29912,1,FEASIBLE,WORSE
1107,2,10,72,23166,30066,1,FEASIBLE,WORSE
1108,2,10,73,22884,29784,1,FEASIBLE,WORSE
1109,2,10,74,23301,30201,1,FEASIBLE,WORSE
1110,2,10,75,22646,29546,1,FEASIBLE,WORSE
1111,2,10,76,24240,31340,0,CAPACITY_EXCEEDED,INVALID
1112,2,10,77,24299,31399,0,CAPACITY_EXCEEDED,INVALID
1113,2,10,78,24079,31179,0,CAPACITY_EXCEEDED,INVALID
1114,2,10,79,24304,31404,0,CAPACITY_EXCEEDED,INVALID
1115,2,10,80,23325,30225,1,FEASIBLE,WORSE
1116,2,10,81,23055,29955,1,FEASIBLE,WORSE
1117,2,10,82,24311,31411,0,CAPACITY_EXCEEDED,INVALID
1118,2,10,83,24120,31220,0,CAPACITY_EXCEEDED,INVALID
1119,2,10,84,22933,29833,1,FEASIBLE,WORSE
1120,2,10,85,24288,31388,0,CAPACITY_EXCEEDED,INVALID
1121,2,10,86,22723,29623,1,FEASIBLE,WORSE
1122,2,10,87,24162,31262,0,CAPACITY_EXCEEDED,INVALID
1123,2,10,88,23050,29950,1,FEASIBLE,WORSE
1124,2,10,89,23152,30052,1,FEASIBLE,WORSE
1125,2,10,90,22899,29799,1,FEASIBLE,WORSE
1126,2,10,91,23207,30107,1,FEASIBLE,WORSE
1127,2,10,92,22962,29862,1,FEASIBLE,WORSE
1128,2,10,93,24306,31406,0,CAPACITY_EXCEEDED,INVALID
1129,2,10,94,23012,29912,1,FEASIBLE,WORSE
1130,2,10,95,23334,30234,1,FEASIBLE,WORSE
1131,2,10,96,23299,30199,1,FEASIBLE,WORSE
1132,2,10,97,23174,30074,1,FEASIBLE,WORSE
1133,2,10,98,24128,31228,0,CAPACITY_EXCEEDED,INVALID
1134,2,10,99,22981,29881,1,FEASIBLE,WORSE
1135,2,11,12,23431,30331,1,FEASIBLE,WORSE
1136,2,11,13,23497,30397,1,FEASIBLE,WORSE
1137,2,11,14,23389,30289,1,FEASIBLE,WORSE
1138,2,11,15,24532,31632,0,CAPACITY_EXCEEDED,INVALID
1139,2,11,16,24433,31533,0,CAPACITY_EXCEEDED,INVALID
1140,2,11,17,24411,31511,0,CAPACITY_EXCEEDED,INVALID
1141,2,11,18,24405,31505,0,CAPACITY_EXCEEDED,INVALID
1142,2,11,19,23410,30310,1,FEASIBLE,WORSE
1143,2,11,20,23294,30194,1,FEASIBLE,WORSE
1144,2,11,21,22977,29877,1,FEASIBLE,WORSE
1145,2,11,22,22872,29772,1,FEASIBLE,WORSE
1146,2,11,23,24459,31559,0,CAPACITY_EXCEEDED,INVALID
1147,2,11,24,24485,31585,0,CAPACITY_EXCEEDED,INVALID
1148,2,11,25,23517,30417,1,FEASIBLE,WORSE
1149,2,11,26,22998,29898,1,FEASIBLE,WORSE
1150,2,11,27,22932,29832,1,FEASIBLE,WORSE
1151,2,11,28,23098,29998,1,FEASIBLE,WORSE
1152,2,11,29,23426,30326,1,FEASIBLE,WORSE
1153,2,11,30,23130,30030,1,FEASIBLE,WORSE
1154,2,11,31,23514,30414,1,FEASIBLE,WORSE
1155,2,11,32,24539,31639,0,CAPACITY_EXCEEDED,INVALID
1156,2,11,33,24470,31570,0,CAPACITY_EXCEEDED,INVALID
1157,2,11,34,23056,29956,1,FEASIBLE,WORSE
1158,2,11,35,23303,30203,1,FEASIBLE,WORSE
1159,2,11,36,24513,31613,0,CAPACITY_EXCEEDED,INVALID
1160,2,11,37,23031,29931,1,FEASIBLE,WORSE
1161,2,11,38,24487,31587,0,CAPACITY_EXCEEDED,INVALID
1162,2,11,39,22755,29655,1,FEASIBLE,WORSE
1163,2,11,40,23095,29995,1,FEASIBLE,WORSE
1164,2,11,41,23190,30090,1,FEASIBLE,WORSE
1165,2,11,42,23005,29905,1,FEASIBLE,WORSE
1166,2,11,43,23172,30072,1,FEASIBLE,WORSE
1167,2,11,44,23442,30342,1,FEASIBLE,WORSE
1168,2,11,45,23298,30198,1,FEASIBLE,WORSE
1169,2,11,46,24417,31517,0,CAPACITY_EXCEEDED,INVALID
1170,2,11,47,23560,30460,1,FEASIBLE,WORSE
1171,2,11,48,23557,30457,1,FEASIBLE,WORSE
1172,2,11,49,22977,29877,1,FEASIBLE,WORSE
1173,2,11,50,23323,30223,1,FEASIBLE,WORSE
1174,2,11,51,23069,29969,1,FEASIBLE,WORSE
1175,2,11,52,23132,30032,1,FEASIBLE,WORSE
1176,2,11,53,23261,30161,1,FEASIBLE,WORSE
1177,2,11,54,24602,31702,0,CAPACITY_EXCEEDED,INVALID
1178,2,11,55,23408,30308,1,FEASIBLE,WORSE
1179,2,11,56,23191,30091,1,FEASIBLE,WORSE
1180,2,11,57,23401,30301,1,FEASIBLE,WORSE
1181,2,11,58,22971,29871,1,FEASIBLE,WORSE
1182,2,11,59,23327,30227,1,FEASIBLE,WORSE
1183,2,11,60,23248,30148,1,FEASIBLE,WORSE
1184,2,11,61,24351,31451,0,CAPACITY_EXCEEDED,INVALID
1185,2,11,62,23283,30183,1,FEASIBLE,WORSE
1186,2,11,63,23045,29945,1,FEASIBLE,WORSE
1187,2,11,64,24509,31609,0,CAPACITY_EXCEEDED,INVALID
1188,2,11,65,23503,30403,1,FEASIBLE,WORSE
1189,2,11,66,23542,30442,1,FEASIBLE,WORSE
1190,2,11,67,23375,30275,1,FEASIBLE,WORSE
1191,2,11,68,24370,31470,0,CAPACITY_EXCEEDED,INVALID
1192,2,11,69,22988,29888,1,FEASIBLE,WORSE
1193,2,11,70,23366,30266,1,FEASIBLE,WORSE
1194,2,11,71,23272,30172,1,FEASIBLE,WORSE
1195,2,11,72,23426,30326,1,FEASIBLE,WORSE
1196,2,11,73,23144,30044,1,FEASIBLE,WORSE
1197,2,11,74,23561,30461,1,FEASIBLE,WORSE
1198,2,11,75,22906,29806,1,FEASIBLE,WORSE
1199,2,11,76,24500,31600,0,CAPACITY_EXCEEDED,INVALID
1200,2,11,77,24559,31659,0,CAPACITY_EXCEEDED,INVALID
1201,2,11,78,24339,31439,0,CAPACITY_EXCEEDED,INVALID
1202,2,11,79,24564,31664,0,CAPACITY_EXCEEDED,INVALID
1203,2,11,80,23585,30485,1,FEASIBLE,WORSE
1204,2,11,81,23315,30215,1,FEASIBLE,WORSE
1205,2,11,82,24571,31671,0,CAPACITY_EXCEEDED,INVALID
1206,2,11,83,24380,31480,0,CAPACITY_EXCEEDED,INVALID
1207,2,11,84,23193,30093,1,FEASIBLE,WORSE
1208,2,11,85,24548,31648,0,CAPACITY_EXCEEDED,INVALID
1209,2,11,86,22983,29883,1,FEASIBLE,WORSE
1210,2,11,87,24422,31522,0,CAPACITY_EXCEEDED,INVALID
1211,2,11,88,23310,30210,1,FEASIBLE,WORSE
1212,2,11,89,23412,30312,1,FEASIBLE,WORSE
1213,2,11,90,23159,30059,1,FEASIBLE,WORSE
1214,2,11,91,23467,30367,1,FEASIBLE,WORSE
1215,2,11,92,23222,30122,1,FEASIBLE,WORSE
1216,2,11,93,24566,31666,0,CAPACITY_EXCEEDED,INVALID
1217,2,11,94,23272,30172,1,FEASIBLE,WORSE
1218,2,11,95,23594,30494,1,FEASIBLE,WORSE
1219,2,11,96,23559,30459,1,FEASIBLE,WORSE
1220,2,11,97,23434,30334,1,FEASIBLE,WORSE
1221,2,11,98,24388,31488,0,CAPACITY_EXCEEDED,INVALID
1222,2,11,99,23241,30141,1,FEASIBLE,WORSE
1223,2,12,13,23601,30501,1,FEASIBLE,WORSE
1224,2,12,14,23493,30393,1,FEASIBLE,WORSE
1225,2,12,15,24636,31736,0,CAPACITY_EXCEEDED,INVALID
1226,2,12,16,24537,31637,0,CAPACITY_EXCEEDED,INVALID
1227,2,12,17,24515,31615,0,CAPACITY_EXCEEDED,INVALID
1228,2,12,18,24509,31609,0,CAPACITY_EXCEEDED,INVALID
1229,2,12,19,23514,30414,1,FEASIBLE,WORSE
1230,2,12,20,23398,30298,1,FEASIBLE,WORSE
1231,2,12,21,23081,29981,1,FEASIBLE,WORSE
1232,2,12,22,22976,29876,1,FEASIBLE,WORSE
1233,2,12,23,24563,31663,0,CAPACITY_EXCEEDED,INVALID
1234,2,12,24,24589,31689,0,CAPACITY_EXCEEDED,INVALID
1235,2,12,25,23621,30521,1,FEASIBLE,WORSE
1236,2,12,26,23102,30002,1,FEASIBLE,WORSE
1237,2,12,27,23036,29936,1,FEASIBLE,WORSE
1238,2,12,28,23202,30102,1,FEASIBLE,WORSE
1239,2,12,29,23530,30430,1,FEASIBLE,WORSE
1240,2,12,30,23234,30134,1,FEASIBLE,WORSE
1241,2,12,31,23618,30518,1,FEASIBLE,WORSE
1242,2,12,32,24643,31743,0,CAPACITY_EXCEEDED,INVALID
1243,2,12,33,24574,31674,0,CAPACITY_EXCEEDED,INVALID
1244,2,12,34,23160,30060,1,FEASIBLE,WORSE
1245,2,12,35,23407,30307,1,FEASIBLE,WORSE
1246,2,12,36,24617,31717,0,CAPACITY_EXCEEDED,INVALID
1247,2,12,37,23135,30035,1,FEASIBLE,WORSE
1248,2,12,38,24591,31691,0,CAPACITY_EXCEEDED,INVALID
1249,2,12,39,22859,29759,1,FEASIBLE,WORSE
1250,2,12,40,23199,30099,1,FEASIBLE,WORSE
1251,2,12,41,23294,30194,1,FEASIBLE,WORSE
1252,2,12,42,23109,30009,1,FEASIBLE,WORSE
1253,2,12,43,23276,30176,1,FEASIBLE,WORSE
1254,2,12,44,23546,30446,1,FEASIBLE,WORSE
1255,2,12,45,23402,30302,1,FEASIBLE,WORSE
1256,2,12,46,24521,31621,0,CAPACITY_EXCEEDED,INVALID
1257,2,12,47,23664,30564,1,FEASIBLE,WORSE
1258,2,12,48,23661,30561,1,FEASIBLE,WORSE
1259,2,12,49,23081,29981,1,FEASIBLE,WORSE
1260,2,12,50,23427,30327,1,FEASIBLE,WORSE
1261,2,12,51,23173,30073,1,FEASIBLE,WORSE
1262,2,12,52,23236,30136,1,FEASIBLE,WORSE
1263,2,12,53,23365,30265,1,FEASIBLE,WORSE
1264,2,12,54,24706,31806,0,CAPACITY_EXCEEDED,INVALID
1265,2,12,55,23512,30412,1,FEASIBLE,WORSE
1266,2,12,56,23295,30195,1,FEASIBLE,WORSE
1267,2,12,57,23505,30405,1,FEASIBLE,WORSE
1268,2,12,58,23075,29975,1,FEASIBLE,WORSE
1269,2,12,59,23431,30331,1,FEASIBLE,WORSE
1270,2,12,60,23352,30252,1,FEASIBLE,WORSE
1271,2,12,61,24455,31555,0,CAPACITY_EXCEEDED,INVALID
1272,2,12,62,23387,30287,1,FEASIBLE,WORSE
1273,2,12,63,23149,30049,1,FEASIBLE,WORSE
1274,2,12,64,24613,31713,0,CAPACITY_EXCEEDED,INVALID
1275,2,12,65,23607,30507,1,FEASIBLE,WORSE
1276,2,12,66,23646,30546,1,FEASIBLE,WORSE
1277,2,12,67,23479,30379,1,FEASIBLE,WORSE
1278,2,12,68,24474,31574,0,CAPACITY_EXCEEDED,INVALID
1279,2,12,69,23092,29992,1,FEASIBLE,WORSE
1280,2,12,70,23470,30370,1,FEASIBLE,WORSE
1281,2,12,71,23376,30276,1,FEASIBLE,WORSE
1282,2,12,72,23530,30430,1,FEASIBLE,WORSE
1283,2,12,73,23248,30148,1,FEASIBLE,WORSE
1284,2,12,74,23665,30565,1,FEASIBLE,WORSE
1285,2,12,75,23010,29910,1,FEASIBLE,WORSE
1286,2,12,76,24604,31704,0,CAPACITY_EXCEEDED,INVALID
1287,2,12,77,24663,31763,0,CAPACITY_EXCEEDED,INVALID
1288,2,12,78,24443,31543,0,CAPACITY_EXCEEDED,INVALID
1289,2,12,79,24668,31768,0,CAPACITY_EXCEEDED,INVALID
1290,2,12,80,23689,30589,1,FEASIBLE,WORSE
1291,2,12,81,23419,30319,1,FEASIBLE,WORSE
1292,2,12,82,24675,31775,0,CAPACITY_EXCEEDED,INVALID
1293,2,12,83,24484,31584,0,CAPACITY_EXCEEDED,INVALID
1294,2,12,84,23297,30197,1,FEASIBLE,WORSE
1295,2,12,85,24652,31752,0,CAPACITY_EXCEEDED,INVALID
1296,2,12,86,23087,29987,1,FEASIBLE,WORSE
1297,2,12,87,24526,31626,0,CAPACITY_EXCEEDED,INVALID
1298,2,12,88,23414,30314,1,FEASIBLE,WORSE
1299,2,12,89,23516,30416,1,FEASIBLE,WORSE
1300,2,12,90,23263,30163,1,FEASIBLE,WORSE
1301,2,12,91,23571,30471,1,FEASIBLE,WORSE
1302,2,12,92,23326,30226,1,FEASIBLE,WORSE
1303,2,12,93,24670,31770,0,CAPACITY_EXCEEDED,INVALID
1304,2,12,94,23376,30276,1,FEASIBLE,WORSE
1305,2,12,95,23698,30598,1,FEASIBLE,WORSE
1306,2,12,96,23663,30563,1,FEASIBLE,WORSE
1307,2,12,97,23538,30438,1,FEASIBLE,WORSE
1308,2,12,98,24492,31592,0,CAPACITY_EXCEEDED,INVALID
1309,2,12,99,23345,30245,1,FEASIBLE,WORSE
1310,2,13,14,23559,30459,1,FEASIBLE,WORSE
1311,2,13,15,24702,31802,0,CAPACITY_EXCEEDED,INVALID
1312,2,13,16,24603,31703,0,CAPACITY_EXCEEDED,INVALID
1313,2,13,17,24581,31681,0,CAPACITY_EXCEEDED,INVALID
1314,2,13,18,24575,31675,0,CAPACITY_EXCEEDED,INVALID
1315,2,13,19,23580,30480,1,FEASIBLE,WORSE
1316,2,13,20,23464,30364,1,FEASIBLE,WORSE
1317,2,13,21,23147,30047,1,FEASIBLE,WORSE
1318,2,13,22,23042,29942,1,FEASIBLE,WORSE
1319,2,13,23,24629,31729,0,CAPACITY_EXCEEDED,INVALID
1320,2,13,24,24655,31755,0,CAPACITY_EXCEEDED,INVALID
1321,2,13,25,23687,30587,1,FEASIBLE,WORSE
1322,2,13,26,23168,30068,1,FEASIBLE,WORSE
1323,2,13,27,23102,30002,1,FEASIBLE,WORSE
1324,2,13,28,23268,30168,1,FEASIBLE,WORSE
1325,2,13,29,23596,30496,1,FEASIBLE,WORSE
1326,2,13,30,23300,30200,1,FEASIBLE,WORSE
1327,2,13,31,23684,30584,1,FEASIBLE,WORSE
1328,2,13,32,24709,31809,0,CAPACITY_EXCEEDED,INVALID
1329,2,13,33,24640,31740,0,CAPACITY_EXCEEDED,INVALID
1330,2,13,34,23226,30126,1,FEASIBLE,WORSE
1331,2,13,35,23473,30373,1,FEASIBLE,WORSE
1332,2,13,36,24683,31783,0,CAPACITY_EXCEEDED,INVALID
1333,2,13,37,23201,30101,1,FEASIBLE,WORSE
1334,2,13,38,24657,31757,0,CAPACITY_EXCEEDED,INVALID
1335,2,13,39,22925,29825,1,FEASIBLE,WORSE
1336,2,13,40,23265,30165,1,FEASIBLE,WORSE
1337,2,13,41,23360,30260,1,FEASIBLE,WORSE
1338,2,13,42,23175,30075,1,FEASIBLE,WORSE
1339,2,13,43,23342,30242,1,FEASIBLE,WORSE
1340,2,13,44,23612,30512,1,FEASIBLE,WORSE
1341,2,13,45,23468,30368,1,FEASIBLE,WORSE
1342,2,13,46,24587,31687,0,CAPACITY_EXCEEDED,INVALID
1343,2,13,47,23730,30630,1,FEASIBLE,WORSE
1344,2,13,48,23727,30627,1,FEASIBLE,WORSE
1345,2,13,49,23147,30047,1,FEASIBLE,WORSE
1346,2,13,50,23493,30393,1,FEASIBLE,WORSE
1347,2,13,51,23239,30139,1,FEASIBLE,WORSE
1348,2,13,52,23302,30202,1,FEASIBLE,WORSE
1349,2,13,53,23431,30331,1,FEASIBLE,WORSE
1350,2,13,54,24772,31872,0,CAPACITY_EXCEEDED,INVALID
1351,2,13,55,23578,30478,1,FEASIBLE,WORSE
1352,2,13,56,23361,30261,1,FEASIBLE,WORSE
1353,2,13,57,23571,30471,1,FEASIBLE,WORSE
1354,2,13,58,23141,30041,1,FEASIBLE,WORSE
1355,2,13,59,23497,30397,1,FEASIBLE,WORSE
1356,2,13,60,23418,30318,1,FEASIBLE,WORSE
1357,2,13,61,24521,31621,0,CAPACITY_EXCEEDED,INVALID
1358,2,13,62,23453,30353,1,FEASIBLE,WORSE
1359,2,13,63,23215,30115,1,FEASIBLE,WORSE
1360,2,13,64,24679,31779,0,CAPACITY_EXCEEDED,INVALID
1361,2,13,65,23673,30573,1,FEASIBLE,WORSE
1362,2,13,66,23712,30612,1,FEASIBLE,WORSE
1363,2,13,67,23545,30445,1,FEASIBLE,WORSE
1364,2,13,68,24540,31640,0,CAPACITY_EXCEEDED,INVALID
1365,2,13,69,23158,30058,1,FEASIBLE,WORSE
1366,2,13,70,23536,30436,1,FEASIBLE,WORSE
1367,2,13,71,23442,30342,1,FEASIBLE,WORSE
1368,2,13,72,23596,30496,1,FEASIBLE,WORSE
1369,2,13,73,23314,30214,1,FEASIBLE,WORSE
1370,2,13,74,23731,30631,1,FEASIBLE,WORSE
1371,2,13,75,23076,29976,1,FEASIBLE,WORSE
1372,2,13,76,24670,31770,0,CAPACITY_EXCEEDED,INVALID
1373,2,13,77,24729,31829,0,CAPACITY_EXCEEDED,INVALID
1374,2,13,78,24509,31609,0,CAPACITY_EXCEEDED,INVALID
1375,2,13,79,24734,31834,0,CAPACITY_EXCEEDED,INVALID
1376,2,13,80,23755,30655,1,FEASIBLE,WORSE
1377,2,13,81,23485,30385,1,FEASIBLE,WORSE
1378,2,13,82,24741,31841,0,CAPACITY_EXCEEDED,INVALID
1379,2,13,83,24550,31650,0,CAPACITY_EXCEEDED,INVALID
1380,2,13,84,23363,30263,1,FEASIBLE,WORSE
1381,2,13,85,24718,31818,0,CAPACITY_EXCEEDED,INVALID
1382,2,13,86,23153,30053,1,FEASIBLE,WORSE
1383,2,13,87,24592,31692,0,CAPACITY_EXCEEDED,INVALID
1384,2,13,88,23480,30380,1,FEASIBLE,WORSE
1385,2,13,89,23582,30482,1,FEASIBLE,WORSE
1386,2,13,90,23329,30229,1,FEASIBLE,WORSE
1387,2,13,91,23637,30537,1,FEASIBLE,WORSE
1388,2,13,92,23392,30292,1,FEASIBLE,WORSE
1389,2,13,93,24736,31836,0,CAPACITY_EXCEEDED,INVALID
1390,2,13,94,23442,30342,1,FEASIBLE,WORSE
1391,2,13,95,23764,30664,1,FEASIBLE,WORSE
1392,2,13,96,23729,30629,1,FEASIBLE,WORSE
1393,2,13,97,23604,30504,1,FEASIBLE,WORSE
1394,2,13,98,24558,31658,0,CAPACITY_EXCEEDED,INVALID
1395,2,13,99,23411,30311,1,FEASIBLE,WORSE
1396,2,14,15,24594,31694,0,CAPACITY_EXCEEDED,INVALID
1397,2,14,16,24495,31595,0,CAPACITY_EXCEEDED,INVALID
1398,2,14,17,24473,31573,0,CAPACITY_EXCEEDED,INVALID
1399,2,14,18,24467,31567,0,CAPACITY_EXCEEDED,INVALID
1400,2,14,19,23472,30372,1,FEASIBLE,WORSE
1401,2,14,20,23356,30256,1,FEASIBLE,WORSE
1402,2,14,21,23039,29939,1,FEASIBLE,WORSE
1403,2,14,22,22934,29834,1,FEASIBLE,WORSE
1404,2,14,23,24521,31621,0,CAPACITY_EXCEEDED,INVALID
1405,2,14,24,24547,31647,0,CAPACITY_EXCEEDED,INVALID
1406,2,14,25,23579,30479,1,FEASIBLE,WORSE
1407,2,14,26,23060,29960,1,FEASIBLE,WORSE
1408,2,14,27,22994,29894,1,FEASIBLE,WORSE
1409,2,14,28,23160,30060,1,FEASIBLE,WORSE
1410,2,14,29,23488,30388,1,FEASIBLE,WORSE
1411,2,14,30,23192,30092,1,FEASIBLE,WORSE
1412,2,14,31,23576,30476,1,FEASIBLE,WORSE
1413,2,14,32,24601,31701,0,CAPACITY_EXCEEDED,INVALID
1414,2,14,33,24532,31632,0,CAPACITY_EXCEEDED,INVALID
1415,2,14,34,23118,30018,1,FEASIBLE,WORSE
1416,2,14,35,23365,30265,1,FEASIBLE,WORSE
1417,2,14,36,24575,31675,0,CAPACITY_EXCEEDED,INVALID
1418,2,14,37,23093,29993,1,FEASIBLE,WORSE
1419,2,14,38,24549,31649,0,CAPACITY_EXCEEDED,INVALID
1420,2,14,39,22817,29717,1,FEASIBLE,WORSE
1421,2,14,40,23157,30057,1,FEASIBLE,WORSE
1422,2,14,41,23252,30152,1,FEASIBLE,WORSE
1423,2,14,42,23067,29967,1,FEASIBLE,WORSE
1424,2,14,43,23234,30134,1,FEASIBLE,WORSE
1425,2,14,44,23504,30404,1,FEASIBLE,WORSE
1426,2,14,45,23360,30260,1,FEASIBLE,WORSE
1427,2,14,46,24479,31579,0,CAPACITY_EXCEEDED,INVALID
1428,2,14,47,23622,30522,1,FEASIBLE,WORSE
1429,2,14,48,23619,30519,1,FEASIBLE,WORSE
1430,2,14,49,23039,29939,1,FEASIBLE,WORSE
1431,2,14,50,23385,30285,1,FEASIBLE,WORSE
1432,2,14,51,23131,30031,1,FEASIBLE,WORSE
1433,2,14,52,23194,30094,1,FEASIBLE,WORSE
1434,2,14,53,23323,30223,1,FEASIBLE,WORSE
1435,2,14,54,24664,31764,0,CAPACITY_EXCEEDED,INVALID
1436,2,14,55,23470,30370,1,FEASIBLE,WORSE
1437,2,14,56,23253,30153,1,FEASIBLE,WORSE
1438,2,14,57,23463,30363,1,FEASIBLE,WORSE
1439,2,14,58,23033,29933,1,FEASIBLE,WORSE
1440,2,14,59,23389,30289,1,FEASIBLE,WORSE
1441,2,14,60,23310,30210,1,FEASIBLE,WORSE
1442,2,14,61,24413,31513,0,CAPACITY_EXCEEDED,INVALID
1443,2,14,62,23345,30245,1,FEASIBLE,WORSE
1444,2,14,63,23107,30007,1,FEASIBLE,WORSE
1445,2,14,64,24571,31671,0,CAPACITY_EXCEEDED,INVALID
1446,2,14,65,23565,30465,1,FEASIBLE,WORSE
1447,2,14,66,23604,30504,1,FEASIBLE,WORSE
1448,2,14,67,23437,30337,1,FEASIBLE,WORSE
1449,2,14,68,24432,31532,0,CAPACITY_EXCEEDED,INVALID
1450,2,14,69,23050,29950,1,FEASIBLE,WORSE
1451,2,14,70,23428,30328,1,FEASIBLE,WORSE
1452,2,14,71,23334,30234,1,FEASIBLE,WORSE
1453,2,14,72,23488,30388,1,FEASIBLE,WORSE
1454,2,14,73,23206,30106,1,FEASIBLE,WORSE
1455,2,14,74,23623,30523,1,FEASIBLE,WORSE
1456,2,14,75,22968,29868,1,FEASIBLE,WORSE
1457,2,14,76,24562,31662,0,CAPACITY_EXCEEDED,INVALID
1458,2,14,77,24621,31721,0,CAPACITY_EXCEEDED,INVALID
1459,2,14,78,24401,31501,0,CAPACITY_EXCEEDED,INVALID
1460,2,14,79,24626,31726,0,CAPACITY_EXCEEDED,INVALID
1461,2,14,80,23647,30547,1,FEASIBLE,WORSE
1462,2,14,81,23377,30277,1,FEASIBLE,WORSE
1463,2,14,82,24633,31733,0,CAPACITY_EXCEEDED,INVALID
1464,2,14,83,24442,31542,0,CAPACITY_EXCEEDED,INVALID
1465,2,14,84,23255,30155,1,FEASIBLE,WORSE
1466,2,14,85,24610,31710,0,CAPACITY_EXCEEDED,INVALID
1467,2,14,86,23045,29945,1,FEASIBLE,WORSE
1468,2,14,87,24484,31584,0,CAPACITY_EXCEEDED,INVALID
1469,2,14,88,23372,30272,1,FEASIBLE,WORSE
1470,2,14,89,23474,30374,1,FEASIBLE,WORSE
1471,2,14,90,23221,30121,1,FEASIBLE,WORSE
1472,2,14,91,23529,30429,1,FEASIBLE,WORSE
1473,2,14,92,23284,30184,1,FEASIBLE,WORSE
1474,2,14,93,24628,31728,0,CAPACITY_EXCEEDED,INVALID
1475,2,14,94,23334,30234,1,FEASIBLE,WORSE
1476,2,14,95,23656,30556,1,FEASIBLE,WORSE
1477,2,14,96,23621,30521,1,FEASIBLE,WORSE
1478,2,14,97,23496,30396,1,FEASIBLE,WORSE
1479,2,14,98,24450,31550,0,CAPACITY_EXCEEDED,INVALID
1480,2,14,99,23303,30203,1,FEASIBLE,WORSE
1481,2,15,16,25638,32938,0,CAPACITY_EXCEEDED,INVALID
1482,2,15,17,25616,32916,0,CAPACITY_EXCEEDED,INVALID
1483,2,15,18,25610,32910,0,CAPACITY_EXCEEDED,INVALID
1484,2,15,19,24615,31715,0,CAPACITY_EXCEEDED,INVALID
1485,2,15,20,24499,31599,0,CAPACITY_EXCEEDED,INVALID
1486,2,15,21,24182,31282,0,CAPACITY_EXCEEDED,INVALID
1487,2,15,22,24077,31177,0,CAPACITY_EXCEEDED,INVALID
1488,2,15,23,25664,32964,0,CAPACITY_EXCEEDED,INVALID
1489,2,15,24,25690,32990,0,CAPACITY_EXCEEDED,INVALID
1490,2,15,25,24722,31822,0,CAPACITY_EXCEEDED,INVALID
1491,2,15,26,24203,31303,0,CAPACITY_EXCEEDED,INVALID
1492,2,15,27,24137,31237,0,CAPACITY_EXCEEDED,INVALID
1493,2,15,28,24303,31403,0,CAPACITY_EXCEEDED,INVALID
1494,2,15,29,24631,31731,0,CAPACITY_EXCEEDED,INVALID
1495,2,15,30,24335,31435,0,CAPACITY_EXCEEDED,INVALID
1496,2,15,31,24719,31819,0,CAPACITY_EXCEEDED,INVALID
1497,2,15,32,25744,33044,0,CAPACITY_EXCEEDED,INVALID
1498,2,15,33,25675,32975,0,CAPACITY_EXCEEDED,INVALID
1499,2,15,34,24261,31361,0,CAPACITY_EXCEEDED,INVALID
1500,2,15,35,24508,31608,0,CAPACITY_EXCEEDED,INVALID
1501,2,15,36,25718,33018,0,CAPACITY_EXCEEDED,INVALID
1502,2,15,37,24236,31336,0,CAPACITY_EXCEEDED,INVALID
1503,2,15,38,25692,32992,0,CAPACITY_EXCEEDED,INVALID
1504,2,15,39,23960,31060,0,CAPACITY_EXCEEDED,INVALID
1505,2,15,40,24300,31400,0,CAPACITY_EXCEEDED,INVALID
1506,2,15,41,24395,31495,0,CAPACITY_EXCEEDED,INVALID
1507,2,15,42,24210,31310,0,CAPACITY_EXCEEDED,INVALID
1508,2,15,43,24377,31477,0,CAPACITY_EXCEEDED,INVALID
1509,2,15,44,24647,31747,0,CAPACITY_EXCEEDED,INVALID
1510,2,15,45,24503,31603,0,CAPACITY_EXCEEDED,INVALID
1511,2,15,46,25622,32922,0,CAPACITY_EXCEEDED,INVALID
1512,2,15,47,24765,31865,0,CAPACITY_EXCEEDED,INVALID
1513,2,15,48,24762,31862,0,CAPACITY_EXCEEDED,INVALID
1514,2,15,49,24182,31282,0,CAPACITY_EXCEEDED,INVALID
1515,2,15,50,24528,31628,0,CAPACITY_EXCEEDED,INVALID
1516,2,15,51,24274,31374,0,CAPACITY_EXCEEDED,INVALID
1517,2,15,52,24337,31437,0,CAPACITY_EXCEEDED,INVALID
1518,2,15,53,24466,31566,0,CAPACITY_EXCEEDED,INVALID
1519,2,15,54,25807,33107,0,CAPACITY_EXCEEDED,INVALID
1520,2,15,55,24613,31713,0,CAPACITY_EXCEEDED,INVALID
1521,2,15,56,24396,31496,0,CAPACITY_EXCEEDED,INVALID
1522,2,15,57,24606,31706,0,CAPACITY_EXCEEDED,INVALID
1523,2,15,58,24176,31276,0,CAPACITY_EXCEEDED,INVALID
1524,2,15,59,24532,31632,0,CAPACITY_EXCEEDED,INVALID
1525,2,15,60,24453,31553,0,CAPACITY_EXCEEDED,INVALID
1526,2,15,61,25556,32856,0,CAPACITY_EXCEEDED,INVALID
1527,2,15,62,24488,31588,0,CAPACITY_EXCEEDED,INVALID
1528,2,15,63,24250,31350,0,CAPACITY_EXCEEDED,INVALID
1529,2,15,64,25714,33014,0,CAPACITY_EXCEEDED,INVALID
1530,2,15,65,24708,31808,0,CAPACITY_EXCEEDED,INVALID
1531,2,15,66,24747,31847,0,CAPACITY_EXCEEDED,INVALID
1532,2,15,67,24580,31680,0,CAPACITY_EXCEEDED,INVALID
1533,2,15,68,25575,32875,0,CAPACITY_EXCEEDED,INVALID
1534,2,15,69,24193,31293,0,CAPACITY_EXCEEDED,INVALID
1535,2,15,70,24571,31671,0,CAPACITY_EXCEEDED,INVALID
1536,2,15,71,24477,31577,0,CAPACITY_EXCEEDED,INVALID
1537,2,15,72,24631,31731,0,CAPACITY_EXCEEDED,INVALID
1538,2,15,73,24349,31449,0,CAPACITY_EXCEEDED,INVALID
1539,2,15,74,24766,31866,0,CAPACITY_EXCEEDED,INVALID
1540,2,15,75,24111,31211,0,CAPACITY_EXCEEDED,INVALID
1541,2,15,76,25705,33005,0,CAPACITY_EXCEEDED,INVALID
1542,2,15,77,25764,33064,0,CAPACITY_EXCEEDED,INVALID
1543,2,15,78,25544,32844,0,CAPACITY_EXCEEDED,INVALID
1544,2,15,79,25769,33069,0,CAPACITY_EXCEEDED,INVALID
1545,2,15,80,24790,31890,0,CAPACITY_EXCEEDED,INVALID
1546,2,15,81,24520,31620,0,CAPACITY_EXCEEDED,INVALID
1547,2,15,82,25776,33076,0,CAPACITY_EXCEEDED,INVALID
1548,2,15,83,25585,32885,0,CAPACITY_EXCEEDED,INVALID
1549,2,15,84,24398,31498,0,CAPACITY_EXCEEDED,INVALID
1550,2,15,85,25753,33053,0,CAPACITY_EXCEEDED,INVALID
1551,2,15,86,24188,31288,0,CAPACITY_EXCEEDED,INVALID
1552,2,15,87,25627,32927,0,CAPACITY_EXCEEDED,INVALID
1553,2,15,88,24515,31615,0,CAPACITY_EXCEEDED,INVALID
1554,2,15,89,24617,31717,0,CAPACITY_EXCEEDED,INVALID
1555,2,15,90,24364,31464,0,CAPACITY_EXCEEDED,INVALID
1556,2,15,91,24672,31772,0,CAPACITY_EXCEEDED,INVALID
1557,2,15,92,24427,31527,0,CAPACITY_EXCEEDED,INVALID
1558,2,15,93,25771,33071,0,CAPACITY_EXCEEDED,INVALID
1559,2,15,94,24477,31577,0,CAPACITY_EXCEEDED,INVALID
1560,2,15,95,24799,31899,0,CAPACITY_EXCEEDED,INVALID
1561,2,15,96,24764,31864,0,CAPACITY_EXCEEDED,INVALID
1562,2,15,97,24639,31739,0,CAPACITY_EXCEEDED,INVALID
1563,2,15,98,25593,32893,0,CAPACITY_EXCEEDED,INVALID
1564,2,15,99,24446,31546,0,CAPACITY_EXCEEDED,INVALID
1565,2,16,17,25517,32817,0,CAPACITY_EXCEEDED,INVALID
1566,2,16,18,25511,32811,0,CAPACITY_EXCEEDED,INVALID
1567,2,16,19,24516,31616,0,CAPACITY_EXCEEDED,INVALID
1568,2,16,20,24400,31500,0,CAPACITY_EXCEEDED,INVALID
1569,2,16,21,24083,31183,0,CAPACITY_EXCEEDED,INVALID
1570,2,16,22,23978,31078,0,CAPACITY_EXCEEDED,INVALID
1571,2,16,23,25565,32865,0,CAPACITY_EXCEEDED,INVALID
1572,2,16,24,25591,32891,0,CAPACITY_EXCEEDED,INVALID
1573,2,16,25,24623,31723,0,CAPACITY_EXCEEDED,INVALID
1574,2,16,26,24104,31204,0,CAPACITY_EXCEEDED,INVALID
1575,2,16,27,24038,31138,0,CAPACITY_EXCEEDED,INVALID
1576,2,16,28,24204,31304,0,CAPACITY_EXCEEDED,INVALID
1577,2,16,29,24532,31632,0,CAPACITY_EXCEEDED,INVALID
1578,2,16,30,24236,31336,0,CAPACITY_EXCEEDED,INVALID
1579,2,16,31,24620,31720,0,CAPACITY_EXCEEDED,INVALID
1580,2,16,32,25645,32945,0,CAPACITY_EXCEEDED,INVALID
1581,2,16,33,25576,32876,0,CAPACITY_EXCEEDED,INVALID
1582,2,16,34,24162,31262,0,CAPACITY_EXCEEDED,INVALID
1583,2,16,35,24409,31509,0,CAPACITY_EXCEEDED,INVALID
1584,2,16,36,25619,32919,0,CAPACITY_EXCEEDED,INVALID
1585,2,16,37,24137,31237,0,CAPACITY_EXCEEDED,INVALID
1586,2,16,38,25593,32893,0,CAPACITY_EXCEEDED,INVALID
1587,2,16,39,23861,30961,1,FEASIBLE,WORSE
1588,2,16,40,24201,31301,0,CAPACITY_EXCEEDED,INVALID
1589,2,16,41,24296,31396,0,CAPACITY_EXCEEDED,INVALID
1590,2,16,42,24111,31211,0,CAPACITY_EXCEEDED,INVALID
1591,2,16,43,24278,31378,0,CAPACITY_EXCEEDED,INVALID
1592,2,16,44,24548,31648,0,CAPACITY_EXCEEDED,INVALID
1593,2,16,45,24404,31504,0,CAPACITY_EXCEEDED,INVALID
1594,2,16,46,25523,32823,0,CAPACITY_EXCEEDED,INVALID
1595,2,16,47,24666,31766,0,CAPACITY_EXCEEDED,INVALID
1596,2,16,48,24663,31763,0,CAPACITY_EXCEEDED,INVALID
1597,2,16,49,24083,31183,0,CAPACITY_EXCEEDED,INVALID
1598,2,16,50,24429,31529,0,CAPACITY_EXCEEDED,INVALID
1599,2,16,51,24175,31275,0,CAPACITY_EXCEEDED,INVALID
1600,2,16,52,24238,31338,0,CAPACITY_EXCEEDED,INVALID
1601,2,16,53,24367,31467,0,CAPACITY_EXCEEDED,INVALID
1602,2,16,54,25708,33008,0,CAPACITY_EXCEEDED,INVALID
1603,2,16,55,24514,31614,0,CAPACITY_EXCEEDED,INVALID
1604,2,16,56,24297,31397,0,CAPACITY_EXCEEDED,INVALID
1605,2,16,57,24507,31607,0,CAPACITY_EXCEEDED,INVALID
1606,2,16,58,24077,31177,0,CAPACITY_EXCEEDED,INVALID
1607,2,16,59,24433,31533,0,CAPACITY_EXCEEDED,INVALID
1608,2,16,60,24354,31454,0,CAPACITY_EXCEEDED,INVALID
1609,2,16,61,25457,32757,0,CAPACITY_EXCEEDED,INVALID
1610,2,16,62,24389,31489,0,CAPACITY_EXCEEDED,INVALID
1611,2,16,63,24151,31251,0,CAPACITY_EXCEEDED,INVALID
1612,2,16,64,25615,32915,0,CAPACITY_EXCEEDED,INVALID
1613,2,16,65,24609,31709,0,CAPACITY_EXCEEDED,INVALID
1614,2,16,66,24648,31748,0,CAPACITY_EXCEEDED,INVALID
1615,2,16,67,24481,31581,0,CAPACITY_EXCEEDED,INVALID
1616,2,16,68,25476,32776,0,CAPACITY_EXCEEDED,INVALID
1617,2,16,69,24094,31194,0,CAPACITY_EXCEEDED,INVALID
1618,2,16,70,24472,31572,0,CAPACITY_EXCEEDED,INVALID
1619,2,16,71,24378,31478,0,CAPACITY_EXCEEDED,INVALID
1620,2,16,72,24532,31632,0,CAPACITY_EXCEEDED,INVALID
1621,2,16,73,24250,31350,0,CAPACITY_EXCEEDED,INVALID
1622,2,16,74,24667,31767,0,CAPACITY_EXCEEDED,INVALID
1623,2,16,75,24012,31112,0,CAPACITY_EXCEEDED,INVALID
1624,2,16,76,25606,32906,0,CAPACITY_EXCEEDED,INVALID
1625,2,16,77,25665,32965,0,CAPACITY_EXCEEDED,INVALID
1626,2,16,78,25445,32745,0,CAPACITY_EXCEEDED,INVALID
1627,2,16,79,25670,32970,0,CAPACITY_EXCEEDED,INVALID
1628,2,16,80,24691,31791,0,CAPACITY_EXCEEDED,INVALID
1629,2,16,81,24421,31521,0,CAPACITY_EXCEEDED,INVALID
1630,2,16,82,25677,32977,0,CAPACITY_EXCEEDED,INVALID
1631,2,16,83,25486,32786,0,CAPACITY_EXCEEDED,INVALID
1632,2,16,84,24299,31399,0,CAPACITY_EXCEEDED,INVALID
1633,2,16,85,25654,32954,0,CAPACITY_EXCEEDED,INVALID
1634,2,16,86,24089,31189,0,CAPACITY_EXCEEDED,INVALID
1635,2,16,87,25528,32828,0,CAPACITY_EXCEEDED,INVALID
1636,2,16,88,24416,31516,0,CAPACITY_EXCEEDED,INVALID
1637,2,16,89,24518,31618,0,CAPACITY_EXCEEDED,INVALID
1638,2,16,90,24265,31365,0,CAPACITY_EXCEEDED,INVALID
1639,2,16,91,24573,31673,0,CAPACITY_EXCEEDED,INVALID
1640,2,16,92,24328,31428,0,CAPACITY_EXCEEDED,INVALID
1641,2,16,93,25672,32972,0,CAPACITY_EXCEEDED,INVALID
1642,2,16,94,24378,31478,0,CAPACITY_EXCEEDED,INVALID
1643,2,16,95,24700,31800,0,CAPACITY_EXCEEDED,INVALID
1644,2,16,96,24665,31765,0,CAPACITY_EXCEEDED,INVALID
1645,2,16,97,24540,31640,0,CAPACITY_EXCEEDED,INVALID
1646,2,16,98,25494,32794,0,CAPACITY_EXCEEDED,INVALID
1647,2,16,99,24347,31447,0,CAPACITY_EXCEEDED,INVALID
1648,2,17,18,25489,32789,0,CAPACITY_EXCEEDED,INVALID
1649,2,17,19,24494,31594,0,CAPACITY_EXCEEDED,INVALID
1650,2,17,20,24378,31478,0,CAPACITY_EXCEEDED,INVALID
1651,2,17,21,24061,31161,0,CAPACITY_EXCEEDED,INVALID
1652,2,17,22,23956,31056,0,CAPACITY_EXCEEDED,INVALID
1653,2,17,23,25543,32843,0,CAPACITY_EXCEEDED,INVALID
1654,2,17,24,25569,32869,0,CAPACITY_EXCEEDED,INVALID
1655,2,17,25,24601,31701,0,CAPACITY_EXCEEDED,INVALID
1656,2,17,26,24082,31182,0,CAPACITY_EXCEEDED,INVALID
1657,2,17,27,24016,31116,0,CAPACITY_EXCEEDED,INVALID
1658,2,17,28,24182,31282,0,CAPACITY_EXCEEDED,INVALID
1659,2,17,29,24510,31610,0,CAPACITY_EXCEEDED,INVALID
1660,2,17,30,24214,31314,0,CAPACITY_EXCEEDED,INVALID
1661,2,17,31,24598,31698,0,CAPACITY_EXCEEDED,INVALID
1662,2,17,32,25623,32923,0,CAPACITY_EXCEEDED,INVALID
1663,2,17,33,25554,32854,0,CAPACITY_EXCEEDED,INVALID
1664,2,17,34,24140,31240,0,CAPACITY_EXCEEDED,INVALID
1665,2,17,35,24387,31487,0,CAPACITY_EXCEEDED,INVALID
1666,2,17,36,25597,32897,0,CAPACITY_EXCEEDED,INVALID
1667,2,17,37,24115,31215,0,CAPACITY_EXCEEDED,INVALID
1668,2,17,38,25571,32871,0,CAPACITY_EXCEEDED,INVALID
1669,2,17,39,23839,30939,1,FEASIBLE,WORSE
1670,2,17,40,24179,31279,0,CAPACITY_EXCEEDED,INVALID
1671,2,17,41,24274,31374,0,CAPACITY_EXCEEDED,INVALID
1672,2,17,42,24089,31189,0,CAPACITY_EXCEEDED,INVALID
1673,2,17,43,24256,31356,0,CAPACITY_EXCEEDED,INVALID
1674,2,17,44,24526,31626,0,CAPACITY_EXCEEDED,INVALID
1675,2,17,45,24382,31482,0,CAPACITY_EXCEEDED,INVALID
1676,2,17,46,25501,32801,0,CAPACITY_EXCEEDED,INVALID
1677,2,17,47,24644,31744,0,CAPACITY_EXCEEDED,INVALID
1678,2,17,48,24641,31741,0,CAPACITY_EXCEEDED,INVALID
1679,2,17,49,24061,31161,0,CAPACITY_EXCEEDED,INVALID
1680,2,17,50,24407,31507,0,CAPACITY_EXCEEDED,INVALID
1681,2,17,51,24153,31253,0,CAPACITY_EXCEEDED,INVALID
1682,2,17,52,24216,31316,0,CAPACITY_EXCEEDED,INVALID
1683,2,17,53,24345,31445,0,CAPACITY_EXCEEDED,INVALID
1684,2,17,54,25686,32986,0,CAPACITY_EXCEEDED,INVALID
1685,2,17,55,24492,31592,0,CAPACITY_EXCEEDED,INVALID
1686,2,17,56,24275,31375,0,CAPACITY_EXCEEDED,INVALID
1687,2,17,57,24485,31585,0,CAPACITY_EXCEEDED,INVALID
1688,2,17,58,24055,31155,0,CAPACITY_EXCEEDED,INVALID
1689,2,17,59,24411,31511,0,CAPACITY_EXCEEDED,INVALID
1690,2,17,60,24332,31432,0,CAPACITY_EXCEEDED,INVALID
1691,2,17,61,25435,32735,0,CAPACITY_EXCEEDED,INVALID
1692,2,17,62,24367,31467,0,CAPACITY_EXCEEDED,INVALID
1693,2,17,63,24129,31229,0,CAPACITY_EXCEEDED,INVALID
1694,2,17,64,25593,32893,0,CAPACITY_EXCEEDED,INVALID
1695,2,17,65,24587,31687,0,CAPACITY_EXCEEDED,INVALID
1696,2,17,66,24626,31726,0,CAPACITY_EXCEEDED,INVALID
1697,2,17,67,24459,31559,0,CAPACITY_EXCEEDED,INVALID
1698,2,17,68,25454,32754,0,CAPACITY_EXCEEDED,INVALID
1699,2,17,69,24072,31172,0,CAPACITY_EXCEEDED,INVALID
1700,2,17,70,24450,31550,0,CAPACITY_EXCEEDED,INVALID
1701,2,17,71,24356,31456,0,CAPACITY_EXCEEDED,INVALID
1702,2,17,72,24510,31610,0,CAPACITY_EXCEEDED,INVALID
1703,2,17,73,24228,31328,0,CAPACITY_EXCEEDED,INVALID
1704,2,17,74,24645,31745,0,CAPACITY_EXCEEDED,INVALID
1705,2,17,75,23990,31090,0,CAPACITY_EXCEEDED,INVALID
1706,2,17,76,25584,32884,0,CAPACITY_EXCEEDED,INVALID
1707,2,17,77,25643,32943,0,CAPACITY_EXCEEDED,INVALID
1708,2,17,78,25423,32723,0,CAPACITY_EXCEEDED,INVALID
1709,2,17,79,25648,32948,0,CAPACITY_EXCEEDED,INVALID
1710,2,17,80,24669,31769,0,CAPACITY_EXCEEDED,INVALID
1711,2,17,81,24399,31499,0,CAPACITY_EXCEEDED,INVALID
1712,2,17,82,25655,32955,0,CAPACITY_EXCEEDED,INVALID
1713,2,17,83,25464,32764,0,CAPACITY_EXCEEDED,INVALID
1714,2,17,84,24277,31377,0,CAPACITY_EXCEEDED,INVALID
1715,2,17,85,25632,32932,0,CAPACITY_EXCEEDED,INVALID
1716,2,17,86,24067,31167,0,CAPACITY_EXCEEDED,INVALID
1717,2,17,87,25506,32806,0,CAPACITY_EXCEEDED,INVALID
1718,2,17,88,24394,31494,0,CAPACITY_EXCEEDED,INVALID
1719,2,17,89,24496,31596,0,CAPACITY_EXCEEDED,INVALID
1720,2,17,90,24243,31343,0,CAPACITY_EXCEEDED,INVALID
1721,2,17,91,24551,31651,0,CAPACITY_EXCEEDED,INVALID
1722,2,17,92,24306,31406,0,CAPACITY_EXCEEDED,INVALID
1723,2,17,93,25650,32950,0,CAPACITY_EXCEEDED,INVALID
1724,2,17,94,24356,31456,0,CAPACITY_EXCEEDED,INVALID
1725,2,17,95,24678,31778,0,CAPACITY_EXCEEDED,INVALID
1726,2,17,96,24643,31743,0,CAPACITY_EXCEEDED,INVALID
1727,2,17,97,24518,31618,0,CAPACITY_EXCEEDED,INVALID
1728,2,17,98,25472,32772,0,CAPACITY_EXCEEDED,INVALID
1729,2,17,99,24325,31425,0,CAPACITY_EXCEEDED,INVALID
1730,2,18,19,24488,31588,0,CAPACITY_EXCEEDED,INVALID
1731,2,18,20,24372,31472,0,CAPACITY_EXCEEDED,INVALID
1732,2,18,21,24055,31155,0,CAPACITY_EXCEEDED,INVALID
1733,2,18,22,23950,31050,0,CAPACITY_EXCEEDED,INVALID
1734,2,18,23,25537,32837,0,CAPACITY_EXCEEDED,INVALID
1735,2,18,24,25563,32863,0,CAPACITY_EXCEEDED,INVALID
1736,2,18,25,24595,31695,0,CAPACITY_EXCEEDED,INVALID
1737,2,18,26,24076,31176,0,CAPACITY_EXCEEDED,INVALID
1738,2,18,27,24010,31110,0,CAPACITY_EXCEEDED,INVALID
1739,2,18,28,24176,31276,0,CAPACITY_EXCEEDED,INVALID
1740,2,18,29,24504,31604,0,CAPACITY_EXCEEDED,INVALID
1741,2,18,30,24208,31308,0,CAPACITY_EXCEEDED,INVALID
1742,2,18,31,24592,31692,0,CAPACITY_EXCEEDED,INVALID
1743,2,18,32,25617,32917,0,CAPACITY_EXCEEDED,INVALID
1744,2,18,33,25548,32848,0,CAPACITY_EXCEEDED,INVALID
1745,2,18,34,24134,31234,0,CAPACITY_EXCEEDED,INVALID
1746,2,18,35,24381,31481,0,CAPACITY_EXCEEDED,INVALID
1747,2,18,36,25591,32891,0,CAPACITY_EXCEEDED,INVALID
1748,2,18,37,24109,31209,0,CAPACITY_EXCEEDED,INVALID
1749,2,18,38,25565,32865,0,CAPACITY_EXCEEDED,INVALID
1750,2,18,39,23833,30933,1,FEASIBLE,WORSE
1751,2,18,40,24173,31273,0,CAPACITY_EXCEEDED,INVALID
1752,2,18,41,24268,31368,0,CAPACITY_EXCEEDED,INVALID
1753,2,18,42,24083,31183,0,CAPACITY_EXCEEDED,INVALID
1754,2,18,43,24250,31350,0,CAPACITY_EXCEEDED,INVALID
1755,2,18,44,24520,31620,0,CAPACITY_EXCEEDED,INVALID
1756,2,18,45,24376,31476,0,CAPACITY_EXCEEDED,INVALID
1757,2,18,46,25495,32795,0,CAPACITY_EXCEEDED,INVALID
1758,2,18,47,24638,31738,0,CAPACITY_EXCEEDED,INVALID
1759,2,18,48,24635,31735,0,CAPACITY_EXCEEDED,INVALID
1760,2,18,49,24055,31155,0,CAPACITY_EXCEEDED,INVALID
1761,2,18,50,24401,31501,0,CAPACITY_EXCEEDED,INVALID
1762,2,18,51,24147,31247,0,CAPACITY_EXCEEDED,INVALID
1763,2,18,52,24210,31310,0,CAPACITY_EXCEEDED,INVALID
1764,2,18,53,24339,31439,0,CAPACITY_EXCEEDED,INVALID
1765,2,18,54,25680,32980,0,CAPACITY_EXCEEDED,INVALID
1766,2,18,55,24486,31586,0,CAPACITY_EXCEEDED,INVALID
1767,2,18,56,24269,31369,0,CAPACITY_EXCEEDED,INVALID
1768,2,18,57,24479,31579,0,CAPACITY_EXCEEDED,INVALID
1769,2,18,58,24049,31149,0,CAPACITY_EXCEEDED,INVALID
1770,2,18,59,24405,31505,0,CAPACITY_EXCEEDED,INVALID
1771,2,18,60,24326,31426,0,CAPACITY_EXCEEDED,INVALID
1772,2,18,61,25429,32729,0,CAPACITY_EXCEEDED,INVALID
1773,2,18,62,24361,31461,0,CAPACITY_EXCEEDED,INVALID
1774,2,18,63,24123,31223,0,CAPACITY_EXCEEDED,INVALID
1775,2,18,64,25587,32887,0,CAPACITY_EXCEEDED,INVALID
1776,2,18,65,24581,31681,0,CAPACITY_EXCEEDED,INVALID
1777,2,18,66,24620,31720,0,CAPACITY_EXCEEDED,INVALID
1778,2,18,67,24453,31553,0,CAPACITY_EXCEEDED,INVALID
1779,2,18,68,25448,32748,0,CAPACITY_EXCEEDED,INVALID
1780,2,18,69,24066,31166,0,CAPACITY_EXCEEDED,INVALID
1781,2,18,70,24444,31544,0,CAPACITY_EXCEEDED,INVALID
1782,2,18,71,24350,31450,0,CAPACITY_EXCEEDED,INVALID
1783,2,18,72,24504,31604,0,CAPACITY_EXCEEDED,INVALID
1784,2,18,73,24222,31322,0,CAPACITY_EXCEEDED,INVALID
1785,2,18,74,24639,31739,0,CAPACITY_EXCEEDED,INVALID
1786,2,18,75,23984,31084,0,CAPACITY_EXCEEDED,INVALID
1787,2,18,76,25578,32878,0,CAPACITY_EXCEEDED,INVALID
1788,2,18,77,25637,32937,0,CAPACITY_EXCEEDED,INVALID
1789,2,18,78,25417,32717,0,CAPACITY_EXCEEDED,INVALID
1790,2,18,79,25642,32942,0,CAPACITY_EXCEEDED,INVALID
1791,2,18,80,24663,31763,0,CAPACITY_EXCEEDED,INVALID
1792,2,18,81,24393,31493,0,CAPACITY_EXCEEDED,INVALID
1793,2,18,82,25649,32949,0,CAPACITY_EXCEEDED,INVALID
1794,2,18,83,25458,32758,0,CAPACITY_EXCEEDED,INVALID
1795,2,18,84,24271,31371,0,CAPACITY_EXCEEDED,INVALID
1796,2,18,85,25626,32926,0,CAPACITY_EXCEEDED,INVALID
1797,2,18,86,24061,31161,0,CAPACITY_EXCEEDED,INVALID
1798,2,18,87,25500,32800,0,CAPACITY_EXCEEDED,INVALID
1799,2,18,88,24388,31488,0,CAPACITY_EXCEEDED,INVALID
1800,2,18,89,24490,31590,0,CAPACITY_EXCEEDED,INVALID
1801,2,18,90,24237,31337,0,CAPACITY_EXCEEDED,INVALID
1802,2,18,91,24545,31645,0,CAPACITY_EXCEEDED,INVALID
1803,2,18,92,24300,31400,0,CAPACITY_EXCEEDED,INVALID
1804,2,18,93,25644,32944,0,CAPACITY_EXCEEDED,INVALID
1805,2,18,94,24350,31450,0,CAPACITY_EXCEEDED,INVALID
1806,2,18,95,24672,31772,0,CAPACITY_EXCEEDED,INVALID
1807,2,18,96,24637,31737,0,CAPACITY_EXCEEDED,INVALID
1808,2,18,97,24512,31612,0,CAPACITY_EXCEEDED,INVALID
1809,2,18,98,25466,32766,0,CAPACITY_EXCEEDED,INVALID
1810,2,18,99,24319,31419,0,CAPACITY_EXCEEDED,INVALID
1811,2,19,20,23377,30277,1,FEASIBLE,WORSE
1812,2,19,21,23060,29960,1,FEASIBLE,WORSE
1813,2,19,22,22955,29855,1,FEASIBLE,WORSE
1814,2,19,23,24542,31642,0,CAPACITY_EXCEEDED,INVALID
1815,2,19,24,24568,31668,0,CAPACITY_EXCEEDED,INVALID
1816,2,19,25,23600,30500,1,FEASIBLE,WORSE
1817,2,19,26,23081,29981,1,FEASIBLE,WORSE
1818,2,19,27,23015,29915,1,FEASIBLE,WORSE
1819,2,19,28,23181,30081,1,FEASIBLE,WORSE
1820,2,19,29,23509,30409,1,FEASIBLE,WORSE
1821,2,19,30,23213,30113,1,FEASIBLE,WORSE
1822,2,19,31,23597,30497,1,FEASIBLE,WORSE
1823,2,19,32,24622,31722,0,CAPACITY_EXCEEDED,INVALID
1824,2,19,33,24553,31653,0,CAPACITY_EXCEEDED,INVALID
1825,2,19,34,23139,30039,1,FEASIBLE,WORSE
1826,2,19,35,23386,30286,1,FEASIBLE,WORSE
1827,2,19,36,24596,31696,0,CAPACITY_EXCEEDED,INVALID
1828,2,19,37,23114,30014,1,FEASIBLE,WORSE
1829,2,19,38,24570,31670,0,CAPACITY_EXCEEDED,INVALID
1830,2,19,39,22838,29738,1,FEASIBLE,WORSE
1831,2,19,40,23178,30078,1,FEASIBLE,WORSE
1832,2,19,41,23273,30173,1,FEASIBLE,WORSE
1833,2,19,42,23088,29988,1,FEASIBLE,WORSE
1834,2,19,43,23255,30155,1,FEASIBLE,WORSE
1835,2,19,44,23525,30425,1,FEASIBLE,WORSE
1836,2,19,45,23381,30281,1,FEASIBLE,WORSE
1837,2,19,46,24500,31600,0,CAPACITY_EXCEEDED,INVALID
1838,2,19,47,23643,30543,1,FEASIBLE,WORSE
1839,2,19,48,23640,30540,1,FEASIBLE,WORSE
1840,2,19,49,23060,29960,1,FEASIBLE,WORSE
1841,2,19,50,23406,30306,1,FEASIBLE,WORSE
1842,2,19,51,23152,30052,1,FEASIBLE,WORSE
1843,2,19,52,23215,30115,1,FEASIBLE,WORSE
1844,2,19,53,23344,30244,1,FEASIBLE,WORSE
1845,2,19,54,24685,31785,0,CAPACITY_EXCEEDED,INVALID
1846,2,19,55,23491,30391,1,FEASIBLE,WORSE
1847,2,19,56,23274,30174,1,FEASIBLE,WORSE
1848,2,19,57,23484,30384,1,FEASIBLE,WORSE
1849,2,19,58,23054,29954,1,FEASIBLE,WORSE
1850,2,19,59,23410,30310,1,FEASIBLE,WORSE
1851,2,19,60,23331,30231,1,FEASIBLE,WORSE
1852,2,19,61,24434,31534,0,CAPACITY_EXCEEDED,INVALID
1853,2,19,62,23366,30266,1,FEASIBLE,WORSE
1854,2,19,63,23128,30028,1,FEASIBLE,WORSE
1855,2,19,64,24592,31692,0,CAPACITY_EXCEEDED,INVALID
1856,2,19,65,23586,30486,1,FEASIBLE,WORSE
1857,2,19,66,23625,30525,1,FEASIBLE,WORSE
1858,2,19,67,23458,30358,1,FEASIBLE,WORSE
1859,2,19,68,24453,31553,0,CAPACITY_EXCEEDED,INVALID
1860,2,19,69,23071,29971,1,FEASIBLE,WORSE
1861,2,19,70,23449,30349,1,FEASIBLE,WORSE
1862,2,19,71,23355,30255,1,FEASIBLE,WORSE
1863,2,19,72,23509,30409,1,FEASIBLE,WORSE
1864,2,19,73,23227,30127,1,FEASIBLE,WORSE
1865,2,19,74,23644,30544,1,FEASIBLE,WORSE
1866,2,19,75,22989,29889,1,FEASIBLE,WORSE
1867,2,19,76,24583,31683,0,CAPACITY_EXCEEDED,INVALID
1868,2,19,77,24642,31742,0,CAPACITY_EXCEEDED,INVALID
1869,2,19,78,24422,31522,0,CAPACITY_EXCEEDED,INVALID
1870,2,19,79,24647,31747,0,CAPACITY_EXCEEDED,INVALID
1871,2,19,80,23668,30568,1,FEASIBLE,WORSE
1872,2,19,81,23398,30298,1,FEASIBLE,WORSE
1873,2,19,82,24654,31754,0,CAPACITY_EXCEEDED,INVALID
1874,2,19,83,24463,31563,0,CAPACITY_EXCEEDED,INVALID
1875,2,19,84,23276,30176,1,FEASIBLE,WORSE
1876,2,19,85,24631,31731,0,CAPACITY_EXCEEDED,INVALID
1877,2,19,86,23066,29966,1,FEASIBLE,WORSE
1878,2,19,87,24505,31605,0,CAPACITY_EXCEEDED,INVALID
1879,2,19,88,23393,30293,1,FEASIBLE,WORSE
1880,2,19,89,23495,30395,1,FEASIBLE,WORSE
1881,2,19,90,23242,30142,1,FEASIBLE,WORSE
1882,2,19,91,23550,30450,1,FEASIBLE,WORSE
1883,2,19,92,23305,30205,1,FEASIBLE,WORSE
1884,2,19,93,24649,31749,0,CAPACITY_EXCEEDED,INVALID
1885,2,19,94,23355,30255,1,FEASIBLE,WORSE
1886,2,19,95,23677,30577,1,FEASIBLE,WORSE
1887,2,19,96,23642,30542,1,FEASIBLE,WORSE
1888,2,19,97,23517,30417,1,FEASIBLE,WORSE
1889,2,19,98,24471,31571,0,CAPACITY_EXCEEDED,INVALID
1890,2,19,99,23324,30224,1,FEASIBLE,WORSE
1891,2,20,21,22944,29844,1,FEASIBLE,WORSE
1892,2,20,22,22839,29739,1,FEASIBLE,WORSE
1893,2,20,23,24426,31526,0,CAPACITY_EXCEEDED,INVALID
1894,2,20,24,24452,31552,0,CAPACITY_EXCEEDED,INVALID
1895,2,20,25,23484,30384,1,FEASIBLE,WORSE
1896,2,20,26,22965,29865,1,FEASIBLE,WORSE
1897,2,20,27,22899,29799,1,FEASIBLE,WORSE
1898,2,20,28,23065,29965,1,FEASIBLE,WORSE
1899,2,20,29,23393,30293,1,FEASIBLE,WORSE
1900,2,20,30,23097,29997,1,FEASIBLE,WORSE
1901,2,20,31,23481,30381,1,FEASIBLE,WORSE
1902,2,20,32,24506,31606,0,CAPACITY_EXCEEDED,INVALID
1903,2,20,33,24437,31537,0,CAPACITY_EXCEEDED,INVALID
1904,2,20,34,23023,29923,1,FEASIBLE,WORSE
1905,2,20,35,23270,30170,1,FEASIBLE,WORSE
1906,2,20,36,24480,31580,0,CAPACITY_EXCEEDED,INVALID
1907,2,20,37,22998,29898,1,FEASIBLE,WORSE
1908,2,20,38,24454,31554,0,CAPACITY_EXCEEDED,INVALID
1909,2,20,39,22722,29622,1,FEASIBLE,WORSE
1910,2,20,40,23062,29962,1,FEASIBLE,WORSE
1911,2,20,41,23157,30057,1,FEASIBLE,WORSE
1912,2,20,42,22972,29872,1,FEASIBLE,WORSE
1913,2,20,43,23139,30039,1,FEASIBLE,WORSE
1914,2,20,44,23409,30309,1,FEASIBLE,WORSE
1915,2,20,45,23265,30165,1,FEASIBLE,WORSE
1916,2,20,46,24384,31484,0,CAPACITY_EXCEEDED,INVALID
1917,2,20,47,23527,30427,1,FEASIBLE,WORSE
1918,2,20,48,23524,30424,1,FEASIBLE,WORSE
1919,2,20,49,22944,29844,1,FEASIBLE,WORSE
1920,2,20,50,23290,30190,1,FEASIBLE,WORSE
1921,2,20,51,23036,29936,1,FEASIBLE,WORSE
1922,2,20,52,23099,29999,1,FEASIBLE,WORSE
1923,2,20,53,23228,30128,1,FEASIBLE,WORSE
1924,2,20,54,24569,31669,0,CAPACITY_EXCEEDED,INVALID
1925,2,20,55,23375,30275,1,FEASIBLE,WORSE
1926,2,20,56,23158,30058,1,FEASIBLE,WORSE
1927,2,20,57,23368,30268,1,FEASIBLE,WORSE
1928,2,20,58,22938,29838,1,FEASIBLE,WORSE
1929,2,20,59,23294,30194,1,FEASIBLE,WORSE
1930,2,20,60,23215,30115,1,FEASIBLE,WORSE
1931,2,20,61,24318,31418,0,CAPACITY_EXCEEDED,INVALID
1932,2,20,62,23250,30150,1,FEASIBLE,WORSE
1933,2,20,63,23012,29912,1,FEASIBLE,WORSE
1934,2,20,64,24476,31576,0,CAPACITY_EXCEEDED,INVALID
1935,2,20,65,23470,30370,1,FEASIBLE,WORSE
1936,2,20,66,23509,30409,1,FEASIBLE,WORSE
1937,2,20,67,23342,30242,1,FEASIBLE,WORSE
1938,2,20,68,24337,31437,0,CAPACITY_EXCEEDED,INVALID
1939,2,20,69,22955,29855,1,FEASIBLE,WORSE
1940,2,20,70,23333,30233,1,FEASIBLE,WORSE
1941,2,20,71,23239,30139,1,FEASIBLE,WORSE
1942,2,20,72,23393,30293,1,FEASIBLE,WORSE
1943,2,20,73,23111,30011,1,FEASIBLE,WORSE
1944,2,20,74,23528,30428,1,FEASIBLE,WORSE
1945,2,20,75,22873,29773,1,FEASIBLE,WORSE
1946,2,20,76,24467,31567,0,CAPACITY_EXCEEDED,INVALID
1947,2,20,77,24526,31626,0,CAPACITY_EXCEEDED,INVALID
1948,2,20,78,24306,31406,0,CAPACITY_EXCEEDED,INVALID
1949,2,20,79,24531,31631,0,CAPACITY_EXCEEDED,INVALID
1950,2,20,80,23552,30452,1,FEASIBLE,WORSE
1951,2,20,81,23282,30182,1,FEASIBLE,WORSE
1952,2,20,82,24538,31638,0,CAPACITY_EXCEEDED,INVALID
1953,2,20,83,24347,31447,0,CAPACITY_EXCEEDED,INVALID
1954,2,20,84,23160,30060,1,FEASIBLE,WORSE
1955,2,20,85,24515,31615,0,CAPACITY_EXCEEDED,INVALID
1956,2,20,86,22950,29850,1,FEASIBLE,WORSE
1957,2,20,87,24389,31489,0,CAPACITY_EXCEEDED,INVALID
1958,2,20,88,23277,30177,1,FEASIBLE,WORSE
1959,2,20,89,23379,30279,1,FEASIBLE,WORSE
1960,2,20,90,23126,30026,1,FEASIBLE,WORSE
1961,2,20,91,23434,30334,1,FEASIBLE,WORSE
1962,2,20,92,23189,30089,1,FEASIBLE,WORSE
1963,2,20,93,24533,31633,0,CAPACITY_EXCEEDED,INVALID
1964,2,20,94,23239,30139,1,FEASIBLE,WORSE
1965,2,20,95,23561,30461,1,FEASIBLE,WORSE
1966,2,20,96,23526,30426,1,FEASIBLE,WORSE
1967,2,20,97,23401,30301,1,FEASIBLE,WORSE
1968,2,20,98,24355,31455,0,CAPACITY_EXCEEDED,INVALID
1969,2,20,99,23208,30108,1,FEASIBLE,WORSE
1970,2,21,22,22522,29422,1,FEASIBLE,WORSE
1971,2,21,23,24109,31209,0,CAPACITY_EXCEEDED,INVALID
1972,2,21,24,24135,31235,0,CAPACITY_EXCEEDED,INVALID
1973,2,21,25,23167,30067,1,FEASIBLE,WORSE
1974,2,21,26,22648,29548,1,FEASIBLE,WORSE
1975,2,21,27,22582,29482,1,FEASIBLE,WORSE
1976,2,21,28,22748,29648,1,FEASIBLE,WORSE
1977,2,21,29,23076,29976,1,FEASIBLE,WORSE
1978,2,21,30,22780,29680,1,FEASIBLE,WORSE
1979,2,21,31,23164,30064,1,FEASIBLE,WORSE
1980,2,21,32,24189,31289,0,CAPACITY_EXCEEDED,INVALID
1981,2,21,33,24120,31220,0,CAPACITY_EXCEEDED,INVALID
1982,2,21,34,22706,29606,1,FEASIBLE,WORSE
1983,2,21,35,22953,29853,1,FEASIBLE,WORSE
1984,2,21,36,24163,31263,0,CAPACITY_EXCEEDED,INVALID
1985,2,21,37,22681,29581,1,FEASIBLE,WORSE
1986,2,21,38,24137,31237,0,CAPACITY_EXCEEDED,INVALID
1987,2,21,39,22405,29305,1,FEASIBLE,WORSE
1988,2,21,40,22745,29645,1,FEASIBLE,WORSE
1989,2,21,41,22840,29740,1,FEASIBLE,WORSE
1990,2,21,42,22655,29555,1,FEASIBLE,WORSE
1991,2,21,43,22822,29722,1,FEASIBLE,WORSE
1992,2,21,44,23092,29992,1,FEASIBLE,WORSE
1993,2,21,45,22948,29848,1,FEASIBLE,WORSE
1994,2,21,46,24067,31167,0,CAPACITY_EXCEEDED,INVALID
1995,2,21,47,23210,30110,1,FEASIBLE,WORSE
1996,2,21,48,23207,30107,1,FEASIBLE,WORSE
1997,2,21,49,22627,29527,1,FEASIBLE,WORSE
1998,2,21,50,22973,29873,1,FEASIBLE,WORSE
1999,2,21,51,22719,29619,1,FEASIBLE,WORSE
2000,2,21,52,22782,29682,1,FEASIBLE,WORSE
2001,2,21,53,22911,29811,1,FEASIBLE,WORSE
2002,2,21,54,24252,31352,0,CAPACITY_EXCEEDED,INVALID
2003,2,21,55,23058,29958,1,FEASIBLE,WORSE
2004,2,21,56,22841,29741,1,FEASIBLE,WORSE
2005,2,21,57,23051,29951,1,FEASIBLE,WORSE
2006,2,21,58,22621,29521,1,FEASIBLE,WORSE
2007,2,21,59,22977,29877,1,FEASIBLE,WORSE
2008,2,21,60,22898,29798,1,FEASIBLE,WORSE
2009,2,21,61,24001,31101,0,CAPACITY_EXCEEDED,INVALID
2010,2,21,62,22933,29833,1,FEASIBLE,WORSE
2011,2,21,63,22695,29595,1,FEASIBLE,WORSE
2012,2,21,64,24159,31259,0,CAPACITY_EXCEEDED,INVALID
2013,2,21,65,23153,30053,1,FEASIBLE,WORSE
2014,2,21,66,23192,30092,1,FEASIBLE,WORSE
2015,2,21,67,23025,29925,1,FEASIBLE,WORSE
2016,2,21,68,24020,31120,0,CAPACITY_EXCEEDED,INVALID
2017,2,21,69,22638,29538,1,FEASIBLE,WORSE
2018,2,21,70,23016,29916,1,FEASIBLE,WORSE
2019,2,21,71,22922,29822,1,FEASIBLE,WORSE
2020,2,21,72,23076,29976,1,FEASIBLE,WORSE
2021,2,21,73,22794,29694,1,FEASIBLE,WORSE
2022,2,21,74,23211,30111,1,FEASIBLE,WORSE
2023,2,21,75,22556,29456,1,FEASIBLE,WORSE
2024,2,21,76,24150,31250,0,CAPACITY_EXCEEDED,INVALID
2025,2,21,77,24209,31309,0,CAPACITY_EXCEEDED,INVALID
2026,2,21,78,23989,31089,0,CAPACITY_EXCEEDED,INVALID
2027,2,21,79,24214,31314,0,CAPACITY_EXCEEDED,INVALID
2028,2,21,80,23235,30135,1,FEASIBLE,WORSE
2029,2,21,81,22965,29865,1,FEASIBLE,WORSE
2030,2,21,82,24221,31321,0,CAPACITY_EXCEEDED,INVALID
2031,2,21,83,24030,31130,0,CAPACITY_EXCEEDED,INVALID
2032,2,21,84,22843,29743,1,FEASIBLE,WORSE
2033,2,21,85,24198,31298,0,CAPACITY_EXCEEDED,INVALID
2034,2,21,86,22633,29533,1,FEASIBLE,WORSE
2035,2,21,87,24072,31172,0,CAPACITY_EXCEEDED,INVALID
2036,2,21,88,22960,29860,1,FEASIBLE,WORSE
2037,2,21,89,23062,29962,1,FEASIBLE,WORSE
2038,2,21,90,22809,29709,1,FEASIBLE,WORSE
2039,2,21,91,23117,30017,1,FEASIBLE,WORSE
2040,2,21,92,22872,29772,1,FEASIBLE,WORSE
2041,2,21,93,24216,31316,0,CAPACITY_EXCEEDED,INVALID
2042,2,21,94,22922,29822,1,FEASIBLE,WORSE
2043,2,21,95,23244,30144,1,FEASIBLE,WORSE
2044,2,21,96,23209,30109,1,FEASIBLE,WORSE
2045,2,21,97,23084,29984,1,FEASIBLE,WORSE
2046,2,21,98,24038,31138,0,CAPACITY_EXCEEDED,INVALID
2047,2,21,99,22891,29791,1,FEASIBLE,WORSE
2048,2,22,23,24004,31104,0,CAPACITY_EXCEEDED,INVALID
2049,2,22,24,24030,31130,0,CAPACITY_EXCEEDED,INVALID
2050,2,22,25,23062,29962,1,FEASIBLE,WORSE
2051,2,22,26,22543,29443,1,FEASIBLE,WORSE
2052,2,22,27,22477,29377,1,FEASIBLE,WORSE
2053,2,22,28,22643,29543,1,FEASIBLE,WORSE
2054,2,22,29,22971,29871,1,FEASIBLE,WORSE
2055,2,22,30,22675,29575,1,FEASIBLE,WORSE
2056,2,22,31,23059,29959,1,FEASIBLE,WORSE
2057,2,22,32,24084,31184,0,CAPACITY_EXCEEDED,INVALID
2058,2,22,33,24015,31115,0,CAPACITY_EXCEEDED,INVALID
2059,2,22,34,22601,29501,1,FEASIBLE,WORSE
2060,2,22,35,22848,29748,1,FEASIBLE,WORSE
2061,2,22,36,24058,31158,0,CAPACITY_EXCEEDED,INVALID
2062,2,22,37,22576,29476,1,FEASIBLE,WORSE
2063,2,22,38,24032,31132,0,CAPACITY_EXCEEDED,INVALID
2064,2,22,39,22300,29200,1,FEASIBLE,WORSE
2065,2,22,40,22640,29540,1,FEASIBLE,WORSE
2066,2,22,41,22735,29635,1,FEASIBLE,WORSE
2067,2,22,42,22550,29450,1,FEASIBLE,WORSE
2068,2,22,43,22717,29617,1,FEASIBLE,WORSE
2069,2,22,44,22987,29887,1,FEASIBLE,WORSE
2070,2,22,45,22843,29743,1,FEASIBLE,WORSE
2071,2,22,46,23962,31062,0,CAPACITY_EXCEEDED,INVALID
2072,2,22,47,23105,30005,1,FEASIBLE,WORSE
2073,2,22,48,23102,30002,1,FEASIBLE,WORSE
2074,2,22,49,22522,29422,1,FEASIBLE,WORSE
2075,2,22,50,22868,29768,1,FEASIBLE,WORSE
2076,2,22,51,22614,29514,1,FEASIBLE,WORSE
2077,2,22,52,22677,29577,1,FEASIBLE,WORSE
2078,2,22,53,22806,29706,1,FEASIBLE,WORSE
2079,2,22,54,24147,31247,0,CAPACITY_EXCEEDED,INVALID
2080,2,22,55,22953,29853,1,FEASIBLE,WORSE
2081,2,22,56,22736,29636,1,FEASIBLE,WORSE
2082,2,22,57,22946,29846,1,FEASIBLE,WORSE
2083,2,22,58,22516,29416,1,FEASIBLE,WORSE
2084,2,22,59,22872,29772,1,FEASIBLE,WORSE
2085,2,22,60,22793,29693,1,FEASIBLE,WORSE
2086,2,22,61,23896,30996,0,CAPACITY_EXCEEDED,INVALID
2087,2,22,62,22828,29728,1,FEASIBLE,WORSE
2088,2,22,63,22590,29490,1,FEASIBLE,WORSE
2089,2,22,64,24054,31154,0,CAPACITY_EXCEEDED,INVALID
2090,2,22,65,23048,29948,1,FEASIBLE,WORSE
2091,2,22,66,23087,29987,1,FEASIBLE,WORSE
2092,2,22,67,22920,29820,1,FEASIBLE,WORSE
2093,2,22,68,23915,31015,0,CAPACITY_EXCEEDED,INVALID
2094,2,22,69,22533,29433,1,FEASIBLE,WORSE
2095,2,22,70,22911,29811,1,FEASIBLE,WORSE
2096,2,22,71,22817,29717,1,FEASIBLE,WORSE
2097,2,22,72,22971,29871,1,FEASIBLE,WORSE
2098,2,22,73,22689,29589,1,FEASIBLE,WORSE
2099,2,22,74,23106,30006,1,FEASIBLE,WORSE
2100,2,22,75,22451,29351,1,FEASIBLE,WORSE
2101,2,22,76,24045,31145,0,CAPACITY_EXCEEDED,INVALID
2102,2,22,77,24104,31204,0,CAPACITY_EXCEEDED,INVALID
2103,2,22,78,23884,30984,0,CAPACITY_EXCEEDED,INVALID
2104,2,22,79,24109,31209,0,CAPACITY_EXCEEDED,INVALID
2105,2,22,80,23130,30030,1,FEASIBLE,WORSE
2106,2,22,81,22860,29760,1,FEASIBLE,WORSE
2107,2,22,82,24116,31216,0,CAPACITY_EXCEEDED,INVALID
2108,2,22,83,23925,31025,0,CAPACITY_EXCEEDED,INVALID
2109,2,22,84,22738,29638,1,FEASIBLE,WORSE
2110,2,22,85,24093,31193,0,CAPACITY_EXCEEDED,INVALID
2111,2,22,86,22528,29428,1,FEASIBLE,WORSE
2112,2,22,87,23967,31067,0,CAPACITY_EXCEEDED,INVALID
2113,2,22,88,22855,29755,1,FEASIBLE,WORSE
2114,2,22,89,22957,29857,1,FEASIBLE,WORSE
2115,2,22,90,22704,29604,1,FEASIBLE,WORSE
2116,2,22,91,23012,29912,1,FEASIBLE,WORSE
2117,2,22,92,22767,29667,1,FEASIBLE,WORSE
2118,2,22,93,24111,31211,0,CAPACITY_EXCEEDED,INVALID
2119,2,22,94,22817,29717,1,FEASIBLE,WORSE
2120,2,22,95,23139,30039,1,FEASIBLE,WORSE
2121,2,22,96,23104,30004,1,FEASIBLE,WORSE
2122,2,22,97,22979,29879,1,FEASIBLE,WORSE
2123,2,22,98,23933,31033,0,CAPACITY_EXCEEDED,INVALID
2124,2,22,99,22786,29686,1,FEASIBLE,WORSE
2125,2,23,24,25617,32917,0,CAPACITY_EXCEEDED,INVALID
2126,2,23,25,24649,31749,0,CAPACITY_EXCEEDED,INVALID
2127,2,23,26,24130,31230,0,CAPACITY_EXCEEDED,INVALID
2128,2,23,27,24064,31164,0,CAPACITY_EXCEEDED,INVALID
2129,2,23,28,24230,31330,0,CAPACITY_EXCEEDED,INVALID
2130,2,23,29,24558,31658,0,CAPACITY_EXCEEDED,INVALID
2131,2,23,30,24262,31362,0,CAPACITY_EXCEEDED,INVALID
2132,2,23,31,24646,31746,0,CAPACITY_EXCEEDED,INVALID
2133,2,23,32,25671,32971,0,CAPACITY_EXCEEDED,INVALID
2134,2,23,33,25602,32902,0,CAPACITY_EXCEEDED,INVALID
2135,2,23,34,24188,31288,0,CAPACITY_EXCEEDED,INVALID
2136,2,23,35,24435,31535,0,CAPACITY_EXCEEDED,INVALID
2137,2,23,36,25645,32945,0,CAPACITY_EXCEEDED,INVALID
2138,2,23,37,24163,31263,0,CAPACITY_EXCEEDED,INVALID
2139,2,23,38,25619,32919,0,CAPACITY_EXCEEDED,INVALID
2140,2,23,39,23887,30987,0,CAPACITY_EXCEEDED,INVALID
2141,2,23,40,24227,31327,0,CAPACITY_EXCEEDED,INVALID
2142,2,23,41,24322,31422,0,CAPACITY_EXCEEDED,INVALID
2143,2,23,42,24137,31237,0,CAPACITY_EXCEEDED,INVALID
2144,2,23,43,24304,31404,0,CAPACITY_EXCEEDED,INVALID
2145,2,23,44,24574,31674,0,CAPACITY_EXCEEDED,INVALID
2146,2,23,45,24430,31530,0,CAPACITY_EXCEEDED,INVALID
2147,2,23,46,25549,32849,0,CAPACITY_EXCEEDED,INVALID
2148,2,23,47,24692,31792,0,CAPACITY_EXCEEDED,INVALID
2149,2,23,48,24689,31789,0,CAPACITY_EXCEEDED,INVALID
2150,2,23,49,24109,31209,0,CAPACITY_EXCEEDED,INVALID
2151,2,23,50,24455,31555,0,CAPACITY_EXCEEDED,INVALID
2152,2,23,51,24201,31301,0,CAPACITY_EXCEEDED,INVALID
2153,2,23,52,24264,31364,0,CAPACITY_EXCEEDED,INVALID
2154,2,23,53,24393,31493,0,CAPACITY_EXCEEDED,INVALID
2155,2,23,54,25734,33034,0,CAPACITY_EXCEEDED,INVALID
2156,2,23,55,24540,31640,0,CAPACITY_EXCEEDED,INVALID
2157,2,23,56,24323,31423,0,CAPACITY_EXCEEDED,INVALID
2158,2,23,57,24533,31633,0,CAPACITY_EXCEEDED,INVALID
2159,2,23,58,24103,31203,0,CAPACITY_EXCEEDED,INVALID
2160,2,23,59,24459,31559,0,CAPACITY_EXCEEDED,INVALID
2161,2,23,60,24380,31480,0,CAPACITY_EXCEEDED,INVALID
2162,2,23,61,25483,32783,0,CAPACITY_EXCEEDED,INVALID
2163,2,23,62,24415,31515,0,CAPACITY_EXCEEDED,INVALID
2164,2,23,63,24177,31277,0,CAPACITY_EXCEEDED,INVALID
2165,2,23,64,25641,32941,0,CAPACITY_EXCEEDED,INVALID
2166,2,23,65,24635,31735,0,CAPACITY_EXCEEDED,INVALID
2167,2,23,66,24674,31774,0,CAPACITY_EXCEEDED,INVALID
2168,2,23,67,24507,31607,0,CAPACITY_EXCEEDED,INVALID
2169,2,23,68,25502,32802,0,CAPACITY_EXCEEDED,INVALID
2170,2,23,69,24120,31220,0,CAPACITY_EXCEEDED,INVALID
2171,2,23,70,24498,31598,0,CAPACITY_EXCEEDED,INVALID
2172,2,23,71,24404,31504,0,CAPACITY_EXCEEDED,INVALID
2173,2,23,72,24558,31658,0,CAPACITY_EXCEEDED,INVALID
2174,2,23,73,24276,31376,0,CAPACITY_EXCEEDED,INVALID
2175,2,23,74,24693,31793,0,CAPACITY_EXCEEDED,INVALID
2176,2,23,75,24038,31138,0,CAPACITY_EXCEEDED,INVALID
2177,2,23,76,25632,32932,0,CAPACITY_EXCEEDED,INVALID
2178,2,23,77,25691,32991,0,CAPACITY_EXCEEDED,INVALID
2179,2,23,78,25471,32771,0,CAPACITY_EXCEEDED,INVALID
2180,2,23,79,25696,32996,0,CAPACITY_EXCEEDED,INVALID
2181,2,23,80,24717,31817,0,CAPACITY_EXCEEDED,INVALID
2182,2,23,81,24447,31547,0,CAPACITY_EXCEEDED,INVALID
2183,2,23,82,25703,33003,0,CAPACITY_EXCEEDED,INVALID
2184,2,23,83,25512,32812,0,CAPACITY_EXCEEDED,INVALID
2185,2,23,84,24325,31425,0,CAPACITY_EXCEEDED,INVALID
2186,2,23,85,25680,32980,0,CAPACITY_EXCEEDED,INVALID
2187,2,23,86,24115,31215,0,CAPACITY_EXCEEDED,INVALID
2188,2,23,87,25554,32854,0,CAPACITY_EXCEEDED,INVALID
2189,2,23,88,24442,31542,0,CAPACITY_EXCEEDED,INVALID
2190,2,23,89,24544,31644,0,CAPACITY_EXCEEDED,INVALID
2191,2,23,90,24291,31391,0,CAPACITY_EXCEEDED,INVALID
2192,2,23,91,24599,31699,0,CAPACITY_EXCEEDED,INVALID
2193,2,23,92,24354,31454,0,CAPACITY_EXCEEDED,INVALID
2194,2,23,93,25698,32998,0,CAPACITY_EXCEEDED,INVALID
2195,2,23,94,24404,31504,0,CAPACITY_EXCEEDED,INVALID
2196,2,23,95,24726,31826,0,CAPACITY_EXCEEDED,INVALID
2197,2,23,96,24691,31791,0,CAPACITY_EXCEEDED,INVALID
2198,2,23,97,24566,31666,0,CAPACITY_EXCEEDED,INVALID
2199,2,23,98,25520,32820,0,CAPACITY_EXCEEDED,INVALID
2200,2,23,99,24373,31473,0,CAPACITY_EXCEEDED,INVALID
2201,2,24,25,24675,31775,0,CAPACITY_EXCEEDED,INVALID
2202,2,24,26,24156,31256,0,CAPACITY_EXCEEDED,INVALID
2203,2,24,27,24090,31190,0,CAPACITY_EXCEEDED,INVALID
2204,2,24,28,24256,31356,0,CAPACITY_EXCEEDED,INVALID
2205,2,24,29,24584,31684,0,CAPACITY_EXCEEDED,INVALID
2206,2,24,30,24288,31388,0,CAPACITY_EXCEEDED,INVALID
2207,2,24,31,24672,31772,0,CAPACITY_EXCEEDED,INVALID
2208,2,24,32,25697,32997,0,CAPACITY_EXCEEDED,INVALID
2209,2,24,33,25628,32928,0,CAPACITY_EXCEEDED,INVALID
2210,2,24,34,24214,31314,0,CAPACITY_EXCEEDED,INVALID
2211,2,24,35,24461,31561,0,CAPACITY_EXCEEDED,INVALID
2212,2,24,36,25671,32971,0,CAPACITY_EXCEEDED,INVALID
2213,2,24,37,24189,31289,0,CAPACITY_EXCEEDED,INVALID
2214,2,24,38,25645,32945,0,CAPACITY_EXCEEDED,INVALID
2215,2,24,39,23913,31013,0,CAPACITY_EXCEEDED,INVALID
2216,2,24,40,24253,31353,0,CAPACITY_EXCEEDED,INVALID
2217,2,24,41,24348,31448,0,CAPACITY_EXCEEDED,INVALID
2218,2,24,42,24163,31263,0,CAPACITY_EXCEEDED,INVALID
2219,2,24,43,24330,31430,0,CAPACITY_EXCEEDED,INVALID
2220,2,24,44,24600,31700,0,CAPACITY_EXCEEDED,INVALID
2221,2,24,45,24456,31556,0,CAPACITY_EXCEEDED,INVALID
2222,2,24,46,25575,32875,0,CAPACITY_EXCEEDED,INVALID
2223,2,24,47,24718,31818,0,CAPACITY_EXCEEDED,INVALID
2224,2,24,48,24715,31815,0,CAPACITY_EXCEEDED,INVALID
2225,2,24,49,24135,31235,0,CAPACITY_EXCEEDED,INVALID
2226,2,24,50,24481,31581,0,CAPACITY_EXCEEDED,INVALID
2227,2,24,51,24227,31327,0,CAPACITY_EXCEEDED,INVALID
2228,2,24,52,24290,31390,0,CAPACITY_EXCEEDED,INVALID
2229,2,24,53,24419,31519,0,CAPACITY_EXCEEDED,INVALID
2230,2,24,54,25760,33060,0,CAPACITY_EXCEEDED,INVALID
2231,2,24,55,24566,31666,0,CAPACITY_EXCEEDED,INVALID
2232,2,24,56,24349,31449,0,CAPACITY_EXCEEDED,INVALID
2233,2,24,57,24559,31659,0,CAPACITY_EXCEEDED,INVALID
2234,2,24,58,24129,31229,0,CAPACITY_EXCEEDED,INVALID
2235,2,24,59,24485,31585,0,CAPACITY_EXCEEDED,INVALID
2236,2,24,60,24406,31506,0,CAPACITY_EXCEEDED,INVALID
2237,2,24,61,25509,32809,0,CAPACITY_EXCEEDED,INVALID
2238,2,24,62,24441,31541,0,CAPACITY_EXCEEDED,INVALID
2239,2,24,63,24203,31303,0,CAPACITY_EXCEEDED,INVALID
2240,2,24,64,25667,32967,0,CAPACITY_EXCEEDED,INVALID
2241,2,24,65,24661,31761,0,CAPACITY_EXCEEDED,INVALID
2242,2,24,66,24700,31800,0,CAPACITY_EXCEEDED,INVALID
2243,2,24,67,24533,31633,0,CAPACITY_EXCEEDED,INVALID
2244,2,24,68,25528,32828,0,CAPACITY_EXCEEDED,INVALID
2245,2,24,69,24146,31246,0,CAPACITY_EXCEEDED,INVALID
2246,2,24,70,24524,31624,0,CAPACITY_EXCEEDED,INVALID
2247,2,24,71,24430,31530,0,CAPACITY_EXCEEDED,INVALID
2248,2,24,72,24584,31684,0,CAPACITY_EXCEEDED,INVALID
2249,2,24,73,24302,31402,0,CAPACITY_EXCEEDED,INVALID
2250,2,24,74,24719,31819,0,CAPACITY_EXCEEDED,INVALID
2251,2,24,75,24064,31164,0,CAPACITY_EXCEEDED,INVALID
2252,2,24,76,25658,32958,0,CAPACITY_EXCEEDED,INVALID
2253,2,24,77,25717,33017,0,CAPACITY_EXCEEDED,INVALID
2254,2,24,78,25497,32797,0,CAPACITY_EXCEEDED,INVALID
2255,2,24,79,25722,33022,0,CAPACITY_EXCEEDED,INVALID
2256,2,24,80,24743,31843,0,CAPACITY_EXCEEDED,INVALID
2257,2,24,81,24473,31573,0,CAPACITY_EXCEEDED,INVALID
2258,2,24,82,25729,33029,0,CAPACITY_EXCEEDED,INVALID
2259,2,24,83,25538,32838,0,CAPACITY_EXCEEDED,INVALID
2260,2,24,84,24351,31451,0,CAPACITY_EXCEEDED,INVALID
2261,2,24,85,25706,33006,0,CAPACITY_EXCEEDED,INVALID
2262,2,24,86,24141,31241,0,CAPACITY_EXCEEDED,INVALID
2263,2,24,87,25580,32880,0,CAPACITY_EXCEEDED,INVALID
2264,2,24,88,24468,31568,0,CAPACITY_EXCEEDED,INVALID
2265,2,24,89,24570,31670,0,CAPACITY_EXCEEDED,INVALID
2266,2,24,90,24317,31417,0,CAPACITY_EXCEEDED,INVALID
2267,2,24,91,24625,31725,0,CAPACITY_EXCEEDED,INVALID
2268,2,24,92,24380,31480,0,CAPACITY_EXCEEDED,INVALID
2269,2,24,93,25724,33024,0,CAPACITY_EXCEEDED,INVALID
2270,2,24,94,24430,31530,0,CAPACITY_EXCEEDED,INVALID
2271,2,24,95,24752,31852,0,CAPACITY_EXCEEDED,INVALID
2272,2,24,96,24717,31817,0,CAPACITY_EXCEEDED,INVALID
2273,2,24,97,24592,31692,0,CAPACITY_EXCEEDED,INVALID
2274,2,24,98,25546,32846,0,CAPACITY_EXCEEDED,INVALID
2275,2,24,99,24399,31499,0,CAPACITY_EXCEEDED,INVALID
2276,2,25,26,23188,30088,1,FEASIBLE,WORSE
2277,2,25,27,23122,30022,1,FEASIBLE,WORSE
2278,2,25,28,23288,30188,1,FEASIBLE,WORSE
2279,2,25,29,23616,30516,1,FEASIBLE,WORSE
2280,2,25,30,23320,30220,1,FEASIBLE,WORSE
2281,2,25,31,23704,30604,1,FEASIBLE,WORSE
2282,2,25,32,24729,31829,0,CAPACITY_EXCEEDED,INVALID
2283,2,25,33,24660,31760,0,CAPACITY_EXCEEDED,INVALID
2284,2,25,34,23246,30146,1,FEASIBLE,WORSE
2285,2,25,35,23493,30393,1,FEASIBLE,WORSE
2286,2,25,36,24703,31803,0,CAPACITY_EXCEEDED,INVALID
2287,2,25,37,23221,30121,1,FEASIBLE,WORSE
2288,2,25,38,24677,31777,0,CAPACITY_EXCEEDED,INVALID
2289,2,25,39,22945,29845,1,FEASIBLE,WORSE
2290,2,25,40,23285,30185,1,FEASIBLE,WORSE
2291,2,25,41,23380,30280,1,FEASIBLE,WORSE
2292,2,25,42,23195,30095,1,FEASIBLE,WORSE
2293,2,25,43,23362,30262,1,FEASIBLE,WORSE
2294,2,25,44,23632,30532,1,FEASIBLE,WORSE
2295,2,25,45,23488,30388,1,FEASIBLE,WORSE
2296,2,25,46,24607,31707,0,CAPACITY_EXCEEDED,INVALID
2297,2,25,47,23750,30650,1,FEASIBLE,WORSE
2298,2,25,48,23747,30647,1,FEASIBLE,WORSE
2299,2,25,49,23167,30067,1,FEASIBLE,WORSE
2300,2,25,50,23513,30413,1,FEASIBLE,WORSE
2301,2,25,51,23259,30159,1,FEASIBLE,WORSE
2302,2,25,52,23322,30222,1,FEASIBLE,WORSE
2303,2,25,53,23451,30351,1,FEASIBLE,WORSE
2304,2,25,54,24792,31892,0,CAPACITY_EXCEEDED,INVALID
2305,2,25,55,23598,30498,1,FEASIBLE,WORSE
2306,2,25,56,23381,30281,1,FEASIBLE,WORSE
2307,2,25,57,23591,30491,1,FEASIBLE,WORSE
2308,2,25,58,23161,30061,1,FEASIBLE,WORSE
2309,2,25,59,23517,30417,1,FEASIBLE,WORSE
2310,2,25,60,23438,30338,1,FEASIBLE,WORSE
2311,2,25,61,24541,31641,0,CAPACITY_EXCEEDED,INVALID
2312,2,25,62,23473,30373,1,FEASIBLE,WORSE
2313,2,25,63,23235,30135,1,FEASIBLE,WORSE
2314,2,25,64,24699,31799,0,CAPACITY_EXCEEDED,INVALID
2315,2,25,65,23693,30593,1,FEASIBLE,WORSE
2316,2,25,66,23732,30632,1,FEASIBLE,WORSE
2317,2,25,67,23565,30465,1,FEASIBLE,WORSE
2318,2,25,68,24560,31660,0,CAPACITY_EXCEEDED,INVALID
2319,2,25,69,23178,30078,1,FEASIBLE,WORSE
2320,2,25,70,23556,30456,1,FEASIBLE,WORSE
2321,2,25,71,23462,30362,1,FEASIBLE,WORSE
2322,2,25,72,23616,30516,1,FEASIBLE,WORSE
2323,2,25,73,23334,30234,1,FEASIBLE,WORSE
2324,2,25,74,23751,30651,1,FEASIBLE,WORSE
2325,2,25,75,23096,29996,1,FEASIBLE,WORSE
2326,2,25,76,24690,31790,0,CAPACITY_EXCEEDED,INVALID
2327,2,25,77,24749,31849,0,CAPACITY_EXCEEDED,INVALID
2328,2,25,78,24529,31629,0,CAPACITY_EXCEEDED,INVALID
2329,2,25,79,24754,31854,0,CAPACITY_EXCEEDED,INVALID
2330,2,25,80,23775,30675,1,FEASIBLE,WORSE
2331,2,25,81,23505,30405,1,FEASIBLE,WORSE
2332,2,25,82,24761,31861,0,CAPACITY_EXCEEDED,INVALID
2333,2,25,83,24570,31670,0,CAPACITY_EXCEEDED,INVALID
2334,2,25,84,23383,30283,1,FEASIBLE,WORSE
2335,2,25,85,24738,31838,0,CAPACITY_EXCEEDED,INVALID
2336,2,25,86,23173,30073,1,FEASIBLE,WORSE
2337,2,25,87,24612,31712,0,CAPACITY_EXCEEDED,INVALID
2338,2,25,88,23500,30400,1,FEASIBLE,WORSE
2339,2,25,89,23602,30502,1,FEASIBLE,WORSE
2340,2,25,90,23349,30249,1,FEASIBLE,WORSE
2341,2,25,91,23657,30557,1,FEASIBLE,WORSE
2342,2,25,92,23412,30312,1,FEASIBLE,WORSE
2343,2,25,93,24756,31856,0,CAPACITY_EXCEEDED,INVALID
2344,2,25,94,23462,30362,1,FEASIBLE,WORSE
2345,2,25,95,23784,30684,1,FEASIBLE,WORSE
2346,2,25,96,23749,30649,1,FEASIBLE,WORSE
2347,2,25,97,23624,30524,1,FEASIBLE,WORSE
2348,2,25,98,24578,31678,0,CAPACITY_EXCEEDED,INVALID
2349,2,25,99,23431,30331,1,FEASIBLE,WORSE
2350,2,26,27,22603,29503,1,FEASIBLE,WORSE
2351,2,26,28,22769,29669,1,FEASIBLE,WORSE
2352,2,26,29,23097,29997,1,FEASIBLE,WORSE
2353,2,26,30,22801,29701,1,FEASIBLE,WORSE
2354,2,26,31,23185,30085,1,FEASIBLE,WORSE
2355,2,26,32,24210,31310,0,CAPACITY_EXCEEDED,INVALID
2356,2,26,33,24141,31241,0,CAPACITY_EXCEEDED,INVALID
2357,2,26,34,22727,29627,1,FEASIBLE,WORSE
2358,2,26,35,22974,29874,1,FEASIBLE,WORSE
2359,2,26,36,24184,31284,0,CAPACITY_EXCEEDED,INVALID
2360,2,26,37,22702,29602,1,FEASIBLE,WORSE
2361,2,26,38,24158,31258,0,CAPACITY_EXCEEDED,INVALID
2362,2,26,39,22426,29326,1,FEASIBLE,WORSE
2363,2,26,40,22766,29666,1,FEASIBLE,WORSE
2364,2,26,41,22861,29761,1,FEASIBLE,WORSE
2365,2,26,42,22676,29576,1,FEASIBLE,WORSE
2366,2,26,43,22843,29743,1,FEASIBLE,WORSE
2367,2,26,44,23113,30013,1,FEASIBLE,WORSE
2368,2,26,45,22969,29869,1,FEASIBLE,WORSE
2369,2,26,46,24088,31188,0,CAPACITY_EXCEEDED,INVALID
2370,2,26,47,23231,30131,1,FEASIBLE,WORSE
2371,2,26,48,23228,30128,1,FEASIBLE,WORSE
2372,2,26,49,22648,29548,1,FEASIBLE,WORSE
2373,2,26,50,22994,29894,1,FEASIBLE,WORSE
2374,2,26,51,22740,29640,1,FEASIBLE,WORSE
2375,2,26,52,22803,29703,1,FEASIBLE,WORSE
2376,2,26,53,22932,29832,1,FEASIBLE,WORSE
2377,2,26,54,24273,31373,0,CAPACITY_EXCEEDED,INVALID
2378,2,26,55,23079,29979,1,FEASIBLE,WORSE
2379,2,26,56,22862,29762,1,FEASIBLE,WORSE
2380,2,26,57,23072,29972,1,FEASIBLE,WORSE
2381,2,26,58,22642,29542,1,FEASIBLE,WORSE
2382,2,26,59,22998,29898,1,FEASIBLE,WORSE
2383,2,26,60,22919,29819,1,FEASIBLE,WORSE
2384,2,26,61,24022,31122,0,CAPACITY_EXCEEDED,INVALID
2385,2,26,62,22954,29854,1,FEASIBLE,WORSE
2386,2,26,63,22716,29616,1,FEASIBLE,WORSE
2387,2,26,64,24180,31280,0,CAPACITY_EXCEEDED,INVALID
2388,2,26,65,23174,30074,1,FEASIBLE,WORSE
2389,2,26,66,23213,30113,1,FEASIBLE,WORSE
2390,2,26,67,23046,29946,1,FEASIBLE,WORSE
2391,2,26,68,24041,31141,0,CAPACITY_EXCEEDED,INVALID
2392,2,26,69,22659,29559,1,FEASIBLE,WORSE
2393,2,26,70,23037,29937,1,FEASIBLE,WORSE
2394,2,26,71,22943,29843,1,FEASIBLE,WORSE
2395,2,26,72,23097,29997,1,FEASIBLE,WORSE
2396,2,26,73,22815,29715,1,FEASIBLE,WORSE
2397,2,26,74,23232,30132,1,FEASIBLE,WORSE
2398,2,26,75,22577,29477,1,FEASIBLE,WORSE
2399,2,26,76,24171,31271,0,CAPACITY_EXCEEDED,INVALID
2400,2,26,77,24230,31330,0,CAPACITY_EXCEEDED,INVALID
2401,2,26,78,24010,31110,0,CAPACITY_EXCEEDED,INVALID
2402,2,26,79,24235,31335,0,CAPACITY_EXCEEDED,INVALID
2403,2,26,80,23256,30156,1,FEASIBLE,WORSE
2404,2,26,81,22986,29886,1,FEASIBLE,WORSE
2405,2,26,82,24242,31342,0,CAPACITY_EXCEEDED,INVALID
2406,2,26,83,24051,31151,0,CAPACITY_EXCEEDED,INVALID
2407,2,26,84,22864,29764,1,FEASIBLE,WORSE
2408,2,26,85,24219,31319,0,CAPACITY_EXCEEDED,INVALID
2409,2,26,86,22654,29554,1,FEASIBLE,WORSE
2410,2,26,87,24093,31193,0,CAPACITY_EXCEEDED,INVALID
2411,2,26,88,22981,29881,1,FEASIBLE,WORSE
2412,2,26,89,23083,29983,1,FEASIBLE,WORSE
2413,2,26,90,22830,29730,1,FEASIBLE,WORSE
2414,2,26,91,23138,30038,1,FEASIBLE,WORSE
2415,2,26,92,22893,29793,1,FEASIBLE,WORSE
2416,2,26,93,24237,31337,0,CAPACITY_EXCEEDED,INVALID
2417,2,26,94,22943,29843,1,FEASIBLE,WORSE
2418,2,26,95,23265,30165,1,FEASIBLE,WORSE
2419,2,26,96,23230,30130,1,FEASIBLE,WORSE
2420,2,26,97,23105,30005,1,FEASIBLE,WORSE
2421,2,26,98,24059,31159,0,CAPACITY_EXCEEDED,INVALID
2422,2,26,99,22912,29812,1,FEASIBLE,WORSE
2423,2,27,28,22703,29603,1,FEASIBLE,WORSE
2424,2,27,29,23031,29931,1,FEASIBLE,WORSE
2425,2,27,30,22735,29635,1,FEASIBLE,WORSE
2426,2,27,31,23119,30019,1,FEASIBLE,WORSE
2427,2,27,32,24144,31244,0,CAPACITY_EXCEEDED,INVALID
2428,2,27,33,24075,31175,0,CAPACITY_EXCEEDED,INVALID
2429,2,27,34,22661,29561,1,FEASIBLE,WORSE
2430,2,27,35,22908,29808,1,FEASIBLE,WORSE
2431,2,27,36,24118,31218,0,CAPACITY_EXCEEDED,INVALID
2432,2,27,37,22636,29536,1,FEASIBLE,WORSE
2433,2,27,38,24092,31192,0,CAPACITY_EXCEEDED,INVALID
2434,2,27,39,22360,29260,1,FEASIBLE,WORSE
2435,2,27,40,22700,29600,1,FEASIBLE,WORSE
2436,2,27,41,22795,29695,1,FEASIBLE,WORSE
2437,2,27,42,22610,29510,1,FEASIBLE,WORSE
2438,2,27,43,22777,29677,1,FEASIBLE,WORSE
2439,2,27,44,23047,29947,1,FEASIBLE,WORSE
2440,2,27,45,22903,29803,1,FEASIBLE,WORSE
2441,2,27,46,24022,31122,0,CAPACITY_EXCEEDED,INVALID
2442,2,27,47,23165,30065,1,FEASIBLE,WORSE
2443,2,27,48,23162,30062,1,FEASIBLE,WORSE
2444,2,27,49,22582,29482,1,FEASIBLE,WORSE
2445,2,27,50,22928,29828,1,FEASIBLE,WORSE
2446,2,27,51,22674,29574,1,FEASIBLE,WORSE
2447,2,27,52,22737,29637,1,FEASIBLE,WORSE
2448,2,27,53,22866,29766,1,FEASIBLE,WORSE
2449,2,27,54,24207,31307,0,CAPACITY_EXCEEDED,INVALID
2450,2,27,55,23013,29913,1,FEASIBLE,WORSE
2451,2,27,56,22796,29696,1,FEASIBLE,WORSE
2452,2,27,57,23006,29906,1,FEASIBLE,WORSE
2453,2,27,58,22576,29476,1,FEASIBLE,WORSE
2454,2,27,59,22932,29832,1,FEASIBLE,WORSE
2455,2,27,60,22853,29753,1,FEASIBLE,WORSE
2456,2,27,61,23956,31056,0,CAPACITY_EXCEEDED,INVALID
2457,2,27,62,22888,29788,1,FEASIBLE,WORSE
2458,2,27,63,22650,29550,1,FEASIBLE,WORSE
2459,2,27,64,24114,31214,0,CAPACITY_EXCEEDED,INVALID
2460,2,27,65,23108,30008,1,FEASIBLE,WORSE
2461,2,27,66,23147,30047,1,FEASIBLE,WORSE
2462,2,27,67,22980,29880,1,FEASIBLE,WORSE
2463,2,27,68,23975,31075,0,CAPACITY_EXCEEDED,INVALID
2464,2,27,69,22593,29493,1,FEASIBLE,WORSE
2465,2,27,70,22971,29871,1,FEASIBLE,WORSE
2466,2,27,71,22877,29777,1,FEASIBLE,WORSE
2467,2,27,72,23031,29931,1,FEASIBLE,WORSE
2468,2,27,73,22749,29649,1,FEASIBLE,WORSE
2469,2,27,74,23166,30066,1,FEASIBLE,WORSE
2470,2,27,75,22511,29411,1,FEASIBLE,WORSE
2471,2,27,76,24105,31205,0,CAPACITY_EXCEEDED,INVALID
2472,2,27,77,24164,31264,0,CAPACITY_EXCEEDED,INVALID
2473,2,27,78,23944,31044,0,CAPACITY_EXCEEDED,INVALID
2474,2,27,79,24169,31269,0,CAPACITY_EXCEEDED,INVALID
2475,2,27,80,23190,30090,1,FEASIBLE,WORSE
2476,2,27,81,22920,29820,1,FEASIBLE,WORSE
2477,2,27,82,24176,31276,0,CAPACITY_EXCEEDED,INVALID
2478,2,27,83,23985,31085,0,CAPACITY_EXCEEDED,INVALID
2479,2,27,84,22798,29698,1,FEASIBLE,WORSE
2480,2,27,85,24153,31253,0,CAPACITY_EXCEEDED,INVALID
2481,2,27,86,22588,29488,1,FEASIBLE,WORSE
2482,2,27,87,24027,31127,0,CAPACITY_EXCEEDED,INVALID
2483,2,27,88,22915,29815,1,FEASIBLE,WORSE
2484,2,27,89,23017,29917,1,FEASIBLE,WORSE
2485,2,27,90,22764,29664,1,FEASIBLE,WORSE
2486,2,27,91,23072,29972,1,FEASIBLE,WORSE
2487,2,27,92,22827,29727,1,FEASIBLE,WORSE
2488,2,27,93,24171,31271,0,CAPACITY_EXCEEDED,INVALID
2489,2,27,94,22877,29777,1,FEASIBLE,WORSE
2490,2,27,95,23199,30099,1,FEASIBLE,WORSE
2491,2,27,96,23164,30064,1,FEASIBLE,WORSE
2492,2,27,97,23039,29939,1,FEASIBLE,WORSE
2493,2,27,98,23993,31093,0,CAPACITY_EXCEEDED,INVALID
2494,2,27,99,22846,29746,1,FEASIBLE,WORSE
2495,2,28,29,23197,30097,1,FEASIBLE,WORSE
2496,2,28,30,22901,29801,1,FEASIBLE,WORSE
2497,2,28,31,23285,30185,1,FEASIBLE,WORSE
2498,2,28,32,24310,31410,0,CAPACITY_EXCEEDED,INVALID
2499,2,28,33,24241,31341,0,CAPACITY_EXCEEDED,INVALID
2500,2,28,34,22827,29727,1,FEASIBLE,WORSE
2501,2,28,35,23074,29974,1,FEASIBLE,WORSE
2502,2,28,36,24284,31384,0,CAPACITY_EXCEEDED,INVALID
2503,2,28,37,22802,29702,1,FEASIBLE,WORSE
2504,2,28,38,24258,31358,0,CAPACITY_EXCEEDED,INVALID
2505,2,28,39,22526,29426,1,FEASIBLE,WORSE
2506,2,28,40,22866,29766,1,FEASIBLE,WORSE
2507,2,28,41,22961,29861,1,FEASIBLE,WORSE
2508,2,28,42,22776,29676,1,FEASIBLE,WORSE
2509,2,28,43,22943,29843,1,FEASIBLE,WORSE
2510,2,28,44,23213,30113,1,FEASIBLE,WORSE
2511,2,28,45,23069,29969,1,FEASIBLE,WORSE
2512,2,28,46,24188,31288,0,CAPACITY_EXCEEDED,INVALID
2513,2,28,47,23331,30231,1,FEASIBLE,WORSE
2514,2,28,48,23328,30228,1,FEASIBLE,WORSE
2515,2,28,49,22748,29648,1,FEASIBLE,WORSE
2516,2,28,50,23094,29994,1,FEASIBLE,WORSE
2517,2,28,51,22840,29740,1,FEASIBLE,WORSE
2518,2,28,52,22903,29803,1,FEASIBLE,WORSE
2519,2,28,53,23032,29932,1,FEASIBLE,WORSE
2520,2,28,54,24373,31473,0,CAPACITY_EXCEEDED,INVALID
2521,2,28,55,23179,30079,1,FEASIBLE,WORSE
2522,2,28,56,22962,29862,1,FEASIBLE,WORSE
2523,2,28,57,23172,30072,1,FEASIBLE,WORSE
2524,2,28,58,22742,29642,1,FEASIBLE,WORSE
2525,2,28,59,23098,29998,1,FEASIBLE,WORSE
2526,2,28,60,23019,29919,1,FEASIBLE,WORSE
2527,2,28,61,24122,31222,0,CAPACITY_EXCEEDED,INVALID
2528,2,28,62,23054,29954,1,FEASIBLE,WORSE
2529,2,28,63,22816,29716,1,FEASIBLE,WORSE
2530,2,28,64,24280,31380,0,CAPACITY_EXCEEDED,INVALID
2531,2,28,65,23274,30174,1,FEASIBLE,WORSE
2532,2,28,66,23313,30213,1,FEASIBLE,WORSE
2533,2,28,67,23146,30046,1,FEASIBLE,WORSE
2534,2,28,68,24141,31241,0,CAPACITY_EXCEEDED,INVALID
2535,2,28,69,22759,29659,1,FEASIBLE,WORSE
2536,2,28,70,23137,30037,1,FEASIBLE,WORSE
2537,2,28,71,23043,29943,1,FEASIBLE,WORSE
2538,2,28,72,23197,30097,1,FEASIBLE,WORSE
2539,2,28,73,22915,29815,1,FEASIBLE,WORSE
2540,2,28,74,23332,30232,1,FEASIBLE,WORSE
2541,2,28,75,22677,29577,1,FEASIBLE,WORSE
2542,2,28,76,24271,31371,0,CAPACITY_EXCEEDED,INVALID
2543,2,28,77,24330,31430,0,CAPACITY_EXCEEDED,INVALID
2544,2,28,78,24110,31210,0,CAPACITY_EXCEEDED,INVALID
2545,2,28,79,24335,31435,0,CAPACITY_EXCEEDED,INVALID
2546,2,28,80,23356,30256,1,FEASIBLE,WORSE
2547,2,28,81,23086,29986,1,FEASIBLE,WORSE
2548,2,28,82,24342,31442,0,CAPACITY_EXCEEDED,INVALID
2549,2,28,83,24151,31251,0,CAPACITY_EXCEEDED,INVALID
2550,2,28,84,22964,29864,1,FEASIBLE,WORSE
2551,2,28,85,24319,31419,0,CAPACITY_EXCEEDED,INVALID
2552,2,28,86,22754,29654,1,FEASIBLE,WORSE
2553,2,28,87,24193,31293,0,CAPACITY_EXCEEDED,INVALID
2554,2,28,88,23081,29981,1,FEASIBLE,WORSE
2555,2,28,89,23183,30083,1,FEASIBLE,WORSE
2556,2,28,90,22930,29830,1,FEASIBLE,WORSE
2557,2,28,91,23238,30138,1,FEASIBLE,WORSE
2558,2,28,92,22993,29893,1,FEASIBLE,WORSE
2559,2,28,93,24337,31437,0,CAPACITY_EXCEEDED,INVALID
2560,2,28,94,23043,29943,1,FEASIBLE,WORSE
2561,2,28,95,23365,30265,1,FEASIBLE,WORSE
2562,2,28,96,23330,30230,1,FEASIBLE,WORSE
2563,2,28,97,23205,30105,1,FEASIBLE,WORSE
2564,2,28,98,24159,31259,0,CAPACITY_EXCEEDED,INVALID
2565,2,28,99,23012,29912,1,FEASIBLE,WORSE
2566,2,29,30,23229,30129,1,FEASIBLE,WORSE
2567,2,29,31,23613,30513,1,FEASIBLE,WORSE
2568,2,29,32,24638,31738,0,CAPACITY_EXCEEDED,INVALID
2569,2,29,33,24569,31669,0,CAPACITY_EXCEEDED,INVALID
2570,2,29,34,23155,30055,1,FEASIBLE,WORSE
2571,2,29,35,23402,30302,1,FEASIBLE,WORSE
2572,2,29,36,24612,31712,0,CAPACITY_EXCEEDED,INVALID
2573,2,29,37,23130,30030,1,FEASIBLE,WORSE
2574,2,29,38,24586,31686,0,CAPACITY_EXCEEDED,INVALID
2575,2,29,39,22854,29754,1,FEASIBLE,WORSE
2576,2,29,40,23194,30094,1,FEASIBLE,WORSE
2577,2,29,41,23289,30189,1,FEASIBLE,WORSE
2578,2,29,42,23104,30004,1,FEASIBLE,WORSE
2579,2,29,43,23271,30171,1,FEASIBLE,WORSE
2580,2,29,44,23541,30441,1,FEASIBLE,WORSE
2581,2,29,45,23397,30297,1,FEASIBLE,WORSE
2582,2,29,46,24516,31616,0,CAPACITY_EXCEEDED,INVALID
2583,2,29,47,23659,30559,1,FEASIBLE,WORSE
2584,2,29,48,23656,30556,1,FEASIBLE,WORSE
2585,2,29,49,23076,29976,1,FEASIBLE,WORSE
2586,2,29,50,23422,30322,1,FEASIBLE,WORSE
2587,2,29,51,23168,30068,1,FEASIBLE,WORSE
2588,2,29,52,23231,30131,1,FEASIBLE,WORSE
2589,2,29,53,23360,30260,1,FEASIBLE,WORSE
2590,2,29,54,24701,31801,0,CAPACITY_EXCEEDED,INVALID
2591,2,29,55,23507,30407,1,FEASIBLE,WORSE
2592,2,29,56,23290,30190,1,FEASIBLE,WORSE
2593,2,29,57,23500,30400,1,FEASIBLE,WORSE
2594,2,29,58,23070,29970,1,FEASIBLE,WORSE
2595,2,29,59,23426,30326,1,FEASIBLE,WORSE
2596,2,29,60,23347,30247,1,FEASIBLE,WORSE
2597,2,29,61,24450,31550,0,CAPACITY_EXCEEDED,INVALID
2598,2,29,62,23382,30282,1,FEASIBLE,WORSE
2599,2,29,63,23144,30044,1,FEASIBLE,WORSE
2600,2,29,64,24608,31708,0,CAPACITY_EXCEEDED,INVALID
2601,2,29,65,23602,30502,1,FEASIBLE,WORSE
2602,2,29,66,23641,30541,1,FEASIBLE,WORSE
2603,2,29,67,23474,30374,1,FEASIBLE,WORSE
2604,2,29,68,24469,31569,0,CAPACITY_EXCEEDED,INVALID
2605,2,29,69,23087,29987,1,FEASIBLE,WORSE
2606,2,29,70,23465,30365,1,FEASIBLE,WORSE
2607,2,29,71,23371,30271,1,FEASIBLE,WORSE
2608,2,29,72,23525,30425,1,FEASIBLE,WORSE
2609,2,29,73,23243,30143,1,FEASIBLE,WORSE
2610,2,29,74,23660,30560,1,FEASIBLE,WORSE
2611,2,29,75,23005,29905,1,FEASIBLE,WORSE
2612,2,29,76,24599,31699,0,CAPACITY_EXCEEDED,INVALID
2613,2,29,77,24658,31758,0,CAPACITY_EXCEEDED,INVALID
2614,2,29,78,24438,31538,0,CAPACITY_EXCEEDED,INVALID
2615,2,29,79,24663,31763,0,CAPACITY_EXCEEDED,INVALID
2616,2,29,80,23684,30584,1,FEASIBLE,WORSE
2617,2,29,81,23414,30314,1,FEASIBLE,WORSE
2618,2,29,82,24670,31770,0,CAPACITY_EXCEEDED,INVALID
2619,2,29,83,24479,31579,0,CAPACITY_EXCEEDED,INVALID
2620,2,29,84,23292,30192,1,FEASIBLE,WORSE
2621,2,29,85,24647,31747,0,CAPACITY_EXCEEDED,INVALID
2622,2,29,86,23082,29982,1,FEASIBLE,WORSE
2623,2,29,87,24521,31621,0,CAPACITY_EXCEEDED,INVALID
2624,2,29,88,23409,30309,1,FEASIBLE,WORSE
2625,2,29,89,23511,30411,1,FEASIBLE,WORSE
2626,2,29,90,23258,30158,1,FEASIBLE,WORSE
2627,2,29,91,23566,30466,1,FEASIBLE,WORSE
2628,2,29,92,23321,30221,1,FEASIBLE,WORSE
2629,2,29,93,24665,31765,0,CAPACITY_EXCEEDED,INVALID
2630,2,29,94,23371,30271,1,FEASIBLE,WORSE
2631,2,29,95,23693,30593,1,FEASIBLE,WORSE
2632,2,29,96,23658,30558,1,FEASIBLE,WORSE
2633,2,29,97,23533,30433,1,FEASIBLE,WORSE
2634,2,29,98,24487,31587,0,CAPACITY_EXCEEDED,INVALID
2635,2,29,99,23340,30240,1,FEASIBLE,WORSE
2636,2,30,31,23317,30217,1,FEASIBLE,WORSE
2637,2,30,32,24342,31442,0,CAPACITY_EXCEEDED,INVALID
2638,2,30,33,24273,31373,0,CAPACITY_EXCEEDED,INVALID
2639,2,30,34,22859,29759,1,FEASIBLE,WORSE
2640,2,30,35,23106,30006,1,FEASIBLE,WORSE
2641,2,30,36,24316,31416,0,CAPACITY_EXCEEDED,INVALID
2642,2,30,37,22834,29734,1,FEASIBLE,WORSE
2643,2,30,38,24290,31390,0,CAPACITY_EXCEEDED,INVALID
2644,2,30,39,22558,29458,1,FEASIBLE,WORSE
2645,2,30,40,22898,29798,1,FEASIBLE,WORSE
2646,2,30,41,22993,29893,1,FEASIBLE,WORSE
2647,2,30,42,22808,29708,1,FEASIBLE,WORSE
2648,2,30,43,22975,29875,1,FEASIBLE,WORSE
2649,2,30,44,23245,30145,1,FEASIBLE,WORSE
2650,2,30,45,23101,30001,1,FEASIBLE,WORSE
2651,2,30,46,24220,31320,0,CAPACITY_EXCEEDED,INVALID
2652,2,30,47,23363,30263,1,FEASIBLE,WORSE
2653,2,30,48,23360,30260,1,FEASIBLE,WORSE
2654,2,30,49,22780,29680,1,FEASIBLE,WORSE
2655,2,30,50,23126,30026,1,FEASIBLE,WORSE
2656,2,30,51,22872,29772,1,FEASIBLE,WORSE
2657,2,30,52,22935,29835,1,FEASIBLE,WORSE
2658,2,30,53,23064,29964,1,FEASIBLE,WORSE
2659,2,30,54,24405,31505,0,CAPACITY_EXCEEDED,INVALID
2660,2,30,55,23211,30111,1,FEASIBLE,WORSE
2661,2,30,56,22994,29894,1,FEASIBLE,WORSE
2662,2,30,57,23204,30104,1,FEASIBLE,WORSE
2663,2,30,58,22774,29674,1,FEASIBLE,WORSE
2664,2,30,59,23130,30030,1,FEASIBLE,WORSE
2665,2,30,60,23051,29951,1,FEASIBLE,WORSE
2666,2,30,61,24154,31254,0,CAPACITY_EXCEEDED,INVALID
2667,2,30,62,23086,29986,1,FEASIBLE,WORSE
2668,2,30,63,22848,29748,1,FEASIBLE,WORSE
2669,2,30,64,24312,31412,0,CAPACITY_EXCEEDED,INVALID
2670,2,30,65,23306,30206,1,FEASIBLE,WORSE
2671,2,30,66,23345,30245,1,FEASIBLE,WORSE
2672,2,30,67,23178,30078,1,FEASIBLE,WORSE
2673,2,30,68,24173,31273,0,CAPACITY_EXCEEDED,INVALID
2674,2,30,69,22791,29691,1,FEASIBLE,WORSE
2675,2,30,70,23169,30069,1,FEASIBLE,WORSE
2676,2,30,71,23075,29975,1,FEASIBLE,WORSE
2677,2,30,72,23229,30129,1,FEASIBLE,WORSE
2678,2,30,73,22947,29847,1,FEASIBLE,WORSE
2679,2,30,74,23364,30264,1,FEASIBLE,WORSE
2680,2,30,75,22709,29609,1,FEASIBLE,WORSE
2681,2,30,76,24303,31403,0,CAPACITY_EXCEEDED,INVALID
2682,2,30,77,24362,31462,0,CAPACITY_EXCEEDED,INVALID
2683,2,30,78,24142,31242,0,CAPACITY_EXCEEDED,INVALID
2684,2,30,79,24367,31467,0,CAPACITY_EXCEEDED,INVALID
2685,2,30,80,23388,30288,1,FEASIBLE,WORSE
2686,2,30,81,23118,30018,1,FEASIBLE,WORSE
2687,2,30,82,24374,31474,0,CAPACITY_EXCEEDED,INVALID
2688,2,30,83,24183,31283,0,CAPACITY_EXCEEDED,INVALID
2689,2,30,84,22996,29896,1,FEASIBLE,WORSE
2690,2,30,85,24351,31451,0,CAPACITY_EXCEEDED,INVALID
2691,2,30,86,22786,29686,1,FEASIBLE,WORSE
2692,2,30,87,24225,31325,0,CAPACITY_EXCEEDED,INVALID
2693,2,30,88,23113,30013,1,FEASIBLE,WORSE
2694,2,30,89,23215,30115,1,FEASIBLE,WORSE
2695,2,30,90,22962,29862,1,FEASIBLE,WORSE
2696,2,30,91,23270,30170,1,FEASIBLE,WORSE
2697,2,30,92,23025,29925,1,FEASIBLE,WORSE
2698,2,30,93,24369,31469,0,CAPACITY_EXCEEDED,INVALID
2699,2,30,94,23075,29975,1,FEASIBLE,WORSE
2700,2,30,95,23397,30297,1,FEASIBLE,WORSE
2701,2,30,96,23362,30262,1,FEASIBLE,WORSE
2702,2,30,97,23237,30137,1,FEASIBLE,WORSE
2703,2,30,98,24191,31291,0,CAPACITY_EXCEEDED,INVALID
2704,2,30,99,23044,29944,1,FEASIBLE,WORSE
2705,2,31,32,24726,31826,0,CAPACITY_EXCEEDED,INVALID
2706,2,31,33,24657,31757,0,CAPACITY_EXCEEDED,INVALID
2707,2,31,34,23243,30143,1,FEASIBLE,WORSE
2708,2,31,35,23490,30390,1,FEASIBLE,WORSE
2709,2,31,36,24700,31800,0,CAPACITY_EXCEEDED,INVALID
2710,2,31,37,23218,30118,1,FEASIBLE,WORSE
2711,2,31,38,24674,31774,0,CAPACITY_EXCEEDED,INVALID
2712,2,31,39,22942,29842,1,FEASIBLE,WORSE
2713,2,31,40,23282,30182,1,FEASIBLE,WORSE
2714,2,31,41,23377,30277,1,FEASIBLE,WORSE
2715,2,31,42,23192,30092,1,FEASIBLE,WORSE
2716,2,31,43,23359,30259,1,FEASIBLE,WORSE
2717,2,31,44,23629,30529,1,FEASIBLE,WORSE
2718,2,31,45,23485,30385,1,FEASIBLE,WORSE
2719,2,31,46,24604,31704,0,CAPACITY_EXCEEDED,INVALID
2720,2,31,47,23747,30647,1,FEASIBLE,WORSE
2721,2,31,48,23744,30644,1,FEASIBLE,WORSE
2722,2,31,49,23164,30064,1,FEASIBLE,WORSE
2723,2,31,50,23510,30410,1,FEASIBLE,WORSE
2724,2,31,51,23256,30156,1,FEASIBLE,WORSE
2725,2,31,52,23319,30219,1,FEASIBLE,WORSE
2726,2,31,53,23448,30348,1,FEASIBLE,WORSE
2727,2,31,54,24789,31889,0,CAPACITY_EXCEEDED,INVALID
2728,2,31,55,23595,30495,1,FEASIBLE,WORSE
2729,2,31,56,23378,30278,1,FEASIBLE,WORSE
2730,2,31,57,23588,30488,1,FEASIBLE,WORSE
2731,2,31,58,23158,30058,1,FEASIBLE,WORSE
2732,2,31,59,23514,30414,1,FEASIBLE,WORSE
2733,2,31,60,23435,30335,1,FEASIBLE,WORSE
2734,2,31,61,24538,31638,0,CAPACITY_EXCEEDED,INVALID
2735,2,31,62,23470,30370,1,FEASIBLE,WORSE
2736,2,31,63,23232,30132,1,FEASIBLE,WORSE
2737,2,31,64,24696,31796,0,CAPACITY_EXCEEDED,INVALID
2738,2,31,65,23690,30590,1,FEASIBLE,WORSE
2739,2,31,66,23729,30629,1,FEASIBLE,WORSE
2740,2,31,67,23562,30462,1,FEASIBLE,WORSE
2741,2,31,68,24557,31657,0,CAPACITY_EXCEEDED,INVALID
2742,2,31,69,23175,30075,1,FEASIBLE,WORSE
2743,2,31,70,23553,30453,1,FEASIBLE,WORSE
2744,2,31,71,23459,30359,1,FEASIBLE,WORSE
2745,2,31,72,23613,30513,1,FEASIBLE,WORSE
2746,2,31,73,23331,30231,1,FEASIBLE,WORSE
2747,2,31,74,23748,30648,1,FEASIBLE,WORSE
2748,2,31,75,23093,29993,1,FEASIBLE,WORSE
2749,2,31,76,24687,31787,0,CAPACITY_EXCEEDED,INVALID
2750,2,31,77,24746,31846,0,CAPACITY_EXCEEDED,INVALID
2751,2,31,78,24526,31626,0,CAPACITY_EXCEEDED,INVALID
2752,2,31,79,24751,31851,0,CAPACITY_EXCEEDED,INVALID
2753,2,31,80,23772,30672,1,FEASIBLE,WORSE
2754,2,31,81,23502,30402,1,FEASIBLE,WORSE
2755,2,31,82,24758,31858,0,CAPACITY_EXCEEDED,INVALID
2756,2,31,83,24567,31667,0,CAPACITY_EXCEEDED,INVALID
2757,2,31,84,23380,30280,1,FEASIBLE,WORSE
2758,2,31,85,24735,31835,0,CAPACITY_EXCEEDED,INVALID
2759,2,31,86,23170,30070,1,FEASIBLE,WORSE
2760,2,31,87,24609,31709,0,CAPACITY_EXCEEDED,INVALID
2761,2,31,88,23497,30397,1,FEASIBLE,WORSE
2762,2,31,89,23599,30499,1,FEASIBLE,WORSE
2763,2,31,90,23346,30246,1,FEASIBLE,WORSE
2764,2,31,91,23654,30554,1,FEASIBLE,WORSE
2765,2,31,92,23409,30309,1,FEASIBLE,WORSE
2766,2,31,93,24753,31853,0,CAPACITY_EXCEEDED,INVALID
2767,2,31,94,23459,30359,1,FEASIBLE,WORSE
2768,2,31,95,23781,30681,1,FEASIBLE,WORSE
2769,2,31,96,23746,30646,1,FEASIBLE,WORSE
2770,2,31,97,23621,30521,1,FEASIBLE,WORSE
2771,2,31,98,24575,31675,0,CAPACITY_EXCEEDED,INVALID
2772,2,31,99,23428,30328,1,FEASIBLE,WORSE
2773,2,32,33,25682,32982,0,CAPACITY_EXCEEDED,INVALID
2774,2,32,34,24268,31368,0,CAPACITY_EXCEEDED,INVALID
2775,2,32,35,24515,31615,0,CAPACITY_EXCEEDED,INVALID
2776,2,32,36,25725,33025,0,CAPACITY_EXCEEDED,INVALID
2777,2,32,37,24243,31343,0,CAPACITY_EXCEEDED,INVALID
2778,2,32,38,25699,32999,0,CAPACITY_EXCEEDED,INVALID
2779,2,32,39,23967,31067,0,CAPACITY_EXCEEDED,INVALID
2780,2,32,40,24307,31407,0,CAPACITY_EXCEEDED,INVALID
2781,2,32,41,24402,31502,0,CAPACITY_EXCEEDED,INVALID
2782,2,32,42,24217,31317,0,CAPACITY_EXCEEDED,INVALID
2783,2,32,43,24384,31484,0,CAPACITY_EXCEEDED,INVALID
2784,2,32,44,24654,31754,0,CAPACITY_EXCEEDED,INVALID
2785,2,32,45,24510,31610,0,CAPACITY_EXCEEDED,INVALID
2786,2,32,46,25629,32929,0,CAPACITY_EXCEEDED,INVALID
2787,2,32,47,24772,31872,0,CAPACITY_EXCEEDED,INVALID
2788,2,32,48,24769,31869,0,CAPACITY_EXCEEDED,INVALID
2789,2,32,49,24189,31289,0,CAPACITY_EXCEEDED,INVALID
2790,2,32,50,24535,31635,0,CAPACITY_EXCEEDED,INVALID
2791,2,32,51,24281,31381,0,CAPACITY_EXCEEDED,INVALID
2792,2,32,52,24344,31444,0,CAPACITY_EXCEEDED,INVALID
2793,2,32,53,24473,31573,0,CAPACITY_EXCEEDED,INVALID
2794,2,32,54,25814,33114,0,CAPACITY_EXCEEDED,INVALID
2795,2,32,55,24620,31720,0,CAPACITY_EXCEEDED,INVALID
2796,2,32,56,24403,31503,0,CAPACITY_EXCEEDED,INVALID
2797,2,32,57,24613,31713,0,CAPACITY_EXCEEDED,INVALID
2798,2,32,58,24183,31283,0,CAPACITY_EXCEEDED,INVALID
2799,2,32,59,24539,31639,0,CAPACITY_EXCEEDED,INVALID
2800,2,32,60,24460,31560,0,CAPACITY_EXCEEDED,INVALID
2801,2,32,61,25563,32863,0,CAPACITY_EXCEEDED,INVALID
2802,2,32,62,24495,31595,0,CAPACITY_EXCEEDED,INVALID
2803,2,32,63,24257,31357,0,CAPACITY_EXCEEDED,INVALID
2804,2,32,64,25721,33021,0,CAPACITY_EXCEEDED,INVALID
2805,2,32,65,24715,31815,0,CAPACITY_EXCEEDED,INVALID
2806,2,32,66,24754,31854,0,CAPACITY_EXCEEDED,INVALID
2807,2,32,67,24587,31687,0,CAPACITY_EXCEEDED,INVALID
2808,2,32,68,25582,32882,0,CAPACITY_EXCEEDED,INVALID
2809,2,32,69,24200,31300,0,CAPACITY_EXCEEDED,INVALID
2810,2,32,70,24578,31678,0,CAPACITY_EXCEEDED,INVALID
2811,2,32,71,24484,31584,0,CAPACITY_EXCEEDED,INVALID
2812,2,32,72,24638,31738,0,CAPACITY_EXCEEDED,INVALID
2813,2,32,73,24356,31456,0,CAPACITY_EXCEEDED,INVALID
2814,2,32,74,24773,31873,0,CAPACITY_EXCEEDED,INVALID
2815,2,32,75,24118,31218,0,CAPACITY_EXCEEDED,INVALID
2816,2,32,76,25712,33012,0,CAPACITY_EXCEEDED,INVALID
2817,2,32,77,25771,33071,0,CAPACITY_EXCEEDED,INVALID
2818,2,32,78,25551,32851,0,CAPACITY_EXCEEDED,INVALID
2819,2,32,79,25776,33076,0,CAPACITY_EXCEEDED,INVALID
2820,2,32,80,24797,31897,0,CAPACITY_EXCEEDED,INVALID
2821,2,32,81,24527,31627,0,CAPACITY_EXCEEDED,INVALID
2822,2,32,82,25783,33083,0,CAPACITY_EXCEEDED,INVALID
2823,2,32,83,25592,32892,0,CAPACITY_EXCEEDED,INVALID
2824,2,32,84,24405,31505,0,CAPACITY_EXCEEDED,INVALID
2825,2,32,85,25760,33060,0,CAPACITY_EXCEEDED,INVALID
2826,2,32,86,24195,31295,0,CAPACITY_EXCEEDED,INVALID
2827,2,32,87,25634,32934,0,CAPACITY_EXCEEDED,INVALID
2828,2,32,88,24522,31622,0,CAPACITY_EXCEEDED,INVALID
2829,2,32,89,24624,31724,0,CAPACITY_EXCEEDED,INVALID
2830,2,32,90,24371,31471,0,CAPACITY_EXCEEDED,INVALID
2831,2,32,91,24679,31779,0,CAPACITY_EXCEEDED,INVALID
2832,2,32,92,24434,31534,0,CAPACITY_EXCEEDED,INVALID
2833,2,32,93,25778,33078,0,CAPACITY_EXCEEDED,INVALID
2834,2,32,94,24484,31584,0,CAPACITY_EXCEEDED,INVALID
2835,2,32,95,24806,31906,0,CAPACITY_EXCEEDED,INVALID
2836,2,32,96,24771,31871,0,CAPACITY_EXCEEDED,INVALID
2837,2,32,97,24646,31746,0,CAPACITY_EXCEEDED,INVALID
2838,2,32,98,25600,32900,0,CAPACITY_EXCEEDED,INVALID
2839,2,32,99,24453,31553,0,CAPACITY_EXCEEDED,INVALID
2840,2,33,34,24199,31299,0,CAPACITY_EXCEEDED,INVALID
2841,2,33,35,24446,31546,0,CAPACITY_EXCEEDED,INVALID
2842,2,33,36,25656,32956,0,CAPACITY_EXCEEDED,INVALID
2843,2,33,37,24174,31274,0,CAPACITY_EXCEEDED,INVALID
2844,2,33,38,25630,32930,0,CAPACITY_EXCEEDED,INVALID
2845,2,33,39,23898,30998,0,CAPACITY_EXCEEDED,INVALID
2846,2,33,40,24238,31338,0,CAPACITY_EXCEEDED,INVALID
2847,2,33,41,24333,31433,0,CAPACITY_EXCEEDED,INVALID
2848,2,33,42,24148,31248,0,CAPACITY_EXCEEDED,INVALID
2849,2,33,43,24315,31415,0,CAPACITY_EXCEEDED,INVALID
2850,2,33,44,24585,31685,0,CAPACITY_EXCEEDED,INVALID
2851,2,33,45,24441,31541,0,CAPACITY_EXCEEDED,INVALID
2852,2,33,46,25560,32860,0,CAPACITY_EXCEEDED,INVALID
2853,2,33,47,24703,31803,0,CAPACITY_EXCEEDED,INVALID
2854,2,33,48,24700,31800,0,CAPACITY_EXCEEDED,INVALID
2855,2,33,49,24120,31220,0,CAPACITY_EXCEEDED,INVALID
2856,2,33,50,24466,31566,0,CAPACITY_EXCEEDED,INVALID
2857,2,33,51,24212,31312,0,CAPACITY_EXCEEDED,INVALID
2858,2,33,52,24275,31375,0,CAPACITY_EXCEEDED,INVALID
2859,2,33,53,24404,31504,0,CAPACITY_EXCEEDED,INVALID
2860,2,33,54,25745,33045,0,CAPACITY_EXCEEDED,INVALID
2861,2,33,55,24551,31651,0,CAPACITY_EXCEEDED,INVALID
2862,2,33,56,24334,31434,0,CAPACITY_EXCEEDED,INVALID
2863,2,33,57,24544,31644,0,CAPACITY_EXCEEDED,INVALID
2864,2,33,58,24114,31214,0,CAPACITY_EXCEEDED,INVALID
2865,2,33,59,24470,31570,0,CAPACITY_EXCEEDED,INVALID
2866,2,33,60,24391,31491,0,CAPACITY_EXCEEDED,INVALID
2867,2,33,61,25494,32794,0,CAPACITY_EXCEEDED,INVALID
2868,2,33,62,24426,31526,0,CAPACITY_EXCEEDED,INVALID
2869,2,33,63,24188,31288,0,CAPACITY_EXCEEDED,INVALID
2870,2,33,64,25652,32952,0,CAPACITY_EXCEEDED,INVALID
2871,2,33,65,24646,31746,0,CAPACITY_EXCEEDED,INVALID
2872,2,33,66,24685,31785,0,CAPACITY_EXCEEDED,INVALID
2873,2,33,67,24518,31618,0,CAPACITY_EXCEEDED,INVALID
2874,2,33,68,25513,32813,0,CAPACITY_EXCEEDED,INVALID
2875,2,33,69,24131,31231,0,CAPACITY_EXCEEDED,INVALID
2876,2,33,70,24509,31609,0,CAPACITY_EXCEEDED,INVALID
2877,2,33,71,24415,31515,0,CAPACITY_EXCEEDED,INVALID
2878,2,33,72,24569,31669,0,CAPACITY_EXCEEDED,INVALID
2879,2,33,73,24287,31387,0,CAPACITY_EXCEEDED,INVALID
2880,2,33,74,24704,31804,0,CAPACITY_EXCEEDED,INVALID
2881,2,33,75,24049,31149,0,CAPACITY_EXCEEDED,INVALID
2882,2,33,76,25643,32943,0,CAPACITY_EXCEEDED,INVALID
2883,2,33,77,25702,33002,0,CAPACITY_EXCEEDED,INVALID
2884,2,33,78,25482,32782,0,CAPACITY_EXCEEDED,INVALID
2885,2,33,79,25707,33007,0,CAPACITY_EXCEEDED,INVALID
2886,2,33,80,24728,31828,0,CAPACITY_EXCEEDED,INVALID
2887,2,33,81,24458,31558,0,CAPACITY_EXCEEDED,INVALID
2888,2,33,82,25714,33014,0,CAPACITY_EXCEEDED,INVALID
2889,2,33,83,25523,32823,0,CAPACITY_EXCEEDED,INVALID
2890,2,33,84,24336,31436,0,CAPACITY_EXCEEDED,INVALID
2891,2,33,85,25691,32991,0,CAPACITY_EXCEEDED,INVALID
2892,2,33,86,24126,31226,0,CAPACITY_EXCEEDED,INVALID
2893,2,33,87,25565,32865,0,CAPACITY_EXCEEDED,INVALID
2894,2,33,88,24453,31553,0,CAPACITY_EXCEEDED,INVALID
2895,2,33,89,24555,31655,0,CAPACITY_EXCEEDED,INVALID
2896,2,33,90,24302,31402,0,CAPACITY_EXCEEDED,INVALID
2897,2,33,91,24610,31710,0,CAPACITY_EXCEEDED,INVALID
2898,2,33,92,24365,31465,0,CAPACITY_EXCEEDED,INVALID
2899,2,33,93,25709,33009,0,CAPACITY_EXCEEDED,INVALID
2900,2,33,94,24415,31515,0,CAPACITY_EXCEEDED,INVALID
2901,2,33,95,24737,31837,0,CAPACITY_EXCEEDED,INVALID
2902,2,33,96,24702,31802,0,CAPACITY_EXCEEDED,INVALID
2903,2,33,97,24577,31677,0,CAPACITY_EXCEEDED,INVALID
2904,2,33,98,25531,32831,0,CAPACITY_EXCEEDED,INVALID
2905,2,33,99,24384,31484,0,CAPACITY_EXCEEDED,INVALID
2906,2,34,35,23032,29932,1,FEASIBLE,WORSE
2907,2,34,36,24242,31342,0,CAPACITY_EXCEEDED,INVALID
2908,2,34,37,22760,29660,1,FEASIBLE,WORSE
2909,2,34,38,24216,31316,0,CAPACITY_EXCEEDED,INVALID
2910,2,34,39,22484,29384,1,FEASIBLE,WORSE
2911,2,34,40,22824,29724,1,FEASIBLE,WORSE
2912,2,34,41,22919,29819,1,FEASIBLE,WORSE
2913,2,34,42,22734,29634,1,FEASIBLE,WORSE
2914,2,34,43,22901,29801,1,FEASIBLE,WORSE
2915,2,34,44,23171,30071,1,FEASIBLE,WORSE
2916,2,34,45,23027,29927,1,FEASIBLE,WORSE
2917,2,34,46,24146,31246,0,CAPACITY_EXCEEDED,INVALID
2918,2,34,47,23289,30189,1,FEASIBLE,WORSE
2919,2,34,48,23286,30186,1,FEASIBLE,WORSE
2920,2,34,49,22706,29606,1,FEASIBLE,WORSE
2921,2,34,50,23052,29952,1,FEASIBLE,WORSE
2922,2,34,51,22798,29698,1,FEASIBLE,WORSE
2923,2,34,52,22861,29761,1,FEASIBLE,WORSE
2924,2,34,53,22990,29890,1,FEASIBLE,WORSE
2925,2,34,54,24331,31431,0,CAPACITY_EXCEEDED,INVALID
2926,2,34,55,23137,30037,1,FEASIBLE,WORSE
2927,2,34,56,22920,29820,1,FEASIBLE,WORSE
2928,2,34,57,23130,30030,1,FEASIBLE,WORSE
2929,2,34,58,22700,29600,1,FEASIBLE,WORSE
2930,2,34,59,23056,29956,1,FEASIBLE,WORSE
2931,2,34,60,22977,29877,1,FEASIBLE,WORSE
2932,2,34,61,24080,31180,0,CAPACITY_EXCEEDED,INVALID
2933,2,34,62,23012,29912,1,FEASIBLE,WORSE
2934,2,34,63,22774,29674,1,FEASIBLE,WORSE
2935,2,34,64,24238,31338,0,CAPACITY_EXCEEDED,INVALID
2936,2,34,65,23232,30132,1,FEASIBLE,WORSE
2937,2,34,66,23271,30171,1,FEASIBLE,WORSE
2938,2,34,67,23104,30004,1,FEASIBLE,WORSE
2939,2,34,68,24099,31199,0,CAPACITY_EXCEEDED,INVALID
2940,2,34,69,22717,29617,1,FEASIBLE,WORSE
2941,2,34,70,23095,29995,1,FEASIBLE,WORSE
2942,2,34,71,23001,29901,1,FEASIBLE,WORSE
2943,2,34,72,23155,30055,1,FEASIBLE,WORSE
2944,2,34,73,22873,29773,1,FEASIBLE,WORSE
2945,2,34,74,23290,30190,1,FEASIBLE,WORSE
2946,2,34,75,22635,29535,1,FEASIBLE,WORSE
2947,2,34,76,24229,31329,0,CAPACITY_EXCEEDED,INVALID
2948,2,34,77,24288,31388,0,CAPACITY_EXCEEDED,INVALID
2949,2,34,78,24068,31168,0,CAPACITY_EXCEEDED,INVALID
2950,2,34,79,24293,31393,0,CAPACITY_EXCEEDED,INVALID
2951,2,34,80,23314,30214,1,FEASIBLE,WORSE
2952,2,34,81,23044,29944,1,FEASIBLE,WORSE
2953,2,34,82,24300,31400,0,CAPACITY_EXCEEDED,INVALID
2954,2,34,83,24109,31209,0,CAPACITY_EXCEEDED,INVALID
2955,2,34,84,22922,29822,1,FEASIBLE,WORSE
2956,2,34,85,24277,31377,0,CAPACITY_EXCEEDED,INVALID
2957,2,34,86,22712,29612,1,FEASIBLE,WORSE
2958,2,34,87,24151,31251,0,CAPACITY_EXCEEDED,INVALID
2959,2,34,88,23039,29939,1,FEASIBLE,WORSE
2960,2,34,89,23141,30041,1,FEASIBLE,WORSE
2961,2,34,90,22888,29788,1,FEASIBLE,WORSE
2962,2,34,91,23196,30096,1,FEASIBLE,WORSE
2963,2,34,92,22951,29851,1,FEASIBLE,WORSE
2964,2,34,93,24295,31395,0,CAPACITY_EXCEEDED,INVALID
2965,2,34,94,23001,29901,1,FEASIBLE,WORSE
2966,2,34,95,23323,30223,1,FEASIBLE,WORSE
2967,2,34,96,23288,30188,1,FEASIBLE,WORSE
2968,2,34,97,23163,30063,1,FEASIBLE,WORSE
2969,2,34,98,24117,31217,0,CAPACITY_EXCEEDED,INVALID
2970,2,34,99,22970,29870,1,FEASIBLE,WORSE
2971,2,35,36,24489,31589,0,CAPACITY_EXCEEDED,INVALID
2972,2,35,37,23007,29907,1,FEASIBLE,WORSE
2973,2,35,38,24463,31563,0,CAPACITY_EXCEEDED,INVALID
2974,2,35,39,22731,29631,1,FEASIBLE,WORSE
2975,2,35,40,23071,29971,1,FEASIBLE,WORSE
2976,2,35,41,23166,30066,1,FEASIBLE,WORSE
2977,2,35,42,22981,29881,1,FEASIBLE,WORSE
2978,2,35,43,23148,30048,1,FEASIBLE,WORSE
2979,2,35,44,23418,30318,1,FEASIBLE,WORSE
2980,2,35,45,23274,30174,1,FEASIBLE,WORSE
2981,2,35,46,24393,31493,0,CAPACITY_EXCEEDED,INVALID
2982,2,35,47,23536,30436,1,FEASIBLE,WORSE
2983,2,35,48,23533,30433,1,FEASIBLE,WORSE
2984,2,35,49,22953,29853,1,FEASIBLE,WORSE
2985,2,35,50,23299,30199,1,FEASIBLE,WORSE
2986,2,35,51,23045,29945,1,FEASIBLE,WORSE
2987,2,35,52,23108,30008,1,FEASIBLE,WORSE
2988,2,35,53,23237,30137,1,FEASIBLE,WORSE
2989,2,35,54,24578,31678,0,CAPACITY_EXCEEDED,INVALID
2990,2,35,55,23384,30284,1,FEASIBLE,WORSE
2991,2,35,56,23167,30067,1,FEASIBLE,WORSE
2992,2,35,57,23377,30277,1,FEASIBLE,WORSE
2993,2,35,58,22947,29847,1,FEASIBLE,WORSE
2994,2,35,59,23303,30203,1,FEASIBLE,WORSE
2995,2,35,60,23224,30124,1,FEASIBLE,WORSE
2996,2,35,61,24327,31427,0,CAPACITY_EXCEEDED,INVALID
2997,2,35,62,23259,30159,1,FEASIBLE,WORSE
2998,2,35,63,23021,29921,1,FEASIBLE,WORSE
2999,2,35,64,24485,31585,0,CAPACITY_EXCEEDED,INVALID
3000,2,35,65,23479,30379,1,FEASIBLE,WORSE
3001,2,35,66,23518,30418,1,FEASIBLE,WORSE
3002,2,35,67,23351,30251,1,FEASIBLE,WORSE
3003,2,35,68,24346,31446,0,CAPACITY_EXCEEDED,INVALID
3004,2,35,69,22964,29864,1,FEASIBLE,WORSE
3005,2,35,70,23342,30242,1,FEASIBLE,WORSE
3006,2,35,71,23248,30148,1,FEASIBLE,WORSE
3007,2,35,72,23402,30302,1,FEASIBLE,WORSE
3008,2,35,73,23120,30020,1,FEASIBLE,WORSE
3009,2,35,74,23537,30437,1,FEASIBLE,WORSE
3010,2,35,75,22882,29782,1,FEASIBLE,WORSE
3011,2,35,76,24476,31576,0,CAPACITY_EXCEEDED,INVALID
3012,2,35,77,24535,31635,0,CAPACITY_EXCEEDED,INVALID
3013,2,35,78,24315,31415,0,CAPACITY_EXCEEDED,INVALID
3014,2,35,79,24540,31640,0,CAPACITY_EXCEEDED,INVALID
3015,2,35,80,23561,30461,1,FEASIBLE,WORSE
3016,2,35,81,23291,30191,1,FEASIBLE,WORSE
3017,2,35,82,24547,31647,0,CAPACITY_EXCEEDED,INVALID
3018,2,35,83,24356,31456,0,CAPACITY_EXCEEDED,INVALID
3019,2,35,84,23169,30069,1,FEASIBLE,WORSE
3020,2,35,85,24524,31624,0,CAPACITY_EXCEEDED,INVALID
3021,2,35,86,22959,29859,1,FEASIBLE,WORSE
3022,2,35,87,24398,31498,0,CAPACITY_EXCEEDED,INVALID
3023,2,35,88,23286,30186,1,FEASIBLE,WORSE
3024,2,35,89,23388,30288,1,FEASIBLE,WORSE
3025,2,35,90,23135,30035,1,FEASIBLE,WORSE
3026,2,35,91,23443,30343,1,FEASIBLE,WORSE
3027,2,35,92,23198,30098,1,FEASIBLE,WORSE
3028,2,35,93,24542,31642,0,CAPACITY_EXCEEDED,INVALID
3029,2,35,94,23248,30148,1,FEASIBLE,WORSE
3030,2,35,95,23570,30470,1,FEASIBLE,WORSE
3031,2,35,96,23535,30435,1,FEASIBLE,WORSE
3032,2,35,97,23410,30310,1,FEASIBLE,WORSE
3033,2,35,98,24364,31464,0,CAPACITY_EXCEEDED,INVALID
3034,2,35,99,23217,30117,1,FEASIBLE,WORSE
3035,2,36,37,24217,31317,0,CAPACITY_EXCEEDED,INVALID
3036,2,36,38,25673,32973,0,CAPACITY_EXCEEDED,INVALID
3037,2,36,39,23941,31041,0,CAPACITY_EXCEEDED,INVALID
3038,2,36,40,24281,31381,0,CAPACITY_EXCEEDED,INVALID
3039,2,36,41,24376,31476,0,CAPACITY_EXCEEDED,INVALID
3040,2,36,42,24191,31291,0,CAPACITY_EXCEEDED,INVALID
3041,2,36,43,24358,31458,0,CAPACITY_EXCEEDED,INVALID
3042,2,36,44,24628,31728,0,CAPACITY_EXCEEDED,INVALID
3043,2,36,45,24484,31584,0,CAPACITY_EXCEEDED,INVALID
3044,2,36,46,25603,32903,0,CAPACITY_EXCEEDED,INVALID
3045,2,36,47,24746,31846,0,CAPACITY_EXCEEDED,INVALID
3046,2,36,48,24743,31843,0,CAPACITY_EXCEEDED,INVALID
3047,2,36,49,24163,31263,0,CAPACITY_EXCEEDED,INVALID
3048,2,36,50,24509,31609,0,CAPACITY_EXCEEDED,INVALID
3049,2,36,51,24255,31355,0,CAPACITY_EXCEEDED,INVALID
3050,2,36,52,24318,31418,0,CAPACITY_EXCEEDED,INVALID
3051,2,36,53,24447,31547,0,CAPACITY_EXCEEDED,INVALID
3052,2,36,54,25788,33088,0,CAPACITY_EXCEEDED,INVALID
3053,2,36,55,24594,31694,0,CAPACITY_EXCEEDED,INVALID
3054,2,36,56,24377,31477,0,CAPACITY_EXCEEDED,INVALID
3055,2,36,57,24587,31687,0,CAPACITY_EXCEEDED,INVALID
3056,2,36,58,24157,31257,0,CAPACITY_EXCEEDED,INVALID
3057,2,36,59,24513,31613,0,CAPACITY_EXCEEDED,INVALID
3058,2,36,60,24434,31534,0,CAPACITY_EXCEEDED,INVALID
3059,2,36,61,25537,32837,0,CAPACITY_EXCEEDED,INVALID
3060,2,36,62,24469,31569,0,CAPACITY_EXCEEDED,INVALID
3061,2,36,63,24231,31331,0,CAPACITY_EXCEEDED,INVALID
3062,2,36,64,25695,32995,0,CAPACITY_EXCEEDED,INVALID
3063,2,36,65,24689,31789,0,CAPACITY_EXCEEDED,INVALID
3064,2,36,66,24728,31828,0,CAPACITY_EXCEEDED,INVALID
3065,2,36,67,24561,31661,0,CAPACITY_EXCEEDED,INVALID
3066,2,36,68,25556,32856,0,CAPACITY_EXCEEDED,INVALID
3067,2,36,69,24174,31274,0,CAPACITY_EXCEEDED,INVALID
3068,2,36,70,24552,31652,0,CAPACITY_EXCEEDED,INVALID
3069,2,36,71,24458,31558,0,CAPACITY_EXCEEDED,INVALID
3070,2,36,72,24612,31712,0,CAPACITY_EXCEEDED,INVALID
3071,2,36,73,24330,31430,0,CAPACITY_EXCEEDED,INVALID
3072,2,36,74,24747,31847,0,CAPACITY_EXCEEDED,INVALID
3073,2,36,75,24092,31192,0,CAPACITY_EXCEEDED,INVALID
3074,2,36,76,25686,32986,0,CAPACITY_EXCEEDED,INVALID
3075,2,36,77,25745,33045,0,CAPACITY_EXCEEDED,INVALID
3076,2,36,78,25525,32825,0,CAPACITY_EXCEEDED,INVALID
3077,2,36,79,25750,33050,0,CAPACITY_EXCEEDED,INVALID
3078,2,36,80,24771,31871,0,CAPACITY_EXCEEDED,INVALID
3079,2,36,81,24501,31601,0,CAPACITY_EXCEEDED,INVALID
3080,2,36,82,25757,33057,0,CAPACITY_EXCEEDED,INVALID
3081,2,36,83,25566,32866,0,CAPACITY_EXCEEDED,INVALID
3082,2,36,84,24379,31479,0,CAPACITY_EXCEEDED,INVALID
3083,2,36,85,25734,33034,0,CAPACITY_EXCEEDED,INVALID
3084,2,36,86,24169,31269,0,CAPACITY_EXCEEDED,INVALID
3085,2,36,87,25608,32908,0,CAPACITY_EXCEEDED,INVALID
3086,2,36,88,24496,31596,0,CAPACITY_EXCEEDED,INVALID
3087,2,36,89,24598,31698,0,CAPACITY_EXCEEDED,INVALID
3088,2,36,90,24345,31445,0,CAPACITY_EXCEEDED,INVALID
3089,2,36,91,24653,31753,0,CAPACITY_EXCEEDED,INVALID
3090,2,36,92,24408,31508,0,CAPACITY_EXCEEDED,INVALID
3091,2,36,93,25752,33052,0,CAPACITY_EXCEEDED,INVALID
3092,2,36,94,24458,31558,0,CAPACITY_EXCEEDED,INVALID
3093,2,36,95,24780,31880,0,CAPACITY_EXCEEDED,INVALID
3094,2,36,96,24745,31845,0,CAPACITY_EXCEEDED,INVALID
3095,2,36,97,24620,31720,0,CAPACITY_EXCEEDED,INVALID
3096,2,36,98,25574,32874,0,CAPACITY_EXCEEDED,INVALID
3097,2,36,99,24427,31527,0,CAPACITY_EXCEEDED,INVALID
3098,2,37,38,24191,31291,0,CAPACITY_EXCEEDED,INVALID
3099,2,37,39,22459,29359,1,FEASIBLE,WORSE
3100,2,37,40,22799,29699,1,FEASIBLE,WORSE
3101,2,37,41,22894,29794,1,FEASIBLE,WORSE
3102,2,37,42,22709,29609,1,FEASIBLE,WORSE
3103,2,37,43,22876,29776,1,FEASIBLE,WORSE
3104,2,37,44,23146,30046,1,FEASIBLE,WORSE
3105,2,37,45,23002,29902,1,FEASIBLE,WORSE
3106,2,37,46,24121,31221,0,CAPACITY_EXCEEDED,INVALID
3107,2,37,47,23264,30164,1,FEASIBLE,WORSE
3108,2,37,48,23261,30161,1,FEASIBLE,WORSE
3109,2,37,49,22681,29581,1,FEASIBLE,WORSE
3110,2,37,50,23027,29927,1,FEASIBLE,WORSE
3111,2,37,51,22773,29673,1,FEASIBLE,WORSE
3112,2,37,52,22836,29736,1,FEASIBLE,WORSE
3113,2,37,53,22965,29865,1,FEASIBLE,WORSE
3114,2,37,54,24306,31406,0,CAPACITY_EXCEEDED,INVALID
3115,2,37,55,23112,30012,1,FEASIBLE,WORSE
3116,2,37,56,22895,29795,1,FEASIBLE,WORSE
3117,2,37,57,23105,30005,1,FEASIBLE,WORSE
3118,2,37,58,22675,29575,1,FEASIBLE,WORSE
3119,2,37,59,23031,29931,1,FEASIBLE,WORSE
3120,2,37,60,22952,29852,1,FEASIBLE,WORSE
3121,2,37,61,24055,31155,0,CAPACITY_EXCEEDED,INVALID
3122,2,37,62,22987,29887,1,FEASIBLE,WORSE
3123,2,37,63,22749,29649,1,FEASIBLE,WORSE
3124,2,37,64,24213,31313,0,CAPACITY_EXCEEDED,INVALID
3125,2,37,65,23207,30107,1,FEASIBLE,WORSE
3126,2,37,66,23246,30146,1,FEASIBLE,WORSE
3127,2,37,67,23079,29979,1,FEASIBLE,WORSE
3128,2,37,68,24074,31174,0,CAPACITY_EXCEEDED,INVALID
3129,2,37,69,22692,29592,1,FEASIBLE,WORSE
3130,2,37,70,23070,29970,1,FEASIBLE,WORSE
3131,2,37,71,22976,29876,1,FEASIBLE,WORSE
3132,2,37,72,23130,30030,1,FEASIBLE,WORSE
3133,2,37,73,22848,29748,1,FEASIBLE,WORSE
3134,2,37,74,23265,30165,1,FEASIBLE,WORSE
3135,2,37,75,22610,29510,1,FEASIBLE,WORSE
3136,2,37,76,24204,31304,0,CAPACITY_EXCEEDED,INVALID
3137,2,37,77,24263,31363,0,CAPACITY_EXCEEDED,INVALID
3138,2,37,78,24043,31143,0,CAPACITY_EXCEEDED,INVALID
3139,2,37,79,24268,31368,0,CAPACITY_EXCEEDED,INVALID
3140,2,37,80,23289,30189,1,FEASIBLE,WORSE
3141,2,37,81,23019,29919,1,FEASIBLE,WORSE
3142,2,37,82,24275,31375,0,CAPACITY_EXCEEDED,INVALID
3143,2,37,83,24084,31184,0,CAPACITY_EXCEEDED,INVALID
3144,2,37,84,22897,29797,1,FEASIBLE,WORSE
3145,2,37,85,24252,31352,0,CAPACITY_EXCEEDED,INVALID
3146,2,37,86,22687,29587,1,FEASIBLE,WORSE
3147,2,37,87,24126,31226,0,CAPACITY_EXCEEDED,INVALID
3148,2,37,88,23014,29914,1,FEASIBLE,WORSE
3149,2,37,89,23116,30016,1,FEASIBLE,WORSE
3150,2,37,90,22863,29763,1,FEASIBLE,WORSE
3151,2,37,91,23171,30071,1,FEASIBLE,WORSE
3152,2,37,92,22926,29826,1,FEASIBLE,WORSE
3153,2,37,93,24270,31370,0,CAPACITY_EXCEEDED,INVALID
3154,2,37,94,22976,29876,1,FEASIBLE,WORSE
3155,2,37,95,23298,30198,1,FEASIBLE,WORSE
3156,2,37,96,23263,30163,1,FEASIBLE,WORSE
3157,2,37,97,23138,30038,1,FEASIBLE,WORSE
3158,2,37,98,24092,31192,0,CAPACITY_EXCEEDED,INVALID
3159,2,37,99,22945,29845,1,FEASIBLE,WORSE
3160,2,38,39,23915,31015,0,CAPACITY_EXCEEDED,INVALID
3161,2,38,40,24255,31355,0,CAPACITY_EXCEEDED,INVALID
3162,2,38,41,24350,31450,0,CAPACITY_EXCEEDED,INVALID
3163,2,38,42,24165,31265,0,CAPACITY_EXCEEDED,INVALID
3164,2,38,43,24332,31432,0,CAPACITY_EXCEEDED,INVALID
3165,2,38,44,24602,31702,0,CAPACITY_EXCEEDED,INVALID
3166,2,38,45,24458,31558,0,CAPACITY_EXCEEDED,INVALID
3167,2,38,46,25577,32877,0,CAPACITY_EXCEEDED,INVALID
3168,2,38,47,24720,31820,0,CAPACITY_EXCEEDED,INVALID
3169,2,38,48,24717,31817,0,CAPACITY_EXCEEDED,INVALID
3170,2,38,49,24137,31237,0,CAPACITY_EXCEEDED,INVALID
3171,2,38,50,24483,31583,0,CAPACITY_EXCEEDED,INVALID
3172,2,38,51,24229,31329,0,CAPACITY_EXCEEDED,INVALID
3173,2,38,52,24292,31392,0,CAPACITY_EXCEEDED,INVALID
3174,2,38,53,24421,31521,0,CAPACITY_EXCEEDED,INVALID
3175,2,38,54,25762,33062,0,CAPACITY_EXCEEDED,INVALID
3176,2,38,55,24568,31668,0,CAPACITY_EXCEEDED,INVALID
3177,2,38,56,24351,31451,0,CAPACITY_EXCEEDED,INVALID
3178,2,38,57,24561,31661,0,CAPACITY_EXCEEDED,INVALID
3179,2,38,58,24131,31231,0,CAPACITY_EXCEEDED,INVALID
3180,2,38,59,24487,31587,0,CAPACITY_EXCEEDED,INVALID
3181,2,38,60,24408,31508,0,CAPACITY_EXCEEDED,INVALID
3182,2,38,61,25511,32811,0,CAPACITY_EXCEEDED,INVALID
3183,2,38,62,24443,31543,0,CAPACITY_EXCEEDED,INVALID
3184,2,38,63,24205,31305,0,CAPACITY_EXCEEDED,INVALID
3185,2,38,64,25669,32969,0,CAPACITY_EXCEEDED,INVALID
3186,2,38,65,24663,31763,0,CAPACITY_EXCEEDED,INVALID
3187,2,38,66,24702,31802,0,CAPACITY_EXCEEDED,INVALID
3188,2,38,67,24535,31635,0,CAPACITY_EXCEEDED,INVALID
3189,2,38,68,25530,32830,0,CAPACITY_EXCEEDED,INVALID
3190,2,38,69,24148,31248,0,CAPACITY_EXCEEDED,INVALID
3191,2,38,70,24526,31626,0,CAPACITY_EXCEEDED,INVALID
3192,2,38,71,24432,31532,0,CAPACITY_EXCEEDED,INVALID
3193,2,38,72,24586,31686,0,CAPACITY_EXCEEDED,INVALID
3194,2,38,73,24304,31404,0,CAPACITY_EXCEEDED,INVALID
3195,2,38,74,24721,31821,0,CAPACITY_EXCEEDED,INVALID
3196,2,38,75,24066,31166,0,CAPACITY_EXCEEDED,INVALID
3197,2,38,76,25660,32960,0,CAPACITY_EXCEEDED,INVALID
3198,2,38,77,25719,33019,0,CAPACITY_EXCEEDED,INVALID
3199,2,38,78,25499,32799,0,CAPACITY_EXCEEDED,INVALID
3200,2,38,79,25724,33024,0,CAPACITY_EXCEEDED,INVALID
3201,2,38,80,24745,31845,0,CAPACITY_EXCEEDED,INVALID
3202,2,38,81,24475,31575,0,CAPACITY_EXCEEDED,INVALID
3203,2,38,82,25731,33031,0,CAPACITY_EXCEEDED,INVALID
3204,2,38,83,25540,32840,0,CAPACITY_EXCEEDED,INVALID
3205,2,38,84,24353,31453,0,CAPACITY_EXCEEDED,INVALID
3206,2,38,85,25708,33008,0,CAPACITY_EXCEEDED,INVALID
3207,2,38,86,24143,31243,0,CAPACITY_EXCEEDED,INVALID
3208,2,38,87,25582,32882,0,CAPACITY_EXCEEDED,INVALID
3209,2,38,88,24470,31570,0,CAPACITY_EXCEEDED,INVALID
3210,2,38,89,24572,31672,0,CAPACITY_EXCEEDED,INVALID
3211,2,38,90,24319,31419,0,CAPACITY_EXCEEDED,INVALID
3212,2,38,91,24627,31727,0,CAPACITY_EXCEEDED,INVALID
3213,2,38,92,24382,31482,0,CAPACITY_EXCEEDED,INVALID
3214,2,38,93,25726,33026,0,CAPACITY_EXCEEDED,INVALID
3215,2,38,94,24432,31532,0,CAPACITY_EXCEEDED,INVALID
3216,2,38,95,24754,31854,0,CAPACITY_EXCEEDED,INVALID
3217,2,38,96,24719,31819,0,CAPACITY_EXCEEDED,INVALID
3218,2,38,97,24594,31694,0,CAPACITY_EXCEEDED,INVALID
3219,2,38,98,25548,32848,0,CAPACITY_EXCEEDED,INVALID
3220,2,38,99,24401,31501,0,CAPACITY_EXCEEDED,INVALID
3221,2,39,40,22523,29423,1,FEASIBLE,WORSE
3222,2,39,41,22618,29518,1,FEASIBLE,WORSE
3223,2,39,42,22433,29333,1,FEASIBLE,WORSE
3224,2,39,43,22600,29500,1,FEASIBLE,WORSE
3225,2,39,44,22870,29770,1,FEASIBLE,WORSE
3226,2,39,45,22726,29626,1,FEASIBLE,WORSE
3227,2,39,46,23845,30945,1,FEASIBLE,WORSE
3228,2,39,47,22988,29888,1,FEASIBLE,WORSE
3229,2,39,48,22985,29885,1,FEASIBLE,WORSE
3230,2,39,49,22405,29305,1,FEASIBLE,WORSE
3231,2,39,50,22751,29651,1,FEASIBLE,WORSE
3232,2,39,51,22497,29397,1,FEASIBLE,WORSE
3233,2,39,52,22560,29460,1,FEASIBLE,WORSE
3234,2,39,53,22689,29589,1,FEASIBLE,WORSE
3235,2,39,54,24030,31130,0,CAPACITY_EXCEEDED,INVALID
3236,2,39,55,22836,29736,1,FEASIBLE,WORSE
3237,2,39,56,22619,29519,1,FEASIBLE,WORSE
3238,2,39,57,22829,29729,1,FEASIBLE,WORSE
3239,2,39,58,22399,29299,1,FEASIBLE,WORSE
3240,2,39,59,22755,29655,1,FEASIBLE,WORSE
3241,2,39,60,22676,29576,1,FEASIBLE,WORSE
3242,2,39,61,23779,30879,1,FEASIBLE,WORSE
3243,2,39,62,22711,29611,1,FEASIBLE,WORSE
3244,2,39,63,22473,29373,1,FEASIBLE,WORSE
3245,2,39,64,23937,31037,0,CAPACITY_EXCEEDED,INVALID
3246,2,39,65,22931,29831,1,FEASIBLE,WORSE
3247,2,39,66,22970,29870,1,FEASIBLE,WORSE
3248,2,39,67,22803,29703,1,FEASIBLE,WORSE
3249,2,39,68,23798,30898,1,FEASIBLE,WORSE
3250,2,39,69,22416,29316,1,FEASIBLE,WORSE
3251,2,39,70,22794,29694,1,FEASIBLE,WORSE
3252,2,39,71,22700,29600,1,FEASIBLE,WORSE
3253,2,39,72,22854,29754,1,FEASIBLE,WORSE
3254,2,39,73,22572,29472,1,FEASIBLE,WORSE
3255,2,39,74,22989,29889,1,FEASIBLE,WORSE
3256,2,39,75,22334,29234,1,FEASIBLE,WORSE
3257,2,39,76,23928,31028,0,CAPACITY_EXCEEDED,INVALID
3258,2,39,77,23987,31087,0,CAPACITY_EXCEEDED,INVALID
3259,2,39,78,23767,30867,1,FEASIBLE,WORSE
3260,2,39,79,23992,31092,0,CAPACITY_EXCEEDED,INVALID
3261,2,39,80,23013,29913,1,FEASIBLE,WORSE
3262,2,39,81,22743,29643,1,FEASIBLE,WORSE
3263,2,39,82,23999,31099,0,CAPACITY_EXCEEDED,INVALID
3264,2,39,83,23808,30908,1,FEASIBLE,WORSE
3265,2,39,84,22621,29521,1,FEASIBLE,WORSE
3266,2,39,85,23976,31076,0,CAPACITY_EXCEEDED,INVALID
3267,2,39,86,22411,29311,1,FEASIBLE,WORSE
3268,2,39,87,23850,30950,1,FEASIBLE,WORSE
3269,2,39,88,22738,29638,1,FEASIBLE,WORSE
3270,2,39,89,22840,29740,1,FEASIBLE,WORSE
3271,2,39,90,22587,29487,1,FEASIBLE,WORSE
3272,2,39,91,22895,29795,1,FEASIBLE,WORSE
3273,2,39,92,22650,29550,1,FEASIBLE,WORSE
3274,2,39,93,23994,31094,0,CAPACITY_EXCEEDED,INVALID
3275,2,39,94,22700,29600,1,FEASIBLE,WORSE
3276,2,39,95,23022,29922,1,FEASIBLE,WORSE
3277,2,39,96,22987,29887,1,FEASIBLE,WORSE
3278,2,39,97,22862,29762,1,FEASIBLE,WORSE
3279,2,39,98,23816,30916,1,FEASIBLE,WORSE
3280,2,39,99,22669,29569,1,FEASIBLE,WORSE
3281,2,40,41,22958,29858,1,FEASIBLE,WORSE
3282,2,40,42,22773,29673,1,FEASIBLE,WORSE
3283,2,40,43,22940,29840,1,FEASIBLE,WORSE
3284,2,40,44,23210,30110,1,FEASIBLE,WORSE
3285,2,40,45,23066,29966,1,FEASIBLE,WORSE
3286,2,40,46,24185,31285,0,CAPACITY_EXCEEDED,INVALID
3287,2,40,47,23328,30228,1,FEASIBLE,WORSE
3288,2,40,48,23325,30225,1,FEASIBLE,WORSE
3289,2,40,49,22745,29645,1,FEASIBLE,WORSE
3290,2,40,50,23091,29991,1,FEASIBLE,WORSE
3291,2,40,51,22837,29737,1,FEASIBLE,WORSE
3292,2,40,52,22900,29800,1,FEASIBLE,WORSE
3293,2,40,53,23029,29929,1,FEASIBLE,WORSE
3294,2,40,54,24370,31470,0,CAPACITY_EXCEEDED,INVALID
3295,2,40,55,23176,30076,1,FEASIBLE,WORSE
3296,2,40,56,22959,29859,1,FEASIBLE,WORSE
3297,2,40,57,23169,30069,1,FEASIBLE,WORSE
3298,2,40,58,22739,29639,1,FEASIBLE,WORSE
3299,2,40,59,23095,29995,1,FEASIBLE,WORSE
3300,2,40,60,23016,29916,1,FEASIBLE,WORSE
3301,2,40,61,24119,31219,0,CAPACITY_EXCEEDED,INVALID
3302,2,40,62,23051,29951,1,FEASIBLE,WORSE
3303,2,40,63,22813,29713,1,FEASIBLE,WORSE
3304,2,40,64,24277,31377,0,CAPACITY_EXCEEDED,INVALID
3305,2,40,65,23271,30171,1,FEASIBLE,WORSE
3306,2,40,66,23310,30210,1,FEASIBLE,WORSE
3307,2,40,67,23143,30043,1,FEASIBLE,WORSE
3308,2,40,68,24138,31238,0,CAPACITY_EXCEEDED,INVALID
3309,2,40,69,22756,29656,1,FEASIBLE,WORSE
3310,2,40,70,23134,30034,1,FEASIBLE,WORSE
3311,2,40,71,23040,29940,1,FEASIBLE,WORSE
3312,2,40,72,23194,30094,1,FEASIBLE,WORSE
3313,2,40,73,22912,29812,1,FEASIBLE,WORSE
3314,2,40,74,23329,30229,1,FEASIBLE,WORSE
3315,2,40,75,22674,29574,1,FEASIBLE,WORSE
3316,2,40,76,24268,31368,0,CAPACITY_EXCEEDED,INVALID
3317,2,40,77,24327,31427,0,CAPACITY_EXCEEDED,INVALID
3318,2,40,78,24107,31207,0,CAPACITY_EXCEEDED,INVALID
3319,2,40,79,24332,31432,0,CAPACITY_EXCEEDED,INVALID
3320,2,40,80,23353,30253,1,FEASIBLE,WORSE
3321,2,40,81,23083,29983,1,FEASIBLE,WORSE
3322,2,40,82,24339,31439,0,CAPACITY_EXCEEDED,INVALID
3323,2,40,83,24148,31248,0,CAPACITY_EXCEEDED,INVALID
3324,2,40,84,22961,29861,1,FEASIBLE,WORSE
3325,2,40,85,24316,31416,0,CAPACITY_EXCEEDED,INVALID
3326,2,40,86,22751,29651,1,FEASIBLE,WORSE
3327,2,40,87,24190,31290,0,CAPACITY_EXCEEDED,INVALID
3328,2,40,88,23078,29978,1,FEASIBLE,WORSE
3329,2,40,89,23180,30080,1,FEASIBLE,WORSE
3330,2,40,90,22927,29827,1,FEASIBLE,WORSE
3331,2,40,91,23235,30135,1,FEASIBLE,WORSE
3332,2,40,92,22990,29890,1,FEASIBLE,WORSE
3333,2,40,93,24334,31434,0,CAPACITY_EXCEEDED,INVALID
3334,2,40,94,23040,29940,1,FEASIBLE,WORSE
3335,2,40,95,23362,30262,1,FEASIBLE,WORSE
3336,2,40,96,23327,30227,1,FEASIBLE,WORSE
3337,2,40,97,23202,30102,1,FEASIBLE,WORSE
3338,2,40,98,24156,31256,0,CAPACITY_EXCEEDED,INVALID
3339,2,40,99,23009,29909,1,FEASIBLE,WORSE
3340,2,41,42,22868,29768,1,FEASIBLE,WORSE
3341,2,41,43,23035,29935,1,FEASIBLE,WORSE
3342,2,41,44,23305,30205,1,FEASIBLE,WORSE
3343,2,41,45,23161,30061,1,FEASIBLE,WORSE
3344,2,41,46,24280,31380,0,CAPACITY_EXCEEDED,INVALID
3345,2,41,47,23423,30323,1,FEASIBLE,WORSE
3346,2,41,48,23420,30320,1,FEASIBLE,WORSE
3347,2,41,49,22840,29740,1,FEASIBLE,WORSE
3348,2,41,50,23186,30086,1,FEASIBLE,WORSE
3349,2,41,51,22932,29832,1,FEASIBLE,WORSE
3350,2,41,52,22995,29895,1,FEASIBLE,WORSE
3351,2,41,53,23124,30024,1,FEASIBLE,WORSE
3352,2,41,54,24465,31565,0,CAPACITY_EXCEEDED,INVALID
3353,2,41,55,23271,30171,1,FEASIBLE,WORSE
3354,2,41,56,23054,29954,1,FEASIBLE,WORSE
3355,2,41,57,23264,30164,1,FEASIBLE,WORSE
3356,2,41,58,22834,29734,1,FEASIBLE,WORSE
3357,2,41,59,23190,30090,1,FEASIBLE,WORSE
3358,2,41,60,23111,30011,1,FEASIBLE,WORSE
3359,2,41,61,24214,31314,0,CAPACITY_EXCEEDED,INVALID
3360,2,41,62,23146,30046,1,FEASIBLE,WORSE
3361,2,41,63,22908,29808,1,FEASIBLE,WORSE
3362,2,41,64,24372,31472,0,CAPACITY_EXCEEDED,INVALID
3363,2,41,65,23366,30266,1,FEASIBLE,WORSE
3364,2,41,66,23405,30305,1,FEASIBLE,WORSE
3365,2,41,67,23238,30138,1,FEASIBLE,WORSE
3366,2,41,68,24233,31333,0,CAPACITY_EXCEEDED,INVALID
3367,2,41,69,22851,29751,1,FEASIBLE,WORSE
3368,2,41,70,23229,30129,1,FEASIBLE,WORSE
3369,2,41,71,23135,30035,1,FEASIBLE,WORSE
3370,2,41,72,23289,30189,1,FEASIBLE,WORSE
3371,2,41,73,23007,29907,1,FEASIBLE,WORSE
3372,2,41,74,23424,30324,1,FEASIBLE,WORSE
3373,2,41,75,22769,29669,1,FEASIBLE,WORSE
3374,2,41,76,24363,31463,0,CAPACITY_EXCEEDED,INVALID
3375,2,41,77,24422,31522,0,CAPACITY_EXCEEDED,INVALID
3376,2,41,78,24202,31302,0,CAPACITY_EXCEEDED,INVALID
3377,2,41,79,24427,31527,0,CAPACITY_EXCEEDED,INVALID
3378,2,41,80,23448,30348,1,FEASIBLE,WORSE
3379,2,41,81,23178,30078,1,FEASIBLE,WORSE
3380,2,41,82,24434,31534,0,CAPACITY_EXCEEDED,INVALID
3381,2,41,83,24243,31343,0,CAPACITY_EXCEEDED,INVALID
3382,2,41,84,23056,29956,1,FEASIBLE,WORSE
3383,2,41,85,24411,31511,0,CAPACITY_EXCEEDED,INVALID
3384,2,41,86,22846,29746,1,FEASIBLE,WORSE
3385,2,41,87,24285,31385,0,CAPACITY_EXCEEDED,INVALID
3386,2,41,88,23173,30073,1,FEASIBLE,WORSE
3387,2,41,89,23275,30175,1,FEASIBLE,WORSE
3388,2,41,90,23022,29922,1,FEASIBLE,WORSE
3389,2,41,91,23330,30230,1,FEASIBLE,WORSE
3390,2,41,92,23085,29985,1,FEASIBLE,WORSE
3391,2,41,93,24429,31529,0,CAPACITY_EXCEEDED,INVALID
3392,2,41,94,23135,30035,1,FEASIBLE,WORSE
3393,2,41,95,23457,30357,1,FEASIBLE,WORSE
3394,2,41,96,23422,30322,1,FEASIBLE,WORSE
3395,2,41,97,23297,30197,1,FEASIBLE,WORSE
3396,2,41,98,24251,31351,0,CAPACITY_EXCEEDED,INVALID
3397,2,41,99,23104,30004,1,FEASIBLE,WORSE
3398,2,42,43,22850,29750,1,FEASIBLE,WORSE
3399,2,42,44,23120,30020,1,FEASIBLE,WORSE
3400,2,42,45,22976,29876,1,FEASIBLE,WORSE
3401,2,42,46,24095,31195,0,CAPACITY_EXCEEDED,INVALID
3402,2,42,47,23238,30138,1,FEASIBLE,WORSE
3403,2,42,48,23235,30135,1,FEASIBLE,WORSE
3404,2,42,49,22655,29555,1,FEASIBLE,WORSE
3405,2,42,50,23001,29901,1,FEASIBLE,WORSE
3406,2,42,51,22747,29647,1,FEASIBLE,WORSE
3407,2,42,52,22810,29710,1,FEASIBLE,WORSE
3408,2,42,53,22939,29839,1,FEASIBLE,WORSE
3409,2,42,54,24280,31380,0,CAPACITY_EXCEEDED,INVALID
3410,2,42,55,23086,29986,1,FEASIBLE,WORSE
3411,2,42,56,22869,29769,1,FEASIBLE,WORSE
3412,2,42,57,23079,29979,1,FEASIBLE,WORSE
3413,2,42,58,22649,29549,1,FEASIBLE,WORSE
3414,2,42,59,23005,29905,1,FEASIBLE,WORSE
3415,2,42,60,22926,29826,1,FEASIBLE,WORSE
3416,2,42,61,24029,31129,0,CAPACITY_EXCEEDED,INVALID
3417,2,42,62,22961,29861,1,FEASIBLE,WORSE
3418,2,42,63,22723,29623,1,FEASIBLE,WORSE
3419,2,42,64,24187,31287,0,CAPACITY_EXCEEDED,INVALID
3420,2,42,65,23181,30081,1,FEASIBLE,WORSE
3421,2,42,66,23220,30120,1,FEASIBLE,WORSE
3422,2,42,67,23053,29953,1,FEASIBLE,WORSE
3423,2,42,68,24048,31148,0,CAPACITY_EXCEEDED,INVALID
3424,2,42,69,22666,29566,1,FEASIBLE,WORSE
3425,2,42,70,23044,29944,1,FEASIBLE,WORSE
3426,2,42,71,22950,29850,1,FEASIBLE,WORSE
3427,2,42,72,23104,30004,1,FEASIBLE,WORSE
3428,2,42,73,22822,29722,1,FEASIBLE,WORSE
3429,2,42,74,23239,30139,1,FEASIBLE,WORSE
3430,2,42,75,22584,29484,1,FEASIBLE,WORSE
3431,2,42,76,24178,31278,0,CAPACITY_EXCEEDED,INVALID
3432,2,42,77,24237,31337,0,CAPACITY_EXCEEDED,INVALID
3433,2,42,78,24017,31117,0,CAPACITY_EXCEEDED,INVALID
3434,2,42,79,24242,31342,0,CAPACITY_EXCEEDED,INVALID
3435,2,42,80,23263,30163,1,FEASIBLE,WORSE
3436,2,42,81,22993,29893,1,FEASIBLE,WORSE
3437,2,42,82,24249,31349,0,CAPACITY_EXCEEDED,INVALID
3438,2,42,83,24058,31158,0,CAPACITY_EXCEEDED,INVALID
3439,2,42,84,22871,29771,1,FEASIBLE,WORSE
3440,2,42,85,24226,31326,0,CAPACITY_EXCEEDED,INVALID
3441,2,42,86,22661,29561,1,FEASIBLE,WORSE
3442,2,42,87,24100,31200,0,CAPACITY_EXCEEDED,INVALID
3443,2,42,88,22988,29888,1,FEASIBLE,WORSE
3444,2,42,89,23090,29990,1,FEASIBLE,WORSE
3445,2,42,90,22837,29737,1,FEASIBLE,WORSE
3446,2,42,91,23145,30045,1,FEASIBLE,WORSE
3447,2,42,92,22900,29800,1,FEASIBLE,WORSE
3448,2,42,93,24244,31344,0,CAPACITY_EXCEEDED,INVALID
3449,2,42,94,22950,29850,1,FEASIBLE,WORSE
3450,2,42,95,23272,30172,1,FEASIBLE,WORSE
3451,2,42,96,23237,30137,1,FEASIBLE,WORSE
3452,2,42,97,23112,30012,1,FEASIBLE,WORSE
3453,2,42,98,24066,31166,0,CAPACITY_EXCEEDED,INVALID
3454,2,42,99,22919,29819,1,FEASIBLE,WORSE
3455,2,43,44,23287,30187,1,FEASIBLE,WORSE
3456,2,43,45,23143,30043,1,FEASIBLE,WORSE
3457,2,43,46,24262,31362,0,CAPACITY_EXCEEDED,INVALID
3458,2,43,47,23405,30305,1,FEASIBLE,WORSE
3459,2,43,48,23402,30302,1,FEASIBLE,WORSE
3460,2,43,49,22822,29722,1,FEASIBLE,WORSE
3461,2,43,50,23168,30068,1,FEASIBLE,WORSE
3462,2,43,51,22914,29814,1,FEASIBLE,WORSE
3463,2,43,52,22977,29877,1,FEASIBLE,WORSE
3464,2,43,53,23106,30006,1,FEASIBLE,WORSE
3465,2,43,54,24447,31547,0,CAPACITY_EXCEEDED,INVALID
3466,2,43,55,23253,30153,1,FEASIBLE,WORSE
3467,2,43,56,23036,29936,1,FEASIBLE,WORSE
3468,2,43,57,23246,30146,1,FEASIBLE,WORSE
3469,2,43,58,22816,29716,1,FEASIBLE,WORSE
3470,2,43,59,23172,30072,1,FEASIBLE,WORSE
3471,2,43,60,23093,29993,1,FEASIBLE,WORSE
3472,2,43,61,24196,31296,0,CAPACITY_EXCEEDED,INVALID
3473,2,43,62,23128,30028,1,FEASIBLE,WORSE
3474,2,43,63,22890,29790,1,FEASIBLE,WORSE
3475,2,43,64,24354,31454,0,CAPACITY_EXCEEDED,INVALID
3476,2,43,65,23348,30248,1,FEASIBLE,WORSE
3477,2,43,66,23387,30287,1,FEASIBLE,WORSE
3478,2,43,67,23220,30120,1,FEASIBLE,WORSE
3479,2,43,68,24215,31315,0,CAPACITY_EXCEEDED,INVALID
3480,2,43,69,22833,29733,1,FEASIBLE,WORSE
3481,2,43,70,23211,30111,1,FEASIBLE,WORSE
3482,2,43,71,23117,30017,1,FEASIBLE,WORSE
3483,2,43,72,23271,30171,1,FEASIBLE,WORSE
3484,2,43,73,22989,29889,1,FEASIBLE,WORSE
3485,2,43,74,23406,30306,1,FEASIBLE,WORSE
3486,2,43,75,22751,29651,1,FEASIBLE,WORSE
3487,2,43,76,24345,31445,0,CAPACITY_EXCEEDED,INVALID
3488,2,43,77,24404,31504,0,CAPACITY_EXCEEDED,INVALID
3489,2,43,78,24184,31284,0,CAPACITY_EXCEEDED,INVALID
3490,2,43,79,24409,31509,0,CAPACITY_EXCEEDED,INVALID
3491,2,43,80,23430,30330,1,FEASIBLE,WORSE
3492,2,43,81,23160,30060,1,FEASIBLE,WORSE
3493,2,43,82,24416,31516,0,CAPACITY_EXCEEDED,INVALID
3494,2,43,83,24225,31325,0,CAPACITY_EXCEEDED,INVALID
3495,2,43,84,23038,29938,1,FEASIBLE,WORSE
3496,2,43,85,24393,31493,0,CAPACITY_EXCEEDED,INVALID
3497,2,43,86,22828,29728,1,FEASIBLE,WORSE
3498,2,43,87,24267,31367,0,CAPACITY_EXCEEDED,INVALID
3499,2,43,88,23155,30055,1,FEASIBLE,WORSE
3500,2,43,89,23257,30157,1,FEASIBLE,WORSE
3501,2,43,90,23004,29904,1,FEASIBLE,WORSE
3502,2,43,91,23312,30212,1,FEASIBLE,WORSE
3503,2,43,92,23067,29967,1,FEASIBLE,WORSE
3504,2,43,93,24411,31511,0,CAPACITY_EXCEEDED,INVALID
3505,2,43,94,23117,30017,1,FEASIBLE,WORSE
3506,2,43,95,23439,30339,1,FEASIBLE,WORSE
3507,2,43,96,23404,30304,1,FEASIBLE,WORSE
3508,2,43,97,23279,30179,1,FEASIBLE,WORSE
3509,2,43,98,24233,31333,0,CAPACITY_EXCEEDED,INVALID
3510,2,43,99,23086,29986,1,FEASIBLE,WORSE
3511,2,44,45,23413,30313,1,FEASIBLE,WORSE
3512,2,44,46,24532,31632,0,CAPACITY_EXCEEDED,INVALID
3513,2,44,47,23675,30575,1,FEASIBLE,WORSE
3514,2,44,48,23672,30572,1,FEASIBLE,WORSE
3515,2,44,49,23092,29992,1,FEASIBLE,WORSE
3516,2,44,50,23438,30338,1,FEASIBLE,WORSE
3517,2,44,51,23184,30084,1,FEASIBLE,WORSE
3518,2,44,52,23247,30147,1,FEASIBLE,WORSE
3519,2,44,53,23376,30276,1,FEASIBLE,WORSE
3520,2,44,54,24717,31817,0,CAPACITY_EXCEEDED,INVALID
3521,2,44,55,23523,30423,1,FEASIBLE,WORSE
3522,2,44,56,23306,30206,1,FEASIBLE,WORSE
3523,2,44,57,23516,30416,1,FEASIBLE,WORSE
3524,2,44,58,23086,29986,1,FEASIBLE,WORSE
3525,2,44,59,23442,30342,1,FEASIBLE,WORSE
3526,2,44,60,23363,30263,1,FEASIBLE,WORSE
3527,2,44,61,24466,31566,0,CAPACITY_EXCEEDED,INVALID
3528,2,44,62,23398,30298,1,FEASIBLE,WORSE
3529,2,44,63,23160,30060,1,FEASIBLE,WORSE
3530,2,44,64,24624,31724,0,CAPACITY_EXCEEDED,INVALID
3531,2,44,65,23618,30518,1,FEASIBLE,WORSE
3532,2,44,66,23657,30557,1,FEASIBLE,WORSE
3533,2,44,67,23490,30390,1,FEASIBLE,WORSE
3534,2,44,68,24485,31585,0,CAPACITY_EXCEEDED,INVALID
3535,2,44,69,23103,30003,1,FEASIBLE,WORSE
3536,2,44,70,23481,30381,1,FEASIBLE,WORSE
3537,2,44,71,23387,30287,1,FEASIBLE,WORSE
3538,2,44,72,23541,30441,1,FEASIBLE,WORSE
3539,2,44,73,23259,30159,1,FEASIBLE,WORSE
3540,2,44,74,23676,30576,1,FEASIBLE,WORSE
3541,2,44,75,23021,29921,1,FEASIBLE,WORSE
3542,2,44,76,24615,31715,0,CAPACITY_EXCEEDED,INVALID
3543,2,44,77,24674,31774,0,CAPACITY_EXCEEDED,INVALID
3544,2,44,78,24454,31554,0,CAPACITY_EXCEEDED,INVALID
3545,2,44,79,24679,31779,0,CAPACITY_EXCEEDED,INVALID
3546,2,44,80,23700,30600,1,FEASIBLE,WORSE
3547,2,44,81,23430,30330,1,FEASIBLE,WORSE
3548,2,44,82,24686,31786,0,CAPACITY_EXCEEDED,INVALID
3549,2,44,83,24495,31595,0,CAPACITY_EXCEEDED,INVALID
3550,2,44,84,23308,30208,1,FEASIBLE,WORSE
3551,2,44,85,24663,31763,0,CAPACITY_EXCEEDED,INVALID
3552,2,44,86,23098,29998,1,FEASIBLE,WORSE
3553,2,44,87,24537,31637,0,CAPACITY_EXCEEDED,INVALID
3554,2,44,88,23425,30325,1,FEASIBLE,WORSE
3555,2,44,89,23527,30427,1,FEASIBLE,WORSE
3556,2,44,90,23274,30174,1,FEASIBLE,WORSE
3557,2,44,91,23582,30482,1,FEASIBLE,WORSE
3558,2,44,92,23337,30237,1,FEASIBLE,WORSE
3559,2,44,93,24681,31781,0,CAPACITY_EXCEEDED,INVALID
3560,2,44,94,23387,30287,1,FEASIBLE,WORSE
3561,2,44,95,23709,30609,1,FEASIBLE,WORSE
3562,2,44,96,23674,30574,1,FEASIBLE,WORSE
3563,2,44,97,23549,30449,1,FEASIBLE,WORSE
3564,2,44,98,24503,31603,0,CAPACITY_EXCEEDED,INVALID
3565,2,44,99,23356,30256,1,FEASIBLE,WORSE
3566,2,45,46,24388,31488,0,CAPACITY_EXCEEDED,INVALID
3567,2,45,47,23531,30431,1,FEASIBLE,WORSE
3568,2,45,48,23528,30428,1,FEASIBLE,WORSE
3569,2,45,49,22948,29848,1,FEASIBLE,WORSE
3570,2,45,50,23294,30194,1,FEASIBLE,WORSE
3571,2,45,51,23040,29940,1,FEASIBLE,WORSE
3572,2,45,52,23103,30003,1,FEASIBLE,WORSE
3573,2,45,53,23232,30132,1,FEASIBLE,WORSE
3574,2,45,54,24573,31673,0,CAPACITY_EXCEEDED,INVALID
3575,2,45,55,23379,30279,1,FEASIBLE,WORSE
3576,2,45,56,23162,30062,1,FEASIBLE,WORSE
3577,2,45,57,23372,30272,1,FEASIBLE,WORSE
3578,2,45,58,22942,29842,1,FEASIBLE,WORSE
3579,2,45,59,23298,30198,1,FEASIBLE,WORSE
3580,2,45,60,23219,30119,1,FEASIBLE,WORSE
3581,2,45,61,24322,31422,0,CAPACITY_EXCEEDED,INVALID
3582,2,45,62,23254,30154,1,FEASIBLE,WORSE
3583,2,45,63,23016,29916,1,FEASIBLE,WORSE
3584,2,45,64,24480,31580,0,CAPACITY_EXCEEDED,INVALID
3585,2,45,65,23474,30374,1,FEASIBLE,WORSE
3586,2,45,66,23513,30413,1,FEASIBLE,WORSE
3587,2,45,67,23346,30246,1,FEASIBLE,WORSE
3588,2,45,68,24341,31441,0,CAPACITY_EXCEEDED,INVALID
3589,2,45,69,22959,29859,1,FEASIBLE,WORSE
3590,2,45,70,23337,30237,1,FEASIBLE,WORSE
3591,2,45,71,23243,30143,1,FEASIBLE,WORSE
3592,2,45,72,23397,30297,1,FEASIBLE,WORSE
3593,2,45,73,23115,30015,1,FEASIBLE,WORSE
3594,2,45,74,23532,30432,1,FEASIBLE,WORSE
3595,2,45,75,22877,29777,1,FEASIBLE,WORSE
3596,2,45,76,24471,31571,0,CAPACITY_EXCEEDED,INVALID
3597,2,45,77,24530,31630,0,CAPACITY_EXCEEDED,INVALID
3598,2,45,78,24310,31410,0,CAPACITY_EXCEEDED,INVALID
3599,2,45,79,24535,31635,0,CAPACITY_EXCEEDED,INVALID
3600,2,45,80,23556,30456,1,FEASIBLE,WORSE
3601,2,45,81,23286,30186,1,FEASIBLE,WORSE
3602,2,45,82,24542,31642,0,CAPACITY_EXCEEDED,INVALID
3603,2,45,83,24351,31451,0,CAPACITY_EXCEEDED,INVALID
3604,2,45,84,23164,30064,1,FEASIBLE,WORSE
3605,2,45,85,24519,31619,0,CAPACITY_EXCEEDED,INVALID
3606,2,45,86,22954,29854,1,FEASIBLE,WORSE
3607,2,45,87,24393,31493,0,CAPACITY_EXCEEDED,INVALID
3608,2,45,88,23281,30181,1,FEASIBLE,WORSE
3609,2,45,89,23383,30283,1,FEASIBLE,WORSE
3610,2,45,90,23130,30030,1,FEASIBLE,WORSE
3611,2,45,91,23438,30338,1,FEASIBLE,WORSE
3612,2,45,92,23193,30093,1,FEASIBLE,WORSE
3613,2,45,93,24537,31637,0,CAPACITY_EXCEEDED,INVALID
3614,2,45,94,23243,30143,1,FEASIBLE,WORSE
3615,2,45,95,23565,30465,1,FEASIBLE,WORSE
3616,2,45,96,23530,30430,1,FEASIBLE,WORSE
3617,2,45,97,23405,30305,1,FEASIBLE,WORSE
3618,2,45,98,24359,31459,0,CAPACITY_EXCEEDED,INVALID
3619,2,45,99,23212,30112,1,FEASIBLE,WORSE
3620,2,46,47,24650,31750,0,CAPACITY_EXCEEDED,INVALID
3621,2,46,48,24647,31747,0,CAPACITY_EXCEEDED,INVALID
3622,2,46,49,24067,31167,0,CAPACITY_EXCEEDED,INVALID
3623,2,46,50,24413,31513,0,CAPACITY_EXCEEDED,INVALID
3624,2,46,51,24159,31259,0,CAPACITY_EXCEEDED,INVALID
3625,2,46,52,24222,31322,0,CAPACITY_EXCEEDED,INVALID
3626,2,46,53,24351,31451,0,CAPACITY_EXCEEDED,INVALID
3627,2,46,54,25692,32992,0,CAPACITY_EXCEEDED,INVALID
3628,2,46,55,24498,31598,0,CAPACITY_EXCEEDED,INVALID
3629,2,46,56,24281,31381,0,CAPACITY_EXCEEDED,INVALID
3630,2,46,57,24491,31591,0,CAPACITY_EXCEEDED,INVALID
3631,2,46,58,24061,31161,0,CAPACITY_EXCEEDED,INVALID
3632,2,46,59,24417,31517,0,CAPACITY_EXCEEDED,INVALID
3633,2,46,60,24338,31438,0,CAPACITY_EXCEEDED,INVALID
3634,2,46,61,25441,32741,0,CAPACITY_EXCEEDED,INVALID
3635,2,46,62,24373,31473,0,CAPACITY_EXCEEDED,INVALID
3636,2,46,63,24135,31235,0,CAPACITY_EXCEEDED,INVALID
3637,2,46,64,25599,32899,0,CAPACITY_EXCEEDED,INVALID
3638,2,46,65,24593,31693,0,CAPACITY_EXCEEDED,INVALID
3639,2,46,66,24632,31732,0,CAPACITY_EXCEEDED,INVALID
3640,2,46,67,24465,31565,0,CAPACITY_EXCEEDED,INVALID
3641,2,46,68,25460,32760,0,CAPACITY_EXCEEDED,INVALID
3642,2,46,69,24078,31178,0,CAPACITY_EXCEEDED,INVALID
3643,2,46,70,24456,31556,0,CAPACITY_EXCEEDED,INVALID
3644,2,46,71,24362,31462,0,CAPACITY_EXCEEDED,INVALID
3645,2,46,72,24516,31616,0,CAPACITY_EXCEEDED,INVALID
3646,2,46,73,24234,31334,0,CAPACITY_EXCEEDED,INVALID
3647,2,46,74,24651,31751,0,CAPACITY_EXCEEDED,INVALID
3648,2,46,75,23996,31096,0,CAPACITY_EXCEEDED,INVALID
3649,2,46,76,25590,32890,0,CAPACITY_EXCEEDED,INVALID
3650,2,46,77,25649,32949,0,CAPACITY_EXCEEDED,INVALID
3651,2,46,78,25429,32729,0,CAPACITY_EXCEEDED,INVALID
3652,2,46,79,25654,32954,0,CAPACITY_EXCEEDED,INVALID
3653,2,46,80,24675,31775,0,CAPACITY_EXCEEDED,INVALID
3654,2,46,81,24405,31505,0,CAPACITY_EXCEEDED,INVALID
3655,2,46,82,25661,32961,0,CAPACITY_EXCEEDED,INVALID
3656,2,46,83,25470,32770,0,CAPACITY_EXCEEDED,INVALID
3657,2,46,84,24283,31383,0,CAPACITY_EXCEEDED,INVALID
3658,2,46,85,25638,32938,0,CAPACITY_EXCEEDED,INVALID
3659,2,46,86,24073,31173,0,CAPACITY_EXCEEDED,INVALID
3660,2,46,87,25512,32812,0,CAPACITY_EXCEEDED,INVALID
3661,2,46,88,24400,31500,0,CAPACITY_EXCEEDED,INVALID
3662,2,46,89,24502,31602,0,CAPACITY_EXCEEDED,INVALID
3663,2,46,90,24249,31349,0,CAPACITY_EXCEEDED,INVALID
3664,2,46,91,24557,31657,0,CAPACITY_EXCEEDED,INVALID
3665,2,46,92,24312,31412,0,CAPACITY_EXCEEDED,INVALID
3666,2,46,93,25656,32956,0,CAPACITY_EXCEEDED,INVALID
3667,2,46,94,24362,31462,0,CAPACITY_EXCEEDED,INVALID
3668,2,46,95,24684,31784,0,CAPACITY_EXCEEDED,INVALID
3669,2,46,96,24649,31749,0,CAPACITY_EXCEEDED,INVALID
3670,2,46,97,24524,31624,0,CAPACITY_EXCEEDED,INVALID
3671,2,46,98,25478,32778,0,CAPACITY_EXCEEDED,INVALID
3672,2,46,99,24331,31431,0,CAPACITY_EXCEEDED,INVALID
3673,2,47,48,23790,30690,1,FEASIBLE,WORSE
3674,2,47,49,23210,30110,1,FEASIBLE,WORSE
3675,2,47,50,23556,30456,1,FEASIBLE,WORSE
3676,2,47,51,23302,30202,1,FEASIBLE,WORSE
3677,2,47,52,23365,30265,1,FEASIBLE,WORSE
3678,2,47,53,23494,30394,1,FEASIBLE,WORSE
3679,2,47,54,24835,31935,0,CAPACITY_EXCEEDED,INVALID
3680,2,47,55,23641,30541,1,FEASIBLE,WORSE
3681,2,47,56,23424,30324,1,FEASIBLE,WORSE
3682,2,47,57,23634,30534,1,FEASIBLE,WORSE
3683,2,47,58,23204,30104,1,FEASIBLE,WORSE
3684,2,47,59,23560,30460,1,FEASIBLE,WORSE
3685,2,47,60,23481,30381,1,FEASIBLE,WORSE
3686,2,47,61,24584,31684,0,CAPACITY_EXCEEDED,INVALID
3687,2,47,62,23516,30416,1,FEASIBLE,WORSE
3688,2,47,63,23278,30178,1,FEASIBLE,WORSE
3689,2,47,64,24742,31842,0,CAPACITY_EXCEEDED,INVALID
3690,2,47,65,23736,30636,1,FEASIBLE,WORSE
3691,2,47,66,23775,30675,1,FEASIBLE,WORSE
3692,2,47,67,23608,30508,1,FEASIBLE,WORSE
3693,2,47,68,24603,31703,0,CAPACITY_EXCEEDED,INVALID
3694,2,47,69,23221,30121,1,FEASIBLE,WORSE
3695,2,47,70,23599,30499,1,FEASIBLE,WORSE
3696,2,47,71,23505,30405,1,FEASIBLE,WORSE
3697,2,47,72,23659,30559,1,FEASIBLE,WORSE
3698,2,47,73,23377,30277,1,FEASIBLE,WORSE
3699,2,47,74,23794,30694,1,FEASIBLE,WORSE
3700,2,47,75,23139,30039,1,FEASIBLE,WORSE
3701,2,47,76,24733,31833,0,CAPACITY_EXCEEDED,INVALID
3702,2,47,77,24792,31892,0,CAPACITY_EXCEEDED,INVALID
3703,2,47,78,24572,31672,0,CAPACITY_EXCEEDED,INVALID
3704,2,47,79,24797,31897,0,CAPACITY_EXCEEDED,INVALID
3705,2,47,80,23818,30718,1,FEASIBLE,WORSE
3706,2,47,81,23548,30448,1,FEASIBLE,WORSE
3707,2,47,82,24804,31904,0,CAPACITY_EXCEEDED,INVALID
3708,2,47,83,24613,31713,0,CAPACITY_EXCEEDED,INVALID
3709,2,47,84,23426,30326,1,FEASIBLE,WORSE
3710,2,47,85,24781,31881,0,CAPACITY_EXCEEDED,INVALID
3711,2,47,86,23216,30116,1,FEASIBLE,WORSE
3712,2,47,87,24655,31755,0,CAPACITY_EXCEEDED,INVALID
3713,2,47,88,23543,30443,1,FEASIBLE,WORSE
3714,2,47,89,23645,30545,1,FEASIBLE,WORSE
3715,2,47,90,23392,30292,1,FEASIBLE,WORSE
3716,2,47,91,23700,30600,1,FEASIBLE,WORSE
3717,2,47,92,23455,30355,1,FEASIBLE,WORSE
3718,2,47,93,24799,31899,0,CAPACITY_EXCEEDED,INVALID
3719,2,47,94,23505,30405,1,FEASIBLE,WORSE
3720,2,47,95,23827,30727,1,FEASIBLE,WORSE
3721,2,47,96,23792,30692,1,FEASIBLE,WORSE
3722,2,47,97,23667,30567,1,FEASIBLE,WORSE
3723,2,47,98,24621,31721,0,CAPACITY_EXCEEDED,INVALID
3724,2,47,99,23474,30374,1,FEASIBLE,WORSE
3725,2,48,49,23207,30107,1,FEASIBLE,WORSE
3726,2,48,50,23553,30453,1,FEASIBLE,WORSE
3727,2,48,51,23299,30199,1,FEASIBLE,WORSE
3728,2,48,52,23362,30262,1,FEASIBLE,WORSE
3729,2,48,53,23491,30391,1,FEASIBLE,WORSE
3730,2,48,54,24832,31932,0,CAPACITY_EXCEEDED,INVALID
3731,2,48,55,23638,30538,1,FEASIBLE,WORSE
3732,2,48,56,23421,30321,1,FEASIBLE,WORSE
3733,2,48,57,23631,30531,1,FEASIBLE,WORSE
3734,2,48,58,23201,30101,1,FEASIBLE,WORSE
3735,2,48,59,23557,30457,1,FEASIBLE,WORSE
3736,2,48,60,23478,30378,1,FEASIBLE,WORSE
3737,2,48,61,24581,31681,0,CAPACITY_EXCEEDED,INVALID
3738,2,48,62,23513,30413,1,FEASIBLE,WORSE
3739,2,48,63,23275,30175,1,FEASIBLE,WORSE
3740,2,48,64,24739,31839,0,CAPACITY_EXCEEDED,INVALID
3741,2,48,65,23733,30633,1,FEASIBLE,WORSE
3742,2,48,66,23772,30672,1,FEASIBLE,WORSE
3743,2,48,67,23605,30505,1,FEASIBLE,WORSE
3744,2,48,68,24600,31700,0,CAPACITY_EXCEEDED,INVALID
3745,2,48,69,23218,30118,1,FEASIBLE,WORSE
3746,2,48,70,23596,30496,1,FEASIBLE,WORSE
3747,2,48,71,23502,30402,1,FEASIBLE,WORSE
3748,2,48,72,23656,30556,1,FEASIBLE,WORSE
3749,2,48,73,23374,30274,1,FEASIBLE,WORSE
3750,2,48,74,23791,30691,1,FEASIBLE,WORSE
3751,2,48,75,23136,30036,1,FEASIBLE,WORSE
3752,2,48,76,24730,31830,0,CAPACITY_EXCEEDED,INVALID
3753,2,48,77,24789,31889,0,CAPACITY_EXCEEDED,INVALID
3754,2,48,78,24569,31669,0,CAPACITY_EXCEEDED,INVALID
3755,2,48,79,24794,31894,0,CAPACITY_EXCEEDED,INVALID
3756,2,48,80,23815,30715,1,FEASIBLE,WORSE
3757,2,48,81,23545,30445,1,FEASIBLE,WORSE
3758,2,48,82,24801,31901,0,CAPACITY_EXCEEDED,INVALID
3759,2,48,83,24610,31710,0,CAPACITY_EXCEEDED,INVALID
3760,2,48,84,23423,30323,1,FEASIBLE,WORSE
3761,2,48,85,24778,31878,0,CAPACITY_EXCEEDED,INVALID
3762,2,48,86,23213,30113,1,FEASIBLE,WORSE
3763,2,48,87,24652,31752,0,CAPACITY_EXCEEDED,INVALID
3764,2,48,88,23540,30440,1,FEASIBLE,WORSE
3765,2,48,89,23642,30542,1,FEASIBLE,WORSE
3766,2,48,90,23389,30289,1,FEASIBLE,WORSE
3767,2,48,91,23697,30597,1,FEASIBLE,WORSE
3768,2,48,92,23452,30352,1,FEASIBLE,WORSE
3769,2,48,93,24796,31896,0,CAPACITY_EXCEEDED,INVALID
3770,2,48,94,23502,30402,1,FEASIBLE,WORSE
3771,2,48,95,23824,30724,1,FEASIBLE,WORSE
3772,2,48,96,23789,30689,1,FEASIBLE,WORSE
3773,2,48,97,23664,30564,1,FEASIBLE,WORSE
3774,2,48,98,24618,31718,0,CAPACITY_EXCEEDED,INVALID
3775,2,48,99,23471,30371,1,FEASIBLE,WORSE
3776,2,49,50,22973,29873,1,FEASIBLE,WORSE
3777,2,49,51,22719,29619,1,FEASIBLE,WORSE
3778,2,49,52,22782,29682,1,FEASIBLE,WORSE
3779,2,49,53,22911,29811,1,FEASIBLE,WORSE
3780,2,49,54,24252,31352,0,CAPACITY_EXCEEDED,INVALID
3781,2,49,55,23058,29958,1,FEASIBLE,WORSE
3782,2,49,56,22841,29741,1,FEASIBLE,WORSE
3783,2,49,57,23051,29951,1,FEASIBLE,WORSE
3784,2,49,58,22621,29521,1,FEASIBLE,WORSE
3785,2,49,59,22977,29877,1,FEASIBLE,WORSE
3786,2,49,60,22898,29798,1,FEASIBLE,WORSE
3787,2,49,61,24001,31101,0,CAPACITY_EXCEEDED,INVALID
3788,2,49,62,22933,29833,1,FEASIBLE,WORSE
3789,2,49,63,22695,29595,1,FEASIBLE,WORSE
3790,2,49,64,24159,31259,0,CAPACITY_EXCEEDED,INVALID
3791,2,49,65,23153,30053,1,FEASIBLE,WORSE
3792,2,49,66,23192,30092,1,FEASIBLE,WORSE
3793,2,49,67,23025,29925,1,FEASIBLE,WORSE
3794,2,49,68,24020,31120,0,CAPACITY_EXCEEDED,INVALID
3795,2,49,69,22638,29538,1,FEASIBLE,WORSE
3796,2,49,70,23016,29916,1,FEASIBLE,WORSE
3797,2,49,71,22922,29822,1,FEASIBLE,WORSE
3798,2,49,72,23076,29976,1,FEASIBLE,WORSE
3799,2,49,73,22794,29694,1,FEASIBLE,WORSE
3800,2,49,74,23211,30111,1,FEASIBLE,WORSE
3801,2,49,75,22556,29456,1,FEASIBLE,WORSE
3802,2,49,76,24150,31250,0,CAPACITY_EXCEEDED,INVALID
3803,2,49,77,24209,31309,0,CAPACITY_EXCEEDED,INVALID
3804,2,49,78,23989,31089,0,CAPACITY_EXCEEDED,INVALID
3805,2,49,79,24214,31314,0,CAPACITY_EXCEEDED,INVALID
3806,2,49,80,23235,30135,1,FEASIBLE,WORSE
3807,2,49,81,22965,29865,1,FEASIBLE,WORSE
3808,2,49,82,24221,31321,0,CAPACITY_EXCEEDED,INVALID
3809,2,49,83,24030,31130,0,CAPACITY_EXCEEDED,INVALID
3810,2,49,84,22843,29743,1,FEASIBLE,WORSE
3811,2,49,85,24198,31298,0,CAPACITY_EXCEEDED,INVALID
3812,2,49,86,22633,29533,1,FEASIBLE,WORSE
3813,2,49,87,24072,31172,0,CAPACITY_EXCEEDED,INVALID
3814,2,49,88,22960,29860,1,FEASIBLE,WORSE
3815,2,49,89,23062,29962,1,FEASIBLE,WORSE
3816,2,49,90,22809,29709,1,FEASIBLE,WORSE
3817,2,49,91,23117,30017,1,FEASIBLE,WORSE
3818,2,49,92,22872,29772,1,FEASIBLE,WORSE
3819,2,49,93,24216,31316,0,CAPACITY_EXCEEDED,INVALID
3820,2,49,94,22922,29822,1,FEASIBLE,WORSE
3821,2,49,95,23244,30144,1,FEASIBLE,WORSE
3822,2,49,96,23209,30109,1,FEASIBLE,WORSE
3823,2,49,97,23084,29984,1,FEASIBLE,WORSE
3824,2,49,98,24038,31138,0,CAPACITY_EXCEEDED,INVALID
3825,2,49,99,22891,29791,1,FEASIBLE,WORSE
3826,2,50,51,23065,29965,1,FEASIBLE,WORSE
3827,2,50,52,23128,30028,1,FEASIBLE,WORSE
3828,2,50,53,23257,30157,1,FEASIBLE,WORSE
3829,2,50,54,24598,31698,0,CAPACITY_EXCEEDED,INVALID
3830,2,50,55,23404,30304,1,FEASIBLE,WORSE
3831,2,50,56,23187,30087,1,FEASIBLE,WORSE
3832,2,50,57,23397,30297,1,FEASIBLE,WORSE
3833,2,50,58,22967,29867,1,FEASIBLE,WORSE
3834,2,50,59,23323,30223,1,FEASIBLE,WORSE
3835,2,50,60,23244,30144,1,FEASIBLE,WORSE
3836,2,50,61,24347,31447,0,CAPACITY_EXCEEDED,INVALID
3837,2,50,62,23279,30179,1,FEASIBLE,WORSE
3838,2,50,63,23041,29941,1,FEASIBLE,WORSE
3839,2,50,64,24505,31605,0,CAPACITY_EXCEEDED,INVALID
3840,2,50,65,23499,30399,1,FEASIBLE,WORSE
3841,2,50,66,23538,30438,1,FEASIBLE,WORSE
3842,2,50,67,23371,30271,1,FEASIBLE,WORSE
3843,2,50,68,24366,31466,0,CAPACITY_EXCEEDED,INVALID
3844,2,50,69,22984,29884,1,FEASIBLE,WORSE
3845,2,50,70,23362,30262,1,FEASIBLE,WORSE
3846,2,50,71,23268,30168,1,FEASIBLE,WORSE
3847,2,50,72,23422,30322,1,FEASIBLE,WORSE
3848,2,50,73,23140,30040,1,FEASIBLE,WORSE
3849,2,50,74,23557,30457,1,FEASIBLE,WORSE
3850,2,50,75,22902,29802,1,FEASIBLE,WORSE
3851,2,50,76,24496,31596,0,CAPACITY_EXCEEDED,INVALID
3852,2,50,77,24555,31655,0,CAPACITY_EXCEEDED,INVALID
3853,2,50,78,24335,31435,0,CAPACITY_EXCEEDED,INVALID
3854,2,50,79,24560,31660,0,CAPACITY_EXCEEDED,INVALID
3855,2,50,80,23581,30481,1,FEASIBLE,WORSE
3856,2,50,81,23311,30211,1,FEASIBLE,WORSE
3857,2,50,82,24567,31667,0,CAPACITY_EXCEEDED,INVALID
3858,2,50,83,24376,31476,0,CAPACITY_EXCEEDED,INVALID
3859,2,50,84,23189,30089,1,FEASIBLE,WORSE
3860,2,50,85,24544,31644,0,CAPACITY_EXCEEDED,INVALID
3861,2,50,86,22979,29879,1,FEASIBLE,WORSE
3862,2,50,87,24418,31518,0,CAPACITY_EXCEEDED,INVALID
3863,2,50,88,23306,30206,1,FEASIBLE,WORSE
3864,2,50,89,23408,30308,1,FEASIBLE,WORSE
3865,2,50,90,23155,30055,1,FEASIBLE,WORSE
3866,2,50,91,23463,30363,1,FEASIBLE,WORSE
3867,2,50,92,23218,30118,1,FEASIBLE,WORSE
3868,2,50,93,24562,31662,0,CAPACITY_EXCEEDED,INVALID
3869,2,50,94,23268,30168,1,FEASIBLE,WORSE
3870,2,50,95,23590,30490,1,FEASIBLE,WORSE
3871,2,50,96,23555,30455,1,FEASIBLE,WORSE
3872,2,50,97,23430,30330,1,FEASIBLE,WORSE
3873,2,50,98,24384,31484,0,CAPACITY_EXCEEDED,INVALID
3874,2,50,99,23237,30137,1,FEASIBLE,WORSE
3875,2,51,52,22874,29774,1,FEASIBLE,WORSE
3876,2,51,53,23003,29903,1,FEASIBLE,WORSE
3877,2,51,54,24344,31444,0,CAPACITY_EXCEEDED,INVALID
3878,2,51,55,23150,30050,1,FEASIBLE,WORSE
3879,2,51,56,22933,29833,1,FEASIBLE,WORSE
3880,2,51,57,23143,30043,1,FEASIBLE,WORSE
3881,2,51,58,22713,29613,1,FEASIBLE,WORSE
3882,2,51,59,23069,29969,1,FEASIBLE,WORSE
3883,2,51,60,22990,29890,1,FEASIBLE,WORSE
3884,2,51,61,24093,31193,0,CAPACITY_EXCEEDED,INVALID
3885,2,51,62,23025,29925,1,FEASIBLE,WORSE
3886,2,51,63,22787,29687,1,FEASIBLE,WORSE
3887,2,51,64,24251,31351,0,CAPACITY_EXCEEDED,INVALID
3888,2,51,65,23245,30145,1,FEASIBLE,WORSE
3889,2,51,66,23284,30184,1,FEASIBLE,WORSE
3890,2,51,67,23117,30017,1,FEASIBLE,WORSE
3891,2,51,68,24112,31212,0,CAPACITY_EXCEEDED,INVALID
3892,2,51,69,22730,29630,1,FEASIBLE,WORSE
3893,2,51,70,23108,30008,1,FEASIBLE,WORSE
3894,2,51,71,23014,29914,1,FEASIBLE,WORSE
3895,2,51,72,23168,30068,1,FEASIBLE,WORSE
3896,2,51,73,22886,29786,1,FEASIBLE,WORSE
3897,2,51,74,23303,30203,1,FEASIBLE,WORSE
3898,2,51,75,22648,29548,1,FEASIBLE,WORSE
3899,2,51,76,24242,31342,0,CAPACITY_EXCEEDED,INVALID
3900,2,51,77,24301,31401,0,CAPACITY_EXCEEDED,INVALID
3901,2,51,78,24081,31181,0,CAPACITY_EXCEEDED,INVALID
3902,2,51,79,24306,31406,0,CAPACITY_EXCEEDED,INVALID
3903,2,51,80,23327,30227,1,FEASIBLE,WORSE
3904,2,51,81,23057,29957,1,FEASIBLE,WORSE
3905,2,51,82,24313,31413,0,CAPACITY_EXCEEDED,INVALID
3906,2,51,83,24122,31222,0,CAPACITY_EXCEEDED,INVALID
3907,2,51,84,22935,29835,1,FEASIBLE,WORSE
3908,2,51,85,24290,31390,0,CAPACITY_EXCEEDED,INVALID
3909,2,51,86,22725,29625,1,FEASIBLE,WORSE
3910,2,51,87,24164,31264,0,CAPACITY_EXCEEDED,INVALID
3911,2,51,88,23052,29952,1,FEASIBLE,WORSE
3912,2,51,89,23154,30054,1,FEASIBLE,WORSE
3913,2,51,90,22901,29801,1,FEASIBLE,WORSE
3914,2,51,91,23209,30109,1,FEASIBLE,WORSE
3915,2,51,92,22964,29864,1,FEASIBLE,WORSE
3916,2,51,93,24308,31408,0,CAPACITY_EXCEEDED,INVALID
3917,2,51,94,23014,29914,1,FEASIBLE,WORSE
3918,2,51,95,23336,30236,1,FEASIBLE,WORSE
3919,2,51,96,23301,30201,1,FEASIBLE,WORSE
3920,2,51,97,23176,30076,1,FEASIBLE,WORSE
3921,2,51,98,24130,31230,0,CAPACITY_EXCEEDED,INVALID
3922,2,51,99,22983,29883,1,FEASIBLE,WORSE
3923,2,52,53,23066,29966,1,FEASIBLE,WORSE
3924,2,52,54,24407,31507,0,CAPACITY_EXCEEDED,INVALID
3925,2,52,55,23213,30113,1,FEASIBLE,WORSE
3926,2,52,56,22996,29896,1,FEASIBLE,WORSE
3927,2,52,57,23206,30106,1,FEASIBLE,WORSE
3928,2,52,58,22776,29676,1,FEASIBLE,WORSE
3929,2,52,59,23132,30032,1,FEASIBLE,WORSE
3930,2,52,60,23053,29953,1,FEASIBLE,WORSE
3931,2,52,61,24156,31256,0,CAPACITY_EXCEEDED,INVALID
3932,2,52,62,23088,29988,1,FEASIBLE,WORSE
3933,2,52,63,22850,29750,1,FEASIBLE,WORSE
3934,2,52,64,24314,31414,0,CAPACITY_EXCEEDED,INVALID
3935,2,52,65,23308,30208,1,FEASIBLE,WORSE
3936,2,52,66,23347,30247,1,FEASIBLE,WORSE
3937,2,52,67,23180,30080,1,FEASIBLE,WORSE
3938,2,52,68,24175,31275,0,CAPACITY_EXCEEDED,INVALID
3939,2,52,69,22793,29693,1,FEASIBLE,WORSE
3940,2,52,70,23171,30071,1,FEASIBLE,WORSE
3941,2,52,71,23077,29977,1,FEASIBLE,WORSE
3942,2,52,72,23231,30131,1,FEASIBLE,WORSE
3943,2,52,73,22949,29849,1,FEASIBLE,WORSE
3944,2,52,74,23366,30266,1,FEASIBLE,WORSE
3945,2,52,75,22711,29611,1,FEASIBLE,WORSE
3946,2,52,76,24305,31405,0,CAPACITY_EXCEEDED,INVALID
3947,2,52,77,24364,31464,0,CAPACITY_EXCEEDED,INVALID
3948,2,52,78,24144,31244,0,CAPACITY_EXCEEDED,INVALID
3949,2,52,79,24369,31469,0,CAPACITY_EXCEEDED,INVALID
3950,2,52,80,23390,30290,1,FEASIBLE,WORSE
3951,2,52,81,23120,30020,1,FEASIBLE,WORSE
3952,2,52,82,24376,31476,0,CAPACITY_EXCEEDED,INVALID
3953,2,52,83,24185,31285,0,CAPACITY_EXCEEDED,INVALID
3954,2,52,84,22998,29898,1,FEASIBLE,WORSE
3955,2,52,85,24353,31453,0,CAPACITY_EXCEEDED,INVALID
3956,2,52,86,22788,29688,1,FEASIBLE,WORSE
3957,2,52,87,24227,31327,0,CAPACITY_EXCEEDED,INVALID
3958,2,52,88,23115,30015,1,FEASIBLE,WORSE
3959,2,52,89,23217,30117,1,FEASIBLE,WORSE
3960,2,52,90,22964,29864,1,FEASIBLE,WORSE
3961,2,52,91,23272,30172,1,FEASIBLE,WORSE
3962,2,52,92,23027,29927,1,FEASIBLE,WORSE
3963,2,52,93,24371,31471,0,CAPACITY_EXCEEDED,INVALID
3964,2,52,94,23077,29977,1,FEASIBLE,WORSE
3965,2,52,95,23399,30299,1,FEASIBLE,WORSE
3966,2,52,96,23364,30264,1,FEASIBLE,WORSE
3967,2,52,97,23239,30139,1,FEASIBLE,WORSE
3968,2,52,98,24193,31293,0,CAPACITY_EXCEEDED,INVALID
3969,2,52,99,23046,29946,1,FEASIBLE,WORSE
3970,2,53,54,24536,31636,0,CAPACITY_EXCEEDED,INVALID
3971,2,53,55,23342,30242,1,FEASIBLE,WORSE
3972,2,53,56,23125,30025,1,FEASIBLE,WORSE
3973,2,53,57,23335,30235,1,FEASIBLE,WORSE
3974,2,53,58,22905,29805,1,FEASIBLE,WORSE
3975,2,53,59,23261,30161,1,FEASIBLE,WORSE
3976,2,53,60,23182,30082,1,FEASIBLE,WORSE
3977,2,53,61,24285,31385,0,CAPACITY_EXCEEDED,INVALID
3978,2,53,62,23217,30117,1,FEASIBLE,WORSE
3979,2,53,63,22979,29879,1,FEASIBLE,WORSE
3980,2,53,64,24443,31543,0,CAPACITY_EXCEEDED,INVALID
3981,2,53,65,23437,30337,1,FEASIBLE,WORSE
3982,2,53,66,23476,30376,1,FEASIBLE,WORSE
3983,2,53,67,23309,30209,1,FEASIBLE,WORSE
3984,2,53,68,24304,31404,0,CAPACITY_EXCEEDED,INVALID
3985,2,53,69,22922,29822,1,FEASIBLE,WORSE
3986,2,53,70,23300,30200,1,FEASIBLE,WORSE
3987,2,53,71,23206,30106,1,FEASIBLE,WORSE
3988,2,53,72,23360,30260,1,FEASIBLE,WORSE
3989,2,53,73,23078,29978,1,FEASIBLE,WORSE
3990,2,53,74,23495,30395,1,FEASIBLE,WORSE
3991,2,53,75,22840,29740,1,FEASIBLE,WORSE
3992,2,53,76,24434,31534,0,CAPACITY_EXCEEDED,INVALID
3993,2,53,77,24493,31593,0,CAPACITY_EXCEEDED,INVALID
3994,2,53,78,24273,31373,0,CAPACITY_EXCEEDED,INVALID
3995,2,53,79,24498,31598,0,CAPACITY_EXCEEDED,INVALID
3996,2,53,80,23519,30419,1,FEASIBLE,WORSE
3997,2,53,81,23249,30149,1,FEASIBLE,WORSE
3998,2,53,82,24505,31605,0,CAPACITY_EXCEEDED,INVALID
3999,2,53,83,24314,31414,0,CAPACITY_EXCEEDED,INVALID
4000,2,53,84,23127,30027,1,FEASIBLE,WORSE
4001,2,53,85,24482,31582,0,CAPACITY_EXCEEDED,INVALID
4002,2,53,86,22917,29817,1,FEASIBLE,WORSE
4003,2,53,87,24356,31456,0,CAPACITY_EXCEEDED,INVALID
4004,2,53,88,23244,30144,1,FEASIBLE,WORSE
4005,2,53,89,23346,30246,1,FEASIBLE,WORSE
4006,2,53,90,23093,29993,1,FEASIBLE,WORSE
4007,2,53,91,23401,30301,1,FEASIBLE,WORSE
4008,2,53,92,23156,30056,1,FEASIBLE,WORSE
4009,2,53,93,24500,31600,0,CAPACITY_EXCEEDED,INVALID
4010,2,53,94,23206,30106,1,FEASIBLE,WORSE
4011,2,53,95,23528,30428,1,FEASIBLE,WORSE
4012,2,53,96,23493,30393,1,FEASIBLE,WORSE
4013,2,53,97,23368,30268,1,FEASIBLE,WORSE
4014,2,53,98,24322,31422,0,CAPACITY_EXCEEDED,INVALID
4015,2,53,99,23175,30075,1,FEASIBLE,WORSE
4016,2,54,55,24683,31783,0,CAPACITY_EXCEEDED,INVALID
4017,2,54,56,24466,31566,0,CAPACITY_EXCEEDED,INVALID
4018,2,54,57,24676,31776,0,CAPACITY_EXCEEDED,INVALID
4019,2,54,58,24246,31346,0,CAPACITY_EXCEEDED,INVALID
4020,2,54,59,24602,31702,0,CAPACITY_EXCEEDED,INVALID
4021,2,54,60,24523,31623,0,CAPACITY_EXCEEDED,INVALID
4022,2,54,61,25626,32926,0,CAPACITY_EXCEEDED,INVALID
4023,2,54,62,24558,31658,0,CAPACITY_EXCEEDED,INVALID
4024,2,54,63,24320,31420,0,CAPACITY_EXCEEDED,INVALID
4025,2,54,64,25784,33084,0,CAPACITY_EXCEEDED,INVALID
4026,2,54,65,24778,31878,0,CAPACITY_EXCEEDED,INVALID
4027,2,54,66,24817,31917,0,CAPACITY_EXCEEDED,INVALID
4028,2,54,67,24650,31750,0,CAPACITY_EXCEEDED,INVALID
4029,2,54,68,25645,32945,0,CAPACITY_EXCEEDED,INVALID
4030,2,54,69,24263,31363,0,CAPACITY_EXCEEDED,INVALID
4031,2,54,70,24641,31741,0,CAPACITY_EXCEEDED,INVALID
4032,2,54,71,24547,31647,0,CAPACITY_EXCEEDED,INVALID
4033,2,54,72,24701,31801,0,CAPACITY_EXCEEDED,INVALID
4034,2,54,73,24419,31519,0,CAPACITY_EXCEEDED,INVALID
4035,2,54,74,24836,31936,0,CAPACITY_EXCEEDED,INVALID
4036,2,54,75,24181,31281,0,CAPACITY_EXCEEDED,INVALID
4037,2,54,76,25775,33075,0,CAPACITY_EXCEEDED,INVALID
4038,2,54,77,25834,33134,0,CAPACITY_EXCEEDED,INVALID
4039,2,54,78,25614,32914,0,CAPACITY_EXCEEDED,INVALID
4040,2,54,79,25839,33139,0,CAPACITY_EXCEEDED,INVALID
4041,2,54,80,24860,31960,0,CAPACITY_EXCEEDED,INVALID
4042,2,54,81,24590,31690,0,CAPACITY_EXCEEDED,INVALID
4043,2,54,82,25846,33146,0,CAPACITY_EXCEEDED,INVALID
4044,2,54,83,25655,32955,0,CAPACITY_EXCEEDED,INVALID
4045,2,54,84,24468,31568,0,CAPACITY_EXCEEDED,INVALID
4046,2,54,85,25823,33123,0,CAPACITY_EXCEEDED,INVALID
4047,2,54,86,24258,31358,0,CAPACITY_EXCEEDED,INVALID
4048,2,54,87,25697,32997,0,CAPACITY_EXCEEDED,INVALID
4049,2,54,88,24585,31685,0,CAPACITY_EXCEEDED,INVALID
4050,2,54,89,24687,31787,0,CAPACITY_EXCEEDED,INVALID
4051,2,54,90,24434,31534,0,CAPACITY_EXCEEDED,INVALID
4052,2,54,91,24742,31842,0,CAPACITY_EXCEEDED,INVALID
4053,2,54,92,24497,31597,0,CAPACITY_EXCEEDED,INVALID
4054,2,54,93,25841,33141,0,CAPACITY_EXCEEDED,INVALID
4055,2,54,94,24547,31647,0,CAPACITY_EXCEEDED,INVALID
4056,2,54,95,24869,31969,0,CAPACITY_EXCEEDED,INVALID
4057,2,54,96,24834,31934,0,CAPACITY_EXCEEDED,INVALID
4058,2,54,97,24709,31809,0,CAPACITY_EXCEEDED,INVALID
4059,2,54,98,25663,32963,0,CAPACITY_EXCEEDED,INVALID
4060,2,54,99,24516,31616,0,CAPACITY_EXCEEDED,INVALID
4061,2,55,56,23272,30172,1,FEASIBLE,WORSE
4062,2,55,57,23482,30382,1,FEASIBLE,WORSE
4063,2,55,58,23052,29952,1,FEASIBLE,WORSE
4064,2,55,59,23408,30308,1,FEASIBLE,WORSE
4065,2,55,60,23329,30229,1,FEASIBLE,WORSE
4066,2,55,61,24432,31532,0,CAPACITY_EXCEEDED,INVALID
4067,2,55,62,23364,30264,1,FEASIBLE,WORSE
4068,2,55,63,23126,30026,1,FEASIBLE,WORSE
4069,2,55,64,24590,31690,0,CAPACITY_EXCEEDED,INVALID
4070,2,55,65,23584,30484,1,FEASIBLE,WORSE
4071,2,55,66,23623,30523,1,FEASIBLE,WORSE
4072,2,55,67,23456,30356,1,FEASIBLE,WORSE
4073,2,55,68,24451,31551,0,CAPACITY_EXCEEDED,INVALID
4074,2,55,69,23069,29969,1,FEASIBLE,WORSE
4075,2,55,70,23447,30347,1,FEASIBLE,WORSE
4076,2,55,71,23353,30253,1,FEASIBLE,WORSE
4077,2,55,72,23507,30407,1,FEASIBLE,WORSE
4078,2,55,73,23225,30125,1,FEASIBLE,WORSE
4079,2,55,74,23642,30542,1,FEASIBLE,WORSE
4080,2,55,75,22987,29887,1,FEASIBLE,WORSE
4081,2,55,76,24581,31681,0,CAPACITY_EXCEEDED,INVALID
4082,2,55,77,24640,31740,0,CAPACITY_EXCEEDED,INVALID
4083,2,55,78,24420,31520,0,CAPACITY_EXCEEDED,INVALID
4084,2,55,79,24645,31745,0,CAPACITY_EXCEEDED,INVALID
4085,2,55,80,23666,30566,1,FEASIBLE,WORSE
4086,2,55,81,23396,30296,1,FEASIBLE,WORSE
4087,2,55,82,24652,31752,0,CAPACITY_EXCEEDED,INVALID
4088,2,55,83,24461,31561,0,CAPACITY_EXCEEDED,INVALID
4089,2,55,84,23274,30174,1,FEASIBLE,WORSE
4090,2,55,85,24629,31729,0,CAPACITY_EXCEEDED,INVALID
4091,2,55,86,23064,29964,1,FEASIBLE,WORSE
4092,2,55,87,24503,31603,0,CAPACITY_EXCEEDED,INVALID
4093,2,55,88,23391,30291,1,FEASIBLE,WORSE
4094,2,55,89,23493,30393,1,FEASIBLE,WORSE
4095,2,55,90,23240,30140,1,FEASIBLE,WORSE
4096,2,55,91,23548,30448,1,FEASIBLE,WORSE
4097,2,55,92,23303,30203,1,FEASIBLE,WORSE
4098,2,55,93,24647,31747,0,CAPACITY_EXCEEDED,INVALID
4099,2,55,94,23353,30253,1,FEASIBLE,WORSE
4100,2,55,95,23675,30575,1,FEASIBLE,WORSE
4101,2,55,96,23640,30540,1,FEASIBLE,WORSE
4102,2,55,97,23515,30415,1,FEASIBLE,WORSE
4103,2,55,98,24469,31569,0,CAPACITY_EXCEEDED,INVALID
4104,2,55,99,23322,30222,1,FEASIBLE,WORSE
4105,2,56,57,23265,30165,1,FEASIBLE,WORSE
4106,2,56,58,22835,29735,1,FEASIBLE,WORSE
4107,2,56,59,23191,30091,1,FEASIBLE,WORSE
4108,2,56,60,23112,30012,1,FEASIBLE,WORSE
4109,2,56,61,24215,31315,0,CAPACITY_EXCEEDED,INVALID
4110,2,56,62,23147,30047,1,FEASIBLE,WORSE
4111,2,56,63,22909,29809,1,FEASIBLE,WORSE
4112,2,56,64,24373,31473,0,CAPACITY_EXCEEDED,INVALID
4113,2,56,65,23367,30267,1,FEASIBLE,WORSE
4114,2,56,66,23406,30306,1,FEASIBLE,WORSE
4115,2,56,67,23239,30139,1,FEASIBLE,WORSE
4116,2,56,68,24234,31334,0,CAPACITY_EXCEEDED,INVALID
4117,2,56,69,22852,29752,1,FEASIBLE,WORSE
4118,2,56,70,23230,30130,1,FEASIBLE,WORSE
4119,2,56,71,23136,30036,1,FEASIBLE,WORSE
4120,2,56,72,23290,30190,1,FEASIBLE,WORSE
4121,2,56,73,23008,29908,1,FEASIBLE,WORSE
4122,2,56,74,23425,30325,1,FEASIBLE,WORSE
4123,2,56,75,22770,29670,1,FEASIBLE,WORSE
4124,2,56,76,24364,31464,0,CAPACITY_EXCEEDED,INVALID
4125,2,56,77,24423,31523,0,CAPACITY_EXCEEDED,INVALID
4126,2,56,78,24203,31303,0,CAPACITY_EXCEEDED,INVALID
4127,2,56,79,24428,31528,0,CAPACITY_EXCEEDED,INVALID
4128,2,56,80,23449,30349,1,FEASIBLE,WORSE
4129,2,56,81,23179,30079,1,FEASIBLE,WORSE
4130,2,56,82,24435,31535,0,CAPACITY_EXCEEDED,INVALID
4131,2,56,83,24244,31344,0,CAPACITY_EXCEEDED,INVALID
4132,2,56,84,23057,29957,1,FEASIBLE,WORSE
4133,2,56,85,24412,31512,0,CAPACITY_EXCEEDED,INVALID
4134,2,56,86,22847,29747,1,FEASIBLE,WORSE
4135,2,56,87,24286,31386,0,CAPACITY_EXCEEDED,INVALID
4136,2,56,88,23174,30074,1,FEASIBLE,WORSE
4137,2,56,89,23276,30176,1,FEASIBLE,WORSE
4138,2,56,90,23023,29923,1,FEASIBLE,WORSE
4139,2,56,91,23331,30231,1,FEASIBLE,WORSE
4140,2,56,92,23086,29986,1,FEASIBLE,WORSE
4141,2,56,93,24430,31530,0,CAPACITY_EXCEEDED,INVALID
4142,2,56,94,23136,30036,1,FEASIBLE,WORSE
4143,2,56,95,23458,30358,1,FEASIBLE,WORSE
4144,2,56,96,23423,30323,1,FEASIBLE,WORSE
4145,2,56,97,23298,30198,1,FEASIBLE,WORSE
4146,2,56,98,24252,31352,0,CAPACITY_EXCEEDED,INVALID
4147,2,56,99,23105,30005,1,FEASIBLE,WORSE
4148,2,57,58,23045,29945,1,FEASIBLE,WORSE
4149,2,57,59,23401,30301,1,FEASIBLE,WORSE
4150,2,57,60,23322,30222,1,FEASIBLE,WORSE
4151,2,57,61,24425,31525,0,CAPACITY_EXCEEDED,INVALID
4152,2,57,62,23357,30257,1,FEASIBLE,WORSE
4153,2,57,63,23119,30019,1,FEASIBLE,WORSE
4154,2,57,64,24583,31683,0,CAPACITY_EXCEEDED,INVALID
4155,2,57,65,23577,30477,1,FEASIBLE,WORSE
4156,2,57,66,23616,30516,1,FEASIBLE,WORSE
4157,2,57,67,23449,30349,1,FEASIBLE,WORSE
4158,2,57,68,24444,31544,0,CAPACITY_EXCEEDED,INVALID
4159,2,57,69,23062,29962,1,FEASIBLE,WORSE
4160,2,57,70,23440,30340,1,FEASIBLE,WORSE
4161,2,57,71,23346,30246,1,FEASIBLE,WORSE
4162,2,57,72,23500,30400,1,FEASIBLE,WORSE
4163,2,57,73,23218,30118,1,FEASIBLE,WORSE
4164,2,57,74,23635,30535,1,FEASIBLE,WORSE
4165,2,57,75,22980,29880,1,FEASIBLE,WORSE
4166,2,57,76,24574,31674,0,CAPACITY_EXCEEDED,INVALID
4167,2,57,77,24633,31733,0,CAPACITY_EXCEEDED,INVALID
4168,2,57,78,24413,31513,0,CAPACITY_EXCEEDED,INVALID
4169,2,57,79,24638,31738,0,CAPACITY_EXCEEDED,INVALID
4170,2,57,80,23659,30559,1,FEASIBLE,WORSE
4171,2,57,81,23389,30289,1,FEASIBLE,WORSE
4172,2,57,82,24645,31745,0,CAPACITY_EXCEEDED,INVALID
4173,2,57,83,24454,31554,0,CAPACITY_EXCEEDED,INVALID
4174,2,57,84,23267,30167,1,FEASIBLE,WORSE
4175,2,57,85,24622,31722,0,CAPACITY_EXCEEDED,INVALID
4176,2,57,86,23057,29957,1,FEASIBLE,WORSE
4177,2,57,87,24496,31596,0,CAPACITY_EXCEEDED,INVALID
4178,2,57,88,23384,30284,1,FEASIBLE,WORSE
4179,2,57,89,23486,30386,1,FEASIBLE,WORSE
4180,2,57,90,23233,30133,1,FEASIBLE,WORSE
4181,2,57,91,23541,30441,1,FEASIBLE,WORSE
4182,2,57,92,23296,30196,1,FEASIBLE,WORSE
4183,2,57,93,24640,31740,0,CAPACITY_EXCEEDED,INVALID
4184,2,57,94,23346,30246,1,FEASIBLE,WORSE
4185,2,57,95,23668,30568,1,FEASIBLE,WORSE
4186,2,57,96,23633,30533,1,FEASIBLE,WORSE
4187,2,57,97,23508,30408,1,FEASIBLE,WORSE
4188,2,57,98,24462,31562,0,CAPACITY_EXCEEDED,INVALID
4189,2,57,99,23315,30215,1,FEASIBLE,WORSE
4190,2,58,59,22971,29871,1,FEASIBLE,WORSE
4191,2,58,60,22892,29792,1,FEASIBLE,WORSE
4192,2,58,61,23995,31095,0,CAPACITY_EXCEEDED,INVALID
4193,2,58,62,22927,29827,1,FEASIBLE,WORSE
4194,2,58,63,22689,29589,1,FEASIBLE,WORSE
4195,2,58,64,24153,31253,0,CAPACITY_EXCEEDED,INVALID
4196,2,58,65,23147,30047,1,FEASIBLE,WORSE
4197,2,58,66,23186,30086,1,FEASIBLE,WORSE
4198,2,58,67,23019,29919,1,FEASIBLE,WORSE
4199,2,58,68,24014,31114,0,CAPACITY_EXCEEDED,INVALID
4200,2,58,69,22632,29532,1,FEASIBLE,WORSE
4201,2,58,70,23010,29910,1,FEASIBLE,WORSE
4202,2,58,71,22916,29816,1,FEASIBLE,WORSE
4203,2,58,72,23070,29970,1,FEASIBLE,WORSE
4204,2,58,73,22788,29688,1,FEASIBLE,WORSE
4205,2,58,74,23205,30105,1,FEASIBLE,WORSE
4206,2,58,75,22550,29450,1,FEASIBLE,WORSE
4207,2,58,76,24144,31244,0,CAPACITY_EXCEEDED,INVALID
4208,2,58,77,24203,31303,0,CAPACITY_EXCEEDED,INVALID
4209,2,58,78,23983,31083,0,CAPACITY_EXCEEDED,INVALID
4210,2,58,79,24208,31308,0,CAPACITY_EXCEEDED,INVALID
4211,2,58,80,23229,30129,1,FEASIBLE,WORSE
4212,2,58,81,22959,29859,1,FEASIBLE,WORSE
4213,2,58,82,24215,31315,0,CAPACITY_EXCEEDED,INVALID
4214,2,58,83,24024,31124,0,CAPACITY_EXCEEDED,INVALID
4215,2,58,84,22837,29737,1,FEASIBLE,WORSE
4216,2,58,85,24192,31292,0,CAPACITY_EXCEEDED,INVALID
4217,2,58,86,22627,29527,1,FEASIBLE,WORSE
4218,2,58,87,24066,31166,0,CAPACITY_EXCEEDED,INVALID
4219,2,58,88,22954,29854,1,FEASIBLE,WORSE
4220,2,58,89,23056,29956,1,FEASIBLE,WORSE
4221,2,58,90,22803,29703,1,FEASIBLE,WORSE
4222,2,58,91,23111,30011,1,FEASIBLE,WORSE
4223,2,58,92,22866,29766,1,FEASIBLE,WORSE
4224,2,58,93,24210,31310,0,CAPACITY_EXCEEDED,INVALID
4225,2,58,94,22916,29816,1,FEASIBLE,WORSE
4226,2,58,95,23238,30138,1,FEASIBLE,WORSE
4227,2,58,96,23203,30103,1,FEASIBLE,WORSE
4228,2,58,97,23078,29978,1,FEASIBLE,WORSE
4229,2,58,98,24032,31132,0,CAPACITY_EXCEEDED,INVALID
4230,2,58,99,22885,29785,1,FEASIBLE,WORSE
4231,2,59,60,23248,30148,1,FEASIBLE,WORSE
4232,2,59,61,24351,31451,0,CAPACITY_EXCEEDED,INVALID
4233,2,59,62,23283,30183,1,FEASIBLE,WORSE
4234,2,59,63,23045,29945,1,FEASIBLE,WORSE
4235,2,59,64,24509,31609,0,CAPACITY_EXCEEDED,INVALID
4236,2,59,65,23503,30403,1,FEASIBLE,WORSE
4237,2,59,66,23542,30442,1,FEASIBLE,WORSE
4238,2,59,67,23375,30275,1,FEASIBLE,WORSE
4239,2,59,68,24370,31470,0,CAPACITY_EXCEEDED,INVALID
4240,2,59,69,22988,29888,1,FEASIBLE,WORSE
4241,2,59,70,23366,30266,1,FEASIBLE,WORSE
4242,2,59,71,23272,30172,1,FEASIBLE,WORSE
4243,2,59,72,23426,30326,1,FEASIBLE,WORSE
4244,2,59,73,23144,30044,1,FEASIBLE,WORSE
4245,2,59,74,23561,30461,1,FEASIBLE,WORSE
4246,2,59,75,22906,29806,1,FEASIBLE,WORSE
4247,2,59,76,24500,31600,0,CAPACITY_EXCEEDED,INVALID
4248,2,59,77,24559,31659,0,CAPACITY_EXCEEDED,INVALID
4249,2,59,78,24339,31439,0,CAPACITY_EXCEEDED,INVALID
4250,2,59,79,24564,31664,0,CAPACITY_EXCEEDED,INVALID
4251,2,59,80,23585,30485,1,FEASIBLE,WORSE
4252,2,59,81,23315,30215,1,FEASIBLE,WORSE
4253,2,59,82,24571,31671,0,CAPACITY_EXCEEDED,INVALID
4254,2,59,83,24380,31480,0,CAPACITY_EXCEEDED,INVALID
4255,2,59,84,23193,30093,1,FEASIBLE,WORSE
4256,2,59,85,24548,31648,0,CAPACITY_EXCEEDED,INVALID
4257,2,59,86,22983,29883,1,FEASIBLE,WORSE
4258,2,59,87,24422,31522,0,CAPACITY_EXCEEDED,INVALID
4259,2,59,88,23310,30210,1,FEASIBLE,WORSE
4260,2,59,89,23412,30312,1,FEASIBLE,WORSE
4261,2,59,90,23159,30059,1,FEASIBLE,WORSE
4262,2,59,91,23467,30367,1,FEASIBLE,WORSE
4263,2,59,92,23222,30122,1,FEASIBLE,WORSE
4264,2,59,93,24566,31666,0,CAPACITY_EXCEEDED,INVALID
4265,2,59,94,23272,30172,1,FEASIBLE,WORSE
4266,2,59,95,23594,30494,1,FEASIBLE,WORSE
4267,2,59,96,23559,30459,1,FEASIBLE,WORSE
4268,2,59,97,23434,30334,1,FEASIBLE,WORSE
4269,2,59,98,24388,31488,0,CAPACITY_EXCEEDED,INVALID
4270,2,59,99,23241,30141,1,FEASIBLE,WORSE
4271,2,60,61,24272,31372,0,CAPACITY_EXCEEDED,INVALID
4272,2,60,62,23204,30104,1,FEASIBLE,WORSE
4273,2,60,63,22966,29866,1,FEASIBLE,WORSE
4274,2,60,64,24430,31530,0,CAPACITY_EXCEEDED,INVALID
4275,2,60,65,23424,30324,1,FEASIBLE,WORSE
4276,2,60,66,23463,30363,1,FEASIBLE,WORSE
4277,2,60,67,23296,30196,1,FEASIBLE,WORSE
4278,2,60,68,24291,31391,0,CAPACITY_EXCEEDED,INVALID
4279,2,60,69,22909,29809,1,FEASIBLE,WORSE
4280,2,60,70,23287,30187,1,FEASIBLE,WORSE
4281,2,60,71,23193,30093,1,FEASIBLE,WORSE
4282,2,60,72,23347,30247,1,FEASIBLE,WORSE
4283,2,60,73,23065,29965,1,FEASIBLE,WORSE
4284,2,60,74,23482,30382,1,FEASIBLE,WORSE
4285,2,60,75,22827,29727,1,FEASIBLE,WORSE
4286,2,60,76,24421,31521,0,CAPACITY_EXCEEDED,INVALID
4287,2,60,77,24480,31580,0,CAPACITY_EXCEEDED,INVALID
4288,2,60,78,24260,31360,0,CAPACITY_EXCEEDED,INVALID
4289,2,60,79,24485,31585,0,CAPACITY_EXCEEDED,INVALID
4290,2,60,80,23506,30406,1,FEASIBLE,WORSE
4291,2,60,81,23236,30136,1,FEASIBLE,WORSE
4292,2,60,82,24492,31592,0,CAPACITY_EXCEEDED,INVALID
4293,2,60,83,24301,31401,0,CAPACITY_EXCEEDED,INVALID
4294,2,60,84,23114,30014,1,FEASIBLE,WORSE
4295,2,60,85,24469,31569,0,CAPACITY_EXCEEDED,INVALID
4296,2,60,86,22904,29804,1,FEASIBLE,WORSE
4297,2,60,87,24343,31443,0,CAPACITY_EXCEEDED,INVALID
4298,2,60,88,23231,30131,1,FEASIBLE,WORSE
4299,2,60,89,23333,30233,1,FEASIBLE,WORSE
4300,2,60,90,23080,29980,1,FEASIBLE,WORSE
4301,2,60,91,23388,30288,1,FEASIBLE,WORSE
4302,2,60,92,23143,30043,1,FEASIBLE,WORSE
4303,2,60,93,24487,31587,0,CAPACITY_EXCEEDED,INVALID
4304,2,60,94,23193,30093,1,FEASIBLE,WORSE
4305,2,60,95,23515,30415,1,FEASIBLE,WORSE
4306,2,60,96,23480,30380,1,FEASIBLE,WORSE
4307,2,60,97,23355,30255,1,FEASIBLE,WORSE
4308,2,60,98,24309,31409,0,CAPACITY_EXCEEDED,INVALID
4309,2,60,99,23162,30062,1,FEASIBLE,WORSE
4310,2,61,62,24307,31407,0,CAPACITY_EXCEEDED,INVALID
4311,2,61,63,24069,31169,0,CAPACITY_EXCEEDED,INVALID
4312,2,61,64,25533,32833,0,CAPACITY_EXCEEDED,INVALID
4313,2,61,65,24527,31627,0,CAPACITY_EXCEEDED,INVALID
4314,2,61,66,24566,31666,0,CAPACITY_EXCEEDED,INVALID
4315,2,61,67,24399,31499,0,CAPACITY_EXCEEDED,INVALID
4316,2,61,68,25394,32694,0,CAPACITY_EXCEEDED,INVALID
4317,2,61,69,24012,31112,0,CAPACITY_EXCEEDED,INVALID
4318,2,61,70,24390,31490,0,CAPACITY_EXCEEDED,INVALID
4319,2,61,71,24296,31396,0,CAPACITY_EXCEEDED,INVALID
4320,2,61,72,24450,31550,0,CAPACITY_EXCEEDED,INVALID
4321,2,61,73,24168,31268,0,CAPACITY_EXCEEDED,INVALID
4322,2,61,74,24585,31685,0,CAPACITY_EXCEEDED,INVALID
4323,2,61,75,23930,31030,0,CAPACITY_EXCEEDED,INVALID
4324,2,61,76,25524,32824,0,CAPACITY_EXCEEDED,INVALID
4325,2,61,77,25583,32883,0,CAPACITY_EXCEEDED,INVALID
4326,2,61,78,25363,32663,0,CAPACITY_EXCEEDED,INVALID
4327,2,61,79,25588,32888,0,CAPACITY_EXCEEDED,INVALID
4328,2,61,80,24609,31709,0,CAPACITY_EXCEEDED,INVALID
4329,2,61,81,24339,31439,0,CAPACITY_EXCEEDED,INVALID
4330,2,61,82,25595,32895,0,CAPACITY_EXCEEDED,INVALID
4331,2,61,83,25404,32704,0,CAPACITY_EXCEEDED,INVALID
4332,2,61,84,24217,31317,0,CAPACITY_EXCEEDED,INVALID
4333,2,61,85,25572,32872,0,CAPACITY_EXCEEDED,INVALID
4334,2,61,86,24007,31107,0,CAPACITY_EXCEEDED,INVALID
4335,2,61,87,25446,32746,0,CAPACITY_EXCEEDED,INVALID
4336,2,61,88,24334,31434,0,CAPACITY_EXCEEDED,INVALID
4337,2,61,89,24436,31536,0,CAPACITY_EXCEEDED,INVALID
4338,2,61,90,24183,31283,0,CAPACITY_EXCEEDED,INVALID
4339,2,61,91,24491,31591,0,CAPACITY_EXCEEDED,INVALID
4340,2,61,92,24246,31346,0,CAPACITY_EXCEEDED,INVALID
4341,2,61,93,25590,32890,0,CAPACITY_EXCEEDED,INVALID
4342,2,61,94,24296,31396,0,CAPACITY_EXCEEDED,INVALID
4343,2,61,95,24618,31718,0,CAPACITY_EXCEEDED,INVALID
4344,2,61,96,24583,31683,0,CAPACITY_EXCEEDED,INVALID
4345,2,61,97,24458,31558,0,CAPACITY_EXCEEDED,INVALID
4346,2,61,98,25412,32712,0,CAPACITY_EXCEEDED,INVALID
4347,2,61,99,24265,31365,0,CAPACITY_EXCEEDED,INVALID
4348,2,62,63,23001,29901,1,FEASIBLE,WORSE
4349,2,62,64,24465,31565,0,CAPACITY_EXCEEDED,INVALID
4350,2,62,65,23459,30359,1,FEASIBLE,WORSE
4351,2,62,66,23498,30398,1,FEASIBLE,WORSE
4352,2,62,67,23331,30231,1,FEASIBLE,WORSE
4353,2,62,68,24326,31426,0,CAPACITY_EXCEEDED,INVALID
4354,2,62,69,22944,29844,1,FEASIBLE,WORSE
4355,2,62,70,23322,30222,1,FEASIBLE,WORSE
4356,2,62,71,23228,30128,1,FEASIBLE,WORSE
4357,2,62,72,23382,30282,1,FEASIBLE,WORSE
4358,2,62,73,23100,30000,1,FEASIBLE,WORSE
4359,2,62,74,23517,30417,1,FEASIBLE,WORSE
4360,2,62,75,22862,29762,1,FEASIBLE,WORSE
4361,2,62,76,24456,31556,0,CAPACITY_EXCEEDED,INVALID
4362,2,62,77,24515,31615,0,CAPACITY_EXCEEDED,INVALID
4363,2,62,78,24295,31395,0,CAPACITY_EXCEEDED,INVALID
4364,2,62,79,24520,31620,0,CAPACITY_EXCEEDED,INVALID
4365,2,62,80,23541,30441,1,FEASIBLE,WORSE
4366,2,62,81,23271,30171,1,FEASIBLE,WORSE
4367,2,62,82,24527,31627,0,CAPACITY_EXCEEDED,INVALID
4368,2,62,83,24336,31436,0,CAPACITY_EXCEEDED,INVALID
4369,2,62,84,23149,30049,1,FEASIBLE,WORSE
4370,2,62,85,24504,31604,0,CAPACITY_EXCEEDED,INVALID
4371,2,62,86,22939,29839,1,FEASIBLE,WORSE
4372,2,62,87,24378,31478,0,CAPACITY_EXCEEDED,INVALID
4373,2,62,88,23266,30166,1,FEASIBLE,WORSE
4374,2,62,89,23368,30268,1,FEASIBLE,WORSE
4375,2,62,90,23115,30015,1,FEASIBLE,WORSE
4376,2,62,91,23423,30323,1,FEASIBLE,WORSE
4377,2,62,92,23178,30078,1,FEASIBLE,WORSE
4378,2,62,93,24522,31622,0,CAPACITY_EXCEEDED,INVALID
4379,2,62,94,23228,30128,1,FEASIBLE,WORSE
4380,2,62,95,23550,30450,1,FEASIBLE,WORSE
4381,2,62,96,23515,30415,1,FEASIBLE,WORSE
4382,2,62,97,23390,30290,1,FEASIBLE,WORSE
4383,2,62,98,24344,31444,0,CAPACITY_EXCEEDED,INVALID
4384,2,62,99,23197,30097,1,FEASIBLE,WORSE
4385,2,63,64,24227,31327,0,CAPACITY_EXCEEDED,INVALID
4386,2,63,65,23221,30121,1,FEASIBLE,WORSE
4387,2,63,66,23260,30160,1,FEASIBLE,WORSE
4388,2,63,67,23093,29993,1,FEASIBLE,WORSE
4389,2,63,68,24088,31188,0,CAPACITY_EXCEEDED,INVALID
4390,2,63,69,22706,29606,1,FEASIBLE,WORSE
4391,2,63,70,23084,29984,1,FEASIBLE,WORSE
4392,2,63,71,22990,29890,1,FEASIBLE,WORSE
4393,2,63,72,23144,30044,1,FEASIBLE,WORSE
4394,2,63,73,22862,29762,1,FEASIBLE,WORSE
4395,2,63,74,23279,30179,1,FEASIBLE,WORSE
4396,2,63,75,22624,29524,1,FEASIBLE,WORSE
4397,2,63,76,24218,31318,0,CAPACITY_EXCEEDED,INVALID
4398,2,63,77,24277,31377,0,CAPACITY_EXCEEDED,INVALID
4399,2,63,78,24057,31157,0,CAPACITY_EXCEEDED,INVALID
4400,2,63,79,24282,31382,0,CAPACITY_EXCEEDED,INVALID
4401,2,63,80,23303,30203,1,FEASIBLE,WORSE
4402,2,63,81,23033,29933,1,FEASIBLE,WORSE
4403,2,63,82,24289,31389,0,CAPACITY_EXCEEDED,INVALID
4404,2,63,83,24098,31198,0,CAPACITY_EXCEEDED,INVALID
4405,2,63,84,22911,29811,1,FEASIBLE,WORSE
4406,2,63,85,24266,31366,0,CAPACITY_EXCEEDED,INVALID
4407,2,63,86,22701,29601,1,FEASIBLE,WORSE
4408,2,63,87,24140,31240,0,CAPACITY_EXCEEDED,INVALID
4409,2,63,88,23028,29928,1,FEASIBLE,WORSE
4410,2,63,89,23130,30030,1,FEASIBLE,WORSE
4411,2,63,90,22877,29777,1,FEASIBLE,WORSE
4412,2,63,91,23185,30085,1,FEASIBLE,WORSE
4413,2,63,92,22940,29840,1,FEASIBLE,WORSE
4414,2,63,93,24284,31384,0,CAPACITY_EXCEEDED,INVALID
4415,2,63,94,22990,29890,1,FEASIBLE,WORSE
4416,2,63,95,23312,30212,1,FEASIBLE,WORSE
4417,2,63,96,23277,30177,1,FEASIBLE,WORSE
4418,2,63,97,23152,30052,1,FEASIBLE,WORSE
4419,2,63,98,24106,31206,0,CAPACITY_EXCEEDED,INVALID
4420,2,63,99,22959,29859,1,FEASIBLE,WORSE
4421,2,64,65,24685,31785,0,CAPACITY_EXCEEDED,INVALID
4422,2,64,66,24724,31824,0,CAPACITY_EXCEEDED,INVALID
4423,2,64,67,24557,31657,0,CAPACITY_EXCEEDED,INVALID
4424,2,64,68,25552,32852,0,CAPACITY_EXCEEDED,INVALID
4425,2,64,69,24170,31270,0,CAPACITY_EXCEEDED,INVALID
4426,2,64,70,24548,31648,0,CAPACITY_EXCEEDED,INVALID
4427,2,64,71,24454,31554,0,CAPACITY_EXCEEDED,INVALID
4428,2,64,72,24608,31708,0,CAPACITY_EXCEEDED,INVALID
4429,2,64,73,24326,31426,0,CAPACITY_EXCEEDED,INVALID
4430,2,64,74,24743,31843,0,CAPACITY_EXCEEDED,INVALID
4431,2,64,75,24088,31188,0,CAPACITY_EXCEEDED,INVALID
4432,2,64,76,25682,32982,0,CAPACITY_EXCEEDED,INVALID
4433,2,64,77,25741,33041,0,CAPACITY_EXCEEDED,INVALID
4434,2,64,78,25521,32821,0,CAPACITY_EXCEEDED,INVALID
4435,2,64,79,25746,33046,0,CAPACITY_EXCEEDED,INVALID
4436,2,64,80,24767,31867,0,CAPACITY_EXCEEDED,INVALID
4437,2,64,81,24497,31597,0,CAPACITY_EXCEEDED,INVALID
4438,2,64,82,25753,33053,0,CAPACITY_EXCEEDED,INVALID
4439,2,64,83,25562,32862,0,CAPACITY_EXCEEDED,INVALID
4440,2,64,84,24375,31475,0,CAPACITY_EXCEEDED,INVALID
4441,2,64,85,25730,33030,0,CAPACITY_EXCEEDED,INVALID
4442,2,64,86,24165,31265,0,CAPACITY_EXCEEDED,INVALID
4443,2,64,87,25604,32904,0,CAPACITY_EXCEEDED,INVALID
4444,2,64,88,24492,31592,0,CAPACITY_EXCEEDED,INVALID
4445,2,64,89,24594,31694,0,CAPACITY_EXCEEDED,INVALID
4446,2,64,90,24341,31441,0,CAPACITY_EXCEEDED,INVALID
4447,2,64,91,24649,31749,0,CAPACITY_EXCEEDED,INVALID
4448,2,64,92,24404,31504,0,CAPACITY_EXCEEDED,INVALID
4449,2,64,93,25748,33048,0,CAPACITY_EXCEEDED,INVALID
4450,2,64,94,24454,31554,0,CAPACITY_EXCEEDED,INVALID
4451,2,64,95,24776,31876,0,CAPACITY_EXCEEDED,INVALID
4452,2,64,96,24741,31841,0,CAPACITY_EXCEEDED,INVALID
4453,2,64,97,24616,31716,0,CAPACITY_EXCEEDED,INVALID
4454,2,64,98,25570,32870,0,CAPACITY_EXCEEDED,INVALID
4455,2,64,99,24423,31523,0,CAPACITY_EXCEEDED,INVALID
4456,2,65,66,23718,30618,1,FEASIBLE,WORSE
4457,2,65,67,23551,30451,1,FEASIBLE,WORSE
4458,2,65,68,24546,31646,0,CAPACITY_EXCEEDED,INVALID
4459,2,65,69,23164,30064,1,FEASIBLE,WORSE
4460,2,65,70,23542,30442,1,FEASIBLE,WORSE
4461,2,65,71,23448,30348,1,FEASIBLE,WORSE
4462,2,65,72,23602,30502,1,FEASIBLE,WORSE
4463,2,65,73,23320,30220,1,FEASIBLE,WORSE
4464,2,65,74,23737,30637,1,FEASIBLE,WORSE
4465,2,65,75,23082,29982,1,FEASIBLE,WORSE
4466,2,65,76,24676,31776,0,CAPACITY_EXCEEDED,INVALID
4467,2,65,77,24735,31835,0,CAPACITY_EXCEEDED,INVALID
4468,2,65,78,24515,31615,0,CAPACITY_EXCEEDED,INVALID
4469,2,65,79,24740,31840,0,CAPACITY_EXCEEDED,INVALID
4470,2,65,80,23761,30661,1,FEASIBLE,WORSE
4471,2,65,81,23491,30391,1,FEASIBLE,WORSE
4472,2,65,82,24747,31847,0,CAPACITY_EXCEEDED,INVALID
4473,2,65,83,24556,31656,0,CAPACITY_EXCEEDED,INVALID
4474,2,65,84,23369,30269,1,FEASIBLE,WORSE
4475,2,65,85,24724,31824,0,CAPACITY_EXCEEDED,INVALID
4476,2,65,86,23159,30059,1,FEASIBLE,WORSE
4477,2,65,87,24598,31698,0,CAPACITY_EXCEEDED,INVALID
4478,2,65,88,23486,30386,1,FEASIBLE,WORSE
4479,2,65,89,23588,30488,1,FEASIBLE,WORSE
4480,2,65,90,23335,30235,1,FEASIBLE,WORSE
4481,2,65,91,23643,30543,1,FEASIBLE,WORSE
4482,2,65,92,23398,30298,1,FEASIBLE,WORSE
4483,2,65,93,24742,31842,0,CAPACITY_EXCEEDED,INVALID
4484,2,65,94,23448,30348,1,FEASIBLE,WORSE
4485,2,65,95,23770,30670,1,FEASIBLE,WORSE
4486,2,65,96,23735,30635,1,FEASIBLE,WORSE
4487,2,65,97,23610,30510,1,FEASIBLE,WORSE
4488,2,65,98,24564,31664,0,CAPACITY_EXCEEDED,INVALID
4489,2,65,99,23417,30317,1,FEASIBLE,WORSE
4490,2,66,67,23590,30490,1,FEASIBLE,WORSE
4491,2,66,68,24585,31685,0,CAPACITY_EXCEEDED,INVALID
4492,2,66,69,23203,30103,1,FEASIBLE,WORSE
4493,2,66,70,23581,30481,1,FEASIBLE,WORSE
4494,2,66,71,23487,30387,1,FEASIBLE,WORSE
4495,2,66,72,23641,30541,1,FEASIBLE,WORSE
4496,2,66,73,23359,30259,1,FEASIBLE,WORSE
4497,2,66,74,23776,30676,1,FEASIBLE,WORSE
4498,2,66,75,23121,30021,1,FEASIBLE,WORSE
4499,2,66,76,24715,31815,0,CAPACITY_EXCEEDED,INVALID
4500,2,66,77,24774,31874,0,CAPACITY_EXCEEDED,INVALID
4501,2,66,78,24554,31654,0,CAPACITY_EXCEEDED,INVALID
4502,2,66,79,24779,31879,0,CAPACITY_EXCEEDED,INVALID
4503,2,66,80,23800,30700,1,FEASIBLE,WORSE
4504,2,66,81,23530,30430,1,FEASIBLE,WORSE
4505,2,66,82,24786,31886,0,CAPACITY_EXCEEDED,INVALID
4506,2,66,83,24595,31695,0,CAPACITY_EXCEEDED,INVALID
4507,2,66,84,23408,30308,1,FEASIBLE,WORSE
4508,2,66,85,24763,31863,0,CAPACITY_EXCEEDED,INVALID
4509,2,66,86,23198,30098,1,FEASIBLE,WORSE
4510,2,66,87,24637,31737,0,CAPACITY_EXCEEDED,INVALID
4511,2,66,88,23525,30425,1,FEASIBLE,WORSE
4512,2,66,89,23627,30527,1,FEASIBLE,WORSE
4513,2,66,90,23374,30274,1,FEASIBLE,WORSE
4514,2,66,91,23682,30582,1,FEASIBLE,WORSE
4515,2,66,92,23437,30337,1,FEASIBLE,WORSE
4516,2,66,93,24781,31881,0,CAPACITY_EXCEEDED,INVALID
4517,2,66,94,23487,30387,1,FEASIBLE,WORSE
4518,2,66,95,23809,30709,1,FEASIBLE,WORSE
4519,2,66,96,23774,30674,1,FEASIBLE,WORSE
4520,2,66,97,23649,30549,1,FEASIBLE,WORSE
4521,2,66,98,24603,31703,0,CAPACITY_EXCEEDED,INVALID
4522,2,66,99,23456,30356,1,FEASIBLE,WORSE
4523,2,67,68,24418,31518,0,CAPACITY_EXCEEDED,INVALID
4524,2,67,69,23036,29936,1,FEASIBLE,WORSE
4525,2,67,70,23414,30314,1,FEASIBLE,WORSE
4526,2,67,71,23320,30220,1,FEASIBLE,WORSE
4527,2,67,72,23474,30374,1,FEASIBLE,WORSE
4528,2,67,73,23192,30092,1,FEASIBLE,WORSE
4529,2,67,74,23609,30509,1,FEASIBLE,WORSE
4530,2,67,75,22954,29854,1,FEASIBLE,WORSE
4531,2,67,76,24548,31648,0,CAPACITY_EXCEEDED,INVALID
4532,2,67,77,24607,31707,0,CAPACITY_EXCEEDED,INVALID
4533,2,67,78,24387,31487,0,CAPACITY_EXCEEDED,INVALID
4534,2,67,79,24612,31712,0,CAPACITY_EXCEEDED,INVALID
4535,2,67,80,23633,30533,1,FEASIBLE,WORSE
4536,2,67,81,23363,30263,1,FEASIBLE,WORSE
4537,2,67,82,24619,31719,0,CAPACITY_EXCEEDED,INVALID
4538,2,67,83,24428,31528,0,CAPACITY_EXCEEDED,INVALID
4539,2,67,84,23241,30141,1,FEASIBLE,WORSE
4540,2,67,85,24596,31696,0,CAPACITY_EXCEEDED,INVALID
4541,2,67,86,23031,29931,1,FEASIBLE,WORSE
4542,2,67,87,24470,31570,0,CAPACITY_EXCEEDED,INVALID
4543,2,67,88,23358,30258,1,FEASIBLE,WORSE
4544,2,67,89,23460,30360,1,FEASIBLE,WORSE
4545,2,67,90,23207,30107,1,FEASIBLE,WORSE
4546,2,67,91,23515,30415,1,FEASIBLE,WORSE
4547,2,67,92,23270,30170,1,FEASIBLE,WORSE
4548,2,67,93,24614,31714,0,CAPACITY_EXCEEDED,INVALID
4549,2,67,94,23320,30220,1,FEASIBLE,WORSE
4550,2,67,95,23642,30542,1,FEASIBLE,WORSE
4551,2,67,96,23607,30507,1,FEASIBLE,WORSE
4552,2,67,97,23482,30382,1,FEASIBLE,WORSE
4553,2,67,98,24436,31536,0,CAPACITY_EXCEEDED,INVALID
4554,2,67,99,23289,30189,1,FEASIBLE,WORSE
4555,2,68,69,24031,31131,0,CAPACITY_EXCEEDED,INVALID
4556,2,68,70,24409,31509,0,CAPACITY_EXCEEDED,INVALID
4557,2,68,71,24315,31415,0,CAPACITY_EXCEEDED,INVALID
4558,2,68,72,24469,31569,0,CAPACITY_EXCEEDED,INVALID
4559,2,68,73,24187,31287,0,CAPACITY_EXCEEDED,INVALID
4560,2,68,74,24604,31704,0,CAPACITY_EXCEEDED,INVALID
4561,2,68,75,23949,31049,0,CAPACITY_EXCEEDED,INVALID
4562,2,68,76,25543,32843,0,CAPACITY_EXCEEDED,INVALID
4563,2,68,77,25602,32902,0,CAPACITY_EXCEEDED,INVALID
4564,2,68,78,25382,32682,0,CAPACITY_EXCEEDED,INVALID
4565,2,68,79,25607,32907,0,CAPACITY_EXCEEDED,INVALID
4566,2,68,80,24628,31728,0,CAPACITY_EXCEEDED,INVALID
4567,2,68,81,24358,31458,0,CAPACITY_EXCEEDED,INVALID
4568,2,68,82,25614,32914,0,CAPACITY_EXCEEDED,INVALID
4569,2,68,83,25423,32723,0,CAPACITY_EXCEEDED,INVALID
4570,2,68,84,24236,31336,0,CAPACITY_EXCEEDED,INVALID
4571,2,68,85,25591,32891,0,CAPACITY_EXCEEDED,INVALID
4572,2,68,86,24026,31126,0,CAPACITY_EXCEEDED,INVALID
4573,2,68,87,25465,32765,0,CAPACITY_EXCEEDED,INVALID
4574,2,68,88,24353,31453,0,CAPACITY_EXCEEDED,INVALID
4575,2,68,89,24455,31555,0,CAPACITY_EXCEEDED,INVALID
4576,2,68,90,24202,31302,0,CAPACITY_EXCEEDED,INVALID
4577,2,68,91,24510,31610,0,CAPACITY_EXCEEDED,INVALID
4578,2,68,92,24265,31365,0,CAPACITY_EXCEEDED,INVALID
4579,2,68,93,25609,32909,0,CAPACITY_EXCEEDED,INVALID
4580,2,68,94,24315,31415,0,CAPACITY_EXCEEDED,INVALID
4581,2,68,95,24637,31737,0,CAPACITY_EXCEEDED,INVALID
4582,2,68,96,24602,31702,0,CAPACITY_EXCEEDED,INVALID
4583,2,68,97,24477,31577,0,CAPACITY_EXCEEDED,INVALID
4584,2,68,98,25431,32731,0,CAPACITY_EXCEEDED,INVALID
4585,2,68,99,24284,31384,0,CAPACITY_EXCEEDED,INVALID
4586,2,69,70,23027,29927,1,FEASIBLE,WORSE
4587,2,69,71,22933,29833,1,FEASIBLE,WORSE
4588,2,69,72,23087,29987,1,FEASIBLE,WORSE
4589,2,69,73,22805,29705,1,FEASIBLE,WORSE
4590,2,69,74,23222,30122,1,FEASIBLE,WORSE
4591,2,69,75,22567,29467,1,FEASIBLE,WORSE
4592,2,69,76,24161,31261,0,CAPACITY_EXCEEDED,INVALID
4593,2,69,77,24220,31320,0,CAPACITY_EXCEEDED,INVALID
4594,2,69,78,24000,31100,0,CAPACITY_EXCEEDED,INVALID
4595,2,69,79,24225,31325,0,CAPACITY_EXCEEDED,INVALID
4596,2,69,80,23246,30146,1,FEASIBLE,WORSE
4597,2,69,81,22976,29876,1,FEASIBLE,WORSE
4598,2,69,82,24232,31332,0,CAPACITY_EXCEEDED,INVALID
4599,2,69,83,24041,31141,0,CAPACITY_EXCEEDED,INVALID
4600,2,69,84,22854,29754,1,FEASIBLE,WORSE
4601,2,69,85,24209,31309,0,CAPACITY_EXCEEDED,INVALID
4602,2,69,86,22644,29544,1,FEASIBLE,WORSE
4603,2,69,87,24083,31183,0,CAPACITY_EXCEEDED,INVALID
4604,2,69,88,22971,29871,1,FEASIBLE,WORSE
4605,2,69,89,23073,29973,1,FEASIBLE,WORSE
4606,2,69,90,22820,29720,1,FEASIBLE,WORSE
4607,2,69,91,23128,30028,1,FEASIBLE,WORSE
4608,2,69,92,22883,29783,1,FEASIBLE,WORSE
4609,2,69,93,24227,31327,0,CAPACITY_EXCEEDED,INVALID
4610,2,69,94,22933,29833,1,FEASIBLE,WORSE
4611,2,69,95,23255,30155,1,FEASIBLE,WORSE
4612,2,69,96,23220,30120,1,FEASIBLE,WORSE
4613,2,69,97,23095,29995,1,FEASIBLE,WORSE
4614,2,69,98,24049,31149,0,CAPACITY_EXCEEDED,INVALID
4615,2,69,99,22902,29802,1,FEASIBLE,WORSE
4616,2,70,71,23311,30211,1,FEASIBLE,WORSE
4617,2,70,72,23465,30365,1,FEASIBLE,WORSE
4618,2,70,73,23183,30083,1,FEASIBLE,WORSE
4619,2,70,74,23600,30500,1,FEASIBLE,WORSE
4620,2,70,75,22945,29845,1,FEASIBLE,WORSE
4621,2,70,76,24539,31639,0,CAPACITY_EXCEEDED,INVALID
4622,2,70,77,24598,31698,0,CAPACITY_EXCEEDED,INVALID
4623,2,70,78,24378,31478,0,CAPACITY_EXCEEDED,INVALID
4624,2,70,79,24603,31703,0,CAPACITY_EXCEEDED,INVALID
4625,2,70,80,23624,30524,1,FEASIBLE,WORSE
4626,2,70,81,23354,30254,1,FEASIBLE,WORSE
4627,2,70,82,24610,31710,0,CAPACITY_EXCEEDED,INVALID
4628,2,70,83,24419,31519,0,CAPACITY_EXCEEDED,INVALID
4629,2,70,84,23232,30132,1,FEASIBLE,WORSE
4630,2,70,85,24587,31687,0,CAPACITY_EXCEEDED,INVALID
4631,2,70,86,23022,29922,1,FEASIBLE,WORSE
4632,2,70,87,24461,31561,0,CAPACITY_EXCEEDED,INVALID
4633,2,70,88,23349,30249,1,FEASIBLE,WORSE
4634,2,70,89,23451,30351,1,FEASIBLE,WORSE
4635,2,70,90,23198,30098,1,FEASIBLE,WORSE
4636,2,70,91,23506,30406,1,FEASIBLE,WORSE
4637,2,70,92,23261,30161,1,FEASIBLE,WORSE
4638,2,70,93,24605,31705,0,CAPACITY_EXCEEDED,INVALID
4639,2,70,94,23311,30211,1,FEASIBLE,WORSE
4640,2,70,95,23633,30533,1,FEASIBLE,WORSE
4641,2,70,96,23598,30498,1,FEASIBLE,WORSE
4642,2,70,97,23473,30373,1,FEASIBLE,WORSE
4643,2,70,98,24427,31527,0,CAPACITY_EXCEEDED,INVALID
4644,2,70,99,23280,30180,1,FEASIBLE,WORSE
4645,2,71,72,23371,30271,1,FEASIBLE,WORSE
4646,2,71,73,23089,29989,1,FEASIBLE,WORSE
4647,2,71,74,23506,30406,1,FEASIBLE,WORSE
4648,2,71,75,22851,29751,1,FEASIBLE,WORSE
4649,2,71,76,24445,31545,0,CAPACITY_EXCEEDED,INVALID
4650,2,71,77,24504,31604,0,CAPACITY_EXCEEDED,INVALID
4651,2,71,78,24284,31384,0,CAPACITY_EXCEEDED,INVALID
4652,2,71,79,24509,31609,0,CAPACITY_EXCEEDED,INVALID
4653,2,71,80,23530,30430,1,FEASIBLE,WORSE
4654,2,71,81,23260,30160,1,FEASIBLE,WORSE
4655,2,71,82,24516,31616,0,CAPACITY_EXCEEDED,INVALID
4656,2,71,83,24325,31425,0,CAPACITY_EXCEEDED,INVALID
4657,2,71,84,23138,30038,1,FEASIBLE,WORSE
4658,2,71,85,24493,31593,0,CAPACITY_EXCEEDED,INVALID
4659,2,71,86,22928,29828,1,FEASIBLE,WORSE
4660,2,71,87,24367,31467,0,CAPACITY_EXCEEDED,INVALID
4661,2,71,88,23255,30155,1,FEASIBLE,WORSE
4662,2,71,89,23357,30257,1,FEASIBLE,WORSE
4663,2,71,90,23104,30004,1,FEASIBLE,WORSE
4664,2,71,91,23412,30312,1,FEASIBLE,WORSE
4665,2,71,92,23167,30067,1,FEASIBLE,WORSE
4666,2,71,93,24511,31611,0,CAPACITY_EXCEEDED,INVALID
4667,2,71,94,23217,30117,1,FEASIBLE,WORSE
4668,2,71,95,23539,30439,1,FEASIBLE,WORSE
4669,2,71,96,23504,30404,1,FEASIBLE,WORSE
4670,2,71,97,23379,30279,1,FEASIBLE,WORSE
4671,2,71,98,24333,31433,0,CAPACITY_EXCEEDED,INVALID
4672,2,71,99,23186,30086,1,FEASIBLE,WORSE
4673,2,72,73,23243,30143,1,FEASIBLE,WORSE
4674,2,72,74,23660,30560,1,FEASIBLE,WORSE
4675,2,72,75,23005,29905,1,FEASIBLE,WORSE
4676,2,72,76,24599,31699,0,CAPACITY_EXCEEDED,INVALID
4677,2,72,77,24658,31758,0,CAPACITY_EXCEEDED,INVALID
4678,2,72,78,24438,31538,0,CAPACITY_EXCEEDED,INVALID
4679,2,72,79,24663,31763,0,CAPACITY_EXCEEDED,INVALID
4680,2,72,80,23684,30584,1,FEASIBLE,WORSE
4681,2,72,81,23414,30314,1,FEASIBLE,WORSE
4682,2,72,82,24670,31770,0,CAPACITY_EXCEEDED,INVALID
4683,2,72,83,24479,31579,0,CAPACITY_EXCEEDED,INVALID
4684,2,72,84,23292,30192,1,FEASIBLE,WORSE
4685,2,72,85,24647,31747,0,CAPACITY_EXCEEDED,INVALID
4686,2,72,86,23082,29982,1,FEASIBLE,WORSE
4687,2,72,87,24521,31621,0,CAPACITY_EXCEEDED,INVALID
4688,2,72,88,23409,30309,1,FEASIBLE,WORSE
4689,2,72,89,23511,30411,1,FEASIBLE,WORSE
4690,2,72,90,23258,30158,1,FEASIBLE,WORSE
4691,2,72,91,23566,30466,1,FEASIBLE,WORSE
4692,2,72,92,23321,30221,1,FEASIBLE,WORSE
4693,2,72,93,24665,31765,0,CAPACITY_EXCEEDED,INVALID
4694,2,72,94,23371,30271,1,FEASIBLE,WORSE
4695,2,72,95,23693,30593,1,FEASIBLE,WORSE
4696,2,72,96,23658,30558,1,FEASIBLE,WORSE
4697,2,72,97,23533,30433,1,FEASIBLE,WORSE
4698,2,72,98,24487,31587,0,CAPACITY_EXCEEDED,INVALID
4699,2,72,99,23340,30240,1,FEASIBLE,WORSE
4700,2,73,74,23378,30278,1,FEASIBLE,WORSE
4701,2,73,75,22723,29623,1,FEASIBLE,WORSE
4702,2,73,76,24317,31417,0,CAPACITY_EXCEEDED,INVALID
4703,2,73,77,24376,31476,0,CAPACITY_EXCEEDED,INVALID
4704,2,73,78,24156,31256,0,CAPACITY_EXCEEDED,INVALID
4705,2,73,79,24381,31481,0,CAPACITY_EXCEEDED,INVALID
4706,2,73,80,23402,30302,1,FEASIBLE,WORSE
4707,2,73,81,23132,30032,1,FEASIBLE,WORSE
4708,2,73,82,24388,31488,0,CAPACITY_EXCEEDED,INVALID
4709,2,73,83,24197,31297,0,CAPACITY_EXCEEDED,INVALID
4710,2,73,84,23010,29910,1,FEASIBLE,WORSE
4711,2,73,85,24365,31465,0,CAPACITY_EXCEEDED,INVALID
4712,2,73,86,22800,29700,1,FEASIBLE,WORSE
4713,2,73,87,24239,31339,0,CAPACITY_EXCEEDED,INVALID
4714,2,73,88,23127,30027,1,FEASIBLE,WORSE
4715,2,73,89,23229,30129,1,FEASIBLE,WORSE
4716,2,73,90,22976,29876,1,FEASIBLE,WORSE
4717,2,73,91,23284,30184,1,FEASIBLE,WORSE
4718,2,73,92,23039,29939,1,FEASIBLE,WORSE
4719,2,73,93,24383,31483,0,CAPACITY_EXCEEDED,INVALID
4720,2,73,94,23089,29989,1,FEASIBLE,WORSE
4721,2,73,95,23411,30311,1,FEASIBLE,WORSE
4722,2,73,96,23376,30276,1,FEASIBLE,WORSE
4723,2,73,97,23251,30151,1,FEASIBLE,WORSE
4724,2,73,98,24205,31305,0,CAPACITY_EXCEEDED,INVALID
4725,2,73,99,23058,29958,1,FEASIBLE,WORSE
4726,2,74,75,23140,30040,1,FEASIBLE,WORSE
4727,2,74,76,24734,31834,0,CAPACITY_EXCEEDED,INVALID
4728,2,74,77,24793,31893,0,CAPACITY_EXCEEDED,INVALID
4729,2,74,78,24573,31673,0,CAPACITY_EXCEEDED,INVALID
4730,2,74,79,24798,31898,0,CAPACITY_EXCEEDED,INVALID
4731,2,74,80,23819,30719,1,FEASIBLE,WORSE
4732,2,74,81,23549,30449,1,FEASIBLE,WORSE
4733,2,74,82,24805,31905,0,CAPACITY_EXCEEDED,INVALID
4734,2,74,83,24614,31714,0,CAPACITY_EXCEEDED,INVALID
4735,2,74,84,23427,30327,1,FEASIBLE,WORSE
4736,2,74,85,24782,31882,0,CAPACITY_EXCEEDED,INVALID
4737,2,74,86,23217,30117,1,FEASIBLE,WORSE
4738,2,74,87,24656,31756,0,CAPACITY_EXCEEDED,INVALID
4739,2,74,88,23544,30444,1,FEASIBLE,WORSE
4740,2,74,89,23646,30546,1,FEASIBLE,WORSE
4741,2,74,90,23393,30293,1,FEASIBLE,WORSE
4742,2,74,91,23701,30601,1,FEASIBLE,WORSE
4743,2,74,92,23456,30356,1,FEASIBLE,WORSE
4744,2,74,93,24800,31900,0,CAPACITY_EXCEEDED,INVALID
4745,2,74,94,23506,30406,1,FEASIBLE,WORSE
4746,2,74,95,23828,30728,1,FEASIBLE,WORSE
4747,2,74,96,23793,30693,1,FEASIBLE,WORSE
4748,2,74,97,23668,30568,1,FEASIBLE,WORSE
4749,2,74,98,24622,31722,0,CAPACITY_EXCEEDED,INVALID
4750,2,74,99,23475,30375,1,FEASIBLE,WORSE
4751,2,75,76,24079,31179,0,CAPACITY_EXCEEDED,INVALID
4752,2,75,77,24138,31238,0,CAPACITY_EXCEEDED,INVALID
4753,2,75,78,23918,31018,0,CAPACITY_EXCEEDED,INVALID
4754,2,75,79,24143,31243,0,CAPACITY_EXCEEDED,INVALID
4755,2,75,80,23164,30064,1,FEASIBLE,WORSE
4756,2,75,81,22894,29794,1,FEASIBLE,WORSE
4757,2,75,82,24150,31250,0,CAPACITY_EXCEEDED,INVALID
4758,2,75,83,23959,31059,0,CAPACITY_EXCEEDED,INVALID
4759,2,75,84,22772,29672,1,FEASIBLE,WORSE
4760,2,75,85,24127,31227,0,CAPACITY_EXCEEDED,INVALID
4761,2,75,86,22562,29462,1,FEASIBLE,WORSE
4762,2,75,87,24001,31101,0,CAPACITY_EXCEEDED,INVALID
4763,2,75,88,22889,29789,1,FEASIBLE,WORSE
4764,2,75,89,22991,29891,1,FEASIBLE,WORSE
4765,2,75,90,22738,29638,1,FEASIBLE,WORSE
4766,2,75,91,23046,29946,1,FEASIBLE,WORSE
4767,2,75,92,22801,29701,1,FEASIBLE,WORSE
4768,2,75,93,24145,31245,0,CAPACITY_EXCEEDED,INVALID
4769,2,75,94,22851,29751,1,FEASIBLE,WORSE
4770,2,75,95,23173,30073,1,FEASIBLE,WORSE
4771,2,75,96,23138,30038,1,FEASIBLE,WORSE
4772,2,75,97,23013,29913,1,FEASIBLE,WORSE
4773,2,75,98,23967,31067,0,CAPACITY_EXCEEDED,INVALID
4774,2,75,99,22820,29720,1,FEASIBLE,WORSE
4775,2,76,77,25732,33032,0,CAPACITY_EXCEEDED,INVALID
4776,2,76,78,25512,32812,0,CAPACITY_EXCEEDED,INVALID
4777,2,76,79,25737,33037,0,CAPACITY_EXCEEDED,INVALID
4778,2,76,80,24758,31858,0,CAPACITY_EXCEEDED,INVALID
4779,2,76,81,24488,31588,0,CAPACITY_EXCEEDED,INVALID
4780,2,76,82,25744,33044,0,CAPACITY_EXCEEDED,INVALID
4781,2,76,83,25553,32853,0,CAPACITY_EXCEEDED,INVALID
4782,2,76,84,24366,31466,0,CAPACITY_EXCEEDED,INVALID
4783,2,76,85,25721,33021,0,CAPACITY_EXCEEDED,INVALID
4784,2,76,86,24156,31256,0,CAPACITY_EXCEEDED,INVALID
4785,2,76,87,25595,32895,0,CAPACITY_EXCEEDED,INVALID
4786,2,76,88,24483,31583,0,CAPACITY_EXCEEDED,INVALID
4787,2,76,89,24585,31685,0,CAPACITY_EXCEEDED,INVALID
4788,2,76,90,24332,31432,0,CAPACITY_EXCEEDED,INVALID
4789,2,76,91,24640,31740,0,CAPACITY_EXCEEDED,INVALID
4790,2,76,92,24395,31495,0,CAPACITY_EXCEEDED,INVALID
4791,2,76,93,25739,33039,0,CAPACITY_EXCEEDED,INVALID
4792,2,76,94,24445,31545,0,CAPACITY_EXCEEDED,INVALID
4793,2,76,95,24767,31867,0,CAPACITY_EXCEEDED,INVALID
4794,2,76,96,24732,31832,0,CAPACITY_EXCEEDED,INVALID
4795,2,76,97,24607,31707,0,CAPACITY_EXCEEDED,INVALID
4796,2,76,98,25561,32861,0,CAPACITY_EXCEEDED,INVALID
4797,2,76,99,24414,31514,0,CAPACITY_EXCEEDED,INVALID
4798,2,77,78,25571,32871,0,CAPACITY_EXCEEDED,INVALID
4799,2,77,79,25796,33096,0,CAPACITY_EXCEEDED,INVALID
4800,2,77,80,24817,31917,0,CAPACITY_EXCEEDED,INVALID
4801,2,77,81,24547,31647,0,CAPACITY_EXCEEDED,INVALID
4802,2,77,82,25803,33103,0,CAPACITY_EXCEEDED,INVALID
4803,2,77,83,25612,32912,0,CAPACITY_EXCEEDED,INVALID
4804,2,77,84,24425,31525,0,CAPACITY_EXCEEDED,INVALID
4805,2,77,85,25780,33080,0,CAPACITY_EXCEEDED,INVALID
4806,2,77,86,24215,31315,0,CAPACITY_EXCEEDED,INVALID
4807,2,77,87,25654,32954,0,CAPACITY_EXCEEDED,INVALID
4808,2,77,88,24542,31642,0,CAPACITY_EXCEEDED,INVALID
4809,2,77,89,24644,31744,0,CAPACITY_EXCEEDED,INVALID
4810,2,77,90,24391,31491,0,CAPACITY_EXCEEDED,INVALID
4811,2,77,91,24699,31799,0,CAPACITY_EXCEEDED,INVALID
4812,2,77,92,24454,31554,0,CAPACITY_EXCEEDED,INVALID
4813,2,77,93,25798,33098,0,CAPACITY_EXCEEDED,INVALID
4814,2,77,94,24504,31604,0,CAPACITY_EXCEEDED,INVALID
4815,2,77,95,24826,31926,0,CAPACITY_EXCEEDED,INVALID
4816,2,77,96,24791,31891,0,CAPACITY_EXCEEDED,INVALID
4817,2,77,97,24666,31766,0,CAPACITY_EXCEEDED,INVALID
4818,2,77,98,25620,32920,0,CAPACITY_EXCEEDED,INVALID
4819,2,77,99,24473,31573,0,CAPACITY_EXCEEDED,INVALID
4820,2,78,79,25576,32876,0,CAPACITY_EXCEEDED,INVALID
4821,2,78,80,24597,31697,0,CAPACITY_EXCEEDED,INVALID
4822,2,78,81,24327,31427,0,CAPACITY_EXCEEDED,INVALID
4823,2,78,82,25583,32883,0,CAPACITY_EXCEEDED,INVALID
4824,2,78,83,25392,32692,0,CAPACITY_EXCEEDED,INVALID
4825,2,78,84,24205,31305,0,CAPACITY_EXCEEDED,INVALID
4826,2,78,85,25560,32860,0,CAPACITY_EXCEEDED,INVALID
4827,2,78,86,23995,31095,0,CAPACITY_EXCEEDED,INVALID
4828,2,78,87,25434,32734,0,CAPACITY_EXCEEDED,INVALID
4829,2,78,88,24322,31422,0,CAPACITY_EXCEEDED,INVALID
4830,2,78,89,24424,31524,0,CAPACITY_EXCEEDED,INVALID
4831,2,78,90,24171,31271,0,CAPACITY_EXCEEDED,INVALID
4832,2,78,91,24479,31579,0,CAPACITY_EXCEEDED,INVALID
4833,2,78,92,24234,31334,0,CAPACITY_EXCEEDED,INVALID
4834,2,78,93,25578,32878,0,CAPACITY_EXCEEDED,INVALID
4835,2,78,94,24284,31384,0,CAPACITY_EXCEEDED,INVALID
4836,2,78,95,24606,31706,0,CAPACITY_EXCEEDED,INVALID
4837,2,78,96,24571,31671,0,CAPACITY_EXCEEDED,INVALID
4838,2,78,97,24446,31546,0,CAPACITY_EXCEEDED,INVALID
4839,2,78,98,25400,32700,0,CAPACITY_EXCEEDED,INVALID
4840,2,78,99,24253,31353,0,CAPACITY_EXCEEDED,INVALID
4841,2,79,80,24822,31922,0,CAPACITY_EXCEEDED,INVALID
4842,2,79,81,24552,31652,0,CAPACITY_EXCEEDED,INVALID
4843,2,79,82,25808,33108,0,CAPACITY_EXCEEDED,INVALID
4844,2,79,83,25617,32917,0,CAPACITY_EXCEEDED,INVALID
4845,2,79,84,24430,31530,0,CAPACITY_EXCEEDED,INVALID
4846,2,79,85,25785,33085,0,CAPACITY_EXCEEDED,INVALID
4847,2,79,86,24220,31320,0,CAPACITY_EXCEEDED,INVALID
4848,2,79,87,25659,32959,0,CAPACITY_EXCEEDED,INVALID
4849,2,79,88,24547,31647,0,CAPACITY_EXCEEDED,INVALID
4850,2,79,89,24649,31749,0,CAPACITY_EXCEEDED,INVALID
4851,2,79,90,24396,31496,0,CAPACITY_EXCEEDED,INVALID
4852,2,79,91,24704,31804,0,CAPACITY_EXCEEDED,INVALID
4853,2,79,92,24459,31559,0,CAPACITY_EXCEEDED,INVALID
4854,2,79,93,25803,33103,0,CAPACITY_EXCEEDED,INVALID
4855,2,79,94,24509,31609,0,CAPACITY_EXCEEDED,INVALID
4856,2,79,95,24831,31931,0,CAPACITY_EXCEEDED,INVALID
4857,2,79,96,24796,31896,0,CAPACITY_EXCEEDED,INVALID
4858,2,79,97,24671,31771,0,CAPACITY_EXCEEDED,INVALID
4859,2,79,98,25625,32925,0,CAPACITY_EXCEEDED,INVALID
4860,2,79,99,24478,31578,0,CAPACITY_EXCEEDED,INVALID
4861,2,80,81,23573,30473,1,FEASIBLE,WORSE
4862,2,80,82,24829,31929,0,CAPACITY_EXCEEDED,INVALID
4863,2,80,83,24638,31738,0,CAPACITY_EXCEEDED,INVALID
4864,2,80,84,23451,30351,1,FEASIBLE,WORSE
4865,2,80,85,24806,31906,0,CAPACITY_EXCEEDED,INVALID
4866,2,80,86,23241,30141,1,FEASIBLE,WORSE
4867,2,80,87,24680,31780,0,CAPACITY_EXCEEDED,INVALID
4868,2,80,88,23568,30468,1,FEASIBLE,WORSE
4869,2,80,89,23670,30570,1,FEASIBLE,WORSE
4870,2,80,90,23417,30317,1,FEASIBLE,WORSE
4871,2,80,91,23725,30625,1,FEASIBLE,WORSE
4872,2,80,92,23480,30380,1,FEASIBLE,WORSE
4873,2,80,93,24824,31924,0,CAPACITY_EXCEEDED,INVALID
4874,2,80,94,23530,30430,1,FEASIBLE,WORSE
4875,2,80,95,23852,30752,1,FEASIBLE,WORSE
4876,2,80,96,23817,30717,1,FEASIBLE,WORSE
4877,2,80,97,23692,30592,1,FEASIBLE,WORSE
4878,2,80,98,24646,31746,0,CAPACITY_EXCEEDED,INVALID
4879,2,80,99,23499,30399,1,FEASIBLE,WORSE
4880,2,81,82,24559,31659,0,CAPACITY_EXCEEDED,INVALID
4881,2,81,83,24368,31468,0,CAPACITY_EXCEEDED,INVALID
4882,2,81,84,23181,30081,1,FEASIBLE,WORSE
4883,2,81,85,24536,31636,0,CAPACITY_EXCEEDED,INVALID
4884,2,81,86,22971,29871,1,FEASIBLE,WORSE
4885,2,81,87,24410,31510,0,CAPACITY_EXCEEDED,INVALID
4886,2,81,88,23298,30198,1,FEASIBLE,WORSE
4887,2,81,89,23400,30300,1,FEASIBLE,WORSE
4888,2,81,90,23147,30047,1,FEASIBLE,WORSE
4889,2,81,91,23455,30355,1,FEASIBLE,WORSE
4890,2,81,92,23210,30110,1,FEASIBLE,WORSE
4891,2,81,93,24554,31654,0,CAPACITY_EXCEEDED,INVALID
4892,2,81,94,23260,30160,1,FEASIBLE,WORSE
4893,2,81,95,23582,30482,1,FEASIBLE,WORSE
4894,2,81,96,23547,30447,1,FEASIBLE,WORSE
4895,2,81,97,23422,30322,1,FEASIBLE,WORSE
4896,2,81,98,24376,31476,0,CAPACITY_EXCEEDED,INVALID
4897,2,81,99,23229,30129,1,FEASIBLE,WORSE
4898,2,82,83,25624,32924,0,CAPACITY_EXCEEDED,INVALID
4899,2,82,84,24437,31537,0,CAPACITY_EXCEEDED,INVALID
4900,2,82,85,25792,33092,0,CAPACITY_EXCEEDED,INVALID
4901,2,82,86,24227,31327,0,CAPACITY_EXCEEDED,INVALID
4902,2,82,87,25666,32966,0,CAPACITY_EXCEEDED,INVALID
4903,2,82,88,24554,31654,0,CAPACITY_EXCEEDED,INVALID
4904,2,82,89,24656,31756,0,CAPACITY_EXCEEDED,INVALID
4905,2,82,90,24403,31503,0,CAPACITY_EXCEEDED,INVALID
4906,2,82,91,24711,31811,0,CAPACITY_EXCEEDED,INVALID
4907,2,82,92,24466,31566,0,CAPACITY_EXCEEDED,INVALID
4908,2,82,93,25810,33110,0,CAPACITY_EXCEEDED,INVALID
4909,2,82,94,24516,31616,0,CAPACITY_EXCEEDED,INVALID
4910,2,82,95,24838,31938,0,CAPACITY_EXCEEDED,INVALID
4911,2,82,96,24803,31903,0,CAPACITY_EXCEEDED,INVALID
4912,2,82,97,24678,31778,0,CAPACITY_EXCEEDED,INVALID
4913,2,82,98,25632,32932,0,CAPACITY_EXCEEDED,INVALID
4914,2,82,99,24485,31585,0,CAPACITY_EXCEEDED,INVALID
4915,2,83,84,24246,31346,0,CAPACITY_EXCEEDED,INVALID
4916,2,83,85,25601,32901,0,CAPACITY_EXCEEDED,INVALID
4917,2,83,86,24036,31136,0,CAPACITY_EXCEEDED,INVALID
4918,2,83,87,25475,32775,0,CAPACITY_EXCEEDED,INVALID
4919,2,83,88,24363,31463,0,CAPACITY_EXCEEDED,INVALID
4920,2,83,89,24465,31565,0,CAPACITY_EXCEEDED,INVALID
4921,2,83,90,24212,31312,0,CAPACITY_EXCEEDED,INVALID
4922,2,83,91,24520,31620,0,CAPACITY_EXCEEDED,INVALID
4923,2,83,92,24275,31375,0,CAPACITY_EXCEEDED,INVALID
4924,2,83,93,25619,32919,0,CAPACITY_EXCEEDED,INVALID
4925,2,83,94,24325,31425,0,CAPACITY_EXCEEDED,INVALID
4926,2,83,95,24647,31747,0,CAPACITY_EXCEEDED,INVALID
4927,2,83,96,24612,31712,0,CAPACITY_EXCEEDED,INVALID
4928,2,83,97,24487,31587,0,CAPACITY_EXCEEDED,INVALID
4929,2,83,98,25441,32741,0,CAPACITY_EXCEEDED,INVALID
4930,2,83,99,24294,31394,0,CAPACITY_EXCEEDED,INVALID
4931,2,84,85,24414,31514,0,CAPACITY_EXCEEDED,INVALID
4932,2,84,86,22849,29749,1,FEASIBLE,WORSE
4933,2,84,87,24288,31388,0,CAPACITY_EXCEEDED,INVALID
4934,2,84,88,23176,30076,1,FEASIBLE,WORSE
4935,2,84,89,23278,30178,1,FEASIBLE,WORSE
4936,2,84,90,23025,29925,1,FEASIBLE,WORSE
4937,2,84,91,23333,30233,1,FEASIBLE,WORSE
4938,2,84,92,23088,29988,1,FEASIBLE,WORSE
4939,2,84,93,24432,31532,0,CAPACITY_EXCEEDED,INVALID
4940,2,84,94,23138,30038,1,FEASIBLE,WORSE
4941,2,84,95,23460,30360,1,FEASIBLE,WORSE
4942,2,84,96,23425,30325,1,FEASIBLE,WORSE
4943,2,84,97,23300,30200,1,FEASIBLE,WORSE
4944,2,84,98,24254,31354,0,CAPACITY_EXCEEDED,INVALID
4945,2,84,99,23107,30007,1,FEASIBLE,WORSE
4946,2,85,86,24204,31304,0,CAPACITY_EXCEEDED,INVALID
4947,2,85,87,25643,32943,0,CAPACITY_EXCEEDED,INVALID
4948,2,85,88,24531,31631,0,CAPACITY_EXCEEDED,INVALID
4949,2,85,89,24633,31733,0,CAPACITY_EXCEEDED,INVALID
4950,2,85,90,24380,31480,0,CAPACITY_EXCEEDED,INVALID
4951,2,85,91,24688,31788,0,CAPACITY_EXCEEDED,INVALID
4952,2,85,92,24443,31543,0,CAPACITY_EXCEEDED,INVALID
4953,2,85,93,25787,33087,0,CAPACITY_EXCEEDED,INVALID
4954,2,85,94,24493,31593,0,CAPACITY_EXCEEDED,INVALID
4955,2,85,95,24815,31915,0,CAPACITY_EXCEEDED,INVALID
4956,2,85,96,24780,31880,0,CAPACITY_EXCEEDED,INVALID
4957,2,85,97,24655,31755,0,CAPACITY_EXCEEDED,INVALID
4958,2,85,98,25609,32909,0,CAPACITY_EXCEEDED,INVALID
4959,2,85,99,24462,31562,0,CAPACITY_EXCEEDED,INVALID
4960,2,86,87,24078,31178,0,CAPACITY_EXCEEDED,INVALID
4961,2,86,88,22966,29866,1,FEASIBLE,WORSE
4962,2,86,89,23068,29968,1,FEASIBLE,WORSE
4963,2,86,90,22815,29715,1,FEASIBLE,WORSE
4964,2,86,91,23123,30023,1,FEASIBLE,WORSE
4965,2,86,92,22878,29778,1,FEASIBLE,WORSE
4966,2,86,93,24222,31322,0,CAPACITY_EXCEEDED,INVALID
4967,2,86,94,22928,29828,1,FEASIBLE,WORSE
4968,2,86,95,23250,30150,1,FEASIBLE,WORSE
4969,2,86,96,23215,30115,1,FEASIBLE,WORSE
4970,2,86,97,23090,29990,1,FEASIBLE,WORSE
4971,2,86,98,24044,31144,0,CAPACITY_EXCEEDED,INVALID
4972,2,86,99,22897,29797,1,FEASIBLE,WORSE
4973,2,87,88,24405,31505,0,CAPACITY_EXCEEDED,INVALID
4974,2,87,89,24507,31607,0,CAPACITY_EXCEEDED,INVALID
4975,2,87,90,24254,31354,0,CAPACITY_EXCEEDED,INVALID
4976,2,87,91,24562,31662,0,CAPACITY_EXCEEDED,INVALID
4977,2,87,92,24317,31417,0,CAPACITY_EXCEEDED,INVALID
4978,2,87,93,25661,32961,0,CAPACITY_EXCEEDED,INVALID
4979,2,87,94,24367,31467,0,CAPACITY_EXCEEDED,INVALID
4980,2,87,95,24689,31789,0,CAPACITY_EXCEEDED,INVALID
4981,2,87,96,24654,31754,0,CAPACITY_EXCEEDED,INVALID
4982,2,87,97,24529,31629,0,CAPACITY_EXCEEDED,INVALID
4983,2,87,98,25483,32783,0,CAPACITY_EXCEEDED,INVALID
4984,2,87,99,24336,31436,0,CAPACITY_EXCEEDED,INVALID
4985,2,88,89,23395,30295,1,FEASIBLE,WORSE
4986,2,88,90,23142,30042,1,FEASIBLE,WORSE
4987,2,88,91,23450,30350,1,FEASIBLE,WORSE
4988,2,88,92,23205,30105,1,FEASIBLE,WORSE
4989,2,88,93,24549,31649,0,CAPACITY_EXCEEDED,INVALID
4990,2,88,94,23255,30155,1,FEASIBLE,WORSE
4991,2,88,95,23577,30477,1,FEASIBLE,WORSE
4992,2,88,96,23542,30442,1,FEASIBLE,WORSE
4993,2,88,97,23417,30317,1,FEASIBLE,WORSE
4994,2,88,98,24371,31471,0,CAPACITY_EXCEEDED,INVALID
4995,2,88,99,23224,30124,1,FEASIBLE,WORSE
4996,2,89,90,23244,30144,1,FEASIBLE,WORSE
4997,2,89,91,23552,30452,1,FEASIBLE,WORSE
4998,2,89,92,23307,30207,1,FEASIBLE,WORSE
4999,2,89,93,24651,31751,0,CAPACITY_EXCEEDED,INVALID
5000,2,89,94,23357,30257,1,FEASIBLE,WORSE
5001,2,89,95,23679,30579,1,FEASIBLE,WORSE
5002,2,89,96,23644,30544,1,FEASIBLE,WORSE
5003,2,89,97,23519,30419,1,FEASIBLE,WORSE
5004,2,89,98,24473,31573,0,CAPACITY_EXCEEDED,INVALID
5005,2,89,99,23326,30226,1,FEASIBLE,WORSE
5006,2,90,91,23299,30199,1,FEASIBLE,WORSE
5007,2,90,92,23054,29954,1,FEASIBLE,WORSE
5008,2,90,93,24398,31498,0,CAPACITY_EXCEEDED,INVALID
5009,2,90,94,23104,30004,1,FEASIBLE,WORSE
5010,2,90,95,23426,30326,1,FEASIBLE,WORSE
5011,2,90,96,23391,30291,1,FEASIBLE,WORSE
5012,2,90,97,23266,30166,1,FEASIBLE,WORSE
5013,2,90,98,24220,31320,0,CAPACITY_EXCEEDED,INVALID
5014,2,90,99,23073,29973,1,FEASIBLE,WORSE
5015,2,91,92,23362,30262,1,FEASIBLE,WORSE
5016,2,91,93,24706,31806,0,CAPACITY_EXCEEDED,INVALID
5017,2,91,94,23412,30312,1,FEASIBLE,WORSE
5018,2,91,95,23734,30634,1,FEASIBLE,WORSE
5019,2,91,96,23699,30599,1,FEASIBLE,WORSE
5020,2,91,97,23574,30474,1,FEASIBLE,WORSE
5021,2,91,98,24528,31628,0,CAPACITY_EXCEEDED,INVALID
5022,2,91,99,23381,30281,1,FEASIBLE,WORSE
5023,2,92,93,24461,31561,0,CAPACITY_EXCEEDED,INVALID
5024,2,92,94,23167,30067,1,FEASIBLE,WORSE
5025,2,92,95,23489,30389,1,FEASIBLE,WORSE
5026,2,92,96,23454,30354,1,FEASIBLE,WORSE
5027,2,92,97,23329,30229,1,FEASIBLE,WORSE
5028,2,92,98,24283,31383,0,CAPACITY_EXCEEDED,INVALID
5029,2,92,99,23136,30036,1,FEASIBLE,WORSE
5030,2,93,94,24511,31611,0,CAPACITY_EXCEEDED,INVALID
5031,2,93,95,24833,31933,0,CAPACITY_EXCEEDED,INVALID
5032,2,93,96,24798,31898,0,CAPACITY_EXCEEDED,INVALID
5033,2,93,97,24673,31773,0,CAPACITY_EXCEEDED,INVALID
5034,2,93,98,25627,32927,0,CAPACITY_EXCEEDED,INVALID
5035,2,93,99,24480,31580,0,CAPACITY_EXCEEDED,INVALID
5036,2,94,95,23539,30439,1,FEASIBLE,WORSE
5037,2,94,96,23504,30404,1,FEASIBLE,WORSE
5038,2,94,97,23379,30279,1,FEASIBLE,WORSE
5039,2,94,98,24333,31433,0,CAPACITY_EXCEEDED,INVALID
5040,2,94,99,23186,30086,1,FEASIBLE,WORSE
5041,2,95,96,23826,30726,1,FEASIBLE,WORSE
5042,2,95,97,23701,30601,1,FEASIBLE,WORSE
5043,2,95,98,24655,31755,0,CAPACITY_EXCEEDED,INVALID
5044,2,95,99,23508,30408,1,FEASIBLE,WORSE
5045,2,96,97,23666,30566,1,FEASIBLE,WORSE
5046,2,96,98,24620,31720,0,CAPACITY_EXCEEDED,INVALID
5047,2,96,99,23473,30373,1,FEASIBLE,WORSE
5048,2,97,98,24495,31595,0,CAPACITY_EXCEEDED,INVALID
5049,2,97,99,23348,30248,1,FEASIBLE,WORSE
5050,2,98,99,24302,31402,0,CAPACITY_EXCEEDED,INVALID
