neighbor_index,distance,flip_i,flip_j,weight,profit,feasible,reason,comparison
1,1,0,,29862,36562,0,CAPACITY_EXCEEDED,INVALID
2,1,1,,29775,36475,0,CAPACITY_EXCEEDED,INVALID
3,1,2,,28596,35096,1,FEASIBLE,WORSE
4,1,3,,28758,35258,1,FEASIBLE,WORSE
5,1,4,,28505,35005,1,FEASIBLE,WORSE
6,1,5,,28612,35112,1,FEASIBLE,WORSE
7,1,6,,29801,36501,0,CAPACITY_EXCEEDED,INVALID
8,1,7,,28713,35213,1,FEASIBLE,WORSE
9,1,8,,28540,35040,1,FEASIBLE,WORSE
10,1,9,,28433,34933,1,FEASIBLE,WORSE
11,1,10,,29926,36626,0,CAPACITY_EXCEEDED,INVALID
12,1,11,,28512,35012,1,FEASIBLE,WORSE
13,1,12,,28735,35235,1,FEASIBLE,WORSE
14,1,13,,28261,34761,1,FEASIBLE,WORSE
15,1,14,,28398,34898,1,FEASIBLE,WORSE
16,1,15,,28766,35266,1,FEASIBLE,WORSE
17,1,16,,29927,36627,0,CAPACITY_EXCEEDED,INVALID
18,1,17,,30000,36700,0,CAPACITY_EXCEEDED,INVALID
19,1,18,,29828,36528,0,CAPACITY_EXCEEDED,INVALID
20,1,19,,29920,36620,0,CAPACITY_EXCEEDED,INVALID
21,1,20,,28706,35206,1,FEASIBLE,WORSE
22,1,21,,28287,34787,1,FEASIBLE,WORSE
23,1,22,,29916,36616,0,CAPACITY_EXCEEDED,INVALID
24,1,23,,28333,34833,1,FEASIBLE,WORSE
25,1,24,,28544,35044,1,FEASIBLE,WORSE
26,1,25,,28916,35416,1,FEASIBLE,WORSE
27,1,26,,28582,35082,1,FEASIBLE,WORSE
28,1,27,,28406,34906,1,FEASIBLE,WORSE
29,1,28,,28103,34603,1,FEASIBLE,WORSE
30,1,29,,29984,36684,0,CAPACITY_EXCEEDED,INVALID
31,1,30,,28539,35039,1,FEASIBLE,WORSE
32,1,31,,29883,36583,0,CAPACITY_EXCEEDED,INVALID
33,1,32,,28756,35256,1,FEASIBLE,WORSE
34,1,33,,29823,36523,0,CAPACITY_EXCEEDED,INVALID
35,1,34,,28468,34968,1,FEASIBLE,WORSE
36,1,35,,29002,35502,1,FEASIBLE,WORSE
37,1,36,,28297,34797,1,FEASIBLE,WORSE
38,1,37,,28618,35118,1,FEASIBLE,WORSE
39,1,38,,29842,36542,0,CAPACITY_EXCEEDED,INVALID
40,1,39,,29686,36386,0,CAPACITY_EXCEEDED,INVALID
41,1,40,,29015,35515,1,FEASIBLE,WORSE
42,1,41,,28523,35023,1,FEASIBLE,WORSE
43,1,42,,29885,36585,0,CAPACITY_EXCEEDED,INVALID
44,1,43,,28773,35273,1,FEASIBLE,WORSE
45,1,44,,28691,35191,1,FEASIBLE,WORSE
46,1,45,,29888,36588,0,CAPACITY_EXCEEDED,INVALID
47,1,46,,28825,35325,1,FEASIBLE,WORSE
48,1,47,,28449,34949,1,FEASIBLE,WORSE
49,1,48,,28778,35278,1,FEASIBLE,WORSE
50,1,49,,29985,36685,0,CAPACITY_EXCEEDED,INVALID
51,1,50,,29821,36521,0,CAPACITY_EXCEEDED,INVALID
52,1,51,,28569,35069,1,FEASIBLE,WORSE
53,1,52,,28936,35436,1,FEASIBLE,WORSE
54,1,53,,28696,35196,1,FEASIBLE,WORSE
55,1,54,,28509,35009,1,FEASIBLE,WORSE
56,1,55,,29950,36650,0,CAPACITY_EXCEEDED,INVALID
57,1,56,,28907,35407,1,FEASIBLE,WORSE
58,1,57,,28465,34965,1,FEASIBLE,WORSE
59,1,58,,28310,34810,1,FEASIBLE,WORSE
60,1,59,,28469,34969,1,FEASIBLE,WORSE
61,1,60,,29832,36532,0,CAPACITY_EXCEEDED,INVALID
62,1,61,,28476,34976,1,FEASIBLE,WORSE
63,1,62,,29981,36681,0,CAPACITY_EXCEEDED,INVALID
64,1,63,,28413,34913,1,FEASIBLE,WORSE
65,1,64,,28429,34929,1,FEASIBLE,WORSE
66,1,65,,28572,35072,1,FEASIBLE,WORSE
67,1,66,,28420,34920,1,FEASIBLE,WORSE
68,1,67,,28632,35132,1,FEASIBLE,WORSE
69,1,68,,28441,34941,1,FEASIBLE,WORSE
70,1,69,,28726,35226,1,FEASIBLE,WORSE
71,1,70,,28827,35327,1,FEASIBLE,WORSE
72,1,71,,28830,35330,1,FEASIBLE,WORSE
73,1,72,,28404,34904,1,FEASIBLE,WORSE
74,1,73,,28360,34860,1,FEASIBLE,WORSE
75,1,74,,28540,35040,1,FEASIBLE,WORSE
76,1,75,,28927,35427,1,FEASIBLE,WORSE
77,1,76,,29775,36475,0,CAPACITY_EXCEEDED,INVALID
78,1,77,,29894,36594,0,CAPACITY_EXCEEDED,INVALID
79,1,78,,29941,36641,0,CAPACITY_EXCEEDED,INVALID
80,1,79,,29860,36560,0,CAPACITY_EXCEEDED,INVALID
81,1,80,,29916,36616,0,CAPACITY_EXCEEDED,INVALID
82,1,81,,29941,36641,0,CAPACITY_EXCEEDED,INVALID
83,1,82,,28476,34976,1,FEASIBLE,WORSE
84,1,83,,28625,35125,1,FEASIBLE,WORSE
85,1,84,,28311,34811,1,FEASIBLE,WORSE
86,1,85,,28741,35241,1,FEASIBLE,WORSE
87,1,86,,29829,36529,0,CAPACITY_EXCEEDED,INVALID
88,1,87,,29867,36567,0,CAPACITY_EXCEEDED,INVALID
89,1,88,,29913,36613,0,CAPACITY_EXCEEDED,INVALID
90,1,89,,28427,34927,1,FEASIBLE,WORSE
91,1,90,,29967,36667,0,CAPACITY_EXCEEDED,INVALID
92,1,91,,28437,34937,1,FEASIBLE,WORSE
93,1,92,,28566,35066,1,FEASIBLE,WORSE
94,1,93,,28356,34856,1,FEASIBLE,WORSE
95,1,94,,30014,36714,0,CAPACITY_EXCEEDED,INVALID
96,1,95,,29934,36634,0,CAPACITY_EXCEEDED,INVALID
97,1,96,,29811,36511,0,CAPACITY_EXCEEDED,INVALID
98,1,97,,28934,35434,1,FEASIBLE,WORSE
99,1,98,,28404,34904,1,FEASIBLE,WORSE
100,1,99,,28530,35030,1,FEASIBLE,WORSE
101,2,0,1,30620,37420,0,CAPACITY_EXCEEDED,INVALID
102,2,0,2,29441,36041,0,CAPACITY_EXCEEDED,INVALID
103,2,0,3,29603,36203,0,CAPACITY_EXCEEDED,INVALID
104,2,0,4,29350,35950,0,CAPACITY_EXCEEDED,INVALID
105,2,0,5,29457,36057,0,CAPACITY_EXCEEDED,INVALID
106,2,0,6,30646,37446,0,CAPACITY_EXCEEDED,INVALID
107,2,0,7,29558,36158,0,CAPACITY_EXCEEDED,INVALID
108,2,0,8,29385,35985,0,CAPACITY_EXCEEDED,INVALID
109,2,0,9,29278,35878,0,CAPACITY_EXCEEDED,INVALID
110,2,0,10,30771,37571,0,CAPACITY_EXCEEDED,INVALID
111,2,0,11,29357,35957,0,CAPACITY_EXCEEDED,INVALID
112,2,0,12,29580,36180,0,CAPACITY_EXCEEDED,INVALID
113,2,0,13,29106,35706,0,CAPACITY_EXCEEDED,INVALID
114,2,0,14,29243,35843,0,CAPACITY_EXCEEDED,INVALID
115,2,0,15,29611,36211,0,CAPACITY_EXCEEDED,INVALID
116,2,0,16,30772,37572,0,CAPACITY_EXCEEDED,INVALID
117,2,0,17,30845,37645,0,CAPACITY_EXCEEDED,INVALID
118,2,0,18,30673,37473,0,CAPACITY_EXCEEDED,INVALID
119,2,0,19,30765,37565,0,CAPACITY_EXCEEDED,INVALID
120,2,0,20,29551,36151,0,CAPACITY_EXCEEDED,INVALID
121,2,0,21,29132,35732,0,CAPACITY_EXCEEDED,INVALID
122,2,0,22,30761,37561,0,CAPACITY_EXCEEDED,INVALID
123,2,0,23,29178,35778,0,CAPACITY_EXCEEDED,INVALID
124,2,0,24,29389,35989,0,CAPACITY_EXCEEDED,INVALID
125,2,0,25,29761,36361,0,CAPACITY_EXCEEDED,INVALID
126,2,0,26,29427,36027,0,CAPACITY_EXCEEDED,INVALID
127,2,0,27,29251,35851,0,CAPACITY_EXCEEDED,INVALID
128,2,0,28,28948,35548,1,FEASIBLE,WORSE
129,2,0,29,30829,37629,0,CAPACITY_EXCEEDED,INVALID
130,2,0,30,29384,35984,0,CAPACITY_EXCEEDED,INVALID
131,2,0,31,30728,37528,0,CAPACITY_EXCEEDED,INVALID
132,2,0,32,29601,36201,0,CAPACITY_EXCEEDED,INVALID
133,2,0,33,30668,37468,0,CAPACITY_EXCEEDED,INVALID
134,2,0,34,29313,35913,0,CAPACITY_EXCEEDED,INVALID
135,2,0,35,29847,36447,0,CAPACITY_EXCEEDED,INVALID
136,2,0,36,29142,35742,0,CAPACITY_EXCEEDED,INVALID
137,2,0,37,29463,36063,0,CAPACITY_EXCEEDED,INVALID
138,2,0,38,30687,37487,0,CAPACITY_EXCEEDED,INVALID
139,2,0,39,30531,37331,0,CAPACITY_EXCEEDED,INVALID
140,2,0,40,29860,36460,0,CAPACITY_EXCEEDED,INVALID
141,2,0,41,29368,35968,0,CAPACITY_EXCEEDED,INVALID
142,2,0,42,30730,37530,0,CAPACITY_EXCEEDED,INVALID
143,2,0,43,29618,36218,0,CAPACITY_EXCEEDED,INVALID
144,2,0,44,29536,36136,0,CAPACITY_EXCEEDED,INVALID
145,2,0,45,30733,37533,0,CAPACITY_EXCEEDED,INVALID
146,2,0,46,29670,36270,0,CAPACITY_EXCEEDED,INVALID
147,2,0,47,29294,35894,0,CAPACITY_EXCEEDED,INVALID
148,2,0,48,29623,36223,0,CAPACITY_EXCEEDED,INVALID
149,2,0,49,30830,37630,0,CAPACITY_EXCEEDED,INVALID
150,2,0,50,30666,37466,0,CAPACITY_EXCEEDED,INVALID
151,2,0,51,29414,36014,0,CAPACITY_EXCEEDED,INVALID
152,2,0,52,29781,36381,0,CAPACITY_EXCEEDED,INVALID
153,2,0,53,29541,36141,0,CAPACITY_EXCEEDED,INVALID
154,2,0,54,29354,35954,0,CAPACITY_EXCEEDED,INVALID
155,2,0,55,30795,37595,0,CAPACITY_EXCEEDED,INVALID
156,2,0,56,29752,36352,0,CAPACITY_EXCEEDED,INVALID
157,2,0,57,29310,35910,0,CAPACITY_EXCEEDED,INVALID
158,2,0,58,29155,35755,0,CAPACITY_EXCEEDED,INVALID
159,2,0,59,29314,35914,0,CAPACITY_EXCEEDED,INVALID
160,2,0,60,30677,37477,0,CAPACITY_EXCEEDED,INVALID
161,2,0,61,29321,35921,0,CAPACITY_EXCEEDED,INVALID
162,2,0,62,30826,37626,0,CAPACITY_EXCEEDED,INVALID
163,2,0,63,29258,35858,0,CAPACITY_EXCEEDED,INVALID
164,2,0,64,29274,35874,0,CAPACITY_EXCEEDED,INVALID
165,2,0,65,29417,36017,0,CAPACITY_EXCEEDED,INVALID
166,2,0,66,29265,35865,0,CAPACITY_EXCEEDED,INVALID
167,2,0,67,29477,36077,0,CAPACITY_EXCEEDED,INVALID
168,2,0,68,29286,35886,0,CAPACITY_EXCEEDED,INVALID
169,2,0,69,29571,36171,0,CAPACITY_EXCEEDED,INVALID
170,2,0,70,29672,36272,0,CAPACITY_EXCEEDED,INVALID
171,2,0,71,29675,36275,0,CAPACITY_EXCEEDED,INVALID
172,2,0,72,29249,35849,0,CAPACITY_EXCEEDED,INVALID
173,2,0,73,29205,35805,0,CAPACITY_EXCEEDED,INVALID
174,2,0,74,29385,35985,0,CAPACITY_EXCEEDED,INVALID
175,2,0,75,29772,36372,0,CAPACITY_EXCEEDED,INVALID
176,2,0,76,30620,37420,0,CAPACITY_EXCEEDED,INVALID
177,2,0,77,30739,37539,0,CAPACITY_EXCEEDED,INVALID
178,2,0,78,30786,37586,0,CAPACITY_EXCEEDED,INVALID
179,2,0,79,30705,37505,0,CAPACITY_EXCEEDED,INVALID
180,2,0,80,30761,37561,0,CAPACITY_EXCEEDED,INVALID
181,2,0,81,30786,37586,0,CAPACITY_EXCEEDED,INVALID
182,2,0,82,29321,35921,0,CAPACITY_EXCEEDED,INVALID
183,2,0,83,29470,36070,0,CAPACITY_EXCEEDED,INVALID
184,2,0,84,29156,35756,0,CAPACITY_EXCEEDED,INVALID
185,2,0,85,29586,36186,0,CAPACITY_EXCEEDED,INVALID
186,2,0,86,30674,37474,0,CAPACITY_EXCEEDED,INVALID
187,2,0,87,30712,37512,0,CAPACITY_EXCEEDED,INVALID
188,2,0,88,30758,37558,0,CAPACITY_EXCEEDED,INVALID
189,2,0,89,29272,35872,0,CAPACITY_EXCEEDED,INVALID
190,2,0,90,30812,37612,0,CAPACITY_EXCEEDED,INVALID
191,2,0,91,29282,35882,0,CAPACITY_EXCEEDED,INVALID
192,2,0,92,29411,36011,0,CAPACITY_EXCEEDED,INVALID
193,2,0,93,29201,35801,0,CAPACITY_EXCEEDED,INVALID
194,2,0,94,30859,37659,0,CAPACITY_EXCEEDED,INVALID
195,2,0,95,30779,37579,0,CAPACITY_EXCEEDED,INVALID
196,2,0,96,30656,37456,0,CAPACITY_EXCEEDED,INVALID
197,2,0,97,29779,36379,0,CAPACITY_EXCEEDED,INVALID
198,2,0,98,29249,35849,0,CAPACITY_EXCEEDED,INVALID
199,2,0,99,29375,35975,0,CAPACITY_EXCEEDED,INVALID
200,2,1,2,29354,35954,0,CAPACITY_EXCEEDED,INVALID
201,2,1,3,29516,36116,0,CAPACITY_EXCEEDED,INVALID
202,2,1,4,29263,35863,0,CAPACITY_EXCEEDED,INVALID
203,2,1,5,29370,35970,0,CAPACITY_EXCEEDED,INVALID
204,2,1,6,30559,37359,0,CAPACITY_EXCEEDED,INVALID
205,2,1,7,29471,36071,0,CAPACITY_EXCEEDED,INVALID
206,2,1,8,29298,35898,0,CAPACITY_EXCEEDED,INVALID
207,2,1,9,29191,35791,0,CAPACITY_EXCEEDED,INVALID
208,2,1,10,30684,37484,0,CAPACITY_EXCEEDED,INVALID
209,2,1,11,29270,35870,0,CAPACITY_EXCEEDED,INVALID
210,2,1,12,29493,36093,0,CAPACITY_EXCEEDED,INVALID
211,2,1,13,29019,35619,0,CAPACITY_EXCEEDED,INVALID
212,2,1,14,29156,35756,0,CAPACITY_EXCEEDED,INVALID
213,2,1,15,29524,36124,0,CAPACITY_EXCEEDED,INVALID
214,2,1,16,30685,37485,0,CAPACITY_EXCEEDED,INVALID
215,2,1,17,30758,37558,0,CAPACITY_EXCEEDED,INVALID
216,2,1,18,30586,37386,0,CAPACITY_EXCEEDED,INVALID
217,2,1,19,30678,37478,0,CAPACITY_EXCEEDED,INVALID
218,2,1,20,29464,36064,0,CAPACITY_EXCEEDED,INVALID
219,2,1,21,29045,35645,0,CAPACITY_EXCEEDED,INVALID
220,2,1,22,30674,37474,0,CAPACITY_EXCEEDED,INVALID
221,2,1,23,29091,35691,0,CAPACITY_EXCEEDED,INVALID
222,2,1,24,29302,35902,0,CAPACITY_EXCEEDED,INVALID
223,2,1,25,29674,36274,0,CAPACITY_EXCEEDED,INVALID
224,2,1,26,29340,35940,0,CAPACITY_EXCEEDED,INVALID
225,2,1,27,29164,35764,0,CAPACITY_EXCEEDED,INVALID
226,2,1,28,28861,35461,1,FEASIBLE,WORSE
227,2,1,29,30742,37542,0,CAPACITY_EXCEEDED,INVALID
228,2,1,30,29297,35897,0,CAPACITY_EXCEEDED,INVALID
229,2,1,31,30641,37441,0,CAPACITY_EXCEEDED,INVALID
230,2,1,32,29514,36114,0,CAPACITY_EXCEEDED,INVALID
231,2,1,33,30581,37381,0,CAPACITY_EXCEEDED,INVALID
232,2,1,34,29226,35826,0,CAPACITY_EXCEEDED,INVALID
233,2,1,35,29760,36360,0,CAPACITY_EXCEEDED,INVALID
234,2,1,36,29055,35655,0,CAPACITY_EXCEEDED,INVALID
235,2,1,37,29376,35976,0,CAPACITY_EXCEEDED,INVALID
236,2,1,38,30600,37400,0,CAPACITY_EXCEEDED,INVALID
237,2,1,39,30444,37244,0,CAPACITY_EXCEEDED,INVALID
238,2,1,40,29773,36373,0,CAPACITY_EXCEEDED,INVALID
239,2,1,41,29281,35881,0,CAPACITY_EXCEEDED,INVALID
240,2,1,42,30643,37443,0,CAPACITY_EXCEEDED,INVALID
241,2,1,43,29531,36131,0,CAPACITY_EXCEEDED,INVALID
242,2,1,44,29449,36049,0,CAPACITY_EXCEEDED,INVALID
243,2,1,45,30646,37446,0,CAPACITY_EXCEEDED,INVALID
244,2,1,46,29583,36183,0,CAPACITY_EXCEEDED,INVALID
245,2,1,47,29207,35807,0,CAPACITY_EXCEEDED,INVALID
246,2,1,48,29536,36136,0,CAPACITY_EXCEEDED,INVALID
247,2,1,49,30743,37543,0,CAPACITY_EXCEEDED,INVALID
248,2,1,50,30579,37379,0,CAPACITY_EXCEEDED,INVALID
249,2,1,51,29327,35927,0,CAPACITY_EXCEEDED,INVALID
250,2,1,52,29694,36294,0,CAPACITY_EXCEEDED,INVALID
251,2,1,53,29454,36054,0,CAPACITY_EXCEEDED,INVALID
252,2,1,54,29267,35867,0,CAPACITY_EXCEEDED,INVALID
253,2,1,55,30708,37508,0,CAPACITY_EXCEEDED,INVALID
254,2,1,56,29665,36265,0,CAPACITY_EXCEEDED,INVALID
255,2,1,57,29223,35823,0,CAPACITY_EXCEEDED,INVALID
256,2,1,58,29068,35668,0,CAPACITY_EXCEEDED,INVALID
257,2,1,59,29227,35827,0,CAPACITY_EXCEEDED,INVALID
258,2,1,60,30590,37390,0,CAPACITY_EXCEEDED,INVALID
259,2,1,61,29234,35834,0,CAPACITY_EXCEEDED,INVALID
260,2,1,62,30739,37539,0,CAPACITY_EXCEEDED,INVALID
261,2,1,63,29171,35771,0,CAPACITY_EXCEEDED,INVALID
262,2,1,64,29187,35787,0,CAPACITY_EXCEEDED,INVALID
263,2,1,65,29330,35930,0,CAPACITY_EXCEEDED,INVALID
264,2,1,66,29178,35778,0,CAPACITY_EXCEEDED,INVALID
265,2,1,67,29390,35990,0,CAPACITY_EXCEEDED,INVALID
266,2,1,68,29199,35799,0,CAPACITY_EXCEEDED,INVALID
267,2,1,69,29484,36084,0,CAPACITY_EXCEEDED,INVALID
268,2,1,70,29585,36185,0,CAPACITY_EXCEEDED,INVALID
269,2,1,71,29588,36188,0,CAPACITY_EXCEEDED,INVALID
270,2,1,72,29162,35762,0,CAPACITY_EXCEEDED,INVALID
271,2,1,73,29118,35718,0,CAPACITY_EXCEEDED,INVALID
272,2,1,74,29298,35898,0,CAPACITY_EXCEEDED,INVALID
273,2,1,75,29685,36285,0,CAPACITY_EXCEEDED,INVALID
274,2,1,76,30533,37333,0,CAPACITY_EXCEEDED,INVALID
275,2,1,77,30652,37452,0,CAPACITY_EXCEEDED,INVALID
276,2,1,78,30699,37499,0,CAPACITY_EXCEEDED,INVALID
277,2,1,79,30618,37418,0,CAPACITY_EXCEEDED,INVALID
278,2,1,80,30674,37474,0,CAPACITY_EXCEEDED,INVALID
279,2,1,81,30699,37499,0,CAPACITY_EXCEEDED,INVALID
280,2,1,82,29234,35834,0,CAPACITY_EXCEEDED,INVALID
281,2,1,83,29383,35983,0,CAPACITY_EXCEEDED,INVALID
282,2,1,84,29069,35669,0,CAPACITY_EXCEEDED,INVALID
283,2,1,85,29499,36099,0,CAPACITY_EXCEEDED,INVALID
284,2,1,86,30587,37387,0,CAPACITY_EXCEEDED,INVALID
285,2,1,87,30625,37425,0,CAPACITY_EXCEEDED,INVALID
286,2,1,88,30671,37471,0,CAPACITY_EXCEEDED,INVALID
287,2,1,89,29185,35785,0,CAPACITY_EXCEEDED,INVALID
288,2,1,90,30725,37525,0,CAPACITY_EXCEEDED,INVALID
289,2,1,91,29195,35795,0,CAPACITY_EXCEEDED,INVALID
290,2,1,92,29324,35924,0,CAPACITY_EXCEEDED,INVALID
291,2,1,93,29114,35714,0,CAPACITY_EXCEEDED,INVALID
292,2,1,94,30772,37572,0,CAPACITY_EXCEEDED,INVALID
293,2,1,95,30692,37492,0,CAPACITY_EXCEEDED,INVALID
294,2,1,96,30569,37369,0,CAPACITY_EXCEEDED,INVALID
295,2,1,97,29692,36292,0,CAPACITY_EXCEEDED,INVALID
296,2,1,98,29162,35762,0,CAPACITY_EXCEEDED,INVALID
297,2,1,99,29288,35888,0,CAPACITY_EXCEEDED,INVALID
298,2,2,3,28337,34737,1,FEASIBLE,WORSE
299,2,2,4,28084,34484,1,FEASIBLE,WORSE
300,2,2,5,28191,34591,1,FEASIBLE,WORSE
301,2,2,6,29380,35980,0,CAPACITY_EXCEEDED,INVALID
302,2,2,7,28292,34692,1,FEASIBLE,WORSE
303,2,2,8,28119,34519,1,FEASIBLE,WORSE
304,2,2,9,28012,34412,1,FEASIBLE,WORSE
305,2,2,10,29505,36105,0,CAPACITY_EXCEEDED,INVALID
306,2,2,11,28091,34491,1,FEASIBLE,WORSE
307,2,2,12,28314,34714,1,FEASIBLE,WORSE
308,2,2,13,27840,34240,1,FEASIBLE,WORSE
309,2,2,14,27977,34377,1,FEASIBLE,WORSE
310,2,2,15,28345,34745,1,FEASIBLE,WORSE
311,2,2,16,29506,36106,0,CAPACITY_EXCEEDED,INVALID
312,2,2,17,29579,36179,0,CAPACITY_EXCEEDED,INVALID
313,2,2,18,29407,36007,0,CAPACITY_EXCEEDED,INVALID
314,2,2,19,29499,36099,0,CAPACITY_EXCEEDED,INVALID
315,2,2,20,28285,34685,1,FEASIBLE,WORSE
316,2,2,21,27866,34266,1,FEASIBLE,WORSE
317,2,2,22,29495,36095,0,CAPACITY_EXCEEDED,INVALID
318,2,2,23,27912,34312,1,FEASIBLE,WORSE
319,2,2,24,28123,34523,1,FEASIBLE,WORSE
320,2,2,25,28495,34895,1,FEASIBLE,WORSE
321,2,2,26,28161,34561,1,FEASIBLE,WORSE
322,2,2,27,27985,34385,1,FEASIBLE,WORSE
323,2,2,28,27682,34082,1,FEASIBLE,WORSE
324,2,2,29,29563,36163,0,CAPACITY_EXCEEDED,INVALID
325,2,2,30,28118,34518,1,FEASIBLE,WORSE
326,2,2,31,29462,36062,0,CAPACITY_EXCEEDED,INVALID
327,2,2,32,28335,34735,1,FEASIBLE,WORSE
328,2,2,33,29402,36002,0,CAPACITY_EXCEEDED,INVALID
329,2,2,34,28047,34447,1,FEASIBLE,WORSE
330,2,2,35,28581,34981,1,FEASIBLE,WORSE
331,2,2,36,27876,34276,1,FEASIBLE,WORSE
332,2,2,37,28197,34597,1,FEASIBLE,WORSE
333,2,2,38,29421,36021,0,CAPACITY_EXCEEDED,INVALID
334,2,2,39,29265,35865,0,CAPACITY_EXCEEDED,INVALID
335,2,2,40,28594,34994,1,FEASIBLE,WORSE
336,2,2,41,28102,34502,1,FEASIBLE,WORSE
337,2,2,42,29464,36064,0,CAPACITY_EXCEEDED,INVALID
338,2,2,43,28352,34752,1,FEASIBLE,WORSE
339,2,2,44,28270,34670,1,FEASIBLE,WORSE
340,2,2,45,29467,36067,0,CAPACITY_EXCEEDED,INVALID
341,2,2,46,28404,34804,1,FEASIBLE,WORSE
342,2,2,47,28028,34428,1,FEASIBLE,WORSE
343,2,2,48,28357,34757,1,FEASIBLE,WORSE
344,2,2,49,29564,36164,0,CAPACITY_EXCEEDED,INVALID
345,2,2,50,29400,36000,0,CAPACITY_EXCEEDED,INVALID
346,2,2,51,28148,34548,1,FEASIBLE,WORSE
347,2,2,52,28515,34915,1,FEASIBLE,WORSE
348,2,2,53,28275,34675,1,FEASIBLE,WORSE
349,2,2,54,28088,34488,1,FEASIBLE,WORSE
350,2,2,55,29529,36129,0,CAPACITY_EXCEEDED,INVALID
351,2,2,56,28486,34886,1,FEASIBLE,WORSE
352,2,2,57,28044,34444,1,FEASIBLE,WORSE
353,2,2,58,27889,34289,1,FEASIBLE,WORSE
354,2,2,59,28048,34448,1,FEASIBLE,WORSE
355,2,2,60,29411,36011,0,CAPACITY_EXCEEDED,INVALID
356,2,2,61,28055,34455,1,FEASIBLE,WORSE
357,2,2,62,29560,36160,0,CAPACITY_EXCEEDED,INVALID
358,2,2,63,27992,34392,1,FEASIBLE,WORSE
359,2,2,64,28008,34408,1,FEASIBLE,WORSE
360,2,2,65,28151,34551,1,FEASIBLE,WORSE
361,2,2,66,27999,34399,1,FEASIBLE,WORSE
362,2,2,67,28211,34611,1,FEASIBLE,WORSE
363,2,2,68,28020,34420,1,FEASIBLE,WORSE
364,2,2,69,28305,34705,1,FEASIBLE,WORSE
365,2,2,70,28406,34806,1,FEASIBLE,WORSE
366,2,2,71,28409,34809,1,FEASIBLE,WORSE
367,2,2,72,27983,34383,1,FEASIBLE,WORSE
368,2,2,73,27939,34339,1,FEASIBLE,WORSE
369,2,2,74,28119,34519,1,FEASIBLE,WORSE
370,2,2,75,28506,34906,1,FEASIBLE,WORSE
371,2,2,76,29354,35954,0,CAPACITY_EXCEEDED,INVALID
372,2,2,77,29473,36073,0,CAPACITY_EXCEEDED,INVALID
373,2,2,78,29520,36120,0,CAPACITY_EXCEEDED,INVALID
374,2,2,79,29439,36039,0,CAPACITY_EXCEEDED,INVALID
375,2,2,80,29495,36095,0,CAPACITY_EXCEEDED,INVALID
376,2,2,81,29520,36120,0,CAPACITY_EXCEEDED,INVALID
377,2,2,82,28055,34455,1,FEASIBLE,WORSE
378,2,2,83,28204,34604,1,FEASIBLE,WORSE
379,2,2,84,27890,34290,1,FEASIBLE,WORSE
380,2,2,85,28320,34720,1,FEASIBLE,WORSE
381,2,2,86,29408,36008,0,CAPACITY_EXCEEDED,INVALID
382,2,2,87,29446,36046,0,CAPACITY_EXCEEDED,INVALID
383,2,2,88,29492,36092,0,CAPACITY_EXCEEDED,INVALID
384,2,2,89,28006,34406,1,FEASIBLE,WORSE
385,2,2,90,29546,36146,0,CAPACITY_EXCEEDED,INVALID
386,2,2,91,28016,34416,1,FEASIBLE,WORSE
387,2,2,92,28145,34545,1,FEASIBLE,WORSE
388,2,2,93,27935,34335,1,FEASIBLE,WORSE
389,2,2,94,29593,36193,0,CAPACITY_EXCEEDED,INVALID
390,2,2,95,29513,36113,0,CAPACITY_EXCEEDED,INVALID
391,2,2,96,29390,35990,0,CAPACITY_EXCEEDED,INVALID
392,2,2,97,28513,34913,1,FEASIBLE,WORSE
393,2,2,98,27983,34383,1,FEASIBLE,WORSE
394,2,2,99,28109,34509,1,FEASIBLE,WORSE
395,2,3,4,28246,34646,1,FEASIBLE,WORSE
396,2,3,5,28353,34753,1,FEASIBLE,WORSE
397,2,3,6,29542,36142,0,CAPACITY_EXCEEDED,INVALID
398,2,3,7,28454,34854,1,FEASIBLE,WORSE
399,2,3,8,28281,34681,1,FEASIBLE,WORSE
400,2,3,9,28174,34574,1,FEASIBLE,WORSE
401,2,3,10,29667,36267,0,CAPACITY_EXCEEDED,INVALID
402,2,3,11,28253,34653,1,FEASIBLE,WORSE
403,2,3,12,28476,34876,1,FEASIBLE,WORSE
404,2,3,13,28002,34402,1,FEASIBLE,WORSE
405,2,3,14,28139,34539,1,FEASIBLE,WORSE
406,2,3,15,28507,34907,1,FEASIBLE,WORSE
407,2,3,16,29668,36268,0,CAPACITY_EXCEEDED,INVALID
408,2,3,17,29741,36341,0,CAPACITY_EXCEEDED,INVALID
409,2,3,18,29569,36169,0,CAPACITY_EXCEEDED,INVALID
410,2,3,19,29661,36261,0,CAPACITY_EXCEEDED,INVALID
411,2,3,20,28447,34847,1,FEASIBLE,WORSE
412,2,3,21,28028,34428,1,FEASIBLE,WORSE
413,2,3,22,29657,36257,0,CAPACITY_EXCEEDED,INVALID
414,2,3,23,28074,34474,1,FEASIBLE,WORSE
415,2,3,24,28285,34685,1,FEASIBLE,WORSE
416,2,3,25,28657,35057,1,FEASIBLE,WORSE
417,2,3,26,28323,34723,1,FEASIBLE,WORSE
418,2,3,27,28147,34547,1,FEASIBLE,WORSE
419,2,3,28,27844,34244,1,FEASIBLE,WORSE
420,2,3,29,29725,36325,0,CAPACITY_EXCEEDED,INVALID
421,2,3,30,28280,34680,1,FEASIBLE,WORSE
422,2,3,31,29624,36224,0,CAPACITY_EXCEEDED,INVALID
423,2,3,32,28497,34897,1,FEASIBLE,WORSE
424,2,3,33,29564,36164,0,CAPACITY_EXCEEDED,INVALID
425,2,3,34,28209,34609,1,FEASIBLE,WORSE
426,2,3,35,28743,35143,1,FEASIBLE,WORSE
427,2,3,36,28038,34438,1,FEASIBLE,WORSE
428,2,3,37,28359,34759,1,FEASIBLE,WORSE
429,2,3,38,29583,36183,0,CAPACITY_EXCEEDED,INVALID
430,2,3,39,29427,36027,0,CAPACITY_EXCEEDED,INVALID
431,2,3,40,28756,35156,1,FEASIBLE,WORSE
432,2,3,41,28264,34664,1,FEASIBLE,WORSE
433,2,3,42,29626,36226,0,CAPACITY_EXCEEDED,INVALID
434,2,3,43,28514,34914,1,FEASIBLE,WORSE
435,2,3,44,28432,34832,1,FEASIBLE,WORSE
436,2,3,45,29629,36229,0,CAPACITY_EXCEEDED,INVALID
437,2,3,46,28566,34966,1,FEASIBLE,WORSE
438,2,3,47,28190,34590,1,FEASIBLE,WORSE
439,2,3,48,28519,34919,1,FEASIBLE,WORSE
440,2,3,49,29726,36326,0,CAPACITY_EXCEEDED,INVALID
441,2,3,50,29562,36162,0,CAPACITY_EXCEEDED,INVALID
442,2,3,51,28310,34710,1,FEASIBLE,WORSE
443,2,3,52,28677,35077,1,FEASIBLE,WORSE
444,2,3,53,28437,34837,1,FEASIBLE,WORSE
445,2,3,54,28250,34650,1,FEASIBLE,WORSE
446,2,3,55,29691,36291,0,CAPACITY_EXCEEDED,INVALID
447,2,3,56,28648,35048,1,FEASIBLE,WORSE
448,2,3,57,28206,34606,1,FEASIBLE,WORSE
449,2,3,58,28051,34451,1,FEASIBLE,WORSE
450,2,3,59,28210,34610,1,FEASIBLE,WORSE
451,2,3,60,29573,36173,0,CAPACITY_EXCEEDED,INVALID
452,2,3,61,28217,34617,1,FEASIBLE,WORSE
453,2,3,62,29722,36322,0,CAPACITY_EXCEEDED,INVALID
454,2,3,63,28154,34554,1,FEASIBLE,WORSE
455,2,3,64,28170,34570,1,FEASIBLE,WORSE
456,2,3,65,28313,34713,1,FEASIBLE,WORSE
457,2,3,66,28161,34561,1,FEASIBLE,WORSE
458,2,3,67,28373,34773,1,FEASIBLE,WORSE
459,2,3,68,28182,34582,1,FEASIBLE,WORSE
460,2,3,69,28467,34867,1,FEASIBLE,WORSE
461,2,3,70,28568,34968,1,FEASIBLE,WORSE
462,2,3,71,28571,34971,1,FEASIBLE,WORSE
463,2,3,72,28145,34545,1,FEASIBLE,WORSE
464,2,3,73,28101,34501,1,FEASIBLE,WORSE
465,2,3,74,28281,34681,1,FEASIBLE,WORSE
466,2,3,75,28668,35068,1,FEASIBLE,WORSE
467,2,3,76,29516,36116,0,CAPACITY_EXCEEDED,INVALID
468,2,3,77,29635,36235,0,CAPACITY_EXCEEDED,INVALID
469,2,3,78,29682,36282,0,CAPACITY_EXCEEDED,INVALID
470,2,3,79,29601,36201,0,CAPACITY_EXCEEDED,INVALID
471,2,3,80,29657,36257,0,CAPACITY_EXCEEDED,INVALID
472,2,3,81,29682,36282,0,CAPACITY_EXCEEDED,INVALID
473,2,3,82,28217,34617,1,FEASIBLE,WORSE
474,2,3,83,28366,34766,1,FEASIBLE,WORSE
475,2,3,84,28052,34452,1,FEASIBLE,WORSE
476,2,3,85,28482,34882,1,FEASIBLE,WORSE
477,2,3,86,29570,36170,0,CAPACITY_EXCEEDED,INVALID
478,2,3,87,29608,36208,0,CAPACITY_EXCEEDED,INVALID
479,2,3,88,29654,36254,0,CAPACITY_EXCEEDED,INVALID
480,2,3,89,28168,34568,1,FEASIBLE,WORSE
481,2,3,90,29708,36308,0,CAPACITY_EXCEEDED,INVALID
482,2,3,91,28178,34578,1,FEASIBLE,WORSE
483,2,3,92,28307,34707,1,FEASIBLE,WORSE
484,2,3,93,28097,34497,1,FEASIBLE,WORSE
485,2,3,94,29755,36355,0,CAPACITY_EXCEEDED,INVALID
486,2,3,95,29675,36275,0,CAPACITY_EXCEEDED,INVALID
487,2,3,96,29552,36152,0,CAPACITY_EXCEEDED,INVALID
488,2,3,97,28675,35075,1,FEASIBLE,WORSE
489,2,3,98,28145,34545,1,FEASIBLE,WORSE
490,2,3,99,28271,34671,1,FEASIBLE,WORSE
491,2,4,5,28100,34500,1,FEASIBLE,WORSE
492,2,4,6,29289,35889,0,CAPACITY_EXCEEDED,INVALID
493,2,4,7,28201,34601,1,FEASIBLE,WORSE
494,2,4,8,28028,34428,1,FEASIBLE,WORSE
495,2,4,9,27921,34321,1,FEASIBLE,WORSE
496,2,4,10,29414,36014,0,CAPACITY_EXCEEDED,INVALID
497,2,4,11,28000,34400,1,FEASIBLE,WORSE
498,2,4,12,28223,34623,1,FEASIBLE,WORSE
499,2,4,13,27749,34149,1,FEASIBLE,WORSE
500,2,4,14,27886,34286,1,FEASIBLE,WORSE
501,2,4,15,28254,34654,1,FEASIBLE,WORSE
502,2,4,16,29415,36015,0,CAPACITY_EXCEEDED,INVALID
503,2,4,17,29488,36088,0,CAPACITY_EXCEEDED,INVALID
504,2,4,18,29316,35916,0,CAPACITY_EXCEEDED,INVALID
505,2,4,19,29408,36008,0,CAPACITY_EXCEEDED,INVALID
506,2,4,20,28194,34594,1,FEASIBLE,WORSE
507,2,4,21,27775,34175,1,FEASIBLE,WORSE
508,2,4,22,29404,36004,0,CAPACITY_EXCEEDED,INVALID
509,2,4,23,27821,34221,1,FEASIBLE,WORSE
510,2,4,24,28032,34432,1,FEASIBLE,WORSE
511,2,4,25,28404,34804,1,FEASIBLE,WORSE
512,2,4,26,28070,34470,1,FEASIBLE,WORSE
513,2,4,27,27894,34294,1,FEASIBLE,WORSE
514,2,4,28,27591,33991,1,FEASIBLE,WORSE
515,2,4,29,29472,36072,0,CAPACITY_EXCEEDED,INVALID
516,2,4,30,28027,34427,1,FEASIBLE,WORSE
517,2,4,31,29371,35971,0,CAPACITY_EXCEEDED,INVALID
518,2,4,32,28244,34644,1,FEASIBLE,WORSE
519,2,4,33,29311,35911,0,CAPACITY_EXCEEDED,INVALID
520,2,4,34,27956,34356,1,FEASIBLE,WORSE
521,2,4,35,28490,34890,1,FEASIBLE,WORSE
522,2,4,36,27785,34185,1,FEASIBLE,WORSE
523,2,4,37,28106,34506,1,FEASIBLE,WORSE
524,2,4,38,29330,35930,0,CAPACITY_EXCEEDED,INVALID
525,2,4,39,29174,35774,0,CAPACITY_EXCEEDED,INVALID
526,2,4,40,28503,34903,1,FEASIBLE,WORSE
527,2,4,41,28011,34411,1,FEASIBLE,WORSE
528,2,4,42,29373,35973,0,CAPACITY_EXCEEDED,INVALID
529,2,4,43,28261,34661,1,FEASIBLE,WORSE
530,2,4,44,28179,34579,1,FEASIBLE,WORSE
531,2,4,45,29376,35976,0,CAPACITY_EXCEEDED,INVALID
532,2,4,46,28313,34713,1,FEASIBLE,WORSE
533,2,4,47,27937,34337,1,FEASIBLE,WORSE
534,2,4,48,28266,34666,1,FEASIBLE,WORSE
535,2,4,49,29473,36073,0,CAPACITY_EXCEEDED,INVALID
536,2,4,50,29309,35909,0,CAPACITY_EXCEEDED,INVALID
537,2,4,51,28057,34457,1,FEASIBLE,WORSE
538,2,4,52,28424,34824,1,FEASIBLE,WORSE
539,2,4,53,28184,34584,1,FEASIBLE,WORSE
540,2,4,54,27997,34397,1,FEASIBLE,WORSE
541,2,4,55,29438,36038,0,CAPACITY_EXCEEDED,INVALID
542,2,4,56,28395,34795,1,FEASIBLE,WORSE
543,2,4,57,27953,34353,1,FEASIBLE,WORSE
544,2,4,58,27798,34198,1,FEASIBLE,WORSE
545,2,4,59,27957,34357,1,FEASIBLE,WORSE
546,2,4,60,29320,35920,0,CAPACITY_EXCEEDED,INVALID
547,2,4,61,27964,34364,1,FEASIBLE,WORSE
548,2,4,62,29469,36069,0,CAPACITY_EXCEEDED,INVALID
549,2,4,63,27901,34301,1,FEASIBLE,WORSE
550,2,4,64,27917,34317,1,FEASIBLE,WORSE
551,2,4,65,28060,34460,1,FEASIBLE,WORSE
552,2,4,66,27908,34308,1,FEASIBLE,WORSE
553,2,4,67,28120,34520,1,FEASIBLE,WORSE
554,2,4,68,27929,34329,1,FEASIBLE,WORSE
555,2,4,69,28214,34614,1,FEASIBLE,WORSE
556,2,4,70,28315,34715,1,FEASIBLE,WORSE
557,2,4,71,28318,34718,1,FEASIBLE,WORSE
558,2,4,72,27892,34292,1,FEASIBLE,WORSE
559,2,4,73,27848,34248,1,FEASIBLE,WORSE
560,2,4,74,28028,34428,1,FEASIBLE,WORSE
561,2,4,75,28415,34815,1,FEASIBLE,WORSE
562,2,4,76,29263,35863,0,CAPACITY_EXCEEDED,INVALID
563,2,4,77,29382,35982,0,CAPACITY_EXCEEDED,INVALID
564,2,4,78,29429,36029,0,CAPACITY_EXCEEDED,INVALID
565,2,4,79,29348,35948,0,CAPACITY_EXCEEDED,INVALID
566,2,4,80,29404,36004,0,CAPACITY_EXCEEDED,INVALID
567,2,4,81,29429,36029,0,CAPACITY_EXCEEDED,INVALID
568,2,4,82,27964,34364,1,FEASIBLE,WORSE
569,2,4,83,28113,34513,1,FEASIBLE,WORSE
570,2,4,84,27799,34199,1,FEASIBLE,WORSE
571,2,4,85,28229,34629,1,FEASIBLE,WORSE
572,2,4,86,29317,35917,0,CAPACITY_EXCEEDED,INVALID
573,2,4,87,29355,35955,0,CAPACITY_EXCEEDED,INVALID
574,2,4,88,29401,36001,0,CAPACITY_EXCEEDED,INVALID
575,2,4,89,27915,34315,1,FEASIBLE,WORSE
576,2,4,90,29455,36055,0,CAPACITY_EXCEEDED,INVALID
577,2,4,91,27925,34325,1,FEASIBLE,WORSE
578,2,4,92,28054,34454,1,FEASIBLE,WORSE
579,2,4,93,27844,34244,1,FEASIBLE,WORSE
580,2,4,94,29502,36102,0,CAPACITY_EXCEEDED,INVALID
581,2,4,95,29422,36022,0,CAPACITY_EXCEEDED,INVALID
582,2,4,96,29299,35899,0,CAPACITY_EXCEEDED,INVALID
583,2,4,97,28422,34822,1,FEASIBLE,WORSE
584,2,4,98,27892,34292,1,FEASIBLE,WORSE
585,2,4,99,28018,34418,1,FEASIBLE,WORSE
586,2,5,6,29396,35996,0,CAPACITY_EXCEEDED,INVALID
587,2,5,7,28308,34708,1,FEASIBLE,WORSE
588,2,5,8,28135,34535,1,FEASIBLE,WORSE
589,2,5,9,28028,34428,1,FEASIBLE,WORSE
590,2,5,10,29521,36121,0,CAPACITY_EXCEEDED,INVALID
591,2,5,11,28107,34507,1,FEASIBLE,WORSE
592,2,5,12,28330,34730,1,FEASIBLE,WORSE
593,2,5,13,27856,34256,1,FEASIBLE,WORSE
594,2,5,14,27993,34393,1,FEASIBLE,WORSE
595,2,5,15,28361,34761,1,FEASIBLE,WORSE
596,2,5,16,29522,36122,0,CAPACITY_EXCEEDED,INVALID
597,2,5,17,29595,36195,0,CAPACITY_EXCEEDED,INVALID
598,2,5,18,29423,36023,0,CAPACITY_EXCEEDED,INVALID
599,2,5,19,29515,36115,0,CAPACITY_EXCEEDED,INVALID
600,2,5,20,28301,34701,1,FEASIBLE,WORSE
601,2,5,21,27882,34282,1,FEASIBLE,WORSE
602,2,5,22,29511,36111,0,CAPACITY_EXCEEDED,INVALID
603,2,5,23,27928,34328,1,FEASIBLE,WORSE
604,2,5,24,28139,34539,1,FEASIBLE,WORSE
605,2,5,25,28511,34911,1,FEASIBLE,WORSE
606,2,5,26,28177,34577,1,FEASIBLE,WORSE
607,2,5,27,28001,34401,1,FEASIBLE,WORSE
608,2,5,28,27698,34098,1,FEASIBLE,WORSE
609,2,5,29,29579,36179,0,CAPACITY_EXCEEDED,INVALID
610,2,5,30,28134,34534,1,FEASIBLE,WORSE
611,2,5,31,29478,36078,0,CAPACITY_EXCEEDED,INVALID
612,2,5,32,28351,34751,1,FEASIBLE,WORSE
613,2,5,33,29418,36018,0,CAPACITY_EXCEEDED,INVALID
614,2,5,34,28063,34463,1,FEASIBLE,WORSE
615,2,5,35,28597,34997,1,FEASIBLE,WORSE
616,2,5,36,27892,34292,1,FEASIBLE,WORSE
617,2,5,37,28213,34613,1,FEASIBLE,WORSE
618,2,5,38,29437,36037,0,CAPACITY_EXCEEDED,INVALID
619,2,5,39,29281,35881,0,CAPACITY_EXCEEDED,INVALID
620,2,5,40,28610,35010,1,FEASIBLE,WORSE
621,2,5,41,28118,34518,1,FEASIBLE,WORSE
622,2,5,42,29480,36080,0,CAPACITY_EXCEEDED,INVALID
623,2,5,43,28368,34768,1,FEASIBLE,WORSE
624,2,5,44,28286,34686,1,FEASIBLE,WORSE
625,2,5,45,29483,36083,0,CAPACITY_EXCEEDED,INVALID
626,2,5,46,28420,34820,1,FEASIBLE,WORSE
627,2,5,47,28044,34444,1,FEASIBLE,WORSE
628,2,5,48,28373,34773,1,FEASIBLE,WORSE
629,2,5,49,29580,36180,0,CAPACITY_EXCEEDED,INVALID
630,2,5,50,29416,36016,0,CAPACITY_EXCEEDED,INVALID
631,2,5,51,28164,34564,1,FEASIBLE,WORSE
632,2,5,52,28531,34931,1,FEASIBLE,WORSE
633,2,5,53,28291,34691,1,FEASIBLE,WORSE
634,2,5,54,28104,34504,1,FEASIBLE,WORSE
635,2,5,55,29545,36145,0,CAPACITY_EXCEEDED,INVALID
636,2,5,56,28502,34902,1,FEASIBLE,WORSE
637,2,5,57,28060,34460,1,FEASIBLE,WORSE
638,2,5,58,27905,34305,1,FEASIBLE,WORSE
639,2,5,59,28064,34464,1,FEASIBLE,WORSE
640,2,5,60,29427,36027,0,CAPACITY_EXCEEDED,INVALID
641,2,5,61,28071,34471,1,FEASIBLE,WORSE
642,2,5,62,29576,36176,0,CAPACITY_EXCEEDED,INVALID
643,2,5,63,28008,34408,1,FEASIBLE,WORSE
644,2,5,64,28024,34424,1,FEASIBLE,WORSE
645,2,5,65,28167,34567,1,FEASIBLE,WORSE
646,2,5,66,28015,34415,1,FEASIBLE,WORSE
647,2,5,67,28227,34627,1,FEASIBLE,WORSE
648,2,5,68,28036,34436,1,FEASIBLE,WORSE
649,2,5,69,28321,34721,1,FEASIBLE,WORSE
650,2,5,70,28422,34822,1,FEASIBLE,WORSE
651,2,5,71,28425,34825,1,FEASIBLE,WORSE
652,2,5,72,27999,34399,1,FEASIBLE,WORSE
653,2,5,73,27955,34355,1,FEASIBLE,WORSE
654,2,5,74,28135,34535,1,FEASIBLE,WORSE
655,2,5,75,28522,34922,1,FEASIBLE,WORSE
656,2,5,76,29370,35970,0,CAPACITY_EXCEEDED,INVALID
657,2,5,77,29489,36089,0,CAPACITY_EXCEEDED,INVALID
658,2,5,78,29536,36136,0,CAPACITY_EXCEEDED,INVALID
659,2,5,79,29455,36055,0,CAPACITY_EXCEEDED,INVALID
660,2,5,80,29511,36111,0,CAPACITY_EXCEEDED,INVALID
661,2,5,81,29536,36136,0,CAPACITY_EXCEEDED,INVALID
662,2,5,82,28071,34471,1,FEASIBLE,WORSE
663,2,5,83,28220,34620,1,FEASIBLE,WORSE
664,2,5,84,27906,34306,1,FEASIBLE,WORSE
665,2,5,85,28336,34736,1,FEASIBLE,WORSE
666,2,5,86,29424,36024,0,CAPACITY_EXCEEDED,INVALID
667,2,5,87,29462,36062,0,CAPACITY_EXCEEDED,INVALID
668,2,5,88,29508,36108,0,CAPACITY_EXCEEDED,INVALID
669,2,5,89,28022,34422,1,FEASIBLE,WORSE
670,2,5,90,29562,36162,0,CAPACITY_EXCEEDED,INVALID
671,2,5,91,28032,34432,1,FEASIBLE,WORSE
672,2,5,92,28161,34561,1,FEASIBLE,WORSE
673,2,5,93,27951,34351,1,FEASIBLE,WORSE
674,2,5,94,29609,36209,0,CAPACITY_EXCEEDED,INVALID
675,2,5,95,29529,36129,0,CAPACITY_EXCEEDED,INVALID
676,2,5,96,29406,36006,0,CAPACITY_EXCEEDED,INVALID
677,2,5,97,28529,34929,1,FEASIBLE,WORSE
678,2,5,98,27999,34399,1,FEASIBLE,WORSE
679,2,5,99,28125,34525,1,FEASIBLE,WORSE
680,2,6,7,29497,36097,0,CAPACITY_EXCEEDED,INVALID
681,2,6,8,29324,35924,0,CAPACITY_EXCEEDED,INVALID
682,2,6,9,29217,35817,0,CAPACITY_EXCEEDED,INVALID
683,2,6,10,30710,37510,0,CAPACITY_EXCEEDED,INVALID
684,2,6,11,29296,35896,0,CAPACITY_EXCEEDED,INVALID
685,2,6,12,29519,36119,0,CAPACITY_EXCEEDED,INVALID
686,2,6,13,29045,35645,0,CAPACITY_EXCEEDED,INVALID
687,2,6,14,29182,35782,0,CAPACITY_EXCEEDED,INVALID
688,2,6,15,29550,36150,0,CAPACITY_EXCEEDED,INVALID
689,2,6,16,30711,37511,0,CAPACITY_EXCEEDED,INVALID
690,2,6,17,30784,37584,0,CAPACITY_EXCEEDED,INVALID
691,2,6,18,30612,37412,0,CAPACITY_EXCEEDED,INVALID
692,2,6,19,30704,37504,0,CAPACITY_EXCEEDED,INVALID
693,2,6,20,29490,36090,0,CAPACITY_EXCEEDED,INVALID
694,2,6,21,29071,35671,0,CAPACITY_EXCEEDED,INVALID
695,2,6,22,30700,37500,0,CAPACITY_EXCEEDED,INVALID
696,2,6,23,29117,35717,0,CAPACITY_EXCEEDED,INVALID
697,2,6,24,29328,35928,0,CAPACITY_EXCEEDED,INVALID
698,2,6,25,29700,36300,0,CAPACITY_EXCEEDED,INVALID
699,2,6,26,29366,35966,0,CAPACITY_EXCEEDED,INVALID
700,2,6,27,29190,35790,0,CAPACITY_EXCEEDED,INVALID
701,2,6,28,28887,35487,1,FEASIBLE,WORSE
702,2,6,29,30768,37568,0,CAPACITY_EXCEEDED,INVALID
703,2,6,30,29323,35923,0,CAPACITY_EXCEEDED,INVALID
704,2,6,31,30667,37467,0,CAPACITY_EXCEEDED,INVALID
705,2,6,32,29540,36140,0,CAPACITY_EXCEEDED,INVALID
706,2,6,33,30607,37407,0,CAPACITY_EXCEEDED,INVALID
707,2,6,34,29252,35852,0,CAPACITY_EXCEEDED,INVALID
708,2,6,35,29786,36386,0,CAPACITY_EXCEEDED,INVALID
709,2,6,36,29081,35681,0,CAPACITY_EXCEEDED,INVALID
710,2,6,37,29402,36002,0,CAPACITY_EXCEEDED,INVALID
711,2,6,38,30626,37426,0,CAPACITY_EXCEEDED,INVALID
712,2,6,39,30470,37270,0,CAPACITY_EXCEEDED,INVALID
713,2,6,40,29799,36399,0,CAPACITY_EXCEEDED,INVALID
714,2,6,41,29307,35907,0,CAPACITY_EXCEEDED,INVALID
715,2,6,42,30669,37469,0,CAPACITY_EXCEEDED,INVALID
716,2,6,43,29557,36157,0,CAPACITY_EXCEEDED,INVALID
717,2,6,44,29475,36075,0,CAPACITY_EXCEEDED,INVALID
718,2,6,45,30672,37472,0,CAPACITY_EXCEEDED,INVALID
719,2,6,46,29609,36209,0,CAPACITY_EXCEEDED,INVALID
720,2,6,47,29233,35833,0,CAPACITY_EXCEEDED,INVALID
721,2,6,48,29562,36162,0,CAPACITY_EXCEEDED,INVALID
722,2,6,49,30769,37569,0,CAPACITY_EXCEEDED,INVALID
723,2,6,50,30605,37405,0,CAPACITY_EXCEEDED,INVALID
724,2,6,51,29353,35953,0,CAPACITY_EXCEEDED,INVALID
725,2,6,52,29720,36320,0,CAPACITY_EXCEEDED,INVALID
726,2,6,53,29480,36080,0,CAPACITY_EXCEEDED,INVALID
727,2,6,54,29293,35893,0,CAPACITY_EXCEEDED,INVALID
728,2,6,55,30734,37534,0,CAPACITY_EXCEEDED,INVALID
729,2,6,56,29691,36291,0,CAPACITY_EXCEEDED,INVALID
730,2,6,57,29249,35849,0,CAPACITY_EXCEEDED,INVALID
731,2,6,58,29094,35694,0,CAPACITY_EXCEEDED,INVALID
732,2,6,59,29253,35853,0,CAPACITY_EXCEEDED,INVALID
733,2,6,60,30616,37416,0,CAPACITY_EXCEEDED,INVALID
734,2,6,61,29260,35860,0,CAPACITY_EXCEEDED,INVALID
735,2,6,62,30765,37565,0,CAPACITY_EXCEEDED,INVALID
736,2,6,63,29197,35797,0,CAPACITY_EXCEEDED,INVALID
737,2,6,64,29213,35813,0,CAPACITY_EXCEEDED,INVALID
738,2,6,65,29356,35956,0,CAPACITY_EXCEEDED,INVALID
739,2,6,66,29204,35804,0,CAPACITY_EXCEEDED,INVALID
740,2,6,67,29416,36016,0,CAPACITY_EXCEEDED,INVALID
741,2,6,68,29225,35825,0,CAPACITY_EXCEEDED,INVALID
742,2,6,69,29510,36110,0,CAPACITY_EXCEEDED,INVALID
743,2,6,70,29611,36211,0,CAPACITY_EXCEEDED,INVALID
744,2,6,71,29614,36214,0,CAPACITY_EXCEEDED,INVALID
745,2,6,72,29188,35788,0,CAPACITY_EXCEEDED,INVALID
746,2,6,73,29144,35744,0,CAPACITY_EXCEEDED,INVALID
747,2,6,74,29324,35924,0,CAPACITY_EXCEEDED,INVALID
748,2,6,75,29711,36311,0,CAPACITY_EXCEEDED,INVALID
749,2,6,76,30559,37359,0,CAPACITY_EXCEEDED,INVALID
750,2,6,77,30678,37478,0,CAPACITY_EXCEEDED,INVALID
751,2,6,78,30725,37525,0,CAPACITY_EXCEEDED,INVALID
752,2,6,79,30644,37444,0,CAPACITY_EXCEEDED,INVALID
753,2,6,80,30700,37500,0,CAPACITY_EXCEEDED,INVALID
754,2,6,81,30725,37525,0,CAPACITY_EXCEEDED,INVALID
755,2,6,82,29260,35860,0,CAPACITY_EXCEEDED,INVALID
756,2,6,83,29409,36009,0,CAPACITY_EXCEEDED,INVALID
757,2,6,84,29095,35695,0,CAPACITY_EXCEEDED,INVALID
758,2,6,85,29525,36125,0,CAPACITY_EXCEEDED,INVALID
759,2,6,86,30613,37413,0,CAPACITY_EXCEEDED,INVALID
760,2,6,87,30651,37451,0,CAPACITY_EXCEEDED,INVALID
761,2,6,88,30697,37497,0,CAPACITY_EXCEEDED,INVALID
762,2,6,89,29211,35811,0,CAPACITY_EXCEEDED,INVALID
763,2,6,90,30751,37551,0,CAPACITY_EXCEEDED,INVALID
764,2,6,91,29221,35821,0,CAPACITY_EXCEEDED,INVALID
765,2,6,92,29350,35950,0,CAPACITY_EXCEEDED,INVALID
766,2,6,93,29140,35740,0,CAPACITY_EXCEEDED,INVALID
767,2,6,94,30798,37598,0,CAPACITY_EXCEEDED,INVALID
768,2,6,95,30718,37518,0,CAPACITY_EXCEEDED,INVALID
769,2,6,96,30595,37395,0,CAPACITY_EXCEEDED,INVALID
770,2,6,97,29718,36318,0,CAPACITY_EXCEEDED,INVALID
771,2,6,98,29188,35788,0,CAPACITY_EXCEEDED,INVALID
772,2,6,99,29314,35914,0,CAPACITY_EXCEEDED,INVALID
773,2,7,8,28236,34636,1,FEASIBLE,WORSE
774,2,7,9,28129,34529,1,FEASIBLE,WORSE
775,2,7,10,29622,36222,0,CAPACITY_EXCEEDED,INVALID
776,2,7,11,28208,34608,1,FEASIBLE,WORSE
777,2,7,12,28431,34831,1,FEASIBLE,WORSE
778,2,7,13,27957,34357,1,FEASIBLE,WORSE
779,2,7,14,28094,34494,1,FEASIBLE,WORSE
780,2,7,15,28462,34862,1,FEASIBLE,WORSE
781,2,7,16,29623,36223,0,CAPACITY_EXCEEDED,INVALID
782,2,7,17,29696,36296,0,CAPACITY_EXCEEDED,INVALID
783,2,7,18,29524,36124,0,CAPACITY_EXCEEDED,INVALID
784,2,7,19,29616,36216,0,CAPACITY_EXCEEDED,INVALID
785,2,7,20,28402,34802,1,FEASIBLE,WORSE
786,2,7,21,27983,34383,1,FEASIBLE,WORSE
787,2,7,22,29612,36212,0,CAPACITY_EXCEEDED,INVALID
788,2,7,23,28029,34429,1,FEASIBLE,WORSE
789,2,7,24,28240,34640,1,FEASIBLE,WORSE
790,2,7,25,28612,35012,1,FEASIBLE,WORSE
791,2,7,26,28278,34678,1,FEASIBLE,WORSE
792,2,7,27,28102,34502,1,FEASIBLE,WORSE
793,2,7,28,27799,34199,1,FEASIBLE,WORSE
794,2,7,29,29680,36280,0,CAPACITY_EXCEEDED,INVALID
795,2,7,30,28235,34635,1,FEASIBLE,WORSE
796,2,7,31,29579,36179,0,CAPACITY_EXCEEDED,INVALID
797,2,7,32,28452,34852,1,FEASIBLE,WORSE
798,2,7,33,29519,36119,0,CAPACITY_EXCEEDED,INVALID
799,2,7,34,28164,34564,1,FEASIBLE,WORSE
800,2,7,35,28698,35098,1,FEASIBLE,WORSE
801,2,7,36,27993,34393,1,FEASIBLE,WORSE
802,2,7,37,28314,34714,1,FEASIBLE,WORSE
803,2,7,38,29538,36138,0,CAPACITY_EXCEEDED,INVALID
804,2,7,39,29382,35982,0,CAPACITY_EXCEEDED,INVALID
805,2,7,40,28711,35111,1,FEASIBLE,WORSE
806,2,7,41,28219,34619,1,FEASIBLE,WORSE
807,2,7,42,29581,36181,0,CAPACITY_EXCEEDED,INVALID
808,2,7,43,28469,34869,1,FEASIBLE,WORSE
809,2,7,44,28387,34787,1,FEASIBLE,WORSE
810,2,7,45,29584,36184,0,CAPACITY_EXCEEDED,INVALID
811,2,7,46,28521,34921,1,FEASIBLE,WORSE
812,2,7,47,28145,34545,1,FEASIBLE,WORSE
813,2,7,48,28474,34874,1,FEASIBLE,WORSE
814,2,7,49,29681,36281,0,CAPACITY_EXCEEDED,INVALID
815,2,7,50,29517,36117,0,CAPACITY_EXCEEDED,INVALID
816,2,7,51,28265,34665,1,FEASIBLE,WORSE
817,2,7,52,28632,35032,1,FEASIBLE,WORSE
818,2,7,53,28392,34792,1,FEASIBLE,WORSE
819,2,7,54,28205,34605,1,FEASIBLE,WORSE
820,2,7,55,29646,36246,0,CAPACITY_EXCEEDED,INVALID
821,2,7,56,28603,35003,1,FEASIBLE,WORSE
822,2,7,57,28161,34561,1,FEASIBLE,WORSE
823,2,7,58,28006,34406,1,FEASIBLE,WORSE
824,2,7,59,28165,34565,1,FEASIBLE,WORSE
825,2,7,60,29528,36128,0,CAPACITY_EXCEEDED,INVALID
826,2,7,61,28172,34572,1,FEASIBLE,WORSE
827,2,7,62,29677,36277,0,CAPACITY_EXCEEDED,INVALID
828,2,7,63,28109,34509,1,FEASIBLE,WORSE
829,2,7,64,28125,34525,1,FEASIBLE,WORSE
830,2,7,65,28268,34668,1,FEASIBLE,WORSE
831,2,7,66,28116,34516,1,FEASIBLE,WORSE
832,2,7,67,28328,34728,1,FEASIBLE,WORSE
833,2,7,68,28137,34537,1,FEASIBLE,WORSE
834,2,7,69,28422,34822,1,FEASIBLE,WORSE
835,2,7,70,28523,34923,1,FEASIBLE,WORSE
836,2,7,71,28526,34926,1,FEASIBLE,WORSE
837,2,7,72,28100,34500,1,FEASIBLE,WORSE
838,2,7,73,28056,34456,1,FEASIBLE,WORSE
839,2,7,74,28236,34636,1,FEASIBLE,WORSE
840,2,7,75,28623,35023,1,FEASIBLE,WORSE
841,2,7,76,29471,36071,0,CAPACITY_EXCEEDED,INVALID
842,2,7,77,29590,36190,0,CAPACITY_EXCEEDED,INVALID
843,2,7,78,29637,36237,0,CAPACITY_EXCEEDED,INVALID
844,2,7,79,29556,36156,0,CAPACITY_EXCEEDED,INVALID
845,2,7,80,29612,36212,0,CAPACITY_EXCEEDED,INVALID
846,2,7,81,29637,36237,0,CAPACITY_EXCEEDED,INVALID
847,2,7,82,28172,34572,1,FEASIBLE,WORSE
848,2,7,83,28321,34721,1,FEASIBLE,WORSE
849,2,7,84,28007,34407,1,FEASIBLE,WORSE
850,2,7,85,28437,34837,1,FEASIBLE,WORSE
851,2,7,86,29525,36125,0,CAPACITY_EXCEEDED,INVALID
852,2,7,87,29563,36163,0,CAPACITY_EXCEEDED,INVALID
853,2,7,88,29609,36209,0,CAPACITY_EXCEEDED,INVALID
854,2,7,89,28123,34523,1,FEASIBLE,WORSE
855,2,7,90,29663,36263,0,CAPACITY_EXCEEDED,INVALID
856,2,7,91,28133,34533,1,FEASIBLE,WORSE
857,2,7,92,28262,34662,1,FEASIBLE,WORSE
858,2,7,93,28052,34452,1,FEASIBLE,WORSE
859,2,7,94,29710,36310,0,CAPACITY_EXCEEDED,INVALID
860,2,7,95,29630,36230,0,CAPACITY_EXCEEDED,INVALID
861,2,7,96,29507,36107,0,CAPACITY_EXCEEDED,INVALID
862,2,7,97,28630,35030,1,FEASIBLE,WORSE
863,2,7,98,28100,34500,1,FEASIBLE,WORSE
864,2,7,99,28226,34626,1,FEASIBLE,WORSE
865,2,8,9,27956,34356,1,FEASIBLE,WORSE
866,2,8,10,29449,36049,0,CAPACITY_EXCEEDED,INVALID
867,2,8,11,28035,34435,1,FEASIBLE,WORSE
868,2,8,12,28258,34658,1,FEASIBLE,WORSE
869,2,8,13,27784,34184,1,FEASIBLE,WORSE
870,2,8,14,27921,34321,1,FEASIBLE,WORSE
871,2,8,15,28289,34689,1,FEASIBLE,WORSE
872,2,8,16,29450,36050,0,CAPACITY_EXCEEDED,INVALID
873,2,8,17,29523,36123,0,CAPACITY_EXCEEDED,INVALID
874,2,8,18,29351,35951,0,CAPACITY_EXCEEDED,INVALID
875,2,8,19,29443,36043,0,CAPACITY_EXCEEDED,INVALID
876,2,8,20,28229,34629,1,FEASIBLE,WORSE
877,2,8,21,27810,34210,1,FEASIBLE,WORSE
878,2,8,22,29439,36039,0,CAPACITY_EXCEEDED,INVALID
879,2,8,23,27856,34256,1,FEASIBLE,WORSE
880,2,8,24,28067,34467,1,FEASIBLE,WORSE
881,2,8,25,28439,34839,1,FEASIBLE,WORSE
882,2,8,26,28105,34505,1,FEASIBLE,WORSE
883,2,8,27,27929,34329,1,FEASIBLE,WORSE
884,2,8,28,27626,34026,1,FEASIBLE,WORSE
885,2,8,29,29507,36107,0,CAPACITY_EXCEEDED,INVALID
886,2,8,30,28062,34462,1,FEASIBLE,WORSE
887,2,8,31,29406,36006,0,CAPACITY_EXCEEDED,INVALID
888,2,8,32,28279,34679,1,FEASIBLE,WORSE
889,2,8,33,29346,35946,0,CAPACITY_EXCEEDED,INVALID
890,2,8,34,27991,34391,1,FEASIBLE,WORSE
891,2,8,35,28525,34925,1,FEASIBLE,WORSE
892,2,8,36,27820,34220,1,FEASIBLE,WORSE
893,2,8,37,28141,34541,1,FEASIBLE,WORSE
894,2,8,38,29365,35965,0,CAPACITY_EXCEEDED,INVALID
895,2,8,39,29209,35809,0,CAPACITY_EXCEEDED,INVALID
896,2,8,40,28538,34938,1,FEASIBLE,WORSE
897,2,8,41,28046,34446,1,FEASIBLE,WORSE
898,2,8,42,29408,36008,0,CAPACITY_EXCEEDED,INVALID
899,2,8,43,28296,34696,1,FEASIBLE,WORSE
900,2,8,44,28214,34614,1,FEASIBLE,WORSE
901,2,8,45,29411,36011,0,CAPACITY_EXCEEDED,INVALID
902,2,8,46,28348,34748,1,FEASIBLE,WORSE
903,2,8,47,27972,34372,1,FEASIBLE,WORSE
904,2,8,48,28301,34701,1,FEASIBLE,WORSE
905,2,8,49,29508,36108,0,CAPACITY_EXCEEDED,INVALID
906,2,8,50,29344,35944,0,CAPACITY_EXCEEDED,INVALID
907,2,8,51,28092,34492,1,FEASIBLE,WORSE
908,2,8,52,28459,34859,1,FEASIBLE,WORSE
909,2,8,53,28219,34619,1,FEASIBLE,WORSE
910,2,8,54,28032,34432,1,FEASIBLE,WORSE
911,2,8,55,29473,36073,0,CAPACITY_EXCEEDED,INVALID
912,2,8,56,28430,34830,1,FEASIBLE,WORSE
913,2,8,57,27988,34388,1,FEASIBLE,WORSE
914,2,8,58,27833,34233,1,FEASIBLE,WORSE
915,2,8,59,27992,34392,1,FEASIBLE,WORSE
916,2,8,60,29355,35955,0,CAPACITY_EXCEEDED,INVALID
917,2,8,61,27999,34399,1,FEASIBLE,WORSE
918,2,8,62,29504,36104,0,CAPACITY_EXCEEDED,INVALID
919,2,8,63,27936,34336,1,FEASIBLE,WORSE
920,2,8,64,27952,34352,1,FEASIBLE,WORSE
921,2,8,65,28095,34495,1,FEASIBLE,WORSE
922,2,8,66,27943,34343,1,FEASIBLE,WORSE
923,2,8,67,28155,34555,1,FEASIBLE,WORSE
924,2,8,68,27964,34364,1,FEASIBLE,WORSE
925,2,8,69,28249,34649,1,FEASIBLE,WORSE
926,2,8,70,28350,34750,1,FEASIBLE,WORSE
927,2,8,71,28353,34753,1,FEASIBLE,WORSE
928,2,8,72,27927,34327,1,FEASIBLE,WORSE
929,2,8,73,27883,34283,1,FEASIBLE,WORSE
930,2,8,74,28063,34463,1,FEASIBLE,WORSE
931,2,8,75,28450,34850,1,FEASIBLE,WORSE
932,2,8,76,29298,35898,0,CAPACITY_EXCEEDED,INVALID
933,2,8,77,29417,36017,0,CAPACITY_EXCEEDED,INVALID
934,2,8,78,29464,36064,0,CAPACITY_EXCEEDED,INVALID
935,2,8,79,29383,35983,0,CAPACITY_EXCEEDED,INVALID
936,2,8,80,29439,36039,0,CAPACITY_EXCEEDED,INVALID
937,2,8,81,29464,36064,0,CAPACITY_EXCEEDED,INVALID
938,2,8,82,27999,34399,1,FEASIBLE,WORSE
939,2,8,83,28148,34548,1,FEASIBLE,WORSE
940,2,8,84,27834,34234,1,FEASIBLE,WORSE
941,2,8,85,28264,34664,1,FEASIBLE,WORSE
942,2,8,86,29352,35952,0,CAPACITY_EXCEEDED,INVALID
943,2,8,87,29390,35990,0,CAPACITY_EXCEEDED,INVALID
944,2,8,88,29436,36036,0,CAPACITY_EXCEEDED,INVALID
945,2,8,89,27950,34350,1,FEASIBLE,WORSE
946,2,8,90,29490,36090,0,CAPACITY_EXCEEDED,INVALID
947,2,8,91,27960,34360,1,FEASIBLE,WORSE
948,2,8,92,28089,34489,1,FEASIBLE,WORSE
949,2,8,93,27879,34279,1,FEASIBLE,WORSE
950,2,8,94,29537,36137,0,CAPACITY_EXCEEDED,INVALID
951,2,8,95,29457,36057,0,CAPACITY_EXCEEDED,INVALID
952,2,8,96,29334,35934,0,CAPACITY_EXCEEDED,INVALID
953,2,8,97,28457,34857,1,FEASIBLE,WORSE
954,2,8,98,27927,34327,1,FEASIBLE,WORSE
955,2,8,99,28053,34453,1,FEASIBLE,WORSE
956,2,9,10,29342,35942,0,CAPACITY_EXCEEDED,INVALID
957,2,9,11,27928,34328,1,FEASIBLE,WORSE
958,2,9,12,28151,34551,1,FEASIBLE,WORSE
959,2,9,13,27677,34077,1,FEASIBLE,WORSE
960,2,9,14,27814,34214,1,FEASIBLE,WORSE
961,2,9,15,28182,34582,1,FEASIBLE,WORSE
962,2,9,16,29343,35943,0,CAPACITY_EXCEEDED,INVALID
963,2,9,17,29416,36016,0,CAPACITY_EXCEEDED,INVALID
964,2,9,18,29244,35844,0,CAPACITY_EXCEEDED,INVALID
965,2,9,19,29336,35936,0,CAPACITY_EXCEEDED,INVALID
966,2,9,20,28122,34522,1,FEASIBLE,WORSE
967,2,9,21,27703,34103,1,FEASIBLE,WORSE
968,2,9,22,29332,35932,0,CAPACITY_EXCEEDED,INVALID
969,2,9,23,27749,34149,1,FEASIBLE,WORSE
970,2,9,24,27960,34360,1,FEASIBLE,WORSE
971,2,9,25,28332,34732,1,FEASIBLE,WORSE
972,2,9,26,27998,34398,1,FEASIBLE,WORSE
973,2,9,27,27822,34222,1,FEASIBLE,WORSE
974,2,9,28,27519,33919,1,FEASIBLE,WORSE
975,2,9,29,29400,36000,0,CAPACITY_EXCEEDED,INVALID
976,2,9,30,27955,34355,1,FEASIBLE,WORSE
977,2,9,31,29299,35899,0,CAPACITY_EXCEEDED,INVALID
978,2,9,32,28172,34572,1,FEASIBLE,WORSE
979,2,9,33,29239,35839,0,CAPACITY_EXCEEDED,INVALID
980,2,9,34,27884,34284,1,FEASIBLE,WORSE
981,2,9,35,28418,34818,1,FEASIBLE,WORSE
982,2,9,36,27713,34113,1,FEASIBLE,WORSE
983,2,9,37,28034,34434,1,FEASIBLE,WORSE
984,2,9,38,29258,35858,0,CAPACITY_EXCEEDED,INVALID
985,2,9,39,29102,35702,0,CAPACITY_EXCEEDED,INVALID
986,2,9,40,28431,34831,1,FEASIBLE,WORSE
987,2,9,41,27939,34339,1,FEASIBLE,WORSE
988,2,9,42,29301,35901,0,CAPACITY_EXCEEDED,INVALID
989,2,9,43,28189,34589,1,FEASIBLE,WORSE
990,2,9,44,28107,34507,1,FEASIBLE,WORSE
991,2,9,45,29304,35904,0,CAPACITY_EXCEEDED,INVALID
992,2,9,46,28241,34641,1,FEASIBLE,WORSE
993,2,9,47,27865,34265,1,FEASIBLE,WORSE
994,2,9,48,28194,34594,1,FEASIBLE,WORSE
995,2,9,49,29401,36001,0,CAPACITY_EXCEEDED,INVALID
996,2,9,50,29237,35837,0,CAPACITY_EXCEEDED,INVALID
997,2,9,51,27985,34385,1,FEASIBLE,WORSE
998,2,9,52,28352,34752,1,FEASIBLE,WORSE
999,2,9,53,28112,34512,1,FEASIBLE,WORSE
1000,2,9,54,27925,34325,1,FEASIBLE,WORSE
1001,2,9,55,29366,35966,0,CAPACITY_EXCEEDED,INVALID
1002,2,9,56,28323,34723,1,FEASIBLE,WORSE
1003,2,9,57,27881,34281,1,FEASIBLE,WORSE
1004,2,9,58,27726,34126,1,FEASIBLE,WORSE
1005,2,9,59,27885,34285,1,FEASIBLE,WORSE
1006,2,9,60,29248,35848,0,CAPACITY_EXCEEDED,INVALID
1007,2,9,61,27892,34292,1,FEASIBLE,WORSE
1008,2,9,62,29397,35997,0,CAPACITY_EXCEEDED,INVALID
1009,2,9,63,27829,34229,1,FEASIBLE,WORSE
1010,2,9,64,27845,34245,1,FEASIBLE,WORSE
1011,2,9,65,27988,34388,1,FEASIBLE,WORSE
1012,2,9,66,27836,34236,1,FEASIBLE,WORSE
1013,2,9,67,28048,34448,1,FEASIBLE,WORSE
1014,2,9,68,27857,34257,1,FEASIBLE,WORSE
1015,2,9,69,28142,34542,1,FEASIBLE,WORSE
1016,2,9,70,28243,34643,1,FEASIBLE,WORSE
1017,2,9,71,28246,34646,1,FEASIBLE,WORSE
1018,2,9,72,27820,34220,1,FEASIBLE,WORSE
1019,2,9,73,27776,34176,1,FEASIBLE,WORSE
1020,2,9,74,27956,34356,1,FEASIBLE,WORSE
1021,2,9,75,28343,34743,1,FEASIBLE,WORSE
1022,2,9,76,29191,35791,0,CAPACITY_EXCEEDED,INVALID
1023,2,9,77,29310,35910,0,CAPACITY_EXCEEDED,INVALID
1024,2,9,78,29357,35957,0,CAPACITY_EXCEEDED,INVALID
1025,2,9,79,29276,35876,0,CAPACITY_EXCEEDED,INVALID
1026,2,9,80,29332,35932,0,CAPACITY_EXCEEDED,INVALID
1027,2,9,81,29357,35957,0,CAPACITY_EXCEEDED,INVALID
1028,2,9,82,27892,34292,1,FEASIBLE,WORSE
1029,2,9,83,28041,34441,1,FEASIBLE,WORSE
1030,2,9,84,27727,34127,1,FEASIBLE,WORSE
1031,2,9,85,28157,34557,1,FEASIBLE,WORSE
1032,2,9,86,29245,35845,0,CAPACITY_EXCEEDED,INVALID
1033,2,9,87,29283,35883,0,CAPACITY_EXCEEDED,INVALID
1034,2,9,88,29329,35929,0,CAPACITY_EXCEEDED,INVALID
1035,2,9,89,27843,34243,1,FEASIBLE,WORSE
1036,2,9,90,29383,35983,0,CAPACITY_EXCEEDED,INVALID
1037,2,9,91,27853,34253,1,FEASIBLE,WORSE
1038,2,9,92,27982,34382,1,FEASIBLE,WORSE
1039,2,9,93,27772,34172,1,FEASIBLE,WORSE
1040,2,9,94,29430,36030,0,CAPACITY_EXCEEDED,INVALID
1041,2,9,95,29350,35950,0,CAPACITY_EXCEEDED,INVALID
1042,2,9,96,29227,35827,0,CAPACITY_EXCEEDED,INVALID
1043,2,9,97,28350,34750,1,FEASIBLE,WORSE
1044,2,9,98,27820,34220,1,FEASIBLE,WORSE
1045,2,9,99,27946,34346,1,FEASIBLE,WORSE
1046,2,10,11,29421,36021,0,CAPACITY_EXCEEDED,INVALID
1047,2,10,12,29644,36244,0,CAPACITY_EXCEEDED,INVALID
1048,2,10,13,29170,35770,0,CAPACITY_EXCEEDED,INVALID
1049,2,10,14,29307,35907,0,CAPACITY_EXCEEDED,INVALID
1050,2,10,15,29675,36275,0,CAPACITY_EXCEEDED,INVALID
1051,2,10,16,30836,37636,0,CAPACITY_EXCEEDED,INVALID
1052,2,10,17,30909,37709,0,CAPACITY_EXCEEDED,INVALID
1053,2,10,18,30737,37537,0,CAPACITY_EXCEEDED,INVALID
1054,2,10,19,30829,37629,0,CAPACITY_EXCEEDED,INVALID
1055,2,10,20,29615,36215,0,CAPACITY_EXCEEDED,INVALID
1056,2,10,21,29196,35796,0,CAPACITY_EXCEEDED,INVALID
1057,2,10,22,30825,37625,0,CAPACITY_EXCEEDED,INVALID
1058,2,10,23,29242,35842,0,CAPACITY_EXCEEDED,INVALID
1059,2,10,24,29453,36053,0,CAPACITY_EXCEEDED,INVALID
1060,2,10,25,29825,36425,0,CAPACITY_EXCEEDED,INVALID
1061,2,10,26,29491,36091,0,CAPACITY_EXCEEDED,INVALID
1062,2,10,27,29315,35915,0,CAPACITY_EXCEEDED,INVALID
1063,2,10,28,29012,35612,1,FEASIBLE,WORSE
1064,2,10,29,30893,37693,0,CAPACITY_EXCEEDED,INVALID
1065,2,10,30,29448,36048,0,CAPACITY_EXCEEDED,INVALID
1066,2,10,31,30792,37592,0,CAPACITY_EXCEEDED,INVALID
1067,2,10,32,29665,36265,0,CAPACITY_EXCEEDED,INVALID
1068,2,10,33,30732,37532,0,CAPACITY_EXCEEDED,INVALID
1069,2,10,34,29377,35977,0,CAPACITY_EXCEEDED,INVALID
1070,2,10,35,29911,36511,0,CAPACITY_EXCEEDED,INVALID
1071,2,10,36,29206,35806,0,CAPACITY_EXCEEDED,INVALID
1072,2,10,37,29527,36127,0,CAPACITY_EXCEEDED,INVALID
1073,2,10,38,30751,37551,0,CAPACITY_EXCEEDED,INVALID
1074,2,10,39,30595,37395,0,CAPACITY_EXCEEDED,INVALID
1075,2,10,40,29924,36524,0,CAPACITY_EXCEEDED,INVALID
1076,2,10,41,29432,36032,0,CAPACITY_EXCEEDED,INVALID
1077,2,10,42,30794,37594,0,CAPACITY_EXCEEDED,INVALID
1078,2,10,43,29682,36282,0,CAPACITY_EXCEEDED,INVALID
1079,2,10,44,29600,36200,0,CAPACITY_EXCEEDED,INVALID
1080,2,10,45,30797,37597,0,CAPACITY_EXCEEDED,INVALID
1081,2,10,46,29734,36334,0,CAPACITY_EXCEEDED,INVALID
1082,2,10,47,29358,35958,0,CAPACITY_EXCEEDED,INVALID
1083,2,10,48,29687,36287,0,CAPACITY_EXCEEDED,INVALID
1084,2,10,49,30894,37694,0,CAPACITY_EXCEEDED,INVALID
1085,2,10,50,30730,37530,0,CAPACITY_EXCEEDED,INVALID
1086,2,10,51,29478,36078,0,CAPACITY_EXCEEDED,INVALID
1087,2,10,52,29845,36445,0,CAPACITY_EXCEEDED,INVALID
1088,2,10,53,29605,36205,0,CAPACITY_EXCEEDED,INVALID
1089,2,10,54,29418,36018,0,CAPACITY_EXCEEDED,INVALID
1090,2,10,55,30859,37659,0,CAPACITY_EXCEEDED,INVALID
1091,2,10,56,29816,36416,0,CAPACITY_EXCEEDED,INVALID
1092,2,10,57,29374,35974,0,CAPACITY_EXCEEDED,INVALID
1093,2,10,58,29219,35819,0,CAPACITY_EXCEEDED,INVALID
1094,2,10,59,29378,35978,0,CAPACITY_EXCEEDED,INVALID
1095,2,10,60,30741,37541,0,CAPACITY_EXCEEDED,INVALID
1096,2,10,61,29385,35985,0,CAPACITY_EXCEEDED,INVALID
1097,2,10,62,30890,37690,0,CAPACITY_EXCEEDED,INVALID
1098,2,10,63,29322,35922,0,CAPACITY_EXCEEDED,INVALID
1099,2,10,64,29338,35938,0,CAPACITY_EXCEEDED,INVALID
1100,2,10,65,29481,36081,0,CAPACITY_EXCEEDED,INVALID
1101,2,10,66,29329,35929,0,CAPACITY_EXCEEDED,INVALID
1102,2,10,67,29541,36141,0,CAPACITY_EXCEEDED,INVALID
1103,2,10,68,29350,35950,0,CAPACITY_EXCEEDED,INVALID
1104,2,10,69,29635,36235,0,CAPACITY_EXCEEDED,INVALID
1105,2,10,70,29736,36336,0,CAPACITY_EXCEEDED,INVALID
1106,2,10,71,29739,36339,0,CAPACITY_EXCEEDED,INVALID
1107,2,10,72,29313,35913,0,CAPACITY_EXCEEDED,INVALID
1108,2,10,73,29269,35869,0,CAPACITY_EXCEEDED,INVALID
1109,2,10,74,29449,36049,0,CAPACITY_EXCEEDED,INVALID
1110,2,10,75,29836,36436,0,CAPACITY_EXCEEDED,INVALID
1111,2,10,76,30684,37484,0,CAPACITY_EXCEEDED,INVALID
1112,2,10,77,30803,37603,0,CAPACITY_EXCEEDED,INVALID
1113,2,10,78,30850,37650,0,CAPACITY_EXCEEDED,INVALID
1114,2,10,79,30769,37569,0,CAPACITY_EXCEEDED,INVALID
1115,2,10,80,30825,37625,0,CAPACITY_EXCEEDED,INVALID
1116,2,10,81,30850,37650,0,CAPACITY_EXCEEDED,INVALID
1117,2,10,82,29385,35985,0,CAPACITY_EXCEEDED,INVALID
1118,2,10,83,29534,36134,0,CAPACITY_EXCEEDED,INVALID
1119,2,10,84,29220,35820,0,CAPACITY_EXCEEDED,INVALID
1120,2,10,85,29650,36250,0,CAPACITY_EXCEEDED,INVALID
1121,2,10,86,30738,37538,0,CAPACITY_EXCEEDED,INVALID
1122,2,10,87,30776,37576,0,CAPACITY_EXCEEDED,INVALID
1123,2,10,88,30822,37622,0,CAPACITY_EXCEEDED,INVALID
1124,2,10,89,29336,35936,0,CAPACITY_EXCEEDED,INVALID
1125,2,10,90,30876,37676,0,CAPACITY_EXCEEDED,INVALID
1126,2,10,91,29346,35946,0,CAPACITY_EXCEEDED,INVALID
1127,2,10,92,29475,36075,0,CAPACITY_EXCEEDED,INVALID
1128,2,10,93,29265,35865,0,CAPACITY_EXCEEDED,INVALID
1129,2,10,94,30923,37723,0,CAPACITY_EXCEEDED,INVALID
1130,2,10,95,30843,37643,0,CAPACITY_EXCEEDED,INVALID
1131,2,10,96,30720,37520,0,CAPACITY_EXCEEDED,INVALID
1132,2,10,97,29843,36443,0,CAPACITY_EXCEEDED,INVALID
1133,2,10,98,29313,35913,0,CAPACITY_EXCEEDED,INVALID
1134,2,10,99,29439,36039,0,CAPACITY_EXCEEDED,INVALID
1135,2,11,12,28230,34630,1,FEASIBLE,WORSE
1136,2,11,13,27756,34156,1,FEASIBLE,WORSE
1137,2,11,14,27893,34293,1,FEASIBLE,WORSE
1138,2,11,15,28261,34661,1,FEASIBLE,WORSE
1139,2,11,16,29422,36022,0,CAPACITY_EXCEEDED,INVALID
1140,2,11,17,29495,36095,0,CAPACITY_EXCEEDED,INVALID
1141,2,11,18,29323,35923,0,CAPACITY_EXCEEDED,INVALID
1142,2,11,19,29415,36015,0,CAPACITY_EXCEEDED,INVALID
1143,2,11,20,28201,34601,1,FEASIBLE,WORSE
1144,2,11,21,27782,34182,1,FEASIBLE,WORSE
1145,2,11,22,29411,36011,0,CAPACITY_EXCEEDED,INVALID
1146,2,11,23,27828,34228,1,FEASIBLE,WORSE
1147,2,11,24,28039,34439,1,FEASIBLE,WORSE
1148,2,11,25,28411,34811,1,FEASIBLE,WORSE
1149,2,11,26,28077,34477,1,FEASIBLE,WORSE
1150,2,11,27,27901,34301,1,FEASIBLE,WORSE
1151,2,11,28,27598,33998,1,FEASIBLE,WORSE
1152,2,11,29,29479,36079,0,CAPACITY_EXCEEDED,INVALID
1153,2,11,30,28034,34434,1,FEASIBLE,WORSE
1154,2,11,31,29378,35978,0,CAPACITY_EXCEEDED,INVALID
1155,2,11,32,28251,34651,1,FEASIBLE,WORSE
1156,2,11,33,29318,35918,0,CAPACITY_EXCEEDED,INVALID
1157,2,11,34,27963,34363,1,FEASIBLE,WORSE
1158,2,11,35,28497,34897,1,FEASIBLE,WORSE
1159,2,11,36,27792,34192,1,FEASIBLE,WORSE
1160,2,11,37,28113,34513,1,FEASIBLE,WORSE
1161,2,11,38,29337,35937,0,CAPACITY_EXCEEDED,INVALID
1162,2,11,39,29181,35781,0,CAPACITY_EXCEEDED,INVALID
1163,2,11,40,28510,34910,1,FEASIBLE,WORSE
1164,2,11,41,28018,34418,1,FEASIBLE,WORSE
1165,2,11,42,29380,35980,0,CAPACITY_EXCEEDED,INVALID
1166,2,11,43,28268,34668,1,FEASIBLE,WORSE
1167,2,11,44,28186,34586,1,FEASIBLE,WORSE
1168,2,11,45,29383,35983,0,CAPACITY_EXCEEDED,INVALID
1169,2,11,46,28320,34720,1,FEASIBLE,WORSE
1170,2,11,47,27944,34344,1,FEASIBLE,WORSE
1171,2,11,48,28273,34673,1,FEASIBLE,WORSE
1172,2,11,49,29480,36080,0,CAPACITY_EXCEEDED,INVALID
1173,2,11,50,29316,35916,0,CAPACITY_EXCEEDED,INVALID
1174,2,11,51,28064,34464,1,FEASIBLE,WORSE
1175,2,11,52,28431,34831,1,FEASIBLE,WORSE
1176,2,11,53,28191,34591,1,FEASIBLE,WORSE
1177,2,11,54,28004,34404,1,FEASIBLE,WORSE
1178,2,11,55,29445,36045,0,CAPACITY_EXCEEDED,INVALID
1179,2,11,56,28402,34802,1,FEASIBLE,WORSE
1180,2,11,57,27960,34360,1,FEASIBLE,WORSE
1181,2,11,58,27805,34205,1,FEASIBLE,WORSE
1182,2,11,59,27964,34364,1,FEASIBLE,WORSE
1183,2,11,60,29327,35927,0,CAPACITY_EXCEEDED,INVALID
1184,2,11,61,27971,34371,1,FEASIBLE,WORSE
1185,2,11,62,29476,36076,0,CAPACITY_EXCEEDED,INVALID
1186,2,11,63,27908,34308,1,FEASIBLE,WORSE
1187,2,11,64,27924,34324,1,FEASIBLE,WORSE
1188,2,11,65,28067,34467,1,FEASIBLE,WORSE
1189,2,11,66,27915,34315,1,FEASIBLE,WORSE
1190,2,11,67,28127,34527,1,FEASIBLE,WORSE
1191,2,11,68,27936,34336,1,FEASIBLE,WORSE
1192,2,11,69,28221,34621,1,FEASIBLE,WORSE
1193,2,11,70,28322,34722,1,FEASIBLE,WORSE
1194,2,11,71,28325,34725,1,FEASIBLE,WORSE
1195,2,11,72,27899,34299,1,FEASIBLE,WORSE
1196,2,11,73,27855,34255,1,FEASIBLE,WORSE
1197,2,11,74,28035,34435,1,FEASIBLE,WORSE
1198,2,11,75,28422,34822,1,FEASIBLE,WORSE
1199,2,11,76,29270,35870,0,CAPACITY_EXCEEDED,INVALID
1200,2,11,77,29389,35989,0,CAPACITY_EXCEEDED,INVALID
1201,2,11,78,29436,36036,0,CAPACITY_EXCEEDED,INVALID
1202,2,11,79,29355,35955,0,CAPACITY_EXCEEDED,INVALID
1203,2,11,80,29411,36011,0,CAPACITY_EXCEEDED,INVALID
1204,2,11,81,29436,36036,0,CAPACITY_EXCEEDED,INVALID
1205,2,11,82,27971,34371,1,FEASIBLE,WORSE
1206,2,11,83,28120,34520,1,FEASIBLE,WORSE
1207,2,11,84,27806,34206,1,FEASIBLE,WORSE
1208,2,11,85,28236,34636,1,FEASIBLE,WORSE
1209,2,11,86,29324,35924,0,CAPACITY_EXCEEDED,INVALID
1210,2,11,87,29362,35962,0,CAPACITY_EXCEEDED,INVALID
1211,2,11,88,29408,36008,0,CAPACITY_EXCEEDED,INVALID
1212,2,11,89,27922,34322,1,FEASIBLE,WORSE
1213,2,11,90,29462,36062,0,CAPACITY_EXCEEDED,INVALID
1214,2,11,91,27932,34332,1,FEASIBLE,WORSE
1215,2,11,92,28061,34461,1,FEASIBLE,WORSE
1216,2,11,93,27851,34251,1,FEASIBLE,WORSE
1217,2,11,94,29509,36109,0,CAPACITY_EXCEEDED,INVALID
1218,2,11,95,29429,36029,0,CAPACITY_EXCEEDED,INVALID
1219,2,11,96,29306,35906,0,CAPACITY_EXCEEDED,INVALID
1220,2,11,97,28429,34829,1,FEASIBLE,WORSE
1221,2,11,98,27899,34299,1,FEASIBLE,WORSE
1222,2,11,99,28025,34425,1,FEASIBLE,WORSE
1223,2,12,13,27979,34379,1,FEASIBLE,WORSE
1224,2,12,14,28116,34516,1,FEASIBLE,WORSE
1225,2,12,15,28484,34884,1,FEASIBLE,WORSE
1226,2,12,16,29645,36245,0,CAPACITY_EXCEEDED,INVALID
1227,2,12,17,29718,36318,0,CAPACITY_EXCEEDED,INVALID
1228,2,12,18,29546,36146,0,CAPACITY_EXCEEDED,INVALID
1229,2,12,19,29638,36238,0,CAPACITY_EXCEEDED,INVALID
1230,2,12,20,28424,34824,1,FEASIBLE,WORSE
1231,2,12,21,28005,34405,1,FEASIBLE,WORSE
1232,2,12,22,29634,36234,0,CAPACITY_EXCEEDED,INVALID
1233,2,12,23,28051,34451,1,FEASIBLE,WORSE
1234,2,12,24,28262,34662,1,FEASIBLE,WORSE
1235,2,12,25,28634,35034,1,FEASIBLE,WORSE
1236,2,12,26,28300,34700,1,FEASIBLE,WORSE
1237,2,12,27,28124,34524,1,FEASIBLE,WORSE
1238,2,12,28,27821,34221,1,FEASIBLE,WORSE
1239,2,12,29,29702,36302,0,CAPACITY_EXCEEDED,INVALID
1240,2,12,30,28257,34657,1,FEASIBLE,WORSE
1241,2,12,31,29601,36201,0,CAPACITY_EXCEEDED,INVALID
1242,2,12,32,28474,34874,1,FEASIBLE,WORSE
1243,2,12,33,29541,36141,0,CAPACITY_EXCEEDED,INVALID
1244,2,12,34,28186,34586,1,FEASIBLE,WORSE
1245,2,12,35,28720,35120,1,FEASIBLE,WORSE
1246,2,12,36,28015,34415,1,FEASIBLE,WORSE
1247,2,12,37,28336,34736,1,FEASIBLE,WORSE
1248,2,12,38,29560,36160,0,CAPACITY_EXCEEDED,INVALID
1249,2,12,39,29404,36004,0,CAPACITY_EXCEEDED,INVALID
1250,2,12,40,28733,35133,1,FEASIBLE,WORSE
1251,2,12,41,28241,34641,1,FEASIBLE,WORSE
1252,2,12,42,29603,36203,0,CAPACITY_EXCEEDED,INVALID
1253,2,12,43,28491,34891,1,FEASIBLE,WORSE
1254,2,12,44,28409,34809,1,FEASIBLE,WORSE
1255,2,12,45,29606,36206,0,CAPACITY_EXCEEDED,INVALID
1256,2,12,46,28543,34943,1,FEASIBLE,WORSE
1257,2,12,47,28167,34567,1,FEASIBLE,WORSE
1258,2,12,48,28496,34896,1,FEASIBLE,WORSE
1259,2,12,49,29703,36303,0,CAPACITY_EXCEEDED,INVALID
1260,2,12,50,29539,36139,0,CAPACITY_EXCEEDED,INVALID
1261,2,12,51,28287,34687,1,FEASIBLE,WORSE
1262,2,12,52,28654,35054,1,FEASIBLE,WORSE
1263,2,12,53,28414,34814,1,FEASIBLE,WORSE
1264,2,12,54,28227,34627,1,FEASIBLE,WORSE
1265,2,12,55,29668,36268,0,CAPACITY_EXCEEDED,INVALID
1266,2,12,56,28625,35025,1,FEASIBLE,WORSE
1267,2,12,57,28183,34583,1,FEASIBLE,WORSE
1268,2,12,58,28028,34428,1,FEASIBLE,WORSE
1269,2,12,59,28187,34587,1,FEASIBLE,WORSE
1270,2,12,60,29550,36150,0,CAPACITY_EXCEEDED,INVALID
1271,2,12,61,28194,34594,1,FEASIBLE,WORSE
1272,2,12,62,29699,36299,0,CAPACITY_EXCEEDED,INVALID
1273,2,12,63,28131,34531,1,FEASIBLE,WORSE
1274,2,12,64,28147,34547,1,FEASIBLE,WORSE
1275,2,12,65,28290,34690,1,FEASIBLE,WORSE
1276,2,12,66,28138,34538,1,FEASIBLE,WORSE
1277,2,12,67,28350,34750,1,FEASIBLE,WORSE
1278,2,12,68,28159,34559,1,FEASIBLE,WORSE
1279,2,12,69,28444,34844,1,FEASIBLE,WORSE
1280,2,12,70,28545,34945,1,FEASIBLE,WORSE
1281,2,12,71,28548,34948,1,FEASIBLE,WORSE
1282,2,12,72,28122,34522,1,FEASIBLE,WORSE
1283,2,12,73,28078,34478,1,FEASIBLE,WORSE
1284,2,12,74,28258,34658,1,FEASIBLE,WORSE
1285,2,12,75,28645,35045,1,FEASIBLE,WORSE
1286,2,12,76,29493,36093,0,CAPACITY_EXCEEDED,INVALID
1287,2,12,77,29612,36212,0,CAPACITY_EXCEEDED,INVALID
1288,2,12,78,29659,36259,0,CAPACITY_EXCEEDED,INVALID
1289,2,12,79,29578,36178,0,CAPACITY_EXCEEDED,INVALID
1290,2,12,80,29634,36234,0,CAPACITY_EXCEEDED,INVALID
1291,2,12,81,29659,36259,0,CAPACITY_EXCEEDED,INVALID
1292,2,12,82,28194,34594,1,FEASIBLE,WORSE
1293,2,12,83,28343,34743,1,FEASIBLE,WORSE
1294,2,12,84,28029,34429,1,FEASIBLE,WORSE
1295,2,12,85,28459,34859,1,FEASIBLE,WORSE
1296,2,12,86,29547,36147,0,CAPACITY_EXCEEDED,INVALID
1297,2,12,87,29585,36185,0,CAPACITY_EXCEEDED,INVALID
1298,2,12,88,29631,36231,0,CAPACITY_EXCEEDED,INVALID
1299,2,12,89,28145,34545,1,FEASIBLE,WORSE
1300,2,12,90,29685,36285,0,CAPACITY_EXCEEDED,INVALID
1301,2,12,91,28155,34555,1,FEASIBLE,WORSE
1302,2,12,92,28284,34684,1,FEASIBLE,WORSE
1303,2,12,93,28074,34474,1,FEASIBLE,WORSE
1304,2,12,94,29732,36332,0,CAPACITY_EXCEEDED,INVALID
1305,2,12,95,29652,36252,0,CAPACITY_EXCEEDED,INVALID
1306,2,12,96,29529,36129,0,CAPACITY_EXCEEDED,INVALID
1307,2,12,97,28652,35052,1,FEASIBLE,WORSE
1308,2,12,98,28122,34522,1,FEASIBLE,WORSE
1309,2,12,99,28248,34648,1,FEASIBLE,WORSE
1310,2,13,14,27642,34042,1,FEASIBLE,WORSE
1311,2,13,15,28010,34410,1,FEASIBLE,WORSE
1312,2,13,16,29171,35771,0,CAPACITY_EXCEEDED,INVALID
1313,2,13,17,29244,35844,0,CAPACITY_EXCEEDED,INVALID
1314,2,13,18,29072,35672,0,CAPACITY_EXCEEDED,INVALID
1315,2,13,19,29164,35764,0,CAPACITY_EXCEEDED,INVALID
1316,2,13,20,27950,34350,1,FEASIBLE,WORSE
1317,2,13,21,27531,33931,1,FEASIBLE,WORSE
1318,2,13,22,29160,35760,0,CAPACITY_EXCEEDED,INVALID
1319,2,13,23,27577,33977,1,FEASIBLE,WORSE
1320,2,13,24,27788,34188,1,FEASIBLE,WORSE
1321,2,13,25,28160,34560,1,FEASIBLE,WORSE
1322,2,13,26,27826,34226,1,FEASIBLE,WORSE
1323,2,13,27,27650,34050,1,FEASIBLE,WORSE
1324,2,13,28,27347,33747,1,FEASIBLE,WORSE
1325,2,13,29,29228,35828,0,CAPACITY_EXCEEDED,INVALID
1326,2,13,30,27783,34183,1,FEASIBLE,WORSE
1327,2,13,31,29127,35727,0,CAPACITY_EXCEEDED,INVALID
1328,2,13,32,28000,34400,1,FEASIBLE,WORSE
1329,2,13,33,29067,35667,0,CAPACITY_EXCEEDED,INVALID
1330,2,13,34,27712,34112,1,FEASIBLE,WORSE
1331,2,13,35,28246,34646,1,FEASIBLE,WORSE
1332,2,13,36,27541,33941,1,FEASIBLE,WORSE
1333,2,13,37,27862,34262,1,FEASIBLE,WORSE
1334,2,13,38,29086,35686,0,CAPACITY_EXCEEDED,INVALID
1335,2,13,39,28930,35530,1,FEASIBLE,WORSE
1336,2,13,40,28259,34659,1,FEASIBLE,WORSE
1337,2,13,41,27767,34167,1,FEASIBLE,WORSE
1338,2,13,42,29129,35729,0,CAPACITY_EXCEEDED,INVALID
1339,2,13,43,28017,34417,1,FEASIBLE,WORSE
1340,2,13,44,27935,34335,1,FEASIBLE,WORSE
1341,2,13,45,29132,35732,0,CAPACITY_EXCEEDED,INVALID
1342,2,13,46,28069,34469,1,FEASIBLE,WORSE
1343,2,13,47,27693,34093,1,FEASIBLE,WORSE
1344,2,13,48,28022,34422,1,FEASIBLE,WORSE
1345,2,13,49,29229,35829,0,CAPACITY_EXCEEDED,INVALID
1346,2,13,50,29065,35665,0,CAPACITY_EXCEEDED,INVALID
1347,2,13,51,27813,34213,1,FEASIBLE,WORSE
1348,2,13,52,28180,34580,1,FEASIBLE,WORSE
1349,2,13,53,27940,34340,1,FEASIBLE,WORSE
1350,2,13,54,27753,34153,1,FEASIBLE,WORSE
1351,2,13,55,29194,35794,0,CAPACITY_EXCEEDED,INVALID
1352,2,13,56,28151,34551,1,FEASIBLE,WORSE
1353,2,13,57,27709,34109,1,FEASIBLE,WORSE
1354,2,13,58,27554,33954,1,FEASIBLE,WORSE
1355,2,13,59,27713,34113,1,FEASIBLE,WORSE
1356,2,13,60,29076,35676,0,CAPACITY_EXCEEDED,INVALID
1357,2,13,61,27720,34120,1,FEASIBLE,WORSE
1358,2,13,62,29225,35825,0,CAPACITY_EXCEEDED,INVALID
1359,2,13,63,27657,34057,1,FEASIBLE,WORSE
1360,2,13,64,27673,34073,1,FEASIBLE,WORSE
1361,2,13,65,27816,34216,1,FEASIBLE,WORSE
1362,2,13,66,27664,34064,1,FEASIBLE,WORSE
1363,2,13,67,27876,34276,1,FEASIBLE,WORSE
1364,2,13,68,27685,34085,1,FEASIBLE,WORSE
1365,2,13,69,27970,34370,1,FEASIBLE,WORSE
1366,2,13,70,28071,34471,1,FEASIBLE,WORSE
1367,2,13,71,28074,34474,1,FEASIBLE,WORSE
1368,2,13,72,27648,34048,1,FEASIBLE,WORSE
1369,2,13,73,27604,34004,1,FEASIBLE,WORSE
1370,2,13,74,27784,34184,1,FEASIBLE,WORSE
1371,2,13,75,28171,34571,1,FEASIBLE,WORSE
1372,2,13,76,29019,35619,0,CAPACITY_EXCEEDED,INVALID
1373,2,13,77,29138,35738,0,CAPACITY_EXCEEDED,INVALID
1374,2,13,78,29185,35785,0,CAPACITY_EXCEEDED,INVALID
1375,2,13,79,29104,35704,0,CAPACITY_EXCEEDED,INVALID
1376,2,13,80,29160,35760,0,CAPACITY_EXCEEDED,INVALID
1377,2,13,81,29185,35785,0,CAPACITY_EXCEEDED,INVALID
1378,2,13,82,27720,34120,1,FEASIBLE,WORSE
1379,2,13,83,27869,34269,1,FEASIBLE,WORSE
1380,2,13,84,27555,33955,1,FEASIBLE,WORSE
1381,2,13,85,27985,34385,1,FEASIBLE,WORSE
1382,2,13,86,29073,35673,0,CAPACITY_EXCEEDED,INVALID
1383,2,13,87,29111,35711,0,CAPACITY_EXCEEDED,INVALID
1384,2,13,88,29157,35757,0,CAPACITY_EXCEEDED,INVALID
1385,2,13,89,27671,34071,1,FEASIBLE,WORSE
1386,2,13,90,29211,35811,0,CAPACITY_EXCEEDED,INVALID
1387,2,13,91,27681,34081,1,FEASIBLE,WORSE
1388,2,13,92,27810,34210,1,FEASIBLE,WORSE
1389,2,13,93,27600,34000,1,FEASIBLE,WORSE
1390,2,13,94,29258,35858,0,CAPACITY_EXCEEDED,INVALID
1391,2,13,95,29178,35778,0,CAPACITY_EXCEEDED,INVALID
1392,2,13,96,29055,35655,0,CAPACITY_EXCEEDED,INVALID
1393,2,13,97,28178,34578,1,FEASIBLE,WORSE
1394,2,13,98,27648,34048,1,FEASIBLE,WORSE
1395,2,13,99,27774,34174,1,FEASIBLE,WORSE
1396,2,14,15,28147,34547,1,FEASIBLE,WORSE
1397,2,14,16,29308,35908,0,CAPACITY_EXCEEDED,INVALID
1398,2,14,17,29381,35981,0,CAPACITY_EXCEEDED,INVALID
1399,2,14,18,29209,35809,0,CAPACITY_EXCEEDED,INVALID
1400,2,14,19,29301,35901,0,CAPACITY_EXCEEDED,INVALID
1401,2,14,20,28087,34487,1,FEASIBLE,WORSE
1402,2,14,21,27668,34068,1,FEASIBLE,WORSE
1403,2,14,22,29297,35897,0,CAPACITY_EXCEEDED,INVALID
1404,2,14,23,27714,34114,1,FEASIBLE,WORSE
1405,2,14,24,27925,34325,1,FEASIBLE,WORSE
1406,2,14,25,28297,34697,1,FEASIBLE,WORSE
1407,2,14,26,27963,34363,1,FEASIBLE,WORSE
1408,2,14,27,27787,34187,1,FEASIBLE,WORSE
1409,2,14,28,27484,33884,1,FEASIBLE,WORSE
1410,2,14,29,29365,35965,0,CAPACITY_EXCEEDED,INVALID
1411,2,14,30,27920,34320,1,FEASIBLE,WORSE
1412,2,14,31,29264,35864,0,CAPACITY_EXCEEDED,INVALID
1413,2,14,32,28137,34537,1,FEASIBLE,WORSE
1414,2,14,33,29204,35804,0,CAPACITY_EXCEEDED,INVALID
1415,2,14,34,27849,34249,1,FEASIBLE,WORSE
1416,2,14,35,28383,34783,1,FEASIBLE,WORSE
1417,2,14,36,27678,34078,1,FEASIBLE,WORSE
1418,2,14,37,27999,34399,1,FEASIBLE,WORSE
1419,2,14,38,29223,35823,0,CAPACITY_EXCEEDED,INVALID
1420,2,14,39,29067,35667,0,CAPACITY_EXCEEDED,INVALID
1421,2,14,40,28396,34796,1,FEASIBLE,WORSE
1422,2,14,41,27904,34304,1,FEASIBLE,WORSE
1423,2,14,42,29266,35866,0,CAPACITY_EXCEEDED,INVALID
1424,2,14,43,28154,34554,1,FEASIBLE,WORSE
1425,2,14,44,28072,34472,1,FEASIBLE,WORSE
1426,2,14,45,29269,35869,0,CAPACITY_EXCEEDED,INVALID
1427,2,14,46,28206,34606,1,FEASIBLE,WORSE
1428,2,14,47,27830,34230,1,FEASIBLE,WORSE
1429,2,14,48,28159,34559,1,FEASIBLE,WORSE
1430,2,14,49,29366,35966,0,CAPACITY_EXCEEDED,INVALID
1431,2,14,50,29202,35802,0,CAPACITY_EXCEEDED,INVALID
1432,2,14,51,27950,34350,1,FEASIBLE,WORSE
1433,2,14,52,28317,34717,1,FEASIBLE,WORSE
1434,2,14,53,28077,34477,1,FEASIBLE,WORSE
1435,2,14,54,27890,34290,1,FEASIBLE,WORSE
1436,2,14,55,29331,35931,0,CAPACITY_EXCEEDED,INVALID
1437,2,14,56,28288,34688,1,FEASIBLE,WORSE
1438,2,14,57,27846,34246,1,FEASIBLE,WORSE
1439,2,14,58,27691,34091,1,FEASIBLE,WORSE
1440,2,14,59,27850,34250,1,FEASIBLE,WORSE
1441,2,14,60,29213,35813,0,CAPACITY_EXCEEDED,INVALID
1442,2,14,61,27857,34257,1,FEASIBLE,WORSE
1443,2,14,62,29362,35962,0,CAPACITY_EXCEEDED,INVALID
1444,2,14,63,27794,34194,1,FEASIBLE,WORSE
1445,2,14,64,27810,34210,1,FEASIBLE,WORSE
1446,2,14,65,27953,34353,1,FEASIBLE,WORSE
1447,2,14,66,27801,34201,1,FEASIBLE,WORSE
1448,2,14,67,28013,34413,1,FEASIBLE,WORSE
1449,2,14,68,27822,34222,1,FEASIBLE,WORSE
1450,2,14,69,28107,34507,1,FEASIBLE,WORSE
1451,2,14,70,28208,34608,1,FEASIBLE,WORSE
1452,2,14,71,28211,34611,1,FEASIBLE,WORSE
1453,2,14,72,27785,34185,1,FEASIBLE,WORSE
1454,2,14,73,27741,34141,1,FEASIBLE,WORSE
1455,2,14,74,27921,34321,1,FEASIBLE,WORSE
1456,2,14,75,28308,34708,1,FEASIBLE,WORSE
1457,2,14,76,29156,35756,0,CAPACITY_EXCEEDED,INVALID
1458,2,14,77,29275,35875,0,CAPACITY_EXCEEDED,INVALID
1459,2,14,78,29322,35922,0,CAPACITY_EXCEEDED,INVALID
1460,2,14,79,29241,35841,0,CAPACITY_EXCEEDED,INVALID
1461,2,14,80,29297,35897,0,CAPACITY_EXCEEDED,INVALID
1462,2,14,81,29322,35922,0,CAPACITY_EXCEEDED,INVALID
1463,2,14,82,27857,34257,1,FEASIBLE,WORSE
1464,2,14,83,28006,34406,1,FEASIBLE,WORSE
1465,2,14,84,27692,34092,1,FEASIBLE,WORSE
1466,2,14,85,28122,34522,1,FEASIBLE,WORSE
1467,2,14,86,29210,35810,0,CAPACITY_EXCEEDED,INVALID
1468,2,14,87,29248,35848,0,CAPACITY_EXCEEDED,INVALID
1469,2,14,88,29294,35894,0,CAPACITY_EXCEEDED,INVALID
1470,2,14,89,27808,34208,1,FEASIBLE,WORSE
1471,2,14,90,29348,35948,0,CAPACITY_EXCEEDED,INVALID
1472,2,14,91,27818,34218,1,FEASIBLE,WORSE
1473,2,14,92,27947,34347,1,FEASIBLE,WORSE
1474,2,14,93,27737,34137,1,FEASIBLE,WORSE
1475,2,14,94,29395,35995,0,CAPACITY_EXCEEDED,INVALID
1476,2,14,95,29315,35915,0,CAPACITY_EXCEEDED,INVALID
1477,2,14,96,29192,35792,0,CAPACITY_EXCEEDED,INVALID
1478,2,14,97,28315,34715,1,FEASIBLE,WORSE
1479,2,14,98,27785,34185,1,FEASIBLE,WORSE
1480,2,14,99,27911,34311,1,FEASIBLE,WORSE
1481,2,15,16,29676,36276,0,CAPACITY_EXCEEDED,INVALID
1482,2,15,17,29749,36349,0,CAPACITY_EXCEEDED,INVALID
1483,2,15,18,29577,36177,0,CAPACITY_EXCEEDED,INVALID
1484,2,15,19,29669,36269,0,CAPACITY_EXCEEDED,INVALID
1485,2,15,20,28455,34855,1,FEASIBLE,WORSE
1486,2,15,21,28036,34436,1,FEASIBLE,WORSE
1487,2,15,22,29665,36265,0,CAPACITY_EXCEEDED,INVALID
1488,2,15,23,28082,34482,1,FEASIBLE,WORSE
1489,2,15,24,28293,34693,1,FEASIBLE,WORSE
1490,2,15,25,28665,35065,1,FEASIBLE,WORSE
1491,2,15,26,28331,34731,1,FEASIBLE,WORSE
1492,2,15,27,28155,34555,1,FEASIBLE,WORSE
1493,2,15,28,27852,34252,1,FEASIBLE,WORSE
1494,2,15,29,29733,36333,0,CAPACITY_EXCEEDED,INVALID
1495,2,15,30,28288,34688,1,FEASIBLE,WORSE
1496,2,15,31,29632,36232,0,CAPACITY_EXCEEDED,INVALID
1497,2,15,32,28505,34905,1,FEASIBLE,WORSE
1498,2,15,33,29572,36172,0,CAPACITY_EXCEEDED,INVALID
1499,2,15,34,28217,34617,1,FEASIBLE,WORSE
1500,2,15,35,28751,35151,1,FEASIBLE,WORSE
1501,2,15,36,28046,34446,1,FEASIBLE,WORSE
1502,2,15,37,28367,34767,1,FEASIBLE,WORSE
1503,2,15,38,29591,36191,0,CAPACITY_EXCEEDED,INVALID
1504,2,15,39,29435,36035,0,CAPACITY_EXCEEDED,INVALID
1505,2,15,40,28764,35164,1,FEASIBLE,WORSE
1506,2,15,41,28272,34672,1,FEASIBLE,WORSE
1507,2,15,42,29634,36234,0,CAPACITY_EXCEEDED,INVALID
1508,2,15,43,28522,34922,1,FEASIBLE,WORSE
1509,2,15,44,28440,34840,1,FEASIBLE,WORSE
1510,2,15,45,29637,36237,0,CAPACITY_EXCEEDED,INVALID
1511,2,15,46,28574,34974,1,FEASIBLE,WORSE
1512,2,15,47,28198,34598,1,FEASIBLE,WORSE
1513,2,15,48,28527,34927,1,FEASIBLE,WORSE
1514,2,15,49,29734,36334,0,CAPACITY_EXCEEDED,INVALID
1515,2,15,50,29570,36170,0,CAPACITY_EXCEEDED,INVALID
1516,2,15,51,28318,34718,1,FEASIBLE,WORSE
1517,2,15,52,28685,35085,1,FEASIBLE,WORSE
1518,2,15,53,28445,34845,1,FEASIBLE,WORSE
1519,2,15,54,28258,34658,1,FEASIBLE,WORSE
1520,2,15,55,29699,36299,0,CAPACITY_EXCEEDED,INVALID
1521,2,15,56,28656,35056,1,FEASIBLE,WORSE
1522,2,15,57,28214,34614,1,FEASIBLE,WORSE
1523,2,15,58,28059,34459,1,FEASIBLE,WORSE
1524,2,15,59,28218,34618,1,FEASIBLE,WORSE
1525,2,15,60,29581,36181,0,CAPACITY_EXCEEDED,INVALID
1526,2,15,61,28225,34625,1,FEASIBLE,WORSE
1527,2,15,62,29730,36330,0,CAPACITY_EXCEEDED,INVALID
1528,2,15,63,28162,34562,1,FEASIBLE,WORSE
1529,2,15,64,28178,34578,1,FEASIBLE,WORSE
1530,2,15,65,28321,34721,1,FEASIBLE,WORSE
1531,2,15,66,28169,34569,1,FEASIBLE,WORSE
1532,2,15,67,28381,34781,1,FEASIBLE,WORSE
1533,2,15,68,28190,34590,1,FEASIBLE,WORSE
1534,2,15,69,28475,34875,1,FEASIBLE,WORSE
1535,2,15,70,28576,34976,1,FEASIBLE,WORSE
1536,2,15,71,28579,34979,1,FEASIBLE,WORSE
1537,2,15,72,28153,34553,1,FEASIBLE,WORSE
1538,2,15,73,28109,34509,1,FEASIBLE,WORSE
1539,2,15,74,28289,34689,1,FEASIBLE,WORSE
1540,2,15,75,28676,35076,1,FEASIBLE,WORSE
1541,2,15,76,29524,36124,0,CAPACITY_EXCEEDED,INVALID
1542,2,15,77,29643,36243,0,CAPACITY_EXCEEDED,INVALID
1543,2,15,78,29690,36290,0,CAPACITY_EXCEEDED,INVALID
1544,2,15,79,29609,36209,0,CAPACITY_EXCEEDED,INVALID
1545,2,15,80,29665,36265,0,CAPACITY_EXCEEDED,INVALID
1546,2,15,81,29690,36290,0,CAPACITY_EXCEEDED,INVALID
1547,2,15,82,28225,34625,1,FEASIBLE,WORSE
1548,2,15,83,28374,34774,1,FEASIBLE,WORSE
1549,2,15,84,28060,34460,1,FEASIBLE,WORSE
1550,2,15,85,28490,34890,1,FEASIBLE,WORSE
1551,2,15,86,29578,36178,0,CAPACITY_EXCEEDED,INVALID
1552,2,15,87,29616,36216,0,CAPACITY_EXCEEDED,INVALID
1553,2,15,88,29662,36262,0,CAPACITY_EXCEEDED,INVALID
1554,2,15,89,28176,34576,1,FEASIBLE,WORSE
1555,2,15,90,29716,36316,0,CAPACITY_EXCEEDED,INVALID
1556,2,15,91,28186,34586,1,FEASIBLE,WORSE
1557,2,15,92,28315,34715,1,FEASIBLE,WORSE
1558,2,15,93,28105,34505,1,FEASIBLE,WORSE
1559,2,15,94,29763,36363,0,CAPACITY_EXCEEDED,INVALID
1560,2,15,95,29683,36283,0,CAPACITY_EXCEEDED,INVALID
1561,2,15,96,29560,36160,0,CAPACITY_EXCEEDED,INVALID
1562,2,15,97,28683,35083,1,FEASIBLE,WORSE
1563,2,15,98,28153,34553,1,FEASIBLE,WORSE
1564,2,15,99,28279,34679,1,FEASIBLE,WORSE
1565,2,16,17,30910,37710,0,CAPACITY_EXCEEDED,INVALID
1566,2,16,18,30738,37538,0,CAPACITY_EXCEEDED,INVALID
1567,2,16,19,30830,37630,0,CAPACITY_EXCEEDED,INVALID
1568,2,16,20,29616,36216,0,CAPACITY_EXCEEDED,INVALID
1569,2,16,21,29197,35797,0,CAPACITY_EXCEEDED,INVALID
1570,2,16,22,30826,37626,0,CAPACITY_EXCEEDED,INVALID
1571,2,16,23,29243,35843,0,CAPACITY_EXCEEDED,INVALID
1572,2,16,24,29454,36054,0,CAPACITY_EXCEEDED,INVALID
1573,2,16,25,29826,36426,0,CAPACITY_EXCEEDED,INVALID
1574,2,16,26,29492,36092,0,CAPACITY_EXCEEDED,INVALID
1575,2,16,27,29316,35916,0,CAPACITY_EXCEEDED,INVALID
1576,2,16,28,29013,35613,1,FEASIBLE,WORSE
1577,2,16,29,30894,37694,0,CAPACITY_EXCEEDED,INVALID
1578,2,16,30,29449,36049,0,CAPACITY_EXCEEDED,INVALID
1579,2,16,31,30793,37593,0,CAPACITY_EXCEEDED,INVALID
1580,2,16,32,29666,36266,0,CAPACITY_EXCEEDED,INVALID
1581,2,16,33,30733,37533,0,CAPACITY_EXCEEDED,INVALID
1582,2,16,34,29378,35978,0,CAPACITY_EXCEEDED,INVALID
1583,2,16,35,29912,36512,0,CAPACITY_EXCEEDED,INVALID
1584,2,16,36,29207,35807,0,CAPACITY_EXCEEDED,INVALID
1585,2,16,37,29528,36128,0,CAPACITY_EXCEEDED,INVALID
1586,2,16,38,30752,37552,0,CAPACITY_EXCEEDED,INVALID
1587,2,16,39,30596,37396,0,CAPACITY_EXCEEDED,INVALID
1588,2,16,40,29925,36525,0,CAPACITY_EXCEEDED,INVALID
1589,2,16,41,29433,36033,0,CAPACITY_EXCEEDED,INVALID
1590,2,16,42,30795,37595,0,CAPACITY_EXCEEDED,INVALID
1591,2,16,43,29683,36283,0,CAPACITY_EXCEEDED,INVALID
1592,2,16,44,29601,36201,0,CAPACITY_EXCEEDED,INVALID
1593,2,16,45,30798,37598,0,CAPACITY_EXCEEDED,INVALID
1594,2,16,46,29735,36335,0,CAPACITY_EXCEEDED,INVALID
1595,2,16,47,29359,35959,0,CAPACITY_EXCEEDED,INVALID
1596,2,16,48,29688,36288,0,CAPACITY_EXCEEDED,INVALID
1597,2,16,49,30895,37695,0,CAPACITY_EXCEEDED,INVALID
1598,2,16,50,30731,37531,0,CAPACITY_EXCEEDED,INVALID
1599,2,16,51,29479,36079,0,CAPACITY_EXCEEDED,INVALID
1600,2,16,52,29846,36446,0,CAPACITY_EXCEEDED,INVALID
1601,2,16,53,29606,36206,0,CAPACITY_EXCEEDED,INVALID
1602,2,16,54,29419,36019,0,CAPACITY_EXCEEDED,INVALID
1603,2,16,55,30860,37660,0,CAPACITY_EXCEEDED,INVALID
1604,2,16,56,29817,36417,0,CAPACITY_EXCEEDED,INVALID
1605,2,16,57,29375,35975,0,CAPACITY_EXCEEDED,INVALID
1606,2,16,58,29220,35820,0,CAPACITY_EXCEEDED,INVALID
1607,2,16,59,29379,35979,0,CAPACITY_EXCEEDED,INVALID
1608,2,16,60,30742,37542,0,CAPACITY_EXCEEDED,INVALID
1609,2,16,61,29386,35986,0,CAPACITY_EXCEEDED,INVALID
1610,2,16,62,30891,37691,0,CAPACITY_EXCEEDED,INVALID
1611,2,16,63,29323,35923,0,CAPACITY_EXCEEDED,INVALID
1612,2,16,64,29339,35939,0,CAPACITY_EXCEEDED,INVALID
1613,2,16,65,29482,36082,0,CAPACITY_EXCEEDED,INVALID
1614,2,16,66,29330,35930,0,CAPACITY_EXCEEDED,INVALID
1615,2,16,67,29542,36142,0,CAPACITY_EXCEEDED,INVALID
1616,2,16,68,29351,35951,0,CAPACITY_EXCEEDED,INVALID
1617,2,16,69,29636,36236,0,CAPACITY_EXCEEDED,INVALID
1618,2,16,70,29737,36337,0,CAPACITY_EXCEEDED,INVALID
1619,2,16,71,29740,36340,0,CAPACITY_EXCEEDED,INVALID
1620,2,16,72,29314,35914,0,CAPACITY_EXCEEDED,INVALID
1621,2,16,73,29270,35870,0,CAPACITY_EXCEEDED,INVALID
1622,2,16,74,29450,36050,0,CAPACITY_EXCEEDED,INVALID
1623,2,16,75,29837,36437,0,CAPACITY_EXCEEDED,INVALID
1624,2,16,76,30685,37485,0,CAPACITY_EXCEEDED,INVALID
1625,2,16,77,30804,37604,0,CAPACITY_EXCEEDED,INVALID
1626,2,16,78,30851,37651,0,CAPACITY_EXCEEDED,INVALID
1627,2,16,79,30770,37570,0,CAPACITY_EXCEEDED,INVALID
1628,2,16,80,30826,37626,0,CAPACITY_EXCEEDED,INVALID
1629,2,16,81,30851,37651,0,CAPACITY_EXCEEDED,INVALID
1630,2,16,82,29386,35986,0,CAPACITY_EXCEEDED,INVALID
1631,2,16,83,29535,36135,0,CAPACITY_EXCEEDED,INVALID
1632,2,16,84,29221,35821,0,CAPACITY_EXCEEDED,INVALID
1633,2,16,85,29651,36251,0,CAPACITY_EXCEEDED,INVALID
1634,2,16,86,30739,37539,0,CAPACITY_EXCEEDED,INVALID
1635,2,16,87,30777,37577,0,CAPACITY_EXCEEDED,INVALID
1636,2,16,88,30823,37623,0,CAPACITY_EXCEEDED,INVALID
1637,2,16,89,29337,35937,0,CAPACITY_EXCEEDED,INVALID
1638,2,16,90,30877,37677,0,CAPACITY_EXCEEDED,INVALID
1639,2,16,91,29347,35947,0,CAPACITY_EXCEEDED,INVALID
1640,2,16,92,29476,36076,0,CAPACITY_EXCEEDED,INVALID
1641,2,16,93,29266,35866,0,CAPACITY_EXCEEDED,INVALID
1642,2,16,94,30924,37724,0,CAPACITY_EXCEEDED,INVALID
1643,2,16,95,30844,37644,0,CAPACITY_EXCEEDED,INVALID
1644,2,16,96,30721,37521,0,CAPACITY_EXCEEDED,INVALID
1645,2,16,97,29844,36444,0,CAPACITY_EXCEEDED,INVALID
1646,2,16,98,29314,35914,0,CAPACITY_EXCEEDED,INVALID
1647,2,16,99,29440,36040,0,CAPACITY_EXCEEDED,INVALID
1648,2,17,18,30811,37611,0,CAPACITY_EXCEEDED,INVALID
1649,2,17,19,30903,37703,0,CAPACITY_EXCEEDED,INVALID
1650,2,17,20,29689,36289,0,CAPACITY_EXCEEDED,INVALID
1651,2,17,21,29270,35870,0,CAPACITY_EXCEEDED,INVALID
1652,2,17,22,30899,37699,0,CAPACITY_EXCEEDED,INVALID
1653,2,17,23,29316,35916,0,CAPACITY_EXCEEDED,INVALID
1654,2,17,24,29527,36127,0,CAPACITY_EXCEEDED,INVALID
1655,2,17,25,29899,36499,0,CAPACITY_EXCEEDED,INVALID
1656,2,17,26,29565,36165,0,CAPACITY_EXCEEDED,INVALID
1657,2,17,27,29389,35989,0,CAPACITY_EXCEEDED,INVALID
1658,2,17,28,29086,35686,0,CAPACITY_EXCEEDED,INVALID
1659,2,17,29,30967,37767,0,CAPACITY_EXCEEDED,INVALID
1660,2,17,30,29522,36122,0,CAPACITY_EXCEEDED,INVALID
1661,2,17,31,30866,37666,0,CAPACITY_EXCEEDED,INVALID
1662,2,17,32,29739,36339,0,CAPACITY_EXCEEDED,INVALID
1663,2,17,33,30806,37606,0,CAPACITY_EXCEEDED,INVALID
1664,2,17,34,29451,36051,0,CAPACITY_EXCEEDED,INVALID
1665,2,17,35,29985,36585,0,CAPACITY_EXCEEDED,INVALID
1666,2,17,36,29280,35880,0,CAPACITY_EXCEEDED,INVALID
1667,2,17,37,29601,36201,0,CAPACITY_EXCEEDED,INVALID
1668,2,17,38,30825,37625,0,CAPACITY_EXCEEDED,INVALID
1669,2,17,39,30669,37469,0,CAPACITY_EXCEEDED,INVALID
1670,2,17,40,29998,36598,0,CAPACITY_EXCEEDED,INVALID
1671,2,17,41,29506,36106,0,CAPACITY_EXCEEDED,INVALID
1672,2,17,42,30868,37668,0,CAPACITY_EXCEEDED,INVALID
1673,2,17,43,29756,36356,0,CAPACITY_EXCEEDED,INVALID
1674,2,17,44,29674,36274,0,CAPACITY_EXCEEDED,INVALID
1675,2,17,45,30871,37671,0,CAPACITY_EXCEEDED,INVALID
1676,2,17,46,29808,36408,0,CAPACITY_EXCEEDED,INVALID
1677,2,17,47,29432,36032,0,CAPACITY_EXCEEDED,INVALID
1678,2,17,48,29761,36361,0,CAPACITY_EXCEEDED,INVALID
1679,2,17,49,30968,37768,0,CAPACITY_EXCEEDED,INVALID
1680,2,17,50,30804,37604,0,CAPACITY_EXCEEDED,INVALID
1681,2,17,51,29552,36152,0,CAPACITY_EXCEEDED,INVALID
1682,2,17,52,29919,36519,0,CAPACITY_EXCEEDED,INVALID
1683,2,17,53,29679,36279,0,CAPACITY_EXCEEDED,INVALID
1684,2,17,54,29492,36092,0,CAPACITY_EXCEEDED,INVALID
1685,2,17,55,30933,37733,0,CAPACITY_EXCEEDED,INVALID
1686,2,17,56,29890,36490,0,CAPACITY_EXCEEDED,INVALID
1687,2,17,57,29448,36048,0,CAPACITY_EXCEEDED,INVALID
1688,2,17,58,29293,35893,0,CAPACITY_EXCEEDED,INVALID
1689,2,17,59,29452,36052,0,CAPACITY_EXCEEDED,INVALID
1690,2,17,60,30815,37615,0,CAPACITY_EXCEEDED,INVALID
1691,2,17,61,29459,36059,0,CAPACITY_EXCEEDED,INVALID
1692,2,17,62,30964,37764,0,CAPACITY_EXCEEDED,INVALID
1693,2,17,63,29396,35996,0,CAPACITY_EXCEEDED,INVALID
1694,2,17,64,29412,36012,0,CAPACITY_EXCEEDED,INVALID
1695,2,17,65,29555,36155,0,CAPACITY_EXCEEDED,INVALID
1696,2,17,66,29403,36003,0,CAPACITY_EXCEEDED,INVALID
1697,2,17,67,29615,36215,0,CAPACITY_EXCEEDED,INVALID
1698,2,17,68,29424,36024,0,CAPACITY_EXCEEDED,INVALID
1699,2,17,69,29709,36309,0,CAPACITY_EXCEEDED,INVALID
1700,2,17,70,29810,36410,0,CAPACITY_EXCEEDED,INVALID
1701,2,17,71,29813,36413,0,CAPACITY_EXCEEDED,INVALID
1702,2,17,72,29387,35987,0,CAPACITY_EXCEEDED,INVALID
1703,2,17,73,29343,35943,0,CAPACITY_EXCEEDED,INVALID
1704,2,17,74,29523,36123,0,CAPACITY_EXCEEDED,INVALID
1705,2,17,75,29910,36510,0,CAPACITY_EXCEEDED,INVALID
1706,2,17,76,30758,37558,0,CAPACITY_EXCEEDED,INVALID
1707,2,17,77,30877,37677,0,CAPACITY_EXCEEDED,INVALID
1708,2,17,78,30924,37724,0,CAPACITY_EXCEEDED,INVALID
1709,2,17,79,30843,37643,0,CAPACITY_EXCEEDED,INVALID
1710,2,17,80,30899,37699,0,CAPACITY_EXCEEDED,INVALID
1711,2,17,81,30924,37724,0,CAPACITY_EXCEEDED,INVALID
1712,2,17,82,29459,36059,0,CAPACITY_EXCEEDED,INVALID
1713,2,17,83,29608,36208,0,CAPACITY_EXCEEDED,INVALID
1714,2,17,84,29294,35894,0,CAPACITY_EXCEEDED,INVALID
1715,2,17,85,29724,36324,0,CAPACITY_EXCEEDED,INVALID
1716,2,17,86,30812,37612,0,CAPACITY_EXCEEDED,INVALID
1717,2,17,87,30850,37650,0,CAPACITY_EXCEEDED,INVALID
1718,2,17,88,30896,37696,0,CAPACITY_EXCEEDED,INVALID
1719,2,17,89,29410,36010,0,CAPACITY_EXCEEDED,INVALID
1720,2,17,90,30950,37750,0,CAPACITY_EXCEEDED,INVALID
1721,2,17,91,29420,36020,0,CAPACITY_EXCEEDED,INVALID
1722,2,17,92,29549,36149,0,CAPACITY_EXCEEDED,INVALID
1723,2,17,93,29339,35939,0,CAPACITY_EXCEEDED,INVALID
1724,2,17,94,30997,37797,0,CAPACITY_EXCEEDED,INVALID
1725,2,17,95,30917,37717,0,CAPACITY_EXCEEDED,INVALID
1726,2,17,96,30794,37594,0,CAPACITY_EXCEEDED,INVALID
1727,2,17,97,29917,36517,0,CAPACITY_EXCEEDED,INVALID
1728,2,17,98,29387,35987,0,CAPACITY_EXCEEDED,INVALID
1729,2,17,99,29513,36113,0,CAPACITY_EXCEEDED,INVALID
1730,2,18,19,30731,37531,0,CAPACITY_EXCEEDED,INVALID
1731,2,18,20,29517,36117,0,CAPACITY_EXCEEDED,INVALID
1732,2,18,21,29098,35698,0,CAPACITY_EXCEEDED,INVALID
1733,2,18,22,30727,37527,0,CAPACITY_EXCEEDED,INVALID
1734,2,18,23,29144,35744,0,CAPACITY_EXCEEDED,INVALID
1735,2,18,24,29355,35955,0,CAPACITY_EXCEEDED,INVALID
1736,2,18,25,29727,36327,0,CAPACITY_EXCEEDED,INVALID
1737,2,18,26,29393,35993,0,CAPACITY_EXCEEDED,INVALID
1738,2,18,27,29217,35817,0,CAPACITY_EXCEEDED,INVALID
1739,2,18,28,28914,35514,1,FEASIBLE,WORSE
1740,2,18,29,30795,37595,0,CAPACITY_EXCEEDED,INVALID
1741,2,18,30,29350,35950,0,CAPACITY_EXCEEDED,INVALID
1742,2,18,31,30694,37494,0,CAPACITY_EXCEEDED,INVALID
1743,2,18,32,29567,36167,0,CAPACITY_EXCEEDED,INVALID
1744,2,18,33,30634,37434,0,CAPACITY_EXCEEDED,INVALID
1745,2,18,34,29279,35879,0,CAPACITY_EXCEEDED,INVALID
1746,2,18,35,29813,36413,0,CAPACITY_EXCEEDED,INVALID
1747,2,18,36,29108,35708,0,CAPACITY_EXCEEDED,INVALID
1748,2,18,37,29429,36029,0,CAPACITY_EXCEEDED,INVALID
1749,2,18,38,30653,37453,0,CAPACITY_EXCEEDED,INVALID
1750,2,18,39,30497,37297,0,CAPACITY_EXCEEDED,INVALID
1751,2,18,40,29826,36426,0,CAPACITY_EXCEEDED,INVALID
1752,2,18,41,29334,35934,0,CAPACITY_EXCEEDED,INVALID
1753,2,18,42,30696,37496,0,CAPACITY_EXCEEDED,INVALID
1754,2,18,43,29584,36184,0,CAPACITY_EXCEEDED,INVALID
1755,2,18,44,29502,36102,0,CAPACITY_EXCEEDED,INVALID
1756,2,18,45,30699,37499,0,CAPACITY_EXCEEDED,INVALID
1757,2,18,46,29636,36236,0,CAPACITY_EXCEEDED,INVALID
1758,2,18,47,29260,35860,0,CAPACITY_EXCEEDED,INVALID
1759,2,18,48,29589,36189,0,CAPACITY_EXCEEDED,INVALID
1760,2,18,49,30796,37596,0,CAPACITY_EXCEEDED,INVALID
1761,2,18,50,30632,37432,0,CAPACITY_EXCEEDED,INVALID
1762,2,18,51,29380,35980,0,CAPACITY_EXCEEDED,INVALID
1763,2,18,52,29747,36347,0,CAPACITY_EXCEEDED,INVALID
1764,2,18,53,29507,36107,0,CAPACITY_EXCEEDED,INVALID
1765,2,18,54,29320,35920,0,CAPACITY_EXCEEDED,INVALID
1766,2,18,55,30761,37561,0,CAPACITY_EXCEEDED,INVALID
1767,2,18,56,29718,36318,0,CAPACITY_EXCEEDED,INVALID
1768,2,18,57,29276,35876,0,CAPACITY_EXCEEDED,INVALID
1769,2,18,58,29121,35721,0,CAPACITY_EXCEEDED,INVALID
1770,2,18,59,29280,35880,0,CAPACITY_EXCEEDED,INVALID
1771,2,18,60,30643,37443,0,CAPACITY_EXCEEDED,INVALID
1772,2,18,61,29287,35887,0,CAPACITY_EXCEEDED,INVALID
1773,2,18,62,30792,37592,0,CAPACITY_EXCEEDED,INVALID
1774,2,18,63,29224,35824,0,CAPACITY_EXCEEDED,INVALID
1775,2,18,64,29240,35840,0,CAPACITY_EXCEEDED,INVALID
1776,2,18,65,29383,35983,0,CAPACITY_EXCEEDED,INVALID
1777,2,18,66,29231,35831,0,CAPACITY_EXCEEDED,INVALID
1778,2,18,67,29443,36043,0,CAPACITY_EXCEEDED,INVALID
1779,2,18,68,29252,35852,0,CAPACITY_EXCEEDED,INVALID
1780,2,18,69,29537,36137,0,CAPACITY_EXCEEDED,INVALID
1781,2,18,70,29638,36238,0,CAPACITY_EXCEEDED,INVALID
1782,2,18,71,29641,36241,0,CAPACITY_EXCEEDED,INVALID
1783,2,18,72,29215,35815,0,CAPACITY_EXCEEDED,INVALID
1784,2,18,73,29171,35771,0,CAPACITY_EXCEEDED,INVALID
1785,2,18,74,29351,35951,0,CAPACITY_EXCEEDED,INVALID
1786,2,18,75,29738,36338,0,CAPACITY_EXCEEDED,INVALID
1787,2,18,76,30586,37386,0,CAPACITY_EXCEEDED,INVALID
1788,2,18,77,30705,37505,0,CAPACITY_EXCEEDED,INVALID
1789,2,18,78,30752,37552,0,CAPACITY_EXCEEDED,INVALID
1790,2,18,79,30671,37471,0,CAPACITY_EXCEEDED,INVALID
1791,2,18,80,30727,37527,0,CAPACITY_EXCEEDED,INVALID
1792,2,18,81,30752,37552,0,CAPACITY_EXCEEDED,INVALID
1793,2,18,82,29287,35887,0,CAPACITY_EXCEEDED,INVALID
1794,2,18,83,29436,36036,0,CAPACITY_EXCEEDED,INVALID
1795,2,18,84,29122,35722,0,CAPACITY_EXCEEDED,INVALID
1796,2,18,85,29552,36152,0,CAPACITY_EXCEEDED,INVALID
1797,2,18,86,30640,37440,0,CAPACITY_EXCEEDED,INVALID
1798,2,18,87,30678,37478,0,CAPACITY_EXCEEDED,INVALID
1799,2,18,88,30724,37524,0,CAPACITY_EXCEEDED,INVALID
1800,2,18,89,29238,35838,0,CAPACITY_EXCEEDED,INVALID
1801,2,18,90,30778,37578,0,CAPACITY_EXCEEDED,INVALID
1802,2,18,91,29248,35848,0,CAPACITY_EXCEEDED,INVALID
1803,2,18,92,29377,35977,0,CAPACITY_EXCEEDED,INVALID
1804,2,18,93,29167,35767,0,CAPACITY_EXCEEDED,INVALID
1805,2,18,94,30825,37625,0,CAPACITY_EXCEEDED,INVALID
1806,2,18,95,30745,37545,0,CAPACITY_EXCEEDED,INVALID
1807,2,18,96,30622,37422,0,CAPACITY_EXCEEDED,INVALID
1808,2,18,97,29745,36345,0,CAPACITY_EXCEEDED,INVALID
1809,2,18,98,29215,35815,0,CAPACITY_EXCEEDED,INVALID
1810,2,18,99,29341,35941,0,CAPACITY_EXCEEDED,INVALID
1811,2,19,20,29609,36209,0,CAPACITY_EXCEEDED,INVALID
1812,2,19,21,29190,35790,0,CAPACITY_EXCEEDED,INVALID
1813,2,19,22,30819,37619,0,CAPACITY_EXCEEDED,INVALID
1814,2,19,23,29236,35836,0,CAPACITY_EXCEEDED,INVALID
1815,2,19,24,29447,36047,0,CAPACITY_EXCEEDED,INVALID
1816,2,19,25,29819,36419,0,CAPACITY_EXCEEDED,INVALID
1817,2,19,26,29485,36085,0,CAPACITY_EXCEEDED,INVALID
1818,2,19,27,29309,35909,0,CAPACITY_EXCEEDED,INVALID
1819,2,19,28,29006,35606,1,FEASIBLE,WORSE
1820,2,19,29,30887,37687,0,CAPACITY_EXCEEDED,INVALID
1821,2,19,30,29442,36042,0,CAPACITY_EXCEEDED,INVALID
1822,2,19,31,30786,37586,0,CAPACITY_EXCEEDED,INVALID
1823,2,19,32,29659,36259,0,CAPACITY_EXCEEDED,INVALID
1824,2,19,33,30726,37526,0,CAPACITY_EXCEEDED,INVALID
1825,2,19,34,29371,35971,0,CAPACITY_EXCEEDED,INVALID
1826,2,19,35,29905,36505,0,CAPACITY_EXCEEDED,INVALID
1827,2,19,36,29200,35800,0,CAPACITY_EXCEEDED,INVALID
1828,2,19,37,29521,36121,0,CAPACITY_EXCEEDED,INVALID
1829,2,19,38,30745,37545,0,CAPACITY_EXCEEDED,INVALID
1830,2,19,39,30589,37389,0,CAPACITY_EXCEEDED,INVALID
1831,2,19,40,29918,36518,0,CAPACITY_EXCEEDED,INVALID
1832,2,19,41,29426,36026,0,CAPACITY_EXCEEDED,INVALID
1833,2,19,42,30788,37588,0,CAPACITY_EXCEEDED,INVALID
1834,2,19,43,29676,36276,0,CAPACITY_EXCEEDED,INVALID
1835,2,19,44,29594,36194,0,CAPACITY_EXCEEDED,INVALID
1836,2,19,45,30791,37591,0,CAPACITY_EXCEEDED,INVALID
1837,2,19,46,29728,36328,0,CAPACITY_EXCEEDED,INVALID
1838,2,19,47,29352,35952,0,CAPACITY_EXCEEDED,INVALID
1839,2,19,48,29681,36281,0,CAPACITY_EXCEEDED,INVALID
1840,2,19,49,30888,37688,0,CAPACITY_EXCEEDED,INVALID
1841,2,19,50,30724,37524,0,CAPACITY_EXCEEDED,INVALID
1842,2,19,51,29472,36072,0,CAPACITY_EXCEEDED,INVALID
1843,2,19,52,29839,36439,0,CAPACITY_EXCEEDED,INVALID
1844,2,19,53,29599,36199,0,CAPACITY_EXCEEDED,INVALID
1845,2,19,54,29412,36012,0,CAPACITY_EXCEEDED,INVALID
1846,2,19,55,30853,37653,0,CAPACITY_EXCEEDED,INVALID
1847,2,19,56,29810,36410,0,CAPACITY_EXCEEDED,INVALID
1848,2,19,57,29368,35968,0,CAPACITY_EXCEEDED,INVALID
1849,2,19,58,29213,35813,0,CAPACITY_EXCEEDED,INVALID
1850,2,19,59,29372,35972,0,CAPACITY_EXCEEDED,INVALID
1851,2,19,60,30735,37535,0,CAPACITY_EXCEEDED,INVALID
1852,2,19,61,29379,35979,0,CAPACITY_EXCEEDED,INVALID
1853,2,19,62,30884,37684,0,CAPACITY_EXCEEDED,INVALID
1854,2,19,63,29316,35916,0,CAPACITY_EXCEEDED,INVALID
1855,2,19,64,29332,35932,0,CAPACITY_EXCEEDED,INVALID
1856,2,19,65,29475,36075,0,CAPACITY_EXCEEDED,INVALID
1857,2,19,66,29323,35923,0,CAPACITY_EXCEEDED,INVALID
1858,2,19,67,29535,36135,0,CAPACITY_EXCEEDED,INVALID
1859,2,19,68,29344,35944,0,CAPACITY_EXCEEDED,INVALID
1860,2,19,69,29629,36229,0,CAPACITY_EXCEEDED,INVALID
1861,2,19,70,29730,36330,0,CAPACITY_EXCEEDED,INVALID
1862,2,19,71,29733,36333,0,CAPACITY_EXCEEDED,INVALID
1863,2,19,72,29307,35907,0,CAPACITY_EXCEEDED,INVALID
1864,2,19,73,29263,35863,0,CAPACITY_EXCEEDED,INVALID
1865,2,19,74,29443,36043,0,CAPACITY_EXCEEDED,INVALID
1866,2,19,75,29830,36430,0,CAPACITY_EXCEEDED,INVALID
1867,2,19,76,30678,37478,0,CAPACITY_EXCEEDED,INVALID
1868,2,19,77,30797,37597,0,CAPACITY_EXCEEDED,INVALID
1869,2,19,78,30844,37644,0,CAPACITY_EXCEEDED,INVALID
1870,2,19,79,30763,37563,0,CAPACITY_EXCEEDED,INVALID
1871,2,19,80,30819,37619,0,CAPACITY_EXCEEDED,INVALID
1872,2,19,81,30844,37644,0,CAPACITY_EXCEEDED,INVALID
1873,2,19,82,29379,35979,0,CAPACITY_EXCEEDED,INVALID
1874,2,19,83,29528,36128,0,CAPACITY_EXCEEDED,INVALID
1875,2,19,84,29214,35814,0,CAPACITY_EXCEEDED,INVALID
1876,2,19,85,29644,36244,0,CAPACITY_EXCEEDED,INVALID
1877,2,19,86,30732,37532,0,CAPACITY_EXCEEDED,INVALID
1878,2,19,87,30770,37570,0,CAPACITY_EXCEEDED,INVALID
1879,2,19,88,30816,37616,0,CAPACITY_EXCEEDED,INVALID
1880,2,19,89,29330,35930,0,CAPACITY_EXCEEDED,INVALID
1881,2,19,90,30870,37670,0,CAPACITY_EXCEEDED,INVALID
1882,2,19,91,29340,35940,0,CAPACITY_EXCEEDED,INVALID
1883,2,19,92,29469,36069,0,CAPACITY_EXCEEDED,INVALID
1884,2,19,93,29259,35859,0,CAPACITY_EXCEEDED,INVALID
1885,2,19,94,30917,37717,0,CAPACITY_EXCEEDED,INVALID
1886,2,19,95,30837,37637,0,CAPACITY_EXCEEDED,INVALID
1887,2,19,96,30714,37514,0,CAPACITY_EXCEEDED,INVALID
1888,2,19,97,29837,36437,0,CAPACITY_EXCEEDED,INVALID
1889,2,19,98,29307,35907,0,CAPACITY_EXCEEDED,INVALID
1890,2,19,99,29433,36033,0,CAPACITY_EXCEEDED,INVALID
1891,2,20,21,27976,34376,1,FEASIBLE,WORSE
1892,2,20,22,29605,36205,0,CAPACITY_EXCEEDED,INVALID
1893,2,20,23,28022,34422,1,FEASIBLE,WORSE
1894,2,20,24,28233,34633,1,FEASIBLE,WORSE
1895,2,20,25,28605,35005,1,FEASIBLE,WORSE
1896,2,20,26,28271,34671,1,FEASIBLE,WORSE
1897,2,20,27,28095,34495,1,FEASIBLE,WORSE
1898,2,20,28,27792,34192,1,FEASIBLE,WORSE
1899,2,20,29,29673,36273,0,CAPACITY_EXCEEDED,INVALID
1900,2,20,30,28228,34628,1,FEASIBLE,WORSE
1901,2,20,31,29572,36172,0,CAPACITY_EXCEEDED,INVALID
1902,2,20,32,28445,34845,1,FEASIBLE,WORSE
1903,2,20,33,29512,36112,0,CAPACITY_EXCEEDED,INVALID
1904,2,20,34,28157,34557,1,FEASIBLE,WORSE
1905,2,20,35,28691,35091,1,FEASIBLE,WORSE
1906,2,20,36,27986,34386,1,FEASIBLE,WORSE
1907,2,20,37,28307,34707,1,FEASIBLE,WORSE
1908,2,20,38,29531,36131,0,CAPACITY_EXCEEDED,INVALID
1909,2,20,39,29375,35975,0,CAPACITY_EXCEEDED,INVALID
1910,2,20,40,28704,35104,1,FEASIBLE,WORSE
1911,2,20,41,28212,34612,1,FEASIBLE,WORSE
1912,2,20,42,29574,36174,0,CAPACITY_EXCEEDED,INVALID
1913,2,20,43,28462,34862,1,FEASIBLE,WORSE
1914,2,20,44,28380,34780,1,FEASIBLE,WORSE
1915,2,20,45,29577,36177,0,CAPACITY_EXCEEDED,INVALID
1916,2,20,46,28514,34914,1,FEASIBLE,WORSE
1917,2,20,47,28138,34538,1,FEASIBLE,WORSE
1918,2,20,48,28467,34867,1,FEASIBLE,WORSE
1919,2,20,49,29674,36274,0,CAPACITY_EXCEEDED,INVALID
1920,2,20,50,29510,36110,0,CAPACITY_EXCEEDED,INVALID
1921,2,20,51,28258,34658,1,FEASIBLE,WORSE
1922,2,20,52,28625,35025,1,FEASIBLE,WORSE
1923,2,20,53,28385,34785,1,FEASIBLE,WORSE
1924,2,20,54,28198,34598,1,FEASIBLE,WORSE
1925,2,20,55,29639,36239,0,CAPACITY_EXCEEDED,INVALID
1926,2,20,56,28596,34996,1,FEASIBLE,WORSE
1927,2,20,57,28154,34554,1,FEASIBLE,WORSE
1928,2,20,58,27999,34399,1,FEASIBLE,WORSE
1929,2,20,59,28158,34558,1,FEASIBLE,WORSE
1930,2,20,60,29521,36121,0,CAPACITY_EXCEEDED,INVALID
1931,2,20,61,28165,34565,1,FEASIBLE,WORSE
1932,2,20,62,29670,36270,0,CAPACITY_EXCEEDED,INVALID
1933,2,20,63,28102,34502,1,FEASIBLE,WORSE
1934,2,20,64,28118,34518,1,FEASIBLE,WORSE
1935,2,20,65,28261,34661,1,FEASIBLE,WORSE
1936,2,20,66,28109,34509,1,FEASIBLE,WORSE
1937,2,20,67,28321,34721,1,FEASIBLE,WORSE
1938,2,20,68,28130,34530,1,FEASIBLE,WORSE
1939,2,20,69,28415,34815,1,FEASIBLE,WORSE
1940,2,20,70,28516,34916,1,FEASIBLE,WORSE
1941,2,20,71,28519,34919,1,FEASIBLE,WORSE
1942,2,20,72,28093,34493,1,FEASIBLE,WORSE
1943,2,20,73,28049,34449,1,FEASIBLE,WORSE
1944,2,20,74,28229,34629,1,FEASIBLE,WORSE
1945,2,20,75,28616,35016,1,FEASIBLE,WORSE
1946,2,20,76,29464,36064,0,CAPACITY_EXCEEDED,INVALID
1947,2,20,77,29583,36183,0,CAPACITY_EXCEEDED,INVALID
1948,2,20,78,29630,36230,0,CAPACITY_EXCEEDED,INVALID
1949,2,20,79,29549,36149,0,CAPACITY_EXCEEDED,INVALID
1950,2,20,80,29605,36205,0,CAPACITY_EXCEEDED,INVALID
1951,2,20,81,29630,36230,0,CAPACITY_EXCEEDED,INVALID
1952,2,20,82,28165,34565,1,FEASIBLE,WORSE
1953,2,20,83,28314,34714,1,FEASIBLE,WORSE
1954,2,20,84,28000,34400,1,FEASIBLE,WORSE
1955,2,20,85,28430,34830,1,FEASIBLE,WORSE
1956,2,20,86,29518,36118,0,CAPACITY_EXCEEDED,INVALID
1957,2,20,87,29556,36156,0,CAPACITY_EXCEEDED,INVALID
1958,2,20,88,29602,36202,0,CAPACITY_EXCEEDED,INVALID
1959,2,20,89,28116,34516,1,FEASIBLE,WORSE
1960,2,20,90,29656,36256,0,CAPACITY_EXCEEDED,INVALID
1961,2,20,91,28126,34526,1,FEASIBLE,WORSE
1962,2,20,92,28255,34655,1,FEASIBLE,WORSE
1963,2,20,93,28045,34445,1,FEASIBLE,WORSE
1964,2,20,94,29703,36303,0,CAPACITY_EXCEEDED,INVALID
1965,2,20,95,29623,36223,0,CAPACITY_EXCEEDED,INVALID
1966,2,20,96,29500,36100,0,CAPACITY_EXCEEDED,INVALID
1967,2,20,97,28623,35023,1,FEASIBLE,WORSE
1968,2,20,98,28093,34493,1,FEASIBLE,WORSE
1969,2,20,99,28219,34619,1,FEASIBLE,WORSE
1970,2,21,22,29186,35786,0,CAPACITY_EXCEEDED,INVALID
1971,2,21,23,27603,34003,1,FEASIBLE,WORSE
1972,2,21,24,27814,34214,1,FEASIBLE,WORSE
1973,2,21,25,28186,34586,1,FEASIBLE,WORSE
1974,2,21,26,27852,34252,1,FEASIBLE,WORSE
1975,2,21,27,27676,34076,1,FEASIBLE,WORSE
1976,2,21,28,27373,33773,1,FEASIBLE,WORSE
1977,2,21,29,29254,35854,0,CAPACITY_EXCEEDED,INVALID
1978,2,21,30,27809,34209,1,FEASIBLE,WORSE
1979,2,21,31,29153,35753,0,CAPACITY_EXCEEDED,INVALID
1980,2,21,32,28026,34426,1,FEASIBLE,WORSE
1981,2,21,33,29093,35693,0,CAPACITY_EXCEEDED,INVALID
1982,2,21,34,27738,34138,1,FEASIBLE,WORSE
1983,2,21,35,28272,34672,1,FEASIBLE,WORSE
1984,2,21,36,27567,33967,1,FEASIBLE,WORSE
1985,2,21,37,27888,34288,1,FEASIBLE,WORSE
1986,2,21,38,29112,35712,0,CAPACITY_EXCEEDED,INVALID
1987,2,21,39,28956,35556,1,FEASIBLE,WORSE
1988,2,21,40,28285,34685,1,FEASIBLE,WORSE
1989,2,21,41,27793,34193,1,FEASIBLE,WORSE
1990,2,21,42,29155,35755,0,CAPACITY_EXCEEDED,INVALID
1991,2,21,43,28043,34443,1,FEASIBLE,WORSE
1992,2,21,44,27961,34361,1,FEASIBLE,WORSE
1993,2,21,45,29158,35758,0,CAPACITY_EXCEEDED,INVALID
1994,2,21,46,28095,34495,1,FEASIBLE,WORSE
1995,2,21,47,27719,34119,1,FEASIBLE,WORSE
1996,2,21,48,28048,34448,1,FEASIBLE,WORSE
1997,2,21,49,29255,35855,0,CAPACITY_EXCEEDED,INVALID
1998,2,21,50,29091,35691,0,CAPACITY_EXCEEDED,INVALID
1999,2,21,51,27839,34239,1,FEASIBLE,WORSE
2000,2,21,52,28206,34606,1,FEASIBLE,WORSE
2001,2,21,53,27966,34366,1,FEASIBLE,WORSE
2002,2,21,54,27779,34179,1,FEASIBLE,WORSE
2003,2,21,55,29220,35820,0,CAPACITY_EXCEEDED,INVALID
2004,2,21,56,28177,34577,1,FEASIBLE,WORSE
2005,2,21,57,27735,34135,1,FEASIBLE,WORSE
2006,2,21,58,27580,33980,1,FEASIBLE,WORSE
2007,2,21,59,27739,34139,1,FEASIBLE,WORSE
2008,2,21,60,29102,35702,0,CAPACITY_EXCEEDED,INVALID
2009,2,21,61,27746,34146,1,FEASIBLE,WORSE
2010,2,21,62,29251,35851,0,CAPACITY_EXCEEDED,INVALID
2011,2,21,63,27683,34083,1,FEASIBLE,WORSE
2012,2,21,64,27699,34099,1,FEASIBLE,WORSE
2013,2,21,65,27842,34242,1,FEASIBLE,WORSE
2014,2,21,66,27690,34090,1,FEASIBLE,WORSE
2015,2,21,67,27902,34302,1,FEASIBLE,WORSE
2016,2,21,68,27711,34111,1,FEASIBLE,WORSE
2017,2,21,69,27996,34396,1,FEASIBLE,WORSE
2018,2,21,70,28097,34497,1,FEASIBLE,WORSE
2019,2,21,71,28100,34500,1,FEASIBLE,WORSE
2020,2,21,72,27674,34074,1,FEASIBLE,WORSE
2021,2,21,73,27630,34030,1,FEASIBLE,WORSE
2022,2,21,74,27810,34210,1,FEASIBLE,WORSE
2023,2,21,75,28197,34597,1,FEASIBLE,WORSE
2024,2,21,76,29045,35645,0,CAPACITY_EXCEEDED,INVALID
2025,2,21,77,29164,35764,0,CAPACITY_EXCEEDED,INVALID
2026,2,21,78,29211,35811,0,CAPACITY_EXCEEDED,INVALID
2027,2,21,79,29130,35730,0,CAPACITY_EXCEEDED,INVALID
2028,2,21,80,29186,35786,0,CAPACITY_EXCEEDED,INVALID
2029,2,21,81,29211,35811,0,CAPACITY_EXCEEDED,INVALID
2030,2,21,82,27746,34146,1,FEASIBLE,WORSE
2031,2,21,83,27895,34295,1,FEASIBLE,WORSE
2032,2,21,84,27581,33981,1,FEASIBLE,WORSE
2033,2,21,85,28011,34411,1,FEASIBLE,WORSE
2034,2,21,86,29099,35699,0,CAPACITY_EXCEEDED,INVALID
2035,2,21,87,29137,35737,0,CAPACITY_EXCEEDED,INVALID
2036,2,21,88,29183,35783,0,CAPACITY_EXCEEDED,INVALID
2037,2,21,89,27697,34097,1,FEASIBLE,WORSE
2038,2,21,90,29237,35837,0,CAPACITY_EXCEEDED,INVALID
2039,2,21,91,27707,34107,1,FEASIBLE,WORSE
2040,2,21,92,27836,34236,1,FEASIBLE,WORSE
2041,2,21,93,27626,34026,1,FEASIBLE,WORSE
2042,2,21,94,29284,35884,0,CAPACITY_EXCEEDED,INVALID
2043,2,21,95,29204,35804,0,CAPACITY_EXCEEDED,INVALID
2044,2,21,96,29081,35681,0,CAPACITY_EXCEEDED,INVALID
2045,2,21,97,28204,34604,1,FEASIBLE,WORSE
2046,2,21,98,27674,34074,1,FEASIBLE,WORSE
2047,2,21,99,27800,34200,1,FEASIBLE,WORSE
2048,2,22,23,29232,35832,0,CAPACITY_EXCEEDED,INVALID
2049,2,22,24,29443,36043,0,CAPACITY_EXCEEDED,INVALID
2050,2,22,25,29815,36415,0,CAPACITY_EXCEEDED,INVALID
2051,2,22,26,29481,36081,0,CAPACITY_EXCEEDED,INVALID
2052,2,22,27,29305,35905,0,CAPACITY_EXCEEDED,INVALID
2053,2,22,28,29002,35602,1,FEASIBLE,WORSE
2054,2,22,29,30883,37683,0,CAPACITY_EXCEEDED,INVALID
2055,2,22,30,29438,36038,0,CAPACITY_EXCEEDED,INVALID
2056,2,22,31,30782,37582,0,CAPACITY_EXCEEDED,INVALID
2057,2,22,32,29655,36255,0,CAPACITY_EXCEEDED,INVALID
2058,2,22,33,30722,37522,0,CAPACITY_EXCEEDED,INVALID
2059,2,22,34,29367,35967,0,CAPACITY_EXCEEDED,INVALID
2060,2,22,35,29901,36501,0,CAPACITY_EXCEEDED,INVALID
2061,2,22,36,29196,35796,0,CAPACITY_EXCEEDED,INVALID
2062,2,22,37,29517,36117,0,CAPACITY_EXCEEDED,INVALID
2063,2,22,38,30741,37541,0,CAPACITY_EXCEEDED,INVALID
2064,2,22,39,30585,37385,0,CAPACITY_EXCEEDED,INVALID
2065,2,22,40,29914,36514,0,CAPACITY_EXCEEDED,INVALID
2066,2,22,41,29422,36022,0,CAPACITY_EXCEEDED,INVALID
2067,2,22,42,30784,37584,0,CAPACITY_EXCEEDED,INVALID
2068,2,22,43,29672,36272,0,CAPACITY_EXCEEDED,INVALID
2069,2,22,44,29590,36190,0,CAPACITY_EXCEEDED,INVALID
2070,2,22,45,30787,37587,0,CAPACITY_EXCEEDED,INVALID
2071,2,22,46,29724,36324,0,CAPACITY_EXCEEDED,INVALID
2072,2,22,47,29348,35948,0,CAPACITY_EXCEEDED,INVALID
2073,2,22,48,29677,36277,0,CAPACITY_EXCEEDED,INVALID
2074,2,22,49,30884,37684,0,CAPACITY_EXCEEDED,INVALID
2075,2,22,50,30720,37520,0,CAPACITY_EXCEEDED,INVALID
2076,2,22,51,29468,36068,0,CAPACITY_EXCEEDED,INVALID
2077,2,22,52,29835,36435,0,CAPACITY_EXCEEDED,INVALID
2078,2,22,53,29595,36195,0,CAPACITY_EXCEEDED,INVALID
2079,2,22,54,29408,36008,0,CAPACITY_EXCEEDED,INVALID
2080,2,22,55,30849,37649,0,CAPACITY_EXCEEDED,INVALID
2081,2,22,56,29806,36406,0,CAPACITY_EXCEEDED,INVALID
2082,2,22,57,29364,35964,0,CAPACITY_EXCEEDED,INVALID
2083,2,22,58,29209,35809,0,CAPACITY_EXCEEDED,INVALID
2084,2,22,59,29368,35968,0,CAPACITY_EXCEEDED,INVALID
2085,2,22,60,30731,37531,0,CAPACITY_EXCEEDED,INVALID
2086,2,22,61,29375,35975,0,CAPACITY_EXCEEDED,INVALID
2087,2,22,62,30880,37680,0,CAPACITY_EXCEEDED,INVALID
2088,2,22,63,29312,35912,0,CAPACITY_EXCEEDED,INVALID
2089,2,22,64,29328,35928,0,CAPACITY_EXCEEDED,INVALID
2090,2,22,65,29471,36071,0,CAPACITY_EXCEEDED,INVALID
2091,2,22,66,29319,35919,0,CAPACITY_EXCEEDED,INVALID
2092,2,22,67,29531,36131,0,CAPACITY_EXCEEDED,INVALID
2093,2,22,68,29340,35940,0,CAPACITY_EXCEEDED,INVALID
2094,2,22,69,29625,36225,0,CAPACITY_EXCEEDED,INVALID
2095,2,22,70,29726,36326,0,CAPACITY_EXCEEDED,INVALID
2096,2,22,71,29729,36329,0,CAPACITY_EXCEEDED,INVALID
2097,2,22,72,29303,35903,0,CAPACITY_EXCEEDED,INVALID
2098,2,22,73,29259,35859,0,CAPACITY_EXCEEDED,INVALID
2099,2,22,74,29439,36039,0,CAPACITY_EXCEEDED,INVALID
2100,2,22,75,29826,36426,0,CAPACITY_EXCEEDED,INVALID
2101,2,22,76,30674,37474,0,CAPACITY_EXCEEDED,INVALID
2102,2,22,77,30793,37593,0,CAPACITY_EXCEEDED,INVALID
2103,2,22,78,30840,37640,0,CAPACITY_EXCEEDED,INVALID
2104,2,22,79,30759,37559,0,CAPACITY_EXCEEDED,INVALID
2105,2,22,80,30815,37615,0,CAPACITY_EXCEEDED,INVALID
2106,2,22,81,30840,37640,0,CAPACITY_EXCEEDED,INVALID
2107,2,22,82,29375,35975,0,CAPACITY_EXCEEDED,INVALID
2108,2,22,83,29524,36124,0,CAPACITY_EXCEEDED,INVALID
2109,2,22,84,29210,35810,0,CAPACITY_EXCEEDED,INVALID
2110,2,22,85,29640,36240,0,CAPACITY_EXCEEDED,INVALID
2111,2,22,86,30728,37528,0,CAPACITY_EXCEEDED,INVALID
2112,2,22,87,30766,37566,0,CAPACITY_EXCEEDED,INVALID
2113,2,22,88,30812,37612,0,CAPACITY_EXCEEDED,INVALID
2114,2,22,89,29326,35926,0,CAPACITY_EXCEEDED,INVALID
2115,2,22,90,30866,37666,0,CAPACITY_EXCEEDED,INVALID
2116,2,22,91,29336,35936,0,CAPACITY_EXCEEDED,INVALID
2117,2,22,92,29465,36065,0,CAPACITY_EXCEEDED,INVALID
2118,2,22,93,29255,35855,0,CAPACITY_EXCEEDED,INVALID
2119,2,22,94,30913,37713,0,CAPACITY_EXCEEDED,INVALID
2120,2,22,95,30833,37633,0,CAPACITY_EXCEEDED,INVALID
2121,2,22,96,30710,37510,0,CAPACITY_EXCEEDED,INVALID
2122,2,22,97,29833,36433,0,CAPACITY_EXCEEDED,INVALID
2123,2,22,98,29303,35903,0,CAPACITY_EXCEEDED,INVALID
2124,2,22,99,29429,36029,0,CAPACITY_EXCEEDED,INVALID
2125,2,23,24,27860,34260,1,FEASIBLE,WORSE
2126,2,23,25,28232,34632,1,FEASIBLE,WORSE
2127,2,23,26,27898,34298,1,FEASIBLE,WORSE
2128,2,23,27,27722,34122,1,FEASIBLE,WORSE
2129,2,23,28,27419,33819,1,FEASIBLE,WORSE
2130,2,23,29,29300,35900,0,CAPACITY_EXCEEDED,INVALID
2131,2,23,30,27855,34255,1,FEASIBLE,WORSE
2132,2,23,31,29199,35799,0,CAPACITY_EXCEEDED,INVALID
2133,2,23,32,28072,34472,1,FEASIBLE,WORSE
2134,2,23,33,29139,35739,0,CAPACITY_EXCEEDED,INVALID
2135,2,23,34,27784,34184,1,FEASIBLE,WORSE
2136,2,23,35,28318,34718,1,FEASIBLE,WORSE
2137,2,23,36,27613,34013,1,FEASIBLE,WORSE
2138,2,23,37,27934,34334,1,FEASIBLE,WORSE
2139,2,23,38,29158,35758,0,CAPACITY_EXCEEDED,INVALID
2140,2,23,39,29002,35602,1,FEASIBLE,WORSE
2141,2,23,40,28331,34731,1,FEASIBLE,WORSE
2142,2,23,41,27839,34239,1,FEASIBLE,WORSE
2143,2,23,42,29201,35801,0,CAPACITY_EXCEEDED,INVALID
2144,2,23,43,28089,34489,1,FEASIBLE,WORSE
2145,2,23,44,28007,34407,1,FEASIBLE,WORSE
2146,2,23,45,29204,35804,0,CAPACITY_EXCEEDED,INVALID
2147,2,23,46,28141,34541,1,FEASIBLE,WORSE
2148,2,23,47,27765,34165,1,FEASIBLE,WORSE
2149,2,23,48,28094,34494,1,FEASIBLE,WORSE
2150,2,23,49,29301,35901,0,CAPACITY_EXCEEDED,INVALID
2151,2,23,50,29137,35737,0,CAPACITY_EXCEEDED,INVALID
2152,2,23,51,27885,34285,1,FEASIBLE,WORSE
2153,2,23,52,28252,34652,1,FEASIBLE,WORSE
2154,2,23,53,28012,34412,1,FEASIBLE,WORSE
2155,2,23,54,27825,34225,1,FEASIBLE,WORSE
2156,2,23,55,29266,35866,0,CAPACITY_EXCEEDED,INVALID
2157,2,23,56,28223,34623,1,FEASIBLE,WORSE
2158,2,23,57,27781,34181,1,FEASIBLE,WORSE
2159,2,23,58,27626,34026,1,FEASIBLE,WORSE
2160,2,23,59,27785,34185,1,FEASIBLE,WORSE
2161,2,23,60,29148,35748,0,CAPACITY_EXCEEDED,INVALID
2162,2,23,61,27792,34192,1,FEASIBLE,WORSE
2163,2,23,62,29297,35897,0,CAPACITY_EXCEEDED,INVALID
2164,2,23,63,27729,34129,1,FEASIBLE,WORSE
2165,2,23,64,27745,34145,1,FEASIBLE,WORSE
2166,2,23,65,27888,34288,1,FEASIBLE,WORSE
2167,2,23,66,27736,34136,1,FEASIBLE,WORSE
2168,2,23,67,27948,34348,1,FEASIBLE,WORSE
2169,2,23,68,27757,34157,1,FEASIBLE,WORSE
2170,2,23,69,28042,34442,1,FEASIBLE,WORSE
2171,2,23,70,28143,34543,1,FEASIBLE,WORSE
2172,2,23,71,28146,34546,1,FEASIBLE,WORSE
2173,2,23,72,27720,34120,1,FEASIBLE,WORSE
2174,2,23,73,27676,34076,1,FEASIBLE,WORSE
2175,2,23,74,27856,34256,1,FEASIBLE,WORSE
2176,2,23,75,28243,34643,1,FEASIBLE,WORSE
2177,2,23,76,29091,35691,0,CAPACITY_EXCEEDED,INVALID
2178,2,23,77,29210,35810,0,CAPACITY_EXCEEDED,INVALID
2179,2,23,78,29257,35857,0,CAPACITY_EXCEEDED,INVALID
2180,2,23,79,29176,35776,0,CAPACITY_EXCEEDED,INVALID
2181,2,23,80,29232,35832,0,CAPACITY_EXCEEDED,INVALID
2182,2,23,81,29257,35857,0,CAPACITY_EXCEEDED,INVALID
2183,2,23,82,27792,34192,1,FEASIBLE,WORSE
2184,2,23,83,27941,34341,1,FEASIBLE,WORSE
2185,2,23,84,27627,34027,1,FEASIBLE,WORSE
2186,2,23,85,28057,34457,1,FEASIBLE,WORSE
2187,2,23,86,29145,35745,0,CAPACITY_EXCEEDED,INVALID
2188,2,23,87,29183,35783,0,CAPACITY_EXCEEDED,INVALID
2189,2,23,88,29229,35829,0,CAPACITY_EXCEEDED,INVALID
2190,2,23,89,27743,34143,1,FEASIBLE,WORSE
2191,2,23,90,29283,35883,0,CAPACITY_EXCEEDED,INVALID
2192,2,23,91,27753,34153,1,FEASIBLE,WORSE
2193,2,23,92,27882,34282,1,FEASIBLE,WORSE
2194,2,23,93,27672,34072,1,FEASIBLE,WORSE
2195,2,23,94,29330,35930,0,CAPACITY_EXCEEDED,INVALID
2196,2,23,95,29250,35850,0,CAPACITY_EXCEEDED,INVALID
2197,2,23,96,29127,35727,0,CAPACITY_EXCEEDED,INVALID
2198,2,23,97,28250,34650,1,FEASIBLE,WORSE
2199,2,23,98,27720,34120,1,FEASIBLE,WORSE
2200,2,23,99,27846,34246,1,FEASIBLE,WORSE
2201,2,24,25,28443,34843,1,FEASIBLE,WORSE
2202,2,24,26,28109,34509,1,FEASIBLE,WORSE
2203,2,24,27,27933,34333,1,FEASIBLE,WORSE
2204,2,24,28,27630,34030,1,FEASIBLE,WORSE
2205,2,24,29,29511,36111,0,CAPACITY_EXCEEDED,INVALID
2206,2,24,30,28066,34466,1,FEASIBLE,WORSE
2207,2,24,31,29410,36010,0,CAPACITY_EXCEEDED,INVALID
2208,2,24,32,28283,34683,1,FEASIBLE,WORSE
2209,2,24,33,29350,35950,0,CAPACITY_EXCEEDED,INVALID
2210,2,24,34,27995,34395,1,FEASIBLE,WORSE
2211,2,24,35,28529,34929,1,FEASIBLE,WORSE
2212,2,24,36,27824,34224,1,FEASIBLE,WORSE
2213,2,24,37,28145,34545,1,FEASIBLE,WORSE
2214,2,24,38,29369,35969,0,CAPACITY_EXCEEDED,INVALID
2215,2,24,39,29213,35813,0,CAPACITY_EXCEEDED,INVALID
2216,2,24,40,28542,34942,1,FEASIBLE,WORSE
2217,2,24,41,28050,34450,1,FEASIBLE,WORSE
2218,2,24,42,29412,36012,0,CAPACITY_EXCEEDED,INVALID
2219,2,24,43,28300,34700,1,FEASIBLE,WORSE
2220,2,24,44,28218,34618,1,FEASIBLE,WORSE
2221,2,24,45,29415,36015,0,CAPACITY_EXCEEDED,INVALID
2222,2,24,46,28352,34752,1,FEASIBLE,WORSE
2223,2,24,47,27976,34376,1,FEASIBLE,WORSE
2224,2,24,48,28305,34705,1,FEASIBLE,WORSE
2225,2,24,49,29512,36112,0,CAPACITY_EXCEEDED,INVALID
2226,2,24,50,29348,35948,0,CAPACITY_EXCEEDED,INVALID
2227,2,24,51,28096,34496,1,FEASIBLE,WORSE
2228,2,24,52,28463,34863,1,FEASIBLE,WORSE
2229,2,24,53,28223,34623,1,FEASIBLE,WORSE
2230,2,24,54,28036,34436,1,FEASIBLE,WORSE
2231,2,24,55,29477,36077,0,CAPACITY_EXCEEDED,INVALID
2232,2,24,56,28434,34834,1,FEASIBLE,WORSE
2233,2,24,57,27992,34392,1,FEASIBLE,WORSE
2234,2,24,58,27837,34237,1,FEASIBLE,WORSE
2235,2,24,59,27996,34396,1,FEASIBLE,WORSE
2236,2,24,60,29359,35959,0,CAPACITY_EXCEEDED,INVALID
2237,2,24,61,28003,34403,1,FEASIBLE,WORSE
2238,2,24,62,29508,36108,0,CAPACITY_EXCEEDED,INVALID
2239,2,24,63,27940,34340,1,FEASIBLE,WORSE
2240,2,24,64,27956,34356,1,FEASIBLE,WORSE
2241,2,24,65,28099,34499,1,FEASIBLE,WORSE
2242,2,24,66,27947,34347,1,FEASIBLE,WORSE
2243,2,24,67,28159,34559,1,FEASIBLE,WORSE
2244,2,24,68,27968,34368,1,FEASIBLE,WORSE
2245,2,24,69,28253,34653,1,FEASIBLE,WORSE
2246,2,24,70,28354,34754,1,FEASIBLE,WORSE
2247,2,24,71,28357,34757,1,FEASIBLE,WORSE
2248,2,24,72,27931,34331,1,FEASIBLE,WORSE
2249,2,24,73,27887,34287,1,FEASIBLE,WORSE
2250,2,24,74,28067,34467,1,FEASIBLE,WORSE
2251,2,24,75,28454,34854,1,FEASIBLE,WORSE
2252,2,24,76,29302,35902,0,CAPACITY_EXCEEDED,INVALID
2253,2,24,77,29421,36021,0,CAPACITY_EXCEEDED,INVALID
2254,2,24,78,29468,36068,0,CAPACITY_EXCEEDED,INVALID
2255,2,24,79,29387,35987,0,CAPACITY_EXCEEDED,INVALID
2256,2,24,80,29443,36043,0,CAPACITY_EXCEEDED,INVALID
2257,2,24,81,29468,36068,0,CAPACITY_EXCEEDED,INVALID
2258,2,24,82,28003,34403,1,FEASIBLE,WORSE
2259,2,24,83,28152,34552,1,FEASIBLE,WORSE
2260,2,24,84,27838,34238,1,FEASIBLE,WORSE
2261,2,24,85,28268,34668,1,FEASIBLE,WORSE
2262,2,24,86,29356,35956,0,CAPACITY_EXCEEDED,INVALID
2263,2,24,87,29394,35994,0,CAPACITY_EXCEEDED,INVALID
2264,2,24,88,29440,36040,0,CAPACITY_EXCEEDED,INVALID
2265,2,24,89,27954,34354,1,FEASIBLE,WORSE
2266,2,24,90,29494,36094,0,CAPACITY_EXCEEDED,INVALID
2267,2,24,91,27964,34364,1,FEASIBLE,WORSE
2268,2,24,92,28093,34493,1,FEASIBLE,WORSE
2269,2,24,93,27883,34283,1,FEASIBLE,WORSE
2270,2,24,94,29541,36141,0,CAPACITY_EXCEEDED,INVALID
2271,2,24,95,29461,36061,0,CAPACITY_EXCEEDED,INVALID
2272,2,24,96,29338,35938,0,CAPACITY_EXCEEDED,INVALID
2273,2,24,97,28461,34861,1,FEASIBLE,WORSE
2274,2,24,98,27931,34331,1,FEASIBLE,WORSE
2275,2,24,99,28057,34457,1,FEASIBLE,WORSE
2276,2,25,26,28481,34881,1,FEASIBLE,WORSE
2277,2,25,27,28305,34705,1,FEASIBLE,WORSE
2278,2,25,28,28002,34402,1,FEASIBLE,WORSE
2279,2,25,29,29883,36483,0,CAPACITY_EXCEEDED,INVALID
2280,2,25,30,28438,34838,1,FEASIBLE,WORSE
2281,2,25,31,29782,36382,0,CAPACITY_EXCEEDED,INVALID
2282,2,25,32,28655,35055,1,FEASIBLE,WORSE
2283,2,25,33,29722,36322,0,CAPACITY_EXCEEDED,INVALID
2284,2,25,34,28367,34767,1,FEASIBLE,WORSE
2285,2,25,35,28901,35301,1,FEASIBLE,WORSE
2286,2,25,36,28196,34596,1,FEASIBLE,WORSE
2287,2,25,37,28517,34917,1,FEASIBLE,WORSE
2288,2,25,38,29741,36341,0,CAPACITY_EXCEEDED,INVALID
2289,2,25,39,29585,36185,0,CAPACITY_EXCEEDED,INVALID
2290,2,25,40,28914,35314,1,FEASIBLE,WORSE
2291,2,25,41,28422,34822,1,FEASIBLE,WORSE
2292,2,25,42,29784,36384,0,CAPACITY_EXCEEDED,INVALID
2293,2,25,43,28672,35072,1,FEASIBLE,WORSE
2294,2,25,44,28590,34990,1,FEASIBLE,WORSE
2295,2,25,45,29787,36387,0,CAPACITY_EXCEEDED,INVALID
2296,2,25,46,28724,35124,1,FEASIBLE,WORSE
2297,2,25,47,28348,34748,1,FEASIBLE,WORSE
2298,2,25,48,28677,35077,1,FEASIBLE,WORSE
2299,2,25,49,29884,36484,0,CAPACITY_EXCEEDED,INVALID
2300,2,25,50,29720,36320,0,CAPACITY_EXCEEDED,INVALID
2301,2,25,51,28468,34868,1,FEASIBLE,WORSE
2302,2,25,52,28835,35235,1,FEASIBLE,WORSE
2303,2,25,53,28595,34995,1,FEASIBLE,WORSE
2304,2,25,54,28408,34808,1,FEASIBLE,WORSE
2305,2,25,55,29849,36449,0,CAPACITY_EXCEEDED,INVALID
2306,2,25,56,28806,35206,1,FEASIBLE,WORSE
2307,2,25,57,28364,34764,1,FEASIBLE,WORSE
2308,2,25,58,28209,34609,1,FEASIBLE,WORSE
2309,2,25,59,28368,34768,1,FEASIBLE,WORSE
2310,2,25,60,29731,36331,0,CAPACITY_EXCEEDED,INVALID
2311,2,25,61,28375,34775,1,FEASIBLE,WORSE
2312,2,25,62,29880,36480,0,CAPACITY_EXCEEDED,INVALID
2313,2,25,63,28312,34712,1,FEASIBLE,WORSE
2314,2,25,64,28328,34728,1,FEASIBLE,WORSE
2315,2,25,65,28471,34871,1,FEASIBLE,WORSE
2316,2,25,66,28319,34719,1,FEASIBLE,WORSE
2317,2,25,67,28531,34931,1,FEASIBLE,WORSE
2318,2,25,68,28340,34740,1,FEASIBLE,WORSE
2319,2,25,69,28625,35025,1,FEASIBLE,WORSE
2320,2,25,70,28726,35126,1,FEASIBLE,WORSE
2321,2,25,71,28729,35129,1,FEASIBLE,WORSE
2322,2,25,72,28303,34703,1,FEASIBLE,WORSE
2323,2,25,73,28259,34659,1,FEASIBLE,WORSE
2324,2,25,74,28439,34839,1,FEASIBLE,WORSE
2325,2,25,75,28826,35226,1,FEASIBLE,WORSE
2326,2,25,76,29674,36274,0,CAPACITY_EXCEEDED,INVALID
2327,2,25,77,29793,36393,0,CAPACITY_EXCEEDED,INVALID
2328,2,25,78,29840,36440,0,CAPACITY_EXCEEDED,INVALID
2329,2,25,79,29759,36359,0,CAPACITY_EXCEEDED,INVALID
2330,2,25,80,29815,36415,0,CAPACITY_EXCEEDED,INVALID
2331,2,25,81,29840,36440,0,CAPACITY_EXCEEDED,INVALID
2332,2,25,82,28375,34775,1,FEASIBLE,WORSE
2333,2,25,83,28524,34924,1,FEASIBLE,WORSE
2334,2,25,84,28210,34610,1,FEASIBLE,WORSE
2335,2,25,85,28640,35040,1,FEASIBLE,WORSE
2336,2,25,86,29728,36328,0,CAPACITY_EXCEEDED,INVALID
2337,2,25,87,29766,36366,0,CAPACITY_EXCEEDED,INVALID
2338,2,25,88,29812,36412,0,CAPACITY_EXCEEDED,INVALID
2339,2,25,89,28326,34726,1,FEASIBLE,WORSE
2340,2,25,90,29866,36466,0,CAPACITY_EXCEEDED,INVALID
2341,2,25,91,28336,34736,1,FEASIBLE,WORSE
2342,2,25,92,28465,34865,1,FEASIBLE,WORSE
2343,2,25,93,28255,34655,1,FEASIBLE,WORSE
2344,2,25,94,29913,36513,0,CAPACITY_EXCEEDED,INVALID
2345,2,25,95,29833,36433,0,CAPACITY_EXCEEDED,INVALID
2346,2,25,96,29710,36310,0,CAPACITY_EXCEEDED,INVALID
2347,2,25,97,28833,35233,1,FEASIBLE,WORSE
2348,2,25,98,28303,34703,1,FEASIBLE,WORSE
2349,2,25,99,28429,34829,1,FEASIBLE,WORSE
2350,2,26,27,27971,34371,1,FEASIBLE,WORSE
2351,2,26,28,27668,34068,1,FEASIBLE,WORSE
2352,2,26,29,29549,36149,0,CAPACITY_EXCEEDED,INVALID
2353,2,26,30,28104,34504,1,FEASIBLE,WORSE
2354,2,26,31,29448,36048,0,CAPACITY_EXCEEDED,INVALID
2355,2,26,32,28321,34721,1,FEASIBLE,WORSE
2356,2,26,33,29388,35988,0,CAPACITY_EXCEEDED,INVALID
2357,2,26,34,28033,34433,1,FEASIBLE,WORSE
2358,2,26,35,28567,34967,1,FEASIBLE,WORSE
2359,2,26,36,27862,34262,1,FEASIBLE,WORSE
2360,2,26,37,28183,34583,1,FEASIBLE,WORSE
2361,2,26,38,29407,36007,0,CAPACITY_EXCEEDED,INVALID
2362,2,26,39,29251,35851,0,CAPACITY_EXCEEDED,INVALID
2363,2,26,40,28580,34980,1,FEASIBLE,WORSE
2364,2,26,41,28088,34488,1,FEASIBLE,WORSE
2365,2,26,42,29450,36050,0,CAPACITY_EXCEEDED,INVALID
2366,2,26,43,28338,34738,1,FEASIBLE,WORSE
2367,2,26,44,28256,34656,1,FEASIBLE,WORSE
2368,2,26,45,29453,36053,0,CAPACITY_EXCEEDED,INVALID
2369,2,26,46,28390,34790,1,FEASIBLE,WORSE
2370,2,26,47,28014,34414,1,FEASIBLE,WORSE
2371,2,26,48,28343,34743,1,FEASIBLE,WORSE
2372,2,26,49,29550,36150,0,CAPACITY_EXCEEDED,INVALID
2373,2,26,50,29386,35986,0,CAPACITY_EXCEEDED,INVALID
2374,2,26,51,28134,34534,1,FEASIBLE,WORSE
2375,2,26,52,28501,34901,1,FEASIBLE,WORSE
2376,2,26,53,28261,34661,1,FEASIBLE,WORSE
2377,2,26,54,28074,34474,1,FEASIBLE,WORSE
2378,2,26,55,29515,36115,0,CAPACITY_EXCEEDED,INVALID
2379,2,26,56,28472,34872,1,FEASIBLE,WORSE
2380,2,26,57,28030,34430,1,FEASIBLE,WORSE
2381,2,26,58,27875,34275,1,FEASIBLE,WORSE
2382,2,26,59,28034,34434,1,FEASIBLE,WORSE
2383,2,26,60,29397,35997,0,CAPACITY_EXCEEDED,INVALID
2384,2,26,61,28041,34441,1,FEASIBLE,WORSE
2385,2,26,62,29546,36146,0,CAPACITY_EXCEEDED,INVALID
2386,2,26,63,27978,34378,1,FEASIBLE,WORSE
2387,2,26,64,27994,34394,1,FEASIBLE,WORSE
2388,2,26,65,28137,34537,1,FEASIBLE,WORSE
2389,2,26,66,27985,34385,1,FEASIBLE,WORSE
2390,2,26,67,28197,34597,1,FEASIBLE,WORSE
2391,2,26,68,28006,34406,1,FEASIBLE,WORSE
2392,2,26,69,28291,34691,1,FEASIBLE,WORSE
2393,2,26,70,28392,34792,1,FEASIBLE,WORSE
2394,2,26,71,28395,34795,1,FEASIBLE,WORSE
2395,2,26,72,27969,34369,1,FEASIBLE,WORSE
2396,2,26,73,27925,34325,1,FEASIBLE,WORSE
2397,2,26,74,28105,34505,1,FEASIBLE,WORSE
2398,2,26,75,28492,34892,1,FEASIBLE,WORSE
2399,2,26,76,29340,35940,0,CAPACITY_EXCEEDED,INVALID
2400,2,26,77,29459,36059,0,CAPACITY_EXCEEDED,INVALID
2401,2,26,78,29506,36106,0,CAPACITY_EXCEEDED,INVALID
2402,2,26,79,29425,36025,0,CAPACITY_EXCEEDED,INVALID
2403,2,26,80,29481,36081,0,CAPACITY_EXCEEDED,INVALID
2404,2,26,81,29506,36106,0,CAPACITY_EXCEEDED,INVALID
2405,2,26,82,28041,34441,1,FEASIBLE,WORSE
2406,2,26,83,28190,34590,1,FEASIBLE,WORSE
2407,2,26,84,27876,34276,1,FEASIBLE,WORSE
2408,2,26,85,28306,34706,1,FEASIBLE,WORSE
2409,2,26,86,29394,35994,0,CAPACITY_EXCEEDED,INVALID
2410,2,26,87,29432,36032,0,CAPACITY_EXCEEDED,INVALID
2411,2,26,88,29478,36078,0,CAPACITY_EXCEEDED,INVALID
2412,2,26,89,27992,34392,1,FEASIBLE,WORSE
2413,2,26,90,29532,36132,0,CAPACITY_EXCEEDED,INVALID
2414,2,26,91,28002,34402,1,FEASIBLE,WORSE
2415,2,26,92,28131,34531,1,FEASIBLE,WORSE
2416,2,26,93,27921,34321,1,FEASIBLE,WORSE
2417,2,26,94,29579,36179,0,CAPACITY_EXCEEDED,INVALID
2418,2,26,95,29499,36099,0,CAPACITY_EXCEEDED,INVALID
2419,2,26,96,29376,35976,0,CAPACITY_EXCEEDED,INVALID
2420,2,26,97,28499,34899,1,FEASIBLE,WORSE
2421,2,26,98,27969,34369,1,FEASIBLE,WORSE
2422,2,26,99,28095,34495,1,FEASIBLE,WORSE
2423,2,27,28,27492,33892,1,FEASIBLE,WORSE
2424,2,27,29,29373,35973,0,CAPACITY_EXCEEDED,INVALID
2425,2,27,30,27928,34328,1,FEASIBLE,WORSE
2426,2,27,31,29272,35872,0,CAPACITY_EXCEEDED,INVALID
2427,2,27,32,28145,34545,1,FEASIBLE,WORSE
2428,2,27,33,29212,35812,0,CAPACITY_EXCEEDED,INVALID
2429,2,27,34,27857,34257,1,FEASIBLE,WORSE
2430,2,27,35,28391,34791,1,FEASIBLE,WORSE
2431,2,27,36,27686,34086,1,FEASIBLE,WORSE
2432,2,27,37,28007,34407,1,FEASIBLE,WORSE
2433,2,27,38,29231,35831,0,CAPACITY_EXCEEDED,INVALID
2434,2,27,39,29075,35675,0,CAPACITY_EXCEEDED,INVALID
2435,2,27,40,28404,34804,1,FEASIBLE,WORSE
2436,2,27,41,27912,34312,1,FEASIBLE,WORSE
2437,2,27,42,29274,35874,0,CAPACITY_EXCEEDED,INVALID
2438,2,27,43,28162,34562,1,FEASIBLE,WORSE
2439,2,27,44,28080,34480,1,FEASIBLE,WORSE
2440,2,27,45,29277,35877,0,CAPACITY_EXCEEDED,INVALID
2441,2,27,46,28214,34614,1,FEASIBLE,WORSE
2442,2,27,47,27838,34238,1,FEASIBLE,WORSE
2443,2,27,48,28167,34567,1,FEASIBLE,WORSE
2444,2,27,49,29374,35974,0,CAPACITY_EXCEEDED,INVALID
2445,2,27,50,29210,35810,0,CAPACITY_EXCEEDED,INVALID
2446,2,27,51,27958,34358,1,FEASIBLE,WORSE
2447,2,27,52,28325,34725,1,FEASIBLE,WORSE
2448,2,27,53,28085,34485,1,FEASIBLE,WORSE
2449,2,27,54,27898,34298,1,FEASIBLE,WORSE
2450,2,27,55,29339,35939,0,CAPACITY_EXCEEDED,INVALID
2451,2,27,56,28296,34696,1,FEASIBLE,WORSE
2452,2,27,57,27854,34254,1,FEASIBLE,WORSE
2453,2,27,58,27699,34099,1,FEASIBLE,WORSE
2454,2,27,59,27858,34258,1,FEASIBLE,WORSE
2455,2,27,60,29221,35821,0,CAPACITY_EXCEEDED,INVALID
2456,2,27,61,27865,34265,1,FEASIBLE,WORSE
2457,2,27,62,29370,35970,0,CAPACITY_EXCEEDED,INVALID
2458,2,27,63,27802,34202,1,FEASIBLE,WORSE
2459,2,27,64,27818,34218,1,FEASIBLE,WORSE
2460,2,27,65,27961,34361,1,FEASIBLE,WORSE
2461,2,27,66,27809,34209,1,FEASIBLE,WORSE
2462,2,27,67,28021,34421,1,FEASIBLE,WORSE
2463,2,27,68,27830,34230,1,FEASIBLE,WORSE
2464,2,27,69,28115,34515,1,FEASIBLE,WORSE
2465,2,27,70,28216,34616,1,FEASIBLE,WORSE
2466,2,27,71,28219,34619,1,FEASIBLE,WORSE
2467,2,27,72,27793,34193,1,FEASIBLE,WORSE
2468,2,27,73,27749,34149,1,FEASIBLE,WORSE
2469,2,27,74,27929,34329,1,FEASIBLE,WORSE
2470,2,27,75,28316,34716,1,FEASIBLE,WORSE
2471,2,27,76,29164,35764,0,CAPACITY_EXCEEDED,INVALID
2472,2,27,77,29283,35883,0,CAPACITY_EXCEEDED,INVALID
2473,2,27,78,29330,35930,0,CAPACITY_EXCEEDED,INVALID
2474,2,27,79,29249,35849,0,CAPACITY_EXCEEDED,INVALID
2475,2,27,80,29305,35905,0,CAPACITY_EXCEEDED,INVALID
2476,2,27,81,29330,35930,0,CAPACITY_EXCEEDED,INVALID
2477,2,27,82,27865,34265,1,FEASIBLE,WORSE
2478,2,27,83,28014,34414,1,FEASIBLE,WORSE
2479,2,27,84,27700,34100,1,FEASIBLE,WORSE
2480,2,27,85,28130,34530,1,FEASIBLE,WORSE
2481,2,27,86,29218,35818,0,CAPACITY_EXCEEDED,INVALID
2482,2,27,87,29256,35856,0,CAPACITY_EXCEEDED,INVALID
2483,2,27,88,29302,35902,0,CAPACITY_EXCEEDED,INVALID
2484,2,27,89,27816,34216,1,FEASIBLE,WORSE
2485,2,27,90,29356,35956,0,CAPACITY_EXCEEDED,INVALID
2486,2,27,91,27826,34226,1,FEASIBLE,WORSE
2487,2,27,92,27955,34355,1,FEASIBLE,WORSE
2488,2,27,93,27745,34145,1,FEASIBLE,WORSE
2489,2,27,94,29403,36003,0,CAPACITY_EXCEEDED,INVALID
2490,2,27,95,29323,35923,0,CAPACITY_EXCEEDED,INVALID
2491,2,27,96,29200,35800,0,CAPACITY_EXCEEDED,INVALID
2492,2,27,97,28323,34723,1,FEASIBLE,WORSE
2493,2,27,98,27793,34193,1,FEASIBLE,WORSE
2494,2,27,99,27919,34319,1,FEASIBLE,WORSE
2495,2,28,29,29070,35670,0,CAPACITY_EXCEEDED,INVALID
2496,2,28,30,27625,34025,1,FEASIBLE,WORSE
2497,2,28,31,28969,35569,1,FEASIBLE,WORSE
2498,2,28,32,27842,34242,1,FEASIBLE,WORSE
2499,2,28,33,28909,35509,1,FEASIBLE,WORSE
2500,2,28,34,27554,33954,1,FEASIBLE,WORSE
2501,2,28,35,28088,34488,1,FEASIBLE,WORSE
2502,2,28,36,27383,33783,1,FEASIBLE,WORSE
2503,2,28,37,27704,34104,1,FEASIBLE,WORSE
2504,2,28,38,28928,35528,1,FEASIBLE,WORSE
2505,2,28,39,28772,35372,1,FEASIBLE,WORSE
2506,2,28,40,28101,34501,1,FEASIBLE,WORSE
2507,2,28,41,27609,34009,1,FEASIBLE,WORSE
2508,2,28,42,28971,35571,1,FEASIBLE,WORSE
2509,2,28,43,27859,34259,1,FEASIBLE,WORSE
2510,2,28,44,27777,34177,1,FEASIBLE,WORSE
2511,2,28,45,28974,35574,1,FEASIBLE,WORSE
2512,2,28,46,27911,34311,1,FEASIBLE,WORSE
2513,2,28,47,27535,33935,1,FEASIBLE,WORSE
2514,2,28,48,27864,34264,1,FEASIBLE,WORSE
2515,2,28,49,29071,35671,0,CAPACITY_EXCEEDED,INVALID
2516,2,28,50,28907,35507,1,FEASIBLE,WORSE
2517,2,28,51,27655,34055,1,FEASIBLE,WORSE
2518,2,28,52,28022,34422,1,FEASIBLE,WORSE
2519,2,28,53,27782,34182,1,FEASIBLE,WORSE
2520,2,28,54,27595,33995,1,FEASIBLE,WORSE
2521,2,28,55,29036,35636,0,CAPACITY_EXCEEDED,INVALID
2522,2,28,56,27993,34393,1,FEASIBLE,WORSE
2523,2,28,57,27551,33951,1,FEASIBLE,WORSE
2524,2,28,58,27396,33796,1,FEASIBLE,WORSE
2525,2,28,59,27555,33955,1,FEASIBLE,WORSE
2526,2,28,60,28918,35518,1,FEASIBLE,WORSE
2527,2,28,61,27562,33962,1,FEASIBLE,WORSE
2528,2,28,62,29067,35667,0,CAPACITY_EXCEEDED,INVALID
2529,2,28,63,27499,33899,1,FEASIBLE,WORSE
2530,2,28,64,27515,33915,1,FEASIBLE,WORSE
2531,2,28,65,27658,34058,1,FEASIBLE,WORSE
2532,2,28,66,27506,33906,1,FEASIBLE,WORSE
2533,2,28,67,27718,34118,1,FEASIBLE,WORSE
2534,2,28,68,27527,33927,1,FEASIBLE,WORSE
2535,2,28,69,27812,34212,1,FEASIBLE,WORSE
2536,2,28,70,27913,34313,1,FEASIBLE,WORSE
2537,2,28,71,27916,34316,1,FEASIBLE,WORSE
2538,2,28,72,27490,33890,1,FEASIBLE,WORSE
2539,2,28,73,27446,33846,1,FEASIBLE,WORSE
2540,2,28,74,27626,34026,1,FEASIBLE,WORSE
2541,2,28,75,28013,34413,1,FEASIBLE,WORSE
2542,2,28,76,28861,35461,1,FEASIBLE,WORSE
2543,2,28,77,28980,35580,1,FEASIBLE,WORSE
2544,2,28,78,29027,35627,0,CAPACITY_EXCEEDED,INVALID
2545,2,28,79,28946,35546,1,FEASIBLE,WORSE
2546,2,28,80,29002,35602,1,FEASIBLE,WORSE
2547,2,28,81,29027,35627,0,CAPACITY_EXCEEDED,INVALID
2548,2,28,82,27562,33962,1,FEASIBLE,WORSE
2549,2,28,83,27711,34111,1,FEASIBLE,WORSE
2550,2,28,84,27397,33797,1,FEASIBLE,WORSE
2551,2,28,85,27827,34227,1,FEASIBLE,WORSE
2552,2,28,86,28915,35515,1,FEASIBLE,WORSE
2553,2,28,87,28953,35553,1,FEASIBLE,WORSE
2554,2,28,88,28999,35599,1,FEASIBLE,WORSE
2555,2,28,89,27513,33913,1,FEASIBLE,WORSE
2556,2,28,90,29053,35653,0,CAPACITY_EXCEEDED,INVALID
2557,2,28,91,27523,33923,1,FEASIBLE,WORSE
2558,2,28,92,27652,34052,1,FEASIBLE,WORSE
2559,2,28,93,27442,33842,1,FEASIBLE,WORSE
2560,2,28,94,29100,35700,0,CAPACITY_EXCEEDED,INVALID
2561,2,28,95,29020,35620,0,CAPACITY_EXCEEDED,INVALID
2562,2,28,96,28897,35497,1,FEASIBLE,WORSE
2563,2,28,97,28020,34420,1,FEASIBLE,WORSE
2564,2,28,98,27490,33890,1,FEASIBLE,WORSE
2565,2,28,99,27616,34016,1,FEASIBLE,WORSE
2566,2,29,30,29506,36106,0,CAPACITY_EXCEEDED,INVALID
2567,2,29,31,30850,37650,0,CAPACITY_EXCEEDED,INVALID
2568,2,29,32,29723,36323,0,CAPACITY_EXCEEDED,INVALID
2569,2,29,33,30790,37590,0,CAPACITY_EXCEEDED,INVALID
2570,2,29,34,29435,36035,0,CAPACITY_EXCEEDED,INVALID
2571,2,29,35,29969,36569,0,CAPACITY_EXCEEDED,INVALID
2572,2,29,36,29264,35864,0,CAPACITY_EXCEEDED,INVALID
2573,2,29,37,29585,36185,0,CAPACITY_EXCEEDED,INVALID
2574,2,29,38,30809,37609,0,CAPACITY_EXCEEDED,INVALID
2575,2,29,39,30653,37453,0,CAPACITY_EXCEEDED,INVALID
2576,2,29,40,29982,36582,0,CAPACITY_EXCEEDED,INVALID
2577,2,29,41,29490,36090,0,CAPACITY_EXCEEDED,INVALID
2578,2,29,42,30852,37652,0,CAPACITY_EXCEEDED,INVALID
2579,2,29,43,29740,36340,0,CAPACITY_EXCEEDED,INVALID
2580,2,29,44,29658,36258,0,CAPACITY_EXCEEDED,INVALID
2581,2,29,45,30855,37655,0,CAPACITY_EXCEEDED,INVALID
2582,2,29,46,29792,36392,0,CAPACITY_EXCEEDED,INVALID
2583,2,29,47,29416,36016,0,CAPACITY_EXCEEDED,INVALID
2584,2,29,48,29745,36345,0,CAPACITY_EXCEEDED,INVALID
2585,2,29,49,30952,37752,0,CAPACITY_EXCEEDED,INVALID
2586,2,29,50,30788,37588,0,CAPACITY_EXCEEDED,INVALID
2587,2,29,51,29536,36136,0,CAPACITY_EXCEEDED,INVALID
2588,2,29,52,29903,36503,0,CAPACITY_EXCEEDED,INVALID
2589,2,29,53,29663,36263,0,CAPACITY_EXCEEDED,INVALID
2590,2,29,54,29476,36076,0,CAPACITY_EXCEEDED,INVALID
2591,2,29,55,30917,37717,0,CAPACITY_EXCEEDED,INVALID
2592,2,29,56,29874,36474,0,CAPACITY_EXCEEDED,INVALID
2593,2,29,57,29432,36032,0,CAPACITY_EXCEEDED,INVALID
2594,2,29,58,29277,35877,0,CAPACITY_EXCEEDED,INVALID
2595,2,29,59,29436,36036,0,CAPACITY_EXCEEDED,INVALID
2596,2,29,60,30799,37599,0,CAPACITY_EXCEEDED,INVALID
2597,2,29,61,29443,36043,0,CAPACITY_EXCEEDED,INVALID
2598,2,29,62,30948,37748,0,CAPACITY_EXCEEDED,INVALID
2599,2,29,63,29380,35980,0,CAPACITY_EXCEEDED,INVALID
2600,2,29,64,29396,35996,0,CAPACITY_EXCEEDED,INVALID
2601,2,29,65,29539,36139,0,CAPACITY_EXCEEDED,INVALID
2602,2,29,66,29387,35987,0,CAPACITY_EXCEEDED,INVALID
2603,2,29,67,29599,36199,0,CAPACITY_EXCEEDED,INVALID
2604,2,29,68,29408,36008,0,CAPACITY_EXCEEDED,INVALID
2605,2,29,69,29693,36293,0,CAPACITY_EXCEEDED,INVALID
2606,2,29,70,29794,36394,0,CAPACITY_EXCEEDED,INVALID
2607,2,29,71,29797,36397,0,CAPACITY_EXCEEDED,INVALID
2608,2,29,72,29371,35971,0,CAPACITY_EXCEEDED,INVALID
2609,2,29,73,29327,35927,0,CAPACITY_EXCEEDED,INVALID
2610,2,29,74,29507,36107,0,CAPACITY_EXCEEDED,INVALID
2611,2,29,75,29894,36494,0,CAPACITY_EXCEEDED,INVALID
2612,2,29,76,30742,37542,0,CAPACITY_EXCEEDED,INVALID
2613,2,29,77,30861,37661,0,CAPACITY_EXCEEDED,INVALID
2614,2,29,78,30908,37708,0,CAPACITY_EXCEEDED,INVALID
2615,2,29,79,30827,37627,0,CAPACITY_EXCEEDED,INVALID
2616,2,29,80,30883,37683,0,CAPACITY_EXCEEDED,INVALID
2617,2,29,81,30908,37708,0,CAPACITY_EXCEEDED,INVALID
2618,2,29,82,29443,36043,0,CAPACITY_EXCEEDED,INVALID
2619,2,29,83,29592,36192,0,CAPACITY_EXCEEDED,INVALID
2620,2,29,84,29278,35878,0,CAPACITY_EXCEEDED,INVALID
2621,2,29,85,29708,36308,0,CAPACITY_EXCEEDED,INVALID
2622,2,29,86,30796,37596,0,CAPACITY_EXCEEDED,INVALID
2623,2,29,87,30834,37634,0,CAPACITY_EXCEEDED,INVALID
2624,2,29,88,30880,37680,0,CAPACITY_EXCEEDED,INVALID
2625,2,29,89,29394,35994,0,CAPACITY_EXCEEDED,INVALID
2626,2,29,90,30934,37734,0,CAPACITY_EXCEEDED,INVALID
2627,2,29,91,29404,36004,0,CAPACITY_EXCEEDED,INVALID
2628,2,29,92,29533,36133,0,CAPACITY_EXCEEDED,INVALID
2629,2,29,93,29323,35923,0,CAPACITY_EXCEEDED,INVALID
2630,2,29,94,30981,37781,0,CAPACITY_EXCEEDED,INVALID
2631,2,29,95,30901,37701,0,CAPACITY_EXCEEDED,INVALID
2632,2,29,96,30778,37578,0,CAPACITY_EXCEEDED,INVALID
2633,2,29,97,29901,36501,0,CAPACITY_EXCEEDED,INVALID
2634,2,29,98,29371,35971,0,CAPACITY_EXCEEDED,INVALID
2635,2,29,99,29497,36097,0,CAPACITY_EXCEEDED,INVALID
2636,2,30,31,29405,36005,0,CAPACITY_EXCEEDED,INVALID
2637,2,30,32,28278,34678,1,FEASIBLE,WORSE
2638,2,30,33,29345,35945,0,CAPACITY_EXCEEDED,INVALID
2639,2,30,34,27990,34390,1,FEASIBLE,WORSE
2640,2,30,35,28524,34924,1,FEASIBLE,WORSE
2641,2,30,36,27819,34219,1,FEASIBLE,WORSE
2642,2,30,37,28140,34540,1,FEASIBLE,WORSE
2643,2,30,38,29364,35964,0,CAPACITY_EXCEEDED,INVALID
2644,2,30,39,29208,35808,0,CAPACITY_EXCEEDED,INVALID
2645,2,30,40,28537,34937,1,FEASIBLE,WORSE
2646,2,30,41,28045,34445,1,FEASIBLE,WORSE
2647,2,30,42,29407,36007,0,CAPACITY_EXCEEDED,INVALID
2648,2,30,43,28295,34695,1,FEASIBLE,WORSE
2649,2,30,44,28213,34613,1,FEASIBLE,WORSE
2650,2,30,45,29410,36010,0,CAPACITY_EXCEEDED,INVALID
2651,2,30,46,28347,34747,1,FEASIBLE,WORSE
2652,2,30,47,27971,34371,1,FEASIBLE,WORSE
2653,2,30,48,28300,34700,1,FEASIBLE,WORSE
2654,2,30,49,29507,36107,0,CAPACITY_EXCEEDED,INVALID
2655,2,30,50,29343,35943,0,CAPACITY_EXCEEDED,INVALID
2656,2,30,51,28091,34491,1,FEASIBLE,WORSE
2657,2,30,52,28458,34858,1,FEASIBLE,WORSE
2658,2,30,53,28218,34618,1,FEASIBLE,WORSE
2659,2,30,54,28031,34431,1,FEASIBLE,WORSE
2660,2,30,55,29472,36072,0,CAPACITY_EXCEEDED,INVALID
2661,2,30,56,28429,34829,1,FEASIBLE,WORSE
2662,2,30,57,27987,34387,1,FEASIBLE,WORSE
2663,2,30,58,27832,34232,1,FEASIBLE,WORSE
2664,2,30,59,27991,34391,1,FEASIBLE,WORSE
2665,2,30,60,29354,35954,0,CAPACITY_EXCEEDED,INVALID
2666,2,30,61,27998,34398,1,FEASIBLE,WORSE
2667,2,30,62,29503,36103,0,CAPACITY_EXCEEDED,INVALID
2668,2,30,63,27935,34335,1,FEASIBLE,WORSE
2669,2,30,64,27951,34351,1,FEASIBLE,WORSE
2670,2,30,65,28094,34494,1,FEASIBLE,WORSE
2671,2,30,66,27942,34342,1,FEASIBLE,WORSE
2672,2,30,67,28154,34554,1,FEASIBLE,WORSE
2673,2,30,68,27963,34363,1,FEASIBLE,WORSE
2674,2,30,69,28248,34648,1,FEASIBLE,WORSE
2675,2,30,70,28349,34749,1,FEASIBLE,WORSE
2676,2,30,71,28352,34752,1,FEASIBLE,WORSE
2677,2,30,72,27926,34326,1,FEASIBLE,WORSE
2678,2,30,73,27882,34282,1,FEASIBLE,WORSE
2679,2,30,74,28062,34462,1,FEASIBLE,WORSE
2680,2,30,75,28449,34849,1,FEASIBLE,WORSE
2681,2,30,76,29297,35897,0,CAPACITY_EXCEEDED,INVALID
2682,2,30,77,29416,36016,0,CAPACITY_EXCEEDED,INVALID
2683,2,30,78,29463,36063,0,CAPACITY_EXCEEDED,INVALID
2684,2,30,79,29382,35982,0,CAPACITY_EXCEEDED,INVALID
2685,2,30,80,29438,36038,0,CAPACITY_EXCEEDED,INVALID
2686,2,30,81,29463,36063,0,CAPACITY_EXCEEDED,INVALID
2687,2,30,82,27998,34398,1,FEASIBLE,WORSE
2688,2,30,83,28147,34547,1,FEASIBLE,WORSE
2689,2,30,84,27833,34233,1,FEASIBLE,WORSE
2690,2,30,85,28263,34663,1,FEASIBLE,WORSE
2691,2,30,86,29351,35951,0,CAPACITY_EXCEEDED,INVALID
2692,2,30,87,29389,35989,0,CAPACITY_EXCEEDED,INVALID
2693,2,30,88,29435,36035,0,CAPACITY_EXCEEDED,INVALID
2694,2,30,89,27949,34349,1,FEASIBLE,WORSE
2695,2,30,90,29489,36089,0,CAPACITY_EXCEEDED,INVALID
2696,2,30,91,27959,34359,1,FEASIBLE,WORSE
2697,2,30,92,28088,34488,1,FEASIBLE,WORSE
2698,2,30,93,27878,34278,1,FEASIBLE,WORSE
2699,2,30,94,29536,36136,0,CAPACITY_EXCEEDED,INVALID
2700,2,30,95,29456,36056,0,CAPACITY_EXCEEDED,INVALID
2701,2,30,96,29333,35933,0,CAPACITY_EXCEEDED,INVALID
2702,2,30,97,28456,34856,1,FEASIBLE,WORSE
2703,2,30,98,27926,34326,1,FEASIBLE,WORSE
2704,2,30,99,28052,34452,1,FEASIBLE,WORSE
2705,2,31,32,29622,36222,0,CAPACITY_EXCEEDED,INVALID
2706,2,31,33,30689,37489,0,CAPACITY_EXCEEDED,INVALID
2707,2,31,34,29334,35934,0,CAPACITY_EXCEEDED,INVALID
2708,2,31,35,29868,36468,0,CAPACITY_EXCEEDED,INVALID
2709,2,31,36,29163,35763,0,CAPACITY_EXCEEDED,INVALID
2710,2,31,37,29484,36084,0,CAPACITY_EXCEEDED,INVALID
2711,2,31,38,30708,37508,0,CAPACITY_EXCEEDED,INVALID
2712,2,31,39,30552,37352,0,CAPACITY_EXCEEDED,INVALID
2713,2,31,40,29881,36481,0,CAPACITY_EXCEEDED,INVALID
2714,2,31,41,29389,35989,0,CAPACITY_EXCEEDED,INVALID
2715,2,31,42,30751,37551,0,CAPACITY_EXCEEDED,INVALID
2716,2,31,43,29639,36239,0,CAPACITY_EXCEEDED,INVALID
2717,2,31,44,29557,36157,0,CAPACITY_EXCEEDED,INVALID
2718,2,31,45,30754,37554,0,CAPACITY_EXCEEDED,INVALID
2719,2,31,46,29691,36291,0,CAPACITY_EXCEEDED,INVALID
2720,2,31,47,29315,35915,0,CAPACITY_EXCEEDED,INVALID
2721,2,31,48,29644,36244,0,CAPACITY_EXCEEDED,INVALID
2722,2,31,49,30851,37651,0,CAPACITY_EXCEEDED,INVALID
2723,2,31,50,30687,37487,0,CAPACITY_EXCEEDED,INVALID
2724,2,31,51,29435,36035,0,CAPACITY_EXCEEDED,INVALID
2725,2,31,52,29802,36402,0,CAPACITY_EXCEEDED,INVALID
2726,2,31,53,29562,36162,0,CAPACITY_EXCEEDED,INVALID
2727,2,31,54,29375,35975,0,CAPACITY_EXCEEDED,INVALID
2728,2,31,55,30816,37616,0,CAPACITY_EXCEEDED,INVALID
2729,2,31,56,29773,36373,0,CAPACITY_EXCEEDED,INVALID
2730,2,31,57,29331,35931,0,CAPACITY_EXCEEDED,INVALID
2731,2,31,58,29176,35776,0,CAPACITY_EXCEEDED,INVALID
2732,2,31,59,29335,35935,0,CAPACITY_EXCEEDED,INVALID
2733,2,31,60,30698,37498,0,CAPACITY_EXCEEDED,INVALID
2734,2,31,61,29342,35942,0,CAPACITY_EXCEEDED,INVALID
2735,2,31,62,30847,37647,0,CAPACITY_EXCEEDED,INVALID
2736,2,31,63,29279,35879,0,CAPACITY_EXCEEDED,INVALID
2737,2,31,64,29295,35895,0,CAPACITY_EXCEEDED,INVALID
2738,2,31,65,29438,36038,0,CAPACITY_EXCEEDED,INVALID
2739,2,31,66,29286,35886,0,CAPACITY_EXCEEDED,INVALID
2740,2,31,67,29498,36098,0,CAPACITY_EXCEEDED,INVALID
2741,2,31,68,29307,35907,0,CAPACITY_EXCEEDED,INVALID
2742,2,31,69,29592,36192,0,CAPACITY_EXCEEDED,INVALID
2743,2,31,70,29693,36293,0,CAPACITY_EXCEEDED,INVALID
2744,2,31,71,29696,36296,0,CAPACITY_EXCEEDED,INVALID
2745,2,31,72,29270,35870,0,CAPACITY_EXCEEDED,INVALID
2746,2,31,73,29226,35826,0,CAPACITY_EXCEEDED,INVALID
2747,2,31,74,29406,36006,0,CAPACITY_EXCEEDED,INVALID
2748,2,31,75,29793,36393,0,CAPACITY_EXCEEDED,INVALID
2749,2,31,76,30641,37441,0,CAPACITY_EXCEEDED,INVALID
2750,2,31,77,30760,37560,0,CAPACITY_EXCEEDED,INVALID
2751,2,31,78,30807,37607,0,CAPACITY_EXCEEDED,INVALID
2752,2,31,79,30726,37526,0,CAPACITY_EXCEEDED,INVALID
2753,2,31,80,30782,37582,0,CAPACITY_EXCEEDED,INVALID
2754,2,31,81,30807,37607,0,CAPACITY_EXCEEDED,INVALID
2755,2,31,82,29342,35942,0,CAPACITY_EXCEEDED,INVALID
2756,2,31,83,29491,36091,0,CAPACITY_EXCEEDED,INVALID
2757,2,31,84,29177,35777,0,CAPACITY_EXCEEDED,INVALID
2758,2,31,85,29607,36207,0,CAPACITY_EXCEEDED,INVALID
2759,2,31,86,30695,37495,0,CAPACITY_EXCEEDED,INVALID
2760,2,31,87,30733,37533,0,CAPACITY_EXCEEDED,INVALID
2761,2,31,88,30779,37579,0,CAPACITY_EXCEEDED,INVALID
2762,2,31,89,29293,35893,0,CAPACITY_EXCEEDED,INVALID
2763,2,31,90,30833,37633,0,CAPACITY_EXCEEDED,INVALID
2764,2,31,91,29303,35903,0,CAPACITY_EXCEEDED,INVALID
2765,2,31,92,29432,36032,0,CAPACITY_EXCEEDED,INVALID
2766,2,31,93,29222,35822,0,CAPACITY_EXCEEDED,INVALID
2767,2,31,94,30880,37680,0,CAPACITY_EXCEEDED,INVALID
2768,2,31,95,30800,37600,0,CAPACITY_EXCEEDED,INVALID
2769,2,31,96,30677,37477,0,CAPACITY_EXCEEDED,INVALID
2770,2,31,97,29800,36400,0,CAPACITY_EXCEEDED,INVALID
2771,2,31,98,29270,35870,0,CAPACITY_EXCEEDED,INVALID
2772,2,31,99,29396,35996,0,CAPACITY_EXCEEDED,INVALID
2773,2,32,33,29562,36162,0,CAPACITY_EXCEEDED,INVALID
2774,2,32,34,28207,34607,1,FEASIBLE,WORSE
2775,2,32,35,28741,35141,1,FEASIBLE,WORSE
2776,2,32,36,28036,34436,1,FEASIBLE,WORSE
2777,2,32,37,28357,34757,1,FEASIBLE,WORSE
2778,2,32,38,29581,36181,0,CAPACITY_EXCEEDED,INVALID
2779,2,32,39,29425,36025,0,CAPACITY_EXCEEDED,INVALID
2780,2,32,40,28754,35154,1,FEASIBLE,WORSE
2781,2,32,41,28262,34662,1,FEASIBLE,WORSE
2782,2,32,42,29624,36224,0,CAPACITY_EXCEEDED,INVALID
2783,2,32,43,28512,34912,1,FEASIBLE,WORSE
2784,2,32,44,28430,34830,1,FEASIBLE,WORSE
2785,2,32,45,29627,36227,0,CAPACITY_EXCEEDED,INVALID
2786,2,32,46,28564,34964,1,FEASIBLE,WORSE
2787,2,32,47,28188,34588,1,FEASIBLE,WORSE
2788,2,32,48,28517,34917,1,FEASIBLE,WORSE
2789,2,32,49,29724,36324,0,CAPACITY_EXCEEDED,INVALID
2790,2,32,50,29560,36160,0,CAPACITY_EXCEEDED,INVALID
2791,2,32,51,28308,34708,1,FEASIBLE,WORSE
2792,2,32,52,28675,35075,1,FEASIBLE,WORSE
2793,2,32,53,28435,34835,1,FEASIBLE,WORSE
2794,2,32,54,28248,34648,1,FEASIBLE,WORSE
2795,2,32,55,29689,36289,0,CAPACITY_EXCEEDED,INVALID
2796,2,32,56,28646,35046,1,FEASIBLE,WORSE
2797,2,32,57,28204,34604,1,FEASIBLE,WORSE
2798,2,32,58,28049,34449,1,FEASIBLE,WORSE
2799,2,32,59,28208,34608,1,FEASIBLE,WORSE
2800,2,32,60,29571,36171,0,CAPACITY_EXCEEDED,INVALID
2801,2,32,61,28215,34615,1,FEASIBLE,WORSE
2802,2,32,62,29720,36320,0,CAPACITY_EXCEEDED,INVALID
2803,2,32,63,28152,34552,1,FEASIBLE,WORSE
2804,2,32,64,28168,34568,1,FEASIBLE,WORSE
2805,2,32,65,28311,34711,1,FEASIBLE,WORSE
2806,2,32,66,28159,34559,1,FEASIBLE,WORSE
2807,2,32,67,28371,34771,1,FEASIBLE,WORSE
2808,2,32,68,28180,34580,1,FEASIBLE,WORSE
2809,2,32,69,28465,34865,1,FEASIBLE,WORSE
2810,2,32,70,28566,34966,1,FEASIBLE,WORSE
2811,2,32,71,28569,34969,1,FEASIBLE,WORSE
2812,2,32,72,28143,34543,1,FEASIBLE,WORSE
2813,2,32,73,28099,34499,1,FEASIBLE,WORSE
2814,2,32,74,28279,34679,1,FEASIBLE,WORSE
2815,2,32,75,28666,35066,1,FEASIBLE,WORSE
2816,2,32,76,29514,36114,0,CAPACITY_EXCEEDED,INVALID
2817,2,32,77,29633,36233,0,CAPACITY_EXCEEDED,INVALID
2818,2,32,78,29680,36280,0,CAPACITY_EXCEEDED,INVALID
2819,2,32,79,29599,36199,0,CAPACITY_EXCEEDED,INVALID
2820,2,32,80,29655,36255,0,CAPACITY_EXCEEDED,INVALID
2821,2,32,81,29680,36280,0,CAPACITY_EXCEEDED,INVALID
2822,2,32,82,28215,34615,1,FEASIBLE,WORSE
2823,2,32,83,28364,34764,1,FEASIBLE,WORSE
2824,2,32,84,28050,34450,1,FEASIBLE,WORSE
2825,2,32,85,28480,34880,1,FEASIBLE,WORSE
2826,2,32,86,29568,36168,0,CAPACITY_EXCEEDED,INVALID
2827,2,32,87,29606,36206,0,CAPACITY_EXCEEDED,INVALID
2828,2,32,88,29652,36252,0,CAPACITY_EXCEEDED,INVALID
2829,2,32,89,28166,34566,1,FEASIBLE,WORSE
2830,2,32,90,29706,36306,0,CAPACITY_EXCEEDED,INVALID
2831,2,32,91,28176,34576,1,FEASIBLE,WORSE
2832,2,32,92,28305,34705,1,FEASIBLE,WORSE
2833,2,32,93,28095,34495,1,FEASIBLE,WORSE
2834,2,32,94,29753,36353,0,CAPACITY_EXCEEDED,INVALID
2835,2,32,95,29673,36273,0,CAPACITY_EXCEEDED,INVALID
2836,2,32,96,29550,36150,0,CAPACITY_EXCEEDED,INVALID
2837,2,32,97,28673,35073,1,FEASIBLE,WORSE
2838,2,32,98,28143,34543,1,FEASIBLE,WORSE
2839,2,32,99,28269,34669,1,FEASIBLE,WORSE
2840,2,33,34,29274,35874,0,CAPACITY_EXCEEDED,INVALID
2841,2,33,35,29808,36408,0,CAPACITY_EXCEEDED,INVALID
2842,2,33,36,29103,35703,0,CAPACITY_EXCEEDED,INVALID
2843,2,33,37,29424,36024,0,CAPACITY_EXCEEDED,INVALID
2844,2,33,38,30648,37448,0,CAPACITY_EXCEEDED,INVALID
2845,2,33,39,30492,37292,0,CAPACITY_EXCEEDED,INVALID
2846,2,33,40,29821,36421,0,CAPACITY_EXCEEDED,INVALID
2847,2,33,41,29329,35929,0,CAPACITY_EXCEEDED,INVALID
2848,2,33,42,30691,37491,0,CAPACITY_EXCEEDED,INVALID
2849,2,33,43,29579,36179,0,CAPACITY_EXCEEDED,INVALID
2850,2,33,44,29497,36097,0,CAPACITY_EXCEEDED,INVALID
2851,2,33,45,30694,37494,0,CAPACITY_EXCEEDED,INVALID
2852,2,33,46,29631,36231,0,CAPACITY_EXCEEDED,INVALID
2853,2,33,47,29255,35855,0,CAPACITY_EXCEEDED,INVALID
2854,2,33,48,29584,36184,0,CAPACITY_EXCEEDED,INVALID
2855,2,33,49,30791,37591,0,CAPACITY_EXCEEDED,INVALID
2856,2,33,50,30627,37427,0,CAPACITY_EXCEEDED,INVALID
2857,2,33,51,29375,35975,0,CAPACITY_EXCEEDED,INVALID
2858,2,33,52,29742,36342,0,CAPACITY_EXCEEDED,INVALID
2859,2,33,53,29502,36102,0,CAPACITY_EXCEEDED,INVALID
2860,2,33,54,29315,35915,0,CAPACITY_EXCEEDED,INVALID
2861,2,33,55,30756,37556,0,CAPACITY_EXCEEDED,INVALID
2862,2,33,56,29713,36313,0,CAPACITY_EXCEEDED,INVALID
2863,2,33,57,29271,35871,0,CAPACITY_EXCEEDED,INVALID
2864,2,33,58,29116,35716,0,CAPACITY_EXCEEDED,INVALID
2865,2,33,59,29275,35875,0,CAPACITY_EXCEEDED,INVALID
2866,2,33,60,30638,37438,0,CAPACITY_EXCEEDED,INVALID
2867,2,33,61,29282,35882,0,CAPACITY_EXCEEDED,INVALID
2868,2,33,62,30787,37587,0,CAPACITY_EXCEEDED,INVALID
2869,2,33,63,29219,35819,0,CAPACITY_EXCEEDED,INVALID
2870,2,33,64,29235,35835,0,CAPACITY_EXCEEDED,INVALID
2871,2,33,65,29378,35978,0,CAPACITY_EXCEEDED,INVALID
2872,2,33,66,29226,35826,0,CAPACITY_EXCEEDED,INVALID
2873,2,33,67,29438,36038,0,CAPACITY_EXCEEDED,INVALID
2874,2,33,68,29247,35847,0,CAPACITY_EXCEEDED,INVALID
2875,2,33,69,29532,36132,0,CAPACITY_EXCEEDED,INVALID
2876,2,33,70,29633,36233,0,CAPACITY_EXCEEDED,INVALID
2877,2,33,71,29636,36236,0,CAPACITY_EXCEEDED,INVALID
2878,2,33,72,29210,35810,0,CAPACITY_EXCEEDED,INVALID
2879,2,33,73,29166,35766,0,CAPACITY_EXCEEDED,INVALID
2880,2,33,74,29346,35946,0,CAPACITY_EXCEEDED,INVALID
2881,2,33,75,29733,36333,0,CAPACITY_EXCEEDED,INVALID
2882,2,33,76,30581,37381,0,CAPACITY_EXCEEDED,INVALID
2883,2,33,77,30700,37500,0,CAPACITY_EXCEEDED,INVALID
2884,2,33,78,30747,37547,0,CAPACITY_EXCEEDED,INVALID
2885,2,33,79,30666,37466,0,CAPACITY_EXCEEDED,INVALID
2886,2,33,80,30722,37522,0,CAPACITY_EXCEEDED,INVALID
2887,2,33,81,30747,37547,0,CAPACITY_EXCEEDED,INVALID
2888,2,33,82,29282,35882,0,CAPACITY_EXCEEDED,INVALID
2889,2,33,83,29431,36031,0,CAPACITY_EXCEEDED,INVALID
2890,2,33,84,29117,35717,0,CAPACITY_EXCEEDED,INVALID
2891,2,33,85,29547,36147,0,CAPACITY_EXCEEDED,INVALID
2892,2,33,86,30635,37435,0,CAPACITY_EXCEEDED,INVALID
2893,2,33,87,30673,37473,0,CAPACITY_EXCEEDED,INVALID
2894,2,33,88,30719,37519,0,CAPACITY_EXCEEDED,INVALID
2895,2,33,89,29233,35833,0,CAPACITY_EXCEEDED,INVALID
2896,2,33,90,30773,37573,0,CAPACITY_EXCEEDED,INVALID
2897,2,33,91,29243,35843,0,CAPACITY_EXCEEDED,INVALID
2898,2,33,92,29372,35972,0,CAPACITY_EXCEEDED,INVALID
2899,2,33,93,29162,35762,0,CAPACITY_EXCEEDED,INVALID
2900,2,33,94,30820,37620,0,CAPACITY_EXCEEDED,INVALID
2901,2,33,95,30740,37540,0,CAPACITY_EXCEEDED,INVALID
2902,2,33,96,30617,37417,0,CAPACITY_EXCEEDED,INVALID
2903,2,33,97,29740,36340,0,CAPACITY_EXCEEDED,INVALID
2904,2,33,98,29210,35810,0,CAPACITY_EXCEEDED,INVALID
2905,2,33,99,29336,35936,0,CAPACITY_EXCEEDED,INVALID
2906,2,34,35,28453,34853,1,FEASIBLE,WORSE
2907,2,34,36,27748,34148,1,FEASIBLE,WORSE
2908,2,34,37,28069,34469,1,FEASIBLE,WORSE
2909,2,34,38,29293,35893,0,CAPACITY_EXCEEDED,INVALID
2910,2,34,39,29137,35737,0,CAPACITY_EXCEEDED,INVALID
2911,2,34,40,28466,34866,1,FEASIBLE,WORSE
2912,2,34,41,27974,34374,1,FEASIBLE,WORSE
2913,2,34,42,29336,35936,0,CAPACITY_EXCEEDED,INVALID
2914,2,34,43,28224,34624,1,FEASIBLE,WORSE
2915,2,34,44,28142,34542,1,FEASIBLE,WORSE
2916,2,34,45,29339,35939,0,CAPACITY_EXCEEDED,INVALID
2917,2,34,46,28276,34676,1,FEASIBLE,WORSE
2918,2,34,47,27900,34300,1,FEASIBLE,WORSE
2919,2,34,48,28229,34629,1,FEASIBLE,WORSE
2920,2,34,49,29436,36036,0,CAPACITY_EXCEEDED,INVALID
2921,2,34,50,29272,35872,0,CAPACITY_EXCEEDED,INVALID
2922,2,34,51,28020,34420,1,FEASIBLE,WORSE
2923,2,34,52,28387,34787,1,FEASIBLE,WORSE
2924,2,34,53,28147,34547,1,FEASIBLE,WORSE
2925,2,34,54,27960,34360,1,FEASIBLE,WORSE
2926,2,34,55,29401,36001,0,CAPACITY_EXCEEDED,INVALID
2927,2,34,56,28358,34758,1,FEASIBLE,WORSE
2928,2,34,57,27916,34316,1,FEASIBLE,WORSE
2929,2,34,58,27761,34161,1,FEASIBLE,WORSE
2930,2,34,59,27920,34320,1,FEASIBLE,WORSE
2931,2,34,60,29283,35883,0,CAPACITY_EXCEEDED,INVALID
2932,2,34,61,27927,34327,1,FEASIBLE,WORSE
2933,2,34,62,29432,36032,0,CAPACITY_EXCEEDED,INVALID
2934,2,34,63,27864,34264,1,FEASIBLE,WORSE
2935,2,34,64,27880,34280,1,FEASIBLE,WORSE
2936,2,34,65,28023,34423,1,FEASIBLE,WORSE
2937,2,34,66,27871,34271,1,FEASIBLE,WORSE
2938,2,34,67,28083,34483,1,FEASIBLE,WORSE
2939,2,34,68,27892,34292,1,FEASIBLE,WORSE
2940,2,34,69,28177,34577,1,FEASIBLE,WORSE
2941,2,34,70,28278,34678,1,FEASIBLE,WORSE
2942,2,34,71,28281,34681,1,FEASIBLE,WORSE
2943,2,34,72,27855,34255,1,FEASIBLE,WORSE
2944,2,34,73,27811,34211,1,FEASIBLE,WORSE
2945,2,34,74,27991,34391,1,FEASIBLE,WORSE
2946,2,34,75,28378,34778,1,FEASIBLE,WORSE
2947,2,34,76,29226,35826,0,CAPACITY_EXCEEDED,INVALID
2948,2,34,77,29345,35945,0,CAPACITY_EXCEEDED,INVALID
2949,2,34,78,29392,35992,0,CAPACITY_EXCEEDED,INVALID
2950,2,34,79,29311,35911,0,CAPACITY_EXCEEDED,INVALID
2951,2,34,80,29367,35967,0,CAPACITY_EXCEEDED,INVALID
2952,2,34,81,29392,35992,0,CAPACITY_EXCEEDED,INVALID
2953,2,34,82,27927,34327,1,FEASIBLE,WORSE
2954,2,34,83,28076,34476,1,FEASIBLE,WORSE
2955,2,34,84,27762,34162,1,FEASIBLE,WORSE
2956,2,34,85,28192,34592,1,FEASIBLE,WORSE
2957,2,34,86,29280,35880,0,CAPACITY_EXCEEDED,INVALID
2958,2,34,87,29318,35918,0,CAPACITY_EXCEEDED,INVALID
2959,2,34,88,29364,35964,0,CAPACITY_EXCEEDED,INVALID
2960,2,34,89,27878,34278,1,FEASIBLE,WORSE
2961,2,34,90,29418,36018,0,CAPACITY_EXCEEDED,INVALID
2962,2,34,91,27888,34288,1,FEASIBLE,WORSE
2963,2,34,92,28017,34417,1,FEASIBLE,WORSE
2964,2,34,93,27807,34207,1,FEASIBLE,WORSE
2965,2,34,94,29465,36065,0,CAPACITY_EXCEEDED,INVALID
2966,2,34,95,29385,35985,0,CAPACITY_EXCEEDED,INVALID
2967,2,34,96,29262,35862,0,CAPACITY_EXCEEDED,INVALID
2968,2,34,97,28385,34785,1,FEASIBLE,WORSE
2969,2,34,98,27855,34255,1,FEASIBLE,WORSE
2970,2,34,99,27981,34381,1,FEASIBLE,WORSE
2971,2,35,36,28282,34682,1,FEASIBLE,WORSE
2972,2,35,37,28603,35003,1,FEASIBLE,WORSE
2973,2,35,38,29827,36427,0,CAPACITY_EXCEEDED,INVALID
2974,2,35,39,29671,36271,0,CAPACITY_EXCEEDED,INVALID
2975,2,35,40,29000,35400,1,FEASIBLE,WORSE
2976,2,35,41,28508,34908,1,FEASIBLE,WORSE
2977,2,35,42,29870,36470,0,CAPACITY_EXCEEDED,INVALID
2978,2,35,43,28758,35158,1,FEASIBLE,WORSE
2979,2,35,44,28676,35076,1,FEASIBLE,WORSE
2980,2,35,45,29873,36473,0,CAPACITY_EXCEEDED,INVALID
2981,2,35,46,28810,35210,1,FEASIBLE,WORSE
2982,2,35,47,28434,34834,1,FEASIBLE,WORSE
2983,2,35,48,28763,35163,1,FEASIBLE,WORSE
2984,2,35,49,29970,36570,0,CAPACITY_EXCEEDED,INVALID
2985,2,35,50,29806,36406,0,CAPACITY_EXCEEDED,INVALID
2986,2,35,51,28554,34954,1,FEASIBLE,WORSE
2987,2,35,52,28921,35321,1,FEASIBLE,WORSE
2988,2,35,53,28681,35081,1,FEASIBLE,WORSE
2989,2,35,54,28494,34894,1,FEASIBLE,WORSE
2990,2,35,55,29935,36535,0,CAPACITY_EXCEEDED,INVALID
2991,2,35,56,28892,35292,1,FEASIBLE,WORSE
2992,2,35,57,28450,34850,1,FEASIBLE,WORSE
2993,2,35,58,28295,34695,1,FEASIBLE,WORSE
2994,2,35,59,28454,34854,1,FEASIBLE,WORSE
2995,2,35,60,29817,36417,0,CAPACITY_EXCEEDED,INVALID
2996,2,35,61,28461,34861,1,FEASIBLE,WORSE
2997,2,35,62,29966,36566,0,CAPACITY_EXCEEDED,INVALID
2998,2,35,63,28398,34798,1,FEASIBLE,WORSE
2999,2,35,64,28414,34814,1,FEASIBLE,WORSE
3000,2,35,65,28557,34957,1,FEASIBLE,WORSE
3001,2,35,66,28405,34805,1,FEASIBLE,WORSE
3002,2,35,67,28617,35017,1,FEASIBLE,WORSE
3003,2,35,68,28426,34826,1,FEASIBLE,WORSE
3004,2,35,69,28711,35111,1,FEASIBLE,WORSE
3005,2,35,70,28812,35212,1,FEASIBLE,WORSE
3006,2,35,71,28815,35215,1,FEASIBLE,WORSE
3007,2,35,72,28389,34789,1,FEASIBLE,WORSE
3008,2,35,73,28345,34745,1,FEASIBLE,WORSE
3009,2,35,74,28525,34925,1,FEASIBLE,WORSE
3010,2,35,75,28912,35312,1,FEASIBLE,WORSE
3011,2,35,76,29760,36360,0,CAPACITY_EXCEEDED,INVALID
3012,2,35,77,29879,36479,0,CAPACITY_EXCEEDED,INVALID
3013,2,35,78,29926,36526,0,CAPACITY_EXCEEDED,INVALID
3014,2,35,79,29845,36445,0,CAPACITY_EXCEEDED,INVALID
3015,2,35,80,29901,36501,0,CAPACITY_EXCEEDED,INVALID
3016,2,35,81,29926,36526,0,CAPACITY_EXCEEDED,INVALID
3017,2,35,82,28461,34861,1,FEASIBLE,WORSE
3018,2,35,83,28610,35010,1,FEASIBLE,WORSE
3019,2,35,84,28296,34696,1,FEASIBLE,WORSE
3020,2,35,85,28726,35126,1,FEASIBLE,WORSE
3021,2,35,86,29814,36414,0,CAPACITY_EXCEEDED,INVALID
3022,2,35,87,29852,36452,0,CAPACITY_EXCEEDED,INVALID
3023,2,35,88,29898,36498,0,CAPACITY_EXCEEDED,INVALID
3024,2,35,89,28412,34812,1,FEASIBLE,WORSE
3025,2,35,90,29952,36552,0,CAPACITY_EXCEEDED,INVALID
3026,2,35,91,28422,34822,1,FEASIBLE,WORSE
3027,2,35,92,28551,34951,1,FEASIBLE,WORSE
3028,2,35,93,28341,34741,1,FEASIBLE,WORSE
3029,2,35,94,29999,36599,0,CAPACITY_EXCEEDED,INVALID
3030,2,35,95,29919,36519,0,CAPACITY_EXCEEDED,INVALID
3031,2,35,96,29796,36396,0,CAPACITY_EXCEEDED,INVALID
3032,2,35,97,28919,35319,1,FEASIBLE,WORSE
3033,2,35,98,28389,34789,1,FEASIBLE,WORSE
3034,2,35,99,28515,34915,1,FEASIBLE,WORSE
3035,2,36,37,27898,34298,1,FEASIBLE,WORSE
3036,2,36,38,29122,35722,0,CAPACITY_EXCEEDED,INVALID
3037,2,36,39,28966,35566,1,FEASIBLE,WORSE
3038,2,36,40,28295,34695,1,FEASIBLE,WORSE
3039,2,36,41,27803,34203,1,FEASIBLE,WORSE
3040,2,36,42,29165,35765,0,CAPACITY_EXCEEDED,INVALID
3041,2,36,43,28053,34453,1,FEASIBLE,WORSE
3042,2,36,44,27971,34371,1,FEASIBLE,WORSE
3043,2,36,45,29168,35768,0,CAPACITY_EXCEEDED,INVALID
3044,2,36,46,28105,34505,1,FEASIBLE,WORSE
3045,2,36,47,27729,34129,1,FEASIBLE,WORSE
3046,2,36,48,28058,34458,1,FEASIBLE,WORSE
3047,2,36,49,29265,35865,0,CAPACITY_EXCEEDED,INVALID
3048,2,36,50,29101,35701,0,CAPACITY_EXCEEDED,INVALID
3049,2,36,51,27849,34249,1,FEASIBLE,WORSE
3050,2,36,52,28216,34616,1,FEASIBLE,WORSE
3051,2,36,53,27976,34376,1,FEASIBLE,WORSE
3052,2,36,54,27789,34189,1,FEASIBLE,WORSE
3053,2,36,55,29230,35830,0,CAPACITY_EXCEEDED,INVALID
3054,2,36,56,28187,34587,1,FEASIBLE,WORSE
3055,2,36,57,27745,34145,1,FEASIBLE,WORSE
3056,2,36,58,27590,33990,1,FEASIBLE,WORSE
3057,2,36,59,27749,34149,1,FEASIBLE,WORSE
3058,2,36,60,29112,35712,0,CAPACITY_EXCEEDED,INVALID
3059,2,36,61,27756,34156,1,FEASIBLE,WORSE
3060,2,36,62,29261,35861,0,CAPACITY_EXCEEDED,INVALID
3061,2,36,63,27693,34093,1,FEASIBLE,WORSE
3062,2,36,64,27709,34109,1,FEASIBLE,WORSE
3063,2,36,65,27852,34252,1,FEASIBLE,WORSE
3064,2,36,66,27700,34100,1,FEASIBLE,WORSE
3065,2,36,67,27912,34312,1,FEASIBLE,WORSE
3066,2,36,68,27721,34121,1,FEASIBLE,WORSE
3067,2,36,69,28006,34406,1,FEASIBLE,WORSE
3068,2,36,70,28107,34507,1,FEASIBLE,WORSE
3069,2,36,71,28110,34510,1,FEASIBLE,WORSE
3070,2,36,72,27684,34084,1,FEASIBLE,WORSE
3071,2,36,73,27640,34040,1,FEASIBLE,WORSE
3072,2,36,74,27820,34220,1,FEASIBLE,WORSE
3073,2,36,75,28207,34607,1,FEASIBLE,WORSE
3074,2,36,76,29055,35655,0,CAPACITY_EXCEEDED,INVALID
3075,2,36,77,29174,35774,0,CAPACITY_EXCEEDED,INVALID
3076,2,36,78,29221,35821,0,CAPACITY_EXCEEDED,INVALID
3077,2,36,79,29140,35740,0,CAPACITY_EXCEEDED,INVALID
3078,2,36,80,29196,35796,0,CAPACITY_EXCEEDED,INVALID
3079,2,36,81,29221,35821,0,CAPACITY_EXCEEDED,INVALID
3080,2,36,82,27756,34156,1,FEASIBLE,WORSE
3081,2,36,83,27905,34305,1,FEASIBLE,WORSE
3082,2,36,84,27591,33991,1,FEASIBLE,WORSE
3083,2,36,85,28021,34421,1,FEASIBLE,WORSE
3084,2,36,86,29109,35709,0,CAPACITY_EXCEEDED,INVALID
3085,2,36,87,29147,35747,0,CAPACITY_EXCEEDED,INVALID
3086,2,36,88,29193,35793,0,CAPACITY_EXCEEDED,INVALID
3087,2,36,89,27707,34107,1,FEASIBLE,WORSE
3088,2,36,90,29247,35847,0,CAPACITY_EXCEEDED,INVALID
3089,2,36,91,27717,34117,1,FEASIBLE,WORSE
3090,2,36,92,27846,34246,1,FEASIBLE,WORSE
3091,2,36,93,27636,34036,1,FEASIBLE,WORSE
3092,2,36,94,29294,35894,0,CAPACITY_EXCEEDED,INVALID
3093,2,36,95,29214,35814,0,CAPACITY_EXCEEDED,INVALID
3094,2,36,96,29091,35691,0,CAPACITY_EXCEEDED,INVALID
3095,2,36,97,28214,34614,1,FEASIBLE,WORSE
3096,2,36,98,27684,34084,1,FEASIBLE,WORSE
3097,2,36,99,27810,34210,1,FEASIBLE,WORSE
3098,2,37,38,29443,36043,0,CAPACITY_EXCEEDED,INVALID
3099,2,37,39,29287,35887,0,CAPACITY_EXCEEDED,INVALID
3100,2,37,40,28616,35016,1,FEASIBLE,WORSE
3101,2,37,41,28124,34524,1,FEASIBLE,WORSE
3102,2,37,42,29486,36086,0,CAPACITY_EXCEEDED,INVALID
3103,2,37,43,28374,34774,1,FEASIBLE,WORSE
3104,2,37,44,28292,34692,1,FEASIBLE,WORSE
3105,2,37,45,29489,36089,0,CAPACITY_EXCEEDED,INVALID
3106,2,37,46,28426,34826,1,FEASIBLE,WORSE
3107,2,37,47,28050,34450,1,FEASIBLE,WORSE
3108,2,37,48,28379,34779,1,FEASIBLE,WORSE
3109,2,37,49,29586,36186,0,CAPACITY_EXCEEDED,INVALID
3110,2,37,50,29422,36022,0,CAPACITY_EXCEEDED,INVALID
3111,2,37,51,28170,34570,1,FEASIBLE,WORSE
3112,2,37,52,28537,34937,1,FEASIBLE,WORSE
3113,2,37,53,28297,34697,1,FEASIBLE,WORSE
3114,2,37,54,28110,34510,1,FEASIBLE,WORSE
3115,2,37,55,29551,36151,0,CAPACITY_EXCEEDED,INVALID
3116,2,37,56,28508,34908,1,FEASIBLE,WORSE
3117,2,37,57,28066,34466,1,FEASIBLE,WORSE
3118,2,37,58,27911,34311,1,FEASIBLE,WORSE
3119,2,37,59,28070,34470,1,FEASIBLE,WORSE
3120,2,37,60,29433,36033,0,CAPACITY_EXCEEDED,INVALID
3121,2,37,61,28077,34477,1,FEASIBLE,WORSE
3122,2,37,62,29582,36182,0,CAPACITY_EXCEEDED,INVALID
3123,2,37,63,28014,34414,1,FEASIBLE,WORSE
3124,2,37,64,28030,34430,1,FEASIBLE,WORSE
3125,2,37,65,28173,34573,1,FEASIBLE,WORSE
3126,2,37,66,28021,34421,1,FEASIBLE,WORSE
3127,2,37,67,28233,34633,1,FEASIBLE,WORSE
3128,2,37,68,28042,34442,1,FEASIBLE,WORSE
3129,2,37,69,28327,34727,1,FEASIBLE,WORSE
3130,2,37,70,28428,34828,1,FEASIBLE,WORSE
3131,2,37,71,28431,34831,1,FEASIBLE,WORSE
3132,2,37,72,28005,34405,1,FEASIBLE,WORSE
3133,2,37,73,27961,34361,1,FEASIBLE,WORSE
3134,2,37,74,28141,34541,1,FEASIBLE,WORSE
3135,2,37,75,28528,34928,1,FEASIBLE,WORSE
3136,2,37,76,29376,35976,0,CAPACITY_EXCEEDED,INVALID
3137,2,37,77,29495,36095,0,CAPACITY_EXCEEDED,INVALID
3138,2,37,78,29542,36142,0,CAPACITY_EXCEEDED,INVALID
3139,2,37,79,29461,36061,0,CAPACITY_EXCEEDED,INVALID
3140,2,37,80,29517,36117,0,CAPACITY_EXCEEDED,INVALID
3141,2,37,81,29542,36142,0,CAPACITY_EXCEEDED,INVALID
3142,2,37,82,28077,34477,1,FEASIBLE,WORSE
3143,2,37,83,28226,34626,1,FEASIBLE,WORSE
3144,2,37,84,27912,34312,1,FEASIBLE,WORSE
3145,2,37,85,28342,34742,1,FEASIBLE,WORSE
3146,2,37,86,29430,36030,0,CAPACITY_EXCEEDED,INVALID
3147,2,37,87,29468,36068,0,CAPACITY_EXCEEDED,INVALID
3148,2,37,88,29514,36114,0,CAPACITY_EXCEEDED,INVALID
3149,2,37,89,28028,34428,1,FEASIBLE,WORSE
3150,2,37,90,29568,36168,0,CAPACITY_EXCEEDED,INVALID
3151,2,37,91,28038,34438,1,FEASIBLE,WORSE
3152,2,37,92,28167,34567,1,FEASIBLE,WORSE
3153,2,37,93,27957,34357,1,FEASIBLE,WORSE
3154,2,37,94,29615,36215,0,CAPACITY_EXCEEDED,INVALID
3155,2,37,95,29535,36135,0,CAPACITY_EXCEEDED,INVALID
3156,2,37,96,29412,36012,0,CAPACITY_EXCEEDED,INVALID
3157,2,37,97,28535,34935,1,FEASIBLE,WORSE
3158,2,37,98,28005,34405,1,FEASIBLE,WORSE
3159,2,37,99,28131,34531,1,FEASIBLE,WORSE
3160,2,38,39,30511,37311,0,CAPACITY_EXCEEDED,INVALID
3161,2,38,40,29840,36440,0,CAPACITY_EXCEEDED,INVALID
3162,2,38,41,29348,35948,0,CAPACITY_EXCEEDED,INVALID
3163,2,38,42,30710,37510,0,CAPACITY_EXCEEDED,INVALID
3164,2,38,43,29598,36198,0,CAPACITY_EXCEEDED,INVALID
3165,2,38,44,29516,36116,0,CAPACITY_EXCEEDED,INVALID
3166,2,38,45,30713,37513,0,CAPACITY_EXCEEDED,INVALID
3167,2,38,46,29650,36250,0,CAPACITY_EXCEEDED,INVALID
3168,2,38,47,29274,35874,0,CAPACITY_EXCEEDED,INVALID
3169,2,38,48,29603,36203,0,CAPACITY_EXCEEDED,INVALID
3170,2,38,49,30810,37610,0,CAPACITY_EXCEEDED,INVALID
3171,2,38,50,30646,37446,0,CAPACITY_EXCEEDED,INVALID
3172,2,38,51,29394,35994,0,CAPACITY_EXCEEDED,INVALID
3173,2,38,52,29761,36361,0,CAPACITY_EXCEEDED,INVALID
3174,2,38,53,29521,36121,0,CAPACITY_EXCEEDED,INVALID
3175,2,38,54,29334,35934,0,CAPACITY_EXCEEDED,INVALID
3176,2,38,55,30775,37575,0,CAPACITY_EXCEEDED,INVALID
3177,2,38,56,29732,36332,0,CAPACITY_EXCEEDED,INVALID
3178,2,38,57,29290,35890,0,CAPACITY_EXCEEDED,INVALID
3179,2,38,58,29135,35735,0,CAPACITY_EXCEEDED,INVALID
3180,2,38,59,29294,35894,0,CAPACITY_EXCEEDED,INVALID
3181,2,38,60,30657,37457,0,CAPACITY_EXCEEDED,INVALID
3182,2,38,61,29301,35901,0,CAPACITY_EXCEEDED,INVALID
3183,2,38,62,30806,37606,0,CAPACITY_EXCEEDED,INVALID
3184,2,38,63,29238,35838,0,CAPACITY_EXCEEDED,INVALID
3185,2,38,64,29254,35854,0,CAPACITY_EXCEEDED,INVALID
3186,2,38,65,29397,35997,0,CAPACITY_EXCEEDED,INVALID
3187,2,38,66,29245,35845,0,CAPACITY_EXCEEDED,INVALID
3188,2,38,67,29457,36057,0,CAPACITY_EXCEEDED,INVALID
3189,2,38,68,29266,35866,0,CAPACITY_EXCEEDED,INVALID
3190,2,38,69,29551,36151,0,CAPACITY_EXCEEDED,INVALID
3191,2,38,70,29652,36252,0,CAPACITY_EXCEEDED,INVALID
3192,2,38,71,29655,36255,0,CAPACITY_EXCEEDED,INVALID
3193,2,38,72,29229,35829,0,CAPACITY_EXCEEDED,INVALID
3194,2,38,73,29185,35785,0,CAPACITY_EXCEEDED,INVALID
3195,2,38,74,29365,35965,0,CAPACITY_EXCEEDED,INVALID
3196,2,38,75,29752,36352,0,CAPACITY_EXCEEDED,INVALID
3197,2,38,76,30600,37400,0,CAPACITY_EXCEEDED,INVALID
3198,2,38,77,30719,37519,0,CAPACITY_EXCEEDED,INVALID
3199,2,38,78,30766,37566,0,CAPACITY_EXCEEDED,INVALID
3200,2,38,79,30685,37485,0,CAPACITY_EXCEEDED,INVALID
3201,2,38,80,30741,37541,0,CAPACITY_EXCEEDED,INVALID
3202,2,38,81,30766,37566,0,CAPACITY_EXCEEDED,INVALID
3203,2,38,82,29301,35901,0,CAPACITY_EXCEEDED,INVALID
3204,2,38,83,29450,36050,0,CAPACITY_EXCEEDED,INVALID
3205,2,38,84,29136,35736,0,CAPACITY_EXCEEDED,INVALID
3206,2,38,85,29566,36166,0,CAPACITY_EXCEEDED,INVALID
3207,2,38,86,30654,37454,0,CAPACITY_EXCEEDED,INVALID
3208,2,38,87,30692,37492,0,CAPACITY_EXCEEDED,INVALID
3209,2,38,88,30738,37538,0,CAPACITY_EXCEEDED,INVALID
3210,2,38,89,29252,35852,0,CAPACITY_EXCEEDED,INVALID
3211,2,38,90,30792,37592,0,CAPACITY_EXCEEDED,INVALID
3212,2,38,91,29262,35862,0,CAPACITY_EXCEEDED,INVALID
3213,2,38,92,29391,35991,0,CAPACITY_EXCEEDED,INVALID
3214,2,38,93,29181,35781,0,CAPACITY_EXCEEDED,INVALID
3215,2,38,94,30839,37639,0,CAPACITY_EXCEEDED,INVALID
3216,2,38,95,30759,37559,0,CAPACITY_EXCEEDED,INVALID
3217,2,38,96,30636,37436,0,CAPACITY_EXCEEDED,INVALID
3218,2,38,97,29759,36359,0,CAPACITY_EXCEEDED,INVALID
3219,2,38,98,29229,35829,0,CAPACITY_EXCEEDED,INVALID
3220,2,38,99,29355,35955,0,CAPACITY_EXCEEDED,INVALID
3221,2,39,40,29684,36284,0,CAPACITY_EXCEEDED,INVALID
3222,2,39,41,29192,35792,0,CAPACITY_EXCEEDED,INVALID
3223,2,39,42,30554,37354,0,CAPACITY_EXCEEDED,INVALID
3224,2,39,43,29442,36042,0,CAPACITY_EXCEEDED,INVALID
3225,2,39,44,29360,35960,0,CAPACITY_EXCEEDED,INVALID
3226,2,39,45,30557,37357,0,CAPACITY_EXCEEDED,INVALID
3227,2,39,46,29494,36094,0,CAPACITY_EXCEEDED,INVALID
3228,2,39,47,29118,35718,0,CAPACITY_EXCEEDED,INVALID
3229,2,39,48,29447,36047,0,CAPACITY_EXCEEDED,INVALID
3230,2,39,49,30654,37454,0,CAPACITY_EXCEEDED,INVALID
3231,2,39,50,30490,37290,0,CAPACITY_EXCEEDED,INVALID
3232,2,39,51,29238,35838,0,CAPACITY_EXCEEDED,INVALID
3233,2,39,52,29605,36205,0,CAPACITY_EXCEEDED,INVALID
3234,2,39,53,29365,35965,0,CAPACITY_EXCEEDED,INVALID
3235,2,39,54,29178,35778,0,CAPACITY_EXCEEDED,INVALID
3236,2,39,55,30619,37419,0,CAPACITY_EXCEEDED,INVALID
3237,2,39,56,29576,36176,0,CAPACITY_EXCEEDED,INVALID
3238,2,39,57,29134,35734,0,CAPACITY_EXCEEDED,INVALID
3239,2,39,58,28979,35579,1,FEASIBLE,WORSE
3240,2,39,59,29138,35738,0,CAPACITY_EXCEEDED,INVALID
3241,2,39,60,30501,37301,0,CAPACITY_EXCEEDED,INVALID
3242,2,39,61,29145,35745,0,CAPACITY_EXCEEDED,INVALID
3243,2,39,62,30650,37450,0,CAPACITY_EXCEEDED,INVALID
3244,2,39,63,29082,35682,0,CAPACITY_EXCEEDED,INVALID
3245,2,39,64,29098,35698,0,CAPACITY_EXCEEDED,INVALID
3246,2,39,65,29241,35841,0,CAPACITY_EXCEEDED,INVALID
3247,2,39,66,29089,35689,0,CAPACITY_EXCEEDED,INVALID
3248,2,39,67,29301,35901,0,CAPACITY_EXCEEDED,INVALID
3249,2,39,68,29110,35710,0,CAPACITY_EXCEEDED,INVALID
3250,2,39,69,29395,35995,0,CAPACITY_EXCEEDED,INVALID
3251,2,39,70,29496,36096,0,CAPACITY_EXCEEDED,INVALID
3252,2,39,71,29499,36099,0,CAPACITY_EXCEEDED,INVALID
3253,2,39,72,29073,35673,0,CAPACITY_EXCEEDED,INVALID
3254,2,39,73,29029,35629,0,CAPACITY_EXCEEDED,INVALID
3255,2,39,74,29209,35809,0,CAPACITY_EXCEEDED,INVALID
3256,2,39,75,29596,36196,0,CAPACITY_EXCEEDED,INVALID
3257,2,39,76,30444,37244,0,CAPACITY_EXCEEDED,INVALID
3258,2,39,77,30563,37363,0,CAPACITY_EXCEEDED,INVALID
3259,2,39,78,30610,37410,0,CAPACITY_EXCEEDED,INVALID
3260,2,39,79,30529,37329,0,CAPACITY_EXCEEDED,INVALID
3261,2,39,80,30585,37385,0,CAPACITY_EXCEEDED,INVALID
3262,2,39,81,30610,37410,0,CAPACITY_EXCEEDED,INVALID
3263,2,39,82,29145,35745,0,CAPACITY_EXCEEDED,INVALID
3264,2,39,83,29294,35894,0,CAPACITY_EXCEEDED,INVALID
3265,2,39,84,28980,35580,1,FEASIBLE,WORSE
3266,2,39,85,29410,36010,0,CAPACITY_EXCEEDED,INVALID
3267,2,39,86,30498,37298,0,CAPACITY_EXCEEDED,INVALID
3268,2,39,87,30536,37336,0,CAPACITY_EXCEEDED,INVALID
3269,2,39,88,30582,37382,0,CAPACITY_EXCEEDED,INVALID
3270,2,39,89,29096,35696,0,CAPACITY_EXCEEDED,INVALID
3271,2,39,90,30636,37436,0,CAPACITY_EXCEEDED,INVALID
3272,2,39,91,29106,35706,0,CAPACITY_EXCEEDED,INVALID
3273,2,39,92,29235,35835,0,CAPACITY_EXCEEDED,INVALID
3274,2,39,93,29025,35625,0,CAPACITY_EXCEEDED,INVALID
3275,2,39,94,30683,37483,0,CAPACITY_EXCEEDED,INVALID
3276,2,39,95,30603,37403,0,CAPACITY_EXCEEDED,INVALID
3277,2,39,96,30480,37280,0,CAPACITY_EXCEEDED,INVALID
3278,2,39,97,29603,36203,0,CAPACITY_EXCEEDED,INVALID
3279,2,39,98,29073,35673,0,CAPACITY_EXCEEDED,INVALID
3280,2,39,99,29199,35799,0,CAPACITY_EXCEEDED,INVALID
3281,2,40,41,28521,34921,1,FEASIBLE,WORSE
3282,2,40,42,29883,36483,0,CAPACITY_EXCEEDED,INVALID
3283,2,40,43,28771,35171,1,FEASIBLE,WORSE
3284,2,40,44,28689,35089,1,FEASIBLE,WORSE
3285,2,40,45,29886,36486,0,CAPACITY_EXCEEDED,INVALID
3286,2,40,46,28823,35223,1,FEASIBLE,WORSE
3287,2,40,47,28447,34847,1,FEASIBLE,WORSE
3288,2,40,48,28776,35176,1,FEASIBLE,WORSE
3289,2,40,49,29983,36583,0,CAPACITY_EXCEEDED,INVALID
3290,2,40,50,29819,36419,0,CAPACITY_EXCEEDED,INVALID
3291,2,40,51,28567,34967,1,FEASIBLE,WORSE
3292,2,40,52,28934,35334,1,FEASIBLE,WORSE
3293,2,40,53,28694,35094,1,FEASIBLE,WORSE
3294,2,40,54,28507,34907,1,FEASIBLE,WORSE
3295,2,40,55,29948,36548,0,CAPACITY_EXCEEDED,INVALID
3296,2,40,56,28905,35305,1,FEASIBLE,WORSE
3297,2,40,57,28463,34863,1,FEASIBLE,WORSE
3298,2,40,58,28308,34708,1,FEASIBLE,WORSE
3299,2,40,59,28467,34867,1,FEASIBLE,WORSE
3300,2,40,60,29830,36430,0,CAPACITY_EXCEEDED,INVALID
3301,2,40,61,28474,34874,1,FEASIBLE,WORSE
3302,2,40,62,29979,36579,0,CAPACITY_EXCEEDED,INVALID
3303,2,40,63,28411,34811,1,FEASIBLE,WORSE
3304,2,40,64,28427,34827,1,FEASIBLE,WORSE
3305,2,40,65,28570,34970,1,FEASIBLE,WORSE
3306,2,40,66,28418,34818,1,FEASIBLE,WORSE
3307,2,40,67,28630,35030,1,FEASIBLE,WORSE
3308,2,40,68,28439,34839,1,FEASIBLE,WORSE
3309,2,40,69,28724,35124,1,FEASIBLE,WORSE
3310,2,40,70,28825,35225,1,FEASIBLE,WORSE
3311,2,40,71,28828,35228,1,FEASIBLE,WORSE
3312,2,40,72,28402,34802,1,FEASIBLE,WORSE
3313,2,40,73,28358,34758,1,FEASIBLE,WORSE
3314,2,40,74,28538,34938,1,FEASIBLE,WORSE
3315,2,40,75,28925,35325,1,FEASIBLE,WORSE
3316,2,40,76,29773,36373,0,CAPACITY_EXCEEDED,INVALID
3317,2,40,77,29892,36492,0,CAPACITY_EXCEEDED,INVALID
3318,2,40,78,29939,36539,0,CAPACITY_EXCEEDED,INVALID
3319,2,40,79,29858,36458,0,CAPACITY_EXCEEDED,INVALID
3320,2,40,80,29914,36514,0,CAPACITY_EXCEEDED,INVALID
3321,2,40,81,29939,36539,0,CAPACITY_EXCEEDED,INVALID
3322,2,40,82,28474,34874,1,FEASIBLE,WORSE
3323,2,40,83,28623,35023,1,FEASIBLE,WORSE
3324,2,40,84,28309,34709,1,FEASIBLE,WORSE
3325,2,40,85,28739,35139,1,FEASIBLE,WORSE
3326,2,40,86,29827,36427,0,CAPACITY_EXCEEDED,INVALID
3327,2,40,87,29865,36465,0,CAPACITY_EXCEEDED,INVALID
3328,2,40,88,29911,36511,0,CAPACITY_EXCEEDED,INVALID
3329,2,40,89,28425,34825,1,FEASIBLE,WORSE
3330,2,40,90,29965,36565,0,CAPACITY_EXCEEDED,INVALID
3331,2,40,91,28435,34835,1,FEASIBLE,WORSE
3332,2,40,92,28564,34964,1,FEASIBLE,WORSE
3333,2,40,93,28354,34754,1,FEASIBLE,WORSE
3334,2,40,94,30012,36612,0,CAPACITY_EXCEEDED,INVALID
3335,2,40,95,29932,36532,0,CAPACITY_EXCEEDED,INVALID
3336,2,40,96,29809,36409,0,CAPACITY_EXCEEDED,INVALID
3337,2,40,97,28932,35332,1,FEASIBLE,WORSE
3338,2,40,98,28402,34802,1,FEASIBLE,WORSE
3339,2,40,99,28528,34928,1,FEASIBLE,WORSE
3340,2,41,42,29391,35991,0,CAPACITY_EXCEEDED,INVALID
3341,2,41,43,28279,34679,1,FEASIBLE,WORSE
3342,2,41,44,28197,34597,1,FEASIBLE,WORSE
3343,2,41,45,29394,35994,0,CAPACITY_EXCEEDED,INVALID
3344,2,41,46,28331,34731,1,FEASIBLE,WORSE
3345,2,41,47,27955,34355,1,FEASIBLE,WORSE
3346,2,41,48,28284,34684,1,FEASIBLE,WORSE
3347,2,41,49,29491,36091,0,CAPACITY_EXCEEDED,INVALID
3348,2,41,50,29327,35927,0,CAPACITY_EXCEEDED,INVALID
3349,2,41,51,28075,34475,1,FEASIBLE,WORSE
3350,2,41,52,28442,34842,1,FEASIBLE,WORSE
3351,2,41,53,28202,34602,1,FEASIBLE,WORSE
3352,2,41,54,28015,34415,1,FEASIBLE,WORSE
3353,2,41,55,29456,36056,0,CAPACITY_EXCEEDED,INVALID
3354,2,41,56,28413,34813,1,FEASIBLE,WORSE
3355,2,41,57,27971,34371,1,FEASIBLE,WORSE
3356,2,41,58,27816,34216,1,FEASIBLE,WORSE
3357,2,41,59,27975,34375,1,FEASIBLE,WORSE
3358,2,41,60,29338,35938,0,CAPACITY_EXCEEDED,INVALID
3359,2,41,61,27982,34382,1,FEASIBLE,WORSE
3360,2,41,62,29487,36087,0,CAPACITY_EXCEEDED,INVALID
3361,2,41,63,27919,34319,1,FEASIBLE,WORSE
3362,2,41,64,27935,34335,1,FEASIBLE,WORSE
3363,2,41,65,28078,34478,1,FEASIBLE,WORSE
3364,2,41,66,27926,34326,1,FEASIBLE,WORSE
3365,2,41,67,28138,34538,1,FEASIBLE,WORSE
3366,2,41,68,27947,34347,1,FEASIBLE,WORSE
3367,2,41,69,28232,34632,1,FEASIBLE,WORSE
3368,2,41,70,28333,34733,1,FEASIBLE,WORSE
3369,2,41,71,28336,34736,1,FEASIBLE,WORSE
3370,2,41,72,27910,34310,1,FEASIBLE,WORSE
3371,2,41,73,27866,34266,1,FEASIBLE,WORSE
3372,2,41,74,28046,34446,1,FEASIBLE,WORSE
3373,2,41,75,28433,34833,1,FEASIBLE,WORSE
3374,2,41,76,29281,35881,0,CAPACITY_EXCEEDED,INVALID
3375,2,41,77,29400,36000,0,CAPACITY_EXCEEDED,INVALID
3376,2,41,78,29447,36047,0,CAPACITY_EXCEEDED,INVALID
3377,2,41,79,29366,35966,0,CAPACITY_EXCEEDED,INVALID
3378,2,41,80,29422,36022,0,CAPACITY_EXCEEDED,INVALID
3379,2,41,81,29447,36047,0,CAPACITY_EXCEEDED,INVALID
3380,2,41,82,27982,34382,1,FEASIBLE,WORSE
3381,2,41,83,28131,34531,1,FEASIBLE,WORSE
3382,2,41,84,27817,34217,1,FEASIBLE,WORSE
3383,2,41,85,28247,34647,1,FEASIBLE,WORSE
3384,2,41,86,29335,35935,0,CAPACITY_EXCEEDED,INVALID
3385,2,41,87,29373,35973,0,CAPACITY_EXCEEDED,INVALID
3386,2,41,88,29419,36019,0,CAPACITY_EXCEEDED,INVALID
3387,2,41,89,27933,34333,1,FEASIBLE,WORSE
3388,2,41,90,29473,36073,0,CAPACITY_EXCEEDED,INVALID
3389,2,41,91,27943,34343,1,FEASIBLE,WORSE
3390,2,41,92,28072,34472,1,FEASIBLE,WORSE
3391,2,41,93,27862,34262,1,FEASIBLE,WORSE
3392,2,41,94,29520,36120,0,CAPACITY_EXCEEDED,INVALID
3393,2,41,95,29440,36040,0,CAPACITY_EXCEEDED,INVALID
3394,2,41,96,29317,35917,0,CAPACITY_EXCEEDED,INVALID
3395,2,41,97,28440,34840,1,FEASIBLE,WORSE
3396,2,41,98,27910,34310,1,FEASIBLE,WORSE
3397,2,41,99,28036,34436,1,FEASIBLE,WORSE
3398,2,42,43,29641,36241,0,CAPACITY_EXCEEDED,INVALID
3399,2,42,44,29559,36159,0,CAPACITY_EXCEEDED,INVALID
3400,2,42,45,30756,37556,0,CAPACITY_EXCEEDED,INVALID
3401,2,42,46,29693,36293,0,CAPACITY_EXCEEDED,INVALID
3402,2,42,47,29317,35917,0,CAPACITY_EXCEEDED,INVALID
3403,2,42,48,29646,36246,0,CAPACITY_EXCEEDED,INVALID
3404,2,42,49,30853,37653,0,CAPACITY_EXCEEDED,INVALID
3405,2,42,50,30689,37489,0,CAPACITY_EXCEEDED,INVALID
3406,2,42,51,29437,36037,0,CAPACITY_EXCEEDED,INVALID
3407,2,42,52,29804,36404,0,CAPACITY_EXCEEDED,INVALID
3408,2,42,53,29564,36164,0,CAPACITY_EXCEEDED,INVALID
3409,2,42,54,29377,35977,0,CAPACITY_EXCEEDED,INVALID
3410,2,42,55,30818,37618,0,CAPACITY_EXCEEDED,INVALID
3411,2,42,56,29775,36375,0,CAPACITY_EXCEEDED,INVALID
3412,2,42,57,29333,35933,0,CAPACITY_EXCEEDED,INVALID
3413,2,42,58,29178,35778,0,CAPACITY_EXCEEDED,INVALID
3414,2,42,59,29337,35937,0,CAPACITY_EXCEEDED,INVALID
3415,2,42,60,30700,37500,0,CAPACITY_EXCEEDED,INVALID
3416,2,42,61,29344,35944,0,CAPACITY_EXCEEDED,INVALID
3417,2,42,62,30849,37649,0,CAPACITY_EXCEEDED,INVALID
3418,2,42,63,29281,35881,0,CAPACITY_EXCEEDED,INVALID
3419,2,42,64,29297,35897,0,CAPACITY_EXCEEDED,INVALID
3420,2,42,65,29440,36040,0,CAPACITY_EXCEEDED,INVALID
3421,2,42,66,29288,35888,0,CAPACITY_EXCEEDED,INVALID
3422,2,42,67,29500,36100,0,CAPACITY_EXCEEDED,INVALID
3423,2,42,68,29309,35909,0,CAPACITY_EXCEEDED,INVALID
3424,2,42,69,29594,36194,0,CAPACITY_EXCEEDED,INVALID
3425,2,42,70,29695,36295,0,CAPACITY_EXCEEDED,INVALID
3426,2,42,71,29698,36298,0,CAPACITY_EXCEEDED,INVALID
3427,2,42,72,29272,35872,0,CAPACITY_EXCEEDED,INVALID
3428,2,42,73,29228,35828,0,CAPACITY_EXCEEDED,INVALID
3429,2,42,74,29408,36008,0,CAPACITY_EXCEEDED,INVALID
3430,2,42,75,29795,36395,0,CAPACITY_EXCEEDED,INVALID
3431,2,42,76,30643,37443,0,CAPACITY_EXCEEDED,INVALID
3432,2,42,77,30762,37562,0,CAPACITY_EXCEEDED,INVALID
3433,2,42,78,30809,37609,0,CAPACITY_EXCEEDED,INVALID
3434,2,42,79,30728,37528,0,CAPACITY_EXCEEDED,INVALID
3435,2,42,80,30784,37584,0,CAPACITY_EXCEEDED,INVALID
3436,2,42,81,30809,37609,0,CAPACITY_EXCEEDED,INVALID
3437,2,42,82,29344,35944,0,CAPACITY_EXCEEDED,INVALID
3438,2,42,83,29493,36093,0,CAPACITY_EXCEEDED,INVALID
3439,2,42,84,29179,35779,0,CAPACITY_EXCEEDED,INVALID
3440,2,42,85,29609,36209,0,CAPACITY_EXCEEDED,INVALID
3441,2,42,86,30697,37497,0,CAPACITY_EXCEEDED,INVALID
3442,2,42,87,30735,37535,0,CAPACITY_EXCEEDED,INVALID
3443,2,42,88,30781,37581,0,CAPACITY_EXCEEDED,INVALID
3444,2,42,89,29295,35895,0,CAPACITY_EXCEEDED,INVALID
3445,2,42,90,30835,37635,0,CAPACITY_EXCEEDED,INVALID
3446,2,42,91,29305,35905,0,CAPACITY_EXCEEDED,INVALID
3447,2,42,92,29434,36034,0,CAPACITY_EXCEEDED,INVALID
3448,2,42,93,29224,35824,0,CAPACITY_EXCEEDED,INVALID
3449,2,42,94,30882,37682,0,CAPACITY_EXCEEDED,INVALID
3450,2,42,95,30802,37602,0,CAPACITY_EXCEEDED,INVALID
3451,2,42,96,30679,37479,0,CAPACITY_EXCEEDED,INVALID
3452,2,42,97,29802,36402,0,CAPACITY_EXCEEDED,INVALID
3453,2,42,98,29272,35872,0,CAPACITY_EXCEEDED,INVALID
3454,2,42,99,29398,35998,0,CAPACITY_EXCEEDED,INVALID
3455,2,43,44,28447,34847,1,FEASIBLE,WORSE
3456,2,43,45,29644,36244,0,CAPACITY_EXCEEDED,INVALID
3457,2,43,46,28581,34981,1,FEASIBLE,WORSE
3458,2,43,47,28205,34605,1,FEASIBLE,WORSE
3459,2,43,48,28534,34934,1,FEASIBLE,WORSE
3460,2,43,49,29741,36341,0,CAPACITY_EXCEEDED,INVALID
3461,2,43,50,29577,36177,0,CAPACITY_EXCEEDED,INVALID
3462,2,43,51,28325,34725,1,FEASIBLE,WORSE
3463,2,43,52,28692,35092,1,FEASIBLE,WORSE
3464,2,43,53,28452,34852,1,FEASIBLE,WORSE
3465,2,43,54,28265,34665,1,FEASIBLE,WORSE
3466,2,43,55,29706,36306,0,CAPACITY_EXCEEDED,INVALID
3467,2,43,56,28663,35063,1,FEASIBLE,WORSE
3468,2,43,57,28221,34621,1,FEASIBLE,WORSE
3469,2,43,58,28066,34466,1,FEASIBLE,WORSE
3470,2,43,59,28225,34625,1,FEASIBLE,WORSE
3471,2,43,60,29588,36188,0,CAPACITY_EXCEEDED,INVALID
3472,2,43,61,28232,34632,1,FEASIBLE,WORSE
3473,2,43,62,29737,36337,0,CAPACITY_EXCEEDED,INVALID
3474,2,43,63,28169,34569,1,FEASIBLE,WORSE
3475,2,43,64,28185,34585,1,FEASIBLE,WORSE
3476,2,43,65,28328,34728,1,FEASIBLE,WORSE
3477,2,43,66,28176,34576,1,FEASIBLE,WORSE
3478,2,43,67,28388,34788,1,FEASIBLE,WORSE
3479,2,43,68,28197,34597,1,FEASIBLE,WORSE
3480,2,43,69,28482,34882,1,FEASIBLE,WORSE
3481,2,43,70,28583,34983,1,FEASIBLE,WORSE
3482,2,43,71,28586,34986,1,FEASIBLE,WORSE
3483,2,43,72,28160,34560,1,FEASIBLE,WORSE
3484,2,43,73,28116,34516,1,FEASIBLE,WORSE
3485,2,43,74,28296,34696,1,FEASIBLE,WORSE
3486,2,43,75,28683,35083,1,FEASIBLE,WORSE
3487,2,43,76,29531,36131,0,CAPACITY_EXCEEDED,INVALID
3488,2,43,77,29650,36250,0,CAPACITY_EXCEEDED,INVALID
3489,2,43,78,29697,36297,0,CAPACITY_EXCEEDED,INVALID
3490,2,43,79,29616,36216,0,CAPACITY_EXCEEDED,INVALID
3491,2,43,80,29672,36272,0,CAPACITY_EXCEEDED,INVALID
3492,2,43,81,29697,36297,0,CAPACITY_EXCEEDED,INVALID
3493,2,43,82,28232,34632,1,FEASIBLE,WORSE
3494,2,43,83,28381,34781,1,FEASIBLE,WORSE
3495,2,43,84,28067,34467,1,FEASIBLE,WORSE
3496,2,43,85,28497,34897,1,FEASIBLE,WORSE
3497,2,43,86,29585,36185,0,CAPACITY_EXCEEDED,INVALID
3498,2,43,87,29623,36223,0,CAPACITY_EXCEEDED,INVALID
3499,2,43,88,29669,36269,0,CAPACITY_EXCEEDED,INVALID
3500,2,43,89,28183,34583,1,FEASIBLE,WORSE
3501,2,43,90,29723,36323,0,CAPACITY_EXCEEDED,INVALID
3502,2,43,91,28193,34593,1,FEASIBLE,WORSE
3503,2,43,92,28322,34722,1,FEASIBLE,WORSE
3504,2,43,93,28112,34512,1,FEASIBLE,WORSE
3505,2,43,94,29770,36370,0,CAPACITY_EXCEEDED,INVALID
3506,2,43,95,29690,36290,0,CAPACITY_EXCEEDED,INVALID
3507,2,43,96,29567,36167,0,CAPACITY_EXCEEDED,INVALID
3508,2,43,97,28690,35090,1,FEASIBLE,WORSE
3509,2,43,98,28160,34560,1,FEASIBLE,WORSE
3510,2,43,99,28286,34686,1,FEASIBLE,WORSE
3511,2,44,45,29562,36162,0,CAPACITY_EXCEEDED,INVALID
3512,2,44,46,28499,34899,1,FEASIBLE,WORSE
3513,2,44,47,28123,34523,1,FEASIBLE,WORSE
3514,2,44,48,28452,34852,1,FEASIBLE,WORSE
3515,2,44,49,29659,36259,0,CAPACITY_EXCEEDED,INVALID
3516,2,44,50,29495,36095,0,CAPACITY_EXCEEDED,INVALID
3517,2,44,51,28243,34643,1,FEASIBLE,WORSE
3518,2,44,52,28610,35010,1,FEASIBLE,WORSE
3519,2,44,53,28370,34770,1,FEASIBLE,WORSE
3520,2,44,54,28183,34583,1,FEASIBLE,WORSE
3521,2,44,55,29624,36224,0,CAPACITY_EXCEEDED,INVALID
3522,2,44,56,28581,34981,1,FEASIBLE,WORSE
3523,2,44,57,28139,34539,1,FEASIBLE,WORSE
3524,2,44,58,27984,34384,1,FEASIBLE,WORSE
3525,2,44,59,28143,34543,1,FEASIBLE,WORSE
3526,2,44,60,29506,36106,0,CAPACITY_EXCEEDED,INVALID
3527,2,44,61,28150,34550,1,FEASIBLE,WORSE
3528,2,44,62,29655,36255,0,CAPACITY_EXCEEDED,INVALID
3529,2,44,63,28087,34487,1,FEASIBLE,WORSE
3530,2,44,64,28103,34503,1,FEASIBLE,WORSE
3531,2,44,65,28246,34646,1,FEASIBLE,WORSE
3532,2,44,66,28094,34494,1,FEASIBLE,WORSE
3533,2,44,67,28306,34706,1,FEASIBLE,WORSE
3534,2,44,68,28115,34515,1,FEASIBLE,WORSE
3535,2,44,69,28400,34800,1,FEASIBLE,WORSE
3536,2,44,70,28501,34901,1,FEASIBLE,WORSE
3537,2,44,71,28504,34904,1,FEASIBLE,WORSE
3538,2,44,72,28078,34478,1,FEASIBLE,WORSE
3539,2,44,73,28034,34434,1,FEASIBLE,WORSE
3540,2,44,74,28214,34614,1,FEASIBLE,WORSE
3541,2,44,75,28601,35001,1,FEASIBLE,WORSE
3542,2,44,76,29449,36049,0,CAPACITY_EXCEEDED,INVALID
3543,2,44,77,29568,36168,0,CAPACITY_EXCEEDED,INVALID
3544,2,44,78,29615,36215,0,CAPACITY_EXCEEDED,INVALID
3545,2,44,79,29534,36134,0,CAPACITY_EXCEEDED,INVALID
3546,2,44,80,29590,36190,0,CAPACITY_EXCEEDED,INVALID
3547,2,44,81,29615,36215,0,CAPACITY_EXCEEDED,INVALID
3548,2,44,82,28150,34550,1,FEASIBLE,WORSE
3549,2,44,83,28299,34699,1,FEASIBLE,WORSE
3550,2,44,84,27985,34385,1,FEASIBLE,WORSE
3551,2,44,85,28415,34815,1,FEASIBLE,WORSE
3552,2,44,86,29503,36103,0,CAPACITY_EXCEEDED,INVALID
3553,2,44,87,29541,36141,0,CAPACITY_EXCEEDED,INVALID
3554,2,44,88,29587,36187,0,CAPACITY_EXCEEDED,INVALID
3555,2,44,89,28101,34501,1,FEASIBLE,WORSE
3556,2,44,90,29641,36241,0,CAPACITY_EXCEEDED,INVALID
3557,2,44,91,28111,34511,1,FEASIBLE,WORSE
3558,2,44,92,28240,34640,1,FEASIBLE,WORSE
3559,2,44,93,28030,34430,1,FEASIBLE,WORSE
3560,2,44,94,29688,36288,0,CAPACITY_EXCEEDED,INVALID
3561,2,44,95,29608,36208,0,CAPACITY_EXCEEDED,INVALID
3562,2,44,96,29485,36085,0,CAPACITY_EXCEEDED,INVALID
3563,2,44,97,28608,35008,1,FEASIBLE,WORSE
3564,2,44,98,28078,34478,1,FEASIBLE,WORSE
3565,2,44,99,28204,34604,1,FEASIBLE,WORSE
3566,2,45,46,29696,36296,0,CAPACITY_EXCEEDED,INVALID
3567,2,45,47,29320,35920,0,CAPACITY_EXCEEDED,INVALID
3568,2,45,48,29649,36249,0,CAPACITY_EXCEEDED,INVALID
3569,2,45,49,30856,37656,0,CAPACITY_EXCEEDED,INVALID
3570,2,45,50,30692,37492,0,CAPACITY_EXCEEDED,INVALID
3571,2,45,51,29440,36040,0,CAPACITY_EXCEEDED,INVALID
3572,2,45,52,29807,36407,0,CAPACITY_EXCEEDED,INVALID
3573,2,45,53,29567,36167,0,CAPACITY_EXCEEDED,INVALID
3574,2,45,54,29380,35980,0,CAPACITY_EXCEEDED,INVALID
3575,2,45,55,30821,37621,0,CAPACITY_EXCEEDED,INVALID
3576,2,45,56,29778,36378,0,CAPACITY_EXCEEDED,INVALID
3577,2,45,57,29336,35936,0,CAPACITY_EXCEEDED,INVALID
3578,2,45,58,29181,35781,0,CAPACITY_EXCEEDED,INVALID
3579,2,45,59,29340,35940,0,CAPACITY_EXCEEDED,INVALID
3580,2,45,60,30703,37503,0,CAPACITY_EXCEEDED,INVALID
3581,2,45,61,29347,35947,0,CAPACITY_EXCEEDED,INVALID
3582,2,45,62,30852,37652,0,CAPACITY_EXCEEDED,INVALID
3583,2,45,63,29284,35884,0,CAPACITY_EXCEEDED,INVALID
3584,2,45,64,29300,35900,0,CAPACITY_EXCEEDED,INVALID
3585,2,45,65,29443,36043,0,CAPACITY_EXCEEDED,INVALID
3586,2,45,66,29291,35891,0,CAPACITY_EXCEEDED,INVALID
3587,2,45,67,29503,36103,0,CAPACITY_EXCEEDED,INVALID
3588,2,45,68,29312,35912,0,CAPACITY_EXCEEDED,INVALID
3589,2,45,69,29597,36197,0,CAPACITY_EXCEEDED,INVALID
3590,2,45,70,29698,36298,0,CAPACITY_EXCEEDED,INVALID
3591,2,45,71,29701,36301,0,CAPACITY_EXCEEDED,INVALID
3592,2,45,72,29275,35875,0,CAPACITY_EXCEEDED,INVALID
3593,2,45,73,29231,35831,0,CAPACITY_EXCEEDED,INVALID
3594,2,45,74,29411,36011,0,CAPACITY_EXCEEDED,INVALID
3595,2,45,75,29798,36398,0,CAPACITY_EXCEEDED,INVALID
3596,2,45,76,30646,37446,0,CAPACITY_EXCEEDED,INVALID
3597,2,45,77,30765,37565,0,CAPACITY_EXCEEDED,INVALID
3598,2,45,78,30812,37612,0,CAPACITY_EXCEEDED,INVALID
3599,2,45,79,30731,37531,0,CAPACITY_EXCEEDED,INVALID
3600,2,45,80,30787,37587,0,CAPACITY_EXCEEDED,INVALID
3601,2,45,81,30812,37612,0,CAPACITY_EXCEEDED,INVALID
3602,2,45,82,29347,35947,0,CAPACITY_EXCEEDED,INVALID
3603,2,45,83,29496,36096,0,CAPACITY_EXCEEDED,INVALID
3604,2,45,84,29182,35782,0,CAPACITY_EXCEEDED,INVALID
3605,2,45,85,29612,36212,0,CAPACITY_EXCEEDED,INVALID
3606,2,45,86,30700,37500,0,CAPACITY_EXCEEDED,INVALID
3607,2,45,87,30738,37538,0,CAPACITY_EXCEEDED,INVALID
3608,2,45,88,30784,37584,0,CAPACITY_EXCEEDED,INVALID
3609,2,45,89,29298,35898,0,CAPACITY_EXCEEDED,INVALID
3610,2,45,90,30838,37638,0,CAPACITY_EXCEEDED,INVALID
3611,2,45,91,29308,35908,0,CAPACITY_EXCEEDED,INVALID
3612,2,45,92,29437,36037,0,CAPACITY_EXCEEDED,INVALID
3613,2,45,93,29227,35827,0,CAPACITY_EXCEEDED,INVALID
3614,2,45,94,30885,37685,0,CAPACITY_EXCEEDED,INVALID
3615,2,45,95,30805,37605,0,CAPACITY_EXCEEDED,INVALID
3616,2,45,96,30682,37482,0,CAPACITY_EXCEEDED,INVALID
3617,2,45,97,29805,36405,0,CAPACITY_EXCEEDED,INVALID
3618,2,45,98,29275,35875,0,CAPACITY_EXCEEDED,INVALID
3619,2,45,99,29401,36001,0,CAPACITY_EXCEEDED,INVALID
3620,2,46,47,28257,34657,1,FEASIBLE,WORSE
3621,2,46,48,28586,34986,1,FEASIBLE,WORSE
3622,2,46,49,29793,36393,0,CAPACITY_EXCEEDED,INVALID
3623,2,46,50,29629,36229,0,CAPACITY_EXCEEDED,INVALID
3624,2,46,51,28377,34777,1,FEASIBLE,WORSE
3625,2,46,52,28744,35144,1,FEASIBLE,WORSE
3626,2,46,53,28504,34904,1,FEASIBLE,WORSE
3627,2,46,54,28317,34717,1,FEASIBLE,WORSE
3628,2,46,55,29758,36358,0,CAPACITY_EXCEEDED,INVALID
3629,2,46,56,28715,35115,1,FEASIBLE,WORSE
3630,2,46,57,28273,34673,1,FEASIBLE,WORSE
3631,2,46,58,28118,34518,1,FEASIBLE,WORSE
3632,2,46,59,28277,34677,1,FEASIBLE,WORSE
3633,2,46,60,29640,36240,0,CAPACITY_EXCEEDED,INVALID
3634,2,46,61,28284,34684,1,FEASIBLE,WORSE
3635,2,46,62,29789,36389,0,CAPACITY_EXCEEDED,INVALID
3636,2,46,63,28221,34621,1,FEASIBLE,WORSE
3637,2,46,64,28237,34637,1,FEASIBLE,WORSE
3638,2,46,65,28380,34780,1,FEASIBLE,WORSE
3639,2,46,66,28228,34628,1,FEASIBLE,WORSE
3640,2,46,67,28440,34840,1,FEASIBLE,WORSE
3641,2,46,68,28249,34649,1,FEASIBLE,WORSE
3642,2,46,69,28534,34934,1,FEASIBLE,WORSE
3643,2,46,70,28635,35035,1,FEASIBLE,WORSE
3644,2,46,71,28638,35038,1,FEASIBLE,WORSE
3645,2,46,72,28212,34612,1,FEASIBLE,WORSE
3646,2,46,73,28168,34568,1,FEASIBLE,WORSE
3647,2,46,74,28348,34748,1,FEASIBLE,WORSE
3648,2,46,75,28735,35135,1,FEASIBLE,WORSE
3649,2,46,76,29583,36183,0,CAPACITY_EXCEEDED,INVALID
3650,2,46,77,29702,36302,0,CAPACITY_EXCEEDED,INVALID
3651,2,46,78,29749,36349,0,CAPACITY_EXCEEDED,INVALID
3652,2,46,79,29668,36268,0,CAPACITY_EXCEEDED,INVALID
3653,2,46,80,29724,36324,0,CAPACITY_EXCEEDED,INVALID
3654,2,46,81,29749,36349,0,CAPACITY_EXCEEDED,INVALID
3655,2,46,82,28284,34684,1,FEASIBLE,WORSE
3656,2,46,83,28433,34833,1,FEASIBLE,WORSE
3657,2,46,84,28119,34519,1,FEASIBLE,WORSE
3658,2,46,85,28549,34949,1,FEASIBLE,WORSE
3659,2,46,86,29637,36237,0,CAPACITY_EXCEEDED,INVALID
3660,2,46,87,29675,36275,0,CAPACITY_EXCEEDED,INVALID
3661,2,46,88,29721,36321,0,CAPACITY_EXCEEDED,INVALID
3662,2,46,89,28235,34635,1,FEASIBLE,WORSE
3663,2,46,90,29775,36375,0,CAPACITY_EXCEEDED,INVALID
3664,2,46,91,28245,34645,1,FEASIBLE,WORSE
3665,2,46,92,28374,34774,1,FEASIBLE,WORSE
3666,2,46,93,28164,34564,1,FEASIBLE,WORSE
3667,2,46,94,29822,36422,0,CAPACITY_EXCEEDED,INVALID
3668,2,46,95,29742,36342,0,CAPACITY_EXCEEDED,INVALID
3669,2,46,96,29619,36219,0,CAPACITY_EXCEEDED,INVALID
3670,2,46,97,28742,35142,1,FEASIBLE,WORSE
3671,2,46,98,28212,34612,1,FEASIBLE,WORSE
3672,2,46,99,28338,34738,1,FEASIBLE,WORSE
3673,2,47,48,28210,34610,1,FEASIBLE,WORSE
3674,2,47,49,29417,36017,0,CAPACITY_EXCEEDED,INVALID
3675,2,47,50,29253,35853,0,CAPACITY_EXCEEDED,INVALID
3676,2,47,51,28001,34401,1,FEASIBLE,WORSE
3677,2,47,52,28368,34768,1,FEASIBLE,WORSE
3678,2,47,53,28128,34528,1,FEASIBLE,WORSE
3679,2,47,54,27941,34341,1,FEASIBLE,WORSE
3680,2,47,55,29382,35982,0,CAPACITY_EXCEEDED,INVALID
3681,2,47,56,28339,34739,1,FEASIBLE,WORSE
3682,2,47,57,27897,34297,1,FEASIBLE,WORSE
3683,2,47,58,27742,34142,1,FEASIBLE,WORSE
3684,2,47,59,27901,34301,1,FEASIBLE,WORSE
3685,2,47,60,29264,35864,0,CAPACITY_EXCEEDED,INVALID
3686,2,47,61,27908,34308,1,FEASIBLE,WORSE
3687,2,47,62,29413,36013,0,CAPACITY_EXCEEDED,INVALID
3688,2,47,63,27845,34245,1,FEASIBLE,WORSE
3689,2,47,64,27861,34261,1,FEASIBLE,WORSE
3690,2,47,65,28004,34404,1,FEASIBLE,WORSE
3691,2,47,66,27852,34252,1,FEASIBLE,WORSE
3692,2,47,67,28064,34464,1,FEASIBLE,WORSE
3693,2,47,68,27873,34273,1,FEASIBLE,WORSE
3694,2,47,69,28158,34558,1,FEASIBLE,WORSE
3695,2,47,70,28259,34659,1,FEASIBLE,WORSE
3696,2,47,71,28262,34662,1,FEASIBLE,WORSE
3697,2,47,72,27836,34236,1,FEASIBLE,WORSE
3698,2,47,73,27792,34192,1,FEASIBLE,WORSE
3699,2,47,74,27972,34372,1,FEASIBLE,WORSE
3700,2,47,75,28359,34759,1,FEASIBLE,WORSE
3701,2,47,76,29207,35807,0,CAPACITY_EXCEEDED,INVALID
3702,2,47,77,29326,35926,0,CAPACITY_EXCEEDED,INVALID
3703,2,47,78,29373,35973,0,CAPACITY_EXCEEDED,INVALID
3704,2,47,79,29292,35892,0,CAPACITY_EXCEEDED,INVALID
3705,2,47,80,29348,35948,0,CAPACITY_EXCEEDED,INVALID
3706,2,47,81,29373,35973,0,CAPACITY_EXCEEDED,INVALID
3707,2,47,82,27908,34308,1,FEASIBLE,WORSE
3708,2,47,83,28057,34457,1,FEASIBLE,WORSE
3709,2,47,84,27743,34143,1,FEASIBLE,WORSE
3710,2,47,85,28173,34573,1,FEASIBLE,WORSE
3711,2,47,86,29261,35861,0,CAPACITY_EXCEEDED,INVALID
3712,2,47,87,29299,35899,0,CAPACITY_EXCEEDED,INVALID
3713,2,47,88,29345,35945,0,CAPACITY_EXCEEDED,INVALID
3714,2,47,89,27859,34259,1,FEASIBLE,WORSE
3715,2,47,90,29399,35999,0,CAPACITY_EXCEEDED,INVALID
3716,2,47,91,27869,34269,1,FEASIBLE,WORSE
3717,2,47,92,27998,34398,1,FEASIBLE,WORSE
3718,2,47,93,27788,34188,1,FEASIBLE,WORSE
3719,2,47,94,29446,36046,0,CAPACITY_EXCEEDED,INVALID
3720,2,47,95,29366,35966,0,CAPACITY_EXCEEDED,INVALID
3721,2,47,96,29243,35843,0,CAPACITY_EXCEEDED,INVALID
3722,2,47,97,28366,34766,1,FEASIBLE,WORSE
3723,2,47,98,27836,34236,1,FEASIBLE,WORSE
3724,2,47,99,27962,34362,1,FEASIBLE,WORSE
3725,2,48,49,29746,36346,0,CAPACITY_EXCEEDED,INVALID
3726,2,48,50,29582,36182,0,CAPACITY_EXCEEDED,INVALID
3727,2,48,51,28330,34730,1,FEASIBLE,WORSE
3728,2,48,52,28697,35097,1,FEASIBLE,WORSE
3729,2,48,53,28457,34857,1,FEASIBLE,WORSE
3730,2,48,54,28270,34670,1,FEASIBLE,WORSE
3731,2,48,55,29711,36311,0,CAPACITY_EXCEEDED,INVALID
3732,2,48,56,28668,35068,1,FEASIBLE,WORSE
3733,2,48,57,28226,34626,1,FEASIBLE,WORSE
3734,2,48,58,28071,34471,1,FEASIBLE,WORSE
3735,2,48,59,28230,34630,1,FEASIBLE,WORSE
3736,2,48,60,29593,36193,0,CAPACITY_EXCEEDED,INVALID
3737,2,48,61,28237,34637,1,FEASIBLE,WORSE
3738,2,48,62,29742,36342,0,CAPACITY_EXCEEDED,INVALID
3739,2,48,63,28174,34574,1,FEASIBLE,WORSE
3740,2,48,64,28190,34590,1,FEASIBLE,WORSE
3741,2,48,65,28333,34733,1,FEASIBLE,WORSE
3742,2,48,66,28181,34581,1,FEASIBLE,WORSE
3743,2,48,67,28393,34793,1,FEASIBLE,WORSE
3744,2,48,68,28202,34602,1,FEASIBLE,WORSE
3745,2,48,69,28487,34887,1,FEASIBLE,WORSE
3746,2,48,70,28588,34988,1,FEASIBLE,WORSE
3747,2,48,71,28591,34991,1,FEASIBLE,WORSE
3748,2,48,72,28165,34565,1,FEASIBLE,WORSE
3749,2,48,73,28121,34521,1,FEASIBLE,WORSE
3750,2,48,74,28301,34701,1,FEASIBLE,WORSE
3751,2,48,75,28688,35088,1,FEASIBLE,WORSE
3752,2,48,76,29536,36136,0,CAPACITY_EXCEEDED,INVALID
3753,2,48,77,29655,36255,0,CAPACITY_EXCEEDED,INVALID
3754,2,48,78,29702,36302,0,CAPACITY_EXCEEDED,INVALID
3755,2,48,79,29621,36221,0,CAPACITY_EXCEEDED,INVALID
3756,2,48,80,29677,36277,0,CAPACITY_EXCEEDED,INVALID
3757,2,48,81,29702,36302,0,CAPACITY_EXCEEDED,INVALID
3758,2,48,82,28237,34637,1,FEASIBLE,WORSE
3759,2,48,83,28386,34786,1,FEASIBLE,WORSE
3760,2,48,84,28072,34472,1,FEASIBLE,WORSE
3761,2,48,85,28502,34902,1,FEASIBLE,WORSE
3762,2,48,86,29590,36190,0,CAPACITY_EXCEEDED,INVALID
3763,2,48,87,29628,36228,0,CAPACITY_EXCEEDED,INVALID
3764,2,48,88,29674,36274,0,CAPACITY_EXCEEDED,INVALID
3765,2,48,89,28188,34588,1,FEASIBLE,WORSE
3766,2,48,90,29728,36328,0,CAPACITY_EXCEEDED,INVALID
3767,2,48,91,28198,34598,1,FEASIBLE,WORSE
3768,2,48,92,28327,34727,1,FEASIBLE,WORSE
3769,2,48,93,28117,34517,1,FEASIBLE,WORSE
3770,2,48,94,29775,36375,0,CAPACITY_EXCEEDED,INVALID
3771,2,48,95,29695,36295,0,CAPACITY_EXCEEDED,INVALID
3772,2,48,96,29572,36172,0,CAPACITY_EXCEEDED,INVALID
3773,2,48,97,28695,35095,1,FEASIBLE,WORSE
3774,2,48,98,28165,34565,1,FEASIBLE,WORSE
3775,2,48,99,28291,34691,1,FEASIBLE,WORSE
3776,2,49,50,30789,37589,0,CAPACITY_EXCEEDED,INVALID
3777,2,49,51,29537,36137,0,CAPACITY_EXCEEDED,INVALID
3778,2,49,52,29904,36504,0,CAPACITY_EXCEEDED,INVALID
3779,2,49,53,29664,36264,0,CAPACITY_EXCEEDED,INVALID
3780,2,49,54,29477,36077,0,CAPACITY_EXCEEDED,INVALID
3781,2,49,55,30918,37718,0,CAPACITY_EXCEEDED,INVALID
3782,2,49,56,29875,36475,0,CAPACITY_EXCEEDED,INVALID
3783,2,49,57,29433,36033,0,CAPACITY_EXCEEDED,INVALID
3784,2,49,58,29278,35878,0,CAPACITY_EXCEEDED,INVALID
3785,2,49,59,29437,36037,0,CAPACITY_EXCEEDED,INVALID
3786,2,49,60,30800,37600,0,CAPACITY_EXCEEDED,INVALID
3787,2,49,61,29444,36044,0,CAPACITY_EXCEEDED,INVALID
3788,2,49,62,30949,37749,0,CAPACITY_EXCEEDED,INVALID
3789,2,49,63,29381,35981,0,CAPACITY_EXCEEDED,INVALID
3790,2,49,64,29397,35997,0,CAPACITY_EXCEEDED,INVALID
3791,2,49,65,29540,36140,0,CAPACITY_EXCEEDED,INVALID
3792,2,49,66,29388,35988,0,CAPACITY_EXCEEDED,INVALID
3793,2,49,67,29600,36200,0,CAPACITY_EXCEEDED,INVALID
3794,2,49,68,29409,36009,0,CAPACITY_EXCEEDED,INVALID
3795,2,49,69,29694,36294,0,CAPACITY_EXCEEDED,INVALID
3796,2,49,70,29795,36395,0,CAPACITY_EXCEEDED,INVALID
3797,2,49,71,29798,36398,0,CAPACITY_EXCEEDED,INVALID
3798,2,49,72,29372,35972,0,CAPACITY_EXCEEDED,INVALID
3799,2,49,73,29328,35928,0,CAPACITY_EXCEEDED,INVALID
3800,2,49,74,29508,36108,0,CAPACITY_EXCEEDED,INVALID
3801,2,49,75,29895,36495,0,CAPACITY_EXCEEDED,INVALID
3802,2,49,76,30743,37543,0,CAPACITY_EXCEEDED,INVALID
3803,2,49,77,30862,37662,0,CAPACITY_EXCEEDED,INVALID
3804,2,49,78,30909,37709,0,CAPACITY_EXCEEDED,INVALID
3805,2,49,79,30828,37628,0,CAPACITY_EXCEEDED,INVALID
3806,2,49,80,30884,37684,0,CAPACITY_EXCEEDED,INVALID
3807,2,49,81,30909,37709,0,CAPACITY_EXCEEDED,INVALID
3808,2,49,82,29444,36044,0,CAPACITY_EXCEEDED,INVALID
3809,2,49,83,29593,36193,0,CAPACITY_EXCEEDED,INVALID
3810,2,49,84,29279,35879,0,CAPACITY_EXCEEDED,INVALID
3811,2,49,85,29709,36309,0,CAPACITY_EXCEEDED,INVALID
3812,2,49,86,30797,37597,0,CAPACITY_EXCEEDED,INVALID
3813,2,49,87,30835,37635,0,CAPACITY_EXCEEDED,INVALID
3814,2,49,88,30881,37681,0,CAPACITY_EXCEEDED,INVALID
3815,2,49,89,29395,35995,0,CAPACITY_EXCEEDED,INVALID
3816,2,49,90,30935,37735,0,CAPACITY_EXCEEDED,INVALID
3817,2,49,91,29405,36005,0,CAPACITY_EXCEEDED,INVALID
3818,2,49,92,29534,36134,0,CAPACITY_EXCEEDED,INVALID
3819,2,49,93,29324,35924,0,CAPACITY_EXCEEDED,INVALID
3820,2,49,94,30982,37782,0,CAPACITY_EXCEEDED,INVALID
3821,2,49,95,30902,37702,0,CAPACITY_EXCEEDED,INVALID
3822,2,49,96,30779,37579,0,CAPACITY_EXCEEDED,INVALID
3823,2,49,97,29902,36502,0,CAPACITY_EXCEEDED,INVALID
3824,2,49,98,29372,35972,0,CAPACITY_EXCEEDED,INVALID
3825,2,49,99,29498,36098,0,CAPACITY_EXCEEDED,INVALID
3826,2,50,51,29373,35973,0,CAPACITY_EXCEEDED,INVALID
3827,2,50,52,29740,36340,0,CAPACITY_EXCEEDED,INVALID
3828,2,50,53,29500,36100,0,CAPACITY_EXCEEDED,INVALID
3829,2,50,54,29313,35913,0,CAPACITY_EXCEEDED,INVALID
3830,2,50,55,30754,37554,0,CAPACITY_EXCEEDED,INVALID
3831,2,50,56,29711,36311,0,CAPACITY_EXCEEDED,INVALID
3832,2,50,57,29269,35869,0,CAPACITY_EXCEEDED,INVALID
3833,2,50,58,29114,35714,0,CAPACITY_EXCEEDED,INVALID
3834,2,50,59,29273,35873,0,CAPACITY_EXCEEDED,INVALID
3835,2,50,60,30636,37436,0,CAPACITY_EXCEEDED,INVALID
3836,2,50,61,29280,35880,0,CAPACITY_EXCEEDED,INVALID
3837,2,50,62,30785,37585,0,CAPACITY_EXCEEDED,INVALID
3838,2,50,63,29217,35817,0,CAPACITY_EXCEEDED,INVALID
3839,2,50,64,29233,35833,0,CAPACITY_EXCEEDED,INVALID
3840,2,50,65,29376,35976,0,CAPACITY_EXCEEDED,INVALID
3841,2,50,66,29224,35824,0,CAPACITY_EXCEEDED,INVALID
3842,2,50,67,29436,36036,0,CAPACITY_EXCEEDED,INVALID
3843,2,50,68,29245,35845,0,CAPACITY_EXCEEDED,INVALID
3844,2,50,69,29530,36130,0,CAPACITY_EXCEEDED,INVALID
3845,2,50,70,29631,36231,0,CAPACITY_EXCEEDED,INVALID
3846,2,50,71,29634,36234,0,CAPACITY_EXCEEDED,INVALID
3847,2,50,72,29208,35808,0,CAPACITY_EXCEEDED,INVALID
3848,2,50,73,29164,35764,0,CAPACITY_EXCEEDED,INVALID
3849,2,50,74,29344,35944,0,CAPACITY_EXCEEDED,INVALID
3850,2,50,75,29731,36331,0,CAPACITY_EXCEEDED,INVALID
3851,2,50,76,30579,37379,0,CAPACITY_EXCEEDED,INVALID
3852,2,50,77,30698,37498,0,CAPACITY_EXCEEDED,INVALID
3853,2,50,78,30745,37545,0,CAPACITY_EXCEEDED,INVALID
3854,2,50,79,30664,37464,0,CAPACITY_EXCEEDED,INVALID
3855,2,50,80,30720,37520,0,CAPACITY_EXCEEDED,INVALID
3856,2,50,81,30745,37545,0,CAPACITY_EXCEEDED,INVALID
3857,2,50,82,29280,35880,0,CAPACITY_EXCEEDED,INVALID
3858,2,50,83,29429,36029,0,CAPACITY_EXCEEDED,INVALID
3859,2,50,84,29115,35715,0,CAPACITY_EXCEEDED,INVALID
3860,2,50,85,29545,36145,0,CAPACITY_EXCEEDED,INVALID
3861,2,50,86,30633,37433,0,CAPACITY_EXCEEDED,INVALID
3862,2,50,87,30671,37471,0,CAPACITY_EXCEEDED,INVALID
3863,2,50,88,30717,37517,0,CAPACITY_EXCEEDED,INVALID
3864,2,50,89,29231,35831,0,CAPACITY_EXCEEDED,INVALID
3865,2,50,90,30771,37571,0,CAPACITY_EXCEEDED,INVALID
3866,2,50,91,29241,35841,0,CAPACITY_EXCEEDED,INVALID
3867,2,50,92,29370,35970,0,CAPACITY_EXCEEDED,INVALID
3868,2,50,93,29160,35760,0,CAPACITY_EXCEEDED,INVALID
3869,2,50,94,30818,37618,0,CAPACITY_EXCEEDED,INVALID
3870,2,50,95,30738,37538,0,CAPACITY_EXCEEDED,INVALID
3871,2,50,96,30615,37415,0,CAPACITY_EXCEEDED,INVALID
3872,2,50,97,29738,36338,0,CAPACITY_EXCEEDED,INVALID
3873,2,50,98,29208,35808,0,CAPACITY_EXCEEDED,INVALID
3874,2,50,99,29334,35934,0,CAPACITY_EXCEEDED,INVALID
3875,2,51,52,28488,34888,1,FEASIBLE,WORSE
3876,2,51,53,28248,34648,1,FEASIBLE,WORSE
3877,2,51,54,28061,34461,1,FEASIBLE,WORSE
3878,2,51,55,29502,36102,0,CAPACITY_EXCEEDED,INVALID
3879,2,51,56,28459,34859,1,FEASIBLE,WORSE
3880,2,51,57,28017,34417,1,FEASIBLE,WORSE
3881,2,51,58,27862,34262,1,FEASIBLE,WORSE
3882,2,51,59,28021,34421,1,FEASIBLE,WORSE
3883,2,51,60,29384,35984,0,CAPACITY_EXCEEDED,INVALID
3884,2,51,61,28028,34428,1,FEASIBLE,WORSE
3885,2,51,62,29533,36133,0,CAPACITY_EXCEEDED,INVALID
3886,2,51,63,27965,34365,1,FEASIBLE,WORSE
3887,2,51,64,27981,34381,1,FEASIBLE,WORSE
3888,2,51,65,28124,34524,1,FEASIBLE,WORSE
3889,2,51,66,27972,34372,1,FEASIBLE,WORSE
3890,2,51,67,28184,34584,1,FEASIBLE,WORSE
3891,2,51,68,27993,34393,1,FEASIBLE,WORSE
3892,2,51,69,28278,34678,1,FEASIBLE,WORSE
3893,2,51,70,28379,34779,1,FEASIBLE,WORSE
3894,2,51,71,28382,34782,1,FEASIBLE,WORSE
3895,2,51,72,27956,34356,1,FEASIBLE,WORSE
3896,2,51,73,27912,34312,1,FEASIBLE,WORSE
3897,2,51,74,28092,34492,1,FEASIBLE,WORSE
3898,2,51,75,28479,34879,1,FEASIBLE,WORSE
3899,2,51,76,29327,35927,0,CAPACITY_EXCEEDED,INVALID
3900,2,51,77,29446,36046,0,CAPACITY_EXCEEDED,INVALID
3901,2,51,78,29493,36093,0,CAPACITY_EXCEEDED,INVALID
3902,2,51,79,29412,36012,0,CAPACITY_EXCEEDED,INVALID
3903,2,51,80,29468,36068,0,CAPACITY_EXCEEDED,INVALID
3904,2,51,81,29493,36093,0,CAPACITY_EXCEEDED,INVALID
3905,2,51,82,28028,34428,1,FEASIBLE,WORSE
3906,2,51,83,28177,34577,1,FEASIBLE,WORSE
3907,2,51,84,27863,34263,1,FEASIBLE,WORSE
3908,2,51,85,28293,34693,1,FEASIBLE,WORSE
3909,2,51,86,29381,35981,0,CAPACITY_EXCEEDED,INVALID
3910,2,51,87,29419,36019,0,CAPACITY_EXCEEDED,INVALID
3911,2,51,88,29465,36065,0,CAPACITY_EXCEEDED,INVALID
3912,2,51,89,27979,34379,1,FEASIBLE,WORSE
3913,2,51,90,29519,36119,0,CAPACITY_EXCEEDED,INVALID
3914,2,51,91,27989,34389,1,FEASIBLE,WORSE
3915,2,51,92,28118,34518,1,FEASIBLE,WORSE
3916,2,51,93,27908,34308,1,FEASIBLE,WORSE
3917,2,51,94,29566,36166,0,CAPACITY_EXCEEDED,INVALID
3918,2,51,95,29486,36086,0,CAPACITY_EXCEEDED,INVALID
3919,2,51,96,29363,35963,0,CAPACITY_EXCEEDED,INVALID
3920,2,51,97,28486,34886,1,FEASIBLE,WORSE
3921,2,51,98,27956,34356,1,FEASIBLE,WORSE
3922,2,51,99,28082,34482,1,FEASIBLE,WORSE
3923,2,52,53,28615,35015,1,FEASIBLE,WORSE
3924,2,52,54,28428,34828,1,FEASIBLE,WORSE
3925,2,52,55,29869,36469,0,CAPACITY_EXCEEDED,INVALID
3926,2,52,56,28826,35226,1,FEASIBLE,WORSE
3927,2,52,57,28384,34784,1,FEASIBLE,WORSE
3928,2,52,58,28229,34629,1,FEASIBLE,WORSE
3929,2,52,59,28388,34788,1,FEASIBLE,WORSE
3930,2,52,60,29751,36351,0,CAPACITY_EXCEEDED,INVALID
3931,2,52,61,28395,34795,1,FEASIBLE,WORSE
3932,2,52,62,29900,36500,0,CAPACITY_EXCEEDED,INVALID
3933,2,52,63,28332,34732,1,FEASIBLE,WORSE
3934,2,52,64,28348,34748,1,FEASIBLE,WORSE
3935,2,52,65,28491,34891,1,FEASIBLE,WORSE
3936,2,52,66,28339,34739,1,FEASIBLE,WORSE
3937,2,52,67,28551,34951,1,FEASIBLE,WORSE
3938,2,52,68,28360,34760,1,FEASIBLE,WORSE
3939,2,52,69,28645,35045,1,FEASIBLE,WORSE
3940,2,52,70,28746,35146,1,FEASIBLE,WORSE
3941,2,52,71,28749,35149,1,FEASIBLE,WORSE
3942,2,52,72,28323,34723,1,FEASIBLE,WORSE
3943,2,52,73,28279,34679,1,FEASIBLE,WORSE
3944,2,52,74,28459,34859,1,FEASIBLE,WORSE
3945,2,52,75,28846,35246,1,FEASIBLE,WORSE
3946,2,52,76,29694,36294,0,CAPACITY_EXCEEDED,INVALID
3947,2,52,77,29813,36413,0,CAPACITY_EXCEEDED,INVALID
3948,2,52,78,29860,36460,0,CAPACITY_EXCEEDED,INVALID
3949,2,52,79,29779,36379,0,CAPACITY_EXCEEDED,INVALID
3950,2,52,80,29835,36435,0,CAPACITY_EXCEEDED,INVALID
3951,2,52,81,29860,36460,0,CAPACITY_EXCEEDED,INVALID
3952,2,52,82,28395,34795,1,FEASIBLE,WORSE
3953,2,52,83,28544,34944,1,FEASIBLE,WORSE
3954,2,52,84,28230,34630,1,FEASIBLE,WORSE
3955,2,52,85,28660,35060,1,FEASIBLE,WORSE
3956,2,52,86,29748,36348,0,CAPACITY_EXCEEDED,INVALID
3957,2,52,87,29786,36386,0,CAPACITY_EXCEEDED,INVALID
3958,2,52,88,29832,36432,0,CAPACITY_EXCEEDED,INVALID
3959,2,52,89,28346,34746,1,FEASIBLE,WORSE
3960,2,52,90,29886,36486,0,CAPACITY_EXCEEDED,INVALID
3961,2,52,91,28356,34756,1,FEASIBLE,WORSE
3962,2,52,92,28485,34885,1,FEASIBLE,WORSE
3963,2,52,93,28275,34675,1,FEASIBLE,WORSE
3964,2,52,94,29933,36533,0,CAPACITY_EXCEEDED,INVALID
3965,2,52,95,29853,36453,0,CAPACITY_EXCEEDED,INVALID
3966,2,52,96,29730,36330,0,CAPACITY_EXCEEDED,INVALID
3967,2,52,97,28853,35253,1,FEASIBLE,WORSE
3968,2,52,98,28323,34723,1,FEASIBLE,WORSE
3969,2,52,99,28449,34849,1,FEASIBLE,WORSE
3970,2,53,54,28188,34588,1,FEASIBLE,WORSE
3971,2,53,55,29629,36229,0,CAPACITY_EXCEEDED,INVALID
3972,2,53,56,28586,34986,1,FEASIBLE,WORSE
3973,2,53,57,28144,34544,1,FEASIBLE,WORSE
3974,2,53,58,27989,34389,1,FEASIBLE,WORSE
3975,2,53,59,28148,34548,1,FEASIBLE,WORSE
3976,2,53,60,29511,36111,0,CAPACITY_EXCEEDED,INVALID
3977,2,53,61,28155,34555,1,FEASIBLE,WORSE
3978,2,53,62,29660,36260,0,CAPACITY_EXCEEDED,INVALID
3979,2,53,63,28092,34492,1,FEASIBLE,WORSE
3980,2,53,64,28108,34508,1,FEASIBLE,WORSE
3981,2,53,65,28251,34651,1,FEASIBLE,WORSE
3982,2,53,66,28099,34499,1,FEASIBLE,WORSE
3983,2,53,67,28311,34711,1,FEASIBLE,WORSE
3984,2,53,68,28120,34520,1,FEASIBLE,WORSE
3985,2,53,69,28405,34805,1,FEASIBLE,WORSE
3986,2,53,70,28506,34906,1,FEASIBLE,WORSE
3987,2,53,71,28509,34909,1,FEASIBLE,WORSE
3988,2,53,72,28083,34483,1,FEASIBLE,WORSE
3989,2,53,73,28039,34439,1,FEASIBLE,WORSE
3990,2,53,74,28219,34619,1,FEASIBLE,WORSE
3991,2,53,75,28606,35006,1,FEASIBLE,WORSE
3992,2,53,76,29454,36054,0,CAPACITY_EXCEEDED,INVALID
3993,2,53,77,29573,36173,0,CAPACITY_EXCEEDED,INVALID
3994,2,53,78,29620,36220,0,CAPACITY_EXCEEDED,INVALID
3995,2,53,79,29539,36139,0,CAPACITY_EXCEEDED,INVALID
3996,2,53,80,29595,36195,0,CAPACITY_EXCEEDED,INVALID
3997,2,53,81,29620,36220,0,CAPACITY_EXCEEDED,INVALID
3998,2,53,82,28155,34555,1,FEASIBLE,WORSE
3999,2,53,83,28304,34704,1,FEASIBLE,WORSE
4000,2,53,84,27990,34390,1,FEASIBLE,WORSE
4001,2,53,85,28420,34820,1,FEASIBLE,WORSE
4002,2,53,86,29508,36108,0,CAPACITY_EXCEEDED,INVALID
4003,2,53,87,29546,36146,0,CAPACITY_EXCEEDED,INVALID
4004,2,53,88,29592,36192,0,CAPACITY_EXCEEDED,INVALID
4005,2,53,89,28106,34506,1,FEASIBLE,WORSE
4006,2,53,90,29646,36246,0,CAPACITY_EXCEEDED,INVALID
4007,2,53,91,28116,34516,1,FEASIBLE,WORSE
4008,2,53,92,28245,34645,1,FEASIBLE,WORSE
4009,2,53,93,28035,34435,1,FEASIBLE,WORSE
4010,2,53,94,29693,36293,0,CAPACITY_EXCEEDED,INVALID
4011,2,53,95,29613,36213,0,CAPACITY_EXCEEDED,INVALID
4012,2,53,96,29490,36090,0,CAPACITY_EXCEEDED,INVALID
4013,2,53,97,28613,35013,1,FEASIBLE,WORSE
4014,2,53,98,28083,34483,1,FEASIBLE,WORSE
4015,2,53,99,28209,34609,1,FEASIBLE,WORSE
4016,2,54,55,29442,36042,0,CAPACITY_EXCEEDED,INVALID
4017,2,54,56,28399,34799,1,FEASIBLE,WORSE
4018,2,54,57,27957,34357,1,FEASIBLE,WORSE
4019,2,54,58,27802,34202,1,FEASIBLE,WORSE
4020,2,54,59,27961,34361,1,FEASIBLE,WORSE
4021,2,54,60,29324,35924,0,CAPACITY_EXCEEDED,INVALID
4022,2,54,61,27968,34368,1,FEASIBLE,WORSE
4023,2,54,62,29473,36073,0,CAPACITY_EXCEEDED,INVALID
4024,2,54,63,27905,34305,1,FEASIBLE,WORSE
4025,2,54,64,27921,34321,1,FEASIBLE,WORSE
4026,2,54,65,28064,34464,1,FEASIBLE,WORSE
4027,2,54,66,27912,34312,1,FEASIBLE,WORSE
4028,2,54,67,28124,34524,1,FEASIBLE,WORSE
4029,2,54,68,27933,34333,1,FEASIBLE,WORSE
4030,2,54,69,28218,34618,1,FEASIBLE,WORSE
4031,2,54,70,28319,34719,1,FEASIBLE,WORSE
4032,2,54,71,28322,34722,1,FEASIBLE,WORSE
4033,2,54,72,27896,34296,1,FEASIBLE,WORSE
4034,2,54,73,27852,34252,1,FEASIBLE,WORSE
4035,2,54,74,28032,34432,1,FEASIBLE,WORSE
4036,2,54,75,28419,34819,1,FEASIBLE,WORSE
4037,2,54,76,29267,35867,0,CAPACITY_EXCEEDED,INVALID
4038,2,54,77,29386,35986,0,CAPACITY_EXCEEDED,INVALID
4039,2,54,78,29433,36033,0,CAPACITY_EXCEEDED,INVALID
4040,2,54,79,29352,35952,0,CAPACITY_EXCEEDED,INVALID
4041,2,54,80,29408,36008,0,CAPACITY_EXCEEDED,INVALID
4042,2,54,81,29433,36033,0,CAPACITY_EXCEEDED,INVALID
4043,2,54,82,27968,34368,1,FEASIBLE,WORSE
4044,2,54,83,28117,34517,1,FEASIBLE,WORSE
4045,2,54,84,27803,34203,1,FEASIBLE,WORSE
4046,2,54,85,28233,34633,1,FEASIBLE,WORSE
4047,2,54,86,29321,35921,0,CAPACITY_EXCEEDED,INVALID
4048,2,54,87,29359,35959,0,CAPACITY_EXCEEDED,INVALID
4049,2,54,88,29405,36005,0,CAPACITY_EXCEEDED,INVALID
4050,2,54,89,27919,34319,1,FEASIBLE,WORSE
4051,2,54,90,29459,36059,0,CAPACITY_EXCEEDED,INVALID
4052,2,54,91,27929,34329,1,FEASIBLE,WORSE
4053,2,54,92,28058,34458,1,FEASIBLE,WORSE
4054,2,54,93,27848,34248,1,FEASIBLE,WORSE
4055,2,54,94,29506,36106,0,CAPACITY_EXCEEDED,INVALID
4056,2,54,95,29426,36026,0,CAPACITY_EXCEEDED,INVALID
4057,2,54,96,29303,35903,0,CAPACITY_EXCEEDED,INVALID
4058,2,54,97,28426,34826,1,FEASIBLE,WORSE
4059,2,54,98,27896,34296,1,FEASIBLE,WORSE
4060,2,54,99,28022,34422,1,FEASIBLE,WORSE
4061,2,55,56,29840,36440,0,CAPACITY_EXCEEDED,INVALID
4062,2,55,57,29398,35998,0,CAPACITY_EXCEEDED,INVALID
4063,2,55,58,29243,35843,0,CAPACITY_EXCEEDED,INVALID
4064,2,55,59,29402,36002,0,CAPACITY_EXCEEDED,INVALID
4065,2,55,60,30765,37565,0,CAPACITY_EXCEEDED,INVALID
4066,2,55,61,29409,36009,0,CAPACITY_EXCEEDED,INVALID
4067,2,55,62,30914,37714,0,CAPACITY_EXCEEDED,INVALID
4068,2,55,63,29346,35946,0,CAPACITY_EXCEEDED,INVALID
4069,2,55,64,29362,35962,0,CAPACITY_EXCEEDED,INVALID
4070,2,55,65,29505,36105,0,CAPACITY_EXCEEDED,INVALID
4071,2,55,66,29353,35953,0,CAPACITY_EXCEEDED,INVALID
4072,2,55,67,29565,36165,0,CAPACITY_EXCEEDED,INVALID
4073,2,55,68,29374,35974,0,CAPACITY_EXCEEDED,INVALID
4074,2,55,69,29659,36259,0,CAPACITY_EXCEEDED,INVALID
4075,2,55,70,29760,36360,0,CAPACITY_EXCEEDED,INVALID
4076,2,55,71,29763,36363,0,CAPACITY_EXCEEDED,INVALID
4077,2,55,72,29337,35937,0,CAPACITY_EXCEEDED,INVALID
4078,2,55,73,29293,35893,0,CAPACITY_EXCEEDED,INVALID
4079,2,55,74,29473,36073,0,CAPACITY_EXCEEDED,INVALID
4080,2,55,75,29860,36460,0,CAPACITY_EXCEEDED,INVALID
4081,2,55,76,30708,37508,0,CAPACITY_EXCEEDED,INVALID
4082,2,55,77,30827,37627,0,CAPACITY_EXCEEDED,INVALID
4083,2,55,78,30874,37674,0,CAPACITY_EXCEEDED,INVALID
4084,2,55,79,30793,37593,0,CAPACITY_EXCEEDED,INVALID
4085,2,55,80,30849,37649,0,CAPACITY_EXCEEDED,INVALID
4086,2,55,81,30874,37674,0,CAPACITY_EXCEEDED,INVALID
4087,2,55,82,29409,36009,0,CAPACITY_EXCEEDED,INVALID
4088,2,55,83,29558,36158,0,CAPACITY_EXCEEDED,INVALID
4089,2,55,84,29244,35844,0,CAPACITY_EXCEEDED,INVALID
4090,2,55,85,29674,36274,0,CAPACITY_EXCEEDED,INVALID
4091,2,55,86,30762,37562,0,CAPACITY_EXCEEDED,INVALID
4092,2,55,87,30800,37600,0,CAPACITY_EXCEEDED,INVALID
4093,2,55,88,30846,37646,0,CAPACITY_EXCEEDED,INVALID
4094,2,55,89,29360,35960,0,CAPACITY_EXCEEDED,INVALID
4095,2,55,90,30900,37700,0,CAPACITY_EXCEEDED,INVALID
4096,2,55,91,29370,35970,0,CAPACITY_EXCEEDED,INVALID
4097,2,55,92,29499,36099,0,CAPACITY_EXCEEDED,INVALID
4098,2,55,93,29289,35889,0,CAPACITY_EXCEEDED,INVALID
4099,2,55,94,30947,37747,0,CAPACITY_EXCEEDED,INVALID
4100,2,55,95,30867,37667,0,CAPACITY_EXCEEDED,INVALID
4101,2,55,96,30744,37544,0,CAPACITY_EXCEEDED,INVALID
4102,2,55,97,29867,36467,0,CAPACITY_EXCEEDED,INVALID
4103,2,55,98,29337,35937,0,CAPACITY_EXCEEDED,INVALID
4104,2,55,99,29463,36063,0,CAPACITY_EXCEEDED,INVALID
4105,2,56,57,28355,34755,1,FEASIBLE,WORSE
4106,2,56,58,28200,34600,1,FEASIBLE,WORSE
4107,2,56,59,28359,34759,1,FEASIBLE,WORSE
4108,2,56,60,29722,36322,0,CAPACITY_EXCEEDED,INVALID
4109,2,56,61,28366,34766,1,FEASIBLE,WORSE
4110,2,56,62,29871,36471,0,CAPACITY_EXCEEDED,INVALID
4111,2,56,63,28303,34703,1,FEASIBLE,WORSE
4112,2,56,64,28319,34719,1,FEASIBLE,WORSE
4113,2,56,65,28462,34862,1,FEASIBLE,WORSE
4114,2,56,66,28310,34710,1,FEASIBLE,WORSE
4115,2,56,67,28522,34922,1,FEASIBLE,WORSE
4116,2,56,68,28331,34731,1,FEASIBLE,WORSE
4117,2,56,69,28616,35016,1,FEASIBLE,WORSE
4118,2,56,70,28717,35117,1,FEASIBLE,WORSE
4119,2,56,71,28720,35120,1,FEASIBLE,WORSE
4120,2,56,72,28294,34694,1,FEASIBLE,WORSE
4121,2,56,73,28250,34650,1,FEASIBLE,WORSE
4122,2,56,74,28430,34830,1,FEASIBLE,WORSE
4123,2,56,75,28817,35217,1,FEASIBLE,WORSE
4124,2,56,76,29665,36265,0,CAPACITY_EXCEEDED,INVALID
4125,2,56,77,29784,36384,0,CAPACITY_EXCEEDED,INVALID
4126,2,56,78,29831,36431,0,CAPACITY_EXCEEDED,INVALID
4127,2,56,79,29750,36350,0,CAPACITY_EXCEEDED,INVALID
4128,2,56,80,29806,36406,0,CAPACITY_EXCEEDED,INVALID
4129,2,56,81,29831,36431,0,CAPACITY_EXCEEDED,INVALID
4130,2,56,82,28366,34766,1,FEASIBLE,WORSE
4131,2,56,83,28515,34915,1,FEASIBLE,WORSE
4132,2,56,84,28201,34601,1,FEASIBLE,WORSE
4133,2,56,85,28631,35031,1,FEASIBLE,WORSE
4134,2,56,86,29719,36319,0,CAPACITY_EXCEEDED,INVALID
4135,2,56,87,29757,36357,0,CAPACITY_EXCEEDED,INVALID
4136,2,56,88,29803,36403,0,CAPACITY_EXCEEDED,INVALID
4137,2,56,89,28317,34717,1,FEASIBLE,WORSE
4138,2,56,90,29857,36457,0,CAPACITY_EXCEEDED,INVALID
4139,2,56,91,28327,34727,1,FEASIBLE,WORSE
4140,2,56,92,28456,34856,1,FEASIBLE,WORSE
4141,2,56,93,28246,34646,1,FEASIBLE,WORSE
4142,2,56,94,29904,36504,0,CAPACITY_EXCEEDED,INVALID
4143,2,56,95,29824,36424,0,CAPACITY_EXCEEDED,INVALID
4144,2,56,96,29701,36301,0,CAPACITY_EXCEEDED,INVALID
4145,2,56,97,28824,35224,1,FEASIBLE,WORSE
4146,2,56,98,28294,34694,1,FEASIBLE,WORSE
4147,2,56,99,28420,34820,1,FEASIBLE,WORSE
4148,2,57,58,27758,34158,1,FEASIBLE,WORSE
4149,2,57,59,27917,34317,1,FEASIBLE,WORSE
4150,2,57,60,29280,35880,0,CAPACITY_EXCEEDED,INVALID
4151,2,57,61,27924,34324,1,FEASIBLE,WORSE
4152,2,57,62,29429,36029,0,CAPACITY_EXCEEDED,INVALID
4153,2,57,63,27861,34261,1,FEASIBLE,WORSE
4154,2,57,64,27877,34277,1,FEASIBLE,WORSE
4155,2,57,65,28020,34420,1,FEASIBLE,WORSE
4156,2,57,66,27868,34268,1,FEASIBLE,WORSE
4157,2,57,67,28080,34480,1,FEASIBLE,WORSE
4158,2,57,68,27889,34289,1,FEASIBLE,WORSE
4159,2,57,69,28174,34574,1,FEASIBLE,WORSE
4160,2,57,70,28275,34675,1,FEASIBLE,WORSE
4161,2,57,71,28278,34678,1,FEASIBLE,WORSE
4162,2,57,72,27852,34252,1,FEASIBLE,WORSE
4163,2,57,73,27808,34208,1,FEASIBLE,WORSE
4164,2,57,74,27988,34388,1,FEASIBLE,WORSE
4165,2,57,75,28375,34775,1,FEASIBLE,WORSE
4166,2,57,76,29223,35823,0,CAPACITY_EXCEEDED,INVALID
4167,2,57,77,29342,35942,0,CAPACITY_EXCEEDED,INVALID
4168,2,57,78,29389,35989,0,CAPACITY_EXCEEDED,INVALID
4169,2,57,79,29308,35908,0,CAPACITY_EXCEEDED,INVALID
4170,2,57,80,29364,35964,0,CAPACITY_EXCEEDED,INVALID
4171,2,57,81,29389,35989,0,CAPACITY_EXCEEDED,INVALID
4172,2,57,82,27924,34324,1,FEASIBLE,WORSE
4173,2,57,83,28073,34473,1,FEASIBLE,WORSE
4174,2,57,84,27759,34159,1,FEASIBLE,WORSE
4175,2,57,85,28189,34589,1,FEASIBLE,WORSE
4176,2,57,86,29277,35877,0,CAPACITY_EXCEEDED,INVALID
4177,2,57,87,29315,35915,0,CAPACITY_EXCEEDED,INVALID
4178,2,57,88,29361,35961,0,CAPACITY_EXCEEDED,INVALID
4179,2,57,89,27875,34275,1,FEASIBLE,WORSE
4180,2,57,90,29415,36015,0,CAPACITY_EXCEEDED,INVALID
4181,2,57,91,27885,34285,1,FEASIBLE,WORSE
4182,2,57,92,28014,34414,1,FEASIBLE,WORSE
4183,2,57,93,27804,34204,1,FEASIBLE,WORSE
4184,2,57,94,29462,36062,0,CAPACITY_EXCEEDED,INVALID
4185,2,57,95,29382,35982,0,CAPACITY_EXCEEDED,INVALID
4186,2,57,96,29259,35859,0,CAPACITY_EXCEEDED,INVALID
4187,2,57,97,28382,34782,1,FEASIBLE,WORSE
4188,2,57,98,27852,34252,1,FEASIBLE,WORSE
4189,2,57,99,27978,34378,1,FEASIBLE,WORSE
4190,2,58,59,27762,34162,1,FEASIBLE,WORSE
4191,2,58,60,29125,35725,0,CAPACITY_EXCEEDED,INVALID
4192,2,58,61,27769,34169,1,FEASIBLE,WORSE
4193,2,58,62,29274,35874,0,CAPACITY_EXCEEDED,INVALID
4194,2,58,63,27706,34106,1,FEASIBLE,WORSE
4195,2,58,64,27722,34122,1,FEASIBLE,WORSE
4196,2,58,65,27865,34265,1,FEASIBLE,WORSE
4197,2,58,66,27713,34113,1,FEASIBLE,WORSE
4198,2,58,67,27925,34325,1,FEASIBLE,WORSE
4199,2,58,68,27734,34134,1,FEASIBLE,WORSE
4200,2,58,69,28019,34419,1,FEASIBLE,WORSE
4201,2,58,70,28120,34520,1,FEASIBLE,WORSE
4202,2,58,71,28123,34523,1,FEASIBLE,WORSE
4203,2,58,72,27697,34097,1,FEASIBLE,WORSE
4204,2,58,73,27653,34053,1,FEASIBLE,WORSE
4205,2,58,74,27833,34233,1,FEASIBLE,WORSE
4206,2,58,75,28220,34620,1,FEASIBLE,WORSE
4207,2,58,76,29068,35668,0,CAPACITY_EXCEEDED,INVALID
4208,2,58,77,29187,35787,0,CAPACITY_EXCEEDED,INVALID
4209,2,58,78,29234,35834,0,CAPACITY_EXCEEDED,INVALID
4210,2,58,79,29153,35753,0,CAPACITY_EXCEEDED,INVALID
4211,2,58,80,29209,35809,0,CAPACITY_EXCEEDED,INVALID
4212,2,58,81,29234,35834,0,CAPACITY_EXCEEDED,INVALID
4213,2,58,82,27769,34169,1,FEASIBLE,WORSE
4214,2,58,83,27918,34318,1,FEASIBLE,WORSE
4215,2,58,84,27604,34004,1,FEASIBLE,WORSE
4216,2,58,85,28034,34434,1,FEASIBLE,WORSE
4217,2,58,86,29122,35722,0,CAPACITY_EXCEEDED,INVALID
4218,2,58,87,29160,35760,0,CAPACITY_EXCEEDED,INVALID
4219,2,58,88,29206,35806,0,CAPACITY_EXCEEDED,INVALID
4220,2,58,89,27720,34120,1,FEASIBLE,WORSE
4221,2,58,90,29260,35860,0,CAPACITY_EXCEEDED,INVALID
4222,2,58,91,27730,34130,1,FEASIBLE,WORSE
4223,2,58,92,27859,34259,1,FEASIBLE,WORSE
4224,2,58,93,27649,34049,1,FEASIBLE,WORSE
4225,2,58,94,29307,35907,0,CAPACITY_EXCEEDED,INVALID
4226,2,58,95,29227,35827,0,CAPACITY_EXCEEDED,INVALID
4227,2,58,96,29104,35704,0,CAPACITY_EXCEEDED,INVALID
4228,2,58,97,28227,34627,1,FEASIBLE,WORSE
4229,2,58,98,27697,34097,1,FEASIBLE,WORSE
4230,2,58,99,27823,34223,1,FEASIBLE,WORSE
4231,2,59,60,29284,35884,0,CAPACITY_EXCEEDED,INVALID
4232,2,59,61,27928,34328,1,FEASIBLE,WORSE
4233,2,59,62,29433,36033,0,CAPACITY_EXCEEDED,INVALID
4234,2,59,63,27865,34265,1,FEASIBLE,WORSE
4235,2,59,64,27881,34281,1,FEASIBLE,WORSE
4236,2,59,65,28024,34424,1,FEASIBLE,WORSE
4237,2,59,66,27872,34272,1,FEASIBLE,WORSE
4238,2,59,67,28084,34484,1,FEASIBLE,WORSE
4239,2,59,68,27893,34293,1,FEASIBLE,WORSE
4240,2,59,69,28178,34578,1,FEASIBLE,WORSE
4241,2,59,70,28279,34679,1,FEASIBLE,WORSE
4242,2,59,71,28282,34682,1,FEASIBLE,WORSE
4243,2,59,72,27856,34256,1,FEASIBLE,WORSE
4244,2,59,73,27812,34212,1,FEASIBLE,WORSE
4245,2,59,74,27992,34392,1,FEASIBLE,WORSE
4246,2,59,75,28379,34779,1,FEASIBLE,WORSE
4247,2,59,76,29227,35827,0,CAPACITY_EXCEEDED,INVALID
4248,2,59,77,29346,35946,0,CAPACITY_EXCEEDED,INVALID
4249,2,59,78,29393,35993,0,CAPACITY_EXCEEDED,INVALID
4250,2,59,79,29312,35912,0,CAPACITY_EXCEEDED,INVALID
4251,2,59,80,29368,35968,0,CAPACITY_EXCEEDED,INVALID
4252,2,59,81,29393,35993,0,CAPACITY_EXCEEDED,INVALID
4253,2,59,82,27928,34328,1,FEASIBLE,WORSE
4254,2,59,83,28077,34477,1,FEASIBLE,WORSE
4255,2,59,84,27763,34163,1,FEASIBLE,WORSE
4256,2,59,85,28193,34593,1,FEASIBLE,WORSE
4257,2,59,86,29281,35881,0,CAPACITY_EXCEEDED,INVALID
4258,2,59,87,29319,35919,0,CAPACITY_EXCEEDED,INVALID
4259,2,59,88,29365,35965,0,CAPACITY_EXCEEDED,INVALID
4260,2,59,89,27879,34279,1,FEASIBLE,WORSE
4261,2,59,90,29419,36019,0,CAPACITY_EXCEEDED,INVALID
4262,2,59,91,27889,34289,1,FEASIBLE,WORSE
4263,2,59,92,28018,34418,1,FEASIBLE,WORSE
4264,2,59,93,27808,34208,1,FEASIBLE,WORSE
4265,2,59,94,29466,36066,0,CAPACITY_EXCEEDED,INVALID
4266,2,59,95,29386,35986,0,CAPACITY_EXCEEDED,INVALID
4267,2,59,96,29263,35863,0,CAPACITY_EXCEEDED,INVALID
4268,2,59,97,28386,34786,1,FEASIBLE,WORSE
4269,2,59,98,27856,34256,1,FEASIBLE,WORSE
4270,2,59,99,27982,34382,1,FEASIBLE,WORSE
4271,2,60,61,29291,35891,0,CAPACITY_EXCEEDED,INVALID
4272,2,60,62,30796,37596,0,CAPACITY_EXCEEDED,INVALID
4273,2,60,63,29228,35828,0,CAPACITY_EXCEEDED,INVALID
4274,2,60,64,29244,35844,0,CAPACITY_EXCEEDED,INVALID
4275,2,60,65,29387,35987,0,CAPACITY_EXCEEDED,INVALID
4276,2,60,66,29235,35835,0,CAPACITY_EXCEEDED,INVALID
4277,2,60,67,29447,36047,0,CAPACITY_EXCEEDED,INVALID
4278,2,60,68,29256,35856,0,CAPACITY_EXCEEDED,INVALID
4279,2,60,69,29541,36141,0,CAPACITY_EXCEEDED,INVALID
4280,2,60,70,29642,36242,0,CAPACITY_EXCEEDED,INVALID
4281,2,60,71,29645,36245,0,CAPACITY_EXCEEDED,INVALID
4282,2,60,72,29219,35819,0,CAPACITY_EXCEEDED,INVALID
4283,2,60,73,29175,35775,0,CAPACITY_EXCEEDED,INVALID
4284,2,60,74,29355,35955,0,CAPACITY_EXCEEDED,INVALID
4285,2,60,75,29742,36342,0,CAPACITY_EXCEEDED,INVALID
4286,2,60,76,30590,37390,0,CAPACITY_EXCEEDED,INVALID
4287,2,60,77,30709,37509,0,CAPACITY_EXCEEDED,INVALID
4288,2,60,78,30756,37556,0,CAPACITY_EXCEEDED,INVALID
4289,2,60,79,30675,37475,0,CAPACITY_EXCEEDED,INVALID
4290,2,60,80,30731,37531,0,CAPACITY_EXCEEDED,INVALID
4291,2,60,81,30756,37556,0,CAPACITY_EXCEEDED,INVALID
4292,2,60,82,29291,35891,0,CAPACITY_EXCEEDED,INVALID
4293,2,60,83,29440,36040,0,CAPACITY_EXCEEDED,INVALID
4294,2,60,84,29126,35726,0,CAPACITY_EXCEEDED,INVALID
4295,2,60,85,29556,36156,0,CAPACITY_EXCEEDED,INVALID
4296,2,60,86,30644,37444,0,CAPACITY_EXCEEDED,INVALID
4297,2,60,87,30682,37482,0,CAPACITY_EXCEEDED,INVALID
4298,2,60,88,30728,37528,0,CAPACITY_EXCEEDED,INVALID
4299,2,60,89,29242,35842,0,CAPACITY_EXCEEDED,INVALID
4300,2,60,90,30782,37582,0,CAPACITY_EXCEEDED,INVALID
4301,2,60,91,29252,35852,0,CAPACITY_EXCEEDED,INVALID
4302,2,60,92,29381,35981,0,CAPACITY_EXCEEDED,INVALID
4303,2,60,93,29171,35771,0,CAPACITY_EXCEEDED,INVALID
4304,2,60,94,30829,37629,0,CAPACITY_EXCEEDED,INVALID
4305,2,60,95,30749,37549,0,CAPACITY_EXCEEDED,INVALID
4306,2,60,96,30626,37426,0,CAPACITY_EXCEEDED,INVALID
4307,2,60,97,29749,36349,0,CAPACITY_EXCEEDED,INVALID
4308,2,60,98,29219,35819,0,CAPACITY_EXCEEDED,INVALID
4309,2,60,99,29345,35945,0,CAPACITY_EXCEEDED,INVALID
4310,2,61,62,29440,36040,0,CAPACITY_EXCEEDED,INVALID
4311,2,61,63,27872,34272,1,FEASIBLE,WORSE
4312,2,61,64,27888,34288,1,FEASIBLE,WORSE
4313,2,61,65,28031,34431,1,FEASIBLE,WORSE
4314,2,61,66,27879,34279,1,FEASIBLE,WORSE
4315,2,61,67,28091,34491,1,FEASIBLE,WORSE
4316,2,61,68,27900,34300,1,FEASIBLE,WORSE
4317,2,61,69,28185,34585,1,FEASIBLE,WORSE
4318,2,61,70,28286,34686,1,FEASIBLE,WORSE
4319,2,61,71,28289,34689,1,FEASIBLE,WORSE
4320,2,61,72,27863,34263,1,FEASIBLE,WORSE
4321,2,61,73,27819,34219,1,FEASIBLE,WORSE
4322,2,61,74,27999,34399,1,FEASIBLE,WORSE
4323,2,61,75,28386,34786,1,FEASIBLE,WORSE
4324,2,61,76,29234,35834,0,CAPACITY_EXCEEDED,INVALID
4325,2,61,77,29353,35953,0,CAPACITY_EXCEEDED,INVALID
4326,2,61,78,29400,36000,0,CAPACITY_EXCEEDED,INVALID
4327,2,61,79,29319,35919,0,CAPACITY_EXCEEDED,INVALID
4328,2,61,80,29375,35975,0,CAPACITY_EXCEEDED,INVALID
4329,2,61,81,29400,36000,0,CAPACITY_EXCEEDED,INVALID
4330,2,61,82,27935,34335,1,FEASIBLE,WORSE
4331,2,61,83,28084,34484,1,FEASIBLE,WORSE
4332,2,61,84,27770,34170,1,FEASIBLE,WORSE
4333,2,61,85,28200,34600,1,FEASIBLE,WORSE
4334,2,61,86,29288,35888,0,CAPACITY_EXCEEDED,INVALID
4335,2,61,87,29326,35926,0,CAPACITY_EXCEEDED,INVALID
4336,2,61,88,29372,35972,0,CAPACITY_EXCEEDED,INVALID
4337,2,61,89,27886,34286,1,FEASIBLE,WORSE
4338,2,61,90,29426,36026,0,CAPACITY_EXCEEDED,INVALID
4339,2,61,91,27896,34296,1,FEASIBLE,WORSE
4340,2,61,92,28025,34425,1,FEASIBLE,WORSE
4341,2,61,93,27815,34215,1,FEASIBLE,WORSE
4342,2,61,94,29473,36073,0,CAPACITY_EXCEEDED,INVALID
4343,2,61,95,29393,35993,0,CAPACITY_EXCEEDED,INVALID
4344,2,61,96,29270,35870,0,CAPACITY_EXCEEDED,INVALID
4345,2,61,97,28393,34793,1,FEASIBLE,WORSE
4346,2,61,98,27863,34263,1,FEASIBLE,WORSE
4347,2,61,99,27989,34389,1,FEASIBLE,WORSE
4348,2,62,63,29377,35977,0,CAPACITY_EXCEEDED,INVALID
4349,2,62,64,29393,35993,0,CAPACITY_EXCEEDED,INVALID
4350,2,62,65,29536,36136,0,CAPACITY_EXCEEDED,INVALID
4351,2,62,66,29384,35984,0,CAPACITY_EXCEEDED,INVALID
4352,2,62,67,29596,36196,0,CAPACITY_EXCEEDED,INVALID
4353,2,62,68,29405,36005,0,CAPACITY_EXCEEDED,INVALID
4354,2,62,69,29690,36290,0,CAPACITY_EXCEEDED,INVALID
4355,2,62,70,29791,36391,0,CAPACITY_EXCEEDED,INVALID
4356,2,62,71,29794,36394,0,CAPACITY_EXCEEDED,INVALID
4357,2,62,72,29368,35968,0,CAPACITY_EXCEEDED,INVALID
4358,2,62,73,29324,35924,0,CAPACITY_EXCEEDED,INVALID
4359,2,62,74,29504,36104,0,CAPACITY_EXCEEDED,INVALID
4360,2,62,75,29891,36491,0,CAPACITY_EXCEEDED,INVALID
4361,2,62,76,30739,37539,0,CAPACITY_EXCEEDED,INVALID
4362,2,62,77,30858,37658,0,CAPACITY_EXCEEDED,INVALID
4363,2,62,78,30905,37705,0,CAPACITY_EXCEEDED,INVALID
4364,2,62,79,30824,37624,0,CAPACITY_EXCEEDED,INVALID
4365,2,62,80,30880,37680,0,CAPACITY_EXCEEDED,INVALID
4366,2,62,81,30905,37705,0,CAPACITY_EXCEEDED,INVALID
4367,2,62,82,29440,36040,0,CAPACITY_EXCEEDED,INVALID
4368,2,62,83,29589,36189,0,CAPACITY_EXCEEDED,INVALID
4369,2,62,84,29275,35875,0,CAPACITY_EXCEEDED,INVALID
4370,2,62,85,29705,36305,0,CAPACITY_EXCEEDED,INVALID
4371,2,62,86,30793,37593,0,CAPACITY_EXCEEDED,INVALID
4372,2,62,87,30831,37631,0,CAPACITY_EXCEEDED,INVALID
4373,2,62,88,30877,37677,0,CAPACITY_EXCEEDED,INVALID
4374,2,62,89,29391,35991,0,CAPACITY_EXCEEDED,INVALID
4375,2,62,90,30931,37731,0,CAPACITY_EXCEEDED,INVALID
4376,2,62,91,29401,36001,0,CAPACITY_EXCEEDED,INVALID
4377,2,62,92,29530,36130,0,CAPACITY_EXCEEDED,INVALID
4378,2,62,93,29320,35920,0,CAPACITY_EXCEEDED,INVALID
4379,2,62,94,30978,37778,0,CAPACITY_EXCEEDED,INVALID
4380,2,62,95,30898,37698,0,CAPACITY_EXCEEDED,INVALID
4381,2,62,96,30775,37575,0,CAPACITY_EXCEEDED,INVALID
4382,2,62,97,29898,36498,0,CAPACITY_EXCEEDED,INVALID
4383,2,62,98,29368,35968,0,CAPACITY_EXCEEDED,INVALID
4384,2,62,99,29494,36094,0,CAPACITY_EXCEEDED,INVALID
4385,2,63,64,27825,34225,1,FEASIBLE,WORSE
4386,2,63,65,27968,34368,1,FEASIBLE,WORSE
4387,2,63,66,27816,34216,1,FEASIBLE,WORSE
4388,2,63,67,28028,34428,1,FEASIBLE,WORSE
4389,2,63,68,27837,34237,1,FEASIBLE,WORSE
4390,2,63,69,28122,34522,1,FEASIBLE,WORSE
4391,2,63,70,28223,34623,1,FEASIBLE,WORSE
4392,2,63,71,28226,34626,1,FEASIBLE,WORSE
4393,2,63,72,27800,34200,1,FEASIBLE,WORSE
4394,2,63,73,27756,34156,1,FEASIBLE,WORSE
4395,2,63,74,27936,34336,1,FEASIBLE,WORSE
4396,2,63,75,28323,34723,1,FEASIBLE,WORSE
4397,2,63,76,29171,35771,0,CAPACITY_EXCEEDED,INVALID
4398,2,63,77,29290,35890,0,CAPACITY_EXCEEDED,INVALID
4399,2,63,78,29337,35937,0,CAPACITY_EXCEEDED,INVALID
4400,2,63,79,29256,35856,0,CAPACITY_EXCEEDED,INVALID
4401,2,63,80,29312,35912,0,CAPACITY_EXCEEDED,INVALID
4402,2,63,81,29337,35937,0,CAPACITY_EXCEEDED,INVALID
4403,2,63,82,27872,34272,1,FEASIBLE,WORSE
4404,2,63,83,28021,34421,1,FEASIBLE,WORSE
4405,2,63,84,27707,34107,1,FEASIBLE,WORSE
4406,2,63,85,28137,34537,1,FEASIBLE,WORSE
4407,2,63,86,29225,35825,0,CAPACITY_EXCEEDED,INVALID
4408,2,63,87,29263,35863,0,CAPACITY_EXCEEDED,INVALID
4409,2,63,88,29309,35909,0,CAPACITY_EXCEEDED,INVALID
4410,2,63,89,27823,34223,1,FEASIBLE,WORSE
4411,2,63,90,29363,35963,0,CAPACITY_EXCEEDED,INVALID
4412,2,63,91,27833,34233,1,FEASIBLE,WORSE
4413,2,63,92,27962,34362,1,FEASIBLE,WORSE
4414,2,63,93,27752,34152,1,FEASIBLE,WORSE
4415,2,63,94,29410,36010,0,CAPACITY_EXCEEDED,INVALID
4416,2,63,95,29330,35930,0,CAPACITY_EXCEEDED,INVALID
4417,2,63,96,29207,35807,0,CAPACITY_EXCEEDED,INVALID
4418,2,63,97,28330,34730,1,FEASIBLE,WORSE
4419,2,63,98,27800,34200,1,FEASIBLE,WORSE
4420,2,63,99,27926,34326,1,FEASIBLE,WORSE
4421,2,64,65,27984,34384,1,FEASIBLE,WORSE
4422,2,64,66,27832,34232,1,FEASIBLE,WORSE
4423,2,64,67,28044,34444,1,FEASIBLE,WORSE
4424,2,64,68,27853,34253,1,FEASIBLE,WORSE
4425,2,64,69,28138,34538,1,FEASIBLE,WORSE
4426,2,64,70,28239,34639,1,FEASIBLE,WORSE
4427,2,64,71,28242,34642,1,FEASIBLE,WORSE
4428,2,64,72,27816,34216,1,FEASIBLE,WORSE
4429,2,64,73,27772,34172,1,FEASIBLE,WORSE
4430,2,64,74,27952,34352,1,FEASIBLE,WORSE
4431,2,64,75,28339,34739,1,FEASIBLE,WORSE
4432,2,64,76,29187,35787,0,CAPACITY_EXCEEDED,INVALID
4433,2,64,77,29306,35906,0,CAPACITY_EXCEEDED,INVALID
4434,2,64,78,29353,35953,0,CAPACITY_EXCEEDED,INVALID
4435,2,64,79,29272,35872,0,CAPACITY_EXCEEDED,INVALID
4436,2,64,80,29328,35928,0,CAPACITY_EXCEEDED,INVALID
4437,2,64,81,29353,35953,0,CAPACITY_EXCEEDED,INVALID
4438,2,64,82,27888,34288,1,FEASIBLE,WORSE
4439,2,64,83,28037,34437,1,FEASIBLE,WORSE
4440,2,64,84,27723,34123,1,FEASIBLE,WORSE
4441,2,64,85,28153,34553,1,FEASIBLE,WORSE
4442,2,64,86,29241,35841,0,CAPACITY_EXCEEDED,INVALID
4443,2,64,87,29279,35879,0,CAPACITY_EXCEEDED,INVALID
4444,2,64,88,29325,35925,0,CAPACITY_EXCEEDED,INVALID
4445,2,64,89,27839,34239,1,FEASIBLE,WORSE
4446,2,64,90,29379,35979,0,CAPACITY_EXCEEDED,INVALID
4447,2,64,91,27849,34249,1,FEASIBLE,WORSE
4448,2,64,92,27978,34378,1,FEASIBLE,WORSE
4449,2,64,93,27768,34168,1,FEASIBLE,WORSE
4450,2,64,94,29426,36026,0,CAPACITY_EXCEEDED,INVALID
4451,2,64,95,29346,35946,0,CAPACITY_EXCEEDED,INVALID
4452,2,64,96,29223,35823,0,CAPACITY_EXCEEDED,INVALID
4453,2,64,97,28346,34746,1,FEASIBLE,WORSE
4454,2,64,98,27816,34216,1,FEASIBLE,WORSE
4455,2,64,99,27942,34342,1,FEASIBLE,WORSE
4456,2,65,66,27975,34375,1,FEASIBLE,WORSE
4457,2,65,67,28187,34587,1,FEASIBLE,WORSE
4458,2,65,68,27996,34396,1,FEASIBLE,WORSE
4459,2,65,69,28281,34681,1,FEASIBLE,WORSE
4460,2,65,70,28382,34782,1,FEASIBLE,WORSE
4461,2,65,71,28385,34785,1,FEASIBLE,WORSE
4462,2,65,72,27959,34359,1,FEASIBLE,WORSE
4463,2,65,73,27915,34315,1,FEASIBLE,WORSE
4464,2,65,74,28095,34495,1,FEASIBLE,WORSE
4465,2,65,75,28482,34882,1,FEASIBLE,WORSE
4466,2,65,76,29330,35930,0,CAPACITY_EXCEEDED,INVALID
4467,2,65,77,29449,36049,0,CAPACITY_EXCEEDED,INVALID
4468,2,65,78,29496,36096,0,CAPACITY_EXCEEDED,INVALID
4469,2,65,79,29415,36015,0,CAPACITY_EXCEEDED,INVALID
4470,2,65,80,29471,36071,0,CAPACITY_EXCEEDED,INVALID
4471,2,65,81,29496,36096,0,CAPACITY_EXCEEDED,INVALID
4472,2,65,82,28031,34431,1,FEASIBLE,WORSE
4473,2,65,83,28180,34580,1,FEASIBLE,WORSE
4474,2,65,84,27866,34266,1,FEASIBLE,WORSE
4475,2,65,85,28296,34696,1,FEASIBLE,WORSE
4476,2,65,86,29384,35984,0,CAPACITY_EXCEEDED,INVALID
4477,2,65,87,29422,36022,0,CAPACITY_EXCEEDED,INVALID
4478,2,65,88,29468,36068,0,CAPACITY_EXCEEDED,INVALID
4479,2,65,89,27982,34382,1,FEASIBLE,WORSE
4480,2,65,90,29522,36122,0,CAPACITY_EXCEEDED,INVALID
4481,2,65,91,27992,34392,1,FEASIBLE,WORSE
4482,2,65,92,28121,34521,1,FEASIBLE,WORSE
4483,2,65,93,27911,34311,1,FEASIBLE,WORSE
4484,2,65,94,29569,36169,0,CAPACITY_EXCEEDED,INVALID
4485,2,65,95,29489,36089,0,CAPACITY_EXCEEDED,INVALID
4486,2,65,96,29366,35966,0,CAPACITY_EXCEEDED,INVALID
4487,2,65,97,28489,34889,1,FEASIBLE,WORSE
4488,2,65,98,27959,34359,1,FEASIBLE,WORSE
4489,2,65,99,28085,34485,1,FEASIBLE,WORSE
4490,2,66,67,28035,34435,1,FEASIBLE,WORSE
4491,2,66,68,27844,34244,1,FEASIBLE,WORSE
4492,2,66,69,28129,34529,1,FEASIBLE,WORSE
4493,2,66,70,28230,34630,1,FEASIBLE,WORSE
4494,2,66,71,28233,34633,1,FEASIBLE,WORSE
4495,2,66,72,27807,34207,1,FEASIBLE,WORSE
4496,2,66,73,27763,34163,1,FEASIBLE,WORSE
4497,2,66,74,27943,34343,1,FEASIBLE,WORSE
4498,2,66,75,28330,34730,1,FEASIBLE,WORSE
4499,2,66,76,29178,35778,0,CAPACITY_EXCEEDED,INVALID
4500,2,66,77,29297,35897,0,CAPACITY_EXCEEDED,INVALID
4501,2,66,78,29344,35944,0,CAPACITY_EXCEEDED,INVALID
4502,2,66,79,29263,35863,0,CAPACITY_EXCEEDED,INVALID
4503,2,66,80,29319,35919,0,CAPACITY_EXCEEDED,INVALID
4504,2,66,81,29344,35944,0,CAPACITY_EXCEEDED,INVALID
4505,2,66,82,27879,34279,1,FEASIBLE,WORSE
4506,2,66,83,28028,34428,1,FEASIBLE,WORSE
4507,2,66,84,27714,34114,1,FEASIBLE,WORSE
4508,2,66,85,28144,34544,1,FEASIBLE,WORSE
4509,2,66,86,29232,35832,0,CAPACITY_EXCEEDED,INVALID
4510,2,66,87,29270,35870,0,CAPACITY_EXCEEDED,INVALID
4511,2,66,88,29316,35916,0,CAPACITY_EXCEEDED,INVALID
4512,2,66,89,27830,34230,1,FEASIBLE,WORSE
4513,2,66,90,29370,35970,0,CAPACITY_EXCEEDED,INVALID
4514,2,66,91,27840,34240,1,FEASIBLE,WORSE
4515,2,66,92,27969,34369,1,FEASIBLE,WORSE
4516,2,66,93,27759,34159,1,FEASIBLE,WORSE
4517,2,66,94,29417,36017,0,CAPACITY_EXCEEDED,INVALID
4518,2,66,95,29337,35937,0,CAPACITY_EXCEEDED,INVALID
4519,2,66,96,29214,35814,0,CAPACITY_EXCEEDED,INVALID
4520,2,66,97,28337,34737,1,FEASIBLE,WORSE
4521,2,66,98,27807,34207,1,FEASIBLE,WORSE
4522,2,66,99,27933,34333,1,FEASIBLE,WORSE
4523,2,67,68,28056,34456,1,FEASIBLE,WORSE
4524,2,67,69,28341,34741,1,FEASIBLE,WORSE
4525,2,67,70,28442,34842,1,FEASIBLE,WORSE
4526,2,67,71,28445,34845,1,FEASIBLE,WORSE
4527,2,67,72,28019,34419,1,FEASIBLE,WORSE
4528,2,67,73,27975,34375,1,FEASIBLE,WORSE
4529,2,67,74,28155,34555,1,FEASIBLE,WORSE
4530,2,67,75,28542,34942,1,FEASIBLE,WORSE
4531,2,67,76,29390,35990,0,CAPACITY_EXCEEDED,INVALID
4532,2,67,77,29509,36109,0,CAPACITY_EXCEEDED,INVALID
4533,2,67,78,29556,36156,0,CAPACITY_EXCEEDED,INVALID
4534,2,67,79,29475,36075,0,CAPACITY_EXCEEDED,INVALID
4535,2,67,80,29531,36131,0,CAPACITY_EXCEEDED,INVALID
4536,2,67,81,29556,36156,0,CAPACITY_EXCEEDED,INVALID
4537,2,67,82,28091,34491,1,FEASIBLE,WORSE
4538,2,67,83,28240,34640,1,FEASIBLE,WORSE
4539,2,67,84,27926,34326,1,FEASIBLE,WORSE
4540,2,67,85,28356,34756,1,FEASIBLE,WORSE
4541,2,67,86,29444,36044,0,CAPACITY_EXCEEDED,INVALID
4542,2,67,87,29482,36082,0,CAPACITY_EXCEEDED,INVALID
4543,2,67,88,29528,36128,0,CAPACITY_EXCEEDED,INVALID
4544,2,67,89,28042,34442,1,FEASIBLE,WORSE
4545,2,67,90,29582,36182,0,CAPACITY_EXCEEDED,INVALID
4546,2,67,91,28052,34452,1,FEASIBLE,WORSE
4547,2,67,92,28181,34581,1,FEASIBLE,WORSE
4548,2,67,93,27971,34371,1,FEASIBLE,WORSE
4549,2,67,94,29629,36229,0,CAPACITY_EXCEEDED,INVALID
4550,2,67,95,29549,36149,0,CAPACITY_EXCEEDED,INVALID
4551,2,67,96,29426,36026,0,CAPACITY_EXCEEDED,INVALID
4552,2,67,97,28549,34949,1,FEASIBLE,WORSE
4553,2,67,98,28019,34419,1,FEASIBLE,WORSE
4554,2,67,99,28145,34545,1,FEASIBLE,WORSE
4555,2,68,69,28150,34550,1,FEASIBLE,WORSE
4556,2,68,70,28251,34651,1,FEASIBLE,WORSE
4557,2,68,71,28254,34654,1,FEASIBLE,WORSE
4558,2,68,72,27828,34228,1,FEASIBLE,WORSE
4559,2,68,73,27784,34184,1,FEASIBLE,WORSE
4560,2,68,74,27964,34364,1,FEASIBLE,WORSE
4561,2,68,75,28351,34751,1,FEASIBLE,WORSE
4562,2,68,76,29199,35799,0,CAPACITY_EXCEEDED,INVALID
4563,2,68,77,29318,35918,0,CAPACITY_EXCEEDED,INVALID
4564,2,68,78,29365,35965,0,CAPACITY_EXCEEDED,INVALID
4565,2,68,79,29284,35884,0,CAPACITY_EXCEEDED,INVALID
4566,2,68,80,29340,35940,0,CAPACITY_EXCEEDED,INVALID
4567,2,68,81,29365,35965,0,CAPACITY_EXCEEDED,INVALID
4568,2,68,82,27900,34300,1,FEASIBLE,WORSE
4569,2,68,83,28049,34449,1,FEASIBLE,WORSE
4570,2,68,84,27735,34135,1,FEASIBLE,WORSE
4571,2,68,85,28165,34565,1,FEASIBLE,WORSE
4572,2,68,86,29253,35853,0,CAPACITY_EXCEEDED,INVALID
4573,2,68,87,29291,35891,0,CAPACITY_EXCEEDED,INVALID
4574,2,68,88,29337,35937,0,CAPACITY_EXCEEDED,INVALID
4575,2,68,89,27851,34251,1,FEASIBLE,WORSE
4576,2,68,90,29391,35991,0,CAPACITY_EXCEEDED,INVALID
4577,2,68,91,27861,34261,1,FEASIBLE,WORSE
4578,2,68,92,27990,34390,1,FEASIBLE,WORSE
4579,2,68,93,27780,34180,1,FEASIBLE,WORSE
4580,2,68,94,29438,36038,0,CAPACITY_EXCEEDED,INVALID
4581,2,68,95,29358,35958,0,CAPACITY_EXCEEDED,INVALID
4582,2,68,96,29235,35835,0,CAPACITY_EXCEEDED,INVALID
4583,2,68,97,28358,34758,1,FEASIBLE,WORSE
4584,2,68,98,27828,34228,1,FEASIBLE,WORSE
4585,2,68,99,27954,34354,1,FEASIBLE,WORSE
4586,2,69,70,28536,34936,1,FEASIBLE,WORSE
4587,2,69,71,28539,34939,1,FEASIBLE,WORSE
4588,2,69,72,28113,34513,1,FEASIBLE,WORSE
4589,2,69,73,28069,34469,1,FEASIBLE,WORSE
4590,2,69,74,28249,34649,1,FEASIBLE,WORSE
4591,2,69,75,28636,35036,1,FEASIBLE,WORSE
4592,2,69,76,29484,36084,0,CAPACITY_EXCEEDED,INVALID
4593,2,69,77,29603,36203,0,CAPACITY_EXCEEDED,INVALID
4594,2,69,78,29650,36250,0,CAPACITY_EXCEEDED,INVALID
4595,2,69,79,29569,36169,0,CAPACITY_EXCEEDED,INVALID
4596,2,69,80,29625,36225,0,CAPACITY_EXCEEDED,INVALID
4597,2,69,81,29650,36250,0,CAPACITY_EXCEEDED,INVALID
4598,2,69,82,28185,34585,1,FEASIBLE,WORSE
4599,2,69,83,28334,34734,1,FEASIBLE,WORSE
4600,2,69,84,28020,34420,1,FEASIBLE,WORSE
4601,2,69,85,28450,34850,1,FEASIBLE,WORSE
4602,2,69,86,29538,36138,0,CAPACITY_EXCEEDED,INVALID
4603,2,69,87,29576,36176,0,CAPACITY_EXCEEDED,INVALID
4604,2,69,88,29622,36222,0,CAPACITY_EXCEEDED,INVALID
4605,2,69,89,28136,34536,1,FEASIBLE,WORSE
4606,2,69,90,29676,36276,0,CAPACITY_EXCEEDED,INVALID
4607,2,69,91,28146,34546,1,FEASIBLE,WORSE
4608,2,69,92,28275,34675,1,FEASIBLE,WORSE
4609,2,69,93,28065,34465,1,FEASIBLE,WORSE
4610,2,69,94,29723,36323,0,CAPACITY_EXCEEDED,INVALID
4611,2,69,95,29643,36243,0,CAPACITY_EXCEEDED,INVALID
4612,2,69,96,29520,36120,0,CAPACITY_EXCEEDED,INVALID
4613,2,69,97,28643,35043,1,FEASIBLE,WORSE
4614,2,69,98,28113,34513,1,FEASIBLE,WORSE
4615,2,69,99,28239,34639,1,FEASIBLE,WORSE
4616,2,70,71,28640,35040,1,FEASIBLE,WORSE
4617,2,70,72,28214,34614,1,FEASIBLE,WORSE
4618,2,70,73,28170,34570,1,FEASIBLE,WORSE
4619,2,70,74,28350,34750,1,FEASIBLE,WORSE
4620,2,70,75,28737,35137,1,FEASIBLE,WORSE
4621,2,70,76,29585,36185,0,CAPACITY_EXCEEDED,INVALID
4622,2,70,77,29704,36304,0,CAPACITY_EXCEEDED,INVALID
4623,2,70,78,29751,36351,0,CAPACITY_EXCEEDED,INVALID
4624,2,70,79,29670,36270,0,CAPACITY_EXCEEDED,INVALID
4625,2,70,80,29726,36326,0,CAPACITY_EXCEEDED,INVALID
4626,2,70,81,29751,36351,0,CAPACITY_EXCEEDED,INVALID
4627,2,70,82,28286,34686,1,FEASIBLE,WORSE
4628,2,70,83,28435,34835,1,FEASIBLE,WORSE
4629,2,70,84,28121,34521,1,FEASIBLE,WORSE
4630,2,70,85,28551,34951,1,FEASIBLE,WORSE
4631,2,70,86,29639,36239,0,CAPACITY_EXCEEDED,INVALID
4632,2,70,87,29677,36277,0,CAPACITY_EXCEEDED,INVALID
4633,2,70,88,29723,36323,0,CAPACITY_EXCEEDED,INVALID
4634,2,70,89,28237,34637,1,FEASIBLE,WORSE
4635,2,70,90,29777,36377,0,CAPACITY_EXCEEDED,INVALID
4636,2,70,91,28247,34647,1,FEASIBLE,WORSE
4637,2,70,92,28376,34776,1,FEASIBLE,WORSE
4638,2,70,93,28166,34566,1,FEASIBLE,WORSE
4639,2,70,94,29824,36424,0,CAPACITY_EXCEEDED,INVALID
4640,2,70,95,29744,36344,0,CAPACITY_EXCEEDED,INVALID
4641,2,70,96,29621,36221,0,CAPACITY_EXCEEDED,INVALID
4642,2,70,97,28744,35144,1,FEASIBLE,WORSE
4643,2,70,98,28214,34614,1,FEASIBLE,WORSE
4644,2,70,99,28340,34740,1,FEASIBLE,WORSE
4645,2,71,72,28217,34617,1,FEASIBLE,WORSE
4646,2,71,73,28173,34573,1,FEASIBLE,WORSE
4647,2,71,74,28353,34753,1,FEASIBLE,WORSE
4648,2,71,75,28740,35140,1,FEASIBLE,WORSE
4649,2,71,76,29588,36188,0,CAPACITY_EXCEEDED,INVALID
4650,2,71,77,29707,36307,0,CAPACITY_EXCEEDED,INVALID
4651,2,71,78,29754,36354,0,CAPACITY_EXCEEDED,INVALID
4652,2,71,79,29673,36273,0,CAPACITY_EXCEEDED,INVALID
4653,2,71,80,29729,36329,0,CAPACITY_EXCEEDED,INVALID
4654,2,71,81,29754,36354,0,CAPACITY_EXCEEDED,INVALID
4655,2,71,82,28289,34689,1,FEASIBLE,WORSE
4656,2,71,83,28438,34838,1,FEASIBLE,WORSE
4657,2,71,84,28124,34524,1,FEASIBLE,WORSE
4658,2,71,85,28554,34954,1,FEASIBLE,WORSE
4659,2,71,86,29642,36242,0,CAPACITY_EXCEEDED,INVALID
4660,2,71,87,29680,36280,0,CAPACITY_EXCEEDED,INVALID
4661,2,71,88,29726,36326,0,CAPACITY_EXCEEDED,INVALID
4662,2,71,89,28240,34640,1,FEASIBLE,WORSE
4663,2,71,90,29780,36380,0,CAPACITY_EXCEEDED,INVALID
4664,2,71,91,28250,34650,1,FEASIBLE,WORSE
4665,2,71,92,28379,34779,1,FEASIBLE,WORSE
4666,2,71,93,28169,34569,1,FEASIBLE,WORSE
4667,2,71,94,29827,36427,0,CAPACITY_EXCEEDED,INVALID
4668,2,71,95,29747,36347,0,CAPACITY_EXCEEDED,INVALID
4669,2,71,96,29624,36224,0,CAPACITY_EXCEEDED,INVALID
4670,2,71,97,28747,35147,1,FEASIBLE,WORSE
4671,2,71,98,28217,34617,1,FEASIBLE,WORSE
4672,2,71,99,28343,34743,1,FEASIBLE,WORSE
4673,2,72,73,27747,34147,1,FEASIBLE,WORSE
4674,2,72,74,27927,34327,1,FEASIBLE,WORSE
4675,2,72,75,28314,34714,1,FEASIBLE,WORSE
4676,2,72,76,29162,35762,0,CAPACITY_EXCEEDED,INVALID
4677,2,72,77,29281,35881,0,CAPACITY_EXCEEDED,INVALID
4678,2,72,78,29328,35928,0,CAPACITY_EXCEEDED,INVALID
4679,2,72,79,29247,35847,0,CAPACITY_EXCEEDED,INVALID
4680,2,72,80,29303,35903,0,CAPACITY_EXCEEDED,INVALID
4681,2,72,81,29328,35928,0,CAPACITY_EXCEEDED,INVALID
4682,2,72,82,27863,34263,1,FEASIBLE,WORSE
4683,2,72,83,28012,34412,1,FEASIBLE,WORSE
4684,2,72,84,27698,34098,1,FEASIBLE,WORSE
4685,2,72,85,28128,34528,1,FEASIBLE,WORSE
4686,2,72,86,29216,35816,0,CAPACITY_EXCEEDED,INVALID
4687,2,72,87,29254,35854,0,CAPACITY_EXCEEDED,INVALID
4688,2,72,88,29300,35900,0,CAPACITY_EXCEEDED,INVALID
4689,2,72,89,27814,34214,1,FEASIBLE,WORSE
4690,2,72,90,29354,35954,0,CAPACITY_EXCEEDED,INVALID
4691,2,72,91,27824,34224,1,FEASIBLE,WORSE
4692,2,72,92,27953,34353,1,FEASIBLE,WORSE
4693,2,72,93,27743,34143,1,FEASIBLE,WORSE
4694,2,72,94,29401,36001,0,CAPACITY_EXCEEDED,INVALID
4695,2,72,95,29321,35921,0,CAPACITY_EXCEEDED,INVALID
4696,2,72,96,29198,35798,0,CAPACITY_EXCEEDED,INVALID
4697,2,72,97,28321,34721,1,FEASIBLE,WORSE
4698,2,72,98,27791,34191,1,FEASIBLE,WORSE
4699,2,72,99,27917,34317,1,FEASIBLE,WORSE
4700,2,73,74,27883,34283,1,FEASIBLE,WORSE
4701,2,73,75,28270,34670,1,FEASIBLE,WORSE
4702,2,73,76,29118,35718,0,CAPACITY_EXCEEDED,INVALID
4703,2,73,77,29237,35837,0,CAPACITY_EXCEEDED,INVALID
4704,2,73,78,29284,35884,0,CAPACITY_EXCEEDED,INVALID
4705,2,73,79,29203,35803,0,CAPACITY_EXCEEDED,INVALID
4706,2,73,80,29259,35859,0,CAPACITY_EXCEEDED,INVALID
4707,2,73,81,29284,35884,0,CAPACITY_EXCEEDED,INVALID
4708,2,73,82,27819,34219,1,FEASIBLE,WORSE
4709,2,73,83,27968,34368,1,FEASIBLE,WORSE
4710,2,73,84,27654,34054,1,FEASIBLE,WORSE
4711,2,73,85,28084,34484,1,FEASIBLE,WORSE
4712,2,73,86,29172,35772,0,CAPACITY_EXCEEDED,INVALID
4713,2,73,87,29210,35810,0,CAPACITY_EXCEEDED,INVALID
4714,2,73,88,29256,35856,0,CAPACITY_EXCEEDED,INVALID
4715,2,73,89,27770,34170,1,FEASIBLE,WORSE
4716,2,73,90,29310,35910,0,CAPACITY_EXCEEDED,INVALID
4717,2,73,91,27780,34180,1,FEASIBLE,WORSE
4718,2,73,92,27909,34309,1,FEASIBLE,WORSE
4719,2,73,93,27699,34099,1,FEASIBLE,WORSE
4720,2,73,94,29357,35957,0,CAPACITY_EXCEEDED,INVALID
4721,2,73,95,29277,35877,0,CAPACITY_EXCEEDED,INVALID
4722,2,73,96,29154,35754,0,CAPACITY_EXCEEDED,INVALID
4723,2,73,97,28277,34677,1,FEASIBLE,WORSE
4724,2,73,98,27747,34147,1,FEASIBLE,WORSE
4725,2,73,99,27873,34273,1,FEASIBLE,WORSE
4726,2,74,75,28450,34850,1,FEASIBLE,WORSE
4727,2,74,76,29298,35898,0,CAPACITY_EXCEEDED,INVALID
4728,2,74,77,29417,36017,0,CAPACITY_EXCEEDED,INVALID
4729,2,74,78,29464,36064,0,CAPACITY_EXCEEDED,INVALID
4730,2,74,79,29383,35983,0,CAPACITY_EXCEEDED,INVALID
4731,2,74,80,29439,36039,0,CAPACITY_EXCEEDED,INVALID
4732,2,74,81,29464,36064,0,CAPACITY_EXCEEDED,INVALID
4733,2,74,82,27999,34399,1,FEASIBLE,WORSE
4734,2,74,83,28148,34548,1,FEASIBLE,WORSE
4735,2,74,84,27834,34234,1,FEASIBLE,WORSE
4736,2,74,85,28264,34664,1,FEASIBLE,WORSE
4737,2,74,86,29352,35952,0,CAPACITY_EXCEEDED,INVALID
4738,2,74,87,29390,35990,0,CAPACITY_EXCEEDED,INVALID
4739,2,74,88,29436,36036,0,CAPACITY_EXCEEDED,INVALID
4740,2,74,89,27950,34350,1,FEASIBLE,WORSE
4741,2,74,90,29490,36090,0,CAPACITY_EXCEEDED,INVALID
4742,2,74,91,27960,34360,1,FEASIBLE,WORSE
4743,2,74,92,28089,34489,1,FEASIBLE,WORSE
4744,2,74,93,27879,34279,1,FEASIBLE,WORSE
4745,2,74,94,29537,36137,0,CAPACITY_EXCEEDED,INVALID
4746,2,74,95,29457,36057,0,CAPACITY_EXCEEDED,INVALID
4747,2,74,96,29334,35934,0,CAPACITY_EXCEEDED,INVALID
4748,2,74,97,28457,34857,1,FEASIBLE,WORSE
4749,2,74,98,27927,34327,1,FEASIBLE,WORSE
4750,2,74,99,28053,34453,1,FEASIBLE,WORSE
4751,2,75,76,29685,36285,0,CAPACITY_EXCEEDED,INVALID
4752,2,75,77,29804,36404,0,CAPACITY_EXCEEDED,INVALID
4753,2,75,78,29851,36451,0,CAPACITY_EXCEEDED,INVALID
4754,2,75,79,29770,36370,0,CAPACITY_EXCEEDED,INVALID
4755,2,75,80,29826,36426,0,CAPACITY_EXCEEDED,INVALID
4756,2,75,81,29851,36451,0,CAPACITY_EXCEEDED,INVALID
4757,2,75,82,28386,34786,1,FEASIBLE,WORSE
4758,2,75,83,28535,34935,1,FEASIBLE,WORSE
4759,2,75,84,28221,34621,1,FEASIBLE,WORSE
4760,2,75,85,28651,35051,1,FEASIBLE,WORSE
4761,2,75,86,29739,36339,0,CAPACITY_EXCEEDED,INVALID
4762,2,75,87,29777,36377,0,CAPACITY_EXCEEDED,INVALID
4763,2,75,88,29823,36423,0,CAPACITY_EXCEEDED,INVALID
4764,2,75,89,28337,34737,1,FEASIBLE,WORSE
4765,2,75,90,29877,36477,0,CAPACITY_EXCEEDED,INVALID
4766,2,75,91,28347,34747,1,FEASIBLE,WORSE
4767,2,75,92,28476,34876,1,FEASIBLE,WORSE
4768,2,75,93,28266,34666,1,FEASIBLE,WORSE
4769,2,75,94,29924,36524,0,CAPACITY_EXCEEDED,INVALID
4770,2,75,95,29844,36444,0,CAPACITY_EXCEEDED,INVALID
4771,2,75,96,29721,36321,0,CAPACITY_EXCEEDED,INVALID
4772,2,75,97,28844,35244,1,FEASIBLE,WORSE
4773,2,75,98,28314,34714,1,FEASIBLE,WORSE
4774,2,75,99,28440,34840,1,FEASIBLE,WORSE
4775,2,76,77,30652,37452,0,CAPACITY_EXCEEDED,INVALID
4776,2,76,78,30699,37499,0,CAPACITY_EXCEEDED,INVALID
4777,2,76,79,30618,37418,0,CAPACITY_EXCEEDED,INVALID
4778,2,76,80,30674,37474,0,CAPACITY_EXCEEDED,INVALID
4779,2,76,81,30699,37499,0,CAPACITY_EXCEEDED,INVALID
4780,2,76,82,29234,35834,0,CAPACITY_EXCEEDED,INVALID
4781,2,76,83,29383,35983,0,CAPACITY_EXCEEDED,INVALID
4782,2,76,84,29069,35669,0,CAPACITY_EXCEEDED,INVALID
4783,2,76,85,29499,36099,0,CAPACITY_EXCEEDED,INVALID
4784,2,76,86,30587,37387,0,CAPACITY_EXCEEDED,INVALID
4785,2,76,87,30625,37425,0,CAPACITY_EXCEEDED,INVALID
4786,2,76,88,30671,37471,0,CAPACITY_EXCEEDED,INVALID
4787,2,76,89,29185,35785,0,CAPACITY_EXCEEDED,INVALID
4788,2,76,90,30725,37525,0,CAPACITY_EXCEEDED,INVALID
4789,2,76,91,29195,35795,0,CAPACITY_EXCEEDED,INVALID
4790,2,76,92,29324,35924,0,CAPACITY_EXCEEDED,INVALID
4791,2,76,93,29114,35714,0,CAPACITY_EXCEEDED,INVALID
4792,2,76,94,30772,37572,0,CAPACITY_EXCEEDED,INVALID
4793,2,76,95,30692,37492,0,CAPACITY_EXCEEDED,INVALID
4794,2,76,96,30569,37369,0,CAPACITY_EXCEEDED,INVALID
4795,2,76,97,29692,36292,0,CAPACITY_EXCEEDED,INVALID
4796,2,76,98,29162,35762,0,CAPACITY_EXCEEDED,INVALID
4797,2,76,99,29288,35888,0,CAPACITY_EXCEEDED,INVALID
4798,2,77,78,30818,37618,0,CAPACITY_EXCEEDED,INVALID
4799,2,77,79,30737,37537,0,CAPACITY_EXCEEDED,INVALID
4800,2,77,80,30793,37593,0,CAPACITY_EXCEEDED,INVALID
4801,2,77,81,30818,37618,0,CAPACITY_EXCEEDED,INVALID
4802,2,77,82,29353,35953,0,CAPACITY_EXCEEDED,INVALID
4803,2,77,83,29502,36102,0,CAPACITY_EXCEEDED,INVALID
4804,2,77,84,29188,35788,0,CAPACITY_EXCEEDED,INVALID
4805,2,77,85,29618,36218,0,CAPACITY_EXCEEDED,INVALID
4806,2,77,86,30706,37506,0,CAPACITY_EXCEEDED,INVALID
4807,2,77,87,30744,37544,0,CAPACITY_EXCEEDED,INVALID
4808,2,77,88,30790,37590,0,CAPACITY_EXCEEDED,INVALID
4809,2,77,89,29304,35904,0,CAPACITY_EXCEEDED,INVALID
4810,2,77,90,30844,37644,0,CAPACITY_EXCEEDED,INVALID
4811,2,77,91,29314,35914,0,CAPACITY_EXCEEDED,INVALID
4812,2,77,92,29443,36043,0,CAPACITY_EXCEEDED,INVALID
4813,2,77,93,29233,35833,0,CAPACITY_EXCEEDED,INVALID
4814,2,77,94,30891,37691,0,CAPACITY_EXCEEDED,INVALID
4815,2,77,95,30811,37611,0,CAPACITY_EXCEEDED,INVALID
4816,2,77,96,30688,37488,0,CAPACITY_EXCEEDED,INVALID
4817,2,77,97,29811,36411,0,CAPACITY_EXCEEDED,INVALID
4818,2,77,98,29281,35881,0,CAPACITY_EXCEEDED,INVALID
4819,2,77,99,29407,36007,0,CAPACITY_EXCEEDED,INVALID
4820,2,78,79,30784,37584,0,CAPACITY_EXCEEDED,INVALID
4821,2,78,80,30840,37640,0,CAPACITY_EXCEEDED,INVALID
4822,2,78,81,30865,37665,0,CAPACITY_EXCEEDED,INVALID
4823,2,78,82,29400,36000,0,CAPACITY_EXCEEDED,INVALID
4824,2,78,83,29549,36149,0,CAPACITY_EXCEEDED,INVALID
4825,2,78,84,29235,35835,0,CAPACITY_EXCEEDED,INVALID
4826,2,78,85,29665,36265,0,CAPACITY_EXCEEDED,INVALID
4827,2,78,86,30753,37553,0,CAPACITY_EXCEEDED,INVALID
4828,2,78,87,30791,37591,0,CAPACITY_EXCEEDED,INVALID
4829,2,78,88,30837,37637,0,CAPACITY_EXCEEDED,INVALID
4830,2,78,89,29351,35951,0,CAPACITY_EXCEEDED,INVALID
4831,2,78,90,30891,37691,0,CAPACITY_EXCEEDED,INVALID
4832,2,78,91,29361,35961,0,CAPACITY_EXCEEDED,INVALID
4833,2,78,92,29490,36090,0,CAPACITY_EXCEEDED,INVALID
4834,2,78,93,29280,35880,0,CAPACITY_EXCEEDED,INVALID
4835,2,78,94,30938,37738,0,CAPACITY_EXCEEDED,INVALID
4836,2,78,95,30858,37658,0,CAPACITY_EXCEEDED,INVALID
4837,2,78,96,30735,37535,0,CAPACITY_EXCEEDED,INVALID
4838,2,78,97,29858,36458,0,CAPACITY_EXCEEDED,INVALID
4839,2,78,98,29328,35928,0,CAPACITY_EXCEEDED,INVALID
4840,2,78,99,29454,36054,0,CAPACITY_EXCEEDED,INVALID
4841,2,79,80,30759,37559,0,CAPACITY_EXCEEDED,INVALID
4842,2,79,81,30784,37584,0,CAPACITY_EXCEEDED,INVALID
4843,2,79,82,29319,35919,0,CAPACITY_EXCEEDED,INVALID
4844,2,79,83,29468,36068,0,CAPACITY_EXCEEDED,INVALID
4845,2,79,84,29154,35754,0,CAPACITY_EXCEEDED,INVALID
4846,2,79,85,29584,36184,0,CAPACITY_EXCEEDED,INVALID
4847,2,79,86,30672,37472,0,CAPACITY_EXCEEDED,INVALID
4848,2,79,87,30710,37510,0,CAPACITY_EXCEEDED,INVALID
4849,2,79,88,30756,37556,0,CAPACITY_EXCEEDED,INVALID
4850,2,79,89,29270,35870,0,CAPACITY_EXCEEDED,INVALID
4851,2,79,90,30810,37610,0,CAPACITY_EXCEEDED,INVALID
4852,2,79,91,29280,35880,0,CAPACITY_EXCEEDED,INVALID
4853,2,79,92,29409,36009,0,CAPACITY_EXCEEDED,INVALID
4854,2,79,93,29199,35799,0,CAPACITY_EXCEEDED,INVALID
4855,2,79,94,30857,37657,0,CAPACITY_EXCEEDED,INVALID
4856,2,79,95,30777,37577,0,CAPACITY_EXCEEDED,INVALID
4857,2,79,96,30654,37454,0,CAPACITY_EXCEEDED,INVALID
4858,2,79,97,29777,36377,0,CAPACITY_EXCEEDED,INVALID
4859,2,79,98,29247,35847,0,CAPACITY_EXCEEDED,INVALID
4860,2,79,99,29373,35973,0,CAPACITY_EXCEEDED,INVALID
4861,2,80,81,30840,37640,0,CAPACITY_EXCEEDED,INVALID
4862,2,80,82,29375,35975,0,CAPACITY_EXCEEDED,INVALID
4863,2,80,83,29524,36124,0,CAPACITY_EXCEEDED,INVALID
4864,2,80,84,29210,35810,0,CAPACITY_EXCEEDED,INVALID
4865,2,80,85,29640,36240,0,CAPACITY_EXCEEDED,INVALID
4866,2,80,86,30728,37528,0,CAPACITY_EXCEEDED,INVALID
4867,2,80,87,30766,37566,0,CAPACITY_EXCEEDED,INVALID
4868,2,80,88,30812,37612,0,CAPACITY_EXCEEDED,INVALID
4869,2,80,89,29326,35926,0,CAPACITY_EXCEEDED,INVALID
4870,2,80,90,30866,37666,0,CAPACITY_EXCEEDED,INVALID
4871,2,80,91,29336,35936,0,CAPACITY_EXCEEDED,INVALID
4872,2,80,92,29465,36065,0,CAPACITY_EXCEEDED,INVALID
4873,2,80,93,29255,35855,0,CAPACITY_EXCEEDED,INVALID
4874,2,80,94,30913,37713,0,CAPACITY_EXCEEDED,INVALID
4875,2,80,95,30833,37633,0,CAPACITY_EXCEEDED,INVALID
4876,2,80,96,30710,37510,0,CAPACITY_EXCEEDED,INVALID
4877,2,80,97,29833,36433,0,CAPACITY_EXCEEDED,INVALID
4878,2,80,98,29303,35903,0,CAPACITY_EXCEEDED,INVALID
4879,2,80,99,29429,36029,0,CAPACITY_EXCEEDED,INVALID
4880,2,81,82,29400,36000,0,CAPACITY_EXCEEDED,INVALID
4881,2,81,83,29549,36149,0,CAPACITY_EXCEEDED,INVALID
4882,2,81,84,29235,35835,0,CAPACITY_EXCEEDED,INVALID
4883,2,81,85,29665,36265,0,CAPACITY_EXCEEDED,INVALID
4884,2,81,86,30753,37553,0,CAPACITY_EXCEEDED,INVALID
4885,2,81,87,30791,37591,0,CAPACITY_EXCEEDED,INVALID
4886,2,81,88,30837,37637,0,CAPACITY_EXCEEDED,INVALID
4887,2,81,89,29351,35951,0,CAPACITY_EXCEEDED,INVALID
4888,2,81,90,30891,37691,0,CAPACITY_EXCEEDED,INVALID
4889,2,81,91,29361,35961,0,CAPACITY_EXCEEDED,INVALID
4890,2,81,92,29490,36090,0,CAPACITY_EXCEEDED,INVALID
4891,2,81,93,29280,35880,0,CAPACITY_EXCEEDED,INVALID
4892,2,81,94,30938,37738,0,CAPACITY_EXCEEDED,INVALID
4893,2,81,95,30858,37658,0,CAPACITY_EXCEEDED,INVALID
4894,2,81,96,30735,37535,0,CAPACITY_EXCEEDED,INVALID
4895,2,81,97,29858,36458,0,CAPACITY_EXCEEDED,INVALID
4896,2,81,98,29328,35928,0,CAPACITY_EXCEEDED,INVALID
4897,2,81,99,29454,36054,0,CAPACITY_EXCEEDED,INVALID
4898,2,82,83,28084,34484,1,FEASIBLE,WORSE
4899,2,82,84,27770,34170,1,FEASIBLE,WORSE
4900,2,82,85,28200,34600,1,FEASIBLE,WORSE
4901,2,82,86,29288,35888,0,CAPACITY_EXCEEDED,INVALID
4902,2,82,87,29326,35926,0,CAPACITY_EXCEEDED,INVALID
4903,2,82,88,29372,35972,0,CAPACITY_EXCEEDED,INVALID
4904,2,82,89,27886,34286,1,FEASIBLE,WORSE
4905,2,82,90,29426,36026,0,CAPACITY_EXCEEDED,INVALID
4906,2,82,91,27896,34296,1,FEASIBLE,WORSE
4907,2,82,92,28025,34425,1,FEASIBLE,WORSE
4908,2,82,93,27815,34215,1,FEASIBLE,WORSE
4909,2,82,94,29473,36073,0,CAPACITY_EXCEEDED,INVALID
4910,2,82,95,29393,35993,0,CAPACITY_EXCEEDED,INVALID
4911,2,82,96,29270,35870,0,CAPACITY_EXCEEDED,INVALID
4912,2,82,97,28393,34793,1,FEASIBLE,WORSE
4913,2,82,98,27863,34263,1,FEASIBLE,WORSE
4914,2,82,99,27989,34389,1,FEASIBLE,WORSE
4915,2,83,84,27919,34319,1,FEASIBLE,WORSE
4916,2,83,85,28349,34749,1,FEASIBLE,WORSE
4917,2,83,86,29437,36037,0,CAPACITY_EXCEEDED,INVALID
4918,2,83,87,29475,36075,0,CAPACITY_EXCEEDED,INVALID
4919,2,83,88,29521,36121,0,CAPACITY_EXCEEDED,INVALID
4920,2,83,89,28035,34435,1,FEASIBLE,WORSE
4921,2,83,90,29575,36175,0,CAPACITY_EXCEEDED,INVALID
4922,2,83,91,28045,34445,1,FEASIBLE,WORSE
4923,2,83,92,28174,34574,1,FEASIBLE,WORSE
4924,2,83,93,27964,34364,1,FEASIBLE,WORSE
4925,2,83,94,29622,36222,0,CAPACITY_EXCEEDED,INVALID
4926,2,83,95,29542,36142,0,CAPACITY_EXCEEDED,INVALID
4927,2,83,96,29419,36019,0,CAPACITY_EXCEEDED,INVALID
4928,2,83,97,28542,34942,1,FEASIBLE,WORSE
4929,2,83,98,28012,34412,1,FEASIBLE,WORSE
4930,2,83,99,28138,34538,1,FEASIBLE,WORSE
4931,2,84,85,28035,34435,1,FEASIBLE,WORSE
4932,2,84,86,29123,35723,0,CAPACITY_EXCEEDED,INVALID
4933,2,84,87,29161,35761,0,CAPACITY_EXCEEDED,INVALID
4934,2,84,88,29207,35807,0,CAPACITY_EXCEEDED,INVALID
4935,2,84,89,27721,34121,1,FEASIBLE,WORSE
4936,2,84,90,29261,35861,0,CAPACITY_EXCEEDED,INVALID
4937,2,84,91,27731,34131,1,FEASIBLE,WORSE
4938,2,84,92,27860,34260,1,FEASIBLE,WORSE
4939,2,84,93,27650,34050,1,FEASIBLE,WORSE
4940,2,84,94,29308,35908,0,CAPACITY_EXCEEDED,INVALID
4941,2,84,95,29228,35828,0,CAPACITY_EXCEEDED,INVALID
4942,2,84,96,29105,35705,0,CAPACITY_EXCEEDED,INVALID
4943,2,84,97,28228,34628,1,FEASIBLE,WORSE
4944,2,84,98,27698,34098,1,FEASIBLE,WORSE
4945,2,84,99,27824,34224,1,FEASIBLE,WORSE
4946,2,85,86,29553,36153,0,CAPACITY_EXCEEDED,INVALID
4947,2,85,87,29591,36191,0,CAPACITY_EXCEEDED,INVALID
4948,2,85,88,29637,36237,0,CAPACITY_EXCEEDED,INVALID
4949,2,85,89,28151,34551,1,FEASIBLE,WORSE
4950,2,85,90,29691,36291,0,CAPACITY_EXCEEDED,INVALID
4951,2,85,91,28161,34561,1,FEASIBLE,WORSE
4952,2,85,92,28290,34690,1,FEASIBLE,WORSE
4953,2,85,93,28080,34480,1,FEASIBLE,WORSE
4954,2,85,94,29738,36338,0,CAPACITY_EXCEEDED,INVALID
4955,2,85,95,29658,36258,0,CAPACITY_EXCEEDED,INVALID
4956,2,85,96,29535,36135,0,CAPACITY_EXCEEDED,INVALID
4957,2,85,97,28658,35058,1,FEASIBLE,WORSE
4958,2,85,98,28128,34528,1,FEASIBLE,WORSE
4959,2,85,99,28254,34654,1,FEASIBLE,WORSE
4960,2,86,87,30679,37479,0,CAPACITY_EXCEEDED,INVALID
4961,2,86,88,30725,37525,0,CAPACITY_EXCEEDED,INVALID
4962,2,86,89,29239,35839,0,CAPACITY_EXCEEDED,INVALID
4963,2,86,90,30779,37579,0,CAPACITY_EXCEEDED,INVALID
4964,2,86,91,29249,35849,0,CAPACITY_EXCEEDED,INVALID
4965,2,86,92,29378,35978,0,CAPACITY_EXCEEDED,INVALID
4966,2,86,93,29168,35768,0,CAPACITY_EXCEEDED,INVALID
4967,2,86,94,30826,37626,0,CAPACITY_EXCEEDED,INVALID
4968,2,86,95,30746,37546,0,CAPACITY_EXCEEDED,INVALID
4969,2,86,96,30623,37423,0,CAPACITY_EXCEEDED,INVALID
4970,2,86,97,29746,36346,0,CAPACITY_EXCEEDED,INVALID
4971,2,86,98,29216,35816,0,CAPACITY_EXCEEDED,INVALID
4972,2,86,99,29342,35942,0,CAPACITY_EXCEEDED,INVALID
4973,2,87,88,30763,37563,0,CAPACITY_EXCEEDED,INVALID
4974,2,87,89,29277,35877,0,CAPACITY_EXCEEDED,INVALID
4975,2,87,90,30817,37617,0,CAPACITY_EXCEEDED,INVALID
4976,2,87,91,29287,35887,0,CAPACITY_EXCEEDED,INVALID
4977,2,87,92,29416,36016,0,CAPACITY_EXCEEDED,INVALID
4978,2,87,93,29206,35806,0,CAPACITY_EXCEEDED,INVALID
4979,2,87,94,30864,37664,0,CAPACITY_EXCEEDED,INVALID
4980,2,87,95,30784,37584,0,CAPACITY_EXCEEDED,INVALID
4981,2,87,96,30661,37461,0,CAPACITY_EXCEEDED,INVALID
4982,2,87,97,29784,36384,0,CAPACITY_EXCEEDED,INVALID
4983,2,87,98,29254,35854,0,CAPACITY_EXCEEDED,INVALID
4984,2,87,99,29380,35980,0,CAPACITY_EXCEEDED,INVALID
4985,2,88,89,29323,35923,0,CAPACITY_EXCEEDED,INVALID
4986,2,88,90,30863,37663,0,CAPACITY_EXCEEDED,INVALID
4987,2,88,91,29333,35933,0,CAPACITY_EXCEEDED,INVALID
4988,2,88,92,29462,36062,0,CAPACITY_EXCEEDED,INVALID
4989,2,88,93,29252,35852,0,CAPACITY_EXCEEDED,INVALID
4990,2,88,94,30910,37710,0,CAPACITY_EXCEEDED,INVALID
4991,2,88,95,30830,37630,0,CAPACITY_EXCEEDED,INVALID
4992,2,88,96,30707,37507,0,CAPACITY_EXCEEDED,INVALID
4993,2,88,97,29830,36430,0,CAPACITY_EXCEEDED,INVALID
4994,2,88,98,29300,35900,0,CAPACITY_EXCEEDED,INVALID
4995,2,88,99,29426,36026,0,CAPACITY_EXCEEDED,INVALID
4996,2,89,90,29377,35977,0,CAPACITY_EXCEEDED,INVALID
4997,2,89,91,27847,34247,1,FEASIBLE,WORSE
4998,2,89,92,27976,34376,1,FEASIBLE,WORSE
4999,2,89,93,27766,34166,1,FEASIBLE,WORSE
5000,2,89,94,29424,36024,0,CAPACITY_EXCEEDED,INVALID
5001,2,89,95,29344,35944,0,CAPACITY_EXCEEDED,INVALID
5002,2,89,96,29221,35821,0,CAPACITY_EXCEEDED,INVALID
5003,2,89,97,28344,34744,1,FEASIBLE,WORSE
5004,2,89,98,27814,34214,1,FEASIBLE,WORSE
5005,2,89,99,27940,34340,1,FEASIBLE,WORSE
5006,2,90,91,29387,35987,0,CAPACITY_EXCEEDED,INVALID
5007,2,90,92,29516,36116,0,CAPACITY_EXCEEDED,INVALID
5008,2,90,93,29306,35906,0,CAPACITY_EXCEEDED,INVALID
5009,2,90,94,30964,37764,0,CAPACITY_EXCEEDED,INVALID
5010,2,90,95,30884,37684,0,CAPACITY_EXCEEDED,INVALID
5011,2,90,96,30761,37561,0,CAPACITY_EXCEEDED,INVALID
5012,2,90,97,29884,36484,0,CAPACITY_EXCEEDED,INVALID
5013,2,90,98,29354,35954,0,CAPACITY_EXCEEDED,INVALID
5014,2,90,99,29480,36080,0,CAPACITY_EXCEEDED,INVALID
5015,2,91,92,27986,34386,1,FEASIBLE,WORSE
5016,2,91,93,27776,34176,1,FEASIBLE,WORSE
5017,2,91,94,29434,36034,0,CAPACITY_EXCEEDED,INVALID
5018,2,91,95,29354,35954,0,CAPACITY_EXCEEDED,INVALID
5019,2,91,96,29231,35831,0,CAPACITY_EXCEEDED,INVALID
5020,2,91,97,28354,34754,1,FEASIBLE,WORSE
5021,2,91,98,27824,34224,1,FEASIBLE,WORSE
5022,2,91,99,27950,34350,1,FEASIBLE,WORSE
5023,2,92,93,27905,34305,1,FEASIBLE,WORSE
5024,2,92,94,29563,36163,0,CAPACITY_EXCEEDED,INVALID
5025,2,92,95,29483,36083,0,CAPACITY_EXCEEDED,INVALID
5026,2,92,96,29360,35960,0,CAPACITY_EXCEEDED,INVALID
5027,2,92,97,28483,34883,1,FEASIBLE,WORSE
5028,2,92,98,27953,34353,1,FEASIBLE,WORSE
5029,2,92,99,28079,34479,1,FEASIBLE,WORSE
5030,2,93,94,29353,35953,0,CAPACITY_EXCEEDED,INVALID
5031,2,93,95,29273,35873,0,CAPACITY_EXCEEDED,INVALID
5032,2,93,96,29150,35750,0,CAPACITY_EXCEEDED,INVALID
5033,2,93,97,28273,34673,1,FEASIBLE,WORSE
5034,2,93,98,27743,34143,1,FEASIBLE,WORSE
5035,2,93,99,27869,34269,1,FEASIBLE,WORSE
5036,2,94,95,30931,37731,0,CAPACITY_EXCEEDED,INVALID
5037,2,94,96,30808,37608,0,CAPACITY_EXCEEDED,INVALID
5038,2,94,97,29931,36531,0,CAPACITY_EXCEEDED,INVALID
5039,2,94,98,29401,36001,0,CAPACITY_EXCEEDED,INVALID
5040,2,94,99,29527,36127,0,CAPACITY_EXCEEDED,INVALID
5041,2,95,96,30728,37528,0,CAPACITY_EXCEEDED,INVALID
5042,2,95,97,29851,36451,0,CAPACITY_EXCEEDED,INVALID
5043,2,95,98,29321,35921,0,CAPACITY_EXCEEDED,INVALID
5044,2,95,99,29447,36047,0,CAPACITY_EXCEEDED,INVALID
5045,2,96,97,29728,36328,0,CAPACITY_EXCEEDED,INVALID
5046,2,96,98,29198,35798,0,CAPACITY_EXCEEDED,INVALID
5047,2,96,99,29324,35924,0,CAPACITY_EXCEEDED,INVALID
5048,2,97,98,28321,34721,1,FEASIBLE,WORSE
5049,2,97,99,28447,34847,1,FEASIBLE,WORSE
5050,2,98,99,27917,34317,1,FEASIBLE,WORSE
