neighbor_index,distance,flip_i,flip_j,weight,profit,feasible,reason,comparison
1,1,0,,22632,40914,1,FEASIBLE,WORSE
2,1,1,,21818,40201,1,FEASIBLE,WORSE
3,1,2,,22119,40285,1,FEASIBLE,WORSE
4,1,3,,22489,40793,1,FEASIBLE,WORSE
5,1,4,,22184,40553,1,FEASIBLE,WORSE
6,1,5,,22204,40599,1,FEASIBLE,WORSE
7,1,6,,22332,40397,1,FEASIBLE,WORSE
8,1,7,,22342,40260,1,FEASIBLE,WORSE
9,1,8,,23228,41143,0,CAPACITY_EXCEEDED,INVALID
10,1,9,,23313,41078,0,CAPACITY_EXCEEDED,INVALID
11,1,10,,22076,40213,1,FEASIBLE,WORSE
12,1,11,,22230,40616,1,FEASIBLE,WORSE
13,1,12,,22661,40286,1,FEASIBLE,WORSE
14,1,13,,22919,41052,0,CAPACITY_EXCEEDED,INVALID
15,1,14,,22511,40603,1,FEASIBLE,WORSE
16,1,15,,22104,40327,1,FEASIBLE,WORSE
17,1,16,,23551,41278,0,CAPACITY_EXCEEDED,INVALID
18,1,17,,21890,40103,1,FEASIBLE,WORSE
19,1,18,,21891,40147,1,FEASIBLE,WORSE
20,1,19,,23506,41080,0,CAPACITY_EXCEEDED,INVALID
21,1,20,,22945,41075,0,CAPACITY_EXCEEDED,INVALID
22,1,21,,23531,41591,0,CAPACITY_EXCEEDED,INVALID
23,1,22,,22015,40109,1,FEASIBLE,WORSE
24,1,23,,22605,40667,1,FEASIBLE,WORSE
25,1,24,,22672,40832,1,FEASIBLE,WORSE
26,1,25,,22674,40626,1,FEASIBLE,WORSE
27,1,26,,23445,41079,0,CAPACITY_EXCEEDED,INVALID
28,1,27,,22439,40827,1,FEASIBLE,WORSE
29,1,28,,22579,40611,1,FEASIBLE,WORSE
30,1,29,,23314,41545,0,CAPACITY_EXCEEDED,INVALID
31,1,30,,23034,41283,0,CAPACITY_EXCEEDED,INVALID
32,1,31,,22619,40818,1,FEASIBLE,WORSE
33,1,32,,22529,40830,1,FEASIBLE,WORSE
34,1,33,,22161,40589,1,FEASIBLE,WORSE
35,1,34,,22520,40759,1,FEASIBLE,WORSE
36,1,35,,22962,41071,0,CAPACITY_EXCEEDED,INVALID
37,1,36,,21977,40211,1,FEASIBLE,WORSE
38,1,37,,22234,40492,1,FEASIBLE,WORSE
39,1,38,,22366,40406,1,FEASIBLE,WORSE
40,1,39,,23163,41235,0,CAPACITY_EXCEEDED,INVALID
41,1,40,,22665,40056,1,FEASIBLE,WORSE
42,1,41,,22302,40189,1,FEASIBLE,WORSE
43,1,42,,23110,41170,0,CAPACITY_EXCEEDED,INVALID
44,1,43,,22500,40716,1,FEASIBLE,WORSE
45,1,44,,22580,40327,1,FEASIBLE,WORSE
46,1,45,,23589,41761,0,CAPACITY_EXCEEDED,INVALID
47,1,46,,22178,40112,1,FEASIBLE,WORSE
48,1,47,,22479,40626,1,FEASIBLE,WORSE
49,1,48,,22083,40218,1,FEASIBLE,WORSE
50,1,49,,23507,41720,0,CAPACITY_EXCEEDED,INVALID
51,1,50,,22668,40745,1,FEASIBLE,WORSE
52,1,51,,22671,40461,1,FEASIBLE,WORSE
53,1,52,,22542,40166,1,FEASIBLE,WORSE
54,1,53,,21970,40202,1,FEASIBLE,WORSE
55,1,54,,22528,40543,1,FEASIBLE,WORSE
56,1,55,,23394,41639,0,CAPACITY_EXCEEDED,INVALID
57,1,56,,23368,41084,0,CAPACITY_EXCEEDED,INVALID
58,1,57,,23234,41292,0,CAPACITY_EXCEEDED,INVALID
59,1,58,,22468,40251,1,FEASIBLE,WORSE
60,1,59,,23665,41464,0,CAPACITY_EXCEEDED,INVALID
61,1,60,,23487,41223,0,CAPACITY_EXCEEDED,INVALID
62,1,61,,22172,40500,1,FEASIBLE,WORSE
63,1,62,,22465,40345,1,FEASIBLE,WORSE
64,1,63,,22040,40374,1,FEASIBLE,WORSE
65,1,64,,22294,40674,1,FEASIBLE,WORSE
66,1,65,,23265,41488,0,CAPACITY_EXCEEDED,INVALID
67,1,66,,22367,40540,1,FEASIBLE,WORSE
68,1,67,,22058,40270,1,FEASIBLE,WORSE
69,1,68,,22630,40528,1,FEASIBLE,WORSE
70,1,69,,22390,40655,1,FEASIBLE,WORSE
71,1,70,,23657,41539,0,CAPACITY_EXCEEDED,INVALID
72,1,71,,23565,41079,0,CAPACITY_EXCEEDED,INVALID
73,1,72,,22996,41093,0,CAPACITY_EXCEEDED,INVALID
74,1,73,,23548,41753,0,CAPACITY_EXCEEDED,INVALID
75,1,74,,22378,40065,1,FEASIBLE,WORSE
76,1,75,,23629,41643,0,CAPACITY_EXCEEDED,INVALID
77,1,76,,23433,41443,0,CAPACITY_EXCEEDED,INVALID
78,1,77,,23106,41220,0,CAPACITY_EXCEEDED,INVALID
79,1,78,,22436,40546,1,FEASIBLE,WORSE
80,1,79,,22680,40066,1,FEASIBLE,WORSE
81,1,80,,21810,40278,1,FEASIBLE,WORSE
82,1,81,,22651,40509,1,FEASIBLE,WORSE
83,1,82,,21869,40188,1,FEASIBLE,WORSE
84,1,83,,23652,41282,0,CAPACITY_EXCEEDED,INVALID
85,1,84,,22118,40535,1,FEASIBLE,WORSE
86,1,85,,22517,40096,1,FEASIBLE,WORSE
87,1,86,,23557,41627,0,CAPACITY_EXCEEDED,INVALID
88,1,87,,23663,41509,0,CAPACITY_EXCEEDED,INVALID
89,1,88,,23394,41319,0,CAPACITY_EXCEEDED,INVALID
90,1,89,,22180,40501,1,FEASIBLE,WORSE
91,1,90,,22311,40091,1,FEASIBLE,WORSE
92,1,91,,23036,41055,0,CAPACITY_EXCEEDED,INVALID
93,1,92,,22483,40265,1,FEASIBLE,WORSE
94,1,93,,22014,40228,1,FEASIBLE,WORSE
95,1,94,,22256,40162,1,FEASIBLE,WORSE
96,1,95,,22494,40308,1,FEASIBLE,WORSE
97,1,96,,22584,40239,1,FEASIBLE,WORSE
98,1,97,,23355,41568,0,CAPACITY_EXCEEDED,INVALID
99,1,98,,22392,40487,1,FEASIBLE,WORSE
100,1,99,,23189,41476,0,CAPACITY_EXCEEDED,INVALID
101,2,0,1,21761,40066,1,FEASIBLE,WORSE
102,2,0,2,22062,40150,1,FEASIBLE,WORSE
103,2,0,3,22432,40658,1,FEASIBLE,WORSE
104,2,0,4,22127,40418,1,FEASIBLE,WORSE
105,2,0,5,22147,40464,1,FEASIBLE,WORSE
106,2,0,6,22275,40262,1,FEASIBLE,WORSE
107,2,0,7,22285,40125,1,FEASIBLE,WORSE
108,2,0,8,23171,41008,0,CAPACITY_EXCEEDED,INVALID
109,2,0,9,23256,40943,0,CAPACITY_EXCEEDED,INVALID
110,2,0,10,22019,40078,1,FEASIBLE,WORSE
111,2,0,11,22173,40481,1,FEASIBLE,WORSE
112,2,0,12,22604,40151,1,FEASIBLE,WORSE
113,2,0,13,22862,40917,0,CAPACITY_EXCEEDED,INVALID
114,2,0,14,22454,40468,1,FEASIBLE,WORSE
115,2,0,15,22047,40192,1,FEASIBLE,WORSE
116,2,0,16,23494,41143,0,CAPACITY_EXCEEDED,INVALID
117,2,0,17,21833,39968,1,FEASIBLE,WORSE
118,2,0,18,21834,40012,1,FEASIBLE,WORSE
119,2,0,19,23449,40945,0,CAPACITY_EXCEEDED,INVALID
120,2,0,20,22888,40940,0,CAPACITY_EXCEEDED,INVALID
121,2,0,21,23474,41456,0,CAPACITY_EXCEEDED,INVALID
122,2,0,22,21958,39974,1,FEASIBLE,WORSE
123,2,0,23,22548,40532,1,FEASIBLE,WORSE
124,2,0,24,22615,40697,1,FEASIBLE,WORSE
125,2,0,25,22617,40491,1,FEASIBLE,WORSE
126,2,0,26,23388,40944,0,CAPACITY_EXCEEDED,INVALID
127,2,0,27,22382,40692,1,FEASIBLE,WORSE
128,2,0,28,22522,40476,1,FEASIBLE,WORSE
129,2,0,29,23257,41410,0,CAPACITY_EXCEEDED,INVALID
130,2,0,30,22977,41148,0,CAPACITY_EXCEEDED,INVALID
131,2,0,31,22562,40683,1,FEASIBLE,WORSE
132,2,0,32,22472,40695,1,FEASIBLE,WORSE
133,2,0,33,22104,40454,1,FEASIBLE,WORSE
134,2,0,34,22463,40624,1,FEASIBLE,WORSE
135,2,0,35,22905,40936,0,CAPACITY_EXCEEDED,INVALID
136,2,0,36,21920,40076,1,FEASIBLE,WORSE
137,2,0,37,22177,40357,1,FEASIBLE,WORSE
138,2,0,38,22309,40271,1,FEASIBLE,WORSE
139,2,0,39,23106,41100,0,CAPACITY_EXCEEDED,INVALID
140,2,0,40,22608,39921,1,FEASIBLE,WORSE
141,2,0,41,22245,40054,1,FEASIBLE,WORSE
142,2,0,42,23053,41035,0,CAPACITY_EXCEEDED,INVALID
143,2,0,43,22443,40581,1,FEASIBLE,WORSE
144,2,0,44,22523,40192,1,FEASIBLE,WORSE
145,2,0,45,23532,41626,0,CAPACITY_EXCEEDED,INVALID
146,2,0,46,22121,39977,1,FEASIBLE,WORSE
147,2,0,47,22422,40491,1,FEASIBLE,WORSE
148,2,0,48,22026,40083,1,FEASIBLE,WORSE
149,2,0,49,23450,41585,0,CAPACITY_EXCEEDED,INVALID
150,2,0,50,22611,40610,1,FEASIBLE,WORSE
151,2,0,51,22614,40326,1,FEASIBLE,WORSE
152,2,0,52,22485,40031,1,FEASIBLE,WORSE
153,2,0,53,21913,40067,1,FEASIBLE,WORSE
154,2,0,54,22471,40408,1,FEASIBLE,WORSE
155,2,0,55,23337,41504,0,CAPACITY_EXCEEDED,INVALID
156,2,0,56,23311,40949,0,CAPACITY_EXCEEDED,INVALID
157,2,0,57,23177,41157,0,CAPACITY_EXCEEDED,INVALID
158,2,0,58,22411,40116,1,FEASIBLE,WORSE
159,2,0,59,23608,41329,0,CAPACITY_EXCEEDED,INVALID
160,2,0,60,23430,41088,0,CAPACITY_EXCEEDED,INVALID
161,2,0,61,22115,40365,1,FEASIBLE,WORSE
162,2,0,62,22408,40210,1,FEASIBLE,WORSE
163,2,0,63,21983,40239,1,FEASIBLE,WORSE
164,2,0,64,22237,40539,1,FEASIBLE,WORSE
165,2,0,65,23208,41353,0,CAPACITY_EXCEEDED,INVALID
166,2,0,66,22310,40405,1,FEASIBLE,WORSE
167,2,0,67,22001,40135,1,FEASIBLE,WORSE
168,2,0,68,22573,40393,1,FEASIBLE,WORSE
169,2,0,69,22333,40520,1,FEASIBLE,WORSE
170,2,0,70,23600,41404,0,CAPACITY_EXCEEDED,INVALID
171,2,0,71,23508,40944,0,CAPACITY_EXCEEDED,INVALID
172,2,0,72,22939,40958,0,CAPACITY_EXCEEDED,INVALID
173,2,0,73,23491,41618,0,CAPACITY_EXCEEDED,INVALID
174,2,0,74,22321,39930,1,FEASIBLE,WORSE
175,2,0,75,23572,41508,0,CAPACITY_EXCEEDED,INVALID
176,2,0,76,23376,41308,0,CAPACITY_EXCEEDED,INVALID
177,2,0,77,23049,41085,0,CAPACITY_EXCEEDED,INVALID
178,2,0,78,22379,40411,1,FEASIBLE,WORSE
179,2,0,79,22623,39931,1,FEASIBLE,WORSE
180,2,0,80,21753,40143,1,FEASIBLE,WORSE
181,2,0,81,22594,40374,1,FEASIBLE,WORSE
182,2,0,82,21812,40053,1,FEASIBLE,WORSE
183,2,0,83,23595,41147,0,CAPACITY_EXCEEDED,INVALID
184,2,0,84,22061,40400,1,FEASIBLE,WORSE
185,2,0,85,22460,39961,1,FEASIBLE,WORSE
186,2,0,86,23500,41492,0,CAPACITY_EXCEEDED,INVALID
187,2,0,87,23606,41374,0,CAPACITY_EXCEEDED,INVALID
188,2,0,88,23337,41184,0,CAPACITY_EXCEEDED,INVALID
189,2,0,89,22123,40366,1,FEASIBLE,WORSE
190,2,0,90,22254,39956,1,FEASIBLE,WORSE
191,2,0,91,22979,40920,0,CAPACITY_EXCEEDED,INVALID
192,2,0,92,22426,40130,1,FEASIBLE,WORSE
193,2,0,93,21957,40093,1,FEASIBLE,WORSE
194,2,0,94,22199,40027,1,FEASIBLE,WORSE
195,2,0,95,22437,40173,1,FEASIBLE,WORSE
196,2,0,96,22527,40104,1,FEASIBLE,WORSE
197,2,0,97,23298,41433,0,CAPACITY_EXCEEDED,INVALID
198,2,0,98,22335,40352,1,FEASIBLE,WORSE
199,2,0,99,23132,41341,0,CAPACITY_EXCEEDED,INVALID
200,2,1,2,21248,39437,1,FEASIBLE,WORSE
201,2,1,3,21618,39945,1,FEASIBLE,WORSE
202,2,1,4,21313,39705,1,FEASIBLE,WORSE
203,2,1,5,21333,39751,1,FEASIBLE,WORSE
204,2,1,6,21461,39549,1,FEASIBLE,WORSE
205,2,1,7,21471,39412,1,FEASIBLE,WORSE
206,2,1,8,22357,40295,1,FEASIBLE,WORSE
207,2,1,9,22442,40230,1,FEASIBLE,WORSE
208,2,1,10,21205,39365,1,FEASIBLE,WORSE
209,2,1,11,21359,39768,1,FEASIBLE,WORSE
210,2,1,12,21790,39438,1,FEASIBLE,WORSE
211,2,1,13,22048,40204,1,FEASIBLE,WORSE
212,2,1,14,21640,39755,1,FEASIBLE,WORSE
213,2,1,15,21233,39479,1,FEASIBLE,WORSE
214,2,1,16,22680,40430,1,FEASIBLE,WORSE
215,2,1,17,21019,39255,1,FEASIBLE,WORSE
216,2,1,18,21020,39299,1,FEASIBLE,WORSE
217,2,1,19,22635,40232,1,FEASIBLE,WORSE
218,2,1,20,22074,40227,1,FEASIBLE,WORSE
219,2,1,21,22660,40743,1,FEASIBLE,WORSE
220,2,1,22,21144,39261,1,FEASIBLE,WORSE
221,2,1,23,21734,39819,1,FEASIBLE,WORSE
222,2,1,24,21801,39984,1,FEASIBLE,WORSE
223,2,1,25,21803,39778,1,FEASIBLE,WORSE
224,2,1,26,22574,40231,1,FEASIBLE,WORSE
225,2,1,27,21568,39979,1,FEASIBLE,WORSE
226,2,1,28,21708,39763,1,FEASIBLE,WORSE
227,2,1,29,22443,40697,1,FEASIBLE,WORSE
228,2,1,30,22163,40435,1,FEASIBLE,WORSE
229,2,1,31,21748,39970,1,FEASIBLE,WORSE
230,2,1,32,21658,39982,1,FEASIBLE,WORSE
231,2,1,33,21290,39741,1,FEASIBLE,WORSE
232,2,1,34,21649,39911,1,FEASIBLE,WORSE
233,2,1,35,22091,40223,1,FEASIBLE,WORSE
234,2,1,36,21106,39363,1,FEASIBLE,WORSE
235,2,1,37,21363,39644,1,FEASIBLE,WORSE
236,2,1,38,21495,39558,1,FEASIBLE,WORSE
237,2,1,39,22292,40387,1,FEASIBLE,WORSE
238,2,1,40,21794,39208,1,FEASIBLE,WORSE
239,2,1,41,21431,39341,1,FEASIBLE,WORSE
240,2,1,42,22239,40322,1,FEASIBLE,WORSE
241,2,1,43,21629,39868,1,FEASIBLE,WORSE
242,2,1,44,21709,39479,1,FEASIBLE,WORSE
243,2,1,45,22718,40913,0,CAPACITY_EXCEEDED,INVALID
244,2,1,46,21307,39264,1,FEASIBLE,WORSE
245,2,1,47,21608,39778,1,FEASIBLE,WORSE
246,2,1,48,21212,39370,1,FEASIBLE,WORSE
247,2,1,49,22636,40872,1,FEASIBLE,WORSE
248,2,1,50,21797,39897,1,FEASIBLE,WORSE
249,2,1,51,21800,39613,1,FEASIBLE,WORSE
250,2,1,52,21671,39318,1,FEASIBLE,WORSE
251,2,1,53,21099,39354,1,FEASIBLE,WORSE
252,2,1,54,21657,39695,1,FEASIBLE,WORSE
253,2,1,55,22523,40791,1,FEASIBLE,WORSE
254,2,1,56,22497,40236,1,FEASIBLE,WORSE
255,2,1,57,22363,40444,1,FEASIBLE,WORSE
256,2,1,58,21597,39403,1,FEASIBLE,WORSE
257,2,1,59,22794,40616,0,CAPACITY_EXCEEDED,INVALID
258,2,1,60,22616,40375,1,FEASIBLE,WORSE
259,2,1,61,21301,39652,1,FEASIBLE,WORSE
260,2,1,62,21594,39497,1,FEASIBLE,WORSE
261,2,1,63,21169,39526,1,FEASIBLE,WORSE
262,2,1,64,21423,39826,1,FEASIBLE,WORSE
263,2,1,65,22394,40640,1,FEASIBLE,WORSE
264,2,1,66,21496,39692,1,FEASIBLE,WORSE
265,2,1,67,21187,39422,1,FEASIBLE,WORSE
266,2,1,68,21759,39680,1,FEASIBLE,WORSE
267,2,1,69,21519,39807,1,FEASIBLE,WORSE
268,2,1,70,22786,40691,0,CAPACITY_EXCEEDED,INVALID
269,2,1,71,22694,40231,1,FEASIBLE,WORSE
270,2,1,72,22125,40245,1,FEASIBLE,WORSE
271,2,1,73,22677,40905,1,FEASIBLE,WORSE
272,2,1,74,21507,39217,1,FEASIBLE,WORSE
273,2,1,75,22758,40795,0,CAPACITY_EXCEEDED,INVALID
274,2,1,76,22562,40595,1,FEASIBLE,WORSE
275,2,1,77,22235,40372,1,FEASIBLE,WORSE
276,2,1,78,21565,39698,1,FEASIBLE,WORSE
277,2,1,79,21809,39218,1,FEASIBLE,WORSE
278,2,1,80,20939,39430,1,FEASIBLE,WORSE
279,2,1,81,21780,39661,1,FEASIBLE,WORSE
280,2,1,82,20998,39340,1,FEASIBLE,WORSE
281,2,1,83,22781,40434,0,CAPACITY_EXCEEDED,INVALID
282,2,1,84,21247,39687,1,FEASIBLE,WORSE
283,2,1,85,21646,39248,1,FEASIBLE,WORSE
284,2,1,86,22686,40779,1,FEASIBLE,WORSE
285,2,1,87,22792,40661,0,CAPACITY_EXCEEDED,INVALID
286,2,1,88,22523,40471,1,FEASIBLE,WORSE
287,2,1,89,21309,39653,1,FEASIBLE,WORSE
288,2,1,90,21440,39243,1,FEASIBLE,WORSE
289,2,1,91,22165,40207,1,FEASIBLE,WORSE
290,2,1,92,21612,39417,1,FEASIBLE,WORSE
291,2,1,93,21143,39380,1,FEASIBLE,WORSE
292,2,1,94,21385,39314,1,FEASIBLE,WORSE
293,2,1,95,21623,39460,1,FEASIBLE,WORSE
294,2,1,96,21713,39391,1,FEASIBLE,WORSE
295,2,1,97,22484,40720,1,FEASIBLE,WORSE
296,2,1,98,21521,39639,1,FEASIBLE,WORSE
297,2,1,99,22318,40628,1,FEASIBLE,WORSE
298,2,2,3,21919,40029,1,FEASIBLE,WORSE
299,2,2,4,21614,39789,1,FEASIBLE,WORSE
300,2,2,5,21634,39835,1,FEASIBLE,WORSE
301,2,2,6,21762,39633,1,FEASIBLE,WORSE
302,2,2,7,21772,39496,1,FEASIBLE,WORSE
303,2,2,8,22658,40379,1,FEASIBLE,WORSE
304,2,2,9,22743,40314,0,CAPACITY_EXCEEDED,INVALID
305,2,2,10,21506,39449,1,FEASIBLE,WORSE
306,2,2,11,21660,39852,1,FEASIBLE,WORSE
307,2,2,12,22091,39522,1,FEASIBLE,WORSE
308,2,2,13,22349,40288,1,FEASIBLE,WORSE
309,2,2,14,21941,39839,1,FEASIBLE,WORSE
310,2,2,15,21534,39563,1,FEASIBLE,WORSE
311,2,2,16,22981,40514,0,CAPACITY_EXCEEDED,INVALID
312,2,2,17,21320,39339,1,FEASIBLE,WORSE
313,2,2,18,21321,39383,1,FEASIBLE,WORSE
314,2,2,19,22936,40316,0,CAPACITY_EXCEEDED,INVALID
315,2,2,20,22375,40311,1,FEASIBLE,WORSE
316,2,2,21,22961,40827,0,CAPACITY_EXCEEDED,INVALID
317,2,2,22,21445,39345,1,FEASIBLE,WORSE
318,2,2,23,22035,39903,1,FEASIBLE,WORSE
319,2,2,24,22102,40068,1,FEASIBLE,WORSE
320,2,2,25,22104,39862,1,FEASIBLE,WORSE
321,2,2,26,22875,40315,0,CAPACITY_EXCEEDED,INVALID
322,2,2,27,21869,40063,1,FEASIBLE,WORSE
323,2,2,28,22009,39847,1,FEASIBLE,WORSE
324,2,2,29,22744,40781,0,CAPACITY_EXCEEDED,INVALID
325,2,2,30,22464,40519,1,FEASIBLE,WORSE
326,2,2,31,22049,40054,1,FEASIBLE,WORSE
327,2,2,32,21959,40066,1,FEASIBLE,WORSE
328,2,2,33,21591,39825,1,FEASIBLE,WORSE
329,2,2,34,21950,39995,1,FEASIBLE,WORSE
330,2,2,35,22392,40307,1,FEASIBLE,WORSE
331,2,2,36,21407,39447,1,FEASIBLE,WORSE
332,2,2,37,21664,39728,1,FEASIBLE,WORSE
333,2,2,38,21796,39642,1,FEASIBLE,WORSE
334,2,2,39,22593,40471,1,FEASIBLE,WORSE
335,2,2,40,22095,39292,1,FEASIBLE,WORSE
336,2,2,41,21732,39425,1,FEASIBLE,WORSE
337,2,2,42,22540,40406,1,FEASIBLE,WORSE
338,2,2,43,21930,39952,1,FEASIBLE,WORSE
339,2,2,44,22010,39563,1,FEASIBLE,WORSE
340,2,2,45,23019,40997,0,CAPACITY_EXCEEDED,INVALID
341,2,2,46,21608,39348,1,FEASIBLE,WORSE
342,2,2,47,21909,39862,1,FEASIBLE,WORSE
343,2,2,48,21513,39454,1,FEASIBLE,WORSE
344,2,2,49,22937,40956,0,CAPACITY_EXCEEDED,INVALID
345,2,2,50,22098,39981,1,FEASIBLE,WORSE
346,2,2,51,22101,39697,1,FEASIBLE,WORSE
347,2,2,52,21972,39402,1,FEASIBLE,WORSE
348,2,2,53,21400,39438,1,FEASIBLE,WORSE
349,2,2,54,21958,39779,1,FEASIBLE,WORSE
350,2,2,55,22824,40875,0,CAPACITY_EXCEEDED,INVALID
351,2,2,56,22798,40320,0,CAPACITY_EXCEEDED,INVALID
352,2,2,57,22664,40528,1,FEASIBLE,WORSE
353,2,2,58,21898,39487,1,FEASIBLE,WORSE
354,2,2,59,23095,40700,0,CAPACITY_EXCEEDED,INVALID
355,2,2,60,22917,40459,0,CAPACITY_EXCEEDED,INVALID
356,2,2,61,21602,39736,1,FEASIBLE,WORSE
357,2,2,62,21895,39581,1,FEASIBLE,WORSE
358,2,2,63,21470,39610,1,FEASIBLE,WORSE
359,2,2,64,21724,39910,1,FEASIBLE,WORSE
360,2,2,65,22695,40724,1,FEASIBLE,WORSE
361,2,2,66,21797,39776,1,FEASIBLE,WORSE
362,2,2,67,21488,39506,1,FEASIBLE,WORSE
363,2,2,68,22060,39764,1,FEASIBLE,WORSE
364,2,2,69,21820,39891,1,FEASIBLE,WORSE
365,2,2,70,23087,40775,0,CAPACITY_EXCEEDED,INVALID
366,2,2,71,22995,40315,0,CAPACITY_EXCEEDED,INVALID
367,2,2,72,22426,40329,1,FEASIBLE,WORSE
368,2,2,73,22978,40989,0,CAPACITY_EXCEEDED,INVALID
369,2,2,74,21808,39301,1,FEASIBLE,WORSE
370,2,2,75,23059,40879,0,CAPACITY_EXCEEDED,INVALID
371,2,2,76,22863,40679,0,CAPACITY_EXCEEDED,INVALID
372,2,2,77,22536,40456,1,FEASIBLE,WORSE
373,2,2,78,21866,39782,1,FEASIBLE,WORSE
374,2,2,79,22110,39302,1,FEASIBLE,WORSE
375,2,2,80,21240,39514,1,FEASIBLE,WORSE
376,2,2,81,22081,39745,1,FEASIBLE,WORSE
377,2,2,82,21299,39424,1,FEASIBLE,WORSE
378,2,2,83,23082,40518,0,CAPACITY_EXCEEDED,INVALID
379,2,2,84,21548,39771,1,FEASIBLE,WORSE
380,2,2,85,21947,39332,1,FEASIBLE,WORSE
381,2,2,86,22987,40863,0,CAPACITY_EXCEEDED,INVALID
382,2,2,87,23093,40745,0,CAPACITY_EXCEEDED,INVALID
383,2,2,88,22824,40555,0,CAPACITY_EXCEEDED,INVALID
384,2,2,89,21610,39737,1,FEASIBLE,WORSE
385,2,2,90,21741,39327,1,FEASIBLE,WORSE
386,2,2,91,22466,40291,1,FEASIBLE,WORSE
387,2,2,92,21913,39501,1,FEASIBLE,WORSE
388,2,2,93,21444,39464,1,FEASIBLE,WORSE
389,2,2,94,21686,39398,1,FEASIBLE,WORSE
390,2,2,95,21924,39544,1,FEASIBLE,WORSE
391,2,2,96,22014,39475,1,FEASIBLE,WORSE
392,2,2,97,22785,40804,0,CAPACITY_EXCEEDED,INVALID
393,2,2,98,21822,39723,1,FEASIBLE,WORSE
394,2,2,99,22619,40712,1,FEASIBLE,WORSE
395,2,3,4,21984,40297,1,FEASIBLE,WORSE
396,2,3,5,22004,40343,1,FEASIBLE,WORSE
397,2,3,6,22132,40141,1,FEASIBLE,WORSE
398,2,3,7,22142,40004,1,FEASIBLE,WORSE
399,2,3,8,23028,40887,0,CAPACITY_EXCEEDED,INVALID
400,2,3,9,23113,40822,0,CAPACITY_EXCEEDED,INVALID
401,2,3,10,21876,39957,1,FEASIBLE,WORSE
402,2,3,11,22030,40360,1,FEASIBLE,WORSE
403,2,3,12,22461,40030,1,FEASIBLE,WORSE
404,2,3,13,22719,40796,0,CAPACITY_EXCEEDED,INVALID
405,2,3,14,22311,40347,1,FEASIBLE,WORSE
406,2,3,15,21904,40071,1,FEASIBLE,WORSE
407,2,3,16,23351,41022,0,CAPACITY_EXCEEDED,INVALID
408,2,3,17,21690,39847,1,FEASIBLE,WORSE
409,2,3,18,21691,39891,1,FEASIBLE,WORSE
410,2,3,19,23306,40824,0,CAPACITY_EXCEEDED,INVALID
411,2,3,20,22745,40819,0,CAPACITY_EXCEEDED,INVALID
412,2,3,21,23331,41335,0,CAPACITY_EXCEEDED,INVALID
413,2,3,22,21815,39853,1,FEASIBLE,WORSE
414,2,3,23,22405,40411,1,FEASIBLE,WORSE
415,2,3,24,22472,40576,1,FEASIBLE,WORSE
416,2,3,25,22474,40370,1,FEASIBLE,WORSE
417,2,3,26,23245,40823,0,CAPACITY_EXCEEDED,INVALID
418,2,3,27,22239,40571,1,FEASIBLE,WORSE
419,2,3,28,22379,40355,1,FEASIBLE,WORSE
420,2,3,29,23114,41289,0,CAPACITY_EXCEEDED,INVALID
421,2,3,30,22834,41027,0,CAPACITY_EXCEEDED,INVALID
422,2,3,31,22419,40562,1,FEASIBLE,WORSE
423,2,3,32,22329,40574,1,FEASIBLE,WORSE
424,2,3,33,21961,40333,1,FEASIBLE,WORSE
425,2,3,34,22320,40503,1,FEASIBLE,WORSE
426,2,3,35,22762,40815,0,CAPACITY_EXCEEDED,INVALID
427,2,3,36,21777,39955,1,FEASIBLE,WORSE
428,2,3,37,22034,40236,1,FEASIBLE,WORSE
429,2,3,38,22166,40150,1,FEASIBLE,WORSE
430,2,3,39,22963,40979,0,CAPACITY_EXCEEDED,INVALID
431,2,3,40,22465,39800,1,FEASIBLE,WORSE
432,2,3,41,22102,39933,1,FEASIBLE,WORSE
433,2,3,42,22910,40914,0,CAPACITY_EXCEEDED,INVALID
434,2,3,43,22300,40460,1,FEASIBLE,WORSE
435,2,3,44,22380,40071,1,FEASIBLE,WORSE
436,2,3,45,23389,41505,0,CAPACITY_EXCEEDED,INVALID
437,2,3,46,21978,39856,1,FEASIBLE,WORSE
438,2,3,47,22279,40370,1,FEASIBLE,WORSE
439,2,3,48,21883,39962,1,FEASIBLE,WORSE
440,2,3,49,23307,41464,0,CAPACITY_EXCEEDED,INVALID
441,2,3,50,22468,40489,1,FEASIBLE,WORSE
442,2,3,51,22471,40205,1,FEASIBLE,WORSE
443,2,3,52,22342,39910,1,FEASIBLE,WORSE
444,2,3,53,21770,39946,1,FEASIBLE,WORSE
445,2,3,54,22328,40287,1,FEASIBLE,WORSE
446,2,3,55,23194,41383,0,CAPACITY_EXCEEDED,INVALID
447,2,3,56,23168,40828,0,CAPACITY_EXCEEDED,INVALID
448,2,3,57,23034,41036,0,CAPACITY_EXCEEDED,INVALID
449,2,3,58,22268,39995,1,FEASIBLE,WORSE
450,2,3,59,23465,41208,0,CAPACITY_EXCEEDED,INVALID
451,2,3,60,23287,40967,0,CAPACITY_EXCEEDED,INVALID
452,2,3,61,21972,40244,1,FEASIBLE,WORSE
453,2,3,62,22265,40089,1,FEASIBLE,WORSE
454,2,3,63,21840,40118,1,FEASIBLE,WORSE
455,2,3,64,22094,40418,1,FEASIBLE,WORSE
456,2,3,65,23065,41232,0,CAPACITY_EXCEEDED,INVALID
457,2,3,66,22167,40284,1,FEASIBLE,WORSE
458,2,3,67,21858,40014,1,FEASIBLE,WORSE
459,2,3,68,22430,40272,1,FEASIBLE,WORSE
460,2,3,69,22190,40399,1,FEASIBLE,WORSE
461,2,3,70,23457,41283,0,CAPACITY_EXCEEDED,INVALID
462,2,3,71,23365,40823,0,CAPACITY_EXCEEDED,INVALID
463,2,3,72,22796,40837,0,CAPACITY_EXCEEDED,INVALID
464,2,3,73,23348,41497,0,CAPACITY_EXCEEDED,INVALID
465,2,3,74,22178,39809,1,FEASIBLE,WORSE
466,2,3,75,23429,41387,0,CAPACITY_EXCEEDED,INVALID
467,2,3,76,23233,41187,0,CAPACITY_EXCEEDED,INVALID
468,2,3,77,22906,40964,0,CAPACITY_EXCEEDED,INVALID
469,2,3,78,22236,40290,1,FEASIBLE,WORSE
470,2,3,79,22480,39810,1,FEASIBLE,WORSE
471,2,3,80,21610,40022,1,FEASIBLE,WORSE
472,2,3,81,22451,40253,1,FEASIBLE,WORSE
473,2,3,82,21669,39932,1,FEASIBLE,WORSE
474,2,3,83,23452,41026,0,CAPACITY_EXCEEDED,INVALID
475,2,3,84,21918,40279,1,FEASIBLE,WORSE
476,2,3,85,22317,39840,1,FEASIBLE,WORSE
477,2,3,86,23357,41371,0,CAPACITY_EXCEEDED,INVALID
478,2,3,87,23463,41253,0,CAPACITY_EXCEEDED,INVALID
479,2,3,88,23194,41063,0,CAPACITY_EXCEEDED,INVALID
480,2,3,89,21980,40245,1,FEASIBLE,WORSE
481,2,3,90,22111,39835,1,FEASIBLE,WORSE
482,2,3,91,22836,40799,0,CAPACITY_EXCEEDED,INVALID
483,2,3,92,22283,40009,1,FEASIBLE,WORSE
484,2,3,93,21814,39972,1,FEASIBLE,WORSE
485,2,3,94,22056,39906,1,FEASIBLE,WORSE
486,2,3,95,22294,40052,1,FEASIBLE,WORSE
487,2,3,96,22384,39983,1,FEASIBLE,WORSE
488,2,3,97,23155,41312,0,CAPACITY_EXCEEDED,INVALID
489,2,3,98,22192,40231,1,FEASIBLE,WORSE
490,2,3,99,22989,41220,0,CAPACITY_EXCEEDED,INVALID
491,2,4,5,21699,40103,1,FEASIBLE,WORSE
492,2,4,6,21827,39901,1,FEASIBLE,WORSE
493,2,4,7,21837,39764,1,FEASIBLE,WORSE
494,2,4,8,22723,40647,0,CAPACITY_EXCEEDED,INVALID
495,2,4,9,22808,40582,0,CAPACITY_EXCEEDED,INVALID
496,2,4,10,21571,39717,1,FEASIBLE,WORSE
497,2,4,11,21725,40120,1,FEASIBLE,WORSE
498,2,4,12,22156,39790,1,FEASIBLE,WORSE
499,2,4,13,22414,40556,1,FEASIBLE,WORSE
500,2,4,14,22006,40107,1,FEASIBLE,WORSE
501,2,4,15,21599,39831,1,FEASIBLE,WORSE
502,2,4,16,23046,40782,0,CAPACITY_EXCEEDED,INVALID
503,2,4,17,21385,39607,1,FEASIBLE,WORSE
504,2,4,18,21386,39651,1,FEASIBLE,WORSE
505,2,4,19,23001,40584,0,CAPACITY_EXCEEDED,INVALID
506,2,4,20,22440,40579,1,FEASIBLE,WORSE
507,2,4,21,23026,41095,0,CAPACITY_EXCEEDED,INVALID
508,2,4,22,21510,39613,1,FEASIBLE,WORSE
509,2,4,23,22100,40171,1,FEASIBLE,WORSE
510,2,4,24,22167,40336,1,FEASIBLE,WORSE
511,2,4,25,22169,40130,1,FEASIBLE,WORSE
512,2,4,26,22940,40583,0,CAPACITY_EXCEEDED,INVALID
513,2,4,27,21934,40331,1,FEASIBLE,WORSE
514,2,4,28,22074,40115,1,FEASIBLE,WORSE
515,2,4,29,22809,41049,0,CAPACITY_EXCEEDED,INVALID
516,2,4,30,22529,40787,1,FEASIBLE,WORSE
517,2,4,31,22114,40322,1,FEASIBLE,WORSE
518,2,4,32,22024,40334,1,FEASIBLE,WORSE
519,2,4,33,21656,40093,1,FEASIBLE,WORSE
520,2,4,34,22015,40263,1,FEASIBLE,WORSE
521,2,4,35,22457,40575,1,FEASIBLE,WORSE
522,2,4,36,21472,39715,1,FEASIBLE,WORSE
523,2,4,37,21729,39996,1,FEASIBLE,WORSE
524,2,4,38,21861,39910,1,FEASIBLE,WORSE
525,2,4,39,22658,40739,1,FEASIBLE,WORSE
526,2,4,40,22160,39560,1,FEASIBLE,WORSE
527,2,4,41,21797,39693,1,FEASIBLE,WORSE
528,2,4,42,22605,40674,1,FEASIBLE,WORSE
529,2,4,43,21995,40220,1,FEASIBLE,WORSE
530,2,4,44,22075,39831,1,FEASIBLE,WORSE
531,2,4,45,23084,41265,0,CAPACITY_EXCEEDED,INVALID
532,2,4,46,21673,39616,1,FEASIBLE,WORSE
533,2,4,47,21974,40130,1,FEASIBLE,WORSE
534,2,4,48,21578,39722,1,FEASIBLE,WORSE
535,2,4,49,23002,41224,0,CAPACITY_EXCEEDED,INVALID
536,2,4,50,22163,40249,1,FEASIBLE,WORSE
537,2,4,51,22166,39965,1,FEASIBLE,WORSE
538,2,4,52,22037,39670,1,FEASIBLE,WORSE
539,2,4,53,21465,39706,1,FEASIBLE,WORSE
540,2,4,54,22023,40047,1,FEASIBLE,WORSE
541,2,4,55,22889,41143,0,CAPACITY_EXCEEDED,INVALID
542,2,4,56,22863,40588,0,CAPACITY_EXCEEDED,INVALID
543,2,4,57,22729,40796,0,CAPACITY_EXCEEDED,INVALID
544,2,4,58,21963,39755,1,FEASIBLE,WORSE
545,2,4,59,23160,40968,0,CAPACITY_EXCEEDED,INVALID
546,2,4,60,22982,40727,0,CAPACITY_EXCEEDED,INVALID
547,2,4,61,21667,40004,1,FEASIBLE,WORSE
548,2,4,62,21960,39849,1,FEASIBLE,WORSE
549,2,4,63,21535,39878,1,FEASIBLE,WORSE
550,2,4,64,21789,40178,1,FEASIBLE,WORSE
551,2,4,65,22760,40992,0,CAPACITY_EXCEEDED,INVALID
552,2,4,66,21862,40044,1,FEASIBLE,WORSE
553,2,4,67,21553,39774,1,FEASIBLE,WORSE
554,2,4,68,22125,40032,1,FEASIBLE,WORSE
555,2,4,69,21885,40159,1,FEASIBLE,WORSE
556,2,4,70,23152,41043,0,CAPACITY_EXCEEDED,INVALID
557,2,4,71,23060,40583,0,CAPACITY_EXCEEDED,INVALID
558,2,4,72,22491,40597,1,FEASIBLE,WORSE
559,2,4,73,23043,41257,0,CAPACITY_EXCEEDED,INVALID
560,2,4,74,21873,39569,1,FEASIBLE,WORSE
561,2,4,75,23124,41147,0,CAPACITY_EXCEEDED,INVALID
562,2,4,76,22928,40947,0,CAPACITY_EXCEEDED,INVALID
563,2,4,77,22601,40724,1,FEASIBLE,WORSE
564,2,4,78,21931,40050,1,FEASIBLE,WORSE
565,2,4,79,22175,39570,1,FEASIBLE,WORSE
566,2,4,80,21305,39782,1,FEASIBLE,WORSE
567,2,4,81,22146,40013,1,FEASIBLE,WORSE
568,2,4,82,21364,39692,1,FEASIBLE,WORSE
569,2,4,83,23147,40786,0,CAPACITY_EXCEEDED,INVALID
570,2,4,84,21613,40039,1,FEASIBLE,WORSE
571,2,4,85,22012,39600,1,FEASIBLE,WORSE
572,2,4,86,23052,41131,0,CAPACITY_EXCEEDED,INVALID
573,2,4,87,23158,41013,0,CAPACITY_EXCEEDED,INVALID
574,2,4,88,22889,40823,0,CAPACITY_EXCEEDED,INVALID
575,2,4,89,21675,40005,1,FEASIBLE,WORSE
576,2,4,90,21806,39595,1,FEASIBLE,WORSE
577,2,4,91,22531,40559,1,FEASIBLE,WORSE
578,2,4,92,21978,39769,1,FEASIBLE,WORSE
579,2,4,93,21509,39732,1,FEASIBLE,WORSE
580,2,4,94,21751,39666,1,FEASIBLE,WORSE
581,2,4,95,21989,39812,1,FEASIBLE,WORSE
582,2,4,96,22079,39743,1,FEASIBLE,WORSE
583,2,4,97,22850,41072,0,CAPACITY_EXCEEDED,INVALID
584,2,4,98,21887,39991,1,FEASIBLE,WORSE
585,2,4,99,22684,40980,1,FEASIBLE,WORSE
586,2,5,6,21847,39947,1,FEASIBLE,WORSE
587,2,5,7,21857,39810,1,FEASIBLE,WORSE
588,2,5,8,22743,40693,0,CAPACITY_EXCEEDED,INVALID
589,2,5,9,22828,40628,0,CAPACITY_EXCEEDED,INVALID
590,2,5,10,21591,39763,1,FEASIBLE,WORSE
591,2,5,11,21745,40166,1,FEASIBLE,WORSE
592,2,5,12,22176,39836,1,FEASIBLE,WORSE
593,2,5,13,22434,40602,1,FEASIBLE,WORSE
594,2,5,14,22026,40153,1,FEASIBLE,WORSE
595,2,5,15,21619,39877,1,FEASIBLE,WORSE
596,2,5,16,23066,40828,0,CAPACITY_EXCEEDED,INVALID
597,2,5,17,21405,39653,1,FEASIBLE,WORSE
598,2,5,18,21406,39697,1,FEASIBLE,WORSE
599,2,5,19,23021,40630,0,CAPACITY_EXCEEDED,INVALID
600,2,5,20,22460,40625,1,FEASIBLE,WORSE
601,2,5,21,23046,41141,0,CAPACITY_EXCEEDED,INVALID
602,2,5,22,21530,39659,1,FEASIBLE,WORSE
603,2,5,23,22120,40217,1,FEASIBLE,WORSE
604,2,5,24,22187,40382,1,FEASIBLE,WORSE
605,2,5,25,22189,40176,1,FEASIBLE,WORSE
606,2,5,26,22960,40629,0,CAPACITY_EXCEEDED,INVALID
607,2,5,27,21954,40377,1,FEASIBLE,WORSE
608,2,5,28,22094,40161,1,FEASIBLE,WORSE
609,2,5,29,22829,41095,0,CAPACITY_EXCEEDED,INVALID
610,2,5,30,22549,40833,1,FEASIBLE,WORSE
611,2,5,31,22134,40368,1,FEASIBLE,WORSE
612,2,5,32,22044,40380,1,FEASIBLE,WORSE
613,2,5,33,21676,40139,1,FEASIBLE,WORSE
614,2,5,34,22035,40309,1,FEASIBLE,WORSE
615,2,5,35,22477,40621,1,FEASIBLE,WORSE
616,2,5,36,21492,39761,1,FEASIBLE,WORSE
617,2,5,37,21749,40042,1,FEASIBLE,WORSE
618,2,5,38,21881,39956,1,FEASIBLE,WORSE
619,2,5,39,22678,40785,1,FEASIBLE,WORSE
620,2,5,40,22180,39606,1,FEASIBLE,WORSE
621,2,5,41,21817,39739,1,FEASIBLE,WORSE
622,2,5,42,22625,40720,1,FEASIBLE,WORSE
623,2,5,43,22015,40266,1,FEASIBLE,WORSE
624,2,5,44,22095,39877,1,FEASIBLE,WORSE
625,2,5,45,23104,41311,0,CAPACITY_EXCEEDED,INVALID
626,2,5,46,21693,39662,1,FEASIBLE,WORSE
627,2,5,47,21994,40176,1,FEASIBLE,WORSE
628,2,5,48,21598,39768,1,FEASIBLE,WORSE
629,2,5,49,23022,41270,0,CAPACITY_EXCEEDED,INVALID
630,2,5,50,22183,40295,1,FEASIBLE,WORSE
631,2,5,51,22186,40011,1,FEASIBLE,WORSE
632,2,5,52,22057,39716,1,FEASIBLE,WORSE
633,2,5,53,21485,39752,1,FEASIBLE,WORSE
634,2,5,54,22043,40093,1,FEASIBLE,WORSE
635,2,5,55,22909,41189,0,CAPACITY_EXCEEDED,INVALID
636,2,5,56,22883,40634,0,CAPACITY_EXCEEDED,INVALID
637,2,5,57,22749,40842,0,CAPACITY_EXCEEDED,INVALID
638,2,5,58,21983,39801,1,FEASIBLE,WORSE
639,2,5,59,23180,41014,0,CAPACITY_EXCEEDED,INVALID
640,2,5,60,23002,40773,0,CAPACITY_EXCEEDED,INVALID
641,2,5,61,21687,40050,1,FEASIBLE,WORSE
642,2,5,62,21980,39895,1,FEASIBLE,WORSE
643,2,5,63,21555,39924,1,FEASIBLE,WORSE
644,2,5,64,21809,40224,1,FEASIBLE,WORSE
645,2,5,65,22780,41038,0,CAPACITY_EXCEEDED,INVALID
646,2,5,66,21882,40090,1,FEASIBLE,WORSE
647,2,5,67,21573,39820,1,FEASIBLE,WORSE
648,2,5,68,22145,40078,1,FEASIBLE,WORSE
649,2,5,69,21905,40205,1,FEASIBLE,WORSE
650,2,5,70,23172,41089,0,CAPACITY_EXCEEDED,INVALID
651,2,5,71,23080,40629,0,CAPACITY_EXCEEDED,INVALID
652,2,5,72,22511,40643,1,FEASIBLE,WORSE
653,2,5,73,23063,41303,0,CAPACITY_EXCEEDED,INVALID
654,2,5,74,21893,39615,1,FEASIBLE,WORSE
655,2,5,75,23144,41193,0,CAPACITY_EXCEEDED,INVALID
656,2,5,76,22948,40993,0,CAPACITY_EXCEEDED,INVALID
657,2,5,77,22621,40770,1,FEASIBLE,WORSE
658,2,5,78,21951,40096,1,FEASIBLE,WORSE
659,2,5,79,22195,39616,1,FEASIBLE,WORSE
660,2,5,80,21325,39828,1,FEASIBLE,WORSE
661,2,5,81,22166,40059,1,FEASIBLE,WORSE
662,2,5,82,21384,39738,1,FEASIBLE,WORSE
663,2,5,83,23167,40832,0,CAPACITY_EXCEEDED,INVALID
664,2,5,84,21633,40085,1,FEASIBLE,WORSE
665,2,5,85,22032,39646,1,FEASIBLE,WORSE
666,2,5,86,23072,41177,0,CAPACITY_EXCEEDED,INVALID
667,2,5,87,23178,41059,0,CAPACITY_EXCEEDED,INVALID
668,2,5,88,22909,40869,0,CAPACITY_EXCEEDED,INVALID
669,2,5,89,21695,40051,1,FEASIBLE,WORSE
670,2,5,90,21826,39641,1,FEASIBLE,WORSE
671,2,5,91,22551,40605,1,FEASIBLE,WORSE
672,2,5,92,21998,39815,1,FEASIBLE,WORSE
673,2,5,93,21529,39778,1,FEASIBLE,WORSE
674,2,5,94,21771,39712,1,FEASIBLE,WORSE
675,2,5,95,22009,39858,1,FEASIBLE,WORSE
676,2,5,96,22099,39789,1,FEASIBLE,WORSE
677,2,5,97,22870,41118,0,CAPACITY_EXCEEDED,INVALID
678,2,5,98,21907,40037,1,FEASIBLE,WORSE
679,2,5,99,22704,41026,1,FEASIBLE,WORSE
680,2,6,7,21985,39608,1,FEASIBLE,WORSE
681,2,6,8,22871,40491,0,CAPACITY_EXCEEDED,INVALID
682,2,6,9,22956,40426,0,CAPACITY_EXCEEDED,INVALID
683,2,6,10,21719,39561,1,FEASIBLE,WORSE
684,2,6,11,21873,39964,1,FEASIBLE,WORSE
685,2,6,12,22304,39634,1,FEASIBLE,WORSE
686,2,6,13,22562,40400,1,FEASIBLE,WORSE
687,2,6,14,22154,39951,1,FEASIBLE,WORSE
688,2,6,15,21747,39675,1,FEASIBLE,WORSE
689,2,6,16,23194,40626,0,CAPACITY_EXCEEDED,INVALID
690,2,6,17,21533,39451,1,FEASIBLE,WORSE
691,2,6,18,21534,39495,1,FEASIBLE,WORSE
692,2,6,19,23149,40428,0,CAPACITY_EXCEEDED,INVALID
693,2,6,20,22588,40423,1,FEASIBLE,WORSE
694,2,6,21,23174,40939,0,CAPACITY_EXCEEDED,INVALID
695,2,6,22,21658,39457,1,FEASIBLE,WORSE
696,2,6,23,22248,40015,1,FEASIBLE,WORSE
697,2,6,24,22315,40180,1,FEASIBLE,WORSE
698,2,6,25,22317,39974,1,FEASIBLE,WORSE
699,2,6,26,23088,40427,0,CAPACITY_EXCEEDED,INVALID
700,2,6,27,22082,40175,1,FEASIBLE,WORSE
701,2,6,28,22222,39959,1,FEASIBLE,WORSE
702,2,6,29,22957,40893,0,CAPACITY_EXCEEDED,INVALID
703,2,6,30,22677,40631,1,FEASIBLE,WORSE
704,2,6,31,22262,40166,1,FEASIBLE,WORSE
705,2,6,32,22172,40178,1,FEASIBLE,WORSE
706,2,6,33,21804,39937,1,FEASIBLE,WORSE
707,2,6,34,22163,40107,1,FEASIBLE,WORSE
708,2,6,35,22605,40419,1,FEASIBLE,WORSE
709,2,6,36,21620,39559,1,FEASIBLE,WORSE
710,2,6,37,21877,39840,1,FEASIBLE,WORSE
711,2,6,38,22009,39754,1,FEASIBLE,WORSE
712,2,6,39,22806,40583,0,CAPACITY_EXCEEDED,INVALID
713,2,6,40,22308,39404,1,FEASIBLE,WORSE
714,2,6,41,21945,39537,1,FEASIBLE,WORSE
715,2,6,42,22753,40518,0,CAPACITY_EXCEEDED,INVALID
716,2,6,43,22143,40064,1,FEASIBLE,WORSE
717,2,6,44,22223,39675,1,FEASIBLE,WORSE
718,2,6,45,23232,41109,0,CAPACITY_EXCEEDED,INVALID
719,2,6,46,21821,39460,1,FEASIBLE,WORSE
720,2,6,47,22122,39974,1,FEASIBLE,WORSE
721,2,6,48,21726,39566,1,FEASIBLE,WORSE
722,2,6,49,23150,41068,0,CAPACITY_EXCEEDED,INVALID
723,2,6,50,22311,40093,1,FEASIBLE,WORSE
724,2,6,51,22314,39809,1,FEASIBLE,WORSE
725,2,6,52,22185,39514,1,FEASIBLE,WORSE
726,2,6,53,21613,39550,1,FEASIBLE,WORSE
727,2,6,54,22171,39891,1,FEASIBLE,WORSE
728,2,6,55,23037,40987,0,CAPACITY_EXCEEDED,INVALID
729,2,6,56,23011,40432,0,CAPACITY_EXCEEDED,INVALID
730,2,6,57,22877,40640,0,CAPACITY_EXCEEDED,INVALID
731,2,6,58,22111,39599,1,FEASIBLE,WORSE
732,2,6,59,23308,40812,0,CAPACITY_EXCEEDED,INVALID
733,2,6,60,23130,40571,0,CAPACITY_EXCEEDED,INVALID
734,2,6,61,21815,39848,1,FEASIBLE,WORSE
735,2,6,62,22108,39693,1,FEASIBLE,WORSE
736,2,6,63,21683,39722,1,FEASIBLE,WORSE
737,2,6,64,21937,40022,1,FEASIBLE,WORSE
738,2,6,65,22908,40836,0,CAPACITY_EXCEEDED,INVALID
739,2,6,66,22010,39888,1,FEASIBLE,WORSE
740,2,6,67,21701,39618,1,FEASIBLE,WORSE
741,2,6,68,22273,39876,1,FEASIBLE,WORSE
742,2,6,69,22033,40003,1,FEASIBLE,WORSE
743,2,6,70,23300,40887,0,CAPACITY_EXCEEDED,INVALID
744,2,6,71,23208,40427,0,CAPACITY_EXCEEDED,INVALID
745,2,6,72,22639,40441,1,FEASIBLE,WORSE
746,2,6,73,23191,41101,0,CAPACITY_EXCEEDED,INVALID
747,2,6,74,22021,39413,1,FEASIBLE,WORSE
748,2,6,75,23272,40991,0,CAPACITY_EXCEEDED,INVALID
749,2,6,76,23076,40791,0,CAPACITY_EXCEEDED,INVALID
750,2,6,77,22749,40568,0,CAPACITY_EXCEEDED,INVALID
751,2,6,78,22079,39894,1,FEASIBLE,WORSE
752,2,6,79,22323,39414,1,FEASIBLE,WORSE
753,2,6,80,21453,39626,1,FEASIBLE,WORSE
754,2,6,81,22294,39857,1,FEASIBLE,WORSE
755,2,6,82,21512,39536,1,FEASIBLE,WORSE
756,2,6,83,23295,40630,0,CAPACITY_EXCEEDED,INVALID
757,2,6,84,21761,39883,1,FEASIBLE,WORSE
758,2,6,85,22160,39444,1,FEASIBLE,WORSE
759,2,6,86,23200,40975,0,CAPACITY_EXCEEDED,INVALID
760,2,6,87,23306,40857,0,CAPACITY_EXCEEDED,INVALID
761,2,6,88,23037,40667,0,CAPACITY_EXCEEDED,INVALID
762,2,6,89,21823,39849,1,FEASIBLE,WORSE
763,2,6,90,21954,39439,1,FEASIBLE,WORSE
764,2,6,91,22679,40403,1,FEASIBLE,WORSE
765,2,6,92,22126,39613,1,FEASIBLE,WORSE
766,2,6,93,21657,39576,1,FEASIBLE,WORSE
767,2,6,94,21899,39510,1,FEASIBLE,WORSE
768,2,6,95,22137,39656,1,FEASIBLE,WORSE
769,2,6,96,22227,39587,1,FEASIBLE,WORSE
770,2,6,97,22998,40916,0,CAPACITY_EXCEEDED,INVALID
771,2,6,98,22035,39835,1,FEASIBLE,WORSE
772,2,6,99,22832,40824,0,CAPACITY_EXCEEDED,INVALID
773,2,7,8,22881,40354,0,CAPACITY_EXCEEDED,INVALID
774,2,7,9,22966,40289,0,CAPACITY_EXCEEDED,INVALID
775,2,7,10,21729,39424,1,FEASIBLE,WORSE
776,2,7,11,21883,39827,1,FEASIBLE,WORSE
777,2,7,12,22314,39497,1,FEASIBLE,WORSE
778,2,7,13,22572,40263,1,FEASIBLE,WORSE
779,2,7,14,22164,39814,1,FEASIBLE,WORSE
780,2,7,15,21757,39538,1,FEASIBLE,WORSE
781,2,7,16,23204,40489,0,CAPACITY_EXCEEDED,INVALID
782,2,7,17,21543,39314,1,FEASIBLE,WORSE
783,2,7,18,21544,39358,1,FEASIBLE,WORSE
784,2,7,19,23159,40291,0,CAPACITY_EXCEEDED,INVALID
785,2,7,20,22598,40286,1,FEASIBLE,WORSE
786,2,7,21,23184,40802,0,CAPACITY_EXCEEDED,INVALID
787,2,7,22,21668,39320,1,FEASIBLE,WORSE
788,2,7,23,22258,39878,1,FEASIBLE,WORSE
789,2,7,24,22325,40043,1,FEASIBLE,WORSE
790,2,7,25,22327,39837,1,FEASIBLE,WORSE
791,2,7,26,23098,40290,0,CAPACITY_EXCEEDED,INVALID
792,2,7,27,22092,40038,1,FEASIBLE,WORSE
793,2,7,28,22232,39822,1,FEASIBLE,WORSE
794,2,7,29,22967,40756,0,CAPACITY_EXCEEDED,INVALID
795,2,7,30,22687,40494,1,FEASIBLE,WORSE
796,2,7,31,22272,40029,1,FEASIBLE,WORSE
797,2,7,32,22182,40041,1,FEASIBLE,WORSE
798,2,7,33,21814,39800,1,FEASIBLE,WORSE
799,2,7,34,22173,39970,1,FEASIBLE,WORSE
800,2,7,35,22615,40282,1,FEASIBLE,WORSE
801,2,7,36,21630,39422,1,FEASIBLE,WORSE
802,2,7,37,21887,39703,1,FEASIBLE,WORSE
803,2,7,38,22019,39617,1,FEASIBLE,WORSE
804,2,7,39,22816,40446,0,CAPACITY_EXCEEDED,INVALID
805,2,7,40,22318,39267,1,FEASIBLE,WORSE
806,2,7,41,21955,39400,1,FEASIBLE,WORSE
807,2,7,42,22763,40381,0,CAPACITY_EXCEEDED,INVALID
808,2,7,43,22153,39927,1,FEASIBLE,WORSE
809,2,7,44,22233,39538,1,FEASIBLE,WORSE
810,2,7,45,23242,40972,0,CAPACITY_EXCEEDED,INVALID
811,2,7,46,21831,39323,1,FEASIBLE,WORSE
812,2,7,47,22132,39837,1,FEASIBLE,WORSE
813,2,7,48,21736,39429,1,FEASIBLE,WORSE
814,2,7,49,23160,40931,0,CAPACITY_EXCEEDED,INVALID
815,2,7,50,22321,39956,1,FEASIBLE,WORSE
816,2,7,51,22324,39672,1,FEASIBLE,WORSE
817,2,7,52,22195,39377,1,FEASIBLE,WORSE
818,2,7,53,21623,39413,1,FEASIBLE,WORSE
819,2,7,54,22181,39754,1,FEASIBLE,WORSE
820,2,7,55,23047,40850,0,CAPACITY_EXCEEDED,INVALID
821,2,7,56,23021,40295,0,CAPACITY_EXCEEDED,INVALID
822,2,7,57,22887,40503,0,CAPACITY_EXCEEDED,INVALID
823,2,7,58,22121,39462,1,FEASIBLE,WORSE
824,2,7,59,23318,40675,0,CAPACITY_EXCEEDED,INVALID
825,2,7,60,23140,40434,0,CAPACITY_EXCEEDED,INVALID
826,2,7,61,21825,39711,1,FEASIBLE,WORSE
827,2,7,62,22118,39556,1,FEASIBLE,WORSE
828,2,7,63,21693,39585,1,FEASIBLE,WORSE
829,2,7,64,21947,39885,1,FEASIBLE,WORSE
830,2,7,65,22918,40699,0,CAPACITY_EXCEEDED,INVALID
831,2,7,66,22020,39751,1,FEASIBLE,WORSE
832,2,7,67,21711,39481,1,FEASIBLE,WORSE
833,2,7,68,22283,39739,1,FEASIBLE,WORSE
834,2,7,69,22043,39866,1,FEASIBLE,WORSE
835,2,7,70,23310,40750,0,CAPACITY_EXCEEDED,INVALID
836,2,7,71,23218,40290,0,CAPACITY_EXCEEDED,INVALID
837,2,7,72,22649,40304,1,FEASIBLE,WORSE
838,2,7,73,23201,40964,0,CAPACITY_EXCEEDED,INVALID
839,2,7,74,22031,39276,1,FEASIBLE,WORSE
840,2,7,75,23282,40854,0,CAPACITY_EXCEEDED,INVALID
841,2,7,76,23086,40654,0,CAPACITY_EXCEEDED,INVALID
842,2,7,77,22759,40431,0,CAPACITY_EXCEEDED,INVALID
843,2,7,78,22089,39757,1,FEASIBLE,WORSE
844,2,7,79,22333,39277,1,FEASIBLE,WORSE
845,2,7,80,21463,39489,1,FEASIBLE,WORSE
846,2,7,81,22304,39720,1,FEASIBLE,WORSE
847,2,7,82,21522,39399,1,FEASIBLE,WORSE
848,2,7,83,23305,40493,0,CAPACITY_EXCEEDED,INVALID
849,2,7,84,21771,39746,1,FEASIBLE,WORSE
850,2,7,85,22170,39307,1,FEASIBLE,WORSE
851,2,7,86,23210,40838,0,CAPACITY_EXCEEDED,INVALID
852,2,7,87,23316,40720,0,CAPACITY_EXCEEDED,INVALID
853,2,7,88,23047,40530,0,CAPACITY_EXCEEDED,INVALID
854,2,7,89,21833,39712,1,FEASIBLE,WORSE
855,2,7,90,21964,39302,1,FEASIBLE,WORSE
856,2,7,91,22689,40266,1,FEASIBLE,WORSE
857,2,7,92,22136,39476,1,FEASIBLE,WORSE
858,2,7,93,21667,39439,1,FEASIBLE,WORSE
859,2,7,94,21909,39373,1,FEASIBLE,WORSE
860,2,7,95,22147,39519,1,FEASIBLE,WORSE
861,2,7,96,22237,39450,1,FEASIBLE,WORSE
862,2,7,97,23008,40779,0,CAPACITY_EXCEEDED,INVALID
863,2,7,98,22045,39698,1,FEASIBLE,WORSE
864,2,7,99,22842,40687,0,CAPACITY_EXCEEDED,INVALID
865,2,8,9,23852,41172,0,CAPACITY_EXCEEDED,INVALID
866,2,8,10,22615,40307,1,FEASIBLE,WORSE
867,2,8,11,22769,40710,0,CAPACITY_EXCEEDED,INVALID
868,2,8,12,23200,40380,0,CAPACITY_EXCEEDED,INVALID
869,2,8,13,23458,41146,0,CAPACITY_EXCEEDED,INVALID
870,2,8,14,23050,40697,0,CAPACITY_EXCEEDED,INVALID
871,2,8,15,22643,40421,1,FEASIBLE,WORSE
872,2,8,16,24090,41372,0,CAPACITY_EXCEEDED,INVALID
873,2,8,17,22429,40197,1,FEASIBLE,WORSE
874,2,8,18,22430,40241,1,FEASIBLE,WORSE
875,2,8,19,24045,41174,0,CAPACITY_EXCEEDED,INVALID
876,2,8,20,23484,41169,0,CAPACITY_EXCEEDED,INVALID
877,2,8,21,24070,41685,0,CAPACITY_EXCEEDED,INVALID
878,2,8,22,22554,40203,1,FEASIBLE,WORSE
879,2,8,23,23144,40761,0,CAPACITY_EXCEEDED,INVALID
880,2,8,24,23211,40926,0,CAPACITY_EXCEEDED,INVALID
881,2,8,25,23213,40720,0,CAPACITY_EXCEEDED,INVALID
882,2,8,26,23984,41173,0,CAPACITY_EXCEEDED,INVALID
883,2,8,27,22978,40921,0,CAPACITY_EXCEEDED,INVALID
884,2,8,28,23118,40705,0,CAPACITY_EXCEEDED,INVALID
885,2,8,29,23853,41639,0,CAPACITY_EXCEEDED,INVALID
886,2,8,30,23573,41377,0,CAPACITY_EXCEEDED,INVALID
887,2,8,31,23158,40912,0,CAPACITY_EXCEEDED,INVALID
888,2,8,32,23068,40924,0,CAPACITY_EXCEEDED,INVALID
889,2,8,33,22700,40683,1,FEASIBLE,WORSE
890,2,8,34,23059,40853,0,CAPACITY_EXCEEDED,INVALID
891,2,8,35,23501,41165,0,CAPACITY_EXCEEDED,INVALID
892,2,8,36,22516,40305,1,FEASIBLE,WORSE
893,2,8,37,22773,40586,0,CAPACITY_EXCEEDED,INVALID
894,2,8,38,22905,40500,0,CAPACITY_EXCEEDED,INVALID
895,2,8,39,23702,41329,0,CAPACITY_EXCEEDED,INVALID
896,2,8,40,23204,40150,0,CAPACITY_EXCEEDED,INVALID
897,2,8,41,22841,40283,0,CAPACITY_EXCEEDED,INVALID
898,2,8,42,23649,41264,0,CAPACITY_EXCEEDED,INVALID
899,2,8,43,23039,40810,0,CAPACITY_EXCEEDED,INVALID
900,2,8,44,23119,40421,0,CAPACITY_EXCEEDED,INVALID
901,2,8,45,24128,41855,0,CAPACITY_EXCEEDED,INVALID
902,2,8,46,22717,40206,0,CAPACITY_EXCEEDED,INVALID
903,2,8,47,23018,40720,0,CAPACITY_EXCEEDED,INVALID
904,2,8,48,22622,40312,1,FEASIBLE,WORSE
905,2,8,49,24046,41814,0,CAPACITY_EXCEEDED,INVALID
906,2,8,50,23207,40839,0,CAPACITY_EXCEEDED,INVALID
907,2,8,51,23210,40555,0,CAPACITY_EXCEEDED,INVALID
908,2,8,52,23081,40260,0,CAPACITY_EXCEEDED,INVALID
909,2,8,53,22509,40296,1,FEASIBLE,WORSE
910,2,8,54,23067,40637,0,CAPACITY_EXCEEDED,INVALID
911,2,8,55,23933,41733,0,CAPACITY_EXCEEDED,INVALID
912,2,8,56,23907,41178,0,CAPACITY_EXCEEDED,INVALID
913,2,8,57,23773,41386,0,CAPACITY_EXCEEDED,INVALID
914,2,8,58,23007,40345,0,CAPACITY_EXCEEDED,INVALID
915,2,8,59,24204,41558,0,CAPACITY_EXCEEDED,INVALID
916,2,8,60,24026,41317,0,CAPACITY_EXCEEDED,INVALID
917,2,8,61,22711,40594,1,FEASIBLE,WORSE
918,2,8,62,23004,40439,0,CAPACITY_EXCEEDED,INVALID
919,2,8,63,22579,40468,1,FEASIBLE,WORSE
920,2,8,64,22833,40768,0,CAPACITY_EXCEEDED,INVALID
921,2,8,65,23804,41582,0,CAPACITY_EXCEEDED,INVALID
922,2,8,66,22906,40634,0,CAPACITY_EXCEEDED,INVALID
923,2,8,67,22597,40364,1,FEASIBLE,WORSE
924,2,8,68,23169,40622,0,CAPACITY_EXCEEDED,INVALID
925,2,8,69,22929,40749,0,CAPACITY_EXCEEDED,INVALID
926,2,8,70,24196,41633,0,CAPACITY_EXCEEDED,INVALID
927,2,8,71,24104,41173,0,CAPACITY_EXCEEDED,INVALID
928,2,8,72,23535,41187,0,CAPACITY_EXCEEDED,INVALID
929,2,8,73,24087,41847,0,CAPACITY_EXCEEDED,INVALID
930,2,8,74,22917,40159,0,CAPACITY_EXCEEDED,INVALID
931,2,8,75,24168,41737,0,CAPACITY_EXCEEDED,INVALID
932,2,8,76,23972,41537,0,CAPACITY_EXCEEDED,INVALID
933,2,8,77,23645,41314,0,CAPACITY_EXCEEDED,INVALID
934,2,8,78,22975,40640,0,CAPACITY_EXCEEDED,INVALID
935,2,8,79,23219,40160,0,CAPACITY_EXCEEDED,INVALID
936,2,8,80,22349,40372,1,FEASIBLE,WORSE
937,2,8,81,23190,40603,0,CAPACITY_EXCEEDED,INVALID
938,2,8,82,22408,40282,1,FEASIBLE,WORSE
939,2,8,83,24191,41376,0,CAPACITY_EXCEEDED,INVALID
940,2,8,84,22657,40629,1,FEASIBLE,WORSE
941,2,8,85,23056,40190,0,CAPACITY_EXCEEDED,INVALID
942,2,8,86,24096,41721,0,CAPACITY_EXCEEDED,INVALID
943,2,8,87,24202,41603,0,CAPACITY_EXCEEDED,INVALID
944,2,8,88,23933,41413,0,CAPACITY_EXCEEDED,INVALID
945,2,8,89,22719,40595,0,CAPACITY_EXCEEDED,INVALID
946,2,8,90,22850,40185,0,CAPACITY_EXCEEDED,INVALID
947,2,8,91,23575,41149,0,CAPACITY_EXCEEDED,INVALID
948,2,8,92,23022,40359,0,CAPACITY_EXCEEDED,INVALID
949,2,8,93,22553,40322,1,FEASIBLE,WORSE
950,2,8,94,22795,40256,0,CAPACITY_EXCEEDED,INVALID
951,2,8,95,23033,40402,0,CAPACITY_EXCEEDED,INVALID
952,2,8,96,23123,40333,0,CAPACITY_EXCEEDED,INVALID
953,2,8,97,23894,41662,0,CAPACITY_EXCEEDED,INVALID
954,2,8,98,22931,40581,0,CAPACITY_EXCEEDED,INVALID
955,2,8,99,23728,41570,0,CAPACITY_EXCEEDED,INVALID
956,2,9,10,22700,40242,1,FEASIBLE,WORSE
957,2,9,11,22854,40645,0,CAPACITY_EXCEEDED,INVALID
958,2,9,12,23285,40315,0,CAPACITY_EXCEEDED,INVALID
959,2,9,13,23543,41081,0,CAPACITY_EXCEEDED,INVALID
960,2,9,14,23135,40632,0,CAPACITY_EXCEEDED,INVALID
961,2,9,15,22728,40356,0,CAPACITY_EXCEEDED,INVALID
962,2,9,16,24175,41307,0,CAPACITY_EXCEEDED,INVALID
963,2,9,17,22514,40132,1,FEASIBLE,WORSE
964,2,9,18,22515,40176,1,FEASIBLE,WORSE
965,2,9,19,24130,41109,0,CAPACITY_EXCEEDED,INVALID
966,2,9,20,23569,41104,0,CAPACITY_EXCEEDED,INVALID
967,2,9,21,24155,41620,0,CAPACITY_EXCEEDED,INVALID
968,2,9,22,22639,40138,1,FEASIBLE,WORSE
969,2,9,23,23229,40696,0,CAPACITY_EXCEEDED,INVALID
970,2,9,24,23296,40861,0,CAPACITY_EXCEEDED,INVALID
971,2,9,25,23298,40655,0,CAPACITY_EXCEEDED,INVALID
972,2,9,26,24069,41108,0,CAPACITY_EXCEEDED,INVALID
973,2,9,27,23063,40856,0,CAPACITY_EXCEEDED,INVALID
974,2,9,28,23203,40640,0,CAPACITY_EXCEEDED,INVALID
975,2,9,29,23938,41574,0,CAPACITY_EXCEEDED,INVALID
976,2,9,30,23658,41312,0,CAPACITY_EXCEEDED,INVALID
977,2,9,31,23243,40847,0,CAPACITY_EXCEEDED,INVALID
978,2,9,32,23153,40859,0,CAPACITY_EXCEEDED,INVALID
979,2,9,33,22785,40618,0,CAPACITY_EXCEEDED,INVALID
980,2,9,34,23144,40788,0,CAPACITY_EXCEEDED,INVALID
981,2,9,35,23586,41100,0,CAPACITY_EXCEEDED,INVALID
982,2,9,36,22601,40240,1,FEASIBLE,WORSE
983,2,9,37,22858,40521,0,CAPACITY_EXCEEDED,INVALID
984,2,9,38,22990,40435,0,CAPACITY_EXCEEDED,INVALID
985,2,9,39,23787,41264,0,CAPACITY_EXCEEDED,INVALID
986,2,9,40,23289,40085,0,CAPACITY_EXCEEDED,INVALID
987,2,9,41,22926,40218,0,CAPACITY_EXCEEDED,INVALID
988,2,9,42,23734,41199,0,CAPACITY_EXCEEDED,INVALID
989,2,9,43,23124,40745,0,CAPACITY_EXCEEDED,INVALID
990,2,9,44,23204,40356,0,CAPACITY_EXCEEDED,INVALID
991,2,9,45,24213,41790,0,CAPACITY_EXCEEDED,INVALID
992,2,9,46,22802,40141,0,CAPACITY_EXCEEDED,INVALID
993,2,9,47,23103,40655,0,CAPACITY_EXCEEDED,INVALID
994,2,9,48,22707,40247,1,FEASIBLE,WORSE
995,2,9,49,24131,41749,0,CAPACITY_EXCEEDED,INVALID
996,2,9,50,23292,40774,0,CAPACITY_EXCEEDED,INVALID
997,2,9,51,23295,40490,0,CAPACITY_EXCEEDED,INVALID
998,2,9,52,23166,40195,0,CAPACITY_EXCEEDED,INVALID
999,2,9,53,22594,40231,1,FEASIBLE,WORSE
1000,2,9,54,23152,40572,0,CAPACITY_EXCEEDED,INVALID
1001,2,9,55,24018,41668,0,CAPACITY_EXCEEDED,INVALID
1002,2,9,56,23992,41113,0,CAPACITY_EXCEEDED,INVALID
1003,2,9,57,23858,41321,0,CAPACITY_EXCEEDED,INVALID
1004,2,9,58,23092,40280,0,CAPACITY_EXCEEDED,INVALID
1005,2,9,59,24289,41493,0,CAPACITY_EXCEEDED,INVALID
1006,2,9,60,24111,41252,0,CAPACITY_EXCEEDED,INVALID
1007,2,9,61,22796,40529,0,CAPACITY_EXCEEDED,INVALID
1008,2,9,62,23089,40374,0,CAPACITY_EXCEEDED,INVALID
1009,2,9,63,22664,40403,1,FEASIBLE,WORSE
1010,2,9,64,22918,40703,0,CAPACITY_EXCEEDED,INVALID
1011,2,9,65,23889,41517,0,CAPACITY_EXCEEDED,INVALID
1012,2,9,66,22991,40569,0,CAPACITY_EXCEEDED,INVALID
1013,2,9,67,22682,40299,1,FEASIBLE,WORSE
1014,2,9,68,23254,40557,0,CAPACITY_EXCEEDED,INVALID
1015,2,9,69,23014,40684,0,CAPACITY_EXCEEDED,INVALID
1016,2,9,70,24281,41568,0,CAPACITY_EXCEEDED,INVALID
1017,2,9,71,24189,41108,0,CAPACITY_EXCEEDED,INVALID
1018,2,9,72,23620,41122,0,CAPACITY_EXCEEDED,INVALID
1019,2,9,73,24172,41782,0,CAPACITY_EXCEEDED,INVALID
1020,2,9,74,23002,40094,0,CAPACITY_EXCEEDED,INVALID
1021,2,9,75,24253,41672,0,CAPACITY_EXCEEDED,INVALID
1022,2,9,76,24057,41472,0,CAPACITY_EXCEEDED,INVALID
1023,2,9,77,23730,41249,0,CAPACITY_EXCEEDED,INVALID
1024,2,9,78,23060,40575,0,CAPACITY_EXCEEDED,INVALID
1025,2,9,79,23304,40095,0,CAPACITY_EXCEEDED,INVALID
1026,2,9,80,22434,40307,1,FEASIBLE,WORSE
1027,2,9,81,23275,40538,0,CAPACITY_EXCEEDED,INVALID
1028,2,9,82,22493,40217,1,FEASIBLE,WORSE
1029,2,9,83,24276,41311,0,CAPACITY_EXCEEDED,INVALID
1030,2,9,84,22742,40564,0,CAPACITY_EXCEEDED,INVALID
1031,2,9,85,23141,40125,0,CAPACITY_EXCEEDED,INVALID
1032,2,9,86,24181,41656,0,CAPACITY_EXCEEDED,INVALID
1033,2,9,87,24287,41538,0,CAPACITY_EXCEEDED,INVALID
1034,2,9,88,24018,41348,0,CAPACITY_EXCEEDED,INVALID
1035,2,9,89,22804,40530,0,CAPACITY_EXCEEDED,INVALID
1036,2,9,90,22935,40120,0,CAPACITY_EXCEEDED,INVALID
1037,2,9,91,23660,41084,0,CAPACITY_EXCEEDED,INVALID
1038,2,9,92,23107,40294,0,CAPACITY_EXCEEDED,INVALID
1039,2,9,93,22638,40257,1,FEASIBLE,WORSE
1040,2,9,94,22880,40191,0,CAPACITY_EXCEEDED,INVALID
1041,2,9,95,23118,40337,0,CAPACITY_EXCEEDED,INVALID
1042,2,9,96,23208,40268,0,CAPACITY_EXCEEDED,INVALID
1043,2,9,97,23979,41597,0,CAPACITY_EXCEEDED,INVALID
1044,2,9,98,23016,40516,0,CAPACITY_EXCEEDED,INVALID
1045,2,9,99,23813,41505,0,CAPACITY_EXCEEDED,INVALID
1046,2,10,11,21617,39780,1,FEASIBLE,WORSE
1047,2,10,12,22048,39450,1,FEASIBLE,WORSE
1048,2,10,13,22306,40216,1,FEASIBLE,WORSE
1049,2,10,14,21898,39767,1,FEASIBLE,WORSE
1050,2,10,15,21491,39491,1,FEASIBLE,WORSE
1051,2,10,16,22938,40442,0,CAPACITY_EXCEEDED,INVALID
1052,2,10,17,21277,39267,1,FEASIBLE,WORSE
1053,2,10,18,21278,39311,1,FEASIBLE,WORSE
1054,2,10,19,22893,40244,0,CAPACITY_EXCEEDED,INVALID
1055,2,10,20,22332,40239,1,FEASIBLE,WORSE
1056,2,10,21,22918,40755,0,CAPACITY_EXCEEDED,INVALID
1057,2,10,22,21402,39273,1,FEASIBLE,WORSE
1058,2,10,23,21992,39831,1,FEASIBLE,WORSE
1059,2,10,24,22059,39996,1,FEASIBLE,WORSE
1060,2,10,25,22061,39790,1,FEASIBLE,WORSE
1061,2,10,26,22832,40243,0,CAPACITY_EXCEEDED,INVALID
1062,2,10,27,21826,39991,1,FEASIBLE,WORSE
1063,2,10,28,21966,39775,1,FEASIBLE,WORSE
1064,2,10,29,22701,40709,1,FEASIBLE,WORSE
1065,2,10,30,22421,40447,1,FEASIBLE,WORSE
1066,2,10,31,22006,39982,1,FEASIBLE,WORSE
1067,2,10,32,21916,39994,1,FEASIBLE,WORSE
1068,2,10,33,21548,39753,1,FEASIBLE,WORSE
1069,2,10,34,21907,39923,1,FEASIBLE,WORSE
1070,2,10,35,22349,40235,1,FEASIBLE,WORSE
1071,2,10,36,21364,39375,1,FEASIBLE,WORSE
1072,2,10,37,21621,39656,1,FEASIBLE,WORSE
1073,2,10,38,21753,39570,1,FEASIBLE,WORSE
1074,2,10,39,22550,40399,1,FEASIBLE,WORSE
1075,2,10,40,22052,39220,1,FEASIBLE,WORSE
1076,2,10,41,21689,39353,1,FEASIBLE,WORSE
1077,2,10,42,22497,40334,1,FEASIBLE,WORSE
1078,2,10,43,21887,39880,1,FEASIBLE,WORSE
1079,2,10,44,21967,39491,1,FEASIBLE,WORSE
1080,2,10,45,22976,40925,0,CAPACITY_EXCEEDED,INVALID
1081,2,10,46,21565,39276,1,FEASIBLE,WORSE
1082,2,10,47,21866,39790,1,FEASIBLE,WORSE
1083,2,10,48,21470,39382,1,FEASIBLE,WORSE
1084,2,10,49,22894,40884,0,CAPACITY_EXCEEDED,INVALID
1085,2,10,50,22055,39909,1,FEASIBLE,WORSE
1086,2,10,51,22058,39625,1,FEASIBLE,WORSE
1087,2,10,52,21929,39330,1,FEASIBLE,WORSE
1088,2,10,53,21357,39366,1,FEASIBLE,WORSE
1089,2,10,54,21915,39707,1,FEASIBLE,WORSE
1090,2,10,55,22781,40803,0,CAPACITY_EXCEEDED,INVALID
1091,2,10,56,22755,40248,0,CAPACITY_EXCEEDED,INVALID
1092,2,10,57,22621,40456,1,FEASIBLE,WORSE
1093,2,10,58,21855,39415,1,FEASIBLE,WORSE
1094,2,10,59,23052,40628,0,CAPACITY_EXCEEDED,INVALID
1095,2,10,60,22874,40387,0,CAPACITY_EXCEEDED,INVALID
1096,2,10,61,21559,39664,1,FEASIBLE,WORSE
1097,2,10,62,21852,39509,1,FEASIBLE,WORSE
1098,2,10,63,21427,39538,1,FEASIBLE,WORSE
1099,2,10,64,21681,39838,1,FEASIBLE,WORSE
1100,2,10,65,22652,40652,1,FEASIBLE,WORSE
1101,2,10,66,21754,39704,1,FEASIBLE,WORSE
1102,2,10,67,21445,39434,1,FEASIBLE,WORSE
1103,2,10,68,22017,39692,1,FEASIBLE,WORSE
1104,2,10,69,21777,39819,1,FEASIBLE,WORSE
1105,2,10,70,23044,40703,0,CAPACITY_EXCEEDED,INVALID
1106,2,10,71,22952,40243,0,CAPACITY_EXCEEDED,INVALID
1107,2,10,72,22383,40257,1,FEASIBLE,WORSE
1108,2,10,73,22935,40917,0,CAPACITY_EXCEEDED,INVALID
1109,2,10,74,21765,39229,1,FEASIBLE,WORSE
1110,2,10,75,23016,40807,0,CAPACITY_EXCEEDED,INVALID
1111,2,10,76,22820,40607,0,CAPACITY_EXCEEDED,INVALID
1112,2,10,77,22493,40384,1,FEASIBLE,WORSE
1113,2,10,78,21823,39710,1,FEASIBLE,WORSE
1114,2,10,79,22067,39230,1,FEASIBLE,WORSE
1115,2,10,80,21197,39442,1,FEASIBLE,WORSE
1116,2,10,81,22038,39673,1,FEASIBLE,WORSE
1117,2,10,82,21256,39352,1,FEASIBLE,WORSE
1118,2,10,83,23039,40446,0,CAPACITY_EXCEEDED,INVALID
1119,2,10,84,21505,39699,1,FEASIBLE,WORSE
1120,2,10,85,21904,39260,1,FEASIBLE,WORSE
1121,2,10,86,22944,40791,0,CAPACITY_EXCEEDED,INVALID
1122,2,10,87,23050,40673,0,CAPACITY_EXCEEDED,INVALID
1123,2,10,88,22781,40483,0,CAPACITY_EXCEEDED,INVALID
1124,2,10,89,21567,39665,1,FEASIBLE,WORSE
1125,2,10,90,21698,39255,1,FEASIBLE,WORSE
1126,2,10,91,22423,40219,1,FEASIBLE,WORSE
1127,2,10,92,21870,39429,1,FEASIBLE,WORSE
1128,2,10,93,21401,39392,1,FEASIBLE,WORSE
1129,2,10,94,21643,39326,1,FEASIBLE,WORSE
1130,2,10,95,21881,39472,1,FEASIBLE,WORSE
1131,2,10,96,21971,39403,1,FEASIBLE,WORSE
1132,2,10,97,22742,40732,0,CAPACITY_EXCEEDED,INVALID
1133,2,10,98,21779,39651,1,FEASIBLE,WORSE
1134,2,10,99,22576,40640,1,FEASIBLE,WORSE
1135,2,11,12,22202,39853,1,FEASIBLE,WORSE
1136,2,11,13,22460,40619,1,FEASIBLE,WORSE
1137,2,11,14,22052,40170,1,FEASIBLE,WORSE
1138,2,11,15,21645,39894,1,FEASIBLE,WORSE
1139,2,11,16,23092,40845,0,CAPACITY_EXCEEDED,INVALID
1140,2,11,17,21431,39670,1,FEASIBLE,WORSE
1141,2,11,18,21432,39714,1,FEASIBLE,WORSE
1142,2,11,19,23047,40647,0,CAPACITY_EXCEEDED,INVALID
1143,2,11,20,22486,40642,1,FEASIBLE,WORSE
1144,2,11,21,23072,41158,0,CAPACITY_EXCEEDED,INVALID
1145,2,11,22,21556,39676,1,FEASIBLE,WORSE
1146,2,11,23,22146,40234,1,FEASIBLE,WORSE
1147,2,11,24,22213,40399,1,FEASIBLE,WORSE
1148,2,11,25,22215,40193,1,FEASIBLE,WORSE
1149,2,11,26,22986,40646,0,CAPACITY_EXCEEDED,INVALID
1150,2,11,27,21980,40394,1,FEASIBLE,WORSE
1151,2,11,28,22120,40178,1,FEASIBLE,WORSE
1152,2,11,29,22855,41112,0,CAPACITY_EXCEEDED,INVALID
1153,2,11,30,22575,40850,1,FEASIBLE,WORSE
1154,2,11,31,22160,40385,1,FEASIBLE,WORSE
1155,2,11,32,22070,40397,1,FEASIBLE,WORSE
1156,2,11,33,21702,40156,1,FEASIBLE,WORSE
1157,2,11,34,22061,40326,1,FEASIBLE,WORSE
1158,2,11,35,22503,40638,1,FEASIBLE,WORSE
1159,2,11,36,21518,39778,1,FEASIBLE,WORSE
1160,2,11,37,21775,40059,1,FEASIBLE,WORSE
1161,2,11,38,21907,39973,1,FEASIBLE,WORSE
1162,2,11,39,22704,40802,1,FEASIBLE,WORSE
1163,2,11,40,22206,39623,1,FEASIBLE,WORSE
1164,2,11,41,21843,39756,1,FEASIBLE,WORSE
1165,2,11,42,22651,40737,1,FEASIBLE,WORSE
1166,2,11,43,22041,40283,1,FEASIBLE,WORSE
1167,2,11,44,22121,39894,1,FEASIBLE,WORSE
1168,2,11,45,23130,41328,0,CAPACITY_EXCEEDED,INVALID
1169,2,11,46,21719,39679,1,FEASIBLE,WORSE
1170,2,11,47,22020,40193,1,FEASIBLE,WORSE
1171,2,11,48,21624,39785,1,FEASIBLE,WORSE
1172,2,11,49,23048,41287,0,CAPACITY_EXCEEDED,INVALID
1173,2,11,50,22209,40312,1,FEASIBLE,WORSE
1174,2,11,51,22212,40028,1,FEASIBLE,WORSE
1175,2,11,52,22083,39733,1,FEASIBLE,WORSE
1176,2,11,53,21511,39769,1,FEASIBLE,WORSE
1177,2,11,54,22069,40110,1,FEASIBLE,WORSE
1178,2,11,55,22935,41206,0,CAPACITY_EXCEEDED,INVALID
1179,2,11,56,22909,40651,0,CAPACITY_EXCEEDED,INVALID
1180,2,11,57,22775,40859,0,CAPACITY_EXCEEDED,INVALID
1181,2,11,58,22009,39818,1,FEASIBLE,WORSE
1182,2,11,59,23206,41031,0,CAPACITY_EXCEEDED,INVALID
1183,2,11,60,23028,40790,0,CAPACITY_EXCEEDED,INVALID
1184,2,11,61,21713,40067,1,FEASIBLE,WORSE
1185,2,11,62,22006,39912,1,FEASIBLE,WORSE
1186,2,11,63,21581,39941,1,FEASIBLE,WORSE
1187,2,11,64,21835,40241,1,FEASIBLE,WORSE
1188,2,11,65,22806,41055,0,CAPACITY_EXCEEDED,INVALID
1189,2,11,66,21908,40107,1,FEASIBLE,WORSE
1190,2,11,67,21599,39837,1,FEASIBLE,WORSE
1191,2,11,68,22171,40095,1,FEASIBLE,WORSE
1192,2,11,69,21931,40222,1,FEASIBLE,WORSE
1193,2,11,70,23198,41106,0,CAPACITY_EXCEEDED,INVALID
1194,2,11,71,23106,40646,0,CAPACITY_EXCEEDED,INVALID
1195,2,11,72,22537,40660,1,FEASIBLE,WORSE
1196,2,11,73,23089,41320,0,CAPACITY_EXCEEDED,INVALID
1197,2,11,74,21919,39632,1,FEASIBLE,WORSE
1198,2,11,75,23170,41210,0,CAPACITY_EXCEEDED,INVALID
1199,2,11,76,22974,41010,0,CAPACITY_EXCEEDED,INVALID
1200,2,11,77,22647,40787,1,FEASIBLE,WORSE
1201,2,11,78,21977,40113,1,FEASIBLE,WORSE
1202,2,11,79,22221,39633,1,FEASIBLE,WORSE
1203,2,11,80,21351,39845,1,FEASIBLE,WORSE
1204,2,11,81,22192,40076,1,FEASIBLE,WORSE
1205,2,11,82,21410,39755,1,FEASIBLE,WORSE
1206,2,11,83,23193,40849,0,CAPACITY_EXCEEDED,INVALID
1207,2,11,84,21659,40102,1,FEASIBLE,WORSE
1208,2,11,85,22058,39663,1,FEASIBLE,WORSE
1209,2,11,86,23098,41194,0,CAPACITY_EXCEEDED,INVALID
1210,2,11,87,23204,41076,0,CAPACITY_EXCEEDED,INVALID
1211,2,11,88,22935,40886,0,CAPACITY_EXCEEDED,INVALID
1212,2,11,89,21721,40068,1,FEASIBLE,WORSE
1213,2,11,90,21852,39658,1,FEASIBLE,WORSE
1214,2,11,91,22577,40622,1,FEASIBLE,WORSE
1215,2,11,92,22024,39832,1,FEASIBLE,WORSE
1216,2,11,93,21555,39795,1,FEASIBLE,WORSE
1217,2,11,94,21797,39729,1,FEASIBLE,WORSE
1218,2,11,95,22035,39875,1,FEASIBLE,WORSE
1219,2,11,96,22125,39806,1,FEASIBLE,WORSE
1220,2,11,97,22896,41135,0,CAPACITY_EXCEEDED,INVALID
1221,2,11,98,21933,40054,1,FEASIBLE,WORSE
1222,2,11,99,22730,41043,0,CAPACITY_EXCEEDED,INVALID
1223,2,12,13,22891,40289,0,CAPACITY_EXCEEDED,INVALID
1224,2,12,14,22483,39840,1,FEASIBLE,WORSE
1225,2,12,15,22076,39564,1,FEASIBLE,WORSE
1226,2,12,16,23523,40515,0,CAPACITY_EXCEEDED,INVALID
1227,2,12,17,21862,39340,1,FEASIBLE,WORSE
1228,2,12,18,21863,39384,1,FEASIBLE,WORSE
1229,2,12,19,23478,40317,0,CAPACITY_EXCEEDED,INVALID
1230,2,12,20,22917,40312,0,CAPACITY_EXCEEDED,INVALID
1231,2,12,21,23503,40828,0,CAPACITY_EXCEEDED,INVALID
1232,2,12,22,21987,39346,1,FEASIBLE,WORSE
1233,2,12,23,22577,39904,1,FEASIBLE,WORSE
1234,2,12,24,22644,40069,1,FEASIBLE,WORSE
1235,2,12,25,22646,39863,1,FEASIBLE,WORSE
1236,2,12,26,23417,40316,0,CAPACITY_EXCEEDED,INVALID
1237,2,12,27,22411,40064,1,FEASIBLE,WORSE
1238,2,12,28,22551,39848,1,FEASIBLE,WORSE
1239,2,12,29,23286,40782,0,CAPACITY_EXCEEDED,INVALID
1240,2,12,30,23006,40520,0,CAPACITY_EXCEEDED,INVALID
1241,2,12,31,22591,40055,1,FEASIBLE,WORSE
1242,2,12,32,22501,40067,1,FEASIBLE,WORSE
1243,2,12,33,22133,39826,1,FEASIBLE,WORSE
1244,2,12,34,22492,39996,1,FEASIBLE,WORSE
1245,2,12,35,22934,40308,0,CAPACITY_EXCEEDED,INVALID
1246,2,12,36,21949,39448,1,FEASIBLE,WORSE
1247,2,12,37,22206,39729,1,FEASIBLE,WORSE
1248,2,12,38,22338,39643,1,FEASIBLE,WORSE
1249,2,12,39,23135,40472,0,CAPACITY_EXCEEDED,INVALID
1250,2,12,40,22637,39293,1,FEASIBLE,WORSE
1251,2,12,41,22274,39426,1,FEASIBLE,WORSE
1252,2,12,42,23082,40407,0,CAPACITY_EXCEEDED,INVALID
1253,2,12,43,22472,39953,1,FEASIBLE,WORSE
1254,2,12,44,22552,39564,1,FEASIBLE,WORSE
1255,2,12,45,23561,40998,0,CAPACITY_EXCEEDED,INVALID
1256,2,12,46,22150,39349,1,FEASIBLE,WORSE
1257,2,12,47,22451,39863,1,FEASIBLE,WORSE
1258,2,12,48,22055,39455,1,FEASIBLE,WORSE
1259,2,12,49,23479,40957,0,CAPACITY_EXCEEDED,INVALID
1260,2,12,50,22640,39982,1,FEASIBLE,WORSE
1261,2,12,51,22643,39698,1,FEASIBLE,WORSE
1262,2,12,52,22514,39403,1,FEASIBLE,WORSE
1263,2,12,53,21942,39439,1,FEASIBLE,WORSE
1264,2,12,54,22500,39780,1,FEASIBLE,WORSE
1265,2,12,55,23366,40876,0,CAPACITY_EXCEEDED,INVALID
1266,2,12,56,23340,40321,0,CAPACITY_EXCEEDED,INVALID
1267,2,12,57,23206,40529,0,CAPACITY_EXCEEDED,INVALID
1268,2,12,58,22440,39488,1,FEASIBLE,WORSE
1269,2,12,59,23637,40701,0,CAPACITY_EXCEEDED,INVALID
1270,2,12,60,23459,40460,0,CAPACITY_EXCEEDED,INVALID
1271,2,12,61,22144,39737,1,FEASIBLE,WORSE
1272,2,12,62,22437,39582,1,FEASIBLE,WORSE
1273,2,12,63,22012,39611,1,FEASIBLE,WORSE
1274,2,12,64,22266,39911,1,FEASIBLE,WORSE
1275,2,12,65,23237,40725,0,CAPACITY_EXCEEDED,INVALID
1276,2,12,66,22339,39777,1,FEASIBLE,WORSE
1277,2,12,67,22030,39507,1,FEASIBLE,WORSE
1278,2,12,68,22602,39765,1,FEASIBLE,WORSE
1279,2,12,69,22362,39892,1,FEASIBLE,WORSE
1280,2,12,70,23629,40776,0,CAPACITY_EXCEEDED,INVALID
1281,2,12,71,23537,40316,0,CAPACITY_EXCEEDED,INVALID
1282,2,12,72,22968,40330,0,CAPACITY_EXCEEDED,INVALID
1283,2,12,73,23520,40990,0,CAPACITY_EXCEEDED,INVALID
1284,2,12,74,22350,39302,1,FEASIBLE,WORSE
1285,2,12,75,23601,40880,0,CAPACITY_EXCEEDED,INVALID
1286,2,12,76,23405,40680,0,CAPACITY_EXCEEDED,INVALID
1287,2,12,77,23078,40457,0,CAPACITY_EXCEEDED,INVALID
1288,2,12,78,22408,39783,1,FEASIBLE,WORSE
1289,2,12,79,22652,39303,1,FEASIBLE,WORSE
1290,2,12,80,21782,39515,1,FEASIBLE,WORSE
1291,2,12,81,22623,39746,1,FEASIBLE,WORSE
1292,2,12,82,21841,39425,1,FEASIBLE,WORSE
1293,2,12,83,23624,40519,0,CAPACITY_EXCEEDED,INVALID
1294,2,12,84,22090,39772,1,FEASIBLE,WORSE
1295,2,12,85,22489,39333,1,FEASIBLE,WORSE
1296,2,12,86,23529,40864,0,CAPACITY_EXCEEDED,INVALID
1297,2,12,87,23635,40746,0,CAPACITY_EXCEEDED,INVALID
1298,2,12,88,23366,40556,0,CAPACITY_EXCEEDED,INVALID
1299,2,12,89,22152,39738,1,FEASIBLE,WORSE
1300,2,12,90,22283,39328,1,FEASIBLE,WORSE
1301,2,12,91,23008,40292,0,CAPACITY_EXCEEDED,INVALID
1302,2,12,92,22455,39502,1,FEASIBLE,WORSE
1303,2,12,93,21986,39465,1,FEASIBLE,WORSE
1304,2,12,94,22228,39399,1,FEASIBLE,WORSE
1305,2,12,95,22466,39545,1,FEASIBLE,WORSE
1306,2,12,96,22556,39476,1,FEASIBLE,WORSE
1307,2,12,97,23327,40805,0,CAPACITY_EXCEEDED,INVALID
1308,2,12,98,22364,39724,1,FEASIBLE,WORSE
1309,2,12,99,23161,40713,0,CAPACITY_EXCEEDED,INVALID
1310,2,13,14,22741,40606,0,CAPACITY_EXCEEDED,INVALID
1311,2,13,15,22334,40330,1,FEASIBLE,WORSE
1312,2,13,16,23781,41281,0,CAPACITY_EXCEEDED,INVALID
1313,2,13,17,22120,40106,1,FEASIBLE,WORSE
1314,2,13,18,22121,40150,1,FEASIBLE,WORSE
1315,2,13,19,23736,41083,0,CAPACITY_EXCEEDED,INVALID
1316,2,13,20,23175,41078,0,CAPACITY_EXCEEDED,INVALID
1317,2,13,21,23761,41594,0,CAPACITY_EXCEEDED,INVALID
1318,2,13,22,22245,40112,1,FEASIBLE,WORSE
1319,2,13,23,22835,40670,0,CAPACITY_EXCEEDED,INVALID
1320,2,13,24,22902,40835,0,CAPACITY_EXCEEDED,INVALID
1321,2,13,25,22904,40629,0,CAPACITY_EXCEEDED,INVALID
1322,2,13,26,23675,41082,0,CAPACITY_EXCEEDED,INVALID
1323,2,13,27,22669,40830,1,FEASIBLE,WORSE
1324,2,13,28,22809,40614,0,CAPACITY_EXCEEDED,INVALID
1325,2,13,29,23544,41548,0,CAPACITY_EXCEEDED,INVALID
1326,2,13,30,23264,41286,0,CAPACITY_EXCEEDED,INVALID
1327,2,13,31,22849,40821,0,CAPACITY_EXCEEDED,INVALID
1328,2,13,32,22759,40833,0,CAPACITY_EXCEEDED,INVALID
1329,2,13,33,22391,40592,1,FEASIBLE,WORSE
1330,2,13,34,22750,40762,0,CAPACITY_EXCEEDED,INVALID
1331,2,13,35,23192,41074,0,CAPACITY_EXCEEDED,INVALID
1332,2,13,36,22207,40214,1,FEASIBLE,WORSE
1333,2,13,37,22464,40495,1,FEASIBLE,WORSE
1334,2,13,38,22596,40409,1,FEASIBLE,WORSE
1335,2,13,39,23393,41238,0,CAPACITY_EXCEEDED,INVALID
1336,2,13,40,22895,40059,0,CAPACITY_EXCEEDED,INVALID
1337,2,13,41,22532,40192,1,FEASIBLE,WORSE
1338,2,13,42,23340,41173,0,CAPACITY_EXCEEDED,INVALID
1339,2,13,43,22730,40719,0,CAPACITY_EXCEEDED,INVALID
1340,2,13,44,22810,40330,0,CAPACITY_EXCEEDED,INVALID
1341,2,13,45,23819,41764,0,CAPACITY_EXCEEDED,INVALID
1342,2,13,46,22408,40115,1,FEASIBLE,WORSE
1343,2,13,47,22709,40629,1,FEASIBLE,WORSE
1344,2,13,48,22313,40221,1,FEASIBLE,WORSE
1345,2,13,49,23737,41723,0,CAPACITY_EXCEEDED,INVALID
1346,2,13,50,22898,40748,0,CAPACITY_EXCEEDED,INVALID
1347,2,13,51,22901,40464,0,CAPACITY_EXCEEDED,INVALID
1348,2,13,52,22772,40169,0,CAPACITY_EXCEEDED,INVALID
1349,2,13,53,22200,40205,1,FEASIBLE,WORSE
1350,2,13,54,22758,40546,0,CAPACITY_EXCEEDED,INVALID
1351,2,13,55,23624,41642,0,CAPACITY_EXCEEDED,INVALID
1352,2,13,56,23598,41087,0,CAPACITY_EXCEEDED,INVALID
1353,2,13,57,23464,41295,0,CAPACITY_EXCEEDED,INVALID
1354,2,13,58,22698,40254,1,FEASIBLE,WORSE
1355,2,13,59,23895,41467,0,CAPACITY_EXCEEDED,INVALID
1356,2,13,60,23717,41226,0,CAPACITY_EXCEEDED,INVALID
1357,2,13,61,22402,40503,1,FEASIBLE,WORSE
1358,2,13,62,22695,40348,1,FEASIBLE,WORSE
1359,2,13,63,22270,40377,1,FEASIBLE,WORSE
1360,2,13,64,22524,40677,1,FEASIBLE,WORSE
1361,2,13,65,23495,41491,0,CAPACITY_EXCEEDED,INVALID
1362,2,13,66,22597,40543,1,FEASIBLE,WORSE
1363,2,13,67,22288,40273,1,FEASIBLE,WORSE
1364,2,13,68,22860,40531,0,CAPACITY_EXCEEDED,INVALID
1365,2,13,69,22620,40658,1,FEASIBLE,WORSE
1366,2,13,70,23887,41542,0,CAPACITY_EXCEEDED,INVALID
1367,2,13,71,23795,41082,0,CAPACITY_EXCEEDED,INVALID
1368,2,13,72,23226,41096,0,CAPACITY_EXCEEDED,INVALID
1369,2,13,73,23778,41756,0,CAPACITY_EXCEEDED,INVALID
1370,2,13,74,22608,40068,1,FEASIBLE,WORSE
1371,2,13,75,23859,41646,0,CAPACITY_EXCEEDED,INVALID
1372,2,13,76,23663,41446,0,CAPACITY_EXCEEDED,INVALID
1373,2,13,77,23336,41223,0,CAPACITY_EXCEEDED,INVALID
1374,2,13,78,22666,40549,1,FEASIBLE,WORSE
1375,2,13,79,22910,40069,0,CAPACITY_EXCEEDED,INVALID
1376,2,13,80,22040,40281,1,FEASIBLE,WORSE
1377,2,13,81,22881,40512,0,CAPACITY_EXCEEDED,INVALID
1378,2,13,82,22099,40191,1,FEASIBLE,WORSE
1379,2,13,83,23882,41285,0,CAPACITY_EXCEEDED,INVALID
1380,2,13,84,22348,40538,1,FEASIBLE,WORSE
1381,2,13,85,22747,40099,0,CAPACITY_EXCEEDED,INVALID
1382,2,13,86,23787,41630,0,CAPACITY_EXCEEDED,INVALID
1383,2,13,87,23893,41512,0,CAPACITY_EXCEEDED,INVALID
1384,2,13,88,23624,41322,0,CAPACITY_EXCEEDED,INVALID
1385,2,13,89,22410,40504,1,FEASIBLE,WORSE
1386,2,13,90,22541,40094,1,FEASIBLE,WORSE
1387,2,13,91,23266,41058,0,CAPACITY_EXCEEDED,INVALID
1388,2,13,92,22713,40268,1,FEASIBLE,WORSE
1389,2,13,93,22244,40231,1,FEASIBLE,WORSE
1390,2,13,94,22486,40165,1,FEASIBLE,WORSE
1391,2,13,95,22724,40311,0,CAPACITY_EXCEEDED,INVALID
1392,2,13,96,22814,40242,0,CAPACITY_EXCEEDED,INVALID
1393,2,13,97,23585,41571,0,CAPACITY_EXCEEDED,INVALID
1394,2,13,98,22622,40490,1,FEASIBLE,WORSE
1395,2,13,99,23419,41479,0,CAPACITY_EXCEEDED,INVALID
1396,2,14,15,21926,39881,1,FEASIBLE,WORSE
1397,2,14,16,23373,40832,0,CAPACITY_EXCEEDED,INVALID
1398,2,14,17,21712,39657,1,FEASIBLE,WORSE
1399,2,14,18,21713,39701,1,FEASIBLE,WORSE
1400,2,14,19,23328,40634,0,CAPACITY_EXCEEDED,INVALID
1401,2,14,20,22767,40629,0,CAPACITY_EXCEEDED,INVALID
1402,2,14,21,23353,41145,0,CAPACITY_EXCEEDED,INVALID
1403,2,14,22,21837,39663,1,FEASIBLE,WORSE
1404,2,14,23,22427,40221,1,FEASIBLE,WORSE
1405,2,14,24,22494,40386,1,FEASIBLE,WORSE
1406,2,14,25,22496,40180,1,FEASIBLE,WORSE
1407,2,14,26,23267,40633,0,CAPACITY_EXCEEDED,INVALID
1408,2,14,27,22261,40381,1,FEASIBLE,WORSE
1409,2,14,28,22401,40165,1,FEASIBLE,WORSE
1410,2,14,29,23136,41099,0,CAPACITY_EXCEEDED,INVALID
1411,2,14,30,22856,40837,0,CAPACITY_EXCEEDED,INVALID
1412,2,14,31,22441,40372,1,FEASIBLE,WORSE
1413,2,14,32,22351,40384,1,FEASIBLE,WORSE
1414,2,14,33,21983,40143,1,FEASIBLE,WORSE
1415,2,14,34,22342,40313,1,FEASIBLE,WORSE
1416,2,14,35,22784,40625,0,CAPACITY_EXCEEDED,INVALID
1417,2,14,36,21799,39765,1,FEASIBLE,WORSE
1418,2,14,37,22056,40046,1,FEASIBLE,WORSE
1419,2,14,38,22188,39960,1,FEASIBLE,WORSE
1420,2,14,39,22985,40789,0,CAPACITY_EXCEEDED,INVALID
1421,2,14,40,22487,39610,1,FEASIBLE,WORSE
1422,2,14,41,22124,39743,1,FEASIBLE,WORSE
1423,2,14,42,22932,40724,0,CAPACITY_EXCEEDED,INVALID
1424,2,14,43,22322,40270,1,FEASIBLE,WORSE
1425,2,14,44,22402,39881,1,FEASIBLE,WORSE
1426,2,14,45,23411,41315,0,CAPACITY_EXCEEDED,INVALID
1427,2,14,46,22000,39666,1,FEASIBLE,WORSE
1428,2,14,47,22301,40180,1,FEASIBLE,WORSE
1429,2,14,48,21905,39772,1,FEASIBLE,WORSE
1430,2,14,49,23329,41274,0,CAPACITY_EXCEEDED,INVALID
1431,2,14,50,22490,40299,1,FEASIBLE,WORSE
1432,2,14,51,22493,40015,1,FEASIBLE,WORSE
1433,2,14,52,22364,39720,1,FEASIBLE,WORSE
1434,2,14,53,21792,39756,1,FEASIBLE,WORSE
1435,2,14,54,22350,40097,1,FEASIBLE,WORSE
1436,2,14,55,23216,41193,0,CAPACITY_EXCEEDED,INVALID
1437,2,14,56,23190,40638,0,CAPACITY_EXCEEDED,INVALID
1438,2,14,57,23056,40846,0,CAPACITY_EXCEEDED,INVALID
1439,2,14,58,22290,39805,1,FEASIBLE,WORSE
1440,2,14,59,23487,41018,0,CAPACITY_EXCEEDED,INVALID
1441,2,14,60,23309,40777,0,CAPACITY_EXCEEDED,INVALID
1442,2,14,61,21994,40054,1,FEASIBLE,WORSE
1443,2,14,62,22287,39899,1,FEASIBLE,WORSE
1444,2,14,63,21862,39928,1,FEASIBLE,WORSE
1445,2,14,64,22116,40228,1,FEASIBLE,WORSE
1446,2,14,65,23087,41042,0,CAPACITY_EXCEEDED,INVALID
1447,2,14,66,22189,40094,1,FEASIBLE,WORSE
1448,2,14,67,21880,39824,1,FEASIBLE,WORSE
1449,2,14,68,22452,40082,1,FEASIBLE,WORSE
1450,2,14,69,22212,40209,1,FEASIBLE,WORSE
1451,2,14,70,23479,41093,0,CAPACITY_EXCEEDED,INVALID
1452,2,14,71,23387,40633,0,CAPACITY_EXCEEDED,INVALID
1453,2,14,72,22818,40647,0,CAPACITY_EXCEEDED,INVALID
1454,2,14,73,23370,41307,0,CAPACITY_EXCEEDED,INVALID
1455,2,14,74,22200,39619,1,FEASIBLE,WORSE
1456,2,14,75,23451,41197,0,CAPACITY_EXCEEDED,INVALID
1457,2,14,76,23255,40997,0,CAPACITY_EXCEEDED,INVALID
1458,2,14,77,22928,40774,0,CAPACITY_EXCEEDED,INVALID
1459,2,14,78,22258,40100,1,FEASIBLE,WORSE
1460,2,14,79,22502,39620,1,FEASIBLE,WORSE
1461,2,14,80,21632,39832,1,FEASIBLE,WORSE
1462,2,14,81,22473,40063,1,FEASIBLE,WORSE
1463,2,14,82,21691,39742,1,FEASIBLE,WORSE
1464,2,14,83,23474,40836,0,CAPACITY_EXCEEDED,INVALID
1465,2,14,84,21940,40089,1,FEASIBLE,WORSE
1466,2,14,85,22339,39650,1,FEASIBLE,WORSE
1467,2,14,86,23379,41181,0,CAPACITY_EXCEEDED,INVALID
1468,2,14,87,23485,41063,0,CAPACITY_EXCEEDED,INVALID
1469,2,14,88,23216,40873,0,CAPACITY_EXCEEDED,INVALID
1470,2,14,89,22002,40055,1,FEASIBLE,WORSE
1471,2,14,90,22133,39645,1,FEASIBLE,WORSE
1472,2,14,91,22858,40609,0,CAPACITY_EXCEEDED,INVALID
1473,2,14,92,22305,39819,1,FEASIBLE,WORSE
1474,2,14,93,21836,39782,1,FEASIBLE,WORSE
1475,2,14,94,22078,39716,1,FEASIBLE,WORSE
1476,2,14,95,22316,39862,1,FEASIBLE,WORSE
1477,2,14,96,22406,39793,1,FEASIBLE,WORSE
1478,2,14,97,23177,41122,0,CAPACITY_EXCEEDED,INVALID
1479,2,14,98,22214,40041,1,FEASIBLE,WORSE
1480,2,14,99,23011,41030,0,CAPACITY_EXCEEDED,INVALID
1481,2,15,16,22966,40556,0,CAPACITY_EXCEEDED,INVALID
1482,2,15,17,21305,39381,1,FEASIBLE,WORSE
1483,2,15,18,21306,39425,1,FEASIBLE,WORSE
1484,2,15,19,22921,40358,0,CAPACITY_EXCEEDED,INVALID
1485,2,15,20,22360,40353,1,FEASIBLE,WORSE
1486,2,15,21,22946,40869,0,CAPACITY_EXCEEDED,INVALID
1487,2,15,22,21430,39387,1,FEASIBLE,WORSE
1488,2,15,23,22020,39945,1,FEASIBLE,WORSE
1489,2,15,24,22087,40110,1,FEASIBLE,WORSE
1490,2,15,25,22089,39904,1,FEASIBLE,WORSE
1491,2,15,26,22860,40357,0,CAPACITY_EXCEEDED,INVALID
1492,2,15,27,21854,40105,1,FEASIBLE,WORSE
1493,2,15,28,21994,39889,1,FEASIBLE,WORSE
1494,2,15,29,22729,40823,0,CAPACITY_EXCEEDED,INVALID
1495,2,15,30,22449,40561,1,FEASIBLE,WORSE
1496,2,15,31,22034,40096,1,FEASIBLE,WORSE
1497,2,15,32,21944,40108,1,FEASIBLE,WORSE
1498,2,15,33,21576,39867,1,FEASIBLE,WORSE
1499,2,15,34,21935,40037,1,FEASIBLE,WORSE
1500,2,15,35,22377,40349,1,FEASIBLE,WORSE
1501,2,15,36,21392,39489,1,FEASIBLE,WORSE
1502,2,15,37,21649,39770,1,FEASIBLE,WORSE
1503,2,15,38,21781,39684,1,FEASIBLE,WORSE
1504,2,15,39,22578,40513,1,FEASIBLE,WORSE
1505,2,15,40,22080,39334,1,FEASIBLE,WORSE
1506,2,15,41,21717,39467,1,FEASIBLE,WORSE
1507,2,15,42,22525,40448,1,FEASIBLE,WORSE
1508,2,15,43,21915,39994,1,FEASIBLE,WORSE
1509,2,15,44,21995,39605,1,FEASIBLE,WORSE
1510,2,15,45,23004,41039,0,CAPACITY_EXCEEDED,INVALID
1511,2,15,46,21593,39390,1,FEASIBLE,WORSE
1512,2,15,47,21894,39904,1,FEASIBLE,WORSE
1513,2,15,48,21498,39496,1,FEASIBLE,WORSE
1514,2,15,49,22922,40998,0,CAPACITY_EXCEEDED,INVALID
1515,2,15,50,22083,40023,1,FEASIBLE,WORSE
1516,2,15,51,22086,39739,1,FEASIBLE,WORSE
1517,2,15,52,21957,39444,1,FEASIBLE,WORSE
1518,2,15,53,21385,39480,1,FEASIBLE,WORSE
1519,2,15,54,21943,39821,1,FEASIBLE,WORSE
1520,2,15,55,22809,40917,0,CAPACITY_EXCEEDED,INVALID
1521,2,15,56,22783,40362,0,CAPACITY_EXCEEDED,INVALID
1522,2,15,57,22649,40570,1,FEASIBLE,WORSE
1523,2,15,58,21883,39529,1,FEASIBLE,WORSE
1524,2,15,59,23080,40742,0,CAPACITY_EXCEEDED,INVALID
1525,2,15,60,22902,40501,0,CAPACITY_EXCEEDED,INVALID
1526,2,15,61,21587,39778,1,FEASIBLE,WORSE
1527,2,15,62,21880,39623,1,FEASIBLE,WORSE
1528,2,15,63,21455,39652,1,FEASIBLE,WORSE
1529,2,15,64,21709,39952,1,FEASIBLE,WORSE
1530,2,15,65,22680,40766,1,FEASIBLE,WORSE
1531,2,15,66,21782,39818,1,FEASIBLE,WORSE
1532,2,15,67,21473,39548,1,FEASIBLE,WORSE
1533,2,15,68,22045,39806,1,FEASIBLE,WORSE
1534,2,15,69,21805,39933,1,FEASIBLE,WORSE
1535,2,15,70,23072,40817,0,CAPACITY_EXCEEDED,INVALID
1536,2,15,71,22980,40357,0,CAPACITY_EXCEEDED,INVALID
1537,2,15,72,22411,40371,1,FEASIBLE,WORSE
1538,2,15,73,22963,41031,0,CAPACITY_EXCEEDED,INVALID
1539,2,15,74,21793,39343,1,FEASIBLE,WORSE
1540,2,15,75,23044,40921,0,CAPACITY_EXCEEDED,INVALID
1541,2,15,76,22848,40721,0,CAPACITY_EXCEEDED,INVALID
1542,2,15,77,22521,40498,1,FEASIBLE,WORSE
1543,2,15,78,21851,39824,1,FEASIBLE,WORSE
1544,2,15,79,22095,39344,1,FEASIBLE,WORSE
1545,2,15,80,21225,39556,1,FEASIBLE,WORSE
1546,2,15,81,22066,39787,1,FEASIBLE,WORSE
1547,2,15,82,21284,39466,1,FEASIBLE,WORSE
1548,2,15,83,23067,40560,0,CAPACITY_EXCEEDED,INVALID
1549,2,15,84,21533,39813,1,FEASIBLE,WORSE
1550,2,15,85,21932,39374,1,FEASIBLE,WORSE
1551,2,15,86,22972,40905,0,CAPACITY_EXCEEDED,INVALID
1552,2,15,87,23078,40787,0,CAPACITY_EXCEEDED,INVALID
1553,2,15,88,22809,40597,0,CAPACITY_EXCEEDED,INVALID
1554,2,15,89,21595,39779,1,FEASIBLE,WORSE
1555,2,15,90,21726,39369,1,FEASIBLE,WORSE
1556,2,15,91,22451,40333,1,FEASIBLE,WORSE
1557,2,15,92,21898,39543,1,FEASIBLE,WORSE
1558,2,15,93,21429,39506,1,FEASIBLE,WORSE
1559,2,15,94,21671,39440,1,FEASIBLE,WORSE
1560,2,15,95,21909,39586,1,FEASIBLE,WORSE
1561,2,15,96,21999,39517,1,FEASIBLE,WORSE
1562,2,15,97,22770,40846,0,CAPACITY_EXCEEDED,INVALID
1563,2,15,98,21807,39765,1,FEASIBLE,WORSE
1564,2,15,99,22604,40754,1,FEASIBLE,WORSE
1565,2,16,17,22752,40332,0,CAPACITY_EXCEEDED,INVALID
1566,2,16,18,22753,40376,0,CAPACITY_EXCEEDED,INVALID
1567,2,16,19,24368,41309,0,CAPACITY_EXCEEDED,INVALID
1568,2,16,20,23807,41304,0,CAPACITY_EXCEEDED,INVALID
1569,2,16,21,24393,41820,0,CAPACITY_EXCEEDED,INVALID
1570,2,16,22,22877,40338,0,CAPACITY_EXCEEDED,INVALID
1571,2,16,23,23467,40896,0,CAPACITY_EXCEEDED,INVALID
1572,2,16,24,23534,41061,0,CAPACITY_EXCEEDED,INVALID
1573,2,16,25,23536,40855,0,CAPACITY_EXCEEDED,INVALID
1574,2,16,26,24307,41308,0,CAPACITY_EXCEEDED,INVALID
1575,2,16,27,23301,41056,0,CAPACITY_EXCEEDED,INVALID
1576,2,16,28,23441,40840,0,CAPACITY_EXCEEDED,INVALID
1577,2,16,29,24176,41774,0,CAPACITY_EXCEEDED,INVALID
1578,2,16,30,23896,41512,0,CAPACITY_EXCEEDED,INVALID
1579,2,16,31,23481,41047,0,CAPACITY_EXCEEDED,INVALID
1580,2,16,32,23391,41059,0,CAPACITY_EXCEEDED,INVALID
1581,2,16,33,23023,40818,0,CAPACITY_EXCEEDED,INVALID
1582,2,16,34,23382,40988,0,CAPACITY_EXCEEDED,INVALID
1583,2,16,35,23824,41300,0,CAPACITY_EXCEEDED,INVALID
1584,2,16,36,22839,40440,0,CAPACITY_EXCEEDED,INVALID
1585,2,16,37,23096,40721,0,CAPACITY_EXCEEDED,INVALID
1586,2,16,38,23228,40635,0,CAPACITY_EXCEEDED,INVALID
1587,2,16,39,24025,41464,0,CAPACITY_EXCEEDED,INVALID
1588,2,16,40,23527,40285,0,CAPACITY_EXCEEDED,INVALID
1589,2,16,41,23164,40418,0,CAPACITY_EXCEEDED,INVALID
1590,2,16,42,23972,41399,0,CAPACITY_EXCEEDED,INVALID
1591,2,16,43,23362,40945,0,CAPACITY_EXCEEDED,INVALID
1592,2,16,44,23442,40556,0,CAPACITY_EXCEEDED,INVALID
1593,2,16,45,24451,41990,0,CAPACITY_EXCEEDED,INVALID
1594,2,16,46,23040,40341,0,CAPACITY_EXCEEDED,INVALID
1595,2,16,47,23341,40855,0,CAPACITY_EXCEEDED,INVALID
1596,2,16,48,22945,40447,0,CAPACITY_EXCEEDED,INVALID
1597,2,16,49,24369,41949,0,CAPACITY_EXCEEDED,INVALID
1598,2,16,50,23530,40974,0,CAPACITY_EXCEEDED,INVALID
1599,2,16,51,23533,40690,0,CAPACITY_EXCEEDED,INVALID
1600,2,16,52,23404,40395,0,CAPACITY_EXCEEDED,INVALID
1601,2,16,53,22832,40431,0,CAPACITY_EXCEEDED,INVALID
1602,2,16,54,23390,40772,0,CAPACITY_EXCEEDED,INVALID
1603,2,16,55,24256,41868,0,CAPACITY_EXCEEDED,INVALID
1604,2,16,56,24230,41313,0,CAPACITY_EXCEEDED,INVALID
1605,2,16,57,24096,41521,0,CAPACITY_EXCEEDED,INVALID
1606,2,16,58,23330,40480,0,CAPACITY_EXCEEDED,INVALID
1607,2,16,59,24527,41693,0,CAPACITY_EXCEEDED,INVALID
1608,2,16,60,24349,41452,0,CAPACITY_EXCEEDED,INVALID
1609,2,16,61,23034,40729,0,CAPACITY_EXCEEDED,INVALID
1610,2,16,62,23327,40574,0,CAPACITY_EXCEEDED,INVALID
1611,2,16,63,22902,40603,0,CAPACITY_EXCEEDED,INVALID
1612,2,16,64,23156,40903,0,CAPACITY_EXCEEDED,INVALID
1613,2,16,65,24127,41717,0,CAPACITY_EXCEEDED,INVALID
1614,2,16,66,23229,40769,0,CAPACITY_EXCEEDED,INVALID
1615,2,16,67,22920,40499,0,CAPACITY_EXCEEDED,INVALID
1616,2,16,68,23492,40757,0,CAPACITY_EXCEEDED,INVALID
1617,2,16,69,23252,40884,0,CAPACITY_EXCEEDED,INVALID
1618,2,16,70,24519,41768,0,CAPACITY_EXCEEDED,INVALID
1619,2,16,71,24427,41308,0,CAPACITY_EXCEEDED,INVALID
1620,2,16,72,23858,41322,0,CAPACITY_EXCEEDED,INVALID
1621,2,16,73,24410,41982,0,CAPACITY_EXCEEDED,INVALID
1622,2,16,74,23240,40294,0,CAPACITY_EXCEEDED,INVALID
1623,2,16,75,24491,41872,0,CAPACITY_EXCEEDED,INVALID
1624,2,16,76,24295,41672,0,CAPACITY_EXCEEDED,INVALID
1625,2,16,77,23968,41449,0,CAPACITY_EXCEEDED,INVALID
1626,2,16,78,23298,40775,0,CAPACITY_EXCEEDED,INVALID
1627,2,16,79,23542,40295,0,CAPACITY_EXCEEDED,INVALID
1628,2,16,80,22672,40507,1,FEASIBLE,WORSE
1629,2,16,81,23513,40738,0,CAPACITY_EXCEEDED,INVALID
1630,2,16,82,22731,40417,0,CAPACITY_EXCEEDED,INVALID
1631,2,16,83,24514,41511,0,CAPACITY_EXCEEDED,INVALID
1632,2,16,84,22980,40764,0,CAPACITY_EXCEEDED,INVALID
1633,2,16,85,23379,40325,0,CAPACITY_EXCEEDED,INVALID
1634,2,16,86,24419,41856,0,CAPACITY_EXCEEDED,INVALID
1635,2,16,87,24525,41738,0,CAPACITY_EXCEEDED,INVALID
1636,2,16,88,24256,41548,0,CAPACITY_EXCEEDED,INVALID
1637,2,16,89,23042,40730,0,CAPACITY_EXCEEDED,INVALID
1638,2,16,90,23173,40320,0,CAPACITY_EXCEEDED,INVALID
1639,2,16,91,23898,41284,0,CAPACITY_EXCEEDED,INVALID
1640,2,16,92,23345,40494,0,CAPACITY_EXCEEDED,INVALID
1641,2,16,93,22876,40457,0,CAPACITY_EXCEEDED,INVALID
1642,2,16,94,23118,40391,0,CAPACITY_EXCEEDED,INVALID
1643,2,16,95,23356,40537,0,CAPACITY_EXCEEDED,INVALID
1644,2,16,96,23446,40468,0,CAPACITY_EXCEEDED,INVALID
1645,2,16,97,24217,41797,0,CAPACITY_EXCEEDED,INVALID
1646,2,16,98,23254,40716,0,CAPACITY_EXCEEDED,INVALID
1647,2,16,99,24051,41705,0,CAPACITY_EXCEEDED,INVALID
1648,2,17,18,21092,39201,1,FEASIBLE,WORSE
1649,2,17,19,22707,40134,1,FEASIBLE,WORSE
1650,2,17,20,22146,40129,1,FEASIBLE,WORSE
1651,2,17,21,22732,40645,0,CAPACITY_EXCEEDED,INVALID
1652,2,17,22,21216,39163,1,FEASIBLE,WORSE
1653,2,17,23,21806,39721,1,FEASIBLE,WORSE
1654,2,17,24,21873,39886,1,FEASIBLE,WORSE
1655,2,17,25,21875,39680,1,FEASIBLE,WORSE
1656,2,17,26,22646,40133,1,FEASIBLE,WORSE
1657,2,17,27,21640,39881,1,FEASIBLE,WORSE
1658,2,17,28,21780,39665,1,FEASIBLE,WORSE
1659,2,17,29,22515,40599,1,FEASIBLE,WORSE
1660,2,17,30,22235,40337,1,FEASIBLE,WORSE
1661,2,17,31,21820,39872,1,FEASIBLE,WORSE
1662,2,17,32,21730,39884,1,FEASIBLE,WORSE
1663,2,17,33,21362,39643,1,FEASIBLE,WORSE
1664,2,17,34,21721,39813,1,FEASIBLE,WORSE
1665,2,17,35,22163,40125,1,FEASIBLE,WORSE
1666,2,17,36,21178,39265,1,FEASIBLE,WORSE
1667,2,17,37,21435,39546,1,FEASIBLE,WORSE
1668,2,17,38,21567,39460,1,FEASIBLE,WORSE
1669,2,17,39,22364,40289,1,FEASIBLE,WORSE
1670,2,17,40,21866,39110,1,FEASIBLE,WORSE
1671,2,17,41,21503,39243,1,FEASIBLE,WORSE
1672,2,17,42,22311,40224,1,FEASIBLE,WORSE
1673,2,17,43,21701,39770,1,FEASIBLE,WORSE
1674,2,17,44,21781,39381,1,FEASIBLE,WORSE
1675,2,17,45,22790,40815,0,CAPACITY_EXCEEDED,INVALID
1676,2,17,46,21379,39166,1,FEASIBLE,WORSE
1677,2,17,47,21680,39680,1,FEASIBLE,WORSE
1678,2,17,48,21284,39272,1,FEASIBLE,WORSE
1679,2,17,49,22708,40774,1,FEASIBLE,WORSE
1680,2,17,50,21869,39799,1,FEASIBLE,WORSE
1681,2,17,51,21872,39515,1,FEASIBLE,WORSE
1682,2,17,52,21743,39220,1,FEASIBLE,WORSE
1683,2,17,53,21171,39256,1,FEASIBLE,WORSE
1684,2,17,54,21729,39597,1,FEASIBLE,WORSE
1685,2,17,55,22595,40693,1,FEASIBLE,WORSE
1686,2,17,56,22569,40138,1,FEASIBLE,WORSE
1687,2,17,57,22435,40346,1,FEASIBLE,WORSE
1688,2,17,58,21669,39305,1,FEASIBLE,WORSE
1689,2,17,59,22866,40518,0,CAPACITY_EXCEEDED,INVALID
1690,2,17,60,22688,40277,1,FEASIBLE,WORSE
1691,2,17,61,21373,39554,1,FEASIBLE,WORSE
1692,2,17,62,21666,39399,1,FEASIBLE,WORSE
1693,2,17,63,21241,39428,1,FEASIBLE,WORSE
1694,2,17,64,21495,39728,1,FEASIBLE,WORSE
1695,2,17,65,22466,40542,1,FEASIBLE,WORSE
1696,2,17,66,21568,39594,1,FEASIBLE,WORSE
1697,2,17,67,21259,39324,1,FEASIBLE,WORSE
1698,2,17,68,21831,39582,1,FEASIBLE,WORSE
1699,2,17,69,21591,39709,1,FEASIBLE,WORSE
1700,2,17,70,22858,40593,0,CAPACITY_EXCEEDED,INVALID
1701,2,17,71,22766,40133,0,CAPACITY_EXCEEDED,INVALID
1702,2,17,72,22197,40147,1,FEASIBLE,WORSE
1703,2,17,73,22749,40807,0,CAPACITY_EXCEEDED,INVALID
1704,2,17,74,21579,39119,1,FEASIBLE,WORSE
1705,2,17,75,22830,40697,0,CAPACITY_EXCEEDED,INVALID
1706,2,17,76,22634,40497,1,FEASIBLE,WORSE
1707,2,17,77,22307,40274,1,FEASIBLE,WORSE
1708,2,17,78,21637,39600,1,FEASIBLE,WORSE
1709,2,17,79,21881,39120,1,FEASIBLE,WORSE
1710,2,17,80,21011,39332,1,FEASIBLE,WORSE
1711,2,17,81,21852,39563,1,FEASIBLE,WORSE
1712,2,17,82,21070,39242,1,FEASIBLE,WORSE
1713,2,17,83,22853,40336,0,CAPACITY_EXCEEDED,INVALID
1714,2,17,84,21319,39589,1,FEASIBLE,WORSE
1715,2,17,85,21718,39150,1,FEASIBLE,WORSE
1716,2,17,86,22758,40681,0,CAPACITY_EXCEEDED,INVALID
1717,2,17,87,22864,40563,0,CAPACITY_EXCEEDED,INVALID
1718,2,17,88,22595,40373,1,FEASIBLE,WORSE
1719,2,17,89,21381,39555,1,FEASIBLE,WORSE
1720,2,17,90,21512,39145,1,FEASIBLE,WORSE
1721,2,17,91,22237,40109,1,FEASIBLE,WORSE
1722,2,17,92,21684,39319,1,FEASIBLE,WORSE
1723,2,17,93,21215,39282,1,FEASIBLE,WORSE
1724,2,17,94,21457,39216,1,FEASIBLE,WORSE
1725,2,17,95,21695,39362,1,FEASIBLE,WORSE
1726,2,17,96,21785,39293,1,FEASIBLE,WORSE
1727,2,17,97,22556,40622,1,FEASIBLE,WORSE
1728,2,17,98,21593,39541,1,FEASIBLE,WORSE
1729,2,17,99,22390,40530,1,FEASIBLE,WORSE
1730,2,18,19,22708,40178,1,FEASIBLE,WORSE
1731,2,18,20,22147,40173,1,FEASIBLE,WORSE
1732,2,18,21,22733,40689,0,CAPACITY_EXCEEDED,INVALID
1733,2,18,22,21217,39207,1,FEASIBLE,WORSE
1734,2,18,23,21807,39765,1,FEASIBLE,WORSE
1735,2,18,24,21874,39930,1,FEASIBLE,WORSE
1736,2,18,25,21876,39724,1,FEASIBLE,WORSE
1737,2,18,26,22647,40177,1,FEASIBLE,WORSE
1738,2,18,27,21641,39925,1,FEASIBLE,WORSE
1739,2,18,28,21781,39709,1,FEASIBLE,WORSE
1740,2,18,29,22516,40643,1,FEASIBLE,WORSE
1741,2,18,30,22236,40381,1,FEASIBLE,WORSE
1742,2,18,31,21821,39916,1,FEASIBLE,WORSE
1743,2,18,32,21731,39928,1,FEASIBLE,WORSE
1744,2,18,33,21363,39687,1,FEASIBLE,WORSE
1745,2,18,34,21722,39857,1,FEASIBLE,WORSE
1746,2,18,35,22164,40169,1,FEASIBLE,WORSE
1747,2,18,36,21179,39309,1,FEASIBLE,WORSE
1748,2,18,37,21436,39590,1,FEASIBLE,WORSE
1749,2,18,38,21568,39504,1,FEASIBLE,WORSE
1750,2,18,39,22365,40333,1,FEASIBLE,WORSE
1751,2,18,40,21867,39154,1,FEASIBLE,WORSE
1752,2,18,41,21504,39287,1,FEASIBLE,WORSE
1753,2,18,42,22312,40268,1,FEASIBLE,WORSE
1754,2,18,43,21702,39814,1,FEASIBLE,WORSE
1755,2,18,44,21782,39425,1,FEASIBLE,WORSE
1756,2,18,45,22791,40859,0,CAPACITY_EXCEEDED,INVALID
1757,2,18,46,21380,39210,1,FEASIBLE,WORSE
1758,2,18,47,21681,39724,1,FEASIBLE,WORSE
1759,2,18,48,21285,39316,1,FEASIBLE,WORSE
1760,2,18,49,22709,40818,1,FEASIBLE,WORSE
1761,2,18,50,21870,39843,1,FEASIBLE,WORSE
1762,2,18,51,21873,39559,1,FEASIBLE,WORSE
1763,2,18,52,21744,39264,1,FEASIBLE,WORSE
1764,2,18,53,21172,39300,1,FEASIBLE,WORSE
1765,2,18,54,21730,39641,1,FEASIBLE,WORSE
1766,2,18,55,22596,40737,1,FEASIBLE,WORSE
1767,2,18,56,22570,40182,1,FEASIBLE,WORSE
1768,2,18,57,22436,40390,1,FEASIBLE,WORSE
1769,2,18,58,21670,39349,1,FEASIBLE,WORSE
1770,2,18,59,22867,40562,0,CAPACITY_EXCEEDED,INVALID
1771,2,18,60,22689,40321,1,FEASIBLE,WORSE
1772,2,18,61,21374,39598,1,FEASIBLE,WORSE
1773,2,18,62,21667,39443,1,FEASIBLE,WORSE
1774,2,18,63,21242,39472,1,FEASIBLE,WORSE
1775,2,18,64,21496,39772,1,FEASIBLE,WORSE
1776,2,18,65,22467,40586,1,FEASIBLE,WORSE
1777,2,18,66,21569,39638,1,FEASIBLE,WORSE
1778,2,18,67,21260,39368,1,FEASIBLE,WORSE
1779,2,18,68,21832,39626,1,FEASIBLE,WORSE
1780,2,18,69,21592,39753,1,FEASIBLE,WORSE
1781,2,18,70,22859,40637,0,CAPACITY_EXCEEDED,INVALID
1782,2,18,71,22767,40177,0,CAPACITY_EXCEEDED,INVALID
1783,2,18,72,22198,40191,1,FEASIBLE,WORSE
1784,2,18,73,22750,40851,0,CAPACITY_EXCEEDED,INVALID
1785,2,18,74,21580,39163,1,FEASIBLE,WORSE
1786,2,18,75,22831,40741,0,CAPACITY_EXCEEDED,INVALID
1787,2,18,76,22635,40541,1,FEASIBLE,WORSE
1788,2,18,77,22308,40318,1,FEASIBLE,WORSE
1789,2,18,78,21638,39644,1,FEASIBLE,WORSE
1790,2,18,79,21882,39164,1,FEASIBLE,WORSE
1791,2,18,80,21012,39376,1,FEASIBLE,WORSE
1792,2,18,81,21853,39607,1,FEASIBLE,WORSE
1793,2,18,82,21071,39286,1,FEASIBLE,WORSE
1794,2,18,83,22854,40380,0,CAPACITY_EXCEEDED,INVALID
1795,2,18,84,21320,39633,1,FEASIBLE,WORSE
1796,2,18,85,21719,39194,1,FEASIBLE,WORSE
1797,2,18,86,22759,40725,0,CAPACITY_EXCEEDED,INVALID
1798,2,18,87,22865,40607,0,CAPACITY_EXCEEDED,INVALID
1799,2,18,88,22596,40417,1,FEASIBLE,WORSE
1800,2,18,89,21382,39599,1,FEASIBLE,WORSE
1801,2,18,90,21513,39189,1,FEASIBLE,WORSE
1802,2,18,91,22238,40153,1,FEASIBLE,WORSE
1803,2,18,92,21685,39363,1,FEASIBLE,WORSE
1804,2,18,93,21216,39326,1,FEASIBLE,WORSE
1805,2,18,94,21458,39260,1,FEASIBLE,WORSE
1806,2,18,95,21696,39406,1,FEASIBLE,WORSE
1807,2,18,96,21786,39337,1,FEASIBLE,WORSE
1808,2,18,97,22557,40666,1,FEASIBLE,WORSE
1809,2,18,98,21594,39585,1,FEASIBLE,WORSE
1810,2,18,99,22391,40574,1,FEASIBLE,WORSE
1811,2,19,20,23762,41106,0,CAPACITY_EXCEEDED,INVALID
1812,2,19,21,24348,41622,0,CAPACITY_EXCEEDED,INVALID
1813,2,19,22,22832,40140,0,CAPACITY_EXCEEDED,INVALID
1814,2,19,23,23422,40698,0,CAPACITY_EXCEEDED,INVALID
1815,2,19,24,23489,40863,0,CAPACITY_EXCEEDED,INVALID
1816,2,19,25,23491,40657,0,CAPACITY_EXCEEDED,INVALID
1817,2,19,26,24262,41110,0,CAPACITY_EXCEEDED,INVALID
1818,2,19,27,23256,40858,0,CAPACITY_EXCEEDED,INVALID
1819,2,19,28,23396,40642,0,CAPACITY_EXCEEDED,INVALID
1820,2,19,29,24131,41576,0,CAPACITY_EXCEEDED,INVALID
1821,2,19,30,23851,41314,0,CAPACITY_EXCEEDED,INVALID
1822,2,19,31,23436,40849,0,CAPACITY_EXCEEDED,INVALID
1823,2,19,32,23346,40861,0,CAPACITY_EXCEEDED,INVALID
1824,2,19,33,22978,40620,0,CAPACITY_EXCEEDED,INVALID
1825,2,19,34,23337,40790,0,CAPACITY_EXCEEDED,INVALID
1826,2,19,35,23779,41102,0,CAPACITY_EXCEEDED,INVALID
1827,2,19,36,22794,40242,0,CAPACITY_EXCEEDED,INVALID
1828,2,19,37,23051,40523,0,CAPACITY_EXCEEDED,INVALID
1829,2,19,38,23183,40437,0,CAPACITY_EXCEEDED,INVALID
1830,2,19,39,23980,41266,0,CAPACITY_EXCEEDED,INVALID
1831,2,19,40,23482,40087,0,CAPACITY_EXCEEDED,INVALID
1832,2,19,41,23119,40220,0,CAPACITY_EXCEEDED,INVALID
1833,2,19,42,23927,41201,0,CAPACITY_EXCEEDED,INVALID
1834,2,19,43,23317,40747,0,CAPACITY_EXCEEDED,INVALID
1835,2,19,44,23397,40358,0,CAPACITY_EXCEEDED,INVALID
1836,2,19,45,24406,41792,0,CAPACITY_EXCEEDED,INVALID
1837,2,19,46,22995,40143,0,CAPACITY_EXCEEDED,INVALID
1838,2,19,47,23296,40657,0,CAPACITY_EXCEEDED,INVALID
1839,2,19,48,22900,40249,0,CAPACITY_EXCEEDED,INVALID
1840,2,19,49,24324,41751,0,CAPACITY_EXCEEDED,INVALID
1841,2,19,50,23485,40776,0,CAPACITY_EXCEEDED,INVALID
1842,2,19,51,23488,40492,0,CAPACITY_EXCEEDED,INVALID
1843,2,19,52,23359,40197,0,CAPACITY_EXCEEDED,INVALID
1844,2,19,53,22787,40233,0,CAPACITY_EXCEEDED,INVALID
1845,2,19,54,23345,40574,0,CAPACITY_EXCEEDED,INVALID
1846,2,19,55,24211,41670,0,CAPACITY_EXCEEDED,INVALID
1847,2,19,56,24185,41115,0,CAPACITY_EXCEEDED,INVALID
1848,2,19,57,24051,41323,0,CAPACITY_EXCEEDED,INVALID
1849,2,19,58,23285,40282,0,CAPACITY_EXCEEDED,INVALID
1850,2,19,59,24482,41495,0,CAPACITY_EXCEEDED,INVALID
1851,2,19,60,24304,41254,0,CAPACITY_EXCEEDED,INVALID
1852,2,19,61,22989,40531,0,CAPACITY_EXCEEDED,INVALID
1853,2,19,62,23282,40376,0,CAPACITY_EXCEEDED,INVALID
1854,2,19,63,22857,40405,0,CAPACITY_EXCEEDED,INVALID
1855,2,19,64,23111,40705,0,CAPACITY_EXCEEDED,INVALID
1856,2,19,65,24082,41519,0,CAPACITY_EXCEEDED,INVALID
1857,2,19,66,23184,40571,0,CAPACITY_EXCEEDED,INVALID
1858,2,19,67,22875,40301,0,CAPACITY_EXCEEDED,INVALID
1859,2,19,68,23447,40559,0,CAPACITY_EXCEEDED,INVALID
1860,2,19,69,23207,40686,0,CAPACITY_EXCEEDED,INVALID
1861,2,19,70,24474,41570,0,CAPACITY_EXCEEDED,INVALID
1862,2,19,71,24382,41110,0,CAPACITY_EXCEEDED,INVALID
1863,2,19,72,23813,41124,0,CAPACITY_EXCEEDED,INVALID
1864,2,19,73,24365,41784,0,CAPACITY_EXCEEDED,INVALID
1865,2,19,74,23195,40096,0,CAPACITY_EXCEEDED,INVALID
1866,2,19,75,24446,41674,0,CAPACITY_EXCEEDED,INVALID
1867,2,19,76,24250,41474,0,CAPACITY_EXCEEDED,INVALID
1868,2,19,77,23923,41251,0,CAPACITY_EXCEEDED,INVALID
1869,2,19,78,23253,40577,0,CAPACITY_EXCEEDED,INVALID
1870,2,19,79,23497,40097,0,CAPACITY_EXCEEDED,INVALID
1871,2,19,80,22627,40309,1,FEASIBLE,WORSE
1872,2,19,81,23468,40540,0,CAPACITY_EXCEEDED,INVALID
1873,2,19,82,22686,40219,1,FEASIBLE,WORSE
1874,2,19,83,24469,41313,0,CAPACITY_EXCEEDED,INVALID
1875,2,19,84,22935,40566,0,CAPACITY_EXCEEDED,INVALID
1876,2,19,85,23334,40127,0,CAPACITY_EXCEEDED,INVALID
1877,2,19,86,24374,41658,0,CAPACITY_EXCEEDED,INVALID
1878,2,19,87,24480,41540,0,CAPACITY_EXCEEDED,INVALID
1879,2,19,88,24211,41350,0,CAPACITY_EXCEEDED,INVALID
1880,2,19,89,22997,40532,0,CAPACITY_EXCEEDED,INVALID
1881,2,19,90,23128,40122,0,CAPACITY_EXCEEDED,INVALID
1882,2,19,91,23853,41086,0,CAPACITY_EXCEEDED,INVALID
1883,2,19,92,23300,40296,0,CAPACITY_EXCEEDED,INVALID
1884,2,19,93,22831,40259,0,CAPACITY_EXCEEDED,INVALID
1885,2,19,94,23073,40193,0,CAPACITY_EXCEEDED,INVALID
1886,2,19,95,23311,40339,0,CAPACITY_EXCEEDED,INVALID
1887,2,19,96,23401,40270,0,CAPACITY_EXCEEDED,INVALID
1888,2,19,97,24172,41599,0,CAPACITY_EXCEEDED,INVALID
1889,2,19,98,23209,40518,0,CAPACITY_EXCEEDED,INVALID
1890,2,19,99,24006,41507,0,CAPACITY_EXCEEDED,INVALID
1891,2,20,21,23787,41617,0,CAPACITY_EXCEEDED,INVALID
1892,2,20,22,22271,40135,1,FEASIBLE,WORSE
1893,2,20,23,22861,40693,0,CAPACITY_EXCEEDED,INVALID
1894,2,20,24,22928,40858,0,CAPACITY_EXCEEDED,INVALID
1895,2,20,25,22930,40652,0,CAPACITY_EXCEEDED,INVALID
1896,2,20,26,23701,41105,0,CAPACITY_EXCEEDED,INVALID
1897,2,20,27,22695,40853,1,FEASIBLE,WORSE
1898,2,20,28,22835,40637,0,CAPACITY_EXCEEDED,INVALID
1899,2,20,29,23570,41571,0,CAPACITY_EXCEEDED,INVALID
1900,2,20,30,23290,41309,0,CAPACITY_EXCEEDED,INVALID
1901,2,20,31,22875,40844,0,CAPACITY_EXCEEDED,INVALID
1902,2,20,32,22785,40856,0,CAPACITY_EXCEEDED,INVALID
1903,2,20,33,22417,40615,1,FEASIBLE,WORSE
1904,2,20,34,22776,40785,0,CAPACITY_EXCEEDED,INVALID
1905,2,20,35,23218,41097,0,CAPACITY_EXCEEDED,INVALID
1906,2,20,36,22233,40237,1,FEASIBLE,WORSE
1907,2,20,37,22490,40518,1,FEASIBLE,WORSE
1908,2,20,38,22622,40432,1,FEASIBLE,WORSE
1909,2,20,39,23419,41261,0,CAPACITY_EXCEEDED,INVALID
1910,2,20,40,22921,40082,0,CAPACITY_EXCEEDED,INVALID
1911,2,20,41,22558,40215,1,FEASIBLE,WORSE
1912,2,20,42,23366,41196,0,CAPACITY_EXCEEDED,INVALID
1913,2,20,43,22756,40742,0,CAPACITY_EXCEEDED,INVALID
1914,2,20,44,22836,40353,0,CAPACITY_EXCEEDED,INVALID
1915,2,20,45,23845,41787,0,CAPACITY_EXCEEDED,INVALID
1916,2,20,46,22434,40138,1,FEASIBLE,WORSE
1917,2,20,47,22735,40652,0,CAPACITY_EXCEEDED,INVALID
1918,2,20,48,22339,40244,1,FEASIBLE,WORSE
1919,2,20,49,23763,41746,0,CAPACITY_EXCEEDED,INVALID
1920,2,20,50,22924,40771,0,CAPACITY_EXCEEDED,INVALID
1921,2,20,51,22927,40487,0,CAPACITY_EXCEEDED,INVALID
1922,2,20,52,22798,40192,0,CAPACITY_EXCEEDED,INVALID
1923,2,20,53,22226,40228,1,FEASIBLE,WORSE
1924,2,20,54,22784,40569,0,CAPACITY_EXCEEDED,INVALID
1925,2,20,55,23650,41665,0,CAPACITY_EXCEEDED,INVALID
1926,2,20,56,23624,41110,0,CAPACITY_EXCEEDED,INVALID
1927,2,20,57,23490,41318,0,CAPACITY_EXCEEDED,INVALID
1928,2,20,58,22724,40277,0,CAPACITY_EXCEEDED,INVALID
1929,2,20,59,23921,41490,0,CAPACITY_EXCEEDED,INVALID
1930,2,20,60,23743,41249,0,CAPACITY_EXCEEDED,INVALID
1931,2,20,61,22428,40526,1,FEASIBLE,WORSE
1932,2,20,62,22721,40371,0,CAPACITY_EXCEEDED,INVALID
1933,2,20,63,22296,40400,1,FEASIBLE,WORSE
1934,2,20,64,22550,40700,1,FEASIBLE,WORSE
1935,2,20,65,23521,41514,0,CAPACITY_EXCEEDED,INVALID
1936,2,20,66,22623,40566,1,FEASIBLE,WORSE
1937,2,20,67,22314,40296,1,FEASIBLE,WORSE
1938,2,20,68,22886,40554,0,CAPACITY_EXCEEDED,INVALID
1939,2,20,69,22646,40681,1,FEASIBLE,WORSE
1940,2,20,70,23913,41565,0,CAPACITY_EXCEEDED,INVALID
1941,2,20,71,23821,41105,0,CAPACITY_EXCEEDED,INVALID
1942,2,20,72,23252,41119,0,CAPACITY_EXCEEDED,INVALID
1943,2,20,73,23804,41779,0,CAPACITY_EXCEEDED,INVALID
1944,2,20,74,22634,40091,1,FEASIBLE,WORSE
1945,2,20,75,23885,41669,0,CAPACITY_EXCEEDED,INVALID
1946,2,20,76,23689,41469,0,CAPACITY_EXCEEDED,INVALID
1947,2,20,77,23362,41246,0,CAPACITY_EXCEEDED,INVALID
1948,2,20,78,22692,40572,1,FEASIBLE,WORSE
1949,2,20,79,22936,40092,0,CAPACITY_EXCEEDED,INVALID
1950,2,20,80,22066,40304,1,FEASIBLE,WORSE
1951,2,20,81,22907,40535,0,CAPACITY_EXCEEDED,INVALID
1952,2,20,82,22125,40214,1,FEASIBLE,WORSE
1953,2,20,83,23908,41308,0,CAPACITY_EXCEEDED,INVALID
1954,2,20,84,22374,40561,1,FEASIBLE,WORSE
1955,2,20,85,22773,40122,0,CAPACITY_EXCEEDED,INVALID
1956,2,20,86,23813,41653,0,CAPACITY_EXCEEDED,INVALID
1957,2,20,87,23919,41535,0,CAPACITY_EXCEEDED,INVALID
1958,2,20,88,23650,41345,0,CAPACITY_EXCEEDED,INVALID
1959,2,20,89,22436,40527,1,FEASIBLE,WORSE
1960,2,20,90,22567,40117,1,FEASIBLE,WORSE
1961,2,20,91,23292,41081,0,CAPACITY_EXCEEDED,INVALID
1962,2,20,92,22739,40291,0,CAPACITY_EXCEEDED,INVALID
1963,2,20,93,22270,40254,1,FEASIBLE,WORSE
1964,2,20,94,22512,40188,1,FEASIBLE,WORSE
1965,2,20,95,22750,40334,0,CAPACITY_EXCEEDED,INVALID
1966,2,20,96,22840,40265,0,CAPACITY_EXCEEDED,INVALID
1967,2,20,97,23611,41594,0,CAPACITY_EXCEEDED,INVALID
1968,2,20,98,22648,40513,1,FEASIBLE,WORSE
1969,2,20,99,23445,41502,0,CAPACITY_EXCEEDED,INVALID
1970,2,21,22,22857,40651,0,CAPACITY_EXCEEDED,INVALID
1971,2,21,23,23447,41209,0,CAPACITY_EXCEEDED,INVALID
1972,2,21,24,23514,41374,0,CAPACITY_EXCEEDED,INVALID
1973,2,21,25,23516,41168,0,CAPACITY_EXCEEDED,INVALID
1974,2,21,26,24287,41621,0,CAPACITY_EXCEEDED,INVALID
1975,2,21,27,23281,41369,0,CAPACITY_EXCEEDED,INVALID
1976,2,21,28,23421,41153,0,CAPACITY_EXCEEDED,INVALID
1977,2,21,29,24156,42087,0,CAPACITY_EXCEEDED,INVALID
1978,2,21,30,23876,41825,0,CAPACITY_EXCEEDED,INVALID
1979,2,21,31,23461,41360,0,CAPACITY_EXCEEDED,INVALID
1980,2,21,32,23371,41372,0,CAPACITY_EXCEEDED,INVALID
1981,2,21,33,23003,41131,0,CAPACITY_EXCEEDED,INVALID
1982,2,21,34,23362,41301,0,CAPACITY_EXCEEDED,INVALID
1983,2,21,35,23804,41613,0,CAPACITY_EXCEEDED,INVALID
1984,2,21,36,22819,40753,0,CAPACITY_EXCEEDED,INVALID
1985,2,21,37,23076,41034,0,CAPACITY_EXCEEDED,INVALID
1986,2,21,38,23208,40948,0,CAPACITY_EXCEEDED,INVALID
1987,2,21,39,24005,41777,0,CAPACITY_EXCEEDED,INVALID
1988,2,21,40,23507,40598,0,CAPACITY_EXCEEDED,INVALID
1989,2,21,41,23144,40731,0,CAPACITY_EXCEEDED,INVALID
1990,2,21,42,23952,41712,0,CAPACITY_EXCEEDED,INVALID
1991,2,21,43,23342,41258,0,CAPACITY_EXCEEDED,INVALID
1992,2,21,44,23422,40869,0,CAPACITY_EXCEEDED,INVALID
1993,2,21,45,24431,42303,0,CAPACITY_EXCEEDED,INVALID
1994,2,21,46,23020,40654,0,CAPACITY_EXCEEDED,INVALID
1995,2,21,47,23321,41168,0,CAPACITY_EXCEEDED,INVALID
1996,2,21,48,22925,40760,0,CAPACITY_EXCEEDED,INVALID
1997,2,21,49,24349,42262,0,CAPACITY_EXCEEDED,INVALID
1998,2,21,50,23510,41287,0,CAPACITY_EXCEEDED,INVALID
1999,2,21,51,23513,41003,0,CAPACITY_EXCEEDED,INVALID
2000,2,21,52,23384,40708,0,CAPACITY_EXCEEDED,INVALID
2001,2,21,53,22812,40744,0,CAPACITY_EXCEEDED,INVALID
2002,2,21,54,23370,41085,0,CAPACITY_EXCEEDED,INVALID
2003,2,21,55,24236,42181,0,CAPACITY_EXCEEDED,INVALID
2004,2,21,56,24210,41626,0,CAPACITY_EXCEEDED,INVALID
2005,2,21,57,24076,41834,0,CAPACITY_EXCEEDED,INVALID
2006,2,21,58,23310,40793,0,CAPACITY_EXCEEDED,INVALID
2007,2,21,59,24507,42006,0,CAPACITY_EXCEEDED,INVALID
2008,2,21,60,24329,41765,0,CAPACITY_EXCEEDED,INVALID
2009,2,21,61,23014,41042,0,CAPACITY_EXCEEDED,INVALID
2010,2,21,62,23307,40887,0,CAPACITY_EXCEEDED,INVALID
2011,2,21,63,22882,40916,0,CAPACITY_EXCEEDED,INVALID
2012,2,21,64,23136,41216,0,CAPACITY_EXCEEDED,INVALID
2013,2,21,65,24107,42030,0,CAPACITY_EXCEEDED,INVALID
2014,2,21,66,23209,41082,0,CAPACITY_EXCEEDED,INVALID
2015,2,21,67,22900,40812,0,CAPACITY_EXCEEDED,INVALID
2016,2,21,68,23472,41070,0,CAPACITY_EXCEEDED,INVALID
2017,2,21,69,23232,41197,0,CAPACITY_EXCEEDED,INVALID
2018,2,21,70,24499,42081,0,CAPACITY_EXCEEDED,INVALID
2019,2,21,71,24407,41621,0,CAPACITY_EXCEEDED,INVALID
2020,2,21,72,23838,41635,0,CAPACITY_EXCEEDED,INVALID
2021,2,21,73,24390,42295,0,CAPACITY_EXCEEDED,INVALID
2022,2,21,74,23220,40607,0,CAPACITY_EXCEEDED,INVALID
2023,2,21,75,24471,42185,0,CAPACITY_EXCEEDED,INVALID
2024,2,21,76,24275,41985,0,CAPACITY_EXCEEDED,INVALID
2025,2,21,77,23948,41762,0,CAPACITY_EXCEEDED,INVALID
2026,2,21,78,23278,41088,0,CAPACITY_EXCEEDED,INVALID
2027,2,21,79,23522,40608,0,CAPACITY_EXCEEDED,INVALID
2028,2,21,80,22652,40820,1,FEASIBLE,WORSE
2029,2,21,81,23493,41051,0,CAPACITY_EXCEEDED,INVALID
2030,2,21,82,22711,40730,1,FEASIBLE,WORSE
2031,2,21,83,24494,41824,0,CAPACITY_EXCEEDED,INVALID
2032,2,21,84,22960,41077,0,CAPACITY_EXCEEDED,INVALID
2033,2,21,85,23359,40638,0,CAPACITY_EXCEEDED,INVALID
2034,2,21,86,24399,42169,0,CAPACITY_EXCEEDED,INVALID
2035,2,21,87,24505,42051,0,CAPACITY_EXCEEDED,INVALID
2036,2,21,88,24236,41861,0,CAPACITY_EXCEEDED,INVALID
2037,2,21,89,23022,41043,0,CAPACITY_EXCEEDED,INVALID
2038,2,21,90,23153,40633,0,CAPACITY_EXCEEDED,INVALID
2039,2,21,91,23878,41597,0,CAPACITY_EXCEEDED,INVALID
2040,2,21,92,23325,40807,0,CAPACITY_EXCEEDED,INVALID
2041,2,21,93,22856,40770,0,CAPACITY_EXCEEDED,INVALID
2042,2,21,94,23098,40704,0,CAPACITY_EXCEEDED,INVALID
2043,2,21,95,23336,40850,0,CAPACITY_EXCEEDED,INVALID
2044,2,21,96,23426,40781,0,CAPACITY_EXCEEDED,INVALID
2045,2,21,97,24197,42110,0,CAPACITY_EXCEEDED,INVALID
2046,2,21,98,23234,41029,0,CAPACITY_EXCEEDED,INVALID
2047,2,21,99,24031,42018,0,CAPACITY_EXCEEDED,INVALID
2048,2,22,23,21931,39727,1,FEASIBLE,WORSE
2049,2,22,24,21998,39892,1,FEASIBLE,WORSE
2050,2,22,25,22000,39686,1,FEASIBLE,WORSE
2051,2,22,26,22771,40139,0,CAPACITY_EXCEEDED,INVALID
2052,2,22,27,21765,39887,1,FEASIBLE,WORSE
2053,2,22,28,21905,39671,1,FEASIBLE,WORSE
2054,2,22,29,22640,40605,1,FEASIBLE,WORSE
2055,2,22,30,22360,40343,1,FEASIBLE,WORSE
2056,2,22,31,21945,39878,1,FEASIBLE,WORSE
2057,2,22,32,21855,39890,1,FEASIBLE,WORSE
2058,2,22,33,21487,39649,1,FEASIBLE,WORSE
2059,2,22,34,21846,39819,1,FEASIBLE,WORSE
2060,2,22,35,22288,40131,1,FEASIBLE,WORSE
2061,2,22,36,21303,39271,1,FEASIBLE,WORSE
2062,2,22,37,21560,39552,1,FEASIBLE,WORSE
2063,2,22,38,21692,39466,1,FEASIBLE,WORSE
2064,2,22,39,22489,40295,1,FEASIBLE,WORSE
2065,2,22,40,21991,39116,1,FEASIBLE,WORSE
2066,2,22,41,21628,39249,1,FEASIBLE,WORSE
2067,2,22,42,22436,40230,1,FEASIBLE,WORSE
2068,2,22,43,21826,39776,1,FEASIBLE,WORSE
2069,2,22,44,21906,39387,1,FEASIBLE,WORSE
2070,2,22,45,22915,40821,0,CAPACITY_EXCEEDED,INVALID
2071,2,22,46,21504,39172,1,FEASIBLE,WORSE
2072,2,22,47,21805,39686,1,FEASIBLE,WORSE
2073,2,22,48,21409,39278,1,FEASIBLE,WORSE
2074,2,22,49,22833,40780,0,CAPACITY_EXCEEDED,INVALID
2075,2,22,50,21994,39805,1,FEASIBLE,WORSE
2076,2,22,51,21997,39521,1,FEASIBLE,WORSE
2077,2,22,52,21868,39226,1,FEASIBLE,WORSE
2078,2,22,53,21296,39262,1,FEASIBLE,WORSE
2079,2,22,54,21854,39603,1,FEASIBLE,WORSE
2080,2,22,55,22720,40699,0,CAPACITY_EXCEEDED,INVALID
2081,2,22,56,22694,40144,1,FEASIBLE,WORSE
2082,2,22,57,22560,40352,1,FEASIBLE,WORSE
2083,2,22,58,21794,39311,1,FEASIBLE,WORSE
2084,2,22,59,22991,40524,0,CAPACITY_EXCEEDED,INVALID
2085,2,22,60,22813,40283,0,CAPACITY_EXCEEDED,INVALID
2086,2,22,61,21498,39560,1,FEASIBLE,WORSE
2087,2,22,62,21791,39405,1,FEASIBLE,WORSE
2088,2,22,63,21366,39434,1,FEASIBLE,WORSE
2089,2,22,64,21620,39734,1,FEASIBLE,WORSE
2090,2,22,65,22591,40548,1,FEASIBLE,WORSE
2091,2,22,66,21693,39600,1,FEASIBLE,WORSE
2092,2,22,67,21384,39330,1,FEASIBLE,WORSE
2093,2,22,68,21956,39588,1,FEASIBLE,WORSE
2094,2,22,69,21716,39715,1,FEASIBLE,WORSE
2095,2,22,70,22983,40599,0,CAPACITY_EXCEEDED,INVALID
2096,2,22,71,22891,40139,0,CAPACITY_EXCEEDED,INVALID
2097,2,22,72,22322,40153,1,FEASIBLE,WORSE
2098,2,22,73,22874,40813,0,CAPACITY_EXCEEDED,INVALID
2099,2,22,74,21704,39125,1,FEASIBLE,WORSE
2100,2,22,75,22955,40703,0,CAPACITY_EXCEEDED,INVALID
2101,2,22,76,22759,40503,0,CAPACITY_EXCEEDED,INVALID
2102,2,22,77,22432,40280,1,FEASIBLE,WORSE
2103,2,22,78,21762,39606,1,FEASIBLE,WORSE
2104,2,22,79,22006,39126,1,FEASIBLE,WORSE
2105,2,22,80,21136,39338,1,FEASIBLE,WORSE
2106,2,22,81,21977,39569,1,FEASIBLE,WORSE
2107,2,22,82,21195,39248,1,FEASIBLE,WORSE
2108,2,22,83,22978,40342,0,CAPACITY_EXCEEDED,INVALID
2109,2,22,84,21444,39595,1,FEASIBLE,WORSE
2110,2,22,85,21843,39156,1,FEASIBLE,WORSE
2111,2,22,86,22883,40687,0,CAPACITY_EXCEEDED,INVALID
2112,2,22,87,22989,40569,0,CAPACITY_EXCEEDED,INVALID
2113,2,22,88,22720,40379,0,CAPACITY_EXCEEDED,INVALID
2114,2,22,89,21506,39561,1,FEASIBLE,WORSE
2115,2,22,90,21637,39151,1,FEASIBLE,WORSE
2116,2,22,91,22362,40115,1,FEASIBLE,WORSE
2117,2,22,92,21809,39325,1,FEASIBLE,WORSE
2118,2,22,93,21340,39288,1,FEASIBLE,WORSE
2119,2,22,94,21582,39222,1,FEASIBLE,WORSE
2120,2,22,95,21820,39368,1,FEASIBLE,WORSE
2121,2,22,96,21910,39299,1,FEASIBLE,WORSE
2122,2,22,97,22681,40628,1,FEASIBLE,WORSE
2123,2,22,98,21718,39547,1,FEASIBLE,WORSE
2124,2,22,99,22515,40536,1,FEASIBLE,WORSE
2125,2,23,24,22588,40450,1,FEASIBLE,WORSE
2126,2,23,25,22590,40244,1,FEASIBLE,WORSE
2127,2,23,26,23361,40697,0,CAPACITY_EXCEEDED,INVALID
2128,2,23,27,22355,40445,1,FEASIBLE,WORSE
2129,2,23,28,22495,40229,1,FEASIBLE,WORSE
2130,2,23,29,23230,41163,0,CAPACITY_EXCEEDED,INVALID
2131,2,23,30,22950,40901,0,CAPACITY_EXCEEDED,INVALID
2132,2,23,31,22535,40436,1,FEASIBLE,WORSE
2133,2,23,32,22445,40448,1,FEASIBLE,WORSE
2134,2,23,33,22077,40207,1,FEASIBLE,WORSE
2135,2,23,34,22436,40377,1,FEASIBLE,WORSE
2136,2,23,35,22878,40689,0,CAPACITY_EXCEEDED,INVALID
2137,2,23,36,21893,39829,1,FEASIBLE,WORSE
2138,2,23,37,22150,40110,1,FEASIBLE,WORSE
2139,2,23,38,22282,40024,1,FEASIBLE,WORSE
2140,2,23,39,23079,40853,0,CAPACITY_EXCEEDED,INVALID
2141,2,23,40,22581,39674,1,FEASIBLE,WORSE
2142,2,23,41,22218,39807,1,FEASIBLE,WORSE
2143,2,23,42,23026,40788,0,CAPACITY_EXCEEDED,INVALID
2144,2,23,43,22416,40334,1,FEASIBLE,WORSE
2145,2,23,44,22496,39945,1,FEASIBLE,WORSE
2146,2,23,45,23505,41379,0,CAPACITY_EXCEEDED,INVALID
2147,2,23,46,22094,39730,1,FEASIBLE,WORSE
2148,2,23,47,22395,40244,1,FEASIBLE,WORSE
2149,2,23,48,21999,39836,1,FEASIBLE,WORSE
2150,2,23,49,23423,41338,0,CAPACITY_EXCEEDED,INVALID
2151,2,23,50,22584,40363,1,FEASIBLE,WORSE
2152,2,23,51,22587,40079,1,FEASIBLE,WORSE
2153,2,23,52,22458,39784,1,FEASIBLE,WORSE
2154,2,23,53,21886,39820,1,FEASIBLE,WORSE
2155,2,23,54,22444,40161,1,FEASIBLE,WORSE
2156,2,23,55,23310,41257,0,CAPACITY_EXCEEDED,INVALID
2157,2,23,56,23284,40702,0,CAPACITY_EXCEEDED,INVALID
2158,2,23,57,23150,40910,0,CAPACITY_EXCEEDED,INVALID
2159,2,23,58,22384,39869,1,FEASIBLE,WORSE
2160,2,23,59,23581,41082,0,CAPACITY_EXCEEDED,INVALID
2161,2,23,60,23403,40841,0,CAPACITY_EXCEEDED,INVALID
2162,2,23,61,22088,40118,1,FEASIBLE,WORSE
2163,2,23,62,22381,39963,1,FEASIBLE,WORSE
2164,2,23,63,21956,39992,1,FEASIBLE,WORSE
2165,2,23,64,22210,40292,1,FEASIBLE,WORSE
2166,2,23,65,23181,41106,0,CAPACITY_EXCEEDED,INVALID
2167,2,23,66,22283,40158,1,FEASIBLE,WORSE
2168,2,23,67,21974,39888,1,FEASIBLE,WORSE
2169,2,23,68,22546,40146,1,FEASIBLE,WORSE
2170,2,23,69,22306,40273,1,FEASIBLE,WORSE
2171,2,23,70,23573,41157,0,CAPACITY_EXCEEDED,INVALID
2172,2,23,71,23481,40697,0,CAPACITY_EXCEEDED,INVALID
2173,2,23,72,22912,40711,0,CAPACITY_EXCEEDED,INVALID
2174,2,23,73,23464,41371,0,CAPACITY_EXCEEDED,INVALID
2175,2,23,74,22294,39683,1,FEASIBLE,WORSE
2176,2,23,75,23545,41261,0,CAPACITY_EXCEEDED,INVALID
2177,2,23,76,23349,41061,0,CAPACITY_EXCEEDED,INVALID
2178,2,23,77,23022,40838,0,CAPACITY_EXCEEDED,INVALID
2179,2,23,78,22352,40164,1,FEASIBLE,WORSE
2180,2,23,79,22596,39684,1,FEASIBLE,WORSE
2181,2,23,80,21726,39896,1,FEASIBLE,WORSE
2182,2,23,81,22567,40127,1,FEASIBLE,WORSE
2183,2,23,82,21785,39806,1,FEASIBLE,WORSE
2184,2,23,83,23568,40900,0,CAPACITY_EXCEEDED,INVALID
2185,2,23,84,22034,40153,1,FEASIBLE,WORSE
2186,2,23,85,22433,39714,1,FEASIBLE,WORSE
2187,2,23,86,23473,41245,0,CAPACITY_EXCEEDED,INVALID
2188,2,23,87,23579,41127,0,CAPACITY_EXCEEDED,INVALID
2189,2,23,88,23310,40937,0,CAPACITY_EXCEEDED,INVALID
2190,2,23,89,22096,40119,1,FEASIBLE,WORSE
2191,2,23,90,22227,39709,1,FEASIBLE,WORSE
2192,2,23,91,22952,40673,0,CAPACITY_EXCEEDED,INVALID
2193,2,23,92,22399,39883,1,FEASIBLE,WORSE
2194,2,23,93,21930,39846,1,FEASIBLE,WORSE
2195,2,23,94,22172,39780,1,FEASIBLE,WORSE
2196,2,23,95,22410,39926,1,FEASIBLE,WORSE
2197,2,23,96,22500,39857,1,FEASIBLE,WORSE
2198,2,23,97,23271,41186,0,CAPACITY_EXCEEDED,INVALID
2199,2,23,98,22308,40105,1,FEASIBLE,WORSE
2200,2,23,99,23105,41094,0,CAPACITY_EXCEEDED,INVALID
2201,2,24,25,22657,40409,1,FEASIBLE,WORSE
2202,2,24,26,23428,40862,0,CAPACITY_EXCEEDED,INVALID
2203,2,24,27,22422,40610,1,FEASIBLE,WORSE
2204,2,24,28,22562,40394,1,FEASIBLE,WORSE
2205,2,24,29,23297,41328,0,CAPACITY_EXCEEDED,INVALID
2206,2,24,30,23017,41066,0,CAPACITY_EXCEEDED,INVALID
2207,2,24,31,22602,40601,1,FEASIBLE,WORSE
2208,2,24,32,22512,40613,1,FEASIBLE,WORSE
2209,2,24,33,22144,40372,1,FEASIBLE,WORSE
2210,2,24,34,22503,40542,1,FEASIBLE,WORSE
2211,2,24,35,22945,40854,0,CAPACITY_EXCEEDED,INVALID
2212,2,24,36,21960,39994,1,FEASIBLE,WORSE
2213,2,24,37,22217,40275,1,FEASIBLE,WORSE
2214,2,24,38,22349,40189,1,FEASIBLE,WORSE
2215,2,24,39,23146,41018,0,CAPACITY_EXCEEDED,INVALID
2216,2,24,40,22648,39839,1,FEASIBLE,WORSE
2217,2,24,41,22285,39972,1,FEASIBLE,WORSE
2218,2,24,42,23093,40953,0,CAPACITY_EXCEEDED,INVALID
2219,2,24,43,22483,40499,1,FEASIBLE,WORSE
2220,2,24,44,22563,40110,1,FEASIBLE,WORSE
2221,2,24,45,23572,41544,0,CAPACITY_EXCEEDED,INVALID
2222,2,24,46,22161,39895,1,FEASIBLE,WORSE
2223,2,24,47,22462,40409,1,FEASIBLE,WORSE
2224,2,24,48,22066,40001,1,FEASIBLE,WORSE
2225,2,24,49,23490,41503,0,CAPACITY_EXCEEDED,INVALID
2226,2,24,50,22651,40528,1,FEASIBLE,WORSE
2227,2,24,51,22654,40244,1,FEASIBLE,WORSE
2228,2,24,52,22525,39949,1,FEASIBLE,WORSE
2229,2,24,53,21953,39985,1,FEASIBLE,WORSE
2230,2,24,54,22511,40326,1,FEASIBLE,WORSE
2231,2,24,55,23377,41422,0,CAPACITY_EXCEEDED,INVALID
2232,2,24,56,23351,40867,0,CAPACITY_EXCEEDED,INVALID
2233,2,24,57,23217,41075,0,CAPACITY_EXCEEDED,INVALID
2234,2,24,58,22451,40034,1,FEASIBLE,WORSE
2235,2,24,59,23648,41247,0,CAPACITY_EXCEEDED,INVALID
2236,2,24,60,23470,41006,0,CAPACITY_EXCEEDED,INVALID
2237,2,24,61,22155,40283,1,FEASIBLE,WORSE
2238,2,24,62,22448,40128,1,FEASIBLE,WORSE
2239,2,24,63,22023,40157,1,FEASIBLE,WORSE
2240,2,24,64,22277,40457,1,FEASIBLE,WORSE
2241,2,24,65,23248,41271,0,CAPACITY_EXCEEDED,INVALID
2242,2,24,66,22350,40323,1,FEASIBLE,WORSE
2243,2,24,67,22041,40053,1,FEASIBLE,WORSE
2244,2,24,68,22613,40311,1,FEASIBLE,WORSE
2245,2,24,69,22373,40438,1,FEASIBLE,WORSE
2246,2,24,70,23640,41322,0,CAPACITY_EXCEEDED,INVALID
2247,2,24,71,23548,40862,0,CAPACITY_EXCEEDED,INVALID
2248,2,24,72,22979,40876,0,CAPACITY_EXCEEDED,INVALID
2249,2,24,73,23531,41536,0,CAPACITY_EXCEEDED,INVALID
2250,2,24,74,22361,39848,1,FEASIBLE,WORSE
2251,2,24,75,23612,41426,0,CAPACITY_EXCEEDED,INVALID
2252,2,24,76,23416,41226,0,CAPACITY_EXCEEDED,INVALID
2253,2,24,77,23089,41003,0,CAPACITY_EXCEEDED,INVALID
2254,2,24,78,22419,40329,1,FEASIBLE,WORSE
2255,2,24,79,22663,39849,1,FEASIBLE,WORSE
2256,2,24,80,21793,40061,1,FEASIBLE,WORSE
2257,2,24,81,22634,40292,1,FEASIBLE,WORSE
2258,2,24,82,21852,39971,1,FEASIBLE,WORSE
2259,2,24,83,23635,41065,0,CAPACITY_EXCEEDED,INVALID
2260,2,24,84,22101,40318,1,FEASIBLE,WORSE
2261,2,24,85,22500,39879,1,FEASIBLE,WORSE
2262,2,24,86,23540,41410,0,CAPACITY_EXCEEDED,INVALID
2263,2,24,87,23646,41292,0,CAPACITY_EXCEEDED,INVALID
2264,2,24,88,23377,41102,0,CAPACITY_EXCEEDED,INVALID
2265,2,24,89,22163,40284,1,FEASIBLE,WORSE
2266,2,24,90,22294,39874,1,FEASIBLE,WORSE
2267,2,24,91,23019,40838,0,CAPACITY_EXCEEDED,INVALID
2268,2,24,92,22466,40048,1,FEASIBLE,WORSE
2269,2,24,93,21997,40011,1,FEASIBLE,WORSE
2270,2,24,94,22239,39945,1,FEASIBLE,WORSE
2271,2,24,95,22477,40091,1,FEASIBLE,WORSE
2272,2,24,96,22567,40022,1,FEASIBLE,WORSE
2273,2,24,97,23338,41351,0,CAPACITY_EXCEEDED,INVALID
2274,2,24,98,22375,40270,1,FEASIBLE,WORSE
2275,2,24,99,23172,41259,0,CAPACITY_EXCEEDED,INVALID
2276,2,25,26,23430,40656,0,CAPACITY_EXCEEDED,INVALID
2277,2,25,27,22424,40404,1,FEASIBLE,WORSE
2278,2,25,28,22564,40188,1,FEASIBLE,WORSE
2279,2,25,29,23299,41122,0,CAPACITY_EXCEEDED,INVALID
2280,2,25,30,23019,40860,0,CAPACITY_EXCEEDED,INVALID
2281,2,25,31,22604,40395,1,FEASIBLE,WORSE
2282,2,25,32,22514,40407,1,FEASIBLE,WORSE
2283,2,25,33,22146,40166,1,FEASIBLE,WORSE
2284,2,25,34,22505,40336,1,FEASIBLE,WORSE
2285,2,25,35,22947,40648,0,CAPACITY_EXCEEDED,INVALID
2286,2,25,36,21962,39788,1,FEASIBLE,WORSE
2287,2,25,37,22219,40069,1,FEASIBLE,WORSE
2288,2,25,38,22351,39983,1,FEASIBLE,WORSE
2289,2,25,39,23148,40812,0,CAPACITY_EXCEEDED,INVALID
2290,2,25,40,22650,39633,1,FEASIBLE,WORSE
2291,2,25,41,22287,39766,1,FEASIBLE,WORSE
2292,2,25,42,23095,40747,0,CAPACITY_EXCEEDED,INVALID
2293,2,25,43,22485,40293,1,FEASIBLE,WORSE
2294,2,25,44,22565,39904,1,FEASIBLE,WORSE
2295,2,25,45,23574,41338,0,CAPACITY_EXCEEDED,INVALID
2296,2,25,46,22163,39689,1,FEASIBLE,WORSE
2297,2,25,47,22464,40203,1,FEASIBLE,WORSE
2298,2,25,48,22068,39795,1,FEASIBLE,WORSE
2299,2,25,49,23492,41297,0,CAPACITY_EXCEEDED,INVALID
2300,2,25,50,22653,40322,1,FEASIBLE,WORSE
2301,2,25,51,22656,40038,1,FEASIBLE,WORSE
2302,2,25,52,22527,39743,1,FEASIBLE,WORSE
2303,2,25,53,21955,39779,1,FEASIBLE,WORSE
2304,2,25,54,22513,40120,1,FEASIBLE,WORSE
2305,2,25,55,23379,41216,0,CAPACITY_EXCEEDED,INVALID
2306,2,25,56,23353,40661,0,CAPACITY_EXCEEDED,INVALID
2307,2,25,57,23219,40869,0,CAPACITY_EXCEEDED,INVALID
2308,2,25,58,22453,39828,1,FEASIBLE,WORSE
2309,2,25,59,23650,41041,0,CAPACITY_EXCEEDED,INVALID
2310,2,25,60,23472,40800,0,CAPACITY_EXCEEDED,INVALID
2311,2,25,61,22157,40077,1,FEASIBLE,WORSE
2312,2,25,62,22450,39922,1,FEASIBLE,WORSE
2313,2,25,63,22025,39951,1,FEASIBLE,WORSE
2314,2,25,64,22279,40251,1,FEASIBLE,WORSE
2315,2,25,65,23250,41065,0,CAPACITY_EXCEEDED,INVALID
2316,2,25,66,22352,40117,1,FEASIBLE,WORSE
2317,2,25,67,22043,39847,1,FEASIBLE,WORSE
2318,2,25,68,22615,40105,1,FEASIBLE,WORSE
2319,2,25,69,22375,40232,1,FEASIBLE,WORSE
2320,2,25,70,23642,41116,0,CAPACITY_EXCEEDED,INVALID
2321,2,25,71,23550,40656,0,CAPACITY_EXCEEDED,INVALID
2322,2,25,72,22981,40670,0,CAPACITY_EXCEEDED,INVALID
2323,2,25,73,23533,41330,0,CAPACITY_EXCEEDED,INVALID
2324,2,25,74,22363,39642,1,FEASIBLE,WORSE
2325,2,25,75,23614,41220,0,CAPACITY_EXCEEDED,INVALID
2326,2,25,76,23418,41020,0,CAPACITY_EXCEEDED,INVALID
2327,2,25,77,23091,40797,0,CAPACITY_EXCEEDED,INVALID
2328,2,25,78,22421,40123,1,FEASIBLE,WORSE
2329,2,25,79,22665,39643,1,FEASIBLE,WORSE
2330,2,25,80,21795,39855,1,FEASIBLE,WORSE
2331,2,25,81,22636,40086,1,FEASIBLE,WORSE
2332,2,25,82,21854,39765,1,FEASIBLE,WORSE
2333,2,25,83,23637,40859,0,CAPACITY_EXCEEDED,INVALID
2334,2,25,84,22103,40112,1,FEASIBLE,WORSE
2335,2,25,85,22502,39673,1,FEASIBLE,WORSE
2336,2,25,86,23542,41204,0,CAPACITY_EXCEEDED,INVALID
2337,2,25,87,23648,41086,0,CAPACITY_EXCEEDED,INVALID
2338,2,25,88,23379,40896,0,CAPACITY_EXCEEDED,INVALID
2339,2,25,89,22165,40078,1,FEASIBLE,WORSE
2340,2,25,90,22296,39668,1,FEASIBLE,WORSE
2341,2,25,91,23021,40632,0,CAPACITY_EXCEEDED,INVALID
2342,2,25,92,22468,39842,1,FEASIBLE,WORSE
2343,2,25,93,21999,39805,1,FEASIBLE,WORSE
2344,2,25,94,22241,39739,1,FEASIBLE,WORSE
2345,2,25,95,22479,39885,1,FEASIBLE,WORSE
2346,2,25,96,22569,39816,1,FEASIBLE,WORSE
2347,2,25,97,23340,41145,0,CAPACITY_EXCEEDED,INVALID
2348,2,25,98,22377,40064,1,FEASIBLE,WORSE
2349,2,25,99,23174,41053,0,CAPACITY_EXCEEDED,INVALID
2350,2,26,27,23195,40857,0,CAPACITY_EXCEEDED,INVALID
2351,2,26,28,23335,40641,0,CAPACITY_EXCEEDED,INVALID
2352,2,26,29,24070,41575,0,CAPACITY_EXCEEDED,INVALID
2353,2,26,30,23790,41313,0,CAPACITY_EXCEEDED,INVALID
2354,2,26,31,23375,40848,0,CAPACITY_EXCEEDED,INVALID
2355,2,26,32,23285,40860,0,CAPACITY_EXCEEDED,INVALID
2356,2,26,33,22917,40619,0,CAPACITY_EXCEEDED,INVALID
2357,2,26,34,23276,40789,0,CAPACITY_EXCEEDED,INVALID
2358,2,26,35,23718,41101,0,CAPACITY_EXCEEDED,INVALID
2359,2,26,36,22733,40241,0,CAPACITY_EXCEEDED,INVALID
2360,2,26,37,22990,40522,0,CAPACITY_EXCEEDED,INVALID
2361,2,26,38,23122,40436,0,CAPACITY_EXCEEDED,INVALID
2362,2,26,39,23919,41265,0,CAPACITY_EXCEEDED,INVALID
2363,2,26,40,23421,40086,0,CAPACITY_EXCEEDED,INVALID
2364,2,26,41,23058,40219,0,CAPACITY_EXCEEDED,INVALID
2365,2,26,42,23866,41200,0,CAPACITY_EXCEEDED,INVALID
2366,2,26,43,23256,40746,0,CAPACITY_EXCEEDED,INVALID
2367,2,26,44,23336,40357,0,CAPACITY_EXCEEDED,INVALID
2368,2,26,45,24345,41791,0,CAPACITY_EXCEEDED,INVALID
2369,2,26,46,22934,40142,0,CAPACITY_EXCEEDED,INVALID
2370,2,26,47,23235,40656,0,CAPACITY_EXCEEDED,INVALID
2371,2,26,48,22839,40248,0,CAPACITY_EXCEEDED,INVALID
2372,2,26,49,24263,41750,0,CAPACITY_EXCEEDED,INVALID
2373,2,26,50,23424,40775,0,CAPACITY_EXCEEDED,INVALID
2374,2,26,51,23427,40491,0,CAPACITY_EXCEEDED,INVALID
2375,2,26,52,23298,40196,0,CAPACITY_EXCEEDED,INVALID
2376,2,26,53,22726,40232,0,CAPACITY_EXCEEDED,INVALID
2377,2,26,54,23284,40573,0,CAPACITY_EXCEEDED,INVALID
2378,2,26,55,24150,41669,0,CAPACITY_EXCEEDED,INVALID
2379,2,26,56,24124,41114,0,CAPACITY_EXCEEDED,INVALID
2380,2,26,57,23990,41322,0,CAPACITY_EXCEEDED,INVALID
2381,2,26,58,23224,40281,0,CAPACITY_EXCEEDED,INVALID
2382,2,26,59,24421,41494,0,CAPACITY_EXCEEDED,INVALID
2383,2,26,60,24243,41253,0,CAPACITY_EXCEEDED,INVALID
2384,2,26,61,22928,40530,0,CAPACITY_EXCEEDED,INVALID
2385,2,26,62,23221,40375,0,CAPACITY_EXCEEDED,INVALID
2386,2,26,63,22796,40404,0,CAPACITY_EXCEEDED,INVALID
2387,2,26,64,23050,40704,0,CAPACITY_EXCEEDED,INVALID
2388,2,26,65,24021,41518,0,CAPACITY_EXCEEDED,INVALID
2389,2,26,66,23123,40570,0,CAPACITY_EXCEEDED,INVALID
2390,2,26,67,22814,40300,0,CAPACITY_EXCEEDED,INVALID
2391,2,26,68,23386,40558,0,CAPACITY_EXCEEDED,INVALID
2392,2,26,69,23146,40685,0,CAPACITY_EXCEEDED,INVALID
2393,2,26,70,24413,41569,0,CAPACITY_EXCEEDED,INVALID
2394,2,26,71,24321,41109,0,CAPACITY_EXCEEDED,INVALID
2395,2,26,72,23752,41123,0,CAPACITY_EXCEEDED,INVALID
2396,2,26,73,24304,41783,0,CAPACITY_EXCEEDED,INVALID
2397,2,26,74,23134,40095,0,CAPACITY_EXCEEDED,INVALID
2398,2,26,75,24385,41673,0,CAPACITY_EXCEEDED,INVALID
2399,2,26,76,24189,41473,0,CAPACITY_EXCEEDED,INVALID
2400,2,26,77,23862,41250,0,CAPACITY_EXCEEDED,INVALID
2401,2,26,78,23192,40576,0,CAPACITY_EXCEEDED,INVALID
2402,2,26,79,23436,40096,0,CAPACITY_EXCEEDED,INVALID
2403,2,26,80,22566,40308,1,FEASIBLE,WORSE
2404,2,26,81,23407,40539,0,CAPACITY_EXCEEDED,INVALID
2405,2,26,82,22625,40218,1,FEASIBLE,WORSE
2406,2,26,83,24408,41312,0,CAPACITY_EXCEEDED,INVALID
2407,2,26,84,22874,40565,0,CAPACITY_EXCEEDED,INVALID
2408,2,26,85,23273,40126,0,CAPACITY_EXCEEDED,INVALID
2409,2,26,86,24313,41657,0,CAPACITY_EXCEEDED,INVALID
2410,2,26,87,24419,41539,0,CAPACITY_EXCEEDED,INVALID
2411,2,26,88,24150,41349,0,CAPACITY_EXCEEDED,INVALID
2412,2,26,89,22936,40531,0,CAPACITY_EXCEEDED,INVALID
2413,2,26,90,23067,40121,0,CAPACITY_EXCEEDED,INVALID
2414,2,26,91,23792,41085,0,CAPACITY_EXCEEDED,INVALID
2415,2,26,92,23239,40295,0,CAPACITY_EXCEEDED,INVALID
2416,2,26,93,22770,40258,0,CAPACITY_EXCEEDED,INVALID
2417,2,26,94,23012,40192,0,CAPACITY_EXCEEDED,INVALID
2418,2,26,95,23250,40338,0,CAPACITY_EXCEEDED,INVALID
2419,2,26,96,23340,40269,0,CAPACITY_EXCEEDED,INVALID
2420,2,26,97,24111,41598,0,CAPACITY_EXCEEDED,INVALID
2421,2,26,98,23148,40517,0,CAPACITY_EXCEEDED,INVALID
2422,2,26,99,23945,41506,0,CAPACITY_EXCEEDED,INVALID
2423,2,27,28,22329,40389,1,FEASIBLE,WORSE
2424,2,27,29,23064,41323,0,CAPACITY_EXCEEDED,INVALID
2425,2,27,30,22784,41061,0,CAPACITY_EXCEEDED,INVALID
2426,2,27,31,22369,40596,1,FEASIBLE,WORSE
2427,2,27,32,22279,40608,1,FEASIBLE,WORSE
2428,2,27,33,21911,40367,1,FEASIBLE,WORSE
2429,2,27,34,22270,40537,1,FEASIBLE,WORSE
2430,2,27,35,22712,40849,1,FEASIBLE,WORSE
2431,2,27,36,21727,39989,1,FEASIBLE,WORSE
2432,2,27,37,21984,40270,1,FEASIBLE,WORSE
2433,2,27,38,22116,40184,1,FEASIBLE,WORSE
2434,2,27,39,22913,41013,0,CAPACITY_EXCEEDED,INVALID
2435,2,27,40,22415,39834,1,FEASIBLE,WORSE
2436,2,27,41,22052,39967,1,FEASIBLE,WORSE
2437,2,27,42,22860,40948,0,CAPACITY_EXCEEDED,INVALID
2438,2,27,43,22250,40494,1,FEASIBLE,WORSE
2439,2,27,44,22330,40105,1,FEASIBLE,WORSE
2440,2,27,45,23339,41539,0,CAPACITY_EXCEEDED,INVALID
2441,2,27,46,21928,39890,1,FEASIBLE,WORSE
2442,2,27,47,22229,40404,1,FEASIBLE,WORSE
2443,2,27,48,21833,39996,1,FEASIBLE,WORSE
2444,2,27,49,23257,41498,0,CAPACITY_EXCEEDED,INVALID
2445,2,27,50,22418,40523,1,FEASIBLE,WORSE
2446,2,27,51,22421,40239,1,FEASIBLE,WORSE
2447,2,27,52,22292,39944,1,FEASIBLE,WORSE
2448,2,27,53,21720,39980,1,FEASIBLE,WORSE
2449,2,27,54,22278,40321,1,FEASIBLE,WORSE
2450,2,27,55,23144,41417,0,CAPACITY_EXCEEDED,INVALID
2451,2,27,56,23118,40862,0,CAPACITY_EXCEEDED,INVALID
2452,2,27,57,22984,41070,0,CAPACITY_EXCEEDED,INVALID
2453,2,27,58,22218,40029,1,FEASIBLE,WORSE
2454,2,27,59,23415,41242,0,CAPACITY_EXCEEDED,INVALID
2455,2,27,60,23237,41001,0,CAPACITY_EXCEEDED,INVALID
2456,2,27,61,21922,40278,1,FEASIBLE,WORSE
2457,2,27,62,22215,40123,1,FEASIBLE,WORSE
2458,2,27,63,21790,40152,1,FEASIBLE,WORSE
2459,2,27,64,22044,40452,1,FEASIBLE,WORSE
2460,2,27,65,23015,41266,0,CAPACITY_EXCEEDED,INVALID
2461,2,27,66,22117,40318,1,FEASIBLE,WORSE
2462,2,27,67,21808,40048,1,FEASIBLE,WORSE
2463,2,27,68,22380,40306,1,FEASIBLE,WORSE
2464,2,27,69,22140,40433,1,FEASIBLE,WORSE
2465,2,27,70,23407,41317,0,CAPACITY_EXCEEDED,INVALID
2466,2,27,71,23315,40857,0,CAPACITY_EXCEEDED,INVALID
2467,2,27,72,22746,40871,0,CAPACITY_EXCEEDED,INVALID
2468,2,27,73,23298,41531,0,CAPACITY_EXCEEDED,INVALID
2469,2,27,74,22128,39843,1,FEASIBLE,WORSE
2470,2,27,75,23379,41421,0,CAPACITY_EXCEEDED,INVALID
2471,2,27,76,23183,41221,0,CAPACITY_EXCEEDED,INVALID
2472,2,27,77,22856,40998,0,CAPACITY_EXCEEDED,INVALID
2473,2,27,78,22186,40324,1,FEASIBLE,WORSE
2474,2,27,79,22430,39844,1,FEASIBLE,WORSE
2475,2,27,80,21560,40056,1,FEASIBLE,WORSE
2476,2,27,81,22401,40287,1,FEASIBLE,WORSE
2477,2,27,82,21619,39966,1,FEASIBLE,WORSE
2478,2,27,83,23402,41060,0,CAPACITY_EXCEEDED,INVALID
2479,2,27,84,21868,40313,1,FEASIBLE,WORSE
2480,2,27,85,22267,39874,1,FEASIBLE,WORSE
2481,2,27,86,23307,41405,0,CAPACITY_EXCEEDED,INVALID
2482,2,27,87,23413,41287,0,CAPACITY_EXCEEDED,INVALID
2483,2,27,88,23144,41097,0,CAPACITY_EXCEEDED,INVALID
2484,2,27,89,21930,40279,1,FEASIBLE,WORSE
2485,2,27,90,22061,39869,1,FEASIBLE,WORSE
2486,2,27,91,22786,40833,0,CAPACITY_EXCEEDED,INVALID
2487,2,27,92,22233,40043,1,FEASIBLE,WORSE
2488,2,27,93,21764,40006,1,FEASIBLE,WORSE
2489,2,27,94,22006,39940,1,FEASIBLE,WORSE
2490,2,27,95,22244,40086,1,FEASIBLE,WORSE
2491,2,27,96,22334,40017,1,FEASIBLE,WORSE
2492,2,27,97,23105,41346,0,CAPACITY_EXCEEDED,INVALID
2493,2,27,98,22142,40265,1,FEASIBLE,WORSE
2494,2,27,99,22939,41254,0,CAPACITY_EXCEEDED,INVALID
2495,2,28,29,23204,41107,0,CAPACITY_EXCEEDED,INVALID
2496,2,28,30,22924,40845,0,CAPACITY_EXCEEDED,INVALID
2497,2,28,31,22509,40380,1,FEASIBLE,WORSE
2498,2,28,32,22419,40392,1,FEASIBLE,WORSE
2499,2,28,33,22051,40151,1,FEASIBLE,WORSE
2500,2,28,34,22410,40321,1,FEASIBLE,WORSE
2501,2,28,35,22852,40633,0,CAPACITY_EXCEEDED,INVALID
2502,2,28,36,21867,39773,1,FEASIBLE,WORSE
2503,2,28,37,22124,40054,1,FEASIBLE,WORSE
2504,2,28,38,22256,39968,1,FEASIBLE,WORSE
2505,2,28,39,23053,40797,0,CAPACITY_EXCEEDED,INVALID
2506,2,28,40,22555,39618,1,FEASIBLE,WORSE
2507,2,28,41,22192,39751,1,FEASIBLE,WORSE
2508,2,28,42,23000,40732,0,CAPACITY_EXCEEDED,INVALID
2509,2,28,43,22390,40278,1,FEASIBLE,WORSE
2510,2,28,44,22470,39889,1,FEASIBLE,WORSE
2511,2,28,45,23479,41323,0,CAPACITY_EXCEEDED,INVALID
2512,2,28,46,22068,39674,1,FEASIBLE,WORSE
2513,2,28,47,22369,40188,1,FEASIBLE,WORSE
2514,2,28,48,21973,39780,1,FEASIBLE,WORSE
2515,2,28,49,23397,41282,0,CAPACITY_EXCEEDED,INVALID
2516,2,28,50,22558,40307,1,FEASIBLE,WORSE
2517,2,28,51,22561,40023,1,FEASIBLE,WORSE
2518,2,28,52,22432,39728,1,FEASIBLE,WORSE
2519,2,28,53,21860,39764,1,FEASIBLE,WORSE
2520,2,28,54,22418,40105,1,FEASIBLE,WORSE
2521,2,28,55,23284,41201,0,CAPACITY_EXCEEDED,INVALID
2522,2,28,56,23258,40646,0,CAPACITY_EXCEEDED,INVALID
2523,2,28,57,23124,40854,0,CAPACITY_EXCEEDED,INVALID
2524,2,28,58,22358,39813,1,FEASIBLE,WORSE
2525,2,28,59,23555,41026,0,CAPACITY_EXCEEDED,INVALID
2526,2,28,60,23377,40785,0,CAPACITY_EXCEEDED,INVALID
2527,2,28,61,22062,40062,1,FEASIBLE,WORSE
2528,2,28,62,22355,39907,1,FEASIBLE,WORSE
2529,2,28,63,21930,39936,1,FEASIBLE,WORSE
2530,2,28,64,22184,40236,1,FEASIBLE,WORSE
2531,2,28,65,23155,41050,0,CAPACITY_EXCEEDED,INVALID
2532,2,28,66,22257,40102,1,FEASIBLE,WORSE
2533,2,28,67,21948,39832,1,FEASIBLE,WORSE
2534,2,28,68,22520,40090,1,FEASIBLE,WORSE
2535,2,28,69,22280,40217,1,FEASIBLE,WORSE
2536,2,28,70,23547,41101,0,CAPACITY_EXCEEDED,INVALID
2537,2,28,71,23455,40641,0,CAPACITY_EXCEEDED,INVALID
2538,2,28,72,22886,40655,0,CAPACITY_EXCEEDED,INVALID
2539,2,28,73,23438,41315,0,CAPACITY_EXCEEDED,INVALID
2540,2,28,74,22268,39627,1,FEASIBLE,WORSE
2541,2,28,75,23519,41205,0,CAPACITY_EXCEEDED,INVALID
2542,2,28,76,23323,41005,0,CAPACITY_EXCEEDED,INVALID
2543,2,28,77,22996,40782,0,CAPACITY_EXCEEDED,INVALID
2544,2,28,78,22326,40108,1,FEASIBLE,WORSE
2545,2,28,79,22570,39628,1,FEASIBLE,WORSE
2546,2,28,80,21700,39840,1,FEASIBLE,WORSE
2547,2,28,81,22541,40071,1,FEASIBLE,WORSE
2548,2,28,82,21759,39750,1,FEASIBLE,WORSE
2549,2,28,83,23542,40844,0,CAPACITY_EXCEEDED,INVALID
2550,2,28,84,22008,40097,1,FEASIBLE,WORSE
2551,2,28,85,22407,39658,1,FEASIBLE,WORSE
2552,2,28,86,23447,41189,0,CAPACITY_EXCEEDED,INVALID
2553,2,28,87,23553,41071,0,CAPACITY_EXCEEDED,INVALID
2554,2,28,88,23284,40881,0,CAPACITY_EXCEEDED,INVALID
2555,2,28,89,22070,40063,1,FEASIBLE,WORSE
2556,2,28,90,22201,39653,1,FEASIBLE,WORSE
2557,2,28,91,22926,40617,0,CAPACITY_EXCEEDED,INVALID
2558,2,28,92,22373,39827,1,FEASIBLE,WORSE
2559,2,28,93,21904,39790,1,FEASIBLE,WORSE
2560,2,28,94,22146,39724,1,FEASIBLE,WORSE
2561,2,28,95,22384,39870,1,FEASIBLE,WORSE
2562,2,28,96,22474,39801,1,FEASIBLE,WORSE
2563,2,28,97,23245,41130,0,CAPACITY_EXCEEDED,INVALID
2564,2,28,98,22282,40049,1,FEASIBLE,WORSE
2565,2,28,99,23079,41038,0,CAPACITY_EXCEEDED,INVALID
2566,2,29,30,23659,41779,0,CAPACITY_EXCEEDED,INVALID
2567,2,29,31,23244,41314,0,CAPACITY_EXCEEDED,INVALID
2568,2,29,32,23154,41326,0,CAPACITY_EXCEEDED,INVALID
2569,2,29,33,22786,41085,0,CAPACITY_EXCEEDED,INVALID
2570,2,29,34,23145,41255,0,CAPACITY_EXCEEDED,INVALID
2571,2,29,35,23587,41567,0,CAPACITY_EXCEEDED,INVALID
2572,2,29,36,22602,40707,1,FEASIBLE,WORSE
2573,2,29,37,22859,40988,0,CAPACITY_EXCEEDED,INVALID
2574,2,29,38,22991,40902,0,CAPACITY_EXCEEDED,INVALID
2575,2,29,39,23788,41731,0,CAPACITY_EXCEEDED,INVALID
2576,2,29,40,23290,40552,0,CAPACITY_EXCEEDED,INVALID
2577,2,29,41,22927,40685,0,CAPACITY_EXCEEDED,INVALID
2578,2,29,42,23735,41666,0,CAPACITY_EXCEEDED,INVALID
2579,2,29,43,23125,41212,0,CAPACITY_EXCEEDED,INVALID
2580,2,29,44,23205,40823,0,CAPACITY_EXCEEDED,INVALID
2581,2,29,45,24214,42257,0,CAPACITY_EXCEEDED,INVALID
2582,2,29,46,22803,40608,0,CAPACITY_EXCEEDED,INVALID
2583,2,29,47,23104,41122,0,CAPACITY_EXCEEDED,INVALID
2584,2,29,48,22708,40714,1,FEASIBLE,WORSE
2585,2,29,49,24132,42216,0,CAPACITY_EXCEEDED,INVALID
2586,2,29,50,23293,41241,0,CAPACITY_EXCEEDED,INVALID
2587,2,29,51,23296,40957,0,CAPACITY_EXCEEDED,INVALID
2588,2,29,52,23167,40662,0,CAPACITY_EXCEEDED,INVALID
2589,2,29,53,22595,40698,1,FEASIBLE,WORSE
2590,2,29,54,23153,41039,0,CAPACITY_EXCEEDED,INVALID
2591,2,29,55,24019,42135,0,CAPACITY_EXCEEDED,INVALID
2592,2,29,56,23993,41580,0,CAPACITY_EXCEEDED,INVALID
2593,2,29,57,23859,41788,0,CAPACITY_EXCEEDED,INVALID
2594,2,29,58,23093,40747,0,CAPACITY_EXCEEDED,INVALID
2595,2,29,59,24290,41960,0,CAPACITY_EXCEEDED,INVALID
2596,2,29,60,24112,41719,0,CAPACITY_EXCEEDED,INVALID
2597,2,29,61,22797,40996,0,CAPACITY_EXCEEDED,INVALID
2598,2,29,62,23090,40841,0,CAPACITY_EXCEEDED,INVALID
2599,2,29,63,22665,40870,1,FEASIBLE,WORSE
2600,2,29,64,22919,41170,0,CAPACITY_EXCEEDED,INVALID
2601,2,29,65,23890,41984,0,CAPACITY_EXCEEDED,INVALID
2602,2,29,66,22992,41036,0,CAPACITY_EXCEEDED,INVALID
2603,2,29,67,22683,40766,1,FEASIBLE,WORSE
2604,2,29,68,23255,41024,0,CAPACITY_EXCEEDED,INVALID
2605,2,29,69,23015,41151,0,CAPACITY_EXCEEDED,INVALID
2606,2,29,70,24282,42035,0,CAPACITY_EXCEEDED,INVALID
2607,2,29,71,24190,41575,0,CAPACITY_EXCEEDED,INVALID
2608,2,29,72,23621,41589,0,CAPACITY_EXCEEDED,INVALID
2609,2,29,73,24173,42249,0,CAPACITY_EXCEEDED,INVALID
2610,2,29,74,23003,40561,0,CAPACITY_EXCEEDED,INVALID
2611,2,29,75,24254,42139,0,CAPACITY_EXCEEDED,INVALID
2612,2,29,76,24058,41939,0,CAPACITY_EXCEEDED,INVALID
2613,2,29,77,23731,41716,0,CAPACITY_EXCEEDED,INVALID
2614,2,29,78,23061,41042,0,CAPACITY_EXCEEDED,INVALID
2615,2,29,79,23305,40562,0,CAPACITY_EXCEEDED,INVALID
2616,2,29,80,22435,40774,1,FEASIBLE,WORSE
2617,2,29,81,23276,41005,0,CAPACITY_EXCEEDED,INVALID
2618,2,29,82,22494,40684,1,FEASIBLE,WORSE
2619,2,29,83,24277,41778,0,CAPACITY_EXCEEDED,INVALID
2620,2,29,84,22743,41031,0,CAPACITY_EXCEEDED,INVALID
2621,2,29,85,23142,40592,0,CAPACITY_EXCEEDED,INVALID
2622,2,29,86,24182,42123,0,CAPACITY_EXCEEDED,INVALID
2623,2,29,87,24288,42005,0,CAPACITY_EXCEEDED,INVALID
2624,2,29,88,24019,41815,0,CAPACITY_EXCEEDED,INVALID
2625,2,29,89,22805,40997,0,CAPACITY_EXCEEDED,INVALID
2626,2,29,90,22936,40587,0,CAPACITY_EXCEEDED,INVALID
2627,2,29,91,23661,41551,0,CAPACITY_EXCEEDED,INVALID
2628,2,29,92,23108,40761,0,CAPACITY_EXCEEDED,INVALID
2629,2,29,93,22639,40724,1,FEASIBLE,WORSE
2630,2,29,94,22881,40658,0,CAPACITY_EXCEEDED,INVALID
2631,2,29,95,23119,40804,0,CAPACITY_EXCEEDED,INVALID
2632,2,29,96,23209,40735,0,CAPACITY_EXCEEDED,INVALID
2633,2,29,97,23980,42064,0,CAPACITY_EXCEEDED,INVALID
2634,2,29,98,23017,40983,0,CAPACITY_EXCEEDED,INVALID
2635,2,29,99,23814,41972,0,CAPACITY_EXCEEDED,INVALID
2636,2,30,31,22964,41052,0,CAPACITY_EXCEEDED,INVALID
2637,2,30,32,22874,41064,0,CAPACITY_EXCEEDED,INVALID
2638,2,30,33,22506,40823,1,FEASIBLE,WORSE
2639,2,30,34,22865,40993,0,CAPACITY_EXCEEDED,INVALID
2640,2,30,35,23307,41305,0,CAPACITY_EXCEEDED,INVALID
2641,2,30,36,22322,40445,1,FEASIBLE,WORSE
2642,2,30,37,22579,40726,1,FEASIBLE,WORSE
2643,2,30,38,22711,40640,1,FEASIBLE,WORSE
2644,2,30,39,23508,41469,0,CAPACITY_EXCEEDED,INVALID
2645,2,30,40,23010,40290,0,CAPACITY_EXCEEDED,INVALID
2646,2,30,41,22647,40423,1,FEASIBLE,WORSE
2647,2,30,42,23455,41404,0,CAPACITY_EXCEEDED,INVALID
2648,2,30,43,22845,40950,0,CAPACITY_EXCEEDED,INVALID
2649,2,30,44,22925,40561,0,CAPACITY_EXCEEDED,INVALID
2650,2,30,45,23934,41995,0,CAPACITY_EXCEEDED,INVALID
2651,2,30,46,22523,40346,1,FEASIBLE,WORSE
2652,2,30,47,22824,40860,0,CAPACITY_EXCEEDED,INVALID
2653,2,30,48,22428,40452,1,FEASIBLE,WORSE
2654,2,30,49,23852,41954,0,CAPACITY_EXCEEDED,INVALID
2655,2,30,50,23013,40979,0,CAPACITY_EXCEEDED,INVALID
2656,2,30,51,23016,40695,0,CAPACITY_EXCEEDED,INVALID
2657,2,30,52,22887,40400,0,CAPACITY_EXCEEDED,INVALID
2658,2,30,53,22315,40436,1,FEASIBLE,WORSE
2659,2,30,54,22873,40777,0,CAPACITY_EXCEEDED,INVALID
2660,2,30,55,23739,41873,0,CAPACITY_EXCEEDED,INVALID
2661,2,30,56,23713,41318,0,CAPACITY_EXCEEDED,INVALID
2662,2,30,57,23579,41526,0,CAPACITY_EXCEEDED,INVALID
2663,2,30,58,22813,40485,0,CAPACITY_EXCEEDED,INVALID
2664,2,30,59,24010,41698,0,CAPACITY_EXCEEDED,INVALID
2665,2,30,60,23832,41457,0,CAPACITY_EXCEEDED,INVALID
2666,2,30,61,22517,40734,1,FEASIBLE,WORSE
2667,2,30,62,22810,40579,0,CAPACITY_EXCEEDED,INVALID
2668,2,30,63,22385,40608,1,FEASIBLE,WORSE
2669,2,30,64,22639,40908,1,FEASIBLE,WORSE
2670,2,30,65,23610,41722,0,CAPACITY_EXCEEDED,INVALID
2671,2,30,66,22712,40774,1,FEASIBLE,WORSE
2672,2,30,67,22403,40504,1,FEASIBLE,WORSE
2673,2,30,68,22975,40762,0,CAPACITY_EXCEEDED,INVALID
2674,2,30,69,22735,40889,0,CAPACITY_EXCEEDED,INVALID
2675,2,30,70,24002,41773,0,CAPACITY_EXCEEDED,INVALID
2676,2,30,71,23910,41313,0,CAPACITY_EXCEEDED,INVALID
2677,2,30,72,23341,41327,0,CAPACITY_EXCEEDED,INVALID
2678,2,30,73,23893,41987,0,CAPACITY_EXCEEDED,INVALID
2679,2,30,74,22723,40299,0,CAPACITY_EXCEEDED,INVALID
2680,2,30,75,23974,41877,0,CAPACITY_EXCEEDED,INVALID
2681,2,30,76,23778,41677,0,CAPACITY_EXCEEDED,INVALID
2682,2,30,77,23451,41454,0,CAPACITY_EXCEEDED,INVALID
2683,2,30,78,22781,40780,0,CAPACITY_EXCEEDED,INVALID
2684,2,30,79,23025,40300,0,CAPACITY_EXCEEDED,INVALID
2685,2,30,80,22155,40512,1,FEASIBLE,WORSE
2686,2,30,81,22996,40743,0,CAPACITY_EXCEEDED,INVALID
2687,2,30,82,22214,40422,1,FEASIBLE,WORSE
2688,2,30,83,23997,41516,0,CAPACITY_EXCEEDED,INVALID
2689,2,30,84,22463,40769,1,FEASIBLE,WORSE
2690,2,30,85,22862,40330,0,CAPACITY_EXCEEDED,INVALID
2691,2,30,86,23902,41861,0,CAPACITY_EXCEEDED,INVALID
2692,2,30,87,24008,41743,0,CAPACITY_EXCEEDED,INVALID
2693,2,30,88,23739,41553,0,CAPACITY_EXCEEDED,INVALID
2694,2,30,89,22525,40735,1,FEASIBLE,WORSE
2695,2,30,90,22656,40325,1,FEASIBLE,WORSE
2696,2,30,91,23381,41289,0,CAPACITY_EXCEEDED,INVALID
2697,2,30,92,22828,40499,0,CAPACITY_EXCEEDED,INVALID
2698,2,30,93,22359,40462,1,FEASIBLE,WORSE
2699,2,30,94,22601,40396,1,FEASIBLE,WORSE
2700,2,30,95,22839,40542,0,CAPACITY_EXCEEDED,INVALID
2701,2,30,96,22929,40473,0,CAPACITY_EXCEEDED,INVALID
2702,2,30,97,23700,41802,0,CAPACITY_EXCEEDED,INVALID
2703,2,30,98,22737,40721,0,CAPACITY_EXCEEDED,INVALID
2704,2,30,99,23534,41710,0,CAPACITY_EXCEEDED,INVALID
2705,2,31,32,22459,40599,1,FEASIBLE,WORSE
2706,2,31,33,22091,40358,1,FEASIBLE,WORSE
2707,2,31,34,22450,40528,1,FEASIBLE,WORSE
2708,2,31,35,22892,40840,0,CAPACITY_EXCEEDED,INVALID
2709,2,31,36,21907,39980,1,FEASIBLE,WORSE
2710,2,31,37,22164,40261,1,FEASIBLE,WORSE
2711,2,31,38,22296,40175,1,FEASIBLE,WORSE
2712,2,31,39,23093,41004,0,CAPACITY_EXCEEDED,INVALID
2713,2,31,40,22595,39825,1,FEASIBLE,WORSE
2714,2,31,41,22232,39958,1,FEASIBLE,WORSE
2715,2,31,42,23040,40939,0,CAPACITY_EXCEEDED,INVALID
2716,2,31,43,22430,40485,1,FEASIBLE,WORSE
2717,2,31,44,22510,40096,1,FEASIBLE,WORSE
2718,2,31,45,23519,41530,0,CAPACITY_EXCEEDED,INVALID
2719,2,31,46,22108,39881,1,FEASIBLE,WORSE
2720,2,31,47,22409,40395,1,FEASIBLE,WORSE
2721,2,31,48,22013,39987,1,FEASIBLE,WORSE
2722,2,31,49,23437,41489,0,CAPACITY_EXCEEDED,INVALID
2723,2,31,50,22598,40514,1,FEASIBLE,WORSE
2724,2,31,51,22601,40230,1,FEASIBLE,WORSE
2725,2,31,52,22472,39935,1,FEASIBLE,WORSE
2726,2,31,53,21900,39971,1,FEASIBLE,WORSE
2727,2,31,54,22458,40312,1,FEASIBLE,WORSE
2728,2,31,55,23324,41408,0,CAPACITY_EXCEEDED,INVALID
2729,2,31,56,23298,40853,0,CAPACITY_EXCEEDED,INVALID
2730,2,31,57,23164,41061,0,CAPACITY_EXCEEDED,INVALID
2731,2,31,58,22398,40020,1,FEASIBLE,WORSE
2732,2,31,59,23595,41233,0,CAPACITY_EXCEEDED,INVALID
2733,2,31,60,23417,40992,0,CAPACITY_EXCEEDED,INVALID
2734,2,31,61,22102,40269,1,FEASIBLE,WORSE
2735,2,31,62,22395,40114,1,FEASIBLE,WORSE
2736,2,31,63,21970,40143,1,FEASIBLE,WORSE
2737,2,31,64,22224,40443,1,FEASIBLE,WORSE
2738,2,31,65,23195,41257,0,CAPACITY_EXCEEDED,INVALID
2739,2,31,66,22297,40309,1,FEASIBLE,WORSE
2740,2,31,67,21988,40039,1,FEASIBLE,WORSE
2741,2,31,68,22560,40297,1,FEASIBLE,WORSE
2742,2,31,69,22320,40424,1,FEASIBLE,WORSE
2743,2,31,70,23587,41308,0,CAPACITY_EXCEEDED,INVALID
2744,2,31,71,23495,40848,0,CAPACITY_EXCEEDED,INVALID
2745,2,31,72,22926,40862,0,CAPACITY_EXCEEDED,INVALID
2746,2,31,73,23478,41522,0,CAPACITY_EXCEEDED,INVALID
2747,2,31,74,22308,39834,1,FEASIBLE,WORSE
2748,2,31,75,23559,41412,0,CAPACITY_EXCEEDED,INVALID
2749,2,31,76,23363,41212,0,CAPACITY_EXCEEDED,INVALID
2750,2,31,77,23036,40989,0,CAPACITY_EXCEEDED,INVALID
2751,2,31,78,22366,40315,1,FEASIBLE,WORSE
2752,2,31,79,22610,39835,1,FEASIBLE,WORSE
2753,2,31,80,21740,40047,1,FEASIBLE,WORSE
2754,2,31,81,22581,40278,1,FEASIBLE,WORSE
2755,2,31,82,21799,39957,1,FEASIBLE,WORSE
2756,2,31,83,23582,41051,0,CAPACITY_EXCEEDED,INVALID
2757,2,31,84,22048,40304,1,FEASIBLE,WORSE
2758,2,31,85,22447,39865,1,FEASIBLE,WORSE
2759,2,31,86,23487,41396,0,CAPACITY_EXCEEDED,INVALID
2760,2,31,87,23593,41278,0,CAPACITY_EXCEEDED,INVALID
2761,2,31,88,23324,41088,0,CAPACITY_EXCEEDED,INVALID
2762,2,31,89,22110,40270,1,FEASIBLE,WORSE
2763,2,31,90,22241,39860,1,FEASIBLE,WORSE
2764,2,31,91,22966,40824,0,CAPACITY_EXCEEDED,INVALID
2765,2,31,92,22413,40034,1,FEASIBLE,WORSE
2766,2,31,93,21944,39997,1,FEASIBLE,WORSE
2767,2,31,94,22186,39931,1,FEASIBLE,WORSE
2768,2,31,95,22424,40077,1,FEASIBLE,WORSE
2769,2,31,96,22514,40008,1,FEASIBLE,WORSE
2770,2,31,97,23285,41337,0,CAPACITY_EXCEEDED,INVALID
2771,2,31,98,22322,40256,1,FEASIBLE,WORSE
2772,2,31,99,23119,41245,0,CAPACITY_EXCEEDED,INVALID
2773,2,32,33,22001,40370,1,FEASIBLE,WORSE
2774,2,32,34,22360,40540,1,FEASIBLE,WORSE
2775,2,32,35,22802,40852,0,CAPACITY_EXCEEDED,INVALID
2776,2,32,36,21817,39992,1,FEASIBLE,WORSE
2777,2,32,37,22074,40273,1,FEASIBLE,WORSE
2778,2,32,38,22206,40187,1,FEASIBLE,WORSE
2779,2,32,39,23003,41016,0,CAPACITY_EXCEEDED,INVALID
2780,2,32,40,22505,39837,1,FEASIBLE,WORSE
2781,2,32,41,22142,39970,1,FEASIBLE,WORSE
2782,2,32,42,22950,40951,0,CAPACITY_EXCEEDED,INVALID
2783,2,32,43,22340,40497,1,FEASIBLE,WORSE
2784,2,32,44,22420,40108,1,FEASIBLE,WORSE
2785,2,32,45,23429,41542,0,CAPACITY_EXCEEDED,INVALID
2786,2,32,46,22018,39893,1,FEASIBLE,WORSE
2787,2,32,47,22319,40407,1,FEASIBLE,WORSE
2788,2,32,48,21923,39999,1,FEASIBLE,WORSE
2789,2,32,49,23347,41501,0,CAPACITY_EXCEEDED,INVALID
2790,2,32,50,22508,40526,1,FEASIBLE,WORSE
2791,2,32,51,22511,40242,1,FEASIBLE,WORSE
2792,2,32,52,22382,39947,1,FEASIBLE,WORSE
2793,2,32,53,21810,39983,1,FEASIBLE,WORSE
2794,2,32,54,22368,40324,1,FEASIBLE,WORSE
2795,2,32,55,23234,41420,0,CAPACITY_EXCEEDED,INVALID
2796,2,32,56,23208,40865,0,CAPACITY_EXCEEDED,INVALID
2797,2,32,57,23074,41073,0,CAPACITY_EXCEEDED,INVALID
2798,2,32,58,22308,40032,1,FEASIBLE,WORSE
2799,2,32,59,23505,41245,0,CAPACITY_EXCEEDED,INVALID
2800,2,32,60,23327,41004,0,CAPACITY_EXCEEDED,INVALID
2801,2,32,61,22012,40281,1,FEASIBLE,WORSE
2802,2,32,62,22305,40126,1,FEASIBLE,WORSE
2803,2,32,63,21880,40155,1,FEASIBLE,WORSE
2804,2,32,64,22134,40455,1,FEASIBLE,WORSE
2805,2,32,65,23105,41269,0,CAPACITY_EXCEEDED,INVALID
2806,2,32,66,22207,40321,1,FEASIBLE,WORSE
2807,2,32,67,21898,40051,1,FEASIBLE,WORSE
2808,2,32,68,22470,40309,1,FEASIBLE,WORSE
2809,2,32,69,22230,40436,1,FEASIBLE,WORSE
2810,2,32,70,23497,41320,0,CAPACITY_EXCEEDED,INVALID
2811,2,32,71,23405,40860,0,CAPACITY_EXCEEDED,INVALID
2812,2,32,72,22836,40874,0,CAPACITY_EXCEEDED,INVALID
2813,2,32,73,23388,41534,0,CAPACITY_EXCEEDED,INVALID
2814,2,32,74,22218,39846,1,FEASIBLE,WORSE
2815,2,32,75,23469,41424,0,CAPACITY_EXCEEDED,INVALID
2816,2,32,76,23273,41224,0,CAPACITY_EXCEEDED,INVALID
2817,2,32,77,22946,41001,0,CAPACITY_EXCEEDED,INVALID
2818,2,32,78,22276,40327,1,FEASIBLE,WORSE
2819,2,32,79,22520,39847,1,FEASIBLE,WORSE
2820,2,32,80,21650,40059,1,FEASIBLE,WORSE
2821,2,32,81,22491,40290,1,FEASIBLE,WORSE
2822,2,32,82,21709,39969,1,FEASIBLE,WORSE
2823,2,32,83,23492,41063,0,CAPACITY_EXCEEDED,INVALID
2824,2,32,84,21958,40316,1,FEASIBLE,WORSE
2825,2,32,85,22357,39877,1,FEASIBLE,WORSE
2826,2,32,86,23397,41408,0,CAPACITY_EXCEEDED,INVALID
2827,2,32,87,23503,41290,0,CAPACITY_EXCEEDED,INVALID
2828,2,32,88,23234,41100,0,CAPACITY_EXCEEDED,INVALID
2829,2,32,89,22020,40282,1,FEASIBLE,WORSE
2830,2,32,90,22151,39872,1,FEASIBLE,WORSE
2831,2,32,91,22876,40836,0,CAPACITY_EXCEEDED,INVALID
2832,2,32,92,22323,40046,1,FEASIBLE,WORSE
2833,2,32,93,21854,40009,1,FEASIBLE,WORSE
2834,2,32,94,22096,39943,1,FEASIBLE,WORSE
2835,2,32,95,22334,40089,1,FEASIBLE,WORSE
2836,2,32,96,22424,40020,1,FEASIBLE,WORSE
2837,2,32,97,23195,41349,0,CAPACITY_EXCEEDED,INVALID
2838,2,32,98,22232,40268,1,FEASIBLE,WORSE
2839,2,32,99,23029,41257,0,CAPACITY_EXCEEDED,INVALID
2840,2,33,34,21992,40299,1,FEASIBLE,WORSE
2841,2,33,35,22434,40611,1,FEASIBLE,WORSE
2842,2,33,36,21449,39751,1,FEASIBLE,WORSE
2843,2,33,37,21706,40032,1,FEASIBLE,WORSE
2844,2,33,38,21838,39946,1,FEASIBLE,WORSE
2845,2,33,39,22635,40775,1,FEASIBLE,WORSE
2846,2,33,40,22137,39596,1,FEASIBLE,WORSE
2847,2,33,41,21774,39729,1,FEASIBLE,WORSE
2848,2,33,42,22582,40710,1,FEASIBLE,WORSE
2849,2,33,43,21972,40256,1,FEASIBLE,WORSE
2850,2,33,44,22052,39867,1,FEASIBLE,WORSE
2851,2,33,45,23061,41301,0,CAPACITY_EXCEEDED,INVALID
2852,2,33,46,21650,39652,1,FEASIBLE,WORSE
2853,2,33,47,21951,40166,1,FEASIBLE,WORSE
2854,2,33,48,21555,39758,1,FEASIBLE,WORSE
2855,2,33,49,22979,41260,0,CAPACITY_EXCEEDED,INVALID
2856,2,33,50,22140,40285,1,FEASIBLE,WORSE
2857,2,33,51,22143,40001,1,FEASIBLE,WORSE
2858,2,33,52,22014,39706,1,FEASIBLE,WORSE
2859,2,33,53,21442,39742,1,FEASIBLE,WORSE
2860,2,33,54,22000,40083,1,FEASIBLE,WORSE
2861,2,33,55,22866,41179,0,CAPACITY_EXCEEDED,INVALID
2862,2,33,56,22840,40624,0,CAPACITY_EXCEEDED,INVALID
2863,2,33,57,22706,40832,1,FEASIBLE,WORSE
2864,2,33,58,21940,39791,1,FEASIBLE,WORSE
2865,2,33,59,23137,41004,0,CAPACITY_EXCEEDED,INVALID
2866,2,33,60,22959,40763,0,CAPACITY_EXCEEDED,INVALID
2867,2,33,61,21644,40040,1,FEASIBLE,WORSE
2868,2,33,62,21937,39885,1,FEASIBLE,WORSE
2869,2,33,63,21512,39914,1,FEASIBLE,WORSE
2870,2,33,64,21766,40214,1,FEASIBLE,WORSE
2871,2,33,65,22737,41028,0,CAPACITY_EXCEEDED,INVALID
2872,2,33,66,21839,40080,1,FEASIBLE,WORSE
2873,2,33,67,21530,39810,1,FEASIBLE,WORSE
2874,2,33,68,22102,40068,1,FEASIBLE,WORSE
2875,2,33,69,21862,40195,1,FEASIBLE,WORSE
2876,2,33,70,23129,41079,0,CAPACITY_EXCEEDED,INVALID
2877,2,33,71,23037,40619,0,CAPACITY_EXCEEDED,INVALID
2878,2,33,72,22468,40633,1,FEASIBLE,WORSE
2879,2,33,73,23020,41293,0,CAPACITY_EXCEEDED,INVALID
2880,2,33,74,21850,39605,1,FEASIBLE,WORSE
2881,2,33,75,23101,41183,0,CAPACITY_EXCEEDED,INVALID
2882,2,33,76,22905,40983,0,CAPACITY_EXCEEDED,INVALID
2883,2,33,77,22578,40760,1,FEASIBLE,WORSE
2884,2,33,78,21908,40086,1,FEASIBLE,WORSE
2885,2,33,79,22152,39606,1,FEASIBLE,WORSE
2886,2,33,80,21282,39818,1,FEASIBLE,WORSE
2887,2,33,81,22123,40049,1,FEASIBLE,WORSE
2888,2,33,82,21341,39728,1,FEASIBLE,WORSE
2889,2,33,83,23124,40822,0,CAPACITY_EXCEEDED,INVALID
2890,2,33,84,21590,40075,1,FEASIBLE,WORSE
2891,2,33,85,21989,39636,1,FEASIBLE,WORSE
2892,2,33,86,23029,41167,0,CAPACITY_EXCEEDED,INVALID
2893,2,33,87,23135,41049,0,CAPACITY_EXCEEDED,INVALID
2894,2,33,88,22866,40859,0,CAPACITY_EXCEEDED,INVALID
2895,2,33,89,21652,40041,1,FEASIBLE,WORSE
2896,2,33,90,21783,39631,1,FEASIBLE,WORSE
2897,2,33,91,22508,40595,1,FEASIBLE,WORSE
2898,2,33,92,21955,39805,1,FEASIBLE,WORSE
2899,2,33,93,21486,39768,1,FEASIBLE,WORSE
2900,2,33,94,21728,39702,1,FEASIBLE,WORSE
2901,2,33,95,21966,39848,1,FEASIBLE,WORSE
2902,2,33,96,22056,39779,1,FEASIBLE,WORSE
2903,2,33,97,22827,41108,0,CAPACITY_EXCEEDED,INVALID
2904,2,33,98,21864,40027,1,FEASIBLE,WORSE
2905,2,33,99,22661,41016,1,FEASIBLE,WORSE
2906,2,34,35,22793,40781,0,CAPACITY_EXCEEDED,INVALID
2907,2,34,36,21808,39921,1,FEASIBLE,WORSE
2908,2,34,37,22065,40202,1,FEASIBLE,WORSE
2909,2,34,38,22197,40116,1,FEASIBLE,WORSE
2910,2,34,39,22994,40945,0,CAPACITY_EXCEEDED,INVALID
2911,2,34,40,22496,39766,1,FEASIBLE,WORSE
2912,2,34,41,22133,39899,1,FEASIBLE,WORSE
2913,2,34,42,22941,40880,0,CAPACITY_EXCEEDED,INVALID
2914,2,34,43,22331,40426,1,FEASIBLE,WORSE
2915,2,34,44,22411,40037,1,FEASIBLE,WORSE
2916,2,34,45,23420,41471,0,CAPACITY_EXCEEDED,INVALID
2917,2,34,46,22009,39822,1,FEASIBLE,WORSE
2918,2,34,47,22310,40336,1,FEASIBLE,WORSE
2919,2,34,48,21914,39928,1,FEASIBLE,WORSE
2920,2,34,49,23338,41430,0,CAPACITY_EXCEEDED,INVALID
2921,2,34,50,22499,40455,1,FEASIBLE,WORSE
2922,2,34,51,22502,40171,1,FEASIBLE,WORSE
2923,2,34,52,22373,39876,1,FEASIBLE,WORSE
2924,2,34,53,21801,39912,1,FEASIBLE,WORSE
2925,2,34,54,22359,40253,1,FEASIBLE,WORSE
2926,2,34,55,23225,41349,0,CAPACITY_EXCEEDED,INVALID
2927,2,34,56,23199,40794,0,CAPACITY_EXCEEDED,INVALID
2928,2,34,57,23065,41002,0,CAPACITY_EXCEEDED,INVALID
2929,2,34,58,22299,39961,1,FEASIBLE,WORSE
2930,2,34,59,23496,41174,0,CAPACITY_EXCEEDED,INVALID
2931,2,34,60,23318,40933,0,CAPACITY_EXCEEDED,INVALID
2932,2,34,61,22003,40210,1,FEASIBLE,WORSE
2933,2,34,62,22296,40055,1,FEASIBLE,WORSE
2934,2,34,63,21871,40084,1,FEASIBLE,WORSE
2935,2,34,64,22125,40384,1,FEASIBLE,WORSE
2936,2,34,65,23096,41198,0,CAPACITY_EXCEEDED,INVALID
2937,2,34,66,22198,40250,1,FEASIBLE,WORSE
2938,2,34,67,21889,39980,1,FEASIBLE,WORSE
2939,2,34,68,22461,40238,1,FEASIBLE,WORSE
2940,2,34,69,22221,40365,1,FEASIBLE,WORSE
2941,2,34,70,23488,41249,0,CAPACITY_EXCEEDED,INVALID
2942,2,34,71,23396,40789,0,CAPACITY_EXCEEDED,INVALID
2943,2,34,72,22827,40803,0,CAPACITY_EXCEEDED,INVALID
2944,2,34,73,23379,41463,0,CAPACITY_EXCEEDED,INVALID
2945,2,34,74,22209,39775,1,FEASIBLE,WORSE
2946,2,34,75,23460,41353,0,CAPACITY_EXCEEDED,INVALID
2947,2,34,76,23264,41153,0,CAPACITY_EXCEEDED,INVALID
2948,2,34,77,22937,40930,0,CAPACITY_EXCEEDED,INVALID
2949,2,34,78,22267,40256,1,FEASIBLE,WORSE
2950,2,34,79,22511,39776,1,FEASIBLE,WORSE
2951,2,34,80,21641,39988,1,FEASIBLE,WORSE
2952,2,34,81,22482,40219,1,FEASIBLE,WORSE
2953,2,34,82,21700,39898,1,FEASIBLE,WORSE
2954,2,34,83,23483,40992,0,CAPACITY_EXCEEDED,INVALID
2955,2,34,84,21949,40245,1,FEASIBLE,WORSE
2956,2,34,85,22348,39806,1,FEASIBLE,WORSE
2957,2,34,86,23388,41337,0,CAPACITY_EXCEEDED,INVALID
2958,2,34,87,23494,41219,0,CAPACITY_EXCEEDED,INVALID
2959,2,34,88,23225,41029,0,CAPACITY_EXCEEDED,INVALID
2960,2,34,89,22011,40211,1,FEASIBLE,WORSE
2961,2,34,90,22142,39801,1,FEASIBLE,WORSE
2962,2,34,91,22867,40765,0,CAPACITY_EXCEEDED,INVALID
2963,2,34,92,22314,39975,1,FEASIBLE,WORSE
2964,2,34,93,21845,39938,1,FEASIBLE,WORSE
2965,2,34,94,22087,39872,1,FEASIBLE,WORSE
2966,2,34,95,22325,40018,1,FEASIBLE,WORSE
2967,2,34,96,22415,39949,1,FEASIBLE,WORSE
2968,2,34,97,23186,41278,0,CAPACITY_EXCEEDED,INVALID
2969,2,34,98,22223,40197,1,FEASIBLE,WORSE
2970,2,34,99,23020,41186,0,CAPACITY_EXCEEDED,INVALID
2971,2,35,36,22250,40233,1,FEASIBLE,WORSE
2972,2,35,37,22507,40514,1,FEASIBLE,WORSE
2973,2,35,38,22639,40428,1,FEASIBLE,WORSE
2974,2,35,39,23436,41257,0,CAPACITY_EXCEEDED,INVALID
2975,2,35,40,22938,40078,0,CAPACITY_EXCEEDED,INVALID
2976,2,35,41,22575,40211,1,FEASIBLE,WORSE
2977,2,35,42,23383,41192,0,CAPACITY_EXCEEDED,INVALID
2978,2,35,43,22773,40738,0,CAPACITY_EXCEEDED,INVALID
2979,2,35,44,22853,40349,0,CAPACITY_EXCEEDED,INVALID
2980,2,35,45,23862,41783,0,CAPACITY_EXCEEDED,INVALID
2981,2,35,46,22451,40134,1,FEASIBLE,WORSE
2982,2,35,47,22752,40648,0,CAPACITY_EXCEEDED,INVALID
2983,2,35,48,22356,40240,1,FEASIBLE,WORSE
2984,2,35,49,23780,41742,0,CAPACITY_EXCEEDED,INVALID
2985,2,35,50,22941,40767,0,CAPACITY_EXCEEDED,INVALID
2986,2,35,51,22944,40483,0,CAPACITY_EXCEEDED,INVALID
2987,2,35,52,22815,40188,0,CAPACITY_EXCEEDED,INVALID
2988,2,35,53,22243,40224,1,FEASIBLE,WORSE
2989,2,35,54,22801,40565,0,CAPACITY_EXCEEDED,INVALID
2990,2,35,55,23667,41661,0,CAPACITY_EXCEEDED,INVALID
2991,2,35,56,23641,41106,0,CAPACITY_EXCEEDED,INVALID
2992,2,35,57,23507,41314,0,CAPACITY_EXCEEDED,INVALID
2993,2,35,58,22741,40273,0,CAPACITY_EXCEEDED,INVALID
2994,2,35,59,23938,41486,0,CAPACITY_EXCEEDED,INVALID
2995,2,35,60,23760,41245,0,CAPACITY_EXCEEDED,INVALID
2996,2,35,61,22445,40522,1,FEASIBLE,WORSE
2997,2,35,62,22738,40367,0,CAPACITY_EXCEEDED,INVALID
2998,2,35,63,22313,40396,1,FEASIBLE,WORSE
2999,2,35,64,22567,40696,1,FEASIBLE,WORSE
3000,2,35,65,23538,41510,0,CAPACITY_EXCEEDED,INVALID
3001,2,35,66,22640,40562,1,FEASIBLE,WORSE
3002,2,35,67,22331,40292,1,FEASIBLE,WORSE
3003,2,35,68,22903,40550,0,CAPACITY_EXCEEDED,INVALID
3004,2,35,69,22663,40677,1,FEASIBLE,WORSE
3005,2,35,70,23930,41561,0,CAPACITY_EXCEEDED,INVALID
3006,2,35,71,23838,41101,0,CAPACITY_EXCEEDED,INVALID
3007,2,35,72,23269,41115,0,CAPACITY_EXCEEDED,INVALID
3008,2,35,73,23821,41775,0,CAPACITY_EXCEEDED,INVALID
3009,2,35,74,22651,40087,1,FEASIBLE,WORSE
3010,2,35,75,23902,41665,0,CAPACITY_EXCEEDED,INVALID
3011,2,35,76,23706,41465,0,CAPACITY_EXCEEDED,INVALID
3012,2,35,77,23379,41242,0,CAPACITY_EXCEEDED,INVALID
3013,2,35,78,22709,40568,1,FEASIBLE,WORSE
3014,2,35,79,22953,40088,0,CAPACITY_EXCEEDED,INVALID
3015,2,35,80,22083,40300,1,FEASIBLE,WORSE
3016,2,35,81,22924,40531,0,CAPACITY_EXCEEDED,INVALID
3017,2,35,82,22142,40210,1,FEASIBLE,WORSE
3018,2,35,83,23925,41304,0,CAPACITY_EXCEEDED,INVALID
3019,2,35,84,22391,40557,1,FEASIBLE,WORSE
3020,2,35,85,22790,40118,0,CAPACITY_EXCEEDED,INVALID
3021,2,35,86,23830,41649,0,CAPACITY_EXCEEDED,INVALID
3022,2,35,87,23936,41531,0,CAPACITY_EXCEEDED,INVALID
3023,2,35,88,23667,41341,0,CAPACITY_EXCEEDED,INVALID
3024,2,35,89,22453,40523,1,FEASIBLE,WORSE
3025,2,35,90,22584,40113,1,FEASIBLE,WORSE
3026,2,35,91,23309,41077,0,CAPACITY_EXCEEDED,INVALID
3027,2,35,92,22756,40287,0,CAPACITY_EXCEEDED,INVALID
3028,2,35,93,22287,40250,1,FEASIBLE,WORSE
3029,2,35,94,22529,40184,1,FEASIBLE,WORSE
3030,2,35,95,22767,40330,0,CAPACITY_EXCEEDED,INVALID
3031,2,35,96,22857,40261,0,CAPACITY_EXCEEDED,INVALID
3032,2,35,97,23628,41590,0,CAPACITY_EXCEEDED,INVALID
3033,2,35,98,22665,40509,1,FEASIBLE,WORSE
3034,2,35,99,23462,41498,0,CAPACITY_EXCEEDED,INVALID
3035,2,36,37,21522,39654,1,FEASIBLE,WORSE
3036,2,36,38,21654,39568,1,FEASIBLE,WORSE
3037,2,36,39,22451,40397,1,FEASIBLE,WORSE
3038,2,36,40,21953,39218,1,FEASIBLE,WORSE
3039,2,36,41,21590,39351,1,FEASIBLE,WORSE
3040,2,36,42,22398,40332,1,FEASIBLE,WORSE
3041,2,36,43,21788,39878,1,FEASIBLE,WORSE
3042,2,36,44,21868,39489,1,FEASIBLE,WORSE
3043,2,36,45,22877,40923,0,CAPACITY_EXCEEDED,INVALID
3044,2,36,46,21466,39274,1,FEASIBLE,WORSE
3045,2,36,47,21767,39788,1,FEASIBLE,WORSE
3046,2,36,48,21371,39380,1,FEASIBLE,WORSE
3047,2,36,49,22795,40882,0,CAPACITY_EXCEEDED,INVALID
3048,2,36,50,21956,39907,1,FEASIBLE,WORSE
3049,2,36,51,21959,39623,1,FEASIBLE,WORSE
3050,2,36,52,21830,39328,1,FEASIBLE,WORSE
3051,2,36,53,21258,39364,1,FEASIBLE,WORSE
3052,2,36,54,21816,39705,1,FEASIBLE,WORSE
3053,2,36,55,22682,40801,1,FEASIBLE,WORSE
3054,2,36,56,22656,40246,1,FEASIBLE,WORSE
3055,2,36,57,22522,40454,1,FEASIBLE,WORSE
3056,2,36,58,21756,39413,1,FEASIBLE,WORSE
3057,2,36,59,22953,40626,0,CAPACITY_EXCEEDED,INVALID
3058,2,36,60,22775,40385,0,CAPACITY_EXCEEDED,INVALID
3059,2,36,61,21460,39662,1,FEASIBLE,WORSE
3060,2,36,62,21753,39507,1,FEASIBLE,WORSE
3061,2,36,63,21328,39536,1,FEASIBLE,WORSE
3062,2,36,64,21582,39836,1,FEASIBLE,WORSE
3063,2,36,65,22553,40650,1,FEASIBLE,WORSE
3064,2,36,66,21655,39702,1,FEASIBLE,WORSE
3065,2,36,67,21346,39432,1,FEASIBLE,WORSE
3066,2,36,68,21918,39690,1,FEASIBLE,WORSE
3067,2,36,69,21678,39817,1,FEASIBLE,WORSE
3068,2,36,70,22945,40701,0,CAPACITY_EXCEEDED,INVALID
3069,2,36,71,22853,40241,0,CAPACITY_EXCEEDED,INVALID
3070,2,36,72,22284,40255,1,FEASIBLE,WORSE
3071,2,36,73,22836,40915,0,CAPACITY_EXCEEDED,INVALID
3072,2,36,74,21666,39227,1,FEASIBLE,WORSE
3073,2,36,75,22917,40805,0,CAPACITY_EXCEEDED,INVALID
3074,2,36,76,22721,40605,0,CAPACITY_EXCEEDED,INVALID
3075,2,36,77,22394,40382,1,FEASIBLE,WORSE
3076,2,36,78,21724,39708,1,FEASIBLE,WORSE
3077,2,36,79,21968,39228,1,FEASIBLE,WORSE
3078,2,36,80,21098,39440,1,FEASIBLE,WORSE
3079,2,36,81,21939,39671,1,FEASIBLE,WORSE
3080,2,36,82,21157,39350,1,FEASIBLE,WORSE
3081,2,36,83,22940,40444,0,CAPACITY_EXCEEDED,INVALID
3082,2,36,84,21406,39697,1,FEASIBLE,WORSE
3083,2,36,85,21805,39258,1,FEASIBLE,WORSE
3084,2,36,86,22845,40789,0,CAPACITY_EXCEEDED,INVALID
3085,2,36,87,22951,40671,0,CAPACITY_EXCEEDED,INVALID
3086,2,36,88,22682,40481,1,FEASIBLE,WORSE
3087,2,36,89,21468,39663,1,FEASIBLE,WORSE
3088,2,36,90,21599,39253,1,FEASIBLE,WORSE
3089,2,36,91,22324,40217,1,FEASIBLE,WORSE
3090,2,36,92,21771,39427,1,FEASIBLE,WORSE
3091,2,36,93,21302,39390,1,FEASIBLE,WORSE
3092,2,36,94,21544,39324,1,FEASIBLE,WORSE
3093,2,36,95,21782,39470,1,FEASIBLE,WORSE
3094,2,36,96,21872,39401,1,FEASIBLE,WORSE
3095,2,36,97,22643,40730,1,FEASIBLE,WORSE
3096,2,36,98,21680,39649,1,FEASIBLE,WORSE
3097,2,36,99,22477,40638,1,FEASIBLE,WORSE
3098,2,37,38,21911,39849,1,FEASIBLE,WORSE
3099,2,37,39,22708,40678,1,FEASIBLE,WORSE
3100,2,37,40,22210,39499,1,FEASIBLE,WORSE
3101,2,37,41,21847,39632,1,FEASIBLE,WORSE
3102,2,37,42,22655,40613,1,FEASIBLE,WORSE
3103,2,37,43,22045,40159,1,FEASIBLE,WORSE
3104,2,37,44,22125,39770,1,FEASIBLE,WORSE
3105,2,37,45,23134,41204,0,CAPACITY_EXCEEDED,INVALID
3106,2,37,46,21723,39555,1,FEASIBLE,WORSE
3107,2,37,47,22024,40069,1,FEASIBLE,WORSE
3108,2,37,48,21628,39661,1,FEASIBLE,WORSE
3109,2,37,49,23052,41163,0,CAPACITY_EXCEEDED,INVALID
3110,2,37,50,22213,40188,1,FEASIBLE,WORSE
3111,2,37,51,22216,39904,1,FEASIBLE,WORSE
3112,2,37,52,22087,39609,1,FEASIBLE,WORSE
3113,2,37,53,21515,39645,1,FEASIBLE,WORSE
3114,2,37,54,22073,39986,1,FEASIBLE,WORSE
3115,2,37,55,22939,41082,0,CAPACITY_EXCEEDED,INVALID
3116,2,37,56,22913,40527,0,CAPACITY_EXCEEDED,INVALID
3117,2,37,57,22779,40735,0,CAPACITY_EXCEEDED,INVALID
3118,2,37,58,22013,39694,1,FEASIBLE,WORSE
3119,2,37,59,23210,40907,0,CAPACITY_EXCEEDED,INVALID
3120,2,37,60,23032,40666,0,CAPACITY_EXCEEDED,INVALID
3121,2,37,61,21717,39943,1,FEASIBLE,WORSE
3122,2,37,62,22010,39788,1,FEASIBLE,WORSE
3123,2,37,63,21585,39817,1,FEASIBLE,WORSE
3124,2,37,64,21839,40117,1,FEASIBLE,WORSE
3125,2,37,65,22810,40931,0,CAPACITY_EXCEEDED,INVALID
3126,2,37,66,21912,39983,1,FEASIBLE,WORSE
3127,2,37,67,21603,39713,1,FEASIBLE,WORSE
3128,2,37,68,22175,39971,1,FEASIBLE,WORSE
3129,2,37,69,21935,40098,1,FEASIBLE,WORSE
3130,2,37,70,23202,40982,0,CAPACITY_EXCEEDED,INVALID
3131,2,37,71,23110,40522,0,CAPACITY_EXCEEDED,INVALID
3132,2,37,72,22541,40536,1,FEASIBLE,WORSE
3133,2,37,73,23093,41196,0,CAPACITY_EXCEEDED,INVALID
3134,2,37,74,21923,39508,1,FEASIBLE,WORSE
3135,2,37,75,23174,41086,0,CAPACITY_EXCEEDED,INVALID
3136,2,37,76,22978,40886,0,CAPACITY_EXCEEDED,INVALID
3137,2,37,77,22651,40663,1,FEASIBLE,WORSE
3138,2,37,78,21981,39989,1,FEASIBLE,WORSE
3139,2,37,79,22225,39509,1,FEASIBLE,WORSE
3140,2,37,80,21355,39721,1,FEASIBLE,WORSE
3141,2,37,81,22196,39952,1,FEASIBLE,WORSE
3142,2,37,82,21414,39631,1,FEASIBLE,WORSE
3143,2,37,83,23197,40725,0,CAPACITY_EXCEEDED,INVALID
3144,2,37,84,21663,39978,1,FEASIBLE,WORSE
3145,2,37,85,22062,39539,1,FEASIBLE,WORSE
3146,2,37,86,23102,41070,0,CAPACITY_EXCEEDED,INVALID
3147,2,37,87,23208,40952,0,CAPACITY_EXCEEDED,INVALID
3148,2,37,88,22939,40762,0,CAPACITY_EXCEEDED,INVALID
3149,2,37,89,21725,39944,1,FEASIBLE,WORSE
3150,2,37,90,21856,39534,1,FEASIBLE,WORSE
3151,2,37,91,22581,40498,1,FEASIBLE,WORSE
3152,2,37,92,22028,39708,1,FEASIBLE,WORSE
3153,2,37,93,21559,39671,1,FEASIBLE,WORSE
3154,2,37,94,21801,39605,1,FEASIBLE,WORSE
3155,2,37,95,22039,39751,1,FEASIBLE,WORSE
3156,2,37,96,22129,39682,1,FEASIBLE,WORSE
3157,2,37,97,22900,41011,0,CAPACITY_EXCEEDED,INVALID
3158,2,37,98,21937,39930,1,FEASIBLE,WORSE
3159,2,37,99,22734,40919,0,CAPACITY_EXCEEDED,INVALID
3160,2,38,39,22840,40592,0,CAPACITY_EXCEEDED,INVALID
3161,2,38,40,22342,39413,1,FEASIBLE,WORSE
3162,2,38,41,21979,39546,1,FEASIBLE,WORSE
3163,2,38,42,22787,40527,0,CAPACITY_EXCEEDED,INVALID
3164,2,38,43,22177,40073,1,FEASIBLE,WORSE
3165,2,38,44,22257,39684,1,FEASIBLE,WORSE
3166,2,38,45,23266,41118,0,CAPACITY_EXCEEDED,INVALID
3167,2,38,46,21855,39469,1,FEASIBLE,WORSE
3168,2,38,47,22156,39983,1,FEASIBLE,WORSE
3169,2,38,48,21760,39575,1,FEASIBLE,WORSE
3170,2,38,49,23184,41077,0,CAPACITY_EXCEEDED,INVALID
3171,2,38,50,22345,40102,1,FEASIBLE,WORSE
3172,2,38,51,22348,39818,1,FEASIBLE,WORSE
3173,2,38,52,22219,39523,1,FEASIBLE,WORSE
3174,2,38,53,21647,39559,1,FEASIBLE,WORSE
3175,2,38,54,22205,39900,1,FEASIBLE,WORSE
3176,2,38,55,23071,40996,0,CAPACITY_EXCEEDED,INVALID
3177,2,38,56,23045,40441,0,CAPACITY_EXCEEDED,INVALID
3178,2,38,57,22911,40649,0,CAPACITY_EXCEEDED,INVALID
3179,2,38,58,22145,39608,1,FEASIBLE,WORSE
3180,2,38,59,23342,40821,0,CAPACITY_EXCEEDED,INVALID
3181,2,38,60,23164,40580,0,CAPACITY_EXCEEDED,INVALID
3182,2,38,61,21849,39857,1,FEASIBLE,WORSE
3183,2,38,62,22142,39702,1,FEASIBLE,WORSE
3184,2,38,63,21717,39731,1,FEASIBLE,WORSE
3185,2,38,64,21971,40031,1,FEASIBLE,WORSE
3186,2,38,65,22942,40845,0,CAPACITY_EXCEEDED,INVALID
3187,2,38,66,22044,39897,1,FEASIBLE,WORSE
3188,2,38,67,21735,39627,1,FEASIBLE,WORSE
3189,2,38,68,22307,39885,1,FEASIBLE,WORSE
3190,2,38,69,22067,40012,1,FEASIBLE,WORSE
3191,2,38,70,23334,40896,0,CAPACITY_EXCEEDED,INVALID
3192,2,38,71,23242,40436,0,CAPACITY_EXCEEDED,INVALID
3193,2,38,72,22673,40450,1,FEASIBLE,WORSE
3194,2,38,73,23225,41110,0,CAPACITY_EXCEEDED,INVALID
3195,2,38,74,22055,39422,1,FEASIBLE,WORSE
3196,2,38,75,23306,41000,0,CAPACITY_EXCEEDED,INVALID
3197,2,38,76,23110,40800,0,CAPACITY_EXCEEDED,INVALID
3198,2,38,77,22783,40577,0,CAPACITY_EXCEEDED,INVALID
3199,2,38,78,22113,39903,1,FEASIBLE,WORSE
3200,2,38,79,22357,39423,1,FEASIBLE,WORSE
3201,2,38,80,21487,39635,1,FEASIBLE,WORSE
3202,2,38,81,22328,39866,1,FEASIBLE,WORSE
3203,2,38,82,21546,39545,1,FEASIBLE,WORSE
3204,2,38,83,23329,40639,0,CAPACITY_EXCEEDED,INVALID
3205,2,38,84,21795,39892,1,FEASIBLE,WORSE
3206,2,38,85,22194,39453,1,FEASIBLE,WORSE
3207,2,38,86,23234,40984,0,CAPACITY_EXCEEDED,INVALID
3208,2,38,87,23340,40866,0,CAPACITY_EXCEEDED,INVALID
3209,2,38,88,23071,40676,0,CAPACITY_EXCEEDED,INVALID
3210,2,38,89,21857,39858,1,FEASIBLE,WORSE
3211,2,38,90,21988,39448,1,FEASIBLE,WORSE
3212,2,38,91,22713,40412,1,FEASIBLE,WORSE
3213,2,38,92,22160,39622,1,FEASIBLE,WORSE
3214,2,38,93,21691,39585,1,FEASIBLE,WORSE
3215,2,38,94,21933,39519,1,FEASIBLE,WORSE
3216,2,38,95,22171,39665,1,FEASIBLE,WORSE
3217,2,38,96,22261,39596,1,FEASIBLE,WORSE
3218,2,38,97,23032,40925,0,CAPACITY_EXCEEDED,INVALID
3219,2,38,98,22069,39844,1,FEASIBLE,WORSE
3220,2,38,99,22866,40833,0,CAPACITY_EXCEEDED,INVALID
3221,2,39,40,23139,40242,0,CAPACITY_EXCEEDED,INVALID
3222,2,39,41,22776,40375,0,CAPACITY_EXCEEDED,INVALID
3223,2,39,42,23584,41356,0,CAPACITY_EXCEEDED,INVALID
3224,2,39,43,22974,40902,0,CAPACITY_EXCEEDED,INVALID
3225,2,39,44,23054,40513,0,CAPACITY_EXCEEDED,INVALID
3226,2,39,45,24063,41947,0,CAPACITY_EXCEEDED,INVALID
3227,2,39,46,22652,40298,1,FEASIBLE,WORSE
3228,2,39,47,22953,40812,0,CAPACITY_EXCEEDED,INVALID
3229,2,39,48,22557,40404,1,FEASIBLE,WORSE
3230,2,39,49,23981,41906,0,CAPACITY_EXCEEDED,INVALID
3231,2,39,50,23142,40931,0,CAPACITY_EXCEEDED,INVALID
3232,2,39,51,23145,40647,0,CAPACITY_EXCEEDED,INVALID
3233,2,39,52,23016,40352,0,CAPACITY_EXCEEDED,INVALID
3234,2,39,53,22444,40388,1,FEASIBLE,WORSE
3235,2,39,54,23002,40729,0,CAPACITY_EXCEEDED,INVALID
3236,2,39,55,23868,41825,0,CAPACITY_EXCEEDED,INVALID
3237,2,39,56,23842,41270,0,CAPACITY_EXCEEDED,INVALID
3238,2,39,57,23708,41478,0,CAPACITY_EXCEEDED,INVALID
3239,2,39,58,22942,40437,0,CAPACITY_EXCEEDED,INVALID
3240,2,39,59,24139,41650,0,CAPACITY_EXCEEDED,INVALID
3241,2,39,60,23961,41409,0,CAPACITY_EXCEEDED,INVALID
3242,2,39,61,22646,40686,1,FEASIBLE,WORSE
3243,2,39,62,22939,40531,0,CAPACITY_EXCEEDED,INVALID
3244,2,39,63,22514,40560,1,FEASIBLE,WORSE
3245,2,39,64,22768,40860,0,CAPACITY_EXCEEDED,INVALID
3246,2,39,65,23739,41674,0,CAPACITY_EXCEEDED,INVALID
3247,2,39,66,22841,40726,0,CAPACITY_EXCEEDED,INVALID
3248,2,39,67,22532,40456,1,FEASIBLE,WORSE
3249,2,39,68,23104,40714,0,CAPACITY_EXCEEDED,INVALID
3250,2,39,69,22864,40841,0,CAPACITY_EXCEEDED,INVALID
3251,2,39,70,24131,41725,0,CAPACITY_EXCEEDED,INVALID
3252,2,39,71,24039,41265,0,CAPACITY_EXCEEDED,INVALID
3253,2,39,72,23470,41279,0,CAPACITY_EXCEEDED,INVALID
3254,2,39,73,24022,41939,0,CAPACITY_EXCEEDED,INVALID
3255,2,39,74,22852,40251,0,CAPACITY_EXCEEDED,INVALID
3256,2,39,75,24103,41829,0,CAPACITY_EXCEEDED,INVALID
3257,2,39,76,23907,41629,0,CAPACITY_EXCEEDED,INVALID
3258,2,39,77,23580,41406,0,CAPACITY_EXCEEDED,INVALID
3259,2,39,78,22910,40732,0,CAPACITY_EXCEEDED,INVALID
3260,2,39,79,23154,40252,0,CAPACITY_EXCEEDED,INVALID
3261,2,39,80,22284,40464,1,FEASIBLE,WORSE
3262,2,39,81,23125,40695,0,CAPACITY_EXCEEDED,INVALID
3263,2,39,82,22343,40374,1,FEASIBLE,WORSE
3264,2,39,83,24126,41468,0,CAPACITY_EXCEEDED,INVALID
3265,2,39,84,22592,40721,1,FEASIBLE,WORSE
3266,2,39,85,22991,40282,0,CAPACITY_EXCEEDED,INVALID
3267,2,39,86,24031,41813,0,CAPACITY_EXCEEDED,INVALID
3268,2,39,87,24137,41695,0,CAPACITY_EXCEEDED,INVALID
3269,2,39,88,23868,41505,0,CAPACITY_EXCEEDED,INVALID
3270,2,39,89,22654,40687,1,FEASIBLE,WORSE
3271,2,39,90,22785,40277,0,CAPACITY_EXCEEDED,INVALID
3272,2,39,91,23510,41241,0,CAPACITY_EXCEEDED,INVALID
3273,2,39,92,22957,40451,0,CAPACITY_EXCEEDED,INVALID
3274,2,39,93,22488,40414,1,FEASIBLE,WORSE
3275,2,39,94,22730,40348,0,CAPACITY_EXCEEDED,INVALID
3276,2,39,95,22968,40494,0,CAPACITY_EXCEEDED,INVALID
3277,2,39,96,23058,40425,0,CAPACITY_EXCEEDED,INVALID
3278,2,39,97,23829,41754,0,CAPACITY_EXCEEDED,INVALID
3279,2,39,98,22866,40673,0,CAPACITY_EXCEEDED,INVALID
3280,2,39,99,23663,41662,0,CAPACITY_EXCEEDED,INVALID
3281,2,40,41,22278,39196,1,FEASIBLE,WORSE
3282,2,40,42,23086,40177,0,CAPACITY_EXCEEDED,INVALID
3283,2,40,43,22476,39723,1,FEASIBLE,WORSE
3284,2,40,44,22556,39334,1,FEASIBLE,WORSE
3285,2,40,45,23565,40768,0,CAPACITY_EXCEEDED,INVALID
3286,2,40,46,22154,39119,1,FEASIBLE,WORSE
3287,2,40,47,22455,39633,1,FEASIBLE,WORSE
3288,2,40,48,22059,39225,1,FEASIBLE,WORSE
3289,2,40,49,23483,40727,0,CAPACITY_EXCEEDED,INVALID
3290,2,40,50,22644,39752,1,FEASIBLE,WORSE
3291,2,40,51,22647,39468,1,FEASIBLE,WORSE
3292,2,40,52,22518,39173,1,FEASIBLE,WORSE
3293,2,40,53,21946,39209,1,FEASIBLE,WORSE
3294,2,40,54,22504,39550,1,FEASIBLE,WORSE
3295,2,40,55,23370,40646,0,CAPACITY_EXCEEDED,INVALID
3296,2,40,56,23344,40091,0,CAPACITY_EXCEEDED,INVALID
3297,2,40,57,23210,40299,0,CAPACITY_EXCEEDED,INVALID
3298,2,40,58,22444,39258,1,FEASIBLE,WORSE
3299,2,40,59,23641,40471,0,CAPACITY_EXCEEDED,INVALID
3300,2,40,60,23463,40230,0,CAPACITY_EXCEEDED,INVALID
3301,2,40,61,22148,39507,1,FEASIBLE,WORSE
3302,2,40,62,22441,39352,1,FEASIBLE,WORSE
3303,2,40,63,22016,39381,1,FEASIBLE,WORSE
3304,2,40,64,22270,39681,1,FEASIBLE,WORSE
3305,2,40,65,23241,40495,0,CAPACITY_EXCEEDED,INVALID
3306,2,40,66,22343,39547,1,FEASIBLE,WORSE
3307,2,40,67,22034,39277,1,FEASIBLE,WORSE
3308,2,40,68,22606,39535,1,FEASIBLE,WORSE
3309,2,40,69,22366,39662,1,FEASIBLE,WORSE
3310,2,40,70,23633,40546,0,CAPACITY_EXCEEDED,INVALID
3311,2,40,71,23541,40086,0,CAPACITY_EXCEEDED,INVALID
3312,2,40,72,22972,40100,0,CAPACITY_EXCEEDED,INVALID
3313,2,40,73,23524,40760,0,CAPACITY_EXCEEDED,INVALID
3314,2,40,74,22354,39072,1,FEASIBLE,WORSE
3315,2,40,75,23605,40650,0,CAPACITY_EXCEEDED,INVALID
3316,2,40,76,23409,40450,0,CAPACITY_EXCEEDED,INVALID
3317,2,40,77,23082,40227,0,CAPACITY_EXCEEDED,INVALID
3318,2,40,78,22412,39553,1,FEASIBLE,WORSE
3319,2,40,79,22656,39073,1,FEASIBLE,WORSE
3320,2,40,80,21786,39285,1,FEASIBLE,WORSE
3321,2,40,81,22627,39516,1,FEASIBLE,WORSE
3322,2,40,82,21845,39195,1,FEASIBLE,WORSE
3323,2,40,83,23628,40289,0,CAPACITY_EXCEEDED,INVALID
3324,2,40,84,22094,39542,1,FEASIBLE,WORSE
3325,2,40,85,22493,39103,1,FEASIBLE,WORSE
3326,2,40,86,23533,40634,0,CAPACITY_EXCEEDED,INVALID
3327,2,40,87,23639,40516,0,CAPACITY_EXCEEDED,INVALID
3328,2,40,88,23370,40326,0,CAPACITY_EXCEEDED,INVALID
3329,2,40,89,22156,39508,1,FEASIBLE,WORSE
3330,2,40,90,22287,39098,1,FEASIBLE,WORSE
3331,2,40,91,23012,40062,0,CAPACITY_EXCEEDED,INVALID
3332,2,40,92,22459,39272,1,FEASIBLE,WORSE
3333,2,40,93,21990,39235,1,FEASIBLE,WORSE
3334,2,40,94,22232,39169,1,FEASIBLE,WORSE
3335,2,40,95,22470,39315,1,FEASIBLE,WORSE
3336,2,40,96,22560,39246,1,FEASIBLE,WORSE
3337,2,40,97,23331,40575,0,CAPACITY_EXCEEDED,INVALID
3338,2,40,98,22368,39494,1,FEASIBLE,WORSE
3339,2,40,99,23165,40483,0,CAPACITY_EXCEEDED,INVALID
3340,2,41,42,22723,40310,0,CAPACITY_EXCEEDED,INVALID
3341,2,41,43,22113,39856,1,FEASIBLE,WORSE
3342,2,41,44,22193,39467,1,FEASIBLE,WORSE
3343,2,41,45,23202,40901,0,CAPACITY_EXCEEDED,INVALID
3344,2,41,46,21791,39252,1,FEASIBLE,WORSE
3345,2,41,47,22092,39766,1,FEASIBLE,WORSE
3346,2,41,48,21696,39358,1,FEASIBLE,WORSE
3347,2,41,49,23120,40860,0,CAPACITY_EXCEEDED,INVALID
3348,2,41,50,22281,39885,1,FEASIBLE,WORSE
3349,2,41,51,22284,39601,1,FEASIBLE,WORSE
3350,2,41,52,22155,39306,1,FEASIBLE,WORSE
3351,2,41,53,21583,39342,1,FEASIBLE,WORSE
3352,2,41,54,22141,39683,1,FEASIBLE,WORSE
3353,2,41,55,23007,40779,0,CAPACITY_EXCEEDED,INVALID
3354,2,41,56,22981,40224,0,CAPACITY_EXCEEDED,INVALID
3355,2,41,57,22847,40432,0,CAPACITY_EXCEEDED,INVALID
3356,2,41,58,22081,39391,1,FEASIBLE,WORSE
3357,2,41,59,23278,40604,0,CAPACITY_EXCEEDED,INVALID
3358,2,41,60,23100,40363,0,CAPACITY_EXCEEDED,INVALID
3359,2,41,61,21785,39640,1,FEASIBLE,WORSE
3360,2,41,62,22078,39485,1,FEASIBLE,WORSE
3361,2,41,63,21653,39514,1,FEASIBLE,WORSE
3362,2,41,64,21907,39814,1,FEASIBLE,WORSE
3363,2,41,65,22878,40628,0,CAPACITY_EXCEEDED,INVALID
3364,2,41,66,21980,39680,1,FEASIBLE,WORSE
3365,2,41,67,21671,39410,1,FEASIBLE,WORSE
3366,2,41,68,22243,39668,1,FEASIBLE,WORSE
3367,2,41,69,22003,39795,1,FEASIBLE,WORSE
3368,2,41,70,23270,40679,0,CAPACITY_EXCEEDED,INVALID
3369,2,41,71,23178,40219,0,CAPACITY_EXCEEDED,INVALID
3370,2,41,72,22609,40233,1,FEASIBLE,WORSE
3371,2,41,73,23161,40893,0,CAPACITY_EXCEEDED,INVALID
3372,2,41,74,21991,39205,1,FEASIBLE,WORSE
3373,2,41,75,23242,40783,0,CAPACITY_EXCEEDED,INVALID
3374,2,41,76,23046,40583,0,CAPACITY_EXCEEDED,INVALID
3375,2,41,77,22719,40360,0,CAPACITY_EXCEEDED,INVALID
3376,2,41,78,22049,39686,1,FEASIBLE,WORSE
3377,2,41,79,22293,39206,1,FEASIBLE,WORSE
3378,2,41,80,21423,39418,1,FEASIBLE,WORSE
3379,2,41,81,22264,39649,1,FEASIBLE,WORSE
3380,2,41,82,21482,39328,1,FEASIBLE,WORSE
3381,2,41,83,23265,40422,0,CAPACITY_EXCEEDED,INVALID
3382,2,41,84,21731,39675,1,FEASIBLE,WORSE
3383,2,41,85,22130,39236,1,FEASIBLE,WORSE
3384,2,41,86,23170,40767,0,CAPACITY_EXCEEDED,INVALID
3385,2,41,87,23276,40649,0,CAPACITY_EXCEEDED,INVALID
3386,2,41,88,23007,40459,0,CAPACITY_EXCEEDED,INVALID
3387,2,41,89,21793,39641,1,FEASIBLE,WORSE
3388,2,41,90,21924,39231,1,FEASIBLE,WORSE
3389,2,41,91,22649,40195,1,FEASIBLE,WORSE
3390,2,41,92,22096,39405,1,FEASIBLE,WORSE
3391,2,41,93,21627,39368,1,FEASIBLE,WORSE
3392,2,41,94,21869,39302,1,FEASIBLE,WORSE
3393,2,41,95,22107,39448,1,FEASIBLE,WORSE
3394,2,41,96,22197,39379,1,FEASIBLE,WORSE
3395,2,41,97,22968,40708,0,CAPACITY_EXCEEDED,INVALID
3396,2,41,98,22005,39627,1,FEASIBLE,WORSE
3397,2,41,99,22802,40616,0,CAPACITY_EXCEEDED,INVALID
3398,2,42,43,22921,40837,0,CAPACITY_EXCEEDED,INVALID
3399,2,42,44,23001,40448,0,CAPACITY_EXCEEDED,INVALID
3400,2,42,45,24010,41882,0,CAPACITY_EXCEEDED,INVALID
3401,2,42,46,22599,40233,1,FEASIBLE,WORSE
3402,2,42,47,22900,40747,0,CAPACITY_EXCEEDED,INVALID
3403,2,42,48,22504,40339,1,FEASIBLE,WORSE
3404,2,42,49,23928,41841,0,CAPACITY_EXCEEDED,INVALID
3405,2,42,50,23089,40866,0,CAPACITY_EXCEEDED,INVALID
3406,2,42,51,23092,40582,0,CAPACITY_EXCEEDED,INVALID
3407,2,42,52,22963,40287,0,CAPACITY_EXCEEDED,INVALID
3408,2,42,53,22391,40323,1,FEASIBLE,WORSE
3409,2,42,54,22949,40664,0,CAPACITY_EXCEEDED,INVALID
3410,2,42,55,23815,41760,0,CAPACITY_EXCEEDED,INVALID
3411,2,42,56,23789,41205,0,CAPACITY_EXCEEDED,INVALID
3412,2,42,57,23655,41413,0,CAPACITY_EXCEEDED,INVALID
3413,2,42,58,22889,40372,0,CAPACITY_EXCEEDED,INVALID
3414,2,42,59,24086,41585,0,CAPACITY_EXCEEDED,INVALID
3415,2,42,60,23908,41344,0,CAPACITY_EXCEEDED,INVALID
3416,2,42,61,22593,40621,1,FEASIBLE,WORSE
3417,2,42,62,22886,40466,0,CAPACITY_EXCEEDED,INVALID
3418,2,42,63,22461,40495,1,FEASIBLE,WORSE
3419,2,42,64,22715,40795,0,CAPACITY_EXCEEDED,INVALID
3420,2,42,65,23686,41609,0,CAPACITY_EXCEEDED,INVALID
3421,2,42,66,22788,40661,0,CAPACITY_EXCEEDED,INVALID
3422,2,42,67,22479,40391,1,FEASIBLE,WORSE
3423,2,42,68,23051,40649,0,CAPACITY_EXCEEDED,INVALID
3424,2,42,69,22811,40776,0,CAPACITY_EXCEEDED,INVALID
3425,2,42,70,24078,41660,0,CAPACITY_EXCEEDED,INVALID
3426,2,42,71,23986,41200,0,CAPACITY_EXCEEDED,INVALID
3427,2,42,72,23417,41214,0,CAPACITY_EXCEEDED,INVALID
3428,2,42,73,23969,41874,0,CAPACITY_EXCEEDED,INVALID
3429,2,42,74,22799,40186,0,CAPACITY_EXCEEDED,INVALID
3430,2,42,75,24050,41764,0,CAPACITY_EXCEEDED,INVALID
3431,2,42,76,23854,41564,0,CAPACITY_EXCEEDED,INVALID
3432,2,42,77,23527,41341,0,CAPACITY_EXCEEDED,INVALID
3433,2,42,78,22857,40667,0,CAPACITY_EXCEEDED,INVALID
3434,2,42,79,23101,40187,0,CAPACITY_EXCEEDED,INVALID
3435,2,42,80,22231,40399,1,FEASIBLE,WORSE
3436,2,42,81,23072,40630,0,CAPACITY_EXCEEDED,INVALID
3437,2,42,82,22290,40309,1,FEASIBLE,WORSE
3438,2,42,83,24073,41403,0,CAPACITY_EXCEEDED,INVALID
3439,2,42,84,22539,40656,1,FEASIBLE,WORSE
3440,2,42,85,22938,40217,0,CAPACITY_EXCEEDED,INVALID
3441,2,42,86,23978,41748,0,CAPACITY_EXCEEDED,INVALID
3442,2,42,87,24084,41630,0,CAPACITY_EXCEEDED,INVALID
3443,2,42,88,23815,41440,0,CAPACITY_EXCEEDED,INVALID
3444,2,42,89,22601,40622,1,FEASIBLE,WORSE
3445,2,42,90,22732,40212,0,CAPACITY_EXCEEDED,INVALID
3446,2,42,91,23457,41176,0,CAPACITY_EXCEEDED,INVALID
3447,2,42,92,22904,40386,0,CAPACITY_EXCEEDED,INVALID
3448,2,42,93,22435,40349,1,FEASIBLE,WORSE
3449,2,42,94,22677,40283,1,FEASIBLE,WORSE
3450,2,42,95,22915,40429,0,CAPACITY_EXCEEDED,INVALID
3451,2,42,96,23005,40360,0,CAPACITY_EXCEEDED,INVALID
3452,2,42,97,23776,41689,0,CAPACITY_EXCEEDED,INVALID
3453,2,42,98,22813,40608,0,CAPACITY_EXCEEDED,INVALID
3454,2,42,99,23610,41597,0,CAPACITY_EXCEEDED,INVALID
3455,2,43,44,22391,39994,1,FEASIBLE,WORSE
3456,2,43,45,23400,41428,0,CAPACITY_EXCEEDED,INVALID
3457,2,43,46,21989,39779,1,FEASIBLE,WORSE
3458,2,43,47,22290,40293,1,FEASIBLE,WORSE
3459,2,43,48,21894,39885,1,FEASIBLE,WORSE
3460,2,43,49,23318,41387,0,CAPACITY_EXCEEDED,INVALID
3461,2,43,50,22479,40412,1,FEASIBLE,WORSE
3462,2,43,51,22482,40128,1,FEASIBLE,WORSE
3463,2,43,52,22353,39833,1,FEASIBLE,WORSE
3464,2,43,53,21781,39869,1,FEASIBLE,WORSE
3465,2,43,54,22339,40210,1,FEASIBLE,WORSE
3466,2,43,55,23205,41306,0,CAPACITY_EXCEEDED,INVALID
3467,2,43,56,23179,40751,0,CAPACITY_EXCEEDED,INVALID
3468,2,43,57,23045,40959,0,CAPACITY_EXCEEDED,INVALID
3469,2,43,58,22279,39918,1,FEASIBLE,WORSE
3470,2,43,59,23476,41131,0,CAPACITY_EXCEEDED,INVALID
3471,2,43,60,23298,40890,0,CAPACITY_EXCEEDED,INVALID
3472,2,43,61,21983,40167,1,FEASIBLE,WORSE
3473,2,43,62,22276,40012,1,FEASIBLE,WORSE
3474,2,43,63,21851,40041,1,FEASIBLE,WORSE
3475,2,43,64,22105,40341,1,FEASIBLE,WORSE
3476,2,43,65,23076,41155,0,CAPACITY_EXCEEDED,INVALID
3477,2,43,66,22178,40207,1,FEASIBLE,WORSE
3478,2,43,67,21869,39937,1,FEASIBLE,WORSE
3479,2,43,68,22441,40195,1,FEASIBLE,WORSE
3480,2,43,69,22201,40322,1,FEASIBLE,WORSE
3481,2,43,70,23468,41206,0,CAPACITY_EXCEEDED,INVALID
3482,2,43,71,23376,40746,0,CAPACITY_EXCEEDED,INVALID
3483,2,43,72,22807,40760,0,CAPACITY_EXCEEDED,INVALID
3484,2,43,73,23359,41420,0,CAPACITY_EXCEEDED,INVALID
3485,2,43,74,22189,39732,1,FEASIBLE,WORSE
3486,2,43,75,23440,41310,0,CAPACITY_EXCEEDED,INVALID
3487,2,43,76,23244,41110,0,CAPACITY_EXCEEDED,INVALID
3488,2,43,77,22917,40887,0,CAPACITY_EXCEEDED,INVALID
3489,2,43,78,22247,40213,1,FEASIBLE,WORSE
3490,2,43,79,22491,39733,1,FEASIBLE,WORSE
3491,2,43,80,21621,39945,1,FEASIBLE,WORSE
3492,2,43,81,22462,40176,1,FEASIBLE,WORSE
3493,2,43,82,21680,39855,1,FEASIBLE,WORSE
3494,2,43,83,23463,40949,0,CAPACITY_EXCEEDED,INVALID
3495,2,43,84,21929,40202,1,FEASIBLE,WORSE
3496,2,43,85,22328,39763,1,FEASIBLE,WORSE
3497,2,43,86,23368,41294,0,CAPACITY_EXCEEDED,INVALID
3498,2,43,87,23474,41176,0,CAPACITY_EXCEEDED,INVALID
3499,2,43,88,23205,40986,0,CAPACITY_EXCEEDED,INVALID
3500,2,43,89,21991,40168,1,FEASIBLE,WORSE
3501,2,43,90,22122,39758,1,FEASIBLE,WORSE
3502,2,43,91,22847,40722,0,CAPACITY_EXCEEDED,INVALID
3503,2,43,92,22294,39932,1,FEASIBLE,WORSE
3504,2,43,93,21825,39895,1,FEASIBLE,WORSE
3505,2,43,94,22067,39829,1,FEASIBLE,WORSE
3506,2,43,95,22305,39975,1,FEASIBLE,WORSE
3507,2,43,96,22395,39906,1,FEASIBLE,WORSE
3508,2,43,97,23166,41235,0,CAPACITY_EXCEEDED,INVALID
3509,2,43,98,22203,40154,1,FEASIBLE,WORSE
3510,2,43,99,23000,41143,0,CAPACITY_EXCEEDED,INVALID
3511,2,44,45,23480,41039,0,CAPACITY_EXCEEDED,INVALID
3512,2,44,46,22069,39390,1,FEASIBLE,WORSE
3513,2,44,47,22370,39904,1,FEASIBLE,WORSE
3514,2,44,48,21974,39496,1,FEASIBLE,WORSE
3515,2,44,49,23398,40998,0,CAPACITY_EXCEEDED,INVALID
3516,2,44,50,22559,40023,1,FEASIBLE,WORSE
3517,2,44,51,22562,39739,1,FEASIBLE,WORSE
3518,2,44,52,22433,39444,1,FEASIBLE,WORSE
3519,2,44,53,21861,39480,1,FEASIBLE,WORSE
3520,2,44,54,22419,39821,1,FEASIBLE,WORSE
3521,2,44,55,23285,40917,0,CAPACITY_EXCEEDED,INVALID
3522,2,44,56,23259,40362,0,CAPACITY_EXCEEDED,INVALID
3523,2,44,57,23125,40570,0,CAPACITY_EXCEEDED,INVALID
3524,2,44,58,22359,39529,1,FEASIBLE,WORSE
3525,2,44,59,23556,40742,0,CAPACITY_EXCEEDED,INVALID
3526,2,44,60,23378,40501,0,CAPACITY_EXCEEDED,INVALID
3527,2,44,61,22063,39778,1,FEASIBLE,WORSE
3528,2,44,62,22356,39623,1,FEASIBLE,WORSE
3529,2,44,63,21931,39652,1,FEASIBLE,WORSE
3530,2,44,64,22185,39952,1,FEASIBLE,WORSE
3531,2,44,65,23156,40766,0,CAPACITY_EXCEEDED,INVALID
3532,2,44,66,22258,39818,1,FEASIBLE,WORSE
3533,2,44,67,21949,39548,1,FEASIBLE,WORSE
3534,2,44,68,22521,39806,1,FEASIBLE,WORSE
3535,2,44,69,22281,39933,1,FEASIBLE,WORSE
3536,2,44,70,23548,40817,0,CAPACITY_EXCEEDED,INVALID
3537,2,44,71,23456,40357,0,CAPACITY_EXCEEDED,INVALID
3538,2,44,72,22887,40371,0,CAPACITY_EXCEEDED,INVALID
3539,2,44,73,23439,41031,0,CAPACITY_EXCEEDED,INVALID
3540,2,44,74,22269,39343,1,FEASIBLE,WORSE
3541,2,44,75,23520,40921,0,CAPACITY_EXCEEDED,INVALID
3542,2,44,76,23324,40721,0,CAPACITY_EXCEEDED,INVALID
3543,2,44,77,22997,40498,0,CAPACITY_EXCEEDED,INVALID
3544,2,44,78,22327,39824,1,FEASIBLE,WORSE
3545,2,44,79,22571,39344,1,FEASIBLE,WORSE
3546,2,44,80,21701,39556,1,FEASIBLE,WORSE
3547,2,44,81,22542,39787,1,FEASIBLE,WORSE
3548,2,44,82,21760,39466,1,FEASIBLE,WORSE
3549,2,44,83,23543,40560,0,CAPACITY_EXCEEDED,INVALID
3550,2,44,84,22009,39813,1,FEASIBLE,WORSE
3551,2,44,85,22408,39374,1,FEASIBLE,WORSE
3552,2,44,86,23448,40905,0,CAPACITY_EXCEEDED,INVALID
3553,2,44,87,23554,40787,0,CAPACITY_EXCEEDED,INVALID
3554,2,44,88,23285,40597,0,CAPACITY_EXCEEDED,INVALID
3555,2,44,89,22071,39779,1,FEASIBLE,WORSE
3556,2,44,90,22202,39369,1,FEASIBLE,WORSE
3557,2,44,91,22927,40333,0,CAPACITY_EXCEEDED,INVALID
3558,2,44,92,22374,39543,1,FEASIBLE,WORSE
3559,2,44,93,21905,39506,1,FEASIBLE,WORSE
3560,2,44,94,22147,39440,1,FEASIBLE,WORSE
3561,2,44,95,22385,39586,1,FEASIBLE,WORSE
3562,2,44,96,22475,39517,1,FEASIBLE,WORSE
3563,2,44,97,23246,40846,0,CAPACITY_EXCEEDED,INVALID
3564,2,44,98,22283,39765,1,FEASIBLE,WORSE
3565,2,44,99,23080,40754,0,CAPACITY_EXCEEDED,INVALID
3566,2,45,46,23078,40824,0,CAPACITY_EXCEEDED,INVALID
3567,2,45,47,23379,41338,0,CAPACITY_EXCEEDED,INVALID
3568,2,45,48,22983,40930,0,CAPACITY_EXCEEDED,INVALID
3569,2,45,49,24407,42432,0,CAPACITY_EXCEEDED,INVALID
3570,2,45,50,23568,41457,0,CAPACITY_EXCEEDED,INVALID
3571,2,45,51,23571,41173,0,CAPACITY_EXCEEDED,INVALID
3572,2,45,52,23442,40878,0,CAPACITY_EXCEEDED,INVALID
3573,2,45,53,22870,40914,0,CAPACITY_EXCEEDED,INVALID
3574,2,45,54,23428,41255,0,CAPACITY_EXCEEDED,INVALID
3575,2,45,55,24294,42351,0,CAPACITY_EXCEEDED,INVALID
3576,2,45,56,24268,41796,0,CAPACITY_EXCEEDED,INVALID
3577,2,45,57,24134,42004,0,CAPACITY_EXCEEDED,INVALID
3578,2,45,58,23368,40963,0,CAPACITY_EXCEEDED,INVALID
3579,2,45,59,24565,42176,0,CAPACITY_EXCEEDED,INVALID
3580,2,45,60,24387,41935,0,CAPACITY_EXCEEDED,INVALID
3581,2,45,61,23072,41212,0,CAPACITY_EXCEEDED,INVALID
3582,2,45,62,23365,41057,0,CAPACITY_EXCEEDED,INVALID
3583,2,45,63,22940,41086,0,CAPACITY_EXCEEDED,INVALID
3584,2,45,64,23194,41386,0,CAPACITY_EXCEEDED,INVALID
3585,2,45,65,24165,42200,0,CAPACITY_EXCEEDED,INVALID
3586,2,45,66,23267,41252,0,CAPACITY_EXCEEDED,INVALID
3587,2,45,67,22958,40982,0,CAPACITY_EXCEEDED,INVALID
3588,2,45,68,23530,41240,0,CAPACITY_EXCEEDED,INVALID
3589,2,45,69,23290,41367,0,CAPACITY_EXCEEDED,INVALID
3590,2,45,70,24557,42251,0,CAPACITY_EXCEEDED,INVALID
3591,2,45,71,24465,41791,0,CAPACITY_EXCEEDED,INVALID
3592,2,45,72,23896,41805,0,CAPACITY_EXCEEDED,INVALID
3593,2,45,73,24448,42465,0,CAPACITY_EXCEEDED,INVALID
3594,2,45,74,23278,40777,0,CAPACITY_EXCEEDED,INVALID
3595,2,45,75,24529,42355,0,CAPACITY_EXCEEDED,INVALID
3596,2,45,76,24333,42155,0,CAPACITY_EXCEEDED,INVALID
3597,2,45,77,24006,41932,0,CAPACITY_EXCEEDED,INVALID
3598,2,45,78,23336,41258,0,CAPACITY_EXCEEDED,INVALID
3599,2,45,79,23580,40778,0,CAPACITY_EXCEEDED,INVALID
3600,2,45,80,22710,40990,1,FEASIBLE,WORSE
3601,2,45,81,23551,41221,0,CAPACITY_EXCEEDED,INVALID
3602,2,45,82,22769,40900,0,CAPACITY_EXCEEDED,INVALID
3603,2,45,83,24552,41994,0,CAPACITY_EXCEEDED,INVALID
3604,2,45,84,23018,41247,0,CAPACITY_EXCEEDED,INVALID
3605,2,45,85,23417,40808,0,CAPACITY_EXCEEDED,INVALID
3606,2,45,86,24457,42339,0,CAPACITY_EXCEEDED,INVALID
3607,2,45,87,24563,42221,0,CAPACITY_EXCEEDED,INVALID
3608,2,45,88,24294,42031,0,CAPACITY_EXCEEDED,INVALID
3609,2,45,89,23080,41213,0,CAPACITY_EXCEEDED,INVALID
3610,2,45,90,23211,40803,0,CAPACITY_EXCEEDED,INVALID
3611,2,45,91,23936,41767,0,CAPACITY_EXCEEDED,INVALID
3612,2,45,92,23383,40977,0,CAPACITY_EXCEEDED,INVALID
3613,2,45,93,22914,40940,0,CAPACITY_EXCEEDED,INVALID
3614,2,45,94,23156,40874,0,CAPACITY_EXCEEDED,INVALID
3615,2,45,95,23394,41020,0,CAPACITY_EXCEEDED,INVALID
3616,2,45,96,23484,40951,0,CAPACITY_EXCEEDED,INVALID
3617,2,45,97,24255,42280,0,CAPACITY_EXCEEDED,INVALID
3618,2,45,98,23292,41199,0,CAPACITY_EXCEEDED,INVALID
3619,2,45,99,24089,42188,0,CAPACITY_EXCEEDED,INVALID
3620,2,46,47,21968,39689,1,FEASIBLE,WORSE
3621,2,46,48,21572,39281,1,FEASIBLE,WORSE
3622,2,46,49,22996,40783,0,CAPACITY_EXCEEDED,INVALID
3623,2,46,50,22157,39808,1,FEASIBLE,WORSE
3624,2,46,51,22160,39524,1,FEASIBLE,WORSE
3625,2,46,52,22031,39229,1,FEASIBLE,WORSE
3626,2,46,53,21459,39265,1,FEASIBLE,WORSE
3627,2,46,54,22017,39606,1,FEASIBLE,WORSE
3628,2,46,55,22883,40702,0,CAPACITY_EXCEEDED,INVALID
3629,2,46,56,22857,40147,0,CAPACITY_EXCEEDED,INVALID
3630,2,46,57,22723,40355,0,CAPACITY_EXCEEDED,INVALID
3631,2,46,58,21957,39314,1,FEASIBLE,WORSE
3632,2,46,59,23154,40527,0,CAPACITY_EXCEEDED,INVALID
3633,2,46,60,22976,40286,0,CAPACITY_EXCEEDED,INVALID
3634,2,46,61,21661,39563,1,FEASIBLE,WORSE
3635,2,46,62,21954,39408,1,FEASIBLE,WORSE
3636,2,46,63,21529,39437,1,FEASIBLE,WORSE
3637,2,46,64,21783,39737,1,FEASIBLE,WORSE
3638,2,46,65,22754,40551,0,CAPACITY_EXCEEDED,INVALID
3639,2,46,66,21856,39603,1,FEASIBLE,WORSE
3640,2,46,67,21547,39333,1,FEASIBLE,WORSE
3641,2,46,68,22119,39591,1,FEASIBLE,WORSE
3642,2,46,69,21879,39718,1,FEASIBLE,WORSE
3643,2,46,70,23146,40602,0,CAPACITY_EXCEEDED,INVALID
3644,2,46,71,23054,40142,0,CAPACITY_EXCEEDED,INVALID
3645,2,46,72,22485,40156,1,FEASIBLE,WORSE
3646,2,46,73,23037,40816,0,CAPACITY_EXCEEDED,INVALID
3647,2,46,74,21867,39128,1,FEASIBLE,WORSE
3648,2,46,75,23118,40706,0,CAPACITY_EXCEEDED,INVALID
3649,2,46,76,22922,40506,0,CAPACITY_EXCEEDED,INVALID
3650,2,46,77,22595,40283,1,FEASIBLE,WORSE
3651,2,46,78,21925,39609,1,FEASIBLE,WORSE
3652,2,46,79,22169,39129,1,FEASIBLE,WORSE
3653,2,46,80,21299,39341,1,FEASIBLE,WORSE
3654,2,46,81,22140,39572,1,FEASIBLE,WORSE
3655,2,46,82,21358,39251,1,FEASIBLE,WORSE
3656,2,46,83,23141,40345,0,CAPACITY_EXCEEDED,INVALID
3657,2,46,84,21607,39598,1,FEASIBLE,WORSE
3658,2,46,85,22006,39159,1,FEASIBLE,WORSE
3659,2,46,86,23046,40690,0,CAPACITY_EXCEEDED,INVALID
3660,2,46,87,23152,40572,0,CAPACITY_EXCEEDED,INVALID
3661,2,46,88,22883,40382,0,CAPACITY_EXCEEDED,INVALID
3662,2,46,89,21669,39564,1,FEASIBLE,WORSE
3663,2,46,90,21800,39154,1,FEASIBLE,WORSE
3664,2,46,91,22525,40118,1,FEASIBLE,WORSE
3665,2,46,92,21972,39328,1,FEASIBLE,WORSE
3666,2,46,93,21503,39291,1,FEASIBLE,WORSE
3667,2,46,94,21745,39225,1,FEASIBLE,WORSE
3668,2,46,95,21983,39371,1,FEASIBLE,WORSE
3669,2,46,96,22073,39302,1,FEASIBLE,WORSE
3670,2,46,97,22844,40631,0,CAPACITY_EXCEEDED,INVALID
3671,2,46,98,21881,39550,1,FEASIBLE,WORSE
3672,2,46,99,22678,40539,1,FEASIBLE,WORSE
3673,2,47,48,21873,39795,1,FEASIBLE,WORSE
3674,2,47,49,23297,41297,0,CAPACITY_EXCEEDED,INVALID
3675,2,47,50,22458,40322,1,FEASIBLE,WORSE
3676,2,47,51,22461,40038,1,FEASIBLE,WORSE
3677,2,47,52,22332,39743,1,FEASIBLE,WORSE
3678,2,47,53,21760,39779,1,FEASIBLE,WORSE
3679,2,47,54,22318,40120,1,FEASIBLE,WORSE
3680,2,47,55,23184,41216,0,CAPACITY_EXCEEDED,INVALID
3681,2,47,56,23158,40661,0,CAPACITY_EXCEEDED,INVALID
3682,2,47,57,23024,40869,0,CAPACITY_EXCEEDED,INVALID
3683,2,47,58,22258,39828,1,FEASIBLE,WORSE
3684,2,47,59,23455,41041,0,CAPACITY_EXCEEDED,INVALID
3685,2,47,60,23277,40800,0,CAPACITY_EXCEEDED,INVALID
3686,2,47,61,21962,40077,1,FEASIBLE,WORSE
3687,2,47,62,22255,39922,1,FEASIBLE,WORSE
3688,2,47,63,21830,39951,1,FEASIBLE,WORSE
3689,2,47,64,22084,40251,1,FEASIBLE,WORSE
3690,2,47,65,23055,41065,0,CAPACITY_EXCEEDED,INVALID
3691,2,47,66,22157,40117,1,FEASIBLE,WORSE
3692,2,47,67,21848,39847,1,FEASIBLE,WORSE
3693,2,47,68,22420,40105,1,FEASIBLE,WORSE
3694,2,47,69,22180,40232,1,FEASIBLE,WORSE
3695,2,47,70,23447,41116,0,CAPACITY_EXCEEDED,INVALID
3696,2,47,71,23355,40656,0,CAPACITY_EXCEEDED,INVALID
3697,2,47,72,22786,40670,0,CAPACITY_EXCEEDED,INVALID
3698,2,47,73,23338,41330,0,CAPACITY_EXCEEDED,INVALID
3699,2,47,74,22168,39642,1,FEASIBLE,WORSE
3700,2,47,75,23419,41220,0,CAPACITY_EXCEEDED,INVALID
3701,2,47,76,23223,41020,0,CAPACITY_EXCEEDED,INVALID
3702,2,47,77,22896,40797,0,CAPACITY_EXCEEDED,INVALID
3703,2,47,78,22226,40123,1,FEASIBLE,WORSE
3704,2,47,79,22470,39643,1,FEASIBLE,WORSE
3705,2,47,80,21600,39855,1,FEASIBLE,WORSE
3706,2,47,81,22441,40086,1,FEASIBLE,WORSE
3707,2,47,82,21659,39765,1,FEASIBLE,WORSE
3708,2,47,83,23442,40859,0,CAPACITY_EXCEEDED,INVALID
3709,2,47,84,21908,40112,1,FEASIBLE,WORSE
3710,2,47,85,22307,39673,1,FEASIBLE,WORSE
3711,2,47,86,23347,41204,0,CAPACITY_EXCEEDED,INVALID
3712,2,47,87,23453,41086,0,CAPACITY_EXCEEDED,INVALID
3713,2,47,88,23184,40896,0,CAPACITY_EXCEEDED,INVALID
3714,2,47,89,21970,40078,1,FEASIBLE,WORSE
3715,2,47,90,22101,39668,1,FEASIBLE,WORSE
3716,2,47,91,22826,40632,0,CAPACITY_EXCEEDED,INVALID
3717,2,47,92,22273,39842,1,FEASIBLE,WORSE
3718,2,47,93,21804,39805,1,FEASIBLE,WORSE
3719,2,47,94,22046,39739,1,FEASIBLE,WORSE
3720,2,47,95,22284,39885,1,FEASIBLE,WORSE
3721,2,47,96,22374,39816,1,FEASIBLE,WORSE
3722,2,47,97,23145,41145,0,CAPACITY_EXCEEDED,INVALID
3723,2,47,98,22182,40064,1,FEASIBLE,WORSE
3724,2,47,99,22979,41053,0,CAPACITY_EXCEEDED,INVALID
3725,2,48,49,22901,40889,0,CAPACITY_EXCEEDED,INVALID
3726,2,48,50,22062,39914,1,FEASIBLE,WORSE
3727,2,48,51,22065,39630,1,FEASIBLE,WORSE
3728,2,48,52,21936,39335,1,FEASIBLE,WORSE
3729,2,48,53,21364,39371,1,FEASIBLE,WORSE
3730,2,48,54,21922,39712,1,FEASIBLE,WORSE
3731,2,48,55,22788,40808,0,CAPACITY_EXCEEDED,INVALID
3732,2,48,56,22762,40253,0,CAPACITY_EXCEEDED,INVALID
3733,2,48,57,22628,40461,1,FEASIBLE,WORSE
3734,2,48,58,21862,39420,1,FEASIBLE,WORSE
3735,2,48,59,23059,40633,0,CAPACITY_EXCEEDED,INVALID
3736,2,48,60,22881,40392,0,CAPACITY_EXCEEDED,INVALID
3737,2,48,61,21566,39669,1,FEASIBLE,WORSE
3738,2,48,62,21859,39514,1,FEASIBLE,WORSE
3739,2,48,63,21434,39543,1,FEASIBLE,WORSE
3740,2,48,64,21688,39843,1,FEASIBLE,WORSE
3741,2,48,65,22659,40657,1,FEASIBLE,WORSE
3742,2,48,66,21761,39709,1,FEASIBLE,WORSE
3743,2,48,67,21452,39439,1,FEASIBLE,WORSE
3744,2,48,68,22024,39697,1,FEASIBLE,WORSE
3745,2,48,69,21784,39824,1,FEASIBLE,WORSE
3746,2,48,70,23051,40708,0,CAPACITY_EXCEEDED,INVALID
3747,2,48,71,22959,40248,0,CAPACITY_EXCEEDED,INVALID
3748,2,48,72,22390,40262,1,FEASIBLE,WORSE
3749,2,48,73,22942,40922,0,CAPACITY_EXCEEDED,INVALID
3750,2,48,74,21772,39234,1,FEASIBLE,WORSE
3751,2,48,75,23023,40812,0,CAPACITY_EXCEEDED,INVALID
3752,2,48,76,22827,40612,0,CAPACITY_EXCEEDED,INVALID
3753,2,48,77,22500,40389,1,FEASIBLE,WORSE
3754,2,48,78,21830,39715,1,FEASIBLE,WORSE
3755,2,48,79,22074,39235,1,FEASIBLE,WORSE
3756,2,48,80,21204,39447,1,FEASIBLE,WORSE
3757,2,48,81,22045,39678,1,FEASIBLE,WORSE
3758,2,48,82,21263,39357,1,FEASIBLE,WORSE
3759,2,48,83,23046,40451,0,CAPACITY_EXCEEDED,INVALID
3760,2,48,84,21512,39704,1,FEASIBLE,WORSE
3761,2,48,85,21911,39265,1,FEASIBLE,WORSE
3762,2,48,86,22951,40796,0,CAPACITY_EXCEEDED,INVALID
3763,2,48,87,23057,40678,0,CAPACITY_EXCEEDED,INVALID
3764,2,48,88,22788,40488,0,CAPACITY_EXCEEDED,INVALID
3765,2,48,89,21574,39670,1,FEASIBLE,WORSE
3766,2,48,90,21705,39260,1,FEASIBLE,WORSE
3767,2,48,91,22430,40224,1,FEASIBLE,WORSE
3768,2,48,92,21877,39434,1,FEASIBLE,WORSE
3769,2,48,93,21408,39397,1,FEASIBLE,WORSE
3770,2,48,94,21650,39331,1,FEASIBLE,WORSE
3771,2,48,95,21888,39477,1,FEASIBLE,WORSE
3772,2,48,96,21978,39408,1,FEASIBLE,WORSE
3773,2,48,97,22749,40737,0,CAPACITY_EXCEEDED,INVALID
3774,2,48,98,21786,39656,1,FEASIBLE,WORSE
3775,2,48,99,22583,40645,1,FEASIBLE,WORSE
3776,2,49,50,23486,41416,0,CAPACITY_EXCEEDED,INVALID
3777,2,49,51,23489,41132,0,CAPACITY_EXCEEDED,INVALID
3778,2,49,52,23360,40837,0,CAPACITY_EXCEEDED,INVALID
3779,2,49,53,22788,40873,0,CAPACITY_EXCEEDED,INVALID
3780,2,49,54,23346,41214,0,CAPACITY_EXCEEDED,INVALID
3781,2,49,55,24212,42310,0,CAPACITY_EXCEEDED,INVALID
3782,2,49,56,24186,41755,0,CAPACITY_EXCEEDED,INVALID
3783,2,49,57,24052,41963,0,CAPACITY_EXCEEDED,INVALID
3784,2,49,58,23286,40922,0,CAPACITY_EXCEEDED,INVALID
3785,2,49,59,24483,42135,0,CAPACITY_EXCEEDED,INVALID
3786,2,49,60,24305,41894,0,CAPACITY_EXCEEDED,INVALID
3787,2,49,61,22990,41171,0,CAPACITY_EXCEEDED,INVALID
3788,2,49,62,23283,41016,0,CAPACITY_EXCEEDED,INVALID
3789,2,49,63,22858,41045,0,CAPACITY_EXCEEDED,INVALID
3790,2,49,64,23112,41345,0,CAPACITY_EXCEEDED,INVALID
3791,2,49,65,24083,42159,0,CAPACITY_EXCEEDED,INVALID
3792,2,49,66,23185,41211,0,CAPACITY_EXCEEDED,INVALID
3793,2,49,67,22876,40941,0,CAPACITY_EXCEEDED,INVALID
3794,2,49,68,23448,41199,0,CAPACITY_EXCEEDED,INVALID
3795,2,49,69,23208,41326,0,CAPACITY_EXCEEDED,INVALID
3796,2,49,70,24475,42210,0,CAPACITY_EXCEEDED,INVALID
3797,2,49,71,24383,41750,0,CAPACITY_EXCEEDED,INVALID
3798,2,49,72,23814,41764,0,CAPACITY_EXCEEDED,INVALID
3799,2,49,73,24366,42424,0,CAPACITY_EXCEEDED,INVALID
3800,2,49,74,23196,40736,0,CAPACITY_EXCEEDED,INVALID
3801,2,49,75,24447,42314,0,CAPACITY_EXCEEDED,INVALID
3802,2,49,76,24251,42114,0,CAPACITY_EXCEEDED,INVALID
3803,2,49,77,23924,41891,0,CAPACITY_EXCEEDED,INVALID
3804,2,49,78,23254,41217,0,CAPACITY_EXCEEDED,INVALID
3805,2,49,79,23498,40737,0,CAPACITY_EXCEEDED,INVALID
3806,2,49,80,22628,40949,1,FEASIBLE,WORSE
3807,2,49,81,23469,41180,0,CAPACITY_EXCEEDED,INVALID
3808,2,49,82,22687,40859,1,FEASIBLE,WORSE
3809,2,49,83,24470,41953,0,CAPACITY_EXCEEDED,INVALID
3810,2,49,84,22936,41206,0,CAPACITY_EXCEEDED,INVALID
3811,2,49,85,23335,40767,0,CAPACITY_EXCEEDED,INVALID
3812,2,49,86,24375,42298,0,CAPACITY_EXCEEDED,INVALID
3813,2,49,87,24481,42180,0,CAPACITY_EXCEEDED,INVALID
3814,2,49,88,24212,41990,0,CAPACITY_EXCEEDED,INVALID
3815,2,49,89,22998,41172,0,CAPACITY_EXCEEDED,INVALID
3816,2,49,90,23129,40762,0,CAPACITY_EXCEEDED,INVALID
3817,2,49,91,23854,41726,0,CAPACITY_EXCEEDED,INVALID
3818,2,49,92,23301,40936,0,CAPACITY_EXCEEDED,INVALID
3819,2,49,93,22832,40899,0,CAPACITY_EXCEEDED,INVALID
3820,2,49,94,23074,40833,0,CAPACITY_EXCEEDED,INVALID
3821,2,49,95,23312,40979,0,CAPACITY_EXCEEDED,INVALID
3822,2,49,96,23402,40910,0,CAPACITY_EXCEEDED,INVALID
3823,2,49,97,24173,42239,0,CAPACITY_EXCEEDED,INVALID
3824,2,49,98,23210,41158,0,CAPACITY_EXCEEDED,INVALID
3825,2,49,99,24007,42147,0,CAPACITY_EXCEEDED,INVALID
3826,2,50,51,22650,40157,1,FEASIBLE,WORSE
3827,2,50,52,22521,39862,1,FEASIBLE,WORSE
3828,2,50,53,21949,39898,1,FEASIBLE,WORSE
3829,2,50,54,22507,40239,1,FEASIBLE,WORSE
3830,2,50,55,23373,41335,0,CAPACITY_EXCEEDED,INVALID
3831,2,50,56,23347,40780,0,CAPACITY_EXCEEDED,INVALID
3832,2,50,57,23213,40988,0,CAPACITY_EXCEEDED,INVALID
3833,2,50,58,22447,39947,1,FEASIBLE,WORSE
3834,2,50,59,23644,41160,0,CAPACITY_EXCEEDED,INVALID
3835,2,50,60,23466,40919,0,CAPACITY_EXCEEDED,INVALID
3836,2,50,61,22151,40196,1,FEASIBLE,WORSE
3837,2,50,62,22444,40041,1,FEASIBLE,WORSE
3838,2,50,63,22019,40070,1,FEASIBLE,WORSE
3839,2,50,64,22273,40370,1,FEASIBLE,WORSE
3840,2,50,65,23244,41184,0,CAPACITY_EXCEEDED,INVALID
3841,2,50,66,22346,40236,1,FEASIBLE,WORSE
3842,2,50,67,22037,39966,1,FEASIBLE,WORSE
3843,2,50,68,22609,40224,1,FEASIBLE,WORSE
3844,2,50,69,22369,40351,1,FEASIBLE,WORSE
3845,2,50,70,23636,41235,0,CAPACITY_EXCEEDED,INVALID
3846,2,50,71,23544,40775,0,CAPACITY_EXCEEDED,INVALID
3847,2,50,72,22975,40789,0,CAPACITY_EXCEEDED,INVALID
3848,2,50,73,23527,41449,0,CAPACITY_EXCEEDED,INVALID
3849,2,50,74,22357,39761,1,FEASIBLE,WORSE
3850,2,50,75,23608,41339,0,CAPACITY_EXCEEDED,INVALID
3851,2,50,76,23412,41139,0,CAPACITY_EXCEEDED,INVALID
3852,2,50,77,23085,40916,0,CAPACITY_EXCEEDED,INVALID
3853,2,50,78,22415,40242,1,FEASIBLE,WORSE
3854,2,50,79,22659,39762,1,FEASIBLE,WORSE
3855,2,50,80,21789,39974,1,FEASIBLE,WORSE
3856,2,50,81,22630,40205,1,FEASIBLE,WORSE
3857,2,50,82,21848,39884,1,FEASIBLE,WORSE
3858,2,50,83,23631,40978,0,CAPACITY_EXCEEDED,INVALID
3859,2,50,84,22097,40231,1,FEASIBLE,WORSE
3860,2,50,85,22496,39792,1,FEASIBLE,WORSE
3861,2,50,86,23536,41323,0,CAPACITY_EXCEEDED,INVALID
3862,2,50,87,23642,41205,0,CAPACITY_EXCEEDED,INVALID
3863,2,50,88,23373,41015,0,CAPACITY_EXCEEDED,INVALID
3864,2,50,89,22159,40197,1,FEASIBLE,WORSE
3865,2,50,90,22290,39787,1,FEASIBLE,WORSE
3866,2,50,91,23015,40751,0,CAPACITY_EXCEEDED,INVALID
3867,2,50,92,22462,39961,1,FEASIBLE,WORSE
3868,2,50,93,21993,39924,1,FEASIBLE,WORSE
3869,2,50,94,22235,39858,1,FEASIBLE,WORSE
3870,2,50,95,22473,40004,1,FEASIBLE,WORSE
3871,2,50,96,22563,39935,1,FEASIBLE,WORSE
3872,2,50,97,23334,41264,0,CAPACITY_EXCEEDED,INVALID
3873,2,50,98,22371,40183,1,FEASIBLE,WORSE
3874,2,50,99,23168,41172,0,CAPACITY_EXCEEDED,INVALID
3875,2,51,52,22524,39578,1,FEASIBLE,WORSE
3876,2,51,53,21952,39614,1,FEASIBLE,WORSE
3877,2,51,54,22510,39955,1,FEASIBLE,WORSE
3878,2,51,55,23376,41051,0,CAPACITY_EXCEEDED,INVALID
3879,2,51,56,23350,40496,0,CAPACITY_EXCEEDED,INVALID
3880,2,51,57,23216,40704,0,CAPACITY_EXCEEDED,INVALID
3881,2,51,58,22450,39663,1,FEASIBLE,WORSE
3882,2,51,59,23647,40876,0,CAPACITY_EXCEEDED,INVALID
3883,2,51,60,23469,40635,0,CAPACITY_EXCEEDED,INVALID
3884,2,51,61,22154,39912,1,FEASIBLE,WORSE
3885,2,51,62,22447,39757,1,FEASIBLE,WORSE
3886,2,51,63,22022,39786,1,FEASIBLE,WORSE
3887,2,51,64,22276,40086,1,FEASIBLE,WORSE
3888,2,51,65,23247,40900,0,CAPACITY_EXCEEDED,INVALID
3889,2,51,66,22349,39952,1,FEASIBLE,WORSE
3890,2,51,67,22040,39682,1,FEASIBLE,WORSE
3891,2,51,68,22612,39940,1,FEASIBLE,WORSE
3892,2,51,69,22372,40067,1,FEASIBLE,WORSE
3893,2,51,70,23639,40951,0,CAPACITY_EXCEEDED,INVALID
3894,2,51,71,23547,40491,0,CAPACITY_EXCEEDED,INVALID
3895,2,51,72,22978,40505,0,CAPACITY_EXCEEDED,INVALID
3896,2,51,73,23530,41165,0,CAPACITY_EXCEEDED,INVALID
3897,2,51,74,22360,39477,1,FEASIBLE,WORSE
3898,2,51,75,23611,41055,0,CAPACITY_EXCEEDED,INVALID
3899,2,51,76,23415,40855,0,CAPACITY_EXCEEDED,INVALID
3900,2,51,77,23088,40632,0,CAPACITY_EXCEEDED,INVALID
3901,2,51,78,22418,39958,1,FEASIBLE,WORSE
3902,2,51,79,22662,39478,1,FEASIBLE,WORSE
3903,2,51,80,21792,39690,1,FEASIBLE,WORSE
3904,2,51,81,22633,39921,1,FEASIBLE,WORSE
3905,2,51,82,21851,39600,1,FEASIBLE,WORSE
3906,2,51,83,23634,40694,0,CAPACITY_EXCEEDED,INVALID
3907,2,51,84,22100,39947,1,FEASIBLE,WORSE
3908,2,51,85,22499,39508,1,FEASIBLE,WORSE
3909,2,51,86,23539,41039,0,CAPACITY_EXCEEDED,INVALID
3910,2,51,87,23645,40921,0,CAPACITY_EXCEEDED,INVALID
3911,2,51,88,23376,40731,0,CAPACITY_EXCEEDED,INVALID
3912,2,51,89,22162,39913,1,FEASIBLE,WORSE
3913,2,51,90,22293,39503,1,FEASIBLE,WORSE
3914,2,51,91,23018,40467,0,CAPACITY_EXCEEDED,INVALID
3915,2,51,92,22465,39677,1,FEASIBLE,WORSE
3916,2,51,93,21996,39640,1,FEASIBLE,WORSE
3917,2,51,94,22238,39574,1,FEASIBLE,WORSE
3918,2,51,95,22476,39720,1,FEASIBLE,WORSE
3919,2,51,96,22566,39651,1,FEASIBLE,WORSE
3920,2,51,97,23337,40980,0,CAPACITY_EXCEEDED,INVALID
3921,2,51,98,22374,39899,1,FEASIBLE,WORSE
3922,2,51,99,23171,40888,0,CAPACITY_EXCEEDED,INVALID
3923,2,52,53,21823,39319,1,FEASIBLE,WORSE
3924,2,52,54,22381,39660,1,FEASIBLE,WORSE
3925,2,52,55,23247,40756,0,CAPACITY_EXCEEDED,INVALID
3926,2,52,56,23221,40201,0,CAPACITY_EXCEEDED,INVALID
3927,2,52,57,23087,40409,0,CAPACITY_EXCEEDED,INVALID
3928,2,52,58,22321,39368,1,FEASIBLE,WORSE
3929,2,52,59,23518,40581,0,CAPACITY_EXCEEDED,INVALID
3930,2,52,60,23340,40340,0,CAPACITY_EXCEEDED,INVALID
3931,2,52,61,22025,39617,1,FEASIBLE,WORSE
3932,2,52,62,22318,39462,1,FEASIBLE,WORSE
3933,2,52,63,21893,39491,1,FEASIBLE,WORSE
3934,2,52,64,22147,39791,1,FEASIBLE,WORSE
3935,2,52,65,23118,40605,0,CAPACITY_EXCEEDED,INVALID
3936,2,52,66,22220,39657,1,FEASIBLE,WORSE
3937,2,52,67,21911,39387,1,FEASIBLE,WORSE
3938,2,52,68,22483,39645,1,FEASIBLE,WORSE
3939,2,52,69,22243,39772,1,FEASIBLE,WORSE
3940,2,52,70,23510,40656,0,CAPACITY_EXCEEDED,INVALID
3941,2,52,71,23418,40196,0,CAPACITY_EXCEEDED,INVALID
3942,2,52,72,22849,40210,0,CAPACITY_EXCEEDED,INVALID
3943,2,52,73,23401,40870,0,CAPACITY_EXCEEDED,INVALID
3944,2,52,74,22231,39182,1,FEASIBLE,WORSE
3945,2,52,75,23482,40760,0,CAPACITY_EXCEEDED,INVALID
3946,2,52,76,23286,40560,0,CAPACITY_EXCEEDED,INVALID
3947,2,52,77,22959,40337,0,CAPACITY_EXCEEDED,INVALID
3948,2,52,78,22289,39663,1,FEASIBLE,WORSE
3949,2,52,79,22533,39183,1,FEASIBLE,WORSE
3950,2,52,80,21663,39395,1,FEASIBLE,WORSE
3951,2,52,81,22504,39626,1,FEASIBLE,WORSE
3952,2,52,82,21722,39305,1,FEASIBLE,WORSE
3953,2,52,83,23505,40399,0,CAPACITY_EXCEEDED,INVALID
3954,2,52,84,21971,39652,1,FEASIBLE,WORSE
3955,2,52,85,22370,39213,1,FEASIBLE,WORSE
3956,2,52,86,23410,40744,0,CAPACITY_EXCEEDED,INVALID
3957,2,52,87,23516,40626,0,CAPACITY_EXCEEDED,INVALID
3958,2,52,88,23247,40436,0,CAPACITY_EXCEEDED,INVALID
3959,2,52,89,22033,39618,1,FEASIBLE,WORSE
3960,2,52,90,22164,39208,1,FEASIBLE,WORSE
3961,2,52,91,22889,40172,0,CAPACITY_EXCEEDED,INVALID
3962,2,52,92,22336,39382,1,FEASIBLE,WORSE
3963,2,52,93,21867,39345,1,FEASIBLE,WORSE
3964,2,52,94,22109,39279,1,FEASIBLE,WORSE
3965,2,52,95,22347,39425,1,FEASIBLE,WORSE
3966,2,52,96,22437,39356,1,FEASIBLE,WORSE
3967,2,52,97,23208,40685,0,CAPACITY_EXCEEDED,INVALID
3968,2,52,98,22245,39604,1,FEASIBLE,WORSE
3969,2,52,99,23042,40593,0,CAPACITY_EXCEEDED,INVALID
3970,2,53,54,21809,39696,1,FEASIBLE,WORSE
3971,2,53,55,22675,40792,1,FEASIBLE,WORSE
3972,2,53,56,22649,40237,1,FEASIBLE,WORSE
3973,2,53,57,22515,40445,1,FEASIBLE,WORSE
3974,2,53,58,21749,39404,1,FEASIBLE,WORSE
3975,2,53,59,22946,40617,0,CAPACITY_EXCEEDED,INVALID
3976,2,53,60,22768,40376,0,CAPACITY_EXCEEDED,INVALID
3977,2,53,61,21453,39653,1,FEASIBLE,WORSE
3978,2,53,62,21746,39498,1,FEASIBLE,WORSE
3979,2,53,63,21321,39527,1,FEASIBLE,WORSE
3980,2,53,64,21575,39827,1,FEASIBLE,WORSE
3981,2,53,65,22546,40641,1,FEASIBLE,WORSE
3982,2,53,66,21648,39693,1,FEASIBLE,WORSE
3983,2,53,67,21339,39423,1,FEASIBLE,WORSE
3984,2,53,68,21911,39681,1,FEASIBLE,WORSE
3985,2,53,69,21671,39808,1,FEASIBLE,WORSE
3986,2,53,70,22938,40692,0,CAPACITY_EXCEEDED,INVALID
3987,2,53,71,22846,40232,0,CAPACITY_EXCEEDED,INVALID
3988,2,53,72,22277,40246,1,FEASIBLE,WORSE
3989,2,53,73,22829,40906,0,CAPACITY_EXCEEDED,INVALID
3990,2,53,74,21659,39218,1,FEASIBLE,WORSE
3991,2,53,75,22910,40796,0,CAPACITY_EXCEEDED,INVALID
3992,2,53,76,22714,40596,1,FEASIBLE,WORSE
3993,2,53,77,22387,40373,1,FEASIBLE,WORSE
3994,2,53,78,21717,39699,1,FEASIBLE,WORSE
3995,2,53,79,21961,39219,1,FEASIBLE,WORSE
3996,2,53,80,21091,39431,1,FEASIBLE,WORSE
3997,2,53,81,21932,39662,1,FEASIBLE,WORSE
3998,2,53,82,21150,39341,1,FEASIBLE,WORSE
3999,2,53,83,22933,40435,0,CAPACITY_EXCEEDED,INVALID
4000,2,53,84,21399,39688,1,FEASIBLE,WORSE
4001,2,53,85,21798,39249,1,FEASIBLE,WORSE
4002,2,53,86,22838,40780,0,CAPACITY_EXCEEDED,INVALID
4003,2,53,87,22944,40662,0,CAPACITY_EXCEEDED,INVALID
4004,2,53,88,22675,40472,1,FEASIBLE,WORSE
4005,2,53,89,21461,39654,1,FEASIBLE,WORSE
4006,2,53,90,21592,39244,1,FEASIBLE,WORSE
4007,2,53,91,22317,40208,1,FEASIBLE,WORSE
4008,2,53,92,21764,39418,1,FEASIBLE,WORSE
4009,2,53,93,21295,39381,1,FEASIBLE,WORSE
4010,2,53,94,21537,39315,1,FEASIBLE,WORSE
4011,2,53,95,21775,39461,1,FEASIBLE,WORSE
4012,2,53,96,21865,39392,1,FEASIBLE,WORSE
4013,2,53,97,22636,40721,1,FEASIBLE,WORSE
4014,2,53,98,21673,39640,1,FEASIBLE,WORSE
4015,2,53,99,22470,40629,1,FEASIBLE,WORSE
4016,2,54,55,23233,41133,0,CAPACITY_EXCEEDED,INVALID
4017,2,54,56,23207,40578,0,CAPACITY_EXCEEDED,INVALID
4018,2,54,57,23073,40786,0,CAPACITY_EXCEEDED,INVALID
4019,2,54,58,22307,39745,1,FEASIBLE,WORSE
4020,2,54,59,23504,40958,0,CAPACITY_EXCEEDED,INVALID
4021,2,54,60,23326,40717,0,CAPACITY_EXCEEDED,INVALID
4022,2,54,61,22011,39994,1,FEASIBLE,WORSE
4023,2,54,62,22304,39839,1,FEASIBLE,WORSE
4024,2,54,63,21879,39868,1,FEASIBLE,WORSE
4025,2,54,64,22133,40168,1,FEASIBLE,WORSE
4026,2,54,65,23104,40982,0,CAPACITY_EXCEEDED,INVALID
4027,2,54,66,22206,40034,1,FEASIBLE,WORSE
4028,2,54,67,21897,39764,1,FEASIBLE,WORSE
4029,2,54,68,22469,40022,1,FEASIBLE,WORSE
4030,2,54,69,22229,40149,1,FEASIBLE,WORSE
4031,2,54,70,23496,41033,0,CAPACITY_EXCEEDED,INVALID
4032,2,54,71,23404,40573,0,CAPACITY_EXCEEDED,INVALID
4033,2,54,72,22835,40587,0,CAPACITY_EXCEEDED,INVALID
4034,2,54,73,23387,41247,0,CAPACITY_EXCEEDED,INVALID
4035,2,54,74,22217,39559,1,FEASIBLE,WORSE
4036,2,54,75,23468,41137,0,CAPACITY_EXCEEDED,INVALID
4037,2,54,76,23272,40937,0,CAPACITY_EXCEEDED,INVALID
4038,2,54,77,22945,40714,0,CAPACITY_EXCEEDED,INVALID
4039,2,54,78,22275,40040,1,FEASIBLE,WORSE
4040,2,54,79,22519,39560,1,FEASIBLE,WORSE
4041,2,54,80,21649,39772,1,FEASIBLE,WORSE
4042,2,54,81,22490,40003,1,FEASIBLE,WORSE
4043,2,54,82,21708,39682,1,FEASIBLE,WORSE
4044,2,54,83,23491,40776,0,CAPACITY_EXCEEDED,INVALID
4045,2,54,84,21957,40029,1,FEASIBLE,WORSE
4046,2,54,85,22356,39590,1,FEASIBLE,WORSE
4047,2,54,86,23396,41121,0,CAPACITY_EXCEEDED,INVALID
4048,2,54,87,23502,41003,0,CAPACITY_EXCEEDED,INVALID
4049,2,54,88,23233,40813,0,CAPACITY_EXCEEDED,INVALID
4050,2,54,89,22019,39995,1,FEASIBLE,WORSE
4051,2,54,90,22150,39585,1,FEASIBLE,WORSE
4052,2,54,91,22875,40549,0,CAPACITY_EXCEEDED,INVALID
4053,2,54,92,22322,39759,1,FEASIBLE,WORSE
4054,2,54,93,21853,39722,1,FEASIBLE,WORSE
4055,2,54,94,22095,39656,1,FEASIBLE,WORSE
4056,2,54,95,22333,39802,1,FEASIBLE,WORSE
4057,2,54,96,22423,39733,1,FEASIBLE,WORSE
4058,2,54,97,23194,41062,0,CAPACITY_EXCEEDED,INVALID
4059,2,54,98,22231,39981,1,FEASIBLE,WORSE
4060,2,54,99,23028,40970,0,CAPACITY_EXCEEDED,INVALID
4061,2,55,56,24073,41674,0,CAPACITY_EXCEEDED,INVALID
4062,2,55,57,23939,41882,0,CAPACITY_EXCEEDED,INVALID
4063,2,55,58,23173,40841,0,CAPACITY_EXCEEDED,INVALID
4064,2,55,59,24370,42054,0,CAPACITY_EXCEEDED,INVALID
4065,2,55,60,24192,41813,0,CAPACITY_EXCEEDED,INVALID
4066,2,55,61,22877,41090,0,CAPACITY_EXCEEDED,INVALID
4067,2,55,62,23170,40935,0,CAPACITY_EXCEEDED,INVALID
4068,2,55,63,22745,40964,0,CAPACITY_EXCEEDED,INVALID
4069,2,55,64,22999,41264,0,CAPACITY_EXCEEDED,INVALID
4070,2,55,65,23970,42078,0,CAPACITY_EXCEEDED,INVALID
4071,2,55,66,23072,41130,0,CAPACITY_EXCEEDED,INVALID
4072,2,55,67,22763,40860,0,CAPACITY_EXCEEDED,INVALID
4073,2,55,68,23335,41118,0,CAPACITY_EXCEEDED,INVALID
4074,2,55,69,23095,41245,0,CAPACITY_EXCEEDED,INVALID
4075,2,55,70,24362,42129,0,CAPACITY_EXCEEDED,INVALID
4076,2,55,71,24270,41669,0,CAPACITY_EXCEEDED,INVALID
4077,2,55,72,23701,41683,0,CAPACITY_EXCEEDED,INVALID
4078,2,55,73,24253,42343,0,CAPACITY_EXCEEDED,INVALID
4079,2,55,74,23083,40655,0,CAPACITY_EXCEEDED,INVALID
4080,2,55,75,24334,42233,0,CAPACITY_EXCEEDED,INVALID
4081,2,55,76,24138,42033,0,CAPACITY_EXCEEDED,INVALID
4082,2,55,77,23811,41810,0,CAPACITY_EXCEEDED,INVALID
4083,2,55,78,23141,41136,0,CAPACITY_EXCEEDED,INVALID
4084,2,55,79,23385,40656,0,CAPACITY_EXCEEDED,INVALID
4085,2,55,80,22515,40868,1,FEASIBLE,WORSE
4086,2,55,81,23356,41099,0,CAPACITY_EXCEEDED,INVALID
4087,2,55,82,22574,40778,1,FEASIBLE,WORSE
4088,2,55,83,24357,41872,0,CAPACITY_EXCEEDED,INVALID
4089,2,55,84,22823,41125,0,CAPACITY_EXCEEDED,INVALID
4090,2,55,85,23222,40686,0,CAPACITY_EXCEEDED,INVALID
4091,2,55,86,24262,42217,0,CAPACITY_EXCEEDED,INVALID
4092,2,55,87,24368,42099,0,CAPACITY_EXCEEDED,INVALID
4093,2,55,88,24099,41909,0,CAPACITY_EXCEEDED,INVALID
4094,2,55,89,22885,41091,0,CAPACITY_EXCEEDED,INVALID
4095,2,55,90,23016,40681,0,CAPACITY_EXCEEDED,INVALID
4096,2,55,91,23741,41645,0,CAPACITY_EXCEEDED,INVALID
4097,2,55,92,23188,40855,0,CAPACITY_EXCEEDED,INVALID
4098,2,55,93,22719,40818,0,CAPACITY_EXCEEDED,INVALID
4099,2,55,94,22961,40752,0,CAPACITY_EXCEEDED,INVALID
4100,2,55,95,23199,40898,0,CAPACITY_EXCEEDED,INVALID
4101,2,55,96,23289,40829,0,CAPACITY_EXCEEDED,INVALID
4102,2,55,97,24060,42158,0,CAPACITY_EXCEEDED,INVALID
4103,2,55,98,23097,41077,0,CAPACITY_EXCEEDED,INVALID
4104,2,55,99,23894,42066,0,CAPACITY_EXCEEDED,INVALID
4105,2,56,57,23913,41327,0,CAPACITY_EXCEEDED,INVALID
4106,2,56,58,23147,40286,0,CAPACITY_EXCEEDED,INVALID
4107,2,56,59,24344,41499,0,CAPACITY_EXCEEDED,INVALID
4108,2,56,60,24166,41258,0,CAPACITY_EXCEEDED,INVALID
4109,2,56,61,22851,40535,0,CAPACITY_EXCEEDED,INVALID
4110,2,56,62,23144,40380,0,CAPACITY_EXCEEDED,INVALID
4111,2,56,63,22719,40409,0,CAPACITY_EXCEEDED,INVALID
4112,2,56,64,22973,40709,0,CAPACITY_EXCEEDED,INVALID
4113,2,56,65,23944,41523,0,CAPACITY_EXCEEDED,INVALID
4114,2,56,66,23046,40575,0,CAPACITY_EXCEEDED,INVALID
4115,2,56,67,22737,40305,0,CAPACITY_EXCEEDED,INVALID
4116,2,56,68,23309,40563,0,CAPACITY_EXCEEDED,INVALID
4117,2,56,69,23069,40690,0,CAPACITY_EXCEEDED,INVALID
4118,2,56,70,24336,41574,0,CAPACITY_EXCEEDED,INVALID
4119,2,56,71,24244,41114,0,CAPACITY_EXCEEDED,INVALID
4120,2,56,72,23675,41128,0,CAPACITY_EXCEEDED,INVALID
4121,2,56,73,24227,41788,0,CAPACITY_EXCEEDED,INVALID
4122,2,56,74,23057,40100,0,CAPACITY_EXCEEDED,INVALID
4123,2,56,75,24308,41678,0,CAPACITY_EXCEEDED,INVALID
4124,2,56,76,24112,41478,0,CAPACITY_EXCEEDED,INVALID
4125,2,56,77,23785,41255,0,CAPACITY_EXCEEDED,INVALID
4126,2,56,78,23115,40581,0,CAPACITY_EXCEEDED,INVALID
4127,2,56,79,23359,40101,0,CAPACITY_EXCEEDED,INVALID
4128,2,56,80,22489,40313,1,FEASIBLE,WORSE
4129,2,56,81,23330,40544,0,CAPACITY_EXCEEDED,INVALID
4130,2,56,82,22548,40223,1,FEASIBLE,WORSE
4131,2,56,83,24331,41317,0,CAPACITY_EXCEEDED,INVALID
4132,2,56,84,22797,40570,0,CAPACITY_EXCEEDED,INVALID
4133,2,56,85,23196,40131,0,CAPACITY_EXCEEDED,INVALID
4134,2,56,86,24236,41662,0,CAPACITY_EXCEEDED,INVALID
4135,2,56,87,24342,41544,0,CAPACITY_EXCEEDED,INVALID
4136,2,56,88,24073,41354,0,CAPACITY_EXCEEDED,INVALID
4137,2,56,89,22859,40536,0,CAPACITY_EXCEEDED,INVALID
4138,2,56,90,22990,40126,0,CAPACITY_EXCEEDED,INVALID
4139,2,56,91,23715,41090,0,CAPACITY_EXCEEDED,INVALID
4140,2,56,92,23162,40300,0,CAPACITY_EXCEEDED,INVALID
4141,2,56,93,22693,40263,1,FEASIBLE,WORSE
4142,2,56,94,22935,40197,0,CAPACITY_EXCEEDED,INVALID
4143,2,56,95,23173,40343,0,CAPACITY_EXCEEDED,INVALID
4144,2,56,96,23263,40274,0,CAPACITY_EXCEEDED,INVALID
4145,2,56,97,24034,41603,0,CAPACITY_EXCEEDED,INVALID
4146,2,56,98,23071,40522,0,CAPACITY_EXCEEDED,INVALID
4147,2,56,99,23868,41511,0,CAPACITY_EXCEEDED,INVALID
4148,2,57,58,23013,40494,0,CAPACITY_EXCEEDED,INVALID
4149,2,57,59,24210,41707,0,CAPACITY_EXCEEDED,INVALID
4150,2,57,60,24032,41466,0,CAPACITY_EXCEEDED,INVALID
4151,2,57,61,22717,40743,0,CAPACITY_EXCEEDED,INVALID
4152,2,57,62,23010,40588,0,CAPACITY_EXCEEDED,INVALID
4153,2,57,63,22585,40617,1,FEASIBLE,WORSE
4154,2,57,64,22839,40917,0,CAPACITY_EXCEEDED,INVALID
4155,2,57,65,23810,41731,0,CAPACITY_EXCEEDED,INVALID
4156,2,57,66,22912,40783,0,CAPACITY_EXCEEDED,INVALID
4157,2,57,67,22603,40513,1,FEASIBLE,WORSE
4158,2,57,68,23175,40771,0,CAPACITY_EXCEEDED,INVALID
4159,2,57,69,22935,40898,0,CAPACITY_EXCEEDED,INVALID
4160,2,57,70,24202,41782,0,CAPACITY_EXCEEDED,INVALID
4161,2,57,71,24110,41322,0,CAPACITY_EXCEEDED,INVALID
4162,2,57,72,23541,41336,0,CAPACITY_EXCEEDED,INVALID
4163,2,57,73,24093,41996,0,CAPACITY_EXCEEDED,INVALID
4164,2,57,74,22923,40308,0,CAPACITY_EXCEEDED,INVALID
4165,2,57,75,24174,41886,0,CAPACITY_EXCEEDED,INVALID
4166,2,57,76,23978,41686,0,CAPACITY_EXCEEDED,INVALID
4167,2,57,77,23651,41463,0,CAPACITY_EXCEEDED,INVALID
4168,2,57,78,22981,40789,0,CAPACITY_EXCEEDED,INVALID
4169,2,57,79,23225,40309,0,CAPACITY_EXCEEDED,INVALID
4170,2,57,80,22355,40521,1,FEASIBLE,WORSE
4171,2,57,81,23196,40752,0,CAPACITY_EXCEEDED,INVALID
4172,2,57,82,22414,40431,1,FEASIBLE,WORSE
4173,2,57,83,24197,41525,0,CAPACITY_EXCEEDED,INVALID
4174,2,57,84,22663,40778,1,FEASIBLE,WORSE
4175,2,57,85,23062,40339,0,CAPACITY_EXCEEDED,INVALID
4176,2,57,86,24102,41870,0,CAPACITY_EXCEEDED,INVALID
4177,2,57,87,24208,41752,0,CAPACITY_EXCEEDED,INVALID
4178,2,57,88,23939,41562,0,CAPACITY_EXCEEDED,INVALID
4179,2,57,89,22725,40744,0,CAPACITY_EXCEEDED,INVALID
4180,2,57,90,22856,40334,0,CAPACITY_EXCEEDED,INVALID
4181,2,57,91,23581,41298,0,CAPACITY_EXCEEDED,INVALID
4182,2,57,92,23028,40508,0,CAPACITY_EXCEEDED,INVALID
4183,2,57,93,22559,40471,1,FEASIBLE,WORSE
4184,2,57,94,22801,40405,0,CAPACITY_EXCEEDED,INVALID
4185,2,57,95,23039,40551,0,CAPACITY_EXCEEDED,INVALID
4186,2,57,96,23129,40482,0,CAPACITY_EXCEEDED,INVALID
4187,2,57,97,23900,41811,0,CAPACITY_EXCEEDED,INVALID
4188,2,57,98,22937,40730,0,CAPACITY_EXCEEDED,INVALID
4189,2,57,99,23734,41719,0,CAPACITY_EXCEEDED,INVALID
4190,2,58,59,23444,40666,0,CAPACITY_EXCEEDED,INVALID
4191,2,58,60,23266,40425,0,CAPACITY_EXCEEDED,INVALID
4192,2,58,61,21951,39702,1,FEASIBLE,WORSE
4193,2,58,62,22244,39547,1,FEASIBLE,WORSE
4194,2,58,63,21819,39576,1,FEASIBLE,WORSE
4195,2,58,64,22073,39876,1,FEASIBLE,WORSE
4196,2,58,65,23044,40690,0,CAPACITY_EXCEEDED,INVALID
4197,2,58,66,22146,39742,1,FEASIBLE,WORSE
4198,2,58,67,21837,39472,1,FEASIBLE,WORSE
4199,2,58,68,22409,39730,1,FEASIBLE,WORSE
4200,2,58,69,22169,39857,1,FEASIBLE,WORSE
4201,2,58,70,23436,40741,0,CAPACITY_EXCEEDED,INVALID
4202,2,58,71,23344,40281,0,CAPACITY_EXCEEDED,INVALID
4203,2,58,72,22775,40295,0,CAPACITY_EXCEEDED,INVALID
4204,2,58,73,23327,40955,0,CAPACITY_EXCEEDED,INVALID
4205,2,58,74,22157,39267,1,FEASIBLE,WORSE
4206,2,58,75,23408,40845,0,CAPACITY_EXCEEDED,INVALID
4207,2,58,76,23212,40645,0,CAPACITY_EXCEEDED,INVALID
4208,2,58,77,22885,40422,0,CAPACITY_EXCEEDED,INVALID
4209,2,58,78,22215,39748,1,FEASIBLE,WORSE
4210,2,58,79,22459,39268,1,FEASIBLE,WORSE
4211,2,58,80,21589,39480,1,FEASIBLE,WORSE
4212,2,58,81,22430,39711,1,FEASIBLE,WORSE
4213,2,58,82,21648,39390,1,FEASIBLE,WORSE
4214,2,58,83,23431,40484,0,CAPACITY_EXCEEDED,INVALID
4215,2,58,84,21897,39737,1,FEASIBLE,WORSE
4216,2,58,85,22296,39298,1,FEASIBLE,WORSE
4217,2,58,86,23336,40829,0,CAPACITY_EXCEEDED,INVALID
4218,2,58,87,23442,40711,0,CAPACITY_EXCEEDED,INVALID
4219,2,58,88,23173,40521,0,CAPACITY_EXCEEDED,INVALID
4220,2,58,89,21959,39703,1,FEASIBLE,WORSE
4221,2,58,90,22090,39293,1,FEASIBLE,WORSE
4222,2,58,91,22815,40257,0,CAPACITY_EXCEEDED,INVALID
4223,2,58,92,22262,39467,1,FEASIBLE,WORSE
4224,2,58,93,21793,39430,1,FEASIBLE,WORSE
4225,2,58,94,22035,39364,1,FEASIBLE,WORSE
4226,2,58,95,22273,39510,1,FEASIBLE,WORSE
4227,2,58,96,22363,39441,1,FEASIBLE,WORSE
4228,2,58,97,23134,40770,0,CAPACITY_EXCEEDED,INVALID
4229,2,58,98,22171,39689,1,FEASIBLE,WORSE
4230,2,58,99,22968,40678,0,CAPACITY_EXCEEDED,INVALID
4231,2,59,60,24463,41638,0,CAPACITY_EXCEEDED,INVALID
4232,2,59,61,23148,40915,0,CAPACITY_EXCEEDED,INVALID
4233,2,59,62,23441,40760,0,CAPACITY_EXCEEDED,INVALID
4234,2,59,63,23016,40789,0,CAPACITY_EXCEEDED,INVALID
4235,2,59,64,23270,41089,0,CAPACITY_EXCEEDED,INVALID
4236,2,59,65,24241,41903,0,CAPACITY_EXCEEDED,INVALID
4237,2,59,66,23343,40955,0,CAPACITY_EXCEEDED,INVALID
4238,2,59,67,23034,40685,0,CAPACITY_EXCEEDED,INVALID
4239,2,59,68,23606,40943,0,CAPACITY_EXCEEDED,INVALID
4240,2,59,69,23366,41070,0,CAPACITY_EXCEEDED,INVALID
4241,2,59,70,24633,41954,0,CAPACITY_EXCEEDED,INVALID
4242,2,59,71,24541,41494,0,CAPACITY_EXCEEDED,INVALID
4243,2,59,72,23972,41508,0,CAPACITY_EXCEEDED,INVALID
4244,2,59,73,24524,42168,0,CAPACITY_EXCEEDED,INVALID
4245,2,59,74,23354,40480,0,CAPACITY_EXCEEDED,INVALID
4246,2,59,75,24605,42058,0,CAPACITY_EXCEEDED,INVALID
4247,2,59,76,24409,41858,0,CAPACITY_EXCEEDED,INVALID
4248,2,59,77,24082,41635,0,CAPACITY_EXCEEDED,INVALID
4249,2,59,78,23412,40961,0,CAPACITY_EXCEEDED,INVALID
4250,2,59,79,23656,40481,0,CAPACITY_EXCEEDED,INVALID
4251,2,59,80,22786,40693,0,CAPACITY_EXCEEDED,INVALID
4252,2,59,81,23627,40924,0,CAPACITY_EXCEEDED,INVALID
4253,2,59,82,22845,40603,0,CAPACITY_EXCEEDED,INVALID
4254,2,59,83,24628,41697,0,CAPACITY_EXCEEDED,INVALID
4255,2,59,84,23094,40950,0,CAPACITY_EXCEEDED,INVALID
4256,2,59,85,23493,40511,0,CAPACITY_EXCEEDED,INVALID
4257,2,59,86,24533,42042,0,CAPACITY_EXCEEDED,INVALID
4258,2,59,87,24639,41924,0,CAPACITY_EXCEEDED,INVALID
4259,2,59,88,24370,41734,0,CAPACITY_EXCEEDED,INVALID
4260,2,59,89,23156,40916,0,CAPACITY_EXCEEDED,INVALID
4261,2,59,90,23287,40506,0,CAPACITY_EXCEEDED,INVALID
4262,2,59,91,24012,41470,0,CAPACITY_EXCEEDED,INVALID
4263,2,59,92,23459,40680,0,CAPACITY_EXCEEDED,INVALID
4264,2,59,93,22990,40643,0,CAPACITY_EXCEEDED,INVALID
4265,2,59,94,23232,40577,0,CAPACITY_EXCEEDED,INVALID
4266,2,59,95,23470,40723,0,CAPACITY_EXCEEDED,INVALID
4267,2,59,96,23560,40654,0,CAPACITY_EXCEEDED,INVALID
4268,2,59,97,24331,41983,0,CAPACITY_EXCEEDED,INVALID
4269,2,59,98,23368,40902,0,CAPACITY_EXCEEDED,INVALID
4270,2,59,99,24165,41891,0,CAPACITY_EXCEEDED,INVALID
4271,2,60,61,22970,40674,0,CAPACITY_EXCEEDED,INVALID
4272,2,60,62,23263,40519,0,CAPACITY_EXCEEDED,INVALID
4273,2,60,63,22838,40548,0,CAPACITY_EXCEEDED,INVALID
4274,2,60,64,23092,40848,0,CAPACITY_EXCEEDED,INVALID
4275,2,60,65,24063,41662,0,CAPACITY_EXCEEDED,INVALID
4276,2,60,66,23165,40714,0,CAPACITY_EXCEEDED,INVALID
4277,2,60,67,22856,40444,0,CAPACITY_EXCEEDED,INVALID
4278,2,60,68,23428,40702,0,CAPACITY_EXCEEDED,INVALID
4279,2,60,69,23188,40829,0,CAPACITY_EXCEEDED,INVALID
4280,2,60,70,24455,41713,0,CAPACITY_EXCEEDED,INVALID
4281,2,60,71,24363,41253,0,CAPACITY_EXCEEDED,INVALID
4282,2,60,72,23794,41267,0,CAPACITY_EXCEEDED,INVALID
4283,2,60,73,24346,41927,0,CAPACITY_EXCEEDED,INVALID
4284,2,60,74,23176,40239,0,CAPACITY_EXCEEDED,INVALID
4285,2,60,75,24427,41817,0,CAPACITY_EXCEEDED,INVALID
4286,2,60,76,24231,41617,0,CAPACITY_EXCEEDED,INVALID
4287,2,60,77,23904,41394,0,CAPACITY_EXCEEDED,INVALID
4288,2,60,78,23234,40720,0,CAPACITY_EXCEEDED,INVALID
4289,2,60,79,23478,40240,0,CAPACITY_EXCEEDED,INVALID
4290,2,60,80,22608,40452,1,FEASIBLE,WORSE
4291,2,60,81,23449,40683,0,CAPACITY_EXCEEDED,INVALID
4292,2,60,82,22667,40362,1,FEASIBLE,WORSE
4293,2,60,83,24450,41456,0,CAPACITY_EXCEEDED,INVALID
4294,2,60,84,22916,40709,0,CAPACITY_EXCEEDED,INVALID
4295,2,60,85,23315,40270,0,CAPACITY_EXCEEDED,INVALID
4296,2,60,86,24355,41801,0,CAPACITY_EXCEEDED,INVALID
4297,2,60,87,24461,41683,0,CAPACITY_EXCEEDED,INVALID
4298,2,60,88,24192,41493,0,CAPACITY_EXCEEDED,INVALID
4299,2,60,89,22978,40675,0,CAPACITY_EXCEEDED,INVALID
4300,2,60,90,23109,40265,0,CAPACITY_EXCEEDED,INVALID
4301,2,60,91,23834,41229,0,CAPACITY_EXCEEDED,INVALID
4302,2,60,92,23281,40439,0,CAPACITY_EXCEEDED,INVALID
4303,2,60,93,22812,40402,0,CAPACITY_EXCEEDED,INVALID
4304,2,60,94,23054,40336,0,CAPACITY_EXCEEDED,INVALID
4305,2,60,95,23292,40482,0,CAPACITY_EXCEEDED,INVALID
4306,2,60,96,23382,40413,0,CAPACITY_EXCEEDED,INVALID
4307,2,60,97,24153,41742,0,CAPACITY_EXCEEDED,INVALID
4308,2,60,98,23190,40661,0,CAPACITY_EXCEEDED,INVALID
4309,2,60,99,23987,41650,0,CAPACITY_EXCEEDED,INVALID
4310,2,61,62,21948,39796,1,FEASIBLE,WORSE
4311,2,61,63,21523,39825,1,FEASIBLE,WORSE
4312,2,61,64,21777,40125,1,FEASIBLE,WORSE
4313,2,61,65,22748,40939,0,CAPACITY_EXCEEDED,INVALID
4314,2,61,66,21850,39991,1,FEASIBLE,WORSE
4315,2,61,67,21541,39721,1,FEASIBLE,WORSE
4316,2,61,68,22113,39979,1,FEASIBLE,WORSE
4317,2,61,69,21873,40106,1,FEASIBLE,WORSE
4318,2,61,70,23140,40990,0,CAPACITY_EXCEEDED,INVALID
4319,2,61,71,23048,40530,0,CAPACITY_EXCEEDED,INVALID
4320,2,61,72,22479,40544,1,FEASIBLE,WORSE
4321,2,61,73,23031,41204,0,CAPACITY_EXCEEDED,INVALID
4322,2,61,74,21861,39516,1,FEASIBLE,WORSE
4323,2,61,75,23112,41094,0,CAPACITY_EXCEEDED,INVALID
4324,2,61,76,22916,40894,0,CAPACITY_EXCEEDED,INVALID
4325,2,61,77,22589,40671,1,FEASIBLE,WORSE
4326,2,61,78,21919,39997,1,FEASIBLE,WORSE
4327,2,61,79,22163,39517,1,FEASIBLE,WORSE
4328,2,61,80,21293,39729,1,FEASIBLE,WORSE
4329,2,61,81,22134,39960,1,FEASIBLE,WORSE
4330,2,61,82,21352,39639,1,FEASIBLE,WORSE
4331,2,61,83,23135,40733,0,CAPACITY_EXCEEDED,INVALID
4332,2,61,84,21601,39986,1,FEASIBLE,WORSE
4333,2,61,85,22000,39547,1,FEASIBLE,WORSE
4334,2,61,86,23040,41078,0,CAPACITY_EXCEEDED,INVALID
4335,2,61,87,23146,40960,0,CAPACITY_EXCEEDED,INVALID
4336,2,61,88,22877,40770,0,CAPACITY_EXCEEDED,INVALID
4337,2,61,89,21663,39952,1,FEASIBLE,WORSE
4338,2,61,90,21794,39542,1,FEASIBLE,WORSE
4339,2,61,91,22519,40506,1,FEASIBLE,WORSE
4340,2,61,92,21966,39716,1,FEASIBLE,WORSE
4341,2,61,93,21497,39679,1,FEASIBLE,WORSE
4342,2,61,94,21739,39613,1,FEASIBLE,WORSE
4343,2,61,95,21977,39759,1,FEASIBLE,WORSE
4344,2,61,96,22067,39690,1,FEASIBLE,WORSE
4345,2,61,97,22838,41019,0,CAPACITY_EXCEEDED,INVALID
4346,2,61,98,21875,39938,1,FEASIBLE,WORSE
4347,2,61,99,22672,40927,1,FEASIBLE,WORSE
4348,2,62,63,21816,39670,1,FEASIBLE,WORSE
4349,2,62,64,22070,39970,1,FEASIBLE,WORSE
4350,2,62,65,23041,40784,0,CAPACITY_EXCEEDED,INVALID
4351,2,62,66,22143,39836,1,FEASIBLE,WORSE
4352,2,62,67,21834,39566,1,FEASIBLE,WORSE
4353,2,62,68,22406,39824,1,FEASIBLE,WORSE
4354,2,62,69,22166,39951,1,FEASIBLE,WORSE
4355,2,62,70,23433,40835,0,CAPACITY_EXCEEDED,INVALID
4356,2,62,71,23341,40375,0,CAPACITY_EXCEEDED,INVALID
4357,2,62,72,22772,40389,0,CAPACITY_EXCEEDED,INVALID
4358,2,62,73,23324,41049,0,CAPACITY_EXCEEDED,INVALID
4359,2,62,74,22154,39361,1,FEASIBLE,WORSE
4360,2,62,75,23405,40939,0,CAPACITY_EXCEEDED,INVALID
4361,2,62,76,23209,40739,0,CAPACITY_EXCEEDED,INVALID
4362,2,62,77,22882,40516,0,CAPACITY_EXCEEDED,INVALID
4363,2,62,78,22212,39842,1,FEASIBLE,WORSE
4364,2,62,79,22456,39362,1,FEASIBLE,WORSE
4365,2,62,80,21586,39574,1,FEASIBLE,WORSE
4366,2,62,81,22427,39805,1,FEASIBLE,WORSE
4367,2,62,82,21645,39484,1,FEASIBLE,WORSE
4368,2,62,83,23428,40578,0,CAPACITY_EXCEEDED,INVALID
4369,2,62,84,21894,39831,1,FEASIBLE,WORSE
4370,2,62,85,22293,39392,1,FEASIBLE,WORSE
4371,2,62,86,23333,40923,0,CAPACITY_EXCEEDED,INVALID
4372,2,62,87,23439,40805,0,CAPACITY_EXCEEDED,INVALID
4373,2,62,88,23170,40615,0,CAPACITY_EXCEEDED,INVALID
4374,2,62,89,21956,39797,1,FEASIBLE,WORSE
4375,2,62,90,22087,39387,1,FEASIBLE,WORSE
4376,2,62,91,22812,40351,0,CAPACITY_EXCEEDED,INVALID
4377,2,62,92,22259,39561,1,FEASIBLE,WORSE
4378,2,62,93,21790,39524,1,FEASIBLE,WORSE
4379,2,62,94,22032,39458,1,FEASIBLE,WORSE
4380,2,62,95,22270,39604,1,FEASIBLE,WORSE
4381,2,62,96,22360,39535,1,FEASIBLE,WORSE
4382,2,62,97,23131,40864,0,CAPACITY_EXCEEDED,INVALID
4383,2,62,98,22168,39783,1,FEASIBLE,WORSE
4384,2,62,99,22965,40772,0,CAPACITY_EXCEEDED,INVALID
4385,2,63,64,21645,39999,1,FEASIBLE,WORSE
4386,2,63,65,22616,40813,1,FEASIBLE,WORSE
4387,2,63,66,21718,39865,1,FEASIBLE,WORSE
4388,2,63,67,21409,39595,1,FEASIBLE,WORSE
4389,2,63,68,21981,39853,1,FEASIBLE,WORSE
4390,2,63,69,21741,39980,1,FEASIBLE,WORSE
4391,2,63,70,23008,40864,0,CAPACITY_EXCEEDED,INVALID
4392,2,63,71,22916,40404,0,CAPACITY_EXCEEDED,INVALID
4393,2,63,72,22347,40418,1,FEASIBLE,WORSE
4394,2,63,73,22899,41078,0,CAPACITY_EXCEEDED,INVALID
4395,2,63,74,21729,39390,1,FEASIBLE,WORSE
4396,2,63,75,22980,40968,0,CAPACITY_EXCEEDED,INVALID
4397,2,63,76,22784,40768,0,CAPACITY_EXCEEDED,INVALID
4398,2,63,77,22457,40545,1,FEASIBLE,WORSE
4399,2,63,78,21787,39871,1,FEASIBLE,WORSE
4400,2,63,79,22031,39391,1,FEASIBLE,WORSE
4401,2,63,80,21161,39603,1,FEASIBLE,WORSE
4402,2,63,81,22002,39834,1,FEASIBLE,WORSE
4403,2,63,82,21220,39513,1,FEASIBLE,WORSE
4404,2,63,83,23003,40607,0,CAPACITY_EXCEEDED,INVALID
4405,2,63,84,21469,39860,1,FEASIBLE,WORSE
4406,2,63,85,21868,39421,1,FEASIBLE,WORSE
4407,2,63,86,22908,40952,0,CAPACITY_EXCEEDED,INVALID
4408,2,63,87,23014,40834,0,CAPACITY_EXCEEDED,INVALID
4409,2,63,88,22745,40644,0,CAPACITY_EXCEEDED,INVALID
4410,2,63,89,21531,39826,1,FEASIBLE,WORSE
4411,2,63,90,21662,39416,1,FEASIBLE,WORSE
4412,2,63,91,22387,40380,1,FEASIBLE,WORSE
4413,2,63,92,21834,39590,1,FEASIBLE,WORSE
4414,2,63,93,21365,39553,1,FEASIBLE,WORSE
4415,2,63,94,21607,39487,1,FEASIBLE,WORSE
4416,2,63,95,21845,39633,1,FEASIBLE,WORSE
4417,2,63,96,21935,39564,1,FEASIBLE,WORSE
4418,2,63,97,22706,40893,1,FEASIBLE,WORSE
4419,2,63,98,21743,39812,1,FEASIBLE,WORSE
4420,2,63,99,22540,40801,1,FEASIBLE,WORSE
4421,2,64,65,22870,41113,0,CAPACITY_EXCEEDED,INVALID
4422,2,64,66,21972,40165,1,FEASIBLE,WORSE
4423,2,64,67,21663,39895,1,FEASIBLE,WORSE
4424,2,64,68,22235,40153,1,FEASIBLE,WORSE
4425,2,64,69,21995,40280,1,FEASIBLE,WORSE
4426,2,64,70,23262,41164,0,CAPACITY_EXCEEDED,INVALID
4427,2,64,71,23170,40704,0,CAPACITY_EXCEEDED,INVALID
4428,2,64,72,22601,40718,1,FEASIBLE,WORSE
4429,2,64,73,23153,41378,0,CAPACITY_EXCEEDED,INVALID
4430,2,64,74,21983,39690,1,FEASIBLE,WORSE
4431,2,64,75,23234,41268,0,CAPACITY_EXCEEDED,INVALID
4432,2,64,76,23038,41068,0,CAPACITY_EXCEEDED,INVALID
4433,2,64,77,22711,40845,1,FEASIBLE,WORSE
4434,2,64,78,22041,40171,1,FEASIBLE,WORSE
4435,2,64,79,22285,39691,1,FEASIBLE,WORSE
4436,2,64,80,21415,39903,1,FEASIBLE,WORSE
4437,2,64,81,22256,40134,1,FEASIBLE,WORSE
4438,2,64,82,21474,39813,1,FEASIBLE,WORSE
4439,2,64,83,23257,40907,0,CAPACITY_EXCEEDED,INVALID
4440,2,64,84,21723,40160,1,FEASIBLE,WORSE
4441,2,64,85,22122,39721,1,FEASIBLE,WORSE
4442,2,64,86,23162,41252,0,CAPACITY_EXCEEDED,INVALID
4443,2,64,87,23268,41134,0,CAPACITY_EXCEEDED,INVALID
4444,2,64,88,22999,40944,0,CAPACITY_EXCEEDED,INVALID
4445,2,64,89,21785,40126,1,FEASIBLE,WORSE
4446,2,64,90,21916,39716,1,FEASIBLE,WORSE
4447,2,64,91,22641,40680,1,FEASIBLE,WORSE
4448,2,64,92,22088,39890,1,FEASIBLE,WORSE
4449,2,64,93,21619,39853,1,FEASIBLE,WORSE
4450,2,64,94,21861,39787,1,FEASIBLE,WORSE
4451,2,64,95,22099,39933,1,FEASIBLE,WORSE
4452,2,64,96,22189,39864,1,FEASIBLE,WORSE
4453,2,64,97,22960,41193,0,CAPACITY_EXCEEDED,INVALID
4454,2,64,98,21997,40112,1,FEASIBLE,WORSE
4455,2,64,99,22794,41101,0,CAPACITY_EXCEEDED,INVALID
4456,2,65,66,22943,40979,0,CAPACITY_EXCEEDED,INVALID
4457,2,65,67,22634,40709,1,FEASIBLE,WORSE
4458,2,65,68,23206,40967,0,CAPACITY_EXCEEDED,INVALID
4459,2,65,69,22966,41094,0,CAPACITY_EXCEEDED,INVALID
4460,2,65,70,24233,41978,0,CAPACITY_EXCEEDED,INVALID
4461,2,65,71,24141,41518,0,CAPACITY_EXCEEDED,INVALID
4462,2,65,72,23572,41532,0,CAPACITY_EXCEEDED,INVALID
4463,2,65,73,24124,42192,0,CAPACITY_EXCEEDED,INVALID
4464,2,65,74,22954,40504,0,CAPACITY_EXCEEDED,INVALID
4465,2,65,75,24205,42082,0,CAPACITY_EXCEEDED,INVALID
4466,2,65,76,24009,41882,0,CAPACITY_EXCEEDED,INVALID
4467,2,65,77,23682,41659,0,CAPACITY_EXCEEDED,INVALID
4468,2,65,78,23012,40985,0,CAPACITY_EXCEEDED,INVALID
4469,2,65,79,23256,40505,0,CAPACITY_EXCEEDED,INVALID
4470,2,65,80,22386,40717,1,FEASIBLE,WORSE
4471,2,65,81,23227,40948,0,CAPACITY_EXCEEDED,INVALID
4472,2,65,82,22445,40627,1,FEASIBLE,WORSE
4473,2,65,83,24228,41721,0,CAPACITY_EXCEEDED,INVALID
4474,2,65,84,22694,40974,1,FEASIBLE,WORSE
4475,2,65,85,23093,40535,0,CAPACITY_EXCEEDED,INVALID
4476,2,65,86,24133,42066,0,CAPACITY_EXCEEDED,INVALID
4477,2,65,87,24239,41948,0,CAPACITY_EXCEEDED,INVALID
4478,2,65,88,23970,41758,0,CAPACITY_EXCEEDED,INVALID
4479,2,65,89,22756,40940,0,CAPACITY_EXCEEDED,INVALID
4480,2,65,90,22887,40530,0,CAPACITY_EXCEEDED,INVALID
4481,2,65,91,23612,41494,0,CAPACITY_EXCEEDED,INVALID
4482,2,65,92,23059,40704,0,CAPACITY_EXCEEDED,INVALID
4483,2,65,93,22590,40667,1,FEASIBLE,WORSE
4484,2,65,94,22832,40601,0,CAPACITY_EXCEEDED,INVALID
4485,2,65,95,23070,40747,0,CAPACITY_EXCEEDED,INVALID
4486,2,65,96,23160,40678,0,CAPACITY_EXCEEDED,INVALID
4487,2,65,97,23931,42007,0,CAPACITY_EXCEEDED,INVALID
4488,2,65,98,22968,40926,0,CAPACITY_EXCEEDED,INVALID
4489,2,65,99,23765,41915,0,CAPACITY_EXCEEDED,INVALID
4490,2,66,67,21736,39761,1,FEASIBLE,WORSE
4491,2,66,68,22308,40019,1,FEASIBLE,WORSE
4492,2,66,69,22068,40146,1,FEASIBLE,WORSE
4493,2,66,70,23335,41030,0,CAPACITY_EXCEEDED,INVALID
4494,2,66,71,23243,40570,0,CAPACITY_EXCEEDED,INVALID
4495,2,66,72,22674,40584,1,FEASIBLE,WORSE
4496,2,66,73,23226,41244,0,CAPACITY_EXCEEDED,INVALID
4497,2,66,74,22056,39556,1,FEASIBLE,WORSE
4498,2,66,75,23307,41134,0,CAPACITY_EXCEEDED,INVALID
4499,2,66,76,23111,40934,0,CAPACITY_EXCEEDED,INVALID
4500,2,66,77,22784,40711,0,CAPACITY_EXCEEDED,INVALID
4501,2,66,78,22114,40037,1,FEASIBLE,WORSE
4502,2,66,79,22358,39557,1,FEASIBLE,WORSE
4503,2,66,80,21488,39769,1,FEASIBLE,WORSE
4504,2,66,81,22329,40000,1,FEASIBLE,WORSE
4505,2,66,82,21547,39679,1,FEASIBLE,WORSE
4506,2,66,83,23330,40773,0,CAPACITY_EXCEEDED,INVALID
4507,2,66,84,21796,40026,1,FEASIBLE,WORSE
4508,2,66,85,22195,39587,1,FEASIBLE,WORSE
4509,2,66,86,23235,41118,0,CAPACITY_EXCEEDED,INVALID
4510,2,66,87,23341,41000,0,CAPACITY_EXCEEDED,INVALID
4511,2,66,88,23072,40810,0,CAPACITY_EXCEEDED,INVALID
4512,2,66,89,21858,39992,1,FEASIBLE,WORSE
4513,2,66,90,21989,39582,1,FEASIBLE,WORSE
4514,2,66,91,22714,40546,1,FEASIBLE,WORSE
4515,2,66,92,22161,39756,1,FEASIBLE,WORSE
4516,2,66,93,21692,39719,1,FEASIBLE,WORSE
4517,2,66,94,21934,39653,1,FEASIBLE,WORSE
4518,2,66,95,22172,39799,1,FEASIBLE,WORSE
4519,2,66,96,22262,39730,1,FEASIBLE,WORSE
4520,2,66,97,23033,41059,0,CAPACITY_EXCEEDED,INVALID
4521,2,66,98,22070,39978,1,FEASIBLE,WORSE
4522,2,66,99,22867,40967,0,CAPACITY_EXCEEDED,INVALID
4523,2,67,68,21999,39749,1,FEASIBLE,WORSE
4524,2,67,69,21759,39876,1,FEASIBLE,WORSE
4525,2,67,70,23026,40760,0,CAPACITY_EXCEEDED,INVALID
4526,2,67,71,22934,40300,0,CAPACITY_EXCEEDED,INVALID
4527,2,67,72,22365,40314,1,FEASIBLE,WORSE
4528,2,67,73,22917,40974,0,CAPACITY_EXCEEDED,INVALID
4529,2,67,74,21747,39286,1,FEASIBLE,WORSE
4530,2,67,75,22998,40864,0,CAPACITY_EXCEEDED,INVALID
4531,2,67,76,22802,40664,0,CAPACITY_EXCEEDED,INVALID
4532,2,67,77,22475,40441,1,FEASIBLE,WORSE
4533,2,67,78,21805,39767,1,FEASIBLE,WORSE
4534,2,67,79,22049,39287,1,FEASIBLE,WORSE
4535,2,67,80,21179,39499,1,FEASIBLE,WORSE
4536,2,67,81,22020,39730,1,FEASIBLE,WORSE
4537,2,67,82,21238,39409,1,FEASIBLE,WORSE
4538,2,67,83,23021,40503,0,CAPACITY_EXCEEDED,INVALID
4539,2,67,84,21487,39756,1,FEASIBLE,WORSE
4540,2,67,85,21886,39317,1,FEASIBLE,WORSE
4541,2,67,86,22926,40848,0,CAPACITY_EXCEEDED,INVALID
4542,2,67,87,23032,40730,0,CAPACITY_EXCEEDED,INVALID
4543,2,67,88,22763,40540,0,CAPACITY_EXCEEDED,INVALID
4544,2,67,89,21549,39722,1,FEASIBLE,WORSE
4545,2,67,90,21680,39312,1,FEASIBLE,WORSE
4546,2,67,91,22405,40276,1,FEASIBLE,WORSE
4547,2,67,92,21852,39486,1,FEASIBLE,WORSE
4548,2,67,93,21383,39449,1,FEASIBLE,WORSE
4549,2,67,94,21625,39383,1,FEASIBLE,WORSE
4550,2,67,95,21863,39529,1,FEASIBLE,WORSE
4551,2,67,96,21953,39460,1,FEASIBLE,WORSE
4552,2,67,97,22724,40789,0,CAPACITY_EXCEEDED,INVALID
4553,2,67,98,21761,39708,1,FEASIBLE,WORSE
4554,2,67,99,22558,40697,1,FEASIBLE,WORSE
4555,2,68,69,22331,40134,1,FEASIBLE,WORSE
4556,2,68,70,23598,41018,0,CAPACITY_EXCEEDED,INVALID
4557,2,68,71,23506,40558,0,CAPACITY_EXCEEDED,INVALID
4558,2,68,72,22937,40572,0,CAPACITY_EXCEEDED,INVALID
4559,2,68,73,23489,41232,0,CAPACITY_EXCEEDED,INVALID
4560,2,68,74,22319,39544,1,FEASIBLE,WORSE
4561,2,68,75,23570,41122,0,CAPACITY_EXCEEDED,INVALID
4562,2,68,76,23374,40922,0,CAPACITY_EXCEEDED,INVALID
4563,2,68,77,23047,40699,0,CAPACITY_EXCEEDED,INVALID
4564,2,68,78,22377,40025,1,FEASIBLE,WORSE
4565,2,68,79,22621,39545,1,FEASIBLE,WORSE
4566,2,68,80,21751,39757,1,FEASIBLE,WORSE
4567,2,68,81,22592,39988,1,FEASIBLE,WORSE
4568,2,68,82,21810,39667,1,FEASIBLE,WORSE
4569,2,68,83,23593,40761,0,CAPACITY_EXCEEDED,INVALID
4570,2,68,84,22059,40014,1,FEASIBLE,WORSE
4571,2,68,85,22458,39575,1,FEASIBLE,WORSE
4572,2,68,86,23498,41106,0,CAPACITY_EXCEEDED,INVALID
4573,2,68,87,23604,40988,0,CAPACITY_EXCEEDED,INVALID
4574,2,68,88,23335,40798,0,CAPACITY_EXCEEDED,INVALID
4575,2,68,89,22121,39980,1,FEASIBLE,WORSE
4576,2,68,90,22252,39570,1,FEASIBLE,WORSE
4577,2,68,91,22977,40534,0,CAPACITY_EXCEEDED,INVALID
4578,2,68,92,22424,39744,1,FEASIBLE,WORSE
4579,2,68,93,21955,39707,1,FEASIBLE,WORSE
4580,2,68,94,22197,39641,1,FEASIBLE,WORSE
4581,2,68,95,22435,39787,1,FEASIBLE,WORSE
4582,2,68,96,22525,39718,1,FEASIBLE,WORSE
4583,2,68,97,23296,41047,0,CAPACITY_EXCEEDED,INVALID
4584,2,68,98,22333,39966,1,FEASIBLE,WORSE
4585,2,68,99,23130,40955,0,CAPACITY_EXCEEDED,INVALID
4586,2,69,70,23358,41145,0,CAPACITY_EXCEEDED,INVALID
4587,2,69,71,23266,40685,0,CAPACITY_EXCEEDED,INVALID
4588,2,69,72,22697,40699,1,FEASIBLE,WORSE
4589,2,69,73,23249,41359,0,CAPACITY_EXCEEDED,INVALID
4590,2,69,74,22079,39671,1,FEASIBLE,WORSE
4591,2,69,75,23330,41249,0,CAPACITY_EXCEEDED,INVALID
4592,2,69,76,23134,41049,0,CAPACITY_EXCEEDED,INVALID
4593,2,69,77,22807,40826,0,CAPACITY_EXCEEDED,INVALID
4594,2,69,78,22137,40152,1,FEASIBLE,WORSE
4595,2,69,79,22381,39672,1,FEASIBLE,WORSE
4596,2,69,80,21511,39884,1,FEASIBLE,WORSE
4597,2,69,81,22352,40115,1,FEASIBLE,WORSE
4598,2,69,82,21570,39794,1,FEASIBLE,WORSE
4599,2,69,83,23353,40888,0,CAPACITY_EXCEEDED,INVALID
4600,2,69,84,21819,40141,1,FEASIBLE,WORSE
4601,2,69,85,22218,39702,1,FEASIBLE,WORSE
4602,2,69,86,23258,41233,0,CAPACITY_EXCEEDED,INVALID
4603,2,69,87,23364,41115,0,CAPACITY_EXCEEDED,INVALID
4604,2,69,88,23095,40925,0,CAPACITY_EXCEEDED,INVALID
4605,2,69,89,21881,40107,1,FEASIBLE,WORSE
4606,2,69,90,22012,39697,1,FEASIBLE,WORSE
4607,2,69,91,22737,40661,0,CAPACITY_EXCEEDED,INVALID
4608,2,69,92,22184,39871,1,FEASIBLE,WORSE
4609,2,69,93,21715,39834,1,FEASIBLE,WORSE
4610,2,69,94,21957,39768,1,FEASIBLE,WORSE
4611,2,69,95,22195,39914,1,FEASIBLE,WORSE
4612,2,69,96,22285,39845,1,FEASIBLE,WORSE
4613,2,69,97,23056,41174,0,CAPACITY_EXCEEDED,INVALID
4614,2,69,98,22093,40093,1,FEASIBLE,WORSE
4615,2,69,99,22890,41082,0,CAPACITY_EXCEEDED,INVALID
4616,2,70,71,24533,41569,0,CAPACITY_EXCEEDED,INVALID
4617,2,70,72,23964,41583,0,CAPACITY_EXCEEDED,INVALID
4618,2,70,73,24516,42243,0,CAPACITY_EXCEEDED,INVALID
4619,2,70,74,23346,40555,0,CAPACITY_EXCEEDED,INVALID
4620,2,70,75,24597,42133,0,CAPACITY_EXCEEDED,INVALID
4621,2,70,76,24401,41933,0,CAPACITY_EXCEEDED,INVALID
4622,2,70,77,24074,41710,0,CAPACITY_EXCEEDED,INVALID
4623,2,70,78,23404,41036,0,CAPACITY_EXCEEDED,INVALID
4624,2,70,79,23648,40556,0,CAPACITY_EXCEEDED,INVALID
4625,2,70,80,22778,40768,0,CAPACITY_EXCEEDED,INVALID
4626,2,70,81,23619,40999,0,CAPACITY_EXCEEDED,INVALID
4627,2,70,82,22837,40678,0,CAPACITY_EXCEEDED,INVALID
4628,2,70,83,24620,41772,0,CAPACITY_EXCEEDED,INVALID
4629,2,70,84,23086,41025,0,CAPACITY_EXCEEDED,INVALID
4630,2,70,85,23485,40586,0,CAPACITY_EXCEEDED,INVALID
4631,2,70,86,24525,42117,0,CAPACITY_EXCEEDED,INVALID
4632,2,70,87,24631,41999,0,CAPACITY_EXCEEDED,INVALID
4633,2,70,88,24362,41809,0,CAPACITY_EXCEEDED,INVALID
4634,2,70,89,23148,40991,0,CAPACITY_EXCEEDED,INVALID
4635,2,70,90,23279,40581,0,CAPACITY_EXCEEDED,INVALID
4636,2,70,91,24004,41545,0,CAPACITY_EXCEEDED,INVALID
4637,2,70,92,23451,40755,0,CAPACITY_EXCEEDED,INVALID
4638,2,70,93,22982,40718,0,CAPACITY_EXCEEDED,INVALID
4639,2,70,94,23224,40652,0,CAPACITY_EXCEEDED,INVALID
4640,2,70,95,23462,40798,0,CAPACITY_EXCEEDED,INVALID
4641,2,70,96,23552,40729,0,CAPACITY_EXCEEDED,INVALID
4642,2,70,97,24323,42058,0,CAPACITY_EXCEEDED,INVALID
4643,2,70,98,23360,40977,0,CAPACITY_EXCEEDED,INVALID
4644,2,70,99,24157,41966,0,CAPACITY_EXCEEDED,INVALID
4645,2,71,72,23872,41123,0,CAPACITY_EXCEEDED,INVALID
4646,2,71,73,24424,41783,0,CAPACITY_EXCEEDED,INVALID
4647,2,71,74,23254,40095,0,CAPACITY_EXCEEDED,INVALID
4648,2,71,75,24505,41673,0,CAPACITY_EXCEEDED,INVALID
4649,2,71,76,24309,41473,0,CAPACITY_EXCEEDED,INVALID
4650,2,71,77,23982,41250,0,CAPACITY_EXCEEDED,INVALID
4651,2,71,78,23312,40576,0,CAPACITY_EXCEEDED,INVALID
4652,2,71,79,23556,40096,0,CAPACITY_EXCEEDED,INVALID
4653,2,71,80,22686,40308,1,FEASIBLE,WORSE
4654,2,71,81,23527,40539,0,CAPACITY_EXCEEDED,INVALID
4655,2,71,82,22745,40218,0,CAPACITY_EXCEEDED,INVALID
4656,2,71,83,24528,41312,0,CAPACITY_EXCEEDED,INVALID
4657,2,71,84,22994,40565,0,CAPACITY_EXCEEDED,INVALID
4658,2,71,85,23393,40126,0,CAPACITY_EXCEEDED,INVALID
4659,2,71,86,24433,41657,0,CAPACITY_EXCEEDED,INVALID
4660,2,71,87,24539,41539,0,CAPACITY_EXCEEDED,INVALID
4661,2,71,88,24270,41349,0,CAPACITY_EXCEEDED,INVALID
4662,2,71,89,23056,40531,0,CAPACITY_EXCEEDED,INVALID
4663,2,71,90,23187,40121,0,CAPACITY_EXCEEDED,INVALID
4664,2,71,91,23912,41085,0,CAPACITY_EXCEEDED,INVALID
4665,2,71,92,23359,40295,0,CAPACITY_EXCEEDED,INVALID
4666,2,71,93,22890,40258,0,CAPACITY_EXCEEDED,INVALID
4667,2,71,94,23132,40192,0,CAPACITY_EXCEEDED,INVALID
4668,2,71,95,23370,40338,0,CAPACITY_EXCEEDED,INVALID
4669,2,71,96,23460,40269,0,CAPACITY_EXCEEDED,INVALID
4670,2,71,97,24231,41598,0,CAPACITY_EXCEEDED,INVALID
4671,2,71,98,23268,40517,0,CAPACITY_EXCEEDED,INVALID
4672,2,71,99,24065,41506,0,CAPACITY_EXCEEDED,INVALID
4673,2,72,73,23855,41797,0,CAPACITY_EXCEEDED,INVALID
4674,2,72,74,22685,40109,1,FEASIBLE,WORSE
4675,2,72,75,23936,41687,0,CAPACITY_EXCEEDED,INVALID
4676,2,72,76,23740,41487,0,CAPACITY_EXCEEDED,INVALID
4677,2,72,77,23413,41264,0,CAPACITY_EXCEEDED,INVALID
4678,2,72,78,22743,40590,0,CAPACITY_EXCEEDED,INVALID
4679,2,72,79,22987,40110,0,CAPACITY_EXCEEDED,INVALID
4680,2,72,80,22117,40322,1,FEASIBLE,WORSE
4681,2,72,81,22958,40553,0,CAPACITY_EXCEEDED,INVALID
4682,2,72,82,22176,40232,1,FEASIBLE,WORSE
4683,2,72,83,23959,41326,0,CAPACITY_EXCEEDED,INVALID
4684,2,72,84,22425,40579,1,FEASIBLE,WORSE
4685,2,72,85,22824,40140,0,CAPACITY_EXCEEDED,INVALID
4686,2,72,86,23864,41671,0,CAPACITY_EXCEEDED,INVALID
4687,2,72,87,23970,41553,0,CAPACITY_EXCEEDED,INVALID
4688,2,72,88,23701,41363,0,CAPACITY_EXCEEDED,INVALID
4689,2,72,89,22487,40545,1,FEASIBLE,WORSE
4690,2,72,90,22618,40135,1,FEASIBLE,WORSE
4691,2,72,91,23343,41099,0,CAPACITY_EXCEEDED,INVALID
4692,2,72,92,22790,40309,0,CAPACITY_EXCEEDED,INVALID
4693,2,72,93,22321,40272,1,FEASIBLE,WORSE
4694,2,72,94,22563,40206,1,FEASIBLE,WORSE
4695,2,72,95,22801,40352,0,CAPACITY_EXCEEDED,INVALID
4696,2,72,96,22891,40283,0,CAPACITY_EXCEEDED,INVALID
4697,2,72,97,23662,41612,0,CAPACITY_EXCEEDED,INVALID
4698,2,72,98,22699,40531,1,FEASIBLE,WORSE
4699,2,72,99,23496,41520,0,CAPACITY_EXCEEDED,INVALID
4700,2,73,74,23237,40769,0,CAPACITY_EXCEEDED,INVALID
4701,2,73,75,24488,42347,0,CAPACITY_EXCEEDED,INVALID
4702,2,73,76,24292,42147,0,CAPACITY_EXCEEDED,INVALID
4703,2,73,77,23965,41924,0,CAPACITY_EXCEEDED,INVALID
4704,2,73,78,23295,41250,0,CAPACITY_EXCEEDED,INVALID
4705,2,73,79,23539,40770,0,CAPACITY_EXCEEDED,INVALID
4706,2,73,80,22669,40982,1,FEASIBLE,WORSE
4707,2,73,81,23510,41213,0,CAPACITY_EXCEEDED,INVALID
4708,2,73,82,22728,40892,0,CAPACITY_EXCEEDED,INVALID
4709,2,73,83,24511,41986,0,CAPACITY_EXCEEDED,INVALID
4710,2,73,84,22977,41239,0,CAPACITY_EXCEEDED,INVALID
4711,2,73,85,23376,40800,0,CAPACITY_EXCEEDED,INVALID
4712,2,73,86,24416,42331,0,CAPACITY_EXCEEDED,INVALID
4713,2,73,87,24522,42213,0,CAPACITY_EXCEEDED,INVALID
4714,2,73,88,24253,42023,0,CAPACITY_EXCEEDED,INVALID
4715,2,73,89,23039,41205,0,CAPACITY_EXCEEDED,INVALID
4716,2,73,90,23170,40795,0,CAPACITY_EXCEEDED,INVALID
4717,2,73,91,23895,41759,0,CAPACITY_EXCEEDED,INVALID
4718,2,73,92,23342,40969,0,CAPACITY_EXCEEDED,INVALID
4719,2,73,93,22873,40932,0,CAPACITY_EXCEEDED,INVALID
4720,2,73,94,23115,40866,0,CAPACITY_EXCEEDED,INVALID
4721,2,73,95,23353,41012,0,CAPACITY_EXCEEDED,INVALID
4722,2,73,96,23443,40943,0,CAPACITY_EXCEEDED,INVALID
4723,2,73,97,24214,42272,0,CAPACITY_EXCEEDED,INVALID
4724,2,73,98,23251,41191,0,CAPACITY_EXCEEDED,INVALID
4725,2,73,99,24048,42180,0,CAPACITY_EXCEEDED,INVALID
4726,2,74,75,23318,40659,0,CAPACITY_EXCEEDED,INVALID
4727,2,74,76,23122,40459,0,CAPACITY_EXCEEDED,INVALID
4728,2,74,77,22795,40236,0,CAPACITY_EXCEEDED,INVALID
4729,2,74,78,22125,39562,1,FEASIBLE,WORSE
4730,2,74,79,22369,39082,1,FEASIBLE,WORSE
4731,2,74,80,21499,39294,1,FEASIBLE,WORSE
4732,2,74,81,22340,39525,1,FEASIBLE,WORSE
4733,2,74,82,21558,39204,1,FEASIBLE,WORSE
4734,2,74,83,23341,40298,0,CAPACITY_EXCEEDED,INVALID
4735,2,74,84,21807,39551,1,FEASIBLE,WORSE
4736,2,74,85,22206,39112,1,FEASIBLE,WORSE
4737,2,74,86,23246,40643,0,CAPACITY_EXCEEDED,INVALID
4738,2,74,87,23352,40525,0,CAPACITY_EXCEEDED,INVALID
4739,2,74,88,23083,40335,0,CAPACITY_EXCEEDED,INVALID
4740,2,74,89,21869,39517,1,FEASIBLE,WORSE
4741,2,74,90,22000,39107,1,FEASIBLE,WORSE
4742,2,74,91,22725,40071,0,CAPACITY_EXCEEDED,INVALID
4743,2,74,92,22172,39281,1,FEASIBLE,WORSE
4744,2,74,93,21703,39244,1,FEASIBLE,WORSE
4745,2,74,94,21945,39178,1,FEASIBLE,WORSE
4746,2,74,95,22183,39324,1,FEASIBLE,WORSE
4747,2,74,96,22273,39255,1,FEASIBLE,WORSE
4748,2,74,97,23044,40584,0,CAPACITY_EXCEEDED,INVALID
4749,2,74,98,22081,39503,1,FEASIBLE,WORSE
4750,2,74,99,22878,40492,0,CAPACITY_EXCEEDED,INVALID
4751,2,75,76,24373,42037,0,CAPACITY_EXCEEDED,INVALID
4752,2,75,77,24046,41814,0,CAPACITY_EXCEEDED,INVALID
4753,2,75,78,23376,41140,0,CAPACITY_EXCEEDED,INVALID
4754,2,75,79,23620,40660,0,CAPACITY_EXCEEDED,INVALID
4755,2,75,80,22750,40872,0,CAPACITY_EXCEEDED,INVALID
4756,2,75,81,23591,41103,0,CAPACITY_EXCEEDED,INVALID
4757,2,75,82,22809,40782,0,CAPACITY_EXCEEDED,INVALID
4758,2,75,83,24592,41876,0,CAPACITY_EXCEEDED,INVALID
4759,2,75,84,23058,41129,0,CAPACITY_EXCEEDED,INVALID
4760,2,75,85,23457,40690,0,CAPACITY_EXCEEDED,INVALID
4761,2,75,86,24497,42221,0,CAPACITY_EXCEEDED,INVALID
4762,2,75,87,24603,42103,0,CAPACITY_EXCEEDED,INVALID
4763,2,75,88,24334,41913,0,CAPACITY_EXCEEDED,INVALID
4764,2,75,89,23120,41095,0,CAPACITY_EXCEEDED,INVALID
4765,2,75,90,23251,40685,0,CAPACITY_EXCEEDED,INVALID
4766,2,75,91,23976,41649,0,CAPACITY_EXCEEDED,INVALID
4767,2,75,92,23423,40859,0,CAPACITY_EXCEEDED,INVALID
4768,2,75,93,22954,40822,0,CAPACITY_EXCEEDED,INVALID
4769,2,75,94,23196,40756,0,CAPACITY_EXCEEDED,INVALID
4770,2,75,95,23434,40902,0,CAPACITY_EXCEEDED,INVALID
4771,2,75,96,23524,40833,0,CAPACITY_EXCEEDED,INVALID
4772,2,75,97,24295,42162,0,CAPACITY_EXCEEDED,INVALID
4773,2,75,98,23332,41081,0,CAPACITY_EXCEEDED,INVALID
4774,2,75,99,24129,42070,0,CAPACITY_EXCEEDED,INVALID
4775,2,76,77,23850,41614,0,CAPACITY_EXCEEDED,INVALID
4776,2,76,78,23180,40940,0,CAPACITY_EXCEEDED,INVALID
4777,2,76,79,23424,40460,0,CAPACITY_EXCEEDED,INVALID
4778,2,76,80,22554,40672,1,FEASIBLE,WORSE
4779,2,76,81,23395,40903,0,CAPACITY_EXCEEDED,INVALID
4780,2,76,82,22613,40582,1,FEASIBLE,WORSE
4781,2,76,83,24396,41676,0,CAPACITY_EXCEEDED,INVALID
4782,2,76,84,22862,40929,0,CAPACITY_EXCEEDED,INVALID
4783,2,76,85,23261,40490,0,CAPACITY_EXCEEDED,INVALID
4784,2,76,86,24301,42021,0,CAPACITY_EXCEEDED,INVALID
4785,2,76,87,24407,41903,0,CAPACITY_EXCEEDED,INVALID
4786,2,76,88,24138,41713,0,CAPACITY_EXCEEDED,INVALID
4787,2,76,89,22924,40895,0,CAPACITY_EXCEEDED,INVALID
4788,2,76,90,23055,40485,0,CAPACITY_EXCEEDED,INVALID
4789,2,76,91,23780,41449,0,CAPACITY_EXCEEDED,INVALID
4790,2,76,92,23227,40659,0,CAPACITY_EXCEEDED,INVALID
4791,2,76,93,22758,40622,0,CAPACITY_EXCEEDED,INVALID
4792,2,76,94,23000,40556,0,CAPACITY_EXCEEDED,INVALID
4793,2,76,95,23238,40702,0,CAPACITY_EXCEEDED,INVALID
4794,2,76,96,23328,40633,0,CAPACITY_EXCEEDED,INVALID
4795,2,76,97,24099,41962,0,CAPACITY_EXCEEDED,INVALID
4796,2,76,98,23136,40881,0,CAPACITY_EXCEEDED,INVALID
4797,2,76,99,23933,41870,0,CAPACITY_EXCEEDED,INVALID
4798,2,77,78,22853,40717,0,CAPACITY_EXCEEDED,INVALID
4799,2,77,79,23097,40237,0,CAPACITY_EXCEEDED,INVALID
4800,2,77,80,22227,40449,1,FEASIBLE,WORSE
4801,2,77,81,23068,40680,0,CAPACITY_EXCEEDED,INVALID
4802,2,77,82,22286,40359,1,FEASIBLE,WORSE
4803,2,77,83,24069,41453,0,CAPACITY_EXCEEDED,INVALID
4804,2,77,84,22535,40706,1,FEASIBLE,WORSE
4805,2,77,85,22934,40267,0,CAPACITY_EXCEEDED,INVALID
4806,2,77,86,23974,41798,0,CAPACITY_EXCEEDED,INVALID
4807,2,77,87,24080,41680,0,CAPACITY_EXCEEDED,INVALID
4808,2,77,88,23811,41490,0,CAPACITY_EXCEEDED,INVALID
4809,2,77,89,22597,40672,1,FEASIBLE,WORSE
4810,2,77,90,22728,40262,0,CAPACITY_EXCEEDED,INVALID
4811,2,77,91,23453,41226,0,CAPACITY_EXCEEDED,INVALID
4812,2,77,92,22900,40436,0,CAPACITY_EXCEEDED,INVALID
4813,2,77,93,22431,40399,1,FEASIBLE,WORSE
4814,2,77,94,22673,40333,1,FEASIBLE,WORSE
4815,2,77,95,22911,40479,0,CAPACITY_EXCEEDED,INVALID
4816,2,77,96,23001,40410,0,CAPACITY_EXCEEDED,INVALID
4817,2,77,97,23772,41739,0,CAPACITY_EXCEEDED,INVALID
4818,2,77,98,22809,40658,0,CAPACITY_EXCEEDED,INVALID
4819,2,77,99,23606,41647,0,CAPACITY_EXCEEDED,INVALID
4820,2,78,79,22427,39563,1,FEASIBLE,WORSE
4821,2,78,80,21557,39775,1,FEASIBLE,WORSE
4822,2,78,81,22398,40006,1,FEASIBLE,WORSE
4823,2,78,82,21616,39685,1,FEASIBLE,WORSE
4824,2,78,83,23399,40779,0,CAPACITY_EXCEEDED,INVALID
4825,2,78,84,21865,40032,1,FEASIBLE,WORSE
4826,2,78,85,22264,39593,1,FEASIBLE,WORSE
4827,2,78,86,23304,41124,0,CAPACITY_EXCEEDED,INVALID
4828,2,78,87,23410,41006,0,CAPACITY_EXCEEDED,INVALID
4829,2,78,88,23141,40816,0,CAPACITY_EXCEEDED,INVALID
4830,2,78,89,21927,39998,1,FEASIBLE,WORSE
4831,2,78,90,22058,39588,1,FEASIBLE,WORSE
4832,2,78,91,22783,40552,0,CAPACITY_EXCEEDED,INVALID
4833,2,78,92,22230,39762,1,FEASIBLE,WORSE
4834,2,78,93,21761,39725,1,FEASIBLE,WORSE
4835,2,78,94,22003,39659,1,FEASIBLE,WORSE
4836,2,78,95,22241,39805,1,FEASIBLE,WORSE
4837,2,78,96,22331,39736,1,FEASIBLE,WORSE
4838,2,78,97,23102,41065,0,CAPACITY_EXCEEDED,INVALID
4839,2,78,98,22139,39984,1,FEASIBLE,WORSE
4840,2,78,99,22936,40973,0,CAPACITY_EXCEEDED,INVALID
4841,2,79,80,21801,39295,1,FEASIBLE,WORSE
4842,2,79,81,22642,39526,1,FEASIBLE,WORSE
4843,2,79,82,21860,39205,1,FEASIBLE,WORSE
4844,2,79,83,23643,40299,0,CAPACITY_EXCEEDED,INVALID
4845,2,79,84,22109,39552,1,FEASIBLE,WORSE
4846,2,79,85,22508,39113,1,FEASIBLE,WORSE
4847,2,79,86,23548,40644,0,CAPACITY_EXCEEDED,INVALID
4848,2,79,87,23654,40526,0,CAPACITY_EXCEEDED,INVALID
4849,2,79,88,23385,40336,0,CAPACITY_EXCEEDED,INVALID
4850,2,79,89,22171,39518,1,FEASIBLE,WORSE
4851,2,79,90,22302,39108,1,FEASIBLE,WORSE
4852,2,79,91,23027,40072,0,CAPACITY_EXCEEDED,INVALID
4853,2,79,92,22474,39282,1,FEASIBLE,WORSE
4854,2,79,93,22005,39245,1,FEASIBLE,WORSE
4855,2,79,94,22247,39179,1,FEASIBLE,WORSE
4856,2,79,95,22485,39325,1,FEASIBLE,WORSE
4857,2,79,96,22575,39256,1,FEASIBLE,WORSE
4858,2,79,97,23346,40585,0,CAPACITY_EXCEEDED,INVALID
4859,2,79,98,22383,39504,1,FEASIBLE,WORSE
4860,2,79,99,23180,40493,0,CAPACITY_EXCEEDED,INVALID
4861,2,80,81,21772,39738,1,FEASIBLE,WORSE
4862,2,80,82,20990,39417,1,FEASIBLE,WORSE
4863,2,80,83,22773,40511,0,CAPACITY_EXCEEDED,INVALID
4864,2,80,84,21239,39764,1,FEASIBLE,WORSE
4865,2,80,85,21638,39325,1,FEASIBLE,WORSE
4866,2,80,86,22678,40856,1,FEASIBLE,WORSE
4867,2,80,87,22784,40738,0,CAPACITY_EXCEEDED,INVALID
4868,2,80,88,22515,40548,1,FEASIBLE,WORSE
4869,2,80,89,21301,39730,1,FEASIBLE,WORSE
4870,2,80,90,21432,39320,1,FEASIBLE,WORSE
4871,2,80,91,22157,40284,1,FEASIBLE,WORSE
4872,2,80,92,21604,39494,1,FEASIBLE,WORSE
4873,2,80,93,21135,39457,1,FEASIBLE,WORSE
4874,2,80,94,21377,39391,1,FEASIBLE,WORSE
4875,2,80,95,21615,39537,1,FEASIBLE,WORSE
4876,2,80,96,21705,39468,1,FEASIBLE,WORSE
4877,2,80,97,22476,40797,1,FEASIBLE,WORSE
4878,2,80,98,21513,39716,1,FEASIBLE,WORSE
4879,2,80,99,22310,40705,1,FEASIBLE,WORSE
4880,2,81,82,21831,39648,1,FEASIBLE,WORSE
4881,2,81,83,23614,40742,0,CAPACITY_EXCEEDED,INVALID
4882,2,81,84,22080,39995,1,FEASIBLE,WORSE
4883,2,81,85,22479,39556,1,FEASIBLE,WORSE
4884,2,81,86,23519,41087,0,CAPACITY_EXCEEDED,INVALID
4885,2,81,87,23625,40969,0,CAPACITY_EXCEEDED,INVALID
4886,2,81,88,23356,40779,0,CAPACITY_EXCEEDED,INVALID
4887,2,81,89,22142,39961,1,FEASIBLE,WORSE
4888,2,81,90,22273,39551,1,FEASIBLE,WORSE
4889,2,81,91,22998,40515,0,CAPACITY_EXCEEDED,INVALID
4890,2,81,92,22445,39725,1,FEASIBLE,WORSE
4891,2,81,93,21976,39688,1,FEASIBLE,WORSE
4892,2,81,94,22218,39622,1,FEASIBLE,WORSE
4893,2,81,95,22456,39768,1,FEASIBLE,WORSE
4894,2,81,96,22546,39699,1,FEASIBLE,WORSE
4895,2,81,97,23317,41028,0,CAPACITY_EXCEEDED,INVALID
4896,2,81,98,22354,39947,1,FEASIBLE,WORSE
4897,2,81,99,23151,40936,0,CAPACITY_EXCEEDED,INVALID
4898,2,82,83,22832,40421,0,CAPACITY_EXCEEDED,INVALID
4899,2,82,84,21298,39674,1,FEASIBLE,WORSE
4900,2,82,85,21697,39235,1,FEASIBLE,WORSE
4901,2,82,86,22737,40766,0,CAPACITY_EXCEEDED,INVALID
4902,2,82,87,22843,40648,0,CAPACITY_EXCEEDED,INVALID
4903,2,82,88,22574,40458,1,FEASIBLE,WORSE
4904,2,82,89,21360,39640,1,FEASIBLE,WORSE
4905,2,82,90,21491,39230,1,FEASIBLE,WORSE
4906,2,82,91,22216,40194,1,FEASIBLE,WORSE
4907,2,82,92,21663,39404,1,FEASIBLE,WORSE
4908,2,82,93,21194,39367,1,FEASIBLE,WORSE
4909,2,82,94,21436,39301,1,FEASIBLE,WORSE
4910,2,82,95,21674,39447,1,FEASIBLE,WORSE
4911,2,82,96,21764,39378,1,FEASIBLE,WORSE
4912,2,82,97,22535,40707,1,FEASIBLE,WORSE
4913,2,82,98,21572,39626,1,FEASIBLE,WORSE
4914,2,82,99,22369,40615,1,FEASIBLE,WORSE
4915,2,83,84,23081,40768,0,CAPACITY_EXCEEDED,INVALID
4916,2,83,85,23480,40329,0,CAPACITY_EXCEEDED,INVALID
4917,2,83,86,24520,41860,0,CAPACITY_EXCEEDED,INVALID
4918,2,83,87,24626,41742,0,CAPACITY_EXCEEDED,INVALID
4919,2,83,88,24357,41552,0,CAPACITY_EXCEEDED,INVALID
4920,2,83,89,23143,40734,0,CAPACITY_EXCEEDED,INVALID
4921,2,83,90,23274,40324,0,CAPACITY_EXCEEDED,INVALID
4922,2,83,91,23999,41288,0,CAPACITY_EXCEEDED,INVALID
4923,2,83,92,23446,40498,0,CAPACITY_EXCEEDED,INVALID
4924,2,83,93,22977,40461,0,CAPACITY_EXCEEDED,INVALID
4925,2,83,94,23219,40395,0,CAPACITY_EXCEEDED,INVALID
4926,2,83,95,23457,40541,0,CAPACITY_EXCEEDED,INVALID
4927,2,83,96,23547,40472,0,CAPACITY_EXCEEDED,INVALID
4928,2,83,97,24318,41801,0,CAPACITY_EXCEEDED,INVALID
4929,2,83,98,23355,40720,0,CAPACITY_EXCEEDED,INVALID
4930,2,83,99,24152,41709,0,CAPACITY_EXCEEDED,INVALID
4931,2,84,85,21946,39582,1,FEASIBLE,WORSE
4932,2,84,86,22986,41113,0,CAPACITY_EXCEEDED,INVALID
4933,2,84,87,23092,40995,0,CAPACITY_EXCEEDED,INVALID
4934,2,84,88,22823,40805,0,CAPACITY_EXCEEDED,INVALID
4935,2,84,89,21609,39987,1,FEASIBLE,WORSE
4936,2,84,90,21740,39577,1,FEASIBLE,WORSE
4937,2,84,91,22465,40541,1,FEASIBLE,WORSE
4938,2,84,92,21912,39751,1,FEASIBLE,WORSE
4939,2,84,93,21443,39714,1,FEASIBLE,WORSE
4940,2,84,94,21685,39648,1,FEASIBLE,WORSE
4941,2,84,95,21923,39794,1,FEASIBLE,WORSE
4942,2,84,96,22013,39725,1,FEASIBLE,WORSE
4943,2,84,97,22784,41054,0,CAPACITY_EXCEEDED,INVALID
4944,2,84,98,21821,39973,1,FEASIBLE,WORSE
4945,2,84,99,22618,40962,1,FEASIBLE,WORSE
4946,2,85,86,23385,40674,0,CAPACITY_EXCEEDED,INVALID
4947,2,85,87,23491,40556,0,CAPACITY_EXCEEDED,INVALID
4948,2,85,88,23222,40366,0,CAPACITY_EXCEEDED,INVALID
4949,2,85,89,22008,39548,1,FEASIBLE,WORSE
4950,2,85,90,22139,39138,1,FEASIBLE,WORSE
4951,2,85,91,22864,40102,0,CAPACITY_EXCEEDED,INVALID
4952,2,85,92,22311,39312,1,FEASIBLE,WORSE
4953,2,85,93,21842,39275,1,FEASIBLE,WORSE
4954,2,85,94,22084,39209,1,FEASIBLE,WORSE
4955,2,85,95,22322,39355,1,FEASIBLE,WORSE
4956,2,85,96,22412,39286,1,FEASIBLE,WORSE
4957,2,85,97,23183,40615,0,CAPACITY_EXCEEDED,INVALID
4958,2,85,98,22220,39534,1,FEASIBLE,WORSE
4959,2,85,99,23017,40523,0,CAPACITY_EXCEEDED,INVALID
4960,2,86,87,24531,42087,0,CAPACITY_EXCEEDED,INVALID
4961,2,86,88,24262,41897,0,CAPACITY_EXCEEDED,INVALID
4962,2,86,89,23048,41079,0,CAPACITY_EXCEEDED,INVALID
4963,2,86,90,23179,40669,0,CAPACITY_EXCEEDED,INVALID
4964,2,86,91,23904,41633,0,CAPACITY_EXCEEDED,INVALID
4965,2,86,92,23351,40843,0,CAPACITY_EXCEEDED,INVALID
4966,2,86,93,22882,40806,0,CAPACITY_EXCEEDED,INVALID
4967,2,86,94,23124,40740,0,CAPACITY_EXCEEDED,INVALID
4968,2,86,95,23362,40886,0,CAPACITY_EXCEEDED,INVALID
4969,2,86,96,23452,40817,0,CAPACITY_EXCEEDED,INVALID
4970,2,86,97,24223,42146,0,CAPACITY_EXCEEDED,INVALID
4971,2,86,98,23260,41065,0,CAPACITY_EXCEEDED,INVALID
4972,2,86,99,24057,42054,0,CAPACITY_EXCEEDED,INVALID
4973,2,87,88,24368,41779,0,CAPACITY_EXCEEDED,INVALID
4974,2,87,89,23154,40961,0,CAPACITY_EXCEEDED,INVALID
4975,2,87,90,23285,40551,0,CAPACITY_EXCEEDED,INVALID
4976,2,87,91,24010,41515,0,CAPACITY_EXCEEDED,INVALID
4977,2,87,92,23457,40725,0,CAPACITY_EXCEEDED,INVALID
4978,2,87,93,22988,40688,0,CAPACITY_EXCEEDED,INVALID
4979,2,87,94,23230,40622,0,CAPACITY_EXCEEDED,INVALID
4980,2,87,95,23468,40768,0,CAPACITY_EXCEEDED,INVALID
4981,2,87,96,23558,40699,0,CAPACITY_EXCEEDED,INVALID
4982,2,87,97,24329,42028,0,CAPACITY_EXCEEDED,INVALID
4983,2,87,98,23366,40947,0,CAPACITY_EXCEEDED,INVALID
4984,2,87,99,24163,41936,0,CAPACITY_EXCEEDED,INVALID
4985,2,88,89,22885,40771,0,CAPACITY_EXCEEDED,INVALID
4986,2,88,90,23016,40361,0,CAPACITY_EXCEEDED,INVALID
4987,2,88,91,23741,41325,0,CAPACITY_EXCEEDED,INVALID
4988,2,88,92,23188,40535,0,CAPACITY_EXCEEDED,INVALID
4989,2,88,93,22719,40498,0,CAPACITY_EXCEEDED,INVALID
4990,2,88,94,22961,40432,0,CAPACITY_EXCEEDED,INVALID
4991,2,88,95,23199,40578,0,CAPACITY_EXCEEDED,INVALID
4992,2,88,96,23289,40509,0,CAPACITY_EXCEEDED,INVALID
4993,2,88,97,24060,41838,0,CAPACITY_EXCEEDED,INVALID
4994,2,88,98,23097,40757,0,CAPACITY_EXCEEDED,INVALID
4995,2,88,99,23894,41746,0,CAPACITY_EXCEEDED,INVALID
4996,2,89,90,21802,39543,1,FEASIBLE,WORSE
4997,2,89,91,22527,40507,1,FEASIBLE,WORSE
4998,2,89,92,21974,39717,1,FEASIBLE,WORSE
4999,2,89,93,21505,39680,1,FEASIBLE,WORSE
5000,2,89,94,21747,39614,1,FEASIBLE,WORSE
5001,2,89,95,21985,39760,1,FEASIBLE,WORSE
5002,2,89,96,22075,39691,1,FEASIBLE,WORSE
5003,2,89,97,22846,41020,0,CAPACITY_EXCEEDED,INVALID
5004,2,89,98,21883,39939,1,FEASIBLE,WORSE
5005,2,89,99,22680,40928,1,FEASIBLE,WORSE
5006,2,90,91,22658,40097,1,FEASIBLE,WORSE
5007,2,90,92,22105,39307,1,FEASIBLE,WORSE
5008,2,90,93,21636,39270,1,FEASIBLE,WORSE
5009,2,90,94,21878,39204,1,FEASIBLE,WORSE
5010,2,90,95,22116,39350,1,FEASIBLE,WORSE
5011,2,90,96,22206,39281,1,FEASIBLE,WORSE
5012,2,90,97,22977,40610,0,CAPACITY_EXCEEDED,INVALID
5013,2,90,98,22014,39529,1,FEASIBLE,WORSE
5014,2,90,99,22811,40518,0,CAPACITY_EXCEEDED,INVALID
5015,2,91,92,22830,40271,0,CAPACITY_EXCEEDED,INVALID
5016,2,91,93,22361,40234,1,FEASIBLE,WORSE
5017,2,91,94,22603,40168,1,FEASIBLE,WORSE
5018,2,91,95,22841,40314,0,CAPACITY_EXCEEDED,INVALID
5019,2,91,96,22931,40245,0,CAPACITY_EXCEEDED,INVALID
5020,2,91,97,23702,41574,0,CAPACITY_EXCEEDED,INVALID
5021,2,91,98,22739,40493,0,CAPACITY_EXCEEDED,INVALID
5022,2,91,99,23536,41482,0,CAPACITY_EXCEEDED,INVALID
5023,2,92,93,21808,39444,1,FEASIBLE,WORSE
5024,2,92,94,22050,39378,1,FEASIBLE,WORSE
5025,2,92,95,22288,39524,1,FEASIBLE,WORSE
5026,2,92,96,22378,39455,1,FEASIBLE,WORSE
5027,2,92,97,23149,40784,0,CAPACITY_EXCEEDED,INVALID
5028,2,92,98,22186,39703,1,FEASIBLE,WORSE
5029,2,92,99,22983,40692,0,CAPACITY_EXCEEDED,INVALID
5030,2,93,94,21581,39341,1,FEASIBLE,WORSE
5031,2,93,95,21819,39487,1,FEASIBLE,WORSE
5032,2,93,96,21909,39418,1,FEASIBLE,WORSE
5033,2,93,97,22680,40747,1,FEASIBLE,WORSE
5034,2,93,98,21717,39666,1,FEASIBLE,WORSE
5035,2,93,99,22514,40655,1,FEASIBLE,WORSE
5036,2,94,95,22061,39421,1,FEASIBLE,WORSE
5037,2,94,96,22151,39352,1,FEASIBLE,WORSE
5038,2,94,97,22922,40681,0,CAPACITY_EXCEEDED,INVALID
5039,2,94,98,21959,39600,1,FEASIBLE,WORSE
5040,2,94,99,22756,40589,0,CAPACITY_EXCEEDED,INVALID
5041,2,95,96,22389,39498,1,FEASIBLE,WORSE
5042,2,95,97,23160,40827,0,CAPACITY_EXCEEDED,INVALID
5043,2,95,98,22197,39746,1,FEASIBLE,WORSE
5044,2,95,99,22994,40735,0,CAPACITY_EXCEEDED,INVALID
5045,2,96,97,23250,40758,0,CAPACITY_EXCEEDED,INVALID
5046,2,96,98,22287,39677,1,FEASIBLE,WORSE
5047,2,96,99,23084,40666,0,CAPACITY_EXCEEDED,INVALID
5048,2,97,98,23058,41006,0,CAPACITY_EXCEEDED,INVALID
5049,2,97,99,23855,41995,0,CAPACITY_EXCEEDED,INVALID
5050,2,98,99,22892,40914,0,CAPACITY_EXCEEDED,INVALID
