neighbor_index,distance,flip_i,flip_j,weight,profit,feasible,reason,comparison
1,1,0,,21859,28959,1,FEASIBLE,WORSE
2,1,1,,21949,29049,1,FEASIBLE,WORSE
3,1,2,,22184,29284,1,FEASIBLE,WORSE
4,1,3,,23190,30490,0,CAPACITY_EXCEEDED,INVALID
5,1,4,,22316,29416,1,FEASIBLE,WORSE
6,1,5,,21820,28920,1,FEASIBLE,WORSE
7,1,6,,23222,30522,0,CAPACITY_EXCEEDED,INVALID
8,1,7,,22242,29342,1,FEASIBLE,WORSE
9,1,8,,21768,28868,1,FEASIBLE,WORSE
10,1,9,,21706,28806,1,FEASIBLE,WORSE
11,1,10,,22282,29382,1,FEASIBLE,WORSE
12,1,11,,21943,29043,1,FEASIBLE,WORSE
13,1,12,,23027,30327,0,CAPACITY_EXCEEDED,INVALID
14,1,13,,21870,28970,1,FEASIBLE,WORSE
15,1,14,,23049,30349,0,CAPACITY_EXCEEDED,INVALID
16,1,15,,22165,29265,1,FEASIBLE,WORSE
17,1,16,,22084,29184,1,FEASIBLE,WORSE
18,1,17,,22212,29312,1,FEASIBLE,WORSE
19,1,18,,21816,28916,1,FEASIBLE,WORSE
20,1,19,,21399,28499,1,FEASIBLE,WORSE
21,1,20,,21732,28832,1,FEASIBLE,WORSE
22,1,21,,23098,30398,0,CAPACITY_EXCEEDED,INVALID
23,1,22,,21939,29039,1,FEASIBLE,WORSE
24,1,23,,23070,30370,0,CAPACITY_EXCEEDED,INVALID
25,1,24,,22221,29321,1,FEASIBLE,WORSE
26,1,25,,22031,29131,1,FEASIBLE,WORSE
27,1,26,,22998,30298,0,CAPACITY_EXCEEDED,INVALID
28,1,27,,23049,30349,0,CAPACITY_EXCEEDED,INVALID
29,1,28,,21901,29001,1,FEASIBLE,WORSE
30,1,29,,22235,29335,1,FEASIBLE,WORSE
31,1,30,,22056,29156,1,FEASIBLE,WORSE
32,1,31,,22113,29213,1,FEASIBLE,WORSE
33,1,32,,22041,29141,1,FEASIBLE,WORSE
34,1,33,,23133,30433,0,CAPACITY_EXCEEDED,INVALID
35,1,34,,22123,29223,1,FEASIBLE,WORSE
36,1,35,,23210,30510,0,CAPACITY_EXCEEDED,INVALID
37,1,36,,23203,30503,0,CAPACITY_EXCEEDED,INVALID
38,1,37,,22268,29368,1,FEASIBLE,WORSE
39,1,38,,21944,29044,1,FEASIBLE,WORSE
40,1,39,,21831,28931,1,FEASIBLE,WORSE
41,1,40,,22299,29399,1,FEASIBLE,WORSE
42,1,41,,21898,28998,1,FEASIBLE,WORSE
43,1,42,,23230,30530,0,CAPACITY_EXCEEDED,INVALID
44,1,43,,22210,29310,1,FEASIBLE,WORSE
45,1,44,,21726,28826,1,FEASIBLE,WORSE
46,1,45,,22201,29301,1,FEASIBLE,WORSE
47,1,46,,21744,28844,1,FEASIBLE,WORSE
48,1,47,,23219,30519,0,CAPACITY_EXCEEDED,INVALID
49,1,48,,22119,29219,1,FEASIBLE,WORSE
50,1,49,,22314,29414,1,FEASIBLE,WORSE
51,1,50,,22239,29339,1,FEASIBLE,WORSE
52,1,51,,21783,28883,1,FEASIBLE,WORSE
53,1,52,,22305,29405,1,FEASIBLE,WORSE
54,1,53,,22238,29338,1,FEASIBLE,WORSE
55,1,54,,21826,28926,1,FEASIBLE,WORSE
56,1,55,,23244,30544,0,CAPACITY_EXCEEDED,INVALID
57,1,56,,21902,29002,1,FEASIBLE,WORSE
58,1,57,,21924,29024,1,FEASIBLE,WORSE
59,1,58,,22962,30262,0,CAPACITY_EXCEEDED,INVALID
60,1,59,,22229,29329,1,FEASIBLE,WORSE
61,1,60,,21743,28843,1,FEASIBLE,WORSE
62,1,61,,22150,29250,1,FEASIBLE,WORSE
63,1,62,,21714,28814,1,FEASIBLE,WORSE
64,1,63,,23282,30582,0,CAPACITY_EXCEEDED,INVALID
65,1,64,,22268,29368,1,FEASIBLE,WORSE
66,1,65,,21767,28867,1,FEASIBLE,WORSE
67,1,66,,21716,28816,1,FEASIBLE,WORSE
68,1,67,,22173,29273,1,FEASIBLE,WORSE
69,1,68,,22054,29154,1,FEASIBLE,WORSE
70,1,69,,23318,30618,0,CAPACITY_EXCEEDED,INVALID
71,1,70,,23321,30621,0,CAPACITY_EXCEEDED,INVALID
72,1,71,,22201,29301,1,FEASIBLE,WORSE
73,1,72,,23029,30329,0,CAPACITY_EXCEEDED,INVALID
74,1,73,,23274,30574,0,CAPACITY_EXCEEDED,INVALID
75,1,74,,22086,29186,1,FEASIBLE,WORSE
76,1,75,,21711,28811,1,FEASIBLE,WORSE
77,1,76,,22279,29379,1,FEASIBLE,WORSE
78,1,77,,21957,29057,1,FEASIBLE,WORSE
79,1,78,,22998,30298,0,CAPACITY_EXCEEDED,INVALID
80,1,79,,21732,28832,1,FEASIBLE,WORSE
81,1,80,,23098,30398,0,CAPACITY_EXCEEDED,INVALID
82,1,81,,22236,29336,1,FEASIBLE,WORSE
83,1,82,,21975,29075,1,FEASIBLE,WORSE
84,1,83,,23188,30488,0,CAPACITY_EXCEEDED,INVALID
85,1,84,,22908,30208,0,CAPACITY_EXCEEDED,INVALID
86,1,85,,21871,28971,1,FEASIBLE,WORSE
87,1,86,,21920,29020,1,FEASIBLE,WORSE
88,1,87,,23310,30610,0,CAPACITY_EXCEEDED,INVALID
89,1,88,,21748,28848,1,FEASIBLE,WORSE
90,1,89,,22304,29404,1,FEASIBLE,WORSE
91,1,90,,23123,30423,0,CAPACITY_EXCEEDED,INVALID
92,1,91,,21994,29094,1,FEASIBLE,WORSE
93,1,92,,21889,28989,1,FEASIBLE,WORSE
94,1,93,,22109,29209,1,FEASIBLE,WORSE
95,1,94,,21878,28978,1,FEASIBLE,WORSE
96,1,95,,21998,29098,1,FEASIBLE,WORSE
97,1,96,,22234,29334,1,FEASIBLE,WORSE
98,1,97,,22953,30253,0,CAPACITY_EXCEEDED,INVALID
99,1,98,,22219,29319,1,FEASIBLE,WORSE
100,1,99,,23108,30408,0,CAPACITY_EXCEEDED,INVALID
101,2,0,1,21485,28485,1,FEASIBLE,WORSE
102,2,0,2,21720,28720,1,FEASIBLE,WORSE
103,2,0,3,22726,29926,0,CAPACITY_EXCEEDED,INVALID
104,2,0,4,21852,28852,1,FEASIBLE,WORSE
105,2,0,5,21356,28356,1,FEASIBLE,WORSE
106,2,0,6,22758,29958,0,CAPACITY_EXCEEDED,INVALID
107,2,0,7,21778,28778,1,FEASIBLE,WORSE
108,2,0,8,21304,28304,1,FEASIBLE,WORSE
109,2,0,9,21242,28242,1,FEASIBLE,WORSE
110,2,0,10,21818,28818,1,FEASIBLE,WORSE
111,2,0,11,21479,28479,1,FEASIBLE,WORSE
112,2,0,12,22563,29763,0,CAPACITY_EXCEEDED,INVALID
113,2,0,13,21406,28406,1,FEASIBLE,WORSE
114,2,0,14,22585,29785,0,CAPACITY_EXCEEDED,INVALID
115,2,0,15,21701,28701,1,FEASIBLE,WORSE
116,2,0,16,21620,28620,1,FEASIBLE,WORSE
117,2,0,17,21748,28748,1,FEASIBLE,WORSE
118,2,0,18,21352,28352,1,FEASIBLE,WORSE
119,2,0,19,20935,27935,1,FEASIBLE,WORSE
120,2,0,20,21268,28268,1,FEASIBLE,WORSE
121,2,0,21,22634,29834,0,CAPACITY_EXCEEDED,INVALID
122,2,0,22,21475,28475,1,FEASIBLE,WORSE
123,2,0,23,22606,29806,0,CAPACITY_EXCEEDED,INVALID
124,2,0,24,21757,28757,1,FEASIBLE,WORSE
125,2,0,25,21567,28567,1,FEASIBLE,WORSE
126,2,0,26,22534,29734,0,CAPACITY_EXCEEDED,INVALID
127,2,0,27,22585,29785,0,CAPACITY_EXCEEDED,INVALID
128,2,0,28,21437,28437,1,FEASIBLE,WORSE
129,2,0,29,21771,28771,1,FEASIBLE,WORSE
130,2,0,30,21592,28592,1,FEASIBLE,WORSE
131,2,0,31,21649,28649,1,FEASIBLE,WORSE
132,2,0,32,21577,28577,1,FEASIBLE,WORSE
133,2,0,33,22669,29869,0,CAPACITY_EXCEEDED,INVALID
134,2,0,34,21659,28659,1,FEASIBLE,WORSE
135,2,0,35,22746,29946,0,CAPACITY_EXCEEDED,INVALID
136,2,0,36,22739,29939,0,CAPACITY_EXCEEDED,INVALID
137,2,0,37,21804,28804,1,FEASIBLE,WORSE
138,2,0,38,21480,28480,1,FEASIBLE,WORSE
139,2,0,39,21367,28367,1,FEASIBLE,WORSE
140,2,0,40,21835,28835,1,FEASIBLE,WORSE
141,2,0,41,21434,28434,1,FEASIBLE,WORSE
142,2,0,42,22766,29966,0,CAPACITY_EXCEEDED,INVALID
143,2,0,43,21746,28746,1,FEASIBLE,WORSE
144,2,0,44,21262,28262,1,FEASIBLE,WORSE
145,2,0,45,21737,28737,1,FEASIBLE,WORSE
146,2,0,46,21280,28280,1,FEASIBLE,WORSE
147,2,0,47,22755,29955,0,CAPACITY_EXCEEDED,INVALID
148,2,0,48,21655,28655,1,FEASIBLE,WORSE
149,2,0,49,21850,28850,1,FEASIBLE,WORSE
150,2,0,50,21775,28775,1,FEASIBLE,WORSE
151,2,0,51,21319,28319,1,FEASIBLE,WORSE
152,2,0,52,21841,28841,1,FEASIBLE,WORSE
153,2,0,53,21774,28774,1,FEASIBLE,WORSE
154,2,0,54,21362,28362,1,FEASIBLE,WORSE
155,2,0,55,22780,29980,0,CAPACITY_EXCEEDED,INVALID
156,2,0,56,21438,28438,1,FEASIBLE,WORSE
157,2,0,57,21460,28460,1,FEASIBLE,WORSE
158,2,0,58,22498,29698,0,CAPACITY_EXCEEDED,INVALID
159,2,0,59,21765,28765,1,FEASIBLE,WORSE
160,2,0,60,21279,28279,1,FEASIBLE,WORSE
161,2,0,61,21686,28686,1,FEASIBLE,WORSE
162,2,0,62,21250,28250,1,FEASIBLE,WORSE
163,2,0,63,22818,30018,0,CAPACITY_EXCEEDED,INVALID
164,2,0,64,21804,28804,1,FEASIBLE,WORSE
165,2,0,65,21303,28303,1,FEASIBLE,WORSE
166,2,0,66,21252,28252,1,FEASIBLE,WORSE
167,2,0,67,21709,28709,1,FEASIBLE,WORSE
168,2,0,68,21590,28590,1,FEASIBLE,WORSE
169,2,0,69,22854,30054,0,CAPACITY_EXCEEDED,INVALID
170,2,0,70,22857,30057,0,CAPACITY_EXCEEDED,INVALID
171,2,0,71,21737,28737,1,FEASIBLE,WORSE
172,2,0,72,22565,29765,0,CAPACITY_EXCEEDED,INVALID
173,2,0,73,22810,30010,0,CAPACITY_EXCEEDED,INVALID
174,2,0,74,21622,28622,1,FEASIBLE,WORSE
175,2,0,75,21247,28247,1,FEASIBLE,WORSE
176,2,0,76,21815,28815,1,FEASIBLE,WORSE
177,2,0,77,21493,28493,1,FEASIBLE,WORSE
178,2,0,78,22534,29734,0,CAPACITY_EXCEEDED,INVALID
179,2,0,79,21268,28268,1,FEASIBLE,WORSE
180,2,0,80,22634,29834,0,CAPACITY_EXCEEDED,INVALID
181,2,0,81,21772,28772,1,FEASIBLE,WORSE
182,2,0,82,21511,28511,1,FEASIBLE,WORSE
183,2,0,83,22724,29924,0,CAPACITY_EXCEEDED,INVALID
184,2,0,84,22444,29644,0,CAPACITY_EXCEEDED,INVALID
185,2,0,85,21407,28407,1,FEASIBLE,WORSE
186,2,0,86,21456,28456,1,FEASIBLE,WORSE
187,2,0,87,22846,30046,0,CAPACITY_EXCEEDED,INVALID
188,2,0,88,21284,28284,1,FEASIBLE,WORSE
189,2,0,89,21840,28840,1,FEASIBLE,WORSE
190,2,0,90,22659,29859,0,CAPACITY_EXCEEDED,INVALID
191,2,0,91,21530,28530,1,FEASIBLE,WORSE
192,2,0,92,21425,28425,1,FEASIBLE,WORSE
193,2,0,93,21645,28645,1,FEASIBLE,WORSE
194,2,0,94,21414,28414,1,FEASIBLE,WORSE
195,2,0,95,21534,28534,1,FEASIBLE,WORSE
196,2,0,96,21770,28770,1,FEASIBLE,WORSE
197,2,0,97,22489,29689,0,CAPACITY_EXCEEDED,INVALID
198,2,0,98,21755,28755,1,FEASIBLE,WORSE
199,2,0,99,22644,29844,0,CAPACITY_EXCEEDED,INVALID
200,2,1,2,21810,28810,1,FEASIBLE,WORSE
201,2,1,3,22816,30016,0,CAPACITY_EXCEEDED,INVALID
202,2,1,4,21942,28942,1,FEASIBLE,WORSE
203,2,1,5,21446,28446,1,FEASIBLE,WORSE
204,2,1,6,22848,30048,0,CAPACITY_EXCEEDED,INVALID
205,2,1,7,21868,28868,1,FEASIBLE,WORSE
206,2,1,8,21394,28394,1,FEASIBLE,WORSE
207,2,1,9,21332,28332,1,FEASIBLE,WORSE
208,2,1,10,21908,28908,1,FEASIBLE,WORSE
209,2,1,11,21569,28569,1,FEASIBLE,WORSE
210,2,1,12,22653,29853,0,CAPACITY_EXCEEDED,INVALID
211,2,1,13,21496,28496,1,FEASIBLE,WORSE
212,2,1,14,22675,29875,0,CAPACITY_EXCEEDED,INVALID
213,2,1,15,21791,28791,1,FEASIBLE,WORSE
214,2,1,16,21710,28710,1,FEASIBLE,WORSE
215,2,1,17,21838,28838,1,FEASIBLE,WORSE
216,2,1,18,21442,28442,1,FEASIBLE,WORSE
217,2,1,19,21025,28025,1,FEASIBLE,WORSE
218,2,1,20,21358,28358,1,FEASIBLE,WORSE
219,2,1,21,22724,29924,0,CAPACITY_EXCEEDED,INVALID
220,2,1,22,21565,28565,1,FEASIBLE,WORSE
221,2,1,23,22696,29896,0,CAPACITY_EXCEEDED,INVALID
222,2,1,24,21847,28847,1,FEASIBLE,WORSE
223,2,1,25,21657,28657,1,FEASIBLE,WORSE
224,2,1,26,22624,29824,0,CAPACITY_EXCEEDED,INVALID
225,2,1,27,22675,29875,0,CAPACITY_EXCEEDED,INVALID
226,2,1,28,21527,28527,1,FEASIBLE,WORSE
227,2,1,29,21861,28861,1,FEASIBLE,WORSE
228,2,1,30,21682,28682,1,FEASIBLE,WORSE
229,2,1,31,21739,28739,1,FEASIBLE,WORSE
230,2,1,32,21667,28667,1,FEASIBLE,WORSE
231,2,1,33,22759,29959,0,CAPACITY_EXCEEDED,INVALID
232,2,1,34,21749,28749,1,FEASIBLE,WORSE
233,2,1,35,22836,30036,0,CAPACITY_EXCEEDED,INVALID
234,2,1,36,22829,30029,0,CAPACITY_EXCEEDED,INVALID
235,2,1,37,21894,28894,1,FEASIBLE,WORSE
236,2,1,38,21570,28570,1,FEASIBLE,WORSE
237,2,1,39,21457,28457,1,FEASIBLE,WORSE
238,2,1,40,21925,28925,1,FEASIBLE,WORSE
239,2,1,41,21524,28524,1,FEASIBLE,WORSE
240,2,1,42,22856,30056,0,CAPACITY_EXCEEDED,INVALID
241,2,1,43,21836,28836,1,FEASIBLE,WORSE
242,2,1,44,21352,28352,1,FEASIBLE,WORSE
243,2,1,45,21827,28827,1,FEASIBLE,WORSE
244,2,1,46,21370,28370,1,FEASIBLE,WORSE
245,2,1,47,22845,30045,0,CAPACITY_EXCEEDED,INVALID
246,2,1,48,21745,28745,1,FEASIBLE,WORSE
247,2,1,49,21940,28940,1,FEASIBLE,WORSE
248,2,1,50,21865,28865,1,FEASIBLE,WORSE
249,2,1,51,21409,28409,1,FEASIBLE,WORSE
250,2,1,52,21931,28931,1,FEASIBLE,WORSE
251,2,1,53,21864,28864,1,FEASIBLE,WORSE
252,2,1,54,21452,28452,1,FEASIBLE,WORSE
253,2,1,55,22870,30070,0,CAPACITY_EXCEEDED,INVALID
254,2,1,56,21528,28528,1,FEASIBLE,WORSE
255,2,1,57,21550,28550,1,FEASIBLE,WORSE
256,2,1,58,22588,29788,0,CAPACITY_EXCEEDED,INVALID
257,2,1,59,21855,28855,1,FEASIBLE,WORSE
258,2,1,60,21369,28369,1,FEASIBLE,WORSE
259,2,1,61,21776,28776,1,FEASIBLE,WORSE
260,2,1,62,21340,28340,1,FEASIBLE,WORSE
261,2,1,63,22908,30108,0,CAPACITY_EXCEEDED,INVALID
262,2,1,64,21894,28894,1,FEASIBLE,WORSE
263,2,1,65,21393,28393,1,FEASIBLE,WORSE
264,2,1,66,21342,28342,1,FEASIBLE,WORSE
265,2,1,67,21799,28799,1,FEASIBLE,WORSE
266,2,1,68,21680,28680,1,FEASIBLE,WORSE
267,2,1,69,22944,30144,0,CAPACITY_EXCEEDED,INVALID
268,2,1,70,22947,30147,0,CAPACITY_EXCEEDED,INVALID
269,2,1,71,21827,28827,1,FEASIBLE,WORSE
270,2,1,72,22655,29855,0,CAPACITY_EXCEEDED,INVALID
271,2,1,73,22900,30100,0,CAPACITY_EXCEEDED,INVALID
272,2,1,74,21712,28712,1,FEASIBLE,WORSE
273,2,1,75,21337,28337,1,FEASIBLE,WORSE
274,2,1,76,21905,28905,1,FEASIBLE,WORSE
275,2,1,77,21583,28583,1,FEASIBLE,WORSE
276,2,1,78,22624,29824,0,CAPACITY_EXCEEDED,INVALID
277,2,1,79,21358,28358,1,FEASIBLE,WORSE
278,2,1,80,22724,29924,0,CAPACITY_EXCEEDED,INVALID
279,2,1,81,21862,28862,1,FEASIBLE,WORSE
280,2,1,82,21601,28601,1,FEASIBLE,WORSE
281,2,1,83,22814,30014,0,CAPACITY_EXCEEDED,INVALID
282,2,1,84,22534,29734,0,CAPACITY_EXCEEDED,INVALID
283,2,1,85,21497,28497,1,FEASIBLE,WORSE
284,2,1,86,21546,28546,1,FEASIBLE,WORSE
285,2,1,87,22936,30136,0,CAPACITY_EXCEEDED,INVALID
286,2,1,88,21374,28374,1,FEASIBLE,WORSE
287,2,1,89,21930,28930,1,FEASIBLE,WORSE
288,2,1,90,22749,29949,0,CAPACITY_EXCEEDED,INVALID
289,2,1,91,21620,28620,1,FEASIBLE,WORSE
290,2,1,92,21515,28515,1,FEASIBLE,WORSE
291,2,1,93,21735,28735,1,FEASIBLE,WORSE
292,2,1,94,21504,28504,1,FEASIBLE,WORSE
293,2,1,95,21624,28624,1,FEASIBLE,WORSE
294,2,1,96,21860,28860,1,FEASIBLE,WORSE
295,2,1,97,22579,29779,0,CAPACITY_EXCEEDED,INVALID
296,2,1,98,21845,28845,1,FEASIBLE,WORSE
297,2,1,99,22734,29934,0,CAPACITY_EXCEEDED,INVALID
298,2,2,3,23051,30251,0,CAPACITY_EXCEEDED,INVALID
299,2,2,4,22177,29177,1,FEASIBLE,WORSE
300,2,2,5,21681,28681,1,FEASIBLE,WORSE
301,2,2,6,23083,30283,0,CAPACITY_EXCEEDED,INVALID
302,2,2,7,22103,29103,1,FEASIBLE,WORSE
303,2,2,8,21629,28629,1,FEASIBLE,WORSE
304,2,2,9,21567,28567,1,FEASIBLE,WORSE
305,2,2,10,22143,29143,1,FEASIBLE,WORSE
306,2,2,11,21804,28804,1,FEASIBLE,WORSE
307,2,2,12,22888,30088,0,CAPACITY_EXCEEDED,INVALID
308,2,2,13,21731,28731,1,FEASIBLE,WORSE
309,2,2,14,22910,30110,0,CAPACITY_EXCEEDED,INVALID
310,2,2,15,22026,29026,1,FEASIBLE,WORSE
311,2,2,16,21945,28945,1,FEASIBLE,WORSE
312,2,2,17,22073,29073,1,FEASIBLE,WORSE
313,2,2,18,21677,28677,1,FEASIBLE,WORSE
314,2,2,19,21260,28260,1,FEASIBLE,WORSE
315,2,2,20,21593,28593,1,FEASIBLE,WORSE
316,2,2,21,22959,30159,0,CAPACITY_EXCEEDED,INVALID
317,2,2,22,21800,28800,1,FEASIBLE,WORSE
318,2,2,23,22931,30131,0,CAPACITY_EXCEEDED,INVALID
319,2,2,24,22082,29082,1,FEASIBLE,WORSE
320,2,2,25,21892,28892,1,FEASIBLE,WORSE
321,2,2,26,22859,30059,0,CAPACITY_EXCEEDED,INVALID
322,2,2,27,22910,30110,0,CAPACITY_EXCEEDED,INVALID
323,2,2,28,21762,28762,1,FEASIBLE,WORSE
324,2,2,29,22096,29096,1,FEASIBLE,WORSE
325,2,2,30,21917,28917,1,FEASIBLE,WORSE
326,2,2,31,21974,28974,1,FEASIBLE,WORSE
327,2,2,32,21902,28902,1,FEASIBLE,WORSE
328,2,2,33,22994,30194,0,CAPACITY_EXCEEDED,INVALID
329,2,2,34,21984,28984,1,FEASIBLE,WORSE
330,2,2,35,23071,30271,0,CAPACITY_EXCEEDED,INVALID
331,2,2,36,23064,30264,0,CAPACITY_EXCEEDED,INVALID
332,2,2,37,22129,29129,1,FEASIBLE,WORSE
333,2,2,38,21805,28805,1,FEASIBLE,WORSE
334,2,2,39,21692,28692,1,FEASIBLE,WORSE
335,2,2,40,22160,29160,1,FEASIBLE,WORSE
336,2,2,41,21759,28759,1,FEASIBLE,WORSE
337,2,2,42,23091,30291,0,CAPACITY_EXCEEDED,INVALID
338,2,2,43,22071,29071,1,FEASIBLE,WORSE
339,2,2,44,21587,28587,1,FEASIBLE,WORSE
340,2,2,45,22062,29062,1,FEASIBLE,WORSE
341,2,2,46,21605,28605,1,FEASIBLE,WORSE
342,2,2,47,23080,30280,0,CAPACITY_EXCEEDED,INVALID
343,2,2,48,21980,28980,1,FEASIBLE,WORSE
344,2,2,49,22175,29175,1,FEASIBLE,WORSE
345,2,2,50,22100,29100,1,FEASIBLE,WORSE
346,2,2,51,21644,28644,1,FEASIBLE,WORSE
347,2,2,52,22166,29166,1,FEASIBLE,WORSE
348,2,2,53,22099,29099,1,FEASIBLE,WORSE
349,2,2,54,21687,28687,1,FEASIBLE,WORSE
350,2,2,55,23105,30305,0,CAPACITY_EXCEEDED,INVALID
351,2,2,56,21763,28763,1,FEASIBLE,WORSE
352,2,2,57,21785,28785,1,FEASIBLE,WORSE
353,2,2,58,22823,30023,0,CAPACITY_EXCEEDED,INVALID
354,2,2,59,22090,29090,1,FEASIBLE,WORSE
355,2,2,60,21604,28604,1,FEASIBLE,WORSE
356,2,2,61,22011,29011,1,FEASIBLE,WORSE
357,2,2,62,21575,28575,1,FEASIBLE,WORSE
358,2,2,63,23143,30343,0,CAPACITY_EXCEEDED,INVALID
359,2,2,64,22129,29129,1,FEASIBLE,WORSE
360,2,2,65,21628,28628,1,FEASIBLE,WORSE
361,2,2,66,21577,28577,1,FEASIBLE,WORSE
362,2,2,67,22034,29034,1,FEASIBLE,WORSE
363,2,2,68,21915,28915,1,FEASIBLE,WORSE
364,2,2,69,23179,30379,0,CAPACITY_EXCEEDED,INVALID
365,2,2,70,23182,30382,0,CAPACITY_EXCEEDED,INVALID
366,2,2,71,22062,29062,1,FEASIBLE,WORSE
367,2,2,72,22890,30090,0,CAPACITY_EXCEEDED,INVALID
368,2,2,73,23135,30335,0,CAPACITY_EXCEEDED,INVALID
369,2,2,74,21947,28947,1,FEASIBLE,WORSE
370,2,2,75,21572,28572,1,FEASIBLE,WORSE
371,2,2,76,22140,29140,1,FEASIBLE,WORSE
372,2,2,77,21818,28818,1,FEASIBLE,WORSE
373,2,2,78,22859,30059,0,CAPACITY_EXCEEDED,INVALID
374,2,2,79,21593,28593,1,FEASIBLE,WORSE
375,2,2,80,22959,30159,0,CAPACITY_EXCEEDED,INVALID
376,2,2,81,22097,29097,1,FEASIBLE,WORSE
377,2,2,82,21836,28836,1,FEASIBLE,WORSE
378,2,2,83,23049,30249,0,CAPACITY_EXCEEDED,INVALID
379,2,2,84,22769,29969,0,CAPACITY_EXCEEDED,INVALID
380,2,2,85,21732,28732,1,FEASIBLE,WORSE
381,2,2,86,21781,28781,1,FEASIBLE,WORSE
382,2,2,87,23171,30371,0,CAPACITY_EXCEEDED,INVALID
383,2,2,88,21609,28609,1,FEASIBLE,WORSE
384,2,2,89,22165,29165,1,FEASIBLE,WORSE
385,2,2,90,22984,30184,0,CAPACITY_EXCEEDED,INVALID
386,2,2,91,21855,28855,1,FEASIBLE,WORSE
387,2,2,92,21750,28750,1,FEASIBLE,WORSE
388,2,2,93,21970,28970,1,FEASIBLE,WORSE
389,2,2,94,21739,28739,1,FEASIBLE,WORSE
390,2,2,95,21859,28859,1,FEASIBLE,WORSE
391,2,2,96,22095,29095,1,FEASIBLE,WORSE
392,2,2,97,22814,30014,0,CAPACITY_EXCEEDED,INVALID
393,2,2,98,22080,29080,1,FEASIBLE,WORSE
394,2,2,99,22969,30169,0,CAPACITY_EXCEEDED,INVALID
395,2,3,4,23183,30383,0,CAPACITY_EXCEEDED,INVALID
396,2,3,5,22687,29887,0,CAPACITY_EXCEEDED,INVALID
397,2,3,6,24089,31489,0,CAPACITY_EXCEEDED,INVALID
398,2,3,7,23109,30309,0,CAPACITY_EXCEEDED,INVALID
399,2,3,8,22635,29835,0,CAPACITY_EXCEEDED,INVALID
400,2,3,9,22573,29773,0,CAPACITY_EXCEEDED,INVALID
401,2,3,10,23149,30349,0,CAPACITY_EXCEEDED,INVALID
402,2,3,11,22810,30010,0,CAPACITY_EXCEEDED,INVALID
403,2,3,12,23894,31294,0,CAPACITY_EXCEEDED,INVALID
404,2,3,13,22737,29937,0,CAPACITY_EXCEEDED,INVALID
405,2,3,14,23916,31316,0,CAPACITY_EXCEEDED,INVALID
406,2,3,15,23032,30232,0,CAPACITY_EXCEEDED,INVALID
407,2,3,16,22951,30151,0,CAPACITY_EXCEEDED,INVALID
408,2,3,17,23079,30279,0,CAPACITY_EXCEEDED,INVALID
409,2,3,18,22683,29883,0,CAPACITY_EXCEEDED,INVALID
410,2,3,19,22266,29466,1,FEASIBLE,WORSE
411,2,3,20,22599,29799,0,CAPACITY_EXCEEDED,INVALID
412,2,3,21,23965,31365,0,CAPACITY_EXCEEDED,INVALID
413,2,3,22,22806,30006,0,CAPACITY_EXCEEDED,INVALID
414,2,3,23,23937,31337,0,CAPACITY_EXCEEDED,INVALID
415,2,3,24,23088,30288,0,CAPACITY_EXCEEDED,INVALID
416,2,3,25,22898,30098,0,CAPACITY_EXCEEDED,INVALID
417,2,3,26,23865,31265,0,CAPACITY_EXCEEDED,INVALID
418,2,3,27,23916,31316,0,CAPACITY_EXCEEDED,INVALID
419,2,3,28,22768,29968,0,CAPACITY_EXCEEDED,INVALID
420,2,3,29,23102,30302,0,CAPACITY_EXCEEDED,INVALID
421,2,3,30,22923,30123,0,CAPACITY_EXCEEDED,INVALID
422,2,3,31,22980,30180,0,CAPACITY_EXCEEDED,INVALID
423,2,3,32,22908,30108,0,CAPACITY_EXCEEDED,INVALID
424,2,3,33,24000,31400,0,CAPACITY_EXCEEDED,INVALID
425,2,3,34,22990,30190,0,CAPACITY_EXCEEDED,INVALID
426,2,3,35,24077,31477,0,CAPACITY_EXCEEDED,INVALID
427,2,3,36,24070,31470,0,CAPACITY_EXCEEDED,INVALID
428,2,3,37,23135,30335,0,CAPACITY_EXCEEDED,INVALID
429,2,3,38,22811,30011,0,CAPACITY_EXCEEDED,INVALID
430,2,3,39,22698,29898,0,CAPACITY_EXCEEDED,INVALID
431,2,3,40,23166,30366,0,CAPACITY_EXCEEDED,INVALID
432,2,3,41,22765,29965,0,CAPACITY_EXCEEDED,INVALID
433,2,3,42,24097,31497,0,CAPACITY_EXCEEDED,INVALID
434,2,3,43,23077,30277,0,CAPACITY_EXCEEDED,INVALID
435,2,3,44,22593,29793,0,CAPACITY_EXCEEDED,INVALID
436,2,3,45,23068,30268,0,CAPACITY_EXCEEDED,INVALID
437,2,3,46,22611,29811,0,CAPACITY_EXCEEDED,INVALID
438,2,3,47,24086,31486,0,CAPACITY_EXCEEDED,INVALID
439,2,3,48,22986,30186,0,CAPACITY_EXCEEDED,INVALID
440,2,3,49,23181,30381,0,CAPACITY_EXCEEDED,INVALID
441,2,3,50,23106,30306,0,CAPACITY_EXCEEDED,INVALID
442,2,3,51,22650,29850,0,CAPACITY_EXCEEDED,INVALID
443,2,3,52,23172,30372,0,CAPACITY_EXCEEDED,INVALID
444,2,3,53,23105,30305,0,CAPACITY_EXCEEDED,INVALID
445,2,3,54,22693,29893,0,CAPACITY_EXCEEDED,INVALID
446,2,3,55,24111,31511,0,CAPACITY_EXCEEDED,INVALID
447,2,3,56,22769,29969,0,CAPACITY_EXCEEDED,INVALID
448,2,3,57,22791,29991,0,CAPACITY_EXCEEDED,INVALID
449,2,3,58,23829,31229,0,CAPACITY_EXCEEDED,INVALID
450,2,3,59,23096,30296,0,CAPACITY_EXCEEDED,INVALID
451,2,3,60,22610,29810,0,CAPACITY_EXCEEDED,INVALID
452,2,3,61,23017,30217,0,CAPACITY_EXCEEDED,INVALID
453,2,3,62,22581,29781,0,CAPACITY_EXCEEDED,INVALID
454,2,3,63,24149,31549,0,CAPACITY_EXCEEDED,INVALID
455,2,3,64,23135,30335,0,CAPACITY_EXCEEDED,INVALID
456,2,3,65,22634,29834,0,CAPACITY_EXCEEDED,INVALID
457,2,3,66,22583,29783,0,CAPACITY_EXCEEDED,INVALID
458,2,3,67,23040,30240,0,CAPACITY_EXCEEDED,INVALID
459,2,3,68,22921,30121,0,CAPACITY_EXCEEDED,INVALID
460,2,3,69,24185,31585,0,CAPACITY_EXCEEDED,INVALID
461,2,3,70,24188,31588,0,CAPACITY_EXCEEDED,INVALID
462,2,3,71,23068,30268,0,CAPACITY_EXCEEDED,INVALID
463,2,3,72,23896,31296,0,CAPACITY_EXCEEDED,INVALID
464,2,3,73,24141,31541,0,CAPACITY_EXCEEDED,INVALID
465,2,3,74,22953,30153,0,CAPACITY_EXCEEDED,INVALID
466,2,3,75,22578,29778,0,CAPACITY_EXCEEDED,INVALID
467,2,3,76,23146,30346,0,CAPACITY_EXCEEDED,INVALID
468,2,3,77,22824,30024,0,CAPACITY_EXCEEDED,INVALID
469,2,3,78,23865,31265,0,CAPACITY_EXCEEDED,INVALID
470,2,3,79,22599,29799,0,CAPACITY_EXCEEDED,INVALID
471,2,3,80,23965,31365,0,CAPACITY_EXCEEDED,INVALID
472,2,3,81,23103,30303,0,CAPACITY_EXCEEDED,INVALID
473,2,3,82,22842,30042,0,CAPACITY_EXCEEDED,INVALID
474,2,3,83,24055,31455,0,CAPACITY_EXCEEDED,INVALID
475,2,3,84,23775,31175,0,CAPACITY_EXCEEDED,INVALID
476,2,3,85,22738,29938,0,CAPACITY_EXCEEDED,INVALID
477,2,3,86,22787,29987,0,CAPACITY_EXCEEDED,INVALID
478,2,3,87,24177,31577,0,CAPACITY_EXCEEDED,INVALID
479,2,3,88,22615,29815,0,CAPACITY_EXCEEDED,INVALID
480,2,3,89,23171,30371,0,CAPACITY_EXCEEDED,INVALID
481,2,3,90,23990,31390,0,CAPACITY_EXCEEDED,INVALID
482,2,3,91,22861,30061,0,CAPACITY_EXCEEDED,INVALID
483,2,3,92,22756,29956,0,CAPACITY_EXCEEDED,INVALID
484,2,3,93,22976,30176,0,CAPACITY_EXCEEDED,INVALID
485,2,3,94,22745,29945,0,CAPACITY_EXCEEDED,INVALID
486,2,3,95,22865,30065,0,CAPACITY_EXCEEDED,INVALID
487,2,3,96,23101,30301,0,CAPACITY_EXCEEDED,INVALID
488,2,3,97,23820,31220,0,CAPACITY_EXCEEDED,INVALID
489,2,3,98,23086,30286,0,CAPACITY_EXCEEDED,INVALID
490,2,3,99,23975,31375,0,CAPACITY_EXCEEDED,INVALID
491,2,4,5,21813,28813,1,FEASIBLE,WORSE
492,2,4,6,23215,30415,0,CAPACITY_EXCEEDED,INVALID
493,2,4,7,22235,29235,1,FEASIBLE,WORSE
494,2,4,8,21761,28761,1,FEASIBLE,WORSE
495,2,4,9,21699,28699,1,FEASIBLE,WORSE
496,2,4,10,22275,29275,1,FEASIBLE,WORSE
497,2,4,11,21936,28936,1,FEASIBLE,WORSE
498,2,4,12,23020,30220,0,CAPACITY_EXCEEDED,INVALID
499,2,4,13,21863,28863,1,FEASIBLE,WORSE
500,2,4,14,23042,30242,0,CAPACITY_EXCEEDED,INVALID
501,2,4,15,22158,29158,1,FEASIBLE,WORSE
502,2,4,16,22077,29077,1,FEASIBLE,WORSE
503,2,4,17,22205,29205,1,FEASIBLE,WORSE
504,2,4,18,21809,28809,1,FEASIBLE,WORSE
505,2,4,19,21392,28392,1,FEASIBLE,WORSE
506,2,4,20,21725,28725,1,FEASIBLE,WORSE
507,2,4,21,23091,30291,0,CAPACITY_EXCEEDED,INVALID
508,2,4,22,21932,28932,1,FEASIBLE,WORSE
509,2,4,23,23063,30263,0,CAPACITY_EXCEEDED,INVALID
510,2,4,24,22214,29214,1,FEASIBLE,WORSE
511,2,4,25,22024,29024,1,FEASIBLE,WORSE
512,2,4,26,22991,30191,0,CAPACITY_EXCEEDED,INVALID
513,2,4,27,23042,30242,0,CAPACITY_EXCEEDED,INVALID
514,2,4,28,21894,28894,1,FEASIBLE,WORSE
515,2,4,29,22228,29228,1,FEASIBLE,WORSE
516,2,4,30,22049,29049,1,FEASIBLE,WORSE
517,2,4,31,22106,29106,1,FEASIBLE,WORSE
518,2,4,32,22034,29034,1,FEASIBLE,WORSE
519,2,4,33,23126,30326,0,CAPACITY_EXCEEDED,INVALID
520,2,4,34,22116,29116,1,FEASIBLE,WORSE
521,2,4,35,23203,30403,0,CAPACITY_EXCEEDED,INVALID
522,2,4,36,23196,30396,0,CAPACITY_EXCEEDED,INVALID
523,2,4,37,22261,29261,1,FEASIBLE,WORSE
524,2,4,38,21937,28937,1,FEASIBLE,WORSE
525,2,4,39,21824,28824,1,FEASIBLE,WORSE
526,2,4,40,22292,29292,1,FEASIBLE,WORSE
527,2,4,41,21891,28891,1,FEASIBLE,WORSE
528,2,4,42,23223,30423,0,CAPACITY_EXCEEDED,INVALID
529,2,4,43,22203,29203,1,FEASIBLE,WORSE
530,2,4,44,21719,28719,1,FEASIBLE,WORSE
531,2,4,45,22194,29194,1,FEASIBLE,WORSE
532,2,4,46,21737,28737,1,FEASIBLE,WORSE
533,2,4,47,23212,30412,0,CAPACITY_EXCEEDED,INVALID
534,2,4,48,22112,29112,1,FEASIBLE,WORSE
535,2,4,49,22307,29307,1,FEASIBLE,WORSE
536,2,4,50,22232,29232,1,FEASIBLE,WORSE
537,2,4,51,21776,28776,1,FEASIBLE,WORSE
538,2,4,52,22298,29298,1,FEASIBLE,WORSE
539,2,4,53,22231,29231,1,FEASIBLE,WORSE
540,2,4,54,21819,28819,1,FEASIBLE,WORSE
541,2,4,55,23237,30437,0,CAPACITY_EXCEEDED,INVALID
542,2,4,56,21895,28895,1,FEASIBLE,WORSE
543,2,4,57,21917,28917,1,FEASIBLE,WORSE
544,2,4,58,22955,30155,0,CAPACITY_EXCEEDED,INVALID
545,2,4,59,22222,29222,1,FEASIBLE,WORSE
546,2,4,60,21736,28736,1,FEASIBLE,WORSE
547,2,4,61,22143,29143,1,FEASIBLE,WORSE
548,2,4,62,21707,28707,1,FEASIBLE,WORSE
549,2,4,63,23275,30475,0,CAPACITY_EXCEEDED,INVALID
550,2,4,64,22261,29261,1,FEASIBLE,WORSE
551,2,4,65,21760,28760,1,FEASIBLE,WORSE
552,2,4,66,21709,28709,1,FEASIBLE,WORSE
553,2,4,67,22166,29166,1,FEASIBLE,WORSE
554,2,4,68,22047,29047,1,FEASIBLE,WORSE
555,2,4,69,23311,30511,0,CAPACITY_EXCEEDED,INVALID
556,2,4,70,23314,30514,0,CAPACITY_EXCEEDED,INVALID
557,2,4,71,22194,29194,1,FEASIBLE,WORSE
558,2,4,72,23022,30222,0,CAPACITY_EXCEEDED,INVALID
559,2,4,73,23267,30467,0,CAPACITY_EXCEEDED,INVALID
560,2,4,74,22079,29079,1,FEASIBLE,WORSE
561,2,4,75,21704,28704,1,FEASIBLE,WORSE
562,2,4,76,22272,29272,1,FEASIBLE,WORSE
563,2,4,77,21950,28950,1,FEASIBLE,WORSE
564,2,4,78,22991,30191,0,CAPACITY_EXCEEDED,INVALID
565,2,4,79,21725,28725,1,FEASIBLE,WORSE
566,2,4,80,23091,30291,0,CAPACITY_EXCEEDED,INVALID
567,2,4,81,22229,29229,1,FEASIBLE,WORSE
568,2,4,82,21968,28968,1,FEASIBLE,WORSE
569,2,4,83,23181,30381,0,CAPACITY_EXCEEDED,INVALID
570,2,4,84,22901,30101,0,CAPACITY_EXCEEDED,INVALID
571,2,4,85,21864,28864,1,FEASIBLE,WORSE
572,2,4,86,21913,28913,1,FEASIBLE,WORSE
573,2,4,87,23303,30503,0,CAPACITY_EXCEEDED,INVALID
574,2,4,88,21741,28741,1,FEASIBLE,WORSE
575,2,4,89,22297,29297,1,FEASIBLE,WORSE
576,2,4,90,23116,30316,0,CAPACITY_EXCEEDED,INVALID
577,2,4,91,21987,28987,1,FEASIBLE,WORSE
578,2,4,92,21882,28882,1,FEASIBLE,WORSE
579,2,4,93,22102,29102,1,FEASIBLE,WORSE
580,2,4,94,21871,28871,1,FEASIBLE,WORSE
581,2,4,95,21991,28991,1,FEASIBLE,WORSE
582,2,4,96,22227,29227,1,FEASIBLE,WORSE
583,2,4,97,22946,30146,0,CAPACITY_EXCEEDED,INVALID
584,2,4,98,22212,29212,1,FEASIBLE,WORSE
585,2,4,99,23101,30301,0,CAPACITY_EXCEEDED,INVALID
586,2,5,6,22719,29919,0,CAPACITY_EXCEEDED,INVALID
587,2,5,7,21739,28739,1,FEASIBLE,WORSE
588,2,5,8,21265,28265,1,FEASIBLE,WORSE
589,2,5,9,21203,28203,1,FEASIBLE,WORSE
590,2,5,10,21779,28779,1,FEASIBLE,WORSE
591,2,5,11,21440,28440,1,FEASIBLE,WORSE
592,2,5,12,22524,29724,0,CAPACITY_EXCEEDED,INVALID
593,2,5,13,21367,28367,1,FEASIBLE,WORSE
594,2,5,14,22546,29746,0,CAPACITY_EXCEEDED,INVALID
595,2,5,15,21662,28662,1,FEASIBLE,WORSE
596,2,5,16,21581,28581,1,FEASIBLE,WORSE
597,2,5,17,21709,28709,1,FEASIBLE,WORSE
598,2,5,18,21313,28313,1,FEASIBLE,WORSE
599,2,5,19,20896,27896,1,FEASIBLE,WORSE
600,2,5,20,21229,28229,1,FEASIBLE,WORSE
601,2,5,21,22595,29795,0,CAPACITY_EXCEEDED,INVALID
602,2,5,22,21436,28436,1,FEASIBLE,WORSE
603,2,5,23,22567,29767,0,CAPACITY_EXCEEDED,INVALID
604,2,5,24,21718,28718,1,FEASIBLE,WORSE
605,2,5,25,21528,28528,1,FEASIBLE,WORSE
606,2,5,26,22495,29695,0,CAPACITY_EXCEEDED,INVALID
607,2,5,27,22546,29746,0,CAPACITY_EXCEEDED,INVALID
608,2,5,28,21398,28398,1,FEASIBLE,WORSE
609,2,5,29,21732,28732,1,FEASIBLE,WORSE
610,2,5,30,21553,28553,1,FEASIBLE,WORSE
611,2,5,31,21610,28610,1,FEASIBLE,WORSE
612,2,5,32,21538,28538,1,FEASIBLE,WORSE
613,2,5,33,22630,29830,0,CAPACITY_EXCEEDED,INVALID
614,2,5,34,21620,28620,1,FEASIBLE,WORSE
615,2,5,35,22707,29907,0,CAPACITY_EXCEEDED,INVALID
616,2,5,36,22700,29900,0,CAPACITY_EXCEEDED,INVALID
617,2,5,37,21765,28765,1,FEASIBLE,WORSE
618,2,5,38,21441,28441,1,FEASIBLE,WORSE
619,2,5,39,21328,28328,1,FEASIBLE,WORSE
620,2,5,40,21796,28796,1,FEASIBLE,WORSE
621,2,5,41,21395,28395,1,FEASIBLE,WORSE
622,2,5,42,22727,29927,0,CAPACITY_EXCEEDED,INVALID
623,2,5,43,21707,28707,1,FEASIBLE,WORSE
624,2,5,44,21223,28223,1,FEASIBLE,WORSE
625,2,5,45,21698,28698,1,FEASIBLE,WORSE
626,2,5,46,21241,28241,1,FEASIBLE,WORSE
627,2,5,47,22716,29916,0,CAPACITY_EXCEEDED,INVALID
628,2,5,48,21616,28616,1,FEASIBLE,WORSE
629,2,5,49,21811,28811,1,FEASIBLE,WORSE
630,2,5,50,21736,28736,1,FEASIBLE,WORSE
631,2,5,51,21280,28280,1,FEASIBLE,WORSE
632,2,5,52,21802,28802,1,FEASIBLE,WORSE
633,2,5,53,21735,28735,1,FEASIBLE,WORSE
634,2,5,54,21323,28323,1,FEASIBLE,WORSE
635,2,5,55,22741,29941,0,CAPACITY_EXCEEDED,INVALID
636,2,5,56,21399,28399,1,FEASIBLE,WORSE
637,2,5,57,21421,28421,1,FEASIBLE,WORSE
638,2,5,58,22459,29659,0,CAPACITY_EXCEEDED,INVALID
639,2,5,59,21726,28726,1,FEASIBLE,WORSE
640,2,5,60,21240,28240,1,FEASIBLE,WORSE
641,2,5,61,21647,28647,1,FEASIBLE,WORSE
642,2,5,62,21211,28211,1,FEASIBLE,WORSE
643,2,5,63,22779,29979,0,CAPACITY_EXCEEDED,INVALID
644,2,5,64,21765,28765,1,FEASIBLE,WORSE
645,2,5,65,21264,28264,1,FEASIBLE,WORSE
646,2,5,66,21213,28213,1,FEASIBLE,WORSE
647,2,5,67,21670,28670,1,FEASIBLE,WORSE
648,2,5,68,21551,28551,1,FEASIBLE,WORSE
649,2,5,69,22815,30015,0,CAPACITY_EXCEEDED,INVALID
650,2,5,70,22818,30018,0,CAPACITY_EXCEEDED,INVALID
651,2,5,71,21698,28698,1,FEASIBLE,WORSE
652,2,5,72,22526,29726,0,CAPACITY_EXCEEDED,INVALID
653,2,5,73,22771,29971,0,CAPACITY_EXCEEDED,INVALID
654,2,5,74,21583,28583,1,FEASIBLE,WORSE
655,2,5,75,21208,28208,1,FEASIBLE,WORSE
656,2,5,76,21776,28776,1,FEASIBLE,WORSE
657,2,5,77,21454,28454,1,FEASIBLE,WORSE
658,2,5,78,22495,29695,0,CAPACITY_EXCEEDED,INVALID
659,2,5,79,21229,28229,1,FEASIBLE,WORSE
660,2,5,80,22595,29795,0,CAPACITY_EXCEEDED,INVALID
661,2,5,81,21733,28733,1,FEASIBLE,WORSE
662,2,5,82,21472,28472,1,FEASIBLE,WORSE
663,2,5,83,22685,29885,0,CAPACITY_EXCEEDED,INVALID
664,2,5,84,22405,29605,0,CAPACITY_EXCEEDED,INVALID
665,2,5,85,21368,28368,1,FEASIBLE,WORSE
666,2,5,86,21417,28417,1,FEASIBLE,WORSE
667,2,5,87,22807,30007,0,CAPACITY_EXCEEDED,INVALID
668,2,5,88,21245,28245,1,FEASIBLE,WORSE
669,2,5,89,21801,28801,1,FEASIBLE,WORSE
670,2,5,90,22620,29820,0,CAPACITY_EXCEEDED,INVALID
671,2,5,91,21491,28491,1,FEASIBLE,WORSE
672,2,5,92,21386,28386,1,FEASIBLE,WORSE
673,2,5,93,21606,28606,1,FEASIBLE,WORSE
674,2,5,94,21375,28375,1,FEASIBLE,WORSE
675,2,5,95,21495,28495,1,FEASIBLE,WORSE
676,2,5,96,21731,28731,1,FEASIBLE,WORSE
677,2,5,97,22450,29650,0,CAPACITY_EXCEEDED,INVALID
678,2,5,98,21716,28716,1,FEASIBLE,WORSE
679,2,5,99,22605,29805,0,CAPACITY_EXCEEDED,INVALID
680,2,6,7,23141,30341,0,CAPACITY_EXCEEDED,INVALID
681,2,6,8,22667,29867,0,CAPACITY_EXCEEDED,INVALID
682,2,6,9,22605,29805,0,CAPACITY_EXCEEDED,INVALID
683,2,6,10,23181,30381,0,CAPACITY_EXCEEDED,INVALID
684,2,6,11,22842,30042,0,CAPACITY_EXCEEDED,INVALID
685,2,6,12,23926,31326,0,CAPACITY_EXCEEDED,INVALID
686,2,6,13,22769,29969,0,CAPACITY_EXCEEDED,INVALID
687,2,6,14,23948,31348,0,CAPACITY_EXCEEDED,INVALID
688,2,6,15,23064,30264,0,CAPACITY_EXCEEDED,INVALID
689,2,6,16,22983,30183,0,CAPACITY_EXCEEDED,INVALID
690,2,6,17,23111,30311,0,CAPACITY_EXCEEDED,INVALID
691,2,6,18,22715,29915,0,CAPACITY_EXCEEDED,INVALID
692,2,6,19,22298,29498,1,FEASIBLE,WORSE
693,2,6,20,22631,29831,0,CAPACITY_EXCEEDED,INVALID
694,2,6,21,23997,31397,0,CAPACITY_EXCEEDED,INVALID
695,2,6,22,22838,30038,0,CAPACITY_EXCEEDED,INVALID
696,2,6,23,23969,31369,0,CAPACITY_EXCEEDED,INVALID
697,2,6,24,23120,30320,0,CAPACITY_EXCEEDED,INVALID
698,2,6,25,22930,30130,0,CAPACITY_EXCEEDED,INVALID
699,2,6,26,23897,31297,0,CAPACITY_EXCEEDED,INVALID
700,2,6,27,23948,31348,0,CAPACITY_EXCEEDED,INVALID
701,2,6,28,22800,30000,0,CAPACITY_EXCEEDED,INVALID
702,2,6,29,23134,30334,0,CAPACITY_EXCEEDED,INVALID
703,2,6,30,22955,30155,0,CAPACITY_EXCEEDED,INVALID
704,2,6,31,23012,30212,0,CAPACITY_EXCEEDED,INVALID
705,2,6,32,22940,30140,0,CAPACITY_EXCEEDED,INVALID
706,2,6,33,24032,31432,0,CAPACITY_EXCEEDED,INVALID
707,2,6,34,23022,30222,0,CAPACITY_EXCEEDED,INVALID
708,2,6,35,24109,31509,0,CAPACITY_EXCEEDED,INVALID
709,2,6,36,24102,31502,0,CAPACITY_EXCEEDED,INVALID
710,2,6,37,23167,30367,0,CAPACITY_EXCEEDED,INVALID
711,2,6,38,22843,30043,0,CAPACITY_EXCEEDED,INVALID
712,2,6,39,22730,29930,0,CAPACITY_EXCEEDED,INVALID
713,2,6,40,23198,30398,0,CAPACITY_EXCEEDED,INVALID
714,2,6,41,22797,29997,0,CAPACITY_EXCEEDED,INVALID
715,2,6,42,24129,31529,0,CAPACITY_EXCEEDED,INVALID
716,2,6,43,23109,30309,0,CAPACITY_EXCEEDED,INVALID
717,2,6,44,22625,29825,0,CAPACITY_EXCEEDED,INVALID
718,2,6,45,23100,30300,0,CAPACITY_EXCEEDED,INVALID
719,2,6,46,22643,29843,0,CAPACITY_EXCEEDED,INVALID
720,2,6,47,24118,31518,0,CAPACITY_EXCEEDED,INVALID
721,2,6,48,23018,30218,0,CAPACITY_EXCEEDED,INVALID
722,2,6,49,23213,30413,0,CAPACITY_EXCEEDED,INVALID
723,2,6,50,23138,30338,0,CAPACITY_EXCEEDED,INVALID
724,2,6,51,22682,29882,0,CAPACITY_EXCEEDED,INVALID
725,2,6,52,23204,30404,0,CAPACITY_EXCEEDED,INVALID
726,2,6,53,23137,30337,0,CAPACITY_EXCEEDED,INVALID
727,2,6,54,22725,29925,0,CAPACITY_EXCEEDED,INVALID
728,2,6,55,24143,31543,0,CAPACITY_EXCEEDED,INVALID
729,2,6,56,22801,30001,0,CAPACITY_EXCEEDED,INVALID
730,2,6,57,22823,30023,0,CAPACITY_EXCEEDED,INVALID
731,2,6,58,23861,31261,0,CAPACITY_EXCEEDED,INVALID
732,2,6,59,23128,30328,0,CAPACITY_EXCEEDED,INVALID
733,2,6,60,22642,29842,0,CAPACITY_EXCEEDED,INVALID
734,2,6,61,23049,30249,0,CAPACITY_EXCEEDED,INVALID
735,2,6,62,22613,29813,0,CAPACITY_EXCEEDED,INVALID
736,2,6,63,24181,31581,0,CAPACITY_EXCEEDED,INVALID
737,2,6,64,23167,30367,0,CAPACITY_EXCEEDED,INVALID
738,2,6,65,22666,29866,0,CAPACITY_EXCEEDED,INVALID
739,2,6,66,22615,29815,0,CAPACITY_EXCEEDED,INVALID
740,2,6,67,23072,30272,0,CAPACITY_EXCEEDED,INVALID
741,2,6,68,22953,30153,0,CAPACITY_EXCEEDED,INVALID
742,2,6,69,24217,31617,0,CAPACITY_EXCEEDED,INVALID
743,2,6,70,24220,31620,0,CAPACITY_EXCEEDED,INVALID
744,2,6,71,23100,30300,0,CAPACITY_EXCEEDED,INVALID
745,2,6,72,23928,31328,0,CAPACITY_EXCEEDED,INVALID
746,2,6,73,24173,31573,0,CAPACITY_EXCEEDED,INVALID
747,2,6,74,22985,30185,0,CAPACITY_EXCEEDED,INVALID
748,2,6,75,22610,29810,0,CAPACITY_EXCEEDED,INVALID
749,2,6,76,23178,30378,0,CAPACITY_EXCEEDED,INVALID
750,2,6,77,22856,30056,0,CAPACITY_EXCEEDED,INVALID
751,2,6,78,23897,31297,0,CAPACITY_EXCEEDED,INVALID
752,2,6,79,22631,29831,0,CAPACITY_EXCEEDED,INVALID
753,2,6,80,23997,31397,0,CAPACITY_EXCEEDED,INVALID
754,2,6,81,23135,30335,0,CAPACITY_EXCEEDED,INVALID
755,2,6,82,22874,30074,0,CAPACITY_EXCEEDED,INVALID
756,2,6,83,24087,31487,0,CAPACITY_EXCEEDED,INVALID
757,2,6,84,23807,31207,0,CAPACITY_EXCEEDED,INVALID
758,2,6,85,22770,29970,0,CAPACITY_EXCEEDED,INVALID
759,2,6,86,22819,30019,0,CAPACITY_EXCEEDED,INVALID
760,2,6,87,24209,31609,0,CAPACITY_EXCEEDED,INVALID
761,2,6,88,22647,29847,0,CAPACITY_EXCEEDED,INVALID
762,2,6,89,23203,30403,0,CAPACITY_EXCEEDED,INVALID
763,2,6,90,24022,31422,0,CAPACITY_EXCEEDED,INVALID
764,2,6,91,22893,30093,0,CAPACITY_EXCEEDED,INVALID
765,2,6,92,22788,29988,0,CAPACITY_EXCEEDED,INVALID
766,2,6,93,23008,30208,0,CAPACITY_EXCEEDED,INVALID
767,2,6,94,22777,29977,0,CAPACITY_EXCEEDED,INVALID
768,2,6,95,22897,30097,0,CAPACITY_EXCEEDED,INVALID
769,2,6,96,23133,30333,0,CAPACITY_EXCEEDED,INVALID
770,2,6,97,23852,31252,0,CAPACITY_EXCEEDED,INVALID
771,2,6,98,23118,30318,0,CAPACITY_EXCEEDED,INVALID
772,2,6,99,24007,31407,0,CAPACITY_EXCEEDED,INVALID
773,2,7,8,21687,28687,1,FEASIBLE,WORSE
774,2,7,9,21625,28625,1,FEASIBLE,WORSE
775,2,7,10,22201,29201,1,FEASIBLE,WORSE
776,2,7,11,21862,28862,1,FEASIBLE,WORSE
777,2,7,12,22946,30146,0,CAPACITY_EXCEEDED,INVALID
778,2,7,13,21789,28789,1,FEASIBLE,WORSE
779,2,7,14,22968,30168,0,CAPACITY_EXCEEDED,INVALID
780,2,7,15,22084,29084,1,FEASIBLE,WORSE
781,2,7,16,22003,29003,1,FEASIBLE,WORSE
782,2,7,17,22131,29131,1,FEASIBLE,WORSE
783,2,7,18,21735,28735,1,FEASIBLE,WORSE
784,2,7,19,21318,28318,1,FEASIBLE,WORSE
785,2,7,20,21651,28651,1,FEASIBLE,WORSE
786,2,7,21,23017,30217,0,CAPACITY_EXCEEDED,INVALID
787,2,7,22,21858,28858,1,FEASIBLE,WORSE
788,2,7,23,22989,30189,0,CAPACITY_EXCEEDED,INVALID
789,2,7,24,22140,29140,1,FEASIBLE,WORSE
790,2,7,25,21950,28950,1,FEASIBLE,WORSE
791,2,7,26,22917,30117,0,CAPACITY_EXCEEDED,INVALID
792,2,7,27,22968,30168,0,CAPACITY_EXCEEDED,INVALID
793,2,7,28,21820,28820,1,FEASIBLE,WORSE
794,2,7,29,22154,29154,1,FEASIBLE,WORSE
795,2,7,30,21975,28975,1,FEASIBLE,WORSE
796,2,7,31,22032,29032,1,FEASIBLE,WORSE
797,2,7,32,21960,28960,1,FEASIBLE,WORSE
798,2,7,33,23052,30252,0,CAPACITY_EXCEEDED,INVALID
799,2,7,34,22042,29042,1,FEASIBLE,WORSE
800,2,7,35,23129,30329,0,CAPACITY_EXCEEDED,INVALID
801,2,7,36,23122,30322,0,CAPACITY_EXCEEDED,INVALID
802,2,7,37,22187,29187,1,FEASIBLE,WORSE
803,2,7,38,21863,28863,1,FEASIBLE,WORSE
804,2,7,39,21750,28750,1,FEASIBLE,WORSE
805,2,7,40,22218,29218,1,FEASIBLE,WORSE
806,2,7,41,21817,28817,1,FEASIBLE,WORSE
807,2,7,42,23149,30349,0,CAPACITY_EXCEEDED,INVALID
808,2,7,43,22129,29129,1,FEASIBLE,WORSE
809,2,7,44,21645,28645,1,FEASIBLE,WORSE
810,2,7,45,22120,29120,1,FEASIBLE,WORSE
811,2,7,46,21663,28663,1,FEASIBLE,WORSE
812,2,7,47,23138,30338,0,CAPACITY_EXCEEDED,INVALID
813,2,7,48,22038,29038,1,FEASIBLE,WORSE
814,2,7,49,22233,29233,1,FEASIBLE,WORSE
815,2,7,50,22158,29158,1,FEASIBLE,WORSE
816,2,7,51,21702,28702,1,FEASIBLE,WORSE
817,2,7,52,22224,29224,1,FEASIBLE,WORSE
818,2,7,53,22157,29157,1,FEASIBLE,WORSE
819,2,7,54,21745,28745,1,FEASIBLE,WORSE
820,2,7,55,23163,30363,0,CAPACITY_EXCEEDED,INVALID
821,2,7,56,21821,28821,1,FEASIBLE,WORSE
822,2,7,57,21843,28843,1,FEASIBLE,WORSE
823,2,7,58,22881,30081,0,CAPACITY_EXCEEDED,INVALID
824,2,7,59,22148,29148,1,FEASIBLE,WORSE
825,2,7,60,21662,28662,1,FEASIBLE,WORSE
826,2,7,61,22069,29069,1,FEASIBLE,WORSE
827,2,7,62,21633,28633,1,FEASIBLE,WORSE
828,2,7,63,23201,30401,0,CAPACITY_EXCEEDED,INVALID
829,2,7,64,22187,29187,1,FEASIBLE,WORSE
830,2,7,65,21686,28686,1,FEASIBLE,WORSE
831,2,7,66,21635,28635,1,FEASIBLE,WORSE
832,2,7,67,22092,29092,1,FEASIBLE,WORSE
833,2,7,68,21973,28973,1,FEASIBLE,WORSE
834,2,7,69,23237,30437,0,CAPACITY_EXCEEDED,INVALID
835,2,7,70,23240,30440,0,CAPACITY_EXCEEDED,INVALID
836,2,7,71,22120,29120,1,FEASIBLE,WORSE
837,2,7,72,22948,30148,0,CAPACITY_EXCEEDED,INVALID
838,2,7,73,23193,30393,0,CAPACITY_EXCEEDED,INVALID
839,2,7,74,22005,29005,1,FEASIBLE,WORSE
840,2,7,75,21630,28630,1,FEASIBLE,WORSE
841,2,7,76,22198,29198,1,FEASIBLE,WORSE
842,2,7,77,21876,28876,1,FEASIBLE,WORSE
843,2,7,78,22917,30117,0,CAPACITY_EXCEEDED,INVALID
844,2,7,79,21651,28651,1,FEASIBLE,WORSE
845,2,7,80,23017,30217,0,CAPACITY_EXCEEDED,INVALID
846,2,7,81,22155,29155,1,FEASIBLE,WORSE
847,2,7,82,21894,28894,1,FEASIBLE,WORSE
848,2,7,83,23107,30307,0,CAPACITY_EXCEEDED,INVALID
849,2,7,84,22827,30027,0,CAPACITY_EXCEEDED,INVALID
850,2,7,85,21790,28790,1,FEASIBLE,WORSE
851,2,7,86,21839,28839,1,FEASIBLE,WORSE
852,2,7,87,23229,30429,0,CAPACITY_EXCEEDED,INVALID
853,2,7,88,21667,28667,1,FEASIBLE,WORSE
854,2,7,89,22223,29223,1,FEASIBLE,WORSE
855,2,7,90,23042,30242,0,CAPACITY_EXCEEDED,INVALID
856,2,7,91,21913,28913,1,FEASIBLE,WORSE
857,2,7,92,21808,28808,1,FEASIBLE,WORSE
858,2,7,93,22028,29028,1,FEASIBLE,WORSE
859,2,7,94,21797,28797,1,FEASIBLE,WORSE
860,2,7,95,21917,28917,1,FEASIBLE,WORSE
861,2,7,96,22153,29153,1,FEASIBLE,WORSE
862,2,7,97,22872,30072,0,CAPACITY_EXCEEDED,INVALID
863,2,7,98,22138,29138,1,FEASIBLE,WORSE
864,2,7,99,23027,30227,0,CAPACITY_EXCEEDED,INVALID
865,2,8,9,21151,28151,1,FEASIBLE,WORSE
866,2,8,10,21727,28727,1,FEASIBLE,WORSE
867,2,8,11,21388,28388,1,FEASIBLE,WORSE
868,2,8,12,22472,29672,0,CAPACITY_EXCEEDED,INVALID
869,2,8,13,21315,28315,1,FEASIBLE,WORSE
870,2,8,14,22494,29694,0,CAPACITY_EXCEEDED,INVALID
871,2,8,15,21610,28610,1,FEASIBLE,WORSE
872,2,8,16,21529,28529,1,FEASIBLE,WORSE
873,2,8,17,21657,28657,1,FEASIBLE,WORSE
874,2,8,18,21261,28261,1,FEASIBLE,WORSE
875,2,8,19,20844,27844,1,FEASIBLE,WORSE
876,2,8,20,21177,28177,1,FEASIBLE,WORSE
877,2,8,21,22543,29743,0,CAPACITY_EXCEEDED,INVALID
878,2,8,22,21384,28384,1,FEASIBLE,WORSE
879,2,8,23,22515,29715,0,CAPACITY_EXCEEDED,INVALID
880,2,8,24,21666,28666,1,FEASIBLE,WORSE
881,2,8,25,21476,28476,1,FEASIBLE,WORSE
882,2,8,26,22443,29643,0,CAPACITY_EXCEEDED,INVALID
883,2,8,27,22494,29694,0,CAPACITY_EXCEEDED,INVALID
884,2,8,28,21346,28346,1,FEASIBLE,WORSE
885,2,8,29,21680,28680,1,FEASIBLE,WORSE
886,2,8,30,21501,28501,1,FEASIBLE,WORSE
887,2,8,31,21558,28558,1,FEASIBLE,WORSE
888,2,8,32,21486,28486,1,FEASIBLE,WORSE
889,2,8,33,22578,29778,0,CAPACITY_EXCEEDED,INVALID
890,2,8,34,21568,28568,1,FEASIBLE,WORSE
891,2,8,35,22655,29855,0,CAPACITY_EXCEEDED,INVALID
892,2,8,36,22648,29848,0,CAPACITY_EXCEEDED,INVALID
893,2,8,37,21713,28713,1,FEASIBLE,WORSE
894,2,8,38,21389,28389,1,FEASIBLE,WORSE
895,2,8,39,21276,28276,1,FEASIBLE,WORSE
896,2,8,40,21744,28744,1,FEASIBLE,WORSE
897,2,8,41,21343,28343,1,FEASIBLE,WORSE
898,2,8,42,22675,29875,0,CAPACITY_EXCEEDED,INVALID
899,2,8,43,21655,28655,1,FEASIBLE,WORSE
900,2,8,44,21171,28171,1,FEASIBLE,WORSE
901,2,8,45,21646,28646,1,FEASIBLE,WORSE
902,2,8,46,21189,28189,1,FEASIBLE,WORSE
903,2,8,47,22664,29864,0,CAPACITY_EXCEEDED,INVALID
904,2,8,48,21564,28564,1,FEASIBLE,WORSE
905,2,8,49,21759,28759,1,FEASIBLE,WORSE
906,2,8,50,21684,28684,1,FEASIBLE,WORSE
907,2,8,51,21228,28228,1,FEASIBLE,WORSE
908,2,8,52,21750,28750,1,FEASIBLE,WORSE
909,2,8,53,21683,28683,1,FEASIBLE,WORSE
910,2,8,54,21271,28271,1,FEASIBLE,WORSE
911,2,8,55,22689,29889,0,CAPACITY_EXCEEDED,INVALID
912,2,8,56,21347,28347,1,FEASIBLE,WORSE
913,2,8,57,21369,28369,1,FEASIBLE,WORSE
914,2,8,58,22407,29607,0,CAPACITY_EXCEEDED,INVALID
915,2,8,59,21674,28674,1,FEASIBLE,WORSE
916,2,8,60,21188,28188,1,FEASIBLE,WORSE
917,2,8,61,21595,28595,1,FEASIBLE,WORSE
918,2,8,62,21159,28159,1,FEASIBLE,WORSE
919,2,8,63,22727,29927,0,CAPACITY_EXCEEDED,INVALID
920,2,8,64,21713,28713,1,FEASIBLE,WORSE
921,2,8,65,21212,28212,1,FEASIBLE,WORSE
922,2,8,66,21161,28161,1,FEASIBLE,WORSE
923,2,8,67,21618,28618,1,FEASIBLE,WORSE
924,2,8,68,21499,28499,1,FEASIBLE,WORSE
925,2,8,69,22763,29963,0,CAPACITY_EXCEEDED,INVALID
926,2,8,70,22766,29966,0,CAPACITY_EXCEEDED,INVALID
927,2,8,71,21646,28646,1,FEASIBLE,WORSE
928,2,8,72,22474,29674,0,CAPACITY_EXCEEDED,INVALID
929,2,8,73,22719,29919,0,CAPACITY_EXCEEDED,INVALID
930,2,8,74,21531,28531,1,FEASIBLE,WORSE
931,2,8,75,21156,28156,1,FEASIBLE,WORSE
932,2,8,76,21724,28724,1,FEASIBLE,WORSE
933,2,8,77,21402,28402,1,FEASIBLE,WORSE
934,2,8,78,22443,29643,0,CAPACITY_EXCEEDED,INVALID
935,2,8,79,21177,28177,1,FEASIBLE,WORSE
936,2,8,80,22543,29743,0,CAPACITY_EXCEEDED,INVALID
937,2,8,81,21681,28681,1,FEASIBLE,WORSE
938,2,8,82,21420,28420,1,FEASIBLE,WORSE
939,2,8,83,22633,29833,0,CAPACITY_EXCEEDED,INVALID
940,2,8,84,22353,29553,0,CAPACITY_EXCEEDED,INVALID
941,2,8,85,21316,28316,1,FEASIBLE,WORSE
942,2,8,86,21365,28365,1,FEASIBLE,WORSE
943,2,8,87,22755,29955,0,CAPACITY_EXCEEDED,INVALID
944,2,8,88,21193,28193,1,FEASIBLE,WORSE
945,2,8,89,21749,28749,1,FEASIBLE,WORSE
946,2,8,90,22568,29768,0,CAPACITY_EXCEEDED,INVALID
947,2,8,91,21439,28439,1,FEASIBLE,WORSE
948,2,8,92,21334,28334,1,FEASIBLE,WORSE
949,2,8,93,21554,28554,1,FEASIBLE,WORSE
950,2,8,94,21323,28323,1,FEASIBLE,WORSE
951,2,8,95,21443,28443,1,FEASIBLE,WORSE
952,2,8,96,21679,28679,1,FEASIBLE,WORSE
953,2,8,97,22398,29598,0,CAPACITY_EXCEEDED,INVALID
954,2,8,98,21664,28664,1,FEASIBLE,WORSE
955,2,8,99,22553,29753,0,CAPACITY_EXCEEDED,INVALID
956,2,9,10,21665,28665,1,FEASIBLE,WORSE
957,2,9,11,21326,28326,1,FEASIBLE,WORSE
958,2,9,12,22410,29610,0,CAPACITY_EXCEEDED,INVALID
959,2,9,13,21253,28253,1,FEASIBLE,WORSE
960,2,9,14,22432,29632,0,CAPACITY_EXCEEDED,INVALID
961,2,9,15,21548,28548,1,FEASIBLE,WORSE
962,2,9,16,21467,28467,1,FEASIBLE,WORSE
963,2,9,17,21595,28595,1,FEASIBLE,WORSE
964,2,9,18,21199,28199,1,FEASIBLE,WORSE
965,2,9,19,20782,27782,1,FEASIBLE,WORSE
966,2,9,20,21115,28115,1,FEASIBLE,WORSE
967,2,9,21,22481,29681,0,CAPACITY_EXCEEDED,INVALID
968,2,9,22,21322,28322,1,FEASIBLE,WORSE
969,2,9,23,22453,29653,0,CAPACITY_EXCEEDED,INVALID
970,2,9,24,21604,28604,1,FEASIBLE,WORSE
971,2,9,25,21414,28414,1,FEASIBLE,WORSE
972,2,9,26,22381,29581,0,CAPACITY_EXCEEDED,INVALID
973,2,9,27,22432,29632,0,CAPACITY_EXCEEDED,INVALID
974,2,9,28,21284,28284,1,FEASIBLE,WORSE
975,2,9,29,21618,28618,1,FEASIBLE,WORSE
976,2,9,30,21439,28439,1,FEASIBLE,WORSE
977,2,9,31,21496,28496,1,FEASIBLE,WORSE
978,2,9,32,21424,28424,1,FEASIBLE,WORSE
979,2,9,33,22516,29716,0,CAPACITY_EXCEEDED,INVALID
980,2,9,34,21506,28506,1,FEASIBLE,WORSE
981,2,9,35,22593,29793,0,CAPACITY_EXCEEDED,INVALID
982,2,9,36,22586,29786,0,CAPACITY_EXCEEDED,INVALID
983,2,9,37,21651,28651,1,FEASIBLE,WORSE
984,2,9,38,21327,28327,1,FEASIBLE,WORSE
985,2,9,39,21214,28214,1,FEASIBLE,WORSE
986,2,9,40,21682,28682,1,FEASIBLE,WORSE
987,2,9,41,21281,28281,1,FEASIBLE,WORSE
988,2,9,42,22613,29813,0,CAPACITY_EXCEEDED,INVALID
989,2,9,43,21593,28593,1,FEASIBLE,WORSE
990,2,9,44,21109,28109,1,FEASIBLE,WORSE
991,2,9,45,21584,28584,1,FEASIBLE,WORSE
992,2,9,46,21127,28127,1,FEASIBLE,WORSE
993,2,9,47,22602,29802,0,CAPACITY_EXCEEDED,INVALID
994,2,9,48,21502,28502,1,FEASIBLE,WORSE
995,2,9,49,21697,28697,1,FEASIBLE,WORSE
996,2,9,50,21622,28622,1,FEASIBLE,WORSE
997,2,9,51,21166,28166,1,FEASIBLE,WORSE
998,2,9,52,21688,28688,1,FEASIBLE,WORSE
999,2,9,53,21621,28621,1,FEASIBLE,WORSE
1000,2,9,54,21209,28209,1,FEASIBLE,WORSE
1001,2,9,55,22627,29827,0,CAPACITY_EXCEEDED,INVALID
1002,2,9,56,21285,28285,1,FEASIBLE,WORSE
1003,2,9,57,21307,28307,1,FEASIBLE,WORSE
1004,2,9,58,22345,29545,0,CAPACITY_EXCEEDED,INVALID
1005,2,9,59,21612,28612,1,FEASIBLE,WORSE
1006,2,9,60,21126,28126,1,FEASIBLE,WORSE
1007,2,9,61,21533,28533,1,FEASIBLE,WORSE
1008,2,9,62,21097,28097,1,FEASIBLE,WORSE
1009,2,9,63,22665,29865,0,CAPACITY_EXCEEDED,INVALID
1010,2,9,64,21651,28651,1,FEASIBLE,WORSE
1011,2,9,65,21150,28150,1,FEASIBLE,WORSE
1012,2,9,66,21099,28099,1,FEASIBLE,WORSE
1013,2,9,67,21556,28556,1,FEASIBLE,WORSE
1014,2,9,68,21437,28437,1,FEASIBLE,WORSE
1015,2,9,69,22701,29901,0,CAPACITY_EXCEEDED,INVALID
1016,2,9,70,22704,29904,0,CAPACITY_EXCEEDED,INVALID
1017,2,9,71,21584,28584,1,FEASIBLE,WORSE
1018,2,9,72,22412,29612,0,CAPACITY_EXCEEDED,INVALID
1019,2,9,73,22657,29857,0,CAPACITY_EXCEEDED,INVALID
1020,2,9,74,21469,28469,1,FEASIBLE,WORSE
1021,2,9,75,21094,28094,1,FEASIBLE,WORSE
1022,2,9,76,21662,28662,1,FEASIBLE,WORSE
1023,2,9,77,21340,28340,1,FEASIBLE,WORSE
1024,2,9,78,22381,29581,0,CAPACITY_EXCEEDED,INVALID
1025,2,9,79,21115,28115,1,FEASIBLE,WORSE
1026,2,9,80,22481,29681,0,CAPACITY_EXCEEDED,INVALID
1027,2,9,81,21619,28619,1,FEASIBLE,WORSE
1028,2,9,82,21358,28358,1,FEASIBLE,WORSE
1029,2,9,83,22571,29771,0,CAPACITY_EXCEEDED,INVALID
1030,2,9,84,22291,29491,1,FEASIBLE,WORSE
1031,2,9,85,21254,28254,1,FEASIBLE,WORSE
1032,2,9,86,21303,28303,1,FEASIBLE,WORSE
1033,2,9,87,22693,29893,0,CAPACITY_EXCEEDED,INVALID
1034,2,9,88,21131,28131,1,FEASIBLE,WORSE
1035,2,9,89,21687,28687,1,FEASIBLE,WORSE
1036,2,9,90,22506,29706,0,CAPACITY_EXCEEDED,INVALID
1037,2,9,91,21377,28377,1,FEASIBLE,WORSE
1038,2,9,92,21272,28272,1,FEASIBLE,WORSE
1039,2,9,93,21492,28492,1,FEASIBLE,WORSE
1040,2,9,94,21261,28261,1,FEASIBLE,WORSE
1041,2,9,95,21381,28381,1,FEASIBLE,WORSE
1042,2,9,96,21617,28617,1,FEASIBLE,WORSE
1043,2,9,97,22336,29536,0,CAPACITY_EXCEEDED,INVALID
1044,2,9,98,21602,28602,1,FEASIBLE,WORSE
1045,2,9,99,22491,29691,0,CAPACITY_EXCEEDED,INVALID
1046,2,10,11,21902,28902,1,FEASIBLE,WORSE
1047,2,10,12,22986,30186,0,CAPACITY_EXCEEDED,INVALID
1048,2,10,13,21829,28829,1,FEASIBLE,WORSE
1049,2,10,14,23008,30208,0,CAPACITY_EXCEEDED,INVALID
1050,2,10,15,22124,29124,1,FEASIBLE,WORSE
1051,2,10,16,22043,29043,1,FEASIBLE,WORSE
1052,2,10,17,22171,29171,1,FEASIBLE,WORSE
1053,2,10,18,21775,28775,1,FEASIBLE,WORSE
1054,2,10,19,21358,28358,1,FEASIBLE,WORSE
1055,2,10,20,21691,28691,1,FEASIBLE,WORSE
1056,2,10,21,23057,30257,0,CAPACITY_EXCEEDED,INVALID
1057,2,10,22,21898,28898,1,FEASIBLE,WORSE
1058,2,10,23,23029,30229,0,CAPACITY_EXCEEDED,INVALID
1059,2,10,24,22180,29180,1,FEASIBLE,WORSE
1060,2,10,25,21990,28990,1,FEASIBLE,WORSE
1061,2,10,26,22957,30157,0,CAPACITY_EXCEEDED,INVALID
1062,2,10,27,23008,30208,0,CAPACITY_EXCEEDED,INVALID
1063,2,10,28,21860,28860,1,FEASIBLE,WORSE
1064,2,10,29,22194,29194,1,FEASIBLE,WORSE
1065,2,10,30,22015,29015,1,FEASIBLE,WORSE
1066,2,10,31,22072,29072,1,FEASIBLE,WORSE
1067,2,10,32,22000,29000,1,FEASIBLE,WORSE
1068,2,10,33,23092,30292,0,CAPACITY_EXCEEDED,INVALID
1069,2,10,34,22082,29082,1,FEASIBLE,WORSE
1070,2,10,35,23169,30369,0,CAPACITY_EXCEEDED,INVALID
1071,2,10,36,23162,30362,0,CAPACITY_EXCEEDED,INVALID
1072,2,10,37,22227,29227,1,FEASIBLE,WORSE
1073,2,10,38,21903,28903,1,FEASIBLE,WORSE
1074,2,10,39,21790,28790,1,FEASIBLE,WORSE
1075,2,10,40,22258,29258,1,FEASIBLE,WORSE
1076,2,10,41,21857,28857,1,FEASIBLE,WORSE
1077,2,10,42,23189,30389,0,CAPACITY_EXCEEDED,INVALID
1078,2,10,43,22169,29169,1,FEASIBLE,WORSE
1079,2,10,44,21685,28685,1,FEASIBLE,WORSE
1080,2,10,45,22160,29160,1,FEASIBLE,WORSE
1081,2,10,46,21703,28703,1,FEASIBLE,WORSE
1082,2,10,47,23178,30378,0,CAPACITY_EXCEEDED,INVALID
1083,2,10,48,22078,29078,1,FEASIBLE,WORSE
1084,2,10,49,22273,29273,1,FEASIBLE,WORSE
1085,2,10,50,22198,29198,1,FEASIBLE,WORSE
1086,2,10,51,21742,28742,1,FEASIBLE,WORSE
1087,2,10,52,22264,29264,1,FEASIBLE,WORSE
1088,2,10,53,22197,29197,1,FEASIBLE,WORSE
1089,2,10,54,21785,28785,1,FEASIBLE,WORSE
1090,2,10,55,23203,30403,0,CAPACITY_EXCEEDED,INVALID
1091,2,10,56,21861,28861,1,FEASIBLE,WORSE
1092,2,10,57,21883,28883,1,FEASIBLE,WORSE
1093,2,10,58,22921,30121,0,CAPACITY_EXCEEDED,INVALID
1094,2,10,59,22188,29188,1,FEASIBLE,WORSE
1095,2,10,60,21702,28702,1,FEASIBLE,WORSE
1096,2,10,61,22109,29109,1,FEASIBLE,WORSE
1097,2,10,62,21673,28673,1,FEASIBLE,WORSE
1098,2,10,63,23241,30441,0,CAPACITY_EXCEEDED,INVALID
1099,2,10,64,22227,29227,1,FEASIBLE,WORSE
1100,2,10,65,21726,28726,1,FEASIBLE,WORSE
1101,2,10,66,21675,28675,1,FEASIBLE,WORSE
1102,2,10,67,22132,29132,1,FEASIBLE,WORSE
1103,2,10,68,22013,29013,1,FEASIBLE,WORSE
1104,2,10,69,23277,30477,0,CAPACITY_EXCEEDED,INVALID
1105,2,10,70,23280,30480,0,CAPACITY_EXCEEDED,INVALID
1106,2,10,71,22160,29160,1,FEASIBLE,WORSE
1107,2,10,72,22988,30188,0,CAPACITY_EXCEEDED,INVALID
1108,2,10,73,23233,30433,0,CAPACITY_EXCEEDED,INVALID
1109,2,10,74,22045,29045,1,FEASIBLE,WORSE
1110,2,10,75,21670,28670,1,FEASIBLE,WORSE
1111,2,10,76,22238,29238,1,FEASIBLE,WORSE
1112,2,10,77,21916,28916,1,FEASIBLE,WORSE
1113,2,10,78,22957,30157,0,CAPACITY_EXCEEDED,INVALID
1114,2,10,79,21691,28691,1,FEASIBLE,WORSE
1115,2,10,80,23057,30257,0,CAPACITY_EXCEEDED,INVALID
1116,2,10,81,22195,29195,1,FEASIBLE,WORSE
1117,2,10,82,21934,28934,1,FEASIBLE,WORSE
1118,2,10,83,23147,30347,0,CAPACITY_EXCEEDED,INVALID
1119,2,10,84,22867,30067,0,CAPACITY_EXCEEDED,INVALID
1120,2,10,85,21830,28830,1,FEASIBLE,WORSE
1121,2,10,86,21879,28879,1,FEASIBLE,WORSE
1122,2,10,87,23269,30469,0,CAPACITY_EXCEEDED,INVALID
1123,2,10,88,21707,28707,1,FEASIBLE,WORSE
1124,2,10,89,22263,29263,1,FEASIBLE,WORSE
1125,2,10,90,23082,30282,0,CAPACITY_EXCEEDED,INVALID
1126,2,10,91,21953,28953,1,FEASIBLE,WORSE
1127,2,10,92,21848,28848,1,FEASIBLE,WORSE
1128,2,10,93,22068,29068,1,FEASIBLE,WORSE
1129,2,10,94,21837,28837,1,FEASIBLE,WORSE
1130,2,10,95,21957,28957,1,FEASIBLE,WORSE
1131,2,10,96,22193,29193,1,FEASIBLE,WORSE
1132,2,10,97,22912,30112,0,CAPACITY_EXCEEDED,INVALID
1133,2,10,98,22178,29178,1,FEASIBLE,WORSE
1134,2,10,99,23067,30267,0,CAPACITY_EXCEEDED,INVALID
1135,2,11,12,22647,29847,0,CAPACITY_EXCEEDED,INVALID
1136,2,11,13,21490,28490,1,FEASIBLE,WORSE
1137,2,11,14,22669,29869,0,CAPACITY_EXCEEDED,INVALID
1138,2,11,15,21785,28785,1,FEASIBLE,WORSE
1139,2,11,16,21704,28704,1,FEASIBLE,WORSE
1140,2,11,17,21832,28832,1,FEASIBLE,WORSE
1141,2,11,18,21436,28436,1,FEASIBLE,WORSE
1142,2,11,19,21019,28019,1,FEASIBLE,WORSE
1143,2,11,20,21352,28352,1,FEASIBLE,WORSE
1144,2,11,21,22718,29918,0,CAPACITY_EXCEEDED,INVALID
1145,2,11,22,21559,28559,1,FEASIBLE,WORSE
1146,2,11,23,22690,29890,0,CAPACITY_EXCEEDED,INVALID
1147,2,11,24,21841,28841,1,FEASIBLE,WORSE
1148,2,11,25,21651,28651,1,FEASIBLE,WORSE
1149,2,11,26,22618,29818,0,CAPACITY_EXCEEDED,INVALID
1150,2,11,27,22669,29869,0,CAPACITY_EXCEEDED,INVALID
1151,2,11,28,21521,28521,1,FEASIBLE,WORSE
1152,2,11,29,21855,28855,1,FEASIBLE,WORSE
1153,2,11,30,21676,28676,1,FEASIBLE,WORSE
1154,2,11,31,21733,28733,1,FEASIBLE,WORSE
1155,2,11,32,21661,28661,1,FEASIBLE,WORSE
1156,2,11,33,22753,29953,0,CAPACITY_EXCEEDED,INVALID
1157,2,11,34,21743,28743,1,FEASIBLE,WORSE
1158,2,11,35,22830,30030,0,CAPACITY_EXCEEDED,INVALID
1159,2,11,36,22823,30023,0,CAPACITY_EXCEEDED,INVALID
1160,2,11,37,21888,28888,1,FEASIBLE,WORSE
1161,2,11,38,21564,28564,1,FEASIBLE,WORSE
1162,2,11,39,21451,28451,1,FEASIBLE,WORSE
1163,2,11,40,21919,28919,1,FEASIBLE,WORSE
1164,2,11,41,21518,28518,1,FEASIBLE,WORSE
1165,2,11,42,22850,30050,0,CAPACITY_EXCEEDED,INVALID
1166,2,11,43,21830,28830,1,FEASIBLE,WORSE
1167,2,11,44,21346,28346,1,FEASIBLE,WORSE
1168,2,11,45,21821,28821,1,FEASIBLE,WORSE
1169,2,11,46,21364,28364,1,FEASIBLE,WORSE
1170,2,11,47,22839,30039,0,CAPACITY_EXCEEDED,INVALID
1171,2,11,48,21739,28739,1,FEASIBLE,WORSE
1172,2,11,49,21934,28934,1,FEASIBLE,WORSE
1173,2,11,50,21859,28859,1,FEASIBLE,WORSE
1174,2,11,51,21403,28403,1,FEASIBLE,WORSE
1175,2,11,52,21925,28925,1,FEASIBLE,WORSE
1176,2,11,53,21858,28858,1,FEASIBLE,WORSE
1177,2,11,54,21446,28446,1,FEASIBLE,WORSE
1178,2,11,55,22864,30064,0,CAPACITY_EXCEEDED,INVALID
1179,2,11,56,21522,28522,1,FEASIBLE,WORSE
1180,2,11,57,21544,28544,1,FEASIBLE,WORSE
1181,2,11,58,22582,29782,0,CAPACITY_EXCEEDED,INVALID
1182,2,11,59,21849,28849,1,FEASIBLE,WORSE
1183,2,11,60,21363,28363,1,FEASIBLE,WORSE
1184,2,11,61,21770,28770,1,FEASIBLE,WORSE
1185,2,11,62,21334,28334,1,FEASIBLE,WORSE
1186,2,11,63,22902,30102,0,CAPACITY_EXCEEDED,INVALID
1187,2,11,64,21888,28888,1,FEASIBLE,WORSE
1188,2,11,65,21387,28387,1,FEASIBLE,WORSE
1189,2,11,66,21336,28336,1,FEASIBLE,WORSE
1190,2,11,67,21793,28793,1,FEASIBLE,WORSE
1191,2,11,68,21674,28674,1,FEASIBLE,WORSE
1192,2,11,69,22938,30138,0,CAPACITY_EXCEEDED,INVALID
1193,2,11,70,22941,30141,0,CAPACITY_EXCEEDED,INVALID
1194,2,11,71,21821,28821,1,FEASIBLE,WORSE
1195,2,11,72,22649,29849,0,CAPACITY_EXCEEDED,INVALID
1196,2,11,73,22894,30094,0,CAPACITY_EXCEEDED,INVALID
1197,2,11,74,21706,28706,1,FEASIBLE,WORSE
1198,2,11,75,21331,28331,1,FEASIBLE,WORSE
1199,2,11,76,21899,28899,1,FEASIBLE,WORSE
1200,2,11,77,21577,28577,1,FEASIBLE,WORSE
1201,2,11,78,22618,29818,0,CAPACITY_EXCEEDED,INVALID
1202,2,11,79,21352,28352,1,FEASIBLE,WORSE
1203,2,11,80,22718,29918,0,CAPACITY_EXCEEDED,INVALID
1204,2,11,81,21856,28856,1,FEASIBLE,WORSE
1205,2,11,82,21595,28595,1,FEASIBLE,WORSE
1206,2,11,83,22808,30008,0,CAPACITY_EXCEEDED,INVALID
1207,2,11,84,22528,29728,0,CAPACITY_EXCEEDED,INVALID
1208,2,11,85,21491,28491,1,FEASIBLE,WORSE
1209,2,11,86,21540,28540,1,FEASIBLE,WORSE
1210,2,11,87,22930,30130,0,CAPACITY_EXCEEDED,INVALID
1211,2,11,88,21368,28368,1,FEASIBLE,WORSE
1212,2,11,89,21924,28924,1,FEASIBLE,WORSE
1213,2,11,90,22743,29943,0,CAPACITY_EXCEEDED,INVALID
1214,2,11,91,21614,28614,1,FEASIBLE,WORSE
1215,2,11,92,21509,28509,1,FEASIBLE,WORSE
1216,2,11,93,21729,28729,1,FEASIBLE,WORSE
1217,2,11,94,21498,28498,1,FEASIBLE,WORSE
1218,2,11,95,21618,28618,1,FEASIBLE,WORSE
1219,2,11,96,21854,28854,1,FEASIBLE,WORSE
1220,2,11,97,22573,29773,0,CAPACITY_EXCEEDED,INVALID
1221,2,11,98,21839,28839,1,FEASIBLE,WORSE
1222,2,11,99,22728,29928,0,CAPACITY_EXCEEDED,INVALID
1223,2,12,13,22574,29774,0,CAPACITY_EXCEEDED,INVALID
1224,2,12,14,23753,31153,0,CAPACITY_EXCEEDED,INVALID
1225,2,12,15,22869,30069,0,CAPACITY_EXCEEDED,INVALID
1226,2,12,16,22788,29988,0,CAPACITY_EXCEEDED,INVALID
1227,2,12,17,22916,30116,0,CAPACITY_EXCEEDED,INVALID
1228,2,12,18,22520,29720,0,CAPACITY_EXCEEDED,INVALID
1229,2,12,19,22103,29303,1,FEASIBLE,WORSE
1230,2,12,20,22436,29636,0,CAPACITY_EXCEEDED,INVALID
1231,2,12,21,23802,31202,0,CAPACITY_EXCEEDED,INVALID
1232,2,12,22,22643,29843,0,CAPACITY_EXCEEDED,INVALID
1233,2,12,23,23774,31174,0,CAPACITY_EXCEEDED,INVALID
1234,2,12,24,22925,30125,0,CAPACITY_EXCEEDED,INVALID
1235,2,12,25,22735,29935,0,CAPACITY_EXCEEDED,INVALID
1236,2,12,26,23702,31102,0,CAPACITY_EXCEEDED,INVALID
1237,2,12,27,23753,31153,0,CAPACITY_EXCEEDED,INVALID
1238,2,12,28,22605,29805,0,CAPACITY_EXCEEDED,INVALID
1239,2,12,29,22939,30139,0,CAPACITY_EXCEEDED,INVALID
1240,2,12,30,22760,29960,0,CAPACITY_EXCEEDED,INVALID
1241,2,12,31,22817,30017,0,CAPACITY_EXCEEDED,INVALID
1242,2,12,32,22745,29945,0,CAPACITY_EXCEEDED,INVALID
1243,2,12,33,23837,31237,0,CAPACITY_EXCEEDED,INVALID
1244,2,12,34,22827,30027,0,CAPACITY_EXCEEDED,INVALID
1245,2,12,35,23914,31314,0,CAPACITY_EXCEEDED,INVALID
1246,2,12,36,23907,31307,0,CAPACITY_EXCEEDED,INVALID
1247,2,12,37,22972,30172,0,CAPACITY_EXCEEDED,INVALID
1248,2,12,38,22648,29848,0,CAPACITY_EXCEEDED,INVALID
1249,2,12,39,22535,29735,0,CAPACITY_EXCEEDED,INVALID
1250,2,12,40,23003,30203,0,CAPACITY_EXCEEDED,INVALID
1251,2,12,41,22602,29802,0,CAPACITY_EXCEEDED,INVALID
1252,2,12,42,23934,31334,0,CAPACITY_EXCEEDED,INVALID
1253,2,12,43,22914,30114,0,CAPACITY_EXCEEDED,INVALID
1254,2,12,44,22430,29630,0,CAPACITY_EXCEEDED,INVALID
1255,2,12,45,22905,30105,0,CAPACITY_EXCEEDED,INVALID
1256,2,12,46,22448,29648,0,CAPACITY_EXCEEDED,INVALID
1257,2,12,47,23923,31323,0,CAPACITY_EXCEEDED,INVALID
1258,2,12,48,22823,30023,0,CAPACITY_EXCEEDED,INVALID
1259,2,12,49,23018,30218,0,CAPACITY_EXCEEDED,INVALID
1260,2,12,50,22943,30143,0,CAPACITY_EXCEEDED,INVALID
1261,2,12,51,22487,29687,0,CAPACITY_EXCEEDED,INVALID
1262,2,12,52,23009,30209,0,CAPACITY_EXCEEDED,INVALID
1263,2,12,53,22942,30142,0,CAPACITY_EXCEEDED,INVALID
1264,2,12,54,22530,29730,0,CAPACITY_EXCEEDED,INVALID
1265,2,12,55,23948,31348,0,CAPACITY_EXCEEDED,INVALID
1266,2,12,56,22606,29806,0,CAPACITY_EXCEEDED,INVALID
1267,2,12,57,22628,29828,0,CAPACITY_EXCEEDED,INVALID
1268,2,12,58,23666,31066,0,CAPACITY_EXCEEDED,INVALID
1269,2,12,59,22933,30133,0,CAPACITY_EXCEEDED,INVALID
1270,2,12,60,22447,29647,0,CAPACITY_EXCEEDED,INVALID
1271,2,12,61,22854,30054,0,CAPACITY_EXCEEDED,INVALID
1272,2,12,62,22418,29618,0,CAPACITY_EXCEEDED,INVALID
1273,2,12,63,23986,31386,0,CAPACITY_EXCEEDED,INVALID
1274,2,12,64,22972,30172,0,CAPACITY_EXCEEDED,INVALID
1275,2,12,65,22471,29671,0,CAPACITY_EXCEEDED,INVALID
1276,2,12,66,22420,29620,0,CAPACITY_EXCEEDED,INVALID
1277,2,12,67,22877,30077,0,CAPACITY_EXCEEDED,INVALID
1278,2,12,68,22758,29958,0,CAPACITY_EXCEEDED,INVALID
1279,2,12,69,24022,31422,0,CAPACITY_EXCEEDED,INVALID
1280,2,12,70,24025,31425,0,CAPACITY_EXCEEDED,INVALID
1281,2,12,71,22905,30105,0,CAPACITY_EXCEEDED,INVALID
1282,2,12,72,23733,31133,0,CAPACITY_EXCEEDED,INVALID
1283,2,12,73,23978,31378,0,CAPACITY_EXCEEDED,INVALID
1284,2,12,74,22790,29990,0,CAPACITY_EXCEEDED,INVALID
1285,2,12,75,22415,29615,0,CAPACITY_EXCEEDED,INVALID
1286,2,12,76,22983,30183,0,CAPACITY_EXCEEDED,INVALID
1287,2,12,77,22661,29861,0,CAPACITY_EXCEEDED,INVALID
1288,2,12,78,23702,31102,0,CAPACITY_EXCEEDED,INVALID
1289,2,12,79,22436,29636,0,CAPACITY_EXCEEDED,INVALID
1290,2,12,80,23802,31202,0,CAPACITY_EXCEEDED,INVALID
1291,2,12,81,22940,30140,0,CAPACITY_EXCEEDED,INVALID
1292,2,12,82,22679,29879,0,CAPACITY_EXCEEDED,INVALID
1293,2,12,83,23892,31292,0,CAPACITY_EXCEEDED,INVALID
1294,2,12,84,23612,31012,0,CAPACITY_EXCEEDED,INVALID
1295,2,12,85,22575,29775,0,CAPACITY_EXCEEDED,INVALID
1296,2,12,86,22624,29824,0,CAPACITY_EXCEEDED,INVALID
1297,2,12,87,24014,31414,0,CAPACITY_EXCEEDED,INVALID
1298,2,12,88,22452,29652,0,CAPACITY_EXCEEDED,INVALID
1299,2,12,89,23008,30208,0,CAPACITY_EXCEEDED,INVALID
1300,2,12,90,23827,31227,0,CAPACITY_EXCEEDED,INVALID
1301,2,12,91,22698,29898,0,CAPACITY_EXCEEDED,INVALID
1302,2,12,92,22593,29793,0,CAPACITY_EXCEEDED,INVALID
1303,2,12,93,22813,30013,0,CAPACITY_EXCEEDED,INVALID
1304,2,12,94,22582,29782,0,CAPACITY_EXCEEDED,INVALID
1305,2,12,95,22702,29902,0,CAPACITY_EXCEEDED,INVALID
1306,2,12,96,22938,30138,0,CAPACITY_EXCEEDED,INVALID
1307,2,12,97,23657,31057,0,CAPACITY_EXCEEDED,INVALID
1308,2,12,98,22923,30123,0,CAPACITY_EXCEEDED,INVALID
1309,2,12,99,23812,31212,0,CAPACITY_EXCEEDED,INVALID
1310,2,13,14,22596,29796,0,CAPACITY_EXCEEDED,INVALID
1311,2,13,15,21712,28712,1,FEASIBLE,WORSE
1312,2,13,16,21631,28631,1,FEASIBLE,WORSE
1313,2,13,17,21759,28759,1,FEASIBLE,WORSE
1314,2,13,18,21363,28363,1,FEASIBLE,WORSE
1315,2,13,19,20946,27946,1,FEASIBLE,WORSE
1316,2,13,20,21279,28279,1,FEASIBLE,WORSE
1317,2,13,21,22645,29845,0,CAPACITY_EXCEEDED,INVALID
1318,2,13,22,21486,28486,1,FEASIBLE,WORSE
1319,2,13,23,22617,29817,0,CAPACITY_EXCEEDED,INVALID
1320,2,13,24,21768,28768,1,FEASIBLE,WORSE
1321,2,13,25,21578,28578,1,FEASIBLE,WORSE
1322,2,13,26,22545,29745,0,CAPACITY_EXCEEDED,INVALID
1323,2,13,27,22596,29796,0,CAPACITY_EXCEEDED,INVALID
1324,2,13,28,21448,28448,1,FEASIBLE,WORSE
1325,2,13,29,21782,28782,1,FEASIBLE,WORSE
1326,2,13,30,21603,28603,1,FEASIBLE,WORSE
1327,2,13,31,21660,28660,1,FEASIBLE,WORSE
1328,2,13,32,21588,28588,1,FEASIBLE,WORSE
1329,2,13,33,22680,29880,0,CAPACITY_EXCEEDED,INVALID
1330,2,13,34,21670,28670,1,FEASIBLE,WORSE
1331,2,13,35,22757,29957,0,CAPACITY_EXCEEDED,INVALID
1332,2,13,36,22750,29950,0,CAPACITY_EXCEEDED,INVALID
1333,2,13,37,21815,28815,1,FEASIBLE,WORSE
1334,2,13,38,21491,28491,1,FEASIBLE,WORSE
1335,2,13,39,21378,28378,1,FEASIBLE,WORSE
1336,2,13,40,21846,28846,1,FEASIBLE,WORSE
1337,2,13,41,21445,28445,1,FEASIBLE,WORSE
1338,2,13,42,22777,29977,0,CAPACITY_EXCEEDED,INVALID
1339,2,13,43,21757,28757,1,FEASIBLE,WORSE
1340,2,13,44,21273,28273,1,FEASIBLE,WORSE
1341,2,13,45,21748,28748,1,FEASIBLE,WORSE
1342,2,13,46,21291,28291,1,FEASIBLE,WORSE
1343,2,13,47,22766,29966,0,CAPACITY_EXCEEDED,INVALID
1344,2,13,48,21666,28666,1,FEASIBLE,WORSE
1345,2,13,49,21861,28861,1,FEASIBLE,WORSE
1346,2,13,50,21786,28786,1,FEASIBLE,WORSE
1347,2,13,51,21330,28330,1,FEASIBLE,WORSE
1348,2,13,52,21852,28852,1,FEASIBLE,WORSE
1349,2,13,53,21785,28785,1,FEASIBLE,WORSE
1350,2,13,54,21373,28373,1,FEASIBLE,WORSE
1351,2,13,55,22791,29991,0,CAPACITY_EXCEEDED,INVALID
1352,2,13,56,21449,28449,1,FEASIBLE,WORSE
1353,2,13,57,21471,28471,1,FEASIBLE,WORSE
1354,2,13,58,22509,29709,0,CAPACITY_EXCEEDED,INVALID
1355,2,13,59,21776,28776,1,FEASIBLE,WORSE
1356,2,13,60,21290,28290,1,FEASIBLE,WORSE
1357,2,13,61,21697,28697,1,FEASIBLE,WORSE
1358,2,13,62,21261,28261,1,FEASIBLE,WORSE
1359,2,13,63,22829,30029,0,CAPACITY_EXCEEDED,INVALID
1360,2,13,64,21815,28815,1,FEASIBLE,WORSE
1361,2,13,65,21314,28314,1,FEASIBLE,WORSE
1362,2,13,66,21263,28263,1,FEASIBLE,WORSE
1363,2,13,67,21720,28720,1,FEASIBLE,WORSE
1364,2,13,68,21601,28601,1,FEASIBLE,WORSE
1365,2,13,69,22865,30065,0,CAPACITY_EXCEEDED,INVALID
1366,2,13,70,22868,30068,0,CAPACITY_EXCEEDED,INVALID
1367,2,13,71,21748,28748,1,FEASIBLE,WORSE
1368,2,13,72,22576,29776,0,CAPACITY_EXCEEDED,INVALID
1369,2,13,73,22821,30021,0,CAPACITY_EXCEEDED,INVALID
1370,2,13,74,21633,28633,1,FEASIBLE,WORSE
1371,2,13,75,21258,28258,1,FEASIBLE,WORSE
1372,2,13,76,21826,28826,1,FEASIBLE,WORSE
1373,2,13,77,21504,28504,1,FEASIBLE,WORSE
1374,2,13,78,22545,29745,0,CAPACITY_EXCEEDED,INVALID
1375,2,13,79,21279,28279,1,FEASIBLE,WORSE
1376,2,13,80,22645,29845,0,CAPACITY_EXCEEDED,INVALID
1377,2,13,81,21783,28783,1,FEASIBLE,WORSE
1378,2,13,82,21522,28522,1,FEASIBLE,WORSE
1379,2,13,83,22735,29935,0,CAPACITY_EXCEEDED,INVALID
1380,2,13,84,22455,29655,0,CAPACITY_EXCEEDED,INVALID
1381,2,13,85,21418,28418,1,FEASIBLE,WORSE
1382,2,13,86,21467,28467,1,FEASIBLE,WORSE
1383,2,13,87,22857,30057,0,CAPACITY_EXCEEDED,INVALID
1384,2,13,88,21295,28295,1,FEASIBLE,WORSE
1385,2,13,89,21851,28851,1,FEASIBLE,WORSE
1386,2,13,90,22670,29870,0,CAPACITY_EXCEEDED,INVALID
1387,2,13,91,21541,28541,1,FEASIBLE,WORSE
1388,2,13,92,21436,28436,1,FEASIBLE,WORSE
1389,2,13,93,21656,28656,1,FEASIBLE,WORSE
1390,2,13,94,21425,28425,1,FEASIBLE,WORSE
1391,2,13,95,21545,28545,1,FEASIBLE,WORSE
1392,2,13,96,21781,28781,1,FEASIBLE,WORSE
1393,2,13,97,22500,29700,0,CAPACITY_EXCEEDED,INVALID
1394,2,13,98,21766,28766,1,FEASIBLE,WORSE
1395,2,13,99,22655,29855,0,CAPACITY_EXCEEDED,INVALID
1396,2,14,15,22891,30091,0,CAPACITY_EXCEEDED,INVALID
1397,2,14,16,22810,30010,0,CAPACITY_EXCEEDED,INVALID
1398,2,14,17,22938,30138,0,CAPACITY_EXCEEDED,INVALID
1399,2,14,18,22542,29742,0,CAPACITY_EXCEEDED,INVALID
1400,2,14,19,22125,29325,1,FEASIBLE,WORSE
1401,2,14,20,22458,29658,0,CAPACITY_EXCEEDED,INVALID
1402,2,14,21,23824,31224,0,CAPACITY_EXCEEDED,INVALID
1403,2,14,22,22665,29865,0,CAPACITY_EXCEEDED,INVALID
1404,2,14,23,23796,31196,0,CAPACITY_EXCEEDED,INVALID
1405,2,14,24,22947,30147,0,CAPACITY_EXCEEDED,INVALID
1406,2,14,25,22757,29957,0,CAPACITY_EXCEEDED,INVALID
1407,2,14,26,23724,31124,0,CAPACITY_EXCEEDED,INVALID
1408,2,14,27,23775,31175,0,CAPACITY_EXCEEDED,INVALID
1409,2,14,28,22627,29827,0,CAPACITY_EXCEEDED,INVALID
1410,2,14,29,22961,30161,0,CAPACITY_EXCEEDED,INVALID
1411,2,14,30,22782,29982,0,CAPACITY_EXCEEDED,INVALID
1412,2,14,31,22839,30039,0,CAPACITY_EXCEEDED,INVALID
1413,2,14,32,22767,29967,0,CAPACITY_EXCEEDED,INVALID
1414,2,14,33,23859,31259,0,CAPACITY_EXCEEDED,INVALID
1415,2,14,34,22849,30049,0,CAPACITY_EXCEEDED,INVALID
1416,2,14,35,23936,31336,0,CAPACITY_EXCEEDED,INVALID
1417,2,14,36,23929,31329,0,CAPACITY_EXCEEDED,INVALID
1418,2,14,37,22994,30194,0,CAPACITY_EXCEEDED,INVALID
1419,2,14,38,22670,29870,0,CAPACITY_EXCEEDED,INVALID
1420,2,14,39,22557,29757,0,CAPACITY_EXCEEDED,INVALID
1421,2,14,40,23025,30225,0,CAPACITY_EXCEEDED,INVALID
1422,2,14,41,22624,29824,0,CAPACITY_EXCEEDED,INVALID
1423,2,14,42,23956,31356,0,CAPACITY_EXCEEDED,INVALID
1424,2,14,43,22936,30136,0,CAPACITY_EXCEEDED,INVALID
1425,2,14,44,22452,29652,0,CAPACITY_EXCEEDED,INVALID
1426,2,14,45,22927,30127,0,CAPACITY_EXCEEDED,INVALID
1427,2,14,46,22470,29670,0,CAPACITY_EXCEEDED,INVALID
1428,2,14,47,23945,31345,0,CAPACITY_EXCEEDED,INVALID
1429,2,14,48,22845,30045,0,CAPACITY_EXCEEDED,INVALID
1430,2,14,49,23040,30240,0,CAPACITY_EXCEEDED,INVALID
1431,2,14,50,22965,30165,0,CAPACITY_EXCEEDED,INVALID
1432,2,14,51,22509,29709,0,CAPACITY_EXCEEDED,INVALID
1433,2,14,52,23031,30231,0,CAPACITY_EXCEEDED,INVALID
1434,2,14,53,22964,30164,0,CAPACITY_EXCEEDED,INVALID
1435,2,14,54,22552,29752,0,CAPACITY_EXCEEDED,INVALID
1436,2,14,55,23970,31370,0,CAPACITY_EXCEEDED,INVALID
1437,2,14,56,22628,29828,0,CAPACITY_EXCEEDED,INVALID
1438,2,14,57,22650,29850,0,CAPACITY_EXCEEDED,INVALID
1439,2,14,58,23688,31088,0,CAPACITY_EXCEEDED,INVALID
1440,2,14,59,22955,30155,0,CAPACITY_EXCEEDED,INVALID
1441,2,14,60,22469,29669,0,CAPACITY_EXCEEDED,INVALID
1442,2,14,61,22876,30076,0,CAPACITY_EXCEEDED,INVALID
1443,2,14,62,22440,29640,0,CAPACITY_EXCEEDED,INVALID
1444,2,14,63,24008,31408,0,CAPACITY_EXCEEDED,INVALID
1445,2,14,64,22994,30194,0,CAPACITY_EXCEEDED,INVALID
1446,2,14,65,22493,29693,0,CAPACITY_EXCEEDED,INVALID
1447,2,14,66,22442,29642,0,CAPACITY_EXCEEDED,INVALID
1448,2,14,67,22899,30099,0,CAPACITY_EXCEEDED,INVALID
1449,2,14,68,22780,29980,0,CAPACITY_EXCEEDED,INVALID
1450,2,14,69,24044,31444,0,CAPACITY_EXCEEDED,INVALID
1451,2,14,70,24047,31447,0,CAPACITY_EXCEEDED,INVALID
1452,2,14,71,22927,30127,0,CAPACITY_EXCEEDED,INVALID
1453,2,14,72,23755,31155,0,CAPACITY_EXCEEDED,INVALID
1454,2,14,73,24000,31400,0,CAPACITY_EXCEEDED,INVALID
1455,2,14,74,22812,30012,0,CAPACITY_EXCEEDED,INVALID
1456,2,14,75,22437,29637,0,CAPACITY_EXCEEDED,INVALID
1457,2,14,76,23005,30205,0,CAPACITY_EXCEEDED,INVALID
1458,2,14,77,22683,29883,0,CAPACITY_EXCEEDED,INVALID
1459,2,14,78,23724,31124,0,CAPACITY_EXCEEDED,INVALID
1460,2,14,79,22458,29658,0,CAPACITY_EXCEEDED,INVALID
1461,2,14,80,23824,31224,0,CAPACITY_EXCEEDED,INVALID
1462,2,14,81,22962,30162,0,CAPACITY_EXCEEDED,INVALID
1463,2,14,82,22701,29901,0,CAPACITY_EXCEEDED,INVALID
1464,2,14,83,23914,31314,0,CAPACITY_EXCEEDED,INVALID
1465,2,14,84,23634,31034,0,CAPACITY_EXCEEDED,INVALID
1466,2,14,85,22597,29797,0,CAPACITY_EXCEEDED,INVALID
1467,2,14,86,22646,29846,0,CAPACITY_EXCEEDED,INVALID
1468,2,14,87,24036,31436,0,CAPACITY_EXCEEDED,INVALID
1469,2,14,88,22474,29674,0,CAPACITY_EXCEEDED,INVALID
1470,2,14,89,23030,30230,0,CAPACITY_EXCEEDED,INVALID
1471,2,14,90,23849,31249,0,CAPACITY_EXCEEDED,INVALID
1472,2,14,91,22720,29920,0,CAPACITY_EXCEEDED,INVALID
1473,2,14,92,22615,29815,0,CAPACITY_EXCEEDED,INVALID
1474,2,14,93,22835,30035,0,CAPACITY_EXCEEDED,INVALID
1475,2,14,94,22604,29804,0,CAPACITY_EXCEEDED,INVALID
1476,2,14,95,22724,29924,0,CAPACITY_EXCEEDED,INVALID
1477,2,14,96,22960,30160,0,CAPACITY_EXCEEDED,INVALID
1478,2,14,97,23679,31079,0,CAPACITY_EXCEEDED,INVALID
1479,2,14,98,22945,30145,0,CAPACITY_EXCEEDED,INVALID
1480,2,14,99,23834,31234,0,CAPACITY_EXCEEDED,INVALID
1481,2,15,16,21926,28926,1,FEASIBLE,WORSE
1482,2,15,17,22054,29054,1,FEASIBLE,WORSE
1483,2,15,18,21658,28658,1,FEASIBLE,WORSE
1484,2,15,19,21241,28241,1,FEASIBLE,WORSE
1485,2,15,20,21574,28574,1,FEASIBLE,WORSE
1486,2,15,21,22940,30140,0,CAPACITY_EXCEEDED,INVALID
1487,2,15,22,21781,28781,1,FEASIBLE,WORSE
1488,2,15,23,22912,30112,0,CAPACITY_EXCEEDED,INVALID
1489,2,15,24,22063,29063,1,FEASIBLE,WORSE
1490,2,15,25,21873,28873,1,FEASIBLE,WORSE
1491,2,15,26,22840,30040,0,CAPACITY_EXCEEDED,INVALID
1492,2,15,27,22891,30091,0,CAPACITY_EXCEEDED,INVALID
1493,2,15,28,21743,28743,1,FEASIBLE,WORSE
1494,2,15,29,22077,29077,1,FEASIBLE,WORSE
1495,2,15,30,21898,28898,1,FEASIBLE,WORSE
1496,2,15,31,21955,28955,1,FEASIBLE,WORSE
1497,2,15,32,21883,28883,1,FEASIBLE,WORSE
1498,2,15,33,22975,30175,0,CAPACITY_EXCEEDED,INVALID
1499,2,15,34,21965,28965,1,FEASIBLE,WORSE
1500,2,15,35,23052,30252,0,CAPACITY_EXCEEDED,INVALID
1501,2,15,36,23045,30245,0,CAPACITY_EXCEEDED,INVALID
1502,2,15,37,22110,29110,1,FEASIBLE,WORSE
1503,2,15,38,21786,28786,1,FEASIBLE,WORSE
1504,2,15,39,21673,28673,1,FEASIBLE,WORSE
1505,2,15,40,22141,29141,1,FEASIBLE,WORSE
1506,2,15,41,21740,28740,1,FEASIBLE,WORSE
1507,2,15,42,23072,30272,0,CAPACITY_EXCEEDED,INVALID
1508,2,15,43,22052,29052,1,FEASIBLE,WORSE
1509,2,15,44,21568,28568,1,FEASIBLE,WORSE
1510,2,15,45,22043,29043,1,FEASIBLE,WORSE
1511,2,15,46,21586,28586,1,FEASIBLE,WORSE
1512,2,15,47,23061,30261,0,CAPACITY_EXCEEDED,INVALID
1513,2,15,48,21961,28961,1,FEASIBLE,WORSE
1514,2,15,49,22156,29156,1,FEASIBLE,WORSE
1515,2,15,50,22081,29081,1,FEASIBLE,WORSE
1516,2,15,51,21625,28625,1,FEASIBLE,WORSE
1517,2,15,52,22147,29147,1,FEASIBLE,WORSE
1518,2,15,53,22080,29080,1,FEASIBLE,WORSE
1519,2,15,54,21668,28668,1,FEASIBLE,WORSE
1520,2,15,55,23086,30286,0,CAPACITY_EXCEEDED,INVALID
1521,2,15,56,21744,28744,1,FEASIBLE,WORSE
1522,2,15,57,21766,28766,1,FEASIBLE,WORSE
1523,2,15,58,22804,30004,0,CAPACITY_EXCEEDED,INVALID
1524,2,15,59,22071,29071,1,FEASIBLE,WORSE
1525,2,15,60,21585,28585,1,FEASIBLE,WORSE
1526,2,15,61,21992,28992,1,FEASIBLE,WORSE
1527,2,15,62,21556,28556,1,FEASIBLE,WORSE
1528,2,15,63,23124,30324,0,CAPACITY_EXCEEDED,INVALID
1529,2,15,64,22110,29110,1,FEASIBLE,WORSE
1530,2,15,65,21609,28609,1,FEASIBLE,WORSE
1531,2,15,66,21558,28558,1,FEASIBLE,WORSE
1532,2,15,67,22015,29015,1,FEASIBLE,WORSE
1533,2,15,68,21896,28896,1,FEASIBLE,WORSE
1534,2,15,69,23160,30360,0,CAPACITY_EXCEEDED,INVALID
1535,2,15,70,23163,30363,0,CAPACITY_EXCEEDED,INVALID
1536,2,15,71,22043,29043,1,FEASIBLE,WORSE
1537,2,15,72,22871,30071,0,CAPACITY_EXCEEDED,INVALID
1538,2,15,73,23116,30316,0,CAPACITY_EXCEEDED,INVALID
1539,2,15,74,21928,28928,1,FEASIBLE,WORSE
1540,2,15,75,21553,28553,1,FEASIBLE,WORSE
1541,2,15,76,22121,29121,1,FEASIBLE,WORSE
1542,2,15,77,21799,28799,1,FEASIBLE,WORSE
1543,2,15,78,22840,30040,0,CAPACITY_EXCEEDED,INVALID
1544,2,15,79,21574,28574,1,FEASIBLE,WORSE
1545,2,15,80,22940,30140,0,CAPACITY_EXCEEDED,INVALID
1546,2,15,81,22078,29078,1,FEASIBLE,WORSE
1547,2,15,82,21817,28817,1,FEASIBLE,WORSE
1548,2,15,83,23030,30230,0,CAPACITY_EXCEEDED,INVALID
1549,2,15,84,22750,29950,0,CAPACITY_EXCEEDED,INVALID
1550,2,15,85,21713,28713,1,FEASIBLE,WORSE
1551,2,15,86,21762,28762,1,FEASIBLE,WORSE
1552,2,15,87,23152,30352,0,CAPACITY_EXCEEDED,INVALID
1553,2,15,88,21590,28590,1,FEASIBLE,WORSE
1554,2,15,89,22146,29146,1,FEASIBLE,WORSE
1555,2,15,90,22965,30165,0,CAPACITY_EXCEEDED,INVALID
1556,2,15,91,21836,28836,1,FEASIBLE,WORSE
1557,2,15,92,21731,28731,1,FEASIBLE,WORSE
1558,2,15,93,21951,28951,1,FEASIBLE,WORSE
1559,2,15,94,21720,28720,1,FEASIBLE,WORSE
1560,2,15,95,21840,28840,1,FEASIBLE,WORSE
1561,2,15,96,22076,29076,1,FEASIBLE,WORSE
1562,2,15,97,22795,29995,0,CAPACITY_EXCEEDED,INVALID
1563,2,15,98,22061,29061,1,FEASIBLE,WORSE
1564,2,15,99,22950,30150,0,CAPACITY_EXCEEDED,INVALID
1565,2,16,17,21973,28973,1,FEASIBLE,WORSE
1566,2,16,18,21577,28577,1,FEASIBLE,WORSE
1567,2,16,19,21160,28160,1,FEASIBLE,WORSE
1568,2,16,20,21493,28493,1,FEASIBLE,WORSE
1569,2,16,21,22859,30059,0,CAPACITY_EXCEEDED,INVALID
1570,2,16,22,21700,28700,1,FEASIBLE,WORSE
1571,2,16,23,22831,30031,0,CAPACITY_EXCEEDED,INVALID
1572,2,16,24,21982,28982,1,FEASIBLE,WORSE
1573,2,16,25,21792,28792,1,FEASIBLE,WORSE
1574,2,16,26,22759,29959,0,CAPACITY_EXCEEDED,INVALID
1575,2,16,27,22810,30010,0,CAPACITY_EXCEEDED,INVALID
1576,2,16,28,21662,28662,1,FEASIBLE,WORSE
1577,2,16,29,21996,28996,1,FEASIBLE,WORSE
1578,2,16,30,21817,28817,1,FEASIBLE,WORSE
1579,2,16,31,21874,28874,1,FEASIBLE,WORSE
1580,2,16,32,21802,28802,1,FEASIBLE,WORSE
1581,2,16,33,22894,30094,0,CAPACITY_EXCEEDED,INVALID
1582,2,16,34,21884,28884,1,FEASIBLE,WORSE
1583,2,16,35,22971,30171,0,CAPACITY_EXCEEDED,INVALID
1584,2,16,36,22964,30164,0,CAPACITY_EXCEEDED,INVALID
1585,2,16,37,22029,29029,1,FEASIBLE,WORSE
1586,2,16,38,21705,28705,1,FEASIBLE,WORSE
1587,2,16,39,21592,28592,1,FEASIBLE,WORSE
1588,2,16,40,22060,29060,1,FEASIBLE,WORSE
1589,2,16,41,21659,28659,1,FEASIBLE,WORSE
1590,2,16,42,22991,30191,0,CAPACITY_EXCEEDED,INVALID
1591,2,16,43,21971,28971,1,FEASIBLE,WORSE
1592,2,16,44,21487,28487,1,FEASIBLE,WORSE
1593,2,16,45,21962,28962,1,FEASIBLE,WORSE
1594,2,16,46,21505,28505,1,FEASIBLE,WORSE
1595,2,16,47,22980,30180,0,CAPACITY_EXCEEDED,INVALID
1596,2,16,48,21880,28880,1,FEASIBLE,WORSE
1597,2,16,49,22075,29075,1,FEASIBLE,WORSE
1598,2,16,50,22000,29000,1,FEASIBLE,WORSE
1599,2,16,51,21544,28544,1,FEASIBLE,WORSE
1600,2,16,52,22066,29066,1,FEASIBLE,WORSE
1601,2,16,53,21999,28999,1,FEASIBLE,WORSE
1602,2,16,54,21587,28587,1,FEASIBLE,WORSE
1603,2,16,55,23005,30205,0,CAPACITY_EXCEEDED,INVALID
1604,2,16,56,21663,28663,1,FEASIBLE,WORSE
1605,2,16,57,21685,28685,1,FEASIBLE,WORSE
1606,2,16,58,22723,29923,0,CAPACITY_EXCEEDED,INVALID
1607,2,16,59,21990,28990,1,FEASIBLE,WORSE
1608,2,16,60,21504,28504,1,FEASIBLE,WORSE
1609,2,16,61,21911,28911,1,FEASIBLE,WORSE
1610,2,16,62,21475,28475,1,FEASIBLE,WORSE
1611,2,16,63,23043,30243,0,CAPACITY_EXCEEDED,INVALID
1612,2,16,64,22029,29029,1,FEASIBLE,WORSE
1613,2,16,65,21528,28528,1,FEASIBLE,WORSE
1614,2,16,66,21477,28477,1,FEASIBLE,WORSE
1615,2,16,67,21934,28934,1,FEASIBLE,WORSE
1616,2,16,68,21815,28815,1,FEASIBLE,WORSE
1617,2,16,69,23079,30279,0,CAPACITY_EXCEEDED,INVALID
1618,2,16,70,23082,30282,0,CAPACITY_EXCEEDED,INVALID
1619,2,16,71,21962,28962,1,FEASIBLE,WORSE
1620,2,16,72,22790,29990,0,CAPACITY_EXCEEDED,INVALID
1621,2,16,73,23035,30235,0,CAPACITY_EXCEEDED,INVALID
1622,2,16,74,21847,28847,1,FEASIBLE,WORSE
1623,2,16,75,21472,28472,1,FEASIBLE,WORSE
1624,2,16,76,22040,29040,1,FEASIBLE,WORSE
1625,2,16,77,21718,28718,1,FEASIBLE,WORSE
1626,2,16,78,22759,29959,0,CAPACITY_EXCEEDED,INVALID
1627,2,16,79,21493,28493,1,FEASIBLE,WORSE
1628,2,16,80,22859,30059,0,CAPACITY_EXCEEDED,INVALID
1629,2,16,81,21997,28997,1,FEASIBLE,WORSE
1630,2,16,82,21736,28736,1,FEASIBLE,WORSE
1631,2,16,83,22949,30149,0,CAPACITY_EXCEEDED,INVALID
1632,2,16,84,22669,29869,0,CAPACITY_EXCEEDED,INVALID
1633,2,16,85,21632,28632,1,FEASIBLE,WORSE
1634,2,16,86,21681,28681,1,FEASIBLE,WORSE
1635,2,16,87,23071,30271,0,CAPACITY_EXCEEDED,INVALID
1636,2,16,88,21509,28509,1,FEASIBLE,WORSE
1637,2,16,89,22065,29065,1,FEASIBLE,WORSE
1638,2,16,90,22884,30084,0,CAPACITY_EXCEEDED,INVALID
1639,2,16,91,21755,28755,1,FEASIBLE,WORSE
1640,2,16,92,21650,28650,1,FEASIBLE,WORSE
1641,2,16,93,21870,28870,1,FEASIBLE,WORSE
1642,2,16,94,21639,28639,1,FEASIBLE,WORSE
1643,2,16,95,21759,28759,1,FEASIBLE,WORSE
1644,2,16,96,21995,28995,1,FEASIBLE,WORSE
1645,2,16,97,22714,29914,0,CAPACITY_EXCEEDED,INVALID
1646,2,16,98,21980,28980,1,FEASIBLE,WORSE
1647,2,16,99,22869,30069,0,CAPACITY_EXCEEDED,INVALID
1648,2,17,18,21705,28705,1,FEASIBLE,WORSE
1649,2,17,19,21288,28288,1,FEASIBLE,WORSE
1650,2,17,20,21621,28621,1,FEASIBLE,WORSE
1651,2,17,21,22987,30187,0,CAPACITY_EXCEEDED,INVALID
1652,2,17,22,21828,28828,1,FEASIBLE,WORSE
1653,2,17,23,22959,30159,0,CAPACITY_EXCEEDED,INVALID
1654,2,17,24,22110,29110,1,FEASIBLE,WORSE
1655,2,17,25,21920,28920,1,FEASIBLE,WORSE
1656,2,17,26,22887,30087,0,CAPACITY_EXCEEDED,INVALID
1657,2,17,27,22938,30138,0,CAPACITY_EXCEEDED,INVALID
1658,2,17,28,21790,28790,1,FEASIBLE,WORSE
1659,2,17,29,22124,29124,1,FEASIBLE,WORSE
1660,2,17,30,21945,28945,1,FEASIBLE,WORSE
1661,2,17,31,22002,29002,1,FEASIBLE,WORSE
1662,2,17,32,21930,28930,1,FEASIBLE,WORSE
1663,2,17,33,23022,30222,0,CAPACITY_EXCEEDED,INVALID
1664,2,17,34,22012,29012,1,FEASIBLE,WORSE
1665,2,17,35,23099,30299,0,CAPACITY_EXCEEDED,INVALID
1666,2,17,36,23092,30292,0,CAPACITY_EXCEEDED,INVALID
1667,2,17,37,22157,29157,1,FEASIBLE,WORSE
1668,2,17,38,21833,28833,1,FEASIBLE,WORSE
1669,2,17,39,21720,28720,1,FEASIBLE,WORSE
1670,2,17,40,22188,29188,1,FEASIBLE,WORSE
1671,2,17,41,21787,28787,1,FEASIBLE,WORSE
1672,2,17,42,23119,30319,0,CAPACITY_EXCEEDED,INVALID
1673,2,17,43,22099,29099,1,FEASIBLE,WORSE
1674,2,17,44,21615,28615,1,FEASIBLE,WORSE
1675,2,17,45,22090,29090,1,FEASIBLE,WORSE
1676,2,17,46,21633,28633,1,FEASIBLE,WORSE
1677,2,17,47,23108,30308,0,CAPACITY_EXCEEDED,INVALID
1678,2,17,48,22008,29008,1,FEASIBLE,WORSE
1679,2,17,49,22203,29203,1,FEASIBLE,WORSE
1680,2,17,50,22128,29128,1,FEASIBLE,WORSE
1681,2,17,51,21672,28672,1,FEASIBLE,WORSE
1682,2,17,52,22194,29194,1,FEASIBLE,WORSE
1683,2,17,53,22127,29127,1,FEASIBLE,WORSE
1684,2,17,54,21715,28715,1,FEASIBLE,WORSE
1685,2,17,55,23133,30333,0,CAPACITY_EXCEEDED,INVALID
1686,2,17,56,21791,28791,1,FEASIBLE,WORSE
1687,2,17,57,21813,28813,1,FEASIBLE,WORSE
1688,2,17,58,22851,30051,0,CAPACITY_EXCEEDED,INVALID
1689,2,17,59,22118,29118,1,FEASIBLE,WORSE
1690,2,17,60,21632,28632,1,FEASIBLE,WORSE
1691,2,17,61,22039,29039,1,FEASIBLE,WORSE
1692,2,17,62,21603,28603,1,FEASIBLE,WORSE
1693,2,17,63,23171,30371,0,CAPACITY_EXCEEDED,INVALID
1694,2,17,64,22157,29157,1,FEASIBLE,WORSE
1695,2,17,65,21656,28656,1,FEASIBLE,WORSE
1696,2,17,66,21605,28605,1,FEASIBLE,WORSE
1697,2,17,67,22062,29062,1,FEASIBLE,WORSE
1698,2,17,68,21943,28943,1,FEASIBLE,WORSE
1699,2,17,69,23207,30407,0,CAPACITY_EXCEEDED,INVALID
1700,2,17,70,23210,30410,0,CAPACITY_EXCEEDED,INVALID
1701,2,17,71,22090,29090,1,FEASIBLE,WORSE
1702,2,17,72,22918,30118,0,CAPACITY_EXCEEDED,INVALID
1703,2,17,73,23163,30363,0,CAPACITY_EXCEEDED,INVALID
1704,2,17,74,21975,28975,1,FEASIBLE,WORSE
1705,2,17,75,21600,28600,1,FEASIBLE,WORSE
1706,2,17,76,22168,29168,1,FEASIBLE,WORSE
1707,2,17,77,21846,28846,1,FEASIBLE,WORSE
1708,2,17,78,22887,30087,0,CAPACITY_EXCEEDED,INVALID
1709,2,17,79,21621,28621,1,FEASIBLE,WORSE
1710,2,17,80,22987,30187,0,CAPACITY_EXCEEDED,INVALID
1711,2,17,81,22125,29125,1,FEASIBLE,WORSE
1712,2,17,82,21864,28864,1,FEASIBLE,WORSE
1713,2,17,83,23077,30277,0,CAPACITY_EXCEEDED,INVALID
1714,2,17,84,22797,29997,0,CAPACITY_EXCEEDED,INVALID
1715,2,17,85,21760,28760,1,FEASIBLE,WORSE
1716,2,17,86,21809,28809,1,FEASIBLE,WORSE
1717,2,17,87,23199,30399,0,CAPACITY_EXCEEDED,INVALID
1718,2,17,88,21637,28637,1,FEASIBLE,WORSE
1719,2,17,89,22193,29193,1,FEASIBLE,WORSE
1720,2,17,90,23012,30212,0,CAPACITY_EXCEEDED,INVALID
1721,2,17,91,21883,28883,1,FEASIBLE,WORSE
1722,2,17,92,21778,28778,1,FEASIBLE,WORSE
1723,2,17,93,21998,28998,1,FEASIBLE,WORSE
1724,2,17,94,21767,28767,1,FEASIBLE,WORSE
1725,2,17,95,21887,28887,1,FEASIBLE,WORSE
1726,2,17,96,22123,29123,1,FEASIBLE,WORSE
1727,2,17,97,22842,30042,0,CAPACITY_EXCEEDED,INVALID
1728,2,17,98,22108,29108,1,FEASIBLE,WORSE
1729,2,17,99,22997,30197,0,CAPACITY_EXCEEDED,INVALID
1730,2,18,19,20892,27892,1,FEASIBLE,WORSE
1731,2,18,20,21225,28225,1,FEASIBLE,WORSE
1732,2,18,21,22591,29791,0,CAPACITY_EXCEEDED,INVALID
1733,2,18,22,21432,28432,1,FEASIBLE,WORSE
1734,2,18,23,22563,29763,0,CAPACITY_EXCEEDED,INVALID
1735,2,18,24,21714,28714,1,FEASIBLE,WORSE
1736,2,18,25,21524,28524,1,FEASIBLE,WORSE
1737,2,18,26,22491,29691,0,CAPACITY_EXCEEDED,INVALID
1738,2,18,27,22542,29742,0,CAPACITY_EXCEEDED,INVALID
1739,2,18,28,21394,28394,1,FEASIBLE,WORSE
1740,2,18,29,21728,28728,1,FEASIBLE,WORSE
1741,2,18,30,21549,28549,1,FEASIBLE,WORSE
1742,2,18,31,21606,28606,1,FEASIBLE,WORSE
1743,2,18,32,21534,28534,1,FEASIBLE,WORSE
1744,2,18,33,22626,29826,0,CAPACITY_EXCEEDED,INVALID
1745,2,18,34,21616,28616,1,FEASIBLE,WORSE
1746,2,18,35,22703,29903,0,CAPACITY_EXCEEDED,INVALID
1747,2,18,36,22696,29896,0,CAPACITY_EXCEEDED,INVALID
1748,2,18,37,21761,28761,1,FEASIBLE,WORSE
1749,2,18,38,21437,28437,1,FEASIBLE,WORSE
1750,2,18,39,21324,28324,1,FEASIBLE,WORSE
1751,2,18,40,21792,28792,1,FEASIBLE,WORSE
1752,2,18,41,21391,28391,1,FEASIBLE,WORSE
1753,2,18,42,22723,29923,0,CAPACITY_EXCEEDED,INVALID
1754,2,18,43,21703,28703,1,FEASIBLE,WORSE
1755,2,18,44,21219,28219,1,FEASIBLE,WORSE
1756,2,18,45,21694,28694,1,FEASIBLE,WORSE
1757,2,18,46,21237,28237,1,FEASIBLE,WORSE
1758,2,18,47,22712,29912,0,CAPACITY_EXCEEDED,INVALID
1759,2,18,48,21612,28612,1,FEASIBLE,WORSE
1760,2,18,49,21807,28807,1,FEASIBLE,WORSE
1761,2,18,50,21732,28732,1,FEASIBLE,WORSE
1762,2,18,51,21276,28276,1,FEASIBLE,WORSE
1763,2,18,52,21798,28798,1,FEASIBLE,WORSE
1764,2,18,53,21731,28731,1,FEASIBLE,WORSE
1765,2,18,54,21319,28319,1,FEASIBLE,WORSE
1766,2,18,55,22737,29937,0,CAPACITY_EXCEEDED,INVALID
1767,2,18,56,21395,28395,1,FEASIBLE,WORSE
1768,2,18,57,21417,28417,1,FEASIBLE,WORSE
1769,2,18,58,22455,29655,0,CAPACITY_EXCEEDED,INVALID
1770,2,18,59,21722,28722,1,FEASIBLE,WORSE
1771,2,18,60,21236,28236,1,FEASIBLE,WORSE
1772,2,18,61,21643,28643,1,FEASIBLE,WORSE
1773,2,18,62,21207,28207,1,FEASIBLE,WORSE
1774,2,18,63,22775,29975,0,CAPACITY_EXCEEDED,INVALID
1775,2,18,64,21761,28761,1,FEASIBLE,WORSE
1776,2,18,65,21260,28260,1,FEASIBLE,WORSE
1777,2,18,66,21209,28209,1,FEASIBLE,WORSE
1778,2,18,67,21666,28666,1,FEASIBLE,WORSE
1779,2,18,68,21547,28547,1,FEASIBLE,WORSE
1780,2,18,69,22811,30011,0,CAPACITY_EXCEEDED,INVALID
1781,2,18,70,22814,30014,0,CAPACITY_EXCEEDED,INVALID
1782,2,18,71,21694,28694,1,FEASIBLE,WORSE
1783,2,18,72,22522,29722,0,CAPACITY_EXCEEDED,INVALID
1784,2,18,73,22767,29967,0,CAPACITY_EXCEEDED,INVALID
1785,2,18,74,21579,28579,1,FEASIBLE,WORSE
1786,2,18,75,21204,28204,1,FEASIBLE,WORSE
1787,2,18,76,21772,28772,1,FEASIBLE,WORSE
1788,2,18,77,21450,28450,1,FEASIBLE,WORSE
1789,2,18,78,22491,29691,0,CAPACITY_EXCEEDED,INVALID
1790,2,18,79,21225,28225,1,FEASIBLE,WORSE
1791,2,18,80,22591,29791,0,CAPACITY_EXCEEDED,INVALID
1792,2,18,81,21729,28729,1,FEASIBLE,WORSE
1793,2,18,82,21468,28468,1,FEASIBLE,WORSE
1794,2,18,83,22681,29881,0,CAPACITY_EXCEEDED,INVALID
1795,2,18,84,22401,29601,0,CAPACITY_EXCEEDED,INVALID
1796,2,18,85,21364,28364,1,FEASIBLE,WORSE
1797,2,18,86,21413,28413,1,FEASIBLE,WORSE
1798,2,18,87,22803,30003,0,CAPACITY_EXCEEDED,INVALID
1799,2,18,88,21241,28241,1,FEASIBLE,WORSE
1800,2,18,89,21797,28797,1,FEASIBLE,WORSE
1801,2,18,90,22616,29816,0,CAPACITY_EXCEEDED,INVALID
1802,2,18,91,21487,28487,1,FEASIBLE,WORSE
1803,2,18,92,21382,28382,1,FEASIBLE,WORSE
1804,2,18,93,21602,28602,1,FEASIBLE,WORSE
1805,2,18,94,21371,28371,1,FEASIBLE,WORSE
1806,2,18,95,21491,28491,1,FEASIBLE,WORSE
1807,2,18,96,21727,28727,1,FEASIBLE,WORSE
1808,2,18,97,22446,29646,0,CAPACITY_EXCEEDED,INVALID
1809,2,18,98,21712,28712,1,FEASIBLE,WORSE
1810,2,18,99,22601,29801,0,CAPACITY_EXCEEDED,INVALID
1811,2,19,20,20808,27808,1,FEASIBLE,WORSE
1812,2,19,21,22174,29374,1,FEASIBLE,WORSE
1813,2,19,22,21015,28015,1,FEASIBLE,WORSE
1814,2,19,23,22146,29346,1,FEASIBLE,WORSE
1815,2,19,24,21297,28297,1,FEASIBLE,WORSE
1816,2,19,25,21107,28107,1,FEASIBLE,WORSE
1817,2,19,26,22074,29274,1,FEASIBLE,WORSE
1818,2,19,27,22125,29325,1,FEASIBLE,WORSE
1819,2,19,28,20977,27977,1,FEASIBLE,WORSE
1820,2,19,29,21311,28311,1,FEASIBLE,WORSE
1821,2,19,30,21132,28132,1,FEASIBLE,WORSE
1822,2,19,31,21189,28189,1,FEASIBLE,WORSE
1823,2,19,32,21117,28117,1,FEASIBLE,WORSE
1824,2,19,33,22209,29409,1,FEASIBLE,WORSE
1825,2,19,34,21199,28199,1,FEASIBLE,WORSE
1826,2,19,35,22286,29486,1,FEASIBLE,WORSE
1827,2,19,36,22279,29479,1,FEASIBLE,WORSE
1828,2,19,37,21344,28344,1,FEASIBLE,WORSE
1829,2,19,38,21020,28020,1,FEASIBLE,WORSE
1830,2,19,39,20907,27907,1,FEASIBLE,WORSE
1831,2,19,40,21375,28375,1,FEASIBLE,WORSE
1832,2,19,41,20974,27974,1,FEASIBLE,WORSE
1833,2,19,42,22306,29506,1,FEASIBLE,WORSE
1834,2,19,43,21286,28286,1,FEASIBLE,WORSE
1835,2,19,44,20802,27802,1,FEASIBLE,WORSE
1836,2,19,45,21277,28277,1,FEASIBLE,WORSE
1837,2,19,46,20820,27820,1,FEASIBLE,WORSE
1838,2,19,47,22295,29495,1,FEASIBLE,WORSE
1839,2,19,48,21195,28195,1,FEASIBLE,WORSE
1840,2,19,49,21390,28390,1,FEASIBLE,WORSE
1841,2,19,50,21315,28315,1,FEASIBLE,WORSE
1842,2,19,51,20859,27859,1,FEASIBLE,WORSE
1843,2,19,52,21381,28381,1,FEASIBLE,WORSE
1844,2,19,53,21314,28314,1,FEASIBLE,WORSE
1845,2,19,54,20902,27902,1,FEASIBLE,WORSE
1846,2,19,55,22320,29520,1,FEASIBLE,WORSE
1847,2,19,56,20978,27978,1,FEASIBLE,WORSE
1848,2,19,57,21000,28000,1,FEASIBLE,WORSE
1849,2,19,58,22038,29238,1,FEASIBLE,WORSE
1850,2,19,59,21305,28305,1,FEASIBLE,WORSE
1851,2,19,60,20819,27819,1,FEASIBLE,WORSE
1852,2,19,61,21226,28226,1,FEASIBLE,WORSE
1853,2,19,62,20790,27790,1,FEASIBLE,WORSE
1854,2,19,63,22358,29558,0,CAPACITY_EXCEEDED,INVALID
1855,2,19,64,21344,28344,1,FEASIBLE,WORSE
1856,2,19,65,20843,27843,1,FEASIBLE,WORSE
1857,2,19,66,20792,27792,1,FEASIBLE,WORSE
1858,2,19,67,21249,28249,1,FEASIBLE,WORSE
1859,2,19,68,21130,28130,1,FEASIBLE,WORSE
1860,2,19,69,22394,29594,0,CAPACITY_EXCEEDED,INVALID
1861,2,19,70,22397,29597,0,CAPACITY_EXCEEDED,INVALID
1862,2,19,71,21277,28277,1,FEASIBLE,WORSE
1863,2,19,72,22105,29305,1,FEASIBLE,WORSE
1864,2,19,73,22350,29550,0,CAPACITY_EXCEEDED,INVALID
1865,2,19,74,21162,28162,1,FEASIBLE,WORSE
1866,2,19,75,20787,27787,1,FEASIBLE,WORSE
1867,2,19,76,21355,28355,1,FEASIBLE,WORSE
1868,2,19,77,21033,28033,1,FEASIBLE,WORSE
1869,2,19,78,22074,29274,1,FEASIBLE,WORSE
1870,2,19,79,20808,27808,1,FEASIBLE,WORSE
1871,2,19,80,22174,29374,1,FEASIBLE,WORSE
1872,2,19,81,21312,28312,1,FEASIBLE,WORSE
1873,2,19,82,21051,28051,1,FEASIBLE,WORSE
1874,2,19,83,22264,29464,1,FEASIBLE,WORSE
1875,2,19,84,21984,29184,1,FEASIBLE,WORSE
1876,2,19,85,20947,27947,1,FEASIBLE,WORSE
1877,2,19,86,20996,27996,1,FEASIBLE,WORSE
1878,2,19,87,22386,29586,0,CAPACITY_EXCEEDED,INVALID
1879,2,19,88,20824,27824,1,FEASIBLE,WORSE
1880,2,19,89,21380,28380,1,FEASIBLE,WORSE
1881,2,19,90,22199,29399,1,FEASIBLE,WORSE
1882,2,19,91,21070,28070,1,FEASIBLE,WORSE
1883,2,19,92,20965,27965,1,FEASIBLE,WORSE
1884,2,19,93,21185,28185,1,FEASIBLE,WORSE
1885,2,19,94,20954,27954,1,FEASIBLE,WORSE
1886,2,19,95,21074,28074,1,FEASIBLE,WORSE
1887,2,19,96,21310,28310,1,FEASIBLE,WORSE
1888,2,19,97,22029,29229,1,FEASIBLE,WORSE
1889,2,19,98,21295,28295,1,FEASIBLE,WORSE
1890,2,19,99,22184,29384,1,FEASIBLE,WORSE
1891,2,20,21,22507,29707,0,CAPACITY_EXCEEDED,INVALID
1892,2,20,22,21348,28348,1,FEASIBLE,WORSE
1893,2,20,23,22479,29679,0,CAPACITY_EXCEEDED,INVALID
1894,2,20,24,21630,28630,1,FEASIBLE,WORSE
1895,2,20,25,21440,28440,1,FEASIBLE,WORSE
1896,2,20,26,22407,29607,0,CAPACITY_EXCEEDED,INVALID
1897,2,20,27,22458,29658,0,CAPACITY_EXCEEDED,INVALID
1898,2,20,28,21310,28310,1,FEASIBLE,WORSE
1899,2,20,29,21644,28644,1,FEASIBLE,WORSE
1900,2,20,30,21465,28465,1,FEASIBLE,WORSE
1901,2,20,31,21522,28522,1,FEASIBLE,WORSE
1902,2,20,32,21450,28450,1,FEASIBLE,WORSE
1903,2,20,33,22542,29742,0,CAPACITY_EXCEEDED,INVALID
1904,2,20,34,21532,28532,1,FEASIBLE,WORSE
1905,2,20,35,22619,29819,0,CAPACITY_EXCEEDED,INVALID
1906,2,20,36,22612,29812,0,CAPACITY_EXCEEDED,INVALID
1907,2,20,37,21677,28677,1,FEASIBLE,WORSE
1908,2,20,38,21353,28353,1,FEASIBLE,WORSE
1909,2,20,39,21240,28240,1,FEASIBLE,WORSE
1910,2,20,40,21708,28708,1,FEASIBLE,WORSE
1911,2,20,41,21307,28307,1,FEASIBLE,WORSE
1912,2,20,42,22639,29839,0,CAPACITY_EXCEEDED,INVALID
1913,2,20,43,21619,28619,1,FEASIBLE,WORSE
1914,2,20,44,21135,28135,1,FEASIBLE,WORSE
1915,2,20,45,21610,28610,1,FEASIBLE,WORSE
1916,2,20,46,21153,28153,1,FEASIBLE,WORSE
1917,2,20,47,22628,29828,0,CAPACITY_EXCEEDED,INVALID
1918,2,20,48,21528,28528,1,FEASIBLE,WORSE
1919,2,20,49,21723,28723,1,FEASIBLE,WORSE
1920,2,20,50,21648,28648,1,FEASIBLE,WORSE
1921,2,20,51,21192,28192,1,FEASIBLE,WORSE
1922,2,20,52,21714,28714,1,FEASIBLE,WORSE
1923,2,20,53,21647,28647,1,FEASIBLE,WORSE
1924,2,20,54,21235,28235,1,FEASIBLE,WORSE
1925,2,20,55,22653,29853,0,CAPACITY_EXCEEDED,INVALID
1926,2,20,56,21311,28311,1,FEASIBLE,WORSE
1927,2,20,57,21333,28333,1,FEASIBLE,WORSE
1928,2,20,58,22371,29571,0,CAPACITY_EXCEEDED,INVALID
1929,2,20,59,21638,28638,1,FEASIBLE,WORSE
1930,2,20,60,21152,28152,1,FEASIBLE,WORSE
1931,2,20,61,21559,28559,1,FEASIBLE,WORSE
1932,2,20,62,21123,28123,1,FEASIBLE,WORSE
1933,2,20,63,22691,29891,0,CAPACITY_EXCEEDED,INVALID
1934,2,20,64,21677,28677,1,FEASIBLE,WORSE
1935,2,20,65,21176,28176,1,FEASIBLE,WORSE
1936,2,20,66,21125,28125,1,FEASIBLE,WORSE
1937,2,20,67,21582,28582,1,FEASIBLE,WORSE
1938,2,20,68,21463,28463,1,FEASIBLE,WORSE
1939,2,20,69,22727,29927,0,CAPACITY_EXCEEDED,INVALID
1940,2,20,70,22730,29930,0,CAPACITY_EXCEEDED,INVALID
1941,2,20,71,21610,28610,1,FEASIBLE,WORSE
1942,2,20,72,22438,29638,0,CAPACITY_EXCEEDED,INVALID
1943,2,20,73,22683,29883,0,CAPACITY_EXCEEDED,INVALID
1944,2,20,74,21495,28495,1,FEASIBLE,WORSE
1945,2,20,75,21120,28120,1,FEASIBLE,WORSE
1946,2,20,76,21688,28688,1,FEASIBLE,WORSE
1947,2,20,77,21366,28366,1,FEASIBLE,WORSE
1948,2,20,78,22407,29607,0,CAPACITY_EXCEEDED,INVALID
1949,2,20,79,21141,28141,1,FEASIBLE,WORSE
1950,2,20,80,22507,29707,0,CAPACITY_EXCEEDED,INVALID
1951,2,20,81,21645,28645,1,FEASIBLE,WORSE
1952,2,20,82,21384,28384,1,FEASIBLE,WORSE
1953,2,20,83,22597,29797,0,CAPACITY_EXCEEDED,INVALID
1954,2,20,84,22317,29517,1,FEASIBLE,WORSE
1955,2,20,85,21280,28280,1,FEASIBLE,WORSE
1956,2,20,86,21329,28329,1,FEASIBLE,WORSE
1957,2,20,87,22719,29919,0,CAPACITY_EXCEEDED,INVALID
1958,2,20,88,21157,28157,1,FEASIBLE,WORSE
1959,2,20,89,21713,28713,1,FEASIBLE,WORSE
1960,2,20,90,22532,29732,0,CAPACITY_EXCEEDED,INVALID
1961,2,20,91,21403,28403,1,FEASIBLE,WORSE
1962,2,20,92,21298,28298,1,FEASIBLE,WORSE
1963,2,20,93,21518,28518,1,FEASIBLE,WORSE
1964,2,20,94,21287,28287,1,FEASIBLE,WORSE
1965,2,20,95,21407,28407,1,FEASIBLE,WORSE
1966,2,20,96,21643,28643,1,FEASIBLE,WORSE
1967,2,20,97,22362,29562,0,CAPACITY_EXCEEDED,INVALID
1968,2,20,98,21628,28628,1,FEASIBLE,WORSE
1969,2,20,99,22517,29717,0,CAPACITY_EXCEEDED,INVALID
1970,2,21,22,22714,29914,0,CAPACITY_EXCEEDED,INVALID
1971,2,21,23,23845,31245,0,CAPACITY_EXCEEDED,INVALID
1972,2,21,24,22996,30196,0,CAPACITY_EXCEEDED,INVALID
1973,2,21,25,22806,30006,0,CAPACITY_EXCEEDED,INVALID
1974,2,21,26,23773,31173,0,CAPACITY_EXCEEDED,INVALID
1975,2,21,27,23824,31224,0,CAPACITY_EXCEEDED,INVALID
1976,2,21,28,22676,29876,0,CAPACITY_EXCEEDED,INVALID
1977,2,21,29,23010,30210,0,CAPACITY_EXCEEDED,INVALID
1978,2,21,30,22831,30031,0,CAPACITY_EXCEEDED,INVALID
1979,2,21,31,22888,30088,0,CAPACITY_EXCEEDED,INVALID
1980,2,21,32,22816,30016,0,CAPACITY_EXCEEDED,INVALID
1981,2,21,33,23908,31308,0,CAPACITY_EXCEEDED,INVALID
1982,2,21,34,22898,30098,0,CAPACITY_EXCEEDED,INVALID
1983,2,21,35,23985,31385,0,CAPACITY_EXCEEDED,INVALID
1984,2,21,36,23978,31378,0,CAPACITY_EXCEEDED,INVALID
1985,2,21,37,23043,30243,0,CAPACITY_EXCEEDED,INVALID
1986,2,21,38,22719,29919,0,CAPACITY_EXCEEDED,INVALID
1987,2,21,39,22606,29806,0,CAPACITY_EXCEEDED,INVALID
1988,2,21,40,23074,30274,0,CAPACITY_EXCEEDED,INVALID
1989,2,21,41,22673,29873,0,CAPACITY_EXCEEDED,INVALID
1990,2,21,42,24005,31405,0,CAPACITY_EXCEEDED,INVALID
1991,2,21,43,22985,30185,0,CAPACITY_EXCEEDED,INVALID
1992,2,21,44,22501,29701,0,CAPACITY_EXCEEDED,INVALID
1993,2,21,45,22976,30176,0,CAPACITY_EXCEEDED,INVALID
1994,2,21,46,22519,29719,0,CAPACITY_EXCEEDED,INVALID
1995,2,21,47,23994,31394,0,CAPACITY_EXCEEDED,INVALID
1996,2,21,48,22894,30094,0,CAPACITY_EXCEEDED,INVALID
1997,2,21,49,23089,30289,0,CAPACITY_EXCEEDED,INVALID
1998,2,21,50,23014,30214,0,CAPACITY_EXCEEDED,INVALID
1999,2,21,51,22558,29758,0,CAPACITY_EXCEEDED,INVALID
2000,2,21,52,23080,30280,0,CAPACITY_EXCEEDED,INVALID
2001,2,21,53,23013,30213,0,CAPACITY_EXCEEDED,INVALID
2002,2,21,54,22601,29801,0,CAPACITY_EXCEEDED,INVALID
2003,2,21,55,24019,31419,0,CAPACITY_EXCEEDED,INVALID
2004,2,21,56,22677,29877,0,CAPACITY_EXCEEDED,INVALID
2005,2,21,57,22699,29899,0,CAPACITY_EXCEEDED,INVALID
2006,2,21,58,23737,31137,0,CAPACITY_EXCEEDED,INVALID
2007,2,21,59,23004,30204,0,CAPACITY_EXCEEDED,INVALID
2008,2,21,60,22518,29718,0,CAPACITY_EXCEEDED,INVALID
2009,2,21,61,22925,30125,0,CAPACITY_EXCEEDED,INVALID
2010,2,21,62,22489,29689,0,CAPACITY_EXCEEDED,INVALID
2011,2,21,63,24057,31457,0,CAPACITY_EXCEEDED,INVALID
2012,2,21,64,23043,30243,0,CAPACITY_EXCEEDED,INVALID
2013,2,21,65,22542,29742,0,CAPACITY_EXCEEDED,INVALID
2014,2,21,66,22491,29691,0,CAPACITY_EXCEEDED,INVALID
2015,2,21,67,22948,30148,0,CAPACITY_EXCEEDED,INVALID
2016,2,21,68,22829,30029,0,CAPACITY_EXCEEDED,INVALID
2017,2,21,69,24093,31493,0,CAPACITY_EXCEEDED,INVALID
2018,2,21,70,24096,31496,0,CAPACITY_EXCEEDED,INVALID
2019,2,21,71,22976,30176,0,CAPACITY_EXCEEDED,INVALID
2020,2,21,72,23804,31204,0,CAPACITY_EXCEEDED,INVALID
2021,2,21,73,24049,31449,0,CAPACITY_EXCEEDED,INVALID
2022,2,21,74,22861,30061,0,CAPACITY_EXCEEDED,INVALID
2023,2,21,75,22486,29686,0,CAPACITY_EXCEEDED,INVALID
2024,2,21,76,23054,30254,0,CAPACITY_EXCEEDED,INVALID
2025,2,21,77,22732,29932,0,CAPACITY_EXCEEDED,INVALID
2026,2,21,78,23773,31173,0,CAPACITY_EXCEEDED,INVALID
2027,2,21,79,22507,29707,0,CAPACITY_EXCEEDED,INVALID
2028,2,21,80,23873,31273,0,CAPACITY_EXCEEDED,INVALID
2029,2,21,81,23011,30211,0,CAPACITY_EXCEEDED,INVALID
2030,2,21,82,22750,29950,0,CAPACITY_EXCEEDED,INVALID
2031,2,21,83,23963,31363,0,CAPACITY_EXCEEDED,INVALID
2032,2,21,84,23683,31083,0,CAPACITY_EXCEEDED,INVALID
2033,2,21,85,22646,29846,0,CAPACITY_EXCEEDED,INVALID
2034,2,21,86,22695,29895,0,CAPACITY_EXCEEDED,INVALID
2035,2,21,87,24085,31485,0,CAPACITY_EXCEEDED,INVALID
2036,2,21,88,22523,29723,0,CAPACITY_EXCEEDED,INVALID
2037,2,21,89,23079,30279,0,CAPACITY_EXCEEDED,INVALID
2038,2,21,90,23898,31298,0,CAPACITY_EXCEEDED,INVALID
2039,2,21,91,22769,29969,0,CAPACITY_EXCEEDED,INVALID
2040,2,21,92,22664,29864,0,CAPACITY_EXCEEDED,INVALID
2041,2,21,93,22884,30084,0,CAPACITY_EXCEEDED,INVALID
2042,2,21,94,22653,29853,0,CAPACITY_EXCEEDED,INVALID
2043,2,21,95,22773,29973,0,CAPACITY_EXCEEDED,INVALID
2044,2,21,96,23009,30209,0,CAPACITY_EXCEEDED,INVALID
2045,2,21,97,23728,31128,0,CAPACITY_EXCEEDED,INVALID
2046,2,21,98,22994,30194,0,CAPACITY_EXCEEDED,INVALID
2047,2,21,99,23883,31283,0,CAPACITY_EXCEEDED,INVALID
2048,2,22,23,22686,29886,0,CAPACITY_EXCEEDED,INVALID
2049,2,22,24,21837,28837,1,FEASIBLE,WORSE
2050,2,22,25,21647,28647,1,FEASIBLE,WORSE
2051,2,22,26,22614,29814,0,CAPACITY_EXCEEDED,INVALID
2052,2,22,27,22665,29865,0,CAPACITY_EXCEEDED,INVALID
2053,2,22,28,21517,28517,1,FEASIBLE,WORSE
2054,2,22,29,21851,28851,1,FEASIBLE,WORSE
2055,2,22,30,21672,28672,1,FEASIBLE,WORSE
2056,2,22,31,21729,28729,1,FEASIBLE,WORSE
2057,2,22,32,21657,28657,1,FEASIBLE,WORSE
2058,2,22,33,22749,29949,0,CAPACITY_EXCEEDED,INVALID
2059,2,22,34,21739,28739,1,FEASIBLE,WORSE
2060,2,22,35,22826,30026,0,CAPACITY_EXCEEDED,INVALID
2061,2,22,36,22819,30019,0,CAPACITY_EXCEEDED,INVALID
2062,2,22,37,21884,28884,1,FEASIBLE,WORSE
2063,2,22,38,21560,28560,1,FEASIBLE,WORSE
2064,2,22,39,21447,28447,1,FEASIBLE,WORSE
2065,2,22,40,21915,28915,1,FEASIBLE,WORSE
2066,2,22,41,21514,28514,1,FEASIBLE,WORSE
2067,2,22,42,22846,30046,0,CAPACITY_EXCEEDED,INVALID
2068,2,22,43,21826,28826,1,FEASIBLE,WORSE
2069,2,22,44,21342,28342,1,FEASIBLE,WORSE
2070,2,22,45,21817,28817,1,FEASIBLE,WORSE
2071,2,22,46,21360,28360,1,FEASIBLE,WORSE
2072,2,22,47,22835,30035,0,CAPACITY_EXCEEDED,INVALID
2073,2,22,48,21735,28735,1,FEASIBLE,WORSE
2074,2,22,49,21930,28930,1,FEASIBLE,WORSE
2075,2,22,50,21855,28855,1,FEASIBLE,WORSE
2076,2,22,51,21399,28399,1,FEASIBLE,WORSE
2077,2,22,52,21921,28921,1,FEASIBLE,WORSE
2078,2,22,53,21854,28854,1,FEASIBLE,WORSE
2079,2,22,54,21442,28442,1,FEASIBLE,WORSE
2080,2,22,55,22860,30060,0,CAPACITY_EXCEEDED,INVALID
2081,2,22,56,21518,28518,1,FEASIBLE,WORSE
2082,2,22,57,21540,28540,1,FEASIBLE,WORSE
2083,2,22,58,22578,29778,0,CAPACITY_EXCEEDED,INVALID
2084,2,22,59,21845,28845,1,FEASIBLE,WORSE
2085,2,22,60,21359,28359,1,FEASIBLE,WORSE
2086,2,22,61,21766,28766,1,FEASIBLE,WORSE
2087,2,22,62,21330,28330,1,FEASIBLE,WORSE
2088,2,22,63,22898,30098,0,CAPACITY_EXCEEDED,INVALID
2089,2,22,64,21884,28884,1,FEASIBLE,WORSE
2090,2,22,65,21383,28383,1,FEASIBLE,WORSE
2091,2,22,66,21332,28332,1,FEASIBLE,WORSE
2092,2,22,67,21789,28789,1,FEASIBLE,WORSE
2093,2,22,68,21670,28670,1,FEASIBLE,WORSE
2094,2,22,69,22934,30134,0,CAPACITY_EXCEEDED,INVALID
2095,2,22,70,22937,30137,0,CAPACITY_EXCEEDED,INVALID
2096,2,22,71,21817,28817,1,FEASIBLE,WORSE
2097,2,22,72,22645,29845,0,CAPACITY_EXCEEDED,INVALID
2098,2,22,73,22890,30090,0,CAPACITY_EXCEEDED,INVALID
2099,2,22,74,21702,28702,1,FEASIBLE,WORSE
2100,2,22,75,21327,28327,1,FEASIBLE,WORSE
2101,2,22,76,21895,28895,1,FEASIBLE,WORSE
2102,2,22,77,21573,28573,1,FEASIBLE,WORSE
2103,2,22,78,22614,29814,0,CAPACITY_EXCEEDED,INVALID
2104,2,22,79,21348,28348,1,FEASIBLE,WORSE
2105,2,22,80,22714,29914,0,CAPACITY_EXCEEDED,INVALID
2106,2,22,81,21852,28852,1,FEASIBLE,WORSE
2107,2,22,82,21591,28591,1,FEASIBLE,WORSE
2108,2,22,83,22804,30004,0,CAPACITY_EXCEEDED,INVALID
2109,2,22,84,22524,29724,0,CAPACITY_EXCEEDED,INVALID
2110,2,22,85,21487,28487,1,FEASIBLE,WORSE
2111,2,22,86,21536,28536,1,FEASIBLE,WORSE
2112,2,22,87,22926,30126,0,CAPACITY_EXCEEDED,INVALID
2113,2,22,88,21364,28364,1,FEASIBLE,WORSE
2114,2,22,89,21920,28920,1,FEASIBLE,WORSE
2115,2,22,90,22739,29939,0,CAPACITY_EXCEEDED,INVALID
2116,2,22,91,21610,28610,1,FEASIBLE,WORSE
2117,2,22,92,21505,28505,1,FEASIBLE,WORSE
2118,2,22,93,21725,28725,1,FEASIBLE,WORSE
2119,2,22,94,21494,28494,1,FEASIBLE,WORSE
2120,2,22,95,21614,28614,1,FEASIBLE,WORSE
2121,2,22,96,21850,28850,1,FEASIBLE,WORSE
2122,2,22,97,22569,29769,0,CAPACITY_EXCEEDED,INVALID
2123,2,22,98,21835,28835,1,FEASIBLE,WORSE
2124,2,22,99,22724,29924,0,CAPACITY_EXCEEDED,INVALID
2125,2,23,24,22968,30168,0,CAPACITY_EXCEEDED,INVALID
2126,2,23,25,22778,29978,0,CAPACITY_EXCEEDED,INVALID
2127,2,23,26,23745,31145,0,CAPACITY_EXCEEDED,INVALID
2128,2,23,27,23796,31196,0,CAPACITY_EXCEEDED,INVALID
2129,2,23,28,22648,29848,0,CAPACITY_EXCEEDED,INVALID
2130,2,23,29,22982,30182,0,CAPACITY_EXCEEDED,INVALID
2131,2,23,30,22803,30003,0,CAPACITY_EXCEEDED,INVALID
2132,2,23,31,22860,30060,0,CAPACITY_EXCEEDED,INVALID
2133,2,23,32,22788,29988,0,CAPACITY_EXCEEDED,INVALID
2134,2,23,33,23880,31280,0,CAPACITY_EXCEEDED,INVALID
2135,2,23,34,22870,30070,0,CAPACITY_EXCEEDED,INVALID
2136,2,23,35,23957,31357,0,CAPACITY_EXCEEDED,INVALID
2137,2,23,36,23950,31350,0,CAPACITY_EXCEEDED,INVALID
2138,2,23,37,23015,30215,0,CAPACITY_EXCEEDED,INVALID
2139,2,23,38,22691,29891,0,CAPACITY_EXCEEDED,INVALID
2140,2,23,39,22578,29778,0,CAPACITY_EXCEEDED,INVALID
2141,2,23,40,23046,30246,0,CAPACITY_EXCEEDED,INVALID
2142,2,23,41,22645,29845,0,CAPACITY_EXCEEDED,INVALID
2143,2,23,42,23977,31377,0,CAPACITY_EXCEEDED,INVALID
2144,2,23,43,22957,30157,0,CAPACITY_EXCEEDED,INVALID
2145,2,23,44,22473,29673,0,CAPACITY_EXCEEDED,INVALID
2146,2,23,45,22948,30148,0,CAPACITY_EXCEEDED,INVALID
2147,2,23,46,22491,29691,0,CAPACITY_EXCEEDED,INVALID
2148,2,23,47,23966,31366,0,CAPACITY_EXCEEDED,INVALID
2149,2,23,48,22866,30066,0,CAPACITY_EXCEEDED,INVALID
2150,2,23,49,23061,30261,0,CAPACITY_EXCEEDED,INVALID
2151,2,23,50,22986,30186,0,CAPACITY_EXCEEDED,INVALID
2152,2,23,51,22530,29730,0,CAPACITY_EXCEEDED,INVALID
2153,2,23,52,23052,30252,0,CAPACITY_EXCEEDED,INVALID
2154,2,23,53,22985,30185,0,CAPACITY_EXCEEDED,INVALID
2155,2,23,54,22573,29773,0,CAPACITY_EXCEEDED,INVALID
2156,2,23,55,23991,31391,0,CAPACITY_EXCEEDED,INVALID
2157,2,23,56,22649,29849,0,CAPACITY_EXCEEDED,INVALID
2158,2,23,57,22671,29871,0,CAPACITY_EXCEEDED,INVALID
2159,2,23,58,23709,31109,0,CAPACITY_EXCEEDED,INVALID
2160,2,23,59,22976,30176,0,CAPACITY_EXCEEDED,INVALID
2161,2,23,60,22490,29690,0,CAPACITY_EXCEEDED,INVALID
2162,2,23,61,22897,30097,0,CAPACITY_EXCEEDED,INVALID
2163,2,23,62,22461,29661,0,CAPACITY_EXCEEDED,INVALID
2164,2,23,63,24029,31429,0,CAPACITY_EXCEEDED,INVALID
2165,2,23,64,23015,30215,0,CAPACITY_EXCEEDED,INVALID
2166,2,23,65,22514,29714,0,CAPACITY_EXCEEDED,INVALID
2167,2,23,66,22463,29663,0,CAPACITY_EXCEEDED,INVALID
2168,2,23,67,22920,30120,0,CAPACITY_EXCEEDED,INVALID
2169,2,23,68,22801,30001,0,CAPACITY_EXCEEDED,INVALID
2170,2,23,69,24065,31465,0,CAPACITY_EXCEEDED,INVALID
2171,2,23,70,24068,31468,0,CAPACITY_EXCEEDED,INVALID
2172,2,23,71,22948,30148,0,CAPACITY_EXCEEDED,INVALID
2173,2,23,72,23776,31176,0,CAPACITY_EXCEEDED,INVALID
2174,2,23,73,24021,31421,0,CAPACITY_EXCEEDED,INVALID
2175,2,23,74,22833,30033,0,CAPACITY_EXCEEDED,INVALID
2176,2,23,75,22458,29658,0,CAPACITY_EXCEEDED,INVALID
2177,2,23,76,23026,30226,0,CAPACITY_EXCEEDED,INVALID
2178,2,23,77,22704,29904,0,CAPACITY_EXCEEDED,INVALID
2179,2,23,78,23745,31145,0,CAPACITY_EXCEEDED,INVALID
2180,2,23,79,22479,29679,0,CAPACITY_EXCEEDED,INVALID
2181,2,23,80,23845,31245,0,CAPACITY_EXCEEDED,INVALID
2182,2,23,81,22983,30183,0,CAPACITY_EXCEEDED,INVALID
2183,2,23,82,22722,29922,0,CAPACITY_EXCEEDED,INVALID
2184,2,23,83,23935,31335,0,CAPACITY_EXCEEDED,INVALID
2185,2,23,84,23655,31055,0,CAPACITY_EXCEEDED,INVALID
2186,2,23,85,22618,29818,0,CAPACITY_EXCEEDED,INVALID
2187,2,23,86,22667,29867,0,CAPACITY_EXCEEDED,INVALID
2188,2,23,87,24057,31457,0,CAPACITY_EXCEEDED,INVALID
2189,2,23,88,22495,29695,0,CAPACITY_EXCEEDED,INVALID
2190,2,23,89,23051,30251,0,CAPACITY_EXCEEDED,INVALID
2191,2,23,90,23870,31270,0,CAPACITY_EXCEEDED,INVALID
2192,2,23,91,22741,29941,0,CAPACITY_EXCEEDED,INVALID
2193,2,23,92,22636,29836,0,CAPACITY_EXCEEDED,INVALID
2194,2,23,93,22856,30056,0,CAPACITY_EXCEEDED,INVALID
2195,2,23,94,22625,29825,0,CAPACITY_EXCEEDED,INVALID
2196,2,23,95,22745,29945,0,CAPACITY_EXCEEDED,INVALID
2197,2,23,96,22981,30181,0,CAPACITY_EXCEEDED,INVALID
2198,2,23,97,23700,31100,0,CAPACITY_EXCEEDED,INVALID
2199,2,23,98,22966,30166,0,CAPACITY_EXCEEDED,INVALID
2200,2,23,99,23855,31255,0,CAPACITY_EXCEEDED,INVALID
2201,2,24,25,21929,28929,1,FEASIBLE,WORSE
2202,2,24,26,22896,30096,0,CAPACITY_EXCEEDED,INVALID
2203,2,24,27,22947,30147,0,CAPACITY_EXCEEDED,INVALID
2204,2,24,28,21799,28799,1,FEASIBLE,WORSE
2205,2,24,29,22133,29133,1,FEASIBLE,WORSE
2206,2,24,30,21954,28954,1,FEASIBLE,WORSE
2207,2,24,31,22011,29011,1,FEASIBLE,WORSE
2208,2,24,32,21939,28939,1,FEASIBLE,WORSE
2209,2,24,33,23031,30231,0,CAPACITY_EXCEEDED,INVALID
2210,2,24,34,22021,29021,1,FEASIBLE,WORSE
2211,2,24,35,23108,30308,0,CAPACITY_EXCEEDED,INVALID
2212,2,24,36,23101,30301,0,CAPACITY_EXCEEDED,INVALID
2213,2,24,37,22166,29166,1,FEASIBLE,WORSE
2214,2,24,38,21842,28842,1,FEASIBLE,WORSE
2215,2,24,39,21729,28729,1,FEASIBLE,WORSE
2216,2,24,40,22197,29197,1,FEASIBLE,WORSE
2217,2,24,41,21796,28796,1,FEASIBLE,WORSE
2218,2,24,42,23128,30328,0,CAPACITY_EXCEEDED,INVALID
2219,2,24,43,22108,29108,1,FEASIBLE,WORSE
2220,2,24,44,21624,28624,1,FEASIBLE,WORSE
2221,2,24,45,22099,29099,1,FEASIBLE,WORSE
2222,2,24,46,21642,28642,1,FEASIBLE,WORSE
2223,2,24,47,23117,30317,0,CAPACITY_EXCEEDED,INVALID
2224,2,24,48,22017,29017,1,FEASIBLE,WORSE
2225,2,24,49,22212,29212,1,FEASIBLE,WORSE
2226,2,24,50,22137,29137,1,FEASIBLE,WORSE
2227,2,24,51,21681,28681,1,FEASIBLE,WORSE
2228,2,24,52,22203,29203,1,FEASIBLE,WORSE
2229,2,24,53,22136,29136,1,FEASIBLE,WORSE
2230,2,24,54,21724,28724,1,FEASIBLE,WORSE
2231,2,24,55,23142,30342,0,CAPACITY_EXCEEDED,INVALID
2232,2,24,56,21800,28800,1,FEASIBLE,WORSE
2233,2,24,57,21822,28822,1,FEASIBLE,WORSE
2234,2,24,58,22860,30060,0,CAPACITY_EXCEEDED,INVALID
2235,2,24,59,22127,29127,1,FEASIBLE,WORSE
2236,2,24,60,21641,28641,1,FEASIBLE,WORSE
2237,2,24,61,22048,29048,1,FEASIBLE,WORSE
2238,2,24,62,21612,28612,1,FEASIBLE,WORSE
2239,2,24,63,23180,30380,0,CAPACITY_EXCEEDED,INVALID
2240,2,24,64,22166,29166,1,FEASIBLE,WORSE
2241,2,24,65,21665,28665,1,FEASIBLE,WORSE
2242,2,24,66,21614,28614,1,FEASIBLE,WORSE
2243,2,24,67,22071,29071,1,FEASIBLE,WORSE
2244,2,24,68,21952,28952,1,FEASIBLE,WORSE
2245,2,24,69,23216,30416,0,CAPACITY_EXCEEDED,INVALID
2246,2,24,70,23219,30419,0,CAPACITY_EXCEEDED,INVALID
2247,2,24,71,22099,29099,1,FEASIBLE,WORSE
2248,2,24,72,22927,30127,0,CAPACITY_EXCEEDED,INVALID
2249,2,24,73,23172,30372,0,CAPACITY_EXCEEDED,INVALID
2250,2,24,74,21984,28984,1,FEASIBLE,WORSE
2251,2,24,75,21609,28609,1,FEASIBLE,WORSE
2252,2,24,76,22177,29177,1,FEASIBLE,WORSE
2253,2,24,77,21855,28855,1,FEASIBLE,WORSE
2254,2,24,78,22896,30096,0,CAPACITY_EXCEEDED,INVALID
2255,2,24,79,21630,28630,1,FEASIBLE,WORSE
2256,2,24,80,22996,30196,0,CAPACITY_EXCEEDED,INVALID
2257,2,24,81,22134,29134,1,FEASIBLE,WORSE
2258,2,24,82,21873,28873,1,FEASIBLE,WORSE
2259,2,24,83,23086,30286,0,CAPACITY_EXCEEDED,INVALID
2260,2,24,84,22806,30006,0,CAPACITY_EXCEEDED,INVALID
2261,2,24,85,21769,28769,1,FEASIBLE,WORSE
2262,2,24,86,21818,28818,1,FEASIBLE,WORSE
2263,2,24,87,23208,30408,0,CAPACITY_EXCEEDED,INVALID
2264,2,24,88,21646,28646,1,FEASIBLE,WORSE
2265,2,24,89,22202,29202,1,FEASIBLE,WORSE
2266,2,24,90,23021,30221,0,CAPACITY_EXCEEDED,INVALID
2267,2,24,91,21892,28892,1,FEASIBLE,WORSE
2268,2,24,92,21787,28787,1,FEASIBLE,WORSE
2269,2,24,93,22007,29007,1,FEASIBLE,WORSE
2270,2,24,94,21776,28776,1,FEASIBLE,WORSE
2271,2,24,95,21896,28896,1,FEASIBLE,WORSE
2272,2,24,96,22132,29132,1,FEASIBLE,WORSE
2273,2,24,97,22851,30051,0,CAPACITY_EXCEEDED,INVALID
2274,2,24,98,22117,29117,1,FEASIBLE,WORSE
2275,2,24,99,23006,30206,0,CAPACITY_EXCEEDED,INVALID
2276,2,25,26,22706,29906,0,CAPACITY_EXCEEDED,INVALID
2277,2,25,27,22757,29957,0,CAPACITY_EXCEEDED,INVALID
2278,2,25,28,21609,28609,1,FEASIBLE,WORSE
2279,2,25,29,21943,28943,1,FEASIBLE,WORSE
2280,2,25,30,21764,28764,1,FEASIBLE,WORSE
2281,2,25,31,21821,28821,1,FEASIBLE,WORSE
2282,2,25,32,21749,28749,1,FEASIBLE,WORSE
2283,2,25,33,22841,30041,0,CAPACITY_EXCEEDED,INVALID
2284,2,25,34,21831,28831,1,FEASIBLE,WORSE
2285,2,25,35,22918,30118,0,CAPACITY_EXCEEDED,INVALID
2286,2,25,36,22911,30111,0,CAPACITY_EXCEEDED,INVALID
2287,2,25,37,21976,28976,1,FEASIBLE,WORSE
2288,2,25,38,21652,28652,1,FEASIBLE,WORSE
2289,2,25,39,21539,28539,1,FEASIBLE,WORSE
2290,2,25,40,22007,29007,1,FEASIBLE,WORSE
2291,2,25,41,21606,28606,1,FEASIBLE,WORSE
2292,2,25,42,22938,30138,0,CAPACITY_EXCEEDED,INVALID
2293,2,25,43,21918,28918,1,FEASIBLE,WORSE
2294,2,25,44,21434,28434,1,FEASIBLE,WORSE
2295,2,25,45,21909,28909,1,FEASIBLE,WORSE
2296,2,25,46,21452,28452,1,FEASIBLE,WORSE
2297,2,25,47,22927,30127,0,CAPACITY_EXCEEDED,INVALID
2298,2,25,48,21827,28827,1,FEASIBLE,WORSE
2299,2,25,49,22022,29022,1,FEASIBLE,WORSE
2300,2,25,50,21947,28947,1,FEASIBLE,WORSE
2301,2,25,51,21491,28491,1,FEASIBLE,WORSE
2302,2,25,52,22013,29013,1,FEASIBLE,WORSE
2303,2,25,53,21946,28946,1,FEASIBLE,WORSE
2304,2,25,54,21534,28534,1,FEASIBLE,WORSE
2305,2,25,55,22952,30152,0,CAPACITY_EXCEEDED,INVALID
2306,2,25,56,21610,28610,1,FEASIBLE,WORSE
2307,2,25,57,21632,28632,1,FEASIBLE,WORSE
2308,2,25,58,22670,29870,0,CAPACITY_EXCEEDED,INVALID
2309,2,25,59,21937,28937,1,FEASIBLE,WORSE
2310,2,25,60,21451,28451,1,FEASIBLE,WORSE
2311,2,25,61,21858,28858,1,FEASIBLE,WORSE
2312,2,25,62,21422,28422,1,FEASIBLE,WORSE
2313,2,25,63,22990,30190,0,CAPACITY_EXCEEDED,INVALID
2314,2,25,64,21976,28976,1,FEASIBLE,WORSE
2315,2,25,65,21475,28475,1,FEASIBLE,WORSE
2316,2,25,66,21424,28424,1,FEASIBLE,WORSE
2317,2,25,67,21881,28881,1,FEASIBLE,WORSE
2318,2,25,68,21762,28762,1,FEASIBLE,WORSE
2319,2,25,69,23026,30226,0,CAPACITY_EXCEEDED,INVALID
2320,2,25,70,23029,30229,0,CAPACITY_EXCEEDED,INVALID
2321,2,25,71,21909,28909,1,FEASIBLE,WORSE
2322,2,25,72,22737,29937,0,CAPACITY_EXCEEDED,INVALID
2323,2,25,73,22982,30182,0,CAPACITY_EXCEEDED,INVALID
2324,2,25,74,21794,28794,1,FEASIBLE,WORSE
2325,2,25,75,21419,28419,1,FEASIBLE,WORSE
2326,2,25,76,21987,28987,1,FEASIBLE,WORSE
2327,2,25,77,21665,28665,1,FEASIBLE,WORSE
2328,2,25,78,22706,29906,0,CAPACITY_EXCEEDED,INVALID
2329,2,25,79,21440,28440,1,FEASIBLE,WORSE
2330,2,25,80,22806,30006,0,CAPACITY_EXCEEDED,INVALID
2331,2,25,81,21944,28944,1,FEASIBLE,WORSE
2332,2,25,82,21683,28683,1,FEASIBLE,WORSE
2333,2,25,83,22896,30096,0,CAPACITY_EXCEEDED,INVALID
2334,2,25,84,22616,29816,0,CAPACITY_EXCEEDED,INVALID
2335,2,25,85,21579,28579,1,FEASIBLE,WORSE
2336,2,25,86,21628,28628,1,FEASIBLE,WORSE
2337,2,25,87,23018,30218,0,CAPACITY_EXCEEDED,INVALID
2338,2,25,88,21456,28456,1,FEASIBLE,WORSE
2339,2,25,89,22012,29012,1,FEASIBLE,WORSE
2340,2,25,90,22831,30031,0,CAPACITY_EXCEEDED,INVALID
2341,2,25,91,21702,28702,1,FEASIBLE,WORSE
2342,2,25,92,21597,28597,1,FEASIBLE,WORSE
2343,2,25,93,21817,28817,1,FEASIBLE,WORSE
2344,2,25,94,21586,28586,1,FEASIBLE,WORSE
2345,2,25,95,21706,28706,1,FEASIBLE,WORSE
2346,2,25,96,21942,28942,1,FEASIBLE,WORSE
2347,2,25,97,22661,29861,0,CAPACITY_EXCEEDED,INVALID
2348,2,25,98,21927,28927,1,FEASIBLE,WORSE
2349,2,25,99,22816,30016,0,CAPACITY_EXCEEDED,INVALID
2350,2,26,27,23724,31124,0,CAPACITY_EXCEEDED,INVALID
2351,2,26,28,22576,29776,0,CAPACITY_EXCEEDED,INVALID
2352,2,26,29,22910,30110,0,CAPACITY_EXCEEDED,INVALID
2353,2,26,30,22731,29931,0,CAPACITY_EXCEEDED,INVALID
2354,2,26,31,22788,29988,0,CAPACITY_EXCEEDED,INVALID
2355,2,26,32,22716,29916,0,CAPACITY_EXCEEDED,INVALID
2356,2,26,33,23808,31208,0,CAPACITY_EXCEEDED,INVALID
2357,2,26,34,22798,29998,0,CAPACITY_EXCEEDED,INVALID
2358,2,26,35,23885,31285,0,CAPACITY_EXCEEDED,INVALID
2359,2,26,36,23878,31278,0,CAPACITY_EXCEEDED,INVALID
2360,2,26,37,22943,30143,0,CAPACITY_EXCEEDED,INVALID
2361,2,26,38,22619,29819,0,CAPACITY_EXCEEDED,INVALID
2362,2,26,39,22506,29706,0,CAPACITY_EXCEEDED,INVALID
2363,2,26,40,22974,30174,0,CAPACITY_EXCEEDED,INVALID
2364,2,26,41,22573,29773,0,CAPACITY_EXCEEDED,INVALID
2365,2,26,42,23905,31305,0,CAPACITY_EXCEEDED,INVALID
2366,2,26,43,22885,30085,0,CAPACITY_EXCEEDED,INVALID
2367,2,26,44,22401,29601,0,CAPACITY_EXCEEDED,INVALID
2368,2,26,45,22876,30076,0,CAPACITY_EXCEEDED,INVALID
2369,2,26,46,22419,29619,0,CAPACITY_EXCEEDED,INVALID
2370,2,26,47,23894,31294,0,CAPACITY_EXCEEDED,INVALID
2371,2,26,48,22794,29994,0,CAPACITY_EXCEEDED,INVALID
2372,2,26,49,22989,30189,0,CAPACITY_EXCEEDED,INVALID
2373,2,26,50,22914,30114,0,CAPACITY_EXCEEDED,INVALID
2374,2,26,51,22458,29658,0,CAPACITY_EXCEEDED,INVALID
2375,2,26,52,22980,30180,0,CAPACITY_EXCEEDED,INVALID
2376,2,26,53,22913,30113,0,CAPACITY_EXCEEDED,INVALID
2377,2,26,54,22501,29701,0,CAPACITY_EXCEEDED,INVALID
2378,2,26,55,23919,31319,0,CAPACITY_EXCEEDED,INVALID
2379,2,26,56,22577,29777,0,CAPACITY_EXCEEDED,INVALID
2380,2,26,57,22599,29799,0,CAPACITY_EXCEEDED,INVALID
2381,2,26,58,23637,31037,0,CAPACITY_EXCEEDED,INVALID
2382,2,26,59,22904,30104,0,CAPACITY_EXCEEDED,INVALID
2383,2,26,60,22418,29618,0,CAPACITY_EXCEEDED,INVALID
2384,2,26,61,22825,30025,0,CAPACITY_EXCEEDED,INVALID
2385,2,26,62,22389,29589,0,CAPACITY_EXCEEDED,INVALID
2386,2,26,63,23957,31357,0,CAPACITY_EXCEEDED,INVALID
2387,2,26,64,22943,30143,0,CAPACITY_EXCEEDED,INVALID
2388,2,26,65,22442,29642,0,CAPACITY_EXCEEDED,INVALID
2389,2,26,66,22391,29591,0,CAPACITY_EXCEEDED,INVALID
2390,2,26,67,22848,30048,0,CAPACITY_EXCEEDED,INVALID
2391,2,26,68,22729,29929,0,CAPACITY_EXCEEDED,INVALID
2392,2,26,69,23993,31393,0,CAPACITY_EXCEEDED,INVALID
2393,2,26,70,23996,31396,0,CAPACITY_EXCEEDED,INVALID
2394,2,26,71,22876,30076,0,CAPACITY_EXCEEDED,INVALID
2395,2,26,72,23704,31104,0,CAPACITY_EXCEEDED,INVALID
2396,2,26,73,23949,31349,0,CAPACITY_EXCEEDED,INVALID
2397,2,26,74,22761,29961,0,CAPACITY_EXCEEDED,INVALID
2398,2,26,75,22386,29586,0,CAPACITY_EXCEEDED,INVALID
2399,2,26,76,22954,30154,0,CAPACITY_EXCEEDED,INVALID
2400,2,26,77,22632,29832,0,CAPACITY_EXCEEDED,INVALID
2401,2,26,78,23673,31073,0,CAPACITY_EXCEEDED,INVALID
2402,2,26,79,22407,29607,0,CAPACITY_EXCEEDED,INVALID
2403,2,26,80,23773,31173,0,CAPACITY_EXCEEDED,INVALID
2404,2,26,81,22911,30111,0,CAPACITY_EXCEEDED,INVALID
2405,2,26,82,22650,29850,0,CAPACITY_EXCEEDED,INVALID
2406,2,26,83,23863,31263,0,CAPACITY_EXCEEDED,INVALID
2407,2,26,84,23583,30983,0,CAPACITY_EXCEEDED,INVALID
2408,2,26,85,22546,29746,0,CAPACITY_EXCEEDED,INVALID
2409,2,26,86,22595,29795,0,CAPACITY_EXCEEDED,INVALID
2410,2,26,87,23985,31385,0,CAPACITY_EXCEEDED,INVALID
2411,2,26,88,22423,29623,0,CAPACITY_EXCEEDED,INVALID
2412,2,26,89,22979,30179,0,CAPACITY_EXCEEDED,INVALID
2413,2,26,90,23798,31198,0,CAPACITY_EXCEEDED,INVALID
2414,2,26,91,22669,29869,0,CAPACITY_EXCEEDED,INVALID
2415,2,26,92,22564,29764,0,CAPACITY_EXCEEDED,INVALID
2416,2,26,93,22784,29984,0,CAPACITY_EXCEEDED,INVALID
2417,2,26,94,22553,29753,0,CAPACITY_EXCEEDED,INVALID
2418,2,26,95,22673,29873,0,CAPACITY_EXCEEDED,INVALID
2419,2,26,96,22909,30109,0,CAPACITY_EXCEEDED,INVALID
2420,2,26,97,23628,31028,0,CAPACITY_EXCEEDED,INVALID
2421,2,26,98,22894,30094,0,CAPACITY_EXCEEDED,INVALID
2422,2,26,99,23783,31183,0,CAPACITY_EXCEEDED,INVALID
2423,2,27,28,22627,29827,0,CAPACITY_EXCEEDED,INVALID
2424,2,27,29,22961,30161,0,CAPACITY_EXCEEDED,INVALID
2425,2,27,30,22782,29982,0,CAPACITY_EXCEEDED,INVALID
2426,2,27,31,22839,30039,0,CAPACITY_EXCEEDED,INVALID
2427,2,27,32,22767,29967,0,CAPACITY_EXCEEDED,INVALID
2428,2,27,33,23859,31259,0,CAPACITY_EXCEEDED,INVALID
2429,2,27,34,22849,30049,0,CAPACITY_EXCEEDED,INVALID
2430,2,27,35,23936,31336,0,CAPACITY_EXCEEDED,INVALID
2431,2,27,36,23929,31329,0,CAPACITY_EXCEEDED,INVALID
2432,2,27,37,22994,30194,0,CAPACITY_EXCEEDED,INVALID
2433,2,27,38,22670,29870,0,CAPACITY_EXCEEDED,INVALID
2434,2,27,39,22557,29757,0,CAPACITY_EXCEEDED,INVALID
2435,2,27,40,23025,30225,0,CAPACITY_EXCEEDED,INVALID
2436,2,27,41,22624,29824,0,CAPACITY_EXCEEDED,INVALID
2437,2,27,42,23956,31356,0,CAPACITY_EXCEEDED,INVALID
2438,2,27,43,22936,30136,0,CAPACITY_EXCEEDED,INVALID
2439,2,27,44,22452,29652,0,CAPACITY_EXCEEDED,INVALID
2440,2,27,45,22927,30127,0,CAPACITY_EXCEEDED,INVALID
2441,2,27,46,22470,29670,0,CAPACITY_EXCEEDED,INVALID
2442,2,27,47,23945,31345,0,CAPACITY_EXCEEDED,INVALID
2443,2,27,48,22845,30045,0,CAPACITY_EXCEEDED,INVALID
2444,2,27,49,23040,30240,0,CAPACITY_EXCEEDED,INVALID
2445,2,27,50,22965,30165,0,CAPACITY_EXCEEDED,INVALID
2446,2,27,51,22509,29709,0,CAPACITY_EXCEEDED,INVALID
2447,2,27,52,23031,30231,0,CAPACITY_EXCEEDED,INVALID
2448,2,27,53,22964,30164,0,CAPACITY_EXCEEDED,INVALID
2449,2,27,54,22552,29752,0,CAPACITY_EXCEEDED,INVALID
2450,2,27,55,23970,31370,0,CAPACITY_EXCEEDED,INVALID
2451,2,27,56,22628,29828,0,CAPACITY_EXCEEDED,INVALID
2452,2,27,57,22650,29850,0,CAPACITY_EXCEEDED,INVALID
2453,2,27,58,23688,31088,0,CAPACITY_EXCEEDED,INVALID
2454,2,27,59,22955,30155,0,CAPACITY_EXCEEDED,INVALID
2455,2,27,60,22469,29669,0,CAPACITY_EXCEEDED,INVALID
2456,2,27,61,22876,30076,0,CAPACITY_EXCEEDED,INVALID
2457,2,27,62,22440,29640,0,CAPACITY_EXCEEDED,INVALID
2458,2,27,63,24008,31408,0,CAPACITY_EXCEEDED,INVALID
2459,2,27,64,22994,30194,0,CAPACITY_EXCEEDED,INVALID
2460,2,27,65,22493,29693,0,CAPACITY_EXCEEDED,INVALID
2461,2,27,66,22442,29642,0,CAPACITY_EXCEEDED,INVALID
2462,2,27,67,22899,30099,0,CAPACITY_EXCEEDED,INVALID
2463,2,27,68,22780,29980,0,CAPACITY_EXCEEDED,INVALID
2464,2,27,69,24044,31444,0,CAPACITY_EXCEEDED,INVALID
2465,2,27,70,24047,31447,0,CAPACITY_EXCEEDED,INVALID
2466,2,27,71,22927,30127,0,CAPACITY_EXCEEDED,INVALID
2467,2,27,72,23755,31155,0,CAPACITY_EXCEEDED,INVALID
2468,2,27,73,24000,31400,0,CAPACITY_EXCEEDED,INVALID
2469,2,27,74,22812,30012,0,CAPACITY_EXCEEDED,INVALID
2470,2,27,75,22437,29637,0,CAPACITY_EXCEEDED,INVALID
2471,2,27,76,23005,30205,0,CAPACITY_EXCEEDED,INVALID
2472,2,27,77,22683,29883,0,CAPACITY_EXCEEDED,INVALID
2473,2,27,78,23724,31124,0,CAPACITY_EXCEEDED,INVALID
2474,2,27,79,22458,29658,0,CAPACITY_EXCEEDED,INVALID
2475,2,27,80,23824,31224,0,CAPACITY_EXCEEDED,INVALID
2476,2,27,81,22962,30162,0,CAPACITY_EXCEEDED,INVALID
2477,2,27,82,22701,29901,0,CAPACITY_EXCEEDED,INVALID
2478,2,27,83,23914,31314,0,CAPACITY_EXCEEDED,INVALID
2479,2,27,84,23634,31034,0,CAPACITY_EXCEEDED,INVALID
2480,2,27,85,22597,29797,0,CAPACITY_EXCEEDED,INVALID
2481,2,27,86,22646,29846,0,CAPACITY_EXCEEDED,INVALID
2482,2,27,87,24036,31436,0,CAPACITY_EXCEEDED,INVALID
2483,2,27,88,22474,29674,0,CAPACITY_EXCEEDED,INVALID
2484,2,27,89,23030,30230,0,CAPACITY_EXCEEDED,INVALID
2485,2,27,90,23849,31249,0,CAPACITY_EXCEEDED,INVALID
2486,2,27,91,22720,29920,0,CAPACITY_EXCEEDED,INVALID
2487,2,27,92,22615,29815,0,CAPACITY_EXCEEDED,INVALID
2488,2,27,93,22835,30035,0,CAPACITY_EXCEEDED,INVALID
2489,2,27,94,22604,29804,0,CAPACITY_EXCEEDED,INVALID
2490,2,27,95,22724,29924,0,CAPACITY_EXCEEDED,INVALID
2491,2,27,96,22960,30160,0,CAPACITY_EXCEEDED,INVALID
2492,2,27,97,23679,31079,0,CAPACITY_EXCEEDED,INVALID
2493,2,27,98,22945,30145,0,CAPACITY_EXCEEDED,INVALID
2494,2,27,99,23834,31234,0,CAPACITY_EXCEEDED,INVALID
2495,2,28,29,21813,28813,1,FEASIBLE,WORSE
2496,2,28,30,21634,28634,1,FEASIBLE,WORSE
2497,2,28,31,21691,28691,1,FEASIBLE,WORSE
2498,2,28,32,21619,28619,1,FEASIBLE,WORSE
2499,2,28,33,22711,29911,0,CAPACITY_EXCEEDED,INVALID
2500,2,28,34,21701,28701,1,FEASIBLE,WORSE
2501,2,28,35,22788,29988,0,CAPACITY_EXCEEDED,INVALID
2502,2,28,36,22781,29981,0,CAPACITY_EXCEEDED,INVALID
2503,2,28,37,21846,28846,1,FEASIBLE,WORSE
2504,2,28,38,21522,28522,1,FEASIBLE,WORSE
2505,2,28,39,21409,28409,1,FEASIBLE,WORSE
2506,2,28,40,21877,28877,1,FEASIBLE,WORSE
2507,2,28,41,21476,28476,1,FEASIBLE,WORSE
2508,2,28,42,22808,30008,0,CAPACITY_EXCEEDED,INVALID
2509,2,28,43,21788,28788,1,FEASIBLE,WORSE
2510,2,28,44,21304,28304,1,FEASIBLE,WORSE
2511,2,28,45,21779,28779,1,FEASIBLE,WORSE
2512,2,28,46,21322,28322,1,FEASIBLE,WORSE
2513,2,28,47,22797,29997,0,CAPACITY_EXCEEDED,INVALID
2514,2,28,48,21697,28697,1,FEASIBLE,WORSE
2515,2,28,49,21892,28892,1,FEASIBLE,WORSE
2516,2,28,50,21817,28817,1,FEASIBLE,WORSE
2517,2,28,51,21361,28361,1,FEASIBLE,WORSE
2518,2,28,52,21883,28883,1,FEASIBLE,WORSE
2519,2,28,53,21816,28816,1,FEASIBLE,WORSE
2520,2,28,54,21404,28404,1,FEASIBLE,WORSE
2521,2,28,55,22822,30022,0,CAPACITY_EXCEEDED,INVALID
2522,2,28,56,21480,28480,1,FEASIBLE,WORSE
2523,2,28,57,21502,28502,1,FEASIBLE,WORSE
2524,2,28,58,22540,29740,0,CAPACITY_EXCEEDED,INVALID
2525,2,28,59,21807,28807,1,FEASIBLE,WORSE
2526,2,28,60,21321,28321,1,FEASIBLE,WORSE
2527,2,28,61,21728,28728,1,FEASIBLE,WORSE
2528,2,28,62,21292,28292,1,FEASIBLE,WORSE
2529,2,28,63,22860,30060,0,CAPACITY_EXCEEDED,INVALID
2530,2,28,64,21846,28846,1,FEASIBLE,WORSE
2531,2,28,65,21345,28345,1,FEASIBLE,WORSE
2532,2,28,66,21294,28294,1,FEASIBLE,WORSE
2533,2,28,67,21751,28751,1,FEASIBLE,WORSE
2534,2,28,68,21632,28632,1,FEASIBLE,WORSE
2535,2,28,69,22896,30096,0,CAPACITY_EXCEEDED,INVALID
2536,2,28,70,22899,30099,0,CAPACITY_EXCEEDED,INVALID
2537,2,28,71,21779,28779,1,FEASIBLE,WORSE
2538,2,28,72,22607,29807,0,CAPACITY_EXCEEDED,INVALID
2539,2,28,73,22852,30052,0,CAPACITY_EXCEEDED,INVALID
2540,2,28,74,21664,28664,1,FEASIBLE,WORSE
2541,2,28,75,21289,28289,1,FEASIBLE,WORSE
2542,2,28,76,21857,28857,1,FEASIBLE,WORSE
2543,2,28,77,21535,28535,1,FEASIBLE,WORSE
2544,2,28,78,22576,29776,0,CAPACITY_EXCEEDED,INVALID
2545,2,28,79,21310,28310,1,FEASIBLE,WORSE
2546,2,28,80,22676,29876,0,CAPACITY_EXCEEDED,INVALID
2547,2,28,81,21814,28814,1,FEASIBLE,WORSE
2548,2,28,82,21553,28553,1,FEASIBLE,WORSE
2549,2,28,83,22766,29966,0,CAPACITY_EXCEEDED,INVALID
2550,2,28,84,22486,29686,0,CAPACITY_EXCEEDED,INVALID
2551,2,28,85,21449,28449,1,FEASIBLE,WORSE
2552,2,28,86,21498,28498,1,FEASIBLE,WORSE
2553,2,28,87,22888,30088,0,CAPACITY_EXCEEDED,INVALID
2554,2,28,88,21326,28326,1,FEASIBLE,WORSE
2555,2,28,89,21882,28882,1,FEASIBLE,WORSE
2556,2,28,90,22701,29901,0,CAPACITY_EXCEEDED,INVALID
2557,2,28,91,21572,28572,1,FEASIBLE,WORSE
2558,2,28,92,21467,28467,1,FEASIBLE,WORSE
2559,2,28,93,21687,28687,1,FEASIBLE,WORSE
2560,2,28,94,21456,28456,1,FEASIBLE,WORSE
2561,2,28,95,21576,28576,1,FEASIBLE,WORSE
2562,2,28,96,21812,28812,1,FEASIBLE,WORSE
2563,2,28,97,22531,29731,0,CAPACITY_EXCEEDED,INVALID
2564,2,28,98,21797,28797,1,FEASIBLE,WORSE
2565,2,28,99,22686,29886,0,CAPACITY_EXCEEDED,INVALID
2566,2,29,30,21968,28968,1,FEASIBLE,WORSE
2567,2,29,31,22025,29025,1,FEASIBLE,WORSE
2568,2,29,32,21953,28953,1,FEASIBLE,WORSE
2569,2,29,33,23045,30245,0,CAPACITY_EXCEEDED,INVALID
2570,2,29,34,22035,29035,1,FEASIBLE,WORSE
2571,2,29,35,23122,30322,0,CAPACITY_EXCEEDED,INVALID
2572,2,29,36,23115,30315,0,CAPACITY_EXCEEDED,INVALID
2573,2,29,37,22180,29180,1,FEASIBLE,WORSE
2574,2,29,38,21856,28856,1,FEASIBLE,WORSE
2575,2,29,39,21743,28743,1,FEASIBLE,WORSE
2576,2,29,40,22211,29211,1,FEASIBLE,WORSE
2577,2,29,41,21810,28810,1,FEASIBLE,WORSE
2578,2,29,42,23142,30342,0,CAPACITY_EXCEEDED,INVALID
2579,2,29,43,22122,29122,1,FEASIBLE,WORSE
2580,2,29,44,21638,28638,1,FEASIBLE,WORSE
2581,2,29,45,22113,29113,1,FEASIBLE,WORSE
2582,2,29,46,21656,28656,1,FEASIBLE,WORSE
2583,2,29,47,23131,30331,0,CAPACITY_EXCEEDED,INVALID
2584,2,29,48,22031,29031,1,FEASIBLE,WORSE
2585,2,29,49,22226,29226,1,FEASIBLE,WORSE
2586,2,29,50,22151,29151,1,FEASIBLE,WORSE
2587,2,29,51,21695,28695,1,FEASIBLE,WORSE
2588,2,29,52,22217,29217,1,FEASIBLE,WORSE
2589,2,29,53,22150,29150,1,FEASIBLE,WORSE
2590,2,29,54,21738,28738,1,FEASIBLE,WORSE
2591,2,29,55,23156,30356,0,CAPACITY_EXCEEDED,INVALID
2592,2,29,56,21814,28814,1,FEASIBLE,WORSE
2593,2,29,57,21836,28836,1,FEASIBLE,WORSE
2594,2,29,58,22874,30074,0,CAPACITY_EXCEEDED,INVALID
2595,2,29,59,22141,29141,1,FEASIBLE,WORSE
2596,2,29,60,21655,28655,1,FEASIBLE,WORSE
2597,2,29,61,22062,29062,1,FEASIBLE,WORSE
2598,2,29,62,21626,28626,1,FEASIBLE,WORSE
2599,2,29,63,23194,30394,0,CAPACITY_EXCEEDED,INVALID
2600,2,29,64,22180,29180,1,FEASIBLE,WORSE
2601,2,29,65,21679,28679,1,FEASIBLE,WORSE
2602,2,29,66,21628,28628,1,FEASIBLE,WORSE
2603,2,29,67,22085,29085,1,FEASIBLE,WORSE
2604,2,29,68,21966,28966,1,FEASIBLE,WORSE
2605,2,29,69,23230,30430,0,CAPACITY_EXCEEDED,INVALID
2606,2,29,70,23233,30433,0,CAPACITY_EXCEEDED,INVALID
2607,2,29,71,22113,29113,1,FEASIBLE,WORSE
2608,2,29,72,22941,30141,0,CAPACITY_EXCEEDED,INVALID
2609,2,29,73,23186,30386,0,CAPACITY_EXCEEDED,INVALID
2610,2,29,74,21998,28998,1,FEASIBLE,WORSE
2611,2,29,75,21623,28623,1,FEASIBLE,WORSE
2612,2,29,76,22191,29191,1,FEASIBLE,WORSE
2613,2,29,77,21869,28869,1,FEASIBLE,WORSE
2614,2,29,78,22910,30110,0,CAPACITY_EXCEEDED,INVALID
2615,2,29,79,21644,28644,1,FEASIBLE,WORSE
2616,2,29,80,23010,30210,0,CAPACITY_EXCEEDED,INVALID
2617,2,29,81,22148,29148,1,FEASIBLE,WORSE
2618,2,29,82,21887,28887,1,FEASIBLE,WORSE
2619,2,29,83,23100,30300,0,CAPACITY_EXCEEDED,INVALID
2620,2,29,84,22820,30020,0,CAPACITY_EXCEEDED,INVALID
2621,2,29,85,21783,28783,1,FEASIBLE,WORSE
2622,2,29,86,21832,28832,1,FEASIBLE,WORSE
2623,2,29,87,23222,30422,0,CAPACITY_EXCEEDED,INVALID
2624,2,29,88,21660,28660,1,FEASIBLE,WORSE
2625,2,29,89,22216,29216,1,FEASIBLE,WORSE
2626,2,29,90,23035,30235,0,CAPACITY_EXCEEDED,INVALID
2627,2,29,91,21906,28906,1,FEASIBLE,WORSE
2628,2,29,92,21801,28801,1,FEASIBLE,WORSE
2629,2,29,93,22021,29021,1,FEASIBLE,WORSE
2630,2,29,94,21790,28790,1,FEASIBLE,WORSE
2631,2,29,95,21910,28910,1,FEASIBLE,WORSE
2632,2,29,96,22146,29146,1,FEASIBLE,WORSE
2633,2,29,97,22865,30065,0,CAPACITY_EXCEEDED,INVALID
2634,2,29,98,22131,29131,1,FEASIBLE,WORSE
2635,2,29,99,23020,30220,0,CAPACITY_EXCEEDED,INVALID
2636,2,30,31,21846,28846,1,FEASIBLE,WORSE
2637,2,30,32,21774,28774,1,FEASIBLE,WORSE
2638,2,30,33,22866,30066,0,CAPACITY_EXCEEDED,INVALID
2639,2,30,34,21856,28856,1,FEASIBLE,WORSE
2640,2,30,35,22943,30143,0,CAPACITY_EXCEEDED,INVALID
2641,2,30,36,22936,30136,0,CAPACITY_EXCEEDED,INVALID
2642,2,30,37,22001,29001,1,FEASIBLE,WORSE
2643,2,30,38,21677,28677,1,FEASIBLE,WORSE
2644,2,30,39,21564,28564,1,FEASIBLE,WORSE
2645,2,30,40,22032,29032,1,FEASIBLE,WORSE
2646,2,30,41,21631,28631,1,FEASIBLE,WORSE
2647,2,30,42,22963,30163,0,CAPACITY_EXCEEDED,INVALID
2648,2,30,43,21943,28943,1,FEASIBLE,WORSE
2649,2,30,44,21459,28459,1,FEASIBLE,WORSE
2650,2,30,45,21934,28934,1,FEASIBLE,WORSE
2651,2,30,46,21477,28477,1,FEASIBLE,WORSE
2652,2,30,47,22952,30152,0,CAPACITY_EXCEEDED,INVALID
2653,2,30,48,21852,28852,1,FEASIBLE,WORSE
2654,2,30,49,22047,29047,1,FEASIBLE,WORSE
2655,2,30,50,21972,28972,1,FEASIBLE,WORSE
2656,2,30,51,21516,28516,1,FEASIBLE,WORSE
2657,2,30,52,22038,29038,1,FEASIBLE,WORSE
2658,2,30,53,21971,28971,1,FEASIBLE,WORSE
2659,2,30,54,21559,28559,1,FEASIBLE,WORSE
2660,2,30,55,22977,30177,0,CAPACITY_EXCEEDED,INVALID
2661,2,30,56,21635,28635,1,FEASIBLE,WORSE
2662,2,30,57,21657,28657,1,FEASIBLE,WORSE
2663,2,30,58,22695,29895,0,CAPACITY_EXCEEDED,INVALID
2664,2,30,59,21962,28962,1,FEASIBLE,WORSE
2665,2,30,60,21476,28476,1,FEASIBLE,WORSE
2666,2,30,61,21883,28883,1,FEASIBLE,WORSE
2667,2,30,62,21447,28447,1,FEASIBLE,WORSE
2668,2,30,63,23015,30215,0,CAPACITY_EXCEEDED,INVALID
2669,2,30,64,22001,29001,1,FEASIBLE,WORSE
2670,2,30,65,21500,28500,1,FEASIBLE,WORSE
2671,2,30,66,21449,28449,1,FEASIBLE,WORSE
2672,2,30,67,21906,28906,1,FEASIBLE,WORSE
2673,2,30,68,21787,28787,1,FEASIBLE,WORSE
2674,2,30,69,23051,30251,0,CAPACITY_EXCEEDED,INVALID
2675,2,30,70,23054,30254,0,CAPACITY_EXCEEDED,INVALID
2676,2,30,71,21934,28934,1,FEASIBLE,WORSE
2677,2,30,72,22762,29962,0,CAPACITY_EXCEEDED,INVALID
2678,2,30,73,23007,30207,0,CAPACITY_EXCEEDED,INVALID
2679,2,30,74,21819,28819,1,FEASIBLE,WORSE
2680,2,30,75,21444,28444,1,FEASIBLE,WORSE
2681,2,30,76,22012,29012,1,FEASIBLE,WORSE
2682,2,30,77,21690,28690,1,FEASIBLE,WORSE
2683,2,30,78,22731,29931,0,CAPACITY_EXCEEDED,INVALID
2684,2,30,79,21465,28465,1,FEASIBLE,WORSE
2685,2,30,80,22831,30031,0,CAPACITY_EXCEEDED,INVALID
2686,2,30,81,21969,28969,1,FEASIBLE,WORSE
2687,2,30,82,21708,28708,1,FEASIBLE,WORSE
2688,2,30,83,22921,30121,0,CAPACITY_EXCEEDED,INVALID
2689,2,30,84,22641,29841,0,CAPACITY_EXCEEDED,INVALID
2690,2,30,85,21604,28604,1,FEASIBLE,WORSE
2691,2,30,86,21653,28653,1,FEASIBLE,WORSE
2692,2,30,87,23043,30243,0,CAPACITY_EXCEEDED,INVALID
2693,2,30,88,21481,28481,1,FEASIBLE,WORSE
2694,2,30,89,22037,29037,1,FEASIBLE,WORSE
2695,2,30,90,22856,30056,0,CAPACITY_EXCEEDED,INVALID
2696,2,30,91,21727,28727,1,FEASIBLE,WORSE
2697,2,30,92,21622,28622,1,FEASIBLE,WORSE
2698,2,30,93,21842,28842,1,FEASIBLE,WORSE
2699,2,30,94,21611,28611,1,FEASIBLE,WORSE
2700,2,30,95,21731,28731,1,FEASIBLE,WORSE
2701,2,30,96,21967,28967,1,FEASIBLE,WORSE
2702,2,30,97,22686,29886,0,CAPACITY_EXCEEDED,INVALID
2703,2,30,98,21952,28952,1,FEASIBLE,WORSE
2704,2,30,99,22841,30041,0,CAPACITY_EXCEEDED,INVALID
2705,2,31,32,21831,28831,1,FEASIBLE,WORSE
2706,2,31,33,22923,30123,0,CAPACITY_EXCEEDED,INVALID
2707,2,31,34,21913,28913,1,FEASIBLE,WORSE
2708,2,31,35,23000,30200,0,CAPACITY_EXCEEDED,INVALID
2709,2,31,36,22993,30193,0,CAPACITY_EXCEEDED,INVALID
2710,2,31,37,22058,29058,1,FEASIBLE,WORSE
2711,2,31,38,21734,28734,1,FEASIBLE,WORSE
2712,2,31,39,21621,28621,1,FEASIBLE,WORSE
2713,2,31,40,22089,29089,1,FEASIBLE,WORSE
2714,2,31,41,21688,28688,1,FEASIBLE,WORSE
2715,2,31,42,23020,30220,0,CAPACITY_EXCEEDED,INVALID
2716,2,31,43,22000,29000,1,FEASIBLE,WORSE
2717,2,31,44,21516,28516,1,FEASIBLE,WORSE
2718,2,31,45,21991,28991,1,FEASIBLE,WORSE
2719,2,31,46,21534,28534,1,FEASIBLE,WORSE
2720,2,31,47,23009,30209,0,CAPACITY_EXCEEDED,INVALID
2721,2,31,48,21909,28909,1,FEASIBLE,WORSE
2722,2,31,49,22104,29104,1,FEASIBLE,WORSE
2723,2,31,50,22029,29029,1,FEASIBLE,WORSE
2724,2,31,51,21573,28573,1,FEASIBLE,WORSE
2725,2,31,52,22095,29095,1,FEASIBLE,WORSE
2726,2,31,53,22028,29028,1,FEASIBLE,WORSE
2727,2,31,54,21616,28616,1,FEASIBLE,WORSE
2728,2,31,55,23034,30234,0,CAPACITY_EXCEEDED,INVALID
2729,2,31,56,21692,28692,1,FEASIBLE,WORSE
2730,2,31,57,21714,28714,1,FEASIBLE,WORSE
2731,2,31,58,22752,29952,0,CAPACITY_EXCEEDED,INVALID
2732,2,31,59,22019,29019,1,FEASIBLE,WORSE
2733,2,31,60,21533,28533,1,FEASIBLE,WORSE
2734,2,31,61,21940,28940,1,FEASIBLE,WORSE
2735,2,31,62,21504,28504,1,FEASIBLE,WORSE
2736,2,31,63,23072,30272,0,CAPACITY_EXCEEDED,INVALID
2737,2,31,64,22058,29058,1,FEASIBLE,WORSE
2738,2,31,65,21557,28557,1,FEASIBLE,WORSE
2739,2,31,66,21506,28506,1,FEASIBLE,WORSE
2740,2,31,67,21963,28963,1,FEASIBLE,WORSE
2741,2,31,68,21844,28844,1,FEASIBLE,WORSE
2742,2,31,69,23108,30308,0,CAPACITY_EXCEEDED,INVALID
2743,2,31,70,23111,30311,0,CAPACITY_EXCEEDED,INVALID
2744,2,31,71,21991,28991,1,FEASIBLE,WORSE
2745,2,31,72,22819,30019,0,CAPACITY_EXCEEDED,INVALID
2746,2,31,73,23064,30264,0,CAPACITY_EXCEEDED,INVALID
2747,2,31,74,21876,28876,1,FEASIBLE,WORSE
2748,2,31,75,21501,28501,1,FEASIBLE,WORSE
2749,2,31,76,22069,29069,1,FEASIBLE,WORSE
2750,2,31,77,21747,28747,1,FEASIBLE,WORSE
2751,2,31,78,22788,29988,0,CAPACITY_EXCEEDED,INVALID
2752,2,31,79,21522,28522,1,FEASIBLE,WORSE
2753,2,31,80,22888,30088,0,CAPACITY_EXCEEDED,INVALID
2754,2,31,81,22026,29026,1,FEASIBLE,WORSE
2755,2,31,82,21765,28765,1,FEASIBLE,WORSE
2756,2,31,83,22978,30178,0,CAPACITY_EXCEEDED,INVALID
2757,2,31,84,22698,29898,0,CAPACITY_EXCEEDED,INVALID
2758,2,31,85,21661,28661,1,FEASIBLE,WORSE
2759,2,31,86,21710,28710,1,FEASIBLE,WORSE
2760,2,31,87,23100,30300,0,CAPACITY_EXCEEDED,INVALID
2761,2,31,88,21538,28538,1,FEASIBLE,WORSE
2762,2,31,89,22094,29094,1,FEASIBLE,WORSE
2763,2,31,90,22913,30113,0,CAPACITY_EXCEEDED,INVALID
2764,2,31,91,21784,28784,1,FEASIBLE,WORSE
2765,2,31,92,21679,28679,1,FEASIBLE,WORSE
2766,2,31,93,21899,28899,1,FEASIBLE,WORSE
2767,2,31,94,21668,28668,1,FEASIBLE,WORSE
2768,2,31,95,21788,28788,1,FEASIBLE,WORSE
2769,2,31,96,22024,29024,1,FEASIBLE,WORSE
2770,2,31,97,22743,29943,0,CAPACITY_EXCEEDED,INVALID
2771,2,31,98,22009,29009,1,FEASIBLE,WORSE
2772,2,31,99,22898,30098,0,CAPACITY_EXCEEDED,INVALID
2773,2,32,33,22851,30051,0,CAPACITY_EXCEEDED,INVALID
2774,2,32,34,21841,28841,1,FEASIBLE,WORSE
2775,2,32,35,22928,30128,0,CAPACITY_EXCEEDED,INVALID
2776,2,32,36,22921,30121,0,CAPACITY_EXCEEDED,INVALID
2777,2,32,37,21986,28986,1,FEASIBLE,WORSE
2778,2,32,38,21662,28662,1,FEASIBLE,WORSE
2779,2,32,39,21549,28549,1,FEASIBLE,WORSE
2780,2,32,40,22017,29017,1,FEASIBLE,WORSE
2781,2,32,41,21616,28616,1,FEASIBLE,WORSE
2782,2,32,42,22948,30148,0,CAPACITY_EXCEEDED,INVALID
2783,2,32,43,21928,28928,1,FEASIBLE,WORSE
2784,2,32,44,21444,28444,1,FEASIBLE,WORSE
2785,2,32,45,21919,28919,1,FEASIBLE,WORSE
2786,2,32,46,21462,28462,1,FEASIBLE,WORSE
2787,2,32,47,22937,30137,0,CAPACITY_EXCEEDED,INVALID
2788,2,32,48,21837,28837,1,FEASIBLE,WORSE
2789,2,32,49,22032,29032,1,FEASIBLE,WORSE
2790,2,32,50,21957,28957,1,FEASIBLE,WORSE
2791,2,32,51,21501,28501,1,FEASIBLE,WORSE
2792,2,32,52,22023,29023,1,FEASIBLE,WORSE
2793,2,32,53,21956,28956,1,FEASIBLE,WORSE
2794,2,32,54,21544,28544,1,FEASIBLE,WORSE
2795,2,32,55,22962,30162,0,CAPACITY_EXCEEDED,INVALID
2796,2,32,56,21620,28620,1,FEASIBLE,WORSE
2797,2,32,57,21642,28642,1,FEASIBLE,WORSE
2798,2,32,58,22680,29880,0,CAPACITY_EXCEEDED,INVALID
2799,2,32,59,21947,28947,1,FEASIBLE,WORSE
2800,2,32,60,21461,28461,1,FEASIBLE,WORSE
2801,2,32,61,21868,28868,1,FEASIBLE,WORSE
2802,2,32,62,21432,28432,1,FEASIBLE,WORSE
2803,2,32,63,23000,30200,0,CAPACITY_EXCEEDED,INVALID
2804,2,32,64,21986,28986,1,FEASIBLE,WORSE
2805,2,32,65,21485,28485,1,FEASIBLE,WORSE
2806,2,32,66,21434,28434,1,FEASIBLE,WORSE
2807,2,32,67,21891,28891,1,FEASIBLE,WORSE
2808,2,32,68,21772,28772,1,FEASIBLE,WORSE
2809,2,32,69,23036,30236,0,CAPACITY_EXCEEDED,INVALID
2810,2,32,70,23039,30239,0,CAPACITY_EXCEEDED,INVALID
2811,2,32,71,21919,28919,1,FEASIBLE,WORSE
2812,2,32,72,22747,29947,0,CAPACITY_EXCEEDED,INVALID
2813,2,32,73,22992,30192,0,CAPACITY_EXCEEDED,INVALID
2814,2,32,74,21804,28804,1,FEASIBLE,WORSE
2815,2,32,75,21429,28429,1,FEASIBLE,WORSE
2816,2,32,76,21997,28997,1,FEASIBLE,WORSE
2817,2,32,77,21675,28675,1,FEASIBLE,WORSE
2818,2,32,78,22716,29916,0,CAPACITY_EXCEEDED,INVALID
2819,2,32,79,21450,28450,1,FEASIBLE,WORSE
2820,2,32,80,22816,30016,0,CAPACITY_EXCEEDED,INVALID
2821,2,32,81,21954,28954,1,FEASIBLE,WORSE
2822,2,32,82,21693,28693,1,FEASIBLE,WORSE
2823,2,32,83,22906,30106,0,CAPACITY_EXCEEDED,INVALID
2824,2,32,84,22626,29826,0,CAPACITY_EXCEEDED,INVALID
2825,2,32,85,21589,28589,1,FEASIBLE,WORSE
2826,2,32,86,21638,28638,1,FEASIBLE,WORSE
2827,2,32,87,23028,30228,0,CAPACITY_EXCEEDED,INVALID
2828,2,32,88,21466,28466,1,FEASIBLE,WORSE
2829,2,32,89,22022,29022,1,FEASIBLE,WORSE
2830,2,32,90,22841,30041,0,CAPACITY_EXCEEDED,INVALID
2831,2,32,91,21712,28712,1,FEASIBLE,WORSE
2832,2,32,92,21607,28607,1,FEASIBLE,WORSE
2833,2,32,93,21827,28827,1,FEASIBLE,WORSE
2834,2,32,94,21596,28596,1,FEASIBLE,WORSE
2835,2,32,95,21716,28716,1,FEASIBLE,WORSE
2836,2,32,96,21952,28952,1,FEASIBLE,WORSE
2837,2,32,97,22671,29871,0,CAPACITY_EXCEEDED,INVALID
2838,2,32,98,21937,28937,1,FEASIBLE,WORSE
2839,2,32,99,22826,30026,0,CAPACITY_EXCEEDED,INVALID
2840,2,33,34,22933,30133,0,CAPACITY_EXCEEDED,INVALID
2841,2,33,35,24020,31420,0,CAPACITY_EXCEEDED,INVALID
2842,2,33,36,24013,31413,0,CAPACITY_EXCEEDED,INVALID
2843,2,33,37,23078,30278,0,CAPACITY_EXCEEDED,INVALID
2844,2,33,38,22754,29954,0,CAPACITY_EXCEEDED,INVALID
2845,2,33,39,22641,29841,0,CAPACITY_EXCEEDED,INVALID
2846,2,33,40,23109,30309,0,CAPACITY_EXCEEDED,INVALID
2847,2,33,41,22708,29908,0,CAPACITY_EXCEEDED,INVALID
2848,2,33,42,24040,31440,0,CAPACITY_EXCEEDED,INVALID
2849,2,33,43,23020,30220,0,CAPACITY_EXCEEDED,INVALID
2850,2,33,44,22536,29736,0,CAPACITY_EXCEEDED,INVALID
2851,2,33,45,23011,30211,0,CAPACITY_EXCEEDED,INVALID
2852,2,33,46,22554,29754,0,CAPACITY_EXCEEDED,INVALID
2853,2,33,47,24029,31429,0,CAPACITY_EXCEEDED,INVALID
2854,2,33,48,22929,30129,0,CAPACITY_EXCEEDED,INVALID
2855,2,33,49,23124,30324,0,CAPACITY_EXCEEDED,INVALID
2856,2,33,50,23049,30249,0,CAPACITY_EXCEEDED,INVALID
2857,2,33,51,22593,29793,0,CAPACITY_EXCEEDED,INVALID
2858,2,33,52,23115,30315,0,CAPACITY_EXCEEDED,INVALID
2859,2,33,53,23048,30248,0,CAPACITY_EXCEEDED,INVALID
2860,2,33,54,22636,29836,0,CAPACITY_EXCEEDED,INVALID
2861,2,33,55,24054,31454,0,CAPACITY_EXCEEDED,INVALID
2862,2,33,56,22712,29912,0,CAPACITY_EXCEEDED,INVALID
2863,2,33,57,22734,29934,0,CAPACITY_EXCEEDED,INVALID
2864,2,33,58,23772,31172,0,CAPACITY_EXCEEDED,INVALID
2865,2,33,59,23039,30239,0,CAPACITY_EXCEEDED,INVALID
2866,2,33,60,22553,29753,0,CAPACITY_EXCEEDED,INVALID
2867,2,33,61,22960,30160,0,CAPACITY_EXCEEDED,INVALID
2868,2,33,62,22524,29724,0,CAPACITY_EXCEEDED,INVALID
2869,2,33,63,24092,31492,0,CAPACITY_EXCEEDED,INVALID
2870,2,33,64,23078,30278,0,CAPACITY_EXCEEDED,INVALID
2871,2,33,65,22577,29777,0,CAPACITY_EXCEEDED,INVALID
2872,2,33,66,22526,29726,0,CAPACITY_EXCEEDED,INVALID
2873,2,33,67,22983,30183,0,CAPACITY_EXCEEDED,INVALID
2874,2,33,68,22864,30064,0,CAPACITY_EXCEEDED,INVALID
2875,2,33,69,24128,31528,0,CAPACITY_EXCEEDED,INVALID
2876,2,33,70,24131,31531,0,CAPACITY_EXCEEDED,INVALID
2877,2,33,71,23011,30211,0,CAPACITY_EXCEEDED,INVALID
2878,2,33,72,23839,31239,0,CAPACITY_EXCEEDED,INVALID
2879,2,33,73,24084,31484,0,CAPACITY_EXCEEDED,INVALID
2880,2,33,74,22896,30096,0,CAPACITY_EXCEEDED,INVALID
2881,2,33,75,22521,29721,0,CAPACITY_EXCEEDED,INVALID
2882,2,33,76,23089,30289,0,CAPACITY_EXCEEDED,INVALID
2883,2,33,77,22767,29967,0,CAPACITY_EXCEEDED,INVALID
2884,2,33,78,23808,31208,0,CAPACITY_EXCEEDED,INVALID
2885,2,33,79,22542,29742,0,CAPACITY_EXCEEDED,INVALID
2886,2,33,80,23908,31308,0,CAPACITY_EXCEEDED,INVALID
2887,2,33,81,23046,30246,0,CAPACITY_EXCEEDED,INVALID
2888,2,33,82,22785,29985,0,CAPACITY_EXCEEDED,INVALID
2889,2,33,83,23998,31398,0,CAPACITY_EXCEEDED,INVALID
2890,2,33,84,23718,31118,0,CAPACITY_EXCEEDED,INVALID
2891,2,33,85,22681,29881,0,CAPACITY_EXCEEDED,INVALID
2892,2,33,86,22730,29930,0,CAPACITY_EXCEEDED,INVALID
2893,2,33,87,24120,31520,0,CAPACITY_EXCEEDED,INVALID
2894,2,33,88,22558,29758,0,CAPACITY_EXCEEDED,INVALID
2895,2,33,89,23114,30314,0,CAPACITY_EXCEEDED,INVALID
2896,2,33,90,23933,31333,0,CAPACITY_EXCEEDED,INVALID
2897,2,33,91,22804,30004,0,CAPACITY_EXCEEDED,INVALID
2898,2,33,92,22699,29899,0,CAPACITY_EXCEEDED,INVALID
2899,2,33,93,22919,30119,0,CAPACITY_EXCEEDED,INVALID
2900,2,33,94,22688,29888,0,CAPACITY_EXCEEDED,INVALID
2901,2,33,95,22808,30008,0,CAPACITY_EXCEEDED,INVALID
2902,2,33,96,23044,30244,0,CAPACITY_EXCEEDED,INVALID
2903,2,33,97,23763,31163,0,CAPACITY_EXCEEDED,INVALID
2904,2,33,98,23029,30229,0,CAPACITY_EXCEEDED,INVALID
2905,2,33,99,23918,31318,0,CAPACITY_EXCEEDED,INVALID
2906,2,34,35,23010,30210,0,CAPACITY_EXCEEDED,INVALID
2907,2,34,36,23003,30203,0,CAPACITY_EXCEEDED,INVALID
2908,2,34,37,22068,29068,1,FEASIBLE,WORSE
2909,2,34,38,21744,28744,1,FEASIBLE,WORSE
2910,2,34,39,21631,28631,1,FEASIBLE,WORSE
2911,2,34,40,22099,29099,1,FEASIBLE,WORSE
2912,2,34,41,21698,28698,1,FEASIBLE,WORSE
2913,2,34,42,23030,30230,0,CAPACITY_EXCEEDED,INVALID
2914,2,34,43,22010,29010,1,FEASIBLE,WORSE
2915,2,34,44,21526,28526,1,FEASIBLE,WORSE
2916,2,34,45,22001,29001,1,FEASIBLE,WORSE
2917,2,34,46,21544,28544,1,FEASIBLE,WORSE
2918,2,34,47,23019,30219,0,CAPACITY_EXCEEDED,INVALID
2919,2,34,48,21919,28919,1,FEASIBLE,WORSE
2920,2,34,49,22114,29114,1,FEASIBLE,WORSE
2921,2,34,50,22039,29039,1,FEASIBLE,WORSE
2922,2,34,51,21583,28583,1,FEASIBLE,WORSE
2923,2,34,52,22105,29105,1,FEASIBLE,WORSE
2924,2,34,53,22038,29038,1,FEASIBLE,WORSE
2925,2,34,54,21626,28626,1,FEASIBLE,WORSE
2926,2,34,55,23044,30244,0,CAPACITY_EXCEEDED,INVALID
2927,2,34,56,21702,28702,1,FEASIBLE,WORSE
2928,2,34,57,21724,28724,1,FEASIBLE,WORSE
2929,2,34,58,22762,29962,0,CAPACITY_EXCEEDED,INVALID
2930,2,34,59,22029,29029,1,FEASIBLE,WORSE
2931,2,34,60,21543,28543,1,FEASIBLE,WORSE
2932,2,34,61,21950,28950,1,FEASIBLE,WORSE
2933,2,34,62,21514,28514,1,FEASIBLE,WORSE
2934,2,34,63,23082,30282,0,CAPACITY_EXCEEDED,INVALID
2935,2,34,64,22068,29068,1,FEASIBLE,WORSE
2936,2,34,65,21567,28567,1,FEASIBLE,WORSE
2937,2,34,66,21516,28516,1,FEASIBLE,WORSE
2938,2,34,67,21973,28973,1,FEASIBLE,WORSE
2939,2,34,68,21854,28854,1,FEASIBLE,WORSE
2940,2,34,69,23118,30318,0,CAPACITY_EXCEEDED,INVALID
2941,2,34,70,23121,30321,0,CAPACITY_EXCEEDED,INVALID
2942,2,34,71,22001,29001,1,FEASIBLE,WORSE
2943,2,34,72,22829,30029,0,CAPACITY_EXCEEDED,INVALID
2944,2,34,73,23074,30274,0,CAPACITY_EXCEEDED,INVALID
2945,2,34,74,21886,28886,1,FEASIBLE,WORSE
2946,2,34,75,21511,28511,1,FEASIBLE,WORSE
2947,2,34,76,22079,29079,1,FEASIBLE,WORSE
2948,2,34,77,21757,28757,1,FEASIBLE,WORSE
2949,2,34,78,22798,29998,0,CAPACITY_EXCEEDED,INVALID
2950,2,34,79,21532,28532,1,FEASIBLE,WORSE
2951,2,34,80,22898,30098,0,CAPACITY_EXCEEDED,INVALID
2952,2,34,81,22036,29036,1,FEASIBLE,WORSE
2953,2,34,82,21775,28775,1,FEASIBLE,WORSE
2954,2,34,83,22988,30188,0,CAPACITY_EXCEEDED,INVALID
2955,2,34,84,22708,29908,0,CAPACITY_EXCEEDED,INVALID
2956,2,34,85,21671,28671,1,FEASIBLE,WORSE
2957,2,34,86,21720,28720,1,FEASIBLE,WORSE
2958,2,34,87,23110,30310,0,CAPACITY_EXCEEDED,INVALID
2959,2,34,88,21548,28548,1,FEASIBLE,WORSE
2960,2,34,89,22104,29104,1,FEASIBLE,WORSE
2961,2,34,90,22923,30123,0,CAPACITY_EXCEEDED,INVALID
2962,2,34,91,21794,28794,1,FEASIBLE,WORSE
2963,2,34,92,21689,28689,1,FEASIBLE,WORSE
2964,2,34,93,21909,28909,1,FEASIBLE,WORSE
2965,2,34,94,21678,28678,1,FEASIBLE,WORSE
2966,2,34,95,21798,28798,1,FEASIBLE,WORSE
2967,2,34,96,22034,29034,1,FEASIBLE,WORSE
2968,2,34,97,22753,29953,0,CAPACITY_EXCEEDED,INVALID
2969,2,34,98,22019,29019,1,FEASIBLE,WORSE
2970,2,34,99,22908,30108,0,CAPACITY_EXCEEDED,INVALID
2971,2,35,36,24090,31490,0,CAPACITY_EXCEEDED,INVALID
2972,2,35,37,23155,30355,0,CAPACITY_EXCEEDED,INVALID
2973,2,35,38,22831,30031,0,CAPACITY_EXCEEDED,INVALID
2974,2,35,39,22718,29918,0,CAPACITY_EXCEEDED,INVALID
2975,2,35,40,23186,30386,0,CAPACITY_EXCEEDED,INVALID
2976,2,35,41,22785,29985,0,CAPACITY_EXCEEDED,INVALID
2977,2,35,42,24117,31517,0,CAPACITY_EXCEEDED,INVALID
2978,2,35,43,23097,30297,0,CAPACITY_EXCEEDED,INVALID
2979,2,35,44,22613,29813,0,CAPACITY_EXCEEDED,INVALID
2980,2,35,45,23088,30288,0,CAPACITY_EXCEEDED,INVALID
2981,2,35,46,22631,29831,0,CAPACITY_EXCEEDED,INVALID
2982,2,35,47,24106,31506,0,CAPACITY_EXCEEDED,INVALID
2983,2,35,48,23006,30206,0,CAPACITY_EXCEEDED,INVALID
2984,2,35,49,23201,30401,0,CAPACITY_EXCEEDED,INVALID
2985,2,35,50,23126,30326,0,CAPACITY_EXCEEDED,INVALID
2986,2,35,51,22670,29870,0,CAPACITY_EXCEEDED,INVALID
2987,2,35,52,23192,30392,0,CAPACITY_EXCEEDED,INVALID
2988,2,35,53,23125,30325,0,CAPACITY_EXCEEDED,INVALID
2989,2,35,54,22713,29913,0,CAPACITY_EXCEEDED,INVALID
2990,2,35,55,24131,31531,0,CAPACITY_EXCEEDED,INVALID
2991,2,35,56,22789,29989,0,CAPACITY_EXCEEDED,INVALID
2992,2,35,57,22811,30011,0,CAPACITY_EXCEEDED,INVALID
2993,2,35,58,23849,31249,0,CAPACITY_EXCEEDED,INVALID
2994,2,35,59,23116,30316,0,CAPACITY_EXCEEDED,INVALID
2995,2,35,60,22630,29830,0,CAPACITY_EXCEEDED,INVALID
2996,2,35,61,23037,30237,0,CAPACITY_EXCEEDED,INVALID
2997,2,35,62,22601,29801,0,CAPACITY_EXCEEDED,INVALID
2998,2,35,63,24169,31569,0,CAPACITY_EXCEEDED,INVALID
2999,2,35,64,23155,30355,0,CAPACITY_EXCEEDED,INVALID
3000,2,35,65,22654,29854,0,CAPACITY_EXCEEDED,INVALID
3001,2,35,66,22603,29803,0,CAPACITY_EXCEEDED,INVALID
3002,2,35,67,23060,30260,0,CAPACITY_EXCEEDED,INVALID
3003,2,35,68,22941,30141,0,CAPACITY_EXCEEDED,INVALID
3004,2,35,69,24205,31605,0,CAPACITY_EXCEEDED,INVALID
3005,2,35,70,24208,31608,0,CAPACITY_EXCEEDED,INVALID
3006,2,35,71,23088,30288,0,CAPACITY_EXCEEDED,INVALID
3007,2,35,72,23916,31316,0,CAPACITY_EXCEEDED,INVALID
3008,2,35,73,24161,31561,0,CAPACITY_EXCEEDED,INVALID
3009,2,35,74,22973,30173,0,CAPACITY_EXCEEDED,INVALID
3010,2,35,75,22598,29798,0,CAPACITY_EXCEEDED,INVALID
3011,2,35,76,23166,30366,0,CAPACITY_EXCEEDED,INVALID
3012,2,35,77,22844,30044,0,CAPACITY_EXCEEDED,INVALID
3013,2,35,78,23885,31285,0,CAPACITY_EXCEEDED,INVALID
3014,2,35,79,22619,29819,0,CAPACITY_EXCEEDED,INVALID
3015,2,35,80,23985,31385,0,CAPACITY_EXCEEDED,INVALID
3016,2,35,81,23123,30323,0,CAPACITY_EXCEEDED,INVALID
3017,2,35,82,22862,30062,0,CAPACITY_EXCEEDED,INVALID
3018,2,35,83,24075,31475,0,CAPACITY_EXCEEDED,INVALID
3019,2,35,84,23795,31195,0,CAPACITY_EXCEEDED,INVALID
3020,2,35,85,22758,29958,0,CAPACITY_EXCEEDED,INVALID
3021,2,35,86,22807,30007,0,CAPACITY_EXCEEDED,INVALID
3022,2,35,87,24197,31597,0,CAPACITY_EXCEEDED,INVALID
3023,2,35,88,22635,29835,0,CAPACITY_EXCEEDED,INVALID
3024,2,35,89,23191,30391,0,CAPACITY_EXCEEDED,INVALID
3025,2,35,90,24010,31410,0,CAPACITY_EXCEEDED,INVALID
3026,2,35,91,22881,30081,0,CAPACITY_EXCEEDED,INVALID
3027,2,35,92,22776,29976,0,CAPACITY_EXCEEDED,INVALID
3028,2,35,93,22996,30196,0,CAPACITY_EXCEEDED,INVALID
3029,2,35,94,22765,29965,0,CAPACITY_EXCEEDED,INVALID
3030,2,35,95,22885,30085,0,CAPACITY_EXCEEDED,INVALID
3031,2,35,96,23121,30321,0,CAPACITY_EXCEEDED,INVALID
3032,2,35,97,23840,31240,0,CAPACITY_EXCEEDED,INVALID
3033,2,35,98,23106,30306,0,CAPACITY_EXCEEDED,INVALID
3034,2,35,99,23995,31395,0,CAPACITY_EXCEEDED,INVALID
3035,2,36,37,23148,30348,0,CAPACITY_EXCEEDED,INVALID
3036,2,36,38,22824,30024,0,CAPACITY_EXCEEDED,INVALID
3037,2,36,39,22711,29911,0,CAPACITY_EXCEEDED,INVALID
3038,2,36,40,23179,30379,0,CAPACITY_EXCEEDED,INVALID
3039,2,36,41,22778,29978,0,CAPACITY_EXCEEDED,INVALID
3040,2,36,42,24110,31510,0,CAPACITY_EXCEEDED,INVALID
3041,2,36,43,23090,30290,0,CAPACITY_EXCEEDED,INVALID
3042,2,36,44,22606,29806,0,CAPACITY_EXCEEDED,INVALID
3043,2,36,45,23081,30281,0,CAPACITY_EXCEEDED,INVALID
3044,2,36,46,22624,29824,0,CAPACITY_EXCEEDED,INVALID
3045,2,36,47,24099,31499,0,CAPACITY_EXCEEDED,INVALID
3046,2,36,48,22999,30199,0,CAPACITY_EXCEEDED,INVALID
3047,2,36,49,23194,30394,0,CAPACITY_EXCEEDED,INVALID
3048,2,36,50,23119,30319,0,CAPACITY_EXCEEDED,INVALID
3049,2,36,51,22663,29863,0,CAPACITY_EXCEEDED,INVALID
3050,2,36,52,23185,30385,0,CAPACITY_EXCEEDED,INVALID
3051,2,36,53,23118,30318,0,CAPACITY_EXCEEDED,INVALID
3052,2,36,54,22706,29906,0,CAPACITY_EXCEEDED,INVALID
3053,2,36,55,24124,31524,0,CAPACITY_EXCEEDED,INVALID
3054,2,36,56,22782,29982,0,CAPACITY_EXCEEDED,INVALID
3055,2,36,57,22804,30004,0,CAPACITY_EXCEEDED,INVALID
3056,2,36,58,23842,31242,0,CAPACITY_EXCEEDED,INVALID
3057,2,36,59,23109,30309,0,CAPACITY_EXCEEDED,INVALID
3058,2,36,60,22623,29823,0,CAPACITY_EXCEEDED,INVALID
3059,2,36,61,23030,30230,0,CAPACITY_EXCEEDED,INVALID
3060,2,36,62,22594,29794,0,CAPACITY_EXCEEDED,INVALID
3061,2,36,63,24162,31562,0,CAPACITY_EXCEEDED,INVALID
3062,2,36,64,23148,30348,0,CAPACITY_EXCEEDED,INVALID
3063,2,36,65,22647,29847,0,CAPACITY_EXCEEDED,INVALID
3064,2,36,66,22596,29796,0,CAPACITY_EXCEEDED,INVALID
3065,2,36,67,23053,30253,0,CAPACITY_EXCEEDED,INVALID
3066,2,36,68,22934,30134,0,CAPACITY_EXCEEDED,INVALID
3067,2,36,69,24198,31598,0,CAPACITY_EXCEEDED,INVALID
3068,2,36,70,24201,31601,0,CAPACITY_EXCEEDED,INVALID
3069,2,36,71,23081,30281,0,CAPACITY_EXCEEDED,INVALID
3070,2,36,72,23909,31309,0,CAPACITY_EXCEEDED,INVALID
3071,2,36,73,24154,31554,0,CAPACITY_EXCEEDED,INVALID
3072,2,36,74,22966,30166,0,CAPACITY_EXCEEDED,INVALID
3073,2,36,75,22591,29791,0,CAPACITY_EXCEEDED,INVALID
3074,2,36,76,23159,30359,0,CAPACITY_EXCEEDED,INVALID
3075,2,36,77,22837,30037,0,CAPACITY_EXCEEDED,INVALID
3076,2,36,78,23878,31278,0,CAPACITY_EXCEEDED,INVALID
3077,2,36,79,22612,29812,0,CAPACITY_EXCEEDED,INVALID
3078,2,36,80,23978,31378,0,CAPACITY_EXCEEDED,INVALID
3079,2,36,81,23116,30316,0,CAPACITY_EXCEEDED,INVALID
3080,2,36,82,22855,30055,0,CAPACITY_EXCEEDED,INVALID
3081,2,36,83,24068,31468,0,CAPACITY_EXCEEDED,INVALID
3082,2,36,84,23788,31188,0,CAPACITY_EXCEEDED,INVALID
3083,2,36,85,22751,29951,0,CAPACITY_EXCEEDED,INVALID
3084,2,36,86,22800,30000,0,CAPACITY_EXCEEDED,INVALID
3085,2,36,87,24190,31590,0,CAPACITY_EXCEEDED,INVALID
3086,2,36,88,22628,29828,0,CAPACITY_EXCEEDED,INVALID
3087,2,36,89,23184,30384,0,CAPACITY_EXCEEDED,INVALID
3088,2,36,90,24003,31403,0,CAPACITY_EXCEEDED,INVALID
3089,2,36,91,22874,30074,0,CAPACITY_EXCEEDED,INVALID
3090,2,36,92,22769,29969,0,CAPACITY_EXCEEDED,INVALID
3091,2,36,93,22989,30189,0,CAPACITY_EXCEEDED,INVALID
3092,2,36,94,22758,29958,0,CAPACITY_EXCEEDED,INVALID
3093,2,36,95,22878,30078,0,CAPACITY_EXCEEDED,INVALID
3094,2,36,96,23114,30314,0,CAPACITY_EXCEEDED,INVALID
3095,2,36,97,23833,31233,0,CAPACITY_EXCEEDED,INVALID
3096,2,36,98,23099,30299,0,CAPACITY_EXCEEDED,INVALID
3097,2,36,99,23988,31388,0,CAPACITY_EXCEEDED,INVALID
3098,2,37,38,21889,28889,1,FEASIBLE,WORSE
3099,2,37,39,21776,28776,1,FEASIBLE,WORSE
3100,2,37,40,22244,29244,1,FEASIBLE,WORSE
3101,2,37,41,21843,28843,1,FEASIBLE,WORSE
3102,2,37,42,23175,30375,0,CAPACITY_EXCEEDED,INVALID
3103,2,37,43,22155,29155,1,FEASIBLE,WORSE
3104,2,37,44,21671,28671,1,FEASIBLE,WORSE
3105,2,37,45,22146,29146,1,FEASIBLE,WORSE
3106,2,37,46,21689,28689,1,FEASIBLE,WORSE
3107,2,37,47,23164,30364,0,CAPACITY_EXCEEDED,INVALID
3108,2,37,48,22064,29064,1,FEASIBLE,WORSE
3109,2,37,49,22259,29259,1,FEASIBLE,WORSE
3110,2,37,50,22184,29184,1,FEASIBLE,WORSE
3111,2,37,51,21728,28728,1,FEASIBLE,WORSE
3112,2,37,52,22250,29250,1,FEASIBLE,WORSE
3113,2,37,53,22183,29183,1,FEASIBLE,WORSE
3114,2,37,54,21771,28771,1,FEASIBLE,WORSE
3115,2,37,55,23189,30389,0,CAPACITY_EXCEEDED,INVALID
3116,2,37,56,21847,28847,1,FEASIBLE,WORSE
3117,2,37,57,21869,28869,1,FEASIBLE,WORSE
3118,2,37,58,22907,30107,0,CAPACITY_EXCEEDED,INVALID
3119,2,37,59,22174,29174,1,FEASIBLE,WORSE
3120,2,37,60,21688,28688,1,FEASIBLE,WORSE
3121,2,37,61,22095,29095,1,FEASIBLE,WORSE
3122,2,37,62,21659,28659,1,FEASIBLE,WORSE
3123,2,37,63,23227,30427,0,CAPACITY_EXCEEDED,INVALID
3124,2,37,64,22213,29213,1,FEASIBLE,WORSE
3125,2,37,65,21712,28712,1,FEASIBLE,WORSE
3126,2,37,66,21661,28661,1,FEASIBLE,WORSE
3127,2,37,67,22118,29118,1,FEASIBLE,WORSE
3128,2,37,68,21999,28999,1,FEASIBLE,WORSE
3129,2,37,69,23263,30463,0,CAPACITY_EXCEEDED,INVALID
3130,2,37,70,23266,30466,0,CAPACITY_EXCEEDED,INVALID
3131,2,37,71,22146,29146,1,FEASIBLE,WORSE
3132,2,37,72,22974,30174,0,CAPACITY_EXCEEDED,INVALID
3133,2,37,73,23219,30419,0,CAPACITY_EXCEEDED,INVALID
3134,2,37,74,22031,29031,1,FEASIBLE,WORSE
3135,2,37,75,21656,28656,1,FEASIBLE,WORSE
3136,2,37,76,22224,29224,1,FEASIBLE,WORSE
3137,2,37,77,21902,28902,1,FEASIBLE,WORSE
3138,2,37,78,22943,30143,0,CAPACITY_EXCEEDED,INVALID
3139,2,37,79,21677,28677,1,FEASIBLE,WORSE
3140,2,37,80,23043,30243,0,CAPACITY_EXCEEDED,INVALID
3141,2,37,81,22181,29181,1,FEASIBLE,WORSE
3142,2,37,82,21920,28920,1,FEASIBLE,WORSE
3143,2,37,83,23133,30333,0,CAPACITY_EXCEEDED,INVALID
3144,2,37,84,22853,30053,0,CAPACITY_EXCEEDED,INVALID
3145,2,37,85,21816,28816,1,FEASIBLE,WORSE
3146,2,37,86,21865,28865,1,FEASIBLE,WORSE
3147,2,37,87,23255,30455,0,CAPACITY_EXCEEDED,INVALID
3148,2,37,88,21693,28693,1,FEASIBLE,WORSE
3149,2,37,89,22249,29249,1,FEASIBLE,WORSE
3150,2,37,90,23068,30268,0,CAPACITY_EXCEEDED,INVALID
3151,2,37,91,21939,28939,1,FEASIBLE,WORSE
3152,2,37,92,21834,28834,1,FEASIBLE,WORSE
3153,2,37,93,22054,29054,1,FEASIBLE,WORSE
3154,2,37,94,21823,28823,1,FEASIBLE,WORSE
3155,2,37,95,21943,28943,1,FEASIBLE,WORSE
3156,2,37,96,22179,29179,1,FEASIBLE,WORSE
3157,2,37,97,22898,30098,0,CAPACITY_EXCEEDED,INVALID
3158,2,37,98,22164,29164,1,FEASIBLE,WORSE
3159,2,37,99,23053,30253,0,CAPACITY_EXCEEDED,INVALID
3160,2,38,39,21452,28452,1,FEASIBLE,WORSE
3161,2,38,40,21920,28920,1,FEASIBLE,WORSE
3162,2,38,41,21519,28519,1,FEASIBLE,WORSE
3163,2,38,42,22851,30051,0,CAPACITY_EXCEEDED,INVALID
3164,2,38,43,21831,28831,1,FEASIBLE,WORSE
3165,2,38,44,21347,28347,1,FEASIBLE,WORSE
3166,2,38,45,21822,28822,1,FEASIBLE,WORSE
3167,2,38,46,21365,28365,1,FEASIBLE,WORSE
3168,2,38,47,22840,30040,0,CAPACITY_EXCEEDED,INVALID
3169,2,38,48,21740,28740,1,FEASIBLE,WORSE
3170,2,38,49,21935,28935,1,FEASIBLE,WORSE
3171,2,38,50,21860,28860,1,FEASIBLE,WORSE
3172,2,38,51,21404,28404,1,FEASIBLE,WORSE
3173,2,38,52,21926,28926,1,FEASIBLE,WORSE
3174,2,38,53,21859,28859,1,FEASIBLE,WORSE
3175,2,38,54,21447,28447,1,FEASIBLE,WORSE
3176,2,38,55,22865,30065,0,CAPACITY_EXCEEDED,INVALID
3177,2,38,56,21523,28523,1,FEASIBLE,WORSE
3178,2,38,57,21545,28545,1,FEASIBLE,WORSE
3179,2,38,58,22583,29783,0,CAPACITY_EXCEEDED,INVALID
3180,2,38,59,21850,28850,1,FEASIBLE,WORSE
3181,2,38,60,21364,28364,1,FEASIBLE,WORSE
3182,2,38,61,21771,28771,1,FEASIBLE,WORSE
3183,2,38,62,21335,28335,1,FEASIBLE,WORSE
3184,2,38,63,22903,30103,0,CAPACITY_EXCEEDED,INVALID
3185,2,38,64,21889,28889,1,FEASIBLE,WORSE
3186,2,38,65,21388,28388,1,FEASIBLE,WORSE
3187,2,38,66,21337,28337,1,FEASIBLE,WORSE
3188,2,38,67,21794,28794,1,FEASIBLE,WORSE
3189,2,38,68,21675,28675,1,FEASIBLE,WORSE
3190,2,38,69,22939,30139,0,CAPACITY_EXCEEDED,INVALID
3191,2,38,70,22942,30142,0,CAPACITY_EXCEEDED,INVALID
3192,2,38,71,21822,28822,1,FEASIBLE,WORSE
3193,2,38,72,22650,29850,0,CAPACITY_EXCEEDED,INVALID
3194,2,38,73,22895,30095,0,CAPACITY_EXCEEDED,INVALID
3195,2,38,74,21707,28707,1,FEASIBLE,WORSE
3196,2,38,75,21332,28332,1,FEASIBLE,WORSE
3197,2,38,76,21900,28900,1,FEASIBLE,WORSE
3198,2,38,77,21578,28578,1,FEASIBLE,WORSE
3199,2,38,78,22619,29819,0,CAPACITY_EXCEEDED,INVALID
3200,2,38,79,21353,28353,1,FEASIBLE,WORSE
3201,2,38,80,22719,29919,0,CAPACITY_EXCEEDED,INVALID
3202,2,38,81,21857,28857,1,FEASIBLE,WORSE
3203,2,38,82,21596,28596,1,FEASIBLE,WORSE
3204,2,38,83,22809,30009,0,CAPACITY_EXCEEDED,INVALID
3205,2,38,84,22529,29729,0,CAPACITY_EXCEEDED,INVALID
3206,2,38,85,21492,28492,1,FEASIBLE,WORSE
3207,2,38,86,21541,28541,1,FEASIBLE,WORSE
3208,2,38,87,22931,30131,0,CAPACITY_EXCEEDED,INVALID
3209,2,38,88,21369,28369,1,FEASIBLE,WORSE
3210,2,38,89,21925,28925,1,FEASIBLE,WORSE
3211,2,38,90,22744,29944,0,CAPACITY_EXCEEDED,INVALID
3212,2,38,91,21615,28615,1,FEASIBLE,WORSE
3213,2,38,92,21510,28510,1,FEASIBLE,WORSE
3214,2,38,93,21730,28730,1,FEASIBLE,WORSE
3215,2,38,94,21499,28499,1,FEASIBLE,WORSE
3216,2,38,95,21619,28619,1,FEASIBLE,WORSE
3217,2,38,96,21855,28855,1,FEASIBLE,WORSE
3218,2,38,97,22574,29774,0,CAPACITY_EXCEEDED,INVALID
3219,2,38,98,21840,28840,1,FEASIBLE,WORSE
3220,2,38,99,22729,29929,0,CAPACITY_EXCEEDED,INVALID
3221,2,39,40,21807,28807,1,FEASIBLE,WORSE
3222,2,39,41,21406,28406,1,FEASIBLE,WORSE
3223,2,39,42,22738,29938,0,CAPACITY_EXCEEDED,INVALID
3224,2,39,43,21718,28718,1,FEASIBLE,WORSE
3225,2,39,44,21234,28234,1,FEASIBLE,WORSE
3226,2,39,45,21709,28709,1,FEASIBLE,WORSE
3227,2,39,46,21252,28252,1,FEASIBLE,WORSE
3228,2,39,47,22727,29927,0,CAPACITY_EXCEEDED,INVALID
3229,2,39,48,21627,28627,1,FEASIBLE,WORSE
3230,2,39,49,21822,28822,1,FEASIBLE,WORSE
3231,2,39,50,21747,28747,1,FEASIBLE,WORSE
3232,2,39,51,21291,28291,1,FEASIBLE,WORSE
3233,2,39,52,21813,28813,1,FEASIBLE,WORSE
3234,2,39,53,21746,28746,1,FEASIBLE,WORSE
3235,2,39,54,21334,28334,1,FEASIBLE,WORSE
3236,2,39,55,22752,29952,0,CAPACITY_EXCEEDED,INVALID
3237,2,39,56,21410,28410,1,FEASIBLE,WORSE
3238,2,39,57,21432,28432,1,FEASIBLE,WORSE
3239,2,39,58,22470,29670,0,CAPACITY_EXCEEDED,INVALID
3240,2,39,59,21737,28737,1,FEASIBLE,WORSE
3241,2,39,60,21251,28251,1,FEASIBLE,WORSE
3242,2,39,61,21658,28658,1,FEASIBLE,WORSE
3243,2,39,62,21222,28222,1,FEASIBLE,WORSE
3244,2,39,63,22790,29990,0,CAPACITY_EXCEEDED,INVALID
3245,2,39,64,21776,28776,1,FEASIBLE,WORSE
3246,2,39,65,21275,28275,1,FEASIBLE,WORSE
3247,2,39,66,21224,28224,1,FEASIBLE,WORSE
3248,2,39,67,21681,28681,1,FEASIBLE,WORSE
3249,2,39,68,21562,28562,1,FEASIBLE,WORSE
3250,2,39,69,22826,30026,0,CAPACITY_EXCEEDED,INVALID
3251,2,39,70,22829,30029,0,CAPACITY_EXCEEDED,INVALID
3252,2,39,71,21709,28709,1,FEASIBLE,WORSE
3253,2,39,72,22537,29737,0,CAPACITY_EXCEEDED,INVALID
3254,2,39,73,22782,29982,0,CAPACITY_EXCEEDED,INVALID
3255,2,39,74,21594,28594,1,FEASIBLE,WORSE
3256,2,39,75,21219,28219,1,FEASIBLE,WORSE
3257,2,39,76,21787,28787,1,FEASIBLE,WORSE
3258,2,39,77,21465,28465,1,FEASIBLE,WORSE
3259,2,39,78,22506,29706,0,CAPACITY_EXCEEDED,INVALID
3260,2,39,79,21240,28240,1,FEASIBLE,WORSE
3261,2,39,80,22606,29806,0,CAPACITY_EXCEEDED,INVALID
3262,2,39,81,21744,28744,1,FEASIBLE,WORSE
3263,2,39,82,21483,28483,1,FEASIBLE,WORSE
3264,2,39,83,22696,29896,0,CAPACITY_EXCEEDED,INVALID
3265,2,39,84,22416,29616,0,CAPACITY_EXCEEDED,INVALID
3266,2,39,85,21379,28379,1,FEASIBLE,WORSE
3267,2,39,86,21428,28428,1,FEASIBLE,WORSE
3268,2,39,87,22818,30018,0,CAPACITY_EXCEEDED,INVALID
3269,2,39,88,21256,28256,1,FEASIBLE,WORSE
3270,2,39,89,21812,28812,1,FEASIBLE,WORSE
3271,2,39,90,22631,29831,0,CAPACITY_EXCEEDED,INVALID
3272,2,39,91,21502,28502,1,FEASIBLE,WORSE
3273,2,39,92,21397,28397,1,FEASIBLE,WORSE
3274,2,39,93,21617,28617,1,FEASIBLE,WORSE
3275,2,39,94,21386,28386,1,FEASIBLE,WORSE
3276,2,39,95,21506,28506,1,FEASIBLE,WORSE
3277,2,39,96,21742,28742,1,FEASIBLE,WORSE
3278,2,39,97,22461,29661,0,CAPACITY_EXCEEDED,INVALID
3279,2,39,98,21727,28727,1,FEASIBLE,WORSE
3280,2,39,99,22616,29816,0,CAPACITY_EXCEEDED,INVALID
3281,2,40,41,21874,28874,1,FEASIBLE,WORSE
3282,2,40,42,23206,30406,0,CAPACITY_EXCEEDED,INVALID
3283,2,40,43,22186,29186,1,FEASIBLE,WORSE
3284,2,40,44,21702,28702,1,FEASIBLE,WORSE
3285,2,40,45,22177,29177,1,FEASIBLE,WORSE
3286,2,40,46,21720,28720,1,FEASIBLE,WORSE
3287,2,40,47,23195,30395,0,CAPACITY_EXCEEDED,INVALID
3288,2,40,48,22095,29095,1,FEASIBLE,WORSE
3289,2,40,49,22290,29290,1,FEASIBLE,WORSE
3290,2,40,50,22215,29215,1,FEASIBLE,WORSE
3291,2,40,51,21759,28759,1,FEASIBLE,WORSE
3292,2,40,52,22281,29281,1,FEASIBLE,WORSE
3293,2,40,53,22214,29214,1,FEASIBLE,WORSE
3294,2,40,54,21802,28802,1,FEASIBLE,WORSE
3295,2,40,55,23220,30420,0,CAPACITY_EXCEEDED,INVALID
3296,2,40,56,21878,28878,1,FEASIBLE,WORSE
3297,2,40,57,21900,28900,1,FEASIBLE,WORSE
3298,2,40,58,22938,30138,0,CAPACITY_EXCEEDED,INVALID
3299,2,40,59,22205,29205,1,FEASIBLE,WORSE
3300,2,40,60,21719,28719,1,FEASIBLE,WORSE
3301,2,40,61,22126,29126,1,FEASIBLE,WORSE
3302,2,40,62,21690,28690,1,FEASIBLE,WORSE
3303,2,40,63,23258,30458,0,CAPACITY_EXCEEDED,INVALID
3304,2,40,64,22244,29244,1,FEASIBLE,WORSE
3305,2,40,65,21743,28743,1,FEASIBLE,WORSE
3306,2,40,66,21692,28692,1,FEASIBLE,WORSE
3307,2,40,67,22149,29149,1,FEASIBLE,WORSE
3308,2,40,68,22030,29030,1,FEASIBLE,WORSE
3309,2,40,69,23294,30494,0,CAPACITY_EXCEEDED,INVALID
3310,2,40,70,23297,30497,0,CAPACITY_EXCEEDED,INVALID
3311,2,40,71,22177,29177,1,FEASIBLE,WORSE
3312,2,40,72,23005,30205,0,CAPACITY_EXCEEDED,INVALID
3313,2,40,73,23250,30450,0,CAPACITY_EXCEEDED,INVALID
3314,2,40,74,22062,29062,1,FEASIBLE,WORSE
3315,2,40,75,21687,28687,1,FEASIBLE,WORSE
3316,2,40,76,22255,29255,1,FEASIBLE,WORSE
3317,2,40,77,21933,28933,1,FEASIBLE,WORSE
3318,2,40,78,22974,30174,0,CAPACITY_EXCEEDED,INVALID
3319,2,40,79,21708,28708,1,FEASIBLE,WORSE
3320,2,40,80,23074,30274,0,CAPACITY_EXCEEDED,INVALID
3321,2,40,81,22212,29212,1,FEASIBLE,WORSE
3322,2,40,82,21951,28951,1,FEASIBLE,WORSE
3323,2,40,83,23164,30364,0,CAPACITY_EXCEEDED,INVALID
3324,2,40,84,22884,30084,0,CAPACITY_EXCEEDED,INVALID
3325,2,40,85,21847,28847,1,FEASIBLE,WORSE
3326,2,40,86,21896,28896,1,FEASIBLE,WORSE
3327,2,40,87,23286,30486,0,CAPACITY_EXCEEDED,INVALID
3328,2,40,88,21724,28724,1,FEASIBLE,WORSE
3329,2,40,89,22280,29280,1,FEASIBLE,WORSE
3330,2,40,90,23099,30299,0,CAPACITY_EXCEEDED,INVALID
3331,2,40,91,21970,28970,1,FEASIBLE,WORSE
3332,2,40,92,21865,28865,1,FEASIBLE,WORSE
3333,2,40,93,22085,29085,1,FEASIBLE,WORSE
3334,2,40,94,21854,28854,1,FEASIBLE,WORSE
3335,2,40,95,21974,28974,1,FEASIBLE,WORSE
3336,2,40,96,22210,29210,1,FEASIBLE,WORSE
3337,2,40,97,22929,30129,0,CAPACITY_EXCEEDED,INVALID
3338,2,40,98,22195,29195,1,FEASIBLE,WORSE
3339,2,40,99,23084,30284,0,CAPACITY_EXCEEDED,INVALID
3340,2,41,42,22805,30005,0,CAPACITY_EXCEEDED,INVALID
3341,2,41,43,21785,28785,1,FEASIBLE,WORSE
3342,2,41,44,21301,28301,1,FEASIBLE,WORSE
3343,2,41,45,21776,28776,1,FEASIBLE,WORSE
3344,2,41,46,21319,28319,1,FEASIBLE,WORSE
3345,2,41,47,22794,29994,0,CAPACITY_EXCEEDED,INVALID
3346,2,41,48,21694,28694,1,FEASIBLE,WORSE
3347,2,41,49,21889,28889,1,FEASIBLE,WORSE
3348,2,41,50,21814,28814,1,FEASIBLE,WORSE
3349,2,41,51,21358,28358,1,FEASIBLE,WORSE
3350,2,41,52,21880,28880,1,FEASIBLE,WORSE
3351,2,41,53,21813,28813,1,FEASIBLE,WORSE
3352,2,41,54,21401,28401,1,FEASIBLE,WORSE
3353,2,41,55,22819,30019,0,CAPACITY_EXCEEDED,INVALID
3354,2,41,56,21477,28477,1,FEASIBLE,WORSE
3355,2,41,57,21499,28499,1,FEASIBLE,WORSE
3356,2,41,58,22537,29737,0,CAPACITY_EXCEEDED,INVALID
3357,2,41,59,21804,28804,1,FEASIBLE,WORSE
3358,2,41,60,21318,28318,1,FEASIBLE,WORSE
3359,2,41,61,21725,28725,1,FEASIBLE,WORSE
3360,2,41,62,21289,28289,1,FEASIBLE,WORSE
3361,2,41,63,22857,30057,0,CAPACITY_EXCEEDED,INVALID
3362,2,41,64,21843,28843,1,FEASIBLE,WORSE
3363,2,41,65,21342,28342,1,FEASIBLE,WORSE
3364,2,41,66,21291,28291,1,FEASIBLE,WORSE
3365,2,41,67,21748,28748,1,FEASIBLE,WORSE
3366,2,41,68,21629,28629,1,FEASIBLE,WORSE
3367,2,41,69,22893,30093,0,CAPACITY_EXCEEDED,INVALID
3368,2,41,70,22896,30096,0,CAPACITY_EXCEEDED,INVALID
3369,2,41,71,21776,28776,1,FEASIBLE,WORSE
3370,2,41,72,22604,29804,0,CAPACITY_EXCEEDED,INVALID
3371,2,41,73,22849,30049,0,CAPACITY_EXCEEDED,INVALID
3372,2,41,74,21661,28661,1,FEASIBLE,WORSE
3373,2,41,75,21286,28286,1,FEASIBLE,WORSE
3374,2,41,76,21854,28854,1,FEASIBLE,WORSE
3375,2,41,77,21532,28532,1,FEASIBLE,WORSE
3376,2,41,78,22573,29773,0,CAPACITY_EXCEEDED,INVALID
3377,2,41,79,21307,28307,1,FEASIBLE,WORSE
3378,2,41,80,22673,29873,0,CAPACITY_EXCEEDED,INVALID
3379,2,41,81,21811,28811,1,FEASIBLE,WORSE
3380,2,41,82,21550,28550,1,FEASIBLE,WORSE
3381,2,41,83,22763,29963,0,CAPACITY_EXCEEDED,INVALID
3382,2,41,84,22483,29683,0,CAPACITY_EXCEEDED,INVALID
3383,2,41,85,21446,28446,1,FEASIBLE,WORSE
3384,2,41,86,21495,28495,1,FEASIBLE,WORSE
3385,2,41,87,22885,30085,0,CAPACITY_EXCEEDED,INVALID
3386,2,41,88,21323,28323,1,FEASIBLE,WORSE
3387,2,41,89,21879,28879,1,FEASIBLE,WORSE
3388,2,41,90,22698,29898,0,CAPACITY_EXCEEDED,INVALID
3389,2,41,91,21569,28569,1,FEASIBLE,WORSE
3390,2,41,92,21464,28464,1,FEASIBLE,WORSE
3391,2,41,93,21684,28684,1,FEASIBLE,WORSE
3392,2,41,94,21453,28453,1,FEASIBLE,WORSE
3393,2,41,95,21573,28573,1,FEASIBLE,WORSE
3394,2,41,96,21809,28809,1,FEASIBLE,WORSE
3395,2,41,97,22528,29728,0,CAPACITY_EXCEEDED,INVALID
3396,2,41,98,21794,28794,1,FEASIBLE,WORSE
3397,2,41,99,22683,29883,0,CAPACITY_EXCEEDED,INVALID
3398,2,42,43,23117,30317,0,CAPACITY_EXCEEDED,INVALID
3399,2,42,44,22633,29833,0,CAPACITY_EXCEEDED,INVALID
3400,2,42,45,23108,30308,0,CAPACITY_EXCEEDED,INVALID
3401,2,42,46,22651,29851,0,CAPACITY_EXCEEDED,INVALID
3402,2,42,47,24126,31526,0,CAPACITY_EXCEEDED,INVALID
3403,2,42,48,23026,30226,0,CAPACITY_EXCEEDED,INVALID
3404,2,42,49,23221,30421,0,CAPACITY_EXCEEDED,INVALID
3405,2,42,50,23146,30346,0,CAPACITY_EXCEEDED,INVALID
3406,2,42,51,22690,29890,0,CAPACITY_EXCEEDED,INVALID
3407,2,42,52,23212,30412,0,CAPACITY_EXCEEDED,INVALID
3408,2,42,53,23145,30345,0,CAPACITY_EXCEEDED,INVALID
3409,2,42,54,22733,29933,0,CAPACITY_EXCEEDED,INVALID
3410,2,42,55,24151,31551,0,CAPACITY_EXCEEDED,INVALID
3411,2,42,56,22809,30009,0,CAPACITY_EXCEEDED,INVALID
3412,2,42,57,22831,30031,0,CAPACITY_EXCEEDED,INVALID
3413,2,42,58,23869,31269,0,CAPACITY_EXCEEDED,INVALID
3414,2,42,59,23136,30336,0,CAPACITY_EXCEEDED,INVALID
3415,2,42,60,22650,29850,0,CAPACITY_EXCEEDED,INVALID
3416,2,42,61,23057,30257,0,CAPACITY_EXCEEDED,INVALID
3417,2,42,62,22621,29821,0,CAPACITY_EXCEEDED,INVALID
3418,2,42,63,24189,31589,0,CAPACITY_EXCEEDED,INVALID
3419,2,42,64,23175,30375,0,CAPACITY_EXCEEDED,INVALID
3420,2,42,65,22674,29874,0,CAPACITY_EXCEEDED,INVALID
3421,2,42,66,22623,29823,0,CAPACITY_EXCEEDED,INVALID
3422,2,42,67,23080,30280,0,CAPACITY_EXCEEDED,INVALID
3423,2,42,68,22961,30161,0,CAPACITY_EXCEEDED,INVALID
3424,2,42,69,24225,31625,0,CAPACITY_EXCEEDED,INVALID
3425,2,42,70,24228,31628,0,CAPACITY_EXCEEDED,INVALID
3426,2,42,71,23108,30308,0,CAPACITY_EXCEEDED,INVALID
3427,2,42,72,23936,31336,0,CAPACITY_EXCEEDED,INVALID
3428,2,42,73,24181,31581,0,CAPACITY_EXCEEDED,INVALID
3429,2,42,74,22993,30193,0,CAPACITY_EXCEEDED,INVALID
3430,2,42,75,22618,29818,0,CAPACITY_EXCEEDED,INVALID
3431,2,42,76,23186,30386,0,CAPACITY_EXCEEDED,INVALID
3432,2,42,77,22864,30064,0,CAPACITY_EXCEEDED,INVALID
3433,2,42,78,23905,31305,0,CAPACITY_EXCEEDED,INVALID
3434,2,42,79,22639,29839,0,CAPACITY_EXCEEDED,INVALID
3435,2,42,80,24005,31405,0,CAPACITY_EXCEEDED,INVALID
3436,2,42,81,23143,30343,0,CAPACITY_EXCEEDED,INVALID
3437,2,42,82,22882,30082,0,CAPACITY_EXCEEDED,INVALID
3438,2,42,83,24095,31495,0,CAPACITY_EXCEEDED,INVALID
3439,2,42,84,23815,31215,0,CAPACITY_EXCEEDED,INVALID
3440,2,42,85,22778,29978,0,CAPACITY_EXCEEDED,INVALID
3441,2,42,86,22827,30027,0,CAPACITY_EXCEEDED,INVALID
3442,2,42,87,24217,31617,0,CAPACITY_EXCEEDED,INVALID
3443,2,42,88,22655,29855,0,CAPACITY_EXCEEDED,INVALID
3444,2,42,89,23211,30411,0,CAPACITY_EXCEEDED,INVALID
3445,2,42,90,24030,31430,0,CAPACITY_EXCEEDED,INVALID
3446,2,42,91,22901,30101,0,CAPACITY_EXCEEDED,INVALID
3447,2,42,92,22796,29996,0,CAPACITY_EXCEEDED,INVALID
3448,2,42,93,23016,30216,0,CAPACITY_EXCEEDED,INVALID
3449,2,42,94,22785,29985,0,CAPACITY_EXCEEDED,INVALID
3450,2,42,95,22905,30105,0,CAPACITY_EXCEEDED,INVALID
3451,2,42,96,23141,30341,0,CAPACITY_EXCEEDED,INVALID
3452,2,42,97,23860,31260,0,CAPACITY_EXCEEDED,INVALID
3453,2,42,98,23126,30326,0,CAPACITY_EXCEEDED,INVALID
3454,2,42,99,24015,31415,0,CAPACITY_EXCEEDED,INVALID
3455,2,43,44,21613,28613,1,FEASIBLE,WORSE
3456,2,43,45,22088,29088,1,FEASIBLE,WORSE
3457,2,43,46,21631,28631,1,FEASIBLE,WORSE
3458,2,43,47,23106,30306,0,CAPACITY_EXCEEDED,INVALID
3459,2,43,48,22006,29006,1,FEASIBLE,WORSE
3460,2,43,49,22201,29201,1,FEASIBLE,WORSE
3461,2,43,50,22126,29126,1,FEASIBLE,WORSE
3462,2,43,51,21670,28670,1,FEASIBLE,WORSE
3463,2,43,52,22192,29192,1,FEASIBLE,WORSE
3464,2,43,53,22125,29125,1,FEASIBLE,WORSE
3465,2,43,54,21713,28713,1,FEASIBLE,WORSE
3466,2,43,55,23131,30331,0,CAPACITY_EXCEEDED,INVALID
3467,2,43,56,21789,28789,1,FEASIBLE,WORSE
3468,2,43,57,21811,28811,1,FEASIBLE,WORSE
3469,2,43,58,22849,30049,0,CAPACITY_EXCEEDED,INVALID
3470,2,43,59,22116,29116,1,FEASIBLE,WORSE
3471,2,43,60,21630,28630,1,FEASIBLE,WORSE
3472,2,43,61,22037,29037,1,FEASIBLE,WORSE
3473,2,43,62,21601,28601,1,FEASIBLE,WORSE
3474,2,43,63,23169,30369,0,CAPACITY_EXCEEDED,INVALID
3475,2,43,64,22155,29155,1,FEASIBLE,WORSE
3476,2,43,65,21654,28654,1,FEASIBLE,WORSE
3477,2,43,66,21603,28603,1,FEASIBLE,WORSE
3478,2,43,67,22060,29060,1,FEASIBLE,WORSE
3479,2,43,68,21941,28941,1,FEASIBLE,WORSE
3480,2,43,69,23205,30405,0,CAPACITY_EXCEEDED,INVALID
3481,2,43,70,23208,30408,0,CAPACITY_EXCEEDED,INVALID
3482,2,43,71,22088,29088,1,FEASIBLE,WORSE
3483,2,43,72,22916,30116,0,CAPACITY_EXCEEDED,INVALID
3484,2,43,73,23161,30361,0,CAPACITY_EXCEEDED,INVALID
3485,2,43,74,21973,28973,1,FEASIBLE,WORSE
3486,2,43,75,21598,28598,1,FEASIBLE,WORSE
3487,2,43,76,22166,29166,1,FEASIBLE,WORSE
3488,2,43,77,21844,28844,1,FEASIBLE,WORSE
3489,2,43,78,22885,30085,0,CAPACITY_EXCEEDED,INVALID
3490,2,43,79,21619,28619,1,FEASIBLE,WORSE
3491,2,43,80,22985,30185,0,CAPACITY_EXCEEDED,INVALID
3492,2,43,81,22123,29123,1,FEASIBLE,WORSE
3493,2,43,82,21862,28862,1,FEASIBLE,WORSE
3494,2,43,83,23075,30275,0,CAPACITY_EXCEEDED,INVALID
3495,2,43,84,22795,29995,0,CAPACITY_EXCEEDED,INVALID
3496,2,43,85,21758,28758,1,FEASIBLE,WORSE
3497,2,43,86,21807,28807,1,FEASIBLE,WORSE
3498,2,43,87,23197,30397,0,CAPACITY_EXCEEDED,INVALID
3499,2,43,88,21635,28635,1,FEASIBLE,WORSE
3500,2,43,89,22191,29191,1,FEASIBLE,WORSE
3501,2,43,90,23010,30210,0,CAPACITY_EXCEEDED,INVALID
3502,2,43,91,21881,28881,1,FEASIBLE,WORSE
3503,2,43,92,21776,28776,1,FEASIBLE,WORSE
3504,2,43,93,21996,28996,1,FEASIBLE,WORSE
3505,2,43,94,21765,28765,1,FEASIBLE,WORSE
3506,2,43,95,21885,28885,1,FEASIBLE,WORSE
3507,2,43,96,22121,29121,1,FEASIBLE,WORSE
3508,2,43,97,22840,30040,0,CAPACITY_EXCEEDED,INVALID
3509,2,43,98,22106,29106,1,FEASIBLE,WORSE
3510,2,43,99,22995,30195,0,CAPACITY_EXCEEDED,INVALID
3511,2,44,45,21604,28604,1,FEASIBLE,WORSE
3512,2,44,46,21147,28147,1,FEASIBLE,WORSE
3513,2,44,47,22622,29822,0,CAPACITY_EXCEEDED,INVALID
3514,2,44,48,21522,28522,1,FEASIBLE,WORSE
3515,2,44,49,21717,28717,1,FEASIBLE,WORSE
3516,2,44,50,21642,28642,1,FEASIBLE,WORSE
3517,2,44,51,21186,28186,1,FEASIBLE,WORSE
3518,2,44,52,21708,28708,1,FEASIBLE,WORSE
3519,2,44,53,21641,28641,1,FEASIBLE,WORSE
3520,2,44,54,21229,28229,1,FEASIBLE,WORSE
3521,2,44,55,22647,29847,0,CAPACITY_EXCEEDED,INVALID
3522,2,44,56,21305,28305,1,FEASIBLE,WORSE
3523,2,44,57,21327,28327,1,FEASIBLE,WORSE
3524,2,44,58,22365,29565,0,CAPACITY_EXCEEDED,INVALID
3525,2,44,59,21632,28632,1,FEASIBLE,WORSE
3526,2,44,60,21146,28146,1,FEASIBLE,WORSE
3527,2,44,61,21553,28553,1,FEASIBLE,WORSE
3528,2,44,62,21117,28117,1,FEASIBLE,WORSE
3529,2,44,63,22685,29885,0,CAPACITY_EXCEEDED,INVALID
3530,2,44,64,21671,28671,1,FEASIBLE,WORSE
3531,2,44,65,21170,28170,1,FEASIBLE,WORSE
3532,2,44,66,21119,28119,1,FEASIBLE,WORSE
3533,2,44,67,21576,28576,1,FEASIBLE,WORSE
3534,2,44,68,21457,28457,1,FEASIBLE,WORSE
3535,2,44,69,22721,29921,0,CAPACITY_EXCEEDED,INVALID
3536,2,44,70,22724,29924,0,CAPACITY_EXCEEDED,INVALID
3537,2,44,71,21604,28604,1,FEASIBLE,WORSE
3538,2,44,72,22432,29632,0,CAPACITY_EXCEEDED,INVALID
3539,2,44,73,22677,29877,0,CAPACITY_EXCEEDED,INVALID
3540,2,44,74,21489,28489,1,FEASIBLE,WORSE
3541,2,44,75,21114,28114,1,FEASIBLE,WORSE
3542,2,44,76,21682,28682,1,FEASIBLE,WORSE
3543,2,44,77,21360,28360,1,FEASIBLE,WORSE
3544,2,44,78,22401,29601,0,CAPACITY_EXCEEDED,INVALID
3545,2,44,79,21135,28135,1,FEASIBLE,WORSE
3546,2,44,80,22501,29701,0,CAPACITY_EXCEEDED,INVALID
3547,2,44,81,21639,28639,1,FEASIBLE,WORSE
3548,2,44,82,21378,28378,1,FEASIBLE,WORSE
3549,2,44,83,22591,29791,0,CAPACITY_EXCEEDED,INVALID
3550,2,44,84,22311,29511,1,FEASIBLE,WORSE
3551,2,44,85,21274,28274,1,FEASIBLE,WORSE
3552,2,44,86,21323,28323,1,FEASIBLE,WORSE
3553,2,44,87,22713,29913,0,CAPACITY_EXCEEDED,INVALID
3554,2,44,88,21151,28151,1,FEASIBLE,WORSE
3555,2,44,89,21707,28707,1,FEASIBLE,WORSE
3556,2,44,90,22526,29726,0,CAPACITY_EXCEEDED,INVALID
3557,2,44,91,21397,28397,1,FEASIBLE,WORSE
3558,2,44,92,21292,28292,1,FEASIBLE,WORSE
3559,2,44,93,21512,28512,1,FEASIBLE,WORSE
3560,2,44,94,21281,28281,1,FEASIBLE,WORSE
3561,2,44,95,21401,28401,1,FEASIBLE,WORSE
3562,2,44,96,21637,28637,1,FEASIBLE,WORSE
3563,2,44,97,22356,29556,0,CAPACITY_EXCEEDED,INVALID
3564,2,44,98,21622,28622,1,FEASIBLE,WORSE
3565,2,44,99,22511,29711,0,CAPACITY_EXCEEDED,INVALID
3566,2,45,46,21622,28622,1,FEASIBLE,WORSE
3567,2,45,47,23097,30297,0,CAPACITY_EXCEEDED,INVALID
3568,2,45,48,21997,28997,1,FEASIBLE,WORSE
3569,2,45,49,22192,29192,1,FEASIBLE,WORSE
3570,2,45,50,22117,29117,1,FEASIBLE,WORSE
3571,2,45,51,21661,28661,1,FEASIBLE,WORSE
3572,2,45,52,22183,29183,1,FEASIBLE,WORSE
3573,2,45,53,22116,29116,1,FEASIBLE,WORSE
3574,2,45,54,21704,28704,1,FEASIBLE,WORSE
3575,2,45,55,23122,30322,0,CAPACITY_EXCEEDED,INVALID
3576,2,45,56,21780,28780,1,FEASIBLE,WORSE
3577,2,45,57,21802,28802,1,FEASIBLE,WORSE
3578,2,45,58,22840,30040,0,CAPACITY_EXCEEDED,INVALID
3579,2,45,59,22107,29107,1,FEASIBLE,WORSE
3580,2,45,60,21621,28621,1,FEASIBLE,WORSE
3581,2,45,61,22028,29028,1,FEASIBLE,WORSE
3582,2,45,62,21592,28592,1,FEASIBLE,WORSE
3583,2,45,63,23160,30360,0,CAPACITY_EXCEEDED,INVALID
3584,2,45,64,22146,29146,1,FEASIBLE,WORSE
3585,2,45,65,21645,28645,1,FEASIBLE,WORSE
3586,2,45,66,21594,28594,1,FEASIBLE,WORSE
3587,2,45,67,22051,29051,1,FEASIBLE,WORSE
3588,2,45,68,21932,28932,1,FEASIBLE,WORSE
3589,2,45,69,23196,30396,0,CAPACITY_EXCEEDED,INVALID
3590,2,45,70,23199,30399,0,CAPACITY_EXCEEDED,INVALID
3591,2,45,71,22079,29079,1,FEASIBLE,WORSE
3592,2,45,72,22907,30107,0,CAPACITY_EXCEEDED,INVALID
3593,2,45,73,23152,30352,0,CAPACITY_EXCEEDED,INVALID
3594,2,45,74,21964,28964,1,FEASIBLE,WORSE
3595,2,45,75,21589,28589,1,FEASIBLE,WORSE
3596,2,45,76,22157,29157,1,FEASIBLE,WORSE
3597,2,45,77,21835,28835,1,FEASIBLE,WORSE
3598,2,45,78,22876,30076,0,CAPACITY_EXCEEDED,INVALID
3599,2,45,79,21610,28610,1,FEASIBLE,WORSE
3600,2,45,80,22976,30176,0,CAPACITY_EXCEEDED,INVALID
3601,2,45,81,22114,29114,1,FEASIBLE,WORSE
3602,2,45,82,21853,28853,1,FEASIBLE,WORSE
3603,2,45,83,23066,30266,0,CAPACITY_EXCEEDED,INVALID
3604,2,45,84,22786,29986,0,CAPACITY_EXCEEDED,INVALID
3605,2,45,85,21749,28749,1,FEASIBLE,WORSE
3606,2,45,86,21798,28798,1,FEASIBLE,WORSE
3607,2,45,87,23188,30388,0,CAPACITY_EXCEEDED,INVALID
3608,2,45,88,21626,28626,1,FEASIBLE,WORSE
3609,2,45,89,22182,29182,1,FEASIBLE,WORSE
3610,2,45,90,23001,30201,0,CAPACITY_EXCEEDED,INVALID
3611,2,45,91,21872,28872,1,FEASIBLE,WORSE
3612,2,45,92,21767,28767,1,FEASIBLE,WORSE
3613,2,45,93,21987,28987,1,FEASIBLE,WORSE
3614,2,45,94,21756,28756,1,FEASIBLE,WORSE
3615,2,45,95,21876,28876,1,FEASIBLE,WORSE
3616,2,45,96,22112,29112,1,FEASIBLE,WORSE
3617,2,45,97,22831,30031,0,CAPACITY_EXCEEDED,INVALID
3618,2,45,98,22097,29097,1,FEASIBLE,WORSE
3619,2,45,99,22986,30186,0,CAPACITY_EXCEEDED,INVALID
3620,2,46,47,22640,29840,0,CAPACITY_EXCEEDED,INVALID
3621,2,46,48,21540,28540,1,FEASIBLE,WORSE
3622,2,46,49,21735,28735,1,FEASIBLE,WORSE
3623,2,46,50,21660,28660,1,FEASIBLE,WORSE
3624,2,46,51,21204,28204,1,FEASIBLE,WORSE
3625,2,46,52,21726,28726,1,FEASIBLE,WORSE
3626,2,46,53,21659,28659,1,FEASIBLE,WORSE
3627,2,46,54,21247,28247,1,FEASIBLE,WORSE
3628,2,46,55,22665,29865,0,CAPACITY_EXCEEDED,INVALID
3629,2,46,56,21323,28323,1,FEASIBLE,WORSE
3630,2,46,57,21345,28345,1,FEASIBLE,WORSE
3631,2,46,58,22383,29583,0,CAPACITY_EXCEEDED,INVALID
3632,2,46,59,21650,28650,1,FEASIBLE,WORSE
3633,2,46,60,21164,28164,1,FEASIBLE,WORSE
3634,2,46,61,21571,28571,1,FEASIBLE,WORSE
3635,2,46,62,21135,28135,1,FEASIBLE,WORSE
3636,2,46,63,22703,29903,0,CAPACITY_EXCEEDED,INVALID
3637,2,46,64,21689,28689,1,FEASIBLE,WORSE
3638,2,46,65,21188,28188,1,FEASIBLE,WORSE
3639,2,46,66,21137,28137,1,FEASIBLE,WORSE
3640,2,46,67,21594,28594,1,FEASIBLE,WORSE
3641,2,46,68,21475,28475,1,FEASIBLE,WORSE
3642,2,46,69,22739,29939,0,CAPACITY_EXCEEDED,INVALID
3643,2,46,70,22742,29942,0,CAPACITY_EXCEEDED,INVALID
3644,2,46,71,21622,28622,1,FEASIBLE,WORSE
3645,2,46,72,22450,29650,0,CAPACITY_EXCEEDED,INVALID
3646,2,46,73,22695,29895,0,CAPACITY_EXCEEDED,INVALID
3647,2,46,74,21507,28507,1,FEASIBLE,WORSE
3648,2,46,75,21132,28132,1,FEASIBLE,WORSE
3649,2,46,76,21700,28700,1,FEASIBLE,WORSE
3650,2,46,77,21378,28378,1,FEASIBLE,WORSE
3651,2,46,78,22419,29619,0,CAPACITY_EXCEEDED,INVALID
3652,2,46,79,21153,28153,1,FEASIBLE,WORSE
3653,2,46,80,22519,29719,0,CAPACITY_EXCEEDED,INVALID
3654,2,46,81,21657,28657,1,FEASIBLE,WORSE
3655,2,46,82,21396,28396,1,FEASIBLE,WORSE
3656,2,46,83,22609,29809,0,CAPACITY_EXCEEDED,INVALID
3657,2,46,84,22329,29529,0,CAPACITY_EXCEEDED,INVALID
3658,2,46,85,21292,28292,1,FEASIBLE,WORSE
3659,2,46,86,21341,28341,1,FEASIBLE,WORSE
3660,2,46,87,22731,29931,0,CAPACITY_EXCEEDED,INVALID
3661,2,46,88,21169,28169,1,FEASIBLE,WORSE
3662,2,46,89,21725,28725,1,FEASIBLE,WORSE
3663,2,46,90,22544,29744,0,CAPACITY_EXCEEDED,INVALID
3664,2,46,91,21415,28415,1,FEASIBLE,WORSE
3665,2,46,92,21310,28310,1,FEASIBLE,WORSE
3666,2,46,93,21530,28530,1,FEASIBLE,WORSE
3667,2,46,94,21299,28299,1,FEASIBLE,WORSE
3668,2,46,95,21419,28419,1,FEASIBLE,WORSE
3669,2,46,96,21655,28655,1,FEASIBLE,WORSE
3670,2,46,97,22374,29574,0,CAPACITY_EXCEEDED,INVALID
3671,2,46,98,21640,28640,1,FEASIBLE,WORSE
3672,2,46,99,22529,29729,0,CAPACITY_EXCEEDED,INVALID
3673,2,47,48,23015,30215,0,CAPACITY_EXCEEDED,INVALID
3674,2,47,49,23210,30410,0,CAPACITY_EXCEEDED,INVALID
3675,2,47,50,23135,30335,0,CAPACITY_EXCEEDED,INVALID
3676,2,47,51,22679,29879,0,CAPACITY_EXCEEDED,INVALID
3677,2,47,52,23201,30401,0,CAPACITY_EXCEEDED,INVALID
3678,2,47,53,23134,30334,0,CAPACITY_EXCEEDED,INVALID
3679,2,47,54,22722,29922,0,CAPACITY_EXCEEDED,INVALID
3680,2,47,55,24140,31540,0,CAPACITY_EXCEEDED,INVALID
3681,2,47,56,22798,29998,0,CAPACITY_EXCEEDED,INVALID
3682,2,47,57,22820,30020,0,CAPACITY_EXCEEDED,INVALID
3683,2,47,58,23858,31258,0,CAPACITY_EXCEEDED,INVALID
3684,2,47,59,23125,30325,0,CAPACITY_EXCEEDED,INVALID
3685,2,47,60,22639,29839,0,CAPACITY_EXCEEDED,INVALID
3686,2,47,61,23046,30246,0,CAPACITY_EXCEEDED,INVALID
3687,2,47,62,22610,29810,0,CAPACITY_EXCEEDED,INVALID
3688,2,47,63,24178,31578,0,CAPACITY_EXCEEDED,INVALID
3689,2,47,64,23164,30364,0,CAPACITY_EXCEEDED,INVALID
3690,2,47,65,22663,29863,0,CAPACITY_EXCEEDED,INVALID
3691,2,47,66,22612,29812,0,CAPACITY_EXCEEDED,INVALID
3692,2,47,67,23069,30269,0,CAPACITY_EXCEEDED,INVALID
3693,2,47,68,22950,30150,0,CAPACITY_EXCEEDED,INVALID
3694,2,47,69,24214,31614,0,CAPACITY_EXCEEDED,INVALID
3695,2,47,70,24217,31617,0,CAPACITY_EXCEEDED,INVALID
3696,2,47,71,23097,30297,0,CAPACITY_EXCEEDED,INVALID
3697,2,47,72,23925,31325,0,CAPACITY_EXCEEDED,INVALID
3698,2,47,73,24170,31570,0,CAPACITY_EXCEEDED,INVALID
3699,2,47,74,22982,30182,0,CAPACITY_EXCEEDED,INVALID
3700,2,47,75,22607,29807,0,CAPACITY_EXCEEDED,INVALID
3701,2,47,76,23175,30375,0,CAPACITY_EXCEEDED,INVALID
3702,2,47,77,22853,30053,0,CAPACITY_EXCEEDED,INVALID
3703,2,47,78,23894,31294,0,CAPACITY_EXCEEDED,INVALID
3704,2,47,79,22628,29828,0,CAPACITY_EXCEEDED,INVALID
3705,2,47,80,23994,31394,0,CAPACITY_EXCEEDED,INVALID
3706,2,47,81,23132,30332,0,CAPACITY_EXCEEDED,INVALID
3707,2,47,82,22871,30071,0,CAPACITY_EXCEEDED,INVALID
3708,2,47,83,24084,31484,0,CAPACITY_EXCEEDED,INVALID
3709,2,47,84,23804,31204,0,CAPACITY_EXCEEDED,INVALID
3710,2,47,85,22767,29967,0,CAPACITY_EXCEEDED,INVALID
3711,2,47,86,22816,30016,0,CAPACITY_EXCEEDED,INVALID
3712,2,47,87,24206,31606,0,CAPACITY_EXCEEDED,INVALID
3713,2,47,88,22644,29844,0,CAPACITY_EXCEEDED,INVALID
3714,2,47,89,23200,30400,0,CAPACITY_EXCEEDED,INVALID
3715,2,47,90,24019,31419,0,CAPACITY_EXCEEDED,INVALID
3716,2,47,91,22890,30090,0,CAPACITY_EXCEEDED,INVALID
3717,2,47,92,22785,29985,0,CAPACITY_EXCEEDED,INVALID
3718,2,47,93,23005,30205,0,CAPACITY_EXCEEDED,INVALID
3719,2,47,94,22774,29974,0,CAPACITY_EXCEEDED,INVALID
3720,2,47,95,22894,30094,0,CAPACITY_EXCEEDED,INVALID
3721,2,47,96,23130,30330,0,CAPACITY_EXCEEDED,INVALID
3722,2,47,97,23849,31249,0,CAPACITY_EXCEEDED,INVALID
3723,2,47,98,23115,30315,0,CAPACITY_EXCEEDED,INVALID
3724,2,47,99,24004,31404,0,CAPACITY_EXCEEDED,INVALID
3725,2,48,49,22110,29110,1,FEASIBLE,WORSE
3726,2,48,50,22035,29035,1,FEASIBLE,WORSE
3727,2,48,51,21579,28579,1,FEASIBLE,WORSE
3728,2,48,52,22101,29101,1,FEASIBLE,WORSE
3729,2,48,53,22034,29034,1,FEASIBLE,WORSE
3730,2,48,54,21622,28622,1,FEASIBLE,WORSE
3731,2,48,55,23040,30240,0,CAPACITY_EXCEEDED,INVALID
3732,2,48,56,21698,28698,1,FEASIBLE,WORSE
3733,2,48,57,21720,28720,1,FEASIBLE,WORSE
3734,2,48,58,22758,29958,0,CAPACITY_EXCEEDED,INVALID
3735,2,48,59,22025,29025,1,FEASIBLE,WORSE
3736,2,48,60,21539,28539,1,FEASIBLE,WORSE
3737,2,48,61,21946,28946,1,FEASIBLE,WORSE
3738,2,48,62,21510,28510,1,FEASIBLE,WORSE
3739,2,48,63,23078,30278,0,CAPACITY_EXCEEDED,INVALID
3740,2,48,64,22064,29064,1,FEASIBLE,WORSE
3741,2,48,65,21563,28563,1,FEASIBLE,WORSE
3742,2,48,66,21512,28512,1,FEASIBLE,WORSE
3743,2,48,67,21969,28969,1,FEASIBLE,WORSE
3744,2,48,68,21850,28850,1,FEASIBLE,WORSE
3745,2,48,69,23114,30314,0,CAPACITY_EXCEEDED,INVALID
3746,2,48,70,23117,30317,0,CAPACITY_EXCEEDED,INVALID
3747,2,48,71,21997,28997,1,FEASIBLE,WORSE
3748,2,48,72,22825,30025,0,CAPACITY_EXCEEDED,INVALID
3749,2,48,73,23070,30270,0,CAPACITY_EXCEEDED,INVALID
3750,2,48,74,21882,28882,1,FEASIBLE,WORSE
3751,2,48,75,21507,28507,1,FEASIBLE,WORSE
3752,2,48,76,22075,29075,1,FEASIBLE,WORSE
3753,2,48,77,21753,28753,1,FEASIBLE,WORSE
3754,2,48,78,22794,29994,0,CAPACITY_EXCEEDED,INVALID
3755,2,48,79,21528,28528,1,FEASIBLE,WORSE
3756,2,48,80,22894,30094,0,CAPACITY_EXCEEDED,INVALID
3757,2,48,81,22032,29032,1,FEASIBLE,WORSE
3758,2,48,82,21771,28771,1,FEASIBLE,WORSE
3759,2,48,83,22984,30184,0,CAPACITY_EXCEEDED,INVALID
3760,2,48,84,22704,29904,0,CAPACITY_EXCEEDED,INVALID
3761,2,48,85,21667,28667,1,FEASIBLE,WORSE
3762,2,48,86,21716,28716,1,FEASIBLE,WORSE
3763,2,48,87,23106,30306,0,CAPACITY_EXCEEDED,INVALID
3764,2,48,88,21544,28544,1,FEASIBLE,WORSE
3765,2,48,89,22100,29100,1,FEASIBLE,WORSE
3766,2,48,90,22919,30119,0,CAPACITY_EXCEEDED,INVALID
3767,2,48,91,21790,28790,1,FEASIBLE,WORSE
3768,2,48,92,21685,28685,1,FEASIBLE,WORSE
3769,2,48,93,21905,28905,1,FEASIBLE,WORSE
3770,2,48,94,21674,28674,1,FEASIBLE,WORSE
3771,2,48,95,21794,28794,1,FEASIBLE,WORSE
3772,2,48,96,22030,29030,1,FEASIBLE,WORSE
3773,2,48,97,22749,29949,0,CAPACITY_EXCEEDED,INVALID
3774,2,48,98,22015,29015,1,FEASIBLE,WORSE
3775,2,48,99,22904,30104,0,CAPACITY_EXCEEDED,INVALID
3776,2,49,50,22230,29230,1,FEASIBLE,WORSE
3777,2,49,51,21774,28774,1,FEASIBLE,WORSE
3778,2,49,52,22296,29296,1,FEASIBLE,WORSE
3779,2,49,53,22229,29229,1,FEASIBLE,WORSE
3780,2,49,54,21817,28817,1,FEASIBLE,WORSE
3781,2,49,55,23235,30435,0,CAPACITY_EXCEEDED,INVALID
3782,2,49,56,21893,28893,1,FEASIBLE,WORSE
3783,2,49,57,21915,28915,1,FEASIBLE,WORSE
3784,2,49,58,22953,30153,0,CAPACITY_EXCEEDED,INVALID
3785,2,49,59,22220,29220,1,FEASIBLE,WORSE
3786,2,49,60,21734,28734,1,FEASIBLE,WORSE
3787,2,49,61,22141,29141,1,FEASIBLE,WORSE
3788,2,49,62,21705,28705,1,FEASIBLE,WORSE
3789,2,49,63,23273,30473,0,CAPACITY_EXCEEDED,INVALID
3790,2,49,64,22259,29259,1,FEASIBLE,WORSE
3791,2,49,65,21758,28758,1,FEASIBLE,WORSE
3792,2,49,66,21707,28707,1,FEASIBLE,WORSE
3793,2,49,67,22164,29164,1,FEASIBLE,WORSE
3794,2,49,68,22045,29045,1,FEASIBLE,WORSE
3795,2,49,69,23309,30509,0,CAPACITY_EXCEEDED,INVALID
3796,2,49,70,23312,30512,0,CAPACITY_EXCEEDED,INVALID
3797,2,49,71,22192,29192,1,FEASIBLE,WORSE
3798,2,49,72,23020,30220,0,CAPACITY_EXCEEDED,INVALID
3799,2,49,73,23265,30465,0,CAPACITY_EXCEEDED,INVALID
3800,2,49,74,22077,29077,1,FEASIBLE,WORSE
3801,2,49,75,21702,28702,1,FEASIBLE,WORSE
3802,2,49,76,22270,29270,1,FEASIBLE,WORSE
3803,2,49,77,21948,28948,1,FEASIBLE,WORSE
3804,2,49,78,22989,30189,0,CAPACITY_EXCEEDED,INVALID
3805,2,49,79,21723,28723,1,FEASIBLE,WORSE
3806,2,49,80,23089,30289,0,CAPACITY_EXCEEDED,INVALID
3807,2,49,81,22227,29227,1,FEASIBLE,WORSE
3808,2,49,82,21966,28966,1,FEASIBLE,WORSE
3809,2,49,83,23179,30379,0,CAPACITY_EXCEEDED,INVALID
3810,2,49,84,22899,30099,0,CAPACITY_EXCEEDED,INVALID
3811,2,49,85,21862,28862,1,FEASIBLE,WORSE
3812,2,49,86,21911,28911,1,FEASIBLE,WORSE
3813,2,49,87,23301,30501,0,CAPACITY_EXCEEDED,INVALID
3814,2,49,88,21739,28739,1,FEASIBLE,WORSE
3815,2,49,89,22295,29295,1,FEASIBLE,WORSE
3816,2,49,90,23114,30314,0,CAPACITY_EXCEEDED,INVALID
3817,2,49,91,21985,28985,1,FEASIBLE,WORSE
3818,2,49,92,21880,28880,1,FEASIBLE,WORSE
3819,2,49,93,22100,29100,1,FEASIBLE,WORSE
3820,2,49,94,21869,28869,1,FEASIBLE,WORSE
3821,2,49,95,21989,28989,1,FEASIBLE,WORSE
3822,2,49,96,22225,29225,1,FEASIBLE,WORSE
3823,2,49,97,22944,30144,0,CAPACITY_EXCEEDED,INVALID
3824,2,49,98,22210,29210,1,FEASIBLE,WORSE
3825,2,49,99,23099,30299,0,CAPACITY_EXCEEDED,INVALID
3826,2,50,51,21699,28699,1,FEASIBLE,WORSE
3827,2,50,52,22221,29221,1,FEASIBLE,WORSE
3828,2,50,53,22154,29154,1,FEASIBLE,WORSE
3829,2,50,54,21742,28742,1,FEASIBLE,WORSE
3830,2,50,55,23160,30360,0,CAPACITY_EXCEEDED,INVALID
3831,2,50,56,21818,28818,1,FEASIBLE,WORSE
3832,2,50,57,21840,28840,1,FEASIBLE,WORSE
3833,2,50,58,22878,30078,0,CAPACITY_EXCEEDED,INVALID
3834,2,50,59,22145,29145,1,FEASIBLE,WORSE
3835,2,50,60,21659,28659,1,FEASIBLE,WORSE
3836,2,50,61,22066,29066,1,FEASIBLE,WORSE
3837,2,50,62,21630,28630,1,FEASIBLE,WORSE
3838,2,50,63,23198,30398,0,CAPACITY_EXCEEDED,INVALID
3839,2,50,64,22184,29184,1,FEASIBLE,WORSE
3840,2,50,65,21683,28683,1,FEASIBLE,WORSE
3841,2,50,66,21632,28632,1,FEASIBLE,WORSE
3842,2,50,67,22089,29089,1,FEASIBLE,WORSE
3843,2,50,68,21970,28970,1,FEASIBLE,WORSE
3844,2,50,69,23234,30434,0,CAPACITY_EXCEEDED,INVALID
3845,2,50,70,23237,30437,0,CAPACITY_EXCEEDED,INVALID
3846,2,50,71,22117,29117,1,FEASIBLE,WORSE
3847,2,50,72,22945,30145,0,CAPACITY_EXCEEDED,INVALID
3848,2,50,73,23190,30390,0,CAPACITY_EXCEEDED,INVALID
3849,2,50,74,22002,29002,1,FEASIBLE,WORSE
3850,2,50,75,21627,28627,1,FEASIBLE,WORSE
3851,2,50,76,22195,29195,1,FEASIBLE,WORSE
3852,2,50,77,21873,28873,1,FEASIBLE,WORSE
3853,2,50,78,22914,30114,0,CAPACITY_EXCEEDED,INVALID
3854,2,50,79,21648,28648,1,FEASIBLE,WORSE
3855,2,50,80,23014,30214,0,CAPACITY_EXCEEDED,INVALID
3856,2,50,81,22152,29152,1,FEASIBLE,WORSE
3857,2,50,82,21891,28891,1,FEASIBLE,WORSE
3858,2,50,83,23104,30304,0,CAPACITY_EXCEEDED,INVALID
3859,2,50,84,22824,30024,0,CAPACITY_EXCEEDED,INVALID
3860,2,50,85,21787,28787,1,FEASIBLE,WORSE
3861,2,50,86,21836,28836,1,FEASIBLE,WORSE
3862,2,50,87,23226,30426,0,CAPACITY_EXCEEDED,INVALID
3863,2,50,88,21664,28664,1,FEASIBLE,WORSE
3864,2,50,89,22220,29220,1,FEASIBLE,WORSE
3865,2,50,90,23039,30239,0,CAPACITY_EXCEEDED,INVALID
3866,2,50,91,21910,28910,1,FEASIBLE,WORSE
3867,2,50,92,21805,28805,1,FEASIBLE,WORSE
3868,2,50,93,22025,29025,1,FEASIBLE,WORSE
3869,2,50,94,21794,28794,1,FEASIBLE,WORSE
3870,2,50,95,21914,28914,1,FEASIBLE,WORSE
3871,2,50,96,22150,29150,1,FEASIBLE,WORSE
3872,2,50,97,22869,30069,0,CAPACITY_EXCEEDED,INVALID
3873,2,50,98,22135,29135,1,FEASIBLE,WORSE
3874,2,50,99,23024,30224,0,CAPACITY_EXCEEDED,INVALID
3875,2,51,52,21765,28765,1,FEASIBLE,WORSE
3876,2,51,53,21698,28698,1,FEASIBLE,WORSE
3877,2,51,54,21286,28286,1,FEASIBLE,WORSE
3878,2,51,55,22704,29904,0,CAPACITY_EXCEEDED,INVALID
3879,2,51,56,21362,28362,1,FEASIBLE,WORSE
3880,2,51,57,21384,28384,1,FEASIBLE,WORSE
3881,2,51,58,22422,29622,0,CAPACITY_EXCEEDED,INVALID
3882,2,51,59,21689,28689,1,FEASIBLE,WORSE
3883,2,51,60,21203,28203,1,FEASIBLE,WORSE
3884,2,51,61,21610,28610,1,FEASIBLE,WORSE
3885,2,51,62,21174,28174,1,FEASIBLE,WORSE
3886,2,51,63,22742,29942,0,CAPACITY_EXCEEDED,INVALID
3887,2,51,64,21728,28728,1,FEASIBLE,WORSE
3888,2,51,65,21227,28227,1,FEASIBLE,WORSE
3889,2,51,66,21176,28176,1,FEASIBLE,WORSE
3890,2,51,67,21633,28633,1,FEASIBLE,WORSE
3891,2,51,68,21514,28514,1,FEASIBLE,WORSE
3892,2,51,69,22778,29978,0,CAPACITY_EXCEEDED,INVALID
3893,2,51,70,22781,29981,0,CAPACITY_EXCEEDED,INVALID
3894,2,51,71,21661,28661,1,FEASIBLE,WORSE
3895,2,51,72,22489,29689,0,CAPACITY_EXCEEDED,INVALID
3896,2,51,73,22734,29934,0,CAPACITY_EXCEEDED,INVALID
3897,2,51,74,21546,28546,1,FEASIBLE,WORSE
3898,2,51,75,21171,28171,1,FEASIBLE,WORSE
3899,2,51,76,21739,28739,1,FEASIBLE,WORSE
3900,2,51,77,21417,28417,1,FEASIBLE,WORSE
3901,2,51,78,22458,29658,0,CAPACITY_EXCEEDED,INVALID
3902,2,51,79,21192,28192,1,FEASIBLE,WORSE
3903,2,51,80,22558,29758,0,CAPACITY_EXCEEDED,INVALID
3904,2,51,81,21696,28696,1,FEASIBLE,WORSE
3905,2,51,82,21435,28435,1,FEASIBLE,WORSE
3906,2,51,83,22648,29848,0,CAPACITY_EXCEEDED,INVALID
3907,2,51,84,22368,29568,0,CAPACITY_EXCEEDED,INVALID
3908,2,51,85,21331,28331,1,FEASIBLE,WORSE
3909,2,51,86,21380,28380,1,FEASIBLE,WORSE
3910,2,51,87,22770,29970,0,CAPACITY_EXCEEDED,INVALID
3911,2,51,88,21208,28208,1,FEASIBLE,WORSE
3912,2,51,89,21764,28764,1,FEASIBLE,WORSE
3913,2,51,90,22583,29783,0,CAPACITY_EXCEEDED,INVALID
3914,2,51,91,21454,28454,1,FEASIBLE,WORSE
3915,2,51,92,21349,28349,1,FEASIBLE,WORSE
3916,2,51,93,21569,28569,1,FEASIBLE,WORSE
3917,2,51,94,21338,28338,1,FEASIBLE,WORSE
3918,2,51,95,21458,28458,1,FEASIBLE,WORSE
3919,2,51,96,21694,28694,1,FEASIBLE,WORSE
3920,2,51,97,22413,29613,0,CAPACITY_EXCEEDED,INVALID
3921,2,51,98,21679,28679,1,FEASIBLE,WORSE
3922,2,51,99,22568,29768,0,CAPACITY_EXCEEDED,INVALID
3923,2,52,53,22220,29220,1,FEASIBLE,WORSE
3924,2,52,54,21808,28808,1,FEASIBLE,WORSE
3925,2,52,55,23226,30426,0,CAPACITY_EXCEEDED,INVALID
3926,2,52,56,21884,28884,1,FEASIBLE,WORSE
3927,2,52,57,21906,28906,1,FEASIBLE,WORSE
3928,2,52,58,22944,30144,0,CAPACITY_EXCEEDED,INVALID
3929,2,52,59,22211,29211,1,FEASIBLE,WORSE
3930,2,52,60,21725,28725,1,FEASIBLE,WORSE
3931,2,52,61,22132,29132,1,FEASIBLE,WORSE
3932,2,52,62,21696,28696,1,FEASIBLE,WORSE
3933,2,52,63,23264,30464,0,CAPACITY_EXCEEDED,INVALID
3934,2,52,64,22250,29250,1,FEASIBLE,WORSE
3935,2,52,65,21749,28749,1,FEASIBLE,WORSE
3936,2,52,66,21698,28698,1,FEASIBLE,WORSE
3937,2,52,67,22155,29155,1,FEASIBLE,WORSE
3938,2,52,68,22036,29036,1,FEASIBLE,WORSE
3939,2,52,69,23300,30500,0,CAPACITY_EXCEEDED,INVALID
3940,2,52,70,23303,30503,0,CAPACITY_EXCEEDED,INVALID
3941,2,52,71,22183,29183,1,FEASIBLE,WORSE
3942,2,52,72,23011,30211,0,CAPACITY_EXCEEDED,INVALID
3943,2,52,73,23256,30456,0,CAPACITY_EXCEEDED,INVALID
3944,2,52,74,22068,29068,1,FEASIBLE,WORSE
3945,2,52,75,21693,28693,1,FEASIBLE,WORSE
3946,2,52,76,22261,29261,1,FEASIBLE,WORSE
3947,2,52,77,21939,28939,1,FEASIBLE,WORSE
3948,2,52,78,22980,30180,0,CAPACITY_EXCEEDED,INVALID
3949,2,52,79,21714,28714,1,FEASIBLE,WORSE
3950,2,52,80,23080,30280,0,CAPACITY_EXCEEDED,INVALID
3951,2,52,81,22218,29218,1,FEASIBLE,WORSE
3952,2,52,82,21957,28957,1,FEASIBLE,WORSE
3953,2,52,83,23170,30370,0,CAPACITY_EXCEEDED,INVALID
3954,2,52,84,22890,30090,0,CAPACITY_EXCEEDED,INVALID
3955,2,52,85,21853,28853,1,FEASIBLE,WORSE
3956,2,52,86,21902,28902,1,FEASIBLE,WORSE
3957,2,52,87,23292,30492,0,CAPACITY_EXCEEDED,INVALID
3958,2,52,88,21730,28730,1,FEASIBLE,WORSE
3959,2,52,89,22286,29286,1,FEASIBLE,WORSE
3960,2,52,90,23105,30305,0,CAPACITY_EXCEEDED,INVALID
3961,2,52,91,21976,28976,1,FEASIBLE,WORSE
3962,2,52,92,21871,28871,1,FEASIBLE,WORSE
3963,2,52,93,22091,29091,1,FEASIBLE,WORSE
3964,2,52,94,21860,28860,1,FEASIBLE,WORSE
3965,2,52,95,21980,28980,1,FEASIBLE,WORSE
3966,2,52,96,22216,29216,1,FEASIBLE,WORSE
3967,2,52,97,22935,30135,0,CAPACITY_EXCEEDED,INVALID
3968,2,52,98,22201,29201,1,FEASIBLE,WORSE
3969,2,52,99,23090,30290,0,CAPACITY_EXCEEDED,INVALID
3970,2,53,54,21741,28741,1,FEASIBLE,WORSE
3971,2,53,55,23159,30359,0,CAPACITY_EXCEEDED,INVALID
3972,2,53,56,21817,28817,1,FEASIBLE,WORSE
3973,2,53,57,21839,28839,1,FEASIBLE,WORSE
3974,2,53,58,22877,30077,0,CAPACITY_EXCEEDED,INVALID
3975,2,53,59,22144,29144,1,FEASIBLE,WORSE
3976,2,53,60,21658,28658,1,FEASIBLE,WORSE
3977,2,53,61,22065,29065,1,FEASIBLE,WORSE
3978,2,53,62,21629,28629,1,FEASIBLE,WORSE
3979,2,53,63,23197,30397,0,CAPACITY_EXCEEDED,INVALID
3980,2,53,64,22183,29183,1,FEASIBLE,WORSE
3981,2,53,65,21682,28682,1,FEASIBLE,WORSE
3982,2,53,66,21631,28631,1,FEASIBLE,WORSE
3983,2,53,67,22088,29088,1,FEASIBLE,WORSE
3984,2,53,68,21969,28969,1,FEASIBLE,WORSE
3985,2,53,69,23233,30433,0,CAPACITY_EXCEEDED,INVALID
3986,2,53,70,23236,30436,0,CAPACITY_EXCEEDED,INVALID
3987,2,53,71,22116,29116,1,FEASIBLE,WORSE
3988,2,53,72,22944,30144,0,CAPACITY_EXCEEDED,INVALID
3989,2,53,73,23189,30389,0,CAPACITY_EXCEEDED,INVALID
3990,2,53,74,22001,29001,1,FEASIBLE,WORSE
3991,2,53,75,21626,28626,1,FEASIBLE,WORSE
3992,2,53,76,22194,29194,1,FEASIBLE,WORSE
3993,2,53,77,21872,28872,1,FEASIBLE,WORSE
3994,2,53,78,22913,30113,0,CAPACITY_EXCEEDED,INVALID
3995,2,53,79,21647,28647,1,FEASIBLE,WORSE
3996,2,53,80,23013,30213,0,CAPACITY_EXCEEDED,INVALID
3997,2,53,81,22151,29151,1,FEASIBLE,WORSE
3998,2,53,82,21890,28890,1,FEASIBLE,WORSE
3999,2,53,83,23103,30303,0,CAPACITY_EXCEEDED,INVALID
4000,2,53,84,22823,30023,0,CAPACITY_EXCEEDED,INVALID
4001,2,53,85,21786,28786,1,FEASIBLE,WORSE
4002,2,53,86,21835,28835,1,FEASIBLE,WORSE
4003,2,53,87,23225,30425,0,CAPACITY_EXCEEDED,INVALID
4004,2,53,88,21663,28663,1,FEASIBLE,WORSE
4005,2,53,89,22219,29219,1,FEASIBLE,WORSE
4006,2,53,90,23038,30238,0,CAPACITY_EXCEEDED,INVALID
4007,2,53,91,21909,28909,1,FEASIBLE,WORSE
4008,2,53,92,21804,28804,1,FEASIBLE,WORSE
4009,2,53,93,22024,29024,1,FEASIBLE,WORSE
4010,2,53,94,21793,28793,1,FEASIBLE,WORSE
4011,2,53,95,21913,28913,1,FEASIBLE,WORSE
4012,2,53,96,22149,29149,1,FEASIBLE,WORSE
4013,2,53,97,22868,30068,0,CAPACITY_EXCEEDED,INVALID
4014,2,53,98,22134,29134,1,FEASIBLE,WORSE
4015,2,53,99,23023,30223,0,CAPACITY_EXCEEDED,INVALID
4016,2,54,55,22747,29947,0,CAPACITY_EXCEEDED,INVALID
4017,2,54,56,21405,28405,1,FEASIBLE,WORSE
4018,2,54,57,21427,28427,1,FEASIBLE,WORSE
4019,2,54,58,22465,29665,0,CAPACITY_EXCEEDED,INVALID
4020,2,54,59,21732,28732,1,FEASIBLE,WORSE
4021,2,54,60,21246,28246,1,FEASIBLE,WORSE
4022,2,54,61,21653,28653,1,FEASIBLE,WORSE
4023,2,54,62,21217,28217,1,FEASIBLE,WORSE
4024,2,54,63,22785,29985,0,CAPACITY_EXCEEDED,INVALID
4025,2,54,64,21771,28771,1,FEASIBLE,WORSE
4026,2,54,65,21270,28270,1,FEASIBLE,WORSE
4027,2,54,66,21219,28219,1,FEASIBLE,WORSE
4028,2,54,67,21676,28676,1,FEASIBLE,WORSE
4029,2,54,68,21557,28557,1,FEASIBLE,WORSE
4030,2,54,69,22821,30021,0,CAPACITY_EXCEEDED,INVALID
4031,2,54,70,22824,30024,0,CAPACITY_EXCEEDED,INVALID
4032,2,54,71,21704,28704,1,FEASIBLE,WORSE
4033,2,54,72,22532,29732,0,CAPACITY_EXCEEDED,INVALID
4034,2,54,73,22777,29977,0,CAPACITY_EXCEEDED,INVALID
4035,2,54,74,21589,28589,1,FEASIBLE,WORSE
4036,2,54,75,21214,28214,1,FEASIBLE,WORSE
4037,2,54,76,21782,28782,1,FEASIBLE,WORSE
4038,2,54,77,21460,28460,1,FEASIBLE,WORSE
4039,2,54,78,22501,29701,0,CAPACITY_EXCEEDED,INVALID
4040,2,54,79,21235,28235,1,FEASIBLE,WORSE
4041,2,54,80,22601,29801,0,CAPACITY_EXCEEDED,INVALID
4042,2,54,81,21739,28739,1,FEASIBLE,WORSE
4043,2,54,82,21478,28478,1,FEASIBLE,WORSE
4044,2,54,83,22691,29891,0,CAPACITY_EXCEEDED,INVALID
4045,2,54,84,22411,29611,0,CAPACITY_EXCEEDED,INVALID
4046,2,54,85,21374,28374,1,FEASIBLE,WORSE
4047,2,54,86,21423,28423,1,FEASIBLE,WORSE
4048,2,54,87,22813,30013,0,CAPACITY_EXCEEDED,INVALID
4049,2,54,88,21251,28251,1,FEASIBLE,WORSE
4050,2,54,89,21807,28807,1,FEASIBLE,WORSE
4051,2,54,90,22626,29826,0,CAPACITY_EXCEEDED,INVALID
4052,2,54,91,21497,28497,1,FEASIBLE,WORSE
4053,2,54,92,21392,28392,1,FEASIBLE,WORSE
4054,2,54,93,21612,28612,1,FEASIBLE,WORSE
4055,2,54,94,21381,28381,1,FEASIBLE,WORSE
4056,2,54,95,21501,28501,1,FEASIBLE,WORSE
4057,2,54,96,21737,28737,1,FEASIBLE,WORSE
4058,2,54,97,22456,29656,0,CAPACITY_EXCEEDED,INVALID
4059,2,54,98,21722,28722,1,FEASIBLE,WORSE
4060,2,54,99,22611,29811,0,CAPACITY_EXCEEDED,INVALID
4061,2,55,56,22823,30023,0,CAPACITY_EXCEEDED,INVALID
4062,2,55,57,22845,30045,0,CAPACITY_EXCEEDED,INVALID
4063,2,55,58,23883,31283,0,CAPACITY_EXCEEDED,INVALID
4064,2,55,59,23150,30350,0,CAPACITY_EXCEEDED,INVALID
4065,2,55,60,22664,29864,0,CAPACITY_EXCEEDED,INVALID
4066,2,55,61,23071,30271,0,CAPACITY_EXCEEDED,INVALID
4067,2,55,62,22635,29835,0,CAPACITY_EXCEEDED,INVALID
4068,2,55,63,24203,31603,0,CAPACITY_EXCEEDED,INVALID
4069,2,55,64,23189,30389,0,CAPACITY_EXCEEDED,INVALID
4070,2,55,65,22688,29888,0,CAPACITY_EXCEEDED,INVALID
4071,2,55,66,22637,29837,0,CAPACITY_EXCEEDED,INVALID
4072,2,55,67,23094,30294,0,CAPACITY_EXCEEDED,INVALID
4073,2,55,68,22975,30175,0,CAPACITY_EXCEEDED,INVALID
4074,2,55,69,24239,31639,0,CAPACITY_EXCEEDED,INVALID
4075,2,55,70,24242,31642,0,CAPACITY_EXCEEDED,INVALID
4076,2,55,71,23122,30322,0,CAPACITY_EXCEEDED,INVALID
4077,2,55,72,23950,31350,0,CAPACITY_EXCEEDED,INVALID
4078,2,55,73,24195,31595,0,CAPACITY_EXCEEDED,INVALID
4079,2,55,74,23007,30207,0,CAPACITY_EXCEEDED,INVALID
4080,2,55,75,22632,29832,0,CAPACITY_EXCEEDED,INVALID
4081,2,55,76,23200,30400,0,CAPACITY_EXCEEDED,INVALID
4082,2,55,77,22878,30078,0,CAPACITY_EXCEEDED,INVALID
4083,2,55,78,23919,31319,0,CAPACITY_EXCEEDED,INVALID
4084,2,55,79,22653,29853,0,CAPACITY_EXCEEDED,INVALID
4085,2,55,80,24019,31419,0,CAPACITY_EXCEEDED,INVALID
4086,2,55,81,23157,30357,0,CAPACITY_EXCEEDED,INVALID
4087,2,55,82,22896,30096,0,CAPACITY_EXCEEDED,INVALID
4088,2,55,83,24109,31509,0,CAPACITY_EXCEEDED,INVALID
4089,2,55,84,23829,31229,0,CAPACITY_EXCEEDED,INVALID
4090,2,55,85,22792,29992,0,CAPACITY_EXCEEDED,INVALID
4091,2,55,86,22841,30041,0,CAPACITY_EXCEEDED,INVALID
4092,2,55,87,24231,31631,0,CAPACITY_EXCEEDED,INVALID
4093,2,55,88,22669,29869,0,CAPACITY_EXCEEDED,INVALID
4094,2,55,89,23225,30425,0,CAPACITY_EXCEEDED,INVALID
4095,2,55,90,24044,31444,0,CAPACITY_EXCEEDED,INVALID
4096,2,55,91,22915,30115,0,CAPACITY_EXCEEDED,INVALID
4097,2,55,92,22810,30010,0,CAPACITY_EXCEEDED,INVALID
4098,2,55,93,23030,30230,0,CAPACITY_EXCEEDED,INVALID
4099,2,55,94,22799,29999,0,CAPACITY_EXCEEDED,INVALID
4100,2,55,95,22919,30119,0,CAPACITY_EXCEEDED,INVALID
4101,2,55,96,23155,30355,0,CAPACITY_EXCEEDED,INVALID
4102,2,55,97,23874,31274,0,CAPACITY_EXCEEDED,INVALID
4103,2,55,98,23140,30340,0,CAPACITY_EXCEEDED,INVALID
4104,2,55,99,24029,31429,0,CAPACITY_EXCEEDED,INVALID
4105,2,56,57,21503,28503,1,FEASIBLE,WORSE
4106,2,56,58,22541,29741,0,CAPACITY_EXCEEDED,INVALID
4107,2,56,59,21808,28808,1,FEASIBLE,WORSE
4108,2,56,60,21322,28322,1,FEASIBLE,WORSE
4109,2,56,61,21729,28729,1,FEASIBLE,WORSE
4110,2,56,62,21293,28293,1,FEASIBLE,WORSE
4111,2,56,63,22861,30061,0,CAPACITY_EXCEEDED,INVALID
4112,2,56,64,21847,28847,1,FEASIBLE,WORSE
4113,2,56,65,21346,28346,1,FEASIBLE,WORSE
4114,2,56,66,21295,28295,1,FEASIBLE,WORSE
4115,2,56,67,21752,28752,1,FEASIBLE,WORSE
4116,2,56,68,21633,28633,1,FEASIBLE,WORSE
4117,2,56,69,22897,30097,0,CAPACITY_EXCEEDED,INVALID
4118,2,56,70,22900,30100,0,CAPACITY_EXCEEDED,INVALID
4119,2,56,71,21780,28780,1,FEASIBLE,WORSE
4120,2,56,72,22608,29808,0,CAPACITY_EXCEEDED,INVALID
4121,2,56,73,22853,30053,0,CAPACITY_EXCEEDED,INVALID
4122,2,56,74,21665,28665,1,FEASIBLE,WORSE
4123,2,56,75,21290,28290,1,FEASIBLE,WORSE
4124,2,56,76,21858,28858,1,FEASIBLE,WORSE
4125,2,56,77,21536,28536,1,FEASIBLE,WORSE
4126,2,56,78,22577,29777,0,CAPACITY_EXCEEDED,INVALID
4127,2,56,79,21311,28311,1,FEASIBLE,WORSE
4128,2,56,80,22677,29877,0,CAPACITY_EXCEEDED,INVALID
4129,2,56,81,21815,28815,1,FEASIBLE,WORSE
4130,2,56,82,21554,28554,1,FEASIBLE,WORSE
4131,2,56,83,22767,29967,0,CAPACITY_EXCEEDED,INVALID
4132,2,56,84,22487,29687,0,CAPACITY_EXCEEDED,INVALID
4133,2,56,85,21450,28450,1,FEASIBLE,WORSE
4134,2,56,86,21499,28499,1,FEASIBLE,WORSE
4135,2,56,87,22889,30089,0,CAPACITY_EXCEEDED,INVALID
4136,2,56,88,21327,28327,1,FEASIBLE,WORSE
4137,2,56,89,21883,28883,1,FEASIBLE,WORSE
4138,2,56,90,22702,29902,0,CAPACITY_EXCEEDED,INVALID
4139,2,56,91,21573,28573,1,FEASIBLE,WORSE
4140,2,56,92,21468,28468,1,FEASIBLE,WORSE
4141,2,56,93,21688,28688,1,FEASIBLE,WORSE
4142,2,56,94,21457,28457,1,FEASIBLE,WORSE
4143,2,56,95,21577,28577,1,FEASIBLE,WORSE
4144,2,56,96,21813,28813,1,FEASIBLE,WORSE
4145,2,56,97,22532,29732,0,CAPACITY_EXCEEDED,INVALID
4146,2,56,98,21798,28798,1,FEASIBLE,WORSE
4147,2,56,99,22687,29887,0,CAPACITY_EXCEEDED,INVALID
4148,2,57,58,22563,29763,0,CAPACITY_EXCEEDED,INVALID
4149,2,57,59,21830,28830,1,FEASIBLE,WORSE
4150,2,57,60,21344,28344,1,FEASIBLE,WORSE
4151,2,57,61,21751,28751,1,FEASIBLE,WORSE
4152,2,57,62,21315,28315,1,FEASIBLE,WORSE
4153,2,57,63,22883,30083,0,CAPACITY_EXCEEDED,INVALID
4154,2,57,64,21869,28869,1,FEASIBLE,WORSE
4155,2,57,65,21368,28368,1,FEASIBLE,WORSE
4156,2,57,66,21317,28317,1,FEASIBLE,WORSE
4157,2,57,67,21774,28774,1,FEASIBLE,WORSE
4158,2,57,68,21655,28655,1,FEASIBLE,WORSE
4159,2,57,69,22919,30119,0,CAPACITY_EXCEEDED,INVALID
4160,2,57,70,22922,30122,0,CAPACITY_EXCEEDED,INVALID
4161,2,57,71,21802,28802,1,FEASIBLE,WORSE
4162,2,57,72,22630,29830,0,CAPACITY_EXCEEDED,INVALID
4163,2,57,73,22875,30075,0,CAPACITY_EXCEEDED,INVALID
4164,2,57,74,21687,28687,1,FEASIBLE,WORSE
4165,2,57,75,21312,28312,1,FEASIBLE,WORSE
4166,2,57,76,21880,28880,1,FEASIBLE,WORSE
4167,2,57,77,21558,28558,1,FEASIBLE,WORSE
4168,2,57,78,22599,29799,0,CAPACITY_EXCEEDED,INVALID
4169,2,57,79,21333,28333,1,FEASIBLE,WORSE
4170,2,57,80,22699,29899,0,CAPACITY_EXCEEDED,INVALID
4171,2,57,81,21837,28837,1,FEASIBLE,WORSE
4172,2,57,82,21576,28576,1,FEASIBLE,WORSE
4173,2,57,83,22789,29989,0,CAPACITY_EXCEEDED,INVALID
4174,2,57,84,22509,29709,0,CAPACITY_EXCEEDED,INVALID
4175,2,57,85,21472,28472,1,FEASIBLE,WORSE
4176,2,57,86,21521,28521,1,FEASIBLE,WORSE
4177,2,57,87,22911,30111,0,CAPACITY_EXCEEDED,INVALID
4178,2,57,88,21349,28349,1,FEASIBLE,WORSE
4179,2,57,89,21905,28905,1,FEASIBLE,WORSE
4180,2,57,90,22724,29924,0,CAPACITY_EXCEEDED,INVALID
4181,2,57,91,21595,28595,1,FEASIBLE,WORSE
4182,2,57,92,21490,28490,1,FEASIBLE,WORSE
4183,2,57,93,21710,28710,1,FEASIBLE,WORSE
4184,2,57,94,21479,28479,1,FEASIBLE,WORSE
4185,2,57,95,21599,28599,1,FEASIBLE,WORSE
4186,2,57,96,21835,28835,1,FEASIBLE,WORSE
4187,2,57,97,22554,29754,0,CAPACITY_EXCEEDED,INVALID
4188,2,57,98,21820,28820,1,FEASIBLE,WORSE
4189,2,57,99,22709,29909,0,CAPACITY_EXCEEDED,INVALID
4190,2,58,59,22868,30068,0,CAPACITY_EXCEEDED,INVALID
4191,2,58,60,22382,29582,0,CAPACITY_EXCEEDED,INVALID
4192,2,58,61,22789,29989,0,CAPACITY_EXCEEDED,INVALID
4193,2,58,62,22353,29553,0,CAPACITY_EXCEEDED,INVALID
4194,2,58,63,23921,31321,0,CAPACITY_EXCEEDED,INVALID
4195,2,58,64,22907,30107,0,CAPACITY_EXCEEDED,INVALID
4196,2,58,65,22406,29606,0,CAPACITY_EXCEEDED,INVALID
4197,2,58,66,22355,29555,0,CAPACITY_EXCEEDED,INVALID
4198,2,58,67,22812,30012,0,CAPACITY_EXCEEDED,INVALID
4199,2,58,68,22693,29893,0,CAPACITY_EXCEEDED,INVALID
4200,2,58,69,23957,31357,0,CAPACITY_EXCEEDED,INVALID
4201,2,58,70,23960,31360,0,CAPACITY_EXCEEDED,INVALID
4202,2,58,71,22840,30040,0,CAPACITY_EXCEEDED,INVALID
4203,2,58,72,23668,31068,0,CAPACITY_EXCEEDED,INVALID
4204,2,58,73,23913,31313,0,CAPACITY_EXCEEDED,INVALID
4205,2,58,74,22725,29925,0,CAPACITY_EXCEEDED,INVALID
4206,2,58,75,22350,29550,0,CAPACITY_EXCEEDED,INVALID
4207,2,58,76,22918,30118,0,CAPACITY_EXCEEDED,INVALID
4208,2,58,77,22596,29796,0,CAPACITY_EXCEEDED,INVALID
4209,2,58,78,23637,31037,0,CAPACITY_EXCEEDED,INVALID
4210,2,58,79,22371,29571,0,CAPACITY_EXCEEDED,INVALID
4211,2,58,80,23737,31137,0,CAPACITY_EXCEEDED,INVALID
4212,2,58,81,22875,30075,0,CAPACITY_EXCEEDED,INVALID
4213,2,58,82,22614,29814,0,CAPACITY_EXCEEDED,INVALID
4214,2,58,83,23827,31227,0,CAPACITY_EXCEEDED,INVALID
4215,2,58,84,23547,30947,0,CAPACITY_EXCEEDED,INVALID
4216,2,58,85,22510,29710,0,CAPACITY_EXCEEDED,INVALID
4217,2,58,86,22559,29759,0,CAPACITY_EXCEEDED,INVALID
4218,2,58,87,23949,31349,0,CAPACITY_EXCEEDED,INVALID
4219,2,58,88,22387,29587,0,CAPACITY_EXCEEDED,INVALID
4220,2,58,89,22943,30143,0,CAPACITY_EXCEEDED,INVALID
4221,2,58,90,23762,31162,0,CAPACITY_EXCEEDED,INVALID
4222,2,58,91,22633,29833,0,CAPACITY_EXCEEDED,INVALID
4223,2,58,92,22528,29728,0,CAPACITY_EXCEEDED,INVALID
4224,2,58,93,22748,29948,0,CAPACITY_EXCEEDED,INVALID
4225,2,58,94,22517,29717,0,CAPACITY_EXCEEDED,INVALID
4226,2,58,95,22637,29837,0,CAPACITY_EXCEEDED,INVALID
4227,2,58,96,22873,30073,0,CAPACITY_EXCEEDED,INVALID
4228,2,58,97,23592,30992,0,CAPACITY_EXCEEDED,INVALID
4229,2,58,98,22858,30058,0,CAPACITY_EXCEEDED,INVALID
4230,2,58,99,23747,31147,0,CAPACITY_EXCEEDED,INVALID
4231,2,59,60,21649,28649,1,FEASIBLE,WORSE
4232,2,59,61,22056,29056,1,FEASIBLE,WORSE
4233,2,59,62,21620,28620,1,FEASIBLE,WORSE
4234,2,59,63,23188,30388,0,CAPACITY_EXCEEDED,INVALID
4235,2,59,64,22174,29174,1,FEASIBLE,WORSE
4236,2,59,65,21673,28673,1,FEASIBLE,WORSE
4237,2,59,66,21622,28622,1,FEASIBLE,WORSE
4238,2,59,67,22079,29079,1,FEASIBLE,WORSE
4239,2,59,68,21960,28960,1,FEASIBLE,WORSE
4240,2,59,69,23224,30424,0,CAPACITY_EXCEEDED,INVALID
4241,2,59,70,23227,30427,0,CAPACITY_EXCEEDED,INVALID
4242,2,59,71,22107,29107,1,FEASIBLE,WORSE
4243,2,59,72,22935,30135,0,CAPACITY_EXCEEDED,INVALID
4244,2,59,73,23180,30380,0,CAPACITY_EXCEEDED,INVALID
4245,2,59,74,21992,28992,1,FEASIBLE,WORSE
4246,2,59,75,21617,28617,1,FEASIBLE,WORSE
4247,2,59,76,22185,29185,1,FEASIBLE,WORSE
4248,2,59,77,21863,28863,1,FEASIBLE,WORSE
4249,2,59,78,22904,30104,0,CAPACITY_EXCEEDED,INVALID
4250,2,59,79,21638,28638,1,FEASIBLE,WORSE
4251,2,59,80,23004,30204,0,CAPACITY_EXCEEDED,INVALID
4252,2,59,81,22142,29142,1,FEASIBLE,WORSE
4253,2,59,82,21881,28881,1,FEASIBLE,WORSE
4254,2,59,83,23094,30294,0,CAPACITY_EXCEEDED,INVALID
4255,2,59,84,22814,30014,0,CAPACITY_EXCEEDED,INVALID
4256,2,59,85,21777,28777,1,FEASIBLE,WORSE
4257,2,59,86,21826,28826,1,FEASIBLE,WORSE
4258,2,59,87,23216,30416,0,CAPACITY_EXCEEDED,INVALID
4259,2,59,88,21654,28654,1,FEASIBLE,WORSE
4260,2,59,89,22210,29210,1,FEASIBLE,WORSE
4261,2,59,90,23029,30229,0,CAPACITY_EXCEEDED,INVALID
4262,2,59,91,21900,28900,1,FEASIBLE,WORSE
4263,2,59,92,21795,28795,1,FEASIBLE,WORSE
4264,2,59,93,22015,29015,1,FEASIBLE,WORSE
4265,2,59,94,21784,28784,1,FEASIBLE,WORSE
4266,2,59,95,21904,28904,1,FEASIBLE,WORSE
4267,2,59,96,22140,29140,1,FEASIBLE,WORSE
4268,2,59,97,22859,30059,0,CAPACITY_EXCEEDED,INVALID
4269,2,59,98,22125,29125,1,FEASIBLE,WORSE
4270,2,59,99,23014,30214,0,CAPACITY_EXCEEDED,INVALID
4271,2,60,61,21570,28570,1,FEASIBLE,WORSE
4272,2,60,62,21134,28134,1,FEASIBLE,WORSE
4273,2,60,63,22702,29902,0,CAPACITY_EXCEEDED,INVALID
4274,2,60,64,21688,28688,1,FEASIBLE,WORSE
4275,2,60,65,21187,28187,1,FEASIBLE,WORSE
4276,2,60,66,21136,28136,1,FEASIBLE,WORSE
4277,2,60,67,21593,28593,1,FEASIBLE,WORSE
4278,2,60,68,21474,28474,1,FEASIBLE,WORSE
4279,2,60,69,22738,29938,0,CAPACITY_EXCEEDED,INVALID
4280,2,60,70,22741,29941,0,CAPACITY_EXCEEDED,INVALID
4281,2,60,71,21621,28621,1,FEASIBLE,WORSE
4282,2,60,72,22449,29649,0,CAPACITY_EXCEEDED,INVALID
4283,2,60,73,22694,29894,0,CAPACITY_EXCEEDED,INVALID
4284,2,60,74,21506,28506,1,FEASIBLE,WORSE
4285,2,60,75,21131,28131,1,FEASIBLE,WORSE
4286,2,60,76,21699,28699,1,FEASIBLE,WORSE
4287,2,60,77,21377,28377,1,FEASIBLE,WORSE
4288,2,60,78,22418,29618,0,CAPACITY_EXCEEDED,INVALID
4289,2,60,79,21152,28152,1,FEASIBLE,WORSE
4290,2,60,80,22518,29718,0,CAPACITY_EXCEEDED,INVALID
4291,2,60,81,21656,28656,1,FEASIBLE,WORSE
4292,2,60,82,21395,28395,1,FEASIBLE,WORSE
4293,2,60,83,22608,29808,0,CAPACITY_EXCEEDED,INVALID
4294,2,60,84,22328,29528,0,CAPACITY_EXCEEDED,INVALID
4295,2,60,85,21291,28291,1,FEASIBLE,WORSE
4296,2,60,86,21340,28340,1,FEASIBLE,WORSE
4297,2,60,87,22730,29930,0,CAPACITY_EXCEEDED,INVALID
4298,2,60,88,21168,28168,1,FEASIBLE,WORSE
4299,2,60,89,21724,28724,1,FEASIBLE,WORSE
4300,2,60,90,22543,29743,0,CAPACITY_EXCEEDED,INVALID
4301,2,60,91,21414,28414,1,FEASIBLE,WORSE
4302,2,60,92,21309,28309,1,FEASIBLE,WORSE
4303,2,60,93,21529,28529,1,FEASIBLE,WORSE
4304,2,60,94,21298,28298,1,FEASIBLE,WORSE
4305,2,60,95,21418,28418,1,FEASIBLE,WORSE
4306,2,60,96,21654,28654,1,FEASIBLE,WORSE
4307,2,60,97,22373,29573,0,CAPACITY_EXCEEDED,INVALID
4308,2,60,98,21639,28639,1,FEASIBLE,WORSE
4309,2,60,99,22528,29728,0,CAPACITY_EXCEEDED,INVALID
4310,2,61,62,21541,28541,1,FEASIBLE,WORSE
4311,2,61,63,23109,30309,0,CAPACITY_EXCEEDED,INVALID
4312,2,61,64,22095,29095,1,FEASIBLE,WORSE
4313,2,61,65,21594,28594,1,FEASIBLE,WORSE
4314,2,61,66,21543,28543,1,FEASIBLE,WORSE
4315,2,61,67,22000,29000,1,FEASIBLE,WORSE
4316,2,61,68,21881,28881,1,FEASIBLE,WORSE
4317,2,61,69,23145,30345,0,CAPACITY_EXCEEDED,INVALID
4318,2,61,70,23148,30348,0,CAPACITY_EXCEEDED,INVALID
4319,2,61,71,22028,29028,1,FEASIBLE,WORSE
4320,2,61,72,22856,30056,0,CAPACITY_EXCEEDED,INVALID
4321,2,61,73,23101,30301,0,CAPACITY_EXCEEDED,INVALID
4322,2,61,74,21913,28913,1,FEASIBLE,WORSE
4323,2,61,75,21538,28538,1,FEASIBLE,WORSE
4324,2,61,76,22106,29106,1,FEASIBLE,WORSE
4325,2,61,77,21784,28784,1,FEASIBLE,WORSE
4326,2,61,78,22825,30025,0,CAPACITY_EXCEEDED,INVALID
4327,2,61,79,21559,28559,1,FEASIBLE,WORSE
4328,2,61,80,22925,30125,0,CAPACITY_EXCEEDED,INVALID
4329,2,61,81,22063,29063,1,FEASIBLE,WORSE
4330,2,61,82,21802,28802,1,FEASIBLE,WORSE
4331,2,61,83,23015,30215,0,CAPACITY_EXCEEDED,INVALID
4332,2,61,84,22735,29935,0,CAPACITY_EXCEEDED,INVALID
4333,2,61,85,21698,28698,1,FEASIBLE,WORSE
4334,2,61,86,21747,28747,1,FEASIBLE,WORSE
4335,2,61,87,23137,30337,0,CAPACITY_EXCEEDED,INVALID
4336,2,61,88,21575,28575,1,FEASIBLE,WORSE
4337,2,61,89,22131,29131,1,FEASIBLE,WORSE
4338,2,61,90,22950,30150,0,CAPACITY_EXCEEDED,INVALID
4339,2,61,91,21821,28821,1,FEASIBLE,WORSE
4340,2,61,92,21716,28716,1,FEASIBLE,WORSE
4341,2,61,93,21936,28936,1,FEASIBLE,WORSE
4342,2,61,94,21705,28705,1,FEASIBLE,WORSE
4343,2,61,95,21825,28825,1,FEASIBLE,WORSE
4344,2,61,96,22061,29061,1,FEASIBLE,WORSE
4345,2,61,97,22780,29980,0,CAPACITY_EXCEEDED,INVALID
4346,2,61,98,22046,29046,1,FEASIBLE,WORSE
4347,2,61,99,22935,30135,0,CAPACITY_EXCEEDED,INVALID
4348,2,62,63,22673,29873,0,CAPACITY_EXCEEDED,INVALID
4349,2,62,64,21659,28659,1,FEASIBLE,WORSE
4350,2,62,65,21158,28158,1,FEASIBLE,WORSE
4351,2,62,66,21107,28107,1,FEASIBLE,WORSE
4352,2,62,67,21564,28564,1,FEASIBLE,WORSE
4353,2,62,68,21445,28445,1,FEASIBLE,WORSE
4354,2,62,69,22709,29909,0,CAPACITY_EXCEEDED,INVALID
4355,2,62,70,22712,29912,0,CAPACITY_EXCEEDED,INVALID
4356,2,62,71,21592,28592,1,FEASIBLE,WORSE
4357,2,62,72,22420,29620,0,CAPACITY_EXCEEDED,INVALID
4358,2,62,73,22665,29865,0,CAPACITY_EXCEEDED,INVALID
4359,2,62,74,21477,28477,1,FEASIBLE,WORSE
4360,2,62,75,21102,28102,1,FEASIBLE,WORSE
4361,2,62,76,21670,28670,1,FEASIBLE,WORSE
4362,2,62,77,21348,28348,1,FEASIBLE,WORSE
4363,2,62,78,22389,29589,0,CAPACITY_EXCEEDED,INVALID
4364,2,62,79,21123,28123,1,FEASIBLE,WORSE
4365,2,62,80,22489,29689,0,CAPACITY_EXCEEDED,INVALID
4366,2,62,81,21627,28627,1,FEASIBLE,WORSE
4367,2,62,82,21366,28366,1,FEASIBLE,WORSE
4368,2,62,83,22579,29779,0,CAPACITY_EXCEEDED,INVALID
4369,2,62,84,22299,29499,1,FEASIBLE,WORSE
4370,2,62,85,21262,28262,1,FEASIBLE,WORSE
4371,2,62,86,21311,28311,1,FEASIBLE,WORSE
4372,2,62,87,22701,29901,0,CAPACITY_EXCEEDED,INVALID
4373,2,62,88,21139,28139,1,FEASIBLE,WORSE
4374,2,62,89,21695,28695,1,FEASIBLE,WORSE
4375,2,62,90,22514,29714,0,CAPACITY_EXCEEDED,INVALID
4376,2,62,91,21385,28385,1,FEASIBLE,WORSE
4377,2,62,92,21280,28280,1,FEASIBLE,WORSE
4378,2,62,93,21500,28500,1,FEASIBLE,WORSE
4379,2,62,94,21269,28269,1,FEASIBLE,WORSE
4380,2,62,95,21389,28389,1,FEASIBLE,WORSE
4381,2,62,96,21625,28625,1,FEASIBLE,WORSE
4382,2,62,97,22344,29544,0,CAPACITY_EXCEEDED,INVALID
4383,2,62,98,21610,28610,1,FEASIBLE,WORSE
4384,2,62,99,22499,29699,0,CAPACITY_EXCEEDED,INVALID
4385,2,63,64,23227,30427,0,CAPACITY_EXCEEDED,INVALID
4386,2,63,65,22726,29926,0,CAPACITY_EXCEEDED,INVALID
4387,2,63,66,22675,29875,0,CAPACITY_EXCEEDED,INVALID
4388,2,63,67,23132,30332,0,CAPACITY_EXCEEDED,INVALID
4389,2,63,68,23013,30213,0,CAPACITY_EXCEEDED,INVALID
4390,2,63,69,24277,31677,0,CAPACITY_EXCEEDED,INVALID
4391,2,63,70,24280,31680,0,CAPACITY_EXCEEDED,INVALID
4392,2,63,71,23160,30360,0,CAPACITY_EXCEEDED,INVALID
4393,2,63,72,23988,31388,0,CAPACITY_EXCEEDED,INVALID
4394,2,63,73,24233,31633,0,CAPACITY_EXCEEDED,INVALID
4395,2,63,74,23045,30245,0,CAPACITY_EXCEEDED,INVALID
4396,2,63,75,22670,29870,0,CAPACITY_EXCEEDED,INVALID
4397,2,63,76,23238,30438,0,CAPACITY_EXCEEDED,INVALID
4398,2,63,77,22916,30116,0,CAPACITY_EXCEEDED,INVALID
4399,2,63,78,23957,31357,0,CAPACITY_EXCEEDED,INVALID
4400,2,63,79,22691,29891,0,CAPACITY_EXCEEDED,INVALID
4401,2,63,80,24057,31457,0,CAPACITY_EXCEEDED,INVALID
4402,2,63,81,23195,30395,0,CAPACITY_EXCEEDED,INVALID
4403,2,63,82,22934,30134,0,CAPACITY_EXCEEDED,INVALID
4404,2,63,83,24147,31547,0,CAPACITY_EXCEEDED,INVALID
4405,2,63,84,23867,31267,0,CAPACITY_EXCEEDED,INVALID
4406,2,63,85,22830,30030,0,CAPACITY_EXCEEDED,INVALID
4407,2,63,86,22879,30079,0,CAPACITY_EXCEEDED,INVALID
4408,2,63,87,24269,31669,0,CAPACITY_EXCEEDED,INVALID
4409,2,63,88,22707,29907,0,CAPACITY_EXCEEDED,INVALID
4410,2,63,89,23263,30463,0,CAPACITY_EXCEEDED,INVALID
4411,2,63,90,24082,31482,0,CAPACITY_EXCEEDED,INVALID
4412,2,63,91,22953,30153,0,CAPACITY_EXCEEDED,INVALID
4413,2,63,92,22848,30048,0,CAPACITY_EXCEEDED,INVALID
4414,2,63,93,23068,30268,0,CAPACITY_EXCEEDED,INVALID
4415,2,63,94,22837,30037,0,CAPACITY_EXCEEDED,INVALID
4416,2,63,95,22957,30157,0,CAPACITY_EXCEEDED,INVALID
4417,2,63,96,23193,30393,0,CAPACITY_EXCEEDED,INVALID
4418,2,63,97,23912,31312,0,CAPACITY_EXCEEDED,INVALID
4419,2,63,98,23178,30378,0,CAPACITY_EXCEEDED,INVALID
4420,2,63,99,24067,31467,0,CAPACITY_EXCEEDED,INVALID
4421,2,64,65,21712,28712,1,FEASIBLE,WORSE
4422,2,64,66,21661,28661,1,FEASIBLE,WORSE
4423,2,64,67,22118,29118,1,FEASIBLE,WORSE
4424,2,64,68,21999,28999,1,FEASIBLE,WORSE
4425,2,64,69,23263,30463,0,CAPACITY_EXCEEDED,INVALID
4426,2,64,70,23266,30466,0,CAPACITY_EXCEEDED,INVALID
4427,2,64,71,22146,29146,1,FEASIBLE,WORSE
4428,2,64,72,22974,30174,0,CAPACITY_EXCEEDED,INVALID
4429,2,64,73,23219,30419,0,CAPACITY_EXCEEDED,INVALID
4430,2,64,74,22031,29031,1,FEASIBLE,WORSE
4431,2,64,75,21656,28656,1,FEASIBLE,WORSE
4432,2,64,76,22224,29224,1,FEASIBLE,WORSE
4433,2,64,77,21902,28902,1,FEASIBLE,WORSE
4434,2,64,78,22943,30143,0,CAPACITY_EXCEEDED,INVALID
4435,2,64,79,21677,28677,1,FEASIBLE,WORSE
4436,2,64,80,23043,30243,0,CAPACITY_EXCEEDED,INVALID
4437,2,64,81,22181,29181,1,FEASIBLE,WORSE
4438,2,64,82,21920,28920,1,FEASIBLE,WORSE
4439,2,64,83,23133,30333,0,CAPACITY_EXCEEDED,INVALID
4440,2,64,84,22853,30053,0,CAPACITY_EXCEEDED,INVALID
4441,2,64,85,21816,28816,1,FEASIBLE,WORSE
4442,2,64,86,21865,28865,1,FEASIBLE,WORSE
4443,2,64,87,23255,30455,0,CAPACITY_EXCEEDED,INVALID
4444,2,64,88,21693,28693,1,FEASIBLE,WORSE
4445,2,64,89,22249,29249,1,FEASIBLE,WORSE
4446,2,64,90,23068,30268,0,CAPACITY_EXCEEDED,INVALID
4447,2,64,91,21939,28939,1,FEASIBLE,WORSE
4448,2,64,92,21834,28834,1,FEASIBLE,WORSE
4449,2,64,93,22054,29054,1,FEASIBLE,WORSE
4450,2,64,94,21823,28823,1,FEASIBLE,WORSE
4451,2,64,95,21943,28943,1,FEASIBLE,WORSE
4452,2,64,96,22179,29179,1,FEASIBLE,WORSE
4453,2,64,97,22898,30098,0,CAPACITY_EXCEEDED,INVALID
4454,2,64,98,22164,29164,1,FEASIBLE,WORSE
4455,2,64,99,23053,30253,0,CAPACITY_EXCEEDED,INVALID
4456,2,65,66,21160,28160,1,FEASIBLE,WORSE
4457,2,65,67,21617,28617,1,FEASIBLE,WORSE
4458,2,65,68,21498,28498,1,FEASIBLE,WORSE
4459,2,65,69,22762,29962,0,CAPACITY_EXCEEDED,INVALID
4460,2,65,70,22765,29965,0,CAPACITY_EXCEEDED,INVALID
4461,2,65,71,21645,28645,1,FEASIBLE,WORSE
4462,2,65,72,22473,29673,0,CAPACITY_EXCEEDED,INVALID
4463,2,65,73,22718,29918,0,CAPACITY_EXCEEDED,INVALID
4464,2,65,74,21530,28530,1,FEASIBLE,WORSE
4465,2,65,75,21155,28155,1,FEASIBLE,WORSE
4466,2,65,76,21723,28723,1,FEASIBLE,WORSE
4467,2,65,77,21401,28401,1,FEASIBLE,WORSE
4468,2,65,78,22442,29642,0,CAPACITY_EXCEEDED,INVALID
4469,2,65,79,21176,28176,1,FEASIBLE,WORSE
4470,2,65,80,22542,29742,0,CAPACITY_EXCEEDED,INVALID
4471,2,65,81,21680,28680,1,FEASIBLE,WORSE
4472,2,65,82,21419,28419,1,FEASIBLE,WORSE
4473,2,65,83,22632,29832,0,CAPACITY_EXCEEDED,INVALID
4474,2,65,84,22352,29552,0,CAPACITY_EXCEEDED,INVALID
4475,2,65,85,21315,28315,1,FEASIBLE,WORSE
4476,2,65,86,21364,28364,1,FEASIBLE,WORSE
4477,2,65,87,22754,29954,0,CAPACITY_EXCEEDED,INVALID
4478,2,65,88,21192,28192,1,FEASIBLE,WORSE
4479,2,65,89,21748,28748,1,FEASIBLE,WORSE
4480,2,65,90,22567,29767,0,CAPACITY_EXCEEDED,INVALID
4481,2,65,91,21438,28438,1,FEASIBLE,WORSE
4482,2,65,92,21333,28333,1,FEASIBLE,WORSE
4483,2,65,93,21553,28553,1,FEASIBLE,WORSE
4484,2,65,94,21322,28322,1,FEASIBLE,WORSE
4485,2,65,95,21442,28442,1,FEASIBLE,WORSE
4486,2,65,96,21678,28678,1,FEASIBLE,WORSE
4487,2,65,97,22397,29597,0,CAPACITY_EXCEEDED,INVALID
4488,2,65,98,21663,28663,1,FEASIBLE,WORSE
4489,2,65,99,22552,29752,0,CAPACITY_EXCEEDED,INVALID
4490,2,66,67,21566,28566,1,FEASIBLE,WORSE
4491,2,66,68,21447,28447,1,FEASIBLE,WORSE
4492,2,66,69,22711,29911,0,CAPACITY_EXCEEDED,INVALID
4493,2,66,70,22714,29914,0,CAPACITY_EXCEEDED,INVALID
4494,2,66,71,21594,28594,1,FEASIBLE,WORSE
4495,2,66,72,22422,29622,0,CAPACITY_EXCEEDED,INVALID
4496,2,66,73,22667,29867,0,CAPACITY_EXCEEDED,INVALID
4497,2,66,74,21479,28479,1,FEASIBLE,WORSE
4498,2,66,75,21104,28104,1,FEASIBLE,WORSE
4499,2,66,76,21672,28672,1,FEASIBLE,WORSE
4500,2,66,77,21350,28350,1,FEASIBLE,WORSE
4501,2,66,78,22391,29591,0,CAPACITY_EXCEEDED,INVALID
4502,2,66,79,21125,28125,1,FEASIBLE,WORSE
4503,2,66,80,22491,29691,0,CAPACITY_EXCEEDED,INVALID
4504,2,66,81,21629,28629,1,FEASIBLE,WORSE
4505,2,66,82,21368,28368,1,FEASIBLE,WORSE
4506,2,66,83,22581,29781,0,CAPACITY_EXCEEDED,INVALID
4507,2,66,84,22301,29501,1,FEASIBLE,WORSE
4508,2,66,85,21264,28264,1,FEASIBLE,WORSE
4509,2,66,86,21313,28313,1,FEASIBLE,WORSE
4510,2,66,87,22703,29903,0,CAPACITY_EXCEEDED,INVALID
4511,2,66,88,21141,28141,1,FEASIBLE,WORSE
4512,2,66,89,21697,28697,1,FEASIBLE,WORSE
4513,2,66,90,22516,29716,0,CAPACITY_EXCEEDED,INVALID
4514,2,66,91,21387,28387,1,FEASIBLE,WORSE
4515,2,66,92,21282,28282,1,FEASIBLE,WORSE
4516,2,66,93,21502,28502,1,FEASIBLE,WORSE
4517,2,66,94,21271,28271,1,FEASIBLE,WORSE
4518,2,66,95,21391,28391,1,FEASIBLE,WORSE
4519,2,66,96,21627,28627,1,FEASIBLE,WORSE
4520,2,66,97,22346,29546,0,CAPACITY_EXCEEDED,INVALID
4521,2,66,98,21612,28612,1,FEASIBLE,WORSE
4522,2,66,99,22501,29701,0,CAPACITY_EXCEEDED,INVALID
4523,2,67,68,21904,28904,1,FEASIBLE,WORSE
4524,2,67,69,23168,30368,0,CAPACITY_EXCEEDED,INVALID
4525,2,67,70,23171,30371,0,CAPACITY_EXCEEDED,INVALID
4526,2,67,71,22051,29051,1,FEASIBLE,WORSE
4527,2,67,72,22879,30079,0,CAPACITY_EXCEEDED,INVALID
4528,2,67,73,23124,30324,0,CAPACITY_EXCEEDED,INVALID
4529,2,67,74,21936,28936,1,FEASIBLE,WORSE
4530,2,67,75,21561,28561,1,FEASIBLE,WORSE
4531,2,67,76,22129,29129,1,FEASIBLE,WORSE
4532,2,67,77,21807,28807,1,FEASIBLE,WORSE
4533,2,67,78,22848,30048,0,CAPACITY_EXCEEDED,INVALID
4534,2,67,79,21582,28582,1,FEASIBLE,WORSE
4535,2,67,80,22948,30148,0,CAPACITY_EXCEEDED,INVALID
4536,2,67,81,22086,29086,1,FEASIBLE,WORSE
4537,2,67,82,21825,28825,1,FEASIBLE,WORSE
4538,2,67,83,23038,30238,0,CAPACITY_EXCEEDED,INVALID
4539,2,67,84,22758,29958,0,CAPACITY_EXCEEDED,INVALID
4540,2,67,85,21721,28721,1,FEASIBLE,WORSE
4541,2,67,86,21770,28770,1,FEASIBLE,WORSE
4542,2,67,87,23160,30360,0,CAPACITY_EXCEEDED,INVALID
4543,2,67,88,21598,28598,1,FEASIBLE,WORSE
4544,2,67,89,22154,29154,1,FEASIBLE,WORSE
4545,2,67,90,22973,30173,0,CAPACITY_EXCEEDED,INVALID
4546,2,67,91,21844,28844,1,FEASIBLE,WORSE
4547,2,67,92,21739,28739,1,FEASIBLE,WORSE
4548,2,67,93,21959,28959,1,FEASIBLE,WORSE
4549,2,67,94,21728,28728,1,FEASIBLE,WORSE
4550,2,67,95,21848,28848,1,FEASIBLE,WORSE
4551,2,67,96,22084,29084,1,FEASIBLE,WORSE
4552,2,67,97,22803,30003,0,CAPACITY_EXCEEDED,INVALID
4553,2,67,98,22069,29069,1,FEASIBLE,WORSE
4554,2,67,99,22958,30158,0,CAPACITY_EXCEEDED,INVALID
4555,2,68,69,23049,30249,0,CAPACITY_EXCEEDED,INVALID
4556,2,68,70,23052,30252,0,CAPACITY_EXCEEDED,INVALID
4557,2,68,71,21932,28932,1,FEASIBLE,WORSE
4558,2,68,72,22760,29960,0,CAPACITY_EXCEEDED,INVALID
4559,2,68,73,23005,30205,0,CAPACITY_EXCEEDED,INVALID
4560,2,68,74,21817,28817,1,FEASIBLE,WORSE
4561,2,68,75,21442,28442,1,FEASIBLE,WORSE
4562,2,68,76,22010,29010,1,FEASIBLE,WORSE
4563,2,68,77,21688,28688,1,FEASIBLE,WORSE
4564,2,68,78,22729,29929,0,CAPACITY_EXCEEDED,INVALID
4565,2,68,79,21463,28463,1,FEASIBLE,WORSE
4566,2,68,80,22829,30029,0,CAPACITY_EXCEEDED,INVALID
4567,2,68,81,21967,28967,1,FEASIBLE,WORSE
4568,2,68,82,21706,28706,1,FEASIBLE,WORSE
4569,2,68,83,22919,30119,0,CAPACITY_EXCEEDED,INVALID
4570,2,68,84,22639,29839,0,CAPACITY_EXCEEDED,INVALID
4571,2,68,85,21602,28602,1,FEASIBLE,WORSE
4572,2,68,86,21651,28651,1,FEASIBLE,WORSE
4573,2,68,87,23041,30241,0,CAPACITY_EXCEEDED,INVALID
4574,2,68,88,21479,28479,1,FEASIBLE,WORSE
4575,2,68,89,22035,29035,1,FEASIBLE,WORSE
4576,2,68,90,22854,30054,0,CAPACITY_EXCEEDED,INVALID
4577,2,68,91,21725,28725,1,FEASIBLE,WORSE
4578,2,68,92,21620,28620,1,FEASIBLE,WORSE
4579,2,68,93,21840,28840,1,FEASIBLE,WORSE
4580,2,68,94,21609,28609,1,FEASIBLE,WORSE
4581,2,68,95,21729,28729,1,FEASIBLE,WORSE
4582,2,68,96,21965,28965,1,FEASIBLE,WORSE
4583,2,68,97,22684,29884,0,CAPACITY_EXCEEDED,INVALID
4584,2,68,98,21950,28950,1,FEASIBLE,WORSE
4585,2,68,99,22839,30039,0,CAPACITY_EXCEEDED,INVALID
4586,2,69,70,24316,31716,0,CAPACITY_EXCEEDED,INVALID
4587,2,69,71,23196,30396,0,CAPACITY_EXCEEDED,INVALID
4588,2,69,72,24024,31424,0,CAPACITY_EXCEEDED,INVALID
4589,2,69,73,24269,31669,0,CAPACITY_EXCEEDED,INVALID
4590,2,69,74,23081,30281,0,CAPACITY_EXCEEDED,INVALID
4591,2,69,75,22706,29906,0,CAPACITY_EXCEEDED,INVALID
4592,2,69,76,23274,30474,0,CAPACITY_EXCEEDED,INVALID
4593,2,69,77,22952,30152,0,CAPACITY_EXCEEDED,INVALID
4594,2,69,78,23993,31393,0,CAPACITY_EXCEEDED,INVALID
4595,2,69,79,22727,29927,0,CAPACITY_EXCEEDED,INVALID
4596,2,69,80,24093,31493,0,CAPACITY_EXCEEDED,INVALID
4597,2,69,81,23231,30431,0,CAPACITY_EXCEEDED,INVALID
4598,2,69,82,22970,30170,0,CAPACITY_EXCEEDED,INVALID
4599,2,69,83,24183,31583,0,CAPACITY_EXCEEDED,INVALID
4600,2,69,84,23903,31303,0,CAPACITY_EXCEEDED,INVALID
4601,2,69,85,22866,30066,0,CAPACITY_EXCEEDED,INVALID
4602,2,69,86,22915,30115,0,CAPACITY_EXCEEDED,INVALID
4603,2,69,87,24305,31705,0,CAPACITY_EXCEEDED,INVALID
4604,2,69,88,22743,29943,0,CAPACITY_EXCEEDED,INVALID
4605,2,69,89,23299,30499,0,CAPACITY_EXCEEDED,INVALID
4606,2,69,90,24118,31518,0,CAPACITY_EXCEEDED,INVALID
4607,2,69,91,22989,30189,0,CAPACITY_EXCEEDED,INVALID
4608,2,69,92,22884,30084,0,CAPACITY_EXCEEDED,INVALID
4609,2,69,93,23104,30304,0,CAPACITY_EXCEEDED,INVALID
4610,2,69,94,22873,30073,0,CAPACITY_EXCEEDED,INVALID
4611,2,69,95,22993,30193,0,CAPACITY_EXCEEDED,INVALID
4612,2,69,96,23229,30429,0,CAPACITY_EXCEEDED,INVALID
4613,2,69,97,23948,31348,0,CAPACITY_EXCEEDED,INVALID
4614,2,69,98,23214,30414,0,CAPACITY_EXCEEDED,INVALID
4615,2,69,99,24103,31503,0,CAPACITY_EXCEEDED,INVALID
4616,2,70,71,23199,30399,0,CAPACITY_EXCEEDED,INVALID
4617,2,70,72,24027,31427,0,CAPACITY_EXCEEDED,INVALID
4618,2,70,73,24272,31672,0,CAPACITY_EXCEEDED,INVALID
4619,2,70,74,23084,30284,0,CAPACITY_EXCEEDED,INVALID
4620,2,70,75,22709,29909,0,CAPACITY_EXCEEDED,INVALID
4621,2,70,76,23277,30477,0,CAPACITY_EXCEEDED,INVALID
4622,2,70,77,22955,30155,0,CAPACITY_EXCEEDED,INVALID
4623,2,70,78,23996,31396,0,CAPACITY_EXCEEDED,INVALID
4624,2,70,79,22730,29930,0,CAPACITY_EXCEEDED,INVALID
4625,2,70,80,24096,31496,0,CAPACITY_EXCEEDED,INVALID
4626,2,70,81,23234,30434,0,CAPACITY_EXCEEDED,INVALID
4627,2,70,82,22973,30173,0,CAPACITY_EXCEEDED,INVALID
4628,2,70,83,24186,31586,0,CAPACITY_EXCEEDED,INVALID
4629,2,70,84,23906,31306,0,CAPACITY_EXCEEDED,INVALID
4630,2,70,85,22869,30069,0,CAPACITY_EXCEEDED,INVALID
4631,2,70,86,22918,30118,0,CAPACITY_EXCEEDED,INVALID
4632,2,70,87,24308,31708,0,CAPACITY_EXCEEDED,INVALID
4633,2,70,88,22746,29946,0,CAPACITY_EXCEEDED,INVALID
4634,2,70,89,23302,30502,0,CAPACITY_EXCEEDED,INVALID
4635,2,70,90,24121,31521,0,CAPACITY_EXCEEDED,INVALID
4636,2,70,91,22992,30192,0,CAPACITY_EXCEEDED,INVALID
4637,2,70,92,22887,30087,0,CAPACITY_EXCEEDED,INVALID
4638,2,70,93,23107,30307,0,CAPACITY_EXCEEDED,INVALID
4639,2,70,94,22876,30076,0,CAPACITY_EXCEEDED,INVALID
4640,2,70,95,22996,30196,0,CAPACITY_EXCEEDED,INVALID
4641,2,70,96,23232,30432,0,CAPACITY_EXCEEDED,INVALID
4642,2,70,97,23951,31351,0,CAPACITY_EXCEEDED,INVALID
4643,2,70,98,23217,30417,0,CAPACITY_EXCEEDED,INVALID
4644,2,70,99,24106,31506,0,CAPACITY_EXCEEDED,INVALID
4645,2,71,72,22907,30107,0,CAPACITY_EXCEEDED,INVALID
4646,2,71,73,23152,30352,0,CAPACITY_EXCEEDED,INVALID
4647,2,71,74,21964,28964,1,FEASIBLE,WORSE
4648,2,71,75,21589,28589,1,FEASIBLE,WORSE
4649,2,71,76,22157,29157,1,FEASIBLE,WORSE
4650,2,71,77,21835,28835,1,FEASIBLE,WORSE
4651,2,71,78,22876,30076,0,CAPACITY_EXCEEDED,INVALID
4652,2,71,79,21610,28610,1,FEASIBLE,WORSE
4653,2,71,80,22976,30176,0,CAPACITY_EXCEEDED,INVALID
4654,2,71,81,22114,29114,1,FEASIBLE,WORSE
4655,2,71,82,21853,28853,1,FEASIBLE,WORSE
4656,2,71,83,23066,30266,0,CAPACITY_EXCEEDED,INVALID
4657,2,71,84,22786,29986,0,CAPACITY_EXCEEDED,INVALID
4658,2,71,85,21749,28749,1,FEASIBLE,WORSE
4659,2,71,86,21798,28798,1,FEASIBLE,WORSE
4660,2,71,87,23188,30388,0,CAPACITY_EXCEEDED,INVALID
4661,2,71,88,21626,28626,1,FEASIBLE,WORSE
4662,2,71,89,22182,29182,1,FEASIBLE,WORSE
4663,2,71,90,23001,30201,0,CAPACITY_EXCEEDED,INVALID
4664,2,71,91,21872,28872,1,FEASIBLE,WORSE
4665,2,71,92,21767,28767,1,FEASIBLE,WORSE
4666,2,71,93,21987,28987,1,FEASIBLE,WORSE
4667,2,71,94,21756,28756,1,FEASIBLE,WORSE
4668,2,71,95,21876,28876,1,FEASIBLE,WORSE
4669,2,71,96,22112,29112,1,FEASIBLE,WORSE
4670,2,71,97,22831,30031,0,CAPACITY_EXCEEDED,INVALID
4671,2,71,98,22097,29097,1,FEASIBLE,WORSE
4672,2,71,99,22986,30186,0,CAPACITY_EXCEEDED,INVALID
4673,2,72,73,23980,31380,0,CAPACITY_EXCEEDED,INVALID
4674,2,72,74,22792,29992,0,CAPACITY_EXCEEDED,INVALID
4675,2,72,75,22417,29617,0,CAPACITY_EXCEEDED,INVALID
4676,2,72,76,22985,30185,0,CAPACITY_EXCEEDED,INVALID
4677,2,72,77,22663,29863,0,CAPACITY_EXCEEDED,INVALID
4678,2,72,78,23704,31104,0,CAPACITY_EXCEEDED,INVALID
4679,2,72,79,22438,29638,0,CAPACITY_EXCEEDED,INVALID
4680,2,72,80,23804,31204,0,CAPACITY_EXCEEDED,INVALID
4681,2,72,81,22942,30142,0,CAPACITY_EXCEEDED,INVALID
4682,2,72,82,22681,29881,0,CAPACITY_EXCEEDED,INVALID
4683,2,72,83,23894,31294,0,CAPACITY_EXCEEDED,INVALID
4684,2,72,84,23614,31014,0,CAPACITY_EXCEEDED,INVALID
4685,2,72,85,22577,29777,0,CAPACITY_EXCEEDED,INVALID
4686,2,72,86,22626,29826,0,CAPACITY_EXCEEDED,INVALID
4687,2,72,87,24016,31416,0,CAPACITY_EXCEEDED,INVALID
4688,2,72,88,22454,29654,0,CAPACITY_EXCEEDED,INVALID
4689,2,72,89,23010,30210,0,CAPACITY_EXCEEDED,INVALID
4690,2,72,90,23829,31229,0,CAPACITY_EXCEEDED,INVALID
4691,2,72,91,22700,29900,0,CAPACITY_EXCEEDED,INVALID
4692,2,72,92,22595,29795,0,CAPACITY_EXCEEDED,INVALID
4693,2,72,93,22815,30015,0,CAPACITY_EXCEEDED,INVALID
4694,2,72,94,22584,29784,0,CAPACITY_EXCEEDED,INVALID
4695,2,72,95,22704,29904,0,CAPACITY_EXCEEDED,INVALID
4696,2,72,96,22940,30140,0,CAPACITY_EXCEEDED,INVALID
4697,2,72,97,23659,31059,0,CAPACITY_EXCEEDED,INVALID
4698,2,72,98,22925,30125,0,CAPACITY_EXCEEDED,INVALID
4699,2,72,99,23814,31214,0,CAPACITY_EXCEEDED,INVALID
4700,2,73,74,23037,30237,0,CAPACITY_EXCEEDED,INVALID
4701,2,73,75,22662,29862,0,CAPACITY_EXCEEDED,INVALID
4702,2,73,76,23230,30430,0,CAPACITY_EXCEEDED,INVALID
4703,2,73,77,22908,30108,0,CAPACITY_EXCEEDED,INVALID
4704,2,73,78,23949,31349,0,CAPACITY_EXCEEDED,INVALID
4705,2,73,79,22683,29883,0,CAPACITY_EXCEEDED,INVALID
4706,2,73,80,24049,31449,0,CAPACITY_EXCEEDED,INVALID
4707,2,73,81,23187,30387,0,CAPACITY_EXCEEDED,INVALID
4708,2,73,82,22926,30126,0,CAPACITY_EXCEEDED,INVALID
4709,2,73,83,24139,31539,0,CAPACITY_EXCEEDED,INVALID
4710,2,73,84,23859,31259,0,CAPACITY_EXCEEDED,INVALID
4711,2,73,85,22822,30022,0,CAPACITY_EXCEEDED,INVALID
4712,2,73,86,22871,30071,0,CAPACITY_EXCEEDED,INVALID
4713,2,73,87,24261,31661,0,CAPACITY_EXCEEDED,INVALID
4714,2,73,88,22699,29899,0,CAPACITY_EXCEEDED,INVALID
4715,2,73,89,23255,30455,0,CAPACITY_EXCEEDED,INVALID
4716,2,73,90,24074,31474,0,CAPACITY_EXCEEDED,INVALID
4717,2,73,91,22945,30145,0,CAPACITY_EXCEEDED,INVALID
4718,2,73,92,22840,30040,0,CAPACITY_EXCEEDED,INVALID
4719,2,73,93,23060,30260,0,CAPACITY_EXCEEDED,INVALID
4720,2,73,94,22829,30029,0,CAPACITY_EXCEEDED,INVALID
4721,2,73,95,22949,30149,0,CAPACITY_EXCEEDED,INVALID
4722,2,73,96,23185,30385,0,CAPACITY_EXCEEDED,INVALID
4723,2,73,97,23904,31304,0,CAPACITY_EXCEEDED,INVALID
4724,2,73,98,23170,30370,0,CAPACITY_EXCEEDED,INVALID
4725,2,73,99,24059,31459,0,CAPACITY_EXCEEDED,INVALID
4726,2,74,75,21474,28474,1,FEASIBLE,WORSE
4727,2,74,76,22042,29042,1,FEASIBLE,WORSE
4728,2,74,77,21720,28720,1,FEASIBLE,WORSE
4729,2,74,78,22761,29961,0,CAPACITY_EXCEEDED,INVALID
4730,2,74,79,21495,28495,1,FEASIBLE,WORSE
4731,2,74,80,22861,30061,0,CAPACITY_EXCEEDED,INVALID
4732,2,74,81,21999,28999,1,FEASIBLE,WORSE
4733,2,74,82,21738,28738,1,FEASIBLE,WORSE
4734,2,74,83,22951,30151,0,CAPACITY_EXCEEDED,INVALID
4735,2,74,84,22671,29871,0,CAPACITY_EXCEEDED,INVALID
4736,2,74,85,21634,28634,1,FEASIBLE,WORSE
4737,2,74,86,21683,28683,1,FEASIBLE,WORSE
4738,2,74,87,23073,30273,0,CAPACITY_EXCEEDED,INVALID
4739,2,74,88,21511,28511,1,FEASIBLE,WORSE
4740,2,74,89,22067,29067,1,FEASIBLE,WORSE
4741,2,74,90,22886,30086,0,CAPACITY_EXCEEDED,INVALID
4742,2,74,91,21757,28757,1,FEASIBLE,WORSE
4743,2,74,92,21652,28652,1,FEASIBLE,WORSE
4744,2,74,93,21872,28872,1,FEASIBLE,WORSE
4745,2,74,94,21641,28641,1,FEASIBLE,WORSE
4746,2,74,95,21761,28761,1,FEASIBLE,WORSE
4747,2,74,96,21997,28997,1,FEASIBLE,WORSE
4748,2,74,97,22716,29916,0,CAPACITY_EXCEEDED,INVALID
4749,2,74,98,21982,28982,1,FEASIBLE,WORSE
4750,2,74,99,22871,30071,0,CAPACITY_EXCEEDED,INVALID
4751,2,75,76,21667,28667,1,FEASIBLE,WORSE
4752,2,75,77,21345,28345,1,FEASIBLE,WORSE
4753,2,75,78,22386,29586,0,CAPACITY_EXCEEDED,INVALID
4754,2,75,79,21120,28120,1,FEASIBLE,WORSE
4755,2,75,80,22486,29686,0,CAPACITY_EXCEEDED,INVALID
4756,2,75,81,21624,28624,1,FEASIBLE,WORSE
4757,2,75,82,21363,28363,1,FEASIBLE,WORSE
4758,2,75,83,22576,29776,0,CAPACITY_EXCEEDED,INVALID
4759,2,75,84,22296,29496,1,FEASIBLE,WORSE
4760,2,75,85,21259,28259,1,FEASIBLE,WORSE
4761,2,75,86,21308,28308,1,FEASIBLE,WORSE
4762,2,75,87,22698,29898,0,CAPACITY_EXCEEDED,INVALID
4763,2,75,88,21136,28136,1,FEASIBLE,WORSE
4764,2,75,89,21692,28692,1,FEASIBLE,WORSE
4765,2,75,90,22511,29711,0,CAPACITY_EXCEEDED,INVALID
4766,2,75,91,21382,28382,1,FEASIBLE,WORSE
4767,2,75,92,21277,28277,1,FEASIBLE,WORSE
4768,2,75,93,21497,28497,1,FEASIBLE,WORSE
4769,2,75,94,21266,28266,1,FEASIBLE,WORSE
4770,2,75,95,21386,28386,1,FEASIBLE,WORSE
4771,2,75,96,21622,28622,1,FEASIBLE,WORSE
4772,2,75,97,22341,29541,0,CAPACITY_EXCEEDED,INVALID
4773,2,75,98,21607,28607,1,FEASIBLE,WORSE
4774,2,75,99,22496,29696,0,CAPACITY_EXCEEDED,INVALID
4775,2,76,77,21913,28913,1,FEASIBLE,WORSE
4776,2,76,78,22954,30154,0,CAPACITY_EXCEEDED,INVALID
4777,2,76,79,21688,28688,1,FEASIBLE,WORSE
4778,2,76,80,23054,30254,0,CAPACITY_EXCEEDED,INVALID
4779,2,76,81,22192,29192,1,FEASIBLE,WORSE
4780,2,76,82,21931,28931,1,FEASIBLE,WORSE
4781,2,76,83,23144,30344,0,CAPACITY_EXCEEDED,INVALID
4782,2,76,84,22864,30064,0,CAPACITY_EXCEEDED,INVALID
4783,2,76,85,21827,28827,1,FEASIBLE,WORSE
4784,2,76,86,21876,28876,1,FEASIBLE,WORSE
4785,2,76,87,23266,30466,0,CAPACITY_EXCEEDED,INVALID
4786,2,76,88,21704,28704,1,FEASIBLE,WORSE
4787,2,76,89,22260,29260,1,FEASIBLE,WORSE
4788,2,76,90,23079,30279,0,CAPACITY_EXCEEDED,INVALID
4789,2,76,91,21950,28950,1,FEASIBLE,WORSE
4790,2,76,92,21845,28845,1,FEASIBLE,WORSE
4791,2,76,93,22065,29065,1,FEASIBLE,WORSE
4792,2,76,94,21834,28834,1,FEASIBLE,WORSE
4793,2,76,95,21954,28954,1,FEASIBLE,WORSE
4794,2,76,96,22190,29190,1,FEASIBLE,WORSE
4795,2,76,97,22909,30109,0,CAPACITY_EXCEEDED,INVALID
4796,2,76,98,22175,29175,1,FEASIBLE,WORSE
4797,2,76,99,23064,30264,0,CAPACITY_EXCEEDED,INVALID
4798,2,77,78,22632,29832,0,CAPACITY_EXCEEDED,INVALID
4799,2,77,79,21366,28366,1,FEASIBLE,WORSE
4800,2,77,80,22732,29932,0,CAPACITY_EXCEEDED,INVALID
4801,2,77,81,21870,28870,1,FEASIBLE,WORSE
4802,2,77,82,21609,28609,1,FEASIBLE,WORSE
4803,2,77,83,22822,30022,0,CAPACITY_EXCEEDED,INVALID
4804,2,77,84,22542,29742,0,CAPACITY_EXCEEDED,INVALID
4805,2,77,85,21505,28505,1,FEASIBLE,WORSE
4806,2,77,86,21554,28554,1,FEASIBLE,WORSE
4807,2,77,87,22944,30144,0,CAPACITY_EXCEEDED,INVALID
4808,2,77,88,21382,28382,1,FEASIBLE,WORSE
4809,2,77,89,21938,28938,1,FEASIBLE,WORSE
4810,2,77,90,22757,29957,0,CAPACITY_EXCEEDED,INVALID
4811,2,77,91,21628,28628,1,FEASIBLE,WORSE
4812,2,77,92,21523,28523,1,FEASIBLE,WORSE
4813,2,77,93,21743,28743,1,FEASIBLE,WORSE
4814,2,77,94,21512,28512,1,FEASIBLE,WORSE
4815,2,77,95,21632,28632,1,FEASIBLE,WORSE
4816,2,77,96,21868,28868,1,FEASIBLE,WORSE
4817,2,77,97,22587,29787,0,CAPACITY_EXCEEDED,INVALID
4818,2,77,98,21853,28853,1,FEASIBLE,WORSE
4819,2,77,99,22742,29942,0,CAPACITY_EXCEEDED,INVALID
4820,2,78,79,22407,29607,0,CAPACITY_EXCEEDED,INVALID
4821,2,78,80,23773,31173,0,CAPACITY_EXCEEDED,INVALID
4822,2,78,81,22911,30111,0,CAPACITY_EXCEEDED,INVALID
4823,2,78,82,22650,29850,0,CAPACITY_EXCEEDED,INVALID
4824,2,78,83,23863,31263,0,CAPACITY_EXCEEDED,INVALID
4825,2,78,84,23583,30983,0,CAPACITY_EXCEEDED,INVALID
4826,2,78,85,22546,29746,0,CAPACITY_EXCEEDED,INVALID
4827,2,78,86,22595,29795,0,CAPACITY_EXCEEDED,INVALID
4828,2,78,87,23985,31385,0,CAPACITY_EXCEEDED,INVALID
4829,2,78,88,22423,29623,0,CAPACITY_EXCEEDED,INVALID
4830,2,78,89,22979,30179,0,CAPACITY_EXCEEDED,INVALID
4831,2,78,90,23798,31198,0,CAPACITY_EXCEEDED,INVALID
4832,2,78,91,22669,29869,0,CAPACITY_EXCEEDED,INVALID
4833,2,78,92,22564,29764,0,CAPACITY_EXCEEDED,INVALID
4834,2,78,93,22784,29984,0,CAPACITY_EXCEEDED,INVALID
4835,2,78,94,22553,29753,0,CAPACITY_EXCEEDED,INVALID
4836,2,78,95,22673,29873,0,CAPACITY_EXCEEDED,INVALID
4837,2,78,96,22909,30109,0,CAPACITY_EXCEEDED,INVALID
4838,2,78,97,23628,31028,0,CAPACITY_EXCEEDED,INVALID
4839,2,78,98,22894,30094,0,CAPACITY_EXCEEDED,INVALID
4840,2,78,99,23783,31183,0,CAPACITY_EXCEEDED,INVALID
4841,2,79,80,22507,29707,0,CAPACITY_EXCEEDED,INVALID
4842,2,79,81,21645,28645,1,FEASIBLE,WORSE
4843,2,79,82,21384,28384,1,FEASIBLE,WORSE
4844,2,79,83,22597,29797,0,CAPACITY_EXCEEDED,INVALID
4845,2,79,84,22317,29517,1,FEASIBLE,WORSE
4846,2,79,85,21280,28280,1,FEASIBLE,WORSE
4847,2,79,86,21329,28329,1,FEASIBLE,WORSE
4848,2,79,87,22719,29919,0,CAPACITY_EXCEEDED,INVALID
4849,2,79,88,21157,28157,1,FEASIBLE,WORSE
4850,2,79,89,21713,28713,1,FEASIBLE,WORSE
4851,2,79,90,22532,29732,0,CAPACITY_EXCEEDED,INVALID
4852,2,79,91,21403,28403,1,FEASIBLE,WORSE
4853,2,79,92,21298,28298,1,FEASIBLE,WORSE
4854,2,79,93,21518,28518,1,FEASIBLE,WORSE
4855,2,79,94,21287,28287,1,FEASIBLE,WORSE
4856,2,79,95,21407,28407,1,FEASIBLE,WORSE
4857,2,79,96,21643,28643,1,FEASIBLE,WORSE
4858,2,79,97,22362,29562,0,CAPACITY_EXCEEDED,INVALID
4859,2,79,98,21628,28628,1,FEASIBLE,WORSE
4860,2,79,99,22517,29717,0,CAPACITY_EXCEEDED,INVALID
4861,2,80,81,23011,30211,0,CAPACITY_EXCEEDED,INVALID
4862,2,80,82,22750,29950,0,CAPACITY_EXCEEDED,INVALID
4863,2,80,83,23963,31363,0,CAPACITY_EXCEEDED,INVALID
4864,2,80,84,23683,31083,0,CAPACITY_EXCEEDED,INVALID
4865,2,80,85,22646,29846,0,CAPACITY_EXCEEDED,INVALID
4866,2,80,86,22695,29895,0,CAPACITY_EXCEEDED,INVALID
4867,2,80,87,24085,31485,0,CAPACITY_EXCEEDED,INVALID
4868,2,80,88,22523,29723,0,CAPACITY_EXCEEDED,INVALID
4869,2,80,89,23079,30279,0,CAPACITY_EXCEEDED,INVALID
4870,2,80,90,23898,31298,0,CAPACITY_EXCEEDED,INVALID
4871,2,80,91,22769,29969,0,CAPACITY_EXCEEDED,INVALID
4872,2,80,92,22664,29864,0,CAPACITY_EXCEEDED,INVALID
4873,2,80,93,22884,30084,0,CAPACITY_EXCEEDED,INVALID
4874,2,80,94,22653,29853,0,CAPACITY_EXCEEDED,INVALID
4875,2,80,95,22773,29973,0,CAPACITY_EXCEEDED,INVALID
4876,2,80,96,23009,30209,0,CAPACITY_EXCEEDED,INVALID
4877,2,80,97,23728,31128,0,CAPACITY_EXCEEDED,INVALID
4878,2,80,98,22994,30194,0,CAPACITY_EXCEEDED,INVALID
4879,2,80,99,23883,31283,0,CAPACITY_EXCEEDED,INVALID
4880,2,81,82,21888,28888,1,FEASIBLE,WORSE
4881,2,81,83,23101,30301,0,CAPACITY_EXCEEDED,INVALID
4882,2,81,84,22821,30021,0,CAPACITY_EXCEEDED,INVALID
4883,2,81,85,21784,28784,1,FEASIBLE,WORSE
4884,2,81,86,21833,28833,1,FEASIBLE,WORSE
4885,2,81,87,23223,30423,0,CAPACITY_EXCEEDED,INVALID
4886,2,81,88,21661,28661,1,FEASIBLE,WORSE
4887,2,81,89,22217,29217,1,FEASIBLE,WORSE
4888,2,81,90,23036,30236,0,CAPACITY_EXCEEDED,INVALID
4889,2,81,91,21907,28907,1,FEASIBLE,WORSE
4890,2,81,92,21802,28802,1,FEASIBLE,WORSE
4891,2,81,93,22022,29022,1,FEASIBLE,WORSE
4892,2,81,94,21791,28791,1,FEASIBLE,WORSE
4893,2,81,95,21911,28911,1,FEASIBLE,WORSE
4894,2,81,96,22147,29147,1,FEASIBLE,WORSE
4895,2,81,97,22866,30066,0,CAPACITY_EXCEEDED,INVALID
4896,2,81,98,22132,29132,1,FEASIBLE,WORSE
4897,2,81,99,23021,30221,0,CAPACITY_EXCEEDED,INVALID
4898,2,82,83,22840,30040,0,CAPACITY_EXCEEDED,INVALID
4899,2,82,84,22560,29760,0,CAPACITY_EXCEEDED,INVALID
4900,2,82,85,21523,28523,1,FEASIBLE,WORSE
4901,2,82,86,21572,28572,1,FEASIBLE,WORSE
4902,2,82,87,22962,30162,0,CAPACITY_EXCEEDED,INVALID
4903,2,82,88,21400,28400,1,FEASIBLE,WORSE
4904,2,82,89,21956,28956,1,FEASIBLE,WORSE
4905,2,82,90,22775,29975,0,CAPACITY_EXCEEDED,INVALID
4906,2,82,91,21646,28646,1,FEASIBLE,WORSE
4907,2,82,92,21541,28541,1,FEASIBLE,WORSE
4908,2,82,93,21761,28761,1,FEASIBLE,WORSE
4909,2,82,94,21530,28530,1,FEASIBLE,WORSE
4910,2,82,95,21650,28650,1,FEASIBLE,WORSE
4911,2,82,96,21886,28886,1,FEASIBLE,WORSE
4912,2,82,97,22605,29805,0,CAPACITY_EXCEEDED,INVALID
4913,2,82,98,21871,28871,1,FEASIBLE,WORSE
4914,2,82,99,22760,29960,0,CAPACITY_EXCEEDED,INVALID
4915,2,83,84,23773,31173,0,CAPACITY_EXCEEDED,INVALID
4916,2,83,85,22736,29936,0,CAPACITY_EXCEEDED,INVALID
4917,2,83,86,22785,29985,0,CAPACITY_EXCEEDED,INVALID
4918,2,83,87,24175,31575,0,CAPACITY_EXCEEDED,INVALID
4919,2,83,88,22613,29813,0,CAPACITY_EXCEEDED,INVALID
4920,2,83,89,23169,30369,0,CAPACITY_EXCEEDED,INVALID
4921,2,83,90,23988,31388,0,CAPACITY_EXCEEDED,INVALID
4922,2,83,91,22859,30059,0,CAPACITY_EXCEEDED,INVALID
4923,2,83,92,22754,29954,0,CAPACITY_EXCEEDED,INVALID
4924,2,83,93,22974,30174,0,CAPACITY_EXCEEDED,INVALID
4925,2,83,94,22743,29943,0,CAPACITY_EXCEEDED,INVALID
4926,2,83,95,22863,30063,0,CAPACITY_EXCEEDED,INVALID
4927,2,83,96,23099,30299,0,CAPACITY_EXCEEDED,INVALID
4928,2,83,97,23818,31218,0,CAPACITY_EXCEEDED,INVALID
4929,2,83,98,23084,30284,0,CAPACITY_EXCEEDED,INVALID
4930,2,83,99,23973,31373,0,CAPACITY_EXCEEDED,INVALID
4931,2,84,85,22456,29656,0,CAPACITY_EXCEEDED,INVALID
4932,2,84,86,22505,29705,0,CAPACITY_EXCEEDED,INVALID
4933,2,84,87,23895,31295,0,CAPACITY_EXCEEDED,INVALID
4934,2,84,88,22333,29533,0,CAPACITY_EXCEEDED,INVALID
4935,2,84,89,22889,30089,0,CAPACITY_EXCEEDED,INVALID
4936,2,84,90,23708,31108,0,CAPACITY_EXCEEDED,INVALID
4937,2,84,91,22579,29779,0,CAPACITY_EXCEEDED,INVALID
4938,2,84,92,22474,29674,0,CAPACITY_EXCEEDED,INVALID
4939,2,84,93,22694,29894,0,CAPACITY_EXCEEDED,INVALID
4940,2,84,94,22463,29663,0,CAPACITY_EXCEEDED,INVALID
4941,2,84,95,22583,29783,0,CAPACITY_EXCEEDED,INVALID
4942,2,84,96,22819,30019,0,CAPACITY_EXCEEDED,INVALID
4943,2,84,97,23538,30938,0,CAPACITY_EXCEEDED,INVALID
4944,2,84,98,22804,30004,0,CAPACITY_EXCEEDED,INVALID
4945,2,84,99,23693,31093,0,CAPACITY_EXCEEDED,INVALID
4946,2,85,86,21468,28468,1,FEASIBLE,WORSE
4947,2,85,87,22858,30058,0,CAPACITY_EXCEEDED,INVALID
4948,2,85,88,21296,28296,1,FEASIBLE,WORSE
4949,2,85,89,21852,28852,1,FEASIBLE,WORSE
4950,2,85,90,22671,29871,0,CAPACITY_EXCEEDED,INVALID
4951,2,85,91,21542,28542,1,FEASIBLE,WORSE
4952,2,85,92,21437,28437,1,FEASIBLE,WORSE
4953,2,85,93,21657,28657,1,FEASIBLE,WORSE
4954,2,85,94,21426,28426,1,FEASIBLE,WORSE
4955,2,85,95,21546,28546,1,FEASIBLE,WORSE
4956,2,85,96,21782,28782,1,FEASIBLE,WORSE
4957,2,85,97,22501,29701,0,CAPACITY_EXCEEDED,INVALID
4958,2,85,98,21767,28767,1,FEASIBLE,WORSE
4959,2,85,99,22656,29856,0,CAPACITY_EXCEEDED,INVALID
4960,2,86,87,22907,30107,0,CAPACITY_EXCEEDED,INVALID
4961,2,86,88,21345,28345,1,FEASIBLE,WORSE
4962,2,86,89,21901,28901,1,FEASIBLE,WORSE
4963,2,86,90,22720,29920,0,CAPACITY_EXCEEDED,INVALID
4964,2,86,91,21591,28591,1,FEASIBLE,WORSE
4965,2,86,92,21486,28486,1,FEASIBLE,WORSE
4966,2,86,93,21706,28706,1,FEASIBLE,WORSE
4967,2,86,94,21475,28475,1,FEASIBLE,WORSE
4968,2,86,95,21595,28595,1,FEASIBLE,WORSE
4969,2,86,96,21831,28831,1,FEASIBLE,WORSE
4970,2,86,97,22550,29750,0,CAPACITY_EXCEEDED,INVALID
4971,2,86,98,21816,28816,1,FEASIBLE,WORSE
4972,2,86,99,22705,29905,0,CAPACITY_EXCEEDED,INVALID
4973,2,87,88,22735,29935,0,CAPACITY_EXCEEDED,INVALID
4974,2,87,89,23291,30491,0,CAPACITY_EXCEEDED,INVALID
4975,2,87,90,24110,31510,0,CAPACITY_EXCEEDED,INVALID
4976,2,87,91,22981,30181,0,CAPACITY_EXCEEDED,INVALID
4977,2,87,92,22876,30076,0,CAPACITY_EXCEEDED,INVALID
4978,2,87,93,23096,30296,0,CAPACITY_EXCEEDED,INVALID
4979,2,87,94,22865,30065,0,CAPACITY_EXCEEDED,INVALID
4980,2,87,95,22985,30185,0,CAPACITY_EXCEEDED,INVALID
4981,2,87,96,23221,30421,0,CAPACITY_EXCEEDED,INVALID
4982,2,87,97,23940,31340,0,CAPACITY_EXCEEDED,INVALID
4983,2,87,98,23206,30406,0,CAPACITY_EXCEEDED,INVALID
4984,2,87,99,24095,31495,0,CAPACITY_EXCEEDED,INVALID
4985,2,88,89,21729,28729,1,FEASIBLE,WORSE
4986,2,88,90,22548,29748,0,CAPACITY_EXCEEDED,INVALID
4987,2,88,91,21419,28419,1,FEASIBLE,WORSE
4988,2,88,92,21314,28314,1,FEASIBLE,WORSE
4989,2,88,93,21534,28534,1,FEASIBLE,WORSE
4990,2,88,94,21303,28303,1,FEASIBLE,WORSE
4991,2,88,95,21423,28423,1,FEASIBLE,WORSE
4992,2,88,96,21659,28659,1,FEASIBLE,WORSE
4993,2,88,97,22378,29578,0,CAPACITY_EXCEEDED,INVALID
4994,2,88,98,21644,28644,1,FEASIBLE,WORSE
4995,2,88,99,22533,29733,0,CAPACITY_EXCEEDED,INVALID
4996,2,89,90,23104,30304,0,CAPACITY_EXCEEDED,INVALID
4997,2,89,91,21975,28975,1,FEASIBLE,WORSE
4998,2,89,92,21870,28870,1,FEASIBLE,WORSE
4999,2,89,93,22090,29090,1,FEASIBLE,WORSE
5000,2,89,94,21859,28859,1,FEASIBLE,WORSE
5001,2,89,95,21979,28979,1,FEASIBLE,WORSE
5002,2,89,96,22215,29215,1,FEASIBLE,WORSE
5003,2,89,97,22934,30134,0,CAPACITY_EXCEEDED,INVALID
5004,2,89,98,22200,29200,1,FEASIBLE,WORSE
5005,2,89,99,23089,30289,0,CAPACITY_EXCEEDED,INVALID
5006,2,90,91,22794,29994,0,CAPACITY_EXCEEDED,INVALID
5007,2,90,92,22689,29889,0,CAPACITY_EXCEEDED,INVALID
5008,2,90,93,22909,30109,0,CAPACITY_EXCEEDED,INVALID
5009,2,90,94,22678,29878,0,CAPACITY_EXCEEDED,INVALID
5010,2,90,95,22798,29998,0,CAPACITY_EXCEEDED,INVALID
5011,2,90,96,23034,30234,0,CAPACITY_EXCEEDED,INVALID
5012,2,90,97,23753,31153,0,CAPACITY_EXCEEDED,INVALID
5013,2,90,98,23019,30219,0,CAPACITY_EXCEEDED,INVALID
5014,2,90,99,23908,31308,0,CAPACITY_EXCEEDED,INVALID
5015,2,91,92,21560,28560,1,FEASIBLE,WORSE
5016,2,91,93,21780,28780,1,FEASIBLE,WORSE
5017,2,91,94,21549,28549,1,FEASIBLE,WORSE
5018,2,91,95,21669,28669,1,FEASIBLE,WORSE
5019,2,91,96,21905,28905,1,FEASIBLE,WORSE
5020,2,91,97,22624,29824,0,CAPACITY_EXCEEDED,INVALID
5021,2,91,98,21890,28890,1,FEASIBLE,WORSE
5022,2,91,99,22779,29979,0,CAPACITY_EXCEEDED,INVALID
5023,2,92,93,21675,28675,1,FEASIBLE,WORSE
5024,2,92,94,21444,28444,1,FEASIBLE,WORSE
5025,2,92,95,21564,28564,1,FEASIBLE,WORSE
5026,2,92,96,21800,28800,1,FEASIBLE,WORSE
5027,2,92,97,22519,29719,0,CAPACITY_EXCEEDED,INVALID
5028,2,92,98,21785,28785,1,FEASIBLE,WORSE
5029,2,92,99,22674,29874,0,CAPACITY_EXCEEDED,INVALID
5030,2,93,94,21664,28664,1,FEASIBLE,WORSE
5031,2,93,95,21784,28784,1,FEASIBLE,WORSE
5032,2,93,96,22020,29020,1,FEASIBLE,WORSE
5033,2,93,97,22739,29939,0,CAPACITY_EXCEEDED,INVALID
5034,2,93,98,22005,29005,1,FEASIBLE,WORSE
5035,2,93,99,22894,30094,0,CAPACITY_EXCEEDED,INVALID
5036,2,94,95,21553,28553,1,FEASIBLE,WORSE
5037,2,94,96,21789,28789,1,FEASIBLE,WORSE
5038,2,94,97,22508,29708,0,CAPACITY_EXCEEDED,INVALID
5039,2,94,98,21774,28774,1,FEASIBLE,WORSE
5040,2,94,99,22663,29863,0,CAPACITY_EXCEEDED,INVALID
5041,2,95,96,21909,28909,1,FEASIBLE,WORSE
5042,2,95,97,22628,29828,0,CAPACITY_EXCEEDED,INVALID
5043,2,95,98,21894,28894,1,FEASIBLE,WORSE
5044,2,95,99,22783,29983,0,CAPACITY_EXCEEDED,INVALID
5045,2,96,97,22864,30064,0,CAPACITY_EXCEEDED,INVALID
5046,2,96,98,22130,29130,1,FEASIBLE,WORSE
5047,2,96,99,23019,30219,0,CAPACITY_EXCEEDED,INVALID
5048,2,97,98,22849,30049,0,CAPACITY_EXCEEDED,INVALID
5049,2,97,99,23738,31138,0,CAPACITY_EXCEEDED,INVALID
5050,2,98,99,23004,30204,0,CAPACITY_EXCEEDED,INVALID
