neighbor_index,distance,flip_i,flip_j,weight,profit,feasible,reason,comparison
1,1,0,,26156,29104,0,CAPACITY_EXCEEDED,INVALID
2,1,1,,24540,27412,1,FEASIBLE,WORSE
3,1,2,,25848,28757,0,CAPACITY_EXCEEDED,INVALID
4,1,3,,25624,28564,0,CAPACITY_EXCEEDED,INVALID
5,1,4,,25361,28231,1,FEASIBLE,WORSE
6,1,5,,24699,27634,1,FEASIBLE,WORSE
7,1,6,,25833,28744,0,CAPACITY_EXCEEDED,INVALID
8,1,7,,26122,29075,0,CAPACITY_EXCEEDED,INVALID
9,1,8,,24988,27950,1,FEASIBLE,WORSE
10,1,9,,26133,29019,0,CAPACITY_EXCEEDED,INVALID
11,1,10,,25635,28568,0,CAPACITY_EXCEEDED,INVALID
12,1,11,,26164,29083,0,CAPACITY_EXCEEDED,INVALID
13,1,12,,24632,27529,1,FEASIBLE,WORSE
14,1,13,,25777,28700,0,CAPACITY_EXCEEDED,INVALID
15,1,14,,24823,27749,1,FEASIBLE,WORSE
16,1,15,,24679,27542,1,FEASIBLE,WORSE
17,1,16,,25169,28042,1,FEASIBLE,WORSE
18,1,17,,25916,28849,0,CAPACITY_EXCEEDED,INVALID
19,1,18,,24556,27493,1,FEASIBLE,WORSE
20,1,19,,25628,28550,0,CAPACITY_EXCEEDED,INVALID
21,1,20,,26166,29104,0,CAPACITY_EXCEEDED,INVALID
22,1,21,,24676,27636,1,FEASIBLE,WORSE
23,1,22,,24517,27416,1,FEASIBLE,WORSE
24,1,23,,25026,27896,1,FEASIBLE,WORSE
25,1,24,,25456,28377,0,CAPACITY_EXCEEDED,INVALID
26,1,25,,26163,29022,0,CAPACITY_EXCEEDED,INVALID
27,1,26,,26167,29115,0,CAPACITY_EXCEEDED,INVALID
28,1,27,,25808,28677,0,CAPACITY_EXCEEDED,INVALID
29,1,28,,25456,28326,0,CAPACITY_EXCEEDED,INVALID
30,1,29,,25164,28067,1,FEASIBLE,WORSE
31,1,30,,25997,28877,0,CAPACITY_EXCEEDED,INVALID
32,1,31,,25070,27984,1,FEASIBLE,WORSE
33,1,32,,26314,29244,0,CAPACITY_EXCEEDED,INVALID
34,1,33,,24773,27643,1,FEASIBLE,WORSE
35,1,34,,25161,28048,1,FEASIBLE,WORSE
36,1,35,,26018,28888,0,CAPACITY_EXCEEDED,INVALID
37,1,36,,25723,28619,0,CAPACITY_EXCEEDED,INVALID
38,1,37,,24429,27297,1,FEASIBLE,WORSE
39,1,38,,24452,27387,1,FEASIBLE,WORSE
40,1,39,,25877,28819,0,CAPACITY_EXCEEDED,INVALID
41,1,40,,24717,27618,1,FEASIBLE,WORSE
42,1,41,,24664,27559,1,FEASIBLE,WORSE
43,1,42,,24556,27516,1,FEASIBLE,WORSE
44,1,43,,26339,29291,0,CAPACITY_EXCEEDED,INVALID
45,1,44,,25333,28307,1,FEASIBLE,WORSE
46,1,45,,25724,28654,0,CAPACITY_EXCEEDED,INVALID
47,1,46,,25964,28851,0,CAPACITY_EXCEEDED,INVALID
48,1,47,,25057,27990,1,FEASIBLE,WORSE
49,1,48,,24772,27709,1,FEASIBLE,WORSE
50,1,49,,25452,28348,0,CAPACITY_EXCEEDED,INVALID
51,1,50,,24481,27413,1,FEASIBLE,WORSE
52,1,51,,25888,28765,0,CAPACITY_EXCEEDED,INVALID
53,1,52,,25479,28358,0,CAPACITY_EXCEEDED,INVALID
54,1,53,,24699,27628,1,FEASIBLE,WORSE
55,1,54,,25675,28626,0,CAPACITY_EXCEEDED,INVALID
56,1,55,,25165,28043,1,FEASIBLE,WORSE
57,1,56,,24878,27810,1,FEASIBLE,WORSE
58,1,57,,25223,28141,1,FEASIBLE,WORSE
59,1,58,,25572,28455,0,CAPACITY_EXCEEDED,INVALID
60,1,59,,24496,27387,1,FEASIBLE,WORSE
61,1,60,,26061,28935,0,CAPACITY_EXCEEDED,INVALID
62,1,61,,25349,28250,1,FEASIBLE,WORSE
63,1,62,,24583,27458,1,FEASIBLE,WORSE
64,1,63,,25344,28212,1,FEASIBLE,WORSE
65,1,64,,25029,27908,1,FEASIBLE,WORSE
66,1,65,,26267,29215,0,CAPACITY_EXCEEDED,INVALID
67,1,66,,24741,27660,1,FEASIBLE,WORSE
68,1,67,,25055,27954,1,FEASIBLE,WORSE
69,1,68,,25740,28625,0,CAPACITY_EXCEEDED,INVALID
70,1,69,,24972,27841,1,FEASIBLE,WORSE
71,1,70,,25235,28111,1,FEASIBLE,WORSE
72,1,71,,26362,29308,0,CAPACITY_EXCEEDED,INVALID
73,1,72,,25308,28200,1,FEASIBLE,WORSE
74,1,73,,25785,28732,0,CAPACITY_EXCEEDED,INVALID
75,1,74,,26109,29022,0,CAPACITY_EXCEEDED,INVALID
76,1,75,,24964,27879,1,FEASIBLE,WORSE
77,1,76,,26343,29213,0,CAPACITY_EXCEEDED,INVALID
78,1,77,,25116,28014,1,FEASIBLE,WORSE
79,1,78,,24382,27244,1,FEASIBLE,WORSE
80,1,79,,26255,29170,0,CAPACITY_EXCEEDED,INVALID
81,1,80,,24691,27561,1,FEASIBLE,WORSE
82,1,81,,26252,29126,0,CAPACITY_EXCEEDED,INVALID
83,1,82,,24914,27800,1,FEASIBLE,WORSE
84,1,83,,26194,29108,0,CAPACITY_EXCEEDED,INVALID
85,1,84,,24565,27429,1,FEASIBLE,WORSE
86,1,85,,25879,28823,0,CAPACITY_EXCEEDED,INVALID
87,1,86,,24891,27764,1,FEASIBLE,WORSE
88,1,87,,26068,28932,0,CAPACITY_EXCEEDED,INVALID
89,1,88,,25772,28647,0,CAPACITY_EXCEEDED,INVALID
90,1,89,,25276,28168,1,FEASIBLE,WORSE
91,1,90,,24615,27545,1,FEASIBLE,WORSE
92,1,91,,25096,28047,1,FEASIBLE,WORSE
93,1,92,,25850,28714,0,CAPACITY_EXCEEDED,INVALID
94,1,93,,26147,29039,0,CAPACITY_EXCEEDED,INVALID
95,1,94,,25189,28173,1,FEASIBLE,WORSE
96,1,95,,25384,28327,0,CAPACITY_EXCEEDED,INVALID
97,1,96,,25238,28097,1,FEASIBLE,WORSE
98,1,97,,24772,27677,1,FEASIBLE,WORSE
99,1,98,,25000,27868,1,FEASIBLE,WORSE
100,1,99,,25105,28023,1,FEASIBLE,WORSE
101,2,0,1,25334,28196,1,FEASIBLE,WORSE
102,2,0,2,26642,29541,0,CAPACITY_EXCEEDED,INVALID
103,2,0,3,26418,29348,0,CAPACITY_EXCEEDED,INVALID
104,2,0,4,26155,29015,0,CAPACITY_EXCEEDED,INVALID
105,2,0,5,25493,28418,0,CAPACITY_EXCEEDED,INVALID
106,2,0,6,26627,29528,0,CAPACITY_EXCEEDED,INVALID
107,2,0,7,26916,29859,0,CAPACITY_EXCEEDED,INVALID
108,2,0,8,25782,28734,0,CAPACITY_EXCEEDED,INVALID
109,2,0,9,26927,29803,0,CAPACITY_EXCEEDED,INVALID
110,2,0,10,26429,29352,0,CAPACITY_EXCEEDED,INVALID
111,2,0,11,26958,29867,0,CAPACITY_EXCEEDED,INVALID
112,2,0,12,25426,28313,0,CAPACITY_EXCEEDED,INVALID
113,2,0,13,26571,29484,0,CAPACITY_EXCEEDED,INVALID
114,2,0,14,25617,28533,0,CAPACITY_EXCEEDED,INVALID
115,2,0,15,25473,28326,0,CAPACITY_EXCEEDED,INVALID
116,2,0,16,25963,28826,0,CAPACITY_EXCEEDED,INVALID
117,2,0,17,26710,29633,0,CAPACITY_EXCEEDED,INVALID
118,2,0,18,25350,28277,1,FEASIBLE,WORSE
119,2,0,19,26422,29334,0,CAPACITY_EXCEEDED,INVALID
120,2,0,20,26960,29888,0,CAPACITY_EXCEEDED,INVALID
121,2,0,21,25470,28420,0,CAPACITY_EXCEEDED,INVALID
122,2,0,22,25311,28200,1,FEASIBLE,WORSE
123,2,0,23,25820,28680,0,CAPACITY_EXCEEDED,INVALID
124,2,0,24,26250,29161,0,CAPACITY_EXCEEDED,INVALID
125,2,0,25,26957,29806,0,CAPACITY_EXCEEDED,INVALID
126,2,0,26,26961,29899,0,CAPACITY_EXCEEDED,INVALID
127,2,0,27,26602,29461,0,CAPACITY_EXCEEDED,INVALID
128,2,0,28,26250,29110,0,CAPACITY_EXCEEDED,INVALID
129,2,0,29,25958,28851,0,CAPACITY_EXCEEDED,INVALID
130,2,0,30,26791,29661,0,CAPACITY_EXCEEDED,INVALID
131,2,0,31,25864,28768,0,CAPACITY_EXCEEDED,INVALID
132,2,0,32,27108,30028,0,CAPACITY_EXCEEDED,INVALID
133,2,0,33,25567,28427,0,CAPACITY_EXCEEDED,INVALID
134,2,0,34,25955,28832,0,CAPACITY_EXCEEDED,INVALID
135,2,0,35,26812,29672,0,CAPACITY_EXCEEDED,INVALID
136,2,0,36,26517,29403,0,CAPACITY_EXCEEDED,INVALID
137,2,0,37,25223,28081,1,FEASIBLE,WORSE
138,2,0,38,25246,28171,1,FEASIBLE,WORSE
139,2,0,39,26671,29603,0,CAPACITY_EXCEEDED,INVALID
140,2,0,40,25511,28402,0,CAPACITY_EXCEEDED,INVALID
141,2,0,41,25458,28343,0,CAPACITY_EXCEEDED,INVALID
142,2,0,42,25350,28300,1,FEASIBLE,WORSE
143,2,0,43,27133,30075,0,CAPACITY_EXCEEDED,INVALID
144,2,0,44,26127,29091,0,CAPACITY_EXCEEDED,INVALID
145,2,0,45,26518,29438,0,CAPACITY_EXCEEDED,INVALID
146,2,0,46,26758,29635,0,CAPACITY_EXCEEDED,INVALID
147,2,0,47,25851,28774,0,CAPACITY_EXCEEDED,INVALID
148,2,0,48,25566,28493,0,CAPACITY_EXCEEDED,INVALID
149,2,0,49,26246,29132,0,CAPACITY_EXCEEDED,INVALID
150,2,0,50,25275,28197,1,FEASIBLE,WORSE
151,2,0,51,26682,29549,0,CAPACITY_EXCEEDED,INVALID
152,2,0,52,26273,29142,0,CAPACITY_EXCEEDED,INVALID
153,2,0,53,25493,28412,0,CAPACITY_EXCEEDED,INVALID
154,2,0,54,26469,29410,0,CAPACITY_EXCEEDED,INVALID
155,2,0,55,25959,28827,0,CAPACITY_EXCEEDED,INVALID
156,2,0,56,25672,28594,0,CAPACITY_EXCEEDED,INVALID
157,2,0,57,26017,28925,0,CAPACITY_EXCEEDED,INVALID
158,2,0,58,26366,29239,0,CAPACITY_EXCEEDED,INVALID
159,2,0,59,25290,28171,1,FEASIBLE,WORSE
160,2,0,60,26855,29719,0,CAPACITY_EXCEEDED,INVALID
161,2,0,61,26143,29034,0,CAPACITY_EXCEEDED,INVALID
162,2,0,62,25377,28242,0,CAPACITY_EXCEEDED,INVALID
163,2,0,63,26138,28996,0,CAPACITY_EXCEEDED,INVALID
164,2,0,64,25823,28692,0,CAPACITY_EXCEEDED,INVALID
165,2,0,65,27061,29999,0,CAPACITY_EXCEEDED,INVALID
166,2,0,66,25535,28444,0,CAPACITY_EXCEEDED,INVALID
167,2,0,67,25849,28738,0,CAPACITY_EXCEEDED,INVALID
168,2,0,68,26534,29409,0,CAPACITY_EXCEEDED,INVALID
169,2,0,69,25766,28625,0,CAPACITY_EXCEEDED,INVALID
170,2,0,70,26029,28895,0,CAPACITY_EXCEEDED,INVALID
171,2,0,71,27156,30092,0,CAPACITY_EXCEEDED,INVALID
172,2,0,72,26102,28984,0,CAPACITY_EXCEEDED,INVALID
173,2,0,73,26579,29516,0,CAPACITY_EXCEEDED,INVALID
174,2,0,74,26903,29806,0,CAPACITY_EXCEEDED,INVALID
175,2,0,75,25758,28663,0,CAPACITY_EXCEEDED,INVALID
176,2,0,76,27137,29997,0,CAPACITY_EXCEEDED,INVALID
177,2,0,77,25910,28798,0,CAPACITY_EXCEEDED,INVALID
178,2,0,78,25176,28028,1,FEASIBLE,WORSE
179,2,0,79,27049,29954,0,CAPACITY_EXCEEDED,INVALID
180,2,0,80,25485,28345,0,CAPACITY_EXCEEDED,INVALID
181,2,0,81,27046,29910,0,CAPACITY_EXCEEDED,INVALID
182,2,0,82,25708,28584,0,CAPACITY_EXCEEDED,INVALID
183,2,0,83,26988,29892,0,CAPACITY_EXCEEDED,INVALID
184,2,0,84,25359,28213,1,FEASIBLE,WORSE
185,2,0,85,26673,29607,0,CAPACITY_EXCEEDED,INVALID
186,2,0,86,25685,28548,0,CAPACITY_EXCEEDED,INVALID
187,2,0,87,26862,29716,0,CAPACITY_EXCEEDED,INVALID
188,2,0,88,26566,29431,0,CAPACITY_EXCEEDED,INVALID
189,2,0,89,26070,28952,0,CAPACITY_EXCEEDED,INVALID
190,2,0,90,25409,28329,0,CAPACITY_EXCEEDED,INVALID
191,2,0,91,25890,28831,0,CAPACITY_EXCEEDED,INVALID
192,2,0,92,26644,29498,0,CAPACITY_EXCEEDED,INVALID
193,2,0,93,26941,29823,0,CAPACITY_EXCEEDED,INVALID
194,2,0,94,25983,28957,0,CAPACITY_EXCEEDED,INVALID
195,2,0,95,26178,29111,0,CAPACITY_EXCEEDED,INVALID
196,2,0,96,26032,28881,0,CAPACITY_EXCEEDED,INVALID
197,2,0,97,25566,28461,0,CAPACITY_EXCEEDED,INVALID
198,2,0,98,25794,28652,0,CAPACITY_EXCEEDED,INVALID
199,2,0,99,25899,28807,0,CAPACITY_EXCEEDED,INVALID
200,2,1,2,25026,27849,1,FEASIBLE,WORSE
201,2,1,3,24802,27656,1,FEASIBLE,WORSE
202,2,1,4,24539,27323,1,FEASIBLE,WORSE
203,2,1,5,23877,26726,1,FEASIBLE,WORSE
204,2,1,6,25011,27836,1,FEASIBLE,WORSE
205,2,1,7,25300,28167,1,FEASIBLE,WORSE
206,2,1,8,24166,27042,1,FEASIBLE,WORSE
207,2,1,9,25311,28111,1,FEASIBLE,WORSE
208,2,1,10,24813,27660,1,FEASIBLE,WORSE
209,2,1,11,25342,28175,1,FEASIBLE,WORSE
210,2,1,12,23810,26621,1,FEASIBLE,WORSE
211,2,1,13,24955,27792,1,FEASIBLE,WORSE
212,2,1,14,24001,26841,1,FEASIBLE,WORSE
213,2,1,15,23857,26634,1,FEASIBLE,WORSE
214,2,1,16,24347,27134,1,FEASIBLE,WORSE
215,2,1,17,25094,27941,1,FEASIBLE,WORSE
216,2,1,18,23734,26585,1,FEASIBLE,WORSE
217,2,1,19,24806,27642,1,FEASIBLE,WORSE
218,2,1,20,25344,28196,1,FEASIBLE,WORSE
219,2,1,21,23854,26728,1,FEASIBLE,WORSE
220,2,1,22,23695,26508,1,FEASIBLE,WORSE
221,2,1,23,24204,26988,1,FEASIBLE,WORSE
222,2,1,24,24634,27469,1,FEASIBLE,WORSE
223,2,1,25,25341,28114,1,FEASIBLE,WORSE
224,2,1,26,25345,28207,1,FEASIBLE,WORSE
225,2,1,27,24986,27769,1,FEASIBLE,WORSE
226,2,1,28,24634,27418,1,FEASIBLE,WORSE
227,2,1,29,24342,27159,1,FEASIBLE,WORSE
228,2,1,30,25175,27969,1,FEASIBLE,WORSE
229,2,1,31,24248,27076,1,FEASIBLE,WORSE
230,2,1,32,25492,28336,0,CAPACITY_EXCEEDED,INVALID
231,2,1,33,23951,26735,1,FEASIBLE,WORSE
232,2,1,34,24339,27140,1,FEASIBLE,WORSE
233,2,1,35,25196,27980,1,FEASIBLE,WORSE
234,2,1,36,24901,27711,1,FEASIBLE,WORSE
235,2,1,37,23607,26389,1,FEASIBLE,WORSE
236,2,1,38,23630,26479,1,FEASIBLE,WORSE
237,2,1,39,25055,27911,1,FEASIBLE,WORSE
238,2,1,40,23895,26710,1,FEASIBLE,WORSE
239,2,1,41,23842,26651,1,FEASIBLE,WORSE
240,2,1,42,23734,26608,1,FEASIBLE,WORSE
241,2,1,43,25517,28383,0,CAPACITY_EXCEEDED,INVALID
242,2,1,44,24511,27399,1,FEASIBLE,WORSE
243,2,1,45,24902,27746,1,FEASIBLE,WORSE
244,2,1,46,25142,27943,1,FEASIBLE,WORSE
245,2,1,47,24235,27082,1,FEASIBLE,WORSE
246,2,1,48,23950,26801,1,FEASIBLE,WORSE
247,2,1,49,24630,27440,1,FEASIBLE,WORSE
248,2,1,50,23659,26505,1,FEASIBLE,WORSE
249,2,1,51,25066,27857,1,FEASIBLE,WORSE
250,2,1,52,24657,27450,1,FEASIBLE,WORSE
251,2,1,53,23877,26720,1,FEASIBLE,WORSE
252,2,1,54,24853,27718,1,FEASIBLE,WORSE
253,2,1,55,24343,27135,1,FEASIBLE,WORSE
254,2,1,56,24056,26902,1,FEASIBLE,WORSE
255,2,1,57,24401,27233,1,FEASIBLE,WORSE
256,2,1,58,24750,27547,1,FEASIBLE,WORSE
257,2,1,59,23674,26479,1,FEASIBLE,WORSE
258,2,1,60,25239,28027,1,FEASIBLE,WORSE
259,2,1,61,24527,27342,1,FEASIBLE,WORSE
260,2,1,62,23761,26550,1,FEASIBLE,WORSE
261,2,1,63,24522,27304,1,FEASIBLE,WORSE
262,2,1,64,24207,27000,1,FEASIBLE,WORSE
263,2,1,65,25445,28307,0,CAPACITY_EXCEEDED,INVALID
264,2,1,66,23919,26752,1,FEASIBLE,WORSE
265,2,1,67,24233,27046,1,FEASIBLE,WORSE
266,2,1,68,24918,27717,1,FEASIBLE,WORSE
267,2,1,69,24150,26933,1,FEASIBLE,WORSE
268,2,1,70,24413,27203,1,FEASIBLE,WORSE
269,2,1,71,25540,28400,0,CAPACITY_EXCEEDED,INVALID
270,2,1,72,24486,27292,1,FEASIBLE,WORSE
271,2,1,73,24963,27824,1,FEASIBLE,WORSE
272,2,1,74,25287,28114,1,FEASIBLE,WORSE
273,2,1,75,24142,26971,1,FEASIBLE,WORSE
274,2,1,76,25521,28305,0,CAPACITY_EXCEEDED,INVALID
275,2,1,77,24294,27106,1,FEASIBLE,WORSE
276,2,1,78,23560,26336,1,FEASIBLE,WORSE
277,2,1,79,25433,28262,0,CAPACITY_EXCEEDED,INVALID
278,2,1,80,23869,26653,1,FEASIBLE,WORSE
279,2,1,81,25430,28218,0,CAPACITY_EXCEEDED,INVALID
280,2,1,82,24092,26892,1,FEASIBLE,WORSE
281,2,1,83,25372,28200,1,FEASIBLE,WORSE
282,2,1,84,23743,26521,1,FEASIBLE,WORSE
283,2,1,85,25057,27915,1,FEASIBLE,WORSE
284,2,1,86,24069,26856,1,FEASIBLE,WORSE
285,2,1,87,25246,28024,1,FEASIBLE,WORSE
286,2,1,88,24950,27739,1,FEASIBLE,WORSE
287,2,1,89,24454,27260,1,FEASIBLE,WORSE
288,2,1,90,23793,26637,1,FEASIBLE,WORSE
289,2,1,91,24274,27139,1,FEASIBLE,WORSE
290,2,1,92,25028,27806,1,FEASIBLE,WORSE
291,2,1,93,25325,28131,1,FEASIBLE,WORSE
292,2,1,94,24367,27265,1,FEASIBLE,WORSE
293,2,1,95,24562,27419,1,FEASIBLE,WORSE
294,2,1,96,24416,27189,1,FEASIBLE,WORSE
295,2,1,97,23950,26769,1,FEASIBLE,WORSE
296,2,1,98,24178,26960,1,FEASIBLE,WORSE
297,2,1,99,24283,27115,1,FEASIBLE,WORSE
298,2,2,3,26110,29001,0,CAPACITY_EXCEEDED,INVALID
299,2,2,4,25847,28668,0,CAPACITY_EXCEEDED,INVALID
300,2,2,5,25185,28071,1,FEASIBLE,WORSE
301,2,2,6,26319,29181,0,CAPACITY_EXCEEDED,INVALID
302,2,2,7,26608,29512,0,CAPACITY_EXCEEDED,INVALID
303,2,2,8,25474,28387,0,CAPACITY_EXCEEDED,INVALID
304,2,2,9,26619,29456,0,CAPACITY_EXCEEDED,INVALID
305,2,2,10,26121,29005,0,CAPACITY_EXCEEDED,INVALID
306,2,2,11,26650,29520,0,CAPACITY_EXCEEDED,INVALID
307,2,2,12,25118,27966,1,FEASIBLE,WORSE
308,2,2,13,26263,29137,0,CAPACITY_EXCEEDED,INVALID
309,2,2,14,25309,28186,1,FEASIBLE,WORSE
310,2,2,15,25165,27979,1,FEASIBLE,WORSE
311,2,2,16,25655,28479,0,CAPACITY_EXCEEDED,INVALID
312,2,2,17,26402,29286,0,CAPACITY_EXCEEDED,INVALID
313,2,2,18,25042,27930,1,FEASIBLE,WORSE
314,2,2,19,26114,28987,0,CAPACITY_EXCEEDED,INVALID
315,2,2,20,26652,29541,0,CAPACITY_EXCEEDED,INVALID
316,2,2,21,25162,28073,1,FEASIBLE,WORSE
317,2,2,22,25003,27853,1,FEASIBLE,WORSE
318,2,2,23,25512,28333,0,CAPACITY_EXCEEDED,INVALID
319,2,2,24,25942,28814,0,CAPACITY_EXCEEDED,INVALID
320,2,2,25,26649,29459,0,CAPACITY_EXCEEDED,INVALID
321,2,2,26,26653,29552,0,CAPACITY_EXCEEDED,INVALID
322,2,2,27,26294,29114,0,CAPACITY_EXCEEDED,INVALID
323,2,2,28,25942,28763,0,CAPACITY_EXCEEDED,INVALID
324,2,2,29,25650,28504,0,CAPACITY_EXCEEDED,INVALID
325,2,2,30,26483,29314,0,CAPACITY_EXCEEDED,INVALID
326,2,2,31,25556,28421,0,CAPACITY_EXCEEDED,INVALID
327,2,2,32,26800,29681,0,CAPACITY_EXCEEDED,INVALID
328,2,2,33,25259,28080,1,FEASIBLE,WORSE
329,2,2,34,25647,28485,0,CAPACITY_EXCEEDED,INVALID
330,2,2,35,26504,29325,0,CAPACITY_EXCEEDED,INVALID
331,2,2,36,26209,29056,0,CAPACITY_EXCEEDED,INVALID
332,2,2,37,24915,27734,1,FEASIBLE,WORSE
333,2,2,38,24938,27824,1,FEASIBLE,WORSE
334,2,2,39,26363,29256,0,CAPACITY_EXCEEDED,INVALID
335,2,2,40,25203,28055,1,FEASIBLE,WORSE
336,2,2,41,25150,27996,1,FEASIBLE,WORSE
337,2,2,42,25042,27953,1,FEASIBLE,WORSE
338,2,2,43,26825,29728,0,CAPACITY_EXCEEDED,INVALID
339,2,2,44,25819,28744,0,CAPACITY_EXCEEDED,INVALID
340,2,2,45,26210,29091,0,CAPACITY_EXCEEDED,INVALID
341,2,2,46,26450,29288,0,CAPACITY_EXCEEDED,INVALID
342,2,2,47,25543,28427,0,CAPACITY_EXCEEDED,INVALID
343,2,2,48,25258,28146,1,FEASIBLE,WORSE
344,2,2,49,25938,28785,0,CAPACITY_EXCEEDED,INVALID
345,2,2,50,24967,27850,1,FEASIBLE,WORSE
346,2,2,51,26374,29202,0,CAPACITY_EXCEEDED,INVALID
347,2,2,52,25965,28795,0,CAPACITY_EXCEEDED,INVALID
348,2,2,53,25185,28065,1,FEASIBLE,WORSE
349,2,2,54,26161,29063,0,CAPACITY_EXCEEDED,INVALID
350,2,2,55,25651,28480,0,CAPACITY_EXCEEDED,INVALID
351,2,2,56,25364,28247,1,FEASIBLE,WORSE
352,2,2,57,25709,28578,0,CAPACITY_EXCEEDED,INVALID
353,2,2,58,26058,28892,0,CAPACITY_EXCEEDED,INVALID
354,2,2,59,24982,27824,1,FEASIBLE,WORSE
355,2,2,60,26547,29372,0,CAPACITY_EXCEEDED,INVALID
356,2,2,61,25835,28687,0,CAPACITY_EXCEEDED,INVALID
357,2,2,62,25069,27895,1,FEASIBLE,WORSE
358,2,2,63,25830,28649,0,CAPACITY_EXCEEDED,INVALID
359,2,2,64,25515,28345,0,CAPACITY_EXCEEDED,INVALID
360,2,2,65,26753,29652,0,CAPACITY_EXCEEDED,INVALID
361,2,2,66,25227,28097,1,FEASIBLE,WORSE
362,2,2,67,25541,28391,0,CAPACITY_EXCEEDED,INVALID
363,2,2,68,26226,29062,0,CAPACITY_EXCEEDED,INVALID
364,2,2,69,25458,28278,0,CAPACITY_EXCEEDED,INVALID
365,2,2,70,25721,28548,0,CAPACITY_EXCEEDED,INVALID
366,2,2,71,26848,29745,0,CAPACITY_EXCEEDED,INVALID
367,2,2,72,25794,28637,0,CAPACITY_EXCEEDED,INVALID
368,2,2,73,26271,29169,0,CAPACITY_EXCEEDED,INVALID
369,2,2,74,26595,29459,0,CAPACITY_EXCEEDED,INVALID
370,2,2,75,25450,28316,0,CAPACITY_EXCEEDED,INVALID
371,2,2,76,26829,29650,0,CAPACITY_EXCEEDED,INVALID
372,2,2,77,25602,28451,0,CAPACITY_EXCEEDED,INVALID
373,2,2,78,24868,27681,1,FEASIBLE,WORSE
374,2,2,79,26741,29607,0,CAPACITY_EXCEEDED,INVALID
375,2,2,80,25177,27998,1,FEASIBLE,WORSE
376,2,2,81,26738,29563,0,CAPACITY_EXCEEDED,INVALID
377,2,2,82,25400,28237,0,CAPACITY_EXCEEDED,INVALID
378,2,2,83,26680,29545,0,CAPACITY_EXCEEDED,INVALID
379,2,2,84,25051,27866,1,FEASIBLE,WORSE
380,2,2,85,26365,29260,0,CAPACITY_EXCEEDED,INVALID
381,2,2,86,25377,28201,0,CAPACITY_EXCEEDED,INVALID
382,2,2,87,26554,29369,0,CAPACITY_EXCEEDED,INVALID
383,2,2,88,26258,29084,0,CAPACITY_EXCEEDED,INVALID
384,2,2,89,25762,28605,0,CAPACITY_EXCEEDED,INVALID
385,2,2,90,25101,27982,1,FEASIBLE,WORSE
386,2,2,91,25582,28484,0,CAPACITY_EXCEEDED,INVALID
387,2,2,92,26336,29151,0,CAPACITY_EXCEEDED,INVALID
388,2,2,93,26633,29476,0,CAPACITY_EXCEEDED,INVALID
389,2,2,94,25675,28610,0,CAPACITY_EXCEEDED,INVALID
390,2,2,95,25870,28764,0,CAPACITY_EXCEEDED,INVALID
391,2,2,96,25724,28534,0,CAPACITY_EXCEEDED,INVALID
392,2,2,97,25258,28114,1,FEASIBLE,WORSE
393,2,2,98,25486,28305,0,CAPACITY_EXCEEDED,INVALID
394,2,2,99,25591,28460,0,CAPACITY_EXCEEDED,INVALID
395,2,3,4,25623,28475,0,CAPACITY_EXCEEDED,INVALID
396,2,3,5,24961,27878,1,FEASIBLE,WORSE
397,2,3,6,26095,28988,0,CAPACITY_EXCEEDED,INVALID
398,2,3,7,26384,29319,0,CAPACITY_EXCEEDED,INVALID
399,2,3,8,25250,28194,1,FEASIBLE,WORSE
400,2,3,9,26395,29263,0,CAPACITY_EXCEEDED,INVALID
401,2,3,10,25897,28812,0,CAPACITY_EXCEEDED,INVALID
402,2,3,11,26426,29327,0,CAPACITY_EXCEEDED,INVALID
403,2,3,12,24894,27773,1,FEASIBLE,WORSE
404,2,3,13,26039,28944,0,CAPACITY_EXCEEDED,INVALID
405,2,3,14,25085,27993,1,FEASIBLE,WORSE
406,2,3,15,24941,27786,1,FEASIBLE,WORSE
407,2,3,16,25431,28286,0,CAPACITY_EXCEEDED,INVALID
408,2,3,17,26178,29093,0,CAPACITY_EXCEEDED,INVALID
409,2,3,18,24818,27737,1,FEASIBLE,WORSE
410,2,3,19,25890,28794,0,CAPACITY_EXCEEDED,INVALID
411,2,3,20,26428,29348,0,CAPACITY_EXCEEDED,INVALID
412,2,3,21,24938,27880,1,FEASIBLE,WORSE
413,2,3,22,24779,27660,1,FEASIBLE,WORSE
414,2,3,23,25288,28140,1,FEASIBLE,WORSE
415,2,3,24,25718,28621,0,CAPACITY_EXCEEDED,INVALID
416,2,3,25,26425,29266,0,CAPACITY_EXCEEDED,INVALID
417,2,3,26,26429,29359,0,CAPACITY_EXCEEDED,INVALID
418,2,3,27,26070,28921,0,CAPACITY_EXCEEDED,INVALID
419,2,3,28,25718,28570,0,CAPACITY_EXCEEDED,INVALID
420,2,3,29,25426,28311,0,CAPACITY_EXCEEDED,INVALID
421,2,3,30,26259,29121,0,CAPACITY_EXCEEDED,INVALID
422,2,3,31,25332,28228,1,FEASIBLE,WORSE
423,2,3,32,26576,29488,0,CAPACITY_EXCEEDED,INVALID
424,2,3,33,25035,27887,1,FEASIBLE,WORSE
425,2,3,34,25423,28292,0,CAPACITY_EXCEEDED,INVALID
426,2,3,35,26280,29132,0,CAPACITY_EXCEEDED,INVALID
427,2,3,36,25985,28863,0,CAPACITY_EXCEEDED,INVALID
428,2,3,37,24691,27541,1,FEASIBLE,WORSE
429,2,3,38,24714,27631,1,FEASIBLE,WORSE
430,2,3,39,26139,29063,0,CAPACITY_EXCEEDED,INVALID
431,2,3,40,24979,27862,1,FEASIBLE,WORSE
432,2,3,41,24926,27803,1,FEASIBLE,WORSE
433,2,3,42,24818,27760,1,FEASIBLE,WORSE
434,2,3,43,26601,29535,0,CAPACITY_EXCEEDED,INVALID
435,2,3,44,25595,28551,0,CAPACITY_EXCEEDED,INVALID
436,2,3,45,25986,28898,0,CAPACITY_EXCEEDED,INVALID
437,2,3,46,26226,29095,0,CAPACITY_EXCEEDED,INVALID
438,2,3,47,25319,28234,1,FEASIBLE,WORSE
439,2,3,48,25034,27953,1,FEASIBLE,WORSE
440,2,3,49,25714,28592,0,CAPACITY_EXCEEDED,INVALID
441,2,3,50,24743,27657,1,FEASIBLE,WORSE
442,2,3,51,26150,29009,0,CAPACITY_EXCEEDED,INVALID
443,2,3,52,25741,28602,0,CAPACITY_EXCEEDED,INVALID
444,2,3,53,24961,27872,1,FEASIBLE,WORSE
445,2,3,54,25937,28870,0,CAPACITY_EXCEEDED,INVALID
446,2,3,55,25427,28287,0,CAPACITY_EXCEEDED,INVALID
447,2,3,56,25140,28054,1,FEASIBLE,WORSE
448,2,3,57,25485,28385,0,CAPACITY_EXCEEDED,INVALID
449,2,3,58,25834,28699,0,CAPACITY_EXCEEDED,INVALID
450,2,3,59,24758,27631,1,FEASIBLE,WORSE
451,2,3,60,26323,29179,0,CAPACITY_EXCEEDED,INVALID
452,2,3,61,25611,28494,0,CAPACITY_EXCEEDED,INVALID
453,2,3,62,24845,27702,1,FEASIBLE,WORSE
454,2,3,63,25606,28456,0,CAPACITY_EXCEEDED,INVALID
455,2,3,64,25291,28152,1,FEASIBLE,WORSE
456,2,3,65,26529,29459,0,CAPACITY_EXCEEDED,INVALID
457,2,3,66,25003,27904,1,FEASIBLE,WORSE
458,2,3,67,25317,28198,1,FEASIBLE,WORSE
459,2,3,68,26002,28869,0,CAPACITY_EXCEEDED,INVALID
460,2,3,69,25234,28085,1,FEASIBLE,WORSE
461,2,3,70,25497,28355,0,CAPACITY_EXCEEDED,INVALID
462,2,3,71,26624,29552,0,CAPACITY_EXCEEDED,INVALID
463,2,3,72,25570,28444,0,CAPACITY_EXCEEDED,INVALID
464,2,3,73,26047,28976,0,CAPACITY_EXCEEDED,INVALID
465,2,3,74,26371,29266,0,CAPACITY_EXCEEDED,INVALID
466,2,3,75,25226,28123,1,FEASIBLE,WORSE
467,2,3,76,26605,29457,0,CAPACITY_EXCEEDED,INVALID
468,2,3,77,25378,28258,0,CAPACITY_EXCEEDED,INVALID
469,2,3,78,24644,27488,1,FEASIBLE,WORSE
470,2,3,79,26517,29414,0,CAPACITY_EXCEEDED,INVALID
471,2,3,80,24953,27805,1,FEASIBLE,WORSE
472,2,3,81,26514,29370,0,CAPACITY_EXCEEDED,INVALID
473,2,3,82,25176,28044,1,FEASIBLE,WORSE
474,2,3,83,26456,29352,0,CAPACITY_EXCEEDED,INVALID
475,2,3,84,24827,27673,1,FEASIBLE,WORSE
476,2,3,85,26141,29067,0,CAPACITY_EXCEEDED,INVALID
477,2,3,86,25153,28008,1,FEASIBLE,WORSE
478,2,3,87,26330,29176,0,CAPACITY_EXCEEDED,INVALID
479,2,3,88,26034,28891,0,CAPACITY_EXCEEDED,INVALID
480,2,3,89,25538,28412,0,CAPACITY_EXCEEDED,INVALID
481,2,3,90,24877,27789,1,FEASIBLE,WORSE
482,2,3,91,25358,28291,1,FEASIBLE,WORSE
483,2,3,92,26112,28958,0,CAPACITY_EXCEEDED,INVALID
484,2,3,93,26409,29283,0,CAPACITY_EXCEEDED,INVALID
485,2,3,94,25451,28417,0,CAPACITY_EXCEEDED,INVALID
486,2,3,95,25646,28571,0,CAPACITY_EXCEEDED,INVALID
487,2,3,96,25500,28341,0,CAPACITY_EXCEEDED,INVALID
488,2,3,97,25034,27921,1,FEASIBLE,WORSE
489,2,3,98,25262,28112,1,FEASIBLE,WORSE
490,2,3,99,25367,28267,1,FEASIBLE,WORSE
491,2,4,5,24698,27545,1,FEASIBLE,WORSE
492,2,4,6,25832,28655,0,CAPACITY_EXCEEDED,INVALID
493,2,4,7,26121,28986,0,CAPACITY_EXCEEDED,INVALID
494,2,4,8,24987,27861,1,FEASIBLE,WORSE
495,2,4,9,26132,28930,0,CAPACITY_EXCEEDED,INVALID
496,2,4,10,25634,28479,0,CAPACITY_EXCEEDED,INVALID
497,2,4,11,26163,28994,0,CAPACITY_EXCEEDED,INVALID
498,2,4,12,24631,27440,1,FEASIBLE,WORSE
499,2,4,13,25776,28611,0,CAPACITY_EXCEEDED,INVALID
500,2,4,14,24822,27660,1,FEASIBLE,WORSE
501,2,4,15,24678,27453,1,FEASIBLE,WORSE
502,2,4,16,25168,27953,1,FEASIBLE,WORSE
503,2,4,17,25915,28760,0,CAPACITY_EXCEEDED,INVALID
504,2,4,18,24555,27404,1,FEASIBLE,WORSE
505,2,4,19,25627,28461,0,CAPACITY_EXCEEDED,INVALID
506,2,4,20,26165,29015,0,CAPACITY_EXCEEDED,INVALID
507,2,4,21,24675,27547,1,FEASIBLE,WORSE
508,2,4,22,24516,27327,1,FEASIBLE,WORSE
509,2,4,23,25025,27807,1,FEASIBLE,WORSE
510,2,4,24,25455,28288,0,CAPACITY_EXCEEDED,INVALID
511,2,4,25,26162,28933,0,CAPACITY_EXCEEDED,INVALID
512,2,4,26,26166,29026,0,CAPACITY_EXCEEDED,INVALID
513,2,4,27,25807,28588,0,CAPACITY_EXCEEDED,INVALID
514,2,4,28,25455,28237,0,CAPACITY_EXCEEDED,INVALID
515,2,4,29,25163,27978,1,FEASIBLE,WORSE
516,2,4,30,25996,28788,0,CAPACITY_EXCEEDED,INVALID
517,2,4,31,25069,27895,1,FEASIBLE,WORSE
518,2,4,32,26313,29155,0,CAPACITY_EXCEEDED,INVALID
519,2,4,33,24772,27554,1,FEASIBLE,WORSE
520,2,4,34,25160,27959,1,FEASIBLE,WORSE
521,2,4,35,26017,28799,0,CAPACITY_EXCEEDED,INVALID
522,2,4,36,25722,28530,0,CAPACITY_EXCEEDED,INVALID
523,2,4,37,24428,27208,1,FEASIBLE,WORSE
524,2,4,38,24451,27298,1,FEASIBLE,WORSE
525,2,4,39,25876,28730,0,CAPACITY_EXCEEDED,INVALID
526,2,4,40,24716,27529,1,FEASIBLE,WORSE
527,2,4,41,24663,27470,1,FEASIBLE,WORSE
528,2,4,42,24555,27427,1,FEASIBLE,WORSE
529,2,4,43,26338,29202,0,CAPACITY_EXCEEDED,INVALID
530,2,4,44,25332,28218,1,FEASIBLE,WORSE
531,2,4,45,25723,28565,0,CAPACITY_EXCEEDED,INVALID
532,2,4,46,25963,28762,0,CAPACITY_EXCEEDED,INVALID
533,2,4,47,25056,27901,1,FEASIBLE,WORSE
534,2,4,48,24771,27620,1,FEASIBLE,WORSE
535,2,4,49,25451,28259,0,CAPACITY_EXCEEDED,INVALID
536,2,4,50,24480,27324,1,FEASIBLE,WORSE
537,2,4,51,25887,28676,0,CAPACITY_EXCEEDED,INVALID
538,2,4,52,25478,28269,0,CAPACITY_EXCEEDED,INVALID
539,2,4,53,24698,27539,1,FEASIBLE,WORSE
540,2,4,54,25674,28537,0,CAPACITY_EXCEEDED,INVALID
541,2,4,55,25164,27954,1,FEASIBLE,WORSE
542,2,4,56,24877,27721,1,FEASIBLE,WORSE
543,2,4,57,25222,28052,1,FEASIBLE,WORSE
544,2,4,58,25571,28366,0,CAPACITY_EXCEEDED,INVALID
545,2,4,59,24495,27298,1,FEASIBLE,WORSE
546,2,4,60,26060,28846,0,CAPACITY_EXCEEDED,INVALID
547,2,4,61,25348,28161,1,FEASIBLE,WORSE
548,2,4,62,24582,27369,1,FEASIBLE,WORSE
549,2,4,63,25343,28123,1,FEASIBLE,WORSE
550,2,4,64,25028,27819,1,FEASIBLE,WORSE
551,2,4,65,26266,29126,0,CAPACITY_EXCEEDED,INVALID
552,2,4,66,24740,27571,1,FEASIBLE,WORSE
553,2,4,67,25054,27865,1,FEASIBLE,WORSE
554,2,4,68,25739,28536,0,CAPACITY_EXCEEDED,INVALID
555,2,4,69,24971,27752,1,FEASIBLE,WORSE
556,2,4,70,25234,28022,1,FEASIBLE,WORSE
557,2,4,71,26361,29219,0,CAPACITY_EXCEEDED,INVALID
558,2,4,72,25307,28111,1,FEASIBLE,WORSE
559,2,4,73,25784,28643,0,CAPACITY_EXCEEDED,INVALID
560,2,4,74,26108,28933,0,CAPACITY_EXCEEDED,INVALID
561,2,4,75,24963,27790,1,FEASIBLE,WORSE
562,2,4,76,26342,29124,0,CAPACITY_EXCEEDED,INVALID
563,2,4,77,25115,27925,1,FEASIBLE,WORSE
564,2,4,78,24381,27155,1,FEASIBLE,WORSE
565,2,4,79,26254,29081,0,CAPACITY_EXCEEDED,INVALID
566,2,4,80,24690,27472,1,FEASIBLE,WORSE
567,2,4,81,26251,29037,0,CAPACITY_EXCEEDED,INVALID
568,2,4,82,24913,27711,1,FEASIBLE,WORSE
569,2,4,83,26193,29019,0,CAPACITY_EXCEEDED,INVALID
570,2,4,84,24564,27340,1,FEASIBLE,WORSE
571,2,4,85,25878,28734,0,CAPACITY_EXCEEDED,INVALID
572,2,4,86,24890,27675,1,FEASIBLE,WORSE
573,2,4,87,26067,28843,0,CAPACITY_EXCEEDED,INVALID
574,2,4,88,25771,28558,0,CAPACITY_EXCEEDED,INVALID
575,2,4,89,25275,28079,1,FEASIBLE,WORSE
576,2,4,90,24614,27456,1,FEASIBLE,WORSE
577,2,4,91,25095,27958,1,FEASIBLE,WORSE
578,2,4,92,25849,28625,0,CAPACITY_EXCEEDED,INVALID
579,2,4,93,26146,28950,0,CAPACITY_EXCEEDED,INVALID
580,2,4,94,25188,28084,1,FEASIBLE,WORSE
581,2,4,95,25383,28238,0,CAPACITY_EXCEEDED,INVALID
582,2,4,96,25237,28008,1,FEASIBLE,WORSE
583,2,4,97,24771,27588,1,FEASIBLE,WORSE
584,2,4,98,24999,27779,1,FEASIBLE,WORSE
585,2,4,99,25104,27934,1,FEASIBLE,WORSE
586,2,5,6,25170,28058,1,FEASIBLE,WORSE
587,2,5,7,25459,28389,0,CAPACITY_EXCEEDED,INVALID
588,2,5,8,24325,27264,1,FEASIBLE,WORSE
589,2,5,9,25470,28333,0,CAPACITY_EXCEEDED,INVALID
590,2,5,10,24972,27882,1,FEASIBLE,WORSE
591,2,5,11,25501,28397,0,CAPACITY_EXCEEDED,INVALID
592,2,5,12,23969,26843,1,FEASIBLE,WORSE
593,2,5,13,25114,28014,1,FEASIBLE,WORSE
594,2,5,14,24160,27063,1,FEASIBLE,WORSE
595,2,5,15,24016,26856,1,FEASIBLE,WORSE
596,2,5,16,24506,27356,1,FEASIBLE,WORSE
597,2,5,17,25253,28163,1,FEASIBLE,WORSE
598,2,5,18,23893,26807,1,FEASIBLE,WORSE
599,2,5,19,24965,27864,1,FEASIBLE,WORSE
600,2,5,20,25503,28418,0,CAPACITY_EXCEEDED,INVALID
601,2,5,21,24013,26950,1,FEASIBLE,WORSE
602,2,5,22,23854,26730,1,FEASIBLE,WORSE
603,2,5,23,24363,27210,1,FEASIBLE,WORSE
604,2,5,24,24793,27691,1,FEASIBLE,WORSE
605,2,5,25,25500,28336,0,CAPACITY_EXCEEDED,INVALID
606,2,5,26,25504,28429,0,CAPACITY_EXCEEDED,INVALID
607,2,5,27,25145,27991,1,FEASIBLE,WORSE
608,2,5,28,24793,27640,1,FEASIBLE,WORSE
609,2,5,29,24501,27381,1,FEASIBLE,WORSE
610,2,5,30,25334,28191,1,FEASIBLE,WORSE
611,2,5,31,24407,27298,1,FEASIBLE,WORSE
612,2,5,32,25651,28558,0,CAPACITY_EXCEEDED,INVALID
613,2,5,33,24110,26957,1,FEASIBLE,WORSE
614,2,5,34,24498,27362,1,FEASIBLE,WORSE
615,2,5,35,25355,28202,1,FEASIBLE,WORSE
616,2,5,36,25060,27933,1,FEASIBLE,WORSE
617,2,5,37,23766,26611,1,FEASIBLE,WORSE
618,2,5,38,23789,26701,1,FEASIBLE,WORSE
619,2,5,39,25214,28133,1,FEASIBLE,WORSE
620,2,5,40,24054,26932,1,FEASIBLE,WORSE
621,2,5,41,24001,26873,1,FEASIBLE,WORSE
622,2,5,42,23893,26830,1,FEASIBLE,WORSE
623,2,5,43,25676,28605,0,CAPACITY_EXCEEDED,INVALID
624,2,5,44,24670,27621,1,FEASIBLE,WORSE
625,2,5,45,25061,27968,1,FEASIBLE,WORSE
626,2,5,46,25301,28165,1,FEASIBLE,WORSE
627,2,5,47,24394,27304,1,FEASIBLE,WORSE
628,2,5,48,24109,27023,1,FEASIBLE,WORSE
629,2,5,49,24789,27662,1,FEASIBLE,WORSE
630,2,5,50,23818,26727,1,FEASIBLE,WORSE
631,2,5,51,25225,28079,1,FEASIBLE,WORSE
632,2,5,52,24816,27672,1,FEASIBLE,WORSE
633,2,5,53,24036,26942,1,FEASIBLE,WORSE
634,2,5,54,25012,27940,1,FEASIBLE,WORSE
635,2,5,55,24502,27357,1,FEASIBLE,WORSE
636,2,5,56,24215,27124,1,FEASIBLE,WORSE
637,2,5,57,24560,27455,1,FEASIBLE,WORSE
638,2,5,58,24909,27769,1,FEASIBLE,WORSE
639,2,5,59,23833,26701,1,FEASIBLE,WORSE
640,2,5,60,25398,28249,0,CAPACITY_EXCEEDED,INVALID
641,2,5,61,24686,27564,1,FEASIBLE,WORSE
642,2,5,62,23920,26772,1,FEASIBLE,WORSE
643,2,5,63,24681,27526,1,FEASIBLE,WORSE
644,2,5,64,24366,27222,1,FEASIBLE,WORSE
645,2,5,65,25604,28529,0,CAPACITY_EXCEEDED,INVALID
646,2,5,66,24078,26974,1,FEASIBLE,WORSE
647,2,5,67,24392,27268,1,FEASIBLE,WORSE
648,2,5,68,25077,27939,1,FEASIBLE,WORSE
649,2,5,69,24309,27155,1,FEASIBLE,WORSE
650,2,5,70,24572,27425,1,FEASIBLE,WORSE
651,2,5,71,25699,28622,0,CAPACITY_EXCEEDED,INVALID
652,2,5,72,24645,27514,1,FEASIBLE,WORSE
653,2,5,73,25122,28046,1,FEASIBLE,WORSE
654,2,5,74,25446,28336,0,CAPACITY_EXCEEDED,INVALID
655,2,5,75,24301,27193,1,FEASIBLE,WORSE
656,2,5,76,25680,28527,0,CAPACITY_EXCEEDED,INVALID
657,2,5,77,24453,27328,1,FEASIBLE,WORSE
658,2,5,78,23719,26558,1,FEASIBLE,WORSE
659,2,5,79,25592,28484,0,CAPACITY_EXCEEDED,INVALID
660,2,5,80,24028,26875,1,FEASIBLE,WORSE
661,2,5,81,25589,28440,0,CAPACITY_EXCEEDED,INVALID
662,2,5,82,24251,27114,1,FEASIBLE,WORSE
663,2,5,83,25531,28422,0,CAPACITY_EXCEEDED,INVALID
664,2,5,84,23902,26743,1,FEASIBLE,WORSE
665,2,5,85,25216,28137,1,FEASIBLE,WORSE
666,2,5,86,24228,27078,1,FEASIBLE,WORSE
667,2,5,87,25405,28246,0,CAPACITY_EXCEEDED,INVALID
668,2,5,88,25109,27961,1,FEASIBLE,WORSE
669,2,5,89,24613,27482,1,FEASIBLE,WORSE
670,2,5,90,23952,26859,1,FEASIBLE,WORSE
671,2,5,91,24433,27361,1,FEASIBLE,WORSE
672,2,5,92,25187,28028,1,FEASIBLE,WORSE
673,2,5,93,25484,28353,0,CAPACITY_EXCEEDED,INVALID
674,2,5,94,24526,27487,1,FEASIBLE,WORSE
675,2,5,95,24721,27641,1,FEASIBLE,WORSE
676,2,5,96,24575,27411,1,FEASIBLE,WORSE
677,2,5,97,24109,26991,1,FEASIBLE,WORSE
678,2,5,98,24337,27182,1,FEASIBLE,WORSE
679,2,5,99,24442,27337,1,FEASIBLE,WORSE
680,2,6,7,26593,29499,0,CAPACITY_EXCEEDED,INVALID
681,2,6,8,25459,28374,0,CAPACITY_EXCEEDED,INVALID
682,2,6,9,26604,29443,0,CAPACITY_EXCEEDED,INVALID
683,2,6,10,26106,28992,0,CAPACITY_EXCEEDED,INVALID
684,2,6,11,26635,29507,0,CAPACITY_EXCEEDED,INVALID
685,2,6,12,25103,27953,1,FEASIBLE,WORSE
686,2,6,13,26248,29124,0,CAPACITY_EXCEEDED,INVALID
687,2,6,14,25294,28173,1,FEASIBLE,WORSE
688,2,6,15,25150,27966,1,FEASIBLE,WORSE
689,2,6,16,25640,28466,0,CAPACITY_EXCEEDED,INVALID
690,2,6,17,26387,29273,0,CAPACITY_EXCEEDED,INVALID
691,2,6,18,25027,27917,1,FEASIBLE,WORSE
692,2,6,19,26099,28974,0,CAPACITY_EXCEEDED,INVALID
693,2,6,20,26637,29528,0,CAPACITY_EXCEEDED,INVALID
694,2,6,21,25147,28060,1,FEASIBLE,WORSE
695,2,6,22,24988,27840,1,FEASIBLE,WORSE
696,2,6,23,25497,28320,0,CAPACITY_EXCEEDED,INVALID
697,2,6,24,25927,28801,0,CAPACITY_EXCEEDED,INVALID
698,2,6,25,26634,29446,0,CAPACITY_EXCEEDED,INVALID
699,2,6,26,26638,29539,0,CAPACITY_EXCEEDED,INVALID
700,2,6,27,26279,29101,0,CAPACITY_EXCEEDED,INVALID
701,2,6,28,25927,28750,0,CAPACITY_EXCEEDED,INVALID
702,2,6,29,25635,28491,0,CAPACITY_EXCEEDED,INVALID
703,2,6,30,26468,29301,0,CAPACITY_EXCEEDED,INVALID
704,2,6,31,25541,28408,0,CAPACITY_EXCEEDED,INVALID
705,2,6,32,26785,29668,0,CAPACITY_EXCEEDED,INVALID
706,2,6,33,25244,28067,1,FEASIBLE,WORSE
707,2,6,34,25632,28472,0,CAPACITY_EXCEEDED,INVALID
708,2,6,35,26489,29312,0,CAPACITY_EXCEEDED,INVALID
709,2,6,36,26194,29043,0,CAPACITY_EXCEEDED,INVALID
710,2,6,37,24900,27721,1,FEASIBLE,WORSE
711,2,6,38,24923,27811,1,FEASIBLE,WORSE
712,2,6,39,26348,29243,0,CAPACITY_EXCEEDED,INVALID
713,2,6,40,25188,28042,1,FEASIBLE,WORSE
714,2,6,41,25135,27983,1,FEASIBLE,WORSE
715,2,6,42,25027,27940,1,FEASIBLE,WORSE
716,2,6,43,26810,29715,0,CAPACITY_EXCEEDED,INVALID
717,2,6,44,25804,28731,0,CAPACITY_EXCEEDED,INVALID
718,2,6,45,26195,29078,0,CAPACITY_EXCEEDED,INVALID
719,2,6,46,26435,29275,0,CAPACITY_EXCEEDED,INVALID
720,2,6,47,25528,28414,0,CAPACITY_EXCEEDED,INVALID
721,2,6,48,25243,28133,1,FEASIBLE,WORSE
722,2,6,49,25923,28772,0,CAPACITY_EXCEEDED,INVALID
723,2,6,50,24952,27837,1,FEASIBLE,WORSE
724,2,6,51,26359,29189,0,CAPACITY_EXCEEDED,INVALID
725,2,6,52,25950,28782,0,CAPACITY_EXCEEDED,INVALID
726,2,6,53,25170,28052,1,FEASIBLE,WORSE
727,2,6,54,26146,29050,0,CAPACITY_EXCEEDED,INVALID
728,2,6,55,25636,28467,0,CAPACITY_EXCEEDED,INVALID
729,2,6,56,25349,28234,1,FEASIBLE,WORSE
730,2,6,57,25694,28565,0,CAPACITY_EXCEEDED,INVALID
731,2,6,58,26043,28879,0,CAPACITY_EXCEEDED,INVALID
732,2,6,59,24967,27811,1,FEASIBLE,WORSE
733,2,6,60,26532,29359,0,CAPACITY_EXCEEDED,INVALID
734,2,6,61,25820,28674,0,CAPACITY_EXCEEDED,INVALID
735,2,6,62,25054,27882,1,FEASIBLE,WORSE
736,2,6,63,25815,28636,0,CAPACITY_EXCEEDED,INVALID
737,2,6,64,25500,28332,0,CAPACITY_EXCEEDED,INVALID
738,2,6,65,26738,29639,0,CAPACITY_EXCEEDED,INVALID
739,2,6,66,25212,28084,1,FEASIBLE,WORSE
740,2,6,67,25526,28378,0,CAPACITY_EXCEEDED,INVALID
741,2,6,68,26211,29049,0,CAPACITY_EXCEEDED,INVALID
742,2,6,69,25443,28265,0,CAPACITY_EXCEEDED,INVALID
743,2,6,70,25706,28535,0,CAPACITY_EXCEEDED,INVALID
744,2,6,71,26833,29732,0,CAPACITY_EXCEEDED,INVALID
745,2,6,72,25779,28624,0,CAPACITY_EXCEEDED,INVALID
746,2,6,73,26256,29156,0,CAPACITY_EXCEEDED,INVALID
747,2,6,74,26580,29446,0,CAPACITY_EXCEEDED,INVALID
748,2,6,75,25435,28303,0,CAPACITY_EXCEEDED,INVALID
749,2,6,76,26814,29637,0,CAPACITY_EXCEEDED,INVALID
750,2,6,77,25587,28438,0,CAPACITY_EXCEEDED,INVALID
751,2,6,78,24853,27668,1,FEASIBLE,WORSE
752,2,6,79,26726,29594,0,CAPACITY_EXCEEDED,INVALID
753,2,6,80,25162,27985,1,FEASIBLE,WORSE
754,2,6,81,26723,29550,0,CAPACITY_EXCEEDED,INVALID
755,2,6,82,25385,28224,0,CAPACITY_EXCEEDED,INVALID
756,2,6,83,26665,29532,0,CAPACITY_EXCEEDED,INVALID
757,2,6,84,25036,27853,1,FEASIBLE,WORSE
758,2,6,85,26350,29247,0,CAPACITY_EXCEEDED,INVALID
759,2,6,86,25362,28188,1,FEASIBLE,WORSE
760,2,6,87,26539,29356,0,CAPACITY_EXCEEDED,INVALID
761,2,6,88,26243,29071,0,CAPACITY_EXCEEDED,INVALID
762,2,6,89,25747,28592,0,CAPACITY_EXCEEDED,INVALID
763,2,6,90,25086,27969,1,FEASIBLE,WORSE
764,2,6,91,25567,28471,0,CAPACITY_EXCEEDED,INVALID
765,2,6,92,26321,29138,0,CAPACITY_EXCEEDED,INVALID
766,2,6,93,26618,29463,0,CAPACITY_EXCEEDED,INVALID
767,2,6,94,25660,28597,0,CAPACITY_EXCEEDED,INVALID
768,2,6,95,25855,28751,0,CAPACITY_EXCEEDED,INVALID
769,2,6,96,25709,28521,0,CAPACITY_EXCEEDED,INVALID
770,2,6,97,25243,28101,1,FEASIBLE,WORSE
771,2,6,98,25471,28292,0,CAPACITY_EXCEEDED,INVALID
772,2,6,99,25576,28447,0,CAPACITY_EXCEEDED,INVALID
773,2,7,8,25748,28705,0,CAPACITY_EXCEEDED,INVALID
774,2,7,9,26893,29774,0,CAPACITY_EXCEEDED,INVALID
775,2,7,10,26395,29323,0,CAPACITY_EXCEEDED,INVALID
776,2,7,11,26924,29838,0,CAPACITY_EXCEEDED,INVALID
777,2,7,12,25392,28284,0,CAPACITY_EXCEEDED,INVALID
778,2,7,13,26537,29455,0,CAPACITY_EXCEEDED,INVALID
779,2,7,14,25583,28504,0,CAPACITY_EXCEEDED,INVALID
780,2,7,15,25439,28297,0,CAPACITY_EXCEEDED,INVALID
781,2,7,16,25929,28797,0,CAPACITY_EXCEEDED,INVALID
782,2,7,17,26676,29604,0,CAPACITY_EXCEEDED,INVALID
783,2,7,18,25316,28248,1,FEASIBLE,WORSE
784,2,7,19,26388,29305,0,CAPACITY_EXCEEDED,INVALID
785,2,7,20,26926,29859,0,CAPACITY_EXCEEDED,INVALID
786,2,7,21,25436,28391,0,CAPACITY_EXCEEDED,INVALID
787,2,7,22,25277,28171,1,FEASIBLE,WORSE
788,2,7,23,25786,28651,0,CAPACITY_EXCEEDED,INVALID
789,2,7,24,26216,29132,0,CAPACITY_EXCEEDED,INVALID
790,2,7,25,26923,29777,0,CAPACITY_EXCEEDED,INVALID
791,2,7,26,26927,29870,0,CAPACITY_EXCEEDED,INVALID
792,2,7,27,26568,29432,0,CAPACITY_EXCEEDED,INVALID
793,2,7,28,26216,29081,0,CAPACITY_EXCEEDED,INVALID
794,2,7,29,25924,28822,0,CAPACITY_EXCEEDED,INVALID
795,2,7,30,26757,29632,0,CAPACITY_EXCEEDED,INVALID
796,2,7,31,25830,28739,0,CAPACITY_EXCEEDED,INVALID
797,2,7,32,27074,29999,0,CAPACITY_EXCEEDED,INVALID
798,2,7,33,25533,28398,0,CAPACITY_EXCEEDED,INVALID
799,2,7,34,25921,28803,0,CAPACITY_EXCEEDED,INVALID
800,2,7,35,26778,29643,0,CAPACITY_EXCEEDED,INVALID
801,2,7,36,26483,29374,0,CAPACITY_EXCEEDED,INVALID
802,2,7,37,25189,28052,1,FEASIBLE,WORSE
803,2,7,38,25212,28142,1,FEASIBLE,WORSE
804,2,7,39,26637,29574,0,CAPACITY_EXCEEDED,INVALID
805,2,7,40,25477,28373,0,CAPACITY_EXCEEDED,INVALID
806,2,7,41,25424,28314,0,CAPACITY_EXCEEDED,INVALID
807,2,7,42,25316,28271,1,FEASIBLE,WORSE
808,2,7,43,27099,30046,0,CAPACITY_EXCEEDED,INVALID
809,2,7,44,26093,29062,0,CAPACITY_EXCEEDED,INVALID
810,2,7,45,26484,29409,0,CAPACITY_EXCEEDED,INVALID
811,2,7,46,26724,29606,0,CAPACITY_EXCEEDED,INVALID
812,2,7,47,25817,28745,0,CAPACITY_EXCEEDED,INVALID
813,2,7,48,25532,28464,0,CAPACITY_EXCEEDED,INVALID
814,2,7,49,26212,29103,0,CAPACITY_EXCEEDED,INVALID
815,2,7,50,25241,28168,1,FEASIBLE,WORSE
816,2,7,51,26648,29520,0,CAPACITY_EXCEEDED,INVALID
817,2,7,52,26239,29113,0,CAPACITY_EXCEEDED,INVALID
818,2,7,53,25459,28383,0,CAPACITY_EXCEEDED,INVALID
819,2,7,54,26435,29381,0,CAPACITY_EXCEEDED,INVALID
820,2,7,55,25925,28798,0,CAPACITY_EXCEEDED,INVALID
821,2,7,56,25638,28565,0,CAPACITY_EXCEEDED,INVALID
822,2,7,57,25983,28896,0,CAPACITY_EXCEEDED,INVALID
823,2,7,58,26332,29210,0,CAPACITY_EXCEEDED,INVALID
824,2,7,59,25256,28142,1,FEASIBLE,WORSE
825,2,7,60,26821,29690,0,CAPACITY_EXCEEDED,INVALID
826,2,7,61,26109,29005,0,CAPACITY_EXCEEDED,INVALID
827,2,7,62,25343,28213,1,FEASIBLE,WORSE
828,2,7,63,26104,28967,0,CAPACITY_EXCEEDED,INVALID
829,2,7,64,25789,28663,0,CAPACITY_EXCEEDED,INVALID
830,2,7,65,27027,29970,0,CAPACITY_EXCEEDED,INVALID
831,2,7,66,25501,28415,0,CAPACITY_EXCEEDED,INVALID
832,2,7,67,25815,28709,0,CAPACITY_EXCEEDED,INVALID
833,2,7,68,26500,29380,0,CAPACITY_EXCEEDED,INVALID
834,2,7,69,25732,28596,0,CAPACITY_EXCEEDED,INVALID
835,2,7,70,25995,28866,0,CAPACITY_EXCEEDED,INVALID
836,2,7,71,27122,30063,0,CAPACITY_EXCEEDED,INVALID
837,2,7,72,26068,28955,0,CAPACITY_EXCEEDED,INVALID
838,2,7,73,26545,29487,0,CAPACITY_EXCEEDED,INVALID
839,2,7,74,26869,29777,0,CAPACITY_EXCEEDED,INVALID
840,2,7,75,25724,28634,0,CAPACITY_EXCEEDED,INVALID
841,2,7,76,27103,29968,0,CAPACITY_EXCEEDED,INVALID
842,2,7,77,25876,28769,0,CAPACITY_EXCEEDED,INVALID
843,2,7,78,25142,27999,1,FEASIBLE,WORSE
844,2,7,79,27015,29925,0,CAPACITY_EXCEEDED,INVALID
845,2,7,80,25451,28316,0,CAPACITY_EXCEEDED,INVALID
846,2,7,81,27012,29881,0,CAPACITY_EXCEEDED,INVALID
847,2,7,82,25674,28555,0,CAPACITY_EXCEEDED,INVALID
848,2,7,83,26954,29863,0,CAPACITY_EXCEEDED,INVALID
849,2,7,84,25325,28184,1,FEASIBLE,WORSE
850,2,7,85,26639,29578,0,CAPACITY_EXCEEDED,INVALID
851,2,7,86,25651,28519,0,CAPACITY_EXCEEDED,INVALID
852,2,7,87,26828,29687,0,CAPACITY_EXCEEDED,INVALID
853,2,7,88,26532,29402,0,CAPACITY_EXCEEDED,INVALID
854,2,7,89,26036,28923,0,CAPACITY_EXCEEDED,INVALID
855,2,7,90,25375,28300,0,CAPACITY_EXCEEDED,INVALID
856,2,7,91,25856,28802,0,CAPACITY_EXCEEDED,INVALID
857,2,7,92,26610,29469,0,CAPACITY_EXCEEDED,INVALID
858,2,7,93,26907,29794,0,CAPACITY_EXCEEDED,INVALID
859,2,7,94,25949,28928,0,CAPACITY_EXCEEDED,INVALID
860,2,7,95,26144,29082,0,CAPACITY_EXCEEDED,INVALID
861,2,7,96,25998,28852,0,CAPACITY_EXCEEDED,INVALID
862,2,7,97,25532,28432,0,CAPACITY_EXCEEDED,INVALID
863,2,7,98,25760,28623,0,CAPACITY_EXCEEDED,INVALID
864,2,7,99,25865,28778,0,CAPACITY_EXCEEDED,INVALID
865,2,8,9,25759,28649,0,CAPACITY_EXCEEDED,INVALID
866,2,8,10,25261,28198,1,FEASIBLE,WORSE
867,2,8,11,25790,28713,0,CAPACITY_EXCEEDED,INVALID
868,2,8,12,24258,27159,1,FEASIBLE,WORSE
869,2,8,13,25403,28330,0,CAPACITY_EXCEEDED,INVALID
870,2,8,14,24449,27379,1,FEASIBLE,WORSE
871,2,8,15,24305,27172,1,FEASIBLE,WORSE
872,2,8,16,24795,27672,1,FEASIBLE,WORSE
873,2,8,17,25542,28479,0,CAPACITY_EXCEEDED,INVALID
874,2,8,18,24182,27123,1,FEASIBLE,WORSE
875,2,8,19,25254,28180,1,FEASIBLE,WORSE
876,2,8,20,25792,28734,0,CAPACITY_EXCEEDED,INVALID
877,2,8,21,24302,27266,1,FEASIBLE,WORSE
878,2,8,22,24143,27046,1,FEASIBLE,WORSE
879,2,8,23,24652,27526,1,FEASIBLE,WORSE
880,2,8,24,25082,28007,1,FEASIBLE,WORSE
881,2,8,25,25789,28652,0,CAPACITY_EXCEEDED,INVALID
882,2,8,26,25793,28745,0,CAPACITY_EXCEEDED,INVALID
883,2,8,27,25434,28307,0,CAPACITY_EXCEEDED,INVALID
884,2,8,28,25082,27956,1,FEASIBLE,WORSE
885,2,8,29,24790,27697,1,FEASIBLE,WORSE
886,2,8,30,25623,28507,0,CAPACITY_EXCEEDED,INVALID
887,2,8,31,24696,27614,1,FEASIBLE,WORSE
888,2,8,32,25940,28874,0,CAPACITY_EXCEEDED,INVALID
889,2,8,33,24399,27273,1,FEASIBLE,WORSE
890,2,8,34,24787,27678,1,FEASIBLE,WORSE
891,2,8,35,25644,28518,0,CAPACITY_EXCEEDED,INVALID
892,2,8,36,25349,28249,1,FEASIBLE,WORSE
893,2,8,37,24055,26927,1,FEASIBLE,WORSE
894,2,8,38,24078,27017,1,FEASIBLE,WORSE
895,2,8,39,25503,28449,0,CAPACITY_EXCEEDED,INVALID
896,2,8,40,24343,27248,1,FEASIBLE,WORSE
897,2,8,41,24290,27189,1,FEASIBLE,WORSE
898,2,8,42,24182,27146,1,FEASIBLE,WORSE
899,2,8,43,25965,28921,0,CAPACITY_EXCEEDED,INVALID
900,2,8,44,24959,27937,1,FEASIBLE,WORSE
901,2,8,45,25350,28284,1,FEASIBLE,WORSE
902,2,8,46,25590,28481,0,CAPACITY_EXCEEDED,INVALID
903,2,8,47,24683,27620,1,FEASIBLE,WORSE
904,2,8,48,24398,27339,1,FEASIBLE,WORSE
905,2,8,49,25078,27978,1,FEASIBLE,WORSE
906,2,8,50,24107,27043,1,FEASIBLE,WORSE
907,2,8,51,25514,28395,0,CAPACITY_EXCEEDED,INVALID
908,2,8,52,25105,27988,1,FEASIBLE,WORSE
909,2,8,53,24325,27258,1,FEASIBLE,WORSE
910,2,8,54,25301,28256,1,FEASIBLE,WORSE
911,2,8,55,24791,27673,1,FEASIBLE,WORSE
912,2,8,56,24504,27440,1,FEASIBLE,WORSE
913,2,8,57,24849,27771,1,FEASIBLE,WORSE
914,2,8,58,25198,28085,1,FEASIBLE,WORSE
915,2,8,59,24122,27017,1,FEASIBLE,WORSE
916,2,8,60,25687,28565,0,CAPACITY_EXCEEDED,INVALID
917,2,8,61,24975,27880,1,FEASIBLE,WORSE
918,2,8,62,24209,27088,1,FEASIBLE,WORSE
919,2,8,63,24970,27842,1,FEASIBLE,WORSE
920,2,8,64,24655,27538,1,FEASIBLE,WORSE
921,2,8,65,25893,28845,0,CAPACITY_EXCEEDED,INVALID
922,2,8,66,24367,27290,1,FEASIBLE,WORSE
923,2,8,67,24681,27584,1,FEASIBLE,WORSE
924,2,8,68,25366,28255,1,FEASIBLE,WORSE
925,2,8,69,24598,27471,1,FEASIBLE,WORSE
926,2,8,70,24861,27741,1,FEASIBLE,WORSE
927,2,8,71,25988,28938,0,CAPACITY_EXCEEDED,INVALID
928,2,8,72,24934,27830,1,FEASIBLE,WORSE
929,2,8,73,25411,28362,0,CAPACITY_EXCEEDED,INVALID
930,2,8,74,25735,28652,0,CAPACITY_EXCEEDED,INVALID
931,2,8,75,24590,27509,1,FEASIBLE,WORSE
932,2,8,76,25969,28843,0,CAPACITY_EXCEEDED,INVALID
933,2,8,77,24742,27644,1,FEASIBLE,WORSE
934,2,8,78,24008,26874,1,FEASIBLE,WORSE
935,2,8,79,25881,28800,0,CAPACITY_EXCEEDED,INVALID
936,2,8,80,24317,27191,1,FEASIBLE,WORSE
937,2,8,81,25878,28756,0,CAPACITY_EXCEEDED,INVALID
938,2,8,82,24540,27430,1,FEASIBLE,WORSE
939,2,8,83,25820,28738,0,CAPACITY_EXCEEDED,INVALID
940,2,8,84,24191,27059,1,FEASIBLE,WORSE
941,2,8,85,25505,28453,0,CAPACITY_EXCEEDED,INVALID
942,2,8,86,24517,27394,1,FEASIBLE,WORSE
943,2,8,87,25694,28562,0,CAPACITY_EXCEEDED,INVALID
944,2,8,88,25398,28277,0,CAPACITY_EXCEEDED,INVALID
945,2,8,89,24902,27798,1,FEASIBLE,WORSE
946,2,8,90,24241,27175,1,FEASIBLE,WORSE
947,2,8,91,24722,27677,1,FEASIBLE,WORSE
948,2,8,92,25476,28344,0,CAPACITY_EXCEEDED,INVALID
949,2,8,93,25773,28669,0,CAPACITY_EXCEEDED,INVALID
950,2,8,94,24815,27803,1,FEASIBLE,WORSE
951,2,8,95,25010,27957,1,FEASIBLE,WORSE
952,2,8,96,24864,27727,1,FEASIBLE,WORSE
953,2,8,97,24398,27307,1,FEASIBLE,WORSE
954,2,8,98,24626,27498,1,FEASIBLE,WORSE
955,2,8,99,24731,27653,1,FEASIBLE,WORSE
956,2,9,10,26406,29267,0,CAPACITY_EXCEEDED,INVALID
957,2,9,11,26935,29782,0,CAPACITY_EXCEEDED,INVALID
958,2,9,12,25403,28228,0,CAPACITY_EXCEEDED,INVALID
959,2,9,13,26548,29399,0,CAPACITY_EXCEEDED,INVALID
960,2,9,14,25594,28448,0,CAPACITY_EXCEEDED,INVALID
961,2,9,15,25450,28241,0,CAPACITY_EXCEEDED,INVALID
962,2,9,16,25940,28741,0,CAPACITY_EXCEEDED,INVALID
963,2,9,17,26687,29548,0,CAPACITY_EXCEEDED,INVALID
964,2,9,18,25327,28192,1,FEASIBLE,WORSE
965,2,9,19,26399,29249,0,CAPACITY_EXCEEDED,INVALID
966,2,9,20,26937,29803,0,CAPACITY_EXCEEDED,INVALID
967,2,9,21,25447,28335,0,CAPACITY_EXCEEDED,INVALID
968,2,9,22,25288,28115,1,FEASIBLE,WORSE
969,2,9,23,25797,28595,0,CAPACITY_EXCEEDED,INVALID
970,2,9,24,26227,29076,0,CAPACITY_EXCEEDED,INVALID
971,2,9,25,26934,29721,0,CAPACITY_EXCEEDED,INVALID
972,2,9,26,26938,29814,0,CAPACITY_EXCEEDED,INVALID
973,2,9,27,26579,29376,0,CAPACITY_EXCEEDED,INVALID
974,2,9,28,26227,29025,0,CAPACITY_EXCEEDED,INVALID
975,2,9,29,25935,28766,0,CAPACITY_EXCEEDED,INVALID
976,2,9,30,26768,29576,0,CAPACITY_EXCEEDED,INVALID
977,2,9,31,25841,28683,0,CAPACITY_EXCEEDED,INVALID
978,2,9,32,27085,29943,0,CAPACITY_EXCEEDED,INVALID
979,2,9,33,25544,28342,0,CAPACITY_EXCEEDED,INVALID
980,2,9,34,25932,28747,0,CAPACITY_EXCEEDED,INVALID
981,2,9,35,26789,29587,0,CAPACITY_EXCEEDED,INVALID
982,2,9,36,26494,29318,0,CAPACITY_EXCEEDED,INVALID
983,2,9,37,25200,27996,1,FEASIBLE,WORSE
984,2,9,38,25223,28086,1,FEASIBLE,WORSE
985,2,9,39,26648,29518,0,CAPACITY_EXCEEDED,INVALID
986,2,9,40,25488,28317,0,CAPACITY_EXCEEDED,INVALID
987,2,9,41,25435,28258,0,CAPACITY_EXCEEDED,INVALID
988,2,9,42,25327,28215,1,FEASIBLE,WORSE
989,2,9,43,27110,29990,0,CAPACITY_EXCEEDED,INVALID
990,2,9,44,26104,29006,0,CAPACITY_EXCEEDED,INVALID
991,2,9,45,26495,29353,0,CAPACITY_EXCEEDED,INVALID
992,2,9,46,26735,29550,0,CAPACITY_EXCEEDED,INVALID
993,2,9,47,25828,28689,0,CAPACITY_EXCEEDED,INVALID
994,2,9,48,25543,28408,0,CAPACITY_EXCEEDED,INVALID
995,2,9,49,26223,29047,0,CAPACITY_EXCEEDED,INVALID
996,2,9,50,25252,28112,1,FEASIBLE,WORSE
997,2,9,51,26659,29464,0,CAPACITY_EXCEEDED,INVALID
998,2,9,52,26250,29057,0,CAPACITY_EXCEEDED,INVALID
999,2,9,53,25470,28327,0,CAPACITY_EXCEEDED,INVALID
1000,2,9,54,26446,29325,0,CAPACITY_EXCEEDED,INVALID
1001,2,9,55,25936,28742,0,CAPACITY_EXCEEDED,INVALID
1002,2,9,56,25649,28509,0,CAPACITY_EXCEEDED,INVALID
1003,2,9,57,25994,28840,0,CAPACITY_EXCEEDED,INVALID
1004,2,9,58,26343,29154,0,CAPACITY_EXCEEDED,INVALID
1005,2,9,59,25267,28086,1,FEASIBLE,WORSE
1006,2,9,60,26832,29634,0,CAPACITY_EXCEEDED,INVALID
1007,2,9,61,26120,28949,0,CAPACITY_EXCEEDED,INVALID
1008,2,9,62,25354,28157,1,FEASIBLE,WORSE
1009,2,9,63,26115,28911,0,CAPACITY_EXCEEDED,INVALID
1010,2,9,64,25800,28607,0,CAPACITY_EXCEEDED,INVALID
1011,2,9,65,27038,29914,0,CAPACITY_EXCEEDED,INVALID
1012,2,9,66,25512,28359,0,CAPACITY_EXCEEDED,INVALID
1013,2,9,67,25826,28653,0,CAPACITY_EXCEEDED,INVALID
1014,2,9,68,26511,29324,0,CAPACITY_EXCEEDED,INVALID
1015,2,9,69,25743,28540,0,CAPACITY_EXCEEDED,INVALID
1016,2,9,70,26006,28810,0,CAPACITY_EXCEEDED,INVALID
1017,2,9,71,27133,30007,0,CAPACITY_EXCEEDED,INVALID
1018,2,9,72,26079,28899,0,CAPACITY_EXCEEDED,INVALID
1019,2,9,73,26556,29431,0,CAPACITY_EXCEEDED,INVALID
1020,2,9,74,26880,29721,0,CAPACITY_EXCEEDED,INVALID
1021,2,9,75,25735,28578,0,CAPACITY_EXCEEDED,INVALID
1022,2,9,76,27114,29912,0,CAPACITY_EXCEEDED,INVALID
1023,2,9,77,25887,28713,0,CAPACITY_EXCEEDED,INVALID
1024,2,9,78,25153,27943,1,FEASIBLE,WORSE
1025,2,9,79,27026,29869,0,CAPACITY_EXCEEDED,INVALID
1026,2,9,80,25462,28260,0,CAPACITY_EXCEEDED,INVALID
1027,2,9,81,27023,29825,0,CAPACITY_EXCEEDED,INVALID
1028,2,9,82,25685,28499,0,CAPACITY_EXCEEDED,INVALID
1029,2,9,83,26965,29807,0,CAPACITY_EXCEEDED,INVALID
1030,2,9,84,25336,28128,1,FEASIBLE,WORSE
1031,2,9,85,26650,29522,0,CAPACITY_EXCEEDED,INVALID
1032,2,9,86,25662,28463,0,CAPACITY_EXCEEDED,INVALID
1033,2,9,87,26839,29631,0,CAPACITY_EXCEEDED,INVALID
1034,2,9,88,26543,29346,0,CAPACITY_EXCEEDED,INVALID
1035,2,9,89,26047,28867,0,CAPACITY_EXCEEDED,INVALID
1036,2,9,90,25386,28244,0,CAPACITY_EXCEEDED,INVALID
1037,2,9,91,25867,28746,0,CAPACITY_EXCEEDED,INVALID
1038,2,9,92,26621,29413,0,CAPACITY_EXCEEDED,INVALID
1039,2,9,93,26918,29738,0,CAPACITY_EXCEEDED,INVALID
1040,2,9,94,25960,28872,0,CAPACITY_EXCEEDED,INVALID
1041,2,9,95,26155,29026,0,CAPACITY_EXCEEDED,INVALID
1042,2,9,96,26009,28796,0,CAPACITY_EXCEEDED,INVALID
1043,2,9,97,25543,28376,0,CAPACITY_EXCEEDED,INVALID
1044,2,9,98,25771,28567,0,CAPACITY_EXCEEDED,INVALID
1045,2,9,99,25876,28722,0,CAPACITY_EXCEEDED,INVALID
1046,2,10,11,26437,29331,0,CAPACITY_EXCEEDED,INVALID
1047,2,10,12,24905,27777,1,FEASIBLE,WORSE
1048,2,10,13,26050,28948,0,CAPACITY_EXCEEDED,INVALID
1049,2,10,14,25096,27997,1,FEASIBLE,WORSE
1050,2,10,15,24952,27790,1,FEASIBLE,WORSE
1051,2,10,16,25442,28290,0,CAPACITY_EXCEEDED,INVALID
1052,2,10,17,26189,29097,0,CAPACITY_EXCEEDED,INVALID
1053,2,10,18,24829,27741,1,FEASIBLE,WORSE
1054,2,10,19,25901,28798,0,CAPACITY_EXCEEDED,INVALID
1055,2,10,20,26439,29352,0,CAPACITY_EXCEEDED,INVALID
1056,2,10,21,24949,27884,1,FEASIBLE,WORSE
1057,2,10,22,24790,27664,1,FEASIBLE,WORSE
1058,2,10,23,25299,28144,1,FEASIBLE,WORSE
1059,2,10,24,25729,28625,0,CAPACITY_EXCEEDED,INVALID
1060,2,10,25,26436,29270,0,CAPACITY_EXCEEDED,INVALID
1061,2,10,26,26440,29363,0,CAPACITY_EXCEEDED,INVALID
1062,2,10,27,26081,28925,0,CAPACITY_EXCEEDED,INVALID
1063,2,10,28,25729,28574,0,CAPACITY_EXCEEDED,INVALID
1064,2,10,29,25437,28315,0,CAPACITY_EXCEEDED,INVALID
1065,2,10,30,26270,29125,0,CAPACITY_EXCEEDED,INVALID
1066,2,10,31,25343,28232,1,FEASIBLE,WORSE
1067,2,10,32,26587,29492,0,CAPACITY_EXCEEDED,INVALID
1068,2,10,33,25046,27891,1,FEASIBLE,WORSE
1069,2,10,34,25434,28296,0,CAPACITY_EXCEEDED,INVALID
1070,2,10,35,26291,29136,0,CAPACITY_EXCEEDED,INVALID
1071,2,10,36,25996,28867,0,CAPACITY_EXCEEDED,INVALID
1072,2,10,37,24702,27545,1,FEASIBLE,WORSE
1073,2,10,38,24725,27635,1,FEASIBLE,WORSE
1074,2,10,39,26150,29067,0,CAPACITY_EXCEEDED,INVALID
1075,2,10,40,24990,27866,1,FEASIBLE,WORSE
1076,2,10,41,24937,27807,1,FEASIBLE,WORSE
1077,2,10,42,24829,27764,1,FEASIBLE,WORSE
1078,2,10,43,26612,29539,0,CAPACITY_EXCEEDED,INVALID
1079,2,10,44,25606,28555,0,CAPACITY_EXCEEDED,INVALID
1080,2,10,45,25997,28902,0,CAPACITY_EXCEEDED,INVALID
1081,2,10,46,26237,29099,0,CAPACITY_EXCEEDED,INVALID
1082,2,10,47,25330,28238,1,FEASIBLE,WORSE
1083,2,10,48,25045,27957,1,FEASIBLE,WORSE
1084,2,10,49,25725,28596,0,CAPACITY_EXCEEDED,INVALID
1085,2,10,50,24754,27661,1,FEASIBLE,WORSE
1086,2,10,51,26161,29013,0,CAPACITY_EXCEEDED,INVALID
1087,2,10,52,25752,28606,0,CAPACITY_EXCEEDED,INVALID
1088,2,10,53,24972,27876,1,FEASIBLE,WORSE
1089,2,10,54,25948,28874,0,CAPACITY_EXCEEDED,INVALID
1090,2,10,55,25438,28291,0,CAPACITY_EXCEEDED,INVALID
1091,2,10,56,25151,28058,1,FEASIBLE,WORSE
1092,2,10,57,25496,28389,0,CAPACITY_EXCEEDED,INVALID
1093,2,10,58,25845,28703,0,CAPACITY_EXCEEDED,INVALID
1094,2,10,59,24769,27635,1,FEASIBLE,WORSE
1095,2,10,60,26334,29183,0,CAPACITY_EXCEEDED,INVALID
1096,2,10,61,25622,28498,0,CAPACITY_EXCEEDED,INVALID
1097,2,10,62,24856,27706,1,FEASIBLE,WORSE
1098,2,10,63,25617,28460,0,CAPACITY_EXCEEDED,INVALID
1099,2,10,64,25302,28156,1,FEASIBLE,WORSE
1100,2,10,65,26540,29463,0,CAPACITY_EXCEEDED,INVALID
1101,2,10,66,25014,27908,1,FEASIBLE,WORSE
1102,2,10,67,25328,28202,1,FEASIBLE,WORSE
1103,2,10,68,26013,28873,0,CAPACITY_EXCEEDED,INVALID
1104,2,10,69,25245,28089,1,FEASIBLE,WORSE
1105,2,10,70,25508,28359,0,CAPACITY_EXCEEDED,INVALID
1106,2,10,71,26635,29556,0,CAPACITY_EXCEEDED,INVALID
1107,2,10,72,25581,28448,0,CAPACITY_EXCEEDED,INVALID
1108,2,10,73,26058,28980,0,CAPACITY_EXCEEDED,INVALID
1109,2,10,74,26382,29270,0,CAPACITY_EXCEEDED,INVALID
1110,2,10,75,25237,28127,1,FEASIBLE,WORSE
1111,2,10,76,26616,29461,0,CAPACITY_EXCEEDED,INVALID
1112,2,10,77,25389,28262,0,CAPACITY_EXCEEDED,INVALID
1113,2,10,78,24655,27492,1,FEASIBLE,WORSE
1114,2,10,79,26528,29418,0,CAPACITY_EXCEEDED,INVALID
1115,2,10,80,24964,27809,1,FEASIBLE,WORSE
1116,2,10,81,26525,29374,0,CAPACITY_EXCEEDED,INVALID
1117,2,10,82,25187,28048,1,FEASIBLE,WORSE
1118,2,10,83,26467,29356,0,CAPACITY_EXCEEDED,INVALID
1119,2,10,84,24838,27677,1,FEASIBLE,WORSE
1120,2,10,85,26152,29071,0,CAPACITY_EXCEEDED,INVALID
1121,2,10,86,25164,28012,1,FEASIBLE,WORSE
1122,2,10,87,26341,29180,0,CAPACITY_EXCEEDED,INVALID
1123,2,10,88,26045,28895,0,CAPACITY_EXCEEDED,INVALID
1124,2,10,89,25549,28416,0,CAPACITY_EXCEEDED,INVALID
1125,2,10,90,24888,27793,1,FEASIBLE,WORSE
1126,2,10,91,25369,28295,1,FEASIBLE,WORSE
1127,2,10,92,26123,28962,0,CAPACITY_EXCEEDED,INVALID
1128,2,10,93,26420,29287,0,CAPACITY_EXCEEDED,INVALID
1129,2,10,94,25462,28421,0,CAPACITY_EXCEEDED,INVALID
1130,2,10,95,25657,28575,0,CAPACITY_EXCEEDED,INVALID
1131,2,10,96,25511,28345,0,CAPACITY_EXCEEDED,INVALID
1132,2,10,97,25045,27925,1,FEASIBLE,WORSE
1133,2,10,98,25273,28116,1,FEASIBLE,WORSE
1134,2,10,99,25378,28271,0,CAPACITY_EXCEEDED,INVALID
1135,2,11,12,25434,28292,0,CAPACITY_EXCEEDED,INVALID
1136,2,11,13,26579,29463,0,CAPACITY_EXCEEDED,INVALID
1137,2,11,14,25625,28512,0,CAPACITY_EXCEEDED,INVALID
1138,2,11,15,25481,28305,0,CAPACITY_EXCEEDED,INVALID
1139,2,11,16,25971,28805,0,CAPACITY_EXCEEDED,INVALID
1140,2,11,17,26718,29612,0,CAPACITY_EXCEEDED,INVALID
1141,2,11,18,25358,28256,1,FEASIBLE,WORSE
1142,2,11,19,26430,29313,0,CAPACITY_EXCEEDED,INVALID
1143,2,11,20,26968,29867,0,CAPACITY_EXCEEDED,INVALID
1144,2,11,21,25478,28399,0,CAPACITY_EXCEEDED,INVALID
1145,2,11,22,25319,28179,1,FEASIBLE,WORSE
1146,2,11,23,25828,28659,0,CAPACITY_EXCEEDED,INVALID
1147,2,11,24,26258,29140,0,CAPACITY_EXCEEDED,INVALID
1148,2,11,25,26965,29785,0,CAPACITY_EXCEEDED,INVALID
1149,2,11,26,26969,29878,0,CAPACITY_EXCEEDED,INVALID
1150,2,11,27,26610,29440,0,CAPACITY_EXCEEDED,INVALID
1151,2,11,28,26258,29089,0,CAPACITY_EXCEEDED,INVALID
1152,2,11,29,25966,28830,0,CAPACITY_EXCEEDED,INVALID
1153,2,11,30,26799,29640,0,CAPACITY_EXCEEDED,INVALID
1154,2,11,31,25872,28747,0,CAPACITY_EXCEEDED,INVALID
1155,2,11,32,27116,30007,0,CAPACITY_EXCEEDED,INVALID
1156,2,11,33,25575,28406,0,CAPACITY_EXCEEDED,INVALID
1157,2,11,34,25963,28811,0,CAPACITY_EXCEEDED,INVALID
1158,2,11,35,26820,29651,0,CAPACITY_EXCEEDED,INVALID
1159,2,11,36,26525,29382,0,CAPACITY_EXCEEDED,INVALID
1160,2,11,37,25231,28060,1,FEASIBLE,WORSE
1161,2,11,38,25254,28150,1,FEASIBLE,WORSE
1162,2,11,39,26679,29582,0,CAPACITY_EXCEEDED,INVALID
1163,2,11,40,25519,28381,0,CAPACITY_EXCEEDED,INVALID
1164,2,11,41,25466,28322,0,CAPACITY_EXCEEDED,INVALID
1165,2,11,42,25358,28279,1,FEASIBLE,WORSE
1166,2,11,43,27141,30054,0,CAPACITY_EXCEEDED,INVALID
1167,2,11,44,26135,29070,0,CAPACITY_EXCEEDED,INVALID
1168,2,11,45,26526,29417,0,CAPACITY_EXCEEDED,INVALID
1169,2,11,46,26766,29614,0,CAPACITY_EXCEEDED,INVALID
1170,2,11,47,25859,28753,0,CAPACITY_EXCEEDED,INVALID
1171,2,11,48,25574,28472,0,CAPACITY_EXCEEDED,INVALID
1172,2,11,49,26254,29111,0,CAPACITY_EXCEEDED,INVALID
1173,2,11,50,25283,28176,1,FEASIBLE,WORSE
1174,2,11,51,26690,29528,0,CAPACITY_EXCEEDED,INVALID
1175,2,11,52,26281,29121,0,CAPACITY_EXCEEDED,INVALID
1176,2,11,53,25501,28391,0,CAPACITY_EXCEEDED,INVALID
1177,2,11,54,26477,29389,0,CAPACITY_EXCEEDED,INVALID
1178,2,11,55,25967,28806,0,CAPACITY_EXCEEDED,INVALID
1179,2,11,56,25680,28573,0,CAPACITY_EXCEEDED,INVALID
1180,2,11,57,26025,28904,0,CAPACITY_EXCEEDED,INVALID
1181,2,11,58,26374,29218,0,CAPACITY_EXCEEDED,INVALID
1182,2,11,59,25298,28150,1,FEASIBLE,WORSE
1183,2,11,60,26863,29698,0,CAPACITY_EXCEEDED,INVALID
1184,2,11,61,26151,29013,0,CAPACITY_EXCEEDED,INVALID
1185,2,11,62,25385,28221,0,CAPACITY_EXCEEDED,INVALID
1186,2,11,63,26146,28975,0,CAPACITY_EXCEEDED,INVALID
1187,2,11,64,25831,28671,0,CAPACITY_EXCEEDED,INVALID
1188,2,11,65,27069,29978,0,CAPACITY_EXCEEDED,INVALID
1189,2,11,66,25543,28423,0,CAPACITY_EXCEEDED,INVALID
1190,2,11,67,25857,28717,0,CAPACITY_EXCEEDED,INVALID
1191,2,11,68,26542,29388,0,CAPACITY_EXCEEDED,INVALID
1192,2,11,69,25774,28604,0,CAPACITY_EXCEEDED,INVALID
1193,2,11,70,26037,28874,0,CAPACITY_EXCEEDED,INVALID
1194,2,11,71,27164,30071,0,CAPACITY_EXCEEDED,INVALID
1195,2,11,72,26110,28963,0,CAPACITY_EXCEEDED,INVALID
1196,2,11,73,26587,29495,0,CAPACITY_EXCEEDED,INVALID
1197,2,11,74,26911,29785,0,CAPACITY_EXCEEDED,INVALID
1198,2,11,75,25766,28642,0,CAPACITY_EXCEEDED,INVALID
1199,2,11,76,27145,29976,0,CAPACITY_EXCEEDED,INVALID
1200,2,11,77,25918,28777,0,CAPACITY_EXCEEDED,INVALID
1201,2,11,78,25184,28007,1,FEASIBLE,WORSE
1202,2,11,79,27057,29933,0,CAPACITY_EXCEEDED,INVALID
1203,2,11,80,25493,28324,0,CAPACITY_EXCEEDED,INVALID
1204,2,11,81,27054,29889,0,CAPACITY_EXCEEDED,INVALID
1205,2,11,82,25716,28563,0,CAPACITY_EXCEEDED,INVALID
1206,2,11,83,26996,29871,0,CAPACITY_EXCEEDED,INVALID
1207,2,11,84,25367,28192,1,FEASIBLE,WORSE
1208,2,11,85,26681,29586,0,CAPACITY_EXCEEDED,INVALID
1209,2,11,86,25693,28527,0,CAPACITY_EXCEEDED,INVALID
1210,2,11,87,26870,29695,0,CAPACITY_EXCEEDED,INVALID
1211,2,11,88,26574,29410,0,CAPACITY_EXCEEDED,INVALID
1212,2,11,89,26078,28931,0,CAPACITY_EXCEEDED,INVALID
1213,2,11,90,25417,28308,0,CAPACITY_EXCEEDED,INVALID
1214,2,11,91,25898,28810,0,CAPACITY_EXCEEDED,INVALID
1215,2,11,92,26652,29477,0,CAPACITY_EXCEEDED,INVALID
1216,2,11,93,26949,29802,0,CAPACITY_EXCEEDED,INVALID
1217,2,11,94,25991,28936,0,CAPACITY_EXCEEDED,INVALID
1218,2,11,95,26186,29090,0,CAPACITY_EXCEEDED,INVALID
1219,2,11,96,26040,28860,0,CAPACITY_EXCEEDED,INVALID
1220,2,11,97,25574,28440,0,CAPACITY_EXCEEDED,INVALID
1221,2,11,98,25802,28631,0,CAPACITY_EXCEEDED,INVALID
1222,2,11,99,25907,28786,0,CAPACITY_EXCEEDED,INVALID
1223,2,12,13,25047,27909,1,FEASIBLE,WORSE
1224,2,12,14,24093,26958,1,FEASIBLE,WORSE
1225,2,12,15,23949,26751,1,FEASIBLE,WORSE
1226,2,12,16,24439,27251,1,FEASIBLE,WORSE
1227,2,12,17,25186,28058,1,FEASIBLE,WORSE
1228,2,12,18,23826,26702,1,FEASIBLE,WORSE
1229,2,12,19,24898,27759,1,FEASIBLE,WORSE
1230,2,12,20,25436,28313,0,CAPACITY_EXCEEDED,INVALID
1231,2,12,21,23946,26845,1,FEASIBLE,WORSE
1232,2,12,22,23787,26625,1,FEASIBLE,WORSE
1233,2,12,23,24296,27105,1,FEASIBLE,WORSE
1234,2,12,24,24726,27586,1,FEASIBLE,WORSE
1235,2,12,25,25433,28231,0,CAPACITY_EXCEEDED,INVALID
1236,2,12,26,25437,28324,0,CAPACITY_EXCEEDED,INVALID
1237,2,12,27,25078,27886,1,FEASIBLE,WORSE
1238,2,12,28,24726,27535,1,FEASIBLE,WORSE
1239,2,12,29,24434,27276,1,FEASIBLE,WORSE
1240,2,12,30,25267,28086,1,FEASIBLE,WORSE
1241,2,12,31,24340,27193,1,FEASIBLE,WORSE
1242,2,12,32,25584,28453,0,CAPACITY_EXCEEDED,INVALID
1243,2,12,33,24043,26852,1,FEASIBLE,WORSE
1244,2,12,34,24431,27257,1,FEASIBLE,WORSE
1245,2,12,35,25288,28097,1,FEASIBLE,WORSE
1246,2,12,36,24993,27828,1,FEASIBLE,WORSE
1247,2,12,37,23699,26506,1,FEASIBLE,WORSE
1248,2,12,38,23722,26596,1,FEASIBLE,WORSE
1249,2,12,39,25147,28028,1,FEASIBLE,WORSE
1250,2,12,40,23987,26827,1,FEASIBLE,WORSE
1251,2,12,41,23934,26768,1,FEASIBLE,WORSE
1252,2,12,42,23826,26725,1,FEASIBLE,WORSE
1253,2,12,43,25609,28500,0,CAPACITY_EXCEEDED,INVALID
1254,2,12,44,24603,27516,1,FEASIBLE,WORSE
1255,2,12,45,24994,27863,1,FEASIBLE,WORSE
1256,2,12,46,25234,28060,1,FEASIBLE,WORSE
1257,2,12,47,24327,27199,1,FEASIBLE,WORSE
1258,2,12,48,24042,26918,1,FEASIBLE,WORSE
1259,2,12,49,24722,27557,1,FEASIBLE,WORSE
1260,2,12,50,23751,26622,1,FEASIBLE,WORSE
1261,2,12,51,25158,27974,1,FEASIBLE,WORSE
1262,2,12,52,24749,27567,1,FEASIBLE,WORSE
1263,2,12,53,23969,26837,1,FEASIBLE,WORSE
1264,2,12,54,24945,27835,1,FEASIBLE,WORSE
1265,2,12,55,24435,27252,1,FEASIBLE,WORSE
1266,2,12,56,24148,27019,1,FEASIBLE,WORSE
1267,2,12,57,24493,27350,1,FEASIBLE,WORSE
1268,2,12,58,24842,27664,1,FEASIBLE,WORSE
1269,2,12,59,23766,26596,1,FEASIBLE,WORSE
1270,2,12,60,25331,28144,1,FEASIBLE,WORSE
1271,2,12,61,24619,27459,1,FEASIBLE,WORSE
1272,2,12,62,23853,26667,1,FEASIBLE,WORSE
1273,2,12,63,24614,27421,1,FEASIBLE,WORSE
1274,2,12,64,24299,27117,1,FEASIBLE,WORSE
1275,2,12,65,25537,28424,0,CAPACITY_EXCEEDED,INVALID
1276,2,12,66,24011,26869,1,FEASIBLE,WORSE
1277,2,12,67,24325,27163,1,FEASIBLE,WORSE
1278,2,12,68,25010,27834,1,FEASIBLE,WORSE
1279,2,12,69,24242,27050,1,FEASIBLE,WORSE
1280,2,12,70,24505,27320,1,FEASIBLE,WORSE
1281,2,12,71,25632,28517,0,CAPACITY_EXCEEDED,INVALID
1282,2,12,72,24578,27409,1,FEASIBLE,WORSE
1283,2,12,73,25055,27941,1,FEASIBLE,WORSE
1284,2,12,74,25379,28231,0,CAPACITY_EXCEEDED,INVALID
1285,2,12,75,24234,27088,1,FEASIBLE,WORSE
1286,2,12,76,25613,28422,0,CAPACITY_EXCEEDED,INVALID
1287,2,12,77,24386,27223,1,FEASIBLE,WORSE
1288,2,12,78,23652,26453,1,FEASIBLE,WORSE
1289,2,12,79,25525,28379,0,CAPACITY_EXCEEDED,INVALID
1290,2,12,80,23961,26770,1,FEASIBLE,WORSE
1291,2,12,81,25522,28335,0,CAPACITY_EXCEEDED,INVALID
1292,2,12,82,24184,27009,1,FEASIBLE,WORSE
1293,2,12,83,25464,28317,0,CAPACITY_EXCEEDED,INVALID
1294,2,12,84,23835,26638,1,FEASIBLE,WORSE
1295,2,12,85,25149,28032,1,FEASIBLE,WORSE
1296,2,12,86,24161,26973,1,FEASIBLE,WORSE
1297,2,12,87,25338,28141,1,FEASIBLE,WORSE
1298,2,12,88,25042,27856,1,FEASIBLE,WORSE
1299,2,12,89,24546,27377,1,FEASIBLE,WORSE
1300,2,12,90,23885,26754,1,FEASIBLE,WORSE
1301,2,12,91,24366,27256,1,FEASIBLE,WORSE
1302,2,12,92,25120,27923,1,FEASIBLE,WORSE
1303,2,12,93,25417,28248,0,CAPACITY_EXCEEDED,INVALID
1304,2,12,94,24459,27382,1,FEASIBLE,WORSE
1305,2,12,95,24654,27536,1,FEASIBLE,WORSE
1306,2,12,96,24508,27306,1,FEASIBLE,WORSE
1307,2,12,97,24042,26886,1,FEASIBLE,WORSE
1308,2,12,98,24270,27077,1,FEASIBLE,WORSE
1309,2,12,99,24375,27232,1,FEASIBLE,WORSE
1310,2,13,14,25238,28129,1,FEASIBLE,WORSE
1311,2,13,15,25094,27922,1,FEASIBLE,WORSE
1312,2,13,16,25584,28422,0,CAPACITY_EXCEEDED,INVALID
1313,2,13,17,26331,29229,0,CAPACITY_EXCEEDED,INVALID
1314,2,13,18,24971,27873,1,FEASIBLE,WORSE
1315,2,13,19,26043,28930,0,CAPACITY_EXCEEDED,INVALID
1316,2,13,20,26581,29484,0,CAPACITY_EXCEEDED,INVALID
1317,2,13,21,25091,28016,1,FEASIBLE,WORSE
1318,2,13,22,24932,27796,1,FEASIBLE,WORSE
1319,2,13,23,25441,28276,0,CAPACITY_EXCEEDED,INVALID
1320,2,13,24,25871,28757,0,CAPACITY_EXCEEDED,INVALID
1321,2,13,25,26578,29402,0,CAPACITY_EXCEEDED,INVALID
1322,2,13,26,26582,29495,0,CAPACITY_EXCEEDED,INVALID
1323,2,13,27,26223,29057,0,CAPACITY_EXCEEDED,INVALID
1324,2,13,28,25871,28706,0,CAPACITY_EXCEEDED,INVALID
1325,2,13,29,25579,28447,0,CAPACITY_EXCEEDED,INVALID
1326,2,13,30,26412,29257,0,CAPACITY_EXCEEDED,INVALID
1327,2,13,31,25485,28364,0,CAPACITY_EXCEEDED,INVALID
1328,2,13,32,26729,29624,0,CAPACITY_EXCEEDED,INVALID
1329,2,13,33,25188,28023,1,FEASIBLE,WORSE
1330,2,13,34,25576,28428,0,CAPACITY_EXCEEDED,INVALID
1331,2,13,35,26433,29268,0,CAPACITY_EXCEEDED,INVALID
1332,2,13,36,26138,28999,0,CAPACITY_EXCEEDED,INVALID
1333,2,13,37,24844,27677,1,FEASIBLE,WORSE
1334,2,13,38,24867,27767,1,FEASIBLE,WORSE
1335,2,13,39,26292,29199,0,CAPACITY_EXCEEDED,INVALID
1336,2,13,40,25132,27998,1,FEASIBLE,WORSE
1337,2,13,41,25079,27939,1,FEASIBLE,WORSE
1338,2,13,42,24971,27896,1,FEASIBLE,WORSE
1339,2,13,43,26754,29671,0,CAPACITY_EXCEEDED,INVALID
1340,2,13,44,25748,28687,0,CAPACITY_EXCEEDED,INVALID
1341,2,13,45,26139,29034,0,CAPACITY_EXCEEDED,INVALID
1342,2,13,46,26379,29231,0,CAPACITY_EXCEEDED,INVALID
1343,2,13,47,25472,28370,0,CAPACITY_EXCEEDED,INVALID
1344,2,13,48,25187,28089,1,FEASIBLE,WORSE
1345,2,13,49,25867,28728,0,CAPACITY_EXCEEDED,INVALID
1346,2,13,50,24896,27793,1,FEASIBLE,WORSE
1347,2,13,51,26303,29145,0,CAPACITY_EXCEEDED,INVALID
1348,2,13,52,25894,28738,0,CAPACITY_EXCEEDED,INVALID
1349,2,13,53,25114,28008,1,FEASIBLE,WORSE
1350,2,13,54,26090,29006,0,CAPACITY_EXCEEDED,INVALID
1351,2,13,55,25580,28423,0,CAPACITY_EXCEEDED,INVALID
1352,2,13,56,25293,28190,1,FEASIBLE,WORSE
1353,2,13,57,25638,28521,0,CAPACITY_EXCEEDED,INVALID
1354,2,13,58,25987,28835,0,CAPACITY_EXCEEDED,INVALID
1355,2,13,59,24911,27767,1,FEASIBLE,WORSE
1356,2,13,60,26476,29315,0,CAPACITY_EXCEEDED,INVALID
1357,2,13,61,25764,28630,0,CAPACITY_EXCEEDED,INVALID
1358,2,13,62,24998,27838,1,FEASIBLE,WORSE
1359,2,13,63,25759,28592,0,CAPACITY_EXCEEDED,INVALID
1360,2,13,64,25444,28288,0,CAPACITY_EXCEEDED,INVALID
1361,2,13,65,26682,29595,0,CAPACITY_EXCEEDED,INVALID
1362,2,13,66,25156,28040,1,FEASIBLE,WORSE
1363,2,13,67,25470,28334,0,CAPACITY_EXCEEDED,INVALID
1364,2,13,68,26155,29005,0,CAPACITY_EXCEEDED,INVALID
1365,2,13,69,25387,28221,0,CAPACITY_EXCEEDED,INVALID
1366,2,13,70,25650,28491,0,CAPACITY_EXCEEDED,INVALID
1367,2,13,71,26777,29688,0,CAPACITY_EXCEEDED,INVALID
1368,2,13,72,25723,28580,0,CAPACITY_EXCEEDED,INVALID
1369,2,13,73,26200,29112,0,CAPACITY_EXCEEDED,INVALID
1370,2,13,74,26524,29402,0,CAPACITY_EXCEEDED,INVALID
1371,2,13,75,25379,28259,0,CAPACITY_EXCEEDED,INVALID
1372,2,13,76,26758,29593,0,CAPACITY_EXCEEDED,INVALID
1373,2,13,77,25531,28394,0,CAPACITY_EXCEEDED,INVALID
1374,2,13,78,24797,27624,1,FEASIBLE,WORSE
1375,2,13,79,26670,29550,0,CAPACITY_EXCEEDED,INVALID
1376,2,13,80,25106,27941,1,FEASIBLE,WORSE
1377,2,13,81,26667,29506,0,CAPACITY_EXCEEDED,INVALID
1378,2,13,82,25329,28180,1,FEASIBLE,WORSE
1379,2,13,83,26609,29488,0,CAPACITY_EXCEEDED,INVALID
1380,2,13,84,24980,27809,1,FEASIBLE,WORSE
1381,2,13,85,26294,29203,0,CAPACITY_EXCEEDED,INVALID
1382,2,13,86,25306,28144,1,FEASIBLE,WORSE
1383,2,13,87,26483,29312,0,CAPACITY_EXCEEDED,INVALID
1384,2,13,88,26187,29027,0,CAPACITY_EXCEEDED,INVALID
1385,2,13,89,25691,28548,0,CAPACITY_EXCEEDED,INVALID
1386,2,13,90,25030,27925,1,FEASIBLE,WORSE
1387,2,13,91,25511,28427,0,CAPACITY_EXCEEDED,INVALID
1388,2,13,92,26265,29094,0,CAPACITY_EXCEEDED,INVALID
1389,2,13,93,26562,29419,0,CAPACITY_EXCEEDED,INVALID
1390,2,13,94,25604,28553,0,CAPACITY_EXCEEDED,INVALID
1391,2,13,95,25799,28707,0,CAPACITY_EXCEEDED,INVALID
1392,2,13,96,25653,28477,0,CAPACITY_EXCEEDED,INVALID
1393,2,13,97,25187,28057,1,FEASIBLE,WORSE
1394,2,13,98,25415,28248,0,CAPACITY_EXCEEDED,INVALID
1395,2,13,99,25520,28403,0,CAPACITY_EXCEEDED,INVALID
1396,2,14,15,24140,26971,1,FEASIBLE,WORSE
1397,2,14,16,24630,27471,1,FEASIBLE,WORSE
1398,2,14,17,25377,28278,0,CAPACITY_EXCEEDED,INVALID
1399,2,14,18,24017,26922,1,FEASIBLE,WORSE
1400,2,14,19,25089,27979,1,FEASIBLE,WORSE
1401,2,14,20,25627,28533,0,CAPACITY_EXCEEDED,INVALID
1402,2,14,21,24137,27065,1,FEASIBLE,WORSE
1403,2,14,22,23978,26845,1,FEASIBLE,WORSE
1404,2,14,23,24487,27325,1,FEASIBLE,WORSE
1405,2,14,24,24917,27806,1,FEASIBLE,WORSE
1406,2,14,25,25624,28451,0,CAPACITY_EXCEEDED,INVALID
1407,2,14,26,25628,28544,0,CAPACITY_EXCEEDED,INVALID
1408,2,14,27,25269,28106,1,FEASIBLE,WORSE
1409,2,14,28,24917,27755,1,FEASIBLE,WORSE
1410,2,14,29,24625,27496,1,FEASIBLE,WORSE
1411,2,14,30,25458,28306,0,CAPACITY_EXCEEDED,INVALID
1412,2,14,31,24531,27413,1,FEASIBLE,WORSE
1413,2,14,32,25775,28673,0,CAPACITY_EXCEEDED,INVALID
1414,2,14,33,24234,27072,1,FEASIBLE,WORSE
1415,2,14,34,24622,27477,1,FEASIBLE,WORSE
1416,2,14,35,25479,28317,0,CAPACITY_EXCEEDED,INVALID
1417,2,14,36,25184,28048,1,FEASIBLE,WORSE
1418,2,14,37,23890,26726,1,FEASIBLE,WORSE
1419,2,14,38,23913,26816,1,FEASIBLE,WORSE
1420,2,14,39,25338,28248,1,FEASIBLE,WORSE
1421,2,14,40,24178,27047,1,FEASIBLE,WORSE
1422,2,14,41,24125,26988,1,FEASIBLE,WORSE
1423,2,14,42,24017,26945,1,FEASIBLE,WORSE
1424,2,14,43,25800,28720,0,CAPACITY_EXCEEDED,INVALID
1425,2,14,44,24794,27736,1,FEASIBLE,WORSE
1426,2,14,45,25185,28083,1,FEASIBLE,WORSE
1427,2,14,46,25425,28280,0,CAPACITY_EXCEEDED,INVALID
1428,2,14,47,24518,27419,1,FEASIBLE,WORSE
1429,2,14,48,24233,27138,1,FEASIBLE,WORSE
1430,2,14,49,24913,27777,1,FEASIBLE,WORSE
1431,2,14,50,23942,26842,1,FEASIBLE,WORSE
1432,2,14,51,25349,28194,1,FEASIBLE,WORSE
1433,2,14,52,24940,27787,1,FEASIBLE,WORSE
1434,2,14,53,24160,27057,1,FEASIBLE,WORSE
1435,2,14,54,25136,28055,1,FEASIBLE,WORSE
1436,2,14,55,24626,27472,1,FEASIBLE,WORSE
1437,2,14,56,24339,27239,1,FEASIBLE,WORSE
1438,2,14,57,24684,27570,1,FEASIBLE,WORSE
1439,2,14,58,25033,27884,1,FEASIBLE,WORSE
1440,2,14,59,23957,26816,1,FEASIBLE,WORSE
1441,2,14,60,25522,28364,0,CAPACITY_EXCEEDED,INVALID
1442,2,14,61,24810,27679,1,FEASIBLE,WORSE
1443,2,14,62,24044,26887,1,FEASIBLE,WORSE
1444,2,14,63,24805,27641,1,FEASIBLE,WORSE
1445,2,14,64,24490,27337,1,FEASIBLE,WORSE
1446,2,14,65,25728,28644,0,CAPACITY_EXCEEDED,INVALID
1447,2,14,66,24202,27089,1,FEASIBLE,WORSE
1448,2,14,67,24516,27383,1,FEASIBLE,WORSE
1449,2,14,68,25201,28054,1,FEASIBLE,WORSE
1450,2,14,69,24433,27270,1,FEASIBLE,WORSE
1451,2,14,70,24696,27540,1,FEASIBLE,WORSE
1452,2,14,71,25823,28737,0,CAPACITY_EXCEEDED,INVALID
1453,2,14,72,24769,27629,1,FEASIBLE,WORSE
1454,2,14,73,25246,28161,1,FEASIBLE,WORSE
1455,2,14,74,25570,28451,0,CAPACITY_EXCEEDED,INVALID
1456,2,14,75,24425,27308,1,FEASIBLE,WORSE
1457,2,14,76,25804,28642,0,CAPACITY_EXCEEDED,INVALID
1458,2,14,77,24577,27443,1,FEASIBLE,WORSE
1459,2,14,78,23843,26673,1,FEASIBLE,WORSE
1460,2,14,79,25716,28599,0,CAPACITY_EXCEEDED,INVALID
1461,2,14,80,24152,26990,1,FEASIBLE,WORSE
1462,2,14,81,25713,28555,0,CAPACITY_EXCEEDED,INVALID
1463,2,14,82,24375,27229,1,FEASIBLE,WORSE
1464,2,14,83,25655,28537,0,CAPACITY_EXCEEDED,INVALID
1465,2,14,84,24026,26858,1,FEASIBLE,WORSE
1466,2,14,85,25340,28252,1,FEASIBLE,WORSE
1467,2,14,86,24352,27193,1,FEASIBLE,WORSE
1468,2,14,87,25529,28361,0,CAPACITY_EXCEEDED,INVALID
1469,2,14,88,25233,28076,1,FEASIBLE,WORSE
1470,2,14,89,24737,27597,1,FEASIBLE,WORSE
1471,2,14,90,24076,26974,1,FEASIBLE,WORSE
1472,2,14,91,24557,27476,1,FEASIBLE,WORSE
1473,2,14,92,25311,28143,1,FEASIBLE,WORSE
1474,2,14,93,25608,28468,0,CAPACITY_EXCEEDED,INVALID
1475,2,14,94,24650,27602,1,FEASIBLE,WORSE
1476,2,14,95,24845,27756,1,FEASIBLE,WORSE
1477,2,14,96,24699,27526,1,FEASIBLE,WORSE
1478,2,14,97,24233,27106,1,FEASIBLE,WORSE
1479,2,14,98,24461,27297,1,FEASIBLE,WORSE
1480,2,14,99,24566,27452,1,FEASIBLE,WORSE
1481,2,15,16,24486,27264,1,FEASIBLE,WORSE
1482,2,15,17,25233,28071,1,FEASIBLE,WORSE
1483,2,15,18,23873,26715,1,FEASIBLE,WORSE
1484,2,15,19,24945,27772,1,FEASIBLE,WORSE
1485,2,15,20,25483,28326,0,CAPACITY_EXCEEDED,INVALID
1486,2,15,21,23993,26858,1,FEASIBLE,WORSE
1487,2,15,22,23834,26638,1,FEASIBLE,WORSE
1488,2,15,23,24343,27118,1,FEASIBLE,WORSE
1489,2,15,24,24773,27599,1,FEASIBLE,WORSE
1490,2,15,25,25480,28244,0,CAPACITY_EXCEEDED,INVALID
1491,2,15,26,25484,28337,0,CAPACITY_EXCEEDED,INVALID
1492,2,15,27,25125,27899,1,FEASIBLE,WORSE
1493,2,15,28,24773,27548,1,FEASIBLE,WORSE
1494,2,15,29,24481,27289,1,FEASIBLE,WORSE
1495,2,15,30,25314,28099,1,FEASIBLE,WORSE
1496,2,15,31,24387,27206,1,FEASIBLE,WORSE
1497,2,15,32,25631,28466,0,CAPACITY_EXCEEDED,INVALID
1498,2,15,33,24090,26865,1,FEASIBLE,WORSE
1499,2,15,34,24478,27270,1,FEASIBLE,WORSE
1500,2,15,35,25335,28110,1,FEASIBLE,WORSE
1501,2,15,36,25040,27841,1,FEASIBLE,WORSE
1502,2,15,37,23746,26519,1,FEASIBLE,WORSE
1503,2,15,38,23769,26609,1,FEASIBLE,WORSE
1504,2,15,39,25194,28041,1,FEASIBLE,WORSE
1505,2,15,40,24034,26840,1,FEASIBLE,WORSE
1506,2,15,41,23981,26781,1,FEASIBLE,WORSE
1507,2,15,42,23873,26738,1,FEASIBLE,WORSE
1508,2,15,43,25656,28513,0,CAPACITY_EXCEEDED,INVALID
1509,2,15,44,24650,27529,1,FEASIBLE,WORSE
1510,2,15,45,25041,27876,1,FEASIBLE,WORSE
1511,2,15,46,25281,28073,1,FEASIBLE,WORSE
1512,2,15,47,24374,27212,1,FEASIBLE,WORSE
1513,2,15,48,24089,26931,1,FEASIBLE,WORSE
1514,2,15,49,24769,27570,1,FEASIBLE,WORSE
1515,2,15,50,23798,26635,1,FEASIBLE,WORSE
1516,2,15,51,25205,27987,1,FEASIBLE,WORSE
1517,2,15,52,24796,27580,1,FEASIBLE,WORSE
1518,2,15,53,24016,26850,1,FEASIBLE,WORSE
1519,2,15,54,24992,27848,1,FEASIBLE,WORSE
1520,2,15,55,24482,27265,1,FEASIBLE,WORSE
1521,2,15,56,24195,27032,1,FEASIBLE,WORSE
1522,2,15,57,24540,27363,1,FEASIBLE,WORSE
1523,2,15,58,24889,27677,1,FEASIBLE,WORSE
1524,2,15,59,23813,26609,1,FEASIBLE,WORSE
1525,2,15,60,25378,28157,0,CAPACITY_EXCEEDED,INVALID
1526,2,15,61,24666,27472,1,FEASIBLE,WORSE
1527,2,15,62,23900,26680,1,FEASIBLE,WORSE
1528,2,15,63,24661,27434,1,FEASIBLE,WORSE
1529,2,15,64,24346,27130,1,FEASIBLE,WORSE
1530,2,15,65,25584,28437,0,CAPACITY_EXCEEDED,INVALID
1531,2,15,66,24058,26882,1,FEASIBLE,WORSE
1532,2,15,67,24372,27176,1,FEASIBLE,WORSE
1533,2,15,68,25057,27847,1,FEASIBLE,WORSE
1534,2,15,69,24289,27063,1,FEASIBLE,WORSE
1535,2,15,70,24552,27333,1,FEASIBLE,WORSE
1536,2,15,71,25679,28530,0,CAPACITY_EXCEEDED,INVALID
1537,2,15,72,24625,27422,1,FEASIBLE,WORSE
1538,2,15,73,25102,27954,1,FEASIBLE,WORSE
1539,2,15,74,25426,28244,0,CAPACITY_EXCEEDED,INVALID
1540,2,15,75,24281,27101,1,FEASIBLE,WORSE
1541,2,15,76,25660,28435,0,CAPACITY_EXCEEDED,INVALID
1542,2,15,77,24433,27236,1,FEASIBLE,WORSE
1543,2,15,78,23699,26466,1,FEASIBLE,WORSE
1544,2,15,79,25572,28392,0,CAPACITY_EXCEEDED,INVALID
1545,2,15,80,24008,26783,1,FEASIBLE,WORSE
1546,2,15,81,25569,28348,0,CAPACITY_EXCEEDED,INVALID
1547,2,15,82,24231,27022,1,FEASIBLE,WORSE
1548,2,15,83,25511,28330,0,CAPACITY_EXCEEDED,INVALID
1549,2,15,84,23882,26651,1,FEASIBLE,WORSE
1550,2,15,85,25196,28045,1,FEASIBLE,WORSE
1551,2,15,86,24208,26986,1,FEASIBLE,WORSE
1552,2,15,87,25385,28154,0,CAPACITY_EXCEEDED,INVALID
1553,2,15,88,25089,27869,1,FEASIBLE,WORSE
1554,2,15,89,24593,27390,1,FEASIBLE,WORSE
1555,2,15,90,23932,26767,1,FEASIBLE,WORSE
1556,2,15,91,24413,27269,1,FEASIBLE,WORSE
1557,2,15,92,25167,27936,1,FEASIBLE,WORSE
1558,2,15,93,25464,28261,0,CAPACITY_EXCEEDED,INVALID
1559,2,15,94,24506,27395,1,FEASIBLE,WORSE
1560,2,15,95,24701,27549,1,FEASIBLE,WORSE
1561,2,15,96,24555,27319,1,FEASIBLE,WORSE
1562,2,15,97,24089,26899,1,FEASIBLE,WORSE
1563,2,15,98,24317,27090,1,FEASIBLE,WORSE
1564,2,15,99,24422,27245,1,FEASIBLE,WORSE
1565,2,16,17,25723,28571,0,CAPACITY_EXCEEDED,INVALID
1566,2,16,18,24363,27215,1,FEASIBLE,WORSE
1567,2,16,19,25435,28272,0,CAPACITY_EXCEEDED,INVALID
1568,2,16,20,25973,28826,0,CAPACITY_EXCEEDED,INVALID
1569,2,16,21,24483,27358,1,FEASIBLE,WORSE
1570,2,16,22,24324,27138,1,FEASIBLE,WORSE
1571,2,16,23,24833,27618,1,FEASIBLE,WORSE
1572,2,16,24,25263,28099,1,FEASIBLE,WORSE
1573,2,16,25,25970,28744,0,CAPACITY_EXCEEDED,INVALID
1574,2,16,26,25974,28837,0,CAPACITY_EXCEEDED,INVALID
1575,2,16,27,25615,28399,0,CAPACITY_EXCEEDED,INVALID
1576,2,16,28,25263,28048,1,FEASIBLE,WORSE
1577,2,16,29,24971,27789,1,FEASIBLE,WORSE
1578,2,16,30,25804,28599,0,CAPACITY_EXCEEDED,INVALID
1579,2,16,31,24877,27706,1,FEASIBLE,WORSE
1580,2,16,32,26121,28966,0,CAPACITY_EXCEEDED,INVALID
1581,2,16,33,24580,27365,1,FEASIBLE,WORSE
1582,2,16,34,24968,27770,1,FEASIBLE,WORSE
1583,2,16,35,25825,28610,0,CAPACITY_EXCEEDED,INVALID
1584,2,16,36,25530,28341,0,CAPACITY_EXCEEDED,INVALID
1585,2,16,37,24236,27019,1,FEASIBLE,WORSE
1586,2,16,38,24259,27109,1,FEASIBLE,WORSE
1587,2,16,39,25684,28541,0,CAPACITY_EXCEEDED,INVALID
1588,2,16,40,24524,27340,1,FEASIBLE,WORSE
1589,2,16,41,24471,27281,1,FEASIBLE,WORSE
1590,2,16,42,24363,27238,1,FEASIBLE,WORSE
1591,2,16,43,26146,29013,0,CAPACITY_EXCEEDED,INVALID
1592,2,16,44,25140,28029,1,FEASIBLE,WORSE
1593,2,16,45,25531,28376,0,CAPACITY_EXCEEDED,INVALID
1594,2,16,46,25771,28573,0,CAPACITY_EXCEEDED,INVALID
1595,2,16,47,24864,27712,1,FEASIBLE,WORSE
1596,2,16,48,24579,27431,1,FEASIBLE,WORSE
1597,2,16,49,25259,28070,1,FEASIBLE,WORSE
1598,2,16,50,24288,27135,1,FEASIBLE,WORSE
1599,2,16,51,25695,28487,0,CAPACITY_EXCEEDED,INVALID
1600,2,16,52,25286,28080,1,FEASIBLE,WORSE
1601,2,16,53,24506,27350,1,FEASIBLE,WORSE
1602,2,16,54,25482,28348,0,CAPACITY_EXCEEDED,INVALID
1603,2,16,55,24972,27765,1,FEASIBLE,WORSE
1604,2,16,56,24685,27532,1,FEASIBLE,WORSE
1605,2,16,57,25030,27863,1,FEASIBLE,WORSE
1606,2,16,58,25379,28177,0,CAPACITY_EXCEEDED,INVALID
1607,2,16,59,24303,27109,1,FEASIBLE,WORSE
1608,2,16,60,25868,28657,0,CAPACITY_EXCEEDED,INVALID
1609,2,16,61,25156,27972,1,FEASIBLE,WORSE
1610,2,16,62,24390,27180,1,FEASIBLE,WORSE
1611,2,16,63,25151,27934,1,FEASIBLE,WORSE
1612,2,16,64,24836,27630,1,FEASIBLE,WORSE
1613,2,16,65,26074,28937,0,CAPACITY_EXCEEDED,INVALID
1614,2,16,66,24548,27382,1,FEASIBLE,WORSE
1615,2,16,67,24862,27676,1,FEASIBLE,WORSE
1616,2,16,68,25547,28347,0,CAPACITY_EXCEEDED,INVALID
1617,2,16,69,24779,27563,1,FEASIBLE,WORSE
1618,2,16,70,25042,27833,1,FEASIBLE,WORSE
1619,2,16,71,26169,29030,0,CAPACITY_EXCEEDED,INVALID
1620,2,16,72,25115,27922,1,FEASIBLE,WORSE
1621,2,16,73,25592,28454,0,CAPACITY_EXCEEDED,INVALID
1622,2,16,74,25916,28744,0,CAPACITY_EXCEEDED,INVALID
1623,2,16,75,24771,27601,1,FEASIBLE,WORSE
1624,2,16,76,26150,28935,0,CAPACITY_EXCEEDED,INVALID
1625,2,16,77,24923,27736,1,FEASIBLE,WORSE
1626,2,16,78,24189,26966,1,FEASIBLE,WORSE
1627,2,16,79,26062,28892,0,CAPACITY_EXCEEDED,INVALID
1628,2,16,80,24498,27283,1,FEASIBLE,WORSE
1629,2,16,81,26059,28848,0,CAPACITY_EXCEEDED,INVALID
1630,2,16,82,24721,27522,1,FEASIBLE,WORSE
1631,2,16,83,26001,28830,0,CAPACITY_EXCEEDED,INVALID
1632,2,16,84,24372,27151,1,FEASIBLE,WORSE
1633,2,16,85,25686,28545,0,CAPACITY_EXCEEDED,INVALID
1634,2,16,86,24698,27486,1,FEASIBLE,WORSE
1635,2,16,87,25875,28654,0,CAPACITY_EXCEEDED,INVALID
1636,2,16,88,25579,28369,0,CAPACITY_EXCEEDED,INVALID
1637,2,16,89,25083,27890,1,FEASIBLE,WORSE
1638,2,16,90,24422,27267,1,FEASIBLE,WORSE
1639,2,16,91,24903,27769,1,FEASIBLE,WORSE
1640,2,16,92,25657,28436,0,CAPACITY_EXCEEDED,INVALID
1641,2,16,93,25954,28761,0,CAPACITY_EXCEEDED,INVALID
1642,2,16,94,24996,27895,1,FEASIBLE,WORSE
1643,2,16,95,25191,28049,1,FEASIBLE,WORSE
1644,2,16,96,25045,27819,1,FEASIBLE,WORSE
1645,2,16,97,24579,27399,1,FEASIBLE,WORSE
1646,2,16,98,24807,27590,1,FEASIBLE,WORSE
1647,2,16,99,24912,27745,1,FEASIBLE,WORSE
1648,2,17,18,25110,28022,1,FEASIBLE,WORSE
1649,2,17,19,26182,29079,0,CAPACITY_EXCEEDED,INVALID
1650,2,17,20,26720,29633,0,CAPACITY_EXCEEDED,INVALID
1651,2,17,21,25230,28165,1,FEASIBLE,WORSE
1652,2,17,22,25071,27945,1,FEASIBLE,WORSE
1653,2,17,23,25580,28425,0,CAPACITY_EXCEEDED,INVALID
1654,2,17,24,26010,28906,0,CAPACITY_EXCEEDED,INVALID
1655,2,17,25,26717,29551,0,CAPACITY_EXCEEDED,INVALID
1656,2,17,26,26721,29644,0,CAPACITY_EXCEEDED,INVALID
1657,2,17,27,26362,29206,0,CAPACITY_EXCEEDED,INVALID
1658,2,17,28,26010,28855,0,CAPACITY_EXCEEDED,INVALID
1659,2,17,29,25718,28596,0,CAPACITY_EXCEEDED,INVALID
1660,2,17,30,26551,29406,0,CAPACITY_EXCEEDED,INVALID
1661,2,17,31,25624,28513,0,CAPACITY_EXCEEDED,INVALID
1662,2,17,32,26868,29773,0,CAPACITY_EXCEEDED,INVALID
1663,2,17,33,25327,28172,1,FEASIBLE,WORSE
1664,2,17,34,25715,28577,0,CAPACITY_EXCEEDED,INVALID
1665,2,17,35,26572,29417,0,CAPACITY_EXCEEDED,INVALID
1666,2,17,36,26277,29148,0,CAPACITY_EXCEEDED,INVALID
1667,2,17,37,24983,27826,1,FEASIBLE,WORSE
1668,2,17,38,25006,27916,1,FEASIBLE,WORSE
1669,2,17,39,26431,29348,0,CAPACITY_EXCEEDED,INVALID
1670,2,17,40,25271,28147,1,FEASIBLE,WORSE
1671,2,17,41,25218,28088,1,FEASIBLE,WORSE
1672,2,17,42,25110,28045,1,FEASIBLE,WORSE
1673,2,17,43,26893,29820,0,CAPACITY_EXCEEDED,INVALID
1674,2,17,44,25887,28836,0,CAPACITY_EXCEEDED,INVALID
1675,2,17,45,26278,29183,0,CAPACITY_EXCEEDED,INVALID
1676,2,17,46,26518,29380,0,CAPACITY_EXCEEDED,INVALID
1677,2,17,47,25611,28519,0,CAPACITY_EXCEEDED,INVALID
1678,2,17,48,25326,28238,1,FEASIBLE,WORSE
1679,2,17,49,26006,28877,0,CAPACITY_EXCEEDED,INVALID
1680,2,17,50,25035,27942,1,FEASIBLE,WORSE
1681,2,17,51,26442,29294,0,CAPACITY_EXCEEDED,INVALID
1682,2,17,52,26033,28887,0,CAPACITY_EXCEEDED,INVALID
1683,2,17,53,25253,28157,1,FEASIBLE,WORSE
1684,2,17,54,26229,29155,0,CAPACITY_EXCEEDED,INVALID
1685,2,17,55,25719,28572,0,CAPACITY_EXCEEDED,INVALID
1686,2,17,56,25432,28339,0,CAPACITY_EXCEEDED,INVALID
1687,2,17,57,25777,28670,0,CAPACITY_EXCEEDED,INVALID
1688,2,17,58,26126,28984,0,CAPACITY_EXCEEDED,INVALID
1689,2,17,59,25050,27916,1,FEASIBLE,WORSE
1690,2,17,60,26615,29464,0,CAPACITY_EXCEEDED,INVALID
1691,2,17,61,25903,28779,0,CAPACITY_EXCEEDED,INVALID
1692,2,17,62,25137,27987,1,FEASIBLE,WORSE
1693,2,17,63,25898,28741,0,CAPACITY_EXCEEDED,INVALID
1694,2,17,64,25583,28437,0,CAPACITY_EXCEEDED,INVALID
1695,2,17,65,26821,29744,0,CAPACITY_EXCEEDED,INVALID
1696,2,17,66,25295,28189,1,FEASIBLE,WORSE
1697,2,17,67,25609,28483,0,CAPACITY_EXCEEDED,INVALID
1698,2,17,68,26294,29154,0,CAPACITY_EXCEEDED,INVALID
1699,2,17,69,25526,28370,0,CAPACITY_EXCEEDED,INVALID
1700,2,17,70,25789,28640,0,CAPACITY_EXCEEDED,INVALID
1701,2,17,71,26916,29837,0,CAPACITY_EXCEEDED,INVALID
1702,2,17,72,25862,28729,0,CAPACITY_EXCEEDED,INVALID
1703,2,17,73,26339,29261,0,CAPACITY_EXCEEDED,INVALID
1704,2,17,74,26663,29551,0,CAPACITY_EXCEEDED,INVALID
1705,2,17,75,25518,28408,0,CAPACITY_EXCEEDED,INVALID
1706,2,17,76,26897,29742,0,CAPACITY_EXCEEDED,INVALID
1707,2,17,77,25670,28543,0,CAPACITY_EXCEEDED,INVALID
1708,2,17,78,24936,27773,1,FEASIBLE,WORSE
1709,2,17,79,26809,29699,0,CAPACITY_EXCEEDED,INVALID
1710,2,17,80,25245,28090,1,FEASIBLE,WORSE
1711,2,17,81,26806,29655,0,CAPACITY_EXCEEDED,INVALID
1712,2,17,82,25468,28329,0,CAPACITY_EXCEEDED,INVALID
1713,2,17,83,26748,29637,0,CAPACITY_EXCEEDED,INVALID
1714,2,17,84,25119,27958,1,FEASIBLE,WORSE
1715,2,17,85,26433,29352,0,CAPACITY_EXCEEDED,INVALID
1716,2,17,86,25445,28293,0,CAPACITY_EXCEEDED,INVALID
1717,2,17,87,26622,29461,0,CAPACITY_EXCEEDED,INVALID
1718,2,17,88,26326,29176,0,CAPACITY_EXCEEDED,INVALID
1719,2,17,89,25830,28697,0,CAPACITY_EXCEEDED,INVALID
1720,2,17,90,25169,28074,1,FEASIBLE,WORSE
1721,2,17,91,25650,28576,0,CAPACITY_EXCEEDED,INVALID
1722,2,17,92,26404,29243,0,CAPACITY_EXCEEDED,INVALID
1723,2,17,93,26701,29568,0,CAPACITY_EXCEEDED,INVALID
1724,2,17,94,25743,28702,0,CAPACITY_EXCEEDED,INVALID
1725,2,17,95,25938,28856,0,CAPACITY_EXCEEDED,INVALID
1726,2,17,96,25792,28626,0,CAPACITY_EXCEEDED,INVALID
1727,2,17,97,25326,28206,1,FEASIBLE,WORSE
1728,2,17,98,25554,28397,0,CAPACITY_EXCEEDED,INVALID
1729,2,17,99,25659,28552,0,CAPACITY_EXCEEDED,INVALID
1730,2,18,19,24822,27723,1,FEASIBLE,WORSE
1731,2,18,20,25360,28277,1,FEASIBLE,WORSE
1732,2,18,21,23870,26809,1,FEASIBLE,WORSE
1733,2,18,22,23711,26589,1,FEASIBLE,WORSE
1734,2,18,23,24220,27069,1,FEASIBLE,WORSE
1735,2,18,24,24650,27550,1,FEASIBLE,WORSE
1736,2,18,25,25357,28195,1,FEASIBLE,WORSE
1737,2,18,26,25361,28288,1,FEASIBLE,WORSE
1738,2,18,27,25002,27850,1,FEASIBLE,WORSE
1739,2,18,28,24650,27499,1,FEASIBLE,WORSE
1740,2,18,29,24358,27240,1,FEASIBLE,WORSE
1741,2,18,30,25191,28050,1,FEASIBLE,WORSE
1742,2,18,31,24264,27157,1,FEASIBLE,WORSE
1743,2,18,32,25508,28417,0,CAPACITY_EXCEEDED,INVALID
1744,2,18,33,23967,26816,1,FEASIBLE,WORSE
1745,2,18,34,24355,27221,1,FEASIBLE,WORSE
1746,2,18,35,25212,28061,1,FEASIBLE,WORSE
1747,2,18,36,24917,27792,1,FEASIBLE,WORSE
1748,2,18,37,23623,26470,1,FEASIBLE,WORSE
1749,2,18,38,23646,26560,1,FEASIBLE,WORSE
1750,2,18,39,25071,27992,1,FEASIBLE,WORSE
1751,2,18,40,23911,26791,1,FEASIBLE,WORSE
1752,2,18,41,23858,26732,1,FEASIBLE,WORSE
1753,2,18,42,23750,26689,1,FEASIBLE,WORSE
1754,2,18,43,25533,28464,0,CAPACITY_EXCEEDED,INVALID
1755,2,18,44,24527,27480,1,FEASIBLE,WORSE
1756,2,18,45,24918,27827,1,FEASIBLE,WORSE
1757,2,18,46,25158,28024,1,FEASIBLE,WORSE
1758,2,18,47,24251,27163,1,FEASIBLE,WORSE
1759,2,18,48,23966,26882,1,FEASIBLE,WORSE
1760,2,18,49,24646,27521,1,FEASIBLE,WORSE
1761,2,18,50,23675,26586,1,FEASIBLE,WORSE
1762,2,18,51,25082,27938,1,FEASIBLE,WORSE
1763,2,18,52,24673,27531,1,FEASIBLE,WORSE
1764,2,18,53,23893,26801,1,FEASIBLE,WORSE
1765,2,18,54,24869,27799,1,FEASIBLE,WORSE
1766,2,18,55,24359,27216,1,FEASIBLE,WORSE
1767,2,18,56,24072,26983,1,FEASIBLE,WORSE
1768,2,18,57,24417,27314,1,FEASIBLE,WORSE
1769,2,18,58,24766,27628,1,FEASIBLE,WORSE
1770,2,18,59,23690,26560,1,FEASIBLE,WORSE
1771,2,18,60,25255,28108,1,FEASIBLE,WORSE
1772,2,18,61,24543,27423,1,FEASIBLE,WORSE
1773,2,18,62,23777,26631,1,FEASIBLE,WORSE
1774,2,18,63,24538,27385,1,FEASIBLE,WORSE
1775,2,18,64,24223,27081,1,FEASIBLE,WORSE
1776,2,18,65,25461,28388,0,CAPACITY_EXCEEDED,INVALID
1777,2,18,66,23935,26833,1,FEASIBLE,WORSE
1778,2,18,67,24249,27127,1,FEASIBLE,WORSE
1779,2,18,68,24934,27798,1,FEASIBLE,WORSE
1780,2,18,69,24166,27014,1,FEASIBLE,WORSE
1781,2,18,70,24429,27284,1,FEASIBLE,WORSE
1782,2,18,71,25556,28481,0,CAPACITY_EXCEEDED,INVALID
1783,2,18,72,24502,27373,1,FEASIBLE,WORSE
1784,2,18,73,24979,27905,1,FEASIBLE,WORSE
1785,2,18,74,25303,28195,1,FEASIBLE,WORSE
1786,2,18,75,24158,27052,1,FEASIBLE,WORSE
1787,2,18,76,25537,28386,0,CAPACITY_EXCEEDED,INVALID
1788,2,18,77,24310,27187,1,FEASIBLE,WORSE
1789,2,18,78,23576,26417,1,FEASIBLE,WORSE
1790,2,18,79,25449,28343,0,CAPACITY_EXCEEDED,INVALID
1791,2,18,80,23885,26734,1,FEASIBLE,WORSE
1792,2,18,81,25446,28299,0,CAPACITY_EXCEEDED,INVALID
1793,2,18,82,24108,26973,1,FEASIBLE,WORSE
1794,2,18,83,25388,28281,0,CAPACITY_EXCEEDED,INVALID
1795,2,18,84,23759,26602,1,FEASIBLE,WORSE
1796,2,18,85,25073,27996,1,FEASIBLE,WORSE
1797,2,18,86,24085,26937,1,FEASIBLE,WORSE
1798,2,18,87,25262,28105,1,FEASIBLE,WORSE
1799,2,18,88,24966,27820,1,FEASIBLE,WORSE
1800,2,18,89,24470,27341,1,FEASIBLE,WORSE
1801,2,18,90,23809,26718,1,FEASIBLE,WORSE
1802,2,18,91,24290,27220,1,FEASIBLE,WORSE
1803,2,18,92,25044,27887,1,FEASIBLE,WORSE
1804,2,18,93,25341,28212,1,FEASIBLE,WORSE
1805,2,18,94,24383,27346,1,FEASIBLE,WORSE
1806,2,18,95,24578,27500,1,FEASIBLE,WORSE
1807,2,18,96,24432,27270,1,FEASIBLE,WORSE
1808,2,18,97,23966,26850,1,FEASIBLE,WORSE
1809,2,18,98,24194,27041,1,FEASIBLE,WORSE
1810,2,18,99,24299,27196,1,FEASIBLE,WORSE
1811,2,19,20,26432,29334,0,CAPACITY_EXCEEDED,INVALID
1812,2,19,21,24942,27866,1,FEASIBLE,WORSE
1813,2,19,22,24783,27646,1,FEASIBLE,WORSE
1814,2,19,23,25292,28126,1,FEASIBLE,WORSE
1815,2,19,24,25722,28607,0,CAPACITY_EXCEEDED,INVALID
1816,2,19,25,26429,29252,0,CAPACITY_EXCEEDED,INVALID
1817,2,19,26,26433,29345,0,CAPACITY_EXCEEDED,INVALID
1818,2,19,27,26074,28907,0,CAPACITY_EXCEEDED,INVALID
1819,2,19,28,25722,28556,0,CAPACITY_EXCEEDED,INVALID
1820,2,19,29,25430,28297,0,CAPACITY_EXCEEDED,INVALID
1821,2,19,30,26263,29107,0,CAPACITY_EXCEEDED,INVALID
1822,2,19,31,25336,28214,1,FEASIBLE,WORSE
1823,2,19,32,26580,29474,0,CAPACITY_EXCEEDED,INVALID
1824,2,19,33,25039,27873,1,FEASIBLE,WORSE
1825,2,19,34,25427,28278,0,CAPACITY_EXCEEDED,INVALID
1826,2,19,35,26284,29118,0,CAPACITY_EXCEEDED,INVALID
1827,2,19,36,25989,28849,0,CAPACITY_EXCEEDED,INVALID
1828,2,19,37,24695,27527,1,FEASIBLE,WORSE
1829,2,19,38,24718,27617,1,FEASIBLE,WORSE
1830,2,19,39,26143,29049,0,CAPACITY_EXCEEDED,INVALID
1831,2,19,40,24983,27848,1,FEASIBLE,WORSE
1832,2,19,41,24930,27789,1,FEASIBLE,WORSE
1833,2,19,42,24822,27746,1,FEASIBLE,WORSE
1834,2,19,43,26605,29521,0,CAPACITY_EXCEEDED,INVALID
1835,2,19,44,25599,28537,0,CAPACITY_EXCEEDED,INVALID
1836,2,19,45,25990,28884,0,CAPACITY_EXCEEDED,INVALID
1837,2,19,46,26230,29081,0,CAPACITY_EXCEEDED,INVALID
1838,2,19,47,25323,28220,1,FEASIBLE,WORSE
1839,2,19,48,25038,27939,1,FEASIBLE,WORSE
1840,2,19,49,25718,28578,0,CAPACITY_EXCEEDED,INVALID
1841,2,19,50,24747,27643,1,FEASIBLE,WORSE
1842,2,19,51,26154,28995,0,CAPACITY_EXCEEDED,INVALID
1843,2,19,52,25745,28588,0,CAPACITY_EXCEEDED,INVALID
1844,2,19,53,24965,27858,1,FEASIBLE,WORSE
1845,2,19,54,25941,28856,0,CAPACITY_EXCEEDED,INVALID
1846,2,19,55,25431,28273,0,CAPACITY_EXCEEDED,INVALID
1847,2,19,56,25144,28040,1,FEASIBLE,WORSE
1848,2,19,57,25489,28371,0,CAPACITY_EXCEEDED,INVALID
1849,2,19,58,25838,28685,0,CAPACITY_EXCEEDED,INVALID
1850,2,19,59,24762,27617,1,FEASIBLE,WORSE
1851,2,19,60,26327,29165,0,CAPACITY_EXCEEDED,INVALID
1852,2,19,61,25615,28480,0,CAPACITY_EXCEEDED,INVALID
1853,2,19,62,24849,27688,1,FEASIBLE,WORSE
1854,2,19,63,25610,28442,0,CAPACITY_EXCEEDED,INVALID
1855,2,19,64,25295,28138,1,FEASIBLE,WORSE
1856,2,19,65,26533,29445,0,CAPACITY_EXCEEDED,INVALID
1857,2,19,66,25007,27890,1,FEASIBLE,WORSE
1858,2,19,67,25321,28184,1,FEASIBLE,WORSE
1859,2,19,68,26006,28855,0,CAPACITY_EXCEEDED,INVALID
1860,2,19,69,25238,28071,1,FEASIBLE,WORSE
1861,2,19,70,25501,28341,0,CAPACITY_EXCEEDED,INVALID
1862,2,19,71,26628,29538,0,CAPACITY_EXCEEDED,INVALID
1863,2,19,72,25574,28430,0,CAPACITY_EXCEEDED,INVALID
1864,2,19,73,26051,28962,0,CAPACITY_EXCEEDED,INVALID
1865,2,19,74,26375,29252,0,CAPACITY_EXCEEDED,INVALID
1866,2,19,75,25230,28109,1,FEASIBLE,WORSE
1867,2,19,76,26609,29443,0,CAPACITY_EXCEEDED,INVALID
1868,2,19,77,25382,28244,0,CAPACITY_EXCEEDED,INVALID
1869,2,19,78,24648,27474,1,FEASIBLE,WORSE
1870,2,19,79,26521,29400,0,CAPACITY_EXCEEDED,INVALID
1871,2,19,80,24957,27791,1,FEASIBLE,WORSE
1872,2,19,81,26518,29356,0,CAPACITY_EXCEEDED,INVALID
1873,2,19,82,25180,28030,1,FEASIBLE,WORSE
1874,2,19,83,26460,29338,0,CAPACITY_EXCEEDED,INVALID
1875,2,19,84,24831,27659,1,FEASIBLE,WORSE
1876,2,19,85,26145,29053,0,CAPACITY_EXCEEDED,INVALID
1877,2,19,86,25157,27994,1,FEASIBLE,WORSE
1878,2,19,87,26334,29162,0,CAPACITY_EXCEEDED,INVALID
1879,2,19,88,26038,28877,0,CAPACITY_EXCEEDED,INVALID
1880,2,19,89,25542,28398,0,CAPACITY_EXCEEDED,INVALID
1881,2,19,90,24881,27775,1,FEASIBLE,WORSE
1882,2,19,91,25362,28277,1,FEASIBLE,WORSE
1883,2,19,92,26116,28944,0,CAPACITY_EXCEEDED,INVALID
1884,2,19,93,26413,29269,0,CAPACITY_EXCEEDED,INVALID
1885,2,19,94,25455,28403,0,CAPACITY_EXCEEDED,INVALID
1886,2,19,95,25650,28557,0,CAPACITY_EXCEEDED,INVALID
1887,2,19,96,25504,28327,0,CAPACITY_EXCEEDED,INVALID
1888,2,19,97,25038,27907,1,FEASIBLE,WORSE
1889,2,19,98,25266,28098,1,FEASIBLE,WORSE
1890,2,19,99,25371,28253,1,FEASIBLE,WORSE
1891,2,20,21,25480,28420,0,CAPACITY_EXCEEDED,INVALID
1892,2,20,22,25321,28200,1,FEASIBLE,WORSE
1893,2,20,23,25830,28680,0,CAPACITY_EXCEEDED,INVALID
1894,2,20,24,26260,29161,0,CAPACITY_EXCEEDED,INVALID
1895,2,20,25,26967,29806,0,CAPACITY_EXCEEDED,INVALID
1896,2,20,26,26971,29899,0,CAPACITY_EXCEEDED,INVALID
1897,2,20,27,26612,29461,0,CAPACITY_EXCEEDED,INVALID
1898,2,20,28,26260,29110,0,CAPACITY_EXCEEDED,INVALID
1899,2,20,29,25968,28851,0,CAPACITY_EXCEEDED,INVALID
1900,2,20,30,26801,29661,0,CAPACITY_EXCEEDED,INVALID
1901,2,20,31,25874,28768,0,CAPACITY_EXCEEDED,INVALID
1902,2,20,32,27118,30028,0,CAPACITY_EXCEEDED,INVALID
1903,2,20,33,25577,28427,0,CAPACITY_EXCEEDED,INVALID
1904,2,20,34,25965,28832,0,CAPACITY_EXCEEDED,INVALID
1905,2,20,35,26822,29672,0,CAPACITY_EXCEEDED,INVALID
1906,2,20,36,26527,29403,0,CAPACITY_EXCEEDED,INVALID
1907,2,20,37,25233,28081,1,FEASIBLE,WORSE
1908,2,20,38,25256,28171,1,FEASIBLE,WORSE
1909,2,20,39,26681,29603,0,CAPACITY_EXCEEDED,INVALID
1910,2,20,40,25521,28402,0,CAPACITY_EXCEEDED,INVALID
1911,2,20,41,25468,28343,0,CAPACITY_EXCEEDED,INVALID
1912,2,20,42,25360,28300,1,FEASIBLE,WORSE
1913,2,20,43,27143,30075,0,CAPACITY_EXCEEDED,INVALID
1914,2,20,44,26137,29091,0,CAPACITY_EXCEEDED,INVALID
1915,2,20,45,26528,29438,0,CAPACITY_EXCEEDED,INVALID
1916,2,20,46,26768,29635,0,CAPACITY_EXCEEDED,INVALID
1917,2,20,47,25861,28774,0,CAPACITY_EXCEEDED,INVALID
1918,2,20,48,25576,28493,0,CAPACITY_EXCEEDED,INVALID
1919,2,20,49,26256,29132,0,CAPACITY_EXCEEDED,INVALID
1920,2,20,50,25285,28197,1,FEASIBLE,WORSE
1921,2,20,51,26692,29549,0,CAPACITY_EXCEEDED,INVALID
1922,2,20,52,26283,29142,0,CAPACITY_EXCEEDED,INVALID
1923,2,20,53,25503,28412,0,CAPACITY_EXCEEDED,INVALID
1924,2,20,54,26479,29410,0,CAPACITY_EXCEEDED,INVALID
1925,2,20,55,25969,28827,0,CAPACITY_EXCEEDED,INVALID
1926,2,20,56,25682,28594,0,CAPACITY_EXCEEDED,INVALID
1927,2,20,57,26027,28925,0,CAPACITY_EXCEEDED,INVALID
1928,2,20,58,26376,29239,0,CAPACITY_EXCEEDED,INVALID
1929,2,20,59,25300,28171,1,FEASIBLE,WORSE
1930,2,20,60,26865,29719,0,CAPACITY_EXCEEDED,INVALID
1931,2,20,61,26153,29034,0,CAPACITY_EXCEEDED,INVALID
1932,2,20,62,25387,28242,0,CAPACITY_EXCEEDED,INVALID
1933,2,20,63,26148,28996,0,CAPACITY_EXCEEDED,INVALID
1934,2,20,64,25833,28692,0,CAPACITY_EXCEEDED,INVALID
1935,2,20,65,27071,29999,0,CAPACITY_EXCEEDED,INVALID
1936,2,20,66,25545,28444,0,CAPACITY_EXCEEDED,INVALID
1937,2,20,67,25859,28738,0,CAPACITY_EXCEEDED,INVALID
1938,2,20,68,26544,29409,0,CAPACITY_EXCEEDED,INVALID
1939,2,20,69,25776,28625,0,CAPACITY_EXCEEDED,INVALID
1940,2,20,70,26039,28895,0,CAPACITY_EXCEEDED,INVALID
1941,2,20,71,27166,30092,0,CAPACITY_EXCEEDED,INVALID
1942,2,20,72,26112,28984,0,CAPACITY_EXCEEDED,INVALID
1943,2,20,73,26589,29516,0,CAPACITY_EXCEEDED,INVALID
1944,2,20,74,26913,29806,0,CAPACITY_EXCEEDED,INVALID
1945,2,20,75,25768,28663,0,CAPACITY_EXCEEDED,INVALID
1946,2,20,76,27147,29997,0,CAPACITY_EXCEEDED,INVALID
1947,2,20,77,25920,28798,0,CAPACITY_EXCEEDED,INVALID
1948,2,20,78,25186,28028,1,FEASIBLE,WORSE
1949,2,20,79,27059,29954,0,CAPACITY_EXCEEDED,INVALID
1950,2,20,80,25495,28345,0,CAPACITY_EXCEEDED,INVALID
1951,2,20,81,27056,29910,0,CAPACITY_EXCEEDED,INVALID
1952,2,20,82,25718,28584,0,CAPACITY_EXCEEDED,INVALID
1953,2,20,83,26998,29892,0,CAPACITY_EXCEEDED,INVALID
1954,2,20,84,25369,28213,1,FEASIBLE,WORSE
1955,2,20,85,26683,29607,0,CAPACITY_EXCEEDED,INVALID
1956,2,20,86,25695,28548,0,CAPACITY_EXCEEDED,INVALID
1957,2,20,87,26872,29716,0,CAPACITY_EXCEEDED,INVALID
1958,2,20,88,26576,29431,0,CAPACITY_EXCEEDED,INVALID
1959,2,20,89,26080,28952,0,CAPACITY_EXCEEDED,INVALID
1960,2,20,90,25419,28329,0,CAPACITY_EXCEEDED,INVALID
1961,2,20,91,25900,28831,0,CAPACITY_EXCEEDED,INVALID
1962,2,20,92,26654,29498,0,CAPACITY_EXCEEDED,INVALID
1963,2,20,93,26951,29823,0,CAPACITY_EXCEEDED,INVALID
1964,2,20,94,25993,28957,0,CAPACITY_EXCEEDED,INVALID
1965,2,20,95,26188,29111,0,CAPACITY_EXCEEDED,INVALID
1966,2,20,96,26042,28881,0,CAPACITY_EXCEEDED,INVALID
1967,2,20,97,25576,28461,0,CAPACITY_EXCEEDED,INVALID
1968,2,20,98,25804,28652,0,CAPACITY_EXCEEDED,INVALID
1969,2,20,99,25909,28807,0,CAPACITY_EXCEEDED,INVALID
1970,2,21,22,23831,26732,1,FEASIBLE,WORSE
1971,2,21,23,24340,27212,1,FEASIBLE,WORSE
1972,2,21,24,24770,27693,1,FEASIBLE,WORSE
1973,2,21,25,25477,28338,0,CAPACITY_EXCEEDED,INVALID
1974,2,21,26,25481,28431,0,CAPACITY_EXCEEDED,INVALID
1975,2,21,27,25122,27993,1,FEASIBLE,WORSE
1976,2,21,28,24770,27642,1,FEASIBLE,WORSE
1977,2,21,29,24478,27383,1,FEASIBLE,WORSE
1978,2,21,30,25311,28193,1,FEASIBLE,WORSE
1979,2,21,31,24384,27300,1,FEASIBLE,WORSE
1980,2,21,32,25628,28560,0,CAPACITY_EXCEEDED,INVALID
1981,2,21,33,24087,26959,1,FEASIBLE,WORSE
1982,2,21,34,24475,27364,1,FEASIBLE,WORSE
1983,2,21,35,25332,28204,1,FEASIBLE,WORSE
1984,2,21,36,25037,27935,1,FEASIBLE,WORSE
1985,2,21,37,23743,26613,1,FEASIBLE,WORSE
1986,2,21,38,23766,26703,1,FEASIBLE,WORSE
1987,2,21,39,25191,28135,1,FEASIBLE,WORSE
1988,2,21,40,24031,26934,1,FEASIBLE,WORSE
1989,2,21,41,23978,26875,1,FEASIBLE,WORSE
1990,2,21,42,23870,26832,1,FEASIBLE,WORSE
1991,2,21,43,25653,28607,0,CAPACITY_EXCEEDED,INVALID
1992,2,21,44,24647,27623,1,FEASIBLE,WORSE
1993,2,21,45,25038,27970,1,FEASIBLE,WORSE
1994,2,21,46,25278,28167,1,FEASIBLE,WORSE
1995,2,21,47,24371,27306,1,FEASIBLE,WORSE
1996,2,21,48,24086,27025,1,FEASIBLE,WORSE
1997,2,21,49,24766,27664,1,FEASIBLE,WORSE
1998,2,21,50,23795,26729,1,FEASIBLE,WORSE
1999,2,21,51,25202,28081,1,FEASIBLE,WORSE
2000,2,21,52,24793,27674,1,FEASIBLE,WORSE
2001,2,21,53,24013,26944,1,FEASIBLE,WORSE
2002,2,21,54,24989,27942,1,FEASIBLE,WORSE
2003,2,21,55,24479,27359,1,FEASIBLE,WORSE
2004,2,21,56,24192,27126,1,FEASIBLE,WORSE
2005,2,21,57,24537,27457,1,FEASIBLE,WORSE
2006,2,21,58,24886,27771,1,FEASIBLE,WORSE
2007,2,21,59,23810,26703,1,FEASIBLE,WORSE
2008,2,21,60,25375,28251,0,CAPACITY_EXCEEDED,INVALID
2009,2,21,61,24663,27566,1,FEASIBLE,WORSE
2010,2,21,62,23897,26774,1,FEASIBLE,WORSE
2011,2,21,63,24658,27528,1,FEASIBLE,WORSE
2012,2,21,64,24343,27224,1,FEASIBLE,WORSE
2013,2,21,65,25581,28531,0,CAPACITY_EXCEEDED,INVALID
2014,2,21,66,24055,26976,1,FEASIBLE,WORSE
2015,2,21,67,24369,27270,1,FEASIBLE,WORSE
2016,2,21,68,25054,27941,1,FEASIBLE,WORSE
2017,2,21,69,24286,27157,1,FEASIBLE,WORSE
2018,2,21,70,24549,27427,1,FEASIBLE,WORSE
2019,2,21,71,25676,28624,0,CAPACITY_EXCEEDED,INVALID
2020,2,21,72,24622,27516,1,FEASIBLE,WORSE
2021,2,21,73,25099,28048,1,FEASIBLE,WORSE
2022,2,21,74,25423,28338,0,CAPACITY_EXCEEDED,INVALID
2023,2,21,75,24278,27195,1,FEASIBLE,WORSE
2024,2,21,76,25657,28529,0,CAPACITY_EXCEEDED,INVALID
2025,2,21,77,24430,27330,1,FEASIBLE,WORSE
2026,2,21,78,23696,26560,1,FEASIBLE,WORSE
2027,2,21,79,25569,28486,0,CAPACITY_EXCEEDED,INVALID
2028,2,21,80,24005,26877,1,FEASIBLE,WORSE
2029,2,21,81,25566,28442,0,CAPACITY_EXCEEDED,INVALID
2030,2,21,82,24228,27116,1,FEASIBLE,WORSE
2031,2,21,83,25508,28424,0,CAPACITY_EXCEEDED,INVALID
2032,2,21,84,23879,26745,1,FEASIBLE,WORSE
2033,2,21,85,25193,28139,1,FEASIBLE,WORSE
2034,2,21,86,24205,27080,1,FEASIBLE,WORSE
2035,2,21,87,25382,28248,0,CAPACITY_EXCEEDED,INVALID
2036,2,21,88,25086,27963,1,FEASIBLE,WORSE
2037,2,21,89,24590,27484,1,FEASIBLE,WORSE
2038,2,21,90,23929,26861,1,FEASIBLE,WORSE
2039,2,21,91,24410,27363,1,FEASIBLE,WORSE
2040,2,21,92,25164,28030,1,FEASIBLE,WORSE
2041,2,21,93,25461,28355,0,CAPACITY_EXCEEDED,INVALID
2042,2,21,94,24503,27489,1,FEASIBLE,WORSE
2043,2,21,95,24698,27643,1,FEASIBLE,WORSE
2044,2,21,96,24552,27413,1,FEASIBLE,WORSE
2045,2,21,97,24086,26993,1,FEASIBLE,WORSE
2046,2,21,98,24314,27184,1,FEASIBLE,WORSE
2047,2,21,99,24419,27339,1,FEASIBLE,WORSE
2048,2,22,23,24181,26992,1,FEASIBLE,WORSE
2049,2,22,24,24611,27473,1,FEASIBLE,WORSE
2050,2,22,25,25318,28118,1,FEASIBLE,WORSE
2051,2,22,26,25322,28211,1,FEASIBLE,WORSE
2052,2,22,27,24963,27773,1,FEASIBLE,WORSE
2053,2,22,28,24611,27422,1,FEASIBLE,WORSE
2054,2,22,29,24319,27163,1,FEASIBLE,WORSE
2055,2,22,30,25152,27973,1,FEASIBLE,WORSE
2056,2,22,31,24225,27080,1,FEASIBLE,WORSE
2057,2,22,32,25469,28340,0,CAPACITY_EXCEEDED,INVALID
2058,2,22,33,23928,26739,1,FEASIBLE,WORSE
2059,2,22,34,24316,27144,1,FEASIBLE,WORSE
2060,2,22,35,25173,27984,1,FEASIBLE,WORSE
2061,2,22,36,24878,27715,1,FEASIBLE,WORSE
2062,2,22,37,23584,26393,1,FEASIBLE,WORSE
2063,2,22,38,23607,26483,1,FEASIBLE,WORSE
2064,2,22,39,25032,27915,1,FEASIBLE,WORSE
2065,2,22,40,23872,26714,1,FEASIBLE,WORSE
2066,2,22,41,23819,26655,1,FEASIBLE,WORSE
2067,2,22,42,23711,26612,1,FEASIBLE,WORSE
2068,2,22,43,25494,28387,0,CAPACITY_EXCEEDED,INVALID
2069,2,22,44,24488,27403,1,FEASIBLE,WORSE
2070,2,22,45,24879,27750,1,FEASIBLE,WORSE
2071,2,22,46,25119,27947,1,FEASIBLE,WORSE
2072,2,22,47,24212,27086,1,FEASIBLE,WORSE
2073,2,22,48,23927,26805,1,FEASIBLE,WORSE
2074,2,22,49,24607,27444,1,FEASIBLE,WORSE
2075,2,22,50,23636,26509,1,FEASIBLE,WORSE
2076,2,22,51,25043,27861,1,FEASIBLE,WORSE
2077,2,22,52,24634,27454,1,FEASIBLE,WORSE
2078,2,22,53,23854,26724,1,FEASIBLE,WORSE
2079,2,22,54,24830,27722,1,FEASIBLE,WORSE
2080,2,22,55,24320,27139,1,FEASIBLE,WORSE
2081,2,22,56,24033,26906,1,FEASIBLE,WORSE
2082,2,22,57,24378,27237,1,FEASIBLE,WORSE
2083,2,22,58,24727,27551,1,FEASIBLE,WORSE
2084,2,22,59,23651,26483,1,FEASIBLE,WORSE
2085,2,22,60,25216,28031,1,FEASIBLE,WORSE
2086,2,22,61,24504,27346,1,FEASIBLE,WORSE
2087,2,22,62,23738,26554,1,FEASIBLE,WORSE
2088,2,22,63,24499,27308,1,FEASIBLE,WORSE
2089,2,22,64,24184,27004,1,FEASIBLE,WORSE
2090,2,22,65,25422,28311,0,CAPACITY_EXCEEDED,INVALID
2091,2,22,66,23896,26756,1,FEASIBLE,WORSE
2092,2,22,67,24210,27050,1,FEASIBLE,WORSE
2093,2,22,68,24895,27721,1,FEASIBLE,WORSE
2094,2,22,69,24127,26937,1,FEASIBLE,WORSE
2095,2,22,70,24390,27207,1,FEASIBLE,WORSE
2096,2,22,71,25517,28404,0,CAPACITY_EXCEEDED,INVALID
2097,2,22,72,24463,27296,1,FEASIBLE,WORSE
2098,2,22,73,24940,27828,1,FEASIBLE,WORSE
2099,2,22,74,25264,28118,1,FEASIBLE,WORSE
2100,2,22,75,24119,26975,1,FEASIBLE,WORSE
2101,2,22,76,25498,28309,0,CAPACITY_EXCEEDED,INVALID
2102,2,22,77,24271,27110,1,FEASIBLE,WORSE
2103,2,22,78,23537,26340,1,FEASIBLE,WORSE
2104,2,22,79,25410,28266,0,CAPACITY_EXCEEDED,INVALID
2105,2,22,80,23846,26657,1,FEASIBLE,WORSE
2106,2,22,81,25407,28222,0,CAPACITY_EXCEEDED,INVALID
2107,2,22,82,24069,26896,1,FEASIBLE,WORSE
2108,2,22,83,25349,28204,1,FEASIBLE,WORSE
2109,2,22,84,23720,26525,1,FEASIBLE,WORSE
2110,2,22,85,25034,27919,1,FEASIBLE,WORSE
2111,2,22,86,24046,26860,1,FEASIBLE,WORSE
2112,2,22,87,25223,28028,1,FEASIBLE,WORSE
2113,2,22,88,24927,27743,1,FEASIBLE,WORSE
2114,2,22,89,24431,27264,1,FEASIBLE,WORSE
2115,2,22,90,23770,26641,1,FEASIBLE,WORSE
2116,2,22,91,24251,27143,1,FEASIBLE,WORSE
2117,2,22,92,25005,27810,1,FEASIBLE,WORSE
2118,2,22,93,25302,28135,1,FEASIBLE,WORSE
2119,2,22,94,24344,27269,1,FEASIBLE,WORSE
2120,2,22,95,24539,27423,1,FEASIBLE,WORSE
2121,2,22,96,24393,27193,1,FEASIBLE,WORSE
2122,2,22,97,23927,26773,1,FEASIBLE,WORSE
2123,2,22,98,24155,26964,1,FEASIBLE,WORSE
2124,2,22,99,24260,27119,1,FEASIBLE,WORSE
2125,2,23,24,25120,27953,1,FEASIBLE,WORSE
2126,2,23,25,25827,28598,0,CAPACITY_EXCEEDED,INVALID
2127,2,23,26,25831,28691,0,CAPACITY_EXCEEDED,INVALID
2128,2,23,27,25472,28253,0,CAPACITY_EXCEEDED,INVALID
2129,2,23,28,25120,27902,1,FEASIBLE,WORSE
2130,2,23,29,24828,27643,1,FEASIBLE,WORSE
2131,2,23,30,25661,28453,0,CAPACITY_EXCEEDED,INVALID
2132,2,23,31,24734,27560,1,FEASIBLE,WORSE
2133,2,23,32,25978,28820,0,CAPACITY_EXCEEDED,INVALID
2134,2,23,33,24437,27219,1,FEASIBLE,WORSE
2135,2,23,34,24825,27624,1,FEASIBLE,WORSE
2136,2,23,35,25682,28464,0,CAPACITY_EXCEEDED,INVALID
2137,2,23,36,25387,28195,0,CAPACITY_EXCEEDED,INVALID
2138,2,23,37,24093,26873,1,FEASIBLE,WORSE
2139,2,23,38,24116,26963,1,FEASIBLE,WORSE
2140,2,23,39,25541,28395,0,CAPACITY_EXCEEDED,INVALID
2141,2,23,40,24381,27194,1,FEASIBLE,WORSE
2142,2,23,41,24328,27135,1,FEASIBLE,WORSE
2143,2,23,42,24220,27092,1,FEASIBLE,WORSE
2144,2,23,43,26003,28867,0,CAPACITY_EXCEEDED,INVALID
2145,2,23,44,24997,27883,1,FEASIBLE,WORSE
2146,2,23,45,25388,28230,0,CAPACITY_EXCEEDED,INVALID
2147,2,23,46,25628,28427,0,CAPACITY_EXCEEDED,INVALID
2148,2,23,47,24721,27566,1,FEASIBLE,WORSE
2149,2,23,48,24436,27285,1,FEASIBLE,WORSE
2150,2,23,49,25116,27924,1,FEASIBLE,WORSE
2151,2,23,50,24145,26989,1,FEASIBLE,WORSE
2152,2,23,51,25552,28341,0,CAPACITY_EXCEEDED,INVALID
2153,2,23,52,25143,27934,1,FEASIBLE,WORSE
2154,2,23,53,24363,27204,1,FEASIBLE,WORSE
2155,2,23,54,25339,28202,1,FEASIBLE,WORSE
2156,2,23,55,24829,27619,1,FEASIBLE,WORSE
2157,2,23,56,24542,27386,1,FEASIBLE,WORSE
2158,2,23,57,24887,27717,1,FEASIBLE,WORSE
2159,2,23,58,25236,28031,1,FEASIBLE,WORSE
2160,2,23,59,24160,26963,1,FEASIBLE,WORSE
2161,2,23,60,25725,28511,0,CAPACITY_EXCEEDED,INVALID
2162,2,23,61,25013,27826,1,FEASIBLE,WORSE
2163,2,23,62,24247,27034,1,FEASIBLE,WORSE
2164,2,23,63,25008,27788,1,FEASIBLE,WORSE
2165,2,23,64,24693,27484,1,FEASIBLE,WORSE
2166,2,23,65,25931,28791,0,CAPACITY_EXCEEDED,INVALID
2167,2,23,66,24405,27236,1,FEASIBLE,WORSE
2168,2,23,67,24719,27530,1,FEASIBLE,WORSE
2169,2,23,68,25404,28201,0,CAPACITY_EXCEEDED,INVALID
2170,2,23,69,24636,27417,1,FEASIBLE,WORSE
2171,2,23,70,24899,27687,1,FEASIBLE,WORSE
2172,2,23,71,26026,28884,0,CAPACITY_EXCEEDED,INVALID
2173,2,23,72,24972,27776,1,FEASIBLE,WORSE
2174,2,23,73,25449,28308,0,CAPACITY_EXCEEDED,INVALID
2175,2,23,74,25773,28598,0,CAPACITY_EXCEEDED,INVALID
2176,2,23,75,24628,27455,1,FEASIBLE,WORSE
2177,2,23,76,26007,28789,0,CAPACITY_EXCEEDED,INVALID
2178,2,23,77,24780,27590,1,FEASIBLE,WORSE
2179,2,23,78,24046,26820,1,FEASIBLE,WORSE
2180,2,23,79,25919,28746,0,CAPACITY_EXCEEDED,INVALID
2181,2,23,80,24355,27137,1,FEASIBLE,WORSE
2182,2,23,81,25916,28702,0,CAPACITY_EXCEEDED,INVALID
2183,2,23,82,24578,27376,1,FEASIBLE,WORSE
2184,2,23,83,25858,28684,0,CAPACITY_EXCEEDED,INVALID
2185,2,23,84,24229,27005,1,FEASIBLE,WORSE
2186,2,23,85,25543,28399,0,CAPACITY_EXCEEDED,INVALID
2187,2,23,86,24555,27340,1,FEASIBLE,WORSE
2188,2,23,87,25732,28508,0,CAPACITY_EXCEEDED,INVALID
2189,2,23,88,25436,28223,0,CAPACITY_EXCEEDED,INVALID
2190,2,23,89,24940,27744,1,FEASIBLE,WORSE
2191,2,23,90,24279,27121,1,FEASIBLE,WORSE
2192,2,23,91,24760,27623,1,FEASIBLE,WORSE
2193,2,23,92,25514,28290,0,CAPACITY_EXCEEDED,INVALID
2194,2,23,93,25811,28615,0,CAPACITY_EXCEEDED,INVALID
2195,2,23,94,24853,27749,1,FEASIBLE,WORSE
2196,2,23,95,25048,27903,1,FEASIBLE,WORSE
2197,2,23,96,24902,27673,1,FEASIBLE,WORSE
2198,2,23,97,24436,27253,1,FEASIBLE,WORSE
2199,2,23,98,24664,27444,1,FEASIBLE,WORSE
2200,2,23,99,24769,27599,1,FEASIBLE,WORSE
2201,2,24,25,26257,29079,0,CAPACITY_EXCEEDED,INVALID
2202,2,24,26,26261,29172,0,CAPACITY_EXCEEDED,INVALID
2203,2,24,27,25902,28734,0,CAPACITY_EXCEEDED,INVALID
2204,2,24,28,25550,28383,0,CAPACITY_EXCEEDED,INVALID
2205,2,24,29,25258,28124,1,FEASIBLE,WORSE
2206,2,24,30,26091,28934,0,CAPACITY_EXCEEDED,INVALID
2207,2,24,31,25164,28041,1,FEASIBLE,WORSE
2208,2,24,32,26408,29301,0,CAPACITY_EXCEEDED,INVALID
2209,2,24,33,24867,27700,1,FEASIBLE,WORSE
2210,2,24,34,25255,28105,1,FEASIBLE,WORSE
2211,2,24,35,26112,28945,0,CAPACITY_EXCEEDED,INVALID
2212,2,24,36,25817,28676,0,CAPACITY_EXCEEDED,INVALID
2213,2,24,37,24523,27354,1,FEASIBLE,WORSE
2214,2,24,38,24546,27444,1,FEASIBLE,WORSE
2215,2,24,39,25971,28876,0,CAPACITY_EXCEEDED,INVALID
2216,2,24,40,24811,27675,1,FEASIBLE,WORSE
2217,2,24,41,24758,27616,1,FEASIBLE,WORSE
2218,2,24,42,24650,27573,1,FEASIBLE,WORSE
2219,2,24,43,26433,29348,0,CAPACITY_EXCEEDED,INVALID
2220,2,24,44,25427,28364,0,CAPACITY_EXCEEDED,INVALID
2221,2,24,45,25818,28711,0,CAPACITY_EXCEEDED,INVALID
2222,2,24,46,26058,28908,0,CAPACITY_EXCEEDED,INVALID
2223,2,24,47,25151,28047,1,FEASIBLE,WORSE
2224,2,24,48,24866,27766,1,FEASIBLE,WORSE
2225,2,24,49,25546,28405,0,CAPACITY_EXCEEDED,INVALID
2226,2,24,50,24575,27470,1,FEASIBLE,WORSE
2227,2,24,51,25982,28822,0,CAPACITY_EXCEEDED,INVALID
2228,2,24,52,25573,28415,0,CAPACITY_EXCEEDED,INVALID
2229,2,24,53,24793,27685,1,FEASIBLE,WORSE
2230,2,24,54,25769,28683,0,CAPACITY_EXCEEDED,INVALID
2231,2,24,55,25259,28100,1,FEASIBLE,WORSE
2232,2,24,56,24972,27867,1,FEASIBLE,WORSE
2233,2,24,57,25317,28198,1,FEASIBLE,WORSE
2234,2,24,58,25666,28512,0,CAPACITY_EXCEEDED,INVALID
2235,2,24,59,24590,27444,1,FEASIBLE,WORSE
2236,2,24,60,26155,28992,0,CAPACITY_EXCEEDED,INVALID
2237,2,24,61,25443,28307,0,CAPACITY_EXCEEDED,INVALID
2238,2,24,62,24677,27515,1,FEASIBLE,WORSE
2239,2,24,63,25438,28269,0,CAPACITY_EXCEEDED,INVALID
2240,2,24,64,25123,27965,1,FEASIBLE,WORSE
2241,2,24,65,26361,29272,0,CAPACITY_EXCEEDED,INVALID
2242,2,24,66,24835,27717,1,FEASIBLE,WORSE
2243,2,24,67,25149,28011,1,FEASIBLE,WORSE
2244,2,24,68,25834,28682,0,CAPACITY_EXCEEDED,INVALID
2245,2,24,69,25066,27898,1,FEASIBLE,WORSE
2246,2,24,70,25329,28168,1,FEASIBLE,WORSE
2247,2,24,71,26456,29365,0,CAPACITY_EXCEEDED,INVALID
2248,2,24,72,25402,28257,0,CAPACITY_EXCEEDED,INVALID
2249,2,24,73,25879,28789,0,CAPACITY_EXCEEDED,INVALID
2250,2,24,74,26203,29079,0,CAPACITY_EXCEEDED,INVALID
2251,2,24,75,25058,27936,1,FEASIBLE,WORSE
2252,2,24,76,26437,29270,0,CAPACITY_EXCEEDED,INVALID
2253,2,24,77,25210,28071,1,FEASIBLE,WORSE
2254,2,24,78,24476,27301,1,FEASIBLE,WORSE
2255,2,24,79,26349,29227,0,CAPACITY_EXCEEDED,INVALID
2256,2,24,80,24785,27618,1,FEASIBLE,WORSE
2257,2,24,81,26346,29183,0,CAPACITY_EXCEEDED,INVALID
2258,2,24,82,25008,27857,1,FEASIBLE,WORSE
2259,2,24,83,26288,29165,0,CAPACITY_EXCEEDED,INVALID
2260,2,24,84,24659,27486,1,FEASIBLE,WORSE
2261,2,24,85,25973,28880,0,CAPACITY_EXCEEDED,INVALID
2262,2,24,86,24985,27821,1,FEASIBLE,WORSE
2263,2,24,87,26162,28989,0,CAPACITY_EXCEEDED,INVALID
2264,2,24,88,25866,28704,0,CAPACITY_EXCEEDED,INVALID
2265,2,24,89,25370,28225,1,FEASIBLE,WORSE
2266,2,24,90,24709,27602,1,FEASIBLE,WORSE
2267,2,24,91,25190,28104,1,FEASIBLE,WORSE
2268,2,24,92,25944,28771,0,CAPACITY_EXCEEDED,INVALID
2269,2,24,93,26241,29096,0,CAPACITY_EXCEEDED,INVALID
2270,2,24,94,25283,28230,1,FEASIBLE,WORSE
2271,2,24,95,25478,28384,0,CAPACITY_EXCEEDED,INVALID
2272,2,24,96,25332,28154,1,FEASIBLE,WORSE
2273,2,24,97,24866,27734,1,FEASIBLE,WORSE
2274,2,24,98,25094,27925,1,FEASIBLE,WORSE
2275,2,24,99,25199,28080,1,FEASIBLE,WORSE
2276,2,25,26,26968,29817,0,CAPACITY_EXCEEDED,INVALID
2277,2,25,27,26609,29379,0,CAPACITY_EXCEEDED,INVALID
2278,2,25,28,26257,29028,0,CAPACITY_EXCEEDED,INVALID
2279,2,25,29,25965,28769,0,CAPACITY_EXCEEDED,INVALID
2280,2,25,30,26798,29579,0,CAPACITY_EXCEEDED,INVALID
2281,2,25,31,25871,28686,0,CAPACITY_EXCEEDED,INVALID
2282,2,25,32,27115,29946,0,CAPACITY_EXCEEDED,INVALID
2283,2,25,33,25574,28345,0,CAPACITY_EXCEEDED,INVALID
2284,2,25,34,25962,28750,0,CAPACITY_EXCEEDED,INVALID
2285,2,25,35,26819,29590,0,CAPACITY_EXCEEDED,INVALID
2286,2,25,36,26524,29321,0,CAPACITY_EXCEEDED,INVALID
2287,2,25,37,25230,27999,1,FEASIBLE,WORSE
2288,2,25,38,25253,28089,1,FEASIBLE,WORSE
2289,2,25,39,26678,29521,0,CAPACITY_EXCEEDED,INVALID
2290,2,25,40,25518,28320,0,CAPACITY_EXCEEDED,INVALID
2291,2,25,41,25465,28261,0,CAPACITY_EXCEEDED,INVALID
2292,2,25,42,25357,28218,1,FEASIBLE,WORSE
2293,2,25,43,27140,29993,0,CAPACITY_EXCEEDED,INVALID
2294,2,25,44,26134,29009,0,CAPACITY_EXCEEDED,INVALID
2295,2,25,45,26525,29356,0,CAPACITY_EXCEEDED,INVALID
2296,2,25,46,26765,29553,0,CAPACITY_EXCEEDED,INVALID
2297,2,25,47,25858,28692,0,CAPACITY_EXCEEDED,INVALID
2298,2,25,48,25573,28411,0,CAPACITY_EXCEEDED,INVALID
2299,2,25,49,26253,29050,0,CAPACITY_EXCEEDED,INVALID
2300,2,25,50,25282,28115,1,FEASIBLE,WORSE
2301,2,25,51,26689,29467,0,CAPACITY_EXCEEDED,INVALID
2302,2,25,52,26280,29060,0,CAPACITY_EXCEEDED,INVALID
2303,2,25,53,25500,28330,0,CAPACITY_EXCEEDED,INVALID
2304,2,25,54,26476,29328,0,CAPACITY_EXCEEDED,INVALID
2305,2,25,55,25966,28745,0,CAPACITY_EXCEEDED,INVALID
2306,2,25,56,25679,28512,0,CAPACITY_EXCEEDED,INVALID
2307,2,25,57,26024,28843,0,CAPACITY_EXCEEDED,INVALID
2308,2,25,58,26373,29157,0,CAPACITY_EXCEEDED,INVALID
2309,2,25,59,25297,28089,1,FEASIBLE,WORSE
2310,2,25,60,26862,29637,0,CAPACITY_EXCEEDED,INVALID
2311,2,25,61,26150,28952,0,CAPACITY_EXCEEDED,INVALID
2312,2,25,62,25384,28160,0,CAPACITY_EXCEEDED,INVALID
2313,2,25,63,26145,28914,0,CAPACITY_EXCEEDED,INVALID
2314,2,25,64,25830,28610,0,CAPACITY_EXCEEDED,INVALID
2315,2,25,65,27068,29917,0,CAPACITY_EXCEEDED,INVALID
2316,2,25,66,25542,28362,0,CAPACITY_EXCEEDED,INVALID
2317,2,25,67,25856,28656,0,CAPACITY_EXCEEDED,INVALID
2318,2,25,68,26541,29327,0,CAPACITY_EXCEEDED,INVALID
2319,2,25,69,25773,28543,0,CAPACITY_EXCEEDED,INVALID
2320,2,25,70,26036,28813,0,CAPACITY_EXCEEDED,INVALID
2321,2,25,71,27163,30010,0,CAPACITY_EXCEEDED,INVALID
2322,2,25,72,26109,28902,0,CAPACITY_EXCEEDED,INVALID
2323,2,25,73,26586,29434,0,CAPACITY_EXCEEDED,INVALID
2324,2,25,74,26910,29724,0,CAPACITY_EXCEEDED,INVALID
2325,2,25,75,25765,28581,0,CAPACITY_EXCEEDED,INVALID
2326,2,25,76,27144,29915,0,CAPACITY_EXCEEDED,INVALID
2327,2,25,77,25917,28716,0,CAPACITY_EXCEEDED,INVALID
2328,2,25,78,25183,27946,1,FEASIBLE,WORSE
2329,2,25,79,27056,29872,0,CAPACITY_EXCEEDED,INVALID
2330,2,25,80,25492,28263,0,CAPACITY_EXCEEDED,INVALID
2331,2,25,81,27053,29828,0,CAPACITY_EXCEEDED,INVALID
2332,2,25,82,25715,28502,0,CAPACITY_EXCEEDED,INVALID
2333,2,25,83,26995,29810,0,CAPACITY_EXCEEDED,INVALID
2334,2,25,84,25366,28131,1,FEASIBLE,WORSE
2335,2,25,85,26680,29525,0,CAPACITY_EXCEEDED,INVALID
2336,2,25,86,25692,28466,0,CAPACITY_EXCEEDED,INVALID
2337,2,25,87,26869,29634,0,CAPACITY_EXCEEDED,INVALID
2338,2,25,88,26573,29349,0,CAPACITY_EXCEEDED,INVALID
2339,2,25,89,26077,28870,0,CAPACITY_EXCEEDED,INVALID
2340,2,25,90,25416,28247,0,CAPACITY_EXCEEDED,INVALID
2341,2,25,91,25897,28749,0,CAPACITY_EXCEEDED,INVALID
2342,2,25,92,26651,29416,0,CAPACITY_EXCEEDED,INVALID
2343,2,25,93,26948,29741,0,CAPACITY_EXCEEDED,INVALID
2344,2,25,94,25990,28875,0,CAPACITY_EXCEEDED,INVALID
2345,2,25,95,26185,29029,0,CAPACITY_EXCEEDED,INVALID
2346,2,25,96,26039,28799,0,CAPACITY_EXCEEDED,INVALID
2347,2,25,97,25573,28379,0,CAPACITY_EXCEEDED,INVALID
2348,2,25,98,25801,28570,0,CAPACITY_EXCEEDED,INVALID
2349,2,25,99,25906,28725,0,CAPACITY_EXCEEDED,INVALID
2350,2,26,27,26613,29472,0,CAPACITY_EXCEEDED,INVALID
2351,2,26,28,26261,29121,0,CAPACITY_EXCEEDED,INVALID
2352,2,26,29,25969,28862,0,CAPACITY_EXCEEDED,INVALID
2353,2,26,30,26802,29672,0,CAPACITY_EXCEEDED,INVALID
2354,2,26,31,25875,28779,0,CAPACITY_EXCEEDED,INVALID
2355,2,26,32,27119,30039,0,CAPACITY_EXCEEDED,INVALID
2356,2,26,33,25578,28438,0,CAPACITY_EXCEEDED,INVALID
2357,2,26,34,25966,28843,0,CAPACITY_EXCEEDED,INVALID
2358,2,26,35,26823,29683,0,CAPACITY_EXCEEDED,INVALID
2359,2,26,36,26528,29414,0,CAPACITY_EXCEEDED,INVALID
2360,2,26,37,25234,28092,1,FEASIBLE,WORSE
2361,2,26,38,25257,28182,1,FEASIBLE,WORSE
2362,2,26,39,26682,29614,0,CAPACITY_EXCEEDED,INVALID
2363,2,26,40,25522,28413,0,CAPACITY_EXCEEDED,INVALID
2364,2,26,41,25469,28354,0,CAPACITY_EXCEEDED,INVALID
2365,2,26,42,25361,28311,1,FEASIBLE,WORSE
2366,2,26,43,27144,30086,0,CAPACITY_EXCEEDED,INVALID
2367,2,26,44,26138,29102,0,CAPACITY_EXCEEDED,INVALID
2368,2,26,45,26529,29449,0,CAPACITY_EXCEEDED,INVALID
2369,2,26,46,26769,29646,0,CAPACITY_EXCEEDED,INVALID
2370,2,26,47,25862,28785,0,CAPACITY_EXCEEDED,INVALID
2371,2,26,48,25577,28504,0,CAPACITY_EXCEEDED,INVALID
2372,2,26,49,26257,29143,0,CAPACITY_EXCEEDED,INVALID
2373,2,26,50,25286,28208,1,FEASIBLE,WORSE
2374,2,26,51,26693,29560,0,CAPACITY_EXCEEDED,INVALID
2375,2,26,52,26284,29153,0,CAPACITY_EXCEEDED,INVALID
2376,2,26,53,25504,28423,0,CAPACITY_EXCEEDED,INVALID
2377,2,26,54,26480,29421,0,CAPACITY_EXCEEDED,INVALID
2378,2,26,55,25970,28838,0,CAPACITY_EXCEEDED,INVALID
2379,2,26,56,25683,28605,0,CAPACITY_EXCEEDED,INVALID
2380,2,26,57,26028,28936,0,CAPACITY_EXCEEDED,INVALID
2381,2,26,58,26377,29250,0,CAPACITY_EXCEEDED,INVALID
2382,2,26,59,25301,28182,1,FEASIBLE,WORSE
2383,2,26,60,26866,29730,0,CAPACITY_EXCEEDED,INVALID
2384,2,26,61,26154,29045,0,CAPACITY_EXCEEDED,INVALID
2385,2,26,62,25388,28253,0,CAPACITY_EXCEEDED,INVALID
2386,2,26,63,26149,29007,0,CAPACITY_EXCEEDED,INVALID
2387,2,26,64,25834,28703,0,CAPACITY_EXCEEDED,INVALID
2388,2,26,65,27072,30010,0,CAPACITY_EXCEEDED,INVALID
2389,2,26,66,25546,28455,0,CAPACITY_EXCEEDED,INVALID
2390,2,26,67,25860,28749,0,CAPACITY_EXCEEDED,INVALID
2391,2,26,68,26545,29420,0,CAPACITY_EXCEEDED,INVALID
2392,2,26,69,25777,28636,0,CAPACITY_EXCEEDED,INVALID
2393,2,26,70,26040,28906,0,CAPACITY_EXCEEDED,INVALID
2394,2,26,71,27167,30103,0,CAPACITY_EXCEEDED,INVALID
2395,2,26,72,26113,28995,0,CAPACITY_EXCEEDED,INVALID
2396,2,26,73,26590,29527,0,CAPACITY_EXCEEDED,INVALID
2397,2,26,74,26914,29817,0,CAPACITY_EXCEEDED,INVALID
2398,2,26,75,25769,28674,0,CAPACITY_EXCEEDED,INVALID
2399,2,26,76,27148,30008,0,CAPACITY_EXCEEDED,INVALID
2400,2,26,77,25921,28809,0,CAPACITY_EXCEEDED,INVALID
2401,2,26,78,25187,28039,1,FEASIBLE,WORSE
2402,2,26,79,27060,29965,0,CAPACITY_EXCEEDED,INVALID
2403,2,26,80,25496,28356,0,CAPACITY_EXCEEDED,INVALID
2404,2,26,81,27057,29921,0,CAPACITY_EXCEEDED,INVALID
2405,2,26,82,25719,28595,0,CAPACITY_EXCEEDED,INVALID
2406,2,26,83,26999,29903,0,CAPACITY_EXCEEDED,INVALID
2407,2,26,84,25370,28224,1,FEASIBLE,WORSE
2408,2,26,85,26684,29618,0,CAPACITY_EXCEEDED,INVALID
2409,2,26,86,25696,28559,0,CAPACITY_EXCEEDED,INVALID
2410,2,26,87,26873,29727,0,CAPACITY_EXCEEDED,INVALID
2411,2,26,88,26577,29442,0,CAPACITY_EXCEEDED,INVALID
2412,2,26,89,26081,28963,0,CAPACITY_EXCEEDED,INVALID
2413,2,26,90,25420,28340,0,CAPACITY_EXCEEDED,INVALID
2414,2,26,91,25901,28842,0,CAPACITY_EXCEEDED,INVALID
2415,2,26,92,26655,29509,0,CAPACITY_EXCEEDED,INVALID
2416,2,26,93,26952,29834,0,CAPACITY_EXCEEDED,INVALID
2417,2,26,94,25994,28968,0,CAPACITY_EXCEEDED,INVALID
2418,2,26,95,26189,29122,0,CAPACITY_EXCEEDED,INVALID
2419,2,26,96,26043,28892,0,CAPACITY_EXCEEDED,INVALID
2420,2,26,97,25577,28472,0,CAPACITY_EXCEEDED,INVALID
2421,2,26,98,25805,28663,0,CAPACITY_EXCEEDED,INVALID
2422,2,26,99,25910,28818,0,CAPACITY_EXCEEDED,INVALID
2423,2,27,28,25902,28683,0,CAPACITY_EXCEEDED,INVALID
2424,2,27,29,25610,28424,0,CAPACITY_EXCEEDED,INVALID
2425,2,27,30,26443,29234,0,CAPACITY_EXCEEDED,INVALID
2426,2,27,31,25516,28341,0,CAPACITY_EXCEEDED,INVALID
2427,2,27,32,26760,29601,0,CAPACITY_EXCEEDED,INVALID
2428,2,27,33,25219,28000,1,FEASIBLE,WORSE
2429,2,27,34,25607,28405,0,CAPACITY_EXCEEDED,INVALID
2430,2,27,35,26464,29245,0,CAPACITY_EXCEEDED,INVALID
2431,2,27,36,26169,28976,0,CAPACITY_EXCEEDED,INVALID
2432,2,27,37,24875,27654,1,FEASIBLE,WORSE
2433,2,27,38,24898,27744,1,FEASIBLE,WORSE
2434,2,27,39,26323,29176,0,CAPACITY_EXCEEDED,INVALID
2435,2,27,40,25163,27975,1,FEASIBLE,WORSE
2436,2,27,41,25110,27916,1,FEASIBLE,WORSE
2437,2,27,42,25002,27873,1,FEASIBLE,WORSE
2438,2,27,43,26785,29648,0,CAPACITY_EXCEEDED,INVALID
2439,2,27,44,25779,28664,0,CAPACITY_EXCEEDED,INVALID
2440,2,27,45,26170,29011,0,CAPACITY_EXCEEDED,INVALID
2441,2,27,46,26410,29208,0,CAPACITY_EXCEEDED,INVALID
2442,2,27,47,25503,28347,0,CAPACITY_EXCEEDED,INVALID
2443,2,27,48,25218,28066,1,FEASIBLE,WORSE
2444,2,27,49,25898,28705,0,CAPACITY_EXCEEDED,INVALID
2445,2,27,50,24927,27770,1,FEASIBLE,WORSE
2446,2,27,51,26334,29122,0,CAPACITY_EXCEEDED,INVALID
2447,2,27,52,25925,28715,0,CAPACITY_EXCEEDED,INVALID
2448,2,27,53,25145,27985,1,FEASIBLE,WORSE
2449,2,27,54,26121,28983,0,CAPACITY_EXCEEDED,INVALID
2450,2,27,55,25611,28400,0,CAPACITY_EXCEEDED,INVALID
2451,2,27,56,25324,28167,1,FEASIBLE,WORSE
2452,2,27,57,25669,28498,0,CAPACITY_EXCEEDED,INVALID
2453,2,27,58,26018,28812,0,CAPACITY_EXCEEDED,INVALID
2454,2,27,59,24942,27744,1,FEASIBLE,WORSE
2455,2,27,60,26507,29292,0,CAPACITY_EXCEEDED,INVALID
2456,2,27,61,25795,28607,0,CAPACITY_EXCEEDED,INVALID
2457,2,27,62,25029,27815,1,FEASIBLE,WORSE
2458,2,27,63,25790,28569,0,CAPACITY_EXCEEDED,INVALID
2459,2,27,64,25475,28265,0,CAPACITY_EXCEEDED,INVALID
2460,2,27,65,26713,29572,0,CAPACITY_EXCEEDED,INVALID
2461,2,27,66,25187,28017,1,FEASIBLE,WORSE
2462,2,27,67,25501,28311,0,CAPACITY_EXCEEDED,INVALID
2463,2,27,68,26186,28982,0,CAPACITY_EXCEEDED,INVALID
2464,2,27,69,25418,28198,0,CAPACITY_EXCEEDED,INVALID
2465,2,27,70,25681,28468,0,CAPACITY_EXCEEDED,INVALID
2466,2,27,71,26808,29665,0,CAPACITY_EXCEEDED,INVALID
2467,2,27,72,25754,28557,0,CAPACITY_EXCEEDED,INVALID
2468,2,27,73,26231,29089,0,CAPACITY_EXCEEDED,INVALID
2469,2,27,74,26555,29379,0,CAPACITY_EXCEEDED,INVALID
2470,2,27,75,25410,28236,0,CAPACITY_EXCEEDED,INVALID
2471,2,27,76,26789,29570,0,CAPACITY_EXCEEDED,INVALID
2472,2,27,77,25562,28371,0,CAPACITY_EXCEEDED,INVALID
2473,2,27,78,24828,27601,1,FEASIBLE,WORSE
2474,2,27,79,26701,29527,0,CAPACITY_EXCEEDED,INVALID
2475,2,27,80,25137,27918,1,FEASIBLE,WORSE
2476,2,27,81,26698,29483,0,CAPACITY_EXCEEDED,INVALID
2477,2,27,82,25360,28157,1,FEASIBLE,WORSE
2478,2,27,83,26640,29465,0,CAPACITY_EXCEEDED,INVALID
2479,2,27,84,25011,27786,1,FEASIBLE,WORSE
2480,2,27,85,26325,29180,0,CAPACITY_EXCEEDED,INVALID
2481,2,27,86,25337,28121,1,FEASIBLE,WORSE
2482,2,27,87,26514,29289,0,CAPACITY_EXCEEDED,INVALID
2483,2,27,88,26218,29004,0,CAPACITY_EXCEEDED,INVALID
2484,2,27,89,25722,28525,0,CAPACITY_EXCEEDED,INVALID
2485,2,27,90,25061,27902,1,FEASIBLE,WORSE
2486,2,27,91,25542,28404,0,CAPACITY_EXCEEDED,INVALID
2487,2,27,92,26296,29071,0,CAPACITY_EXCEEDED,INVALID
2488,2,27,93,26593,29396,0,CAPACITY_EXCEEDED,INVALID
2489,2,27,94,25635,28530,0,CAPACITY_EXCEEDED,INVALID
2490,2,27,95,25830,28684,0,CAPACITY_EXCEEDED,INVALID
2491,2,27,96,25684,28454,0,CAPACITY_EXCEEDED,INVALID
2492,2,27,97,25218,28034,1,FEASIBLE,WORSE
2493,2,27,98,25446,28225,0,CAPACITY_EXCEEDED,INVALID
2494,2,27,99,25551,28380,0,CAPACITY_EXCEEDED,INVALID
2495,2,28,29,25258,28073,1,FEASIBLE,WORSE
2496,2,28,30,26091,28883,0,CAPACITY_EXCEEDED,INVALID
2497,2,28,31,25164,27990,1,FEASIBLE,WORSE
2498,2,28,32,26408,29250,0,CAPACITY_EXCEEDED,INVALID
2499,2,28,33,24867,27649,1,FEASIBLE,WORSE
2500,2,28,34,25255,28054,1,FEASIBLE,WORSE
2501,2,28,35,26112,28894,0,CAPACITY_EXCEEDED,INVALID
2502,2,28,36,25817,28625,0,CAPACITY_EXCEEDED,INVALID
2503,2,28,37,24523,27303,1,FEASIBLE,WORSE
2504,2,28,38,24546,27393,1,FEASIBLE,WORSE
2505,2,28,39,25971,28825,0,CAPACITY_EXCEEDED,INVALID
2506,2,28,40,24811,27624,1,FEASIBLE,WORSE
2507,2,28,41,24758,27565,1,FEASIBLE,WORSE
2508,2,28,42,24650,27522,1,FEASIBLE,WORSE
2509,2,28,43,26433,29297,0,CAPACITY_EXCEEDED,INVALID
2510,2,28,44,25427,28313,0,CAPACITY_EXCEEDED,INVALID
2511,2,28,45,25818,28660,0,CAPACITY_EXCEEDED,INVALID
2512,2,28,46,26058,28857,0,CAPACITY_EXCEEDED,INVALID
2513,2,28,47,25151,27996,1,FEASIBLE,WORSE
2514,2,28,48,24866,27715,1,FEASIBLE,WORSE
2515,2,28,49,25546,28354,0,CAPACITY_EXCEEDED,INVALID
2516,2,28,50,24575,27419,1,FEASIBLE,WORSE
2517,2,28,51,25982,28771,0,CAPACITY_EXCEEDED,INVALID
2518,2,28,52,25573,28364,0,CAPACITY_EXCEEDED,INVALID
2519,2,28,53,24793,27634,1,FEASIBLE,WORSE
2520,2,28,54,25769,28632,0,CAPACITY_EXCEEDED,INVALID
2521,2,28,55,25259,28049,1,FEASIBLE,WORSE
2522,2,28,56,24972,27816,1,FEASIBLE,WORSE
2523,2,28,57,25317,28147,1,FEASIBLE,WORSE
2524,2,28,58,25666,28461,0,CAPACITY_EXCEEDED,INVALID
2525,2,28,59,24590,27393,1,FEASIBLE,WORSE
2526,2,28,60,26155,28941,0,CAPACITY_EXCEEDED,INVALID
2527,2,28,61,25443,28256,0,CAPACITY_EXCEEDED,INVALID
2528,2,28,62,24677,27464,1,FEASIBLE,WORSE
2529,2,28,63,25438,28218,0,CAPACITY_EXCEEDED,INVALID
2530,2,28,64,25123,27914,1,FEASIBLE,WORSE
2531,2,28,65,26361,29221,0,CAPACITY_EXCEEDED,INVALID
2532,2,28,66,24835,27666,1,FEASIBLE,WORSE
2533,2,28,67,25149,27960,1,FEASIBLE,WORSE
2534,2,28,68,25834,28631,0,CAPACITY_EXCEEDED,INVALID
2535,2,28,69,25066,27847,1,FEASIBLE,WORSE
2536,2,28,70,25329,28117,1,FEASIBLE,WORSE
2537,2,28,71,26456,29314,0,CAPACITY_EXCEEDED,INVALID
2538,2,28,72,25402,28206,0,CAPACITY_EXCEEDED,INVALID
2539,2,28,73,25879,28738,0,CAPACITY_EXCEEDED,INVALID
2540,2,28,74,26203,29028,0,CAPACITY_EXCEEDED,INVALID
2541,2,28,75,25058,27885,1,FEASIBLE,WORSE
2542,2,28,76,26437,29219,0,CAPACITY_EXCEEDED,INVALID
2543,2,28,77,25210,28020,1,FEASIBLE,WORSE
2544,2,28,78,24476,27250,1,FEASIBLE,WORSE
2545,2,28,79,26349,29176,0,CAPACITY_EXCEEDED,INVALID
2546,2,28,80,24785,27567,1,FEASIBLE,WORSE
2547,2,28,81,26346,29132,0,CAPACITY_EXCEEDED,INVALID
2548,2,28,82,25008,27806,1,FEASIBLE,WORSE
2549,2,28,83,26288,29114,0,CAPACITY_EXCEEDED,INVALID
2550,2,28,84,24659,27435,1,FEASIBLE,WORSE
2551,2,28,85,25973,28829,0,CAPACITY_EXCEEDED,INVALID
2552,2,28,86,24985,27770,1,FEASIBLE,WORSE
2553,2,28,87,26162,28938,0,CAPACITY_EXCEEDED,INVALID
2554,2,28,88,25866,28653,0,CAPACITY_EXCEEDED,INVALID
2555,2,28,89,25370,28174,1,FEASIBLE,WORSE
2556,2,28,90,24709,27551,1,FEASIBLE,WORSE
2557,2,28,91,25190,28053,1,FEASIBLE,WORSE
2558,2,28,92,25944,28720,0,CAPACITY_EXCEEDED,INVALID
2559,2,28,93,26241,29045,0,CAPACITY_EXCEEDED,INVALID
2560,2,28,94,25283,28179,1,FEASIBLE,WORSE
2561,2,28,95,25478,28333,0,CAPACITY_EXCEEDED,INVALID
2562,2,28,96,25332,28103,1,FEASIBLE,WORSE
2563,2,28,97,24866,27683,1,FEASIBLE,WORSE
2564,2,28,98,25094,27874,1,FEASIBLE,WORSE
2565,2,28,99,25199,28029,1,FEASIBLE,WORSE
2566,2,29,30,25799,28624,0,CAPACITY_EXCEEDED,INVALID
2567,2,29,31,24872,27731,1,FEASIBLE,WORSE
2568,2,29,32,26116,28991,0,CAPACITY_EXCEEDED,INVALID
2569,2,29,33,24575,27390,1,FEASIBLE,WORSE
2570,2,29,34,24963,27795,1,FEASIBLE,WORSE
2571,2,29,35,25820,28635,0,CAPACITY_EXCEEDED,INVALID
2572,2,29,36,25525,28366,0,CAPACITY_EXCEEDED,INVALID
2573,2,29,37,24231,27044,1,FEASIBLE,WORSE
2574,2,29,38,24254,27134,1,FEASIBLE,WORSE
2575,2,29,39,25679,28566,0,CAPACITY_EXCEEDED,INVALID
2576,2,29,40,24519,27365,1,FEASIBLE,WORSE
2577,2,29,41,24466,27306,1,FEASIBLE,WORSE
2578,2,29,42,24358,27263,1,FEASIBLE,WORSE
2579,2,29,43,26141,29038,0,CAPACITY_EXCEEDED,INVALID
2580,2,29,44,25135,28054,1,FEASIBLE,WORSE
2581,2,29,45,25526,28401,0,CAPACITY_EXCEEDED,INVALID
2582,2,29,46,25766,28598,0,CAPACITY_EXCEEDED,INVALID
2583,2,29,47,24859,27737,1,FEASIBLE,WORSE
2584,2,29,48,24574,27456,1,FEASIBLE,WORSE
2585,2,29,49,25254,28095,1,FEASIBLE,WORSE
2586,2,29,50,24283,27160,1,FEASIBLE,WORSE
2587,2,29,51,25690,28512,0,CAPACITY_EXCEEDED,INVALID
2588,2,29,52,25281,28105,1,FEASIBLE,WORSE
2589,2,29,53,24501,27375,1,FEASIBLE,WORSE
2590,2,29,54,25477,28373,0,CAPACITY_EXCEEDED,INVALID
2591,2,29,55,24967,27790,1,FEASIBLE,WORSE
2592,2,29,56,24680,27557,1,FEASIBLE,WORSE
2593,2,29,57,25025,27888,1,FEASIBLE,WORSE
2594,2,29,58,25374,28202,0,CAPACITY_EXCEEDED,INVALID
2595,2,29,59,24298,27134,1,FEASIBLE,WORSE
2596,2,29,60,25863,28682,0,CAPACITY_EXCEEDED,INVALID
2597,2,29,61,25151,27997,1,FEASIBLE,WORSE
2598,2,29,62,24385,27205,1,FEASIBLE,WORSE
2599,2,29,63,25146,27959,1,FEASIBLE,WORSE
2600,2,29,64,24831,27655,1,FEASIBLE,WORSE
2601,2,29,65,26069,28962,0,CAPACITY_EXCEEDED,INVALID
2602,2,29,66,24543,27407,1,FEASIBLE,WORSE
2603,2,29,67,24857,27701,1,FEASIBLE,WORSE
2604,2,29,68,25542,28372,0,CAPACITY_EXCEEDED,INVALID
2605,2,29,69,24774,27588,1,FEASIBLE,WORSE
2606,2,29,70,25037,27858,1,FEASIBLE,WORSE
2607,2,29,71,26164,29055,0,CAPACITY_EXCEEDED,INVALID
2608,2,29,72,25110,27947,1,FEASIBLE,WORSE
2609,2,29,73,25587,28479,0,CAPACITY_EXCEEDED,INVALID
2610,2,29,74,25911,28769,0,CAPACITY_EXCEEDED,INVALID
2611,2,29,75,24766,27626,1,FEASIBLE,WORSE
2612,2,29,76,26145,28960,0,CAPACITY_EXCEEDED,INVALID
2613,2,29,77,24918,27761,1,FEASIBLE,WORSE
2614,2,29,78,24184,26991,1,FEASIBLE,WORSE
2615,2,29,79,26057,28917,0,CAPACITY_EXCEEDED,INVALID
2616,2,29,80,24493,27308,1,FEASIBLE,WORSE
2617,2,29,81,26054,28873,0,CAPACITY_EXCEEDED,INVALID
2618,2,29,82,24716,27547,1,FEASIBLE,WORSE
2619,2,29,83,25996,28855,0,CAPACITY_EXCEEDED,INVALID
2620,2,29,84,24367,27176,1,FEASIBLE,WORSE
2621,2,29,85,25681,28570,0,CAPACITY_EXCEEDED,INVALID
2622,2,29,86,24693,27511,1,FEASIBLE,WORSE
2623,2,29,87,25870,28679,0,CAPACITY_EXCEEDED,INVALID
2624,2,29,88,25574,28394,0,CAPACITY_EXCEEDED,INVALID
2625,2,29,89,25078,27915,1,FEASIBLE,WORSE
2626,2,29,90,24417,27292,1,FEASIBLE,WORSE
2627,2,29,91,24898,27794,1,FEASIBLE,WORSE
2628,2,29,92,25652,28461,0,CAPACITY_EXCEEDED,INVALID
2629,2,29,93,25949,28786,0,CAPACITY_EXCEEDED,INVALID
2630,2,29,94,24991,27920,1,FEASIBLE,WORSE
2631,2,29,95,25186,28074,1,FEASIBLE,WORSE
2632,2,29,96,25040,27844,1,FEASIBLE,WORSE
2633,2,29,97,24574,27424,1,FEASIBLE,WORSE
2634,2,29,98,24802,27615,1,FEASIBLE,WORSE
2635,2,29,99,24907,27770,1,FEASIBLE,WORSE
2636,2,30,31,25705,28541,0,CAPACITY_EXCEEDED,INVALID
2637,2,30,32,26949,29801,0,CAPACITY_EXCEEDED,INVALID
2638,2,30,33,25408,28200,0,CAPACITY_EXCEEDED,INVALID
2639,2,30,34,25796,28605,0,CAPACITY_EXCEEDED,INVALID
2640,2,30,35,26653,29445,0,CAPACITY_EXCEEDED,INVALID
2641,2,30,36,26358,29176,0,CAPACITY_EXCEEDED,INVALID
2642,2,30,37,25064,27854,1,FEASIBLE,WORSE
2643,2,30,38,25087,27944,1,FEASIBLE,WORSE
2644,2,30,39,26512,29376,0,CAPACITY_EXCEEDED,INVALID
2645,2,30,40,25352,28175,1,FEASIBLE,WORSE
2646,2,30,41,25299,28116,1,FEASIBLE,WORSE
2647,2,30,42,25191,28073,1,FEASIBLE,WORSE
2648,2,30,43,26974,29848,0,CAPACITY_EXCEEDED,INVALID
2649,2,30,44,25968,28864,0,CAPACITY_EXCEEDED,INVALID
2650,2,30,45,26359,29211,0,CAPACITY_EXCEEDED,INVALID
2651,2,30,46,26599,29408,0,CAPACITY_EXCEEDED,INVALID
2652,2,30,47,25692,28547,0,CAPACITY_EXCEEDED,INVALID
2653,2,30,48,25407,28266,0,CAPACITY_EXCEEDED,INVALID
2654,2,30,49,26087,28905,0,CAPACITY_EXCEEDED,INVALID
2655,2,30,50,25116,27970,1,FEASIBLE,WORSE
2656,2,30,51,26523,29322,0,CAPACITY_EXCEEDED,INVALID
2657,2,30,52,26114,28915,0,CAPACITY_EXCEEDED,INVALID
2658,2,30,53,25334,28185,1,FEASIBLE,WORSE
2659,2,30,54,26310,29183,0,CAPACITY_EXCEEDED,INVALID
2660,2,30,55,25800,28600,0,CAPACITY_EXCEEDED,INVALID
2661,2,30,56,25513,28367,0,CAPACITY_EXCEEDED,INVALID
2662,2,30,57,25858,28698,0,CAPACITY_EXCEEDED,INVALID
2663,2,30,58,26207,29012,0,CAPACITY_EXCEEDED,INVALID
2664,2,30,59,25131,27944,1,FEASIBLE,WORSE
2665,2,30,60,26696,29492,0,CAPACITY_EXCEEDED,INVALID
2666,2,30,61,25984,28807,0,CAPACITY_EXCEEDED,INVALID
2667,2,30,62,25218,28015,1,FEASIBLE,WORSE
2668,2,30,63,25979,28769,0,CAPACITY_EXCEEDED,INVALID
2669,2,30,64,25664,28465,0,CAPACITY_EXCEEDED,INVALID
2670,2,30,65,26902,29772,0,CAPACITY_EXCEEDED,INVALID
2671,2,30,66,25376,28217,0,CAPACITY_EXCEEDED,INVALID
2672,2,30,67,25690,28511,0,CAPACITY_EXCEEDED,INVALID
2673,2,30,68,26375,29182,0,CAPACITY_EXCEEDED,INVALID
2674,2,30,69,25607,28398,0,CAPACITY_EXCEEDED,INVALID
2675,2,30,70,25870,28668,0,CAPACITY_EXCEEDED,INVALID
2676,2,30,71,26997,29865,0,CAPACITY_EXCEEDED,INVALID
2677,2,30,72,25943,28757,0,CAPACITY_EXCEEDED,INVALID
2678,2,30,73,26420,29289,0,CAPACITY_EXCEEDED,INVALID
2679,2,30,74,26744,29579,0,CAPACITY_EXCEEDED,INVALID
2680,2,30,75,25599,28436,0,CAPACITY_EXCEEDED,INVALID
2681,2,30,76,26978,29770,0,CAPACITY_EXCEEDED,INVALID
2682,2,30,77,25751,28571,0,CAPACITY_EXCEEDED,INVALID
2683,2,30,78,25017,27801,1,FEASIBLE,WORSE
2684,2,30,79,26890,29727,0,CAPACITY_EXCEEDED,INVALID
2685,2,30,80,25326,28118,1,FEASIBLE,WORSE
2686,2,30,81,26887,29683,0,CAPACITY_EXCEEDED,INVALID
2687,2,30,82,25549,28357,0,CAPACITY_EXCEEDED,INVALID
2688,2,30,83,26829,29665,0,CAPACITY_EXCEEDED,INVALID
2689,2,30,84,25200,27986,1,FEASIBLE,WORSE
2690,2,30,85,26514,29380,0,CAPACITY_EXCEEDED,INVALID
2691,2,30,86,25526,28321,0,CAPACITY_EXCEEDED,INVALID
2692,2,30,87,26703,29489,0,CAPACITY_EXCEEDED,INVALID
2693,2,30,88,26407,29204,0,CAPACITY_EXCEEDED,INVALID
2694,2,30,89,25911,28725,0,CAPACITY_EXCEEDED,INVALID
2695,2,30,90,25250,28102,1,FEASIBLE,WORSE
2696,2,30,91,25731,28604,0,CAPACITY_EXCEEDED,INVALID
2697,2,30,92,26485,29271,0,CAPACITY_EXCEEDED,INVALID
2698,2,30,93,26782,29596,0,CAPACITY_EXCEEDED,INVALID
2699,2,30,94,25824,28730,0,CAPACITY_EXCEEDED,INVALID
2700,2,30,95,26019,28884,0,CAPACITY_EXCEEDED,INVALID
2701,2,30,96,25873,28654,0,CAPACITY_EXCEEDED,INVALID
2702,2,30,97,25407,28234,0,CAPACITY_EXCEEDED,INVALID
2703,2,30,98,25635,28425,0,CAPACITY_EXCEEDED,INVALID
2704,2,30,99,25740,28580,0,CAPACITY_EXCEEDED,INVALID
2705,2,31,32,26022,28908,0,CAPACITY_EXCEEDED,INVALID
2706,2,31,33,24481,27307,1,FEASIBLE,WORSE
2707,2,31,34,24869,27712,1,FEASIBLE,WORSE
2708,2,31,35,25726,28552,0,CAPACITY_EXCEEDED,INVALID
2709,2,31,36,25431,28283,0,CAPACITY_EXCEEDED,INVALID
2710,2,31,37,24137,26961,1,FEASIBLE,WORSE
2711,2,31,38,24160,27051,1,FEASIBLE,WORSE
2712,2,31,39,25585,28483,0,CAPACITY_EXCEEDED,INVALID
2713,2,31,40,24425,27282,1,FEASIBLE,WORSE
2714,2,31,41,24372,27223,1,FEASIBLE,WORSE
2715,2,31,42,24264,27180,1,FEASIBLE,WORSE
2716,2,31,43,26047,28955,0,CAPACITY_EXCEEDED,INVALID
2717,2,31,44,25041,27971,1,FEASIBLE,WORSE
2718,2,31,45,25432,28318,0,CAPACITY_EXCEEDED,INVALID
2719,2,31,46,25672,28515,0,CAPACITY_EXCEEDED,INVALID
2720,2,31,47,24765,27654,1,FEASIBLE,WORSE
2721,2,31,48,24480,27373,1,FEASIBLE,WORSE
2722,2,31,49,25160,28012,1,FEASIBLE,WORSE
2723,2,31,50,24189,27077,1,FEASIBLE,WORSE
2724,2,31,51,25596,28429,0,CAPACITY_EXCEEDED,INVALID
2725,2,31,52,25187,28022,1,FEASIBLE,WORSE
2726,2,31,53,24407,27292,1,FEASIBLE,WORSE
2727,2,31,54,25383,28290,0,CAPACITY_EXCEEDED,INVALID
2728,2,31,55,24873,27707,1,FEASIBLE,WORSE
2729,2,31,56,24586,27474,1,FEASIBLE,WORSE
2730,2,31,57,24931,27805,1,FEASIBLE,WORSE
2731,2,31,58,25280,28119,1,FEASIBLE,WORSE
2732,2,31,59,24204,27051,1,FEASIBLE,WORSE
2733,2,31,60,25769,28599,0,CAPACITY_EXCEEDED,INVALID
2734,2,31,61,25057,27914,1,FEASIBLE,WORSE
2735,2,31,62,24291,27122,1,FEASIBLE,WORSE
2736,2,31,63,25052,27876,1,FEASIBLE,WORSE
2737,2,31,64,24737,27572,1,FEASIBLE,WORSE
2738,2,31,65,25975,28879,0,CAPACITY_EXCEEDED,INVALID
2739,2,31,66,24449,27324,1,FEASIBLE,WORSE
2740,2,31,67,24763,27618,1,FEASIBLE,WORSE
2741,2,31,68,25448,28289,0,CAPACITY_EXCEEDED,INVALID
2742,2,31,69,24680,27505,1,FEASIBLE,WORSE
2743,2,31,70,24943,27775,1,FEASIBLE,WORSE
2744,2,31,71,26070,28972,0,CAPACITY_EXCEEDED,INVALID
2745,2,31,72,25016,27864,1,FEASIBLE,WORSE
2746,2,31,73,25493,28396,0,CAPACITY_EXCEEDED,INVALID
2747,2,31,74,25817,28686,0,CAPACITY_EXCEEDED,INVALID
2748,2,31,75,24672,27543,1,FEASIBLE,WORSE
2749,2,31,76,26051,28877,0,CAPACITY_EXCEEDED,INVALID
2750,2,31,77,24824,27678,1,FEASIBLE,WORSE
2751,2,31,78,24090,26908,1,FEASIBLE,WORSE
2752,2,31,79,25963,28834,0,CAPACITY_EXCEEDED,INVALID
2753,2,31,80,24399,27225,1,FEASIBLE,WORSE
2754,2,31,81,25960,28790,0,CAPACITY_EXCEEDED,INVALID
2755,2,31,82,24622,27464,1,FEASIBLE,WORSE
2756,2,31,83,25902,28772,0,CAPACITY_EXCEEDED,INVALID
2757,2,31,84,24273,27093,1,FEASIBLE,WORSE
2758,2,31,85,25587,28487,0,CAPACITY_EXCEEDED,INVALID
2759,2,31,86,24599,27428,1,FEASIBLE,WORSE
2760,2,31,87,25776,28596,0,CAPACITY_EXCEEDED,INVALID
2761,2,31,88,25480,28311,0,CAPACITY_EXCEEDED,INVALID
2762,2,31,89,24984,27832,1,FEASIBLE,WORSE
2763,2,31,90,24323,27209,1,FEASIBLE,WORSE
2764,2,31,91,24804,27711,1,FEASIBLE,WORSE
2765,2,31,92,25558,28378,0,CAPACITY_EXCEEDED,INVALID
2766,2,31,93,25855,28703,0,CAPACITY_EXCEEDED,INVALID
2767,2,31,94,24897,27837,1,FEASIBLE,WORSE
2768,2,31,95,25092,27991,1,FEASIBLE,WORSE
2769,2,31,96,24946,27761,1,FEASIBLE,WORSE
2770,2,31,97,24480,27341,1,FEASIBLE,WORSE
2771,2,31,98,24708,27532,1,FEASIBLE,WORSE
2772,2,31,99,24813,27687,1,FEASIBLE,WORSE
2773,2,32,33,25725,28567,0,CAPACITY_EXCEEDED,INVALID
2774,2,32,34,26113,28972,0,CAPACITY_EXCEEDED,INVALID
2775,2,32,35,26970,29812,0,CAPACITY_EXCEEDED,INVALID
2776,2,32,36,26675,29543,0,CAPACITY_EXCEEDED,INVALID
2777,2,32,37,25381,28221,0,CAPACITY_EXCEEDED,INVALID
2778,2,32,38,25404,28311,0,CAPACITY_EXCEEDED,INVALID
2779,2,32,39,26829,29743,0,CAPACITY_EXCEEDED,INVALID
2780,2,32,40,25669,28542,0,CAPACITY_EXCEEDED,INVALID
2781,2,32,41,25616,28483,0,CAPACITY_EXCEEDED,INVALID
2782,2,32,42,25508,28440,0,CAPACITY_EXCEEDED,INVALID
2783,2,32,43,27291,30215,0,CAPACITY_EXCEEDED,INVALID
2784,2,32,44,26285,29231,0,CAPACITY_EXCEEDED,INVALID
2785,2,32,45,26676,29578,0,CAPACITY_EXCEEDED,INVALID
2786,2,32,46,26916,29775,0,CAPACITY_EXCEEDED,INVALID
2787,2,32,47,26009,28914,0,CAPACITY_EXCEEDED,INVALID
2788,2,32,48,25724,28633,0,CAPACITY_EXCEEDED,INVALID
2789,2,32,49,26404,29272,0,CAPACITY_EXCEEDED,INVALID
2790,2,32,50,25433,28337,0,CAPACITY_EXCEEDED,INVALID
2791,2,32,51,26840,29689,0,CAPACITY_EXCEEDED,INVALID
2792,2,32,52,26431,29282,0,CAPACITY_EXCEEDED,INVALID
2793,2,32,53,25651,28552,0,CAPACITY_EXCEEDED,INVALID
2794,2,32,54,26627,29550,0,CAPACITY_EXCEEDED,INVALID
2795,2,32,55,26117,28967,0,CAPACITY_EXCEEDED,INVALID
2796,2,32,56,25830,28734,0,CAPACITY_EXCEEDED,INVALID
2797,2,32,57,26175,29065,0,CAPACITY_EXCEEDED,INVALID
2798,2,32,58,26524,29379,0,CAPACITY_EXCEEDED,INVALID
2799,2,32,59,25448,28311,0,CAPACITY_EXCEEDED,INVALID
2800,2,32,60,27013,29859,0,CAPACITY_EXCEEDED,INVALID
2801,2,32,61,26301,29174,0,CAPACITY_EXCEEDED,INVALID
2802,2,32,62,25535,28382,0,CAPACITY_EXCEEDED,INVALID
2803,2,32,63,26296,29136,0,CAPACITY_EXCEEDED,INVALID
2804,2,32,64,25981,28832,0,CAPACITY_EXCEEDED,INVALID
2805,2,32,65,27219,30139,0,CAPACITY_EXCEEDED,INVALID
2806,2,32,66,25693,28584,0,CAPACITY_EXCEEDED,INVALID
2807,2,32,67,26007,28878,0,CAPACITY_EXCEEDED,INVALID
2808,2,32,68,26692,29549,0,CAPACITY_EXCEEDED,INVALID
2809,2,32,69,25924,28765,0,CAPACITY_EXCEEDED,INVALID
2810,2,32,70,26187,29035,0,CAPACITY_EXCEEDED,INVALID
2811,2,32,71,27314,30232,0,CAPACITY_EXCEEDED,INVALID
2812,2,32,72,26260,29124,0,CAPACITY_EXCEEDED,INVALID
2813,2,32,73,26737,29656,0,CAPACITY_EXCEEDED,INVALID
2814,2,32,74,27061,29946,0,CAPACITY_EXCEEDED,INVALID
2815,2,32,75,25916,28803,0,CAPACITY_EXCEEDED,INVALID
2816,2,32,76,27295,30137,0,CAPACITY_EXCEEDED,INVALID
2817,2,32,77,26068,28938,0,CAPACITY_EXCEEDED,INVALID
2818,2,32,78,25334,28168,1,FEASIBLE,WORSE
2819,2,32,79,27207,30094,0,CAPACITY_EXCEEDED,INVALID
2820,2,32,80,25643,28485,0,CAPACITY_EXCEEDED,INVALID
2821,2,32,81,27204,30050,0,CAPACITY_EXCEEDED,INVALID
2822,2,32,82,25866,28724,0,CAPACITY_EXCEEDED,INVALID
2823,2,32,83,27146,30032,0,CAPACITY_EXCEEDED,INVALID
2824,2,32,84,25517,28353,0,CAPACITY_EXCEEDED,INVALID
2825,2,32,85,26831,29747,0,CAPACITY_EXCEEDED,INVALID
2826,2,32,86,25843,28688,0,CAPACITY_EXCEEDED,INVALID
2827,2,32,87,27020,29856,0,CAPACITY_EXCEEDED,INVALID
2828,2,32,88,26724,29571,0,CAPACITY_EXCEEDED,INVALID
2829,2,32,89,26228,29092,0,CAPACITY_EXCEEDED,INVALID
2830,2,32,90,25567,28469,0,CAPACITY_EXCEEDED,INVALID
2831,2,32,91,26048,28971,0,CAPACITY_EXCEEDED,INVALID
2832,2,32,92,26802,29638,0,CAPACITY_EXCEEDED,INVALID
2833,2,32,93,27099,29963,0,CAPACITY_EXCEEDED,INVALID
2834,2,32,94,26141,29097,0,CAPACITY_EXCEEDED,INVALID
2835,2,32,95,26336,29251,0,CAPACITY_EXCEEDED,INVALID
2836,2,32,96,26190,29021,0,CAPACITY_EXCEEDED,INVALID
2837,2,32,97,25724,28601,0,CAPACITY_EXCEEDED,INVALID
2838,2,32,98,25952,28792,0,CAPACITY_EXCEEDED,INVALID
2839,2,32,99,26057,28947,0,CAPACITY_EXCEEDED,INVALID
2840,2,33,34,24572,27371,1,FEASIBLE,WORSE
2841,2,33,35,25429,28211,0,CAPACITY_EXCEEDED,INVALID
2842,2,33,36,25134,27942,1,FEASIBLE,WORSE
2843,2,33,37,23840,26620,1,FEASIBLE,WORSE
2844,2,33,38,23863,26710,1,FEASIBLE,WORSE
2845,2,33,39,25288,28142,1,FEASIBLE,WORSE
2846,2,33,40,24128,26941,1,FEASIBLE,WORSE
2847,2,33,41,24075,26882,1,FEASIBLE,WORSE
2848,2,33,42,23967,26839,1,FEASIBLE,WORSE
2849,2,33,43,25750,28614,0,CAPACITY_EXCEEDED,INVALID
2850,2,33,44,24744,27630,1,FEASIBLE,WORSE
2851,2,33,45,25135,27977,1,FEASIBLE,WORSE
2852,2,33,46,25375,28174,0,CAPACITY_EXCEEDED,INVALID
2853,2,33,47,24468,27313,1,FEASIBLE,WORSE
2854,2,33,48,24183,27032,1,FEASIBLE,WORSE
2855,2,33,49,24863,27671,1,FEASIBLE,WORSE
2856,2,33,50,23892,26736,1,FEASIBLE,WORSE
2857,2,33,51,25299,28088,1,FEASIBLE,WORSE
2858,2,33,52,24890,27681,1,FEASIBLE,WORSE
2859,2,33,53,24110,26951,1,FEASIBLE,WORSE
2860,2,33,54,25086,27949,1,FEASIBLE,WORSE
2861,2,33,55,24576,27366,1,FEASIBLE,WORSE
2862,2,33,56,24289,27133,1,FEASIBLE,WORSE
2863,2,33,57,24634,27464,1,FEASIBLE,WORSE
2864,2,33,58,24983,27778,1,FEASIBLE,WORSE
2865,2,33,59,23907,26710,1,FEASIBLE,WORSE
2866,2,33,60,25472,28258,0,CAPACITY_EXCEEDED,INVALID
2867,2,33,61,24760,27573,1,FEASIBLE,WORSE
2868,2,33,62,23994,26781,1,FEASIBLE,WORSE
2869,2,33,63,24755,27535,1,FEASIBLE,WORSE
2870,2,33,64,24440,27231,1,FEASIBLE,WORSE
2871,2,33,65,25678,28538,0,CAPACITY_EXCEEDED,INVALID
2872,2,33,66,24152,26983,1,FEASIBLE,WORSE
2873,2,33,67,24466,27277,1,FEASIBLE,WORSE
2874,2,33,68,25151,27948,1,FEASIBLE,WORSE
2875,2,33,69,24383,27164,1,FEASIBLE,WORSE
2876,2,33,70,24646,27434,1,FEASIBLE,WORSE
2877,2,33,71,25773,28631,0,CAPACITY_EXCEEDED,INVALID
2878,2,33,72,24719,27523,1,FEASIBLE,WORSE
2879,2,33,73,25196,28055,1,FEASIBLE,WORSE
2880,2,33,74,25520,28345,0,CAPACITY_EXCEEDED,INVALID
2881,2,33,75,24375,27202,1,FEASIBLE,WORSE
2882,2,33,76,25754,28536,0,CAPACITY_EXCEEDED,INVALID
2883,2,33,77,24527,27337,1,FEASIBLE,WORSE
2884,2,33,78,23793,26567,1,FEASIBLE,WORSE
2885,2,33,79,25666,28493,0,CAPACITY_EXCEEDED,INVALID
2886,2,33,80,24102,26884,1,FEASIBLE,WORSE
2887,2,33,81,25663,28449,0,CAPACITY_EXCEEDED,INVALID
2888,2,33,82,24325,27123,1,FEASIBLE,WORSE
2889,2,33,83,25605,28431,0,CAPACITY_EXCEEDED,INVALID
2890,2,33,84,23976,26752,1,FEASIBLE,WORSE
2891,2,33,85,25290,28146,1,FEASIBLE,WORSE
2892,2,33,86,24302,27087,1,FEASIBLE,WORSE
2893,2,33,87,25479,28255,0,CAPACITY_EXCEEDED,INVALID
2894,2,33,88,25183,27970,1,FEASIBLE,WORSE
2895,2,33,89,24687,27491,1,FEASIBLE,WORSE
2896,2,33,90,24026,26868,1,FEASIBLE,WORSE
2897,2,33,91,24507,27370,1,FEASIBLE,WORSE
2898,2,33,92,25261,28037,1,FEASIBLE,WORSE
2899,2,33,93,25558,28362,0,CAPACITY_EXCEEDED,INVALID
2900,2,33,94,24600,27496,1,FEASIBLE,WORSE
2901,2,33,95,24795,27650,1,FEASIBLE,WORSE
2902,2,33,96,24649,27420,1,FEASIBLE,WORSE
2903,2,33,97,24183,27000,1,FEASIBLE,WORSE
2904,2,33,98,24411,27191,1,FEASIBLE,WORSE
2905,2,33,99,24516,27346,1,FEASIBLE,WORSE
2906,2,34,35,25817,28616,0,CAPACITY_EXCEEDED,INVALID
2907,2,34,36,25522,28347,0,CAPACITY_EXCEEDED,INVALID
2908,2,34,37,24228,27025,1,FEASIBLE,WORSE
2909,2,34,38,24251,27115,1,FEASIBLE,WORSE
2910,2,34,39,25676,28547,0,CAPACITY_EXCEEDED,INVALID
2911,2,34,40,24516,27346,1,FEASIBLE,WORSE
2912,2,34,41,24463,27287,1,FEASIBLE,WORSE
2913,2,34,42,24355,27244,1,FEASIBLE,WORSE
2914,2,34,43,26138,29019,0,CAPACITY_EXCEEDED,INVALID
2915,2,34,44,25132,28035,1,FEASIBLE,WORSE
2916,2,34,45,25523,28382,0,CAPACITY_EXCEEDED,INVALID
2917,2,34,46,25763,28579,0,CAPACITY_EXCEEDED,INVALID
2918,2,34,47,24856,27718,1,FEASIBLE,WORSE
2919,2,34,48,24571,27437,1,FEASIBLE,WORSE
2920,2,34,49,25251,28076,1,FEASIBLE,WORSE
2921,2,34,50,24280,27141,1,FEASIBLE,WORSE
2922,2,34,51,25687,28493,0,CAPACITY_EXCEEDED,INVALID
2923,2,34,52,25278,28086,1,FEASIBLE,WORSE
2924,2,34,53,24498,27356,1,FEASIBLE,WORSE
2925,2,34,54,25474,28354,0,CAPACITY_EXCEEDED,INVALID
2926,2,34,55,24964,27771,1,FEASIBLE,WORSE
2927,2,34,56,24677,27538,1,FEASIBLE,WORSE
2928,2,34,57,25022,27869,1,FEASIBLE,WORSE
2929,2,34,58,25371,28183,1,FEASIBLE,WORSE
2930,2,34,59,24295,27115,1,FEASIBLE,WORSE
2931,2,34,60,25860,28663,0,CAPACITY_EXCEEDED,INVALID
2932,2,34,61,25148,27978,1,FEASIBLE,WORSE
2933,2,34,62,24382,27186,1,FEASIBLE,WORSE
2934,2,34,63,25143,27940,1,FEASIBLE,WORSE
2935,2,34,64,24828,27636,1,FEASIBLE,WORSE
2936,2,34,65,26066,28943,0,CAPACITY_EXCEEDED,INVALID
2937,2,34,66,24540,27388,1,FEASIBLE,WORSE
2938,2,34,67,24854,27682,1,FEASIBLE,WORSE
2939,2,34,68,25539,28353,0,CAPACITY_EXCEEDED,INVALID
2940,2,34,69,24771,27569,1,FEASIBLE,WORSE
2941,2,34,70,25034,27839,1,FEASIBLE,WORSE
2942,2,34,71,26161,29036,0,CAPACITY_EXCEEDED,INVALID
2943,2,34,72,25107,27928,1,FEASIBLE,WORSE
2944,2,34,73,25584,28460,0,CAPACITY_EXCEEDED,INVALID
2945,2,34,74,25908,28750,0,CAPACITY_EXCEEDED,INVALID
2946,2,34,75,24763,27607,1,FEASIBLE,WORSE
2947,2,34,76,26142,28941,0,CAPACITY_EXCEEDED,INVALID
2948,2,34,77,24915,27742,1,FEASIBLE,WORSE
2949,2,34,78,24181,26972,1,FEASIBLE,WORSE
2950,2,34,79,26054,28898,0,CAPACITY_EXCEEDED,INVALID
2951,2,34,80,24490,27289,1,FEASIBLE,WORSE
2952,2,34,81,26051,28854,0,CAPACITY_EXCEEDED,INVALID
2953,2,34,82,24713,27528,1,FEASIBLE,WORSE
2954,2,34,83,25993,28836,0,CAPACITY_EXCEEDED,INVALID
2955,2,34,84,24364,27157,1,FEASIBLE,WORSE
2956,2,34,85,25678,28551,0,CAPACITY_EXCEEDED,INVALID
2957,2,34,86,24690,27492,1,FEASIBLE,WORSE
2958,2,34,87,25867,28660,0,CAPACITY_EXCEEDED,INVALID
2959,2,34,88,25571,28375,0,CAPACITY_EXCEEDED,INVALID
2960,2,34,89,25075,27896,1,FEASIBLE,WORSE
2961,2,34,90,24414,27273,1,FEASIBLE,WORSE
2962,2,34,91,24895,27775,1,FEASIBLE,WORSE
2963,2,34,92,25649,28442,0,CAPACITY_EXCEEDED,INVALID
2964,2,34,93,25946,28767,0,CAPACITY_EXCEEDED,INVALID
2965,2,34,94,24988,27901,1,FEASIBLE,WORSE
2966,2,34,95,25183,28055,1,FEASIBLE,WORSE
2967,2,34,96,25037,27825,1,FEASIBLE,WORSE
2968,2,34,97,24571,27405,1,FEASIBLE,WORSE
2969,2,34,98,24799,27596,1,FEASIBLE,WORSE
2970,2,34,99,24904,27751,1,FEASIBLE,WORSE
2971,2,35,36,26379,29187,0,CAPACITY_EXCEEDED,INVALID
2972,2,35,37,25085,27865,1,FEASIBLE,WORSE
2973,2,35,38,25108,27955,1,FEASIBLE,WORSE
2974,2,35,39,26533,29387,0,CAPACITY_EXCEEDED,INVALID
2975,2,35,40,25373,28186,0,CAPACITY_EXCEEDED,INVALID
2976,2,35,41,25320,28127,1,FEASIBLE,WORSE
2977,2,35,42,25212,28084,1,FEASIBLE,WORSE
2978,2,35,43,26995,29859,0,CAPACITY_EXCEEDED,INVALID
2979,2,35,44,25989,28875,0,CAPACITY_EXCEEDED,INVALID
2980,2,35,45,26380,29222,0,CAPACITY_EXCEEDED,INVALID
2981,2,35,46,26620,29419,0,CAPACITY_EXCEEDED,INVALID
2982,2,35,47,25713,28558,0,CAPACITY_EXCEEDED,INVALID
2983,2,35,48,25428,28277,0,CAPACITY_EXCEEDED,INVALID
2984,2,35,49,26108,28916,0,CAPACITY_EXCEEDED,INVALID
2985,2,35,50,25137,27981,1,FEASIBLE,WORSE
2986,2,35,51,26544,29333,0,CAPACITY_EXCEEDED,INVALID
2987,2,35,52,26135,28926,0,CAPACITY_EXCEEDED,INVALID
2988,2,35,53,25355,28196,1,FEASIBLE,WORSE
2989,2,35,54,26331,29194,0,CAPACITY_EXCEEDED,INVALID
2990,2,35,55,25821,28611,0,CAPACITY_EXCEEDED,INVALID
2991,2,35,56,25534,28378,0,CAPACITY_EXCEEDED,INVALID
2992,2,35,57,25879,28709,0,CAPACITY_EXCEEDED,INVALID
2993,2,35,58,26228,29023,0,CAPACITY_EXCEEDED,INVALID
2994,2,35,59,25152,27955,1,FEASIBLE,WORSE
2995,2,35,60,26717,29503,0,CAPACITY_EXCEEDED,INVALID
2996,2,35,61,26005,28818,0,CAPACITY_EXCEEDED,INVALID
2997,2,35,62,25239,28026,1,FEASIBLE,WORSE
2998,2,35,63,26000,28780,0,CAPACITY_EXCEEDED,INVALID
2999,2,35,64,25685,28476,0,CAPACITY_EXCEEDED,INVALID
3000,2,35,65,26923,29783,0,CAPACITY_EXCEEDED,INVALID
3001,2,35,66,25397,28228,0,CAPACITY_EXCEEDED,INVALID
3002,2,35,67,25711,28522,0,CAPACITY_EXCEEDED,INVALID
3003,2,35,68,26396,29193,0,CAPACITY_EXCEEDED,INVALID
3004,2,35,69,25628,28409,0,CAPACITY_EXCEEDED,INVALID
3005,2,35,70,25891,28679,0,CAPACITY_EXCEEDED,INVALID
3006,2,35,71,27018,29876,0,CAPACITY_EXCEEDED,INVALID
3007,2,35,72,25964,28768,0,CAPACITY_EXCEEDED,INVALID
3008,2,35,73,26441,29300,0,CAPACITY_EXCEEDED,INVALID
3009,2,35,74,26765,29590,0,CAPACITY_EXCEEDED,INVALID
3010,2,35,75,25620,28447,0,CAPACITY_EXCEEDED,INVALID
3011,2,35,76,26999,29781,0,CAPACITY_EXCEEDED,INVALID
3012,2,35,77,25772,28582,0,CAPACITY_EXCEEDED,INVALID
3013,2,35,78,25038,27812,1,FEASIBLE,WORSE
3014,2,35,79,26911,29738,0,CAPACITY_EXCEEDED,INVALID
3015,2,35,80,25347,28129,1,FEASIBLE,WORSE
3016,2,35,81,26908,29694,0,CAPACITY_EXCEEDED,INVALID
3017,2,35,82,25570,28368,0,CAPACITY_EXCEEDED,INVALID
3018,2,35,83,26850,29676,0,CAPACITY_EXCEEDED,INVALID
3019,2,35,84,25221,27997,1,FEASIBLE,WORSE
3020,2,35,85,26535,29391,0,CAPACITY_EXCEEDED,INVALID
3021,2,35,86,25547,28332,0,CAPACITY_EXCEEDED,INVALID
3022,2,35,87,26724,29500,0,CAPACITY_EXCEEDED,INVALID
3023,2,35,88,26428,29215,0,CAPACITY_EXCEEDED,INVALID
3024,2,35,89,25932,28736,0,CAPACITY_EXCEEDED,INVALID
3025,2,35,90,25271,28113,1,FEASIBLE,WORSE
3026,2,35,91,25752,28615,0,CAPACITY_EXCEEDED,INVALID
3027,2,35,92,26506,29282,0,CAPACITY_EXCEEDED,INVALID
3028,2,35,93,26803,29607,0,CAPACITY_EXCEEDED,INVALID
3029,2,35,94,25845,28741,0,CAPACITY_EXCEEDED,INVALID
3030,2,35,95,26040,28895,0,CAPACITY_EXCEEDED,INVALID
3031,2,35,96,25894,28665,0,CAPACITY_EXCEEDED,INVALID
3032,2,35,97,25428,28245,0,CAPACITY_EXCEEDED,INVALID
3033,2,35,98,25656,28436,0,CAPACITY_EXCEEDED,INVALID
3034,2,35,99,25761,28591,0,CAPACITY_EXCEEDED,INVALID
3035,2,36,37,24790,27596,1,FEASIBLE,WORSE
3036,2,36,38,24813,27686,1,FEASIBLE,WORSE
3037,2,36,39,26238,29118,0,CAPACITY_EXCEEDED,INVALID
3038,2,36,40,25078,27917,1,FEASIBLE,WORSE
3039,2,36,41,25025,27858,1,FEASIBLE,WORSE
3040,2,36,42,24917,27815,1,FEASIBLE,WORSE
3041,2,36,43,26700,29590,0,CAPACITY_EXCEEDED,INVALID
3042,2,36,44,25694,28606,0,CAPACITY_EXCEEDED,INVALID
3043,2,36,45,26085,28953,0,CAPACITY_EXCEEDED,INVALID
3044,2,36,46,26325,29150,0,CAPACITY_EXCEEDED,INVALID
3045,2,36,47,25418,28289,0,CAPACITY_EXCEEDED,INVALID
3046,2,36,48,25133,28008,1,FEASIBLE,WORSE
3047,2,36,49,25813,28647,0,CAPACITY_EXCEEDED,INVALID
3048,2,36,50,24842,27712,1,FEASIBLE,WORSE
3049,2,36,51,26249,29064,0,CAPACITY_EXCEEDED,INVALID
3050,2,36,52,25840,28657,0,CAPACITY_EXCEEDED,INVALID
3051,2,36,53,25060,27927,1,FEASIBLE,WORSE
3052,2,36,54,26036,28925,0,CAPACITY_EXCEEDED,INVALID
3053,2,36,55,25526,28342,0,CAPACITY_EXCEEDED,INVALID
3054,2,36,56,25239,28109,1,FEASIBLE,WORSE
3055,2,36,57,25584,28440,0,CAPACITY_EXCEEDED,INVALID
3056,2,36,58,25933,28754,0,CAPACITY_EXCEEDED,INVALID
3057,2,36,59,24857,27686,1,FEASIBLE,WORSE
3058,2,36,60,26422,29234,0,CAPACITY_EXCEEDED,INVALID
3059,2,36,61,25710,28549,0,CAPACITY_EXCEEDED,INVALID
3060,2,36,62,24944,27757,1,FEASIBLE,WORSE
3061,2,36,63,25705,28511,0,CAPACITY_EXCEEDED,INVALID
3062,2,36,64,25390,28207,0,CAPACITY_EXCEEDED,INVALID
3063,2,36,65,26628,29514,0,CAPACITY_EXCEEDED,INVALID
3064,2,36,66,25102,27959,1,FEASIBLE,WORSE
3065,2,36,67,25416,28253,0,CAPACITY_EXCEEDED,INVALID
3066,2,36,68,26101,28924,0,CAPACITY_EXCEEDED,INVALID
3067,2,36,69,25333,28140,1,FEASIBLE,WORSE
3068,2,36,70,25596,28410,0,CAPACITY_EXCEEDED,INVALID
3069,2,36,71,26723,29607,0,CAPACITY_EXCEEDED,INVALID
3070,2,36,72,25669,28499,0,CAPACITY_EXCEEDED,INVALID
3071,2,36,73,26146,29031,0,CAPACITY_EXCEEDED,INVALID
3072,2,36,74,26470,29321,0,CAPACITY_EXCEEDED,INVALID
3073,2,36,75,25325,28178,1,FEASIBLE,WORSE
3074,2,36,76,26704,29512,0,CAPACITY_EXCEEDED,INVALID
3075,2,36,77,25477,28313,0,CAPACITY_EXCEEDED,INVALID
3076,2,36,78,24743,27543,1,FEASIBLE,WORSE
3077,2,36,79,26616,29469,0,CAPACITY_EXCEEDED,INVALID
3078,2,36,80,25052,27860,1,FEASIBLE,WORSE
3079,2,36,81,26613,29425,0,CAPACITY_EXCEEDED,INVALID
3080,2,36,82,25275,28099,1,FEASIBLE,WORSE
3081,2,36,83,26555,29407,0,CAPACITY_EXCEEDED,INVALID
3082,2,36,84,24926,27728,1,FEASIBLE,WORSE
3083,2,36,85,26240,29122,0,CAPACITY_EXCEEDED,INVALID
3084,2,36,86,25252,28063,1,FEASIBLE,WORSE
3085,2,36,87,26429,29231,0,CAPACITY_EXCEEDED,INVALID
3086,2,36,88,26133,28946,0,CAPACITY_EXCEEDED,INVALID
3087,2,36,89,25637,28467,0,CAPACITY_EXCEEDED,INVALID
3088,2,36,90,24976,27844,1,FEASIBLE,WORSE
3089,2,36,91,25457,28346,0,CAPACITY_EXCEEDED,INVALID
3090,2,36,92,26211,29013,0,CAPACITY_EXCEEDED,INVALID
3091,2,36,93,26508,29338,0,CAPACITY_EXCEEDED,INVALID
3092,2,36,94,25550,28472,0,CAPACITY_EXCEEDED,INVALID
3093,2,36,95,25745,28626,0,CAPACITY_EXCEEDED,INVALID
3094,2,36,96,25599,28396,0,CAPACITY_EXCEEDED,INVALID
3095,2,36,97,25133,27976,1,FEASIBLE,WORSE
3096,2,36,98,25361,28167,1,FEASIBLE,WORSE
3097,2,36,99,25466,28322,0,CAPACITY_EXCEEDED,INVALID
3098,2,37,38,23519,26364,1,FEASIBLE,WORSE
3099,2,37,39,24944,27796,1,FEASIBLE,WORSE
3100,2,37,40,23784,26595,1,FEASIBLE,WORSE
3101,2,37,41,23731,26536,1,FEASIBLE,WORSE
3102,2,37,42,23623,26493,1,FEASIBLE,WORSE
3103,2,37,43,25406,28268,0,CAPACITY_EXCEEDED,INVALID
3104,2,37,44,24400,27284,1,FEASIBLE,WORSE
3105,2,37,45,24791,27631,1,FEASIBLE,WORSE
3106,2,37,46,25031,27828,1,FEASIBLE,WORSE
3107,2,37,47,24124,26967,1,FEASIBLE,WORSE
3108,2,37,48,23839,26686,1,FEASIBLE,WORSE
3109,2,37,49,24519,27325,1,FEASIBLE,WORSE
3110,2,37,50,23548,26390,1,FEASIBLE,WORSE
3111,2,37,51,24955,27742,1,FEASIBLE,WORSE
3112,2,37,52,24546,27335,1,FEASIBLE,WORSE
3113,2,37,53,23766,26605,1,FEASIBLE,WORSE
3114,2,37,54,24742,27603,1,FEASIBLE,WORSE
3115,2,37,55,24232,27020,1,FEASIBLE,WORSE
3116,2,37,56,23945,26787,1,FEASIBLE,WORSE
3117,2,37,57,24290,27118,1,FEASIBLE,WORSE
3118,2,37,58,24639,27432,1,FEASIBLE,WORSE
3119,2,37,59,23563,26364,1,FEASIBLE,WORSE
3120,2,37,60,25128,27912,1,FEASIBLE,WORSE
3121,2,37,61,24416,27227,1,FEASIBLE,WORSE
3122,2,37,62,23650,26435,1,FEASIBLE,WORSE
3123,2,37,63,24411,27189,1,FEASIBLE,WORSE
3124,2,37,64,24096,26885,1,FEASIBLE,WORSE
3125,2,37,65,25334,28192,1,FEASIBLE,WORSE
3126,2,37,66,23808,26637,1,FEASIBLE,WORSE
3127,2,37,67,24122,26931,1,FEASIBLE,WORSE
3128,2,37,68,24807,27602,1,FEASIBLE,WORSE
3129,2,37,69,24039,26818,1,FEASIBLE,WORSE
3130,2,37,70,24302,27088,1,FEASIBLE,WORSE
3131,2,37,71,25429,28285,0,CAPACITY_EXCEEDED,INVALID
3132,2,37,72,24375,27177,1,FEASIBLE,WORSE
3133,2,37,73,24852,27709,1,FEASIBLE,WORSE
3134,2,37,74,25176,27999,1,FEASIBLE,WORSE
3135,2,37,75,24031,26856,1,FEASIBLE,WORSE
3136,2,37,76,25410,28190,0,CAPACITY_EXCEEDED,INVALID
3137,2,37,77,24183,26991,1,FEASIBLE,WORSE
3138,2,37,78,23449,26221,1,FEASIBLE,WORSE
3139,2,37,79,25322,28147,1,FEASIBLE,WORSE
3140,2,37,80,23758,26538,1,FEASIBLE,WORSE
3141,2,37,81,25319,28103,1,FEASIBLE,WORSE
3142,2,37,82,23981,26777,1,FEASIBLE,WORSE
3143,2,37,83,25261,28085,1,FEASIBLE,WORSE
3144,2,37,84,23632,26406,1,FEASIBLE,WORSE
3145,2,37,85,24946,27800,1,FEASIBLE,WORSE
3146,2,37,86,23958,26741,1,FEASIBLE,WORSE
3147,2,37,87,25135,27909,1,FEASIBLE,WORSE
3148,2,37,88,24839,27624,1,FEASIBLE,WORSE
3149,2,37,89,24343,27145,1,FEASIBLE,WORSE
3150,2,37,90,23682,26522,1,FEASIBLE,WORSE
3151,2,37,91,24163,27024,1,FEASIBLE,WORSE
3152,2,37,92,24917,27691,1,FEASIBLE,WORSE
3153,2,37,93,25214,28016,1,FEASIBLE,WORSE
3154,2,37,94,24256,27150,1,FEASIBLE,WORSE
3155,2,37,95,24451,27304,1,FEASIBLE,WORSE
3156,2,37,96,24305,27074,1,FEASIBLE,WORSE
3157,2,37,97,23839,26654,1,FEASIBLE,WORSE
3158,2,37,98,24067,26845,1,FEASIBLE,WORSE
3159,2,37,99,24172,27000,1,FEASIBLE,WORSE
3160,2,38,39,24967,27886,1,FEASIBLE,WORSE
3161,2,38,40,23807,26685,1,FEASIBLE,WORSE
3162,2,38,41,23754,26626,1,FEASIBLE,WORSE
3163,2,38,42,23646,26583,1,FEASIBLE,WORSE
3164,2,38,43,25429,28358,0,CAPACITY_EXCEEDED,INVALID
3165,2,38,44,24423,27374,1,FEASIBLE,WORSE
3166,2,38,45,24814,27721,1,FEASIBLE,WORSE
3167,2,38,46,25054,27918,1,FEASIBLE,WORSE
3168,2,38,47,24147,27057,1,FEASIBLE,WORSE
3169,2,38,48,23862,26776,1,FEASIBLE,WORSE
3170,2,38,49,24542,27415,1,FEASIBLE,WORSE
3171,2,38,50,23571,26480,1,FEASIBLE,WORSE
3172,2,38,51,24978,27832,1,FEASIBLE,WORSE
3173,2,38,52,24569,27425,1,FEASIBLE,WORSE
3174,2,38,53,23789,26695,1,FEASIBLE,WORSE
3175,2,38,54,24765,27693,1,FEASIBLE,WORSE
3176,2,38,55,24255,27110,1,FEASIBLE,WORSE
3177,2,38,56,23968,26877,1,FEASIBLE,WORSE
3178,2,38,57,24313,27208,1,FEASIBLE,WORSE
3179,2,38,58,24662,27522,1,FEASIBLE,WORSE
3180,2,38,59,23586,26454,1,FEASIBLE,WORSE
3181,2,38,60,25151,28002,1,FEASIBLE,WORSE
3182,2,38,61,24439,27317,1,FEASIBLE,WORSE
3183,2,38,62,23673,26525,1,FEASIBLE,WORSE
3184,2,38,63,24434,27279,1,FEASIBLE,WORSE
3185,2,38,64,24119,26975,1,FEASIBLE,WORSE
3186,2,38,65,25357,28282,1,FEASIBLE,WORSE
3187,2,38,66,23831,26727,1,FEASIBLE,WORSE
3188,2,38,67,24145,27021,1,FEASIBLE,WORSE
3189,2,38,68,24830,27692,1,FEASIBLE,WORSE
3190,2,38,69,24062,26908,1,FEASIBLE,WORSE
3191,2,38,70,24325,27178,1,FEASIBLE,WORSE
3192,2,38,71,25452,28375,0,CAPACITY_EXCEEDED,INVALID
3193,2,38,72,24398,27267,1,FEASIBLE,WORSE
3194,2,38,73,24875,27799,1,FEASIBLE,WORSE
3195,2,38,74,25199,28089,1,FEASIBLE,WORSE
3196,2,38,75,24054,26946,1,FEASIBLE,WORSE
3197,2,38,76,25433,28280,0,CAPACITY_EXCEEDED,INVALID
3198,2,38,77,24206,27081,1,FEASIBLE,WORSE
3199,2,38,78,23472,26311,1,FEASIBLE,WORSE
3200,2,38,79,25345,28237,1,FEASIBLE,WORSE
3201,2,38,80,23781,26628,1,FEASIBLE,WORSE
3202,2,38,81,25342,28193,1,FEASIBLE,WORSE
3203,2,38,82,24004,26867,1,FEASIBLE,WORSE
3204,2,38,83,25284,28175,1,FEASIBLE,WORSE
3205,2,38,84,23655,26496,1,FEASIBLE,WORSE
3206,2,38,85,24969,27890,1,FEASIBLE,WORSE
3207,2,38,86,23981,26831,1,FEASIBLE,WORSE
3208,2,38,87,25158,27999,1,FEASIBLE,WORSE
3209,2,38,88,24862,27714,1,FEASIBLE,WORSE
3210,2,38,89,24366,27235,1,FEASIBLE,WORSE
3211,2,38,90,23705,26612,1,FEASIBLE,WORSE
3212,2,38,91,24186,27114,1,FEASIBLE,WORSE
3213,2,38,92,24940,27781,1,FEASIBLE,WORSE
3214,2,38,93,25237,28106,1,FEASIBLE,WORSE
3215,2,38,94,24279,27240,1,FEASIBLE,WORSE
3216,2,38,95,24474,27394,1,FEASIBLE,WORSE
3217,2,38,96,24328,27164,1,FEASIBLE,WORSE
3218,2,38,97,23862,26744,1,FEASIBLE,WORSE
3219,2,38,98,24090,26935,1,FEASIBLE,WORSE
3220,2,38,99,24195,27090,1,FEASIBLE,WORSE
3221,2,39,40,25232,28117,1,FEASIBLE,WORSE
3222,2,39,41,25179,28058,1,FEASIBLE,WORSE
3223,2,39,42,25071,28015,1,FEASIBLE,WORSE
3224,2,39,43,26854,29790,0,CAPACITY_EXCEEDED,INVALID
3225,2,39,44,25848,28806,0,CAPACITY_EXCEEDED,INVALID
3226,2,39,45,26239,29153,0,CAPACITY_EXCEEDED,INVALID
3227,2,39,46,26479,29350,0,CAPACITY_EXCEEDED,INVALID
3228,2,39,47,25572,28489,0,CAPACITY_EXCEEDED,INVALID
3229,2,39,48,25287,28208,1,FEASIBLE,WORSE
3230,2,39,49,25967,28847,0,CAPACITY_EXCEEDED,INVALID
3231,2,39,50,24996,27912,1,FEASIBLE,WORSE
3232,2,39,51,26403,29264,0,CAPACITY_EXCEEDED,INVALID
3233,2,39,52,25994,28857,0,CAPACITY_EXCEEDED,INVALID
3234,2,39,53,25214,28127,1,FEASIBLE,WORSE
3235,2,39,54,26190,29125,0,CAPACITY_EXCEEDED,INVALID
3236,2,39,55,25680,28542,0,CAPACITY_EXCEEDED,INVALID
3237,2,39,56,25393,28309,0,CAPACITY_EXCEEDED,INVALID
3238,2,39,57,25738,28640,0,CAPACITY_EXCEEDED,INVALID
3239,2,39,58,26087,28954,0,CAPACITY_EXCEEDED,INVALID
3240,2,39,59,25011,27886,1,FEASIBLE,WORSE
3241,2,39,60,26576,29434,0,CAPACITY_EXCEEDED,INVALID
3242,2,39,61,25864,28749,0,CAPACITY_EXCEEDED,INVALID
3243,2,39,62,25098,27957,1,FEASIBLE,WORSE
3244,2,39,63,25859,28711,0,CAPACITY_EXCEEDED,INVALID
3245,2,39,64,25544,28407,0,CAPACITY_EXCEEDED,INVALID
3246,2,39,65,26782,29714,0,CAPACITY_EXCEEDED,INVALID
3247,2,39,66,25256,28159,1,FEASIBLE,WORSE
3248,2,39,67,25570,28453,0,CAPACITY_EXCEEDED,INVALID
3249,2,39,68,26255,29124,0,CAPACITY_EXCEEDED,INVALID
3250,2,39,69,25487,28340,0,CAPACITY_EXCEEDED,INVALID
3251,2,39,70,25750,28610,0,CAPACITY_EXCEEDED,INVALID
3252,2,39,71,26877,29807,0,CAPACITY_EXCEEDED,INVALID
3253,2,39,72,25823,28699,0,CAPACITY_EXCEEDED,INVALID
3254,2,39,73,26300,29231,0,CAPACITY_EXCEEDED,INVALID
3255,2,39,74,26624,29521,0,CAPACITY_EXCEEDED,INVALID
3256,2,39,75,25479,28378,0,CAPACITY_EXCEEDED,INVALID
3257,2,39,76,26858,29712,0,CAPACITY_EXCEEDED,INVALID
3258,2,39,77,25631,28513,0,CAPACITY_EXCEEDED,INVALID
3259,2,39,78,24897,27743,1,FEASIBLE,WORSE
3260,2,39,79,26770,29669,0,CAPACITY_EXCEEDED,INVALID
3261,2,39,80,25206,28060,1,FEASIBLE,WORSE
3262,2,39,81,26767,29625,0,CAPACITY_EXCEEDED,INVALID
3263,2,39,82,25429,28299,0,CAPACITY_EXCEEDED,INVALID
3264,2,39,83,26709,29607,0,CAPACITY_EXCEEDED,INVALID
3265,2,39,84,25080,27928,1,FEASIBLE,WORSE
3266,2,39,85,26394,29322,0,CAPACITY_EXCEEDED,INVALID
3267,2,39,86,25406,28263,0,CAPACITY_EXCEEDED,INVALID
3268,2,39,87,26583,29431,0,CAPACITY_EXCEEDED,INVALID
3269,2,39,88,26287,29146,0,CAPACITY_EXCEEDED,INVALID
3270,2,39,89,25791,28667,0,CAPACITY_EXCEEDED,INVALID
3271,2,39,90,25130,28044,1,FEASIBLE,WORSE
3272,2,39,91,25611,28546,0,CAPACITY_EXCEEDED,INVALID
3273,2,39,92,26365,29213,0,CAPACITY_EXCEEDED,INVALID
3274,2,39,93,26662,29538,0,CAPACITY_EXCEEDED,INVALID
3275,2,39,94,25704,28672,0,CAPACITY_EXCEEDED,INVALID
3276,2,39,95,25899,28826,0,CAPACITY_EXCEEDED,INVALID
3277,2,39,96,25753,28596,0,CAPACITY_EXCEEDED,INVALID
3278,2,39,97,25287,28176,1,FEASIBLE,WORSE
3279,2,39,98,25515,28367,0,CAPACITY_EXCEEDED,INVALID
3280,2,39,99,25620,28522,0,CAPACITY_EXCEEDED,INVALID
3281,2,40,41,24019,26857,1,FEASIBLE,WORSE
3282,2,40,42,23911,26814,1,FEASIBLE,WORSE
3283,2,40,43,25694,28589,0,CAPACITY_EXCEEDED,INVALID
3284,2,40,44,24688,27605,1,FEASIBLE,WORSE
3285,2,40,45,25079,27952,1,FEASIBLE,WORSE
3286,2,40,46,25319,28149,1,FEASIBLE,WORSE
3287,2,40,47,24412,27288,1,FEASIBLE,WORSE
3288,2,40,48,24127,27007,1,FEASIBLE,WORSE
3289,2,40,49,24807,27646,1,FEASIBLE,WORSE
3290,2,40,50,23836,26711,1,FEASIBLE,WORSE
3291,2,40,51,25243,28063,1,FEASIBLE,WORSE
3292,2,40,52,24834,27656,1,FEASIBLE,WORSE
3293,2,40,53,24054,26926,1,FEASIBLE,WORSE
3294,2,40,54,25030,27924,1,FEASIBLE,WORSE
3295,2,40,55,24520,27341,1,FEASIBLE,WORSE
3296,2,40,56,24233,27108,1,FEASIBLE,WORSE
3297,2,40,57,24578,27439,1,FEASIBLE,WORSE
3298,2,40,58,24927,27753,1,FEASIBLE,WORSE
3299,2,40,59,23851,26685,1,FEASIBLE,WORSE
3300,2,40,60,25416,28233,0,CAPACITY_EXCEEDED,INVALID
3301,2,40,61,24704,27548,1,FEASIBLE,WORSE
3302,2,40,62,23938,26756,1,FEASIBLE,WORSE
3303,2,40,63,24699,27510,1,FEASIBLE,WORSE
3304,2,40,64,24384,27206,1,FEASIBLE,WORSE
3305,2,40,65,25622,28513,0,CAPACITY_EXCEEDED,INVALID
3306,2,40,66,24096,26958,1,FEASIBLE,WORSE
3307,2,40,67,24410,27252,1,FEASIBLE,WORSE
3308,2,40,68,25095,27923,1,FEASIBLE,WORSE
3309,2,40,69,24327,27139,1,FEASIBLE,WORSE
3310,2,40,70,24590,27409,1,FEASIBLE,WORSE
3311,2,40,71,25717,28606,0,CAPACITY_EXCEEDED,INVALID
3312,2,40,72,24663,27498,1,FEASIBLE,WORSE
3313,2,40,73,25140,28030,1,FEASIBLE,WORSE
3314,2,40,74,25464,28320,0,CAPACITY_EXCEEDED,INVALID
3315,2,40,75,24319,27177,1,FEASIBLE,WORSE
3316,2,40,76,25698,28511,0,CAPACITY_EXCEEDED,INVALID
3317,2,40,77,24471,27312,1,FEASIBLE,WORSE
3318,2,40,78,23737,26542,1,FEASIBLE,WORSE
3319,2,40,79,25610,28468,0,CAPACITY_EXCEEDED,INVALID
3320,2,40,80,24046,26859,1,FEASIBLE,WORSE
3321,2,40,81,25607,28424,0,CAPACITY_EXCEEDED,INVALID
3322,2,40,82,24269,27098,1,FEASIBLE,WORSE
3323,2,40,83,25549,28406,0,CAPACITY_EXCEEDED,INVALID
3324,2,40,84,23920,26727,1,FEASIBLE,WORSE
3325,2,40,85,25234,28121,1,FEASIBLE,WORSE
3326,2,40,86,24246,27062,1,FEASIBLE,WORSE
3327,2,40,87,25423,28230,0,CAPACITY_EXCEEDED,INVALID
3328,2,40,88,25127,27945,1,FEASIBLE,WORSE
3329,2,40,89,24631,27466,1,FEASIBLE,WORSE
3330,2,40,90,23970,26843,1,FEASIBLE,WORSE
3331,2,40,91,24451,27345,1,FEASIBLE,WORSE
3332,2,40,92,25205,28012,1,FEASIBLE,WORSE
3333,2,40,93,25502,28337,0,CAPACITY_EXCEEDED,INVALID
3334,2,40,94,24544,27471,1,FEASIBLE,WORSE
3335,2,40,95,24739,27625,1,FEASIBLE,WORSE
3336,2,40,96,24593,27395,1,FEASIBLE,WORSE
3337,2,40,97,24127,26975,1,FEASIBLE,WORSE
3338,2,40,98,24355,27166,1,FEASIBLE,WORSE
3339,2,40,99,24460,27321,1,FEASIBLE,WORSE
3340,2,41,42,23858,26755,1,FEASIBLE,WORSE
3341,2,41,43,25641,28530,0,CAPACITY_EXCEEDED,INVALID
3342,2,41,44,24635,27546,1,FEASIBLE,WORSE
3343,2,41,45,25026,27893,1,FEASIBLE,WORSE
3344,2,41,46,25266,28090,1,FEASIBLE,WORSE
3345,2,41,47,24359,27229,1,FEASIBLE,WORSE
3346,2,41,48,24074,26948,1,FEASIBLE,WORSE
3347,2,41,49,24754,27587,1,FEASIBLE,WORSE
3348,2,41,50,23783,26652,1,FEASIBLE,WORSE
3349,2,41,51,25190,28004,1,FEASIBLE,WORSE
3350,2,41,52,24781,27597,1,FEASIBLE,WORSE
3351,2,41,53,24001,26867,1,FEASIBLE,WORSE
3352,2,41,54,24977,27865,1,FEASIBLE,WORSE
3353,2,41,55,24467,27282,1,FEASIBLE,WORSE
3354,2,41,56,24180,27049,1,FEASIBLE,WORSE
3355,2,41,57,24525,27380,1,FEASIBLE,WORSE
3356,2,41,58,24874,27694,1,FEASIBLE,WORSE
3357,2,41,59,23798,26626,1,FEASIBLE,WORSE
3358,2,41,60,25363,28174,1,FEASIBLE,WORSE
3359,2,41,61,24651,27489,1,FEASIBLE,WORSE
3360,2,41,62,23885,26697,1,FEASIBLE,WORSE
3361,2,41,63,24646,27451,1,FEASIBLE,WORSE
3362,2,41,64,24331,27147,1,FEASIBLE,WORSE
3363,2,41,65,25569,28454,0,CAPACITY_EXCEEDED,INVALID
3364,2,41,66,24043,26899,1,FEASIBLE,WORSE
3365,2,41,67,24357,27193,1,FEASIBLE,WORSE
3366,2,41,68,25042,27864,1,FEASIBLE,WORSE
3367,2,41,69,24274,27080,1,FEASIBLE,WORSE
3368,2,41,70,24537,27350,1,FEASIBLE,WORSE
3369,2,41,71,25664,28547,0,CAPACITY_EXCEEDED,INVALID
3370,2,41,72,24610,27439,1,FEASIBLE,WORSE
3371,2,41,73,25087,27971,1,FEASIBLE,WORSE
3372,2,41,74,25411,28261,0,CAPACITY_EXCEEDED,INVALID
3373,2,41,75,24266,27118,1,FEASIBLE,WORSE
3374,2,41,76,25645,28452,0,CAPACITY_EXCEEDED,INVALID
3375,2,41,77,24418,27253,1,FEASIBLE,WORSE
3376,2,41,78,23684,26483,1,FEASIBLE,WORSE
3377,2,41,79,25557,28409,0,CAPACITY_EXCEEDED,INVALID
3378,2,41,80,23993,26800,1,FEASIBLE,WORSE
3379,2,41,81,25554,28365,0,CAPACITY_EXCEEDED,INVALID
3380,2,41,82,24216,27039,1,FEASIBLE,WORSE
3381,2,41,83,25496,28347,0,CAPACITY_EXCEEDED,INVALID
3382,2,41,84,23867,26668,1,FEASIBLE,WORSE
3383,2,41,85,25181,28062,1,FEASIBLE,WORSE
3384,2,41,86,24193,27003,1,FEASIBLE,WORSE
3385,2,41,87,25370,28171,1,FEASIBLE,WORSE
3386,2,41,88,25074,27886,1,FEASIBLE,WORSE
3387,2,41,89,24578,27407,1,FEASIBLE,WORSE
3388,2,41,90,23917,26784,1,FEASIBLE,WORSE
3389,2,41,91,24398,27286,1,FEASIBLE,WORSE
3390,2,41,92,25152,27953,1,FEASIBLE,WORSE
3391,2,41,93,25449,28278,0,CAPACITY_EXCEEDED,INVALID
3392,2,41,94,24491,27412,1,FEASIBLE,WORSE
3393,2,41,95,24686,27566,1,FEASIBLE,WORSE
3394,2,41,96,24540,27336,1,FEASIBLE,WORSE
3395,2,41,97,24074,26916,1,FEASIBLE,WORSE
3396,2,41,98,24302,27107,1,FEASIBLE,WORSE
3397,2,41,99,24407,27262,1,FEASIBLE,WORSE
3398,2,42,43,25533,28487,0,CAPACITY_EXCEEDED,INVALID
3399,2,42,44,24527,27503,1,FEASIBLE,WORSE
3400,2,42,45,24918,27850,1,FEASIBLE,WORSE
3401,2,42,46,25158,28047,1,FEASIBLE,WORSE
3402,2,42,47,24251,27186,1,FEASIBLE,WORSE
3403,2,42,48,23966,26905,1,FEASIBLE,WORSE
3404,2,42,49,24646,27544,1,FEASIBLE,WORSE
3405,2,42,50,23675,26609,1,FEASIBLE,WORSE
3406,2,42,51,25082,27961,1,FEASIBLE,WORSE
3407,2,42,52,24673,27554,1,FEASIBLE,WORSE
3408,2,42,53,23893,26824,1,FEASIBLE,WORSE
3409,2,42,54,24869,27822,1,FEASIBLE,WORSE
3410,2,42,55,24359,27239,1,FEASIBLE,WORSE
3411,2,42,56,24072,27006,1,FEASIBLE,WORSE
3412,2,42,57,24417,27337,1,FEASIBLE,WORSE
3413,2,42,58,24766,27651,1,FEASIBLE,WORSE
3414,2,42,59,23690,26583,1,FEASIBLE,WORSE
3415,2,42,60,25255,28131,1,FEASIBLE,WORSE
3416,2,42,61,24543,27446,1,FEASIBLE,WORSE
3417,2,42,62,23777,26654,1,FEASIBLE,WORSE
3418,2,42,63,24538,27408,1,FEASIBLE,WORSE
3419,2,42,64,24223,27104,1,FEASIBLE,WORSE
3420,2,42,65,25461,28411,0,CAPACITY_EXCEEDED,INVALID
3421,2,42,66,23935,26856,1,FEASIBLE,WORSE
3422,2,42,67,24249,27150,1,FEASIBLE,WORSE
3423,2,42,68,24934,27821,1,FEASIBLE,WORSE
3424,2,42,69,24166,27037,1,FEASIBLE,WORSE
3425,2,42,70,24429,27307,1,FEASIBLE,WORSE
3426,2,42,71,25556,28504,0,CAPACITY_EXCEEDED,INVALID
3427,2,42,72,24502,27396,1,FEASIBLE,WORSE
3428,2,42,73,24979,27928,1,FEASIBLE,WORSE
3429,2,42,74,25303,28218,1,FEASIBLE,WORSE
3430,2,42,75,24158,27075,1,FEASIBLE,WORSE
3431,2,42,76,25537,28409,0,CAPACITY_EXCEEDED,INVALID
3432,2,42,77,24310,27210,1,FEASIBLE,WORSE
3433,2,42,78,23576,26440,1,FEASIBLE,WORSE
3434,2,42,79,25449,28366,0,CAPACITY_EXCEEDED,INVALID
3435,2,42,80,23885,26757,1,FEASIBLE,WORSE
3436,2,42,81,25446,28322,0,CAPACITY_EXCEEDED,INVALID
3437,2,42,82,24108,26996,1,FEASIBLE,WORSE
3438,2,42,83,25388,28304,0,CAPACITY_EXCEEDED,INVALID
3439,2,42,84,23759,26625,1,FEASIBLE,WORSE
3440,2,42,85,25073,28019,1,FEASIBLE,WORSE
3441,2,42,86,24085,26960,1,FEASIBLE,WORSE
3442,2,42,87,25262,28128,1,FEASIBLE,WORSE
3443,2,42,88,24966,27843,1,FEASIBLE,WORSE
3444,2,42,89,24470,27364,1,FEASIBLE,WORSE
3445,2,42,90,23809,26741,1,FEASIBLE,WORSE
3446,2,42,91,24290,27243,1,FEASIBLE,WORSE
3447,2,42,92,25044,27910,1,FEASIBLE,WORSE
3448,2,42,93,25341,28235,1,FEASIBLE,WORSE
3449,2,42,94,24383,27369,1,FEASIBLE,WORSE
3450,2,42,95,24578,27523,1,FEASIBLE,WORSE
3451,2,42,96,24432,27293,1,FEASIBLE,WORSE
3452,2,42,97,23966,26873,1,FEASIBLE,WORSE
3453,2,42,98,24194,27064,1,FEASIBLE,WORSE
3454,2,42,99,24299,27219,1,FEASIBLE,WORSE
3455,2,43,44,26310,29278,0,CAPACITY_EXCEEDED,INVALID
3456,2,43,45,26701,29625,0,CAPACITY_EXCEEDED,INVALID
3457,2,43,46,26941,29822,0,CAPACITY_EXCEEDED,INVALID
3458,2,43,47,26034,28961,0,CAPACITY_EXCEEDED,INVALID
3459,2,43,48,25749,28680,0,CAPACITY_EXCEEDED,INVALID
3460,2,43,49,26429,29319,0,CAPACITY_EXCEEDED,INVALID
3461,2,43,50,25458,28384,0,CAPACITY_EXCEEDED,INVALID
3462,2,43,51,26865,29736,0,CAPACITY_EXCEEDED,INVALID
3463,2,43,52,26456,29329,0,CAPACITY_EXCEEDED,INVALID
3464,2,43,53,25676,28599,0,CAPACITY_EXCEEDED,INVALID
3465,2,43,54,26652,29597,0,CAPACITY_EXCEEDED,INVALID
3466,2,43,55,26142,29014,0,CAPACITY_EXCEEDED,INVALID
3467,2,43,56,25855,28781,0,CAPACITY_EXCEEDED,INVALID
3468,2,43,57,26200,29112,0,CAPACITY_EXCEEDED,INVALID
3469,2,43,58,26549,29426,0,CAPACITY_EXCEEDED,INVALID
3470,2,43,59,25473,28358,0,CAPACITY_EXCEEDED,INVALID
3471,2,43,60,27038,29906,0,CAPACITY_EXCEEDED,INVALID
3472,2,43,61,26326,29221,0,CAPACITY_EXCEEDED,INVALID
3473,2,43,62,25560,28429,0,CAPACITY_EXCEEDED,INVALID
3474,2,43,63,26321,29183,0,CAPACITY_EXCEEDED,INVALID
3475,2,43,64,26006,28879,0,CAPACITY_EXCEEDED,INVALID
3476,2,43,65,27244,30186,0,CAPACITY_EXCEEDED,INVALID
3477,2,43,66,25718,28631,0,CAPACITY_EXCEEDED,INVALID
3478,2,43,67,26032,28925,0,CAPACITY_EXCEEDED,INVALID
3479,2,43,68,26717,29596,0,CAPACITY_EXCEEDED,INVALID
3480,2,43,69,25949,28812,0,CAPACITY_EXCEEDED,INVALID
3481,2,43,70,26212,29082,0,CAPACITY_EXCEEDED,INVALID
3482,2,43,71,27339,30279,0,CAPACITY_EXCEEDED,INVALID
3483,2,43,72,26285,29171,0,CAPACITY_EXCEEDED,INVALID
3484,2,43,73,26762,29703,0,CAPACITY_EXCEEDED,INVALID
3485,2,43,74,27086,29993,0,CAPACITY_EXCEEDED,INVALID
3486,2,43,75,25941,28850,0,CAPACITY_EXCEEDED,INVALID
3487,2,43,76,27320,30184,0,CAPACITY_EXCEEDED,INVALID
3488,2,43,77,26093,28985,0,CAPACITY_EXCEEDED,INVALID
3489,2,43,78,25359,28215,1,FEASIBLE,WORSE
3490,2,43,79,27232,30141,0,CAPACITY_EXCEEDED,INVALID
3491,2,43,80,25668,28532,0,CAPACITY_EXCEEDED,INVALID
3492,2,43,81,27229,30097,0,CAPACITY_EXCEEDED,INVALID
3493,2,43,82,25891,28771,0,CAPACITY_EXCEEDED,INVALID
3494,2,43,83,27171,30079,0,CAPACITY_EXCEEDED,INVALID
3495,2,43,84,25542,28400,0,CAPACITY_EXCEEDED,INVALID
3496,2,43,85,26856,29794,0,CAPACITY_EXCEEDED,INVALID
3497,2,43,86,25868,28735,0,CAPACITY_EXCEEDED,INVALID
3498,2,43,87,27045,29903,0,CAPACITY_EXCEEDED,INVALID
3499,2,43,88,26749,29618,0,CAPACITY_EXCEEDED,INVALID
3500,2,43,89,26253,29139,0,CAPACITY_EXCEEDED,INVALID
3501,2,43,90,25592,28516,0,CAPACITY_EXCEEDED,INVALID
3502,2,43,91,26073,29018,0,CAPACITY_EXCEEDED,INVALID
3503,2,43,92,26827,29685,0,CAPACITY_EXCEEDED,INVALID
3504,2,43,93,27124,30010,0,CAPACITY_EXCEEDED,INVALID
3505,2,43,94,26166,29144,0,CAPACITY_EXCEEDED,INVALID
3506,2,43,95,26361,29298,0,CAPACITY_EXCEEDED,INVALID
3507,2,43,96,26215,29068,0,CAPACITY_EXCEEDED,INVALID
3508,2,43,97,25749,28648,0,CAPACITY_EXCEEDED,INVALID
3509,2,43,98,25977,28839,0,CAPACITY_EXCEEDED,INVALID
3510,2,43,99,26082,28994,0,CAPACITY_EXCEEDED,INVALID
3511,2,44,45,25695,28641,0,CAPACITY_EXCEEDED,INVALID
3512,2,44,46,25935,28838,0,CAPACITY_EXCEEDED,INVALID
3513,2,44,47,25028,27977,1,FEASIBLE,WORSE
3514,2,44,48,24743,27696,1,FEASIBLE,WORSE
3515,2,44,49,25423,28335,0,CAPACITY_EXCEEDED,INVALID
3516,2,44,50,24452,27400,1,FEASIBLE,WORSE
3517,2,44,51,25859,28752,0,CAPACITY_EXCEEDED,INVALID
3518,2,44,52,25450,28345,0,CAPACITY_EXCEEDED,INVALID
3519,2,44,53,24670,27615,1,FEASIBLE,WORSE
3520,2,44,54,25646,28613,0,CAPACITY_EXCEEDED,INVALID
3521,2,44,55,25136,28030,1,FEASIBLE,WORSE
3522,2,44,56,24849,27797,1,FEASIBLE,WORSE
3523,2,44,57,25194,28128,1,FEASIBLE,WORSE
3524,2,44,58,25543,28442,0,CAPACITY_EXCEEDED,INVALID
3525,2,44,59,24467,27374,1,FEASIBLE,WORSE
3526,2,44,60,26032,28922,0,CAPACITY_EXCEEDED,INVALID
3527,2,44,61,25320,28237,1,FEASIBLE,WORSE
3528,2,44,62,24554,27445,1,FEASIBLE,WORSE
3529,2,44,63,25315,28199,1,FEASIBLE,WORSE
3530,2,44,64,25000,27895,1,FEASIBLE,WORSE
3531,2,44,65,26238,29202,0,CAPACITY_EXCEEDED,INVALID
3532,2,44,66,24712,27647,1,FEASIBLE,WORSE
3533,2,44,67,25026,27941,1,FEASIBLE,WORSE
3534,2,44,68,25711,28612,0,CAPACITY_EXCEEDED,INVALID
3535,2,44,69,24943,27828,1,FEASIBLE,WORSE
3536,2,44,70,25206,28098,1,FEASIBLE,WORSE
3537,2,44,71,26333,29295,0,CAPACITY_EXCEEDED,INVALID
3538,2,44,72,25279,28187,1,FEASIBLE,WORSE
3539,2,44,73,25756,28719,0,CAPACITY_EXCEEDED,INVALID
3540,2,44,74,26080,29009,0,CAPACITY_EXCEEDED,INVALID
3541,2,44,75,24935,27866,1,FEASIBLE,WORSE
3542,2,44,76,26314,29200,0,CAPACITY_EXCEEDED,INVALID
3543,2,44,77,25087,28001,1,FEASIBLE,WORSE
3544,2,44,78,24353,27231,1,FEASIBLE,WORSE
3545,2,44,79,26226,29157,0,CAPACITY_EXCEEDED,INVALID
3546,2,44,80,24662,27548,1,FEASIBLE,WORSE
3547,2,44,81,26223,29113,0,CAPACITY_EXCEEDED,INVALID
3548,2,44,82,24885,27787,1,FEASIBLE,WORSE
3549,2,44,83,26165,29095,0,CAPACITY_EXCEEDED,INVALID
3550,2,44,84,24536,27416,1,FEASIBLE,WORSE
3551,2,44,85,25850,28810,0,CAPACITY_EXCEEDED,INVALID
3552,2,44,86,24862,27751,1,FEASIBLE,WORSE
3553,2,44,87,26039,28919,0,CAPACITY_EXCEEDED,INVALID
3554,2,44,88,25743,28634,0,CAPACITY_EXCEEDED,INVALID
3555,2,44,89,25247,28155,1,FEASIBLE,WORSE
3556,2,44,90,24586,27532,1,FEASIBLE,WORSE
3557,2,44,91,25067,28034,1,FEASIBLE,WORSE
3558,2,44,92,25821,28701,0,CAPACITY_EXCEEDED,INVALID
3559,2,44,93,26118,29026,0,CAPACITY_EXCEEDED,INVALID
3560,2,44,94,25160,28160,1,FEASIBLE,WORSE
3561,2,44,95,25355,28314,1,FEASIBLE,WORSE
3562,2,44,96,25209,28084,1,FEASIBLE,WORSE
3563,2,44,97,24743,27664,1,FEASIBLE,WORSE
3564,2,44,98,24971,27855,1,FEASIBLE,WORSE
3565,2,44,99,25076,28010,1,FEASIBLE,WORSE
3566,2,45,46,26326,29185,0,CAPACITY_EXCEEDED,INVALID
3567,2,45,47,25419,28324,0,CAPACITY_EXCEEDED,INVALID
3568,2,45,48,25134,28043,1,FEASIBLE,WORSE
3569,2,45,49,25814,28682,0,CAPACITY_EXCEEDED,INVALID
3570,2,45,50,24843,27747,1,FEASIBLE,WORSE
3571,2,45,51,26250,29099,0,CAPACITY_EXCEEDED,INVALID
3572,2,45,52,25841,28692,0,CAPACITY_EXCEEDED,INVALID
3573,2,45,53,25061,27962,1,FEASIBLE,WORSE
3574,2,45,54,26037,28960,0,CAPACITY_EXCEEDED,INVALID
3575,2,45,55,25527,28377,0,CAPACITY_EXCEEDED,INVALID
3576,2,45,56,25240,28144,1,FEASIBLE,WORSE
3577,2,45,57,25585,28475,0,CAPACITY_EXCEEDED,INVALID
3578,2,45,58,25934,28789,0,CAPACITY_EXCEEDED,INVALID
3579,2,45,59,24858,27721,1,FEASIBLE,WORSE
3580,2,45,60,26423,29269,0,CAPACITY_EXCEEDED,INVALID
3581,2,45,61,25711,28584,0,CAPACITY_EXCEEDED,INVALID
3582,2,45,62,24945,27792,1,FEASIBLE,WORSE
3583,2,45,63,25706,28546,0,CAPACITY_EXCEEDED,INVALID
3584,2,45,64,25391,28242,0,CAPACITY_EXCEEDED,INVALID
3585,2,45,65,26629,29549,0,CAPACITY_EXCEEDED,INVALID
3586,2,45,66,25103,27994,1,FEASIBLE,WORSE
3587,2,45,67,25417,28288,0,CAPACITY_EXCEEDED,INVALID
3588,2,45,68,26102,28959,0,CAPACITY_EXCEEDED,INVALID
3589,2,45,69,25334,28175,1,FEASIBLE,WORSE
3590,2,45,70,25597,28445,0,CAPACITY_EXCEEDED,INVALID
3591,2,45,71,26724,29642,0,CAPACITY_EXCEEDED,INVALID
3592,2,45,72,25670,28534,0,CAPACITY_EXCEEDED,INVALID
3593,2,45,73,26147,29066,0,CAPACITY_EXCEEDED,INVALID
3594,2,45,74,26471,29356,0,CAPACITY_EXCEEDED,INVALID
3595,2,45,75,25326,28213,1,FEASIBLE,WORSE
3596,2,45,76,26705,29547,0,CAPACITY_EXCEEDED,INVALID
3597,2,45,77,25478,28348,0,CAPACITY_EXCEEDED,INVALID
3598,2,45,78,24744,27578,1,FEASIBLE,WORSE
3599,2,45,79,26617,29504,0,CAPACITY_EXCEEDED,INVALID
3600,2,45,80,25053,27895,1,FEASIBLE,WORSE
3601,2,45,81,26614,29460,0,CAPACITY_EXCEEDED,INVALID
3602,2,45,82,25276,28134,1,FEASIBLE,WORSE
3603,2,45,83,26556,29442,0,CAPACITY_EXCEEDED,INVALID
3604,2,45,84,24927,27763,1,FEASIBLE,WORSE
3605,2,45,85,26241,29157,0,CAPACITY_EXCEEDED,INVALID
3606,2,45,86,25253,28098,1,FEASIBLE,WORSE
3607,2,45,87,26430,29266,0,CAPACITY_EXCEEDED,INVALID
3608,2,45,88,26134,28981,0,CAPACITY_EXCEEDED,INVALID
3609,2,45,89,25638,28502,0,CAPACITY_EXCEEDED,INVALID
3610,2,45,90,24977,27879,1,FEASIBLE,WORSE
3611,2,45,91,25458,28381,0,CAPACITY_EXCEEDED,INVALID
3612,2,45,92,26212,29048,0,CAPACITY_EXCEEDED,INVALID
3613,2,45,93,26509,29373,0,CAPACITY_EXCEEDED,INVALID
3614,2,45,94,25551,28507,0,CAPACITY_EXCEEDED,INVALID
3615,2,45,95,25746,28661,0,CAPACITY_EXCEEDED,INVALID
3616,2,45,96,25600,28431,0,CAPACITY_EXCEEDED,INVALID
3617,2,45,97,25134,28011,1,FEASIBLE,WORSE
3618,2,45,98,25362,28202,1,FEASIBLE,WORSE
3619,2,45,99,25467,28357,0,CAPACITY_EXCEEDED,INVALID
3620,2,46,47,25659,28521,0,CAPACITY_EXCEEDED,INVALID
3621,2,46,48,25374,28240,0,CAPACITY_EXCEEDED,INVALID
3622,2,46,49,26054,28879,0,CAPACITY_EXCEEDED,INVALID
3623,2,46,50,25083,27944,1,FEASIBLE,WORSE
3624,2,46,51,26490,29296,0,CAPACITY_EXCEEDED,INVALID
3625,2,46,52,26081,28889,0,CAPACITY_EXCEEDED,INVALID
3626,2,46,53,25301,28159,1,FEASIBLE,WORSE
3627,2,46,54,26277,29157,0,CAPACITY_EXCEEDED,INVALID
3628,2,46,55,25767,28574,0,CAPACITY_EXCEEDED,INVALID
3629,2,46,56,25480,28341,0,CAPACITY_EXCEEDED,INVALID
3630,2,46,57,25825,28672,0,CAPACITY_EXCEEDED,INVALID
3631,2,46,58,26174,28986,0,CAPACITY_EXCEEDED,INVALID
3632,2,46,59,25098,27918,1,FEASIBLE,WORSE
3633,2,46,60,26663,29466,0,CAPACITY_EXCEEDED,INVALID
3634,2,46,61,25951,28781,0,CAPACITY_EXCEEDED,INVALID
3635,2,46,62,25185,27989,1,FEASIBLE,WORSE
3636,2,46,63,25946,28743,0,CAPACITY_EXCEEDED,INVALID
3637,2,46,64,25631,28439,0,CAPACITY_EXCEEDED,INVALID
3638,2,46,65,26869,29746,0,CAPACITY_EXCEEDED,INVALID
3639,2,46,66,25343,28191,1,FEASIBLE,WORSE
3640,2,46,67,25657,28485,0,CAPACITY_EXCEEDED,INVALID
3641,2,46,68,26342,29156,0,CAPACITY_EXCEEDED,INVALID
3642,2,46,69,25574,28372,0,CAPACITY_EXCEEDED,INVALID
3643,2,46,70,25837,28642,0,CAPACITY_EXCEEDED,INVALID
3644,2,46,71,26964,29839,0,CAPACITY_EXCEEDED,INVALID
3645,2,46,72,25910,28731,0,CAPACITY_EXCEEDED,INVALID
3646,2,46,73,26387,29263,0,CAPACITY_EXCEEDED,INVALID
3647,2,46,74,26711,29553,0,CAPACITY_EXCEEDED,INVALID
3648,2,46,75,25566,28410,0,CAPACITY_EXCEEDED,INVALID
3649,2,46,76,26945,29744,0,CAPACITY_EXCEEDED,INVALID
3650,2,46,77,25718,28545,0,CAPACITY_EXCEEDED,INVALID
3651,2,46,78,24984,27775,1,FEASIBLE,WORSE
3652,2,46,79,26857,29701,0,CAPACITY_EXCEEDED,INVALID
3653,2,46,80,25293,28092,1,FEASIBLE,WORSE
3654,2,46,81,26854,29657,0,CAPACITY_EXCEEDED,INVALID
3655,2,46,82,25516,28331,0,CAPACITY_EXCEEDED,INVALID
3656,2,46,83,26796,29639,0,CAPACITY_EXCEEDED,INVALID
3657,2,46,84,25167,27960,1,FEASIBLE,WORSE
3658,2,46,85,26481,29354,0,CAPACITY_EXCEEDED,INVALID
3659,2,46,86,25493,28295,0,CAPACITY_EXCEEDED,INVALID
3660,2,46,87,26670,29463,0,CAPACITY_EXCEEDED,INVALID
3661,2,46,88,26374,29178,0,CAPACITY_EXCEEDED,INVALID
3662,2,46,89,25878,28699,0,CAPACITY_EXCEEDED,INVALID
3663,2,46,90,25217,28076,1,FEASIBLE,WORSE
3664,2,46,91,25698,28578,0,CAPACITY_EXCEEDED,INVALID
3665,2,46,92,26452,29245,0,CAPACITY_EXCEEDED,INVALID
3666,2,46,93,26749,29570,0,CAPACITY_EXCEEDED,INVALID
3667,2,46,94,25791,28704,0,CAPACITY_EXCEEDED,INVALID
3668,2,46,95,25986,28858,0,CAPACITY_EXCEEDED,INVALID
3669,2,46,96,25840,28628,0,CAPACITY_EXCEEDED,INVALID
3670,2,46,97,25374,28208,0,CAPACITY_EXCEEDED,INVALID
3671,2,46,98,25602,28399,0,CAPACITY_EXCEEDED,INVALID
3672,2,46,99,25707,28554,0,CAPACITY_EXCEEDED,INVALID
3673,2,47,48,24467,27379,1,FEASIBLE,WORSE
3674,2,47,49,25147,28018,1,FEASIBLE,WORSE
3675,2,47,50,24176,27083,1,FEASIBLE,WORSE
3676,2,47,51,25583,28435,0,CAPACITY_EXCEEDED,INVALID
3677,2,47,52,25174,28028,1,FEASIBLE,WORSE
3678,2,47,53,24394,27298,1,FEASIBLE,WORSE
3679,2,47,54,25370,28296,1,FEASIBLE,WORSE
3680,2,47,55,24860,27713,1,FEASIBLE,WORSE
3681,2,47,56,24573,27480,1,FEASIBLE,WORSE
3682,2,47,57,24918,27811,1,FEASIBLE,WORSE
3683,2,47,58,25267,28125,1,FEASIBLE,WORSE
3684,2,47,59,24191,27057,1,FEASIBLE,WORSE
3685,2,47,60,25756,28605,0,CAPACITY_EXCEEDED,INVALID
3686,2,47,61,25044,27920,1,FEASIBLE,WORSE
3687,2,47,62,24278,27128,1,FEASIBLE,WORSE
3688,2,47,63,25039,27882,1,FEASIBLE,WORSE
3689,2,47,64,24724,27578,1,FEASIBLE,WORSE
3690,2,47,65,25962,28885,0,CAPACITY_EXCEEDED,INVALID
3691,2,47,66,24436,27330,1,FEASIBLE,WORSE
3692,2,47,67,24750,27624,1,FEASIBLE,WORSE
3693,2,47,68,25435,28295,0,CAPACITY_EXCEEDED,INVALID
3694,2,47,69,24667,27511,1,FEASIBLE,WORSE
3695,2,47,70,24930,27781,1,FEASIBLE,WORSE
3696,2,47,71,26057,28978,0,CAPACITY_EXCEEDED,INVALID
3697,2,47,72,25003,27870,1,FEASIBLE,WORSE
3698,2,47,73,25480,28402,0,CAPACITY_EXCEEDED,INVALID
3699,2,47,74,25804,28692,0,CAPACITY_EXCEEDED,INVALID
3700,2,47,75,24659,27549,1,FEASIBLE,WORSE
3701,2,47,76,26038,28883,0,CAPACITY_EXCEEDED,INVALID
3702,2,47,77,24811,27684,1,FEASIBLE,WORSE
3703,2,47,78,24077,26914,1,FEASIBLE,WORSE
3704,2,47,79,25950,28840,0,CAPACITY_EXCEEDED,INVALID
3705,2,47,80,24386,27231,1,FEASIBLE,WORSE
3706,2,47,81,25947,28796,0,CAPACITY_EXCEEDED,INVALID
3707,2,47,82,24609,27470,1,FEASIBLE,WORSE
3708,2,47,83,25889,28778,0,CAPACITY_EXCEEDED,INVALID
3709,2,47,84,24260,27099,1,FEASIBLE,WORSE
3710,2,47,85,25574,28493,0,CAPACITY_EXCEEDED,INVALID
3711,2,47,86,24586,27434,1,FEASIBLE,WORSE
3712,2,47,87,25763,28602,0,CAPACITY_EXCEEDED,INVALID
3713,2,47,88,25467,28317,0,CAPACITY_EXCEEDED,INVALID
3714,2,47,89,24971,27838,1,FEASIBLE,WORSE
3715,2,47,90,24310,27215,1,FEASIBLE,WORSE
3716,2,47,91,24791,27717,1,FEASIBLE,WORSE
3717,2,47,92,25545,28384,0,CAPACITY_EXCEEDED,INVALID
3718,2,47,93,25842,28709,0,CAPACITY_EXCEEDED,INVALID
3719,2,47,94,24884,27843,1,FEASIBLE,WORSE
3720,2,47,95,25079,27997,1,FEASIBLE,WORSE
3721,2,47,96,24933,27767,1,FEASIBLE,WORSE
3722,2,47,97,24467,27347,1,FEASIBLE,WORSE
3723,2,47,98,24695,27538,1,FEASIBLE,WORSE
3724,2,47,99,24800,27693,1,FEASIBLE,WORSE
3725,2,48,49,24862,27737,1,FEASIBLE,WORSE
3726,2,48,50,23891,26802,1,FEASIBLE,WORSE
3727,2,48,51,25298,28154,1,FEASIBLE,WORSE
3728,2,48,52,24889,27747,1,FEASIBLE,WORSE
3729,2,48,53,24109,27017,1,FEASIBLE,WORSE
3730,2,48,54,25085,28015,1,FEASIBLE,WORSE
3731,2,48,55,24575,27432,1,FEASIBLE,WORSE
3732,2,48,56,24288,27199,1,FEASIBLE,WORSE
3733,2,48,57,24633,27530,1,FEASIBLE,WORSE
3734,2,48,58,24982,27844,1,FEASIBLE,WORSE
3735,2,48,59,23906,26776,1,FEASIBLE,WORSE
3736,2,48,60,25471,28324,0,CAPACITY_EXCEEDED,INVALID
3737,2,48,61,24759,27639,1,FEASIBLE,WORSE
3738,2,48,62,23993,26847,1,FEASIBLE,WORSE
3739,2,48,63,24754,27601,1,FEASIBLE,WORSE
3740,2,48,64,24439,27297,1,FEASIBLE,WORSE
3741,2,48,65,25677,28604,0,CAPACITY_EXCEEDED,INVALID
3742,2,48,66,24151,27049,1,FEASIBLE,WORSE
3743,2,48,67,24465,27343,1,FEASIBLE,WORSE
3744,2,48,68,25150,28014,1,FEASIBLE,WORSE
3745,2,48,69,24382,27230,1,FEASIBLE,WORSE
3746,2,48,70,24645,27500,1,FEASIBLE,WORSE
3747,2,48,71,25772,28697,0,CAPACITY_EXCEEDED,INVALID
3748,2,48,72,24718,27589,1,FEASIBLE,WORSE
3749,2,48,73,25195,28121,1,FEASIBLE,WORSE
3750,2,48,74,25519,28411,0,CAPACITY_EXCEEDED,INVALID
3751,2,48,75,24374,27268,1,FEASIBLE,WORSE
3752,2,48,76,25753,28602,0,CAPACITY_EXCEEDED,INVALID
3753,2,48,77,24526,27403,1,FEASIBLE,WORSE
3754,2,48,78,23792,26633,1,FEASIBLE,WORSE
3755,2,48,79,25665,28559,0,CAPACITY_EXCEEDED,INVALID
3756,2,48,80,24101,26950,1,FEASIBLE,WORSE
3757,2,48,81,25662,28515,0,CAPACITY_EXCEEDED,INVALID
3758,2,48,82,24324,27189,1,FEASIBLE,WORSE
3759,2,48,83,25604,28497,0,CAPACITY_EXCEEDED,INVALID
3760,2,48,84,23975,26818,1,FEASIBLE,WORSE
3761,2,48,85,25289,28212,1,FEASIBLE,WORSE
3762,2,48,86,24301,27153,1,FEASIBLE,WORSE
3763,2,48,87,25478,28321,0,CAPACITY_EXCEEDED,INVALID
3764,2,48,88,25182,28036,1,FEASIBLE,WORSE
3765,2,48,89,24686,27557,1,FEASIBLE,WORSE
3766,2,48,90,24025,26934,1,FEASIBLE,WORSE
3767,2,48,91,24506,27436,1,FEASIBLE,WORSE
3768,2,48,92,25260,28103,1,FEASIBLE,WORSE
3769,2,48,93,25557,28428,0,CAPACITY_EXCEEDED,INVALID
3770,2,48,94,24599,27562,1,FEASIBLE,WORSE
3771,2,48,95,24794,27716,1,FEASIBLE,WORSE
3772,2,48,96,24648,27486,1,FEASIBLE,WORSE
3773,2,48,97,24182,27066,1,FEASIBLE,WORSE
3774,2,48,98,24410,27257,1,FEASIBLE,WORSE
3775,2,48,99,24515,27412,1,FEASIBLE,WORSE
3776,2,49,50,24571,27441,1,FEASIBLE,WORSE
3777,2,49,51,25978,28793,0,CAPACITY_EXCEEDED,INVALID
3778,2,49,52,25569,28386,0,CAPACITY_EXCEEDED,INVALID
3779,2,49,53,24789,27656,1,FEASIBLE,WORSE
3780,2,49,54,25765,28654,0,CAPACITY_EXCEEDED,INVALID
3781,2,49,55,25255,28071,1,FEASIBLE,WORSE
3782,2,49,56,24968,27838,1,FEASIBLE,WORSE
3783,2,49,57,25313,28169,1,FEASIBLE,WORSE
3784,2,49,58,25662,28483,0,CAPACITY_EXCEEDED,INVALID
3785,2,49,59,24586,27415,1,FEASIBLE,WORSE
3786,2,49,60,26151,28963,0,CAPACITY_EXCEEDED,INVALID
3787,2,49,61,25439,28278,0,CAPACITY_EXCEEDED,INVALID
3788,2,49,62,24673,27486,1,FEASIBLE,WORSE
3789,2,49,63,25434,28240,0,CAPACITY_EXCEEDED,INVALID
3790,2,49,64,25119,27936,1,FEASIBLE,WORSE
3791,2,49,65,26357,29243,0,CAPACITY_EXCEEDED,INVALID
3792,2,49,66,24831,27688,1,FEASIBLE,WORSE
3793,2,49,67,25145,27982,1,FEASIBLE,WORSE
3794,2,49,68,25830,28653,0,CAPACITY_EXCEEDED,INVALID
3795,2,49,69,25062,27869,1,FEASIBLE,WORSE
3796,2,49,70,25325,28139,1,FEASIBLE,WORSE
3797,2,49,71,26452,29336,0,CAPACITY_EXCEEDED,INVALID
3798,2,49,72,25398,28228,0,CAPACITY_EXCEEDED,INVALID
3799,2,49,73,25875,28760,0,CAPACITY_EXCEEDED,INVALID
3800,2,49,74,26199,29050,0,CAPACITY_EXCEEDED,INVALID
3801,2,49,75,25054,27907,1,FEASIBLE,WORSE
3802,2,49,76,26433,29241,0,CAPACITY_EXCEEDED,INVALID
3803,2,49,77,25206,28042,1,FEASIBLE,WORSE
3804,2,49,78,24472,27272,1,FEASIBLE,WORSE
3805,2,49,79,26345,29198,0,CAPACITY_EXCEEDED,INVALID
3806,2,49,80,24781,27589,1,FEASIBLE,WORSE
3807,2,49,81,26342,29154,0,CAPACITY_EXCEEDED,INVALID
3808,2,49,82,25004,27828,1,FEASIBLE,WORSE
3809,2,49,83,26284,29136,0,CAPACITY_EXCEEDED,INVALID
3810,2,49,84,24655,27457,1,FEASIBLE,WORSE
3811,2,49,85,25969,28851,0,CAPACITY_EXCEEDED,INVALID
3812,2,49,86,24981,27792,1,FEASIBLE,WORSE
3813,2,49,87,26158,28960,0,CAPACITY_EXCEEDED,INVALID
3814,2,49,88,25862,28675,0,CAPACITY_EXCEEDED,INVALID
3815,2,49,89,25366,28196,1,FEASIBLE,WORSE
3816,2,49,90,24705,27573,1,FEASIBLE,WORSE
3817,2,49,91,25186,28075,1,FEASIBLE,WORSE
3818,2,49,92,25940,28742,0,CAPACITY_EXCEEDED,INVALID
3819,2,49,93,26237,29067,0,CAPACITY_EXCEEDED,INVALID
3820,2,49,94,25279,28201,1,FEASIBLE,WORSE
3821,2,49,95,25474,28355,0,CAPACITY_EXCEEDED,INVALID
3822,2,49,96,25328,28125,1,FEASIBLE,WORSE
3823,2,49,97,24862,27705,1,FEASIBLE,WORSE
3824,2,49,98,25090,27896,1,FEASIBLE,WORSE
3825,2,49,99,25195,28051,1,FEASIBLE,WORSE
3826,2,50,51,25007,27858,1,FEASIBLE,WORSE
3827,2,50,52,24598,27451,1,FEASIBLE,WORSE
3828,2,50,53,23818,26721,1,FEASIBLE,WORSE
3829,2,50,54,24794,27719,1,FEASIBLE,WORSE
3830,2,50,55,24284,27136,1,FEASIBLE,WORSE
3831,2,50,56,23997,26903,1,FEASIBLE,WORSE
3832,2,50,57,24342,27234,1,FEASIBLE,WORSE
3833,2,50,58,24691,27548,1,FEASIBLE,WORSE
3834,2,50,59,23615,26480,1,FEASIBLE,WORSE
3835,2,50,60,25180,28028,1,FEASIBLE,WORSE
3836,2,50,61,24468,27343,1,FEASIBLE,WORSE
3837,2,50,62,23702,26551,1,FEASIBLE,WORSE
3838,2,50,63,24463,27305,1,FEASIBLE,WORSE
3839,2,50,64,24148,27001,1,FEASIBLE,WORSE
3840,2,50,65,25386,28308,0,CAPACITY_EXCEEDED,INVALID
3841,2,50,66,23860,26753,1,FEASIBLE,WORSE
3842,2,50,67,24174,27047,1,FEASIBLE,WORSE
3843,2,50,68,24859,27718,1,FEASIBLE,WORSE
3844,2,50,69,24091,26934,1,FEASIBLE,WORSE
3845,2,50,70,24354,27204,1,FEASIBLE,WORSE
3846,2,50,71,25481,28401,0,CAPACITY_EXCEEDED,INVALID
3847,2,50,72,24427,27293,1,FEASIBLE,WORSE
3848,2,50,73,24904,27825,1,FEASIBLE,WORSE
3849,2,50,74,25228,28115,1,FEASIBLE,WORSE
3850,2,50,75,24083,26972,1,FEASIBLE,WORSE
3851,2,50,76,25462,28306,0,CAPACITY_EXCEEDED,INVALID
3852,2,50,77,24235,27107,1,FEASIBLE,WORSE
3853,2,50,78,23501,26337,1,FEASIBLE,WORSE
3854,2,50,79,25374,28263,0,CAPACITY_EXCEEDED,INVALID
3855,2,50,80,23810,26654,1,FEASIBLE,WORSE
3856,2,50,81,25371,28219,1,FEASIBLE,WORSE
3857,2,50,82,24033,26893,1,FEASIBLE,WORSE
3858,2,50,83,25313,28201,1,FEASIBLE,WORSE
3859,2,50,84,23684,26522,1,FEASIBLE,WORSE
3860,2,50,85,24998,27916,1,FEASIBLE,WORSE
3861,2,50,86,24010,26857,1,FEASIBLE,WORSE
3862,2,50,87,25187,28025,1,FEASIBLE,WORSE
3863,2,50,88,24891,27740,1,FEASIBLE,WORSE
3864,2,50,89,24395,27261,1,FEASIBLE,WORSE
3865,2,50,90,23734,26638,1,FEASIBLE,WORSE
3866,2,50,91,24215,27140,1,FEASIBLE,WORSE
3867,2,50,92,24969,27807,1,FEASIBLE,WORSE
3868,2,50,93,25266,28132,1,FEASIBLE,WORSE
3869,2,50,94,24308,27266,1,FEASIBLE,WORSE
3870,2,50,95,24503,27420,1,FEASIBLE,WORSE
3871,2,50,96,24357,27190,1,FEASIBLE,WORSE
3872,2,50,97,23891,26770,1,FEASIBLE,WORSE
3873,2,50,98,24119,26961,1,FEASIBLE,WORSE
3874,2,50,99,24224,27116,1,FEASIBLE,WORSE
3875,2,51,52,26005,28803,0,CAPACITY_EXCEEDED,INVALID
3876,2,51,53,25225,28073,1,FEASIBLE,WORSE
3877,2,51,54,26201,29071,0,CAPACITY_EXCEEDED,INVALID
3878,2,51,55,25691,28488,0,CAPACITY_EXCEEDED,INVALID
3879,2,51,56,25404,28255,0,CAPACITY_EXCEEDED,INVALID
3880,2,51,57,25749,28586,0,CAPACITY_EXCEEDED,INVALID
3881,2,51,58,26098,28900,0,CAPACITY_EXCEEDED,INVALID
3882,2,51,59,25022,27832,1,FEASIBLE,WORSE
3883,2,51,60,26587,29380,0,CAPACITY_EXCEEDED,INVALID
3884,2,51,61,25875,28695,0,CAPACITY_EXCEEDED,INVALID
3885,2,51,62,25109,27903,1,FEASIBLE,WORSE
3886,2,51,63,25870,28657,0,CAPACITY_EXCEEDED,INVALID
3887,2,51,64,25555,28353,0,CAPACITY_EXCEEDED,INVALID
3888,2,51,65,26793,29660,0,CAPACITY_EXCEEDED,INVALID
3889,2,51,66,25267,28105,1,FEASIBLE,WORSE
3890,2,51,67,25581,28399,0,CAPACITY_EXCEEDED,INVALID
3891,2,51,68,26266,29070,0,CAPACITY_EXCEEDED,INVALID
3892,2,51,69,25498,28286,0,CAPACITY_EXCEEDED,INVALID
3893,2,51,70,25761,28556,0,CAPACITY_EXCEEDED,INVALID
3894,2,51,71,26888,29753,0,CAPACITY_EXCEEDED,INVALID
3895,2,51,72,25834,28645,0,CAPACITY_EXCEEDED,INVALID
3896,2,51,73,26311,29177,0,CAPACITY_EXCEEDED,INVALID
3897,2,51,74,26635,29467,0,CAPACITY_EXCEEDED,INVALID
3898,2,51,75,25490,28324,0,CAPACITY_EXCEEDED,INVALID
3899,2,51,76,26869,29658,0,CAPACITY_EXCEEDED,INVALID
3900,2,51,77,25642,28459,0,CAPACITY_EXCEEDED,INVALID
3901,2,51,78,24908,27689,1,FEASIBLE,WORSE
3902,2,51,79,26781,29615,0,CAPACITY_EXCEEDED,INVALID
3903,2,51,80,25217,28006,1,FEASIBLE,WORSE
3904,2,51,81,26778,29571,0,CAPACITY_EXCEEDED,INVALID
3905,2,51,82,25440,28245,0,CAPACITY_EXCEEDED,INVALID
3906,2,51,83,26720,29553,0,CAPACITY_EXCEEDED,INVALID
3907,2,51,84,25091,27874,1,FEASIBLE,WORSE
3908,2,51,85,26405,29268,0,CAPACITY_EXCEEDED,INVALID
3909,2,51,86,25417,28209,0,CAPACITY_EXCEEDED,INVALID
3910,2,51,87,26594,29377,0,CAPACITY_EXCEEDED,INVALID
3911,2,51,88,26298,29092,0,CAPACITY_EXCEEDED,INVALID
3912,2,51,89,25802,28613,0,CAPACITY_EXCEEDED,INVALID
3913,2,51,90,25141,27990,1,FEASIBLE,WORSE
3914,2,51,91,25622,28492,0,CAPACITY_EXCEEDED,INVALID
3915,2,51,92,26376,29159,0,CAPACITY_EXCEEDED,INVALID
3916,2,51,93,26673,29484,0,CAPACITY_EXCEEDED,INVALID
3917,2,51,94,25715,28618,0,CAPACITY_EXCEEDED,INVALID
3918,2,51,95,25910,28772,0,CAPACITY_EXCEEDED,INVALID
3919,2,51,96,25764,28542,0,CAPACITY_EXCEEDED,INVALID
3920,2,51,97,25298,28122,1,FEASIBLE,WORSE
3921,2,51,98,25526,28313,0,CAPACITY_EXCEEDED,INVALID
3922,2,51,99,25631,28468,0,CAPACITY_EXCEEDED,INVALID
3923,2,52,53,24816,27666,1,FEASIBLE,WORSE
3924,2,52,54,25792,28664,0,CAPACITY_EXCEEDED,INVALID
3925,2,52,55,25282,28081,1,FEASIBLE,WORSE
3926,2,52,56,24995,27848,1,FEASIBLE,WORSE
3927,2,52,57,25340,28179,1,FEASIBLE,WORSE
3928,2,52,58,25689,28493,0,CAPACITY_EXCEEDED,INVALID
3929,2,52,59,24613,27425,1,FEASIBLE,WORSE
3930,2,52,60,26178,28973,0,CAPACITY_EXCEEDED,INVALID
3931,2,52,61,25466,28288,0,CAPACITY_EXCEEDED,INVALID
3932,2,52,62,24700,27496,1,FEASIBLE,WORSE
3933,2,52,63,25461,28250,0,CAPACITY_EXCEEDED,INVALID
3934,2,52,64,25146,27946,1,FEASIBLE,WORSE
3935,2,52,65,26384,29253,0,CAPACITY_EXCEEDED,INVALID
3936,2,52,66,24858,27698,1,FEASIBLE,WORSE
3937,2,52,67,25172,27992,1,FEASIBLE,WORSE
3938,2,52,68,25857,28663,0,CAPACITY_EXCEEDED,INVALID
3939,2,52,69,25089,27879,1,FEASIBLE,WORSE
3940,2,52,70,25352,28149,1,FEASIBLE,WORSE
3941,2,52,71,26479,29346,0,CAPACITY_EXCEEDED,INVALID
3942,2,52,72,25425,28238,0,CAPACITY_EXCEEDED,INVALID
3943,2,52,73,25902,28770,0,CAPACITY_EXCEEDED,INVALID
3944,2,52,74,26226,29060,0,CAPACITY_EXCEEDED,INVALID
3945,2,52,75,25081,27917,1,FEASIBLE,WORSE
3946,2,52,76,26460,29251,0,CAPACITY_EXCEEDED,INVALID
3947,2,52,77,25233,28052,1,FEASIBLE,WORSE
3948,2,52,78,24499,27282,1,FEASIBLE,WORSE
3949,2,52,79,26372,29208,0,CAPACITY_EXCEEDED,INVALID
3950,2,52,80,24808,27599,1,FEASIBLE,WORSE
3951,2,52,81,26369,29164,0,CAPACITY_EXCEEDED,INVALID
3952,2,52,82,25031,27838,1,FEASIBLE,WORSE
3953,2,52,83,26311,29146,0,CAPACITY_EXCEEDED,INVALID
3954,2,52,84,24682,27467,1,FEASIBLE,WORSE
3955,2,52,85,25996,28861,0,CAPACITY_EXCEEDED,INVALID
3956,2,52,86,25008,27802,1,FEASIBLE,WORSE
3957,2,52,87,26185,28970,0,CAPACITY_EXCEEDED,INVALID
3958,2,52,88,25889,28685,0,CAPACITY_EXCEEDED,INVALID
3959,2,52,89,25393,28206,0,CAPACITY_EXCEEDED,INVALID
3960,2,52,90,24732,27583,1,FEASIBLE,WORSE
3961,2,52,91,25213,28085,1,FEASIBLE,WORSE
3962,2,52,92,25967,28752,0,CAPACITY_EXCEEDED,INVALID
3963,2,52,93,26264,29077,0,CAPACITY_EXCEEDED,INVALID
3964,2,52,94,25306,28211,1,FEASIBLE,WORSE
3965,2,52,95,25501,28365,0,CAPACITY_EXCEEDED,INVALID
3966,2,52,96,25355,28135,1,FEASIBLE,WORSE
3967,2,52,97,24889,27715,1,FEASIBLE,WORSE
3968,2,52,98,25117,27906,1,FEASIBLE,WORSE
3969,2,52,99,25222,28061,1,FEASIBLE,WORSE
3970,2,53,54,25012,27934,1,FEASIBLE,WORSE
3971,2,53,55,24502,27351,1,FEASIBLE,WORSE
3972,2,53,56,24215,27118,1,FEASIBLE,WORSE
3973,2,53,57,24560,27449,1,FEASIBLE,WORSE
3974,2,53,58,24909,27763,1,FEASIBLE,WORSE
3975,2,53,59,23833,26695,1,FEASIBLE,WORSE
3976,2,53,60,25398,28243,0,CAPACITY_EXCEEDED,INVALID
3977,2,53,61,24686,27558,1,FEASIBLE,WORSE
3978,2,53,62,23920,26766,1,FEASIBLE,WORSE
3979,2,53,63,24681,27520,1,FEASIBLE,WORSE
3980,2,53,64,24366,27216,1,FEASIBLE,WORSE
3981,2,53,65,25604,28523,0,CAPACITY_EXCEEDED,INVALID
3982,2,53,66,24078,26968,1,FEASIBLE,WORSE
3983,2,53,67,24392,27262,1,FEASIBLE,WORSE
3984,2,53,68,25077,27933,1,FEASIBLE,WORSE
3985,2,53,69,24309,27149,1,FEASIBLE,WORSE
3986,2,53,70,24572,27419,1,FEASIBLE,WORSE
3987,2,53,71,25699,28616,0,CAPACITY_EXCEEDED,INVALID
3988,2,53,72,24645,27508,1,FEASIBLE,WORSE
3989,2,53,73,25122,28040,1,FEASIBLE,WORSE
3990,2,53,74,25446,28330,0,CAPACITY_EXCEEDED,INVALID
3991,2,53,75,24301,27187,1,FEASIBLE,WORSE
3992,2,53,76,25680,28521,0,CAPACITY_EXCEEDED,INVALID
3993,2,53,77,24453,27322,1,FEASIBLE,WORSE
3994,2,53,78,23719,26552,1,FEASIBLE,WORSE
3995,2,53,79,25592,28478,0,CAPACITY_EXCEEDED,INVALID
3996,2,53,80,24028,26869,1,FEASIBLE,WORSE
3997,2,53,81,25589,28434,0,CAPACITY_EXCEEDED,INVALID
3998,2,53,82,24251,27108,1,FEASIBLE,WORSE
3999,2,53,83,25531,28416,0,CAPACITY_EXCEEDED,INVALID
4000,2,53,84,23902,26737,1,FEASIBLE,WORSE
4001,2,53,85,25216,28131,1,FEASIBLE,WORSE
4002,2,53,86,24228,27072,1,FEASIBLE,WORSE
4003,2,53,87,25405,28240,0,CAPACITY_EXCEEDED,INVALID
4004,2,53,88,25109,27955,1,FEASIBLE,WORSE
4005,2,53,89,24613,27476,1,FEASIBLE,WORSE
4006,2,53,90,23952,26853,1,FEASIBLE,WORSE
4007,2,53,91,24433,27355,1,FEASIBLE,WORSE
4008,2,53,92,25187,28022,1,FEASIBLE,WORSE
4009,2,53,93,25484,28347,0,CAPACITY_EXCEEDED,INVALID
4010,2,53,94,24526,27481,1,FEASIBLE,WORSE
4011,2,53,95,24721,27635,1,FEASIBLE,WORSE
4012,2,53,96,24575,27405,1,FEASIBLE,WORSE
4013,2,53,97,24109,26985,1,FEASIBLE,WORSE
4014,2,53,98,24337,27176,1,FEASIBLE,WORSE
4015,2,53,99,24442,27331,1,FEASIBLE,WORSE
4016,2,54,55,25478,28349,0,CAPACITY_EXCEEDED,INVALID
4017,2,54,56,25191,28116,1,FEASIBLE,WORSE
4018,2,54,57,25536,28447,0,CAPACITY_EXCEEDED,INVALID
4019,2,54,58,25885,28761,0,CAPACITY_EXCEEDED,INVALID
4020,2,54,59,24809,27693,1,FEASIBLE,WORSE
4021,2,54,60,26374,29241,0,CAPACITY_EXCEEDED,INVALID
4022,2,54,61,25662,28556,0,CAPACITY_EXCEEDED,INVALID
4023,2,54,62,24896,27764,1,FEASIBLE,WORSE
4024,2,54,63,25657,28518,0,CAPACITY_EXCEEDED,INVALID
4025,2,54,64,25342,28214,1,FEASIBLE,WORSE
4026,2,54,65,26580,29521,0,CAPACITY_EXCEEDED,INVALID
4027,2,54,66,25054,27966,1,FEASIBLE,WORSE
4028,2,54,67,25368,28260,1,FEASIBLE,WORSE
4029,2,54,68,26053,28931,0,CAPACITY_EXCEEDED,INVALID
4030,2,54,69,25285,28147,1,FEASIBLE,WORSE
4031,2,54,70,25548,28417,0,CAPACITY_EXCEEDED,INVALID
4032,2,54,71,26675,29614,0,CAPACITY_EXCEEDED,INVALID
4033,2,54,72,25621,28506,0,CAPACITY_EXCEEDED,INVALID
4034,2,54,73,26098,29038,0,CAPACITY_EXCEEDED,INVALID
4035,2,54,74,26422,29328,0,CAPACITY_EXCEEDED,INVALID
4036,2,54,75,25277,28185,1,FEASIBLE,WORSE
4037,2,54,76,26656,29519,0,CAPACITY_EXCEEDED,INVALID
4038,2,54,77,25429,28320,0,CAPACITY_EXCEEDED,INVALID
4039,2,54,78,24695,27550,1,FEASIBLE,WORSE
4040,2,54,79,26568,29476,0,CAPACITY_EXCEEDED,INVALID
4041,2,54,80,25004,27867,1,FEASIBLE,WORSE
4042,2,54,81,26565,29432,0,CAPACITY_EXCEEDED,INVALID
4043,2,54,82,25227,28106,1,FEASIBLE,WORSE
4044,2,54,83,26507,29414,0,CAPACITY_EXCEEDED,INVALID
4045,2,54,84,24878,27735,1,FEASIBLE,WORSE
4046,2,54,85,26192,29129,0,CAPACITY_EXCEEDED,INVALID
4047,2,54,86,25204,28070,1,FEASIBLE,WORSE
4048,2,54,87,26381,29238,0,CAPACITY_EXCEEDED,INVALID
4049,2,54,88,26085,28953,0,CAPACITY_EXCEEDED,INVALID
4050,2,54,89,25589,28474,0,CAPACITY_EXCEEDED,INVALID
4051,2,54,90,24928,27851,1,FEASIBLE,WORSE
4052,2,54,91,25409,28353,0,CAPACITY_EXCEEDED,INVALID
4053,2,54,92,26163,29020,0,CAPACITY_EXCEEDED,INVALID
4054,2,54,93,26460,29345,0,CAPACITY_EXCEEDED,INVALID
4055,2,54,94,25502,28479,0,CAPACITY_EXCEEDED,INVALID
4056,2,54,95,25697,28633,0,CAPACITY_EXCEEDED,INVALID
4057,2,54,96,25551,28403,0,CAPACITY_EXCEEDED,INVALID
4058,2,54,97,25085,27983,1,FEASIBLE,WORSE
4059,2,54,98,25313,28174,1,FEASIBLE,WORSE
4060,2,54,99,25418,28329,0,CAPACITY_EXCEEDED,INVALID
4061,2,55,56,24681,27533,1,FEASIBLE,WORSE
4062,2,55,57,25026,27864,1,FEASIBLE,WORSE
4063,2,55,58,25375,28178,0,CAPACITY_EXCEEDED,INVALID
4064,2,55,59,24299,27110,1,FEASIBLE,WORSE
4065,2,55,60,25864,28658,0,CAPACITY_EXCEEDED,INVALID
4066,2,55,61,25152,27973,1,FEASIBLE,WORSE
4067,2,55,62,24386,27181,1,FEASIBLE,WORSE
4068,2,55,63,25147,27935,1,FEASIBLE,WORSE
4069,2,55,64,24832,27631,1,FEASIBLE,WORSE
4070,2,55,65,26070,28938,0,CAPACITY_EXCEEDED,INVALID
4071,2,55,66,24544,27383,1,FEASIBLE,WORSE
4072,2,55,67,24858,27677,1,FEASIBLE,WORSE
4073,2,55,68,25543,28348,0,CAPACITY_EXCEEDED,INVALID
4074,2,55,69,24775,27564,1,FEASIBLE,WORSE
4075,2,55,70,25038,27834,1,FEASIBLE,WORSE
4076,2,55,71,26165,29031,0,CAPACITY_EXCEEDED,INVALID
4077,2,55,72,25111,27923,1,FEASIBLE,WORSE
4078,2,55,73,25588,28455,0,CAPACITY_EXCEEDED,INVALID
4079,2,55,74,25912,28745,0,CAPACITY_EXCEEDED,INVALID
4080,2,55,75,24767,27602,1,FEASIBLE,WORSE
4081,2,55,76,26146,28936,0,CAPACITY_EXCEEDED,INVALID
4082,2,55,77,24919,27737,1,FEASIBLE,WORSE
4083,2,55,78,24185,26967,1,FEASIBLE,WORSE
4084,2,55,79,26058,28893,0,CAPACITY_EXCEEDED,INVALID
4085,2,55,80,24494,27284,1,FEASIBLE,WORSE
4086,2,55,81,26055,28849,0,CAPACITY_EXCEEDED,INVALID
4087,2,55,82,24717,27523,1,FEASIBLE,WORSE
4088,2,55,83,25997,28831,0,CAPACITY_EXCEEDED,INVALID
4089,2,55,84,24368,27152,1,FEASIBLE,WORSE
4090,2,55,85,25682,28546,0,CAPACITY_EXCEEDED,INVALID
4091,2,55,86,24694,27487,1,FEASIBLE,WORSE
4092,2,55,87,25871,28655,0,CAPACITY_EXCEEDED,INVALID
4093,2,55,88,25575,28370,0,CAPACITY_EXCEEDED,INVALID
4094,2,55,89,25079,27891,1,FEASIBLE,WORSE
4095,2,55,90,24418,27268,1,FEASIBLE,WORSE
4096,2,55,91,24899,27770,1,FEASIBLE,WORSE
4097,2,55,92,25653,28437,0,CAPACITY_EXCEEDED,INVALID
4098,2,55,93,25950,28762,0,CAPACITY_EXCEEDED,INVALID
4099,2,55,94,24992,27896,1,FEASIBLE,WORSE
4100,2,55,95,25187,28050,1,FEASIBLE,WORSE
4101,2,55,96,25041,27820,1,FEASIBLE,WORSE
4102,2,55,97,24575,27400,1,FEASIBLE,WORSE
4103,2,55,98,24803,27591,1,FEASIBLE,WORSE
4104,2,55,99,24908,27746,1,FEASIBLE,WORSE
4105,2,56,57,24739,27631,1,FEASIBLE,WORSE
4106,2,56,58,25088,27945,1,FEASIBLE,WORSE
4107,2,56,59,24012,26877,1,FEASIBLE,WORSE
4108,2,56,60,25577,28425,0,CAPACITY_EXCEEDED,INVALID
4109,2,56,61,24865,27740,1,FEASIBLE,WORSE
4110,2,56,62,24099,26948,1,FEASIBLE,WORSE
4111,2,56,63,24860,27702,1,FEASIBLE,WORSE
4112,2,56,64,24545,27398,1,FEASIBLE,WORSE
4113,2,56,65,25783,28705,0,CAPACITY_EXCEEDED,INVALID
4114,2,56,66,24257,27150,1,FEASIBLE,WORSE
4115,2,56,67,24571,27444,1,FEASIBLE,WORSE
4116,2,56,68,25256,28115,1,FEASIBLE,WORSE
4117,2,56,69,24488,27331,1,FEASIBLE,WORSE
4118,2,56,70,24751,27601,1,FEASIBLE,WORSE
4119,2,56,71,25878,28798,0,CAPACITY_EXCEEDED,INVALID
4120,2,56,72,24824,27690,1,FEASIBLE,WORSE
4121,2,56,73,25301,28222,1,FEASIBLE,WORSE
4122,2,56,74,25625,28512,0,CAPACITY_EXCEEDED,INVALID
4123,2,56,75,24480,27369,1,FEASIBLE,WORSE
4124,2,56,76,25859,28703,0,CAPACITY_EXCEEDED,INVALID
4125,2,56,77,24632,27504,1,FEASIBLE,WORSE
4126,2,56,78,23898,26734,1,FEASIBLE,WORSE
4127,2,56,79,25771,28660,0,CAPACITY_EXCEEDED,INVALID
4128,2,56,80,24207,27051,1,FEASIBLE,WORSE
4129,2,56,81,25768,28616,0,CAPACITY_EXCEEDED,INVALID
4130,2,56,82,24430,27290,1,FEASIBLE,WORSE
4131,2,56,83,25710,28598,0,CAPACITY_EXCEEDED,INVALID
4132,2,56,84,24081,26919,1,FEASIBLE,WORSE
4133,2,56,85,25395,28313,0,CAPACITY_EXCEEDED,INVALID
4134,2,56,86,24407,27254,1,FEASIBLE,WORSE
4135,2,56,87,25584,28422,0,CAPACITY_EXCEEDED,INVALID
4136,2,56,88,25288,28137,1,FEASIBLE,WORSE
4137,2,56,89,24792,27658,1,FEASIBLE,WORSE
4138,2,56,90,24131,27035,1,FEASIBLE,WORSE
4139,2,56,91,24612,27537,1,FEASIBLE,WORSE
4140,2,56,92,25366,28204,1,FEASIBLE,WORSE
4141,2,56,93,25663,28529,0,CAPACITY_EXCEEDED,INVALID
4142,2,56,94,24705,27663,1,FEASIBLE,WORSE
4143,2,56,95,24900,27817,1,FEASIBLE,WORSE
4144,2,56,96,24754,27587,1,FEASIBLE,WORSE
4145,2,56,97,24288,27167,1,FEASIBLE,WORSE
4146,2,56,98,24516,27358,1,FEASIBLE,WORSE
4147,2,56,99,24621,27513,1,FEASIBLE,WORSE
4148,2,57,58,25433,28276,0,CAPACITY_EXCEEDED,INVALID
4149,2,57,59,24357,27208,1,FEASIBLE,WORSE
4150,2,57,60,25922,28756,0,CAPACITY_EXCEEDED,INVALID
4151,2,57,61,25210,28071,1,FEASIBLE,WORSE
4152,2,57,62,24444,27279,1,FEASIBLE,WORSE
4153,2,57,63,25205,28033,1,FEASIBLE,WORSE
4154,2,57,64,24890,27729,1,FEASIBLE,WORSE
4155,2,57,65,26128,29036,0,CAPACITY_EXCEEDED,INVALID
4156,2,57,66,24602,27481,1,FEASIBLE,WORSE
4157,2,57,67,24916,27775,1,FEASIBLE,WORSE
4158,2,57,68,25601,28446,0,CAPACITY_EXCEEDED,INVALID
4159,2,57,69,24833,27662,1,FEASIBLE,WORSE
4160,2,57,70,25096,27932,1,FEASIBLE,WORSE
4161,2,57,71,26223,29129,0,CAPACITY_EXCEEDED,INVALID
4162,2,57,72,25169,28021,1,FEASIBLE,WORSE
4163,2,57,73,25646,28553,0,CAPACITY_EXCEEDED,INVALID
4164,2,57,74,25970,28843,0,CAPACITY_EXCEEDED,INVALID
4165,2,57,75,24825,27700,1,FEASIBLE,WORSE
4166,2,57,76,26204,29034,0,CAPACITY_EXCEEDED,INVALID
4167,2,57,77,24977,27835,1,FEASIBLE,WORSE
4168,2,57,78,24243,27065,1,FEASIBLE,WORSE
4169,2,57,79,26116,28991,0,CAPACITY_EXCEEDED,INVALID
4170,2,57,80,24552,27382,1,FEASIBLE,WORSE
4171,2,57,81,26113,28947,0,CAPACITY_EXCEEDED,INVALID
4172,2,57,82,24775,27621,1,FEASIBLE,WORSE
4173,2,57,83,26055,28929,0,CAPACITY_EXCEEDED,INVALID
4174,2,57,84,24426,27250,1,FEASIBLE,WORSE
4175,2,57,85,25740,28644,0,CAPACITY_EXCEEDED,INVALID
4176,2,57,86,24752,27585,1,FEASIBLE,WORSE
4177,2,57,87,25929,28753,0,CAPACITY_EXCEEDED,INVALID
4178,2,57,88,25633,28468,0,CAPACITY_EXCEEDED,INVALID
4179,2,57,89,25137,27989,1,FEASIBLE,WORSE
4180,2,57,90,24476,27366,1,FEASIBLE,WORSE
4181,2,57,91,24957,27868,1,FEASIBLE,WORSE
4182,2,57,92,25711,28535,0,CAPACITY_EXCEEDED,INVALID
4183,2,57,93,26008,28860,0,CAPACITY_EXCEEDED,INVALID
4184,2,57,94,25050,27994,1,FEASIBLE,WORSE
4185,2,57,95,25245,28148,1,FEASIBLE,WORSE
4186,2,57,96,25099,27918,1,FEASIBLE,WORSE
4187,2,57,97,24633,27498,1,FEASIBLE,WORSE
4188,2,57,98,24861,27689,1,FEASIBLE,WORSE
4189,2,57,99,24966,27844,1,FEASIBLE,WORSE
4190,2,58,59,24706,27522,1,FEASIBLE,WORSE
4191,2,58,60,26271,29070,0,CAPACITY_EXCEEDED,INVALID
4192,2,58,61,25559,28385,0,CAPACITY_EXCEEDED,INVALID
4193,2,58,62,24793,27593,1,FEASIBLE,WORSE
4194,2,58,63,25554,28347,0,CAPACITY_EXCEEDED,INVALID
4195,2,58,64,25239,28043,1,FEASIBLE,WORSE
4196,2,58,65,26477,29350,0,CAPACITY_EXCEEDED,INVALID
4197,2,58,66,24951,27795,1,FEASIBLE,WORSE
4198,2,58,67,25265,28089,1,FEASIBLE,WORSE
4199,2,58,68,25950,28760,0,CAPACITY_EXCEEDED,INVALID
4200,2,58,69,25182,27976,1,FEASIBLE,WORSE
4201,2,58,70,25445,28246,0,CAPACITY_EXCEEDED,INVALID
4202,2,58,71,26572,29443,0,CAPACITY_EXCEEDED,INVALID
4203,2,58,72,25518,28335,0,CAPACITY_EXCEEDED,INVALID
4204,2,58,73,25995,28867,0,CAPACITY_EXCEEDED,INVALID
4205,2,58,74,26319,29157,0,CAPACITY_EXCEEDED,INVALID
4206,2,58,75,25174,28014,1,FEASIBLE,WORSE
4207,2,58,76,26553,29348,0,CAPACITY_EXCEEDED,INVALID
4208,2,58,77,25326,28149,1,FEASIBLE,WORSE
4209,2,58,78,24592,27379,1,FEASIBLE,WORSE
4210,2,58,79,26465,29305,0,CAPACITY_EXCEEDED,INVALID
4211,2,58,80,24901,27696,1,FEASIBLE,WORSE
4212,2,58,81,26462,29261,0,CAPACITY_EXCEEDED,INVALID
4213,2,58,82,25124,27935,1,FEASIBLE,WORSE
4214,2,58,83,26404,29243,0,CAPACITY_EXCEEDED,INVALID
4215,2,58,84,24775,27564,1,FEASIBLE,WORSE
4216,2,58,85,26089,28958,0,CAPACITY_EXCEEDED,INVALID
4217,2,58,86,25101,27899,1,FEASIBLE,WORSE
4218,2,58,87,26278,29067,0,CAPACITY_EXCEEDED,INVALID
4219,2,58,88,25982,28782,0,CAPACITY_EXCEEDED,INVALID
4220,2,58,89,25486,28303,0,CAPACITY_EXCEEDED,INVALID
4221,2,58,90,24825,27680,1,FEASIBLE,WORSE
4222,2,58,91,25306,28182,1,FEASIBLE,WORSE
4223,2,58,92,26060,28849,0,CAPACITY_EXCEEDED,INVALID
4224,2,58,93,26357,29174,0,CAPACITY_EXCEEDED,INVALID
4225,2,58,94,25399,28308,0,CAPACITY_EXCEEDED,INVALID
4226,2,58,95,25594,28462,0,CAPACITY_EXCEEDED,INVALID
4227,2,58,96,25448,28232,0,CAPACITY_EXCEEDED,INVALID
4228,2,58,97,24982,27812,1,FEASIBLE,WORSE
4229,2,58,98,25210,28003,1,FEASIBLE,WORSE
4230,2,58,99,25315,28158,1,FEASIBLE,WORSE
4231,2,59,60,25195,28002,1,FEASIBLE,WORSE
4232,2,59,61,24483,27317,1,FEASIBLE,WORSE
4233,2,59,62,23717,26525,1,FEASIBLE,WORSE
4234,2,59,63,24478,27279,1,FEASIBLE,WORSE
4235,2,59,64,24163,26975,1,FEASIBLE,WORSE
4236,2,59,65,25401,28282,0,CAPACITY_EXCEEDED,INVALID
4237,2,59,66,23875,26727,1,FEASIBLE,WORSE
4238,2,59,67,24189,27021,1,FEASIBLE,WORSE
4239,2,59,68,24874,27692,1,FEASIBLE,WORSE
4240,2,59,69,24106,26908,1,FEASIBLE,WORSE
4241,2,59,70,24369,27178,1,FEASIBLE,WORSE
4242,2,59,71,25496,28375,0,CAPACITY_EXCEEDED,INVALID
4243,2,59,72,24442,27267,1,FEASIBLE,WORSE
4244,2,59,73,24919,27799,1,FEASIBLE,WORSE
4245,2,59,74,25243,28089,1,FEASIBLE,WORSE
4246,2,59,75,24098,26946,1,FEASIBLE,WORSE
4247,2,59,76,25477,28280,0,CAPACITY_EXCEEDED,INVALID
4248,2,59,77,24250,27081,1,FEASIBLE,WORSE
4249,2,59,78,23516,26311,1,FEASIBLE,WORSE
4250,2,59,79,25389,28237,0,CAPACITY_EXCEEDED,INVALID
4251,2,59,80,23825,26628,1,FEASIBLE,WORSE
4252,2,59,81,25386,28193,0,CAPACITY_EXCEEDED,INVALID
4253,2,59,82,24048,26867,1,FEASIBLE,WORSE
4254,2,59,83,25328,28175,1,FEASIBLE,WORSE
4255,2,59,84,23699,26496,1,FEASIBLE,WORSE
4256,2,59,85,25013,27890,1,FEASIBLE,WORSE
4257,2,59,86,24025,26831,1,FEASIBLE,WORSE
4258,2,59,87,25202,27999,1,FEASIBLE,WORSE
4259,2,59,88,24906,27714,1,FEASIBLE,WORSE
4260,2,59,89,24410,27235,1,FEASIBLE,WORSE
4261,2,59,90,23749,26612,1,FEASIBLE,WORSE
4262,2,59,91,24230,27114,1,FEASIBLE,WORSE
4263,2,59,92,24984,27781,1,FEASIBLE,WORSE
4264,2,59,93,25281,28106,1,FEASIBLE,WORSE
4265,2,59,94,24323,27240,1,FEASIBLE,WORSE
4266,2,59,95,24518,27394,1,FEASIBLE,WORSE
4267,2,59,96,24372,27164,1,FEASIBLE,WORSE
4268,2,59,97,23906,26744,1,FEASIBLE,WORSE
4269,2,59,98,24134,26935,1,FEASIBLE,WORSE
4270,2,59,99,24239,27090,1,FEASIBLE,WORSE
4271,2,60,61,26048,28865,0,CAPACITY_EXCEEDED,INVALID
4272,2,60,62,25282,28073,1,FEASIBLE,WORSE
4273,2,60,63,26043,28827,0,CAPACITY_EXCEEDED,INVALID
4274,2,60,64,25728,28523,0,CAPACITY_EXCEEDED,INVALID
4275,2,60,65,26966,29830,0,CAPACITY_EXCEEDED,INVALID
4276,2,60,66,25440,28275,0,CAPACITY_EXCEEDED,INVALID
4277,2,60,67,25754,28569,0,CAPACITY_EXCEEDED,INVALID
4278,2,60,68,26439,29240,0,CAPACITY_EXCEEDED,INVALID
4279,2,60,69,25671,28456,0,CAPACITY_EXCEEDED,INVALID
4280,2,60,70,25934,28726,0,CAPACITY_EXCEEDED,INVALID
4281,2,60,71,27061,29923,0,CAPACITY_EXCEEDED,INVALID
4282,2,60,72,26007,28815,0,CAPACITY_EXCEEDED,INVALID
4283,2,60,73,26484,29347,0,CAPACITY_EXCEEDED,INVALID
4284,2,60,74,26808,29637,0,CAPACITY_EXCEEDED,INVALID
4285,2,60,75,25663,28494,0,CAPACITY_EXCEEDED,INVALID
4286,2,60,76,27042,29828,0,CAPACITY_EXCEEDED,INVALID
4287,2,60,77,25815,28629,0,CAPACITY_EXCEEDED,INVALID
4288,2,60,78,25081,27859,1,FEASIBLE,WORSE
4289,2,60,79,26954,29785,0,CAPACITY_EXCEEDED,INVALID
4290,2,60,80,25390,28176,0,CAPACITY_EXCEEDED,INVALID
4291,2,60,81,26951,29741,0,CAPACITY_EXCEEDED,INVALID
4292,2,60,82,25613,28415,0,CAPACITY_EXCEEDED,INVALID
4293,2,60,83,26893,29723,0,CAPACITY_EXCEEDED,INVALID
4294,2,60,84,25264,28044,1,FEASIBLE,WORSE
4295,2,60,85,26578,29438,0,CAPACITY_EXCEEDED,INVALID
4296,2,60,86,25590,28379,0,CAPACITY_EXCEEDED,INVALID
4297,2,60,87,26767,29547,0,CAPACITY_EXCEEDED,INVALID
4298,2,60,88,26471,29262,0,CAPACITY_EXCEEDED,INVALID
4299,2,60,89,25975,28783,0,CAPACITY_EXCEEDED,INVALID
4300,2,60,90,25314,28160,1,FEASIBLE,WORSE
4301,2,60,91,25795,28662,0,CAPACITY_EXCEEDED,INVALID
4302,2,60,92,26549,29329,0,CAPACITY_EXCEEDED,INVALID
4303,2,60,93,26846,29654,0,CAPACITY_EXCEEDED,INVALID
4304,2,60,94,25888,28788,0,CAPACITY_EXCEEDED,INVALID
4305,2,60,95,26083,28942,0,CAPACITY_EXCEEDED,INVALID
4306,2,60,96,25937,28712,0,CAPACITY_EXCEEDED,INVALID
4307,2,60,97,25471,28292,0,CAPACITY_EXCEEDED,INVALID
4308,2,60,98,25699,28483,0,CAPACITY_EXCEEDED,INVALID
4309,2,60,99,25804,28638,0,CAPACITY_EXCEEDED,INVALID
4310,2,61,62,24570,27388,1,FEASIBLE,WORSE
4311,2,61,63,25331,28142,1,FEASIBLE,WORSE
4312,2,61,64,25016,27838,1,FEASIBLE,WORSE
4313,2,61,65,26254,29145,0,CAPACITY_EXCEEDED,INVALID
4314,2,61,66,24728,27590,1,FEASIBLE,WORSE
4315,2,61,67,25042,27884,1,FEASIBLE,WORSE
4316,2,61,68,25727,28555,0,CAPACITY_EXCEEDED,INVALID
4317,2,61,69,24959,27771,1,FEASIBLE,WORSE
4318,2,61,70,25222,28041,1,FEASIBLE,WORSE
4319,2,61,71,26349,29238,0,CAPACITY_EXCEEDED,INVALID
4320,2,61,72,25295,28130,1,FEASIBLE,WORSE
4321,2,61,73,25772,28662,0,CAPACITY_EXCEEDED,INVALID
4322,2,61,74,26096,28952,0,CAPACITY_EXCEEDED,INVALID
4323,2,61,75,24951,27809,1,FEASIBLE,WORSE
4324,2,61,76,26330,29143,0,CAPACITY_EXCEEDED,INVALID
4325,2,61,77,25103,27944,1,FEASIBLE,WORSE
4326,2,61,78,24369,27174,1,FEASIBLE,WORSE
4327,2,61,79,26242,29100,0,CAPACITY_EXCEEDED,INVALID
4328,2,61,80,24678,27491,1,FEASIBLE,WORSE
4329,2,61,81,26239,29056,0,CAPACITY_EXCEEDED,INVALID
4330,2,61,82,24901,27730,1,FEASIBLE,WORSE
4331,2,61,83,26181,29038,0,CAPACITY_EXCEEDED,INVALID
4332,2,61,84,24552,27359,1,FEASIBLE,WORSE
4333,2,61,85,25866,28753,0,CAPACITY_EXCEEDED,INVALID
4334,2,61,86,24878,27694,1,FEASIBLE,WORSE
4335,2,61,87,26055,28862,0,CAPACITY_EXCEEDED,INVALID
4336,2,61,88,25759,28577,0,CAPACITY_EXCEEDED,INVALID
4337,2,61,89,25263,28098,1,FEASIBLE,WORSE
4338,2,61,90,24602,27475,1,FEASIBLE,WORSE
4339,2,61,91,25083,27977,1,FEASIBLE,WORSE
4340,2,61,92,25837,28644,0,CAPACITY_EXCEEDED,INVALID
4341,2,61,93,26134,28969,0,CAPACITY_EXCEEDED,INVALID
4342,2,61,94,25176,28103,1,FEASIBLE,WORSE
4343,2,61,95,25371,28257,1,FEASIBLE,WORSE
4344,2,61,96,25225,28027,1,FEASIBLE,WORSE
4345,2,61,97,24759,27607,1,FEASIBLE,WORSE
4346,2,61,98,24987,27798,1,FEASIBLE,WORSE
4347,2,61,99,25092,27953,1,FEASIBLE,WORSE
4348,2,62,63,24565,27350,1,FEASIBLE,WORSE
4349,2,62,64,24250,27046,1,FEASIBLE,WORSE
4350,2,62,65,25488,28353,0,CAPACITY_EXCEEDED,INVALID
4351,2,62,66,23962,26798,1,FEASIBLE,WORSE
4352,2,62,67,24276,27092,1,FEASIBLE,WORSE
4353,2,62,68,24961,27763,1,FEASIBLE,WORSE
4354,2,62,69,24193,26979,1,FEASIBLE,WORSE
4355,2,62,70,24456,27249,1,FEASIBLE,WORSE
4356,2,62,71,25583,28446,0,CAPACITY_EXCEEDED,INVALID
4357,2,62,72,24529,27338,1,FEASIBLE,WORSE
4358,2,62,73,25006,27870,1,FEASIBLE,WORSE
4359,2,62,74,25330,28160,1,FEASIBLE,WORSE
4360,2,62,75,24185,27017,1,FEASIBLE,WORSE
4361,2,62,76,25564,28351,0,CAPACITY_EXCEEDED,INVALID
4362,2,62,77,24337,27152,1,FEASIBLE,WORSE
4363,2,62,78,23603,26382,1,FEASIBLE,WORSE
4364,2,62,79,25476,28308,0,CAPACITY_EXCEEDED,INVALID
4365,2,62,80,23912,26699,1,FEASIBLE,WORSE
4366,2,62,81,25473,28264,0,CAPACITY_EXCEEDED,INVALID
4367,2,62,82,24135,26938,1,FEASIBLE,WORSE
4368,2,62,83,25415,28246,0,CAPACITY_EXCEEDED,INVALID
4369,2,62,84,23786,26567,1,FEASIBLE,WORSE
4370,2,62,85,25100,27961,1,FEASIBLE,WORSE
4371,2,62,86,24112,26902,1,FEASIBLE,WORSE
4372,2,62,87,25289,28070,1,FEASIBLE,WORSE
4373,2,62,88,24993,27785,1,FEASIBLE,WORSE
4374,2,62,89,24497,27306,1,FEASIBLE,WORSE
4375,2,62,90,23836,26683,1,FEASIBLE,WORSE
4376,2,62,91,24317,27185,1,FEASIBLE,WORSE
4377,2,62,92,25071,27852,1,FEASIBLE,WORSE
4378,2,62,93,25368,28177,1,FEASIBLE,WORSE
4379,2,62,94,24410,27311,1,FEASIBLE,WORSE
4380,2,62,95,24605,27465,1,FEASIBLE,WORSE
4381,2,62,96,24459,27235,1,FEASIBLE,WORSE
4382,2,62,97,23993,26815,1,FEASIBLE,WORSE
4383,2,62,98,24221,27006,1,FEASIBLE,WORSE
4384,2,62,99,24326,27161,1,FEASIBLE,WORSE
4385,2,63,64,25011,27800,1,FEASIBLE,WORSE
4386,2,63,65,26249,29107,0,CAPACITY_EXCEEDED,INVALID
4387,2,63,66,24723,27552,1,FEASIBLE,WORSE
4388,2,63,67,25037,27846,1,FEASIBLE,WORSE
4389,2,63,68,25722,28517,0,CAPACITY_EXCEEDED,INVALID
4390,2,63,69,24954,27733,1,FEASIBLE,WORSE
4391,2,63,70,25217,28003,1,FEASIBLE,WORSE
4392,2,63,71,26344,29200,0,CAPACITY_EXCEEDED,INVALID
4393,2,63,72,25290,28092,1,FEASIBLE,WORSE
4394,2,63,73,25767,28624,0,CAPACITY_EXCEEDED,INVALID
4395,2,63,74,26091,28914,0,CAPACITY_EXCEEDED,INVALID
4396,2,63,75,24946,27771,1,FEASIBLE,WORSE
4397,2,63,76,26325,29105,0,CAPACITY_EXCEEDED,INVALID
4398,2,63,77,25098,27906,1,FEASIBLE,WORSE
4399,2,63,78,24364,27136,1,FEASIBLE,WORSE
4400,2,63,79,26237,29062,0,CAPACITY_EXCEEDED,INVALID
4401,2,63,80,24673,27453,1,FEASIBLE,WORSE
4402,2,63,81,26234,29018,0,CAPACITY_EXCEEDED,INVALID
4403,2,63,82,24896,27692,1,FEASIBLE,WORSE
4404,2,63,83,26176,29000,0,CAPACITY_EXCEEDED,INVALID
4405,2,63,84,24547,27321,1,FEASIBLE,WORSE
4406,2,63,85,25861,28715,0,CAPACITY_EXCEEDED,INVALID
4407,2,63,86,24873,27656,1,FEASIBLE,WORSE
4408,2,63,87,26050,28824,0,CAPACITY_EXCEEDED,INVALID
4409,2,63,88,25754,28539,0,CAPACITY_EXCEEDED,INVALID
4410,2,63,89,25258,28060,1,FEASIBLE,WORSE
4411,2,63,90,24597,27437,1,FEASIBLE,WORSE
4412,2,63,91,25078,27939,1,FEASIBLE,WORSE
4413,2,63,92,25832,28606,0,CAPACITY_EXCEEDED,INVALID
4414,2,63,93,26129,28931,0,CAPACITY_EXCEEDED,INVALID
4415,2,63,94,25171,28065,1,FEASIBLE,WORSE
4416,2,63,95,25366,28219,1,FEASIBLE,WORSE
4417,2,63,96,25220,27989,1,FEASIBLE,WORSE
4418,2,63,97,24754,27569,1,FEASIBLE,WORSE
4419,2,63,98,24982,27760,1,FEASIBLE,WORSE
4420,2,63,99,25087,27915,1,FEASIBLE,WORSE
4421,2,64,65,25934,28803,0,CAPACITY_EXCEEDED,INVALID
4422,2,64,66,24408,27248,1,FEASIBLE,WORSE
4423,2,64,67,24722,27542,1,FEASIBLE,WORSE
4424,2,64,68,25407,28213,0,CAPACITY_EXCEEDED,INVALID
4425,2,64,69,24639,27429,1,FEASIBLE,WORSE
4426,2,64,70,24902,27699,1,FEASIBLE,WORSE
4427,2,64,71,26029,28896,0,CAPACITY_EXCEEDED,INVALID
4428,2,64,72,24975,27788,1,FEASIBLE,WORSE
4429,2,64,73,25452,28320,0,CAPACITY_EXCEEDED,INVALID
4430,2,64,74,25776,28610,0,CAPACITY_EXCEEDED,INVALID
4431,2,64,75,24631,27467,1,FEASIBLE,WORSE
4432,2,64,76,26010,28801,0,CAPACITY_EXCEEDED,INVALID
4433,2,64,77,24783,27602,1,FEASIBLE,WORSE
4434,2,64,78,24049,26832,1,FEASIBLE,WORSE
4435,2,64,79,25922,28758,0,CAPACITY_EXCEEDED,INVALID
4436,2,64,80,24358,27149,1,FEASIBLE,WORSE
4437,2,64,81,25919,28714,0,CAPACITY_EXCEEDED,INVALID
4438,2,64,82,24581,27388,1,FEASIBLE,WORSE
4439,2,64,83,25861,28696,0,CAPACITY_EXCEEDED,INVALID
4440,2,64,84,24232,27017,1,FEASIBLE,WORSE
4441,2,64,85,25546,28411,0,CAPACITY_EXCEEDED,INVALID
4442,2,64,86,24558,27352,1,FEASIBLE,WORSE
4443,2,64,87,25735,28520,0,CAPACITY_EXCEEDED,INVALID
4444,2,64,88,25439,28235,0,CAPACITY_EXCEEDED,INVALID
4445,2,64,89,24943,27756,1,FEASIBLE,WORSE
4446,2,64,90,24282,27133,1,FEASIBLE,WORSE
4447,2,64,91,24763,27635,1,FEASIBLE,WORSE
4448,2,64,92,25517,28302,0,CAPACITY_EXCEEDED,INVALID
4449,2,64,93,25814,28627,0,CAPACITY_EXCEEDED,INVALID
4450,2,64,94,24856,27761,1,FEASIBLE,WORSE
4451,2,64,95,25051,27915,1,FEASIBLE,WORSE
4452,2,64,96,24905,27685,1,FEASIBLE,WORSE
4453,2,64,97,24439,27265,1,FEASIBLE,WORSE
4454,2,64,98,24667,27456,1,FEASIBLE,WORSE
4455,2,64,99,24772,27611,1,FEASIBLE,WORSE
4456,2,65,66,25646,28555,0,CAPACITY_EXCEEDED,INVALID
4457,2,65,67,25960,28849,0,CAPACITY_EXCEEDED,INVALID
4458,2,65,68,26645,29520,0,CAPACITY_EXCEEDED,INVALID
4459,2,65,69,25877,28736,0,CAPACITY_EXCEEDED,INVALID
4460,2,65,70,26140,29006,0,CAPACITY_EXCEEDED,INVALID
4461,2,65,71,27267,30203,0,CAPACITY_EXCEEDED,INVALID
4462,2,65,72,26213,29095,0,CAPACITY_EXCEEDED,INVALID
4463,2,65,73,26690,29627,0,CAPACITY_EXCEEDED,INVALID
4464,2,65,74,27014,29917,0,CAPACITY_EXCEEDED,INVALID
4465,2,65,75,25869,28774,0,CAPACITY_EXCEEDED,INVALID
4466,2,65,76,27248,30108,0,CAPACITY_EXCEEDED,INVALID
4467,2,65,77,26021,28909,0,CAPACITY_EXCEEDED,INVALID
4468,2,65,78,25287,28139,1,FEASIBLE,WORSE
4469,2,65,79,27160,30065,0,CAPACITY_EXCEEDED,INVALID
4470,2,65,80,25596,28456,0,CAPACITY_EXCEEDED,INVALID
4471,2,65,81,27157,30021,0,CAPACITY_EXCEEDED,INVALID
4472,2,65,82,25819,28695,0,CAPACITY_EXCEEDED,INVALID
4473,2,65,83,27099,30003,0,CAPACITY_EXCEEDED,INVALID
4474,2,65,84,25470,28324,0,CAPACITY_EXCEEDED,INVALID
4475,2,65,85,26784,29718,0,CAPACITY_EXCEEDED,INVALID
4476,2,65,86,25796,28659,0,CAPACITY_EXCEEDED,INVALID
4477,2,65,87,26973,29827,0,CAPACITY_EXCEEDED,INVALID
4478,2,65,88,26677,29542,0,CAPACITY_EXCEEDED,INVALID
4479,2,65,89,26181,29063,0,CAPACITY_EXCEEDED,INVALID
4480,2,65,90,25520,28440,0,CAPACITY_EXCEEDED,INVALID
4481,2,65,91,26001,28942,0,CAPACITY_EXCEEDED,INVALID
4482,2,65,92,26755,29609,0,CAPACITY_EXCEEDED,INVALID
4483,2,65,93,27052,29934,0,CAPACITY_EXCEEDED,INVALID
4484,2,65,94,26094,29068,0,CAPACITY_EXCEEDED,INVALID
4485,2,65,95,26289,29222,0,CAPACITY_EXCEEDED,INVALID
4486,2,65,96,26143,28992,0,CAPACITY_EXCEEDED,INVALID
4487,2,65,97,25677,28572,0,CAPACITY_EXCEEDED,INVALID
4488,2,65,98,25905,28763,0,CAPACITY_EXCEEDED,INVALID
4489,2,65,99,26010,28918,0,CAPACITY_EXCEEDED,INVALID
4490,2,66,67,24434,27294,1,FEASIBLE,WORSE
4491,2,66,68,25119,27965,1,FEASIBLE,WORSE
4492,2,66,69,24351,27181,1,FEASIBLE,WORSE
4493,2,66,70,24614,27451,1,FEASIBLE,WORSE
4494,2,66,71,25741,28648,0,CAPACITY_EXCEEDED,INVALID
4495,2,66,72,24687,27540,1,FEASIBLE,WORSE
4496,2,66,73,25164,28072,1,FEASIBLE,WORSE
4497,2,66,74,25488,28362,0,CAPACITY_EXCEEDED,INVALID
4498,2,66,75,24343,27219,1,FEASIBLE,WORSE
4499,2,66,76,25722,28553,0,CAPACITY_EXCEEDED,INVALID
4500,2,66,77,24495,27354,1,FEASIBLE,WORSE
4501,2,66,78,23761,26584,1,FEASIBLE,WORSE
4502,2,66,79,25634,28510,0,CAPACITY_EXCEEDED,INVALID
4503,2,66,80,24070,26901,1,FEASIBLE,WORSE
4504,2,66,81,25631,28466,0,CAPACITY_EXCEEDED,INVALID
4505,2,66,82,24293,27140,1,FEASIBLE,WORSE
4506,2,66,83,25573,28448,0,CAPACITY_EXCEEDED,INVALID
4507,2,66,84,23944,26769,1,FEASIBLE,WORSE
4508,2,66,85,25258,28163,1,FEASIBLE,WORSE
4509,2,66,86,24270,27104,1,FEASIBLE,WORSE
4510,2,66,87,25447,28272,0,CAPACITY_EXCEEDED,INVALID
4511,2,66,88,25151,27987,1,FEASIBLE,WORSE
4512,2,66,89,24655,27508,1,FEASIBLE,WORSE
4513,2,66,90,23994,26885,1,FEASIBLE,WORSE
4514,2,66,91,24475,27387,1,FEASIBLE,WORSE
4515,2,66,92,25229,28054,1,FEASIBLE,WORSE
4516,2,66,93,25526,28379,0,CAPACITY_EXCEEDED,INVALID
4517,2,66,94,24568,27513,1,FEASIBLE,WORSE
4518,2,66,95,24763,27667,1,FEASIBLE,WORSE
4519,2,66,96,24617,27437,1,FEASIBLE,WORSE
4520,2,66,97,24151,27017,1,FEASIBLE,WORSE
4521,2,66,98,24379,27208,1,FEASIBLE,WORSE
4522,2,66,99,24484,27363,1,FEASIBLE,WORSE
4523,2,67,68,25433,28259,0,CAPACITY_EXCEEDED,INVALID
4524,2,67,69,24665,27475,1,FEASIBLE,WORSE
4525,2,67,70,24928,27745,1,FEASIBLE,WORSE
4526,2,67,71,26055,28942,0,CAPACITY_EXCEEDED,INVALID
4527,2,67,72,25001,27834,1,FEASIBLE,WORSE
4528,2,67,73,25478,28366,0,CAPACITY_EXCEEDED,INVALID
4529,2,67,74,25802,28656,0,CAPACITY_EXCEEDED,INVALID
4530,2,67,75,24657,27513,1,FEASIBLE,WORSE
4531,2,67,76,26036,28847,0,CAPACITY_EXCEEDED,INVALID
4532,2,67,77,24809,27648,1,FEASIBLE,WORSE
4533,2,67,78,24075,26878,1,FEASIBLE,WORSE
4534,2,67,79,25948,28804,0,CAPACITY_EXCEEDED,INVALID
4535,2,67,80,24384,27195,1,FEASIBLE,WORSE
4536,2,67,81,25945,28760,0,CAPACITY_EXCEEDED,INVALID
4537,2,67,82,24607,27434,1,FEASIBLE,WORSE
4538,2,67,83,25887,28742,0,CAPACITY_EXCEEDED,INVALID
4539,2,67,84,24258,27063,1,FEASIBLE,WORSE
4540,2,67,85,25572,28457,0,CAPACITY_EXCEEDED,INVALID
4541,2,67,86,24584,27398,1,FEASIBLE,WORSE
4542,2,67,87,25761,28566,0,CAPACITY_EXCEEDED,INVALID
4543,2,67,88,25465,28281,0,CAPACITY_EXCEEDED,INVALID
4544,2,67,89,24969,27802,1,FEASIBLE,WORSE
4545,2,67,90,24308,27179,1,FEASIBLE,WORSE
4546,2,67,91,24789,27681,1,FEASIBLE,WORSE
4547,2,67,92,25543,28348,0,CAPACITY_EXCEEDED,INVALID
4548,2,67,93,25840,28673,0,CAPACITY_EXCEEDED,INVALID
4549,2,67,94,24882,27807,1,FEASIBLE,WORSE
4550,2,67,95,25077,27961,1,FEASIBLE,WORSE
4551,2,67,96,24931,27731,1,FEASIBLE,WORSE
4552,2,67,97,24465,27311,1,FEASIBLE,WORSE
4553,2,67,98,24693,27502,1,FEASIBLE,WORSE
4554,2,67,99,24798,27657,1,FEASIBLE,WORSE
4555,2,68,69,25350,28146,1,FEASIBLE,WORSE
4556,2,68,70,25613,28416,0,CAPACITY_EXCEEDED,INVALID
4557,2,68,71,26740,29613,0,CAPACITY_EXCEEDED,INVALID
4558,2,68,72,25686,28505,0,CAPACITY_EXCEEDED,INVALID
4559,2,68,73,26163,29037,0,CAPACITY_EXCEEDED,INVALID
4560,2,68,74,26487,29327,0,CAPACITY_EXCEEDED,INVALID
4561,2,68,75,25342,28184,1,FEASIBLE,WORSE
4562,2,68,76,26721,29518,0,CAPACITY_EXCEEDED,INVALID
4563,2,68,77,25494,28319,0,CAPACITY_EXCEEDED,INVALID
4564,2,68,78,24760,27549,1,FEASIBLE,WORSE
4565,2,68,79,26633,29475,0,CAPACITY_EXCEEDED,INVALID
4566,2,68,80,25069,27866,1,FEASIBLE,WORSE
4567,2,68,81,26630,29431,0,CAPACITY_EXCEEDED,INVALID
4568,2,68,82,25292,28105,1,FEASIBLE,WORSE
4569,2,68,83,26572,29413,0,CAPACITY_EXCEEDED,INVALID
4570,2,68,84,24943,27734,1,FEASIBLE,WORSE
4571,2,68,85,26257,29128,0,CAPACITY_EXCEEDED,INVALID
4572,2,68,86,25269,28069,1,FEASIBLE,WORSE
4573,2,68,87,26446,29237,0,CAPACITY_EXCEEDED,INVALID
4574,2,68,88,26150,28952,0,CAPACITY_EXCEEDED,INVALID
4575,2,68,89,25654,28473,0,CAPACITY_EXCEEDED,INVALID
4576,2,68,90,24993,27850,1,FEASIBLE,WORSE
4577,2,68,91,25474,28352,0,CAPACITY_EXCEEDED,INVALID
4578,2,68,92,26228,29019,0,CAPACITY_EXCEEDED,INVALID
4579,2,68,93,26525,29344,0,CAPACITY_EXCEEDED,INVALID
4580,2,68,94,25567,28478,0,CAPACITY_EXCEEDED,INVALID
4581,2,68,95,25762,28632,0,CAPACITY_EXCEEDED,INVALID
4582,2,68,96,25616,28402,0,CAPACITY_EXCEEDED,INVALID
4583,2,68,97,25150,27982,1,FEASIBLE,WORSE
4584,2,68,98,25378,28173,0,CAPACITY_EXCEEDED,INVALID
4585,2,68,99,25483,28328,0,CAPACITY_EXCEEDED,INVALID
4586,2,69,70,24845,27632,1,FEASIBLE,WORSE
4587,2,69,71,25972,28829,0,CAPACITY_EXCEEDED,INVALID
4588,2,69,72,24918,27721,1,FEASIBLE,WORSE
4589,2,69,73,25395,28253,0,CAPACITY_EXCEEDED,INVALID
4590,2,69,74,25719,28543,0,CAPACITY_EXCEEDED,INVALID
4591,2,69,75,24574,27400,1,FEASIBLE,WORSE
4592,2,69,76,25953,28734,0,CAPACITY_EXCEEDED,INVALID
4593,2,69,77,24726,27535,1,FEASIBLE,WORSE
4594,2,69,78,23992,26765,1,FEASIBLE,WORSE
4595,2,69,79,25865,28691,0,CAPACITY_EXCEEDED,INVALID
4596,2,69,80,24301,27082,1,FEASIBLE,WORSE
4597,2,69,81,25862,28647,0,CAPACITY_EXCEEDED,INVALID
4598,2,69,82,24524,27321,1,FEASIBLE,WORSE
4599,2,69,83,25804,28629,0,CAPACITY_EXCEEDED,INVALID
4600,2,69,84,24175,26950,1,FEASIBLE,WORSE
4601,2,69,85,25489,28344,0,CAPACITY_EXCEEDED,INVALID
4602,2,69,86,24501,27285,1,FEASIBLE,WORSE
4603,2,69,87,25678,28453,0,CAPACITY_EXCEEDED,INVALID
4604,2,69,88,25382,28168,0,CAPACITY_EXCEEDED,INVALID
4605,2,69,89,24886,27689,1,FEASIBLE,WORSE
4606,2,69,90,24225,27066,1,FEASIBLE,WORSE
4607,2,69,91,24706,27568,1,FEASIBLE,WORSE
4608,2,69,92,25460,28235,0,CAPACITY_EXCEEDED,INVALID
4609,2,69,93,25757,28560,0,CAPACITY_EXCEEDED,INVALID
4610,2,69,94,24799,27694,1,FEASIBLE,WORSE
4611,2,69,95,24994,27848,1,FEASIBLE,WORSE
4612,2,69,96,24848,27618,1,FEASIBLE,WORSE
4613,2,69,97,24382,27198,1,FEASIBLE,WORSE
4614,2,69,98,24610,27389,1,FEASIBLE,WORSE
4615,2,69,99,24715,27544,1,FEASIBLE,WORSE
4616,2,70,71,26235,29099,0,CAPACITY_EXCEEDED,INVALID
4617,2,70,72,25181,27991,1,FEASIBLE,WORSE
4618,2,70,73,25658,28523,0,CAPACITY_EXCEEDED,INVALID
4619,2,70,74,25982,28813,0,CAPACITY_EXCEEDED,INVALID
4620,2,70,75,24837,27670,1,FEASIBLE,WORSE
4621,2,70,76,26216,29004,0,CAPACITY_EXCEEDED,INVALID
4622,2,70,77,24989,27805,1,FEASIBLE,WORSE
4623,2,70,78,24255,27035,1,FEASIBLE,WORSE
4624,2,70,79,26128,28961,0,CAPACITY_EXCEEDED,INVALID
4625,2,70,80,24564,27352,1,FEASIBLE,WORSE
4626,2,70,81,26125,28917,0,CAPACITY_EXCEEDED,INVALID
4627,2,70,82,24787,27591,1,FEASIBLE,WORSE
4628,2,70,83,26067,28899,0,CAPACITY_EXCEEDED,INVALID
4629,2,70,84,24438,27220,1,FEASIBLE,WORSE
4630,2,70,85,25752,28614,0,CAPACITY_EXCEEDED,INVALID
4631,2,70,86,24764,27555,1,FEASIBLE,WORSE
4632,2,70,87,25941,28723,0,CAPACITY_EXCEEDED,INVALID
4633,2,70,88,25645,28438,0,CAPACITY_EXCEEDED,INVALID
4634,2,70,89,25149,27959,1,FEASIBLE,WORSE
4635,2,70,90,24488,27336,1,FEASIBLE,WORSE
4636,2,70,91,24969,27838,1,FEASIBLE,WORSE
4637,2,70,92,25723,28505,0,CAPACITY_EXCEEDED,INVALID
4638,2,70,93,26020,28830,0,CAPACITY_EXCEEDED,INVALID
4639,2,70,94,25062,27964,1,FEASIBLE,WORSE
4640,2,70,95,25257,28118,1,FEASIBLE,WORSE
4641,2,70,96,25111,27888,1,FEASIBLE,WORSE
4642,2,70,97,24645,27468,1,FEASIBLE,WORSE
4643,2,70,98,24873,27659,1,FEASIBLE,WORSE
4644,2,70,99,24978,27814,1,FEASIBLE,WORSE
4645,2,71,72,26308,29188,0,CAPACITY_EXCEEDED,INVALID
4646,2,71,73,26785,29720,0,CAPACITY_EXCEEDED,INVALID
4647,2,71,74,27109,30010,0,CAPACITY_EXCEEDED,INVALID
4648,2,71,75,25964,28867,0,CAPACITY_EXCEEDED,INVALID
4649,2,71,76,27343,30201,0,CAPACITY_EXCEEDED,INVALID
4650,2,71,77,26116,29002,0,CAPACITY_EXCEEDED,INVALID
4651,2,71,78,25382,28232,0,CAPACITY_EXCEEDED,INVALID
4652,2,71,79,27255,30158,0,CAPACITY_EXCEEDED,INVALID
4653,2,71,80,25691,28549,0,CAPACITY_EXCEEDED,INVALID
4654,2,71,81,27252,30114,0,CAPACITY_EXCEEDED,INVALID
4655,2,71,82,25914,28788,0,CAPACITY_EXCEEDED,INVALID
4656,2,71,83,27194,30096,0,CAPACITY_EXCEEDED,INVALID
4657,2,71,84,25565,28417,0,CAPACITY_EXCEEDED,INVALID
4658,2,71,85,26879,29811,0,CAPACITY_EXCEEDED,INVALID
4659,2,71,86,25891,28752,0,CAPACITY_EXCEEDED,INVALID
4660,2,71,87,27068,29920,0,CAPACITY_EXCEEDED,INVALID
4661,2,71,88,26772,29635,0,CAPACITY_EXCEEDED,INVALID
4662,2,71,89,26276,29156,0,CAPACITY_EXCEEDED,INVALID
4663,2,71,90,25615,28533,0,CAPACITY_EXCEEDED,INVALID
4664,2,71,91,26096,29035,0,CAPACITY_EXCEEDED,INVALID
4665,2,71,92,26850,29702,0,CAPACITY_EXCEEDED,INVALID
4666,2,71,93,27147,30027,0,CAPACITY_EXCEEDED,INVALID
4667,2,71,94,26189,29161,0,CAPACITY_EXCEEDED,INVALID
4668,2,71,95,26384,29315,0,CAPACITY_EXCEEDED,INVALID
4669,2,71,96,26238,29085,0,CAPACITY_EXCEEDED,INVALID
4670,2,71,97,25772,28665,0,CAPACITY_EXCEEDED,INVALID
4671,2,71,98,26000,28856,0,CAPACITY_EXCEEDED,INVALID
4672,2,71,99,26105,29011,0,CAPACITY_EXCEEDED,INVALID
4673,2,72,73,25731,28612,0,CAPACITY_EXCEEDED,INVALID
4674,2,72,74,26055,28902,0,CAPACITY_EXCEEDED,INVALID
4675,2,72,75,24910,27759,1,FEASIBLE,WORSE
4676,2,72,76,26289,29093,0,CAPACITY_EXCEEDED,INVALID
4677,2,72,77,25062,27894,1,FEASIBLE,WORSE
4678,2,72,78,24328,27124,1,FEASIBLE,WORSE
4679,2,72,79,26201,29050,0,CAPACITY_EXCEEDED,INVALID
4680,2,72,80,24637,27441,1,FEASIBLE,WORSE
4681,2,72,81,26198,29006,0,CAPACITY_EXCEEDED,INVALID
4682,2,72,82,24860,27680,1,FEASIBLE,WORSE
4683,2,72,83,26140,28988,0,CAPACITY_EXCEEDED,INVALID
4684,2,72,84,24511,27309,1,FEASIBLE,WORSE
4685,2,72,85,25825,28703,0,CAPACITY_EXCEEDED,INVALID
4686,2,72,86,24837,27644,1,FEASIBLE,WORSE
4687,2,72,87,26014,28812,0,CAPACITY_EXCEEDED,INVALID
4688,2,72,88,25718,28527,0,CAPACITY_EXCEEDED,INVALID
4689,2,72,89,25222,28048,1,FEASIBLE,WORSE
4690,2,72,90,24561,27425,1,FEASIBLE,WORSE
4691,2,72,91,25042,27927,1,FEASIBLE,WORSE
4692,2,72,92,25796,28594,0,CAPACITY_EXCEEDED,INVALID
4693,2,72,93,26093,28919,0,CAPACITY_EXCEEDED,INVALID
4694,2,72,94,25135,28053,1,FEASIBLE,WORSE
4695,2,72,95,25330,28207,1,FEASIBLE,WORSE
4696,2,72,96,25184,27977,1,FEASIBLE,WORSE
4697,2,72,97,24718,27557,1,FEASIBLE,WORSE
4698,2,72,98,24946,27748,1,FEASIBLE,WORSE
4699,2,72,99,25051,27903,1,FEASIBLE,WORSE
4700,2,73,74,26532,29434,0,CAPACITY_EXCEEDED,INVALID
4701,2,73,75,25387,28291,0,CAPACITY_EXCEEDED,INVALID
4702,2,73,76,26766,29625,0,CAPACITY_EXCEEDED,INVALID
4703,2,73,77,25539,28426,0,CAPACITY_EXCEEDED,INVALID
4704,2,73,78,24805,27656,1,FEASIBLE,WORSE
4705,2,73,79,26678,29582,0,CAPACITY_EXCEEDED,INVALID
4706,2,73,80,25114,27973,1,FEASIBLE,WORSE
4707,2,73,81,26675,29538,0,CAPACITY_EXCEEDED,INVALID
4708,2,73,82,25337,28212,1,FEASIBLE,WORSE
4709,2,73,83,26617,29520,0,CAPACITY_EXCEEDED,INVALID
4710,2,73,84,24988,27841,1,FEASIBLE,WORSE
4711,2,73,85,26302,29235,0,CAPACITY_EXCEEDED,INVALID
4712,2,73,86,25314,28176,1,FEASIBLE,WORSE
4713,2,73,87,26491,29344,0,CAPACITY_EXCEEDED,INVALID
4714,2,73,88,26195,29059,0,CAPACITY_EXCEEDED,INVALID
4715,2,73,89,25699,28580,0,CAPACITY_EXCEEDED,INVALID
4716,2,73,90,25038,27957,1,FEASIBLE,WORSE
4717,2,73,91,25519,28459,0,CAPACITY_EXCEEDED,INVALID
4718,2,73,92,26273,29126,0,CAPACITY_EXCEEDED,INVALID
4719,2,73,93,26570,29451,0,CAPACITY_EXCEEDED,INVALID
4720,2,73,94,25612,28585,0,CAPACITY_EXCEEDED,INVALID
4721,2,73,95,25807,28739,0,CAPACITY_EXCEEDED,INVALID
4722,2,73,96,25661,28509,0,CAPACITY_EXCEEDED,INVALID
4723,2,73,97,25195,28089,1,FEASIBLE,WORSE
4724,2,73,98,25423,28280,0,CAPACITY_EXCEEDED,INVALID
4725,2,73,99,25528,28435,0,CAPACITY_EXCEEDED,INVALID
4726,2,74,75,25711,28581,0,CAPACITY_EXCEEDED,INVALID
4727,2,74,76,27090,29915,0,CAPACITY_EXCEEDED,INVALID
4728,2,74,77,25863,28716,0,CAPACITY_EXCEEDED,INVALID
4729,2,74,78,25129,27946,1,FEASIBLE,WORSE
4730,2,74,79,27002,29872,0,CAPACITY_EXCEEDED,INVALID
4731,2,74,80,25438,28263,0,CAPACITY_EXCEEDED,INVALID
4732,2,74,81,26999,29828,0,CAPACITY_EXCEEDED,INVALID
4733,2,74,82,25661,28502,0,CAPACITY_EXCEEDED,INVALID
4734,2,74,83,26941,29810,0,CAPACITY_EXCEEDED,INVALID
4735,2,74,84,25312,28131,1,FEASIBLE,WORSE
4736,2,74,85,26626,29525,0,CAPACITY_EXCEEDED,INVALID
4737,2,74,86,25638,28466,0,CAPACITY_EXCEEDED,INVALID
4738,2,74,87,26815,29634,0,CAPACITY_EXCEEDED,INVALID
4739,2,74,88,26519,29349,0,CAPACITY_EXCEEDED,INVALID
4740,2,74,89,26023,28870,0,CAPACITY_EXCEEDED,INVALID
4741,2,74,90,25362,28247,1,FEASIBLE,WORSE
4742,2,74,91,25843,28749,0,CAPACITY_EXCEEDED,INVALID
4743,2,74,92,26597,29416,0,CAPACITY_EXCEEDED,INVALID
4744,2,74,93,26894,29741,0,CAPACITY_EXCEEDED,INVALID
4745,2,74,94,25936,28875,0,CAPACITY_EXCEEDED,INVALID
4746,2,74,95,26131,29029,0,CAPACITY_EXCEEDED,INVALID
4747,2,74,96,25985,28799,0,CAPACITY_EXCEEDED,INVALID
4748,2,74,97,25519,28379,0,CAPACITY_EXCEEDED,INVALID
4749,2,74,98,25747,28570,0,CAPACITY_EXCEEDED,INVALID
4750,2,74,99,25852,28725,0,CAPACITY_EXCEEDED,INVALID
4751,2,75,76,25945,28772,0,CAPACITY_EXCEEDED,INVALID
4752,2,75,77,24718,27573,1,FEASIBLE,WORSE
4753,2,75,78,23984,26803,1,FEASIBLE,WORSE
4754,2,75,79,25857,28729,0,CAPACITY_EXCEEDED,INVALID
4755,2,75,80,24293,27120,1,FEASIBLE,WORSE
4756,2,75,81,25854,28685,0,CAPACITY_EXCEEDED,INVALID
4757,2,75,82,24516,27359,1,FEASIBLE,WORSE
4758,2,75,83,25796,28667,0,CAPACITY_EXCEEDED,INVALID
4759,2,75,84,24167,26988,1,FEASIBLE,WORSE
4760,2,75,85,25481,28382,0,CAPACITY_EXCEEDED,INVALID
4761,2,75,86,24493,27323,1,FEASIBLE,WORSE
4762,2,75,87,25670,28491,0,CAPACITY_EXCEEDED,INVALID
4763,2,75,88,25374,28206,0,CAPACITY_EXCEEDED,INVALID
4764,2,75,89,24878,27727,1,FEASIBLE,WORSE
4765,2,75,90,24217,27104,1,FEASIBLE,WORSE
4766,2,75,91,24698,27606,1,FEASIBLE,WORSE
4767,2,75,92,25452,28273,0,CAPACITY_EXCEEDED,INVALID
4768,2,75,93,25749,28598,0,CAPACITY_EXCEEDED,INVALID
4769,2,75,94,24791,27732,1,FEASIBLE,WORSE
4770,2,75,95,24986,27886,1,FEASIBLE,WORSE
4771,2,75,96,24840,27656,1,FEASIBLE,WORSE
4772,2,75,97,24374,27236,1,FEASIBLE,WORSE
4773,2,75,98,24602,27427,1,FEASIBLE,WORSE
4774,2,75,99,24707,27582,1,FEASIBLE,WORSE
4775,2,76,77,26097,28907,0,CAPACITY_EXCEEDED,INVALID
4776,2,76,78,25363,28137,1,FEASIBLE,WORSE
4777,2,76,79,27236,30063,0,CAPACITY_EXCEEDED,INVALID
4778,2,76,80,25672,28454,0,CAPACITY_EXCEEDED,INVALID
4779,2,76,81,27233,30019,0,CAPACITY_EXCEEDED,INVALID
4780,2,76,82,25895,28693,0,CAPACITY_EXCEEDED,INVALID
4781,2,76,83,27175,30001,0,CAPACITY_EXCEEDED,INVALID
4782,2,76,84,25546,28322,0,CAPACITY_EXCEEDED,INVALID
4783,2,76,85,26860,29716,0,CAPACITY_EXCEEDED,INVALID
4784,2,76,86,25872,28657,0,CAPACITY_EXCEEDED,INVALID
4785,2,76,87,27049,29825,0,CAPACITY_EXCEEDED,INVALID
4786,2,76,88,26753,29540,0,CAPACITY_EXCEEDED,INVALID
4787,2,76,89,26257,29061,0,CAPACITY_EXCEEDED,INVALID
4788,2,76,90,25596,28438,0,CAPACITY_EXCEEDED,INVALID
4789,2,76,91,26077,28940,0,CAPACITY_EXCEEDED,INVALID
4790,2,76,92,26831,29607,0,CAPACITY_EXCEEDED,INVALID
4791,2,76,93,27128,29932,0,CAPACITY_EXCEEDED,INVALID
4792,2,76,94,26170,29066,0,CAPACITY_EXCEEDED,INVALID
4793,2,76,95,26365,29220,0,CAPACITY_EXCEEDED,INVALID
4794,2,76,96,26219,28990,0,CAPACITY_EXCEEDED,INVALID
4795,2,76,97,25753,28570,0,CAPACITY_EXCEEDED,INVALID
4796,2,76,98,25981,28761,0,CAPACITY_EXCEEDED,INVALID
4797,2,76,99,26086,28916,0,CAPACITY_EXCEEDED,INVALID
4798,2,77,78,24136,26938,1,FEASIBLE,WORSE
4799,2,77,79,26009,28864,0,CAPACITY_EXCEEDED,INVALID
4800,2,77,80,24445,27255,1,FEASIBLE,WORSE
4801,2,77,81,26006,28820,0,CAPACITY_EXCEEDED,INVALID
4802,2,77,82,24668,27494,1,FEASIBLE,WORSE
4803,2,77,83,25948,28802,0,CAPACITY_EXCEEDED,INVALID
4804,2,77,84,24319,27123,1,FEASIBLE,WORSE
4805,2,77,85,25633,28517,0,CAPACITY_EXCEEDED,INVALID
4806,2,77,86,24645,27458,1,FEASIBLE,WORSE
4807,2,77,87,25822,28626,0,CAPACITY_EXCEEDED,INVALID
4808,2,77,88,25526,28341,0,CAPACITY_EXCEEDED,INVALID
4809,2,77,89,25030,27862,1,FEASIBLE,WORSE
4810,2,77,90,24369,27239,1,FEASIBLE,WORSE
4811,2,77,91,24850,27741,1,FEASIBLE,WORSE
4812,2,77,92,25604,28408,0,CAPACITY_EXCEEDED,INVALID
4813,2,77,93,25901,28733,0,CAPACITY_EXCEEDED,INVALID
4814,2,77,94,24943,27867,1,FEASIBLE,WORSE
4815,2,77,95,25138,28021,1,FEASIBLE,WORSE
4816,2,77,96,24992,27791,1,FEASIBLE,WORSE
4817,2,77,97,24526,27371,1,FEASIBLE,WORSE
4818,2,77,98,24754,27562,1,FEASIBLE,WORSE
4819,2,77,99,24859,27717,1,FEASIBLE,WORSE
4820,2,78,79,25275,28094,1,FEASIBLE,WORSE
4821,2,78,80,23711,26485,1,FEASIBLE,WORSE
4822,2,78,81,25272,28050,1,FEASIBLE,WORSE
4823,2,78,82,23934,26724,1,FEASIBLE,WORSE
4824,2,78,83,25214,28032,1,FEASIBLE,WORSE
4825,2,78,84,23585,26353,1,FEASIBLE,WORSE
4826,2,78,85,24899,27747,1,FEASIBLE,WORSE
4827,2,78,86,23911,26688,1,FEASIBLE,WORSE
4828,2,78,87,25088,27856,1,FEASIBLE,WORSE
4829,2,78,88,24792,27571,1,FEASIBLE,WORSE
4830,2,78,89,24296,27092,1,FEASIBLE,WORSE
4831,2,78,90,23635,26469,1,FEASIBLE,WORSE
4832,2,78,91,24116,26971,1,FEASIBLE,WORSE
4833,2,78,92,24870,27638,1,FEASIBLE,WORSE
4834,2,78,93,25167,27963,1,FEASIBLE,WORSE
4835,2,78,94,24209,27097,1,FEASIBLE,WORSE
4836,2,78,95,24404,27251,1,FEASIBLE,WORSE
4837,2,78,96,24258,27021,1,FEASIBLE,WORSE
4838,2,78,97,23792,26601,1,FEASIBLE,WORSE
4839,2,78,98,24020,26792,1,FEASIBLE,WORSE
4840,2,78,99,24125,26947,1,FEASIBLE,WORSE
4841,2,79,80,25584,28411,0,CAPACITY_EXCEEDED,INVALID
4842,2,79,81,27145,29976,0,CAPACITY_EXCEEDED,INVALID
4843,2,79,82,25807,28650,0,CAPACITY_EXCEEDED,INVALID
4844,2,79,83,27087,29958,0,CAPACITY_EXCEEDED,INVALID
4845,2,79,84,25458,28279,0,CAPACITY_EXCEEDED,INVALID
4846,2,79,85,26772,29673,0,CAPACITY_EXCEEDED,INVALID
4847,2,79,86,25784,28614,0,CAPACITY_EXCEEDED,INVALID
4848,2,79,87,26961,29782,0,CAPACITY_EXCEEDED,INVALID
4849,2,79,88,26665,29497,0,CAPACITY_EXCEEDED,INVALID
4850,2,79,89,26169,29018,0,CAPACITY_EXCEEDED,INVALID
4851,2,79,90,25508,28395,0,CAPACITY_EXCEEDED,INVALID
4852,2,79,91,25989,28897,0,CAPACITY_EXCEEDED,INVALID
4853,2,79,92,26743,29564,0,CAPACITY_EXCEEDED,INVALID
4854,2,79,93,27040,29889,0,CAPACITY_EXCEEDED,INVALID
4855,2,79,94,26082,29023,0,CAPACITY_EXCEEDED,INVALID
4856,2,79,95,26277,29177,0,CAPACITY_EXCEEDED,INVALID
4857,2,79,96,26131,28947,0,CAPACITY_EXCEEDED,INVALID
4858,2,79,97,25665,28527,0,CAPACITY_EXCEEDED,INVALID
4859,2,79,98,25893,28718,0,CAPACITY_EXCEEDED,INVALID
4860,2,79,99,25998,28873,0,CAPACITY_EXCEEDED,INVALID
4861,2,80,81,25581,28367,0,CAPACITY_EXCEEDED,INVALID
4862,2,80,82,24243,27041,1,FEASIBLE,WORSE
4863,2,80,83,25523,28349,0,CAPACITY_EXCEEDED,INVALID
4864,2,80,84,23894,26670,1,FEASIBLE,WORSE
4865,2,80,85,25208,28064,1,FEASIBLE,WORSE
4866,2,80,86,24220,27005,1,FEASIBLE,WORSE
4867,2,80,87,25397,28173,0,CAPACITY_EXCEEDED,INVALID
4868,2,80,88,25101,27888,1,FEASIBLE,WORSE
4869,2,80,89,24605,27409,1,FEASIBLE,WORSE
4870,2,80,90,23944,26786,1,FEASIBLE,WORSE
4871,2,80,91,24425,27288,1,FEASIBLE,WORSE
4872,2,80,92,25179,27955,1,FEASIBLE,WORSE
4873,2,80,93,25476,28280,0,CAPACITY_EXCEEDED,INVALID
4874,2,80,94,24518,27414,1,FEASIBLE,WORSE
4875,2,80,95,24713,27568,1,FEASIBLE,WORSE
4876,2,80,96,24567,27338,1,FEASIBLE,WORSE
4877,2,80,97,24101,26918,1,FEASIBLE,WORSE
4878,2,80,98,24329,27109,1,FEASIBLE,WORSE
4879,2,80,99,24434,27264,1,FEASIBLE,WORSE
4880,2,81,82,25804,28606,0,CAPACITY_EXCEEDED,INVALID
4881,2,81,83,27084,29914,0,CAPACITY_EXCEEDED,INVALID
4882,2,81,84,25455,28235,0,CAPACITY_EXCEEDED,INVALID
4883,2,81,85,26769,29629,0,CAPACITY_EXCEEDED,INVALID
4884,2,81,86,25781,28570,0,CAPACITY_EXCEEDED,INVALID
4885,2,81,87,26958,29738,0,CAPACITY_EXCEEDED,INVALID
4886,2,81,88,26662,29453,0,CAPACITY_EXCEEDED,INVALID
4887,2,81,89,26166,28974,0,CAPACITY_EXCEEDED,INVALID
4888,2,81,90,25505,28351,0,CAPACITY_EXCEEDED,INVALID
4889,2,81,91,25986,28853,0,CAPACITY_EXCEEDED,INVALID
4890,2,81,92,26740,29520,0,CAPACITY_EXCEEDED,INVALID
4891,2,81,93,27037,29845,0,CAPACITY_EXCEEDED,INVALID
4892,2,81,94,26079,28979,0,CAPACITY_EXCEEDED,INVALID
4893,2,81,95,26274,29133,0,CAPACITY_EXCEEDED,INVALID
4894,2,81,96,26128,28903,0,CAPACITY_EXCEEDED,INVALID
4895,2,81,97,25662,28483,0,CAPACITY_EXCEEDED,INVALID
4896,2,81,98,25890,28674,0,CAPACITY_EXCEEDED,INVALID
4897,2,81,99,25995,28829,0,CAPACITY_EXCEEDED,INVALID
4898,2,82,83,25746,28588,0,CAPACITY_EXCEEDED,INVALID
4899,2,82,84,24117,26909,1,FEASIBLE,WORSE
4900,2,82,85,25431,28303,0,CAPACITY_EXCEEDED,INVALID
4901,2,82,86,24443,27244,1,FEASIBLE,WORSE
4902,2,82,87,25620,28412,0,CAPACITY_EXCEEDED,INVALID
4903,2,82,88,25324,28127,1,FEASIBLE,WORSE
4904,2,82,89,24828,27648,1,FEASIBLE,WORSE
4905,2,82,90,24167,27025,1,FEASIBLE,WORSE
4906,2,82,91,24648,27527,1,FEASIBLE,WORSE
4907,2,82,92,25402,28194,0,CAPACITY_EXCEEDED,INVALID
4908,2,82,93,25699,28519,0,CAPACITY_EXCEEDED,INVALID
4909,2,82,94,24741,27653,1,FEASIBLE,WORSE
4910,2,82,95,24936,27807,1,FEASIBLE,WORSE
4911,2,82,96,24790,27577,1,FEASIBLE,WORSE
4912,2,82,97,24324,27157,1,FEASIBLE,WORSE
4913,2,82,98,24552,27348,1,FEASIBLE,WORSE
4914,2,82,99,24657,27503,1,FEASIBLE,WORSE
4915,2,83,84,25397,28217,0,CAPACITY_EXCEEDED,INVALID
4916,2,83,85,26711,29611,0,CAPACITY_EXCEEDED,INVALID
4917,2,83,86,25723,28552,0,CAPACITY_EXCEEDED,INVALID
4918,2,83,87,26900,29720,0,CAPACITY_EXCEEDED,INVALID
4919,2,83,88,26604,29435,0,CAPACITY_EXCEEDED,INVALID
4920,2,83,89,26108,28956,0,CAPACITY_EXCEEDED,INVALID
4921,2,83,90,25447,28333,0,CAPACITY_EXCEEDED,INVALID
4922,2,83,91,25928,28835,0,CAPACITY_EXCEEDED,INVALID
4923,2,83,92,26682,29502,0,CAPACITY_EXCEEDED,INVALID
4924,2,83,93,26979,29827,0,CAPACITY_EXCEEDED,INVALID
4925,2,83,94,26021,28961,0,CAPACITY_EXCEEDED,INVALID
4926,2,83,95,26216,29115,0,CAPACITY_EXCEEDED,INVALID
4927,2,83,96,26070,28885,0,CAPACITY_EXCEEDED,INVALID
4928,2,83,97,25604,28465,0,CAPACITY_EXCEEDED,INVALID
4929,2,83,98,25832,28656,0,CAPACITY_EXCEEDED,INVALID
4930,2,83,99,25937,28811,0,CAPACITY_EXCEEDED,INVALID
4931,2,84,85,25082,27932,1,FEASIBLE,WORSE
4932,2,84,86,24094,26873,1,FEASIBLE,WORSE
4933,2,84,87,25271,28041,1,FEASIBLE,WORSE
4934,2,84,88,24975,27756,1,FEASIBLE,WORSE
4935,2,84,89,24479,27277,1,FEASIBLE,WORSE
4936,2,84,90,23818,26654,1,FEASIBLE,WORSE
4937,2,84,91,24299,27156,1,FEASIBLE,WORSE
4938,2,84,92,25053,27823,1,FEASIBLE,WORSE
4939,2,84,93,25350,28148,1,FEASIBLE,WORSE
4940,2,84,94,24392,27282,1,FEASIBLE,WORSE
4941,2,84,95,24587,27436,1,FEASIBLE,WORSE
4942,2,84,96,24441,27206,1,FEASIBLE,WORSE
4943,2,84,97,23975,26786,1,FEASIBLE,WORSE
4944,2,84,98,24203,26977,1,FEASIBLE,WORSE
4945,2,84,99,24308,27132,1,FEASIBLE,WORSE
4946,2,85,86,25408,28267,0,CAPACITY_EXCEEDED,INVALID
4947,2,85,87,26585,29435,0,CAPACITY_EXCEEDED,INVALID
4948,2,85,88,26289,29150,0,CAPACITY_EXCEEDED,INVALID
4949,2,85,89,25793,28671,0,CAPACITY_EXCEEDED,INVALID
4950,2,85,90,25132,28048,1,FEASIBLE,WORSE
4951,2,85,91,25613,28550,0,CAPACITY_EXCEEDED,INVALID
4952,2,85,92,26367,29217,0,CAPACITY_EXCEEDED,INVALID
4953,2,85,93,26664,29542,0,CAPACITY_EXCEEDED,INVALID
4954,2,85,94,25706,28676,0,CAPACITY_EXCEEDED,INVALID
4955,2,85,95,25901,28830,0,CAPACITY_EXCEEDED,INVALID
4956,2,85,96,25755,28600,0,CAPACITY_EXCEEDED,INVALID
4957,2,85,97,25289,28180,1,FEASIBLE,WORSE
4958,2,85,98,25517,28371,0,CAPACITY_EXCEEDED,INVALID
4959,2,85,99,25622,28526,0,CAPACITY_EXCEEDED,INVALID
4960,2,86,87,25597,28376,0,CAPACITY_EXCEEDED,INVALID
4961,2,86,88,25301,28091,1,FEASIBLE,WORSE
4962,2,86,89,24805,27612,1,FEASIBLE,WORSE
4963,2,86,90,24144,26989,1,FEASIBLE,WORSE
4964,2,86,91,24625,27491,1,FEASIBLE,WORSE
4965,2,86,92,25379,28158,0,CAPACITY_EXCEEDED,INVALID
4966,2,86,93,25676,28483,0,CAPACITY_EXCEEDED,INVALID
4967,2,86,94,24718,27617,1,FEASIBLE,WORSE
4968,2,86,95,24913,27771,1,FEASIBLE,WORSE
4969,2,86,96,24767,27541,1,FEASIBLE,WORSE
4970,2,86,97,24301,27121,1,FEASIBLE,WORSE
4971,2,86,98,24529,27312,1,FEASIBLE,WORSE
4972,2,86,99,24634,27467,1,FEASIBLE,WORSE
4973,2,87,88,26478,29259,0,CAPACITY_EXCEEDED,INVALID
4974,2,87,89,25982,28780,0,CAPACITY_EXCEEDED,INVALID
4975,2,87,90,25321,28157,1,FEASIBLE,WORSE
4976,2,87,91,25802,28659,0,CAPACITY_EXCEEDED,INVALID
4977,2,87,92,26556,29326,0,CAPACITY_EXCEEDED,INVALID
4978,2,87,93,26853,29651,0,CAPACITY_EXCEEDED,INVALID
4979,2,87,94,25895,28785,0,CAPACITY_EXCEEDED,INVALID
4980,2,87,95,26090,28939,0,CAPACITY_EXCEEDED,INVALID
4981,2,87,96,25944,28709,0,CAPACITY_EXCEEDED,INVALID
4982,2,87,97,25478,28289,0,CAPACITY_EXCEEDED,INVALID
4983,2,87,98,25706,28480,0,CAPACITY_EXCEEDED,INVALID
4984,2,87,99,25811,28635,0,CAPACITY_EXCEEDED,INVALID
4985,2,88,89,25686,28495,0,CAPACITY_EXCEEDED,INVALID
4986,2,88,90,25025,27872,1,FEASIBLE,WORSE
4987,2,88,91,25506,28374,0,CAPACITY_EXCEEDED,INVALID
4988,2,88,92,26260,29041,0,CAPACITY_EXCEEDED,INVALID
4989,2,88,93,26557,29366,0,CAPACITY_EXCEEDED,INVALID
4990,2,88,94,25599,28500,0,CAPACITY_EXCEEDED,INVALID
4991,2,88,95,25794,28654,0,CAPACITY_EXCEEDED,INVALID
4992,2,88,96,25648,28424,0,CAPACITY_EXCEEDED,INVALID
4993,2,88,97,25182,28004,1,FEASIBLE,WORSE
4994,2,88,98,25410,28195,0,CAPACITY_EXCEEDED,INVALID
4995,2,88,99,25515,28350,0,CAPACITY_EXCEEDED,INVALID
4996,2,89,90,24529,27393,1,FEASIBLE,WORSE
4997,2,89,91,25010,27895,1,FEASIBLE,WORSE
4998,2,89,92,25764,28562,0,CAPACITY_EXCEEDED,INVALID
4999,2,89,93,26061,28887,0,CAPACITY_EXCEEDED,INVALID
5000,2,89,94,25103,28021,1,FEASIBLE,WORSE
5001,2,89,95,25298,28175,1,FEASIBLE,WORSE
5002,2,89,96,25152,27945,1,FEASIBLE,WORSE
5003,2,89,97,24686,27525,1,FEASIBLE,WORSE
5004,2,89,98,24914,27716,1,FEASIBLE,WORSE
5005,2,89,99,25019,27871,1,FEASIBLE,WORSE
5006,2,90,91,24349,27272,1,FEASIBLE,WORSE
5007,2,90,92,25103,27939,1,FEASIBLE,WORSE
5008,2,90,93,25400,28264,0,CAPACITY_EXCEEDED,INVALID
5009,2,90,94,24442,27398,1,FEASIBLE,WORSE
5010,2,90,95,24637,27552,1,FEASIBLE,WORSE
5011,2,90,96,24491,27322,1,FEASIBLE,WORSE
5012,2,90,97,24025,26902,1,FEASIBLE,WORSE
5013,2,90,98,24253,27093,1,FEASIBLE,WORSE
5014,2,90,99,24358,27248,1,FEASIBLE,WORSE
5015,2,91,92,25584,28441,0,CAPACITY_EXCEEDED,INVALID
5016,2,91,93,25881,28766,0,CAPACITY_EXCEEDED,INVALID
5017,2,91,94,24923,27900,1,FEASIBLE,WORSE
5018,2,91,95,25118,28054,1,FEASIBLE,WORSE
5019,2,91,96,24972,27824,1,FEASIBLE,WORSE
5020,2,91,97,24506,27404,1,FEASIBLE,WORSE
5021,2,91,98,24734,27595,1,FEASIBLE,WORSE
5022,2,91,99,24839,27750,1,FEASIBLE,WORSE
5023,2,92,93,26635,29433,0,CAPACITY_EXCEEDED,INVALID
5024,2,92,94,25677,28567,0,CAPACITY_EXCEEDED,INVALID
5025,2,92,95,25872,28721,0,CAPACITY_EXCEEDED,INVALID
5026,2,92,96,25726,28491,0,CAPACITY_EXCEEDED,INVALID
5027,2,92,97,25260,28071,1,FEASIBLE,WORSE
5028,2,92,98,25488,28262,0,CAPACITY_EXCEEDED,INVALID
5029,2,92,99,25593,28417,0,CAPACITY_EXCEEDED,INVALID
5030,2,93,94,25974,28892,0,CAPACITY_EXCEEDED,INVALID
5031,2,93,95,26169,29046,0,CAPACITY_EXCEEDED,INVALID
5032,2,93,96,26023,28816,0,CAPACITY_EXCEEDED,INVALID
5033,2,93,97,25557,28396,0,CAPACITY_EXCEEDED,INVALID
5034,2,93,98,25785,28587,0,CAPACITY_EXCEEDED,INVALID
5035,2,93,99,25890,28742,0,CAPACITY_EXCEEDED,INVALID
5036,2,94,95,25211,28180,1,FEASIBLE,WORSE
5037,2,94,96,25065,27950,1,FEASIBLE,WORSE
5038,2,94,97,24599,27530,1,FEASIBLE,WORSE
5039,2,94,98,24827,27721,1,FEASIBLE,WORSE
5040,2,94,99,24932,27876,1,FEASIBLE,WORSE
5041,2,95,96,25260,28104,1,FEASIBLE,WORSE
5042,2,95,97,24794,27684,1,FEASIBLE,WORSE
5043,2,95,98,25022,27875,1,FEASIBLE,WORSE
5044,2,95,99,25127,28030,1,FEASIBLE,WORSE
5045,2,96,97,24648,27454,1,FEASIBLE,WORSE
5046,2,96,98,24876,27645,1,FEASIBLE,WORSE
5047,2,96,99,24981,27800,1,FEASIBLE,WORSE
5048,2,97,98,24410,27225,1,FEASIBLE,WORSE
5049,2,97,99,24515,27380,1,FEASIBLE,WORSE
5050,2,98,99,24743,27571,1,FEASIBLE,WORSE
