neighbor_index,distance,flip_i,flip_j,weight,profit,feasible,reason,comparison
1,1,0,,25494,40696,1,FEASIBLE,WORSE
2,1,1,,25018,40668,1,FEASIBLE,WORSE
3,1,2,,25691,41004,1,FEASIBLE,WORSE
4,1,3,,26357,41752,0,CAPACITY_EXCEEDED,INVALID
5,1,4,,26826,41491,0,CAPACITY_EXCEEDED,INVALID
6,1,5,,25333,40827,1,FEASIBLE,WORSE
7,1,6,,25678,41019,1,FEASIBLE,WORSE
8,1,7,,25471,40730,1,FEASIBLE,WORSE
9,1,8,,25467,41116,1,FEASIBLE,WORSE
10,1,9,,25803,40719,1,FEASIBLE,WORSE
11,1,10,,25568,41217,1,FEASIBLE,WORSE
12,1,11,,25640,40688,1,FEASIBLE,WORSE
13,1,12,,25141,40760,1,FEASIBLE,WORSE
14,1,13,,25622,41075,1,FEASIBLE,WORSE
15,1,14,,25286,40951,1,FEASIBLE,WORSE
16,1,15,,26917,42173,0,CAPACITY_EXCEEDED,INVALID
17,1,16,,26870,41683,0,CAPACITY_EXCEEDED,INVALID
18,1,17,,25569,40936,1,FEASIBLE,WORSE
19,1,18,,25342,40684,1,FEASIBLE,WORSE
20,1,19,,25625,41224,1,FEASIBLE,WORSE
21,1,20,,25547,40686,1,FEASIBLE,WORSE
22,1,21,,25458,40804,1,FEASIBLE,WORSE
23,1,22,,25152,40645,1,FEASIBLE,WORSE
24,1,23,,26883,41826,0,CAPACITY_EXCEEDED,INVALID
25,1,24,,26237,41584,0,CAPACITY_EXCEEDED,INVALID
26,1,25,,25939,40689,1,FEASIBLE,WORSE
27,1,26,,25496,40685,1,FEASIBLE,WORSE
28,1,27,,25888,41044,1,FEASIBLE,WORSE
29,1,28,,25915,41396,1,FEASIBLE,WORSE
30,1,29,,26720,41688,0,CAPACITY_EXCEEDED,INVALID
31,1,30,,25833,40855,1,FEASIBLE,WORSE
32,1,31,,26665,41782,0,CAPACITY_EXCEEDED,INVALID
33,1,32,,25583,40538,1,FEASIBLE,WORSE
34,1,33,,26885,42079,0,CAPACITY_EXCEEDED,INVALID
35,1,34,,26800,41691,0,CAPACITY_EXCEEDED,INVALID
36,1,35,,25883,40834,1,FEASIBLE,WORSE
37,1,36,,25753,41129,1,FEASIBLE,WORSE
38,1,37,,24998,40557,1,FEASIBLE,WORSE
39,1,38,,25332,40580,1,FEASIBLE,WORSE
40,1,39,,25523,40975,1,FEASIBLE,WORSE
41,1,40,,25163,40845,1,FEASIBLE,WORSE
42,1,41,,25132,40792,1,FEASIBLE,WORSE
43,1,42,,25454,40684,1,FEASIBLE,WORSE
44,1,43,,25477,40513,1,FEASIBLE,WORSE
45,1,44,,26047,41519,0,CAPACITY_EXCEEDED,INVALID
46,1,45,,25584,41128,1,FEASIBLE,WORSE
47,1,46,,25801,40888,1,FEASIBLE,WORSE
48,1,47,,26572,41795,0,CAPACITY_EXCEEDED,INVALID
49,1,48,,25339,40900,1,FEASIBLE,WORSE
50,1,49,,26091,41580,0,CAPACITY_EXCEEDED,INVALID
51,1,50,,25317,40609,1,FEASIBLE,WORSE
52,1,51,,25848,40964,1,FEASIBLE,WORSE
53,1,52,,25840,41373,1,FEASIBLE,WORSE
54,1,53,,25300,40827,1,FEASIBLE,WORSE
55,1,54,,26409,41803,0,CAPACITY_EXCEEDED,INVALID
56,1,55,,26846,41687,0,CAPACITY_EXCEEDED,INVALID
57,1,56,,26576,41974,0,CAPACITY_EXCEEDED,INVALID
58,1,57,,26648,41629,0,CAPACITY_EXCEEDED,INVALID
59,1,58,,25818,41280,1,FEASIBLE,WORSE
60,1,59,,25113,40624,1,FEASIBLE,WORSE
61,1,60,,25862,40791,1,FEASIBLE,WORSE
62,1,61,,26565,41503,0,CAPACITY_EXCEEDED,INVALID
63,1,62,,25034,40711,1,FEASIBLE,WORSE
64,1,63,,26854,41508,0,CAPACITY_EXCEEDED,INVALID
65,1,64,,26840,41823,0,CAPACITY_EXCEEDED,INVALID
66,1,65,,25494,40585,1,FEASIBLE,WORSE
67,1,66,,25252,40869,1,FEASIBLE,WORSE
68,1,67,,26738,41797,0,CAPACITY_EXCEEDED,INVALID
69,1,68,,25808,41112,1,FEASIBLE,WORSE
70,1,69,,26890,41880,0,CAPACITY_EXCEEDED,INVALID
71,1,70,,26855,41617,0,CAPACITY_EXCEEDED,INVALID
72,1,71,,25505,40490,1,FEASIBLE,WORSE
73,1,72,,26725,41544,0,CAPACITY_EXCEEDED,INVALID
74,1,73,,25498,41067,1,FEASIBLE,WORSE
75,1,74,,25669,40743,1,FEASIBLE,WORSE
76,1,75,,26659,41888,0,CAPACITY_EXCEEDED,INVALID
77,1,76,,25882,40509,1,FEASIBLE,WORSE
78,1,77,,26747,41736,0,CAPACITY_EXCEEDED,INVALID
79,1,78,,24967,40510,1,FEASIBLE,WORSE
80,1,79,,25659,40597,1,FEASIBLE,WORSE
81,1,80,,26886,42161,0,CAPACITY_EXCEEDED,INVALID
82,1,81,,25862,40600,1,FEASIBLE,WORSE
83,1,82,,26805,41938,0,CAPACITY_EXCEEDED,INVALID
84,1,83,,25666,40658,1,FEASIBLE,WORSE
85,1,84,,24979,40693,1,FEASIBLE,WORSE
86,1,85,,25515,40973,1,FEASIBLE,WORSE
87,1,86,,26869,41961,0,CAPACITY_EXCEEDED,INVALID
88,1,87,,25914,40784,1,FEASIBLE,WORSE
89,1,88,,25860,41080,1,FEASIBLE,WORSE
90,1,89,,26763,41576,0,CAPACITY_EXCEEDED,INVALID
91,1,90,,25307,40743,1,FEASIBLE,WORSE
92,1,91,,26482,41756,0,CAPACITY_EXCEEDED,INVALID
93,1,92,,25913,41002,1,FEASIBLE,WORSE
94,1,93,,25772,40705,1,FEASIBLE,WORSE
95,1,94,,26317,41663,0,CAPACITY_EXCEEDED,INVALID
96,1,95,,25999,41512,0,CAPACITY_EXCEEDED,INVALID
97,1,96,,26940,41614,0,CAPACITY_EXCEEDED,INVALID
98,1,97,,26712,42080,0,CAPACITY_EXCEEDED,INVALID
99,1,98,,26896,41852,0,CAPACITY_EXCEEDED,INVALID
100,1,99,,26647,41747,0,CAPACITY_EXCEEDED,INVALID
101,2,0,1,24566,39874,1,FEASIBLE,WORSE
102,2,0,2,25239,40210,1,FEASIBLE,WORSE
103,2,0,3,25905,40958,1,FEASIBLE,WORSE
104,2,0,4,26374,40697,0,CAPACITY_EXCEEDED,INVALID
105,2,0,5,24881,40033,1,FEASIBLE,WORSE
106,2,0,6,25226,40225,1,FEASIBLE,WORSE
107,2,0,7,25019,39936,1,FEASIBLE,WORSE
108,2,0,8,25015,40322,1,FEASIBLE,WORSE
109,2,0,9,25351,39925,1,FEASIBLE,WORSE
110,2,0,10,25116,40423,1,FEASIBLE,WORSE
111,2,0,11,25188,39894,1,FEASIBLE,WORSE
112,2,0,12,24689,39966,1,FEASIBLE,WORSE
113,2,0,13,25170,40281,1,FEASIBLE,WORSE
114,2,0,14,24834,40157,1,FEASIBLE,WORSE
115,2,0,15,26465,41379,0,CAPACITY_EXCEEDED,INVALID
116,2,0,16,26418,40889,0,CAPACITY_EXCEEDED,INVALID
117,2,0,17,25117,40142,1,FEASIBLE,WORSE
118,2,0,18,24890,39890,1,FEASIBLE,WORSE
119,2,0,19,25173,40430,1,FEASIBLE,WORSE
120,2,0,20,25095,39892,1,FEASIBLE,WORSE
121,2,0,21,25006,40010,1,FEASIBLE,WORSE
122,2,0,22,24700,39851,1,FEASIBLE,WORSE
123,2,0,23,26431,41032,0,CAPACITY_EXCEEDED,INVALID
124,2,0,24,25785,40790,1,FEASIBLE,WORSE
125,2,0,25,25487,39895,1,FEASIBLE,WORSE
126,2,0,26,25044,39891,1,FEASIBLE,WORSE
127,2,0,27,25436,40250,1,FEASIBLE,WORSE
128,2,0,28,25463,40602,1,FEASIBLE,WORSE
129,2,0,29,26268,40894,0,CAPACITY_EXCEEDED,INVALID
130,2,0,30,25381,40061,1,FEASIBLE,WORSE
131,2,0,31,26213,40988,0,CAPACITY_EXCEEDED,INVALID
132,2,0,32,25131,39744,1,FEASIBLE,WORSE
133,2,0,33,26433,41285,0,CAPACITY_EXCEEDED,INVALID
134,2,0,34,26348,40897,0,CAPACITY_EXCEEDED,INVALID
135,2,0,35,25431,40040,1,FEASIBLE,WORSE
136,2,0,36,25301,40335,1,FEASIBLE,WORSE
137,2,0,37,24546,39763,1,FEASIBLE,WORSE
138,2,0,38,24880,39786,1,FEASIBLE,WORSE
139,2,0,39,25071,40181,1,FEASIBLE,WORSE
140,2,0,40,24711,40051,1,FEASIBLE,WORSE
141,2,0,41,24680,39998,1,FEASIBLE,WORSE
142,2,0,42,25002,39890,1,FEASIBLE,WORSE
143,2,0,43,25025,39719,1,FEASIBLE,WORSE
144,2,0,44,25595,40725,1,FEASIBLE,WORSE
145,2,0,45,25132,40334,1,FEASIBLE,WORSE
146,2,0,46,25349,40094,1,FEASIBLE,WORSE
147,2,0,47,26120,41001,0,CAPACITY_EXCEEDED,INVALID
148,2,0,48,24887,40106,1,FEASIBLE,WORSE
149,2,0,49,25639,40786,1,FEASIBLE,WORSE
150,2,0,50,24865,39815,1,FEASIBLE,WORSE
151,2,0,51,25396,40170,1,FEASIBLE,WORSE
152,2,0,52,25388,40579,1,FEASIBLE,WORSE
153,2,0,53,24848,40033,1,FEASIBLE,WORSE
154,2,0,54,25957,41009,1,FEASIBLE,WORSE
155,2,0,55,26394,40893,0,CAPACITY_EXCEEDED,INVALID
156,2,0,56,26124,41180,0,CAPACITY_EXCEEDED,INVALID
157,2,0,57,26196,40835,0,CAPACITY_EXCEEDED,INVALID
158,2,0,58,25366,40486,1,FEASIBLE,WORSE
159,2,0,59,24661,39830,1,FEASIBLE,WORSE
160,2,0,60,25410,39997,1,FEASIBLE,WORSE
161,2,0,61,26113,40709,0,CAPACITY_EXCEEDED,INVALID
162,2,0,62,24582,39917,1,FEASIBLE,WORSE
163,2,0,63,26402,40714,0,CAPACITY_EXCEEDED,INVALID
164,2,0,64,26388,41029,0,CAPACITY_EXCEEDED,INVALID
165,2,0,65,25042,39791,1,FEASIBLE,WORSE
166,2,0,66,24800,40075,1,FEASIBLE,WORSE
167,2,0,67,26286,41003,0,CAPACITY_EXCEEDED,INVALID
168,2,0,68,25356,40318,1,FEASIBLE,WORSE
169,2,0,69,26438,41086,0,CAPACITY_EXCEEDED,INVALID
170,2,0,70,26403,40823,0,CAPACITY_EXCEEDED,INVALID
171,2,0,71,25053,39696,1,FEASIBLE,WORSE
172,2,0,72,26273,40750,0,CAPACITY_EXCEEDED,INVALID
173,2,0,73,25046,40273,1,FEASIBLE,WORSE
174,2,0,74,25217,39949,1,FEASIBLE,WORSE
175,2,0,75,26207,41094,0,CAPACITY_EXCEEDED,INVALID
176,2,0,76,25430,39715,1,FEASIBLE,WORSE
177,2,0,77,26295,40942,0,CAPACITY_EXCEEDED,INVALID
178,2,0,78,24515,39716,1,FEASIBLE,WORSE
179,2,0,79,25207,39803,1,FEASIBLE,WORSE
180,2,0,80,26434,41367,0,CAPACITY_EXCEEDED,INVALID
181,2,0,81,25410,39806,1,FEASIBLE,WORSE
182,2,0,82,26353,41144,0,CAPACITY_EXCEEDED,INVALID
183,2,0,83,25214,39864,1,FEASIBLE,WORSE
184,2,0,84,24527,39899,1,FEASIBLE,WORSE
185,2,0,85,25063,40179,1,FEASIBLE,WORSE
186,2,0,86,26417,41167,0,CAPACITY_EXCEEDED,INVALID
187,2,0,87,25462,39990,1,FEASIBLE,WORSE
188,2,0,88,25408,40286,1,FEASIBLE,WORSE
189,2,0,89,26311,40782,0,CAPACITY_EXCEEDED,INVALID
190,2,0,90,24855,39949,1,FEASIBLE,WORSE
191,2,0,91,26030,40962,0,CAPACITY_EXCEEDED,INVALID
192,2,0,92,25461,40208,1,FEASIBLE,WORSE
193,2,0,93,25320,39911,1,FEASIBLE,WORSE
194,2,0,94,25865,40869,1,FEASIBLE,WORSE
195,2,0,95,25547,40718,1,FEASIBLE,WORSE
196,2,0,96,26488,40820,0,CAPACITY_EXCEEDED,INVALID
197,2,0,97,26260,41286,0,CAPACITY_EXCEEDED,INVALID
198,2,0,98,26444,41058,0,CAPACITY_EXCEEDED,INVALID
199,2,0,99,26195,40953,0,CAPACITY_EXCEEDED,INVALID
200,2,1,2,24763,40182,1,FEASIBLE,WORSE
201,2,1,3,25429,40930,1,FEASIBLE,WORSE
202,2,1,4,25898,40669,1,FEASIBLE,WORSE
203,2,1,5,24405,40005,1,FEASIBLE,WORSE
204,2,1,6,24750,40197,1,FEASIBLE,WORSE
205,2,1,7,24543,39908,1,FEASIBLE,WORSE
206,2,1,8,24539,40294,1,FEASIBLE,WORSE
207,2,1,9,24875,39897,1,FEASIBLE,WORSE
208,2,1,10,24640,40395,1,FEASIBLE,WORSE
209,2,1,11,24712,39866,1,FEASIBLE,WORSE
210,2,1,12,24213,39938,1,FEASIBLE,WORSE
211,2,1,13,24694,40253,1,FEASIBLE,WORSE
212,2,1,14,24358,40129,1,FEASIBLE,WORSE
213,2,1,15,25989,41351,0,CAPACITY_EXCEEDED,INVALID
214,2,1,16,25942,40861,1,FEASIBLE,WORSE
215,2,1,17,24641,40114,1,FEASIBLE,WORSE
216,2,1,18,24414,39862,1,FEASIBLE,WORSE
217,2,1,19,24697,40402,1,FEASIBLE,WORSE
218,2,1,20,24619,39864,1,FEASIBLE,WORSE
219,2,1,21,24530,39982,1,FEASIBLE,WORSE
220,2,1,22,24224,39823,1,FEASIBLE,WORSE
221,2,1,23,25955,41004,1,FEASIBLE,WORSE
222,2,1,24,25309,40762,1,FEASIBLE,WORSE
223,2,1,25,25011,39867,1,FEASIBLE,WORSE
224,2,1,26,24568,39863,1,FEASIBLE,WORSE
225,2,1,27,24960,40222,1,FEASIBLE,WORSE
226,2,1,28,24987,40574,1,FEASIBLE,WORSE
227,2,1,29,25792,40866,1,FEASIBLE,WORSE
228,2,1,30,24905,40033,1,FEASIBLE,WORSE
229,2,1,31,25737,40960,1,FEASIBLE,WORSE
230,2,1,32,24655,39716,1,FEASIBLE,WORSE
231,2,1,33,25957,41257,1,FEASIBLE,WORSE
232,2,1,34,25872,40869,1,FEASIBLE,WORSE
233,2,1,35,24955,40012,1,FEASIBLE,WORSE
234,2,1,36,24825,40307,1,FEASIBLE,WORSE
235,2,1,37,24070,39735,1,FEASIBLE,WORSE
236,2,1,38,24404,39758,1,FEASIBLE,WORSE
237,2,1,39,24595,40153,1,FEASIBLE,WORSE
238,2,1,40,24235,40023,1,FEASIBLE,WORSE
239,2,1,41,24204,39970,1,FEASIBLE,WORSE
240,2,1,42,24526,39862,1,FEASIBLE,WORSE
241,2,1,43,24549,39691,1,FEASIBLE,WORSE
242,2,1,44,25119,40697,1,FEASIBLE,WORSE
243,2,1,45,24656,40306,1,FEASIBLE,WORSE
244,2,1,46,24873,40066,1,FEASIBLE,WORSE
245,2,1,47,25644,40973,1,FEASIBLE,WORSE
246,2,1,48,24411,40078,1,FEASIBLE,WORSE
247,2,1,49,25163,40758,1,FEASIBLE,WORSE
248,2,1,50,24389,39787,1,FEASIBLE,WORSE
249,2,1,51,24920,40142,1,FEASIBLE,WORSE
250,2,1,52,24912,40551,1,FEASIBLE,WORSE
251,2,1,53,24372,40005,1,FEASIBLE,WORSE
252,2,1,54,25481,40981,1,FEASIBLE,WORSE
253,2,1,55,25918,40865,1,FEASIBLE,WORSE
254,2,1,56,25648,41152,1,FEASIBLE,WORSE
255,2,1,57,25720,40807,1,FEASIBLE,WORSE
256,2,1,58,24890,40458,1,FEASIBLE,WORSE
257,2,1,59,24185,39802,1,FEASIBLE,WORSE
258,2,1,60,24934,39969,1,FEASIBLE,WORSE
259,2,1,61,25637,40681,1,FEASIBLE,WORSE
260,2,1,62,24106,39889,1,FEASIBLE,WORSE
261,2,1,63,25926,40686,1,FEASIBLE,WORSE
262,2,1,64,25912,41001,1,FEASIBLE,WORSE
263,2,1,65,24566,39763,1,FEASIBLE,WORSE
264,2,1,66,24324,40047,1,FEASIBLE,WORSE
265,2,1,67,25810,40975,1,FEASIBLE,WORSE
266,2,1,68,24880,40290,1,FEASIBLE,WORSE
267,2,1,69,25962,41058,1,FEASIBLE,WORSE
268,2,1,70,25927,40795,1,FEASIBLE,WORSE
269,2,1,71,24577,39668,1,FEASIBLE,WORSE
270,2,1,72,25797,40722,1,FEASIBLE,WORSE
271,2,1,73,24570,40245,1,FEASIBLE,WORSE
272,2,1,74,24741,39921,1,FEASIBLE,WORSE
273,2,1,75,25731,41066,1,FEASIBLE,WORSE
274,2,1,76,24954,39687,1,FEASIBLE,WORSE
275,2,1,77,25819,40914,1,FEASIBLE,WORSE
276,2,1,78,24039,39688,1,FEASIBLE,WORSE
277,2,1,79,24731,39775,1,FEASIBLE,WORSE
278,2,1,80,25958,41339,1,FEASIBLE,WORSE
279,2,1,81,24934,39778,1,FEASIBLE,WORSE
280,2,1,82,25877,41116,1,FEASIBLE,WORSE
281,2,1,83,24738,39836,1,FEASIBLE,WORSE
282,2,1,84,24051,39871,1,FEASIBLE,WORSE
283,2,1,85,24587,40151,1,FEASIBLE,WORSE
284,2,1,86,25941,41139,1,FEASIBLE,WORSE
285,2,1,87,24986,39962,1,FEASIBLE,WORSE
286,2,1,88,24932,40258,1,FEASIBLE,WORSE
287,2,1,89,25835,40754,1,FEASIBLE,WORSE
288,2,1,90,24379,39921,1,FEASIBLE,WORSE
289,2,1,91,25554,40934,1,FEASIBLE,WORSE
290,2,1,92,24985,40180,1,FEASIBLE,WORSE
291,2,1,93,24844,39883,1,FEASIBLE,WORSE
292,2,1,94,25389,40841,1,FEASIBLE,WORSE
293,2,1,95,25071,40690,1,FEASIBLE,WORSE
294,2,1,96,26012,40792,0,CAPACITY_EXCEEDED,INVALID
295,2,1,97,25784,41258,1,FEASIBLE,WORSE
296,2,1,98,25968,41030,1,FEASIBLE,WORSE
297,2,1,99,25719,40925,1,FEASIBLE,WORSE
298,2,2,3,26102,41266,0,CAPACITY_EXCEEDED,INVALID
299,2,2,4,26571,41005,0,CAPACITY_EXCEEDED,INVALID
300,2,2,5,25078,40341,1,FEASIBLE,WORSE
301,2,2,6,25423,40533,1,FEASIBLE,WORSE
302,2,2,7,25216,40244,1,FEASIBLE,WORSE
303,2,2,8,25212,40630,1,FEASIBLE,WORSE
304,2,2,9,25548,40233,1,FEASIBLE,WORSE
305,2,2,10,25313,40731,1,FEASIBLE,WORSE
306,2,2,11,25385,40202,1,FEASIBLE,WORSE
307,2,2,12,24886,40274,1,FEASIBLE,WORSE
308,2,2,13,25367,40589,1,FEASIBLE,WORSE
309,2,2,14,25031,40465,1,FEASIBLE,WORSE
310,2,2,15,26662,41687,0,CAPACITY_EXCEEDED,INVALID
311,2,2,16,26615,41197,0,CAPACITY_EXCEEDED,INVALID
312,2,2,17,25314,40450,1,FEASIBLE,WORSE
313,2,2,18,25087,40198,1,FEASIBLE,WORSE
314,2,2,19,25370,40738,1,FEASIBLE,WORSE
315,2,2,20,25292,40200,1,FEASIBLE,WORSE
316,2,2,21,25203,40318,1,FEASIBLE,WORSE
317,2,2,22,24897,40159,1,FEASIBLE,WORSE
318,2,2,23,26628,41340,0,CAPACITY_EXCEEDED,INVALID
319,2,2,24,25982,41098,0,CAPACITY_EXCEEDED,INVALID
320,2,2,25,25684,40203,1,FEASIBLE,WORSE
321,2,2,26,25241,40199,1,FEASIBLE,WORSE
322,2,2,27,25633,40558,1,FEASIBLE,WORSE
323,2,2,28,25660,40910,1,FEASIBLE,WORSE
324,2,2,29,26465,41202,0,CAPACITY_EXCEEDED,INVALID
325,2,2,30,25578,40369,1,FEASIBLE,WORSE
326,2,2,31,26410,41296,0,CAPACITY_EXCEEDED,INVALID
327,2,2,32,25328,40052,1,FEASIBLE,WORSE
328,2,2,33,26630,41593,0,CAPACITY_EXCEEDED,INVALID
329,2,2,34,26545,41205,0,CAPACITY_EXCEEDED,INVALID
330,2,2,35,25628,40348,1,FEASIBLE,WORSE
331,2,2,36,25498,40643,1,FEASIBLE,WORSE
332,2,2,37,24743,40071,1,FEASIBLE,WORSE
333,2,2,38,25077,40094,1,FEASIBLE,WORSE
334,2,2,39,25268,40489,1,FEASIBLE,WORSE
335,2,2,40,24908,40359,1,FEASIBLE,WORSE
336,2,2,41,24877,40306,1,FEASIBLE,WORSE
337,2,2,42,25199,40198,1,FEASIBLE,WORSE
338,2,2,43,25222,40027,1,FEASIBLE,WORSE
339,2,2,44,25792,41033,1,FEASIBLE,WORSE
340,2,2,45,25329,40642,1,FEASIBLE,WORSE
341,2,2,46,25546,40402,1,FEASIBLE,WORSE
342,2,2,47,26317,41309,0,CAPACITY_EXCEEDED,INVALID
343,2,2,48,25084,40414,1,FEASIBLE,WORSE
344,2,2,49,25836,41094,1,FEASIBLE,WORSE
345,2,2,50,25062,40123,1,FEASIBLE,WORSE
346,2,2,51,25593,40478,1,FEASIBLE,WORSE
347,2,2,52,25585,40887,1,FEASIBLE,WORSE
348,2,2,53,25045,40341,1,FEASIBLE,WORSE
349,2,2,54,26154,41317,0,CAPACITY_EXCEEDED,INVALID
350,2,2,55,26591,41201,0,CAPACITY_EXCEEDED,INVALID
351,2,2,56,26321,41488,0,CAPACITY_EXCEEDED,INVALID
352,2,2,57,26393,41143,0,CAPACITY_EXCEEDED,INVALID
353,2,2,58,25563,40794,1,FEASIBLE,WORSE
354,2,2,59,24858,40138,1,FEASIBLE,WORSE
355,2,2,60,25607,40305,1,FEASIBLE,WORSE
356,2,2,61,26310,41017,0,CAPACITY_EXCEEDED,INVALID
357,2,2,62,24779,40225,1,FEASIBLE,WORSE
358,2,2,63,26599,41022,0,CAPACITY_EXCEEDED,INVALID
359,2,2,64,26585,41337,0,CAPACITY_EXCEEDED,INVALID
360,2,2,65,25239,40099,1,FEASIBLE,WORSE
361,2,2,66,24997,40383,1,FEASIBLE,WORSE
362,2,2,67,26483,41311,0,CAPACITY_EXCEEDED,INVALID
363,2,2,68,25553,40626,1,FEASIBLE,WORSE
364,2,2,69,26635,41394,0,CAPACITY_EXCEEDED,INVALID
365,2,2,70,26600,41131,0,CAPACITY_EXCEEDED,INVALID
366,2,2,71,25250,40004,1,FEASIBLE,WORSE
367,2,2,72,26470,41058,0,CAPACITY_EXCEEDED,INVALID
368,2,2,73,25243,40581,1,FEASIBLE,WORSE
369,2,2,74,25414,40257,1,FEASIBLE,WORSE
370,2,2,75,26404,41402,0,CAPACITY_EXCEEDED,INVALID
371,2,2,76,25627,40023,1,FEASIBLE,WORSE
372,2,2,77,26492,41250,0,CAPACITY_EXCEEDED,INVALID
373,2,2,78,24712,40024,1,FEASIBLE,WORSE
374,2,2,79,25404,40111,1,FEASIBLE,WORSE
375,2,2,80,26631,41675,0,CAPACITY_EXCEEDED,INVALID
376,2,2,81,25607,40114,1,FEASIBLE,WORSE
377,2,2,82,26550,41452,0,CAPACITY_EXCEEDED,INVALID
378,2,2,83,25411,40172,1,FEASIBLE,WORSE
379,2,2,84,24724,40207,1,FEASIBLE,WORSE
380,2,2,85,25260,40487,1,FEASIBLE,WORSE
381,2,2,86,26614,41475,0,CAPACITY_EXCEEDED,INVALID
382,2,2,87,25659,40298,1,FEASIBLE,WORSE
383,2,2,88,25605,40594,1,FEASIBLE,WORSE
384,2,2,89,26508,41090,0,CAPACITY_EXCEEDED,INVALID
385,2,2,90,25052,40257,1,FEASIBLE,WORSE
386,2,2,91,26227,41270,0,CAPACITY_EXCEEDED,INVALID
387,2,2,92,25658,40516,1,FEASIBLE,WORSE
388,2,2,93,25517,40219,1,FEASIBLE,WORSE
389,2,2,94,26062,41177,0,CAPACITY_EXCEEDED,INVALID
390,2,2,95,25744,41026,1,FEASIBLE,WORSE
391,2,2,96,26685,41128,0,CAPACITY_EXCEEDED,INVALID
392,2,2,97,26457,41594,0,CAPACITY_EXCEEDED,INVALID
393,2,2,98,26641,41366,0,CAPACITY_EXCEEDED,INVALID
394,2,2,99,26392,41261,0,CAPACITY_EXCEEDED,INVALID
395,2,3,4,27237,41753,0,CAPACITY_EXCEEDED,INVALID
396,2,3,5,25744,41089,1,FEASIBLE,WORSE
397,2,3,6,26089,41281,0,CAPACITY_EXCEEDED,INVALID
398,2,3,7,25882,40992,1,FEASIBLE,WORSE
399,2,3,8,25878,41378,1,FEASIBLE,WORSE
400,2,3,9,26214,40981,0,CAPACITY_EXCEEDED,INVALID
401,2,3,10,25979,41479,1,FEASIBLE,WORSE
402,2,3,11,26051,40950,0,CAPACITY_EXCEEDED,INVALID
403,2,3,12,25552,41022,1,FEASIBLE,WORSE
404,2,3,13,26033,41337,0,CAPACITY_EXCEEDED,INVALID
405,2,3,14,25697,41213,1,FEASIBLE,WORSE
406,2,3,15,27328,42435,0,CAPACITY_EXCEEDED,INVALID
407,2,3,16,27281,41945,0,CAPACITY_EXCEEDED,INVALID
408,2,3,17,25980,41198,1,FEASIBLE,WORSE
409,2,3,18,25753,40946,1,FEASIBLE,WORSE
410,2,3,19,26036,41486,0,CAPACITY_EXCEEDED,INVALID
411,2,3,20,25958,40948,1,FEASIBLE,WORSE
412,2,3,21,25869,41066,1,FEASIBLE,WORSE
413,2,3,22,25563,40907,1,FEASIBLE,WORSE
414,2,3,23,27294,42088,0,CAPACITY_EXCEEDED,INVALID
415,2,3,24,26648,41846,0,CAPACITY_EXCEEDED,INVALID
416,2,3,25,26350,40951,0,CAPACITY_EXCEEDED,INVALID
417,2,3,26,25907,40947,1,FEASIBLE,WORSE
418,2,3,27,26299,41306,0,CAPACITY_EXCEEDED,INVALID
419,2,3,28,26326,41658,0,CAPACITY_EXCEEDED,INVALID
420,2,3,29,27131,41950,0,CAPACITY_EXCEEDED,INVALID
421,2,3,30,26244,41117,0,CAPACITY_EXCEEDED,INVALID
422,2,3,31,27076,42044,0,CAPACITY_EXCEEDED,INVALID
423,2,3,32,25994,40800,0,CAPACITY_EXCEEDED,INVALID
424,2,3,33,27296,42341,0,CAPACITY_EXCEEDED,INVALID
425,2,3,34,27211,41953,0,CAPACITY_EXCEEDED,INVALID
426,2,3,35,26294,41096,0,CAPACITY_EXCEEDED,INVALID
427,2,3,36,26164,41391,0,CAPACITY_EXCEEDED,INVALID
428,2,3,37,25409,40819,1,FEASIBLE,WORSE
429,2,3,38,25743,40842,1,FEASIBLE,WORSE
430,2,3,39,25934,41237,1,FEASIBLE,WORSE
431,2,3,40,25574,41107,1,FEASIBLE,WORSE
432,2,3,41,25543,41054,1,FEASIBLE,WORSE
433,2,3,42,25865,40946,1,FEASIBLE,WORSE
434,2,3,43,25888,40775,1,FEASIBLE,WORSE
435,2,3,44,26458,41781,0,CAPACITY_EXCEEDED,INVALID
436,2,3,45,25995,41390,0,CAPACITY_EXCEEDED,INVALID
437,2,3,46,26212,41150,0,CAPACITY_EXCEEDED,INVALID
438,2,3,47,26983,42057,0,CAPACITY_EXCEEDED,INVALID
439,2,3,48,25750,41162,1,FEASIBLE,WORSE
440,2,3,49,26502,41842,0,CAPACITY_EXCEEDED,INVALID
441,2,3,50,25728,40871,1,FEASIBLE,WORSE
442,2,3,51,26259,41226,0,CAPACITY_EXCEEDED,INVALID
443,2,3,52,26251,41635,0,CAPACITY_EXCEEDED,INVALID
444,2,3,53,25711,41089,1,FEASIBLE,WORSE
445,2,3,54,26820,42065,0,CAPACITY_EXCEEDED,INVALID
446,2,3,55,27257,41949,0,CAPACITY_EXCEEDED,INVALID
447,2,3,56,26987,42236,0,CAPACITY_EXCEEDED,INVALID
448,2,3,57,27059,41891,0,CAPACITY_EXCEEDED,INVALID
449,2,3,58,26229,41542,0,CAPACITY_EXCEEDED,INVALID
450,2,3,59,25524,40886,1,FEASIBLE,WORSE
451,2,3,60,26273,41053,0,CAPACITY_EXCEEDED,INVALID
452,2,3,61,26976,41765,0,CAPACITY_EXCEEDED,INVALID
453,2,3,62,25445,40973,1,FEASIBLE,WORSE
454,2,3,63,27265,41770,0,CAPACITY_EXCEEDED,INVALID
455,2,3,64,27251,42085,0,CAPACITY_EXCEEDED,INVALID
456,2,3,65,25905,40847,1,FEASIBLE,WORSE
457,2,3,66,25663,41131,1,FEASIBLE,WORSE
458,2,3,67,27149,42059,0,CAPACITY_EXCEEDED,INVALID
459,2,3,68,26219,41374,0,CAPACITY_EXCEEDED,INVALID
460,2,3,69,27301,42142,0,CAPACITY_EXCEEDED,INVALID
461,2,3,70,27266,41879,0,CAPACITY_EXCEEDED,INVALID
462,2,3,71,25916,40752,1,FEASIBLE,WORSE
463,2,3,72,27136,41806,0,CAPACITY_EXCEEDED,INVALID
464,2,3,73,25909,41329,1,FEASIBLE,WORSE
465,2,3,74,26080,41005,0,CAPACITY_EXCEEDED,INVALID
466,2,3,75,27070,42150,0,CAPACITY_EXCEEDED,INVALID
467,2,3,76,26293,40771,0,CAPACITY_EXCEEDED,INVALID
468,2,3,77,27158,41998,0,CAPACITY_EXCEEDED,INVALID
469,2,3,78,25378,40772,1,FEASIBLE,WORSE
470,2,3,79,26070,40859,0,CAPACITY_EXCEEDED,INVALID
471,2,3,80,27297,42423,0,CAPACITY_EXCEEDED,INVALID
472,2,3,81,26273,40862,0,CAPACITY_EXCEEDED,INVALID
473,2,3,82,27216,42200,0,CAPACITY_EXCEEDED,INVALID
474,2,3,83,26077,40920,0,CAPACITY_EXCEEDED,INVALID
475,2,3,84,25390,40955,1,FEASIBLE,WORSE
476,2,3,85,25926,41235,1,FEASIBLE,WORSE
477,2,3,86,27280,42223,0,CAPACITY_EXCEEDED,INVALID
478,2,3,87,26325,41046,0,CAPACITY_EXCEEDED,INVALID
479,2,3,88,26271,41342,0,CAPACITY_EXCEEDED,INVALID
480,2,3,89,27174,41838,0,CAPACITY_EXCEEDED,INVALID
481,2,3,90,25718,41005,1,FEASIBLE,WORSE
482,2,3,91,26893,42018,0,CAPACITY_EXCEEDED,INVALID
483,2,3,92,26324,41264,0,CAPACITY_EXCEEDED,INVALID
484,2,3,93,26183,40967,0,CAPACITY_EXCEEDED,INVALID
485,2,3,94,26728,41925,0,CAPACITY_EXCEEDED,INVALID
486,2,3,95,26410,41774,0,CAPACITY_EXCEEDED,INVALID
487,2,3,96,27351,41876,0,CAPACITY_EXCEEDED,INVALID
488,2,3,97,27123,42342,0,CAPACITY_EXCEEDED,INVALID
489,2,3,98,27307,42114,0,CAPACITY_EXCEEDED,INVALID
490,2,3,99,27058,42009,0,CAPACITY_EXCEEDED,INVALID
491,2,4,5,26213,40828,0,CAPACITY_EXCEEDED,INVALID
492,2,4,6,26558,41020,0,CAPACITY_EXCEEDED,INVALID
493,2,4,7,26351,40731,0,CAPACITY_EXCEEDED,INVALID
494,2,4,8,26347,41117,0,CAPACITY_EXCEEDED,INVALID
495,2,4,9,26683,40720,0,CAPACITY_EXCEEDED,INVALID
496,2,4,10,26448,41218,0,CAPACITY_EXCEEDED,INVALID
497,2,4,11,26520,40689,0,CAPACITY_EXCEEDED,INVALID
498,2,4,12,26021,40761,0,CAPACITY_EXCEEDED,INVALID
499,2,4,13,26502,41076,0,CAPACITY_EXCEEDED,INVALID
500,2,4,14,26166,40952,0,CAPACITY_EXCEEDED,INVALID
501,2,4,15,27797,42174,0,CAPACITY_EXCEEDED,INVALID
502,2,4,16,27750,41684,0,CAPACITY_EXCEEDED,INVALID
503,2,4,17,26449,40937,0,CAPACITY_EXCEEDED,INVALID
504,2,4,18,26222,40685,0,CAPACITY_EXCEEDED,INVALID
505,2,4,19,26505,41225,0,CAPACITY_EXCEEDED,INVALID
506,2,4,20,26427,40687,0,CAPACITY_EXCEEDED,INVALID
507,2,4,21,26338,40805,0,CAPACITY_EXCEEDED,INVALID
508,2,4,22,26032,40646,0,CAPACITY_EXCEEDED,INVALID
509,2,4,23,27763,41827,0,CAPACITY_EXCEEDED,INVALID
510,2,4,24,27117,41585,0,CAPACITY_EXCEEDED,INVALID
511,2,4,25,26819,40690,0,CAPACITY_EXCEEDED,INVALID
512,2,4,26,26376,40686,0,CAPACITY_EXCEEDED,INVALID
513,2,4,27,26768,41045,0,CAPACITY_EXCEEDED,INVALID
514,2,4,28,26795,41397,0,CAPACITY_EXCEEDED,INVALID
515,2,4,29,27600,41689,0,CAPACITY_EXCEEDED,INVALID
516,2,4,30,26713,40856,0,CAPACITY_EXCEEDED,INVALID
517,2,4,31,27545,41783,0,CAPACITY_EXCEEDED,INVALID
518,2,4,32,26463,40539,0,CAPACITY_EXCEEDED,INVALID
519,2,4,33,27765,42080,0,CAPACITY_EXCEEDED,INVALID
520,2,4,34,27680,41692,0,CAPACITY_EXCEEDED,INVALID
521,2,4,35,26763,40835,0,CAPACITY_EXCEEDED,INVALID
522,2,4,36,26633,41130,0,CAPACITY_EXCEEDED,INVALID
523,2,4,37,25878,40558,1,FEASIBLE,WORSE
524,2,4,38,26212,40581,0,CAPACITY_EXCEEDED,INVALID
525,2,4,39,26403,40976,0,CAPACITY_EXCEEDED,INVALID
526,2,4,40,26043,40846,0,CAPACITY_EXCEEDED,INVALID
527,2,4,41,26012,40793,0,CAPACITY_EXCEEDED,INVALID
528,2,4,42,26334,40685,0,CAPACITY_EXCEEDED,INVALID
529,2,4,43,26357,40514,0,CAPACITY_EXCEEDED,INVALID
530,2,4,44,26927,41520,0,CAPACITY_EXCEEDED,INVALID
531,2,4,45,26464,41129,0,CAPACITY_EXCEEDED,INVALID
532,2,4,46,26681,40889,0,CAPACITY_EXCEEDED,INVALID
533,2,4,47,27452,41796,0,CAPACITY_EXCEEDED,INVALID
534,2,4,48,26219,40901,0,CAPACITY_EXCEEDED,INVALID
535,2,4,49,26971,41581,0,CAPACITY_EXCEEDED,INVALID
536,2,4,50,26197,40610,0,CAPACITY_EXCEEDED,INVALID
537,2,4,51,26728,40965,0,CAPACITY_EXCEEDED,INVALID
538,2,4,52,26720,41374,0,CAPACITY_EXCEEDED,INVALID
539,2,4,53,26180,40828,0,CAPACITY_EXCEEDED,INVALID
540,2,4,54,27289,41804,0,CAPACITY_EXCEEDED,INVALID
541,2,4,55,27726,41688,0,CAPACITY_EXCEEDED,INVALID
542,2,4,56,27456,41975,0,CAPACITY_EXCEEDED,INVALID
543,2,4,57,27528,41630,0,CAPACITY_EXCEEDED,INVALID
544,2,4,58,26698,41281,0,CAPACITY_EXCEEDED,INVALID
545,2,4,59,25993,40625,0,CAPACITY_EXCEEDED,INVALID
546,2,4,60,26742,40792,0,CAPACITY_EXCEEDED,INVALID
547,2,4,61,27445,41504,0,CAPACITY_EXCEEDED,INVALID
548,2,4,62,25914,40712,1,FEASIBLE,WORSE
549,2,4,63,27734,41509,0,CAPACITY_EXCEEDED,INVALID
550,2,4,64,27720,41824,0,CAPACITY_EXCEEDED,INVALID
551,2,4,65,26374,40586,0,CAPACITY_EXCEEDED,INVALID
552,2,4,66,26132,40870,0,CAPACITY_EXCEEDED,INVALID
553,2,4,67,27618,41798,0,CAPACITY_EXCEEDED,INVALID
554,2,4,68,26688,41113,0,CAPACITY_EXCEEDED,INVALID
555,2,4,69,27770,41881,0,CAPACITY_EXCEEDED,INVALID
556,2,4,70,27735,41618,0,CAPACITY_EXCEEDED,INVALID
557,2,4,71,26385,40491,0,CAPACITY_EXCEEDED,INVALID
558,2,4,72,27605,41545,0,CAPACITY_EXCEEDED,INVALID
559,2,4,73,26378,41068,0,CAPACITY_EXCEEDED,INVALID
560,2,4,74,26549,40744,0,CAPACITY_EXCEEDED,INVALID
561,2,4,75,27539,41889,0,CAPACITY_EXCEEDED,INVALID
562,2,4,76,26762,40510,0,CAPACITY_EXCEEDED,INVALID
563,2,4,77,27627,41737,0,CAPACITY_EXCEEDED,INVALID
564,2,4,78,25847,40511,1,FEASIBLE,WORSE
565,2,4,79,26539,40598,0,CAPACITY_EXCEEDED,INVALID
566,2,4,80,27766,42162,0,CAPACITY_EXCEEDED,INVALID
567,2,4,81,26742,40601,0,CAPACITY_EXCEEDED,INVALID
568,2,4,82,27685,41939,0,CAPACITY_EXCEEDED,INVALID
569,2,4,83,26546,40659,0,CAPACITY_EXCEEDED,INVALID
570,2,4,84,25859,40694,1,FEASIBLE,WORSE
571,2,4,85,26395,40974,0,CAPACITY_EXCEEDED,INVALID
572,2,4,86,27749,41962,0,CAPACITY_EXCEEDED,INVALID
573,2,4,87,26794,40785,0,CAPACITY_EXCEEDED,INVALID
574,2,4,88,26740,41081,0,CAPACITY_EXCEEDED,INVALID
575,2,4,89,27643,41577,0,CAPACITY_EXCEEDED,INVALID
576,2,4,90,26187,40744,0,CAPACITY_EXCEEDED,INVALID
577,2,4,91,27362,41757,0,CAPACITY_EXCEEDED,INVALID
578,2,4,92,26793,41003,0,CAPACITY_EXCEEDED,INVALID
579,2,4,93,26652,40706,0,CAPACITY_EXCEEDED,INVALID
580,2,4,94,27197,41664,0,CAPACITY_EXCEEDED,INVALID
581,2,4,95,26879,41513,0,CAPACITY_EXCEEDED,INVALID
582,2,4,96,27820,41615,0,CAPACITY_EXCEEDED,INVALID
583,2,4,97,27592,42081,0,CAPACITY_EXCEEDED,INVALID
584,2,4,98,27776,41853,0,CAPACITY_EXCEEDED,INVALID
585,2,4,99,27527,41748,0,CAPACITY_EXCEEDED,INVALID
586,2,5,6,25065,40356,1,FEASIBLE,WORSE
587,2,5,7,24858,40067,1,FEASIBLE,WORSE
588,2,5,8,24854,40453,1,FEASIBLE,WORSE
589,2,5,9,25190,40056,1,FEASIBLE,WORSE
590,2,5,10,24955,40554,1,FEASIBLE,WORSE
591,2,5,11,25027,40025,1,FEASIBLE,WORSE
592,2,5,12,24528,40097,1,FEASIBLE,WORSE
593,2,5,13,25009,40412,1,FEASIBLE,WORSE
594,2,5,14,24673,40288,1,FEASIBLE,WORSE
595,2,5,15,26304,41510,0,CAPACITY_EXCEEDED,INVALID
596,2,5,16,26257,41020,0,CAPACITY_EXCEEDED,INVALID
597,2,5,17,24956,40273,1,FEASIBLE,WORSE
598,2,5,18,24729,40021,1,FEASIBLE,WORSE
599,2,5,19,25012,40561,1,FEASIBLE,WORSE
600,2,5,20,24934,40023,1,FEASIBLE,WORSE
601,2,5,21,24845,40141,1,FEASIBLE,WORSE
602,2,5,22,24539,39982,1,FEASIBLE,WORSE
603,2,5,23,26270,41163,0,CAPACITY_EXCEEDED,INVALID
604,2,5,24,25624,40921,1,FEASIBLE,WORSE
605,2,5,25,25326,40026,1,FEASIBLE,WORSE
606,2,5,26,24883,40022,1,FEASIBLE,WORSE
607,2,5,27,25275,40381,1,FEASIBLE,WORSE
608,2,5,28,25302,40733,1,FEASIBLE,WORSE
609,2,5,29,26107,41025,0,CAPACITY_EXCEEDED,INVALID
610,2,5,30,25220,40192,1,FEASIBLE,WORSE
611,2,5,31,26052,41119,0,CAPACITY_EXCEEDED,INVALID
612,2,5,32,24970,39875,1,FEASIBLE,WORSE
613,2,5,33,26272,41416,0,CAPACITY_EXCEEDED,INVALID
614,2,5,34,26187,41028,0,CAPACITY_EXCEEDED,INVALID
615,2,5,35,25270,40171,1,FEASIBLE,WORSE
616,2,5,36,25140,40466,1,FEASIBLE,WORSE
617,2,5,37,24385,39894,1,FEASIBLE,WORSE
618,2,5,38,24719,39917,1,FEASIBLE,WORSE
619,2,5,39,24910,40312,1,FEASIBLE,WORSE
620,2,5,40,24550,40182,1,FEASIBLE,WORSE
621,2,5,41,24519,40129,1,FEASIBLE,WORSE
622,2,5,42,24841,40021,1,FEASIBLE,WORSE
623,2,5,43,24864,39850,1,FEASIBLE,WORSE
624,2,5,44,25434,40856,1,FEASIBLE,WORSE
625,2,5,45,24971,40465,1,FEASIBLE,WORSE
626,2,5,46,25188,40225,1,FEASIBLE,WORSE
627,2,5,47,25959,41132,1,FEASIBLE,WORSE
628,2,5,48,24726,40237,1,FEASIBLE,WORSE
629,2,5,49,25478,40917,1,FEASIBLE,WORSE
630,2,5,50,24704,39946,1,FEASIBLE,WORSE
631,2,5,51,25235,40301,1,FEASIBLE,WORSE
632,2,5,52,25227,40710,1,FEASIBLE,WORSE
633,2,5,53,24687,40164,1,FEASIBLE,WORSE
634,2,5,54,25796,41140,1,FEASIBLE,WORSE
635,2,5,55,26233,41024,0,CAPACITY_EXCEEDED,INVALID
636,2,5,56,25963,41311,1,FEASIBLE,WORSE
637,2,5,57,26035,40966,0,CAPACITY_EXCEEDED,INVALID
638,2,5,58,25205,40617,1,FEASIBLE,WORSE
639,2,5,59,24500,39961,1,FEASIBLE,WORSE
640,2,5,60,25249,40128,1,FEASIBLE,WORSE
641,2,5,61,25952,40840,1,FEASIBLE,WORSE
642,2,5,62,24421,40048,1,FEASIBLE,WORSE
643,2,5,63,26241,40845,0,CAPACITY_EXCEEDED,INVALID
644,2,5,64,26227,41160,0,CAPACITY_EXCEEDED,INVALID
645,2,5,65,24881,39922,1,FEASIBLE,WORSE
646,2,5,66,24639,40206,1,FEASIBLE,WORSE
647,2,5,67,26125,41134,0,CAPACITY_EXCEEDED,INVALID
648,2,5,68,25195,40449,1,FEASIBLE,WORSE
649,2,5,69,26277,41217,0,CAPACITY_EXCEEDED,INVALID
650,2,5,70,26242,40954,0,CAPACITY_EXCEEDED,INVALID
651,2,5,71,24892,39827,1,FEASIBLE,WORSE
652,2,5,72,26112,40881,0,CAPACITY_EXCEEDED,INVALID
653,2,5,73,24885,40404,1,FEASIBLE,WORSE
654,2,5,74,25056,40080,1,FEASIBLE,WORSE
655,2,5,75,26046,41225,0,CAPACITY_EXCEEDED,INVALID
656,2,5,76,25269,39846,1,FEASIBLE,WORSE
657,2,5,77,26134,41073,0,CAPACITY_EXCEEDED,INVALID
658,2,5,78,24354,39847,1,FEASIBLE,WORSE
659,2,5,79,25046,39934,1,FEASIBLE,WORSE
660,2,5,80,26273,41498,0,CAPACITY_EXCEEDED,INVALID
661,2,5,81,25249,39937,1,FEASIBLE,WORSE
662,2,5,82,26192,41275,0,CAPACITY_EXCEEDED,INVALID
663,2,5,83,25053,39995,1,FEASIBLE,WORSE
664,2,5,84,24366,40030,1,FEASIBLE,WORSE
665,2,5,85,24902,40310,1,FEASIBLE,WORSE
666,2,5,86,26256,41298,0,CAPACITY_EXCEEDED,INVALID
667,2,5,87,25301,40121,1,FEASIBLE,WORSE
668,2,5,88,25247,40417,1,FEASIBLE,WORSE
669,2,5,89,26150,40913,0,CAPACITY_EXCEEDED,INVALID
670,2,5,90,24694,40080,1,FEASIBLE,WORSE
671,2,5,91,25869,41093,1,FEASIBLE,WORSE
672,2,5,92,25300,40339,1,FEASIBLE,WORSE
673,2,5,93,25159,40042,1,FEASIBLE,WORSE
674,2,5,94,25704,41000,1,FEASIBLE,WORSE
675,2,5,95,25386,40849,1,FEASIBLE,WORSE
676,2,5,96,26327,40951,0,CAPACITY_EXCEEDED,INVALID
677,2,5,97,26099,41417,0,CAPACITY_EXCEEDED,INVALID
678,2,5,98,26283,41189,0,CAPACITY_EXCEEDED,INVALID
679,2,5,99,26034,41084,0,CAPACITY_EXCEEDED,INVALID
680,2,6,7,25203,40259,1,FEASIBLE,WORSE
681,2,6,8,25199,40645,1,FEASIBLE,WORSE
682,2,6,9,25535,40248,1,FEASIBLE,WORSE
683,2,6,10,25300,40746,1,FEASIBLE,WORSE
684,2,6,11,25372,40217,1,FEASIBLE,WORSE
685,2,6,12,24873,40289,1,FEASIBLE,WORSE
686,2,6,13,25354,40604,1,FEASIBLE,WORSE
687,2,6,14,25018,40480,1,FEASIBLE,WORSE
688,2,6,15,26649,41702,0,CAPACITY_EXCEEDED,INVALID
689,2,6,16,26602,41212,0,CAPACITY_EXCEEDED,INVALID
690,2,6,17,25301,40465,1,FEASIBLE,WORSE
691,2,6,18,25074,40213,1,FEASIBLE,WORSE
692,2,6,19,25357,40753,1,FEASIBLE,WORSE
693,2,6,20,25279,40215,1,FEASIBLE,WORSE
694,2,6,21,25190,40333,1,FEASIBLE,WORSE
695,2,6,22,24884,40174,1,FEASIBLE,WORSE
696,2,6,23,26615,41355,0,CAPACITY_EXCEEDED,INVALID
697,2,6,24,25969,41113,1,FEASIBLE,WORSE
698,2,6,25,25671,40218,1,FEASIBLE,WORSE
699,2,6,26,25228,40214,1,FEASIBLE,WORSE
700,2,6,27,25620,40573,1,FEASIBLE,WORSE
701,2,6,28,25647,40925,1,FEASIBLE,WORSE
702,2,6,29,26452,41217,0,CAPACITY_EXCEEDED,INVALID
703,2,6,30,25565,40384,1,FEASIBLE,WORSE
704,2,6,31,26397,41311,0,CAPACITY_EXCEEDED,INVALID
705,2,6,32,25315,40067,1,FEASIBLE,WORSE
706,2,6,33,26617,41608,0,CAPACITY_EXCEEDED,INVALID
707,2,6,34,26532,41220,0,CAPACITY_EXCEEDED,INVALID
708,2,6,35,25615,40363,1,FEASIBLE,WORSE
709,2,6,36,25485,40658,1,FEASIBLE,WORSE
710,2,6,37,24730,40086,1,FEASIBLE,WORSE
711,2,6,38,25064,40109,1,FEASIBLE,WORSE
712,2,6,39,25255,40504,1,FEASIBLE,WORSE
713,2,6,40,24895,40374,1,FEASIBLE,WORSE
714,2,6,41,24864,40321,1,FEASIBLE,WORSE
715,2,6,42,25186,40213,1,FEASIBLE,WORSE
716,2,6,43,25209,40042,1,FEASIBLE,WORSE
717,2,6,44,25779,41048,1,FEASIBLE,WORSE
718,2,6,45,25316,40657,1,FEASIBLE,WORSE
719,2,6,46,25533,40417,1,FEASIBLE,WORSE
720,2,6,47,26304,41324,0,CAPACITY_EXCEEDED,INVALID
721,2,6,48,25071,40429,1,FEASIBLE,WORSE
722,2,6,49,25823,41109,1,FEASIBLE,WORSE
723,2,6,50,25049,40138,1,FEASIBLE,WORSE
724,2,6,51,25580,40493,1,FEASIBLE,WORSE
725,2,6,52,25572,40902,1,FEASIBLE,WORSE
726,2,6,53,25032,40356,1,FEASIBLE,WORSE
727,2,6,54,26141,41332,0,CAPACITY_EXCEEDED,INVALID
728,2,6,55,26578,41216,0,CAPACITY_EXCEEDED,INVALID
729,2,6,56,26308,41503,0,CAPACITY_EXCEEDED,INVALID
730,2,6,57,26380,41158,0,CAPACITY_EXCEEDED,INVALID
731,2,6,58,25550,40809,1,FEASIBLE,WORSE
732,2,6,59,24845,40153,1,FEASIBLE,WORSE
733,2,6,60,25594,40320,1,FEASIBLE,WORSE
734,2,6,61,26297,41032,0,CAPACITY_EXCEEDED,INVALID
735,2,6,62,24766,40240,1,FEASIBLE,WORSE
736,2,6,63,26586,41037,0,CAPACITY_EXCEEDED,INVALID
737,2,6,64,26572,41352,0,CAPACITY_EXCEEDED,INVALID
738,2,6,65,25226,40114,1,FEASIBLE,WORSE
739,2,6,66,24984,40398,1,FEASIBLE,WORSE
740,2,6,67,26470,41326,0,CAPACITY_EXCEEDED,INVALID
741,2,6,68,25540,40641,1,FEASIBLE,WORSE
742,2,6,69,26622,41409,0,CAPACITY_EXCEEDED,INVALID
743,2,6,70,26587,41146,0,CAPACITY_EXCEEDED,INVALID
744,2,6,71,25237,40019,1,FEASIBLE,WORSE
745,2,6,72,26457,41073,0,CAPACITY_EXCEEDED,INVALID
746,2,6,73,25230,40596,1,FEASIBLE,WORSE
747,2,6,74,25401,40272,1,FEASIBLE,WORSE
748,2,6,75,26391,41417,0,CAPACITY_EXCEEDED,INVALID
749,2,6,76,25614,40038,1,FEASIBLE,WORSE
750,2,6,77,26479,41265,0,CAPACITY_EXCEEDED,INVALID
751,2,6,78,24699,40039,1,FEASIBLE,WORSE
752,2,6,79,25391,40126,1,FEASIBLE,WORSE
753,2,6,80,26618,41690,0,CAPACITY_EXCEEDED,INVALID
754,2,6,81,25594,40129,1,FEASIBLE,WORSE
755,2,6,82,26537,41467,0,CAPACITY_EXCEEDED,INVALID
756,2,6,83,25398,40187,1,FEASIBLE,WORSE
757,2,6,84,24711,40222,1,FEASIBLE,WORSE
758,2,6,85,25247,40502,1,FEASIBLE,WORSE
759,2,6,86,26601,41490,0,CAPACITY_EXCEEDED,INVALID
760,2,6,87,25646,40313,1,FEASIBLE,WORSE
761,2,6,88,25592,40609,1,FEASIBLE,WORSE
762,2,6,89,26495,41105,0,CAPACITY_EXCEEDED,INVALID
763,2,6,90,25039,40272,1,FEASIBLE,WORSE
764,2,6,91,26214,41285,0,CAPACITY_EXCEEDED,INVALID
765,2,6,92,25645,40531,1,FEASIBLE,WORSE
766,2,6,93,25504,40234,1,FEASIBLE,WORSE
767,2,6,94,26049,41192,0,CAPACITY_EXCEEDED,INVALID
768,2,6,95,25731,41041,1,FEASIBLE,WORSE
769,2,6,96,26672,41143,0,CAPACITY_EXCEEDED,INVALID
770,2,6,97,26444,41609,0,CAPACITY_EXCEEDED,INVALID
771,2,6,98,26628,41381,0,CAPACITY_EXCEEDED,INVALID
772,2,6,99,26379,41276,0,CAPACITY_EXCEEDED,INVALID
773,2,7,8,24992,40356,1,FEASIBLE,WORSE
774,2,7,9,25328,39959,1,FEASIBLE,WORSE
775,2,7,10,25093,40457,1,FEASIBLE,WORSE
776,2,7,11,25165,39928,1,FEASIBLE,WORSE
777,2,7,12,24666,40000,1,FEASIBLE,WORSE
778,2,7,13,25147,40315,1,FEASIBLE,WORSE
779,2,7,14,24811,40191,1,FEASIBLE,WORSE
780,2,7,15,26442,41413,0,CAPACITY_EXCEEDED,INVALID
781,2,7,16,26395,40923,0,CAPACITY_EXCEEDED,INVALID
782,2,7,17,25094,40176,1,FEASIBLE,WORSE
783,2,7,18,24867,39924,1,FEASIBLE,WORSE
784,2,7,19,25150,40464,1,FEASIBLE,WORSE
785,2,7,20,25072,39926,1,FEASIBLE,WORSE
786,2,7,21,24983,40044,1,FEASIBLE,WORSE
787,2,7,22,24677,39885,1,FEASIBLE,WORSE
788,2,7,23,26408,41066,0,CAPACITY_EXCEEDED,INVALID
789,2,7,24,25762,40824,1,FEASIBLE,WORSE
790,2,7,25,25464,39929,1,FEASIBLE,WORSE
791,2,7,26,25021,39925,1,FEASIBLE,WORSE
792,2,7,27,25413,40284,1,FEASIBLE,WORSE
793,2,7,28,25440,40636,1,FEASIBLE,WORSE
794,2,7,29,26245,40928,0,CAPACITY_EXCEEDED,INVALID
795,2,7,30,25358,40095,1,FEASIBLE,WORSE
796,2,7,31,26190,41022,0,CAPACITY_EXCEEDED,INVALID
797,2,7,32,25108,39778,1,FEASIBLE,WORSE
798,2,7,33,26410,41319,0,CAPACITY_EXCEEDED,INVALID
799,2,7,34,26325,40931,0,CAPACITY_EXCEEDED,INVALID
800,2,7,35,25408,40074,1,FEASIBLE,WORSE
801,2,7,36,25278,40369,1,FEASIBLE,WORSE
802,2,7,37,24523,39797,1,FEASIBLE,WORSE
803,2,7,38,24857,39820,1,FEASIBLE,WORSE
804,2,7,39,25048,40215,1,FEASIBLE,WORSE
805,2,7,40,24688,40085,1,FEASIBLE,WORSE
806,2,7,41,24657,40032,1,FEASIBLE,WORSE
807,2,7,42,24979,39924,1,FEASIBLE,WORSE
808,2,7,43,25002,39753,1,FEASIBLE,WORSE
809,2,7,44,25572,40759,1,FEASIBLE,WORSE
810,2,7,45,25109,40368,1,FEASIBLE,WORSE
811,2,7,46,25326,40128,1,FEASIBLE,WORSE
812,2,7,47,26097,41035,0,CAPACITY_EXCEEDED,INVALID
813,2,7,48,24864,40140,1,FEASIBLE,WORSE
814,2,7,49,25616,40820,1,FEASIBLE,WORSE
815,2,7,50,24842,39849,1,FEASIBLE,WORSE
816,2,7,51,25373,40204,1,FEASIBLE,WORSE
817,2,7,52,25365,40613,1,FEASIBLE,WORSE
818,2,7,53,24825,40067,1,FEASIBLE,WORSE
819,2,7,54,25934,41043,1,FEASIBLE,WORSE
820,2,7,55,26371,40927,0,CAPACITY_EXCEEDED,INVALID
821,2,7,56,26101,41214,0,CAPACITY_EXCEEDED,INVALID
822,2,7,57,26173,40869,0,CAPACITY_EXCEEDED,INVALID
823,2,7,58,25343,40520,1,FEASIBLE,WORSE
824,2,7,59,24638,39864,1,FEASIBLE,WORSE
825,2,7,60,25387,40031,1,FEASIBLE,WORSE
826,2,7,61,26090,40743,0,CAPACITY_EXCEEDED,INVALID
827,2,7,62,24559,39951,1,FEASIBLE,WORSE
828,2,7,63,26379,40748,0,CAPACITY_EXCEEDED,INVALID
829,2,7,64,26365,41063,0,CAPACITY_EXCEEDED,INVALID
830,2,7,65,25019,39825,1,FEASIBLE,WORSE
831,2,7,66,24777,40109,1,FEASIBLE,WORSE
832,2,7,67,26263,41037,0,CAPACITY_EXCEEDED,INVALID
833,2,7,68,25333,40352,1,FEASIBLE,WORSE
834,2,7,69,26415,41120,0,CAPACITY_EXCEEDED,INVALID
835,2,7,70,26380,40857,0,CAPACITY_EXCEEDED,INVALID
836,2,7,71,25030,39730,1,FEASIBLE,WORSE
837,2,7,72,26250,40784,0,CAPACITY_EXCEEDED,INVALID
838,2,7,73,25023,40307,1,FEASIBLE,WORSE
839,2,7,74,25194,39983,1,FEASIBLE,WORSE
840,2,7,75,26184,41128,0,CAPACITY_EXCEEDED,INVALID
841,2,7,76,25407,39749,1,FEASIBLE,WORSE
842,2,7,77,26272,40976,0,CAPACITY_EXCEEDED,INVALID
843,2,7,78,24492,39750,1,FEASIBLE,WORSE
844,2,7,79,25184,39837,1,FEASIBLE,WORSE
845,2,7,80,26411,41401,0,CAPACITY_EXCEEDED,INVALID
846,2,7,81,25387,39840,1,FEASIBLE,WORSE
847,2,7,82,26330,41178,0,CAPACITY_EXCEEDED,INVALID
848,2,7,83,25191,39898,1,FEASIBLE,WORSE
849,2,7,84,24504,39933,1,FEASIBLE,WORSE
850,2,7,85,25040,40213,1,FEASIBLE,WORSE
851,2,7,86,26394,41201,0,CAPACITY_EXCEEDED,INVALID
852,2,7,87,25439,40024,1,FEASIBLE,WORSE
853,2,7,88,25385,40320,1,FEASIBLE,WORSE
854,2,7,89,26288,40816,0,CAPACITY_EXCEEDED,INVALID
855,2,7,90,24832,39983,1,FEASIBLE,WORSE
856,2,7,91,26007,40996,0,CAPACITY_EXCEEDED,INVALID
857,2,7,92,25438,40242,1,FEASIBLE,WORSE
858,2,7,93,25297,39945,1,FEASIBLE,WORSE
859,2,7,94,25842,40903,1,FEASIBLE,WORSE
860,2,7,95,25524,40752,1,FEASIBLE,WORSE
861,2,7,96,26465,40854,0,CAPACITY_EXCEEDED,INVALID
862,2,7,97,26237,41320,0,CAPACITY_EXCEEDED,INVALID
863,2,7,98,26421,41092,0,CAPACITY_EXCEEDED,INVALID
864,2,7,99,26172,40987,0,CAPACITY_EXCEEDED,INVALID
865,2,8,9,25324,40345,1,FEASIBLE,WORSE
866,2,8,10,25089,40843,1,FEASIBLE,WORSE
867,2,8,11,25161,40314,1,FEASIBLE,WORSE
868,2,8,12,24662,40386,1,FEASIBLE,WORSE
869,2,8,13,25143,40701,1,FEASIBLE,WORSE
870,2,8,14,24807,40577,1,FEASIBLE,WORSE
871,2,8,15,26438,41799,0,CAPACITY_EXCEEDED,INVALID
872,2,8,16,26391,41309,0,CAPACITY_EXCEEDED,INVALID
873,2,8,17,25090,40562,1,FEASIBLE,WORSE
874,2,8,18,24863,40310,1,FEASIBLE,WORSE
875,2,8,19,25146,40850,1,FEASIBLE,WORSE
876,2,8,20,25068,40312,1,FEASIBLE,WORSE
877,2,8,21,24979,40430,1,FEASIBLE,WORSE
878,2,8,22,24673,40271,1,FEASIBLE,WORSE
879,2,8,23,26404,41452,0,CAPACITY_EXCEEDED,INVALID
880,2,8,24,25758,41210,1,FEASIBLE,WORSE
881,2,8,25,25460,40315,1,FEASIBLE,WORSE
882,2,8,26,25017,40311,1,FEASIBLE,WORSE
883,2,8,27,25409,40670,1,FEASIBLE,WORSE
884,2,8,28,25436,41022,1,FEASIBLE,WORSE
885,2,8,29,26241,41314,0,CAPACITY_EXCEEDED,INVALID
886,2,8,30,25354,40481,1,FEASIBLE,WORSE
887,2,8,31,26186,41408,0,CAPACITY_EXCEEDED,INVALID
888,2,8,32,25104,40164,1,FEASIBLE,WORSE
889,2,8,33,26406,41705,0,CAPACITY_EXCEEDED,INVALID
890,2,8,34,26321,41317,0,CAPACITY_EXCEEDED,INVALID
891,2,8,35,25404,40460,1,FEASIBLE,WORSE
892,2,8,36,25274,40755,1,FEASIBLE,WORSE
893,2,8,37,24519,40183,1,FEASIBLE,WORSE
894,2,8,38,24853,40206,1,FEASIBLE,WORSE
895,2,8,39,25044,40601,1,FEASIBLE,WORSE
896,2,8,40,24684,40471,1,FEASIBLE,WORSE
897,2,8,41,24653,40418,1,FEASIBLE,WORSE
898,2,8,42,24975,40310,1,FEASIBLE,WORSE
899,2,8,43,24998,40139,1,FEASIBLE,WORSE
900,2,8,44,25568,41145,1,FEASIBLE,WORSE
901,2,8,45,25105,40754,1,FEASIBLE,WORSE
902,2,8,46,25322,40514,1,FEASIBLE,WORSE
903,2,8,47,26093,41421,0,CAPACITY_EXCEEDED,INVALID
904,2,8,48,24860,40526,1,FEASIBLE,WORSE
905,2,8,49,25612,41206,1,FEASIBLE,WORSE
906,2,8,50,24838,40235,1,FEASIBLE,WORSE
907,2,8,51,25369,40590,1,FEASIBLE,WORSE
908,2,8,52,25361,40999,1,FEASIBLE,WORSE
909,2,8,53,24821,40453,1,FEASIBLE,WORSE
910,2,8,54,25930,41429,1,FEASIBLE,WORSE
911,2,8,55,26367,41313,0,CAPACITY_EXCEEDED,INVALID
912,2,8,56,26097,41600,0,CAPACITY_EXCEEDED,INVALID
913,2,8,57,26169,41255,0,CAPACITY_EXCEEDED,INVALID
914,2,8,58,25339,40906,1,FEASIBLE,WORSE
915,2,8,59,24634,40250,1,FEASIBLE,WORSE
916,2,8,60,25383,40417,1,FEASIBLE,WORSE
917,2,8,61,26086,41129,0,CAPACITY_EXCEEDED,INVALID
918,2,8,62,24555,40337,1,FEASIBLE,WORSE
919,2,8,63,26375,41134,0,CAPACITY_EXCEEDED,INVALID
920,2,8,64,26361,41449,0,CAPACITY_EXCEEDED,INVALID
921,2,8,65,25015,40211,1,FEASIBLE,WORSE
922,2,8,66,24773,40495,1,FEASIBLE,WORSE
923,2,8,67,26259,41423,0,CAPACITY_EXCEEDED,INVALID
924,2,8,68,25329,40738,1,FEASIBLE,WORSE
925,2,8,69,26411,41506,0,CAPACITY_EXCEEDED,INVALID
926,2,8,70,26376,41243,0,CAPACITY_EXCEEDED,INVALID
927,2,8,71,25026,40116,1,FEASIBLE,WORSE
928,2,8,72,26246,41170,0,CAPACITY_EXCEEDED,INVALID
929,2,8,73,25019,40693,1,FEASIBLE,WORSE
930,2,8,74,25190,40369,1,FEASIBLE,WORSE
931,2,8,75,26180,41514,0,CAPACITY_EXCEEDED,INVALID
932,2,8,76,25403,40135,1,FEASIBLE,WORSE
933,2,8,77,26268,41362,0,CAPACITY_EXCEEDED,INVALID
934,2,8,78,24488,40136,1,FEASIBLE,WORSE
935,2,8,79,25180,40223,1,FEASIBLE,WORSE
936,2,8,80,26407,41787,0,CAPACITY_EXCEEDED,INVALID
937,2,8,81,25383,40226,1,FEASIBLE,WORSE
938,2,8,82,26326,41564,0,CAPACITY_EXCEEDED,INVALID
939,2,8,83,25187,40284,1,FEASIBLE,WORSE
940,2,8,84,24500,40319,1,FEASIBLE,WORSE
941,2,8,85,25036,40599,1,FEASIBLE,WORSE
942,2,8,86,26390,41587,0,CAPACITY_EXCEEDED,INVALID
943,2,8,87,25435,40410,1,FEASIBLE,WORSE
944,2,8,88,25381,40706,1,FEASIBLE,WORSE
945,2,8,89,26284,41202,0,CAPACITY_EXCEEDED,INVALID
946,2,8,90,24828,40369,1,FEASIBLE,WORSE
947,2,8,91,26003,41382,0,CAPACITY_EXCEEDED,INVALID
948,2,8,92,25434,40628,1,FEASIBLE,WORSE
949,2,8,93,25293,40331,1,FEASIBLE,WORSE
950,2,8,94,25838,41289,1,FEASIBLE,WORSE
951,2,8,95,25520,41138,1,FEASIBLE,WORSE
952,2,8,96,26461,41240,0,CAPACITY_EXCEEDED,INVALID
953,2,8,97,26233,41706,0,CAPACITY_EXCEEDED,INVALID
954,2,8,98,26417,41478,0,CAPACITY_EXCEEDED,INVALID
955,2,8,99,26168,41373,0,CAPACITY_EXCEEDED,INVALID
956,2,9,10,25425,40446,1,FEASIBLE,WORSE
957,2,9,11,25497,39917,1,FEASIBLE,WORSE
958,2,9,12,24998,39989,1,FEASIBLE,WORSE
959,2,9,13,25479,40304,1,FEASIBLE,WORSE
960,2,9,14,25143,40180,1,FEASIBLE,WORSE
961,2,9,15,26774,41402,0,CAPACITY_EXCEEDED,INVALID
962,2,9,16,26727,40912,0,CAPACITY_EXCEEDED,INVALID
963,2,9,17,25426,40165,1,FEASIBLE,WORSE
964,2,9,18,25199,39913,1,FEASIBLE,WORSE
965,2,9,19,25482,40453,1,FEASIBLE,WORSE
966,2,9,20,25404,39915,1,FEASIBLE,WORSE
967,2,9,21,25315,40033,1,FEASIBLE,WORSE
968,2,9,22,25009,39874,1,FEASIBLE,WORSE
969,2,9,23,26740,41055,0,CAPACITY_EXCEEDED,INVALID
970,2,9,24,26094,40813,0,CAPACITY_EXCEEDED,INVALID
971,2,9,25,25796,39918,1,FEASIBLE,WORSE
972,2,9,26,25353,39914,1,FEASIBLE,WORSE
973,2,9,27,25745,40273,1,FEASIBLE,WORSE
974,2,9,28,25772,40625,1,FEASIBLE,WORSE
975,2,9,29,26577,40917,0,CAPACITY_EXCEEDED,INVALID
976,2,9,30,25690,40084,1,FEASIBLE,WORSE
977,2,9,31,26522,41011,0,CAPACITY_EXCEEDED,INVALID
978,2,9,32,25440,39767,1,FEASIBLE,WORSE
979,2,9,33,26742,41308,0,CAPACITY_EXCEEDED,INVALID
980,2,9,34,26657,40920,0,CAPACITY_EXCEEDED,INVALID
981,2,9,35,25740,40063,1,FEASIBLE,WORSE
982,2,9,36,25610,40358,1,FEASIBLE,WORSE
983,2,9,37,24855,39786,1,FEASIBLE,WORSE
984,2,9,38,25189,39809,1,FEASIBLE,WORSE
985,2,9,39,25380,40204,1,FEASIBLE,WORSE
986,2,9,40,25020,40074,1,FEASIBLE,WORSE
987,2,9,41,24989,40021,1,FEASIBLE,WORSE
988,2,9,42,25311,39913,1,FEASIBLE,WORSE
989,2,9,43,25334,39742,1,FEASIBLE,WORSE
990,2,9,44,25904,40748,1,FEASIBLE,WORSE
991,2,9,45,25441,40357,1,FEASIBLE,WORSE
992,2,9,46,25658,40117,1,FEASIBLE,WORSE
993,2,9,47,26429,41024,0,CAPACITY_EXCEEDED,INVALID
994,2,9,48,25196,40129,1,FEASIBLE,WORSE
995,2,9,49,25948,40809,1,FEASIBLE,WORSE
996,2,9,50,25174,39838,1,FEASIBLE,WORSE
997,2,9,51,25705,40193,1,FEASIBLE,WORSE
998,2,9,52,25697,40602,1,FEASIBLE,WORSE
999,2,9,53,25157,40056,1,FEASIBLE,WORSE
1000,2,9,54,26266,41032,0,CAPACITY_EXCEEDED,INVALID
1001,2,9,55,26703,40916,0,CAPACITY_EXCEEDED,INVALID
1002,2,9,56,26433,41203,0,CAPACITY_EXCEEDED,INVALID
1003,2,9,57,26505,40858,0,CAPACITY_EXCEEDED,INVALID
1004,2,9,58,25675,40509,1,FEASIBLE,WORSE
1005,2,9,59,24970,39853,1,FEASIBLE,WORSE
1006,2,9,60,25719,40020,1,FEASIBLE,WORSE
1007,2,9,61,26422,40732,0,CAPACITY_EXCEEDED,INVALID
1008,2,9,62,24891,39940,1,FEASIBLE,WORSE
1009,2,9,63,26711,40737,0,CAPACITY_EXCEEDED,INVALID
1010,2,9,64,26697,41052,0,CAPACITY_EXCEEDED,INVALID
1011,2,9,65,25351,39814,1,FEASIBLE,WORSE
1012,2,9,66,25109,40098,1,FEASIBLE,WORSE
1013,2,9,67,26595,41026,0,CAPACITY_EXCEEDED,INVALID
1014,2,9,68,25665,40341,1,FEASIBLE,WORSE
1015,2,9,69,26747,41109,0,CAPACITY_EXCEEDED,INVALID
1016,2,9,70,26712,40846,0,CAPACITY_EXCEEDED,INVALID
1017,2,9,71,25362,39719,1,FEASIBLE,WORSE
1018,2,9,72,26582,40773,0,CAPACITY_EXCEEDED,INVALID
1019,2,9,73,25355,40296,1,FEASIBLE,WORSE
1020,2,9,74,25526,39972,1,FEASIBLE,WORSE
1021,2,9,75,26516,41117,0,CAPACITY_EXCEEDED,INVALID
1022,2,9,76,25739,39738,1,FEASIBLE,WORSE
1023,2,9,77,26604,40965,0,CAPACITY_EXCEEDED,INVALID
1024,2,9,78,24824,39739,1,FEASIBLE,WORSE
1025,2,9,79,25516,39826,1,FEASIBLE,WORSE
1026,2,9,80,26743,41390,0,CAPACITY_EXCEEDED,INVALID
1027,2,9,81,25719,39829,1,FEASIBLE,WORSE
1028,2,9,82,26662,41167,0,CAPACITY_EXCEEDED,INVALID
1029,2,9,83,25523,39887,1,FEASIBLE,WORSE
1030,2,9,84,24836,39922,1,FEASIBLE,WORSE
1031,2,9,85,25372,40202,1,FEASIBLE,WORSE
1032,2,9,86,26726,41190,0,CAPACITY_EXCEEDED,INVALID
1033,2,9,87,25771,40013,1,FEASIBLE,WORSE
1034,2,9,88,25717,40309,1,FEASIBLE,WORSE
1035,2,9,89,26620,40805,0,CAPACITY_EXCEEDED,INVALID
1036,2,9,90,25164,39972,1,FEASIBLE,WORSE
1037,2,9,91,26339,40985,0,CAPACITY_EXCEEDED,INVALID
1038,2,9,92,25770,40231,1,FEASIBLE,WORSE
1039,2,9,93,25629,39934,1,FEASIBLE,WORSE
1040,2,9,94,26174,40892,0,CAPACITY_EXCEEDED,INVALID
1041,2,9,95,25856,40741,1,FEASIBLE,WORSE
1042,2,9,96,26797,40843,0,CAPACITY_EXCEEDED,INVALID
1043,2,9,97,26569,41309,0,CAPACITY_EXCEEDED,INVALID
1044,2,9,98,26753,41081,0,CAPACITY_EXCEEDED,INVALID
1045,2,9,99,26504,40976,0,CAPACITY_EXCEEDED,INVALID
1046,2,10,11,25262,40415,1,FEASIBLE,WORSE
1047,2,10,12,24763,40487,1,FEASIBLE,WORSE
1048,2,10,13,25244,40802,1,FEASIBLE,WORSE
1049,2,10,14,24908,40678,1,FEASIBLE,WORSE
1050,2,10,15,26539,41900,0,CAPACITY_EXCEEDED,INVALID
1051,2,10,16,26492,41410,0,CAPACITY_EXCEEDED,INVALID
1052,2,10,17,25191,40663,1,FEASIBLE,WORSE
1053,2,10,18,24964,40411,1,FEASIBLE,WORSE
1054,2,10,19,25247,40951,1,FEASIBLE,WORSE
1055,2,10,20,25169,40413,1,FEASIBLE,WORSE
1056,2,10,21,25080,40531,1,FEASIBLE,WORSE
1057,2,10,22,24774,40372,1,FEASIBLE,WORSE
1058,2,10,23,26505,41553,0,CAPACITY_EXCEEDED,INVALID
1059,2,10,24,25859,41311,1,FEASIBLE,WORSE
1060,2,10,25,25561,40416,1,FEASIBLE,WORSE
1061,2,10,26,25118,40412,1,FEASIBLE,WORSE
1062,2,10,27,25510,40771,1,FEASIBLE,WORSE
1063,2,10,28,25537,41123,1,FEASIBLE,WORSE
1064,2,10,29,26342,41415,0,CAPACITY_EXCEEDED,INVALID
1065,2,10,30,25455,40582,1,FEASIBLE,WORSE
1066,2,10,31,26287,41509,0,CAPACITY_EXCEEDED,INVALID
1067,2,10,32,25205,40265,1,FEASIBLE,WORSE
1068,2,10,33,26507,41806,0,CAPACITY_EXCEEDED,INVALID
1069,2,10,34,26422,41418,0,CAPACITY_EXCEEDED,INVALID
1070,2,10,35,25505,40561,1,FEASIBLE,WORSE
1071,2,10,36,25375,40856,1,FEASIBLE,WORSE
1072,2,10,37,24620,40284,1,FEASIBLE,WORSE
1073,2,10,38,24954,40307,1,FEASIBLE,WORSE
1074,2,10,39,25145,40702,1,FEASIBLE,WORSE
1075,2,10,40,24785,40572,1,FEASIBLE,WORSE
1076,2,10,41,24754,40519,1,FEASIBLE,WORSE
1077,2,10,42,25076,40411,1,FEASIBLE,WORSE
1078,2,10,43,25099,40240,1,FEASIBLE,WORSE
1079,2,10,44,25669,41246,1,FEASIBLE,WORSE
1080,2,10,45,25206,40855,1,FEASIBLE,WORSE
1081,2,10,46,25423,40615,1,FEASIBLE,WORSE
1082,2,10,47,26194,41522,0,CAPACITY_EXCEEDED,INVALID
1083,2,10,48,24961,40627,1,FEASIBLE,WORSE
1084,2,10,49,25713,41307,1,FEASIBLE,WORSE
1085,2,10,50,24939,40336,1,FEASIBLE,WORSE
1086,2,10,51,25470,40691,1,FEASIBLE,WORSE
1087,2,10,52,25462,41100,1,FEASIBLE,WORSE
1088,2,10,53,24922,40554,1,FEASIBLE,WORSE
1089,2,10,54,26031,41530,0,CAPACITY_EXCEEDED,INVALID
1090,2,10,55,26468,41414,0,CAPACITY_EXCEEDED,INVALID
1091,2,10,56,26198,41701,0,CAPACITY_EXCEEDED,INVALID
1092,2,10,57,26270,41356,0,CAPACITY_EXCEEDED,INVALID
1093,2,10,58,25440,41007,1,FEASIBLE,WORSE
1094,2,10,59,24735,40351,1,FEASIBLE,WORSE
1095,2,10,60,25484,40518,1,FEASIBLE,WORSE
1096,2,10,61,26187,41230,0,CAPACITY_EXCEEDED,INVALID
1097,2,10,62,24656,40438,1,FEASIBLE,WORSE
1098,2,10,63,26476,41235,0,CAPACITY_EXCEEDED,INVALID
1099,2,10,64,26462,41550,0,CAPACITY_EXCEEDED,INVALID
1100,2,10,65,25116,40312,1,FEASIBLE,WORSE
1101,2,10,66,24874,40596,1,FEASIBLE,WORSE
1102,2,10,67,26360,41524,0,CAPACITY_EXCEEDED,INVALID
1103,2,10,68,25430,40839,1,FEASIBLE,WORSE
1104,2,10,69,26512,41607,0,CAPACITY_EXCEEDED,INVALID
1105,2,10,70,26477,41344,0,CAPACITY_EXCEEDED,INVALID
1106,2,10,71,25127,40217,1,FEASIBLE,WORSE
1107,2,10,72,26347,41271,0,CAPACITY_EXCEEDED,INVALID
1108,2,10,73,25120,40794,1,FEASIBLE,WORSE
1109,2,10,74,25291,40470,1,FEASIBLE,WORSE
1110,2,10,75,26281,41615,0,CAPACITY_EXCEEDED,INVALID
1111,2,10,76,25504,40236,1,FEASIBLE,WORSE
1112,2,10,77,26369,41463,0,CAPACITY_EXCEEDED,INVALID
1113,2,10,78,24589,40237,1,FEASIBLE,WORSE
1114,2,10,79,25281,40324,1,FEASIBLE,WORSE
1115,2,10,80,26508,41888,0,CAPACITY_EXCEEDED,INVALID
1116,2,10,81,25484,40327,1,FEASIBLE,WORSE
1117,2,10,82,26427,41665,0,CAPACITY_EXCEEDED,INVALID
1118,2,10,83,25288,40385,1,FEASIBLE,WORSE
1119,2,10,84,24601,40420,1,FEASIBLE,WORSE
1120,2,10,85,25137,40700,1,FEASIBLE,WORSE
1121,2,10,86,26491,41688,0,CAPACITY_EXCEEDED,INVALID
1122,2,10,87,25536,40511,1,FEASIBLE,WORSE
1123,2,10,88,25482,40807,1,FEASIBLE,WORSE
1124,2,10,89,26385,41303,0,CAPACITY_EXCEEDED,INVALID
1125,2,10,90,24929,40470,1,FEASIBLE,WORSE
1126,2,10,91,26104,41483,0,CAPACITY_EXCEEDED,INVALID
1127,2,10,92,25535,40729,1,FEASIBLE,WORSE
1128,2,10,93,25394,40432,1,FEASIBLE,WORSE
1129,2,10,94,25939,41390,1,FEASIBLE,WORSE
1130,2,10,95,25621,41239,1,FEASIBLE,WORSE
1131,2,10,96,26562,41341,0,CAPACITY_EXCEEDED,INVALID
1132,2,10,97,26334,41807,0,CAPACITY_EXCEEDED,INVALID
1133,2,10,98,26518,41579,0,CAPACITY_EXCEEDED,INVALID
1134,2,10,99,26269,41474,0,CAPACITY_EXCEEDED,INVALID
1135,2,11,12,24835,39958,1,FEASIBLE,WORSE
1136,2,11,13,25316,40273,1,FEASIBLE,WORSE
1137,2,11,14,24980,40149,1,FEASIBLE,WORSE
1138,2,11,15,26611,41371,0,CAPACITY_EXCEEDED,INVALID
1139,2,11,16,26564,40881,0,CAPACITY_EXCEEDED,INVALID
1140,2,11,17,25263,40134,1,FEASIBLE,WORSE
1141,2,11,18,25036,39882,1,FEASIBLE,WORSE
1142,2,11,19,25319,40422,1,FEASIBLE,WORSE
1143,2,11,20,25241,39884,1,FEASIBLE,WORSE
1144,2,11,21,25152,40002,1,FEASIBLE,WORSE
1145,2,11,22,24846,39843,1,FEASIBLE,WORSE
1146,2,11,23,26577,41024,0,CAPACITY_EXCEEDED,INVALID
1147,2,11,24,25931,40782,1,FEASIBLE,WORSE
1148,2,11,25,25633,39887,1,FEASIBLE,WORSE
1149,2,11,26,25190,39883,1,FEASIBLE,WORSE
1150,2,11,27,25582,40242,1,FEASIBLE,WORSE
1151,2,11,28,25609,40594,1,FEASIBLE,WORSE
1152,2,11,29,26414,40886,0,CAPACITY_EXCEEDED,INVALID
1153,2,11,30,25527,40053,1,FEASIBLE,WORSE
1154,2,11,31,26359,40980,0,CAPACITY_EXCEEDED,INVALID
1155,2,11,32,25277,39736,1,FEASIBLE,WORSE
1156,2,11,33,26579,41277,0,CAPACITY_EXCEEDED,INVALID
1157,2,11,34,26494,40889,0,CAPACITY_EXCEEDED,INVALID
1158,2,11,35,25577,40032,1,FEASIBLE,WORSE
1159,2,11,36,25447,40327,1,FEASIBLE,WORSE
1160,2,11,37,24692,39755,1,FEASIBLE,WORSE
1161,2,11,38,25026,39778,1,FEASIBLE,WORSE
1162,2,11,39,25217,40173,1,FEASIBLE,WORSE
1163,2,11,40,24857,40043,1,FEASIBLE,WORSE
1164,2,11,41,24826,39990,1,FEASIBLE,WORSE
1165,2,11,42,25148,39882,1,FEASIBLE,WORSE
1166,2,11,43,25171,39711,1,FEASIBLE,WORSE
1167,2,11,44,25741,40717,1,FEASIBLE,WORSE
1168,2,11,45,25278,40326,1,FEASIBLE,WORSE
1169,2,11,46,25495,40086,1,FEASIBLE,WORSE
1170,2,11,47,26266,40993,0,CAPACITY_EXCEEDED,INVALID
1171,2,11,48,25033,40098,1,FEASIBLE,WORSE
1172,2,11,49,25785,40778,1,FEASIBLE,WORSE
1173,2,11,50,25011,39807,1,FEASIBLE,WORSE
1174,2,11,51,25542,40162,1,FEASIBLE,WORSE
1175,2,11,52,25534,40571,1,FEASIBLE,WORSE
1176,2,11,53,24994,40025,1,FEASIBLE,WORSE
1177,2,11,54,26103,41001,0,CAPACITY_EXCEEDED,INVALID
1178,2,11,55,26540,40885,0,CAPACITY_EXCEEDED,INVALID
1179,2,11,56,26270,41172,0,CAPACITY_EXCEEDED,INVALID
1180,2,11,57,26342,40827,0,CAPACITY_EXCEEDED,INVALID
1181,2,11,58,25512,40478,1,FEASIBLE,WORSE
1182,2,11,59,24807,39822,1,FEASIBLE,WORSE
1183,2,11,60,25556,39989,1,FEASIBLE,WORSE
1184,2,11,61,26259,40701,0,CAPACITY_EXCEEDED,INVALID
1185,2,11,62,24728,39909,1,FEASIBLE,WORSE
1186,2,11,63,26548,40706,0,CAPACITY_EXCEEDED,INVALID
1187,2,11,64,26534,41021,0,CAPACITY_EXCEEDED,INVALID
1188,2,11,65,25188,39783,1,FEASIBLE,WORSE
1189,2,11,66,24946,40067,1,FEASIBLE,WORSE
1190,2,11,67,26432,40995,0,CAPACITY_EXCEEDED,INVALID
1191,2,11,68,25502,40310,1,FEASIBLE,WORSE
1192,2,11,69,26584,41078,0,CAPACITY_EXCEEDED,INVALID
1193,2,11,70,26549,40815,0,CAPACITY_EXCEEDED,INVALID
1194,2,11,71,25199,39688,1,FEASIBLE,WORSE
1195,2,11,72,26419,40742,0,CAPACITY_EXCEEDED,INVALID
1196,2,11,73,25192,40265,1,FEASIBLE,WORSE
1197,2,11,74,25363,39941,1,FEASIBLE,WORSE
1198,2,11,75,26353,41086,0,CAPACITY_EXCEEDED,INVALID
1199,2,11,76,25576,39707,1,FEASIBLE,WORSE
1200,2,11,77,26441,40934,0,CAPACITY_EXCEEDED,INVALID
1201,2,11,78,24661,39708,1,FEASIBLE,WORSE
1202,2,11,79,25353,39795,1,FEASIBLE,WORSE
1203,2,11,80,26580,41359,0,CAPACITY_EXCEEDED,INVALID
1204,2,11,81,25556,39798,1,FEASIBLE,WORSE
1205,2,11,82,26499,41136,0,CAPACITY_EXCEEDED,INVALID
1206,2,11,83,25360,39856,1,FEASIBLE,WORSE
1207,2,11,84,24673,39891,1,FEASIBLE,WORSE
1208,2,11,85,25209,40171,1,FEASIBLE,WORSE
1209,2,11,86,26563,41159,0,CAPACITY_EXCEEDED,INVALID
1210,2,11,87,25608,39982,1,FEASIBLE,WORSE
1211,2,11,88,25554,40278,1,FEASIBLE,WORSE
1212,2,11,89,26457,40774,0,CAPACITY_EXCEEDED,INVALID
1213,2,11,90,25001,39941,1,FEASIBLE,WORSE
1214,2,11,91,26176,40954,0,CAPACITY_EXCEEDED,INVALID
1215,2,11,92,25607,40200,1,FEASIBLE,WORSE
1216,2,11,93,25466,39903,1,FEASIBLE,WORSE
1217,2,11,94,26011,40861,0,CAPACITY_EXCEEDED,INVALID
1218,2,11,95,25693,40710,1,FEASIBLE,WORSE
1219,2,11,96,26634,40812,0,CAPACITY_EXCEEDED,INVALID
1220,2,11,97,26406,41278,0,CAPACITY_EXCEEDED,INVALID
1221,2,11,98,26590,41050,0,CAPACITY_EXCEEDED,INVALID
1222,2,11,99,26341,40945,0,CAPACITY_EXCEEDED,INVALID
1223,2,12,13,24817,40345,1,FEASIBLE,WORSE
1224,2,12,14,24481,40221,1,FEASIBLE,WORSE
1225,2,12,15,26112,41443,0,CAPACITY_EXCEEDED,INVALID
1226,2,12,16,26065,40953,0,CAPACITY_EXCEEDED,INVALID
1227,2,12,17,24764,40206,1,FEASIBLE,WORSE
1228,2,12,18,24537,39954,1,FEASIBLE,WORSE
1229,2,12,19,24820,40494,1,FEASIBLE,WORSE
1230,2,12,20,24742,39956,1,FEASIBLE,WORSE
1231,2,12,21,24653,40074,1,FEASIBLE,WORSE
1232,2,12,22,24347,39915,1,FEASIBLE,WORSE
1233,2,12,23,26078,41096,0,CAPACITY_EXCEEDED,INVALID
1234,2,12,24,25432,40854,1,FEASIBLE,WORSE
1235,2,12,25,25134,39959,1,FEASIBLE,WORSE
1236,2,12,26,24691,39955,1,FEASIBLE,WORSE
1237,2,12,27,25083,40314,1,FEASIBLE,WORSE
1238,2,12,28,25110,40666,1,FEASIBLE,WORSE
1239,2,12,29,25915,40958,1,FEASIBLE,WORSE
1240,2,12,30,25028,40125,1,FEASIBLE,WORSE
1241,2,12,31,25860,41052,1,FEASIBLE,WORSE
1242,2,12,32,24778,39808,1,FEASIBLE,WORSE
1243,2,12,33,26080,41349,0,CAPACITY_EXCEEDED,INVALID
1244,2,12,34,25995,40961,0,CAPACITY_EXCEEDED,INVALID
1245,2,12,35,25078,40104,1,FEASIBLE,WORSE
1246,2,12,36,24948,40399,1,FEASIBLE,WORSE
1247,2,12,37,24193,39827,1,FEASIBLE,WORSE
1248,2,12,38,24527,39850,1,FEASIBLE,WORSE
1249,2,12,39,24718,40245,1,FEASIBLE,WORSE
1250,2,12,40,24358,40115,1,FEASIBLE,WORSE
1251,2,12,41,24327,40062,1,FEASIBLE,WORSE
1252,2,12,42,24649,39954,1,FEASIBLE,WORSE
1253,2,12,43,24672,39783,1,FEASIBLE,WORSE
1254,2,12,44,25242,40789,1,FEASIBLE,WORSE
1255,2,12,45,24779,40398,1,FEASIBLE,WORSE
1256,2,12,46,24996,40158,1,FEASIBLE,WORSE
1257,2,12,47,25767,41065,1,FEASIBLE,WORSE
1258,2,12,48,24534,40170,1,FEASIBLE,WORSE
1259,2,12,49,25286,40850,1,FEASIBLE,WORSE
1260,2,12,50,24512,39879,1,FEASIBLE,WORSE
1261,2,12,51,25043,40234,1,FEASIBLE,WORSE
1262,2,12,52,25035,40643,1,FEASIBLE,WORSE
1263,2,12,53,24495,40097,1,FEASIBLE,WORSE
1264,2,12,54,25604,41073,1,FEASIBLE,WORSE
1265,2,12,55,26041,40957,0,CAPACITY_EXCEEDED,INVALID
1266,2,12,56,25771,41244,1,FEASIBLE,WORSE
1267,2,12,57,25843,40899,1,FEASIBLE,WORSE
1268,2,12,58,25013,40550,1,FEASIBLE,WORSE
1269,2,12,59,24308,39894,1,FEASIBLE,WORSE
1270,2,12,60,25057,40061,1,FEASIBLE,WORSE
1271,2,12,61,25760,40773,1,FEASIBLE,WORSE
1272,2,12,62,24229,39981,1,FEASIBLE,WORSE
1273,2,12,63,26049,40778,0,CAPACITY_EXCEEDED,INVALID
1274,2,12,64,26035,41093,0,CAPACITY_EXCEEDED,INVALID
1275,2,12,65,24689,39855,1,FEASIBLE,WORSE
1276,2,12,66,24447,40139,1,FEASIBLE,WORSE
1277,2,12,67,25933,41067,1,FEASIBLE,WORSE
1278,2,12,68,25003,40382,1,FEASIBLE,WORSE
1279,2,12,69,26085,41150,0,CAPACITY_EXCEEDED,INVALID
1280,2,12,70,26050,40887,0,CAPACITY_EXCEEDED,INVALID
1281,2,12,71,24700,39760,1,FEASIBLE,WORSE
1282,2,12,72,25920,40814,1,FEASIBLE,WORSE
1283,2,12,73,24693,40337,1,FEASIBLE,WORSE
1284,2,12,74,24864,40013,1,FEASIBLE,WORSE
1285,2,12,75,25854,41158,1,FEASIBLE,WORSE
1286,2,12,76,25077,39779,1,FEASIBLE,WORSE
1287,2,12,77,25942,41006,1,FEASIBLE,WORSE
1288,2,12,78,24162,39780,1,FEASIBLE,WORSE
1289,2,12,79,24854,39867,1,FEASIBLE,WORSE
1290,2,12,80,26081,41431,0,CAPACITY_EXCEEDED,INVALID
1291,2,12,81,25057,39870,1,FEASIBLE,WORSE
1292,2,12,82,26000,41208,0,CAPACITY_EXCEEDED,INVALID
1293,2,12,83,24861,39928,1,FEASIBLE,WORSE
1294,2,12,84,24174,39963,1,FEASIBLE,WORSE
1295,2,12,85,24710,40243,1,FEASIBLE,WORSE
1296,2,12,86,26064,41231,0,CAPACITY_EXCEEDED,INVALID
1297,2,12,87,25109,40054,1,FEASIBLE,WORSE
1298,2,12,88,25055,40350,1,FEASIBLE,WORSE
1299,2,12,89,25958,40846,1,FEASIBLE,WORSE
1300,2,12,90,24502,40013,1,FEASIBLE,WORSE
1301,2,12,91,25677,41026,1,FEASIBLE,WORSE
1302,2,12,92,25108,40272,1,FEASIBLE,WORSE
1303,2,12,93,24967,39975,1,FEASIBLE,WORSE
1304,2,12,94,25512,40933,1,FEASIBLE,WORSE
1305,2,12,95,25194,40782,1,FEASIBLE,WORSE
1306,2,12,96,26135,40884,0,CAPACITY_EXCEEDED,INVALID
1307,2,12,97,25907,41350,1,FEASIBLE,WORSE
1308,2,12,98,26091,41122,0,CAPACITY_EXCEEDED,INVALID
1309,2,12,99,25842,41017,1,FEASIBLE,WORSE
1310,2,13,14,24962,40536,1,FEASIBLE,WORSE
1311,2,13,15,26593,41758,0,CAPACITY_EXCEEDED,INVALID
1312,2,13,16,26546,41268,0,CAPACITY_EXCEEDED,INVALID
1313,2,13,17,25245,40521,1,FEASIBLE,WORSE
1314,2,13,18,25018,40269,1,FEASIBLE,WORSE
1315,2,13,19,25301,40809,1,FEASIBLE,WORSE
1316,2,13,20,25223,40271,1,FEASIBLE,WORSE
1317,2,13,21,25134,40389,1,FEASIBLE,WORSE
1318,2,13,22,24828,40230,1,FEASIBLE,WORSE
1319,2,13,23,26559,41411,0,CAPACITY_EXCEEDED,INVALID
1320,2,13,24,25913,41169,1,FEASIBLE,WORSE
1321,2,13,25,25615,40274,1,FEASIBLE,WORSE
1322,2,13,26,25172,40270,1,FEASIBLE,WORSE
1323,2,13,27,25564,40629,1,FEASIBLE,WORSE
1324,2,13,28,25591,40981,1,FEASIBLE,WORSE
1325,2,13,29,26396,41273,0,CAPACITY_EXCEEDED,INVALID
1326,2,13,30,25509,40440,1,FEASIBLE,WORSE
1327,2,13,31,26341,41367,0,CAPACITY_EXCEEDED,INVALID
1328,2,13,32,25259,40123,1,FEASIBLE,WORSE
1329,2,13,33,26561,41664,0,CAPACITY_EXCEEDED,INVALID
1330,2,13,34,26476,41276,0,CAPACITY_EXCEEDED,INVALID
1331,2,13,35,25559,40419,1,FEASIBLE,WORSE
1332,2,13,36,25429,40714,1,FEASIBLE,WORSE
1333,2,13,37,24674,40142,1,FEASIBLE,WORSE
1334,2,13,38,25008,40165,1,FEASIBLE,WORSE
1335,2,13,39,25199,40560,1,FEASIBLE,WORSE
1336,2,13,40,24839,40430,1,FEASIBLE,WORSE
1337,2,13,41,24808,40377,1,FEASIBLE,WORSE
1338,2,13,42,25130,40269,1,FEASIBLE,WORSE
1339,2,13,43,25153,40098,1,FEASIBLE,WORSE
1340,2,13,44,25723,41104,1,FEASIBLE,WORSE
1341,2,13,45,25260,40713,1,FEASIBLE,WORSE
1342,2,13,46,25477,40473,1,FEASIBLE,WORSE
1343,2,13,47,26248,41380,0,CAPACITY_EXCEEDED,INVALID
1344,2,13,48,25015,40485,1,FEASIBLE,WORSE
1345,2,13,49,25767,41165,1,FEASIBLE,WORSE
1346,2,13,50,24993,40194,1,FEASIBLE,WORSE
1347,2,13,51,25524,40549,1,FEASIBLE,WORSE
1348,2,13,52,25516,40958,1,FEASIBLE,WORSE
1349,2,13,53,24976,40412,1,FEASIBLE,WORSE
1350,2,13,54,26085,41388,0,CAPACITY_EXCEEDED,INVALID
1351,2,13,55,26522,41272,0,CAPACITY_EXCEEDED,INVALID
1352,2,13,56,26252,41559,0,CAPACITY_EXCEEDED,INVALID
1353,2,13,57,26324,41214,0,CAPACITY_EXCEEDED,INVALID
1354,2,13,58,25494,40865,1,FEASIBLE,WORSE
1355,2,13,59,24789,40209,1,FEASIBLE,WORSE
1356,2,13,60,25538,40376,1,FEASIBLE,WORSE
1357,2,13,61,26241,41088,0,CAPACITY_EXCEEDED,INVALID
1358,2,13,62,24710,40296,1,FEASIBLE,WORSE
1359,2,13,63,26530,41093,0,CAPACITY_EXCEEDED,INVALID
1360,2,13,64,26516,41408,0,CAPACITY_EXCEEDED,INVALID
1361,2,13,65,25170,40170,1,FEASIBLE,WORSE
1362,2,13,66,24928,40454,1,FEASIBLE,WORSE
1363,2,13,67,26414,41382,0,CAPACITY_EXCEEDED,INVALID
1364,2,13,68,25484,40697,1,FEASIBLE,WORSE
1365,2,13,69,26566,41465,0,CAPACITY_EXCEEDED,INVALID
1366,2,13,70,26531,41202,0,CAPACITY_EXCEEDED,INVALID
1367,2,13,71,25181,40075,1,FEASIBLE,WORSE
1368,2,13,72,26401,41129,0,CAPACITY_EXCEEDED,INVALID
1369,2,13,73,25174,40652,1,FEASIBLE,WORSE
1370,2,13,74,25345,40328,1,FEASIBLE,WORSE
1371,2,13,75,26335,41473,0,CAPACITY_EXCEEDED,INVALID
1372,2,13,76,25558,40094,1,FEASIBLE,WORSE
1373,2,13,77,26423,41321,0,CAPACITY_EXCEEDED,INVALID
1374,2,13,78,24643,40095,1,FEASIBLE,WORSE
1375,2,13,79,25335,40182,1,FEASIBLE,WORSE
1376,2,13,80,26562,41746,0,CAPACITY_EXCEEDED,INVALID
1377,2,13,81,25538,40185,1,FEASIBLE,WORSE
1378,2,13,82,26481,41523,0,CAPACITY_EXCEEDED,INVALID
1379,2,13,83,25342,40243,1,FEASIBLE,WORSE
1380,2,13,84,24655,40278,1,FEASIBLE,WORSE
1381,2,13,85,25191,40558,1,FEASIBLE,WORSE
1382,2,13,86,26545,41546,0,CAPACITY_EXCEEDED,INVALID
1383,2,13,87,25590,40369,1,FEASIBLE,WORSE
1384,2,13,88,25536,40665,1,FEASIBLE,WORSE
1385,2,13,89,26439,41161,0,CAPACITY_EXCEEDED,INVALID
1386,2,13,90,24983,40328,1,FEASIBLE,WORSE
1387,2,13,91,26158,41341,0,CAPACITY_EXCEEDED,INVALID
1388,2,13,92,25589,40587,1,FEASIBLE,WORSE
1389,2,13,93,25448,40290,1,FEASIBLE,WORSE
1390,2,13,94,25993,41248,0,CAPACITY_EXCEEDED,INVALID
1391,2,13,95,25675,41097,1,FEASIBLE,WORSE
1392,2,13,96,26616,41199,0,CAPACITY_EXCEEDED,INVALID
1393,2,13,97,26388,41665,0,CAPACITY_EXCEEDED,INVALID
1394,2,13,98,26572,41437,0,CAPACITY_EXCEEDED,INVALID
1395,2,13,99,26323,41332,0,CAPACITY_EXCEEDED,INVALID
1396,2,14,15,26257,41634,0,CAPACITY_EXCEEDED,INVALID
1397,2,14,16,26210,41144,0,CAPACITY_EXCEEDED,INVALID
1398,2,14,17,24909,40397,1,FEASIBLE,WORSE
1399,2,14,18,24682,40145,1,FEASIBLE,WORSE
1400,2,14,19,24965,40685,1,FEASIBLE,WORSE
1401,2,14,20,24887,40147,1,FEASIBLE,WORSE
1402,2,14,21,24798,40265,1,FEASIBLE,WORSE
1403,2,14,22,24492,40106,1,FEASIBLE,WORSE
1404,2,14,23,26223,41287,0,CAPACITY_EXCEEDED,INVALID
1405,2,14,24,25577,41045,1,FEASIBLE,WORSE
1406,2,14,25,25279,40150,1,FEASIBLE,WORSE
1407,2,14,26,24836,40146,1,FEASIBLE,WORSE
1408,2,14,27,25228,40505,1,FEASIBLE,WORSE
1409,2,14,28,25255,40857,1,FEASIBLE,WORSE
1410,2,14,29,26060,41149,0,CAPACITY_EXCEEDED,INVALID
1411,2,14,30,25173,40316,1,FEASIBLE,WORSE
1412,2,14,31,26005,41243,0,CAPACITY_EXCEEDED,INVALID
1413,2,14,32,24923,39999,1,FEASIBLE,WORSE
1414,2,14,33,26225,41540,0,CAPACITY_EXCEEDED,INVALID
1415,2,14,34,26140,41152,0,CAPACITY_EXCEEDED,INVALID
1416,2,14,35,25223,40295,1,FEASIBLE,WORSE
1417,2,14,36,25093,40590,1,FEASIBLE,WORSE
1418,2,14,37,24338,40018,1,FEASIBLE,WORSE
1419,2,14,38,24672,40041,1,FEASIBLE,WORSE
1420,2,14,39,24863,40436,1,FEASIBLE,WORSE
1421,2,14,40,24503,40306,1,FEASIBLE,WORSE
1422,2,14,41,24472,40253,1,FEASIBLE,WORSE
1423,2,14,42,24794,40145,1,FEASIBLE,WORSE
1424,2,14,43,24817,39974,1,FEASIBLE,WORSE
1425,2,14,44,25387,40980,1,FEASIBLE,WORSE
1426,2,14,45,24924,40589,1,FEASIBLE,WORSE
1427,2,14,46,25141,40349,1,FEASIBLE,WORSE
1428,2,14,47,25912,41256,1,FEASIBLE,WORSE
1429,2,14,48,24679,40361,1,FEASIBLE,WORSE
1430,2,14,49,25431,41041,1,FEASIBLE,WORSE
1431,2,14,50,24657,40070,1,FEASIBLE,WORSE
1432,2,14,51,25188,40425,1,FEASIBLE,WORSE
1433,2,14,52,25180,40834,1,FEASIBLE,WORSE
1434,2,14,53,24640,40288,1,FEASIBLE,WORSE
1435,2,14,54,25749,41264,1,FEASIBLE,WORSE
1436,2,14,55,26186,41148,0,CAPACITY_EXCEEDED,INVALID
1437,2,14,56,25916,41435,1,FEASIBLE,WORSE
1438,2,14,57,25988,41090,0,CAPACITY_EXCEEDED,INVALID
1439,2,14,58,25158,40741,1,FEASIBLE,WORSE
1440,2,14,59,24453,40085,1,FEASIBLE,WORSE
1441,2,14,60,25202,40252,1,FEASIBLE,WORSE
1442,2,14,61,25905,40964,1,FEASIBLE,WORSE
1443,2,14,62,24374,40172,1,FEASIBLE,WORSE
1444,2,14,63,26194,40969,0,CAPACITY_EXCEEDED,INVALID
1445,2,14,64,26180,41284,0,CAPACITY_EXCEEDED,INVALID
1446,2,14,65,24834,40046,1,FEASIBLE,WORSE
1447,2,14,66,24592,40330,1,FEASIBLE,WORSE
1448,2,14,67,26078,41258,0,CAPACITY_EXCEEDED,INVALID
1449,2,14,68,25148,40573,1,FEASIBLE,WORSE
1450,2,14,69,26230,41341,0,CAPACITY_EXCEEDED,INVALID
1451,2,14,70,26195,41078,0,CAPACITY_EXCEEDED,INVALID
1452,2,14,71,24845,39951,1,FEASIBLE,WORSE
1453,2,14,72,26065,41005,0,CAPACITY_EXCEEDED,INVALID
1454,2,14,73,24838,40528,1,FEASIBLE,WORSE
1455,2,14,74,25009,40204,1,FEASIBLE,WORSE
1456,2,14,75,25999,41349,0,CAPACITY_EXCEEDED,INVALID
1457,2,14,76,25222,39970,1,FEASIBLE,WORSE
1458,2,14,77,26087,41197,0,CAPACITY_EXCEEDED,INVALID
1459,2,14,78,24307,39971,1,FEASIBLE,WORSE
1460,2,14,79,24999,40058,1,FEASIBLE,WORSE
1461,2,14,80,26226,41622,0,CAPACITY_EXCEEDED,INVALID
1462,2,14,81,25202,40061,1,FEASIBLE,WORSE
1463,2,14,82,26145,41399,0,CAPACITY_EXCEEDED,INVALID
1464,2,14,83,25006,40119,1,FEASIBLE,WORSE
1465,2,14,84,24319,40154,1,FEASIBLE,WORSE
1466,2,14,85,24855,40434,1,FEASIBLE,WORSE
1467,2,14,86,26209,41422,0,CAPACITY_EXCEEDED,INVALID
1468,2,14,87,25254,40245,1,FEASIBLE,WORSE
1469,2,14,88,25200,40541,1,FEASIBLE,WORSE
1470,2,14,89,26103,41037,0,CAPACITY_EXCEEDED,INVALID
1471,2,14,90,24647,40204,1,FEASIBLE,WORSE
1472,2,14,91,25822,41217,1,FEASIBLE,WORSE
1473,2,14,92,25253,40463,1,FEASIBLE,WORSE
1474,2,14,93,25112,40166,1,FEASIBLE,WORSE
1475,2,14,94,25657,41124,1,FEASIBLE,WORSE
1476,2,14,95,25339,40973,1,FEASIBLE,WORSE
1477,2,14,96,26280,41075,0,CAPACITY_EXCEEDED,INVALID
1478,2,14,97,26052,41541,0,CAPACITY_EXCEEDED,INVALID
1479,2,14,98,26236,41313,0,CAPACITY_EXCEEDED,INVALID
1480,2,14,99,25987,41208,0,CAPACITY_EXCEEDED,INVALID
1481,2,15,16,27841,42366,0,CAPACITY_EXCEEDED,INVALID
1482,2,15,17,26540,41619,0,CAPACITY_EXCEEDED,INVALID
1483,2,15,18,26313,41367,0,CAPACITY_EXCEEDED,INVALID
1484,2,15,19,26596,41907,0,CAPACITY_EXCEEDED,INVALID
1485,2,15,20,26518,41369,0,CAPACITY_EXCEEDED,INVALID
1486,2,15,21,26429,41487,0,CAPACITY_EXCEEDED,INVALID
1487,2,15,22,26123,41328,0,CAPACITY_EXCEEDED,INVALID
1488,2,15,23,27854,42509,0,CAPACITY_EXCEEDED,INVALID
1489,2,15,24,27208,42267,0,CAPACITY_EXCEEDED,INVALID
1490,2,15,25,26910,41372,0,CAPACITY_EXCEEDED,INVALID
1491,2,15,26,26467,41368,0,CAPACITY_EXCEEDED,INVALID
1492,2,15,27,26859,41727,0,CAPACITY_EXCEEDED,INVALID
1493,2,15,28,26886,42079,0,CAPACITY_EXCEEDED,INVALID
1494,2,15,29,27691,42371,0,CAPACITY_EXCEEDED,INVALID
1495,2,15,30,26804,41538,0,CAPACITY_EXCEEDED,INVALID
1496,2,15,31,27636,42465,0,CAPACITY_EXCEEDED,INVALID
1497,2,15,32,26554,41221,0,CAPACITY_EXCEEDED,INVALID
1498,2,15,33,27856,42762,0,CAPACITY_EXCEEDED,INVALID
1499,2,15,34,27771,42374,0,CAPACITY_EXCEEDED,INVALID
1500,2,15,35,26854,41517,0,CAPACITY_EXCEEDED,INVALID
1501,2,15,36,26724,41812,0,CAPACITY_EXCEEDED,INVALID
1502,2,15,37,25969,41240,1,FEASIBLE,WORSE
1503,2,15,38,26303,41263,0,CAPACITY_EXCEEDED,INVALID
1504,2,15,39,26494,41658,0,CAPACITY_EXCEEDED,INVALID
1505,2,15,40,26134,41528,0,CAPACITY_EXCEEDED,INVALID
1506,2,15,41,26103,41475,0,CAPACITY_EXCEEDED,INVALID
1507,2,15,42,26425,41367,0,CAPACITY_EXCEEDED,INVALID
1508,2,15,43,26448,41196,0,CAPACITY_EXCEEDED,INVALID
1509,2,15,44,27018,42202,0,CAPACITY_EXCEEDED,INVALID
1510,2,15,45,26555,41811,0,CAPACITY_EXCEEDED,INVALID
1511,2,15,46,26772,41571,0,CAPACITY_EXCEEDED,INVALID
1512,2,15,47,27543,42478,0,CAPACITY_EXCEEDED,INVALID
1513,2,15,48,26310,41583,0,CAPACITY_EXCEEDED,INVALID
1514,2,15,49,27062,42263,0,CAPACITY_EXCEEDED,INVALID
1515,2,15,50,26288,41292,0,CAPACITY_EXCEEDED,INVALID
1516,2,15,51,26819,41647,0,CAPACITY_EXCEEDED,INVALID
1517,2,15,52,26811,42056,0,CAPACITY_EXCEEDED,INVALID
1518,2,15,53,26271,41510,0,CAPACITY_EXCEEDED,INVALID
1519,2,15,54,27380,42486,0,CAPACITY_EXCEEDED,INVALID
1520,2,15,55,27817,42370,0,CAPACITY_EXCEEDED,INVALID
1521,2,15,56,27547,42657,0,CAPACITY_EXCEEDED,INVALID
1522,2,15,57,27619,42312,0,CAPACITY_EXCEEDED,INVALID
1523,2,15,58,26789,41963,0,CAPACITY_EXCEEDED,INVALID
1524,2,15,59,26084,41307,0,CAPACITY_EXCEEDED,INVALID
1525,2,15,60,26833,41474,0,CAPACITY_EXCEEDED,INVALID
1526,2,15,61,27536,42186,0,CAPACITY_EXCEEDED,INVALID
1527,2,15,62,26005,41394,0,CAPACITY_EXCEEDED,INVALID
1528,2,15,63,27825,42191,0,CAPACITY_EXCEEDED,INVALID
1529,2,15,64,27811,42506,0,CAPACITY_EXCEEDED,INVALID
1530,2,15,65,26465,41268,0,CAPACITY_EXCEEDED,INVALID
1531,2,15,66,26223,41552,0,CAPACITY_EXCEEDED,INVALID
1532,2,15,67,27709,42480,0,CAPACITY_EXCEEDED,INVALID
1533,2,15,68,26779,41795,0,CAPACITY_EXCEEDED,INVALID
1534,2,15,69,27861,42563,0,CAPACITY_EXCEEDED,INVALID
1535,2,15,70,27826,42300,0,CAPACITY_EXCEEDED,INVALID
1536,2,15,71,26476,41173,0,CAPACITY_EXCEEDED,INVALID
1537,2,15,72,27696,42227,0,CAPACITY_EXCEEDED,INVALID
1538,2,15,73,26469,41750,0,CAPACITY_EXCEEDED,INVALID
1539,2,15,74,26640,41426,0,CAPACITY_EXCEEDED,INVALID
1540,2,15,75,27630,42571,0,CAPACITY_EXCEEDED,INVALID
1541,2,15,76,26853,41192,0,CAPACITY_EXCEEDED,INVALID
1542,2,15,77,27718,42419,0,CAPACITY_EXCEEDED,INVALID
1543,2,15,78,25938,41193,1,FEASIBLE,WORSE
1544,2,15,79,26630,41280,0,CAPACITY_EXCEEDED,INVALID
1545,2,15,80,27857,42844,0,CAPACITY_EXCEEDED,INVALID
1546,2,15,81,26833,41283,0,CAPACITY_EXCEEDED,INVALID
1547,2,15,82,27776,42621,0,CAPACITY_EXCEEDED,INVALID
1548,2,15,83,26637,41341,0,CAPACITY_EXCEEDED,INVALID
1549,2,15,84,25950,41376,1,FEASIBLE,WORSE
1550,2,15,85,26486,41656,0,CAPACITY_EXCEEDED,INVALID
1551,2,15,86,27840,42644,0,CAPACITY_EXCEEDED,INVALID
1552,2,15,87,26885,41467,0,CAPACITY_EXCEEDED,INVALID
1553,2,15,88,26831,41763,0,CAPACITY_EXCEEDED,INVALID
1554,2,15,89,27734,42259,0,CAPACITY_EXCEEDED,INVALID
1555,2,15,90,26278,41426,0,CAPACITY_EXCEEDED,INVALID
1556,2,15,91,27453,42439,0,CAPACITY_EXCEEDED,INVALID
1557,2,15,92,26884,41685,0,CAPACITY_EXCEEDED,INVALID
1558,2,15,93,26743,41388,0,CAPACITY_EXCEEDED,INVALID
1559,2,15,94,27288,42346,0,CAPACITY_EXCEEDED,INVALID
1560,2,15,95,26970,42195,0,CAPACITY_EXCEEDED,INVALID
1561,2,15,96,27911,42297,0,CAPACITY_EXCEEDED,INVALID
1562,2,15,97,27683,42763,0,CAPACITY_EXCEEDED,INVALID
1563,2,15,98,27867,42535,0,CAPACITY_EXCEEDED,INVALID
1564,2,15,99,27618,42430,0,CAPACITY_EXCEEDED,INVALID
1565,2,16,17,26493,41129,0,CAPACITY_EXCEEDED,INVALID
1566,2,16,18,26266,40877,0,CAPACITY_EXCEEDED,INVALID
1567,2,16,19,26549,41417,0,CAPACITY_EXCEEDED,INVALID
1568,2,16,20,26471,40879,0,CAPACITY_EXCEEDED,INVALID
1569,2,16,21,26382,40997,0,CAPACITY_EXCEEDED,INVALID
1570,2,16,22,26076,40838,0,CAPACITY_EXCEEDED,INVALID
1571,2,16,23,27807,42019,0,CAPACITY_EXCEEDED,INVALID
1572,2,16,24,27161,41777,0,CAPACITY_EXCEEDED,INVALID
1573,2,16,25,26863,40882,0,CAPACITY_EXCEEDED,INVALID
1574,2,16,26,26420,40878,0,CAPACITY_EXCEEDED,INVALID
1575,2,16,27,26812,41237,0,CAPACITY_EXCEEDED,INVALID
1576,2,16,28,26839,41589,0,CAPACITY_EXCEEDED,INVALID
1577,2,16,29,27644,41881,0,CAPACITY_EXCEEDED,INVALID
1578,2,16,30,26757,41048,0,CAPACITY_EXCEEDED,INVALID
1579,2,16,31,27589,41975,0,CAPACITY_EXCEEDED,INVALID
1580,2,16,32,26507,40731,0,CAPACITY_EXCEEDED,INVALID
1581,2,16,33,27809,42272,0,CAPACITY_EXCEEDED,INVALID
1582,2,16,34,27724,41884,0,CAPACITY_EXCEEDED,INVALID
1583,2,16,35,26807,41027,0,CAPACITY_EXCEEDED,INVALID
1584,2,16,36,26677,41322,0,CAPACITY_EXCEEDED,INVALID
1585,2,16,37,25922,40750,1,FEASIBLE,WORSE
1586,2,16,38,26256,40773,0,CAPACITY_EXCEEDED,INVALID
1587,2,16,39,26447,41168,0,CAPACITY_EXCEEDED,INVALID
1588,2,16,40,26087,41038,0,CAPACITY_EXCEEDED,INVALID
1589,2,16,41,26056,40985,0,CAPACITY_EXCEEDED,INVALID
1590,2,16,42,26378,40877,0,CAPACITY_EXCEEDED,INVALID
1591,2,16,43,26401,40706,0,CAPACITY_EXCEEDED,INVALID
1592,2,16,44,26971,41712,0,CAPACITY_EXCEEDED,INVALID
1593,2,16,45,26508,41321,0,CAPACITY_EXCEEDED,INVALID
1594,2,16,46,26725,41081,0,CAPACITY_EXCEEDED,INVALID
1595,2,16,47,27496,41988,0,CAPACITY_EXCEEDED,INVALID
1596,2,16,48,26263,41093,0,CAPACITY_EXCEEDED,INVALID
1597,2,16,49,27015,41773,0,CAPACITY_EXCEEDED,INVALID
1598,2,16,50,26241,40802,0,CAPACITY_EXCEEDED,INVALID
1599,2,16,51,26772,41157,0,CAPACITY_EXCEEDED,INVALID
1600,2,16,52,26764,41566,0,CAPACITY_EXCEEDED,INVALID
1601,2,16,53,26224,41020,0,CAPACITY_EXCEEDED,INVALID
1602,2,16,54,27333,41996,0,CAPACITY_EXCEEDED,INVALID
1603,2,16,55,27770,41880,0,CAPACITY_EXCEEDED,INVALID
1604,2,16,56,27500,42167,0,CAPACITY_EXCEEDED,INVALID
1605,2,16,57,27572,41822,0,CAPACITY_EXCEEDED,INVALID
1606,2,16,58,26742,41473,0,CAPACITY_EXCEEDED,INVALID
1607,2,16,59,26037,40817,0,CAPACITY_EXCEEDED,INVALID
1608,2,16,60,26786,40984,0,CAPACITY_EXCEEDED,INVALID
1609,2,16,61,27489,41696,0,CAPACITY_EXCEEDED,INVALID
1610,2,16,62,25958,40904,1,FEASIBLE,WORSE
1611,2,16,63,27778,41701,0,CAPACITY_EXCEEDED,INVALID
1612,2,16,64,27764,42016,0,CAPACITY_EXCEEDED,INVALID
1613,2,16,65,26418,40778,0,CAPACITY_EXCEEDED,INVALID
1614,2,16,66,26176,41062,0,CAPACITY_EXCEEDED,INVALID
1615,2,16,67,27662,41990,0,CAPACITY_EXCEEDED,INVALID
1616,2,16,68,26732,41305,0,CAPACITY_EXCEEDED,INVALID
1617,2,16,69,27814,42073,0,CAPACITY_EXCEEDED,INVALID
1618,2,16,70,27779,41810,0,CAPACITY_EXCEEDED,INVALID
1619,2,16,71,26429,40683,0,CAPACITY_EXCEEDED,INVALID
1620,2,16,72,27649,41737,0,CAPACITY_EXCEEDED,INVALID
1621,2,16,73,26422,41260,0,CAPACITY_EXCEEDED,INVALID
1622,2,16,74,26593,40936,0,CAPACITY_EXCEEDED,INVALID
1623,2,16,75,27583,42081,0,CAPACITY_EXCEEDED,INVALID
1624,2,16,76,26806,40702,0,CAPACITY_EXCEEDED,INVALID
1625,2,16,77,27671,41929,0,CAPACITY_EXCEEDED,INVALID
1626,2,16,78,25891,40703,1,FEASIBLE,WORSE
1627,2,16,79,26583,40790,0,CAPACITY_EXCEEDED,INVALID
1628,2,16,80,27810,42354,0,CAPACITY_EXCEEDED,INVALID
1629,2,16,81,26786,40793,0,CAPACITY_EXCEEDED,INVALID
1630,2,16,82,27729,42131,0,CAPACITY_EXCEEDED,INVALID
1631,2,16,83,26590,40851,0,CAPACITY_EXCEEDED,INVALID
1632,2,16,84,25903,40886,1,FEASIBLE,WORSE
1633,2,16,85,26439,41166,0,CAPACITY_EXCEEDED,INVALID
1634,2,16,86,27793,42154,0,CAPACITY_EXCEEDED,INVALID
1635,2,16,87,26838,40977,0,CAPACITY_EXCEEDED,INVALID
1636,2,16,88,26784,41273,0,CAPACITY_EXCEEDED,INVALID
1637,2,16,89,27687,41769,0,CAPACITY_EXCEEDED,INVALID
1638,2,16,90,26231,40936,0,CAPACITY_EXCEEDED,INVALID
1639,2,16,91,27406,41949,0,CAPACITY_EXCEEDED,INVALID
1640,2,16,92,26837,41195,0,CAPACITY_EXCEEDED,INVALID
1641,2,16,93,26696,40898,0,CAPACITY_EXCEEDED,INVALID
1642,2,16,94,27241,41856,0,CAPACITY_EXCEEDED,INVALID
1643,2,16,95,26923,41705,0,CAPACITY_EXCEEDED,INVALID
1644,2,16,96,27864,41807,0,CAPACITY_EXCEEDED,INVALID
1645,2,16,97,27636,42273,0,CAPACITY_EXCEEDED,INVALID
1646,2,16,98,27820,42045,0,CAPACITY_EXCEEDED,INVALID
1647,2,16,99,27571,41940,0,CAPACITY_EXCEEDED,INVALID
1648,2,17,18,24965,40130,1,FEASIBLE,WORSE
1649,2,17,19,25248,40670,1,FEASIBLE,WORSE
1650,2,17,20,25170,40132,1,FEASIBLE,WORSE
1651,2,17,21,25081,40250,1,FEASIBLE,WORSE
1652,2,17,22,24775,40091,1,FEASIBLE,WORSE
1653,2,17,23,26506,41272,0,CAPACITY_EXCEEDED,INVALID
1654,2,17,24,25860,41030,1,FEASIBLE,WORSE
1655,2,17,25,25562,40135,1,FEASIBLE,WORSE
1656,2,17,26,25119,40131,1,FEASIBLE,WORSE
1657,2,17,27,25511,40490,1,FEASIBLE,WORSE
1658,2,17,28,25538,40842,1,FEASIBLE,WORSE
1659,2,17,29,26343,41134,0,CAPACITY_EXCEEDED,INVALID
1660,2,17,30,25456,40301,1,FEASIBLE,WORSE
1661,2,17,31,26288,41228,0,CAPACITY_EXCEEDED,INVALID
1662,2,17,32,25206,39984,1,FEASIBLE,WORSE
1663,2,17,33,26508,41525,0,CAPACITY_EXCEEDED,INVALID
1664,2,17,34,26423,41137,0,CAPACITY_EXCEEDED,INVALID
1665,2,17,35,25506,40280,1,FEASIBLE,WORSE
1666,2,17,36,25376,40575,1,FEASIBLE,WORSE
1667,2,17,37,24621,40003,1,FEASIBLE,WORSE
1668,2,17,38,24955,40026,1,FEASIBLE,WORSE
1669,2,17,39,25146,40421,1,FEASIBLE,WORSE
1670,2,17,40,24786,40291,1,FEASIBLE,WORSE
1671,2,17,41,24755,40238,1,FEASIBLE,WORSE
1672,2,17,42,25077,40130,1,FEASIBLE,WORSE
1673,2,17,43,25100,39959,1,FEASIBLE,WORSE
1674,2,17,44,25670,40965,1,FEASIBLE,WORSE
1675,2,17,45,25207,40574,1,FEASIBLE,WORSE
1676,2,17,46,25424,40334,1,FEASIBLE,WORSE
1677,2,17,47,26195,41241,0,CAPACITY_EXCEEDED,INVALID
1678,2,17,48,24962,40346,1,FEASIBLE,WORSE
1679,2,17,49,25714,41026,1,FEASIBLE,WORSE
1680,2,17,50,24940,40055,1,FEASIBLE,WORSE
1681,2,17,51,25471,40410,1,FEASIBLE,WORSE
1682,2,17,52,25463,40819,1,FEASIBLE,WORSE
1683,2,17,53,24923,40273,1,FEASIBLE,WORSE
1684,2,17,54,26032,41249,0,CAPACITY_EXCEEDED,INVALID
1685,2,17,55,26469,41133,0,CAPACITY_EXCEEDED,INVALID
1686,2,17,56,26199,41420,0,CAPACITY_EXCEEDED,INVALID
1687,2,17,57,26271,41075,0,CAPACITY_EXCEEDED,INVALID
1688,2,17,58,25441,40726,1,FEASIBLE,WORSE
1689,2,17,59,24736,40070,1,FEASIBLE,WORSE
1690,2,17,60,25485,40237,1,FEASIBLE,WORSE
1691,2,17,61,26188,40949,0,CAPACITY_EXCEEDED,INVALID
1692,2,17,62,24657,40157,1,FEASIBLE,WORSE
1693,2,17,63,26477,40954,0,CAPACITY_EXCEEDED,INVALID
1694,2,17,64,26463,41269,0,CAPACITY_EXCEEDED,INVALID
1695,2,17,65,25117,40031,1,FEASIBLE,WORSE
1696,2,17,66,24875,40315,1,FEASIBLE,WORSE
1697,2,17,67,26361,41243,0,CAPACITY_EXCEEDED,INVALID
1698,2,17,68,25431,40558,1,FEASIBLE,WORSE
1699,2,17,69,26513,41326,0,CAPACITY_EXCEEDED,INVALID
1700,2,17,70,26478,41063,0,CAPACITY_EXCEEDED,INVALID
1701,2,17,71,25128,39936,1,FEASIBLE,WORSE
1702,2,17,72,26348,40990,0,CAPACITY_EXCEEDED,INVALID
1703,2,17,73,25121,40513,1,FEASIBLE,WORSE
1704,2,17,74,25292,40189,1,FEASIBLE,WORSE
1705,2,17,75,26282,41334,0,CAPACITY_EXCEEDED,INVALID
1706,2,17,76,25505,39955,1,FEASIBLE,WORSE
1707,2,17,77,26370,41182,0,CAPACITY_EXCEEDED,INVALID
1708,2,17,78,24590,39956,1,FEASIBLE,WORSE
1709,2,17,79,25282,40043,1,FEASIBLE,WORSE
1710,2,17,80,26509,41607,0,CAPACITY_EXCEEDED,INVALID
1711,2,17,81,25485,40046,1,FEASIBLE,WORSE
1712,2,17,82,26428,41384,0,CAPACITY_EXCEEDED,INVALID
1713,2,17,83,25289,40104,1,FEASIBLE,WORSE
1714,2,17,84,24602,40139,1,FEASIBLE,WORSE
1715,2,17,85,25138,40419,1,FEASIBLE,WORSE
1716,2,17,86,26492,41407,0,CAPACITY_EXCEEDED,INVALID
1717,2,17,87,25537,40230,1,FEASIBLE,WORSE
1718,2,17,88,25483,40526,1,FEASIBLE,WORSE
1719,2,17,89,26386,41022,0,CAPACITY_EXCEEDED,INVALID
1720,2,17,90,24930,40189,1,FEASIBLE,WORSE
1721,2,17,91,26105,41202,0,CAPACITY_EXCEEDED,INVALID
1722,2,17,92,25536,40448,1,FEASIBLE,WORSE
1723,2,17,93,25395,40151,1,FEASIBLE,WORSE
1724,2,17,94,25940,41109,1,FEASIBLE,WORSE
1725,2,17,95,25622,40958,1,FEASIBLE,WORSE
1726,2,17,96,26563,41060,0,CAPACITY_EXCEEDED,INVALID
1727,2,17,97,26335,41526,0,CAPACITY_EXCEEDED,INVALID
1728,2,17,98,26519,41298,0,CAPACITY_EXCEEDED,INVALID
1729,2,17,99,26270,41193,0,CAPACITY_EXCEEDED,INVALID
1730,2,18,19,25021,40418,1,FEASIBLE,WORSE
1731,2,18,20,24943,39880,1,FEASIBLE,WORSE
1732,2,18,21,24854,39998,1,FEASIBLE,WORSE
1733,2,18,22,24548,39839,1,FEASIBLE,WORSE
1734,2,18,23,26279,41020,0,CAPACITY_EXCEEDED,INVALID
1735,2,18,24,25633,40778,1,FEASIBLE,WORSE
1736,2,18,25,25335,39883,1,FEASIBLE,WORSE
1737,2,18,26,24892,39879,1,FEASIBLE,WORSE
1738,2,18,27,25284,40238,1,FEASIBLE,WORSE
1739,2,18,28,25311,40590,1,FEASIBLE,WORSE
1740,2,18,29,26116,40882,0,CAPACITY_EXCEEDED,INVALID
1741,2,18,30,25229,40049,1,FEASIBLE,WORSE
1742,2,18,31,26061,40976,0,CAPACITY_EXCEEDED,INVALID
1743,2,18,32,24979,39732,1,FEASIBLE,WORSE
1744,2,18,33,26281,41273,0,CAPACITY_EXCEEDED,INVALID
1745,2,18,34,26196,40885,0,CAPACITY_EXCEEDED,INVALID
1746,2,18,35,25279,40028,1,FEASIBLE,WORSE
1747,2,18,36,25149,40323,1,FEASIBLE,WORSE
1748,2,18,37,24394,39751,1,FEASIBLE,WORSE
1749,2,18,38,24728,39774,1,FEASIBLE,WORSE
1750,2,18,39,24919,40169,1,FEASIBLE,WORSE
1751,2,18,40,24559,40039,1,FEASIBLE,WORSE
1752,2,18,41,24528,39986,1,FEASIBLE,WORSE
1753,2,18,42,24850,39878,1,FEASIBLE,WORSE
1754,2,18,43,24873,39707,1,FEASIBLE,WORSE
1755,2,18,44,25443,40713,1,FEASIBLE,WORSE
1756,2,18,45,24980,40322,1,FEASIBLE,WORSE
1757,2,18,46,25197,40082,1,FEASIBLE,WORSE
1758,2,18,47,25968,40989,1,FEASIBLE,WORSE
1759,2,18,48,24735,40094,1,FEASIBLE,WORSE
1760,2,18,49,25487,40774,1,FEASIBLE,WORSE
1761,2,18,50,24713,39803,1,FEASIBLE,WORSE
1762,2,18,51,25244,40158,1,FEASIBLE,WORSE
1763,2,18,52,25236,40567,1,FEASIBLE,WORSE
1764,2,18,53,24696,40021,1,FEASIBLE,WORSE
1765,2,18,54,25805,40997,1,FEASIBLE,WORSE
1766,2,18,55,26242,40881,0,CAPACITY_EXCEEDED,INVALID
1767,2,18,56,25972,41168,1,FEASIBLE,WORSE
1768,2,18,57,26044,40823,0,CAPACITY_EXCEEDED,INVALID
1769,2,18,58,25214,40474,1,FEASIBLE,WORSE
1770,2,18,59,24509,39818,1,FEASIBLE,WORSE
1771,2,18,60,25258,39985,1,FEASIBLE,WORSE
1772,2,18,61,25961,40697,1,FEASIBLE,WORSE
1773,2,18,62,24430,39905,1,FEASIBLE,WORSE
1774,2,18,63,26250,40702,0,CAPACITY_EXCEEDED,INVALID
1775,2,18,64,26236,41017,0,CAPACITY_EXCEEDED,INVALID
1776,2,18,65,24890,39779,1,FEASIBLE,WORSE
1777,2,18,66,24648,40063,1,FEASIBLE,WORSE
1778,2,18,67,26134,40991,0,CAPACITY_EXCEEDED,INVALID
1779,2,18,68,25204,40306,1,FEASIBLE,WORSE
1780,2,18,69,26286,41074,0,CAPACITY_EXCEEDED,INVALID
1781,2,18,70,26251,40811,0,CAPACITY_EXCEEDED,INVALID
1782,2,18,71,24901,39684,1,FEASIBLE,WORSE
1783,2,18,72,26121,40738,0,CAPACITY_EXCEEDED,INVALID
1784,2,18,73,24894,40261,1,FEASIBLE,WORSE
1785,2,18,74,25065,39937,1,FEASIBLE,WORSE
1786,2,18,75,26055,41082,0,CAPACITY_EXCEEDED,INVALID
1787,2,18,76,25278,39703,1,FEASIBLE,WORSE
1788,2,18,77,26143,40930,0,CAPACITY_EXCEEDED,INVALID
1789,2,18,78,24363,39704,1,FEASIBLE,WORSE
1790,2,18,79,25055,39791,1,FEASIBLE,WORSE
1791,2,18,80,26282,41355,0,CAPACITY_EXCEEDED,INVALID
1792,2,18,81,25258,39794,1,FEASIBLE,WORSE
1793,2,18,82,26201,41132,0,CAPACITY_EXCEEDED,INVALID
1794,2,18,83,25062,39852,1,FEASIBLE,WORSE
1795,2,18,84,24375,39887,1,FEASIBLE,WORSE
1796,2,18,85,24911,40167,1,FEASIBLE,WORSE
1797,2,18,86,26265,41155,0,CAPACITY_EXCEEDED,INVALID
1798,2,18,87,25310,39978,1,FEASIBLE,WORSE
1799,2,18,88,25256,40274,1,FEASIBLE,WORSE
1800,2,18,89,26159,40770,0,CAPACITY_EXCEEDED,INVALID
1801,2,18,90,24703,39937,1,FEASIBLE,WORSE
1802,2,18,91,25878,40950,1,FEASIBLE,WORSE
1803,2,18,92,25309,40196,1,FEASIBLE,WORSE
1804,2,18,93,25168,39899,1,FEASIBLE,WORSE
1805,2,18,94,25713,40857,1,FEASIBLE,WORSE
1806,2,18,95,25395,40706,1,FEASIBLE,WORSE
1807,2,18,96,26336,40808,0,CAPACITY_EXCEEDED,INVALID
1808,2,18,97,26108,41274,0,CAPACITY_EXCEEDED,INVALID
1809,2,18,98,26292,41046,0,CAPACITY_EXCEEDED,INVALID
1810,2,18,99,26043,40941,0,CAPACITY_EXCEEDED,INVALID
1811,2,19,20,25226,40420,1,FEASIBLE,WORSE
1812,2,19,21,25137,40538,1,FEASIBLE,WORSE
1813,2,19,22,24831,40379,1,FEASIBLE,WORSE
1814,2,19,23,26562,41560,0,CAPACITY_EXCEEDED,INVALID
1815,2,19,24,25916,41318,1,FEASIBLE,WORSE
1816,2,19,25,25618,40423,1,FEASIBLE,WORSE
1817,2,19,26,25175,40419,1,FEASIBLE,WORSE
1818,2,19,27,25567,40778,1,FEASIBLE,WORSE
1819,2,19,28,25594,41130,1,FEASIBLE,WORSE
1820,2,19,29,26399,41422,0,CAPACITY_EXCEEDED,INVALID
1821,2,19,30,25512,40589,1,FEASIBLE,WORSE
1822,2,19,31,26344,41516,0,CAPACITY_EXCEEDED,INVALID
1823,2,19,32,25262,40272,1,FEASIBLE,WORSE
1824,2,19,33,26564,41813,0,CAPACITY_EXCEEDED,INVALID
1825,2,19,34,26479,41425,0,CAPACITY_EXCEEDED,INVALID
1826,2,19,35,25562,40568,1,FEASIBLE,WORSE
1827,2,19,36,25432,40863,1,FEASIBLE,WORSE
1828,2,19,37,24677,40291,1,FEASIBLE,WORSE
1829,2,19,38,25011,40314,1,FEASIBLE,WORSE
1830,2,19,39,25202,40709,1,FEASIBLE,WORSE
1831,2,19,40,24842,40579,1,FEASIBLE,WORSE
1832,2,19,41,24811,40526,1,FEASIBLE,WORSE
1833,2,19,42,25133,40418,1,FEASIBLE,WORSE
1834,2,19,43,25156,40247,1,FEASIBLE,WORSE
1835,2,19,44,25726,41253,1,FEASIBLE,WORSE
1836,2,19,45,25263,40862,1,FEASIBLE,WORSE
1837,2,19,46,25480,40622,1,FEASIBLE,WORSE
1838,2,19,47,26251,41529,0,CAPACITY_EXCEEDED,INVALID
1839,2,19,48,25018,40634,1,FEASIBLE,WORSE
1840,2,19,49,25770,41314,1,FEASIBLE,WORSE
1841,2,19,50,24996,40343,1,FEASIBLE,WORSE
1842,2,19,51,25527,40698,1,FEASIBLE,WORSE
1843,2,19,52,25519,41107,1,FEASIBLE,WORSE
1844,2,19,53,24979,40561,1,FEASIBLE,WORSE
1845,2,19,54,26088,41537,0,CAPACITY_EXCEEDED,INVALID
1846,2,19,55,26525,41421,0,CAPACITY_EXCEEDED,INVALID
1847,2,19,56,26255,41708,0,CAPACITY_EXCEEDED,INVALID
1848,2,19,57,26327,41363,0,CAPACITY_EXCEEDED,INVALID
1849,2,19,58,25497,41014,1,FEASIBLE,WORSE
1850,2,19,59,24792,40358,1,FEASIBLE,WORSE
1851,2,19,60,25541,40525,1,FEASIBLE,WORSE
1852,2,19,61,26244,41237,0,CAPACITY_EXCEEDED,INVALID
1853,2,19,62,24713,40445,1,FEASIBLE,WORSE
1854,2,19,63,26533,41242,0,CAPACITY_EXCEEDED,INVALID
1855,2,19,64,26519,41557,0,CAPACITY_EXCEEDED,INVALID
1856,2,19,65,25173,40319,1,FEASIBLE,WORSE
1857,2,19,66,24931,40603,1,FEASIBLE,WORSE
1858,2,19,67,26417,41531,0,CAPACITY_EXCEEDED,INVALID
1859,2,19,68,25487,40846,1,FEASIBLE,WORSE
1860,2,19,69,26569,41614,0,CAPACITY_EXCEEDED,INVALID
1861,2,19,70,26534,41351,0,CAPACITY_EXCEEDED,INVALID
1862,2,19,71,25184,40224,1,FEASIBLE,WORSE
1863,2,19,72,26404,41278,0,CAPACITY_EXCEEDED,INVALID
1864,2,19,73,25177,40801,1,FEASIBLE,WORSE
1865,2,19,74,25348,40477,1,FEASIBLE,WORSE
1866,2,19,75,26338,41622,0,CAPACITY_EXCEEDED,INVALID
1867,2,19,76,25561,40243,1,FEASIBLE,WORSE
1868,2,19,77,26426,41470,0,CAPACITY_EXCEEDED,INVALID
1869,2,19,78,24646,40244,1,FEASIBLE,WORSE
1870,2,19,79,25338,40331,1,FEASIBLE,WORSE
1871,2,19,80,26565,41895,0,CAPACITY_EXCEEDED,INVALID
1872,2,19,81,25541,40334,1,FEASIBLE,WORSE
1873,2,19,82,26484,41672,0,CAPACITY_EXCEEDED,INVALID
1874,2,19,83,25345,40392,1,FEASIBLE,WORSE
1875,2,19,84,24658,40427,1,FEASIBLE,WORSE
1876,2,19,85,25194,40707,1,FEASIBLE,WORSE
1877,2,19,86,26548,41695,0,CAPACITY_EXCEEDED,INVALID
1878,2,19,87,25593,40518,1,FEASIBLE,WORSE
1879,2,19,88,25539,40814,1,FEASIBLE,WORSE
1880,2,19,89,26442,41310,0,CAPACITY_EXCEEDED,INVALID
1881,2,19,90,24986,40477,1,FEASIBLE,WORSE
1882,2,19,91,26161,41490,0,CAPACITY_EXCEEDED,INVALID
1883,2,19,92,25592,40736,1,FEASIBLE,WORSE
1884,2,19,93,25451,40439,1,FEASIBLE,WORSE
1885,2,19,94,25996,41397,0,CAPACITY_EXCEEDED,INVALID
1886,2,19,95,25678,41246,1,FEASIBLE,WORSE
1887,2,19,96,26619,41348,0,CAPACITY_EXCEEDED,INVALID
1888,2,19,97,26391,41814,0,CAPACITY_EXCEEDED,INVALID
1889,2,19,98,26575,41586,0,CAPACITY_EXCEEDED,INVALID
1890,2,19,99,26326,41481,0,CAPACITY_EXCEEDED,INVALID
1891,2,20,21,25059,40000,1,FEASIBLE,WORSE
1892,2,20,22,24753,39841,1,FEASIBLE,WORSE
1893,2,20,23,26484,41022,0,CAPACITY_EXCEEDED,INVALID
1894,2,20,24,25838,40780,1,FEASIBLE,WORSE
1895,2,20,25,25540,39885,1,FEASIBLE,WORSE
1896,2,20,26,25097,39881,1,FEASIBLE,WORSE
1897,2,20,27,25489,40240,1,FEASIBLE,WORSE
1898,2,20,28,25516,40592,1,FEASIBLE,WORSE
1899,2,20,29,26321,40884,0,CAPACITY_EXCEEDED,INVALID
1900,2,20,30,25434,40051,1,FEASIBLE,WORSE
1901,2,20,31,26266,40978,0,CAPACITY_EXCEEDED,INVALID
1902,2,20,32,25184,39734,1,FEASIBLE,WORSE
1903,2,20,33,26486,41275,0,CAPACITY_EXCEEDED,INVALID
1904,2,20,34,26401,40887,0,CAPACITY_EXCEEDED,INVALID
1905,2,20,35,25484,40030,1,FEASIBLE,WORSE
1906,2,20,36,25354,40325,1,FEASIBLE,WORSE
1907,2,20,37,24599,39753,1,FEASIBLE,WORSE
1908,2,20,38,24933,39776,1,FEASIBLE,WORSE
1909,2,20,39,25124,40171,1,FEASIBLE,WORSE
1910,2,20,40,24764,40041,1,FEASIBLE,WORSE
1911,2,20,41,24733,39988,1,FEASIBLE,WORSE
1912,2,20,42,25055,39880,1,FEASIBLE,WORSE
1913,2,20,43,25078,39709,1,FEASIBLE,WORSE
1914,2,20,44,25648,40715,1,FEASIBLE,WORSE
1915,2,20,45,25185,40324,1,FEASIBLE,WORSE
1916,2,20,46,25402,40084,1,FEASIBLE,WORSE
1917,2,20,47,26173,40991,0,CAPACITY_EXCEEDED,INVALID
1918,2,20,48,24940,40096,1,FEASIBLE,WORSE
1919,2,20,49,25692,40776,1,FEASIBLE,WORSE
1920,2,20,50,24918,39805,1,FEASIBLE,WORSE
1921,2,20,51,25449,40160,1,FEASIBLE,WORSE
1922,2,20,52,25441,40569,1,FEASIBLE,WORSE
1923,2,20,53,24901,40023,1,FEASIBLE,WORSE
1924,2,20,54,26010,40999,0,CAPACITY_EXCEEDED,INVALID
1925,2,20,55,26447,40883,0,CAPACITY_EXCEEDED,INVALID
1926,2,20,56,26177,41170,0,CAPACITY_EXCEEDED,INVALID
1927,2,20,57,26249,40825,0,CAPACITY_EXCEEDED,INVALID
1928,2,20,58,25419,40476,1,FEASIBLE,WORSE
1929,2,20,59,24714,39820,1,FEASIBLE,WORSE
1930,2,20,60,25463,39987,1,FEASIBLE,WORSE
1931,2,20,61,26166,40699,0,CAPACITY_EXCEEDED,INVALID
1932,2,20,62,24635,39907,1,FEASIBLE,WORSE
1933,2,20,63,26455,40704,0,CAPACITY_EXCEEDED,INVALID
1934,2,20,64,26441,41019,0,CAPACITY_EXCEEDED,INVALID
1935,2,20,65,25095,39781,1,FEASIBLE,WORSE
1936,2,20,66,24853,40065,1,FEASIBLE,WORSE
1937,2,20,67,26339,40993,0,CAPACITY_EXCEEDED,INVALID
1938,2,20,68,25409,40308,1,FEASIBLE,WORSE
1939,2,20,69,26491,41076,0,CAPACITY_EXCEEDED,INVALID
1940,2,20,70,26456,40813,0,CAPACITY_EXCEEDED,INVALID
1941,2,20,71,25106,39686,1,FEASIBLE,WORSE
1942,2,20,72,26326,40740,0,CAPACITY_EXCEEDED,INVALID
1943,2,20,73,25099,40263,1,FEASIBLE,WORSE
1944,2,20,74,25270,39939,1,FEASIBLE,WORSE
1945,2,20,75,26260,41084,0,CAPACITY_EXCEEDED,INVALID
1946,2,20,76,25483,39705,1,FEASIBLE,WORSE
1947,2,20,77,26348,40932,0,CAPACITY_EXCEEDED,INVALID
1948,2,20,78,24568,39706,1,FEASIBLE,WORSE
1949,2,20,79,25260,39793,1,FEASIBLE,WORSE
1950,2,20,80,26487,41357,0,CAPACITY_EXCEEDED,INVALID
1951,2,20,81,25463,39796,1,FEASIBLE,WORSE
1952,2,20,82,26406,41134,0,CAPACITY_EXCEEDED,INVALID
1953,2,20,83,25267,39854,1,FEASIBLE,WORSE
1954,2,20,84,24580,39889,1,FEASIBLE,WORSE
1955,2,20,85,25116,40169,1,FEASIBLE,WORSE
1956,2,20,86,26470,41157,0,CAPACITY_EXCEEDED,INVALID
1957,2,20,87,25515,39980,1,FEASIBLE,WORSE
1958,2,20,88,25461,40276,1,FEASIBLE,WORSE
1959,2,20,89,26364,40772,0,CAPACITY_EXCEEDED,INVALID
1960,2,20,90,24908,39939,1,FEASIBLE,WORSE
1961,2,20,91,26083,40952,0,CAPACITY_EXCEEDED,INVALID
1962,2,20,92,25514,40198,1,FEASIBLE,WORSE
1963,2,20,93,25373,39901,1,FEASIBLE,WORSE
1964,2,20,94,25918,40859,1,FEASIBLE,WORSE
1965,2,20,95,25600,40708,1,FEASIBLE,WORSE
1966,2,20,96,26541,40810,0,CAPACITY_EXCEEDED,INVALID
1967,2,20,97,26313,41276,0,CAPACITY_EXCEEDED,INVALID
1968,2,20,98,26497,41048,0,CAPACITY_EXCEEDED,INVALID
1969,2,20,99,26248,40943,0,CAPACITY_EXCEEDED,INVALID
1970,2,21,22,24664,39959,1,FEASIBLE,WORSE
1971,2,21,23,26395,41140,0,CAPACITY_EXCEEDED,INVALID
1972,2,21,24,25749,40898,1,FEASIBLE,WORSE
1973,2,21,25,25451,40003,1,FEASIBLE,WORSE
1974,2,21,26,25008,39999,1,FEASIBLE,WORSE
1975,2,21,27,25400,40358,1,FEASIBLE,WORSE
1976,2,21,28,25427,40710,1,FEASIBLE,WORSE
1977,2,21,29,26232,41002,0,CAPACITY_EXCEEDED,INVALID
1978,2,21,30,25345,40169,1,FEASIBLE,WORSE
1979,2,21,31,26177,41096,0,CAPACITY_EXCEEDED,INVALID
1980,2,21,32,25095,39852,1,FEASIBLE,WORSE
1981,2,21,33,26397,41393,0,CAPACITY_EXCEEDED,INVALID
1982,2,21,34,26312,41005,0,CAPACITY_EXCEEDED,INVALID
1983,2,21,35,25395,40148,1,FEASIBLE,WORSE
1984,2,21,36,25265,40443,1,FEASIBLE,WORSE
1985,2,21,37,24510,39871,1,FEASIBLE,WORSE
1986,2,21,38,24844,39894,1,FEASIBLE,WORSE
1987,2,21,39,25035,40289,1,FEASIBLE,WORSE
1988,2,21,40,24675,40159,1,FEASIBLE,WORSE
1989,2,21,41,24644,40106,1,FEASIBLE,WORSE
1990,2,21,42,24966,39998,1,FEASIBLE,WORSE
1991,2,21,43,24989,39827,1,FEASIBLE,WORSE
1992,2,21,44,25559,40833,1,FEASIBLE,WORSE
1993,2,21,45,25096,40442,1,FEASIBLE,WORSE
1994,2,21,46,25313,40202,1,FEASIBLE,WORSE
1995,2,21,47,26084,41109,0,CAPACITY_EXCEEDED,INVALID
1996,2,21,48,24851,40214,1,FEASIBLE,WORSE
1997,2,21,49,25603,40894,1,FEASIBLE,WORSE
1998,2,21,50,24829,39923,1,FEASIBLE,WORSE
1999,2,21,51,25360,40278,1,FEASIBLE,WORSE
2000,2,21,52,25352,40687,1,FEASIBLE,WORSE
2001,2,21,53,24812,40141,1,FEASIBLE,WORSE
2002,2,21,54,25921,41117,1,FEASIBLE,WORSE
2003,2,21,55,26358,41001,0,CAPACITY_EXCEEDED,INVALID
2004,2,21,56,26088,41288,0,CAPACITY_EXCEEDED,INVALID
2005,2,21,57,26160,40943,0,CAPACITY_EXCEEDED,INVALID
2006,2,21,58,25330,40594,1,FEASIBLE,WORSE
2007,2,21,59,24625,39938,1,FEASIBLE,WORSE
2008,2,21,60,25374,40105,1,FEASIBLE,WORSE
2009,2,21,61,26077,40817,0,CAPACITY_EXCEEDED,INVALID
2010,2,21,62,24546,40025,1,FEASIBLE,WORSE
2011,2,21,63,26366,40822,0,CAPACITY_EXCEEDED,INVALID
2012,2,21,64,26352,41137,0,CAPACITY_EXCEEDED,INVALID
2013,2,21,65,25006,39899,1,FEASIBLE,WORSE
2014,2,21,66,24764,40183,1,FEASIBLE,WORSE
2015,2,21,67,26250,41111,0,CAPACITY_EXCEEDED,INVALID
2016,2,21,68,25320,40426,1,FEASIBLE,WORSE
2017,2,21,69,26402,41194,0,CAPACITY_EXCEEDED,INVALID
2018,2,21,70,26367,40931,0,CAPACITY_EXCEEDED,INVALID
2019,2,21,71,25017,39804,1,FEASIBLE,WORSE
2020,2,21,72,26237,40858,0,CAPACITY_EXCEEDED,INVALID
2021,2,21,73,25010,40381,1,FEASIBLE,WORSE
2022,2,21,74,25181,40057,1,FEASIBLE,WORSE
2023,2,21,75,26171,41202,0,CAPACITY_EXCEEDED,INVALID
2024,2,21,76,25394,39823,1,FEASIBLE,WORSE
2025,2,21,77,26259,41050,0,CAPACITY_EXCEEDED,INVALID
2026,2,21,78,24479,39824,1,FEASIBLE,WORSE
2027,2,21,79,25171,39911,1,FEASIBLE,WORSE
2028,2,21,80,26398,41475,0,CAPACITY_EXCEEDED,INVALID
2029,2,21,81,25374,39914,1,FEASIBLE,WORSE
2030,2,21,82,26317,41252,0,CAPACITY_EXCEEDED,INVALID
2031,2,21,83,25178,39972,1,FEASIBLE,WORSE
2032,2,21,84,24491,40007,1,FEASIBLE,WORSE
2033,2,21,85,25027,40287,1,FEASIBLE,WORSE
2034,2,21,86,26381,41275,0,CAPACITY_EXCEEDED,INVALID
2035,2,21,87,25426,40098,1,FEASIBLE,WORSE
2036,2,21,88,25372,40394,1,FEASIBLE,WORSE
2037,2,21,89,26275,40890,0,CAPACITY_EXCEEDED,INVALID
2038,2,21,90,24819,40057,1,FEASIBLE,WORSE
2039,2,21,91,25994,41070,0,CAPACITY_EXCEEDED,INVALID
2040,2,21,92,25425,40316,1,FEASIBLE,WORSE
2041,2,21,93,25284,40019,1,FEASIBLE,WORSE
2042,2,21,94,25829,40977,1,FEASIBLE,WORSE
2043,2,21,95,25511,40826,1,FEASIBLE,WORSE
2044,2,21,96,26452,40928,0,CAPACITY_EXCEEDED,INVALID
2045,2,21,97,26224,41394,0,CAPACITY_EXCEEDED,INVALID
2046,2,21,98,26408,41166,0,CAPACITY_EXCEEDED,INVALID
2047,2,21,99,26159,41061,0,CAPACITY_EXCEEDED,INVALID
2048,2,22,23,26089,40981,0,CAPACITY_EXCEEDED,INVALID
2049,2,22,24,25443,40739,1,FEASIBLE,WORSE
2050,2,22,25,25145,39844,1,FEASIBLE,WORSE
2051,2,22,26,24702,39840,1,FEASIBLE,WORSE
2052,2,22,27,25094,40199,1,FEASIBLE,WORSE
2053,2,22,28,25121,40551,1,FEASIBLE,WORSE
2054,2,22,29,25926,40843,1,FEASIBLE,WORSE
2055,2,22,30,25039,40010,1,FEASIBLE,WORSE
2056,2,22,31,25871,40937,1,FEASIBLE,WORSE
2057,2,22,32,24789,39693,1,FEASIBLE,WORSE
2058,2,22,33,26091,41234,0,CAPACITY_EXCEEDED,INVALID
2059,2,22,34,26006,40846,0,CAPACITY_EXCEEDED,INVALID
2060,2,22,35,25089,39989,1,FEASIBLE,WORSE
2061,2,22,36,24959,40284,1,FEASIBLE,WORSE
2062,2,22,37,24204,39712,1,FEASIBLE,WORSE
2063,2,22,38,24538,39735,1,FEASIBLE,WORSE
2064,2,22,39,24729,40130,1,FEASIBLE,WORSE
2065,2,22,40,24369,40000,1,FEASIBLE,WORSE
2066,2,22,41,24338,39947,1,FEASIBLE,WORSE
2067,2,22,42,24660,39839,1,FEASIBLE,WORSE
2068,2,22,43,24683,39668,1,FEASIBLE,WORSE
2069,2,22,44,25253,40674,1,FEASIBLE,WORSE
2070,2,22,45,24790,40283,1,FEASIBLE,WORSE
2071,2,22,46,25007,40043,1,FEASIBLE,WORSE
2072,2,22,47,25778,40950,1,FEASIBLE,WORSE
2073,2,22,48,24545,40055,1,FEASIBLE,WORSE
2074,2,22,49,25297,40735,1,FEASIBLE,WORSE
2075,2,22,50,24523,39764,1,FEASIBLE,WORSE
2076,2,22,51,25054,40119,1,FEASIBLE,WORSE
2077,2,22,52,25046,40528,1,FEASIBLE,WORSE
2078,2,22,53,24506,39982,1,FEASIBLE,WORSE
2079,2,22,54,25615,40958,1,FEASIBLE,WORSE
2080,2,22,55,26052,40842,0,CAPACITY_EXCEEDED,INVALID
2081,2,22,56,25782,41129,1,FEASIBLE,WORSE
2082,2,22,57,25854,40784,1,FEASIBLE,WORSE
2083,2,22,58,25024,40435,1,FEASIBLE,WORSE
2084,2,22,59,24319,39779,1,FEASIBLE,WORSE
2085,2,22,60,25068,39946,1,FEASIBLE,WORSE
2086,2,22,61,25771,40658,1,FEASIBLE,WORSE
2087,2,22,62,24240,39866,1,FEASIBLE,WORSE
2088,2,22,63,26060,40663,0,CAPACITY_EXCEEDED,INVALID
2089,2,22,64,26046,40978,0,CAPACITY_EXCEEDED,INVALID
2090,2,22,65,24700,39740,1,FEASIBLE,WORSE
2091,2,22,66,24458,40024,1,FEASIBLE,WORSE
2092,2,22,67,25944,40952,1,FEASIBLE,WORSE
2093,2,22,68,25014,40267,1,FEASIBLE,WORSE
2094,2,22,69,26096,41035,0,CAPACITY_EXCEEDED,INVALID
2095,2,22,70,26061,40772,0,CAPACITY_EXCEEDED,INVALID
2096,2,22,71,24711,39645,1,FEASIBLE,WORSE
2097,2,22,72,25931,40699,1,FEASIBLE,WORSE
2098,2,22,73,24704,40222,1,FEASIBLE,WORSE
2099,2,22,74,24875,39898,1,FEASIBLE,WORSE
2100,2,22,75,25865,41043,1,FEASIBLE,WORSE
2101,2,22,76,25088,39664,1,FEASIBLE,WORSE
2102,2,22,77,25953,40891,1,FEASIBLE,WORSE
2103,2,22,78,24173,39665,1,FEASIBLE,WORSE
2104,2,22,79,24865,39752,1,FEASIBLE,WORSE
2105,2,22,80,26092,41316,0,CAPACITY_EXCEEDED,INVALID
2106,2,22,81,25068,39755,1,FEASIBLE,WORSE
2107,2,22,82,26011,41093,0,CAPACITY_EXCEEDED,INVALID
2108,2,22,83,24872,39813,1,FEASIBLE,WORSE
2109,2,22,84,24185,39848,1,FEASIBLE,WORSE
2110,2,22,85,24721,40128,1,FEASIBLE,WORSE
2111,2,22,86,26075,41116,0,CAPACITY_EXCEEDED,INVALID
2112,2,22,87,25120,39939,1,FEASIBLE,WORSE
2113,2,22,88,25066,40235,1,FEASIBLE,WORSE
2114,2,22,89,25969,40731,1,FEASIBLE,WORSE
2115,2,22,90,24513,39898,1,FEASIBLE,WORSE
2116,2,22,91,25688,40911,1,FEASIBLE,WORSE
2117,2,22,92,25119,40157,1,FEASIBLE,WORSE
2118,2,22,93,24978,39860,1,FEASIBLE,WORSE
2119,2,22,94,25523,40818,1,FEASIBLE,WORSE
2120,2,22,95,25205,40667,1,FEASIBLE,WORSE
2121,2,22,96,26146,40769,0,CAPACITY_EXCEEDED,INVALID
2122,2,22,97,25918,41235,1,FEASIBLE,WORSE
2123,2,22,98,26102,41007,0,CAPACITY_EXCEEDED,INVALID
2124,2,22,99,25853,40902,1,FEASIBLE,WORSE
2125,2,23,24,27174,41920,0,CAPACITY_EXCEEDED,INVALID
2126,2,23,25,26876,41025,0,CAPACITY_EXCEEDED,INVALID
2127,2,23,26,26433,41021,0,CAPACITY_EXCEEDED,INVALID
2128,2,23,27,26825,41380,0,CAPACITY_EXCEEDED,INVALID
2129,2,23,28,26852,41732,0,CAPACITY_EXCEEDED,INVALID
2130,2,23,29,27657,42024,0,CAPACITY_EXCEEDED,INVALID
2131,2,23,30,26770,41191,0,CAPACITY_EXCEEDED,INVALID
2132,2,23,31,27602,42118,0,CAPACITY_EXCEEDED,INVALID
2133,2,23,32,26520,40874,0,CAPACITY_EXCEEDED,INVALID
2134,2,23,33,27822,42415,0,CAPACITY_EXCEEDED,INVALID
2135,2,23,34,27737,42027,0,CAPACITY_EXCEEDED,INVALID
2136,2,23,35,26820,41170,0,CAPACITY_EXCEEDED,INVALID
2137,2,23,36,26690,41465,0,CAPACITY_EXCEEDED,INVALID
2138,2,23,37,25935,40893,1,FEASIBLE,WORSE
2139,2,23,38,26269,40916,0,CAPACITY_EXCEEDED,INVALID
2140,2,23,39,26460,41311,0,CAPACITY_EXCEEDED,INVALID
2141,2,23,40,26100,41181,0,CAPACITY_EXCEEDED,INVALID
2142,2,23,41,26069,41128,0,CAPACITY_EXCEEDED,INVALID
2143,2,23,42,26391,41020,0,CAPACITY_EXCEEDED,INVALID
2144,2,23,43,26414,40849,0,CAPACITY_EXCEEDED,INVALID
2145,2,23,44,26984,41855,0,CAPACITY_EXCEEDED,INVALID
2146,2,23,45,26521,41464,0,CAPACITY_EXCEEDED,INVALID
2147,2,23,46,26738,41224,0,CAPACITY_EXCEEDED,INVALID
2148,2,23,47,27509,42131,0,CAPACITY_EXCEEDED,INVALID
2149,2,23,48,26276,41236,0,CAPACITY_EXCEEDED,INVALID
2150,2,23,49,27028,41916,0,CAPACITY_EXCEEDED,INVALID
2151,2,23,50,26254,40945,0,CAPACITY_EXCEEDED,INVALID
2152,2,23,51,26785,41300,0,CAPACITY_EXCEEDED,INVALID
2153,2,23,52,26777,41709,0,CAPACITY_EXCEEDED,INVALID
2154,2,23,53,26237,41163,0,CAPACITY_EXCEEDED,INVALID
2155,2,23,54,27346,42139,0,CAPACITY_EXCEEDED,INVALID
2156,2,23,55,27783,42023,0,CAPACITY_EXCEEDED,INVALID
2157,2,23,56,27513,42310,0,CAPACITY_EXCEEDED,INVALID
2158,2,23,57,27585,41965,0,CAPACITY_EXCEEDED,INVALID
2159,2,23,58,26755,41616,0,CAPACITY_EXCEEDED,INVALID
2160,2,23,59,26050,40960,0,CAPACITY_EXCEEDED,INVALID
2161,2,23,60,26799,41127,0,CAPACITY_EXCEEDED,INVALID
2162,2,23,61,27502,41839,0,CAPACITY_EXCEEDED,INVALID
2163,2,23,62,25971,41047,1,FEASIBLE,WORSE
2164,2,23,63,27791,41844,0,CAPACITY_EXCEEDED,INVALID
2165,2,23,64,27777,42159,0,CAPACITY_EXCEEDED,INVALID
2166,2,23,65,26431,40921,0,CAPACITY_EXCEEDED,INVALID
2167,2,23,66,26189,41205,0,CAPACITY_EXCEEDED,INVALID
2168,2,23,67,27675,42133,0,CAPACITY_EXCEEDED,INVALID
2169,2,23,68,26745,41448,0,CAPACITY_EXCEEDED,INVALID
2170,2,23,69,27827,42216,0,CAPACITY_EXCEEDED,INVALID
2171,2,23,70,27792,41953,0,CAPACITY_EXCEEDED,INVALID
2172,2,23,71,26442,40826,0,CAPACITY_EXCEEDED,INVALID
2173,2,23,72,27662,41880,0,CAPACITY_EXCEEDED,INVALID
2174,2,23,73,26435,41403,0,CAPACITY_EXCEEDED,INVALID
2175,2,23,74,26606,41079,0,CAPACITY_EXCEEDED,INVALID
2176,2,23,75,27596,42224,0,CAPACITY_EXCEEDED,INVALID
2177,2,23,76,26819,40845,0,CAPACITY_EXCEEDED,INVALID
2178,2,23,77,27684,42072,0,CAPACITY_EXCEEDED,INVALID
2179,2,23,78,25904,40846,1,FEASIBLE,WORSE
2180,2,23,79,26596,40933,0,CAPACITY_EXCEEDED,INVALID
2181,2,23,80,27823,42497,0,CAPACITY_EXCEEDED,INVALID
2182,2,23,81,26799,40936,0,CAPACITY_EXCEEDED,INVALID
2183,2,23,82,27742,42274,0,CAPACITY_EXCEEDED,INVALID
2184,2,23,83,26603,40994,0,CAPACITY_EXCEEDED,INVALID
2185,2,23,84,25916,41029,1,FEASIBLE,WORSE
2186,2,23,85,26452,41309,0,CAPACITY_EXCEEDED,INVALID
2187,2,23,86,27806,42297,0,CAPACITY_EXCEEDED,INVALID
2188,2,23,87,26851,41120,0,CAPACITY_EXCEEDED,INVALID
2189,2,23,88,26797,41416,0,CAPACITY_EXCEEDED,INVALID
2190,2,23,89,27700,41912,0,CAPACITY_EXCEEDED,INVALID
2191,2,23,90,26244,41079,0,CAPACITY_EXCEEDED,INVALID
2192,2,23,91,27419,42092,0,CAPACITY_EXCEEDED,INVALID
2193,2,23,92,26850,41338,0,CAPACITY_EXCEEDED,INVALID
2194,2,23,93,26709,41041,0,CAPACITY_EXCEEDED,INVALID
2195,2,23,94,27254,41999,0,CAPACITY_EXCEEDED,INVALID
2196,2,23,95,26936,41848,0,CAPACITY_EXCEEDED,INVALID
2197,2,23,96,27877,41950,0,CAPACITY_EXCEEDED,INVALID
2198,2,23,97,27649,42416,0,CAPACITY_EXCEEDED,INVALID
2199,2,23,98,27833,42188,0,CAPACITY_EXCEEDED,INVALID
2200,2,23,99,27584,42083,0,CAPACITY_EXCEEDED,INVALID
2201,2,24,25,26230,40783,0,CAPACITY_EXCEEDED,INVALID
2202,2,24,26,25787,40779,1,FEASIBLE,WORSE
2203,2,24,27,26179,41138,0,CAPACITY_EXCEEDED,INVALID
2204,2,24,28,26206,41490,0,CAPACITY_EXCEEDED,INVALID
2205,2,24,29,27011,41782,0,CAPACITY_EXCEEDED,INVALID
2206,2,24,30,26124,40949,0,CAPACITY_EXCEEDED,INVALID
2207,2,24,31,26956,41876,0,CAPACITY_EXCEEDED,INVALID
2208,2,24,32,25874,40632,1,FEASIBLE,WORSE
2209,2,24,33,27176,42173,0,CAPACITY_EXCEEDED,INVALID
2210,2,24,34,27091,41785,0,CAPACITY_EXCEEDED,INVALID
2211,2,24,35,26174,40928,0,CAPACITY_EXCEEDED,INVALID
2212,2,24,36,26044,41223,0,CAPACITY_EXCEEDED,INVALID
2213,2,24,37,25289,40651,1,FEASIBLE,WORSE
2214,2,24,38,25623,40674,1,FEASIBLE,WORSE
2215,2,24,39,25814,41069,1,FEASIBLE,WORSE
2216,2,24,40,25454,40939,1,FEASIBLE,WORSE
2217,2,24,41,25423,40886,1,FEASIBLE,WORSE
2218,2,24,42,25745,40778,1,FEASIBLE,WORSE
2219,2,24,43,25768,40607,1,FEASIBLE,WORSE
2220,2,24,44,26338,41613,0,CAPACITY_EXCEEDED,INVALID
2221,2,24,45,25875,41222,1,FEASIBLE,WORSE
2222,2,24,46,26092,40982,0,CAPACITY_EXCEEDED,INVALID
2223,2,24,47,26863,41889,0,CAPACITY_EXCEEDED,INVALID
2224,2,24,48,25630,40994,1,FEASIBLE,WORSE
2225,2,24,49,26382,41674,0,CAPACITY_EXCEEDED,INVALID
2226,2,24,50,25608,40703,1,FEASIBLE,WORSE
2227,2,24,51,26139,41058,0,CAPACITY_EXCEEDED,INVALID
2228,2,24,52,26131,41467,0,CAPACITY_EXCEEDED,INVALID
2229,2,24,53,25591,40921,1,FEASIBLE,WORSE
2230,2,24,54,26700,41897,0,CAPACITY_EXCEEDED,INVALID
2231,2,24,55,27137,41781,0,CAPACITY_EXCEEDED,INVALID
2232,2,24,56,26867,42068,0,CAPACITY_EXCEEDED,INVALID
2233,2,24,57,26939,41723,0,CAPACITY_EXCEEDED,INVALID
2234,2,24,58,26109,41374,0,CAPACITY_EXCEEDED,INVALID
2235,2,24,59,25404,40718,1,FEASIBLE,WORSE
2236,2,24,60,26153,40885,0,CAPACITY_EXCEEDED,INVALID
2237,2,24,61,26856,41597,0,CAPACITY_EXCEEDED,INVALID
2238,2,24,62,25325,40805,1,FEASIBLE,WORSE
2239,2,24,63,27145,41602,0,CAPACITY_EXCEEDED,INVALID
2240,2,24,64,27131,41917,0,CAPACITY_EXCEEDED,INVALID
2241,2,24,65,25785,40679,1,FEASIBLE,WORSE
2242,2,24,66,25543,40963,1,FEASIBLE,WORSE
2243,2,24,67,27029,41891,0,CAPACITY_EXCEEDED,INVALID
2244,2,24,68,26099,41206,0,CAPACITY_EXCEEDED,INVALID
2245,2,24,69,27181,41974,0,CAPACITY_EXCEEDED,INVALID
2246,2,24,70,27146,41711,0,CAPACITY_EXCEEDED,INVALID
2247,2,24,71,25796,40584,1,FEASIBLE,WORSE
2248,2,24,72,27016,41638,0,CAPACITY_EXCEEDED,INVALID
2249,2,24,73,25789,41161,1,FEASIBLE,WORSE
2250,2,24,74,25960,40837,1,FEASIBLE,WORSE
2251,2,24,75,26950,41982,0,CAPACITY_EXCEEDED,INVALID
2252,2,24,76,26173,40603,0,CAPACITY_EXCEEDED,INVALID
2253,2,24,77,27038,41830,0,CAPACITY_EXCEEDED,INVALID
2254,2,24,78,25258,40604,1,FEASIBLE,WORSE
2255,2,24,79,25950,40691,1,FEASIBLE,WORSE
2256,2,24,80,27177,42255,0,CAPACITY_EXCEEDED,INVALID
2257,2,24,81,26153,40694,0,CAPACITY_EXCEEDED,INVALID
2258,2,24,82,27096,42032,0,CAPACITY_EXCEEDED,INVALID
2259,2,24,83,25957,40752,1,FEASIBLE,WORSE
2260,2,24,84,25270,40787,1,FEASIBLE,WORSE
2261,2,24,85,25806,41067,1,FEASIBLE,WORSE
2262,2,24,86,27160,42055,0,CAPACITY_EXCEEDED,INVALID
2263,2,24,87,26205,40878,0,CAPACITY_EXCEEDED,INVALID
2264,2,24,88,26151,41174,0,CAPACITY_EXCEEDED,INVALID
2265,2,24,89,27054,41670,0,CAPACITY_EXCEEDED,INVALID
2266,2,24,90,25598,40837,1,FEASIBLE,WORSE
2267,2,24,91,26773,41850,0,CAPACITY_EXCEEDED,INVALID
2268,2,24,92,26204,41096,0,CAPACITY_EXCEEDED,INVALID
2269,2,24,93,26063,40799,0,CAPACITY_EXCEEDED,INVALID
2270,2,24,94,26608,41757,0,CAPACITY_EXCEEDED,INVALID
2271,2,24,95,26290,41606,0,CAPACITY_EXCEEDED,INVALID
2272,2,24,96,27231,41708,0,CAPACITY_EXCEEDED,INVALID
2273,2,24,97,27003,42174,0,CAPACITY_EXCEEDED,INVALID
2274,2,24,98,27187,41946,0,CAPACITY_EXCEEDED,INVALID
2275,2,24,99,26938,41841,0,CAPACITY_EXCEEDED,INVALID
2276,2,25,26,25489,39884,1,FEASIBLE,WORSE
2277,2,25,27,25881,40243,1,FEASIBLE,WORSE
2278,2,25,28,25908,40595,1,FEASIBLE,WORSE
2279,2,25,29,26713,40887,0,CAPACITY_EXCEEDED,INVALID
2280,2,25,30,25826,40054,1,FEASIBLE,WORSE
2281,2,25,31,26658,40981,0,CAPACITY_EXCEEDED,INVALID
2282,2,25,32,25576,39737,1,FEASIBLE,WORSE
2283,2,25,33,26878,41278,0,CAPACITY_EXCEEDED,INVALID
2284,2,25,34,26793,40890,0,CAPACITY_EXCEEDED,INVALID
2285,2,25,35,25876,40033,1,FEASIBLE,WORSE
2286,2,25,36,25746,40328,1,FEASIBLE,WORSE
2287,2,25,37,24991,39756,1,FEASIBLE,WORSE
2288,2,25,38,25325,39779,1,FEASIBLE,WORSE
2289,2,25,39,25516,40174,1,FEASIBLE,WORSE
2290,2,25,40,25156,40044,1,FEASIBLE,WORSE
2291,2,25,41,25125,39991,1,FEASIBLE,WORSE
2292,2,25,42,25447,39883,1,FEASIBLE,WORSE
2293,2,25,43,25470,39712,1,FEASIBLE,WORSE
2294,2,25,44,26040,40718,0,CAPACITY_EXCEEDED,INVALID
2295,2,25,45,25577,40327,1,FEASIBLE,WORSE
2296,2,25,46,25794,40087,1,FEASIBLE,WORSE
2297,2,25,47,26565,40994,0,CAPACITY_EXCEEDED,INVALID
2298,2,25,48,25332,40099,1,FEASIBLE,WORSE
2299,2,25,49,26084,40779,0,CAPACITY_EXCEEDED,INVALID
2300,2,25,50,25310,39808,1,FEASIBLE,WORSE
2301,2,25,51,25841,40163,1,FEASIBLE,WORSE
2302,2,25,52,25833,40572,1,FEASIBLE,WORSE
2303,2,25,53,25293,40026,1,FEASIBLE,WORSE
2304,2,25,54,26402,41002,0,CAPACITY_EXCEEDED,INVALID
2305,2,25,55,26839,40886,0,CAPACITY_EXCEEDED,INVALID
2306,2,25,56,26569,41173,0,CAPACITY_EXCEEDED,INVALID
2307,2,25,57,26641,40828,0,CAPACITY_EXCEEDED,INVALID
2308,2,25,58,25811,40479,1,FEASIBLE,WORSE
2309,2,25,59,25106,39823,1,FEASIBLE,WORSE
2310,2,25,60,25855,39990,1,FEASIBLE,WORSE
2311,2,25,61,26558,40702,0,CAPACITY_EXCEEDED,INVALID
2312,2,25,62,25027,39910,1,FEASIBLE,WORSE
2313,2,25,63,26847,40707,0,CAPACITY_EXCEEDED,INVALID
2314,2,25,64,26833,41022,0,CAPACITY_EXCEEDED,INVALID
2315,2,25,65,25487,39784,1,FEASIBLE,WORSE
2316,2,25,66,25245,40068,1,FEASIBLE,WORSE
2317,2,25,67,26731,40996,0,CAPACITY_EXCEEDED,INVALID
2318,2,25,68,25801,40311,1,FEASIBLE,WORSE
2319,2,25,69,26883,41079,0,CAPACITY_EXCEEDED,INVALID
2320,2,25,70,26848,40816,0,CAPACITY_EXCEEDED,INVALID
2321,2,25,71,25498,39689,1,FEASIBLE,WORSE
2322,2,25,72,26718,40743,0,CAPACITY_EXCEEDED,INVALID
2323,2,25,73,25491,40266,1,FEASIBLE,WORSE
2324,2,25,74,25662,39942,1,FEASIBLE,WORSE
2325,2,25,75,26652,41087,0,CAPACITY_EXCEEDED,INVALID
2326,2,25,76,25875,39708,1,FEASIBLE,WORSE
2327,2,25,77,26740,40935,0,CAPACITY_EXCEEDED,INVALID
2328,2,25,78,24960,39709,1,FEASIBLE,WORSE
2329,2,25,79,25652,39796,1,FEASIBLE,WORSE
2330,2,25,80,26879,41360,0,CAPACITY_EXCEEDED,INVALID
2331,2,25,81,25855,39799,1,FEASIBLE,WORSE
2332,2,25,82,26798,41137,0,CAPACITY_EXCEEDED,INVALID
2333,2,25,83,25659,39857,1,FEASIBLE,WORSE
2334,2,25,84,24972,39892,1,FEASIBLE,WORSE
2335,2,25,85,25508,40172,1,FEASIBLE,WORSE
2336,2,25,86,26862,41160,0,CAPACITY_EXCEEDED,INVALID
2337,2,25,87,25907,39983,1,FEASIBLE,WORSE
2338,2,25,88,25853,40279,1,FEASIBLE,WORSE
2339,2,25,89,26756,40775,0,CAPACITY_EXCEEDED,INVALID
2340,2,25,90,25300,39942,1,FEASIBLE,WORSE
2341,2,25,91,26475,40955,0,CAPACITY_EXCEEDED,INVALID
2342,2,25,92,25906,40201,1,FEASIBLE,WORSE
2343,2,25,93,25765,39904,1,FEASIBLE,WORSE
2344,2,25,94,26310,40862,0,CAPACITY_EXCEEDED,INVALID
2345,2,25,95,25992,40711,0,CAPACITY_EXCEEDED,INVALID
2346,2,25,96,26933,40813,0,CAPACITY_EXCEEDED,INVALID
2347,2,25,97,26705,41279,0,CAPACITY_EXCEEDED,INVALID
2348,2,25,98,26889,41051,0,CAPACITY_EXCEEDED,INVALID
2349,2,25,99,26640,40946,0,CAPACITY_EXCEEDED,INVALID
2350,2,26,27,25438,40239,1,FEASIBLE,WORSE
2351,2,26,28,25465,40591,1,FEASIBLE,WORSE
2352,2,26,29,26270,40883,0,CAPACITY_EXCEEDED,INVALID
2353,2,26,30,25383,40050,1,FEASIBLE,WORSE
2354,2,26,31,26215,40977,0,CAPACITY_EXCEEDED,INVALID
2355,2,26,32,25133,39733,1,FEASIBLE,WORSE
2356,2,26,33,26435,41274,0,CAPACITY_EXCEEDED,INVALID
2357,2,26,34,26350,40886,0,CAPACITY_EXCEEDED,INVALID
2358,2,26,35,25433,40029,1,FEASIBLE,WORSE
2359,2,26,36,25303,40324,1,FEASIBLE,WORSE
2360,2,26,37,24548,39752,1,FEASIBLE,WORSE
2361,2,26,38,24882,39775,1,FEASIBLE,WORSE
2362,2,26,39,25073,40170,1,FEASIBLE,WORSE
2363,2,26,40,24713,40040,1,FEASIBLE,WORSE
2364,2,26,41,24682,39987,1,FEASIBLE,WORSE
2365,2,26,42,25004,39879,1,FEASIBLE,WORSE
2366,2,26,43,25027,39708,1,FEASIBLE,WORSE
2367,2,26,44,25597,40714,1,FEASIBLE,WORSE
2368,2,26,45,25134,40323,1,FEASIBLE,WORSE
2369,2,26,46,25351,40083,1,FEASIBLE,WORSE
2370,2,26,47,26122,40990,0,CAPACITY_EXCEEDED,INVALID
2371,2,26,48,24889,40095,1,FEASIBLE,WORSE
2372,2,26,49,25641,40775,1,FEASIBLE,WORSE
2373,2,26,50,24867,39804,1,FEASIBLE,WORSE
2374,2,26,51,25398,40159,1,FEASIBLE,WORSE
2375,2,26,52,25390,40568,1,FEASIBLE,WORSE
2376,2,26,53,24850,40022,1,FEASIBLE,WORSE
2377,2,26,54,25959,40998,1,FEASIBLE,WORSE
2378,2,26,55,26396,40882,0,CAPACITY_EXCEEDED,INVALID
2379,2,26,56,26126,41169,0,CAPACITY_EXCEEDED,INVALID
2380,2,26,57,26198,40824,0,CAPACITY_EXCEEDED,INVALID
2381,2,26,58,25368,40475,1,FEASIBLE,WORSE
2382,2,26,59,24663,39819,1,FEASIBLE,WORSE
2383,2,26,60,25412,39986,1,FEASIBLE,WORSE
2384,2,26,61,26115,40698,0,CAPACITY_EXCEEDED,INVALID
2385,2,26,62,24584,39906,1,FEASIBLE,WORSE
2386,2,26,63,26404,40703,0,CAPACITY_EXCEEDED,INVALID
2387,2,26,64,26390,41018,0,CAPACITY_EXCEEDED,INVALID
2388,2,26,65,25044,39780,1,FEASIBLE,WORSE
2389,2,26,66,24802,40064,1,FEASIBLE,WORSE
2390,2,26,67,26288,40992,0,CAPACITY_EXCEEDED,INVALID
2391,2,26,68,25358,40307,1,FEASIBLE,WORSE
2392,2,26,69,26440,41075,0,CAPACITY_EXCEEDED,INVALID
2393,2,26,70,26405,40812,0,CAPACITY_EXCEEDED,INVALID
2394,2,26,71,25055,39685,1,FEASIBLE,WORSE
2395,2,26,72,26275,40739,0,CAPACITY_EXCEEDED,INVALID
2396,2,26,73,25048,40262,1,FEASIBLE,WORSE
2397,2,26,74,25219,39938,1,FEASIBLE,WORSE
2398,2,26,75,26209,41083,0,CAPACITY_EXCEEDED,INVALID
2399,2,26,76,25432,39704,1,FEASIBLE,WORSE
2400,2,26,77,26297,40931,0,CAPACITY_EXCEEDED,INVALID
2401,2,26,78,24517,39705,1,FEASIBLE,WORSE
2402,2,26,79,25209,39792,1,FEASIBLE,WORSE
2403,2,26,80,26436,41356,0,CAPACITY_EXCEEDED,INVALID
2404,2,26,81,25412,39795,1,FEASIBLE,WORSE
2405,2,26,82,26355,41133,0,CAPACITY_EXCEEDED,INVALID
2406,2,26,83,25216,39853,1,FEASIBLE,WORSE
2407,2,26,84,24529,39888,1,FEASIBLE,WORSE
2408,2,26,85,25065,40168,1,FEASIBLE,WORSE
2409,2,26,86,26419,41156,0,CAPACITY_EXCEEDED,INVALID
2410,2,26,87,25464,39979,1,FEASIBLE,WORSE
2411,2,26,88,25410,40275,1,FEASIBLE,WORSE
2412,2,26,89,26313,40771,0,CAPACITY_EXCEEDED,INVALID
2413,2,26,90,24857,39938,1,FEASIBLE,WORSE
2414,2,26,91,26032,40951,0,CAPACITY_EXCEEDED,INVALID
2415,2,26,92,25463,40197,1,FEASIBLE,WORSE
2416,2,26,93,25322,39900,1,FEASIBLE,WORSE
2417,2,26,94,25867,40858,1,FEASIBLE,WORSE
2418,2,26,95,25549,40707,1,FEASIBLE,WORSE
2419,2,26,96,26490,40809,0,CAPACITY_EXCEEDED,INVALID
2420,2,26,97,26262,41275,0,CAPACITY_EXCEEDED,INVALID
2421,2,26,98,26446,41047,0,CAPACITY_EXCEEDED,INVALID
2422,2,26,99,26197,40942,0,CAPACITY_EXCEEDED,INVALID
2423,2,27,28,25857,40950,1,FEASIBLE,WORSE
2424,2,27,29,26662,41242,0,CAPACITY_EXCEEDED,INVALID
2425,2,27,30,25775,40409,1,FEASIBLE,WORSE
2426,2,27,31,26607,41336,0,CAPACITY_EXCEEDED,INVALID
2427,2,27,32,25525,40092,1,FEASIBLE,WORSE
2428,2,27,33,26827,41633,0,CAPACITY_EXCEEDED,INVALID
2429,2,27,34,26742,41245,0,CAPACITY_EXCEEDED,INVALID
2430,2,27,35,25825,40388,1,FEASIBLE,WORSE
2431,2,27,36,25695,40683,1,FEASIBLE,WORSE
2432,2,27,37,24940,40111,1,FEASIBLE,WORSE
2433,2,27,38,25274,40134,1,FEASIBLE,WORSE
2434,2,27,39,25465,40529,1,FEASIBLE,WORSE
2435,2,27,40,25105,40399,1,FEASIBLE,WORSE
2436,2,27,41,25074,40346,1,FEASIBLE,WORSE
2437,2,27,42,25396,40238,1,FEASIBLE,WORSE
2438,2,27,43,25419,40067,1,FEASIBLE,WORSE
2439,2,27,44,25989,41073,0,CAPACITY_EXCEEDED,INVALID
2440,2,27,45,25526,40682,1,FEASIBLE,WORSE
2441,2,27,46,25743,40442,1,FEASIBLE,WORSE
2442,2,27,47,26514,41349,0,CAPACITY_EXCEEDED,INVALID
2443,2,27,48,25281,40454,1,FEASIBLE,WORSE
2444,2,27,49,26033,41134,0,CAPACITY_EXCEEDED,INVALID
2445,2,27,50,25259,40163,1,FEASIBLE,WORSE
2446,2,27,51,25790,40518,1,FEASIBLE,WORSE
2447,2,27,52,25782,40927,1,FEASIBLE,WORSE
2448,2,27,53,25242,40381,1,FEASIBLE,WORSE
2449,2,27,54,26351,41357,0,CAPACITY_EXCEEDED,INVALID
2450,2,27,55,26788,41241,0,CAPACITY_EXCEEDED,INVALID
2451,2,27,56,26518,41528,0,CAPACITY_EXCEEDED,INVALID
2452,2,27,57,26590,41183,0,CAPACITY_EXCEEDED,INVALID
2453,2,27,58,25760,40834,1,FEASIBLE,WORSE
2454,2,27,59,25055,40178,1,FEASIBLE,WORSE
2455,2,27,60,25804,40345,1,FEASIBLE,WORSE
2456,2,27,61,26507,41057,0,CAPACITY_EXCEEDED,INVALID
2457,2,27,62,24976,40265,1,FEASIBLE,WORSE
2458,2,27,63,26796,41062,0,CAPACITY_EXCEEDED,INVALID
2459,2,27,64,26782,41377,0,CAPACITY_EXCEEDED,INVALID
2460,2,27,65,25436,40139,1,FEASIBLE,WORSE
2461,2,27,66,25194,40423,1,FEASIBLE,WORSE
2462,2,27,67,26680,41351,0,CAPACITY_EXCEEDED,INVALID
2463,2,27,68,25750,40666,1,FEASIBLE,WORSE
2464,2,27,69,26832,41434,0,CAPACITY_EXCEEDED,INVALID
2465,2,27,70,26797,41171,0,CAPACITY_EXCEEDED,INVALID
2466,2,27,71,25447,40044,1,FEASIBLE,WORSE
2467,2,27,72,26667,41098,0,CAPACITY_EXCEEDED,INVALID
2468,2,27,73,25440,40621,1,FEASIBLE,WORSE
2469,2,27,74,25611,40297,1,FEASIBLE,WORSE
2470,2,27,75,26601,41442,0,CAPACITY_EXCEEDED,INVALID
2471,2,27,76,25824,40063,1,FEASIBLE,WORSE
2472,2,27,77,26689,41290,0,CAPACITY_EXCEEDED,INVALID
2473,2,27,78,24909,40064,1,FEASIBLE,WORSE
2474,2,27,79,25601,40151,1,FEASIBLE,WORSE
2475,2,27,80,26828,41715,0,CAPACITY_EXCEEDED,INVALID
2476,2,27,81,25804,40154,1,FEASIBLE,WORSE
2477,2,27,82,26747,41492,0,CAPACITY_EXCEEDED,INVALID
2478,2,27,83,25608,40212,1,FEASIBLE,WORSE
2479,2,27,84,24921,40247,1,FEASIBLE,WORSE
2480,2,27,85,25457,40527,1,FEASIBLE,WORSE
2481,2,27,86,26811,41515,0,CAPACITY_EXCEEDED,INVALID
2482,2,27,87,25856,40338,1,FEASIBLE,WORSE
2483,2,27,88,25802,40634,1,FEASIBLE,WORSE
2484,2,27,89,26705,41130,0,CAPACITY_EXCEEDED,INVALID
2485,2,27,90,25249,40297,1,FEASIBLE,WORSE
2486,2,27,91,26424,41310,0,CAPACITY_EXCEEDED,INVALID
2487,2,27,92,25855,40556,1,FEASIBLE,WORSE
2488,2,27,93,25714,40259,1,FEASIBLE,WORSE
2489,2,27,94,26259,41217,0,CAPACITY_EXCEEDED,INVALID
2490,2,27,95,25941,41066,1,FEASIBLE,WORSE
2491,2,27,96,26882,41168,0,CAPACITY_EXCEEDED,INVALID
2492,2,27,97,26654,41634,0,CAPACITY_EXCEEDED,INVALID
2493,2,27,98,26838,41406,0,CAPACITY_EXCEEDED,INVALID
2494,2,27,99,26589,41301,0,CAPACITY_EXCEEDED,INVALID
2495,2,28,29,26689,41594,0,CAPACITY_EXCEEDED,INVALID
2496,2,28,30,25802,40761,1,FEASIBLE,WORSE
2497,2,28,31,26634,41688,0,CAPACITY_EXCEEDED,INVALID
2498,2,28,32,25552,40444,1,FEASIBLE,WORSE
2499,2,28,33,26854,41985,0,CAPACITY_EXCEEDED,INVALID
2500,2,28,34,26769,41597,0,CAPACITY_EXCEEDED,INVALID
2501,2,28,35,25852,40740,1,FEASIBLE,WORSE
2502,2,28,36,25722,41035,1,FEASIBLE,WORSE
2503,2,28,37,24967,40463,1,FEASIBLE,WORSE
2504,2,28,38,25301,40486,1,FEASIBLE,WORSE
2505,2,28,39,25492,40881,1,FEASIBLE,WORSE
2506,2,28,40,25132,40751,1,FEASIBLE,WORSE
2507,2,28,41,25101,40698,1,FEASIBLE,WORSE
2508,2,28,42,25423,40590,1,FEASIBLE,WORSE
2509,2,28,43,25446,40419,1,FEASIBLE,WORSE
2510,2,28,44,26016,41425,0,CAPACITY_EXCEEDED,INVALID
2511,2,28,45,25553,41034,1,FEASIBLE,WORSE
2512,2,28,46,25770,40794,1,FEASIBLE,WORSE
2513,2,28,47,26541,41701,0,CAPACITY_EXCEEDED,INVALID
2514,2,28,48,25308,40806,1,FEASIBLE,WORSE
2515,2,28,49,26060,41486,0,CAPACITY_EXCEEDED,INVALID
2516,2,28,50,25286,40515,1,FEASIBLE,WORSE
2517,2,28,51,25817,40870,1,FEASIBLE,WORSE
2518,2,28,52,25809,41279,1,FEASIBLE,WORSE
2519,2,28,53,25269,40733,1,FEASIBLE,WORSE
2520,2,28,54,26378,41709,0,CAPACITY_EXCEEDED,INVALID
2521,2,28,55,26815,41593,0,CAPACITY_EXCEEDED,INVALID
2522,2,28,56,26545,41880,0,CAPACITY_EXCEEDED,INVALID
2523,2,28,57,26617,41535,0,CAPACITY_EXCEEDED,INVALID
2524,2,28,58,25787,41186,1,FEASIBLE,WORSE
2525,2,28,59,25082,40530,1,FEASIBLE,WORSE
2526,2,28,60,25831,40697,1,FEASIBLE,WORSE
2527,2,28,61,26534,41409,0,CAPACITY_EXCEEDED,INVALID
2528,2,28,62,25003,40617,1,FEASIBLE,WORSE
2529,2,28,63,26823,41414,0,CAPACITY_EXCEEDED,INVALID
2530,2,28,64,26809,41729,0,CAPACITY_EXCEEDED,INVALID
2531,2,28,65,25463,40491,1,FEASIBLE,WORSE
2532,2,28,66,25221,40775,1,FEASIBLE,WORSE
2533,2,28,67,26707,41703,0,CAPACITY_EXCEEDED,INVALID
2534,2,28,68,25777,41018,1,FEASIBLE,WORSE
2535,2,28,69,26859,41786,0,CAPACITY_EXCEEDED,INVALID
2536,2,28,70,26824,41523,0,CAPACITY_EXCEEDED,INVALID
2537,2,28,71,25474,40396,1,FEASIBLE,WORSE
2538,2,28,72,26694,41450,0,CAPACITY_EXCEEDED,INVALID
2539,2,28,73,25467,40973,1,FEASIBLE,WORSE
2540,2,28,74,25638,40649,1,FEASIBLE,WORSE
2541,2,28,75,26628,41794,0,CAPACITY_EXCEEDED,INVALID
2542,2,28,76,25851,40415,1,FEASIBLE,WORSE
2543,2,28,77,26716,41642,0,CAPACITY_EXCEEDED,INVALID
2544,2,28,78,24936,40416,1,FEASIBLE,WORSE
2545,2,28,79,25628,40503,1,FEASIBLE,WORSE
2546,2,28,80,26855,42067,0,CAPACITY_EXCEEDED,INVALID
2547,2,28,81,25831,40506,1,FEASIBLE,WORSE
2548,2,28,82,26774,41844,0,CAPACITY_EXCEEDED,INVALID
2549,2,28,83,25635,40564,1,FEASIBLE,WORSE
2550,2,28,84,24948,40599,1,FEASIBLE,WORSE
2551,2,28,85,25484,40879,1,FEASIBLE,WORSE
2552,2,28,86,26838,41867,0,CAPACITY_EXCEEDED,INVALID
2553,2,28,87,25883,40690,1,FEASIBLE,WORSE
2554,2,28,88,25829,40986,1,FEASIBLE,WORSE
2555,2,28,89,26732,41482,0,CAPACITY_EXCEEDED,INVALID
2556,2,28,90,25276,40649,1,FEASIBLE,WORSE
2557,2,28,91,26451,41662,0,CAPACITY_EXCEEDED,INVALID
2558,2,28,92,25882,40908,1,FEASIBLE,WORSE
2559,2,28,93,25741,40611,1,FEASIBLE,WORSE
2560,2,28,94,26286,41569,0,CAPACITY_EXCEEDED,INVALID
2561,2,28,95,25968,41418,1,FEASIBLE,WORSE
2562,2,28,96,26909,41520,0,CAPACITY_EXCEEDED,INVALID
2563,2,28,97,26681,41986,0,CAPACITY_EXCEEDED,INVALID
2564,2,28,98,26865,41758,0,CAPACITY_EXCEEDED,INVALID
2565,2,28,99,26616,41653,0,CAPACITY_EXCEEDED,INVALID
2566,2,29,30,26607,41053,0,CAPACITY_EXCEEDED,INVALID
2567,2,29,31,27439,41980,0,CAPACITY_EXCEEDED,INVALID
2568,2,29,32,26357,40736,0,CAPACITY_EXCEEDED,INVALID
2569,2,29,33,27659,42277,0,CAPACITY_EXCEEDED,INVALID
2570,2,29,34,27574,41889,0,CAPACITY_EXCEEDED,INVALID
2571,2,29,35,26657,41032,0,CAPACITY_EXCEEDED,INVALID
2572,2,29,36,26527,41327,0,CAPACITY_EXCEEDED,INVALID
2573,2,29,37,25772,40755,1,FEASIBLE,WORSE
2574,2,29,38,26106,40778,0,CAPACITY_EXCEEDED,INVALID
2575,2,29,39,26297,41173,0,CAPACITY_EXCEEDED,INVALID
2576,2,29,40,25937,41043,1,FEASIBLE,WORSE
2577,2,29,41,25906,40990,1,FEASIBLE,WORSE
2578,2,29,42,26228,40882,0,CAPACITY_EXCEEDED,INVALID
2579,2,29,43,26251,40711,0,CAPACITY_EXCEEDED,INVALID
2580,2,29,44,26821,41717,0,CAPACITY_EXCEEDED,INVALID
2581,2,29,45,26358,41326,0,CAPACITY_EXCEEDED,INVALID
2582,2,29,46,26575,41086,0,CAPACITY_EXCEEDED,INVALID
2583,2,29,47,27346,41993,0,CAPACITY_EXCEEDED,INVALID
2584,2,29,48,26113,41098,0,CAPACITY_EXCEEDED,INVALID
2585,2,29,49,26865,41778,0,CAPACITY_EXCEEDED,INVALID
2586,2,29,50,26091,40807,0,CAPACITY_EXCEEDED,INVALID
2587,2,29,51,26622,41162,0,CAPACITY_EXCEEDED,INVALID
2588,2,29,52,26614,41571,0,CAPACITY_EXCEEDED,INVALID
2589,2,29,53,26074,41025,0,CAPACITY_EXCEEDED,INVALID
2590,2,29,54,27183,42001,0,CAPACITY_EXCEEDED,INVALID
2591,2,29,55,27620,41885,0,CAPACITY_EXCEEDED,INVALID
2592,2,29,56,27350,42172,0,CAPACITY_EXCEEDED,INVALID
2593,2,29,57,27422,41827,0,CAPACITY_EXCEEDED,INVALID
2594,2,29,58,26592,41478,0,CAPACITY_EXCEEDED,INVALID
2595,2,29,59,25887,40822,1,FEASIBLE,WORSE
2596,2,29,60,26636,40989,0,CAPACITY_EXCEEDED,INVALID
2597,2,29,61,27339,41701,0,CAPACITY_EXCEEDED,INVALID
2598,2,29,62,25808,40909,1,FEASIBLE,WORSE
2599,2,29,63,27628,41706,0,CAPACITY_EXCEEDED,INVALID
2600,2,29,64,27614,42021,0,CAPACITY_EXCEEDED,INVALID
2601,2,29,65,26268,40783,0,CAPACITY_EXCEEDED,INVALID
2602,2,29,66,26026,41067,0,CAPACITY_EXCEEDED,INVALID
2603,2,29,67,27512,41995,0,CAPACITY_EXCEEDED,INVALID
2604,2,29,68,26582,41310,0,CAPACITY_EXCEEDED,INVALID
2605,2,29,69,27664,42078,0,CAPACITY_EXCEEDED,INVALID
2606,2,29,70,27629,41815,0,CAPACITY_EXCEEDED,INVALID
2607,2,29,71,26279,40688,0,CAPACITY_EXCEEDED,INVALID
2608,2,29,72,27499,41742,0,CAPACITY_EXCEEDED,INVALID
2609,2,29,73,26272,41265,0,CAPACITY_EXCEEDED,INVALID
2610,2,29,74,26443,40941,0,CAPACITY_EXCEEDED,INVALID
2611,2,29,75,27433,42086,0,CAPACITY_EXCEEDED,INVALID
2612,2,29,76,26656,40707,0,CAPACITY_EXCEEDED,INVALID
2613,2,29,77,27521,41934,0,CAPACITY_EXCEEDED,INVALID
2614,2,29,78,25741,40708,1,FEASIBLE,WORSE
2615,2,29,79,26433,40795,0,CAPACITY_EXCEEDED,INVALID
2616,2,29,80,27660,42359,0,CAPACITY_EXCEEDED,INVALID
2617,2,29,81,26636,40798,0,CAPACITY_EXCEEDED,INVALID
2618,2,29,82,27579,42136,0,CAPACITY_EXCEEDED,INVALID
2619,2,29,83,26440,40856,0,CAPACITY_EXCEEDED,INVALID
2620,2,29,84,25753,40891,1,FEASIBLE,WORSE
2621,2,29,85,26289,41171,0,CAPACITY_EXCEEDED,INVALID
2622,2,29,86,27643,42159,0,CAPACITY_EXCEEDED,INVALID
2623,2,29,87,26688,40982,0,CAPACITY_EXCEEDED,INVALID
2624,2,29,88,26634,41278,0,CAPACITY_EXCEEDED,INVALID
2625,2,29,89,27537,41774,0,CAPACITY_EXCEEDED,INVALID
2626,2,29,90,26081,40941,0,CAPACITY_EXCEEDED,INVALID
2627,2,29,91,27256,41954,0,CAPACITY_EXCEEDED,INVALID
2628,2,29,92,26687,41200,0,CAPACITY_EXCEEDED,INVALID
2629,2,29,93,26546,40903,0,CAPACITY_EXCEEDED,INVALID
2630,2,29,94,27091,41861,0,CAPACITY_EXCEEDED,INVALID
2631,2,29,95,26773,41710,0,CAPACITY_EXCEEDED,INVALID
2632,2,29,96,27714,41812,0,CAPACITY_EXCEEDED,INVALID
2633,2,29,97,27486,42278,0,CAPACITY_EXCEEDED,INVALID
2634,2,29,98,27670,42050,0,CAPACITY_EXCEEDED,INVALID
2635,2,29,99,27421,41945,0,CAPACITY_EXCEEDED,INVALID
2636,2,30,31,26552,41147,0,CAPACITY_EXCEEDED,INVALID
2637,2,30,32,25470,39903,1,FEASIBLE,WORSE
2638,2,30,33,26772,41444,0,CAPACITY_EXCEEDED,INVALID
2639,2,30,34,26687,41056,0,CAPACITY_EXCEEDED,INVALID
2640,2,30,35,25770,40199,1,FEASIBLE,WORSE
2641,2,30,36,25640,40494,1,FEASIBLE,WORSE
2642,2,30,37,24885,39922,1,FEASIBLE,WORSE
2643,2,30,38,25219,39945,1,FEASIBLE,WORSE
2644,2,30,39,25410,40340,1,FEASIBLE,WORSE
2645,2,30,40,25050,40210,1,FEASIBLE,WORSE
2646,2,30,41,25019,40157,1,FEASIBLE,WORSE
2647,2,30,42,25341,40049,1,FEASIBLE,WORSE
2648,2,30,43,25364,39878,1,FEASIBLE,WORSE
2649,2,30,44,25934,40884,1,FEASIBLE,WORSE
2650,2,30,45,25471,40493,1,FEASIBLE,WORSE
2651,2,30,46,25688,40253,1,FEASIBLE,WORSE
2652,2,30,47,26459,41160,0,CAPACITY_EXCEEDED,INVALID
2653,2,30,48,25226,40265,1,FEASIBLE,WORSE
2654,2,30,49,25978,40945,1,FEASIBLE,WORSE
2655,2,30,50,25204,39974,1,FEASIBLE,WORSE
2656,2,30,51,25735,40329,1,FEASIBLE,WORSE
2657,2,30,52,25727,40738,1,FEASIBLE,WORSE
2658,2,30,53,25187,40192,1,FEASIBLE,WORSE
2659,2,30,54,26296,41168,0,CAPACITY_EXCEEDED,INVALID
2660,2,30,55,26733,41052,0,CAPACITY_EXCEEDED,INVALID
2661,2,30,56,26463,41339,0,CAPACITY_EXCEEDED,INVALID
2662,2,30,57,26535,40994,0,CAPACITY_EXCEEDED,INVALID
2663,2,30,58,25705,40645,1,FEASIBLE,WORSE
2664,2,30,59,25000,39989,1,FEASIBLE,WORSE
2665,2,30,60,25749,40156,1,FEASIBLE,WORSE
2666,2,30,61,26452,40868,0,CAPACITY_EXCEEDED,INVALID
2667,2,30,62,24921,40076,1,FEASIBLE,WORSE
2668,2,30,63,26741,40873,0,CAPACITY_EXCEEDED,INVALID
2669,2,30,64,26727,41188,0,CAPACITY_EXCEEDED,INVALID
2670,2,30,65,25381,39950,1,FEASIBLE,WORSE
2671,2,30,66,25139,40234,1,FEASIBLE,WORSE
2672,2,30,67,26625,41162,0,CAPACITY_EXCEEDED,INVALID
2673,2,30,68,25695,40477,1,FEASIBLE,WORSE
2674,2,30,69,26777,41245,0,CAPACITY_EXCEEDED,INVALID
2675,2,30,70,26742,40982,0,CAPACITY_EXCEEDED,INVALID
2676,2,30,71,25392,39855,1,FEASIBLE,WORSE
2677,2,30,72,26612,40909,0,CAPACITY_EXCEEDED,INVALID
2678,2,30,73,25385,40432,1,FEASIBLE,WORSE
2679,2,30,74,25556,40108,1,FEASIBLE,WORSE
2680,2,30,75,26546,41253,0,CAPACITY_EXCEEDED,INVALID
2681,2,30,76,25769,39874,1,FEASIBLE,WORSE
2682,2,30,77,26634,41101,0,CAPACITY_EXCEEDED,INVALID
2683,2,30,78,24854,39875,1,FEASIBLE,WORSE
2684,2,30,79,25546,39962,1,FEASIBLE,WORSE
2685,2,30,80,26773,41526,0,CAPACITY_EXCEEDED,INVALID
2686,2,30,81,25749,39965,1,FEASIBLE,WORSE
2687,2,30,82,26692,41303,0,CAPACITY_EXCEEDED,INVALID
2688,2,30,83,25553,40023,1,FEASIBLE,WORSE
2689,2,30,84,24866,40058,1,FEASIBLE,WORSE
2690,2,30,85,25402,40338,1,FEASIBLE,WORSE
2691,2,30,86,26756,41326,0,CAPACITY_EXCEEDED,INVALID
2692,2,30,87,25801,40149,1,FEASIBLE,WORSE
2693,2,30,88,25747,40445,1,FEASIBLE,WORSE
2694,2,30,89,26650,40941,0,CAPACITY_EXCEEDED,INVALID
2695,2,30,90,25194,40108,1,FEASIBLE,WORSE
2696,2,30,91,26369,41121,0,CAPACITY_EXCEEDED,INVALID
2697,2,30,92,25800,40367,1,FEASIBLE,WORSE
2698,2,30,93,25659,40070,1,FEASIBLE,WORSE
2699,2,30,94,26204,41028,0,CAPACITY_EXCEEDED,INVALID
2700,2,30,95,25886,40877,1,FEASIBLE,WORSE
2701,2,30,96,26827,40979,0,CAPACITY_EXCEEDED,INVALID
2702,2,30,97,26599,41445,0,CAPACITY_EXCEEDED,INVALID
2703,2,30,98,26783,41217,0,CAPACITY_EXCEEDED,INVALID
2704,2,30,99,26534,41112,0,CAPACITY_EXCEEDED,INVALID
2705,2,31,32,26302,40830,0,CAPACITY_EXCEEDED,INVALID
2706,2,31,33,27604,42371,0,CAPACITY_EXCEEDED,INVALID
2707,2,31,34,27519,41983,0,CAPACITY_EXCEEDED,INVALID
2708,2,31,35,26602,41126,0,CAPACITY_EXCEEDED,INVALID
2709,2,31,36,26472,41421,0,CAPACITY_EXCEEDED,INVALID
2710,2,31,37,25717,40849,1,FEASIBLE,WORSE
2711,2,31,38,26051,40872,0,CAPACITY_EXCEEDED,INVALID
2712,2,31,39,26242,41267,0,CAPACITY_EXCEEDED,INVALID
2713,2,31,40,25882,41137,1,FEASIBLE,WORSE
2714,2,31,41,25851,41084,1,FEASIBLE,WORSE
2715,2,31,42,26173,40976,0,CAPACITY_EXCEEDED,INVALID
2716,2,31,43,26196,40805,0,CAPACITY_EXCEEDED,INVALID
2717,2,31,44,26766,41811,0,CAPACITY_EXCEEDED,INVALID
2718,2,31,45,26303,41420,0,CAPACITY_EXCEEDED,INVALID
2719,2,31,46,26520,41180,0,CAPACITY_EXCEEDED,INVALID
2720,2,31,47,27291,42087,0,CAPACITY_EXCEEDED,INVALID
2721,2,31,48,26058,41192,0,CAPACITY_EXCEEDED,INVALID
2722,2,31,49,26810,41872,0,CAPACITY_EXCEEDED,INVALID
2723,2,31,50,26036,40901,0,CAPACITY_EXCEEDED,INVALID
2724,2,31,51,26567,41256,0,CAPACITY_EXCEEDED,INVALID
2725,2,31,52,26559,41665,0,CAPACITY_EXCEEDED,INVALID
2726,2,31,53,26019,41119,0,CAPACITY_EXCEEDED,INVALID
2727,2,31,54,27128,42095,0,CAPACITY_EXCEEDED,INVALID
2728,2,31,55,27565,41979,0,CAPACITY_EXCEEDED,INVALID
2729,2,31,56,27295,42266,0,CAPACITY_EXCEEDED,INVALID
2730,2,31,57,27367,41921,0,CAPACITY_EXCEEDED,INVALID
2731,2,31,58,26537,41572,0,CAPACITY_EXCEEDED,INVALID
2732,2,31,59,25832,40916,1,FEASIBLE,WORSE
2733,2,31,60,26581,41083,0,CAPACITY_EXCEEDED,INVALID
2734,2,31,61,27284,41795,0,CAPACITY_EXCEEDED,INVALID
2735,2,31,62,25753,41003,1,FEASIBLE,WORSE
2736,2,31,63,27573,41800,0,CAPACITY_EXCEEDED,INVALID
2737,2,31,64,27559,42115,0,CAPACITY_EXCEEDED,INVALID
2738,2,31,65,26213,40877,0,CAPACITY_EXCEEDED,INVALID
2739,2,31,66,25971,41161,1,FEASIBLE,WORSE
2740,2,31,67,27457,42089,0,CAPACITY_EXCEEDED,INVALID
2741,2,31,68,26527,41404,0,CAPACITY_EXCEEDED,INVALID
2742,2,31,69,27609,42172,0,CAPACITY_EXCEEDED,INVALID
2743,2,31,70,27574,41909,0,CAPACITY_EXCEEDED,INVALID
2744,2,31,71,26224,40782,0,CAPACITY_EXCEEDED,INVALID
2745,2,31,72,27444,41836,0,CAPACITY_EXCEEDED,INVALID
2746,2,31,73,26217,41359,0,CAPACITY_EXCEEDED,INVALID
2747,2,31,74,26388,41035,0,CAPACITY_EXCEEDED,INVALID
2748,2,31,75,27378,42180,0,CAPACITY_EXCEEDED,INVALID
2749,2,31,76,26601,40801,0,CAPACITY_EXCEEDED,INVALID
2750,2,31,77,27466,42028,0,CAPACITY_EXCEEDED,INVALID
2751,2,31,78,25686,40802,1,FEASIBLE,WORSE
2752,2,31,79,26378,40889,0,CAPACITY_EXCEEDED,INVALID
2753,2,31,80,27605,42453,0,CAPACITY_EXCEEDED,INVALID
2754,2,31,81,26581,40892,0,CAPACITY_EXCEEDED,INVALID
2755,2,31,82,27524,42230,0,CAPACITY_EXCEEDED,INVALID
2756,2,31,83,26385,40950,0,CAPACITY_EXCEEDED,INVALID
2757,2,31,84,25698,40985,1,FEASIBLE,WORSE
2758,2,31,85,26234,41265,0,CAPACITY_EXCEEDED,INVALID
2759,2,31,86,27588,42253,0,CAPACITY_EXCEEDED,INVALID
2760,2,31,87,26633,41076,0,CAPACITY_EXCEEDED,INVALID
2761,2,31,88,26579,41372,0,CAPACITY_EXCEEDED,INVALID
2762,2,31,89,27482,41868,0,CAPACITY_EXCEEDED,INVALID
2763,2,31,90,26026,41035,0,CAPACITY_EXCEEDED,INVALID
2764,2,31,91,27201,42048,0,CAPACITY_EXCEEDED,INVALID
2765,2,31,92,26632,41294,0,CAPACITY_EXCEEDED,INVALID
2766,2,31,93,26491,40997,0,CAPACITY_EXCEEDED,INVALID
2767,2,31,94,27036,41955,0,CAPACITY_EXCEEDED,INVALID
2768,2,31,95,26718,41804,0,CAPACITY_EXCEEDED,INVALID
2769,2,31,96,27659,41906,0,CAPACITY_EXCEEDED,INVALID
2770,2,31,97,27431,42372,0,CAPACITY_EXCEEDED,INVALID
2771,2,31,98,27615,42144,0,CAPACITY_EXCEEDED,INVALID
2772,2,31,99,27366,42039,0,CAPACITY_EXCEEDED,INVALID
2773,2,32,33,26522,41127,0,CAPACITY_EXCEEDED,INVALID
2774,2,32,34,26437,40739,0,CAPACITY_EXCEEDED,INVALID
2775,2,32,35,25520,39882,1,FEASIBLE,WORSE
2776,2,32,36,25390,40177,1,FEASIBLE,WORSE
2777,2,32,37,24635,39605,1,FEASIBLE,WORSE
2778,2,32,38,24969,39628,1,FEASIBLE,WORSE
2779,2,32,39,25160,40023,1,FEASIBLE,WORSE
2780,2,32,40,24800,39893,1,FEASIBLE,WORSE
2781,2,32,41,24769,39840,1,FEASIBLE,WORSE
2782,2,32,42,25091,39732,1,FEASIBLE,WORSE
2783,2,32,43,25114,39561,1,FEASIBLE,WORSE
2784,2,32,44,25684,40567,1,FEASIBLE,WORSE
2785,2,32,45,25221,40176,1,FEASIBLE,WORSE
2786,2,32,46,25438,39936,1,FEASIBLE,WORSE
2787,2,32,47,26209,40843,0,CAPACITY_EXCEEDED,INVALID
2788,2,32,48,24976,39948,1,FEASIBLE,WORSE
2789,2,32,49,25728,40628,1,FEASIBLE,WORSE
2790,2,32,50,24954,39657,1,FEASIBLE,WORSE
2791,2,32,51,25485,40012,1,FEASIBLE,WORSE
2792,2,32,52,25477,40421,1,FEASIBLE,WORSE
2793,2,32,53,24937,39875,1,FEASIBLE,WORSE
2794,2,32,54,26046,40851,0,CAPACITY_EXCEEDED,INVALID
2795,2,32,55,26483,40735,0,CAPACITY_EXCEEDED,INVALID
2796,2,32,56,26213,41022,0,CAPACITY_EXCEEDED,INVALID
2797,2,32,57,26285,40677,0,CAPACITY_EXCEEDED,INVALID
2798,2,32,58,25455,40328,1,FEASIBLE,WORSE
2799,2,32,59,24750,39672,1,FEASIBLE,WORSE
2800,2,32,60,25499,39839,1,FEASIBLE,WORSE
2801,2,32,61,26202,40551,0,CAPACITY_EXCEEDED,INVALID
2802,2,32,62,24671,39759,1,FEASIBLE,WORSE
2803,2,32,63,26491,40556,0,CAPACITY_EXCEEDED,INVALID
2804,2,32,64,26477,40871,0,CAPACITY_EXCEEDED,INVALID
2805,2,32,65,25131,39633,1,FEASIBLE,WORSE
2806,2,32,66,24889,39917,1,FEASIBLE,WORSE
2807,2,32,67,26375,40845,0,CAPACITY_EXCEEDED,INVALID
2808,2,32,68,25445,40160,1,FEASIBLE,WORSE
2809,2,32,69,26527,40928,0,CAPACITY_EXCEEDED,INVALID
2810,2,32,70,26492,40665,0,CAPACITY_EXCEEDED,INVALID
2811,2,32,71,25142,39538,1,FEASIBLE,WORSE
2812,2,32,72,26362,40592,0,CAPACITY_EXCEEDED,INVALID
2813,2,32,73,25135,40115,1,FEASIBLE,WORSE
2814,2,32,74,25306,39791,1,FEASIBLE,WORSE
2815,2,32,75,26296,40936,0,CAPACITY_EXCEEDED,INVALID
2816,2,32,76,25519,39557,1,FEASIBLE,WORSE
2817,2,32,77,26384,40784,0,CAPACITY_EXCEEDED,INVALID
2818,2,32,78,24604,39558,1,FEASIBLE,WORSE
2819,2,32,79,25296,39645,1,FEASIBLE,WORSE
2820,2,32,80,26523,41209,0,CAPACITY_EXCEEDED,INVALID
2821,2,32,81,25499,39648,1,FEASIBLE,WORSE
2822,2,32,82,26442,40986,0,CAPACITY_EXCEEDED,INVALID
2823,2,32,83,25303,39706,1,FEASIBLE,WORSE
2824,2,32,84,24616,39741,1,FEASIBLE,WORSE
2825,2,32,85,25152,40021,1,FEASIBLE,WORSE
2826,2,32,86,26506,41009,0,CAPACITY_EXCEEDED,INVALID
2827,2,32,87,25551,39832,1,FEASIBLE,WORSE
2828,2,32,88,25497,40128,1,FEASIBLE,WORSE
2829,2,32,89,26400,40624,0,CAPACITY_EXCEEDED,INVALID
2830,2,32,90,24944,39791,1,FEASIBLE,WORSE
2831,2,32,91,26119,40804,0,CAPACITY_EXCEEDED,INVALID
2832,2,32,92,25550,40050,1,FEASIBLE,WORSE
2833,2,32,93,25409,39753,1,FEASIBLE,WORSE
2834,2,32,94,25954,40711,1,FEASIBLE,WORSE
2835,2,32,95,25636,40560,1,FEASIBLE,WORSE
2836,2,32,96,26577,40662,0,CAPACITY_EXCEEDED,INVALID
2837,2,32,97,26349,41128,0,CAPACITY_EXCEEDED,INVALID
2838,2,32,98,26533,40900,0,CAPACITY_EXCEEDED,INVALID
2839,2,32,99,26284,40795,0,CAPACITY_EXCEEDED,INVALID
2840,2,33,34,27739,42280,0,CAPACITY_EXCEEDED,INVALID
2841,2,33,35,26822,41423,0,CAPACITY_EXCEEDED,INVALID
2842,2,33,36,26692,41718,0,CAPACITY_EXCEEDED,INVALID
2843,2,33,37,25937,41146,1,FEASIBLE,WORSE
2844,2,33,38,26271,41169,0,CAPACITY_EXCEEDED,INVALID
2845,2,33,39,26462,41564,0,CAPACITY_EXCEEDED,INVALID
2846,2,33,40,26102,41434,0,CAPACITY_EXCEEDED,INVALID
2847,2,33,41,26071,41381,0,CAPACITY_EXCEEDED,INVALID
2848,2,33,42,26393,41273,0,CAPACITY_EXCEEDED,INVALID
2849,2,33,43,26416,41102,0,CAPACITY_EXCEEDED,INVALID
2850,2,33,44,26986,42108,0,CAPACITY_EXCEEDED,INVALID
2851,2,33,45,26523,41717,0,CAPACITY_EXCEEDED,INVALID
2852,2,33,46,26740,41477,0,CAPACITY_EXCEEDED,INVALID
2853,2,33,47,27511,42384,0,CAPACITY_EXCEEDED,INVALID
2854,2,33,48,26278,41489,0,CAPACITY_EXCEEDED,INVALID
2855,2,33,49,27030,42169,0,CAPACITY_EXCEEDED,INVALID
2856,2,33,50,26256,41198,0,CAPACITY_EXCEEDED,INVALID
2857,2,33,51,26787,41553,0,CAPACITY_EXCEEDED,INVALID
2858,2,33,52,26779,41962,0,CAPACITY_EXCEEDED,INVALID
2859,2,33,53,26239,41416,0,CAPACITY_EXCEEDED,INVALID
2860,2,33,54,27348,42392,0,CAPACITY_EXCEEDED,INVALID
2861,2,33,55,27785,42276,0,CAPACITY_EXCEEDED,INVALID
2862,2,33,56,27515,42563,0,CAPACITY_EXCEEDED,INVALID
2863,2,33,57,27587,42218,0,CAPACITY_EXCEEDED,INVALID
2864,2,33,58,26757,41869,0,CAPACITY_EXCEEDED,INVALID
2865,2,33,59,26052,41213,0,CAPACITY_EXCEEDED,INVALID
2866,2,33,60,26801,41380,0,CAPACITY_EXCEEDED,INVALID
2867,2,33,61,27504,42092,0,CAPACITY_EXCEEDED,INVALID
2868,2,33,62,25973,41300,1,FEASIBLE,WORSE
2869,2,33,63,27793,42097,0,CAPACITY_EXCEEDED,INVALID
2870,2,33,64,27779,42412,0,CAPACITY_EXCEEDED,INVALID
2871,2,33,65,26433,41174,0,CAPACITY_EXCEEDED,INVALID
2872,2,33,66,26191,41458,0,CAPACITY_EXCEEDED,INVALID
2873,2,33,67,27677,42386,0,CAPACITY_EXCEEDED,INVALID
2874,2,33,68,26747,41701,0,CAPACITY_EXCEEDED,INVALID
2875,2,33,69,27829,42469,0,CAPACITY_EXCEEDED,INVALID
2876,2,33,70,27794,42206,0,CAPACITY_EXCEEDED,INVALID
2877,2,33,71,26444,41079,0,CAPACITY_EXCEEDED,INVALID
2878,2,33,72,27664,42133,0,CAPACITY_EXCEEDED,INVALID
2879,2,33,73,26437,41656,0,CAPACITY_EXCEEDED,INVALID
2880,2,33,74,26608,41332,0,CAPACITY_EXCEEDED,INVALID
2881,2,33,75,27598,42477,0,CAPACITY_EXCEEDED,INVALID
2882,2,33,76,26821,41098,0,CAPACITY_EXCEEDED,INVALID
2883,2,33,77,27686,42325,0,CAPACITY_EXCEEDED,INVALID
2884,2,33,78,25906,41099,1,FEASIBLE,WORSE
2885,2,33,79,26598,41186,0,CAPACITY_EXCEEDED,INVALID
2886,2,33,80,27825,42750,0,CAPACITY_EXCEEDED,INVALID
2887,2,33,81,26801,41189,0,CAPACITY_EXCEEDED,INVALID
2888,2,33,82,27744,42527,0,CAPACITY_EXCEEDED,INVALID
2889,2,33,83,26605,41247,0,CAPACITY_EXCEEDED,INVALID
2890,2,33,84,25918,41282,1,FEASIBLE,WORSE
2891,2,33,85,26454,41562,0,CAPACITY_EXCEEDED,INVALID
2892,2,33,86,27808,42550,0,CAPACITY_EXCEEDED,INVALID
2893,2,33,87,26853,41373,0,CAPACITY_EXCEEDED,INVALID
2894,2,33,88,26799,41669,0,CAPACITY_EXCEEDED,INVALID
2895,2,33,89,27702,42165,0,CAPACITY_EXCEEDED,INVALID
2896,2,33,90,26246,41332,0,CAPACITY_EXCEEDED,INVALID
2897,2,33,91,27421,42345,0,CAPACITY_EXCEEDED,INVALID
2898,2,33,92,26852,41591,0,CAPACITY_EXCEEDED,INVALID
2899,2,33,93,26711,41294,0,CAPACITY_EXCEEDED,INVALID
2900,2,33,94,27256,42252,0,CAPACITY_EXCEEDED,INVALID
2901,2,33,95,26938,42101,0,CAPACITY_EXCEEDED,INVALID
2902,2,33,96,27879,42203,0,CAPACITY_EXCEEDED,INVALID
2903,2,33,97,27651,42669,0,CAPACITY_EXCEEDED,INVALID
2904,2,33,98,27835,42441,0,CAPACITY_EXCEEDED,INVALID
2905,2,33,99,27586,42336,0,CAPACITY_EXCEEDED,INVALID
2906,2,34,35,26737,41035,0,CAPACITY_EXCEEDED,INVALID
2907,2,34,36,26607,41330,0,CAPACITY_EXCEEDED,INVALID
2908,2,34,37,25852,40758,1,FEASIBLE,WORSE
2909,2,34,38,26186,40781,0,CAPACITY_EXCEEDED,INVALID
2910,2,34,39,26377,41176,0,CAPACITY_EXCEEDED,INVALID
2911,2,34,40,26017,41046,0,CAPACITY_EXCEEDED,INVALID
2912,2,34,41,25986,40993,0,CAPACITY_EXCEEDED,INVALID
2913,2,34,42,26308,40885,0,CAPACITY_EXCEEDED,INVALID
2914,2,34,43,26331,40714,0,CAPACITY_EXCEEDED,INVALID
2915,2,34,44,26901,41720,0,CAPACITY_EXCEEDED,INVALID
2916,2,34,45,26438,41329,0,CAPACITY_EXCEEDED,INVALID
2917,2,34,46,26655,41089,0,CAPACITY_EXCEEDED,INVALID
2918,2,34,47,27426,41996,0,CAPACITY_EXCEEDED,INVALID
2919,2,34,48,26193,41101,0,CAPACITY_EXCEEDED,INVALID
2920,2,34,49,26945,41781,0,CAPACITY_EXCEEDED,INVALID
2921,2,34,50,26171,40810,0,CAPACITY_EXCEEDED,INVALID
2922,2,34,51,26702,41165,0,CAPACITY_EXCEEDED,INVALID
2923,2,34,52,26694,41574,0,CAPACITY_EXCEEDED,INVALID
2924,2,34,53,26154,41028,0,CAPACITY_EXCEEDED,INVALID
2925,2,34,54,27263,42004,0,CAPACITY_EXCEEDED,INVALID
2926,2,34,55,27700,41888,0,CAPACITY_EXCEEDED,INVALID
2927,2,34,56,27430,42175,0,CAPACITY_EXCEEDED,INVALID
2928,2,34,57,27502,41830,0,CAPACITY_EXCEEDED,INVALID
2929,2,34,58,26672,41481,0,CAPACITY_EXCEEDED,INVALID
2930,2,34,59,25967,40825,1,FEASIBLE,WORSE
2931,2,34,60,26716,40992,0,CAPACITY_EXCEEDED,INVALID
2932,2,34,61,27419,41704,0,CAPACITY_EXCEEDED,INVALID
2933,2,34,62,25888,40912,1,FEASIBLE,WORSE
2934,2,34,63,27708,41709,0,CAPACITY_EXCEEDED,INVALID
2935,2,34,64,27694,42024,0,CAPACITY_EXCEEDED,INVALID
2936,2,34,65,26348,40786,0,CAPACITY_EXCEEDED,INVALID
2937,2,34,66,26106,41070,0,CAPACITY_EXCEEDED,INVALID
2938,2,34,67,27592,41998,0,CAPACITY_EXCEEDED,INVALID
2939,2,34,68,26662,41313,0,CAPACITY_EXCEEDED,INVALID
2940,2,34,69,27744,42081,0,CAPACITY_EXCEEDED,INVALID
2941,2,34,70,27709,41818,0,CAPACITY_EXCEEDED,INVALID
2942,2,34,71,26359,40691,0,CAPACITY_EXCEEDED,INVALID
2943,2,34,72,27579,41745,0,CAPACITY_EXCEEDED,INVALID
2944,2,34,73,26352,41268,0,CAPACITY_EXCEEDED,INVALID
2945,2,34,74,26523,40944,0,CAPACITY_EXCEEDED,INVALID
2946,2,34,75,27513,42089,0,CAPACITY_EXCEEDED,INVALID
2947,2,34,76,26736,40710,0,CAPACITY_EXCEEDED,INVALID
2948,2,34,77,27601,41937,0,CAPACITY_EXCEEDED,INVALID
2949,2,34,78,25821,40711,1,FEASIBLE,WORSE
2950,2,34,79,26513,40798,0,CAPACITY_EXCEEDED,INVALID
2951,2,34,80,27740,42362,0,CAPACITY_EXCEEDED,INVALID
2952,2,34,81,26716,40801,0,CAPACITY_EXCEEDED,INVALID
2953,2,34,82,27659,42139,0,CAPACITY_EXCEEDED,INVALID
2954,2,34,83,26520,40859,0,CAPACITY_EXCEEDED,INVALID
2955,2,34,84,25833,40894,1,FEASIBLE,WORSE
2956,2,34,85,26369,41174,0,CAPACITY_EXCEEDED,INVALID
2957,2,34,86,27723,42162,0,CAPACITY_EXCEEDED,INVALID
2958,2,34,87,26768,40985,0,CAPACITY_EXCEEDED,INVALID
2959,2,34,88,26714,41281,0,CAPACITY_EXCEEDED,INVALID
2960,2,34,89,27617,41777,0,CAPACITY_EXCEEDED,INVALID
2961,2,34,90,26161,40944,0,CAPACITY_EXCEEDED,INVALID
2962,2,34,91,27336,41957,0,CAPACITY_EXCEEDED,INVALID
2963,2,34,92,26767,41203,0,CAPACITY_EXCEEDED,INVALID
2964,2,34,93,26626,40906,0,CAPACITY_EXCEEDED,INVALID
2965,2,34,94,27171,41864,0,CAPACITY_EXCEEDED,INVALID
2966,2,34,95,26853,41713,0,CAPACITY_EXCEEDED,INVALID
2967,2,34,96,27794,41815,0,CAPACITY_EXCEEDED,INVALID
2968,2,34,97,27566,42281,0,CAPACITY_EXCEEDED,INVALID
2969,2,34,98,27750,42053,0,CAPACITY_EXCEEDED,INVALID
2970,2,34,99,27501,41948,0,CAPACITY_EXCEEDED,INVALID
2971,2,35,36,25690,40473,1,FEASIBLE,WORSE
2972,2,35,37,24935,39901,1,FEASIBLE,WORSE
2973,2,35,38,25269,39924,1,FEASIBLE,WORSE
2974,2,35,39,25460,40319,1,FEASIBLE,WORSE
2975,2,35,40,25100,40189,1,FEASIBLE,WORSE
2976,2,35,41,25069,40136,1,FEASIBLE,WORSE
2977,2,35,42,25391,40028,1,FEASIBLE,WORSE
2978,2,35,43,25414,39857,1,FEASIBLE,WORSE
2979,2,35,44,25984,40863,0,CAPACITY_EXCEEDED,INVALID
2980,2,35,45,25521,40472,1,FEASIBLE,WORSE
2981,2,35,46,25738,40232,1,FEASIBLE,WORSE
2982,2,35,47,26509,41139,0,CAPACITY_EXCEEDED,INVALID
2983,2,35,48,25276,40244,1,FEASIBLE,WORSE
2984,2,35,49,26028,40924,0,CAPACITY_EXCEEDED,INVALID
2985,2,35,50,25254,39953,1,FEASIBLE,WORSE
2986,2,35,51,25785,40308,1,FEASIBLE,WORSE
2987,2,35,52,25777,40717,1,FEASIBLE,WORSE
2988,2,35,53,25237,40171,1,FEASIBLE,WORSE
2989,2,35,54,26346,41147,0,CAPACITY_EXCEEDED,INVALID
2990,2,35,55,26783,41031,0,CAPACITY_EXCEEDED,INVALID
2991,2,35,56,26513,41318,0,CAPACITY_EXCEEDED,INVALID
2992,2,35,57,26585,40973,0,CAPACITY_EXCEEDED,INVALID
2993,2,35,58,25755,40624,1,FEASIBLE,WORSE
2994,2,35,59,25050,39968,1,FEASIBLE,WORSE
2995,2,35,60,25799,40135,1,FEASIBLE,WORSE
2996,2,35,61,26502,40847,0,CAPACITY_EXCEEDED,INVALID
2997,2,35,62,24971,40055,1,FEASIBLE,WORSE
2998,2,35,63,26791,40852,0,CAPACITY_EXCEEDED,INVALID
2999,2,35,64,26777,41167,0,CAPACITY_EXCEEDED,INVALID
3000,2,35,65,25431,39929,1,FEASIBLE,WORSE
3001,2,35,66,25189,40213,1,FEASIBLE,WORSE
3002,2,35,67,26675,41141,0,CAPACITY_EXCEEDED,INVALID
3003,2,35,68,25745,40456,1,FEASIBLE,WORSE
3004,2,35,69,26827,41224,0,CAPACITY_EXCEEDED,INVALID
3005,2,35,70,26792,40961,0,CAPACITY_EXCEEDED,INVALID
3006,2,35,71,25442,39834,1,FEASIBLE,WORSE
3007,2,35,72,26662,40888,0,CAPACITY_EXCEEDED,INVALID
3008,2,35,73,25435,40411,1,FEASIBLE,WORSE
3009,2,35,74,25606,40087,1,FEASIBLE,WORSE
3010,2,35,75,26596,41232,0,CAPACITY_EXCEEDED,INVALID
3011,2,35,76,25819,39853,1,FEASIBLE,WORSE
3012,2,35,77,26684,41080,0,CAPACITY_EXCEEDED,INVALID
3013,2,35,78,24904,39854,1,FEASIBLE,WORSE
3014,2,35,79,25596,39941,1,FEASIBLE,WORSE
3015,2,35,80,26823,41505,0,CAPACITY_EXCEEDED,INVALID
3016,2,35,81,25799,39944,1,FEASIBLE,WORSE
3017,2,35,82,26742,41282,0,CAPACITY_EXCEEDED,INVALID
3018,2,35,83,25603,40002,1,FEASIBLE,WORSE
3019,2,35,84,24916,40037,1,FEASIBLE,WORSE
3020,2,35,85,25452,40317,1,FEASIBLE,WORSE
3021,2,35,86,26806,41305,0,CAPACITY_EXCEEDED,INVALID
3022,2,35,87,25851,40128,1,FEASIBLE,WORSE
3023,2,35,88,25797,40424,1,FEASIBLE,WORSE
3024,2,35,89,26700,40920,0,CAPACITY_EXCEEDED,INVALID
3025,2,35,90,25244,40087,1,FEASIBLE,WORSE
3026,2,35,91,26419,41100,0,CAPACITY_EXCEEDED,INVALID
3027,2,35,92,25850,40346,1,FEASIBLE,WORSE
3028,2,35,93,25709,40049,1,FEASIBLE,WORSE
3029,2,35,94,26254,41007,0,CAPACITY_EXCEEDED,INVALID
3030,2,35,95,25936,40856,1,FEASIBLE,WORSE
3031,2,35,96,26877,40958,0,CAPACITY_EXCEEDED,INVALID
3032,2,35,97,26649,41424,0,CAPACITY_EXCEEDED,INVALID
3033,2,35,98,26833,41196,0,CAPACITY_EXCEEDED,INVALID
3034,2,35,99,26584,41091,0,CAPACITY_EXCEEDED,INVALID
3035,2,36,37,24805,40196,1,FEASIBLE,WORSE
3036,2,36,38,25139,40219,1,FEASIBLE,WORSE
3037,2,36,39,25330,40614,1,FEASIBLE,WORSE
3038,2,36,40,24970,40484,1,FEASIBLE,WORSE
3039,2,36,41,24939,40431,1,FEASIBLE,WORSE
3040,2,36,42,25261,40323,1,FEASIBLE,WORSE
3041,2,36,43,25284,40152,1,FEASIBLE,WORSE
3042,2,36,44,25854,41158,1,FEASIBLE,WORSE
3043,2,36,45,25391,40767,1,FEASIBLE,WORSE
3044,2,36,46,25608,40527,1,FEASIBLE,WORSE
3045,2,36,47,26379,41434,0,CAPACITY_EXCEEDED,INVALID
3046,2,36,48,25146,40539,1,FEASIBLE,WORSE
3047,2,36,49,25898,41219,1,FEASIBLE,WORSE
3048,2,36,50,25124,40248,1,FEASIBLE,WORSE
3049,2,36,51,25655,40603,1,FEASIBLE,WORSE
3050,2,36,52,25647,41012,1,FEASIBLE,WORSE
3051,2,36,53,25107,40466,1,FEASIBLE,WORSE
3052,2,36,54,26216,41442,0,CAPACITY_EXCEEDED,INVALID
3053,2,36,55,26653,41326,0,CAPACITY_EXCEEDED,INVALID
3054,2,36,56,26383,41613,0,CAPACITY_EXCEEDED,INVALID
3055,2,36,57,26455,41268,0,CAPACITY_EXCEEDED,INVALID
3056,2,36,58,25625,40919,1,FEASIBLE,WORSE
3057,2,36,59,24920,40263,1,FEASIBLE,WORSE
3058,2,36,60,25669,40430,1,FEASIBLE,WORSE
3059,2,36,61,26372,41142,0,CAPACITY_EXCEEDED,INVALID
3060,2,36,62,24841,40350,1,FEASIBLE,WORSE
3061,2,36,63,26661,41147,0,CAPACITY_EXCEEDED,INVALID
3062,2,36,64,26647,41462,0,CAPACITY_EXCEEDED,INVALID
3063,2,36,65,25301,40224,1,FEASIBLE,WORSE
3064,2,36,66,25059,40508,1,FEASIBLE,WORSE
3065,2,36,67,26545,41436,0,CAPACITY_EXCEEDED,INVALID
3066,2,36,68,25615,40751,1,FEASIBLE,WORSE
3067,2,36,69,26697,41519,0,CAPACITY_EXCEEDED,INVALID
3068,2,36,70,26662,41256,0,CAPACITY_EXCEEDED,INVALID
3069,2,36,71,25312,40129,1,FEASIBLE,WORSE
3070,2,36,72,26532,41183,0,CAPACITY_EXCEEDED,INVALID
3071,2,36,73,25305,40706,1,FEASIBLE,WORSE
3072,2,36,74,25476,40382,1,FEASIBLE,WORSE
3073,2,36,75,26466,41527,0,CAPACITY_EXCEEDED,INVALID
3074,2,36,76,25689,40148,1,FEASIBLE,WORSE
3075,2,36,77,26554,41375,0,CAPACITY_EXCEEDED,INVALID
3076,2,36,78,24774,40149,1,FEASIBLE,WORSE
3077,2,36,79,25466,40236,1,FEASIBLE,WORSE
3078,2,36,80,26693,41800,0,CAPACITY_EXCEEDED,INVALID
3079,2,36,81,25669,40239,1,FEASIBLE,WORSE
3080,2,36,82,26612,41577,0,CAPACITY_EXCEEDED,INVALID
3081,2,36,83,25473,40297,1,FEASIBLE,WORSE
3082,2,36,84,24786,40332,1,FEASIBLE,WORSE
3083,2,36,85,25322,40612,1,FEASIBLE,WORSE
3084,2,36,86,26676,41600,0,CAPACITY_EXCEEDED,INVALID
3085,2,36,87,25721,40423,1,FEASIBLE,WORSE
3086,2,36,88,25667,40719,1,FEASIBLE,WORSE
3087,2,36,89,26570,41215,0,CAPACITY_EXCEEDED,INVALID
3088,2,36,90,25114,40382,1,FEASIBLE,WORSE
3089,2,36,91,26289,41395,0,CAPACITY_EXCEEDED,INVALID
3090,2,36,92,25720,40641,1,FEASIBLE,WORSE
3091,2,36,93,25579,40344,1,FEASIBLE,WORSE
3092,2,36,94,26124,41302,0,CAPACITY_EXCEEDED,INVALID
3093,2,36,95,25806,41151,1,FEASIBLE,WORSE
3094,2,36,96,26747,41253,0,CAPACITY_EXCEEDED,INVALID
3095,2,36,97,26519,41719,0,CAPACITY_EXCEEDED,INVALID
3096,2,36,98,26703,41491,0,CAPACITY_EXCEEDED,INVALID
3097,2,36,99,26454,41386,0,CAPACITY_EXCEEDED,INVALID
3098,2,37,38,24384,39647,1,FEASIBLE,WORSE
3099,2,37,39,24575,40042,1,FEASIBLE,WORSE
3100,2,37,40,24215,39912,1,FEASIBLE,WORSE
3101,2,37,41,24184,39859,1,FEASIBLE,WORSE
3102,2,37,42,24506,39751,1,FEASIBLE,WORSE
3103,2,37,43,24529,39580,1,FEASIBLE,WORSE
3104,2,37,44,25099,40586,1,FEASIBLE,WORSE
3105,2,37,45,24636,40195,1,FEASIBLE,WORSE
3106,2,37,46,24853,39955,1,FEASIBLE,WORSE
3107,2,37,47,25624,40862,1,FEASIBLE,WORSE
3108,2,37,48,24391,39967,1,FEASIBLE,WORSE
3109,2,37,49,25143,40647,1,FEASIBLE,WORSE
3110,2,37,50,24369,39676,1,FEASIBLE,WORSE
3111,2,37,51,24900,40031,1,FEASIBLE,WORSE
3112,2,37,52,24892,40440,1,FEASIBLE,WORSE
3113,2,37,53,24352,39894,1,FEASIBLE,WORSE
3114,2,37,54,25461,40870,1,FEASIBLE,WORSE
3115,2,37,55,25898,40754,1,FEASIBLE,WORSE
3116,2,37,56,25628,41041,1,FEASIBLE,WORSE
3117,2,37,57,25700,40696,1,FEASIBLE,WORSE
3118,2,37,58,24870,40347,1,FEASIBLE,WORSE
3119,2,37,59,24165,39691,1,FEASIBLE,WORSE
3120,2,37,60,24914,39858,1,FEASIBLE,WORSE
3121,2,37,61,25617,40570,1,FEASIBLE,WORSE
3122,2,37,62,24086,39778,1,FEASIBLE,WORSE
3123,2,37,63,25906,40575,1,FEASIBLE,WORSE
3124,2,37,64,25892,40890,1,FEASIBLE,WORSE
3125,2,37,65,24546,39652,1,FEASIBLE,WORSE
3126,2,37,66,24304,39936,1,FEASIBLE,WORSE
3127,2,37,67,25790,40864,1,FEASIBLE,WORSE
3128,2,37,68,24860,40179,1,FEASIBLE,WORSE
3129,2,37,69,25942,40947,1,FEASIBLE,WORSE
3130,2,37,70,25907,40684,1,FEASIBLE,WORSE
3131,2,37,71,24557,39557,1,FEASIBLE,WORSE
3132,2,37,72,25777,40611,1,FEASIBLE,WORSE
3133,2,37,73,24550,40134,1,FEASIBLE,WORSE
3134,2,37,74,24721,39810,1,FEASIBLE,WORSE
3135,2,37,75,25711,40955,1,FEASIBLE,WORSE
3136,2,37,76,24934,39576,1,FEASIBLE,WORSE
3137,2,37,77,25799,40803,1,FEASIBLE,WORSE
3138,2,37,78,24019,39577,1,FEASIBLE,WORSE
3139,2,37,79,24711,39664,1,FEASIBLE,WORSE
3140,2,37,80,25938,41228,1,FEASIBLE,WORSE
3141,2,37,81,24914,39667,1,FEASIBLE,WORSE
3142,2,37,82,25857,41005,1,FEASIBLE,WORSE
3143,2,37,83,24718,39725,1,FEASIBLE,WORSE
3144,2,37,84,24031,39760,1,FEASIBLE,WORSE
3145,2,37,85,24567,40040,1,FEASIBLE,WORSE
3146,2,37,86,25921,41028,1,FEASIBLE,WORSE
3147,2,37,87,24966,39851,1,FEASIBLE,WORSE
3148,2,37,88,24912,40147,1,FEASIBLE,WORSE
3149,2,37,89,25815,40643,1,FEASIBLE,WORSE
3150,2,37,90,24359,39810,1,FEASIBLE,WORSE
3151,2,37,91,25534,40823,1,FEASIBLE,WORSE
3152,2,37,92,24965,40069,1,FEASIBLE,WORSE
3153,2,37,93,24824,39772,1,FEASIBLE,WORSE
3154,2,37,94,25369,40730,1,FEASIBLE,WORSE
3155,2,37,95,25051,40579,1,FEASIBLE,WORSE
3156,2,37,96,25992,40681,0,CAPACITY_EXCEEDED,INVALID
3157,2,37,97,25764,41147,1,FEASIBLE,WORSE
3158,2,37,98,25948,40919,1,FEASIBLE,WORSE
3159,2,37,99,25699,40814,1,FEASIBLE,WORSE
3160,2,38,39,24909,40065,1,FEASIBLE,WORSE
3161,2,38,40,24549,39935,1,FEASIBLE,WORSE
3162,2,38,41,24518,39882,1,FEASIBLE,WORSE
3163,2,38,42,24840,39774,1,FEASIBLE,WORSE
3164,2,38,43,24863,39603,1,FEASIBLE,WORSE
3165,2,38,44,25433,40609,1,FEASIBLE,WORSE
3166,2,38,45,24970,40218,1,FEASIBLE,WORSE
3167,2,38,46,25187,39978,1,FEASIBLE,WORSE
3168,2,38,47,25958,40885,1,FEASIBLE,WORSE
3169,2,38,48,24725,39990,1,FEASIBLE,WORSE
3170,2,38,49,25477,40670,1,FEASIBLE,WORSE
3171,2,38,50,24703,39699,1,FEASIBLE,WORSE
3172,2,38,51,25234,40054,1,FEASIBLE,WORSE
3173,2,38,52,25226,40463,1,FEASIBLE,WORSE
3174,2,38,53,24686,39917,1,FEASIBLE,WORSE
3175,2,38,54,25795,40893,1,FEASIBLE,WORSE
3176,2,38,55,26232,40777,0,CAPACITY_EXCEEDED,INVALID
3177,2,38,56,25962,41064,1,FEASIBLE,WORSE
3178,2,38,57,26034,40719,0,CAPACITY_EXCEEDED,INVALID
3179,2,38,58,25204,40370,1,FEASIBLE,WORSE
3180,2,38,59,24499,39714,1,FEASIBLE,WORSE
3181,2,38,60,25248,39881,1,FEASIBLE,WORSE
3182,2,38,61,25951,40593,1,FEASIBLE,WORSE
3183,2,38,62,24420,39801,1,FEASIBLE,WORSE
3184,2,38,63,26240,40598,0,CAPACITY_EXCEEDED,INVALID
3185,2,38,64,26226,40913,0,CAPACITY_EXCEEDED,INVALID
3186,2,38,65,24880,39675,1,FEASIBLE,WORSE
3187,2,38,66,24638,39959,1,FEASIBLE,WORSE
3188,2,38,67,26124,40887,0,CAPACITY_EXCEEDED,INVALID
3189,2,38,68,25194,40202,1,FEASIBLE,WORSE
3190,2,38,69,26276,40970,0,CAPACITY_EXCEEDED,INVALID
3191,2,38,70,26241,40707,0,CAPACITY_EXCEEDED,INVALID
3192,2,38,71,24891,39580,1,FEASIBLE,WORSE
3193,2,38,72,26111,40634,0,CAPACITY_EXCEEDED,INVALID
3194,2,38,73,24884,40157,1,FEASIBLE,WORSE
3195,2,38,74,25055,39833,1,FEASIBLE,WORSE
3196,2,38,75,26045,40978,0,CAPACITY_EXCEEDED,INVALID
3197,2,38,76,25268,39599,1,FEASIBLE,WORSE
3198,2,38,77,26133,40826,0,CAPACITY_EXCEEDED,INVALID
3199,2,38,78,24353,39600,1,FEASIBLE,WORSE
3200,2,38,79,25045,39687,1,FEASIBLE,WORSE
3201,2,38,80,26272,41251,0,CAPACITY_EXCEEDED,INVALID
3202,2,38,81,25248,39690,1,FEASIBLE,WORSE
3203,2,38,82,26191,41028,0,CAPACITY_EXCEEDED,INVALID
3204,2,38,83,25052,39748,1,FEASIBLE,WORSE
3205,2,38,84,24365,39783,1,FEASIBLE,WORSE
3206,2,38,85,24901,40063,1,FEASIBLE,WORSE
3207,2,38,86,26255,41051,0,CAPACITY_EXCEEDED,INVALID
3208,2,38,87,25300,39874,1,FEASIBLE,WORSE
3209,2,38,88,25246,40170,1,FEASIBLE,WORSE
3210,2,38,89,26149,40666,0,CAPACITY_EXCEEDED,INVALID
3211,2,38,90,24693,39833,1,FEASIBLE,WORSE
3212,2,38,91,25868,40846,1,FEASIBLE,WORSE
3213,2,38,92,25299,40092,1,FEASIBLE,WORSE
3214,2,38,93,25158,39795,1,FEASIBLE,WORSE
3215,2,38,94,25703,40753,1,FEASIBLE,WORSE
3216,2,38,95,25385,40602,1,FEASIBLE,WORSE
3217,2,38,96,26326,40704,0,CAPACITY_EXCEEDED,INVALID
3218,2,38,97,26098,41170,0,CAPACITY_EXCEEDED,INVALID
3219,2,38,98,26282,40942,0,CAPACITY_EXCEEDED,INVALID
3220,2,38,99,26033,40837,0,CAPACITY_EXCEEDED,INVALID
3221,2,39,40,24740,40330,1,FEASIBLE,WORSE
3222,2,39,41,24709,40277,1,FEASIBLE,WORSE
3223,2,39,42,25031,40169,1,FEASIBLE,WORSE
3224,2,39,43,25054,39998,1,FEASIBLE,WORSE
3225,2,39,44,25624,41004,1,FEASIBLE,WORSE
3226,2,39,45,25161,40613,1,FEASIBLE,WORSE
3227,2,39,46,25378,40373,1,FEASIBLE,WORSE
3228,2,39,47,26149,41280,0,CAPACITY_EXCEEDED,INVALID
3229,2,39,48,24916,40385,1,FEASIBLE,WORSE
3230,2,39,49,25668,41065,1,FEASIBLE,WORSE
3231,2,39,50,24894,40094,1,FEASIBLE,WORSE
3232,2,39,51,25425,40449,1,FEASIBLE,WORSE
3233,2,39,52,25417,40858,1,FEASIBLE,WORSE
3234,2,39,53,24877,40312,1,FEASIBLE,WORSE
3235,2,39,54,25986,41288,0,CAPACITY_EXCEEDED,INVALID
3236,2,39,55,26423,41172,0,CAPACITY_EXCEEDED,INVALID
3237,2,39,56,26153,41459,0,CAPACITY_EXCEEDED,INVALID
3238,2,39,57,26225,41114,0,CAPACITY_EXCEEDED,INVALID
3239,2,39,58,25395,40765,1,FEASIBLE,WORSE
3240,2,39,59,24690,40109,1,FEASIBLE,WORSE
3241,2,39,60,25439,40276,1,FEASIBLE,WORSE
3242,2,39,61,26142,40988,0,CAPACITY_EXCEEDED,INVALID
3243,2,39,62,24611,40196,1,FEASIBLE,WORSE
3244,2,39,63,26431,40993,0,CAPACITY_EXCEEDED,INVALID
3245,2,39,64,26417,41308,0,CAPACITY_EXCEEDED,INVALID
3246,2,39,65,25071,40070,1,FEASIBLE,WORSE
3247,2,39,66,24829,40354,1,FEASIBLE,WORSE
3248,2,39,67,26315,41282,0,CAPACITY_EXCEEDED,INVALID
3249,2,39,68,25385,40597,1,FEASIBLE,WORSE
3250,2,39,69,26467,41365,0,CAPACITY_EXCEEDED,INVALID
3251,2,39,70,26432,41102,0,CAPACITY_EXCEEDED,INVALID
3252,2,39,71,25082,39975,1,FEASIBLE,WORSE
3253,2,39,72,26302,41029,0,CAPACITY_EXCEEDED,INVALID
3254,2,39,73,25075,40552,1,FEASIBLE,WORSE
3255,2,39,74,25246,40228,1,FEASIBLE,WORSE
3256,2,39,75,26236,41373,0,CAPACITY_EXCEEDED,INVALID
3257,2,39,76,25459,39994,1,FEASIBLE,WORSE
3258,2,39,77,26324,41221,0,CAPACITY_EXCEEDED,INVALID
3259,2,39,78,24544,39995,1,FEASIBLE,WORSE
3260,2,39,79,25236,40082,1,FEASIBLE,WORSE
3261,2,39,80,26463,41646,0,CAPACITY_EXCEEDED,INVALID
3262,2,39,81,25439,40085,1,FEASIBLE,WORSE
3263,2,39,82,26382,41423,0,CAPACITY_EXCEEDED,INVALID
3264,2,39,83,25243,40143,1,FEASIBLE,WORSE
3265,2,39,84,24556,40178,1,FEASIBLE,WORSE
3266,2,39,85,25092,40458,1,FEASIBLE,WORSE
3267,2,39,86,26446,41446,0,CAPACITY_EXCEEDED,INVALID
3268,2,39,87,25491,40269,1,FEASIBLE,WORSE
3269,2,39,88,25437,40565,1,FEASIBLE,WORSE
3270,2,39,89,26340,41061,0,CAPACITY_EXCEEDED,INVALID
3271,2,39,90,24884,40228,1,FEASIBLE,WORSE
3272,2,39,91,26059,41241,0,CAPACITY_EXCEEDED,INVALID
3273,2,39,92,25490,40487,1,FEASIBLE,WORSE
3274,2,39,93,25349,40190,1,FEASIBLE,WORSE
3275,2,39,94,25894,41148,1,FEASIBLE,WORSE
3276,2,39,95,25576,40997,1,FEASIBLE,WORSE
3277,2,39,96,26517,41099,0,CAPACITY_EXCEEDED,INVALID
3278,2,39,97,26289,41565,0,CAPACITY_EXCEEDED,INVALID
3279,2,39,98,26473,41337,0,CAPACITY_EXCEEDED,INVALID
3280,2,39,99,26224,41232,0,CAPACITY_EXCEEDED,INVALID
3281,2,40,41,24349,40147,1,FEASIBLE,WORSE
3282,2,40,42,24671,40039,1,FEASIBLE,WORSE
3283,2,40,43,24694,39868,1,FEASIBLE,WORSE
3284,2,40,44,25264,40874,1,FEASIBLE,WORSE
3285,2,40,45,24801,40483,1,FEASIBLE,WORSE
3286,2,40,46,25018,40243,1,FEASIBLE,WORSE
3287,2,40,47,25789,41150,1,FEASIBLE,WORSE
3288,2,40,48,24556,40255,1,FEASIBLE,WORSE
3289,2,40,49,25308,40935,1,FEASIBLE,WORSE
3290,2,40,50,24534,39964,1,FEASIBLE,WORSE
3291,2,40,51,25065,40319,1,FEASIBLE,WORSE
3292,2,40,52,25057,40728,1,FEASIBLE,WORSE
3293,2,40,53,24517,40182,1,FEASIBLE,WORSE
3294,2,40,54,25626,41158,1,FEASIBLE,WORSE
3295,2,40,55,26063,41042,0,CAPACITY_EXCEEDED,INVALID
3296,2,40,56,25793,41329,1,FEASIBLE,WORSE
3297,2,40,57,25865,40984,1,FEASIBLE,WORSE
3298,2,40,58,25035,40635,1,FEASIBLE,WORSE
3299,2,40,59,24330,39979,1,FEASIBLE,WORSE
3300,2,40,60,25079,40146,1,FEASIBLE,WORSE
3301,2,40,61,25782,40858,1,FEASIBLE,WORSE
3302,2,40,62,24251,40066,1,FEASIBLE,WORSE
3303,2,40,63,26071,40863,0,CAPACITY_EXCEEDED,INVALID
3304,2,40,64,26057,41178,0,CAPACITY_EXCEEDED,INVALID
3305,2,40,65,24711,39940,1,FEASIBLE,WORSE
3306,2,40,66,24469,40224,1,FEASIBLE,WORSE
3307,2,40,67,25955,41152,1,FEASIBLE,WORSE
3308,2,40,68,25025,40467,1,FEASIBLE,WORSE
3309,2,40,69,26107,41235,0,CAPACITY_EXCEEDED,INVALID
3310,2,40,70,26072,40972,0,CAPACITY_EXCEEDED,INVALID
3311,2,40,71,24722,39845,1,FEASIBLE,WORSE
3312,2,40,72,25942,40899,1,FEASIBLE,WORSE
3313,2,40,73,24715,40422,1,FEASIBLE,WORSE
3314,2,40,74,24886,40098,1,FEASIBLE,WORSE
3315,2,40,75,25876,41243,1,FEASIBLE,WORSE
3316,2,40,76,25099,39864,1,FEASIBLE,WORSE
3317,2,40,77,25964,41091,1,FEASIBLE,WORSE
3318,2,40,78,24184,39865,1,FEASIBLE,WORSE
3319,2,40,79,24876,39952,1,FEASIBLE,WORSE
3320,2,40,80,26103,41516,0,CAPACITY_EXCEEDED,INVALID
3321,2,40,81,25079,39955,1,FEASIBLE,WORSE
3322,2,40,82,26022,41293,0,CAPACITY_EXCEEDED,INVALID
3323,2,40,83,24883,40013,1,FEASIBLE,WORSE
3324,2,40,84,24196,40048,1,FEASIBLE,WORSE
3325,2,40,85,24732,40328,1,FEASIBLE,WORSE
3326,2,40,86,26086,41316,0,CAPACITY_EXCEEDED,INVALID
3327,2,40,87,25131,40139,1,FEASIBLE,WORSE
3328,2,40,88,25077,40435,1,FEASIBLE,WORSE
3329,2,40,89,25980,40931,1,FEASIBLE,WORSE
3330,2,40,90,24524,40098,1,FEASIBLE,WORSE
3331,2,40,91,25699,41111,1,FEASIBLE,WORSE
3332,2,40,92,25130,40357,1,FEASIBLE,WORSE
3333,2,40,93,24989,40060,1,FEASIBLE,WORSE
3334,2,40,94,25534,41018,1,FEASIBLE,WORSE
3335,2,40,95,25216,40867,1,FEASIBLE,WORSE
3336,2,40,96,26157,40969,0,CAPACITY_EXCEEDED,INVALID
3337,2,40,97,25929,41435,1,FEASIBLE,WORSE
3338,2,40,98,26113,41207,0,CAPACITY_EXCEEDED,INVALID
3339,2,40,99,25864,41102,1,FEASIBLE,WORSE
3340,2,41,42,24640,39986,1,FEASIBLE,WORSE
3341,2,41,43,24663,39815,1,FEASIBLE,WORSE
3342,2,41,44,25233,40821,1,FEASIBLE,WORSE
3343,2,41,45,24770,40430,1,FEASIBLE,WORSE
3344,2,41,46,24987,40190,1,FEASIBLE,WORSE
3345,2,41,47,25758,41097,1,FEASIBLE,WORSE
3346,2,41,48,24525,40202,1,FEASIBLE,WORSE
3347,2,41,49,25277,40882,1,FEASIBLE,WORSE
3348,2,41,50,24503,39911,1,FEASIBLE,WORSE
3349,2,41,51,25034,40266,1,FEASIBLE,WORSE
3350,2,41,52,25026,40675,1,FEASIBLE,WORSE
3351,2,41,53,24486,40129,1,FEASIBLE,WORSE
3352,2,41,54,25595,41105,1,FEASIBLE,WORSE
3353,2,41,55,26032,40989,0,CAPACITY_EXCEEDED,INVALID
3354,2,41,56,25762,41276,1,FEASIBLE,WORSE
3355,2,41,57,25834,40931,1,FEASIBLE,WORSE
3356,2,41,58,25004,40582,1,FEASIBLE,WORSE
3357,2,41,59,24299,39926,1,FEASIBLE,WORSE
3358,2,41,60,25048,40093,1,FEASIBLE,WORSE
3359,2,41,61,25751,40805,1,FEASIBLE,WORSE
3360,2,41,62,24220,40013,1,FEASIBLE,WORSE
3361,2,41,63,26040,40810,0,CAPACITY_EXCEEDED,INVALID
3362,2,41,64,26026,41125,0,CAPACITY_EXCEEDED,INVALID
3363,2,41,65,24680,39887,1,FEASIBLE,WORSE
3364,2,41,66,24438,40171,1,FEASIBLE,WORSE
3365,2,41,67,25924,41099,1,FEASIBLE,WORSE
3366,2,41,68,24994,40414,1,FEASIBLE,WORSE
3367,2,41,69,26076,41182,0,CAPACITY_EXCEEDED,INVALID
3368,2,41,70,26041,40919,0,CAPACITY_EXCEEDED,INVALID
3369,2,41,71,24691,39792,1,FEASIBLE,WORSE
3370,2,41,72,25911,40846,1,FEASIBLE,WORSE
3371,2,41,73,24684,40369,1,FEASIBLE,WORSE
3372,2,41,74,24855,40045,1,FEASIBLE,WORSE
3373,2,41,75,25845,41190,1,FEASIBLE,WORSE
3374,2,41,76,25068,39811,1,FEASIBLE,WORSE
3375,2,41,77,25933,41038,1,FEASIBLE,WORSE
3376,2,41,78,24153,39812,1,FEASIBLE,WORSE
3377,2,41,79,24845,39899,1,FEASIBLE,WORSE
3378,2,41,80,26072,41463,0,CAPACITY_EXCEEDED,INVALID
3379,2,41,81,25048,39902,1,FEASIBLE,WORSE
3380,2,41,82,25991,41240,0,CAPACITY_EXCEEDED,INVALID
3381,2,41,83,24852,39960,1,FEASIBLE,WORSE
3382,2,41,84,24165,39995,1,FEASIBLE,WORSE
3383,2,41,85,24701,40275,1,FEASIBLE,WORSE
3384,2,41,86,26055,41263,0,CAPACITY_EXCEEDED,INVALID
3385,2,41,87,25100,40086,1,FEASIBLE,WORSE
3386,2,41,88,25046,40382,1,FEASIBLE,WORSE
3387,2,41,89,25949,40878,1,FEASIBLE,WORSE
3388,2,41,90,24493,40045,1,FEASIBLE,WORSE
3389,2,41,91,25668,41058,1,FEASIBLE,WORSE
3390,2,41,92,25099,40304,1,FEASIBLE,WORSE
3391,2,41,93,24958,40007,1,FEASIBLE,WORSE
3392,2,41,94,25503,40965,1,FEASIBLE,WORSE
3393,2,41,95,25185,40814,1,FEASIBLE,WORSE
3394,2,41,96,26126,40916,0,CAPACITY_EXCEEDED,INVALID
3395,2,41,97,25898,41382,1,FEASIBLE,WORSE
3396,2,41,98,26082,41154,0,CAPACITY_EXCEEDED,INVALID
3397,2,41,99,25833,41049,1,FEASIBLE,WORSE
3398,2,42,43,24985,39707,1,FEASIBLE,WORSE
3399,2,42,44,25555,40713,1,FEASIBLE,WORSE
3400,2,42,45,25092,40322,1,FEASIBLE,WORSE
3401,2,42,46,25309,40082,1,FEASIBLE,WORSE
3402,2,42,47,26080,40989,0,CAPACITY_EXCEEDED,INVALID
3403,2,42,48,24847,40094,1,FEASIBLE,WORSE
3404,2,42,49,25599,40774,1,FEASIBLE,WORSE
3405,2,42,50,24825,39803,1,FEASIBLE,WORSE
3406,2,42,51,25356,40158,1,FEASIBLE,WORSE
3407,2,42,52,25348,40567,1,FEASIBLE,WORSE
3408,2,42,53,24808,40021,1,FEASIBLE,WORSE
3409,2,42,54,25917,40997,1,FEASIBLE,WORSE
3410,2,42,55,26354,40881,0,CAPACITY_EXCEEDED,INVALID
3411,2,42,56,26084,41168,0,CAPACITY_EXCEEDED,INVALID
3412,2,42,57,26156,40823,0,CAPACITY_EXCEEDED,INVALID
3413,2,42,58,25326,40474,1,FEASIBLE,WORSE
3414,2,42,59,24621,39818,1,FEASIBLE,WORSE
3415,2,42,60,25370,39985,1,FEASIBLE,WORSE
3416,2,42,61,26073,40697,0,CAPACITY_EXCEEDED,INVALID
3417,2,42,62,24542,39905,1,FEASIBLE,WORSE
3418,2,42,63,26362,40702,0,CAPACITY_EXCEEDED,INVALID
3419,2,42,64,26348,41017,0,CAPACITY_EXCEEDED,INVALID
3420,2,42,65,25002,39779,1,FEASIBLE,WORSE
3421,2,42,66,24760,40063,1,FEASIBLE,WORSE
3422,2,42,67,26246,40991,0,CAPACITY_EXCEEDED,INVALID
3423,2,42,68,25316,40306,1,FEASIBLE,WORSE
3424,2,42,69,26398,41074,0,CAPACITY_EXCEEDED,INVALID
3425,2,42,70,26363,40811,0,CAPACITY_EXCEEDED,INVALID
3426,2,42,71,25013,39684,1,FEASIBLE,WORSE
3427,2,42,72,26233,40738,0,CAPACITY_EXCEEDED,INVALID
3428,2,42,73,25006,40261,1,FEASIBLE,WORSE
3429,2,42,74,25177,39937,1,FEASIBLE,WORSE
3430,2,42,75,26167,41082,0,CAPACITY_EXCEEDED,INVALID
3431,2,42,76,25390,39703,1,FEASIBLE,WORSE
3432,2,42,77,26255,40930,0,CAPACITY_EXCEEDED,INVALID
3433,2,42,78,24475,39704,1,FEASIBLE,WORSE
3434,2,42,79,25167,39791,1,FEASIBLE,WORSE
3435,2,42,80,26394,41355,0,CAPACITY_EXCEEDED,INVALID
3436,2,42,81,25370,39794,1,FEASIBLE,WORSE
3437,2,42,82,26313,41132,0,CAPACITY_EXCEEDED,INVALID
3438,2,42,83,25174,39852,1,FEASIBLE,WORSE
3439,2,42,84,24487,39887,1,FEASIBLE,WORSE
3440,2,42,85,25023,40167,1,FEASIBLE,WORSE
3441,2,42,86,26377,41155,0,CAPACITY_EXCEEDED,INVALID
3442,2,42,87,25422,39978,1,FEASIBLE,WORSE
3443,2,42,88,25368,40274,1,FEASIBLE,WORSE
3444,2,42,89,26271,40770,0,CAPACITY_EXCEEDED,INVALID
3445,2,42,90,24815,39937,1,FEASIBLE,WORSE
3446,2,42,91,25990,40950,0,CAPACITY_EXCEEDED,INVALID
3447,2,42,92,25421,40196,1,FEASIBLE,WORSE
3448,2,42,93,25280,39899,1,FEASIBLE,WORSE
3449,2,42,94,25825,40857,1,FEASIBLE,WORSE
3450,2,42,95,25507,40706,1,FEASIBLE,WORSE
3451,2,42,96,26448,40808,0,CAPACITY_EXCEEDED,INVALID
3452,2,42,97,26220,41274,0,CAPACITY_EXCEEDED,INVALID
3453,2,42,98,26404,41046,0,CAPACITY_EXCEEDED,INVALID
3454,2,42,99,26155,40941,0,CAPACITY_EXCEEDED,INVALID
3455,2,43,44,25578,40542,1,FEASIBLE,WORSE
3456,2,43,45,25115,40151,1,FEASIBLE,WORSE
3457,2,43,46,25332,39911,1,FEASIBLE,WORSE
3458,2,43,47,26103,40818,0,CAPACITY_EXCEEDED,INVALID
3459,2,43,48,24870,39923,1,FEASIBLE,WORSE
3460,2,43,49,25622,40603,1,FEASIBLE,WORSE
3461,2,43,50,24848,39632,1,FEASIBLE,WORSE
3462,2,43,51,25379,39987,1,FEASIBLE,WORSE
3463,2,43,52,25371,40396,1,FEASIBLE,WORSE
3464,2,43,53,24831,39850,1,FEASIBLE,WORSE
3465,2,43,54,25940,40826,1,FEASIBLE,WORSE
3466,2,43,55,26377,40710,0,CAPACITY_EXCEEDED,INVALID
3467,2,43,56,26107,40997,0,CAPACITY_EXCEEDED,INVALID
3468,2,43,57,26179,40652,0,CAPACITY_EXCEEDED,INVALID
3469,2,43,58,25349,40303,1,FEASIBLE,WORSE
3470,2,43,59,24644,39647,1,FEASIBLE,WORSE
3471,2,43,60,25393,39814,1,FEASIBLE,WORSE
3472,2,43,61,26096,40526,0,CAPACITY_EXCEEDED,INVALID
3473,2,43,62,24565,39734,1,FEASIBLE,WORSE
3474,2,43,63,26385,40531,0,CAPACITY_EXCEEDED,INVALID
3475,2,43,64,26371,40846,0,CAPACITY_EXCEEDED,INVALID
3476,2,43,65,25025,39608,1,FEASIBLE,WORSE
3477,2,43,66,24783,39892,1,FEASIBLE,WORSE
3478,2,43,67,26269,40820,0,CAPACITY_EXCEEDED,INVALID
3479,2,43,68,25339,40135,1,FEASIBLE,WORSE
3480,2,43,69,26421,40903,0,CAPACITY_EXCEEDED,INVALID
3481,2,43,70,26386,40640,0,CAPACITY_EXCEEDED,INVALID
3482,2,43,71,25036,39513,1,FEASIBLE,WORSE
3483,2,43,72,26256,40567,0,CAPACITY_EXCEEDED,INVALID
3484,2,43,73,25029,40090,1,FEASIBLE,WORSE
3485,2,43,74,25200,39766,1,FEASIBLE,WORSE
3486,2,43,75,26190,40911,0,CAPACITY_EXCEEDED,INVALID
3487,2,43,76,25413,39532,1,FEASIBLE,WORSE
3488,2,43,77,26278,40759,0,CAPACITY_EXCEEDED,INVALID
3489,2,43,78,24498,39533,1,FEASIBLE,WORSE
3490,2,43,79,25190,39620,1,FEASIBLE,WORSE
3491,2,43,80,26417,41184,0,CAPACITY_EXCEEDED,INVALID
3492,2,43,81,25393,39623,1,FEASIBLE,WORSE
3493,2,43,82,26336,40961,0,CAPACITY_EXCEEDED,INVALID
3494,2,43,83,25197,39681,1,FEASIBLE,WORSE
3495,2,43,84,24510,39716,1,FEASIBLE,WORSE
3496,2,43,85,25046,39996,1,FEASIBLE,WORSE
3497,2,43,86,26400,40984,0,CAPACITY_EXCEEDED,INVALID
3498,2,43,87,25445,39807,1,FEASIBLE,WORSE
3499,2,43,88,25391,40103,1,FEASIBLE,WORSE
3500,2,43,89,26294,40599,0,CAPACITY_EXCEEDED,INVALID
3501,2,43,90,24838,39766,1,FEASIBLE,WORSE
3502,2,43,91,26013,40779,0,CAPACITY_EXCEEDED,INVALID
3503,2,43,92,25444,40025,1,FEASIBLE,WORSE
3504,2,43,93,25303,39728,1,FEASIBLE,WORSE
3505,2,43,94,25848,40686,1,FEASIBLE,WORSE
3506,2,43,95,25530,40535,1,FEASIBLE,WORSE
3507,2,43,96,26471,40637,0,CAPACITY_EXCEEDED,INVALID
3508,2,43,97,26243,41103,0,CAPACITY_EXCEEDED,INVALID
3509,2,43,98,26427,40875,0,CAPACITY_EXCEEDED,INVALID
3510,2,43,99,26178,40770,0,CAPACITY_EXCEEDED,INVALID
3511,2,44,45,25685,41157,1,FEASIBLE,WORSE
3512,2,44,46,25902,40917,1,FEASIBLE,WORSE
3513,2,44,47,26673,41824,0,CAPACITY_EXCEEDED,INVALID
3514,2,44,48,25440,40929,1,FEASIBLE,WORSE
3515,2,44,49,26192,41609,0,CAPACITY_EXCEEDED,INVALID
3516,2,44,50,25418,40638,1,FEASIBLE,WORSE
3517,2,44,51,25949,40993,1,FEASIBLE,WORSE
3518,2,44,52,25941,41402,1,FEASIBLE,WORSE
3519,2,44,53,25401,40856,1,FEASIBLE,WORSE
3520,2,44,54,26510,41832,0,CAPACITY_EXCEEDED,INVALID
3521,2,44,55,26947,41716,0,CAPACITY_EXCEEDED,INVALID
3522,2,44,56,26677,42003,0,CAPACITY_EXCEEDED,INVALID
3523,2,44,57,26749,41658,0,CAPACITY_EXCEEDED,INVALID
3524,2,44,58,25919,41309,1,FEASIBLE,WORSE
3525,2,44,59,25214,40653,1,FEASIBLE,WORSE
3526,2,44,60,25963,40820,1,FEASIBLE,WORSE
3527,2,44,61,26666,41532,0,CAPACITY_EXCEEDED,INVALID
3528,2,44,62,25135,40740,1,FEASIBLE,WORSE
3529,2,44,63,26955,41537,0,CAPACITY_EXCEEDED,INVALID
3530,2,44,64,26941,41852,0,CAPACITY_EXCEEDED,INVALID
3531,2,44,65,25595,40614,1,FEASIBLE,WORSE
3532,2,44,66,25353,40898,1,FEASIBLE,WORSE
3533,2,44,67,26839,41826,0,CAPACITY_EXCEEDED,INVALID
3534,2,44,68,25909,41141,1,FEASIBLE,WORSE
3535,2,44,69,26991,41909,0,CAPACITY_EXCEEDED,INVALID
3536,2,44,70,26956,41646,0,CAPACITY_EXCEEDED,INVALID
3537,2,44,71,25606,40519,1,FEASIBLE,WORSE
3538,2,44,72,26826,41573,0,CAPACITY_EXCEEDED,INVALID
3539,2,44,73,25599,41096,1,FEASIBLE,WORSE
3540,2,44,74,25770,40772,1,FEASIBLE,WORSE
3541,2,44,75,26760,41917,0,CAPACITY_EXCEEDED,INVALID
3542,2,44,76,25983,40538,0,CAPACITY_EXCEEDED,INVALID
3543,2,44,77,26848,41765,0,CAPACITY_EXCEEDED,INVALID
3544,2,44,78,25068,40539,1,FEASIBLE,WORSE
3545,2,44,79,25760,40626,1,FEASIBLE,WORSE
3546,2,44,80,26987,42190,0,CAPACITY_EXCEEDED,INVALID
3547,2,44,81,25963,40629,1,FEASIBLE,WORSE
3548,2,44,82,26906,41967,0,CAPACITY_EXCEEDED,INVALID
3549,2,44,83,25767,40687,1,FEASIBLE,WORSE
3550,2,44,84,25080,40722,1,FEASIBLE,WORSE
3551,2,44,85,25616,41002,1,FEASIBLE,WORSE
3552,2,44,86,26970,41990,0,CAPACITY_EXCEEDED,INVALID
3553,2,44,87,26015,40813,0,CAPACITY_EXCEEDED,INVALID
3554,2,44,88,25961,41109,1,FEASIBLE,WORSE
3555,2,44,89,26864,41605,0,CAPACITY_EXCEEDED,INVALID
3556,2,44,90,25408,40772,1,FEASIBLE,WORSE
3557,2,44,91,26583,41785,0,CAPACITY_EXCEEDED,INVALID
3558,2,44,92,26014,41031,0,CAPACITY_EXCEEDED,INVALID
3559,2,44,93,25873,40734,1,FEASIBLE,WORSE
3560,2,44,94,26418,41692,0,CAPACITY_EXCEEDED,INVALID
3561,2,44,95,26100,41541,0,CAPACITY_EXCEEDED,INVALID
3562,2,44,96,27041,41643,0,CAPACITY_EXCEEDED,INVALID
3563,2,44,97,26813,42109,0,CAPACITY_EXCEEDED,INVALID
3564,2,44,98,26997,41881,0,CAPACITY_EXCEEDED,INVALID
3565,2,44,99,26748,41776,0,CAPACITY_EXCEEDED,INVALID
3566,2,45,46,25439,40526,1,FEASIBLE,WORSE
3567,2,45,47,26210,41433,0,CAPACITY_EXCEEDED,INVALID
3568,2,45,48,24977,40538,1,FEASIBLE,WORSE
3569,2,45,49,25729,41218,1,FEASIBLE,WORSE
3570,2,45,50,24955,40247,1,FEASIBLE,WORSE
3571,2,45,51,25486,40602,1,FEASIBLE,WORSE
3572,2,45,52,25478,41011,1,FEASIBLE,WORSE
3573,2,45,53,24938,40465,1,FEASIBLE,WORSE
3574,2,45,54,26047,41441,0,CAPACITY_EXCEEDED,INVALID
3575,2,45,55,26484,41325,0,CAPACITY_EXCEEDED,INVALID
3576,2,45,56,26214,41612,0,CAPACITY_EXCEEDED,INVALID
3577,2,45,57,26286,41267,0,CAPACITY_EXCEEDED,INVALID
3578,2,45,58,25456,40918,1,FEASIBLE,WORSE
3579,2,45,59,24751,40262,1,FEASIBLE,WORSE
3580,2,45,60,25500,40429,1,FEASIBLE,WORSE
3581,2,45,61,26203,41141,0,CAPACITY_EXCEEDED,INVALID
3582,2,45,62,24672,40349,1,FEASIBLE,WORSE
3583,2,45,63,26492,41146,0,CAPACITY_EXCEEDED,INVALID
3584,2,45,64,26478,41461,0,CAPACITY_EXCEEDED,INVALID
3585,2,45,65,25132,40223,1,FEASIBLE,WORSE
3586,2,45,66,24890,40507,1,FEASIBLE,WORSE
3587,2,45,67,26376,41435,0,CAPACITY_EXCEEDED,INVALID
3588,2,45,68,25446,40750,1,FEASIBLE,WORSE
3589,2,45,69,26528,41518,0,CAPACITY_EXCEEDED,INVALID
3590,2,45,70,26493,41255,0,CAPACITY_EXCEEDED,INVALID
3591,2,45,71,25143,40128,1,FEASIBLE,WORSE
3592,2,45,72,26363,41182,0,CAPACITY_EXCEEDED,INVALID
3593,2,45,73,25136,40705,1,FEASIBLE,WORSE
3594,2,45,74,25307,40381,1,FEASIBLE,WORSE
3595,2,45,75,26297,41526,0,CAPACITY_EXCEEDED,INVALID
3596,2,45,76,25520,40147,1,FEASIBLE,WORSE
3597,2,45,77,26385,41374,0,CAPACITY_EXCEEDED,INVALID
3598,2,45,78,24605,40148,1,FEASIBLE,WORSE
3599,2,45,79,25297,40235,1,FEASIBLE,WORSE
3600,2,45,80,26524,41799,0,CAPACITY_EXCEEDED,INVALID
3601,2,45,81,25500,40238,1,FEASIBLE,WORSE
3602,2,45,82,26443,41576,0,CAPACITY_EXCEEDED,INVALID
3603,2,45,83,25304,40296,1,FEASIBLE,WORSE
3604,2,45,84,24617,40331,1,FEASIBLE,WORSE
3605,2,45,85,25153,40611,1,FEASIBLE,WORSE
3606,2,45,86,26507,41599,0,CAPACITY_EXCEEDED,INVALID
3607,2,45,87,25552,40422,1,FEASIBLE,WORSE
3608,2,45,88,25498,40718,1,FEASIBLE,WORSE
3609,2,45,89,26401,41214,0,CAPACITY_EXCEEDED,INVALID
3610,2,45,90,24945,40381,1,FEASIBLE,WORSE
3611,2,45,91,26120,41394,0,CAPACITY_EXCEEDED,INVALID
3612,2,45,92,25551,40640,1,FEASIBLE,WORSE
3613,2,45,93,25410,40343,1,FEASIBLE,WORSE
3614,2,45,94,25955,41301,1,FEASIBLE,WORSE
3615,2,45,95,25637,41150,1,FEASIBLE,WORSE
3616,2,45,96,26578,41252,0,CAPACITY_EXCEEDED,INVALID
3617,2,45,97,26350,41718,0,CAPACITY_EXCEEDED,INVALID
3618,2,45,98,26534,41490,0,CAPACITY_EXCEEDED,INVALID
3619,2,45,99,26285,41385,0,CAPACITY_EXCEEDED,INVALID
3620,2,46,47,26427,41193,0,CAPACITY_EXCEEDED,INVALID
3621,2,46,48,25194,40298,1,FEASIBLE,WORSE
3622,2,46,49,25946,40978,1,FEASIBLE,WORSE
3623,2,46,50,25172,40007,1,FEASIBLE,WORSE
3624,2,46,51,25703,40362,1,FEASIBLE,WORSE
3625,2,46,52,25695,40771,1,FEASIBLE,WORSE
3626,2,46,53,25155,40225,1,FEASIBLE,WORSE
3627,2,46,54,26264,41201,0,CAPACITY_EXCEEDED,INVALID
3628,2,46,55,26701,41085,0,CAPACITY_EXCEEDED,INVALID
3629,2,46,56,26431,41372,0,CAPACITY_EXCEEDED,INVALID
3630,2,46,57,26503,41027,0,CAPACITY_EXCEEDED,INVALID
3631,2,46,58,25673,40678,1,FEASIBLE,WORSE
3632,2,46,59,24968,40022,1,FEASIBLE,WORSE
3633,2,46,60,25717,40189,1,FEASIBLE,WORSE
3634,2,46,61,26420,40901,0,CAPACITY_EXCEEDED,INVALID
3635,2,46,62,24889,40109,1,FEASIBLE,WORSE
3636,2,46,63,26709,40906,0,CAPACITY_EXCEEDED,INVALID
3637,2,46,64,26695,41221,0,CAPACITY_EXCEEDED,INVALID
3638,2,46,65,25349,39983,1,FEASIBLE,WORSE
3639,2,46,66,25107,40267,1,FEASIBLE,WORSE
3640,2,46,67,26593,41195,0,CAPACITY_EXCEEDED,INVALID
3641,2,46,68,25663,40510,1,FEASIBLE,WORSE
3642,2,46,69,26745,41278,0,CAPACITY_EXCEEDED,INVALID
3643,2,46,70,26710,41015,0,CAPACITY_EXCEEDED,INVALID
3644,2,46,71,25360,39888,1,FEASIBLE,WORSE
3645,2,46,72,26580,40942,0,CAPACITY_EXCEEDED,INVALID
3646,2,46,73,25353,40465,1,FEASIBLE,WORSE
3647,2,46,74,25524,40141,1,FEASIBLE,WORSE
3648,2,46,75,26514,41286,0,CAPACITY_EXCEEDED,INVALID
3649,2,46,76,25737,39907,1,FEASIBLE,WORSE
3650,2,46,77,26602,41134,0,CAPACITY_EXCEEDED,INVALID
3651,2,46,78,24822,39908,1,FEASIBLE,WORSE
3652,2,46,79,25514,39995,1,FEASIBLE,WORSE
3653,2,46,80,26741,41559,0,CAPACITY_EXCEEDED,INVALID
3654,2,46,81,25717,39998,1,FEASIBLE,WORSE
3655,2,46,82,26660,41336,0,CAPACITY_EXCEEDED,INVALID
3656,2,46,83,25521,40056,1,FEASIBLE,WORSE
3657,2,46,84,24834,40091,1,FEASIBLE,WORSE
3658,2,46,85,25370,40371,1,FEASIBLE,WORSE
3659,2,46,86,26724,41359,0,CAPACITY_EXCEEDED,INVALID
3660,2,46,87,25769,40182,1,FEASIBLE,WORSE
3661,2,46,88,25715,40478,1,FEASIBLE,WORSE
3662,2,46,89,26618,40974,0,CAPACITY_EXCEEDED,INVALID
3663,2,46,90,25162,40141,1,FEASIBLE,WORSE
3664,2,46,91,26337,41154,0,CAPACITY_EXCEEDED,INVALID
3665,2,46,92,25768,40400,1,FEASIBLE,WORSE
3666,2,46,93,25627,40103,1,FEASIBLE,WORSE
3667,2,46,94,26172,41061,0,CAPACITY_EXCEEDED,INVALID
3668,2,46,95,25854,40910,1,FEASIBLE,WORSE
3669,2,46,96,26795,41012,0,CAPACITY_EXCEEDED,INVALID
3670,2,46,97,26567,41478,0,CAPACITY_EXCEEDED,INVALID
3671,2,46,98,26751,41250,0,CAPACITY_EXCEEDED,INVALID
3672,2,46,99,26502,41145,0,CAPACITY_EXCEEDED,INVALID
3673,2,47,48,25965,41205,1,FEASIBLE,WORSE
3674,2,47,49,26717,41885,0,CAPACITY_EXCEEDED,INVALID
3675,2,47,50,25943,40914,1,FEASIBLE,WORSE
3676,2,47,51,26474,41269,0,CAPACITY_EXCEEDED,INVALID
3677,2,47,52,26466,41678,0,CAPACITY_EXCEEDED,INVALID
3678,2,47,53,25926,41132,1,FEASIBLE,WORSE
3679,2,47,54,27035,42108,0,CAPACITY_EXCEEDED,INVALID
3680,2,47,55,27472,41992,0,CAPACITY_EXCEEDED,INVALID
3681,2,47,56,27202,42279,0,CAPACITY_EXCEEDED,INVALID
3682,2,47,57,27274,41934,0,CAPACITY_EXCEEDED,INVALID
3683,2,47,58,26444,41585,0,CAPACITY_EXCEEDED,INVALID
3684,2,47,59,25739,40929,1,FEASIBLE,WORSE
3685,2,47,60,26488,41096,0,CAPACITY_EXCEEDED,INVALID
3686,2,47,61,27191,41808,0,CAPACITY_EXCEEDED,INVALID
3687,2,47,62,25660,41016,1,FEASIBLE,WORSE
3688,2,47,63,27480,41813,0,CAPACITY_EXCEEDED,INVALID
3689,2,47,64,27466,42128,0,CAPACITY_EXCEEDED,INVALID
3690,2,47,65,26120,40890,0,CAPACITY_EXCEEDED,INVALID
3691,2,47,66,25878,41174,1,FEASIBLE,WORSE
3692,2,47,67,27364,42102,0,CAPACITY_EXCEEDED,INVALID
3693,2,47,68,26434,41417,0,CAPACITY_EXCEEDED,INVALID
3694,2,47,69,27516,42185,0,CAPACITY_EXCEEDED,INVALID
3695,2,47,70,27481,41922,0,CAPACITY_EXCEEDED,INVALID
3696,2,47,71,26131,40795,0,CAPACITY_EXCEEDED,INVALID
3697,2,47,72,27351,41849,0,CAPACITY_EXCEEDED,INVALID
3698,2,47,73,26124,41372,0,CAPACITY_EXCEEDED,INVALID
3699,2,47,74,26295,41048,0,CAPACITY_EXCEEDED,INVALID
3700,2,47,75,27285,42193,0,CAPACITY_EXCEEDED,INVALID
3701,2,47,76,26508,40814,0,CAPACITY_EXCEEDED,INVALID
3702,2,47,77,27373,42041,0,CAPACITY_EXCEEDED,INVALID
3703,2,47,78,25593,40815,1,FEASIBLE,WORSE
3704,2,47,79,26285,40902,0,CAPACITY_EXCEEDED,INVALID
3705,2,47,80,27512,42466,0,CAPACITY_EXCEEDED,INVALID
3706,2,47,81,26488,40905,0,CAPACITY_EXCEEDED,INVALID
3707,2,47,82,27431,42243,0,CAPACITY_EXCEEDED,INVALID
3708,2,47,83,26292,40963,0,CAPACITY_EXCEEDED,INVALID
3709,2,47,84,25605,40998,1,FEASIBLE,WORSE
3710,2,47,85,26141,41278,0,CAPACITY_EXCEEDED,INVALID
3711,2,47,86,27495,42266,0,CAPACITY_EXCEEDED,INVALID
3712,2,47,87,26540,41089,0,CAPACITY_EXCEEDED,INVALID
3713,2,47,88,26486,41385,0,CAPACITY_EXCEEDED,INVALID
3714,2,47,89,27389,41881,0,CAPACITY_EXCEEDED,INVALID
3715,2,47,90,25933,41048,1,FEASIBLE,WORSE
3716,2,47,91,27108,42061,0,CAPACITY_EXCEEDED,INVALID
3717,2,47,92,26539,41307,0,CAPACITY_EXCEEDED,INVALID
3718,2,47,93,26398,41010,0,CAPACITY_EXCEEDED,INVALID
3719,2,47,94,26943,41968,0,CAPACITY_EXCEEDED,INVALID
3720,2,47,95,26625,41817,0,CAPACITY_EXCEEDED,INVALID
3721,2,47,96,27566,41919,0,CAPACITY_EXCEEDED,INVALID
3722,2,47,97,27338,42385,0,CAPACITY_EXCEEDED,INVALID
3723,2,47,98,27522,42157,0,CAPACITY_EXCEEDED,INVALID
3724,2,47,99,27273,42052,0,CAPACITY_EXCEEDED,INVALID
3725,2,48,49,25484,40990,1,FEASIBLE,WORSE
3726,2,48,50,24710,40019,1,FEASIBLE,WORSE
3727,2,48,51,25241,40374,1,FEASIBLE,WORSE
3728,2,48,52,25233,40783,1,FEASIBLE,WORSE
3729,2,48,53,24693,40237,1,FEASIBLE,WORSE
3730,2,48,54,25802,41213,1,FEASIBLE,WORSE
3731,2,48,55,26239,41097,0,CAPACITY_EXCEEDED,INVALID
3732,2,48,56,25969,41384,1,FEASIBLE,WORSE
3733,2,48,57,26041,41039,0,CAPACITY_EXCEEDED,INVALID
3734,2,48,58,25211,40690,1,FEASIBLE,WORSE
3735,2,48,59,24506,40034,1,FEASIBLE,WORSE
3736,2,48,60,25255,40201,1,FEASIBLE,WORSE
3737,2,48,61,25958,40913,1,FEASIBLE,WORSE
3738,2,48,62,24427,40121,1,FEASIBLE,WORSE
3739,2,48,63,26247,40918,0,CAPACITY_EXCEEDED,INVALID
3740,2,48,64,26233,41233,0,CAPACITY_EXCEEDED,INVALID
3741,2,48,65,24887,39995,1,FEASIBLE,WORSE
3742,2,48,66,24645,40279,1,FEASIBLE,WORSE
3743,2,48,67,26131,41207,0,CAPACITY_EXCEEDED,INVALID
3744,2,48,68,25201,40522,1,FEASIBLE,WORSE
3745,2,48,69,26283,41290,0,CAPACITY_EXCEEDED,INVALID
3746,2,48,70,26248,41027,0,CAPACITY_EXCEEDED,INVALID
3747,2,48,71,24898,39900,1,FEASIBLE,WORSE
3748,2,48,72,26118,40954,0,CAPACITY_EXCEEDED,INVALID
3749,2,48,73,24891,40477,1,FEASIBLE,WORSE
3750,2,48,74,25062,40153,1,FEASIBLE,WORSE
3751,2,48,75,26052,41298,0,CAPACITY_EXCEEDED,INVALID
3752,2,48,76,25275,39919,1,FEASIBLE,WORSE
3753,2,48,77,26140,41146,0,CAPACITY_EXCEEDED,INVALID
3754,2,48,78,24360,39920,1,FEASIBLE,WORSE
3755,2,48,79,25052,40007,1,FEASIBLE,WORSE
3756,2,48,80,26279,41571,0,CAPACITY_EXCEEDED,INVALID
3757,2,48,81,25255,40010,1,FEASIBLE,WORSE
3758,2,48,82,26198,41348,0,CAPACITY_EXCEEDED,INVALID
3759,2,48,83,25059,40068,1,FEASIBLE,WORSE
3760,2,48,84,24372,40103,1,FEASIBLE,WORSE
3761,2,48,85,24908,40383,1,FEASIBLE,WORSE
3762,2,48,86,26262,41371,0,CAPACITY_EXCEEDED,INVALID
3763,2,48,87,25307,40194,1,FEASIBLE,WORSE
3764,2,48,88,25253,40490,1,FEASIBLE,WORSE
3765,2,48,89,26156,40986,0,CAPACITY_EXCEEDED,INVALID
3766,2,48,90,24700,40153,1,FEASIBLE,WORSE
3767,2,48,91,25875,41166,1,FEASIBLE,WORSE
3768,2,48,92,25306,40412,1,FEASIBLE,WORSE
3769,2,48,93,25165,40115,1,FEASIBLE,WORSE
3770,2,48,94,25710,41073,1,FEASIBLE,WORSE
3771,2,48,95,25392,40922,1,FEASIBLE,WORSE
3772,2,48,96,26333,41024,0,CAPACITY_EXCEEDED,INVALID
3773,2,48,97,26105,41490,0,CAPACITY_EXCEEDED,INVALID
3774,2,48,98,26289,41262,0,CAPACITY_EXCEEDED,INVALID
3775,2,48,99,26040,41157,0,CAPACITY_EXCEEDED,INVALID
3776,2,49,50,25462,40699,1,FEASIBLE,WORSE
3777,2,49,51,25993,41054,0,CAPACITY_EXCEEDED,INVALID
3778,2,49,52,25985,41463,0,CAPACITY_EXCEEDED,INVALID
3779,2,49,53,25445,40917,1,FEASIBLE,WORSE
3780,2,49,54,26554,41893,0,CAPACITY_EXCEEDED,INVALID
3781,2,49,55,26991,41777,0,CAPACITY_EXCEEDED,INVALID
3782,2,49,56,26721,42064,0,CAPACITY_EXCEEDED,INVALID
3783,2,49,57,26793,41719,0,CAPACITY_EXCEEDED,INVALID
3784,2,49,58,25963,41370,1,FEASIBLE,WORSE
3785,2,49,59,25258,40714,1,FEASIBLE,WORSE
3786,2,49,60,26007,40881,0,CAPACITY_EXCEEDED,INVALID
3787,2,49,61,26710,41593,0,CAPACITY_EXCEEDED,INVALID
3788,2,49,62,25179,40801,1,FEASIBLE,WORSE
3789,2,49,63,26999,41598,0,CAPACITY_EXCEEDED,INVALID
3790,2,49,64,26985,41913,0,CAPACITY_EXCEEDED,INVALID
3791,2,49,65,25639,40675,1,FEASIBLE,WORSE
3792,2,49,66,25397,40959,1,FEASIBLE,WORSE
3793,2,49,67,26883,41887,0,CAPACITY_EXCEEDED,INVALID
3794,2,49,68,25953,41202,1,FEASIBLE,WORSE
3795,2,49,69,27035,41970,0,CAPACITY_EXCEEDED,INVALID
3796,2,49,70,27000,41707,0,CAPACITY_EXCEEDED,INVALID
3797,2,49,71,25650,40580,1,FEASIBLE,WORSE
3798,2,49,72,26870,41634,0,CAPACITY_EXCEEDED,INVALID
3799,2,49,73,25643,41157,1,FEASIBLE,WORSE
3800,2,49,74,25814,40833,1,FEASIBLE,WORSE
3801,2,49,75,26804,41978,0,CAPACITY_EXCEEDED,INVALID
3802,2,49,76,26027,40599,0,CAPACITY_EXCEEDED,INVALID
3803,2,49,77,26892,41826,0,CAPACITY_EXCEEDED,INVALID
3804,2,49,78,25112,40600,1,FEASIBLE,WORSE
3805,2,49,79,25804,40687,1,FEASIBLE,WORSE
3806,2,49,80,27031,42251,0,CAPACITY_EXCEEDED,INVALID
3807,2,49,81,26007,40690,0,CAPACITY_EXCEEDED,INVALID
3808,2,49,82,26950,42028,0,CAPACITY_EXCEEDED,INVALID
3809,2,49,83,25811,40748,1,FEASIBLE,WORSE
3810,2,49,84,25124,40783,1,FEASIBLE,WORSE
3811,2,49,85,25660,41063,1,FEASIBLE,WORSE
3812,2,49,86,27014,42051,0,CAPACITY_EXCEEDED,INVALID
3813,2,49,87,26059,40874,0,CAPACITY_EXCEEDED,INVALID
3814,2,49,88,26005,41170,0,CAPACITY_EXCEEDED,INVALID
3815,2,49,89,26908,41666,0,CAPACITY_EXCEEDED,INVALID
3816,2,49,90,25452,40833,1,FEASIBLE,WORSE
3817,2,49,91,26627,41846,0,CAPACITY_EXCEEDED,INVALID
3818,2,49,92,26058,41092,0,CAPACITY_EXCEEDED,INVALID
3819,2,49,93,25917,40795,1,FEASIBLE,WORSE
3820,2,49,94,26462,41753,0,CAPACITY_EXCEEDED,INVALID
3821,2,49,95,26144,41602,0,CAPACITY_EXCEEDED,INVALID
3822,2,49,96,27085,41704,0,CAPACITY_EXCEEDED,INVALID
3823,2,49,97,26857,42170,0,CAPACITY_EXCEEDED,INVALID
3824,2,49,98,27041,41942,0,CAPACITY_EXCEEDED,INVALID
3825,2,49,99,26792,41837,0,CAPACITY_EXCEEDED,INVALID
3826,2,50,51,25219,40083,1,FEASIBLE,WORSE
3827,2,50,52,25211,40492,1,FEASIBLE,WORSE
3828,2,50,53,24671,39946,1,FEASIBLE,WORSE
3829,2,50,54,25780,40922,1,FEASIBLE,WORSE
3830,2,50,55,26217,40806,0,CAPACITY_EXCEEDED,INVALID
3831,2,50,56,25947,41093,1,FEASIBLE,WORSE
3832,2,50,57,26019,40748,0,CAPACITY_EXCEEDED,INVALID
3833,2,50,58,25189,40399,1,FEASIBLE,WORSE
3834,2,50,59,24484,39743,1,FEASIBLE,WORSE
3835,2,50,60,25233,39910,1,FEASIBLE,WORSE
3836,2,50,61,25936,40622,1,FEASIBLE,WORSE
3837,2,50,62,24405,39830,1,FEASIBLE,WORSE
3838,2,50,63,26225,40627,0,CAPACITY_EXCEEDED,INVALID
3839,2,50,64,26211,40942,0,CAPACITY_EXCEEDED,INVALID
3840,2,50,65,24865,39704,1,FEASIBLE,WORSE
3841,2,50,66,24623,39988,1,FEASIBLE,WORSE
3842,2,50,67,26109,40916,0,CAPACITY_EXCEEDED,INVALID
3843,2,50,68,25179,40231,1,FEASIBLE,WORSE
3844,2,50,69,26261,40999,0,CAPACITY_EXCEEDED,INVALID
3845,2,50,70,26226,40736,0,CAPACITY_EXCEEDED,INVALID
3846,2,50,71,24876,39609,1,FEASIBLE,WORSE
3847,2,50,72,26096,40663,0,CAPACITY_EXCEEDED,INVALID
3848,2,50,73,24869,40186,1,FEASIBLE,WORSE
3849,2,50,74,25040,39862,1,FEASIBLE,WORSE
3850,2,50,75,26030,41007,0,CAPACITY_EXCEEDED,INVALID
3851,2,50,76,25253,39628,1,FEASIBLE,WORSE
3852,2,50,77,26118,40855,0,CAPACITY_EXCEEDED,INVALID
3853,2,50,78,24338,39629,1,FEASIBLE,WORSE
3854,2,50,79,25030,39716,1,FEASIBLE,WORSE
3855,2,50,80,26257,41280,0,CAPACITY_EXCEEDED,INVALID
3856,2,50,81,25233,39719,1,FEASIBLE,WORSE
3857,2,50,82,26176,41057,0,CAPACITY_EXCEEDED,INVALID
3858,2,50,83,25037,39777,1,FEASIBLE,WORSE
3859,2,50,84,24350,39812,1,FEASIBLE,WORSE
3860,2,50,85,24886,40092,1,FEASIBLE,WORSE
3861,2,50,86,26240,41080,0,CAPACITY_EXCEEDED,INVALID
3862,2,50,87,25285,39903,1,FEASIBLE,WORSE
3863,2,50,88,25231,40199,1,FEASIBLE,WORSE
3864,2,50,89,26134,40695,0,CAPACITY_EXCEEDED,INVALID
3865,2,50,90,24678,39862,1,FEASIBLE,WORSE
3866,2,50,91,25853,40875,1,FEASIBLE,WORSE
3867,2,50,92,25284,40121,1,FEASIBLE,WORSE
3868,2,50,93,25143,39824,1,FEASIBLE,WORSE
3869,2,50,94,25688,40782,1,FEASIBLE,WORSE
3870,2,50,95,25370,40631,1,FEASIBLE,WORSE
3871,2,50,96,26311,40733,0,CAPACITY_EXCEEDED,INVALID
3872,2,50,97,26083,41199,0,CAPACITY_EXCEEDED,INVALID
3873,2,50,98,26267,40971,0,CAPACITY_EXCEEDED,INVALID
3874,2,50,99,26018,40866,0,CAPACITY_EXCEEDED,INVALID
3875,2,51,52,25742,40847,1,FEASIBLE,WORSE
3876,2,51,53,25202,40301,1,FEASIBLE,WORSE
3877,2,51,54,26311,41277,0,CAPACITY_EXCEEDED,INVALID
3878,2,51,55,26748,41161,0,CAPACITY_EXCEEDED,INVALID
3879,2,51,56,26478,41448,0,CAPACITY_EXCEEDED,INVALID
3880,2,51,57,26550,41103,0,CAPACITY_EXCEEDED,INVALID
3881,2,51,58,25720,40754,1,FEASIBLE,WORSE
3882,2,51,59,25015,40098,1,FEASIBLE,WORSE
3883,2,51,60,25764,40265,1,FEASIBLE,WORSE
3884,2,51,61,26467,40977,0,CAPACITY_EXCEEDED,INVALID
3885,2,51,62,24936,40185,1,FEASIBLE,WORSE
3886,2,51,63,26756,40982,0,CAPACITY_EXCEEDED,INVALID
3887,2,51,64,26742,41297,0,CAPACITY_EXCEEDED,INVALID
3888,2,51,65,25396,40059,1,FEASIBLE,WORSE
3889,2,51,66,25154,40343,1,FEASIBLE,WORSE
3890,2,51,67,26640,41271,0,CAPACITY_EXCEEDED,INVALID
3891,2,51,68,25710,40586,1,FEASIBLE,WORSE
3892,2,51,69,26792,41354,0,CAPACITY_EXCEEDED,INVALID
3893,2,51,70,26757,41091,0,CAPACITY_EXCEEDED,INVALID
3894,2,51,71,25407,39964,1,FEASIBLE,WORSE
3895,2,51,72,26627,41018,0,CAPACITY_EXCEEDED,INVALID
3896,2,51,73,25400,40541,1,FEASIBLE,WORSE
3897,2,51,74,25571,40217,1,FEASIBLE,WORSE
3898,2,51,75,26561,41362,0,CAPACITY_EXCEEDED,INVALID
3899,2,51,76,25784,39983,1,FEASIBLE,WORSE
3900,2,51,77,26649,41210,0,CAPACITY_EXCEEDED,INVALID
3901,2,51,78,24869,39984,1,FEASIBLE,WORSE
3902,2,51,79,25561,40071,1,FEASIBLE,WORSE
3903,2,51,80,26788,41635,0,CAPACITY_EXCEEDED,INVALID
3904,2,51,81,25764,40074,1,FEASIBLE,WORSE
3905,2,51,82,26707,41412,0,CAPACITY_EXCEEDED,INVALID
3906,2,51,83,25568,40132,1,FEASIBLE,WORSE
3907,2,51,84,24881,40167,1,FEASIBLE,WORSE
3908,2,51,85,25417,40447,1,FEASIBLE,WORSE
3909,2,51,86,26771,41435,0,CAPACITY_EXCEEDED,INVALID
3910,2,51,87,25816,40258,1,FEASIBLE,WORSE
3911,2,51,88,25762,40554,1,FEASIBLE,WORSE
3912,2,51,89,26665,41050,0,CAPACITY_EXCEEDED,INVALID
3913,2,51,90,25209,40217,1,FEASIBLE,WORSE
3914,2,51,91,26384,41230,0,CAPACITY_EXCEEDED,INVALID
3915,2,51,92,25815,40476,1,FEASIBLE,WORSE
3916,2,51,93,25674,40179,1,FEASIBLE,WORSE
3917,2,51,94,26219,41137,0,CAPACITY_EXCEEDED,INVALID
3918,2,51,95,25901,40986,1,FEASIBLE,WORSE
3919,2,51,96,26842,41088,0,CAPACITY_EXCEEDED,INVALID
3920,2,51,97,26614,41554,0,CAPACITY_EXCEEDED,INVALID
3921,2,51,98,26798,41326,0,CAPACITY_EXCEEDED,INVALID
3922,2,51,99,26549,41221,0,CAPACITY_EXCEEDED,INVALID
3923,2,52,53,25194,40710,1,FEASIBLE,WORSE
3924,2,52,54,26303,41686,0,CAPACITY_EXCEEDED,INVALID
3925,2,52,55,26740,41570,0,CAPACITY_EXCEEDED,INVALID
3926,2,52,56,26470,41857,0,CAPACITY_EXCEEDED,INVALID
3927,2,52,57,26542,41512,0,CAPACITY_EXCEEDED,INVALID
3928,2,52,58,25712,41163,1,FEASIBLE,WORSE
3929,2,52,59,25007,40507,1,FEASIBLE,WORSE
3930,2,52,60,25756,40674,1,FEASIBLE,WORSE
3931,2,52,61,26459,41386,0,CAPACITY_EXCEEDED,INVALID
3932,2,52,62,24928,40594,1,FEASIBLE,WORSE
3933,2,52,63,26748,41391,0,CAPACITY_EXCEEDED,INVALID
3934,2,52,64,26734,41706,0,CAPACITY_EXCEEDED,INVALID
3935,2,52,65,25388,40468,1,FEASIBLE,WORSE
3936,2,52,66,25146,40752,1,FEASIBLE,WORSE
3937,2,52,67,26632,41680,0,CAPACITY_EXCEEDED,INVALID
3938,2,52,68,25702,40995,1,FEASIBLE,WORSE
3939,2,52,69,26784,41763,0,CAPACITY_EXCEEDED,INVALID
3940,2,52,70,26749,41500,0,CAPACITY_EXCEEDED,INVALID
3941,2,52,71,25399,40373,1,FEASIBLE,WORSE
3942,2,52,72,26619,41427,0,CAPACITY_EXCEEDED,INVALID
3943,2,52,73,25392,40950,1,FEASIBLE,WORSE
3944,2,52,74,25563,40626,1,FEASIBLE,WORSE
3945,2,52,75,26553,41771,0,CAPACITY_EXCEEDED,INVALID
3946,2,52,76,25776,40392,1,FEASIBLE,WORSE
3947,2,52,77,26641,41619,0,CAPACITY_EXCEEDED,INVALID
3948,2,52,78,24861,40393,1,FEASIBLE,WORSE
3949,2,52,79,25553,40480,1,FEASIBLE,WORSE
3950,2,52,80,26780,42044,0,CAPACITY_EXCEEDED,INVALID
3951,2,52,81,25756,40483,1,FEASIBLE,WORSE
3952,2,52,82,26699,41821,0,CAPACITY_EXCEEDED,INVALID
3953,2,52,83,25560,40541,1,FEASIBLE,WORSE
3954,2,52,84,24873,40576,1,FEASIBLE,WORSE
3955,2,52,85,25409,40856,1,FEASIBLE,WORSE
3956,2,52,86,26763,41844,0,CAPACITY_EXCEEDED,INVALID
3957,2,52,87,25808,40667,1,FEASIBLE,WORSE
3958,2,52,88,25754,40963,1,FEASIBLE,WORSE
3959,2,52,89,26657,41459,0,CAPACITY_EXCEEDED,INVALID
3960,2,52,90,25201,40626,1,FEASIBLE,WORSE
3961,2,52,91,26376,41639,0,CAPACITY_EXCEEDED,INVALID
3962,2,52,92,25807,40885,1,FEASIBLE,WORSE
3963,2,52,93,25666,40588,1,FEASIBLE,WORSE
3964,2,52,94,26211,41546,0,CAPACITY_EXCEEDED,INVALID
3965,2,52,95,25893,41395,1,FEASIBLE,WORSE
3966,2,52,96,26834,41497,0,CAPACITY_EXCEEDED,INVALID
3967,2,52,97,26606,41963,0,CAPACITY_EXCEEDED,INVALID
3968,2,52,98,26790,41735,0,CAPACITY_EXCEEDED,INVALID
3969,2,52,99,26541,41630,0,CAPACITY_EXCEEDED,INVALID
3970,2,53,54,25763,41140,1,FEASIBLE,WORSE
3971,2,53,55,26200,41024,0,CAPACITY_EXCEEDED,INVALID
3972,2,53,56,25930,41311,1,FEASIBLE,WORSE
3973,2,53,57,26002,40966,0,CAPACITY_EXCEEDED,INVALID
3974,2,53,58,25172,40617,1,FEASIBLE,WORSE
3975,2,53,59,24467,39961,1,FEASIBLE,WORSE
3976,2,53,60,25216,40128,1,FEASIBLE,WORSE
3977,2,53,61,25919,40840,1,FEASIBLE,WORSE
3978,2,53,62,24388,40048,1,FEASIBLE,WORSE
3979,2,53,63,26208,40845,0,CAPACITY_EXCEEDED,INVALID
3980,2,53,64,26194,41160,0,CAPACITY_EXCEEDED,INVALID
3981,2,53,65,24848,39922,1,FEASIBLE,WORSE
3982,2,53,66,24606,40206,1,FEASIBLE,WORSE
3983,2,53,67,26092,41134,0,CAPACITY_EXCEEDED,INVALID
3984,2,53,68,25162,40449,1,FEASIBLE,WORSE
3985,2,53,69,26244,41217,0,CAPACITY_EXCEEDED,INVALID
3986,2,53,70,26209,40954,0,CAPACITY_EXCEEDED,INVALID
3987,2,53,71,24859,39827,1,FEASIBLE,WORSE
3988,2,53,72,26079,40881,0,CAPACITY_EXCEEDED,INVALID
3989,2,53,73,24852,40404,1,FEASIBLE,WORSE
3990,2,53,74,25023,40080,1,FEASIBLE,WORSE
3991,2,53,75,26013,41225,0,CAPACITY_EXCEEDED,INVALID
3992,2,53,76,25236,39846,1,FEASIBLE,WORSE
3993,2,53,77,26101,41073,0,CAPACITY_EXCEEDED,INVALID
3994,2,53,78,24321,39847,1,FEASIBLE,WORSE
3995,2,53,79,25013,39934,1,FEASIBLE,WORSE
3996,2,53,80,26240,41498,0,CAPACITY_EXCEEDED,INVALID
3997,2,53,81,25216,39937,1,FEASIBLE,WORSE
3998,2,53,82,26159,41275,0,CAPACITY_EXCEEDED,INVALID
3999,2,53,83,25020,39995,1,FEASIBLE,WORSE
4000,2,53,84,24333,40030,1,FEASIBLE,WORSE
4001,2,53,85,24869,40310,1,FEASIBLE,WORSE
4002,2,53,86,26223,41298,0,CAPACITY_EXCEEDED,INVALID
4003,2,53,87,25268,40121,1,FEASIBLE,WORSE
4004,2,53,88,25214,40417,1,FEASIBLE,WORSE
4005,2,53,89,26117,40913,0,CAPACITY_EXCEEDED,INVALID
4006,2,53,90,24661,40080,1,FEASIBLE,WORSE
4007,2,53,91,25836,41093,1,FEASIBLE,WORSE
4008,2,53,92,25267,40339,1,FEASIBLE,WORSE
4009,2,53,93,25126,40042,1,FEASIBLE,WORSE
4010,2,53,94,25671,41000,1,FEASIBLE,WORSE
4011,2,53,95,25353,40849,1,FEASIBLE,WORSE
4012,2,53,96,26294,40951,0,CAPACITY_EXCEEDED,INVALID
4013,2,53,97,26066,41417,0,CAPACITY_EXCEEDED,INVALID
4014,2,53,98,26250,41189,0,CAPACITY_EXCEEDED,INVALID
4015,2,53,99,26001,41084,0,CAPACITY_EXCEEDED,INVALID
4016,2,54,55,27309,42000,0,CAPACITY_EXCEEDED,INVALID
4017,2,54,56,27039,42287,0,CAPACITY_EXCEEDED,INVALID
4018,2,54,57,27111,41942,0,CAPACITY_EXCEEDED,INVALID
4019,2,54,58,26281,41593,0,CAPACITY_EXCEEDED,INVALID
4020,2,54,59,25576,40937,1,FEASIBLE,WORSE
4021,2,54,60,26325,41104,0,CAPACITY_EXCEEDED,INVALID
4022,2,54,61,27028,41816,0,CAPACITY_EXCEEDED,INVALID
4023,2,54,62,25497,41024,1,FEASIBLE,WORSE
4024,2,54,63,27317,41821,0,CAPACITY_EXCEEDED,INVALID
4025,2,54,64,27303,42136,0,CAPACITY_EXCEEDED,INVALID
4026,2,54,65,25957,40898,1,FEASIBLE,WORSE
4027,2,54,66,25715,41182,1,FEASIBLE,WORSE
4028,2,54,67,27201,42110,0,CAPACITY_EXCEEDED,INVALID
4029,2,54,68,26271,41425,0,CAPACITY_EXCEEDED,INVALID
4030,2,54,69,27353,42193,0,CAPACITY_EXCEEDED,INVALID
4031,2,54,70,27318,41930,0,CAPACITY_EXCEEDED,INVALID
4032,2,54,71,25968,40803,1,FEASIBLE,WORSE
4033,2,54,72,27188,41857,0,CAPACITY_EXCEEDED,INVALID
4034,2,54,73,25961,41380,1,FEASIBLE,WORSE
4035,2,54,74,26132,41056,0,CAPACITY_EXCEEDED,INVALID
4036,2,54,75,27122,42201,0,CAPACITY_EXCEEDED,INVALID
4037,2,54,76,26345,40822,0,CAPACITY_EXCEEDED,INVALID
4038,2,54,77,27210,42049,0,CAPACITY_EXCEEDED,INVALID
4039,2,54,78,25430,40823,1,FEASIBLE,WORSE
4040,2,54,79,26122,40910,0,CAPACITY_EXCEEDED,INVALID
4041,2,54,80,27349,42474,0,CAPACITY_EXCEEDED,INVALID
4042,2,54,81,26325,40913,0,CAPACITY_EXCEEDED,INVALID
4043,2,54,82,27268,42251,0,CAPACITY_EXCEEDED,INVALID
4044,2,54,83,26129,40971,0,CAPACITY_EXCEEDED,INVALID
4045,2,54,84,25442,41006,1,FEASIBLE,WORSE
4046,2,54,85,25978,41286,1,FEASIBLE,WORSE
4047,2,54,86,27332,42274,0,CAPACITY_EXCEEDED,INVALID
4048,2,54,87,26377,41097,0,CAPACITY_EXCEEDED,INVALID
4049,2,54,88,26323,41393,0,CAPACITY_EXCEEDED,INVALID
4050,2,54,89,27226,41889,0,CAPACITY_EXCEEDED,INVALID
4051,2,54,90,25770,41056,1,FEASIBLE,WORSE
4052,2,54,91,26945,42069,0,CAPACITY_EXCEEDED,INVALID
4053,2,54,92,26376,41315,0,CAPACITY_EXCEEDED,INVALID
4054,2,54,93,26235,41018,0,CAPACITY_EXCEEDED,INVALID
4055,2,54,94,26780,41976,0,CAPACITY_EXCEEDED,INVALID
4056,2,54,95,26462,41825,0,CAPACITY_EXCEEDED,INVALID
4057,2,54,96,27403,41927,0,CAPACITY_EXCEEDED,INVALID
4058,2,54,97,27175,42393,0,CAPACITY_EXCEEDED,INVALID
4059,2,54,98,27359,42165,0,CAPACITY_EXCEEDED,INVALID
4060,2,54,99,27110,42060,0,CAPACITY_EXCEEDED,INVALID
4061,2,55,56,27476,42171,0,CAPACITY_EXCEEDED,INVALID
4062,2,55,57,27548,41826,0,CAPACITY_EXCEEDED,INVALID
4063,2,55,58,26718,41477,0,CAPACITY_EXCEEDED,INVALID
4064,2,55,59,26013,40821,0,CAPACITY_EXCEEDED,INVALID
4065,2,55,60,26762,40988,0,CAPACITY_EXCEEDED,INVALID
4066,2,55,61,27465,41700,0,CAPACITY_EXCEEDED,INVALID
4067,2,55,62,25934,40908,1,FEASIBLE,WORSE
4068,2,55,63,27754,41705,0,CAPACITY_EXCEEDED,INVALID
4069,2,55,64,27740,42020,0,CAPACITY_EXCEEDED,INVALID
4070,2,55,65,26394,40782,0,CAPACITY_EXCEEDED,INVALID
4071,2,55,66,26152,41066,0,CAPACITY_EXCEEDED,INVALID
4072,2,55,67,27638,41994,0,CAPACITY_EXCEEDED,INVALID
4073,2,55,68,26708,41309,0,CAPACITY_EXCEEDED,INVALID
4074,2,55,69,27790,42077,0,CAPACITY_EXCEEDED,INVALID
4075,2,55,70,27755,41814,0,CAPACITY_EXCEEDED,INVALID
4076,2,55,71,26405,40687,0,CAPACITY_EXCEEDED,INVALID
4077,2,55,72,27625,41741,0,CAPACITY_EXCEEDED,INVALID
4078,2,55,73,26398,41264,0,CAPACITY_EXCEEDED,INVALID
4079,2,55,74,26569,40940,0,CAPACITY_EXCEEDED,INVALID
4080,2,55,75,27559,42085,0,CAPACITY_EXCEEDED,INVALID
4081,2,55,76,26782,40706,0,CAPACITY_EXCEEDED,INVALID
4082,2,55,77,27647,41933,0,CAPACITY_EXCEEDED,INVALID
4083,2,55,78,25867,40707,1,FEASIBLE,WORSE
4084,2,55,79,26559,40794,0,CAPACITY_EXCEEDED,INVALID
4085,2,55,80,27786,42358,0,CAPACITY_EXCEEDED,INVALID
4086,2,55,81,26762,40797,0,CAPACITY_EXCEEDED,INVALID
4087,2,55,82,27705,42135,0,CAPACITY_EXCEEDED,INVALID
4088,2,55,83,26566,40855,0,CAPACITY_EXCEEDED,INVALID
4089,2,55,84,25879,40890,1,FEASIBLE,WORSE
4090,2,55,85,26415,41170,0,CAPACITY_EXCEEDED,INVALID
4091,2,55,86,27769,42158,0,CAPACITY_EXCEEDED,INVALID
4092,2,55,87,26814,40981,0,CAPACITY_EXCEEDED,INVALID
4093,2,55,88,26760,41277,0,CAPACITY_EXCEEDED,INVALID
4094,2,55,89,27663,41773,0,CAPACITY_EXCEEDED,INVALID
4095,2,55,90,26207,40940,0,CAPACITY_EXCEEDED,INVALID
4096,2,55,91,27382,41953,0,CAPACITY_EXCEEDED,INVALID
4097,2,55,92,26813,41199,0,CAPACITY_EXCEEDED,INVALID
4098,2,55,93,26672,40902,0,CAPACITY_EXCEEDED,INVALID
4099,2,55,94,27217,41860,0,CAPACITY_EXCEEDED,INVALID
4100,2,55,95,26899,41709,0,CAPACITY_EXCEEDED,INVALID
4101,2,55,96,27840,41811,0,CAPACITY_EXCEEDED,INVALID
4102,2,55,97,27612,42277,0,CAPACITY_EXCEEDED,INVALID
4103,2,55,98,27796,42049,0,CAPACITY_EXCEEDED,INVALID
4104,2,55,99,27547,41944,0,CAPACITY_EXCEEDED,INVALID
4105,2,56,57,27278,42113,0,CAPACITY_EXCEEDED,INVALID
4106,2,56,58,26448,41764,0,CAPACITY_EXCEEDED,INVALID
4107,2,56,59,25743,41108,1,FEASIBLE,WORSE
4108,2,56,60,26492,41275,0,CAPACITY_EXCEEDED,INVALID
4109,2,56,61,27195,41987,0,CAPACITY_EXCEEDED,INVALID
4110,2,56,62,25664,41195,1,FEASIBLE,WORSE
4111,2,56,63,27484,41992,0,CAPACITY_EXCEEDED,INVALID
4112,2,56,64,27470,42307,0,CAPACITY_EXCEEDED,INVALID
4113,2,56,65,26124,41069,0,CAPACITY_EXCEEDED,INVALID
4114,2,56,66,25882,41353,1,FEASIBLE,WORSE
4115,2,56,67,27368,42281,0,CAPACITY_EXCEEDED,INVALID
4116,2,56,68,26438,41596,0,CAPACITY_EXCEEDED,INVALID
4117,2,56,69,27520,42364,0,CAPACITY_EXCEEDED,INVALID
4118,2,56,70,27485,42101,0,CAPACITY_EXCEEDED,INVALID
4119,2,56,71,26135,40974,0,CAPACITY_EXCEEDED,INVALID
4120,2,56,72,27355,42028,0,CAPACITY_EXCEEDED,INVALID
4121,2,56,73,26128,41551,0,CAPACITY_EXCEEDED,INVALID
4122,2,56,74,26299,41227,0,CAPACITY_EXCEEDED,INVALID
4123,2,56,75,27289,42372,0,CAPACITY_EXCEEDED,INVALID
4124,2,56,76,26512,40993,0,CAPACITY_EXCEEDED,INVALID
4125,2,56,77,27377,42220,0,CAPACITY_EXCEEDED,INVALID
4126,2,56,78,25597,40994,1,FEASIBLE,WORSE
4127,2,56,79,26289,41081,0,CAPACITY_EXCEEDED,INVALID
4128,2,56,80,27516,42645,0,CAPACITY_EXCEEDED,INVALID
4129,2,56,81,26492,41084,0,CAPACITY_EXCEEDED,INVALID
4130,2,56,82,27435,42422,0,CAPACITY_EXCEEDED,INVALID
4131,2,56,83,26296,41142,0,CAPACITY_EXCEEDED,INVALID
4132,2,56,84,25609,41177,1,FEASIBLE,WORSE
4133,2,56,85,26145,41457,0,CAPACITY_EXCEEDED,INVALID
4134,2,56,86,27499,42445,0,CAPACITY_EXCEEDED,INVALID
4135,2,56,87,26544,41268,0,CAPACITY_EXCEEDED,INVALID
4136,2,56,88,26490,41564,0,CAPACITY_EXCEEDED,INVALID
4137,2,56,89,27393,42060,0,CAPACITY_EXCEEDED,INVALID
4138,2,56,90,25937,41227,1,FEASIBLE,WORSE
4139,2,56,91,27112,42240,0,CAPACITY_EXCEEDED,INVALID
4140,2,56,92,26543,41486,0,CAPACITY_EXCEEDED,INVALID
4141,2,56,93,26402,41189,0,CAPACITY_EXCEEDED,INVALID
4142,2,56,94,26947,42147,0,CAPACITY_EXCEEDED,INVALID
4143,2,56,95,26629,41996,0,CAPACITY_EXCEEDED,INVALID
4144,2,56,96,27570,42098,0,CAPACITY_EXCEEDED,INVALID
4145,2,56,97,27342,42564,0,CAPACITY_EXCEEDED,INVALID
4146,2,56,98,27526,42336,0,CAPACITY_EXCEEDED,INVALID
4147,2,56,99,27277,42231,0,CAPACITY_EXCEEDED,INVALID
4148,2,57,58,26520,41419,0,CAPACITY_EXCEEDED,INVALID
4149,2,57,59,25815,40763,1,FEASIBLE,WORSE
4150,2,57,60,26564,40930,0,CAPACITY_EXCEEDED,INVALID
4151,2,57,61,27267,41642,0,CAPACITY_EXCEEDED,INVALID
4152,2,57,62,25736,40850,1,FEASIBLE,WORSE
4153,2,57,63,27556,41647,0,CAPACITY_EXCEEDED,INVALID
4154,2,57,64,27542,41962,0,CAPACITY_EXCEEDED,INVALID
4155,2,57,65,26196,40724,0,CAPACITY_EXCEEDED,INVALID
4156,2,57,66,25954,41008,1,FEASIBLE,WORSE
4157,2,57,67,27440,41936,0,CAPACITY_EXCEEDED,INVALID
4158,2,57,68,26510,41251,0,CAPACITY_EXCEEDED,INVALID
4159,2,57,69,27592,42019,0,CAPACITY_EXCEEDED,INVALID
4160,2,57,70,27557,41756,0,CAPACITY_EXCEEDED,INVALID
4161,2,57,71,26207,40629,0,CAPACITY_EXCEEDED,INVALID
4162,2,57,72,27427,41683,0,CAPACITY_EXCEEDED,INVALID
4163,2,57,73,26200,41206,0,CAPACITY_EXCEEDED,INVALID
4164,2,57,74,26371,40882,0,CAPACITY_EXCEEDED,INVALID
4165,2,57,75,27361,42027,0,CAPACITY_EXCEEDED,INVALID
4166,2,57,76,26584,40648,0,CAPACITY_EXCEEDED,INVALID
4167,2,57,77,27449,41875,0,CAPACITY_EXCEEDED,INVALID
4168,2,57,78,25669,40649,1,FEASIBLE,WORSE
4169,2,57,79,26361,40736,0,CAPACITY_EXCEEDED,INVALID
4170,2,57,80,27588,42300,0,CAPACITY_EXCEEDED,INVALID
4171,2,57,81,26564,40739,0,CAPACITY_EXCEEDED,INVALID
4172,2,57,82,27507,42077,0,CAPACITY_EXCEEDED,INVALID
4173,2,57,83,26368,40797,0,CAPACITY_EXCEEDED,INVALID
4174,2,57,84,25681,40832,1,FEASIBLE,WORSE
4175,2,57,85,26217,41112,0,CAPACITY_EXCEEDED,INVALID
4176,2,57,86,27571,42100,0,CAPACITY_EXCEEDED,INVALID
4177,2,57,87,26616,40923,0,CAPACITY_EXCEEDED,INVALID
4178,2,57,88,26562,41219,0,CAPACITY_EXCEEDED,INVALID
4179,2,57,89,27465,41715,0,CAPACITY_EXCEEDED,INVALID
4180,2,57,90,26009,40882,0,CAPACITY_EXCEEDED,INVALID
4181,2,57,91,27184,41895,0,CAPACITY_EXCEEDED,INVALID
4182,2,57,92,26615,41141,0,CAPACITY_EXCEEDED,INVALID
4183,2,57,93,26474,40844,0,CAPACITY_EXCEEDED,INVALID
4184,2,57,94,27019,41802,0,CAPACITY_EXCEEDED,INVALID
4185,2,57,95,26701,41651,0,CAPACITY_EXCEEDED,INVALID
4186,2,57,96,27642,41753,0,CAPACITY_EXCEEDED,INVALID
4187,2,57,97,27414,42219,0,CAPACITY_EXCEEDED,INVALID
4188,2,57,98,27598,41991,0,CAPACITY_EXCEEDED,INVALID
4189,2,57,99,27349,41886,0,CAPACITY_EXCEEDED,INVALID
4190,2,58,59,24985,40414,1,FEASIBLE,WORSE
4191,2,58,60,25734,40581,1,FEASIBLE,WORSE
4192,2,58,61,26437,41293,0,CAPACITY_EXCEEDED,INVALID
4193,2,58,62,24906,40501,1,FEASIBLE,WORSE
4194,2,58,63,26726,41298,0,CAPACITY_EXCEEDED,INVALID
4195,2,58,64,26712,41613,0,CAPACITY_EXCEEDED,INVALID
4196,2,58,65,25366,40375,1,FEASIBLE,WORSE
4197,2,58,66,25124,40659,1,FEASIBLE,WORSE
4198,2,58,67,26610,41587,0,CAPACITY_EXCEEDED,INVALID
4199,2,58,68,25680,40902,1,FEASIBLE,WORSE
4200,2,58,69,26762,41670,0,CAPACITY_EXCEEDED,INVALID
4201,2,58,70,26727,41407,0,CAPACITY_EXCEEDED,INVALID
4202,2,58,71,25377,40280,1,FEASIBLE,WORSE
4203,2,58,72,26597,41334,0,CAPACITY_EXCEEDED,INVALID
4204,2,58,73,25370,40857,1,FEASIBLE,WORSE
4205,2,58,74,25541,40533,1,FEASIBLE,WORSE
4206,2,58,75,26531,41678,0,CAPACITY_EXCEEDED,INVALID
4207,2,58,76,25754,40299,1,FEASIBLE,WORSE
4208,2,58,77,26619,41526,0,CAPACITY_EXCEEDED,INVALID
4209,2,58,78,24839,40300,1,FEASIBLE,WORSE
4210,2,58,79,25531,40387,1,FEASIBLE,WORSE
4211,2,58,80,26758,41951,0,CAPACITY_EXCEEDED,INVALID
4212,2,58,81,25734,40390,1,FEASIBLE,WORSE
4213,2,58,82,26677,41728,0,CAPACITY_EXCEEDED,INVALID
4214,2,58,83,25538,40448,1,FEASIBLE,WORSE
4215,2,58,84,24851,40483,1,FEASIBLE,WORSE
4216,2,58,85,25387,40763,1,FEASIBLE,WORSE
4217,2,58,86,26741,41751,0,CAPACITY_EXCEEDED,INVALID
4218,2,58,87,25786,40574,1,FEASIBLE,WORSE
4219,2,58,88,25732,40870,1,FEASIBLE,WORSE
4220,2,58,89,26635,41366,0,CAPACITY_EXCEEDED,INVALID
4221,2,58,90,25179,40533,1,FEASIBLE,WORSE
4222,2,58,91,26354,41546,0,CAPACITY_EXCEEDED,INVALID
4223,2,58,92,25785,40792,1,FEASIBLE,WORSE
4224,2,58,93,25644,40495,1,FEASIBLE,WORSE
4225,2,58,94,26189,41453,0,CAPACITY_EXCEEDED,INVALID
4226,2,58,95,25871,41302,1,FEASIBLE,WORSE
4227,2,58,96,26812,41404,0,CAPACITY_EXCEEDED,INVALID
4228,2,58,97,26584,41870,0,CAPACITY_EXCEEDED,INVALID
4229,2,58,98,26768,41642,0,CAPACITY_EXCEEDED,INVALID
4230,2,58,99,26519,41537,0,CAPACITY_EXCEEDED,INVALID
4231,2,59,60,25029,39925,1,FEASIBLE,WORSE
4232,2,59,61,25732,40637,1,FEASIBLE,WORSE
4233,2,59,62,24201,39845,1,FEASIBLE,WORSE
4234,2,59,63,26021,40642,0,CAPACITY_EXCEEDED,INVALID
4235,2,59,64,26007,40957,0,CAPACITY_EXCEEDED,INVALID
4236,2,59,65,24661,39719,1,FEASIBLE,WORSE
4237,2,59,66,24419,40003,1,FEASIBLE,WORSE
4238,2,59,67,25905,40931,1,FEASIBLE,WORSE
4239,2,59,68,24975,40246,1,FEASIBLE,WORSE
4240,2,59,69,26057,41014,0,CAPACITY_EXCEEDED,INVALID
4241,2,59,70,26022,40751,0,CAPACITY_EXCEEDED,INVALID
4242,2,59,71,24672,39624,1,FEASIBLE,WORSE
4243,2,59,72,25892,40678,1,FEASIBLE,WORSE
4244,2,59,73,24665,40201,1,FEASIBLE,WORSE
4245,2,59,74,24836,39877,1,FEASIBLE,WORSE
4246,2,59,75,25826,41022,1,FEASIBLE,WORSE
4247,2,59,76,25049,39643,1,FEASIBLE,WORSE
4248,2,59,77,25914,40870,1,FEASIBLE,WORSE
4249,2,59,78,24134,39644,1,FEASIBLE,WORSE
4250,2,59,79,24826,39731,1,FEASIBLE,WORSE
4251,2,59,80,26053,41295,0,CAPACITY_EXCEEDED,INVALID
4252,2,59,81,25029,39734,1,FEASIBLE,WORSE
4253,2,59,82,25972,41072,1,FEASIBLE,WORSE
4254,2,59,83,24833,39792,1,FEASIBLE,WORSE
4255,2,59,84,24146,39827,1,FEASIBLE,WORSE
4256,2,59,85,24682,40107,1,FEASIBLE,WORSE
4257,2,59,86,26036,41095,0,CAPACITY_EXCEEDED,INVALID
4258,2,59,87,25081,39918,1,FEASIBLE,WORSE
4259,2,59,88,25027,40214,1,FEASIBLE,WORSE
4260,2,59,89,25930,40710,1,FEASIBLE,WORSE
4261,2,59,90,24474,39877,1,FEASIBLE,WORSE
4262,2,59,91,25649,40890,1,FEASIBLE,WORSE
4263,2,59,92,25080,40136,1,FEASIBLE,WORSE
4264,2,59,93,24939,39839,1,FEASIBLE,WORSE
4265,2,59,94,25484,40797,1,FEASIBLE,WORSE
4266,2,59,95,25166,40646,1,FEASIBLE,WORSE
4267,2,59,96,26107,40748,0,CAPACITY_EXCEEDED,INVALID
4268,2,59,97,25879,41214,1,FEASIBLE,WORSE
4269,2,59,98,26063,40986,0,CAPACITY_EXCEEDED,INVALID
4270,2,59,99,25814,40881,1,FEASIBLE,WORSE
4271,2,60,61,26481,40804,0,CAPACITY_EXCEEDED,INVALID
4272,2,60,62,24950,40012,1,FEASIBLE,WORSE
4273,2,60,63,26770,40809,0,CAPACITY_EXCEEDED,INVALID
4274,2,60,64,26756,41124,0,CAPACITY_EXCEEDED,INVALID
4275,2,60,65,25410,39886,1,FEASIBLE,WORSE
4276,2,60,66,25168,40170,1,FEASIBLE,WORSE
4277,2,60,67,26654,41098,0,CAPACITY_EXCEEDED,INVALID
4278,2,60,68,25724,40413,1,FEASIBLE,WORSE
4279,2,60,69,26806,41181,0,CAPACITY_EXCEEDED,INVALID
4280,2,60,70,26771,40918,0,CAPACITY_EXCEEDED,INVALID
4281,2,60,71,25421,39791,1,FEASIBLE,WORSE
4282,2,60,72,26641,40845,0,CAPACITY_EXCEEDED,INVALID
4283,2,60,73,25414,40368,1,FEASIBLE,WORSE
4284,2,60,74,25585,40044,1,FEASIBLE,WORSE
4285,2,60,75,26575,41189,0,CAPACITY_EXCEEDED,INVALID
4286,2,60,76,25798,39810,1,FEASIBLE,WORSE
4287,2,60,77,26663,41037,0,CAPACITY_EXCEEDED,INVALID
4288,2,60,78,24883,39811,1,FEASIBLE,WORSE
4289,2,60,79,25575,39898,1,FEASIBLE,WORSE
4290,2,60,80,26802,41462,0,CAPACITY_EXCEEDED,INVALID
4291,2,60,81,25778,39901,1,FEASIBLE,WORSE
4292,2,60,82,26721,41239,0,CAPACITY_EXCEEDED,INVALID
4293,2,60,83,25582,39959,1,FEASIBLE,WORSE
4294,2,60,84,24895,39994,1,FEASIBLE,WORSE
4295,2,60,85,25431,40274,1,FEASIBLE,WORSE
4296,2,60,86,26785,41262,0,CAPACITY_EXCEEDED,INVALID
4297,2,60,87,25830,40085,1,FEASIBLE,WORSE
4298,2,60,88,25776,40381,1,FEASIBLE,WORSE
4299,2,60,89,26679,40877,0,CAPACITY_EXCEEDED,INVALID
4300,2,60,90,25223,40044,1,FEASIBLE,WORSE
4301,2,60,91,26398,41057,0,CAPACITY_EXCEEDED,INVALID
4302,2,60,92,25829,40303,1,FEASIBLE,WORSE
4303,2,60,93,25688,40006,1,FEASIBLE,WORSE
4304,2,60,94,26233,40964,0,CAPACITY_EXCEEDED,INVALID
4305,2,60,95,25915,40813,1,FEASIBLE,WORSE
4306,2,60,96,26856,40915,0,CAPACITY_EXCEEDED,INVALID
4307,2,60,97,26628,41381,0,CAPACITY_EXCEEDED,INVALID
4308,2,60,98,26812,41153,0,CAPACITY_EXCEEDED,INVALID
4309,2,60,99,26563,41048,0,CAPACITY_EXCEEDED,INVALID
4310,2,61,62,25653,40724,1,FEASIBLE,WORSE
4311,2,61,63,27473,41521,0,CAPACITY_EXCEEDED,INVALID
4312,2,61,64,27459,41836,0,CAPACITY_EXCEEDED,INVALID
4313,2,61,65,26113,40598,0,CAPACITY_EXCEEDED,INVALID
4314,2,61,66,25871,40882,1,FEASIBLE,WORSE
4315,2,61,67,27357,41810,0,CAPACITY_EXCEEDED,INVALID
4316,2,61,68,26427,41125,0,CAPACITY_EXCEEDED,INVALID
4317,2,61,69,27509,41893,0,CAPACITY_EXCEEDED,INVALID
4318,2,61,70,27474,41630,0,CAPACITY_EXCEEDED,INVALID
4319,2,61,71,26124,40503,0,CAPACITY_EXCEEDED,INVALID
4320,2,61,72,27344,41557,0,CAPACITY_EXCEEDED,INVALID
4321,2,61,73,26117,41080,0,CAPACITY_EXCEEDED,INVALID
4322,2,61,74,26288,40756,0,CAPACITY_EXCEEDED,INVALID
4323,2,61,75,27278,41901,0,CAPACITY_EXCEEDED,INVALID
4324,2,61,76,26501,40522,0,CAPACITY_EXCEEDED,INVALID
4325,2,61,77,27366,41749,0,CAPACITY_EXCEEDED,INVALID
4326,2,61,78,25586,40523,1,FEASIBLE,WORSE
4327,2,61,79,26278,40610,0,CAPACITY_EXCEEDED,INVALID
4328,2,61,80,27505,42174,0,CAPACITY_EXCEEDED,INVALID
4329,2,61,81,26481,40613,0,CAPACITY_EXCEEDED,INVALID
4330,2,61,82,27424,41951,0,CAPACITY_EXCEEDED,INVALID
4331,2,61,83,26285,40671,0,CAPACITY_EXCEEDED,INVALID
4332,2,61,84,25598,40706,1,FEASIBLE,WORSE
4333,2,61,85,26134,40986,0,CAPACITY_EXCEEDED,INVALID
4334,2,61,86,27488,41974,0,CAPACITY_EXCEEDED,INVALID
4335,2,61,87,26533,40797,0,CAPACITY_EXCEEDED,INVALID
4336,2,61,88,26479,41093,0,CAPACITY_EXCEEDED,INVALID
4337,2,61,89,27382,41589,0,CAPACITY_EXCEEDED,INVALID
4338,2,61,90,25926,40756,1,FEASIBLE,WORSE
4339,2,61,91,27101,41769,0,CAPACITY_EXCEEDED,INVALID
4340,2,61,92,26532,41015,0,CAPACITY_EXCEEDED,INVALID
4341,2,61,93,26391,40718,0,CAPACITY_EXCEEDED,INVALID
4342,2,61,94,26936,41676,0,CAPACITY_EXCEEDED,INVALID
4343,2,61,95,26618,41525,0,CAPACITY_EXCEEDED,INVALID
4344,2,61,96,27559,41627,0,CAPACITY_EXCEEDED,INVALID
4345,2,61,97,27331,42093,0,CAPACITY_EXCEEDED,INVALID
4346,2,61,98,27515,41865,0,CAPACITY_EXCEEDED,INVALID
4347,2,61,99,27266,41760,0,CAPACITY_EXCEEDED,INVALID
4348,2,62,63,25942,40729,1,FEASIBLE,WORSE
4349,2,62,64,25928,41044,1,FEASIBLE,WORSE
4350,2,62,65,24582,39806,1,FEASIBLE,WORSE
4351,2,62,66,24340,40090,1,FEASIBLE,WORSE
4352,2,62,67,25826,41018,1,FEASIBLE,WORSE
4353,2,62,68,24896,40333,1,FEASIBLE,WORSE
4354,2,62,69,25978,41101,1,FEASIBLE,WORSE
4355,2,62,70,25943,40838,1,FEASIBLE,WORSE
4356,2,62,71,24593,39711,1,FEASIBLE,WORSE
4357,2,62,72,25813,40765,1,FEASIBLE,WORSE
4358,2,62,73,24586,40288,1,FEASIBLE,WORSE
4359,2,62,74,24757,39964,1,FEASIBLE,WORSE
4360,2,62,75,25747,41109,1,FEASIBLE,WORSE
4361,2,62,76,24970,39730,1,FEASIBLE,WORSE
4362,2,62,77,25835,40957,1,FEASIBLE,WORSE
4363,2,62,78,24055,39731,1,FEASIBLE,WORSE
4364,2,62,79,24747,39818,1,FEASIBLE,WORSE
4365,2,62,80,25974,41382,1,FEASIBLE,WORSE
4366,2,62,81,24950,39821,1,FEASIBLE,WORSE
4367,2,62,82,25893,41159,1,FEASIBLE,WORSE
4368,2,62,83,24754,39879,1,FEASIBLE,WORSE
4369,2,62,84,24067,39914,1,FEASIBLE,WORSE
4370,2,62,85,24603,40194,1,FEASIBLE,WORSE
4371,2,62,86,25957,41182,1,FEASIBLE,WORSE
4372,2,62,87,25002,40005,1,FEASIBLE,WORSE
4373,2,62,88,24948,40301,1,FEASIBLE,WORSE
4374,2,62,89,25851,40797,1,FEASIBLE,WORSE
4375,2,62,90,24395,39964,1,FEASIBLE,WORSE
4376,2,62,91,25570,40977,1,FEASIBLE,WORSE
4377,2,62,92,25001,40223,1,FEASIBLE,WORSE
4378,2,62,93,24860,39926,1,FEASIBLE,WORSE
4379,2,62,94,25405,40884,1,FEASIBLE,WORSE
4380,2,62,95,25087,40733,1,FEASIBLE,WORSE
4381,2,62,96,26028,40835,0,CAPACITY_EXCEEDED,INVALID
4382,2,62,97,25800,41301,1,FEASIBLE,WORSE
4383,2,62,98,25984,41073,0,CAPACITY_EXCEEDED,INVALID
4384,2,62,99,25735,40968,1,FEASIBLE,WORSE
4385,2,63,64,27748,41841,0,CAPACITY_EXCEEDED,INVALID
4386,2,63,65,26402,40603,0,CAPACITY_EXCEEDED,INVALID
4387,2,63,66,26160,40887,0,CAPACITY_EXCEEDED,INVALID
4388,2,63,67,27646,41815,0,CAPACITY_EXCEEDED,INVALID
4389,2,63,68,26716,41130,0,CAPACITY_EXCEEDED,INVALID
4390,2,63,69,27798,41898,0,CAPACITY_EXCEEDED,INVALID
4391,2,63,70,27763,41635,0,CAPACITY_EXCEEDED,INVALID
4392,2,63,71,26413,40508,0,CAPACITY_EXCEEDED,INVALID
4393,2,63,72,27633,41562,0,CAPACITY_EXCEEDED,INVALID
4394,2,63,73,26406,41085,0,CAPACITY_EXCEEDED,INVALID
4395,2,63,74,26577,40761,0,CAPACITY_EXCEEDED,INVALID
4396,2,63,75,27567,41906,0,CAPACITY_EXCEEDED,INVALID
4397,2,63,76,26790,40527,0,CAPACITY_EXCEEDED,INVALID
4398,2,63,77,27655,41754,0,CAPACITY_EXCEEDED,INVALID
4399,2,63,78,25875,40528,1,FEASIBLE,WORSE
4400,2,63,79,26567,40615,0,CAPACITY_EXCEEDED,INVALID
4401,2,63,80,27794,42179,0,CAPACITY_EXCEEDED,INVALID
4402,2,63,81,26770,40618,0,CAPACITY_EXCEEDED,INVALID
4403,2,63,82,27713,41956,0,CAPACITY_EXCEEDED,INVALID
4404,2,63,83,26574,40676,0,CAPACITY_EXCEEDED,INVALID
4405,2,63,84,25887,40711,1,FEASIBLE,WORSE
4406,2,63,85,26423,40991,0,CAPACITY_EXCEEDED,INVALID
4407,2,63,86,27777,41979,0,CAPACITY_EXCEEDED,INVALID
4408,2,63,87,26822,40802,0,CAPACITY_EXCEEDED,INVALID
4409,2,63,88,26768,41098,0,CAPACITY_EXCEEDED,INVALID
4410,2,63,89,27671,41594,0,CAPACITY_EXCEEDED,INVALID
4411,2,63,90,26215,40761,0,CAPACITY_EXCEEDED,INVALID
4412,2,63,91,27390,41774,0,CAPACITY_EXCEEDED,INVALID
4413,2,63,92,26821,41020,0,CAPACITY_EXCEEDED,INVALID
4414,2,63,93,26680,40723,0,CAPACITY_EXCEEDED,INVALID
4415,2,63,94,27225,41681,0,CAPACITY_EXCEEDED,INVALID
4416,2,63,95,26907,41530,0,CAPACITY_EXCEEDED,INVALID
4417,2,63,96,27848,41632,0,CAPACITY_EXCEEDED,INVALID
4418,2,63,97,27620,42098,0,CAPACITY_EXCEEDED,INVALID
4419,2,63,98,27804,41870,0,CAPACITY_EXCEEDED,INVALID
4420,2,63,99,27555,41765,0,CAPACITY_EXCEEDED,INVALID
4421,2,64,65,26388,40918,0,CAPACITY_EXCEEDED,INVALID
4422,2,64,66,26146,41202,0,CAPACITY_EXCEEDED,INVALID
4423,2,64,67,27632,42130,0,CAPACITY_EXCEEDED,INVALID
4424,2,64,68,26702,41445,0,CAPACITY_EXCEEDED,INVALID
4425,2,64,69,27784,42213,0,CAPACITY_EXCEEDED,INVALID
4426,2,64,70,27749,41950,0,CAPACITY_EXCEEDED,INVALID
4427,2,64,71,26399,40823,0,CAPACITY_EXCEEDED,INVALID
4428,2,64,72,27619,41877,0,CAPACITY_EXCEEDED,INVALID
4429,2,64,73,26392,41400,0,CAPACITY_EXCEEDED,INVALID
4430,2,64,74,26563,41076,0,CAPACITY_EXCEEDED,INVALID
4431,2,64,75,27553,42221,0,CAPACITY_EXCEEDED,INVALID
4432,2,64,76,26776,40842,0,CAPACITY_EXCEEDED,INVALID
4433,2,64,77,27641,42069,0,CAPACITY_EXCEEDED,INVALID
4434,2,64,78,25861,40843,1,FEASIBLE,WORSE
4435,2,64,79,26553,40930,0,CAPACITY_EXCEEDED,INVALID
4436,2,64,80,27780,42494,0,CAPACITY_EXCEEDED,INVALID
4437,2,64,81,26756,40933,0,CAPACITY_EXCEEDED,INVALID
4438,2,64,82,27699,42271,0,CAPACITY_EXCEEDED,INVALID
4439,2,64,83,26560,40991,0,CAPACITY_EXCEEDED,INVALID
4440,2,64,84,25873,41026,1,FEASIBLE,WORSE
4441,2,64,85,26409,41306,0,CAPACITY_EXCEEDED,INVALID
4442,2,64,86,27763,42294,0,CAPACITY_EXCEEDED,INVALID
4443,2,64,87,26808,41117,0,CAPACITY_EXCEEDED,INVALID
4444,2,64,88,26754,41413,0,CAPACITY_EXCEEDED,INVALID
4445,2,64,89,27657,41909,0,CAPACITY_EXCEEDED,INVALID
4446,2,64,90,26201,41076,0,CAPACITY_EXCEEDED,INVALID
4447,2,64,91,27376,42089,0,CAPACITY_EXCEEDED,INVALID
4448,2,64,92,26807,41335,0,CAPACITY_EXCEEDED,INVALID
4449,2,64,93,26666,41038,0,CAPACITY_EXCEEDED,INVALID
4450,2,64,94,27211,41996,0,CAPACITY_EXCEEDED,INVALID
4451,2,64,95,26893,41845,0,CAPACITY_EXCEEDED,INVALID
4452,2,64,96,27834,41947,0,CAPACITY_EXCEEDED,INVALID
4453,2,64,97,27606,42413,0,CAPACITY_EXCEEDED,INVALID
4454,2,64,98,27790,42185,0,CAPACITY_EXCEEDED,INVALID
4455,2,64,99,27541,42080,0,CAPACITY_EXCEEDED,INVALID
4456,2,65,66,24800,39964,1,FEASIBLE,WORSE
4457,2,65,67,26286,40892,0,CAPACITY_EXCEEDED,INVALID
4458,2,65,68,25356,40207,1,FEASIBLE,WORSE
4459,2,65,69,26438,40975,0,CAPACITY_EXCEEDED,INVALID
4460,2,65,70,26403,40712,0,CAPACITY_EXCEEDED,INVALID
4461,2,65,71,25053,39585,1,FEASIBLE,WORSE
4462,2,65,72,26273,40639,0,CAPACITY_EXCEEDED,INVALID
4463,2,65,73,25046,40162,1,FEASIBLE,WORSE
4464,2,65,74,25217,39838,1,FEASIBLE,WORSE
4465,2,65,75,26207,40983,0,CAPACITY_EXCEEDED,INVALID
4466,2,65,76,25430,39604,1,FEASIBLE,WORSE
4467,2,65,77,26295,40831,0,CAPACITY_EXCEEDED,INVALID
4468,2,65,78,24515,39605,1,FEASIBLE,WORSE
4469,2,65,79,25207,39692,1,FEASIBLE,WORSE
4470,2,65,80,26434,41256,0,CAPACITY_EXCEEDED,INVALID
4471,2,65,81,25410,39695,1,FEASIBLE,WORSE
4472,2,65,82,26353,41033,0,CAPACITY_EXCEEDED,INVALID
4473,2,65,83,25214,39753,1,FEASIBLE,WORSE
4474,2,65,84,24527,39788,1,FEASIBLE,WORSE
4475,2,65,85,25063,40068,1,FEASIBLE,WORSE
4476,2,65,86,26417,41056,0,CAPACITY_EXCEEDED,INVALID
4477,2,65,87,25462,39879,1,FEASIBLE,WORSE
4478,2,65,88,25408,40175,1,FEASIBLE,WORSE
4479,2,65,89,26311,40671,0,CAPACITY_EXCEEDED,INVALID
4480,2,65,90,24855,39838,1,FEASIBLE,WORSE
4481,2,65,91,26030,40851,0,CAPACITY_EXCEEDED,INVALID
4482,2,65,92,25461,40097,1,FEASIBLE,WORSE
4483,2,65,93,25320,39800,1,FEASIBLE,WORSE
4484,2,65,94,25865,40758,1,FEASIBLE,WORSE
4485,2,65,95,25547,40607,1,FEASIBLE,WORSE
4486,2,65,96,26488,40709,0,CAPACITY_EXCEEDED,INVALID
4487,2,65,97,26260,41175,0,CAPACITY_EXCEEDED,INVALID
4488,2,65,98,26444,40947,0,CAPACITY_EXCEEDED,INVALID
4489,2,65,99,26195,40842,0,CAPACITY_EXCEEDED,INVALID
4490,2,66,67,26044,41176,0,CAPACITY_EXCEEDED,INVALID
4491,2,66,68,25114,40491,1,FEASIBLE,WORSE
4492,2,66,69,26196,41259,0,CAPACITY_EXCEEDED,INVALID
4493,2,66,70,26161,40996,0,CAPACITY_EXCEEDED,INVALID
4494,2,66,71,24811,39869,1,FEASIBLE,WORSE
4495,2,66,72,26031,40923,0,CAPACITY_EXCEEDED,INVALID
4496,2,66,73,24804,40446,1,FEASIBLE,WORSE
4497,2,66,74,24975,40122,1,FEASIBLE,WORSE
4498,2,66,75,25965,41267,1,FEASIBLE,WORSE
4499,2,66,76,25188,39888,1,FEASIBLE,WORSE
4500,2,66,77,26053,41115,0,CAPACITY_EXCEEDED,INVALID
4501,2,66,78,24273,39889,1,FEASIBLE,WORSE
4502,2,66,79,24965,39976,1,FEASIBLE,WORSE
4503,2,66,80,26192,41540,0,CAPACITY_EXCEEDED,INVALID
4504,2,66,81,25168,39979,1,FEASIBLE,WORSE
4505,2,66,82,26111,41317,0,CAPACITY_EXCEEDED,INVALID
4506,2,66,83,24972,40037,1,FEASIBLE,WORSE
4507,2,66,84,24285,40072,1,FEASIBLE,WORSE
4508,2,66,85,24821,40352,1,FEASIBLE,WORSE
4509,2,66,86,26175,41340,0,CAPACITY_EXCEEDED,INVALID
4510,2,66,87,25220,40163,1,FEASIBLE,WORSE
4511,2,66,88,25166,40459,1,FEASIBLE,WORSE
4512,2,66,89,26069,40955,0,CAPACITY_EXCEEDED,INVALID
4513,2,66,90,24613,40122,1,FEASIBLE,WORSE
4514,2,66,91,25788,41135,1,FEASIBLE,WORSE
4515,2,66,92,25219,40381,1,FEASIBLE,WORSE
4516,2,66,93,25078,40084,1,FEASIBLE,WORSE
4517,2,66,94,25623,41042,1,FEASIBLE,WORSE
4518,2,66,95,25305,40891,1,FEASIBLE,WORSE
4519,2,66,96,26246,40993,0,CAPACITY_EXCEEDED,INVALID
4520,2,66,97,26018,41459,0,CAPACITY_EXCEEDED,INVALID
4521,2,66,98,26202,41231,0,CAPACITY_EXCEEDED,INVALID
4522,2,66,99,25953,41126,1,FEASIBLE,WORSE
4523,2,67,68,26600,41419,0,CAPACITY_EXCEEDED,INVALID
4524,2,67,69,27682,42187,0,CAPACITY_EXCEEDED,INVALID
4525,2,67,70,27647,41924,0,CAPACITY_EXCEEDED,INVALID
4526,2,67,71,26297,40797,0,CAPACITY_EXCEEDED,INVALID
4527,2,67,72,27517,41851,0,CAPACITY_EXCEEDED,INVALID
4528,2,67,73,26290,41374,0,CAPACITY_EXCEEDED,INVALID
4529,2,67,74,26461,41050,0,CAPACITY_EXCEEDED,INVALID
4530,2,67,75,27451,42195,0,CAPACITY_EXCEEDED,INVALID
4531,2,67,76,26674,40816,0,CAPACITY_EXCEEDED,INVALID
4532,2,67,77,27539,42043,0,CAPACITY_EXCEEDED,INVALID
4533,2,67,78,25759,40817,1,FEASIBLE,WORSE
4534,2,67,79,26451,40904,0,CAPACITY_EXCEEDED,INVALID
4535,2,67,80,27678,42468,0,CAPACITY_EXCEEDED,INVALID
4536,2,67,81,26654,40907,0,CAPACITY_EXCEEDED,INVALID
4537,2,67,82,27597,42245,0,CAPACITY_EXCEEDED,INVALID
4538,2,67,83,26458,40965,0,CAPACITY_EXCEEDED,INVALID
4539,2,67,84,25771,41000,1,FEASIBLE,WORSE
4540,2,67,85,26307,41280,0,CAPACITY_EXCEEDED,INVALID
4541,2,67,86,27661,42268,0,CAPACITY_EXCEEDED,INVALID
4542,2,67,87,26706,41091,0,CAPACITY_EXCEEDED,INVALID
4543,2,67,88,26652,41387,0,CAPACITY_EXCEEDED,INVALID
4544,2,67,89,27555,41883,0,CAPACITY_EXCEEDED,INVALID
4545,2,67,90,26099,41050,0,CAPACITY_EXCEEDED,INVALID
4546,2,67,91,27274,42063,0,CAPACITY_EXCEEDED,INVALID
4547,2,67,92,26705,41309,0,CAPACITY_EXCEEDED,INVALID
4548,2,67,93,26564,41012,0,CAPACITY_EXCEEDED,INVALID
4549,2,67,94,27109,41970,0,CAPACITY_EXCEEDED,INVALID
4550,2,67,95,26791,41819,0,CAPACITY_EXCEEDED,INVALID
4551,2,67,96,27732,41921,0,CAPACITY_EXCEEDED,INVALID
4552,2,67,97,27504,42387,0,CAPACITY_EXCEEDED,INVALID
4553,2,67,98,27688,42159,0,CAPACITY_EXCEEDED,INVALID
4554,2,67,99,27439,42054,0,CAPACITY_EXCEEDED,INVALID
4555,2,68,69,26752,41502,0,CAPACITY_EXCEEDED,INVALID
4556,2,68,70,26717,41239,0,CAPACITY_EXCEEDED,INVALID
4557,2,68,71,25367,40112,1,FEASIBLE,WORSE
4558,2,68,72,26587,41166,0,CAPACITY_EXCEEDED,INVALID
4559,2,68,73,25360,40689,1,FEASIBLE,WORSE
4560,2,68,74,25531,40365,1,FEASIBLE,WORSE
4561,2,68,75,26521,41510,0,CAPACITY_EXCEEDED,INVALID
4562,2,68,76,25744,40131,1,FEASIBLE,WORSE
4563,2,68,77,26609,41358,0,CAPACITY_EXCEEDED,INVALID
4564,2,68,78,24829,40132,1,FEASIBLE,WORSE
4565,2,68,79,25521,40219,1,FEASIBLE,WORSE
4566,2,68,80,26748,41783,0,CAPACITY_EXCEEDED,INVALID
4567,2,68,81,25724,40222,1,FEASIBLE,WORSE
4568,2,68,82,26667,41560,0,CAPACITY_EXCEEDED,INVALID
4569,2,68,83,25528,40280,1,FEASIBLE,WORSE
4570,2,68,84,24841,40315,1,FEASIBLE,WORSE
4571,2,68,85,25377,40595,1,FEASIBLE,WORSE
4572,2,68,86,26731,41583,0,CAPACITY_EXCEEDED,INVALID
4573,2,68,87,25776,40406,1,FEASIBLE,WORSE
4574,2,68,88,25722,40702,1,FEASIBLE,WORSE
4575,2,68,89,26625,41198,0,CAPACITY_EXCEEDED,INVALID
4576,2,68,90,25169,40365,1,FEASIBLE,WORSE
4577,2,68,91,26344,41378,0,CAPACITY_EXCEEDED,INVALID
4578,2,68,92,25775,40624,1,FEASIBLE,WORSE
4579,2,68,93,25634,40327,1,FEASIBLE,WORSE
4580,2,68,94,26179,41285,0,CAPACITY_EXCEEDED,INVALID
4581,2,68,95,25861,41134,1,FEASIBLE,WORSE
4582,2,68,96,26802,41236,0,CAPACITY_EXCEEDED,INVALID
4583,2,68,97,26574,41702,0,CAPACITY_EXCEEDED,INVALID
4584,2,68,98,26758,41474,0,CAPACITY_EXCEEDED,INVALID
4585,2,68,99,26509,41369,0,CAPACITY_EXCEEDED,INVALID
4586,2,69,70,27799,42007,0,CAPACITY_EXCEEDED,INVALID
4587,2,69,71,26449,40880,0,CAPACITY_EXCEEDED,INVALID
4588,2,69,72,27669,41934,0,CAPACITY_EXCEEDED,INVALID
4589,2,69,73,26442,41457,0,CAPACITY_EXCEEDED,INVALID
4590,2,69,74,26613,41133,0,CAPACITY_EXCEEDED,INVALID
4591,2,69,75,27603,42278,0,CAPACITY_EXCEEDED,INVALID
4592,2,69,76,26826,40899,0,CAPACITY_EXCEEDED,INVALID
4593,2,69,77,27691,42126,0,CAPACITY_EXCEEDED,INVALID
4594,2,69,78,25911,40900,1,FEASIBLE,WORSE
4595,2,69,79,26603,40987,0,CAPACITY_EXCEEDED,INVALID
4596,2,69,80,27830,42551,0,CAPACITY_EXCEEDED,INVALID
4597,2,69,81,26806,40990,0,CAPACITY_EXCEEDED,INVALID
4598,2,69,82,27749,42328,0,CAPACITY_EXCEEDED,INVALID
4599,2,69,83,26610,41048,0,CAPACITY_EXCEEDED,INVALID
4600,2,69,84,25923,41083,1,FEASIBLE,WORSE
4601,2,69,85,26459,41363,0,CAPACITY_EXCEEDED,INVALID
4602,2,69,86,27813,42351,0,CAPACITY_EXCEEDED,INVALID
4603,2,69,87,26858,41174,0,CAPACITY_EXCEEDED,INVALID
4604,2,69,88,26804,41470,0,CAPACITY_EXCEEDED,INVALID
4605,2,69,89,27707,41966,0,CAPACITY_EXCEEDED,INVALID
4606,2,69,90,26251,41133,0,CAPACITY_EXCEEDED,INVALID
4607,2,69,91,27426,42146,0,CAPACITY_EXCEEDED,INVALID
4608,2,69,92,26857,41392,0,CAPACITY_EXCEEDED,INVALID
4609,2,69,93,26716,41095,0,CAPACITY_EXCEEDED,INVALID
4610,2,69,94,27261,42053,0,CAPACITY_EXCEEDED,INVALID
4611,2,69,95,26943,41902,0,CAPACITY_EXCEEDED,INVALID
4612,2,69,96,27884,42004,0,CAPACITY_EXCEEDED,INVALID
4613,2,69,97,27656,42470,0,CAPACITY_EXCEEDED,INVALID
4614,2,69,98,27840,42242,0,CAPACITY_EXCEEDED,INVALID
4615,2,69,99,27591,42137,0,CAPACITY_EXCEEDED,INVALID
4616,2,70,71,26414,40617,0,CAPACITY_EXCEEDED,INVALID
4617,2,70,72,27634,41671,0,CAPACITY_EXCEEDED,INVALID
4618,2,70,73,26407,41194,0,CAPACITY_EXCEEDED,INVALID
4619,2,70,74,26578,40870,0,CAPACITY_EXCEEDED,INVALID
4620,2,70,75,27568,42015,0,CAPACITY_EXCEEDED,INVALID
4621,2,70,76,26791,40636,0,CAPACITY_EXCEEDED,INVALID
4622,2,70,77,27656,41863,0,CAPACITY_EXCEEDED,INVALID
4623,2,70,78,25876,40637,1,FEASIBLE,WORSE
4624,2,70,79,26568,40724,0,CAPACITY_EXCEEDED,INVALID
4625,2,70,80,27795,42288,0,CAPACITY_EXCEEDED,INVALID
4626,2,70,81,26771,40727,0,CAPACITY_EXCEEDED,INVALID
4627,2,70,82,27714,42065,0,CAPACITY_EXCEEDED,INVALID
4628,2,70,83,26575,40785,0,CAPACITY_EXCEEDED,INVALID
4629,2,70,84,25888,40820,1,FEASIBLE,WORSE
4630,2,70,85,26424,41100,0,CAPACITY_EXCEEDED,INVALID
4631,2,70,86,27778,42088,0,CAPACITY_EXCEEDED,INVALID
4632,2,70,87,26823,40911,0,CAPACITY_EXCEEDED,INVALID
4633,2,70,88,26769,41207,0,CAPACITY_EXCEEDED,INVALID
4634,2,70,89,27672,41703,0,CAPACITY_EXCEEDED,INVALID
4635,2,70,90,26216,40870,0,CAPACITY_EXCEEDED,INVALID
4636,2,70,91,27391,41883,0,CAPACITY_EXCEEDED,INVALID
4637,2,70,92,26822,41129,0,CAPACITY_EXCEEDED,INVALID
4638,2,70,93,26681,40832,0,CAPACITY_EXCEEDED,INVALID
4639,2,70,94,27226,41790,0,CAPACITY_EXCEEDED,INVALID
4640,2,70,95,26908,41639,0,CAPACITY_EXCEEDED,INVALID
4641,2,70,96,27849,41741,0,CAPACITY_EXCEEDED,INVALID
4642,2,70,97,27621,42207,0,CAPACITY_EXCEEDED,INVALID
4643,2,70,98,27805,41979,0,CAPACITY_EXCEEDED,INVALID
4644,2,70,99,27556,41874,0,CAPACITY_EXCEEDED,INVALID
4645,2,71,72,26284,40544,0,CAPACITY_EXCEEDED,INVALID
4646,2,71,73,25057,40067,1,FEASIBLE,WORSE
4647,2,71,74,25228,39743,1,FEASIBLE,WORSE
4648,2,71,75,26218,40888,0,CAPACITY_EXCEEDED,INVALID
4649,2,71,76,25441,39509,1,FEASIBLE,WORSE
4650,2,71,77,26306,40736,0,CAPACITY_EXCEEDED,INVALID
4651,2,71,78,24526,39510,1,FEASIBLE,WORSE
4652,2,71,79,25218,39597,1,FEASIBLE,WORSE
4653,2,71,80,26445,41161,0,CAPACITY_EXCEEDED,INVALID
4654,2,71,81,25421,39600,1,FEASIBLE,WORSE
4655,2,71,82,26364,40938,0,CAPACITY_EXCEEDED,INVALID
4656,2,71,83,25225,39658,1,FEASIBLE,WORSE
4657,2,71,84,24538,39693,1,FEASIBLE,WORSE
4658,2,71,85,25074,39973,1,FEASIBLE,WORSE
4659,2,71,86,26428,40961,0,CAPACITY_EXCEEDED,INVALID
4660,2,71,87,25473,39784,1,FEASIBLE,WORSE
4661,2,71,88,25419,40080,1,FEASIBLE,WORSE
4662,2,71,89,26322,40576,0,CAPACITY_EXCEEDED,INVALID
4663,2,71,90,24866,39743,1,FEASIBLE,WORSE
4664,2,71,91,26041,40756,0,CAPACITY_EXCEEDED,INVALID
4665,2,71,92,25472,40002,1,FEASIBLE,WORSE
4666,2,71,93,25331,39705,1,FEASIBLE,WORSE
4667,2,71,94,25876,40663,1,FEASIBLE,WORSE
4668,2,71,95,25558,40512,1,FEASIBLE,WORSE
4669,2,71,96,26499,40614,0,CAPACITY_EXCEEDED,INVALID
4670,2,71,97,26271,41080,0,CAPACITY_EXCEEDED,INVALID
4671,2,71,98,26455,40852,0,CAPACITY_EXCEEDED,INVALID
4672,2,71,99,26206,40747,0,CAPACITY_EXCEEDED,INVALID
4673,2,72,73,26277,41121,0,CAPACITY_EXCEEDED,INVALID
4674,2,72,74,26448,40797,0,CAPACITY_EXCEEDED,INVALID
4675,2,72,75,27438,41942,0,CAPACITY_EXCEEDED,INVALID
4676,2,72,76,26661,40563,0,CAPACITY_EXCEEDED,INVALID
4677,2,72,77,27526,41790,0,CAPACITY_EXCEEDED,INVALID
4678,2,72,78,25746,40564,1,FEASIBLE,WORSE
4679,2,72,79,26438,40651,0,CAPACITY_EXCEEDED,INVALID
4680,2,72,80,27665,42215,0,CAPACITY_EXCEEDED,INVALID
4681,2,72,81,26641,40654,0,CAPACITY_EXCEEDED,INVALID
4682,2,72,82,27584,41992,0,CAPACITY_EXCEEDED,INVALID
4683,2,72,83,26445,40712,0,CAPACITY_EXCEEDED,INVALID
4684,2,72,84,25758,40747,1,FEASIBLE,WORSE
4685,2,72,85,26294,41027,0,CAPACITY_EXCEEDED,INVALID
4686,2,72,86,27648,42015,0,CAPACITY_EXCEEDED,INVALID
4687,2,72,87,26693,40838,0,CAPACITY_EXCEEDED,INVALID
4688,2,72,88,26639,41134,0,CAPACITY_EXCEEDED,INVALID
4689,2,72,89,27542,41630,0,CAPACITY_EXCEEDED,INVALID
4690,2,72,90,26086,40797,0,CAPACITY_EXCEEDED,INVALID
4691,2,72,91,27261,41810,0,CAPACITY_EXCEEDED,INVALID
4692,2,72,92,26692,41056,0,CAPACITY_EXCEEDED,INVALID
4693,2,72,93,26551,40759,0,CAPACITY_EXCEEDED,INVALID
4694,2,72,94,27096,41717,0,CAPACITY_EXCEEDED,INVALID
4695,2,72,95,26778,41566,0,CAPACITY_EXCEEDED,INVALID
4696,2,72,96,27719,41668,0,CAPACITY_EXCEEDED,INVALID
4697,2,72,97,27491,42134,0,CAPACITY_EXCEEDED,INVALID
4698,2,72,98,27675,41906,0,CAPACITY_EXCEEDED,INVALID
4699,2,72,99,27426,41801,0,CAPACITY_EXCEEDED,INVALID
4700,2,73,74,25221,40320,1,FEASIBLE,WORSE
4701,2,73,75,26211,41465,0,CAPACITY_EXCEEDED,INVALID
4702,2,73,76,25434,40086,1,FEASIBLE,WORSE
4703,2,73,77,26299,41313,0,CAPACITY_EXCEEDED,INVALID
4704,2,73,78,24519,40087,1,FEASIBLE,WORSE
4705,2,73,79,25211,40174,1,FEASIBLE,WORSE
4706,2,73,80,26438,41738,0,CAPACITY_EXCEEDED,INVALID
4707,2,73,81,25414,40177,1,FEASIBLE,WORSE
4708,2,73,82,26357,41515,0,CAPACITY_EXCEEDED,INVALID
4709,2,73,83,25218,40235,1,FEASIBLE,WORSE
4710,2,73,84,24531,40270,1,FEASIBLE,WORSE
4711,2,73,85,25067,40550,1,FEASIBLE,WORSE
4712,2,73,86,26421,41538,0,CAPACITY_EXCEEDED,INVALID
4713,2,73,87,25466,40361,1,FEASIBLE,WORSE
4714,2,73,88,25412,40657,1,FEASIBLE,WORSE
4715,2,73,89,26315,41153,0,CAPACITY_EXCEEDED,INVALID
4716,2,73,90,24859,40320,1,FEASIBLE,WORSE
4717,2,73,91,26034,41333,0,CAPACITY_EXCEEDED,INVALID
4718,2,73,92,25465,40579,1,FEASIBLE,WORSE
4719,2,73,93,25324,40282,1,FEASIBLE,WORSE
4720,2,73,94,25869,41240,1,FEASIBLE,WORSE
4721,2,73,95,25551,41089,1,FEASIBLE,WORSE
4722,2,73,96,26492,41191,0,CAPACITY_EXCEEDED,INVALID
4723,2,73,97,26264,41657,0,CAPACITY_EXCEEDED,INVALID
4724,2,73,98,26448,41429,0,CAPACITY_EXCEEDED,INVALID
4725,2,73,99,26199,41324,0,CAPACITY_EXCEEDED,INVALID
4726,2,74,75,26382,41141,0,CAPACITY_EXCEEDED,INVALID
4727,2,74,76,25605,39762,1,FEASIBLE,WORSE
4728,2,74,77,26470,40989,0,CAPACITY_EXCEEDED,INVALID
4729,2,74,78,24690,39763,1,FEASIBLE,WORSE
4730,2,74,79,25382,39850,1,FEASIBLE,WORSE
4731,2,74,80,26609,41414,0,CAPACITY_EXCEEDED,INVALID
4732,2,74,81,25585,39853,1,FEASIBLE,WORSE
4733,2,74,82,26528,41191,0,CAPACITY_EXCEEDED,INVALID
4734,2,74,83,25389,39911,1,FEASIBLE,WORSE
4735,2,74,84,24702,39946,1,FEASIBLE,WORSE
4736,2,74,85,25238,40226,1,FEASIBLE,WORSE
4737,2,74,86,26592,41214,0,CAPACITY_EXCEEDED,INVALID
4738,2,74,87,25637,40037,1,FEASIBLE,WORSE
4739,2,74,88,25583,40333,1,FEASIBLE,WORSE
4740,2,74,89,26486,40829,0,CAPACITY_EXCEEDED,INVALID
4741,2,74,90,25030,39996,1,FEASIBLE,WORSE
4742,2,74,91,26205,41009,0,CAPACITY_EXCEEDED,INVALID
4743,2,74,92,25636,40255,1,FEASIBLE,WORSE
4744,2,74,93,25495,39958,1,FEASIBLE,WORSE
4745,2,74,94,26040,40916,0,CAPACITY_EXCEEDED,INVALID
4746,2,74,95,25722,40765,1,FEASIBLE,WORSE
4747,2,74,96,26663,40867,0,CAPACITY_EXCEEDED,INVALID
4748,2,74,97,26435,41333,0,CAPACITY_EXCEEDED,INVALID
4749,2,74,98,26619,41105,0,CAPACITY_EXCEEDED,INVALID
4750,2,74,99,26370,41000,0,CAPACITY_EXCEEDED,INVALID
4751,2,75,76,26595,40907,0,CAPACITY_EXCEEDED,INVALID
4752,2,75,77,27460,42134,0,CAPACITY_EXCEEDED,INVALID
4753,2,75,78,25680,40908,1,FEASIBLE,WORSE
4754,2,75,79,26372,40995,0,CAPACITY_EXCEEDED,INVALID
4755,2,75,80,27599,42559,0,CAPACITY_EXCEEDED,INVALID
4756,2,75,81,26575,40998,0,CAPACITY_EXCEEDED,INVALID
4757,2,75,82,27518,42336,0,CAPACITY_EXCEEDED,INVALID
4758,2,75,83,26379,41056,0,CAPACITY_EXCEEDED,INVALID
4759,2,75,84,25692,41091,1,FEASIBLE,WORSE
4760,2,75,85,26228,41371,0,CAPACITY_EXCEEDED,INVALID
4761,2,75,86,27582,42359,0,CAPACITY_EXCEEDED,INVALID
4762,2,75,87,26627,41182,0,CAPACITY_EXCEEDED,INVALID
4763,2,75,88,26573,41478,0,CAPACITY_EXCEEDED,INVALID
4764,2,75,89,27476,41974,0,CAPACITY_EXCEEDED,INVALID
4765,2,75,90,26020,41141,0,CAPACITY_EXCEEDED,INVALID
4766,2,75,91,27195,42154,0,CAPACITY_EXCEEDED,INVALID
4767,2,75,92,26626,41400,0,CAPACITY_EXCEEDED,INVALID
4768,2,75,93,26485,41103,0,CAPACITY_EXCEEDED,INVALID
4769,2,75,94,27030,42061,0,CAPACITY_EXCEEDED,INVALID
4770,2,75,95,26712,41910,0,CAPACITY_EXCEEDED,INVALID
4771,2,75,96,27653,42012,0,CAPACITY_EXCEEDED,INVALID
4772,2,75,97,27425,42478,0,CAPACITY_EXCEEDED,INVALID
4773,2,75,98,27609,42250,0,CAPACITY_EXCEEDED,INVALID
4774,2,75,99,27360,42145,0,CAPACITY_EXCEEDED,INVALID
4775,2,76,77,26683,40755,0,CAPACITY_EXCEEDED,INVALID
4776,2,76,78,24903,39529,1,FEASIBLE,WORSE
4777,2,76,79,25595,39616,1,FEASIBLE,WORSE
4778,2,76,80,26822,41180,0,CAPACITY_EXCEEDED,INVALID
4779,2,76,81,25798,39619,1,FEASIBLE,WORSE
4780,2,76,82,26741,40957,0,CAPACITY_EXCEEDED,INVALID
4781,2,76,83,25602,39677,1,FEASIBLE,WORSE
4782,2,76,84,24915,39712,1,FEASIBLE,WORSE
4783,2,76,85,25451,39992,1,FEASIBLE,WORSE
4784,2,76,86,26805,40980,0,CAPACITY_EXCEEDED,INVALID
4785,2,76,87,25850,39803,1,FEASIBLE,WORSE
4786,2,76,88,25796,40099,1,FEASIBLE,WORSE
4787,2,76,89,26699,40595,0,CAPACITY_EXCEEDED,INVALID
4788,2,76,90,25243,39762,1,FEASIBLE,WORSE
4789,2,76,91,26418,40775,0,CAPACITY_EXCEEDED,INVALID
4790,2,76,92,25849,40021,1,FEASIBLE,WORSE
4791,2,76,93,25708,39724,1,FEASIBLE,WORSE
4792,2,76,94,26253,40682,0,CAPACITY_EXCEEDED,INVALID
4793,2,76,95,25935,40531,1,FEASIBLE,WORSE
4794,2,76,96,26876,40633,0,CAPACITY_EXCEEDED,INVALID
4795,2,76,97,26648,41099,0,CAPACITY_EXCEEDED,INVALID
4796,2,76,98,26832,40871,0,CAPACITY_EXCEEDED,INVALID
4797,2,76,99,26583,40766,0,CAPACITY_EXCEEDED,INVALID
4798,2,77,78,25768,40756,1,FEASIBLE,WORSE
4799,2,77,79,26460,40843,0,CAPACITY_EXCEEDED,INVALID
4800,2,77,80,27687,42407,0,CAPACITY_EXCEEDED,INVALID
4801,2,77,81,26663,40846,0,CAPACITY_EXCEEDED,INVALID
4802,2,77,82,27606,42184,0,CAPACITY_EXCEEDED,INVALID
4803,2,77,83,26467,40904,0,CAPACITY_EXCEEDED,INVALID
4804,2,77,84,25780,40939,1,FEASIBLE,WORSE
4805,2,77,85,26316,41219,0,CAPACITY_EXCEEDED,INVALID
4806,2,77,86,27670,42207,0,CAPACITY_EXCEEDED,INVALID
4807,2,77,87,26715,41030,0,CAPACITY_EXCEEDED,INVALID
4808,2,77,88,26661,41326,0,CAPACITY_EXCEEDED,INVALID
4809,2,77,89,27564,41822,0,CAPACITY_EXCEEDED,INVALID
4810,2,77,90,26108,40989,0,CAPACITY_EXCEEDED,INVALID
4811,2,77,91,27283,42002,0,CAPACITY_EXCEEDED,INVALID
4812,2,77,92,26714,41248,0,CAPACITY_EXCEEDED,INVALID
4813,2,77,93,26573,40951,0,CAPACITY_EXCEEDED,INVALID
4814,2,77,94,27118,41909,0,CAPACITY_EXCEEDED,INVALID
4815,2,77,95,26800,41758,0,CAPACITY_EXCEEDED,INVALID
4816,2,77,96,27741,41860,0,CAPACITY_EXCEEDED,INVALID
4817,2,77,97,27513,42326,0,CAPACITY_EXCEEDED,INVALID
4818,2,77,98,27697,42098,0,CAPACITY_EXCEEDED,INVALID
4819,2,77,99,27448,41993,0,CAPACITY_EXCEEDED,INVALID
4820,2,78,79,24680,39617,1,FEASIBLE,WORSE
4821,2,78,80,25907,41181,1,FEASIBLE,WORSE
4822,2,78,81,24883,39620,1,FEASIBLE,WORSE
4823,2,78,82,25826,40958,1,FEASIBLE,WORSE
4824,2,78,83,24687,39678,1,FEASIBLE,WORSE
4825,2,78,84,24000,39713,1,FEASIBLE,WORSE
4826,2,78,85,24536,39993,1,FEASIBLE,WORSE
4827,2,78,86,25890,40981,1,FEASIBLE,WORSE
4828,2,78,87,24935,39804,1,FEASIBLE,WORSE
4829,2,78,88,24881,40100,1,FEASIBLE,WORSE
4830,2,78,89,25784,40596,1,FEASIBLE,WORSE
4831,2,78,90,24328,39763,1,FEASIBLE,WORSE
4832,2,78,91,25503,40776,1,FEASIBLE,WORSE
4833,2,78,92,24934,40022,1,FEASIBLE,WORSE
4834,2,78,93,24793,39725,1,FEASIBLE,WORSE
4835,2,78,94,25338,40683,1,FEASIBLE,WORSE
4836,2,78,95,25020,40532,1,FEASIBLE,WORSE
4837,2,78,96,25961,40634,1,FEASIBLE,WORSE
4838,2,78,97,25733,41100,1,FEASIBLE,WORSE
4839,2,78,98,25917,40872,1,FEASIBLE,WORSE
4840,2,78,99,25668,40767,1,FEASIBLE,WORSE
4841,2,79,80,26599,41268,0,CAPACITY_EXCEEDED,INVALID
4842,2,79,81,25575,39707,1,FEASIBLE,WORSE
4843,2,79,82,26518,41045,0,CAPACITY_EXCEEDED,INVALID
4844,2,79,83,25379,39765,1,FEASIBLE,WORSE
4845,2,79,84,24692,39800,1,FEASIBLE,WORSE
4846,2,79,85,25228,40080,1,FEASIBLE,WORSE
4847,2,79,86,26582,41068,0,CAPACITY_EXCEEDED,INVALID
4848,2,79,87,25627,39891,1,FEASIBLE,WORSE
4849,2,79,88,25573,40187,1,FEASIBLE,WORSE
4850,2,79,89,26476,40683,0,CAPACITY_EXCEEDED,INVALID
4851,2,79,90,25020,39850,1,FEASIBLE,WORSE
4852,2,79,91,26195,40863,0,CAPACITY_EXCEEDED,INVALID
4853,2,79,92,25626,40109,1,FEASIBLE,WORSE
4854,2,79,93,25485,39812,1,FEASIBLE,WORSE
4855,2,79,94,26030,40770,0,CAPACITY_EXCEEDED,INVALID
4856,2,79,95,25712,40619,1,FEASIBLE,WORSE
4857,2,79,96,26653,40721,0,CAPACITY_EXCEEDED,INVALID
4858,2,79,97,26425,41187,0,CAPACITY_EXCEEDED,INVALID
4859,2,79,98,26609,40959,0,CAPACITY_EXCEEDED,INVALID
4860,2,79,99,26360,40854,0,CAPACITY_EXCEEDED,INVALID
4861,2,80,81,26802,41271,0,CAPACITY_EXCEEDED,INVALID
4862,2,80,82,27745,42609,0,CAPACITY_EXCEEDED,INVALID
4863,2,80,83,26606,41329,0,CAPACITY_EXCEEDED,INVALID
4864,2,80,84,25919,41364,1,FEASIBLE,WORSE
4865,2,80,85,26455,41644,0,CAPACITY_EXCEEDED,INVALID
4866,2,80,86,27809,42632,0,CAPACITY_EXCEEDED,INVALID
4867,2,80,87,26854,41455,0,CAPACITY_EXCEEDED,INVALID
4868,2,80,88,26800,41751,0,CAPACITY_EXCEEDED,INVALID
4869,2,80,89,27703,42247,0,CAPACITY_EXCEEDED,INVALID
4870,2,80,90,26247,41414,0,CAPACITY_EXCEEDED,INVALID
4871,2,80,91,27422,42427,0,CAPACITY_EXCEEDED,INVALID
4872,2,80,92,26853,41673,0,CAPACITY_EXCEEDED,INVALID
4873,2,80,93,26712,41376,0,CAPACITY_EXCEEDED,INVALID
4874,2,80,94,27257,42334,0,CAPACITY_EXCEEDED,INVALID
4875,2,80,95,26939,42183,0,CAPACITY_EXCEEDED,INVALID
4876,2,80,96,27880,42285,0,CAPACITY_EXCEEDED,INVALID
4877,2,80,97,27652,42751,0,CAPACITY_EXCEEDED,INVALID
4878,2,80,98,27836,42523,0,CAPACITY_EXCEEDED,INVALID
4879,2,80,99,27587,42418,0,CAPACITY_EXCEEDED,INVALID
4880,2,81,82,26721,41048,0,CAPACITY_EXCEEDED,INVALID
4881,2,81,83,25582,39768,1,FEASIBLE,WORSE
4882,2,81,84,24895,39803,1,FEASIBLE,WORSE
4883,2,81,85,25431,40083,1,FEASIBLE,WORSE
4884,2,81,86,26785,41071,0,CAPACITY_EXCEEDED,INVALID
4885,2,81,87,25830,39894,1,FEASIBLE,WORSE
4886,2,81,88,25776,40190,1,FEASIBLE,WORSE
4887,2,81,89,26679,40686,0,CAPACITY_EXCEEDED,INVALID
4888,2,81,90,25223,39853,1,FEASIBLE,WORSE
4889,2,81,91,26398,40866,0,CAPACITY_EXCEEDED,INVALID
4890,2,81,92,25829,40112,1,FEASIBLE,WORSE
4891,2,81,93,25688,39815,1,FEASIBLE,WORSE
4892,2,81,94,26233,40773,0,CAPACITY_EXCEEDED,INVALID
4893,2,81,95,25915,40622,1,FEASIBLE,WORSE
4894,2,81,96,26856,40724,0,CAPACITY_EXCEEDED,INVALID
4895,2,81,97,26628,41190,0,CAPACITY_EXCEEDED,INVALID
4896,2,81,98,26812,40962,0,CAPACITY_EXCEEDED,INVALID
4897,2,81,99,26563,40857,0,CAPACITY_EXCEEDED,INVALID
4898,2,82,83,26525,41106,0,CAPACITY_EXCEEDED,INVALID
4899,2,82,84,25838,41141,1,FEASIBLE,WORSE
4900,2,82,85,26374,41421,0,CAPACITY_EXCEEDED,INVALID
4901,2,82,86,27728,42409,0,CAPACITY_EXCEEDED,INVALID
4902,2,82,87,26773,41232,0,CAPACITY_EXCEEDED,INVALID
4903,2,82,88,26719,41528,0,CAPACITY_EXCEEDED,INVALID
4904,2,82,89,27622,42024,0,CAPACITY_EXCEEDED,INVALID
4905,2,82,90,26166,41191,0,CAPACITY_EXCEEDED,INVALID
4906,2,82,91,27341,42204,0,CAPACITY_EXCEEDED,INVALID
4907,2,82,92,26772,41450,0,CAPACITY_EXCEEDED,INVALID
4908,2,82,93,26631,41153,0,CAPACITY_EXCEEDED,INVALID
4909,2,82,94,27176,42111,0,CAPACITY_EXCEEDED,INVALID
4910,2,82,95,26858,41960,0,CAPACITY_EXCEEDED,INVALID
4911,2,82,96,27799,42062,0,CAPACITY_EXCEEDED,INVALID
4912,2,82,97,27571,42528,0,CAPACITY_EXCEEDED,INVALID
4913,2,82,98,27755,42300,0,CAPACITY_EXCEEDED,INVALID
4914,2,82,99,27506,42195,0,CAPACITY_EXCEEDED,INVALID
4915,2,83,84,24699,39861,1,FEASIBLE,WORSE
4916,2,83,85,25235,40141,1,FEASIBLE,WORSE
4917,2,83,86,26589,41129,0,CAPACITY_EXCEEDED,INVALID
4918,2,83,87,25634,39952,1,FEASIBLE,WORSE
4919,2,83,88,25580,40248,1,FEASIBLE,WORSE
4920,2,83,89,26483,40744,0,CAPACITY_EXCEEDED,INVALID
4921,2,83,90,25027,39911,1,FEASIBLE,WORSE
4922,2,83,91,26202,40924,0,CAPACITY_EXCEEDED,INVALID
4923,2,83,92,25633,40170,1,FEASIBLE,WORSE
4924,2,83,93,25492,39873,1,FEASIBLE,WORSE
4925,2,83,94,26037,40831,0,CAPACITY_EXCEEDED,INVALID
4926,2,83,95,25719,40680,1,FEASIBLE,WORSE
4927,2,83,96,26660,40782,0,CAPACITY_EXCEEDED,INVALID
4928,2,83,97,26432,41248,0,CAPACITY_EXCEEDED,INVALID
4929,2,83,98,26616,41020,0,CAPACITY_EXCEEDED,INVALID
4930,2,83,99,26367,40915,0,CAPACITY_EXCEEDED,INVALID
4931,2,84,85,24548,40176,1,FEASIBLE,WORSE
4932,2,84,86,25902,41164,1,FEASIBLE,WORSE
4933,2,84,87,24947,39987,1,FEASIBLE,WORSE
4934,2,84,88,24893,40283,1,FEASIBLE,WORSE
4935,2,84,89,25796,40779,1,FEASIBLE,WORSE
4936,2,84,90,24340,39946,1,FEASIBLE,WORSE
4937,2,84,91,25515,40959,1,FEASIBLE,WORSE
4938,2,84,92,24946,40205,1,FEASIBLE,WORSE
4939,2,84,93,24805,39908,1,FEASIBLE,WORSE
4940,2,84,94,25350,40866,1,FEASIBLE,WORSE
4941,2,84,95,25032,40715,1,FEASIBLE,WORSE
4942,2,84,96,25973,40817,1,FEASIBLE,WORSE
4943,2,84,97,25745,41283,1,FEASIBLE,WORSE
4944,2,84,98,25929,41055,1,FEASIBLE,WORSE
4945,2,84,99,25680,40950,1,FEASIBLE,WORSE
4946,2,85,86,26438,41444,0,CAPACITY_EXCEEDED,INVALID
4947,2,85,87,25483,40267,1,FEASIBLE,WORSE
4948,2,85,88,25429,40563,1,FEASIBLE,WORSE
4949,2,85,89,26332,41059,0,CAPACITY_EXCEEDED,INVALID
4950,2,85,90,24876,40226,1,FEASIBLE,WORSE
4951,2,85,91,26051,41239,0,CAPACITY_EXCEEDED,INVALID
4952,2,85,92,25482,40485,1,FEASIBLE,WORSE
4953,2,85,93,25341,40188,1,FEASIBLE,WORSE
4954,2,85,94,25886,41146,1,FEASIBLE,WORSE
4955,2,85,95,25568,40995,1,FEASIBLE,WORSE
4956,2,85,96,26509,41097,0,CAPACITY_EXCEEDED,INVALID
4957,2,85,97,26281,41563,0,CAPACITY_EXCEEDED,INVALID
4958,2,85,98,26465,41335,0,CAPACITY_EXCEEDED,INVALID
4959,2,85,99,26216,41230,0,CAPACITY_EXCEEDED,INVALID
4960,2,86,87,26837,41255,0,CAPACITY_EXCEEDED,INVALID
4961,2,86,88,26783,41551,0,CAPACITY_EXCEEDED,INVALID
4962,2,86,89,27686,42047,0,CAPACITY_EXCEEDED,INVALID
4963,2,86,90,26230,41214,0,CAPACITY_EXCEEDED,INVALID
4964,2,86,91,27405,42227,0,CAPACITY_EXCEEDED,INVALID
4965,2,86,92,26836,41473,0,CAPACITY_EXCEEDED,INVALID
4966,2,86,93,26695,41176,0,CAPACITY_EXCEEDED,INVALID
4967,2,86,94,27240,42134,0,CAPACITY_EXCEEDED,INVALID
4968,2,86,95,26922,41983,0,CAPACITY_EXCEEDED,INVALID
4969,2,86,96,27863,42085,0,CAPACITY_EXCEEDED,INVALID
4970,2,86,97,27635,42551,0,CAPACITY_EXCEEDED,INVALID
4971,2,86,98,27819,42323,0,CAPACITY_EXCEEDED,INVALID
4972,2,86,99,27570,42218,0,CAPACITY_EXCEEDED,INVALID
4973,2,87,88,25828,40374,1,FEASIBLE,WORSE
4974,2,87,89,26731,40870,0,CAPACITY_EXCEEDED,INVALID
4975,2,87,90,25275,40037,1,FEASIBLE,WORSE
4976,2,87,91,26450,41050,0,CAPACITY_EXCEEDED,INVALID
4977,2,87,92,25881,40296,1,FEASIBLE,WORSE
4978,2,87,93,25740,39999,1,FEASIBLE,WORSE
4979,2,87,94,26285,40957,0,CAPACITY_EXCEEDED,INVALID
4980,2,87,95,25967,40806,1,FEASIBLE,WORSE
4981,2,87,96,26908,40908,0,CAPACITY_EXCEEDED,INVALID
4982,2,87,97,26680,41374,0,CAPACITY_EXCEEDED,INVALID
4983,2,87,98,26864,41146,0,CAPACITY_EXCEEDED,INVALID
4984,2,87,99,26615,41041,0,CAPACITY_EXCEEDED,INVALID
4985,2,88,89,26677,41166,0,CAPACITY_EXCEEDED,INVALID
4986,2,88,90,25221,40333,1,FEASIBLE,WORSE
4987,2,88,91,26396,41346,0,CAPACITY_EXCEEDED,INVALID
4988,2,88,92,25827,40592,1,FEASIBLE,WORSE
4989,2,88,93,25686,40295,1,FEASIBLE,WORSE
4990,2,88,94,26231,41253,0,CAPACITY_EXCEEDED,INVALID
4991,2,88,95,25913,41102,1,FEASIBLE,WORSE
4992,2,88,96,26854,41204,0,CAPACITY_EXCEEDED,INVALID
4993,2,88,97,26626,41670,0,CAPACITY_EXCEEDED,INVALID
4994,2,88,98,26810,41442,0,CAPACITY_EXCEEDED,INVALID
4995,2,88,99,26561,41337,0,CAPACITY_EXCEEDED,INVALID
4996,2,89,90,26124,40829,0,CAPACITY_EXCEEDED,INVALID
4997,2,89,91,27299,41842,0,CAPACITY_EXCEEDED,INVALID
4998,2,89,92,26730,41088,0,CAPACITY_EXCEEDED,INVALID
4999,2,89,93,26589,40791,0,CAPACITY_EXCEEDED,INVALID
5000,2,89,94,27134,41749,0,CAPACITY_EXCEEDED,INVALID
5001,2,89,95,26816,41598,0,CAPACITY_EXCEEDED,INVALID
5002,2,89,96,27757,41700,0,CAPACITY_EXCEEDED,INVALID
5003,2,89,97,27529,42166,0,CAPACITY_EXCEEDED,INVALID
5004,2,89,98,27713,41938,0,CAPACITY_EXCEEDED,INVALID
5005,2,89,99,27464,41833,0,CAPACITY_EXCEEDED,INVALID
5006,2,90,91,25843,41009,1,FEASIBLE,WORSE
5007,2,90,92,25274,40255,1,FEASIBLE,WORSE
5008,2,90,93,25133,39958,1,FEASIBLE,WORSE
5009,2,90,94,25678,40916,1,FEASIBLE,WORSE
5010,2,90,95,25360,40765,1,FEASIBLE,WORSE
5011,2,90,96,26301,40867,0,CAPACITY_EXCEEDED,INVALID
5012,2,90,97,26073,41333,0,CAPACITY_EXCEEDED,INVALID
5013,2,90,98,26257,41105,0,CAPACITY_EXCEEDED,INVALID
5014,2,90,99,26008,41000,0,CAPACITY_EXCEEDED,INVALID
5015,2,91,92,26449,41268,0,CAPACITY_EXCEEDED,INVALID
5016,2,91,93,26308,40971,0,CAPACITY_EXCEEDED,INVALID
5017,2,91,94,26853,41929,0,CAPACITY_EXCEEDED,INVALID
5018,2,91,95,26535,41778,0,CAPACITY_EXCEEDED,INVALID
5019,2,91,96,27476,41880,0,CAPACITY_EXCEEDED,INVALID
5020,2,91,97,27248,42346,0,CAPACITY_EXCEEDED,INVALID
5021,2,91,98,27432,42118,0,CAPACITY_EXCEEDED,INVALID
5022,2,91,99,27183,42013,0,CAPACITY_EXCEEDED,INVALID
5023,2,92,93,25739,40217,1,FEASIBLE,WORSE
5024,2,92,94,26284,41175,0,CAPACITY_EXCEEDED,INVALID
5025,2,92,95,25966,41024,1,FEASIBLE,WORSE
5026,2,92,96,26907,41126,0,CAPACITY_EXCEEDED,INVALID
5027,2,92,97,26679,41592,0,CAPACITY_EXCEEDED,INVALID
5028,2,92,98,26863,41364,0,CAPACITY_EXCEEDED,INVALID
5029,2,92,99,26614,41259,0,CAPACITY_EXCEEDED,INVALID
5030,2,93,94,26143,40878,0,CAPACITY_EXCEEDED,INVALID
5031,2,93,95,25825,40727,1,FEASIBLE,WORSE
5032,2,93,96,26766,40829,0,CAPACITY_EXCEEDED,INVALID
5033,2,93,97,26538,41295,0,CAPACITY_EXCEEDED,INVALID
5034,2,93,98,26722,41067,0,CAPACITY_EXCEEDED,INVALID
5035,2,93,99,26473,40962,0,CAPACITY_EXCEEDED,INVALID
5036,2,94,95,26370,41685,0,CAPACITY_EXCEEDED,INVALID
5037,2,94,96,27311,41787,0,CAPACITY_EXCEEDED,INVALID
5038,2,94,97,27083,42253,0,CAPACITY_EXCEEDED,INVALID
5039,2,94,98,27267,42025,0,CAPACITY_EXCEEDED,INVALID
5040,2,94,99,27018,41920,0,CAPACITY_EXCEEDED,INVALID
5041,2,95,96,26993,41636,0,CAPACITY_EXCEEDED,INVALID
5042,2,95,97,26765,42102,0,CAPACITY_EXCEEDED,INVALID
5043,2,95,98,26949,41874,0,CAPACITY_EXCEEDED,INVALID
5044,2,95,99,26700,41769,0,CAPACITY_EXCEEDED,INVALID
5045,2,96,97,27706,42204,0,CAPACITY_EXCEEDED,INVALID
5046,2,96,98,27890,41976,0,CAPACITY_EXCEEDED,INVALID
5047,2,96,99,27641,41871,0,CAPACITY_EXCEEDED,INVALID
5048,2,97,98,27662,42442,0,CAPACITY_EXCEEDED,INVALID
5049,2,97,99,27413,42337,0,CAPACITY_EXCEEDED,INVALID
5050,2,98,99,27597,42109,0,CAPACITY_EXCEEDED,INVALID
