neighbor_index,distance,flip_i,flip_j,weight,profit,feasible,reason,comparison
1,1,0,,24181,35946,1,FEASIBLE,WORSE
2,1,1,,24988,36784,0,CAPACITY_EXCEEDED,INVALID
3,1,2,,25015,36549,0,CAPACITY_EXCEEDED,INVALID
4,1,3,,23709,35543,1,FEASIBLE,WORSE
5,1,4,,24917,36417,0,CAPACITY_EXCEEDED,INVALID
6,1,5,,23958,35907,1,FEASIBLE,WORSE
7,1,6,,23469,35511,1,FEASIBLE,WORSE
8,1,7,,24633,36491,0,CAPACITY_EXCEEDED,INVALID
9,1,8,,23976,35855,1,FEASIBLE,WORSE
10,1,9,,25172,37027,0,CAPACITY_EXCEEDED,INVALID
11,1,10,,24608,36451,0,CAPACITY_EXCEEDED,INVALID
12,1,11,,23834,36030,1,FEASIBLE,WORSE
13,1,12,,23347,35706,1,FEASIBLE,WORSE
14,1,13,,23837,35957,1,FEASIBLE,WORSE
15,1,14,,23539,35684,1,FEASIBLE,WORSE
16,1,15,,24035,36252,1,FEASIBLE,WORSE
17,1,16,,25051,36649,0,CAPACITY_EXCEEDED,INVALID
18,1,17,,24466,36521,0,CAPACITY_EXCEEDED,INVALID
19,1,18,,24156,35903,1,FEASIBLE,WORSE
20,1,19,,23231,35486,1,FEASIBLE,WORSE
21,1,20,,24034,35819,1,FEASIBLE,WORSE
22,1,21,,23260,35635,1,FEASIBLE,WORSE
23,1,22,,25194,36794,0,CAPACITY_EXCEEDED,INVALID
24,1,23,,23600,35663,1,FEASIBLE,WORSE
25,1,24,,24195,36308,1,FEASIBLE,WORSE
26,1,25,,24146,36118,1,FEASIBLE,WORSE
27,1,26,,23998,35735,1,FEASIBLE,WORSE
28,1,27,,23818,35684,1,FEASIBLE,WORSE
29,1,28,,24819,36832,0,CAPACITY_EXCEEDED,INVALID
30,1,29,,25174,36498,0,CAPACITY_EXCEEDED,INVALID
31,1,30,,23852,36143,1,FEASIBLE,WORSE
32,1,31,,24066,36200,1,FEASIBLE,WORSE
33,1,32,,24769,36692,0,CAPACITY_EXCEEDED,INVALID
34,1,33,,24069,35600,1,FEASIBLE,WORSE
35,1,34,,24120,36210,1,FEASIBLE,WORSE
36,1,35,,23651,35523,1,FEASIBLE,WORSE
37,1,36,,23511,35530,1,FEASIBLE,WORSE
38,1,37,,24141,36355,1,FEASIBLE,WORSE
39,1,38,,23755,36031,1,FEASIBLE,WORSE
40,1,39,,24911,36902,0,CAPACITY_EXCEEDED,INVALID
41,1,40,,24972,36434,0,CAPACITY_EXCEEDED,INVALID
42,1,41,,23823,35985,1,FEASIBLE,WORSE
43,1,42,,23319,35503,1,FEASIBLE,WORSE
44,1,43,,24377,36523,0,CAPACITY_EXCEEDED,INVALID
45,1,44,,23491,35813,1,FEASIBLE,WORSE
46,1,45,,24979,36532,0,CAPACITY_EXCEEDED,INVALID
47,1,46,,25088,36989,0,CAPACITY_EXCEEDED,INVALID
48,1,47,,23712,35514,1,FEASIBLE,WORSE
49,1,48,,24107,36206,1,FEASIBLE,WORSE
50,1,49,,24158,36401,1,FEASIBLE,WORSE
51,1,50,,24736,36494,0,CAPACITY_EXCEEDED,INVALID
52,1,51,,24033,35870,1,FEASIBLE,WORSE
53,1,52,,24837,36428,0,CAPACITY_EXCEEDED,INVALID
54,1,53,,24122,36325,1,FEASIBLE,WORSE
55,1,54,,24988,36907,0,CAPACITY_EXCEEDED,INVALID
56,1,55,,23984,35489,1,FEASIBLE,WORSE
57,1,56,,24193,35989,1,FEASIBLE,WORSE
58,1,57,,24031,36011,1,FEASIBLE,WORSE
59,1,58,,23750,35771,1,FEASIBLE,WORSE
60,1,59,,24767,36504,0,CAPACITY_EXCEEDED,INVALID
61,1,60,,23818,35830,1,FEASIBLE,WORSE
62,1,61,,24033,36237,1,FEASIBLE,WORSE
63,1,62,,23724,35801,1,FEASIBLE,WORSE
64,1,63,,23260,35451,1,FEASIBLE,WORSE
65,1,64,,24743,36465,0,CAPACITY_EXCEEDED,INVALID
66,1,65,,25149,36966,0,CAPACITY_EXCEEDED,INVALID
67,1,66,,24178,35803,1,FEASIBLE,WORSE
68,1,67,,25201,36560,0,CAPACITY_EXCEEDED,INVALID
69,1,68,,25096,36679,0,CAPACITY_EXCEEDED,INVALID
70,1,69,,23662,35415,1,FEASIBLE,WORSE
71,1,70,,23683,35412,1,FEASIBLE,WORSE
72,1,71,,24745,36532,0,CAPACITY_EXCEEDED,INVALID
73,1,72,,23297,35704,1,FEASIBLE,WORSE
74,1,73,,24141,35459,1,FEASIBLE,WORSE
75,1,74,,24850,36647,0,CAPACITY_EXCEEDED,INVALID
76,1,75,,23664,35798,1,FEASIBLE,WORSE
77,1,76,,24508,36454,0,CAPACITY_EXCEEDED,INVALID
78,1,77,,24932,36776,0,CAPACITY_EXCEEDED,INVALID
79,1,78,,23486,35735,1,FEASIBLE,WORSE
80,1,79,,24103,35819,1,FEASIBLE,WORSE
81,1,80,,23507,35635,1,FEASIBLE,WORSE
82,1,81,,24661,36497,0,CAPACITY_EXCEEDED,INVALID
83,1,82,,24698,36758,0,CAPACITY_EXCEEDED,INVALID
84,1,83,,23570,35545,1,FEASIBLE,WORSE
85,1,84,,24154,35825,1,FEASIBLE,WORSE
86,1,85,,23604,35958,1,FEASIBLE,WORSE
87,1,86,,23833,36007,1,FEASIBLE,WORSE
88,1,87,,23328,35423,1,FEASIBLE,WORSE
89,1,88,,23975,35835,1,FEASIBLE,WORSE
90,1,89,,25031,36429,0,CAPACITY_EXCEEDED,INVALID
91,1,90,,23477,35610,1,FEASIBLE,WORSE
92,1,91,,24832,36739,0,CAPACITY_EXCEEDED,INVALID
93,1,92,,25083,36844,0,CAPACITY_EXCEEDED,INVALID
94,1,93,,24171,36196,1,FEASIBLE,WORSE
95,1,94,,24804,36855,0,CAPACITY_EXCEEDED,INVALID
96,1,95,,24821,36735,0,CAPACITY_EXCEEDED,INVALID
97,1,96,,24886,36499,0,CAPACITY_EXCEEDED,INVALID
98,1,97,,23800,35780,1,FEASIBLE,WORSE
99,1,98,,24138,36306,1,FEASIBLE,WORSE
100,1,99,,24017,35625,1,FEASIBLE,WORSE
101,2,0,1,24962,36320,0,CAPACITY_EXCEEDED,INVALID
102,2,0,2,24989,36085,0,CAPACITY_EXCEEDED,INVALID
103,2,0,3,23683,35079,1,FEASIBLE,WORSE
104,2,0,4,24891,35953,0,CAPACITY_EXCEEDED,INVALID
105,2,0,5,23932,35443,1,FEASIBLE,WORSE
106,2,0,6,23443,35047,1,FEASIBLE,WORSE
107,2,0,7,24607,36027,0,CAPACITY_EXCEEDED,INVALID
108,2,0,8,23950,35391,1,FEASIBLE,WORSE
109,2,0,9,25146,36563,0,CAPACITY_EXCEEDED,INVALID
110,2,0,10,24582,35987,0,CAPACITY_EXCEEDED,INVALID
111,2,0,11,23808,35566,1,FEASIBLE,WORSE
112,2,0,12,23321,35242,1,FEASIBLE,WORSE
113,2,0,13,23811,35493,1,FEASIBLE,WORSE
114,2,0,14,23513,35220,1,FEASIBLE,WORSE
115,2,0,15,24009,35788,1,FEASIBLE,WORSE
116,2,0,16,25025,36185,0,CAPACITY_EXCEEDED,INVALID
117,2,0,17,24440,36057,0,CAPACITY_EXCEEDED,INVALID
118,2,0,18,24130,35439,1,FEASIBLE,WORSE
119,2,0,19,23205,35022,1,FEASIBLE,WORSE
120,2,0,20,24008,35355,1,FEASIBLE,WORSE
121,2,0,21,23234,35171,1,FEASIBLE,WORSE
122,2,0,22,25168,36330,0,CAPACITY_EXCEEDED,INVALID
123,2,0,23,23574,35199,1,FEASIBLE,WORSE
124,2,0,24,24169,35844,1,FEASIBLE,WORSE
125,2,0,25,24120,35654,1,FEASIBLE,WORSE
126,2,0,26,23972,35271,1,FEASIBLE,WORSE
127,2,0,27,23792,35220,1,FEASIBLE,WORSE
128,2,0,28,24793,36368,0,CAPACITY_EXCEEDED,INVALID
129,2,0,29,25148,36034,0,CAPACITY_EXCEEDED,INVALID
130,2,0,30,23826,35679,1,FEASIBLE,WORSE
131,2,0,31,24040,35736,1,FEASIBLE,WORSE
132,2,0,32,24743,36228,0,CAPACITY_EXCEEDED,INVALID
133,2,0,33,24043,35136,1,FEASIBLE,WORSE
134,2,0,34,24094,35746,1,FEASIBLE,WORSE
135,2,0,35,23625,35059,1,FEASIBLE,WORSE
136,2,0,36,23485,35066,1,FEASIBLE,WORSE
137,2,0,37,24115,35891,1,FEASIBLE,WORSE
138,2,0,38,23729,35567,1,FEASIBLE,WORSE
139,2,0,39,24885,36438,0,CAPACITY_EXCEEDED,INVALID
140,2,0,40,24946,35970,0,CAPACITY_EXCEEDED,INVALID
141,2,0,41,23797,35521,1,FEASIBLE,WORSE
142,2,0,42,23293,35039,1,FEASIBLE,WORSE
143,2,0,43,24351,36059,0,CAPACITY_EXCEEDED,INVALID
144,2,0,44,23465,35349,1,FEASIBLE,WORSE
145,2,0,45,24953,36068,0,CAPACITY_EXCEEDED,INVALID
146,2,0,46,25062,36525,0,CAPACITY_EXCEEDED,INVALID
147,2,0,47,23686,35050,1,FEASIBLE,WORSE
148,2,0,48,24081,35742,1,FEASIBLE,WORSE
149,2,0,49,24132,35937,1,FEASIBLE,WORSE
150,2,0,50,24710,36030,0,CAPACITY_EXCEEDED,INVALID
151,2,0,51,24007,35406,1,FEASIBLE,WORSE
152,2,0,52,24811,35964,0,CAPACITY_EXCEEDED,INVALID
153,2,0,53,24096,35861,1,FEASIBLE,WORSE
154,2,0,54,24962,36443,0,CAPACITY_EXCEEDED,INVALID
155,2,0,55,23958,35025,1,FEASIBLE,WORSE
156,2,0,56,24167,35525,1,FEASIBLE,WORSE
157,2,0,57,24005,35547,1,FEASIBLE,WORSE
158,2,0,58,23724,35307,1,FEASIBLE,WORSE
159,2,0,59,24741,36040,0,CAPACITY_EXCEEDED,INVALID
160,2,0,60,23792,35366,1,FEASIBLE,WORSE
161,2,0,61,24007,35773,1,FEASIBLE,WORSE
162,2,0,62,23698,35337,1,FEASIBLE,WORSE
163,2,0,63,23234,34987,1,FEASIBLE,WORSE
164,2,0,64,24717,36001,0,CAPACITY_EXCEEDED,INVALID
165,2,0,65,25123,36502,0,CAPACITY_EXCEEDED,INVALID
166,2,0,66,24152,35339,1,FEASIBLE,WORSE
167,2,0,67,25175,36096,0,CAPACITY_EXCEEDED,INVALID
168,2,0,68,25070,36215,0,CAPACITY_EXCEEDED,INVALID
169,2,0,69,23636,34951,1,FEASIBLE,WORSE
170,2,0,70,23657,34948,1,FEASIBLE,WORSE
171,2,0,71,24719,36068,0,CAPACITY_EXCEEDED,INVALID
172,2,0,72,23271,35240,1,FEASIBLE,WORSE
173,2,0,73,24115,34995,1,FEASIBLE,WORSE
174,2,0,74,24824,36183,0,CAPACITY_EXCEEDED,INVALID
175,2,0,75,23638,35334,1,FEASIBLE,WORSE
176,2,0,76,24482,35990,0,CAPACITY_EXCEEDED,INVALID
177,2,0,77,24906,36312,0,CAPACITY_EXCEEDED,INVALID
178,2,0,78,23460,35271,1,FEASIBLE,WORSE
179,2,0,79,24077,35355,1,FEASIBLE,WORSE
180,2,0,80,23481,35171,1,FEASIBLE,WORSE
181,2,0,81,24635,36033,0,CAPACITY_EXCEEDED,INVALID
182,2,0,82,24672,36294,0,CAPACITY_EXCEEDED,INVALID
183,2,0,83,23544,35081,1,FEASIBLE,WORSE
184,2,0,84,24128,35361,1,FEASIBLE,WORSE
185,2,0,85,23578,35494,1,FEASIBLE,WORSE
186,2,0,86,23807,35543,1,FEASIBLE,WORSE
187,2,0,87,23302,34959,1,FEASIBLE,WORSE
188,2,0,88,23949,35371,1,FEASIBLE,WORSE
189,2,0,89,25005,35965,0,CAPACITY_EXCEEDED,INVALID
190,2,0,90,23451,35146,1,FEASIBLE,WORSE
191,2,0,91,24806,36275,0,CAPACITY_EXCEEDED,INVALID
192,2,0,92,25057,36380,0,CAPACITY_EXCEEDED,INVALID
193,2,0,93,24145,35732,1,FEASIBLE,WORSE
194,2,0,94,24778,36391,0,CAPACITY_EXCEEDED,INVALID
195,2,0,95,24795,36271,0,CAPACITY_EXCEEDED,INVALID
196,2,0,96,24860,36035,0,CAPACITY_EXCEEDED,INVALID
197,2,0,97,23774,35316,1,FEASIBLE,WORSE
198,2,0,98,24112,35842,1,FEASIBLE,WORSE
199,2,0,99,23991,35161,1,FEASIBLE,WORSE
200,2,1,2,25796,36923,0,CAPACITY_EXCEEDED,INVALID
201,2,1,3,24490,35917,0,CAPACITY_EXCEEDED,INVALID
202,2,1,4,25698,36791,0,CAPACITY_EXCEEDED,INVALID
203,2,1,5,24739,36281,0,CAPACITY_EXCEEDED,INVALID
204,2,1,6,24250,35885,1,FEASIBLE,WORSE
205,2,1,7,25414,36865,0,CAPACITY_EXCEEDED,INVALID
206,2,1,8,24757,36229,0,CAPACITY_EXCEEDED,INVALID
207,2,1,9,25953,37401,0,CAPACITY_EXCEEDED,INVALID
208,2,1,10,25389,36825,0,CAPACITY_EXCEEDED,INVALID
209,2,1,11,24615,36404,0,CAPACITY_EXCEEDED,INVALID
210,2,1,12,24128,36080,1,FEASIBLE,WORSE
211,2,1,13,24618,36331,0,CAPACITY_EXCEEDED,INVALID
212,2,1,14,24320,36058,0,CAPACITY_EXCEEDED,INVALID
213,2,1,15,24816,36626,0,CAPACITY_EXCEEDED,INVALID
214,2,1,16,25832,37023,0,CAPACITY_EXCEEDED,INVALID
215,2,1,17,25247,36895,0,CAPACITY_EXCEEDED,INVALID
216,2,1,18,24937,36277,0,CAPACITY_EXCEEDED,INVALID
217,2,1,19,24012,35860,1,FEASIBLE,WORSE
218,2,1,20,24815,36193,0,CAPACITY_EXCEEDED,INVALID
219,2,1,21,24041,36009,1,FEASIBLE,WORSE
220,2,1,22,25975,37168,0,CAPACITY_EXCEEDED,INVALID
221,2,1,23,24381,36037,0,CAPACITY_EXCEEDED,INVALID
222,2,1,24,24976,36682,0,CAPACITY_EXCEEDED,INVALID
223,2,1,25,24927,36492,0,CAPACITY_EXCEEDED,INVALID
224,2,1,26,24779,36109,0,CAPACITY_EXCEEDED,INVALID
225,2,1,27,24599,36058,0,CAPACITY_EXCEEDED,INVALID
226,2,1,28,25600,37206,0,CAPACITY_EXCEEDED,INVALID
227,2,1,29,25955,36872,0,CAPACITY_EXCEEDED,INVALID
228,2,1,30,24633,36517,0,CAPACITY_EXCEEDED,INVALID
229,2,1,31,24847,36574,0,CAPACITY_EXCEEDED,INVALID
230,2,1,32,25550,37066,0,CAPACITY_EXCEEDED,INVALID
231,2,1,33,24850,35974,0,CAPACITY_EXCEEDED,INVALID
232,2,1,34,24901,36584,0,CAPACITY_EXCEEDED,INVALID
233,2,1,35,24432,35897,0,CAPACITY_EXCEEDED,INVALID
234,2,1,36,24292,35904,0,CAPACITY_EXCEEDED,INVALID
235,2,1,37,24922,36729,0,CAPACITY_EXCEEDED,INVALID
236,2,1,38,24536,36405,0,CAPACITY_EXCEEDED,INVALID
237,2,1,39,25692,37276,0,CAPACITY_EXCEEDED,INVALID
238,2,1,40,25753,36808,0,CAPACITY_EXCEEDED,INVALID
239,2,1,41,24604,36359,0,CAPACITY_EXCEEDED,INVALID
240,2,1,42,24100,35877,1,FEASIBLE,WORSE
241,2,1,43,25158,36897,0,CAPACITY_EXCEEDED,INVALID
242,2,1,44,24272,36187,1,FEASIBLE,WORSE
243,2,1,45,25760,36906,0,CAPACITY_EXCEEDED,INVALID
244,2,1,46,25869,37363,0,CAPACITY_EXCEEDED,INVALID
245,2,1,47,24493,35888,0,CAPACITY_EXCEEDED,INVALID
246,2,1,48,24888,36580,0,CAPACITY_EXCEEDED,INVALID
247,2,1,49,24939,36775,0,CAPACITY_EXCEEDED,INVALID
248,2,1,50,25517,36868,0,CAPACITY_EXCEEDED,INVALID
249,2,1,51,24814,36244,0,CAPACITY_EXCEEDED,INVALID
250,2,1,52,25618,36802,0,CAPACITY_EXCEEDED,INVALID
251,2,1,53,24903,36699,0,CAPACITY_EXCEEDED,INVALID
252,2,1,54,25769,37281,0,CAPACITY_EXCEEDED,INVALID
253,2,1,55,24765,35863,0,CAPACITY_EXCEEDED,INVALID
254,2,1,56,24974,36363,0,CAPACITY_EXCEEDED,INVALID
255,2,1,57,24812,36385,0,CAPACITY_EXCEEDED,INVALID
256,2,1,58,24531,36145,0,CAPACITY_EXCEEDED,INVALID
257,2,1,59,25548,36878,0,CAPACITY_EXCEEDED,INVALID
258,2,1,60,24599,36204,0,CAPACITY_EXCEEDED,INVALID
259,2,1,61,24814,36611,0,CAPACITY_EXCEEDED,INVALID
260,2,1,62,24505,36175,0,CAPACITY_EXCEEDED,INVALID
261,2,1,63,24041,35825,1,FEASIBLE,WORSE
262,2,1,64,25524,36839,0,CAPACITY_EXCEEDED,INVALID
263,2,1,65,25930,37340,0,CAPACITY_EXCEEDED,INVALID
264,2,1,66,24959,36177,0,CAPACITY_EXCEEDED,INVALID
265,2,1,67,25982,36934,0,CAPACITY_EXCEEDED,INVALID
266,2,1,68,25877,37053,0,CAPACITY_EXCEEDED,INVALID
267,2,1,69,24443,35789,0,CAPACITY_EXCEEDED,INVALID
268,2,1,70,24464,35786,0,CAPACITY_EXCEEDED,INVALID
269,2,1,71,25526,36906,0,CAPACITY_EXCEEDED,INVALID
270,2,1,72,24078,36078,1,FEASIBLE,WORSE
271,2,1,73,24922,35833,0,CAPACITY_EXCEEDED,INVALID
272,2,1,74,25631,37021,0,CAPACITY_EXCEEDED,INVALID
273,2,1,75,24445,36172,0,CAPACITY_EXCEEDED,INVALID
274,2,1,76,25289,36828,0,CAPACITY_EXCEEDED,INVALID
275,2,1,77,25713,37150,0,CAPACITY_EXCEEDED,INVALID
276,2,1,78,24267,36109,1,FEASIBLE,WORSE
277,2,1,79,24884,36193,0,CAPACITY_EXCEEDED,INVALID
278,2,1,80,24288,36009,0,CAPACITY_EXCEEDED,INVALID
279,2,1,81,25442,36871,0,CAPACITY_EXCEEDED,INVALID
280,2,1,82,25479,37132,0,CAPACITY_EXCEEDED,INVALID
281,2,1,83,24351,35919,0,CAPACITY_EXCEEDED,INVALID
282,2,1,84,24935,36199,0,CAPACITY_EXCEEDED,INVALID
283,2,1,85,24385,36332,0,CAPACITY_EXCEEDED,INVALID
284,2,1,86,24614,36381,0,CAPACITY_EXCEEDED,INVALID
285,2,1,87,24109,35797,1,FEASIBLE,WORSE
286,2,1,88,24756,36209,0,CAPACITY_EXCEEDED,INVALID
287,2,1,89,25812,36803,0,CAPACITY_EXCEEDED,INVALID
288,2,1,90,24258,35984,1,FEASIBLE,WORSE
289,2,1,91,25613,37113,0,CAPACITY_EXCEEDED,INVALID
290,2,1,92,25864,37218,0,CAPACITY_EXCEEDED,INVALID
291,2,1,93,24952,36570,0,CAPACITY_EXCEEDED,INVALID
292,2,1,94,25585,37229,0,CAPACITY_EXCEEDED,INVALID
293,2,1,95,25602,37109,0,CAPACITY_EXCEEDED,INVALID
294,2,1,96,25667,36873,0,CAPACITY_EXCEEDED,INVALID
295,2,1,97,24581,36154,0,CAPACITY_EXCEEDED,INVALID
296,2,1,98,24919,36680,0,CAPACITY_EXCEEDED,INVALID
297,2,1,99,24798,35999,0,CAPACITY_EXCEEDED,INVALID
298,2,2,3,24517,35682,0,CAPACITY_EXCEEDED,INVALID
299,2,2,4,25725,36556,0,CAPACITY_EXCEEDED,INVALID
300,2,2,5,24766,36046,0,CAPACITY_EXCEEDED,INVALID
301,2,2,6,24277,35650,1,FEASIBLE,WORSE
302,2,2,7,25441,36630,0,CAPACITY_EXCEEDED,INVALID
303,2,2,8,24784,35994,0,CAPACITY_EXCEEDED,INVALID
304,2,2,9,25980,37166,0,CAPACITY_EXCEEDED,INVALID
305,2,2,10,25416,36590,0,CAPACITY_EXCEEDED,INVALID
306,2,2,11,24642,36169,0,CAPACITY_EXCEEDED,INVALID
307,2,2,12,24155,35845,1,FEASIBLE,WORSE
308,2,2,13,24645,36096,0,CAPACITY_EXCEEDED,INVALID
309,2,2,14,24347,35823,0,CAPACITY_EXCEEDED,INVALID
310,2,2,15,24843,36391,0,CAPACITY_EXCEEDED,INVALID
311,2,2,16,25859,36788,0,CAPACITY_EXCEEDED,INVALID
312,2,2,17,25274,36660,0,CAPACITY_EXCEEDED,INVALID
313,2,2,18,24964,36042,0,CAPACITY_EXCEEDED,INVALID
314,2,2,19,24039,35625,1,FEASIBLE,WORSE
315,2,2,20,24842,35958,0,CAPACITY_EXCEEDED,INVALID
316,2,2,21,24068,35774,1,FEASIBLE,WORSE
317,2,2,22,26002,36933,0,CAPACITY_EXCEEDED,INVALID
318,2,2,23,24408,35802,0,CAPACITY_EXCEEDED,INVALID
319,2,2,24,25003,36447,0,CAPACITY_EXCEEDED,INVALID
320,2,2,25,24954,36257,0,CAPACITY_EXCEEDED,INVALID
321,2,2,26,24806,35874,0,CAPACITY_EXCEEDED,INVALID
322,2,2,27,24626,35823,0,CAPACITY_EXCEEDED,INVALID
323,2,2,28,25627,36971,0,CAPACITY_EXCEEDED,INVALID
324,2,2,29,25982,36637,0,CAPACITY_EXCEEDED,INVALID
325,2,2,30,24660,36282,0,CAPACITY_EXCEEDED,INVALID
326,2,2,31,24874,36339,0,CAPACITY_EXCEEDED,INVALID
327,2,2,32,25577,36831,0,CAPACITY_EXCEEDED,INVALID
328,2,2,33,24877,35739,0,CAPACITY_EXCEEDED,INVALID
329,2,2,34,24928,36349,0,CAPACITY_EXCEEDED,INVALID
330,2,2,35,24459,35662,0,CAPACITY_EXCEEDED,INVALID
331,2,2,36,24319,35669,0,CAPACITY_EXCEEDED,INVALID
332,2,2,37,24949,36494,0,CAPACITY_EXCEEDED,INVALID
333,2,2,38,24563,36170,0,CAPACITY_EXCEEDED,INVALID
334,2,2,39,25719,37041,0,CAPACITY_EXCEEDED,INVALID
335,2,2,40,25780,36573,0,CAPACITY_EXCEEDED,INVALID
336,2,2,41,24631,36124,0,CAPACITY_EXCEEDED,INVALID
337,2,2,42,24127,35642,1,FEASIBLE,WORSE
338,2,2,43,25185,36662,0,CAPACITY_EXCEEDED,INVALID
339,2,2,44,24299,35952,0,CAPACITY_EXCEEDED,INVALID
340,2,2,45,25787,36671,0,CAPACITY_EXCEEDED,INVALID
341,2,2,46,25896,37128,0,CAPACITY_EXCEEDED,INVALID
342,2,2,47,24520,35653,0,CAPACITY_EXCEEDED,INVALID
343,2,2,48,24915,36345,0,CAPACITY_EXCEEDED,INVALID
344,2,2,49,24966,36540,0,CAPACITY_EXCEEDED,INVALID
345,2,2,50,25544,36633,0,CAPACITY_EXCEEDED,INVALID
346,2,2,51,24841,36009,0,CAPACITY_EXCEEDED,INVALID
347,2,2,52,25645,36567,0,CAPACITY_EXCEEDED,INVALID
348,2,2,53,24930,36464,0,CAPACITY_EXCEEDED,INVALID
349,2,2,54,25796,37046,0,CAPACITY_EXCEEDED,INVALID
350,2,2,55,24792,35628,0,CAPACITY_EXCEEDED,INVALID
351,2,2,56,25001,36128,0,CAPACITY_EXCEEDED,INVALID
352,2,2,57,24839,36150,0,CAPACITY_EXCEEDED,INVALID
353,2,2,58,24558,35910,0,CAPACITY_EXCEEDED,INVALID
354,2,2,59,25575,36643,0,CAPACITY_EXCEEDED,INVALID
355,2,2,60,24626,35969,0,CAPACITY_EXCEEDED,INVALID
356,2,2,61,24841,36376,0,CAPACITY_EXCEEDED,INVALID
357,2,2,62,24532,35940,0,CAPACITY_EXCEEDED,INVALID
358,2,2,63,24068,35590,1,FEASIBLE,WORSE
359,2,2,64,25551,36604,0,CAPACITY_EXCEEDED,INVALID
360,2,2,65,25957,37105,0,CAPACITY_EXCEEDED,INVALID
361,2,2,66,24986,35942,0,CAPACITY_EXCEEDED,INVALID
362,2,2,67,26009,36699,0,CAPACITY_EXCEEDED,INVALID
363,2,2,68,25904,36818,0,CAPACITY_EXCEEDED,INVALID
364,2,2,69,24470,35554,0,CAPACITY_EXCEEDED,INVALID
365,2,2,70,24491,35551,0,CAPACITY_EXCEEDED,INVALID
366,2,2,71,25553,36671,0,CAPACITY_EXCEEDED,INVALID
367,2,2,72,24105,35843,1,FEASIBLE,WORSE
368,2,2,73,24949,35598,0,CAPACITY_EXCEEDED,INVALID
369,2,2,74,25658,36786,0,CAPACITY_EXCEEDED,INVALID
370,2,2,75,24472,35937,0,CAPACITY_EXCEEDED,INVALID
371,2,2,76,25316,36593,0,CAPACITY_EXCEEDED,INVALID
372,2,2,77,25740,36915,0,CAPACITY_EXCEEDED,INVALID
373,2,2,78,24294,35874,0,CAPACITY_EXCEEDED,INVALID
374,2,2,79,24911,35958,0,CAPACITY_EXCEEDED,INVALID
375,2,2,80,24315,35774,0,CAPACITY_EXCEEDED,INVALID
376,2,2,81,25469,36636,0,CAPACITY_EXCEEDED,INVALID
377,2,2,82,25506,36897,0,CAPACITY_EXCEEDED,INVALID
378,2,2,83,24378,35684,0,CAPACITY_EXCEEDED,INVALID
379,2,2,84,24962,35964,0,CAPACITY_EXCEEDED,INVALID
380,2,2,85,24412,36097,0,CAPACITY_EXCEEDED,INVALID
381,2,2,86,24641,36146,0,CAPACITY_EXCEEDED,INVALID
382,2,2,87,24136,35562,1,FEASIBLE,WORSE
383,2,2,88,24783,35974,0,CAPACITY_EXCEEDED,INVALID
384,2,2,89,25839,36568,0,CAPACITY_EXCEEDED,INVALID
385,2,2,90,24285,35749,0,CAPACITY_EXCEEDED,INVALID
386,2,2,91,25640,36878,0,CAPACITY_EXCEEDED,INVALID
387,2,2,92,25891,36983,0,CAPACITY_EXCEEDED,INVALID
388,2,2,93,24979,36335,0,CAPACITY_EXCEEDED,INVALID
389,2,2,94,25612,36994,0,CAPACITY_EXCEEDED,INVALID
390,2,2,95,25629,36874,0,CAPACITY_EXCEEDED,INVALID
391,2,2,96,25694,36638,0,CAPACITY_EXCEEDED,INVALID
392,2,2,97,24608,35919,0,CAPACITY_EXCEEDED,INVALID
393,2,2,98,24946,36445,0,CAPACITY_EXCEEDED,INVALID
394,2,2,99,24825,35764,0,CAPACITY_EXCEEDED,INVALID
395,2,3,4,24419,35550,0,CAPACITY_EXCEEDED,INVALID
396,2,3,5,23460,35040,1,FEASIBLE,WORSE
397,2,3,6,22971,34644,1,FEASIBLE,WORSE
398,2,3,7,24135,35624,1,FEASIBLE,WORSE
399,2,3,8,23478,34988,1,FEASIBLE,WORSE
400,2,3,9,24674,36160,0,CAPACITY_EXCEEDED,INVALID
401,2,3,10,24110,35584,1,FEASIBLE,WORSE
402,2,3,11,23336,35163,1,FEASIBLE,WORSE
403,2,3,12,22849,34839,1,FEASIBLE,WORSE
404,2,3,13,23339,35090,1,FEASIBLE,WORSE
405,2,3,14,23041,34817,1,FEASIBLE,WORSE
406,2,3,15,23537,35385,1,FEASIBLE,WORSE
407,2,3,16,24553,35782,0,CAPACITY_EXCEEDED,INVALID
408,2,3,17,23968,35654,1,FEASIBLE,WORSE
409,2,3,18,23658,35036,1,FEASIBLE,WORSE
410,2,3,19,22733,34619,1,FEASIBLE,WORSE
411,2,3,20,23536,34952,1,FEASIBLE,WORSE
412,2,3,21,22762,34768,1,FEASIBLE,WORSE
413,2,3,22,24696,35927,0,CAPACITY_EXCEEDED,INVALID
414,2,3,23,23102,34796,1,FEASIBLE,WORSE
415,2,3,24,23697,35441,1,FEASIBLE,WORSE
416,2,3,25,23648,35251,1,FEASIBLE,WORSE
417,2,3,26,23500,34868,1,FEASIBLE,WORSE
418,2,3,27,23320,34817,1,FEASIBLE,WORSE
419,2,3,28,24321,35965,0,CAPACITY_EXCEEDED,INVALID
420,2,3,29,24676,35631,0,CAPACITY_EXCEEDED,INVALID
421,2,3,30,23354,35276,1,FEASIBLE,WORSE
422,2,3,31,23568,35333,1,FEASIBLE,WORSE
423,2,3,32,24271,35825,1,FEASIBLE,WORSE
424,2,3,33,23571,34733,1,FEASIBLE,WORSE
425,2,3,34,23622,35343,1,FEASIBLE,WORSE
426,2,3,35,23153,34656,1,FEASIBLE,WORSE
427,2,3,36,23013,34663,1,FEASIBLE,WORSE
428,2,3,37,23643,35488,1,FEASIBLE,WORSE
429,2,3,38,23257,35164,1,FEASIBLE,WORSE
430,2,3,39,24413,36035,0,CAPACITY_EXCEEDED,INVALID
431,2,3,40,24474,35567,0,CAPACITY_EXCEEDED,INVALID
432,2,3,41,23325,35118,1,FEASIBLE,WORSE
433,2,3,42,22821,34636,1,FEASIBLE,WORSE
434,2,3,43,23879,35656,1,FEASIBLE,WORSE
435,2,3,44,22993,34946,1,FEASIBLE,WORSE
436,2,3,45,24481,35665,0,CAPACITY_EXCEEDED,INVALID
437,2,3,46,24590,36122,0,CAPACITY_EXCEEDED,INVALID
438,2,3,47,23214,34647,1,FEASIBLE,WORSE
439,2,3,48,23609,35339,1,FEASIBLE,WORSE
440,2,3,49,23660,35534,1,FEASIBLE,WORSE
441,2,3,50,24238,35627,1,FEASIBLE,WORSE
442,2,3,51,23535,35003,1,FEASIBLE,WORSE
443,2,3,52,24339,35561,0,CAPACITY_EXCEEDED,INVALID
444,2,3,53,23624,35458,1,FEASIBLE,WORSE
445,2,3,54,24490,36040,0,CAPACITY_EXCEEDED,INVALID
446,2,3,55,23486,34622,1,FEASIBLE,WORSE
447,2,3,56,23695,35122,1,FEASIBLE,WORSE
448,2,3,57,23533,35144,1,FEASIBLE,WORSE
449,2,3,58,23252,34904,1,FEASIBLE,WORSE
450,2,3,59,24269,35637,1,FEASIBLE,WORSE
451,2,3,60,23320,34963,1,FEASIBLE,WORSE
452,2,3,61,23535,35370,1,FEASIBLE,WORSE
453,2,3,62,23226,34934,1,FEASIBLE,WORSE
454,2,3,63,22762,34584,1,FEASIBLE,WORSE
455,2,3,64,24245,35598,1,FEASIBLE,WORSE
456,2,3,65,24651,36099,0,CAPACITY_EXCEEDED,INVALID
457,2,3,66,23680,34936,1,FEASIBLE,WORSE
458,2,3,67,24703,35693,0,CAPACITY_EXCEEDED,INVALID
459,2,3,68,24598,35812,0,CAPACITY_EXCEEDED,INVALID
460,2,3,69,23164,34548,1,FEASIBLE,WORSE
461,2,3,70,23185,34545,1,FEASIBLE,WORSE
462,2,3,71,24247,35665,1,FEASIBLE,WORSE
463,2,3,72,22799,34837,1,FEASIBLE,WORSE
464,2,3,73,23643,34592,1,FEASIBLE,WORSE
465,2,3,74,24352,35780,0,CAPACITY_EXCEEDED,INVALID
466,2,3,75,23166,34931,1,FEASIBLE,WORSE
467,2,3,76,24010,35587,1,FEASIBLE,WORSE
468,2,3,77,24434,35909,0,CAPACITY_EXCEEDED,INVALID
469,2,3,78,22988,34868,1,FEASIBLE,WORSE
470,2,3,79,23605,34952,1,FEASIBLE,WORSE
471,2,3,80,23009,34768,1,FEASIBLE,WORSE
472,2,3,81,24163,35630,1,FEASIBLE,WORSE
473,2,3,82,24200,35891,1,FEASIBLE,WORSE
474,2,3,83,23072,34678,1,FEASIBLE,WORSE
475,2,3,84,23656,34958,1,FEASIBLE,WORSE
476,2,3,85,23106,35091,1,FEASIBLE,WORSE
477,2,3,86,23335,35140,1,FEASIBLE,WORSE
478,2,3,87,22830,34556,1,FEASIBLE,WORSE
479,2,3,88,23477,34968,1,FEASIBLE,WORSE
480,2,3,89,24533,35562,0,CAPACITY_EXCEEDED,INVALID
481,2,3,90,22979,34743,1,FEASIBLE,WORSE
482,2,3,91,24334,35872,0,CAPACITY_EXCEEDED,INVALID
483,2,3,92,24585,35977,0,CAPACITY_EXCEEDED,INVALID
484,2,3,93,23673,35329,1,FEASIBLE,WORSE
485,2,3,94,24306,35988,0,CAPACITY_EXCEEDED,INVALID
486,2,3,95,24323,35868,0,CAPACITY_EXCEEDED,INVALID
487,2,3,96,24388,35632,0,CAPACITY_EXCEEDED,INVALID
488,2,3,97,23302,34913,1,FEASIBLE,WORSE
489,2,3,98,23640,35439,1,FEASIBLE,WORSE
490,2,3,99,23519,34758,1,FEASIBLE,WORSE
491,2,4,5,24668,35914,0,CAPACITY_EXCEEDED,INVALID
492,2,4,6,24179,35518,1,FEASIBLE,WORSE
493,2,4,7,25343,36498,0,CAPACITY_EXCEEDED,INVALID
494,2,4,8,24686,35862,0,CAPACITY_EXCEEDED,INVALID
495,2,4,9,25882,37034,0,CAPACITY_EXCEEDED,INVALID
496,2,4,10,25318,36458,0,CAPACITY_EXCEEDED,INVALID
497,2,4,11,24544,36037,0,CAPACITY_EXCEEDED,INVALID
498,2,4,12,24057,35713,1,FEASIBLE,WORSE
499,2,4,13,24547,35964,0,CAPACITY_EXCEEDED,INVALID
500,2,4,14,24249,35691,1,FEASIBLE,WORSE
501,2,4,15,24745,36259,0,CAPACITY_EXCEEDED,INVALID
502,2,4,16,25761,36656,0,CAPACITY_EXCEEDED,INVALID
503,2,4,17,25176,36528,0,CAPACITY_EXCEEDED,INVALID
504,2,4,18,24866,35910,0,CAPACITY_EXCEEDED,INVALID
505,2,4,19,23941,35493,1,FEASIBLE,WORSE
506,2,4,20,24744,35826,0,CAPACITY_EXCEEDED,INVALID
507,2,4,21,23970,35642,1,FEASIBLE,WORSE
508,2,4,22,25904,36801,0,CAPACITY_EXCEEDED,INVALID
509,2,4,23,24310,35670,0,CAPACITY_EXCEEDED,INVALID
510,2,4,24,24905,36315,0,CAPACITY_EXCEEDED,INVALID
511,2,4,25,24856,36125,0,CAPACITY_EXCEEDED,INVALID
512,2,4,26,24708,35742,0,CAPACITY_EXCEEDED,INVALID
513,2,4,27,24528,35691,0,CAPACITY_EXCEEDED,INVALID
514,2,4,28,25529,36839,0,CAPACITY_EXCEEDED,INVALID
515,2,4,29,25884,36505,0,CAPACITY_EXCEEDED,INVALID
516,2,4,30,24562,36150,0,CAPACITY_EXCEEDED,INVALID
517,2,4,31,24776,36207,0,CAPACITY_EXCEEDED,INVALID
518,2,4,32,25479,36699,0,CAPACITY_EXCEEDED,INVALID
519,2,4,33,24779,35607,0,CAPACITY_EXCEEDED,INVALID
520,2,4,34,24830,36217,0,CAPACITY_EXCEEDED,INVALID
521,2,4,35,24361,35530,0,CAPACITY_EXCEEDED,INVALID
522,2,4,36,24221,35537,1,FEASIBLE,WORSE
523,2,4,37,24851,36362,0,CAPACITY_EXCEEDED,INVALID
524,2,4,38,24465,36038,0,CAPACITY_EXCEEDED,INVALID
525,2,4,39,25621,36909,0,CAPACITY_EXCEEDED,INVALID
526,2,4,40,25682,36441,0,CAPACITY_EXCEEDED,INVALID
527,2,4,41,24533,35992,0,CAPACITY_EXCEEDED,INVALID
528,2,4,42,24029,35510,1,FEASIBLE,WORSE
529,2,4,43,25087,36530,0,CAPACITY_EXCEEDED,INVALID
530,2,4,44,24201,35820,1,FEASIBLE,WORSE
531,2,4,45,25689,36539,0,CAPACITY_EXCEEDED,INVALID
532,2,4,46,25798,36996,0,CAPACITY_EXCEEDED,INVALID
533,2,4,47,24422,35521,0,CAPACITY_EXCEEDED,INVALID
534,2,4,48,24817,36213,0,CAPACITY_EXCEEDED,INVALID
535,2,4,49,24868,36408,0,CAPACITY_EXCEEDED,INVALID
536,2,4,50,25446,36501,0,CAPACITY_EXCEEDED,INVALID
537,2,4,51,24743,35877,0,CAPACITY_EXCEEDED,INVALID
538,2,4,52,25547,36435,0,CAPACITY_EXCEEDED,INVALID
539,2,4,53,24832,36332,0,CAPACITY_EXCEEDED,INVALID
540,2,4,54,25698,36914,0,CAPACITY_EXCEEDED,INVALID
541,2,4,55,24694,35496,0,CAPACITY_EXCEEDED,INVALID
542,2,4,56,24903,35996,0,CAPACITY_EXCEEDED,INVALID
543,2,4,57,24741,36018,0,CAPACITY_EXCEEDED,INVALID
544,2,4,58,24460,35778,0,CAPACITY_EXCEEDED,INVALID
545,2,4,59,25477,36511,0,CAPACITY_EXCEEDED,INVALID
546,2,4,60,24528,35837,0,CAPACITY_EXCEEDED,INVALID
547,2,4,61,24743,36244,0,CAPACITY_EXCEEDED,INVALID
548,2,4,62,24434,35808,0,CAPACITY_EXCEEDED,INVALID
549,2,4,63,23970,35458,1,FEASIBLE,WORSE
550,2,4,64,25453,36472,0,CAPACITY_EXCEEDED,INVALID
551,2,4,65,25859,36973,0,CAPACITY_EXCEEDED,INVALID
552,2,4,66,24888,35810,0,CAPACITY_EXCEEDED,INVALID
553,2,4,67,25911,36567,0,CAPACITY_EXCEEDED,INVALID
554,2,4,68,25806,36686,0,CAPACITY_EXCEEDED,INVALID
555,2,4,69,24372,35422,0,CAPACITY_EXCEEDED,INVALID
556,2,4,70,24393,35419,0,CAPACITY_EXCEEDED,INVALID
557,2,4,71,25455,36539,0,CAPACITY_EXCEEDED,INVALID
558,2,4,72,24007,35711,1,FEASIBLE,WORSE
559,2,4,73,24851,35466,0,CAPACITY_EXCEEDED,INVALID
560,2,4,74,25560,36654,0,CAPACITY_EXCEEDED,INVALID
561,2,4,75,24374,35805,0,CAPACITY_EXCEEDED,INVALID
562,2,4,76,25218,36461,0,CAPACITY_EXCEEDED,INVALID
563,2,4,77,25642,36783,0,CAPACITY_EXCEEDED,INVALID
564,2,4,78,24196,35742,1,FEASIBLE,WORSE
565,2,4,79,24813,35826,0,CAPACITY_EXCEEDED,INVALID
566,2,4,80,24217,35642,1,FEASIBLE,WORSE
567,2,4,81,25371,36504,0,CAPACITY_EXCEEDED,INVALID
568,2,4,82,25408,36765,0,CAPACITY_EXCEEDED,INVALID
569,2,4,83,24280,35552,1,FEASIBLE,WORSE
570,2,4,84,24864,35832,0,CAPACITY_EXCEEDED,INVALID
571,2,4,85,24314,35965,0,CAPACITY_EXCEEDED,INVALID
572,2,4,86,24543,36014,0,CAPACITY_EXCEEDED,INVALID
573,2,4,87,24038,35430,1,FEASIBLE,WORSE
574,2,4,88,24685,35842,0,CAPACITY_EXCEEDED,INVALID
575,2,4,89,25741,36436,0,CAPACITY_EXCEEDED,INVALID
576,2,4,90,24187,35617,1,FEASIBLE,WORSE
577,2,4,91,25542,36746,0,CAPACITY_EXCEEDED,INVALID
578,2,4,92,25793,36851,0,CAPACITY_EXCEEDED,INVALID
579,2,4,93,24881,36203,0,CAPACITY_EXCEEDED,INVALID
580,2,4,94,25514,36862,0,CAPACITY_EXCEEDED,INVALID
581,2,4,95,25531,36742,0,CAPACITY_EXCEEDED,INVALID
582,2,4,96,25596,36506,0,CAPACITY_EXCEEDED,INVALID
583,2,4,97,24510,35787,0,CAPACITY_EXCEEDED,INVALID
584,2,4,98,24848,36313,0,CAPACITY_EXCEEDED,INVALID
585,2,4,99,24727,35632,0,CAPACITY_EXCEEDED,INVALID
586,2,5,6,23220,35008,1,FEASIBLE,WORSE
587,2,5,7,24384,35988,0,CAPACITY_EXCEEDED,INVALID
588,2,5,8,23727,35352,1,FEASIBLE,WORSE
589,2,5,9,24923,36524,0,CAPACITY_EXCEEDED,INVALID
590,2,5,10,24359,35948,0,CAPACITY_EXCEEDED,INVALID
591,2,5,11,23585,35527,1,FEASIBLE,WORSE
592,2,5,12,23098,35203,1,FEASIBLE,WORSE
593,2,5,13,23588,35454,1,FEASIBLE,WORSE
594,2,5,14,23290,35181,1,FEASIBLE,WORSE
595,2,5,15,23786,35749,1,FEASIBLE,WORSE
596,2,5,16,24802,36146,0,CAPACITY_EXCEEDED,INVALID
597,2,5,17,24217,36018,1,FEASIBLE,WORSE
598,2,5,18,23907,35400,1,FEASIBLE,WORSE
599,2,5,19,22982,34983,1,FEASIBLE,WORSE
600,2,5,20,23785,35316,1,FEASIBLE,WORSE
601,2,5,21,23011,35132,1,FEASIBLE,WORSE
602,2,5,22,24945,36291,0,CAPACITY_EXCEEDED,INVALID
603,2,5,23,23351,35160,1,FEASIBLE,WORSE
604,2,5,24,23946,35805,1,FEASIBLE,WORSE
605,2,5,25,23897,35615,1,FEASIBLE,WORSE
606,2,5,26,23749,35232,1,FEASIBLE,WORSE
607,2,5,27,23569,35181,1,FEASIBLE,WORSE
608,2,5,28,24570,36329,0,CAPACITY_EXCEEDED,INVALID
609,2,5,29,24925,35995,0,CAPACITY_EXCEEDED,INVALID
610,2,5,30,23603,35640,1,FEASIBLE,WORSE
611,2,5,31,23817,35697,1,FEASIBLE,WORSE
612,2,5,32,24520,36189,0,CAPACITY_EXCEEDED,INVALID
613,2,5,33,23820,35097,1,FEASIBLE,WORSE
614,2,5,34,23871,35707,1,FEASIBLE,WORSE
615,2,5,35,23402,35020,1,FEASIBLE,WORSE
616,2,5,36,23262,35027,1,FEASIBLE,WORSE
617,2,5,37,23892,35852,1,FEASIBLE,WORSE
618,2,5,38,23506,35528,1,FEASIBLE,WORSE
619,2,5,39,24662,36399,0,CAPACITY_EXCEEDED,INVALID
620,2,5,40,24723,35931,0,CAPACITY_EXCEEDED,INVALID
621,2,5,41,23574,35482,1,FEASIBLE,WORSE
622,2,5,42,23070,35000,1,FEASIBLE,WORSE
623,2,5,43,24128,36020,1,FEASIBLE,WORSE
624,2,5,44,23242,35310,1,FEASIBLE,WORSE
625,2,5,45,24730,36029,0,CAPACITY_EXCEEDED,INVALID
626,2,5,46,24839,36486,0,CAPACITY_EXCEEDED,INVALID
627,2,5,47,23463,35011,1,FEASIBLE,WORSE
628,2,5,48,23858,35703,1,FEASIBLE,WORSE
629,2,5,49,23909,35898,1,FEASIBLE,WORSE
630,2,5,50,24487,35991,0,CAPACITY_EXCEEDED,INVALID
631,2,5,51,23784,35367,1,FEASIBLE,WORSE
632,2,5,52,24588,35925,0,CAPACITY_EXCEEDED,INVALID
633,2,5,53,23873,35822,1,FEASIBLE,WORSE
634,2,5,54,24739,36404,0,CAPACITY_EXCEEDED,INVALID
635,2,5,55,23735,34986,1,FEASIBLE,WORSE
636,2,5,56,23944,35486,1,FEASIBLE,WORSE
637,2,5,57,23782,35508,1,FEASIBLE,WORSE
638,2,5,58,23501,35268,1,FEASIBLE,WORSE
639,2,5,59,24518,36001,0,CAPACITY_EXCEEDED,INVALID
640,2,5,60,23569,35327,1,FEASIBLE,WORSE
641,2,5,61,23784,35734,1,FEASIBLE,WORSE
642,2,5,62,23475,35298,1,FEASIBLE,WORSE
643,2,5,63,23011,34948,1,FEASIBLE,WORSE
644,2,5,64,24494,35962,0,CAPACITY_EXCEEDED,INVALID
645,2,5,65,24900,36463,0,CAPACITY_EXCEEDED,INVALID
646,2,5,66,23929,35300,1,FEASIBLE,WORSE
647,2,5,67,24952,36057,0,CAPACITY_EXCEEDED,INVALID
648,2,5,68,24847,36176,0,CAPACITY_EXCEEDED,INVALID
649,2,5,69,23413,34912,1,FEASIBLE,WORSE
650,2,5,70,23434,34909,1,FEASIBLE,WORSE
651,2,5,71,24496,36029,0,CAPACITY_EXCEEDED,INVALID
652,2,5,72,23048,35201,1,FEASIBLE,WORSE
653,2,5,73,23892,34956,1,FEASIBLE,WORSE
654,2,5,74,24601,36144,0,CAPACITY_EXCEEDED,INVALID
655,2,5,75,23415,35295,1,FEASIBLE,WORSE
656,2,5,76,24259,35951,1,FEASIBLE,WORSE
657,2,5,77,24683,36273,0,CAPACITY_EXCEEDED,INVALID
658,2,5,78,23237,35232,1,FEASIBLE,WORSE
659,2,5,79,23854,35316,1,FEASIBLE,WORSE
660,2,5,80,23258,35132,1,FEASIBLE,WORSE
661,2,5,81,24412,35994,0,CAPACITY_EXCEEDED,INVALID
662,2,5,82,24449,36255,0,CAPACITY_EXCEEDED,INVALID
663,2,5,83,23321,35042,1,FEASIBLE,WORSE
664,2,5,84,23905,35322,1,FEASIBLE,WORSE
665,2,5,85,23355,35455,1,FEASIBLE,WORSE
666,2,5,86,23584,35504,1,FEASIBLE,WORSE
667,2,5,87,23079,34920,1,FEASIBLE,WORSE
668,2,5,88,23726,35332,1,FEASIBLE,WORSE
669,2,5,89,24782,35926,0,CAPACITY_EXCEEDED,INVALID
670,2,5,90,23228,35107,1,FEASIBLE,WORSE
671,2,5,91,24583,36236,0,CAPACITY_EXCEEDED,INVALID
672,2,5,92,24834,36341,0,CAPACITY_EXCEEDED,INVALID
673,2,5,93,23922,35693,1,FEASIBLE,WORSE
674,2,5,94,24555,36352,0,CAPACITY_EXCEEDED,INVALID
675,2,5,95,24572,36232,0,CAPACITY_EXCEEDED,INVALID
676,2,5,96,24637,35996,0,CAPACITY_EXCEEDED,INVALID
677,2,5,97,23551,35277,1,FEASIBLE,WORSE
678,2,5,98,23889,35803,1,FEASIBLE,WORSE
679,2,5,99,23768,35122,1,FEASIBLE,WORSE
680,2,6,7,23895,35592,1,FEASIBLE,WORSE
681,2,6,8,23238,34956,1,FEASIBLE,WORSE
682,2,6,9,24434,36128,0,CAPACITY_EXCEEDED,INVALID
683,2,6,10,23870,35552,1,FEASIBLE,WORSE
684,2,6,11,23096,35131,1,FEASIBLE,WORSE
685,2,6,12,22609,34807,1,FEASIBLE,WORSE
686,2,6,13,23099,35058,1,FEASIBLE,WORSE
687,2,6,14,22801,34785,1,FEASIBLE,WORSE
688,2,6,15,23297,35353,1,FEASIBLE,WORSE
689,2,6,16,24313,35750,0,CAPACITY_EXCEEDED,INVALID
690,2,6,17,23728,35622,1,FEASIBLE,WORSE
691,2,6,18,23418,35004,1,FEASIBLE,WORSE
692,2,6,19,22493,34587,1,FEASIBLE,WORSE
693,2,6,20,23296,34920,1,FEASIBLE,WORSE
694,2,6,21,22522,34736,1,FEASIBLE,WORSE
695,2,6,22,24456,35895,0,CAPACITY_EXCEEDED,INVALID
696,2,6,23,22862,34764,1,FEASIBLE,WORSE
697,2,6,24,23457,35409,1,FEASIBLE,WORSE
698,2,6,25,23408,35219,1,FEASIBLE,WORSE
699,2,6,26,23260,34836,1,FEASIBLE,WORSE
700,2,6,27,23080,34785,1,FEASIBLE,WORSE
701,2,6,28,24081,35933,1,FEASIBLE,WORSE
702,2,6,29,24436,35599,0,CAPACITY_EXCEEDED,INVALID
703,2,6,30,23114,35244,1,FEASIBLE,WORSE
704,2,6,31,23328,35301,1,FEASIBLE,WORSE
705,2,6,32,24031,35793,1,FEASIBLE,WORSE
706,2,6,33,23331,34701,1,FEASIBLE,WORSE
707,2,6,34,23382,35311,1,FEASIBLE,WORSE
708,2,6,35,22913,34624,1,FEASIBLE,WORSE
709,2,6,36,22773,34631,1,FEASIBLE,WORSE
710,2,6,37,23403,35456,1,FEASIBLE,WORSE
711,2,6,38,23017,35132,1,FEASIBLE,WORSE
712,2,6,39,24173,36003,1,FEASIBLE,WORSE
713,2,6,40,24234,35535,1,FEASIBLE,WORSE
714,2,6,41,23085,35086,1,FEASIBLE,WORSE
715,2,6,42,22581,34604,1,FEASIBLE,WORSE
716,2,6,43,23639,35624,1,FEASIBLE,WORSE
717,2,6,44,22753,34914,1,FEASIBLE,WORSE
718,2,6,45,24241,35633,1,FEASIBLE,WORSE
719,2,6,46,24350,36090,0,CAPACITY_EXCEEDED,INVALID
720,2,6,47,22974,34615,1,FEASIBLE,WORSE
721,2,6,48,23369,35307,1,FEASIBLE,WORSE
722,2,6,49,23420,35502,1,FEASIBLE,WORSE
723,2,6,50,23998,35595,1,FEASIBLE,WORSE
724,2,6,51,23295,34971,1,FEASIBLE,WORSE
725,2,6,52,24099,35529,1,FEASIBLE,WORSE
726,2,6,53,23384,35426,1,FEASIBLE,WORSE
727,2,6,54,24250,36008,1,FEASIBLE,WORSE
728,2,6,55,23246,34590,1,FEASIBLE,WORSE
729,2,6,56,23455,35090,1,FEASIBLE,WORSE
730,2,6,57,23293,35112,1,FEASIBLE,WORSE
731,2,6,58,23012,34872,1,FEASIBLE,WORSE
732,2,6,59,24029,35605,1,FEASIBLE,WORSE
733,2,6,60,23080,34931,1,FEASIBLE,WORSE
734,2,6,61,23295,35338,1,FEASIBLE,WORSE
735,2,6,62,22986,34902,1,FEASIBLE,WORSE
736,2,6,63,22522,34552,1,FEASIBLE,WORSE
737,2,6,64,24005,35566,1,FEASIBLE,WORSE
738,2,6,65,24411,36067,0,CAPACITY_EXCEEDED,INVALID
739,2,6,66,23440,34904,1,FEASIBLE,WORSE
740,2,6,67,24463,35661,0,CAPACITY_EXCEEDED,INVALID
741,2,6,68,24358,35780,0,CAPACITY_EXCEEDED,INVALID
742,2,6,69,22924,34516,1,FEASIBLE,WORSE
743,2,6,70,22945,34513,1,FEASIBLE,WORSE
744,2,6,71,24007,35633,1,FEASIBLE,WORSE
745,2,6,72,22559,34805,1,FEASIBLE,WORSE
746,2,6,73,23403,34560,1,FEASIBLE,WORSE
747,2,6,74,24112,35748,1,FEASIBLE,WORSE
748,2,6,75,22926,34899,1,FEASIBLE,WORSE
749,2,6,76,23770,35555,1,FEASIBLE,WORSE
750,2,6,77,24194,35877,1,FEASIBLE,WORSE
751,2,6,78,22748,34836,1,FEASIBLE,WORSE
752,2,6,79,23365,34920,1,FEASIBLE,WORSE
753,2,6,80,22769,34736,1,FEASIBLE,WORSE
754,2,6,81,23923,35598,1,FEASIBLE,WORSE
755,2,6,82,23960,35859,1,FEASIBLE,WORSE
756,2,6,83,22832,34646,1,FEASIBLE,WORSE
757,2,6,84,23416,34926,1,FEASIBLE,WORSE
758,2,6,85,22866,35059,1,FEASIBLE,WORSE
759,2,6,86,23095,35108,1,FEASIBLE,WORSE
760,2,6,87,22590,34524,1,FEASIBLE,WORSE
761,2,6,88,23237,34936,1,FEASIBLE,WORSE
762,2,6,89,24293,35530,0,CAPACITY_EXCEEDED,INVALID
763,2,6,90,22739,34711,1,FEASIBLE,WORSE
764,2,6,91,24094,35840,1,FEASIBLE,WORSE
765,2,6,92,24345,35945,0,CAPACITY_EXCEEDED,INVALID
766,2,6,93,23433,35297,1,FEASIBLE,WORSE
767,2,6,94,24066,35956,1,FEASIBLE,WORSE
768,2,6,95,24083,35836,1,FEASIBLE,WORSE
769,2,6,96,24148,35600,1,FEASIBLE,WORSE
770,2,6,97,23062,34881,1,FEASIBLE,WORSE
771,2,6,98,23400,35407,1,FEASIBLE,WORSE
772,2,6,99,23279,34726,1,FEASIBLE,WORSE
773,2,7,8,24402,35936,0,CAPACITY_EXCEEDED,INVALID
774,2,7,9,25598,37108,0,CAPACITY_EXCEEDED,INVALID
775,2,7,10,25034,36532,0,CAPACITY_EXCEEDED,INVALID
776,2,7,11,24260,36111,1,FEASIBLE,WORSE
777,2,7,12,23773,35787,1,FEASIBLE,WORSE
778,2,7,13,24263,36038,1,FEASIBLE,WORSE
779,2,7,14,23965,35765,1,FEASIBLE,WORSE
780,2,7,15,24461,36333,0,CAPACITY_EXCEEDED,INVALID
781,2,7,16,25477,36730,0,CAPACITY_EXCEEDED,INVALID
782,2,7,17,24892,36602,0,CAPACITY_EXCEEDED,INVALID
783,2,7,18,24582,35984,0,CAPACITY_EXCEEDED,INVALID
784,2,7,19,23657,35567,1,FEASIBLE,WORSE
785,2,7,20,24460,35900,0,CAPACITY_EXCEEDED,INVALID
786,2,7,21,23686,35716,1,FEASIBLE,WORSE
787,2,7,22,25620,36875,0,CAPACITY_EXCEEDED,INVALID
788,2,7,23,24026,35744,1,FEASIBLE,WORSE
789,2,7,24,24621,36389,0,CAPACITY_EXCEEDED,INVALID
790,2,7,25,24572,36199,0,CAPACITY_EXCEEDED,INVALID
791,2,7,26,24424,35816,0,CAPACITY_EXCEEDED,INVALID
792,2,7,27,24244,35765,1,FEASIBLE,WORSE
793,2,7,28,25245,36913,0,CAPACITY_EXCEEDED,INVALID
794,2,7,29,25600,36579,0,CAPACITY_EXCEEDED,INVALID
795,2,7,30,24278,36224,1,FEASIBLE,WORSE
796,2,7,31,24492,36281,0,CAPACITY_EXCEEDED,INVALID
797,2,7,32,25195,36773,0,CAPACITY_EXCEEDED,INVALID
798,2,7,33,24495,35681,0,CAPACITY_EXCEEDED,INVALID
799,2,7,34,24546,36291,0,CAPACITY_EXCEEDED,INVALID
800,2,7,35,24077,35604,1,FEASIBLE,WORSE
801,2,7,36,23937,35611,1,FEASIBLE,WORSE
802,2,7,37,24567,36436,0,CAPACITY_EXCEEDED,INVALID
803,2,7,38,24181,36112,1,FEASIBLE,WORSE
804,2,7,39,25337,36983,0,CAPACITY_EXCEEDED,INVALID
805,2,7,40,25398,36515,0,CAPACITY_EXCEEDED,INVALID
806,2,7,41,24249,36066,1,FEASIBLE,WORSE
807,2,7,42,23745,35584,1,FEASIBLE,WORSE
808,2,7,43,24803,36604,0,CAPACITY_EXCEEDED,INVALID
809,2,7,44,23917,35894,1,FEASIBLE,WORSE
810,2,7,45,25405,36613,0,CAPACITY_EXCEEDED,INVALID
811,2,7,46,25514,37070,0,CAPACITY_EXCEEDED,INVALID
812,2,7,47,24138,35595,1,FEASIBLE,WORSE
813,2,7,48,24533,36287,0,CAPACITY_EXCEEDED,INVALID
814,2,7,49,24584,36482,0,CAPACITY_EXCEEDED,INVALID
815,2,7,50,25162,36575,0,CAPACITY_EXCEEDED,INVALID
816,2,7,51,24459,35951,0,CAPACITY_EXCEEDED,INVALID
817,2,7,52,25263,36509,0,CAPACITY_EXCEEDED,INVALID
818,2,7,53,24548,36406,0,CAPACITY_EXCEEDED,INVALID
819,2,7,54,25414,36988,0,CAPACITY_EXCEEDED,INVALID
820,2,7,55,24410,35570,0,CAPACITY_EXCEEDED,INVALID
821,2,7,56,24619,36070,0,CAPACITY_EXCEEDED,INVALID
822,2,7,57,24457,36092,0,CAPACITY_EXCEEDED,INVALID
823,2,7,58,24176,35852,1,FEASIBLE,WORSE
824,2,7,59,25193,36585,0,CAPACITY_EXCEEDED,INVALID
825,2,7,60,24244,35911,1,FEASIBLE,WORSE
826,2,7,61,24459,36318,0,CAPACITY_EXCEEDED,INVALID
827,2,7,62,24150,35882,1,FEASIBLE,WORSE
828,2,7,63,23686,35532,1,FEASIBLE,WORSE
829,2,7,64,25169,36546,0,CAPACITY_EXCEEDED,INVALID
830,2,7,65,25575,37047,0,CAPACITY_EXCEEDED,INVALID
831,2,7,66,24604,35884,0,CAPACITY_EXCEEDED,INVALID
832,2,7,67,25627,36641,0,CAPACITY_EXCEEDED,INVALID
833,2,7,68,25522,36760,0,CAPACITY_EXCEEDED,INVALID
834,2,7,69,24088,35496,1,FEASIBLE,WORSE
835,2,7,70,24109,35493,1,FEASIBLE,WORSE
836,2,7,71,25171,36613,0,CAPACITY_EXCEEDED,INVALID
837,2,7,72,23723,35785,1,FEASIBLE,WORSE
838,2,7,73,24567,35540,0,CAPACITY_EXCEEDED,INVALID
839,2,7,74,25276,36728,0,CAPACITY_EXCEEDED,INVALID
840,2,7,75,24090,35879,1,FEASIBLE,WORSE
841,2,7,76,24934,36535,0,CAPACITY_EXCEEDED,INVALID
842,2,7,77,25358,36857,0,CAPACITY_EXCEEDED,INVALID
843,2,7,78,23912,35816,1,FEASIBLE,WORSE
844,2,7,79,24529,35900,0,CAPACITY_EXCEEDED,INVALID
845,2,7,80,23933,35716,1,FEASIBLE,WORSE
846,2,7,81,25087,36578,0,CAPACITY_EXCEEDED,INVALID
847,2,7,82,25124,36839,0,CAPACITY_EXCEEDED,INVALID
848,2,7,83,23996,35626,1,FEASIBLE,WORSE
849,2,7,84,24580,35906,0,CAPACITY_EXCEEDED,INVALID
850,2,7,85,24030,36039,1,FEASIBLE,WORSE
851,2,7,86,24259,36088,1,FEASIBLE,WORSE
852,2,7,87,23754,35504,1,FEASIBLE,WORSE
853,2,7,88,24401,35916,0,CAPACITY_EXCEEDED,INVALID
854,2,7,89,25457,36510,0,CAPACITY_EXCEEDED,INVALID
855,2,7,90,23903,35691,1,FEASIBLE,WORSE
856,2,7,91,25258,36820,0,CAPACITY_EXCEEDED,INVALID
857,2,7,92,25509,36925,0,CAPACITY_EXCEEDED,INVALID
858,2,7,93,24597,36277,0,CAPACITY_EXCEEDED,INVALID
859,2,7,94,25230,36936,0,CAPACITY_EXCEEDED,INVALID
860,2,7,95,25247,36816,0,CAPACITY_EXCEEDED,INVALID
861,2,7,96,25312,36580,0,CAPACITY_EXCEEDED,INVALID
862,2,7,97,24226,35861,1,FEASIBLE,WORSE
863,2,7,98,24564,36387,0,CAPACITY_EXCEEDED,INVALID
864,2,7,99,24443,35706,0,CAPACITY_EXCEEDED,INVALID
865,2,8,9,24941,36472,0,CAPACITY_EXCEEDED,INVALID
866,2,8,10,24377,35896,0,CAPACITY_EXCEEDED,INVALID
867,2,8,11,23603,35475,1,FEASIBLE,WORSE
868,2,8,12,23116,35151,1,FEASIBLE,WORSE
869,2,8,13,23606,35402,1,FEASIBLE,WORSE
870,2,8,14,23308,35129,1,FEASIBLE,WORSE
871,2,8,15,23804,35697,1,FEASIBLE,WORSE
872,2,8,16,24820,36094,0,CAPACITY_EXCEEDED,INVALID
873,2,8,17,24235,35966,1,FEASIBLE,WORSE
874,2,8,18,23925,35348,1,FEASIBLE,WORSE
875,2,8,19,23000,34931,1,FEASIBLE,WORSE
876,2,8,20,23803,35264,1,FEASIBLE,WORSE
877,2,8,21,23029,35080,1,FEASIBLE,WORSE
878,2,8,22,24963,36239,0,CAPACITY_EXCEEDED,INVALID
879,2,8,23,23369,35108,1,FEASIBLE,WORSE
880,2,8,24,23964,35753,1,FEASIBLE,WORSE
881,2,8,25,23915,35563,1,FEASIBLE,WORSE
882,2,8,26,23767,35180,1,FEASIBLE,WORSE
883,2,8,27,23587,35129,1,FEASIBLE,WORSE
884,2,8,28,24588,36277,0,CAPACITY_EXCEEDED,INVALID
885,2,8,29,24943,35943,0,CAPACITY_EXCEEDED,INVALID
886,2,8,30,23621,35588,1,FEASIBLE,WORSE
887,2,8,31,23835,35645,1,FEASIBLE,WORSE
888,2,8,32,24538,36137,0,CAPACITY_EXCEEDED,INVALID
889,2,8,33,23838,35045,1,FEASIBLE,WORSE
890,2,8,34,23889,35655,1,FEASIBLE,WORSE
891,2,8,35,23420,34968,1,FEASIBLE,WORSE
892,2,8,36,23280,34975,1,FEASIBLE,WORSE
893,2,8,37,23910,35800,1,FEASIBLE,WORSE
894,2,8,38,23524,35476,1,FEASIBLE,WORSE
895,2,8,39,24680,36347,0,CAPACITY_EXCEEDED,INVALID
896,2,8,40,24741,35879,0,CAPACITY_EXCEEDED,INVALID
897,2,8,41,23592,35430,1,FEASIBLE,WORSE
898,2,8,42,23088,34948,1,FEASIBLE,WORSE
899,2,8,43,24146,35968,1,FEASIBLE,WORSE
900,2,8,44,23260,35258,1,FEASIBLE,WORSE
901,2,8,45,24748,35977,0,CAPACITY_EXCEEDED,INVALID
902,2,8,46,24857,36434,0,CAPACITY_EXCEEDED,INVALID
903,2,8,47,23481,34959,1,FEASIBLE,WORSE
904,2,8,48,23876,35651,1,FEASIBLE,WORSE
905,2,8,49,23927,35846,1,FEASIBLE,WORSE
906,2,8,50,24505,35939,0,CAPACITY_EXCEEDED,INVALID
907,2,8,51,23802,35315,1,FEASIBLE,WORSE
908,2,8,52,24606,35873,0,CAPACITY_EXCEEDED,INVALID
909,2,8,53,23891,35770,1,FEASIBLE,WORSE
910,2,8,54,24757,36352,0,CAPACITY_EXCEEDED,INVALID
911,2,8,55,23753,34934,1,FEASIBLE,WORSE
912,2,8,56,23962,35434,1,FEASIBLE,WORSE
913,2,8,57,23800,35456,1,FEASIBLE,WORSE
914,2,8,58,23519,35216,1,FEASIBLE,WORSE
915,2,8,59,24536,35949,0,CAPACITY_EXCEEDED,INVALID
916,2,8,60,23587,35275,1,FEASIBLE,WORSE
917,2,8,61,23802,35682,1,FEASIBLE,WORSE
918,2,8,62,23493,35246,1,FEASIBLE,WORSE
919,2,8,63,23029,34896,1,FEASIBLE,WORSE
920,2,8,64,24512,35910,0,CAPACITY_EXCEEDED,INVALID
921,2,8,65,24918,36411,0,CAPACITY_EXCEEDED,INVALID
922,2,8,66,23947,35248,1,FEASIBLE,WORSE
923,2,8,67,24970,36005,0,CAPACITY_EXCEEDED,INVALID
924,2,8,68,24865,36124,0,CAPACITY_EXCEEDED,INVALID
925,2,8,69,23431,34860,1,FEASIBLE,WORSE
926,2,8,70,23452,34857,1,FEASIBLE,WORSE
927,2,8,71,24514,35977,0,CAPACITY_EXCEEDED,INVALID
928,2,8,72,23066,35149,1,FEASIBLE,WORSE
929,2,8,73,23910,34904,1,FEASIBLE,WORSE
930,2,8,74,24619,36092,0,CAPACITY_EXCEEDED,INVALID
931,2,8,75,23433,35243,1,FEASIBLE,WORSE
932,2,8,76,24277,35899,1,FEASIBLE,WORSE
933,2,8,77,24701,36221,0,CAPACITY_EXCEEDED,INVALID
934,2,8,78,23255,35180,1,FEASIBLE,WORSE
935,2,8,79,23872,35264,1,FEASIBLE,WORSE
936,2,8,80,23276,35080,1,FEASIBLE,WORSE
937,2,8,81,24430,35942,0,CAPACITY_EXCEEDED,INVALID
938,2,8,82,24467,36203,0,CAPACITY_EXCEEDED,INVALID
939,2,8,83,23339,34990,1,FEASIBLE,WORSE
940,2,8,84,23923,35270,1,FEASIBLE,WORSE
941,2,8,85,23373,35403,1,FEASIBLE,WORSE
942,2,8,86,23602,35452,1,FEASIBLE,WORSE
943,2,8,87,23097,34868,1,FEASIBLE,WORSE
944,2,8,88,23744,35280,1,FEASIBLE,WORSE
945,2,8,89,24800,35874,0,CAPACITY_EXCEEDED,INVALID
946,2,8,90,23246,35055,1,FEASIBLE,WORSE
947,2,8,91,24601,36184,0,CAPACITY_EXCEEDED,INVALID
948,2,8,92,24852,36289,0,CAPACITY_EXCEEDED,INVALID
949,2,8,93,23940,35641,1,FEASIBLE,WORSE
950,2,8,94,24573,36300,0,CAPACITY_EXCEEDED,INVALID
951,2,8,95,24590,36180,0,CAPACITY_EXCEEDED,INVALID
952,2,8,96,24655,35944,0,CAPACITY_EXCEEDED,INVALID
953,2,8,97,23569,35225,1,FEASIBLE,WORSE
954,2,8,98,23907,35751,1,FEASIBLE,WORSE
955,2,8,99,23786,35070,1,FEASIBLE,WORSE
956,2,9,10,25573,37068,0,CAPACITY_EXCEEDED,INVALID
957,2,9,11,24799,36647,0,CAPACITY_EXCEEDED,INVALID
958,2,9,12,24312,36323,0,CAPACITY_EXCEEDED,INVALID
959,2,9,13,24802,36574,0,CAPACITY_EXCEEDED,INVALID
960,2,9,14,24504,36301,0,CAPACITY_EXCEEDED,INVALID
961,2,9,15,25000,36869,0,CAPACITY_EXCEEDED,INVALID
962,2,9,16,26016,37266,0,CAPACITY_EXCEEDED,INVALID
963,2,9,17,25431,37138,0,CAPACITY_EXCEEDED,INVALID
964,2,9,18,25121,36520,0,CAPACITY_EXCEEDED,INVALID
965,2,9,19,24196,36103,1,FEASIBLE,WORSE
966,2,9,20,24999,36436,0,CAPACITY_EXCEEDED,INVALID
967,2,9,21,24225,36252,1,FEASIBLE,WORSE
968,2,9,22,26159,37411,0,CAPACITY_EXCEEDED,INVALID
969,2,9,23,24565,36280,0,CAPACITY_EXCEEDED,INVALID
970,2,9,24,25160,36925,0,CAPACITY_EXCEEDED,INVALID
971,2,9,25,25111,36735,0,CAPACITY_EXCEEDED,INVALID
972,2,9,26,24963,36352,0,CAPACITY_EXCEEDED,INVALID
973,2,9,27,24783,36301,0,CAPACITY_EXCEEDED,INVALID
974,2,9,28,25784,37449,0,CAPACITY_EXCEEDED,INVALID
975,2,9,29,26139,37115,0,CAPACITY_EXCEEDED,INVALID
976,2,9,30,24817,36760,0,CAPACITY_EXCEEDED,INVALID
977,2,9,31,25031,36817,0,CAPACITY_EXCEEDED,INVALID
978,2,9,32,25734,37309,0,CAPACITY_EXCEEDED,INVALID
979,2,9,33,25034,36217,0,CAPACITY_EXCEEDED,INVALID
980,2,9,34,25085,36827,0,CAPACITY_EXCEEDED,INVALID
981,2,9,35,24616,36140,0,CAPACITY_EXCEEDED,INVALID
982,2,9,36,24476,36147,0,CAPACITY_EXCEEDED,INVALID
983,2,9,37,25106,36972,0,CAPACITY_EXCEEDED,INVALID
984,2,9,38,24720,36648,0,CAPACITY_EXCEEDED,INVALID
985,2,9,39,25876,37519,0,CAPACITY_EXCEEDED,INVALID
986,2,9,40,25937,37051,0,CAPACITY_EXCEEDED,INVALID
987,2,9,41,24788,36602,0,CAPACITY_EXCEEDED,INVALID
988,2,9,42,24284,36120,0,CAPACITY_EXCEEDED,INVALID
989,2,9,43,25342,37140,0,CAPACITY_EXCEEDED,INVALID
990,2,9,44,24456,36430,0,CAPACITY_EXCEEDED,INVALID
991,2,9,45,25944,37149,0,CAPACITY_EXCEEDED,INVALID
992,2,9,46,26053,37606,0,CAPACITY_EXCEEDED,INVALID
993,2,9,47,24677,36131,0,CAPACITY_EXCEEDED,INVALID
994,2,9,48,25072,36823,0,CAPACITY_EXCEEDED,INVALID
995,2,9,49,25123,37018,0,CAPACITY_EXCEEDED,INVALID
996,2,9,50,25701,37111,0,CAPACITY_EXCEEDED,INVALID
997,2,9,51,24998,36487,0,CAPACITY_EXCEEDED,INVALID
998,2,9,52,25802,37045,0,CAPACITY_EXCEEDED,INVALID
999,2,9,53,25087,36942,0,CAPACITY_EXCEEDED,INVALID
1000,2,9,54,25953,37524,0,CAPACITY_EXCEEDED,INVALID
1001,2,9,55,24949,36106,0,CAPACITY_EXCEEDED,INVALID
1002,2,9,56,25158,36606,0,CAPACITY_EXCEEDED,INVALID
1003,2,9,57,24996,36628,0,CAPACITY_EXCEEDED,INVALID
1004,2,9,58,24715,36388,0,CAPACITY_EXCEEDED,INVALID
1005,2,9,59,25732,37121,0,CAPACITY_EXCEEDED,INVALID
1006,2,9,60,24783,36447,0,CAPACITY_EXCEEDED,INVALID
1007,2,9,61,24998,36854,0,CAPACITY_EXCEEDED,INVALID
1008,2,9,62,24689,36418,0,CAPACITY_EXCEEDED,INVALID
1009,2,9,63,24225,36068,1,FEASIBLE,WORSE
1010,2,9,64,25708,37082,0,CAPACITY_EXCEEDED,INVALID
1011,2,9,65,26114,37583,0,CAPACITY_EXCEEDED,INVALID
1012,2,9,66,25143,36420,0,CAPACITY_EXCEEDED,INVALID
1013,2,9,67,26166,37177,0,CAPACITY_EXCEEDED,INVALID
1014,2,9,68,26061,37296,0,CAPACITY_EXCEEDED,INVALID
1015,2,9,69,24627,36032,0,CAPACITY_EXCEEDED,INVALID
1016,2,9,70,24648,36029,0,CAPACITY_EXCEEDED,INVALID
1017,2,9,71,25710,37149,0,CAPACITY_EXCEEDED,INVALID
1018,2,9,72,24262,36321,1,FEASIBLE,WORSE
1019,2,9,73,25106,36076,0,CAPACITY_EXCEEDED,INVALID
1020,2,9,74,25815,37264,0,CAPACITY_EXCEEDED,INVALID
1021,2,9,75,24629,36415,0,CAPACITY_EXCEEDED,INVALID
1022,2,9,76,25473,37071,0,CAPACITY_EXCEEDED,INVALID
1023,2,9,77,25897,37393,0,CAPACITY_EXCEEDED,INVALID
1024,2,9,78,24451,36352,0,CAPACITY_EXCEEDED,INVALID
1025,2,9,79,25068,36436,0,CAPACITY_EXCEEDED,INVALID
1026,2,9,80,24472,36252,0,CAPACITY_EXCEEDED,INVALID
1027,2,9,81,25626,37114,0,CAPACITY_EXCEEDED,INVALID
1028,2,9,82,25663,37375,0,CAPACITY_EXCEEDED,INVALID
1029,2,9,83,24535,36162,0,CAPACITY_EXCEEDED,INVALID
1030,2,9,84,25119,36442,0,CAPACITY_EXCEEDED,INVALID
1031,2,9,85,24569,36575,0,CAPACITY_EXCEEDED,INVALID
1032,2,9,86,24798,36624,0,CAPACITY_EXCEEDED,INVALID
1033,2,9,87,24293,36040,0,CAPACITY_EXCEEDED,INVALID
1034,2,9,88,24940,36452,0,CAPACITY_EXCEEDED,INVALID
1035,2,9,89,25996,37046,0,CAPACITY_EXCEEDED,INVALID
1036,2,9,90,24442,36227,0,CAPACITY_EXCEEDED,INVALID
1037,2,9,91,25797,37356,0,CAPACITY_EXCEEDED,INVALID
1038,2,9,92,26048,37461,0,CAPACITY_EXCEEDED,INVALID
1039,2,9,93,25136,36813,0,CAPACITY_EXCEEDED,INVALID
1040,2,9,94,25769,37472,0,CAPACITY_EXCEEDED,INVALID
1041,2,9,95,25786,37352,0,CAPACITY_EXCEEDED,INVALID
1042,2,9,96,25851,37116,0,CAPACITY_EXCEEDED,INVALID
1043,2,9,97,24765,36397,0,CAPACITY_EXCEEDED,INVALID
1044,2,9,98,25103,36923,0,CAPACITY_EXCEEDED,INVALID
1045,2,9,99,24982,36242,0,CAPACITY_EXCEEDED,INVALID
1046,2,10,11,24235,36071,1,FEASIBLE,WORSE
1047,2,10,12,23748,35747,1,FEASIBLE,WORSE
1048,2,10,13,24238,35998,1,FEASIBLE,WORSE
1049,2,10,14,23940,35725,1,FEASIBLE,WORSE
1050,2,10,15,24436,36293,0,CAPACITY_EXCEEDED,INVALID
1051,2,10,16,25452,36690,0,CAPACITY_EXCEEDED,INVALID
1052,2,10,17,24867,36562,0,CAPACITY_EXCEEDED,INVALID
1053,2,10,18,24557,35944,0,CAPACITY_EXCEEDED,INVALID
1054,2,10,19,23632,35527,1,FEASIBLE,WORSE
1055,2,10,20,24435,35860,0,CAPACITY_EXCEEDED,INVALID
1056,2,10,21,23661,35676,1,FEASIBLE,WORSE
1057,2,10,22,25595,36835,0,CAPACITY_EXCEEDED,INVALID
1058,2,10,23,24001,35704,1,FEASIBLE,WORSE
1059,2,10,24,24596,36349,0,CAPACITY_EXCEEDED,INVALID
1060,2,10,25,24547,36159,0,CAPACITY_EXCEEDED,INVALID
1061,2,10,26,24399,35776,0,CAPACITY_EXCEEDED,INVALID
1062,2,10,27,24219,35725,1,FEASIBLE,WORSE
1063,2,10,28,25220,36873,0,CAPACITY_EXCEEDED,INVALID
1064,2,10,29,25575,36539,0,CAPACITY_EXCEEDED,INVALID
1065,2,10,30,24253,36184,1,FEASIBLE,WORSE
1066,2,10,31,24467,36241,0,CAPACITY_EXCEEDED,INVALID
1067,2,10,32,25170,36733,0,CAPACITY_EXCEEDED,INVALID
1068,2,10,33,24470,35641,0,CAPACITY_EXCEEDED,INVALID
1069,2,10,34,24521,36251,0,CAPACITY_EXCEEDED,INVALID
1070,2,10,35,24052,35564,1,FEASIBLE,WORSE
1071,2,10,36,23912,35571,1,FEASIBLE,WORSE
1072,2,10,37,24542,36396,0,CAPACITY_EXCEEDED,INVALID
1073,2,10,38,24156,36072,1,FEASIBLE,WORSE
1074,2,10,39,25312,36943,0,CAPACITY_EXCEEDED,INVALID
1075,2,10,40,25373,36475,0,CAPACITY_EXCEEDED,INVALID
1076,2,10,41,24224,36026,1,FEASIBLE,WORSE
1077,2,10,42,23720,35544,1,FEASIBLE,WORSE
1078,2,10,43,24778,36564,0,CAPACITY_EXCEEDED,INVALID
1079,2,10,44,23892,35854,1,FEASIBLE,WORSE
1080,2,10,45,25380,36573,0,CAPACITY_EXCEEDED,INVALID
1081,2,10,46,25489,37030,0,CAPACITY_EXCEEDED,INVALID
1082,2,10,47,24113,35555,1,FEASIBLE,WORSE
1083,2,10,48,24508,36247,0,CAPACITY_EXCEEDED,INVALID
1084,2,10,49,24559,36442,0,CAPACITY_EXCEEDED,INVALID
1085,2,10,50,25137,36535,0,CAPACITY_EXCEEDED,INVALID
1086,2,10,51,24434,35911,0,CAPACITY_EXCEEDED,INVALID
1087,2,10,52,25238,36469,0,CAPACITY_EXCEEDED,INVALID
1088,2,10,53,24523,36366,0,CAPACITY_EXCEEDED,INVALID
1089,2,10,54,25389,36948,0,CAPACITY_EXCEEDED,INVALID
1090,2,10,55,24385,35530,0,CAPACITY_EXCEEDED,INVALID
1091,2,10,56,24594,36030,0,CAPACITY_EXCEEDED,INVALID
1092,2,10,57,24432,36052,0,CAPACITY_EXCEEDED,INVALID
1093,2,10,58,24151,35812,1,FEASIBLE,WORSE
1094,2,10,59,25168,36545,0,CAPACITY_EXCEEDED,INVALID
1095,2,10,60,24219,35871,1,FEASIBLE,WORSE
1096,2,10,61,24434,36278,0,CAPACITY_EXCEEDED,INVALID
1097,2,10,62,24125,35842,1,FEASIBLE,WORSE
1098,2,10,63,23661,35492,1,FEASIBLE,WORSE
1099,2,10,64,25144,36506,0,CAPACITY_EXCEEDED,INVALID
1100,2,10,65,25550,37007,0,CAPACITY_EXCEEDED,INVALID
1101,2,10,66,24579,35844,0,CAPACITY_EXCEEDED,INVALID
1102,2,10,67,25602,36601,0,CAPACITY_EXCEEDED,INVALID
1103,2,10,68,25497,36720,0,CAPACITY_EXCEEDED,INVALID
1104,2,10,69,24063,35456,1,FEASIBLE,WORSE
1105,2,10,70,24084,35453,1,FEASIBLE,WORSE
1106,2,10,71,25146,36573,0,CAPACITY_EXCEEDED,INVALID
1107,2,10,72,23698,35745,1,FEASIBLE,WORSE
1108,2,10,73,24542,35500,0,CAPACITY_EXCEEDED,INVALID
1109,2,10,74,25251,36688,0,CAPACITY_EXCEEDED,INVALID
1110,2,10,75,24065,35839,1,FEASIBLE,WORSE
1111,2,10,76,24909,36495,0,CAPACITY_EXCEEDED,INVALID
1112,2,10,77,25333,36817,0,CAPACITY_EXCEEDED,INVALID
1113,2,10,78,23887,35776,1,FEASIBLE,WORSE
1114,2,10,79,24504,35860,0,CAPACITY_EXCEEDED,INVALID
1115,2,10,80,23908,35676,1,FEASIBLE,WORSE
1116,2,10,81,25062,36538,0,CAPACITY_EXCEEDED,INVALID
1117,2,10,82,25099,36799,0,CAPACITY_EXCEEDED,INVALID
1118,2,10,83,23971,35586,1,FEASIBLE,WORSE
1119,2,10,84,24555,35866,0,CAPACITY_EXCEEDED,INVALID
1120,2,10,85,24005,35999,1,FEASIBLE,WORSE
1121,2,10,86,24234,36048,1,FEASIBLE,WORSE
1122,2,10,87,23729,35464,1,FEASIBLE,WORSE
1123,2,10,88,24376,35876,0,CAPACITY_EXCEEDED,INVALID
1124,2,10,89,25432,36470,0,CAPACITY_EXCEEDED,INVALID
1125,2,10,90,23878,35651,1,FEASIBLE,WORSE
1126,2,10,91,25233,36780,0,CAPACITY_EXCEEDED,INVALID
1127,2,10,92,25484,36885,0,CAPACITY_EXCEEDED,INVALID
1128,2,10,93,24572,36237,0,CAPACITY_EXCEEDED,INVALID
1129,2,10,94,25205,36896,0,CAPACITY_EXCEEDED,INVALID
1130,2,10,95,25222,36776,0,CAPACITY_EXCEEDED,INVALID
1131,2,10,96,25287,36540,0,CAPACITY_EXCEEDED,INVALID
1132,2,10,97,24201,35821,1,FEASIBLE,WORSE
1133,2,10,98,24539,36347,0,CAPACITY_EXCEEDED,INVALID
1134,2,10,99,24418,35666,0,CAPACITY_EXCEEDED,INVALID
1135,2,11,12,22974,35326,1,FEASIBLE,WORSE
1136,2,11,13,23464,35577,1,FEASIBLE,WORSE
1137,2,11,14,23166,35304,1,FEASIBLE,WORSE
1138,2,11,15,23662,35872,1,FEASIBLE,WORSE
1139,2,11,16,24678,36269,0,CAPACITY_EXCEEDED,INVALID
1140,2,11,17,24093,36141,1,FEASIBLE,WORSE
1141,2,11,18,23783,35523,1,FEASIBLE,WORSE
1142,2,11,19,22858,35106,1,FEASIBLE,WORSE
1143,2,11,20,23661,35439,1,FEASIBLE,WORSE
1144,2,11,21,22887,35255,1,FEASIBLE,WORSE
1145,2,11,22,24821,36414,0,CAPACITY_EXCEEDED,INVALID
1146,2,11,23,23227,35283,1,FEASIBLE,WORSE
1147,2,11,24,23822,35928,1,FEASIBLE,WORSE
1148,2,11,25,23773,35738,1,FEASIBLE,WORSE
1149,2,11,26,23625,35355,1,FEASIBLE,WORSE
1150,2,11,27,23445,35304,1,FEASIBLE,WORSE
1151,2,11,28,24446,36452,0,CAPACITY_EXCEEDED,INVALID
1152,2,11,29,24801,36118,0,CAPACITY_EXCEEDED,INVALID
1153,2,11,30,23479,35763,1,FEASIBLE,WORSE
1154,2,11,31,23693,35820,1,FEASIBLE,WORSE
1155,2,11,32,24396,36312,0,CAPACITY_EXCEEDED,INVALID
1156,2,11,33,23696,35220,1,FEASIBLE,WORSE
1157,2,11,34,23747,35830,1,FEASIBLE,WORSE
1158,2,11,35,23278,35143,1,FEASIBLE,WORSE
1159,2,11,36,23138,35150,1,FEASIBLE,WORSE
1160,2,11,37,23768,35975,1,FEASIBLE,WORSE
1161,2,11,38,23382,35651,1,FEASIBLE,WORSE
1162,2,11,39,24538,36522,0,CAPACITY_EXCEEDED,INVALID
1163,2,11,40,24599,36054,0,CAPACITY_EXCEEDED,INVALID
1164,2,11,41,23450,35605,1,FEASIBLE,WORSE
1165,2,11,42,22946,35123,1,FEASIBLE,WORSE
1166,2,11,43,24004,36143,1,FEASIBLE,WORSE
1167,2,11,44,23118,35433,1,FEASIBLE,WORSE
1168,2,11,45,24606,36152,0,CAPACITY_EXCEEDED,INVALID
1169,2,11,46,24715,36609,0,CAPACITY_EXCEEDED,INVALID
1170,2,11,47,23339,35134,1,FEASIBLE,WORSE
1171,2,11,48,23734,35826,1,FEASIBLE,WORSE
1172,2,11,49,23785,36021,1,FEASIBLE,WORSE
1173,2,11,50,24363,36114,0,CAPACITY_EXCEEDED,INVALID
1174,2,11,51,23660,35490,1,FEASIBLE,WORSE
1175,2,11,52,24464,36048,0,CAPACITY_EXCEEDED,INVALID
1176,2,11,53,23749,35945,1,FEASIBLE,WORSE
1177,2,11,54,24615,36527,0,CAPACITY_EXCEEDED,INVALID
1178,2,11,55,23611,35109,1,FEASIBLE,WORSE
1179,2,11,56,23820,35609,1,FEASIBLE,WORSE
1180,2,11,57,23658,35631,1,FEASIBLE,WORSE
1181,2,11,58,23377,35391,1,FEASIBLE,WORSE
1182,2,11,59,24394,36124,0,CAPACITY_EXCEEDED,INVALID
1183,2,11,60,23445,35450,1,FEASIBLE,WORSE
1184,2,11,61,23660,35857,1,FEASIBLE,WORSE
1185,2,11,62,23351,35421,1,FEASIBLE,WORSE
1186,2,11,63,22887,35071,1,FEASIBLE,WORSE
1187,2,11,64,24370,36085,0,CAPACITY_EXCEEDED,INVALID
1188,2,11,65,24776,36586,0,CAPACITY_EXCEEDED,INVALID
1189,2,11,66,23805,35423,1,FEASIBLE,WORSE
1190,2,11,67,24828,36180,0,CAPACITY_EXCEEDED,INVALID
1191,2,11,68,24723,36299,0,CAPACITY_EXCEEDED,INVALID
1192,2,11,69,23289,35035,1,FEASIBLE,WORSE
1193,2,11,70,23310,35032,1,FEASIBLE,WORSE
1194,2,11,71,24372,36152,0,CAPACITY_EXCEEDED,INVALID
1195,2,11,72,22924,35324,1,FEASIBLE,WORSE
1196,2,11,73,23768,35079,1,FEASIBLE,WORSE
1197,2,11,74,24477,36267,0,CAPACITY_EXCEEDED,INVALID
1198,2,11,75,23291,35418,1,FEASIBLE,WORSE
1199,2,11,76,24135,36074,1,FEASIBLE,WORSE
1200,2,11,77,24559,36396,0,CAPACITY_EXCEEDED,INVALID
1201,2,11,78,23113,35355,1,FEASIBLE,WORSE
1202,2,11,79,23730,35439,1,FEASIBLE,WORSE
1203,2,11,80,23134,35255,1,FEASIBLE,WORSE
1204,2,11,81,24288,36117,0,CAPACITY_EXCEEDED,INVALID
1205,2,11,82,24325,36378,0,CAPACITY_EXCEEDED,INVALID
1206,2,11,83,23197,35165,1,FEASIBLE,WORSE
1207,2,11,84,23781,35445,1,FEASIBLE,WORSE
1208,2,11,85,23231,35578,1,FEASIBLE,WORSE
1209,2,11,86,23460,35627,1,FEASIBLE,WORSE
1210,2,11,87,22955,35043,1,FEASIBLE,WORSE
1211,2,11,88,23602,35455,1,FEASIBLE,WORSE
1212,2,11,89,24658,36049,0,CAPACITY_EXCEEDED,INVALID
1213,2,11,90,23104,35230,1,FEASIBLE,WORSE
1214,2,11,91,24459,36359,0,CAPACITY_EXCEEDED,INVALID
1215,2,11,92,24710,36464,0,CAPACITY_EXCEEDED,INVALID
1216,2,11,93,23798,35816,1,FEASIBLE,WORSE
1217,2,11,94,24431,36475,0,CAPACITY_EXCEEDED,INVALID
1218,2,11,95,24448,36355,0,CAPACITY_EXCEEDED,INVALID
1219,2,11,96,24513,36119,0,CAPACITY_EXCEEDED,INVALID
1220,2,11,97,23427,35400,1,FEASIBLE,WORSE
1221,2,11,98,23765,35926,1,FEASIBLE,WORSE
1222,2,11,99,23644,35245,1,FEASIBLE,WORSE
1223,2,12,13,22977,35253,1,FEASIBLE,WORSE
1224,2,12,14,22679,34980,1,FEASIBLE,WORSE
1225,2,12,15,23175,35548,1,FEASIBLE,WORSE
1226,2,12,16,24191,35945,1,FEASIBLE,WORSE
1227,2,12,17,23606,35817,1,FEASIBLE,WORSE
1228,2,12,18,23296,35199,1,FEASIBLE,WORSE
1229,2,12,19,22371,34782,1,FEASIBLE,WORSE
1230,2,12,20,23174,35115,1,FEASIBLE,WORSE
1231,2,12,21,22400,34931,1,FEASIBLE,WORSE
1232,2,12,22,24334,36090,0,CAPACITY_EXCEEDED,INVALID
1233,2,12,23,22740,34959,1,FEASIBLE,WORSE
1234,2,12,24,23335,35604,1,FEASIBLE,WORSE
1235,2,12,25,23286,35414,1,FEASIBLE,WORSE
1236,2,12,26,23138,35031,1,FEASIBLE,WORSE
1237,2,12,27,22958,34980,1,FEASIBLE,WORSE
1238,2,12,28,23959,36128,1,FEASIBLE,WORSE
1239,2,12,29,24314,35794,0,CAPACITY_EXCEEDED,INVALID
1240,2,12,30,22992,35439,1,FEASIBLE,WORSE
1241,2,12,31,23206,35496,1,FEASIBLE,WORSE
1242,2,12,32,23909,35988,1,FEASIBLE,WORSE
1243,2,12,33,23209,34896,1,FEASIBLE,WORSE
1244,2,12,34,23260,35506,1,FEASIBLE,WORSE
1245,2,12,35,22791,34819,1,FEASIBLE,WORSE
1246,2,12,36,22651,34826,1,FEASIBLE,WORSE
1247,2,12,37,23281,35651,1,FEASIBLE,WORSE
1248,2,12,38,22895,35327,1,FEASIBLE,WORSE
1249,2,12,39,24051,36198,1,FEASIBLE,WORSE
1250,2,12,40,24112,35730,1,FEASIBLE,WORSE
1251,2,12,41,22963,35281,1,FEASIBLE,WORSE
1252,2,12,42,22459,34799,1,FEASIBLE,WORSE
1253,2,12,43,23517,35819,1,FEASIBLE,WORSE
1254,2,12,44,22631,35109,1,FEASIBLE,WORSE
1255,2,12,45,24119,35828,1,FEASIBLE,WORSE
1256,2,12,46,24228,36285,1,FEASIBLE,WORSE
1257,2,12,47,22852,34810,1,FEASIBLE,WORSE
1258,2,12,48,23247,35502,1,FEASIBLE,WORSE
1259,2,12,49,23298,35697,1,FEASIBLE,WORSE
1260,2,12,50,23876,35790,1,FEASIBLE,WORSE
1261,2,12,51,23173,35166,1,FEASIBLE,WORSE
1262,2,12,52,23977,35724,1,FEASIBLE,WORSE
1263,2,12,53,23262,35621,1,FEASIBLE,WORSE
1264,2,12,54,24128,36203,1,FEASIBLE,WORSE
1265,2,12,55,23124,34785,1,FEASIBLE,WORSE
1266,2,12,56,23333,35285,1,FEASIBLE,WORSE
1267,2,12,57,23171,35307,1,FEASIBLE,WORSE
1268,2,12,58,22890,35067,1,FEASIBLE,WORSE
1269,2,12,59,23907,35800,1,FEASIBLE,WORSE
1270,2,12,60,22958,35126,1,FEASIBLE,WORSE
1271,2,12,61,23173,35533,1,FEASIBLE,WORSE
1272,2,12,62,22864,35097,1,FEASIBLE,WORSE
1273,2,12,63,22400,34747,1,FEASIBLE,WORSE
1274,2,12,64,23883,35761,1,FEASIBLE,WORSE
1275,2,12,65,24289,36262,0,CAPACITY_EXCEEDED,INVALID
1276,2,12,66,23318,35099,1,FEASIBLE,WORSE
1277,2,12,67,24341,35856,0,CAPACITY_EXCEEDED,INVALID
1278,2,12,68,24236,35975,1,FEASIBLE,WORSE
1279,2,12,69,22802,34711,1,FEASIBLE,WORSE
1280,2,12,70,22823,34708,1,FEASIBLE,WORSE
1281,2,12,71,23885,35828,1,FEASIBLE,WORSE
1282,2,12,72,22437,35000,1,FEASIBLE,WORSE
1283,2,12,73,23281,34755,1,FEASIBLE,WORSE
1284,2,12,74,23990,35943,1,FEASIBLE,WORSE
1285,2,12,75,22804,35094,1,FEASIBLE,WORSE
1286,2,12,76,23648,35750,1,FEASIBLE,WORSE
1287,2,12,77,24072,36072,1,FEASIBLE,WORSE
1288,2,12,78,22626,35031,1,FEASIBLE,WORSE
1289,2,12,79,23243,35115,1,FEASIBLE,WORSE
1290,2,12,80,22647,34931,1,FEASIBLE,WORSE
1291,2,12,81,23801,35793,1,FEASIBLE,WORSE
1292,2,12,82,23838,36054,1,FEASIBLE,WORSE
1293,2,12,83,22710,34841,1,FEASIBLE,WORSE
1294,2,12,84,23294,35121,1,FEASIBLE,WORSE
1295,2,12,85,22744,35254,1,FEASIBLE,WORSE
1296,2,12,86,22973,35303,1,FEASIBLE,WORSE
1297,2,12,87,22468,34719,1,FEASIBLE,WORSE
1298,2,12,88,23115,35131,1,FEASIBLE,WORSE
1299,2,12,89,24171,35725,1,FEASIBLE,WORSE
1300,2,12,90,22617,34906,1,FEASIBLE,WORSE
1301,2,12,91,23972,36035,1,FEASIBLE,WORSE
1302,2,12,92,24223,36140,1,FEASIBLE,WORSE
1303,2,12,93,23311,35492,1,FEASIBLE,WORSE
1304,2,12,94,23944,36151,1,FEASIBLE,WORSE
1305,2,12,95,23961,36031,1,FEASIBLE,WORSE
1306,2,12,96,24026,35795,1,FEASIBLE,WORSE
1307,2,12,97,22940,35076,1,FEASIBLE,WORSE
1308,2,12,98,23278,35602,1,FEASIBLE,WORSE
1309,2,12,99,23157,34921,1,FEASIBLE,WORSE
1310,2,13,14,23169,35231,1,FEASIBLE,WORSE
1311,2,13,15,23665,35799,1,FEASIBLE,WORSE
1312,2,13,16,24681,36196,0,CAPACITY_EXCEEDED,INVALID
1313,2,13,17,24096,36068,1,FEASIBLE,WORSE
1314,2,13,18,23786,35450,1,FEASIBLE,WORSE
1315,2,13,19,22861,35033,1,FEASIBLE,WORSE
1316,2,13,20,23664,35366,1,FEASIBLE,WORSE
1317,2,13,21,22890,35182,1,FEASIBLE,WORSE
1318,2,13,22,24824,36341,0,CAPACITY_EXCEEDED,INVALID
1319,2,13,23,23230,35210,1,FEASIBLE,WORSE
1320,2,13,24,23825,35855,1,FEASIBLE,WORSE
1321,2,13,25,23776,35665,1,FEASIBLE,WORSE
1322,2,13,26,23628,35282,1,FEASIBLE,WORSE
1323,2,13,27,23448,35231,1,FEASIBLE,WORSE
1324,2,13,28,24449,36379,0,CAPACITY_EXCEEDED,INVALID
1325,2,13,29,24804,36045,0,CAPACITY_EXCEEDED,INVALID
1326,2,13,30,23482,35690,1,FEASIBLE,WORSE
1327,2,13,31,23696,35747,1,FEASIBLE,WORSE
1328,2,13,32,24399,36239,0,CAPACITY_EXCEEDED,INVALID
1329,2,13,33,23699,35147,1,FEASIBLE,WORSE
1330,2,13,34,23750,35757,1,FEASIBLE,WORSE
1331,2,13,35,23281,35070,1,FEASIBLE,WORSE
1332,2,13,36,23141,35077,1,FEASIBLE,WORSE
1333,2,13,37,23771,35902,1,FEASIBLE,WORSE
1334,2,13,38,23385,35578,1,FEASIBLE,WORSE
1335,2,13,39,24541,36449,0,CAPACITY_EXCEEDED,INVALID
1336,2,13,40,24602,35981,0,CAPACITY_EXCEEDED,INVALID
1337,2,13,41,23453,35532,1,FEASIBLE,WORSE
1338,2,13,42,22949,35050,1,FEASIBLE,WORSE
1339,2,13,43,24007,36070,1,FEASIBLE,WORSE
1340,2,13,44,23121,35360,1,FEASIBLE,WORSE
1341,2,13,45,24609,36079,0,CAPACITY_EXCEEDED,INVALID
1342,2,13,46,24718,36536,0,CAPACITY_EXCEEDED,INVALID
1343,2,13,47,23342,35061,1,FEASIBLE,WORSE
1344,2,13,48,23737,35753,1,FEASIBLE,WORSE
1345,2,13,49,23788,35948,1,FEASIBLE,WORSE
1346,2,13,50,24366,36041,0,CAPACITY_EXCEEDED,INVALID
1347,2,13,51,23663,35417,1,FEASIBLE,WORSE
1348,2,13,52,24467,35975,0,CAPACITY_EXCEEDED,INVALID
1349,2,13,53,23752,35872,1,FEASIBLE,WORSE
1350,2,13,54,24618,36454,0,CAPACITY_EXCEEDED,INVALID
1351,2,13,55,23614,35036,1,FEASIBLE,WORSE
1352,2,13,56,23823,35536,1,FEASIBLE,WORSE
1353,2,13,57,23661,35558,1,FEASIBLE,WORSE
1354,2,13,58,23380,35318,1,FEASIBLE,WORSE
1355,2,13,59,24397,36051,0,CAPACITY_EXCEEDED,INVALID
1356,2,13,60,23448,35377,1,FEASIBLE,WORSE
1357,2,13,61,23663,35784,1,FEASIBLE,WORSE
1358,2,13,62,23354,35348,1,FEASIBLE,WORSE
1359,2,13,63,22890,34998,1,FEASIBLE,WORSE
1360,2,13,64,24373,36012,0,CAPACITY_EXCEEDED,INVALID
1361,2,13,65,24779,36513,0,CAPACITY_EXCEEDED,INVALID
1362,2,13,66,23808,35350,1,FEASIBLE,WORSE
1363,2,13,67,24831,36107,0,CAPACITY_EXCEEDED,INVALID
1364,2,13,68,24726,36226,0,CAPACITY_EXCEEDED,INVALID
1365,2,13,69,23292,34962,1,FEASIBLE,WORSE
1366,2,13,70,23313,34959,1,FEASIBLE,WORSE
1367,2,13,71,24375,36079,0,CAPACITY_EXCEEDED,INVALID
1368,2,13,72,22927,35251,1,FEASIBLE,WORSE
1369,2,13,73,23771,35006,1,FEASIBLE,WORSE
1370,2,13,74,24480,36194,0,CAPACITY_EXCEEDED,INVALID
1371,2,13,75,23294,35345,1,FEASIBLE,WORSE
1372,2,13,76,24138,36001,1,FEASIBLE,WORSE
1373,2,13,77,24562,36323,0,CAPACITY_EXCEEDED,INVALID
1374,2,13,78,23116,35282,1,FEASIBLE,WORSE
1375,2,13,79,23733,35366,1,FEASIBLE,WORSE
1376,2,13,80,23137,35182,1,FEASIBLE,WORSE
1377,2,13,81,24291,36044,0,CAPACITY_EXCEEDED,INVALID
1378,2,13,82,24328,36305,0,CAPACITY_EXCEEDED,INVALID
1379,2,13,83,23200,35092,1,FEASIBLE,WORSE
1380,2,13,84,23784,35372,1,FEASIBLE,WORSE
1381,2,13,85,23234,35505,1,FEASIBLE,WORSE
1382,2,13,86,23463,35554,1,FEASIBLE,WORSE
1383,2,13,87,22958,34970,1,FEASIBLE,WORSE
1384,2,13,88,23605,35382,1,FEASIBLE,WORSE
1385,2,13,89,24661,35976,0,CAPACITY_EXCEEDED,INVALID
1386,2,13,90,23107,35157,1,FEASIBLE,WORSE
1387,2,13,91,24462,36286,0,CAPACITY_EXCEEDED,INVALID
1388,2,13,92,24713,36391,0,CAPACITY_EXCEEDED,INVALID
1389,2,13,93,23801,35743,1,FEASIBLE,WORSE
1390,2,13,94,24434,36402,0,CAPACITY_EXCEEDED,INVALID
1391,2,13,95,24451,36282,0,CAPACITY_EXCEEDED,INVALID
1392,2,13,96,24516,36046,0,CAPACITY_EXCEEDED,INVALID
1393,2,13,97,23430,35327,1,FEASIBLE,WORSE
1394,2,13,98,23768,35853,1,FEASIBLE,WORSE
1395,2,13,99,23647,35172,1,FEASIBLE,WORSE
1396,2,14,15,23367,35526,1,FEASIBLE,WORSE
1397,2,14,16,24383,35923,0,CAPACITY_EXCEEDED,INVALID
1398,2,14,17,23798,35795,1,FEASIBLE,WORSE
1399,2,14,18,23488,35177,1,FEASIBLE,WORSE
1400,2,14,19,22563,34760,1,FEASIBLE,WORSE
1401,2,14,20,23366,35093,1,FEASIBLE,WORSE
1402,2,14,21,22592,34909,1,FEASIBLE,WORSE
1403,2,14,22,24526,36068,0,CAPACITY_EXCEEDED,INVALID
1404,2,14,23,22932,34937,1,FEASIBLE,WORSE
1405,2,14,24,23527,35582,1,FEASIBLE,WORSE
1406,2,14,25,23478,35392,1,FEASIBLE,WORSE
1407,2,14,26,23330,35009,1,FEASIBLE,WORSE
1408,2,14,27,23150,34958,1,FEASIBLE,WORSE
1409,2,14,28,24151,36106,1,FEASIBLE,WORSE
1410,2,14,29,24506,35772,0,CAPACITY_EXCEEDED,INVALID
1411,2,14,30,23184,35417,1,FEASIBLE,WORSE
1412,2,14,31,23398,35474,1,FEASIBLE,WORSE
1413,2,14,32,24101,35966,1,FEASIBLE,WORSE
1414,2,14,33,23401,34874,1,FEASIBLE,WORSE
1415,2,14,34,23452,35484,1,FEASIBLE,WORSE
1416,2,14,35,22983,34797,1,FEASIBLE,WORSE
1417,2,14,36,22843,34804,1,FEASIBLE,WORSE
1418,2,14,37,23473,35629,1,FEASIBLE,WORSE
1419,2,14,38,23087,35305,1,FEASIBLE,WORSE
1420,2,14,39,24243,36176,1,FEASIBLE,WORSE
1421,2,14,40,24304,35708,0,CAPACITY_EXCEEDED,INVALID
1422,2,14,41,23155,35259,1,FEASIBLE,WORSE
1423,2,14,42,22651,34777,1,FEASIBLE,WORSE
1424,2,14,43,23709,35797,1,FEASIBLE,WORSE
1425,2,14,44,22823,35087,1,FEASIBLE,WORSE
1426,2,14,45,24311,35806,0,CAPACITY_EXCEEDED,INVALID
1427,2,14,46,24420,36263,0,CAPACITY_EXCEEDED,INVALID
1428,2,14,47,23044,34788,1,FEASIBLE,WORSE
1429,2,14,48,23439,35480,1,FEASIBLE,WORSE
1430,2,14,49,23490,35675,1,FEASIBLE,WORSE
1431,2,14,50,24068,35768,1,FEASIBLE,WORSE
1432,2,14,51,23365,35144,1,FEASIBLE,WORSE
1433,2,14,52,24169,35702,1,FEASIBLE,WORSE
1434,2,14,53,23454,35599,1,FEASIBLE,WORSE
1435,2,14,54,24320,36181,0,CAPACITY_EXCEEDED,INVALID
1436,2,14,55,23316,34763,1,FEASIBLE,WORSE
1437,2,14,56,23525,35263,1,FEASIBLE,WORSE
1438,2,14,57,23363,35285,1,FEASIBLE,WORSE
1439,2,14,58,23082,35045,1,FEASIBLE,WORSE
1440,2,14,59,24099,35778,1,FEASIBLE,WORSE
1441,2,14,60,23150,35104,1,FEASIBLE,WORSE
1442,2,14,61,23365,35511,1,FEASIBLE,WORSE
1443,2,14,62,23056,35075,1,FEASIBLE,WORSE
1444,2,14,63,22592,34725,1,FEASIBLE,WORSE
1445,2,14,64,24075,35739,1,FEASIBLE,WORSE
1446,2,14,65,24481,36240,0,CAPACITY_EXCEEDED,INVALID
1447,2,14,66,23510,35077,1,FEASIBLE,WORSE
1448,2,14,67,24533,35834,0,CAPACITY_EXCEEDED,INVALID
1449,2,14,68,24428,35953,0,CAPACITY_EXCEEDED,INVALID
1450,2,14,69,22994,34689,1,FEASIBLE,WORSE
1451,2,14,70,23015,34686,1,FEASIBLE,WORSE
1452,2,14,71,24077,35806,1,FEASIBLE,WORSE
1453,2,14,72,22629,34978,1,FEASIBLE,WORSE
1454,2,14,73,23473,34733,1,FEASIBLE,WORSE
1455,2,14,74,24182,35921,1,FEASIBLE,WORSE
1456,2,14,75,22996,35072,1,FEASIBLE,WORSE
1457,2,14,76,23840,35728,1,FEASIBLE,WORSE
1458,2,14,77,24264,36050,1,FEASIBLE,WORSE
1459,2,14,78,22818,35009,1,FEASIBLE,WORSE
1460,2,14,79,23435,35093,1,FEASIBLE,WORSE
1461,2,14,80,22839,34909,1,FEASIBLE,WORSE
1462,2,14,81,23993,35771,1,FEASIBLE,WORSE
1463,2,14,82,24030,36032,1,FEASIBLE,WORSE
1464,2,14,83,22902,34819,1,FEASIBLE,WORSE
1465,2,14,84,23486,35099,1,FEASIBLE,WORSE
1466,2,14,85,22936,35232,1,FEASIBLE,WORSE
1467,2,14,86,23165,35281,1,FEASIBLE,WORSE
1468,2,14,87,22660,34697,1,FEASIBLE,WORSE
1469,2,14,88,23307,35109,1,FEASIBLE,WORSE
1470,2,14,89,24363,35703,0,CAPACITY_EXCEEDED,INVALID
1471,2,14,90,22809,34884,1,FEASIBLE,WORSE
1472,2,14,91,24164,36013,1,FEASIBLE,WORSE
1473,2,14,92,24415,36118,0,CAPACITY_EXCEEDED,INVALID
1474,2,14,93,23503,35470,1,FEASIBLE,WORSE
1475,2,14,94,24136,36129,1,FEASIBLE,WORSE
1476,2,14,95,24153,36009,1,FEASIBLE,WORSE
1477,2,14,96,24218,35773,1,FEASIBLE,WORSE
1478,2,14,97,23132,35054,1,FEASIBLE,WORSE
1479,2,14,98,23470,35580,1,FEASIBLE,WORSE
1480,2,14,99,23349,34899,1,FEASIBLE,WORSE
1481,2,15,16,24879,36491,0,CAPACITY_EXCEEDED,INVALID
1482,2,15,17,24294,36363,0,CAPACITY_EXCEEDED,INVALID
1483,2,15,18,23984,35745,1,FEASIBLE,WORSE
1484,2,15,19,23059,35328,1,FEASIBLE,WORSE
1485,2,15,20,23862,35661,1,FEASIBLE,WORSE
1486,2,15,21,23088,35477,1,FEASIBLE,WORSE
1487,2,15,22,25022,36636,0,CAPACITY_EXCEEDED,INVALID
1488,2,15,23,23428,35505,1,FEASIBLE,WORSE
1489,2,15,24,24023,36150,1,FEASIBLE,WORSE
1490,2,15,25,23974,35960,1,FEASIBLE,WORSE
1491,2,15,26,23826,35577,1,FEASIBLE,WORSE
1492,2,15,27,23646,35526,1,FEASIBLE,WORSE
1493,2,15,28,24647,36674,0,CAPACITY_EXCEEDED,INVALID
1494,2,15,29,25002,36340,0,CAPACITY_EXCEEDED,INVALID
1495,2,15,30,23680,35985,1,FEASIBLE,WORSE
1496,2,15,31,23894,36042,1,FEASIBLE,WORSE
1497,2,15,32,24597,36534,0,CAPACITY_EXCEEDED,INVALID
1498,2,15,33,23897,35442,1,FEASIBLE,WORSE
1499,2,15,34,23948,36052,1,FEASIBLE,WORSE
1500,2,15,35,23479,35365,1,FEASIBLE,WORSE
1501,2,15,36,23339,35372,1,FEASIBLE,WORSE
1502,2,15,37,23969,36197,1,FEASIBLE,WORSE
1503,2,15,38,23583,35873,1,FEASIBLE,WORSE
1504,2,15,39,24739,36744,0,CAPACITY_EXCEEDED,INVALID
1505,2,15,40,24800,36276,0,CAPACITY_EXCEEDED,INVALID
1506,2,15,41,23651,35827,1,FEASIBLE,WORSE
1507,2,15,42,23147,35345,1,FEASIBLE,WORSE
1508,2,15,43,24205,36365,1,FEASIBLE,WORSE
1509,2,15,44,23319,35655,1,FEASIBLE,WORSE
1510,2,15,45,24807,36374,0,CAPACITY_EXCEEDED,INVALID
1511,2,15,46,24916,36831,0,CAPACITY_EXCEEDED,INVALID
1512,2,15,47,23540,35356,1,FEASIBLE,WORSE
1513,2,15,48,23935,36048,1,FEASIBLE,WORSE
1514,2,15,49,23986,36243,1,FEASIBLE,WORSE
1515,2,15,50,24564,36336,0,CAPACITY_EXCEEDED,INVALID
1516,2,15,51,23861,35712,1,FEASIBLE,WORSE
1517,2,15,52,24665,36270,0,CAPACITY_EXCEEDED,INVALID
1518,2,15,53,23950,36167,1,FEASIBLE,WORSE
1519,2,15,54,24816,36749,0,CAPACITY_EXCEEDED,INVALID
1520,2,15,55,23812,35331,1,FEASIBLE,WORSE
1521,2,15,56,24021,35831,1,FEASIBLE,WORSE
1522,2,15,57,23859,35853,1,FEASIBLE,WORSE
1523,2,15,58,23578,35613,1,FEASIBLE,WORSE
1524,2,15,59,24595,36346,0,CAPACITY_EXCEEDED,INVALID
1525,2,15,60,23646,35672,1,FEASIBLE,WORSE
1526,2,15,61,23861,36079,1,FEASIBLE,WORSE
1527,2,15,62,23552,35643,1,FEASIBLE,WORSE
1528,2,15,63,23088,35293,1,FEASIBLE,WORSE
1529,2,15,64,24571,36307,0,CAPACITY_EXCEEDED,INVALID
1530,2,15,65,24977,36808,0,CAPACITY_EXCEEDED,INVALID
1531,2,15,66,24006,35645,1,FEASIBLE,WORSE
1532,2,15,67,25029,36402,0,CAPACITY_EXCEEDED,INVALID
1533,2,15,68,24924,36521,0,CAPACITY_EXCEEDED,INVALID
1534,2,15,69,23490,35257,1,FEASIBLE,WORSE
1535,2,15,70,23511,35254,1,FEASIBLE,WORSE
1536,2,15,71,24573,36374,0,CAPACITY_EXCEEDED,INVALID
1537,2,15,72,23125,35546,1,FEASIBLE,WORSE
1538,2,15,73,23969,35301,1,FEASIBLE,WORSE
1539,2,15,74,24678,36489,0,CAPACITY_EXCEEDED,INVALID
1540,2,15,75,23492,35640,1,FEASIBLE,WORSE
1541,2,15,76,24336,36296,0,CAPACITY_EXCEEDED,INVALID
1542,2,15,77,24760,36618,0,CAPACITY_EXCEEDED,INVALID
1543,2,15,78,23314,35577,1,FEASIBLE,WORSE
1544,2,15,79,23931,35661,1,FEASIBLE,WORSE
1545,2,15,80,23335,35477,1,FEASIBLE,WORSE
1546,2,15,81,24489,36339,0,CAPACITY_EXCEEDED,INVALID
1547,2,15,82,24526,36600,0,CAPACITY_EXCEEDED,INVALID
1548,2,15,83,23398,35387,1,FEASIBLE,WORSE
1549,2,15,84,23982,35667,1,FEASIBLE,WORSE
1550,2,15,85,23432,35800,1,FEASIBLE,WORSE
1551,2,15,86,23661,35849,1,FEASIBLE,WORSE
1552,2,15,87,23156,35265,1,FEASIBLE,WORSE
1553,2,15,88,23803,35677,1,FEASIBLE,WORSE
1554,2,15,89,24859,36271,0,CAPACITY_EXCEEDED,INVALID
1555,2,15,90,23305,35452,1,FEASIBLE,WORSE
1556,2,15,91,24660,36581,0,CAPACITY_EXCEEDED,INVALID
1557,2,15,92,24911,36686,0,CAPACITY_EXCEEDED,INVALID
1558,2,15,93,23999,36038,1,FEASIBLE,WORSE
1559,2,15,94,24632,36697,0,CAPACITY_EXCEEDED,INVALID
1560,2,15,95,24649,36577,0,CAPACITY_EXCEEDED,INVALID
1561,2,15,96,24714,36341,0,CAPACITY_EXCEEDED,INVALID
1562,2,15,97,23628,35622,1,FEASIBLE,WORSE
1563,2,15,98,23966,36148,1,FEASIBLE,WORSE
1564,2,15,99,23845,35467,1,FEASIBLE,WORSE
1565,2,16,17,25310,36760,0,CAPACITY_EXCEEDED,INVALID
1566,2,16,18,25000,36142,0,CAPACITY_EXCEEDED,INVALID
1567,2,16,19,24075,35725,1,FEASIBLE,WORSE
1568,2,16,20,24878,36058,0,CAPACITY_EXCEEDED,INVALID
1569,2,16,21,24104,35874,1,FEASIBLE,WORSE
1570,2,16,22,26038,37033,0,CAPACITY_EXCEEDED,INVALID
1571,2,16,23,24444,35902,0,CAPACITY_EXCEEDED,INVALID
1572,2,16,24,25039,36547,0,CAPACITY_EXCEEDED,INVALID
1573,2,16,25,24990,36357,0,CAPACITY_EXCEEDED,INVALID
1574,2,16,26,24842,35974,0,CAPACITY_EXCEEDED,INVALID
1575,2,16,27,24662,35923,0,CAPACITY_EXCEEDED,INVALID
1576,2,16,28,25663,37071,0,CAPACITY_EXCEEDED,INVALID
1577,2,16,29,26018,36737,0,CAPACITY_EXCEEDED,INVALID
1578,2,16,30,24696,36382,0,CAPACITY_EXCEEDED,INVALID
1579,2,16,31,24910,36439,0,CAPACITY_EXCEEDED,INVALID
1580,2,16,32,25613,36931,0,CAPACITY_EXCEEDED,INVALID
1581,2,16,33,24913,35839,0,CAPACITY_EXCEEDED,INVALID
1582,2,16,34,24964,36449,0,CAPACITY_EXCEEDED,INVALID
1583,2,16,35,24495,35762,0,CAPACITY_EXCEEDED,INVALID
1584,2,16,36,24355,35769,0,CAPACITY_EXCEEDED,INVALID
1585,2,16,37,24985,36594,0,CAPACITY_EXCEEDED,INVALID
1586,2,16,38,24599,36270,0,CAPACITY_EXCEEDED,INVALID
1587,2,16,39,25755,37141,0,CAPACITY_EXCEEDED,INVALID
1588,2,16,40,25816,36673,0,CAPACITY_EXCEEDED,INVALID
1589,2,16,41,24667,36224,0,CAPACITY_EXCEEDED,INVALID
1590,2,16,42,24163,35742,1,FEASIBLE,WORSE
1591,2,16,43,25221,36762,0,CAPACITY_EXCEEDED,INVALID
1592,2,16,44,24335,36052,0,CAPACITY_EXCEEDED,INVALID
1593,2,16,45,25823,36771,0,CAPACITY_EXCEEDED,INVALID
1594,2,16,46,25932,37228,0,CAPACITY_EXCEEDED,INVALID
1595,2,16,47,24556,35753,0,CAPACITY_EXCEEDED,INVALID
1596,2,16,48,24951,36445,0,CAPACITY_EXCEEDED,INVALID
1597,2,16,49,25002,36640,0,CAPACITY_EXCEEDED,INVALID
1598,2,16,50,25580,36733,0,CAPACITY_EXCEEDED,INVALID
1599,2,16,51,24877,36109,0,CAPACITY_EXCEEDED,INVALID
1600,2,16,52,25681,36667,0,CAPACITY_EXCEEDED,INVALID
1601,2,16,53,24966,36564,0,CAPACITY_EXCEEDED,INVALID
1602,2,16,54,25832,37146,0,CAPACITY_EXCEEDED,INVALID
1603,2,16,55,24828,35728,0,CAPACITY_EXCEEDED,INVALID
1604,2,16,56,25037,36228,0,CAPACITY_EXCEEDED,INVALID
1605,2,16,57,24875,36250,0,CAPACITY_EXCEEDED,INVALID
1606,2,16,58,24594,36010,0,CAPACITY_EXCEEDED,INVALID
1607,2,16,59,25611,36743,0,CAPACITY_EXCEEDED,INVALID
1608,2,16,60,24662,36069,0,CAPACITY_EXCEEDED,INVALID
1609,2,16,61,24877,36476,0,CAPACITY_EXCEEDED,INVALID
1610,2,16,62,24568,36040,0,CAPACITY_EXCEEDED,INVALID
1611,2,16,63,24104,35690,1,FEASIBLE,WORSE
1612,2,16,64,25587,36704,0,CAPACITY_EXCEEDED,INVALID
1613,2,16,65,25993,37205,0,CAPACITY_EXCEEDED,INVALID
1614,2,16,66,25022,36042,0,CAPACITY_EXCEEDED,INVALID
1615,2,16,67,26045,36799,0,CAPACITY_EXCEEDED,INVALID
1616,2,16,68,25940,36918,0,CAPACITY_EXCEEDED,INVALID
1617,2,16,69,24506,35654,0,CAPACITY_EXCEEDED,INVALID
1618,2,16,70,24527,35651,0,CAPACITY_EXCEEDED,INVALID
1619,2,16,71,25589,36771,0,CAPACITY_EXCEEDED,INVALID
1620,2,16,72,24141,35943,1,FEASIBLE,WORSE
1621,2,16,73,24985,35698,0,CAPACITY_EXCEEDED,INVALID
1622,2,16,74,25694,36886,0,CAPACITY_EXCEEDED,INVALID
1623,2,16,75,24508,36037,0,CAPACITY_EXCEEDED,INVALID
1624,2,16,76,25352,36693,0,CAPACITY_EXCEEDED,INVALID
1625,2,16,77,25776,37015,0,CAPACITY_EXCEEDED,INVALID
1626,2,16,78,24330,35974,0,CAPACITY_EXCEEDED,INVALID
1627,2,16,79,24947,36058,0,CAPACITY_EXCEEDED,INVALID
1628,2,16,80,24351,35874,0,CAPACITY_EXCEEDED,INVALID
1629,2,16,81,25505,36736,0,CAPACITY_EXCEEDED,INVALID
1630,2,16,82,25542,36997,0,CAPACITY_EXCEEDED,INVALID
1631,2,16,83,24414,35784,0,CAPACITY_EXCEEDED,INVALID
1632,2,16,84,24998,36064,0,CAPACITY_EXCEEDED,INVALID
1633,2,16,85,24448,36197,0,CAPACITY_EXCEEDED,INVALID
1634,2,16,86,24677,36246,0,CAPACITY_EXCEEDED,INVALID
1635,2,16,87,24172,35662,1,FEASIBLE,WORSE
1636,2,16,88,24819,36074,0,CAPACITY_EXCEEDED,INVALID
1637,2,16,89,25875,36668,0,CAPACITY_EXCEEDED,INVALID
1638,2,16,90,24321,35849,0,CAPACITY_EXCEEDED,INVALID
1639,2,16,91,25676,36978,0,CAPACITY_EXCEEDED,INVALID
1640,2,16,92,25927,37083,0,CAPACITY_EXCEEDED,INVALID
1641,2,16,93,25015,36435,0,CAPACITY_EXCEEDED,INVALID
1642,2,16,94,25648,37094,0,CAPACITY_EXCEEDED,INVALID
1643,2,16,95,25665,36974,0,CAPACITY_EXCEEDED,INVALID
1644,2,16,96,25730,36738,0,CAPACITY_EXCEEDED,INVALID
1645,2,16,97,24644,36019,0,CAPACITY_EXCEEDED,INVALID
1646,2,16,98,24982,36545,0,CAPACITY_EXCEEDED,INVALID
1647,2,16,99,24861,35864,0,CAPACITY_EXCEEDED,INVALID
1648,2,17,18,24415,36014,0,CAPACITY_EXCEEDED,INVALID
1649,2,17,19,23490,35597,1,FEASIBLE,WORSE
1650,2,17,20,24293,35930,0,CAPACITY_EXCEEDED,INVALID
1651,2,17,21,23519,35746,1,FEASIBLE,WORSE
1652,2,17,22,25453,36905,0,CAPACITY_EXCEEDED,INVALID
1653,2,17,23,23859,35774,1,FEASIBLE,WORSE
1654,2,17,24,24454,36419,0,CAPACITY_EXCEEDED,INVALID
1655,2,17,25,24405,36229,0,CAPACITY_EXCEEDED,INVALID
1656,2,17,26,24257,35846,1,FEASIBLE,WORSE
1657,2,17,27,24077,35795,1,FEASIBLE,WORSE
1658,2,17,28,25078,36943,0,CAPACITY_EXCEEDED,INVALID
1659,2,17,29,25433,36609,0,CAPACITY_EXCEEDED,INVALID
1660,2,17,30,24111,36254,1,FEASIBLE,WORSE
1661,2,17,31,24325,36311,0,CAPACITY_EXCEEDED,INVALID
1662,2,17,32,25028,36803,0,CAPACITY_EXCEEDED,INVALID
1663,2,17,33,24328,35711,0,CAPACITY_EXCEEDED,INVALID
1664,2,17,34,24379,36321,0,CAPACITY_EXCEEDED,INVALID
1665,2,17,35,23910,35634,1,FEASIBLE,WORSE
1666,2,17,36,23770,35641,1,FEASIBLE,WORSE
1667,2,17,37,24400,36466,0,CAPACITY_EXCEEDED,INVALID
1668,2,17,38,24014,36142,1,FEASIBLE,WORSE
1669,2,17,39,25170,37013,0,CAPACITY_EXCEEDED,INVALID
1670,2,17,40,25231,36545,0,CAPACITY_EXCEEDED,INVALID
1671,2,17,41,24082,36096,1,FEASIBLE,WORSE
1672,2,17,42,23578,35614,1,FEASIBLE,WORSE
1673,2,17,43,24636,36634,0,CAPACITY_EXCEEDED,INVALID
1674,2,17,44,23750,35924,1,FEASIBLE,WORSE
1675,2,17,45,25238,36643,0,CAPACITY_EXCEEDED,INVALID
1676,2,17,46,25347,37100,0,CAPACITY_EXCEEDED,INVALID
1677,2,17,47,23971,35625,1,FEASIBLE,WORSE
1678,2,17,48,24366,36317,0,CAPACITY_EXCEEDED,INVALID
1679,2,17,49,24417,36512,0,CAPACITY_EXCEEDED,INVALID
1680,2,17,50,24995,36605,0,CAPACITY_EXCEEDED,INVALID
1681,2,17,51,24292,35981,0,CAPACITY_EXCEEDED,INVALID
1682,2,17,52,25096,36539,0,CAPACITY_EXCEEDED,INVALID
1683,2,17,53,24381,36436,0,CAPACITY_EXCEEDED,INVALID
1684,2,17,54,25247,37018,0,CAPACITY_EXCEEDED,INVALID
1685,2,17,55,24243,35600,1,FEASIBLE,WORSE
1686,2,17,56,24452,36100,0,CAPACITY_EXCEEDED,INVALID
1687,2,17,57,24290,36122,0,CAPACITY_EXCEEDED,INVALID
1688,2,17,58,24009,35882,1,FEASIBLE,WORSE
1689,2,17,59,25026,36615,0,CAPACITY_EXCEEDED,INVALID
1690,2,17,60,24077,35941,1,FEASIBLE,WORSE
1691,2,17,61,24292,36348,0,CAPACITY_EXCEEDED,INVALID
1692,2,17,62,23983,35912,1,FEASIBLE,WORSE
1693,2,17,63,23519,35562,1,FEASIBLE,WORSE
1694,2,17,64,25002,36576,0,CAPACITY_EXCEEDED,INVALID
1695,2,17,65,25408,37077,0,CAPACITY_EXCEEDED,INVALID
1696,2,17,66,24437,35914,0,CAPACITY_EXCEEDED,INVALID
1697,2,17,67,25460,36671,0,CAPACITY_EXCEEDED,INVALID
1698,2,17,68,25355,36790,0,CAPACITY_EXCEEDED,INVALID
1699,2,17,69,23921,35526,1,FEASIBLE,WORSE
1700,2,17,70,23942,35523,1,FEASIBLE,WORSE
1701,2,17,71,25004,36643,0,CAPACITY_EXCEEDED,INVALID
1702,2,17,72,23556,35815,1,FEASIBLE,WORSE
1703,2,17,73,24400,35570,0,CAPACITY_EXCEEDED,INVALID
1704,2,17,74,25109,36758,0,CAPACITY_EXCEEDED,INVALID
1705,2,17,75,23923,35909,1,FEASIBLE,WORSE
1706,2,17,76,24767,36565,0,CAPACITY_EXCEEDED,INVALID
1707,2,17,77,25191,36887,0,CAPACITY_EXCEEDED,INVALID
1708,2,17,78,23745,35846,1,FEASIBLE,WORSE
1709,2,17,79,24362,35930,0,CAPACITY_EXCEEDED,INVALID
1710,2,17,80,23766,35746,1,FEASIBLE,WORSE
1711,2,17,81,24920,36608,0,CAPACITY_EXCEEDED,INVALID
1712,2,17,82,24957,36869,0,CAPACITY_EXCEEDED,INVALID
1713,2,17,83,23829,35656,1,FEASIBLE,WORSE
1714,2,17,84,24413,35936,0,CAPACITY_EXCEEDED,INVALID
1715,2,17,85,23863,36069,1,FEASIBLE,WORSE
1716,2,17,86,24092,36118,1,FEASIBLE,WORSE
1717,2,17,87,23587,35534,1,FEASIBLE,WORSE
1718,2,17,88,24234,35946,1,FEASIBLE,WORSE
1719,2,17,89,25290,36540,0,CAPACITY_EXCEEDED,INVALID
1720,2,17,90,23736,35721,1,FEASIBLE,WORSE
1721,2,17,91,25091,36850,0,CAPACITY_EXCEEDED,INVALID
1722,2,17,92,25342,36955,0,CAPACITY_EXCEEDED,INVALID
1723,2,17,93,24430,36307,0,CAPACITY_EXCEEDED,INVALID
1724,2,17,94,25063,36966,0,CAPACITY_EXCEEDED,INVALID
1725,2,17,95,25080,36846,0,CAPACITY_EXCEEDED,INVALID
1726,2,17,96,25145,36610,0,CAPACITY_EXCEEDED,INVALID
1727,2,17,97,24059,35891,1,FEASIBLE,WORSE
1728,2,17,98,24397,36417,0,CAPACITY_EXCEEDED,INVALID
1729,2,17,99,24276,35736,1,FEASIBLE,WORSE
1730,2,18,19,23180,34979,1,FEASIBLE,WORSE
1731,2,18,20,23983,35312,1,FEASIBLE,WORSE
1732,2,18,21,23209,35128,1,FEASIBLE,WORSE
1733,2,18,22,25143,36287,0,CAPACITY_EXCEEDED,INVALID
1734,2,18,23,23549,35156,1,FEASIBLE,WORSE
1735,2,18,24,24144,35801,1,FEASIBLE,WORSE
1736,2,18,25,24095,35611,1,FEASIBLE,WORSE
1737,2,18,26,23947,35228,1,FEASIBLE,WORSE
1738,2,18,27,23767,35177,1,FEASIBLE,WORSE
1739,2,18,28,24768,36325,0,CAPACITY_EXCEEDED,INVALID
1740,2,18,29,25123,35991,0,CAPACITY_EXCEEDED,INVALID
1741,2,18,30,23801,35636,1,FEASIBLE,WORSE
1742,2,18,31,24015,35693,1,FEASIBLE,WORSE
1743,2,18,32,24718,36185,0,CAPACITY_EXCEEDED,INVALID
1744,2,18,33,24018,35093,1,FEASIBLE,WORSE
1745,2,18,34,24069,35703,1,FEASIBLE,WORSE
1746,2,18,35,23600,35016,1,FEASIBLE,WORSE
1747,2,18,36,23460,35023,1,FEASIBLE,WORSE
1748,2,18,37,24090,35848,1,FEASIBLE,WORSE
1749,2,18,38,23704,35524,1,FEASIBLE,WORSE
1750,2,18,39,24860,36395,0,CAPACITY_EXCEEDED,INVALID
1751,2,18,40,24921,35927,0,CAPACITY_EXCEEDED,INVALID
1752,2,18,41,23772,35478,1,FEASIBLE,WORSE
1753,2,18,42,23268,34996,1,FEASIBLE,WORSE
1754,2,18,43,24326,36016,0,CAPACITY_EXCEEDED,INVALID
1755,2,18,44,23440,35306,1,FEASIBLE,WORSE
1756,2,18,45,24928,36025,0,CAPACITY_EXCEEDED,INVALID
1757,2,18,46,25037,36482,0,CAPACITY_EXCEEDED,INVALID
1758,2,18,47,23661,35007,1,FEASIBLE,WORSE
1759,2,18,48,24056,35699,1,FEASIBLE,WORSE
1760,2,18,49,24107,35894,1,FEASIBLE,WORSE
1761,2,18,50,24685,35987,0,CAPACITY_EXCEEDED,INVALID
1762,2,18,51,23982,35363,1,FEASIBLE,WORSE
1763,2,18,52,24786,35921,0,CAPACITY_EXCEEDED,INVALID
1764,2,18,53,24071,35818,1,FEASIBLE,WORSE
1765,2,18,54,24937,36400,0,CAPACITY_EXCEEDED,INVALID
1766,2,18,55,23933,34982,1,FEASIBLE,WORSE
1767,2,18,56,24142,35482,1,FEASIBLE,WORSE
1768,2,18,57,23980,35504,1,FEASIBLE,WORSE
1769,2,18,58,23699,35264,1,FEASIBLE,WORSE
1770,2,18,59,24716,35997,0,CAPACITY_EXCEEDED,INVALID
1771,2,18,60,23767,35323,1,FEASIBLE,WORSE
1772,2,18,61,23982,35730,1,FEASIBLE,WORSE
1773,2,18,62,23673,35294,1,FEASIBLE,WORSE
1774,2,18,63,23209,34944,1,FEASIBLE,WORSE
1775,2,18,64,24692,35958,0,CAPACITY_EXCEEDED,INVALID
1776,2,18,65,25098,36459,0,CAPACITY_EXCEEDED,INVALID
1777,2,18,66,24127,35296,1,FEASIBLE,WORSE
1778,2,18,67,25150,36053,0,CAPACITY_EXCEEDED,INVALID
1779,2,18,68,25045,36172,0,CAPACITY_EXCEEDED,INVALID
1780,2,18,69,23611,34908,1,FEASIBLE,WORSE
1781,2,18,70,23632,34905,1,FEASIBLE,WORSE
1782,2,18,71,24694,36025,0,CAPACITY_EXCEEDED,INVALID
1783,2,18,72,23246,35197,1,FEASIBLE,WORSE
1784,2,18,73,24090,34952,1,FEASIBLE,WORSE
1785,2,18,74,24799,36140,0,CAPACITY_EXCEEDED,INVALID
1786,2,18,75,23613,35291,1,FEASIBLE,WORSE
1787,2,18,76,24457,35947,0,CAPACITY_EXCEEDED,INVALID
1788,2,18,77,24881,36269,0,CAPACITY_EXCEEDED,INVALID
1789,2,18,78,23435,35228,1,FEASIBLE,WORSE
1790,2,18,79,24052,35312,1,FEASIBLE,WORSE
1791,2,18,80,23456,35128,1,FEASIBLE,WORSE
1792,2,18,81,24610,35990,0,CAPACITY_EXCEEDED,INVALID
1793,2,18,82,24647,36251,0,CAPACITY_EXCEEDED,INVALID
1794,2,18,83,23519,35038,1,FEASIBLE,WORSE
1795,2,18,84,24103,35318,1,FEASIBLE,WORSE
1796,2,18,85,23553,35451,1,FEASIBLE,WORSE
1797,2,18,86,23782,35500,1,FEASIBLE,WORSE
1798,2,18,87,23277,34916,1,FEASIBLE,WORSE
1799,2,18,88,23924,35328,1,FEASIBLE,WORSE
1800,2,18,89,24980,35922,0,CAPACITY_EXCEEDED,INVALID
1801,2,18,90,23426,35103,1,FEASIBLE,WORSE
1802,2,18,91,24781,36232,0,CAPACITY_EXCEEDED,INVALID
1803,2,18,92,25032,36337,0,CAPACITY_EXCEEDED,INVALID
1804,2,18,93,24120,35689,1,FEASIBLE,WORSE
1805,2,18,94,24753,36348,0,CAPACITY_EXCEEDED,INVALID
1806,2,18,95,24770,36228,0,CAPACITY_EXCEEDED,INVALID
1807,2,18,96,24835,35992,0,CAPACITY_EXCEEDED,INVALID
1808,2,18,97,23749,35273,1,FEASIBLE,WORSE
1809,2,18,98,24087,35799,1,FEASIBLE,WORSE
1810,2,18,99,23966,35118,1,FEASIBLE,WORSE
1811,2,19,20,23058,34895,1,FEASIBLE,WORSE
1812,2,19,21,22284,34711,1,FEASIBLE,WORSE
1813,2,19,22,24218,35870,1,FEASIBLE,WORSE
1814,2,19,23,22624,34739,1,FEASIBLE,WORSE
1815,2,19,24,23219,35384,1,FEASIBLE,WORSE
1816,2,19,25,23170,35194,1,FEASIBLE,WORSE
1817,2,19,26,23022,34811,1,FEASIBLE,WORSE
1818,2,19,27,22842,34760,1,FEASIBLE,WORSE
1819,2,19,28,23843,35908,1,FEASIBLE,WORSE
1820,2,19,29,24198,35574,1,FEASIBLE,WORSE
1821,2,19,30,22876,35219,1,FEASIBLE,WORSE
1822,2,19,31,23090,35276,1,FEASIBLE,WORSE
1823,2,19,32,23793,35768,1,FEASIBLE,WORSE
1824,2,19,33,23093,34676,1,FEASIBLE,WORSE
1825,2,19,34,23144,35286,1,FEASIBLE,WORSE
1826,2,19,35,22675,34599,1,FEASIBLE,WORSE
1827,2,19,36,22535,34606,1,FEASIBLE,WORSE
1828,2,19,37,23165,35431,1,FEASIBLE,WORSE
1829,2,19,38,22779,35107,1,FEASIBLE,WORSE
1830,2,19,39,23935,35978,1,FEASIBLE,WORSE
1831,2,19,40,23996,35510,1,FEASIBLE,WORSE
1832,2,19,41,22847,35061,1,FEASIBLE,WORSE
1833,2,19,42,22343,34579,1,FEASIBLE,WORSE
1834,2,19,43,23401,35599,1,FEASIBLE,WORSE
1835,2,19,44,22515,34889,1,FEASIBLE,WORSE
1836,2,19,45,24003,35608,1,FEASIBLE,WORSE
1837,2,19,46,24112,36065,1,FEASIBLE,WORSE
1838,2,19,47,22736,34590,1,FEASIBLE,WORSE
1839,2,19,48,23131,35282,1,FEASIBLE,WORSE
1840,2,19,49,23182,35477,1,FEASIBLE,WORSE
1841,2,19,50,23760,35570,1,FEASIBLE,WORSE
1842,2,19,51,23057,34946,1,FEASIBLE,WORSE
1843,2,19,52,23861,35504,1,FEASIBLE,WORSE
1844,2,19,53,23146,35401,1,FEASIBLE,WORSE
1845,2,19,54,24012,35983,1,FEASIBLE,WORSE
1846,2,19,55,23008,34565,1,FEASIBLE,WORSE
1847,2,19,56,23217,35065,1,FEASIBLE,WORSE
1848,2,19,57,23055,35087,1,FEASIBLE,WORSE
1849,2,19,58,22774,34847,1,FEASIBLE,WORSE
1850,2,19,59,23791,35580,1,FEASIBLE,WORSE
1851,2,19,60,22842,34906,1,FEASIBLE,WORSE
1852,2,19,61,23057,35313,1,FEASIBLE,WORSE
1853,2,19,62,22748,34877,1,FEASIBLE,WORSE
1854,2,19,63,22284,34527,1,FEASIBLE,WORSE
1855,2,19,64,23767,35541,1,FEASIBLE,WORSE
1856,2,19,65,24173,36042,1,FEASIBLE,WORSE
1857,2,19,66,23202,34879,1,FEASIBLE,WORSE
1858,2,19,67,24225,35636,1,FEASIBLE,WORSE
1859,2,19,68,24120,35755,1,FEASIBLE,WORSE
1860,2,19,69,22686,34491,1,FEASIBLE,WORSE
1861,2,19,70,22707,34488,1,FEASIBLE,WORSE
1862,2,19,71,23769,35608,1,FEASIBLE,WORSE
1863,2,19,72,22321,34780,1,FEASIBLE,WORSE
1864,2,19,73,23165,34535,1,FEASIBLE,WORSE
1865,2,19,74,23874,35723,1,FEASIBLE,WORSE
1866,2,19,75,22688,34874,1,FEASIBLE,WORSE
1867,2,19,76,23532,35530,1,FEASIBLE,WORSE
1868,2,19,77,23956,35852,1,FEASIBLE,WORSE
1869,2,19,78,22510,34811,1,FEASIBLE,WORSE
1870,2,19,79,23127,34895,1,FEASIBLE,WORSE
1871,2,19,80,22531,34711,1,FEASIBLE,WORSE
1872,2,19,81,23685,35573,1,FEASIBLE,WORSE
1873,2,19,82,23722,35834,1,FEASIBLE,WORSE
1874,2,19,83,22594,34621,1,FEASIBLE,WORSE
1875,2,19,84,23178,34901,1,FEASIBLE,WORSE
1876,2,19,85,22628,35034,1,FEASIBLE,WORSE
1877,2,19,86,22857,35083,1,FEASIBLE,WORSE
1878,2,19,87,22352,34499,1,FEASIBLE,WORSE
1879,2,19,88,22999,34911,1,FEASIBLE,WORSE
1880,2,19,89,24055,35505,1,FEASIBLE,WORSE
1881,2,19,90,22501,34686,1,FEASIBLE,WORSE
1882,2,19,91,23856,35815,1,FEASIBLE,WORSE
1883,2,19,92,24107,35920,1,FEASIBLE,WORSE
1884,2,19,93,23195,35272,1,FEASIBLE,WORSE
1885,2,19,94,23828,35931,1,FEASIBLE,WORSE
1886,2,19,95,23845,35811,1,FEASIBLE,WORSE
1887,2,19,96,23910,35575,1,FEASIBLE,WORSE
1888,2,19,97,22824,34856,1,FEASIBLE,WORSE
1889,2,19,98,23162,35382,1,FEASIBLE,WORSE
1890,2,19,99,23041,34701,1,FEASIBLE,WORSE
1891,2,20,21,23087,35044,1,FEASIBLE,WORSE
1892,2,20,22,25021,36203,0,CAPACITY_EXCEEDED,INVALID
1893,2,20,23,23427,35072,1,FEASIBLE,WORSE
1894,2,20,24,24022,35717,1,FEASIBLE,WORSE
1895,2,20,25,23973,35527,1,FEASIBLE,WORSE
1896,2,20,26,23825,35144,1,FEASIBLE,WORSE
1897,2,20,27,23645,35093,1,FEASIBLE,WORSE
1898,2,20,28,24646,36241,0,CAPACITY_EXCEEDED,INVALID
1899,2,20,29,25001,35907,0,CAPACITY_EXCEEDED,INVALID
1900,2,20,30,23679,35552,1,FEASIBLE,WORSE
1901,2,20,31,23893,35609,1,FEASIBLE,WORSE
1902,2,20,32,24596,36101,0,CAPACITY_EXCEEDED,INVALID
1903,2,20,33,23896,35009,1,FEASIBLE,WORSE
1904,2,20,34,23947,35619,1,FEASIBLE,WORSE
1905,2,20,35,23478,34932,1,FEASIBLE,WORSE
1906,2,20,36,23338,34939,1,FEASIBLE,WORSE
1907,2,20,37,23968,35764,1,FEASIBLE,WORSE
1908,2,20,38,23582,35440,1,FEASIBLE,WORSE
1909,2,20,39,24738,36311,0,CAPACITY_EXCEEDED,INVALID
1910,2,20,40,24799,35843,0,CAPACITY_EXCEEDED,INVALID
1911,2,20,41,23650,35394,1,FEASIBLE,WORSE
1912,2,20,42,23146,34912,1,FEASIBLE,WORSE
1913,2,20,43,24204,35932,1,FEASIBLE,WORSE
1914,2,20,44,23318,35222,1,FEASIBLE,WORSE
1915,2,20,45,24806,35941,0,CAPACITY_EXCEEDED,INVALID
1916,2,20,46,24915,36398,0,CAPACITY_EXCEEDED,INVALID
1917,2,20,47,23539,34923,1,FEASIBLE,WORSE
1918,2,20,48,23934,35615,1,FEASIBLE,WORSE
1919,2,20,49,23985,35810,1,FEASIBLE,WORSE
1920,2,20,50,24563,35903,0,CAPACITY_EXCEEDED,INVALID
1921,2,20,51,23860,35279,1,FEASIBLE,WORSE
1922,2,20,52,24664,35837,0,CAPACITY_EXCEEDED,INVALID
1923,2,20,53,23949,35734,1,FEASIBLE,WORSE
1924,2,20,54,24815,36316,0,CAPACITY_EXCEEDED,INVALID
1925,2,20,55,23811,34898,1,FEASIBLE,WORSE
1926,2,20,56,24020,35398,1,FEASIBLE,WORSE
1927,2,20,57,23858,35420,1,FEASIBLE,WORSE
1928,2,20,58,23577,35180,1,FEASIBLE,WORSE
1929,2,20,59,24594,35913,0,CAPACITY_EXCEEDED,INVALID
1930,2,20,60,23645,35239,1,FEASIBLE,WORSE
1931,2,20,61,23860,35646,1,FEASIBLE,WORSE
1932,2,20,62,23551,35210,1,FEASIBLE,WORSE
1933,2,20,63,23087,34860,1,FEASIBLE,WORSE
1934,2,20,64,24570,35874,0,CAPACITY_EXCEEDED,INVALID
1935,2,20,65,24976,36375,0,CAPACITY_EXCEEDED,INVALID
1936,2,20,66,24005,35212,1,FEASIBLE,WORSE
1937,2,20,67,25028,35969,0,CAPACITY_EXCEEDED,INVALID
1938,2,20,68,24923,36088,0,CAPACITY_EXCEEDED,INVALID
1939,2,20,69,23489,34824,1,FEASIBLE,WORSE
1940,2,20,70,23510,34821,1,FEASIBLE,WORSE
1941,2,20,71,24572,35941,0,CAPACITY_EXCEEDED,INVALID
1942,2,20,72,23124,35113,1,FEASIBLE,WORSE
1943,2,20,73,23968,34868,1,FEASIBLE,WORSE
1944,2,20,74,24677,36056,0,CAPACITY_EXCEEDED,INVALID
1945,2,20,75,23491,35207,1,FEASIBLE,WORSE
1946,2,20,76,24335,35863,0,CAPACITY_EXCEEDED,INVALID
1947,2,20,77,24759,36185,0,CAPACITY_EXCEEDED,INVALID
1948,2,20,78,23313,35144,1,FEASIBLE,WORSE
1949,2,20,79,23930,35228,1,FEASIBLE,WORSE
1950,2,20,80,23334,35044,1,FEASIBLE,WORSE
1951,2,20,81,24488,35906,0,CAPACITY_EXCEEDED,INVALID
1952,2,20,82,24525,36167,0,CAPACITY_EXCEEDED,INVALID
1953,2,20,83,23397,34954,1,FEASIBLE,WORSE
1954,2,20,84,23981,35234,1,FEASIBLE,WORSE
1955,2,20,85,23431,35367,1,FEASIBLE,WORSE
1956,2,20,86,23660,35416,1,FEASIBLE,WORSE
1957,2,20,87,23155,34832,1,FEASIBLE,WORSE
1958,2,20,88,23802,35244,1,FEASIBLE,WORSE
1959,2,20,89,24858,35838,0,CAPACITY_EXCEEDED,INVALID
1960,2,20,90,23304,35019,1,FEASIBLE,WORSE
1961,2,20,91,24659,36148,0,CAPACITY_EXCEEDED,INVALID
1962,2,20,92,24910,36253,0,CAPACITY_EXCEEDED,INVALID
1963,2,20,93,23998,35605,1,FEASIBLE,WORSE
1964,2,20,94,24631,36264,0,CAPACITY_EXCEEDED,INVALID
1965,2,20,95,24648,36144,0,CAPACITY_EXCEEDED,INVALID
1966,2,20,96,24713,35908,0,CAPACITY_EXCEEDED,INVALID
1967,2,20,97,23627,35189,1,FEASIBLE,WORSE
1968,2,20,98,23965,35715,1,FEASIBLE,WORSE
1969,2,20,99,23844,35034,1,FEASIBLE,WORSE
1970,2,21,22,24247,36019,1,FEASIBLE,WORSE
1971,2,21,23,22653,34888,1,FEASIBLE,WORSE
1972,2,21,24,23248,35533,1,FEASIBLE,WORSE
1973,2,21,25,23199,35343,1,FEASIBLE,WORSE
1974,2,21,26,23051,34960,1,FEASIBLE,WORSE
1975,2,21,27,22871,34909,1,FEASIBLE,WORSE
1976,2,21,28,23872,36057,1,FEASIBLE,WORSE
1977,2,21,29,24227,35723,1,FEASIBLE,WORSE
1978,2,21,30,22905,35368,1,FEASIBLE,WORSE
1979,2,21,31,23119,35425,1,FEASIBLE,WORSE
1980,2,21,32,23822,35917,1,FEASIBLE,WORSE
1981,2,21,33,23122,34825,1,FEASIBLE,WORSE
1982,2,21,34,23173,35435,1,FEASIBLE,WORSE
1983,2,21,35,22704,34748,1,FEASIBLE,WORSE
1984,2,21,36,22564,34755,1,FEASIBLE,WORSE
1985,2,21,37,23194,35580,1,FEASIBLE,WORSE
1986,2,21,38,22808,35256,1,FEASIBLE,WORSE
1987,2,21,39,23964,36127,1,FEASIBLE,WORSE
1988,2,21,40,24025,35659,1,FEASIBLE,WORSE
1989,2,21,41,22876,35210,1,FEASIBLE,WORSE
1990,2,21,42,22372,34728,1,FEASIBLE,WORSE
1991,2,21,43,23430,35748,1,FEASIBLE,WORSE
1992,2,21,44,22544,35038,1,FEASIBLE,WORSE
1993,2,21,45,24032,35757,1,FEASIBLE,WORSE
1994,2,21,46,24141,36214,1,FEASIBLE,WORSE
1995,2,21,47,22765,34739,1,FEASIBLE,WORSE
1996,2,21,48,23160,35431,1,FEASIBLE,WORSE
1997,2,21,49,23211,35626,1,FEASIBLE,WORSE
1998,2,21,50,23789,35719,1,FEASIBLE,WORSE
1999,2,21,51,23086,35095,1,FEASIBLE,WORSE
2000,2,21,52,23890,35653,1,FEASIBLE,WORSE
2001,2,21,53,23175,35550,1,FEASIBLE,WORSE
2002,2,21,54,24041,36132,1,FEASIBLE,WORSE
2003,2,21,55,23037,34714,1,FEASIBLE,WORSE
2004,2,21,56,23246,35214,1,FEASIBLE,WORSE
2005,2,21,57,23084,35236,1,FEASIBLE,WORSE
2006,2,21,58,22803,34996,1,FEASIBLE,WORSE
2007,2,21,59,23820,35729,1,FEASIBLE,WORSE
2008,2,21,60,22871,35055,1,FEASIBLE,WORSE
2009,2,21,61,23086,35462,1,FEASIBLE,WORSE
2010,2,21,62,22777,35026,1,FEASIBLE,WORSE
2011,2,21,63,22313,34676,1,FEASIBLE,WORSE
2012,2,21,64,23796,35690,1,FEASIBLE,WORSE
2013,2,21,65,24202,36191,1,FEASIBLE,WORSE
2014,2,21,66,23231,35028,1,FEASIBLE,WORSE
2015,2,21,67,24254,35785,1,FEASIBLE,WORSE
2016,2,21,68,24149,35904,1,FEASIBLE,WORSE
2017,2,21,69,22715,34640,1,FEASIBLE,WORSE
2018,2,21,70,22736,34637,1,FEASIBLE,WORSE
2019,2,21,71,23798,35757,1,FEASIBLE,WORSE
2020,2,21,72,22350,34929,1,FEASIBLE,WORSE
2021,2,21,73,23194,34684,1,FEASIBLE,WORSE
2022,2,21,74,23903,35872,1,FEASIBLE,WORSE
2023,2,21,75,22717,35023,1,FEASIBLE,WORSE
2024,2,21,76,23561,35679,1,FEASIBLE,WORSE
2025,2,21,77,23985,36001,1,FEASIBLE,WORSE
2026,2,21,78,22539,34960,1,FEASIBLE,WORSE
2027,2,21,79,23156,35044,1,FEASIBLE,WORSE
2028,2,21,80,22560,34860,1,FEASIBLE,WORSE
2029,2,21,81,23714,35722,1,FEASIBLE,WORSE
2030,2,21,82,23751,35983,1,FEASIBLE,WORSE
2031,2,21,83,22623,34770,1,FEASIBLE,WORSE
2032,2,21,84,23207,35050,1,FEASIBLE,WORSE
2033,2,21,85,22657,35183,1,FEASIBLE,WORSE
2034,2,21,86,22886,35232,1,FEASIBLE,WORSE
2035,2,21,87,22381,34648,1,FEASIBLE,WORSE
2036,2,21,88,23028,35060,1,FEASIBLE,WORSE
2037,2,21,89,24084,35654,1,FEASIBLE,WORSE
2038,2,21,90,22530,34835,1,FEASIBLE,WORSE
2039,2,21,91,23885,35964,1,FEASIBLE,WORSE
2040,2,21,92,24136,36069,1,FEASIBLE,WORSE
2041,2,21,93,23224,35421,1,FEASIBLE,WORSE
2042,2,21,94,23857,36080,1,FEASIBLE,WORSE
2043,2,21,95,23874,35960,1,FEASIBLE,WORSE
2044,2,21,96,23939,35724,1,FEASIBLE,WORSE
2045,2,21,97,22853,35005,1,FEASIBLE,WORSE
2046,2,21,98,23191,35531,1,FEASIBLE,WORSE
2047,2,21,99,23070,34850,1,FEASIBLE,WORSE
2048,2,22,23,24587,36047,0,CAPACITY_EXCEEDED,INVALID
2049,2,22,24,25182,36692,0,CAPACITY_EXCEEDED,INVALID
2050,2,22,25,25133,36502,0,CAPACITY_EXCEEDED,INVALID
2051,2,22,26,24985,36119,0,CAPACITY_EXCEEDED,INVALID
2052,2,22,27,24805,36068,0,CAPACITY_EXCEEDED,INVALID
2053,2,22,28,25806,37216,0,CAPACITY_EXCEEDED,INVALID
2054,2,22,29,26161,36882,0,CAPACITY_EXCEEDED,INVALID
2055,2,22,30,24839,36527,0,CAPACITY_EXCEEDED,INVALID
2056,2,22,31,25053,36584,0,CAPACITY_EXCEEDED,INVALID
2057,2,22,32,25756,37076,0,CAPACITY_EXCEEDED,INVALID
2058,2,22,33,25056,35984,0,CAPACITY_EXCEEDED,INVALID
2059,2,22,34,25107,36594,0,CAPACITY_EXCEEDED,INVALID
2060,2,22,35,24638,35907,0,CAPACITY_EXCEEDED,INVALID
2061,2,22,36,24498,35914,0,CAPACITY_EXCEEDED,INVALID
2062,2,22,37,25128,36739,0,CAPACITY_EXCEEDED,INVALID
2063,2,22,38,24742,36415,0,CAPACITY_EXCEEDED,INVALID
2064,2,22,39,25898,37286,0,CAPACITY_EXCEEDED,INVALID
2065,2,22,40,25959,36818,0,CAPACITY_EXCEEDED,INVALID
2066,2,22,41,24810,36369,0,CAPACITY_EXCEEDED,INVALID
2067,2,22,42,24306,35887,0,CAPACITY_EXCEEDED,INVALID
2068,2,22,43,25364,36907,0,CAPACITY_EXCEEDED,INVALID
2069,2,22,44,24478,36197,0,CAPACITY_EXCEEDED,INVALID
2070,2,22,45,25966,36916,0,CAPACITY_EXCEEDED,INVALID
2071,2,22,46,26075,37373,0,CAPACITY_EXCEEDED,INVALID
2072,2,22,47,24699,35898,0,CAPACITY_EXCEEDED,INVALID
2073,2,22,48,25094,36590,0,CAPACITY_EXCEEDED,INVALID
2074,2,22,49,25145,36785,0,CAPACITY_EXCEEDED,INVALID
2075,2,22,50,25723,36878,0,CAPACITY_EXCEEDED,INVALID
2076,2,22,51,25020,36254,0,CAPACITY_EXCEEDED,INVALID
2077,2,22,52,25824,36812,0,CAPACITY_EXCEEDED,INVALID
2078,2,22,53,25109,36709,0,CAPACITY_EXCEEDED,INVALID
2079,2,22,54,25975,37291,0,CAPACITY_EXCEEDED,INVALID
2080,2,22,55,24971,35873,0,CAPACITY_EXCEEDED,INVALID
2081,2,22,56,25180,36373,0,CAPACITY_EXCEEDED,INVALID
2082,2,22,57,25018,36395,0,CAPACITY_EXCEEDED,INVALID
2083,2,22,58,24737,36155,0,CAPACITY_EXCEEDED,INVALID
2084,2,22,59,25754,36888,0,CAPACITY_EXCEEDED,INVALID
2085,2,22,60,24805,36214,0,CAPACITY_EXCEEDED,INVALID
2086,2,22,61,25020,36621,0,CAPACITY_EXCEEDED,INVALID
2087,2,22,62,24711,36185,0,CAPACITY_EXCEEDED,INVALID
2088,2,22,63,24247,35835,1,FEASIBLE,WORSE
2089,2,22,64,25730,36849,0,CAPACITY_EXCEEDED,INVALID
2090,2,22,65,26136,37350,0,CAPACITY_EXCEEDED,INVALID
2091,2,22,66,25165,36187,0,CAPACITY_EXCEEDED,INVALID
2092,2,22,67,26188,36944,0,CAPACITY_EXCEEDED,INVALID
2093,2,22,68,26083,37063,0,CAPACITY_EXCEEDED,INVALID
2094,2,22,69,24649,35799,0,CAPACITY_EXCEEDED,INVALID
2095,2,22,70,24670,35796,0,CAPACITY_EXCEEDED,INVALID
2096,2,22,71,25732,36916,0,CAPACITY_EXCEEDED,INVALID
2097,2,22,72,24284,36088,0,CAPACITY_EXCEEDED,INVALID
2098,2,22,73,25128,35843,0,CAPACITY_EXCEEDED,INVALID
2099,2,22,74,25837,37031,0,CAPACITY_EXCEEDED,INVALID
2100,2,22,75,24651,36182,0,CAPACITY_EXCEEDED,INVALID
2101,2,22,76,25495,36838,0,CAPACITY_EXCEEDED,INVALID
2102,2,22,77,25919,37160,0,CAPACITY_EXCEEDED,INVALID
2103,2,22,78,24473,36119,0,CAPACITY_EXCEEDED,INVALID
2104,2,22,79,25090,36203,0,CAPACITY_EXCEEDED,INVALID
2105,2,22,80,24494,36019,0,CAPACITY_EXCEEDED,INVALID
2106,2,22,81,25648,36881,0,CAPACITY_EXCEEDED,INVALID
2107,2,22,82,25685,37142,0,CAPACITY_EXCEEDED,INVALID
2108,2,22,83,24557,35929,0,CAPACITY_EXCEEDED,INVALID
2109,2,22,84,25141,36209,0,CAPACITY_EXCEEDED,INVALID
2110,2,22,85,24591,36342,0,CAPACITY_EXCEEDED,INVALID
2111,2,22,86,24820,36391,0,CAPACITY_EXCEEDED,INVALID
2112,2,22,87,24315,35807,0,CAPACITY_EXCEEDED,INVALID
2113,2,22,88,24962,36219,0,CAPACITY_EXCEEDED,INVALID
2114,2,22,89,26018,36813,0,CAPACITY_EXCEEDED,INVALID
2115,2,22,90,24464,35994,0,CAPACITY_EXCEEDED,INVALID
2116,2,22,91,25819,37123,0,CAPACITY_EXCEEDED,INVALID
2117,2,22,92,26070,37228,0,CAPACITY_EXCEEDED,INVALID
2118,2,22,93,25158,36580,0,CAPACITY_EXCEEDED,INVALID
2119,2,22,94,25791,37239,0,CAPACITY_EXCEEDED,INVALID
2120,2,22,95,25808,37119,0,CAPACITY_EXCEEDED,INVALID
2121,2,22,96,25873,36883,0,CAPACITY_EXCEEDED,INVALID
2122,2,22,97,24787,36164,0,CAPACITY_EXCEEDED,INVALID
2123,2,22,98,25125,36690,0,CAPACITY_EXCEEDED,INVALID
2124,2,22,99,25004,36009,0,CAPACITY_EXCEEDED,INVALID
2125,2,23,24,23588,35561,1,FEASIBLE,WORSE
2126,2,23,25,23539,35371,1,FEASIBLE,WORSE
2127,2,23,26,23391,34988,1,FEASIBLE,WORSE
2128,2,23,27,23211,34937,1,FEASIBLE,WORSE
2129,2,23,28,24212,36085,1,FEASIBLE,WORSE
2130,2,23,29,24567,35751,0,CAPACITY_EXCEEDED,INVALID
2131,2,23,30,23245,35396,1,FEASIBLE,WORSE
2132,2,23,31,23459,35453,1,FEASIBLE,WORSE
2133,2,23,32,24162,35945,1,FEASIBLE,WORSE
2134,2,23,33,23462,34853,1,FEASIBLE,WORSE
2135,2,23,34,23513,35463,1,FEASIBLE,WORSE
2136,2,23,35,23044,34776,1,FEASIBLE,WORSE
2137,2,23,36,22904,34783,1,FEASIBLE,WORSE
2138,2,23,37,23534,35608,1,FEASIBLE,WORSE
2139,2,23,38,23148,35284,1,FEASIBLE,WORSE
2140,2,23,39,24304,36155,0,CAPACITY_EXCEEDED,INVALID
2141,2,23,40,24365,35687,0,CAPACITY_EXCEEDED,INVALID
2142,2,23,41,23216,35238,1,FEASIBLE,WORSE
2143,2,23,42,22712,34756,1,FEASIBLE,WORSE
2144,2,23,43,23770,35776,1,FEASIBLE,WORSE
2145,2,23,44,22884,35066,1,FEASIBLE,WORSE
2146,2,23,45,24372,35785,0,CAPACITY_EXCEEDED,INVALID
2147,2,23,46,24481,36242,0,CAPACITY_EXCEEDED,INVALID
2148,2,23,47,23105,34767,1,FEASIBLE,WORSE
2149,2,23,48,23500,35459,1,FEASIBLE,WORSE
2150,2,23,49,23551,35654,1,FEASIBLE,WORSE
2151,2,23,50,24129,35747,1,FEASIBLE,WORSE
2152,2,23,51,23426,35123,1,FEASIBLE,WORSE
2153,2,23,52,24230,35681,1,FEASIBLE,WORSE
2154,2,23,53,23515,35578,1,FEASIBLE,WORSE
2155,2,23,54,24381,36160,0,CAPACITY_EXCEEDED,INVALID
2156,2,23,55,23377,34742,1,FEASIBLE,WORSE
2157,2,23,56,23586,35242,1,FEASIBLE,WORSE
2158,2,23,57,23424,35264,1,FEASIBLE,WORSE
2159,2,23,58,23143,35024,1,FEASIBLE,WORSE
2160,2,23,59,24160,35757,1,FEASIBLE,WORSE
2161,2,23,60,23211,35083,1,FEASIBLE,WORSE
2162,2,23,61,23426,35490,1,FEASIBLE,WORSE
2163,2,23,62,23117,35054,1,FEASIBLE,WORSE
2164,2,23,63,22653,34704,1,FEASIBLE,WORSE
2165,2,23,64,24136,35718,1,FEASIBLE,WORSE
2166,2,23,65,24542,36219,0,CAPACITY_EXCEEDED,INVALID
2167,2,23,66,23571,35056,1,FEASIBLE,WORSE
2168,2,23,67,24594,35813,0,CAPACITY_EXCEEDED,INVALID
2169,2,23,68,24489,35932,0,CAPACITY_EXCEEDED,INVALID
2170,2,23,69,23055,34668,1,FEASIBLE,WORSE
2171,2,23,70,23076,34665,1,FEASIBLE,WORSE
2172,2,23,71,24138,35785,1,FEASIBLE,WORSE
2173,2,23,72,22690,34957,1,FEASIBLE,WORSE
2174,2,23,73,23534,34712,1,FEASIBLE,WORSE
2175,2,23,74,24243,35900,1,FEASIBLE,WORSE
2176,2,23,75,23057,35051,1,FEASIBLE,WORSE
2177,2,23,76,23901,35707,1,FEASIBLE,WORSE
2178,2,23,77,24325,36029,0,CAPACITY_EXCEEDED,INVALID
2179,2,23,78,22879,34988,1,FEASIBLE,WORSE
2180,2,23,79,23496,35072,1,FEASIBLE,WORSE
2181,2,23,80,22900,34888,1,FEASIBLE,WORSE
2182,2,23,81,24054,35750,1,FEASIBLE,WORSE
2183,2,23,82,24091,36011,1,FEASIBLE,WORSE
2184,2,23,83,22963,34798,1,FEASIBLE,WORSE
2185,2,23,84,23547,35078,1,FEASIBLE,WORSE
2186,2,23,85,22997,35211,1,FEASIBLE,WORSE
2187,2,23,86,23226,35260,1,FEASIBLE,WORSE
2188,2,23,87,22721,34676,1,FEASIBLE,WORSE
2189,2,23,88,23368,35088,1,FEASIBLE,WORSE
2190,2,23,89,24424,35682,0,CAPACITY_EXCEEDED,INVALID
2191,2,23,90,22870,34863,1,FEASIBLE,WORSE
2192,2,23,91,24225,35992,1,FEASIBLE,WORSE
2193,2,23,92,24476,36097,0,CAPACITY_EXCEEDED,INVALID
2194,2,23,93,23564,35449,1,FEASIBLE,WORSE
2195,2,23,94,24197,36108,1,FEASIBLE,WORSE
2196,2,23,95,24214,35988,1,FEASIBLE,WORSE
2197,2,23,96,24279,35752,1,FEASIBLE,WORSE
2198,2,23,97,23193,35033,1,FEASIBLE,WORSE
2199,2,23,98,23531,35559,1,FEASIBLE,WORSE
2200,2,23,99,23410,34878,1,FEASIBLE,WORSE
2201,2,24,25,24134,36016,1,FEASIBLE,WORSE
2202,2,24,26,23986,35633,1,FEASIBLE,WORSE
2203,2,24,27,23806,35582,1,FEASIBLE,WORSE
2204,2,24,28,24807,36730,0,CAPACITY_EXCEEDED,INVALID
2205,2,24,29,25162,36396,0,CAPACITY_EXCEEDED,INVALID
2206,2,24,30,23840,36041,1,FEASIBLE,WORSE
2207,2,24,31,24054,36098,1,FEASIBLE,WORSE
2208,2,24,32,24757,36590,0,CAPACITY_EXCEEDED,INVALID
2209,2,24,33,24057,35498,1,FEASIBLE,WORSE
2210,2,24,34,24108,36108,1,FEASIBLE,WORSE
2211,2,24,35,23639,35421,1,FEASIBLE,WORSE
2212,2,24,36,23499,35428,1,FEASIBLE,WORSE
2213,2,24,37,24129,36253,1,FEASIBLE,WORSE
2214,2,24,38,23743,35929,1,FEASIBLE,WORSE
2215,2,24,39,24899,36800,0,CAPACITY_EXCEEDED,INVALID
2216,2,24,40,24960,36332,0,CAPACITY_EXCEEDED,INVALID
2217,2,24,41,23811,35883,1,FEASIBLE,WORSE
2218,2,24,42,23307,35401,1,FEASIBLE,WORSE
2219,2,24,43,24365,36421,0,CAPACITY_EXCEEDED,INVALID
2220,2,24,44,23479,35711,1,FEASIBLE,WORSE
2221,2,24,45,24967,36430,0,CAPACITY_EXCEEDED,INVALID
2222,2,24,46,25076,36887,0,CAPACITY_EXCEEDED,INVALID
2223,2,24,47,23700,35412,1,FEASIBLE,WORSE
2224,2,24,48,24095,36104,1,FEASIBLE,WORSE
2225,2,24,49,24146,36299,1,FEASIBLE,WORSE
2226,2,24,50,24724,36392,0,CAPACITY_EXCEEDED,INVALID
2227,2,24,51,24021,35768,1,FEASIBLE,WORSE
2228,2,24,52,24825,36326,0,CAPACITY_EXCEEDED,INVALID
2229,2,24,53,24110,36223,1,FEASIBLE,WORSE
2230,2,24,54,24976,36805,0,CAPACITY_EXCEEDED,INVALID
2231,2,24,55,23972,35387,1,FEASIBLE,WORSE
2232,2,24,56,24181,35887,1,FEASIBLE,WORSE
2233,2,24,57,24019,35909,1,FEASIBLE,WORSE
2234,2,24,58,23738,35669,1,FEASIBLE,WORSE
2235,2,24,59,24755,36402,0,CAPACITY_EXCEEDED,INVALID
2236,2,24,60,23806,35728,1,FEASIBLE,WORSE
2237,2,24,61,24021,36135,1,FEASIBLE,WORSE
2238,2,24,62,23712,35699,1,FEASIBLE,WORSE
2239,2,24,63,23248,35349,1,FEASIBLE,WORSE
2240,2,24,64,24731,36363,0,CAPACITY_EXCEEDED,INVALID
2241,2,24,65,25137,36864,0,CAPACITY_EXCEEDED,INVALID
2242,2,24,66,24166,35701,1,FEASIBLE,WORSE
2243,2,24,67,25189,36458,0,CAPACITY_EXCEEDED,INVALID
2244,2,24,68,25084,36577,0,CAPACITY_EXCEEDED,INVALID
2245,2,24,69,23650,35313,1,FEASIBLE,WORSE
2246,2,24,70,23671,35310,1,FEASIBLE,WORSE
2247,2,24,71,24733,36430,0,CAPACITY_EXCEEDED,INVALID
2248,2,24,72,23285,35602,1,FEASIBLE,WORSE
2249,2,24,73,24129,35357,1,FEASIBLE,WORSE
2250,2,24,74,24838,36545,0,CAPACITY_EXCEEDED,INVALID
2251,2,24,75,23652,35696,1,FEASIBLE,WORSE
2252,2,24,76,24496,36352,0,CAPACITY_EXCEEDED,INVALID
2253,2,24,77,24920,36674,0,CAPACITY_EXCEEDED,INVALID
2254,2,24,78,23474,35633,1,FEASIBLE,WORSE
2255,2,24,79,24091,35717,1,FEASIBLE,WORSE
2256,2,24,80,23495,35533,1,FEASIBLE,WORSE
2257,2,24,81,24649,36395,0,CAPACITY_EXCEEDED,INVALID
2258,2,24,82,24686,36656,0,CAPACITY_EXCEEDED,INVALID
2259,2,24,83,23558,35443,1,FEASIBLE,WORSE
2260,2,24,84,24142,35723,1,FEASIBLE,WORSE
2261,2,24,85,23592,35856,1,FEASIBLE,WORSE
2262,2,24,86,23821,35905,1,FEASIBLE,WORSE
2263,2,24,87,23316,35321,1,FEASIBLE,WORSE
2264,2,24,88,23963,35733,1,FEASIBLE,WORSE
2265,2,24,89,25019,36327,0,CAPACITY_EXCEEDED,INVALID
2266,2,24,90,23465,35508,1,FEASIBLE,WORSE
2267,2,24,91,24820,36637,0,CAPACITY_EXCEEDED,INVALID
2268,2,24,92,25071,36742,0,CAPACITY_EXCEEDED,INVALID
2269,2,24,93,24159,36094,1,FEASIBLE,WORSE
2270,2,24,94,24792,36753,0,CAPACITY_EXCEEDED,INVALID
2271,2,24,95,24809,36633,0,CAPACITY_EXCEEDED,INVALID
2272,2,24,96,24874,36397,0,CAPACITY_EXCEEDED,INVALID
2273,2,24,97,23788,35678,1,FEASIBLE,WORSE
2274,2,24,98,24126,36204,1,FEASIBLE,WORSE
2275,2,24,99,24005,35523,1,FEASIBLE,WORSE
2276,2,25,26,23937,35443,1,FEASIBLE,WORSE
2277,2,25,27,23757,35392,1,FEASIBLE,WORSE
2278,2,25,28,24758,36540,0,CAPACITY_EXCEEDED,INVALID
2279,2,25,29,25113,36206,0,CAPACITY_EXCEEDED,INVALID
2280,2,25,30,23791,35851,1,FEASIBLE,WORSE
2281,2,25,31,24005,35908,1,FEASIBLE,WORSE
2282,2,25,32,24708,36400,0,CAPACITY_EXCEEDED,INVALID
2283,2,25,33,24008,35308,1,FEASIBLE,WORSE
2284,2,25,34,24059,35918,1,FEASIBLE,WORSE
2285,2,25,35,23590,35231,1,FEASIBLE,WORSE
2286,2,25,36,23450,35238,1,FEASIBLE,WORSE
2287,2,25,37,24080,36063,1,FEASIBLE,WORSE
2288,2,25,38,23694,35739,1,FEASIBLE,WORSE
2289,2,25,39,24850,36610,0,CAPACITY_EXCEEDED,INVALID
2290,2,25,40,24911,36142,0,CAPACITY_EXCEEDED,INVALID
2291,2,25,41,23762,35693,1,FEASIBLE,WORSE
2292,2,25,42,23258,35211,1,FEASIBLE,WORSE
2293,2,25,43,24316,36231,0,CAPACITY_EXCEEDED,INVALID
2294,2,25,44,23430,35521,1,FEASIBLE,WORSE
2295,2,25,45,24918,36240,0,CAPACITY_EXCEEDED,INVALID
2296,2,25,46,25027,36697,0,CAPACITY_EXCEEDED,INVALID
2297,2,25,47,23651,35222,1,FEASIBLE,WORSE
2298,2,25,48,24046,35914,1,FEASIBLE,WORSE
2299,2,25,49,24097,36109,1,FEASIBLE,WORSE
2300,2,25,50,24675,36202,0,CAPACITY_EXCEEDED,INVALID
2301,2,25,51,23972,35578,1,FEASIBLE,WORSE
2302,2,25,52,24776,36136,0,CAPACITY_EXCEEDED,INVALID
2303,2,25,53,24061,36033,1,FEASIBLE,WORSE
2304,2,25,54,24927,36615,0,CAPACITY_EXCEEDED,INVALID
2305,2,25,55,23923,35197,1,FEASIBLE,WORSE
2306,2,25,56,24132,35697,1,FEASIBLE,WORSE
2307,2,25,57,23970,35719,1,FEASIBLE,WORSE
2308,2,25,58,23689,35479,1,FEASIBLE,WORSE
2309,2,25,59,24706,36212,0,CAPACITY_EXCEEDED,INVALID
2310,2,25,60,23757,35538,1,FEASIBLE,WORSE
2311,2,25,61,23972,35945,1,FEASIBLE,WORSE
2312,2,25,62,23663,35509,1,FEASIBLE,WORSE
2313,2,25,63,23199,35159,1,FEASIBLE,WORSE
2314,2,25,64,24682,36173,0,CAPACITY_EXCEEDED,INVALID
2315,2,25,65,25088,36674,0,CAPACITY_EXCEEDED,INVALID
2316,2,25,66,24117,35511,1,FEASIBLE,WORSE
2317,2,25,67,25140,36268,0,CAPACITY_EXCEEDED,INVALID
2318,2,25,68,25035,36387,0,CAPACITY_EXCEEDED,INVALID
2319,2,25,69,23601,35123,1,FEASIBLE,WORSE
2320,2,25,70,23622,35120,1,FEASIBLE,WORSE
2321,2,25,71,24684,36240,0,CAPACITY_EXCEEDED,INVALID
2322,2,25,72,23236,35412,1,FEASIBLE,WORSE
2323,2,25,73,24080,35167,1,FEASIBLE,WORSE
2324,2,25,74,24789,36355,0,CAPACITY_EXCEEDED,INVALID
2325,2,25,75,23603,35506,1,FEASIBLE,WORSE
2326,2,25,76,24447,36162,0,CAPACITY_EXCEEDED,INVALID
2327,2,25,77,24871,36484,0,CAPACITY_EXCEEDED,INVALID
2328,2,25,78,23425,35443,1,FEASIBLE,WORSE
2329,2,25,79,24042,35527,1,FEASIBLE,WORSE
2330,2,25,80,23446,35343,1,FEASIBLE,WORSE
2331,2,25,81,24600,36205,0,CAPACITY_EXCEEDED,INVALID
2332,2,25,82,24637,36466,0,CAPACITY_EXCEEDED,INVALID
2333,2,25,83,23509,35253,1,FEASIBLE,WORSE
2334,2,25,84,24093,35533,1,FEASIBLE,WORSE
2335,2,25,85,23543,35666,1,FEASIBLE,WORSE
2336,2,25,86,23772,35715,1,FEASIBLE,WORSE
2337,2,25,87,23267,35131,1,FEASIBLE,WORSE
2338,2,25,88,23914,35543,1,FEASIBLE,WORSE
2339,2,25,89,24970,36137,0,CAPACITY_EXCEEDED,INVALID
2340,2,25,90,23416,35318,1,FEASIBLE,WORSE
2341,2,25,91,24771,36447,0,CAPACITY_EXCEEDED,INVALID
2342,2,25,92,25022,36552,0,CAPACITY_EXCEEDED,INVALID
2343,2,25,93,24110,35904,1,FEASIBLE,WORSE
2344,2,25,94,24743,36563,0,CAPACITY_EXCEEDED,INVALID
2345,2,25,95,24760,36443,0,CAPACITY_EXCEEDED,INVALID
2346,2,25,96,24825,36207,0,CAPACITY_EXCEEDED,INVALID
2347,2,25,97,23739,35488,1,FEASIBLE,WORSE
2348,2,25,98,24077,36014,1,FEASIBLE,WORSE
2349,2,25,99,23956,35333,1,FEASIBLE,WORSE
2350,2,26,27,23609,35009,1,FEASIBLE,WORSE
2351,2,26,28,24610,36157,0,CAPACITY_EXCEEDED,INVALID
2352,2,26,29,24965,35823,0,CAPACITY_EXCEEDED,INVALID
2353,2,26,30,23643,35468,1,FEASIBLE,WORSE
2354,2,26,31,23857,35525,1,FEASIBLE,WORSE
2355,2,26,32,24560,36017,0,CAPACITY_EXCEEDED,INVALID
2356,2,26,33,23860,34925,1,FEASIBLE,WORSE
2357,2,26,34,23911,35535,1,FEASIBLE,WORSE
2358,2,26,35,23442,34848,1,FEASIBLE,WORSE
2359,2,26,36,23302,34855,1,FEASIBLE,WORSE
2360,2,26,37,23932,35680,1,FEASIBLE,WORSE
2361,2,26,38,23546,35356,1,FEASIBLE,WORSE
2362,2,26,39,24702,36227,0,CAPACITY_EXCEEDED,INVALID
2363,2,26,40,24763,35759,0,CAPACITY_EXCEEDED,INVALID
2364,2,26,41,23614,35310,1,FEASIBLE,WORSE
2365,2,26,42,23110,34828,1,FEASIBLE,WORSE
2366,2,26,43,24168,35848,1,FEASIBLE,WORSE
2367,2,26,44,23282,35138,1,FEASIBLE,WORSE
2368,2,26,45,24770,35857,0,CAPACITY_EXCEEDED,INVALID
2369,2,26,46,24879,36314,0,CAPACITY_EXCEEDED,INVALID
2370,2,26,47,23503,34839,1,FEASIBLE,WORSE
2371,2,26,48,23898,35531,1,FEASIBLE,WORSE
2372,2,26,49,23949,35726,1,FEASIBLE,WORSE
2373,2,26,50,24527,35819,0,CAPACITY_EXCEEDED,INVALID
2374,2,26,51,23824,35195,1,FEASIBLE,WORSE
2375,2,26,52,24628,35753,0,CAPACITY_EXCEEDED,INVALID
2376,2,26,53,23913,35650,1,FEASIBLE,WORSE
2377,2,26,54,24779,36232,0,CAPACITY_EXCEEDED,INVALID
2378,2,26,55,23775,34814,1,FEASIBLE,WORSE
2379,2,26,56,23984,35314,1,FEASIBLE,WORSE
2380,2,26,57,23822,35336,1,FEASIBLE,WORSE
2381,2,26,58,23541,35096,1,FEASIBLE,WORSE
2382,2,26,59,24558,35829,0,CAPACITY_EXCEEDED,INVALID
2383,2,26,60,23609,35155,1,FEASIBLE,WORSE
2384,2,26,61,23824,35562,1,FEASIBLE,WORSE
2385,2,26,62,23515,35126,1,FEASIBLE,WORSE
2386,2,26,63,23051,34776,1,FEASIBLE,WORSE
2387,2,26,64,24534,35790,0,CAPACITY_EXCEEDED,INVALID
2388,2,26,65,24940,36291,0,CAPACITY_EXCEEDED,INVALID
2389,2,26,66,23969,35128,1,FEASIBLE,WORSE
2390,2,26,67,24992,35885,0,CAPACITY_EXCEEDED,INVALID
2391,2,26,68,24887,36004,0,CAPACITY_EXCEEDED,INVALID
2392,2,26,69,23453,34740,1,FEASIBLE,WORSE
2393,2,26,70,23474,34737,1,FEASIBLE,WORSE
2394,2,26,71,24536,35857,0,CAPACITY_EXCEEDED,INVALID
2395,2,26,72,23088,35029,1,FEASIBLE,WORSE
2396,2,26,73,23932,34784,1,FEASIBLE,WORSE
2397,2,26,74,24641,35972,0,CAPACITY_EXCEEDED,INVALID
2398,2,26,75,23455,35123,1,FEASIBLE,WORSE
2399,2,26,76,24299,35779,0,CAPACITY_EXCEEDED,INVALID
2400,2,26,77,24723,36101,0,CAPACITY_EXCEEDED,INVALID
2401,2,26,78,23277,35060,1,FEASIBLE,WORSE
2402,2,26,79,23894,35144,1,FEASIBLE,WORSE
2403,2,26,80,23298,34960,1,FEASIBLE,WORSE
2404,2,26,81,24452,35822,0,CAPACITY_EXCEEDED,INVALID
2405,2,26,82,24489,36083,0,CAPACITY_EXCEEDED,INVALID
2406,2,26,83,23361,34870,1,FEASIBLE,WORSE
2407,2,26,84,23945,35150,1,FEASIBLE,WORSE
2408,2,26,85,23395,35283,1,FEASIBLE,WORSE
2409,2,26,86,23624,35332,1,FEASIBLE,WORSE
2410,2,26,87,23119,34748,1,FEASIBLE,WORSE
2411,2,26,88,23766,35160,1,FEASIBLE,WORSE
2412,2,26,89,24822,35754,0,CAPACITY_EXCEEDED,INVALID
2413,2,26,90,23268,34935,1,FEASIBLE,WORSE
2414,2,26,91,24623,36064,0,CAPACITY_EXCEEDED,INVALID
2415,2,26,92,24874,36169,0,CAPACITY_EXCEEDED,INVALID
2416,2,26,93,23962,35521,1,FEASIBLE,WORSE
2417,2,26,94,24595,36180,0,CAPACITY_EXCEEDED,INVALID
2418,2,26,95,24612,36060,0,CAPACITY_EXCEEDED,INVALID
2419,2,26,96,24677,35824,0,CAPACITY_EXCEEDED,INVALID
2420,2,26,97,23591,35105,1,FEASIBLE,WORSE
2421,2,26,98,23929,35631,1,FEASIBLE,WORSE
2422,2,26,99,23808,34950,1,FEASIBLE,WORSE
2423,2,27,28,24430,36106,0,CAPACITY_EXCEEDED,INVALID
2424,2,27,29,24785,35772,0,CAPACITY_EXCEEDED,INVALID
2425,2,27,30,23463,35417,1,FEASIBLE,WORSE
2426,2,27,31,23677,35474,1,FEASIBLE,WORSE
2427,2,27,32,24380,35966,0,CAPACITY_EXCEEDED,INVALID
2428,2,27,33,23680,34874,1,FEASIBLE,WORSE
2429,2,27,34,23731,35484,1,FEASIBLE,WORSE
2430,2,27,35,23262,34797,1,FEASIBLE,WORSE
2431,2,27,36,23122,34804,1,FEASIBLE,WORSE
2432,2,27,37,23752,35629,1,FEASIBLE,WORSE
2433,2,27,38,23366,35305,1,FEASIBLE,WORSE
2434,2,27,39,24522,36176,0,CAPACITY_EXCEEDED,INVALID
2435,2,27,40,24583,35708,0,CAPACITY_EXCEEDED,INVALID
2436,2,27,41,23434,35259,1,FEASIBLE,WORSE
2437,2,27,42,22930,34777,1,FEASIBLE,WORSE
2438,2,27,43,23988,35797,1,FEASIBLE,WORSE
2439,2,27,44,23102,35087,1,FEASIBLE,WORSE
2440,2,27,45,24590,35806,0,CAPACITY_EXCEEDED,INVALID
2441,2,27,46,24699,36263,0,CAPACITY_EXCEEDED,INVALID
2442,2,27,47,23323,34788,1,FEASIBLE,WORSE
2443,2,27,48,23718,35480,1,FEASIBLE,WORSE
2444,2,27,49,23769,35675,1,FEASIBLE,WORSE
2445,2,27,50,24347,35768,0,CAPACITY_EXCEEDED,INVALID
2446,2,27,51,23644,35144,1,FEASIBLE,WORSE
2447,2,27,52,24448,35702,0,CAPACITY_EXCEEDED,INVALID
2448,2,27,53,23733,35599,1,FEASIBLE,WORSE
2449,2,27,54,24599,36181,0,CAPACITY_EXCEEDED,INVALID
2450,2,27,55,23595,34763,1,FEASIBLE,WORSE
2451,2,27,56,23804,35263,1,FEASIBLE,WORSE
2452,2,27,57,23642,35285,1,FEASIBLE,WORSE
2453,2,27,58,23361,35045,1,FEASIBLE,WORSE
2454,2,27,59,24378,35778,0,CAPACITY_EXCEEDED,INVALID
2455,2,27,60,23429,35104,1,FEASIBLE,WORSE
2456,2,27,61,23644,35511,1,FEASIBLE,WORSE
2457,2,27,62,23335,35075,1,FEASIBLE,WORSE
2458,2,27,63,22871,34725,1,FEASIBLE,WORSE
2459,2,27,64,24354,35739,0,CAPACITY_EXCEEDED,INVALID
2460,2,27,65,24760,36240,0,CAPACITY_EXCEEDED,INVALID
2461,2,27,66,23789,35077,1,FEASIBLE,WORSE
2462,2,27,67,24812,35834,0,CAPACITY_EXCEEDED,INVALID
2463,2,27,68,24707,35953,0,CAPACITY_EXCEEDED,INVALID
2464,2,27,69,23273,34689,1,FEASIBLE,WORSE
2465,2,27,70,23294,34686,1,FEASIBLE,WORSE
2466,2,27,71,24356,35806,0,CAPACITY_EXCEEDED,INVALID
2467,2,27,72,22908,34978,1,FEASIBLE,WORSE
2468,2,27,73,23752,34733,1,FEASIBLE,WORSE
2469,2,27,74,24461,35921,0,CAPACITY_EXCEEDED,INVALID
2470,2,27,75,23275,35072,1,FEASIBLE,WORSE
2471,2,27,76,24119,35728,1,FEASIBLE,WORSE
2472,2,27,77,24543,36050,0,CAPACITY_EXCEEDED,INVALID
2473,2,27,78,23097,35009,1,FEASIBLE,WORSE
2474,2,27,79,23714,35093,1,FEASIBLE,WORSE
2475,2,27,80,23118,34909,1,FEASIBLE,WORSE
2476,2,27,81,24272,35771,1,FEASIBLE,WORSE
2477,2,27,82,24309,36032,0,CAPACITY_EXCEEDED,INVALID
2478,2,27,83,23181,34819,1,FEASIBLE,WORSE
2479,2,27,84,23765,35099,1,FEASIBLE,WORSE
2480,2,27,85,23215,35232,1,FEASIBLE,WORSE
2481,2,27,86,23444,35281,1,FEASIBLE,WORSE
2482,2,27,87,22939,34697,1,FEASIBLE,WORSE
2483,2,27,88,23586,35109,1,FEASIBLE,WORSE
2484,2,27,89,24642,35703,0,CAPACITY_EXCEEDED,INVALID
2485,2,27,90,23088,34884,1,FEASIBLE,WORSE
2486,2,27,91,24443,36013,0,CAPACITY_EXCEEDED,INVALID
2487,2,27,92,24694,36118,0,CAPACITY_EXCEEDED,INVALID
2488,2,27,93,23782,35470,1,FEASIBLE,WORSE
2489,2,27,94,24415,36129,0,CAPACITY_EXCEEDED,INVALID
2490,2,27,95,24432,36009,0,CAPACITY_EXCEEDED,INVALID
2491,2,27,96,24497,35773,0,CAPACITY_EXCEEDED,INVALID
2492,2,27,97,23411,35054,1,FEASIBLE,WORSE
2493,2,27,98,23749,35580,1,FEASIBLE,WORSE
2494,2,27,99,23628,34899,1,FEASIBLE,WORSE
2495,2,28,29,25786,36920,0,CAPACITY_EXCEEDED,INVALID
2496,2,28,30,24464,36565,0,CAPACITY_EXCEEDED,INVALID
2497,2,28,31,24678,36622,0,CAPACITY_EXCEEDED,INVALID
2498,2,28,32,25381,37114,0,CAPACITY_EXCEEDED,INVALID
2499,2,28,33,24681,36022,0,CAPACITY_EXCEEDED,INVALID
2500,2,28,34,24732,36632,0,CAPACITY_EXCEEDED,INVALID
2501,2,28,35,24263,35945,1,FEASIBLE,WORSE
2502,2,28,36,24123,35952,1,FEASIBLE,WORSE
2503,2,28,37,24753,36777,0,CAPACITY_EXCEEDED,INVALID
2504,2,28,38,24367,36453,0,CAPACITY_EXCEEDED,INVALID
2505,2,28,39,25523,37324,0,CAPACITY_EXCEEDED,INVALID
2506,2,28,40,25584,36856,0,CAPACITY_EXCEEDED,INVALID
2507,2,28,41,24435,36407,0,CAPACITY_EXCEEDED,INVALID
2508,2,28,42,23931,35925,1,FEASIBLE,WORSE
2509,2,28,43,24989,36945,0,CAPACITY_EXCEEDED,INVALID
2510,2,28,44,24103,36235,1,FEASIBLE,WORSE
2511,2,28,45,25591,36954,0,CAPACITY_EXCEEDED,INVALID
2512,2,28,46,25700,37411,0,CAPACITY_EXCEEDED,INVALID
2513,2,28,47,24324,35936,0,CAPACITY_EXCEEDED,INVALID
2514,2,28,48,24719,36628,0,CAPACITY_EXCEEDED,INVALID
2515,2,28,49,24770,36823,0,CAPACITY_EXCEEDED,INVALID
2516,2,28,50,25348,36916,0,CAPACITY_EXCEEDED,INVALID
2517,2,28,51,24645,36292,0,CAPACITY_EXCEEDED,INVALID
2518,2,28,52,25449,36850,0,CAPACITY_EXCEEDED,INVALID
2519,2,28,53,24734,36747,0,CAPACITY_EXCEEDED,INVALID
2520,2,28,54,25600,37329,0,CAPACITY_EXCEEDED,INVALID
2521,2,28,55,24596,35911,0,CAPACITY_EXCEEDED,INVALID
2522,2,28,56,24805,36411,0,CAPACITY_EXCEEDED,INVALID
2523,2,28,57,24643,36433,0,CAPACITY_EXCEEDED,INVALID
2524,2,28,58,24362,36193,0,CAPACITY_EXCEEDED,INVALID
2525,2,28,59,25379,36926,0,CAPACITY_EXCEEDED,INVALID
2526,2,28,60,24430,36252,0,CAPACITY_EXCEEDED,INVALID
2527,2,28,61,24645,36659,0,CAPACITY_EXCEEDED,INVALID
2528,2,28,62,24336,36223,0,CAPACITY_EXCEEDED,INVALID
2529,2,28,63,23872,35873,1,FEASIBLE,WORSE
2530,2,28,64,25355,36887,0,CAPACITY_EXCEEDED,INVALID
2531,2,28,65,25761,37388,0,CAPACITY_EXCEEDED,INVALID
2532,2,28,66,24790,36225,0,CAPACITY_EXCEEDED,INVALID
2533,2,28,67,25813,36982,0,CAPACITY_EXCEEDED,INVALID
2534,2,28,68,25708,37101,0,CAPACITY_EXCEEDED,INVALID
2535,2,28,69,24274,35837,1,FEASIBLE,WORSE
2536,2,28,70,24295,35834,0,CAPACITY_EXCEEDED,INVALID
2537,2,28,71,25357,36954,0,CAPACITY_EXCEEDED,INVALID
2538,2,28,72,23909,36126,1,FEASIBLE,WORSE
2539,2,28,73,24753,35881,0,CAPACITY_EXCEEDED,INVALID
2540,2,28,74,25462,37069,0,CAPACITY_EXCEEDED,INVALID
2541,2,28,75,24276,36220,1,FEASIBLE,WORSE
2542,2,28,76,25120,36876,0,CAPACITY_EXCEEDED,INVALID
2543,2,28,77,25544,37198,0,CAPACITY_EXCEEDED,INVALID
2544,2,28,78,24098,36157,1,FEASIBLE,WORSE
2545,2,28,79,24715,36241,0,CAPACITY_EXCEEDED,INVALID
2546,2,28,80,24119,36057,1,FEASIBLE,WORSE
2547,2,28,81,25273,36919,0,CAPACITY_EXCEEDED,INVALID
2548,2,28,82,25310,37180,0,CAPACITY_EXCEEDED,INVALID
2549,2,28,83,24182,35967,1,FEASIBLE,WORSE
2550,2,28,84,24766,36247,0,CAPACITY_EXCEEDED,INVALID
2551,2,28,85,24216,36380,1,FEASIBLE,WORSE
2552,2,28,86,24445,36429,0,CAPACITY_EXCEEDED,INVALID
2553,2,28,87,23940,35845,1,FEASIBLE,WORSE
2554,2,28,88,24587,36257,0,CAPACITY_EXCEEDED,INVALID
2555,2,28,89,25643,36851,0,CAPACITY_EXCEEDED,INVALID
2556,2,28,90,24089,36032,1,FEASIBLE,WORSE
2557,2,28,91,25444,37161,0,CAPACITY_EXCEEDED,INVALID
2558,2,28,92,25695,37266,0,CAPACITY_EXCEEDED,INVALID
2559,2,28,93,24783,36618,0,CAPACITY_EXCEEDED,INVALID
2560,2,28,94,25416,37277,0,CAPACITY_EXCEEDED,INVALID
2561,2,28,95,25433,37157,0,CAPACITY_EXCEEDED,INVALID
2562,2,28,96,25498,36921,0,CAPACITY_EXCEEDED,INVALID
2563,2,28,97,24412,36202,0,CAPACITY_EXCEEDED,INVALID
2564,2,28,98,24750,36728,0,CAPACITY_EXCEEDED,INVALID
2565,2,28,99,24629,36047,0,CAPACITY_EXCEEDED,INVALID
2566,2,29,30,24819,36231,0,CAPACITY_EXCEEDED,INVALID
2567,2,29,31,25033,36288,0,CAPACITY_EXCEEDED,INVALID
2568,2,29,32,25736,36780,0,CAPACITY_EXCEEDED,INVALID
2569,2,29,33,25036,35688,0,CAPACITY_EXCEEDED,INVALID
2570,2,29,34,25087,36298,0,CAPACITY_EXCEEDED,INVALID
2571,2,29,35,24618,35611,0,CAPACITY_EXCEEDED,INVALID
2572,2,29,36,24478,35618,0,CAPACITY_EXCEEDED,INVALID
2573,2,29,37,25108,36443,0,CAPACITY_EXCEEDED,INVALID
2574,2,29,38,24722,36119,0,CAPACITY_EXCEEDED,INVALID
2575,2,29,39,25878,36990,0,CAPACITY_EXCEEDED,INVALID
2576,2,29,40,25939,36522,0,CAPACITY_EXCEEDED,INVALID
2577,2,29,41,24790,36073,0,CAPACITY_EXCEEDED,INVALID
2578,2,29,42,24286,35591,0,CAPACITY_EXCEEDED,INVALID
2579,2,29,43,25344,36611,0,CAPACITY_EXCEEDED,INVALID
2580,2,29,44,24458,35901,0,CAPACITY_EXCEEDED,INVALID
2581,2,29,45,25946,36620,0,CAPACITY_EXCEEDED,INVALID
2582,2,29,46,26055,37077,0,CAPACITY_EXCEEDED,INVALID
2583,2,29,47,24679,35602,0,CAPACITY_EXCEEDED,INVALID
2584,2,29,48,25074,36294,0,CAPACITY_EXCEEDED,INVALID
2585,2,29,49,25125,36489,0,CAPACITY_EXCEEDED,INVALID
2586,2,29,50,25703,36582,0,CAPACITY_EXCEEDED,INVALID
2587,2,29,51,25000,35958,0,CAPACITY_EXCEEDED,INVALID
2588,2,29,52,25804,36516,0,CAPACITY_EXCEEDED,INVALID
2589,2,29,53,25089,36413,0,CAPACITY_EXCEEDED,INVALID
2590,2,29,54,25955,36995,0,CAPACITY_EXCEEDED,INVALID
2591,2,29,55,24951,35577,0,CAPACITY_EXCEEDED,INVALID
2592,2,29,56,25160,36077,0,CAPACITY_EXCEEDED,INVALID
2593,2,29,57,24998,36099,0,CAPACITY_EXCEEDED,INVALID
2594,2,29,58,24717,35859,0,CAPACITY_EXCEEDED,INVALID
2595,2,29,59,25734,36592,0,CAPACITY_EXCEEDED,INVALID
2596,2,29,60,24785,35918,0,CAPACITY_EXCEEDED,INVALID
2597,2,29,61,25000,36325,0,CAPACITY_EXCEEDED,INVALID
2598,2,29,62,24691,35889,0,CAPACITY_EXCEEDED,INVALID
2599,2,29,63,24227,35539,1,FEASIBLE,WORSE
2600,2,29,64,25710,36553,0,CAPACITY_EXCEEDED,INVALID
2601,2,29,65,26116,37054,0,CAPACITY_EXCEEDED,INVALID
2602,2,29,66,25145,35891,0,CAPACITY_EXCEEDED,INVALID
2603,2,29,67,26168,36648,0,CAPACITY_EXCEEDED,INVALID
2604,2,29,68,26063,36767,0,CAPACITY_EXCEEDED,INVALID
2605,2,29,69,24629,35503,0,CAPACITY_EXCEEDED,INVALID
2606,2,29,70,24650,35500,0,CAPACITY_EXCEEDED,INVALID
2607,2,29,71,25712,36620,0,CAPACITY_EXCEEDED,INVALID
2608,2,29,72,24264,35792,1,FEASIBLE,WORSE
2609,2,29,73,25108,35547,0,CAPACITY_EXCEEDED,INVALID
2610,2,29,74,25817,36735,0,CAPACITY_EXCEEDED,INVALID
2611,2,29,75,24631,35886,0,CAPACITY_EXCEEDED,INVALID
2612,2,29,76,25475,36542,0,CAPACITY_EXCEEDED,INVALID
2613,2,29,77,25899,36864,0,CAPACITY_EXCEEDED,INVALID
2614,2,29,78,24453,35823,0,CAPACITY_EXCEEDED,INVALID
2615,2,29,79,25070,35907,0,CAPACITY_EXCEEDED,INVALID
2616,2,29,80,24474,35723,0,CAPACITY_EXCEEDED,INVALID
2617,2,29,81,25628,36585,0,CAPACITY_EXCEEDED,INVALID
2618,2,29,82,25665,36846,0,CAPACITY_EXCEEDED,INVALID
2619,2,29,83,24537,35633,0,CAPACITY_EXCEEDED,INVALID
2620,2,29,84,25121,35913,0,CAPACITY_EXCEEDED,INVALID
2621,2,29,85,24571,36046,0,CAPACITY_EXCEEDED,INVALID
2622,2,29,86,24800,36095,0,CAPACITY_EXCEEDED,INVALID
2623,2,29,87,24295,35511,0,CAPACITY_EXCEEDED,INVALID
2624,2,29,88,24942,35923,0,CAPACITY_EXCEEDED,INVALID
2625,2,29,89,25998,36517,0,CAPACITY_EXCEEDED,INVALID
2626,2,29,90,24444,35698,0,CAPACITY_EXCEEDED,INVALID
2627,2,29,91,25799,36827,0,CAPACITY_EXCEEDED,INVALID
2628,2,29,92,26050,36932,0,CAPACITY_EXCEEDED,INVALID
2629,2,29,93,25138,36284,0,CAPACITY_EXCEEDED,INVALID
2630,2,29,94,25771,36943,0,CAPACITY_EXCEEDED,INVALID
2631,2,29,95,25788,36823,0,CAPACITY_EXCEEDED,INVALID
2632,2,29,96,25853,36587,0,CAPACITY_EXCEEDED,INVALID
2633,2,29,97,24767,35868,0,CAPACITY_EXCEEDED,INVALID
2634,2,29,98,25105,36394,0,CAPACITY_EXCEEDED,INVALID
2635,2,29,99,24984,35713,0,CAPACITY_EXCEEDED,INVALID
2636,2,30,31,23711,35933,1,FEASIBLE,WORSE
2637,2,30,32,24414,36425,0,CAPACITY_EXCEEDED,INVALID
2638,2,30,33,23714,35333,1,FEASIBLE,WORSE
2639,2,30,34,23765,35943,1,FEASIBLE,WORSE
2640,2,30,35,23296,35256,1,FEASIBLE,WORSE
2641,2,30,36,23156,35263,1,FEASIBLE,WORSE
2642,2,30,37,23786,36088,1,FEASIBLE,WORSE
2643,2,30,38,23400,35764,1,FEASIBLE,WORSE
2644,2,30,39,24556,36635,0,CAPACITY_EXCEEDED,INVALID
2645,2,30,40,24617,36167,0,CAPACITY_EXCEEDED,INVALID
2646,2,30,41,23468,35718,1,FEASIBLE,WORSE
2647,2,30,42,22964,35236,1,FEASIBLE,WORSE
2648,2,30,43,24022,36256,1,FEASIBLE,WORSE
2649,2,30,44,23136,35546,1,FEASIBLE,WORSE
2650,2,30,45,24624,36265,0,CAPACITY_EXCEEDED,INVALID
2651,2,30,46,24733,36722,0,CAPACITY_EXCEEDED,INVALID
2652,2,30,47,23357,35247,1,FEASIBLE,WORSE
2653,2,30,48,23752,35939,1,FEASIBLE,WORSE
2654,2,30,49,23803,36134,1,FEASIBLE,WORSE
2655,2,30,50,24381,36227,0,CAPACITY_EXCEEDED,INVALID
2656,2,30,51,23678,35603,1,FEASIBLE,WORSE
2657,2,30,52,24482,36161,0,CAPACITY_EXCEEDED,INVALID
2658,2,30,53,23767,36058,1,FEASIBLE,WORSE
2659,2,30,54,24633,36640,0,CAPACITY_EXCEEDED,INVALID
2660,2,30,55,23629,35222,1,FEASIBLE,WORSE
2661,2,30,56,23838,35722,1,FEASIBLE,WORSE
2662,2,30,57,23676,35744,1,FEASIBLE,WORSE
2663,2,30,58,23395,35504,1,FEASIBLE,WORSE
2664,2,30,59,24412,36237,0,CAPACITY_EXCEEDED,INVALID
2665,2,30,60,23463,35563,1,FEASIBLE,WORSE
2666,2,30,61,23678,35970,1,FEASIBLE,WORSE
2667,2,30,62,23369,35534,1,FEASIBLE,WORSE
2668,2,30,63,22905,35184,1,FEASIBLE,WORSE
2669,2,30,64,24388,36198,0,CAPACITY_EXCEEDED,INVALID
2670,2,30,65,24794,36699,0,CAPACITY_EXCEEDED,INVALID
2671,2,30,66,23823,35536,1,FEASIBLE,WORSE
2672,2,30,67,24846,36293,0,CAPACITY_EXCEEDED,INVALID
2673,2,30,68,24741,36412,0,CAPACITY_EXCEEDED,INVALID
2674,2,30,69,23307,35148,1,FEASIBLE,WORSE
2675,2,30,70,23328,35145,1,FEASIBLE,WORSE
2676,2,30,71,24390,36265,0,CAPACITY_EXCEEDED,INVALID
2677,2,30,72,22942,35437,1,FEASIBLE,WORSE
2678,2,30,73,23786,35192,1,FEASIBLE,WORSE
2679,2,30,74,24495,36380,0,CAPACITY_EXCEEDED,INVALID
2680,2,30,75,23309,35531,1,FEASIBLE,WORSE
2681,2,30,76,24153,36187,1,FEASIBLE,WORSE
2682,2,30,77,24577,36509,0,CAPACITY_EXCEEDED,INVALID
2683,2,30,78,23131,35468,1,FEASIBLE,WORSE
2684,2,30,79,23748,35552,1,FEASIBLE,WORSE
2685,2,30,80,23152,35368,1,FEASIBLE,WORSE
2686,2,30,81,24306,36230,0,CAPACITY_EXCEEDED,INVALID
2687,2,30,82,24343,36491,0,CAPACITY_EXCEEDED,INVALID
2688,2,30,83,23215,35278,1,FEASIBLE,WORSE
2689,2,30,84,23799,35558,1,FEASIBLE,WORSE
2690,2,30,85,23249,35691,1,FEASIBLE,WORSE
2691,2,30,86,23478,35740,1,FEASIBLE,WORSE
2692,2,30,87,22973,35156,1,FEASIBLE,WORSE
2693,2,30,88,23620,35568,1,FEASIBLE,WORSE
2694,2,30,89,24676,36162,0,CAPACITY_EXCEEDED,INVALID
2695,2,30,90,23122,35343,1,FEASIBLE,WORSE
2696,2,30,91,24477,36472,0,CAPACITY_EXCEEDED,INVALID
2697,2,30,92,24728,36577,0,CAPACITY_EXCEEDED,INVALID
2698,2,30,93,23816,35929,1,FEASIBLE,WORSE
2699,2,30,94,24449,36588,0,CAPACITY_EXCEEDED,INVALID
2700,2,30,95,24466,36468,0,CAPACITY_EXCEEDED,INVALID
2701,2,30,96,24531,36232,0,CAPACITY_EXCEEDED,INVALID
2702,2,30,97,23445,35513,1,FEASIBLE,WORSE
2703,2,30,98,23783,36039,1,FEASIBLE,WORSE
2704,2,30,99,23662,35358,1,FEASIBLE,WORSE
2705,2,31,32,24628,36482,0,CAPACITY_EXCEEDED,INVALID
2706,2,31,33,23928,35390,1,FEASIBLE,WORSE
2707,2,31,34,23979,36000,1,FEASIBLE,WORSE
2708,2,31,35,23510,35313,1,FEASIBLE,WORSE
2709,2,31,36,23370,35320,1,FEASIBLE,WORSE
2710,2,31,37,24000,36145,1,FEASIBLE,WORSE
2711,2,31,38,23614,35821,1,FEASIBLE,WORSE
2712,2,31,39,24770,36692,0,CAPACITY_EXCEEDED,INVALID
2713,2,31,40,24831,36224,0,CAPACITY_EXCEEDED,INVALID
2714,2,31,41,23682,35775,1,FEASIBLE,WORSE
2715,2,31,42,23178,35293,1,FEASIBLE,WORSE
2716,2,31,43,24236,36313,1,FEASIBLE,WORSE
2717,2,31,44,23350,35603,1,FEASIBLE,WORSE
2718,2,31,45,24838,36322,0,CAPACITY_EXCEEDED,INVALID
2719,2,31,46,24947,36779,0,CAPACITY_EXCEEDED,INVALID
2720,2,31,47,23571,35304,1,FEASIBLE,WORSE
2721,2,31,48,23966,35996,1,FEASIBLE,WORSE
2722,2,31,49,24017,36191,1,FEASIBLE,WORSE
2723,2,31,50,24595,36284,0,CAPACITY_EXCEEDED,INVALID
2724,2,31,51,23892,35660,1,FEASIBLE,WORSE
2725,2,31,52,24696,36218,0,CAPACITY_EXCEEDED,INVALID
2726,2,31,53,23981,36115,1,FEASIBLE,WORSE
2727,2,31,54,24847,36697,0,CAPACITY_EXCEEDED,INVALID
2728,2,31,55,23843,35279,1,FEASIBLE,WORSE
2729,2,31,56,24052,35779,1,FEASIBLE,WORSE
2730,2,31,57,23890,35801,1,FEASIBLE,WORSE
2731,2,31,58,23609,35561,1,FEASIBLE,WORSE
2732,2,31,59,24626,36294,0,CAPACITY_EXCEEDED,INVALID
2733,2,31,60,23677,35620,1,FEASIBLE,WORSE
2734,2,31,61,23892,36027,1,FEASIBLE,WORSE
2735,2,31,62,23583,35591,1,FEASIBLE,WORSE
2736,2,31,63,23119,35241,1,FEASIBLE,WORSE
2737,2,31,64,24602,36255,0,CAPACITY_EXCEEDED,INVALID
2738,2,31,65,25008,36756,0,CAPACITY_EXCEEDED,INVALID
2739,2,31,66,24037,35593,1,FEASIBLE,WORSE
2740,2,31,67,25060,36350,0,CAPACITY_EXCEEDED,INVALID
2741,2,31,68,24955,36469,0,CAPACITY_EXCEEDED,INVALID
2742,2,31,69,23521,35205,1,FEASIBLE,WORSE
2743,2,31,70,23542,35202,1,FEASIBLE,WORSE
2744,2,31,71,24604,36322,0,CAPACITY_EXCEEDED,INVALID
2745,2,31,72,23156,35494,1,FEASIBLE,WORSE
2746,2,31,73,24000,35249,1,FEASIBLE,WORSE
2747,2,31,74,24709,36437,0,CAPACITY_EXCEEDED,INVALID
2748,2,31,75,23523,35588,1,FEASIBLE,WORSE
2749,2,31,76,24367,36244,0,CAPACITY_EXCEEDED,INVALID
2750,2,31,77,24791,36566,0,CAPACITY_EXCEEDED,INVALID
2751,2,31,78,23345,35525,1,FEASIBLE,WORSE
2752,2,31,79,23962,35609,1,FEASIBLE,WORSE
2753,2,31,80,23366,35425,1,FEASIBLE,WORSE
2754,2,31,81,24520,36287,0,CAPACITY_EXCEEDED,INVALID
2755,2,31,82,24557,36548,0,CAPACITY_EXCEEDED,INVALID
2756,2,31,83,23429,35335,1,FEASIBLE,WORSE
2757,2,31,84,24013,35615,1,FEASIBLE,WORSE
2758,2,31,85,23463,35748,1,FEASIBLE,WORSE
2759,2,31,86,23692,35797,1,FEASIBLE,WORSE
2760,2,31,87,23187,35213,1,FEASIBLE,WORSE
2761,2,31,88,23834,35625,1,FEASIBLE,WORSE
2762,2,31,89,24890,36219,0,CAPACITY_EXCEEDED,INVALID
2763,2,31,90,23336,35400,1,FEASIBLE,WORSE
2764,2,31,91,24691,36529,0,CAPACITY_EXCEEDED,INVALID
2765,2,31,92,24942,36634,0,CAPACITY_EXCEEDED,INVALID
2766,2,31,93,24030,35986,1,FEASIBLE,WORSE
2767,2,31,94,24663,36645,0,CAPACITY_EXCEEDED,INVALID
2768,2,31,95,24680,36525,0,CAPACITY_EXCEEDED,INVALID
2769,2,31,96,24745,36289,0,CAPACITY_EXCEEDED,INVALID
2770,2,31,97,23659,35570,1,FEASIBLE,WORSE
2771,2,31,98,23997,36096,1,FEASIBLE,WORSE
2772,2,31,99,23876,35415,1,FEASIBLE,WORSE
2773,2,32,33,24631,35882,0,CAPACITY_EXCEEDED,INVALID
2774,2,32,34,24682,36492,0,CAPACITY_EXCEEDED,INVALID
2775,2,32,35,24213,35805,1,FEASIBLE,WORSE
2776,2,32,36,24073,35812,1,FEASIBLE,WORSE
2777,2,32,37,24703,36637,0,CAPACITY_EXCEEDED,INVALID
2778,2,32,38,24317,36313,0,CAPACITY_EXCEEDED,INVALID
2779,2,32,39,25473,37184,0,CAPACITY_EXCEEDED,INVALID
2780,2,32,40,25534,36716,0,CAPACITY_EXCEEDED,INVALID
2781,2,32,41,24385,36267,0,CAPACITY_EXCEEDED,INVALID
2782,2,32,42,23881,35785,1,FEASIBLE,WORSE
2783,2,32,43,24939,36805,0,CAPACITY_EXCEEDED,INVALID
2784,2,32,44,24053,36095,1,FEASIBLE,WORSE
2785,2,32,45,25541,36814,0,CAPACITY_EXCEEDED,INVALID
2786,2,32,46,25650,37271,0,CAPACITY_EXCEEDED,INVALID
2787,2,32,47,24274,35796,1,FEASIBLE,WORSE
2788,2,32,48,24669,36488,0,CAPACITY_EXCEEDED,INVALID
2789,2,32,49,24720,36683,0,CAPACITY_EXCEEDED,INVALID
2790,2,32,50,25298,36776,0,CAPACITY_EXCEEDED,INVALID
2791,2,32,51,24595,36152,0,CAPACITY_EXCEEDED,INVALID
2792,2,32,52,25399,36710,0,CAPACITY_EXCEEDED,INVALID
2793,2,32,53,24684,36607,0,CAPACITY_EXCEEDED,INVALID
2794,2,32,54,25550,37189,0,CAPACITY_EXCEEDED,INVALID
2795,2,32,55,24546,35771,0,CAPACITY_EXCEEDED,INVALID
2796,2,32,56,24755,36271,0,CAPACITY_EXCEEDED,INVALID
2797,2,32,57,24593,36293,0,CAPACITY_EXCEEDED,INVALID
2798,2,32,58,24312,36053,0,CAPACITY_EXCEEDED,INVALID
2799,2,32,59,25329,36786,0,CAPACITY_EXCEEDED,INVALID
2800,2,32,60,24380,36112,0,CAPACITY_EXCEEDED,INVALID
2801,2,32,61,24595,36519,0,CAPACITY_EXCEEDED,INVALID
2802,2,32,62,24286,36083,0,CAPACITY_EXCEEDED,INVALID
2803,2,32,63,23822,35733,1,FEASIBLE,WORSE
2804,2,32,64,25305,36747,0,CAPACITY_EXCEEDED,INVALID
2805,2,32,65,25711,37248,0,CAPACITY_EXCEEDED,INVALID
2806,2,32,66,24740,36085,0,CAPACITY_EXCEEDED,INVALID
2807,2,32,67,25763,36842,0,CAPACITY_EXCEEDED,INVALID
2808,2,32,68,25658,36961,0,CAPACITY_EXCEEDED,INVALID
2809,2,32,69,24224,35697,1,FEASIBLE,WORSE
2810,2,32,70,24245,35694,1,FEASIBLE,WORSE
2811,2,32,71,25307,36814,0,CAPACITY_EXCEEDED,INVALID
2812,2,32,72,23859,35986,1,FEASIBLE,WORSE
2813,2,32,73,24703,35741,0,CAPACITY_EXCEEDED,INVALID
2814,2,32,74,25412,36929,0,CAPACITY_EXCEEDED,INVALID
2815,2,32,75,24226,36080,1,FEASIBLE,WORSE
2816,2,32,76,25070,36736,0,CAPACITY_EXCEEDED,INVALID
2817,2,32,77,25494,37058,0,CAPACITY_EXCEEDED,INVALID
2818,2,32,78,24048,36017,1,FEASIBLE,WORSE
2819,2,32,79,24665,36101,0,CAPACITY_EXCEEDED,INVALID
2820,2,32,80,24069,35917,1,FEASIBLE,WORSE
2821,2,32,81,25223,36779,0,CAPACITY_EXCEEDED,INVALID
2822,2,32,82,25260,37040,0,CAPACITY_EXCEEDED,INVALID
2823,2,32,83,24132,35827,1,FEASIBLE,WORSE
2824,2,32,84,24716,36107,0,CAPACITY_EXCEEDED,INVALID
2825,2,32,85,24166,36240,1,FEASIBLE,WORSE
2826,2,32,86,24395,36289,0,CAPACITY_EXCEEDED,INVALID
2827,2,32,87,23890,35705,1,FEASIBLE,WORSE
2828,2,32,88,24537,36117,0,CAPACITY_EXCEEDED,INVALID
2829,2,32,89,25593,36711,0,CAPACITY_EXCEEDED,INVALID
2830,2,32,90,24039,35892,1,FEASIBLE,WORSE
2831,2,32,91,25394,37021,0,CAPACITY_EXCEEDED,INVALID
2832,2,32,92,25645,37126,0,CAPACITY_EXCEEDED,INVALID
2833,2,32,93,24733,36478,0,CAPACITY_EXCEEDED,INVALID
2834,2,32,94,25366,37137,0,CAPACITY_EXCEEDED,INVALID
2835,2,32,95,25383,37017,0,CAPACITY_EXCEEDED,INVALID
2836,2,32,96,25448,36781,0,CAPACITY_EXCEEDED,INVALID
2837,2,32,97,24362,36062,0,CAPACITY_EXCEEDED,INVALID
2838,2,32,98,24700,36588,0,CAPACITY_EXCEEDED,INVALID
2839,2,32,99,24579,35907,0,CAPACITY_EXCEEDED,INVALID
2840,2,33,34,23982,35400,1,FEASIBLE,WORSE
2841,2,33,35,23513,34713,1,FEASIBLE,WORSE
2842,2,33,36,23373,34720,1,FEASIBLE,WORSE
2843,2,33,37,24003,35545,1,FEASIBLE,WORSE
2844,2,33,38,23617,35221,1,FEASIBLE,WORSE
2845,2,33,39,24773,36092,0,CAPACITY_EXCEEDED,INVALID
2846,2,33,40,24834,35624,0,CAPACITY_EXCEEDED,INVALID
2847,2,33,41,23685,35175,1,FEASIBLE,WORSE
2848,2,33,42,23181,34693,1,FEASIBLE,WORSE
2849,2,33,43,24239,35713,1,FEASIBLE,WORSE
2850,2,33,44,23353,35003,1,FEASIBLE,WORSE
2851,2,33,45,24841,35722,0,CAPACITY_EXCEEDED,INVALID
2852,2,33,46,24950,36179,0,CAPACITY_EXCEEDED,INVALID
2853,2,33,47,23574,34704,1,FEASIBLE,WORSE
2854,2,33,48,23969,35396,1,FEASIBLE,WORSE
2855,2,33,49,24020,35591,1,FEASIBLE,WORSE
2856,2,33,50,24598,35684,0,CAPACITY_EXCEEDED,INVALID
2857,2,33,51,23895,35060,1,FEASIBLE,WORSE
2858,2,33,52,24699,35618,0,CAPACITY_EXCEEDED,INVALID
2859,2,33,53,23984,35515,1,FEASIBLE,WORSE
2860,2,33,54,24850,36097,0,CAPACITY_EXCEEDED,INVALID
2861,2,33,55,23846,34679,1,FEASIBLE,WORSE
2862,2,33,56,24055,35179,1,FEASIBLE,WORSE
2863,2,33,57,23893,35201,1,FEASIBLE,WORSE
2864,2,33,58,23612,34961,1,FEASIBLE,WORSE
2865,2,33,59,24629,35694,0,CAPACITY_EXCEEDED,INVALID
2866,2,33,60,23680,35020,1,FEASIBLE,WORSE
2867,2,33,61,23895,35427,1,FEASIBLE,WORSE
2868,2,33,62,23586,34991,1,FEASIBLE,WORSE
2869,2,33,63,23122,34641,1,FEASIBLE,WORSE
2870,2,33,64,24605,35655,0,CAPACITY_EXCEEDED,INVALID
2871,2,33,65,25011,36156,0,CAPACITY_EXCEEDED,INVALID
2872,2,33,66,24040,34993,1,FEASIBLE,WORSE
2873,2,33,67,25063,35750,0,CAPACITY_EXCEEDED,INVALID
2874,2,33,68,24958,35869,0,CAPACITY_EXCEEDED,INVALID
2875,2,33,69,23524,34605,1,FEASIBLE,WORSE
2876,2,33,70,23545,34602,1,FEASIBLE,WORSE
2877,2,33,71,24607,35722,0,CAPACITY_EXCEEDED,INVALID
2878,2,33,72,23159,34894,1,FEASIBLE,WORSE
2879,2,33,73,24003,34649,1,FEASIBLE,WORSE
2880,2,33,74,24712,35837,0,CAPACITY_EXCEEDED,INVALID
2881,2,33,75,23526,34988,1,FEASIBLE,WORSE
2882,2,33,76,24370,35644,0,CAPACITY_EXCEEDED,INVALID
2883,2,33,77,24794,35966,0,CAPACITY_EXCEEDED,INVALID
2884,2,33,78,23348,34925,1,FEASIBLE,WORSE
2885,2,33,79,23965,35009,1,FEASIBLE,WORSE
2886,2,33,80,23369,34825,1,FEASIBLE,WORSE
2887,2,33,81,24523,35687,0,CAPACITY_EXCEEDED,INVALID
2888,2,33,82,24560,35948,0,CAPACITY_EXCEEDED,INVALID
2889,2,33,83,23432,34735,1,FEASIBLE,WORSE
2890,2,33,84,24016,35015,1,FEASIBLE,WORSE
2891,2,33,85,23466,35148,1,FEASIBLE,WORSE
2892,2,33,86,23695,35197,1,FEASIBLE,WORSE
2893,2,33,87,23190,34613,1,FEASIBLE,WORSE
2894,2,33,88,23837,35025,1,FEASIBLE,WORSE
2895,2,33,89,24893,35619,0,CAPACITY_EXCEEDED,INVALID
2896,2,33,90,23339,34800,1,FEASIBLE,WORSE
2897,2,33,91,24694,35929,0,CAPACITY_EXCEEDED,INVALID
2898,2,33,92,24945,36034,0,CAPACITY_EXCEEDED,INVALID
2899,2,33,93,24033,35386,1,FEASIBLE,WORSE
2900,2,33,94,24666,36045,0,CAPACITY_EXCEEDED,INVALID
2901,2,33,95,24683,35925,0,CAPACITY_EXCEEDED,INVALID
2902,2,33,96,24748,35689,0,CAPACITY_EXCEEDED,INVALID
2903,2,33,97,23662,34970,1,FEASIBLE,WORSE
2904,2,33,98,24000,35496,1,FEASIBLE,WORSE
2905,2,33,99,23879,34815,1,FEASIBLE,WORSE
2906,2,34,35,23564,35323,1,FEASIBLE,WORSE
2907,2,34,36,23424,35330,1,FEASIBLE,WORSE
2908,2,34,37,24054,36155,1,FEASIBLE,WORSE
2909,2,34,38,23668,35831,1,FEASIBLE,WORSE
2910,2,34,39,24824,36702,0,CAPACITY_EXCEEDED,INVALID
2911,2,34,40,24885,36234,0,CAPACITY_EXCEEDED,INVALID
2912,2,34,41,23736,35785,1,FEASIBLE,WORSE
2913,2,34,42,23232,35303,1,FEASIBLE,WORSE
2914,2,34,43,24290,36323,0,CAPACITY_EXCEEDED,INVALID
2915,2,34,44,23404,35613,1,FEASIBLE,WORSE
2916,2,34,45,24892,36332,0,CAPACITY_EXCEEDED,INVALID
2917,2,34,46,25001,36789,0,CAPACITY_EXCEEDED,INVALID
2918,2,34,47,23625,35314,1,FEASIBLE,WORSE
2919,2,34,48,24020,36006,1,FEASIBLE,WORSE
2920,2,34,49,24071,36201,1,FEASIBLE,WORSE
2921,2,34,50,24649,36294,0,CAPACITY_EXCEEDED,INVALID
2922,2,34,51,23946,35670,1,FEASIBLE,WORSE
2923,2,34,52,24750,36228,0,CAPACITY_EXCEEDED,INVALID
2924,2,34,53,24035,36125,1,FEASIBLE,WORSE
2925,2,34,54,24901,36707,0,CAPACITY_EXCEEDED,INVALID
2926,2,34,55,23897,35289,1,FEASIBLE,WORSE
2927,2,34,56,24106,35789,1,FEASIBLE,WORSE
2928,2,34,57,23944,35811,1,FEASIBLE,WORSE
2929,2,34,58,23663,35571,1,FEASIBLE,WORSE
2930,2,34,59,24680,36304,0,CAPACITY_EXCEEDED,INVALID
2931,2,34,60,23731,35630,1,FEASIBLE,WORSE
2932,2,34,61,23946,36037,1,FEASIBLE,WORSE
2933,2,34,62,23637,35601,1,FEASIBLE,WORSE
2934,2,34,63,23173,35251,1,FEASIBLE,WORSE
2935,2,34,64,24656,36265,0,CAPACITY_EXCEEDED,INVALID
2936,2,34,65,25062,36766,0,CAPACITY_EXCEEDED,INVALID
2937,2,34,66,24091,35603,1,FEASIBLE,WORSE
2938,2,34,67,25114,36360,0,CAPACITY_EXCEEDED,INVALID
2939,2,34,68,25009,36479,0,CAPACITY_EXCEEDED,INVALID
2940,2,34,69,23575,35215,1,FEASIBLE,WORSE
2941,2,34,70,23596,35212,1,FEASIBLE,WORSE
2942,2,34,71,24658,36332,0,CAPACITY_EXCEEDED,INVALID
2943,2,34,72,23210,35504,1,FEASIBLE,WORSE
2944,2,34,73,24054,35259,1,FEASIBLE,WORSE
2945,2,34,74,24763,36447,0,CAPACITY_EXCEEDED,INVALID
2946,2,34,75,23577,35598,1,FEASIBLE,WORSE
2947,2,34,76,24421,36254,0,CAPACITY_EXCEEDED,INVALID
2948,2,34,77,24845,36576,0,CAPACITY_EXCEEDED,INVALID
2949,2,34,78,23399,35535,1,FEASIBLE,WORSE
2950,2,34,79,24016,35619,1,FEASIBLE,WORSE
2951,2,34,80,23420,35435,1,FEASIBLE,WORSE
2952,2,34,81,24574,36297,0,CAPACITY_EXCEEDED,INVALID
2953,2,34,82,24611,36558,0,CAPACITY_EXCEEDED,INVALID
2954,2,34,83,23483,35345,1,FEASIBLE,WORSE
2955,2,34,84,24067,35625,1,FEASIBLE,WORSE
2956,2,34,85,23517,35758,1,FEASIBLE,WORSE
2957,2,34,86,23746,35807,1,FEASIBLE,WORSE
2958,2,34,87,23241,35223,1,FEASIBLE,WORSE
2959,2,34,88,23888,35635,1,FEASIBLE,WORSE
2960,2,34,89,24944,36229,0,CAPACITY_EXCEEDED,INVALID
2961,2,34,90,23390,35410,1,FEASIBLE,WORSE
2962,2,34,91,24745,36539,0,CAPACITY_EXCEEDED,INVALID
2963,2,34,92,24996,36644,0,CAPACITY_EXCEEDED,INVALID
2964,2,34,93,24084,35996,1,FEASIBLE,WORSE
2965,2,34,94,24717,36655,0,CAPACITY_EXCEEDED,INVALID
2966,2,34,95,24734,36535,0,CAPACITY_EXCEEDED,INVALID
2967,2,34,96,24799,36299,0,CAPACITY_EXCEEDED,INVALID
2968,2,34,97,23713,35580,1,FEASIBLE,WORSE
2969,2,34,98,24051,36106,1,FEASIBLE,WORSE
2970,2,34,99,23930,35425,1,FEASIBLE,WORSE
2971,2,35,36,22955,34643,1,FEASIBLE,WORSE
2972,2,35,37,23585,35468,1,FEASIBLE,WORSE
2973,2,35,38,23199,35144,1,FEASIBLE,WORSE
2974,2,35,39,24355,36015,0,CAPACITY_EXCEEDED,INVALID
2975,2,35,40,24416,35547,0,CAPACITY_EXCEEDED,INVALID
2976,2,35,41,23267,35098,1,FEASIBLE,WORSE
2977,2,35,42,22763,34616,1,FEASIBLE,WORSE
2978,2,35,43,23821,35636,1,FEASIBLE,WORSE
2979,2,35,44,22935,34926,1,FEASIBLE,WORSE
2980,2,35,45,24423,35645,0,CAPACITY_EXCEEDED,INVALID
2981,2,35,46,24532,36102,0,CAPACITY_EXCEEDED,INVALID
2982,2,35,47,23156,34627,1,FEASIBLE,WORSE
2983,2,35,48,23551,35319,1,FEASIBLE,WORSE
2984,2,35,49,23602,35514,1,FEASIBLE,WORSE
2985,2,35,50,24180,35607,1,FEASIBLE,WORSE
2986,2,35,51,23477,34983,1,FEASIBLE,WORSE
2987,2,35,52,24281,35541,1,FEASIBLE,WORSE
2988,2,35,53,23566,35438,1,FEASIBLE,WORSE
2989,2,35,54,24432,36020,0,CAPACITY_EXCEEDED,INVALID
2990,2,35,55,23428,34602,1,FEASIBLE,WORSE
2991,2,35,56,23637,35102,1,FEASIBLE,WORSE
2992,2,35,57,23475,35124,1,FEASIBLE,WORSE
2993,2,35,58,23194,34884,1,FEASIBLE,WORSE
2994,2,35,59,24211,35617,1,FEASIBLE,WORSE
2995,2,35,60,23262,34943,1,FEASIBLE,WORSE
2996,2,35,61,23477,35350,1,FEASIBLE,WORSE
2997,2,35,62,23168,34914,1,FEASIBLE,WORSE
2998,2,35,63,22704,34564,1,FEASIBLE,WORSE
2999,2,35,64,24187,35578,1,FEASIBLE,WORSE
3000,2,35,65,24593,36079,0,CAPACITY_EXCEEDED,INVALID
3001,2,35,66,23622,34916,1,FEASIBLE,WORSE
3002,2,35,67,24645,35673,0,CAPACITY_EXCEEDED,INVALID
3003,2,35,68,24540,35792,0,CAPACITY_EXCEEDED,INVALID
3004,2,35,69,23106,34528,1,FEASIBLE,WORSE
3005,2,35,70,23127,34525,1,FEASIBLE,WORSE
3006,2,35,71,24189,35645,1,FEASIBLE,WORSE
3007,2,35,72,22741,34817,1,FEASIBLE,WORSE
3008,2,35,73,23585,34572,1,FEASIBLE,WORSE
3009,2,35,74,24294,35760,0,CAPACITY_EXCEEDED,INVALID
3010,2,35,75,23108,34911,1,FEASIBLE,WORSE
3011,2,35,76,23952,35567,1,FEASIBLE,WORSE
3012,2,35,77,24376,35889,0,CAPACITY_EXCEEDED,INVALID
3013,2,35,78,22930,34848,1,FEASIBLE,WORSE
3014,2,35,79,23547,34932,1,FEASIBLE,WORSE
3015,2,35,80,22951,34748,1,FEASIBLE,WORSE
3016,2,35,81,24105,35610,1,FEASIBLE,WORSE
3017,2,35,82,24142,35871,1,FEASIBLE,WORSE
3018,2,35,83,23014,34658,1,FEASIBLE,WORSE
3019,2,35,84,23598,34938,1,FEASIBLE,WORSE
3020,2,35,85,23048,35071,1,FEASIBLE,WORSE
3021,2,35,86,23277,35120,1,FEASIBLE,WORSE
3022,2,35,87,22772,34536,1,FEASIBLE,WORSE
3023,2,35,88,23419,34948,1,FEASIBLE,WORSE
3024,2,35,89,24475,35542,0,CAPACITY_EXCEEDED,INVALID
3025,2,35,90,22921,34723,1,FEASIBLE,WORSE
3026,2,35,91,24276,35852,1,FEASIBLE,WORSE
3027,2,35,92,24527,35957,0,CAPACITY_EXCEEDED,INVALID
3028,2,35,93,23615,35309,1,FEASIBLE,WORSE
3029,2,35,94,24248,35968,1,FEASIBLE,WORSE
3030,2,35,95,24265,35848,1,FEASIBLE,WORSE
3031,2,35,96,24330,35612,0,CAPACITY_EXCEEDED,INVALID
3032,2,35,97,23244,34893,1,FEASIBLE,WORSE
3033,2,35,98,23582,35419,1,FEASIBLE,WORSE
3034,2,35,99,23461,34738,1,FEASIBLE,WORSE
3035,2,36,37,23445,35475,1,FEASIBLE,WORSE
3036,2,36,38,23059,35151,1,FEASIBLE,WORSE
3037,2,36,39,24215,36022,1,FEASIBLE,WORSE
3038,2,36,40,24276,35554,1,FEASIBLE,WORSE
3039,2,36,41,23127,35105,1,FEASIBLE,WORSE
3040,2,36,42,22623,34623,1,FEASIBLE,WORSE
3041,2,36,43,23681,35643,1,FEASIBLE,WORSE
3042,2,36,44,22795,34933,1,FEASIBLE,WORSE
3043,2,36,45,24283,35652,0,CAPACITY_EXCEEDED,INVALID
3044,2,36,46,24392,36109,0,CAPACITY_EXCEEDED,INVALID
3045,2,36,47,23016,34634,1,FEASIBLE,WORSE
3046,2,36,48,23411,35326,1,FEASIBLE,WORSE
3047,2,36,49,23462,35521,1,FEASIBLE,WORSE
3048,2,36,50,24040,35614,1,FEASIBLE,WORSE
3049,2,36,51,23337,34990,1,FEASIBLE,WORSE
3050,2,36,52,24141,35548,1,FEASIBLE,WORSE
3051,2,36,53,23426,35445,1,FEASIBLE,WORSE
3052,2,36,54,24292,36027,0,CAPACITY_EXCEEDED,INVALID
3053,2,36,55,23288,34609,1,FEASIBLE,WORSE
3054,2,36,56,23497,35109,1,FEASIBLE,WORSE
3055,2,36,57,23335,35131,1,FEASIBLE,WORSE
3056,2,36,58,23054,34891,1,FEASIBLE,WORSE
3057,2,36,59,24071,35624,1,FEASIBLE,WORSE
3058,2,36,60,23122,34950,1,FEASIBLE,WORSE
3059,2,36,61,23337,35357,1,FEASIBLE,WORSE
3060,2,36,62,23028,34921,1,FEASIBLE,WORSE
3061,2,36,63,22564,34571,1,FEASIBLE,WORSE
3062,2,36,64,24047,35585,1,FEASIBLE,WORSE
3063,2,36,65,24453,36086,0,CAPACITY_EXCEEDED,INVALID
3064,2,36,66,23482,34923,1,FEASIBLE,WORSE
3065,2,36,67,24505,35680,0,CAPACITY_EXCEEDED,INVALID
3066,2,36,68,24400,35799,0,CAPACITY_EXCEEDED,INVALID
3067,2,36,69,22966,34535,1,FEASIBLE,WORSE
3068,2,36,70,22987,34532,1,FEASIBLE,WORSE
3069,2,36,71,24049,35652,1,FEASIBLE,WORSE
3070,2,36,72,22601,34824,1,FEASIBLE,WORSE
3071,2,36,73,23445,34579,1,FEASIBLE,WORSE
3072,2,36,74,24154,35767,1,FEASIBLE,WORSE
3073,2,36,75,22968,34918,1,FEASIBLE,WORSE
3074,2,36,76,23812,35574,1,FEASIBLE,WORSE
3075,2,36,77,24236,35896,1,FEASIBLE,WORSE
3076,2,36,78,22790,34855,1,FEASIBLE,WORSE
3077,2,36,79,23407,34939,1,FEASIBLE,WORSE
3078,2,36,80,22811,34755,1,FEASIBLE,WORSE
3079,2,36,81,23965,35617,1,FEASIBLE,WORSE
3080,2,36,82,24002,35878,1,FEASIBLE,WORSE
3081,2,36,83,22874,34665,1,FEASIBLE,WORSE
3082,2,36,84,23458,34945,1,FEASIBLE,WORSE
3083,2,36,85,22908,35078,1,FEASIBLE,WORSE
3084,2,36,86,23137,35127,1,FEASIBLE,WORSE
3085,2,36,87,22632,34543,1,FEASIBLE,WORSE
3086,2,36,88,23279,34955,1,FEASIBLE,WORSE
3087,2,36,89,24335,35549,0,CAPACITY_EXCEEDED,INVALID
3088,2,36,90,22781,34730,1,FEASIBLE,WORSE
3089,2,36,91,24136,35859,1,FEASIBLE,WORSE
3090,2,36,92,24387,35964,0,CAPACITY_EXCEEDED,INVALID
3091,2,36,93,23475,35316,1,FEASIBLE,WORSE
3092,2,36,94,24108,35975,1,FEASIBLE,WORSE
3093,2,36,95,24125,35855,1,FEASIBLE,WORSE
3094,2,36,96,24190,35619,1,FEASIBLE,WORSE
3095,2,36,97,23104,34900,1,FEASIBLE,WORSE
3096,2,36,98,23442,35426,1,FEASIBLE,WORSE
3097,2,36,99,23321,34745,1,FEASIBLE,WORSE
3098,2,37,38,23689,35976,1,FEASIBLE,WORSE
3099,2,37,39,24845,36847,0,CAPACITY_EXCEEDED,INVALID
3100,2,37,40,24906,36379,0,CAPACITY_EXCEEDED,INVALID
3101,2,37,41,23757,35930,1,FEASIBLE,WORSE
3102,2,37,42,23253,35448,1,FEASIBLE,WORSE
3103,2,37,43,24311,36468,0,CAPACITY_EXCEEDED,INVALID
3104,2,37,44,23425,35758,1,FEASIBLE,WORSE
3105,2,37,45,24913,36477,0,CAPACITY_EXCEEDED,INVALID
3106,2,37,46,25022,36934,0,CAPACITY_EXCEEDED,INVALID
3107,2,37,47,23646,35459,1,FEASIBLE,WORSE
3108,2,37,48,24041,36151,1,FEASIBLE,WORSE
3109,2,37,49,24092,36346,1,FEASIBLE,WORSE
3110,2,37,50,24670,36439,0,CAPACITY_EXCEEDED,INVALID
3111,2,37,51,23967,35815,1,FEASIBLE,WORSE
3112,2,37,52,24771,36373,0,CAPACITY_EXCEEDED,INVALID
3113,2,37,53,24056,36270,1,FEASIBLE,WORSE
3114,2,37,54,24922,36852,0,CAPACITY_EXCEEDED,INVALID
3115,2,37,55,23918,35434,1,FEASIBLE,WORSE
3116,2,37,56,24127,35934,1,FEASIBLE,WORSE
3117,2,37,57,23965,35956,1,FEASIBLE,WORSE
3118,2,37,58,23684,35716,1,FEASIBLE,WORSE
3119,2,37,59,24701,36449,0,CAPACITY_EXCEEDED,INVALID
3120,2,37,60,23752,35775,1,FEASIBLE,WORSE
3121,2,37,61,23967,36182,1,FEASIBLE,WORSE
3122,2,37,62,23658,35746,1,FEASIBLE,WORSE
3123,2,37,63,23194,35396,1,FEASIBLE,WORSE
3124,2,37,64,24677,36410,0,CAPACITY_EXCEEDED,INVALID
3125,2,37,65,25083,36911,0,CAPACITY_EXCEEDED,INVALID
3126,2,37,66,24112,35748,1,FEASIBLE,WORSE
3127,2,37,67,25135,36505,0,CAPACITY_EXCEEDED,INVALID
3128,2,37,68,25030,36624,0,CAPACITY_EXCEEDED,INVALID
3129,2,37,69,23596,35360,1,FEASIBLE,WORSE
3130,2,37,70,23617,35357,1,FEASIBLE,WORSE
3131,2,37,71,24679,36477,0,CAPACITY_EXCEEDED,INVALID
3132,2,37,72,23231,35649,1,FEASIBLE,WORSE
3133,2,37,73,24075,35404,1,FEASIBLE,WORSE
3134,2,37,74,24784,36592,0,CAPACITY_EXCEEDED,INVALID
3135,2,37,75,23598,35743,1,FEASIBLE,WORSE
3136,2,37,76,24442,36399,0,CAPACITY_EXCEEDED,INVALID
3137,2,37,77,24866,36721,0,CAPACITY_EXCEEDED,INVALID
3138,2,37,78,23420,35680,1,FEASIBLE,WORSE
3139,2,37,79,24037,35764,1,FEASIBLE,WORSE
3140,2,37,80,23441,35580,1,FEASIBLE,WORSE
3141,2,37,81,24595,36442,0,CAPACITY_EXCEEDED,INVALID
3142,2,37,82,24632,36703,0,CAPACITY_EXCEEDED,INVALID
3143,2,37,83,23504,35490,1,FEASIBLE,WORSE
3144,2,37,84,24088,35770,1,FEASIBLE,WORSE
3145,2,37,85,23538,35903,1,FEASIBLE,WORSE
3146,2,37,86,23767,35952,1,FEASIBLE,WORSE
3147,2,37,87,23262,35368,1,FEASIBLE,WORSE
3148,2,37,88,23909,35780,1,FEASIBLE,WORSE
3149,2,37,89,24965,36374,0,CAPACITY_EXCEEDED,INVALID
3150,2,37,90,23411,35555,1,FEASIBLE,WORSE
3151,2,37,91,24766,36684,0,CAPACITY_EXCEEDED,INVALID
3152,2,37,92,25017,36789,0,CAPACITY_EXCEEDED,INVALID
3153,2,37,93,24105,36141,1,FEASIBLE,WORSE
3154,2,37,94,24738,36800,0,CAPACITY_EXCEEDED,INVALID
3155,2,37,95,24755,36680,0,CAPACITY_EXCEEDED,INVALID
3156,2,37,96,24820,36444,0,CAPACITY_EXCEEDED,INVALID
3157,2,37,97,23734,35725,1,FEASIBLE,WORSE
3158,2,37,98,24072,36251,1,FEASIBLE,WORSE
3159,2,37,99,23951,35570,1,FEASIBLE,WORSE
3160,2,38,39,24459,36523,0,CAPACITY_EXCEEDED,INVALID
3161,2,38,40,24520,36055,0,CAPACITY_EXCEEDED,INVALID
3162,2,38,41,23371,35606,1,FEASIBLE,WORSE
3163,2,38,42,22867,35124,1,FEASIBLE,WORSE
3164,2,38,43,23925,36144,1,FEASIBLE,WORSE
3165,2,38,44,23039,35434,1,FEASIBLE,WORSE
3166,2,38,45,24527,36153,0,CAPACITY_EXCEEDED,INVALID
3167,2,38,46,24636,36610,0,CAPACITY_EXCEEDED,INVALID
3168,2,38,47,23260,35135,1,FEASIBLE,WORSE
3169,2,38,48,23655,35827,1,FEASIBLE,WORSE
3170,2,38,49,23706,36022,1,FEASIBLE,WORSE
3171,2,38,50,24284,36115,0,CAPACITY_EXCEEDED,INVALID
3172,2,38,51,23581,35491,1,FEASIBLE,WORSE
3173,2,38,52,24385,36049,0,CAPACITY_EXCEEDED,INVALID
3174,2,38,53,23670,35946,1,FEASIBLE,WORSE
3175,2,38,54,24536,36528,0,CAPACITY_EXCEEDED,INVALID
3176,2,38,55,23532,35110,1,FEASIBLE,WORSE
3177,2,38,56,23741,35610,1,FEASIBLE,WORSE
3178,2,38,57,23579,35632,1,FEASIBLE,WORSE
3179,2,38,58,23298,35392,1,FEASIBLE,WORSE
3180,2,38,59,24315,36125,0,CAPACITY_EXCEEDED,INVALID
3181,2,38,60,23366,35451,1,FEASIBLE,WORSE
3182,2,38,61,23581,35858,1,FEASIBLE,WORSE
3183,2,38,62,23272,35422,1,FEASIBLE,WORSE
3184,2,38,63,22808,35072,1,FEASIBLE,WORSE
3185,2,38,64,24291,36086,0,CAPACITY_EXCEEDED,INVALID
3186,2,38,65,24697,36587,0,CAPACITY_EXCEEDED,INVALID
3187,2,38,66,23726,35424,1,FEASIBLE,WORSE
3188,2,38,67,24749,36181,0,CAPACITY_EXCEEDED,INVALID
3189,2,38,68,24644,36300,0,CAPACITY_EXCEEDED,INVALID
3190,2,38,69,23210,35036,1,FEASIBLE,WORSE
3191,2,38,70,23231,35033,1,FEASIBLE,WORSE
3192,2,38,71,24293,36153,0,CAPACITY_EXCEEDED,INVALID
3193,2,38,72,22845,35325,1,FEASIBLE,WORSE
3194,2,38,73,23689,35080,1,FEASIBLE,WORSE
3195,2,38,74,24398,36268,0,CAPACITY_EXCEEDED,INVALID
3196,2,38,75,23212,35419,1,FEASIBLE,WORSE
3197,2,38,76,24056,36075,1,FEASIBLE,WORSE
3198,2,38,77,24480,36397,0,CAPACITY_EXCEEDED,INVALID
3199,2,38,78,23034,35356,1,FEASIBLE,WORSE
3200,2,38,79,23651,35440,1,FEASIBLE,WORSE
3201,2,38,80,23055,35256,1,FEASIBLE,WORSE
3202,2,38,81,24209,36118,1,FEASIBLE,WORSE
3203,2,38,82,24246,36379,1,FEASIBLE,WORSE
3204,2,38,83,23118,35166,1,FEASIBLE,WORSE
3205,2,38,84,23702,35446,1,FEASIBLE,WORSE
3206,2,38,85,23152,35579,1,FEASIBLE,WORSE
3207,2,38,86,23381,35628,1,FEASIBLE,WORSE
3208,2,38,87,22876,35044,1,FEASIBLE,WORSE
3209,2,38,88,23523,35456,1,FEASIBLE,WORSE
3210,2,38,89,24579,36050,0,CAPACITY_EXCEEDED,INVALID
3211,2,38,90,23025,35231,1,FEASIBLE,WORSE
3212,2,38,91,24380,36360,0,CAPACITY_EXCEEDED,INVALID
3213,2,38,92,24631,36465,0,CAPACITY_EXCEEDED,INVALID
3214,2,38,93,23719,35817,1,FEASIBLE,WORSE
3215,2,38,94,24352,36476,0,CAPACITY_EXCEEDED,INVALID
3216,2,38,95,24369,36356,0,CAPACITY_EXCEEDED,INVALID
3217,2,38,96,24434,36120,0,CAPACITY_EXCEEDED,INVALID
3218,2,38,97,23348,35401,1,FEASIBLE,WORSE
3219,2,38,98,23686,35927,1,FEASIBLE,WORSE
3220,2,38,99,23565,35246,1,FEASIBLE,WORSE
3221,2,39,40,25676,36926,0,CAPACITY_EXCEEDED,INVALID
3222,2,39,41,24527,36477,0,CAPACITY_EXCEEDED,INVALID
3223,2,39,42,24023,35995,1,FEASIBLE,WORSE
3224,2,39,43,25081,37015,0,CAPACITY_EXCEEDED,INVALID
3225,2,39,44,24195,36305,1,FEASIBLE,WORSE
3226,2,39,45,25683,37024,0,CAPACITY_EXCEEDED,INVALID
3227,2,39,46,25792,37481,0,CAPACITY_EXCEEDED,INVALID
3228,2,39,47,24416,36006,0,CAPACITY_EXCEEDED,INVALID
3229,2,39,48,24811,36698,0,CAPACITY_EXCEEDED,INVALID
3230,2,39,49,24862,36893,0,CAPACITY_EXCEEDED,INVALID
3231,2,39,50,25440,36986,0,CAPACITY_EXCEEDED,INVALID
3232,2,39,51,24737,36362,0,CAPACITY_EXCEEDED,INVALID
3233,2,39,52,25541,36920,0,CAPACITY_EXCEEDED,INVALID
3234,2,39,53,24826,36817,0,CAPACITY_EXCEEDED,INVALID
3235,2,39,54,25692,37399,0,CAPACITY_EXCEEDED,INVALID
3236,2,39,55,24688,35981,0,CAPACITY_EXCEEDED,INVALID
3237,2,39,56,24897,36481,0,CAPACITY_EXCEEDED,INVALID
3238,2,39,57,24735,36503,0,CAPACITY_EXCEEDED,INVALID
3239,2,39,58,24454,36263,0,CAPACITY_EXCEEDED,INVALID
3240,2,39,59,25471,36996,0,CAPACITY_EXCEEDED,INVALID
3241,2,39,60,24522,36322,0,CAPACITY_EXCEEDED,INVALID
3242,2,39,61,24737,36729,0,CAPACITY_EXCEEDED,INVALID
3243,2,39,62,24428,36293,0,CAPACITY_EXCEEDED,INVALID
3244,2,39,63,23964,35943,1,FEASIBLE,WORSE
3245,2,39,64,25447,36957,0,CAPACITY_EXCEEDED,INVALID
3246,2,39,65,25853,37458,0,CAPACITY_EXCEEDED,INVALID
3247,2,39,66,24882,36295,0,CAPACITY_EXCEEDED,INVALID
3248,2,39,67,25905,37052,0,CAPACITY_EXCEEDED,INVALID
3249,2,39,68,25800,37171,0,CAPACITY_EXCEEDED,INVALID
3250,2,39,69,24366,35907,0,CAPACITY_EXCEEDED,INVALID
3251,2,39,70,24387,35904,0,CAPACITY_EXCEEDED,INVALID
3252,2,39,71,25449,37024,0,CAPACITY_EXCEEDED,INVALID
3253,2,39,72,24001,36196,1,FEASIBLE,WORSE
3254,2,39,73,24845,35951,0,CAPACITY_EXCEEDED,INVALID
3255,2,39,74,25554,37139,0,CAPACITY_EXCEEDED,INVALID
3256,2,39,75,24368,36290,0,CAPACITY_EXCEEDED,INVALID
3257,2,39,76,25212,36946,0,CAPACITY_EXCEEDED,INVALID
3258,2,39,77,25636,37268,0,CAPACITY_EXCEEDED,INVALID
3259,2,39,78,24190,36227,1,FEASIBLE,WORSE
3260,2,39,79,24807,36311,0,CAPACITY_EXCEEDED,INVALID
3261,2,39,80,24211,36127,1,FEASIBLE,WORSE
3262,2,39,81,25365,36989,0,CAPACITY_EXCEEDED,INVALID
3263,2,39,82,25402,37250,0,CAPACITY_EXCEEDED,INVALID
3264,2,39,83,24274,36037,1,FEASIBLE,WORSE
3265,2,39,84,24858,36317,0,CAPACITY_EXCEEDED,INVALID
3266,2,39,85,24308,36450,0,CAPACITY_EXCEEDED,INVALID
3267,2,39,86,24537,36499,0,CAPACITY_EXCEEDED,INVALID
3268,2,39,87,24032,35915,1,FEASIBLE,WORSE
3269,2,39,88,24679,36327,0,CAPACITY_EXCEEDED,INVALID
3270,2,39,89,25735,36921,0,CAPACITY_EXCEEDED,INVALID
3271,2,39,90,24181,36102,1,FEASIBLE,WORSE
3272,2,39,91,25536,37231,0,CAPACITY_EXCEEDED,INVALID
3273,2,39,92,25787,37336,0,CAPACITY_EXCEEDED,INVALID
3274,2,39,93,24875,36688,0,CAPACITY_EXCEEDED,INVALID
3275,2,39,94,25508,37347,0,CAPACITY_EXCEEDED,INVALID
3276,2,39,95,25525,37227,0,CAPACITY_EXCEEDED,INVALID
3277,2,39,96,25590,36991,0,CAPACITY_EXCEEDED,INVALID
3278,2,39,97,24504,36272,0,CAPACITY_EXCEEDED,INVALID
3279,2,39,98,24842,36798,0,CAPACITY_EXCEEDED,INVALID
3280,2,39,99,24721,36117,0,CAPACITY_EXCEEDED,INVALID
3281,2,40,41,24588,36009,0,CAPACITY_EXCEEDED,INVALID
3282,2,40,42,24084,35527,1,FEASIBLE,WORSE
3283,2,40,43,25142,36547,0,CAPACITY_EXCEEDED,INVALID
3284,2,40,44,24256,35837,1,FEASIBLE,WORSE
3285,2,40,45,25744,36556,0,CAPACITY_EXCEEDED,INVALID
3286,2,40,46,25853,37013,0,CAPACITY_EXCEEDED,INVALID
3287,2,40,47,24477,35538,0,CAPACITY_EXCEEDED,INVALID
3288,2,40,48,24872,36230,0,CAPACITY_EXCEEDED,INVALID
3289,2,40,49,24923,36425,0,CAPACITY_EXCEEDED,INVALID
3290,2,40,50,25501,36518,0,CAPACITY_EXCEEDED,INVALID
3291,2,40,51,24798,35894,0,CAPACITY_EXCEEDED,INVALID
3292,2,40,52,25602,36452,0,CAPACITY_EXCEEDED,INVALID
3293,2,40,53,24887,36349,0,CAPACITY_EXCEEDED,INVALID
3294,2,40,54,25753,36931,0,CAPACITY_EXCEEDED,INVALID
3295,2,40,55,24749,35513,0,CAPACITY_EXCEEDED,INVALID
3296,2,40,56,24958,36013,0,CAPACITY_EXCEEDED,INVALID
3297,2,40,57,24796,36035,0,CAPACITY_EXCEEDED,INVALID
3298,2,40,58,24515,35795,0,CAPACITY_EXCEEDED,INVALID
3299,2,40,59,25532,36528,0,CAPACITY_EXCEEDED,INVALID
3300,2,40,60,24583,35854,0,CAPACITY_EXCEEDED,INVALID
3301,2,40,61,24798,36261,0,CAPACITY_EXCEEDED,INVALID
3302,2,40,62,24489,35825,0,CAPACITY_EXCEEDED,INVALID
3303,2,40,63,24025,35475,1,FEASIBLE,WORSE
3304,2,40,64,25508,36489,0,CAPACITY_EXCEEDED,INVALID
3305,2,40,65,25914,36990,0,CAPACITY_EXCEEDED,INVALID
3306,2,40,66,24943,35827,0,CAPACITY_EXCEEDED,INVALID
3307,2,40,67,25966,36584,0,CAPACITY_EXCEEDED,INVALID
3308,2,40,68,25861,36703,0,CAPACITY_EXCEEDED,INVALID
3309,2,40,69,24427,35439,0,CAPACITY_EXCEEDED,INVALID
3310,2,40,70,24448,35436,0,CAPACITY_EXCEEDED,INVALID
3311,2,40,71,25510,36556,0,CAPACITY_EXCEEDED,INVALID
3312,2,40,72,24062,35728,1,FEASIBLE,WORSE
3313,2,40,73,24906,35483,0,CAPACITY_EXCEEDED,INVALID
3314,2,40,74,25615,36671,0,CAPACITY_EXCEEDED,INVALID
3315,2,40,75,24429,35822,0,CAPACITY_EXCEEDED,INVALID
3316,2,40,76,25273,36478,0,CAPACITY_EXCEEDED,INVALID
3317,2,40,77,25697,36800,0,CAPACITY_EXCEEDED,INVALID
3318,2,40,78,24251,35759,1,FEASIBLE,WORSE
3319,2,40,79,24868,35843,0,CAPACITY_EXCEEDED,INVALID
3320,2,40,80,24272,35659,1,FEASIBLE,WORSE
3321,2,40,81,25426,36521,0,CAPACITY_EXCEEDED,INVALID
3322,2,40,82,25463,36782,0,CAPACITY_EXCEEDED,INVALID
3323,2,40,83,24335,35569,0,CAPACITY_EXCEEDED,INVALID
3324,2,40,84,24919,35849,0,CAPACITY_EXCEEDED,INVALID
3325,2,40,85,24369,35982,0,CAPACITY_EXCEEDED,INVALID
3326,2,40,86,24598,36031,0,CAPACITY_EXCEEDED,INVALID
3327,2,40,87,24093,35447,1,FEASIBLE,WORSE
3328,2,40,88,24740,35859,0,CAPACITY_EXCEEDED,INVALID
3329,2,40,89,25796,36453,0,CAPACITY_EXCEEDED,INVALID
3330,2,40,90,24242,35634,1,FEASIBLE,WORSE
3331,2,40,91,25597,36763,0,CAPACITY_EXCEEDED,INVALID
3332,2,40,92,25848,36868,0,CAPACITY_EXCEEDED,INVALID
3333,2,40,93,24936,36220,0,CAPACITY_EXCEEDED,INVALID
3334,2,40,94,25569,36879,0,CAPACITY_EXCEEDED,INVALID
3335,2,40,95,25586,36759,0,CAPACITY_EXCEEDED,INVALID
3336,2,40,96,25651,36523,0,CAPACITY_EXCEEDED,INVALID
3337,2,40,97,24565,35804,0,CAPACITY_EXCEEDED,INVALID
3338,2,40,98,24903,36330,0,CAPACITY_EXCEEDED,INVALID
3339,2,40,99,24782,35649,0,CAPACITY_EXCEEDED,INVALID
3340,2,41,42,22935,35078,1,FEASIBLE,WORSE
3341,2,41,43,23993,36098,1,FEASIBLE,WORSE
3342,2,41,44,23107,35388,1,FEASIBLE,WORSE
3343,2,41,45,24595,36107,0,CAPACITY_EXCEEDED,INVALID
3344,2,41,46,24704,36564,0,CAPACITY_EXCEEDED,INVALID
3345,2,41,47,23328,35089,1,FEASIBLE,WORSE
3346,2,41,48,23723,35781,1,FEASIBLE,WORSE
3347,2,41,49,23774,35976,1,FEASIBLE,WORSE
3348,2,41,50,24352,36069,0,CAPACITY_EXCEEDED,INVALID
3349,2,41,51,23649,35445,1,FEASIBLE,WORSE
3350,2,41,52,24453,36003,0,CAPACITY_EXCEEDED,INVALID
3351,2,41,53,23738,35900,1,FEASIBLE,WORSE
3352,2,41,54,24604,36482,0,CAPACITY_EXCEEDED,INVALID
3353,2,41,55,23600,35064,1,FEASIBLE,WORSE
3354,2,41,56,23809,35564,1,FEASIBLE,WORSE
3355,2,41,57,23647,35586,1,FEASIBLE,WORSE
3356,2,41,58,23366,35346,1,FEASIBLE,WORSE
3357,2,41,59,24383,36079,0,CAPACITY_EXCEEDED,INVALID
3358,2,41,60,23434,35405,1,FEASIBLE,WORSE
3359,2,41,61,23649,35812,1,FEASIBLE,WORSE
3360,2,41,62,23340,35376,1,FEASIBLE,WORSE
3361,2,41,63,22876,35026,1,FEASIBLE,WORSE
3362,2,41,64,24359,36040,0,CAPACITY_EXCEEDED,INVALID
3363,2,41,65,24765,36541,0,CAPACITY_EXCEEDED,INVALID
3364,2,41,66,23794,35378,1,FEASIBLE,WORSE
3365,2,41,67,24817,36135,0,CAPACITY_EXCEEDED,INVALID
3366,2,41,68,24712,36254,0,CAPACITY_EXCEEDED,INVALID
3367,2,41,69,23278,34990,1,FEASIBLE,WORSE
3368,2,41,70,23299,34987,1,FEASIBLE,WORSE
3369,2,41,71,24361,36107,0,CAPACITY_EXCEEDED,INVALID
3370,2,41,72,22913,35279,1,FEASIBLE,WORSE
3371,2,41,73,23757,35034,1,FEASIBLE,WORSE
3372,2,41,74,24466,36222,0,CAPACITY_EXCEEDED,INVALID
3373,2,41,75,23280,35373,1,FEASIBLE,WORSE
3374,2,41,76,24124,36029,1,FEASIBLE,WORSE
3375,2,41,77,24548,36351,0,CAPACITY_EXCEEDED,INVALID
3376,2,41,78,23102,35310,1,FEASIBLE,WORSE
3377,2,41,79,23719,35394,1,FEASIBLE,WORSE
3378,2,41,80,23123,35210,1,FEASIBLE,WORSE
3379,2,41,81,24277,36072,1,FEASIBLE,WORSE
3380,2,41,82,24314,36333,0,CAPACITY_EXCEEDED,INVALID
3381,2,41,83,23186,35120,1,FEASIBLE,WORSE
3382,2,41,84,23770,35400,1,FEASIBLE,WORSE
3383,2,41,85,23220,35533,1,FEASIBLE,WORSE
3384,2,41,86,23449,35582,1,FEASIBLE,WORSE
3385,2,41,87,22944,34998,1,FEASIBLE,WORSE
3386,2,41,88,23591,35410,1,FEASIBLE,WORSE
3387,2,41,89,24647,36004,0,CAPACITY_EXCEEDED,INVALID
3388,2,41,90,23093,35185,1,FEASIBLE,WORSE
3389,2,41,91,24448,36314,0,CAPACITY_EXCEEDED,INVALID
3390,2,41,92,24699,36419,0,CAPACITY_EXCEEDED,INVALID
3391,2,41,93,23787,35771,1,FEASIBLE,WORSE
3392,2,41,94,24420,36430,0,CAPACITY_EXCEEDED,INVALID
3393,2,41,95,24437,36310,0,CAPACITY_EXCEEDED,INVALID
3394,2,41,96,24502,36074,0,CAPACITY_EXCEEDED,INVALID
3395,2,41,97,23416,35355,1,FEASIBLE,WORSE
3396,2,41,98,23754,35881,1,FEASIBLE,WORSE
3397,2,41,99,23633,35200,1,FEASIBLE,WORSE
3398,2,42,43,23489,35616,1,FEASIBLE,WORSE
3399,2,42,44,22603,34906,1,FEASIBLE,WORSE
3400,2,42,45,24091,35625,1,FEASIBLE,WORSE
3401,2,42,46,24200,36082,1,FEASIBLE,WORSE
3402,2,42,47,22824,34607,1,FEASIBLE,WORSE
3403,2,42,48,23219,35299,1,FEASIBLE,WORSE
3404,2,42,49,23270,35494,1,FEASIBLE,WORSE
3405,2,42,50,23848,35587,1,FEASIBLE,WORSE
3406,2,42,51,23145,34963,1,FEASIBLE,WORSE
3407,2,42,52,23949,35521,1,FEASIBLE,WORSE
3408,2,42,53,23234,35418,1,FEASIBLE,WORSE
3409,2,42,54,24100,36000,1,FEASIBLE,WORSE
3410,2,42,55,23096,34582,1,FEASIBLE,WORSE
3411,2,42,56,23305,35082,1,FEASIBLE,WORSE
3412,2,42,57,23143,35104,1,FEASIBLE,WORSE
3413,2,42,58,22862,34864,1,FEASIBLE,WORSE
3414,2,42,59,23879,35597,1,FEASIBLE,WORSE
3415,2,42,60,22930,34923,1,FEASIBLE,WORSE
3416,2,42,61,23145,35330,1,FEASIBLE,WORSE
3417,2,42,62,22836,34894,1,FEASIBLE,WORSE
3418,2,42,63,22372,34544,1,FEASIBLE,WORSE
3419,2,42,64,23855,35558,1,FEASIBLE,WORSE
3420,2,42,65,24261,36059,1,FEASIBLE,WORSE
3421,2,42,66,23290,34896,1,FEASIBLE,WORSE
3422,2,42,67,24313,35653,0,CAPACITY_EXCEEDED,INVALID
3423,2,42,68,24208,35772,1,FEASIBLE,WORSE
3424,2,42,69,22774,34508,1,FEASIBLE,WORSE
3425,2,42,70,22795,34505,1,FEASIBLE,WORSE
3426,2,42,71,23857,35625,1,FEASIBLE,WORSE
3427,2,42,72,22409,34797,1,FEASIBLE,WORSE
3428,2,42,73,23253,34552,1,FEASIBLE,WORSE
3429,2,42,74,23962,35740,1,FEASIBLE,WORSE
3430,2,42,75,22776,34891,1,FEASIBLE,WORSE
3431,2,42,76,23620,35547,1,FEASIBLE,WORSE
3432,2,42,77,24044,35869,1,FEASIBLE,WORSE
3433,2,42,78,22598,34828,1,FEASIBLE,WORSE
3434,2,42,79,23215,34912,1,FEASIBLE,WORSE
3435,2,42,80,22619,34728,1,FEASIBLE,WORSE
3436,2,42,81,23773,35590,1,FEASIBLE,WORSE
3437,2,42,82,23810,35851,1,FEASIBLE,WORSE
3438,2,42,83,22682,34638,1,FEASIBLE,WORSE
3439,2,42,84,23266,34918,1,FEASIBLE,WORSE
3440,2,42,85,22716,35051,1,FEASIBLE,WORSE
3441,2,42,86,22945,35100,1,FEASIBLE,WORSE
3442,2,42,87,22440,34516,1,FEASIBLE,WORSE
3443,2,42,88,23087,34928,1,FEASIBLE,WORSE
3444,2,42,89,24143,35522,1,FEASIBLE,WORSE
3445,2,42,90,22589,34703,1,FEASIBLE,WORSE
3446,2,42,91,23944,35832,1,FEASIBLE,WORSE
3447,2,42,92,24195,35937,1,FEASIBLE,WORSE
3448,2,42,93,23283,35289,1,FEASIBLE,WORSE
3449,2,42,94,23916,35948,1,FEASIBLE,WORSE
3450,2,42,95,23933,35828,1,FEASIBLE,WORSE
3451,2,42,96,23998,35592,1,FEASIBLE,WORSE
3452,2,42,97,22912,34873,1,FEASIBLE,WORSE
3453,2,42,98,23250,35399,1,FEASIBLE,WORSE
3454,2,42,99,23129,34718,1,FEASIBLE,WORSE
3455,2,43,44,23661,35926,1,FEASIBLE,WORSE
3456,2,43,45,25149,36645,0,CAPACITY_EXCEEDED,INVALID
3457,2,43,46,25258,37102,0,CAPACITY_EXCEEDED,INVALID
3458,2,43,47,23882,35627,1,FEASIBLE,WORSE
3459,2,43,48,24277,36319,1,FEASIBLE,WORSE
3460,2,43,49,24328,36514,0,CAPACITY_EXCEEDED,INVALID
3461,2,43,50,24906,36607,0,CAPACITY_EXCEEDED,INVALID
3462,2,43,51,24203,35983,1,FEASIBLE,WORSE
3463,2,43,52,25007,36541,0,CAPACITY_EXCEEDED,INVALID
3464,2,43,53,24292,36438,0,CAPACITY_EXCEEDED,INVALID
3465,2,43,54,25158,37020,0,CAPACITY_EXCEEDED,INVALID
3466,2,43,55,24154,35602,1,FEASIBLE,WORSE
3467,2,43,56,24363,36102,0,CAPACITY_EXCEEDED,INVALID
3468,2,43,57,24201,36124,1,FEASIBLE,WORSE
3469,2,43,58,23920,35884,1,FEASIBLE,WORSE
3470,2,43,59,24937,36617,0,CAPACITY_EXCEEDED,INVALID
3471,2,43,60,23988,35943,1,FEASIBLE,WORSE
3472,2,43,61,24203,36350,1,FEASIBLE,WORSE
3473,2,43,62,23894,35914,1,FEASIBLE,WORSE
3474,2,43,63,23430,35564,1,FEASIBLE,WORSE
3475,2,43,64,24913,36578,0,CAPACITY_EXCEEDED,INVALID
3476,2,43,65,25319,37079,0,CAPACITY_EXCEEDED,INVALID
3477,2,43,66,24348,35916,0,CAPACITY_EXCEEDED,INVALID
3478,2,43,67,25371,36673,0,CAPACITY_EXCEEDED,INVALID
3479,2,43,68,25266,36792,0,CAPACITY_EXCEEDED,INVALID
3480,2,43,69,23832,35528,1,FEASIBLE,WORSE
3481,2,43,70,23853,35525,1,FEASIBLE,WORSE
3482,2,43,71,24915,36645,0,CAPACITY_EXCEEDED,INVALID
3483,2,43,72,23467,35817,1,FEASIBLE,WORSE
3484,2,43,73,24311,35572,0,CAPACITY_EXCEEDED,INVALID
3485,2,43,74,25020,36760,0,CAPACITY_EXCEEDED,INVALID
3486,2,43,75,23834,35911,1,FEASIBLE,WORSE
3487,2,43,76,24678,36567,0,CAPACITY_EXCEEDED,INVALID
3488,2,43,77,25102,36889,0,CAPACITY_EXCEEDED,INVALID
3489,2,43,78,23656,35848,1,FEASIBLE,WORSE
3490,2,43,79,24273,35932,1,FEASIBLE,WORSE
3491,2,43,80,23677,35748,1,FEASIBLE,WORSE
3492,2,43,81,24831,36610,0,CAPACITY_EXCEEDED,INVALID
3493,2,43,82,24868,36871,0,CAPACITY_EXCEEDED,INVALID
3494,2,43,83,23740,35658,1,FEASIBLE,WORSE
3495,2,43,84,24324,35938,0,CAPACITY_EXCEEDED,INVALID
3496,2,43,85,23774,36071,1,FEASIBLE,WORSE
3497,2,43,86,24003,36120,1,FEASIBLE,WORSE
3498,2,43,87,23498,35536,1,FEASIBLE,WORSE
3499,2,43,88,24145,35948,1,FEASIBLE,WORSE
3500,2,43,89,25201,36542,0,CAPACITY_EXCEEDED,INVALID
3501,2,43,90,23647,35723,1,FEASIBLE,WORSE
3502,2,43,91,25002,36852,0,CAPACITY_EXCEEDED,INVALID
3503,2,43,92,25253,36957,0,CAPACITY_EXCEEDED,INVALID
3504,2,43,93,24341,36309,0,CAPACITY_EXCEEDED,INVALID
3505,2,43,94,24974,36968,0,CAPACITY_EXCEEDED,INVALID
3506,2,43,95,24991,36848,0,CAPACITY_EXCEEDED,INVALID
3507,2,43,96,25056,36612,0,CAPACITY_EXCEEDED,INVALID
3508,2,43,97,23970,35893,1,FEASIBLE,WORSE
3509,2,43,98,24308,36419,0,CAPACITY_EXCEEDED,INVALID
3510,2,43,99,24187,35738,1,FEASIBLE,WORSE
3511,2,44,45,24263,35935,1,FEASIBLE,WORSE
3512,2,44,46,24372,36392,0,CAPACITY_EXCEEDED,INVALID
3513,2,44,47,22996,34917,1,FEASIBLE,WORSE
3514,2,44,48,23391,35609,1,FEASIBLE,WORSE
3515,2,44,49,23442,35804,1,FEASIBLE,WORSE
3516,2,44,50,24020,35897,1,FEASIBLE,WORSE
3517,2,44,51,23317,35273,1,FEASIBLE,WORSE
3518,2,44,52,24121,35831,1,FEASIBLE,WORSE
3519,2,44,53,23406,35728,1,FEASIBLE,WORSE
3520,2,44,54,24272,36310,1,FEASIBLE,WORSE
3521,2,44,55,23268,34892,1,FEASIBLE,WORSE
3522,2,44,56,23477,35392,1,FEASIBLE,WORSE
3523,2,44,57,23315,35414,1,FEASIBLE,WORSE
3524,2,44,58,23034,35174,1,FEASIBLE,WORSE
3525,2,44,59,24051,35907,1,FEASIBLE,WORSE
3526,2,44,60,23102,35233,1,FEASIBLE,WORSE
3527,2,44,61,23317,35640,1,FEASIBLE,WORSE
3528,2,44,62,23008,35204,1,FEASIBLE,WORSE
3529,2,44,63,22544,34854,1,FEASIBLE,WORSE
3530,2,44,64,24027,35868,1,FEASIBLE,WORSE
3531,2,44,65,24433,36369,0,CAPACITY_EXCEEDED,INVALID
3532,2,44,66,23462,35206,1,FEASIBLE,WORSE
3533,2,44,67,24485,35963,0,CAPACITY_EXCEEDED,INVALID
3534,2,44,68,24380,36082,0,CAPACITY_EXCEEDED,INVALID
3535,2,44,69,22946,34818,1,FEASIBLE,WORSE
3536,2,44,70,22967,34815,1,FEASIBLE,WORSE
3537,2,44,71,24029,35935,1,FEASIBLE,WORSE
3538,2,44,72,22581,35107,1,FEASIBLE,WORSE
3539,2,44,73,23425,34862,1,FEASIBLE,WORSE
3540,2,44,74,24134,36050,1,FEASIBLE,WORSE
3541,2,44,75,22948,35201,1,FEASIBLE,WORSE
3542,2,44,76,23792,35857,1,FEASIBLE,WORSE
3543,2,44,77,24216,36179,1,FEASIBLE,WORSE
3544,2,44,78,22770,35138,1,FEASIBLE,WORSE
3545,2,44,79,23387,35222,1,FEASIBLE,WORSE
3546,2,44,80,22791,35038,1,FEASIBLE,WORSE
3547,2,44,81,23945,35900,1,FEASIBLE,WORSE
3548,2,44,82,23982,36161,1,FEASIBLE,WORSE
3549,2,44,83,22854,34948,1,FEASIBLE,WORSE
3550,2,44,84,23438,35228,1,FEASIBLE,WORSE
3551,2,44,85,22888,35361,1,FEASIBLE,WORSE
3552,2,44,86,23117,35410,1,FEASIBLE,WORSE
3553,2,44,87,22612,34826,1,FEASIBLE,WORSE
3554,2,44,88,23259,35238,1,FEASIBLE,WORSE
3555,2,44,89,24315,35832,0,CAPACITY_EXCEEDED,INVALID
3556,2,44,90,22761,35013,1,FEASIBLE,WORSE
3557,2,44,91,24116,36142,1,FEASIBLE,WORSE
3558,2,44,92,24367,36247,0,CAPACITY_EXCEEDED,INVALID
3559,2,44,93,23455,35599,1,FEASIBLE,WORSE
3560,2,44,94,24088,36258,1,FEASIBLE,WORSE
3561,2,44,95,24105,36138,1,FEASIBLE,WORSE
3562,2,44,96,24170,35902,1,FEASIBLE,WORSE
3563,2,44,97,23084,35183,1,FEASIBLE,WORSE
3564,2,44,98,23422,35709,1,FEASIBLE,WORSE
3565,2,44,99,23301,35028,1,FEASIBLE,WORSE
3566,2,45,46,25860,37111,0,CAPACITY_EXCEEDED,INVALID
3567,2,45,47,24484,35636,0,CAPACITY_EXCEEDED,INVALID
3568,2,45,48,24879,36328,0,CAPACITY_EXCEEDED,INVALID
3569,2,45,49,24930,36523,0,CAPACITY_EXCEEDED,INVALID
3570,2,45,50,25508,36616,0,CAPACITY_EXCEEDED,INVALID
3571,2,45,51,24805,35992,0,CAPACITY_EXCEEDED,INVALID
3572,2,45,52,25609,36550,0,CAPACITY_EXCEEDED,INVALID
3573,2,45,53,24894,36447,0,CAPACITY_EXCEEDED,INVALID
3574,2,45,54,25760,37029,0,CAPACITY_EXCEEDED,INVALID
3575,2,45,55,24756,35611,0,CAPACITY_EXCEEDED,INVALID
3576,2,45,56,24965,36111,0,CAPACITY_EXCEEDED,INVALID
3577,2,45,57,24803,36133,0,CAPACITY_EXCEEDED,INVALID
3578,2,45,58,24522,35893,0,CAPACITY_EXCEEDED,INVALID
3579,2,45,59,25539,36626,0,CAPACITY_EXCEEDED,INVALID
3580,2,45,60,24590,35952,0,CAPACITY_EXCEEDED,INVALID
3581,2,45,61,24805,36359,0,CAPACITY_EXCEEDED,INVALID
3582,2,45,62,24496,35923,0,CAPACITY_EXCEEDED,INVALID
3583,2,45,63,24032,35573,1,FEASIBLE,WORSE
3584,2,45,64,25515,36587,0,CAPACITY_EXCEEDED,INVALID
3585,2,45,65,25921,37088,0,CAPACITY_EXCEEDED,INVALID
3586,2,45,66,24950,35925,0,CAPACITY_EXCEEDED,INVALID
3587,2,45,67,25973,36682,0,CAPACITY_EXCEEDED,INVALID
3588,2,45,68,25868,36801,0,CAPACITY_EXCEEDED,INVALID
3589,2,45,69,24434,35537,0,CAPACITY_EXCEEDED,INVALID
3590,2,45,70,24455,35534,0,CAPACITY_EXCEEDED,INVALID
3591,2,45,71,25517,36654,0,CAPACITY_EXCEEDED,INVALID
3592,2,45,72,24069,35826,1,FEASIBLE,WORSE
3593,2,45,73,24913,35581,0,CAPACITY_EXCEEDED,INVALID
3594,2,45,74,25622,36769,0,CAPACITY_EXCEEDED,INVALID
3595,2,45,75,24436,35920,0,CAPACITY_EXCEEDED,INVALID
3596,2,45,76,25280,36576,0,CAPACITY_EXCEEDED,INVALID
3597,2,45,77,25704,36898,0,CAPACITY_EXCEEDED,INVALID
3598,2,45,78,24258,35857,1,FEASIBLE,WORSE
3599,2,45,79,24875,35941,0,CAPACITY_EXCEEDED,INVALID
3600,2,45,80,24279,35757,1,FEASIBLE,WORSE
3601,2,45,81,25433,36619,0,CAPACITY_EXCEEDED,INVALID
3602,2,45,82,25470,36880,0,CAPACITY_EXCEEDED,INVALID
3603,2,45,83,24342,35667,0,CAPACITY_EXCEEDED,INVALID
3604,2,45,84,24926,35947,0,CAPACITY_EXCEEDED,INVALID
3605,2,45,85,24376,36080,0,CAPACITY_EXCEEDED,INVALID
3606,2,45,86,24605,36129,0,CAPACITY_EXCEEDED,INVALID
3607,2,45,87,24100,35545,1,FEASIBLE,WORSE
3608,2,45,88,24747,35957,0,CAPACITY_EXCEEDED,INVALID
3609,2,45,89,25803,36551,0,CAPACITY_EXCEEDED,INVALID
3610,2,45,90,24249,35732,1,FEASIBLE,WORSE
3611,2,45,91,25604,36861,0,CAPACITY_EXCEEDED,INVALID
3612,2,45,92,25855,36966,0,CAPACITY_EXCEEDED,INVALID
3613,2,45,93,24943,36318,0,CAPACITY_EXCEEDED,INVALID
3614,2,45,94,25576,36977,0,CAPACITY_EXCEEDED,INVALID
3615,2,45,95,25593,36857,0,CAPACITY_EXCEEDED,INVALID
3616,2,45,96,25658,36621,0,CAPACITY_EXCEEDED,INVALID
3617,2,45,97,24572,35902,0,CAPACITY_EXCEEDED,INVALID
3618,2,45,98,24910,36428,0,CAPACITY_EXCEEDED,INVALID
3619,2,45,99,24789,35747,0,CAPACITY_EXCEEDED,INVALID
3620,2,46,47,24593,36093,0,CAPACITY_EXCEEDED,INVALID
3621,2,46,48,24988,36785,0,CAPACITY_EXCEEDED,INVALID
3622,2,46,49,25039,36980,0,CAPACITY_EXCEEDED,INVALID
3623,2,46,50,25617,37073,0,CAPACITY_EXCEEDED,INVALID
3624,2,46,51,24914,36449,0,CAPACITY_EXCEEDED,INVALID
3625,2,46,52,25718,37007,0,CAPACITY_EXCEEDED,INVALID
3626,2,46,53,25003,36904,0,CAPACITY_EXCEEDED,INVALID
3627,2,46,54,25869,37486,0,CAPACITY_EXCEEDED,INVALID
3628,2,46,55,24865,36068,0,CAPACITY_EXCEEDED,INVALID
3629,2,46,56,25074,36568,0,CAPACITY_EXCEEDED,INVALID
3630,2,46,57,24912,36590,0,CAPACITY_EXCEEDED,INVALID
3631,2,46,58,24631,36350,0,CAPACITY_EXCEEDED,INVALID
3632,2,46,59,25648,37083,0,CAPACITY_EXCEEDED,INVALID
3633,2,46,60,24699,36409,0,CAPACITY_EXCEEDED,INVALID
3634,2,46,61,24914,36816,0,CAPACITY_EXCEEDED,INVALID
3635,2,46,62,24605,36380,0,CAPACITY_EXCEEDED,INVALID
3636,2,46,63,24141,36030,1,FEASIBLE,WORSE
3637,2,46,64,25624,37044,0,CAPACITY_EXCEEDED,INVALID
3638,2,46,65,26030,37545,0,CAPACITY_EXCEEDED,INVALID
3639,2,46,66,25059,36382,0,CAPACITY_EXCEEDED,INVALID
3640,2,46,67,26082,37139,0,CAPACITY_EXCEEDED,INVALID
3641,2,46,68,25977,37258,0,CAPACITY_EXCEEDED,INVALID
3642,2,46,69,24543,35994,0,CAPACITY_EXCEEDED,INVALID
3643,2,46,70,24564,35991,0,CAPACITY_EXCEEDED,INVALID
3644,2,46,71,25626,37111,0,CAPACITY_EXCEEDED,INVALID
3645,2,46,72,24178,36283,1,FEASIBLE,WORSE
3646,2,46,73,25022,36038,0,CAPACITY_EXCEEDED,INVALID
3647,2,46,74,25731,37226,0,CAPACITY_EXCEEDED,INVALID
3648,2,46,75,24545,36377,0,CAPACITY_EXCEEDED,INVALID
3649,2,46,76,25389,37033,0,CAPACITY_EXCEEDED,INVALID
3650,2,46,77,25813,37355,0,CAPACITY_EXCEEDED,INVALID
3651,2,46,78,24367,36314,0,CAPACITY_EXCEEDED,INVALID
3652,2,46,79,24984,36398,0,CAPACITY_EXCEEDED,INVALID
3653,2,46,80,24388,36214,0,CAPACITY_EXCEEDED,INVALID
3654,2,46,81,25542,37076,0,CAPACITY_EXCEEDED,INVALID
3655,2,46,82,25579,37337,0,CAPACITY_EXCEEDED,INVALID
3656,2,46,83,24451,36124,0,CAPACITY_EXCEEDED,INVALID
3657,2,46,84,25035,36404,0,CAPACITY_EXCEEDED,INVALID
3658,2,46,85,24485,36537,0,CAPACITY_EXCEEDED,INVALID
3659,2,46,86,24714,36586,0,CAPACITY_EXCEEDED,INVALID
3660,2,46,87,24209,36002,1,FEASIBLE,WORSE
3661,2,46,88,24856,36414,0,CAPACITY_EXCEEDED,INVALID
3662,2,46,89,25912,37008,0,CAPACITY_EXCEEDED,INVALID
3663,2,46,90,24358,36189,0,CAPACITY_EXCEEDED,INVALID
3664,2,46,91,25713,37318,0,CAPACITY_EXCEEDED,INVALID
3665,2,46,92,25964,37423,0,CAPACITY_EXCEEDED,INVALID
3666,2,46,93,25052,36775,0,CAPACITY_EXCEEDED,INVALID
3667,2,46,94,25685,37434,0,CAPACITY_EXCEEDED,INVALID
3668,2,46,95,25702,37314,0,CAPACITY_EXCEEDED,INVALID
3669,2,46,96,25767,37078,0,CAPACITY_EXCEEDED,INVALID
3670,2,46,97,24681,36359,0,CAPACITY_EXCEEDED,INVALID
3671,2,46,98,25019,36885,0,CAPACITY_EXCEEDED,INVALID
3672,2,46,99,24898,36204,0,CAPACITY_EXCEEDED,INVALID
3673,2,47,48,23612,35310,1,FEASIBLE,WORSE
3674,2,47,49,23663,35505,1,FEASIBLE,WORSE
3675,2,47,50,24241,35598,1,FEASIBLE,WORSE
3676,2,47,51,23538,34974,1,FEASIBLE,WORSE
3677,2,47,52,24342,35532,0,CAPACITY_EXCEEDED,INVALID
3678,2,47,53,23627,35429,1,FEASIBLE,WORSE
3679,2,47,54,24493,36011,0,CAPACITY_EXCEEDED,INVALID
3680,2,47,55,23489,34593,1,FEASIBLE,WORSE
3681,2,47,56,23698,35093,1,FEASIBLE,WORSE
3682,2,47,57,23536,35115,1,FEASIBLE,WORSE
3683,2,47,58,23255,34875,1,FEASIBLE,WORSE
3684,2,47,59,24272,35608,1,FEASIBLE,WORSE
3685,2,47,60,23323,34934,1,FEASIBLE,WORSE
3686,2,47,61,23538,35341,1,FEASIBLE,WORSE
3687,2,47,62,23229,34905,1,FEASIBLE,WORSE
3688,2,47,63,22765,34555,1,FEASIBLE,WORSE
3689,2,47,64,24248,35569,1,FEASIBLE,WORSE
3690,2,47,65,24654,36070,0,CAPACITY_EXCEEDED,INVALID
3691,2,47,66,23683,34907,1,FEASIBLE,WORSE
3692,2,47,67,24706,35664,0,CAPACITY_EXCEEDED,INVALID
3693,2,47,68,24601,35783,0,CAPACITY_EXCEEDED,INVALID
3694,2,47,69,23167,34519,1,FEASIBLE,WORSE
3695,2,47,70,23188,34516,1,FEASIBLE,WORSE
3696,2,47,71,24250,35636,1,FEASIBLE,WORSE
3697,2,47,72,22802,34808,1,FEASIBLE,WORSE
3698,2,47,73,23646,34563,1,FEASIBLE,WORSE
3699,2,47,74,24355,35751,0,CAPACITY_EXCEEDED,INVALID
3700,2,47,75,23169,34902,1,FEASIBLE,WORSE
3701,2,47,76,24013,35558,1,FEASIBLE,WORSE
3702,2,47,77,24437,35880,0,CAPACITY_EXCEEDED,INVALID
3703,2,47,78,22991,34839,1,FEASIBLE,WORSE
3704,2,47,79,23608,34923,1,FEASIBLE,WORSE
3705,2,47,80,23012,34739,1,FEASIBLE,WORSE
3706,2,47,81,24166,35601,1,FEASIBLE,WORSE
3707,2,47,82,24203,35862,1,FEASIBLE,WORSE
3708,2,47,83,23075,34649,1,FEASIBLE,WORSE
3709,2,47,84,23659,34929,1,FEASIBLE,WORSE
3710,2,47,85,23109,35062,1,FEASIBLE,WORSE
3711,2,47,86,23338,35111,1,FEASIBLE,WORSE
3712,2,47,87,22833,34527,1,FEASIBLE,WORSE
3713,2,47,88,23480,34939,1,FEASIBLE,WORSE
3714,2,47,89,24536,35533,0,CAPACITY_EXCEEDED,INVALID
3715,2,47,90,22982,34714,1,FEASIBLE,WORSE
3716,2,47,91,24337,35843,0,CAPACITY_EXCEEDED,INVALID
3717,2,47,92,24588,35948,0,CAPACITY_EXCEEDED,INVALID
3718,2,47,93,23676,35300,1,FEASIBLE,WORSE
3719,2,47,94,24309,35959,0,CAPACITY_EXCEEDED,INVALID
3720,2,47,95,24326,35839,0,CAPACITY_EXCEEDED,INVALID
3721,2,47,96,24391,35603,0,CAPACITY_EXCEEDED,INVALID
3722,2,47,97,23305,34884,1,FEASIBLE,WORSE
3723,2,47,98,23643,35410,1,FEASIBLE,WORSE
3724,2,47,99,23522,34729,1,FEASIBLE,WORSE
3725,2,48,49,24058,36197,1,FEASIBLE,WORSE
3726,2,48,50,24636,36290,0,CAPACITY_EXCEEDED,INVALID
3727,2,48,51,23933,35666,1,FEASIBLE,WORSE
3728,2,48,52,24737,36224,0,CAPACITY_EXCEEDED,INVALID
3729,2,48,53,24022,36121,1,FEASIBLE,WORSE
3730,2,48,54,24888,36703,0,CAPACITY_EXCEEDED,INVALID
3731,2,48,55,23884,35285,1,FEASIBLE,WORSE
3732,2,48,56,24093,35785,1,FEASIBLE,WORSE
3733,2,48,57,23931,35807,1,FEASIBLE,WORSE
3734,2,48,58,23650,35567,1,FEASIBLE,WORSE
3735,2,48,59,24667,36300,0,CAPACITY_EXCEEDED,INVALID
3736,2,48,60,23718,35626,1,FEASIBLE,WORSE
3737,2,48,61,23933,36033,1,FEASIBLE,WORSE
3738,2,48,62,23624,35597,1,FEASIBLE,WORSE
3739,2,48,63,23160,35247,1,FEASIBLE,WORSE
3740,2,48,64,24643,36261,0,CAPACITY_EXCEEDED,INVALID
3741,2,48,65,25049,36762,0,CAPACITY_EXCEEDED,INVALID
3742,2,48,66,24078,35599,1,FEASIBLE,WORSE
3743,2,48,67,25101,36356,0,CAPACITY_EXCEEDED,INVALID
3744,2,48,68,24996,36475,0,CAPACITY_EXCEEDED,INVALID
3745,2,48,69,23562,35211,1,FEASIBLE,WORSE
3746,2,48,70,23583,35208,1,FEASIBLE,WORSE
3747,2,48,71,24645,36328,0,CAPACITY_EXCEEDED,INVALID
3748,2,48,72,23197,35500,1,FEASIBLE,WORSE
3749,2,48,73,24041,35255,1,FEASIBLE,WORSE
3750,2,48,74,24750,36443,0,CAPACITY_EXCEEDED,INVALID
3751,2,48,75,23564,35594,1,FEASIBLE,WORSE
3752,2,48,76,24408,36250,0,CAPACITY_EXCEEDED,INVALID
3753,2,48,77,24832,36572,0,CAPACITY_EXCEEDED,INVALID
3754,2,48,78,23386,35531,1,FEASIBLE,WORSE
3755,2,48,79,24003,35615,1,FEASIBLE,WORSE
3756,2,48,80,23407,35431,1,FEASIBLE,WORSE
3757,2,48,81,24561,36293,0,CAPACITY_EXCEEDED,INVALID
3758,2,48,82,24598,36554,0,CAPACITY_EXCEEDED,INVALID
3759,2,48,83,23470,35341,1,FEASIBLE,WORSE
3760,2,48,84,24054,35621,1,FEASIBLE,WORSE
3761,2,48,85,23504,35754,1,FEASIBLE,WORSE
3762,2,48,86,23733,35803,1,FEASIBLE,WORSE
3763,2,48,87,23228,35219,1,FEASIBLE,WORSE
3764,2,48,88,23875,35631,1,FEASIBLE,WORSE
3765,2,48,89,24931,36225,0,CAPACITY_EXCEEDED,INVALID
3766,2,48,90,23377,35406,1,FEASIBLE,WORSE
3767,2,48,91,24732,36535,0,CAPACITY_EXCEEDED,INVALID
3768,2,48,92,24983,36640,0,CAPACITY_EXCEEDED,INVALID
3769,2,48,93,24071,35992,1,FEASIBLE,WORSE
3770,2,48,94,24704,36651,0,CAPACITY_EXCEEDED,INVALID
3771,2,48,95,24721,36531,0,CAPACITY_EXCEEDED,INVALID
3772,2,48,96,24786,36295,0,CAPACITY_EXCEEDED,INVALID
3773,2,48,97,23700,35576,1,FEASIBLE,WORSE
3774,2,48,98,24038,36102,1,FEASIBLE,WORSE
3775,2,48,99,23917,35421,1,FEASIBLE,WORSE
3776,2,49,50,24687,36485,0,CAPACITY_EXCEEDED,INVALID
3777,2,49,51,23984,35861,1,FEASIBLE,WORSE
3778,2,49,52,24788,36419,0,CAPACITY_EXCEEDED,INVALID
3779,2,49,53,24073,36316,1,FEASIBLE,WORSE
3780,2,49,54,24939,36898,0,CAPACITY_EXCEEDED,INVALID
3781,2,49,55,23935,35480,1,FEASIBLE,WORSE
3782,2,49,56,24144,35980,1,FEASIBLE,WORSE
3783,2,49,57,23982,36002,1,FEASIBLE,WORSE
3784,2,49,58,23701,35762,1,FEASIBLE,WORSE
3785,2,49,59,24718,36495,0,CAPACITY_EXCEEDED,INVALID
3786,2,49,60,23769,35821,1,FEASIBLE,WORSE
3787,2,49,61,23984,36228,1,FEASIBLE,WORSE
3788,2,49,62,23675,35792,1,FEASIBLE,WORSE
3789,2,49,63,23211,35442,1,FEASIBLE,WORSE
3790,2,49,64,24694,36456,0,CAPACITY_EXCEEDED,INVALID
3791,2,49,65,25100,36957,0,CAPACITY_EXCEEDED,INVALID
3792,2,49,66,24129,35794,1,FEASIBLE,WORSE
3793,2,49,67,25152,36551,0,CAPACITY_EXCEEDED,INVALID
3794,2,49,68,25047,36670,0,CAPACITY_EXCEEDED,INVALID
3795,2,49,69,23613,35406,1,FEASIBLE,WORSE
3796,2,49,70,23634,35403,1,FEASIBLE,WORSE
3797,2,49,71,24696,36523,0,CAPACITY_EXCEEDED,INVALID
3798,2,49,72,23248,35695,1,FEASIBLE,WORSE
3799,2,49,73,24092,35450,1,FEASIBLE,WORSE
3800,2,49,74,24801,36638,0,CAPACITY_EXCEEDED,INVALID
3801,2,49,75,23615,35789,1,FEASIBLE,WORSE
3802,2,49,76,24459,36445,0,CAPACITY_EXCEEDED,INVALID
3803,2,49,77,24883,36767,0,CAPACITY_EXCEEDED,INVALID
3804,2,49,78,23437,35726,1,FEASIBLE,WORSE
3805,2,49,79,24054,35810,1,FEASIBLE,WORSE
3806,2,49,80,23458,35626,1,FEASIBLE,WORSE
3807,2,49,81,24612,36488,0,CAPACITY_EXCEEDED,INVALID
3808,2,49,82,24649,36749,0,CAPACITY_EXCEEDED,INVALID
3809,2,49,83,23521,35536,1,FEASIBLE,WORSE
3810,2,49,84,24105,35816,1,FEASIBLE,WORSE
3811,2,49,85,23555,35949,1,FEASIBLE,WORSE
3812,2,49,86,23784,35998,1,FEASIBLE,WORSE
3813,2,49,87,23279,35414,1,FEASIBLE,WORSE
3814,2,49,88,23926,35826,1,FEASIBLE,WORSE
3815,2,49,89,24982,36420,0,CAPACITY_EXCEEDED,INVALID
3816,2,49,90,23428,35601,1,FEASIBLE,WORSE
3817,2,49,91,24783,36730,0,CAPACITY_EXCEEDED,INVALID
3818,2,49,92,25034,36835,0,CAPACITY_EXCEEDED,INVALID
3819,2,49,93,24122,36187,1,FEASIBLE,WORSE
3820,2,49,94,24755,36846,0,CAPACITY_EXCEEDED,INVALID
3821,2,49,95,24772,36726,0,CAPACITY_EXCEEDED,INVALID
3822,2,49,96,24837,36490,0,CAPACITY_EXCEEDED,INVALID
3823,2,49,97,23751,35771,1,FEASIBLE,WORSE
3824,2,49,98,24089,36297,1,FEASIBLE,WORSE
3825,2,49,99,23968,35616,1,FEASIBLE,WORSE
3826,2,50,51,24562,35954,0,CAPACITY_EXCEEDED,INVALID
3827,2,50,52,25366,36512,0,CAPACITY_EXCEEDED,INVALID
3828,2,50,53,24651,36409,0,CAPACITY_EXCEEDED,INVALID
3829,2,50,54,25517,36991,0,CAPACITY_EXCEEDED,INVALID
3830,2,50,55,24513,35573,0,CAPACITY_EXCEEDED,INVALID
3831,2,50,56,24722,36073,0,CAPACITY_EXCEEDED,INVALID
3832,2,50,57,24560,36095,0,CAPACITY_EXCEEDED,INVALID
3833,2,50,58,24279,35855,1,FEASIBLE,WORSE
3834,2,50,59,25296,36588,0,CAPACITY_EXCEEDED,INVALID
3835,2,50,60,24347,35914,0,CAPACITY_EXCEEDED,INVALID
3836,2,50,61,24562,36321,0,CAPACITY_EXCEEDED,INVALID
3837,2,50,62,24253,35885,1,FEASIBLE,WORSE
3838,2,50,63,23789,35535,1,FEASIBLE,WORSE
3839,2,50,64,25272,36549,0,CAPACITY_EXCEEDED,INVALID
3840,2,50,65,25678,37050,0,CAPACITY_EXCEEDED,INVALID
3841,2,50,66,24707,35887,0,CAPACITY_EXCEEDED,INVALID
3842,2,50,67,25730,36644,0,CAPACITY_EXCEEDED,INVALID
3843,2,50,68,25625,36763,0,CAPACITY_EXCEEDED,INVALID
3844,2,50,69,24191,35499,1,FEASIBLE,WORSE
3845,2,50,70,24212,35496,1,FEASIBLE,WORSE
3846,2,50,71,25274,36616,0,CAPACITY_EXCEEDED,INVALID
3847,2,50,72,23826,35788,1,FEASIBLE,WORSE
3848,2,50,73,24670,35543,0,CAPACITY_EXCEEDED,INVALID
3849,2,50,74,25379,36731,0,CAPACITY_EXCEEDED,INVALID
3850,2,50,75,24193,35882,1,FEASIBLE,WORSE
3851,2,50,76,25037,36538,0,CAPACITY_EXCEEDED,INVALID
3852,2,50,77,25461,36860,0,CAPACITY_EXCEEDED,INVALID
3853,2,50,78,24015,35819,1,FEASIBLE,WORSE
3854,2,50,79,24632,35903,0,CAPACITY_EXCEEDED,INVALID
3855,2,50,80,24036,35719,1,FEASIBLE,WORSE
3856,2,50,81,25190,36581,0,CAPACITY_EXCEEDED,INVALID
3857,2,50,82,25227,36842,0,CAPACITY_EXCEEDED,INVALID
3858,2,50,83,24099,35629,1,FEASIBLE,WORSE
3859,2,50,84,24683,35909,0,CAPACITY_EXCEEDED,INVALID
3860,2,50,85,24133,36042,1,FEASIBLE,WORSE
3861,2,50,86,24362,36091,0,CAPACITY_EXCEEDED,INVALID
3862,2,50,87,23857,35507,1,FEASIBLE,WORSE
3863,2,50,88,24504,35919,0,CAPACITY_EXCEEDED,INVALID
3864,2,50,89,25560,36513,0,CAPACITY_EXCEEDED,INVALID
3865,2,50,90,24006,35694,1,FEASIBLE,WORSE
3866,2,50,91,25361,36823,0,CAPACITY_EXCEEDED,INVALID
3867,2,50,92,25612,36928,0,CAPACITY_EXCEEDED,INVALID
3868,2,50,93,24700,36280,0,CAPACITY_EXCEEDED,INVALID
3869,2,50,94,25333,36939,0,CAPACITY_EXCEEDED,INVALID
3870,2,50,95,25350,36819,0,CAPACITY_EXCEEDED,INVALID
3871,2,50,96,25415,36583,0,CAPACITY_EXCEEDED,INVALID
3872,2,50,97,24329,35864,0,CAPACITY_EXCEEDED,INVALID
3873,2,50,98,24667,36390,0,CAPACITY_EXCEEDED,INVALID
3874,2,50,99,24546,35709,0,CAPACITY_EXCEEDED,INVALID
3875,2,51,52,24663,35888,0,CAPACITY_EXCEEDED,INVALID
3876,2,51,53,23948,35785,1,FEASIBLE,WORSE
3877,2,51,54,24814,36367,0,CAPACITY_EXCEEDED,INVALID
3878,2,51,55,23810,34949,1,FEASIBLE,WORSE
3879,2,51,56,24019,35449,1,FEASIBLE,WORSE
3880,2,51,57,23857,35471,1,FEASIBLE,WORSE
3881,2,51,58,23576,35231,1,FEASIBLE,WORSE
3882,2,51,59,24593,35964,0,CAPACITY_EXCEEDED,INVALID
3883,2,51,60,23644,35290,1,FEASIBLE,WORSE
3884,2,51,61,23859,35697,1,FEASIBLE,WORSE
3885,2,51,62,23550,35261,1,FEASIBLE,WORSE
3886,2,51,63,23086,34911,1,FEASIBLE,WORSE
3887,2,51,64,24569,35925,0,CAPACITY_EXCEEDED,INVALID
3888,2,51,65,24975,36426,0,CAPACITY_EXCEEDED,INVALID
3889,2,51,66,24004,35263,1,FEASIBLE,WORSE
3890,2,51,67,25027,36020,0,CAPACITY_EXCEEDED,INVALID
3891,2,51,68,24922,36139,0,CAPACITY_EXCEEDED,INVALID
3892,2,51,69,23488,34875,1,FEASIBLE,WORSE
3893,2,51,70,23509,34872,1,FEASIBLE,WORSE
3894,2,51,71,24571,35992,0,CAPACITY_EXCEEDED,INVALID
3895,2,51,72,23123,35164,1,FEASIBLE,WORSE
3896,2,51,73,23967,34919,1,FEASIBLE,WORSE
3897,2,51,74,24676,36107,0,CAPACITY_EXCEEDED,INVALID
3898,2,51,75,23490,35258,1,FEASIBLE,WORSE
3899,2,51,76,24334,35914,0,CAPACITY_EXCEEDED,INVALID
3900,2,51,77,24758,36236,0,CAPACITY_EXCEEDED,INVALID
3901,2,51,78,23312,35195,1,FEASIBLE,WORSE
3902,2,51,79,23929,35279,1,FEASIBLE,WORSE
3903,2,51,80,23333,35095,1,FEASIBLE,WORSE
3904,2,51,81,24487,35957,0,CAPACITY_EXCEEDED,INVALID
3905,2,51,82,24524,36218,0,CAPACITY_EXCEEDED,INVALID
3906,2,51,83,23396,35005,1,FEASIBLE,WORSE
3907,2,51,84,23980,35285,1,FEASIBLE,WORSE
3908,2,51,85,23430,35418,1,FEASIBLE,WORSE
3909,2,51,86,23659,35467,1,FEASIBLE,WORSE
3910,2,51,87,23154,34883,1,FEASIBLE,WORSE
3911,2,51,88,23801,35295,1,FEASIBLE,WORSE
3912,2,51,89,24857,35889,0,CAPACITY_EXCEEDED,INVALID
3913,2,51,90,23303,35070,1,FEASIBLE,WORSE
3914,2,51,91,24658,36199,0,CAPACITY_EXCEEDED,INVALID
3915,2,51,92,24909,36304,0,CAPACITY_EXCEEDED,INVALID
3916,2,51,93,23997,35656,1,FEASIBLE,WORSE
3917,2,51,94,24630,36315,0,CAPACITY_EXCEEDED,INVALID
3918,2,51,95,24647,36195,0,CAPACITY_EXCEEDED,INVALID
3919,2,51,96,24712,35959,0,CAPACITY_EXCEEDED,INVALID
3920,2,51,97,23626,35240,1,FEASIBLE,WORSE
3921,2,51,98,23964,35766,1,FEASIBLE,WORSE
3922,2,51,99,23843,35085,1,FEASIBLE,WORSE
3923,2,52,53,24752,36343,0,CAPACITY_EXCEEDED,INVALID
3924,2,52,54,25618,36925,0,CAPACITY_EXCEEDED,INVALID
3925,2,52,55,24614,35507,0,CAPACITY_EXCEEDED,INVALID
3926,2,52,56,24823,36007,0,CAPACITY_EXCEEDED,INVALID
3927,2,52,57,24661,36029,0,CAPACITY_EXCEEDED,INVALID
3928,2,52,58,24380,35789,0,CAPACITY_EXCEEDED,INVALID
3929,2,52,59,25397,36522,0,CAPACITY_EXCEEDED,INVALID
3930,2,52,60,24448,35848,0,CAPACITY_EXCEEDED,INVALID
3931,2,52,61,24663,36255,0,CAPACITY_EXCEEDED,INVALID
3932,2,52,62,24354,35819,0,CAPACITY_EXCEEDED,INVALID
3933,2,52,63,23890,35469,1,FEASIBLE,WORSE
3934,2,52,64,25373,36483,0,CAPACITY_EXCEEDED,INVALID
3935,2,52,65,25779,36984,0,CAPACITY_EXCEEDED,INVALID
3936,2,52,66,24808,35821,0,CAPACITY_EXCEEDED,INVALID
3937,2,52,67,25831,36578,0,CAPACITY_EXCEEDED,INVALID
3938,2,52,68,25726,36697,0,CAPACITY_EXCEEDED,INVALID
3939,2,52,69,24292,35433,0,CAPACITY_EXCEEDED,INVALID
3940,2,52,70,24313,35430,0,CAPACITY_EXCEEDED,INVALID
3941,2,52,71,25375,36550,0,CAPACITY_EXCEEDED,INVALID
3942,2,52,72,23927,35722,1,FEASIBLE,WORSE
3943,2,52,73,24771,35477,0,CAPACITY_EXCEEDED,INVALID
3944,2,52,74,25480,36665,0,CAPACITY_EXCEEDED,INVALID
3945,2,52,75,24294,35816,0,CAPACITY_EXCEEDED,INVALID
3946,2,52,76,25138,36472,0,CAPACITY_EXCEEDED,INVALID
3947,2,52,77,25562,36794,0,CAPACITY_EXCEEDED,INVALID
3948,2,52,78,24116,35753,1,FEASIBLE,WORSE
3949,2,52,79,24733,35837,0,CAPACITY_EXCEEDED,INVALID
3950,2,52,80,24137,35653,1,FEASIBLE,WORSE
3951,2,52,81,25291,36515,0,CAPACITY_EXCEEDED,INVALID
3952,2,52,82,25328,36776,0,CAPACITY_EXCEEDED,INVALID
3953,2,52,83,24200,35563,1,FEASIBLE,WORSE
3954,2,52,84,24784,35843,0,CAPACITY_EXCEEDED,INVALID
3955,2,52,85,24234,35976,1,FEASIBLE,WORSE
3956,2,52,86,24463,36025,0,CAPACITY_EXCEEDED,INVALID
3957,2,52,87,23958,35441,1,FEASIBLE,WORSE
3958,2,52,88,24605,35853,0,CAPACITY_EXCEEDED,INVALID
3959,2,52,89,25661,36447,0,CAPACITY_EXCEEDED,INVALID
3960,2,52,90,24107,35628,1,FEASIBLE,WORSE
3961,2,52,91,25462,36757,0,CAPACITY_EXCEEDED,INVALID
3962,2,52,92,25713,36862,0,CAPACITY_EXCEEDED,INVALID
3963,2,52,93,24801,36214,0,CAPACITY_EXCEEDED,INVALID
3964,2,52,94,25434,36873,0,CAPACITY_EXCEEDED,INVALID
3965,2,52,95,25451,36753,0,CAPACITY_EXCEEDED,INVALID
3966,2,52,96,25516,36517,0,CAPACITY_EXCEEDED,INVALID
3967,2,52,97,24430,35798,0,CAPACITY_EXCEEDED,INVALID
3968,2,52,98,24768,36324,0,CAPACITY_EXCEEDED,INVALID
3969,2,52,99,24647,35643,0,CAPACITY_EXCEEDED,INVALID
3970,2,53,54,24903,36822,0,CAPACITY_EXCEEDED,INVALID
3971,2,53,55,23899,35404,1,FEASIBLE,WORSE
3972,2,53,56,24108,35904,1,FEASIBLE,WORSE
3973,2,53,57,23946,35926,1,FEASIBLE,WORSE
3974,2,53,58,23665,35686,1,FEASIBLE,WORSE
3975,2,53,59,24682,36419,0,CAPACITY_EXCEEDED,INVALID
3976,2,53,60,23733,35745,1,FEASIBLE,WORSE
3977,2,53,61,23948,36152,1,FEASIBLE,WORSE
3978,2,53,62,23639,35716,1,FEASIBLE,WORSE
3979,2,53,63,23175,35366,1,FEASIBLE,WORSE
3980,2,53,64,24658,36380,0,CAPACITY_EXCEEDED,INVALID
3981,2,53,65,25064,36881,0,CAPACITY_EXCEEDED,INVALID
3982,2,53,66,24093,35718,1,FEASIBLE,WORSE
3983,2,53,67,25116,36475,0,CAPACITY_EXCEEDED,INVALID
3984,2,53,68,25011,36594,0,CAPACITY_EXCEEDED,INVALID
3985,2,53,69,23577,35330,1,FEASIBLE,WORSE
3986,2,53,70,23598,35327,1,FEASIBLE,WORSE
3987,2,53,71,24660,36447,0,CAPACITY_EXCEEDED,INVALID
3988,2,53,72,23212,35619,1,FEASIBLE,WORSE
3989,2,53,73,24056,35374,1,FEASIBLE,WORSE
3990,2,53,74,24765,36562,0,CAPACITY_EXCEEDED,INVALID
3991,2,53,75,23579,35713,1,FEASIBLE,WORSE
3992,2,53,76,24423,36369,0,CAPACITY_EXCEEDED,INVALID
3993,2,53,77,24847,36691,0,CAPACITY_EXCEEDED,INVALID
3994,2,53,78,23401,35650,1,FEASIBLE,WORSE
3995,2,53,79,24018,35734,1,FEASIBLE,WORSE
3996,2,53,80,23422,35550,1,FEASIBLE,WORSE
3997,2,53,81,24576,36412,0,CAPACITY_EXCEEDED,INVALID
3998,2,53,82,24613,36673,0,CAPACITY_EXCEEDED,INVALID
3999,2,53,83,23485,35460,1,FEASIBLE,WORSE
4000,2,53,84,24069,35740,1,FEASIBLE,WORSE
4001,2,53,85,23519,35873,1,FEASIBLE,WORSE
4002,2,53,86,23748,35922,1,FEASIBLE,WORSE
4003,2,53,87,23243,35338,1,FEASIBLE,WORSE
4004,2,53,88,23890,35750,1,FEASIBLE,WORSE
4005,2,53,89,24946,36344,0,CAPACITY_EXCEEDED,INVALID
4006,2,53,90,23392,35525,1,FEASIBLE,WORSE
4007,2,53,91,24747,36654,0,CAPACITY_EXCEEDED,INVALID
4008,2,53,92,24998,36759,0,CAPACITY_EXCEEDED,INVALID
4009,2,53,93,24086,36111,1,FEASIBLE,WORSE
4010,2,53,94,24719,36770,0,CAPACITY_EXCEEDED,INVALID
4011,2,53,95,24736,36650,0,CAPACITY_EXCEEDED,INVALID
4012,2,53,96,24801,36414,0,CAPACITY_EXCEEDED,INVALID
4013,2,53,97,23715,35695,1,FEASIBLE,WORSE
4014,2,53,98,24053,36221,1,FEASIBLE,WORSE
4015,2,53,99,23932,35540,1,FEASIBLE,WORSE
4016,2,54,55,24765,35986,0,CAPACITY_EXCEEDED,INVALID
4017,2,54,56,24974,36486,0,CAPACITY_EXCEEDED,INVALID
4018,2,54,57,24812,36508,0,CAPACITY_EXCEEDED,INVALID
4019,2,54,58,24531,36268,0,CAPACITY_EXCEEDED,INVALID
4020,2,54,59,25548,37001,0,CAPACITY_EXCEEDED,INVALID
4021,2,54,60,24599,36327,0,CAPACITY_EXCEEDED,INVALID
4022,2,54,61,24814,36734,0,CAPACITY_EXCEEDED,INVALID
4023,2,54,62,24505,36298,0,CAPACITY_EXCEEDED,INVALID
4024,2,54,63,24041,35948,1,FEASIBLE,WORSE
4025,2,54,64,25524,36962,0,CAPACITY_EXCEEDED,INVALID
4026,2,54,65,25930,37463,0,CAPACITY_EXCEEDED,INVALID
4027,2,54,66,24959,36300,0,CAPACITY_EXCEEDED,INVALID
4028,2,54,67,25982,37057,0,CAPACITY_EXCEEDED,INVALID
4029,2,54,68,25877,37176,0,CAPACITY_EXCEEDED,INVALID
4030,2,54,69,24443,35912,0,CAPACITY_EXCEEDED,INVALID
4031,2,54,70,24464,35909,0,CAPACITY_EXCEEDED,INVALID
4032,2,54,71,25526,37029,0,CAPACITY_EXCEEDED,INVALID
4033,2,54,72,24078,36201,1,FEASIBLE,WORSE
4034,2,54,73,24922,35956,0,CAPACITY_EXCEEDED,INVALID
4035,2,54,74,25631,37144,0,CAPACITY_EXCEEDED,INVALID
4036,2,54,75,24445,36295,0,CAPACITY_EXCEEDED,INVALID
4037,2,54,76,25289,36951,0,CAPACITY_EXCEEDED,INVALID
4038,2,54,77,25713,37273,0,CAPACITY_EXCEEDED,INVALID
4039,2,54,78,24267,36232,1,FEASIBLE,WORSE
4040,2,54,79,24884,36316,0,CAPACITY_EXCEEDED,INVALID
4041,2,54,80,24288,36132,0,CAPACITY_EXCEEDED,INVALID
4042,2,54,81,25442,36994,0,CAPACITY_EXCEEDED,INVALID
4043,2,54,82,25479,37255,0,CAPACITY_EXCEEDED,INVALID
4044,2,54,83,24351,36042,0,CAPACITY_EXCEEDED,INVALID
4045,2,54,84,24935,36322,0,CAPACITY_EXCEEDED,INVALID
4046,2,54,85,24385,36455,0,CAPACITY_EXCEEDED,INVALID
4047,2,54,86,24614,36504,0,CAPACITY_EXCEEDED,INVALID
4048,2,54,87,24109,35920,1,FEASIBLE,WORSE
4049,2,54,88,24756,36332,0,CAPACITY_EXCEEDED,INVALID
4050,2,54,89,25812,36926,0,CAPACITY_EXCEEDED,INVALID
4051,2,54,90,24258,36107,1,FEASIBLE,WORSE
4052,2,54,91,25613,37236,0,CAPACITY_EXCEEDED,INVALID
4053,2,54,92,25864,37341,0,CAPACITY_EXCEEDED,INVALID
4054,2,54,93,24952,36693,0,CAPACITY_EXCEEDED,INVALID
4055,2,54,94,25585,37352,0,CAPACITY_EXCEEDED,INVALID
4056,2,54,95,25602,37232,0,CAPACITY_EXCEEDED,INVALID
4057,2,54,96,25667,36996,0,CAPACITY_EXCEEDED,INVALID
4058,2,54,97,24581,36277,0,CAPACITY_EXCEEDED,INVALID
4059,2,54,98,24919,36803,0,CAPACITY_EXCEEDED,INVALID
4060,2,54,99,24798,36122,0,CAPACITY_EXCEEDED,INVALID
4061,2,55,56,23970,35068,1,FEASIBLE,WORSE
4062,2,55,57,23808,35090,1,FEASIBLE,WORSE
4063,2,55,58,23527,34850,1,FEASIBLE,WORSE
4064,2,55,59,24544,35583,0,CAPACITY_EXCEEDED,INVALID
4065,2,55,60,23595,34909,1,FEASIBLE,WORSE
4066,2,55,61,23810,35316,1,FEASIBLE,WORSE
4067,2,55,62,23501,34880,1,FEASIBLE,WORSE
4068,2,55,63,23037,34530,1,FEASIBLE,WORSE
4069,2,55,64,24520,35544,0,CAPACITY_EXCEEDED,INVALID
4070,2,55,65,24926,36045,0,CAPACITY_EXCEEDED,INVALID
4071,2,55,66,23955,34882,1,FEASIBLE,WORSE
4072,2,55,67,24978,35639,0,CAPACITY_EXCEEDED,INVALID
4073,2,55,68,24873,35758,0,CAPACITY_EXCEEDED,INVALID
4074,2,55,69,23439,34494,1,FEASIBLE,WORSE
4075,2,55,70,23460,34491,1,FEASIBLE,WORSE
4076,2,55,71,24522,35611,0,CAPACITY_EXCEEDED,INVALID
4077,2,55,72,23074,34783,1,FEASIBLE,WORSE
4078,2,55,73,23918,34538,1,FEASIBLE,WORSE
4079,2,55,74,24627,35726,0,CAPACITY_EXCEEDED,INVALID
4080,2,55,75,23441,34877,1,FEASIBLE,WORSE
4081,2,55,76,24285,35533,0,CAPACITY_EXCEEDED,INVALID
4082,2,55,77,24709,35855,0,CAPACITY_EXCEEDED,INVALID
4083,2,55,78,23263,34814,1,FEASIBLE,WORSE
4084,2,55,79,23880,34898,1,FEASIBLE,WORSE
4085,2,55,80,23284,34714,1,FEASIBLE,WORSE
4086,2,55,81,24438,35576,0,CAPACITY_EXCEEDED,INVALID
4087,2,55,82,24475,35837,0,CAPACITY_EXCEEDED,INVALID
4088,2,55,83,23347,34624,1,FEASIBLE,WORSE
4089,2,55,84,23931,34904,1,FEASIBLE,WORSE
4090,2,55,85,23381,35037,1,FEASIBLE,WORSE
4091,2,55,86,23610,35086,1,FEASIBLE,WORSE
4092,2,55,87,23105,34502,1,FEASIBLE,WORSE
4093,2,55,88,23752,34914,1,FEASIBLE,WORSE
4094,2,55,89,24808,35508,0,CAPACITY_EXCEEDED,INVALID
4095,2,55,90,23254,34689,1,FEASIBLE,WORSE
4096,2,55,91,24609,35818,0,CAPACITY_EXCEEDED,INVALID
4097,2,55,92,24860,35923,0,CAPACITY_EXCEEDED,INVALID
4098,2,55,93,23948,35275,1,FEASIBLE,WORSE
4099,2,55,94,24581,35934,0,CAPACITY_EXCEEDED,INVALID
4100,2,55,95,24598,35814,0,CAPACITY_EXCEEDED,INVALID
4101,2,55,96,24663,35578,0,CAPACITY_EXCEEDED,INVALID
4102,2,55,97,23577,34859,1,FEASIBLE,WORSE
4103,2,55,98,23915,35385,1,FEASIBLE,WORSE
4104,2,55,99,23794,34704,1,FEASIBLE,WORSE
4105,2,56,57,24017,35590,1,FEASIBLE,WORSE
4106,2,56,58,23736,35350,1,FEASIBLE,WORSE
4107,2,56,59,24753,36083,0,CAPACITY_EXCEEDED,INVALID
4108,2,56,60,23804,35409,1,FEASIBLE,WORSE
4109,2,56,61,24019,35816,1,FEASIBLE,WORSE
4110,2,56,62,23710,35380,1,FEASIBLE,WORSE
4111,2,56,63,23246,35030,1,FEASIBLE,WORSE
4112,2,56,64,24729,36044,0,CAPACITY_EXCEEDED,INVALID
4113,2,56,65,25135,36545,0,CAPACITY_EXCEEDED,INVALID
4114,2,56,66,24164,35382,1,FEASIBLE,WORSE
4115,2,56,67,25187,36139,0,CAPACITY_EXCEEDED,INVALID
4116,2,56,68,25082,36258,0,CAPACITY_EXCEEDED,INVALID
4117,2,56,69,23648,34994,1,FEASIBLE,WORSE
4118,2,56,70,23669,34991,1,FEASIBLE,WORSE
4119,2,56,71,24731,36111,0,CAPACITY_EXCEEDED,INVALID
4120,2,56,72,23283,35283,1,FEASIBLE,WORSE
4121,2,56,73,24127,35038,1,FEASIBLE,WORSE
4122,2,56,74,24836,36226,0,CAPACITY_EXCEEDED,INVALID
4123,2,56,75,23650,35377,1,FEASIBLE,WORSE
4124,2,56,76,24494,36033,0,CAPACITY_EXCEEDED,INVALID
4125,2,56,77,24918,36355,0,CAPACITY_EXCEEDED,INVALID
4126,2,56,78,23472,35314,1,FEASIBLE,WORSE
4127,2,56,79,24089,35398,1,FEASIBLE,WORSE
4128,2,56,80,23493,35214,1,FEASIBLE,WORSE
4129,2,56,81,24647,36076,0,CAPACITY_EXCEEDED,INVALID
4130,2,56,82,24684,36337,0,CAPACITY_EXCEEDED,INVALID
4131,2,56,83,23556,35124,1,FEASIBLE,WORSE
4132,2,56,84,24140,35404,1,FEASIBLE,WORSE
4133,2,56,85,23590,35537,1,FEASIBLE,WORSE
4134,2,56,86,23819,35586,1,FEASIBLE,WORSE
4135,2,56,87,23314,35002,1,FEASIBLE,WORSE
4136,2,56,88,23961,35414,1,FEASIBLE,WORSE
4137,2,56,89,25017,36008,0,CAPACITY_EXCEEDED,INVALID
4138,2,56,90,23463,35189,1,FEASIBLE,WORSE
4139,2,56,91,24818,36318,0,CAPACITY_EXCEEDED,INVALID
4140,2,56,92,25069,36423,0,CAPACITY_EXCEEDED,INVALID
4141,2,56,93,24157,35775,1,FEASIBLE,WORSE
4142,2,56,94,24790,36434,0,CAPACITY_EXCEEDED,INVALID
4143,2,56,95,24807,36314,0,CAPACITY_EXCEEDED,INVALID
4144,2,56,96,24872,36078,0,CAPACITY_EXCEEDED,INVALID
4145,2,56,97,23786,35359,1,FEASIBLE,WORSE
4146,2,56,98,24124,35885,1,FEASIBLE,WORSE
4147,2,56,99,24003,35204,1,FEASIBLE,WORSE
4148,2,57,58,23574,35372,1,FEASIBLE,WORSE
4149,2,57,59,24591,36105,0,CAPACITY_EXCEEDED,INVALID
4150,2,57,60,23642,35431,1,FEASIBLE,WORSE
4151,2,57,61,23857,35838,1,FEASIBLE,WORSE
4152,2,57,62,23548,35402,1,FEASIBLE,WORSE
4153,2,57,63,23084,35052,1,FEASIBLE,WORSE
4154,2,57,64,24567,36066,0,CAPACITY_EXCEEDED,INVALID
4155,2,57,65,24973,36567,0,CAPACITY_EXCEEDED,INVALID
4156,2,57,66,24002,35404,1,FEASIBLE,WORSE
4157,2,57,67,25025,36161,0,CAPACITY_EXCEEDED,INVALID
4158,2,57,68,24920,36280,0,CAPACITY_EXCEEDED,INVALID
4159,2,57,69,23486,35016,1,FEASIBLE,WORSE
4160,2,57,70,23507,35013,1,FEASIBLE,WORSE
4161,2,57,71,24569,36133,0,CAPACITY_EXCEEDED,INVALID
4162,2,57,72,23121,35305,1,FEASIBLE,WORSE
4163,2,57,73,23965,35060,1,FEASIBLE,WORSE
4164,2,57,74,24674,36248,0,CAPACITY_EXCEEDED,INVALID
4165,2,57,75,23488,35399,1,FEASIBLE,WORSE
4166,2,57,76,24332,36055,0,CAPACITY_EXCEEDED,INVALID
4167,2,57,77,24756,36377,0,CAPACITY_EXCEEDED,INVALID
4168,2,57,78,23310,35336,1,FEASIBLE,WORSE
4169,2,57,79,23927,35420,1,FEASIBLE,WORSE
4170,2,57,80,23331,35236,1,FEASIBLE,WORSE
4171,2,57,81,24485,36098,0,CAPACITY_EXCEEDED,INVALID
4172,2,57,82,24522,36359,0,CAPACITY_EXCEEDED,INVALID
4173,2,57,83,23394,35146,1,FEASIBLE,WORSE
4174,2,57,84,23978,35426,1,FEASIBLE,WORSE
4175,2,57,85,23428,35559,1,FEASIBLE,WORSE
4176,2,57,86,23657,35608,1,FEASIBLE,WORSE
4177,2,57,87,23152,35024,1,FEASIBLE,WORSE
4178,2,57,88,23799,35436,1,FEASIBLE,WORSE
4179,2,57,89,24855,36030,0,CAPACITY_EXCEEDED,INVALID
4180,2,57,90,23301,35211,1,FEASIBLE,WORSE
4181,2,57,91,24656,36340,0,CAPACITY_EXCEEDED,INVALID
4182,2,57,92,24907,36445,0,CAPACITY_EXCEEDED,INVALID
4183,2,57,93,23995,35797,1,FEASIBLE,WORSE
4184,2,57,94,24628,36456,0,CAPACITY_EXCEEDED,INVALID
4185,2,57,95,24645,36336,0,CAPACITY_EXCEEDED,INVALID
4186,2,57,96,24710,36100,0,CAPACITY_EXCEEDED,INVALID
4187,2,57,97,23624,35381,1,FEASIBLE,WORSE
4188,2,57,98,23962,35907,1,FEASIBLE,WORSE
4189,2,57,99,23841,35226,1,FEASIBLE,WORSE
4190,2,58,59,24310,35865,0,CAPACITY_EXCEEDED,INVALID
4191,2,58,60,23361,35191,1,FEASIBLE,WORSE
4192,2,58,61,23576,35598,1,FEASIBLE,WORSE
4193,2,58,62,23267,35162,1,FEASIBLE,WORSE
4194,2,58,63,22803,34812,1,FEASIBLE,WORSE
4195,2,58,64,24286,35826,0,CAPACITY_EXCEEDED,INVALID
4196,2,58,65,24692,36327,0,CAPACITY_EXCEEDED,INVALID
4197,2,58,66,23721,35164,1,FEASIBLE,WORSE
4198,2,58,67,24744,35921,0,CAPACITY_EXCEEDED,INVALID
4199,2,58,68,24639,36040,0,CAPACITY_EXCEEDED,INVALID
4200,2,58,69,23205,34776,1,FEASIBLE,WORSE
4201,2,58,70,23226,34773,1,FEASIBLE,WORSE
4202,2,58,71,24288,35893,0,CAPACITY_EXCEEDED,INVALID
4203,2,58,72,22840,35065,1,FEASIBLE,WORSE
4204,2,58,73,23684,34820,1,FEASIBLE,WORSE
4205,2,58,74,24393,36008,0,CAPACITY_EXCEEDED,INVALID
4206,2,58,75,23207,35159,1,FEASIBLE,WORSE
4207,2,58,76,24051,35815,1,FEASIBLE,WORSE
4208,2,58,77,24475,36137,0,CAPACITY_EXCEEDED,INVALID
4209,2,58,78,23029,35096,1,FEASIBLE,WORSE
4210,2,58,79,23646,35180,1,FEASIBLE,WORSE
4211,2,58,80,23050,34996,1,FEASIBLE,WORSE
4212,2,58,81,24204,35858,1,FEASIBLE,WORSE
4213,2,58,82,24241,36119,1,FEASIBLE,WORSE
4214,2,58,83,23113,34906,1,FEASIBLE,WORSE
4215,2,58,84,23697,35186,1,FEASIBLE,WORSE
4216,2,58,85,23147,35319,1,FEASIBLE,WORSE
4217,2,58,86,23376,35368,1,FEASIBLE,WORSE
4218,2,58,87,22871,34784,1,FEASIBLE,WORSE
4219,2,58,88,23518,35196,1,FEASIBLE,WORSE
4220,2,58,89,24574,35790,0,CAPACITY_EXCEEDED,INVALID
4221,2,58,90,23020,34971,1,FEASIBLE,WORSE
4222,2,58,91,24375,36100,0,CAPACITY_EXCEEDED,INVALID
4223,2,58,92,24626,36205,0,CAPACITY_EXCEEDED,INVALID
4224,2,58,93,23714,35557,1,FEASIBLE,WORSE
4225,2,58,94,24347,36216,0,CAPACITY_EXCEEDED,INVALID
4226,2,58,95,24364,36096,0,CAPACITY_EXCEEDED,INVALID
4227,2,58,96,24429,35860,0,CAPACITY_EXCEEDED,INVALID
4228,2,58,97,23343,35141,1,FEASIBLE,WORSE
4229,2,58,98,23681,35667,1,FEASIBLE,WORSE
4230,2,58,99,23560,34986,1,FEASIBLE,WORSE
4231,2,59,60,24378,35924,0,CAPACITY_EXCEEDED,INVALID
4232,2,59,61,24593,36331,0,CAPACITY_EXCEEDED,INVALID
4233,2,59,62,24284,35895,0,CAPACITY_EXCEEDED,INVALID
4234,2,59,63,23820,35545,1,FEASIBLE,WORSE
4235,2,59,64,25303,36559,0,CAPACITY_EXCEEDED,INVALID
4236,2,59,65,25709,37060,0,CAPACITY_EXCEEDED,INVALID
4237,2,59,66,24738,35897,0,CAPACITY_EXCEEDED,INVALID
4238,2,59,67,25761,36654,0,CAPACITY_EXCEEDED,INVALID
4239,2,59,68,25656,36773,0,CAPACITY_EXCEEDED,INVALID
4240,2,59,69,24222,35509,1,FEASIBLE,WORSE
4241,2,59,70,24243,35506,1,FEASIBLE,WORSE
4242,2,59,71,25305,36626,0,CAPACITY_EXCEEDED,INVALID
4243,2,59,72,23857,35798,1,FEASIBLE,WORSE
4244,2,59,73,24701,35553,0,CAPACITY_EXCEEDED,INVALID
4245,2,59,74,25410,36741,0,CAPACITY_EXCEEDED,INVALID
4246,2,59,75,24224,35892,1,FEASIBLE,WORSE
4247,2,59,76,25068,36548,0,CAPACITY_EXCEEDED,INVALID
4248,2,59,77,25492,36870,0,CAPACITY_EXCEEDED,INVALID
4249,2,59,78,24046,35829,1,FEASIBLE,WORSE
4250,2,59,79,24663,35913,0,CAPACITY_EXCEEDED,INVALID
4251,2,59,80,24067,35729,1,FEASIBLE,WORSE
4252,2,59,81,25221,36591,0,CAPACITY_EXCEEDED,INVALID
4253,2,59,82,25258,36852,0,CAPACITY_EXCEEDED,INVALID
4254,2,59,83,24130,35639,1,FEASIBLE,WORSE
4255,2,59,84,24714,35919,0,CAPACITY_EXCEEDED,INVALID
4256,2,59,85,24164,36052,1,FEASIBLE,WORSE
4257,2,59,86,24393,36101,0,CAPACITY_EXCEEDED,INVALID
4258,2,59,87,23888,35517,1,FEASIBLE,WORSE
4259,2,59,88,24535,35929,0,CAPACITY_EXCEEDED,INVALID
4260,2,59,89,25591,36523,0,CAPACITY_EXCEEDED,INVALID
4261,2,59,90,24037,35704,1,FEASIBLE,WORSE
4262,2,59,91,25392,36833,0,CAPACITY_EXCEEDED,INVALID
4263,2,59,92,25643,36938,0,CAPACITY_EXCEEDED,INVALID
4264,2,59,93,24731,36290,0,CAPACITY_EXCEEDED,INVALID
4265,2,59,94,25364,36949,0,CAPACITY_EXCEEDED,INVALID
4266,2,59,95,25381,36829,0,CAPACITY_EXCEEDED,INVALID
4267,2,59,96,25446,36593,0,CAPACITY_EXCEEDED,INVALID
4268,2,59,97,24360,35874,0,CAPACITY_EXCEEDED,INVALID
4269,2,59,98,24698,36400,0,CAPACITY_EXCEEDED,INVALID
4270,2,59,99,24577,35719,0,CAPACITY_EXCEEDED,INVALID
4271,2,60,61,23644,35657,1,FEASIBLE,WORSE
4272,2,60,62,23335,35221,1,FEASIBLE,WORSE
4273,2,60,63,22871,34871,1,FEASIBLE,WORSE
4274,2,60,64,24354,35885,0,CAPACITY_EXCEEDED,INVALID
4275,2,60,65,24760,36386,0,CAPACITY_EXCEEDED,INVALID
4276,2,60,66,23789,35223,1,FEASIBLE,WORSE
4277,2,60,67,24812,35980,0,CAPACITY_EXCEEDED,INVALID
4278,2,60,68,24707,36099,0,CAPACITY_EXCEEDED,INVALID
4279,2,60,69,23273,34835,1,FEASIBLE,WORSE
4280,2,60,70,23294,34832,1,FEASIBLE,WORSE
4281,2,60,71,24356,35952,0,CAPACITY_EXCEEDED,INVALID
4282,2,60,72,22908,35124,1,FEASIBLE,WORSE
4283,2,60,73,23752,34879,1,FEASIBLE,WORSE
4284,2,60,74,24461,36067,0,CAPACITY_EXCEEDED,INVALID
4285,2,60,75,23275,35218,1,FEASIBLE,WORSE
4286,2,60,76,24119,35874,1,FEASIBLE,WORSE
4287,2,60,77,24543,36196,0,CAPACITY_EXCEEDED,INVALID
4288,2,60,78,23097,35155,1,FEASIBLE,WORSE
4289,2,60,79,23714,35239,1,FEASIBLE,WORSE
4290,2,60,80,23118,35055,1,FEASIBLE,WORSE
4291,2,60,81,24272,35917,1,FEASIBLE,WORSE
4292,2,60,82,24309,36178,0,CAPACITY_EXCEEDED,INVALID
4293,2,60,83,23181,34965,1,FEASIBLE,WORSE
4294,2,60,84,23765,35245,1,FEASIBLE,WORSE
4295,2,60,85,23215,35378,1,FEASIBLE,WORSE
4296,2,60,86,23444,35427,1,FEASIBLE,WORSE
4297,2,60,87,22939,34843,1,FEASIBLE,WORSE
4298,2,60,88,23586,35255,1,FEASIBLE,WORSE
4299,2,60,89,24642,35849,0,CAPACITY_EXCEEDED,INVALID
4300,2,60,90,23088,35030,1,FEASIBLE,WORSE
4301,2,60,91,24443,36159,0,CAPACITY_EXCEEDED,INVALID
4302,2,60,92,24694,36264,0,CAPACITY_EXCEEDED,INVALID
4303,2,60,93,23782,35616,1,FEASIBLE,WORSE
4304,2,60,94,24415,36275,0,CAPACITY_EXCEEDED,INVALID
4305,2,60,95,24432,36155,0,CAPACITY_EXCEEDED,INVALID
4306,2,60,96,24497,35919,0,CAPACITY_EXCEEDED,INVALID
4307,2,60,97,23411,35200,1,FEASIBLE,WORSE
4308,2,60,98,23749,35726,1,FEASIBLE,WORSE
4309,2,60,99,23628,35045,1,FEASIBLE,WORSE
4310,2,61,62,23550,35628,1,FEASIBLE,WORSE
4311,2,61,63,23086,35278,1,FEASIBLE,WORSE
4312,2,61,64,24569,36292,0,CAPACITY_EXCEEDED,INVALID
4313,2,61,65,24975,36793,0,CAPACITY_EXCEEDED,INVALID
4314,2,61,66,24004,35630,1,FEASIBLE,WORSE
4315,2,61,67,25027,36387,0,CAPACITY_EXCEEDED,INVALID
4316,2,61,68,24922,36506,0,CAPACITY_EXCEEDED,INVALID
4317,2,61,69,23488,35242,1,FEASIBLE,WORSE
4318,2,61,70,23509,35239,1,FEASIBLE,WORSE
4319,2,61,71,24571,36359,0,CAPACITY_EXCEEDED,INVALID
4320,2,61,72,23123,35531,1,FEASIBLE,WORSE
4321,2,61,73,23967,35286,1,FEASIBLE,WORSE
4322,2,61,74,24676,36474,0,CAPACITY_EXCEEDED,INVALID
4323,2,61,75,23490,35625,1,FEASIBLE,WORSE
4324,2,61,76,24334,36281,0,CAPACITY_EXCEEDED,INVALID
4325,2,61,77,24758,36603,0,CAPACITY_EXCEEDED,INVALID
4326,2,61,78,23312,35562,1,FEASIBLE,WORSE
4327,2,61,79,23929,35646,1,FEASIBLE,WORSE
4328,2,61,80,23333,35462,1,FEASIBLE,WORSE
4329,2,61,81,24487,36324,0,CAPACITY_EXCEEDED,INVALID
4330,2,61,82,24524,36585,0,CAPACITY_EXCEEDED,INVALID
4331,2,61,83,23396,35372,1,FEASIBLE,WORSE
4332,2,61,84,23980,35652,1,FEASIBLE,WORSE
4333,2,61,85,23430,35785,1,FEASIBLE,WORSE
4334,2,61,86,23659,35834,1,FEASIBLE,WORSE
4335,2,61,87,23154,35250,1,FEASIBLE,WORSE
4336,2,61,88,23801,35662,1,FEASIBLE,WORSE
4337,2,61,89,24857,36256,0,CAPACITY_EXCEEDED,INVALID
4338,2,61,90,23303,35437,1,FEASIBLE,WORSE
4339,2,61,91,24658,36566,0,CAPACITY_EXCEEDED,INVALID
4340,2,61,92,24909,36671,0,CAPACITY_EXCEEDED,INVALID
4341,2,61,93,23997,36023,1,FEASIBLE,WORSE
4342,2,61,94,24630,36682,0,CAPACITY_EXCEEDED,INVALID
4343,2,61,95,24647,36562,0,CAPACITY_EXCEEDED,INVALID
4344,2,61,96,24712,36326,0,CAPACITY_EXCEEDED,INVALID
4345,2,61,97,23626,35607,1,FEASIBLE,WORSE
4346,2,61,98,23964,36133,1,FEASIBLE,WORSE
4347,2,61,99,23843,35452,1,FEASIBLE,WORSE
4348,2,62,63,22777,34842,1,FEASIBLE,WORSE
4349,2,62,64,24260,35856,1,FEASIBLE,WORSE
4350,2,62,65,24666,36357,0,CAPACITY_EXCEEDED,INVALID
4351,2,62,66,23695,35194,1,FEASIBLE,WORSE
4352,2,62,67,24718,35951,0,CAPACITY_EXCEEDED,INVALID
4353,2,62,68,24613,36070,0,CAPACITY_EXCEEDED,INVALID
4354,2,62,69,23179,34806,1,FEASIBLE,WORSE
4355,2,62,70,23200,34803,1,FEASIBLE,WORSE
4356,2,62,71,24262,35923,1,FEASIBLE,WORSE
4357,2,62,72,22814,35095,1,FEASIBLE,WORSE
4358,2,62,73,23658,34850,1,FEASIBLE,WORSE
4359,2,62,74,24367,36038,0,CAPACITY_EXCEEDED,INVALID
4360,2,62,75,23181,35189,1,FEASIBLE,WORSE
4361,2,62,76,24025,35845,1,FEASIBLE,WORSE
4362,2,62,77,24449,36167,0,CAPACITY_EXCEEDED,INVALID
4363,2,62,78,23003,35126,1,FEASIBLE,WORSE
4364,2,62,79,23620,35210,1,FEASIBLE,WORSE
4365,2,62,80,23024,35026,1,FEASIBLE,WORSE
4366,2,62,81,24178,35888,1,FEASIBLE,WORSE
4367,2,62,82,24215,36149,1,FEASIBLE,WORSE
4368,2,62,83,23087,34936,1,FEASIBLE,WORSE
4369,2,62,84,23671,35216,1,FEASIBLE,WORSE
4370,2,62,85,23121,35349,1,FEASIBLE,WORSE
4371,2,62,86,23350,35398,1,FEASIBLE,WORSE
4372,2,62,87,22845,34814,1,FEASIBLE,WORSE
4373,2,62,88,23492,35226,1,FEASIBLE,WORSE
4374,2,62,89,24548,35820,0,CAPACITY_EXCEEDED,INVALID
4375,2,62,90,22994,35001,1,FEASIBLE,WORSE
4376,2,62,91,24349,36130,0,CAPACITY_EXCEEDED,INVALID
4377,2,62,92,24600,36235,0,CAPACITY_EXCEEDED,INVALID
4378,2,62,93,23688,35587,1,FEASIBLE,WORSE
4379,2,62,94,24321,36246,0,CAPACITY_EXCEEDED,INVALID
4380,2,62,95,24338,36126,0,CAPACITY_EXCEEDED,INVALID
4381,2,62,96,24403,35890,0,CAPACITY_EXCEEDED,INVALID
4382,2,62,97,23317,35171,1,FEASIBLE,WORSE
4383,2,62,98,23655,35697,1,FEASIBLE,WORSE
4384,2,62,99,23534,35016,1,FEASIBLE,WORSE
4385,2,63,64,23796,35506,1,FEASIBLE,WORSE
4386,2,63,65,24202,36007,1,FEASIBLE,WORSE
4387,2,63,66,23231,34844,1,FEASIBLE,WORSE
4388,2,63,67,24254,35601,1,FEASIBLE,WORSE
4389,2,63,68,24149,35720,1,FEASIBLE,WORSE
4390,2,63,69,22715,34456,1,FEASIBLE,WORSE
4391,2,63,70,22736,34453,1,FEASIBLE,WORSE
4392,2,63,71,23798,35573,1,FEASIBLE,WORSE
4393,2,63,72,22350,34745,1,FEASIBLE,WORSE
4394,2,63,73,23194,34500,1,FEASIBLE,WORSE
4395,2,63,74,23903,35688,1,FEASIBLE,WORSE
4396,2,63,75,22717,34839,1,FEASIBLE,WORSE
4397,2,63,76,23561,35495,1,FEASIBLE,WORSE
4398,2,63,77,23985,35817,1,FEASIBLE,WORSE
4399,2,63,78,22539,34776,1,FEASIBLE,WORSE
4400,2,63,79,23156,34860,1,FEASIBLE,WORSE
4401,2,63,80,22560,34676,1,FEASIBLE,WORSE
4402,2,63,81,23714,35538,1,FEASIBLE,WORSE
4403,2,63,82,23751,35799,1,FEASIBLE,WORSE
4404,2,63,83,22623,34586,1,FEASIBLE,WORSE
4405,2,63,84,23207,34866,1,FEASIBLE,WORSE
4406,2,63,85,22657,34999,1,FEASIBLE,WORSE
4407,2,63,86,22886,35048,1,FEASIBLE,WORSE
4408,2,63,87,22381,34464,1,FEASIBLE,WORSE
4409,2,63,88,23028,34876,1,FEASIBLE,WORSE
4410,2,63,89,24084,35470,1,FEASIBLE,WORSE
4411,2,63,90,22530,34651,1,FEASIBLE,WORSE
4412,2,63,91,23885,35780,1,FEASIBLE,WORSE
4413,2,63,92,24136,35885,1,FEASIBLE,WORSE
4414,2,63,93,23224,35237,1,FEASIBLE,WORSE
4415,2,63,94,23857,35896,1,FEASIBLE,WORSE
4416,2,63,95,23874,35776,1,FEASIBLE,WORSE
4417,2,63,96,23939,35540,1,FEASIBLE,WORSE
4418,2,63,97,22853,34821,1,FEASIBLE,WORSE
4419,2,63,98,23191,35347,1,FEASIBLE,WORSE
4420,2,63,99,23070,34666,1,FEASIBLE,WORSE
4421,2,64,65,25685,37021,0,CAPACITY_EXCEEDED,INVALID
4422,2,64,66,24714,35858,0,CAPACITY_EXCEEDED,INVALID
4423,2,64,67,25737,36615,0,CAPACITY_EXCEEDED,INVALID
4424,2,64,68,25632,36734,0,CAPACITY_EXCEEDED,INVALID
4425,2,64,69,24198,35470,1,FEASIBLE,WORSE
4426,2,64,70,24219,35467,1,FEASIBLE,WORSE
4427,2,64,71,25281,36587,0,CAPACITY_EXCEEDED,INVALID
4428,2,64,72,23833,35759,1,FEASIBLE,WORSE
4429,2,64,73,24677,35514,0,CAPACITY_EXCEEDED,INVALID
4430,2,64,74,25386,36702,0,CAPACITY_EXCEEDED,INVALID
4431,2,64,75,24200,35853,1,FEASIBLE,WORSE
4432,2,64,76,25044,36509,0,CAPACITY_EXCEEDED,INVALID
4433,2,64,77,25468,36831,0,CAPACITY_EXCEEDED,INVALID
4434,2,64,78,24022,35790,1,FEASIBLE,WORSE
4435,2,64,79,24639,35874,0,CAPACITY_EXCEEDED,INVALID
4436,2,64,80,24043,35690,1,FEASIBLE,WORSE
4437,2,64,81,25197,36552,0,CAPACITY_EXCEEDED,INVALID
4438,2,64,82,25234,36813,0,CAPACITY_EXCEEDED,INVALID
4439,2,64,83,24106,35600,1,FEASIBLE,WORSE
4440,2,64,84,24690,35880,0,CAPACITY_EXCEEDED,INVALID
4441,2,64,85,24140,36013,1,FEASIBLE,WORSE
4442,2,64,86,24369,36062,0,CAPACITY_EXCEEDED,INVALID
4443,2,64,87,23864,35478,1,FEASIBLE,WORSE
4444,2,64,88,24511,35890,0,CAPACITY_EXCEEDED,INVALID
4445,2,64,89,25567,36484,0,CAPACITY_EXCEEDED,INVALID
4446,2,64,90,24013,35665,1,FEASIBLE,WORSE
4447,2,64,91,25368,36794,0,CAPACITY_EXCEEDED,INVALID
4448,2,64,92,25619,36899,0,CAPACITY_EXCEEDED,INVALID
4449,2,64,93,24707,36251,0,CAPACITY_EXCEEDED,INVALID
4450,2,64,94,25340,36910,0,CAPACITY_EXCEEDED,INVALID
4451,2,64,95,25357,36790,0,CAPACITY_EXCEEDED,INVALID
4452,2,64,96,25422,36554,0,CAPACITY_EXCEEDED,INVALID
4453,2,64,97,24336,35835,0,CAPACITY_EXCEEDED,INVALID
4454,2,64,98,24674,36361,0,CAPACITY_EXCEEDED,INVALID
4455,2,64,99,24553,35680,0,CAPACITY_EXCEEDED,INVALID
4456,2,65,66,25120,36359,0,CAPACITY_EXCEEDED,INVALID
4457,2,65,67,26143,37116,0,CAPACITY_EXCEEDED,INVALID
4458,2,65,68,26038,37235,0,CAPACITY_EXCEEDED,INVALID
4459,2,65,69,24604,35971,0,CAPACITY_EXCEEDED,INVALID
4460,2,65,70,24625,35968,0,CAPACITY_EXCEEDED,INVALID
4461,2,65,71,25687,37088,0,CAPACITY_EXCEEDED,INVALID
4462,2,65,72,24239,36260,1,FEASIBLE,WORSE
4463,2,65,73,25083,36015,0,CAPACITY_EXCEEDED,INVALID
4464,2,65,74,25792,37203,0,CAPACITY_EXCEEDED,INVALID
4465,2,65,75,24606,36354,0,CAPACITY_EXCEEDED,INVALID
4466,2,65,76,25450,37010,0,CAPACITY_EXCEEDED,INVALID
4467,2,65,77,25874,37332,0,CAPACITY_EXCEEDED,INVALID
4468,2,65,78,24428,36291,0,CAPACITY_EXCEEDED,INVALID
4469,2,65,79,25045,36375,0,CAPACITY_EXCEEDED,INVALID
4470,2,65,80,24449,36191,0,CAPACITY_EXCEEDED,INVALID
4471,2,65,81,25603,37053,0,CAPACITY_EXCEEDED,INVALID
4472,2,65,82,25640,37314,0,CAPACITY_EXCEEDED,INVALID
4473,2,65,83,24512,36101,0,CAPACITY_EXCEEDED,INVALID
4474,2,65,84,25096,36381,0,CAPACITY_EXCEEDED,INVALID
4475,2,65,85,24546,36514,0,CAPACITY_EXCEEDED,INVALID
4476,2,65,86,24775,36563,0,CAPACITY_EXCEEDED,INVALID
4477,2,65,87,24270,35979,1,FEASIBLE,WORSE
4478,2,65,88,24917,36391,0,CAPACITY_EXCEEDED,INVALID
4479,2,65,89,25973,36985,0,CAPACITY_EXCEEDED,INVALID
4480,2,65,90,24419,36166,0,CAPACITY_EXCEEDED,INVALID
4481,2,65,91,25774,37295,0,CAPACITY_EXCEEDED,INVALID
4482,2,65,92,26025,37400,0,CAPACITY_EXCEEDED,INVALID
4483,2,65,93,25113,36752,0,CAPACITY_EXCEEDED,INVALID
4484,2,65,94,25746,37411,0,CAPACITY_EXCEEDED,INVALID
4485,2,65,95,25763,37291,0,CAPACITY_EXCEEDED,INVALID
4486,2,65,96,25828,37055,0,CAPACITY_EXCEEDED,INVALID
4487,2,65,97,24742,36336,0,CAPACITY_EXCEEDED,INVALID
4488,2,65,98,25080,36862,0,CAPACITY_EXCEEDED,INVALID
4489,2,65,99,24959,36181,0,CAPACITY_EXCEEDED,INVALID
4490,2,66,67,25172,35953,0,CAPACITY_EXCEEDED,INVALID
4491,2,66,68,25067,36072,0,CAPACITY_EXCEEDED,INVALID
4492,2,66,69,23633,34808,1,FEASIBLE,WORSE
4493,2,66,70,23654,34805,1,FEASIBLE,WORSE
4494,2,66,71,24716,35925,0,CAPACITY_EXCEEDED,INVALID
4495,2,66,72,23268,35097,1,FEASIBLE,WORSE
4496,2,66,73,24112,34852,1,FEASIBLE,WORSE
4497,2,66,74,24821,36040,0,CAPACITY_EXCEEDED,INVALID
4498,2,66,75,23635,35191,1,FEASIBLE,WORSE
4499,2,66,76,24479,35847,0,CAPACITY_EXCEEDED,INVALID
4500,2,66,77,24903,36169,0,CAPACITY_EXCEEDED,INVALID
4501,2,66,78,23457,35128,1,FEASIBLE,WORSE
4502,2,66,79,24074,35212,1,FEASIBLE,WORSE
4503,2,66,80,23478,35028,1,FEASIBLE,WORSE
4504,2,66,81,24632,35890,0,CAPACITY_EXCEEDED,INVALID
4505,2,66,82,24669,36151,0,CAPACITY_EXCEEDED,INVALID
4506,2,66,83,23541,34938,1,FEASIBLE,WORSE
4507,2,66,84,24125,35218,1,FEASIBLE,WORSE
4508,2,66,85,23575,35351,1,FEASIBLE,WORSE
4509,2,66,86,23804,35400,1,FEASIBLE,WORSE
4510,2,66,87,23299,34816,1,FEASIBLE,WORSE
4511,2,66,88,23946,35228,1,FEASIBLE,WORSE
4512,2,66,89,25002,35822,0,CAPACITY_EXCEEDED,INVALID
4513,2,66,90,23448,35003,1,FEASIBLE,WORSE
4514,2,66,91,24803,36132,0,CAPACITY_EXCEEDED,INVALID
4515,2,66,92,25054,36237,0,CAPACITY_EXCEEDED,INVALID
4516,2,66,93,24142,35589,1,FEASIBLE,WORSE
4517,2,66,94,24775,36248,0,CAPACITY_EXCEEDED,INVALID
4518,2,66,95,24792,36128,0,CAPACITY_EXCEEDED,INVALID
4519,2,66,96,24857,35892,0,CAPACITY_EXCEEDED,INVALID
4520,2,66,97,23771,35173,1,FEASIBLE,WORSE
4521,2,66,98,24109,35699,1,FEASIBLE,WORSE
4522,2,66,99,23988,35018,1,FEASIBLE,WORSE
4523,2,67,68,26090,36829,0,CAPACITY_EXCEEDED,INVALID
4524,2,67,69,24656,35565,0,CAPACITY_EXCEEDED,INVALID
4525,2,67,70,24677,35562,0,CAPACITY_EXCEEDED,INVALID
4526,2,67,71,25739,36682,0,CAPACITY_EXCEEDED,INVALID
4527,2,67,72,24291,35854,0,CAPACITY_EXCEEDED,INVALID
4528,2,67,73,25135,35609,0,CAPACITY_EXCEEDED,INVALID
4529,2,67,74,25844,36797,0,CAPACITY_EXCEEDED,INVALID
4530,2,67,75,24658,35948,0,CAPACITY_EXCEEDED,INVALID
4531,2,67,76,25502,36604,0,CAPACITY_EXCEEDED,INVALID
4532,2,67,77,25926,36926,0,CAPACITY_EXCEEDED,INVALID
4533,2,67,78,24480,35885,0,CAPACITY_EXCEEDED,INVALID
4534,2,67,79,25097,35969,0,CAPACITY_EXCEEDED,INVALID
4535,2,67,80,24501,35785,0,CAPACITY_EXCEEDED,INVALID
4536,2,67,81,25655,36647,0,CAPACITY_EXCEEDED,INVALID
4537,2,67,82,25692,36908,0,CAPACITY_EXCEEDED,INVALID
4538,2,67,83,24564,35695,0,CAPACITY_EXCEEDED,INVALID
4539,2,67,84,25148,35975,0,CAPACITY_EXCEEDED,INVALID
4540,2,67,85,24598,36108,0,CAPACITY_EXCEEDED,INVALID
4541,2,67,86,24827,36157,0,CAPACITY_EXCEEDED,INVALID
4542,2,67,87,24322,35573,0,CAPACITY_EXCEEDED,INVALID
4543,2,67,88,24969,35985,0,CAPACITY_EXCEEDED,INVALID
4544,2,67,89,26025,36579,0,CAPACITY_EXCEEDED,INVALID
4545,2,67,90,24471,35760,0,CAPACITY_EXCEEDED,INVALID
4546,2,67,91,25826,36889,0,CAPACITY_EXCEEDED,INVALID
4547,2,67,92,26077,36994,0,CAPACITY_EXCEEDED,INVALID
4548,2,67,93,25165,36346,0,CAPACITY_EXCEEDED,INVALID
4549,2,67,94,25798,37005,0,CAPACITY_EXCEEDED,INVALID
4550,2,67,95,25815,36885,0,CAPACITY_EXCEEDED,INVALID
4551,2,67,96,25880,36649,0,CAPACITY_EXCEEDED,INVALID
4552,2,67,97,24794,35930,0,CAPACITY_EXCEEDED,INVALID
4553,2,67,98,25132,36456,0,CAPACITY_EXCEEDED,INVALID
4554,2,67,99,25011,35775,0,CAPACITY_EXCEEDED,INVALID
4555,2,68,69,24551,35684,0,CAPACITY_EXCEEDED,INVALID
4556,2,68,70,24572,35681,0,CAPACITY_EXCEEDED,INVALID
4557,2,68,71,25634,36801,0,CAPACITY_EXCEEDED,INVALID
4558,2,68,72,24186,35973,1,FEASIBLE,WORSE
4559,2,68,73,25030,35728,0,CAPACITY_EXCEEDED,INVALID
4560,2,68,74,25739,36916,0,CAPACITY_EXCEEDED,INVALID
4561,2,68,75,24553,36067,0,CAPACITY_EXCEEDED,INVALID
4562,2,68,76,25397,36723,0,CAPACITY_EXCEEDED,INVALID
4563,2,68,77,25821,37045,0,CAPACITY_EXCEEDED,INVALID
4564,2,68,78,24375,36004,0,CAPACITY_EXCEEDED,INVALID
4565,2,68,79,24992,36088,0,CAPACITY_EXCEEDED,INVALID
4566,2,68,80,24396,35904,0,CAPACITY_EXCEEDED,INVALID
4567,2,68,81,25550,36766,0,CAPACITY_EXCEEDED,INVALID
4568,2,68,82,25587,37027,0,CAPACITY_EXCEEDED,INVALID
4569,2,68,83,24459,35814,0,CAPACITY_EXCEEDED,INVALID
4570,2,68,84,25043,36094,0,CAPACITY_EXCEEDED,INVALID
4571,2,68,85,24493,36227,0,CAPACITY_EXCEEDED,INVALID
4572,2,68,86,24722,36276,0,CAPACITY_EXCEEDED,INVALID
4573,2,68,87,24217,35692,1,FEASIBLE,WORSE
4574,2,68,88,24864,36104,0,CAPACITY_EXCEEDED,INVALID
4575,2,68,89,25920,36698,0,CAPACITY_EXCEEDED,INVALID
4576,2,68,90,24366,35879,0,CAPACITY_EXCEEDED,INVALID
4577,2,68,91,25721,37008,0,CAPACITY_EXCEEDED,INVALID
4578,2,68,92,25972,37113,0,CAPACITY_EXCEEDED,INVALID
4579,2,68,93,25060,36465,0,CAPACITY_EXCEEDED,INVALID
4580,2,68,94,25693,37124,0,CAPACITY_EXCEEDED,INVALID
4581,2,68,95,25710,37004,0,CAPACITY_EXCEEDED,INVALID
4582,2,68,96,25775,36768,0,CAPACITY_EXCEEDED,INVALID
4583,2,68,97,24689,36049,0,CAPACITY_EXCEEDED,INVALID
4584,2,68,98,25027,36575,0,CAPACITY_EXCEEDED,INVALID
4585,2,68,99,24906,35894,0,CAPACITY_EXCEEDED,INVALID
4586,2,69,70,23138,34417,1,FEASIBLE,WORSE
4587,2,69,71,24200,35537,1,FEASIBLE,WORSE
4588,2,69,72,22752,34709,1,FEASIBLE,WORSE
4589,2,69,73,23596,34464,1,FEASIBLE,WORSE
4590,2,69,74,24305,35652,0,CAPACITY_EXCEEDED,INVALID
4591,2,69,75,23119,34803,1,FEASIBLE,WORSE
4592,2,69,76,23963,35459,1,FEASIBLE,WORSE
4593,2,69,77,24387,35781,0,CAPACITY_EXCEEDED,INVALID
4594,2,69,78,22941,34740,1,FEASIBLE,WORSE
4595,2,69,79,23558,34824,1,FEASIBLE,WORSE
4596,2,69,80,22962,34640,1,FEASIBLE,WORSE
4597,2,69,81,24116,35502,1,FEASIBLE,WORSE
4598,2,69,82,24153,35763,1,FEASIBLE,WORSE
4599,2,69,83,23025,34550,1,FEASIBLE,WORSE
4600,2,69,84,23609,34830,1,FEASIBLE,WORSE
4601,2,69,85,23059,34963,1,FEASIBLE,WORSE
4602,2,69,86,23288,35012,1,FEASIBLE,WORSE
4603,2,69,87,22783,34428,1,FEASIBLE,WORSE
4604,2,69,88,23430,34840,1,FEASIBLE,WORSE
4605,2,69,89,24486,35434,0,CAPACITY_EXCEEDED,INVALID
4606,2,69,90,22932,34615,1,FEASIBLE,WORSE
4607,2,69,91,24287,35744,0,CAPACITY_EXCEEDED,INVALID
4608,2,69,92,24538,35849,0,CAPACITY_EXCEEDED,INVALID
4609,2,69,93,23626,35201,1,FEASIBLE,WORSE
4610,2,69,94,24259,35860,1,FEASIBLE,WORSE
4611,2,69,95,24276,35740,1,FEASIBLE,WORSE
4612,2,69,96,24341,35504,0,CAPACITY_EXCEEDED,INVALID
4613,2,69,97,23255,34785,1,FEASIBLE,WORSE
4614,2,69,98,23593,35311,1,FEASIBLE,WORSE
4615,2,69,99,23472,34630,1,FEASIBLE,WORSE
4616,2,70,71,24221,35534,1,FEASIBLE,WORSE
4617,2,70,72,22773,34706,1,FEASIBLE,WORSE
4618,2,70,73,23617,34461,1,FEASIBLE,WORSE
4619,2,70,74,24326,35649,0,CAPACITY_EXCEEDED,INVALID
4620,2,70,75,23140,34800,1,FEASIBLE,WORSE
4621,2,70,76,23984,35456,1,FEASIBLE,WORSE
4622,2,70,77,24408,35778,0,CAPACITY_EXCEEDED,INVALID
4623,2,70,78,22962,34737,1,FEASIBLE,WORSE
4624,2,70,79,23579,34821,1,FEASIBLE,WORSE
4625,2,70,80,22983,34637,1,FEASIBLE,WORSE
4626,2,70,81,24137,35499,1,FEASIBLE,WORSE
4627,2,70,82,24174,35760,1,FEASIBLE,WORSE
4628,2,70,83,23046,34547,1,FEASIBLE,WORSE
4629,2,70,84,23630,34827,1,FEASIBLE,WORSE
4630,2,70,85,23080,34960,1,FEASIBLE,WORSE
4631,2,70,86,23309,35009,1,FEASIBLE,WORSE
4632,2,70,87,22804,34425,1,FEASIBLE,WORSE
4633,2,70,88,23451,34837,1,FEASIBLE,WORSE
4634,2,70,89,24507,35431,0,CAPACITY_EXCEEDED,INVALID
4635,2,70,90,22953,34612,1,FEASIBLE,WORSE
4636,2,70,91,24308,35741,0,CAPACITY_EXCEEDED,INVALID
4637,2,70,92,24559,35846,0,CAPACITY_EXCEEDED,INVALID
4638,2,70,93,23647,35198,1,FEASIBLE,WORSE
4639,2,70,94,24280,35857,1,FEASIBLE,WORSE
4640,2,70,95,24297,35737,0,CAPACITY_EXCEEDED,INVALID
4641,2,70,96,24362,35501,0,CAPACITY_EXCEEDED,INVALID
4642,2,70,97,23276,34782,1,FEASIBLE,WORSE
4643,2,70,98,23614,35308,1,FEASIBLE,WORSE
4644,2,70,99,23493,34627,1,FEASIBLE,WORSE
4645,2,71,72,23835,35826,1,FEASIBLE,WORSE
4646,2,71,73,24679,35581,0,CAPACITY_EXCEEDED,INVALID
4647,2,71,74,25388,36769,0,CAPACITY_EXCEEDED,INVALID
4648,2,71,75,24202,35920,1,FEASIBLE,WORSE
4649,2,71,76,25046,36576,0,CAPACITY_EXCEEDED,INVALID
4650,2,71,77,25470,36898,0,CAPACITY_EXCEEDED,INVALID
4651,2,71,78,24024,35857,1,FEASIBLE,WORSE
4652,2,71,79,24641,35941,0,CAPACITY_EXCEEDED,INVALID
4653,2,71,80,24045,35757,1,FEASIBLE,WORSE
4654,2,71,81,25199,36619,0,CAPACITY_EXCEEDED,INVALID
4655,2,71,82,25236,36880,0,CAPACITY_EXCEEDED,INVALID
4656,2,71,83,24108,35667,1,FEASIBLE,WORSE
4657,2,71,84,24692,35947,0,CAPACITY_EXCEEDED,INVALID
4658,2,71,85,24142,36080,1,FEASIBLE,WORSE
4659,2,71,86,24371,36129,0,CAPACITY_EXCEEDED,INVALID
4660,2,71,87,23866,35545,1,FEASIBLE,WORSE
4661,2,71,88,24513,35957,0,CAPACITY_EXCEEDED,INVALID
4662,2,71,89,25569,36551,0,CAPACITY_EXCEEDED,INVALID
4663,2,71,90,24015,35732,1,FEASIBLE,WORSE
4664,2,71,91,25370,36861,0,CAPACITY_EXCEEDED,INVALID
4665,2,71,92,25621,36966,0,CAPACITY_EXCEEDED,INVALID
4666,2,71,93,24709,36318,0,CAPACITY_EXCEEDED,INVALID
4667,2,71,94,25342,36977,0,CAPACITY_EXCEEDED,INVALID
4668,2,71,95,25359,36857,0,CAPACITY_EXCEEDED,INVALID
4669,2,71,96,25424,36621,0,CAPACITY_EXCEEDED,INVALID
4670,2,71,97,24338,35902,0,CAPACITY_EXCEEDED,INVALID
4671,2,71,98,24676,36428,0,CAPACITY_EXCEEDED,INVALID
4672,2,71,99,24555,35747,0,CAPACITY_EXCEEDED,INVALID
4673,2,72,73,23231,34753,1,FEASIBLE,WORSE
4674,2,72,74,23940,35941,1,FEASIBLE,WORSE
4675,2,72,75,22754,35092,1,FEASIBLE,WORSE
4676,2,72,76,23598,35748,1,FEASIBLE,WORSE
4677,2,72,77,24022,36070,1,FEASIBLE,WORSE
4678,2,72,78,22576,35029,1,FEASIBLE,WORSE
4679,2,72,79,23193,35113,1,FEASIBLE,WORSE
4680,2,72,80,22597,34929,1,FEASIBLE,WORSE
4681,2,72,81,23751,35791,1,FEASIBLE,WORSE
4682,2,72,82,23788,36052,1,FEASIBLE,WORSE
4683,2,72,83,22660,34839,1,FEASIBLE,WORSE
4684,2,72,84,23244,35119,1,FEASIBLE,WORSE
4685,2,72,85,22694,35252,1,FEASIBLE,WORSE
4686,2,72,86,22923,35301,1,FEASIBLE,WORSE
4687,2,72,87,22418,34717,1,FEASIBLE,WORSE
4688,2,72,88,23065,35129,1,FEASIBLE,WORSE
4689,2,72,89,24121,35723,1,FEASIBLE,WORSE
4690,2,72,90,22567,34904,1,FEASIBLE,WORSE
4691,2,72,91,23922,36033,1,FEASIBLE,WORSE
4692,2,72,92,24173,36138,1,FEASIBLE,WORSE
4693,2,72,93,23261,35490,1,FEASIBLE,WORSE
4694,2,72,94,23894,36149,1,FEASIBLE,WORSE
4695,2,72,95,23911,36029,1,FEASIBLE,WORSE
4696,2,72,96,23976,35793,1,FEASIBLE,WORSE
4697,2,72,97,22890,35074,1,FEASIBLE,WORSE
4698,2,72,98,23228,35600,1,FEASIBLE,WORSE
4699,2,72,99,23107,34919,1,FEASIBLE,WORSE
4700,2,73,74,24784,35696,0,CAPACITY_EXCEEDED,INVALID
4701,2,73,75,23598,34847,1,FEASIBLE,WORSE
4702,2,73,76,24442,35503,0,CAPACITY_EXCEEDED,INVALID
4703,2,73,77,24866,35825,0,CAPACITY_EXCEEDED,INVALID
4704,2,73,78,23420,34784,1,FEASIBLE,WORSE
4705,2,73,79,24037,34868,1,FEASIBLE,WORSE
4706,2,73,80,23441,34684,1,FEASIBLE,WORSE
4707,2,73,81,24595,35546,0,CAPACITY_EXCEEDED,INVALID
4708,2,73,82,24632,35807,0,CAPACITY_EXCEEDED,INVALID
4709,2,73,83,23504,34594,1,FEASIBLE,WORSE
4710,2,73,84,24088,34874,1,FEASIBLE,WORSE
4711,2,73,85,23538,35007,1,FEASIBLE,WORSE
4712,2,73,86,23767,35056,1,FEASIBLE,WORSE
4713,2,73,87,23262,34472,1,FEASIBLE,WORSE
4714,2,73,88,23909,34884,1,FEASIBLE,WORSE
4715,2,73,89,24965,35478,0,CAPACITY_EXCEEDED,INVALID
4716,2,73,90,23411,34659,1,FEASIBLE,WORSE
4717,2,73,91,24766,35788,0,CAPACITY_EXCEEDED,INVALID
4718,2,73,92,25017,35893,0,CAPACITY_EXCEEDED,INVALID
4719,2,73,93,24105,35245,1,FEASIBLE,WORSE
4720,2,73,94,24738,35904,0,CAPACITY_EXCEEDED,INVALID
4721,2,73,95,24755,35784,0,CAPACITY_EXCEEDED,INVALID
4722,2,73,96,24820,35548,0,CAPACITY_EXCEEDED,INVALID
4723,2,73,97,23734,34829,1,FEASIBLE,WORSE
4724,2,73,98,24072,35355,1,FEASIBLE,WORSE
4725,2,73,99,23951,34674,1,FEASIBLE,WORSE
4726,2,74,75,24307,36035,0,CAPACITY_EXCEEDED,INVALID
4727,2,74,76,25151,36691,0,CAPACITY_EXCEEDED,INVALID
4728,2,74,77,25575,37013,0,CAPACITY_EXCEEDED,INVALID
4729,2,74,78,24129,35972,1,FEASIBLE,WORSE
4730,2,74,79,24746,36056,0,CAPACITY_EXCEEDED,INVALID
4731,2,74,80,24150,35872,1,FEASIBLE,WORSE
4732,2,74,81,25304,36734,0,CAPACITY_EXCEEDED,INVALID
4733,2,74,82,25341,36995,0,CAPACITY_EXCEEDED,INVALID
4734,2,74,83,24213,35782,1,FEASIBLE,WORSE
4735,2,74,84,24797,36062,0,CAPACITY_EXCEEDED,INVALID
4736,2,74,85,24247,36195,1,FEASIBLE,WORSE
4737,2,74,86,24476,36244,0,CAPACITY_EXCEEDED,INVALID
4738,2,74,87,23971,35660,1,FEASIBLE,WORSE
4739,2,74,88,24618,36072,0,CAPACITY_EXCEEDED,INVALID
4740,2,74,89,25674,36666,0,CAPACITY_EXCEEDED,INVALID
4741,2,74,90,24120,35847,1,FEASIBLE,WORSE
4742,2,74,91,25475,36976,0,CAPACITY_EXCEEDED,INVALID
4743,2,74,92,25726,37081,0,CAPACITY_EXCEEDED,INVALID
4744,2,74,93,24814,36433,0,CAPACITY_EXCEEDED,INVALID
4745,2,74,94,25447,37092,0,CAPACITY_EXCEEDED,INVALID
4746,2,74,95,25464,36972,0,CAPACITY_EXCEEDED,INVALID
4747,2,74,96,25529,36736,0,CAPACITY_EXCEEDED,INVALID
4748,2,74,97,24443,36017,0,CAPACITY_EXCEEDED,INVALID
4749,2,74,98,24781,36543,0,CAPACITY_EXCEEDED,INVALID
4750,2,74,99,24660,35862,0,CAPACITY_EXCEEDED,INVALID
4751,2,75,76,23965,35842,1,FEASIBLE,WORSE
4752,2,75,77,24389,36164,0,CAPACITY_EXCEEDED,INVALID
4753,2,75,78,22943,35123,1,FEASIBLE,WORSE
4754,2,75,79,23560,35207,1,FEASIBLE,WORSE
4755,2,75,80,22964,35023,1,FEASIBLE,WORSE
4756,2,75,81,24118,35885,1,FEASIBLE,WORSE
4757,2,75,82,24155,36146,1,FEASIBLE,WORSE
4758,2,75,83,23027,34933,1,FEASIBLE,WORSE
4759,2,75,84,23611,35213,1,FEASIBLE,WORSE
4760,2,75,85,23061,35346,1,FEASIBLE,WORSE
4761,2,75,86,23290,35395,1,FEASIBLE,WORSE
4762,2,75,87,22785,34811,1,FEASIBLE,WORSE
4763,2,75,88,23432,35223,1,FEASIBLE,WORSE
4764,2,75,89,24488,35817,0,CAPACITY_EXCEEDED,INVALID
4765,2,75,90,22934,34998,1,FEASIBLE,WORSE
4766,2,75,91,24289,36127,0,CAPACITY_EXCEEDED,INVALID
4767,2,75,92,24540,36232,0,CAPACITY_EXCEEDED,INVALID
4768,2,75,93,23628,35584,1,FEASIBLE,WORSE
4769,2,75,94,24261,36243,1,FEASIBLE,WORSE
4770,2,75,95,24278,36123,1,FEASIBLE,WORSE
4771,2,75,96,24343,35887,0,CAPACITY_EXCEEDED,INVALID
4772,2,75,97,23257,35168,1,FEASIBLE,WORSE
4773,2,75,98,23595,35694,1,FEASIBLE,WORSE
4774,2,75,99,23474,35013,1,FEASIBLE,WORSE
4775,2,76,77,25233,36820,0,CAPACITY_EXCEEDED,INVALID
4776,2,76,78,23787,35779,1,FEASIBLE,WORSE
4777,2,76,79,24404,35863,0,CAPACITY_EXCEEDED,INVALID
4778,2,76,80,23808,35679,1,FEASIBLE,WORSE
4779,2,76,81,24962,36541,0,CAPACITY_EXCEEDED,INVALID
4780,2,76,82,24999,36802,0,CAPACITY_EXCEEDED,INVALID
4781,2,76,83,23871,35589,1,FEASIBLE,WORSE
4782,2,76,84,24455,35869,0,CAPACITY_EXCEEDED,INVALID
4783,2,76,85,23905,36002,1,FEASIBLE,WORSE
4784,2,76,86,24134,36051,1,FEASIBLE,WORSE
4785,2,76,87,23629,35467,1,FEASIBLE,WORSE
4786,2,76,88,24276,35879,1,FEASIBLE,WORSE
4787,2,76,89,25332,36473,0,CAPACITY_EXCEEDED,INVALID
4788,2,76,90,23778,35654,1,FEASIBLE,WORSE
4789,2,76,91,25133,36783,0,CAPACITY_EXCEEDED,INVALID
4790,2,76,92,25384,36888,0,CAPACITY_EXCEEDED,INVALID
4791,2,76,93,24472,36240,0,CAPACITY_EXCEEDED,INVALID
4792,2,76,94,25105,36899,0,CAPACITY_EXCEEDED,INVALID
4793,2,76,95,25122,36779,0,CAPACITY_EXCEEDED,INVALID
4794,2,76,96,25187,36543,0,CAPACITY_EXCEEDED,INVALID
4795,2,76,97,24101,35824,1,FEASIBLE,WORSE
4796,2,76,98,24439,36350,0,CAPACITY_EXCEEDED,INVALID
4797,2,76,99,24318,35669,0,CAPACITY_EXCEEDED,INVALID
4798,2,77,78,24211,36101,1,FEASIBLE,WORSE
4799,2,77,79,24828,36185,0,CAPACITY_EXCEEDED,INVALID
4800,2,77,80,24232,36001,1,FEASIBLE,WORSE
4801,2,77,81,25386,36863,0,CAPACITY_EXCEEDED,INVALID
4802,2,77,82,25423,37124,0,CAPACITY_EXCEEDED,INVALID
4803,2,77,83,24295,35911,0,CAPACITY_EXCEEDED,INVALID
4804,2,77,84,24879,36191,0,CAPACITY_EXCEEDED,INVALID
4805,2,77,85,24329,36324,0,CAPACITY_EXCEEDED,INVALID
4806,2,77,86,24558,36373,0,CAPACITY_EXCEEDED,INVALID
4807,2,77,87,24053,35789,1,FEASIBLE,WORSE
4808,2,77,88,24700,36201,0,CAPACITY_EXCEEDED,INVALID
4809,2,77,89,25756,36795,0,CAPACITY_EXCEEDED,INVALID
4810,2,77,90,24202,35976,1,FEASIBLE,WORSE
4811,2,77,91,25557,37105,0,CAPACITY_EXCEEDED,INVALID
4812,2,77,92,25808,37210,0,CAPACITY_EXCEEDED,INVALID
4813,2,77,93,24896,36562,0,CAPACITY_EXCEEDED,INVALID
4814,2,77,94,25529,37221,0,CAPACITY_EXCEEDED,INVALID
4815,2,77,95,25546,37101,0,CAPACITY_EXCEEDED,INVALID
4816,2,77,96,25611,36865,0,CAPACITY_EXCEEDED,INVALID
4817,2,77,97,24525,36146,0,CAPACITY_EXCEEDED,INVALID
4818,2,77,98,24863,36672,0,CAPACITY_EXCEEDED,INVALID
4819,2,77,99,24742,35991,0,CAPACITY_EXCEEDED,INVALID
4820,2,78,79,23382,35144,1,FEASIBLE,WORSE
4821,2,78,80,22786,34960,1,FEASIBLE,WORSE
4822,2,78,81,23940,35822,1,FEASIBLE,WORSE
4823,2,78,82,23977,36083,1,FEASIBLE,WORSE
4824,2,78,83,22849,34870,1,FEASIBLE,WORSE
4825,2,78,84,23433,35150,1,FEASIBLE,WORSE
4826,2,78,85,22883,35283,1,FEASIBLE,WORSE
4827,2,78,86,23112,35332,1,FEASIBLE,WORSE
4828,2,78,87,22607,34748,1,FEASIBLE,WORSE
4829,2,78,88,23254,35160,1,FEASIBLE,WORSE
4830,2,78,89,24310,35754,0,CAPACITY_EXCEEDED,INVALID
4831,2,78,90,22756,34935,1,FEASIBLE,WORSE
4832,2,78,91,24111,36064,1,FEASIBLE,WORSE
4833,2,78,92,24362,36169,0,CAPACITY_EXCEEDED,INVALID
4834,2,78,93,23450,35521,1,FEASIBLE,WORSE
4835,2,78,94,24083,36180,1,FEASIBLE,WORSE
4836,2,78,95,24100,36060,1,FEASIBLE,WORSE
4837,2,78,96,24165,35824,1,FEASIBLE,WORSE
4838,2,78,97,23079,35105,1,FEASIBLE,WORSE
4839,2,78,98,23417,35631,1,FEASIBLE,WORSE
4840,2,78,99,23296,34950,1,FEASIBLE,WORSE
4841,2,79,80,23403,35044,1,FEASIBLE,WORSE
4842,2,79,81,24557,35906,0,CAPACITY_EXCEEDED,INVALID
4843,2,79,82,24594,36167,0,CAPACITY_EXCEEDED,INVALID
4844,2,79,83,23466,34954,1,FEASIBLE,WORSE
4845,2,79,84,24050,35234,1,FEASIBLE,WORSE
4846,2,79,85,23500,35367,1,FEASIBLE,WORSE
4847,2,79,86,23729,35416,1,FEASIBLE,WORSE
4848,2,79,87,23224,34832,1,FEASIBLE,WORSE
4849,2,79,88,23871,35244,1,FEASIBLE,WORSE
4850,2,79,89,24927,35838,0,CAPACITY_EXCEEDED,INVALID
4851,2,79,90,23373,35019,1,FEASIBLE,WORSE
4852,2,79,91,24728,36148,0,CAPACITY_EXCEEDED,INVALID
4853,2,79,92,24979,36253,0,CAPACITY_EXCEEDED,INVALID
4854,2,79,93,24067,35605,1,FEASIBLE,WORSE
4855,2,79,94,24700,36264,0,CAPACITY_EXCEEDED,INVALID
4856,2,79,95,24717,36144,0,CAPACITY_EXCEEDED,INVALID
4857,2,79,96,24782,35908,0,CAPACITY_EXCEEDED,INVALID
4858,2,79,97,23696,35189,1,FEASIBLE,WORSE
4859,2,79,98,24034,35715,1,FEASIBLE,WORSE
4860,2,79,99,23913,35034,1,FEASIBLE,WORSE
4861,2,80,81,23961,35722,1,FEASIBLE,WORSE
4862,2,80,82,23998,35983,1,FEASIBLE,WORSE
4863,2,80,83,22870,34770,1,FEASIBLE,WORSE
4864,2,80,84,23454,35050,1,FEASIBLE,WORSE
4865,2,80,85,22904,35183,1,FEASIBLE,WORSE
4866,2,80,86,23133,35232,1,FEASIBLE,WORSE
4867,2,80,87,22628,34648,1,FEASIBLE,WORSE
4868,2,80,88,23275,35060,1,FEASIBLE,WORSE
4869,2,80,89,24331,35654,0,CAPACITY_EXCEEDED,INVALID
4870,2,80,90,22777,34835,1,FEASIBLE,WORSE
4871,2,80,91,24132,35964,1,FEASIBLE,WORSE
4872,2,80,92,24383,36069,0,CAPACITY_EXCEEDED,INVALID
4873,2,80,93,23471,35421,1,FEASIBLE,WORSE
4874,2,80,94,24104,36080,1,FEASIBLE,WORSE
4875,2,80,95,24121,35960,1,FEASIBLE,WORSE
4876,2,80,96,24186,35724,1,FEASIBLE,WORSE
4877,2,80,97,23100,35005,1,FEASIBLE,WORSE
4878,2,80,98,23438,35531,1,FEASIBLE,WORSE
4879,2,80,99,23317,34850,1,FEASIBLE,WORSE
4880,2,81,82,25152,36845,0,CAPACITY_EXCEEDED,INVALID
4881,2,81,83,24024,35632,1,FEASIBLE,WORSE
4882,2,81,84,24608,35912,0,CAPACITY_EXCEEDED,INVALID
4883,2,81,85,24058,36045,1,FEASIBLE,WORSE
4884,2,81,86,24287,36094,0,CAPACITY_EXCEEDED,INVALID
4885,2,81,87,23782,35510,1,FEASIBLE,WORSE
4886,2,81,88,24429,35922,0,CAPACITY_EXCEEDED,INVALID
4887,2,81,89,25485,36516,0,CAPACITY_EXCEEDED,INVALID
4888,2,81,90,23931,35697,1,FEASIBLE,WORSE
4889,2,81,91,25286,36826,0,CAPACITY_EXCEEDED,INVALID
4890,2,81,92,25537,36931,0,CAPACITY_EXCEEDED,INVALID
4891,2,81,93,24625,36283,0,CAPACITY_EXCEEDED,INVALID
4892,2,81,94,25258,36942,0,CAPACITY_EXCEEDED,INVALID
4893,2,81,95,25275,36822,0,CAPACITY_EXCEEDED,INVALID
4894,2,81,96,25340,36586,0,CAPACITY_EXCEEDED,INVALID
4895,2,81,97,24254,35867,1,FEASIBLE,WORSE
4896,2,81,98,24592,36393,0,CAPACITY_EXCEEDED,INVALID
4897,2,81,99,24471,35712,0,CAPACITY_EXCEEDED,INVALID
4898,2,82,83,24061,35893,1,FEASIBLE,WORSE
4899,2,82,84,24645,36173,0,CAPACITY_EXCEEDED,INVALID
4900,2,82,85,24095,36306,1,FEASIBLE,WORSE
4901,2,82,86,24324,36355,0,CAPACITY_EXCEEDED,INVALID
4902,2,82,87,23819,35771,1,FEASIBLE,WORSE
4903,2,82,88,24466,36183,0,CAPACITY_EXCEEDED,INVALID
4904,2,82,89,25522,36777,0,CAPACITY_EXCEEDED,INVALID
4905,2,82,90,23968,35958,1,FEASIBLE,WORSE
4906,2,82,91,25323,37087,0,CAPACITY_EXCEEDED,INVALID
4907,2,82,92,25574,37192,0,CAPACITY_EXCEEDED,INVALID
4908,2,82,93,24662,36544,0,CAPACITY_EXCEEDED,INVALID
4909,2,82,94,25295,37203,0,CAPACITY_EXCEEDED,INVALID
4910,2,82,95,25312,37083,0,CAPACITY_EXCEEDED,INVALID
4911,2,82,96,25377,36847,0,CAPACITY_EXCEEDED,INVALID
4912,2,82,97,24291,36128,0,CAPACITY_EXCEEDED,INVALID
4913,2,82,98,24629,36654,0,CAPACITY_EXCEEDED,INVALID
4914,2,82,99,24508,35973,0,CAPACITY_EXCEEDED,INVALID
4915,2,83,84,23517,34960,1,FEASIBLE,WORSE
4916,2,83,85,22967,35093,1,FEASIBLE,WORSE
4917,2,83,86,23196,35142,1,FEASIBLE,WORSE
4918,2,83,87,22691,34558,1,FEASIBLE,WORSE
4919,2,83,88,23338,34970,1,FEASIBLE,WORSE
4920,2,83,89,24394,35564,0,CAPACITY_EXCEEDED,INVALID
4921,2,83,90,22840,34745,1,FEASIBLE,WORSE
4922,2,83,91,24195,35874,1,FEASIBLE,WORSE
4923,2,83,92,24446,35979,0,CAPACITY_EXCEEDED,INVALID
4924,2,83,93,23534,35331,1,FEASIBLE,WORSE
4925,2,83,94,24167,35990,1,FEASIBLE,WORSE
4926,2,83,95,24184,35870,1,FEASIBLE,WORSE
4927,2,83,96,24249,35634,1,FEASIBLE,WORSE
4928,2,83,97,23163,34915,1,FEASIBLE,WORSE
4929,2,83,98,23501,35441,1,FEASIBLE,WORSE
4930,2,83,99,23380,34760,1,FEASIBLE,WORSE
4931,2,84,85,23551,35373,1,FEASIBLE,WORSE
4932,2,84,86,23780,35422,1,FEASIBLE,WORSE
4933,2,84,87,23275,34838,1,FEASIBLE,WORSE
4934,2,84,88,23922,35250,1,FEASIBLE,WORSE
4935,2,84,89,24978,35844,0,CAPACITY_EXCEEDED,INVALID
4936,2,84,90,23424,35025,1,FEASIBLE,WORSE
4937,2,84,91,24779,36154,0,CAPACITY_EXCEEDED,INVALID
4938,2,84,92,25030,36259,0,CAPACITY_EXCEEDED,INVALID
4939,2,84,93,24118,35611,1,FEASIBLE,WORSE
4940,2,84,94,24751,36270,0,CAPACITY_EXCEEDED,INVALID
4941,2,84,95,24768,36150,0,CAPACITY_EXCEEDED,INVALID
4942,2,84,96,24833,35914,0,CAPACITY_EXCEEDED,INVALID
4943,2,84,97,23747,35195,1,FEASIBLE,WORSE
4944,2,84,98,24085,35721,1,FEASIBLE,WORSE
4945,2,84,99,23964,35040,1,FEASIBLE,WORSE
4946,2,85,86,23230,35555,1,FEASIBLE,WORSE
4947,2,85,87,22725,34971,1,FEASIBLE,WORSE
4948,2,85,88,23372,35383,1,FEASIBLE,WORSE
4949,2,85,89,24428,35977,0,CAPACITY_EXCEEDED,INVALID
4950,2,85,90,22874,35158,1,FEASIBLE,WORSE
4951,2,85,91,24229,36287,1,FEASIBLE,WORSE
4952,2,85,92,24480,36392,0,CAPACITY_EXCEEDED,INVALID
4953,2,85,93,23568,35744,1,FEASIBLE,WORSE
4954,2,85,94,24201,36403,1,FEASIBLE,WORSE
4955,2,85,95,24218,36283,1,FEASIBLE,WORSE
4956,2,85,96,24283,36047,0,CAPACITY_EXCEEDED,INVALID
4957,2,85,97,23197,35328,1,FEASIBLE,WORSE
4958,2,85,98,23535,35854,1,FEASIBLE,WORSE
4959,2,85,99,23414,35173,1,FEASIBLE,WORSE
4960,2,86,87,22954,35020,1,FEASIBLE,WORSE
4961,2,86,88,23601,35432,1,FEASIBLE,WORSE
4962,2,86,89,24657,36026,0,CAPACITY_EXCEEDED,INVALID
4963,2,86,90,23103,35207,1,FEASIBLE,WORSE
4964,2,86,91,24458,36336,0,CAPACITY_EXCEEDED,INVALID
4965,2,86,92,24709,36441,0,CAPACITY_EXCEEDED,INVALID
4966,2,86,93,23797,35793,1,FEASIBLE,WORSE
4967,2,86,94,24430,36452,0,CAPACITY_EXCEEDED,INVALID
4968,2,86,95,24447,36332,0,CAPACITY_EXCEEDED,INVALID
4969,2,86,96,24512,36096,0,CAPACITY_EXCEEDED,INVALID
4970,2,86,97,23426,35377,1,FEASIBLE,WORSE
4971,2,86,98,23764,35903,1,FEASIBLE,WORSE
4972,2,86,99,23643,35222,1,FEASIBLE,WORSE
4973,2,87,88,23096,34848,1,FEASIBLE,WORSE
4974,2,87,89,24152,35442,1,FEASIBLE,WORSE
4975,2,87,90,22598,34623,1,FEASIBLE,WORSE
4976,2,87,91,23953,35752,1,FEASIBLE,WORSE
4977,2,87,92,24204,35857,1,FEASIBLE,WORSE
4978,2,87,93,23292,35209,1,FEASIBLE,WORSE
4979,2,87,94,23925,35868,1,FEASIBLE,WORSE
4980,2,87,95,23942,35748,1,FEASIBLE,WORSE
4981,2,87,96,24007,35512,1,FEASIBLE,WORSE
4982,2,87,97,22921,34793,1,FEASIBLE,WORSE
4983,2,87,98,23259,35319,1,FEASIBLE,WORSE
4984,2,87,99,23138,34638,1,FEASIBLE,WORSE
4985,2,88,89,24799,35854,0,CAPACITY_EXCEEDED,INVALID
4986,2,88,90,23245,35035,1,FEASIBLE,WORSE
4987,2,88,91,24600,36164,0,CAPACITY_EXCEEDED,INVALID
4988,2,88,92,24851,36269,0,CAPACITY_EXCEEDED,INVALID
4989,2,88,93,23939,35621,1,FEASIBLE,WORSE
4990,2,88,94,24572,36280,0,CAPACITY_EXCEEDED,INVALID
4991,2,88,95,24589,36160,0,CAPACITY_EXCEEDED,INVALID
4992,2,88,96,24654,35924,0,CAPACITY_EXCEEDED,INVALID
4993,2,88,97,23568,35205,1,FEASIBLE,WORSE
4994,2,88,98,23906,35731,1,FEASIBLE,WORSE
4995,2,88,99,23785,35050,1,FEASIBLE,WORSE
4996,2,89,90,24301,35629,0,CAPACITY_EXCEEDED,INVALID
4997,2,89,91,25656,36758,0,CAPACITY_EXCEEDED,INVALID
4998,2,89,92,25907,36863,0,CAPACITY_EXCEEDED,INVALID
4999,2,89,93,24995,36215,0,CAPACITY_EXCEEDED,INVALID
5000,2,89,94,25628,36874,0,CAPACITY_EXCEEDED,INVALID
5001,2,89,95,25645,36754,0,CAPACITY_EXCEEDED,INVALID
5002,2,89,96,25710,36518,0,CAPACITY_EXCEEDED,INVALID
5003,2,89,97,24624,35799,0,CAPACITY_EXCEEDED,INVALID
5004,2,89,98,24962,36325,0,CAPACITY_EXCEEDED,INVALID
5005,2,89,99,24841,35644,0,CAPACITY_EXCEEDED,INVALID
5006,2,90,91,24102,35939,1,FEASIBLE,WORSE
5007,2,90,92,24353,36044,0,CAPACITY_EXCEEDED,INVALID
5008,2,90,93,23441,35396,1,FEASIBLE,WORSE
5009,2,90,94,24074,36055,1,FEASIBLE,WORSE
5010,2,90,95,24091,35935,1,FEASIBLE,WORSE
5011,2,90,96,24156,35699,1,FEASIBLE,WORSE
5012,2,90,97,23070,34980,1,FEASIBLE,WORSE
5013,2,90,98,23408,35506,1,FEASIBLE,WORSE
5014,2,90,99,23287,34825,1,FEASIBLE,WORSE
5015,2,91,92,25708,37173,0,CAPACITY_EXCEEDED,INVALID
5016,2,91,93,24796,36525,0,CAPACITY_EXCEEDED,INVALID
5017,2,91,94,25429,37184,0,CAPACITY_EXCEEDED,INVALID
5018,2,91,95,25446,37064,0,CAPACITY_EXCEEDED,INVALID
5019,2,91,96,25511,36828,0,CAPACITY_EXCEEDED,INVALID
5020,2,91,97,24425,36109,0,CAPACITY_EXCEEDED,INVALID
5021,2,91,98,24763,36635,0,CAPACITY_EXCEEDED,INVALID
5022,2,91,99,24642,35954,0,CAPACITY_EXCEEDED,INVALID
5023,2,92,93,25047,36630,0,CAPACITY_EXCEEDED,INVALID
5024,2,92,94,25680,37289,0,CAPACITY_EXCEEDED,INVALID
5025,2,92,95,25697,37169,0,CAPACITY_EXCEEDED,INVALID
5026,2,92,96,25762,36933,0,CAPACITY_EXCEEDED,INVALID
5027,2,92,97,24676,36214,0,CAPACITY_EXCEEDED,INVALID
5028,2,92,98,25014,36740,0,CAPACITY_EXCEEDED,INVALID
5029,2,92,99,24893,36059,0,CAPACITY_EXCEEDED,INVALID
5030,2,93,94,24768,36641,0,CAPACITY_EXCEEDED,INVALID
5031,2,93,95,24785,36521,0,CAPACITY_EXCEEDED,INVALID
5032,2,93,96,24850,36285,0,CAPACITY_EXCEEDED,INVALID
5033,2,93,97,23764,35566,1,FEASIBLE,WORSE
5034,2,93,98,24102,36092,1,FEASIBLE,WORSE
5035,2,93,99,23981,35411,1,FEASIBLE,WORSE
5036,2,94,95,25418,37180,0,CAPACITY_EXCEEDED,INVALID
5037,2,94,96,25483,36944,0,CAPACITY_EXCEEDED,INVALID
5038,2,94,97,24397,36225,0,CAPACITY_EXCEEDED,INVALID
5039,2,94,98,24735,36751,0,CAPACITY_EXCEEDED,INVALID
5040,2,94,99,24614,36070,0,CAPACITY_EXCEEDED,INVALID
5041,2,95,96,25500,36824,0,CAPACITY_EXCEEDED,INVALID
5042,2,95,97,24414,36105,0,CAPACITY_EXCEEDED,INVALID
5043,2,95,98,24752,36631,0,CAPACITY_EXCEEDED,INVALID
5044,2,95,99,24631,35950,0,CAPACITY_EXCEEDED,INVALID
5045,2,96,97,24479,35869,0,CAPACITY_EXCEEDED,INVALID
5046,2,96,98,24817,36395,0,CAPACITY_EXCEEDED,INVALID
5047,2,96,99,24696,35714,0,CAPACITY_EXCEEDED,INVALID
5048,2,97,98,23731,35676,1,FEASIBLE,WORSE
5049,2,97,99,23610,34995,1,FEASIBLE,WORSE
5050,2,98,99,23948,35521,1,FEASIBLE,WORSE
