neighbor_index,distance,flip_i,flip_j,weight,profit,feasible,reason,comparison
1,1,0,,25523,27631,0,CAPACITY_EXCEEDED,INVALID
2,1,1,,24540,26663,1,FEASIBLE,WORSE
3,1,2,,24624,26807,1,FEASIBLE,WORSE
4,1,3,,25644,27781,0,CAPACITY_EXCEEDED,INVALID
5,1,4,,24892,27088,1,FEASIBLE,WORSE
6,1,5,,25838,28032,0,CAPACITY_EXCEEDED,INVALID
7,1,6,,26040,28208,0,CAPACITY_EXCEEDED,INVALID
8,1,7,,26177,28343,0,CAPACITY_EXCEEDED,INVALID
9,1,8,,25294,27480,1,FEASIBLE,WORSE
10,1,9,,25359,27504,1,FEASIBLE,WORSE
11,1,10,,24552,26726,1,FEASIBLE,WORSE
12,1,11,,25821,28010,0,CAPACITY_EXCEEDED,INVALID
13,1,12,,26151,28253,0,CAPACITY_EXCEEDED,INVALID
14,1,13,,25385,27561,1,FEASIBLE,WORSE
15,1,14,,25834,27966,0,CAPACITY_EXCEEDED,INVALID
16,1,15,,24666,26846,1,FEASIBLE,WORSE
17,1,16,,25159,27283,1,FEASIBLE,WORSE
18,1,17,,24442,26579,1,FEASIBLE,WORSE
19,1,18,,24486,26623,1,FEASIBLE,WORSE
20,1,19,,25357,27478,1,FEASIBLE,WORSE
21,1,20,,25362,27552,1,FEASIBLE,WORSE
22,1,21,,24846,26974,1,FEASIBLE,WORSE
23,1,22,,24448,26610,1,FEASIBLE,WORSE
24,1,23,,25770,27883,0,CAPACITY_EXCEEDED,INVALID
25,1,24,,25605,27705,0,CAPACITY_EXCEEDED,INVALID
26,1,25,,25811,27910,0,CAPACITY_EXCEEDED,INVALID
27,1,26,,25358,27486,1,FEASIBLE,WORSE
28,1,27,,25610,27757,0,CAPACITY_EXCEEDED,INVALID
29,1,28,,25826,27945,0,CAPACITY_EXCEEDED,INVALID
30,1,29,,24892,27064,1,FEASIBLE,WORSE
31,1,30,,25622,27788,0,CAPACITY_EXCEEDED,INVALID
32,1,31,,25619,27729,0,CAPACITY_EXCEEDED,INVALID
33,1,32,,25607,27736,0,CAPACITY_EXCEEDED,INVALID
34,1,33,,24928,27119,1,FEASIBLE,WORSE
35,1,34,,25678,27808,0,CAPACITY_EXCEEDED,INVALID
36,1,35,,25366,27551,1,FEASIBLE,WORSE
37,1,36,,24550,26704,1,FEASIBLE,WORSE
38,1,37,,24831,27037,1,FEASIBLE,WORSE
39,1,38,,26031,28192,0,CAPACITY_EXCEEDED,INVALID
40,1,39,,25202,27404,1,FEASIBLE,WORSE
41,1,40,,26381,28482,0,CAPACITY_EXCEEDED,INVALID
42,1,41,,26248,28422,0,CAPACITY_EXCEEDED,INVALID
43,1,42,,25509,27690,0,CAPACITY_EXCEEDED,INVALID
44,1,43,,25721,27855,0,CAPACITY_EXCEEDED,INVALID
45,1,44,,26110,28228,0,CAPACITY_EXCEEDED,INVALID
46,1,45,,24676,26793,1,FEASIBLE,WORSE
47,1,46,,24451,26646,1,FEASIBLE,WORSE
48,1,47,,25811,27950,0,CAPACITY_EXCEEDED,INVALID
49,1,48,,24557,26733,1,FEASIBLE,WORSE
50,1,49,,24717,26850,1,FEASIBLE,WORSE
51,1,50,,25692,27793,0,CAPACITY_EXCEEDED,INVALID
52,1,51,,25976,28076,0,CAPACITY_EXCEEDED,INVALID
53,1,52,,26271,28397,0,CAPACITY_EXCEEDED,INVALID
54,1,53,,24541,26694,1,FEASIBLE,WORSE
55,1,54,,25894,28023,0,CAPACITY_EXCEEDED,INVALID
56,1,55,,24798,26954,1,FEASIBLE,WORSE
57,1,56,,25353,27493,1,FEASIBLE,WORSE
58,1,57,,25145,27333,1,FEASIBLE,WORSE
59,1,58,,26186,28327,0,CAPACITY_EXCEEDED,INVALID
60,1,59,,24973,27074,1,FEASIBLE,WORSE
61,1,60,,25214,27351,1,FEASIBLE,WORSE
62,1,61,,24839,27033,1,FEASIBLE,WORSE
63,1,62,,26092,28233,0,CAPACITY_EXCEEDED,INVALID
64,1,63,,24713,26880,1,FEASIBLE,WORSE
65,1,64,,25763,27939,0,CAPACITY_EXCEEDED,INVALID
66,1,65,,24949,27131,1,FEASIBLE,WORSE
67,1,66,,25897,28058,0,CAPACITY_EXCEEDED,INVALID
68,1,67,,24609,26780,1,FEASIBLE,WORSE
69,1,68,,25909,28017,0,CAPACITY_EXCEEDED,INVALID
70,1,69,,25782,27939,0,CAPACITY_EXCEEDED,INVALID
71,1,70,,24898,27001,1,FEASIBLE,WORSE
72,1,71,,25358,27471,1,FEASIBLE,WORSE
73,1,72,,25344,27540,1,FEASIBLE,WORSE
74,1,73,,24684,26809,1,FEASIBLE,WORSE
75,1,74,,26372,28531,0,CAPACITY_EXCEEDED,INVALID
76,1,75,,24794,26903,1,FEASIBLE,WORSE
77,1,76,,24994,27142,1,FEASIBLE,WORSE
78,1,77,,25217,27431,1,FEASIBLE,WORSE
79,1,78,,25891,28038,0,CAPACITY_EXCEEDED,INVALID
80,1,79,,26371,28469,0,CAPACITY_EXCEEDED,INVALID
81,1,80,,24617,26738,1,FEASIBLE,WORSE
82,1,81,,25928,28032,0,CAPACITY_EXCEEDED,INVALID
83,1,82,,24527,26660,1,FEASIBLE,WORSE
84,1,83,,25155,27259,1,FEASIBLE,WORSE
85,1,84,,25902,28113,0,CAPACITY_EXCEEDED,INVALID
86,1,85,,26341,28472,0,CAPACITY_EXCEEDED,INVALID
87,1,86,,24810,26933,1,FEASIBLE,WORSE
88,1,87,,24928,27030,1,FEASIBLE,WORSE
89,1,88,,25118,27274,1,FEASIBLE,WORSE
90,1,89,,24840,27035,1,FEASIBLE,WORSE
91,1,90,,26346,28518,0,CAPACITY_EXCEEDED,INVALID
92,1,91,,25382,27548,1,FEASIBLE,WORSE
93,1,92,,26172,28310,0,CAPACITY_EXCEEDED,INVALID
94,1,93,,24567,26729,1,FEASIBLE,WORSE
95,1,94,,26275,28459,0,CAPACITY_EXCEEDED,INVALID
96,1,95,,26129,28265,0,CAPACITY_EXCEEDED,INVALID
97,1,96,,26198,28315,0,CAPACITY_EXCEEDED,INVALID
98,1,97,,24869,27033,1,FEASIBLE,WORSE
99,1,98,,25950,28106,0,CAPACITY_EXCEEDED,INVALID
100,1,99,,25815,28012,0,CAPACITY_EXCEEDED,INVALID
101,2,0,1,24675,26709,1,FEASIBLE,WORSE
102,2,0,2,24759,26853,1,FEASIBLE,WORSE
103,2,0,3,25779,27827,0,CAPACITY_EXCEEDED,INVALID
104,2,0,4,25027,27134,1,FEASIBLE,WORSE
105,2,0,5,25973,28078,0,CAPACITY_EXCEEDED,INVALID
106,2,0,6,26175,28254,0,CAPACITY_EXCEEDED,INVALID
107,2,0,7,26312,28389,0,CAPACITY_EXCEEDED,INVALID
108,2,0,8,25429,27526,0,CAPACITY_EXCEEDED,INVALID
109,2,0,9,25494,27550,0,CAPACITY_EXCEEDED,INVALID
110,2,0,10,24687,26772,1,FEASIBLE,WORSE
111,2,0,11,25956,28056,0,CAPACITY_EXCEEDED,INVALID
112,2,0,12,26286,28299,0,CAPACITY_EXCEEDED,INVALID
113,2,0,13,25520,27607,0,CAPACITY_EXCEEDED,INVALID
114,2,0,14,25969,28012,0,CAPACITY_EXCEEDED,INVALID
115,2,0,15,24801,26892,1,FEASIBLE,WORSE
116,2,0,16,25294,27329,1,FEASIBLE,WORSE
117,2,0,17,24577,26625,1,FEASIBLE,WORSE
118,2,0,18,24621,26669,1,FEASIBLE,WORSE
119,2,0,19,25492,27524,0,CAPACITY_EXCEEDED,INVALID
120,2,0,20,25497,27598,0,CAPACITY_EXCEEDED,INVALID
121,2,0,21,24981,27020,1,FEASIBLE,WORSE
122,2,0,22,24583,26656,1,FEASIBLE,WORSE
123,2,0,23,25905,27929,0,CAPACITY_EXCEEDED,INVALID
124,2,0,24,25740,27751,0,CAPACITY_EXCEEDED,INVALID
125,2,0,25,25946,27956,0,CAPACITY_EXCEEDED,INVALID
126,2,0,26,25493,27532,0,CAPACITY_EXCEEDED,INVALID
127,2,0,27,25745,27803,0,CAPACITY_EXCEEDED,INVALID
128,2,0,28,25961,27991,0,CAPACITY_EXCEEDED,INVALID
129,2,0,29,25027,27110,1,FEASIBLE,WORSE
130,2,0,30,25757,27834,0,CAPACITY_EXCEEDED,INVALID
131,2,0,31,25754,27775,0,CAPACITY_EXCEEDED,INVALID
132,2,0,32,25742,27782,0,CAPACITY_EXCEEDED,INVALID
133,2,0,33,25063,27165,1,FEASIBLE,WORSE
134,2,0,34,25813,27854,0,CAPACITY_EXCEEDED,INVALID
135,2,0,35,25501,27597,0,CAPACITY_EXCEEDED,INVALID
136,2,0,36,24685,26750,1,FEASIBLE,WORSE
137,2,0,37,24966,27083,1,FEASIBLE,WORSE
138,2,0,38,26166,28238,0,CAPACITY_EXCEEDED,INVALID
139,2,0,39,25337,27450,1,FEASIBLE,WORSE
140,2,0,40,26516,28528,0,CAPACITY_EXCEEDED,INVALID
141,2,0,41,26383,28468,0,CAPACITY_EXCEEDED,INVALID
142,2,0,42,25644,27736,0,CAPACITY_EXCEEDED,INVALID
143,2,0,43,25856,27901,0,CAPACITY_EXCEEDED,INVALID
144,2,0,44,26245,28274,0,CAPACITY_EXCEEDED,INVALID
145,2,0,45,24811,26839,1,FEASIBLE,WORSE
146,2,0,46,24586,26692,1,FEASIBLE,WORSE
147,2,0,47,25946,27996,0,CAPACITY_EXCEEDED,INVALID
148,2,0,48,24692,26779,1,FEASIBLE,WORSE
149,2,0,49,24852,26896,1,FEASIBLE,WORSE
150,2,0,50,25827,27839,0,CAPACITY_EXCEEDED,INVALID
151,2,0,51,26111,28122,0,CAPACITY_EXCEEDED,INVALID
152,2,0,52,26406,28443,0,CAPACITY_EXCEEDED,INVALID
153,2,0,53,24676,26740,1,FEASIBLE,WORSE
154,2,0,54,26029,28069,0,CAPACITY_EXCEEDED,INVALID
155,2,0,55,24933,27000,1,FEASIBLE,WORSE
156,2,0,56,25488,27539,0,CAPACITY_EXCEEDED,INVALID
157,2,0,57,25280,27379,1,FEASIBLE,WORSE
158,2,0,58,26321,28373,0,CAPACITY_EXCEEDED,INVALID
159,2,0,59,25108,27120,1,FEASIBLE,WORSE
160,2,0,60,25349,27397,1,FEASIBLE,WORSE
161,2,0,61,24974,27079,1,FEASIBLE,WORSE
162,2,0,62,26227,28279,0,CAPACITY_EXCEEDED,INVALID
163,2,0,63,24848,26926,1,FEASIBLE,WORSE
164,2,0,64,25898,27985,0,CAPACITY_EXCEEDED,INVALID
165,2,0,65,25084,27177,1,FEASIBLE,WORSE
166,2,0,66,26032,28104,0,CAPACITY_EXCEEDED,INVALID
167,2,0,67,24744,26826,1,FEASIBLE,WORSE
168,2,0,68,26044,28063,0,CAPACITY_EXCEEDED,INVALID
169,2,0,69,25917,27985,0,CAPACITY_EXCEEDED,INVALID
170,2,0,70,25033,27047,1,FEASIBLE,WORSE
171,2,0,71,25493,27517,0,CAPACITY_EXCEEDED,INVALID
172,2,0,72,25479,27586,0,CAPACITY_EXCEEDED,INVALID
173,2,0,73,24819,26855,1,FEASIBLE,WORSE
174,2,0,74,26507,28577,0,CAPACITY_EXCEEDED,INVALID
175,2,0,75,24929,26949,1,FEASIBLE,WORSE
176,2,0,76,25129,27188,1,FEASIBLE,WORSE
177,2,0,77,25352,27477,1,FEASIBLE,WORSE
178,2,0,78,26026,28084,0,CAPACITY_EXCEEDED,INVALID
179,2,0,79,26506,28515,0,CAPACITY_EXCEEDED,INVALID
180,2,0,80,24752,26784,1,FEASIBLE,WORSE
181,2,0,81,26063,28078,0,CAPACITY_EXCEEDED,INVALID
182,2,0,82,24662,26706,1,FEASIBLE,WORSE
183,2,0,83,25290,27305,1,FEASIBLE,WORSE
184,2,0,84,26037,28159,0,CAPACITY_EXCEEDED,INVALID
185,2,0,85,26476,28518,0,CAPACITY_EXCEEDED,INVALID
186,2,0,86,24945,26979,1,FEASIBLE,WORSE
187,2,0,87,25063,27076,1,FEASIBLE,WORSE
188,2,0,88,25253,27320,1,FEASIBLE,WORSE
189,2,0,89,24975,27081,1,FEASIBLE,WORSE
190,2,0,90,26481,28564,0,CAPACITY_EXCEEDED,INVALID
191,2,0,91,25517,27594,0,CAPACITY_EXCEEDED,INVALID
192,2,0,92,26307,28356,0,CAPACITY_EXCEEDED,INVALID
193,2,0,93,24702,26775,1,FEASIBLE,WORSE
194,2,0,94,26410,28505,0,CAPACITY_EXCEEDED,INVALID
195,2,0,95,26264,28311,0,CAPACITY_EXCEEDED,INVALID
196,2,0,96,26333,28361,0,CAPACITY_EXCEEDED,INVALID
197,2,0,97,25004,27079,1,FEASIBLE,WORSE
198,2,0,98,26085,28152,0,CAPACITY_EXCEEDED,INVALID
199,2,0,99,25950,28058,0,CAPACITY_EXCEEDED,INVALID
200,2,1,2,23776,25885,1,FEASIBLE,WORSE
201,2,1,3,24796,26859,1,FEASIBLE,WORSE
202,2,1,4,24044,26166,1,FEASIBLE,WORSE
203,2,1,5,24990,27110,1,FEASIBLE,WORSE
204,2,1,6,25192,27286,1,FEASIBLE,WORSE
205,2,1,7,25329,27421,1,FEASIBLE,WORSE
206,2,1,8,24446,26558,1,FEASIBLE,WORSE
207,2,1,9,24511,26582,1,FEASIBLE,WORSE
208,2,1,10,23704,25804,1,FEASIBLE,WORSE
209,2,1,11,24973,27088,1,FEASIBLE,WORSE
210,2,1,12,25303,27331,1,FEASIBLE,WORSE
211,2,1,13,24537,26639,1,FEASIBLE,WORSE
212,2,1,14,24986,27044,1,FEASIBLE,WORSE
213,2,1,15,23818,25924,1,FEASIBLE,WORSE
214,2,1,16,24311,26361,1,FEASIBLE,WORSE
215,2,1,17,23594,25657,1,FEASIBLE,WORSE
216,2,1,18,23638,25701,1,FEASIBLE,WORSE
217,2,1,19,24509,26556,1,FEASIBLE,WORSE
218,2,1,20,24514,26630,1,FEASIBLE,WORSE
219,2,1,21,23998,26052,1,FEASIBLE,WORSE
220,2,1,22,23600,25688,1,FEASIBLE,WORSE
221,2,1,23,24922,26961,1,FEASIBLE,WORSE
222,2,1,24,24757,26783,1,FEASIBLE,WORSE
223,2,1,25,24963,26988,1,FEASIBLE,WORSE
224,2,1,26,24510,26564,1,FEASIBLE,WORSE
225,2,1,27,24762,26835,1,FEASIBLE,WORSE
226,2,1,28,24978,27023,1,FEASIBLE,WORSE
227,2,1,29,24044,26142,1,FEASIBLE,WORSE
228,2,1,30,24774,26866,1,FEASIBLE,WORSE
229,2,1,31,24771,26807,1,FEASIBLE,WORSE
230,2,1,32,24759,26814,1,FEASIBLE,WORSE
231,2,1,33,24080,26197,1,FEASIBLE,WORSE
232,2,1,34,24830,26886,1,FEASIBLE,WORSE
233,2,1,35,24518,26629,1,FEASIBLE,WORSE
234,2,1,36,23702,25782,1,FEASIBLE,WORSE
235,2,1,37,23983,26115,1,FEASIBLE,WORSE
236,2,1,38,25183,27270,1,FEASIBLE,WORSE
237,2,1,39,24354,26482,1,FEASIBLE,WORSE
238,2,1,40,25533,27560,0,CAPACITY_EXCEEDED,INVALID
239,2,1,41,25400,27500,0,CAPACITY_EXCEEDED,INVALID
240,2,1,42,24661,26768,1,FEASIBLE,WORSE
241,2,1,43,24873,26933,1,FEASIBLE,WORSE
242,2,1,44,25262,27306,1,FEASIBLE,WORSE
243,2,1,45,23828,25871,1,FEASIBLE,WORSE
244,2,1,46,23603,25724,1,FEASIBLE,WORSE
245,2,1,47,24963,27028,1,FEASIBLE,WORSE
246,2,1,48,23709,25811,1,FEASIBLE,WORSE
247,2,1,49,23869,25928,1,FEASIBLE,WORSE
248,2,1,50,24844,26871,1,FEASIBLE,WORSE
249,2,1,51,25128,27154,1,FEASIBLE,WORSE
250,2,1,52,25423,27475,0,CAPACITY_EXCEEDED,INVALID
251,2,1,53,23693,25772,1,FEASIBLE,WORSE
252,2,1,54,25046,27101,1,FEASIBLE,WORSE
253,2,1,55,23950,26032,1,FEASIBLE,WORSE
254,2,1,56,24505,26571,1,FEASIBLE,WORSE
255,2,1,57,24297,26411,1,FEASIBLE,WORSE
256,2,1,58,25338,27405,1,FEASIBLE,WORSE
257,2,1,59,24125,26152,1,FEASIBLE,WORSE
258,2,1,60,24366,26429,1,FEASIBLE,WORSE
259,2,1,61,23991,26111,1,FEASIBLE,WORSE
260,2,1,62,25244,27311,1,FEASIBLE,WORSE
261,2,1,63,23865,25958,1,FEASIBLE,WORSE
262,2,1,64,24915,27017,1,FEASIBLE,WORSE
263,2,1,65,24101,26209,1,FEASIBLE,WORSE
264,2,1,66,25049,27136,1,FEASIBLE,WORSE
265,2,1,67,23761,25858,1,FEASIBLE,WORSE
266,2,1,68,25061,27095,1,FEASIBLE,WORSE
267,2,1,69,24934,27017,1,FEASIBLE,WORSE
268,2,1,70,24050,26079,1,FEASIBLE,WORSE
269,2,1,71,24510,26549,1,FEASIBLE,WORSE
270,2,1,72,24496,26618,1,FEASIBLE,WORSE
271,2,1,73,23836,25887,1,FEASIBLE,WORSE
272,2,1,74,25524,27609,0,CAPACITY_EXCEEDED,INVALID
273,2,1,75,23946,25981,1,FEASIBLE,WORSE
274,2,1,76,24146,26220,1,FEASIBLE,WORSE
275,2,1,77,24369,26509,1,FEASIBLE,WORSE
276,2,1,78,25043,27116,1,FEASIBLE,WORSE
277,2,1,79,25523,27547,0,CAPACITY_EXCEEDED,INVALID
278,2,1,80,23769,25816,1,FEASIBLE,WORSE
279,2,1,81,25080,27110,1,FEASIBLE,WORSE
280,2,1,82,23679,25738,1,FEASIBLE,WORSE
281,2,1,83,24307,26337,1,FEASIBLE,WORSE
282,2,1,84,25054,27191,1,FEASIBLE,WORSE
283,2,1,85,25493,27550,0,CAPACITY_EXCEEDED,INVALID
284,2,1,86,23962,26011,1,FEASIBLE,WORSE
285,2,1,87,24080,26108,1,FEASIBLE,WORSE
286,2,1,88,24270,26352,1,FEASIBLE,WORSE
287,2,1,89,23992,26113,1,FEASIBLE,WORSE
288,2,1,90,25498,27596,0,CAPACITY_EXCEEDED,INVALID
289,2,1,91,24534,26626,1,FEASIBLE,WORSE
290,2,1,92,25324,27388,1,FEASIBLE,WORSE
291,2,1,93,23719,25807,1,FEASIBLE,WORSE
292,2,1,94,25427,27537,0,CAPACITY_EXCEEDED,INVALID
293,2,1,95,25281,27343,1,FEASIBLE,WORSE
294,2,1,96,25350,27393,1,FEASIBLE,WORSE
295,2,1,97,24021,26111,1,FEASIBLE,WORSE
296,2,1,98,25102,27184,1,FEASIBLE,WORSE
297,2,1,99,24967,27090,1,FEASIBLE,WORSE
298,2,2,3,24880,27003,1,FEASIBLE,WORSE
299,2,2,4,24128,26310,1,FEASIBLE,WORSE
300,2,2,5,25074,27254,1,FEASIBLE,WORSE
301,2,2,6,25276,27430,1,FEASIBLE,WORSE
302,2,2,7,25413,27565,0,CAPACITY_EXCEEDED,INVALID
303,2,2,8,24530,26702,1,FEASIBLE,WORSE
304,2,2,9,24595,26726,1,FEASIBLE,WORSE
305,2,2,10,23788,25948,1,FEASIBLE,WORSE
306,2,2,11,25057,27232,1,FEASIBLE,WORSE
307,2,2,12,25387,27475,1,FEASIBLE,WORSE
308,2,2,13,24621,26783,1,FEASIBLE,WORSE
309,2,2,14,25070,27188,1,FEASIBLE,WORSE
310,2,2,15,23902,26068,1,FEASIBLE,WORSE
311,2,2,16,24395,26505,1,FEASIBLE,WORSE
312,2,2,17,23678,25801,1,FEASIBLE,WORSE
313,2,2,18,23722,25845,1,FEASIBLE,WORSE
314,2,2,19,24593,26700,1,FEASIBLE,WORSE
315,2,2,20,24598,26774,1,FEASIBLE,WORSE
316,2,2,21,24082,26196,1,FEASIBLE,WORSE
317,2,2,22,23684,25832,1,FEASIBLE,WORSE
318,2,2,23,25006,27105,1,FEASIBLE,WORSE
319,2,2,24,24841,26927,1,FEASIBLE,WORSE
320,2,2,25,25047,27132,1,FEASIBLE,WORSE
321,2,2,26,24594,26708,1,FEASIBLE,WORSE
322,2,2,27,24846,26979,1,FEASIBLE,WORSE
323,2,2,28,25062,27167,1,FEASIBLE,WORSE
324,2,2,29,24128,26286,1,FEASIBLE,WORSE
325,2,2,30,24858,27010,1,FEASIBLE,WORSE
326,2,2,31,24855,26951,1,FEASIBLE,WORSE
327,2,2,32,24843,26958,1,FEASIBLE,WORSE
328,2,2,33,24164,26341,1,FEASIBLE,WORSE
329,2,2,34,24914,27030,1,FEASIBLE,WORSE
330,2,2,35,24602,26773,1,FEASIBLE,WORSE
331,2,2,36,23786,25926,1,FEASIBLE,WORSE
332,2,2,37,24067,26259,1,FEASIBLE,WORSE
333,2,2,38,25267,27414,1,FEASIBLE,WORSE
334,2,2,39,24438,26626,1,FEASIBLE,WORSE
335,2,2,40,25617,27704,0,CAPACITY_EXCEEDED,INVALID
336,2,2,41,25484,27644,0,CAPACITY_EXCEEDED,INVALID
337,2,2,42,24745,26912,1,FEASIBLE,WORSE
338,2,2,43,24957,27077,1,FEASIBLE,WORSE
339,2,2,44,25346,27450,1,FEASIBLE,WORSE
340,2,2,45,23912,26015,1,FEASIBLE,WORSE
341,2,2,46,23687,25868,1,FEASIBLE,WORSE
342,2,2,47,25047,27172,1,FEASIBLE,WORSE
343,2,2,48,23793,25955,1,FEASIBLE,WORSE
344,2,2,49,23953,26072,1,FEASIBLE,WORSE
345,2,2,50,24928,27015,1,FEASIBLE,WORSE
346,2,2,51,25212,27298,1,FEASIBLE,WORSE
347,2,2,52,25507,27619,0,CAPACITY_EXCEEDED,INVALID
348,2,2,53,23777,25916,1,FEASIBLE,WORSE
349,2,2,54,25130,27245,1,FEASIBLE,WORSE
350,2,2,55,24034,26176,1,FEASIBLE,WORSE
351,2,2,56,24589,26715,1,FEASIBLE,WORSE
352,2,2,57,24381,26555,1,FEASIBLE,WORSE
353,2,2,58,25422,27549,0,CAPACITY_EXCEEDED,INVALID
354,2,2,59,24209,26296,1,FEASIBLE,WORSE
355,2,2,60,24450,26573,1,FEASIBLE,WORSE
356,2,2,61,24075,26255,1,FEASIBLE,WORSE
357,2,2,62,25328,27455,1,FEASIBLE,WORSE
358,2,2,63,23949,26102,1,FEASIBLE,WORSE
359,2,2,64,24999,27161,1,FEASIBLE,WORSE
360,2,2,65,24185,26353,1,FEASIBLE,WORSE
361,2,2,66,25133,27280,1,FEASIBLE,WORSE
362,2,2,67,23845,26002,1,FEASIBLE,WORSE
363,2,2,68,25145,27239,1,FEASIBLE,WORSE
364,2,2,69,25018,27161,1,FEASIBLE,WORSE
365,2,2,70,24134,26223,1,FEASIBLE,WORSE
366,2,2,71,24594,26693,1,FEASIBLE,WORSE
367,2,2,72,24580,26762,1,FEASIBLE,WORSE
368,2,2,73,23920,26031,1,FEASIBLE,WORSE
369,2,2,74,25608,27753,0,CAPACITY_EXCEEDED,INVALID
370,2,2,75,24030,26125,1,FEASIBLE,WORSE
371,2,2,76,24230,26364,1,FEASIBLE,WORSE
372,2,2,77,24453,26653,1,FEASIBLE,WORSE
373,2,2,78,25127,27260,1,FEASIBLE,WORSE
374,2,2,79,25607,27691,0,CAPACITY_EXCEEDED,INVALID
375,2,2,80,23853,25960,1,FEASIBLE,WORSE
376,2,2,81,25164,27254,1,FEASIBLE,WORSE
377,2,2,82,23763,25882,1,FEASIBLE,WORSE
378,2,2,83,24391,26481,1,FEASIBLE,WORSE
379,2,2,84,25138,27335,1,FEASIBLE,WORSE
380,2,2,85,25577,27694,0,CAPACITY_EXCEEDED,INVALID
381,2,2,86,24046,26155,1,FEASIBLE,WORSE
382,2,2,87,24164,26252,1,FEASIBLE,WORSE
383,2,2,88,24354,26496,1,FEASIBLE,WORSE
384,2,2,89,24076,26257,1,FEASIBLE,WORSE
385,2,2,90,25582,27740,0,CAPACITY_EXCEEDED,INVALID
386,2,2,91,24618,26770,1,FEASIBLE,WORSE
387,2,2,92,25408,27532,0,CAPACITY_EXCEEDED,INVALID
388,2,2,93,23803,25951,1,FEASIBLE,WORSE
389,2,2,94,25511,27681,0,CAPACITY_EXCEEDED,INVALID
390,2,2,95,25365,27487,1,FEASIBLE,WORSE
391,2,2,96,25434,27537,0,CAPACITY_EXCEEDED,INVALID
392,2,2,97,24105,26255,1,FEASIBLE,WORSE
393,2,2,98,25186,27328,1,FEASIBLE,WORSE
394,2,2,99,25051,27234,1,FEASIBLE,WORSE
395,2,3,4,25148,27284,1,FEASIBLE,WORSE
396,2,3,5,26094,28228,0,CAPACITY_EXCEEDED,INVALID
397,2,3,6,26296,28404,0,CAPACITY_EXCEEDED,INVALID
398,2,3,7,26433,28539,0,CAPACITY_EXCEEDED,INVALID
399,2,3,8,25550,27676,0,CAPACITY_EXCEEDED,INVALID
400,2,3,9,25615,27700,0,CAPACITY_EXCEEDED,INVALID
401,2,3,10,24808,26922,1,FEASIBLE,WORSE
402,2,3,11,26077,28206,0,CAPACITY_EXCEEDED,INVALID
403,2,3,12,26407,28449,0,CAPACITY_EXCEEDED,INVALID
404,2,3,13,25641,27757,0,CAPACITY_EXCEEDED,INVALID
405,2,3,14,26090,28162,0,CAPACITY_EXCEEDED,INVALID
406,2,3,15,24922,27042,1,FEASIBLE,WORSE
407,2,3,16,25415,27479,0,CAPACITY_EXCEEDED,INVALID
408,2,3,17,24698,26775,1,FEASIBLE,WORSE
409,2,3,18,24742,26819,1,FEASIBLE,WORSE
410,2,3,19,25613,27674,0,CAPACITY_EXCEEDED,INVALID
411,2,3,20,25618,27748,0,CAPACITY_EXCEEDED,INVALID
412,2,3,21,25102,27170,1,FEASIBLE,WORSE
413,2,3,22,24704,26806,1,FEASIBLE,WORSE
414,2,3,23,26026,28079,0,CAPACITY_EXCEEDED,INVALID
415,2,3,24,25861,27901,0,CAPACITY_EXCEEDED,INVALID
416,2,3,25,26067,28106,0,CAPACITY_EXCEEDED,INVALID
417,2,3,26,25614,27682,0,CAPACITY_EXCEEDED,INVALID
418,2,3,27,25866,27953,0,CAPACITY_EXCEEDED,INVALID
419,2,3,28,26082,28141,0,CAPACITY_EXCEEDED,INVALID
420,2,3,29,25148,27260,1,FEASIBLE,WORSE
421,2,3,30,25878,27984,0,CAPACITY_EXCEEDED,INVALID
422,2,3,31,25875,27925,0,CAPACITY_EXCEEDED,INVALID
423,2,3,32,25863,27932,0,CAPACITY_EXCEEDED,INVALID
424,2,3,33,25184,27315,1,FEASIBLE,WORSE
425,2,3,34,25934,28004,0,CAPACITY_EXCEEDED,INVALID
426,2,3,35,25622,27747,0,CAPACITY_EXCEEDED,INVALID
427,2,3,36,24806,26900,1,FEASIBLE,WORSE
428,2,3,37,25087,27233,1,FEASIBLE,WORSE
429,2,3,38,26287,28388,0,CAPACITY_EXCEEDED,INVALID
430,2,3,39,25458,27600,0,CAPACITY_EXCEEDED,INVALID
431,2,3,40,26637,28678,0,CAPACITY_EXCEEDED,INVALID
432,2,3,41,26504,28618,0,CAPACITY_EXCEEDED,INVALID
433,2,3,42,25765,27886,0,CAPACITY_EXCEEDED,INVALID
434,2,3,43,25977,28051,0,CAPACITY_EXCEEDED,INVALID
435,2,3,44,26366,28424,0,CAPACITY_EXCEEDED,INVALID
436,2,3,45,24932,26989,1,FEASIBLE,WORSE
437,2,3,46,24707,26842,1,FEASIBLE,WORSE
438,2,3,47,26067,28146,0,CAPACITY_EXCEEDED,INVALID
439,2,3,48,24813,26929,1,FEASIBLE,WORSE
440,2,3,49,24973,27046,1,FEASIBLE,WORSE
441,2,3,50,25948,27989,0,CAPACITY_EXCEEDED,INVALID
442,2,3,51,26232,28272,0,CAPACITY_EXCEEDED,INVALID
443,2,3,52,26527,28593,0,CAPACITY_EXCEEDED,INVALID
444,2,3,53,24797,26890,1,FEASIBLE,WORSE
445,2,3,54,26150,28219,0,CAPACITY_EXCEEDED,INVALID
446,2,3,55,25054,27150,1,FEASIBLE,WORSE
447,2,3,56,25609,27689,0,CAPACITY_EXCEEDED,INVALID
448,2,3,57,25401,27529,0,CAPACITY_EXCEEDED,INVALID
449,2,3,58,26442,28523,0,CAPACITY_EXCEEDED,INVALID
450,2,3,59,25229,27270,1,FEASIBLE,WORSE
451,2,3,60,25470,27547,0,CAPACITY_EXCEEDED,INVALID
452,2,3,61,25095,27229,1,FEASIBLE,WORSE
453,2,3,62,26348,28429,0,CAPACITY_EXCEEDED,INVALID
454,2,3,63,24969,27076,1,FEASIBLE,WORSE
455,2,3,64,26019,28135,0,CAPACITY_EXCEEDED,INVALID
456,2,3,65,25205,27327,1,FEASIBLE,WORSE
457,2,3,66,26153,28254,0,CAPACITY_EXCEEDED,INVALID
458,2,3,67,24865,26976,1,FEASIBLE,WORSE
459,2,3,68,26165,28213,0,CAPACITY_EXCEEDED,INVALID
460,2,3,69,26038,28135,0,CAPACITY_EXCEEDED,INVALID
461,2,3,70,25154,27197,1,FEASIBLE,WORSE
462,2,3,71,25614,27667,0,CAPACITY_EXCEEDED,INVALID
463,2,3,72,25600,27736,0,CAPACITY_EXCEEDED,INVALID
464,2,3,73,24940,27005,1,FEASIBLE,WORSE
465,2,3,74,26628,28727,0,CAPACITY_EXCEEDED,INVALID
466,2,3,75,25050,27099,1,FEASIBLE,WORSE
467,2,3,76,25250,27338,1,FEASIBLE,WORSE
468,2,3,77,25473,27627,0,CAPACITY_EXCEEDED,INVALID
469,2,3,78,26147,28234,0,CAPACITY_EXCEEDED,INVALID
470,2,3,79,26627,28665,0,CAPACITY_EXCEEDED,INVALID
471,2,3,80,24873,26934,1,FEASIBLE,WORSE
472,2,3,81,26184,28228,0,CAPACITY_EXCEEDED,INVALID
473,2,3,82,24783,26856,1,FEASIBLE,WORSE
474,2,3,83,25411,27455,0,CAPACITY_EXCEEDED,INVALID
475,2,3,84,26158,28309,0,CAPACITY_EXCEEDED,INVALID
476,2,3,85,26597,28668,0,CAPACITY_EXCEEDED,INVALID
477,2,3,86,25066,27129,1,FEASIBLE,WORSE
478,2,3,87,25184,27226,1,FEASIBLE,WORSE
479,2,3,88,25374,27470,1,FEASIBLE,WORSE
480,2,3,89,25096,27231,1,FEASIBLE,WORSE
481,2,3,90,26602,28714,0,CAPACITY_EXCEEDED,INVALID
482,2,3,91,25638,27744,0,CAPACITY_EXCEEDED,INVALID
483,2,3,92,26428,28506,0,CAPACITY_EXCEEDED,INVALID
484,2,3,93,24823,26925,1,FEASIBLE,WORSE
485,2,3,94,26531,28655,0,CAPACITY_EXCEEDED,INVALID
486,2,3,95,26385,28461,0,CAPACITY_EXCEEDED,INVALID
487,2,3,96,26454,28511,0,CAPACITY_EXCEEDED,INVALID
488,2,3,97,25125,27229,1,FEASIBLE,WORSE
489,2,3,98,26206,28302,0,CAPACITY_EXCEEDED,INVALID
490,2,3,99,26071,28208,0,CAPACITY_EXCEEDED,INVALID
491,2,4,5,25342,27535,1,FEASIBLE,WORSE
492,2,4,6,25544,27711,0,CAPACITY_EXCEEDED,INVALID
493,2,4,7,25681,27846,0,CAPACITY_EXCEEDED,INVALID
494,2,4,8,24798,26983,1,FEASIBLE,WORSE
495,2,4,9,24863,27007,1,FEASIBLE,WORSE
496,2,4,10,24056,26229,1,FEASIBLE,WORSE
497,2,4,11,25325,27513,1,FEASIBLE,WORSE
498,2,4,12,25655,27756,0,CAPACITY_EXCEEDED,INVALID
499,2,4,13,24889,27064,1,FEASIBLE,WORSE
500,2,4,14,25338,27469,1,FEASIBLE,WORSE
501,2,4,15,24170,26349,1,FEASIBLE,WORSE
502,2,4,16,24663,26786,1,FEASIBLE,WORSE
503,2,4,17,23946,26082,1,FEASIBLE,WORSE
504,2,4,18,23990,26126,1,FEASIBLE,WORSE
505,2,4,19,24861,26981,1,FEASIBLE,WORSE
506,2,4,20,24866,27055,1,FEASIBLE,WORSE
507,2,4,21,24350,26477,1,FEASIBLE,WORSE
508,2,4,22,23952,26113,1,FEASIBLE,WORSE
509,2,4,23,25274,27386,1,FEASIBLE,WORSE
510,2,4,24,25109,27208,1,FEASIBLE,WORSE
511,2,4,25,25315,27413,1,FEASIBLE,WORSE
512,2,4,26,24862,26989,1,FEASIBLE,WORSE
513,2,4,27,25114,27260,1,FEASIBLE,WORSE
514,2,4,28,25330,27448,1,FEASIBLE,WORSE
515,2,4,29,24396,26567,1,FEASIBLE,WORSE
516,2,4,30,25126,27291,1,FEASIBLE,WORSE
517,2,4,31,25123,27232,1,FEASIBLE,WORSE
518,2,4,32,25111,27239,1,FEASIBLE,WORSE
519,2,4,33,24432,26622,1,FEASIBLE,WORSE
520,2,4,34,25182,27311,1,FEASIBLE,WORSE
521,2,4,35,24870,27054,1,FEASIBLE,WORSE
522,2,4,36,24054,26207,1,FEASIBLE,WORSE
523,2,4,37,24335,26540,1,FEASIBLE,WORSE
524,2,4,38,25535,27695,0,CAPACITY_EXCEEDED,INVALID
525,2,4,39,24706,26907,1,FEASIBLE,WORSE
526,2,4,40,25885,27985,0,CAPACITY_EXCEEDED,INVALID
527,2,4,41,25752,27925,0,CAPACITY_EXCEEDED,INVALID
528,2,4,42,25013,27193,1,FEASIBLE,WORSE
529,2,4,43,25225,27358,1,FEASIBLE,WORSE
530,2,4,44,25614,27731,0,CAPACITY_EXCEEDED,INVALID
531,2,4,45,24180,26296,1,FEASIBLE,WORSE
532,2,4,46,23955,26149,1,FEASIBLE,WORSE
533,2,4,47,25315,27453,1,FEASIBLE,WORSE
534,2,4,48,24061,26236,1,FEASIBLE,WORSE
535,2,4,49,24221,26353,1,FEASIBLE,WORSE
536,2,4,50,25196,27296,1,FEASIBLE,WORSE
537,2,4,51,25480,27579,0,CAPACITY_EXCEEDED,INVALID
538,2,4,52,25775,27900,0,CAPACITY_EXCEEDED,INVALID
539,2,4,53,24045,26197,1,FEASIBLE,WORSE
540,2,4,54,25398,27526,0,CAPACITY_EXCEEDED,INVALID
541,2,4,55,24302,26457,1,FEASIBLE,WORSE
542,2,4,56,24857,26996,1,FEASIBLE,WORSE
543,2,4,57,24649,26836,1,FEASIBLE,WORSE
544,2,4,58,25690,27830,0,CAPACITY_EXCEEDED,INVALID
545,2,4,59,24477,26577,1,FEASIBLE,WORSE
546,2,4,60,24718,26854,1,FEASIBLE,WORSE
547,2,4,61,24343,26536,1,FEASIBLE,WORSE
548,2,4,62,25596,27736,0,CAPACITY_EXCEEDED,INVALID
549,2,4,63,24217,26383,1,FEASIBLE,WORSE
550,2,4,64,25267,27442,1,FEASIBLE,WORSE
551,2,4,65,24453,26634,1,FEASIBLE,WORSE
552,2,4,66,25401,27561,0,CAPACITY_EXCEEDED,INVALID
553,2,4,67,24113,26283,1,FEASIBLE,WORSE
554,2,4,68,25413,27520,0,CAPACITY_EXCEEDED,INVALID
555,2,4,69,25286,27442,1,FEASIBLE,WORSE
556,2,4,70,24402,26504,1,FEASIBLE,WORSE
557,2,4,71,24862,26974,1,FEASIBLE,WORSE
558,2,4,72,24848,27043,1,FEASIBLE,WORSE
559,2,4,73,24188,26312,1,FEASIBLE,WORSE
560,2,4,74,25876,28034,0,CAPACITY_EXCEEDED,INVALID
561,2,4,75,24298,26406,1,FEASIBLE,WORSE
562,2,4,76,24498,26645,1,FEASIBLE,WORSE
563,2,4,77,24721,26934,1,FEASIBLE,WORSE
564,2,4,78,25395,27541,0,CAPACITY_EXCEEDED,INVALID
565,2,4,79,25875,27972,0,CAPACITY_EXCEEDED,INVALID
566,2,4,80,24121,26241,1,FEASIBLE,WORSE
567,2,4,81,25432,27535,0,CAPACITY_EXCEEDED,INVALID
568,2,4,82,24031,26163,1,FEASIBLE,WORSE
569,2,4,83,24659,26762,1,FEASIBLE,WORSE
570,2,4,84,25406,27616,0,CAPACITY_EXCEEDED,INVALID
571,2,4,85,25845,27975,0,CAPACITY_EXCEEDED,INVALID
572,2,4,86,24314,26436,1,FEASIBLE,WORSE
573,2,4,87,24432,26533,1,FEASIBLE,WORSE
574,2,4,88,24622,26777,1,FEASIBLE,WORSE
575,2,4,89,24344,26538,1,FEASIBLE,WORSE
576,2,4,90,25850,28021,0,CAPACITY_EXCEEDED,INVALID
577,2,4,91,24886,27051,1,FEASIBLE,WORSE
578,2,4,92,25676,27813,0,CAPACITY_EXCEEDED,INVALID
579,2,4,93,24071,26232,1,FEASIBLE,WORSE
580,2,4,94,25779,27962,0,CAPACITY_EXCEEDED,INVALID
581,2,4,95,25633,27768,0,CAPACITY_EXCEEDED,INVALID
582,2,4,96,25702,27818,0,CAPACITY_EXCEEDED,INVALID
583,2,4,97,24373,26536,1,FEASIBLE,WORSE
584,2,4,98,25454,27609,0,CAPACITY_EXCEEDED,INVALID
585,2,4,99,25319,27515,1,FEASIBLE,WORSE
586,2,5,6,26490,28655,0,CAPACITY_EXCEEDED,INVALID
587,2,5,7,26627,28790,0,CAPACITY_EXCEEDED,INVALID
588,2,5,8,25744,27927,0,CAPACITY_EXCEEDED,INVALID
589,2,5,9,25809,27951,0,CAPACITY_EXCEEDED,INVALID
590,2,5,10,25002,27173,1,FEASIBLE,WORSE
591,2,5,11,26271,28457,0,CAPACITY_EXCEEDED,INVALID
592,2,5,12,26601,28700,0,CAPACITY_EXCEEDED,INVALID
593,2,5,13,25835,28008,0,CAPACITY_EXCEEDED,INVALID
594,2,5,14,26284,28413,0,CAPACITY_EXCEEDED,INVALID
595,2,5,15,25116,27293,1,FEASIBLE,WORSE
596,2,5,16,25609,27730,0,CAPACITY_EXCEEDED,INVALID
597,2,5,17,24892,27026,1,FEASIBLE,WORSE
598,2,5,18,24936,27070,1,FEASIBLE,WORSE
599,2,5,19,25807,27925,0,CAPACITY_EXCEEDED,INVALID
600,2,5,20,25812,27999,0,CAPACITY_EXCEEDED,INVALID
601,2,5,21,25296,27421,1,FEASIBLE,WORSE
602,2,5,22,24898,27057,1,FEASIBLE,WORSE
603,2,5,23,26220,28330,0,CAPACITY_EXCEEDED,INVALID
604,2,5,24,26055,28152,0,CAPACITY_EXCEEDED,INVALID
605,2,5,25,26261,28357,0,CAPACITY_EXCEEDED,INVALID
606,2,5,26,25808,27933,0,CAPACITY_EXCEEDED,INVALID
607,2,5,27,26060,28204,0,CAPACITY_EXCEEDED,INVALID
608,2,5,28,26276,28392,0,CAPACITY_EXCEEDED,INVALID
609,2,5,29,25342,27511,1,FEASIBLE,WORSE
610,2,5,30,26072,28235,0,CAPACITY_EXCEEDED,INVALID
611,2,5,31,26069,28176,0,CAPACITY_EXCEEDED,INVALID
612,2,5,32,26057,28183,0,CAPACITY_EXCEEDED,INVALID
613,2,5,33,25378,27566,1,FEASIBLE,WORSE
614,2,5,34,26128,28255,0,CAPACITY_EXCEEDED,INVALID
615,2,5,35,25816,27998,0,CAPACITY_EXCEEDED,INVALID
616,2,5,36,25000,27151,1,FEASIBLE,WORSE
617,2,5,37,25281,27484,1,FEASIBLE,WORSE
618,2,5,38,26481,28639,0,CAPACITY_EXCEEDED,INVALID
619,2,5,39,25652,27851,0,CAPACITY_EXCEEDED,INVALID
620,2,5,40,26831,28929,0,CAPACITY_EXCEEDED,INVALID
621,2,5,41,26698,28869,0,CAPACITY_EXCEEDED,INVALID
622,2,5,42,25959,28137,0,CAPACITY_EXCEEDED,INVALID
623,2,5,43,26171,28302,0,CAPACITY_EXCEEDED,INVALID
624,2,5,44,26560,28675,0,CAPACITY_EXCEEDED,INVALID
625,2,5,45,25126,27240,1,FEASIBLE,WORSE
626,2,5,46,24901,27093,1,FEASIBLE,WORSE
627,2,5,47,26261,28397,0,CAPACITY_EXCEEDED,INVALID
628,2,5,48,25007,27180,1,FEASIBLE,WORSE
629,2,5,49,25167,27297,1,FEASIBLE,WORSE
630,2,5,50,26142,28240,0,CAPACITY_EXCEEDED,INVALID
631,2,5,51,26426,28523,0,CAPACITY_EXCEEDED,INVALID
632,2,5,52,26721,28844,0,CAPACITY_EXCEEDED,INVALID
633,2,5,53,24991,27141,1,FEASIBLE,WORSE
634,2,5,54,26344,28470,0,CAPACITY_EXCEEDED,INVALID
635,2,5,55,25248,27401,1,FEASIBLE,WORSE
636,2,5,56,25803,27940,0,CAPACITY_EXCEEDED,INVALID
637,2,5,57,25595,27780,0,CAPACITY_EXCEEDED,INVALID
638,2,5,58,26636,28774,0,CAPACITY_EXCEEDED,INVALID
639,2,5,59,25423,27521,0,CAPACITY_EXCEEDED,INVALID
640,2,5,60,25664,27798,0,CAPACITY_EXCEEDED,INVALID
641,2,5,61,25289,27480,1,FEASIBLE,WORSE
642,2,5,62,26542,28680,0,CAPACITY_EXCEEDED,INVALID
643,2,5,63,25163,27327,1,FEASIBLE,WORSE
644,2,5,64,26213,28386,0,CAPACITY_EXCEEDED,INVALID
645,2,5,65,25399,27578,0,CAPACITY_EXCEEDED,INVALID
646,2,5,66,26347,28505,0,CAPACITY_EXCEEDED,INVALID
647,2,5,67,25059,27227,1,FEASIBLE,WORSE
648,2,5,68,26359,28464,0,CAPACITY_EXCEEDED,INVALID
649,2,5,69,26232,28386,0,CAPACITY_EXCEEDED,INVALID
650,2,5,70,25348,27448,1,FEASIBLE,WORSE
651,2,5,71,25808,27918,0,CAPACITY_EXCEEDED,INVALID
652,2,5,72,25794,27987,0,CAPACITY_EXCEEDED,INVALID
653,2,5,73,25134,27256,1,FEASIBLE,WORSE
654,2,5,74,26822,28978,0,CAPACITY_EXCEEDED,INVALID
655,2,5,75,25244,27350,1,FEASIBLE,WORSE
656,2,5,76,25444,27589,0,CAPACITY_EXCEEDED,INVALID
657,2,5,77,25667,27878,0,CAPACITY_EXCEEDED,INVALID
658,2,5,78,26341,28485,0,CAPACITY_EXCEEDED,INVALID
659,2,5,79,26821,28916,0,CAPACITY_EXCEEDED,INVALID
660,2,5,80,25067,27185,1,FEASIBLE,WORSE
661,2,5,81,26378,28479,0,CAPACITY_EXCEEDED,INVALID
662,2,5,82,24977,27107,1,FEASIBLE,WORSE
663,2,5,83,25605,27706,0,CAPACITY_EXCEEDED,INVALID
664,2,5,84,26352,28560,0,CAPACITY_EXCEEDED,INVALID
665,2,5,85,26791,28919,0,CAPACITY_EXCEEDED,INVALID
666,2,5,86,25260,27380,1,FEASIBLE,WORSE
667,2,5,87,25378,27477,1,FEASIBLE,WORSE
668,2,5,88,25568,27721,0,CAPACITY_EXCEEDED,INVALID
669,2,5,89,25290,27482,1,FEASIBLE,WORSE
670,2,5,90,26796,28965,0,CAPACITY_EXCEEDED,INVALID
671,2,5,91,25832,27995,0,CAPACITY_EXCEEDED,INVALID
672,2,5,92,26622,28757,0,CAPACITY_EXCEEDED,INVALID
673,2,5,93,25017,27176,1,FEASIBLE,WORSE
674,2,5,94,26725,28906,0,CAPACITY_EXCEEDED,INVALID
675,2,5,95,26579,28712,0,CAPACITY_EXCEEDED,INVALID
676,2,5,96,26648,28762,0,CAPACITY_EXCEEDED,INVALID
677,2,5,97,25319,27480,1,FEASIBLE,WORSE
678,2,5,98,26400,28553,0,CAPACITY_EXCEEDED,INVALID
679,2,5,99,26265,28459,0,CAPACITY_EXCEEDED,INVALID
680,2,6,7,26829,28966,0,CAPACITY_EXCEEDED,INVALID
681,2,6,8,25946,28103,0,CAPACITY_EXCEEDED,INVALID
682,2,6,9,26011,28127,0,CAPACITY_EXCEEDED,INVALID
683,2,6,10,25204,27349,1,FEASIBLE,WORSE
684,2,6,11,26473,28633,0,CAPACITY_EXCEEDED,INVALID
685,2,6,12,26803,28876,0,CAPACITY_EXCEEDED,INVALID
686,2,6,13,26037,28184,0,CAPACITY_EXCEEDED,INVALID
687,2,6,14,26486,28589,0,CAPACITY_EXCEEDED,INVALID
688,2,6,15,25318,27469,1,FEASIBLE,WORSE
689,2,6,16,25811,27906,0,CAPACITY_EXCEEDED,INVALID
690,2,6,17,25094,27202,1,FEASIBLE,WORSE
691,2,6,18,25138,27246,1,FEASIBLE,WORSE
692,2,6,19,26009,28101,0,CAPACITY_EXCEEDED,INVALID
693,2,6,20,26014,28175,0,CAPACITY_EXCEEDED,INVALID
694,2,6,21,25498,27597,0,CAPACITY_EXCEEDED,INVALID
695,2,6,22,25100,27233,1,FEASIBLE,WORSE
696,2,6,23,26422,28506,0,CAPACITY_EXCEEDED,INVALID
697,2,6,24,26257,28328,0,CAPACITY_EXCEEDED,INVALID
698,2,6,25,26463,28533,0,CAPACITY_EXCEEDED,INVALID
699,2,6,26,26010,28109,0,CAPACITY_EXCEEDED,INVALID
700,2,6,27,26262,28380,0,CAPACITY_EXCEEDED,INVALID
701,2,6,28,26478,28568,0,CAPACITY_EXCEEDED,INVALID
702,2,6,29,25544,27687,0,CAPACITY_EXCEEDED,INVALID
703,2,6,30,26274,28411,0,CAPACITY_EXCEEDED,INVALID
704,2,6,31,26271,28352,0,CAPACITY_EXCEEDED,INVALID
705,2,6,32,26259,28359,0,CAPACITY_EXCEEDED,INVALID
706,2,6,33,25580,27742,0,CAPACITY_EXCEEDED,INVALID
707,2,6,34,26330,28431,0,CAPACITY_EXCEEDED,INVALID
708,2,6,35,26018,28174,0,CAPACITY_EXCEEDED,INVALID
709,2,6,36,25202,27327,1,FEASIBLE,WORSE
710,2,6,37,25483,27660,0,CAPACITY_EXCEEDED,INVALID
711,2,6,38,26683,28815,0,CAPACITY_EXCEEDED,INVALID
712,2,6,39,25854,28027,0,CAPACITY_EXCEEDED,INVALID
713,2,6,40,27033,29105,0,CAPACITY_EXCEEDED,INVALID
714,2,6,41,26900,29045,0,CAPACITY_EXCEEDED,INVALID
715,2,6,42,26161,28313,0,CAPACITY_EXCEEDED,INVALID
716,2,6,43,26373,28478,0,CAPACITY_EXCEEDED,INVALID
717,2,6,44,26762,28851,0,CAPACITY_EXCEEDED,INVALID
718,2,6,45,25328,27416,1,FEASIBLE,WORSE
719,2,6,46,25103,27269,1,FEASIBLE,WORSE
720,2,6,47,26463,28573,0,CAPACITY_EXCEEDED,INVALID
721,2,6,48,25209,27356,1,FEASIBLE,WORSE
722,2,6,49,25369,27473,1,FEASIBLE,WORSE
723,2,6,50,26344,28416,0,CAPACITY_EXCEEDED,INVALID
724,2,6,51,26628,28699,0,CAPACITY_EXCEEDED,INVALID
725,2,6,52,26923,29020,0,CAPACITY_EXCEEDED,INVALID
726,2,6,53,25193,27317,1,FEASIBLE,WORSE
727,2,6,54,26546,28646,0,CAPACITY_EXCEEDED,INVALID
728,2,6,55,25450,27577,0,CAPACITY_EXCEEDED,INVALID
729,2,6,56,26005,28116,0,CAPACITY_EXCEEDED,INVALID
730,2,6,57,25797,27956,0,CAPACITY_EXCEEDED,INVALID
731,2,6,58,26838,28950,0,CAPACITY_EXCEEDED,INVALID
732,2,6,59,25625,27697,0,CAPACITY_EXCEEDED,INVALID
733,2,6,60,25866,27974,0,CAPACITY_EXCEEDED,INVALID
734,2,6,61,25491,27656,0,CAPACITY_EXCEEDED,INVALID
735,2,6,62,26744,28856,0,CAPACITY_EXCEEDED,INVALID
736,2,6,63,25365,27503,1,FEASIBLE,WORSE
737,2,6,64,26415,28562,0,CAPACITY_EXCEEDED,INVALID
738,2,6,65,25601,27754,0,CAPACITY_EXCEEDED,INVALID
739,2,6,66,26549,28681,0,CAPACITY_EXCEEDED,INVALID
740,2,6,67,25261,27403,1,FEASIBLE,WORSE
741,2,6,68,26561,28640,0,CAPACITY_EXCEEDED,INVALID
742,2,6,69,26434,28562,0,CAPACITY_EXCEEDED,INVALID
743,2,6,70,25550,27624,0,CAPACITY_EXCEEDED,INVALID
744,2,6,71,26010,28094,0,CAPACITY_EXCEEDED,INVALID
745,2,6,72,25996,28163,0,CAPACITY_EXCEEDED,INVALID
746,2,6,73,25336,27432,1,FEASIBLE,WORSE
747,2,6,74,27024,29154,0,CAPACITY_EXCEEDED,INVALID
748,2,6,75,25446,27526,0,CAPACITY_EXCEEDED,INVALID
749,2,6,76,25646,27765,0,CAPACITY_EXCEEDED,INVALID
750,2,6,77,25869,28054,0,CAPACITY_EXCEEDED,INVALID
751,2,6,78,26543,28661,0,CAPACITY_EXCEEDED,INVALID
752,2,6,79,27023,29092,0,CAPACITY_EXCEEDED,INVALID
753,2,6,80,25269,27361,1,FEASIBLE,WORSE
754,2,6,81,26580,28655,0,CAPACITY_EXCEEDED,INVALID
755,2,6,82,25179,27283,1,FEASIBLE,WORSE
756,2,6,83,25807,27882,0,CAPACITY_EXCEEDED,INVALID
757,2,6,84,26554,28736,0,CAPACITY_EXCEEDED,INVALID
758,2,6,85,26993,29095,0,CAPACITY_EXCEEDED,INVALID
759,2,6,86,25462,27556,0,CAPACITY_EXCEEDED,INVALID
760,2,6,87,25580,27653,0,CAPACITY_EXCEEDED,INVALID
761,2,6,88,25770,27897,0,CAPACITY_EXCEEDED,INVALID
762,2,6,89,25492,27658,0,CAPACITY_EXCEEDED,INVALID
763,2,6,90,26998,29141,0,CAPACITY_EXCEEDED,INVALID
764,2,6,91,26034,28171,0,CAPACITY_EXCEEDED,INVALID
765,2,6,92,26824,28933,0,CAPACITY_EXCEEDED,INVALID
766,2,6,93,25219,27352,1,FEASIBLE,WORSE
767,2,6,94,26927,29082,0,CAPACITY_EXCEEDED,INVALID
768,2,6,95,26781,28888,0,CAPACITY_EXCEEDED,INVALID
769,2,6,96,26850,28938,0,CAPACITY_EXCEEDED,INVALID
770,2,6,97,25521,27656,0,CAPACITY_EXCEEDED,INVALID
771,2,6,98,26602,28729,0,CAPACITY_EXCEEDED,INVALID
772,2,6,99,26467,28635,0,CAPACITY_EXCEEDED,INVALID
773,2,7,8,26083,28238,0,CAPACITY_EXCEEDED,INVALID
774,2,7,9,26148,28262,0,CAPACITY_EXCEEDED,INVALID
775,2,7,10,25341,27484,1,FEASIBLE,WORSE
776,2,7,11,26610,28768,0,CAPACITY_EXCEEDED,INVALID
777,2,7,12,26940,29011,0,CAPACITY_EXCEEDED,INVALID
778,2,7,13,26174,28319,0,CAPACITY_EXCEEDED,INVALID
779,2,7,14,26623,28724,0,CAPACITY_EXCEEDED,INVALID
780,2,7,15,25455,27604,0,CAPACITY_EXCEEDED,INVALID
781,2,7,16,25948,28041,0,CAPACITY_EXCEEDED,INVALID
782,2,7,17,25231,27337,1,FEASIBLE,WORSE
783,2,7,18,25275,27381,1,FEASIBLE,WORSE
784,2,7,19,26146,28236,0,CAPACITY_EXCEEDED,INVALID
785,2,7,20,26151,28310,0,CAPACITY_EXCEEDED,INVALID
786,2,7,21,25635,27732,0,CAPACITY_EXCEEDED,INVALID
787,2,7,22,25237,27368,1,FEASIBLE,WORSE
788,2,7,23,26559,28641,0,CAPACITY_EXCEEDED,INVALID
789,2,7,24,26394,28463,0,CAPACITY_EXCEEDED,INVALID
790,2,7,25,26600,28668,0,CAPACITY_EXCEEDED,INVALID
791,2,7,26,26147,28244,0,CAPACITY_EXCEEDED,INVALID
792,2,7,27,26399,28515,0,CAPACITY_EXCEEDED,INVALID
793,2,7,28,26615,28703,0,CAPACITY_EXCEEDED,INVALID
794,2,7,29,25681,27822,0,CAPACITY_EXCEEDED,INVALID
795,2,7,30,26411,28546,0,CAPACITY_EXCEEDED,INVALID
796,2,7,31,26408,28487,0,CAPACITY_EXCEEDED,INVALID
797,2,7,32,26396,28494,0,CAPACITY_EXCEEDED,INVALID
798,2,7,33,25717,27877,0,CAPACITY_EXCEEDED,INVALID
799,2,7,34,26467,28566,0,CAPACITY_EXCEEDED,INVALID
800,2,7,35,26155,28309,0,CAPACITY_EXCEEDED,INVALID
801,2,7,36,25339,27462,1,FEASIBLE,WORSE
802,2,7,37,25620,27795,0,CAPACITY_EXCEEDED,INVALID
803,2,7,38,26820,28950,0,CAPACITY_EXCEEDED,INVALID
804,2,7,39,25991,28162,0,CAPACITY_EXCEEDED,INVALID
805,2,7,40,27170,29240,0,CAPACITY_EXCEEDED,INVALID
806,2,7,41,27037,29180,0,CAPACITY_EXCEEDED,INVALID
807,2,7,42,26298,28448,0,CAPACITY_EXCEEDED,INVALID
808,2,7,43,26510,28613,0,CAPACITY_EXCEEDED,INVALID
809,2,7,44,26899,28986,0,CAPACITY_EXCEEDED,INVALID
810,2,7,45,25465,27551,0,CAPACITY_EXCEEDED,INVALID
811,2,7,46,25240,27404,1,FEASIBLE,WORSE
812,2,7,47,26600,28708,0,CAPACITY_EXCEEDED,INVALID
813,2,7,48,25346,27491,1,FEASIBLE,WORSE
814,2,7,49,25506,27608,0,CAPACITY_EXCEEDED,INVALID
815,2,7,50,26481,28551,0,CAPACITY_EXCEEDED,INVALID
816,2,7,51,26765,28834,0,CAPACITY_EXCEEDED,INVALID
817,2,7,52,27060,29155,0,CAPACITY_EXCEEDED,INVALID
818,2,7,53,25330,27452,1,FEASIBLE,WORSE
819,2,7,54,26683,28781,0,CAPACITY_EXCEEDED,INVALID
820,2,7,55,25587,27712,0,CAPACITY_EXCEEDED,INVALID
821,2,7,56,26142,28251,0,CAPACITY_EXCEEDED,INVALID
822,2,7,57,25934,28091,0,CAPACITY_EXCEEDED,INVALID
823,2,7,58,26975,29085,0,CAPACITY_EXCEEDED,INVALID
824,2,7,59,25762,27832,0,CAPACITY_EXCEEDED,INVALID
825,2,7,60,26003,28109,0,CAPACITY_EXCEEDED,INVALID
826,2,7,61,25628,27791,0,CAPACITY_EXCEEDED,INVALID
827,2,7,62,26881,28991,0,CAPACITY_EXCEEDED,INVALID
828,2,7,63,25502,27638,0,CAPACITY_EXCEEDED,INVALID
829,2,7,64,26552,28697,0,CAPACITY_EXCEEDED,INVALID
830,2,7,65,25738,27889,0,CAPACITY_EXCEEDED,INVALID
831,2,7,66,26686,28816,0,CAPACITY_EXCEEDED,INVALID
832,2,7,67,25398,27538,0,CAPACITY_EXCEEDED,INVALID
833,2,7,68,26698,28775,0,CAPACITY_EXCEEDED,INVALID
834,2,7,69,26571,28697,0,CAPACITY_EXCEEDED,INVALID
835,2,7,70,25687,27759,0,CAPACITY_EXCEEDED,INVALID
836,2,7,71,26147,28229,0,CAPACITY_EXCEEDED,INVALID
837,2,7,72,26133,28298,0,CAPACITY_EXCEEDED,INVALID
838,2,7,73,25473,27567,0,CAPACITY_EXCEEDED,INVALID
839,2,7,74,27161,29289,0,CAPACITY_EXCEEDED,INVALID
840,2,7,75,25583,27661,0,CAPACITY_EXCEEDED,INVALID
841,2,7,76,25783,27900,0,CAPACITY_EXCEEDED,INVALID
842,2,7,77,26006,28189,0,CAPACITY_EXCEEDED,INVALID
843,2,7,78,26680,28796,0,CAPACITY_EXCEEDED,INVALID
844,2,7,79,27160,29227,0,CAPACITY_EXCEEDED,INVALID
845,2,7,80,25406,27496,0,CAPACITY_EXCEEDED,INVALID
846,2,7,81,26717,28790,0,CAPACITY_EXCEEDED,INVALID
847,2,7,82,25316,27418,1,FEASIBLE,WORSE
848,2,7,83,25944,28017,0,CAPACITY_EXCEEDED,INVALID
849,2,7,84,26691,28871,0,CAPACITY_EXCEEDED,INVALID
850,2,7,85,27130,29230,0,CAPACITY_EXCEEDED,INVALID
851,2,7,86,25599,27691,0,CAPACITY_EXCEEDED,INVALID
852,2,7,87,25717,27788,0,CAPACITY_EXCEEDED,INVALID
853,2,7,88,25907,28032,0,CAPACITY_EXCEEDED,INVALID
854,2,7,89,25629,27793,0,CAPACITY_EXCEEDED,INVALID
855,2,7,90,27135,29276,0,CAPACITY_EXCEEDED,INVALID
856,2,7,91,26171,28306,0,CAPACITY_EXCEEDED,INVALID
857,2,7,92,26961,29068,0,CAPACITY_EXCEEDED,INVALID
858,2,7,93,25356,27487,1,FEASIBLE,WORSE
859,2,7,94,27064,29217,0,CAPACITY_EXCEEDED,INVALID
860,2,7,95,26918,29023,0,CAPACITY_EXCEEDED,INVALID
861,2,7,96,26987,29073,0,CAPACITY_EXCEEDED,INVALID
862,2,7,97,25658,27791,0,CAPACITY_EXCEEDED,INVALID
863,2,7,98,26739,28864,0,CAPACITY_EXCEEDED,INVALID
864,2,7,99,26604,28770,0,CAPACITY_EXCEEDED,INVALID
865,2,8,9,25265,27399,1,FEASIBLE,WORSE
866,2,8,10,24458,26621,1,FEASIBLE,WORSE
867,2,8,11,25727,27905,0,CAPACITY_EXCEEDED,INVALID
868,2,8,12,26057,28148,0,CAPACITY_EXCEEDED,INVALID
869,2,8,13,25291,27456,1,FEASIBLE,WORSE
870,2,8,14,25740,27861,0,CAPACITY_EXCEEDED,INVALID
871,2,8,15,24572,26741,1,FEASIBLE,WORSE
872,2,8,16,25065,27178,1,FEASIBLE,WORSE
873,2,8,17,24348,26474,1,FEASIBLE,WORSE
874,2,8,18,24392,26518,1,FEASIBLE,WORSE
875,2,8,19,25263,27373,1,FEASIBLE,WORSE
876,2,8,20,25268,27447,1,FEASIBLE,WORSE
877,2,8,21,24752,26869,1,FEASIBLE,WORSE
878,2,8,22,24354,26505,1,FEASIBLE,WORSE
879,2,8,23,25676,27778,0,CAPACITY_EXCEEDED,INVALID
880,2,8,24,25511,27600,0,CAPACITY_EXCEEDED,INVALID
881,2,8,25,25717,27805,0,CAPACITY_EXCEEDED,INVALID
882,2,8,26,25264,27381,1,FEASIBLE,WORSE
883,2,8,27,25516,27652,0,CAPACITY_EXCEEDED,INVALID
884,2,8,28,25732,27840,0,CAPACITY_EXCEEDED,INVALID
885,2,8,29,24798,26959,1,FEASIBLE,WORSE
886,2,8,30,25528,27683,0,CAPACITY_EXCEEDED,INVALID
887,2,8,31,25525,27624,0,CAPACITY_EXCEEDED,INVALID
888,2,8,32,25513,27631,0,CAPACITY_EXCEEDED,INVALID
889,2,8,33,24834,27014,1,FEASIBLE,WORSE
890,2,8,34,25584,27703,0,CAPACITY_EXCEEDED,INVALID
891,2,8,35,25272,27446,1,FEASIBLE,WORSE
892,2,8,36,24456,26599,1,FEASIBLE,WORSE
893,2,8,37,24737,26932,1,FEASIBLE,WORSE
894,2,8,38,25937,28087,0,CAPACITY_EXCEEDED,INVALID
895,2,8,39,25108,27299,1,FEASIBLE,WORSE
896,2,8,40,26287,28377,0,CAPACITY_EXCEEDED,INVALID
897,2,8,41,26154,28317,0,CAPACITY_EXCEEDED,INVALID
898,2,8,42,25415,27585,0,CAPACITY_EXCEEDED,INVALID
899,2,8,43,25627,27750,0,CAPACITY_EXCEEDED,INVALID
900,2,8,44,26016,28123,0,CAPACITY_EXCEEDED,INVALID
901,2,8,45,24582,26688,1,FEASIBLE,WORSE
902,2,8,46,24357,26541,1,FEASIBLE,WORSE
903,2,8,47,25717,27845,0,CAPACITY_EXCEEDED,INVALID
904,2,8,48,24463,26628,1,FEASIBLE,WORSE
905,2,8,49,24623,26745,1,FEASIBLE,WORSE
906,2,8,50,25598,27688,0,CAPACITY_EXCEEDED,INVALID
907,2,8,51,25882,27971,0,CAPACITY_EXCEEDED,INVALID
908,2,8,52,26177,28292,0,CAPACITY_EXCEEDED,INVALID
909,2,8,53,24447,26589,1,FEASIBLE,WORSE
910,2,8,54,25800,27918,0,CAPACITY_EXCEEDED,INVALID
911,2,8,55,24704,26849,1,FEASIBLE,WORSE
912,2,8,56,25259,27388,1,FEASIBLE,WORSE
913,2,8,57,25051,27228,1,FEASIBLE,WORSE
914,2,8,58,26092,28222,0,CAPACITY_EXCEEDED,INVALID
915,2,8,59,24879,26969,1,FEASIBLE,WORSE
916,2,8,60,25120,27246,1,FEASIBLE,WORSE
917,2,8,61,24745,26928,1,FEASIBLE,WORSE
918,2,8,62,25998,28128,0,CAPACITY_EXCEEDED,INVALID
919,2,8,63,24619,26775,1,FEASIBLE,WORSE
920,2,8,64,25669,27834,0,CAPACITY_EXCEEDED,INVALID
921,2,8,65,24855,27026,1,FEASIBLE,WORSE
922,2,8,66,25803,27953,0,CAPACITY_EXCEEDED,INVALID
923,2,8,67,24515,26675,1,FEASIBLE,WORSE
924,2,8,68,25815,27912,0,CAPACITY_EXCEEDED,INVALID
925,2,8,69,25688,27834,0,CAPACITY_EXCEEDED,INVALID
926,2,8,70,24804,26896,1,FEASIBLE,WORSE
927,2,8,71,25264,27366,1,FEASIBLE,WORSE
928,2,8,72,25250,27435,1,FEASIBLE,WORSE
929,2,8,73,24590,26704,1,FEASIBLE,WORSE
930,2,8,74,26278,28426,0,CAPACITY_EXCEEDED,INVALID
931,2,8,75,24700,26798,1,FEASIBLE,WORSE
932,2,8,76,24900,27037,1,FEASIBLE,WORSE
933,2,8,77,25123,27326,1,FEASIBLE,WORSE
934,2,8,78,25797,27933,0,CAPACITY_EXCEEDED,INVALID
935,2,8,79,26277,28364,0,CAPACITY_EXCEEDED,INVALID
936,2,8,80,24523,26633,1,FEASIBLE,WORSE
937,2,8,81,25834,27927,0,CAPACITY_EXCEEDED,INVALID
938,2,8,82,24433,26555,1,FEASIBLE,WORSE
939,2,8,83,25061,27154,1,FEASIBLE,WORSE
940,2,8,84,25808,28008,0,CAPACITY_EXCEEDED,INVALID
941,2,8,85,26247,28367,0,CAPACITY_EXCEEDED,INVALID
942,2,8,86,24716,26828,1,FEASIBLE,WORSE
943,2,8,87,24834,26925,1,FEASIBLE,WORSE
944,2,8,88,25024,27169,1,FEASIBLE,WORSE
945,2,8,89,24746,26930,1,FEASIBLE,WORSE
946,2,8,90,26252,28413,0,CAPACITY_EXCEEDED,INVALID
947,2,8,91,25288,27443,1,FEASIBLE,WORSE
948,2,8,92,26078,28205,0,CAPACITY_EXCEEDED,INVALID
949,2,8,93,24473,26624,1,FEASIBLE,WORSE
950,2,8,94,26181,28354,0,CAPACITY_EXCEEDED,INVALID
951,2,8,95,26035,28160,0,CAPACITY_EXCEEDED,INVALID
952,2,8,96,26104,28210,0,CAPACITY_EXCEEDED,INVALID
953,2,8,97,24775,26928,1,FEASIBLE,WORSE
954,2,8,98,25856,28001,0,CAPACITY_EXCEEDED,INVALID
955,2,8,99,25721,27907,0,CAPACITY_EXCEEDED,INVALID
956,2,9,10,24523,26645,1,FEASIBLE,WORSE
957,2,9,11,25792,27929,0,CAPACITY_EXCEEDED,INVALID
958,2,9,12,26122,28172,0,CAPACITY_EXCEEDED,INVALID
959,2,9,13,25356,27480,1,FEASIBLE,WORSE
960,2,9,14,25805,27885,0,CAPACITY_EXCEEDED,INVALID
961,2,9,15,24637,26765,1,FEASIBLE,WORSE
962,2,9,16,25130,27202,1,FEASIBLE,WORSE
963,2,9,17,24413,26498,1,FEASIBLE,WORSE
964,2,9,18,24457,26542,1,FEASIBLE,WORSE
965,2,9,19,25328,27397,1,FEASIBLE,WORSE
966,2,9,20,25333,27471,1,FEASIBLE,WORSE
967,2,9,21,24817,26893,1,FEASIBLE,WORSE
968,2,9,22,24419,26529,1,FEASIBLE,WORSE
969,2,9,23,25741,27802,0,CAPACITY_EXCEEDED,INVALID
970,2,9,24,25576,27624,0,CAPACITY_EXCEEDED,INVALID
971,2,9,25,25782,27829,0,CAPACITY_EXCEEDED,INVALID
972,2,9,26,25329,27405,1,FEASIBLE,WORSE
973,2,9,27,25581,27676,0,CAPACITY_EXCEEDED,INVALID
974,2,9,28,25797,27864,0,CAPACITY_EXCEEDED,INVALID
975,2,9,29,24863,26983,1,FEASIBLE,WORSE
976,2,9,30,25593,27707,0,CAPACITY_EXCEEDED,INVALID
977,2,9,31,25590,27648,0,CAPACITY_EXCEEDED,INVALID
978,2,9,32,25578,27655,0,CAPACITY_EXCEEDED,INVALID
979,2,9,33,24899,27038,1,FEASIBLE,WORSE
980,2,9,34,25649,27727,0,CAPACITY_EXCEEDED,INVALID
981,2,9,35,25337,27470,1,FEASIBLE,WORSE
982,2,9,36,24521,26623,1,FEASIBLE,WORSE
983,2,9,37,24802,26956,1,FEASIBLE,WORSE
984,2,9,38,26002,28111,0,CAPACITY_EXCEEDED,INVALID
985,2,9,39,25173,27323,1,FEASIBLE,WORSE
986,2,9,40,26352,28401,0,CAPACITY_EXCEEDED,INVALID
987,2,9,41,26219,28341,0,CAPACITY_EXCEEDED,INVALID
988,2,9,42,25480,27609,0,CAPACITY_EXCEEDED,INVALID
989,2,9,43,25692,27774,0,CAPACITY_EXCEEDED,INVALID
990,2,9,44,26081,28147,0,CAPACITY_EXCEEDED,INVALID
991,2,9,45,24647,26712,1,FEASIBLE,WORSE
992,2,9,46,24422,26565,1,FEASIBLE,WORSE
993,2,9,47,25782,27869,0,CAPACITY_EXCEEDED,INVALID
994,2,9,48,24528,26652,1,FEASIBLE,WORSE
995,2,9,49,24688,26769,1,FEASIBLE,WORSE
996,2,9,50,25663,27712,0,CAPACITY_EXCEEDED,INVALID
997,2,9,51,25947,27995,0,CAPACITY_EXCEEDED,INVALID
998,2,9,52,26242,28316,0,CAPACITY_EXCEEDED,INVALID
999,2,9,53,24512,26613,1,FEASIBLE,WORSE
1000,2,9,54,25865,27942,0,CAPACITY_EXCEEDED,INVALID
1001,2,9,55,24769,26873,1,FEASIBLE,WORSE
1002,2,9,56,25324,27412,1,FEASIBLE,WORSE
1003,2,9,57,25116,27252,1,FEASIBLE,WORSE
1004,2,9,58,26157,28246,0,CAPACITY_EXCEEDED,INVALID
1005,2,9,59,24944,26993,1,FEASIBLE,WORSE
1006,2,9,60,25185,27270,1,FEASIBLE,WORSE
1007,2,9,61,24810,26952,1,FEASIBLE,WORSE
1008,2,9,62,26063,28152,0,CAPACITY_EXCEEDED,INVALID
1009,2,9,63,24684,26799,1,FEASIBLE,WORSE
1010,2,9,64,25734,27858,0,CAPACITY_EXCEEDED,INVALID
1011,2,9,65,24920,27050,1,FEASIBLE,WORSE
1012,2,9,66,25868,27977,0,CAPACITY_EXCEEDED,INVALID
1013,2,9,67,24580,26699,1,FEASIBLE,WORSE
1014,2,9,68,25880,27936,0,CAPACITY_EXCEEDED,INVALID
1015,2,9,69,25753,27858,0,CAPACITY_EXCEEDED,INVALID
1016,2,9,70,24869,26920,1,FEASIBLE,WORSE
1017,2,9,71,25329,27390,1,FEASIBLE,WORSE
1018,2,9,72,25315,27459,1,FEASIBLE,WORSE
1019,2,9,73,24655,26728,1,FEASIBLE,WORSE
1020,2,9,74,26343,28450,0,CAPACITY_EXCEEDED,INVALID
1021,2,9,75,24765,26822,1,FEASIBLE,WORSE
1022,2,9,76,24965,27061,1,FEASIBLE,WORSE
1023,2,9,77,25188,27350,1,FEASIBLE,WORSE
1024,2,9,78,25862,27957,0,CAPACITY_EXCEEDED,INVALID
1025,2,9,79,26342,28388,0,CAPACITY_EXCEEDED,INVALID
1026,2,9,80,24588,26657,1,FEASIBLE,WORSE
1027,2,9,81,25899,27951,0,CAPACITY_EXCEEDED,INVALID
1028,2,9,82,24498,26579,1,FEASIBLE,WORSE
1029,2,9,83,25126,27178,1,FEASIBLE,WORSE
1030,2,9,84,25873,28032,0,CAPACITY_EXCEEDED,INVALID
1031,2,9,85,26312,28391,0,CAPACITY_EXCEEDED,INVALID
1032,2,9,86,24781,26852,1,FEASIBLE,WORSE
1033,2,9,87,24899,26949,1,FEASIBLE,WORSE
1034,2,9,88,25089,27193,1,FEASIBLE,WORSE
1035,2,9,89,24811,26954,1,FEASIBLE,WORSE
1036,2,9,90,26317,28437,0,CAPACITY_EXCEEDED,INVALID
1037,2,9,91,25353,27467,1,FEASIBLE,WORSE
1038,2,9,92,26143,28229,0,CAPACITY_EXCEEDED,INVALID
1039,2,9,93,24538,26648,1,FEASIBLE,WORSE
1040,2,9,94,26246,28378,0,CAPACITY_EXCEEDED,INVALID
1041,2,9,95,26100,28184,0,CAPACITY_EXCEEDED,INVALID
1042,2,9,96,26169,28234,0,CAPACITY_EXCEEDED,INVALID
1043,2,9,97,24840,26952,1,FEASIBLE,WORSE
1044,2,9,98,25921,28025,0,CAPACITY_EXCEEDED,INVALID
1045,2,9,99,25786,27931,0,CAPACITY_EXCEEDED,INVALID
1046,2,10,11,24985,27151,1,FEASIBLE,WORSE
1047,2,10,12,25315,27394,1,FEASIBLE,WORSE
1048,2,10,13,24549,26702,1,FEASIBLE,WORSE
1049,2,10,14,24998,27107,1,FEASIBLE,WORSE
1050,2,10,15,23830,25987,1,FEASIBLE,WORSE
1051,2,10,16,24323,26424,1,FEASIBLE,WORSE
1052,2,10,17,23606,25720,1,FEASIBLE,WORSE
1053,2,10,18,23650,25764,1,FEASIBLE,WORSE
1054,2,10,19,24521,26619,1,FEASIBLE,WORSE
1055,2,10,20,24526,26693,1,FEASIBLE,WORSE
1056,2,10,21,24010,26115,1,FEASIBLE,WORSE
1057,2,10,22,23612,25751,1,FEASIBLE,WORSE
1058,2,10,23,24934,27024,1,FEASIBLE,WORSE
1059,2,10,24,24769,26846,1,FEASIBLE,WORSE
1060,2,10,25,24975,27051,1,FEASIBLE,WORSE
1061,2,10,26,24522,26627,1,FEASIBLE,WORSE
1062,2,10,27,24774,26898,1,FEASIBLE,WORSE
1063,2,10,28,24990,27086,1,FEASIBLE,WORSE
1064,2,10,29,24056,26205,1,FEASIBLE,WORSE
1065,2,10,30,24786,26929,1,FEASIBLE,WORSE
1066,2,10,31,24783,26870,1,FEASIBLE,WORSE
1067,2,10,32,24771,26877,1,FEASIBLE,WORSE
1068,2,10,33,24092,26260,1,FEASIBLE,WORSE
1069,2,10,34,24842,26949,1,FEASIBLE,WORSE
1070,2,10,35,24530,26692,1,FEASIBLE,WORSE
1071,2,10,36,23714,25845,1,FEASIBLE,WORSE
1072,2,10,37,23995,26178,1,FEASIBLE,WORSE
1073,2,10,38,25195,27333,1,FEASIBLE,WORSE
1074,2,10,39,24366,26545,1,FEASIBLE,WORSE
1075,2,10,40,25545,27623,0,CAPACITY_EXCEEDED,INVALID
1076,2,10,41,25412,27563,0,CAPACITY_EXCEEDED,INVALID
1077,2,10,42,24673,26831,1,FEASIBLE,WORSE
1078,2,10,43,24885,26996,1,FEASIBLE,WORSE
1079,2,10,44,25274,27369,1,FEASIBLE,WORSE
1080,2,10,45,23840,25934,1,FEASIBLE,WORSE
1081,2,10,46,23615,25787,1,FEASIBLE,WORSE
1082,2,10,47,24975,27091,1,FEASIBLE,WORSE
1083,2,10,48,23721,25874,1,FEASIBLE,WORSE
1084,2,10,49,23881,25991,1,FEASIBLE,WORSE
1085,2,10,50,24856,26934,1,FEASIBLE,WORSE
1086,2,10,51,25140,27217,1,FEASIBLE,WORSE
1087,2,10,52,25435,27538,0,CAPACITY_EXCEEDED,INVALID
1088,2,10,53,23705,25835,1,FEASIBLE,WORSE
1089,2,10,54,25058,27164,1,FEASIBLE,WORSE
1090,2,10,55,23962,26095,1,FEASIBLE,WORSE
1091,2,10,56,24517,26634,1,FEASIBLE,WORSE
1092,2,10,57,24309,26474,1,FEASIBLE,WORSE
1093,2,10,58,25350,27468,1,FEASIBLE,WORSE
1094,2,10,59,24137,26215,1,FEASIBLE,WORSE
1095,2,10,60,24378,26492,1,FEASIBLE,WORSE
1096,2,10,61,24003,26174,1,FEASIBLE,WORSE
1097,2,10,62,25256,27374,1,FEASIBLE,WORSE
1098,2,10,63,23877,26021,1,FEASIBLE,WORSE
1099,2,10,64,24927,27080,1,FEASIBLE,WORSE
1100,2,10,65,24113,26272,1,FEASIBLE,WORSE
1101,2,10,66,25061,27199,1,FEASIBLE,WORSE
1102,2,10,67,23773,25921,1,FEASIBLE,WORSE
1103,2,10,68,25073,27158,1,FEASIBLE,WORSE
1104,2,10,69,24946,27080,1,FEASIBLE,WORSE
1105,2,10,70,24062,26142,1,FEASIBLE,WORSE
1106,2,10,71,24522,26612,1,FEASIBLE,WORSE
1107,2,10,72,24508,26681,1,FEASIBLE,WORSE
1108,2,10,73,23848,25950,1,FEASIBLE,WORSE
1109,2,10,74,25536,27672,0,CAPACITY_EXCEEDED,INVALID
1110,2,10,75,23958,26044,1,FEASIBLE,WORSE
1111,2,10,76,24158,26283,1,FEASIBLE,WORSE
1112,2,10,77,24381,26572,1,FEASIBLE,WORSE
1113,2,10,78,25055,27179,1,FEASIBLE,WORSE
1114,2,10,79,25535,27610,0,CAPACITY_EXCEEDED,INVALID
1115,2,10,80,23781,25879,1,FEASIBLE,WORSE
1116,2,10,81,25092,27173,1,FEASIBLE,WORSE
1117,2,10,82,23691,25801,1,FEASIBLE,WORSE
1118,2,10,83,24319,26400,1,FEASIBLE,WORSE
1119,2,10,84,25066,27254,1,FEASIBLE,WORSE
1120,2,10,85,25505,27613,0,CAPACITY_EXCEEDED,INVALID
1121,2,10,86,23974,26074,1,FEASIBLE,WORSE
1122,2,10,87,24092,26171,1,FEASIBLE,WORSE
1123,2,10,88,24282,26415,1,FEASIBLE,WORSE
1124,2,10,89,24004,26176,1,FEASIBLE,WORSE
1125,2,10,90,25510,27659,0,CAPACITY_EXCEEDED,INVALID
1126,2,10,91,24546,26689,1,FEASIBLE,WORSE
1127,2,10,92,25336,27451,1,FEASIBLE,WORSE
1128,2,10,93,23731,25870,1,FEASIBLE,WORSE
1129,2,10,94,25439,27600,0,CAPACITY_EXCEEDED,INVALID
1130,2,10,95,25293,27406,1,FEASIBLE,WORSE
1131,2,10,96,25362,27456,1,FEASIBLE,WORSE
1132,2,10,97,24033,26174,1,FEASIBLE,WORSE
1133,2,10,98,25114,27247,1,FEASIBLE,WORSE
1134,2,10,99,24979,27153,1,FEASIBLE,WORSE
1135,2,11,12,26584,28678,0,CAPACITY_EXCEEDED,INVALID
1136,2,11,13,25818,27986,0,CAPACITY_EXCEEDED,INVALID
1137,2,11,14,26267,28391,0,CAPACITY_EXCEEDED,INVALID
1138,2,11,15,25099,27271,1,FEASIBLE,WORSE
1139,2,11,16,25592,27708,0,CAPACITY_EXCEEDED,INVALID
1140,2,11,17,24875,27004,1,FEASIBLE,WORSE
1141,2,11,18,24919,27048,1,FEASIBLE,WORSE
1142,2,11,19,25790,27903,0,CAPACITY_EXCEEDED,INVALID
1143,2,11,20,25795,27977,0,CAPACITY_EXCEEDED,INVALID
1144,2,11,21,25279,27399,1,FEASIBLE,WORSE
1145,2,11,22,24881,27035,1,FEASIBLE,WORSE
1146,2,11,23,26203,28308,0,CAPACITY_EXCEEDED,INVALID
1147,2,11,24,26038,28130,0,CAPACITY_EXCEEDED,INVALID
1148,2,11,25,26244,28335,0,CAPACITY_EXCEEDED,INVALID
1149,2,11,26,25791,27911,0,CAPACITY_EXCEEDED,INVALID
1150,2,11,27,26043,28182,0,CAPACITY_EXCEEDED,INVALID
1151,2,11,28,26259,28370,0,CAPACITY_EXCEEDED,INVALID
1152,2,11,29,25325,27489,1,FEASIBLE,WORSE
1153,2,11,30,26055,28213,0,CAPACITY_EXCEEDED,INVALID
1154,2,11,31,26052,28154,0,CAPACITY_EXCEEDED,INVALID
1155,2,11,32,26040,28161,0,CAPACITY_EXCEEDED,INVALID
1156,2,11,33,25361,27544,1,FEASIBLE,WORSE
1157,2,11,34,26111,28233,0,CAPACITY_EXCEEDED,INVALID
1158,2,11,35,25799,27976,0,CAPACITY_EXCEEDED,INVALID
1159,2,11,36,24983,27129,1,FEASIBLE,WORSE
1160,2,11,37,25264,27462,1,FEASIBLE,WORSE
1161,2,11,38,26464,28617,0,CAPACITY_EXCEEDED,INVALID
1162,2,11,39,25635,27829,0,CAPACITY_EXCEEDED,INVALID
1163,2,11,40,26814,28907,0,CAPACITY_EXCEEDED,INVALID
1164,2,11,41,26681,28847,0,CAPACITY_EXCEEDED,INVALID
1165,2,11,42,25942,28115,0,CAPACITY_EXCEEDED,INVALID
1166,2,11,43,26154,28280,0,CAPACITY_EXCEEDED,INVALID
1167,2,11,44,26543,28653,0,CAPACITY_EXCEEDED,INVALID
1168,2,11,45,25109,27218,1,FEASIBLE,WORSE
1169,2,11,46,24884,27071,1,FEASIBLE,WORSE
1170,2,11,47,26244,28375,0,CAPACITY_EXCEEDED,INVALID
1171,2,11,48,24990,27158,1,FEASIBLE,WORSE
1172,2,11,49,25150,27275,1,FEASIBLE,WORSE
1173,2,11,50,26125,28218,0,CAPACITY_EXCEEDED,INVALID
1174,2,11,51,26409,28501,0,CAPACITY_EXCEEDED,INVALID
1175,2,11,52,26704,28822,0,CAPACITY_EXCEEDED,INVALID
1176,2,11,53,24974,27119,1,FEASIBLE,WORSE
1177,2,11,54,26327,28448,0,CAPACITY_EXCEEDED,INVALID
1178,2,11,55,25231,27379,1,FEASIBLE,WORSE
1179,2,11,56,25786,27918,0,CAPACITY_EXCEEDED,INVALID
1180,2,11,57,25578,27758,0,CAPACITY_EXCEEDED,INVALID
1181,2,11,58,26619,28752,0,CAPACITY_EXCEEDED,INVALID
1182,2,11,59,25406,27499,0,CAPACITY_EXCEEDED,INVALID
1183,2,11,60,25647,27776,0,CAPACITY_EXCEEDED,INVALID
1184,2,11,61,25272,27458,1,FEASIBLE,WORSE
1185,2,11,62,26525,28658,0,CAPACITY_EXCEEDED,INVALID
1186,2,11,63,25146,27305,1,FEASIBLE,WORSE
1187,2,11,64,26196,28364,0,CAPACITY_EXCEEDED,INVALID
1188,2,11,65,25382,27556,1,FEASIBLE,WORSE
1189,2,11,66,26330,28483,0,CAPACITY_EXCEEDED,INVALID
1190,2,11,67,25042,27205,1,FEASIBLE,WORSE
1191,2,11,68,26342,28442,0,CAPACITY_EXCEEDED,INVALID
1192,2,11,69,26215,28364,0,CAPACITY_EXCEEDED,INVALID
1193,2,11,70,25331,27426,1,FEASIBLE,WORSE
1194,2,11,71,25791,27896,0,CAPACITY_EXCEEDED,INVALID
1195,2,11,72,25777,27965,0,CAPACITY_EXCEEDED,INVALID
1196,2,11,73,25117,27234,1,FEASIBLE,WORSE
1197,2,11,74,26805,28956,0,CAPACITY_EXCEEDED,INVALID
1198,2,11,75,25227,27328,1,FEASIBLE,WORSE
1199,2,11,76,25427,27567,0,CAPACITY_EXCEEDED,INVALID
1200,2,11,77,25650,27856,0,CAPACITY_EXCEEDED,INVALID
1201,2,11,78,26324,28463,0,CAPACITY_EXCEEDED,INVALID
1202,2,11,79,26804,28894,0,CAPACITY_EXCEEDED,INVALID
1203,2,11,80,25050,27163,1,FEASIBLE,WORSE
1204,2,11,81,26361,28457,0,CAPACITY_EXCEEDED,INVALID
1205,2,11,82,24960,27085,1,FEASIBLE,WORSE
1206,2,11,83,25588,27684,0,CAPACITY_EXCEEDED,INVALID
1207,2,11,84,26335,28538,0,CAPACITY_EXCEEDED,INVALID
1208,2,11,85,26774,28897,0,CAPACITY_EXCEEDED,INVALID
1209,2,11,86,25243,27358,1,FEASIBLE,WORSE
1210,2,11,87,25361,27455,1,FEASIBLE,WORSE
1211,2,11,88,25551,27699,0,CAPACITY_EXCEEDED,INVALID
1212,2,11,89,25273,27460,1,FEASIBLE,WORSE
1213,2,11,90,26779,28943,0,CAPACITY_EXCEEDED,INVALID
1214,2,11,91,25815,27973,0,CAPACITY_EXCEEDED,INVALID
1215,2,11,92,26605,28735,0,CAPACITY_EXCEEDED,INVALID
1216,2,11,93,25000,27154,1,FEASIBLE,WORSE
1217,2,11,94,26708,28884,0,CAPACITY_EXCEEDED,INVALID
1218,2,11,95,26562,28690,0,CAPACITY_EXCEEDED,INVALID
1219,2,11,96,26631,28740,0,CAPACITY_EXCEEDED,INVALID
1220,2,11,97,25302,27458,1,FEASIBLE,WORSE
1221,2,11,98,26383,28531,0,CAPACITY_EXCEEDED,INVALID
1222,2,11,99,26248,28437,0,CAPACITY_EXCEEDED,INVALID
1223,2,12,13,26148,28229,0,CAPACITY_EXCEEDED,INVALID
1224,2,12,14,26597,28634,0,CAPACITY_EXCEEDED,INVALID
1225,2,12,15,25429,27514,0,CAPACITY_EXCEEDED,INVALID
1226,2,12,16,25922,27951,0,CAPACITY_EXCEEDED,INVALID
1227,2,12,17,25205,27247,1,FEASIBLE,WORSE
1228,2,12,18,25249,27291,1,FEASIBLE,WORSE
1229,2,12,19,26120,28146,0,CAPACITY_EXCEEDED,INVALID
1230,2,12,20,26125,28220,0,CAPACITY_EXCEEDED,INVALID
1231,2,12,21,25609,27642,0,CAPACITY_EXCEEDED,INVALID
1232,2,12,22,25211,27278,1,FEASIBLE,WORSE
1233,2,12,23,26533,28551,0,CAPACITY_EXCEEDED,INVALID
1234,2,12,24,26368,28373,0,CAPACITY_EXCEEDED,INVALID
1235,2,12,25,26574,28578,0,CAPACITY_EXCEEDED,INVALID
1236,2,12,26,26121,28154,0,CAPACITY_EXCEEDED,INVALID
1237,2,12,27,26373,28425,0,CAPACITY_EXCEEDED,INVALID
1238,2,12,28,26589,28613,0,CAPACITY_EXCEEDED,INVALID
1239,2,12,29,25655,27732,0,CAPACITY_EXCEEDED,INVALID
1240,2,12,30,26385,28456,0,CAPACITY_EXCEEDED,INVALID
1241,2,12,31,26382,28397,0,CAPACITY_EXCEEDED,INVALID
1242,2,12,32,26370,28404,0,CAPACITY_EXCEEDED,INVALID
1243,2,12,33,25691,27787,0,CAPACITY_EXCEEDED,INVALID
1244,2,12,34,26441,28476,0,CAPACITY_EXCEEDED,INVALID
1245,2,12,35,26129,28219,0,CAPACITY_EXCEEDED,INVALID
1246,2,12,36,25313,27372,1,FEASIBLE,WORSE
1247,2,12,37,25594,27705,0,CAPACITY_EXCEEDED,INVALID
1248,2,12,38,26794,28860,0,CAPACITY_EXCEEDED,INVALID
1249,2,12,39,25965,28072,0,CAPACITY_EXCEEDED,INVALID
1250,2,12,40,27144,29150,0,CAPACITY_EXCEEDED,INVALID
1251,2,12,41,27011,29090,0,CAPACITY_EXCEEDED,INVALID
1252,2,12,42,26272,28358,0,CAPACITY_EXCEEDED,INVALID
1253,2,12,43,26484,28523,0,CAPACITY_EXCEEDED,INVALID
1254,2,12,44,26873,28896,0,CAPACITY_EXCEEDED,INVALID
1255,2,12,45,25439,27461,0,CAPACITY_EXCEEDED,INVALID
1256,2,12,46,25214,27314,1,FEASIBLE,WORSE
1257,2,12,47,26574,28618,0,CAPACITY_EXCEEDED,INVALID
1258,2,12,48,25320,27401,1,FEASIBLE,WORSE
1259,2,12,49,25480,27518,0,CAPACITY_EXCEEDED,INVALID
1260,2,12,50,26455,28461,0,CAPACITY_EXCEEDED,INVALID
1261,2,12,51,26739,28744,0,CAPACITY_EXCEEDED,INVALID
1262,2,12,52,27034,29065,0,CAPACITY_EXCEEDED,INVALID
1263,2,12,53,25304,27362,1,FEASIBLE,WORSE
1264,2,12,54,26657,28691,0,CAPACITY_EXCEEDED,INVALID
1265,2,12,55,25561,27622,0,CAPACITY_EXCEEDED,INVALID
1266,2,12,56,26116,28161,0,CAPACITY_EXCEEDED,INVALID
1267,2,12,57,25908,28001,0,CAPACITY_EXCEEDED,INVALID
1268,2,12,58,26949,28995,0,CAPACITY_EXCEEDED,INVALID
1269,2,12,59,25736,27742,0,CAPACITY_EXCEEDED,INVALID
1270,2,12,60,25977,28019,0,CAPACITY_EXCEEDED,INVALID
1271,2,12,61,25602,27701,0,CAPACITY_EXCEEDED,INVALID
1272,2,12,62,26855,28901,0,CAPACITY_EXCEEDED,INVALID
1273,2,12,63,25476,27548,0,CAPACITY_EXCEEDED,INVALID
1274,2,12,64,26526,28607,0,CAPACITY_EXCEEDED,INVALID
1275,2,12,65,25712,27799,0,CAPACITY_EXCEEDED,INVALID
1276,2,12,66,26660,28726,0,CAPACITY_EXCEEDED,INVALID
1277,2,12,67,25372,27448,1,FEASIBLE,WORSE
1278,2,12,68,26672,28685,0,CAPACITY_EXCEEDED,INVALID
1279,2,12,69,26545,28607,0,CAPACITY_EXCEEDED,INVALID
1280,2,12,70,25661,27669,0,CAPACITY_EXCEEDED,INVALID
1281,2,12,71,26121,28139,0,CAPACITY_EXCEEDED,INVALID
1282,2,12,72,26107,28208,0,CAPACITY_EXCEEDED,INVALID
1283,2,12,73,25447,27477,0,CAPACITY_EXCEEDED,INVALID
1284,2,12,74,27135,29199,0,CAPACITY_EXCEEDED,INVALID
1285,2,12,75,25557,27571,0,CAPACITY_EXCEEDED,INVALID
1286,2,12,76,25757,27810,0,CAPACITY_EXCEEDED,INVALID
1287,2,12,77,25980,28099,0,CAPACITY_EXCEEDED,INVALID
1288,2,12,78,26654,28706,0,CAPACITY_EXCEEDED,INVALID
1289,2,12,79,27134,29137,0,CAPACITY_EXCEEDED,INVALID
1290,2,12,80,25380,27406,1,FEASIBLE,WORSE
1291,2,12,81,26691,28700,0,CAPACITY_EXCEEDED,INVALID
1292,2,12,82,25290,27328,1,FEASIBLE,WORSE
1293,2,12,83,25918,27927,0,CAPACITY_EXCEEDED,INVALID
1294,2,12,84,26665,28781,0,CAPACITY_EXCEEDED,INVALID
1295,2,12,85,27104,29140,0,CAPACITY_EXCEEDED,INVALID
1296,2,12,86,25573,27601,0,CAPACITY_EXCEEDED,INVALID
1297,2,12,87,25691,27698,0,CAPACITY_EXCEEDED,INVALID
1298,2,12,88,25881,27942,0,CAPACITY_EXCEEDED,INVALID
1299,2,12,89,25603,27703,0,CAPACITY_EXCEEDED,INVALID
1300,2,12,90,27109,29186,0,CAPACITY_EXCEEDED,INVALID
1301,2,12,91,26145,28216,0,CAPACITY_EXCEEDED,INVALID
1302,2,12,92,26935,28978,0,CAPACITY_EXCEEDED,INVALID
1303,2,12,93,25330,27397,1,FEASIBLE,WORSE
1304,2,12,94,27038,29127,0,CAPACITY_EXCEEDED,INVALID
1305,2,12,95,26892,28933,0,CAPACITY_EXCEEDED,INVALID
1306,2,12,96,26961,28983,0,CAPACITY_EXCEEDED,INVALID
1307,2,12,97,25632,27701,0,CAPACITY_EXCEEDED,INVALID
1308,2,12,98,26713,28774,0,CAPACITY_EXCEEDED,INVALID
1309,2,12,99,26578,28680,0,CAPACITY_EXCEEDED,INVALID
1310,2,13,14,25831,27942,0,CAPACITY_EXCEEDED,INVALID
1311,2,13,15,24663,26822,1,FEASIBLE,WORSE
1312,2,13,16,25156,27259,1,FEASIBLE,WORSE
1313,2,13,17,24439,26555,1,FEASIBLE,WORSE
1314,2,13,18,24483,26599,1,FEASIBLE,WORSE
1315,2,13,19,25354,27454,1,FEASIBLE,WORSE
1316,2,13,20,25359,27528,1,FEASIBLE,WORSE
1317,2,13,21,24843,26950,1,FEASIBLE,WORSE
1318,2,13,22,24445,26586,1,FEASIBLE,WORSE
1319,2,13,23,25767,27859,0,CAPACITY_EXCEEDED,INVALID
1320,2,13,24,25602,27681,0,CAPACITY_EXCEEDED,INVALID
1321,2,13,25,25808,27886,0,CAPACITY_EXCEEDED,INVALID
1322,2,13,26,25355,27462,1,FEASIBLE,WORSE
1323,2,13,27,25607,27733,0,CAPACITY_EXCEEDED,INVALID
1324,2,13,28,25823,27921,0,CAPACITY_EXCEEDED,INVALID
1325,2,13,29,24889,27040,1,FEASIBLE,WORSE
1326,2,13,30,25619,27764,0,CAPACITY_EXCEEDED,INVALID
1327,2,13,31,25616,27705,0,CAPACITY_EXCEEDED,INVALID
1328,2,13,32,25604,27712,0,CAPACITY_EXCEEDED,INVALID
1329,2,13,33,24925,27095,1,FEASIBLE,WORSE
1330,2,13,34,25675,27784,0,CAPACITY_EXCEEDED,INVALID
1331,2,13,35,25363,27527,1,FEASIBLE,WORSE
1332,2,13,36,24547,26680,1,FEASIBLE,WORSE
1333,2,13,37,24828,27013,1,FEASIBLE,WORSE
1334,2,13,38,26028,28168,0,CAPACITY_EXCEEDED,INVALID
1335,2,13,39,25199,27380,1,FEASIBLE,WORSE
1336,2,13,40,26378,28458,0,CAPACITY_EXCEEDED,INVALID
1337,2,13,41,26245,28398,0,CAPACITY_EXCEEDED,INVALID
1338,2,13,42,25506,27666,0,CAPACITY_EXCEEDED,INVALID
1339,2,13,43,25718,27831,0,CAPACITY_EXCEEDED,INVALID
1340,2,13,44,26107,28204,0,CAPACITY_EXCEEDED,INVALID
1341,2,13,45,24673,26769,1,FEASIBLE,WORSE
1342,2,13,46,24448,26622,1,FEASIBLE,WORSE
1343,2,13,47,25808,27926,0,CAPACITY_EXCEEDED,INVALID
1344,2,13,48,24554,26709,1,FEASIBLE,WORSE
1345,2,13,49,24714,26826,1,FEASIBLE,WORSE
1346,2,13,50,25689,27769,0,CAPACITY_EXCEEDED,INVALID
1347,2,13,51,25973,28052,0,CAPACITY_EXCEEDED,INVALID
1348,2,13,52,26268,28373,0,CAPACITY_EXCEEDED,INVALID
1349,2,13,53,24538,26670,1,FEASIBLE,WORSE
1350,2,13,54,25891,27999,0,CAPACITY_EXCEEDED,INVALID
1351,2,13,55,24795,26930,1,FEASIBLE,WORSE
1352,2,13,56,25350,27469,1,FEASIBLE,WORSE
1353,2,13,57,25142,27309,1,FEASIBLE,WORSE
1354,2,13,58,26183,28303,0,CAPACITY_EXCEEDED,INVALID
1355,2,13,59,24970,27050,1,FEASIBLE,WORSE
1356,2,13,60,25211,27327,1,FEASIBLE,WORSE
1357,2,13,61,24836,27009,1,FEASIBLE,WORSE
1358,2,13,62,26089,28209,0,CAPACITY_EXCEEDED,INVALID
1359,2,13,63,24710,26856,1,FEASIBLE,WORSE
1360,2,13,64,25760,27915,0,CAPACITY_EXCEEDED,INVALID
1361,2,13,65,24946,27107,1,FEASIBLE,WORSE
1362,2,13,66,25894,28034,0,CAPACITY_EXCEEDED,INVALID
1363,2,13,67,24606,26756,1,FEASIBLE,WORSE
1364,2,13,68,25906,27993,0,CAPACITY_EXCEEDED,INVALID
1365,2,13,69,25779,27915,0,CAPACITY_EXCEEDED,INVALID
1366,2,13,70,24895,26977,1,FEASIBLE,WORSE
1367,2,13,71,25355,27447,1,FEASIBLE,WORSE
1368,2,13,72,25341,27516,1,FEASIBLE,WORSE
1369,2,13,73,24681,26785,1,FEASIBLE,WORSE
1370,2,13,74,26369,28507,0,CAPACITY_EXCEEDED,INVALID
1371,2,13,75,24791,26879,1,FEASIBLE,WORSE
1372,2,13,76,24991,27118,1,FEASIBLE,WORSE
1373,2,13,77,25214,27407,1,FEASIBLE,WORSE
1374,2,13,78,25888,28014,0,CAPACITY_EXCEEDED,INVALID
1375,2,13,79,26368,28445,0,CAPACITY_EXCEEDED,INVALID
1376,2,13,80,24614,26714,1,FEASIBLE,WORSE
1377,2,13,81,25925,28008,0,CAPACITY_EXCEEDED,INVALID
1378,2,13,82,24524,26636,1,FEASIBLE,WORSE
1379,2,13,83,25152,27235,1,FEASIBLE,WORSE
1380,2,13,84,25899,28089,0,CAPACITY_EXCEEDED,INVALID
1381,2,13,85,26338,28448,0,CAPACITY_EXCEEDED,INVALID
1382,2,13,86,24807,26909,1,FEASIBLE,WORSE
1383,2,13,87,24925,27006,1,FEASIBLE,WORSE
1384,2,13,88,25115,27250,1,FEASIBLE,WORSE
1385,2,13,89,24837,27011,1,FEASIBLE,WORSE
1386,2,13,90,26343,28494,0,CAPACITY_EXCEEDED,INVALID
1387,2,13,91,25379,27524,1,FEASIBLE,WORSE
1388,2,13,92,26169,28286,0,CAPACITY_EXCEEDED,INVALID
1389,2,13,93,24564,26705,1,FEASIBLE,WORSE
1390,2,13,94,26272,28435,0,CAPACITY_EXCEEDED,INVALID
1391,2,13,95,26126,28241,0,CAPACITY_EXCEEDED,INVALID
1392,2,13,96,26195,28291,0,CAPACITY_EXCEEDED,INVALID
1393,2,13,97,24866,27009,1,FEASIBLE,WORSE
1394,2,13,98,25947,28082,0,CAPACITY_EXCEEDED,INVALID
1395,2,13,99,25812,27988,0,CAPACITY_EXCEEDED,INVALID
1396,2,14,15,25112,27227,1,FEASIBLE,WORSE
1397,2,14,16,25605,27664,0,CAPACITY_EXCEEDED,INVALID
1398,2,14,17,24888,26960,1,FEASIBLE,WORSE
1399,2,14,18,24932,27004,1,FEASIBLE,WORSE
1400,2,14,19,25803,27859,0,CAPACITY_EXCEEDED,INVALID
1401,2,14,20,25808,27933,0,CAPACITY_EXCEEDED,INVALID
1402,2,14,21,25292,27355,1,FEASIBLE,WORSE
1403,2,14,22,24894,26991,1,FEASIBLE,WORSE
1404,2,14,23,26216,28264,0,CAPACITY_EXCEEDED,INVALID
1405,2,14,24,26051,28086,0,CAPACITY_EXCEEDED,INVALID
1406,2,14,25,26257,28291,0,CAPACITY_EXCEEDED,INVALID
1407,2,14,26,25804,27867,0,CAPACITY_EXCEEDED,INVALID
1408,2,14,27,26056,28138,0,CAPACITY_EXCEEDED,INVALID
1409,2,14,28,26272,28326,0,CAPACITY_EXCEEDED,INVALID
1410,2,14,29,25338,27445,1,FEASIBLE,WORSE
1411,2,14,30,26068,28169,0,CAPACITY_EXCEEDED,INVALID
1412,2,14,31,26065,28110,0,CAPACITY_EXCEEDED,INVALID
1413,2,14,32,26053,28117,0,CAPACITY_EXCEEDED,INVALID
1414,2,14,33,25374,27500,1,FEASIBLE,WORSE
1415,2,14,34,26124,28189,0,CAPACITY_EXCEEDED,INVALID
1416,2,14,35,25812,27932,0,CAPACITY_EXCEEDED,INVALID
1417,2,14,36,24996,27085,1,FEASIBLE,WORSE
1418,2,14,37,25277,27418,1,FEASIBLE,WORSE
1419,2,14,38,26477,28573,0,CAPACITY_EXCEEDED,INVALID
1420,2,14,39,25648,27785,0,CAPACITY_EXCEEDED,INVALID
1421,2,14,40,26827,28863,0,CAPACITY_EXCEEDED,INVALID
1422,2,14,41,26694,28803,0,CAPACITY_EXCEEDED,INVALID
1423,2,14,42,25955,28071,0,CAPACITY_EXCEEDED,INVALID
1424,2,14,43,26167,28236,0,CAPACITY_EXCEEDED,INVALID
1425,2,14,44,26556,28609,0,CAPACITY_EXCEEDED,INVALID
1426,2,14,45,25122,27174,1,FEASIBLE,WORSE
1427,2,14,46,24897,27027,1,FEASIBLE,WORSE
1428,2,14,47,26257,28331,0,CAPACITY_EXCEEDED,INVALID
1429,2,14,48,25003,27114,1,FEASIBLE,WORSE
1430,2,14,49,25163,27231,1,FEASIBLE,WORSE
1431,2,14,50,26138,28174,0,CAPACITY_EXCEEDED,INVALID
1432,2,14,51,26422,28457,0,CAPACITY_EXCEEDED,INVALID
1433,2,14,52,26717,28778,0,CAPACITY_EXCEEDED,INVALID
1434,2,14,53,24987,27075,1,FEASIBLE,WORSE
1435,2,14,54,26340,28404,0,CAPACITY_EXCEEDED,INVALID
1436,2,14,55,25244,27335,1,FEASIBLE,WORSE
1437,2,14,56,25799,27874,0,CAPACITY_EXCEEDED,INVALID
1438,2,14,57,25591,27714,0,CAPACITY_EXCEEDED,INVALID
1439,2,14,58,26632,28708,0,CAPACITY_EXCEEDED,INVALID
1440,2,14,59,25419,27455,0,CAPACITY_EXCEEDED,INVALID
1441,2,14,60,25660,27732,0,CAPACITY_EXCEEDED,INVALID
1442,2,14,61,25285,27414,1,FEASIBLE,WORSE
1443,2,14,62,26538,28614,0,CAPACITY_EXCEEDED,INVALID
1444,2,14,63,25159,27261,1,FEASIBLE,WORSE
1445,2,14,64,26209,28320,0,CAPACITY_EXCEEDED,INVALID
1446,2,14,65,25395,27512,0,CAPACITY_EXCEEDED,INVALID
1447,2,14,66,26343,28439,0,CAPACITY_EXCEEDED,INVALID
1448,2,14,67,25055,27161,1,FEASIBLE,WORSE
1449,2,14,68,26355,28398,0,CAPACITY_EXCEEDED,INVALID
1450,2,14,69,26228,28320,0,CAPACITY_EXCEEDED,INVALID
1451,2,14,70,25344,27382,1,FEASIBLE,WORSE
1452,2,14,71,25804,27852,0,CAPACITY_EXCEEDED,INVALID
1453,2,14,72,25790,27921,0,CAPACITY_EXCEEDED,INVALID
1454,2,14,73,25130,27190,1,FEASIBLE,WORSE
1455,2,14,74,26818,28912,0,CAPACITY_EXCEEDED,INVALID
1456,2,14,75,25240,27284,1,FEASIBLE,WORSE
1457,2,14,76,25440,27523,0,CAPACITY_EXCEEDED,INVALID
1458,2,14,77,25663,27812,0,CAPACITY_EXCEEDED,INVALID
1459,2,14,78,26337,28419,0,CAPACITY_EXCEEDED,INVALID
1460,2,14,79,26817,28850,0,CAPACITY_EXCEEDED,INVALID
1461,2,14,80,25063,27119,1,FEASIBLE,WORSE
1462,2,14,81,26374,28413,0,CAPACITY_EXCEEDED,INVALID
1463,2,14,82,24973,27041,1,FEASIBLE,WORSE
1464,2,14,83,25601,27640,0,CAPACITY_EXCEEDED,INVALID
1465,2,14,84,26348,28494,0,CAPACITY_EXCEEDED,INVALID
1466,2,14,85,26787,28853,0,CAPACITY_EXCEEDED,INVALID
1467,2,14,86,25256,27314,1,FEASIBLE,WORSE
1468,2,14,87,25374,27411,1,FEASIBLE,WORSE
1469,2,14,88,25564,27655,0,CAPACITY_EXCEEDED,INVALID
1470,2,14,89,25286,27416,1,FEASIBLE,WORSE
1471,2,14,90,26792,28899,0,CAPACITY_EXCEEDED,INVALID
1472,2,14,91,25828,27929,0,CAPACITY_EXCEEDED,INVALID
1473,2,14,92,26618,28691,0,CAPACITY_EXCEEDED,INVALID
1474,2,14,93,25013,27110,1,FEASIBLE,WORSE
1475,2,14,94,26721,28840,0,CAPACITY_EXCEEDED,INVALID
1476,2,14,95,26575,28646,0,CAPACITY_EXCEEDED,INVALID
1477,2,14,96,26644,28696,0,CAPACITY_EXCEEDED,INVALID
1478,2,14,97,25315,27414,1,FEASIBLE,WORSE
1479,2,14,98,26396,28487,0,CAPACITY_EXCEEDED,INVALID
1480,2,14,99,26261,28393,0,CAPACITY_EXCEEDED,INVALID
1481,2,15,16,24437,26544,1,FEASIBLE,WORSE
1482,2,15,17,23720,25840,1,FEASIBLE,WORSE
1483,2,15,18,23764,25884,1,FEASIBLE,WORSE
1484,2,15,19,24635,26739,1,FEASIBLE,WORSE
1485,2,15,20,24640,26813,1,FEASIBLE,WORSE
1486,2,15,21,24124,26235,1,FEASIBLE,WORSE
1487,2,15,22,23726,25871,1,FEASIBLE,WORSE
1488,2,15,23,25048,27144,1,FEASIBLE,WORSE
1489,2,15,24,24883,26966,1,FEASIBLE,WORSE
1490,2,15,25,25089,27171,1,FEASIBLE,WORSE
1491,2,15,26,24636,26747,1,FEASIBLE,WORSE
1492,2,15,27,24888,27018,1,FEASIBLE,WORSE
1493,2,15,28,25104,27206,1,FEASIBLE,WORSE
1494,2,15,29,24170,26325,1,FEASIBLE,WORSE
1495,2,15,30,24900,27049,1,FEASIBLE,WORSE
1496,2,15,31,24897,26990,1,FEASIBLE,WORSE
1497,2,15,32,24885,26997,1,FEASIBLE,WORSE
1498,2,15,33,24206,26380,1,FEASIBLE,WORSE
1499,2,15,34,24956,27069,1,FEASIBLE,WORSE
1500,2,15,35,24644,26812,1,FEASIBLE,WORSE
1501,2,15,36,23828,25965,1,FEASIBLE,WORSE
1502,2,15,37,24109,26298,1,FEASIBLE,WORSE
1503,2,15,38,25309,27453,1,FEASIBLE,WORSE
1504,2,15,39,24480,26665,1,FEASIBLE,WORSE
1505,2,15,40,25659,27743,0,CAPACITY_EXCEEDED,INVALID
1506,2,15,41,25526,27683,0,CAPACITY_EXCEEDED,INVALID
1507,2,15,42,24787,26951,1,FEASIBLE,WORSE
1508,2,15,43,24999,27116,1,FEASIBLE,WORSE
1509,2,15,44,25388,27489,1,FEASIBLE,WORSE
1510,2,15,45,23954,26054,1,FEASIBLE,WORSE
1511,2,15,46,23729,25907,1,FEASIBLE,WORSE
1512,2,15,47,25089,27211,1,FEASIBLE,WORSE
1513,2,15,48,23835,25994,1,FEASIBLE,WORSE
1514,2,15,49,23995,26111,1,FEASIBLE,WORSE
1515,2,15,50,24970,27054,1,FEASIBLE,WORSE
1516,2,15,51,25254,27337,1,FEASIBLE,WORSE
1517,2,15,52,25549,27658,0,CAPACITY_EXCEEDED,INVALID
1518,2,15,53,23819,25955,1,FEASIBLE,WORSE
1519,2,15,54,25172,27284,1,FEASIBLE,WORSE
1520,2,15,55,24076,26215,1,FEASIBLE,WORSE
1521,2,15,56,24631,26754,1,FEASIBLE,WORSE
1522,2,15,57,24423,26594,1,FEASIBLE,WORSE
1523,2,15,58,25464,27588,0,CAPACITY_EXCEEDED,INVALID
1524,2,15,59,24251,26335,1,FEASIBLE,WORSE
1525,2,15,60,24492,26612,1,FEASIBLE,WORSE
1526,2,15,61,24117,26294,1,FEASIBLE,WORSE
1527,2,15,62,25370,27494,1,FEASIBLE,WORSE
1528,2,15,63,23991,26141,1,FEASIBLE,WORSE
1529,2,15,64,25041,27200,1,FEASIBLE,WORSE
1530,2,15,65,24227,26392,1,FEASIBLE,WORSE
1531,2,15,66,25175,27319,1,FEASIBLE,WORSE
1532,2,15,67,23887,26041,1,FEASIBLE,WORSE
1533,2,15,68,25187,27278,1,FEASIBLE,WORSE
1534,2,15,69,25060,27200,1,FEASIBLE,WORSE
1535,2,15,70,24176,26262,1,FEASIBLE,WORSE
1536,2,15,71,24636,26732,1,FEASIBLE,WORSE
1537,2,15,72,24622,26801,1,FEASIBLE,WORSE
1538,2,15,73,23962,26070,1,FEASIBLE,WORSE
1539,2,15,74,25650,27792,0,CAPACITY_EXCEEDED,INVALID
1540,2,15,75,24072,26164,1,FEASIBLE,WORSE
1541,2,15,76,24272,26403,1,FEASIBLE,WORSE
1542,2,15,77,24495,26692,1,FEASIBLE,WORSE
1543,2,15,78,25169,27299,1,FEASIBLE,WORSE
1544,2,15,79,25649,27730,0,CAPACITY_EXCEEDED,INVALID
1545,2,15,80,23895,25999,1,FEASIBLE,WORSE
1546,2,15,81,25206,27293,1,FEASIBLE,WORSE
1547,2,15,82,23805,25921,1,FEASIBLE,WORSE
1548,2,15,83,24433,26520,1,FEASIBLE,WORSE
1549,2,15,84,25180,27374,1,FEASIBLE,WORSE
1550,2,15,85,25619,27733,0,CAPACITY_EXCEEDED,INVALID
1551,2,15,86,24088,26194,1,FEASIBLE,WORSE
1552,2,15,87,24206,26291,1,FEASIBLE,WORSE
1553,2,15,88,24396,26535,1,FEASIBLE,WORSE
1554,2,15,89,24118,26296,1,FEASIBLE,WORSE
1555,2,15,90,25624,27779,0,CAPACITY_EXCEEDED,INVALID
1556,2,15,91,24660,26809,1,FEASIBLE,WORSE
1557,2,15,92,25450,27571,0,CAPACITY_EXCEEDED,INVALID
1558,2,15,93,23845,25990,1,FEASIBLE,WORSE
1559,2,15,94,25553,27720,0,CAPACITY_EXCEEDED,INVALID
1560,2,15,95,25407,27526,0,CAPACITY_EXCEEDED,INVALID
1561,2,15,96,25476,27576,0,CAPACITY_EXCEEDED,INVALID
1562,2,15,97,24147,26294,1,FEASIBLE,WORSE
1563,2,15,98,25228,27367,1,FEASIBLE,WORSE
1564,2,15,99,25093,27273,1,FEASIBLE,WORSE
1565,2,16,17,24213,26277,1,FEASIBLE,WORSE
1566,2,16,18,24257,26321,1,FEASIBLE,WORSE
1567,2,16,19,25128,27176,1,FEASIBLE,WORSE
1568,2,16,20,25133,27250,1,FEASIBLE,WORSE
1569,2,16,21,24617,26672,1,FEASIBLE,WORSE
1570,2,16,22,24219,26308,1,FEASIBLE,WORSE
1571,2,16,23,25541,27581,0,CAPACITY_EXCEEDED,INVALID
1572,2,16,24,25376,27403,1,FEASIBLE,WORSE
1573,2,16,25,25582,27608,0,CAPACITY_EXCEEDED,INVALID
1574,2,16,26,25129,27184,1,FEASIBLE,WORSE
1575,2,16,27,25381,27455,1,FEASIBLE,WORSE
1576,2,16,28,25597,27643,0,CAPACITY_EXCEEDED,INVALID
1577,2,16,29,24663,26762,1,FEASIBLE,WORSE
1578,2,16,30,25393,27486,0,CAPACITY_EXCEEDED,INVALID
1579,2,16,31,25390,27427,1,FEASIBLE,WORSE
1580,2,16,32,25378,27434,1,FEASIBLE,WORSE
1581,2,16,33,24699,26817,1,FEASIBLE,WORSE
1582,2,16,34,25449,27506,0,CAPACITY_EXCEEDED,INVALID
1583,2,16,35,25137,27249,1,FEASIBLE,WORSE
1584,2,16,36,24321,26402,1,FEASIBLE,WORSE
1585,2,16,37,24602,26735,1,FEASIBLE,WORSE
1586,2,16,38,25802,27890,0,CAPACITY_EXCEEDED,INVALID
1587,2,16,39,24973,27102,1,FEASIBLE,WORSE
1588,2,16,40,26152,28180,0,CAPACITY_EXCEEDED,INVALID
1589,2,16,41,26019,28120,0,CAPACITY_EXCEEDED,INVALID
1590,2,16,42,25280,27388,1,FEASIBLE,WORSE
1591,2,16,43,25492,27553,0,CAPACITY_EXCEEDED,INVALID
1592,2,16,44,25881,27926,0,CAPACITY_EXCEEDED,INVALID
1593,2,16,45,24447,26491,1,FEASIBLE,WORSE
1594,2,16,46,24222,26344,1,FEASIBLE,WORSE
1595,2,16,47,25582,27648,0,CAPACITY_EXCEEDED,INVALID
1596,2,16,48,24328,26431,1,FEASIBLE,WORSE
1597,2,16,49,24488,26548,1,FEASIBLE,WORSE
1598,2,16,50,25463,27491,0,CAPACITY_EXCEEDED,INVALID
1599,2,16,51,25747,27774,0,CAPACITY_EXCEEDED,INVALID
1600,2,16,52,26042,28095,0,CAPACITY_EXCEEDED,INVALID
1601,2,16,53,24312,26392,1,FEASIBLE,WORSE
1602,2,16,54,25665,27721,0,CAPACITY_EXCEEDED,INVALID
1603,2,16,55,24569,26652,1,FEASIBLE,WORSE
1604,2,16,56,25124,27191,1,FEASIBLE,WORSE
1605,2,16,57,24916,27031,1,FEASIBLE,WORSE
1606,2,16,58,25957,28025,0,CAPACITY_EXCEEDED,INVALID
1607,2,16,59,24744,26772,1,FEASIBLE,WORSE
1608,2,16,60,24985,27049,1,FEASIBLE,WORSE
1609,2,16,61,24610,26731,1,FEASIBLE,WORSE
1610,2,16,62,25863,27931,0,CAPACITY_EXCEEDED,INVALID
1611,2,16,63,24484,26578,1,FEASIBLE,WORSE
1612,2,16,64,25534,27637,0,CAPACITY_EXCEEDED,INVALID
1613,2,16,65,24720,26829,1,FEASIBLE,WORSE
1614,2,16,66,25668,27756,0,CAPACITY_EXCEEDED,INVALID
1615,2,16,67,24380,26478,1,FEASIBLE,WORSE
1616,2,16,68,25680,27715,0,CAPACITY_EXCEEDED,INVALID
1617,2,16,69,25553,27637,0,CAPACITY_EXCEEDED,INVALID
1618,2,16,70,24669,26699,1,FEASIBLE,WORSE
1619,2,16,71,25129,27169,1,FEASIBLE,WORSE
1620,2,16,72,25115,27238,1,FEASIBLE,WORSE
1621,2,16,73,24455,26507,1,FEASIBLE,WORSE
1622,2,16,74,26143,28229,0,CAPACITY_EXCEEDED,INVALID
1623,2,16,75,24565,26601,1,FEASIBLE,WORSE
1624,2,16,76,24765,26840,1,FEASIBLE,WORSE
1625,2,16,77,24988,27129,1,FEASIBLE,WORSE
1626,2,16,78,25662,27736,0,CAPACITY_EXCEEDED,INVALID
1627,2,16,79,26142,28167,0,CAPACITY_EXCEEDED,INVALID
1628,2,16,80,24388,26436,1,FEASIBLE,WORSE
1629,2,16,81,25699,27730,0,CAPACITY_EXCEEDED,INVALID
1630,2,16,82,24298,26358,1,FEASIBLE,WORSE
1631,2,16,83,24926,26957,1,FEASIBLE,WORSE
1632,2,16,84,25673,27811,0,CAPACITY_EXCEEDED,INVALID
1633,2,16,85,26112,28170,0,CAPACITY_EXCEEDED,INVALID
1634,2,16,86,24581,26631,1,FEASIBLE,WORSE
1635,2,16,87,24699,26728,1,FEASIBLE,WORSE
1636,2,16,88,24889,26972,1,FEASIBLE,WORSE
1637,2,16,89,24611,26733,1,FEASIBLE,WORSE
1638,2,16,90,26117,28216,0,CAPACITY_EXCEEDED,INVALID
1639,2,16,91,25153,27246,1,FEASIBLE,WORSE
1640,2,16,92,25943,28008,0,CAPACITY_EXCEEDED,INVALID
1641,2,16,93,24338,26427,1,FEASIBLE,WORSE
1642,2,16,94,26046,28157,0,CAPACITY_EXCEEDED,INVALID
1643,2,16,95,25900,27963,0,CAPACITY_EXCEEDED,INVALID
1644,2,16,96,25969,28013,0,CAPACITY_EXCEEDED,INVALID
1645,2,16,97,24640,26731,1,FEASIBLE,WORSE
1646,2,16,98,25721,27804,0,CAPACITY_EXCEEDED,INVALID
1647,2,16,99,25586,27710,0,CAPACITY_EXCEEDED,INVALID
1648,2,17,18,23540,25617,1,FEASIBLE,WORSE
1649,2,17,19,24411,26472,1,FEASIBLE,WORSE
1650,2,17,20,24416,26546,1,FEASIBLE,WORSE
1651,2,17,21,23900,25968,1,FEASIBLE,WORSE
1652,2,17,22,23502,25604,1,FEASIBLE,WORSE
1653,2,17,23,24824,26877,1,FEASIBLE,WORSE
1654,2,17,24,24659,26699,1,FEASIBLE,WORSE
1655,2,17,25,24865,26904,1,FEASIBLE,WORSE
1656,2,17,26,24412,26480,1,FEASIBLE,WORSE
1657,2,17,27,24664,26751,1,FEASIBLE,WORSE
1658,2,17,28,24880,26939,1,FEASIBLE,WORSE
1659,2,17,29,23946,26058,1,FEASIBLE,WORSE
1660,2,17,30,24676,26782,1,FEASIBLE,WORSE
1661,2,17,31,24673,26723,1,FEASIBLE,WORSE
1662,2,17,32,24661,26730,1,FEASIBLE,WORSE
1663,2,17,33,23982,26113,1,FEASIBLE,WORSE
1664,2,17,34,24732,26802,1,FEASIBLE,WORSE
1665,2,17,35,24420,26545,1,FEASIBLE,WORSE
1666,2,17,36,23604,25698,1,FEASIBLE,WORSE
1667,2,17,37,23885,26031,1,FEASIBLE,WORSE
1668,2,17,38,25085,27186,1,FEASIBLE,WORSE
1669,2,17,39,24256,26398,1,FEASIBLE,WORSE
1670,2,17,40,25435,27476,0,CAPACITY_EXCEEDED,INVALID
1671,2,17,41,25302,27416,1,FEASIBLE,WORSE
1672,2,17,42,24563,26684,1,FEASIBLE,WORSE
1673,2,17,43,24775,26849,1,FEASIBLE,WORSE
1674,2,17,44,25164,27222,1,FEASIBLE,WORSE
1675,2,17,45,23730,25787,1,FEASIBLE,WORSE
1676,2,17,46,23505,25640,1,FEASIBLE,WORSE
1677,2,17,47,24865,26944,1,FEASIBLE,WORSE
1678,2,17,48,23611,25727,1,FEASIBLE,WORSE
1679,2,17,49,23771,25844,1,FEASIBLE,WORSE
1680,2,17,50,24746,26787,1,FEASIBLE,WORSE
1681,2,17,51,25030,27070,1,FEASIBLE,WORSE
1682,2,17,52,25325,27391,1,FEASIBLE,WORSE
1683,2,17,53,23595,25688,1,FEASIBLE,WORSE
1684,2,17,54,24948,27017,1,FEASIBLE,WORSE
1685,2,17,55,23852,25948,1,FEASIBLE,WORSE
1686,2,17,56,24407,26487,1,FEASIBLE,WORSE
1687,2,17,57,24199,26327,1,FEASIBLE,WORSE
1688,2,17,58,25240,27321,1,FEASIBLE,WORSE
1689,2,17,59,24027,26068,1,FEASIBLE,WORSE
1690,2,17,60,24268,26345,1,FEASIBLE,WORSE
1691,2,17,61,23893,26027,1,FEASIBLE,WORSE
1692,2,17,62,25146,27227,1,FEASIBLE,WORSE
1693,2,17,63,23767,25874,1,FEASIBLE,WORSE
1694,2,17,64,24817,26933,1,FEASIBLE,WORSE
1695,2,17,65,24003,26125,1,FEASIBLE,WORSE
1696,2,17,66,24951,27052,1,FEASIBLE,WORSE
1697,2,17,67,23663,25774,1,FEASIBLE,WORSE
1698,2,17,68,24963,27011,1,FEASIBLE,WORSE
1699,2,17,69,24836,26933,1,FEASIBLE,WORSE
1700,2,17,70,23952,25995,1,FEASIBLE,WORSE
1701,2,17,71,24412,26465,1,FEASIBLE,WORSE
1702,2,17,72,24398,26534,1,FEASIBLE,WORSE
1703,2,17,73,23738,25803,1,FEASIBLE,WORSE
1704,2,17,74,25426,27525,0,CAPACITY_EXCEEDED,INVALID
1705,2,17,75,23848,25897,1,FEASIBLE,WORSE
1706,2,17,76,24048,26136,1,FEASIBLE,WORSE
1707,2,17,77,24271,26425,1,FEASIBLE,WORSE
1708,2,17,78,24945,27032,1,FEASIBLE,WORSE
1709,2,17,79,25425,27463,0,CAPACITY_EXCEEDED,INVALID
1710,2,17,80,23671,25732,1,FEASIBLE,WORSE
1711,2,17,81,24982,27026,1,FEASIBLE,WORSE
1712,2,17,82,23581,25654,1,FEASIBLE,WORSE
1713,2,17,83,24209,26253,1,FEASIBLE,WORSE
1714,2,17,84,24956,27107,1,FEASIBLE,WORSE
1715,2,17,85,25395,27466,0,CAPACITY_EXCEEDED,INVALID
1716,2,17,86,23864,25927,1,FEASIBLE,WORSE
1717,2,17,87,23982,26024,1,FEASIBLE,WORSE
1718,2,17,88,24172,26268,1,FEASIBLE,WORSE
1719,2,17,89,23894,26029,1,FEASIBLE,WORSE
1720,2,17,90,25400,27512,0,CAPACITY_EXCEEDED,INVALID
1721,2,17,91,24436,26542,1,FEASIBLE,WORSE
1722,2,17,92,25226,27304,1,FEASIBLE,WORSE
1723,2,17,93,23621,25723,1,FEASIBLE,WORSE
1724,2,17,94,25329,27453,1,FEASIBLE,WORSE
1725,2,17,95,25183,27259,1,FEASIBLE,WORSE
1726,2,17,96,25252,27309,1,FEASIBLE,WORSE
1727,2,17,97,23923,26027,1,FEASIBLE,WORSE
1728,2,17,98,25004,27100,1,FEASIBLE,WORSE
1729,2,17,99,24869,27006,1,FEASIBLE,WORSE
1730,2,18,19,24455,26516,1,FEASIBLE,WORSE
1731,2,18,20,24460,26590,1,FEASIBLE,WORSE
1732,2,18,21,23944,26012,1,FEASIBLE,WORSE
1733,2,18,22,23546,25648,1,FEASIBLE,WORSE
1734,2,18,23,24868,26921,1,FEASIBLE,WORSE
1735,2,18,24,24703,26743,1,FEASIBLE,WORSE
1736,2,18,25,24909,26948,1,FEASIBLE,WORSE
1737,2,18,26,24456,26524,1,FEASIBLE,WORSE
1738,2,18,27,24708,26795,1,FEASIBLE,WORSE
1739,2,18,28,24924,26983,1,FEASIBLE,WORSE
1740,2,18,29,23990,26102,1,FEASIBLE,WORSE
1741,2,18,30,24720,26826,1,FEASIBLE,WORSE
1742,2,18,31,24717,26767,1,FEASIBLE,WORSE
1743,2,18,32,24705,26774,1,FEASIBLE,WORSE
1744,2,18,33,24026,26157,1,FEASIBLE,WORSE
1745,2,18,34,24776,26846,1,FEASIBLE,WORSE
1746,2,18,35,24464,26589,1,FEASIBLE,WORSE
1747,2,18,36,23648,25742,1,FEASIBLE,WORSE
1748,2,18,37,23929,26075,1,FEASIBLE,WORSE
1749,2,18,38,25129,27230,1,FEASIBLE,WORSE
1750,2,18,39,24300,26442,1,FEASIBLE,WORSE
1751,2,18,40,25479,27520,0,CAPACITY_EXCEEDED,INVALID
1752,2,18,41,25346,27460,1,FEASIBLE,WORSE
1753,2,18,42,24607,26728,1,FEASIBLE,WORSE
1754,2,18,43,24819,26893,1,FEASIBLE,WORSE
1755,2,18,44,25208,27266,1,FEASIBLE,WORSE
1756,2,18,45,23774,25831,1,FEASIBLE,WORSE
1757,2,18,46,23549,25684,1,FEASIBLE,WORSE
1758,2,18,47,24909,26988,1,FEASIBLE,WORSE
1759,2,18,48,23655,25771,1,FEASIBLE,WORSE
1760,2,18,49,23815,25888,1,FEASIBLE,WORSE
1761,2,18,50,24790,26831,1,FEASIBLE,WORSE
1762,2,18,51,25074,27114,1,FEASIBLE,WORSE
1763,2,18,52,25369,27435,1,FEASIBLE,WORSE
1764,2,18,53,23639,25732,1,FEASIBLE,WORSE
1765,2,18,54,24992,27061,1,FEASIBLE,WORSE
1766,2,18,55,23896,25992,1,FEASIBLE,WORSE
1767,2,18,56,24451,26531,1,FEASIBLE,WORSE
1768,2,18,57,24243,26371,1,FEASIBLE,WORSE
1769,2,18,58,25284,27365,1,FEASIBLE,WORSE
1770,2,18,59,24071,26112,1,FEASIBLE,WORSE
1771,2,18,60,24312,26389,1,FEASIBLE,WORSE
1772,2,18,61,23937,26071,1,FEASIBLE,WORSE
1773,2,18,62,25190,27271,1,FEASIBLE,WORSE
1774,2,18,63,23811,25918,1,FEASIBLE,WORSE
1775,2,18,64,24861,26977,1,FEASIBLE,WORSE
1776,2,18,65,24047,26169,1,FEASIBLE,WORSE
1777,2,18,66,24995,27096,1,FEASIBLE,WORSE
1778,2,18,67,23707,25818,1,FEASIBLE,WORSE
1779,2,18,68,25007,27055,1,FEASIBLE,WORSE
1780,2,18,69,24880,26977,1,FEASIBLE,WORSE
1781,2,18,70,23996,26039,1,FEASIBLE,WORSE
1782,2,18,71,24456,26509,1,FEASIBLE,WORSE
1783,2,18,72,24442,26578,1,FEASIBLE,WORSE
1784,2,18,73,23782,25847,1,FEASIBLE,WORSE
1785,2,18,74,25470,27569,0,CAPACITY_EXCEEDED,INVALID
1786,2,18,75,23892,25941,1,FEASIBLE,WORSE
1787,2,18,76,24092,26180,1,FEASIBLE,WORSE
1788,2,18,77,24315,26469,1,FEASIBLE,WORSE
1789,2,18,78,24989,27076,1,FEASIBLE,WORSE
1790,2,18,79,25469,27507,0,CAPACITY_EXCEEDED,INVALID
1791,2,18,80,23715,25776,1,FEASIBLE,WORSE
1792,2,18,81,25026,27070,1,FEASIBLE,WORSE
1793,2,18,82,23625,25698,1,FEASIBLE,WORSE
1794,2,18,83,24253,26297,1,FEASIBLE,WORSE
1795,2,18,84,25000,27151,1,FEASIBLE,WORSE
1796,2,18,85,25439,27510,0,CAPACITY_EXCEEDED,INVALID
1797,2,18,86,23908,25971,1,FEASIBLE,WORSE
1798,2,18,87,24026,26068,1,FEASIBLE,WORSE
1799,2,18,88,24216,26312,1,FEASIBLE,WORSE
1800,2,18,89,23938,26073,1,FEASIBLE,WORSE
1801,2,18,90,25444,27556,0,CAPACITY_EXCEEDED,INVALID
1802,2,18,91,24480,26586,1,FEASIBLE,WORSE
1803,2,18,92,25270,27348,1,FEASIBLE,WORSE
1804,2,18,93,23665,25767,1,FEASIBLE,WORSE
1805,2,18,94,25373,27497,1,FEASIBLE,WORSE
1806,2,18,95,25227,27303,1,FEASIBLE,WORSE
1807,2,18,96,25296,27353,1,FEASIBLE,WORSE
1808,2,18,97,23967,26071,1,FEASIBLE,WORSE
1809,2,18,98,25048,27144,1,FEASIBLE,WORSE
1810,2,18,99,24913,27050,1,FEASIBLE,WORSE
1811,2,19,20,25331,27445,1,FEASIBLE,WORSE
1812,2,19,21,24815,26867,1,FEASIBLE,WORSE
1813,2,19,22,24417,26503,1,FEASIBLE,WORSE
1814,2,19,23,25739,27776,0,CAPACITY_EXCEEDED,INVALID
1815,2,19,24,25574,27598,0,CAPACITY_EXCEEDED,INVALID
1816,2,19,25,25780,27803,0,CAPACITY_EXCEEDED,INVALID
1817,2,19,26,25327,27379,1,FEASIBLE,WORSE
1818,2,19,27,25579,27650,0,CAPACITY_EXCEEDED,INVALID
1819,2,19,28,25795,27838,0,CAPACITY_EXCEEDED,INVALID
1820,2,19,29,24861,26957,1,FEASIBLE,WORSE
1821,2,19,30,25591,27681,0,CAPACITY_EXCEEDED,INVALID
1822,2,19,31,25588,27622,0,CAPACITY_EXCEEDED,INVALID
1823,2,19,32,25576,27629,0,CAPACITY_EXCEEDED,INVALID
1824,2,19,33,24897,27012,1,FEASIBLE,WORSE
1825,2,19,34,25647,27701,0,CAPACITY_EXCEEDED,INVALID
1826,2,19,35,25335,27444,1,FEASIBLE,WORSE
1827,2,19,36,24519,26597,1,FEASIBLE,WORSE
1828,2,19,37,24800,26930,1,FEASIBLE,WORSE
1829,2,19,38,26000,28085,0,CAPACITY_EXCEEDED,INVALID
1830,2,19,39,25171,27297,1,FEASIBLE,WORSE
1831,2,19,40,26350,28375,0,CAPACITY_EXCEEDED,INVALID
1832,2,19,41,26217,28315,0,CAPACITY_EXCEEDED,INVALID
1833,2,19,42,25478,27583,0,CAPACITY_EXCEEDED,INVALID
1834,2,19,43,25690,27748,0,CAPACITY_EXCEEDED,INVALID
1835,2,19,44,26079,28121,0,CAPACITY_EXCEEDED,INVALID
1836,2,19,45,24645,26686,1,FEASIBLE,WORSE
1837,2,19,46,24420,26539,1,FEASIBLE,WORSE
1838,2,19,47,25780,27843,0,CAPACITY_EXCEEDED,INVALID
1839,2,19,48,24526,26626,1,FEASIBLE,WORSE
1840,2,19,49,24686,26743,1,FEASIBLE,WORSE
1841,2,19,50,25661,27686,0,CAPACITY_EXCEEDED,INVALID
1842,2,19,51,25945,27969,0,CAPACITY_EXCEEDED,INVALID
1843,2,19,52,26240,28290,0,CAPACITY_EXCEEDED,INVALID
1844,2,19,53,24510,26587,1,FEASIBLE,WORSE
1845,2,19,54,25863,27916,0,CAPACITY_EXCEEDED,INVALID
1846,2,19,55,24767,26847,1,FEASIBLE,WORSE
1847,2,19,56,25322,27386,1,FEASIBLE,WORSE
1848,2,19,57,25114,27226,1,FEASIBLE,WORSE
1849,2,19,58,26155,28220,0,CAPACITY_EXCEEDED,INVALID
1850,2,19,59,24942,26967,1,FEASIBLE,WORSE
1851,2,19,60,25183,27244,1,FEASIBLE,WORSE
1852,2,19,61,24808,26926,1,FEASIBLE,WORSE
1853,2,19,62,26061,28126,0,CAPACITY_EXCEEDED,INVALID
1854,2,19,63,24682,26773,1,FEASIBLE,WORSE
1855,2,19,64,25732,27832,0,CAPACITY_EXCEEDED,INVALID
1856,2,19,65,24918,27024,1,FEASIBLE,WORSE
1857,2,19,66,25866,27951,0,CAPACITY_EXCEEDED,INVALID
1858,2,19,67,24578,26673,1,FEASIBLE,WORSE
1859,2,19,68,25878,27910,0,CAPACITY_EXCEEDED,INVALID
1860,2,19,69,25751,27832,0,CAPACITY_EXCEEDED,INVALID
1861,2,19,70,24867,26894,1,FEASIBLE,WORSE
1862,2,19,71,25327,27364,1,FEASIBLE,WORSE
1863,2,19,72,25313,27433,1,FEASIBLE,WORSE
1864,2,19,73,24653,26702,1,FEASIBLE,WORSE
1865,2,19,74,26341,28424,0,CAPACITY_EXCEEDED,INVALID
1866,2,19,75,24763,26796,1,FEASIBLE,WORSE
1867,2,19,76,24963,27035,1,FEASIBLE,WORSE
1868,2,19,77,25186,27324,1,FEASIBLE,WORSE
1869,2,19,78,25860,27931,0,CAPACITY_EXCEEDED,INVALID
1870,2,19,79,26340,28362,0,CAPACITY_EXCEEDED,INVALID
1871,2,19,80,24586,26631,1,FEASIBLE,WORSE
1872,2,19,81,25897,27925,0,CAPACITY_EXCEEDED,INVALID
1873,2,19,82,24496,26553,1,FEASIBLE,WORSE
1874,2,19,83,25124,27152,1,FEASIBLE,WORSE
1875,2,19,84,25871,28006,0,CAPACITY_EXCEEDED,INVALID
1876,2,19,85,26310,28365,0,CAPACITY_EXCEEDED,INVALID
1877,2,19,86,24779,26826,1,FEASIBLE,WORSE
1878,2,19,87,24897,26923,1,FEASIBLE,WORSE
1879,2,19,88,25087,27167,1,FEASIBLE,WORSE
1880,2,19,89,24809,26928,1,FEASIBLE,WORSE
1881,2,19,90,26315,28411,0,CAPACITY_EXCEEDED,INVALID
1882,2,19,91,25351,27441,1,FEASIBLE,WORSE
1883,2,19,92,26141,28203,0,CAPACITY_EXCEEDED,INVALID
1884,2,19,93,24536,26622,1,FEASIBLE,WORSE
1885,2,19,94,26244,28352,0,CAPACITY_EXCEEDED,INVALID
1886,2,19,95,26098,28158,0,CAPACITY_EXCEEDED,INVALID
1887,2,19,96,26167,28208,0,CAPACITY_EXCEEDED,INVALID
1888,2,19,97,24838,26926,1,FEASIBLE,WORSE
1889,2,19,98,25919,27999,0,CAPACITY_EXCEEDED,INVALID
1890,2,19,99,25784,27905,0,CAPACITY_EXCEEDED,INVALID
1891,2,20,21,24820,26941,1,FEASIBLE,WORSE
1892,2,20,22,24422,26577,1,FEASIBLE,WORSE
1893,2,20,23,25744,27850,0,CAPACITY_EXCEEDED,INVALID
1894,2,20,24,25579,27672,0,CAPACITY_EXCEEDED,INVALID
1895,2,20,25,25785,27877,0,CAPACITY_EXCEEDED,INVALID
1896,2,20,26,25332,27453,1,FEASIBLE,WORSE
1897,2,20,27,25584,27724,0,CAPACITY_EXCEEDED,INVALID
1898,2,20,28,25800,27912,0,CAPACITY_EXCEEDED,INVALID
1899,2,20,29,24866,27031,1,FEASIBLE,WORSE
1900,2,20,30,25596,27755,0,CAPACITY_EXCEEDED,INVALID
1901,2,20,31,25593,27696,0,CAPACITY_EXCEEDED,INVALID
1902,2,20,32,25581,27703,0,CAPACITY_EXCEEDED,INVALID
1903,2,20,33,24902,27086,1,FEASIBLE,WORSE
1904,2,20,34,25652,27775,0,CAPACITY_EXCEEDED,INVALID
1905,2,20,35,25340,27518,1,FEASIBLE,WORSE
1906,2,20,36,24524,26671,1,FEASIBLE,WORSE
1907,2,20,37,24805,27004,1,FEASIBLE,WORSE
1908,2,20,38,26005,28159,0,CAPACITY_EXCEEDED,INVALID
1909,2,20,39,25176,27371,1,FEASIBLE,WORSE
1910,2,20,40,26355,28449,0,CAPACITY_EXCEEDED,INVALID
1911,2,20,41,26222,28389,0,CAPACITY_EXCEEDED,INVALID
1912,2,20,42,25483,27657,0,CAPACITY_EXCEEDED,INVALID
1913,2,20,43,25695,27822,0,CAPACITY_EXCEEDED,INVALID
1914,2,20,44,26084,28195,0,CAPACITY_EXCEEDED,INVALID
1915,2,20,45,24650,26760,1,FEASIBLE,WORSE
1916,2,20,46,24425,26613,1,FEASIBLE,WORSE
1917,2,20,47,25785,27917,0,CAPACITY_EXCEEDED,INVALID
1918,2,20,48,24531,26700,1,FEASIBLE,WORSE
1919,2,20,49,24691,26817,1,FEASIBLE,WORSE
1920,2,20,50,25666,27760,0,CAPACITY_EXCEEDED,INVALID
1921,2,20,51,25950,28043,0,CAPACITY_EXCEEDED,INVALID
1922,2,20,52,26245,28364,0,CAPACITY_EXCEEDED,INVALID
1923,2,20,53,24515,26661,1,FEASIBLE,WORSE
1924,2,20,54,25868,27990,0,CAPACITY_EXCEEDED,INVALID
1925,2,20,55,24772,26921,1,FEASIBLE,WORSE
1926,2,20,56,25327,27460,1,FEASIBLE,WORSE
1927,2,20,57,25119,27300,1,FEASIBLE,WORSE
1928,2,20,58,26160,28294,0,CAPACITY_EXCEEDED,INVALID
1929,2,20,59,24947,27041,1,FEASIBLE,WORSE
1930,2,20,60,25188,27318,1,FEASIBLE,WORSE
1931,2,20,61,24813,27000,1,FEASIBLE,WORSE
1932,2,20,62,26066,28200,0,CAPACITY_EXCEEDED,INVALID
1933,2,20,63,24687,26847,1,FEASIBLE,WORSE
1934,2,20,64,25737,27906,0,CAPACITY_EXCEEDED,INVALID
1935,2,20,65,24923,27098,1,FEASIBLE,WORSE
1936,2,20,66,25871,28025,0,CAPACITY_EXCEEDED,INVALID
1937,2,20,67,24583,26747,1,FEASIBLE,WORSE
1938,2,20,68,25883,27984,0,CAPACITY_EXCEEDED,INVALID
1939,2,20,69,25756,27906,0,CAPACITY_EXCEEDED,INVALID
1940,2,20,70,24872,26968,1,FEASIBLE,WORSE
1941,2,20,71,25332,27438,1,FEASIBLE,WORSE
1942,2,20,72,25318,27507,1,FEASIBLE,WORSE
1943,2,20,73,24658,26776,1,FEASIBLE,WORSE
1944,2,20,74,26346,28498,0,CAPACITY_EXCEEDED,INVALID
1945,2,20,75,24768,26870,1,FEASIBLE,WORSE
1946,2,20,76,24968,27109,1,FEASIBLE,WORSE
1947,2,20,77,25191,27398,1,FEASIBLE,WORSE
1948,2,20,78,25865,28005,0,CAPACITY_EXCEEDED,INVALID
1949,2,20,79,26345,28436,0,CAPACITY_EXCEEDED,INVALID
1950,2,20,80,24591,26705,1,FEASIBLE,WORSE
1951,2,20,81,25902,27999,0,CAPACITY_EXCEEDED,INVALID
1952,2,20,82,24501,26627,1,FEASIBLE,WORSE
1953,2,20,83,25129,27226,1,FEASIBLE,WORSE
1954,2,20,84,25876,28080,0,CAPACITY_EXCEEDED,INVALID
1955,2,20,85,26315,28439,0,CAPACITY_EXCEEDED,INVALID
1956,2,20,86,24784,26900,1,FEASIBLE,WORSE
1957,2,20,87,24902,26997,1,FEASIBLE,WORSE
1958,2,20,88,25092,27241,1,FEASIBLE,WORSE
1959,2,20,89,24814,27002,1,FEASIBLE,WORSE
1960,2,20,90,26320,28485,0,CAPACITY_EXCEEDED,INVALID
1961,2,20,91,25356,27515,1,FEASIBLE,WORSE
1962,2,20,92,26146,28277,0,CAPACITY_EXCEEDED,INVALID
1963,2,20,93,24541,26696,1,FEASIBLE,WORSE
1964,2,20,94,26249,28426,0,CAPACITY_EXCEEDED,INVALID
1965,2,20,95,26103,28232,0,CAPACITY_EXCEEDED,INVALID
1966,2,20,96,26172,28282,0,CAPACITY_EXCEEDED,INVALID
1967,2,20,97,24843,27000,1,FEASIBLE,WORSE
1968,2,20,98,25924,28073,0,CAPACITY_EXCEEDED,INVALID
1969,2,20,99,25789,27979,0,CAPACITY_EXCEEDED,INVALID
1970,2,21,22,23906,25999,1,FEASIBLE,WORSE
1971,2,21,23,25228,27272,1,FEASIBLE,WORSE
1972,2,21,24,25063,27094,1,FEASIBLE,WORSE
1973,2,21,25,25269,27299,1,FEASIBLE,WORSE
1974,2,21,26,24816,26875,1,FEASIBLE,WORSE
1975,2,21,27,25068,27146,1,FEASIBLE,WORSE
1976,2,21,28,25284,27334,1,FEASIBLE,WORSE
1977,2,21,29,24350,26453,1,FEASIBLE,WORSE
1978,2,21,30,25080,27177,1,FEASIBLE,WORSE
1979,2,21,31,25077,27118,1,FEASIBLE,WORSE
1980,2,21,32,25065,27125,1,FEASIBLE,WORSE
1981,2,21,33,24386,26508,1,FEASIBLE,WORSE
1982,2,21,34,25136,27197,1,FEASIBLE,WORSE
1983,2,21,35,24824,26940,1,FEASIBLE,WORSE
1984,2,21,36,24008,26093,1,FEASIBLE,WORSE
1985,2,21,37,24289,26426,1,FEASIBLE,WORSE
1986,2,21,38,25489,27581,0,CAPACITY_EXCEEDED,INVALID
1987,2,21,39,24660,26793,1,FEASIBLE,WORSE
1988,2,21,40,25839,27871,0,CAPACITY_EXCEEDED,INVALID
1989,2,21,41,25706,27811,0,CAPACITY_EXCEEDED,INVALID
1990,2,21,42,24967,27079,1,FEASIBLE,WORSE
1991,2,21,43,25179,27244,1,FEASIBLE,WORSE
1992,2,21,44,25568,27617,0,CAPACITY_EXCEEDED,INVALID
1993,2,21,45,24134,26182,1,FEASIBLE,WORSE
1994,2,21,46,23909,26035,1,FEASIBLE,WORSE
1995,2,21,47,25269,27339,1,FEASIBLE,WORSE
1996,2,21,48,24015,26122,1,FEASIBLE,WORSE
1997,2,21,49,24175,26239,1,FEASIBLE,WORSE
1998,2,21,50,25150,27182,1,FEASIBLE,WORSE
1999,2,21,51,25434,27465,0,CAPACITY_EXCEEDED,INVALID
2000,2,21,52,25729,27786,0,CAPACITY_EXCEEDED,INVALID
2001,2,21,53,23999,26083,1,FEASIBLE,WORSE
2002,2,21,54,25352,27412,1,FEASIBLE,WORSE
2003,2,21,55,24256,26343,1,FEASIBLE,WORSE
2004,2,21,56,24811,26882,1,FEASIBLE,WORSE
2005,2,21,57,24603,26722,1,FEASIBLE,WORSE
2006,2,21,58,25644,27716,0,CAPACITY_EXCEEDED,INVALID
2007,2,21,59,24431,26463,1,FEASIBLE,WORSE
2008,2,21,60,24672,26740,1,FEASIBLE,WORSE
2009,2,21,61,24297,26422,1,FEASIBLE,WORSE
2010,2,21,62,25550,27622,0,CAPACITY_EXCEEDED,INVALID
2011,2,21,63,24171,26269,1,FEASIBLE,WORSE
2012,2,21,64,25221,27328,1,FEASIBLE,WORSE
2013,2,21,65,24407,26520,1,FEASIBLE,WORSE
2014,2,21,66,25355,27447,1,FEASIBLE,WORSE
2015,2,21,67,24067,26169,1,FEASIBLE,WORSE
2016,2,21,68,25367,27406,1,FEASIBLE,WORSE
2017,2,21,69,25240,27328,1,FEASIBLE,WORSE
2018,2,21,70,24356,26390,1,FEASIBLE,WORSE
2019,2,21,71,24816,26860,1,FEASIBLE,WORSE
2020,2,21,72,24802,26929,1,FEASIBLE,WORSE
2021,2,21,73,24142,26198,1,FEASIBLE,WORSE
2022,2,21,74,25830,27920,0,CAPACITY_EXCEEDED,INVALID
2023,2,21,75,24252,26292,1,FEASIBLE,WORSE
2024,2,21,76,24452,26531,1,FEASIBLE,WORSE
2025,2,21,77,24675,26820,1,FEASIBLE,WORSE
2026,2,21,78,25349,27427,1,FEASIBLE,WORSE
2027,2,21,79,25829,27858,0,CAPACITY_EXCEEDED,INVALID
2028,2,21,80,24075,26127,1,FEASIBLE,WORSE
2029,2,21,81,25386,27421,1,FEASIBLE,WORSE
2030,2,21,82,23985,26049,1,FEASIBLE,WORSE
2031,2,21,83,24613,26648,1,FEASIBLE,WORSE
2032,2,21,84,25360,27502,1,FEASIBLE,WORSE
2033,2,21,85,25799,27861,0,CAPACITY_EXCEEDED,INVALID
2034,2,21,86,24268,26322,1,FEASIBLE,WORSE
2035,2,21,87,24386,26419,1,FEASIBLE,WORSE
2036,2,21,88,24576,26663,1,FEASIBLE,WORSE
2037,2,21,89,24298,26424,1,FEASIBLE,WORSE
2038,2,21,90,25804,27907,0,CAPACITY_EXCEEDED,INVALID
2039,2,21,91,24840,26937,1,FEASIBLE,WORSE
2040,2,21,92,25630,27699,0,CAPACITY_EXCEEDED,INVALID
2041,2,21,93,24025,26118,1,FEASIBLE,WORSE
2042,2,21,94,25733,27848,0,CAPACITY_EXCEEDED,INVALID
2043,2,21,95,25587,27654,0,CAPACITY_EXCEEDED,INVALID
2044,2,21,96,25656,27704,0,CAPACITY_EXCEEDED,INVALID
2045,2,21,97,24327,26422,1,FEASIBLE,WORSE
2046,2,21,98,25408,27495,0,CAPACITY_EXCEEDED,INVALID
2047,2,21,99,25273,27401,1,FEASIBLE,WORSE
2048,2,22,23,24830,26908,1,FEASIBLE,WORSE
2049,2,22,24,24665,26730,1,FEASIBLE,WORSE
2050,2,22,25,24871,26935,1,FEASIBLE,WORSE
2051,2,22,26,24418,26511,1,FEASIBLE,WORSE
2052,2,22,27,24670,26782,1,FEASIBLE,WORSE
2053,2,22,28,24886,26970,1,FEASIBLE,WORSE
2054,2,22,29,23952,26089,1,FEASIBLE,WORSE
2055,2,22,30,24682,26813,1,FEASIBLE,WORSE
2056,2,22,31,24679,26754,1,FEASIBLE,WORSE
2057,2,22,32,24667,26761,1,FEASIBLE,WORSE
2058,2,22,33,23988,26144,1,FEASIBLE,WORSE
2059,2,22,34,24738,26833,1,FEASIBLE,WORSE
2060,2,22,35,24426,26576,1,FEASIBLE,WORSE
2061,2,22,36,23610,25729,1,FEASIBLE,WORSE
2062,2,22,37,23891,26062,1,FEASIBLE,WORSE
2063,2,22,38,25091,27217,1,FEASIBLE,WORSE
2064,2,22,39,24262,26429,1,FEASIBLE,WORSE
2065,2,22,40,25441,27507,0,CAPACITY_EXCEEDED,INVALID
2066,2,22,41,25308,27447,1,FEASIBLE,WORSE
2067,2,22,42,24569,26715,1,FEASIBLE,WORSE
2068,2,22,43,24781,26880,1,FEASIBLE,WORSE
2069,2,22,44,25170,27253,1,FEASIBLE,WORSE
2070,2,22,45,23736,25818,1,FEASIBLE,WORSE
2071,2,22,46,23511,25671,1,FEASIBLE,WORSE
2072,2,22,47,24871,26975,1,FEASIBLE,WORSE
2073,2,22,48,23617,25758,1,FEASIBLE,WORSE
2074,2,22,49,23777,25875,1,FEASIBLE,WORSE
2075,2,22,50,24752,26818,1,FEASIBLE,WORSE
2076,2,22,51,25036,27101,1,FEASIBLE,WORSE
2077,2,22,52,25331,27422,1,FEASIBLE,WORSE
2078,2,22,53,23601,25719,1,FEASIBLE,WORSE
2079,2,22,54,24954,27048,1,FEASIBLE,WORSE
2080,2,22,55,23858,25979,1,FEASIBLE,WORSE
2081,2,22,56,24413,26518,1,FEASIBLE,WORSE
2082,2,22,57,24205,26358,1,FEASIBLE,WORSE
2083,2,22,58,25246,27352,1,FEASIBLE,WORSE
2084,2,22,59,24033,26099,1,FEASIBLE,WORSE
2085,2,22,60,24274,26376,1,FEASIBLE,WORSE
2086,2,22,61,23899,26058,1,FEASIBLE,WORSE
2087,2,22,62,25152,27258,1,FEASIBLE,WORSE
2088,2,22,63,23773,25905,1,FEASIBLE,WORSE
2089,2,22,64,24823,26964,1,FEASIBLE,WORSE
2090,2,22,65,24009,26156,1,FEASIBLE,WORSE
2091,2,22,66,24957,27083,1,FEASIBLE,WORSE
2092,2,22,67,23669,25805,1,FEASIBLE,WORSE
2093,2,22,68,24969,27042,1,FEASIBLE,WORSE
2094,2,22,69,24842,26964,1,FEASIBLE,WORSE
2095,2,22,70,23958,26026,1,FEASIBLE,WORSE
2096,2,22,71,24418,26496,1,FEASIBLE,WORSE
2097,2,22,72,24404,26565,1,FEASIBLE,WORSE
2098,2,22,73,23744,25834,1,FEASIBLE,WORSE
2099,2,22,74,25432,27556,0,CAPACITY_EXCEEDED,INVALID
2100,2,22,75,23854,25928,1,FEASIBLE,WORSE
2101,2,22,76,24054,26167,1,FEASIBLE,WORSE
2102,2,22,77,24277,26456,1,FEASIBLE,WORSE
2103,2,22,78,24951,27063,1,FEASIBLE,WORSE
2104,2,22,79,25431,27494,0,CAPACITY_EXCEEDED,INVALID
2105,2,22,80,23677,25763,1,FEASIBLE,WORSE
2106,2,22,81,24988,27057,1,FEASIBLE,WORSE
2107,2,22,82,23587,25685,1,FEASIBLE,WORSE
2108,2,22,83,24215,26284,1,FEASIBLE,WORSE
2109,2,22,84,24962,27138,1,FEASIBLE,WORSE
2110,2,22,85,25401,27497,0,CAPACITY_EXCEEDED,INVALID
2111,2,22,86,23870,25958,1,FEASIBLE,WORSE
2112,2,22,87,23988,26055,1,FEASIBLE,WORSE
2113,2,22,88,24178,26299,1,FEASIBLE,WORSE
2114,2,22,89,23900,26060,1,FEASIBLE,WORSE
2115,2,22,90,25406,27543,0,CAPACITY_EXCEEDED,INVALID
2116,2,22,91,24442,26573,1,FEASIBLE,WORSE
2117,2,22,92,25232,27335,1,FEASIBLE,WORSE
2118,2,22,93,23627,25754,1,FEASIBLE,WORSE
2119,2,22,94,25335,27484,1,FEASIBLE,WORSE
2120,2,22,95,25189,27290,1,FEASIBLE,WORSE
2121,2,22,96,25258,27340,1,FEASIBLE,WORSE
2122,2,22,97,23929,26058,1,FEASIBLE,WORSE
2123,2,22,98,25010,27131,1,FEASIBLE,WORSE
2124,2,22,99,24875,27037,1,FEASIBLE,WORSE
2125,2,23,24,25987,28003,0,CAPACITY_EXCEEDED,INVALID
2126,2,23,25,26193,28208,0,CAPACITY_EXCEEDED,INVALID
2127,2,23,26,25740,27784,0,CAPACITY_EXCEEDED,INVALID
2128,2,23,27,25992,28055,0,CAPACITY_EXCEEDED,INVALID
2129,2,23,28,26208,28243,0,CAPACITY_EXCEEDED,INVALID
2130,2,23,29,25274,27362,1,FEASIBLE,WORSE
2131,2,23,30,26004,28086,0,CAPACITY_EXCEEDED,INVALID
2132,2,23,31,26001,28027,0,CAPACITY_EXCEEDED,INVALID
2133,2,23,32,25989,28034,0,CAPACITY_EXCEEDED,INVALID
2134,2,23,33,25310,27417,1,FEASIBLE,WORSE
2135,2,23,34,26060,28106,0,CAPACITY_EXCEEDED,INVALID
2136,2,23,35,25748,27849,0,CAPACITY_EXCEEDED,INVALID
2137,2,23,36,24932,27002,1,FEASIBLE,WORSE
2138,2,23,37,25213,27335,1,FEASIBLE,WORSE
2139,2,23,38,26413,28490,0,CAPACITY_EXCEEDED,INVALID
2140,2,23,39,25584,27702,0,CAPACITY_EXCEEDED,INVALID
2141,2,23,40,26763,28780,0,CAPACITY_EXCEEDED,INVALID
2142,2,23,41,26630,28720,0,CAPACITY_EXCEEDED,INVALID
2143,2,23,42,25891,27988,0,CAPACITY_EXCEEDED,INVALID
2144,2,23,43,26103,28153,0,CAPACITY_EXCEEDED,INVALID
2145,2,23,44,26492,28526,0,CAPACITY_EXCEEDED,INVALID
2146,2,23,45,25058,27091,1,FEASIBLE,WORSE
2147,2,23,46,24833,26944,1,FEASIBLE,WORSE
2148,2,23,47,26193,28248,0,CAPACITY_EXCEEDED,INVALID
2149,2,23,48,24939,27031,1,FEASIBLE,WORSE
2150,2,23,49,25099,27148,1,FEASIBLE,WORSE
2151,2,23,50,26074,28091,0,CAPACITY_EXCEEDED,INVALID
2152,2,23,51,26358,28374,0,CAPACITY_EXCEEDED,INVALID
2153,2,23,52,26653,28695,0,CAPACITY_EXCEEDED,INVALID
2154,2,23,53,24923,26992,1,FEASIBLE,WORSE
2155,2,23,54,26276,28321,0,CAPACITY_EXCEEDED,INVALID
2156,2,23,55,25180,27252,1,FEASIBLE,WORSE
2157,2,23,56,25735,27791,0,CAPACITY_EXCEEDED,INVALID
2158,2,23,57,25527,27631,0,CAPACITY_EXCEEDED,INVALID
2159,2,23,58,26568,28625,0,CAPACITY_EXCEEDED,INVALID
2160,2,23,59,25355,27372,1,FEASIBLE,WORSE
2161,2,23,60,25596,27649,0,CAPACITY_EXCEEDED,INVALID
2162,2,23,61,25221,27331,1,FEASIBLE,WORSE
2163,2,23,62,26474,28531,0,CAPACITY_EXCEEDED,INVALID
2164,2,23,63,25095,27178,1,FEASIBLE,WORSE
2165,2,23,64,26145,28237,0,CAPACITY_EXCEEDED,INVALID
2166,2,23,65,25331,27429,1,FEASIBLE,WORSE
2167,2,23,66,26279,28356,0,CAPACITY_EXCEEDED,INVALID
2168,2,23,67,24991,27078,1,FEASIBLE,WORSE
2169,2,23,68,26291,28315,0,CAPACITY_EXCEEDED,INVALID
2170,2,23,69,26164,28237,0,CAPACITY_EXCEEDED,INVALID
2171,2,23,70,25280,27299,1,FEASIBLE,WORSE
2172,2,23,71,25740,27769,0,CAPACITY_EXCEEDED,INVALID
2173,2,23,72,25726,27838,0,CAPACITY_EXCEEDED,INVALID
2174,2,23,73,25066,27107,1,FEASIBLE,WORSE
2175,2,23,74,26754,28829,0,CAPACITY_EXCEEDED,INVALID
2176,2,23,75,25176,27201,1,FEASIBLE,WORSE
2177,2,23,76,25376,27440,1,FEASIBLE,WORSE
2178,2,23,77,25599,27729,0,CAPACITY_EXCEEDED,INVALID
2179,2,23,78,26273,28336,0,CAPACITY_EXCEEDED,INVALID
2180,2,23,79,26753,28767,0,CAPACITY_EXCEEDED,INVALID
2181,2,23,80,24999,27036,1,FEASIBLE,WORSE
2182,2,23,81,26310,28330,0,CAPACITY_EXCEEDED,INVALID
2183,2,23,82,24909,26958,1,FEASIBLE,WORSE
2184,2,23,83,25537,27557,0,CAPACITY_EXCEEDED,INVALID
2185,2,23,84,26284,28411,0,CAPACITY_EXCEEDED,INVALID
2186,2,23,85,26723,28770,0,CAPACITY_EXCEEDED,INVALID
2187,2,23,86,25192,27231,1,FEASIBLE,WORSE
2188,2,23,87,25310,27328,1,FEASIBLE,WORSE
2189,2,23,88,25500,27572,0,CAPACITY_EXCEEDED,INVALID
2190,2,23,89,25222,27333,1,FEASIBLE,WORSE
2191,2,23,90,26728,28816,0,CAPACITY_EXCEEDED,INVALID
2192,2,23,91,25764,27846,0,CAPACITY_EXCEEDED,INVALID
2193,2,23,92,26554,28608,0,CAPACITY_EXCEEDED,INVALID
2194,2,23,93,24949,27027,1,FEASIBLE,WORSE
2195,2,23,94,26657,28757,0,CAPACITY_EXCEEDED,INVALID
2196,2,23,95,26511,28563,0,CAPACITY_EXCEEDED,INVALID
2197,2,23,96,26580,28613,0,CAPACITY_EXCEEDED,INVALID
2198,2,23,97,25251,27331,1,FEASIBLE,WORSE
2199,2,23,98,26332,28404,0,CAPACITY_EXCEEDED,INVALID
2200,2,23,99,26197,28310,0,CAPACITY_EXCEEDED,INVALID
2201,2,24,25,26028,28030,0,CAPACITY_EXCEEDED,INVALID
2202,2,24,26,25575,27606,0,CAPACITY_EXCEEDED,INVALID
2203,2,24,27,25827,27877,0,CAPACITY_EXCEEDED,INVALID
2204,2,24,28,26043,28065,0,CAPACITY_EXCEEDED,INVALID
2205,2,24,29,25109,27184,1,FEASIBLE,WORSE
2206,2,24,30,25839,27908,0,CAPACITY_EXCEEDED,INVALID
2207,2,24,31,25836,27849,0,CAPACITY_EXCEEDED,INVALID
2208,2,24,32,25824,27856,0,CAPACITY_EXCEEDED,INVALID
2209,2,24,33,25145,27239,1,FEASIBLE,WORSE
2210,2,24,34,25895,27928,0,CAPACITY_EXCEEDED,INVALID
2211,2,24,35,25583,27671,0,CAPACITY_EXCEEDED,INVALID
2212,2,24,36,24767,26824,1,FEASIBLE,WORSE
2213,2,24,37,25048,27157,1,FEASIBLE,WORSE
2214,2,24,38,26248,28312,0,CAPACITY_EXCEEDED,INVALID
2215,2,24,39,25419,27524,0,CAPACITY_EXCEEDED,INVALID
2216,2,24,40,26598,28602,0,CAPACITY_EXCEEDED,INVALID
2217,2,24,41,26465,28542,0,CAPACITY_EXCEEDED,INVALID
2218,2,24,42,25726,27810,0,CAPACITY_EXCEEDED,INVALID
2219,2,24,43,25938,27975,0,CAPACITY_EXCEEDED,INVALID
2220,2,24,44,26327,28348,0,CAPACITY_EXCEEDED,INVALID
2221,2,24,45,24893,26913,1,FEASIBLE,WORSE
2222,2,24,46,24668,26766,1,FEASIBLE,WORSE
2223,2,24,47,26028,28070,0,CAPACITY_EXCEEDED,INVALID
2224,2,24,48,24774,26853,1,FEASIBLE,WORSE
2225,2,24,49,24934,26970,1,FEASIBLE,WORSE
2226,2,24,50,25909,27913,0,CAPACITY_EXCEEDED,INVALID
2227,2,24,51,26193,28196,0,CAPACITY_EXCEEDED,INVALID
2228,2,24,52,26488,28517,0,CAPACITY_EXCEEDED,INVALID
2229,2,24,53,24758,26814,1,FEASIBLE,WORSE
2230,2,24,54,26111,28143,0,CAPACITY_EXCEEDED,INVALID
2231,2,24,55,25015,27074,1,FEASIBLE,WORSE
2232,2,24,56,25570,27613,0,CAPACITY_EXCEEDED,INVALID
2233,2,24,57,25362,27453,1,FEASIBLE,WORSE
2234,2,24,58,26403,28447,0,CAPACITY_EXCEEDED,INVALID
2235,2,24,59,25190,27194,1,FEASIBLE,WORSE
2236,2,24,60,25431,27471,0,CAPACITY_EXCEEDED,INVALID
2237,2,24,61,25056,27153,1,FEASIBLE,WORSE
2238,2,24,62,26309,28353,0,CAPACITY_EXCEEDED,INVALID
2239,2,24,63,24930,27000,1,FEASIBLE,WORSE
2240,2,24,64,25980,28059,0,CAPACITY_EXCEEDED,INVALID
2241,2,24,65,25166,27251,1,FEASIBLE,WORSE
2242,2,24,66,26114,28178,0,CAPACITY_EXCEEDED,INVALID
2243,2,24,67,24826,26900,1,FEASIBLE,WORSE
2244,2,24,68,26126,28137,0,CAPACITY_EXCEEDED,INVALID
2245,2,24,69,25999,28059,0,CAPACITY_EXCEEDED,INVALID
2246,2,24,70,25115,27121,1,FEASIBLE,WORSE
2247,2,24,71,25575,27591,0,CAPACITY_EXCEEDED,INVALID
2248,2,24,72,25561,27660,0,CAPACITY_EXCEEDED,INVALID
2249,2,24,73,24901,26929,1,FEASIBLE,WORSE
2250,2,24,74,26589,28651,0,CAPACITY_EXCEEDED,INVALID
2251,2,24,75,25011,27023,1,FEASIBLE,WORSE
2252,2,24,76,25211,27262,1,FEASIBLE,WORSE
2253,2,24,77,25434,27551,0,CAPACITY_EXCEEDED,INVALID
2254,2,24,78,26108,28158,0,CAPACITY_EXCEEDED,INVALID
2255,2,24,79,26588,28589,0,CAPACITY_EXCEEDED,INVALID
2256,2,24,80,24834,26858,1,FEASIBLE,WORSE
2257,2,24,81,26145,28152,0,CAPACITY_EXCEEDED,INVALID
2258,2,24,82,24744,26780,1,FEASIBLE,WORSE
2259,2,24,83,25372,27379,1,FEASIBLE,WORSE
2260,2,24,84,26119,28233,0,CAPACITY_EXCEEDED,INVALID
2261,2,24,85,26558,28592,0,CAPACITY_EXCEEDED,INVALID
2262,2,24,86,25027,27053,1,FEASIBLE,WORSE
2263,2,24,87,25145,27150,1,FEASIBLE,WORSE
2264,2,24,88,25335,27394,1,FEASIBLE,WORSE
2265,2,24,89,25057,27155,1,FEASIBLE,WORSE
2266,2,24,90,26563,28638,0,CAPACITY_EXCEEDED,INVALID
2267,2,24,91,25599,27668,0,CAPACITY_EXCEEDED,INVALID
2268,2,24,92,26389,28430,0,CAPACITY_EXCEEDED,INVALID
2269,2,24,93,24784,26849,1,FEASIBLE,WORSE
2270,2,24,94,26492,28579,0,CAPACITY_EXCEEDED,INVALID
2271,2,24,95,26346,28385,0,CAPACITY_EXCEEDED,INVALID
2272,2,24,96,26415,28435,0,CAPACITY_EXCEEDED,INVALID
2273,2,24,97,25086,27153,1,FEASIBLE,WORSE
2274,2,24,98,26167,28226,0,CAPACITY_EXCEEDED,INVALID
2275,2,24,99,26032,28132,0,CAPACITY_EXCEEDED,INVALID
2276,2,25,26,25781,27811,0,CAPACITY_EXCEEDED,INVALID
2277,2,25,27,26033,28082,0,CAPACITY_EXCEEDED,INVALID
2278,2,25,28,26249,28270,0,CAPACITY_EXCEEDED,INVALID
2279,2,25,29,25315,27389,1,FEASIBLE,WORSE
2280,2,25,30,26045,28113,0,CAPACITY_EXCEEDED,INVALID
2281,2,25,31,26042,28054,0,CAPACITY_EXCEEDED,INVALID
2282,2,25,32,26030,28061,0,CAPACITY_EXCEEDED,INVALID
2283,2,25,33,25351,27444,1,FEASIBLE,WORSE
2284,2,25,34,26101,28133,0,CAPACITY_EXCEEDED,INVALID
2285,2,25,35,25789,27876,0,CAPACITY_EXCEEDED,INVALID
2286,2,25,36,24973,27029,1,FEASIBLE,WORSE
2287,2,25,37,25254,27362,1,FEASIBLE,WORSE
2288,2,25,38,26454,28517,0,CAPACITY_EXCEEDED,INVALID
2289,2,25,39,25625,27729,0,CAPACITY_EXCEEDED,INVALID
2290,2,25,40,26804,28807,0,CAPACITY_EXCEEDED,INVALID
2291,2,25,41,26671,28747,0,CAPACITY_EXCEEDED,INVALID
2292,2,25,42,25932,28015,0,CAPACITY_EXCEEDED,INVALID
2293,2,25,43,26144,28180,0,CAPACITY_EXCEEDED,INVALID
2294,2,25,44,26533,28553,0,CAPACITY_EXCEEDED,INVALID
2295,2,25,45,25099,27118,1,FEASIBLE,WORSE
2296,2,25,46,24874,26971,1,FEASIBLE,WORSE
2297,2,25,47,26234,28275,0,CAPACITY_EXCEEDED,INVALID
2298,2,25,48,24980,27058,1,FEASIBLE,WORSE
2299,2,25,49,25140,27175,1,FEASIBLE,WORSE
2300,2,25,50,26115,28118,0,CAPACITY_EXCEEDED,INVALID
2301,2,25,51,26399,28401,0,CAPACITY_EXCEEDED,INVALID
2302,2,25,52,26694,28722,0,CAPACITY_EXCEEDED,INVALID
2303,2,25,53,24964,27019,1,FEASIBLE,WORSE
2304,2,25,54,26317,28348,0,CAPACITY_EXCEEDED,INVALID
2305,2,25,55,25221,27279,1,FEASIBLE,WORSE
2306,2,25,56,25776,27818,0,CAPACITY_EXCEEDED,INVALID
2307,2,25,57,25568,27658,0,CAPACITY_EXCEEDED,INVALID
2308,2,25,58,26609,28652,0,CAPACITY_EXCEEDED,INVALID
2309,2,25,59,25396,27399,0,CAPACITY_EXCEEDED,INVALID
2310,2,25,60,25637,27676,0,CAPACITY_EXCEEDED,INVALID
2311,2,25,61,25262,27358,1,FEASIBLE,WORSE
2312,2,25,62,26515,28558,0,CAPACITY_EXCEEDED,INVALID
2313,2,25,63,25136,27205,1,FEASIBLE,WORSE
2314,2,25,64,26186,28264,0,CAPACITY_EXCEEDED,INVALID
2315,2,25,65,25372,27456,1,FEASIBLE,WORSE
2316,2,25,66,26320,28383,0,CAPACITY_EXCEEDED,INVALID
2317,2,25,67,25032,27105,1,FEASIBLE,WORSE
2318,2,25,68,26332,28342,0,CAPACITY_EXCEEDED,INVALID
2319,2,25,69,26205,28264,0,CAPACITY_EXCEEDED,INVALID
2320,2,25,70,25321,27326,1,FEASIBLE,WORSE
2321,2,25,71,25781,27796,0,CAPACITY_EXCEEDED,INVALID
2322,2,25,72,25767,27865,0,CAPACITY_EXCEEDED,INVALID
2323,2,25,73,25107,27134,1,FEASIBLE,WORSE
2324,2,25,74,26795,28856,0,CAPACITY_EXCEEDED,INVALID
2325,2,25,75,25217,27228,1,FEASIBLE,WORSE
2326,2,25,76,25417,27467,0,CAPACITY_EXCEEDED,INVALID
2327,2,25,77,25640,27756,0,CAPACITY_EXCEEDED,INVALID
2328,2,25,78,26314,28363,0,CAPACITY_EXCEEDED,INVALID
2329,2,25,79,26794,28794,0,CAPACITY_EXCEEDED,INVALID
2330,2,25,80,25040,27063,1,FEASIBLE,WORSE
2331,2,25,81,26351,28357,0,CAPACITY_EXCEEDED,INVALID
2332,2,25,82,24950,26985,1,FEASIBLE,WORSE
2333,2,25,83,25578,27584,0,CAPACITY_EXCEEDED,INVALID
2334,2,25,84,26325,28438,0,CAPACITY_EXCEEDED,INVALID
2335,2,25,85,26764,28797,0,CAPACITY_EXCEEDED,INVALID
2336,2,25,86,25233,27258,1,FEASIBLE,WORSE
2337,2,25,87,25351,27355,1,FEASIBLE,WORSE
2338,2,25,88,25541,27599,0,CAPACITY_EXCEEDED,INVALID
2339,2,25,89,25263,27360,1,FEASIBLE,WORSE
2340,2,25,90,26769,28843,0,CAPACITY_EXCEEDED,INVALID
2341,2,25,91,25805,27873,0,CAPACITY_EXCEEDED,INVALID
2342,2,25,92,26595,28635,0,CAPACITY_EXCEEDED,INVALID
2343,2,25,93,24990,27054,1,FEASIBLE,WORSE
2344,2,25,94,26698,28784,0,CAPACITY_EXCEEDED,INVALID
2345,2,25,95,26552,28590,0,CAPACITY_EXCEEDED,INVALID
2346,2,25,96,26621,28640,0,CAPACITY_EXCEEDED,INVALID
2347,2,25,97,25292,27358,1,FEASIBLE,WORSE
2348,2,25,98,26373,28431,0,CAPACITY_EXCEEDED,INVALID
2349,2,25,99,26238,28337,0,CAPACITY_EXCEEDED,INVALID
2350,2,26,27,25580,27658,0,CAPACITY_EXCEEDED,INVALID
2351,2,26,28,25796,27846,0,CAPACITY_EXCEEDED,INVALID
2352,2,26,29,24862,26965,1,FEASIBLE,WORSE
2353,2,26,30,25592,27689,0,CAPACITY_EXCEEDED,INVALID
2354,2,26,31,25589,27630,0,CAPACITY_EXCEEDED,INVALID
2355,2,26,32,25577,27637,0,CAPACITY_EXCEEDED,INVALID
2356,2,26,33,24898,27020,1,FEASIBLE,WORSE
2357,2,26,34,25648,27709,0,CAPACITY_EXCEEDED,INVALID
2358,2,26,35,25336,27452,1,FEASIBLE,WORSE
2359,2,26,36,24520,26605,1,FEASIBLE,WORSE
2360,2,26,37,24801,26938,1,FEASIBLE,WORSE
2361,2,26,38,26001,28093,0,CAPACITY_EXCEEDED,INVALID
2362,2,26,39,25172,27305,1,FEASIBLE,WORSE
2363,2,26,40,26351,28383,0,CAPACITY_EXCEEDED,INVALID
2364,2,26,41,26218,28323,0,CAPACITY_EXCEEDED,INVALID
2365,2,26,42,25479,27591,0,CAPACITY_EXCEEDED,INVALID
2366,2,26,43,25691,27756,0,CAPACITY_EXCEEDED,INVALID
2367,2,26,44,26080,28129,0,CAPACITY_EXCEEDED,INVALID
2368,2,26,45,24646,26694,1,FEASIBLE,WORSE
2369,2,26,46,24421,26547,1,FEASIBLE,WORSE
2370,2,26,47,25781,27851,0,CAPACITY_EXCEEDED,INVALID
2371,2,26,48,24527,26634,1,FEASIBLE,WORSE
2372,2,26,49,24687,26751,1,FEASIBLE,WORSE
2373,2,26,50,25662,27694,0,CAPACITY_EXCEEDED,INVALID
2374,2,26,51,25946,27977,0,CAPACITY_EXCEEDED,INVALID
2375,2,26,52,26241,28298,0,CAPACITY_EXCEEDED,INVALID
2376,2,26,53,24511,26595,1,FEASIBLE,WORSE
2377,2,26,54,25864,27924,0,CAPACITY_EXCEEDED,INVALID
2378,2,26,55,24768,26855,1,FEASIBLE,WORSE
2379,2,26,56,25323,27394,1,FEASIBLE,WORSE
2380,2,26,57,25115,27234,1,FEASIBLE,WORSE
2381,2,26,58,26156,28228,0,CAPACITY_EXCEEDED,INVALID
2382,2,26,59,24943,26975,1,FEASIBLE,WORSE
2383,2,26,60,25184,27252,1,FEASIBLE,WORSE
2384,2,26,61,24809,26934,1,FEASIBLE,WORSE
2385,2,26,62,26062,28134,0,CAPACITY_EXCEEDED,INVALID
2386,2,26,63,24683,26781,1,FEASIBLE,WORSE
2387,2,26,64,25733,27840,0,CAPACITY_EXCEEDED,INVALID
2388,2,26,65,24919,27032,1,FEASIBLE,WORSE
2389,2,26,66,25867,27959,0,CAPACITY_EXCEEDED,INVALID
2390,2,26,67,24579,26681,1,FEASIBLE,WORSE
2391,2,26,68,25879,27918,0,CAPACITY_EXCEEDED,INVALID
2392,2,26,69,25752,27840,0,CAPACITY_EXCEEDED,INVALID
2393,2,26,70,24868,26902,1,FEASIBLE,WORSE
2394,2,26,71,25328,27372,1,FEASIBLE,WORSE
2395,2,26,72,25314,27441,1,FEASIBLE,WORSE
2396,2,26,73,24654,26710,1,FEASIBLE,WORSE
2397,2,26,74,26342,28432,0,CAPACITY_EXCEEDED,INVALID
2398,2,26,75,24764,26804,1,FEASIBLE,WORSE
2399,2,26,76,24964,27043,1,FEASIBLE,WORSE
2400,2,26,77,25187,27332,1,FEASIBLE,WORSE
2401,2,26,78,25861,27939,0,CAPACITY_EXCEEDED,INVALID
2402,2,26,79,26341,28370,0,CAPACITY_EXCEEDED,INVALID
2403,2,26,80,24587,26639,1,FEASIBLE,WORSE
2404,2,26,81,25898,27933,0,CAPACITY_EXCEEDED,INVALID
2405,2,26,82,24497,26561,1,FEASIBLE,WORSE
2406,2,26,83,25125,27160,1,FEASIBLE,WORSE
2407,2,26,84,25872,28014,0,CAPACITY_EXCEEDED,INVALID
2408,2,26,85,26311,28373,0,CAPACITY_EXCEEDED,INVALID
2409,2,26,86,24780,26834,1,FEASIBLE,WORSE
2410,2,26,87,24898,26931,1,FEASIBLE,WORSE
2411,2,26,88,25088,27175,1,FEASIBLE,WORSE
2412,2,26,89,24810,26936,1,FEASIBLE,WORSE
2413,2,26,90,26316,28419,0,CAPACITY_EXCEEDED,INVALID
2414,2,26,91,25352,27449,1,FEASIBLE,WORSE
2415,2,26,92,26142,28211,0,CAPACITY_EXCEEDED,INVALID
2416,2,26,93,24537,26630,1,FEASIBLE,WORSE
2417,2,26,94,26245,28360,0,CAPACITY_EXCEEDED,INVALID
2418,2,26,95,26099,28166,0,CAPACITY_EXCEEDED,INVALID
2419,2,26,96,26168,28216,0,CAPACITY_EXCEEDED,INVALID
2420,2,26,97,24839,26934,1,FEASIBLE,WORSE
2421,2,26,98,25920,28007,0,CAPACITY_EXCEEDED,INVALID
2422,2,26,99,25785,27913,0,CAPACITY_EXCEEDED,INVALID
2423,2,27,28,26048,28117,0,CAPACITY_EXCEEDED,INVALID
2424,2,27,29,25114,27236,1,FEASIBLE,WORSE
2425,2,27,30,25844,27960,0,CAPACITY_EXCEEDED,INVALID
2426,2,27,31,25841,27901,0,CAPACITY_EXCEEDED,INVALID
2427,2,27,32,25829,27908,0,CAPACITY_EXCEEDED,INVALID
2428,2,27,33,25150,27291,1,FEASIBLE,WORSE
2429,2,27,34,25900,27980,0,CAPACITY_EXCEEDED,INVALID
2430,2,27,35,25588,27723,0,CAPACITY_EXCEEDED,INVALID
2431,2,27,36,24772,26876,1,FEASIBLE,WORSE
2432,2,27,37,25053,27209,1,FEASIBLE,WORSE
2433,2,27,38,26253,28364,0,CAPACITY_EXCEEDED,INVALID
2434,2,27,39,25424,27576,0,CAPACITY_EXCEEDED,INVALID
2435,2,27,40,26603,28654,0,CAPACITY_EXCEEDED,INVALID
2436,2,27,41,26470,28594,0,CAPACITY_EXCEEDED,INVALID
2437,2,27,42,25731,27862,0,CAPACITY_EXCEEDED,INVALID
2438,2,27,43,25943,28027,0,CAPACITY_EXCEEDED,INVALID
2439,2,27,44,26332,28400,0,CAPACITY_EXCEEDED,INVALID
2440,2,27,45,24898,26965,1,FEASIBLE,WORSE
2441,2,27,46,24673,26818,1,FEASIBLE,WORSE
2442,2,27,47,26033,28122,0,CAPACITY_EXCEEDED,INVALID
2443,2,27,48,24779,26905,1,FEASIBLE,WORSE
2444,2,27,49,24939,27022,1,FEASIBLE,WORSE
2445,2,27,50,25914,27965,0,CAPACITY_EXCEEDED,INVALID
2446,2,27,51,26198,28248,0,CAPACITY_EXCEEDED,INVALID
2447,2,27,52,26493,28569,0,CAPACITY_EXCEEDED,INVALID
2448,2,27,53,24763,26866,1,FEASIBLE,WORSE
2449,2,27,54,26116,28195,0,CAPACITY_EXCEEDED,INVALID
2450,2,27,55,25020,27126,1,FEASIBLE,WORSE
2451,2,27,56,25575,27665,0,CAPACITY_EXCEEDED,INVALID
2452,2,27,57,25367,27505,1,FEASIBLE,WORSE
2453,2,27,58,26408,28499,0,CAPACITY_EXCEEDED,INVALID
2454,2,27,59,25195,27246,1,FEASIBLE,WORSE
2455,2,27,60,25436,27523,0,CAPACITY_EXCEEDED,INVALID
2456,2,27,61,25061,27205,1,FEASIBLE,WORSE
2457,2,27,62,26314,28405,0,CAPACITY_EXCEEDED,INVALID
2458,2,27,63,24935,27052,1,FEASIBLE,WORSE
2459,2,27,64,25985,28111,0,CAPACITY_EXCEEDED,INVALID
2460,2,27,65,25171,27303,1,FEASIBLE,WORSE
2461,2,27,66,26119,28230,0,CAPACITY_EXCEEDED,INVALID
2462,2,27,67,24831,26952,1,FEASIBLE,WORSE
2463,2,27,68,26131,28189,0,CAPACITY_EXCEEDED,INVALID
2464,2,27,69,26004,28111,0,CAPACITY_EXCEEDED,INVALID
2465,2,27,70,25120,27173,1,FEASIBLE,WORSE
2466,2,27,71,25580,27643,0,CAPACITY_EXCEEDED,INVALID
2467,2,27,72,25566,27712,0,CAPACITY_EXCEEDED,INVALID
2468,2,27,73,24906,26981,1,FEASIBLE,WORSE
2469,2,27,74,26594,28703,0,CAPACITY_EXCEEDED,INVALID
2470,2,27,75,25016,27075,1,FEASIBLE,WORSE
2471,2,27,76,25216,27314,1,FEASIBLE,WORSE
2472,2,27,77,25439,27603,0,CAPACITY_EXCEEDED,INVALID
2473,2,27,78,26113,28210,0,CAPACITY_EXCEEDED,INVALID
2474,2,27,79,26593,28641,0,CAPACITY_EXCEEDED,INVALID
2475,2,27,80,24839,26910,1,FEASIBLE,WORSE
2476,2,27,81,26150,28204,0,CAPACITY_EXCEEDED,INVALID
2477,2,27,82,24749,26832,1,FEASIBLE,WORSE
2478,2,27,83,25377,27431,1,FEASIBLE,WORSE
2479,2,27,84,26124,28285,0,CAPACITY_EXCEEDED,INVALID
2480,2,27,85,26563,28644,0,CAPACITY_EXCEEDED,INVALID
2481,2,27,86,25032,27105,1,FEASIBLE,WORSE
2482,2,27,87,25150,27202,1,FEASIBLE,WORSE
2483,2,27,88,25340,27446,1,FEASIBLE,WORSE
2484,2,27,89,25062,27207,1,FEASIBLE,WORSE
2485,2,27,90,26568,28690,0,CAPACITY_EXCEEDED,INVALID
2486,2,27,91,25604,27720,0,CAPACITY_EXCEEDED,INVALID
2487,2,27,92,26394,28482,0,CAPACITY_EXCEEDED,INVALID
2488,2,27,93,24789,26901,1,FEASIBLE,WORSE
2489,2,27,94,26497,28631,0,CAPACITY_EXCEEDED,INVALID
2490,2,27,95,26351,28437,0,CAPACITY_EXCEEDED,INVALID
2491,2,27,96,26420,28487,0,CAPACITY_EXCEEDED,INVALID
2492,2,27,97,25091,27205,1,FEASIBLE,WORSE
2493,2,27,98,26172,28278,0,CAPACITY_EXCEEDED,INVALID
2494,2,27,99,26037,28184,0,CAPACITY_EXCEEDED,INVALID
2495,2,28,29,25330,27424,1,FEASIBLE,WORSE
2496,2,28,30,26060,28148,0,CAPACITY_EXCEEDED,INVALID
2497,2,28,31,26057,28089,0,CAPACITY_EXCEEDED,INVALID
2498,2,28,32,26045,28096,0,CAPACITY_EXCEEDED,INVALID
2499,2,28,33,25366,27479,1,FEASIBLE,WORSE
2500,2,28,34,26116,28168,0,CAPACITY_EXCEEDED,INVALID
2501,2,28,35,25804,27911,0,CAPACITY_EXCEEDED,INVALID
2502,2,28,36,24988,27064,1,FEASIBLE,WORSE
2503,2,28,37,25269,27397,1,FEASIBLE,WORSE
2504,2,28,38,26469,28552,0,CAPACITY_EXCEEDED,INVALID
2505,2,28,39,25640,27764,0,CAPACITY_EXCEEDED,INVALID
2506,2,28,40,26819,28842,0,CAPACITY_EXCEEDED,INVALID
2507,2,28,41,26686,28782,0,CAPACITY_EXCEEDED,INVALID
2508,2,28,42,25947,28050,0,CAPACITY_EXCEEDED,INVALID
2509,2,28,43,26159,28215,0,CAPACITY_EXCEEDED,INVALID
2510,2,28,44,26548,28588,0,CAPACITY_EXCEEDED,INVALID
2511,2,28,45,25114,27153,1,FEASIBLE,WORSE
2512,2,28,46,24889,27006,1,FEASIBLE,WORSE
2513,2,28,47,26249,28310,0,CAPACITY_EXCEEDED,INVALID
2514,2,28,48,24995,27093,1,FEASIBLE,WORSE
2515,2,28,49,25155,27210,1,FEASIBLE,WORSE
2516,2,28,50,26130,28153,0,CAPACITY_EXCEEDED,INVALID
2517,2,28,51,26414,28436,0,CAPACITY_EXCEEDED,INVALID
2518,2,28,52,26709,28757,0,CAPACITY_EXCEEDED,INVALID
2519,2,28,53,24979,27054,1,FEASIBLE,WORSE
2520,2,28,54,26332,28383,0,CAPACITY_EXCEEDED,INVALID
2521,2,28,55,25236,27314,1,FEASIBLE,WORSE
2522,2,28,56,25791,27853,0,CAPACITY_EXCEEDED,INVALID
2523,2,28,57,25583,27693,0,CAPACITY_EXCEEDED,INVALID
2524,2,28,58,26624,28687,0,CAPACITY_EXCEEDED,INVALID
2525,2,28,59,25411,27434,0,CAPACITY_EXCEEDED,INVALID
2526,2,28,60,25652,27711,0,CAPACITY_EXCEEDED,INVALID
2527,2,28,61,25277,27393,1,FEASIBLE,WORSE
2528,2,28,62,26530,28593,0,CAPACITY_EXCEEDED,INVALID
2529,2,28,63,25151,27240,1,FEASIBLE,WORSE
2530,2,28,64,26201,28299,0,CAPACITY_EXCEEDED,INVALID
2531,2,28,65,25387,27491,1,FEASIBLE,WORSE
2532,2,28,66,26335,28418,0,CAPACITY_EXCEEDED,INVALID
2533,2,28,67,25047,27140,1,FEASIBLE,WORSE
2534,2,28,68,26347,28377,0,CAPACITY_EXCEEDED,INVALID
2535,2,28,69,26220,28299,0,CAPACITY_EXCEEDED,INVALID
2536,2,28,70,25336,27361,1,FEASIBLE,WORSE
2537,2,28,71,25796,27831,0,CAPACITY_EXCEEDED,INVALID
2538,2,28,72,25782,27900,0,CAPACITY_EXCEEDED,INVALID
2539,2,28,73,25122,27169,1,FEASIBLE,WORSE
2540,2,28,74,26810,28891,0,CAPACITY_EXCEEDED,INVALID
2541,2,28,75,25232,27263,1,FEASIBLE,WORSE
2542,2,28,76,25432,27502,0,CAPACITY_EXCEEDED,INVALID
2543,2,28,77,25655,27791,0,CAPACITY_EXCEEDED,INVALID
2544,2,28,78,26329,28398,0,CAPACITY_EXCEEDED,INVALID
2545,2,28,79,26809,28829,0,CAPACITY_EXCEEDED,INVALID
2546,2,28,80,25055,27098,1,FEASIBLE,WORSE
2547,2,28,81,26366,28392,0,CAPACITY_EXCEEDED,INVALID
2548,2,28,82,24965,27020,1,FEASIBLE,WORSE
2549,2,28,83,25593,27619,0,CAPACITY_EXCEEDED,INVALID
2550,2,28,84,26340,28473,0,CAPACITY_EXCEEDED,INVALID
2551,2,28,85,26779,28832,0,CAPACITY_EXCEEDED,INVALID
2552,2,28,86,25248,27293,1,FEASIBLE,WORSE
2553,2,28,87,25366,27390,1,FEASIBLE,WORSE
2554,2,28,88,25556,27634,0,CAPACITY_EXCEEDED,INVALID
2555,2,28,89,25278,27395,1,FEASIBLE,WORSE
2556,2,28,90,26784,28878,0,CAPACITY_EXCEEDED,INVALID
2557,2,28,91,25820,27908,0,CAPACITY_EXCEEDED,INVALID
2558,2,28,92,26610,28670,0,CAPACITY_EXCEEDED,INVALID
2559,2,28,93,25005,27089,1,FEASIBLE,WORSE
2560,2,28,94,26713,28819,0,CAPACITY_EXCEEDED,INVALID
2561,2,28,95,26567,28625,0,CAPACITY_EXCEEDED,INVALID
2562,2,28,96,26636,28675,0,CAPACITY_EXCEEDED,INVALID
2563,2,28,97,25307,27393,1,FEASIBLE,WORSE
2564,2,28,98,26388,28466,0,CAPACITY_EXCEEDED,INVALID
2565,2,28,99,26253,28372,0,CAPACITY_EXCEEDED,INVALID
2566,2,29,30,25126,27267,1,FEASIBLE,WORSE
2567,2,29,31,25123,27208,1,FEASIBLE,WORSE
2568,2,29,32,25111,27215,1,FEASIBLE,WORSE
2569,2,29,33,24432,26598,1,FEASIBLE,WORSE
2570,2,29,34,25182,27287,1,FEASIBLE,WORSE
2571,2,29,35,24870,27030,1,FEASIBLE,WORSE
2572,2,29,36,24054,26183,1,FEASIBLE,WORSE
2573,2,29,37,24335,26516,1,FEASIBLE,WORSE
2574,2,29,38,25535,27671,0,CAPACITY_EXCEEDED,INVALID
2575,2,29,39,24706,26883,1,FEASIBLE,WORSE
2576,2,29,40,25885,27961,0,CAPACITY_EXCEEDED,INVALID
2577,2,29,41,25752,27901,0,CAPACITY_EXCEEDED,INVALID
2578,2,29,42,25013,27169,1,FEASIBLE,WORSE
2579,2,29,43,25225,27334,1,FEASIBLE,WORSE
2580,2,29,44,25614,27707,0,CAPACITY_EXCEEDED,INVALID
2581,2,29,45,24180,26272,1,FEASIBLE,WORSE
2582,2,29,46,23955,26125,1,FEASIBLE,WORSE
2583,2,29,47,25315,27429,1,FEASIBLE,WORSE
2584,2,29,48,24061,26212,1,FEASIBLE,WORSE
2585,2,29,49,24221,26329,1,FEASIBLE,WORSE
2586,2,29,50,25196,27272,1,FEASIBLE,WORSE
2587,2,29,51,25480,27555,0,CAPACITY_EXCEEDED,INVALID
2588,2,29,52,25775,27876,0,CAPACITY_EXCEEDED,INVALID
2589,2,29,53,24045,26173,1,FEASIBLE,WORSE
2590,2,29,54,25398,27502,0,CAPACITY_EXCEEDED,INVALID
2591,2,29,55,24302,26433,1,FEASIBLE,WORSE
2592,2,29,56,24857,26972,1,FEASIBLE,WORSE
2593,2,29,57,24649,26812,1,FEASIBLE,WORSE
2594,2,29,58,25690,27806,0,CAPACITY_EXCEEDED,INVALID
2595,2,29,59,24477,26553,1,FEASIBLE,WORSE
2596,2,29,60,24718,26830,1,FEASIBLE,WORSE
2597,2,29,61,24343,26512,1,FEASIBLE,WORSE
2598,2,29,62,25596,27712,0,CAPACITY_EXCEEDED,INVALID
2599,2,29,63,24217,26359,1,FEASIBLE,WORSE
2600,2,29,64,25267,27418,1,FEASIBLE,WORSE
2601,2,29,65,24453,26610,1,FEASIBLE,WORSE
2602,2,29,66,25401,27537,0,CAPACITY_EXCEEDED,INVALID
2603,2,29,67,24113,26259,1,FEASIBLE,WORSE
2604,2,29,68,25413,27496,0,CAPACITY_EXCEEDED,INVALID
2605,2,29,69,25286,27418,1,FEASIBLE,WORSE
2606,2,29,70,24402,26480,1,FEASIBLE,WORSE
2607,2,29,71,24862,26950,1,FEASIBLE,WORSE
2608,2,29,72,24848,27019,1,FEASIBLE,WORSE
2609,2,29,73,24188,26288,1,FEASIBLE,WORSE
2610,2,29,74,25876,28010,0,CAPACITY_EXCEEDED,INVALID
2611,2,29,75,24298,26382,1,FEASIBLE,WORSE
2612,2,29,76,24498,26621,1,FEASIBLE,WORSE
2613,2,29,77,24721,26910,1,FEASIBLE,WORSE
2614,2,29,78,25395,27517,0,CAPACITY_EXCEEDED,INVALID
2615,2,29,79,25875,27948,0,CAPACITY_EXCEEDED,INVALID
2616,2,29,80,24121,26217,1,FEASIBLE,WORSE
2617,2,29,81,25432,27511,0,CAPACITY_EXCEEDED,INVALID
2618,2,29,82,24031,26139,1,FEASIBLE,WORSE
2619,2,29,83,24659,26738,1,FEASIBLE,WORSE
2620,2,29,84,25406,27592,0,CAPACITY_EXCEEDED,INVALID
2621,2,29,85,25845,27951,0,CAPACITY_EXCEEDED,INVALID
2622,2,29,86,24314,26412,1,FEASIBLE,WORSE
2623,2,29,87,24432,26509,1,FEASIBLE,WORSE
2624,2,29,88,24622,26753,1,FEASIBLE,WORSE
2625,2,29,89,24344,26514,1,FEASIBLE,WORSE
2626,2,29,90,25850,27997,0,CAPACITY_EXCEEDED,INVALID
2627,2,29,91,24886,27027,1,FEASIBLE,WORSE
2628,2,29,92,25676,27789,0,CAPACITY_EXCEEDED,INVALID
2629,2,29,93,24071,26208,1,FEASIBLE,WORSE
2630,2,29,94,25779,27938,0,CAPACITY_EXCEEDED,INVALID
2631,2,29,95,25633,27744,0,CAPACITY_EXCEEDED,INVALID
2632,2,29,96,25702,27794,0,CAPACITY_EXCEEDED,INVALID
2633,2,29,97,24373,26512,1,FEASIBLE,WORSE
2634,2,29,98,25454,27585,0,CAPACITY_EXCEEDED,INVALID
2635,2,29,99,25319,27491,1,FEASIBLE,WORSE
2636,2,30,31,25853,27932,0,CAPACITY_EXCEEDED,INVALID
2637,2,30,32,25841,27939,0,CAPACITY_EXCEEDED,INVALID
2638,2,30,33,25162,27322,1,FEASIBLE,WORSE
2639,2,30,34,25912,28011,0,CAPACITY_EXCEEDED,INVALID
2640,2,30,35,25600,27754,0,CAPACITY_EXCEEDED,INVALID
2641,2,30,36,24784,26907,1,FEASIBLE,WORSE
2642,2,30,37,25065,27240,1,FEASIBLE,WORSE
2643,2,30,38,26265,28395,0,CAPACITY_EXCEEDED,INVALID
2644,2,30,39,25436,27607,0,CAPACITY_EXCEEDED,INVALID
2645,2,30,40,26615,28685,0,CAPACITY_EXCEEDED,INVALID
2646,2,30,41,26482,28625,0,CAPACITY_EXCEEDED,INVALID
2647,2,30,42,25743,27893,0,CAPACITY_EXCEEDED,INVALID
2648,2,30,43,25955,28058,0,CAPACITY_EXCEEDED,INVALID
2649,2,30,44,26344,28431,0,CAPACITY_EXCEEDED,INVALID
2650,2,30,45,24910,26996,1,FEASIBLE,WORSE
2651,2,30,46,24685,26849,1,FEASIBLE,WORSE
2652,2,30,47,26045,28153,0,CAPACITY_EXCEEDED,INVALID
2653,2,30,48,24791,26936,1,FEASIBLE,WORSE
2654,2,30,49,24951,27053,1,FEASIBLE,WORSE
2655,2,30,50,25926,27996,0,CAPACITY_EXCEEDED,INVALID
2656,2,30,51,26210,28279,0,CAPACITY_EXCEEDED,INVALID
2657,2,30,52,26505,28600,0,CAPACITY_EXCEEDED,INVALID
2658,2,30,53,24775,26897,1,FEASIBLE,WORSE
2659,2,30,54,26128,28226,0,CAPACITY_EXCEEDED,INVALID
2660,2,30,55,25032,27157,1,FEASIBLE,WORSE
2661,2,30,56,25587,27696,0,CAPACITY_EXCEEDED,INVALID
2662,2,30,57,25379,27536,1,FEASIBLE,WORSE
2663,2,30,58,26420,28530,0,CAPACITY_EXCEEDED,INVALID
2664,2,30,59,25207,27277,1,FEASIBLE,WORSE
2665,2,30,60,25448,27554,0,CAPACITY_EXCEEDED,INVALID
2666,2,30,61,25073,27236,1,FEASIBLE,WORSE
2667,2,30,62,26326,28436,0,CAPACITY_EXCEEDED,INVALID
2668,2,30,63,24947,27083,1,FEASIBLE,WORSE
2669,2,30,64,25997,28142,0,CAPACITY_EXCEEDED,INVALID
2670,2,30,65,25183,27334,1,FEASIBLE,WORSE
2671,2,30,66,26131,28261,0,CAPACITY_EXCEEDED,INVALID
2672,2,30,67,24843,26983,1,FEASIBLE,WORSE
2673,2,30,68,26143,28220,0,CAPACITY_EXCEEDED,INVALID
2674,2,30,69,26016,28142,0,CAPACITY_EXCEEDED,INVALID
2675,2,30,70,25132,27204,1,FEASIBLE,WORSE
2676,2,30,71,25592,27674,0,CAPACITY_EXCEEDED,INVALID
2677,2,30,72,25578,27743,0,CAPACITY_EXCEEDED,INVALID
2678,2,30,73,24918,27012,1,FEASIBLE,WORSE
2679,2,30,74,26606,28734,0,CAPACITY_EXCEEDED,INVALID
2680,2,30,75,25028,27106,1,FEASIBLE,WORSE
2681,2,30,76,25228,27345,1,FEASIBLE,WORSE
2682,2,30,77,25451,27634,0,CAPACITY_EXCEEDED,INVALID
2683,2,30,78,26125,28241,0,CAPACITY_EXCEEDED,INVALID
2684,2,30,79,26605,28672,0,CAPACITY_EXCEEDED,INVALID
2685,2,30,80,24851,26941,1,FEASIBLE,WORSE
2686,2,30,81,26162,28235,0,CAPACITY_EXCEEDED,INVALID
2687,2,30,82,24761,26863,1,FEASIBLE,WORSE
2688,2,30,83,25389,27462,1,FEASIBLE,WORSE
2689,2,30,84,26136,28316,0,CAPACITY_EXCEEDED,INVALID
2690,2,30,85,26575,28675,0,CAPACITY_EXCEEDED,INVALID
2691,2,30,86,25044,27136,1,FEASIBLE,WORSE
2692,2,30,87,25162,27233,1,FEASIBLE,WORSE
2693,2,30,88,25352,27477,1,FEASIBLE,WORSE
2694,2,30,89,25074,27238,1,FEASIBLE,WORSE
2695,2,30,90,26580,28721,0,CAPACITY_EXCEEDED,INVALID
2696,2,30,91,25616,27751,0,CAPACITY_EXCEEDED,INVALID
2697,2,30,92,26406,28513,0,CAPACITY_EXCEEDED,INVALID
2698,2,30,93,24801,26932,1,FEASIBLE,WORSE
2699,2,30,94,26509,28662,0,CAPACITY_EXCEEDED,INVALID
2700,2,30,95,26363,28468,0,CAPACITY_EXCEEDED,INVALID
2701,2,30,96,26432,28518,0,CAPACITY_EXCEEDED,INVALID
2702,2,30,97,25103,27236,1,FEASIBLE,WORSE
2703,2,30,98,26184,28309,0,CAPACITY_EXCEEDED,INVALID
2704,2,30,99,26049,28215,0,CAPACITY_EXCEEDED,INVALID
2705,2,31,32,25838,27880,0,CAPACITY_EXCEEDED,INVALID
2706,2,31,33,25159,27263,1,FEASIBLE,WORSE
2707,2,31,34,25909,27952,0,CAPACITY_EXCEEDED,INVALID
2708,2,31,35,25597,27695,0,CAPACITY_EXCEEDED,INVALID
2709,2,31,36,24781,26848,1,FEASIBLE,WORSE
2710,2,31,37,25062,27181,1,FEASIBLE,WORSE
2711,2,31,38,26262,28336,0,CAPACITY_EXCEEDED,INVALID
2712,2,31,39,25433,27548,0,CAPACITY_EXCEEDED,INVALID
2713,2,31,40,26612,28626,0,CAPACITY_EXCEEDED,INVALID
2714,2,31,41,26479,28566,0,CAPACITY_EXCEEDED,INVALID
2715,2,31,42,25740,27834,0,CAPACITY_EXCEEDED,INVALID
2716,2,31,43,25952,27999,0,CAPACITY_EXCEEDED,INVALID
2717,2,31,44,26341,28372,0,CAPACITY_EXCEEDED,INVALID
2718,2,31,45,24907,26937,1,FEASIBLE,WORSE
2719,2,31,46,24682,26790,1,FEASIBLE,WORSE
2720,2,31,47,26042,28094,0,CAPACITY_EXCEEDED,INVALID
2721,2,31,48,24788,26877,1,FEASIBLE,WORSE
2722,2,31,49,24948,26994,1,FEASIBLE,WORSE
2723,2,31,50,25923,27937,0,CAPACITY_EXCEEDED,INVALID
2724,2,31,51,26207,28220,0,CAPACITY_EXCEEDED,INVALID
2725,2,31,52,26502,28541,0,CAPACITY_EXCEEDED,INVALID
2726,2,31,53,24772,26838,1,FEASIBLE,WORSE
2727,2,31,54,26125,28167,0,CAPACITY_EXCEEDED,INVALID
2728,2,31,55,25029,27098,1,FEASIBLE,WORSE
2729,2,31,56,25584,27637,0,CAPACITY_EXCEEDED,INVALID
2730,2,31,57,25376,27477,1,FEASIBLE,WORSE
2731,2,31,58,26417,28471,0,CAPACITY_EXCEEDED,INVALID
2732,2,31,59,25204,27218,1,FEASIBLE,WORSE
2733,2,31,60,25445,27495,0,CAPACITY_EXCEEDED,INVALID
2734,2,31,61,25070,27177,1,FEASIBLE,WORSE
2735,2,31,62,26323,28377,0,CAPACITY_EXCEEDED,INVALID
2736,2,31,63,24944,27024,1,FEASIBLE,WORSE
2737,2,31,64,25994,28083,0,CAPACITY_EXCEEDED,INVALID
2738,2,31,65,25180,27275,1,FEASIBLE,WORSE
2739,2,31,66,26128,28202,0,CAPACITY_EXCEEDED,INVALID
2740,2,31,67,24840,26924,1,FEASIBLE,WORSE
2741,2,31,68,26140,28161,0,CAPACITY_EXCEEDED,INVALID
2742,2,31,69,26013,28083,0,CAPACITY_EXCEEDED,INVALID
2743,2,31,70,25129,27145,1,FEASIBLE,WORSE
2744,2,31,71,25589,27615,0,CAPACITY_EXCEEDED,INVALID
2745,2,31,72,25575,27684,0,CAPACITY_EXCEEDED,INVALID
2746,2,31,73,24915,26953,1,FEASIBLE,WORSE
2747,2,31,74,26603,28675,0,CAPACITY_EXCEEDED,INVALID
2748,2,31,75,25025,27047,1,FEASIBLE,WORSE
2749,2,31,76,25225,27286,1,FEASIBLE,WORSE
2750,2,31,77,25448,27575,0,CAPACITY_EXCEEDED,INVALID
2751,2,31,78,26122,28182,0,CAPACITY_EXCEEDED,INVALID
2752,2,31,79,26602,28613,0,CAPACITY_EXCEEDED,INVALID
2753,2,31,80,24848,26882,1,FEASIBLE,WORSE
2754,2,31,81,26159,28176,0,CAPACITY_EXCEEDED,INVALID
2755,2,31,82,24758,26804,1,FEASIBLE,WORSE
2756,2,31,83,25386,27403,1,FEASIBLE,WORSE
2757,2,31,84,26133,28257,0,CAPACITY_EXCEEDED,INVALID
2758,2,31,85,26572,28616,0,CAPACITY_EXCEEDED,INVALID
2759,2,31,86,25041,27077,1,FEASIBLE,WORSE
2760,2,31,87,25159,27174,1,FEASIBLE,WORSE
2761,2,31,88,25349,27418,1,FEASIBLE,WORSE
2762,2,31,89,25071,27179,1,FEASIBLE,WORSE
2763,2,31,90,26577,28662,0,CAPACITY_EXCEEDED,INVALID
2764,2,31,91,25613,27692,0,CAPACITY_EXCEEDED,INVALID
2765,2,31,92,26403,28454,0,CAPACITY_EXCEEDED,INVALID
2766,2,31,93,24798,26873,1,FEASIBLE,WORSE
2767,2,31,94,26506,28603,0,CAPACITY_EXCEEDED,INVALID
2768,2,31,95,26360,28409,0,CAPACITY_EXCEEDED,INVALID
2769,2,31,96,26429,28459,0,CAPACITY_EXCEEDED,INVALID
2770,2,31,97,25100,27177,1,FEASIBLE,WORSE
2771,2,31,98,26181,28250,0,CAPACITY_EXCEEDED,INVALID
2772,2,31,99,26046,28156,0,CAPACITY_EXCEEDED,INVALID
2773,2,32,33,25147,27270,1,FEASIBLE,WORSE
2774,2,32,34,25897,27959,0,CAPACITY_EXCEEDED,INVALID
2775,2,32,35,25585,27702,0,CAPACITY_EXCEEDED,INVALID
2776,2,32,36,24769,26855,1,FEASIBLE,WORSE
2777,2,32,37,25050,27188,1,FEASIBLE,WORSE
2778,2,32,38,26250,28343,0,CAPACITY_EXCEEDED,INVALID
2779,2,32,39,25421,27555,0,CAPACITY_EXCEEDED,INVALID
2780,2,32,40,26600,28633,0,CAPACITY_EXCEEDED,INVALID
2781,2,32,41,26467,28573,0,CAPACITY_EXCEEDED,INVALID
2782,2,32,42,25728,27841,0,CAPACITY_EXCEEDED,INVALID
2783,2,32,43,25940,28006,0,CAPACITY_EXCEEDED,INVALID
2784,2,32,44,26329,28379,0,CAPACITY_EXCEEDED,INVALID
2785,2,32,45,24895,26944,1,FEASIBLE,WORSE
2786,2,32,46,24670,26797,1,FEASIBLE,WORSE
2787,2,32,47,26030,28101,0,CAPACITY_EXCEEDED,INVALID
2788,2,32,48,24776,26884,1,FEASIBLE,WORSE
2789,2,32,49,24936,27001,1,FEASIBLE,WORSE
2790,2,32,50,25911,27944,0,CAPACITY_EXCEEDED,INVALID
2791,2,32,51,26195,28227,0,CAPACITY_EXCEEDED,INVALID
2792,2,32,52,26490,28548,0,CAPACITY_EXCEEDED,INVALID
2793,2,32,53,24760,26845,1,FEASIBLE,WORSE
2794,2,32,54,26113,28174,0,CAPACITY_EXCEEDED,INVALID
2795,2,32,55,25017,27105,1,FEASIBLE,WORSE
2796,2,32,56,25572,27644,0,CAPACITY_EXCEEDED,INVALID
2797,2,32,57,25364,27484,1,FEASIBLE,WORSE
2798,2,32,58,26405,28478,0,CAPACITY_EXCEEDED,INVALID
2799,2,32,59,25192,27225,1,FEASIBLE,WORSE
2800,2,32,60,25433,27502,0,CAPACITY_EXCEEDED,INVALID
2801,2,32,61,25058,27184,1,FEASIBLE,WORSE
2802,2,32,62,26311,28384,0,CAPACITY_EXCEEDED,INVALID
2803,2,32,63,24932,27031,1,FEASIBLE,WORSE
2804,2,32,64,25982,28090,0,CAPACITY_EXCEEDED,INVALID
2805,2,32,65,25168,27282,1,FEASIBLE,WORSE
2806,2,32,66,26116,28209,0,CAPACITY_EXCEEDED,INVALID
2807,2,32,67,24828,26931,1,FEASIBLE,WORSE
2808,2,32,68,26128,28168,0,CAPACITY_EXCEEDED,INVALID
2809,2,32,69,26001,28090,0,CAPACITY_EXCEEDED,INVALID
2810,2,32,70,25117,27152,1,FEASIBLE,WORSE
2811,2,32,71,25577,27622,0,CAPACITY_EXCEEDED,INVALID
2812,2,32,72,25563,27691,0,CAPACITY_EXCEEDED,INVALID
2813,2,32,73,24903,26960,1,FEASIBLE,WORSE
2814,2,32,74,26591,28682,0,CAPACITY_EXCEEDED,INVALID
2815,2,32,75,25013,27054,1,FEASIBLE,WORSE
2816,2,32,76,25213,27293,1,FEASIBLE,WORSE
2817,2,32,77,25436,27582,0,CAPACITY_EXCEEDED,INVALID
2818,2,32,78,26110,28189,0,CAPACITY_EXCEEDED,INVALID
2819,2,32,79,26590,28620,0,CAPACITY_EXCEEDED,INVALID
2820,2,32,80,24836,26889,1,FEASIBLE,WORSE
2821,2,32,81,26147,28183,0,CAPACITY_EXCEEDED,INVALID
2822,2,32,82,24746,26811,1,FEASIBLE,WORSE
2823,2,32,83,25374,27410,1,FEASIBLE,WORSE
2824,2,32,84,26121,28264,0,CAPACITY_EXCEEDED,INVALID
2825,2,32,85,26560,28623,0,CAPACITY_EXCEEDED,INVALID
2826,2,32,86,25029,27084,1,FEASIBLE,WORSE
2827,2,32,87,25147,27181,1,FEASIBLE,WORSE
2828,2,32,88,25337,27425,1,FEASIBLE,WORSE
2829,2,32,89,25059,27186,1,FEASIBLE,WORSE
2830,2,32,90,26565,28669,0,CAPACITY_EXCEEDED,INVALID
2831,2,32,91,25601,27699,0,CAPACITY_EXCEEDED,INVALID
2832,2,32,92,26391,28461,0,CAPACITY_EXCEEDED,INVALID
2833,2,32,93,24786,26880,1,FEASIBLE,WORSE
2834,2,32,94,26494,28610,0,CAPACITY_EXCEEDED,INVALID
2835,2,32,95,26348,28416,0,CAPACITY_EXCEEDED,INVALID
2836,2,32,96,26417,28466,0,CAPACITY_EXCEEDED,INVALID
2837,2,32,97,25088,27184,1,FEASIBLE,WORSE
2838,2,32,98,26169,28257,0,CAPACITY_EXCEEDED,INVALID
2839,2,32,99,26034,28163,0,CAPACITY_EXCEEDED,INVALID
2840,2,33,34,25218,27342,1,FEASIBLE,WORSE
2841,2,33,35,24906,27085,1,FEASIBLE,WORSE
2842,2,33,36,24090,26238,1,FEASIBLE,WORSE
2843,2,33,37,24371,26571,1,FEASIBLE,WORSE
2844,2,33,38,25571,27726,0,CAPACITY_EXCEEDED,INVALID
2845,2,33,39,24742,26938,1,FEASIBLE,WORSE
2846,2,33,40,25921,28016,0,CAPACITY_EXCEEDED,INVALID
2847,2,33,41,25788,27956,0,CAPACITY_EXCEEDED,INVALID
2848,2,33,42,25049,27224,1,FEASIBLE,WORSE
2849,2,33,43,25261,27389,1,FEASIBLE,WORSE
2850,2,33,44,25650,27762,0,CAPACITY_EXCEEDED,INVALID
2851,2,33,45,24216,26327,1,FEASIBLE,WORSE
2852,2,33,46,23991,26180,1,FEASIBLE,WORSE
2853,2,33,47,25351,27484,1,FEASIBLE,WORSE
2854,2,33,48,24097,26267,1,FEASIBLE,WORSE
2855,2,33,49,24257,26384,1,FEASIBLE,WORSE
2856,2,33,50,25232,27327,1,FEASIBLE,WORSE
2857,2,33,51,25516,27610,0,CAPACITY_EXCEEDED,INVALID
2858,2,33,52,25811,27931,0,CAPACITY_EXCEEDED,INVALID
2859,2,33,53,24081,26228,1,FEASIBLE,WORSE
2860,2,33,54,25434,27557,0,CAPACITY_EXCEEDED,INVALID
2861,2,33,55,24338,26488,1,FEASIBLE,WORSE
2862,2,33,56,24893,27027,1,FEASIBLE,WORSE
2863,2,33,57,24685,26867,1,FEASIBLE,WORSE
2864,2,33,58,25726,27861,0,CAPACITY_EXCEEDED,INVALID
2865,2,33,59,24513,26608,1,FEASIBLE,WORSE
2866,2,33,60,24754,26885,1,FEASIBLE,WORSE
2867,2,33,61,24379,26567,1,FEASIBLE,WORSE
2868,2,33,62,25632,27767,0,CAPACITY_EXCEEDED,INVALID
2869,2,33,63,24253,26414,1,FEASIBLE,WORSE
2870,2,33,64,25303,27473,1,FEASIBLE,WORSE
2871,2,33,65,24489,26665,1,FEASIBLE,WORSE
2872,2,33,66,25437,27592,0,CAPACITY_EXCEEDED,INVALID
2873,2,33,67,24149,26314,1,FEASIBLE,WORSE
2874,2,33,68,25449,27551,0,CAPACITY_EXCEEDED,INVALID
2875,2,33,69,25322,27473,1,FEASIBLE,WORSE
2876,2,33,70,24438,26535,1,FEASIBLE,WORSE
2877,2,33,71,24898,27005,1,FEASIBLE,WORSE
2878,2,33,72,24884,27074,1,FEASIBLE,WORSE
2879,2,33,73,24224,26343,1,FEASIBLE,WORSE
2880,2,33,74,25912,28065,0,CAPACITY_EXCEEDED,INVALID
2881,2,33,75,24334,26437,1,FEASIBLE,WORSE
2882,2,33,76,24534,26676,1,FEASIBLE,WORSE
2883,2,33,77,24757,26965,1,FEASIBLE,WORSE
2884,2,33,78,25431,27572,0,CAPACITY_EXCEEDED,INVALID
2885,2,33,79,25911,28003,0,CAPACITY_EXCEEDED,INVALID
2886,2,33,80,24157,26272,1,FEASIBLE,WORSE
2887,2,33,81,25468,27566,0,CAPACITY_EXCEEDED,INVALID
2888,2,33,82,24067,26194,1,FEASIBLE,WORSE
2889,2,33,83,24695,26793,1,FEASIBLE,WORSE
2890,2,33,84,25442,27647,0,CAPACITY_EXCEEDED,INVALID
2891,2,33,85,25881,28006,0,CAPACITY_EXCEEDED,INVALID
2892,2,33,86,24350,26467,1,FEASIBLE,WORSE
2893,2,33,87,24468,26564,1,FEASIBLE,WORSE
2894,2,33,88,24658,26808,1,FEASIBLE,WORSE
2895,2,33,89,24380,26569,1,FEASIBLE,WORSE
2896,2,33,90,25886,28052,0,CAPACITY_EXCEEDED,INVALID
2897,2,33,91,24922,27082,1,FEASIBLE,WORSE
2898,2,33,92,25712,27844,0,CAPACITY_EXCEEDED,INVALID
2899,2,33,93,24107,26263,1,FEASIBLE,WORSE
2900,2,33,94,25815,27993,0,CAPACITY_EXCEEDED,INVALID
2901,2,33,95,25669,27799,0,CAPACITY_EXCEEDED,INVALID
2902,2,33,96,25738,27849,0,CAPACITY_EXCEEDED,INVALID
2903,2,33,97,24409,26567,1,FEASIBLE,WORSE
2904,2,33,98,25490,27640,0,CAPACITY_EXCEEDED,INVALID
2905,2,33,99,25355,27546,1,FEASIBLE,WORSE
2906,2,34,35,25656,27774,0,CAPACITY_EXCEEDED,INVALID
2907,2,34,36,24840,26927,1,FEASIBLE,WORSE
2908,2,34,37,25121,27260,1,FEASIBLE,WORSE
2909,2,34,38,26321,28415,0,CAPACITY_EXCEEDED,INVALID
2910,2,34,39,25492,27627,0,CAPACITY_EXCEEDED,INVALID
2911,2,34,40,26671,28705,0,CAPACITY_EXCEEDED,INVALID
2912,2,34,41,26538,28645,0,CAPACITY_EXCEEDED,INVALID
2913,2,34,42,25799,27913,0,CAPACITY_EXCEEDED,INVALID
2914,2,34,43,26011,28078,0,CAPACITY_EXCEEDED,INVALID
2915,2,34,44,26400,28451,0,CAPACITY_EXCEEDED,INVALID
2916,2,34,45,24966,27016,1,FEASIBLE,WORSE
2917,2,34,46,24741,26869,1,FEASIBLE,WORSE
2918,2,34,47,26101,28173,0,CAPACITY_EXCEEDED,INVALID
2919,2,34,48,24847,26956,1,FEASIBLE,WORSE
2920,2,34,49,25007,27073,1,FEASIBLE,WORSE
2921,2,34,50,25982,28016,0,CAPACITY_EXCEEDED,INVALID
2922,2,34,51,26266,28299,0,CAPACITY_EXCEEDED,INVALID
2923,2,34,52,26561,28620,0,CAPACITY_EXCEEDED,INVALID
2924,2,34,53,24831,26917,1,FEASIBLE,WORSE
2925,2,34,54,26184,28246,0,CAPACITY_EXCEEDED,INVALID
2926,2,34,55,25088,27177,1,FEASIBLE,WORSE
2927,2,34,56,25643,27716,0,CAPACITY_EXCEEDED,INVALID
2928,2,34,57,25435,27556,0,CAPACITY_EXCEEDED,INVALID
2929,2,34,58,26476,28550,0,CAPACITY_EXCEEDED,INVALID
2930,2,34,59,25263,27297,1,FEASIBLE,WORSE
2931,2,34,60,25504,27574,0,CAPACITY_EXCEEDED,INVALID
2932,2,34,61,25129,27256,1,FEASIBLE,WORSE
2933,2,34,62,26382,28456,0,CAPACITY_EXCEEDED,INVALID
2934,2,34,63,25003,27103,1,FEASIBLE,WORSE
2935,2,34,64,26053,28162,0,CAPACITY_EXCEEDED,INVALID
2936,2,34,65,25239,27354,1,FEASIBLE,WORSE
2937,2,34,66,26187,28281,0,CAPACITY_EXCEEDED,INVALID
2938,2,34,67,24899,27003,1,FEASIBLE,WORSE
2939,2,34,68,26199,28240,0,CAPACITY_EXCEEDED,INVALID
2940,2,34,69,26072,28162,0,CAPACITY_EXCEEDED,INVALID
2941,2,34,70,25188,27224,1,FEASIBLE,WORSE
2942,2,34,71,25648,27694,0,CAPACITY_EXCEEDED,INVALID
2943,2,34,72,25634,27763,0,CAPACITY_EXCEEDED,INVALID
2944,2,34,73,24974,27032,1,FEASIBLE,WORSE
2945,2,34,74,26662,28754,0,CAPACITY_EXCEEDED,INVALID
2946,2,34,75,25084,27126,1,FEASIBLE,WORSE
2947,2,34,76,25284,27365,1,FEASIBLE,WORSE
2948,2,34,77,25507,27654,0,CAPACITY_EXCEEDED,INVALID
2949,2,34,78,26181,28261,0,CAPACITY_EXCEEDED,INVALID
2950,2,34,79,26661,28692,0,CAPACITY_EXCEEDED,INVALID
2951,2,34,80,24907,26961,1,FEASIBLE,WORSE
2952,2,34,81,26218,28255,0,CAPACITY_EXCEEDED,INVALID
2953,2,34,82,24817,26883,1,FEASIBLE,WORSE
2954,2,34,83,25445,27482,0,CAPACITY_EXCEEDED,INVALID
2955,2,34,84,26192,28336,0,CAPACITY_EXCEEDED,INVALID
2956,2,34,85,26631,28695,0,CAPACITY_EXCEEDED,INVALID
2957,2,34,86,25100,27156,1,FEASIBLE,WORSE
2958,2,34,87,25218,27253,1,FEASIBLE,WORSE
2959,2,34,88,25408,27497,0,CAPACITY_EXCEEDED,INVALID
2960,2,34,89,25130,27258,1,FEASIBLE,WORSE
2961,2,34,90,26636,28741,0,CAPACITY_EXCEEDED,INVALID
2962,2,34,91,25672,27771,0,CAPACITY_EXCEEDED,INVALID
2963,2,34,92,26462,28533,0,CAPACITY_EXCEEDED,INVALID
2964,2,34,93,24857,26952,1,FEASIBLE,WORSE
2965,2,34,94,26565,28682,0,CAPACITY_EXCEEDED,INVALID
2966,2,34,95,26419,28488,0,CAPACITY_EXCEEDED,INVALID
2967,2,34,96,26488,28538,0,CAPACITY_EXCEEDED,INVALID
2968,2,34,97,25159,27256,1,FEASIBLE,WORSE
2969,2,34,98,26240,28329,0,CAPACITY_EXCEEDED,INVALID
2970,2,34,99,26105,28235,0,CAPACITY_EXCEEDED,INVALID
2971,2,35,36,24528,26670,1,FEASIBLE,WORSE
2972,2,35,37,24809,27003,1,FEASIBLE,WORSE
2973,2,35,38,26009,28158,0,CAPACITY_EXCEEDED,INVALID
2974,2,35,39,25180,27370,1,FEASIBLE,WORSE
2975,2,35,40,26359,28448,0,CAPACITY_EXCEEDED,INVALID
2976,2,35,41,26226,28388,0,CAPACITY_EXCEEDED,INVALID
2977,2,35,42,25487,27656,0,CAPACITY_EXCEEDED,INVALID
2978,2,35,43,25699,27821,0,CAPACITY_EXCEEDED,INVALID
2979,2,35,44,26088,28194,0,CAPACITY_EXCEEDED,INVALID
2980,2,35,45,24654,26759,1,FEASIBLE,WORSE
2981,2,35,46,24429,26612,1,FEASIBLE,WORSE
2982,2,35,47,25789,27916,0,CAPACITY_EXCEEDED,INVALID
2983,2,35,48,24535,26699,1,FEASIBLE,WORSE
2984,2,35,49,24695,26816,1,FEASIBLE,WORSE
2985,2,35,50,25670,27759,0,CAPACITY_EXCEEDED,INVALID
2986,2,35,51,25954,28042,0,CAPACITY_EXCEEDED,INVALID
2987,2,35,52,26249,28363,0,CAPACITY_EXCEEDED,INVALID
2988,2,35,53,24519,26660,1,FEASIBLE,WORSE
2989,2,35,54,25872,27989,0,CAPACITY_EXCEEDED,INVALID
2990,2,35,55,24776,26920,1,FEASIBLE,WORSE
2991,2,35,56,25331,27459,1,FEASIBLE,WORSE
2992,2,35,57,25123,27299,1,FEASIBLE,WORSE
2993,2,35,58,26164,28293,0,CAPACITY_EXCEEDED,INVALID
2994,2,35,59,24951,27040,1,FEASIBLE,WORSE
2995,2,35,60,25192,27317,1,FEASIBLE,WORSE
2996,2,35,61,24817,26999,1,FEASIBLE,WORSE
2997,2,35,62,26070,28199,0,CAPACITY_EXCEEDED,INVALID
2998,2,35,63,24691,26846,1,FEASIBLE,WORSE
2999,2,35,64,25741,27905,0,CAPACITY_EXCEEDED,INVALID
3000,2,35,65,24927,27097,1,FEASIBLE,WORSE
3001,2,35,66,25875,28024,0,CAPACITY_EXCEEDED,INVALID
3002,2,35,67,24587,26746,1,FEASIBLE,WORSE
3003,2,35,68,25887,27983,0,CAPACITY_EXCEEDED,INVALID
3004,2,35,69,25760,27905,0,CAPACITY_EXCEEDED,INVALID
3005,2,35,70,24876,26967,1,FEASIBLE,WORSE
3006,2,35,71,25336,27437,1,FEASIBLE,WORSE
3007,2,35,72,25322,27506,1,FEASIBLE,WORSE
3008,2,35,73,24662,26775,1,FEASIBLE,WORSE
3009,2,35,74,26350,28497,0,CAPACITY_EXCEEDED,INVALID
3010,2,35,75,24772,26869,1,FEASIBLE,WORSE
3011,2,35,76,24972,27108,1,FEASIBLE,WORSE
3012,2,35,77,25195,27397,1,FEASIBLE,WORSE
3013,2,35,78,25869,28004,0,CAPACITY_EXCEEDED,INVALID
3014,2,35,79,26349,28435,0,CAPACITY_EXCEEDED,INVALID
3015,2,35,80,24595,26704,1,FEASIBLE,WORSE
3016,2,35,81,25906,27998,0,CAPACITY_EXCEEDED,INVALID
3017,2,35,82,24505,26626,1,FEASIBLE,WORSE
3018,2,35,83,25133,27225,1,FEASIBLE,WORSE
3019,2,35,84,25880,28079,0,CAPACITY_EXCEEDED,INVALID
3020,2,35,85,26319,28438,0,CAPACITY_EXCEEDED,INVALID
3021,2,35,86,24788,26899,1,FEASIBLE,WORSE
3022,2,35,87,24906,26996,1,FEASIBLE,WORSE
3023,2,35,88,25096,27240,1,FEASIBLE,WORSE
3024,2,35,89,24818,27001,1,FEASIBLE,WORSE
3025,2,35,90,26324,28484,0,CAPACITY_EXCEEDED,INVALID
3026,2,35,91,25360,27514,1,FEASIBLE,WORSE
3027,2,35,92,26150,28276,0,CAPACITY_EXCEEDED,INVALID
3028,2,35,93,24545,26695,1,FEASIBLE,WORSE
3029,2,35,94,26253,28425,0,CAPACITY_EXCEEDED,INVALID
3030,2,35,95,26107,28231,0,CAPACITY_EXCEEDED,INVALID
3031,2,35,96,26176,28281,0,CAPACITY_EXCEEDED,INVALID
3032,2,35,97,24847,26999,1,FEASIBLE,WORSE
3033,2,35,98,25928,28072,0,CAPACITY_EXCEEDED,INVALID
3034,2,35,99,25793,27978,0,CAPACITY_EXCEEDED,INVALID
3035,2,36,37,23993,26156,1,FEASIBLE,WORSE
3036,2,36,38,25193,27311,1,FEASIBLE,WORSE
3037,2,36,39,24364,26523,1,FEASIBLE,WORSE
3038,2,36,40,25543,27601,0,CAPACITY_EXCEEDED,INVALID
3039,2,36,41,25410,27541,0,CAPACITY_EXCEEDED,INVALID
3040,2,36,42,24671,26809,1,FEASIBLE,WORSE
3041,2,36,43,24883,26974,1,FEASIBLE,WORSE
3042,2,36,44,25272,27347,1,FEASIBLE,WORSE
3043,2,36,45,23838,25912,1,FEASIBLE,WORSE
3044,2,36,46,23613,25765,1,FEASIBLE,WORSE
3045,2,36,47,24973,27069,1,FEASIBLE,WORSE
3046,2,36,48,23719,25852,1,FEASIBLE,WORSE
3047,2,36,49,23879,25969,1,FEASIBLE,WORSE
3048,2,36,50,24854,26912,1,FEASIBLE,WORSE
3049,2,36,51,25138,27195,1,FEASIBLE,WORSE
3050,2,36,52,25433,27516,0,CAPACITY_EXCEEDED,INVALID
3051,2,36,53,23703,25813,1,FEASIBLE,WORSE
3052,2,36,54,25056,27142,1,FEASIBLE,WORSE
3053,2,36,55,23960,26073,1,FEASIBLE,WORSE
3054,2,36,56,24515,26612,1,FEASIBLE,WORSE
3055,2,36,57,24307,26452,1,FEASIBLE,WORSE
3056,2,36,58,25348,27446,1,FEASIBLE,WORSE
3057,2,36,59,24135,26193,1,FEASIBLE,WORSE
3058,2,36,60,24376,26470,1,FEASIBLE,WORSE
3059,2,36,61,24001,26152,1,FEASIBLE,WORSE
3060,2,36,62,25254,27352,1,FEASIBLE,WORSE
3061,2,36,63,23875,25999,1,FEASIBLE,WORSE
3062,2,36,64,24925,27058,1,FEASIBLE,WORSE
3063,2,36,65,24111,26250,1,FEASIBLE,WORSE
3064,2,36,66,25059,27177,1,FEASIBLE,WORSE
3065,2,36,67,23771,25899,1,FEASIBLE,WORSE
3066,2,36,68,25071,27136,1,FEASIBLE,WORSE
3067,2,36,69,24944,27058,1,FEASIBLE,WORSE
3068,2,36,70,24060,26120,1,FEASIBLE,WORSE
3069,2,36,71,24520,26590,1,FEASIBLE,WORSE
3070,2,36,72,24506,26659,1,FEASIBLE,WORSE
3071,2,36,73,23846,25928,1,FEASIBLE,WORSE
3072,2,36,74,25534,27650,0,CAPACITY_EXCEEDED,INVALID
3073,2,36,75,23956,26022,1,FEASIBLE,WORSE
3074,2,36,76,24156,26261,1,FEASIBLE,WORSE
3075,2,36,77,24379,26550,1,FEASIBLE,WORSE
3076,2,36,78,25053,27157,1,FEASIBLE,WORSE
3077,2,36,79,25533,27588,0,CAPACITY_EXCEEDED,INVALID
3078,2,36,80,23779,25857,1,FEASIBLE,WORSE
3079,2,36,81,25090,27151,1,FEASIBLE,WORSE
3080,2,36,82,23689,25779,1,FEASIBLE,WORSE
3081,2,36,83,24317,26378,1,FEASIBLE,WORSE
3082,2,36,84,25064,27232,1,FEASIBLE,WORSE
3083,2,36,85,25503,27591,0,CAPACITY_EXCEEDED,INVALID
3084,2,36,86,23972,26052,1,FEASIBLE,WORSE
3085,2,36,87,24090,26149,1,FEASIBLE,WORSE
3086,2,36,88,24280,26393,1,FEASIBLE,WORSE
3087,2,36,89,24002,26154,1,FEASIBLE,WORSE
3088,2,36,90,25508,27637,0,CAPACITY_EXCEEDED,INVALID
3089,2,36,91,24544,26667,1,FEASIBLE,WORSE
3090,2,36,92,25334,27429,1,FEASIBLE,WORSE
3091,2,36,93,23729,25848,1,FEASIBLE,WORSE
3092,2,36,94,25437,27578,0,CAPACITY_EXCEEDED,INVALID
3093,2,36,95,25291,27384,1,FEASIBLE,WORSE
3094,2,36,96,25360,27434,1,FEASIBLE,WORSE
3095,2,36,97,24031,26152,1,FEASIBLE,WORSE
3096,2,36,98,25112,27225,1,FEASIBLE,WORSE
3097,2,36,99,24977,27131,1,FEASIBLE,WORSE
3098,2,37,38,25474,27644,0,CAPACITY_EXCEEDED,INVALID
3099,2,37,39,24645,26856,1,FEASIBLE,WORSE
3100,2,37,40,25824,27934,0,CAPACITY_EXCEEDED,INVALID
3101,2,37,41,25691,27874,0,CAPACITY_EXCEEDED,INVALID
3102,2,37,42,24952,27142,1,FEASIBLE,WORSE
3103,2,37,43,25164,27307,1,FEASIBLE,WORSE
3104,2,37,44,25553,27680,0,CAPACITY_EXCEEDED,INVALID
3105,2,37,45,24119,26245,1,FEASIBLE,WORSE
3106,2,37,46,23894,26098,1,FEASIBLE,WORSE
3107,2,37,47,25254,27402,1,FEASIBLE,WORSE
3108,2,37,48,24000,26185,1,FEASIBLE,WORSE
3109,2,37,49,24160,26302,1,FEASIBLE,WORSE
3110,2,37,50,25135,27245,1,FEASIBLE,WORSE
3111,2,37,51,25419,27528,0,CAPACITY_EXCEEDED,INVALID
3112,2,37,52,25714,27849,0,CAPACITY_EXCEEDED,INVALID
3113,2,37,53,23984,26146,1,FEASIBLE,WORSE
3114,2,37,54,25337,27475,1,FEASIBLE,WORSE
3115,2,37,55,24241,26406,1,FEASIBLE,WORSE
3116,2,37,56,24796,26945,1,FEASIBLE,WORSE
3117,2,37,57,24588,26785,1,FEASIBLE,WORSE
3118,2,37,58,25629,27779,0,CAPACITY_EXCEEDED,INVALID
3119,2,37,59,24416,26526,1,FEASIBLE,WORSE
3120,2,37,60,24657,26803,1,FEASIBLE,WORSE
3121,2,37,61,24282,26485,1,FEASIBLE,WORSE
3122,2,37,62,25535,27685,0,CAPACITY_EXCEEDED,INVALID
3123,2,37,63,24156,26332,1,FEASIBLE,WORSE
3124,2,37,64,25206,27391,1,FEASIBLE,WORSE
3125,2,37,65,24392,26583,1,FEASIBLE,WORSE
3126,2,37,66,25340,27510,1,FEASIBLE,WORSE
3127,2,37,67,24052,26232,1,FEASIBLE,WORSE
3128,2,37,68,25352,27469,1,FEASIBLE,WORSE
3129,2,37,69,25225,27391,1,FEASIBLE,WORSE
3130,2,37,70,24341,26453,1,FEASIBLE,WORSE
3131,2,37,71,24801,26923,1,FEASIBLE,WORSE
3132,2,37,72,24787,26992,1,FEASIBLE,WORSE
3133,2,37,73,24127,26261,1,FEASIBLE,WORSE
3134,2,37,74,25815,27983,0,CAPACITY_EXCEEDED,INVALID
3135,2,37,75,24237,26355,1,FEASIBLE,WORSE
3136,2,37,76,24437,26594,1,FEASIBLE,WORSE
3137,2,37,77,24660,26883,1,FEASIBLE,WORSE
3138,2,37,78,25334,27490,1,FEASIBLE,WORSE
3139,2,37,79,25814,27921,0,CAPACITY_EXCEEDED,INVALID
3140,2,37,80,24060,26190,1,FEASIBLE,WORSE
3141,2,37,81,25371,27484,1,FEASIBLE,WORSE
3142,2,37,82,23970,26112,1,FEASIBLE,WORSE
3143,2,37,83,24598,26711,1,FEASIBLE,WORSE
3144,2,37,84,25345,27565,1,FEASIBLE,WORSE
3145,2,37,85,25784,27924,0,CAPACITY_EXCEEDED,INVALID
3146,2,37,86,24253,26385,1,FEASIBLE,WORSE
3147,2,37,87,24371,26482,1,FEASIBLE,WORSE
3148,2,37,88,24561,26726,1,FEASIBLE,WORSE
3149,2,37,89,24283,26487,1,FEASIBLE,WORSE
3150,2,37,90,25789,27970,0,CAPACITY_EXCEEDED,INVALID
3151,2,37,91,24825,27000,1,FEASIBLE,WORSE
3152,2,37,92,25615,27762,0,CAPACITY_EXCEEDED,INVALID
3153,2,37,93,24010,26181,1,FEASIBLE,WORSE
3154,2,37,94,25718,27911,0,CAPACITY_EXCEEDED,INVALID
3155,2,37,95,25572,27717,0,CAPACITY_EXCEEDED,INVALID
3156,2,37,96,25641,27767,0,CAPACITY_EXCEEDED,INVALID
3157,2,37,97,24312,26485,1,FEASIBLE,WORSE
3158,2,37,98,25393,27558,0,CAPACITY_EXCEEDED,INVALID
3159,2,37,99,25258,27464,1,FEASIBLE,WORSE
3160,2,38,39,25845,28011,0,CAPACITY_EXCEEDED,INVALID
3161,2,38,40,27024,29089,0,CAPACITY_EXCEEDED,INVALID
3162,2,38,41,26891,29029,0,CAPACITY_EXCEEDED,INVALID
3163,2,38,42,26152,28297,0,CAPACITY_EXCEEDED,INVALID
3164,2,38,43,26364,28462,0,CAPACITY_EXCEEDED,INVALID
3165,2,38,44,26753,28835,0,CAPACITY_EXCEEDED,INVALID
3166,2,38,45,25319,27400,1,FEASIBLE,WORSE
3167,2,38,46,25094,27253,1,FEASIBLE,WORSE
3168,2,38,47,26454,28557,0,CAPACITY_EXCEEDED,INVALID
3169,2,38,48,25200,27340,1,FEASIBLE,WORSE
3170,2,38,49,25360,27457,1,FEASIBLE,WORSE
3171,2,38,50,26335,28400,0,CAPACITY_EXCEEDED,INVALID
3172,2,38,51,26619,28683,0,CAPACITY_EXCEEDED,INVALID
3173,2,38,52,26914,29004,0,CAPACITY_EXCEEDED,INVALID
3174,2,38,53,25184,27301,1,FEASIBLE,WORSE
3175,2,38,54,26537,28630,0,CAPACITY_EXCEEDED,INVALID
3176,2,38,55,25441,27561,0,CAPACITY_EXCEEDED,INVALID
3177,2,38,56,25996,28100,0,CAPACITY_EXCEEDED,INVALID
3178,2,38,57,25788,27940,0,CAPACITY_EXCEEDED,INVALID
3179,2,38,58,26829,28934,0,CAPACITY_EXCEEDED,INVALID
3180,2,38,59,25616,27681,0,CAPACITY_EXCEEDED,INVALID
3181,2,38,60,25857,27958,0,CAPACITY_EXCEEDED,INVALID
3182,2,38,61,25482,27640,0,CAPACITY_EXCEEDED,INVALID
3183,2,38,62,26735,28840,0,CAPACITY_EXCEEDED,INVALID
3184,2,38,63,25356,27487,1,FEASIBLE,WORSE
3185,2,38,64,26406,28546,0,CAPACITY_EXCEEDED,INVALID
3186,2,38,65,25592,27738,0,CAPACITY_EXCEEDED,INVALID
3187,2,38,66,26540,28665,0,CAPACITY_EXCEEDED,INVALID
3188,2,38,67,25252,27387,1,FEASIBLE,WORSE
3189,2,38,68,26552,28624,0,CAPACITY_EXCEEDED,INVALID
3190,2,38,69,26425,28546,0,CAPACITY_EXCEEDED,INVALID
3191,2,38,70,25541,27608,0,CAPACITY_EXCEEDED,INVALID
3192,2,38,71,26001,28078,0,CAPACITY_EXCEEDED,INVALID
3193,2,38,72,25987,28147,0,CAPACITY_EXCEEDED,INVALID
3194,2,38,73,25327,27416,1,FEASIBLE,WORSE
3195,2,38,74,27015,29138,0,CAPACITY_EXCEEDED,INVALID
3196,2,38,75,25437,27510,0,CAPACITY_EXCEEDED,INVALID
3197,2,38,76,25637,27749,0,CAPACITY_EXCEEDED,INVALID
3198,2,38,77,25860,28038,0,CAPACITY_EXCEEDED,INVALID
3199,2,38,78,26534,28645,0,CAPACITY_EXCEEDED,INVALID
3200,2,38,79,27014,29076,0,CAPACITY_EXCEEDED,INVALID
3201,2,38,80,25260,27345,1,FEASIBLE,WORSE
3202,2,38,81,26571,28639,0,CAPACITY_EXCEEDED,INVALID
3203,2,38,82,25170,27267,1,FEASIBLE,WORSE
3204,2,38,83,25798,27866,0,CAPACITY_EXCEEDED,INVALID
3205,2,38,84,26545,28720,0,CAPACITY_EXCEEDED,INVALID
3206,2,38,85,26984,29079,0,CAPACITY_EXCEEDED,INVALID
3207,2,38,86,25453,27540,0,CAPACITY_EXCEEDED,INVALID
3208,2,38,87,25571,27637,0,CAPACITY_EXCEEDED,INVALID
3209,2,38,88,25761,27881,0,CAPACITY_EXCEEDED,INVALID
3210,2,38,89,25483,27642,0,CAPACITY_EXCEEDED,INVALID
3211,2,38,90,26989,29125,0,CAPACITY_EXCEEDED,INVALID
3212,2,38,91,26025,28155,0,CAPACITY_EXCEEDED,INVALID
3213,2,38,92,26815,28917,0,CAPACITY_EXCEEDED,INVALID
3214,2,38,93,25210,27336,1,FEASIBLE,WORSE
3215,2,38,94,26918,29066,0,CAPACITY_EXCEEDED,INVALID
3216,2,38,95,26772,28872,0,CAPACITY_EXCEEDED,INVALID
3217,2,38,96,26841,28922,0,CAPACITY_EXCEEDED,INVALID
3218,2,38,97,25512,27640,0,CAPACITY_EXCEEDED,INVALID
3219,2,38,98,26593,28713,0,CAPACITY_EXCEEDED,INVALID
3220,2,38,99,26458,28619,0,CAPACITY_EXCEEDED,INVALID
3221,2,39,40,26195,28301,0,CAPACITY_EXCEEDED,INVALID
3222,2,39,41,26062,28241,0,CAPACITY_EXCEEDED,INVALID
3223,2,39,42,25323,27509,1,FEASIBLE,WORSE
3224,2,39,43,25535,27674,0,CAPACITY_EXCEEDED,INVALID
3225,2,39,44,25924,28047,0,CAPACITY_EXCEEDED,INVALID
3226,2,39,45,24490,26612,1,FEASIBLE,WORSE
3227,2,39,46,24265,26465,1,FEASIBLE,WORSE
3228,2,39,47,25625,27769,0,CAPACITY_EXCEEDED,INVALID
3229,2,39,48,24371,26552,1,FEASIBLE,WORSE
3230,2,39,49,24531,26669,1,FEASIBLE,WORSE
3231,2,39,50,25506,27612,0,CAPACITY_EXCEEDED,INVALID
3232,2,39,51,25790,27895,0,CAPACITY_EXCEEDED,INVALID
3233,2,39,52,26085,28216,0,CAPACITY_EXCEEDED,INVALID
3234,2,39,53,24355,26513,1,FEASIBLE,WORSE
3235,2,39,54,25708,27842,0,CAPACITY_EXCEEDED,INVALID
3236,2,39,55,24612,26773,1,FEASIBLE,WORSE
3237,2,39,56,25167,27312,1,FEASIBLE,WORSE
3238,2,39,57,24959,27152,1,FEASIBLE,WORSE
3239,2,39,58,26000,28146,0,CAPACITY_EXCEEDED,INVALID
3240,2,39,59,24787,26893,1,FEASIBLE,WORSE
3241,2,39,60,25028,27170,1,FEASIBLE,WORSE
3242,2,39,61,24653,26852,1,FEASIBLE,WORSE
3243,2,39,62,25906,28052,0,CAPACITY_EXCEEDED,INVALID
3244,2,39,63,24527,26699,1,FEASIBLE,WORSE
3245,2,39,64,25577,27758,0,CAPACITY_EXCEEDED,INVALID
3246,2,39,65,24763,26950,1,FEASIBLE,WORSE
3247,2,39,66,25711,27877,0,CAPACITY_EXCEEDED,INVALID
3248,2,39,67,24423,26599,1,FEASIBLE,WORSE
3249,2,39,68,25723,27836,0,CAPACITY_EXCEEDED,INVALID
3250,2,39,69,25596,27758,0,CAPACITY_EXCEEDED,INVALID
3251,2,39,70,24712,26820,1,FEASIBLE,WORSE
3252,2,39,71,25172,27290,1,FEASIBLE,WORSE
3253,2,39,72,25158,27359,1,FEASIBLE,WORSE
3254,2,39,73,24498,26628,1,FEASIBLE,WORSE
3255,2,39,74,26186,28350,0,CAPACITY_EXCEEDED,INVALID
3256,2,39,75,24608,26722,1,FEASIBLE,WORSE
3257,2,39,76,24808,26961,1,FEASIBLE,WORSE
3258,2,39,77,25031,27250,1,FEASIBLE,WORSE
3259,2,39,78,25705,27857,0,CAPACITY_EXCEEDED,INVALID
3260,2,39,79,26185,28288,0,CAPACITY_EXCEEDED,INVALID
3261,2,39,80,24431,26557,1,FEASIBLE,WORSE
3262,2,39,81,25742,27851,0,CAPACITY_EXCEEDED,INVALID
3263,2,39,82,24341,26479,1,FEASIBLE,WORSE
3264,2,39,83,24969,27078,1,FEASIBLE,WORSE
3265,2,39,84,25716,27932,0,CAPACITY_EXCEEDED,INVALID
3266,2,39,85,26155,28291,0,CAPACITY_EXCEEDED,INVALID
3267,2,39,86,24624,26752,1,FEASIBLE,WORSE
3268,2,39,87,24742,26849,1,FEASIBLE,WORSE
3269,2,39,88,24932,27093,1,FEASIBLE,WORSE
3270,2,39,89,24654,26854,1,FEASIBLE,WORSE
3271,2,39,90,26160,28337,0,CAPACITY_EXCEEDED,INVALID
3272,2,39,91,25196,27367,1,FEASIBLE,WORSE
3273,2,39,92,25986,28129,0,CAPACITY_EXCEEDED,INVALID
3274,2,39,93,24381,26548,1,FEASIBLE,WORSE
3275,2,39,94,26089,28278,0,CAPACITY_EXCEEDED,INVALID
3276,2,39,95,25943,28084,0,CAPACITY_EXCEEDED,INVALID
3277,2,39,96,26012,28134,0,CAPACITY_EXCEEDED,INVALID
3278,2,39,97,24683,26852,1,FEASIBLE,WORSE
3279,2,39,98,25764,27925,0,CAPACITY_EXCEEDED,INVALID
3280,2,39,99,25629,27831,0,CAPACITY_EXCEEDED,INVALID
3281,2,40,41,27241,29319,0,CAPACITY_EXCEEDED,INVALID
3282,2,40,42,26502,28587,0,CAPACITY_EXCEEDED,INVALID
3283,2,40,43,26714,28752,0,CAPACITY_EXCEEDED,INVALID
3284,2,40,44,27103,29125,0,CAPACITY_EXCEEDED,INVALID
3285,2,40,45,25669,27690,0,CAPACITY_EXCEEDED,INVALID
3286,2,40,46,25444,27543,0,CAPACITY_EXCEEDED,INVALID
3287,2,40,47,26804,28847,0,CAPACITY_EXCEEDED,INVALID
3288,2,40,48,25550,27630,0,CAPACITY_EXCEEDED,INVALID
3289,2,40,49,25710,27747,0,CAPACITY_EXCEEDED,INVALID
3290,2,40,50,26685,28690,0,CAPACITY_EXCEEDED,INVALID
3291,2,40,51,26969,28973,0,CAPACITY_EXCEEDED,INVALID
3292,2,40,52,27264,29294,0,CAPACITY_EXCEEDED,INVALID
3293,2,40,53,25534,27591,0,CAPACITY_EXCEEDED,INVALID
3294,2,40,54,26887,28920,0,CAPACITY_EXCEEDED,INVALID
3295,2,40,55,25791,27851,0,CAPACITY_EXCEEDED,INVALID
3296,2,40,56,26346,28390,0,CAPACITY_EXCEEDED,INVALID
3297,2,40,57,26138,28230,0,CAPACITY_EXCEEDED,INVALID
3298,2,40,58,27179,29224,0,CAPACITY_EXCEEDED,INVALID
3299,2,40,59,25966,27971,0,CAPACITY_EXCEEDED,INVALID
3300,2,40,60,26207,28248,0,CAPACITY_EXCEEDED,INVALID
3301,2,40,61,25832,27930,0,CAPACITY_EXCEEDED,INVALID
3302,2,40,62,27085,29130,0,CAPACITY_EXCEEDED,INVALID
3303,2,40,63,25706,27777,0,CAPACITY_EXCEEDED,INVALID
3304,2,40,64,26756,28836,0,CAPACITY_EXCEEDED,INVALID
3305,2,40,65,25942,28028,0,CAPACITY_EXCEEDED,INVALID
3306,2,40,66,26890,28955,0,CAPACITY_EXCEEDED,INVALID
3307,2,40,67,25602,27677,0,CAPACITY_EXCEEDED,INVALID
3308,2,40,68,26902,28914,0,CAPACITY_EXCEEDED,INVALID
3309,2,40,69,26775,28836,0,CAPACITY_EXCEEDED,INVALID
3310,2,40,70,25891,27898,0,CAPACITY_EXCEEDED,INVALID
3311,2,40,71,26351,28368,0,CAPACITY_EXCEEDED,INVALID
3312,2,40,72,26337,28437,0,CAPACITY_EXCEEDED,INVALID
3313,2,40,73,25677,27706,0,CAPACITY_EXCEEDED,INVALID
3314,2,40,74,27365,29428,0,CAPACITY_EXCEEDED,INVALID
3315,2,40,75,25787,27800,0,CAPACITY_EXCEEDED,INVALID
3316,2,40,76,25987,28039,0,CAPACITY_EXCEEDED,INVALID
3317,2,40,77,26210,28328,0,CAPACITY_EXCEEDED,INVALID
3318,2,40,78,26884,28935,0,CAPACITY_EXCEEDED,INVALID
3319,2,40,79,27364,29366,0,CAPACITY_EXCEEDED,INVALID
3320,2,40,80,25610,27635,0,CAPACITY_EXCEEDED,INVALID
3321,2,40,81,26921,28929,0,CAPACITY_EXCEEDED,INVALID
3322,2,40,82,25520,27557,0,CAPACITY_EXCEEDED,INVALID
3323,2,40,83,26148,28156,0,CAPACITY_EXCEEDED,INVALID
3324,2,40,84,26895,29010,0,CAPACITY_EXCEEDED,INVALID
3325,2,40,85,27334,29369,0,CAPACITY_EXCEEDED,INVALID
3326,2,40,86,25803,27830,0,CAPACITY_EXCEEDED,INVALID
3327,2,40,87,25921,27927,0,CAPACITY_EXCEEDED,INVALID
3328,2,40,88,26111,28171,0,CAPACITY_EXCEEDED,INVALID
3329,2,40,89,25833,27932,0,CAPACITY_EXCEEDED,INVALID
3330,2,40,90,27339,29415,0,CAPACITY_EXCEEDED,INVALID
3331,2,40,91,26375,28445,0,CAPACITY_EXCEEDED,INVALID
3332,2,40,92,27165,29207,0,CAPACITY_EXCEEDED,INVALID
3333,2,40,93,25560,27626,0,CAPACITY_EXCEEDED,INVALID
3334,2,40,94,27268,29356,0,CAPACITY_EXCEEDED,INVALID
3335,2,40,95,27122,29162,0,CAPACITY_EXCEEDED,INVALID
3336,2,40,96,27191,29212,0,CAPACITY_EXCEEDED,INVALID
3337,2,40,97,25862,27930,0,CAPACITY_EXCEEDED,INVALID
3338,2,40,98,26943,29003,0,CAPACITY_EXCEEDED,INVALID
3339,2,40,99,26808,28909,0,CAPACITY_EXCEEDED,INVALID
3340,2,41,42,26369,28527,0,CAPACITY_EXCEEDED,INVALID
3341,2,41,43,26581,28692,0,CAPACITY_EXCEEDED,INVALID
3342,2,41,44,26970,29065,0,CAPACITY_EXCEEDED,INVALID
3343,2,41,45,25536,27630,0,CAPACITY_EXCEEDED,INVALID
3344,2,41,46,25311,27483,1,FEASIBLE,WORSE
3345,2,41,47,26671,28787,0,CAPACITY_EXCEEDED,INVALID
3346,2,41,48,25417,27570,0,CAPACITY_EXCEEDED,INVALID
3347,2,41,49,25577,27687,0,CAPACITY_EXCEEDED,INVALID
3348,2,41,50,26552,28630,0,CAPACITY_EXCEEDED,INVALID
3349,2,41,51,26836,28913,0,CAPACITY_EXCEEDED,INVALID
3350,2,41,52,27131,29234,0,CAPACITY_EXCEEDED,INVALID
3351,2,41,53,25401,27531,0,CAPACITY_EXCEEDED,INVALID
3352,2,41,54,26754,28860,0,CAPACITY_EXCEEDED,INVALID
3353,2,41,55,25658,27791,0,CAPACITY_EXCEEDED,INVALID
3354,2,41,56,26213,28330,0,CAPACITY_EXCEEDED,INVALID
3355,2,41,57,26005,28170,0,CAPACITY_EXCEEDED,INVALID
3356,2,41,58,27046,29164,0,CAPACITY_EXCEEDED,INVALID
3357,2,41,59,25833,27911,0,CAPACITY_EXCEEDED,INVALID
3358,2,41,60,26074,28188,0,CAPACITY_EXCEEDED,INVALID
3359,2,41,61,25699,27870,0,CAPACITY_EXCEEDED,INVALID
3360,2,41,62,26952,29070,0,CAPACITY_EXCEEDED,INVALID
3361,2,41,63,25573,27717,0,CAPACITY_EXCEEDED,INVALID
3362,2,41,64,26623,28776,0,CAPACITY_EXCEEDED,INVALID
3363,2,41,65,25809,27968,0,CAPACITY_EXCEEDED,INVALID
3364,2,41,66,26757,28895,0,CAPACITY_EXCEEDED,INVALID
3365,2,41,67,25469,27617,0,CAPACITY_EXCEEDED,INVALID
3366,2,41,68,26769,28854,0,CAPACITY_EXCEEDED,INVALID
3367,2,41,69,26642,28776,0,CAPACITY_EXCEEDED,INVALID
3368,2,41,70,25758,27838,0,CAPACITY_EXCEEDED,INVALID
3369,2,41,71,26218,28308,0,CAPACITY_EXCEEDED,INVALID
3370,2,41,72,26204,28377,0,CAPACITY_EXCEEDED,INVALID
3371,2,41,73,25544,27646,0,CAPACITY_EXCEEDED,INVALID
3372,2,41,74,27232,29368,0,CAPACITY_EXCEEDED,INVALID
3373,2,41,75,25654,27740,0,CAPACITY_EXCEEDED,INVALID
3374,2,41,76,25854,27979,0,CAPACITY_EXCEEDED,INVALID
3375,2,41,77,26077,28268,0,CAPACITY_EXCEEDED,INVALID
3376,2,41,78,26751,28875,0,CAPACITY_EXCEEDED,INVALID
3377,2,41,79,27231,29306,0,CAPACITY_EXCEEDED,INVALID
3378,2,41,80,25477,27575,0,CAPACITY_EXCEEDED,INVALID
3379,2,41,81,26788,28869,0,CAPACITY_EXCEEDED,INVALID
3380,2,41,82,25387,27497,1,FEASIBLE,WORSE
3381,2,41,83,26015,28096,0,CAPACITY_EXCEEDED,INVALID
3382,2,41,84,26762,28950,0,CAPACITY_EXCEEDED,INVALID
3383,2,41,85,27201,29309,0,CAPACITY_EXCEEDED,INVALID
3384,2,41,86,25670,27770,0,CAPACITY_EXCEEDED,INVALID
3385,2,41,87,25788,27867,0,CAPACITY_EXCEEDED,INVALID
3386,2,41,88,25978,28111,0,CAPACITY_EXCEEDED,INVALID
3387,2,41,89,25700,27872,0,CAPACITY_EXCEEDED,INVALID
3388,2,41,90,27206,29355,0,CAPACITY_EXCEEDED,INVALID
3389,2,41,91,26242,28385,0,CAPACITY_EXCEEDED,INVALID
3390,2,41,92,27032,29147,0,CAPACITY_EXCEEDED,INVALID
3391,2,41,93,25427,27566,0,CAPACITY_EXCEEDED,INVALID
3392,2,41,94,27135,29296,0,CAPACITY_EXCEEDED,INVALID
3393,2,41,95,26989,29102,0,CAPACITY_EXCEEDED,INVALID
3394,2,41,96,27058,29152,0,CAPACITY_EXCEEDED,INVALID
3395,2,41,97,25729,27870,0,CAPACITY_EXCEEDED,INVALID
3396,2,41,98,26810,28943,0,CAPACITY_EXCEEDED,INVALID
3397,2,41,99,26675,28849,0,CAPACITY_EXCEEDED,INVALID
3398,2,42,43,25842,27960,0,CAPACITY_EXCEEDED,INVALID
3399,2,42,44,26231,28333,0,CAPACITY_EXCEEDED,INVALID
3400,2,42,45,24797,26898,1,FEASIBLE,WORSE
3401,2,42,46,24572,26751,1,FEASIBLE,WORSE
3402,2,42,47,25932,28055,0,CAPACITY_EXCEEDED,INVALID
3403,2,42,48,24678,26838,1,FEASIBLE,WORSE
3404,2,42,49,24838,26955,1,FEASIBLE,WORSE
3405,2,42,50,25813,27898,0,CAPACITY_EXCEEDED,INVALID
3406,2,42,51,26097,28181,0,CAPACITY_EXCEEDED,INVALID
3407,2,42,52,26392,28502,0,CAPACITY_EXCEEDED,INVALID
3408,2,42,53,24662,26799,1,FEASIBLE,WORSE
3409,2,42,54,26015,28128,0,CAPACITY_EXCEEDED,INVALID
3410,2,42,55,24919,27059,1,FEASIBLE,WORSE
3411,2,42,56,25474,27598,0,CAPACITY_EXCEEDED,INVALID
3412,2,42,57,25266,27438,1,FEASIBLE,WORSE
3413,2,42,58,26307,28432,0,CAPACITY_EXCEEDED,INVALID
3414,2,42,59,25094,27179,1,FEASIBLE,WORSE
3415,2,42,60,25335,27456,1,FEASIBLE,WORSE
3416,2,42,61,24960,27138,1,FEASIBLE,WORSE
3417,2,42,62,26213,28338,0,CAPACITY_EXCEEDED,INVALID
3418,2,42,63,24834,26985,1,FEASIBLE,WORSE
3419,2,42,64,25884,28044,0,CAPACITY_EXCEEDED,INVALID
3420,2,42,65,25070,27236,1,FEASIBLE,WORSE
3421,2,42,66,26018,28163,0,CAPACITY_EXCEEDED,INVALID
3422,2,42,67,24730,26885,1,FEASIBLE,WORSE
3423,2,42,68,26030,28122,0,CAPACITY_EXCEEDED,INVALID
3424,2,42,69,25903,28044,0,CAPACITY_EXCEEDED,INVALID
3425,2,42,70,25019,27106,1,FEASIBLE,WORSE
3426,2,42,71,25479,27576,0,CAPACITY_EXCEEDED,INVALID
3427,2,42,72,25465,27645,0,CAPACITY_EXCEEDED,INVALID
3428,2,42,73,24805,26914,1,FEASIBLE,WORSE
3429,2,42,74,26493,28636,0,CAPACITY_EXCEEDED,INVALID
3430,2,42,75,24915,27008,1,FEASIBLE,WORSE
3431,2,42,76,25115,27247,1,FEASIBLE,WORSE
3432,2,42,77,25338,27536,1,FEASIBLE,WORSE
3433,2,42,78,26012,28143,0,CAPACITY_EXCEEDED,INVALID
3434,2,42,79,26492,28574,0,CAPACITY_EXCEEDED,INVALID
3435,2,42,80,24738,26843,1,FEASIBLE,WORSE
3436,2,42,81,26049,28137,0,CAPACITY_EXCEEDED,INVALID
3437,2,42,82,24648,26765,1,FEASIBLE,WORSE
3438,2,42,83,25276,27364,1,FEASIBLE,WORSE
3439,2,42,84,26023,28218,0,CAPACITY_EXCEEDED,INVALID
3440,2,42,85,26462,28577,0,CAPACITY_EXCEEDED,INVALID
3441,2,42,86,24931,27038,1,FEASIBLE,WORSE
3442,2,42,87,25049,27135,1,FEASIBLE,WORSE
3443,2,42,88,25239,27379,1,FEASIBLE,WORSE
3444,2,42,89,24961,27140,1,FEASIBLE,WORSE
3445,2,42,90,26467,28623,0,CAPACITY_EXCEEDED,INVALID
3446,2,42,91,25503,27653,0,CAPACITY_EXCEEDED,INVALID
3447,2,42,92,26293,28415,0,CAPACITY_EXCEEDED,INVALID
3448,2,42,93,24688,26834,1,FEASIBLE,WORSE
3449,2,42,94,26396,28564,0,CAPACITY_EXCEEDED,INVALID
3450,2,42,95,26250,28370,0,CAPACITY_EXCEEDED,INVALID
3451,2,42,96,26319,28420,0,CAPACITY_EXCEEDED,INVALID
3452,2,42,97,24990,27138,1,FEASIBLE,WORSE
3453,2,42,98,26071,28211,0,CAPACITY_EXCEEDED,INVALID
3454,2,42,99,25936,28117,0,CAPACITY_EXCEEDED,INVALID
3455,2,43,44,26443,28498,0,CAPACITY_EXCEEDED,INVALID
3456,2,43,45,25009,27063,1,FEASIBLE,WORSE
3457,2,43,46,24784,26916,1,FEASIBLE,WORSE
3458,2,43,47,26144,28220,0,CAPACITY_EXCEEDED,INVALID
3459,2,43,48,24890,27003,1,FEASIBLE,WORSE
3460,2,43,49,25050,27120,1,FEASIBLE,WORSE
3461,2,43,50,26025,28063,0,CAPACITY_EXCEEDED,INVALID
3462,2,43,51,26309,28346,0,CAPACITY_EXCEEDED,INVALID
3463,2,43,52,26604,28667,0,CAPACITY_EXCEEDED,INVALID
3464,2,43,53,24874,26964,1,FEASIBLE,WORSE
3465,2,43,54,26227,28293,0,CAPACITY_EXCEEDED,INVALID
3466,2,43,55,25131,27224,1,FEASIBLE,WORSE
3467,2,43,56,25686,27763,0,CAPACITY_EXCEEDED,INVALID
3468,2,43,57,25478,27603,0,CAPACITY_EXCEEDED,INVALID
3469,2,43,58,26519,28597,0,CAPACITY_EXCEEDED,INVALID
3470,2,43,59,25306,27344,1,FEASIBLE,WORSE
3471,2,43,60,25547,27621,0,CAPACITY_EXCEEDED,INVALID
3472,2,43,61,25172,27303,1,FEASIBLE,WORSE
3473,2,43,62,26425,28503,0,CAPACITY_EXCEEDED,INVALID
3474,2,43,63,25046,27150,1,FEASIBLE,WORSE
3475,2,43,64,26096,28209,0,CAPACITY_EXCEEDED,INVALID
3476,2,43,65,25282,27401,1,FEASIBLE,WORSE
3477,2,43,66,26230,28328,0,CAPACITY_EXCEEDED,INVALID
3478,2,43,67,24942,27050,1,FEASIBLE,WORSE
3479,2,43,68,26242,28287,0,CAPACITY_EXCEEDED,INVALID
3480,2,43,69,26115,28209,0,CAPACITY_EXCEEDED,INVALID
3481,2,43,70,25231,27271,1,FEASIBLE,WORSE
3482,2,43,71,25691,27741,0,CAPACITY_EXCEEDED,INVALID
3483,2,43,72,25677,27810,0,CAPACITY_EXCEEDED,INVALID
3484,2,43,73,25017,27079,1,FEASIBLE,WORSE
3485,2,43,74,26705,28801,0,CAPACITY_EXCEEDED,INVALID
3486,2,43,75,25127,27173,1,FEASIBLE,WORSE
3487,2,43,76,25327,27412,1,FEASIBLE,WORSE
3488,2,43,77,25550,27701,0,CAPACITY_EXCEEDED,INVALID
3489,2,43,78,26224,28308,0,CAPACITY_EXCEEDED,INVALID
3490,2,43,79,26704,28739,0,CAPACITY_EXCEEDED,INVALID
3491,2,43,80,24950,27008,1,FEASIBLE,WORSE
3492,2,43,81,26261,28302,0,CAPACITY_EXCEEDED,INVALID
3493,2,43,82,24860,26930,1,FEASIBLE,WORSE
3494,2,43,83,25488,27529,0,CAPACITY_EXCEEDED,INVALID
3495,2,43,84,26235,28383,0,CAPACITY_EXCEEDED,INVALID
3496,2,43,85,26674,28742,0,CAPACITY_EXCEEDED,INVALID
3497,2,43,86,25143,27203,1,FEASIBLE,WORSE
3498,2,43,87,25261,27300,1,FEASIBLE,WORSE
3499,2,43,88,25451,27544,0,CAPACITY_EXCEEDED,INVALID
3500,2,43,89,25173,27305,1,FEASIBLE,WORSE
3501,2,43,90,26679,28788,0,CAPACITY_EXCEEDED,INVALID
3502,2,43,91,25715,27818,0,CAPACITY_EXCEEDED,INVALID
3503,2,43,92,26505,28580,0,CAPACITY_EXCEEDED,INVALID
3504,2,43,93,24900,26999,1,FEASIBLE,WORSE
3505,2,43,94,26608,28729,0,CAPACITY_EXCEEDED,INVALID
3506,2,43,95,26462,28535,0,CAPACITY_EXCEEDED,INVALID
3507,2,43,96,26531,28585,0,CAPACITY_EXCEEDED,INVALID
3508,2,43,97,25202,27303,1,FEASIBLE,WORSE
3509,2,43,98,26283,28376,0,CAPACITY_EXCEEDED,INVALID
3510,2,43,99,26148,28282,0,CAPACITY_EXCEEDED,INVALID
3511,2,44,45,25398,27436,0,CAPACITY_EXCEEDED,INVALID
3512,2,44,46,25173,27289,1,FEASIBLE,WORSE
3513,2,44,47,26533,28593,0,CAPACITY_EXCEEDED,INVALID
3514,2,44,48,25279,27376,1,FEASIBLE,WORSE
3515,2,44,49,25439,27493,0,CAPACITY_EXCEEDED,INVALID
3516,2,44,50,26414,28436,0,CAPACITY_EXCEEDED,INVALID
3517,2,44,51,26698,28719,0,CAPACITY_EXCEEDED,INVALID
3518,2,44,52,26993,29040,0,CAPACITY_EXCEEDED,INVALID
3519,2,44,53,25263,27337,1,FEASIBLE,WORSE
3520,2,44,54,26616,28666,0,CAPACITY_EXCEEDED,INVALID
3521,2,44,55,25520,27597,0,CAPACITY_EXCEEDED,INVALID
3522,2,44,56,26075,28136,0,CAPACITY_EXCEEDED,INVALID
3523,2,44,57,25867,27976,0,CAPACITY_EXCEEDED,INVALID
3524,2,44,58,26908,28970,0,CAPACITY_EXCEEDED,INVALID
3525,2,44,59,25695,27717,0,CAPACITY_EXCEEDED,INVALID
3526,2,44,60,25936,27994,0,CAPACITY_EXCEEDED,INVALID
3527,2,44,61,25561,27676,0,CAPACITY_EXCEEDED,INVALID
3528,2,44,62,26814,28876,0,CAPACITY_EXCEEDED,INVALID
3529,2,44,63,25435,27523,0,CAPACITY_EXCEEDED,INVALID
3530,2,44,64,26485,28582,0,CAPACITY_EXCEEDED,INVALID
3531,2,44,65,25671,27774,0,CAPACITY_EXCEEDED,INVALID
3532,2,44,66,26619,28701,0,CAPACITY_EXCEEDED,INVALID
3533,2,44,67,25331,27423,1,FEASIBLE,WORSE
3534,2,44,68,26631,28660,0,CAPACITY_EXCEEDED,INVALID
3535,2,44,69,26504,28582,0,CAPACITY_EXCEEDED,INVALID
3536,2,44,70,25620,27644,0,CAPACITY_EXCEEDED,INVALID
3537,2,44,71,26080,28114,0,CAPACITY_EXCEEDED,INVALID
3538,2,44,72,26066,28183,0,CAPACITY_EXCEEDED,INVALID
3539,2,44,73,25406,27452,0,CAPACITY_EXCEEDED,INVALID
3540,2,44,74,27094,29174,0,CAPACITY_EXCEEDED,INVALID
3541,2,44,75,25516,27546,0,CAPACITY_EXCEEDED,INVALID
3542,2,44,76,25716,27785,0,CAPACITY_EXCEEDED,INVALID
3543,2,44,77,25939,28074,0,CAPACITY_EXCEEDED,INVALID
3544,2,44,78,26613,28681,0,CAPACITY_EXCEEDED,INVALID
3545,2,44,79,27093,29112,0,CAPACITY_EXCEEDED,INVALID
3546,2,44,80,25339,27381,1,FEASIBLE,WORSE
3547,2,44,81,26650,28675,0,CAPACITY_EXCEEDED,INVALID
3548,2,44,82,25249,27303,1,FEASIBLE,WORSE
3549,2,44,83,25877,27902,0,CAPACITY_EXCEEDED,INVALID
3550,2,44,84,26624,28756,0,CAPACITY_EXCEEDED,INVALID
3551,2,44,85,27063,29115,0,CAPACITY_EXCEEDED,INVALID
3552,2,44,86,25532,27576,0,CAPACITY_EXCEEDED,INVALID
3553,2,44,87,25650,27673,0,CAPACITY_EXCEEDED,INVALID
3554,2,44,88,25840,27917,0,CAPACITY_EXCEEDED,INVALID
3555,2,44,89,25562,27678,0,CAPACITY_EXCEEDED,INVALID
3556,2,44,90,27068,29161,0,CAPACITY_EXCEEDED,INVALID
3557,2,44,91,26104,28191,0,CAPACITY_EXCEEDED,INVALID
3558,2,44,92,26894,28953,0,CAPACITY_EXCEEDED,INVALID
3559,2,44,93,25289,27372,1,FEASIBLE,WORSE
3560,2,44,94,26997,29102,0,CAPACITY_EXCEEDED,INVALID
3561,2,44,95,26851,28908,0,CAPACITY_EXCEEDED,INVALID
3562,2,44,96,26920,28958,0,CAPACITY_EXCEEDED,INVALID
3563,2,44,97,25591,27676,0,CAPACITY_EXCEEDED,INVALID
3564,2,44,98,26672,28749,0,CAPACITY_EXCEEDED,INVALID
3565,2,44,99,26537,28655,0,CAPACITY_EXCEEDED,INVALID
3566,2,45,46,23739,25854,1,FEASIBLE,WORSE
3567,2,45,47,25099,27158,1,FEASIBLE,WORSE
3568,2,45,48,23845,25941,1,FEASIBLE,WORSE
3569,2,45,49,24005,26058,1,FEASIBLE,WORSE
3570,2,45,50,24980,27001,1,FEASIBLE,WORSE
3571,2,45,51,25264,27284,1,FEASIBLE,WORSE
3572,2,45,52,25559,27605,0,CAPACITY_EXCEEDED,INVALID
3573,2,45,53,23829,25902,1,FEASIBLE,WORSE
3574,2,45,54,25182,27231,1,FEASIBLE,WORSE
3575,2,45,55,24086,26162,1,FEASIBLE,WORSE
3576,2,45,56,24641,26701,1,FEASIBLE,WORSE
3577,2,45,57,24433,26541,1,FEASIBLE,WORSE
3578,2,45,58,25474,27535,0,CAPACITY_EXCEEDED,INVALID
3579,2,45,59,24261,26282,1,FEASIBLE,WORSE
3580,2,45,60,24502,26559,1,FEASIBLE,WORSE
3581,2,45,61,24127,26241,1,FEASIBLE,WORSE
3582,2,45,62,25380,27441,1,FEASIBLE,WORSE
3583,2,45,63,24001,26088,1,FEASIBLE,WORSE
3584,2,45,64,25051,27147,1,FEASIBLE,WORSE
3585,2,45,65,24237,26339,1,FEASIBLE,WORSE
3586,2,45,66,25185,27266,1,FEASIBLE,WORSE
3587,2,45,67,23897,25988,1,FEASIBLE,WORSE
3588,2,45,68,25197,27225,1,FEASIBLE,WORSE
3589,2,45,69,25070,27147,1,FEASIBLE,WORSE
3590,2,45,70,24186,26209,1,FEASIBLE,WORSE
3591,2,45,71,24646,26679,1,FEASIBLE,WORSE
3592,2,45,72,24632,26748,1,FEASIBLE,WORSE
3593,2,45,73,23972,26017,1,FEASIBLE,WORSE
3594,2,45,74,25660,27739,0,CAPACITY_EXCEEDED,INVALID
3595,2,45,75,24082,26111,1,FEASIBLE,WORSE
3596,2,45,76,24282,26350,1,FEASIBLE,WORSE
3597,2,45,77,24505,26639,1,FEASIBLE,WORSE
3598,2,45,78,25179,27246,1,FEASIBLE,WORSE
3599,2,45,79,25659,27677,0,CAPACITY_EXCEEDED,INVALID
3600,2,45,80,23905,25946,1,FEASIBLE,WORSE
3601,2,45,81,25216,27240,1,FEASIBLE,WORSE
3602,2,45,82,23815,25868,1,FEASIBLE,WORSE
3603,2,45,83,24443,26467,1,FEASIBLE,WORSE
3604,2,45,84,25190,27321,1,FEASIBLE,WORSE
3605,2,45,85,25629,27680,0,CAPACITY_EXCEEDED,INVALID
3606,2,45,86,24098,26141,1,FEASIBLE,WORSE
3607,2,45,87,24216,26238,1,FEASIBLE,WORSE
3608,2,45,88,24406,26482,1,FEASIBLE,WORSE
3609,2,45,89,24128,26243,1,FEASIBLE,WORSE
3610,2,45,90,25634,27726,0,CAPACITY_EXCEEDED,INVALID
3611,2,45,91,24670,26756,1,FEASIBLE,WORSE
3612,2,45,92,25460,27518,0,CAPACITY_EXCEEDED,INVALID
3613,2,45,93,23855,25937,1,FEASIBLE,WORSE
3614,2,45,94,25563,27667,0,CAPACITY_EXCEEDED,INVALID
3615,2,45,95,25417,27473,0,CAPACITY_EXCEEDED,INVALID
3616,2,45,96,25486,27523,0,CAPACITY_EXCEEDED,INVALID
3617,2,45,97,24157,26241,1,FEASIBLE,WORSE
3618,2,45,98,25238,27314,1,FEASIBLE,WORSE
3619,2,45,99,25103,27220,1,FEASIBLE,WORSE
3620,2,46,47,24874,27011,1,FEASIBLE,WORSE
3621,2,46,48,23620,25794,1,FEASIBLE,WORSE
3622,2,46,49,23780,25911,1,FEASIBLE,WORSE
3623,2,46,50,24755,26854,1,FEASIBLE,WORSE
3624,2,46,51,25039,27137,1,FEASIBLE,WORSE
3625,2,46,52,25334,27458,1,FEASIBLE,WORSE
3626,2,46,53,23604,25755,1,FEASIBLE,WORSE
3627,2,46,54,24957,27084,1,FEASIBLE,WORSE
3628,2,46,55,23861,26015,1,FEASIBLE,WORSE
3629,2,46,56,24416,26554,1,FEASIBLE,WORSE
3630,2,46,57,24208,26394,1,FEASIBLE,WORSE
3631,2,46,58,25249,27388,1,FEASIBLE,WORSE
3632,2,46,59,24036,26135,1,FEASIBLE,WORSE
3633,2,46,60,24277,26412,1,FEASIBLE,WORSE
3634,2,46,61,23902,26094,1,FEASIBLE,WORSE
3635,2,46,62,25155,27294,1,FEASIBLE,WORSE
3636,2,46,63,23776,25941,1,FEASIBLE,WORSE
3637,2,46,64,24826,27000,1,FEASIBLE,WORSE
3638,2,46,65,24012,26192,1,FEASIBLE,WORSE
3639,2,46,66,24960,27119,1,FEASIBLE,WORSE
3640,2,46,67,23672,25841,1,FEASIBLE,WORSE
3641,2,46,68,24972,27078,1,FEASIBLE,WORSE
3642,2,46,69,24845,27000,1,FEASIBLE,WORSE
3643,2,46,70,23961,26062,1,FEASIBLE,WORSE
3644,2,46,71,24421,26532,1,FEASIBLE,WORSE
3645,2,46,72,24407,26601,1,FEASIBLE,WORSE
3646,2,46,73,23747,25870,1,FEASIBLE,WORSE
3647,2,46,74,25435,27592,0,CAPACITY_EXCEEDED,INVALID
3648,2,46,75,23857,25964,1,FEASIBLE,WORSE
3649,2,46,76,24057,26203,1,FEASIBLE,WORSE
3650,2,46,77,24280,26492,1,FEASIBLE,WORSE
3651,2,46,78,24954,27099,1,FEASIBLE,WORSE
3652,2,46,79,25434,27530,0,CAPACITY_EXCEEDED,INVALID
3653,2,46,80,23680,25799,1,FEASIBLE,WORSE
3654,2,46,81,24991,27093,1,FEASIBLE,WORSE
3655,2,46,82,23590,25721,1,FEASIBLE,WORSE
3656,2,46,83,24218,26320,1,FEASIBLE,WORSE
3657,2,46,84,24965,27174,1,FEASIBLE,WORSE
3658,2,46,85,25404,27533,0,CAPACITY_EXCEEDED,INVALID
3659,2,46,86,23873,25994,1,FEASIBLE,WORSE
3660,2,46,87,23991,26091,1,FEASIBLE,WORSE
3661,2,46,88,24181,26335,1,FEASIBLE,WORSE
3662,2,46,89,23903,26096,1,FEASIBLE,WORSE
3663,2,46,90,25409,27579,0,CAPACITY_EXCEEDED,INVALID
3664,2,46,91,24445,26609,1,FEASIBLE,WORSE
3665,2,46,92,25235,27371,1,FEASIBLE,WORSE
3666,2,46,93,23630,25790,1,FEASIBLE,WORSE
3667,2,46,94,25338,27520,1,FEASIBLE,WORSE
3668,2,46,95,25192,27326,1,FEASIBLE,WORSE
3669,2,46,96,25261,27376,1,FEASIBLE,WORSE
3670,2,46,97,23932,26094,1,FEASIBLE,WORSE
3671,2,46,98,25013,27167,1,FEASIBLE,WORSE
3672,2,46,99,24878,27073,1,FEASIBLE,WORSE
3673,2,47,48,24980,27098,1,FEASIBLE,WORSE
3674,2,47,49,25140,27215,1,FEASIBLE,WORSE
3675,2,47,50,26115,28158,0,CAPACITY_EXCEEDED,INVALID
3676,2,47,51,26399,28441,0,CAPACITY_EXCEEDED,INVALID
3677,2,47,52,26694,28762,0,CAPACITY_EXCEEDED,INVALID
3678,2,47,53,24964,27059,1,FEASIBLE,WORSE
3679,2,47,54,26317,28388,0,CAPACITY_EXCEEDED,INVALID
3680,2,47,55,25221,27319,1,FEASIBLE,WORSE
3681,2,47,56,25776,27858,0,CAPACITY_EXCEEDED,INVALID
3682,2,47,57,25568,27698,0,CAPACITY_EXCEEDED,INVALID
3683,2,47,58,26609,28692,0,CAPACITY_EXCEEDED,INVALID
3684,2,47,59,25396,27439,0,CAPACITY_EXCEEDED,INVALID
3685,2,47,60,25637,27716,0,CAPACITY_EXCEEDED,INVALID
3686,2,47,61,25262,27398,1,FEASIBLE,WORSE
3687,2,47,62,26515,28598,0,CAPACITY_EXCEEDED,INVALID
3688,2,47,63,25136,27245,1,FEASIBLE,WORSE
3689,2,47,64,26186,28304,0,CAPACITY_EXCEEDED,INVALID
3690,2,47,65,25372,27496,1,FEASIBLE,WORSE
3691,2,47,66,26320,28423,0,CAPACITY_EXCEEDED,INVALID
3692,2,47,67,25032,27145,1,FEASIBLE,WORSE
3693,2,47,68,26332,28382,0,CAPACITY_EXCEEDED,INVALID
3694,2,47,69,26205,28304,0,CAPACITY_EXCEEDED,INVALID
3695,2,47,70,25321,27366,1,FEASIBLE,WORSE
3696,2,47,71,25781,27836,0,CAPACITY_EXCEEDED,INVALID
3697,2,47,72,25767,27905,0,CAPACITY_EXCEEDED,INVALID
3698,2,47,73,25107,27174,1,FEASIBLE,WORSE
3699,2,47,74,26795,28896,0,CAPACITY_EXCEEDED,INVALID
3700,2,47,75,25217,27268,1,FEASIBLE,WORSE
3701,2,47,76,25417,27507,0,CAPACITY_EXCEEDED,INVALID
3702,2,47,77,25640,27796,0,CAPACITY_EXCEEDED,INVALID
3703,2,47,78,26314,28403,0,CAPACITY_EXCEEDED,INVALID
3704,2,47,79,26794,28834,0,CAPACITY_EXCEEDED,INVALID
3705,2,47,80,25040,27103,1,FEASIBLE,WORSE
3706,2,47,81,26351,28397,0,CAPACITY_EXCEEDED,INVALID
3707,2,47,82,24950,27025,1,FEASIBLE,WORSE
3708,2,47,83,25578,27624,0,CAPACITY_EXCEEDED,INVALID
3709,2,47,84,26325,28478,0,CAPACITY_EXCEEDED,INVALID
3710,2,47,85,26764,28837,0,CAPACITY_EXCEEDED,INVALID
3711,2,47,86,25233,27298,1,FEASIBLE,WORSE
3712,2,47,87,25351,27395,1,FEASIBLE,WORSE
3713,2,47,88,25541,27639,0,CAPACITY_EXCEEDED,INVALID
3714,2,47,89,25263,27400,1,FEASIBLE,WORSE
3715,2,47,90,26769,28883,0,CAPACITY_EXCEEDED,INVALID
3716,2,47,91,25805,27913,0,CAPACITY_EXCEEDED,INVALID
3717,2,47,92,26595,28675,0,CAPACITY_EXCEEDED,INVALID
3718,2,47,93,24990,27094,1,FEASIBLE,WORSE
3719,2,47,94,26698,28824,0,CAPACITY_EXCEEDED,INVALID
3720,2,47,95,26552,28630,0,CAPACITY_EXCEEDED,INVALID
3721,2,47,96,26621,28680,0,CAPACITY_EXCEEDED,INVALID
3722,2,47,97,25292,27398,1,FEASIBLE,WORSE
3723,2,47,98,26373,28471,0,CAPACITY_EXCEEDED,INVALID
3724,2,47,99,26238,28377,0,CAPACITY_EXCEEDED,INVALID
3725,2,48,49,23886,25998,1,FEASIBLE,WORSE
3726,2,48,50,24861,26941,1,FEASIBLE,WORSE
3727,2,48,51,25145,27224,1,FEASIBLE,WORSE
3728,2,48,52,25440,27545,0,CAPACITY_EXCEEDED,INVALID
3729,2,48,53,23710,25842,1,FEASIBLE,WORSE
3730,2,48,54,25063,27171,1,FEASIBLE,WORSE
3731,2,48,55,23967,26102,1,FEASIBLE,WORSE
3732,2,48,56,24522,26641,1,FEASIBLE,WORSE
3733,2,48,57,24314,26481,1,FEASIBLE,WORSE
3734,2,48,58,25355,27475,1,FEASIBLE,WORSE
3735,2,48,59,24142,26222,1,FEASIBLE,WORSE
3736,2,48,60,24383,26499,1,FEASIBLE,WORSE
3737,2,48,61,24008,26181,1,FEASIBLE,WORSE
3738,2,48,62,25261,27381,1,FEASIBLE,WORSE
3739,2,48,63,23882,26028,1,FEASIBLE,WORSE
3740,2,48,64,24932,27087,1,FEASIBLE,WORSE
3741,2,48,65,24118,26279,1,FEASIBLE,WORSE
3742,2,48,66,25066,27206,1,FEASIBLE,WORSE
3743,2,48,67,23778,25928,1,FEASIBLE,WORSE
3744,2,48,68,25078,27165,1,FEASIBLE,WORSE
3745,2,48,69,24951,27087,1,FEASIBLE,WORSE
3746,2,48,70,24067,26149,1,FEASIBLE,WORSE
3747,2,48,71,24527,26619,1,FEASIBLE,WORSE
3748,2,48,72,24513,26688,1,FEASIBLE,WORSE
3749,2,48,73,23853,25957,1,FEASIBLE,WORSE
3750,2,48,74,25541,27679,0,CAPACITY_EXCEEDED,INVALID
3751,2,48,75,23963,26051,1,FEASIBLE,WORSE
3752,2,48,76,24163,26290,1,FEASIBLE,WORSE
3753,2,48,77,24386,26579,1,FEASIBLE,WORSE
3754,2,48,78,25060,27186,1,FEASIBLE,WORSE
3755,2,48,79,25540,27617,0,CAPACITY_EXCEEDED,INVALID
3756,2,48,80,23786,25886,1,FEASIBLE,WORSE
3757,2,48,81,25097,27180,1,FEASIBLE,WORSE
3758,2,48,82,23696,25808,1,FEASIBLE,WORSE
3759,2,48,83,24324,26407,1,FEASIBLE,WORSE
3760,2,48,84,25071,27261,1,FEASIBLE,WORSE
3761,2,48,85,25510,27620,0,CAPACITY_EXCEEDED,INVALID
3762,2,48,86,23979,26081,1,FEASIBLE,WORSE
3763,2,48,87,24097,26178,1,FEASIBLE,WORSE
3764,2,48,88,24287,26422,1,FEASIBLE,WORSE
3765,2,48,89,24009,26183,1,FEASIBLE,WORSE
3766,2,48,90,25515,27666,0,CAPACITY_EXCEEDED,INVALID
3767,2,48,91,24551,26696,1,FEASIBLE,WORSE
3768,2,48,92,25341,27458,1,FEASIBLE,WORSE
3769,2,48,93,23736,25877,1,FEASIBLE,WORSE
3770,2,48,94,25444,27607,0,CAPACITY_EXCEEDED,INVALID
3771,2,48,95,25298,27413,1,FEASIBLE,WORSE
3772,2,48,96,25367,27463,1,FEASIBLE,WORSE
3773,2,48,97,24038,26181,1,FEASIBLE,WORSE
3774,2,48,98,25119,27254,1,FEASIBLE,WORSE
3775,2,48,99,24984,27160,1,FEASIBLE,WORSE
3776,2,49,50,25021,27058,1,FEASIBLE,WORSE
3777,2,49,51,25305,27341,1,FEASIBLE,WORSE
3778,2,49,52,25600,27662,0,CAPACITY_EXCEEDED,INVALID
3779,2,49,53,23870,25959,1,FEASIBLE,WORSE
3780,2,49,54,25223,27288,1,FEASIBLE,WORSE
3781,2,49,55,24127,26219,1,FEASIBLE,WORSE
3782,2,49,56,24682,26758,1,FEASIBLE,WORSE
3783,2,49,57,24474,26598,1,FEASIBLE,WORSE
3784,2,49,58,25515,27592,0,CAPACITY_EXCEEDED,INVALID
3785,2,49,59,24302,26339,1,FEASIBLE,WORSE
3786,2,49,60,24543,26616,1,FEASIBLE,WORSE
3787,2,49,61,24168,26298,1,FEASIBLE,WORSE
3788,2,49,62,25421,27498,0,CAPACITY_EXCEEDED,INVALID
3789,2,49,63,24042,26145,1,FEASIBLE,WORSE
3790,2,49,64,25092,27204,1,FEASIBLE,WORSE
3791,2,49,65,24278,26396,1,FEASIBLE,WORSE
3792,2,49,66,25226,27323,1,FEASIBLE,WORSE
3793,2,49,67,23938,26045,1,FEASIBLE,WORSE
3794,2,49,68,25238,27282,1,FEASIBLE,WORSE
3795,2,49,69,25111,27204,1,FEASIBLE,WORSE
3796,2,49,70,24227,26266,1,FEASIBLE,WORSE
3797,2,49,71,24687,26736,1,FEASIBLE,WORSE
3798,2,49,72,24673,26805,1,FEASIBLE,WORSE
3799,2,49,73,24013,26074,1,FEASIBLE,WORSE
3800,2,49,74,25701,27796,0,CAPACITY_EXCEEDED,INVALID
3801,2,49,75,24123,26168,1,FEASIBLE,WORSE
3802,2,49,76,24323,26407,1,FEASIBLE,WORSE
3803,2,49,77,24546,26696,1,FEASIBLE,WORSE
3804,2,49,78,25220,27303,1,FEASIBLE,WORSE
3805,2,49,79,25700,27734,0,CAPACITY_EXCEEDED,INVALID
3806,2,49,80,23946,26003,1,FEASIBLE,WORSE
3807,2,49,81,25257,27297,1,FEASIBLE,WORSE
3808,2,49,82,23856,25925,1,FEASIBLE,WORSE
3809,2,49,83,24484,26524,1,FEASIBLE,WORSE
3810,2,49,84,25231,27378,1,FEASIBLE,WORSE
3811,2,49,85,25670,27737,0,CAPACITY_EXCEEDED,INVALID
3812,2,49,86,24139,26198,1,FEASIBLE,WORSE
3813,2,49,87,24257,26295,1,FEASIBLE,WORSE
3814,2,49,88,24447,26539,1,FEASIBLE,WORSE
3815,2,49,89,24169,26300,1,FEASIBLE,WORSE
3816,2,49,90,25675,27783,0,CAPACITY_EXCEEDED,INVALID
3817,2,49,91,24711,26813,1,FEASIBLE,WORSE
3818,2,49,92,25501,27575,0,CAPACITY_EXCEEDED,INVALID
3819,2,49,93,23896,25994,1,FEASIBLE,WORSE
3820,2,49,94,25604,27724,0,CAPACITY_EXCEEDED,INVALID
3821,2,49,95,25458,27530,0,CAPACITY_EXCEEDED,INVALID
3822,2,49,96,25527,27580,0,CAPACITY_EXCEEDED,INVALID
3823,2,49,97,24198,26298,1,FEASIBLE,WORSE
3824,2,49,98,25279,27371,1,FEASIBLE,WORSE
3825,2,49,99,25144,27277,1,FEASIBLE,WORSE
3826,2,50,51,26280,28284,0,CAPACITY_EXCEEDED,INVALID
3827,2,50,52,26575,28605,0,CAPACITY_EXCEEDED,INVALID
3828,2,50,53,24845,26902,1,FEASIBLE,WORSE
3829,2,50,54,26198,28231,0,CAPACITY_EXCEEDED,INVALID
3830,2,50,55,25102,27162,1,FEASIBLE,WORSE
3831,2,50,56,25657,27701,0,CAPACITY_EXCEEDED,INVALID
3832,2,50,57,25449,27541,0,CAPACITY_EXCEEDED,INVALID
3833,2,50,58,26490,28535,0,CAPACITY_EXCEEDED,INVALID
3834,2,50,59,25277,27282,1,FEASIBLE,WORSE
3835,2,50,60,25518,27559,0,CAPACITY_EXCEEDED,INVALID
3836,2,50,61,25143,27241,1,FEASIBLE,WORSE
3837,2,50,62,26396,28441,0,CAPACITY_EXCEEDED,INVALID
3838,2,50,63,25017,27088,1,FEASIBLE,WORSE
3839,2,50,64,26067,28147,0,CAPACITY_EXCEEDED,INVALID
3840,2,50,65,25253,27339,1,FEASIBLE,WORSE
3841,2,50,66,26201,28266,0,CAPACITY_EXCEEDED,INVALID
3842,2,50,67,24913,26988,1,FEASIBLE,WORSE
3843,2,50,68,26213,28225,0,CAPACITY_EXCEEDED,INVALID
3844,2,50,69,26086,28147,0,CAPACITY_EXCEEDED,INVALID
3845,2,50,70,25202,27209,1,FEASIBLE,WORSE
3846,2,50,71,25662,27679,0,CAPACITY_EXCEEDED,INVALID
3847,2,50,72,25648,27748,0,CAPACITY_EXCEEDED,INVALID
3848,2,50,73,24988,27017,1,FEASIBLE,WORSE
3849,2,50,74,26676,28739,0,CAPACITY_EXCEEDED,INVALID
3850,2,50,75,25098,27111,1,FEASIBLE,WORSE
3851,2,50,76,25298,27350,1,FEASIBLE,WORSE
3852,2,50,77,25521,27639,0,CAPACITY_EXCEEDED,INVALID
3853,2,50,78,26195,28246,0,CAPACITY_EXCEEDED,INVALID
3854,2,50,79,26675,28677,0,CAPACITY_EXCEEDED,INVALID
3855,2,50,80,24921,26946,1,FEASIBLE,WORSE
3856,2,50,81,26232,28240,0,CAPACITY_EXCEEDED,INVALID
3857,2,50,82,24831,26868,1,FEASIBLE,WORSE
3858,2,50,83,25459,27467,0,CAPACITY_EXCEEDED,INVALID
3859,2,50,84,26206,28321,0,CAPACITY_EXCEEDED,INVALID
3860,2,50,85,26645,28680,0,CAPACITY_EXCEEDED,INVALID
3861,2,50,86,25114,27141,1,FEASIBLE,WORSE
3862,2,50,87,25232,27238,1,FEASIBLE,WORSE
3863,2,50,88,25422,27482,0,CAPACITY_EXCEEDED,INVALID
3864,2,50,89,25144,27243,1,FEASIBLE,WORSE
3865,2,50,90,26650,28726,0,CAPACITY_EXCEEDED,INVALID
3866,2,50,91,25686,27756,0,CAPACITY_EXCEEDED,INVALID
3867,2,50,92,26476,28518,0,CAPACITY_EXCEEDED,INVALID
3868,2,50,93,24871,26937,1,FEASIBLE,WORSE
3869,2,50,94,26579,28667,0,CAPACITY_EXCEEDED,INVALID
3870,2,50,95,26433,28473,0,CAPACITY_EXCEEDED,INVALID
3871,2,50,96,26502,28523,0,CAPACITY_EXCEEDED,INVALID
3872,2,50,97,25173,27241,1,FEASIBLE,WORSE
3873,2,50,98,26254,28314,0,CAPACITY_EXCEEDED,INVALID
3874,2,50,99,26119,28220,0,CAPACITY_EXCEEDED,INVALID
3875,2,51,52,26859,28888,0,CAPACITY_EXCEEDED,INVALID
3876,2,51,53,25129,27185,1,FEASIBLE,WORSE
3877,2,51,54,26482,28514,0,CAPACITY_EXCEEDED,INVALID
3878,2,51,55,25386,27445,1,FEASIBLE,WORSE
3879,2,51,56,25941,27984,0,CAPACITY_EXCEEDED,INVALID
3880,2,51,57,25733,27824,0,CAPACITY_EXCEEDED,INVALID
3881,2,51,58,26774,28818,0,CAPACITY_EXCEEDED,INVALID
3882,2,51,59,25561,27565,0,CAPACITY_EXCEEDED,INVALID
3883,2,51,60,25802,27842,0,CAPACITY_EXCEEDED,INVALID
3884,2,51,61,25427,27524,0,CAPACITY_EXCEEDED,INVALID
3885,2,51,62,26680,28724,0,CAPACITY_EXCEEDED,INVALID
3886,2,51,63,25301,27371,1,FEASIBLE,WORSE
3887,2,51,64,26351,28430,0,CAPACITY_EXCEEDED,INVALID
3888,2,51,65,25537,27622,0,CAPACITY_EXCEEDED,INVALID
3889,2,51,66,26485,28549,0,CAPACITY_EXCEEDED,INVALID
3890,2,51,67,25197,27271,1,FEASIBLE,WORSE
3891,2,51,68,26497,28508,0,CAPACITY_EXCEEDED,INVALID
3892,2,51,69,26370,28430,0,CAPACITY_EXCEEDED,INVALID
3893,2,51,70,25486,27492,0,CAPACITY_EXCEEDED,INVALID
3894,2,51,71,25946,27962,0,CAPACITY_EXCEEDED,INVALID
3895,2,51,72,25932,28031,0,CAPACITY_EXCEEDED,INVALID
3896,2,51,73,25272,27300,1,FEASIBLE,WORSE
3897,2,51,74,26960,29022,0,CAPACITY_EXCEEDED,INVALID
3898,2,51,75,25382,27394,1,FEASIBLE,WORSE
3899,2,51,76,25582,27633,0,CAPACITY_EXCEEDED,INVALID
3900,2,51,77,25805,27922,0,CAPACITY_EXCEEDED,INVALID
3901,2,51,78,26479,28529,0,CAPACITY_EXCEEDED,INVALID
3902,2,51,79,26959,28960,0,CAPACITY_EXCEEDED,INVALID
3903,2,51,80,25205,27229,1,FEASIBLE,WORSE
3904,2,51,81,26516,28523,0,CAPACITY_EXCEEDED,INVALID
3905,2,51,82,25115,27151,1,FEASIBLE,WORSE
3906,2,51,83,25743,27750,0,CAPACITY_EXCEEDED,INVALID
3907,2,51,84,26490,28604,0,CAPACITY_EXCEEDED,INVALID
3908,2,51,85,26929,28963,0,CAPACITY_EXCEEDED,INVALID
3909,2,51,86,25398,27424,0,CAPACITY_EXCEEDED,INVALID
3910,2,51,87,25516,27521,0,CAPACITY_EXCEEDED,INVALID
3911,2,51,88,25706,27765,0,CAPACITY_EXCEEDED,INVALID
3912,2,51,89,25428,27526,0,CAPACITY_EXCEEDED,INVALID
3913,2,51,90,26934,29009,0,CAPACITY_EXCEEDED,INVALID
3914,2,51,91,25970,28039,0,CAPACITY_EXCEEDED,INVALID
3915,2,51,92,26760,28801,0,CAPACITY_EXCEEDED,INVALID
3916,2,51,93,25155,27220,1,FEASIBLE,WORSE
3917,2,51,94,26863,28950,0,CAPACITY_EXCEEDED,INVALID
3918,2,51,95,26717,28756,0,CAPACITY_EXCEEDED,INVALID
3919,2,51,96,26786,28806,0,CAPACITY_EXCEEDED,INVALID
3920,2,51,97,25457,27524,0,CAPACITY_EXCEEDED,INVALID
3921,2,51,98,26538,28597,0,CAPACITY_EXCEEDED,INVALID
3922,2,51,99,26403,28503,0,CAPACITY_EXCEEDED,INVALID
3923,2,52,53,25424,27506,0,CAPACITY_EXCEEDED,INVALID
3924,2,52,54,26777,28835,0,CAPACITY_EXCEEDED,INVALID
3925,2,52,55,25681,27766,0,CAPACITY_EXCEEDED,INVALID
3926,2,52,56,26236,28305,0,CAPACITY_EXCEEDED,INVALID
3927,2,52,57,26028,28145,0,CAPACITY_EXCEEDED,INVALID
3928,2,52,58,27069,29139,0,CAPACITY_EXCEEDED,INVALID
3929,2,52,59,25856,27886,0,CAPACITY_EXCEEDED,INVALID
3930,2,52,60,26097,28163,0,CAPACITY_EXCEEDED,INVALID
3931,2,52,61,25722,27845,0,CAPACITY_EXCEEDED,INVALID
3932,2,52,62,26975,29045,0,CAPACITY_EXCEEDED,INVALID
3933,2,52,63,25596,27692,0,CAPACITY_EXCEEDED,INVALID
3934,2,52,64,26646,28751,0,CAPACITY_EXCEEDED,INVALID
3935,2,52,65,25832,27943,0,CAPACITY_EXCEEDED,INVALID
3936,2,52,66,26780,28870,0,CAPACITY_EXCEEDED,INVALID
3937,2,52,67,25492,27592,0,CAPACITY_EXCEEDED,INVALID
3938,2,52,68,26792,28829,0,CAPACITY_EXCEEDED,INVALID
3939,2,52,69,26665,28751,0,CAPACITY_EXCEEDED,INVALID
3940,2,52,70,25781,27813,0,CAPACITY_EXCEEDED,INVALID
3941,2,52,71,26241,28283,0,CAPACITY_EXCEEDED,INVALID
3942,2,52,72,26227,28352,0,CAPACITY_EXCEEDED,INVALID
3943,2,52,73,25567,27621,0,CAPACITY_EXCEEDED,INVALID
3944,2,52,74,27255,29343,0,CAPACITY_EXCEEDED,INVALID
3945,2,52,75,25677,27715,0,CAPACITY_EXCEEDED,INVALID
3946,2,52,76,25877,27954,0,CAPACITY_EXCEEDED,INVALID
3947,2,52,77,26100,28243,0,CAPACITY_EXCEEDED,INVALID
3948,2,52,78,26774,28850,0,CAPACITY_EXCEEDED,INVALID
3949,2,52,79,27254,29281,0,CAPACITY_EXCEEDED,INVALID
3950,2,52,80,25500,27550,0,CAPACITY_EXCEEDED,INVALID
3951,2,52,81,26811,28844,0,CAPACITY_EXCEEDED,INVALID
3952,2,52,82,25410,27472,0,CAPACITY_EXCEEDED,INVALID
3953,2,52,83,26038,28071,0,CAPACITY_EXCEEDED,INVALID
3954,2,52,84,26785,28925,0,CAPACITY_EXCEEDED,INVALID
3955,2,52,85,27224,29284,0,CAPACITY_EXCEEDED,INVALID
3956,2,52,86,25693,27745,0,CAPACITY_EXCEEDED,INVALID
3957,2,52,87,25811,27842,0,CAPACITY_EXCEEDED,INVALID
3958,2,52,88,26001,28086,0,CAPACITY_EXCEEDED,INVALID
3959,2,52,89,25723,27847,0,CAPACITY_EXCEEDED,INVALID
3960,2,52,90,27229,29330,0,CAPACITY_EXCEEDED,INVALID
3961,2,52,91,26265,28360,0,CAPACITY_EXCEEDED,INVALID
3962,2,52,92,27055,29122,0,CAPACITY_EXCEEDED,INVALID
3963,2,52,93,25450,27541,0,CAPACITY_EXCEEDED,INVALID
3964,2,52,94,27158,29271,0,CAPACITY_EXCEEDED,INVALID
3965,2,52,95,27012,29077,0,CAPACITY_EXCEEDED,INVALID
3966,2,52,96,27081,29127,0,CAPACITY_EXCEEDED,INVALID
3967,2,52,97,25752,27845,0,CAPACITY_EXCEEDED,INVALID
3968,2,52,98,26833,28918,0,CAPACITY_EXCEEDED,INVALID
3969,2,52,99,26698,28824,0,CAPACITY_EXCEEDED,INVALID
3970,2,53,54,25047,27132,1,FEASIBLE,WORSE
3971,2,53,55,23951,26063,1,FEASIBLE,WORSE
3972,2,53,56,24506,26602,1,FEASIBLE,WORSE
3973,2,53,57,24298,26442,1,FEASIBLE,WORSE
3974,2,53,58,25339,27436,1,FEASIBLE,WORSE
3975,2,53,59,24126,26183,1,FEASIBLE,WORSE
3976,2,53,60,24367,26460,1,FEASIBLE,WORSE
3977,2,53,61,23992,26142,1,FEASIBLE,WORSE
3978,2,53,62,25245,27342,1,FEASIBLE,WORSE
3979,2,53,63,23866,25989,1,FEASIBLE,WORSE
3980,2,53,64,24916,27048,1,FEASIBLE,WORSE
3981,2,53,65,24102,26240,1,FEASIBLE,WORSE
3982,2,53,66,25050,27167,1,FEASIBLE,WORSE
3983,2,53,67,23762,25889,1,FEASIBLE,WORSE
3984,2,53,68,25062,27126,1,FEASIBLE,WORSE
3985,2,53,69,24935,27048,1,FEASIBLE,WORSE
3986,2,53,70,24051,26110,1,FEASIBLE,WORSE
3987,2,53,71,24511,26580,1,FEASIBLE,WORSE
3988,2,53,72,24497,26649,1,FEASIBLE,WORSE
3989,2,53,73,23837,25918,1,FEASIBLE,WORSE
3990,2,53,74,25525,27640,0,CAPACITY_EXCEEDED,INVALID
3991,2,53,75,23947,26012,1,FEASIBLE,WORSE
3992,2,53,76,24147,26251,1,FEASIBLE,WORSE
3993,2,53,77,24370,26540,1,FEASIBLE,WORSE
3994,2,53,78,25044,27147,1,FEASIBLE,WORSE
3995,2,53,79,25524,27578,0,CAPACITY_EXCEEDED,INVALID
3996,2,53,80,23770,25847,1,FEASIBLE,WORSE
3997,2,53,81,25081,27141,1,FEASIBLE,WORSE
3998,2,53,82,23680,25769,1,FEASIBLE,WORSE
3999,2,53,83,24308,26368,1,FEASIBLE,WORSE
4000,2,53,84,25055,27222,1,FEASIBLE,WORSE
4001,2,53,85,25494,27581,0,CAPACITY_EXCEEDED,INVALID
4002,2,53,86,23963,26042,1,FEASIBLE,WORSE
4003,2,53,87,24081,26139,1,FEASIBLE,WORSE
4004,2,53,88,24271,26383,1,FEASIBLE,WORSE
4005,2,53,89,23993,26144,1,FEASIBLE,WORSE
4006,2,53,90,25499,27627,0,CAPACITY_EXCEEDED,INVALID
4007,2,53,91,24535,26657,1,FEASIBLE,WORSE
4008,2,53,92,25325,27419,1,FEASIBLE,WORSE
4009,2,53,93,23720,25838,1,FEASIBLE,WORSE
4010,2,53,94,25428,27568,0,CAPACITY_EXCEEDED,INVALID
4011,2,53,95,25282,27374,1,FEASIBLE,WORSE
4012,2,53,96,25351,27424,1,FEASIBLE,WORSE
4013,2,53,97,24022,26142,1,FEASIBLE,WORSE
4014,2,53,98,25103,27215,1,FEASIBLE,WORSE
4015,2,53,99,24968,27121,1,FEASIBLE,WORSE
4016,2,54,55,25304,27392,1,FEASIBLE,WORSE
4017,2,54,56,25859,27931,0,CAPACITY_EXCEEDED,INVALID
4018,2,54,57,25651,27771,0,CAPACITY_EXCEEDED,INVALID
4019,2,54,58,26692,28765,0,CAPACITY_EXCEEDED,INVALID
4020,2,54,59,25479,27512,0,CAPACITY_EXCEEDED,INVALID
4021,2,54,60,25720,27789,0,CAPACITY_EXCEEDED,INVALID
4022,2,54,61,25345,27471,1,FEASIBLE,WORSE
4023,2,54,62,26598,28671,0,CAPACITY_EXCEEDED,INVALID
4024,2,54,63,25219,27318,1,FEASIBLE,WORSE
4025,2,54,64,26269,28377,0,CAPACITY_EXCEEDED,INVALID
4026,2,54,65,25455,27569,0,CAPACITY_EXCEEDED,INVALID
4027,2,54,66,26403,28496,0,CAPACITY_EXCEEDED,INVALID
4028,2,54,67,25115,27218,1,FEASIBLE,WORSE
4029,2,54,68,26415,28455,0,CAPACITY_EXCEEDED,INVALID
4030,2,54,69,26288,28377,0,CAPACITY_EXCEEDED,INVALID
4031,2,54,70,25404,27439,0,CAPACITY_EXCEEDED,INVALID
4032,2,54,71,25864,27909,0,CAPACITY_EXCEEDED,INVALID
4033,2,54,72,25850,27978,0,CAPACITY_EXCEEDED,INVALID
4034,2,54,73,25190,27247,1,FEASIBLE,WORSE
4035,2,54,74,26878,28969,0,CAPACITY_EXCEEDED,INVALID
4036,2,54,75,25300,27341,1,FEASIBLE,WORSE
4037,2,54,76,25500,27580,0,CAPACITY_EXCEEDED,INVALID
4038,2,54,77,25723,27869,0,CAPACITY_EXCEEDED,INVALID
4039,2,54,78,26397,28476,0,CAPACITY_EXCEEDED,INVALID
4040,2,54,79,26877,28907,0,CAPACITY_EXCEEDED,INVALID
4041,2,54,80,25123,27176,1,FEASIBLE,WORSE
4042,2,54,81,26434,28470,0,CAPACITY_EXCEEDED,INVALID
4043,2,54,82,25033,27098,1,FEASIBLE,WORSE
4044,2,54,83,25661,27697,0,CAPACITY_EXCEEDED,INVALID
4045,2,54,84,26408,28551,0,CAPACITY_EXCEEDED,INVALID
4046,2,54,85,26847,28910,0,CAPACITY_EXCEEDED,INVALID
4047,2,54,86,25316,27371,1,FEASIBLE,WORSE
4048,2,54,87,25434,27468,0,CAPACITY_EXCEEDED,INVALID
4049,2,54,88,25624,27712,0,CAPACITY_EXCEEDED,INVALID
4050,2,54,89,25346,27473,1,FEASIBLE,WORSE
4051,2,54,90,26852,28956,0,CAPACITY_EXCEEDED,INVALID
4052,2,54,91,25888,27986,0,CAPACITY_EXCEEDED,INVALID
4053,2,54,92,26678,28748,0,CAPACITY_EXCEEDED,INVALID
4054,2,54,93,25073,27167,1,FEASIBLE,WORSE
4055,2,54,94,26781,28897,0,CAPACITY_EXCEEDED,INVALID
4056,2,54,95,26635,28703,0,CAPACITY_EXCEEDED,INVALID
4057,2,54,96,26704,28753,0,CAPACITY_EXCEEDED,INVALID
4058,2,54,97,25375,27471,1,FEASIBLE,WORSE
4059,2,54,98,26456,28544,0,CAPACITY_EXCEEDED,INVALID
4060,2,54,99,26321,28450,0,CAPACITY_EXCEEDED,INVALID
4061,2,55,56,24763,26862,1,FEASIBLE,WORSE
4062,2,55,57,24555,26702,1,FEASIBLE,WORSE
4063,2,55,58,25596,27696,0,CAPACITY_EXCEEDED,INVALID
4064,2,55,59,24383,26443,1,FEASIBLE,WORSE
4065,2,55,60,24624,26720,1,FEASIBLE,WORSE
4066,2,55,61,24249,26402,1,FEASIBLE,WORSE
4067,2,55,62,25502,27602,0,CAPACITY_EXCEEDED,INVALID
4068,2,55,63,24123,26249,1,FEASIBLE,WORSE
4069,2,55,64,25173,27308,1,FEASIBLE,WORSE
4070,2,55,65,24359,26500,1,FEASIBLE,WORSE
4071,2,55,66,25307,27427,1,FEASIBLE,WORSE
4072,2,55,67,24019,26149,1,FEASIBLE,WORSE
4073,2,55,68,25319,27386,1,FEASIBLE,WORSE
4074,2,55,69,25192,27308,1,FEASIBLE,WORSE
4075,2,55,70,24308,26370,1,FEASIBLE,WORSE
4076,2,55,71,24768,26840,1,FEASIBLE,WORSE
4077,2,55,72,24754,26909,1,FEASIBLE,WORSE
4078,2,55,73,24094,26178,1,FEASIBLE,WORSE
4079,2,55,74,25782,27900,0,CAPACITY_EXCEEDED,INVALID
4080,2,55,75,24204,26272,1,FEASIBLE,WORSE
4081,2,55,76,24404,26511,1,FEASIBLE,WORSE
4082,2,55,77,24627,26800,1,FEASIBLE,WORSE
4083,2,55,78,25301,27407,1,FEASIBLE,WORSE
4084,2,55,79,25781,27838,0,CAPACITY_EXCEEDED,INVALID
4085,2,55,80,24027,26107,1,FEASIBLE,WORSE
4086,2,55,81,25338,27401,1,FEASIBLE,WORSE
4087,2,55,82,23937,26029,1,FEASIBLE,WORSE
4088,2,55,83,24565,26628,1,FEASIBLE,WORSE
4089,2,55,84,25312,27482,1,FEASIBLE,WORSE
4090,2,55,85,25751,27841,0,CAPACITY_EXCEEDED,INVALID
4091,2,55,86,24220,26302,1,FEASIBLE,WORSE
4092,2,55,87,24338,26399,1,FEASIBLE,WORSE
4093,2,55,88,24528,26643,1,FEASIBLE,WORSE
4094,2,55,89,24250,26404,1,FEASIBLE,WORSE
4095,2,55,90,25756,27887,0,CAPACITY_EXCEEDED,INVALID
4096,2,55,91,24792,26917,1,FEASIBLE,WORSE
4097,2,55,92,25582,27679,0,CAPACITY_EXCEEDED,INVALID
4098,2,55,93,23977,26098,1,FEASIBLE,WORSE
4099,2,55,94,25685,27828,0,CAPACITY_EXCEEDED,INVALID
4100,2,55,95,25539,27634,0,CAPACITY_EXCEEDED,INVALID
4101,2,55,96,25608,27684,0,CAPACITY_EXCEEDED,INVALID
4102,2,55,97,24279,26402,1,FEASIBLE,WORSE
4103,2,55,98,25360,27475,1,FEASIBLE,WORSE
4104,2,55,99,25225,27381,1,FEASIBLE,WORSE
4105,2,56,57,25110,27241,1,FEASIBLE,WORSE
4106,2,56,58,26151,28235,0,CAPACITY_EXCEEDED,INVALID
4107,2,56,59,24938,26982,1,FEASIBLE,WORSE
4108,2,56,60,25179,27259,1,FEASIBLE,WORSE
4109,2,56,61,24804,26941,1,FEASIBLE,WORSE
4110,2,56,62,26057,28141,0,CAPACITY_EXCEEDED,INVALID
4111,2,56,63,24678,26788,1,FEASIBLE,WORSE
4112,2,56,64,25728,27847,0,CAPACITY_EXCEEDED,INVALID
4113,2,56,65,24914,27039,1,FEASIBLE,WORSE
4114,2,56,66,25862,27966,0,CAPACITY_EXCEEDED,INVALID
4115,2,56,67,24574,26688,1,FEASIBLE,WORSE
4116,2,56,68,25874,27925,0,CAPACITY_EXCEEDED,INVALID
4117,2,56,69,25747,27847,0,CAPACITY_EXCEEDED,INVALID
4118,2,56,70,24863,26909,1,FEASIBLE,WORSE
4119,2,56,71,25323,27379,1,FEASIBLE,WORSE
4120,2,56,72,25309,27448,1,FEASIBLE,WORSE
4121,2,56,73,24649,26717,1,FEASIBLE,WORSE
4122,2,56,74,26337,28439,0,CAPACITY_EXCEEDED,INVALID
4123,2,56,75,24759,26811,1,FEASIBLE,WORSE
4124,2,56,76,24959,27050,1,FEASIBLE,WORSE
4125,2,56,77,25182,27339,1,FEASIBLE,WORSE
4126,2,56,78,25856,27946,0,CAPACITY_EXCEEDED,INVALID
4127,2,56,79,26336,28377,0,CAPACITY_EXCEEDED,INVALID
4128,2,56,80,24582,26646,1,FEASIBLE,WORSE
4129,2,56,81,25893,27940,0,CAPACITY_EXCEEDED,INVALID
4130,2,56,82,24492,26568,1,FEASIBLE,WORSE
4131,2,56,83,25120,27167,1,FEASIBLE,WORSE
4132,2,56,84,25867,28021,0,CAPACITY_EXCEEDED,INVALID
4133,2,56,85,26306,28380,0,CAPACITY_EXCEEDED,INVALID
4134,2,56,86,24775,26841,1,FEASIBLE,WORSE
4135,2,56,87,24893,26938,1,FEASIBLE,WORSE
4136,2,56,88,25083,27182,1,FEASIBLE,WORSE
4137,2,56,89,24805,26943,1,FEASIBLE,WORSE
4138,2,56,90,26311,28426,0,CAPACITY_EXCEEDED,INVALID
4139,2,56,91,25347,27456,1,FEASIBLE,WORSE
4140,2,56,92,26137,28218,0,CAPACITY_EXCEEDED,INVALID
4141,2,56,93,24532,26637,1,FEASIBLE,WORSE
4142,2,56,94,26240,28367,0,CAPACITY_EXCEEDED,INVALID
4143,2,56,95,26094,28173,0,CAPACITY_EXCEEDED,INVALID
4144,2,56,96,26163,28223,0,CAPACITY_EXCEEDED,INVALID
4145,2,56,97,24834,26941,1,FEASIBLE,WORSE
4146,2,56,98,25915,28014,0,CAPACITY_EXCEEDED,INVALID
4147,2,56,99,25780,27920,0,CAPACITY_EXCEEDED,INVALID
4148,2,57,58,25943,28075,0,CAPACITY_EXCEEDED,INVALID
4149,2,57,59,24730,26822,1,FEASIBLE,WORSE
4150,2,57,60,24971,27099,1,FEASIBLE,WORSE
4151,2,57,61,24596,26781,1,FEASIBLE,WORSE
4152,2,57,62,25849,27981,0,CAPACITY_EXCEEDED,INVALID
4153,2,57,63,24470,26628,1,FEASIBLE,WORSE
4154,2,57,64,25520,27687,0,CAPACITY_EXCEEDED,INVALID
4155,2,57,65,24706,26879,1,FEASIBLE,WORSE
4156,2,57,66,25654,27806,0,CAPACITY_EXCEEDED,INVALID
4157,2,57,67,24366,26528,1,FEASIBLE,WORSE
4158,2,57,68,25666,27765,0,CAPACITY_EXCEEDED,INVALID
4159,2,57,69,25539,27687,0,CAPACITY_EXCEEDED,INVALID
4160,2,57,70,24655,26749,1,FEASIBLE,WORSE
4161,2,57,71,25115,27219,1,FEASIBLE,WORSE
4162,2,57,72,25101,27288,1,FEASIBLE,WORSE
4163,2,57,73,24441,26557,1,FEASIBLE,WORSE
4164,2,57,74,26129,28279,0,CAPACITY_EXCEEDED,INVALID
4165,2,57,75,24551,26651,1,FEASIBLE,WORSE
4166,2,57,76,24751,26890,1,FEASIBLE,WORSE
4167,2,57,77,24974,27179,1,FEASIBLE,WORSE
4168,2,57,78,25648,27786,0,CAPACITY_EXCEEDED,INVALID
4169,2,57,79,26128,28217,0,CAPACITY_EXCEEDED,INVALID
4170,2,57,80,24374,26486,1,FEASIBLE,WORSE
4171,2,57,81,25685,27780,0,CAPACITY_EXCEEDED,INVALID
4172,2,57,82,24284,26408,1,FEASIBLE,WORSE
4173,2,57,83,24912,27007,1,FEASIBLE,WORSE
4174,2,57,84,25659,27861,0,CAPACITY_EXCEEDED,INVALID
4175,2,57,85,26098,28220,0,CAPACITY_EXCEEDED,INVALID
4176,2,57,86,24567,26681,1,FEASIBLE,WORSE
4177,2,57,87,24685,26778,1,FEASIBLE,WORSE
4178,2,57,88,24875,27022,1,FEASIBLE,WORSE
4179,2,57,89,24597,26783,1,FEASIBLE,WORSE
4180,2,57,90,26103,28266,0,CAPACITY_EXCEEDED,INVALID
4181,2,57,91,25139,27296,1,FEASIBLE,WORSE
4182,2,57,92,25929,28058,0,CAPACITY_EXCEEDED,INVALID
4183,2,57,93,24324,26477,1,FEASIBLE,WORSE
4184,2,57,94,26032,28207,0,CAPACITY_EXCEEDED,INVALID
4185,2,57,95,25886,28013,0,CAPACITY_EXCEEDED,INVALID
4186,2,57,96,25955,28063,0,CAPACITY_EXCEEDED,INVALID
4187,2,57,97,24626,26781,1,FEASIBLE,WORSE
4188,2,57,98,25707,27854,0,CAPACITY_EXCEEDED,INVALID
4189,2,57,99,25572,27760,0,CAPACITY_EXCEEDED,INVALID
4190,2,58,59,25771,27816,0,CAPACITY_EXCEEDED,INVALID
4191,2,58,60,26012,28093,0,CAPACITY_EXCEEDED,INVALID
4192,2,58,61,25637,27775,0,CAPACITY_EXCEEDED,INVALID
4193,2,58,62,26890,28975,0,CAPACITY_EXCEEDED,INVALID
4194,2,58,63,25511,27622,0,CAPACITY_EXCEEDED,INVALID
4195,2,58,64,26561,28681,0,CAPACITY_EXCEEDED,INVALID
4196,2,58,65,25747,27873,0,CAPACITY_EXCEEDED,INVALID
4197,2,58,66,26695,28800,0,CAPACITY_EXCEEDED,INVALID
4198,2,58,67,25407,27522,0,CAPACITY_EXCEEDED,INVALID
4199,2,58,68,26707,28759,0,CAPACITY_EXCEEDED,INVALID
4200,2,58,69,26580,28681,0,CAPACITY_EXCEEDED,INVALID
4201,2,58,70,25696,27743,0,CAPACITY_EXCEEDED,INVALID
4202,2,58,71,26156,28213,0,CAPACITY_EXCEEDED,INVALID
4203,2,58,72,26142,28282,0,CAPACITY_EXCEEDED,INVALID
4204,2,58,73,25482,27551,0,CAPACITY_EXCEEDED,INVALID
4205,2,58,74,27170,29273,0,CAPACITY_EXCEEDED,INVALID
4206,2,58,75,25592,27645,0,CAPACITY_EXCEEDED,INVALID
4207,2,58,76,25792,27884,0,CAPACITY_EXCEEDED,INVALID
4208,2,58,77,26015,28173,0,CAPACITY_EXCEEDED,INVALID
4209,2,58,78,26689,28780,0,CAPACITY_EXCEEDED,INVALID
4210,2,58,79,27169,29211,0,CAPACITY_EXCEEDED,INVALID
4211,2,58,80,25415,27480,0,CAPACITY_EXCEEDED,INVALID
4212,2,58,81,26726,28774,0,CAPACITY_EXCEEDED,INVALID
4213,2,58,82,25325,27402,1,FEASIBLE,WORSE
4214,2,58,83,25953,28001,0,CAPACITY_EXCEEDED,INVALID
4215,2,58,84,26700,28855,0,CAPACITY_EXCEEDED,INVALID
4216,2,58,85,27139,29214,0,CAPACITY_EXCEEDED,INVALID
4217,2,58,86,25608,27675,0,CAPACITY_EXCEEDED,INVALID
4218,2,58,87,25726,27772,0,CAPACITY_EXCEEDED,INVALID
4219,2,58,88,25916,28016,0,CAPACITY_EXCEEDED,INVALID
4220,2,58,89,25638,27777,0,CAPACITY_EXCEEDED,INVALID
4221,2,58,90,27144,29260,0,CAPACITY_EXCEEDED,INVALID
4222,2,58,91,26180,28290,0,CAPACITY_EXCEEDED,INVALID
4223,2,58,92,26970,29052,0,CAPACITY_EXCEEDED,INVALID
4224,2,58,93,25365,27471,1,FEASIBLE,WORSE
4225,2,58,94,27073,29201,0,CAPACITY_EXCEEDED,INVALID
4226,2,58,95,26927,29007,0,CAPACITY_EXCEEDED,INVALID
4227,2,58,96,26996,29057,0,CAPACITY_EXCEEDED,INVALID
4228,2,58,97,25667,27775,0,CAPACITY_EXCEEDED,INVALID
4229,2,58,98,26748,28848,0,CAPACITY_EXCEEDED,INVALID
4230,2,58,99,26613,28754,0,CAPACITY_EXCEEDED,INVALID
4231,2,59,60,24799,26840,1,FEASIBLE,WORSE
4232,2,59,61,24424,26522,1,FEASIBLE,WORSE
4233,2,59,62,25677,27722,0,CAPACITY_EXCEEDED,INVALID
4234,2,59,63,24298,26369,1,FEASIBLE,WORSE
4235,2,59,64,25348,27428,1,FEASIBLE,WORSE
4236,2,59,65,24534,26620,1,FEASIBLE,WORSE
4237,2,59,66,25482,27547,0,CAPACITY_EXCEEDED,INVALID
4238,2,59,67,24194,26269,1,FEASIBLE,WORSE
4239,2,59,68,25494,27506,0,CAPACITY_EXCEEDED,INVALID
4240,2,59,69,25367,27428,1,FEASIBLE,WORSE
4241,2,59,70,24483,26490,1,FEASIBLE,WORSE
4242,2,59,71,24943,26960,1,FEASIBLE,WORSE
4243,2,59,72,24929,27029,1,FEASIBLE,WORSE
4244,2,59,73,24269,26298,1,FEASIBLE,WORSE
4245,2,59,74,25957,28020,0,CAPACITY_EXCEEDED,INVALID
4246,2,59,75,24379,26392,1,FEASIBLE,WORSE
4247,2,59,76,24579,26631,1,FEASIBLE,WORSE
4248,2,59,77,24802,26920,1,FEASIBLE,WORSE
4249,2,59,78,25476,27527,0,CAPACITY_EXCEEDED,INVALID
4250,2,59,79,25956,27958,0,CAPACITY_EXCEEDED,INVALID
4251,2,59,80,24202,26227,1,FEASIBLE,WORSE
4252,2,59,81,25513,27521,0,CAPACITY_EXCEEDED,INVALID
4253,2,59,82,24112,26149,1,FEASIBLE,WORSE
4254,2,59,83,24740,26748,1,FEASIBLE,WORSE
4255,2,59,84,25487,27602,0,CAPACITY_EXCEEDED,INVALID
4256,2,59,85,25926,27961,0,CAPACITY_EXCEEDED,INVALID
4257,2,59,86,24395,26422,1,FEASIBLE,WORSE
4258,2,59,87,24513,26519,1,FEASIBLE,WORSE
4259,2,59,88,24703,26763,1,FEASIBLE,WORSE
4260,2,59,89,24425,26524,1,FEASIBLE,WORSE
4261,2,59,90,25931,28007,0,CAPACITY_EXCEEDED,INVALID
4262,2,59,91,24967,27037,1,FEASIBLE,WORSE
4263,2,59,92,25757,27799,0,CAPACITY_EXCEEDED,INVALID
4264,2,59,93,24152,26218,1,FEASIBLE,WORSE
4265,2,59,94,25860,27948,0,CAPACITY_EXCEEDED,INVALID
4266,2,59,95,25714,27754,0,CAPACITY_EXCEEDED,INVALID
4267,2,59,96,25783,27804,0,CAPACITY_EXCEEDED,INVALID
4268,2,59,97,24454,26522,1,FEASIBLE,WORSE
4269,2,59,98,25535,27595,0,CAPACITY_EXCEEDED,INVALID
4270,2,59,99,25400,27501,0,CAPACITY_EXCEEDED,INVALID
4271,2,60,61,24665,26799,1,FEASIBLE,WORSE
4272,2,60,62,25918,27999,0,CAPACITY_EXCEEDED,INVALID
4273,2,60,63,24539,26646,1,FEASIBLE,WORSE
4274,2,60,64,25589,27705,0,CAPACITY_EXCEEDED,INVALID
4275,2,60,65,24775,26897,1,FEASIBLE,WORSE
4276,2,60,66,25723,27824,0,CAPACITY_EXCEEDED,INVALID
4277,2,60,67,24435,26546,1,FEASIBLE,WORSE
4278,2,60,68,25735,27783,0,CAPACITY_EXCEEDED,INVALID
4279,2,60,69,25608,27705,0,CAPACITY_EXCEEDED,INVALID
4280,2,60,70,24724,26767,1,FEASIBLE,WORSE
4281,2,60,71,25184,27237,1,FEASIBLE,WORSE
4282,2,60,72,25170,27306,1,FEASIBLE,WORSE
4283,2,60,73,24510,26575,1,FEASIBLE,WORSE
4284,2,60,74,26198,28297,0,CAPACITY_EXCEEDED,INVALID
4285,2,60,75,24620,26669,1,FEASIBLE,WORSE
4286,2,60,76,24820,26908,1,FEASIBLE,WORSE
4287,2,60,77,25043,27197,1,FEASIBLE,WORSE
4288,2,60,78,25717,27804,0,CAPACITY_EXCEEDED,INVALID
4289,2,60,79,26197,28235,0,CAPACITY_EXCEEDED,INVALID
4290,2,60,80,24443,26504,1,FEASIBLE,WORSE
4291,2,60,81,25754,27798,0,CAPACITY_EXCEEDED,INVALID
4292,2,60,82,24353,26426,1,FEASIBLE,WORSE
4293,2,60,83,24981,27025,1,FEASIBLE,WORSE
4294,2,60,84,25728,27879,0,CAPACITY_EXCEEDED,INVALID
4295,2,60,85,26167,28238,0,CAPACITY_EXCEEDED,INVALID
4296,2,60,86,24636,26699,1,FEASIBLE,WORSE
4297,2,60,87,24754,26796,1,FEASIBLE,WORSE
4298,2,60,88,24944,27040,1,FEASIBLE,WORSE
4299,2,60,89,24666,26801,1,FEASIBLE,WORSE
4300,2,60,90,26172,28284,0,CAPACITY_EXCEEDED,INVALID
4301,2,60,91,25208,27314,1,FEASIBLE,WORSE
4302,2,60,92,25998,28076,0,CAPACITY_EXCEEDED,INVALID
4303,2,60,93,24393,26495,1,FEASIBLE,WORSE
4304,2,60,94,26101,28225,0,CAPACITY_EXCEEDED,INVALID
4305,2,60,95,25955,28031,0,CAPACITY_EXCEEDED,INVALID
4306,2,60,96,26024,28081,0,CAPACITY_EXCEEDED,INVALID
4307,2,60,97,24695,26799,1,FEASIBLE,WORSE
4308,2,60,98,25776,27872,0,CAPACITY_EXCEEDED,INVALID
4309,2,60,99,25641,27778,0,CAPACITY_EXCEEDED,INVALID
4310,2,61,62,25543,27681,0,CAPACITY_EXCEEDED,INVALID
4311,2,61,63,24164,26328,1,FEASIBLE,WORSE
4312,2,61,64,25214,27387,1,FEASIBLE,WORSE
4313,2,61,65,24400,26579,1,FEASIBLE,WORSE
4314,2,61,66,25348,27506,1,FEASIBLE,WORSE
4315,2,61,67,24060,26228,1,FEASIBLE,WORSE
4316,2,61,68,25360,27465,1,FEASIBLE,WORSE
4317,2,61,69,25233,27387,1,FEASIBLE,WORSE
4318,2,61,70,24349,26449,1,FEASIBLE,WORSE
4319,2,61,71,24809,26919,1,FEASIBLE,WORSE
4320,2,61,72,24795,26988,1,FEASIBLE,WORSE
4321,2,61,73,24135,26257,1,FEASIBLE,WORSE
4322,2,61,74,25823,27979,0,CAPACITY_EXCEEDED,INVALID
4323,2,61,75,24245,26351,1,FEASIBLE,WORSE
4324,2,61,76,24445,26590,1,FEASIBLE,WORSE
4325,2,61,77,24668,26879,1,FEASIBLE,WORSE
4326,2,61,78,25342,27486,1,FEASIBLE,WORSE
4327,2,61,79,25822,27917,0,CAPACITY_EXCEEDED,INVALID
4328,2,61,80,24068,26186,1,FEASIBLE,WORSE
4329,2,61,81,25379,27480,1,FEASIBLE,WORSE
4330,2,61,82,23978,26108,1,FEASIBLE,WORSE
4331,2,61,83,24606,26707,1,FEASIBLE,WORSE
4332,2,61,84,25353,27561,1,FEASIBLE,WORSE
4333,2,61,85,25792,27920,0,CAPACITY_EXCEEDED,INVALID
4334,2,61,86,24261,26381,1,FEASIBLE,WORSE
4335,2,61,87,24379,26478,1,FEASIBLE,WORSE
4336,2,61,88,24569,26722,1,FEASIBLE,WORSE
4337,2,61,89,24291,26483,1,FEASIBLE,WORSE
4338,2,61,90,25797,27966,0,CAPACITY_EXCEEDED,INVALID
4339,2,61,91,24833,26996,1,FEASIBLE,WORSE
4340,2,61,92,25623,27758,0,CAPACITY_EXCEEDED,INVALID
4341,2,61,93,24018,26177,1,FEASIBLE,WORSE
4342,2,61,94,25726,27907,0,CAPACITY_EXCEEDED,INVALID
4343,2,61,95,25580,27713,0,CAPACITY_EXCEEDED,INVALID
4344,2,61,96,25649,27763,0,CAPACITY_EXCEEDED,INVALID
4345,2,61,97,24320,26481,1,FEASIBLE,WORSE
4346,2,61,98,25401,27554,0,CAPACITY_EXCEEDED,INVALID
4347,2,61,99,25266,27460,1,FEASIBLE,WORSE
4348,2,62,63,25417,27528,0,CAPACITY_EXCEEDED,INVALID
4349,2,62,64,26467,28587,0,CAPACITY_EXCEEDED,INVALID
4350,2,62,65,25653,27779,0,CAPACITY_EXCEEDED,INVALID
4351,2,62,66,26601,28706,0,CAPACITY_EXCEEDED,INVALID
4352,2,62,67,25313,27428,1,FEASIBLE,WORSE
4353,2,62,68,26613,28665,0,CAPACITY_EXCEEDED,INVALID
4354,2,62,69,26486,28587,0,CAPACITY_EXCEEDED,INVALID
4355,2,62,70,25602,27649,0,CAPACITY_EXCEEDED,INVALID
4356,2,62,71,26062,28119,0,CAPACITY_EXCEEDED,INVALID
4357,2,62,72,26048,28188,0,CAPACITY_EXCEEDED,INVALID
4358,2,62,73,25388,27457,1,FEASIBLE,WORSE
4359,2,62,74,27076,29179,0,CAPACITY_EXCEEDED,INVALID
4360,2,62,75,25498,27551,0,CAPACITY_EXCEEDED,INVALID
4361,2,62,76,25698,27790,0,CAPACITY_EXCEEDED,INVALID
4362,2,62,77,25921,28079,0,CAPACITY_EXCEEDED,INVALID
4363,2,62,78,26595,28686,0,CAPACITY_EXCEEDED,INVALID
4364,2,62,79,27075,29117,0,CAPACITY_EXCEEDED,INVALID
4365,2,62,80,25321,27386,1,FEASIBLE,WORSE
4366,2,62,81,26632,28680,0,CAPACITY_EXCEEDED,INVALID
4367,2,62,82,25231,27308,1,FEASIBLE,WORSE
4368,2,62,83,25859,27907,0,CAPACITY_EXCEEDED,INVALID
4369,2,62,84,26606,28761,0,CAPACITY_EXCEEDED,INVALID
4370,2,62,85,27045,29120,0,CAPACITY_EXCEEDED,INVALID
4371,2,62,86,25514,27581,0,CAPACITY_EXCEEDED,INVALID
4372,2,62,87,25632,27678,0,CAPACITY_EXCEEDED,INVALID
4373,2,62,88,25822,27922,0,CAPACITY_EXCEEDED,INVALID
4374,2,62,89,25544,27683,0,CAPACITY_EXCEEDED,INVALID
4375,2,62,90,27050,29166,0,CAPACITY_EXCEEDED,INVALID
4376,2,62,91,26086,28196,0,CAPACITY_EXCEEDED,INVALID
4377,2,62,92,26876,28958,0,CAPACITY_EXCEEDED,INVALID
4378,2,62,93,25271,27377,1,FEASIBLE,WORSE
4379,2,62,94,26979,29107,0,CAPACITY_EXCEEDED,INVALID
4380,2,62,95,26833,28913,0,CAPACITY_EXCEEDED,INVALID
4381,2,62,96,26902,28963,0,CAPACITY_EXCEEDED,INVALID
4382,2,62,97,25573,27681,0,CAPACITY_EXCEEDED,INVALID
4383,2,62,98,26654,28754,0,CAPACITY_EXCEEDED,INVALID
4384,2,62,99,26519,28660,0,CAPACITY_EXCEEDED,INVALID
4385,2,63,64,25088,27234,1,FEASIBLE,WORSE
4386,2,63,65,24274,26426,1,FEASIBLE,WORSE
4387,2,63,66,25222,27353,1,FEASIBLE,WORSE
4388,2,63,67,23934,26075,1,FEASIBLE,WORSE
4389,2,63,68,25234,27312,1,FEASIBLE,WORSE
4390,2,63,69,25107,27234,1,FEASIBLE,WORSE
4391,2,63,70,24223,26296,1,FEASIBLE,WORSE
4392,2,63,71,24683,26766,1,FEASIBLE,WORSE
4393,2,63,72,24669,26835,1,FEASIBLE,WORSE
4394,2,63,73,24009,26104,1,FEASIBLE,WORSE
4395,2,63,74,25697,27826,0,CAPACITY_EXCEEDED,INVALID
4396,2,63,75,24119,26198,1,FEASIBLE,WORSE
4397,2,63,76,24319,26437,1,FEASIBLE,WORSE
4398,2,63,77,24542,26726,1,FEASIBLE,WORSE
4399,2,63,78,25216,27333,1,FEASIBLE,WORSE
4400,2,63,79,25696,27764,0,CAPACITY_EXCEEDED,INVALID
4401,2,63,80,23942,26033,1,FEASIBLE,WORSE
4402,2,63,81,25253,27327,1,FEASIBLE,WORSE
4403,2,63,82,23852,25955,1,FEASIBLE,WORSE
4404,2,63,83,24480,26554,1,FEASIBLE,WORSE
4405,2,63,84,25227,27408,1,FEASIBLE,WORSE
4406,2,63,85,25666,27767,0,CAPACITY_EXCEEDED,INVALID
4407,2,63,86,24135,26228,1,FEASIBLE,WORSE
4408,2,63,87,24253,26325,1,FEASIBLE,WORSE
4409,2,63,88,24443,26569,1,FEASIBLE,WORSE
4410,2,63,89,24165,26330,1,FEASIBLE,WORSE
4411,2,63,90,25671,27813,0,CAPACITY_EXCEEDED,INVALID
4412,2,63,91,24707,26843,1,FEASIBLE,WORSE
4413,2,63,92,25497,27605,0,CAPACITY_EXCEEDED,INVALID
4414,2,63,93,23892,26024,1,FEASIBLE,WORSE
4415,2,63,94,25600,27754,0,CAPACITY_EXCEEDED,INVALID
4416,2,63,95,25454,27560,0,CAPACITY_EXCEEDED,INVALID
4417,2,63,96,25523,27610,0,CAPACITY_EXCEEDED,INVALID
4418,2,63,97,24194,26328,1,FEASIBLE,WORSE
4419,2,63,98,25275,27401,1,FEASIBLE,WORSE
4420,2,63,99,25140,27307,1,FEASIBLE,WORSE
4421,2,64,65,25324,27485,1,FEASIBLE,WORSE
4422,2,64,66,26272,28412,0,CAPACITY_EXCEEDED,INVALID
4423,2,64,67,24984,27134,1,FEASIBLE,WORSE
4424,2,64,68,26284,28371,0,CAPACITY_EXCEEDED,INVALID
4425,2,64,69,26157,28293,0,CAPACITY_EXCEEDED,INVALID
4426,2,64,70,25273,27355,1,FEASIBLE,WORSE
4427,2,64,71,25733,27825,0,CAPACITY_EXCEEDED,INVALID
4428,2,64,72,25719,27894,0,CAPACITY_EXCEEDED,INVALID
4429,2,64,73,25059,27163,1,FEASIBLE,WORSE
4430,2,64,74,26747,28885,0,CAPACITY_EXCEEDED,INVALID
4431,2,64,75,25169,27257,1,FEASIBLE,WORSE
4432,2,64,76,25369,27496,1,FEASIBLE,WORSE
4433,2,64,77,25592,27785,0,CAPACITY_EXCEEDED,INVALID
4434,2,64,78,26266,28392,0,CAPACITY_EXCEEDED,INVALID
4435,2,64,79,26746,28823,0,CAPACITY_EXCEEDED,INVALID
4436,2,64,80,24992,27092,1,FEASIBLE,WORSE
4437,2,64,81,26303,28386,0,CAPACITY_EXCEEDED,INVALID
4438,2,64,82,24902,27014,1,FEASIBLE,WORSE
4439,2,64,83,25530,27613,0,CAPACITY_EXCEEDED,INVALID
4440,2,64,84,26277,28467,0,CAPACITY_EXCEEDED,INVALID
4441,2,64,85,26716,28826,0,CAPACITY_EXCEEDED,INVALID
4442,2,64,86,25185,27287,1,FEASIBLE,WORSE
4443,2,64,87,25303,27384,1,FEASIBLE,WORSE
4444,2,64,88,25493,27628,0,CAPACITY_EXCEEDED,INVALID
4445,2,64,89,25215,27389,1,FEASIBLE,WORSE
4446,2,64,90,26721,28872,0,CAPACITY_EXCEEDED,INVALID
4447,2,64,91,25757,27902,0,CAPACITY_EXCEEDED,INVALID
4448,2,64,92,26547,28664,0,CAPACITY_EXCEEDED,INVALID
4449,2,64,93,24942,27083,1,FEASIBLE,WORSE
4450,2,64,94,26650,28813,0,CAPACITY_EXCEEDED,INVALID
4451,2,64,95,26504,28619,0,CAPACITY_EXCEEDED,INVALID
4452,2,64,96,26573,28669,0,CAPACITY_EXCEEDED,INVALID
4453,2,64,97,25244,27387,1,FEASIBLE,WORSE
4454,2,64,98,26325,28460,0,CAPACITY_EXCEEDED,INVALID
4455,2,64,99,26190,28366,0,CAPACITY_EXCEEDED,INVALID
4456,2,65,66,25458,27604,0,CAPACITY_EXCEEDED,INVALID
4457,2,65,67,24170,26326,1,FEASIBLE,WORSE
4458,2,65,68,25470,27563,0,CAPACITY_EXCEEDED,INVALID
4459,2,65,69,25343,27485,1,FEASIBLE,WORSE
4460,2,65,70,24459,26547,1,FEASIBLE,WORSE
4461,2,65,71,24919,27017,1,FEASIBLE,WORSE
4462,2,65,72,24905,27086,1,FEASIBLE,WORSE
4463,2,65,73,24245,26355,1,FEASIBLE,WORSE
4464,2,65,74,25933,28077,0,CAPACITY_EXCEEDED,INVALID
4465,2,65,75,24355,26449,1,FEASIBLE,WORSE
4466,2,65,76,24555,26688,1,FEASIBLE,WORSE
4467,2,65,77,24778,26977,1,FEASIBLE,WORSE
4468,2,65,78,25452,27584,0,CAPACITY_EXCEEDED,INVALID
4469,2,65,79,25932,28015,0,CAPACITY_EXCEEDED,INVALID
4470,2,65,80,24178,26284,1,FEASIBLE,WORSE
4471,2,65,81,25489,27578,0,CAPACITY_EXCEEDED,INVALID
4472,2,65,82,24088,26206,1,FEASIBLE,WORSE
4473,2,65,83,24716,26805,1,FEASIBLE,WORSE
4474,2,65,84,25463,27659,0,CAPACITY_EXCEEDED,INVALID
4475,2,65,85,25902,28018,0,CAPACITY_EXCEEDED,INVALID
4476,2,65,86,24371,26479,1,FEASIBLE,WORSE
4477,2,65,87,24489,26576,1,FEASIBLE,WORSE
4478,2,65,88,24679,26820,1,FEASIBLE,WORSE
4479,2,65,89,24401,26581,1,FEASIBLE,WORSE
4480,2,65,90,25907,28064,0,CAPACITY_EXCEEDED,INVALID
4481,2,65,91,24943,27094,1,FEASIBLE,WORSE
4482,2,65,92,25733,27856,0,CAPACITY_EXCEEDED,INVALID
4483,2,65,93,24128,26275,1,FEASIBLE,WORSE
4484,2,65,94,25836,28005,0,CAPACITY_EXCEEDED,INVALID
4485,2,65,95,25690,27811,0,CAPACITY_EXCEEDED,INVALID
4486,2,65,96,25759,27861,0,CAPACITY_EXCEEDED,INVALID
4487,2,65,97,24430,26579,1,FEASIBLE,WORSE
4488,2,65,98,25511,27652,0,CAPACITY_EXCEEDED,INVALID
4489,2,65,99,25376,27558,1,FEASIBLE,WORSE
4490,2,66,67,25118,27253,1,FEASIBLE,WORSE
4491,2,66,68,26418,28490,0,CAPACITY_EXCEEDED,INVALID
4492,2,66,69,26291,28412,0,CAPACITY_EXCEEDED,INVALID
4493,2,66,70,25407,27474,0,CAPACITY_EXCEEDED,INVALID
4494,2,66,71,25867,27944,0,CAPACITY_EXCEEDED,INVALID
4495,2,66,72,25853,28013,0,CAPACITY_EXCEEDED,INVALID
4496,2,66,73,25193,27282,1,FEASIBLE,WORSE
4497,2,66,74,26881,29004,0,CAPACITY_EXCEEDED,INVALID
4498,2,66,75,25303,27376,1,FEASIBLE,WORSE
4499,2,66,76,25503,27615,0,CAPACITY_EXCEEDED,INVALID
4500,2,66,77,25726,27904,0,CAPACITY_EXCEEDED,INVALID
4501,2,66,78,26400,28511,0,CAPACITY_EXCEEDED,INVALID
4502,2,66,79,26880,28942,0,CAPACITY_EXCEEDED,INVALID
4503,2,66,80,25126,27211,1,FEASIBLE,WORSE
4504,2,66,81,26437,28505,0,CAPACITY_EXCEEDED,INVALID
4505,2,66,82,25036,27133,1,FEASIBLE,WORSE
4506,2,66,83,25664,27732,0,CAPACITY_EXCEEDED,INVALID
4507,2,66,84,26411,28586,0,CAPACITY_EXCEEDED,INVALID
4508,2,66,85,26850,28945,0,CAPACITY_EXCEEDED,INVALID
4509,2,66,86,25319,27406,1,FEASIBLE,WORSE
4510,2,66,87,25437,27503,0,CAPACITY_EXCEEDED,INVALID
4511,2,66,88,25627,27747,0,CAPACITY_EXCEEDED,INVALID
4512,2,66,89,25349,27508,1,FEASIBLE,WORSE
4513,2,66,90,26855,28991,0,CAPACITY_EXCEEDED,INVALID
4514,2,66,91,25891,28021,0,CAPACITY_EXCEEDED,INVALID
4515,2,66,92,26681,28783,0,CAPACITY_EXCEEDED,INVALID
4516,2,66,93,25076,27202,1,FEASIBLE,WORSE
4517,2,66,94,26784,28932,0,CAPACITY_EXCEEDED,INVALID
4518,2,66,95,26638,28738,0,CAPACITY_EXCEEDED,INVALID
4519,2,66,96,26707,28788,0,CAPACITY_EXCEEDED,INVALID
4520,2,66,97,25378,27506,1,FEASIBLE,WORSE
4521,2,66,98,26459,28579,0,CAPACITY_EXCEEDED,INVALID
4522,2,66,99,26324,28485,0,CAPACITY_EXCEEDED,INVALID
4523,2,67,68,25130,27212,1,FEASIBLE,WORSE
4524,2,67,69,25003,27134,1,FEASIBLE,WORSE
4525,2,67,70,24119,26196,1,FEASIBLE,WORSE
4526,2,67,71,24579,26666,1,FEASIBLE,WORSE
4527,2,67,72,24565,26735,1,FEASIBLE,WORSE
4528,2,67,73,23905,26004,1,FEASIBLE,WORSE
4529,2,67,74,25593,27726,0,CAPACITY_EXCEEDED,INVALID
4530,2,67,75,24015,26098,1,FEASIBLE,WORSE
4531,2,67,76,24215,26337,1,FEASIBLE,WORSE
4532,2,67,77,24438,26626,1,FEASIBLE,WORSE
4533,2,67,78,25112,27233,1,FEASIBLE,WORSE
4534,2,67,79,25592,27664,0,CAPACITY_EXCEEDED,INVALID
4535,2,67,80,23838,25933,1,FEASIBLE,WORSE
4536,2,67,81,25149,27227,1,FEASIBLE,WORSE
4537,2,67,82,23748,25855,1,FEASIBLE,WORSE
4538,2,67,83,24376,26454,1,FEASIBLE,WORSE
4539,2,67,84,25123,27308,1,FEASIBLE,WORSE
4540,2,67,85,25562,27667,0,CAPACITY_EXCEEDED,INVALID
4541,2,67,86,24031,26128,1,FEASIBLE,WORSE
4542,2,67,87,24149,26225,1,FEASIBLE,WORSE
4543,2,67,88,24339,26469,1,FEASIBLE,WORSE
4544,2,67,89,24061,26230,1,FEASIBLE,WORSE
4545,2,67,90,25567,27713,0,CAPACITY_EXCEEDED,INVALID
4546,2,67,91,24603,26743,1,FEASIBLE,WORSE
4547,2,67,92,25393,27505,0,CAPACITY_EXCEEDED,INVALID
4548,2,67,93,23788,25924,1,FEASIBLE,WORSE
4549,2,67,94,25496,27654,0,CAPACITY_EXCEEDED,INVALID
4550,2,67,95,25350,27460,1,FEASIBLE,WORSE
4551,2,67,96,25419,27510,0,CAPACITY_EXCEEDED,INVALID
4552,2,67,97,24090,26228,1,FEASIBLE,WORSE
4553,2,67,98,25171,27301,1,FEASIBLE,WORSE
4554,2,67,99,25036,27207,1,FEASIBLE,WORSE
4555,2,68,69,26303,28371,0,CAPACITY_EXCEEDED,INVALID
4556,2,68,70,25419,27433,0,CAPACITY_EXCEEDED,INVALID
4557,2,68,71,25879,27903,0,CAPACITY_EXCEEDED,INVALID
4558,2,68,72,25865,27972,0,CAPACITY_EXCEEDED,INVALID
4559,2,68,73,25205,27241,1,FEASIBLE,WORSE
4560,2,68,74,26893,28963,0,CAPACITY_EXCEEDED,INVALID
4561,2,68,75,25315,27335,1,FEASIBLE,WORSE
4562,2,68,76,25515,27574,0,CAPACITY_EXCEEDED,INVALID
4563,2,68,77,25738,27863,0,CAPACITY_EXCEEDED,INVALID
4564,2,68,78,26412,28470,0,CAPACITY_EXCEEDED,INVALID
4565,2,68,79,26892,28901,0,CAPACITY_EXCEEDED,INVALID
4566,2,68,80,25138,27170,1,FEASIBLE,WORSE
4567,2,68,81,26449,28464,0,CAPACITY_EXCEEDED,INVALID
4568,2,68,82,25048,27092,1,FEASIBLE,WORSE
4569,2,68,83,25676,27691,0,CAPACITY_EXCEEDED,INVALID
4570,2,68,84,26423,28545,0,CAPACITY_EXCEEDED,INVALID
4571,2,68,85,26862,28904,0,CAPACITY_EXCEEDED,INVALID
4572,2,68,86,25331,27365,1,FEASIBLE,WORSE
4573,2,68,87,25449,27462,0,CAPACITY_EXCEEDED,INVALID
4574,2,68,88,25639,27706,0,CAPACITY_EXCEEDED,INVALID
4575,2,68,89,25361,27467,1,FEASIBLE,WORSE
4576,2,68,90,26867,28950,0,CAPACITY_EXCEEDED,INVALID
4577,2,68,91,25903,27980,0,CAPACITY_EXCEEDED,INVALID
4578,2,68,92,26693,28742,0,CAPACITY_EXCEEDED,INVALID
4579,2,68,93,25088,27161,1,FEASIBLE,WORSE
4580,2,68,94,26796,28891,0,CAPACITY_EXCEEDED,INVALID
4581,2,68,95,26650,28697,0,CAPACITY_EXCEEDED,INVALID
4582,2,68,96,26719,28747,0,CAPACITY_EXCEEDED,INVALID
4583,2,68,97,25390,27465,1,FEASIBLE,WORSE
4584,2,68,98,26471,28538,0,CAPACITY_EXCEEDED,INVALID
4585,2,68,99,26336,28444,0,CAPACITY_EXCEEDED,INVALID
4586,2,69,70,25292,27355,1,FEASIBLE,WORSE
4587,2,69,71,25752,27825,0,CAPACITY_EXCEEDED,INVALID
4588,2,69,72,25738,27894,0,CAPACITY_EXCEEDED,INVALID
4589,2,69,73,25078,27163,1,FEASIBLE,WORSE
4590,2,69,74,26766,28885,0,CAPACITY_EXCEEDED,INVALID
4591,2,69,75,25188,27257,1,FEASIBLE,WORSE
4592,2,69,76,25388,27496,1,FEASIBLE,WORSE
4593,2,69,77,25611,27785,0,CAPACITY_EXCEEDED,INVALID
4594,2,69,78,26285,28392,0,CAPACITY_EXCEEDED,INVALID
4595,2,69,79,26765,28823,0,CAPACITY_EXCEEDED,INVALID
4596,2,69,80,25011,27092,1,FEASIBLE,WORSE
4597,2,69,81,26322,28386,0,CAPACITY_EXCEEDED,INVALID
4598,2,69,82,24921,27014,1,FEASIBLE,WORSE
4599,2,69,83,25549,27613,0,CAPACITY_EXCEEDED,INVALID
4600,2,69,84,26296,28467,0,CAPACITY_EXCEEDED,INVALID
4601,2,69,85,26735,28826,0,CAPACITY_EXCEEDED,INVALID
4602,2,69,86,25204,27287,1,FEASIBLE,WORSE
4603,2,69,87,25322,27384,1,FEASIBLE,WORSE
4604,2,69,88,25512,27628,0,CAPACITY_EXCEEDED,INVALID
4605,2,69,89,25234,27389,1,FEASIBLE,WORSE
4606,2,69,90,26740,28872,0,CAPACITY_EXCEEDED,INVALID
4607,2,69,91,25776,27902,0,CAPACITY_EXCEEDED,INVALID
4608,2,69,92,26566,28664,0,CAPACITY_EXCEEDED,INVALID
4609,2,69,93,24961,27083,1,FEASIBLE,WORSE
4610,2,69,94,26669,28813,0,CAPACITY_EXCEEDED,INVALID
4611,2,69,95,26523,28619,0,CAPACITY_EXCEEDED,INVALID
4612,2,69,96,26592,28669,0,CAPACITY_EXCEEDED,INVALID
4613,2,69,97,25263,27387,1,FEASIBLE,WORSE
4614,2,69,98,26344,28460,0,CAPACITY_EXCEEDED,INVALID
4615,2,69,99,26209,28366,0,CAPACITY_EXCEEDED,INVALID
4616,2,70,71,24868,26887,1,FEASIBLE,WORSE
4617,2,70,72,24854,26956,1,FEASIBLE,WORSE
4618,2,70,73,24194,26225,1,FEASIBLE,WORSE
4619,2,70,74,25882,27947,0,CAPACITY_EXCEEDED,INVALID
4620,2,70,75,24304,26319,1,FEASIBLE,WORSE
4621,2,70,76,24504,26558,1,FEASIBLE,WORSE
4622,2,70,77,24727,26847,1,FEASIBLE,WORSE
4623,2,70,78,25401,27454,0,CAPACITY_EXCEEDED,INVALID
4624,2,70,79,25881,27885,0,CAPACITY_EXCEEDED,INVALID
4625,2,70,80,24127,26154,1,FEASIBLE,WORSE
4626,2,70,81,25438,27448,0,CAPACITY_EXCEEDED,INVALID
4627,2,70,82,24037,26076,1,FEASIBLE,WORSE
4628,2,70,83,24665,26675,1,FEASIBLE,WORSE
4629,2,70,84,25412,27529,0,CAPACITY_EXCEEDED,INVALID
4630,2,70,85,25851,27888,0,CAPACITY_EXCEEDED,INVALID
4631,2,70,86,24320,26349,1,FEASIBLE,WORSE
4632,2,70,87,24438,26446,1,FEASIBLE,WORSE
4633,2,70,88,24628,26690,1,FEASIBLE,WORSE
4634,2,70,89,24350,26451,1,FEASIBLE,WORSE
4635,2,70,90,25856,27934,0,CAPACITY_EXCEEDED,INVALID
4636,2,70,91,24892,26964,1,FEASIBLE,WORSE
4637,2,70,92,25682,27726,0,CAPACITY_EXCEEDED,INVALID
4638,2,70,93,24077,26145,1,FEASIBLE,WORSE
4639,2,70,94,25785,27875,0,CAPACITY_EXCEEDED,INVALID
4640,2,70,95,25639,27681,0,CAPACITY_EXCEEDED,INVALID
4641,2,70,96,25708,27731,0,CAPACITY_EXCEEDED,INVALID
4642,2,70,97,24379,26449,1,FEASIBLE,WORSE
4643,2,70,98,25460,27522,0,CAPACITY_EXCEEDED,INVALID
4644,2,70,99,25325,27428,1,FEASIBLE,WORSE
4645,2,71,72,25314,27426,1,FEASIBLE,WORSE
4646,2,71,73,24654,26695,1,FEASIBLE,WORSE
4647,2,71,74,26342,28417,0,CAPACITY_EXCEEDED,INVALID
4648,2,71,75,24764,26789,1,FEASIBLE,WORSE
4649,2,71,76,24964,27028,1,FEASIBLE,WORSE
4650,2,71,77,25187,27317,1,FEASIBLE,WORSE
4651,2,71,78,25861,27924,0,CAPACITY_EXCEEDED,INVALID
4652,2,71,79,26341,28355,0,CAPACITY_EXCEEDED,INVALID
4653,2,71,80,24587,26624,1,FEASIBLE,WORSE
4654,2,71,81,25898,27918,0,CAPACITY_EXCEEDED,INVALID
4655,2,71,82,24497,26546,1,FEASIBLE,WORSE
4656,2,71,83,25125,27145,1,FEASIBLE,WORSE
4657,2,71,84,25872,27999,0,CAPACITY_EXCEEDED,INVALID
4658,2,71,85,26311,28358,0,CAPACITY_EXCEEDED,INVALID
4659,2,71,86,24780,26819,1,FEASIBLE,WORSE
4660,2,71,87,24898,26916,1,FEASIBLE,WORSE
4661,2,71,88,25088,27160,1,FEASIBLE,WORSE
4662,2,71,89,24810,26921,1,FEASIBLE,WORSE
4663,2,71,90,26316,28404,0,CAPACITY_EXCEEDED,INVALID
4664,2,71,91,25352,27434,1,FEASIBLE,WORSE
4665,2,71,92,26142,28196,0,CAPACITY_EXCEEDED,INVALID
4666,2,71,93,24537,26615,1,FEASIBLE,WORSE
4667,2,71,94,26245,28345,0,CAPACITY_EXCEEDED,INVALID
4668,2,71,95,26099,28151,0,CAPACITY_EXCEEDED,INVALID
4669,2,71,96,26168,28201,0,CAPACITY_EXCEEDED,INVALID
4670,2,71,97,24839,26919,1,FEASIBLE,WORSE
4671,2,71,98,25920,27992,0,CAPACITY_EXCEEDED,INVALID
4672,2,71,99,25785,27898,0,CAPACITY_EXCEEDED,INVALID
4673,2,72,73,24640,26764,1,FEASIBLE,WORSE
4674,2,72,74,26328,28486,0,CAPACITY_EXCEEDED,INVALID
4675,2,72,75,24750,26858,1,FEASIBLE,WORSE
4676,2,72,76,24950,27097,1,FEASIBLE,WORSE
4677,2,72,77,25173,27386,1,FEASIBLE,WORSE
4678,2,72,78,25847,27993,0,CAPACITY_EXCEEDED,INVALID
4679,2,72,79,26327,28424,0,CAPACITY_EXCEEDED,INVALID
4680,2,72,80,24573,26693,1,FEASIBLE,WORSE
4681,2,72,81,25884,27987,0,CAPACITY_EXCEEDED,INVALID
4682,2,72,82,24483,26615,1,FEASIBLE,WORSE
4683,2,72,83,25111,27214,1,FEASIBLE,WORSE
4684,2,72,84,25858,28068,0,CAPACITY_EXCEEDED,INVALID
4685,2,72,85,26297,28427,0,CAPACITY_EXCEEDED,INVALID
4686,2,72,86,24766,26888,1,FEASIBLE,WORSE
4687,2,72,87,24884,26985,1,FEASIBLE,WORSE
4688,2,72,88,25074,27229,1,FEASIBLE,WORSE
4689,2,72,89,24796,26990,1,FEASIBLE,WORSE
4690,2,72,90,26302,28473,0,CAPACITY_EXCEEDED,INVALID
4691,2,72,91,25338,27503,1,FEASIBLE,WORSE
4692,2,72,92,26128,28265,0,CAPACITY_EXCEEDED,INVALID
4693,2,72,93,24523,26684,1,FEASIBLE,WORSE
4694,2,72,94,26231,28414,0,CAPACITY_EXCEEDED,INVALID
4695,2,72,95,26085,28220,0,CAPACITY_EXCEEDED,INVALID
4696,2,72,96,26154,28270,0,CAPACITY_EXCEEDED,INVALID
4697,2,72,97,24825,26988,1,FEASIBLE,WORSE
4698,2,72,98,25906,28061,0,CAPACITY_EXCEEDED,INVALID
4699,2,72,99,25771,27967,0,CAPACITY_EXCEEDED,INVALID
4700,2,73,74,25668,27755,0,CAPACITY_EXCEEDED,INVALID
4701,2,73,75,24090,26127,1,FEASIBLE,WORSE
4702,2,73,76,24290,26366,1,FEASIBLE,WORSE
4703,2,73,77,24513,26655,1,FEASIBLE,WORSE
4704,2,73,78,25187,27262,1,FEASIBLE,WORSE
4705,2,73,79,25667,27693,0,CAPACITY_EXCEEDED,INVALID
4706,2,73,80,23913,25962,1,FEASIBLE,WORSE
4707,2,73,81,25224,27256,1,FEASIBLE,WORSE
4708,2,73,82,23823,25884,1,FEASIBLE,WORSE
4709,2,73,83,24451,26483,1,FEASIBLE,WORSE
4710,2,73,84,25198,27337,1,FEASIBLE,WORSE
4711,2,73,85,25637,27696,0,CAPACITY_EXCEEDED,INVALID
4712,2,73,86,24106,26157,1,FEASIBLE,WORSE
4713,2,73,87,24224,26254,1,FEASIBLE,WORSE
4714,2,73,88,24414,26498,1,FEASIBLE,WORSE
4715,2,73,89,24136,26259,1,FEASIBLE,WORSE
4716,2,73,90,25642,27742,0,CAPACITY_EXCEEDED,INVALID
4717,2,73,91,24678,26772,1,FEASIBLE,WORSE
4718,2,73,92,25468,27534,0,CAPACITY_EXCEEDED,INVALID
4719,2,73,93,23863,25953,1,FEASIBLE,WORSE
4720,2,73,94,25571,27683,0,CAPACITY_EXCEEDED,INVALID
4721,2,73,95,25425,27489,0,CAPACITY_EXCEEDED,INVALID
4722,2,73,96,25494,27539,0,CAPACITY_EXCEEDED,INVALID
4723,2,73,97,24165,26257,1,FEASIBLE,WORSE
4724,2,73,98,25246,27330,1,FEASIBLE,WORSE
4725,2,73,99,25111,27236,1,FEASIBLE,WORSE
4726,2,74,75,25778,27849,0,CAPACITY_EXCEEDED,INVALID
4727,2,74,76,25978,28088,0,CAPACITY_EXCEEDED,INVALID
4728,2,74,77,26201,28377,0,CAPACITY_EXCEEDED,INVALID
4729,2,74,78,26875,28984,0,CAPACITY_EXCEEDED,INVALID
4730,2,74,79,27355,29415,0,CAPACITY_EXCEEDED,INVALID
4731,2,74,80,25601,27684,0,CAPACITY_EXCEEDED,INVALID
4732,2,74,81,26912,28978,0,CAPACITY_EXCEEDED,INVALID
4733,2,74,82,25511,27606,0,CAPACITY_EXCEEDED,INVALID
4734,2,74,83,26139,28205,0,CAPACITY_EXCEEDED,INVALID
4735,2,74,84,26886,29059,0,CAPACITY_EXCEEDED,INVALID
4736,2,74,85,27325,29418,0,CAPACITY_EXCEEDED,INVALID
4737,2,74,86,25794,27879,0,CAPACITY_EXCEEDED,INVALID
4738,2,74,87,25912,27976,0,CAPACITY_EXCEEDED,INVALID
4739,2,74,88,26102,28220,0,CAPACITY_EXCEEDED,INVALID
4740,2,74,89,25824,27981,0,CAPACITY_EXCEEDED,INVALID
4741,2,74,90,27330,29464,0,CAPACITY_EXCEEDED,INVALID
4742,2,74,91,26366,28494,0,CAPACITY_EXCEEDED,INVALID
4743,2,74,92,27156,29256,0,CAPACITY_EXCEEDED,INVALID
4744,2,74,93,25551,27675,0,CAPACITY_EXCEEDED,INVALID
4745,2,74,94,27259,29405,0,CAPACITY_EXCEEDED,INVALID
4746,2,74,95,27113,29211,0,CAPACITY_EXCEEDED,INVALID
4747,2,74,96,27182,29261,0,CAPACITY_EXCEEDED,INVALID
4748,2,74,97,25853,27979,0,CAPACITY_EXCEEDED,INVALID
4749,2,74,98,26934,29052,0,CAPACITY_EXCEEDED,INVALID
4750,2,74,99,26799,28958,0,CAPACITY_EXCEEDED,INVALID
4751,2,75,76,24400,26460,1,FEASIBLE,WORSE
4752,2,75,77,24623,26749,1,FEASIBLE,WORSE
4753,2,75,78,25297,27356,1,FEASIBLE,WORSE
4754,2,75,79,25777,27787,0,CAPACITY_EXCEEDED,INVALID
4755,2,75,80,24023,26056,1,FEASIBLE,WORSE
4756,2,75,81,25334,27350,1,FEASIBLE,WORSE
4757,2,75,82,23933,25978,1,FEASIBLE,WORSE
4758,2,75,83,24561,26577,1,FEASIBLE,WORSE
4759,2,75,84,25308,27431,1,FEASIBLE,WORSE
4760,2,75,85,25747,27790,0,CAPACITY_EXCEEDED,INVALID
4761,2,75,86,24216,26251,1,FEASIBLE,WORSE
4762,2,75,87,24334,26348,1,FEASIBLE,WORSE
4763,2,75,88,24524,26592,1,FEASIBLE,WORSE
4764,2,75,89,24246,26353,1,FEASIBLE,WORSE
4765,2,75,90,25752,27836,0,CAPACITY_EXCEEDED,INVALID
4766,2,75,91,24788,26866,1,FEASIBLE,WORSE
4767,2,75,92,25578,27628,0,CAPACITY_EXCEEDED,INVALID
4768,2,75,93,23973,26047,1,FEASIBLE,WORSE
4769,2,75,94,25681,27777,0,CAPACITY_EXCEEDED,INVALID
4770,2,75,95,25535,27583,0,CAPACITY_EXCEEDED,INVALID
4771,2,75,96,25604,27633,0,CAPACITY_EXCEEDED,INVALID
4772,2,75,97,24275,26351,1,FEASIBLE,WORSE
4773,2,75,98,25356,27424,1,FEASIBLE,WORSE
4774,2,75,99,25221,27330,1,FEASIBLE,WORSE
4775,2,76,77,24823,26988,1,FEASIBLE,WORSE
4776,2,76,78,25497,27595,0,CAPACITY_EXCEEDED,INVALID
4777,2,76,79,25977,28026,0,CAPACITY_EXCEEDED,INVALID
4778,2,76,80,24223,26295,1,FEASIBLE,WORSE
4779,2,76,81,25534,27589,0,CAPACITY_EXCEEDED,INVALID
4780,2,76,82,24133,26217,1,FEASIBLE,WORSE
4781,2,76,83,24761,26816,1,FEASIBLE,WORSE
4782,2,76,84,25508,27670,0,CAPACITY_EXCEEDED,INVALID
4783,2,76,85,25947,28029,0,CAPACITY_EXCEEDED,INVALID
4784,2,76,86,24416,26490,1,FEASIBLE,WORSE
4785,2,76,87,24534,26587,1,FEASIBLE,WORSE
4786,2,76,88,24724,26831,1,FEASIBLE,WORSE
4787,2,76,89,24446,26592,1,FEASIBLE,WORSE
4788,2,76,90,25952,28075,0,CAPACITY_EXCEEDED,INVALID
4789,2,76,91,24988,27105,1,FEASIBLE,WORSE
4790,2,76,92,25778,27867,0,CAPACITY_EXCEEDED,INVALID
4791,2,76,93,24173,26286,1,FEASIBLE,WORSE
4792,2,76,94,25881,28016,0,CAPACITY_EXCEEDED,INVALID
4793,2,76,95,25735,27822,0,CAPACITY_EXCEEDED,INVALID
4794,2,76,96,25804,27872,0,CAPACITY_EXCEEDED,INVALID
4795,2,76,97,24475,26590,1,FEASIBLE,WORSE
4796,2,76,98,25556,27663,0,CAPACITY_EXCEEDED,INVALID
4797,2,76,99,25421,27569,0,CAPACITY_EXCEEDED,INVALID
4798,2,77,78,25720,27884,0,CAPACITY_EXCEEDED,INVALID
4799,2,77,79,26200,28315,0,CAPACITY_EXCEEDED,INVALID
4800,2,77,80,24446,26584,1,FEASIBLE,WORSE
4801,2,77,81,25757,27878,0,CAPACITY_EXCEEDED,INVALID
4802,2,77,82,24356,26506,1,FEASIBLE,WORSE
4803,2,77,83,24984,27105,1,FEASIBLE,WORSE
4804,2,77,84,25731,27959,0,CAPACITY_EXCEEDED,INVALID
4805,2,77,85,26170,28318,0,CAPACITY_EXCEEDED,INVALID
4806,2,77,86,24639,26779,1,FEASIBLE,WORSE
4807,2,77,87,24757,26876,1,FEASIBLE,WORSE
4808,2,77,88,24947,27120,1,FEASIBLE,WORSE
4809,2,77,89,24669,26881,1,FEASIBLE,WORSE
4810,2,77,90,26175,28364,0,CAPACITY_EXCEEDED,INVALID
4811,2,77,91,25211,27394,1,FEASIBLE,WORSE
4812,2,77,92,26001,28156,0,CAPACITY_EXCEEDED,INVALID
4813,2,77,93,24396,26575,1,FEASIBLE,WORSE
4814,2,77,94,26104,28305,0,CAPACITY_EXCEEDED,INVALID
4815,2,77,95,25958,28111,0,CAPACITY_EXCEEDED,INVALID
4816,2,77,96,26027,28161,0,CAPACITY_EXCEEDED,INVALID
4817,2,77,97,24698,26879,1,FEASIBLE,WORSE
4818,2,77,98,25779,27952,0,CAPACITY_EXCEEDED,INVALID
4819,2,77,99,25644,27858,0,CAPACITY_EXCEEDED,INVALID
4820,2,78,79,26874,28922,0,CAPACITY_EXCEEDED,INVALID
4821,2,78,80,25120,27191,1,FEASIBLE,WORSE
4822,2,78,81,26431,28485,0,CAPACITY_EXCEEDED,INVALID
4823,2,78,82,25030,27113,1,FEASIBLE,WORSE
4824,2,78,83,25658,27712,0,CAPACITY_EXCEEDED,INVALID
4825,2,78,84,26405,28566,0,CAPACITY_EXCEEDED,INVALID
4826,2,78,85,26844,28925,0,CAPACITY_EXCEEDED,INVALID
4827,2,78,86,25313,27386,1,FEASIBLE,WORSE
4828,2,78,87,25431,27483,0,CAPACITY_EXCEEDED,INVALID
4829,2,78,88,25621,27727,0,CAPACITY_EXCEEDED,INVALID
4830,2,78,89,25343,27488,1,FEASIBLE,WORSE
4831,2,78,90,26849,28971,0,CAPACITY_EXCEEDED,INVALID
4832,2,78,91,25885,28001,0,CAPACITY_EXCEEDED,INVALID
4833,2,78,92,26675,28763,0,CAPACITY_EXCEEDED,INVALID
4834,2,78,93,25070,27182,1,FEASIBLE,WORSE
4835,2,78,94,26778,28912,0,CAPACITY_EXCEEDED,INVALID
4836,2,78,95,26632,28718,0,CAPACITY_EXCEEDED,INVALID
4837,2,78,96,26701,28768,0,CAPACITY_EXCEEDED,INVALID
4838,2,78,97,25372,27486,1,FEASIBLE,WORSE
4839,2,78,98,26453,28559,0,CAPACITY_EXCEEDED,INVALID
4840,2,78,99,26318,28465,0,CAPACITY_EXCEEDED,INVALID
4841,2,79,80,25600,27622,0,CAPACITY_EXCEEDED,INVALID
4842,2,79,81,26911,28916,0,CAPACITY_EXCEEDED,INVALID
4843,2,79,82,25510,27544,0,CAPACITY_EXCEEDED,INVALID
4844,2,79,83,26138,28143,0,CAPACITY_EXCEEDED,INVALID
4845,2,79,84,26885,28997,0,CAPACITY_EXCEEDED,INVALID
4846,2,79,85,27324,29356,0,CAPACITY_EXCEEDED,INVALID
4847,2,79,86,25793,27817,0,CAPACITY_EXCEEDED,INVALID
4848,2,79,87,25911,27914,0,CAPACITY_EXCEEDED,INVALID
4849,2,79,88,26101,28158,0,CAPACITY_EXCEEDED,INVALID
4850,2,79,89,25823,27919,0,CAPACITY_EXCEEDED,INVALID
4851,2,79,90,27329,29402,0,CAPACITY_EXCEEDED,INVALID
4852,2,79,91,26365,28432,0,CAPACITY_EXCEEDED,INVALID
4853,2,79,92,27155,29194,0,CAPACITY_EXCEEDED,INVALID
4854,2,79,93,25550,27613,0,CAPACITY_EXCEEDED,INVALID
4855,2,79,94,27258,29343,0,CAPACITY_EXCEEDED,INVALID
4856,2,79,95,27112,29149,0,CAPACITY_EXCEEDED,INVALID
4857,2,79,96,27181,29199,0,CAPACITY_EXCEEDED,INVALID
4858,2,79,97,25852,27917,0,CAPACITY_EXCEEDED,INVALID
4859,2,79,98,26933,28990,0,CAPACITY_EXCEEDED,INVALID
4860,2,79,99,26798,28896,0,CAPACITY_EXCEEDED,INVALID
4861,2,80,81,25157,27185,1,FEASIBLE,WORSE
4862,2,80,82,23756,25813,1,FEASIBLE,WORSE
4863,2,80,83,24384,26412,1,FEASIBLE,WORSE
4864,2,80,84,25131,27266,1,FEASIBLE,WORSE
4865,2,80,85,25570,27625,0,CAPACITY_EXCEEDED,INVALID
4866,2,80,86,24039,26086,1,FEASIBLE,WORSE
4867,2,80,87,24157,26183,1,FEASIBLE,WORSE
4868,2,80,88,24347,26427,1,FEASIBLE,WORSE
4869,2,80,89,24069,26188,1,FEASIBLE,WORSE
4870,2,80,90,25575,27671,0,CAPACITY_EXCEEDED,INVALID
4871,2,80,91,24611,26701,1,FEASIBLE,WORSE
4872,2,80,92,25401,27463,0,CAPACITY_EXCEEDED,INVALID
4873,2,80,93,23796,25882,1,FEASIBLE,WORSE
4874,2,80,94,25504,27612,0,CAPACITY_EXCEEDED,INVALID
4875,2,80,95,25358,27418,1,FEASIBLE,WORSE
4876,2,80,96,25427,27468,0,CAPACITY_EXCEEDED,INVALID
4877,2,80,97,24098,26186,1,FEASIBLE,WORSE
4878,2,80,98,25179,27259,1,FEASIBLE,WORSE
4879,2,80,99,25044,27165,1,FEASIBLE,WORSE
4880,2,81,82,25067,27107,1,FEASIBLE,WORSE
4881,2,81,83,25695,27706,0,CAPACITY_EXCEEDED,INVALID
4882,2,81,84,26442,28560,0,CAPACITY_EXCEEDED,INVALID
4883,2,81,85,26881,28919,0,CAPACITY_EXCEEDED,INVALID
4884,2,81,86,25350,27380,1,FEASIBLE,WORSE
4885,2,81,87,25468,27477,0,CAPACITY_EXCEEDED,INVALID
4886,2,81,88,25658,27721,0,CAPACITY_EXCEEDED,INVALID
4887,2,81,89,25380,27482,1,FEASIBLE,WORSE
4888,2,81,90,26886,28965,0,CAPACITY_EXCEEDED,INVALID
4889,2,81,91,25922,27995,0,CAPACITY_EXCEEDED,INVALID
4890,2,81,92,26712,28757,0,CAPACITY_EXCEEDED,INVALID
4891,2,81,93,25107,27176,1,FEASIBLE,WORSE
4892,2,81,94,26815,28906,0,CAPACITY_EXCEEDED,INVALID
4893,2,81,95,26669,28712,0,CAPACITY_EXCEEDED,INVALID
4894,2,81,96,26738,28762,0,CAPACITY_EXCEEDED,INVALID
4895,2,81,97,25409,27480,0,CAPACITY_EXCEEDED,INVALID
4896,2,81,98,26490,28553,0,CAPACITY_EXCEEDED,INVALID
4897,2,81,99,26355,28459,0,CAPACITY_EXCEEDED,INVALID
4898,2,82,83,24294,26334,1,FEASIBLE,WORSE
4899,2,82,84,25041,27188,1,FEASIBLE,WORSE
4900,2,82,85,25480,27547,0,CAPACITY_EXCEEDED,INVALID
4901,2,82,86,23949,26008,1,FEASIBLE,WORSE
4902,2,82,87,24067,26105,1,FEASIBLE,WORSE
4903,2,82,88,24257,26349,1,FEASIBLE,WORSE
4904,2,82,89,23979,26110,1,FEASIBLE,WORSE
4905,2,82,90,25485,27593,0,CAPACITY_EXCEEDED,INVALID
4906,2,82,91,24521,26623,1,FEASIBLE,WORSE
4907,2,82,92,25311,27385,1,FEASIBLE,WORSE
4908,2,82,93,23706,25804,1,FEASIBLE,WORSE
4909,2,82,94,25414,27534,0,CAPACITY_EXCEEDED,INVALID
4910,2,82,95,25268,27340,1,FEASIBLE,WORSE
4911,2,82,96,25337,27390,1,FEASIBLE,WORSE
4912,2,82,97,24008,26108,1,FEASIBLE,WORSE
4913,2,82,98,25089,27181,1,FEASIBLE,WORSE
4914,2,82,99,24954,27087,1,FEASIBLE,WORSE
4915,2,83,84,25669,27787,0,CAPACITY_EXCEEDED,INVALID
4916,2,83,85,26108,28146,0,CAPACITY_EXCEEDED,INVALID
4917,2,83,86,24577,26607,1,FEASIBLE,WORSE
4918,2,83,87,24695,26704,1,FEASIBLE,WORSE
4919,2,83,88,24885,26948,1,FEASIBLE,WORSE
4920,2,83,89,24607,26709,1,FEASIBLE,WORSE
4921,2,83,90,26113,28192,0,CAPACITY_EXCEEDED,INVALID
4922,2,83,91,25149,27222,1,FEASIBLE,WORSE
4923,2,83,92,25939,27984,0,CAPACITY_EXCEEDED,INVALID
4924,2,83,93,24334,26403,1,FEASIBLE,WORSE
4925,2,83,94,26042,28133,0,CAPACITY_EXCEEDED,INVALID
4926,2,83,95,25896,27939,0,CAPACITY_EXCEEDED,INVALID
4927,2,83,96,25965,27989,0,CAPACITY_EXCEEDED,INVALID
4928,2,83,97,24636,26707,1,FEASIBLE,WORSE
4929,2,83,98,25717,27780,0,CAPACITY_EXCEEDED,INVALID
4930,2,83,99,25582,27686,0,CAPACITY_EXCEEDED,INVALID
4931,2,84,85,26855,29000,0,CAPACITY_EXCEEDED,INVALID
4932,2,84,86,25324,27461,1,FEASIBLE,WORSE
4933,2,84,87,25442,27558,0,CAPACITY_EXCEEDED,INVALID
4934,2,84,88,25632,27802,0,CAPACITY_EXCEEDED,INVALID
4935,2,84,89,25354,27563,1,FEASIBLE,WORSE
4936,2,84,90,26860,29046,0,CAPACITY_EXCEEDED,INVALID
4937,2,84,91,25896,28076,0,CAPACITY_EXCEEDED,INVALID
4938,2,84,92,26686,28838,0,CAPACITY_EXCEEDED,INVALID
4939,2,84,93,25081,27257,1,FEASIBLE,WORSE
4940,2,84,94,26789,28987,0,CAPACITY_EXCEEDED,INVALID
4941,2,84,95,26643,28793,0,CAPACITY_EXCEEDED,INVALID
4942,2,84,96,26712,28843,0,CAPACITY_EXCEEDED,INVALID
4943,2,84,97,25383,27561,1,FEASIBLE,WORSE
4944,2,84,98,26464,28634,0,CAPACITY_EXCEEDED,INVALID
4945,2,84,99,26329,28540,0,CAPACITY_EXCEEDED,INVALID
4946,2,85,86,25763,27820,0,CAPACITY_EXCEEDED,INVALID
4947,2,85,87,25881,27917,0,CAPACITY_EXCEEDED,INVALID
4948,2,85,88,26071,28161,0,CAPACITY_EXCEEDED,INVALID
4949,2,85,89,25793,27922,0,CAPACITY_EXCEEDED,INVALID
4950,2,85,90,27299,29405,0,CAPACITY_EXCEEDED,INVALID
4951,2,85,91,26335,28435,0,CAPACITY_EXCEEDED,INVALID
4952,2,85,92,27125,29197,0,CAPACITY_EXCEEDED,INVALID
4953,2,85,93,25520,27616,0,CAPACITY_EXCEEDED,INVALID
4954,2,85,94,27228,29346,0,CAPACITY_EXCEEDED,INVALID
4955,2,85,95,27082,29152,0,CAPACITY_EXCEEDED,INVALID
4956,2,85,96,27151,29202,0,CAPACITY_EXCEEDED,INVALID
4957,2,85,97,25822,27920,0,CAPACITY_EXCEEDED,INVALID
4958,2,85,98,26903,28993,0,CAPACITY_EXCEEDED,INVALID
4959,2,85,99,26768,28899,0,CAPACITY_EXCEEDED,INVALID
4960,2,86,87,24350,26378,1,FEASIBLE,WORSE
4961,2,86,88,24540,26622,1,FEASIBLE,WORSE
4962,2,86,89,24262,26383,1,FEASIBLE,WORSE
4963,2,86,90,25768,27866,0,CAPACITY_EXCEEDED,INVALID
4964,2,86,91,24804,26896,1,FEASIBLE,WORSE
4965,2,86,92,25594,27658,0,CAPACITY_EXCEEDED,INVALID
4966,2,86,93,23989,26077,1,FEASIBLE,WORSE
4967,2,86,94,25697,27807,0,CAPACITY_EXCEEDED,INVALID
4968,2,86,95,25551,27613,0,CAPACITY_EXCEEDED,INVALID
4969,2,86,96,25620,27663,0,CAPACITY_EXCEEDED,INVALID
4970,2,86,97,24291,26381,1,FEASIBLE,WORSE
4971,2,86,98,25372,27454,1,FEASIBLE,WORSE
4972,2,86,99,25237,27360,1,FEASIBLE,WORSE
4973,2,87,88,24658,26719,1,FEASIBLE,WORSE
4974,2,87,89,24380,26480,1,FEASIBLE,WORSE
4975,2,87,90,25886,27963,0,CAPACITY_EXCEEDED,INVALID
4976,2,87,91,24922,26993,1,FEASIBLE,WORSE
4977,2,87,92,25712,27755,0,CAPACITY_EXCEEDED,INVALID
4978,2,87,93,24107,26174,1,FEASIBLE,WORSE
4979,2,87,94,25815,27904,0,CAPACITY_EXCEEDED,INVALID
4980,2,87,95,25669,27710,0,CAPACITY_EXCEEDED,INVALID
4981,2,87,96,25738,27760,0,CAPACITY_EXCEEDED,INVALID
4982,2,87,97,24409,26478,1,FEASIBLE,WORSE
4983,2,87,98,25490,27551,0,CAPACITY_EXCEEDED,INVALID
4984,2,87,99,25355,27457,1,FEASIBLE,WORSE
4985,2,88,89,24570,26724,1,FEASIBLE,WORSE
4986,2,88,90,26076,28207,0,CAPACITY_EXCEEDED,INVALID
4987,2,88,91,25112,27237,1,FEASIBLE,WORSE
4988,2,88,92,25902,27999,0,CAPACITY_EXCEEDED,INVALID
4989,2,88,93,24297,26418,1,FEASIBLE,WORSE
4990,2,88,94,26005,28148,0,CAPACITY_EXCEEDED,INVALID
4991,2,88,95,25859,27954,0,CAPACITY_EXCEEDED,INVALID
4992,2,88,96,25928,28004,0,CAPACITY_EXCEEDED,INVALID
4993,2,88,97,24599,26722,1,FEASIBLE,WORSE
4994,2,88,98,25680,27795,0,CAPACITY_EXCEEDED,INVALID
4995,2,88,99,25545,27701,0,CAPACITY_EXCEEDED,INVALID
4996,2,89,90,25798,27968,0,CAPACITY_EXCEEDED,INVALID
4997,2,89,91,24834,26998,1,FEASIBLE,WORSE
4998,2,89,92,25624,27760,0,CAPACITY_EXCEEDED,INVALID
4999,2,89,93,24019,26179,1,FEASIBLE,WORSE
5000,2,89,94,25727,27909,0,CAPACITY_EXCEEDED,INVALID
5001,2,89,95,25581,27715,0,CAPACITY_EXCEEDED,INVALID
5002,2,89,96,25650,27765,0,CAPACITY_EXCEEDED,INVALID
5003,2,89,97,24321,26483,1,FEASIBLE,WORSE
5004,2,89,98,25402,27556,0,CAPACITY_EXCEEDED,INVALID
5005,2,89,99,25267,27462,1,FEASIBLE,WORSE
5006,2,90,91,26340,28481,0,CAPACITY_EXCEEDED,INVALID
5007,2,90,92,27130,29243,0,CAPACITY_EXCEEDED,INVALID
5008,2,90,93,25525,27662,0,CAPACITY_EXCEEDED,INVALID
5009,2,90,94,27233,29392,0,CAPACITY_EXCEEDED,INVALID
5010,2,90,95,27087,29198,0,CAPACITY_EXCEEDED,INVALID
5011,2,90,96,27156,29248,0,CAPACITY_EXCEEDED,INVALID
5012,2,90,97,25827,27966,0,CAPACITY_EXCEEDED,INVALID
5013,2,90,98,26908,29039,0,CAPACITY_EXCEEDED,INVALID
5014,2,90,99,26773,28945,0,CAPACITY_EXCEEDED,INVALID
5015,2,91,92,26166,28273,0,CAPACITY_EXCEEDED,INVALID
5016,2,91,93,24561,26692,1,FEASIBLE,WORSE
5017,2,91,94,26269,28422,0,CAPACITY_EXCEEDED,INVALID
5018,2,91,95,26123,28228,0,CAPACITY_EXCEEDED,INVALID
5019,2,91,96,26192,28278,0,CAPACITY_EXCEEDED,INVALID
5020,2,91,97,24863,26996,1,FEASIBLE,WORSE
5021,2,91,98,25944,28069,0,CAPACITY_EXCEEDED,INVALID
5022,2,91,99,25809,27975,0,CAPACITY_EXCEEDED,INVALID
5023,2,92,93,25351,27454,1,FEASIBLE,WORSE
5024,2,92,94,27059,29184,0,CAPACITY_EXCEEDED,INVALID
5025,2,92,95,26913,28990,0,CAPACITY_EXCEEDED,INVALID
5026,2,92,96,26982,29040,0,CAPACITY_EXCEEDED,INVALID
5027,2,92,97,25653,27758,0,CAPACITY_EXCEEDED,INVALID
5028,2,92,98,26734,28831,0,CAPACITY_EXCEEDED,INVALID
5029,2,92,99,26599,28737,0,CAPACITY_EXCEEDED,INVALID
5030,2,93,94,25454,27603,0,CAPACITY_EXCEEDED,INVALID
5031,2,93,95,25308,27409,1,FEASIBLE,WORSE
5032,2,93,96,25377,27459,1,FEASIBLE,WORSE
5033,2,93,97,24048,26177,1,FEASIBLE,WORSE
5034,2,93,98,25129,27250,1,FEASIBLE,WORSE
5035,2,93,99,24994,27156,1,FEASIBLE,WORSE
5036,2,94,95,27016,29139,0,CAPACITY_EXCEEDED,INVALID
5037,2,94,96,27085,29189,0,CAPACITY_EXCEEDED,INVALID
5038,2,94,97,25756,27907,0,CAPACITY_EXCEEDED,INVALID
5039,2,94,98,26837,28980,0,CAPACITY_EXCEEDED,INVALID
5040,2,94,99,26702,28886,0,CAPACITY_EXCEEDED,INVALID
5041,2,95,96,26939,28995,0,CAPACITY_EXCEEDED,INVALID
5042,2,95,97,25610,27713,0,CAPACITY_EXCEEDED,INVALID
5043,2,95,98,26691,28786,0,CAPACITY_EXCEEDED,INVALID
5044,2,95,99,26556,28692,0,CAPACITY_EXCEEDED,INVALID
5045,2,96,97,25679,27763,0,CAPACITY_EXCEEDED,INVALID
5046,2,96,98,26760,28836,0,CAPACITY_EXCEEDED,INVALID
5047,2,96,99,26625,28742,0,CAPACITY_EXCEEDED,INVALID
5048,2,97,98,25431,27554,0,CAPACITY_EXCEEDED,INVALID
5049,2,97,99,25296,27460,1,FEASIBLE,WORSE
5050,2,98,99,26377,28533,0,CAPACITY_EXCEEDED,INVALID
