neighbor_index,distance,flip_i,flip_j,weight,profit,feasible,reason,comparison
1,1,0,,25256,32056,1,FEASIBLE,WORSE
2,1,1,,26239,33239,0,CAPACITY_EXCEEDED,INVALID
3,1,2,,26155,33155,0,CAPACITY_EXCEEDED,INVALID
4,1,3,,25135,31935,1,FEASIBLE,WORSE
5,1,4,,24895,31695,1,FEASIBLE,WORSE
6,1,5,,24941,31741,1,FEASIBLE,WORSE
7,1,6,,24739,31539,1,FEASIBLE,WORSE
8,1,7,,26180,33180,0,CAPACITY_EXCEEDED,INVALID
9,1,8,,25297,32097,1,FEASIBLE,WORSE
10,1,9,,25362,32162,1,FEASIBLE,WORSE
11,1,10,,26227,33227,0,CAPACITY_EXCEEDED,INVALID
12,1,11,,24958,31758,1,FEASIBLE,WORSE
13,1,12,,26154,33154,0,CAPACITY_EXCEEDED,INVALID
14,1,13,,25388,32188,1,FEASIBLE,WORSE
15,1,14,,24945,31745,1,FEASIBLE,WORSE
16,1,15,,26113,33113,0,CAPACITY_EXCEEDED,INVALID
17,1,16,,25162,31962,1,FEASIBLE,WORSE
18,1,17,,26337,33337,0,CAPACITY_EXCEEDED,INVALID
19,1,18,,26293,33293,0,CAPACITY_EXCEEDED,INVALID
20,1,19,,25360,32160,1,FEASIBLE,WORSE
21,1,20,,25365,32165,1,FEASIBLE,WORSE
22,1,21,,24849,31649,1,FEASIBLE,WORSE
23,1,22,,26331,33331,0,CAPACITY_EXCEEDED,INVALID
24,1,23,,25009,31809,1,FEASIBLE,WORSE
25,1,24,,25174,31974,1,FEASIBLE,WORSE
26,1,25,,24968,31768,1,FEASIBLE,WORSE
27,1,26,,25361,32161,1,FEASIBLE,WORSE
28,1,27,,25169,31969,1,FEASIBLE,WORSE
29,1,28,,24953,31753,1,FEASIBLE,WORSE
30,1,29,,24895,31695,1,FEASIBLE,WORSE
31,1,30,,25157,31957,1,FEASIBLE,WORSE
32,1,31,,25160,31960,1,FEASIBLE,WORSE
33,1,32,,25172,31972,1,FEASIBLE,WORSE
34,1,33,,24931,31731,1,FEASIBLE,WORSE
35,1,34,,25101,31901,1,FEASIBLE,WORSE
36,1,35,,25369,32169,1,FEASIBLE,WORSE
37,1,36,,26229,33229,0,CAPACITY_EXCEEDED,INVALID
38,1,37,,24834,31634,1,FEASIBLE,WORSE
39,1,38,,24748,31548,1,FEASIBLE,WORSE
40,1,39,,25205,32005,1,FEASIBLE,WORSE
41,1,40,,26384,33384,0,CAPACITY_EXCEEDED,INVALID
42,1,41,,26251,33251,0,CAPACITY_EXCEEDED,INVALID
43,1,42,,25270,32070,1,FEASIBLE,WORSE
44,1,43,,25058,31858,1,FEASIBLE,WORSE
45,1,44,,26113,33113,0,CAPACITY_EXCEEDED,INVALID
46,1,45,,26103,33103,0,CAPACITY_EXCEEDED,INVALID
47,1,46,,26328,33328,0,CAPACITY_EXCEEDED,INVALID
48,1,47,,24968,31768,1,FEASIBLE,WORSE
49,1,48,,26222,33222,0,CAPACITY_EXCEEDED,INVALID
50,1,49,,24720,31520,1,FEASIBLE,WORSE
51,1,50,,25087,31887,1,FEASIBLE,WORSE
52,1,51,,24803,31603,1,FEASIBLE,WORSE
53,1,52,,26274,33274,0,CAPACITY_EXCEEDED,INVALID
54,1,53,,26238,33238,0,CAPACITY_EXCEEDED,INVALID
55,1,54,,24885,31685,1,FEASIBLE,WORSE
56,1,55,,25981,32981,0,CAPACITY_EXCEEDED,INVALID
57,1,56,,25356,32156,1,FEASIBLE,WORSE
58,1,57,,25148,31948,1,FEASIBLE,WORSE
59,1,58,,26189,33189,0,CAPACITY_EXCEEDED,INVALID
60,1,59,,24976,31776,1,FEASIBLE,WORSE
61,1,60,,25217,32017,1,FEASIBLE,WORSE
62,1,61,,24842,31642,1,FEASIBLE,WORSE
63,1,62,,24687,31487,1,FEASIBLE,WORSE
64,1,63,,24716,31516,1,FEASIBLE,WORSE
65,1,64,,25016,31816,1,FEASIBLE,WORSE
66,1,65,,24952,31752,1,FEASIBLE,WORSE
67,1,66,,24882,31682,1,FEASIBLE,WORSE
68,1,67,,26170,33170,0,CAPACITY_EXCEEDED,INVALID
69,1,68,,24870,31670,1,FEASIBLE,WORSE
70,1,69,,24997,31797,1,FEASIBLE,WORSE
71,1,70,,24901,31701,1,FEASIBLE,WORSE
72,1,71,,25361,32161,1,FEASIBLE,WORSE
73,1,72,,25347,32147,1,FEASIBLE,WORSE
74,1,73,,24687,31487,1,FEASIBLE,WORSE
75,1,74,,26375,33375,0,CAPACITY_EXCEEDED,INVALID
76,1,75,,24797,31597,1,FEASIBLE,WORSE
77,1,76,,24997,31797,1,FEASIBLE,WORSE
78,1,77,,25220,32020,1,FEASIBLE,WORSE
79,1,78,,24888,31688,1,FEASIBLE,WORSE
80,1,79,,26374,33374,0,CAPACITY_EXCEEDED,INVALID
81,1,80,,26162,33162,0,CAPACITY_EXCEEDED,INVALID
82,1,81,,24851,31651,1,FEASIBLE,WORSE
83,1,82,,26252,33252,0,CAPACITY_EXCEEDED,INVALID
84,1,83,,25158,31958,1,FEASIBLE,WORSE
85,1,84,,24877,31677,1,FEASIBLE,WORSE
86,1,85,,24438,31238,1,FEASIBLE,WORSE
87,1,86,,24813,31613,1,FEASIBLE,WORSE
88,1,87,,24931,31731,1,FEASIBLE,WORSE
89,1,88,,25121,31921,1,FEASIBLE,WORSE
90,1,89,,24843,31643,1,FEASIBLE,WORSE
91,1,90,,26349,33349,0,CAPACITY_EXCEEDED,INVALID
92,1,91,,25385,32185,1,FEASIBLE,WORSE
93,1,92,,26175,33175,0,CAPACITY_EXCEEDED,INVALID
94,1,93,,26212,33212,0,CAPACITY_EXCEEDED,INVALID
95,1,94,,26278,33278,0,CAPACITY_EXCEEDED,INVALID
96,1,95,,26132,33132,0,CAPACITY_EXCEEDED,INVALID
97,1,96,,26201,33201,0,CAPACITY_EXCEEDED,INVALID
98,1,97,,24872,31672,1,FEASIBLE,WORSE
99,1,98,,24829,31629,1,FEASIBLE,WORSE
100,1,99,,24964,31764,1,FEASIBLE,WORSE
101,2,0,1,26104,33004,0,CAPACITY_EXCEEDED,INVALID
102,2,0,2,26020,32920,0,CAPACITY_EXCEEDED,INVALID
103,2,0,3,25000,31700,1,FEASIBLE,WORSE
104,2,0,4,24760,31460,1,FEASIBLE,WORSE
105,2,0,5,24806,31506,1,FEASIBLE,WORSE
106,2,0,6,24604,31304,1,FEASIBLE,WORSE
107,2,0,7,26045,32945,0,CAPACITY_EXCEEDED,INVALID
108,2,0,8,25162,31862,1,FEASIBLE,WORSE
109,2,0,9,25227,31927,1,FEASIBLE,WORSE
110,2,0,10,26092,32992,0,CAPACITY_EXCEEDED,INVALID
111,2,0,11,24823,31523,1,FEASIBLE,WORSE
112,2,0,12,26019,32919,0,CAPACITY_EXCEEDED,INVALID
113,2,0,13,25253,31953,1,FEASIBLE,WORSE
114,2,0,14,24810,31510,1,FEASIBLE,WORSE
115,2,0,15,25978,32878,0,CAPACITY_EXCEEDED,INVALID
116,2,0,16,25027,31727,1,FEASIBLE,WORSE
117,2,0,17,26202,33102,0,CAPACITY_EXCEEDED,INVALID
118,2,0,18,26158,33058,0,CAPACITY_EXCEEDED,INVALID
119,2,0,19,25225,31925,1,FEASIBLE,WORSE
120,2,0,20,25230,31930,1,FEASIBLE,WORSE
121,2,0,21,24714,31414,1,FEASIBLE,WORSE
122,2,0,22,26196,33096,0,CAPACITY_EXCEEDED,INVALID
123,2,0,23,24874,31574,1,FEASIBLE,WORSE
124,2,0,24,25039,31739,1,FEASIBLE,WORSE
125,2,0,25,24833,31533,1,FEASIBLE,WORSE
126,2,0,26,25226,31926,1,FEASIBLE,WORSE
127,2,0,27,25034,31734,1,FEASIBLE,WORSE
128,2,0,28,24818,31518,1,FEASIBLE,WORSE
129,2,0,29,24760,31460,1,FEASIBLE,WORSE
130,2,0,30,25022,31722,1,FEASIBLE,WORSE
131,2,0,31,25025,31725,1,FEASIBLE,WORSE
132,2,0,32,25037,31737,1,FEASIBLE,WORSE
133,2,0,33,24796,31496,1,FEASIBLE,WORSE
134,2,0,34,24966,31666,1,FEASIBLE,WORSE
135,2,0,35,25234,31934,1,FEASIBLE,WORSE
136,2,0,36,26094,32994,0,CAPACITY_EXCEEDED,INVALID
137,2,0,37,24699,31399,1,FEASIBLE,WORSE
138,2,0,38,24613,31313,1,FEASIBLE,WORSE
139,2,0,39,25070,31770,1,FEASIBLE,WORSE
140,2,0,40,26249,33149,0,CAPACITY_EXCEEDED,INVALID
141,2,0,41,26116,33016,0,CAPACITY_EXCEEDED,INVALID
142,2,0,42,25135,31835,1,FEASIBLE,WORSE
143,2,0,43,24923,31623,1,FEASIBLE,WORSE
144,2,0,44,25978,32878,0,CAPACITY_EXCEEDED,INVALID
145,2,0,45,25968,32868,0,CAPACITY_EXCEEDED,INVALID
146,2,0,46,26193,33093,0,CAPACITY_EXCEEDED,INVALID
147,2,0,47,24833,31533,1,FEASIBLE,WORSE
148,2,0,48,26087,32987,0,CAPACITY_EXCEEDED,INVALID
149,2,0,49,24585,31285,1,FEASIBLE,WORSE
150,2,0,50,24952,31652,1,FEASIBLE,WORSE
151,2,0,51,24668,31368,1,FEASIBLE,WORSE
152,2,0,52,26139,33039,0,CAPACITY_EXCEEDED,INVALID
153,2,0,53,26103,33003,0,CAPACITY_EXCEEDED,INVALID
154,2,0,54,24750,31450,1,FEASIBLE,WORSE
155,2,0,55,25846,32746,0,CAPACITY_EXCEEDED,INVALID
156,2,0,56,25221,31921,1,FEASIBLE,WORSE
157,2,0,57,25013,31713,1,FEASIBLE,WORSE
158,2,0,58,26054,32954,0,CAPACITY_EXCEEDED,INVALID
159,2,0,59,24841,31541,1,FEASIBLE,WORSE
160,2,0,60,25082,31782,1,FEASIBLE,WORSE
161,2,0,61,24707,31407,1,FEASIBLE,WORSE
162,2,0,62,24552,31252,1,FEASIBLE,WORSE
163,2,0,63,24581,31281,1,FEASIBLE,WORSE
164,2,0,64,24881,31581,1,FEASIBLE,WORSE
165,2,0,65,24817,31517,1,FEASIBLE,WORSE
166,2,0,66,24747,31447,1,FEASIBLE,WORSE
167,2,0,67,26035,32935,0,CAPACITY_EXCEEDED,INVALID
168,2,0,68,24735,31435,1,FEASIBLE,WORSE
169,2,0,69,24862,31562,1,FEASIBLE,WORSE
170,2,0,70,24766,31466,1,FEASIBLE,WORSE
171,2,0,71,25226,31926,1,FEASIBLE,WORSE
172,2,0,72,25212,31912,1,FEASIBLE,WORSE
173,2,0,73,24552,31252,1,FEASIBLE,WORSE
174,2,0,74,26240,33140,0,CAPACITY_EXCEEDED,INVALID
175,2,0,75,24662,31362,1,FEASIBLE,WORSE
176,2,0,76,24862,31562,1,FEASIBLE,WORSE
177,2,0,77,25085,31785,1,FEASIBLE,WORSE
178,2,0,78,24753,31453,1,FEASIBLE,WORSE
179,2,0,79,26239,33139,0,CAPACITY_EXCEEDED,INVALID
180,2,0,80,26027,32927,0,CAPACITY_EXCEEDED,INVALID
181,2,0,81,24716,31416,1,FEASIBLE,WORSE
182,2,0,82,26117,33017,0,CAPACITY_EXCEEDED,INVALID
183,2,0,83,25023,31723,1,FEASIBLE,WORSE
184,2,0,84,24742,31442,1,FEASIBLE,WORSE
185,2,0,85,24303,31003,1,FEASIBLE,WORSE
186,2,0,86,24678,31378,1,FEASIBLE,WORSE
187,2,0,87,24796,31496,1,FEASIBLE,WORSE
188,2,0,88,24986,31686,1,FEASIBLE,WORSE
189,2,0,89,24708,31408,1,FEASIBLE,WORSE
190,2,0,90,26214,33114,0,CAPACITY_EXCEEDED,INVALID
191,2,0,91,25250,31950,1,FEASIBLE,WORSE
192,2,0,92,26040,32940,0,CAPACITY_EXCEEDED,INVALID
193,2,0,93,26077,32977,0,CAPACITY_EXCEEDED,INVALID
194,2,0,94,26143,33043,0,CAPACITY_EXCEEDED,INVALID
195,2,0,95,25997,32897,0,CAPACITY_EXCEEDED,INVALID
196,2,0,96,26066,32966,0,CAPACITY_EXCEEDED,INVALID
197,2,0,97,24737,31437,1,FEASIBLE,WORSE
198,2,0,98,24694,31394,1,FEASIBLE,WORSE
199,2,0,99,24829,31529,1,FEASIBLE,WORSE
200,2,1,2,27003,34103,0,CAPACITY_EXCEEDED,INVALID
201,2,1,3,25983,32883,0,CAPACITY_EXCEEDED,INVALID
202,2,1,4,25743,32643,0,CAPACITY_EXCEEDED,INVALID
203,2,1,5,25789,32689,0,CAPACITY_EXCEEDED,INVALID
204,2,1,6,25587,32487,0,CAPACITY_EXCEEDED,INVALID
205,2,1,7,27028,34128,0,CAPACITY_EXCEEDED,INVALID
206,2,1,8,26145,33045,0,CAPACITY_EXCEEDED,INVALID
207,2,1,9,26210,33110,0,CAPACITY_EXCEEDED,INVALID
208,2,1,10,27075,34175,0,CAPACITY_EXCEEDED,INVALID
209,2,1,11,25806,32706,0,CAPACITY_EXCEEDED,INVALID
210,2,1,12,27002,34102,0,CAPACITY_EXCEEDED,INVALID
211,2,1,13,26236,33136,0,CAPACITY_EXCEEDED,INVALID
212,2,1,14,25793,32693,0,CAPACITY_EXCEEDED,INVALID
213,2,1,15,26961,34061,0,CAPACITY_EXCEEDED,INVALID
214,2,1,16,26010,32910,0,CAPACITY_EXCEEDED,INVALID
215,2,1,17,27185,34285,0,CAPACITY_EXCEEDED,INVALID
216,2,1,18,27141,34241,0,CAPACITY_EXCEEDED,INVALID
217,2,1,19,26208,33108,0,CAPACITY_EXCEEDED,INVALID
218,2,1,20,26213,33113,0,CAPACITY_EXCEEDED,INVALID
219,2,1,21,25697,32597,0,CAPACITY_EXCEEDED,INVALID
220,2,1,22,27179,34279,0,CAPACITY_EXCEEDED,INVALID
221,2,1,23,25857,32757,0,CAPACITY_EXCEEDED,INVALID
222,2,1,24,26022,32922,0,CAPACITY_EXCEEDED,INVALID
223,2,1,25,25816,32716,0,CAPACITY_EXCEEDED,INVALID
224,2,1,26,26209,33109,0,CAPACITY_EXCEEDED,INVALID
225,2,1,27,26017,32917,0,CAPACITY_EXCEEDED,INVALID
226,2,1,28,25801,32701,0,CAPACITY_EXCEEDED,INVALID
227,2,1,29,25743,32643,0,CAPACITY_EXCEEDED,INVALID
228,2,1,30,26005,32905,0,CAPACITY_EXCEEDED,INVALID
229,2,1,31,26008,32908,0,CAPACITY_EXCEEDED,INVALID
230,2,1,32,26020,32920,0,CAPACITY_EXCEEDED,INVALID
231,2,1,33,25779,32679,0,CAPACITY_EXCEEDED,INVALID
232,2,1,34,25949,32849,0,CAPACITY_EXCEEDED,INVALID
233,2,1,35,26217,33117,0,CAPACITY_EXCEEDED,INVALID
234,2,1,36,27077,34177,0,CAPACITY_EXCEEDED,INVALID
235,2,1,37,25682,32582,0,CAPACITY_EXCEEDED,INVALID
236,2,1,38,25596,32496,0,CAPACITY_EXCEEDED,INVALID
237,2,1,39,26053,32953,0,CAPACITY_EXCEEDED,INVALID
238,2,1,40,27232,34332,0,CAPACITY_EXCEEDED,INVALID
239,2,1,41,27099,34199,0,CAPACITY_EXCEEDED,INVALID
240,2,1,42,26118,33018,0,CAPACITY_EXCEEDED,INVALID
241,2,1,43,25906,32806,0,CAPACITY_EXCEEDED,INVALID
242,2,1,44,26961,34061,0,CAPACITY_EXCEEDED,INVALID
243,2,1,45,26951,34051,0,CAPACITY_EXCEEDED,INVALID
244,2,1,46,27176,34276,0,CAPACITY_EXCEEDED,INVALID
245,2,1,47,25816,32716,0,CAPACITY_EXCEEDED,INVALID
246,2,1,48,27070,34170,0,CAPACITY_EXCEEDED,INVALID
247,2,1,49,25568,32468,0,CAPACITY_EXCEEDED,INVALID
248,2,1,50,25935,32835,0,CAPACITY_EXCEEDED,INVALID
249,2,1,51,25651,32551,0,CAPACITY_EXCEEDED,INVALID
250,2,1,52,27122,34222,0,CAPACITY_EXCEEDED,INVALID
251,2,1,53,27086,34186,0,CAPACITY_EXCEEDED,INVALID
252,2,1,54,25733,32633,0,CAPACITY_EXCEEDED,INVALID
253,2,1,55,26829,33929,0,CAPACITY_EXCEEDED,INVALID
254,2,1,56,26204,33104,0,CAPACITY_EXCEEDED,INVALID
255,2,1,57,25996,32896,0,CAPACITY_EXCEEDED,INVALID
256,2,1,58,27037,34137,0,CAPACITY_EXCEEDED,INVALID
257,2,1,59,25824,32724,0,CAPACITY_EXCEEDED,INVALID
258,2,1,60,26065,32965,0,CAPACITY_EXCEEDED,INVALID
259,2,1,61,25690,32590,0,CAPACITY_EXCEEDED,INVALID
260,2,1,62,25535,32435,0,CAPACITY_EXCEEDED,INVALID
261,2,1,63,25564,32464,0,CAPACITY_EXCEEDED,INVALID
262,2,1,64,25864,32764,0,CAPACITY_EXCEEDED,INVALID
263,2,1,65,25800,32700,0,CAPACITY_EXCEEDED,INVALID
264,2,1,66,25730,32630,0,CAPACITY_EXCEEDED,INVALID
265,2,1,67,27018,34118,0,CAPACITY_EXCEEDED,INVALID
266,2,1,68,25718,32618,0,CAPACITY_EXCEEDED,INVALID
267,2,1,69,25845,32745,0,CAPACITY_EXCEEDED,INVALID
268,2,1,70,25749,32649,0,CAPACITY_EXCEEDED,INVALID
269,2,1,71,26209,33109,0,CAPACITY_EXCEEDED,INVALID
270,2,1,72,26195,33095,0,CAPACITY_EXCEEDED,INVALID
271,2,1,73,25535,32435,0,CAPACITY_EXCEEDED,INVALID
272,2,1,74,27223,34323,0,CAPACITY_EXCEEDED,INVALID
273,2,1,75,25645,32545,0,CAPACITY_EXCEEDED,INVALID
274,2,1,76,25845,32745,0,CAPACITY_EXCEEDED,INVALID
275,2,1,77,26068,32968,0,CAPACITY_EXCEEDED,INVALID
276,2,1,78,25736,32636,0,CAPACITY_EXCEEDED,INVALID
277,2,1,79,27222,34322,0,CAPACITY_EXCEEDED,INVALID
278,2,1,80,27010,34110,0,CAPACITY_EXCEEDED,INVALID
279,2,1,81,25699,32599,0,CAPACITY_EXCEEDED,INVALID
280,2,1,82,27100,34200,0,CAPACITY_EXCEEDED,INVALID
281,2,1,83,26006,32906,0,CAPACITY_EXCEEDED,INVALID
282,2,1,84,25725,32625,0,CAPACITY_EXCEEDED,INVALID
283,2,1,85,25286,32186,1,FEASIBLE,WORSE
284,2,1,86,25661,32561,0,CAPACITY_EXCEEDED,INVALID
285,2,1,87,25779,32679,0,CAPACITY_EXCEEDED,INVALID
286,2,1,88,25969,32869,0,CAPACITY_EXCEEDED,INVALID
287,2,1,89,25691,32591,0,CAPACITY_EXCEEDED,INVALID
288,2,1,90,27197,34297,0,CAPACITY_EXCEEDED,INVALID
289,2,1,91,26233,33133,0,CAPACITY_EXCEEDED,INVALID
290,2,1,92,27023,34123,0,CAPACITY_EXCEEDED,INVALID
291,2,1,93,27060,34160,0,CAPACITY_EXCEEDED,INVALID
292,2,1,94,27126,34226,0,CAPACITY_EXCEEDED,INVALID
293,2,1,95,26980,34080,0,CAPACITY_EXCEEDED,INVALID
294,2,1,96,27049,34149,0,CAPACITY_EXCEEDED,INVALID
295,2,1,97,25720,32620,0,CAPACITY_EXCEEDED,INVALID
296,2,1,98,25677,32577,0,CAPACITY_EXCEEDED,INVALID
297,2,1,99,25812,32712,0,CAPACITY_EXCEEDED,INVALID
298,2,2,3,25899,32799,0,CAPACITY_EXCEEDED,INVALID
299,2,2,4,25659,32559,0,CAPACITY_EXCEEDED,INVALID
300,2,2,5,25705,32605,0,CAPACITY_EXCEEDED,INVALID
301,2,2,6,25503,32403,0,CAPACITY_EXCEEDED,INVALID
302,2,2,7,26944,34044,0,CAPACITY_EXCEEDED,INVALID
303,2,2,8,26061,32961,0,CAPACITY_EXCEEDED,INVALID
304,2,2,9,26126,33026,0,CAPACITY_EXCEEDED,INVALID
305,2,2,10,26991,34091,0,CAPACITY_EXCEEDED,INVALID
306,2,2,11,25722,32622,0,CAPACITY_EXCEEDED,INVALID
307,2,2,12,26918,34018,0,CAPACITY_EXCEEDED,INVALID
308,2,2,13,26152,33052,0,CAPACITY_EXCEEDED,INVALID
309,2,2,14,25709,32609,0,CAPACITY_EXCEEDED,INVALID
310,2,2,15,26877,33977,0,CAPACITY_EXCEEDED,INVALID
311,2,2,16,25926,32826,0,CAPACITY_EXCEEDED,INVALID
312,2,2,17,27101,34201,0,CAPACITY_EXCEEDED,INVALID
313,2,2,18,27057,34157,0,CAPACITY_EXCEEDED,INVALID
314,2,2,19,26124,33024,0,CAPACITY_EXCEEDED,INVALID
315,2,2,20,26129,33029,0,CAPACITY_EXCEEDED,INVALID
316,2,2,21,25613,32513,0,CAPACITY_EXCEEDED,INVALID
317,2,2,22,27095,34195,0,CAPACITY_EXCEEDED,INVALID
318,2,2,23,25773,32673,0,CAPACITY_EXCEEDED,INVALID
319,2,2,24,25938,32838,0,CAPACITY_EXCEEDED,INVALID
320,2,2,25,25732,32632,0,CAPACITY_EXCEEDED,INVALID
321,2,2,26,26125,33025,0,CAPACITY_EXCEEDED,INVALID
322,2,2,27,25933,32833,0,CAPACITY_EXCEEDED,INVALID
323,2,2,28,25717,32617,0,CAPACITY_EXCEEDED,INVALID
324,2,2,29,25659,32559,0,CAPACITY_EXCEEDED,INVALID
325,2,2,30,25921,32821,0,CAPACITY_EXCEEDED,INVALID
326,2,2,31,25924,32824,0,CAPACITY_EXCEEDED,INVALID
327,2,2,32,25936,32836,0,CAPACITY_EXCEEDED,INVALID
328,2,2,33,25695,32595,0,CAPACITY_EXCEEDED,INVALID
329,2,2,34,25865,32765,0,CAPACITY_EXCEEDED,INVALID
330,2,2,35,26133,33033,0,CAPACITY_EXCEEDED,INVALID
331,2,2,36,26993,34093,0,CAPACITY_EXCEEDED,INVALID
332,2,2,37,25598,32498,0,CAPACITY_EXCEEDED,INVALID
333,2,2,38,25512,32412,0,CAPACITY_EXCEEDED,INVALID
334,2,2,39,25969,32869,0,CAPACITY_EXCEEDED,INVALID
335,2,2,40,27148,34248,0,CAPACITY_EXCEEDED,INVALID
336,2,2,41,27015,34115,0,CAPACITY_EXCEEDED,INVALID
337,2,2,42,26034,32934,0,CAPACITY_EXCEEDED,INVALID
338,2,2,43,25822,32722,0,CAPACITY_EXCEEDED,INVALID
339,2,2,44,26877,33977,0,CAPACITY_EXCEEDED,INVALID
340,2,2,45,26867,33967,0,CAPACITY_EXCEEDED,INVALID
341,2,2,46,27092,34192,0,CAPACITY_EXCEEDED,INVALID
342,2,2,47,25732,32632,0,CAPACITY_EXCEEDED,INVALID
343,2,2,48,26986,34086,0,CAPACITY_EXCEEDED,INVALID
344,2,2,49,25484,32384,0,CAPACITY_EXCEEDED,INVALID
345,2,2,50,25851,32751,0,CAPACITY_EXCEEDED,INVALID
346,2,2,51,25567,32467,0,CAPACITY_EXCEEDED,INVALID
347,2,2,52,27038,34138,0,CAPACITY_EXCEEDED,INVALID
348,2,2,53,27002,34102,0,CAPACITY_EXCEEDED,INVALID
349,2,2,54,25649,32549,0,CAPACITY_EXCEEDED,INVALID
350,2,2,55,26745,33845,0,CAPACITY_EXCEEDED,INVALID
351,2,2,56,26120,33020,0,CAPACITY_EXCEEDED,INVALID
352,2,2,57,25912,32812,0,CAPACITY_EXCEEDED,INVALID
353,2,2,58,26953,34053,0,CAPACITY_EXCEEDED,INVALID
354,2,2,59,25740,32640,0,CAPACITY_EXCEEDED,INVALID
355,2,2,60,25981,32881,0,CAPACITY_EXCEEDED,INVALID
356,2,2,61,25606,32506,0,CAPACITY_EXCEEDED,INVALID
357,2,2,62,25451,32351,0,CAPACITY_EXCEEDED,INVALID
358,2,2,63,25480,32380,0,CAPACITY_EXCEEDED,INVALID
359,2,2,64,25780,32680,0,CAPACITY_EXCEEDED,INVALID
360,2,2,65,25716,32616,0,CAPACITY_EXCEEDED,INVALID
361,2,2,66,25646,32546,0,CAPACITY_EXCEEDED,INVALID
362,2,2,67,26934,34034,0,CAPACITY_EXCEEDED,INVALID
363,2,2,68,25634,32534,0,CAPACITY_EXCEEDED,INVALID
364,2,2,69,25761,32661,0,CAPACITY_EXCEEDED,INVALID
365,2,2,70,25665,32565,0,CAPACITY_EXCEEDED,INVALID
366,2,2,71,26125,33025,0,CAPACITY_EXCEEDED,INVALID
367,2,2,72,26111,33011,0,CAPACITY_EXCEEDED,INVALID
368,2,2,73,25451,32351,0,CAPACITY_EXCEEDED,INVALID
369,2,2,74,27139,34239,0,CAPACITY_EXCEEDED,INVALID
370,2,2,75,25561,32461,0,CAPACITY_EXCEEDED,INVALID
371,2,2,76,25761,32661,0,CAPACITY_EXCEEDED,INVALID
372,2,2,77,25984,32884,0,CAPACITY_EXCEEDED,INVALID
373,2,2,78,25652,32552,0,CAPACITY_EXCEEDED,INVALID
374,2,2,79,27138,34238,0,CAPACITY_EXCEEDED,INVALID
375,2,2,80,26926,34026,0,CAPACITY_EXCEEDED,INVALID
376,2,2,81,25615,32515,0,CAPACITY_EXCEEDED,INVALID
377,2,2,82,27016,34116,0,CAPACITY_EXCEEDED,INVALID
378,2,2,83,25922,32822,0,CAPACITY_EXCEEDED,INVALID
379,2,2,84,25641,32541,0,CAPACITY_EXCEEDED,INVALID
380,2,2,85,25202,32102,1,FEASIBLE,WORSE
381,2,2,86,25577,32477,0,CAPACITY_EXCEEDED,INVALID
382,2,2,87,25695,32595,0,CAPACITY_EXCEEDED,INVALID
383,2,2,88,25885,32785,0,CAPACITY_EXCEEDED,INVALID
384,2,2,89,25607,32507,0,CAPACITY_EXCEEDED,INVALID
385,2,2,90,27113,34213,0,CAPACITY_EXCEEDED,INVALID
386,2,2,91,26149,33049,0,CAPACITY_EXCEEDED,INVALID
387,2,2,92,26939,34039,0,CAPACITY_EXCEEDED,INVALID
388,2,2,93,26976,34076,0,CAPACITY_EXCEEDED,INVALID
389,2,2,94,27042,34142,0,CAPACITY_EXCEEDED,INVALID
390,2,2,95,26896,33996,0,CAPACITY_EXCEEDED,INVALID
391,2,2,96,26965,34065,0,CAPACITY_EXCEEDED,INVALID
392,2,2,97,25636,32536,0,CAPACITY_EXCEEDED,INVALID
393,2,2,98,25593,32493,0,CAPACITY_EXCEEDED,INVALID
394,2,2,99,25728,32628,0,CAPACITY_EXCEEDED,INVALID
395,2,3,4,24639,31339,1,FEASIBLE,WORSE
396,2,3,5,24685,31385,1,FEASIBLE,WORSE
397,2,3,6,24483,31183,1,FEASIBLE,WORSE
398,2,3,7,25924,32824,0,CAPACITY_EXCEEDED,INVALID
399,2,3,8,25041,31741,1,FEASIBLE,WORSE
400,2,3,9,25106,31806,1,FEASIBLE,WORSE
401,2,3,10,25971,32871,0,CAPACITY_EXCEEDED,INVALID
402,2,3,11,24702,31402,1,FEASIBLE,WORSE
403,2,3,12,25898,32798,0,CAPACITY_EXCEEDED,INVALID
404,2,3,13,25132,31832,1,FEASIBLE,WORSE
405,2,3,14,24689,31389,1,FEASIBLE,WORSE
406,2,3,15,25857,32757,0,CAPACITY_EXCEEDED,INVALID
407,2,3,16,24906,31606,1,FEASIBLE,WORSE
408,2,3,17,26081,32981,0,CAPACITY_EXCEEDED,INVALID
409,2,3,18,26037,32937,0,CAPACITY_EXCEEDED,INVALID
410,2,3,19,25104,31804,1,FEASIBLE,WORSE
411,2,3,20,25109,31809,1,FEASIBLE,WORSE
412,2,3,21,24593,31293,1,FEASIBLE,WORSE
413,2,3,22,26075,32975,0,CAPACITY_EXCEEDED,INVALID
414,2,3,23,24753,31453,1,FEASIBLE,WORSE
415,2,3,24,24918,31618,1,FEASIBLE,WORSE
416,2,3,25,24712,31412,1,FEASIBLE,WORSE
417,2,3,26,25105,31805,1,FEASIBLE,WORSE
418,2,3,27,24913,31613,1,FEASIBLE,WORSE
419,2,3,28,24697,31397,1,FEASIBLE,WORSE
420,2,3,29,24639,31339,1,FEASIBLE,WORSE
421,2,3,30,24901,31601,1,FEASIBLE,WORSE
422,2,3,31,24904,31604,1,FEASIBLE,WORSE
423,2,3,32,24916,31616,1,FEASIBLE,WORSE
424,2,3,33,24675,31375,1,FEASIBLE,WORSE
425,2,3,34,24845,31545,1,FEASIBLE,WORSE
426,2,3,35,25113,31813,1,FEASIBLE,WORSE
427,2,3,36,25973,32873,0,CAPACITY_EXCEEDED,INVALID
428,2,3,37,24578,31278,1,FEASIBLE,WORSE
429,2,3,38,24492,31192,1,FEASIBLE,WORSE
430,2,3,39,24949,31649,1,FEASIBLE,WORSE
431,2,3,40,26128,33028,0,CAPACITY_EXCEEDED,INVALID
432,2,3,41,25995,32895,0,CAPACITY_EXCEEDED,INVALID
433,2,3,42,25014,31714,1,FEASIBLE,WORSE
434,2,3,43,24802,31502,1,FEASIBLE,WORSE
435,2,3,44,25857,32757,0,CAPACITY_EXCEEDED,INVALID
436,2,3,45,25847,32747,0,CAPACITY_EXCEEDED,INVALID
437,2,3,46,26072,32972,0,CAPACITY_EXCEEDED,INVALID
438,2,3,47,24712,31412,1,FEASIBLE,WORSE
439,2,3,48,25966,32866,0,CAPACITY_EXCEEDED,INVALID
440,2,3,49,24464,31164,1,FEASIBLE,WORSE
441,2,3,50,24831,31531,1,FEASIBLE,WORSE
442,2,3,51,24547,31247,1,FEASIBLE,WORSE
443,2,3,52,26018,32918,0,CAPACITY_EXCEEDED,INVALID
444,2,3,53,25982,32882,0,CAPACITY_EXCEEDED,INVALID
445,2,3,54,24629,31329,1,FEASIBLE,WORSE
446,2,3,55,25725,32625,0,CAPACITY_EXCEEDED,INVALID
447,2,3,56,25100,31800,1,FEASIBLE,WORSE
448,2,3,57,24892,31592,1,FEASIBLE,WORSE
449,2,3,58,25933,32833,0,CAPACITY_EXCEEDED,INVALID
450,2,3,59,24720,31420,1,FEASIBLE,WORSE
451,2,3,60,24961,31661,1,FEASIBLE,WORSE
452,2,3,61,24586,31286,1,FEASIBLE,WORSE
453,2,3,62,24431,31131,1,FEASIBLE,WORSE
454,2,3,63,24460,31160,1,FEASIBLE,WORSE
455,2,3,64,24760,31460,1,FEASIBLE,WORSE
456,2,3,65,24696,31396,1,FEASIBLE,WORSE
457,2,3,66,24626,31326,1,FEASIBLE,WORSE
458,2,3,67,25914,32814,0,CAPACITY_EXCEEDED,INVALID
459,2,3,68,24614,31314,1,FEASIBLE,WORSE
460,2,3,69,24741,31441,1,FEASIBLE,WORSE
461,2,3,70,24645,31345,1,FEASIBLE,WORSE
462,2,3,71,25105,31805,1,FEASIBLE,WORSE
463,2,3,72,25091,31791,1,FEASIBLE,WORSE
464,2,3,73,24431,31131,1,FEASIBLE,WORSE
465,2,3,74,26119,33019,0,CAPACITY_EXCEEDED,INVALID
466,2,3,75,24541,31241,1,FEASIBLE,WORSE
467,2,3,76,24741,31441,1,FEASIBLE,WORSE
468,2,3,77,24964,31664,1,FEASIBLE,WORSE
469,2,3,78,24632,31332,1,FEASIBLE,WORSE
470,2,3,79,26118,33018,0,CAPACITY_EXCEEDED,INVALID
471,2,3,80,25906,32806,0,CAPACITY_EXCEEDED,INVALID
472,2,3,81,24595,31295,1,FEASIBLE,WORSE
473,2,3,82,25996,32896,0,CAPACITY_EXCEEDED,INVALID
474,2,3,83,24902,31602,1,FEASIBLE,WORSE
475,2,3,84,24621,31321,1,FEASIBLE,WORSE
476,2,3,85,24182,30882,1,FEASIBLE,WORSE
477,2,3,86,24557,31257,1,FEASIBLE,WORSE
478,2,3,87,24675,31375,1,FEASIBLE,WORSE
479,2,3,88,24865,31565,1,FEASIBLE,WORSE
480,2,3,89,24587,31287,1,FEASIBLE,WORSE
481,2,3,90,26093,32993,0,CAPACITY_EXCEEDED,INVALID
482,2,3,91,25129,31829,1,FEASIBLE,WORSE
483,2,3,92,25919,32819,0,CAPACITY_EXCEEDED,INVALID
484,2,3,93,25956,32856,0,CAPACITY_EXCEEDED,INVALID
485,2,3,94,26022,32922,0,CAPACITY_EXCEEDED,INVALID
486,2,3,95,25876,32776,0,CAPACITY_EXCEEDED,INVALID
487,2,3,96,25945,32845,0,CAPACITY_EXCEEDED,INVALID
488,2,3,97,24616,31316,1,FEASIBLE,WORSE
489,2,3,98,24573,31273,1,FEASIBLE,WORSE
490,2,3,99,24708,31408,1,FEASIBLE,WORSE
491,2,4,5,24445,31145,1,FEASIBLE,WORSE
492,2,4,6,24243,30943,1,FEASIBLE,WORSE
493,2,4,7,25684,32584,0,CAPACITY_EXCEEDED,INVALID
494,2,4,8,24801,31501,1,FEASIBLE,WORSE
495,2,4,9,24866,31566,1,FEASIBLE,WORSE
496,2,4,10,25731,32631,0,CAPACITY_EXCEEDED,INVALID
497,2,4,11,24462,31162,1,FEASIBLE,WORSE
498,2,4,12,25658,32558,0,CAPACITY_EXCEEDED,INVALID
499,2,4,13,24892,31592,1,FEASIBLE,WORSE
500,2,4,14,24449,31149,1,FEASIBLE,WORSE
501,2,4,15,25617,32517,0,CAPACITY_EXCEEDED,INVALID
502,2,4,16,24666,31366,1,FEASIBLE,WORSE
503,2,4,17,25841,32741,0,CAPACITY_EXCEEDED,INVALID
504,2,4,18,25797,32697,0,CAPACITY_EXCEEDED,INVALID
505,2,4,19,24864,31564,1,FEASIBLE,WORSE
506,2,4,20,24869,31569,1,FEASIBLE,WORSE
507,2,4,21,24353,31053,1,FEASIBLE,WORSE
508,2,4,22,25835,32735,0,CAPACITY_EXCEEDED,INVALID
509,2,4,23,24513,31213,1,FEASIBLE,WORSE
510,2,4,24,24678,31378,1,FEASIBLE,WORSE
511,2,4,25,24472,31172,1,FEASIBLE,WORSE
512,2,4,26,24865,31565,1,FEASIBLE,WORSE
513,2,4,27,24673,31373,1,FEASIBLE,WORSE
514,2,4,28,24457,31157,1,FEASIBLE,WORSE
515,2,4,29,24399,31099,1,FEASIBLE,WORSE
516,2,4,30,24661,31361,1,FEASIBLE,WORSE
517,2,4,31,24664,31364,1,FEASIBLE,WORSE
518,2,4,32,24676,31376,1,FEASIBLE,WORSE
519,2,4,33,24435,31135,1,FEASIBLE,WORSE
520,2,4,34,24605,31305,1,FEASIBLE,WORSE
521,2,4,35,24873,31573,1,FEASIBLE,WORSE
522,2,4,36,25733,32633,0,CAPACITY_EXCEEDED,INVALID
523,2,4,37,24338,31038,1,FEASIBLE,WORSE
524,2,4,38,24252,30952,1,FEASIBLE,WORSE
525,2,4,39,24709,31409,1,FEASIBLE,WORSE
526,2,4,40,25888,32788,0,CAPACITY_EXCEEDED,INVALID
527,2,4,41,25755,32655,0,CAPACITY_EXCEEDED,INVALID
528,2,4,42,24774,31474,1,FEASIBLE,WORSE
529,2,4,43,24562,31262,1,FEASIBLE,WORSE
530,2,4,44,25617,32517,0,CAPACITY_EXCEEDED,INVALID
531,2,4,45,25607,32507,0,CAPACITY_EXCEEDED,INVALID
532,2,4,46,25832,32732,0,CAPACITY_EXCEEDED,INVALID
533,2,4,47,24472,31172,1,FEASIBLE,WORSE
534,2,4,48,25726,32626,0,CAPACITY_EXCEEDED,INVALID
535,2,4,49,24224,30924,1,FEASIBLE,WORSE
536,2,4,50,24591,31291,1,FEASIBLE,WORSE
537,2,4,51,24307,31007,1,FEASIBLE,WORSE
538,2,4,52,25778,32678,0,CAPACITY_EXCEEDED,INVALID
539,2,4,53,25742,32642,0,CAPACITY_EXCEEDED,INVALID
540,2,4,54,24389,31089,1,FEASIBLE,WORSE
541,2,4,55,25485,32385,0,CAPACITY_EXCEEDED,INVALID
542,2,4,56,24860,31560,1,FEASIBLE,WORSE
543,2,4,57,24652,31352,1,FEASIBLE,WORSE
544,2,4,58,25693,32593,0,CAPACITY_EXCEEDED,INVALID
545,2,4,59,24480,31180,1,FEASIBLE,WORSE
546,2,4,60,24721,31421,1,FEASIBLE,WORSE
547,2,4,61,24346,31046,1,FEASIBLE,WORSE
548,2,4,62,24191,30891,1,FEASIBLE,WORSE
549,2,4,63,24220,30920,1,FEASIBLE,WORSE
550,2,4,64,24520,31220,1,FEASIBLE,WORSE
551,2,4,65,24456,31156,1,FEASIBLE,WORSE
552,2,4,66,24386,31086,1,FEASIBLE,WORSE
553,2,4,67,25674,32574,0,CAPACITY_EXCEEDED,INVALID
554,2,4,68,24374,31074,1,FEASIBLE,WORSE
555,2,4,69,24501,31201,1,FEASIBLE,WORSE
556,2,4,70,24405,31105,1,FEASIBLE,WORSE
557,2,4,71,24865,31565,1,FEASIBLE,WORSE
558,2,4,72,24851,31551,1,FEASIBLE,WORSE
559,2,4,73,24191,30891,1,FEASIBLE,WORSE
560,2,4,74,25879,32779,0,CAPACITY_EXCEEDED,INVALID
561,2,4,75,24301,31001,1,FEASIBLE,WORSE
562,2,4,76,24501,31201,1,FEASIBLE,WORSE
563,2,4,77,24724,31424,1,FEASIBLE,WORSE
564,2,4,78,24392,31092,1,FEASIBLE,WORSE
565,2,4,79,25878,32778,0,CAPACITY_EXCEEDED,INVALID
566,2,4,80,25666,32566,0,CAPACITY_EXCEEDED,INVALID
567,2,4,81,24355,31055,1,FEASIBLE,WORSE
568,2,4,82,25756,32656,0,CAPACITY_EXCEEDED,INVALID
569,2,4,83,24662,31362,1,FEASIBLE,WORSE
570,2,4,84,24381,31081,1,FEASIBLE,WORSE
571,2,4,85,23942,30642,1,FEASIBLE,WORSE
572,2,4,86,24317,31017,1,FEASIBLE,WORSE
573,2,4,87,24435,31135,1,FEASIBLE,WORSE
574,2,4,88,24625,31325,1,FEASIBLE,WORSE
575,2,4,89,24347,31047,1,FEASIBLE,WORSE
576,2,4,90,25853,32753,0,CAPACITY_EXCEEDED,INVALID
577,2,4,91,24889,31589,1,FEASIBLE,WORSE
578,2,4,92,25679,32579,0,CAPACITY_EXCEEDED,INVALID
579,2,4,93,25716,32616,0,CAPACITY_EXCEEDED,INVALID
580,2,4,94,25782,32682,0,CAPACITY_EXCEEDED,INVALID
581,2,4,95,25636,32536,0,CAPACITY_EXCEEDED,INVALID
582,2,4,96,25705,32605,0,CAPACITY_EXCEEDED,INVALID
583,2,4,97,24376,31076,1,FEASIBLE,WORSE
584,2,4,98,24333,31033,1,FEASIBLE,WORSE
585,2,4,99,24468,31168,1,FEASIBLE,WORSE
586,2,5,6,24289,30989,1,FEASIBLE,WORSE
587,2,5,7,25730,32630,0,CAPACITY_EXCEEDED,INVALID
588,2,5,8,24847,31547,1,FEASIBLE,WORSE
589,2,5,9,24912,31612,1,FEASIBLE,WORSE
590,2,5,10,25777,32677,0,CAPACITY_EXCEEDED,INVALID
591,2,5,11,24508,31208,1,FEASIBLE,WORSE
592,2,5,12,25704,32604,0,CAPACITY_EXCEEDED,INVALID
593,2,5,13,24938,31638,1,FEASIBLE,WORSE
594,2,5,14,24495,31195,1,FEASIBLE,WORSE
595,2,5,15,25663,32563,0,CAPACITY_EXCEEDED,INVALID
596,2,5,16,24712,31412,1,FEASIBLE,WORSE
597,2,5,17,25887,32787,0,CAPACITY_EXCEEDED,INVALID
598,2,5,18,25843,32743,0,CAPACITY_EXCEEDED,INVALID
599,2,5,19,24910,31610,1,FEASIBLE,WORSE
600,2,5,20,24915,31615,1,FEASIBLE,WORSE
601,2,5,21,24399,31099,1,FEASIBLE,WORSE
602,2,5,22,25881,32781,0,CAPACITY_EXCEEDED,INVALID
603,2,5,23,24559,31259,1,FEASIBLE,WORSE
604,2,5,24,24724,31424,1,FEASIBLE,WORSE
605,2,5,25,24518,31218,1,FEASIBLE,WORSE
606,2,5,26,24911,31611,1,FEASIBLE,WORSE
607,2,5,27,24719,31419,1,FEASIBLE,WORSE
608,2,5,28,24503,31203,1,FEASIBLE,WORSE
609,2,5,29,24445,31145,1,FEASIBLE,WORSE
610,2,5,30,24707,31407,1,FEASIBLE,WORSE
611,2,5,31,24710,31410,1,FEASIBLE,WORSE
612,2,5,32,24722,31422,1,FEASIBLE,WORSE
613,2,5,33,24481,31181,1,FEASIBLE,WORSE
614,2,5,34,24651,31351,1,FEASIBLE,WORSE
615,2,5,35,24919,31619,1,FEASIBLE,WORSE
616,2,5,36,25779,32679,0,CAPACITY_EXCEEDED,INVALID
617,2,5,37,24384,31084,1,FEASIBLE,WORSE
618,2,5,38,24298,30998,1,FEASIBLE,WORSE
619,2,5,39,24755,31455,1,FEASIBLE,WORSE
620,2,5,40,25934,32834,0,CAPACITY_EXCEEDED,INVALID
621,2,5,41,25801,32701,0,CAPACITY_EXCEEDED,INVALID
622,2,5,42,24820,31520,1,FEASIBLE,WORSE
623,2,5,43,24608,31308,1,FEASIBLE,WORSE
624,2,5,44,25663,32563,0,CAPACITY_EXCEEDED,INVALID
625,2,5,45,25653,32553,0,CAPACITY_EXCEEDED,INVALID
626,2,5,46,25878,32778,0,CAPACITY_EXCEEDED,INVALID
627,2,5,47,24518,31218,1,FEASIBLE,WORSE
628,2,5,48,25772,32672,0,CAPACITY_EXCEEDED,INVALID
629,2,5,49,24270,30970,1,FEASIBLE,WORSE
630,2,5,50,24637,31337,1,FEASIBLE,WORSE
631,2,5,51,24353,31053,1,FEASIBLE,WORSE
632,2,5,52,25824,32724,0,CAPACITY_EXCEEDED,INVALID
633,2,5,53,25788,32688,0,CAPACITY_EXCEEDED,INVALID
634,2,5,54,24435,31135,1,FEASIBLE,WORSE
635,2,5,55,25531,32431,0,CAPACITY_EXCEEDED,INVALID
636,2,5,56,24906,31606,1,FEASIBLE,WORSE
637,2,5,57,24698,31398,1,FEASIBLE,WORSE
638,2,5,58,25739,32639,0,CAPACITY_EXCEEDED,INVALID
639,2,5,59,24526,31226,1,FEASIBLE,WORSE
640,2,5,60,24767,31467,1,FEASIBLE,WORSE
641,2,5,61,24392,31092,1,FEASIBLE,WORSE
642,2,5,62,24237,30937,1,FEASIBLE,WORSE
643,2,5,63,24266,30966,1,FEASIBLE,WORSE
644,2,5,64,24566,31266,1,FEASIBLE,WORSE
645,2,5,65,24502,31202,1,FEASIBLE,WORSE
646,2,5,66,24432,31132,1,FEASIBLE,WORSE
647,2,5,67,25720,32620,0,CAPACITY_EXCEEDED,INVALID
648,2,5,68,24420,31120,1,FEASIBLE,WORSE
649,2,5,69,24547,31247,1,FEASIBLE,WORSE
650,2,5,70,24451,31151,1,FEASIBLE,WORSE
651,2,5,71,24911,31611,1,FEASIBLE,WORSE
652,2,5,72,24897,31597,1,FEASIBLE,WORSE
653,2,5,73,24237,30937,1,FEASIBLE,WORSE
654,2,5,74,25925,32825,0,CAPACITY_EXCEEDED,INVALID
655,2,5,75,24347,31047,1,FEASIBLE,WORSE
656,2,5,76,24547,31247,1,FEASIBLE,WORSE
657,2,5,77,24770,31470,1,FEASIBLE,WORSE
658,2,5,78,24438,31138,1,FEASIBLE,WORSE
659,2,5,79,25924,32824,0,CAPACITY_EXCEEDED,INVALID
660,2,5,80,25712,32612,0,CAPACITY_EXCEEDED,INVALID
661,2,5,81,24401,31101,1,FEASIBLE,WORSE
662,2,5,82,25802,32702,0,CAPACITY_EXCEEDED,INVALID
663,2,5,83,24708,31408,1,FEASIBLE,WORSE
664,2,5,84,24427,31127,1,FEASIBLE,WORSE
665,2,5,85,23988,30688,1,FEASIBLE,WORSE
666,2,5,86,24363,31063,1,FEASIBLE,WORSE
667,2,5,87,24481,31181,1,FEASIBLE,WORSE
668,2,5,88,24671,31371,1,FEASIBLE,WORSE
669,2,5,89,24393,31093,1,FEASIBLE,WORSE
670,2,5,90,25899,32799,0,CAPACITY_EXCEEDED,INVALID
671,2,5,91,24935,31635,1,FEASIBLE,WORSE
672,2,5,92,25725,32625,0,CAPACITY_EXCEEDED,INVALID
673,2,5,93,25762,32662,0,CAPACITY_EXCEEDED,INVALID
674,2,5,94,25828,32728,0,CAPACITY_EXCEEDED,INVALID
675,2,5,95,25682,32582,0,CAPACITY_EXCEEDED,INVALID
676,2,5,96,25751,32651,0,CAPACITY_EXCEEDED,INVALID
677,2,5,97,24422,31122,1,FEASIBLE,WORSE
678,2,5,98,24379,31079,1,FEASIBLE,WORSE
679,2,5,99,24514,31214,1,FEASIBLE,WORSE
680,2,6,7,25528,32428,0,CAPACITY_EXCEEDED,INVALID
681,2,6,8,24645,31345,1,FEASIBLE,WORSE
682,2,6,9,24710,31410,1,FEASIBLE,WORSE
683,2,6,10,25575,32475,0,CAPACITY_EXCEEDED,INVALID
684,2,6,11,24306,31006,1,FEASIBLE,WORSE
685,2,6,12,25502,32402,0,CAPACITY_EXCEEDED,INVALID
686,2,6,13,24736,31436,1,FEASIBLE,WORSE
687,2,6,14,24293,30993,1,FEASIBLE,WORSE
688,2,6,15,25461,32361,0,CAPACITY_EXCEEDED,INVALID
689,2,6,16,24510,31210,1,FEASIBLE,WORSE
690,2,6,17,25685,32585,0,CAPACITY_EXCEEDED,INVALID
691,2,6,18,25641,32541,0,CAPACITY_EXCEEDED,INVALID
692,2,6,19,24708,31408,1,FEASIBLE,WORSE
693,2,6,20,24713,31413,1,FEASIBLE,WORSE
694,2,6,21,24197,30897,1,FEASIBLE,WORSE
695,2,6,22,25679,32579,0,CAPACITY_EXCEEDED,INVALID
696,2,6,23,24357,31057,1,FEASIBLE,WORSE
697,2,6,24,24522,31222,1,FEASIBLE,WORSE
698,2,6,25,24316,31016,1,FEASIBLE,WORSE
699,2,6,26,24709,31409,1,FEASIBLE,WORSE
700,2,6,27,24517,31217,1,FEASIBLE,WORSE
701,2,6,28,24301,31001,1,FEASIBLE,WORSE
702,2,6,29,24243,30943,1,FEASIBLE,WORSE
703,2,6,30,24505,31205,1,FEASIBLE,WORSE
704,2,6,31,24508,31208,1,FEASIBLE,WORSE
705,2,6,32,24520,31220,1,FEASIBLE,WORSE
706,2,6,33,24279,30979,1,FEASIBLE,WORSE
707,2,6,34,24449,31149,1,FEASIBLE,WORSE
708,2,6,35,24717,31417,1,FEASIBLE,WORSE
709,2,6,36,25577,32477,0,CAPACITY_EXCEEDED,INVALID
710,2,6,37,24182,30882,1,FEASIBLE,WORSE
711,2,6,38,24096,30796,1,FEASIBLE,WORSE
712,2,6,39,24553,31253,1,FEASIBLE,WORSE
713,2,6,40,25732,32632,0,CAPACITY_EXCEEDED,INVALID
714,2,6,41,25599,32499,0,CAPACITY_EXCEEDED,INVALID
715,2,6,42,24618,31318,1,FEASIBLE,WORSE
716,2,6,43,24406,31106,1,FEASIBLE,WORSE
717,2,6,44,25461,32361,0,CAPACITY_EXCEEDED,INVALID
718,2,6,45,25451,32351,0,CAPACITY_EXCEEDED,INVALID
719,2,6,46,25676,32576,0,CAPACITY_EXCEEDED,INVALID
720,2,6,47,24316,31016,1,FEASIBLE,WORSE
721,2,6,48,25570,32470,0,CAPACITY_EXCEEDED,INVALID
722,2,6,49,24068,30768,1,FEASIBLE,WORSE
723,2,6,50,24435,31135,1,FEASIBLE,WORSE
724,2,6,51,24151,30851,1,FEASIBLE,WORSE
725,2,6,52,25622,32522,0,CAPACITY_EXCEEDED,INVALID
726,2,6,53,25586,32486,0,CAPACITY_EXCEEDED,INVALID
727,2,6,54,24233,30933,1,FEASIBLE,WORSE
728,2,6,55,25329,32229,1,FEASIBLE,WORSE
729,2,6,56,24704,31404,1,FEASIBLE,WORSE
730,2,6,57,24496,31196,1,FEASIBLE,WORSE
731,2,6,58,25537,32437,0,CAPACITY_EXCEEDED,INVALID
732,2,6,59,24324,31024,1,FEASIBLE,WORSE
733,2,6,60,24565,31265,1,FEASIBLE,WORSE
734,2,6,61,24190,30890,1,FEASIBLE,WORSE
735,2,6,62,24035,30735,1,FEASIBLE,WORSE
736,2,6,63,24064,30764,1,FEASIBLE,WORSE
737,2,6,64,24364,31064,1,FEASIBLE,WORSE
738,2,6,65,24300,31000,1,FEASIBLE,WORSE
739,2,6,66,24230,30930,1,FEASIBLE,WORSE
740,2,6,67,25518,32418,0,CAPACITY_EXCEEDED,INVALID
741,2,6,68,24218,30918,1,FEASIBLE,WORSE
742,2,6,69,24345,31045,1,FEASIBLE,WORSE
743,2,6,70,24249,30949,1,FEASIBLE,WORSE
744,2,6,71,24709,31409,1,FEASIBLE,WORSE
745,2,6,72,24695,31395,1,FEASIBLE,WORSE
746,2,6,73,24035,30735,1,FEASIBLE,WORSE
747,2,6,74,25723,32623,0,CAPACITY_EXCEEDED,INVALID
748,2,6,75,24145,30845,1,FEASIBLE,WORSE
749,2,6,76,24345,31045,1,FEASIBLE,WORSE
750,2,6,77,24568,31268,1,FEASIBLE,WORSE
751,2,6,78,24236,30936,1,FEASIBLE,WORSE
752,2,6,79,25722,32622,0,CAPACITY_EXCEEDED,INVALID
753,2,6,80,25510,32410,0,CAPACITY_EXCEEDED,INVALID
754,2,6,81,24199,30899,1,FEASIBLE,WORSE
755,2,6,82,25600,32500,0,CAPACITY_EXCEEDED,INVALID
756,2,6,83,24506,31206,1,FEASIBLE,WORSE
757,2,6,84,24225,30925,1,FEASIBLE,WORSE
758,2,6,85,23786,30486,1,FEASIBLE,WORSE
759,2,6,86,24161,30861,1,FEASIBLE,WORSE
760,2,6,87,24279,30979,1,FEASIBLE,WORSE
761,2,6,88,24469,31169,1,FEASIBLE,WORSE
762,2,6,89,24191,30891,1,FEASIBLE,WORSE
763,2,6,90,25697,32597,0,CAPACITY_EXCEEDED,INVALID
764,2,6,91,24733,31433,1,FEASIBLE,WORSE
765,2,6,92,25523,32423,0,CAPACITY_EXCEEDED,INVALID
766,2,6,93,25560,32460,0,CAPACITY_EXCEEDED,INVALID
767,2,6,94,25626,32526,0,CAPACITY_EXCEEDED,INVALID
768,2,6,95,25480,32380,0,CAPACITY_EXCEEDED,INVALID
769,2,6,96,25549,32449,0,CAPACITY_EXCEEDED,INVALID
770,2,6,97,24220,30920,1,FEASIBLE,WORSE
771,2,6,98,24177,30877,1,FEASIBLE,WORSE
772,2,6,99,24312,31012,1,FEASIBLE,WORSE
773,2,7,8,26086,32986,0,CAPACITY_EXCEEDED,INVALID
774,2,7,9,26151,33051,0,CAPACITY_EXCEEDED,INVALID
775,2,7,10,27016,34116,0,CAPACITY_EXCEEDED,INVALID
776,2,7,11,25747,32647,0,CAPACITY_EXCEEDED,INVALID
777,2,7,12,26943,34043,0,CAPACITY_EXCEEDED,INVALID
778,2,7,13,26177,33077,0,CAPACITY_EXCEEDED,INVALID
779,2,7,14,25734,32634,0,CAPACITY_EXCEEDED,INVALID
780,2,7,15,26902,34002,0,CAPACITY_EXCEEDED,INVALID
781,2,7,16,25951,32851,0,CAPACITY_EXCEEDED,INVALID
782,2,7,17,27126,34226,0,CAPACITY_EXCEEDED,INVALID
783,2,7,18,27082,34182,0,CAPACITY_EXCEEDED,INVALID
784,2,7,19,26149,33049,0,CAPACITY_EXCEEDED,INVALID
785,2,7,20,26154,33054,0,CAPACITY_EXCEEDED,INVALID
786,2,7,21,25638,32538,0,CAPACITY_EXCEEDED,INVALID
787,2,7,22,27120,34220,0,CAPACITY_EXCEEDED,INVALID
788,2,7,23,25798,32698,0,CAPACITY_EXCEEDED,INVALID
789,2,7,24,25963,32863,0,CAPACITY_EXCEEDED,INVALID
790,2,7,25,25757,32657,0,CAPACITY_EXCEEDED,INVALID
791,2,7,26,26150,33050,0,CAPACITY_EXCEEDED,INVALID
792,2,7,27,25958,32858,0,CAPACITY_EXCEEDED,INVALID
793,2,7,28,25742,32642,0,CAPACITY_EXCEEDED,INVALID
794,2,7,29,25684,32584,0,CAPACITY_EXCEEDED,INVALID
795,2,7,30,25946,32846,0,CAPACITY_EXCEEDED,INVALID
796,2,7,31,25949,32849,0,CAPACITY_EXCEEDED,INVALID
797,2,7,32,25961,32861,0,CAPACITY_EXCEEDED,INVALID
798,2,7,33,25720,32620,0,CAPACITY_EXCEEDED,INVALID
799,2,7,34,25890,32790,0,CAPACITY_EXCEEDED,INVALID
800,2,7,35,26158,33058,0,CAPACITY_EXCEEDED,INVALID
801,2,7,36,27018,34118,0,CAPACITY_EXCEEDED,INVALID
802,2,7,37,25623,32523,0,CAPACITY_EXCEEDED,INVALID
803,2,7,38,25537,32437,0,CAPACITY_EXCEEDED,INVALID
804,2,7,39,25994,32894,0,CAPACITY_EXCEEDED,INVALID
805,2,7,40,27173,34273,0,CAPACITY_EXCEEDED,INVALID
806,2,7,41,27040,34140,0,CAPACITY_EXCEEDED,INVALID
807,2,7,42,26059,32959,0,CAPACITY_EXCEEDED,INVALID
808,2,7,43,25847,32747,0,CAPACITY_EXCEEDED,INVALID
809,2,7,44,26902,34002,0,CAPACITY_EXCEEDED,INVALID
810,2,7,45,26892,33992,0,CAPACITY_EXCEEDED,INVALID
811,2,7,46,27117,34217,0,CAPACITY_EXCEEDED,INVALID
812,2,7,47,25757,32657,0,CAPACITY_EXCEEDED,INVALID
813,2,7,48,27011,34111,0,CAPACITY_EXCEEDED,INVALID
814,2,7,49,25509,32409,0,CAPACITY_EXCEEDED,INVALID
815,2,7,50,25876,32776,0,CAPACITY_EXCEEDED,INVALID
816,2,7,51,25592,32492,0,CAPACITY_EXCEEDED,INVALID
817,2,7,52,27063,34163,0,CAPACITY_EXCEEDED,INVALID
818,2,7,53,27027,34127,0,CAPACITY_EXCEEDED,INVALID
819,2,7,54,25674,32574,0,CAPACITY_EXCEEDED,INVALID
820,2,7,55,26770,33870,0,CAPACITY_EXCEEDED,INVALID
821,2,7,56,26145,33045,0,CAPACITY_EXCEEDED,INVALID
822,2,7,57,25937,32837,0,CAPACITY_EXCEEDED,INVALID
823,2,7,58,26978,34078,0,CAPACITY_EXCEEDED,INVALID
824,2,7,59,25765,32665,0,CAPACITY_EXCEEDED,INVALID
825,2,7,60,26006,32906,0,CAPACITY_EXCEEDED,INVALID
826,2,7,61,25631,32531,0,CAPACITY_EXCEEDED,INVALID
827,2,7,62,25476,32376,0,CAPACITY_EXCEEDED,INVALID
828,2,7,63,25505,32405,0,CAPACITY_EXCEEDED,INVALID
829,2,7,64,25805,32705,0,CAPACITY_EXCEEDED,INVALID
830,2,7,65,25741,32641,0,CAPACITY_EXCEEDED,INVALID
831,2,7,66,25671,32571,0,CAPACITY_EXCEEDED,INVALID
832,2,7,67,26959,34059,0,CAPACITY_EXCEEDED,INVALID
833,2,7,68,25659,32559,0,CAPACITY_EXCEEDED,INVALID
834,2,7,69,25786,32686,0,CAPACITY_EXCEEDED,INVALID
835,2,7,70,25690,32590,0,CAPACITY_EXCEEDED,INVALID
836,2,7,71,26150,33050,0,CAPACITY_EXCEEDED,INVALID
837,2,7,72,26136,33036,0,CAPACITY_EXCEEDED,INVALID
838,2,7,73,25476,32376,0,CAPACITY_EXCEEDED,INVALID
839,2,7,74,27164,34264,0,CAPACITY_EXCEEDED,INVALID
840,2,7,75,25586,32486,0,CAPACITY_EXCEEDED,INVALID
841,2,7,76,25786,32686,0,CAPACITY_EXCEEDED,INVALID
842,2,7,77,26009,32909,0,CAPACITY_EXCEEDED,INVALID
843,2,7,78,25677,32577,0,CAPACITY_EXCEEDED,INVALID
844,2,7,79,27163,34263,0,CAPACITY_EXCEEDED,INVALID
845,2,7,80,26951,34051,0,CAPACITY_EXCEEDED,INVALID
846,2,7,81,25640,32540,0,CAPACITY_EXCEEDED,INVALID
847,2,7,82,27041,34141,0,CAPACITY_EXCEEDED,INVALID
848,2,7,83,25947,32847,0,CAPACITY_EXCEEDED,INVALID
849,2,7,84,25666,32566,0,CAPACITY_EXCEEDED,INVALID
850,2,7,85,25227,32127,1,FEASIBLE,WORSE
851,2,7,86,25602,32502,0,CAPACITY_EXCEEDED,INVALID
852,2,7,87,25720,32620,0,CAPACITY_EXCEEDED,INVALID
853,2,7,88,25910,32810,0,CAPACITY_EXCEEDED,INVALID
854,2,7,89,25632,32532,0,CAPACITY_EXCEEDED,INVALID
855,2,7,90,27138,34238,0,CAPACITY_EXCEEDED,INVALID
856,2,7,91,26174,33074,0,CAPACITY_EXCEEDED,INVALID
857,2,7,92,26964,34064,0,CAPACITY_EXCEEDED,INVALID
858,2,7,93,27001,34101,0,CAPACITY_EXCEEDED,INVALID
859,2,7,94,27067,34167,0,CAPACITY_EXCEEDED,INVALID
860,2,7,95,26921,34021,0,CAPACITY_EXCEEDED,INVALID
861,2,7,96,26990,34090,0,CAPACITY_EXCEEDED,INVALID
862,2,7,97,25661,32561,0,CAPACITY_EXCEEDED,INVALID
863,2,7,98,25618,32518,0,CAPACITY_EXCEEDED,INVALID
864,2,7,99,25753,32653,0,CAPACITY_EXCEEDED,INVALID
865,2,8,9,25268,31968,1,FEASIBLE,WORSE
866,2,8,10,26133,33033,0,CAPACITY_EXCEEDED,INVALID
867,2,8,11,24864,31564,1,FEASIBLE,WORSE
868,2,8,12,26060,32960,0,CAPACITY_EXCEEDED,INVALID
869,2,8,13,25294,31994,1,FEASIBLE,WORSE
870,2,8,14,24851,31551,1,FEASIBLE,WORSE
871,2,8,15,26019,32919,0,CAPACITY_EXCEEDED,INVALID
872,2,8,16,25068,31768,1,FEASIBLE,WORSE
873,2,8,17,26243,33143,0,CAPACITY_EXCEEDED,INVALID
874,2,8,18,26199,33099,0,CAPACITY_EXCEEDED,INVALID
875,2,8,19,25266,31966,1,FEASIBLE,WORSE
876,2,8,20,25271,31971,1,FEASIBLE,WORSE
877,2,8,21,24755,31455,1,FEASIBLE,WORSE
878,2,8,22,26237,33137,0,CAPACITY_EXCEEDED,INVALID
879,2,8,23,24915,31615,1,FEASIBLE,WORSE
880,2,8,24,25080,31780,1,FEASIBLE,WORSE
881,2,8,25,24874,31574,1,FEASIBLE,WORSE
882,2,8,26,25267,31967,1,FEASIBLE,WORSE
883,2,8,27,25075,31775,1,FEASIBLE,WORSE
884,2,8,28,24859,31559,1,FEASIBLE,WORSE
885,2,8,29,24801,31501,1,FEASIBLE,WORSE
886,2,8,30,25063,31763,1,FEASIBLE,WORSE
887,2,8,31,25066,31766,1,FEASIBLE,WORSE
888,2,8,32,25078,31778,1,FEASIBLE,WORSE
889,2,8,33,24837,31537,1,FEASIBLE,WORSE
890,2,8,34,25007,31707,1,FEASIBLE,WORSE
891,2,8,35,25275,31975,1,FEASIBLE,WORSE
892,2,8,36,26135,33035,0,CAPACITY_EXCEEDED,INVALID
893,2,8,37,24740,31440,1,FEASIBLE,WORSE
894,2,8,38,24654,31354,1,FEASIBLE,WORSE
895,2,8,39,25111,31811,1,FEASIBLE,WORSE
896,2,8,40,26290,33190,0,CAPACITY_EXCEEDED,INVALID
897,2,8,41,26157,33057,0,CAPACITY_EXCEEDED,INVALID
898,2,8,42,25176,31876,1,FEASIBLE,WORSE
899,2,8,43,24964,31664,1,FEASIBLE,WORSE
900,2,8,44,26019,32919,0,CAPACITY_EXCEEDED,INVALID
901,2,8,45,26009,32909,0,CAPACITY_EXCEEDED,INVALID
902,2,8,46,26234,33134,0,CAPACITY_EXCEEDED,INVALID
903,2,8,47,24874,31574,1,FEASIBLE,WORSE
904,2,8,48,26128,33028,0,CAPACITY_EXCEEDED,INVALID
905,2,8,49,24626,31326,1,FEASIBLE,WORSE
906,2,8,50,24993,31693,1,FEASIBLE,WORSE
907,2,8,51,24709,31409,1,FEASIBLE,WORSE
908,2,8,52,26180,33080,0,CAPACITY_EXCEEDED,INVALID
909,2,8,53,26144,33044,0,CAPACITY_EXCEEDED,INVALID
910,2,8,54,24791,31491,1,FEASIBLE,WORSE
911,2,8,55,25887,32787,0,CAPACITY_EXCEEDED,INVALID
912,2,8,56,25262,31962,1,FEASIBLE,WORSE
913,2,8,57,25054,31754,1,FEASIBLE,WORSE
914,2,8,58,26095,32995,0,CAPACITY_EXCEEDED,INVALID
915,2,8,59,24882,31582,1,FEASIBLE,WORSE
916,2,8,60,25123,31823,1,FEASIBLE,WORSE
917,2,8,61,24748,31448,1,FEASIBLE,WORSE
918,2,8,62,24593,31293,1,FEASIBLE,WORSE
919,2,8,63,24622,31322,1,FEASIBLE,WORSE
920,2,8,64,24922,31622,1,FEASIBLE,WORSE
921,2,8,65,24858,31558,1,FEASIBLE,WORSE
922,2,8,66,24788,31488,1,FEASIBLE,WORSE
923,2,8,67,26076,32976,0,CAPACITY_EXCEEDED,INVALID
924,2,8,68,24776,31476,1,FEASIBLE,WORSE
925,2,8,69,24903,31603,1,FEASIBLE,WORSE
926,2,8,70,24807,31507,1,FEASIBLE,WORSE
927,2,8,71,25267,31967,1,FEASIBLE,WORSE
928,2,8,72,25253,31953,1,FEASIBLE,WORSE
929,2,8,73,24593,31293,1,FEASIBLE,WORSE
930,2,8,74,26281,33181,0,CAPACITY_EXCEEDED,INVALID
931,2,8,75,24703,31403,1,FEASIBLE,WORSE
932,2,8,76,24903,31603,1,FEASIBLE,WORSE
933,2,8,77,25126,31826,1,FEASIBLE,WORSE
934,2,8,78,24794,31494,1,FEASIBLE,WORSE
935,2,8,79,26280,33180,0,CAPACITY_EXCEEDED,INVALID
936,2,8,80,26068,32968,0,CAPACITY_EXCEEDED,INVALID
937,2,8,81,24757,31457,1,FEASIBLE,WORSE
938,2,8,82,26158,33058,0,CAPACITY_EXCEEDED,INVALID
939,2,8,83,25064,31764,1,FEASIBLE,WORSE
940,2,8,84,24783,31483,1,FEASIBLE,WORSE
941,2,8,85,24344,31044,1,FEASIBLE,WORSE
942,2,8,86,24719,31419,1,FEASIBLE,WORSE
943,2,8,87,24837,31537,1,FEASIBLE,WORSE
944,2,8,88,25027,31727,1,FEASIBLE,WORSE
945,2,8,89,24749,31449,1,FEASIBLE,WORSE
946,2,8,90,26255,33155,0,CAPACITY_EXCEEDED,INVALID
947,2,8,91,25291,31991,1,FEASIBLE,WORSE
948,2,8,92,26081,32981,0,CAPACITY_EXCEEDED,INVALID
949,2,8,93,26118,33018,0,CAPACITY_EXCEEDED,INVALID
950,2,8,94,26184,33084,0,CAPACITY_EXCEEDED,INVALID
951,2,8,95,26038,32938,0,CAPACITY_EXCEEDED,INVALID
952,2,8,96,26107,33007,0,CAPACITY_EXCEEDED,INVALID
953,2,8,97,24778,31478,1,FEASIBLE,WORSE
954,2,8,98,24735,31435,1,FEASIBLE,WORSE
955,2,8,99,24870,31570,1,FEASIBLE,WORSE
956,2,9,10,26198,33098,0,CAPACITY_EXCEEDED,INVALID
957,2,9,11,24929,31629,1,FEASIBLE,WORSE
958,2,9,12,26125,33025,0,CAPACITY_EXCEEDED,INVALID
959,2,9,13,25359,32059,1,FEASIBLE,WORSE
960,2,9,14,24916,31616,1,FEASIBLE,WORSE
961,2,9,15,26084,32984,0,CAPACITY_EXCEEDED,INVALID
962,2,9,16,25133,31833,1,FEASIBLE,WORSE
963,2,9,17,26308,33208,0,CAPACITY_EXCEEDED,INVALID
964,2,9,18,26264,33164,0,CAPACITY_EXCEEDED,INVALID
965,2,9,19,25331,32031,1,FEASIBLE,WORSE
966,2,9,20,25336,32036,1,FEASIBLE,WORSE
967,2,9,21,24820,31520,1,FEASIBLE,WORSE
968,2,9,22,26302,33202,0,CAPACITY_EXCEEDED,INVALID
969,2,9,23,24980,31680,1,FEASIBLE,WORSE
970,2,9,24,25145,31845,1,FEASIBLE,WORSE
971,2,9,25,24939,31639,1,FEASIBLE,WORSE
972,2,9,26,25332,32032,1,FEASIBLE,WORSE
973,2,9,27,25140,31840,1,FEASIBLE,WORSE
974,2,9,28,24924,31624,1,FEASIBLE,WORSE
975,2,9,29,24866,31566,1,FEASIBLE,WORSE
976,2,9,30,25128,31828,1,FEASIBLE,WORSE
977,2,9,31,25131,31831,1,FEASIBLE,WORSE
978,2,9,32,25143,31843,1,FEASIBLE,WORSE
979,2,9,33,24902,31602,1,FEASIBLE,WORSE
980,2,9,34,25072,31772,1,FEASIBLE,WORSE
981,2,9,35,25340,32040,1,FEASIBLE,WORSE
982,2,9,36,26200,33100,0,CAPACITY_EXCEEDED,INVALID
983,2,9,37,24805,31505,1,FEASIBLE,WORSE
984,2,9,38,24719,31419,1,FEASIBLE,WORSE
985,2,9,39,25176,31876,1,FEASIBLE,WORSE
986,2,9,40,26355,33255,0,CAPACITY_EXCEEDED,INVALID
987,2,9,41,26222,33122,0,CAPACITY_EXCEEDED,INVALID
988,2,9,42,25241,31941,1,FEASIBLE,WORSE
989,2,9,43,25029,31729,1,FEASIBLE,WORSE
990,2,9,44,26084,32984,0,CAPACITY_EXCEEDED,INVALID
991,2,9,45,26074,32974,0,CAPACITY_EXCEEDED,INVALID
992,2,9,46,26299,33199,0,CAPACITY_EXCEEDED,INVALID
993,2,9,47,24939,31639,1,FEASIBLE,WORSE
994,2,9,48,26193,33093,0,CAPACITY_EXCEEDED,INVALID
995,2,9,49,24691,31391,1,FEASIBLE,WORSE
996,2,9,50,25058,31758,1,FEASIBLE,WORSE
997,2,9,51,24774,31474,1,FEASIBLE,WORSE
998,2,9,52,26245,33145,0,CAPACITY_EXCEEDED,INVALID
999,2,9,53,26209,33109,0,CAPACITY_EXCEEDED,INVALID
1000,2,9,54,24856,31556,1,FEASIBLE,WORSE
1001,2,9,55,25952,32852,0,CAPACITY_EXCEEDED,INVALID
1002,2,9,56,25327,32027,1,FEASIBLE,WORSE
1003,2,9,57,25119,31819,1,FEASIBLE,WORSE
1004,2,9,58,26160,33060,0,CAPACITY_EXCEEDED,INVALID
1005,2,9,59,24947,31647,1,FEASIBLE,WORSE
1006,2,9,60,25188,31888,1,FEASIBLE,WORSE
1007,2,9,61,24813,31513,1,FEASIBLE,WORSE
1008,2,9,62,24658,31358,1,FEASIBLE,WORSE
1009,2,9,63,24687,31387,1,FEASIBLE,WORSE
1010,2,9,64,24987,31687,1,FEASIBLE,WORSE
1011,2,9,65,24923,31623,1,FEASIBLE,WORSE
1012,2,9,66,24853,31553,1,FEASIBLE,WORSE
1013,2,9,67,26141,33041,0,CAPACITY_EXCEEDED,INVALID
1014,2,9,68,24841,31541,1,FEASIBLE,WORSE
1015,2,9,69,24968,31668,1,FEASIBLE,WORSE
1016,2,9,70,24872,31572,1,FEASIBLE,WORSE
1017,2,9,71,25332,32032,1,FEASIBLE,WORSE
1018,2,9,72,25318,32018,1,FEASIBLE,WORSE
1019,2,9,73,24658,31358,1,FEASIBLE,WORSE
1020,2,9,74,26346,33246,0,CAPACITY_EXCEEDED,INVALID
1021,2,9,75,24768,31468,1,FEASIBLE,WORSE
1022,2,9,76,24968,31668,1,FEASIBLE,WORSE
1023,2,9,77,25191,31891,1,FEASIBLE,WORSE
1024,2,9,78,24859,31559,1,FEASIBLE,WORSE
1025,2,9,79,26345,33245,0,CAPACITY_EXCEEDED,INVALID
1026,2,9,80,26133,33033,0,CAPACITY_EXCEEDED,INVALID
1027,2,9,81,24822,31522,1,FEASIBLE,WORSE
1028,2,9,82,26223,33123,0,CAPACITY_EXCEEDED,INVALID
1029,2,9,83,25129,31829,1,FEASIBLE,WORSE
1030,2,9,84,24848,31548,1,FEASIBLE,WORSE
1031,2,9,85,24409,31109,1,FEASIBLE,WORSE
1032,2,9,86,24784,31484,1,FEASIBLE,WORSE
1033,2,9,87,24902,31602,1,FEASIBLE,WORSE
1034,2,9,88,25092,31792,1,FEASIBLE,WORSE
1035,2,9,89,24814,31514,1,FEASIBLE,WORSE
1036,2,9,90,26320,33220,0,CAPACITY_EXCEEDED,INVALID
1037,2,9,91,25356,32056,1,FEASIBLE,WORSE
1038,2,9,92,26146,33046,0,CAPACITY_EXCEEDED,INVALID
1039,2,9,93,26183,33083,0,CAPACITY_EXCEEDED,INVALID
1040,2,9,94,26249,33149,0,CAPACITY_EXCEEDED,INVALID
1041,2,9,95,26103,33003,0,CAPACITY_EXCEEDED,INVALID
1042,2,9,96,26172,33072,0,CAPACITY_EXCEEDED,INVALID
1043,2,9,97,24843,31543,1,FEASIBLE,WORSE
1044,2,9,98,24800,31500,1,FEASIBLE,WORSE
1045,2,9,99,24935,31635,1,FEASIBLE,WORSE
1046,2,10,11,25794,32694,0,CAPACITY_EXCEEDED,INVALID
1047,2,10,12,26990,34090,0,CAPACITY_EXCEEDED,INVALID
1048,2,10,13,26224,33124,0,CAPACITY_EXCEEDED,INVALID
1049,2,10,14,25781,32681,0,CAPACITY_EXCEEDED,INVALID
1050,2,10,15,26949,34049,0,CAPACITY_EXCEEDED,INVALID
1051,2,10,16,25998,32898,0,CAPACITY_EXCEEDED,INVALID
1052,2,10,17,27173,34273,0,CAPACITY_EXCEEDED,INVALID
1053,2,10,18,27129,34229,0,CAPACITY_EXCEEDED,INVALID
1054,2,10,19,26196,33096,0,CAPACITY_EXCEEDED,INVALID
1055,2,10,20,26201,33101,0,CAPACITY_EXCEEDED,INVALID
1056,2,10,21,25685,32585,0,CAPACITY_EXCEEDED,INVALID
1057,2,10,22,27167,34267,0,CAPACITY_EXCEEDED,INVALID
1058,2,10,23,25845,32745,0,CAPACITY_EXCEEDED,INVALID
1059,2,10,24,26010,32910,0,CAPACITY_EXCEEDED,INVALID
1060,2,10,25,25804,32704,0,CAPACITY_EXCEEDED,INVALID
1061,2,10,26,26197,33097,0,CAPACITY_EXCEEDED,INVALID
1062,2,10,27,26005,32905,0,CAPACITY_EXCEEDED,INVALID
1063,2,10,28,25789,32689,0,CAPACITY_EXCEEDED,INVALID
1064,2,10,29,25731,32631,0,CAPACITY_EXCEEDED,INVALID
1065,2,10,30,25993,32893,0,CAPACITY_EXCEEDED,INVALID
1066,2,10,31,25996,32896,0,CAPACITY_EXCEEDED,INVALID
1067,2,10,32,26008,32908,0,CAPACITY_EXCEEDED,INVALID
1068,2,10,33,25767,32667,0,CAPACITY_EXCEEDED,INVALID
1069,2,10,34,25937,32837,0,CAPACITY_EXCEEDED,INVALID
1070,2,10,35,26205,33105,0,CAPACITY_EXCEEDED,INVALID
1071,2,10,36,27065,34165,0,CAPACITY_EXCEEDED,INVALID
1072,2,10,37,25670,32570,0,CAPACITY_EXCEEDED,INVALID
1073,2,10,38,25584,32484,0,CAPACITY_EXCEEDED,INVALID
1074,2,10,39,26041,32941,0,CAPACITY_EXCEEDED,INVALID
1075,2,10,40,27220,34320,0,CAPACITY_EXCEEDED,INVALID
1076,2,10,41,27087,34187,0,CAPACITY_EXCEEDED,INVALID
1077,2,10,42,26106,33006,0,CAPACITY_EXCEEDED,INVALID
1078,2,10,43,25894,32794,0,CAPACITY_EXCEEDED,INVALID
1079,2,10,44,26949,34049,0,CAPACITY_EXCEEDED,INVALID
1080,2,10,45,26939,34039,0,CAPACITY_EXCEEDED,INVALID
1081,2,10,46,27164,34264,0,CAPACITY_EXCEEDED,INVALID
1082,2,10,47,25804,32704,0,CAPACITY_EXCEEDED,INVALID
1083,2,10,48,27058,34158,0,CAPACITY_EXCEEDED,INVALID
1084,2,10,49,25556,32456,0,CAPACITY_EXCEEDED,INVALID
1085,2,10,50,25923,32823,0,CAPACITY_EXCEEDED,INVALID
1086,2,10,51,25639,32539,0,CAPACITY_EXCEEDED,INVALID
1087,2,10,52,27110,34210,0,CAPACITY_EXCEEDED,INVALID
1088,2,10,53,27074,34174,0,CAPACITY_EXCEEDED,INVALID
1089,2,10,54,25721,32621,0,CAPACITY_EXCEEDED,INVALID
1090,2,10,55,26817,33917,0,CAPACITY_EXCEEDED,INVALID
1091,2,10,56,26192,33092,0,CAPACITY_EXCEEDED,INVALID
1092,2,10,57,25984,32884,0,CAPACITY_EXCEEDED,INVALID
1093,2,10,58,27025,34125,0,CAPACITY_EXCEEDED,INVALID
1094,2,10,59,25812,32712,0,CAPACITY_EXCEEDED,INVALID
1095,2,10,60,26053,32953,0,CAPACITY_EXCEEDED,INVALID
1096,2,10,61,25678,32578,0,CAPACITY_EXCEEDED,INVALID
1097,2,10,62,25523,32423,0,CAPACITY_EXCEEDED,INVALID
1098,2,10,63,25552,32452,0,CAPACITY_EXCEEDED,INVALID
1099,2,10,64,25852,32752,0,CAPACITY_EXCEEDED,INVALID
1100,2,10,65,25788,32688,0,CAPACITY_EXCEEDED,INVALID
1101,2,10,66,25718,32618,0,CAPACITY_EXCEEDED,INVALID
1102,2,10,67,27006,34106,0,CAPACITY_EXCEEDED,INVALID
1103,2,10,68,25706,32606,0,CAPACITY_EXCEEDED,INVALID
1104,2,10,69,25833,32733,0,CAPACITY_EXCEEDED,INVALID
1105,2,10,70,25737,32637,0,CAPACITY_EXCEEDED,INVALID
1106,2,10,71,26197,33097,0,CAPACITY_EXCEEDED,INVALID
1107,2,10,72,26183,33083,0,CAPACITY_EXCEEDED,INVALID
1108,2,10,73,25523,32423,0,CAPACITY_EXCEEDED,INVALID
1109,2,10,74,27211,34311,0,CAPACITY_EXCEEDED,INVALID
1110,2,10,75,25633,32533,0,CAPACITY_EXCEEDED,INVALID
1111,2,10,76,25833,32733,0,CAPACITY_EXCEEDED,INVALID
1112,2,10,77,26056,32956,0,CAPACITY_EXCEEDED,INVALID
1113,2,10,78,25724,32624,0,CAPACITY_EXCEEDED,INVALID
1114,2,10,79,27210,34310,0,CAPACITY_EXCEEDED,INVALID
1115,2,10,80,26998,34098,0,CAPACITY_EXCEEDED,INVALID
1116,2,10,81,25687,32587,0,CAPACITY_EXCEEDED,INVALID
1117,2,10,82,27088,34188,0,CAPACITY_EXCEEDED,INVALID
1118,2,10,83,25994,32894,0,CAPACITY_EXCEEDED,INVALID
1119,2,10,84,25713,32613,0,CAPACITY_EXCEEDED,INVALID
1120,2,10,85,25274,32174,1,FEASIBLE,WORSE
1121,2,10,86,25649,32549,0,CAPACITY_EXCEEDED,INVALID
1122,2,10,87,25767,32667,0,CAPACITY_EXCEEDED,INVALID
1123,2,10,88,25957,32857,0,CAPACITY_EXCEEDED,INVALID
1124,2,10,89,25679,32579,0,CAPACITY_EXCEEDED,INVALID
1125,2,10,90,27185,34285,0,CAPACITY_EXCEEDED,INVALID
1126,2,10,91,26221,33121,0,CAPACITY_EXCEEDED,INVALID
1127,2,10,92,27011,34111,0,CAPACITY_EXCEEDED,INVALID
1128,2,10,93,27048,34148,0,CAPACITY_EXCEEDED,INVALID
1129,2,10,94,27114,34214,0,CAPACITY_EXCEEDED,INVALID
1130,2,10,95,26968,34068,0,CAPACITY_EXCEEDED,INVALID
1131,2,10,96,27037,34137,0,CAPACITY_EXCEEDED,INVALID
1132,2,10,97,25708,32608,0,CAPACITY_EXCEEDED,INVALID
1133,2,10,98,25665,32565,0,CAPACITY_EXCEEDED,INVALID
1134,2,10,99,25800,32700,0,CAPACITY_EXCEEDED,INVALID
1135,2,11,12,25721,32621,0,CAPACITY_EXCEEDED,INVALID
1136,2,11,13,24955,31655,1,FEASIBLE,WORSE
1137,2,11,14,24512,31212,1,FEASIBLE,WORSE
1138,2,11,15,25680,32580,0,CAPACITY_EXCEEDED,INVALID
1139,2,11,16,24729,31429,1,FEASIBLE,WORSE
1140,2,11,17,25904,32804,0,CAPACITY_EXCEEDED,INVALID
1141,2,11,18,25860,32760,0,CAPACITY_EXCEEDED,INVALID
1142,2,11,19,24927,31627,1,FEASIBLE,WORSE
1143,2,11,20,24932,31632,1,FEASIBLE,WORSE
1144,2,11,21,24416,31116,1,FEASIBLE,WORSE
1145,2,11,22,25898,32798,0,CAPACITY_EXCEEDED,INVALID
1146,2,11,23,24576,31276,1,FEASIBLE,WORSE
1147,2,11,24,24741,31441,1,FEASIBLE,WORSE
1148,2,11,25,24535,31235,1,FEASIBLE,WORSE
1149,2,11,26,24928,31628,1,FEASIBLE,WORSE
1150,2,11,27,24736,31436,1,FEASIBLE,WORSE
1151,2,11,28,24520,31220,1,FEASIBLE,WORSE
1152,2,11,29,24462,31162,1,FEASIBLE,WORSE
1153,2,11,30,24724,31424,1,FEASIBLE,WORSE
1154,2,11,31,24727,31427,1,FEASIBLE,WORSE
1155,2,11,32,24739,31439,1,FEASIBLE,WORSE
1156,2,11,33,24498,31198,1,FEASIBLE,WORSE
1157,2,11,34,24668,31368,1,FEASIBLE,WORSE
1158,2,11,35,24936,31636,1,FEASIBLE,WORSE
1159,2,11,36,25796,32696,0,CAPACITY_EXCEEDED,INVALID
1160,2,11,37,24401,31101,1,FEASIBLE,WORSE
1161,2,11,38,24315,31015,1,FEASIBLE,WORSE
1162,2,11,39,24772,31472,1,FEASIBLE,WORSE
1163,2,11,40,25951,32851,0,CAPACITY_EXCEEDED,INVALID
1164,2,11,41,25818,32718,0,CAPACITY_EXCEEDED,INVALID
1165,2,11,42,24837,31537,1,FEASIBLE,WORSE
1166,2,11,43,24625,31325,1,FEASIBLE,WORSE
1167,2,11,44,25680,32580,0,CAPACITY_EXCEEDED,INVALID
1168,2,11,45,25670,32570,0,CAPACITY_EXCEEDED,INVALID
1169,2,11,46,25895,32795,0,CAPACITY_EXCEEDED,INVALID
1170,2,11,47,24535,31235,1,FEASIBLE,WORSE
1171,2,11,48,25789,32689,0,CAPACITY_EXCEEDED,INVALID
1172,2,11,49,24287,30987,1,FEASIBLE,WORSE
1173,2,11,50,24654,31354,1,FEASIBLE,WORSE
1174,2,11,51,24370,31070,1,FEASIBLE,WORSE
1175,2,11,52,25841,32741,0,CAPACITY_EXCEEDED,INVALID
1176,2,11,53,25805,32705,0,CAPACITY_EXCEEDED,INVALID
1177,2,11,54,24452,31152,1,FEASIBLE,WORSE
1178,2,11,55,25548,32448,0,CAPACITY_EXCEEDED,INVALID
1179,2,11,56,24923,31623,1,FEASIBLE,WORSE
1180,2,11,57,24715,31415,1,FEASIBLE,WORSE
1181,2,11,58,25756,32656,0,CAPACITY_EXCEEDED,INVALID
1182,2,11,59,24543,31243,1,FEASIBLE,WORSE
1183,2,11,60,24784,31484,1,FEASIBLE,WORSE
1184,2,11,61,24409,31109,1,FEASIBLE,WORSE
1185,2,11,62,24254,30954,1,FEASIBLE,WORSE
1186,2,11,63,24283,30983,1,FEASIBLE,WORSE
1187,2,11,64,24583,31283,1,FEASIBLE,WORSE
1188,2,11,65,24519,31219,1,FEASIBLE,WORSE
1189,2,11,66,24449,31149,1,FEASIBLE,WORSE
1190,2,11,67,25737,32637,0,CAPACITY_EXCEEDED,INVALID
1191,2,11,68,24437,31137,1,FEASIBLE,WORSE
1192,2,11,69,24564,31264,1,FEASIBLE,WORSE
1193,2,11,70,24468,31168,1,FEASIBLE,WORSE
1194,2,11,71,24928,31628,1,FEASIBLE,WORSE
1195,2,11,72,24914,31614,1,FEASIBLE,WORSE
1196,2,11,73,24254,30954,1,FEASIBLE,WORSE
1197,2,11,74,25942,32842,0,CAPACITY_EXCEEDED,INVALID
1198,2,11,75,24364,31064,1,FEASIBLE,WORSE
1199,2,11,76,24564,31264,1,FEASIBLE,WORSE
1200,2,11,77,24787,31487,1,FEASIBLE,WORSE
1201,2,11,78,24455,31155,1,FEASIBLE,WORSE
1202,2,11,79,25941,32841,0,CAPACITY_EXCEEDED,INVALID
1203,2,11,80,25729,32629,0,CAPACITY_EXCEEDED,INVALID
1204,2,11,81,24418,31118,1,FEASIBLE,WORSE
1205,2,11,82,25819,32719,0,CAPACITY_EXCEEDED,INVALID
1206,2,11,83,24725,31425,1,FEASIBLE,WORSE
1207,2,11,84,24444,31144,1,FEASIBLE,WORSE
1208,2,11,85,24005,30705,1,FEASIBLE,WORSE
1209,2,11,86,24380,31080,1,FEASIBLE,WORSE
1210,2,11,87,24498,31198,1,FEASIBLE,WORSE
1211,2,11,88,24688,31388,1,FEASIBLE,WORSE
1212,2,11,89,24410,31110,1,FEASIBLE,WORSE
1213,2,11,90,25916,32816,0,CAPACITY_EXCEEDED,INVALID
1214,2,11,91,24952,31652,1,FEASIBLE,WORSE
1215,2,11,92,25742,32642,0,CAPACITY_EXCEEDED,INVALID
1216,2,11,93,25779,32679,0,CAPACITY_EXCEEDED,INVALID
1217,2,11,94,25845,32745,0,CAPACITY_EXCEEDED,INVALID
1218,2,11,95,25699,32599,0,CAPACITY_EXCEEDED,INVALID
1219,2,11,96,25768,32668,0,CAPACITY_EXCEEDED,INVALID
1220,2,11,97,24439,31139,1,FEASIBLE,WORSE
1221,2,11,98,24396,31096,1,FEASIBLE,WORSE
1222,2,11,99,24531,31231,1,FEASIBLE,WORSE
1223,2,12,13,26151,33051,0,CAPACITY_EXCEEDED,INVALID
1224,2,12,14,25708,32608,0,CAPACITY_EXCEEDED,INVALID
1225,2,12,15,26876,33976,0,CAPACITY_EXCEEDED,INVALID
1226,2,12,16,25925,32825,0,CAPACITY_EXCEEDED,INVALID
1227,2,12,17,27100,34200,0,CAPACITY_EXCEEDED,INVALID
1228,2,12,18,27056,34156,0,CAPACITY_EXCEEDED,INVALID
1229,2,12,19,26123,33023,0,CAPACITY_EXCEEDED,INVALID
1230,2,12,20,26128,33028,0,CAPACITY_EXCEEDED,INVALID
1231,2,12,21,25612,32512,0,CAPACITY_EXCEEDED,INVALID
1232,2,12,22,27094,34194,0,CAPACITY_EXCEEDED,INVALID
1233,2,12,23,25772,32672,0,CAPACITY_EXCEEDED,INVALID
1234,2,12,24,25937,32837,0,CAPACITY_EXCEEDED,INVALID
1235,2,12,25,25731,32631,0,CAPACITY_EXCEEDED,INVALID
1236,2,12,26,26124,33024,0,CAPACITY_EXCEEDED,INVALID
1237,2,12,27,25932,32832,0,CAPACITY_EXCEEDED,INVALID
1238,2,12,28,25716,32616,0,CAPACITY_EXCEEDED,INVALID
1239,2,12,29,25658,32558,0,CAPACITY_EXCEEDED,INVALID
1240,2,12,30,25920,32820,0,CAPACITY_EXCEEDED,INVALID
1241,2,12,31,25923,32823,0,CAPACITY_EXCEEDED,INVALID
1242,2,12,32,25935,32835,0,CAPACITY_EXCEEDED,INVALID
1243,2,12,33,25694,32594,0,CAPACITY_EXCEEDED,INVALID
1244,2,12,34,25864,32764,0,CAPACITY_EXCEEDED,INVALID
1245,2,12,35,26132,33032,0,CAPACITY_EXCEEDED,INVALID
1246,2,12,36,26992,34092,0,CAPACITY_EXCEEDED,INVALID
1247,2,12,37,25597,32497,0,CAPACITY_EXCEEDED,INVALID
1248,2,12,38,25511,32411,0,CAPACITY_EXCEEDED,INVALID
1249,2,12,39,25968,32868,0,CAPACITY_EXCEEDED,INVALID
1250,2,12,40,27147,34247,0,CAPACITY_EXCEEDED,INVALID
1251,2,12,41,27014,34114,0,CAPACITY_EXCEEDED,INVALID
1252,2,12,42,26033,32933,0,CAPACITY_EXCEEDED,INVALID
1253,2,12,43,25821,32721,0,CAPACITY_EXCEEDED,INVALID
1254,2,12,44,26876,33976,0,CAPACITY_EXCEEDED,INVALID
1255,2,12,45,26866,33966,0,CAPACITY_EXCEEDED,INVALID
1256,2,12,46,27091,34191,0,CAPACITY_EXCEEDED,INVALID
1257,2,12,47,25731,32631,0,CAPACITY_EXCEEDED,INVALID
1258,2,12,48,26985,34085,0,CAPACITY_EXCEEDED,INVALID
1259,2,12,49,25483,32383,0,CAPACITY_EXCEEDED,INVALID
1260,2,12,50,25850,32750,0,CAPACITY_EXCEEDED,INVALID
1261,2,12,51,25566,32466,0,CAPACITY_EXCEEDED,INVALID
1262,2,12,52,27037,34137,0,CAPACITY_EXCEEDED,INVALID
1263,2,12,53,27001,34101,0,CAPACITY_EXCEEDED,INVALID
1264,2,12,54,25648,32548,0,CAPACITY_EXCEEDED,INVALID
1265,2,12,55,26744,33844,0,CAPACITY_EXCEEDED,INVALID
1266,2,12,56,26119,33019,0,CAPACITY_EXCEEDED,INVALID
1267,2,12,57,25911,32811,0,CAPACITY_EXCEEDED,INVALID
1268,2,12,58,26952,34052,0,CAPACITY_EXCEEDED,INVALID
1269,2,12,59,25739,32639,0,CAPACITY_EXCEEDED,INVALID
1270,2,12,60,25980,32880,0,CAPACITY_EXCEEDED,INVALID
1271,2,12,61,25605,32505,0,CAPACITY_EXCEEDED,INVALID
1272,2,12,62,25450,32350,0,CAPACITY_EXCEEDED,INVALID
1273,2,12,63,25479,32379,0,CAPACITY_EXCEEDED,INVALID
1274,2,12,64,25779,32679,0,CAPACITY_EXCEEDED,INVALID
1275,2,12,65,25715,32615,0,CAPACITY_EXCEEDED,INVALID
1276,2,12,66,25645,32545,0,CAPACITY_EXCEEDED,INVALID
1277,2,12,67,26933,34033,0,CAPACITY_EXCEEDED,INVALID
1278,2,12,68,25633,32533,0,CAPACITY_EXCEEDED,INVALID
1279,2,12,69,25760,32660,0,CAPACITY_EXCEEDED,INVALID
1280,2,12,70,25664,32564,0,CAPACITY_EXCEEDED,INVALID
1281,2,12,71,26124,33024,0,CAPACITY_EXCEEDED,INVALID
1282,2,12,72,26110,33010,0,CAPACITY_EXCEEDED,INVALID
1283,2,12,73,25450,32350,0,CAPACITY_EXCEEDED,INVALID
1284,2,12,74,27138,34238,0,CAPACITY_EXCEEDED,INVALID
1285,2,12,75,25560,32460,0,CAPACITY_EXCEEDED,INVALID
1286,2,12,76,25760,32660,0,CAPACITY_EXCEEDED,INVALID
1287,2,12,77,25983,32883,0,CAPACITY_EXCEEDED,INVALID
1288,2,12,78,25651,32551,0,CAPACITY_EXCEEDED,INVALID
1289,2,12,79,27137,34237,0,CAPACITY_EXCEEDED,INVALID
1290,2,12,80,26925,34025,0,CAPACITY_EXCEEDED,INVALID
1291,2,12,81,25614,32514,0,CAPACITY_EXCEEDED,INVALID
1292,2,12,82,27015,34115,0,CAPACITY_EXCEEDED,INVALID
1293,2,12,83,25921,32821,0,CAPACITY_EXCEEDED,INVALID
1294,2,12,84,25640,32540,0,CAPACITY_EXCEEDED,INVALID
1295,2,12,85,25201,32101,1,FEASIBLE,WORSE
1296,2,12,86,25576,32476,0,CAPACITY_EXCEEDED,INVALID
1297,2,12,87,25694,32594,0,CAPACITY_EXCEEDED,INVALID
1298,2,12,88,25884,32784,0,CAPACITY_EXCEEDED,INVALID
1299,2,12,89,25606,32506,0,CAPACITY_EXCEEDED,INVALID
1300,2,12,90,27112,34212,0,CAPACITY_EXCEEDED,INVALID
1301,2,12,91,26148,33048,0,CAPACITY_EXCEEDED,INVALID
1302,2,12,92,26938,34038,0,CAPACITY_EXCEEDED,INVALID
1303,2,12,93,26975,34075,0,CAPACITY_EXCEEDED,INVALID
1304,2,12,94,27041,34141,0,CAPACITY_EXCEEDED,INVALID
1305,2,12,95,26895,33995,0,CAPACITY_EXCEEDED,INVALID
1306,2,12,96,26964,34064,0,CAPACITY_EXCEEDED,INVALID
1307,2,12,97,25635,32535,0,CAPACITY_EXCEEDED,INVALID
1308,2,12,98,25592,32492,0,CAPACITY_EXCEEDED,INVALID
1309,2,12,99,25727,32627,0,CAPACITY_EXCEEDED,INVALID
1310,2,13,14,24942,31642,1,FEASIBLE,WORSE
1311,2,13,15,26110,33010,0,CAPACITY_EXCEEDED,INVALID
1312,2,13,16,25159,31859,1,FEASIBLE,WORSE
1313,2,13,17,26334,33234,0,CAPACITY_EXCEEDED,INVALID
1314,2,13,18,26290,33190,0,CAPACITY_EXCEEDED,INVALID
1315,2,13,19,25357,32057,1,FEASIBLE,WORSE
1316,2,13,20,25362,32062,1,FEASIBLE,WORSE
1317,2,13,21,24846,31546,1,FEASIBLE,WORSE
1318,2,13,22,26328,33228,0,CAPACITY_EXCEEDED,INVALID
1319,2,13,23,25006,31706,1,FEASIBLE,WORSE
1320,2,13,24,25171,31871,1,FEASIBLE,WORSE
1321,2,13,25,24965,31665,1,FEASIBLE,WORSE
1322,2,13,26,25358,32058,1,FEASIBLE,WORSE
1323,2,13,27,25166,31866,1,FEASIBLE,WORSE
1324,2,13,28,24950,31650,1,FEASIBLE,WORSE
1325,2,13,29,24892,31592,1,FEASIBLE,WORSE
1326,2,13,30,25154,31854,1,FEASIBLE,WORSE
1327,2,13,31,25157,31857,1,FEASIBLE,WORSE
1328,2,13,32,25169,31869,1,FEASIBLE,WORSE
1329,2,13,33,24928,31628,1,FEASIBLE,WORSE
1330,2,13,34,25098,31798,1,FEASIBLE,WORSE
1331,2,13,35,25366,32066,1,FEASIBLE,WORSE
1332,2,13,36,26226,33126,0,CAPACITY_EXCEEDED,INVALID
1333,2,13,37,24831,31531,1,FEASIBLE,WORSE
1334,2,13,38,24745,31445,1,FEASIBLE,WORSE
1335,2,13,39,25202,31902,1,FEASIBLE,WORSE
1336,2,13,40,26381,33281,0,CAPACITY_EXCEEDED,INVALID
1337,2,13,41,26248,33148,0,CAPACITY_EXCEEDED,INVALID
1338,2,13,42,25267,31967,1,FEASIBLE,WORSE
1339,2,13,43,25055,31755,1,FEASIBLE,WORSE
1340,2,13,44,26110,33010,0,CAPACITY_EXCEEDED,INVALID
1341,2,13,45,26100,33000,0,CAPACITY_EXCEEDED,INVALID
1342,2,13,46,26325,33225,0,CAPACITY_EXCEEDED,INVALID
1343,2,13,47,24965,31665,1,FEASIBLE,WORSE
1344,2,13,48,26219,33119,0,CAPACITY_EXCEEDED,INVALID
1345,2,13,49,24717,31417,1,FEASIBLE,WORSE
1346,2,13,50,25084,31784,1,FEASIBLE,WORSE
1347,2,13,51,24800,31500,1,FEASIBLE,WORSE
1348,2,13,52,26271,33171,0,CAPACITY_EXCEEDED,INVALID
1349,2,13,53,26235,33135,0,CAPACITY_EXCEEDED,INVALID
1350,2,13,54,24882,31582,1,FEASIBLE,WORSE
1351,2,13,55,25978,32878,0,CAPACITY_EXCEEDED,INVALID
1352,2,13,56,25353,32053,1,FEASIBLE,WORSE
1353,2,13,57,25145,31845,1,FEASIBLE,WORSE
1354,2,13,58,26186,33086,0,CAPACITY_EXCEEDED,INVALID
1355,2,13,59,24973,31673,1,FEASIBLE,WORSE
1356,2,13,60,25214,31914,1,FEASIBLE,WORSE
1357,2,13,61,24839,31539,1,FEASIBLE,WORSE
1358,2,13,62,24684,31384,1,FEASIBLE,WORSE
1359,2,13,63,24713,31413,1,FEASIBLE,WORSE
1360,2,13,64,25013,31713,1,FEASIBLE,WORSE
1361,2,13,65,24949,31649,1,FEASIBLE,WORSE
1362,2,13,66,24879,31579,1,FEASIBLE,WORSE
1363,2,13,67,26167,33067,0,CAPACITY_EXCEEDED,INVALID
1364,2,13,68,24867,31567,1,FEASIBLE,WORSE
1365,2,13,69,24994,31694,1,FEASIBLE,WORSE
1366,2,13,70,24898,31598,1,FEASIBLE,WORSE
1367,2,13,71,25358,32058,1,FEASIBLE,WORSE
1368,2,13,72,25344,32044,1,FEASIBLE,WORSE
1369,2,13,73,24684,31384,1,FEASIBLE,WORSE
1370,2,13,74,26372,33272,0,CAPACITY_EXCEEDED,INVALID
1371,2,13,75,24794,31494,1,FEASIBLE,WORSE
1372,2,13,76,24994,31694,1,FEASIBLE,WORSE
1373,2,13,77,25217,31917,1,FEASIBLE,WORSE
1374,2,13,78,24885,31585,1,FEASIBLE,WORSE
1375,2,13,79,26371,33271,0,CAPACITY_EXCEEDED,INVALID
1376,2,13,80,26159,33059,0,CAPACITY_EXCEEDED,INVALID
1377,2,13,81,24848,31548,1,FEASIBLE,WORSE
1378,2,13,82,26249,33149,0,CAPACITY_EXCEEDED,INVALID
1379,2,13,83,25155,31855,1,FEASIBLE,WORSE
1380,2,13,84,24874,31574,1,FEASIBLE,WORSE
1381,2,13,85,24435,31135,1,FEASIBLE,WORSE
1382,2,13,86,24810,31510,1,FEASIBLE,WORSE
1383,2,13,87,24928,31628,1,FEASIBLE,WORSE
1384,2,13,88,25118,31818,1,FEASIBLE,WORSE
1385,2,13,89,24840,31540,1,FEASIBLE,WORSE
1386,2,13,90,26346,33246,0,CAPACITY_EXCEEDED,INVALID
1387,2,13,91,25382,32082,1,FEASIBLE,WORSE
1388,2,13,92,26172,33072,0,CAPACITY_EXCEEDED,INVALID
1389,2,13,93,26209,33109,0,CAPACITY_EXCEEDED,INVALID
1390,2,13,94,26275,33175,0,CAPACITY_EXCEEDED,INVALID
1391,2,13,95,26129,33029,0,CAPACITY_EXCEEDED,INVALID
1392,2,13,96,26198,33098,0,CAPACITY_EXCEEDED,INVALID
1393,2,13,97,24869,31569,1,FEASIBLE,WORSE
1394,2,13,98,24826,31526,1,FEASIBLE,WORSE
1395,2,13,99,24961,31661,1,FEASIBLE,WORSE
1396,2,14,15,25667,32567,0,CAPACITY_EXCEEDED,INVALID
1397,2,14,16,24716,31416,1,FEASIBLE,WORSE
1398,2,14,17,25891,32791,0,CAPACITY_EXCEEDED,INVALID
1399,2,14,18,25847,32747,0,CAPACITY_EXCEEDED,INVALID
1400,2,14,19,24914,31614,1,FEASIBLE,WORSE
1401,2,14,20,24919,31619,1,FEASIBLE,WORSE
1402,2,14,21,24403,31103,1,FEASIBLE,WORSE
1403,2,14,22,25885,32785,0,CAPACITY_EXCEEDED,INVALID
1404,2,14,23,24563,31263,1,FEASIBLE,WORSE
1405,2,14,24,24728,31428,1,FEASIBLE,WORSE
1406,2,14,25,24522,31222,1,FEASIBLE,WORSE
1407,2,14,26,24915,31615,1,FEASIBLE,WORSE
1408,2,14,27,24723,31423,1,FEASIBLE,WORSE
1409,2,14,28,24507,31207,1,FEASIBLE,WORSE
1410,2,14,29,24449,31149,1,FEASIBLE,WORSE
1411,2,14,30,24711,31411,1,FEASIBLE,WORSE
1412,2,14,31,24714,31414,1,FEASIBLE,WORSE
1413,2,14,32,24726,31426,1,FEASIBLE,WORSE
1414,2,14,33,24485,31185,1,FEASIBLE,WORSE
1415,2,14,34,24655,31355,1,FEASIBLE,WORSE
1416,2,14,35,24923,31623,1,FEASIBLE,WORSE
1417,2,14,36,25783,32683,0,CAPACITY_EXCEEDED,INVALID
1418,2,14,37,24388,31088,1,FEASIBLE,WORSE
1419,2,14,38,24302,31002,1,FEASIBLE,WORSE
1420,2,14,39,24759,31459,1,FEASIBLE,WORSE
1421,2,14,40,25938,32838,0,CAPACITY_EXCEEDED,INVALID
1422,2,14,41,25805,32705,0,CAPACITY_EXCEEDED,INVALID
1423,2,14,42,24824,31524,1,FEASIBLE,WORSE
1424,2,14,43,24612,31312,1,FEASIBLE,WORSE
1425,2,14,44,25667,32567,0,CAPACITY_EXCEEDED,INVALID
1426,2,14,45,25657,32557,0,CAPACITY_EXCEEDED,INVALID
1427,2,14,46,25882,32782,0,CAPACITY_EXCEEDED,INVALID
1428,2,14,47,24522,31222,1,FEASIBLE,WORSE
1429,2,14,48,25776,32676,0,CAPACITY_EXCEEDED,INVALID
1430,2,14,49,24274,30974,1,FEASIBLE,WORSE
1431,2,14,50,24641,31341,1,FEASIBLE,WORSE
1432,2,14,51,24357,31057,1,FEASIBLE,WORSE
1433,2,14,52,25828,32728,0,CAPACITY_EXCEEDED,INVALID
1434,2,14,53,25792,32692,0,CAPACITY_EXCEEDED,INVALID
1435,2,14,54,24439,31139,1,FEASIBLE,WORSE
1436,2,14,55,25535,32435,0,CAPACITY_EXCEEDED,INVALID
1437,2,14,56,24910,31610,1,FEASIBLE,WORSE
1438,2,14,57,24702,31402,1,FEASIBLE,WORSE
1439,2,14,58,25743,32643,0,CAPACITY_EXCEEDED,INVALID
1440,2,14,59,24530,31230,1,FEASIBLE,WORSE
1441,2,14,60,24771,31471,1,FEASIBLE,WORSE
1442,2,14,61,24396,31096,1,FEASIBLE,WORSE
1443,2,14,62,24241,30941,1,FEASIBLE,WORSE
1444,2,14,63,24270,30970,1,FEASIBLE,WORSE
1445,2,14,64,24570,31270,1,FEASIBLE,WORSE
1446,2,14,65,24506,31206,1,FEASIBLE,WORSE
1447,2,14,66,24436,31136,1,FEASIBLE,WORSE
1448,2,14,67,25724,32624,0,CAPACITY_EXCEEDED,INVALID
1449,2,14,68,24424,31124,1,FEASIBLE,WORSE
1450,2,14,69,24551,31251,1,FEASIBLE,WORSE
1451,2,14,70,24455,31155,1,FEASIBLE,WORSE
1452,2,14,71,24915,31615,1,FEASIBLE,WORSE
1453,2,14,72,24901,31601,1,FEASIBLE,WORSE
1454,2,14,73,24241,30941,1,FEASIBLE,WORSE
1455,2,14,74,25929,32829,0,CAPACITY_EXCEEDED,INVALID
1456,2,14,75,24351,31051,1,FEASIBLE,WORSE
1457,2,14,76,24551,31251,1,FEASIBLE,WORSE
1458,2,14,77,24774,31474,1,FEASIBLE,WORSE
1459,2,14,78,24442,31142,1,FEASIBLE,WORSE
1460,2,14,79,25928,32828,0,CAPACITY_EXCEEDED,INVALID
1461,2,14,80,25716,32616,0,CAPACITY_EXCEEDED,INVALID
1462,2,14,81,24405,31105,1,FEASIBLE,WORSE
1463,2,14,82,25806,32706,0,CAPACITY_EXCEEDED,INVALID
1464,2,14,83,24712,31412,1,FEASIBLE,WORSE
1465,2,14,84,24431,31131,1,FEASIBLE,WORSE
1466,2,14,85,23992,30692,1,FEASIBLE,WORSE
1467,2,14,86,24367,31067,1,FEASIBLE,WORSE
1468,2,14,87,24485,31185,1,FEASIBLE,WORSE
1469,2,14,88,24675,31375,1,FEASIBLE,WORSE
1470,2,14,89,24397,31097,1,FEASIBLE,WORSE
1471,2,14,90,25903,32803,0,CAPACITY_EXCEEDED,INVALID
1472,2,14,91,24939,31639,1,FEASIBLE,WORSE
1473,2,14,92,25729,32629,0,CAPACITY_EXCEEDED,INVALID
1474,2,14,93,25766,32666,0,CAPACITY_EXCEEDED,INVALID
1475,2,14,94,25832,32732,0,CAPACITY_EXCEEDED,INVALID
1476,2,14,95,25686,32586,0,CAPACITY_EXCEEDED,INVALID
1477,2,14,96,25755,32655,0,CAPACITY_EXCEEDED,INVALID
1478,2,14,97,24426,31126,1,FEASIBLE,WORSE
1479,2,14,98,24383,31083,1,FEASIBLE,WORSE
1480,2,14,99,24518,31218,1,FEASIBLE,WORSE
1481,2,15,16,25884,32784,0,CAPACITY_EXCEEDED,INVALID
1482,2,15,17,27059,34159,0,CAPACITY_EXCEEDED,INVALID
1483,2,15,18,27015,34115,0,CAPACITY_EXCEEDED,INVALID
1484,2,15,19,26082,32982,0,CAPACITY_EXCEEDED,INVALID
1485,2,15,20,26087,32987,0,CAPACITY_EXCEEDED,INVALID
1486,2,15,21,25571,32471,0,CAPACITY_EXCEEDED,INVALID
1487,2,15,22,27053,34153,0,CAPACITY_EXCEEDED,INVALID
1488,2,15,23,25731,32631,0,CAPACITY_EXCEEDED,INVALID
1489,2,15,24,25896,32796,0,CAPACITY_EXCEEDED,INVALID
1490,2,15,25,25690,32590,0,CAPACITY_EXCEEDED,INVALID
1491,2,15,26,26083,32983,0,CAPACITY_EXCEEDED,INVALID
1492,2,15,27,25891,32791,0,CAPACITY_EXCEEDED,INVALID
1493,2,15,28,25675,32575,0,CAPACITY_EXCEEDED,INVALID
1494,2,15,29,25617,32517,0,CAPACITY_EXCEEDED,INVALID
1495,2,15,30,25879,32779,0,CAPACITY_EXCEEDED,INVALID
1496,2,15,31,25882,32782,0,CAPACITY_EXCEEDED,INVALID
1497,2,15,32,25894,32794,0,CAPACITY_EXCEEDED,INVALID
1498,2,15,33,25653,32553,0,CAPACITY_EXCEEDED,INVALID
1499,2,15,34,25823,32723,0,CAPACITY_EXCEEDED,INVALID
1500,2,15,35,26091,32991,0,CAPACITY_EXCEEDED,INVALID
1501,2,15,36,26951,34051,0,CAPACITY_EXCEEDED,INVALID
1502,2,15,37,25556,32456,0,CAPACITY_EXCEEDED,INVALID
1503,2,15,38,25470,32370,0,CAPACITY_EXCEEDED,INVALID
1504,2,15,39,25927,32827,0,CAPACITY_EXCEEDED,INVALID
1505,2,15,40,27106,34206,0,CAPACITY_EXCEEDED,INVALID
1506,2,15,41,26973,34073,0,CAPACITY_EXCEEDED,INVALID
1507,2,15,42,25992,32892,0,CAPACITY_EXCEEDED,INVALID
1508,2,15,43,25780,32680,0,CAPACITY_EXCEEDED,INVALID
1509,2,15,44,26835,33935,0,CAPACITY_EXCEEDED,INVALID
1510,2,15,45,26825,33925,0,CAPACITY_EXCEEDED,INVALID
1511,2,15,46,27050,34150,0,CAPACITY_EXCEEDED,INVALID
1512,2,15,47,25690,32590,0,CAPACITY_EXCEEDED,INVALID
1513,2,15,48,26944,34044,0,CAPACITY_EXCEEDED,INVALID
1514,2,15,49,25442,32342,0,CAPACITY_EXCEEDED,INVALID
1515,2,15,50,25809,32709,0,CAPACITY_EXCEEDED,INVALID
1516,2,15,51,25525,32425,0,CAPACITY_EXCEEDED,INVALID
1517,2,15,52,26996,34096,0,CAPACITY_EXCEEDED,INVALID
1518,2,15,53,26960,34060,0,CAPACITY_EXCEEDED,INVALID
1519,2,15,54,25607,32507,0,CAPACITY_EXCEEDED,INVALID
1520,2,15,55,26703,33803,0,CAPACITY_EXCEEDED,INVALID
1521,2,15,56,26078,32978,0,CAPACITY_EXCEEDED,INVALID
1522,2,15,57,25870,32770,0,CAPACITY_EXCEEDED,INVALID
1523,2,15,58,26911,34011,0,CAPACITY_EXCEEDED,INVALID
1524,2,15,59,25698,32598,0,CAPACITY_EXCEEDED,INVALID
1525,2,15,60,25939,32839,0,CAPACITY_EXCEEDED,INVALID
1526,2,15,61,25564,32464,0,CAPACITY_EXCEEDED,INVALID
1527,2,15,62,25409,32309,0,CAPACITY_EXCEEDED,INVALID
1528,2,15,63,25438,32338,0,CAPACITY_EXCEEDED,INVALID
1529,2,15,64,25738,32638,0,CAPACITY_EXCEEDED,INVALID
1530,2,15,65,25674,32574,0,CAPACITY_EXCEEDED,INVALID
1531,2,15,66,25604,32504,0,CAPACITY_EXCEEDED,INVALID
1532,2,15,67,26892,33992,0,CAPACITY_EXCEEDED,INVALID
1533,2,15,68,25592,32492,0,CAPACITY_EXCEEDED,INVALID
1534,2,15,69,25719,32619,0,CAPACITY_EXCEEDED,INVALID
1535,2,15,70,25623,32523,0,CAPACITY_EXCEEDED,INVALID
1536,2,15,71,26083,32983,0,CAPACITY_EXCEEDED,INVALID
1537,2,15,72,26069,32969,0,CAPACITY_EXCEEDED,INVALID
1538,2,15,73,25409,32309,0,CAPACITY_EXCEEDED,INVALID
1539,2,15,74,27097,34197,0,CAPACITY_EXCEEDED,INVALID
1540,2,15,75,25519,32419,0,CAPACITY_EXCEEDED,INVALID
1541,2,15,76,25719,32619,0,CAPACITY_EXCEEDED,INVALID
1542,2,15,77,25942,32842,0,CAPACITY_EXCEEDED,INVALID
1543,2,15,78,25610,32510,0,CAPACITY_EXCEEDED,INVALID
1544,2,15,79,27096,34196,0,CAPACITY_EXCEEDED,INVALID
1545,2,15,80,26884,33984,0,CAPACITY_EXCEEDED,INVALID
1546,2,15,81,25573,32473,0,CAPACITY_EXCEEDED,INVALID
1547,2,15,82,26974,34074,0,CAPACITY_EXCEEDED,INVALID
1548,2,15,83,25880,32780,0,CAPACITY_EXCEEDED,INVALID
1549,2,15,84,25599,32499,0,CAPACITY_EXCEEDED,INVALID
1550,2,15,85,25160,32060,1,FEASIBLE,WORSE
1551,2,15,86,25535,32435,0,CAPACITY_EXCEEDED,INVALID
1552,2,15,87,25653,32553,0,CAPACITY_EXCEEDED,INVALID
1553,2,15,88,25843,32743,0,CAPACITY_EXCEEDED,INVALID
1554,2,15,89,25565,32465,0,CAPACITY_EXCEEDED,INVALID
1555,2,15,90,27071,34171,0,CAPACITY_EXCEEDED,INVALID
1556,2,15,91,26107,33007,0,CAPACITY_EXCEEDED,INVALID
1557,2,15,92,26897,33997,0,CAPACITY_EXCEEDED,INVALID
1558,2,15,93,26934,34034,0,CAPACITY_EXCEEDED,INVALID
1559,2,15,94,27000,34100,0,CAPACITY_EXCEEDED,INVALID
1560,2,15,95,26854,33954,0,CAPACITY_EXCEEDED,INVALID
1561,2,15,96,26923,34023,0,CAPACITY_EXCEEDED,INVALID
1562,2,15,97,25594,32494,0,CAPACITY_EXCEEDED,INVALID
1563,2,15,98,25551,32451,0,CAPACITY_EXCEEDED,INVALID
1564,2,15,99,25686,32586,0,CAPACITY_EXCEEDED,INVALID
1565,2,16,17,26108,33008,0,CAPACITY_EXCEEDED,INVALID
1566,2,16,18,26064,32964,0,CAPACITY_EXCEEDED,INVALID
1567,2,16,19,25131,31831,1,FEASIBLE,WORSE
1568,2,16,20,25136,31836,1,FEASIBLE,WORSE
1569,2,16,21,24620,31320,1,FEASIBLE,WORSE
1570,2,16,22,26102,33002,0,CAPACITY_EXCEEDED,INVALID
1571,2,16,23,24780,31480,1,FEASIBLE,WORSE
1572,2,16,24,24945,31645,1,FEASIBLE,WORSE
1573,2,16,25,24739,31439,1,FEASIBLE,WORSE
1574,2,16,26,25132,31832,1,FEASIBLE,WORSE
1575,2,16,27,24940,31640,1,FEASIBLE,WORSE
1576,2,16,28,24724,31424,1,FEASIBLE,WORSE
1577,2,16,29,24666,31366,1,FEASIBLE,WORSE
1578,2,16,30,24928,31628,1,FEASIBLE,WORSE
1579,2,16,31,24931,31631,1,FEASIBLE,WORSE
1580,2,16,32,24943,31643,1,FEASIBLE,WORSE
1581,2,16,33,24702,31402,1,FEASIBLE,WORSE
1582,2,16,34,24872,31572,1,FEASIBLE,WORSE
1583,2,16,35,25140,31840,1,FEASIBLE,WORSE
1584,2,16,36,26000,32900,0,CAPACITY_EXCEEDED,INVALID
1585,2,16,37,24605,31305,1,FEASIBLE,WORSE
1586,2,16,38,24519,31219,1,FEASIBLE,WORSE
1587,2,16,39,24976,31676,1,FEASIBLE,WORSE
1588,2,16,40,26155,33055,0,CAPACITY_EXCEEDED,INVALID
1589,2,16,41,26022,32922,0,CAPACITY_EXCEEDED,INVALID
1590,2,16,42,25041,31741,1,FEASIBLE,WORSE
1591,2,16,43,24829,31529,1,FEASIBLE,WORSE
1592,2,16,44,25884,32784,0,CAPACITY_EXCEEDED,INVALID
1593,2,16,45,25874,32774,0,CAPACITY_EXCEEDED,INVALID
1594,2,16,46,26099,32999,0,CAPACITY_EXCEEDED,INVALID
1595,2,16,47,24739,31439,1,FEASIBLE,WORSE
1596,2,16,48,25993,32893,0,CAPACITY_EXCEEDED,INVALID
1597,2,16,49,24491,31191,1,FEASIBLE,WORSE
1598,2,16,50,24858,31558,1,FEASIBLE,WORSE
1599,2,16,51,24574,31274,1,FEASIBLE,WORSE
1600,2,16,52,26045,32945,0,CAPACITY_EXCEEDED,INVALID
1601,2,16,53,26009,32909,0,CAPACITY_EXCEEDED,INVALID
1602,2,16,54,24656,31356,1,FEASIBLE,WORSE
1603,2,16,55,25752,32652,0,CAPACITY_EXCEEDED,INVALID
1604,2,16,56,25127,31827,1,FEASIBLE,WORSE
1605,2,16,57,24919,31619,1,FEASIBLE,WORSE
1606,2,16,58,25960,32860,0,CAPACITY_EXCEEDED,INVALID
1607,2,16,59,24747,31447,1,FEASIBLE,WORSE
1608,2,16,60,24988,31688,1,FEASIBLE,WORSE
1609,2,16,61,24613,31313,1,FEASIBLE,WORSE
1610,2,16,62,24458,31158,1,FEASIBLE,WORSE
1611,2,16,63,24487,31187,1,FEASIBLE,WORSE
1612,2,16,64,24787,31487,1,FEASIBLE,WORSE
1613,2,16,65,24723,31423,1,FEASIBLE,WORSE
1614,2,16,66,24653,31353,1,FEASIBLE,WORSE
1615,2,16,67,25941,32841,0,CAPACITY_EXCEEDED,INVALID
1616,2,16,68,24641,31341,1,FEASIBLE,WORSE
1617,2,16,69,24768,31468,1,FEASIBLE,WORSE
1618,2,16,70,24672,31372,1,FEASIBLE,WORSE
1619,2,16,71,25132,31832,1,FEASIBLE,WORSE
1620,2,16,72,25118,31818,1,FEASIBLE,WORSE
1621,2,16,73,24458,31158,1,FEASIBLE,WORSE
1622,2,16,74,26146,33046,0,CAPACITY_EXCEEDED,INVALID
1623,2,16,75,24568,31268,1,FEASIBLE,WORSE
1624,2,16,76,24768,31468,1,FEASIBLE,WORSE
1625,2,16,77,24991,31691,1,FEASIBLE,WORSE
1626,2,16,78,24659,31359,1,FEASIBLE,WORSE
1627,2,16,79,26145,33045,0,CAPACITY_EXCEEDED,INVALID
1628,2,16,80,25933,32833,0,CAPACITY_EXCEEDED,INVALID
1629,2,16,81,24622,31322,1,FEASIBLE,WORSE
1630,2,16,82,26023,32923,0,CAPACITY_EXCEEDED,INVALID
1631,2,16,83,24929,31629,1,FEASIBLE,WORSE
1632,2,16,84,24648,31348,1,FEASIBLE,WORSE
1633,2,16,85,24209,30909,1,FEASIBLE,WORSE
1634,2,16,86,24584,31284,1,FEASIBLE,WORSE
1635,2,16,87,24702,31402,1,FEASIBLE,WORSE
1636,2,16,88,24892,31592,1,FEASIBLE,WORSE
1637,2,16,89,24614,31314,1,FEASIBLE,WORSE
1638,2,16,90,26120,33020,0,CAPACITY_EXCEEDED,INVALID
1639,2,16,91,25156,31856,1,FEASIBLE,WORSE
1640,2,16,92,25946,32846,0,CAPACITY_EXCEEDED,INVALID
1641,2,16,93,25983,32883,0,CAPACITY_EXCEEDED,INVALID
1642,2,16,94,26049,32949,0,CAPACITY_EXCEEDED,INVALID
1643,2,16,95,25903,32803,0,CAPACITY_EXCEEDED,INVALID
1644,2,16,96,25972,32872,0,CAPACITY_EXCEEDED,INVALID
1645,2,16,97,24643,31343,1,FEASIBLE,WORSE
1646,2,16,98,24600,31300,1,FEASIBLE,WORSE
1647,2,16,99,24735,31435,1,FEASIBLE,WORSE
1648,2,17,18,27239,34339,0,CAPACITY_EXCEEDED,INVALID
1649,2,17,19,26306,33206,0,CAPACITY_EXCEEDED,INVALID
1650,2,17,20,26311,33211,0,CAPACITY_EXCEEDED,INVALID
1651,2,17,21,25795,32695,0,CAPACITY_EXCEEDED,INVALID
1652,2,17,22,27277,34377,0,CAPACITY_EXCEEDED,INVALID
1653,2,17,23,25955,32855,0,CAPACITY_EXCEEDED,INVALID
1654,2,17,24,26120,33020,0,CAPACITY_EXCEEDED,INVALID
1655,2,17,25,25914,32814,0,CAPACITY_EXCEEDED,INVALID
1656,2,17,26,26307,33207,0,CAPACITY_EXCEEDED,INVALID
1657,2,17,27,26115,33015,0,CAPACITY_EXCEEDED,INVALID
1658,2,17,28,25899,32799,0,CAPACITY_EXCEEDED,INVALID
1659,2,17,29,25841,32741,0,CAPACITY_EXCEEDED,INVALID
1660,2,17,30,26103,33003,0,CAPACITY_EXCEEDED,INVALID
1661,2,17,31,26106,33006,0,CAPACITY_EXCEEDED,INVALID
1662,2,17,32,26118,33018,0,CAPACITY_EXCEEDED,INVALID
1663,2,17,33,25877,32777,0,CAPACITY_EXCEEDED,INVALID
1664,2,17,34,26047,32947,0,CAPACITY_EXCEEDED,INVALID
1665,2,17,35,26315,33215,0,CAPACITY_EXCEEDED,INVALID
1666,2,17,36,27175,34275,0,CAPACITY_EXCEEDED,INVALID
1667,2,17,37,25780,32680,0,CAPACITY_EXCEEDED,INVALID
1668,2,17,38,25694,32594,0,CAPACITY_EXCEEDED,INVALID
1669,2,17,39,26151,33051,0,CAPACITY_EXCEEDED,INVALID
1670,2,17,40,27330,34430,0,CAPACITY_EXCEEDED,INVALID
1671,2,17,41,27197,34297,0,CAPACITY_EXCEEDED,INVALID
1672,2,17,42,26216,33116,0,CAPACITY_EXCEEDED,INVALID
1673,2,17,43,26004,32904,0,CAPACITY_EXCEEDED,INVALID
1674,2,17,44,27059,34159,0,CAPACITY_EXCEEDED,INVALID
1675,2,17,45,27049,34149,0,CAPACITY_EXCEEDED,INVALID
1676,2,17,46,27274,34374,0,CAPACITY_EXCEEDED,INVALID
1677,2,17,47,25914,32814,0,CAPACITY_EXCEEDED,INVALID
1678,2,17,48,27168,34268,0,CAPACITY_EXCEEDED,INVALID
1679,2,17,49,25666,32566,0,CAPACITY_EXCEEDED,INVALID
1680,2,17,50,26033,32933,0,CAPACITY_EXCEEDED,INVALID
1681,2,17,51,25749,32649,0,CAPACITY_EXCEEDED,INVALID
1682,2,17,52,27220,34320,0,CAPACITY_EXCEEDED,INVALID
1683,2,17,53,27184,34284,0,CAPACITY_EXCEEDED,INVALID
1684,2,17,54,25831,32731,0,CAPACITY_EXCEEDED,INVALID
1685,2,17,55,26927,34027,0,CAPACITY_EXCEEDED,INVALID
1686,2,17,56,26302,33202,0,CAPACITY_EXCEEDED,INVALID
1687,2,17,57,26094,32994,0,CAPACITY_EXCEEDED,INVALID
1688,2,17,58,27135,34235,0,CAPACITY_EXCEEDED,INVALID
1689,2,17,59,25922,32822,0,CAPACITY_EXCEEDED,INVALID
1690,2,17,60,26163,33063,0,CAPACITY_EXCEEDED,INVALID
1691,2,17,61,25788,32688,0,CAPACITY_EXCEEDED,INVALID
1692,2,17,62,25633,32533,0,CAPACITY_EXCEEDED,INVALID
1693,2,17,63,25662,32562,0,CAPACITY_EXCEEDED,INVALID
1694,2,17,64,25962,32862,0,CAPACITY_EXCEEDED,INVALID
1695,2,17,65,25898,32798,0,CAPACITY_EXCEEDED,INVALID
1696,2,17,66,25828,32728,0,CAPACITY_EXCEEDED,INVALID
1697,2,17,67,27116,34216,0,CAPACITY_EXCEEDED,INVALID
1698,2,17,68,25816,32716,0,CAPACITY_EXCEEDED,INVALID
1699,2,17,69,25943,32843,0,CAPACITY_EXCEEDED,INVALID
1700,2,17,70,25847,32747,0,CAPACITY_EXCEEDED,INVALID
1701,2,17,71,26307,33207,0,CAPACITY_EXCEEDED,INVALID
1702,2,17,72,26293,33193,0,CAPACITY_EXCEEDED,INVALID
1703,2,17,73,25633,32533,0,CAPACITY_EXCEEDED,INVALID
1704,2,17,74,27321,34421,0,CAPACITY_EXCEEDED,INVALID
1705,2,17,75,25743,32643,0,CAPACITY_EXCEEDED,INVALID
1706,2,17,76,25943,32843,0,CAPACITY_EXCEEDED,INVALID
1707,2,17,77,26166,33066,0,CAPACITY_EXCEEDED,INVALID
1708,2,17,78,25834,32734,0,CAPACITY_EXCEEDED,INVALID
1709,2,17,79,27320,34420,0,CAPACITY_EXCEEDED,INVALID
1710,2,17,80,27108,34208,0,CAPACITY_EXCEEDED,INVALID
1711,2,17,81,25797,32697,0,CAPACITY_EXCEEDED,INVALID
1712,2,17,82,27198,34298,0,CAPACITY_EXCEEDED,INVALID
1713,2,17,83,26104,33004,0,CAPACITY_EXCEEDED,INVALID
1714,2,17,84,25823,32723,0,CAPACITY_EXCEEDED,INVALID
1715,2,17,85,25384,32284,1,FEASIBLE,WORSE
1716,2,17,86,25759,32659,0,CAPACITY_EXCEEDED,INVALID
1717,2,17,87,25877,32777,0,CAPACITY_EXCEEDED,INVALID
1718,2,17,88,26067,32967,0,CAPACITY_EXCEEDED,INVALID
1719,2,17,89,25789,32689,0,CAPACITY_EXCEEDED,INVALID
1720,2,17,90,27295,34395,0,CAPACITY_EXCEEDED,INVALID
1721,2,17,91,26331,33231,0,CAPACITY_EXCEEDED,INVALID
1722,2,17,92,27121,34221,0,CAPACITY_EXCEEDED,INVALID
1723,2,17,93,27158,34258,0,CAPACITY_EXCEEDED,INVALID
1724,2,17,94,27224,34324,0,CAPACITY_EXCEEDED,INVALID
1725,2,17,95,27078,34178,0,CAPACITY_EXCEEDED,INVALID
1726,2,17,96,27147,34247,0,CAPACITY_EXCEEDED,INVALID
1727,2,17,97,25818,32718,0,CAPACITY_EXCEEDED,INVALID
1728,2,17,98,25775,32675,0,CAPACITY_EXCEEDED,INVALID
1729,2,17,99,25910,32810,0,CAPACITY_EXCEEDED,INVALID
1730,2,18,19,26262,33162,0,CAPACITY_EXCEEDED,INVALID
1731,2,18,20,26267,33167,0,CAPACITY_EXCEEDED,INVALID
1732,2,18,21,25751,32651,0,CAPACITY_EXCEEDED,INVALID
1733,2,18,22,27233,34333,0,CAPACITY_EXCEEDED,INVALID
1734,2,18,23,25911,32811,0,CAPACITY_EXCEEDED,INVALID
1735,2,18,24,26076,32976,0,CAPACITY_EXCEEDED,INVALID
1736,2,18,25,25870,32770,0,CAPACITY_EXCEEDED,INVALID
1737,2,18,26,26263,33163,0,CAPACITY_EXCEEDED,INVALID
1738,2,18,27,26071,32971,0,CAPACITY_EXCEEDED,INVALID
1739,2,18,28,25855,32755,0,CAPACITY_EXCEEDED,INVALID
1740,2,18,29,25797,32697,0,CAPACITY_EXCEEDED,INVALID
1741,2,18,30,26059,32959,0,CAPACITY_EXCEEDED,INVALID
1742,2,18,31,26062,32962,0,CAPACITY_EXCEEDED,INVALID
1743,2,18,32,26074,32974,0,CAPACITY_EXCEEDED,INVALID
1744,2,18,33,25833,32733,0,CAPACITY_EXCEEDED,INVALID
1745,2,18,34,26003,32903,0,CAPACITY_EXCEEDED,INVALID
1746,2,18,35,26271,33171,0,CAPACITY_EXCEEDED,INVALID
1747,2,18,36,27131,34231,0,CAPACITY_EXCEEDED,INVALID
1748,2,18,37,25736,32636,0,CAPACITY_EXCEEDED,INVALID
1749,2,18,38,25650,32550,0,CAPACITY_EXCEEDED,INVALID
1750,2,18,39,26107,33007,0,CAPACITY_EXCEEDED,INVALID
1751,2,18,40,27286,34386,0,CAPACITY_EXCEEDED,INVALID
1752,2,18,41,27153,34253,0,CAPACITY_EXCEEDED,INVALID
1753,2,18,42,26172,33072,0,CAPACITY_EXCEEDED,INVALID
1754,2,18,43,25960,32860,0,CAPACITY_EXCEEDED,INVALID
1755,2,18,44,27015,34115,0,CAPACITY_EXCEEDED,INVALID
1756,2,18,45,27005,34105,0,CAPACITY_EXCEEDED,INVALID
1757,2,18,46,27230,34330,0,CAPACITY_EXCEEDED,INVALID
1758,2,18,47,25870,32770,0,CAPACITY_EXCEEDED,INVALID
1759,2,18,48,27124,34224,0,CAPACITY_EXCEEDED,INVALID
1760,2,18,49,25622,32522,0,CAPACITY_EXCEEDED,INVALID
1761,2,18,50,25989,32889,0,CAPACITY_EXCEEDED,INVALID
1762,2,18,51,25705,32605,0,CAPACITY_EXCEEDED,INVALID
1763,2,18,52,27176,34276,0,CAPACITY_EXCEEDED,INVALID
1764,2,18,53,27140,34240,0,CAPACITY_EXCEEDED,INVALID
1765,2,18,54,25787,32687,0,CAPACITY_EXCEEDED,INVALID
1766,2,18,55,26883,33983,0,CAPACITY_EXCEEDED,INVALID
1767,2,18,56,26258,33158,0,CAPACITY_EXCEEDED,INVALID
1768,2,18,57,26050,32950,0,CAPACITY_EXCEEDED,INVALID
1769,2,18,58,27091,34191,0,CAPACITY_EXCEEDED,INVALID
1770,2,18,59,25878,32778,0,CAPACITY_EXCEEDED,INVALID
1771,2,18,60,26119,33019,0,CAPACITY_EXCEEDED,INVALID
1772,2,18,61,25744,32644,0,CAPACITY_EXCEEDED,INVALID
1773,2,18,62,25589,32489,0,CAPACITY_EXCEEDED,INVALID
1774,2,18,63,25618,32518,0,CAPACITY_EXCEEDED,INVALID
1775,2,18,64,25918,32818,0,CAPACITY_EXCEEDED,INVALID
1776,2,18,65,25854,32754,0,CAPACITY_EXCEEDED,INVALID
1777,2,18,66,25784,32684,0,CAPACITY_EXCEEDED,INVALID
1778,2,18,67,27072,34172,0,CAPACITY_EXCEEDED,INVALID
1779,2,18,68,25772,32672,0,CAPACITY_EXCEEDED,INVALID
1780,2,18,69,25899,32799,0,CAPACITY_EXCEEDED,INVALID
1781,2,18,70,25803,32703,0,CAPACITY_EXCEEDED,INVALID
1782,2,18,71,26263,33163,0,CAPACITY_EXCEEDED,INVALID
1783,2,18,72,26249,33149,0,CAPACITY_EXCEEDED,INVALID
1784,2,18,73,25589,32489,0,CAPACITY_EXCEEDED,INVALID
1785,2,18,74,27277,34377,0,CAPACITY_EXCEEDED,INVALID
1786,2,18,75,25699,32599,0,CAPACITY_EXCEEDED,INVALID
1787,2,18,76,25899,32799,0,CAPACITY_EXCEEDED,INVALID
1788,2,18,77,26122,33022,0,CAPACITY_EXCEEDED,INVALID
1789,2,18,78,25790,32690,0,CAPACITY_EXCEEDED,INVALID
1790,2,18,79,27276,34376,0,CAPACITY_EXCEEDED,INVALID
1791,2,18,80,27064,34164,0,CAPACITY_EXCEEDED,INVALID
1792,2,18,81,25753,32653,0,CAPACITY_EXCEEDED,INVALID
1793,2,18,82,27154,34254,0,CAPACITY_EXCEEDED,INVALID
1794,2,18,83,26060,32960,0,CAPACITY_EXCEEDED,INVALID
1795,2,18,84,25779,32679,0,CAPACITY_EXCEEDED,INVALID
1796,2,18,85,25340,32240,1,FEASIBLE,WORSE
1797,2,18,86,25715,32615,0,CAPACITY_EXCEEDED,INVALID
1798,2,18,87,25833,32733,0,CAPACITY_EXCEEDED,INVALID
1799,2,18,88,26023,32923,0,CAPACITY_EXCEEDED,INVALID
1800,2,18,89,25745,32645,0,CAPACITY_EXCEEDED,INVALID
1801,2,18,90,27251,34351,0,CAPACITY_EXCEEDED,INVALID
1802,2,18,91,26287,33187,0,CAPACITY_EXCEEDED,INVALID
1803,2,18,92,27077,34177,0,CAPACITY_EXCEEDED,INVALID
1804,2,18,93,27114,34214,0,CAPACITY_EXCEEDED,INVALID
1805,2,18,94,27180,34280,0,CAPACITY_EXCEEDED,INVALID
1806,2,18,95,27034,34134,0,CAPACITY_EXCEEDED,INVALID
1807,2,18,96,27103,34203,0,CAPACITY_EXCEEDED,INVALID
1808,2,18,97,25774,32674,0,CAPACITY_EXCEEDED,INVALID
1809,2,18,98,25731,32631,0,CAPACITY_EXCEEDED,INVALID
1810,2,18,99,25866,32766,0,CAPACITY_EXCEEDED,INVALID
1811,2,19,20,25334,32034,1,FEASIBLE,WORSE
1812,2,19,21,24818,31518,1,FEASIBLE,WORSE
1813,2,19,22,26300,33200,0,CAPACITY_EXCEEDED,INVALID
1814,2,19,23,24978,31678,1,FEASIBLE,WORSE
1815,2,19,24,25143,31843,1,FEASIBLE,WORSE
1816,2,19,25,24937,31637,1,FEASIBLE,WORSE
1817,2,19,26,25330,32030,1,FEASIBLE,WORSE
1818,2,19,27,25138,31838,1,FEASIBLE,WORSE
1819,2,19,28,24922,31622,1,FEASIBLE,WORSE
1820,2,19,29,24864,31564,1,FEASIBLE,WORSE
1821,2,19,30,25126,31826,1,FEASIBLE,WORSE
1822,2,19,31,25129,31829,1,FEASIBLE,WORSE
1823,2,19,32,25141,31841,1,FEASIBLE,WORSE
1824,2,19,33,24900,31600,1,FEASIBLE,WORSE
1825,2,19,34,25070,31770,1,FEASIBLE,WORSE
1826,2,19,35,25338,32038,1,FEASIBLE,WORSE
1827,2,19,36,26198,33098,0,CAPACITY_EXCEEDED,INVALID
1828,2,19,37,24803,31503,1,FEASIBLE,WORSE
1829,2,19,38,24717,31417,1,FEASIBLE,WORSE
1830,2,19,39,25174,31874,1,FEASIBLE,WORSE
1831,2,19,40,26353,33253,0,CAPACITY_EXCEEDED,INVALID
1832,2,19,41,26220,33120,0,CAPACITY_EXCEEDED,INVALID
1833,2,19,42,25239,31939,1,FEASIBLE,WORSE
1834,2,19,43,25027,31727,1,FEASIBLE,WORSE
1835,2,19,44,26082,32982,0,CAPACITY_EXCEEDED,INVALID
1836,2,19,45,26072,32972,0,CAPACITY_EXCEEDED,INVALID
1837,2,19,46,26297,33197,0,CAPACITY_EXCEEDED,INVALID
1838,2,19,47,24937,31637,1,FEASIBLE,WORSE
1839,2,19,48,26191,33091,0,CAPACITY_EXCEEDED,INVALID
1840,2,19,49,24689,31389,1,FEASIBLE,WORSE
1841,2,19,50,25056,31756,1,FEASIBLE,WORSE
1842,2,19,51,24772,31472,1,FEASIBLE,WORSE
1843,2,19,52,26243,33143,0,CAPACITY_EXCEEDED,INVALID
1844,2,19,53,26207,33107,0,CAPACITY_EXCEEDED,INVALID
1845,2,19,54,24854,31554,1,FEASIBLE,WORSE
1846,2,19,55,25950,32850,0,CAPACITY_EXCEEDED,INVALID
1847,2,19,56,25325,32025,1,FEASIBLE,WORSE
1848,2,19,57,25117,31817,1,FEASIBLE,WORSE
1849,2,19,58,26158,33058,0,CAPACITY_EXCEEDED,INVALID
1850,2,19,59,24945,31645,1,FEASIBLE,WORSE
1851,2,19,60,25186,31886,1,FEASIBLE,WORSE
1852,2,19,61,24811,31511,1,FEASIBLE,WORSE
1853,2,19,62,24656,31356,1,FEASIBLE,WORSE
1854,2,19,63,24685,31385,1,FEASIBLE,WORSE
1855,2,19,64,24985,31685,1,FEASIBLE,WORSE
1856,2,19,65,24921,31621,1,FEASIBLE,WORSE
1857,2,19,66,24851,31551,1,FEASIBLE,WORSE
1858,2,19,67,26139,33039,0,CAPACITY_EXCEEDED,INVALID
1859,2,19,68,24839,31539,1,FEASIBLE,WORSE
1860,2,19,69,24966,31666,1,FEASIBLE,WORSE
1861,2,19,70,24870,31570,1,FEASIBLE,WORSE
1862,2,19,71,25330,32030,1,FEASIBLE,WORSE
1863,2,19,72,25316,32016,1,FEASIBLE,WORSE
1864,2,19,73,24656,31356,1,FEASIBLE,WORSE
1865,2,19,74,26344,33244,0,CAPACITY_EXCEEDED,INVALID
1866,2,19,75,24766,31466,1,FEASIBLE,WORSE
1867,2,19,76,24966,31666,1,FEASIBLE,WORSE
1868,2,19,77,25189,31889,1,FEASIBLE,WORSE
1869,2,19,78,24857,31557,1,FEASIBLE,WORSE
1870,2,19,79,26343,33243,0,CAPACITY_EXCEEDED,INVALID
1871,2,19,80,26131,33031,0,CAPACITY_EXCEEDED,INVALID
1872,2,19,81,24820,31520,1,FEASIBLE,WORSE
1873,2,19,82,26221,33121,0,CAPACITY_EXCEEDED,INVALID
1874,2,19,83,25127,31827,1,FEASIBLE,WORSE
1875,2,19,84,24846,31546,1,FEASIBLE,WORSE
1876,2,19,85,24407,31107,1,FEASIBLE,WORSE
1877,2,19,86,24782,31482,1,FEASIBLE,WORSE
1878,2,19,87,24900,31600,1,FEASIBLE,WORSE
1879,2,19,88,25090,31790,1,FEASIBLE,WORSE
1880,2,19,89,24812,31512,1,FEASIBLE,WORSE
1881,2,19,90,26318,33218,0,CAPACITY_EXCEEDED,INVALID
1882,2,19,91,25354,32054,1,FEASIBLE,WORSE
1883,2,19,92,26144,33044,0,CAPACITY_EXCEEDED,INVALID
1884,2,19,93,26181,33081,0,CAPACITY_EXCEEDED,INVALID
1885,2,19,94,26247,33147,0,CAPACITY_EXCEEDED,INVALID
1886,2,19,95,26101,33001,0,CAPACITY_EXCEEDED,INVALID
1887,2,19,96,26170,33070,0,CAPACITY_EXCEEDED,INVALID
1888,2,19,97,24841,31541,1,FEASIBLE,WORSE
1889,2,19,98,24798,31498,1,FEASIBLE,WORSE
1890,2,19,99,24933,31633,1,FEASIBLE,WORSE
1891,2,20,21,24823,31523,1,FEASIBLE,WORSE
1892,2,20,22,26305,33205,0,CAPACITY_EXCEEDED,INVALID
1893,2,20,23,24983,31683,1,FEASIBLE,WORSE
1894,2,20,24,25148,31848,1,FEASIBLE,WORSE
1895,2,20,25,24942,31642,1,FEASIBLE,WORSE
1896,2,20,26,25335,32035,1,FEASIBLE,WORSE
1897,2,20,27,25143,31843,1,FEASIBLE,WORSE
1898,2,20,28,24927,31627,1,FEASIBLE,WORSE
1899,2,20,29,24869,31569,1,FEASIBLE,WORSE
1900,2,20,30,25131,31831,1,FEASIBLE,WORSE
1901,2,20,31,25134,31834,1,FEASIBLE,WORSE
1902,2,20,32,25146,31846,1,FEASIBLE,WORSE
1903,2,20,33,24905,31605,1,FEASIBLE,WORSE
1904,2,20,34,25075,31775,1,FEASIBLE,WORSE
1905,2,20,35,25343,32043,1,FEASIBLE,WORSE
1906,2,20,36,26203,33103,0,CAPACITY_EXCEEDED,INVALID
1907,2,20,37,24808,31508,1,FEASIBLE,WORSE
1908,2,20,38,24722,31422,1,FEASIBLE,WORSE
1909,2,20,39,25179,31879,1,FEASIBLE,WORSE
1910,2,20,40,26358,33258,0,CAPACITY_EXCEEDED,INVALID
1911,2,20,41,26225,33125,0,CAPACITY_EXCEEDED,INVALID
1912,2,20,42,25244,31944,1,FEASIBLE,WORSE
1913,2,20,43,25032,31732,1,FEASIBLE,WORSE
1914,2,20,44,26087,32987,0,CAPACITY_EXCEEDED,INVALID
1915,2,20,45,26077,32977,0,CAPACITY_EXCEEDED,INVALID
1916,2,20,46,26302,33202,0,CAPACITY_EXCEEDED,INVALID
1917,2,20,47,24942,31642,1,FEASIBLE,WORSE
1918,2,20,48,26196,33096,0,CAPACITY_EXCEEDED,INVALID
1919,2,20,49,24694,31394,1,FEASIBLE,WORSE
1920,2,20,50,25061,31761,1,FEASIBLE,WORSE
1921,2,20,51,24777,31477,1,FEASIBLE,WORSE
1922,2,20,52,26248,33148,0,CAPACITY_EXCEEDED,INVALID
1923,2,20,53,26212,33112,0,CAPACITY_EXCEEDED,INVALID
1924,2,20,54,24859,31559,1,FEASIBLE,WORSE
1925,2,20,55,25955,32855,0,CAPACITY_EXCEEDED,INVALID
1926,2,20,56,25330,32030,1,FEASIBLE,WORSE
1927,2,20,57,25122,31822,1,FEASIBLE,WORSE
1928,2,20,58,26163,33063,0,CAPACITY_EXCEEDED,INVALID
1929,2,20,59,24950,31650,1,FEASIBLE,WORSE
1930,2,20,60,25191,31891,1,FEASIBLE,WORSE
1931,2,20,61,24816,31516,1,FEASIBLE,WORSE
1932,2,20,62,24661,31361,1,FEASIBLE,WORSE
1933,2,20,63,24690,31390,1,FEASIBLE,WORSE
1934,2,20,64,24990,31690,1,FEASIBLE,WORSE
1935,2,20,65,24926,31626,1,FEASIBLE,WORSE
1936,2,20,66,24856,31556,1,FEASIBLE,WORSE
1937,2,20,67,26144,33044,0,CAPACITY_EXCEEDED,INVALID
1938,2,20,68,24844,31544,1,FEASIBLE,WORSE
1939,2,20,69,24971,31671,1,FEASIBLE,WORSE
1940,2,20,70,24875,31575,1,FEASIBLE,WORSE
1941,2,20,71,25335,32035,1,FEASIBLE,WORSE
1942,2,20,72,25321,32021,1,FEASIBLE,WORSE
1943,2,20,73,24661,31361,1,FEASIBLE,WORSE
1944,2,20,74,26349,33249,0,CAPACITY_EXCEEDED,INVALID
1945,2,20,75,24771,31471,1,FEASIBLE,WORSE
1946,2,20,76,24971,31671,1,FEASIBLE,WORSE
1947,2,20,77,25194,31894,1,FEASIBLE,WORSE
1948,2,20,78,24862,31562,1,FEASIBLE,WORSE
1949,2,20,79,26348,33248,0,CAPACITY_EXCEEDED,INVALID
1950,2,20,80,26136,33036,0,CAPACITY_EXCEEDED,INVALID
1951,2,20,81,24825,31525,1,FEASIBLE,WORSE
1952,2,20,82,26226,33126,0,CAPACITY_EXCEEDED,INVALID
1953,2,20,83,25132,31832,1,FEASIBLE,WORSE
1954,2,20,84,24851,31551,1,FEASIBLE,WORSE
1955,2,20,85,24412,31112,1,FEASIBLE,WORSE
1956,2,20,86,24787,31487,1,FEASIBLE,WORSE
1957,2,20,87,24905,31605,1,FEASIBLE,WORSE
1958,2,20,88,25095,31795,1,FEASIBLE,WORSE
1959,2,20,89,24817,31517,1,FEASIBLE,WORSE
1960,2,20,90,26323,33223,0,CAPACITY_EXCEEDED,INVALID
1961,2,20,91,25359,32059,1,FEASIBLE,WORSE
1962,2,20,92,26149,33049,0,CAPACITY_EXCEEDED,INVALID
1963,2,20,93,26186,33086,0,CAPACITY_EXCEEDED,INVALID
1964,2,20,94,26252,33152,0,CAPACITY_EXCEEDED,INVALID
1965,2,20,95,26106,33006,0,CAPACITY_EXCEEDED,INVALID
1966,2,20,96,26175,33075,0,CAPACITY_EXCEEDED,INVALID
1967,2,20,97,24846,31546,1,FEASIBLE,WORSE
1968,2,20,98,24803,31503,1,FEASIBLE,WORSE
1969,2,20,99,24938,31638,1,FEASIBLE,WORSE
1970,2,21,22,25789,32689,0,CAPACITY_EXCEEDED,INVALID
1971,2,21,23,24467,31167,1,FEASIBLE,WORSE
1972,2,21,24,24632,31332,1,FEASIBLE,WORSE
1973,2,21,25,24426,31126,1,FEASIBLE,WORSE
1974,2,21,26,24819,31519,1,FEASIBLE,WORSE
1975,2,21,27,24627,31327,1,FEASIBLE,WORSE
1976,2,21,28,24411,31111,1,FEASIBLE,WORSE
1977,2,21,29,24353,31053,1,FEASIBLE,WORSE
1978,2,21,30,24615,31315,1,FEASIBLE,WORSE
1979,2,21,31,24618,31318,1,FEASIBLE,WORSE
1980,2,21,32,24630,31330,1,FEASIBLE,WORSE
1981,2,21,33,24389,31089,1,FEASIBLE,WORSE
1982,2,21,34,24559,31259,1,FEASIBLE,WORSE
1983,2,21,35,24827,31527,1,FEASIBLE,WORSE
1984,2,21,36,25687,32587,0,CAPACITY_EXCEEDED,INVALID
1985,2,21,37,24292,30992,1,FEASIBLE,WORSE
1986,2,21,38,24206,30906,1,FEASIBLE,WORSE
1987,2,21,39,24663,31363,1,FEASIBLE,WORSE
1988,2,21,40,25842,32742,0,CAPACITY_EXCEEDED,INVALID
1989,2,21,41,25709,32609,0,CAPACITY_EXCEEDED,INVALID
1990,2,21,42,24728,31428,1,FEASIBLE,WORSE
1991,2,21,43,24516,31216,1,FEASIBLE,WORSE
1992,2,21,44,25571,32471,0,CAPACITY_EXCEEDED,INVALID
1993,2,21,45,25561,32461,0,CAPACITY_EXCEEDED,INVALID
1994,2,21,46,25786,32686,0,CAPACITY_EXCEEDED,INVALID
1995,2,21,47,24426,31126,1,FEASIBLE,WORSE
1996,2,21,48,25680,32580,0,CAPACITY_EXCEEDED,INVALID
1997,2,21,49,24178,30878,1,FEASIBLE,WORSE
1998,2,21,50,24545,31245,1,FEASIBLE,WORSE
1999,2,21,51,24261,30961,1,FEASIBLE,WORSE
2000,2,21,52,25732,32632,0,CAPACITY_EXCEEDED,INVALID
2001,2,21,53,25696,32596,0,CAPACITY_EXCEEDED,INVALID
2002,2,21,54,24343,31043,1,FEASIBLE,WORSE
2003,2,21,55,25439,32339,0,CAPACITY_EXCEEDED,INVALID
2004,2,21,56,24814,31514,1,FEASIBLE,WORSE
2005,2,21,57,24606,31306,1,FEASIBLE,WORSE
2006,2,21,58,25647,32547,0,CAPACITY_EXCEEDED,INVALID
2007,2,21,59,24434,31134,1,FEASIBLE,WORSE
2008,2,21,60,24675,31375,1,FEASIBLE,WORSE
2009,2,21,61,24300,31000,1,FEASIBLE,WORSE
2010,2,21,62,24145,30845,1,FEASIBLE,WORSE
2011,2,21,63,24174,30874,1,FEASIBLE,WORSE
2012,2,21,64,24474,31174,1,FEASIBLE,WORSE
2013,2,21,65,24410,31110,1,FEASIBLE,WORSE
2014,2,21,66,24340,31040,1,FEASIBLE,WORSE
2015,2,21,67,25628,32528,0,CAPACITY_EXCEEDED,INVALID
2016,2,21,68,24328,31028,1,FEASIBLE,WORSE
2017,2,21,69,24455,31155,1,FEASIBLE,WORSE
2018,2,21,70,24359,31059,1,FEASIBLE,WORSE
2019,2,21,71,24819,31519,1,FEASIBLE,WORSE
2020,2,21,72,24805,31505,1,FEASIBLE,WORSE
2021,2,21,73,24145,30845,1,FEASIBLE,WORSE
2022,2,21,74,25833,32733,0,CAPACITY_EXCEEDED,INVALID
2023,2,21,75,24255,30955,1,FEASIBLE,WORSE
2024,2,21,76,24455,31155,1,FEASIBLE,WORSE
2025,2,21,77,24678,31378,1,FEASIBLE,WORSE
2026,2,21,78,24346,31046,1,FEASIBLE,WORSE
2027,2,21,79,25832,32732,0,CAPACITY_EXCEEDED,INVALID
2028,2,21,80,25620,32520,0,CAPACITY_EXCEEDED,INVALID
2029,2,21,81,24309,31009,1,FEASIBLE,WORSE
2030,2,21,82,25710,32610,0,CAPACITY_EXCEEDED,INVALID
2031,2,21,83,24616,31316,1,FEASIBLE,WORSE
2032,2,21,84,24335,31035,1,FEASIBLE,WORSE
2033,2,21,85,23896,30596,1,FEASIBLE,WORSE
2034,2,21,86,24271,30971,1,FEASIBLE,WORSE
2035,2,21,87,24389,31089,1,FEASIBLE,WORSE
2036,2,21,88,24579,31279,1,FEASIBLE,WORSE
2037,2,21,89,24301,31001,1,FEASIBLE,WORSE
2038,2,21,90,25807,32707,0,CAPACITY_EXCEEDED,INVALID
2039,2,21,91,24843,31543,1,FEASIBLE,WORSE
2040,2,21,92,25633,32533,0,CAPACITY_EXCEEDED,INVALID
2041,2,21,93,25670,32570,0,CAPACITY_EXCEEDED,INVALID
2042,2,21,94,25736,32636,0,CAPACITY_EXCEEDED,INVALID
2043,2,21,95,25590,32490,0,CAPACITY_EXCEEDED,INVALID
2044,2,21,96,25659,32559,0,CAPACITY_EXCEEDED,INVALID
2045,2,21,97,24330,31030,1,FEASIBLE,WORSE
2046,2,21,98,24287,30987,1,FEASIBLE,WORSE
2047,2,21,99,24422,31122,1,FEASIBLE,WORSE
2048,2,22,23,25949,32849,0,CAPACITY_EXCEEDED,INVALID
2049,2,22,24,26114,33014,0,CAPACITY_EXCEEDED,INVALID
2050,2,22,25,25908,32808,0,CAPACITY_EXCEEDED,INVALID
2051,2,22,26,26301,33201,0,CAPACITY_EXCEEDED,INVALID
2052,2,22,27,26109,33009,0,CAPACITY_EXCEEDED,INVALID
2053,2,22,28,25893,32793,0,CAPACITY_EXCEEDED,INVALID
2054,2,22,29,25835,32735,0,CAPACITY_EXCEEDED,INVALID
2055,2,22,30,26097,32997,0,CAPACITY_EXCEEDED,INVALID
2056,2,22,31,26100,33000,0,CAPACITY_EXCEEDED,INVALID
2057,2,22,32,26112,33012,0,CAPACITY_EXCEEDED,INVALID
2058,2,22,33,25871,32771,0,CAPACITY_EXCEEDED,INVALID
2059,2,22,34,26041,32941,0,CAPACITY_EXCEEDED,INVALID
2060,2,22,35,26309,33209,0,CAPACITY_EXCEEDED,INVALID
2061,2,22,36,27169,34269,0,CAPACITY_EXCEEDED,INVALID
2062,2,22,37,25774,32674,0,CAPACITY_EXCEEDED,INVALID
2063,2,22,38,25688,32588,0,CAPACITY_EXCEEDED,INVALID
2064,2,22,39,26145,33045,0,CAPACITY_EXCEEDED,INVALID
2065,2,22,40,27324,34424,0,CAPACITY_EXCEEDED,INVALID
2066,2,22,41,27191,34291,0,CAPACITY_EXCEEDED,INVALID
2067,2,22,42,26210,33110,0,CAPACITY_EXCEEDED,INVALID
2068,2,22,43,25998,32898,0,CAPACITY_EXCEEDED,INVALID
2069,2,22,44,27053,34153,0,CAPACITY_EXCEEDED,INVALID
2070,2,22,45,27043,34143,0,CAPACITY_EXCEEDED,INVALID
2071,2,22,46,27268,34368,0,CAPACITY_EXCEEDED,INVALID
2072,2,22,47,25908,32808,0,CAPACITY_EXCEEDED,INVALID
2073,2,22,48,27162,34262,0,CAPACITY_EXCEEDED,INVALID
2074,2,22,49,25660,32560,0,CAPACITY_EXCEEDED,INVALID
2075,2,22,50,26027,32927,0,CAPACITY_EXCEEDED,INVALID
2076,2,22,51,25743,32643,0,CAPACITY_EXCEEDED,INVALID
2077,2,22,52,27214,34314,0,CAPACITY_EXCEEDED,INVALID
2078,2,22,53,27178,34278,0,CAPACITY_EXCEEDED,INVALID
2079,2,22,54,25825,32725,0,CAPACITY_EXCEEDED,INVALID
2080,2,22,55,26921,34021,0,CAPACITY_EXCEEDED,INVALID
2081,2,22,56,26296,33196,0,CAPACITY_EXCEEDED,INVALID
2082,2,22,57,26088,32988,0,CAPACITY_EXCEEDED,INVALID
2083,2,22,58,27129,34229,0,CAPACITY_EXCEEDED,INVALID
2084,2,22,59,25916,32816,0,CAPACITY_EXCEEDED,INVALID
2085,2,22,60,26157,33057,0,CAPACITY_EXCEEDED,INVALID
2086,2,22,61,25782,32682,0,CAPACITY_EXCEEDED,INVALID
2087,2,22,62,25627,32527,0,CAPACITY_EXCEEDED,INVALID
2088,2,22,63,25656,32556,0,CAPACITY_EXCEEDED,INVALID
2089,2,22,64,25956,32856,0,CAPACITY_EXCEEDED,INVALID
2090,2,22,65,25892,32792,0,CAPACITY_EXCEEDED,INVALID
2091,2,22,66,25822,32722,0,CAPACITY_EXCEEDED,INVALID
2092,2,22,67,27110,34210,0,CAPACITY_EXCEEDED,INVALID
2093,2,22,68,25810,32710,0,CAPACITY_EXCEEDED,INVALID
2094,2,22,69,25937,32837,0,CAPACITY_EXCEEDED,INVALID
2095,2,22,70,25841,32741,0,CAPACITY_EXCEEDED,INVALID
2096,2,22,71,26301,33201,0,CAPACITY_EXCEEDED,INVALID
2097,2,22,72,26287,33187,0,CAPACITY_EXCEEDED,INVALID
2098,2,22,73,25627,32527,0,CAPACITY_EXCEEDED,INVALID
2099,2,22,74,27315,34415,0,CAPACITY_EXCEEDED,INVALID
2100,2,22,75,25737,32637,0,CAPACITY_EXCEEDED,INVALID
2101,2,22,76,25937,32837,0,CAPACITY_EXCEEDED,INVALID
2102,2,22,77,26160,33060,0,CAPACITY_EXCEEDED,INVALID
2103,2,22,78,25828,32728,0,CAPACITY_EXCEEDED,INVALID
2104,2,22,79,27314,34414,0,CAPACITY_EXCEEDED,INVALID
2105,2,22,80,27102,34202,0,CAPACITY_EXCEEDED,INVALID
2106,2,22,81,25791,32691,0,CAPACITY_EXCEEDED,INVALID
2107,2,22,82,27192,34292,0,CAPACITY_EXCEEDED,INVALID
2108,2,22,83,26098,32998,0,CAPACITY_EXCEEDED,INVALID
2109,2,22,84,25817,32717,0,CAPACITY_EXCEEDED,INVALID
2110,2,22,85,25378,32278,1,FEASIBLE,WORSE
2111,2,22,86,25753,32653,0,CAPACITY_EXCEEDED,INVALID
2112,2,22,87,25871,32771,0,CAPACITY_EXCEEDED,INVALID
2113,2,22,88,26061,32961,0,CAPACITY_EXCEEDED,INVALID
2114,2,22,89,25783,32683,0,CAPACITY_EXCEEDED,INVALID
2115,2,22,90,27289,34389,0,CAPACITY_EXCEEDED,INVALID
2116,2,22,91,26325,33225,0,CAPACITY_EXCEEDED,INVALID
2117,2,22,92,27115,34215,0,CAPACITY_EXCEEDED,INVALID
2118,2,22,93,27152,34252,0,CAPACITY_EXCEEDED,INVALID
2119,2,22,94,27218,34318,0,CAPACITY_EXCEEDED,INVALID
2120,2,22,95,27072,34172,0,CAPACITY_EXCEEDED,INVALID
2121,2,22,96,27141,34241,0,CAPACITY_EXCEEDED,INVALID
2122,2,22,97,25812,32712,0,CAPACITY_EXCEEDED,INVALID
2123,2,22,98,25769,32669,0,CAPACITY_EXCEEDED,INVALID
2124,2,22,99,25904,32804,0,CAPACITY_EXCEEDED,INVALID
2125,2,23,24,24792,31492,1,FEASIBLE,WORSE
2126,2,23,25,24586,31286,1,FEASIBLE,WORSE
2127,2,23,26,24979,31679,1,FEASIBLE,WORSE
2128,2,23,27,24787,31487,1,FEASIBLE,WORSE
2129,2,23,28,24571,31271,1,FEASIBLE,WORSE
2130,2,23,29,24513,31213,1,FEASIBLE,WORSE
2131,2,23,30,24775,31475,1,FEASIBLE,WORSE
2132,2,23,31,24778,31478,1,FEASIBLE,WORSE
2133,2,23,32,24790,31490,1,FEASIBLE,WORSE
2134,2,23,33,24549,31249,1,FEASIBLE,WORSE
2135,2,23,34,24719,31419,1,FEASIBLE,WORSE
2136,2,23,35,24987,31687,1,FEASIBLE,WORSE
2137,2,23,36,25847,32747,0,CAPACITY_EXCEEDED,INVALID
2138,2,23,37,24452,31152,1,FEASIBLE,WORSE
2139,2,23,38,24366,31066,1,FEASIBLE,WORSE
2140,2,23,39,24823,31523,1,FEASIBLE,WORSE
2141,2,23,40,26002,32902,0,CAPACITY_EXCEEDED,INVALID
2142,2,23,41,25869,32769,0,CAPACITY_EXCEEDED,INVALID
2143,2,23,42,24888,31588,1,FEASIBLE,WORSE
2144,2,23,43,24676,31376,1,FEASIBLE,WORSE
2145,2,23,44,25731,32631,0,CAPACITY_EXCEEDED,INVALID
2146,2,23,45,25721,32621,0,CAPACITY_EXCEEDED,INVALID
2147,2,23,46,25946,32846,0,CAPACITY_EXCEEDED,INVALID
2148,2,23,47,24586,31286,1,FEASIBLE,WORSE
2149,2,23,48,25840,32740,0,CAPACITY_EXCEEDED,INVALID
2150,2,23,49,24338,31038,1,FEASIBLE,WORSE
2151,2,23,50,24705,31405,1,FEASIBLE,WORSE
2152,2,23,51,24421,31121,1,FEASIBLE,WORSE
2153,2,23,52,25892,32792,0,CAPACITY_EXCEEDED,INVALID
2154,2,23,53,25856,32756,0,CAPACITY_EXCEEDED,INVALID
2155,2,23,54,24503,31203,1,FEASIBLE,WORSE
2156,2,23,55,25599,32499,0,CAPACITY_EXCEEDED,INVALID
2157,2,23,56,24974,31674,1,FEASIBLE,WORSE
2158,2,23,57,24766,31466,1,FEASIBLE,WORSE
2159,2,23,58,25807,32707,0,CAPACITY_EXCEEDED,INVALID
2160,2,23,59,24594,31294,1,FEASIBLE,WORSE
2161,2,23,60,24835,31535,1,FEASIBLE,WORSE
2162,2,23,61,24460,31160,1,FEASIBLE,WORSE
2163,2,23,62,24305,31005,1,FEASIBLE,WORSE
2164,2,23,63,24334,31034,1,FEASIBLE,WORSE
2165,2,23,64,24634,31334,1,FEASIBLE,WORSE
2166,2,23,65,24570,31270,1,FEASIBLE,WORSE
2167,2,23,66,24500,31200,1,FEASIBLE,WORSE
2168,2,23,67,25788,32688,0,CAPACITY_EXCEEDED,INVALID
2169,2,23,68,24488,31188,1,FEASIBLE,WORSE
2170,2,23,69,24615,31315,1,FEASIBLE,WORSE
2171,2,23,70,24519,31219,1,FEASIBLE,WORSE
2172,2,23,71,24979,31679,1,FEASIBLE,WORSE
2173,2,23,72,24965,31665,1,FEASIBLE,WORSE
2174,2,23,73,24305,31005,1,FEASIBLE,WORSE
2175,2,23,74,25993,32893,0,CAPACITY_EXCEEDED,INVALID
2176,2,23,75,24415,31115,1,FEASIBLE,WORSE
2177,2,23,76,24615,31315,1,FEASIBLE,WORSE
2178,2,23,77,24838,31538,1,FEASIBLE,WORSE
2179,2,23,78,24506,31206,1,FEASIBLE,WORSE
2180,2,23,79,25992,32892,0,CAPACITY_EXCEEDED,INVALID
2181,2,23,80,25780,32680,0,CAPACITY_EXCEEDED,INVALID
2182,2,23,81,24469,31169,1,FEASIBLE,WORSE
2183,2,23,82,25870,32770,0,CAPACITY_EXCEEDED,INVALID
2184,2,23,83,24776,31476,1,FEASIBLE,WORSE
2185,2,23,84,24495,31195,1,FEASIBLE,WORSE
2186,2,23,85,24056,30756,1,FEASIBLE,WORSE
2187,2,23,86,24431,31131,1,FEASIBLE,WORSE
2188,2,23,87,24549,31249,1,FEASIBLE,WORSE
2189,2,23,88,24739,31439,1,FEASIBLE,WORSE
2190,2,23,89,24461,31161,1,FEASIBLE,WORSE
2191,2,23,90,25967,32867,0,CAPACITY_EXCEEDED,INVALID
2192,2,23,91,25003,31703,1,FEASIBLE,WORSE
2193,2,23,92,25793,32693,0,CAPACITY_EXCEEDED,INVALID
2194,2,23,93,25830,32730,0,CAPACITY_EXCEEDED,INVALID
2195,2,23,94,25896,32796,0,CAPACITY_EXCEEDED,INVALID
2196,2,23,95,25750,32650,0,CAPACITY_EXCEEDED,INVALID
2197,2,23,96,25819,32719,0,CAPACITY_EXCEEDED,INVALID
2198,2,23,97,24490,31190,1,FEASIBLE,WORSE
2199,2,23,98,24447,31147,1,FEASIBLE,WORSE
2200,2,23,99,24582,31282,1,FEASIBLE,WORSE
2201,2,24,25,24751,31451,1,FEASIBLE,WORSE
2202,2,24,26,25144,31844,1,FEASIBLE,WORSE
2203,2,24,27,24952,31652,1,FEASIBLE,WORSE
2204,2,24,28,24736,31436,1,FEASIBLE,WORSE
2205,2,24,29,24678,31378,1,FEASIBLE,WORSE
2206,2,24,30,24940,31640,1,FEASIBLE,WORSE
2207,2,24,31,24943,31643,1,FEASIBLE,WORSE
2208,2,24,32,24955,31655,1,FEASIBLE,WORSE
2209,2,24,33,24714,31414,1,FEASIBLE,WORSE
2210,2,24,34,24884,31584,1,FEASIBLE,WORSE
2211,2,24,35,25152,31852,1,FEASIBLE,WORSE
2212,2,24,36,26012,32912,0,CAPACITY_EXCEEDED,INVALID
2213,2,24,37,24617,31317,1,FEASIBLE,WORSE
2214,2,24,38,24531,31231,1,FEASIBLE,WORSE
2215,2,24,39,24988,31688,1,FEASIBLE,WORSE
2216,2,24,40,26167,33067,0,CAPACITY_EXCEEDED,INVALID
2217,2,24,41,26034,32934,0,CAPACITY_EXCEEDED,INVALID
2218,2,24,42,25053,31753,1,FEASIBLE,WORSE
2219,2,24,43,24841,31541,1,FEASIBLE,WORSE
2220,2,24,44,25896,32796,0,CAPACITY_EXCEEDED,INVALID
2221,2,24,45,25886,32786,0,CAPACITY_EXCEEDED,INVALID
2222,2,24,46,26111,33011,0,CAPACITY_EXCEEDED,INVALID
2223,2,24,47,24751,31451,1,FEASIBLE,WORSE
2224,2,24,48,26005,32905,0,CAPACITY_EXCEEDED,INVALID
2225,2,24,49,24503,31203,1,FEASIBLE,WORSE
2226,2,24,50,24870,31570,1,FEASIBLE,WORSE
2227,2,24,51,24586,31286,1,FEASIBLE,WORSE
2228,2,24,52,26057,32957,0,CAPACITY_EXCEEDED,INVALID
2229,2,24,53,26021,32921,0,CAPACITY_EXCEEDED,INVALID
2230,2,24,54,24668,31368,1,FEASIBLE,WORSE
2231,2,24,55,25764,32664,0,CAPACITY_EXCEEDED,INVALID
2232,2,24,56,25139,31839,1,FEASIBLE,WORSE
2233,2,24,57,24931,31631,1,FEASIBLE,WORSE
2234,2,24,58,25972,32872,0,CAPACITY_EXCEEDED,INVALID
2235,2,24,59,24759,31459,1,FEASIBLE,WORSE
2236,2,24,60,25000,31700,1,FEASIBLE,WORSE
2237,2,24,61,24625,31325,1,FEASIBLE,WORSE
2238,2,24,62,24470,31170,1,FEASIBLE,WORSE
2239,2,24,63,24499,31199,1,FEASIBLE,WORSE
2240,2,24,64,24799,31499,1,FEASIBLE,WORSE
2241,2,24,65,24735,31435,1,FEASIBLE,WORSE
2242,2,24,66,24665,31365,1,FEASIBLE,WORSE
2243,2,24,67,25953,32853,0,CAPACITY_EXCEEDED,INVALID
2244,2,24,68,24653,31353,1,FEASIBLE,WORSE
2245,2,24,69,24780,31480,1,FEASIBLE,WORSE
2246,2,24,70,24684,31384,1,FEASIBLE,WORSE
2247,2,24,71,25144,31844,1,FEASIBLE,WORSE
2248,2,24,72,25130,31830,1,FEASIBLE,WORSE
2249,2,24,73,24470,31170,1,FEASIBLE,WORSE
2250,2,24,74,26158,33058,0,CAPACITY_EXCEEDED,INVALID
2251,2,24,75,24580,31280,1,FEASIBLE,WORSE
2252,2,24,76,24780,31480,1,FEASIBLE,WORSE
2253,2,24,77,25003,31703,1,FEASIBLE,WORSE
2254,2,24,78,24671,31371,1,FEASIBLE,WORSE
2255,2,24,79,26157,33057,0,CAPACITY_EXCEEDED,INVALID
2256,2,24,80,25945,32845,0,CAPACITY_EXCEEDED,INVALID
2257,2,24,81,24634,31334,1,FEASIBLE,WORSE
2258,2,24,82,26035,32935,0,CAPACITY_EXCEEDED,INVALID
2259,2,24,83,24941,31641,1,FEASIBLE,WORSE
2260,2,24,84,24660,31360,1,FEASIBLE,WORSE
2261,2,24,85,24221,30921,1,FEASIBLE,WORSE
2262,2,24,86,24596,31296,1,FEASIBLE,WORSE
2263,2,24,87,24714,31414,1,FEASIBLE,WORSE
2264,2,24,88,24904,31604,1,FEASIBLE,WORSE
2265,2,24,89,24626,31326,1,FEASIBLE,WORSE
2266,2,24,90,26132,33032,0,CAPACITY_EXCEEDED,INVALID
2267,2,24,91,25168,31868,1,FEASIBLE,WORSE
2268,2,24,92,25958,32858,0,CAPACITY_EXCEEDED,INVALID
2269,2,24,93,25995,32895,0,CAPACITY_EXCEEDED,INVALID
2270,2,24,94,26061,32961,0,CAPACITY_EXCEEDED,INVALID
2271,2,24,95,25915,32815,0,CAPACITY_EXCEEDED,INVALID
2272,2,24,96,25984,32884,0,CAPACITY_EXCEEDED,INVALID
2273,2,24,97,24655,31355,1,FEASIBLE,WORSE
2274,2,24,98,24612,31312,1,FEASIBLE,WORSE
2275,2,24,99,24747,31447,1,FEASIBLE,WORSE
2276,2,25,26,24938,31638,1,FEASIBLE,WORSE
2277,2,25,27,24746,31446,1,FEASIBLE,WORSE
2278,2,25,28,24530,31230,1,FEASIBLE,WORSE
2279,2,25,29,24472,31172,1,FEASIBLE,WORSE
2280,2,25,30,24734,31434,1,FEASIBLE,WORSE
2281,2,25,31,24737,31437,1,FEASIBLE,WORSE
2282,2,25,32,24749,31449,1,FEASIBLE,WORSE
2283,2,25,33,24508,31208,1,FEASIBLE,WORSE
2284,2,25,34,24678,31378,1,FEASIBLE,WORSE
2285,2,25,35,24946,31646,1,FEASIBLE,WORSE
2286,2,25,36,25806,32706,0,CAPACITY_EXCEEDED,INVALID
2287,2,25,37,24411,31111,1,FEASIBLE,WORSE
2288,2,25,38,24325,31025,1,FEASIBLE,WORSE
2289,2,25,39,24782,31482,1,FEASIBLE,WORSE
2290,2,25,40,25961,32861,0,CAPACITY_EXCEEDED,INVALID
2291,2,25,41,25828,32728,0,CAPACITY_EXCEEDED,INVALID
2292,2,25,42,24847,31547,1,FEASIBLE,WORSE
2293,2,25,43,24635,31335,1,FEASIBLE,WORSE
2294,2,25,44,25690,32590,0,CAPACITY_EXCEEDED,INVALID
2295,2,25,45,25680,32580,0,CAPACITY_EXCEEDED,INVALID
2296,2,25,46,25905,32805,0,CAPACITY_EXCEEDED,INVALID
2297,2,25,47,24545,31245,1,FEASIBLE,WORSE
2298,2,25,48,25799,32699,0,CAPACITY_EXCEEDED,INVALID
2299,2,25,49,24297,30997,1,FEASIBLE,WORSE
2300,2,25,50,24664,31364,1,FEASIBLE,WORSE
2301,2,25,51,24380,31080,1,FEASIBLE,WORSE
2302,2,25,52,25851,32751,0,CAPACITY_EXCEEDED,INVALID
2303,2,25,53,25815,32715,0,CAPACITY_EXCEEDED,INVALID
2304,2,25,54,24462,31162,1,FEASIBLE,WORSE
2305,2,25,55,25558,32458,0,CAPACITY_EXCEEDED,INVALID
2306,2,25,56,24933,31633,1,FEASIBLE,WORSE
2307,2,25,57,24725,31425,1,FEASIBLE,WORSE
2308,2,25,58,25766,32666,0,CAPACITY_EXCEEDED,INVALID
2309,2,25,59,24553,31253,1,FEASIBLE,WORSE
2310,2,25,60,24794,31494,1,FEASIBLE,WORSE
2311,2,25,61,24419,31119,1,FEASIBLE,WORSE
2312,2,25,62,24264,30964,1,FEASIBLE,WORSE
2313,2,25,63,24293,30993,1,FEASIBLE,WORSE
2314,2,25,64,24593,31293,1,FEASIBLE,WORSE
2315,2,25,65,24529,31229,1,FEASIBLE,WORSE
2316,2,25,66,24459,31159,1,FEASIBLE,WORSE
2317,2,25,67,25747,32647,0,CAPACITY_EXCEEDED,INVALID
2318,2,25,68,24447,31147,1,FEASIBLE,WORSE
2319,2,25,69,24574,31274,1,FEASIBLE,WORSE
2320,2,25,70,24478,31178,1,FEASIBLE,WORSE
2321,2,25,71,24938,31638,1,FEASIBLE,WORSE
2322,2,25,72,24924,31624,1,FEASIBLE,WORSE
2323,2,25,73,24264,30964,1,FEASIBLE,WORSE
2324,2,25,74,25952,32852,0,CAPACITY_EXCEEDED,INVALID
2325,2,25,75,24374,31074,1,FEASIBLE,WORSE
2326,2,25,76,24574,31274,1,FEASIBLE,WORSE
2327,2,25,77,24797,31497,1,FEASIBLE,WORSE
2328,2,25,78,24465,31165,1,FEASIBLE,WORSE
2329,2,25,79,25951,32851,0,CAPACITY_EXCEEDED,INVALID
2330,2,25,80,25739,32639,0,CAPACITY_EXCEEDED,INVALID
2331,2,25,81,24428,31128,1,FEASIBLE,WORSE
2332,2,25,82,25829,32729,0,CAPACITY_EXCEEDED,INVALID
2333,2,25,83,24735,31435,1,FEASIBLE,WORSE
2334,2,25,84,24454,31154,1,FEASIBLE,WORSE
2335,2,25,85,24015,30715,1,FEASIBLE,WORSE
2336,2,25,86,24390,31090,1,FEASIBLE,WORSE
2337,2,25,87,24508,31208,1,FEASIBLE,WORSE
2338,2,25,88,24698,31398,1,FEASIBLE,WORSE
2339,2,25,89,24420,31120,1,FEASIBLE,WORSE
2340,2,25,90,25926,32826,0,CAPACITY_EXCEEDED,INVALID
2341,2,25,91,24962,31662,1,FEASIBLE,WORSE
2342,2,25,92,25752,32652,0,CAPACITY_EXCEEDED,INVALID
2343,2,25,93,25789,32689,0,CAPACITY_EXCEEDED,INVALID
2344,2,25,94,25855,32755,0,CAPACITY_EXCEEDED,INVALID
2345,2,25,95,25709,32609,0,CAPACITY_EXCEEDED,INVALID
2346,2,25,96,25778,32678,0,CAPACITY_EXCEEDED,INVALID
2347,2,25,97,24449,31149,1,FEASIBLE,WORSE
2348,2,25,98,24406,31106,1,FEASIBLE,WORSE
2349,2,25,99,24541,31241,1,FEASIBLE,WORSE
2350,2,26,27,25139,31839,1,FEASIBLE,WORSE
2351,2,26,28,24923,31623,1,FEASIBLE,WORSE
2352,2,26,29,24865,31565,1,FEASIBLE,WORSE
2353,2,26,30,25127,31827,1,FEASIBLE,WORSE
2354,2,26,31,25130,31830,1,FEASIBLE,WORSE
2355,2,26,32,25142,31842,1,FEASIBLE,WORSE
2356,2,26,33,24901,31601,1,FEASIBLE,WORSE
2357,2,26,34,25071,31771,1,FEASIBLE,WORSE
2358,2,26,35,25339,32039,1,FEASIBLE,WORSE
2359,2,26,36,26199,33099,0,CAPACITY_EXCEEDED,INVALID
2360,2,26,37,24804,31504,1,FEASIBLE,WORSE
2361,2,26,38,24718,31418,1,FEASIBLE,WORSE
2362,2,26,39,25175,31875,1,FEASIBLE,WORSE
2363,2,26,40,26354,33254,0,CAPACITY_EXCEEDED,INVALID
2364,2,26,41,26221,33121,0,CAPACITY_EXCEEDED,INVALID
2365,2,26,42,25240,31940,1,FEASIBLE,WORSE
2366,2,26,43,25028,31728,1,FEASIBLE,WORSE
2367,2,26,44,26083,32983,0,CAPACITY_EXCEEDED,INVALID
2368,2,26,45,26073,32973,0,CAPACITY_EXCEEDED,INVALID
2369,2,26,46,26298,33198,0,CAPACITY_EXCEEDED,INVALID
2370,2,26,47,24938,31638,1,FEASIBLE,WORSE
2371,2,26,48,26192,33092,0,CAPACITY_EXCEEDED,INVALID
2372,2,26,49,24690,31390,1,FEASIBLE,WORSE
2373,2,26,50,25057,31757,1,FEASIBLE,WORSE
2374,2,26,51,24773,31473,1,FEASIBLE,WORSE
2375,2,26,52,26244,33144,0,CAPACITY_EXCEEDED,INVALID
2376,2,26,53,26208,33108,0,CAPACITY_EXCEEDED,INVALID
2377,2,26,54,24855,31555,1,FEASIBLE,WORSE
2378,2,26,55,25951,32851,0,CAPACITY_EXCEEDED,INVALID
2379,2,26,56,25326,32026,1,FEASIBLE,WORSE
2380,2,26,57,25118,31818,1,FEASIBLE,WORSE
2381,2,26,58,26159,33059,0,CAPACITY_EXCEEDED,INVALID
2382,2,26,59,24946,31646,1,FEASIBLE,WORSE
2383,2,26,60,25187,31887,1,FEASIBLE,WORSE
2384,2,26,61,24812,31512,1,FEASIBLE,WORSE
2385,2,26,62,24657,31357,1,FEASIBLE,WORSE
2386,2,26,63,24686,31386,1,FEASIBLE,WORSE
2387,2,26,64,24986,31686,1,FEASIBLE,WORSE
2388,2,26,65,24922,31622,1,FEASIBLE,WORSE
2389,2,26,66,24852,31552,1,FEASIBLE,WORSE
2390,2,26,67,26140,33040,0,CAPACITY_EXCEEDED,INVALID
2391,2,26,68,24840,31540,1,FEASIBLE,WORSE
2392,2,26,69,24967,31667,1,FEASIBLE,WORSE
2393,2,26,70,24871,31571,1,FEASIBLE,WORSE
2394,2,26,71,25331,32031,1,FEASIBLE,WORSE
2395,2,26,72,25317,32017,1,FEASIBLE,WORSE
2396,2,26,73,24657,31357,1,FEASIBLE,WORSE
2397,2,26,74,26345,33245,0,CAPACITY_EXCEEDED,INVALID
2398,2,26,75,24767,31467,1,FEASIBLE,WORSE
2399,2,26,76,24967,31667,1,FEASIBLE,WORSE
2400,2,26,77,25190,31890,1,FEASIBLE,WORSE
2401,2,26,78,24858,31558,1,FEASIBLE,WORSE
2402,2,26,79,26344,33244,0,CAPACITY_EXCEEDED,INVALID
2403,2,26,80,26132,33032,0,CAPACITY_EXCEEDED,INVALID
2404,2,26,81,24821,31521,1,FEASIBLE,WORSE
2405,2,26,82,26222,33122,0,CAPACITY_EXCEEDED,INVALID
2406,2,26,83,25128,31828,1,FEASIBLE,WORSE
2407,2,26,84,24847,31547,1,FEASIBLE,WORSE
2408,2,26,85,24408,31108,1,FEASIBLE,WORSE
2409,2,26,86,24783,31483,1,FEASIBLE,WORSE
2410,2,26,87,24901,31601,1,FEASIBLE,WORSE
2411,2,26,88,25091,31791,1,FEASIBLE,WORSE
2412,2,26,89,24813,31513,1,FEASIBLE,WORSE
2413,2,26,90,26319,33219,0,CAPACITY_EXCEEDED,INVALID
2414,2,26,91,25355,32055,1,FEASIBLE,WORSE
2415,2,26,92,26145,33045,0,CAPACITY_EXCEEDED,INVALID
2416,2,26,93,26182,33082,0,CAPACITY_EXCEEDED,INVALID
2417,2,26,94,26248,33148,0,CAPACITY_EXCEEDED,INVALID
2418,2,26,95,26102,33002,0,CAPACITY_EXCEEDED,INVALID
2419,2,26,96,26171,33071,0,CAPACITY_EXCEEDED,INVALID
2420,2,26,97,24842,31542,1,FEASIBLE,WORSE
2421,2,26,98,24799,31499,1,FEASIBLE,WORSE
2422,2,26,99,24934,31634,1,FEASIBLE,WORSE
2423,2,27,28,24731,31431,1,FEASIBLE,WORSE
2424,2,27,29,24673,31373,1,FEASIBLE,WORSE
2425,2,27,30,24935,31635,1,FEASIBLE,WORSE
2426,2,27,31,24938,31638,1,FEASIBLE,WORSE
2427,2,27,32,24950,31650,1,FEASIBLE,WORSE
2428,2,27,33,24709,31409,1,FEASIBLE,WORSE
2429,2,27,34,24879,31579,1,FEASIBLE,WORSE
2430,2,27,35,25147,31847,1,FEASIBLE,WORSE
2431,2,27,36,26007,32907,0,CAPACITY_EXCEEDED,INVALID
2432,2,27,37,24612,31312,1,FEASIBLE,WORSE
2433,2,27,38,24526,31226,1,FEASIBLE,WORSE
2434,2,27,39,24983,31683,1,FEASIBLE,WORSE
2435,2,27,40,26162,33062,0,CAPACITY_EXCEEDED,INVALID
2436,2,27,41,26029,32929,0,CAPACITY_EXCEEDED,INVALID
2437,2,27,42,25048,31748,1,FEASIBLE,WORSE
2438,2,27,43,24836,31536,1,FEASIBLE,WORSE
2439,2,27,44,25891,32791,0,CAPACITY_EXCEEDED,INVALID
2440,2,27,45,25881,32781,0,CAPACITY_EXCEEDED,INVALID
2441,2,27,46,26106,33006,0,CAPACITY_EXCEEDED,INVALID
2442,2,27,47,24746,31446,1,FEASIBLE,WORSE
2443,2,27,48,26000,32900,0,CAPACITY_EXCEEDED,INVALID
2444,2,27,49,24498,31198,1,FEASIBLE,WORSE
2445,2,27,50,24865,31565,1,FEASIBLE,WORSE
2446,2,27,51,24581,31281,1,FEASIBLE,WORSE
2447,2,27,52,26052,32952,0,CAPACITY_EXCEEDED,INVALID
2448,2,27,53,26016,32916,0,CAPACITY_EXCEEDED,INVALID
2449,2,27,54,24663,31363,1,FEASIBLE,WORSE
2450,2,27,55,25759,32659,0,CAPACITY_EXCEEDED,INVALID
2451,2,27,56,25134,31834,1,FEASIBLE,WORSE
2452,2,27,57,24926,31626,1,FEASIBLE,WORSE
2453,2,27,58,25967,32867,0,CAPACITY_EXCEEDED,INVALID
2454,2,27,59,24754,31454,1,FEASIBLE,WORSE
2455,2,27,60,24995,31695,1,FEASIBLE,WORSE
2456,2,27,61,24620,31320,1,FEASIBLE,WORSE
2457,2,27,62,24465,31165,1,FEASIBLE,WORSE
2458,2,27,63,24494,31194,1,FEASIBLE,WORSE
2459,2,27,64,24794,31494,1,FEASIBLE,WORSE
2460,2,27,65,24730,31430,1,FEASIBLE,WORSE
2461,2,27,66,24660,31360,1,FEASIBLE,WORSE
2462,2,27,67,25948,32848,0,CAPACITY_EXCEEDED,INVALID
2463,2,27,68,24648,31348,1,FEASIBLE,WORSE
2464,2,27,69,24775,31475,1,FEASIBLE,WORSE
2465,2,27,70,24679,31379,1,FEASIBLE,WORSE
2466,2,27,71,25139,31839,1,FEASIBLE,WORSE
2467,2,27,72,25125,31825,1,FEASIBLE,WORSE
2468,2,27,73,24465,31165,1,FEASIBLE,WORSE
2469,2,27,74,26153,33053,0,CAPACITY_EXCEEDED,INVALID
2470,2,27,75,24575,31275,1,FEASIBLE,WORSE
2471,2,27,76,24775,31475,1,FEASIBLE,WORSE
2472,2,27,77,24998,31698,1,FEASIBLE,WORSE
2473,2,27,78,24666,31366,1,FEASIBLE,WORSE
2474,2,27,79,26152,33052,0,CAPACITY_EXCEEDED,INVALID
2475,2,27,80,25940,32840,0,CAPACITY_EXCEEDED,INVALID
2476,2,27,81,24629,31329,1,FEASIBLE,WORSE
2477,2,27,82,26030,32930,0,CAPACITY_EXCEEDED,INVALID
2478,2,27,83,24936,31636,1,FEASIBLE,WORSE
2479,2,27,84,24655,31355,1,FEASIBLE,WORSE
2480,2,27,85,24216,30916,1,FEASIBLE,WORSE
2481,2,27,86,24591,31291,1,FEASIBLE,WORSE
2482,2,27,87,24709,31409,1,FEASIBLE,WORSE
2483,2,27,88,24899,31599,1,FEASIBLE,WORSE
2484,2,27,89,24621,31321,1,FEASIBLE,WORSE
2485,2,27,90,26127,33027,0,CAPACITY_EXCEEDED,INVALID
2486,2,27,91,25163,31863,1,FEASIBLE,WORSE
2487,2,27,92,25953,32853,0,CAPACITY_EXCEEDED,INVALID
2488,2,27,93,25990,32890,0,CAPACITY_EXCEEDED,INVALID
2489,2,27,94,26056,32956,0,CAPACITY_EXCEEDED,INVALID
2490,2,27,95,25910,32810,0,CAPACITY_EXCEEDED,INVALID
2491,2,27,96,25979,32879,0,CAPACITY_EXCEEDED,INVALID
2492,2,27,97,24650,31350,1,FEASIBLE,WORSE
2493,2,27,98,24607,31307,1,FEASIBLE,WORSE
2494,2,27,99,24742,31442,1,FEASIBLE,WORSE
2495,2,28,29,24457,31157,1,FEASIBLE,WORSE
2496,2,28,30,24719,31419,1,FEASIBLE,WORSE
2497,2,28,31,24722,31422,1,FEASIBLE,WORSE
2498,2,28,32,24734,31434,1,FEASIBLE,WORSE
2499,2,28,33,24493,31193,1,FEASIBLE,WORSE
2500,2,28,34,24663,31363,1,FEASIBLE,WORSE
2501,2,28,35,24931,31631,1,FEASIBLE,WORSE
2502,2,28,36,25791,32691,0,CAPACITY_EXCEEDED,INVALID
2503,2,28,37,24396,31096,1,FEASIBLE,WORSE
2504,2,28,38,24310,31010,1,FEASIBLE,WORSE
2505,2,28,39,24767,31467,1,FEASIBLE,WORSE
2506,2,28,40,25946,32846,0,CAPACITY_EXCEEDED,INVALID
2507,2,28,41,25813,32713,0,CAPACITY_EXCEEDED,INVALID
2508,2,28,42,24832,31532,1,FEASIBLE,WORSE
2509,2,28,43,24620,31320,1,FEASIBLE,WORSE
2510,2,28,44,25675,32575,0,CAPACITY_EXCEEDED,INVALID
2511,2,28,45,25665,32565,0,CAPACITY_EXCEEDED,INVALID
2512,2,28,46,25890,32790,0,CAPACITY_EXCEEDED,INVALID
2513,2,28,47,24530,31230,1,FEASIBLE,WORSE
2514,2,28,48,25784,32684,0,CAPACITY_EXCEEDED,INVALID
2515,2,28,49,24282,30982,1,FEASIBLE,WORSE
2516,2,28,50,24649,31349,1,FEASIBLE,WORSE
2517,2,28,51,24365,31065,1,FEASIBLE,WORSE
2518,2,28,52,25836,32736,0,CAPACITY_EXCEEDED,INVALID
2519,2,28,53,25800,32700,0,CAPACITY_EXCEEDED,INVALID
2520,2,28,54,24447,31147,1,FEASIBLE,WORSE
2521,2,28,55,25543,32443,0,CAPACITY_EXCEEDED,INVALID
2522,2,28,56,24918,31618,1,FEASIBLE,WORSE
2523,2,28,57,24710,31410,1,FEASIBLE,WORSE
2524,2,28,58,25751,32651,0,CAPACITY_EXCEEDED,INVALID
2525,2,28,59,24538,31238,1,FEASIBLE,WORSE
2526,2,28,60,24779,31479,1,FEASIBLE,WORSE
2527,2,28,61,24404,31104,1,FEASIBLE,WORSE
2528,2,28,62,24249,30949,1,FEASIBLE,WORSE
2529,2,28,63,24278,30978,1,FEASIBLE,WORSE
2530,2,28,64,24578,31278,1,FEASIBLE,WORSE
2531,2,28,65,24514,31214,1,FEASIBLE,WORSE
2532,2,28,66,24444,31144,1,FEASIBLE,WORSE
2533,2,28,67,25732,32632,0,CAPACITY_EXCEEDED,INVALID
2534,2,28,68,24432,31132,1,FEASIBLE,WORSE
2535,2,28,69,24559,31259,1,FEASIBLE,WORSE
2536,2,28,70,24463,31163,1,FEASIBLE,WORSE
2537,2,28,71,24923,31623,1,FEASIBLE,WORSE
2538,2,28,72,24909,31609,1,FEASIBLE,WORSE
2539,2,28,73,24249,30949,1,FEASIBLE,WORSE
2540,2,28,74,25937,32837,0,CAPACITY_EXCEEDED,INVALID
2541,2,28,75,24359,31059,1,FEASIBLE,WORSE
2542,2,28,76,24559,31259,1,FEASIBLE,WORSE
2543,2,28,77,24782,31482,1,FEASIBLE,WORSE
2544,2,28,78,24450,31150,1,FEASIBLE,WORSE
2545,2,28,79,25936,32836,0,CAPACITY_EXCEEDED,INVALID
2546,2,28,80,25724,32624,0,CAPACITY_EXCEEDED,INVALID
2547,2,28,81,24413,31113,1,FEASIBLE,WORSE
2548,2,28,82,25814,32714,0,CAPACITY_EXCEEDED,INVALID
2549,2,28,83,24720,31420,1,FEASIBLE,WORSE
2550,2,28,84,24439,31139,1,FEASIBLE,WORSE
2551,2,28,85,24000,30700,1,FEASIBLE,WORSE
2552,2,28,86,24375,31075,1,FEASIBLE,WORSE
2553,2,28,87,24493,31193,1,FEASIBLE,WORSE
2554,2,28,88,24683,31383,1,FEASIBLE,WORSE
2555,2,28,89,24405,31105,1,FEASIBLE,WORSE
2556,2,28,90,25911,32811,0,CAPACITY_EXCEEDED,INVALID
2557,2,28,91,24947,31647,1,FEASIBLE,WORSE
2558,2,28,92,25737,32637,0,CAPACITY_EXCEEDED,INVALID
2559,2,28,93,25774,32674,0,CAPACITY_EXCEEDED,INVALID
2560,2,28,94,25840,32740,0,CAPACITY_EXCEEDED,INVALID
2561,2,28,95,25694,32594,0,CAPACITY_EXCEEDED,INVALID
2562,2,28,96,25763,32663,0,CAPACITY_EXCEEDED,INVALID
2563,2,28,97,24434,31134,1,FEASIBLE,WORSE
2564,2,28,98,24391,31091,1,FEASIBLE,WORSE
2565,2,28,99,24526,31226,1,FEASIBLE,WORSE
2566,2,29,30,24661,31361,1,FEASIBLE,WORSE
2567,2,29,31,24664,31364,1,FEASIBLE,WORSE
2568,2,29,32,24676,31376,1,FEASIBLE,WORSE
2569,2,29,33,24435,31135,1,FEASIBLE,WORSE
2570,2,29,34,24605,31305,1,FEASIBLE,WORSE
2571,2,29,35,24873,31573,1,FEASIBLE,WORSE
2572,2,29,36,25733,32633,0,CAPACITY_EXCEEDED,INVALID
2573,2,29,37,24338,31038,1,FEASIBLE,WORSE
2574,2,29,38,24252,30952,1,FEASIBLE,WORSE
2575,2,29,39,24709,31409,1,FEASIBLE,WORSE
2576,2,29,40,25888,32788,0,CAPACITY_EXCEEDED,INVALID
2577,2,29,41,25755,32655,0,CAPACITY_EXCEEDED,INVALID
2578,2,29,42,24774,31474,1,FEASIBLE,WORSE
2579,2,29,43,24562,31262,1,FEASIBLE,WORSE
2580,2,29,44,25617,32517,0,CAPACITY_EXCEEDED,INVALID
2581,2,29,45,25607,32507,0,CAPACITY_EXCEEDED,INVALID
2582,2,29,46,25832,32732,0,CAPACITY_EXCEEDED,INVALID
2583,2,29,47,24472,31172,1,FEASIBLE,WORSE
2584,2,29,48,25726,32626,0,CAPACITY_EXCEEDED,INVALID
2585,2,29,49,24224,30924,1,FEASIBLE,WORSE
2586,2,29,50,24591,31291,1,FEASIBLE,WORSE
2587,2,29,51,24307,31007,1,FEASIBLE,WORSE
2588,2,29,52,25778,32678,0,CAPACITY_EXCEEDED,INVALID
2589,2,29,53,25742,32642,0,CAPACITY_EXCEEDED,INVALID
2590,2,29,54,24389,31089,1,FEASIBLE,WORSE
2591,2,29,55,25485,32385,0,CAPACITY_EXCEEDED,INVALID
2592,2,29,56,24860,31560,1,FEASIBLE,WORSE
2593,2,29,57,24652,31352,1,FEASIBLE,WORSE
2594,2,29,58,25693,32593,0,CAPACITY_EXCEEDED,INVALID
2595,2,29,59,24480,31180,1,FEASIBLE,WORSE
2596,2,29,60,24721,31421,1,FEASIBLE,WORSE
2597,2,29,61,24346,31046,1,FEASIBLE,WORSE
2598,2,29,62,24191,30891,1,FEASIBLE,WORSE
2599,2,29,63,24220,30920,1,FEASIBLE,WORSE
2600,2,29,64,24520,31220,1,FEASIBLE,WORSE
2601,2,29,65,24456,31156,1,FEASIBLE,WORSE
2602,2,29,66,24386,31086,1,FEASIBLE,WORSE
2603,2,29,67,25674,32574,0,CAPACITY_EXCEEDED,INVALID
2604,2,29,68,24374,31074,1,FEASIBLE,WORSE
2605,2,29,69,24501,31201,1,FEASIBLE,WORSE
2606,2,29,70,24405,31105,1,FEASIBLE,WORSE
2607,2,29,71,24865,31565,1,FEASIBLE,WORSE
2608,2,29,72,24851,31551,1,FEASIBLE,WORSE
2609,2,29,73,24191,30891,1,FEASIBLE,WORSE
2610,2,29,74,25879,32779,0,CAPACITY_EXCEEDED,INVALID
2611,2,29,75,24301,31001,1,FEASIBLE,WORSE
2612,2,29,76,24501,31201,1,FEASIBLE,WORSE
2613,2,29,77,24724,31424,1,FEASIBLE,WORSE
2614,2,29,78,24392,31092,1,FEASIBLE,WORSE
2615,2,29,79,25878,32778,0,CAPACITY_EXCEEDED,INVALID
2616,2,29,80,25666,32566,0,CAPACITY_EXCEEDED,INVALID
2617,2,29,81,24355,31055,1,FEASIBLE,WORSE
2618,2,29,82,25756,32656,0,CAPACITY_EXCEEDED,INVALID
2619,2,29,83,24662,31362,1,FEASIBLE,WORSE
2620,2,29,84,24381,31081,1,FEASIBLE,WORSE
2621,2,29,85,23942,30642,1,FEASIBLE,WORSE
2622,2,29,86,24317,31017,1,FEASIBLE,WORSE
2623,2,29,87,24435,31135,1,FEASIBLE,WORSE
2624,2,29,88,24625,31325,1,FEASIBLE,WORSE
2625,2,29,89,24347,31047,1,FEASIBLE,WORSE
2626,2,29,90,25853,32753,0,CAPACITY_EXCEEDED,INVALID
2627,2,29,91,24889,31589,1,FEASIBLE,WORSE
2628,2,29,92,25679,32579,0,CAPACITY_EXCEEDED,INVALID
2629,2,29,93,25716,32616,0,CAPACITY_EXCEEDED,INVALID
2630,2,29,94,25782,32682,0,CAPACITY_EXCEEDED,INVALID
2631,2,29,95,25636,32536,0,CAPACITY_EXCEEDED,INVALID
2632,2,29,96,25705,32605,0,CAPACITY_EXCEEDED,INVALID
2633,2,29,97,24376,31076,1,FEASIBLE,WORSE
2634,2,29,98,24333,31033,1,FEASIBLE,WORSE
2635,2,29,99,24468,31168,1,FEASIBLE,WORSE
2636,2,30,31,24926,31626,1,FEASIBLE,WORSE
2637,2,30,32,24938,31638,1,FEASIBLE,WORSE
2638,2,30,33,24697,31397,1,FEASIBLE,WORSE
2639,2,30,34,24867,31567,1,FEASIBLE,WORSE
2640,2,30,35,25135,31835,1,FEASIBLE,WORSE
2641,2,30,36,25995,32895,0,CAPACITY_EXCEEDED,INVALID
2642,2,30,37,24600,31300,1,FEASIBLE,WORSE
2643,2,30,38,24514,31214,1,FEASIBLE,WORSE
2644,2,30,39,24971,31671,1,FEASIBLE,WORSE
2645,2,30,40,26150,33050,0,CAPACITY_EXCEEDED,INVALID
2646,2,30,41,26017,32917,0,CAPACITY_EXCEEDED,INVALID
2647,2,30,42,25036,31736,1,FEASIBLE,WORSE
2648,2,30,43,24824,31524,1,FEASIBLE,WORSE
2649,2,30,44,25879,32779,0,CAPACITY_EXCEEDED,INVALID
2650,2,30,45,25869,32769,0,CAPACITY_EXCEEDED,INVALID
2651,2,30,46,26094,32994,0,CAPACITY_EXCEEDED,INVALID
2652,2,30,47,24734,31434,1,FEASIBLE,WORSE
2653,2,30,48,25988,32888,0,CAPACITY_EXCEEDED,INVALID
2654,2,30,49,24486,31186,1,FEASIBLE,WORSE
2655,2,30,50,24853,31553,1,FEASIBLE,WORSE
2656,2,30,51,24569,31269,1,FEASIBLE,WORSE
2657,2,30,52,26040,32940,0,CAPACITY_EXCEEDED,INVALID
2658,2,30,53,26004,32904,0,CAPACITY_EXCEEDED,INVALID
2659,2,30,54,24651,31351,1,FEASIBLE,WORSE
2660,2,30,55,25747,32647,0,CAPACITY_EXCEEDED,INVALID
2661,2,30,56,25122,31822,1,FEASIBLE,WORSE
2662,2,30,57,24914,31614,1,FEASIBLE,WORSE
2663,2,30,58,25955,32855,0,CAPACITY_EXCEEDED,INVALID
2664,2,30,59,24742,31442,1,FEASIBLE,WORSE
2665,2,30,60,24983,31683,1,FEASIBLE,WORSE
2666,2,30,61,24608,31308,1,FEASIBLE,WORSE
2667,2,30,62,24453,31153,1,FEASIBLE,WORSE
2668,2,30,63,24482,31182,1,FEASIBLE,WORSE
2669,2,30,64,24782,31482,1,FEASIBLE,WORSE
2670,2,30,65,24718,31418,1,FEASIBLE,WORSE
2671,2,30,66,24648,31348,1,FEASIBLE,WORSE
2672,2,30,67,25936,32836,0,CAPACITY_EXCEEDED,INVALID
2673,2,30,68,24636,31336,1,FEASIBLE,WORSE
2674,2,30,69,24763,31463,1,FEASIBLE,WORSE
2675,2,30,70,24667,31367,1,FEASIBLE,WORSE
2676,2,30,71,25127,31827,1,FEASIBLE,WORSE
2677,2,30,72,25113,31813,1,FEASIBLE,WORSE
2678,2,30,73,24453,31153,1,FEASIBLE,WORSE
2679,2,30,74,26141,33041,0,CAPACITY_EXCEEDED,INVALID
2680,2,30,75,24563,31263,1,FEASIBLE,WORSE
2681,2,30,76,24763,31463,1,FEASIBLE,WORSE
2682,2,30,77,24986,31686,1,FEASIBLE,WORSE
2683,2,30,78,24654,31354,1,FEASIBLE,WORSE
2684,2,30,79,26140,33040,0,CAPACITY_EXCEEDED,INVALID
2685,2,30,80,25928,32828,0,CAPACITY_EXCEEDED,INVALID
2686,2,30,81,24617,31317,1,FEASIBLE,WORSE
2687,2,30,82,26018,32918,0,CAPACITY_EXCEEDED,INVALID
2688,2,30,83,24924,31624,1,FEASIBLE,WORSE
2689,2,30,84,24643,31343,1,FEASIBLE,WORSE
2690,2,30,85,24204,30904,1,FEASIBLE,WORSE
2691,2,30,86,24579,31279,1,FEASIBLE,WORSE
2692,2,30,87,24697,31397,1,FEASIBLE,WORSE
2693,2,30,88,24887,31587,1,FEASIBLE,WORSE
2694,2,30,89,24609,31309,1,FEASIBLE,WORSE
2695,2,30,90,26115,33015,0,CAPACITY_EXCEEDED,INVALID
2696,2,30,91,25151,31851,1,FEASIBLE,WORSE
2697,2,30,92,25941,32841,0,CAPACITY_EXCEEDED,INVALID
2698,2,30,93,25978,32878,0,CAPACITY_EXCEEDED,INVALID
2699,2,30,94,26044,32944,0,CAPACITY_EXCEEDED,INVALID
2700,2,30,95,25898,32798,0,CAPACITY_EXCEEDED,INVALID
2701,2,30,96,25967,32867,0,CAPACITY_EXCEEDED,INVALID
2702,2,30,97,24638,31338,1,FEASIBLE,WORSE
2703,2,30,98,24595,31295,1,FEASIBLE,WORSE
2704,2,30,99,24730,31430,1,FEASIBLE,WORSE
2705,2,31,32,24941,31641,1,FEASIBLE,WORSE
2706,2,31,33,24700,31400,1,FEASIBLE,WORSE
2707,2,31,34,24870,31570,1,FEASIBLE,WORSE
2708,2,31,35,25138,31838,1,FEASIBLE,WORSE
2709,2,31,36,25998,32898,0,CAPACITY_EXCEEDED,INVALID
2710,2,31,37,24603,31303,1,FEASIBLE,WORSE
2711,2,31,38,24517,31217,1,FEASIBLE,WORSE
2712,2,31,39,24974,31674,1,FEASIBLE,WORSE
2713,2,31,40,26153,33053,0,CAPACITY_EXCEEDED,INVALID
2714,2,31,41,26020,32920,0,CAPACITY_EXCEEDED,INVALID
2715,2,31,42,25039,31739,1,FEASIBLE,WORSE
2716,2,31,43,24827,31527,1,FEASIBLE,WORSE
2717,2,31,44,25882,32782,0,CAPACITY_EXCEEDED,INVALID
2718,2,31,45,25872,32772,0,CAPACITY_EXCEEDED,INVALID
2719,2,31,46,26097,32997,0,CAPACITY_EXCEEDED,INVALID
2720,2,31,47,24737,31437,1,FEASIBLE,WORSE
2721,2,31,48,25991,32891,0,CAPACITY_EXCEEDED,INVALID
2722,2,31,49,24489,31189,1,FEASIBLE,WORSE
2723,2,31,50,24856,31556,1,FEASIBLE,WORSE
2724,2,31,51,24572,31272,1,FEASIBLE,WORSE
2725,2,31,52,26043,32943,0,CAPACITY_EXCEEDED,INVALID
2726,2,31,53,26007,32907,0,CAPACITY_EXCEEDED,INVALID
2727,2,31,54,24654,31354,1,FEASIBLE,WORSE
2728,2,31,55,25750,32650,0,CAPACITY_EXCEEDED,INVALID
2729,2,31,56,25125,31825,1,FEASIBLE,WORSE
2730,2,31,57,24917,31617,1,FEASIBLE,WORSE
2731,2,31,58,25958,32858,0,CAPACITY_EXCEEDED,INVALID
2732,2,31,59,24745,31445,1,FEASIBLE,WORSE
2733,2,31,60,24986,31686,1,FEASIBLE,WORSE
2734,2,31,61,24611,31311,1,FEASIBLE,WORSE
2735,2,31,62,24456,31156,1,FEASIBLE,WORSE
2736,2,31,63,24485,31185,1,FEASIBLE,WORSE
2737,2,31,64,24785,31485,1,FEASIBLE,WORSE
2738,2,31,65,24721,31421,1,FEASIBLE,WORSE
2739,2,31,66,24651,31351,1,FEASIBLE,WORSE
2740,2,31,67,25939,32839,0,CAPACITY_EXCEEDED,INVALID
2741,2,31,68,24639,31339,1,FEASIBLE,WORSE
2742,2,31,69,24766,31466,1,FEASIBLE,WORSE
2743,2,31,70,24670,31370,1,FEASIBLE,WORSE
2744,2,31,71,25130,31830,1,FEASIBLE,WORSE
2745,2,31,72,25116,31816,1,FEASIBLE,WORSE
2746,2,31,73,24456,31156,1,FEASIBLE,WORSE
2747,2,31,74,26144,33044,0,CAPACITY_EXCEEDED,INVALID
2748,2,31,75,24566,31266,1,FEASIBLE,WORSE
2749,2,31,76,24766,31466,1,FEASIBLE,WORSE
2750,2,31,77,24989,31689,1,FEASIBLE,WORSE
2751,2,31,78,24657,31357,1,FEASIBLE,WORSE
2752,2,31,79,26143,33043,0,CAPACITY_EXCEEDED,INVALID
2753,2,31,80,25931,32831,0,CAPACITY_EXCEEDED,INVALID
2754,2,31,81,24620,31320,1,FEASIBLE,WORSE
2755,2,31,82,26021,32921,0,CAPACITY_EXCEEDED,INVALID
2756,2,31,83,24927,31627,1,FEASIBLE,WORSE
2757,2,31,84,24646,31346,1,FEASIBLE,WORSE
2758,2,31,85,24207,30907,1,FEASIBLE,WORSE
2759,2,31,86,24582,31282,1,FEASIBLE,WORSE
2760,2,31,87,24700,31400,1,FEASIBLE,WORSE
2761,2,31,88,24890,31590,1,FEASIBLE,WORSE
2762,2,31,89,24612,31312,1,FEASIBLE,WORSE
2763,2,31,90,26118,33018,0,CAPACITY_EXCEEDED,INVALID
2764,2,31,91,25154,31854,1,FEASIBLE,WORSE
2765,2,31,92,25944,32844,0,CAPACITY_EXCEEDED,INVALID
2766,2,31,93,25981,32881,0,CAPACITY_EXCEEDED,INVALID
2767,2,31,94,26047,32947,0,CAPACITY_EXCEEDED,INVALID
2768,2,31,95,25901,32801,0,CAPACITY_EXCEEDED,INVALID
2769,2,31,96,25970,32870,0,CAPACITY_EXCEEDED,INVALID
2770,2,31,97,24641,31341,1,FEASIBLE,WORSE
2771,2,31,98,24598,31298,1,FEASIBLE,WORSE
2772,2,31,99,24733,31433,1,FEASIBLE,WORSE
2773,2,32,33,24712,31412,1,FEASIBLE,WORSE
2774,2,32,34,24882,31582,1,FEASIBLE,WORSE
2775,2,32,35,25150,31850,1,FEASIBLE,WORSE
2776,2,32,36,26010,32910,0,CAPACITY_EXCEEDED,INVALID
2777,2,32,37,24615,31315,1,FEASIBLE,WORSE
2778,2,32,38,24529,31229,1,FEASIBLE,WORSE
2779,2,32,39,24986,31686,1,FEASIBLE,WORSE
2780,2,32,40,26165,33065,0,CAPACITY_EXCEEDED,INVALID
2781,2,32,41,26032,32932,0,CAPACITY_EXCEEDED,INVALID
2782,2,32,42,25051,31751,1,FEASIBLE,WORSE
2783,2,32,43,24839,31539,1,FEASIBLE,WORSE
2784,2,32,44,25894,32794,0,CAPACITY_EXCEEDED,INVALID
2785,2,32,45,25884,32784,0,CAPACITY_EXCEEDED,INVALID
2786,2,32,46,26109,33009,0,CAPACITY_EXCEEDED,INVALID
2787,2,32,47,24749,31449,1,FEASIBLE,WORSE
2788,2,32,48,26003,32903,0,CAPACITY_EXCEEDED,INVALID
2789,2,32,49,24501,31201,1,FEASIBLE,WORSE
2790,2,32,50,24868,31568,1,FEASIBLE,WORSE
2791,2,32,51,24584,31284,1,FEASIBLE,WORSE
2792,2,32,52,26055,32955,0,CAPACITY_EXCEEDED,INVALID
2793,2,32,53,26019,32919,0,CAPACITY_EXCEEDED,INVALID
2794,2,32,54,24666,31366,1,FEASIBLE,WORSE
2795,2,32,55,25762,32662,0,CAPACITY_EXCEEDED,INVALID
2796,2,32,56,25137,31837,1,FEASIBLE,WORSE
2797,2,32,57,24929,31629,1,FEASIBLE,WORSE
2798,2,32,58,25970,32870,0,CAPACITY_EXCEEDED,INVALID
2799,2,32,59,24757,31457,1,FEASIBLE,WORSE
2800,2,32,60,24998,31698,1,FEASIBLE,WORSE
2801,2,32,61,24623,31323,1,FEASIBLE,WORSE
2802,2,32,62,24468,31168,1,FEASIBLE,WORSE
2803,2,32,63,24497,31197,1,FEASIBLE,WORSE
2804,2,32,64,24797,31497,1,FEASIBLE,WORSE
2805,2,32,65,24733,31433,1,FEASIBLE,WORSE
2806,2,32,66,24663,31363,1,FEASIBLE,WORSE
2807,2,32,67,25951,32851,0,CAPACITY_EXCEEDED,INVALID
2808,2,32,68,24651,31351,1,FEASIBLE,WORSE
2809,2,32,69,24778,31478,1,FEASIBLE,WORSE
2810,2,32,70,24682,31382,1,FEASIBLE,WORSE
2811,2,32,71,25142,31842,1,FEASIBLE,WORSE
2812,2,32,72,25128,31828,1,FEASIBLE,WORSE
2813,2,32,73,24468,31168,1,FEASIBLE,WORSE
2814,2,32,74,26156,33056,0,CAPACITY_EXCEEDED,INVALID
2815,2,32,75,24578,31278,1,FEASIBLE,WORSE
2816,2,32,76,24778,31478,1,FEASIBLE,WORSE
2817,2,32,77,25001,31701,1,FEASIBLE,WORSE
2818,2,32,78,24669,31369,1,FEASIBLE,WORSE
2819,2,32,79,26155,33055,0,CAPACITY_EXCEEDED,INVALID
2820,2,32,80,25943,32843,0,CAPACITY_EXCEEDED,INVALID
2821,2,32,81,24632,31332,1,FEASIBLE,WORSE
2822,2,32,82,26033,32933,0,CAPACITY_EXCEEDED,INVALID
2823,2,32,83,24939,31639,1,FEASIBLE,WORSE
2824,2,32,84,24658,31358,1,FEASIBLE,WORSE
2825,2,32,85,24219,30919,1,FEASIBLE,WORSE
2826,2,32,86,24594,31294,1,FEASIBLE,WORSE
2827,2,32,87,24712,31412,1,FEASIBLE,WORSE
2828,2,32,88,24902,31602,1,FEASIBLE,WORSE
2829,2,32,89,24624,31324,1,FEASIBLE,WORSE
2830,2,32,90,26130,33030,0,CAPACITY_EXCEEDED,INVALID
2831,2,32,91,25166,31866,1,FEASIBLE,WORSE
2832,2,32,92,25956,32856,0,CAPACITY_EXCEEDED,INVALID
2833,2,32,93,25993,32893,0,CAPACITY_EXCEEDED,INVALID
2834,2,32,94,26059,32959,0,CAPACITY_EXCEEDED,INVALID
2835,2,32,95,25913,32813,0,CAPACITY_EXCEEDED,INVALID
2836,2,32,96,25982,32882,0,CAPACITY_EXCEEDED,INVALID
2837,2,32,97,24653,31353,1,FEASIBLE,WORSE
2838,2,32,98,24610,31310,1,FEASIBLE,WORSE
2839,2,32,99,24745,31445,1,FEASIBLE,WORSE
2840,2,33,34,24641,31341,1,FEASIBLE,WORSE
2841,2,33,35,24909,31609,1,FEASIBLE,WORSE
2842,2,33,36,25769,32669,0,CAPACITY_EXCEEDED,INVALID
2843,2,33,37,24374,31074,1,FEASIBLE,WORSE
2844,2,33,38,24288,30988,1,FEASIBLE,WORSE
2845,2,33,39,24745,31445,1,FEASIBLE,WORSE
2846,2,33,40,25924,32824,0,CAPACITY_EXCEEDED,INVALID
2847,2,33,41,25791,32691,0,CAPACITY_EXCEEDED,INVALID
2848,2,33,42,24810,31510,1,FEASIBLE,WORSE
2849,2,33,43,24598,31298,1,FEASIBLE,WORSE
2850,2,33,44,25653,32553,0,CAPACITY_EXCEEDED,INVALID
2851,2,33,45,25643,32543,0,CAPACITY_EXCEEDED,INVALID
2852,2,33,46,25868,32768,0,CAPACITY_EXCEEDED,INVALID
2853,2,33,47,24508,31208,1,FEASIBLE,WORSE
2854,2,33,48,25762,32662,0,CAPACITY_EXCEEDED,INVALID
2855,2,33,49,24260,30960,1,FEASIBLE,WORSE
2856,2,33,50,24627,31327,1,FEASIBLE,WORSE
2857,2,33,51,24343,31043,1,FEASIBLE,WORSE
2858,2,33,52,25814,32714,0,CAPACITY_EXCEEDED,INVALID
2859,2,33,53,25778,32678,0,CAPACITY_EXCEEDED,INVALID
2860,2,33,54,24425,31125,1,FEASIBLE,WORSE
2861,2,33,55,25521,32421,0,CAPACITY_EXCEEDED,INVALID
2862,2,33,56,24896,31596,1,FEASIBLE,WORSE
2863,2,33,57,24688,31388,1,FEASIBLE,WORSE
2864,2,33,58,25729,32629,0,CAPACITY_EXCEEDED,INVALID
2865,2,33,59,24516,31216,1,FEASIBLE,WORSE
2866,2,33,60,24757,31457,1,FEASIBLE,WORSE
2867,2,33,61,24382,31082,1,FEASIBLE,WORSE
2868,2,33,62,24227,30927,1,FEASIBLE,WORSE
2869,2,33,63,24256,30956,1,FEASIBLE,WORSE
2870,2,33,64,24556,31256,1,FEASIBLE,WORSE
2871,2,33,65,24492,31192,1,FEASIBLE,WORSE
2872,2,33,66,24422,31122,1,FEASIBLE,WORSE
2873,2,33,67,25710,32610,0,CAPACITY_EXCEEDED,INVALID
2874,2,33,68,24410,31110,1,FEASIBLE,WORSE
2875,2,33,69,24537,31237,1,FEASIBLE,WORSE
2876,2,33,70,24441,31141,1,FEASIBLE,WORSE
2877,2,33,71,24901,31601,1,FEASIBLE,WORSE
2878,2,33,72,24887,31587,1,FEASIBLE,WORSE
2879,2,33,73,24227,30927,1,FEASIBLE,WORSE
2880,2,33,74,25915,32815,0,CAPACITY_EXCEEDED,INVALID
2881,2,33,75,24337,31037,1,FEASIBLE,WORSE
2882,2,33,76,24537,31237,1,FEASIBLE,WORSE
2883,2,33,77,24760,31460,1,FEASIBLE,WORSE
2884,2,33,78,24428,31128,1,FEASIBLE,WORSE
2885,2,33,79,25914,32814,0,CAPACITY_EXCEEDED,INVALID
2886,2,33,80,25702,32602,0,CAPACITY_EXCEEDED,INVALID
2887,2,33,81,24391,31091,1,FEASIBLE,WORSE
2888,2,33,82,25792,32692,0,CAPACITY_EXCEEDED,INVALID
2889,2,33,83,24698,31398,1,FEASIBLE,WORSE
2890,2,33,84,24417,31117,1,FEASIBLE,WORSE
2891,2,33,85,23978,30678,1,FEASIBLE,WORSE
2892,2,33,86,24353,31053,1,FEASIBLE,WORSE
2893,2,33,87,24471,31171,1,FEASIBLE,WORSE
2894,2,33,88,24661,31361,1,FEASIBLE,WORSE
2895,2,33,89,24383,31083,1,FEASIBLE,WORSE
2896,2,33,90,25889,32789,0,CAPACITY_EXCEEDED,INVALID
2897,2,33,91,24925,31625,1,FEASIBLE,WORSE
2898,2,33,92,25715,32615,0,CAPACITY_EXCEEDED,INVALID
2899,2,33,93,25752,32652,0,CAPACITY_EXCEEDED,INVALID
2900,2,33,94,25818,32718,0,CAPACITY_EXCEEDED,INVALID
2901,2,33,95,25672,32572,0,CAPACITY_EXCEEDED,INVALID
2902,2,33,96,25741,32641,0,CAPACITY_EXCEEDED,INVALID
2903,2,33,97,24412,31112,1,FEASIBLE,WORSE
2904,2,33,98,24369,31069,1,FEASIBLE,WORSE
2905,2,33,99,24504,31204,1,FEASIBLE,WORSE
2906,2,34,35,25079,31779,1,FEASIBLE,WORSE
2907,2,34,36,25939,32839,0,CAPACITY_EXCEEDED,INVALID
2908,2,34,37,24544,31244,1,FEASIBLE,WORSE
2909,2,34,38,24458,31158,1,FEASIBLE,WORSE
2910,2,34,39,24915,31615,1,FEASIBLE,WORSE
2911,2,34,40,26094,32994,0,CAPACITY_EXCEEDED,INVALID
2912,2,34,41,25961,32861,0,CAPACITY_EXCEEDED,INVALID
2913,2,34,42,24980,31680,1,FEASIBLE,WORSE
2914,2,34,43,24768,31468,1,FEASIBLE,WORSE
2915,2,34,44,25823,32723,0,CAPACITY_EXCEEDED,INVALID
2916,2,34,45,25813,32713,0,CAPACITY_EXCEEDED,INVALID
2917,2,34,46,26038,32938,0,CAPACITY_EXCEEDED,INVALID
2918,2,34,47,24678,31378,1,FEASIBLE,WORSE
2919,2,34,48,25932,32832,0,CAPACITY_EXCEEDED,INVALID
2920,2,34,49,24430,31130,1,FEASIBLE,WORSE
2921,2,34,50,24797,31497,1,FEASIBLE,WORSE
2922,2,34,51,24513,31213,1,FEASIBLE,WORSE
2923,2,34,52,25984,32884,0,CAPACITY_EXCEEDED,INVALID
2924,2,34,53,25948,32848,0,CAPACITY_EXCEEDED,INVALID
2925,2,34,54,24595,31295,1,FEASIBLE,WORSE
2926,2,34,55,25691,32591,0,CAPACITY_EXCEEDED,INVALID
2927,2,34,56,25066,31766,1,FEASIBLE,WORSE
2928,2,34,57,24858,31558,1,FEASIBLE,WORSE
2929,2,34,58,25899,32799,0,CAPACITY_EXCEEDED,INVALID
2930,2,34,59,24686,31386,1,FEASIBLE,WORSE
2931,2,34,60,24927,31627,1,FEASIBLE,WORSE
2932,2,34,61,24552,31252,1,FEASIBLE,WORSE
2933,2,34,62,24397,31097,1,FEASIBLE,WORSE
2934,2,34,63,24426,31126,1,FEASIBLE,WORSE
2935,2,34,64,24726,31426,1,FEASIBLE,WORSE
2936,2,34,65,24662,31362,1,FEASIBLE,WORSE
2937,2,34,66,24592,31292,1,FEASIBLE,WORSE
2938,2,34,67,25880,32780,0,CAPACITY_EXCEEDED,INVALID
2939,2,34,68,24580,31280,1,FEASIBLE,WORSE
2940,2,34,69,24707,31407,1,FEASIBLE,WORSE
2941,2,34,70,24611,31311,1,FEASIBLE,WORSE
2942,2,34,71,25071,31771,1,FEASIBLE,WORSE
2943,2,34,72,25057,31757,1,FEASIBLE,WORSE
2944,2,34,73,24397,31097,1,FEASIBLE,WORSE
2945,2,34,74,26085,32985,0,CAPACITY_EXCEEDED,INVALID
2946,2,34,75,24507,31207,1,FEASIBLE,WORSE
2947,2,34,76,24707,31407,1,FEASIBLE,WORSE
2948,2,34,77,24930,31630,1,FEASIBLE,WORSE
2949,2,34,78,24598,31298,1,FEASIBLE,WORSE
2950,2,34,79,26084,32984,0,CAPACITY_EXCEEDED,INVALID
2951,2,34,80,25872,32772,0,CAPACITY_EXCEEDED,INVALID
2952,2,34,81,24561,31261,1,FEASIBLE,WORSE
2953,2,34,82,25962,32862,0,CAPACITY_EXCEEDED,INVALID
2954,2,34,83,24868,31568,1,FEASIBLE,WORSE
2955,2,34,84,24587,31287,1,FEASIBLE,WORSE
2956,2,34,85,24148,30848,1,FEASIBLE,WORSE
2957,2,34,86,24523,31223,1,FEASIBLE,WORSE
2958,2,34,87,24641,31341,1,FEASIBLE,WORSE
2959,2,34,88,24831,31531,1,FEASIBLE,WORSE
2960,2,34,89,24553,31253,1,FEASIBLE,WORSE
2961,2,34,90,26059,32959,0,CAPACITY_EXCEEDED,INVALID
2962,2,34,91,25095,31795,1,FEASIBLE,WORSE
2963,2,34,92,25885,32785,0,CAPACITY_EXCEEDED,INVALID
2964,2,34,93,25922,32822,0,CAPACITY_EXCEEDED,INVALID
2965,2,34,94,25988,32888,0,CAPACITY_EXCEEDED,INVALID
2966,2,34,95,25842,32742,0,CAPACITY_EXCEEDED,INVALID
2967,2,34,96,25911,32811,0,CAPACITY_EXCEEDED,INVALID
2968,2,34,97,24582,31282,1,FEASIBLE,WORSE
2969,2,34,98,24539,31239,1,FEASIBLE,WORSE
2970,2,34,99,24674,31374,1,FEASIBLE,WORSE
2971,2,35,36,26207,33107,0,CAPACITY_EXCEEDED,INVALID
2972,2,35,37,24812,31512,1,FEASIBLE,WORSE
2973,2,35,38,24726,31426,1,FEASIBLE,WORSE
2974,2,35,39,25183,31883,1,FEASIBLE,WORSE
2975,2,35,40,26362,33262,0,CAPACITY_EXCEEDED,INVALID
2976,2,35,41,26229,33129,0,CAPACITY_EXCEEDED,INVALID
2977,2,35,42,25248,31948,1,FEASIBLE,WORSE
2978,2,35,43,25036,31736,1,FEASIBLE,WORSE
2979,2,35,44,26091,32991,0,CAPACITY_EXCEEDED,INVALID
2980,2,35,45,26081,32981,0,CAPACITY_EXCEEDED,INVALID
2981,2,35,46,26306,33206,0,CAPACITY_EXCEEDED,INVALID
2982,2,35,47,24946,31646,1,FEASIBLE,WORSE
2983,2,35,48,26200,33100,0,CAPACITY_EXCEEDED,INVALID
2984,2,35,49,24698,31398,1,FEASIBLE,WORSE
2985,2,35,50,25065,31765,1,FEASIBLE,WORSE
2986,2,35,51,24781,31481,1,FEASIBLE,WORSE
2987,2,35,52,26252,33152,0,CAPACITY_EXCEEDED,INVALID
2988,2,35,53,26216,33116,0,CAPACITY_EXCEEDED,INVALID
2989,2,35,54,24863,31563,1,FEASIBLE,WORSE
2990,2,35,55,25959,32859,0,CAPACITY_EXCEEDED,INVALID
2991,2,35,56,25334,32034,1,FEASIBLE,WORSE
2992,2,35,57,25126,31826,1,FEASIBLE,WORSE
2993,2,35,58,26167,33067,0,CAPACITY_EXCEEDED,INVALID
2994,2,35,59,24954,31654,1,FEASIBLE,WORSE
2995,2,35,60,25195,31895,1,FEASIBLE,WORSE
2996,2,35,61,24820,31520,1,FEASIBLE,WORSE
2997,2,35,62,24665,31365,1,FEASIBLE,WORSE
2998,2,35,63,24694,31394,1,FEASIBLE,WORSE
2999,2,35,64,24994,31694,1,FEASIBLE,WORSE
3000,2,35,65,24930,31630,1,FEASIBLE,WORSE
3001,2,35,66,24860,31560,1,FEASIBLE,WORSE
3002,2,35,67,26148,33048,0,CAPACITY_EXCEEDED,INVALID
3003,2,35,68,24848,31548,1,FEASIBLE,WORSE
3004,2,35,69,24975,31675,1,FEASIBLE,WORSE
3005,2,35,70,24879,31579,1,FEASIBLE,WORSE
3006,2,35,71,25339,32039,1,FEASIBLE,WORSE
3007,2,35,72,25325,32025,1,FEASIBLE,WORSE
3008,2,35,73,24665,31365,1,FEASIBLE,WORSE
3009,2,35,74,26353,33253,0,CAPACITY_EXCEEDED,INVALID
3010,2,35,75,24775,31475,1,FEASIBLE,WORSE
3011,2,35,76,24975,31675,1,FEASIBLE,WORSE
3012,2,35,77,25198,31898,1,FEASIBLE,WORSE
3013,2,35,78,24866,31566,1,FEASIBLE,WORSE
3014,2,35,79,26352,33252,0,CAPACITY_EXCEEDED,INVALID
3015,2,35,80,26140,33040,0,CAPACITY_EXCEEDED,INVALID
3016,2,35,81,24829,31529,1,FEASIBLE,WORSE
3017,2,35,82,26230,33130,0,CAPACITY_EXCEEDED,INVALID
3018,2,35,83,25136,31836,1,FEASIBLE,WORSE
3019,2,35,84,24855,31555,1,FEASIBLE,WORSE
3020,2,35,85,24416,31116,1,FEASIBLE,WORSE
3021,2,35,86,24791,31491,1,FEASIBLE,WORSE
3022,2,35,87,24909,31609,1,FEASIBLE,WORSE
3023,2,35,88,25099,31799,1,FEASIBLE,WORSE
3024,2,35,89,24821,31521,1,FEASIBLE,WORSE
3025,2,35,90,26327,33227,0,CAPACITY_EXCEEDED,INVALID
3026,2,35,91,25363,32063,1,FEASIBLE,WORSE
3027,2,35,92,26153,33053,0,CAPACITY_EXCEEDED,INVALID
3028,2,35,93,26190,33090,0,CAPACITY_EXCEEDED,INVALID
3029,2,35,94,26256,33156,0,CAPACITY_EXCEEDED,INVALID
3030,2,35,95,26110,33010,0,CAPACITY_EXCEEDED,INVALID
3031,2,35,96,26179,33079,0,CAPACITY_EXCEEDED,INVALID
3032,2,35,97,24850,31550,1,FEASIBLE,WORSE
3033,2,35,98,24807,31507,1,FEASIBLE,WORSE
3034,2,35,99,24942,31642,1,FEASIBLE,WORSE
3035,2,36,37,25672,32572,0,CAPACITY_EXCEEDED,INVALID
3036,2,36,38,25586,32486,0,CAPACITY_EXCEEDED,INVALID
3037,2,36,39,26043,32943,0,CAPACITY_EXCEEDED,INVALID
3038,2,36,40,27222,34322,0,CAPACITY_EXCEEDED,INVALID
3039,2,36,41,27089,34189,0,CAPACITY_EXCEEDED,INVALID
3040,2,36,42,26108,33008,0,CAPACITY_EXCEEDED,INVALID
3041,2,36,43,25896,32796,0,CAPACITY_EXCEEDED,INVALID
3042,2,36,44,26951,34051,0,CAPACITY_EXCEEDED,INVALID
3043,2,36,45,26941,34041,0,CAPACITY_EXCEEDED,INVALID
3044,2,36,46,27166,34266,0,CAPACITY_EXCEEDED,INVALID
3045,2,36,47,25806,32706,0,CAPACITY_EXCEEDED,INVALID
3046,2,36,48,27060,34160,0,CAPACITY_EXCEEDED,INVALID
3047,2,36,49,25558,32458,0,CAPACITY_EXCEEDED,INVALID
3048,2,36,50,25925,32825,0,CAPACITY_EXCEEDED,INVALID
3049,2,36,51,25641,32541,0,CAPACITY_EXCEEDED,INVALID
3050,2,36,52,27112,34212,0,CAPACITY_EXCEEDED,INVALID
3051,2,36,53,27076,34176,0,CAPACITY_EXCEEDED,INVALID
3052,2,36,54,25723,32623,0,CAPACITY_EXCEEDED,INVALID
3053,2,36,55,26819,33919,0,CAPACITY_EXCEEDED,INVALID
3054,2,36,56,26194,33094,0,CAPACITY_EXCEEDED,INVALID
3055,2,36,57,25986,32886,0,CAPACITY_EXCEEDED,INVALID
3056,2,36,58,27027,34127,0,CAPACITY_EXCEEDED,INVALID
3057,2,36,59,25814,32714,0,CAPACITY_EXCEEDED,INVALID
3058,2,36,60,26055,32955,0,CAPACITY_EXCEEDED,INVALID
3059,2,36,61,25680,32580,0,CAPACITY_EXCEEDED,INVALID
3060,2,36,62,25525,32425,0,CAPACITY_EXCEEDED,INVALID
3061,2,36,63,25554,32454,0,CAPACITY_EXCEEDED,INVALID
3062,2,36,64,25854,32754,0,CAPACITY_EXCEEDED,INVALID
3063,2,36,65,25790,32690,0,CAPACITY_EXCEEDED,INVALID
3064,2,36,66,25720,32620,0,CAPACITY_EXCEEDED,INVALID
3065,2,36,67,27008,34108,0,CAPACITY_EXCEEDED,INVALID
3066,2,36,68,25708,32608,0,CAPACITY_EXCEEDED,INVALID
3067,2,36,69,25835,32735,0,CAPACITY_EXCEEDED,INVALID
3068,2,36,70,25739,32639,0,CAPACITY_EXCEEDED,INVALID
3069,2,36,71,26199,33099,0,CAPACITY_EXCEEDED,INVALID
3070,2,36,72,26185,33085,0,CAPACITY_EXCEEDED,INVALID
3071,2,36,73,25525,32425,0,CAPACITY_EXCEEDED,INVALID
3072,2,36,74,27213,34313,0,CAPACITY_EXCEEDED,INVALID
3073,2,36,75,25635,32535,0,CAPACITY_EXCEEDED,INVALID
3074,2,36,76,25835,32735,0,CAPACITY_EXCEEDED,INVALID
3075,2,36,77,26058,32958,0,CAPACITY_EXCEEDED,INVALID
3076,2,36,78,25726,32626,0,CAPACITY_EXCEEDED,INVALID
3077,2,36,79,27212,34312,0,CAPACITY_EXCEEDED,INVALID
3078,2,36,80,27000,34100,0,CAPACITY_EXCEEDED,INVALID
3079,2,36,81,25689,32589,0,CAPACITY_EXCEEDED,INVALID
3080,2,36,82,27090,34190,0,CAPACITY_EXCEEDED,INVALID
3081,2,36,83,25996,32896,0,CAPACITY_EXCEEDED,INVALID
3082,2,36,84,25715,32615,0,CAPACITY_EXCEEDED,INVALID
3083,2,36,85,25276,32176,1,FEASIBLE,WORSE
3084,2,36,86,25651,32551,0,CAPACITY_EXCEEDED,INVALID
3085,2,36,87,25769,32669,0,CAPACITY_EXCEEDED,INVALID
3086,2,36,88,25959,32859,0,CAPACITY_EXCEEDED,INVALID
3087,2,36,89,25681,32581,0,CAPACITY_EXCEEDED,INVALID
3088,2,36,90,27187,34287,0,CAPACITY_EXCEEDED,INVALID
3089,2,36,91,26223,33123,0,CAPACITY_EXCEEDED,INVALID
3090,2,36,92,27013,34113,0,CAPACITY_EXCEEDED,INVALID
3091,2,36,93,27050,34150,0,CAPACITY_EXCEEDED,INVALID
3092,2,36,94,27116,34216,0,CAPACITY_EXCEEDED,INVALID
3093,2,36,95,26970,34070,0,CAPACITY_EXCEEDED,INVALID
3094,2,36,96,27039,34139,0,CAPACITY_EXCEEDED,INVALID
3095,2,36,97,25710,32610,0,CAPACITY_EXCEEDED,INVALID
3096,2,36,98,25667,32567,0,CAPACITY_EXCEEDED,INVALID
3097,2,36,99,25802,32702,0,CAPACITY_EXCEEDED,INVALID
3098,2,37,38,24191,30891,1,FEASIBLE,WORSE
3099,2,37,39,24648,31348,1,FEASIBLE,WORSE
3100,2,37,40,25827,32727,0,CAPACITY_EXCEEDED,INVALID
3101,2,37,41,25694,32594,0,CAPACITY_EXCEEDED,INVALID
3102,2,37,42,24713,31413,1,FEASIBLE,WORSE
3103,2,37,43,24501,31201,1,FEASIBLE,WORSE
3104,2,37,44,25556,32456,0,CAPACITY_EXCEEDED,INVALID
3105,2,37,45,25546,32446,0,CAPACITY_EXCEEDED,INVALID
3106,2,37,46,25771,32671,0,CAPACITY_EXCEEDED,INVALID
3107,2,37,47,24411,31111,1,FEASIBLE,WORSE
3108,2,37,48,25665,32565,0,CAPACITY_EXCEEDED,INVALID
3109,2,37,49,24163,30863,1,FEASIBLE,WORSE
3110,2,37,50,24530,31230,1,FEASIBLE,WORSE
3111,2,37,51,24246,30946,1,FEASIBLE,WORSE
3112,2,37,52,25717,32617,0,CAPACITY_EXCEEDED,INVALID
3113,2,37,53,25681,32581,0,CAPACITY_EXCEEDED,INVALID
3114,2,37,54,24328,31028,1,FEASIBLE,WORSE
3115,2,37,55,25424,32324,0,CAPACITY_EXCEEDED,INVALID
3116,2,37,56,24799,31499,1,FEASIBLE,WORSE
3117,2,37,57,24591,31291,1,FEASIBLE,WORSE
3118,2,37,58,25632,32532,0,CAPACITY_EXCEEDED,INVALID
3119,2,37,59,24419,31119,1,FEASIBLE,WORSE
3120,2,37,60,24660,31360,1,FEASIBLE,WORSE
3121,2,37,61,24285,30985,1,FEASIBLE,WORSE
3122,2,37,62,24130,30830,1,FEASIBLE,WORSE
3123,2,37,63,24159,30859,1,FEASIBLE,WORSE
3124,2,37,64,24459,31159,1,FEASIBLE,WORSE
3125,2,37,65,24395,31095,1,FEASIBLE,WORSE
3126,2,37,66,24325,31025,1,FEASIBLE,WORSE
3127,2,37,67,25613,32513,0,CAPACITY_EXCEEDED,INVALID
3128,2,37,68,24313,31013,1,FEASIBLE,WORSE
3129,2,37,69,24440,31140,1,FEASIBLE,WORSE
3130,2,37,70,24344,31044,1,FEASIBLE,WORSE
3131,2,37,71,24804,31504,1,FEASIBLE,WORSE
3132,2,37,72,24790,31490,1,FEASIBLE,WORSE
3133,2,37,73,24130,30830,1,FEASIBLE,WORSE
3134,2,37,74,25818,32718,0,CAPACITY_EXCEEDED,INVALID
3135,2,37,75,24240,30940,1,FEASIBLE,WORSE
3136,2,37,76,24440,31140,1,FEASIBLE,WORSE
3137,2,37,77,24663,31363,1,FEASIBLE,WORSE
3138,2,37,78,24331,31031,1,FEASIBLE,WORSE
3139,2,37,79,25817,32717,0,CAPACITY_EXCEEDED,INVALID
3140,2,37,80,25605,32505,0,CAPACITY_EXCEEDED,INVALID
3141,2,37,81,24294,30994,1,FEASIBLE,WORSE
3142,2,37,82,25695,32595,0,CAPACITY_EXCEEDED,INVALID
3143,2,37,83,24601,31301,1,FEASIBLE,WORSE
3144,2,37,84,24320,31020,1,FEASIBLE,WORSE
3145,2,37,85,23881,30581,1,FEASIBLE,WORSE
3146,2,37,86,24256,30956,1,FEASIBLE,WORSE
3147,2,37,87,24374,31074,1,FEASIBLE,WORSE
3148,2,37,88,24564,31264,1,FEASIBLE,WORSE
3149,2,37,89,24286,30986,1,FEASIBLE,WORSE
3150,2,37,90,25792,32692,0,CAPACITY_EXCEEDED,INVALID
3151,2,37,91,24828,31528,1,FEASIBLE,WORSE
3152,2,37,92,25618,32518,0,CAPACITY_EXCEEDED,INVALID
3153,2,37,93,25655,32555,0,CAPACITY_EXCEEDED,INVALID
3154,2,37,94,25721,32621,0,CAPACITY_EXCEEDED,INVALID
3155,2,37,95,25575,32475,0,CAPACITY_EXCEEDED,INVALID
3156,2,37,96,25644,32544,0,CAPACITY_EXCEEDED,INVALID
3157,2,37,97,24315,31015,1,FEASIBLE,WORSE
3158,2,37,98,24272,30972,1,FEASIBLE,WORSE
3159,2,37,99,24407,31107,1,FEASIBLE,WORSE
3160,2,38,39,24562,31262,1,FEASIBLE,WORSE
3161,2,38,40,25741,32641,0,CAPACITY_EXCEEDED,INVALID
3162,2,38,41,25608,32508,0,CAPACITY_EXCEEDED,INVALID
3163,2,38,42,24627,31327,1,FEASIBLE,WORSE
3164,2,38,43,24415,31115,1,FEASIBLE,WORSE
3165,2,38,44,25470,32370,0,CAPACITY_EXCEEDED,INVALID
3166,2,38,45,25460,32360,0,CAPACITY_EXCEEDED,INVALID
3167,2,38,46,25685,32585,0,CAPACITY_EXCEEDED,INVALID
3168,2,38,47,24325,31025,1,FEASIBLE,WORSE
3169,2,38,48,25579,32479,0,CAPACITY_EXCEEDED,INVALID
3170,2,38,49,24077,30777,1,FEASIBLE,WORSE
3171,2,38,50,24444,31144,1,FEASIBLE,WORSE
3172,2,38,51,24160,30860,1,FEASIBLE,WORSE
3173,2,38,52,25631,32531,0,CAPACITY_EXCEEDED,INVALID
3174,2,38,53,25595,32495,0,CAPACITY_EXCEEDED,INVALID
3175,2,38,54,24242,30942,1,FEASIBLE,WORSE
3176,2,38,55,25338,32238,1,FEASIBLE,WORSE
3177,2,38,56,24713,31413,1,FEASIBLE,WORSE
3178,2,38,57,24505,31205,1,FEASIBLE,WORSE
3179,2,38,58,25546,32446,0,CAPACITY_EXCEEDED,INVALID
3180,2,38,59,24333,31033,1,FEASIBLE,WORSE
3181,2,38,60,24574,31274,1,FEASIBLE,WORSE
3182,2,38,61,24199,30899,1,FEASIBLE,WORSE
3183,2,38,62,24044,30744,1,FEASIBLE,WORSE
3184,2,38,63,24073,30773,1,FEASIBLE,WORSE
3185,2,38,64,24373,31073,1,FEASIBLE,WORSE
3186,2,38,65,24309,31009,1,FEASIBLE,WORSE
3187,2,38,66,24239,30939,1,FEASIBLE,WORSE
3188,2,38,67,25527,32427,0,CAPACITY_EXCEEDED,INVALID
3189,2,38,68,24227,30927,1,FEASIBLE,WORSE
3190,2,38,69,24354,31054,1,FEASIBLE,WORSE
3191,2,38,70,24258,30958,1,FEASIBLE,WORSE
3192,2,38,71,24718,31418,1,FEASIBLE,WORSE
3193,2,38,72,24704,31404,1,FEASIBLE,WORSE
3194,2,38,73,24044,30744,1,FEASIBLE,WORSE
3195,2,38,74,25732,32632,0,CAPACITY_EXCEEDED,INVALID
3196,2,38,75,24154,30854,1,FEASIBLE,WORSE
3197,2,38,76,24354,31054,1,FEASIBLE,WORSE
3198,2,38,77,24577,31277,1,FEASIBLE,WORSE
3199,2,38,78,24245,30945,1,FEASIBLE,WORSE
3200,2,38,79,25731,32631,0,CAPACITY_EXCEEDED,INVALID
3201,2,38,80,25519,32419,0,CAPACITY_EXCEEDED,INVALID
3202,2,38,81,24208,30908,1,FEASIBLE,WORSE
3203,2,38,82,25609,32509,0,CAPACITY_EXCEEDED,INVALID
3204,2,38,83,24515,31215,1,FEASIBLE,WORSE
3205,2,38,84,24234,30934,1,FEASIBLE,WORSE
3206,2,38,85,23795,30495,1,FEASIBLE,WORSE
3207,2,38,86,24170,30870,1,FEASIBLE,WORSE
3208,2,38,87,24288,30988,1,FEASIBLE,WORSE
3209,2,38,88,24478,31178,1,FEASIBLE,WORSE
3210,2,38,89,24200,30900,1,FEASIBLE,WORSE
3211,2,38,90,25706,32606,0,CAPACITY_EXCEEDED,INVALID
3212,2,38,91,24742,31442,1,FEASIBLE,WORSE
3213,2,38,92,25532,32432,0,CAPACITY_EXCEEDED,INVALID
3214,2,38,93,25569,32469,0,CAPACITY_EXCEEDED,INVALID
3215,2,38,94,25635,32535,0,CAPACITY_EXCEEDED,INVALID
3216,2,38,95,25489,32389,0,CAPACITY_EXCEEDED,INVALID
3217,2,38,96,25558,32458,0,CAPACITY_EXCEEDED,INVALID
3218,2,38,97,24229,30929,1,FEASIBLE,WORSE
3219,2,38,98,24186,30886,1,FEASIBLE,WORSE
3220,2,38,99,24321,31021,1,FEASIBLE,WORSE
3221,2,39,40,26198,33098,0,CAPACITY_EXCEEDED,INVALID
3222,2,39,41,26065,32965,0,CAPACITY_EXCEEDED,INVALID
3223,2,39,42,25084,31784,1,FEASIBLE,WORSE
3224,2,39,43,24872,31572,1,FEASIBLE,WORSE
3225,2,39,44,25927,32827,0,CAPACITY_EXCEEDED,INVALID
3226,2,39,45,25917,32817,0,CAPACITY_EXCEEDED,INVALID
3227,2,39,46,26142,33042,0,CAPACITY_EXCEEDED,INVALID
3228,2,39,47,24782,31482,1,FEASIBLE,WORSE
3229,2,39,48,26036,32936,0,CAPACITY_EXCEEDED,INVALID
3230,2,39,49,24534,31234,1,FEASIBLE,WORSE
3231,2,39,50,24901,31601,1,FEASIBLE,WORSE
3232,2,39,51,24617,31317,1,FEASIBLE,WORSE
3233,2,39,52,26088,32988,0,CAPACITY_EXCEEDED,INVALID
3234,2,39,53,26052,32952,0,CAPACITY_EXCEEDED,INVALID
3235,2,39,54,24699,31399,1,FEASIBLE,WORSE
3236,2,39,55,25795,32695,0,CAPACITY_EXCEEDED,INVALID
3237,2,39,56,25170,31870,1,FEASIBLE,WORSE
3238,2,39,57,24962,31662,1,FEASIBLE,WORSE
3239,2,39,58,26003,32903,0,CAPACITY_EXCEEDED,INVALID
3240,2,39,59,24790,31490,1,FEASIBLE,WORSE
3241,2,39,60,25031,31731,1,FEASIBLE,WORSE
3242,2,39,61,24656,31356,1,FEASIBLE,WORSE
3243,2,39,62,24501,31201,1,FEASIBLE,WORSE
3244,2,39,63,24530,31230,1,FEASIBLE,WORSE
3245,2,39,64,24830,31530,1,FEASIBLE,WORSE
3246,2,39,65,24766,31466,1,FEASIBLE,WORSE
3247,2,39,66,24696,31396,1,FEASIBLE,WORSE
3248,2,39,67,25984,32884,0,CAPACITY_EXCEEDED,INVALID
3249,2,39,68,24684,31384,1,FEASIBLE,WORSE
3250,2,39,69,24811,31511,1,FEASIBLE,WORSE
3251,2,39,70,24715,31415,1,FEASIBLE,WORSE
3252,2,39,71,25175,31875,1,FEASIBLE,WORSE
3253,2,39,72,25161,31861,1,FEASIBLE,WORSE
3254,2,39,73,24501,31201,1,FEASIBLE,WORSE
3255,2,39,74,26189,33089,0,CAPACITY_EXCEEDED,INVALID
3256,2,39,75,24611,31311,1,FEASIBLE,WORSE
3257,2,39,76,24811,31511,1,FEASIBLE,WORSE
3258,2,39,77,25034,31734,1,FEASIBLE,WORSE
3259,2,39,78,24702,31402,1,FEASIBLE,WORSE
3260,2,39,79,26188,33088,0,CAPACITY_EXCEEDED,INVALID
3261,2,39,80,25976,32876,0,CAPACITY_EXCEEDED,INVALID
3262,2,39,81,24665,31365,1,FEASIBLE,WORSE
3263,2,39,82,26066,32966,0,CAPACITY_EXCEEDED,INVALID
3264,2,39,83,24972,31672,1,FEASIBLE,WORSE
3265,2,39,84,24691,31391,1,FEASIBLE,WORSE
3266,2,39,85,24252,30952,1,FEASIBLE,WORSE
3267,2,39,86,24627,31327,1,FEASIBLE,WORSE
3268,2,39,87,24745,31445,1,FEASIBLE,WORSE
3269,2,39,88,24935,31635,1,FEASIBLE,WORSE
3270,2,39,89,24657,31357,1,FEASIBLE,WORSE
3271,2,39,90,26163,33063,0,CAPACITY_EXCEEDED,INVALID
3272,2,39,91,25199,31899,1,FEASIBLE,WORSE
3273,2,39,92,25989,32889,0,CAPACITY_EXCEEDED,INVALID
3274,2,39,93,26026,32926,0,CAPACITY_EXCEEDED,INVALID
3275,2,39,94,26092,32992,0,CAPACITY_EXCEEDED,INVALID
3276,2,39,95,25946,32846,0,CAPACITY_EXCEEDED,INVALID
3277,2,39,96,26015,32915,0,CAPACITY_EXCEEDED,INVALID
3278,2,39,97,24686,31386,1,FEASIBLE,WORSE
3279,2,39,98,24643,31343,1,FEASIBLE,WORSE
3280,2,39,99,24778,31478,1,FEASIBLE,WORSE
3281,2,40,41,27244,34344,0,CAPACITY_EXCEEDED,INVALID
3282,2,40,42,26263,33163,0,CAPACITY_EXCEEDED,INVALID
3283,2,40,43,26051,32951,0,CAPACITY_EXCEEDED,INVALID
3284,2,40,44,27106,34206,0,CAPACITY_EXCEEDED,INVALID
3285,2,40,45,27096,34196,0,CAPACITY_EXCEEDED,INVALID
3286,2,40,46,27321,34421,0,CAPACITY_EXCEEDED,INVALID
3287,2,40,47,25961,32861,0,CAPACITY_EXCEEDED,INVALID
3288,2,40,48,27215,34315,0,CAPACITY_EXCEEDED,INVALID
3289,2,40,49,25713,32613,0,CAPACITY_EXCEEDED,INVALID
3290,2,40,50,26080,32980,0,CAPACITY_EXCEEDED,INVALID
3291,2,40,51,25796,32696,0,CAPACITY_EXCEEDED,INVALID
3292,2,40,52,27267,34367,0,CAPACITY_EXCEEDED,INVALID
3293,2,40,53,27231,34331,0,CAPACITY_EXCEEDED,INVALID
3294,2,40,54,25878,32778,0,CAPACITY_EXCEEDED,INVALID
3295,2,40,55,26974,34074,0,CAPACITY_EXCEEDED,INVALID
3296,2,40,56,26349,33249,0,CAPACITY_EXCEEDED,INVALID
3297,2,40,57,26141,33041,0,CAPACITY_EXCEEDED,INVALID
3298,2,40,58,27182,34282,0,CAPACITY_EXCEEDED,INVALID
3299,2,40,59,25969,32869,0,CAPACITY_EXCEEDED,INVALID
3300,2,40,60,26210,33110,0,CAPACITY_EXCEEDED,INVALID
3301,2,40,61,25835,32735,0,CAPACITY_EXCEEDED,INVALID
3302,2,40,62,25680,32580,0,CAPACITY_EXCEEDED,INVALID
3303,2,40,63,25709,32609,0,CAPACITY_EXCEEDED,INVALID
3304,2,40,64,26009,32909,0,CAPACITY_EXCEEDED,INVALID
3305,2,40,65,25945,32845,0,CAPACITY_EXCEEDED,INVALID
3306,2,40,66,25875,32775,0,CAPACITY_EXCEEDED,INVALID
3307,2,40,67,27163,34263,0,CAPACITY_EXCEEDED,INVALID
3308,2,40,68,25863,32763,0,CAPACITY_EXCEEDED,INVALID
3309,2,40,69,25990,32890,0,CAPACITY_EXCEEDED,INVALID
3310,2,40,70,25894,32794,0,CAPACITY_EXCEEDED,INVALID
3311,2,40,71,26354,33254,0,CAPACITY_EXCEEDED,INVALID
3312,2,40,72,26340,33240,0,CAPACITY_EXCEEDED,INVALID
3313,2,40,73,25680,32580,0,CAPACITY_EXCEEDED,INVALID
3314,2,40,74,27368,34468,0,CAPACITY_EXCEEDED,INVALID
3315,2,40,75,25790,32690,0,CAPACITY_EXCEEDED,INVALID
3316,2,40,76,25990,32890,0,CAPACITY_EXCEEDED,INVALID
3317,2,40,77,26213,33113,0,CAPACITY_EXCEEDED,INVALID
3318,2,40,78,25881,32781,0,CAPACITY_EXCEEDED,INVALID
3319,2,40,79,27367,34467,0,CAPACITY_EXCEEDED,INVALID
3320,2,40,80,27155,34255,0,CAPACITY_EXCEEDED,INVALID
3321,2,40,81,25844,32744,0,CAPACITY_EXCEEDED,INVALID
3322,2,40,82,27245,34345,0,CAPACITY_EXCEEDED,INVALID
3323,2,40,83,26151,33051,0,CAPACITY_EXCEEDED,INVALID
3324,2,40,84,25870,32770,0,CAPACITY_EXCEEDED,INVALID
3325,2,40,85,25431,32331,0,CAPACITY_EXCEEDED,INVALID
3326,2,40,86,25806,32706,0,CAPACITY_EXCEEDED,INVALID
3327,2,40,87,25924,32824,0,CAPACITY_EXCEEDED,INVALID
3328,2,40,88,26114,33014,0,CAPACITY_EXCEEDED,INVALID
3329,2,40,89,25836,32736,0,CAPACITY_EXCEEDED,INVALID
3330,2,40,90,27342,34442,0,CAPACITY_EXCEEDED,INVALID
3331,2,40,91,26378,33278,0,CAPACITY_EXCEEDED,INVALID
3332,2,40,92,27168,34268,0,CAPACITY_EXCEEDED,INVALID
3333,2,40,93,27205,34305,0,CAPACITY_EXCEEDED,INVALID
3334,2,40,94,27271,34371,0,CAPACITY_EXCEEDED,INVALID
3335,2,40,95,27125,34225,0,CAPACITY_EXCEEDED,INVALID
3336,2,40,96,27194,34294,0,CAPACITY_EXCEEDED,INVALID
3337,2,40,97,25865,32765,0,CAPACITY_EXCEEDED,INVALID
3338,2,40,98,25822,32722,0,CAPACITY_EXCEEDED,INVALID
3339,2,40,99,25957,32857,0,CAPACITY_EXCEEDED,INVALID
3340,2,41,42,26130,33030,0,CAPACITY_EXCEEDED,INVALID
3341,2,41,43,25918,32818,0,CAPACITY_EXCEEDED,INVALID
3342,2,41,44,26973,34073,0,CAPACITY_EXCEEDED,INVALID
3343,2,41,45,26963,34063,0,CAPACITY_EXCEEDED,INVALID
3344,2,41,46,27188,34288,0,CAPACITY_EXCEEDED,INVALID
3345,2,41,47,25828,32728,0,CAPACITY_EXCEEDED,INVALID
3346,2,41,48,27082,34182,0,CAPACITY_EXCEEDED,INVALID
3347,2,41,49,25580,32480,0,CAPACITY_EXCEEDED,INVALID
3348,2,41,50,25947,32847,0,CAPACITY_EXCEEDED,INVALID
3349,2,41,51,25663,32563,0,CAPACITY_EXCEEDED,INVALID
3350,2,41,52,27134,34234,0,CAPACITY_EXCEEDED,INVALID
3351,2,41,53,27098,34198,0,CAPACITY_EXCEEDED,INVALID
3352,2,41,54,25745,32645,0,CAPACITY_EXCEEDED,INVALID
3353,2,41,55,26841,33941,0,CAPACITY_EXCEEDED,INVALID
3354,2,41,56,26216,33116,0,CAPACITY_EXCEEDED,INVALID
3355,2,41,57,26008,32908,0,CAPACITY_EXCEEDED,INVALID
3356,2,41,58,27049,34149,0,CAPACITY_EXCEEDED,INVALID
3357,2,41,59,25836,32736,0,CAPACITY_EXCEEDED,INVALID
3358,2,41,60,26077,32977,0,CAPACITY_EXCEEDED,INVALID
3359,2,41,61,25702,32602,0,CAPACITY_EXCEEDED,INVALID
3360,2,41,62,25547,32447,0,CAPACITY_EXCEEDED,INVALID
3361,2,41,63,25576,32476,0,CAPACITY_EXCEEDED,INVALID
3362,2,41,64,25876,32776,0,CAPACITY_EXCEEDED,INVALID
3363,2,41,65,25812,32712,0,CAPACITY_EXCEEDED,INVALID
3364,2,41,66,25742,32642,0,CAPACITY_EXCEEDED,INVALID
3365,2,41,67,27030,34130,0,CAPACITY_EXCEEDED,INVALID
3366,2,41,68,25730,32630,0,CAPACITY_EXCEEDED,INVALID
3367,2,41,69,25857,32757,0,CAPACITY_EXCEEDED,INVALID
3368,2,41,70,25761,32661,0,CAPACITY_EXCEEDED,INVALID
3369,2,41,71,26221,33121,0,CAPACITY_EXCEEDED,INVALID
3370,2,41,72,26207,33107,0,CAPACITY_EXCEEDED,INVALID
3371,2,41,73,25547,32447,0,CAPACITY_EXCEEDED,INVALID
3372,2,41,74,27235,34335,0,CAPACITY_EXCEEDED,INVALID
3373,2,41,75,25657,32557,0,CAPACITY_EXCEEDED,INVALID
3374,2,41,76,25857,32757,0,CAPACITY_EXCEEDED,INVALID
3375,2,41,77,26080,32980,0,CAPACITY_EXCEEDED,INVALID
3376,2,41,78,25748,32648,0,CAPACITY_EXCEEDED,INVALID
3377,2,41,79,27234,34334,0,CAPACITY_EXCEEDED,INVALID
3378,2,41,80,27022,34122,0,CAPACITY_EXCEEDED,INVALID
3379,2,41,81,25711,32611,0,CAPACITY_EXCEEDED,INVALID
3380,2,41,82,27112,34212,0,CAPACITY_EXCEEDED,INVALID
3381,2,41,83,26018,32918,0,CAPACITY_EXCEEDED,INVALID
3382,2,41,84,25737,32637,0,CAPACITY_EXCEEDED,INVALID
3383,2,41,85,25298,32198,1,FEASIBLE,WORSE
3384,2,41,86,25673,32573,0,CAPACITY_EXCEEDED,INVALID
3385,2,41,87,25791,32691,0,CAPACITY_EXCEEDED,INVALID
3386,2,41,88,25981,32881,0,CAPACITY_EXCEEDED,INVALID
3387,2,41,89,25703,32603,0,CAPACITY_EXCEEDED,INVALID
3388,2,41,90,27209,34309,0,CAPACITY_EXCEEDED,INVALID
3389,2,41,91,26245,33145,0,CAPACITY_EXCEEDED,INVALID
3390,2,41,92,27035,34135,0,CAPACITY_EXCEEDED,INVALID
3391,2,41,93,27072,34172,0,CAPACITY_EXCEEDED,INVALID
3392,2,41,94,27138,34238,0,CAPACITY_EXCEEDED,INVALID
3393,2,41,95,26992,34092,0,CAPACITY_EXCEEDED,INVALID
3394,2,41,96,27061,34161,0,CAPACITY_EXCEEDED,INVALID
3395,2,41,97,25732,32632,0,CAPACITY_EXCEEDED,INVALID
3396,2,41,98,25689,32589,0,CAPACITY_EXCEEDED,INVALID
3397,2,41,99,25824,32724,0,CAPACITY_EXCEEDED,INVALID
3398,2,42,43,24937,31637,1,FEASIBLE,WORSE
3399,2,42,44,25992,32892,0,CAPACITY_EXCEEDED,INVALID
3400,2,42,45,25982,32882,0,CAPACITY_EXCEEDED,INVALID
3401,2,42,46,26207,33107,0,CAPACITY_EXCEEDED,INVALID
3402,2,42,47,24847,31547,1,FEASIBLE,WORSE
3403,2,42,48,26101,33001,0,CAPACITY_EXCEEDED,INVALID
3404,2,42,49,24599,31299,1,FEASIBLE,WORSE
3405,2,42,50,24966,31666,1,FEASIBLE,WORSE
3406,2,42,51,24682,31382,1,FEASIBLE,WORSE
3407,2,42,52,26153,33053,0,CAPACITY_EXCEEDED,INVALID
3408,2,42,53,26117,33017,0,CAPACITY_EXCEEDED,INVALID
3409,2,42,54,24764,31464,1,FEASIBLE,WORSE
3410,2,42,55,25860,32760,0,CAPACITY_EXCEEDED,INVALID
3411,2,42,56,25235,31935,1,FEASIBLE,WORSE
3412,2,42,57,25027,31727,1,FEASIBLE,WORSE
3413,2,42,58,26068,32968,0,CAPACITY_EXCEEDED,INVALID
3414,2,42,59,24855,31555,1,FEASIBLE,WORSE
3415,2,42,60,25096,31796,1,FEASIBLE,WORSE
3416,2,42,61,24721,31421,1,FEASIBLE,WORSE
3417,2,42,62,24566,31266,1,FEASIBLE,WORSE
3418,2,42,63,24595,31295,1,FEASIBLE,WORSE
3419,2,42,64,24895,31595,1,FEASIBLE,WORSE
3420,2,42,65,24831,31531,1,FEASIBLE,WORSE
3421,2,42,66,24761,31461,1,FEASIBLE,WORSE
3422,2,42,67,26049,32949,0,CAPACITY_EXCEEDED,INVALID
3423,2,42,68,24749,31449,1,FEASIBLE,WORSE
3424,2,42,69,24876,31576,1,FEASIBLE,WORSE
3425,2,42,70,24780,31480,1,FEASIBLE,WORSE
3426,2,42,71,25240,31940,1,FEASIBLE,WORSE
3427,2,42,72,25226,31926,1,FEASIBLE,WORSE
3428,2,42,73,24566,31266,1,FEASIBLE,WORSE
3429,2,42,74,26254,33154,0,CAPACITY_EXCEEDED,INVALID
3430,2,42,75,24676,31376,1,FEASIBLE,WORSE
3431,2,42,76,24876,31576,1,FEASIBLE,WORSE
3432,2,42,77,25099,31799,1,FEASIBLE,WORSE
3433,2,42,78,24767,31467,1,FEASIBLE,WORSE
3434,2,42,79,26253,33153,0,CAPACITY_EXCEEDED,INVALID
3435,2,42,80,26041,32941,0,CAPACITY_EXCEEDED,INVALID
3436,2,42,81,24730,31430,1,FEASIBLE,WORSE
3437,2,42,82,26131,33031,0,CAPACITY_EXCEEDED,INVALID
3438,2,42,83,25037,31737,1,FEASIBLE,WORSE
3439,2,42,84,24756,31456,1,FEASIBLE,WORSE
3440,2,42,85,24317,31017,1,FEASIBLE,WORSE
3441,2,42,86,24692,31392,1,FEASIBLE,WORSE
3442,2,42,87,24810,31510,1,FEASIBLE,WORSE
3443,2,42,88,25000,31700,1,FEASIBLE,WORSE
3444,2,42,89,24722,31422,1,FEASIBLE,WORSE
3445,2,42,90,26228,33128,0,CAPACITY_EXCEEDED,INVALID
3446,2,42,91,25264,31964,1,FEASIBLE,WORSE
3447,2,42,92,26054,32954,0,CAPACITY_EXCEEDED,INVALID
3448,2,42,93,26091,32991,0,CAPACITY_EXCEEDED,INVALID
3449,2,42,94,26157,33057,0,CAPACITY_EXCEEDED,INVALID
3450,2,42,95,26011,32911,0,CAPACITY_EXCEEDED,INVALID
3451,2,42,96,26080,32980,0,CAPACITY_EXCEEDED,INVALID
3452,2,42,97,24751,31451,1,FEASIBLE,WORSE
3453,2,42,98,24708,31408,1,FEASIBLE,WORSE
3454,2,42,99,24843,31543,1,FEASIBLE,WORSE
3455,2,43,44,25780,32680,0,CAPACITY_EXCEEDED,INVALID
3456,2,43,45,25770,32670,0,CAPACITY_EXCEEDED,INVALID
3457,2,43,46,25995,32895,0,CAPACITY_EXCEEDED,INVALID
3458,2,43,47,24635,31335,1,FEASIBLE,WORSE
3459,2,43,48,25889,32789,0,CAPACITY_EXCEEDED,INVALID
3460,2,43,49,24387,31087,1,FEASIBLE,WORSE
3461,2,43,50,24754,31454,1,FEASIBLE,WORSE
3462,2,43,51,24470,31170,1,FEASIBLE,WORSE
3463,2,43,52,25941,32841,0,CAPACITY_EXCEEDED,INVALID
3464,2,43,53,25905,32805,0,CAPACITY_EXCEEDED,INVALID
3465,2,43,54,24552,31252,1,FEASIBLE,WORSE
3466,2,43,55,25648,32548,0,CAPACITY_EXCEEDED,INVALID
3467,2,43,56,25023,31723,1,FEASIBLE,WORSE
3468,2,43,57,24815,31515,1,FEASIBLE,WORSE
3469,2,43,58,25856,32756,0,CAPACITY_EXCEEDED,INVALID
3470,2,43,59,24643,31343,1,FEASIBLE,WORSE
3471,2,43,60,24884,31584,1,FEASIBLE,WORSE
3472,2,43,61,24509,31209,1,FEASIBLE,WORSE
3473,2,43,62,24354,31054,1,FEASIBLE,WORSE
3474,2,43,63,24383,31083,1,FEASIBLE,WORSE
3475,2,43,64,24683,31383,1,FEASIBLE,WORSE
3476,2,43,65,24619,31319,1,FEASIBLE,WORSE
3477,2,43,66,24549,31249,1,FEASIBLE,WORSE
3478,2,43,67,25837,32737,0,CAPACITY_EXCEEDED,INVALID
3479,2,43,68,24537,31237,1,FEASIBLE,WORSE
3480,2,43,69,24664,31364,1,FEASIBLE,WORSE
3481,2,43,70,24568,31268,1,FEASIBLE,WORSE
3482,2,43,71,25028,31728,1,FEASIBLE,WORSE
3483,2,43,72,25014,31714,1,FEASIBLE,WORSE
3484,2,43,73,24354,31054,1,FEASIBLE,WORSE
3485,2,43,74,26042,32942,0,CAPACITY_EXCEEDED,INVALID
3486,2,43,75,24464,31164,1,FEASIBLE,WORSE
3487,2,43,76,24664,31364,1,FEASIBLE,WORSE
3488,2,43,77,24887,31587,1,FEASIBLE,WORSE
3489,2,43,78,24555,31255,1,FEASIBLE,WORSE
3490,2,43,79,26041,32941,0,CAPACITY_EXCEEDED,INVALID
3491,2,43,80,25829,32729,0,CAPACITY_EXCEEDED,INVALID
3492,2,43,81,24518,31218,1,FEASIBLE,WORSE
3493,2,43,82,25919,32819,0,CAPACITY_EXCEEDED,INVALID
3494,2,43,83,24825,31525,1,FEASIBLE,WORSE
3495,2,43,84,24544,31244,1,FEASIBLE,WORSE
3496,2,43,85,24105,30805,1,FEASIBLE,WORSE
3497,2,43,86,24480,31180,1,FEASIBLE,WORSE
3498,2,43,87,24598,31298,1,FEASIBLE,WORSE
3499,2,43,88,24788,31488,1,FEASIBLE,WORSE
3500,2,43,89,24510,31210,1,FEASIBLE,WORSE
3501,2,43,90,26016,32916,0,CAPACITY_EXCEEDED,INVALID
3502,2,43,91,25052,31752,1,FEASIBLE,WORSE
3503,2,43,92,25842,32742,0,CAPACITY_EXCEEDED,INVALID
3504,2,43,93,25879,32779,0,CAPACITY_EXCEEDED,INVALID
3505,2,43,94,25945,32845,0,CAPACITY_EXCEEDED,INVALID
3506,2,43,95,25799,32699,0,CAPACITY_EXCEEDED,INVALID
3507,2,43,96,25868,32768,0,CAPACITY_EXCEEDED,INVALID
3508,2,43,97,24539,31239,1,FEASIBLE,WORSE
3509,2,43,98,24496,31196,1,FEASIBLE,WORSE
3510,2,43,99,24631,31331,1,FEASIBLE,WORSE
3511,2,44,45,26825,33925,0,CAPACITY_EXCEEDED,INVALID
3512,2,44,46,27050,34150,0,CAPACITY_EXCEEDED,INVALID
3513,2,44,47,25690,32590,0,CAPACITY_EXCEEDED,INVALID
3514,2,44,48,26944,34044,0,CAPACITY_EXCEEDED,INVALID
3515,2,44,49,25442,32342,0,CAPACITY_EXCEEDED,INVALID
3516,2,44,50,25809,32709,0,CAPACITY_EXCEEDED,INVALID
3517,2,44,51,25525,32425,0,CAPACITY_EXCEEDED,INVALID
3518,2,44,52,26996,34096,0,CAPACITY_EXCEEDED,INVALID
3519,2,44,53,26960,34060,0,CAPACITY_EXCEEDED,INVALID
3520,2,44,54,25607,32507,0,CAPACITY_EXCEEDED,INVALID
3521,2,44,55,26703,33803,0,CAPACITY_EXCEEDED,INVALID
3522,2,44,56,26078,32978,0,CAPACITY_EXCEEDED,INVALID
3523,2,44,57,25870,32770,0,CAPACITY_EXCEEDED,INVALID
3524,2,44,58,26911,34011,0,CAPACITY_EXCEEDED,INVALID
3525,2,44,59,25698,32598,0,CAPACITY_EXCEEDED,INVALID
3526,2,44,60,25939,32839,0,CAPACITY_EXCEEDED,INVALID
3527,2,44,61,25564,32464,0,CAPACITY_EXCEEDED,INVALID
3528,2,44,62,25409,32309,0,CAPACITY_EXCEEDED,INVALID
3529,2,44,63,25438,32338,0,CAPACITY_EXCEEDED,INVALID
3530,2,44,64,25738,32638,0,CAPACITY_EXCEEDED,INVALID
3531,2,44,65,25674,32574,0,CAPACITY_EXCEEDED,INVALID
3532,2,44,66,25604,32504,0,CAPACITY_EXCEEDED,INVALID
3533,2,44,67,26892,33992,0,CAPACITY_EXCEEDED,INVALID
3534,2,44,68,25592,32492,0,CAPACITY_EXCEEDED,INVALID
3535,2,44,69,25719,32619,0,CAPACITY_EXCEEDED,INVALID
3536,2,44,70,25623,32523,0,CAPACITY_EXCEEDED,INVALID
3537,2,44,71,26083,32983,0,CAPACITY_EXCEEDED,INVALID
3538,2,44,72,26069,32969,0,CAPACITY_EXCEEDED,INVALID
3539,2,44,73,25409,32309,0,CAPACITY_EXCEEDED,INVALID
3540,2,44,74,27097,34197,0,CAPACITY_EXCEEDED,INVALID
3541,2,44,75,25519,32419,0,CAPACITY_EXCEEDED,INVALID
3542,2,44,76,25719,32619,0,CAPACITY_EXCEEDED,INVALID
3543,2,44,77,25942,32842,0,CAPACITY_EXCEEDED,INVALID
3544,2,44,78,25610,32510,0,CAPACITY_EXCEEDED,INVALID
3545,2,44,79,27096,34196,0,CAPACITY_EXCEEDED,INVALID
3546,2,44,80,26884,33984,0,CAPACITY_EXCEEDED,INVALID
3547,2,44,81,25573,32473,0,CAPACITY_EXCEEDED,INVALID
3548,2,44,82,26974,34074,0,CAPACITY_EXCEEDED,INVALID
3549,2,44,83,25880,32780,0,CAPACITY_EXCEEDED,INVALID
3550,2,44,84,25599,32499,0,CAPACITY_EXCEEDED,INVALID
3551,2,44,85,25160,32060,1,FEASIBLE,WORSE
3552,2,44,86,25535,32435,0,CAPACITY_EXCEEDED,INVALID
3553,2,44,87,25653,32553,0,CAPACITY_EXCEEDED,INVALID
3554,2,44,88,25843,32743,0,CAPACITY_EXCEEDED,INVALID
3555,2,44,89,25565,32465,0,CAPACITY_EXCEEDED,INVALID
3556,2,44,90,27071,34171,0,CAPACITY_EXCEEDED,INVALID
3557,2,44,91,26107,33007,0,CAPACITY_EXCEEDED,INVALID
3558,2,44,92,26897,33997,0,CAPACITY_EXCEEDED,INVALID
3559,2,44,93,26934,34034,0,CAPACITY_EXCEEDED,INVALID
3560,2,44,94,27000,34100,0,CAPACITY_EXCEEDED,INVALID
3561,2,44,95,26854,33954,0,CAPACITY_EXCEEDED,INVALID
3562,2,44,96,26923,34023,0,CAPACITY_EXCEEDED,INVALID
3563,2,44,97,25594,32494,0,CAPACITY_EXCEEDED,INVALID
3564,2,44,98,25551,32451,0,CAPACITY_EXCEEDED,INVALID
3565,2,44,99,25686,32586,0,CAPACITY_EXCEEDED,INVALID
3566,2,45,46,27040,34140,0,CAPACITY_EXCEEDED,INVALID
3567,2,45,47,25680,32580,0,CAPACITY_EXCEEDED,INVALID
3568,2,45,48,26934,34034,0,CAPACITY_EXCEEDED,INVALID
3569,2,45,49,25432,32332,0,CAPACITY_EXCEEDED,INVALID
3570,2,45,50,25799,32699,0,CAPACITY_EXCEEDED,INVALID
3571,2,45,51,25515,32415,0,CAPACITY_EXCEEDED,INVALID
3572,2,45,52,26986,34086,0,CAPACITY_EXCEEDED,INVALID
3573,2,45,53,26950,34050,0,CAPACITY_EXCEEDED,INVALID
3574,2,45,54,25597,32497,0,CAPACITY_EXCEEDED,INVALID
3575,2,45,55,26693,33793,0,CAPACITY_EXCEEDED,INVALID
3576,2,45,56,26068,32968,0,CAPACITY_EXCEEDED,INVALID
3577,2,45,57,25860,32760,0,CAPACITY_EXCEEDED,INVALID
3578,2,45,58,26901,34001,0,CAPACITY_EXCEEDED,INVALID
3579,2,45,59,25688,32588,0,CAPACITY_EXCEEDED,INVALID
3580,2,45,60,25929,32829,0,CAPACITY_EXCEEDED,INVALID
3581,2,45,61,25554,32454,0,CAPACITY_EXCEEDED,INVALID
3582,2,45,62,25399,32299,0,CAPACITY_EXCEEDED,INVALID
3583,2,45,63,25428,32328,0,CAPACITY_EXCEEDED,INVALID
3584,2,45,64,25728,32628,0,CAPACITY_EXCEEDED,INVALID
3585,2,45,65,25664,32564,0,CAPACITY_EXCEEDED,INVALID
3586,2,45,66,25594,32494,0,CAPACITY_EXCEEDED,INVALID
3587,2,45,67,26882,33982,0,CAPACITY_EXCEEDED,INVALID
3588,2,45,68,25582,32482,0,CAPACITY_EXCEEDED,INVALID
3589,2,45,69,25709,32609,0,CAPACITY_EXCEEDED,INVALID
3590,2,45,70,25613,32513,0,CAPACITY_EXCEEDED,INVALID
3591,2,45,71,26073,32973,0,CAPACITY_EXCEEDED,INVALID
3592,2,45,72,26059,32959,0,CAPACITY_EXCEEDED,INVALID
3593,2,45,73,25399,32299,0,CAPACITY_EXCEEDED,INVALID
3594,2,45,74,27087,34187,0,CAPACITY_EXCEEDED,INVALID
3595,2,45,75,25509,32409,0,CAPACITY_EXCEEDED,INVALID
3596,2,45,76,25709,32609,0,CAPACITY_EXCEEDED,INVALID
3597,2,45,77,25932,32832,0,CAPACITY_EXCEEDED,INVALID
3598,2,45,78,25600,32500,0,CAPACITY_EXCEEDED,INVALID
3599,2,45,79,27086,34186,0,CAPACITY_EXCEEDED,INVALID
3600,2,45,80,26874,33974,0,CAPACITY_EXCEEDED,INVALID
3601,2,45,81,25563,32463,0,CAPACITY_EXCEEDED,INVALID
3602,2,45,82,26964,34064,0,CAPACITY_EXCEEDED,INVALID
3603,2,45,83,25870,32770,0,CAPACITY_EXCEEDED,INVALID
3604,2,45,84,25589,32489,0,CAPACITY_EXCEEDED,INVALID
3605,2,45,85,25150,32050,1,FEASIBLE,WORSE
3606,2,45,86,25525,32425,0,CAPACITY_EXCEEDED,INVALID
3607,2,45,87,25643,32543,0,CAPACITY_EXCEEDED,INVALID
3608,2,45,88,25833,32733,0,CAPACITY_EXCEEDED,INVALID
3609,2,45,89,25555,32455,0,CAPACITY_EXCEEDED,INVALID
3610,2,45,90,27061,34161,0,CAPACITY_EXCEEDED,INVALID
3611,2,45,91,26097,32997,0,CAPACITY_EXCEEDED,INVALID
3612,2,45,92,26887,33987,0,CAPACITY_EXCEEDED,INVALID
3613,2,45,93,26924,34024,0,CAPACITY_EXCEEDED,INVALID
3614,2,45,94,26990,34090,0,CAPACITY_EXCEEDED,INVALID
3615,2,45,95,26844,33944,0,CAPACITY_EXCEEDED,INVALID
3616,2,45,96,26913,34013,0,CAPACITY_EXCEEDED,INVALID
3617,2,45,97,25584,32484,0,CAPACITY_EXCEEDED,INVALID
3618,2,45,98,25541,32441,0,CAPACITY_EXCEEDED,INVALID
3619,2,45,99,25676,32576,0,CAPACITY_EXCEEDED,INVALID
3620,2,46,47,25905,32805,0,CAPACITY_EXCEEDED,INVALID
3621,2,46,48,27159,34259,0,CAPACITY_EXCEEDED,INVALID
3622,2,46,49,25657,32557,0,CAPACITY_EXCEEDED,INVALID
3623,2,46,50,26024,32924,0,CAPACITY_EXCEEDED,INVALID
3624,2,46,51,25740,32640,0,CAPACITY_EXCEEDED,INVALID
3625,2,46,52,27211,34311,0,CAPACITY_EXCEEDED,INVALID
3626,2,46,53,27175,34275,0,CAPACITY_EXCEEDED,INVALID
3627,2,46,54,25822,32722,0,CAPACITY_EXCEEDED,INVALID
3628,2,46,55,26918,34018,0,CAPACITY_EXCEEDED,INVALID
3629,2,46,56,26293,33193,0,CAPACITY_EXCEEDED,INVALID
3630,2,46,57,26085,32985,0,CAPACITY_EXCEEDED,INVALID
3631,2,46,58,27126,34226,0,CAPACITY_EXCEEDED,INVALID
3632,2,46,59,25913,32813,0,CAPACITY_EXCEEDED,INVALID
3633,2,46,60,26154,33054,0,CAPACITY_EXCEEDED,INVALID
3634,2,46,61,25779,32679,0,CAPACITY_EXCEEDED,INVALID
3635,2,46,62,25624,32524,0,CAPACITY_EXCEEDED,INVALID
3636,2,46,63,25653,32553,0,CAPACITY_EXCEEDED,INVALID
3637,2,46,64,25953,32853,0,CAPACITY_EXCEEDED,INVALID
3638,2,46,65,25889,32789,0,CAPACITY_EXCEEDED,INVALID
3639,2,46,66,25819,32719,0,CAPACITY_EXCEEDED,INVALID
3640,2,46,67,27107,34207,0,CAPACITY_EXCEEDED,INVALID
3641,2,46,68,25807,32707,0,CAPACITY_EXCEEDED,INVALID
3642,2,46,69,25934,32834,0,CAPACITY_EXCEEDED,INVALID
3643,2,46,70,25838,32738,0,CAPACITY_EXCEEDED,INVALID
3644,2,46,71,26298,33198,0,CAPACITY_EXCEEDED,INVALID
3645,2,46,72,26284,33184,0,CAPACITY_EXCEEDED,INVALID
3646,2,46,73,25624,32524,0,CAPACITY_EXCEEDED,INVALID
3647,2,46,74,27312,34412,0,CAPACITY_EXCEEDED,INVALID
3648,2,46,75,25734,32634,0,CAPACITY_EXCEEDED,INVALID
3649,2,46,76,25934,32834,0,CAPACITY_EXCEEDED,INVALID
3650,2,46,77,26157,33057,0,CAPACITY_EXCEEDED,INVALID
3651,2,46,78,25825,32725,0,CAPACITY_EXCEEDED,INVALID
3652,2,46,79,27311,34411,0,CAPACITY_EXCEEDED,INVALID
3653,2,46,80,27099,34199,0,CAPACITY_EXCEEDED,INVALID
3654,2,46,81,25788,32688,0,CAPACITY_EXCEEDED,INVALID
3655,2,46,82,27189,34289,0,CAPACITY_EXCEEDED,INVALID
3656,2,46,83,26095,32995,0,CAPACITY_EXCEEDED,INVALID
3657,2,46,84,25814,32714,0,CAPACITY_EXCEEDED,INVALID
3658,2,46,85,25375,32275,1,FEASIBLE,WORSE
3659,2,46,86,25750,32650,0,CAPACITY_EXCEEDED,INVALID
3660,2,46,87,25868,32768,0,CAPACITY_EXCEEDED,INVALID
3661,2,46,88,26058,32958,0,CAPACITY_EXCEEDED,INVALID
3662,2,46,89,25780,32680,0,CAPACITY_EXCEEDED,INVALID
3663,2,46,90,27286,34386,0,CAPACITY_EXCEEDED,INVALID
3664,2,46,91,26322,33222,0,CAPACITY_EXCEEDED,INVALID
3665,2,46,92,27112,34212,0,CAPACITY_EXCEEDED,INVALID
3666,2,46,93,27149,34249,0,CAPACITY_EXCEEDED,INVALID
3667,2,46,94,27215,34315,0,CAPACITY_EXCEEDED,INVALID
3668,2,46,95,27069,34169,0,CAPACITY_EXCEEDED,INVALID
3669,2,46,96,27138,34238,0,CAPACITY_EXCEEDED,INVALID
3670,2,46,97,25809,32709,0,CAPACITY_EXCEEDED,INVALID
3671,2,46,98,25766,32666,0,CAPACITY_EXCEEDED,INVALID
3672,2,46,99,25901,32801,0,CAPACITY_EXCEEDED,INVALID
3673,2,47,48,25799,32699,0,CAPACITY_EXCEEDED,INVALID
3674,2,47,49,24297,30997,1,FEASIBLE,WORSE
3675,2,47,50,24664,31364,1,FEASIBLE,WORSE
3676,2,47,51,24380,31080,1,FEASIBLE,WORSE
3677,2,47,52,25851,32751,0,CAPACITY_EXCEEDED,INVALID
3678,2,47,53,25815,32715,0,CAPACITY_EXCEEDED,INVALID
3679,2,47,54,24462,31162,1,FEASIBLE,WORSE
3680,2,47,55,25558,32458,0,CAPACITY_EXCEEDED,INVALID
3681,2,47,56,24933,31633,1,FEASIBLE,WORSE
3682,2,47,57,24725,31425,1,FEASIBLE,WORSE
3683,2,47,58,25766,32666,0,CAPACITY_EXCEEDED,INVALID
3684,2,47,59,24553,31253,1,FEASIBLE,WORSE
3685,2,47,60,24794,31494,1,FEASIBLE,WORSE
3686,2,47,61,24419,31119,1,FEASIBLE,WORSE
3687,2,47,62,24264,30964,1,FEASIBLE,WORSE
3688,2,47,63,24293,30993,1,FEASIBLE,WORSE
3689,2,47,64,24593,31293,1,FEASIBLE,WORSE
3690,2,47,65,24529,31229,1,FEASIBLE,WORSE
3691,2,47,66,24459,31159,1,FEASIBLE,WORSE
3692,2,47,67,25747,32647,0,CAPACITY_EXCEEDED,INVALID
3693,2,47,68,24447,31147,1,FEASIBLE,WORSE
3694,2,47,69,24574,31274,1,FEASIBLE,WORSE
3695,2,47,70,24478,31178,1,FEASIBLE,WORSE
3696,2,47,71,24938,31638,1,FEASIBLE,WORSE
3697,2,47,72,24924,31624,1,FEASIBLE,WORSE
3698,2,47,73,24264,30964,1,FEASIBLE,WORSE
3699,2,47,74,25952,32852,0,CAPACITY_EXCEEDED,INVALID
3700,2,47,75,24374,31074,1,FEASIBLE,WORSE
3701,2,47,76,24574,31274,1,FEASIBLE,WORSE
3702,2,47,77,24797,31497,1,FEASIBLE,WORSE
3703,2,47,78,24465,31165,1,FEASIBLE,WORSE
3704,2,47,79,25951,32851,0,CAPACITY_EXCEEDED,INVALID
3705,2,47,80,25739,32639,0,CAPACITY_EXCEEDED,INVALID
3706,2,47,81,24428,31128,1,FEASIBLE,WORSE
3707,2,47,82,25829,32729,0,CAPACITY_EXCEEDED,INVALID
3708,2,47,83,24735,31435,1,FEASIBLE,WORSE
3709,2,47,84,24454,31154,1,FEASIBLE,WORSE
3710,2,47,85,24015,30715,1,FEASIBLE,WORSE
3711,2,47,86,24390,31090,1,FEASIBLE,WORSE
3712,2,47,87,24508,31208,1,FEASIBLE,WORSE
3713,2,47,88,24698,31398,1,FEASIBLE,WORSE
3714,2,47,89,24420,31120,1,FEASIBLE,WORSE
3715,2,47,90,25926,32826,0,CAPACITY_EXCEEDED,INVALID
3716,2,47,91,24962,31662,1,FEASIBLE,WORSE
3717,2,47,92,25752,32652,0,CAPACITY_EXCEEDED,INVALID
3718,2,47,93,25789,32689,0,CAPACITY_EXCEEDED,INVALID
3719,2,47,94,25855,32755,0,CAPACITY_EXCEEDED,INVALID
3720,2,47,95,25709,32609,0,CAPACITY_EXCEEDED,INVALID
3721,2,47,96,25778,32678,0,CAPACITY_EXCEEDED,INVALID
3722,2,47,97,24449,31149,1,FEASIBLE,WORSE
3723,2,47,98,24406,31106,1,FEASIBLE,WORSE
3724,2,47,99,24541,31241,1,FEASIBLE,WORSE
3725,2,48,49,25551,32451,0,CAPACITY_EXCEEDED,INVALID
3726,2,48,50,25918,32818,0,CAPACITY_EXCEEDED,INVALID
3727,2,48,51,25634,32534,0,CAPACITY_EXCEEDED,INVALID
3728,2,48,52,27105,34205,0,CAPACITY_EXCEEDED,INVALID
3729,2,48,53,27069,34169,0,CAPACITY_EXCEEDED,INVALID
3730,2,48,54,25716,32616,0,CAPACITY_EXCEEDED,INVALID
3731,2,48,55,26812,33912,0,CAPACITY_EXCEEDED,INVALID
3732,2,48,56,26187,33087,0,CAPACITY_EXCEEDED,INVALID
3733,2,48,57,25979,32879,0,CAPACITY_EXCEEDED,INVALID
3734,2,48,58,27020,34120,0,CAPACITY_EXCEEDED,INVALID
3735,2,48,59,25807,32707,0,CAPACITY_EXCEEDED,INVALID
3736,2,48,60,26048,32948,0,CAPACITY_EXCEEDED,INVALID
3737,2,48,61,25673,32573,0,CAPACITY_EXCEEDED,INVALID
3738,2,48,62,25518,32418,0,CAPACITY_EXCEEDED,INVALID
3739,2,48,63,25547,32447,0,CAPACITY_EXCEEDED,INVALID
3740,2,48,64,25847,32747,0,CAPACITY_EXCEEDED,INVALID
3741,2,48,65,25783,32683,0,CAPACITY_EXCEEDED,INVALID
3742,2,48,66,25713,32613,0,CAPACITY_EXCEEDED,INVALID
3743,2,48,67,27001,34101,0,CAPACITY_EXCEEDED,INVALID
3744,2,48,68,25701,32601,0,CAPACITY_EXCEEDED,INVALID
3745,2,48,69,25828,32728,0,CAPACITY_EXCEEDED,INVALID
3746,2,48,70,25732,32632,0,CAPACITY_EXCEEDED,INVALID
3747,2,48,71,26192,33092,0,CAPACITY_EXCEEDED,INVALID
3748,2,48,72,26178,33078,0,CAPACITY_EXCEEDED,INVALID
3749,2,48,73,25518,32418,0,CAPACITY_EXCEEDED,INVALID
3750,2,48,74,27206,34306,0,CAPACITY_EXCEEDED,INVALID
3751,2,48,75,25628,32528,0,CAPACITY_EXCEEDED,INVALID
3752,2,48,76,25828,32728,0,CAPACITY_EXCEEDED,INVALID
3753,2,48,77,26051,32951,0,CAPACITY_EXCEEDED,INVALID
3754,2,48,78,25719,32619,0,CAPACITY_EXCEEDED,INVALID
3755,2,48,79,27205,34305,0,CAPACITY_EXCEEDED,INVALID
3756,2,48,80,26993,34093,0,CAPACITY_EXCEEDED,INVALID
3757,2,48,81,25682,32582,0,CAPACITY_EXCEEDED,INVALID
3758,2,48,82,27083,34183,0,CAPACITY_EXCEEDED,INVALID
3759,2,48,83,25989,32889,0,CAPACITY_EXCEEDED,INVALID
3760,2,48,84,25708,32608,0,CAPACITY_EXCEEDED,INVALID
3761,2,48,85,25269,32169,1,FEASIBLE,WORSE
3762,2,48,86,25644,32544,0,CAPACITY_EXCEEDED,INVALID
3763,2,48,87,25762,32662,0,CAPACITY_EXCEEDED,INVALID
3764,2,48,88,25952,32852,0,CAPACITY_EXCEEDED,INVALID
3765,2,48,89,25674,32574,0,CAPACITY_EXCEEDED,INVALID
3766,2,48,90,27180,34280,0,CAPACITY_EXCEEDED,INVALID
3767,2,48,91,26216,33116,0,CAPACITY_EXCEEDED,INVALID
3768,2,48,92,27006,34106,0,CAPACITY_EXCEEDED,INVALID
3769,2,48,93,27043,34143,0,CAPACITY_EXCEEDED,INVALID
3770,2,48,94,27109,34209,0,CAPACITY_EXCEEDED,INVALID
3771,2,48,95,26963,34063,0,CAPACITY_EXCEEDED,INVALID
3772,2,48,96,27032,34132,0,CAPACITY_EXCEEDED,INVALID
3773,2,48,97,25703,32603,0,CAPACITY_EXCEEDED,INVALID
3774,2,48,98,25660,32560,0,CAPACITY_EXCEEDED,INVALID
3775,2,48,99,25795,32695,0,CAPACITY_EXCEEDED,INVALID
3776,2,49,50,24416,31116,1,FEASIBLE,WORSE
3777,2,49,51,24132,30832,1,FEASIBLE,WORSE
3778,2,49,52,25603,32503,0,CAPACITY_EXCEEDED,INVALID
3779,2,49,53,25567,32467,0,CAPACITY_EXCEEDED,INVALID
3780,2,49,54,24214,30914,1,FEASIBLE,WORSE
3781,2,49,55,25310,32210,1,FEASIBLE,WORSE
3782,2,49,56,24685,31385,1,FEASIBLE,WORSE
3783,2,49,57,24477,31177,1,FEASIBLE,WORSE
3784,2,49,58,25518,32418,0,CAPACITY_EXCEEDED,INVALID
3785,2,49,59,24305,31005,1,FEASIBLE,WORSE
3786,2,49,60,24546,31246,1,FEASIBLE,WORSE
3787,2,49,61,24171,30871,1,FEASIBLE,WORSE
3788,2,49,62,24016,30716,1,FEASIBLE,WORSE
3789,2,49,63,24045,30745,1,FEASIBLE,WORSE
3790,2,49,64,24345,31045,1,FEASIBLE,WORSE
3791,2,49,65,24281,30981,1,FEASIBLE,WORSE
3792,2,49,66,24211,30911,1,FEASIBLE,WORSE
3793,2,49,67,25499,32399,0,CAPACITY_EXCEEDED,INVALID
3794,2,49,68,24199,30899,1,FEASIBLE,WORSE
3795,2,49,69,24326,31026,1,FEASIBLE,WORSE
3796,2,49,70,24230,30930,1,FEASIBLE,WORSE
3797,2,49,71,24690,31390,1,FEASIBLE,WORSE
3798,2,49,72,24676,31376,1,FEASIBLE,WORSE
3799,2,49,73,24016,30716,1,FEASIBLE,WORSE
3800,2,49,74,25704,32604,0,CAPACITY_EXCEEDED,INVALID
3801,2,49,75,24126,30826,1,FEASIBLE,WORSE
3802,2,49,76,24326,31026,1,FEASIBLE,WORSE
3803,2,49,77,24549,31249,1,FEASIBLE,WORSE
3804,2,49,78,24217,30917,1,FEASIBLE,WORSE
3805,2,49,79,25703,32603,0,CAPACITY_EXCEEDED,INVALID
3806,2,49,80,25491,32391,0,CAPACITY_EXCEEDED,INVALID
3807,2,49,81,24180,30880,1,FEASIBLE,WORSE
3808,2,49,82,25581,32481,0,CAPACITY_EXCEEDED,INVALID
3809,2,49,83,24487,31187,1,FEASIBLE,WORSE
3810,2,49,84,24206,30906,1,FEASIBLE,WORSE
3811,2,49,85,23767,30467,1,FEASIBLE,WORSE
3812,2,49,86,24142,30842,1,FEASIBLE,WORSE
3813,2,49,87,24260,30960,1,FEASIBLE,WORSE
3814,2,49,88,24450,31150,1,FEASIBLE,WORSE
3815,2,49,89,24172,30872,1,FEASIBLE,WORSE
3816,2,49,90,25678,32578,0,CAPACITY_EXCEEDED,INVALID
3817,2,49,91,24714,31414,1,FEASIBLE,WORSE
3818,2,49,92,25504,32404,0,CAPACITY_EXCEEDED,INVALID
3819,2,49,93,25541,32441,0,CAPACITY_EXCEEDED,INVALID
3820,2,49,94,25607,32507,0,CAPACITY_EXCEEDED,INVALID
3821,2,49,95,25461,32361,0,CAPACITY_EXCEEDED,INVALID
3822,2,49,96,25530,32430,0,CAPACITY_EXCEEDED,INVALID
3823,2,49,97,24201,30901,1,FEASIBLE,WORSE
3824,2,49,98,24158,30858,1,FEASIBLE,WORSE
3825,2,49,99,24293,30993,1,FEASIBLE,WORSE
3826,2,50,51,24499,31199,1,FEASIBLE,WORSE
3827,2,50,52,25970,32870,0,CAPACITY_EXCEEDED,INVALID
3828,2,50,53,25934,32834,0,CAPACITY_EXCEEDED,INVALID
3829,2,50,54,24581,31281,1,FEASIBLE,WORSE
3830,2,50,55,25677,32577,0,CAPACITY_EXCEEDED,INVALID
3831,2,50,56,25052,31752,1,FEASIBLE,WORSE
3832,2,50,57,24844,31544,1,FEASIBLE,WORSE
3833,2,50,58,25885,32785,0,CAPACITY_EXCEEDED,INVALID
3834,2,50,59,24672,31372,1,FEASIBLE,WORSE
3835,2,50,60,24913,31613,1,FEASIBLE,WORSE
3836,2,50,61,24538,31238,1,FEASIBLE,WORSE
3837,2,50,62,24383,31083,1,FEASIBLE,WORSE
3838,2,50,63,24412,31112,1,FEASIBLE,WORSE
3839,2,50,64,24712,31412,1,FEASIBLE,WORSE
3840,2,50,65,24648,31348,1,FEASIBLE,WORSE
3841,2,50,66,24578,31278,1,FEASIBLE,WORSE
3842,2,50,67,25866,32766,0,CAPACITY_EXCEEDED,INVALID
3843,2,50,68,24566,31266,1,FEASIBLE,WORSE
3844,2,50,69,24693,31393,1,FEASIBLE,WORSE
3845,2,50,70,24597,31297,1,FEASIBLE,WORSE
3846,2,50,71,25057,31757,1,FEASIBLE,WORSE
3847,2,50,72,25043,31743,1,FEASIBLE,WORSE
3848,2,50,73,24383,31083,1,FEASIBLE,WORSE
3849,2,50,74,26071,32971,0,CAPACITY_EXCEEDED,INVALID
3850,2,50,75,24493,31193,1,FEASIBLE,WORSE
3851,2,50,76,24693,31393,1,FEASIBLE,WORSE
3852,2,50,77,24916,31616,1,FEASIBLE,WORSE
3853,2,50,78,24584,31284,1,FEASIBLE,WORSE
3854,2,50,79,26070,32970,0,CAPACITY_EXCEEDED,INVALID
3855,2,50,80,25858,32758,0,CAPACITY_EXCEEDED,INVALID
3856,2,50,81,24547,31247,1,FEASIBLE,WORSE
3857,2,50,82,25948,32848,0,CAPACITY_EXCEEDED,INVALID
3858,2,50,83,24854,31554,1,FEASIBLE,WORSE
3859,2,50,84,24573,31273,1,FEASIBLE,WORSE
3860,2,50,85,24134,30834,1,FEASIBLE,WORSE
3861,2,50,86,24509,31209,1,FEASIBLE,WORSE
3862,2,50,87,24627,31327,1,FEASIBLE,WORSE
3863,2,50,88,24817,31517,1,FEASIBLE,WORSE
3864,2,50,89,24539,31239,1,FEASIBLE,WORSE
3865,2,50,90,26045,32945,0,CAPACITY_EXCEEDED,INVALID
3866,2,50,91,25081,31781,1,FEASIBLE,WORSE
3867,2,50,92,25871,32771,0,CAPACITY_EXCEEDED,INVALID
3868,2,50,93,25908,32808,0,CAPACITY_EXCEEDED,INVALID
3869,2,50,94,25974,32874,0,CAPACITY_EXCEEDED,INVALID
3870,2,50,95,25828,32728,0,CAPACITY_EXCEEDED,INVALID
3871,2,50,96,25897,32797,0,CAPACITY_EXCEEDED,INVALID
3872,2,50,97,24568,31268,1,FEASIBLE,WORSE
3873,2,50,98,24525,31225,1,FEASIBLE,WORSE
3874,2,50,99,24660,31360,1,FEASIBLE,WORSE
3875,2,51,52,25686,32586,0,CAPACITY_EXCEEDED,INVALID
3876,2,51,53,25650,32550,0,CAPACITY_EXCEEDED,INVALID
3877,2,51,54,24297,30997,1,FEASIBLE,WORSE
3878,2,51,55,25393,32293,0,CAPACITY_EXCEEDED,INVALID
3879,2,51,56,24768,31468,1,FEASIBLE,WORSE
3880,2,51,57,24560,31260,1,FEASIBLE,WORSE
3881,2,51,58,25601,32501,0,CAPACITY_EXCEEDED,INVALID
3882,2,51,59,24388,31088,1,FEASIBLE,WORSE
3883,2,51,60,24629,31329,1,FEASIBLE,WORSE
3884,2,51,61,24254,30954,1,FEASIBLE,WORSE
3885,2,51,62,24099,30799,1,FEASIBLE,WORSE
3886,2,51,63,24128,30828,1,FEASIBLE,WORSE
3887,2,51,64,24428,31128,1,FEASIBLE,WORSE
3888,2,51,65,24364,31064,1,FEASIBLE,WORSE
3889,2,51,66,24294,30994,1,FEASIBLE,WORSE
3890,2,51,67,25582,32482,0,CAPACITY_EXCEEDED,INVALID
3891,2,51,68,24282,30982,1,FEASIBLE,WORSE
3892,2,51,69,24409,31109,1,FEASIBLE,WORSE
3893,2,51,70,24313,31013,1,FEASIBLE,WORSE
3894,2,51,71,24773,31473,1,FEASIBLE,WORSE
3895,2,51,72,24759,31459,1,FEASIBLE,WORSE
3896,2,51,73,24099,30799,1,FEASIBLE,WORSE
3897,2,51,74,25787,32687,0,CAPACITY_EXCEEDED,INVALID
3898,2,51,75,24209,30909,1,FEASIBLE,WORSE
3899,2,51,76,24409,31109,1,FEASIBLE,WORSE
3900,2,51,77,24632,31332,1,FEASIBLE,WORSE
3901,2,51,78,24300,31000,1,FEASIBLE,WORSE
3902,2,51,79,25786,32686,0,CAPACITY_EXCEEDED,INVALID
3903,2,51,80,25574,32474,0,CAPACITY_EXCEEDED,INVALID
3904,2,51,81,24263,30963,1,FEASIBLE,WORSE
3905,2,51,82,25664,32564,0,CAPACITY_EXCEEDED,INVALID
3906,2,51,83,24570,31270,1,FEASIBLE,WORSE
3907,2,51,84,24289,30989,1,FEASIBLE,WORSE
3908,2,51,85,23850,30550,1,FEASIBLE,WORSE
3909,2,51,86,24225,30925,1,FEASIBLE,WORSE
3910,2,51,87,24343,31043,1,FEASIBLE,WORSE
3911,2,51,88,24533,31233,1,FEASIBLE,WORSE
3912,2,51,89,24255,30955,1,FEASIBLE,WORSE
3913,2,51,90,25761,32661,0,CAPACITY_EXCEEDED,INVALID
3914,2,51,91,24797,31497,1,FEASIBLE,WORSE
3915,2,51,92,25587,32487,0,CAPACITY_EXCEEDED,INVALID
3916,2,51,93,25624,32524,0,CAPACITY_EXCEEDED,INVALID
3917,2,51,94,25690,32590,0,CAPACITY_EXCEEDED,INVALID
3918,2,51,95,25544,32444,0,CAPACITY_EXCEEDED,INVALID
3919,2,51,96,25613,32513,0,CAPACITY_EXCEEDED,INVALID
3920,2,51,97,24284,30984,1,FEASIBLE,WORSE
3921,2,51,98,24241,30941,1,FEASIBLE,WORSE
3922,2,51,99,24376,31076,1,FEASIBLE,WORSE
3923,2,52,53,27121,34221,0,CAPACITY_EXCEEDED,INVALID
3924,2,52,54,25768,32668,0,CAPACITY_EXCEEDED,INVALID
3925,2,52,55,26864,33964,0,CAPACITY_EXCEEDED,INVALID
3926,2,52,56,26239,33139,0,CAPACITY_EXCEEDED,INVALID
3927,2,52,57,26031,32931,0,CAPACITY_EXCEEDED,INVALID
3928,2,52,58,27072,34172,0,CAPACITY_EXCEEDED,INVALID
3929,2,52,59,25859,32759,0,CAPACITY_EXCEEDED,INVALID
3930,2,52,60,26100,33000,0,CAPACITY_EXCEEDED,INVALID
3931,2,52,61,25725,32625,0,CAPACITY_EXCEEDED,INVALID
3932,2,52,62,25570,32470,0,CAPACITY_EXCEEDED,INVALID
3933,2,52,63,25599,32499,0,CAPACITY_EXCEEDED,INVALID
3934,2,52,64,25899,32799,0,CAPACITY_EXCEEDED,INVALID
3935,2,52,65,25835,32735,0,CAPACITY_EXCEEDED,INVALID
3936,2,52,66,25765,32665,0,CAPACITY_EXCEEDED,INVALID
3937,2,52,67,27053,34153,0,CAPACITY_EXCEEDED,INVALID
3938,2,52,68,25753,32653,0,CAPACITY_EXCEEDED,INVALID
3939,2,52,69,25880,32780,0,CAPACITY_EXCEEDED,INVALID
3940,2,52,70,25784,32684,0,CAPACITY_EXCEEDED,INVALID
3941,2,52,71,26244,33144,0,CAPACITY_EXCEEDED,INVALID
3942,2,52,72,26230,33130,0,CAPACITY_EXCEEDED,INVALID
3943,2,52,73,25570,32470,0,CAPACITY_EXCEEDED,INVALID
3944,2,52,74,27258,34358,0,CAPACITY_EXCEEDED,INVALID
3945,2,52,75,25680,32580,0,CAPACITY_EXCEEDED,INVALID
3946,2,52,76,25880,32780,0,CAPACITY_EXCEEDED,INVALID
3947,2,52,77,26103,33003,0,CAPACITY_EXCEEDED,INVALID
3948,2,52,78,25771,32671,0,CAPACITY_EXCEEDED,INVALID
3949,2,52,79,27257,34357,0,CAPACITY_EXCEEDED,INVALID
3950,2,52,80,27045,34145,0,CAPACITY_EXCEEDED,INVALID
3951,2,52,81,25734,32634,0,CAPACITY_EXCEEDED,INVALID
3952,2,52,82,27135,34235,0,CAPACITY_EXCEEDED,INVALID
3953,2,52,83,26041,32941,0,CAPACITY_EXCEEDED,INVALID
3954,2,52,84,25760,32660,0,CAPACITY_EXCEEDED,INVALID
3955,2,52,85,25321,32221,1,FEASIBLE,WORSE
3956,2,52,86,25696,32596,0,CAPACITY_EXCEEDED,INVALID
3957,2,52,87,25814,32714,0,CAPACITY_EXCEEDED,INVALID
3958,2,52,88,26004,32904,0,CAPACITY_EXCEEDED,INVALID
3959,2,52,89,25726,32626,0,CAPACITY_EXCEEDED,INVALID
3960,2,52,90,27232,34332,0,CAPACITY_EXCEEDED,INVALID
3961,2,52,91,26268,33168,0,CAPACITY_EXCEEDED,INVALID
3962,2,52,92,27058,34158,0,CAPACITY_EXCEEDED,INVALID
3963,2,52,93,27095,34195,0,CAPACITY_EXCEEDED,INVALID
3964,2,52,94,27161,34261,0,CAPACITY_EXCEEDED,INVALID
3965,2,52,95,27015,34115,0,CAPACITY_EXCEEDED,INVALID
3966,2,52,96,27084,34184,0,CAPACITY_EXCEEDED,INVALID
3967,2,52,97,25755,32655,0,CAPACITY_EXCEEDED,INVALID
3968,2,52,98,25712,32612,0,CAPACITY_EXCEEDED,INVALID
3969,2,52,99,25847,32747,0,CAPACITY_EXCEEDED,INVALID
3970,2,53,54,25732,32632,0,CAPACITY_EXCEEDED,INVALID
3971,2,53,55,26828,33928,0,CAPACITY_EXCEEDED,INVALID
3972,2,53,56,26203,33103,0,CAPACITY_EXCEEDED,INVALID
3973,2,53,57,25995,32895,0,CAPACITY_EXCEEDED,INVALID
3974,2,53,58,27036,34136,0,CAPACITY_EXCEEDED,INVALID
3975,2,53,59,25823,32723,0,CAPACITY_EXCEEDED,INVALID
3976,2,53,60,26064,32964,0,CAPACITY_EXCEEDED,INVALID
3977,2,53,61,25689,32589,0,CAPACITY_EXCEEDED,INVALID
3978,2,53,62,25534,32434,0,CAPACITY_EXCEEDED,INVALID
3979,2,53,63,25563,32463,0,CAPACITY_EXCEEDED,INVALID
3980,2,53,64,25863,32763,0,CAPACITY_EXCEEDED,INVALID
3981,2,53,65,25799,32699,0,CAPACITY_EXCEEDED,INVALID
3982,2,53,66,25729,32629,0,CAPACITY_EXCEEDED,INVALID
3983,2,53,67,27017,34117,0,CAPACITY_EXCEEDED,INVALID
3984,2,53,68,25717,32617,0,CAPACITY_EXCEEDED,INVALID
3985,2,53,69,25844,32744,0,CAPACITY_EXCEEDED,INVALID
3986,2,53,70,25748,32648,0,CAPACITY_EXCEEDED,INVALID
3987,2,53,71,26208,33108,0,CAPACITY_EXCEEDED,INVALID
3988,2,53,72,26194,33094,0,CAPACITY_EXCEEDED,INVALID
3989,2,53,73,25534,32434,0,CAPACITY_EXCEEDED,INVALID
3990,2,53,74,27222,34322,0,CAPACITY_EXCEEDED,INVALID
3991,2,53,75,25644,32544,0,CAPACITY_EXCEEDED,INVALID
3992,2,53,76,25844,32744,0,CAPACITY_EXCEEDED,INVALID
3993,2,53,77,26067,32967,0,CAPACITY_EXCEEDED,INVALID
3994,2,53,78,25735,32635,0,CAPACITY_EXCEEDED,INVALID
3995,2,53,79,27221,34321,0,CAPACITY_EXCEEDED,INVALID
3996,2,53,80,27009,34109,0,CAPACITY_EXCEEDED,INVALID
3997,2,53,81,25698,32598,0,CAPACITY_EXCEEDED,INVALID
3998,2,53,82,27099,34199,0,CAPACITY_EXCEEDED,INVALID
3999,2,53,83,26005,32905,0,CAPACITY_EXCEEDED,INVALID
4000,2,53,84,25724,32624,0,CAPACITY_EXCEEDED,INVALID
4001,2,53,85,25285,32185,1,FEASIBLE,WORSE
4002,2,53,86,25660,32560,0,CAPACITY_EXCEEDED,INVALID
4003,2,53,87,25778,32678,0,CAPACITY_EXCEEDED,INVALID
4004,2,53,88,25968,32868,0,CAPACITY_EXCEEDED,INVALID
4005,2,53,89,25690,32590,0,CAPACITY_EXCEEDED,INVALID
4006,2,53,90,27196,34296,0,CAPACITY_EXCEEDED,INVALID
4007,2,53,91,26232,33132,0,CAPACITY_EXCEEDED,INVALID
4008,2,53,92,27022,34122,0,CAPACITY_EXCEEDED,INVALID
4009,2,53,93,27059,34159,0,CAPACITY_EXCEEDED,INVALID
4010,2,53,94,27125,34225,0,CAPACITY_EXCEEDED,INVALID
4011,2,53,95,26979,34079,0,CAPACITY_EXCEEDED,INVALID
4012,2,53,96,27048,34148,0,CAPACITY_EXCEEDED,INVALID
4013,2,53,97,25719,32619,0,CAPACITY_EXCEEDED,INVALID
4014,2,53,98,25676,32576,0,CAPACITY_EXCEEDED,INVALID
4015,2,53,99,25811,32711,0,CAPACITY_EXCEEDED,INVALID
4016,2,54,55,25475,32375,0,CAPACITY_EXCEEDED,INVALID
4017,2,54,56,24850,31550,1,FEASIBLE,WORSE
4018,2,54,57,24642,31342,1,FEASIBLE,WORSE
4019,2,54,58,25683,32583,0,CAPACITY_EXCEEDED,INVALID
4020,2,54,59,24470,31170,1,FEASIBLE,WORSE
4021,2,54,60,24711,31411,1,FEASIBLE,WORSE
4022,2,54,61,24336,31036,1,FEASIBLE,WORSE
4023,2,54,62,24181,30881,1,FEASIBLE,WORSE
4024,2,54,63,24210,30910,1,FEASIBLE,WORSE
4025,2,54,64,24510,31210,1,FEASIBLE,WORSE
4026,2,54,65,24446,31146,1,FEASIBLE,WORSE
4027,2,54,66,24376,31076,1,FEASIBLE,WORSE
4028,2,54,67,25664,32564,0,CAPACITY_EXCEEDED,INVALID
4029,2,54,68,24364,31064,1,FEASIBLE,WORSE
4030,2,54,69,24491,31191,1,FEASIBLE,WORSE
4031,2,54,70,24395,31095,1,FEASIBLE,WORSE
4032,2,54,71,24855,31555,1,FEASIBLE,WORSE
4033,2,54,72,24841,31541,1,FEASIBLE,WORSE
4034,2,54,73,24181,30881,1,FEASIBLE,WORSE
4035,2,54,74,25869,32769,0,CAPACITY_EXCEEDED,INVALID
4036,2,54,75,24291,30991,1,FEASIBLE,WORSE
4037,2,54,76,24491,31191,1,FEASIBLE,WORSE
4038,2,54,77,24714,31414,1,FEASIBLE,WORSE
4039,2,54,78,24382,31082,1,FEASIBLE,WORSE
4040,2,54,79,25868,32768,0,CAPACITY_EXCEEDED,INVALID
4041,2,54,80,25656,32556,0,CAPACITY_EXCEEDED,INVALID
4042,2,54,81,24345,31045,1,FEASIBLE,WORSE
4043,2,54,82,25746,32646,0,CAPACITY_EXCEEDED,INVALID
4044,2,54,83,24652,31352,1,FEASIBLE,WORSE
4045,2,54,84,24371,31071,1,FEASIBLE,WORSE
4046,2,54,85,23932,30632,1,FEASIBLE,WORSE
4047,2,54,86,24307,31007,1,FEASIBLE,WORSE
4048,2,54,87,24425,31125,1,FEASIBLE,WORSE
4049,2,54,88,24615,31315,1,FEASIBLE,WORSE
4050,2,54,89,24337,31037,1,FEASIBLE,WORSE
4051,2,54,90,25843,32743,0,CAPACITY_EXCEEDED,INVALID
4052,2,54,91,24879,31579,1,FEASIBLE,WORSE
4053,2,54,92,25669,32569,0,CAPACITY_EXCEEDED,INVALID
4054,2,54,93,25706,32606,0,CAPACITY_EXCEEDED,INVALID
4055,2,54,94,25772,32672,0,CAPACITY_EXCEEDED,INVALID
4056,2,54,95,25626,32526,0,CAPACITY_EXCEEDED,INVALID
4057,2,54,96,25695,32595,0,CAPACITY_EXCEEDED,INVALID
4058,2,54,97,24366,31066,1,FEASIBLE,WORSE
4059,2,54,98,24323,31023,1,FEASIBLE,WORSE
4060,2,54,99,24458,31158,1,FEASIBLE,WORSE
4061,2,55,56,25946,32846,0,CAPACITY_EXCEEDED,INVALID
4062,2,55,57,25738,32638,0,CAPACITY_EXCEEDED,INVALID
4063,2,55,58,26779,33879,0,CAPACITY_EXCEEDED,INVALID
4064,2,55,59,25566,32466,0,CAPACITY_EXCEEDED,INVALID
4065,2,55,60,25807,32707,0,CAPACITY_EXCEEDED,INVALID
4066,2,55,61,25432,32332,0,CAPACITY_EXCEEDED,INVALID
4067,2,55,62,25277,32177,1,FEASIBLE,WORSE
4068,2,55,63,25306,32206,1,FEASIBLE,WORSE
4069,2,55,64,25606,32506,0,CAPACITY_EXCEEDED,INVALID
4070,2,55,65,25542,32442,0,CAPACITY_EXCEEDED,INVALID
4071,2,55,66,25472,32372,0,CAPACITY_EXCEEDED,INVALID
4072,2,55,67,26760,33860,0,CAPACITY_EXCEEDED,INVALID
4073,2,55,68,25460,32360,0,CAPACITY_EXCEEDED,INVALID
4074,2,55,69,25587,32487,0,CAPACITY_EXCEEDED,INVALID
4075,2,55,70,25491,32391,0,CAPACITY_EXCEEDED,INVALID
4076,2,55,71,25951,32851,0,CAPACITY_EXCEEDED,INVALID
4077,2,55,72,25937,32837,0,CAPACITY_EXCEEDED,INVALID
4078,2,55,73,25277,32177,1,FEASIBLE,WORSE
4079,2,55,74,26965,34065,0,CAPACITY_EXCEEDED,INVALID
4080,2,55,75,25387,32287,1,FEASIBLE,WORSE
4081,2,55,76,25587,32487,0,CAPACITY_EXCEEDED,INVALID
4082,2,55,77,25810,32710,0,CAPACITY_EXCEEDED,INVALID
4083,2,55,78,25478,32378,0,CAPACITY_EXCEEDED,INVALID
4084,2,55,79,26964,34064,0,CAPACITY_EXCEEDED,INVALID
4085,2,55,80,26752,33852,0,CAPACITY_EXCEEDED,INVALID
4086,2,55,81,25441,32341,0,CAPACITY_EXCEEDED,INVALID
4087,2,55,82,26842,33942,0,CAPACITY_EXCEEDED,INVALID
4088,2,55,83,25748,32648,0,CAPACITY_EXCEEDED,INVALID
4089,2,55,84,25467,32367,0,CAPACITY_EXCEEDED,INVALID
4090,2,55,85,25028,31928,1,FEASIBLE,WORSE
4091,2,55,86,25403,32303,0,CAPACITY_EXCEEDED,INVALID
4092,2,55,87,25521,32421,0,CAPACITY_EXCEEDED,INVALID
4093,2,55,88,25711,32611,0,CAPACITY_EXCEEDED,INVALID
4094,2,55,89,25433,32333,0,CAPACITY_EXCEEDED,INVALID
4095,2,55,90,26939,34039,0,CAPACITY_EXCEEDED,INVALID
4096,2,55,91,25975,32875,0,CAPACITY_EXCEEDED,INVALID
4097,2,55,92,26765,33865,0,CAPACITY_EXCEEDED,INVALID
4098,2,55,93,26802,33902,0,CAPACITY_EXCEEDED,INVALID
4099,2,55,94,26868,33968,0,CAPACITY_EXCEEDED,INVALID
4100,2,55,95,26722,33822,0,CAPACITY_EXCEEDED,INVALID
4101,2,55,96,26791,33891,0,CAPACITY_EXCEEDED,INVALID
4102,2,55,97,25462,32362,0,CAPACITY_EXCEEDED,INVALID
4103,2,55,98,25419,32319,0,CAPACITY_EXCEEDED,INVALID
4104,2,55,99,25554,32454,0,CAPACITY_EXCEEDED,INVALID
4105,2,56,57,25113,31813,1,FEASIBLE,WORSE
4106,2,56,58,26154,33054,0,CAPACITY_EXCEEDED,INVALID
4107,2,56,59,24941,31641,1,FEASIBLE,WORSE
4108,2,56,60,25182,31882,1,FEASIBLE,WORSE
4109,2,56,61,24807,31507,1,FEASIBLE,WORSE
4110,2,56,62,24652,31352,1,FEASIBLE,WORSE
4111,2,56,63,24681,31381,1,FEASIBLE,WORSE
4112,2,56,64,24981,31681,1,FEASIBLE,WORSE
4113,2,56,65,24917,31617,1,FEASIBLE,WORSE
4114,2,56,66,24847,31547,1,FEASIBLE,WORSE
4115,2,56,67,26135,33035,0,CAPACITY_EXCEEDED,INVALID
4116,2,56,68,24835,31535,1,FEASIBLE,WORSE
4117,2,56,69,24962,31662,1,FEASIBLE,WORSE
4118,2,56,70,24866,31566,1,FEASIBLE,WORSE
4119,2,56,71,25326,32026,1,FEASIBLE,WORSE
4120,2,56,72,25312,32012,1,FEASIBLE,WORSE
4121,2,56,73,24652,31352,1,FEASIBLE,WORSE
4122,2,56,74,26340,33240,0,CAPACITY_EXCEEDED,INVALID
4123,2,56,75,24762,31462,1,FEASIBLE,WORSE
4124,2,56,76,24962,31662,1,FEASIBLE,WORSE
4125,2,56,77,25185,31885,1,FEASIBLE,WORSE
4126,2,56,78,24853,31553,1,FEASIBLE,WORSE
4127,2,56,79,26339,33239,0,CAPACITY_EXCEEDED,INVALID
4128,2,56,80,26127,33027,0,CAPACITY_EXCEEDED,INVALID
4129,2,56,81,24816,31516,1,FEASIBLE,WORSE
4130,2,56,82,26217,33117,0,CAPACITY_EXCEEDED,INVALID
4131,2,56,83,25123,31823,1,FEASIBLE,WORSE
4132,2,56,84,24842,31542,1,FEASIBLE,WORSE
4133,2,56,85,24403,31103,1,FEASIBLE,WORSE
4134,2,56,86,24778,31478,1,FEASIBLE,WORSE
4135,2,56,87,24896,31596,1,FEASIBLE,WORSE
4136,2,56,88,25086,31786,1,FEASIBLE,WORSE
4137,2,56,89,24808,31508,1,FEASIBLE,WORSE
4138,2,56,90,26314,33214,0,CAPACITY_EXCEEDED,INVALID
4139,2,56,91,25350,32050,1,FEASIBLE,WORSE
4140,2,56,92,26140,33040,0,CAPACITY_EXCEEDED,INVALID
4141,2,56,93,26177,33077,0,CAPACITY_EXCEEDED,INVALID
4142,2,56,94,26243,33143,0,CAPACITY_EXCEEDED,INVALID
4143,2,56,95,26097,32997,0,CAPACITY_EXCEEDED,INVALID
4144,2,56,96,26166,33066,0,CAPACITY_EXCEEDED,INVALID
4145,2,56,97,24837,31537,1,FEASIBLE,WORSE
4146,2,56,98,24794,31494,1,FEASIBLE,WORSE
4147,2,56,99,24929,31629,1,FEASIBLE,WORSE
4148,2,57,58,25946,32846,0,CAPACITY_EXCEEDED,INVALID
4149,2,57,59,24733,31433,1,FEASIBLE,WORSE
4150,2,57,60,24974,31674,1,FEASIBLE,WORSE
4151,2,57,61,24599,31299,1,FEASIBLE,WORSE
4152,2,57,62,24444,31144,1,FEASIBLE,WORSE
4153,2,57,63,24473,31173,1,FEASIBLE,WORSE
4154,2,57,64,24773,31473,1,FEASIBLE,WORSE
4155,2,57,65,24709,31409,1,FEASIBLE,WORSE
4156,2,57,66,24639,31339,1,FEASIBLE,WORSE
4157,2,57,67,25927,32827,0,CAPACITY_EXCEEDED,INVALID
4158,2,57,68,24627,31327,1,FEASIBLE,WORSE
4159,2,57,69,24754,31454,1,FEASIBLE,WORSE
4160,2,57,70,24658,31358,1,FEASIBLE,WORSE
4161,2,57,71,25118,31818,1,FEASIBLE,WORSE
4162,2,57,72,25104,31804,1,FEASIBLE,WORSE
4163,2,57,73,24444,31144,1,FEASIBLE,WORSE
4164,2,57,74,26132,33032,0,CAPACITY_EXCEEDED,INVALID
4165,2,57,75,24554,31254,1,FEASIBLE,WORSE
4166,2,57,76,24754,31454,1,FEASIBLE,WORSE
4167,2,57,77,24977,31677,1,FEASIBLE,WORSE
4168,2,57,78,24645,31345,1,FEASIBLE,WORSE
4169,2,57,79,26131,33031,0,CAPACITY_EXCEEDED,INVALID
4170,2,57,80,25919,32819,0,CAPACITY_EXCEEDED,INVALID
4171,2,57,81,24608,31308,1,FEASIBLE,WORSE
4172,2,57,82,26009,32909,0,CAPACITY_EXCEEDED,INVALID
4173,2,57,83,24915,31615,1,FEASIBLE,WORSE
4174,2,57,84,24634,31334,1,FEASIBLE,WORSE
4175,2,57,85,24195,30895,1,FEASIBLE,WORSE
4176,2,57,86,24570,31270,1,FEASIBLE,WORSE
4177,2,57,87,24688,31388,1,FEASIBLE,WORSE
4178,2,57,88,24878,31578,1,FEASIBLE,WORSE
4179,2,57,89,24600,31300,1,FEASIBLE,WORSE
4180,2,57,90,26106,33006,0,CAPACITY_EXCEEDED,INVALID
4181,2,57,91,25142,31842,1,FEASIBLE,WORSE
4182,2,57,92,25932,32832,0,CAPACITY_EXCEEDED,INVALID
4183,2,57,93,25969,32869,0,CAPACITY_EXCEEDED,INVALID
4184,2,57,94,26035,32935,0,CAPACITY_EXCEEDED,INVALID
4185,2,57,95,25889,32789,0,CAPACITY_EXCEEDED,INVALID
4186,2,57,96,25958,32858,0,CAPACITY_EXCEEDED,INVALID
4187,2,57,97,24629,31329,1,FEASIBLE,WORSE
4188,2,57,98,24586,31286,1,FEASIBLE,WORSE
4189,2,57,99,24721,31421,1,FEASIBLE,WORSE
4190,2,58,59,25774,32674,0,CAPACITY_EXCEEDED,INVALID
4191,2,58,60,26015,32915,0,CAPACITY_EXCEEDED,INVALID
4192,2,58,61,25640,32540,0,CAPACITY_EXCEEDED,INVALID
4193,2,58,62,25485,32385,0,CAPACITY_EXCEEDED,INVALID
4194,2,58,63,25514,32414,0,CAPACITY_EXCEEDED,INVALID
4195,2,58,64,25814,32714,0,CAPACITY_EXCEEDED,INVALID
4196,2,58,65,25750,32650,0,CAPACITY_EXCEEDED,INVALID
4197,2,58,66,25680,32580,0,CAPACITY_EXCEEDED,INVALID
4198,2,58,67,26968,34068,0,CAPACITY_EXCEEDED,INVALID
4199,2,58,68,25668,32568,0,CAPACITY_EXCEEDED,INVALID
4200,2,58,69,25795,32695,0,CAPACITY_EXCEEDED,INVALID
4201,2,58,70,25699,32599,0,CAPACITY_EXCEEDED,INVALID
4202,2,58,71,26159,33059,0,CAPACITY_EXCEEDED,INVALID
4203,2,58,72,26145,33045,0,CAPACITY_EXCEEDED,INVALID
4204,2,58,73,25485,32385,0,CAPACITY_EXCEEDED,INVALID
4205,2,58,74,27173,34273,0,CAPACITY_EXCEEDED,INVALID
4206,2,58,75,25595,32495,0,CAPACITY_EXCEEDED,INVALID
4207,2,58,76,25795,32695,0,CAPACITY_EXCEEDED,INVALID
4208,2,58,77,26018,32918,0,CAPACITY_EXCEEDED,INVALID
4209,2,58,78,25686,32586,0,CAPACITY_EXCEEDED,INVALID
4210,2,58,79,27172,34272,0,CAPACITY_EXCEEDED,INVALID
4211,2,58,80,26960,34060,0,CAPACITY_EXCEEDED,INVALID
4212,2,58,81,25649,32549,0,CAPACITY_EXCEEDED,INVALID
4213,2,58,82,27050,34150,0,CAPACITY_EXCEEDED,INVALID
4214,2,58,83,25956,32856,0,CAPACITY_EXCEEDED,INVALID
4215,2,58,84,25675,32575,0,CAPACITY_EXCEEDED,INVALID
4216,2,58,85,25236,32136,1,FEASIBLE,WORSE
4217,2,58,86,25611,32511,0,CAPACITY_EXCEEDED,INVALID
4218,2,58,87,25729,32629,0,CAPACITY_EXCEEDED,INVALID
4219,2,58,88,25919,32819,0,CAPACITY_EXCEEDED,INVALID
4220,2,58,89,25641,32541,0,CAPACITY_EXCEEDED,INVALID
4221,2,58,90,27147,34247,0,CAPACITY_EXCEEDED,INVALID
4222,2,58,91,26183,33083,0,CAPACITY_EXCEEDED,INVALID
4223,2,58,92,26973,34073,0,CAPACITY_EXCEEDED,INVALID
4224,2,58,93,27010,34110,0,CAPACITY_EXCEEDED,INVALID
4225,2,58,94,27076,34176,0,CAPACITY_EXCEEDED,INVALID
4226,2,58,95,26930,34030,0,CAPACITY_EXCEEDED,INVALID
4227,2,58,96,26999,34099,0,CAPACITY_EXCEEDED,INVALID
4228,2,58,97,25670,32570,0,CAPACITY_EXCEEDED,INVALID
4229,2,58,98,25627,32527,0,CAPACITY_EXCEEDED,INVALID
4230,2,58,99,25762,32662,0,CAPACITY_EXCEEDED,INVALID
4231,2,59,60,24802,31502,1,FEASIBLE,WORSE
4232,2,59,61,24427,31127,1,FEASIBLE,WORSE
4233,2,59,62,24272,30972,1,FEASIBLE,WORSE
4234,2,59,63,24301,31001,1,FEASIBLE,WORSE
4235,2,59,64,24601,31301,1,FEASIBLE,WORSE
4236,2,59,65,24537,31237,1,FEASIBLE,WORSE
4237,2,59,66,24467,31167,1,FEASIBLE,WORSE
4238,2,59,67,25755,32655,0,CAPACITY_EXCEEDED,INVALID
4239,2,59,68,24455,31155,1,FEASIBLE,WORSE
4240,2,59,69,24582,31282,1,FEASIBLE,WORSE
4241,2,59,70,24486,31186,1,FEASIBLE,WORSE
4242,2,59,71,24946,31646,1,FEASIBLE,WORSE
4243,2,59,72,24932,31632,1,FEASIBLE,WORSE
4244,2,59,73,24272,30972,1,FEASIBLE,WORSE
4245,2,59,74,25960,32860,0,CAPACITY_EXCEEDED,INVALID
4246,2,59,75,24382,31082,1,FEASIBLE,WORSE
4247,2,59,76,24582,31282,1,FEASIBLE,WORSE
4248,2,59,77,24805,31505,1,FEASIBLE,WORSE
4249,2,59,78,24473,31173,1,FEASIBLE,WORSE
4250,2,59,79,25959,32859,0,CAPACITY_EXCEEDED,INVALID
4251,2,59,80,25747,32647,0,CAPACITY_EXCEEDED,INVALID
4252,2,59,81,24436,31136,1,FEASIBLE,WORSE
4253,2,59,82,25837,32737,0,CAPACITY_EXCEEDED,INVALID
4254,2,59,83,24743,31443,1,FEASIBLE,WORSE
4255,2,59,84,24462,31162,1,FEASIBLE,WORSE
4256,2,59,85,24023,30723,1,FEASIBLE,WORSE
4257,2,59,86,24398,31098,1,FEASIBLE,WORSE
4258,2,59,87,24516,31216,1,FEASIBLE,WORSE
4259,2,59,88,24706,31406,1,FEASIBLE,WORSE
4260,2,59,89,24428,31128,1,FEASIBLE,WORSE
4261,2,59,90,25934,32834,0,CAPACITY_EXCEEDED,INVALID
4262,2,59,91,24970,31670,1,FEASIBLE,WORSE
4263,2,59,92,25760,32660,0,CAPACITY_EXCEEDED,INVALID
4264,2,59,93,25797,32697,0,CAPACITY_EXCEEDED,INVALID
4265,2,59,94,25863,32763,0,CAPACITY_EXCEEDED,INVALID
4266,2,59,95,25717,32617,0,CAPACITY_EXCEEDED,INVALID
4267,2,59,96,25786,32686,0,CAPACITY_EXCEEDED,INVALID
4268,2,59,97,24457,31157,1,FEASIBLE,WORSE
4269,2,59,98,24414,31114,1,FEASIBLE,WORSE
4270,2,59,99,24549,31249,1,FEASIBLE,WORSE
4271,2,60,61,24668,31368,1,FEASIBLE,WORSE
4272,2,60,62,24513,31213,1,FEASIBLE,WORSE
4273,2,60,63,24542,31242,1,FEASIBLE,WORSE
4274,2,60,64,24842,31542,1,FEASIBLE,WORSE
4275,2,60,65,24778,31478,1,FEASIBLE,WORSE
4276,2,60,66,24708,31408,1,FEASIBLE,WORSE
4277,2,60,67,25996,32896,0,CAPACITY_EXCEEDED,INVALID
4278,2,60,68,24696,31396,1,FEASIBLE,WORSE
4279,2,60,69,24823,31523,1,FEASIBLE,WORSE
4280,2,60,70,24727,31427,1,FEASIBLE,WORSE
4281,2,60,71,25187,31887,1,FEASIBLE,WORSE
4282,2,60,72,25173,31873,1,FEASIBLE,WORSE
4283,2,60,73,24513,31213,1,FEASIBLE,WORSE
4284,2,60,74,26201,33101,0,CAPACITY_EXCEEDED,INVALID
4285,2,60,75,24623,31323,1,FEASIBLE,WORSE
4286,2,60,76,24823,31523,1,FEASIBLE,WORSE
4287,2,60,77,25046,31746,1,FEASIBLE,WORSE
4288,2,60,78,24714,31414,1,FEASIBLE,WORSE
4289,2,60,79,26200,33100,0,CAPACITY_EXCEEDED,INVALID
4290,2,60,80,25988,32888,0,CAPACITY_EXCEEDED,INVALID
4291,2,60,81,24677,31377,1,FEASIBLE,WORSE
4292,2,60,82,26078,32978,0,CAPACITY_EXCEEDED,INVALID
4293,2,60,83,24984,31684,1,FEASIBLE,WORSE
4294,2,60,84,24703,31403,1,FEASIBLE,WORSE
4295,2,60,85,24264,30964,1,FEASIBLE,WORSE
4296,2,60,86,24639,31339,1,FEASIBLE,WORSE
4297,2,60,87,24757,31457,1,FEASIBLE,WORSE
4298,2,60,88,24947,31647,1,FEASIBLE,WORSE
4299,2,60,89,24669,31369,1,FEASIBLE,WORSE
4300,2,60,90,26175,33075,0,CAPACITY_EXCEEDED,INVALID
4301,2,60,91,25211,31911,1,FEASIBLE,WORSE
4302,2,60,92,26001,32901,0,CAPACITY_EXCEEDED,INVALID
4303,2,60,93,26038,32938,0,CAPACITY_EXCEEDED,INVALID
4304,2,60,94,26104,33004,0,CAPACITY_EXCEEDED,INVALID
4305,2,60,95,25958,32858,0,CAPACITY_EXCEEDED,INVALID
4306,2,60,96,26027,32927,0,CAPACITY_EXCEEDED,INVALID
4307,2,60,97,24698,31398,1,FEASIBLE,WORSE
4308,2,60,98,24655,31355,1,FEASIBLE,WORSE
4309,2,60,99,24790,31490,1,FEASIBLE,WORSE
4310,2,61,62,24138,30838,1,FEASIBLE,WORSE
4311,2,61,63,24167,30867,1,FEASIBLE,WORSE
4312,2,61,64,24467,31167,1,FEASIBLE,WORSE
4313,2,61,65,24403,31103,1,FEASIBLE,WORSE
4314,2,61,66,24333,31033,1,FEASIBLE,WORSE
4315,2,61,67,25621,32521,0,CAPACITY_EXCEEDED,INVALID
4316,2,61,68,24321,31021,1,FEASIBLE,WORSE
4317,2,61,69,24448,31148,1,FEASIBLE,WORSE
4318,2,61,70,24352,31052,1,FEASIBLE,WORSE
4319,2,61,71,24812,31512,1,FEASIBLE,WORSE
4320,2,61,72,24798,31498,1,FEASIBLE,WORSE
4321,2,61,73,24138,30838,1,FEASIBLE,WORSE
4322,2,61,74,25826,32726,0,CAPACITY_EXCEEDED,INVALID
4323,2,61,75,24248,30948,1,FEASIBLE,WORSE
4324,2,61,76,24448,31148,1,FEASIBLE,WORSE
4325,2,61,77,24671,31371,1,FEASIBLE,WORSE
4326,2,61,78,24339,31039,1,FEASIBLE,WORSE
4327,2,61,79,25825,32725,0,CAPACITY_EXCEEDED,INVALID
4328,2,61,80,25613,32513,0,CAPACITY_EXCEEDED,INVALID
4329,2,61,81,24302,31002,1,FEASIBLE,WORSE
4330,2,61,82,25703,32603,0,CAPACITY_EXCEEDED,INVALID
4331,2,61,83,24609,31309,1,FEASIBLE,WORSE
4332,2,61,84,24328,31028,1,FEASIBLE,WORSE
4333,2,61,85,23889,30589,1,FEASIBLE,WORSE
4334,2,61,86,24264,30964,1,FEASIBLE,WORSE
4335,2,61,87,24382,31082,1,FEASIBLE,WORSE
4336,2,61,88,24572,31272,1,FEASIBLE,WORSE
4337,2,61,89,24294,30994,1,FEASIBLE,WORSE
4338,2,61,90,25800,32700,0,CAPACITY_EXCEEDED,INVALID
4339,2,61,91,24836,31536,1,FEASIBLE,WORSE
4340,2,61,92,25626,32526,0,CAPACITY_EXCEEDED,INVALID
4341,2,61,93,25663,32563,0,CAPACITY_EXCEEDED,INVALID
4342,2,61,94,25729,32629,0,CAPACITY_EXCEEDED,INVALID
4343,2,61,95,25583,32483,0,CAPACITY_EXCEEDED,INVALID
4344,2,61,96,25652,32552,0,CAPACITY_EXCEEDED,INVALID
4345,2,61,97,24323,31023,1,FEASIBLE,WORSE
4346,2,61,98,24280,30980,1,FEASIBLE,WORSE
4347,2,61,99,24415,31115,1,FEASIBLE,WORSE
4348,2,62,63,24012,30712,1,FEASIBLE,WORSE
4349,2,62,64,24312,31012,1,FEASIBLE,WORSE
4350,2,62,65,24248,30948,1,FEASIBLE,WORSE
4351,2,62,66,24178,30878,1,FEASIBLE,WORSE
4352,2,62,67,25466,32366,0,CAPACITY_EXCEEDED,INVALID
4353,2,62,68,24166,30866,1,FEASIBLE,WORSE
4354,2,62,69,24293,30993,1,FEASIBLE,WORSE
4355,2,62,70,24197,30897,1,FEASIBLE,WORSE
4356,2,62,71,24657,31357,1,FEASIBLE,WORSE
4357,2,62,72,24643,31343,1,FEASIBLE,WORSE
4358,2,62,73,23983,30683,1,FEASIBLE,WORSE
4359,2,62,74,25671,32571,0,CAPACITY_EXCEEDED,INVALID
4360,2,62,75,24093,30793,1,FEASIBLE,WORSE
4361,2,62,76,24293,30993,1,FEASIBLE,WORSE
4362,2,62,77,24516,31216,1,FEASIBLE,WORSE
4363,2,62,78,24184,30884,1,FEASIBLE,WORSE
4364,2,62,79,25670,32570,0,CAPACITY_EXCEEDED,INVALID
4365,2,62,80,25458,32358,0,CAPACITY_EXCEEDED,INVALID
4366,2,62,81,24147,30847,1,FEASIBLE,WORSE
4367,2,62,82,25548,32448,0,CAPACITY_EXCEEDED,INVALID
4368,2,62,83,24454,31154,1,FEASIBLE,WORSE
4369,2,62,84,24173,30873,1,FEASIBLE,WORSE
4370,2,62,85,23734,30434,1,FEASIBLE,WORSE
4371,2,62,86,24109,30809,1,FEASIBLE,WORSE
4372,2,62,87,24227,30927,1,FEASIBLE,WORSE
4373,2,62,88,24417,31117,1,FEASIBLE,WORSE
4374,2,62,89,24139,30839,1,FEASIBLE,WORSE
4375,2,62,90,25645,32545,0,CAPACITY_EXCEEDED,INVALID
4376,2,62,91,24681,31381,1,FEASIBLE,WORSE
4377,2,62,92,25471,32371,0,CAPACITY_EXCEEDED,INVALID
4378,2,62,93,25508,32408,0,CAPACITY_EXCEEDED,INVALID
4379,2,62,94,25574,32474,0,CAPACITY_EXCEEDED,INVALID
4380,2,62,95,25428,32328,0,CAPACITY_EXCEEDED,INVALID
4381,2,62,96,25497,32397,0,CAPACITY_EXCEEDED,INVALID
4382,2,62,97,24168,30868,1,FEASIBLE,WORSE
4383,2,62,98,24125,30825,1,FEASIBLE,WORSE
4384,2,62,99,24260,30960,1,FEASIBLE,WORSE
4385,2,63,64,24341,31041,1,FEASIBLE,WORSE
4386,2,63,65,24277,30977,1,FEASIBLE,WORSE
4387,2,63,66,24207,30907,1,FEASIBLE,WORSE
4388,2,63,67,25495,32395,0,CAPACITY_EXCEEDED,INVALID
4389,2,63,68,24195,30895,1,FEASIBLE,WORSE
4390,2,63,69,24322,31022,1,FEASIBLE,WORSE
4391,2,63,70,24226,30926,1,FEASIBLE,WORSE
4392,2,63,71,24686,31386,1,FEASIBLE,WORSE
4393,2,63,72,24672,31372,1,FEASIBLE,WORSE
4394,2,63,73,24012,30712,1,FEASIBLE,WORSE
4395,2,63,74,25700,32600,0,CAPACITY_EXCEEDED,INVALID
4396,2,63,75,24122,30822,1,FEASIBLE,WORSE
4397,2,63,76,24322,31022,1,FEASIBLE,WORSE
4398,2,63,77,24545,31245,1,FEASIBLE,WORSE
4399,2,63,78,24213,30913,1,FEASIBLE,WORSE
4400,2,63,79,25699,32599,0,CAPACITY_EXCEEDED,INVALID
4401,2,63,80,25487,32387,0,CAPACITY_EXCEEDED,INVALID
4402,2,63,81,24176,30876,1,FEASIBLE,WORSE
4403,2,63,82,25577,32477,0,CAPACITY_EXCEEDED,INVALID
4404,2,63,83,24483,31183,1,FEASIBLE,WORSE
4405,2,63,84,24202,30902,1,FEASIBLE,WORSE
4406,2,63,85,23763,30463,1,FEASIBLE,WORSE
4407,2,63,86,24138,30838,1,FEASIBLE,WORSE
4408,2,63,87,24256,30956,1,FEASIBLE,WORSE
4409,2,63,88,24446,31146,1,FEASIBLE,WORSE
4410,2,63,89,24168,30868,1,FEASIBLE,WORSE
4411,2,63,90,25674,32574,0,CAPACITY_EXCEEDED,INVALID
4412,2,63,91,24710,31410,1,FEASIBLE,WORSE
4413,2,63,92,25500,32400,0,CAPACITY_EXCEEDED,INVALID
4414,2,63,93,25537,32437,0,CAPACITY_EXCEEDED,INVALID
4415,2,63,94,25603,32503,0,CAPACITY_EXCEEDED,INVALID
4416,2,63,95,25457,32357,0,CAPACITY_EXCEEDED,INVALID
4417,2,63,96,25526,32426,0,CAPACITY_EXCEEDED,INVALID
4418,2,63,97,24197,30897,1,FEASIBLE,WORSE
4419,2,63,98,24154,30854,1,FEASIBLE,WORSE
4420,2,63,99,24289,30989,1,FEASIBLE,WORSE
4421,2,64,65,24577,31277,1,FEASIBLE,WORSE
4422,2,64,66,24507,31207,1,FEASIBLE,WORSE
4423,2,64,67,25795,32695,0,CAPACITY_EXCEEDED,INVALID
4424,2,64,68,24495,31195,1,FEASIBLE,WORSE
4425,2,64,69,24622,31322,1,FEASIBLE,WORSE
4426,2,64,70,24526,31226,1,FEASIBLE,WORSE
4427,2,64,71,24986,31686,1,FEASIBLE,WORSE
4428,2,64,72,24972,31672,1,FEASIBLE,WORSE
4429,2,64,73,24312,31012,1,FEASIBLE,WORSE
4430,2,64,74,26000,32900,0,CAPACITY_EXCEEDED,INVALID
4431,2,64,75,24422,31122,1,FEASIBLE,WORSE
4432,2,64,76,24622,31322,1,FEASIBLE,WORSE
4433,2,64,77,24845,31545,1,FEASIBLE,WORSE
4434,2,64,78,24513,31213,1,FEASIBLE,WORSE
4435,2,64,79,25999,32899,0,CAPACITY_EXCEEDED,INVALID
4436,2,64,80,25787,32687,0,CAPACITY_EXCEEDED,INVALID
4437,2,64,81,24476,31176,1,FEASIBLE,WORSE
4438,2,64,82,25877,32777,0,CAPACITY_EXCEEDED,INVALID
4439,2,64,83,24783,31483,1,FEASIBLE,WORSE
4440,2,64,84,24502,31202,1,FEASIBLE,WORSE
4441,2,64,85,24063,30763,1,FEASIBLE,WORSE
4442,2,64,86,24438,31138,1,FEASIBLE,WORSE
4443,2,64,87,24556,31256,1,FEASIBLE,WORSE
4444,2,64,88,24746,31446,1,FEASIBLE,WORSE
4445,2,64,89,24468,31168,1,FEASIBLE,WORSE
4446,2,64,90,25974,32874,0,CAPACITY_EXCEEDED,INVALID
4447,2,64,91,25010,31710,1,FEASIBLE,WORSE
4448,2,64,92,25800,32700,0,CAPACITY_EXCEEDED,INVALID
4449,2,64,93,25837,32737,0,CAPACITY_EXCEEDED,INVALID
4450,2,64,94,25903,32803,0,CAPACITY_EXCEEDED,INVALID
4451,2,64,95,25757,32657,0,CAPACITY_EXCEEDED,INVALID
4452,2,64,96,25826,32726,0,CAPACITY_EXCEEDED,INVALID
4453,2,64,97,24497,31197,1,FEASIBLE,WORSE
4454,2,64,98,24454,31154,1,FEASIBLE,WORSE
4455,2,64,99,24589,31289,1,FEASIBLE,WORSE
4456,2,65,66,24443,31143,1,FEASIBLE,WORSE
4457,2,65,67,25731,32631,0,CAPACITY_EXCEEDED,INVALID
4458,2,65,68,24431,31131,1,FEASIBLE,WORSE
4459,2,65,69,24558,31258,1,FEASIBLE,WORSE
4460,2,65,70,24462,31162,1,FEASIBLE,WORSE
4461,2,65,71,24922,31622,1,FEASIBLE,WORSE
4462,2,65,72,24908,31608,1,FEASIBLE,WORSE
4463,2,65,73,24248,30948,1,FEASIBLE,WORSE
4464,2,65,74,25936,32836,0,CAPACITY_EXCEEDED,INVALID
4465,2,65,75,24358,31058,1,FEASIBLE,WORSE
4466,2,65,76,24558,31258,1,FEASIBLE,WORSE
4467,2,65,77,24781,31481,1,FEASIBLE,WORSE
4468,2,65,78,24449,31149,1,FEASIBLE,WORSE
4469,2,65,79,25935,32835,0,CAPACITY_EXCEEDED,INVALID
4470,2,65,80,25723,32623,0,CAPACITY_EXCEEDED,INVALID
4471,2,65,81,24412,31112,1,FEASIBLE,WORSE
4472,2,65,82,25813,32713,0,CAPACITY_EXCEEDED,INVALID
4473,2,65,83,24719,31419,1,FEASIBLE,WORSE
4474,2,65,84,24438,31138,1,FEASIBLE,WORSE
4475,2,65,85,23999,30699,1,FEASIBLE,WORSE
4476,2,65,86,24374,31074,1,FEASIBLE,WORSE
4477,2,65,87,24492,31192,1,FEASIBLE,WORSE
4478,2,65,88,24682,31382,1,FEASIBLE,WORSE
4479,2,65,89,24404,31104,1,FEASIBLE,WORSE
4480,2,65,90,25910,32810,0,CAPACITY_EXCEEDED,INVALID
4481,2,65,91,24946,31646,1,FEASIBLE,WORSE
4482,2,65,92,25736,32636,0,CAPACITY_EXCEEDED,INVALID
4483,2,65,93,25773,32673,0,CAPACITY_EXCEEDED,INVALID
4484,2,65,94,25839,32739,0,CAPACITY_EXCEEDED,INVALID
4485,2,65,95,25693,32593,0,CAPACITY_EXCEEDED,INVALID
4486,2,65,96,25762,32662,0,CAPACITY_EXCEEDED,INVALID
4487,2,65,97,24433,31133,1,FEASIBLE,WORSE
4488,2,65,98,24390,31090,1,FEASIBLE,WORSE
4489,2,65,99,24525,31225,1,FEASIBLE,WORSE
4490,2,66,67,25661,32561,0,CAPACITY_EXCEEDED,INVALID
4491,2,66,68,24361,31061,1,FEASIBLE,WORSE
4492,2,66,69,24488,31188,1,FEASIBLE,WORSE
4493,2,66,70,24392,31092,1,FEASIBLE,WORSE
4494,2,66,71,24852,31552,1,FEASIBLE,WORSE
4495,2,66,72,24838,31538,1,FEASIBLE,WORSE
4496,2,66,73,24178,30878,1,FEASIBLE,WORSE
4497,2,66,74,25866,32766,0,CAPACITY_EXCEEDED,INVALID
4498,2,66,75,24288,30988,1,FEASIBLE,WORSE
4499,2,66,76,24488,31188,1,FEASIBLE,WORSE
4500,2,66,77,24711,31411,1,FEASIBLE,WORSE
4501,2,66,78,24379,31079,1,FEASIBLE,WORSE
4502,2,66,79,25865,32765,0,CAPACITY_EXCEEDED,INVALID
4503,2,66,80,25653,32553,0,CAPACITY_EXCEEDED,INVALID
4504,2,66,81,24342,31042,1,FEASIBLE,WORSE
4505,2,66,82,25743,32643,0,CAPACITY_EXCEEDED,INVALID
4506,2,66,83,24649,31349,1,FEASIBLE,WORSE
4507,2,66,84,24368,31068,1,FEASIBLE,WORSE
4508,2,66,85,23929,30629,1,FEASIBLE,WORSE
4509,2,66,86,24304,31004,1,FEASIBLE,WORSE
4510,2,66,87,24422,31122,1,FEASIBLE,WORSE
4511,2,66,88,24612,31312,1,FEASIBLE,WORSE
4512,2,66,89,24334,31034,1,FEASIBLE,WORSE
4513,2,66,90,25840,32740,0,CAPACITY_EXCEEDED,INVALID
4514,2,66,91,24876,31576,1,FEASIBLE,WORSE
4515,2,66,92,25666,32566,0,CAPACITY_EXCEEDED,INVALID
4516,2,66,93,25703,32603,0,CAPACITY_EXCEEDED,INVALID
4517,2,66,94,25769,32669,0,CAPACITY_EXCEEDED,INVALID
4518,2,66,95,25623,32523,0,CAPACITY_EXCEEDED,INVALID
4519,2,66,96,25692,32592,0,CAPACITY_EXCEEDED,INVALID
4520,2,66,97,24363,31063,1,FEASIBLE,WORSE
4521,2,66,98,24320,31020,1,FEASIBLE,WORSE
4522,2,66,99,24455,31155,1,FEASIBLE,WORSE
4523,2,67,68,25649,32549,0,CAPACITY_EXCEEDED,INVALID
4524,2,67,69,25776,32676,0,CAPACITY_EXCEEDED,INVALID
4525,2,67,70,25680,32580,0,CAPACITY_EXCEEDED,INVALID
4526,2,67,71,26140,33040,0,CAPACITY_EXCEEDED,INVALID
4527,2,67,72,26126,33026,0,CAPACITY_EXCEEDED,INVALID
4528,2,67,73,25466,32366,0,CAPACITY_EXCEEDED,INVALID
4529,2,67,74,27154,34254,0,CAPACITY_EXCEEDED,INVALID
4530,2,67,75,25576,32476,0,CAPACITY_EXCEEDED,INVALID
4531,2,67,76,25776,32676,0,CAPACITY_EXCEEDED,INVALID
4532,2,67,77,25999,32899,0,CAPACITY_EXCEEDED,INVALID
4533,2,67,78,25667,32567,0,CAPACITY_EXCEEDED,INVALID
4534,2,67,79,27153,34253,0,CAPACITY_EXCEEDED,INVALID
4535,2,67,80,26941,34041,0,CAPACITY_EXCEEDED,INVALID
4536,2,67,81,25630,32530,0,CAPACITY_EXCEEDED,INVALID
4537,2,67,82,27031,34131,0,CAPACITY_EXCEEDED,INVALID
4538,2,67,83,25937,32837,0,CAPACITY_EXCEEDED,INVALID
4539,2,67,84,25656,32556,0,CAPACITY_EXCEEDED,INVALID
4540,2,67,85,25217,32117,1,FEASIBLE,WORSE
4541,2,67,86,25592,32492,0,CAPACITY_EXCEEDED,INVALID
4542,2,67,87,25710,32610,0,CAPACITY_EXCEEDED,INVALID
4543,2,67,88,25900,32800,0,CAPACITY_EXCEEDED,INVALID
4544,2,67,89,25622,32522,0,CAPACITY_EXCEEDED,INVALID
4545,2,67,90,27128,34228,0,CAPACITY_EXCEEDED,INVALID
4546,2,67,91,26164,33064,0,CAPACITY_EXCEEDED,INVALID
4547,2,67,92,26954,34054,0,CAPACITY_EXCEEDED,INVALID
4548,2,67,93,26991,34091,0,CAPACITY_EXCEEDED,INVALID
4549,2,67,94,27057,34157,0,CAPACITY_EXCEEDED,INVALID
4550,2,67,95,26911,34011,0,CAPACITY_EXCEEDED,INVALID
4551,2,67,96,26980,34080,0,CAPACITY_EXCEEDED,INVALID
4552,2,67,97,25651,32551,0,CAPACITY_EXCEEDED,INVALID
4553,2,67,98,25608,32508,0,CAPACITY_EXCEEDED,INVALID
4554,2,67,99,25743,32643,0,CAPACITY_EXCEEDED,INVALID
4555,2,68,69,24476,31176,1,FEASIBLE,WORSE
4556,2,68,70,24380,31080,1,FEASIBLE,WORSE
4557,2,68,71,24840,31540,1,FEASIBLE,WORSE
4558,2,68,72,24826,31526,1,FEASIBLE,WORSE
4559,2,68,73,24166,30866,1,FEASIBLE,WORSE
4560,2,68,74,25854,32754,0,CAPACITY_EXCEEDED,INVALID
4561,2,68,75,24276,30976,1,FEASIBLE,WORSE
4562,2,68,76,24476,31176,1,FEASIBLE,WORSE
4563,2,68,77,24699,31399,1,FEASIBLE,WORSE
4564,2,68,78,24367,31067,1,FEASIBLE,WORSE
4565,2,68,79,25853,32753,0,CAPACITY_EXCEEDED,INVALID
4566,2,68,80,25641,32541,0,CAPACITY_EXCEEDED,INVALID
4567,2,68,81,24330,31030,1,FEASIBLE,WORSE
4568,2,68,82,25731,32631,0,CAPACITY_EXCEEDED,INVALID
4569,2,68,83,24637,31337,1,FEASIBLE,WORSE
4570,2,68,84,24356,31056,1,FEASIBLE,WORSE
4571,2,68,85,23917,30617,1,FEASIBLE,WORSE
4572,2,68,86,24292,30992,1,FEASIBLE,WORSE
4573,2,68,87,24410,31110,1,FEASIBLE,WORSE
4574,2,68,88,24600,31300,1,FEASIBLE,WORSE
4575,2,68,89,24322,31022,1,FEASIBLE,WORSE
4576,2,68,90,25828,32728,0,CAPACITY_EXCEEDED,INVALID
4577,2,68,91,24864,31564,1,FEASIBLE,WORSE
4578,2,68,92,25654,32554,0,CAPACITY_EXCEEDED,INVALID
4579,2,68,93,25691,32591,0,CAPACITY_EXCEEDED,INVALID
4580,2,68,94,25757,32657,0,CAPACITY_EXCEEDED,INVALID
4581,2,68,95,25611,32511,0,CAPACITY_EXCEEDED,INVALID
4582,2,68,96,25680,32580,0,CAPACITY_EXCEEDED,INVALID
4583,2,68,97,24351,31051,1,FEASIBLE,WORSE
4584,2,68,98,24308,31008,1,FEASIBLE,WORSE
4585,2,68,99,24443,31143,1,FEASIBLE,WORSE
4586,2,69,70,24507,31207,1,FEASIBLE,WORSE
4587,2,69,71,24967,31667,1,FEASIBLE,WORSE
4588,2,69,72,24953,31653,1,FEASIBLE,WORSE
4589,2,69,73,24293,30993,1,FEASIBLE,WORSE
4590,2,69,74,25981,32881,0,CAPACITY_EXCEEDED,INVALID
4591,2,69,75,24403,31103,1,FEASIBLE,WORSE
4592,2,69,76,24603,31303,1,FEASIBLE,WORSE
4593,2,69,77,24826,31526,1,FEASIBLE,WORSE
4594,2,69,78,24494,31194,1,FEASIBLE,WORSE
4595,2,69,79,25980,32880,0,CAPACITY_EXCEEDED,INVALID
4596,2,69,80,25768,32668,0,CAPACITY_EXCEEDED,INVALID
4597,2,69,81,24457,31157,1,FEASIBLE,WORSE
4598,2,69,82,25858,32758,0,CAPACITY_EXCEEDED,INVALID
4599,2,69,83,24764,31464,1,FEASIBLE,WORSE
4600,2,69,84,24483,31183,1,FEASIBLE,WORSE
4601,2,69,85,24044,30744,1,FEASIBLE,WORSE
4602,2,69,86,24419,31119,1,FEASIBLE,WORSE
4603,2,69,87,24537,31237,1,FEASIBLE,WORSE
4604,2,69,88,24727,31427,1,FEASIBLE,WORSE
4605,2,69,89,24449,31149,1,FEASIBLE,WORSE
4606,2,69,90,25955,32855,0,CAPACITY_EXCEEDED,INVALID
4607,2,69,91,24991,31691,1,FEASIBLE,WORSE
4608,2,69,92,25781,32681,0,CAPACITY_EXCEEDED,INVALID
4609,2,69,93,25818,32718,0,CAPACITY_EXCEEDED,INVALID
4610,2,69,94,25884,32784,0,CAPACITY_EXCEEDED,INVALID
4611,2,69,95,25738,32638,0,CAPACITY_EXCEEDED,INVALID
4612,2,69,96,25807,32707,0,CAPACITY_EXCEEDED,INVALID
4613,2,69,97,24478,31178,1,FEASIBLE,WORSE
4614,2,69,98,24435,31135,1,FEASIBLE,WORSE
4615,2,69,99,24570,31270,1,FEASIBLE,WORSE
4616,2,70,71,24871,31571,1,FEASIBLE,WORSE
4617,2,70,72,24857,31557,1,FEASIBLE,WORSE
4618,2,70,73,24197,30897,1,FEASIBLE,WORSE
4619,2,70,74,25885,32785,0,CAPACITY_EXCEEDED,INVALID
4620,2,70,75,24307,31007,1,FEASIBLE,WORSE
4621,2,70,76,24507,31207,1,FEASIBLE,WORSE
4622,2,70,77,24730,31430,1,FEASIBLE,WORSE
4623,2,70,78,24398,31098,1,FEASIBLE,WORSE
4624,2,70,79,25884,32784,0,CAPACITY_EXCEEDED,INVALID
4625,2,70,80,25672,32572,0,CAPACITY_EXCEEDED,INVALID
4626,2,70,81,24361,31061,1,FEASIBLE,WORSE
4627,2,70,82,25762,32662,0,CAPACITY_EXCEEDED,INVALID
4628,2,70,83,24668,31368,1,FEASIBLE,WORSE
4629,2,70,84,24387,31087,1,FEASIBLE,WORSE
4630,2,70,85,23948,30648,1,FEASIBLE,WORSE
4631,2,70,86,24323,31023,1,FEASIBLE,WORSE
4632,2,70,87,24441,31141,1,FEASIBLE,WORSE
4633,2,70,88,24631,31331,1,FEASIBLE,WORSE
4634,2,70,89,24353,31053,1,FEASIBLE,WORSE
4635,2,70,90,25859,32759,0,CAPACITY_EXCEEDED,INVALID
4636,2,70,91,24895,31595,1,FEASIBLE,WORSE
4637,2,70,92,25685,32585,0,CAPACITY_EXCEEDED,INVALID
4638,2,70,93,25722,32622,0,CAPACITY_EXCEEDED,INVALID
4639,2,70,94,25788,32688,0,CAPACITY_EXCEEDED,INVALID
4640,2,70,95,25642,32542,0,CAPACITY_EXCEEDED,INVALID
4641,2,70,96,25711,32611,0,CAPACITY_EXCEEDED,INVALID
4642,2,70,97,24382,31082,1,FEASIBLE,WORSE
4643,2,70,98,24339,31039,1,FEASIBLE,WORSE
4644,2,70,99,24474,31174,1,FEASIBLE,WORSE
4645,2,71,72,25317,32017,1,FEASIBLE,WORSE
4646,2,71,73,24657,31357,1,FEASIBLE,WORSE
4647,2,71,74,26345,33245,0,CAPACITY_EXCEEDED,INVALID
4648,2,71,75,24767,31467,1,FEASIBLE,WORSE
4649,2,71,76,24967,31667,1,FEASIBLE,WORSE
4650,2,71,77,25190,31890,1,FEASIBLE,WORSE
4651,2,71,78,24858,31558,1,FEASIBLE,WORSE
4652,2,71,79,26344,33244,0,CAPACITY_EXCEEDED,INVALID
4653,2,71,80,26132,33032,0,CAPACITY_EXCEEDED,INVALID
4654,2,71,81,24821,31521,1,FEASIBLE,WORSE
4655,2,71,82,26222,33122,0,CAPACITY_EXCEEDED,INVALID
4656,2,71,83,25128,31828,1,FEASIBLE,WORSE
4657,2,71,84,24847,31547,1,FEASIBLE,WORSE
4658,2,71,85,24408,31108,1,FEASIBLE,WORSE
4659,2,71,86,24783,31483,1,FEASIBLE,WORSE
4660,2,71,87,24901,31601,1,FEASIBLE,WORSE
4661,2,71,88,25091,31791,1,FEASIBLE,WORSE
4662,2,71,89,24813,31513,1,FEASIBLE,WORSE
4663,2,71,90,26319,33219,0,CAPACITY_EXCEEDED,INVALID
4664,2,71,91,25355,32055,1,FEASIBLE,WORSE
4665,2,71,92,26145,33045,0,CAPACITY_EXCEEDED,INVALID
4666,2,71,93,26182,33082,0,CAPACITY_EXCEEDED,INVALID
4667,2,71,94,26248,33148,0,CAPACITY_EXCEEDED,INVALID
4668,2,71,95,26102,33002,0,CAPACITY_EXCEEDED,INVALID
4669,2,71,96,26171,33071,0,CAPACITY_EXCEEDED,INVALID
4670,2,71,97,24842,31542,1,FEASIBLE,WORSE
4671,2,71,98,24799,31499,1,FEASIBLE,WORSE
4672,2,71,99,24934,31634,1,FEASIBLE,WORSE
4673,2,72,73,24643,31343,1,FEASIBLE,WORSE
4674,2,72,74,26331,33231,0,CAPACITY_EXCEEDED,INVALID
4675,2,72,75,24753,31453,1,FEASIBLE,WORSE
4676,2,72,76,24953,31653,1,FEASIBLE,WORSE
4677,2,72,77,25176,31876,1,FEASIBLE,WORSE
4678,2,72,78,24844,31544,1,FEASIBLE,WORSE
4679,2,72,79,26330,33230,0,CAPACITY_EXCEEDED,INVALID
4680,2,72,80,26118,33018,0,CAPACITY_EXCEEDED,INVALID
4681,2,72,81,24807,31507,1,FEASIBLE,WORSE
4682,2,72,82,26208,33108,0,CAPACITY_EXCEEDED,INVALID
4683,2,72,83,25114,31814,1,FEASIBLE,WORSE
4684,2,72,84,24833,31533,1,FEASIBLE,WORSE
4685,2,72,85,24394,31094,1,FEASIBLE,WORSE
4686,2,72,86,24769,31469,1,FEASIBLE,WORSE
4687,2,72,87,24887,31587,1,FEASIBLE,WORSE
4688,2,72,88,25077,31777,1,FEASIBLE,WORSE
4689,2,72,89,24799,31499,1,FEASIBLE,WORSE
4690,2,72,90,26305,33205,0,CAPACITY_EXCEEDED,INVALID
4691,2,72,91,25341,32041,1,FEASIBLE,WORSE
4692,2,72,92,26131,33031,0,CAPACITY_EXCEEDED,INVALID
4693,2,72,93,26168,33068,0,CAPACITY_EXCEEDED,INVALID
4694,2,72,94,26234,33134,0,CAPACITY_EXCEEDED,INVALID
4695,2,72,95,26088,32988,0,CAPACITY_EXCEEDED,INVALID
4696,2,72,96,26157,33057,0,CAPACITY_EXCEEDED,INVALID
4697,2,72,97,24828,31528,1,FEASIBLE,WORSE
4698,2,72,98,24785,31485,1,FEASIBLE,WORSE
4699,2,72,99,24920,31620,1,FEASIBLE,WORSE
4700,2,73,74,25671,32571,0,CAPACITY_EXCEEDED,INVALID
4701,2,73,75,24093,30793,1,FEASIBLE,WORSE
4702,2,73,76,24293,30993,1,FEASIBLE,WORSE
4703,2,73,77,24516,31216,1,FEASIBLE,WORSE
4704,2,73,78,24184,30884,1,FEASIBLE,WORSE
4705,2,73,79,25670,32570,0,CAPACITY_EXCEEDED,INVALID
4706,2,73,80,25458,32358,0,CAPACITY_EXCEEDED,INVALID
4707,2,73,81,24147,30847,1,FEASIBLE,WORSE
4708,2,73,82,25548,32448,0,CAPACITY_EXCEEDED,INVALID
4709,2,73,83,24454,31154,1,FEASIBLE,WORSE
4710,2,73,84,24173,30873,1,FEASIBLE,WORSE
4711,2,73,85,23734,30434,1,FEASIBLE,WORSE
4712,2,73,86,24109,30809,1,FEASIBLE,WORSE
4713,2,73,87,24227,30927,1,FEASIBLE,WORSE
4714,2,73,88,24417,31117,1,FEASIBLE,WORSE
4715,2,73,89,24139,30839,1,FEASIBLE,WORSE
4716,2,73,90,25645,32545,0,CAPACITY_EXCEEDED,INVALID
4717,2,73,91,24681,31381,1,FEASIBLE,WORSE
4718,2,73,92,25471,32371,0,CAPACITY_EXCEEDED,INVALID
4719,2,73,93,25508,32408,0,CAPACITY_EXCEEDED,INVALID
4720,2,73,94,25574,32474,0,CAPACITY_EXCEEDED,INVALID
4721,2,73,95,25428,32328,0,CAPACITY_EXCEEDED,INVALID
4722,2,73,96,25497,32397,0,CAPACITY_EXCEEDED,INVALID
4723,2,73,97,24168,30868,1,FEASIBLE,WORSE
4724,2,73,98,24125,30825,1,FEASIBLE,WORSE
4725,2,73,99,24260,30960,1,FEASIBLE,WORSE
4726,2,74,75,25781,32681,0,CAPACITY_EXCEEDED,INVALID
4727,2,74,76,25981,32881,0,CAPACITY_EXCEEDED,INVALID
4728,2,74,77,26204,33104,0,CAPACITY_EXCEEDED,INVALID
4729,2,74,78,25872,32772,0,CAPACITY_EXCEEDED,INVALID
4730,2,74,79,27358,34458,0,CAPACITY_EXCEEDED,INVALID
4731,2,74,80,27146,34246,0,CAPACITY_EXCEEDED,INVALID
4732,2,74,81,25835,32735,0,CAPACITY_EXCEEDED,INVALID
4733,2,74,82,27236,34336,0,CAPACITY_EXCEEDED,INVALID
4734,2,74,83,26142,33042,0,CAPACITY_EXCEEDED,INVALID
4735,2,74,84,25861,32761,0,CAPACITY_EXCEEDED,INVALID
4736,2,74,85,25422,32322,0,CAPACITY_EXCEEDED,INVALID
4737,2,74,86,25797,32697,0,CAPACITY_EXCEEDED,INVALID
4738,2,74,87,25915,32815,0,CAPACITY_EXCEEDED,INVALID
4739,2,74,88,26105,33005,0,CAPACITY_EXCEEDED,INVALID
4740,2,74,89,25827,32727,0,CAPACITY_EXCEEDED,INVALID
4741,2,74,90,27333,34433,0,CAPACITY_EXCEEDED,INVALID
4742,2,74,91,26369,33269,0,CAPACITY_EXCEEDED,INVALID
4743,2,74,92,27159,34259,0,CAPACITY_EXCEEDED,INVALID
4744,2,74,93,27196,34296,0,CAPACITY_EXCEEDED,INVALID
4745,2,74,94,27262,34362,0,CAPACITY_EXCEEDED,INVALID
4746,2,74,95,27116,34216,0,CAPACITY_EXCEEDED,INVALID
4747,2,74,96,27185,34285,0,CAPACITY_EXCEEDED,INVALID
4748,2,74,97,25856,32756,0,CAPACITY_EXCEEDED,INVALID
4749,2,74,98,25813,32713,0,CAPACITY_EXCEEDED,INVALID
4750,2,74,99,25948,32848,0,CAPACITY_EXCEEDED,INVALID
4751,2,75,76,24403,31103,1,FEASIBLE,WORSE
4752,2,75,77,24626,31326,1,FEASIBLE,WORSE
4753,2,75,78,24294,30994,1,FEASIBLE,WORSE
4754,2,75,79,25780,32680,0,CAPACITY_EXCEEDED,INVALID
4755,2,75,80,25568,32468,0,CAPACITY_EXCEEDED,INVALID
4756,2,75,81,24257,30957,1,FEASIBLE,WORSE
4757,2,75,82,25658,32558,0,CAPACITY_EXCEEDED,INVALID
4758,2,75,83,24564,31264,1,FEASIBLE,WORSE
4759,2,75,84,24283,30983,1,FEASIBLE,WORSE
4760,2,75,85,23844,30544,1,FEASIBLE,WORSE
4761,2,75,86,24219,30919,1,FEASIBLE,WORSE
4762,2,75,87,24337,31037,1,FEASIBLE,WORSE
4763,2,75,88,24527,31227,1,FEASIBLE,WORSE
4764,2,75,89,24249,30949,1,FEASIBLE,WORSE
4765,2,75,90,25755,32655,0,CAPACITY_EXCEEDED,INVALID
4766,2,75,91,24791,31491,1,FEASIBLE,WORSE
4767,2,75,92,25581,32481,0,CAPACITY_EXCEEDED,INVALID
4768,2,75,93,25618,32518,0,CAPACITY_EXCEEDED,INVALID
4769,2,75,94,25684,32584,0,CAPACITY_EXCEEDED,INVALID
4770,2,75,95,25538,32438,0,CAPACITY_EXCEEDED,INVALID
4771,2,75,96,25607,32507,0,CAPACITY_EXCEEDED,INVALID
4772,2,75,97,24278,30978,1,FEASIBLE,WORSE
4773,2,75,98,24235,30935,1,FEASIBLE,WORSE
4774,2,75,99,24370,31070,1,FEASIBLE,WORSE
4775,2,76,77,24826,31526,1,FEASIBLE,WORSE
4776,2,76,78,24494,31194,1,FEASIBLE,WORSE
4777,2,76,79,25980,32880,0,CAPACITY_EXCEEDED,INVALID
4778,2,76,80,25768,32668,0,CAPACITY_EXCEEDED,INVALID
4779,2,76,81,24457,31157,1,FEASIBLE,WORSE
4780,2,76,82,25858,32758,0,CAPACITY_EXCEEDED,INVALID
4781,2,76,83,24764,31464,1,FEASIBLE,WORSE
4782,2,76,84,24483,31183,1,FEASIBLE,WORSE
4783,2,76,85,24044,30744,1,FEASIBLE,WORSE
4784,2,76,86,24419,31119,1,FEASIBLE,WORSE
4785,2,76,87,24537,31237,1,FEASIBLE,WORSE
4786,2,76,88,24727,31427,1,FEASIBLE,WORSE
4787,2,76,89,24449,31149,1,FEASIBLE,WORSE
4788,2,76,90,25955,32855,0,CAPACITY_EXCEEDED,INVALID
4789,2,76,91,24991,31691,1,FEASIBLE,WORSE
4790,2,76,92,25781,32681,0,CAPACITY_EXCEEDED,INVALID
4791,2,76,93,25818,32718,0,CAPACITY_EXCEEDED,INVALID
4792,2,76,94,25884,32784,0,CAPACITY_EXCEEDED,INVALID
4793,2,76,95,25738,32638,0,CAPACITY_EXCEEDED,INVALID
4794,2,76,96,25807,32707,0,CAPACITY_EXCEEDED,INVALID
4795,2,76,97,24478,31178,1,FEASIBLE,WORSE
4796,2,76,98,24435,31135,1,FEASIBLE,WORSE
4797,2,76,99,24570,31270,1,FEASIBLE,WORSE
4798,2,77,78,24717,31417,1,FEASIBLE,WORSE
4799,2,77,79,26203,33103,0,CAPACITY_EXCEEDED,INVALID
4800,2,77,80,25991,32891,0,CAPACITY_EXCEEDED,INVALID
4801,2,77,81,24680,31380,1,FEASIBLE,WORSE
4802,2,77,82,26081,32981,0,CAPACITY_EXCEEDED,INVALID
4803,2,77,83,24987,31687,1,FEASIBLE,WORSE
4804,2,77,84,24706,31406,1,FEASIBLE,WORSE
4805,2,77,85,24267,30967,1,FEASIBLE,WORSE
4806,2,77,86,24642,31342,1,FEASIBLE,WORSE
4807,2,77,87,24760,31460,1,FEASIBLE,WORSE
4808,2,77,88,24950,31650,1,FEASIBLE,WORSE
4809,2,77,89,24672,31372,1,FEASIBLE,WORSE
4810,2,77,90,26178,33078,0,CAPACITY_EXCEEDED,INVALID
4811,2,77,91,25214,31914,1,FEASIBLE,WORSE
4812,2,77,92,26004,32904,0,CAPACITY_EXCEEDED,INVALID
4813,2,77,93,26041,32941,0,CAPACITY_EXCEEDED,INVALID
4814,2,77,94,26107,33007,0,CAPACITY_EXCEEDED,INVALID
4815,2,77,95,25961,32861,0,CAPACITY_EXCEEDED,INVALID
4816,2,77,96,26030,32930,0,CAPACITY_EXCEEDED,INVALID
4817,2,77,97,24701,31401,1,FEASIBLE,WORSE
4818,2,77,98,24658,31358,1,FEASIBLE,WORSE
4819,2,77,99,24793,31493,1,FEASIBLE,WORSE
4820,2,78,79,25871,32771,0,CAPACITY_EXCEEDED,INVALID
4821,2,78,80,25659,32559,0,CAPACITY_EXCEEDED,INVALID
4822,2,78,81,24348,31048,1,FEASIBLE,WORSE
4823,2,78,82,25749,32649,0,CAPACITY_EXCEEDED,INVALID
4824,2,78,83,24655,31355,1,FEASIBLE,WORSE
4825,2,78,84,24374,31074,1,FEASIBLE,WORSE
4826,2,78,85,23935,30635,1,FEASIBLE,WORSE
4827,2,78,86,24310,31010,1,FEASIBLE,WORSE
4828,2,78,87,24428,31128,1,FEASIBLE,WORSE
4829,2,78,88,24618,31318,1,FEASIBLE,WORSE
4830,2,78,89,24340,31040,1,FEASIBLE,WORSE
4831,2,78,90,25846,32746,0,CAPACITY_EXCEEDED,INVALID
4832,2,78,91,24882,31582,1,FEASIBLE,WORSE
4833,2,78,92,25672,32572,0,CAPACITY_EXCEEDED,INVALID
4834,2,78,93,25709,32609,0,CAPACITY_EXCEEDED,INVALID
4835,2,78,94,25775,32675,0,CAPACITY_EXCEEDED,INVALID
4836,2,78,95,25629,32529,0,CAPACITY_EXCEEDED,INVALID
4837,2,78,96,25698,32598,0,CAPACITY_EXCEEDED,INVALID
4838,2,78,97,24369,31069,1,FEASIBLE,WORSE
4839,2,78,98,24326,31026,1,FEASIBLE,WORSE
4840,2,78,99,24461,31161,1,FEASIBLE,WORSE
4841,2,79,80,27145,34245,0,CAPACITY_EXCEEDED,INVALID
4842,2,79,81,25834,32734,0,CAPACITY_EXCEEDED,INVALID
4843,2,79,82,27235,34335,0,CAPACITY_EXCEEDED,INVALID
4844,2,79,83,26141,33041,0,CAPACITY_EXCEEDED,INVALID
4845,2,79,84,25860,32760,0,CAPACITY_EXCEEDED,INVALID
4846,2,79,85,25421,32321,0,CAPACITY_EXCEEDED,INVALID
4847,2,79,86,25796,32696,0,CAPACITY_EXCEEDED,INVALID
4848,2,79,87,25914,32814,0,CAPACITY_EXCEEDED,INVALID
4849,2,79,88,26104,33004,0,CAPACITY_EXCEEDED,INVALID
4850,2,79,89,25826,32726,0,CAPACITY_EXCEEDED,INVALID
4851,2,79,90,27332,34432,0,CAPACITY_EXCEEDED,INVALID
4852,2,79,91,26368,33268,0,CAPACITY_EXCEEDED,INVALID
4853,2,79,92,27158,34258,0,CAPACITY_EXCEEDED,INVALID
4854,2,79,93,27195,34295,0,CAPACITY_EXCEEDED,INVALID
4855,2,79,94,27261,34361,0,CAPACITY_EXCEEDED,INVALID
4856,2,79,95,27115,34215,0,CAPACITY_EXCEEDED,INVALID
4857,2,79,96,27184,34284,0,CAPACITY_EXCEEDED,INVALID
4858,2,79,97,25855,32755,0,CAPACITY_EXCEEDED,INVALID
4859,2,79,98,25812,32712,0,CAPACITY_EXCEEDED,INVALID
4860,2,79,99,25947,32847,0,CAPACITY_EXCEEDED,INVALID
4861,2,80,81,25622,32522,0,CAPACITY_EXCEEDED,INVALID
4862,2,80,82,27023,34123,0,CAPACITY_EXCEEDED,INVALID
4863,2,80,83,25929,32829,0,CAPACITY_EXCEEDED,INVALID
4864,2,80,84,25648,32548,0,CAPACITY_EXCEEDED,INVALID
4865,2,80,85,25209,32109,1,FEASIBLE,WORSE
4866,2,80,86,25584,32484,0,CAPACITY_EXCEEDED,INVALID
4867,2,80,87,25702,32602,0,CAPACITY_EXCEEDED,INVALID
4868,2,80,88,25892,32792,0,CAPACITY_EXCEEDED,INVALID
4869,2,80,89,25614,32514,0,CAPACITY_EXCEEDED,INVALID
4870,2,80,90,27120,34220,0,CAPACITY_EXCEEDED,INVALID
4871,2,80,91,26156,33056,0,CAPACITY_EXCEEDED,INVALID
4872,2,80,92,26946,34046,0,CAPACITY_EXCEEDED,INVALID
4873,2,80,93,26983,34083,0,CAPACITY_EXCEEDED,INVALID
4874,2,80,94,27049,34149,0,CAPACITY_EXCEEDED,INVALID
4875,2,80,95,26903,34003,0,CAPACITY_EXCEEDED,INVALID
4876,2,80,96,26972,34072,0,CAPACITY_EXCEEDED,INVALID
4877,2,80,97,25643,32543,0,CAPACITY_EXCEEDED,INVALID
4878,2,80,98,25600,32500,0,CAPACITY_EXCEEDED,INVALID
4879,2,80,99,25735,32635,0,CAPACITY_EXCEEDED,INVALID
4880,2,81,82,25712,32612,0,CAPACITY_EXCEEDED,INVALID
4881,2,81,83,24618,31318,1,FEASIBLE,WORSE
4882,2,81,84,24337,31037,1,FEASIBLE,WORSE
4883,2,81,85,23898,30598,1,FEASIBLE,WORSE
4884,2,81,86,24273,30973,1,FEASIBLE,WORSE
4885,2,81,87,24391,31091,1,FEASIBLE,WORSE
4886,2,81,88,24581,31281,1,FEASIBLE,WORSE
4887,2,81,89,24303,31003,1,FEASIBLE,WORSE
4888,2,81,90,25809,32709,0,CAPACITY_EXCEEDED,INVALID
4889,2,81,91,24845,31545,1,FEASIBLE,WORSE
4890,2,81,92,25635,32535,0,CAPACITY_EXCEEDED,INVALID
4891,2,81,93,25672,32572,0,CAPACITY_EXCEEDED,INVALID
4892,2,81,94,25738,32638,0,CAPACITY_EXCEEDED,INVALID
4893,2,81,95,25592,32492,0,CAPACITY_EXCEEDED,INVALID
4894,2,81,96,25661,32561,0,CAPACITY_EXCEEDED,INVALID
4895,2,81,97,24332,31032,1,FEASIBLE,WORSE
4896,2,81,98,24289,30989,1,FEASIBLE,WORSE
4897,2,81,99,24424,31124,1,FEASIBLE,WORSE
4898,2,82,83,26019,32919,0,CAPACITY_EXCEEDED,INVALID
4899,2,82,84,25738,32638,0,CAPACITY_EXCEEDED,INVALID
4900,2,82,85,25299,32199,1,FEASIBLE,WORSE
4901,2,82,86,25674,32574,0,CAPACITY_EXCEEDED,INVALID
4902,2,82,87,25792,32692,0,CAPACITY_EXCEEDED,INVALID
4903,2,82,88,25982,32882,0,CAPACITY_EXCEEDED,INVALID
4904,2,82,89,25704,32604,0,CAPACITY_EXCEEDED,INVALID
4905,2,82,90,27210,34310,0,CAPACITY_EXCEEDED,INVALID
4906,2,82,91,26246,33146,0,CAPACITY_EXCEEDED,INVALID
4907,2,82,92,27036,34136,0,CAPACITY_EXCEEDED,INVALID
4908,2,82,93,27073,34173,0,CAPACITY_EXCEEDED,INVALID
4909,2,82,94,27139,34239,0,CAPACITY_EXCEEDED,INVALID
4910,2,82,95,26993,34093,0,CAPACITY_EXCEEDED,INVALID
4911,2,82,96,27062,34162,0,CAPACITY_EXCEEDED,INVALID
4912,2,82,97,25733,32633,0,CAPACITY_EXCEEDED,INVALID
4913,2,82,98,25690,32590,0,CAPACITY_EXCEEDED,INVALID
4914,2,82,99,25825,32725,0,CAPACITY_EXCEEDED,INVALID
4915,2,83,84,24644,31344,1,FEASIBLE,WORSE
4916,2,83,85,24205,30905,1,FEASIBLE,WORSE
4917,2,83,86,24580,31280,1,FEASIBLE,WORSE
4918,2,83,87,24698,31398,1,FEASIBLE,WORSE
4919,2,83,88,24888,31588,1,FEASIBLE,WORSE
4920,2,83,89,24610,31310,1,FEASIBLE,WORSE
4921,2,83,90,26116,33016,0,CAPACITY_EXCEEDED,INVALID
4922,2,83,91,25152,31852,1,FEASIBLE,WORSE
4923,2,83,92,25942,32842,0,CAPACITY_EXCEEDED,INVALID
4924,2,83,93,25979,32879,0,CAPACITY_EXCEEDED,INVALID
4925,2,83,94,26045,32945,0,CAPACITY_EXCEEDED,INVALID
4926,2,83,95,25899,32799,0,CAPACITY_EXCEEDED,INVALID
4927,2,83,96,25968,32868,0,CAPACITY_EXCEEDED,INVALID
4928,2,83,97,24639,31339,1,FEASIBLE,WORSE
4929,2,83,98,24596,31296,1,FEASIBLE,WORSE
4930,2,83,99,24731,31431,1,FEASIBLE,WORSE
4931,2,84,85,23924,30624,1,FEASIBLE,WORSE
4932,2,84,86,24299,30999,1,FEASIBLE,WORSE
4933,2,84,87,24417,31117,1,FEASIBLE,WORSE
4934,2,84,88,24607,31307,1,FEASIBLE,WORSE
4935,2,84,89,24329,31029,1,FEASIBLE,WORSE
4936,2,84,90,25835,32735,0,CAPACITY_EXCEEDED,INVALID
4937,2,84,91,24871,31571,1,FEASIBLE,WORSE
4938,2,84,92,25661,32561,0,CAPACITY_EXCEEDED,INVALID
4939,2,84,93,25698,32598,0,CAPACITY_EXCEEDED,INVALID
4940,2,84,94,25764,32664,0,CAPACITY_EXCEEDED,INVALID
4941,2,84,95,25618,32518,0,CAPACITY_EXCEEDED,INVALID
4942,2,84,96,25687,32587,0,CAPACITY_EXCEEDED,INVALID
4943,2,84,97,24358,31058,1,FEASIBLE,WORSE
4944,2,84,98,24315,31015,1,FEASIBLE,WORSE
4945,2,84,99,24450,31150,1,FEASIBLE,WORSE
4946,2,85,86,23860,30560,1,FEASIBLE,WORSE
4947,2,85,87,23978,30678,1,FEASIBLE,WORSE
4948,2,85,88,24168,30868,1,FEASIBLE,WORSE
4949,2,85,89,23890,30590,1,FEASIBLE,WORSE
4950,2,85,90,25396,32296,0,CAPACITY_EXCEEDED,INVALID
4951,2,85,91,24432,31132,1,FEASIBLE,WORSE
4952,2,85,92,25222,32122,1,FEASIBLE,WORSE
4953,2,85,93,25259,32159,1,FEASIBLE,WORSE
4954,2,85,94,25325,32225,1,FEASIBLE,WORSE
4955,2,85,95,25179,32079,1,FEASIBLE,WORSE
4956,2,85,96,25248,32148,1,FEASIBLE,WORSE
4957,2,85,97,23919,30619,1,FEASIBLE,WORSE
4958,2,85,98,23876,30576,1,FEASIBLE,WORSE
4959,2,85,99,24011,30711,1,FEASIBLE,WORSE
4960,2,86,87,24353,31053,1,FEASIBLE,WORSE
4961,2,86,88,24543,31243,1,FEASIBLE,WORSE
4962,2,86,89,24265,30965,1,FEASIBLE,WORSE
4963,2,86,90,25771,32671,0,CAPACITY_EXCEEDED,INVALID
4964,2,86,91,24807,31507,1,FEASIBLE,WORSE
4965,2,86,92,25597,32497,0,CAPACITY_EXCEEDED,INVALID
4966,2,86,93,25634,32534,0,CAPACITY_EXCEEDED,INVALID
4967,2,86,94,25700,32600,0,CAPACITY_EXCEEDED,INVALID
4968,2,86,95,25554,32454,0,CAPACITY_EXCEEDED,INVALID
4969,2,86,96,25623,32523,0,CAPACITY_EXCEEDED,INVALID
4970,2,86,97,24294,30994,1,FEASIBLE,WORSE
4971,2,86,98,24251,30951,1,FEASIBLE,WORSE
4972,2,86,99,24386,31086,1,FEASIBLE,WORSE
4973,2,87,88,24661,31361,1,FEASIBLE,WORSE
4974,2,87,89,24383,31083,1,FEASIBLE,WORSE
4975,2,87,90,25889,32789,0,CAPACITY_EXCEEDED,INVALID
4976,2,87,91,24925,31625,1,FEASIBLE,WORSE
4977,2,87,92,25715,32615,0,CAPACITY_EXCEEDED,INVALID
4978,2,87,93,25752,32652,0,CAPACITY_EXCEEDED,INVALID
4979,2,87,94,25818,32718,0,CAPACITY_EXCEEDED,INVALID
4980,2,87,95,25672,32572,0,CAPACITY_EXCEEDED,INVALID
4981,2,87,96,25741,32641,0,CAPACITY_EXCEEDED,INVALID
4982,2,87,97,24412,31112,1,FEASIBLE,WORSE
4983,2,87,98,24369,31069,1,FEASIBLE,WORSE
4984,2,87,99,24504,31204,1,FEASIBLE,WORSE
4985,2,88,89,24573,31273,1,FEASIBLE,WORSE
4986,2,88,90,26079,32979,0,CAPACITY_EXCEEDED,INVALID
4987,2,88,91,25115,31815,1,FEASIBLE,WORSE
4988,2,88,92,25905,32805,0,CAPACITY_EXCEEDED,INVALID
4989,2,88,93,25942,32842,0,CAPACITY_EXCEEDED,INVALID
4990,2,88,94,26008,32908,0,CAPACITY_EXCEEDED,INVALID
4991,2,88,95,25862,32762,0,CAPACITY_EXCEEDED,INVALID
4992,2,88,96,25931,32831,0,CAPACITY_EXCEEDED,INVALID
4993,2,88,97,24602,31302,1,FEASIBLE,WORSE
4994,2,88,98,24559,31259,1,FEASIBLE,WORSE
4995,2,88,99,24694,31394,1,FEASIBLE,WORSE
4996,2,89,90,25801,32701,0,CAPACITY_EXCEEDED,INVALID
4997,2,89,91,24837,31537,1,FEASIBLE,WORSE
4998,2,89,92,25627,32527,0,CAPACITY_EXCEEDED,INVALID
4999,2,89,93,25664,32564,0,CAPACITY_EXCEEDED,INVALID
5000,2,89,94,25730,32630,0,CAPACITY_EXCEEDED,INVALID
5001,2,89,95,25584,32484,0,CAPACITY_EXCEEDED,INVALID
5002,2,89,96,25653,32553,0,CAPACITY_EXCEEDED,INVALID
5003,2,89,97,24324,31024,1,FEASIBLE,WORSE
5004,2,89,98,24281,30981,1,FEASIBLE,WORSE
5005,2,89,99,24416,31116,1,FEASIBLE,WORSE
5006,2,90,91,26343,33243,0,CAPACITY_EXCEEDED,INVALID
5007,2,90,92,27133,34233,0,CAPACITY_EXCEEDED,INVALID
5008,2,90,93,27170,34270,0,CAPACITY_EXCEEDED,INVALID
5009,2,90,94,27236,34336,0,CAPACITY_EXCEEDED,INVALID
5010,2,90,95,27090,34190,0,CAPACITY_EXCEEDED,INVALID
5011,2,90,96,27159,34259,0,CAPACITY_EXCEEDED,INVALID
5012,2,90,97,25830,32730,0,CAPACITY_EXCEEDED,INVALID
5013,2,90,98,25787,32687,0,CAPACITY_EXCEEDED,INVALID
5014,2,90,99,25922,32822,0,CAPACITY_EXCEEDED,INVALID
5015,2,91,92,26169,33069,0,CAPACITY_EXCEEDED,INVALID
5016,2,91,93,26206,33106,0,CAPACITY_EXCEEDED,INVALID
5017,2,91,94,26272,33172,0,CAPACITY_EXCEEDED,INVALID
5018,2,91,95,26126,33026,0,CAPACITY_EXCEEDED,INVALID
5019,2,91,96,26195,33095,0,CAPACITY_EXCEEDED,INVALID
5020,2,91,97,24866,31566,1,FEASIBLE,WORSE
5021,2,91,98,24823,31523,1,FEASIBLE,WORSE
5022,2,91,99,24958,31658,1,FEASIBLE,WORSE
5023,2,92,93,26996,34096,0,CAPACITY_EXCEEDED,INVALID
5024,2,92,94,27062,34162,0,CAPACITY_EXCEEDED,INVALID
5025,2,92,95,26916,34016,0,CAPACITY_EXCEEDED,INVALID
5026,2,92,96,26985,34085,0,CAPACITY_EXCEEDED,INVALID
5027,2,92,97,25656,32556,0,CAPACITY_EXCEEDED,INVALID
5028,2,92,98,25613,32513,0,CAPACITY_EXCEEDED,INVALID
5029,2,92,99,25748,32648,0,CAPACITY_EXCEEDED,INVALID
5030,2,93,94,27099,34199,0,CAPACITY_EXCEEDED,INVALID
5031,2,93,95,26953,34053,0,CAPACITY_EXCEEDED,INVALID
5032,2,93,96,27022,34122,0,CAPACITY_EXCEEDED,INVALID
5033,2,93,97,25693,32593,0,CAPACITY_EXCEEDED,INVALID
5034,2,93,98,25650,32550,0,CAPACITY_EXCEEDED,INVALID
5035,2,93,99,25785,32685,0,CAPACITY_EXCEEDED,INVALID
5036,2,94,95,27019,34119,0,CAPACITY_EXCEEDED,INVALID
5037,2,94,96,27088,34188,0,CAPACITY_EXCEEDED,INVALID
5038,2,94,97,25759,32659,0,CAPACITY_EXCEEDED,INVALID
5039,2,94,98,25716,32616,0,CAPACITY_EXCEEDED,INVALID
5040,2,94,99,25851,32751,0,CAPACITY_EXCEEDED,INVALID
5041,2,95,96,26942,34042,0,CAPACITY_EXCEEDED,INVALID
5042,2,95,97,25613,32513,0,CAPACITY_EXCEEDED,INVALID
5043,2,95,98,25570,32470,0,CAPACITY_EXCEEDED,INVALID
5044,2,95,99,25705,32605,0,CAPACITY_EXCEEDED,INVALID
5045,2,96,97,25682,32582,0,CAPACITY_EXCEEDED,INVALID
5046,2,96,98,25639,32539,0,CAPACITY_EXCEEDED,INVALID
5047,2,96,99,25774,32674,0,CAPACITY_EXCEEDED,INVALID
5048,2,97,98,24310,31010,1,FEASIBLE,WORSE
5049,2,97,99,24445,31145,1,FEASIBLE,WORSE
5050,2,98,99,24402,31102,1,FEASIBLE,WORSE
